[0.7502657341957092, 1.0, 0.07377870808350695, 0.06558107385200618, 0.06558107385200618, 0.875, 0.875, 0.6335914318378155, 0.5273343179475833, 0.315943265732331, 0.315943265732331, 1.0, 1.0, 0.3668412646591884, 0.7529621124267578, 0.6560685634613037, 0.6910684108734131]
[0.7502657341957092, 1.0, 0.07377870808350695, 0.06558107385200618, 0.06558107385200618, 0.875, 0.875, 0.6335914318378155, 0.5273343179475833, 0.315943265732331, 0.315943265732331, 1.0, 1.0, 0.3668412646591884, 0.8279621601104736, 0.6560685634613037, 0.6910684108734131]
[0.2608719635009765, 0.31047443235026695, 0.5414665560634926, 0.9116119384774394, 0.5407248933800558, 0.875, 0.875, 0.6335914318378155, 0.5273343179475833, 0.3178545904268878, 0.3178545904268878, 1.0, 1.0, 0.3668412646591884, 0.8279621601104736, 0.6560685634613037, 0.6910684108734131]
[0.7502657341957092, 1.0, 0.07377870808350695, 0.06558107385200618, 0.06558107385200618, 0.875, 0.875, 0.6335914318378155, 0.5273343179475833, 0.315943265732331, 0.315943265732331, 1.0, 1.0, 0.3668412646591884, 0.8379621505737305, 0.6560685634613037, 0.6910684108734131]
[0.7502657341957092, 1.0, 0.07377870808350695, 0.06558107385200618, 0.06558107385200618, 0.875, 0.875, 0.6335914318378155, 0.5273343179475833, 0.315943265732331, 0.315943265732331, 1.0, 1.0, 0.3668412646591884, 0.5979621410369873, 0.6560685634613037, 0.6910684108734131]
[0.7502657341957092, 1.0, 0.07675394550398762, 0.06822572933687789, 0.06822572933687789, 0.875, 0.875, 0.6335914318378155, 0.5273343179475833, 0.3331407174738216, 0.3331407174738216, 1.0, 1.0, 0.3668412646591884, 0.6729621887207031, 0.6560685634613037, 0.6910684108734131]
[0.7502657341957092, 1.0, 0.07675394550398762, 0.06822572933687789, 0.06822572933687789, 0.875, 0.875, 0.6335914318378155, 0.5273343179475833, 0.3331407174738216, 0.3331407174738216, 1.0, 1.0, 0.3668412646591884, 0.8279621601104736, 0.6560685634613037, 0.6910684108734131]
[0.7502657341957092, 1.0, 0.07377870808350695, 0.06558107385200618, 0.06558107385200618, 0.875, 0.875, 0.6335914318378155, 0.5273343179475833, 0.315943265732331, 0.315943265732331, 1.0, 1.0, 0.3668412646591884, 0.5979621410369873, 0.6560685634613037, 0.6910684108734131]
[0.7502657341957092, 1.0, 0.07675394550398762, 0.06822572933687789, 0.06822572933687789, 0.875, 0.875, 0.6335914318378155, 0.5273343179475833, 0.3331407174738216, 0.3331407174738216, 1.0, 1.0, 0.3668412646591884, 0.8379621505737305, 0.6560685634613037, 0.6910684108734131]
[0.2608719635009765, 0.31047443235026695, 0.5414665560634926, 0.9116119384774394, 0.5407248933800558, 0.875, 0.875, 0.6335914318378155, 0.5273343179475833, 0.3178545904268878, 0.3178545904268878, 1.0, 1.0, 0.3668412646591884, 0.6729621887207031, 0.6560685634613037, 0.6910684108734131]
[0.7502657341957092, 1.0, 0.07377870808350695, 0.06558107385200618, 0.06558107385200618, 0.875, 0.875, 0.6335914318378155, 0.5273343179475833, 0.315943265732331, 0.315943265732331, 1.0, 1.0, 0.3668412646591884, 0.6729621887207031, 0.6560685634613037, 0.6910684108734131]
[0.7502657341957092, 1.0, 0.07675394550398762, 0.06822572933687789, 0.06822572933687789, 0.875, 0.875, 0.6335914318378155, 0.5273343179475833, 0.3331407174738216, 0.3331407174738216, 1.0, 1.0, 0.3668412646591884, 0.6729621887207031, 0.6560685634613037, 0.6910684108734131]
[0.7502657341957092, 1.0, 0.07675394550398762, 0.06822572933687789, 0.06822572933687789, 0.875, 0.875, 0.6335914318378155, 0.5273343179475833, 0.3331407174738216, 0.3331407174738216, 1.0, 1.0, 0.3668412646591884, 0.5979621410369873, 0.6560685634613037, 0.6910684108734131]
[0.2608719635009765, 0.31047443235026695, 0.5414665560634926, 0.9116119384774394, 0.5407248933800558, 0.875, 0.875, 0.6335914318378155, 0.5273343179475833, 0.3178545904268878, 0.3178545904268878, 1.0, 1.0, 0.3668412646591884, 0.672961950302124, 0.6560685634613037, 0.6910684108734131]
[0.7502657341957092, 1.0, 0.07675394550398762, 0.06822572933687789, 0.06822572933687789, 0.875, 0.875, 0.6335914318378155, 0.5273343179475833, 0.3331407174738216, 0.3331407174738216, 1.0, 1.0, 0.3668412646591884, 0.7529621124267578, 0.6560685634613037, 0.6910684108734131]
[0.2608719635009765, 0.31047443235026695, 0.5414665560634926, 0.9116119384774394, 0.5407248933800558, 0.875, 0.875, 0.6335914318378155, 0.5273343179475833, 0.3178545904268878, 0.3178545904268878, 1.0, 1.0, 0.3668412646591884, 0.7529621124267578, 0.6560685634613037, 0.6910684108734131]
[0.2608719635009765, 0.31047443235026695, 0.5414665560634926, 0.9116119384774394, 0.5407248933800558, 0.875, 0.875, 0.6335914318378155, 0.5273343179475833, 0.3178545904268878, 0.3178545904268878, 1.0, 1.0, 0.3668412646591884, 0.8379621505737305, 0.6560685634613037, 0.6910684108734131]
[0.2608719635009765, 0.31047443235026695, 0.5414665560634926, 0.9116119384774394, 0.5407248933800558, 0.875, 0.875, 0.6335914318378155, 0.5273343179475833, 0.3178545904268878, 0.3178545904268878, 1.0, 1.0, 0.3668412646591884, 0.5979621410369873, 0.6560685634613037, 0.6910684108734131]
[0.7502657341957092, 1.0, 0.07377870808350695, 0.06558107385200618, 0.06558107385200618, 0.875, 0.875, 0.6335914318378155, 0.5273343179475833, 0.315943265732331, 0.315943265732331, 1.0, 1.0, 0.3668412646591884, 0.6729621887207031, 0.6560685634613037, 0.6910684108734131]
[0.7502657341957092, 1.0, 0.07377870808350695, 0.06558107385200618, 0.06558107385200618, 0.875, 0.875, 0.6335914318378155, 0.5273343179475833, 0.315943265732331, 0.315943265732331, 1.0, 1.0, 0.3668412646591884, 0.68296217918396, 0.6560685634613037, 0.6910684108734131]
[0.7502657341957092, 1.0, 0.07377870808350695, 0.06558107385200618, 0.06558107385200618, 0.875, 0.875, 0.6335914318378155, 0.5273343179475833, 0.315943265732331, 0.315943265732331, 1.0, 1.0, 0.3668412646591884, 0.7579622268676758, 0.6560685634613037, 0.6910684108734131]
[0.2608719635009765, 0.31047443235026695, 0.5414665560634926, 0.9116119384774394, 0.5407248933800558, 0.875, 0.875, 0.6335914318378155, 0.5273343179475833, 0.3178545904268878, 0.3178545904268878, 1.0, 1.0, 0.3668412646591884, 0.7579622268676758, 0.6560685634613037, 0.6910684108734131]
[0.2608719635009765, 0.31047443235026695, 0.5414665560634926, 0.9116119384774394, 0.5407248933800558, 0.875, 0.875, 0.6335914318378155, 0.5273343179475833, 0.3178545904268878, 0.3178545904268878, 1.0, 1.0, 0.3668412646591884, 0.5979621410369873, 0.6560685634613037, 0.6910684108734131]
[0.7502657341957092, 1.0, 0.07377870808350695, 0.06558107385200618, 0.06558107385200618, 0.875, 0.875, 0.6335914318378155, 0.5273343179475833, 0.315943265732331, 0.315943265732331, 1.0, 1.0, 0.3668412646591884, 0.68296217918396, 0.6560685634613037, 0.6910684108734131]
[0.2608719635009765, 0.31047443235026695, 0.5414665560634926, 0.9116119384774394, 0.5407248933800558, 0.875, 0.875, 0.6335914318378155, 0.5273343179475833, 0.3178545904268878, 0.3178545904268878, 1.0, 1.0, 0.3668412646591884, 0.6729621887207031, 0.6560685634613037, 0.6910684108734131]
[0.7502657341957092, 1.0, 0.07675394550398762, 0.06822572933687789, 0.06822572933687789, 0.875, 0.875, 0.6335914318378155, 0.5273343179475833, 0.3331407174738216, 0.3331407174738216, 1.0, 1.0, 0.3668412646591884, 0.68296217918396, 0.6560685634613037, 0.6910684108734131]
[0.2608719635009765, 0.31047443235026695, 0.5414665560634926, 0.9116119384774394, 0.5407248933800558, 0.875, 0.875, 0.6335914318378155, 0.5273343179475833, 0.3178545904268878, 0.3178545904268878, 1.0, 1.0, 0.3668412646591884, 0.6029620170593262, 0.6560685634613037, 0.6910684108734131]
[0.2608719635009765, 0.31047443235026695, 0.5414665560634926, 0.9116119384774394, 0.5407248933800558, 0.875, 0.875, 0.6335914318378155, 0.5273343179475833, 0.3178545904268878, 0.3178545904268878, 1.0, 1.0, 0.3668412646591884, 0.6029622554779053, 0.6560685634613037, 0.6910684108734131]
[0.7502657341957092, 1.0, 0.07675394550398762, 0.06822572933687789, 0.06822572933687789, 0.875, 0.875, 0.6335914318378155, 0.5273343179475833, 0.3331407174738216, 0.3331407174738216, 1.0, 1.0, 0.3668412646591884, 0.68296217918396, 0.6560685634613037, 0.6910684108734131]
[0.7502657341957092, 1.0, 0.07377870808350695, 0.06558107385200618, 0.06558107385200618, 0.875, 0.875, 0.6335914318378155, 0.5273343179475833, 0.315943265732331, 0.315943265732331, 1.0, 1.0, 0.3668412646591884, 0.5179619789123535, 0.6560685634613037, 0.6910684108734131]
[0.7502657341957092, 1.0, 0.07675394550398762, 0.06822572933687789, 0.06822572933687789, 0.875, 0.875, 0.4499318049504207, 0.3784785286718242, 0.5721117539072509, 0.5721117539072509, 1.0, 1.0, 0.26328941124996463, 0.7529621124267578, 0.6560685634613037, 0.6910684108734131]
[0.7502657341957092, 1.0, 0.07675394550398762, 0.06822572933687789, 0.06822572933687789, 0.875, 0.875, 0.6335914318378155, 0.5273343179475833, 0.3331407174738216, 0.3331407174738216, 1.0, 1.0, 0.3668412646591884, 0.672961950302124, 0.6560685634613037, 0.6910684108734131]
[0.7502657341957092, 1.0, 0.07675394550398762, 0.06822572933687789, 0.06822572933687789, 0.875, 0.875, 0.6335914318378155, 0.5273343179475833, 0.3331407174738216, 0.3331407174738216, 1.0, 1.0, 0.3668412646591884, 0.7579622268676758, 0.6560685634613037, 0.6910684108734131]
[0.2608719635009765, 0.31047443235026695, 0.5414665560634926, 0.9116119384774394, 0.5407248933800558, 0.875, 0.875, 0.6335914318378155, 0.5273343179475833, 0.3178545904268878, 0.3178545904268878, 1.0, 1.0, 0.3668412646591884, 0.7529621124267578, 0.6560685634613037, 0.6910684108734131]
[0.7502657341957092, 1.0, 0.07675394550398762, 0.06822572933687789, 0.06822572933687789, 0.875, 0.875, 0.6335914318378155, 0.5273343179475833, 0.3331407174738216, 0.3331407174738216, 1.0, 1.0, 0.3668412646591884, 0.672961950302124, 0.6560685634613037, 0.6910684108734131]
[0.2608719635009765, 0.31047443235026695, 0.5414665560634926, 0.9116119384774394, 0.5407248933800558, 0.875, 0.875, 0.5604096926175631, 0.5390377291452139, 0.827672852270745, 0.827672852270745, 1.0, 1.0, 0.3668412646591884, 0.672961950302124, 0.6560685634613037, 0.6910684108734131]
[0.7502657341957092, 1.0, 0.07675394550398762, 0.06822572933687789, 0.06822572933687789, 0.875, 0.875, 0.6335914318378155, 0.5273343179475833, 0.3331407174738216, 0.3331407174738216, 1.0, 1.0, 0.3668412646591884, 0.5979621410369873, 0.6560685634613037, 0.6910684108734131]
[0.7502657341957092, 1.0, 0.07377870808350695, 0.06558107385200618, 0.06558107385200618, 0.875, 0.875, 0.583195319542518, 0.516835469506523, 0.7081068856075043, 1.0, 1.0, 0.8645578168605973, 0.3668412646591884, 0.6029622554779053, 0.6560685634613037, 0.6910684108734131]
[0.7502657341957092, 1.0, 0.07377870808350695, 0.06558107385200618, 0.06558107385200618, 0.875, 0.875, 0.6335914318378155, 0.5273343179475833, 0.315943265732331, 0.315943265732331, 1.0, 1.0, 0.3668412646591884, 0.4429619312286377, 0.6560685634613037, 0.6910684108734131]
[0.7502657341957092, 1.0, 0.07377870808350695, 0.06558107385200618, 0.06558107385200618, 0.875, 0.875, 0.6219480954683744, 0.516835469506523, 0.7081068856075043, 1.0, 1.0, 0.8645578168605973, 0.3668412646591884, 0.7579619884490967, 0.6560685634613037, 0.6910684108734131]
[0.2608719635009765, 0.31047443235026695, 0.5506905550438344, 0.9195242651465847, 0.5407248933800558, 0.875, 0.875, 0.6335914318378155, 0.5273343179475833, 0.30467784669071546, 0.30467784669071546, 1.0, 1.0, 0.3668412646591884, 0.8279621601104736, 0.6560685634613037, 0.6910684108734131]
[0.6849250960350036, 0.21133713126573905, 0.5569423753013795, 0.9643016991370589, 0.5407248933800558, 0.875, 0.875, 0.6335914318378155, 0.5273343179475833, 0.2724481993084419, 0.2724481993084419, 1.0, 1.0, 0.3668412646591884, 0.5279624462127686, 0.6560685634613037, 0.6910684108734131]
[0.7502657341957092, 1.0, 0.07675394550398762, 0.06822572933687789, 0.06822572933687789, 0.875, 0.875, 0.6335914318378155, 0.5273343179475833, 0.3331407174738216, 0.3331407174738216, 1.0, 1.0, 0.3668412646591884, 0.5179619789123535, 0.6560685634613037, 0.6910684108734131]
[0.7502657341957092, 1.0, 0.07377870808350695, 0.06558107385200618, 0.06558107385200618, 0.875, 0.875, 0.6335914318378155, 0.5273343179475833, 0.315943265732331, 0.315943265732331, 1.0, 1.0, 0.3668412646591884, 0.7579622268676758, 0.6560685634613037, 0.6910684108734131]
[0.7502657341957092, 1.0, 0.07377870808350695, 0.06558107385200618, 0.06558107385200618, 0.875, 0.875, 0.6335914318378155, 0.5273343179475833, 0.315943265732331, 0.315943265732331, 1.0, 1.0, 0.3668412646591884, 0.6029620170593262, 0.6560685634613037, 0.6910684108734131]
[0.2608719635009765, 0.31047443235026695, 0.5414665560634926, 0.9116119384774394, 0.5407248933800558, 0.875, 0.875, 0.6335914318378155, 0.5273343179475833, 0.3178545904268878, 0.3178545904268878, 1.0, 1.0, 0.3668412646591884, 0.68296217918396, 0.6560685634613037, 0.6910684108734131]
[0.7502657341957092, 1.0, 0.08300084862559054, 0.07377853211163604, 0.07377853211163604, 0.875, 0.875, 0.5955030001126803, 0.5072886644317702, 0.6979667258492566, 1.0, 1.0, 0.8649218979267047, 0.3668412646591884, 0.7529621124267578, 0.6560685634613037, 0.6910684108734131]
[0.7502657341957092, 1.0, 0.07993481290705173, 0.07105316702849043, 0.07105316702849043, 0.875, 0.875, 0.6335914318378155, 0.5273343179475833, 0.30545915972901794, 0.30545915972901794, 1.0, 1.0, 0.3668412646591884, 0.8279621601104736, 0.6560685634613037, 0.6910684108734131]
[0.2608719635009765, 0.31047443235026695, 0.5414665560634926, 0.9116119384774394, 0.5407248933800558, 0.875, 0.875, 0.6335914318378155, 0.5273343179475833, 0.3178545904268878, 0.3178545904268878, 1.0, 1.0, 0.3668412646591884, 0.5179622173309326, 0.6560685634613037, 0.6910684108734131]
[0.2608719635009765, 0.31047443235026695, 0.5414665560634926, 0.9116119384774394, 0.5407248933800558, 0.875, 0.875, 0.5262722602257361, 0.5166350564375803, 0.6821725421130151, 1.0, 1.0, 0.8697730961787237, 0.3668412646591884, 0.68296217918396, 0.6560685634613037, 0.6910684108734131]
[0.2608719635009765, 0.31047443235026695, 0.5414665560634926, 0.9116119384774394, 0.5407248933800558, 0.875, 0.875, 0.45674998943622297, 0.5166350564375803, 0.8156953034316403, 1.0, 1.0, 0.8187420718861785, 0.3668412646591884, 0.7529621124267578, 0.6560685634613037, 0.6910684108734131]
[0.2608719635009765, 0.31047443235026695, 0.5414665560634926, 0.9116119384774394, 0.5407248933800558, 0.875, 0.875, 0.6335914318378155, 0.5273343179475833, 0.3178545904268878, 0.3178545904268878, 1.0, 1.0, 0.3668412646591884, 0.5279619693756104, 0.6560685634613037, 0.6910684108734131]
[0.7502657341957092, 1.0, 0.08300518278762925, 0.07378238470011489, 0.07378238470011489, 0.875, 0.875, 0.5629039177527795, 0.508536018060337, 0.9684861168934118, 1.0, 1.0, 0.9819504856058312, 0.3668412646591884, 0.8279621601104736, 0.6560685634613037, 0.6910684108734131]
[0.2608719635009765, 0.31047443235026695, 0.5414665560634926, 0.9116119384774394, 0.5407248933800558, 0.875, 0.875, 0.5111789703369141, 0.5390377291452139, 0.827672852270745, 0.827672852270745, 1.0, 1.0, 0.3668412646591884, 0.68296217918396, 0.6560685634613037, 0.6910684108734131]
[0.7502657341957092, 1.0, 0.07675394550398762, 0.06822572933687789, 0.06822572933687789, 0.875, 0.875, 0.6335914318378155, 0.5273343179475833, 0.3331407174738216, 0.3331407174738216, 1.0, 1.0, 0.3668412646591884, 0.68296217918396, 0.6560685634613037, 0.6910684108734131]
[0.7502657341957092, 1.0, 0.07377870808350695, 0.06558107385200618, 0.06558107385200618, 0.875, 0.875, 0.5216567699725811, 0.516835469506523, 0.7081068856075043, 1.0, 1.0, 0.8645578168605973, 0.3668412646591884, 0.672961950302124, 0.6560685634613037, 0.6910684108734131]
[0.7502657341957092, 1.0, 0.07377870808350695, 0.06558107385200618, 0.06558107385200618, 0.875, 0.875, 0.6335914318378155, 0.5273343179475833, 0.315943265732331, 0.315943265732331, 1.0, 1.0, 0.3668412646591884, 0.5279624462127686, 0.6560685634613037, 0.6910684108734131]
[0.7502657341957092, 1.0, 0.07675394550398762, 0.06822572933687789, 0.06822572933687789, 0.875, 0.875, 0.6335914318378155, 0.5273343179475833, 0.3331407174738216, 0.3331407174738216, 1.0, 1.0, 0.3668412646591884, 0.6029620170593262, 0.6560685634613037, 0.6910684108734131]
[0.2608719635009765, 0.31047443235026695, 0.5414665560634926, 0.9116119384774394, 0.5407248933800558, 0.875, 0.875, 0.6335914318378155, 0.5273343179475833, 0.3178545904268878, 0.3178545904268878, 1.0, 1.0, 0.3668412646591884, 0.68296217918396, 0.6560685634613037, 0.6910684108734131]
[0.7502657341957092, 1.0, 0.07675394550398762, 0.06822572933687789, 0.06822572933687789, 0.875, 0.875, 0.6335914318378155, 0.5273343179475833, 0.3331407174738216, 0.3331407174738216, 1.0, 1.0, 0.3668412646591884, 0.7579622268676758, 0.6560685634613037, 0.6910684108734131]
[0.7502657341957092, 1.0, 0.07377870808350695, 0.06558107385200618, 0.06558107385200618, 0.875, 0.875, 0.6335914318378155, 0.5273343179475833, 0.315943265732331, 0.315943265732331, 1.0, 1.0, 0.3668412646591884, 0.68296217918396, 0.6560685634613037, 0.6910684108734131]
[0.2608719635009765, 0.31047443235026695, 0.5414665560634926, 0.9116119384774394, 0.5407248933800558, 0.875, 0.875, 0.5857943021334134, 0.5390377291452139, 0.827672852270745, 0.827672852270745, 1.0, 1.0, 0.3668412646591884, 0.672961950302124, 0.6560685634613037, 0.6910684108734131]
[0.7502657341957092, 1.0, 0.07377870808350695, 0.06558107385200618, 0.06558107385200618, 0.875, 0.875, 0.6119481600247897, 0.549967710375246, 0.827672852270745, 0.827672852270745, 1.0, 1.0, 0.3668412646591884, 0.7529621124267578, 0.6560685634613037, 0.6910684108734131]
[0.7502657341957092, 1.0, 0.07675394550398762, 0.06822572933687789, 0.06822572933687789, 0.875, 0.875, 0.33953563983623797, 0.5277650202613665, 0.9684861168934118, 1.0, 1.0, 0.7606803158050666, 0.3668412646591884, 0.7529621124267578, 0.6560685634613037, 0.6910684108734131]
[0.2608719635009765, 0.31047443235026695, 0.5414665560634926, 0.9116119384774394, 0.5407248933800558, 0.875, 0.875, 0.6335914318378155, 0.5273343179475833, 0.3178545904268878, 0.3178545904268878, 1.0, 1.0, 0.3668412646591884, 0.68296217918396, 0.6560685634613037, 0.6910684108734131]
[0.2608719635009765, 0.31047443235026695, 0.5506905550438344, 0.9195242651465847, 0.5407248933800558, 0.875, 0.875, 0.6335914318378155, 0.5273343179475833, 0.30467784669071546, 0.30467784669071546, 1.0, 1.0, 0.3668412646591884, 0.7529621124267578, 0.6560685634613037, 0.6910684108734131]
[0.7502657341957092, 1.0, 0.07377870808350695, 0.06558107385200618, 0.06558107385200618, 0.875, 0.875, 0.5463770352877103, 0.45584486668862456, 0.4325959781002176, 0.4325959781002176, 1.0, 1.0, 0.3171094724790432, 0.7529621124267578, 0.6560685634613037, 0.6910684108734131]
[0.7502657341957092, 1.0, 0.07377870808350695, 0.06558107385200618, 0.06558107385200618, 0.875, 0.875, 0.6335914318378155, 0.5273343179475833, 0.315943265732331, 0.315943265732331, 1.0, 1.0, 0.3668412646591884, 0.672961950302124, 0.6560685634613037, 0.6910684108734131]
[0.7502657341957092, 1.0, 0.07377870808350695, 0.06558107385200618, 0.06558107385200618, 0.875, 0.875, 0.6335914318378155, 0.5273343179475833, 0.315943265732331, 0.315943265732331, 1.0, 1.0, 0.3668412646591884, 0.6729621887207031, 0.6560685634613037, 0.6910684108734131]
[0.7502657341957092, 1.0, 0.07377870808350695, 0.06558107385200618, 0.06558107385200618, 0.875, 0.875, 0.6335914318378155, 0.5273343179475833, 0.315943265732331, 0.315943265732331, 1.0, 1.0, 0.3668412646591884, 0.68296217918396, 0.6560685634613037, 0.6910684108734131]
[0.7502657341957092, 1.0, 0.07377870808350695, 0.06558107385200618, 0.06558107385200618, 0.875, 0.875, 0.6335914318378155, 0.5273343179475833, 0.315943265732331, 0.315943265732331, 1.0, 1.0, 0.3668412646591884, 0.7579622268676758, 0.6560685634613037, 0.6910684108734131]
[0.4108719396591186, 0.31047443235026695, 0.5506903181143283, 0.9192360249037619, 0.5407248933800558, 0.875, 0.875, 0.6335914318378155, 0.5273343179475833, 0.3029483945052231, 0.3029483945052231, 1.0, 1.0, 0.3668412646591884, 0.6729621887207031, 0.6560685634613037, 0.6910684108734131]
[0.7502657341957092, 1.0, 0.07675394550398762, 0.06822572933687789, 0.06822572933687789, 0.875, 0.875, 0.6335914318378155, 0.5273343179475833, 0.3331407174738216, 0.3331407174738216, 1.0, 1.0, 0.3668412646591884, 0.4429619312286377, 0.6560685634613037, 0.6910684108734131]
[0.7502657341957092, 1.0, 0.07675394550398762, 0.06822572933687789, 0.06822572933687789, 0.875, 0.875, 0.6335914318378155, 0.5273343179475833, 0.3331407174738216, 0.3331407174738216, 1.0, 1.0, 0.3668412646591884, 0.68296217918396, 0.6560685634613037, 0.6910684108734131]
[0.2608719635009765, 0.31047443235026695, 0.5506905550438344, 0.9195242651465847, 0.5407248933800558, 0.875, 0.875, 0.6335914318378155, 0.5273343179475833, 0.30467784669071546, 0.30467784669071546, 1.0, 1.0, 0.3668412646591884, 0.6729621887207031, 0.6560685634613037, 0.6910684108734131]
[0.7502657341957092, 1.0, 0.07377870808350695, 0.06558107385200618, 0.06558107385200618, 0.875, 0.875, 0.6335914318378155, 0.5273343179475833, 0.315943265732331, 0.315943265732331, 1.0, 1.0, 0.3668412646591884, 0.672961950302124, 0.6560685634613037, 0.6910684108734131]
[0.7502657341957092, 1.0, 0.0737787193607724, 0.06558108387624213, 0.06558108387624213, 0.875, 0.875, 0.6335914318378155, 0.5273343179475833, 0.3161871345271675, 0.3161871345271675, 1.0, 1.0, 0.3668412646591884, 0.8279621601104736, 0.6560685634613037, 0.6910684108734131]
[0.7502657341957092, 1.0, 0.07377870808350695, 0.06558107385200618, 0.06558107385200618, 0.875, 0.875, 0.583195319542518, 0.516835469506523, 0.7081068856075043, 1.0, 1.0, 0.8645578168605973, 0.3668412646591884, 0.672961950302124, 0.6560685634613037, 0.6910684108734131]
[0.7502657341957092, 1.0, 0.07377870808350695, 0.06558107385200618, 0.06558107385200618, 0.875, 0.875, 0.583195319542518, 0.516835469506523, 0.7081068856075043, 1.0, 1.0, 0.8645578168605973, 0.3668412646591884, 0.5179622173309326, 0.6560685634613037, 0.6910684108734131]
[0.2608719635009765, 0.31047443235026695, 0.5414665560634926, 0.9116119384774394, 0.5407248933800558, 0.875, 0.875, 0.6076242006742038, 0.5442145383616604, 0.7004781212110642, 0.7004781212110642, 1.0, 1.0, 0.3668412646591884, 0.5279624462127686, 0.6560685634613037, 0.6910684108734131]
[0.2608719635009765, 0.31047443235026695, 0.5414665560634926, 0.9116119384774394, 0.5407248933800558, 0.875, 0.875, 0.6335914318378155, 0.5273343179475833, 0.3178545904268878, 0.3178545904268878, 1.0, 1.0, 0.3668412646591884, 0.5179619789123535, 0.6560685634613037, 0.6910684108734131]
[0.7502657341957092, 1.0, 0.07377870808350695, 0.06558107385200618, 0.06558107385200618, 0.875, 0.875, 0.5370414440448468, 0.516835469506523, 0.7081068856075043, 1.0, 1.0, 0.8645578168605973, 0.3668412646591884, 0.5979619026184082, 0.6560685634613037, 0.6910684108734131]
[0.7502657341957092, 1.0, 0.07377870808350695, 0.06558107385200618, 0.06558107385200618, 0.875, 0.875, 0.6335914318378155, 0.5273343179475833, 0.315943265732331, 0.315943265732331, 1.0, 1.0, 0.3668412646591884, 0.68296217918396, 0.6560685634613037, 0.6910684108734131]
[0.7502657341957092, 1.0, 0.07675394550398762, 0.06822572933687789, 0.06822572933687789, 0.875, 0.875, 0.6335914318378155, 0.5273343179475833, 0.3331407174738216, 0.3331407174738216, 1.0, 1.0, 0.3668412646591884, 0.5279624462127686, 0.6560685634613037, 0.6910684108734131]
[0.7502657341957092, 1.0, 0.07377870808350695, 0.06558107385200618, 0.06558107385200618, 0.875, 0.875, 0.4239644270676833, 0.39499180518357657, 0.9584861168934118, 0.9584861168934118, 1.0, 1.0, 0.26328941124996463, 0.5979621410369873, 0.6560685634613037, 0.6910684108734131]
[0.7502657341957092, 1.0, 0.07675394550398762, 0.06822572933687789, 0.06822572933687789, 0.875, 0.875, 0.6335914318378155, 0.5273343179475833, 0.3331407174738216, 0.3331407174738216, 1.0, 1.0, 0.3668412646591884, 0.68296217918396, 0.6560685634613037, 0.6910684108734131]
[0.7502657341957092, 1.0, 0.07675394550398762, 0.06822572933687789, 0.06822572933687789, 0.875, 0.875, 0.6335914318378155, 0.5273343179475833, 0.3331407174738216, 0.3331407174738216, 1.0, 1.0, 0.3668412646591884, 0.68296217918396, 0.6560685634613037, 0.6910684108734131]
[0.2608719635009765, 0.31047443235026695, 0.5506905550438344, 0.9195242651465847, 0.5407248933800558, 0.875, 0.875, 0.6335914318378155, 0.5273343179475833, 0.30467784669071546, 0.30467784669071546, 1.0, 1.0, 0.3668412646591884, 0.5979621410369873, 0.6560685634613037, 0.6910684108734131]
[0.7502657341957092, 1.0, 0.07675394550398762, 0.06822572933687789, 0.06822572933687789, 0.875, 0.875, 0.5339644505427434, 0.5277650202613665, 0.7081068856075043, 1.0, 1.0, 0.8649218979267047, 0.3668412646591884, 0.6729621887207031, 0.6560685634613037, 0.6910684108734131]
[0.7502657341957092, 1.0, 0.07675394550398762, 0.06822572933687789, 0.06822572933687789, 0.875, 0.875, 0.5463770352877103, 0.45584486668862456, 0.44956472635165323, 0.44956472635165323, 1.0, 1.0, 0.3171094724790432, 0.7529621124267578, 0.6560685634613037, 0.6910684108734131]
[0.7502657341957092, 1.0, 0.07377870808350695, 0.06558107385200618, 0.06558107385200618, 0.875, 0.875, 0.49194820110614484, 0.549967710375246, 0.827672852270745, 0.827672852270745, 1.0, 1.0, 0.3668412646591884, 0.68296217918396, 0.6560685634613037, 0.6910684108734131]
[0.7502657341957092, 1.0, 0.07377870808350695, 0.06558107385200618, 0.06558107385200618, 0.875, 0.875, 0.6335914318378155, 0.5273343179475833, 0.315943265732331, 0.315943265732331, 1.0, 1.0, 0.3668412646591884, 0.6029620170593262, 0.6560685634613037, 0.6910684108734131]
[0.7502657341957092, 1.0, 0.07675394550398762, 0.06822572933687789, 0.06822572933687789, 0.875, 0.875, 0.6335914318378155, 0.5273343179475833, 0.3331407174738216, 0.3331407174738216, 1.0, 1.0, 0.3668412646591884, 0.6029622554779053, 0.6560685634613037, 0.6910684108734131]
[0.7502657341957092, 1.0, 0.07675394550398762, 0.06822572933687789, 0.06822572933687789, 0.875, 0.875, 0.5739644857553335, 0.22925861349217946, 0.8156953034316403, 0.8156953034316403, 1.0, 1.0, 0.15948425286412485, 0.672961950302124, 0.6560685634613037, 0.6910684108734131]
[0.7502657341957092, 1.0, 0.07377870808350695, 0.06558107385200618, 0.06558107385200618, 0.875, 0.875, 0.6335914318378155, 0.5273343179475833, 0.315943265732331, 0.315943265732331, 1.0, 1.0, 0.3668412646591884, 0.5279619693756104, 0.6560685634613037, 0.6910684108734131]
[0.7502657341957092, 1.0, 0.07675394550398762, 0.06822572933687789, 0.06822572933687789, 0.875, 0.875, 0.623486592219426, 0.5582050935969745, 0.8156953034316403, 0.8156953034316403, 1.0, 1.0, 0.3668412646591884, 0.5979621410369873, 0.6560685634613037, 0.6910684108734131]
[0.7502657341957092, 1.0, 0.08300084862559054, 0.07377853211163604, 0.07377853211163604, 0.875, 0.875, 0.6335914318378155, 0.5273343179475833, 0.3195837300591314, 0.3195837300591314, 1.0, 1.0, 0.3668412646591884, 0.8279621601104736, 0.6560685634613037, 0.6910684108734131]
[0.2608719635009765, 0.31047443235026695, 0.5414665560634926, 0.9116119384774394, 0.5407248933800558, 0.875, 0.875, 0.6335914318378155, 0.5273343179475833, 0.3178545904268878, 0.3178545904268878, 1.0, 1.0, 0.3668412646591884, 0.4429619312286377, 0.6560685634613037, 0.6910684108734131]
[0.2608719635009765, 0.31047443235026695, 0.5414665560634926, 0.9116119384774394, 0.5407248933800558, 0.875, 0.875, 0.6296404325045072, 0.2888328211027744, 0.7004781212110642, 0.7004781212110642, 1.0, 1.0, 0.20092717989758221, 0.5279619693756104, 0.6560685634613037, 0.6910684108734131]
[0.2608719635009765, 0.31047443235026695, 0.5414665560634926, 0.9116119384774394, 0.5407248933800558, 0.875, 0.875, 0.6335914318378155, 0.5273343179475833, 0.3178545904268878, 0.3178545904268878, 1.0, 1.0, 0.3668412646591884, 0.672961950302124, 0.6560685634613037, 0.6910684108734131]
[0.7502657341957092, 1.0, 0.07675394550398762, 0.06822572933687789, 0.06822572933687789, 0.875, 0.875, 0.6335914318378155, 0.5273343179475833, 0.3331407174738216, 0.3331407174738216, 1.0, 1.0, 0.3668412646591884, 0.7579619884490967, 0.6560685634613037, 0.6910684108734131]
[0.2608719635009765, 0.31047443235026695, 0.5414665560634926, 0.9116119384774394, 0.5407248933800558, 0.875, 0.875, 0.5313654679518479, 0.5166350564375803, 0.9684861168934118, 1.0, 1.0, 0.8697730961787237, 0.3668412646591884, 0.6729621887207031, 0.6560685634613037, 0.6910684108734131]
[0.7502657341957092, 1.0, 0.07377870808350695, 0.06558107385200618, 0.06558107385200618, 0.875, 0.875, 0.5999318636380709, 0.5620575068654328, 0.6884829787793738, 0.6884829787793738, 1.0, 1.0, 0.3668412646591884, 0.68296217918396, 0.6560685634613037, 0.6910684108734131]
[0.7502657341957092, 1.0, 0.07675394550398762, 0.06822572933687789, 0.06822572933687789, 0.875, 0.875, 0.6335914318378155, 0.5273343179475833, 0.3331407174738216, 0.3331407174738216, 1.0, 1.0, 0.3668412646591884, 0.5279619693756104, 0.6560685634613037, 0.6910684108734131]
[0.2608719635009765, 0.31047443235026695, 0.5414665560634926, 0.9116119384774394, 0.5407248933800558, 0.875, 0.875, 0.5463770352877103, 0.45584486668862456, 0.4487171348012713, 0.4487171348012713, 1.0, 1.0, 0.3171094724790432, 0.7529621124267578, 0.6560685634613037, 0.6910684108734131]
[0.2608719635009765, 0.31047443235026695, 0.5414665560634926, 0.9116119384774394, 0.5407248933800558, 0.875, 0.875, 0.6076242006742038, 0.5442145383616604, 0.7004781212110642, 0.7004781212110642, 1.0, 1.0, 0.3668412646591884, 0.68296217918396, 0.6560685634613037, 0.6910684108734131]
[0.7502657341957092, 1.0, 0.07377870808350695, 0.06558107385200618, 0.06558107385200618, 0.875, 0.875, 0.4499318049504207, 0.3784785286718242, 0.5568878795514027, 0.5568878795514027, 1.0, 1.0, 0.26328941124996463, 0.5979623794555664, 0.6560685634613037, 0.6910684108734131]
[0.2608719635009765, 0.31047443235026695, 0.5414665560634926, 0.9116119384774394, 0.5407248933800558, 0.875, 0.875, 0.43839337275578427, 0.3702387872335289, 0.5831067653382108, 0.5831067653382108, 1.0, 1.0, 0.2575574172059331, 0.7529621124267578, 0.6560685634613037, 0.6910684108734131]
[0.7502657341957092, 1.0, 0.07675394550398762, 0.06822572933687789, 0.06822572933687789, 0.875, 0.875, 0.5955030001126803, 0.5277650202613665, 0.7081068856075043, 1.0, 1.0, 0.8649218979267047, 0.3668412646591884, 0.7529621124267578, 0.6560685634613037, 0.6910684108734131]
[0.2608719635009765, 0.31047443235026695, 0.5414665560634926, 0.9116119384774394, 0.5407248933800558, 0.875, 0.875, 0.5757942199707031, 0.5390377291452139, 0.827672852270745, 0.827672852270745, 1.0, 1.0, 0.3668412646591884, 0.5979619026184082, 0.6560685634613037, 0.6910684108734131]
[0.2608719635009765, 0.31047443235026695, 0.5414665560634926, 0.9116119384774394, 0.5407248933800558, 0.875, 0.875, 0.6296404325045072, 0.2888328211027744, 0.7004781212110642, 0.7004781212110642, 1.0, 1.0, 0.20092717989758221, 0.6029620170593262, 0.6560685634613037, 0.6910684108734131]
[0.7502657341957092, 1.0, 0.0737787193607724, 0.06558108387624213, 0.06558108387624213, 0.875, 0.875, 0.6335914318378155, 0.5273343179475833, 0.3161871345271675, 0.3161871345271675, 1.0, 1.0, 0.3668412646591884, 0.8379621505737305, 0.6560685634613037, 0.6910684108734131]
[0.6849250960350036, 0.21133713126573905, 0.5569423753013795, 0.9643016991370589, 0.5407248933800558, 0.875, 0.875, 0.6335914318378155, 0.5273343179475833, 0.2724481993084419, 0.2724481993084419, 1.0, 1.0, 0.3668412646591884, 0.8279621601104736, 0.6560685634613037, 0.6910684108734131]
[0.7502657341957092, 1.0, 0.07377870808350695, 0.06558107385200618, 0.06558107385200618, 0.875, 0.875, 0.41598085256723255, 0.516835469506523, 0.9684861168934118, 1.0, 1.0, 0.7533025991740077, 0.3668412646591884, 0.68296217918396, 0.6560685634613037, 0.6910684108734131]
[0.7502657341957092, 1.0, 0.07675394550398762, 0.06822572933687789, 0.06822572933687789, 0.875, 0.875, 0.5362721956693209, 0.5401302635672319, 0.9584861168934118, 0.9584861168934118, 1.0, 1.0, 0.3668412646591884, 0.7529621124267578, 0.6560685634613037, 0.6910684108734131]
[0.2608719635009765, 0.31047443235026695, 0.5414665560634926, 0.9116119384774394, 0.5407248933800558, 0.875, 0.875, 0.6335914318378155, 0.5273343179475833, 0.3178545904268878, 0.3178545904268878, 1.0, 1.0, 0.3668412646591884, 0.5979619026184082, 0.6560685634613037, 0.6910684108734131]
[0.7502657341957092, 1.0, 0.07377870808350695, 0.06558107385200618, 0.06558107385200618, 0.875, 0.875, 0.6335914318378155, 0.5273343179475833, 0.315943265732331, 0.315943265732331, 1.0, 1.0, 0.3668412646591884, 0.6029622554779053, 0.6560685634613037, 0.6910684108734131]
[0.7502657341957092, 1.0, 0.08300518278762925, 0.07378238470011489, 0.07378238470011489, 0.875, 0.875, 0.6335914318378155, 0.5273343179475833, 0.3046999819021282, 0.3046999819021282, 1.0, 1.0, 0.3668412646591884, 0.6029622554779053, 0.6560685634613037, 0.6910684108734131]
[0.6849250960350036, 0.21133713126573905, 0.5569423753013795, 0.9643016991370589, 0.5407248933800558, 0.875, 0.875, 0.6335914318378155, 0.5273343179475833, 0.2724481993084419, 0.2724481993084419, 1.0, 1.0, 0.3668412646591884, 0.8379621505737305, 0.6560685634613037, 0.6910684108734131]
[0.2608719635009765, 0.31047443235026695, 0.5506905550438344, 0.9195242651465847, 0.5407248933800558, 0.875, 0.875, 0.6335914318378155, 0.5273343179475833, 0.30467784669071546, 0.30467784669071546, 1.0, 1.0, 0.3668412646591884, 0.8379621505737305, 0.6560685634613037, 0.6910684108734131]
[0.2608719635009765, 0.31047443235026695, 0.5414665560634926, 0.9116119384774394, 0.5407248933800558, 0.875, 0.875, 0.47319514934833234, 0.5207934537570966, 0.9584861168934118, 0.9584861168934118, 1.0, 1.0, 0.3668412646591884, 0.7579619884490967, 0.6560685634613037, 0.6910684108734131]
[0.7502657341957092, 1.0, 0.07377870808350695, 0.06558107385200618, 0.06558107385200618, 0.875, 0.875, 0.6335914318378155, 0.5273343179475833, 0.315943265732331, 0.315943265732331, 1.0, 1.0, 0.3668412646591884, 0.7529621124267578, 0.6560685634613037, 0.6910684108734131]
[0.2608719635009765, 0.31047443235026695, 0.5414665560634926, 0.9116119384774394, 0.5407248933800558, 0.875, 0.875, 0.6335914318378155, 0.5273343179475833, 0.3178545904268878, 0.3178545904268878, 1.0, 1.0, 0.3668412646591884, 0.68296217918396, 0.6560685634613037, 0.6910684108734131]
[0.7502657341957092, 1.0, 0.07675394550398762, 0.06822572933687789, 0.06822572933687789, 0.875, 0.875, 0.6335914318378155, 0.5273343179475833, 0.3331407174738216, 0.3331407174738216, 1.0, 1.0, 0.3668412646591884, 0.5279619693756104, 0.6560685634613037, 0.6910684108734131]
[0.7502657341957092, 1.0, 0.08300084862559054, 0.07377853211163604, 0.07377853211163604, 0.875, 0.875, 0.6335914318378155, 0.5273343179475833, 0.3195837300591314, 0.3195837300591314, 1.0, 1.0, 0.3668412646591884, 0.5179619789123535, 0.6560685634613037, 0.6910684108734131]
[0.6849250960350036, 0.21133713126573905, 0.5569423753013795, 0.9643016991370589, 0.5407248933800558, 0.875, 0.875, 0.6335914318378155, 0.5273343179475833, 0.2724481993084419, 0.2724481993084419, 1.0, 1.0, 0.3668412646591884, 0.7529621124267578, 0.6560685634613037, 0.6910684108734131]
[0.7502657341957092, 1.0, 0.07377870808350695, 0.06558107385200618, 0.06558107385200618, 0.875, 0.875, 0.40213467524601865, 0.516835469506523, 0.827672852270745, 1.0, 1.0, 0.8073425563266968, 0.3668412646591884, 0.5179622173309326, 0.6560685634613037, 0.6910684108734131]
[0.6849250960350036, 0.21133713126573905, 0.5569423753013795, 0.9643016991370589, 0.5407248933800558, 0.875, 0.875, 0.6335914318378155, 0.5273343179475833, 0.2724481993084419, 0.2724481993084419, 1.0, 1.0, 0.3668412646591884, 0.7579619884490967, 0.6560685634613037, 0.6910684108734131]
[0.7502657341957092, 1.0, 0.07377870808350695, 0.06558107385200618, 0.06558107385200618, 0.875, 0.875, 0.6065635681152344, 0.5222911302395595, 0.827672852270745, 0.9584861168934118, 1.0, 1.0, 0.3668412646591884, 0.5279624462127686, 0.6560685634613037, 0.6910684108734131]
[0.7502657341957092, 1.0, 0.07675394550398762, 0.06822572933687789, 0.06822572933687789, 0.875, 0.875, 0.6082885448749249, 0.5277650202613665, 0.9684861168934118, 1.0, 1.0, 0.9819504856058312, 0.3668412646591884, 0.7529621124267578, 0.6560685634613037, 0.6910684108734131]
[0.7502657341957092, 1.0, 0.07377870808350695, 0.06558107385200618, 0.06558107385200618, 0.875, 0.875, 0.615025153526893, 0.549967710375246, 0.827672852270745, 0.827672852270745, 1.0, 1.0, 0.3668412646591884, 0.5279624462127686, 0.6560685634613037, 0.6910684108734131]
[0.2608719635009765, 0.31047443235026695, 0.5506905550438344, 0.9195242651465847, 0.5407248933800558, 0.875, 0.875, 0.6335914318378155, 0.5273343179475833, 0.30467784669071546, 0.30467784669071546, 1.0, 1.0, 0.3668412646591884, 0.5179619789123535, 0.6560685634613037, 0.6910684108734131]
[0.7502657341957092, 1.0, 0.07675394550398762, 0.06822572933687789, 0.06822572933687789, 0.875, 0.875, 0.6335914318378155, 0.5273343179475833, 0.3331407174738216, 0.3331407174738216, 1.0, 1.0, 0.3668412646591884, 0.5279624462127686, 0.6560685634613037, 0.6910684108734131]
[0.2608719635009765, 0.31047443235026695, 0.5414665560634926, 0.9116119384774394, 0.5407248933800558, 0.875, 0.875, 0.6335914318378155, 0.5273343179475833, 0.3178545904268878, 0.3178545904268878, 1.0, 1.0, 0.3668412646591884, 0.6029620170593262, 0.6560685634613037, 0.6910684108734131]
[0.7502657341957092, 1.0, 0.0737787193607724, 0.06558108387624213, 0.06558108387624213, 0.875, 0.875, 0.5868549346923828, 0.5529035093555811, 0.6884829787793738, 0.6884829787793738, 1.0, 1.0, 0.3668412646591884, 0.5279624462127686, 0.6560685634613037, 0.6910684108734131]
[0.6849250960350036, 0.21133713126573905, 0.5569423753013795, 0.9643016991370589, 0.5407248933800558, 0.875, 0.875, 0.6335914318378155, 0.5273343179475833, 0.2724481993084419, 0.2724481993084419, 1.0, 1.0, 0.3668412646591884, 0.672961950302124, 0.6560685634613037, 0.6910684108734131]
[0.2608719635009765, 0.31047443235026695, 0.5506905550438344, 0.9195242651465847, 0.5407248933800558, 0.875, 0.875, 0.6335914318378155, 0.5273343179475833, 0.30467784669071546, 0.30467784669071546, 1.0, 1.0, 0.3668412646591884, 0.6729621887207031, 0.6560685634613037, 0.6910684108734131]
[0.2608719635009765, 0.31047443235026695, 0.5414665560634926, 0.9116119384774394, 0.5407248933800558, 0.875, 0.875, 0.6335914318378155, 0.5273343179475833, 0.3178545904268878, 0.3178545904268878, 1.0, 1.0, 0.3668412646591884, 0.68296217918396, 0.6560685634613037, 0.6910684108734131]
[0.7502657341957092, 1.0, 0.07994344402197617, 0.07106083913064548, 0.07106083913064548, 0.875, 0.875, 0.583195319542518, 0.4983647228753624, 0.6821725421130151, 1.0, 1.0, 0.8645578168605973, 0.3668412646591884, 0.6729621887207031, 0.6560685634613037, 0.6910684108734131]
[0.2608719635009765, 0.31047443235026695, 0.5414665560634926, 0.9116119384774394, 0.5407248933800558, 0.875, 0.875, 0.5955030001126803, 0.5166350564375803, 0.6821725421130151, 1.0, 1.0, 0.8697730961787237, 0.3668412646591884, 0.7529621124267578, 0.6560685634613037, 0.6910684108734131]
[0.7502657341957092, 1.0, 0.07377870808350695, 0.06558107385200618, 0.06558107385200618, 0.875, 0.875, 0.561178940993089, 0.549967710375246, 0.827672852270745, 0.827672852270745, 1.0, 1.0, 0.3668412646591884, 0.6729621887207031, 0.6560685634613037, 0.6910684108734131]
[0.7502657341957092, 1.0, 0.0830002154717081, 0.07377796930818498, 0.07377796930818498, 0.875, 0.875, 0.44982704749474156, 0.12894703554519116, 0.9584861168934118, 0.9584861168934118, 1.0, 1.0, 0.08970228559665472, 0.672961950302124, 0.6560685634613037, 0.6910684108734131]
[0.2608719635009765, 0.31047443235026695, 0.5414665560634926, 0.9116119384774394, 0.5407248933800558, 0.875, 0.875, 0.6335914318378155, 0.5273343179475833, 0.3178545904268878, 0.3178545904268878, 1.0, 1.0, 0.3668412646591884, 0.68296217918396, 0.6560685634613037, 0.6910684108734131]
[0.7502657341957092, 1.0, 0.07675394550398762, 0.06822572933687789, 0.06822572933687789, 0.875, 0.875, 0.6335914318378155, 0.5273343179475833, 0.3331407174738216, 0.3331407174738216, 1.0, 1.0, 0.3668412646591884, 0.5179622173309326, 0.6560685634613037, 0.6910684108734131]
[0.2608719635009765, 0.31047443235026695, 0.5414665560634926, 0.9116119384774394, 0.5407248933800558, 0.875, 0.875, 0.5501183729905349, 0.2100912466765228, 0.827672852270745, 0.827672852270745, 1.0, 1.0, 0.14615043247062456, 0.5979621410369873, 0.6560685634613037, 0.6910684108734131]
[0.6849250960350036, 0.21133713126573905, 0.5569423753013795, 0.9643016991370589, 0.5407248933800558, 0.875, 0.875, 0.6335914318378155, 0.5273343179475833, 0.2724481993084419, 0.2724481993084419, 1.0, 1.0, 0.3668412646591884, 0.68296217918396, 0.6560685634613037, 0.6910684108734131]
[0.7502657341957092, 1.0, 0.07377870808350695, 0.06558107385200618, 0.06558107385200618, 0.875, 0.875, 0.6316567934476413, 0.516835469506523, 0.8165116830620548, 1.0, 1.0, 0.9819504856058312, 0.3668412646591884, 0.5179622173309326, 0.6560685634613037, 0.6910684108734131]
[0.2608719635009765, 0.31047443235026695, 0.5414665560634926, 0.9116119384774394, 0.5407248933800558, 0.875, 0.875, 0.6335914318378155, 0.5273343179475833, 0.3178545904268878, 0.3178545904268878, 1.0, 1.0, 0.3668412646591884, 0.6029622554779053, 0.6560685634613037, 0.6910684108734131]
[0.7502657341957092, 1.0, 0.07993481290705173, 0.07105316702849043, 0.07105316702849043, 0.875, 0.875, 0.5716568873478816, 0.49848015988981853, 0.6979667258492566, 1.0, 1.0, 0.858309255143156, 0.3668412646591884, 0.5979621410369873, 0.6560685634613037, 0.6910684108734131]
[0.7502657341957092, 1.0, 0.07377870808350695, 0.06558107385200618, 0.06558107385200618, 0.875, 0.875, 0.5452116452730619, 0.516835469506523, 0.9684861168934118, 1.0, 1.0, 0.9819504856058312, 0.3668412646591884, 0.5979621410369873, 0.6560685634613037, 0.6910684108734131]
[0.6849250960350036, 0.21133713126573905, 0.5569423753013795, 0.9643016991370589, 0.5407248933800558, 0.875, 0.875, 0.6335914318378155, 0.5273343179475833, 0.2724481993084419, 0.2724481993084419, 1.0, 1.0, 0.3668412646591884, 0.68296217918396, 0.6560685634613037, 0.6910684108734131]
[0.2608719635009765, 0.31047443235026695, 0.5414665560634926, 0.9116119384774394, 0.5407248933800558, 0.875, 0.875, 0.6335914318378155, 0.5273343179475833, 0.3178545904268878, 0.3178545904268878, 1.0, 1.0, 0.3668412646591884, 0.7579622268676758, 0.6560685634613037, 0.6910684108734131]
[0.7502657341957092, 1.0, 0.07993481290705173, 0.07105316702849043, 0.07105316702849043, 0.875, 0.875, 0.5333001063420222, 0.4466964629240987, 0.4339229510698802, 0.4339229510698802, 1.0, 1.0, 0.3107453655124165, 0.8379621505737305, 0.6560685634613037, 0.6910684108734131]
[0.6849250960350036, 0.21133713126573905, 0.5569423753013795, 0.9643016991370589, 0.5407248933800558, 0.875, 0.875, 0.6335914318378155, 0.5273343179475833, 0.2724481993084419, 0.2724481993084419, 1.0, 1.0, 0.3668412646591884, 0.7579622268676758, 0.6560685634613037, 0.6910684108734131]
[0.7502657341957092, 1.0, 0.08002584788138001, 0.07113408700567111, 0.07113408700567111, 0.875, 0.875, 0.5385799407958984, 0.20056287609305823, 0.827672852270745, 0.827672852270745, 1.0, 1.0, 0.13952200076038834, 0.5979621410369873, 0.6560685634613037, 0.6910684108734131]
[0.7502657341957092, 1.0, 0.07377870808350695, 0.06558107385200618, 0.06558107385200618, 0.875, 0.875, 0.6335914318378155, 0.5273343179475833, 0.315943265732331, 0.315943265732331, 1.0, 1.0, 0.3668412646591884, 0.68296217918396, 0.6560685634613037, 0.6910684108734131]
[0.7502657341957092, 1.0, 0.07994344402197617, 0.07106083913064548, 0.07106083913064548, 0.875, 0.875, 0.6335914318378155, 0.5273343179475833, 0.2886681983453186, 0.2886681983453186, 1.0, 1.0, 0.3668412646591884, 0.5979621410369873, 0.6560685634613037, 0.6910684108734131]
[0.2608719635009765, 0.31047443235026695, 0.5414665560634926, 0.9116119384774394, 0.5407248933800558, 0.875, 0.875, 0.6335914318378155, 0.5273343179475833, 0.3178545904268878, 0.3178545904268878, 1.0, 1.0, 0.3668412646591884, 0.6029622554779053, 0.6560685634613037, 0.6910684108734131]
[0.7502657341957092, 1.0, 0.0830117460024371, 0.07378821866883298, 0.07378821866883298, 0.875, 0.875, 0.6335914318378155, 0.5273343179475833, 0.319371878396315, 0.319371878396315, 1.0, 1.0, 0.3668412646591884, 0.6729621887207031, 0.6560685634613037, 0.6910684108734131]
[0.7502657341957092, 1.0, 0.07377870808350695, 0.06558107385200618, 0.06558107385200618, 0.875, 0.875, 0.6335914318378155, 0.5273343179475833, 0.315943265732331, 0.315943265732331, 1.0, 1.0, 0.3668412646591884, 0.5979619026184082, 0.6560685634613037, 0.6910684108734131]
[0.7502657341957092, 1.0, 0.07675394550398762, 0.06822572933687789, 0.06822572933687789, 0.875, 0.875, 0.630409680880033, 0.5277650202613665, 0.7081068856075043, 1.0, 1.0, 0.8649218979267047, 0.3668412646591884, 0.68296217918396, 0.6560685634613037, 0.6910684108734131]
[0.2608719635009765, 0.31047443235026695, 0.5414665560634926, 0.9116119384774394, 0.5407248933800558, 0.875, 0.875, 0.4985799055833083, 0.5207934537570966, 0.9584861168934118, 0.9584861168934118, 1.0, 1.0, 0.3668412646591884, 0.6029622554779053, 0.6560685634613037, 0.6910684108734131]
[0.7502657341957092, 1.0, 0.07675394550398762, 0.06822572933687789, 0.06822572933687789, 0.875, 0.875, 0.6335914318378155, 0.5273343179475833, 0.3331407174738216, 0.3331407174738216, 1.0, 1.0, 0.3668412646591884, 0.68296217918396, 0.6560685634613037, 0.6910684108734131]
[0.7502657341957092, 1.0, 0.0737787193607724, 0.06558108387624213, 0.06558108387624213, 0.875, 0.875, 0.4152116041917067, 0.5168181201093217, 0.827672852270745, 1.0, 1.0, 0.8138012742882768, 0.3668412646591884, 0.672961950302124, 0.6560685634613037, 0.6910684108734131]
[0.4108719396591186, 0.31047443235026695, 0.5506903181143283, 0.9192360249037619, 0.5407248933800558, 0.875, 0.875, 0.5313654679518479, 0.50729154550352, 0.9684861168934118, 1.0, 1.0, 0.8649218979267047, 0.3668412646591884, 0.6729621887207031, 0.6560685634613037, 0.6910684108734131]
[0.2608719635009765, 0.31047443235026695, 0.5414665560634926, 0.9116119384774394, 0.5407248933800558, 0.875, 0.875, 0.5493491246150091, 0.5166350564375803, 0.6821725421130151, 1.0, 1.0, 0.8697730961787237, 0.3668412646591884, 0.5979621410369873, 0.6560685634613037, 0.6910684108734131]
[0.7502657341957092, 1.0, 0.07675394550398762, 0.06822572933687789, 0.06822572933687789, 0.875, 0.875, 0.5955030001126803, 0.5277650202613665, 0.7081068856075043, 1.0, 1.0, 0.8649218979267047, 0.3668412646591884, 0.5979621410369873, 0.6560685634613037, 0.6910684108734131]
[0.2608719635009765, 0.31047443235026695, 0.5414665560634926, 0.9116119384774394, 0.5407248933800558, 0.875, 0.875, 0.6335914318378155, 0.5273343179475833, 0.3178545904268878, 0.3178545904268878, 1.0, 1.0, 0.3668412646591884, 0.5279624462127686, 0.6560685634613037, 0.6910684108734131]
[0.7502657341957092, 1.0, 0.07675394550398762, 0.06822572933687789, 0.06822572933687789, 0.875, 0.875, 0.6335914318378155, 0.5273343179475833, 0.3331407174738216, 0.3331407174738216, 1.0, 1.0, 0.3668412646591884, 0.672961950302124, 0.6560685634613037, 0.6910684108734131]
[0.7502657341957092, 1.0, 0.07675394550398762, 0.06822572933687789, 0.06822572933687789, 0.875, 0.875, 0.6335914318378155, 0.5273343179475833, 0.3331407174738216, 0.3331407174738216, 1.0, 1.0, 0.3668412646591884, 0.7579622268676758, 0.6560685634613037, 0.6910684108734131]
[0.7502657341957092, 1.0, 0.07675394550398762, 0.06822572933687789, 0.06822572933687789, 0.875, 0.875, 0.6335914318378155, 0.5273343179475833, 0.3331407174738216, 0.3331407174738216, 1.0, 1.0, 0.3668412646591884, 0.5979621410369873, 0.6560685634613037, 0.6910684108734131]
[0.7502657341957092, 1.0, 0.07675394550398762, 0.06822572933687789, 0.06822572933687789, 0.875, 0.875, 0.6227173438439002, 0.5277650202613665, 0.7081068856075043, 1.0, 1.0, 0.8649218979267047, 0.3668412646591884, 0.6029620170593262, 0.6560685634613037, 0.6910684108734131]
[0.7502657341957092, 1.0, 0.07994344402197617, 0.07106083913064548, 0.07106083913064548, 0.875, 0.875, 0.6335914318378155, 0.5273343179475833, 0.2886681983453186, 0.2886681983453186, 1.0, 1.0, 0.3668412646591884, 0.7529621124267578, 0.6560685634613037, 0.6910684108734131]
[0.7502657341957092, 1.0, 0.07675394550398762, 0.06822572933687789, 0.06822572933687789, 0.875, 0.875, 0.6335914318378155, 0.5273343179475833, 0.3331407174738216, 0.3331407174738216, 1.0, 1.0, 0.3668412646591884, 0.672961950302124, 0.6560685634613037, 0.6910684108734131]
[0.7502657341957092, 1.0, 0.07675394550398762, 0.06822572933687789, 0.06822572933687789, 0.875, 0.875, 0.4499318049504207, 0.3784785286718242, 0.5721117539072509, 0.5721117539072509, 1.0, 1.0, 0.26328941124996463, 0.5979623794555664, 0.6560685634613037, 0.6910684108734131]
[0.7502657341957092, 1.0, 0.07675394550398762, 0.06822572933687789, 0.06822572933687789, 0.875, 0.875, 0.6335914318378155, 0.5273343179475833, 0.3331407174738216, 0.3331407174738216, 1.0, 1.0, 0.3668412646591884, 0.6029622554779053, 0.6560685634613037, 0.6910684108734131]
[0.7502657341957092, 1.0, 0.07377870808350695, 0.06558107385200618, 0.06558107385200618, 0.875, 0.875, 0.49194820110614484, 0.549967710375246, 0.827672852270745, 0.827672852270745, 1.0, 1.0, 0.3668412646591884, 0.6029622554779053, 0.6560685634613037, 0.6910684108734131]
[0.4108719396591186, 0.31047443235026695, 0.5506903181143283, 0.9192360249037619, 0.5407248933800558, 0.875, 0.875, 0.5493491246150091, 0.50729154550352, 0.6821725421130151, 1.0, 1.0, 0.8649218979267047, 0.3668412646591884, 0.5979621410369873, 0.6560685634613037, 0.6910684108734131]
[0.7502657341957092, 1.0, 0.07994344402197617, 0.07106083913064548, 0.07106083913064548, 0.875, 0.875, 0.6335914318378155, 0.5273343179475833, 0.2886681983453186, 0.2886681983453186, 1.0, 1.0, 0.3668412646591884, 0.8279621601104736, 0.6560685634613037, 0.6910684108734131]
[0.4108719396591186, 0.31047443235026695, 0.5506903181143283, 0.9192360249037619, 0.5407248933800558, 0.875, 0.875, 0.6335914318378155, 0.5273343179475833, 0.3029483945052231, 0.3029483945052231, 1.0, 1.0, 0.3668412646591884, 0.8279621601104736, 0.6560685634613037, 0.6910684108734131]
[0.7502657341957092, 1.0, 0.07377870808350695, 0.06558107385200618, 0.06558107385200618, 0.875, 0.875, 0.513964579655574, 0.516835469506523, 0.7081068856075043, 1.0, 1.0, 0.8645578168605973, 0.3668412646591884, 0.68296217918396, 0.6560685634613037, 0.6910684108734131]
[0.2608719635009765, 0.31047443235026695, 0.5414665560634926, 0.9116119384774394, 0.5407248933800558, 0.875, 0.875, 0.6335914318378155, 0.5273343179475833, 0.3178545904268878, 0.3178545904268878, 1.0, 1.0, 0.3668412646591884, 0.68296217918396, 0.6560685634613037, 0.6910684108734131]
[0.7502657341957092, 1.0, 0.0737787193607724, 0.06558108387624213, 0.06558108387624213, 0.875, 0.875, 0.561178940993089, 0.5488654274742732, 0.827672852270745, 0.827672852270745, 1.0, 1.0, 0.3668412646591884, 0.6729621887207031, 0.6560685634613037, 0.6910684108734131]
[0.2608719635009765, 0.31047443235026695, 0.5414665560634926, 0.9116119384774394, 0.5407248933800558, 0.875, 0.875, 0.6335914318378155, 0.5273343179475833, 0.3178545904268878, 0.3178545904268878, 1.0, 1.0, 0.3668412646591884, 0.5279619693756104, 0.6560685634613037, 0.6910684108734131]
[0.7502657341957092, 1.0, 0.07675394550398762, 0.06822572933687789, 0.06822572933687789, 0.875, 0.875, 0.30828857421875, 0.5277650202613665, 0.9684861168934118, 1.0, 1.0, 0.7606803158050666, 0.3668412646591884, 0.68296217918396, 0.6560685634613037, 0.6910684108734131]
[0.2608719635009765, 0.31047443235026695, 0.5414665560634926, 0.9116119384774394, 0.5407248933800558, 0.875, 0.875, 0.6335914318378155, 0.5273343179475833, 0.3178545904268878, 0.3178545904268878, 1.0, 1.0, 0.3668412646591884, 0.7579622268676758, 0.6560685634613037, 0.6910684108734131]
[0.2608719635009765, 0.31047443235026695, 0.5506905550438344, 0.9195242651465847, 0.5407248933800558, 0.875, 0.875, 0.6335914318378155, 0.5273343179475833, 0.30467784669071546, 0.30467784669071546, 1.0, 1.0, 0.3668412646591884, 0.68296217918396, 0.6560685634613037, 0.6910684108734131]
[0.7502657341957092, 1.0, 0.07675394550398762, 0.06822572933687789, 0.06822572933687789, 0.875, 0.875, 0.6335914318378155, 0.5273343179475833, 0.3331407174738216, 0.3331407174738216, 1.0, 1.0, 0.3668412646591884, 0.5979619026184082, 0.6560685634613037, 0.6910684108734131]
[0.2608719635009765, 0.31047443235026695, 0.5414665560634926, 0.9116119384774394, 0.5407248933800558, 0.875, 0.875, 0.43839337275578427, 0.3702387872335289, 0.5831067653382108, 0.5831067653382108, 1.0, 1.0, 0.2575574172059331, 0.6729621887207031, 0.6560685634613037, 0.6910684108734131]
[0.7502657341957092, 1.0, 0.08002584788138001, 0.07113408700567111, 0.07113408700567111, 0.875, 0.875, 0.3257942199707031, 0.278288996861324, 0.6884829787793738, 0.6884829787793738, 1.0, 1.0, 0.1935923456426602, 0.5279624462127686, 0.6560685634613037, 0.6910684108734131]
[0.7502657341957092, 1.0, 0.08301175321376997, 0.07378822507890664, 0.07378822507890664, 0.875, 0.875, 0.6335914318378155, 0.5273343179475833, 0.3026857878259361, 0.3026857878259361, 1.0, 1.0, 0.3668412646591884, 0.68296217918396, 0.6560685634613037, 0.6910684108734131]
[0.7502657341957092, 1.0, 0.0737787193607724, 0.06558108387624213, 0.06558108387624213, 0.875, 0.875, 0.576563468346229, 0.5488654274742732, 0.827672852270745, 0.827672852270745, 1.0, 1.0, 0.3668412646591884, 0.5979621410369873, 0.6560685634613037, 0.6910684108734131]
[0.7502657341957092, 1.0, 0.0830117460024371, 0.07378821866883298, 0.07378821866883298, 0.875, 0.875, 0.426085692185622, 0.3603256887836406, 0.5721076907739727, 0.5721076907739727, 1.0, 1.0, 0.2506613487190543, 0.5279624462127686, 0.6560685634613037, 0.6910684108734131]
[0.7502657341957092, 1.0, 0.07377870808350695, 0.06558107385200618, 0.06558107385200618, 0.875, 0.875, 0.6335914318378155, 0.5273343179475833, 0.315943265732331, 0.315943265732331, 1.0, 1.0, 0.3668412646591884, 0.7579622268676758, 0.6560685634613037, 0.6910684108734131]
[0.2608719635009765, 0.31047443235026695, 0.5414665560634926, 0.9116119384774394, 0.5407248933800558, 0.875, 0.875, 0.24242606529822716, 0.2100912466765228, 0.827672852270745, 0.827672852270745, 1.0, 1.0, 0.14615043247062456, 0.5979621410369873, 0.6560685634613037, 0.6910684108734131]
[0.7502657341957092, 1.0, 0.07675394550398762, 0.06822572933687789, 0.06822572933687789, 0.875, 0.875, 0.6335914318378155, 0.5273343179475833, 0.3331407174738216, 0.3331407174738216, 1.0, 1.0, 0.3668412646591884, 0.6029622554779053, 0.6560685634613037, 0.6910684108734131]
[0.6849250960350036, 0.21133713126573905, 0.5569423753013795, 0.9643016991370589, 0.5407248933800558, 0.875, 0.875, 0.6335914318378155, 0.5273343179475833, 0.2724481993084419, 0.2724481993084419, 1.0, 1.0, 0.3668412646591884, 0.6729621887207031, 0.6560685634613037, 0.6910684108734131]
[0.7502657341957092, 1.0, 0.07675394550398762, 0.06822572933687789, 0.06822572933687789, 0.875, 0.875, 0.6335914318378155, 0.5273343179475833, 0.3331407174738216, 0.3331407174738216, 1.0, 1.0, 0.3668412646591884, 0.6029622554779053, 0.6560685634613037, 0.6910684108734131]
[0.7502657341957092, 1.0, 0.08300084862559054, 0.07377853211163604, 0.07377853211163604, 0.875, 0.875, 0.5333001063420222, 0.4466964629240987, 0.448068262649387, 0.448068262649387, 1.0, 1.0, 0.3107453655124165, 0.8379621505737305, 0.6560685634613037, 0.6910684108734131]
[0.6849250960350036, 0.21133713126573905, 0.5569423753013795, 0.9643016991370589, 0.5407248933800558, 0.875, 0.875, 0.6335914318378155, 0.5273343179475833, 0.2724481993084419, 0.2724481993084419, 1.0, 1.0, 0.3668412646591884, 0.6729621887207031, 0.6560685634613037, 0.6910684108734131]
[0.7502657341957092, 1.0, 0.07377870808350695, 0.06558107385200618, 0.06558107385200618, 0.875, 0.875, 0.576563468346229, 0.549967710375246, 0.827672852270745, 0.827672852270745, 1.0, 1.0, 0.3668412646591884, 0.5979621410369873, 0.6560685634613037, 0.6910684108734131]
[0.2608719635009765, 0.31047443235026695, 0.5506905550438344, 0.9195242651465847, 0.5407248933800558, 0.875, 0.875, 0.5955030001126803, 0.5083941591669462, 0.6821725421130151, 1.0, 1.0, 0.8649218979267047, 0.3668412646591884, 0.7529621124267578, 0.6560685634613037, 0.6910684108734131]
[0.7502657341957092, 1.0, 0.07675394550398762, 0.06822572933687789, 0.06822572933687789, 0.875, 0.875, 0.6335914318378155, 0.5273343179475833, 0.3331407174738216, 0.3331407174738216, 1.0, 1.0, 0.3668412646591884, 0.5279619693756104, 0.6560685634613037, 0.6910684108734131]
[0.2608719635009765, 0.31047443235026695, 0.5414665560634926, 0.9116119384774394, 0.5407248933800558, 0.875, 0.875, 0.40213467524601865, 0.5166350564375803, 0.9684861168934118, 1.0, 1.0, 0.7603117977396832, 0.3668412646591884, 0.7579619884490967, 0.6560685634613037, 0.6910684108734131]
[0.7502657341957092, 1.0, 0.07377870808350695, 0.06558107385200618, 0.06558107385200618, 0.875, 0.875, 0.6335914318378155, 0.5273343179475833, 0.315943265732331, 0.315943265732331, 1.0, 1.0, 0.3668412646591884, 0.672961950302124, 0.6560685634613037, 0.6910684108734131]
[0.7502657341957092, 1.0, 0.0737787193607724, 0.06558108387624213, 0.06558108387624213, 0.875, 0.875, 0.6335914318378155, 0.5273343179475833, 0.3161871345271675, 0.3161871345271675, 1.0, 1.0, 0.3668412646591884, 0.5179619789123535, 0.6560685634613037, 0.6910684108734131]
[0.7502657341957092, 1.0, 0.07675394550398762, 0.06822572933687789, 0.06822572933687789, 0.875, 0.875, 0.5455030294565054, 0.5277650202613665, 0.9684861168934118, 1.0, 1.0, 0.8649218979267047, 0.3668412646591884, 0.5279624462127686, 0.6560685634613037, 0.6910684108734131]
[0.7502657341957092, 1.0, 0.08301175321376997, 0.07378822507890664, 0.07378822507890664, 0.875, 0.875, 0.30184334975022536, 0.5071404144403533, 0.9684861168934118, 1.0, 1.0, 0.753879543943426, 0.3668412646591884, 0.672961950302124, 0.6560685634613037, 0.6910684108734131]
[0.7502657341957092, 1.0, 0.07377870808350695, 0.06558107385200618, 0.06558107385200618, 0.875, 0.875, 0.6335914318378155, 0.5273343179475833, 0.315943265732331, 0.315943265732331, 1.0, 1.0, 0.3668412646591884, 0.68296217918396, 0.6560685634613037, 0.6910684108734131]
[0.2608719635009765, 0.31047443235026695, 0.5414665560634926, 0.9116119384774394, 0.5407248933800558, 0.875, 0.875, 0.6335914318378155, 0.5273343179475833, 0.3178545904268878, 0.3178545904268878, 1.0, 1.0, 0.3668412646591884, 0.68296217918396, 0.6560685634613037, 0.6910684108734131]
[0.7502657341957092, 1.0, 0.07377870808350695, 0.06558107385200618, 0.06558107385200618, 0.875, 0.875, 0.5988712310791016, 0.5222911302395595, 0.827672852270745, 0.9584861168934118, 1.0, 1.0, 0.3668412646591884, 0.5179622173309326, 0.6560685634613037, 0.6910684108734131]
[0.7502657341957092, 1.0, 0.0737787193607724, 0.06558108387624213, 0.06558108387624213, 0.875, 0.875, 0.49194820110614484, 0.5488654274742732, 0.827672852270745, 0.827672852270745, 1.0, 1.0, 0.3668412646591884, 0.6029622554779053, 0.6560685634613037, 0.6910684108734131]
[0.6849250960350036, 0.21133713126573905, 0.5569423753013795, 0.9643016991370589, 0.5407248933800558, 0.875, 0.875, 0.6335914318378155, 0.5273343179475833, 0.2724481993084419, 0.2724481993084419, 1.0, 1.0, 0.3668412646591884, 0.7579622268676758, 0.6560685634613037, 0.6910684108734131]
[0.4108719396591186, 0.31047443235026695, 0.5506903181143283, 0.9192360249037619, 0.5407248933800558, 0.875, 0.875, 0.4913654327392578, 0.50729154550352, 0.8156953034316403, 1.0, 1.0, 0.8133949557238814, 0.3668412646591884, 0.7529621124267578, 0.6560685634613037, 0.6910684108734131]
[0.7502657341957092, 1.0, 0.07993481290705173, 0.07105316702849043, 0.07105316702849043, 0.875, 0.875, 0.6335914318378155, 0.5273343179475833, 0.30545915972901794, 0.30545915972901794, 1.0, 1.0, 0.3668412646591884, 0.6029622554779053, 0.6560685634613037, 0.6910684108734131]
[0.7502657341957092, 1.0, 0.07377870808350695, 0.06558107385200618, 0.06558107385200618, 0.875, 0.875, 0.4499318049504207, 0.3784785286718242, 0.5568878795514027, 0.5568878795514027, 1.0, 1.0, 0.26328941124996463, 0.7529621124267578, 0.6560685634613037, 0.6910684108734131]
[0.7502657341957092, 1.0, 0.08300518278762925, 0.07378238470011489, 0.07378238470011489, 0.875, 0.875, 0.47319514934833234, 0.5221385506349896, 0.9584861168934118, 0.9584861168934118, 1.0, 1.0, 0.3668412646591884, 0.7579622268676758, 0.6560685634613037, 0.6910684108734131]
[0.7502657341957092, 1.0, 0.07377870808350695, 0.06558107385200618, 0.06558107385200618, 0.875, 0.875, 0.46290382972130406, 0.13961008726230406, 0.9584861168934118, 0.9584861168934118, 1.0, 1.0, 0.09712006070421152, 0.6029622554779053, 0.6560685634613037, 0.6910684108734131]
[0.7502657341957092, 1.0, 0.07377870808350695, 0.06558107385200618, 0.06558107385200618, 0.875, 0.875, 0.6335914318378155, 0.5273343179475833, 0.315943265732331, 0.315943265732331, 1.0, 1.0, 0.3668412646591884, 0.5979621410369873, 0.6560685634613037, 0.6910684108734131]
[0.4108719396591186, 0.31047443235026695, 0.5506903181143283, 0.9192360249037619, 0.5407248933800558, 0.875, 0.875, 0.6335914318378155, 0.5273343179475833, 0.3029483945052231, 0.3029483945052231, 1.0, 1.0, 0.3668412646591884, 0.7579622268676758, 0.6560685634613037, 0.6910684108734131]
[0.7502657341957092, 1.0, 0.08002584788138001, 0.07113408700567111, 0.07113408700567111, 0.875, 0.875, 0.6335914318378155, 0.5273343179475833, 0.3040802028086046, 0.3040802028086046, 1.0, 1.0, 0.3668412646591884, 0.8279621601104736, 0.6560685634613037, 0.6910684108734131]
[0.7502657341957092, 1.0, 0.07993481290705173, 0.07105316702849043, 0.07105316702849043, 0.875, 0.875, 0.6096404148982122, 0.5116084960523828, 0.8165116830620548, 0.9584861168934118, 1.0, 1.0, 0.3668412646591884, 0.672961950302124, 0.6560685634613037, 0.6910684108734131]
[0.7502657341957092, 1.0, 0.07377870808350695, 0.06558107385200618, 0.06558107385200618, 0.875, 0.875, 0.6335914318378155, 0.5273343179475833, 0.315943265732331, 0.315943265732331, 1.0, 1.0, 0.3668412646591884, 0.5279619693756104, 0.6560685634613037, 0.6910684108734131]
[0.2608719635009765, 0.31047443235026695, 0.5414665560634926, 0.9116119384774394, 0.5407248933800558, 0.875, 0.875, 0.5424260359544021, 0.5166350564375803, 0.9584861168934118, 1.0, 1.0, 0.9250751531611935, 0.3668412646591884, 0.6029622554779053, 0.6560685634613037, 0.6910684108734131]
[0.7502657341957092, 1.0, 0.07675394550398762, 0.06822572933687789, 0.06822572933687789, 0.875, 0.875, 0.6335914318378155, 0.5273343179475833, 0.3331407174738216, 0.3331407174738216, 1.0, 1.0, 0.3668412646591884, 0.6029622554779053, 0.6560685634613037, 0.6910684108734131]
[0.4108719396591186, 0.31047443235026695, 0.5506903181143283, 0.9192360249037619, 0.5407248933800558, 0.875, 0.875, 0.5955030001126803, 0.50729154550352, 0.6821725421130151, 1.0, 1.0, 0.8649218979267047, 0.3668412646591884, 0.7529621124267578, 0.6560685634613037, 0.6910684108734131]
[0.7502657341957092, 1.0, 0.07675394550398762, 0.06822572933687789, 0.06822572933687789, 0.875, 0.875, 0.6335914318378155, 0.5273343179475833, 0.3331407174738216, 0.3331407174738216, 1.0, 1.0, 0.3668412646591884, 0.6029620170593262, 0.6560685634613037, 0.6910684108734131]
[0.7502657341957092, 1.0, 0.07994344402197617, 0.07106083913064548, 0.07106083913064548, 0.875, 0.875, 0.513964579655574, 0.4983647228753624, 0.6821725421130151, 1.0, 1.0, 0.8645578168605973, 0.3668412646591884, 0.68296217918396, 0.6560685634613037, 0.6910684108734131]
[0.7502657341957092, 1.0, 0.0830002154717081, 0.07377796930818498, 0.07377796930818498, 0.875, 0.875, 0.23136549729567307, 0.5072912581741132, 0.9684861168934118, 1.0, 1.0, 0.7539286604323231, 0.3668412646591884, 0.5979621410369873, 0.6560685634613037, 0.6910684108734131]
[0.4108719396591186, 0.31047443235026695, 0.5506903181143283, 0.9192360249037619, 0.5407248933800558, 0.875, 0.875, 0.6335914318378155, 0.5273343179475833, 0.3029483945052231, 0.3029483945052231, 1.0, 1.0, 0.3668412646591884, 0.8379621505737305, 0.6560685634613037, 0.6910684108734131]
[0.7502657341957092, 1.0, 0.07377870808350695, 0.06558107385200618, 0.06558107385200618, 0.875, 0.875, 0.6335914318378155, 0.5273343179475833, 0.315943265732331, 0.315943265732331, 1.0, 1.0, 0.3668412646591884, 0.5979621410369873, 0.6560685634613037, 0.6910684108734131]
[0.7502657341957092, 1.0, 0.07675394550398762, 0.06822572933687789, 0.06822572933687789, 0.875, 0.875, 0.6335914318378155, 0.5273343179475833, 0.3331407174738216, 0.3331407174738216, 1.0, 1.0, 0.3668412646591884, 0.5279619693756104, 0.6560685634613037, 0.6910684108734131]
[0.7502657341957092, 1.0, 0.07377870808350695, 0.06558107385200618, 0.06558107385200618, 0.875, 0.875, 0.6335914318378155, 0.5273343179475833, 0.315943265732331, 0.315943265732331, 1.0, 1.0, 0.3668412646591884, 0.6029622554779053, 0.6560685634613037, 0.6910684108734131]
[0.7502657341957092, 1.0, 0.07675394550398762, 0.06822572933687789, 0.06822572933687789, 0.875, 0.875, 0.6335914318378155, 0.5273343179475833, 0.3331407174738216, 0.3331407174738216, 1.0, 1.0, 0.3668412646591884, 0.6029622554779053, 0.6560685634613037, 0.6910684108734131]
[0.7502657341957092, 1.0, 0.08300084862559054, 0.07377853211163604, 0.07377853211163604, 0.875, 0.875, 0.5955030001126803, 0.5072886644317702, 0.6979667258492566, 1.0, 1.0, 0.8649218979267047, 0.3668412646591884, 0.5979621410369873, 0.6560685634613037, 0.6910684108734131]
[0.7502657341957092, 1.0, 0.07675394550398762, 0.06822572933687789, 0.06822572933687789, 0.875, 0.875, 0.5955030001126803, 0.5277650202613665, 0.7081068856075043, 1.0, 1.0, 0.8649218979267047, 0.3668412646591884, 0.68296217918396, 0.6560685634613037, 0.6910684108734131]
[0.7502657341957092, 1.0, 0.07675394550398762, 0.06822572933687789, 0.06822572933687789, 0.875, 0.875, 0.6335914318378155, 0.5273343179475833, 0.3331407174738216, 0.3331407174738216, 1.0, 1.0, 0.3668412646591884, 0.5979619026184082, 0.6560685634613037, 0.6910684108734131]
[0.6849250960350036, 0.21133713126573905, 0.5569423753013795, 0.9643016991370589, 0.5407248933800558, 0.875, 0.875, 0.6335914318378155, 0.5273343179475833, 0.2724481993084419, 0.2724481993084419, 1.0, 1.0, 0.3668412646591884, 0.4429619312286377, 0.6560685634613037, 0.6910684108734131]
[0.7502657341957092, 1.0, 0.08300084862559054, 0.07377853211163604, 0.07377853211163604, 0.875, 0.875, 0.6335914318378155, 0.5273343179475833, 0.3195837300591314, 0.3195837300591314, 1.0, 1.0, 0.3668412646591884, 0.672961950302124, 0.6560685634613037, 0.6910684108734131]
[0.7502657341957092, 1.0, 0.07377870808350695, 0.06558107385200618, 0.06558107385200618, 0.875, 0.875, 0.6335914318378155, 0.5273343179475833, 0.315943265732331, 0.315943265732331, 1.0, 1.0, 0.3668412646591884, 0.5279619693756104, 0.6560685634613037, 0.6910684108734131]
[0.7502657341957092, 1.0, 0.07675394550398762, 0.06822572933687789, 0.06822572933687789, 0.875, 0.875, 0.5008875039907602, 0.5401302635672319, 0.9584861168934118, 0.9584861168934118, 1.0, 1.0, 0.3668412646591884, 0.68296217918396, 0.6560685634613037, 0.6910684108734131]
[0.2608719635009765, 0.31047443235026695, 0.5506905550438344, 0.9195242651465847, 0.5407248933800558, 0.875, 0.875, 0.6335914318378155, 0.5273343179475833, 0.30467784669071546, 0.30467784669071546, 1.0, 1.0, 0.3668412646591884, 0.6729621887207031, 0.6560685634613037, 0.6910684108734131]
[0.7502657341957092, 1.0, 0.07675394550398762, 0.06822572933687789, 0.06822572933687789, 0.875, 0.875, 0.5881019005408654, 0.5582050935969745, 0.8156953034316403, 0.8156953034316403, 1.0, 1.0, 0.3668412646591884, 0.5979621410369873, 0.6560685634613037, 0.6910684108734131]
[0.4108719396591186, 0.31047443235026695, 0.5506903181143283, 0.9192360249037619, 0.5407248933800558, 0.875, 0.875, 0.6335914318378155, 0.5273343179475833, 0.3029483945052231, 0.3029483945052231, 1.0, 1.0, 0.3668412646591884, 0.7579622268676758, 0.6560685634613037, 0.6910684108734131]
[0.7502657341957092, 1.0, 0.07675394550398762, 0.06822572933687789, 0.06822572933687789, 0.875, 0.875, 0.5463770352877103, 0.45584486668862456, 0.44956472635165323, 0.44956472635165323, 1.0, 1.0, 0.3171094724790432, 0.5979621410369873, 0.6560685634613037, 0.6910684108734131]
[0.7502657341957092, 1.0, 0.0737787193607724, 0.06558108387624213, 0.06558108387624213, 0.875, 0.875, 0.6335914318378155, 0.5273343179475833, 0.3161871345271675, 0.3161871345271675, 1.0, 1.0, 0.3668412646591884, 0.6029622554779053, 0.6560685634613037, 0.6910684108734131]
[0.6849250960350036, 0.21133713126573905, 0.5569423753013795, 0.9643016991370589, 0.5407248933800558, 0.875, 0.875, 0.6335914318378155, 0.5273343179475833, 0.2724481993084419, 0.2724481993084419, 1.0, 1.0, 0.3668412646591884, 0.68296217918396, 0.6560685634613037, 0.6910684108734131]
[0.7502657341957092, 1.0, 0.0830117460024371, 0.07378821866883298, 0.07378821866883298, 0.875, 0.875, 0.5455028827373798, 0.5071375116321478, 0.6979667258492566, 1.0, 1.0, 0.8697730961787237, 0.3668412646591884, 0.8279621601104736, 0.6560685634613037, 0.6910684108734131]
[0.7502657341957092, 1.0, 0.07377870808350695, 0.06558107385200618, 0.06558107385200618, 0.875, 0.875, 0.6335914318378155, 0.5273343179475833, 0.315943265732331, 0.315943265732331, 1.0, 1.0, 0.3668412646591884, 0.6029622554779053, 0.6560685634613037, 0.6910684108734131]
[0.7502657341957092, 1.0, 0.0830002154717081, 0.07377796930818498, 0.07377796930818498, 0.875, 0.875, 0.6201183612530048, 0.5072912581741132, 0.9684861168934118, 1.0, 1.0, 0.8649218979267047, 0.3668412646591884, 0.6029620170593262, 0.6560685634613037, 0.6910684108734131]
[0.7502657341957092, 1.0, 0.08300084862559054, 0.07377853211163604, 0.07377853211163604, 0.875, 0.875, 0.6335914318378155, 0.5273343179475833, 0.3195837300591314, 0.3195837300591314, 1.0, 1.0, 0.3668412646591884, 0.5279619693756104, 0.6560685634613037, 0.6910684108734131]
[0.7502657341957092, 1.0, 0.07377870808350695, 0.06558107385200618, 0.06558107385200618, 0.875, 0.875, 0.1552115220289964, 0.13961008726230406, 0.9584861168934118, 0.9584861168934118, 1.0, 1.0, 0.09712006070421152, 0.5979623794555664, 0.6560685634613037, 0.6910684108734131]
[0.6849250960350036, 0.21133713126573905, 0.5569423753013795, 0.9643016991370589, 0.5407248933800558, 0.875, 0.875, 0.6335914318378155, 0.5273343179475833, 0.2724481993084419, 0.2724481993084419, 1.0, 1.0, 0.3668412646591884, 0.5179619789123535, 0.6560685634613037, 0.6910684108734131]
[0.7502657341957092, 1.0, 0.07675394550398762, 0.06822572933687789, 0.06822572933687789, 0.875, 0.875, 0.5231952667236328, 0.5277650202613665, 0.9584861168934118, 1.0, 1.0, 0.9198675232311481, 0.3668412646591884, 0.5279624462127686, 0.6560685634613037, 0.6910684108734131]
[0.7502657341957092, 1.0, 0.07377870808350695, 0.06558107385200618, 0.06558107385200618, 0.875, 0.875, 0.5463770352877103, 0.45584486668862456, 0.4325959781002176, 0.4325959781002176, 1.0, 1.0, 0.3171094724790432, 0.5979621410369873, 0.6560685634613037, 0.6910684108734131]
[0.7502657341957092, 1.0, 0.07377870808350695, 0.06558107385200618, 0.06558107385200618, 0.875, 0.875, 0.2547337458683894, 0.2210212284313926, 0.827672852270745, 0.827672852270745, 1.0, 1.0, 0.15375389803922965, 0.7529621124267578, 0.6560685634613037, 0.6910684108734131]
[0.7502657341957092, 1.0, 0.07994344402197617, 0.07106083913064548, 0.07106083913064548, 0.875, 0.875, 0.6335914318378155, 0.5273343179475833, 0.2886681983453186, 0.2886681983453186, 1.0, 1.0, 0.3668412646591884, 0.7579622268676758, 0.6560685634613037, 0.6910684108734131]
[0.7502657341957092, 1.0, 0.0830117460024371, 0.07378821866883298, 0.07378821866883298, 0.875, 0.875, 0.6335914318378155, 0.5273343179475833, 0.319371878396315, 0.319371878396315, 1.0, 1.0, 0.3668412646591884, 0.5179619789123535, 0.6560685634613037, 0.6910684108734131]
[0.7502657341957092, 1.0, 0.07675394550398762, 0.06822572933687789, 0.06822572933687789, 0.875, 0.875, 0.26627217806302583, 0.22925861349217946, 0.8156953034316403, 0.8156953034316403, 1.0, 1.0, 0.15948425286412485, 0.7529623508453369, 0.6560685634613037, 0.6910684108734131]
[0.7502657341957092, 1.0, 0.07377870808350695, 0.06558107385200618, 0.06558107385200618, 0.875, 0.875, 0.5463770352877103, 0.45584486668862456, 0.4325959781002176, 0.4325959781002176, 1.0, 1.0, 0.3171094724790432, 0.6729621887207031, 0.6560685634613037, 0.6910684108734131]
[0.7502657341957092, 1.0, 0.07675394550398762, 0.06822572933687789, 0.06822572933687789, 0.875, 0.875, 0.6335914318378155, 0.5273343179475833, 0.3331407174738216, 0.3331407174738216, 1.0, 1.0, 0.3668412646591884, 0.44796204566955566, 0.6560685634613037, 0.6910684108734131]
[0.7502657341957092, 1.0, 0.07377870808350695, 0.06558107385200618, 0.06558107385200618, 0.875, 0.875, 0.6335914318378155, 0.5273343179475833, 0.315943265732331, 0.315943265732331, 1.0, 1.0, 0.3668412646591884, 0.8379621505737305, 0.6560685634613037, 0.6910684108734131]
[0.2608719635009765, 0.31047443235026695, 0.5414665560634926, 0.9116119384774394, 0.5407248933800558, 0.875, 0.875, 0.33887114891639125, 0.2888328211027744, 0.7004781212110642, 0.7004781212110642, 1.0, 1.0, 0.20092717989758221, 0.5979621410369873, 0.6560685634613037, 0.6910684108734131]
[0.7502657341957092, 1.0, 0.0737787193607724, 0.06558108387624213, 0.06558108387624213, 0.875, 0.875, 0.4798270005446214, 0.5975866093684811, 0.8292241541308357, 1.0, 1.0, 0.7540667985043683, 0.4190577030852204, 0.68296217918396, 0.6560685634613037, 0.6910684108734131]
[0.2608719635009765, 0.31047443235026695, 0.5506905550438344, 0.9195242651465847, 0.5407248933800558, 0.875, 0.875, 0.6201183612530048, 0.5083941591669462, 0.9684861168934118, 1.0, 1.0, 0.8649218979267047, 0.3668412646591884, 0.6029620170593262, 0.6560685634613037, 0.6910684108734131]
[0.7502657341957092, 1.0, 0.07675394550398762, 0.06822572933687789, 0.06822572933687789, 0.875, 0.875, 0.5727173731877253, 0.5582050935969745, 0.8156953034316403, 0.8156953034316403, 1.0, 1.0, 0.3668412646591884, 0.6729621887207031, 0.6560685634613037, 0.6910684108734131]
[0.7502657341957092, 1.0, 0.07377870808350695, 0.06558107385200618, 0.06558107385200618, 0.875, 0.875, 0.05876643841083233, 0.0608678897505166, 1.0, 1.0, 1.0, 0.042342879826446335, 0.042342879826446335, 0.6729621887207031, 0.6560685634613037, 0.6910684108734131]
[0.7502657341957092, 1.0, 0.07675394550398762, 0.06822572933687789, 0.06822572933687789, 0.875, 0.875, 0.6335914318378155, 0.5273343179475833, 0.3331407174738216, 0.3331407174738216, 1.0, 1.0, 0.3668412646591884, 0.5279619693756104, 0.6560685634613037, 0.6910684108734131]
[0.2608719635009765, 0.31047443235026695, 0.5506905550438344, 0.9195242651465847, 0.5407248933800558, 0.875, 0.875, 0.6335914318378155, 0.5273343179475833, 0.30467784669071546, 0.30467784669071546, 1.0, 1.0, 0.3668412646591884, 0.4429619312286377, 0.6560685634613037, 0.6910684108734131]
[0.7502657341957092, 1.0, 0.07675394550398762, 0.06822572933687789, 0.06822572933687789, 0.875, 0.875, 0.5463770352877103, 0.45584486668862456, 0.44956472635165323, 0.44956472635165323, 1.0, 1.0, 0.3171094724790432, 0.6729621887207031, 0.6560685634613037, 0.6910684108734131]
[0.2608719635009765, 0.31047443235026695, 0.5414665560634926, 0.9116119384774394, 0.5407248933800558, 0.875, 0.875, 0.4913654327392578, 0.5166350564375803, 0.8156953034316403, 1.0, 1.0, 0.8187420718861785, 0.3668412646591884, 0.7529623508453369, 0.6560685634613037, 0.6910684108734131]
[0.7502657341957092, 1.0, 0.08300518278762925, 0.07378238470011489, 0.07378238470011489, 0.875, 0.875, 0.04722800621619591, 0.052568434577928036, 1.0, 1.0, 1.0, 0.03656934579334124, 0.03656934579334124, 0.5979621410369873, 0.6560685634613037, 0.6910684108734131]
[0.2608719635009765, 0.31047443235026695, 0.5414665560634926, 0.9116119384774394, 0.5407248933800558, 0.875, 0.875, 0.6335914318378155, 0.5273343179475833, 0.3178545904268878, 0.3178545904268878, 1.0, 1.0, 0.3668412646591884, 0.6029622554779053, 0.6560685634613037, 0.6910684108734131]
[0.7502657341957092, 1.0, 0.07675394550398762, 0.06822572933687789, 0.06822572933687789, 0.875, 0.875, 0.42828853313739484, 0.5277650202613665, 0.9684861168934118, 1.0, 1.0, 0.7606803158050666, 0.3668412646591884, 0.68296217918396, 0.6560685634613037, 0.6910684108734131]
[0.7502657341957092, 1.0, 0.07994344402197617, 0.07106083913064548, 0.07106083913064548, 0.875, 0.875, 0.6335914318378155, 0.5273343179475833, 0.2886681983453186, 0.2886681983453186, 1.0, 1.0, 0.3668412646591884, 0.5979621410369873, 0.6560685634613037, 0.6910684108734131]
[0.7502657341957092, 1.0, 0.07377870808350695, 0.06558107385200618, 0.06558107385200618, 0.875, 0.875, 0.6335914318378155, 0.5273343179475833, 0.315943265732331, 0.315943265732331, 1.0, 1.0, 0.3668412646591884, 0.6029620170593262, 0.6560685634613037, 0.6910684108734131]
[0.7502657341957092, 1.0, 0.07993481290705173, 0.07105316702849043, 0.07105316702849043, 0.875, 0.875, 0.5716568873478816, 0.49848015988981853, 0.6979667258492566, 1.0, 1.0, 0.858309255143156, 0.3668412646591884, 0.5279619693756104, 0.6560685634613037, 0.6910684108734131]
[0.7502657341957092, 1.0, 0.07377870808350695, 0.06558107385200618, 0.06558107385200618, 0.875, 0.875, 0.3924259772667518, 0.5222911302395595, 0.9584861168934118, 0.9584861168934118, 1.0, 1.0, 0.3668412646591884, 0.5279624462127686, 0.6560685634613037, 0.6910684108734131]
[0.7502657341957092, 1.0, 0.0737763736023227, 0.06557899875762017, 0.06557899875762017, 0.875, 0.875, 0.6142559051513672, 0.5399212886670096, 0.827672852270745, 0.827672852270745, 1.0, 1.0, 0.3668412646591884, 0.5179622173309326, 0.6560685634613037, 0.6910684108734131]
[0.7502657341957092, 1.0, 0.0737763736023227, 0.06557899875762017, 0.06557899875762017, 0.875, 0.875, 0.6335914318378155, 0.5273343179475833, 0.3324111355015975, 0.3324111355015975, 1.0, 1.0, 0.3668412646591884, 0.672961950302124, 0.6560685634613037, 0.6910684108734131]
[0.7502657341957092, 1.0, 0.07994344402197617, 0.07106083913064548, 0.07106083913064548, 0.875, 0.875, 0.6335914318378155, 0.5273343179475833, 0.2886681983453186, 0.2886681983453186, 1.0, 1.0, 0.3668412646591884, 0.8379621505737305, 0.6560685634613037, 0.6910684108734131]
[0.7502657341957092, 1.0, 0.08300084862559054, 0.07377853211163604, 0.07377853211163604, 0.875, 0.875, 0.5301183553842398, 0.5072886644317702, 0.8165116830620548, 1.0, 1.0, 0.8133949557238814, 0.3668412646591884, 0.5979621410369873, 0.6560685634613037, 0.6910684108734131]
[0.7502657341957092, 1.0, 0.0830117460024371, 0.07378821866883298, 0.07378821866883298, 0.875, 0.875, 0.6335914318378155, 0.5273343179475833, 0.319371878396315, 0.319371878396315, 1.0, 1.0, 0.3668412646591884, 0.5279619693756104, 0.6560685634613037, 0.6910684108734131]
[0.7502657341957092, 1.0, 0.0830117460024371, 0.07378821866883298, 0.07378821866883298, 0.875, 0.875, 0.5685798938457782, 0.5071375116321478, 0.6979667258492566, 1.0, 1.0, 0.8697730961787237, 0.3668412646591884, 0.7529621124267578, 0.6560685634613037, 0.6910684108734131]
[0.7502657341957092, 1.0, 0.07675394550398762, 0.06822572933687789, 0.06822572933687789, 0.875, 0.875, 0.4855029766376202, 0.5401302635672319, 0.9584861168934118, 0.9584861168934118, 1.0, 1.0, 0.3668412646591884, 0.7579622268676758, 0.6560685634613037, 0.6910684108734131]
[0.7502657341957092, 1.0, 0.08002584788138001, 0.07113408700567111, 0.07113408700567111, 0.875, 0.875, 0.4152116041917067, 0.49744345400304946, 0.8165116830620548, 1.0, 1.0, 0.8138012742882768, 0.3668412646591884, 0.672961950302124, 0.6560685634613037, 0.6910684108734131]
[0.7502657341957092, 1.0, 0.07377870808350695, 0.06558107385200618, 0.06558107385200618, 0.875, 0.875, 0.47704139122596156, 0.5222911302395595, 0.9584861168934118, 0.9584861168934118, 1.0, 1.0, 0.3668412646591884, 0.5279619693756104, 0.6560685634613037, 0.6910684108734131]
[0.7502657341957092, 1.0, 0.07377870808350695, 0.06558107385200618, 0.06558107385200618, 0.875, 0.875, 0.5463770352877103, 0.45584486668862456, 0.4325959781002176, 0.4325959781002176, 1.0, 1.0, 0.3171094724790432, 0.6729621887207031, 0.6560685634613037, 0.6910684108734131]
[0.2608719635009765, 0.31047443235026695, 0.5506905550438344, 0.9195242651465847, 0.5407248933800558, 0.875, 0.875, 0.5604096926175631, 0.5390377291452139, 0.8156953034316403, 0.8156953034316403, 1.0, 1.0, 0.3668412646591884, 0.672961950302124, 0.6560685634613037, 0.6910684108734131]
[0.7502657341957092, 1.0, 0.07377870808350695, 0.06558107385200618, 0.06558107385200618, 0.875, 0.875, 0.6335914318378155, 0.5273343179475833, 0.315943265732331, 0.315943265732331, 1.0, 1.0, 0.3668412646591884, 0.68296217918396, 0.6560685634613037, 0.6910684108734131]
[0.2608719635009765, 0.31047443235026695, 0.5414665560634926, 0.9116119384774394, 0.5407248933800558, 0.875, 0.875, 0.46290382972130406, 0.13811241011680453, 0.9584861168934118, 0.9584861168934118, 1.0, 1.0, 0.09607819834212489, 0.6029622554779053, 0.6560685634613037, 0.6910684108734131]
[0.2608719635009765, 0.31047443235026695, 0.5506905550438344, 0.9195242651465847, 0.5407248933800558, 0.875, 0.875, 0.5857943021334134, 0.5390377291452139, 0.8156953034316403, 0.8156953034316403, 1.0, 1.0, 0.3668412646591884, 0.5179622173309326, 0.6560685634613037, 0.6910684108734131]
[0.7502657341957092, 1.0, 0.08924809803878475, 0.079331642701142, 0.079331642701142, 0.875, 0.875, 0.6208876096285306, 0.24930831692597732, 0.9584861168934118, 0.9584861168934118, 1.0, 1.0, 0.1935923456426602, 0.6029620170593262, 0.6560685634613037, 0.6910684108734131]
[0.7502657341957092, 1.0, 0.07994344402197617, 0.07106083913064548, 0.07106083913064548, 0.875, 0.875, 0.6335914318378155, 0.5273343179475833, 0.2886681983453186, 0.2886681983453186, 1.0, 1.0, 0.3668412646591884, 0.68296217918396, 0.6560685634613037, 0.6910684108734131]
[0.2608719635009765, 0.31047443235026695, 0.5414665560634926, 0.9116119384774394, 0.5407248933800558, 0.875, 0.875, 0.5167500422551081, 0.5166350564375803, 0.9584861168934118, 1.0, 1.0, 0.9250751531611935, 0.3668412646591884, 0.5179622173309326, 0.6560685634613037, 0.6910684108734131]
[0.2608719635009765, 0.31047443235026695, 0.5414665560634926, 0.9116119384774394, 0.5407248933800558, 0.875, 0.875, 0.5857943021334134, 0.5390377291452139, 0.827672852270745, 0.827672852270745, 1.0, 1.0, 0.3668412646591884, 0.6029622554779053, 0.6560685634613037, 0.6910684108734131]
[0.2608719635009765, 0.31047443235026695, 0.5414665560634926, 0.9116119384774394, 0.5407248933800558, 0.875, 0.875, 0.5955030001126803, 0.5166350564375803, 0.6821725421130151, 1.0, 1.0, 0.8697730961787237, 0.3668412646591884, 0.5979621410369873, 0.6560685634613037, 0.6910684108734131]
[0.7502657341957092, 1.0, 0.07377870808350695, 0.06558107385200618, 0.06558107385200618, 0.875, 0.875, 0.29598089364858776, 0.516835469506523, 0.9684861168934118, 1.0, 1.0, 0.7533025991740077, 0.3668412646591884, 0.6029622554779053, 0.6560685634613037, 0.6910684108734131]
[0.2608719635009765, 0.31047443235026695, 0.5414665560634926, 0.9116119384774394, 0.5407248933800558, 0.875, 0.875, 0.6335914318378155, 0.5273343179475833, 0.3178545904268878, 0.3178545904268878, 1.0, 1.0, 0.3668412646591884, 0.68296217918396, 0.6560685634613037, 0.6910684108734131]
[0.7502657341957092, 1.0, 0.07377870808350695, 0.06558107385200618, 0.06558107385200618, 0.875, 0.875, 0.615025153526893, 0.549967710375246, 0.827672852270745, 0.827672852270745, 1.0, 1.0, 0.3668412646591884, 0.68296217918396, 0.6560685634613037, 0.6910684108734131]
[0.2608719635009765, 0.31047443235026695, 0.5506905550438344, 0.9195242651465847, 0.5407248933800558, 0.875, 0.875, 0.6335914318378155, 0.5273343179475833, 0.30467784669071546, 0.30467784669071546, 1.0, 1.0, 0.3668412646591884, 0.7579622268676758, 0.6560685634613037, 0.6910684108734131]
[0.2608719635009765, 0.31047443235026695, 0.5506905550438344, 0.9195242651465847, 0.5407248933800558, 0.875, 0.875, 0.6335914318378155, 0.5273343179475833, 0.30467784669071546, 0.30467784669071546, 1.0, 1.0, 0.3668412646591884, 0.68296217918396, 0.6560685634613037, 0.6910684108734131]
[0.2608719635009765, 0.31047443235026695, 0.5506905550438344, 0.9195242651465847, 0.5407248933800558, 0.875, 0.875, 0.6335914318378155, 0.5273343179475833, 0.30467784669071546, 0.30467784669071546, 1.0, 1.0, 0.3668412646591884, 0.5979621410369873, 0.6560685634613037, 0.6910684108734131]
[0.7502657341957092, 1.0, 0.08301174684782109, 0.0737882194202854, 0.0737882194202854, 0.875, 0.875, 0.6335914318378155, 0.5273343179475833, 0.3174124554491945, 0.3174124554491945, 1.0, 1.0, 0.3668412646591884, 0.672961950302124, 0.6560685634613037, 0.6910684108734131]
[0.7502657341957092, 1.0, 0.07675394550398762, 0.06822572933687789, 0.06822572933687789, 0.875, 0.875, 0.5262722602257361, 0.5277650202613665, 0.7081068856075043, 1.0, 1.0, 0.8649218979267047, 0.3668412646591884, 0.68296217918396, 0.6560685634613037, 0.6910684108734131]
[0.2608719635009765, 0.31047443235026695, 0.5414665560634926, 0.9116119384774394, 0.5407248933800558, 0.875, 0.875, 0.6335914318378155, 0.5273343179475833, 0.3178545904268878, 0.3178545904268878, 1.0, 1.0, 0.3668412646591884, 0.5979621410369873, 0.6560685634613037, 0.6910684108734131]
[0.7502657341957092, 1.0, 0.07377870808350695, 0.06558107385200618, 0.06558107385200618, 0.875, 0.875, 0.4675193199744591, 0.516835469506523, 0.827672852270745, 1.0, 1.0, 0.8073425563266968, 0.3668412646591884, 0.5979621410369873, 0.6560685634613037, 0.6910684108734131]
[0.6849250960350036, 0.21133713126573905, 0.5569423753013795, 0.9643016991370589, 0.5407248933800558, 0.875, 0.875, 0.6335914318378155, 0.5273343179475833, 0.2724481993084419, 0.2724481993084419, 1.0, 1.0, 0.3668412646591884, 0.7579622268676758, 0.6560685634613037, 0.6910684108734131]
[0.7502657341957092, 1.0, 0.0737787193607724, 0.06558108387624213, 0.06558108387624213, 0.875, 0.875, 0.5624260535606971, 0.21991894627067432, 0.827672852270745, 0.827672852270745, 1.0, 1.0, 0.1529870930578604, 0.672961950302124, 0.6560685634613037, 0.6910684108734131]
[0.2608719635009765, 0.31047443235026695, 0.5414665560634926, 0.9116119384774394, 0.5407248933800558, 0.875, 0.875, 0.6335914318378155, 0.5273343179475833, 0.3178545904268878, 0.3178545904268878, 1.0, 1.0, 0.3668412646591884, 0.6729621887207031, 0.6560685634613037, 0.6910684108734131]
[0.7502657341957092, 1.0, 0.0737787193607724, 0.06558108387624213, 0.06558108387624213, 0.875, 0.875, 0.6196404970609225, 0.5221573063437555, 0.827672852270745, 0.9584861168934118, 1.0, 1.0, 0.3668412646591884, 0.68296217918396, 0.6560685634613037, 0.6910684108734131]
[0.2608719635009765, 0.31047443235026695, 0.5414665560634926, 0.9116119384774394, 0.5407248933800558, 0.875, 0.875, 0.5463770352877103, 0.45584486668862456, 0.4487171348012713, 0.4487171348012713, 1.0, 1.0, 0.3171094724790432, 0.6729621887207031, 0.6560685634613037, 0.6910684108734131]
[0.2608719635009765, 0.31047443235026695, 0.5506905550438344, 0.9195242651465847, 0.5407248933800558, 0.875, 0.875, 0.6335914318378155, 0.5273343179475833, 0.30467784669071546, 0.30467784669071546, 1.0, 1.0, 0.3668412646591884, 0.5279619693756104, 0.6560685634613037, 0.6910684108734131]
[0.2608719635009765, 0.31047443235026695, 0.5506905550438344, 0.9195242651465847, 0.5407248933800558, 0.875, 0.875, 0.6335914318378155, 0.5273343179475833, 0.30467784669071546, 0.30467784669071546, 1.0, 1.0, 0.3668412646591884, 0.672961950302124, 0.6560685634613037, 0.6910684108734131]
[0.4108719396591186, 0.31047443235026695, 0.5506903181143283, 0.9192360249037619, 0.5407248933800558, 0.875, 0.875, 0.6335914318378155, 0.5273343179475833, 0.3029483945052231, 0.3029483945052231, 1.0, 1.0, 0.3668412646591884, 0.5179622173309326, 0.6560685634613037, 0.6910684108734131]
[0.4108719396591186, 0.31047443235026695, 0.5506903181143283, 0.9192360249037619, 0.5407248933800558, 0.875, 0.875, 0.6335914318378155, 0.5273343179475833, 0.3029483945052231, 0.3029483945052231, 1.0, 1.0, 0.3668412646591884, 0.6029622554779053, 0.6560685634613037, 0.6910684108734131]
[0.7502657341957092, 1.0, 0.08301175321376997, 0.07378822507890664, 0.07378822507890664, 0.875, 0.875, 0.47550289447490984, 0.5105218307289459, 0.9584861168934118, 0.9584861168934118, 1.0, 1.0, 0.3668412646591884, 0.5979619026184082, 0.6560685634613037, 0.6910684108734131]
[0.2608719635009765, 0.31047443235026695, 0.5414665560634926, 0.9116119384774394, 0.5407248933800558, 0.875, 0.875, 0.43839337275578427, 0.3702387872335289, 0.5831067653382108, 0.5831067653382108, 1.0, 1.0, 0.2575574172059331, 0.5979621410369873, 0.6560685634613037, 0.6910684108734131]
[0.2608719635009765, 0.31047443235026695, 0.5414665560634926, 0.9116119384774394, 0.5407248933800558, 0.875, 0.875, 0.6335914318378155, 0.5273343179475833, 0.3178545904268878, 0.3178545904268878, 1.0, 1.0, 0.3668412646591884, 0.5279619693756104, 0.6560685634613037, 0.6910684108734131]
[0.2608719635009765, 0.31047443235026695, 0.5414665560634926, 0.9116119384774394, 0.5407248933800558, 0.875, 0.875, 0.5463770352877103, 0.45584486668862456, 0.4487171348012713, 0.4487171348012713, 1.0, 1.0, 0.3171094724790432, 0.5979623794555664, 0.6560685634613037, 0.6910684108734131]
[0.7502657341957092, 1.0, 0.07377870808350695, 0.06558107385200618, 0.06558107385200618, 0.875, 0.875, 0.5463770352877103, 0.45584486668862456, 0.4325959781002176, 0.4325959781002176, 1.0, 1.0, 0.3171094724790432, 0.5979621410369873, 0.6560685634613037, 0.6910684108734131]
[0.7502657341957092, 1.0, 0.07675394550398762, 0.06822572933687789, 0.06822572933687789, 0.875, 0.875, 0.623486592219426, 0.5582050935969745, 0.8156953034316403, 0.8156953034316403, 1.0, 1.0, 0.3668412646591884, 0.68296217918396, 0.6560685634613037, 0.6910684108734131]
[0.7502657341957092, 1.0, 0.08300084862559054, 0.07377853211163604, 0.07377853211163604, 0.875, 0.875, 0.6335914318378155, 0.5273343179475833, 0.3195837300591314, 0.3195837300591314, 1.0, 1.0, 0.3668412646591884, 0.6029622554779053, 0.6560685634613037, 0.6910684108734131]
[0.7502657341957092, 1.0, 0.07675394550398762, 0.06822572933687789, 0.06822572933687789, 0.875, 0.875, 0.4867500892052284, 0.15744922723943056, 0.9584861168934118, 0.9584861168934118, 1.0, 1.0, 0.10952989721003865, 0.7579619884490967, 0.6560685634613037, 0.6910684108734131]
[0.6849250960350036, 0.21133713126573905, 0.5569423753013795, 0.9643016991370589, 0.5407248933800558, 0.875, 0.875, 0.5531953664926382, 0.48917637682475923, 0.9684861168934118, 1.0, 1.0, 0.858309255143156, 0.3668412646591884, 0.68296217918396, 0.6560685634613037, 0.6910684108734131]
[0.7502657341957092, 1.0, 0.07993481290705173, 0.07105316702849043, 0.07105316702849043, 0.875, 0.875, 0.6316567934476413, 0.4578739332455506, 0.9584861168934118, 0.9584861168934118, 1.0, 1.0, 0.3107453655124165, 0.672961950302124, 0.6560685634613037, 0.6910684108734131]
[0.7502657341957092, 1.0, 0.07675394550398762, 0.06822572933687789, 0.06822572933687789, 0.875, 0.875, 0.5034866333007812, 0.5582050935969745, 0.8156953034316403, 0.8156953034316403, 1.0, 1.0, 0.3668412646591884, 0.6029622554779053, 0.6560685634613037, 0.6910684108734131]
[0.7502657341957092, 1.0, 0.07675394550398762, 0.06822572933687789, 0.06822572933687789, 0.875, 0.875, 0.4499318049504207, 0.3784785286718242, 0.5721117539072509, 0.5721117539072509, 1.0, 1.0, 0.26328941124996463, 0.6729621887207031, 0.6560685634613037, 0.6910684108734131]
[0.7502657341957092, 1.0, 0.07994344402197617, 0.07106083913064548, 0.07106083913064548, 0.875, 0.875, 0.5216567699725811, 0.4983647228753624, 0.6821725421130151, 1.0, 1.0, 0.8645578168605973, 0.3668412646591884, 0.6729621887207031, 0.6560685634613037, 0.6910684108734131]
[0.2608719635009765, 0.31047443235026695, 0.5414665560634926, 0.9116119384774394, 0.5407248933800558, 0.875, 0.875, 0.5463770352877103, 0.45584486668862456, 0.4487171348012713, 0.4487171348012713, 1.0, 1.0, 0.3171094724790432, 0.5979623794555664, 0.6560685634613037, 0.6910684108734131]
[0.7502657341957092, 1.0, 0.08300084862559054, 0.07377853211163604, 0.07377853211163604, 0.875, 0.875, 0.04722800621619591, 0.05132105782838026, 1.0, 1.0, 1.0, 0.035701605445829745, 0.035701605445829745, 0.68296217918396, 0.6560685634613037, 0.6910684108734131]
[0.6849250960350036, 0.21133713126573905, 0.5569423753013795, 0.9643016991370589, 0.5407248933800558, 0.875, 0.875, 0.43839337275578427, 0.3702387872335289, 0.5423235275526797, 0.5423235275526797, 1.0, 1.0, 0.2575574172059331, 0.7529621124267578, 0.6560685634613037, 0.6910684108734131]
[0.6849250960350036, 0.21133713126573905, 0.5569423753013795, 0.9643016991370589, 0.5407248933800558, 0.875, 0.875, 0.6335914318378155, 0.5273343179475833, 0.2724481993084419, 0.2724481993084419, 1.0, 1.0, 0.3668412646591884, 0.5979621410369873, 0.6560685634613037, 0.6910684108734131]
[0.4108719396591186, 0.31047443235026695, 0.5506903181143283, 0.9192360249037619, 0.5407248933800558, 0.875, 0.875, 0.5262722602257361, 0.50729154550352, 0.6821725421130151, 1.0, 1.0, 0.8649218979267047, 0.3668412646591884, 0.68296217918396, 0.6560685634613037, 0.6910684108734131]
[0.2608719635009765, 0.31047443235026695, 0.5506905550438344, 0.9195242651465847, 0.5407248933800558, 0.875, 0.875, 0.6335914318378155, 0.5273343179475833, 0.30467784669071546, 0.30467784669071546, 1.0, 1.0, 0.3668412646591884, 0.7579622268676758, 0.6560685634613037, 0.6910684108734131]
[0.7502657341957092, 1.0, 0.08301175321376997, 0.07378822507890664, 0.07378822507890664, 0.875, 0.875, 0.5608875568096454, 0.5071404144403533, 0.6821725421130151, 1.0, 1.0, 0.8697730961787237, 0.3668412646591884, 0.7529621124267578, 0.6560685634613037, 0.6910684108734131]
[0.7502657341957092, 1.0, 0.07675394550398762, 0.06822572933687789, 0.06822572933687789, 0.875, 0.875, 0.5463770352877103, 0.45584486668862456, 0.44956472635165323, 0.44956472635165323, 1.0, 1.0, 0.3171094724790432, 0.5979621410369873, 0.6560685634613037, 0.6910684108734131]
[0.2608719635009765, 0.31047443235026695, 0.5414665560634926, 0.9116119384774394, 0.5407248933800558, 0.875, 0.875, 0.6335914318378155, 0.5273343179475833, 0.3178545904268878, 0.3178545904268878, 1.0, 1.0, 0.3668412646591884, 0.6029620170593262, 0.6560685634613037, 0.6910684108734131]
[0.7502657341957092, 1.0, 0.07377870808350695, 0.06558107385200618, 0.06558107385200618, 0.875, 0.875, 0.6296404325045072, 0.516835469506523, 0.7081068856075043, 1.0, 1.0, 0.8645578168605973, 0.3668412646591884, 0.7579622268676758, 0.6560685634613037, 0.6910684108734131]
[0.7502657341957092, 1.0, 0.0830117460024371, 0.07378821866883298, 0.07378821866883298, 0.875, 0.875, 0.6070414323073167, 0.5071375116321478, 0.6979667258492566, 1.0, 1.0, 0.8697730961787237, 0.3668412646591884, 0.7579622268676758, 0.6560685634613037, 0.6910684108734131]
[0.7502657341957092, 1.0, 0.07377870808350695, 0.06558107385200618, 0.06558107385200618, 0.875, 0.875, 0.4499318049504207, 0.3784785286718242, 0.5568878795514027, 0.5568878795514027, 1.0, 1.0, 0.26328941124996463, 0.5179622173309326, 0.6560685634613037, 0.6910684108734131]
[0.2608719635009765, 0.31047443235026695, 0.5506905550438344, 0.9195242651465847, 0.5407248933800558, 0.875, 0.875, 0.5493491246150091, 0.5083941591669462, 0.6821725421130151, 1.0, 1.0, 0.8649218979267047, 0.3668412646591884, 0.5979621410369873, 0.6560685634613037, 0.6910684108734131]
[0.7502657341957092, 1.0, 0.0830117460024371, 0.07378821866883298, 0.07378821866883298, 0.875, 0.875, 0.6335914318378155, 0.5273343179475833, 0.319371878396315, 0.319371878396315, 1.0, 1.0, 0.3668412646591884, 0.4429619312286377, 0.6560685634613037, 0.6910684108734131]
[0.7502657341957092, 1.0, 0.07993481290705173, 0.07105316702849043, 0.07105316702849043, 0.875, 0.875, 0.5101183377779447, 0.49848015988981853, 0.6979667258492566, 1.0, 1.0, 0.858309255143156, 0.3668412646591884, 0.5179619789123535, 0.6560685634613037, 0.6910684108734131]
[0.2608719635009765, 0.31047443235026695, 0.5414665560634926, 0.9116119384774394, 0.5407248933800558, 0.875, 0.875, 0.6335914318378155, 0.5273343179475833, 0.3178545904268878, 0.3178545904268878, 1.0, 1.0, 0.3668412646591884, 0.5279619693756104, 0.6560685634613037, 0.6910684108734131]
[0.7502657341957092, 1.0, 0.08300518278762925, 0.07378238470011489, 0.07378238470011489, 0.875, 0.875, 0.5624260535606971, 0.2197678011991817, 0.8156953034316403, 0.8156953034316403, 1.0, 1.0, 0.15288194866030033, 0.7529621124267578, 0.6560685634613037, 0.6910684108734131]
[0.7502657341957092, 1.0, 0.08300084862559054, 0.07377853211163604, 0.07377853211163604, 0.875, 0.875, 0.5339644505427434, 0.5072886644317702, 0.6979667258492566, 1.0, 1.0, 0.8649218979267047, 0.3668412646591884, 0.6729621887207031, 0.6560685634613037, 0.6910684108734131]
[0.2608719635009765, 0.31047443235026695, 0.5414665560634926, 0.9116119384774394, 0.5407248933800558, 0.875, 0.875, 0.5857943021334134, 0.5390377291452139, 0.827672852270745, 0.827672852270745, 1.0, 1.0, 0.3668412646591884, 0.6029622554779053, 0.6560685634613037, 0.6910684108734131]
[0.2608719635009765, 0.31047443235026695, 0.5506905550438344, 0.9195242651465847, 0.5407248933800558, 0.875, 0.875, 0.5757942199707031, 0.5390377291452139, 0.8156953034316403, 0.8156953034316403, 1.0, 1.0, 0.3668412646591884, 0.5979619026184082, 0.6560685634613037, 0.6910684108734131]
[0.7502657341957092, 1.0, 0.07675394550398762, 0.06822572933687789, 0.06822572933687789, 0.875, 0.875, 0.6335914318378155, 0.5273343179475833, 0.3331407174738216, 0.3331407174738216, 1.0, 1.0, 0.3668412646591884, 0.5179622173309326, 0.6560685634613037, 0.6910684108734131]
[0.6849250960350036, 0.21133713126573905, 0.5569423753013795, 0.9643016991370589, 0.5407248933800558, 0.875, 0.875, 0.6335914318378155, 0.5273343179475833, 0.2724481993084419, 0.2724481993084419, 1.0, 1.0, 0.3668412646591884, 0.7529621124267578, 0.6560685634613037, 0.6910684108734131]
[0.7502657341957092, 1.0, 0.07993481290705173, 0.07105316702849043, 0.07105316702849043, 0.875, 0.875, 0.5333001063420222, 0.4466964629240987, 0.4339229510698802, 0.4339229510698802, 1.0, 1.0, 0.3107453655124165, 0.68296217918396, 0.6560685634613037, 0.6910684108734131]
[0.7502657341957092, 1.0, 0.07675394550398762, 0.06822572933687789, 0.06822572933687789, 0.875, 0.875, 0.5034866333007812, 0.5582050935969745, 0.8156953034316403, 0.8156953034316403, 1.0, 1.0, 0.3668412646591884, 0.68296217918396, 0.6560685634613037, 0.6910684108734131]
[0.7502657341957092, 1.0, 0.07994344402197617, 0.07106083913064548, 0.07106083913064548, 0.875, 0.875, 0.46011836712176984, 0.5105218307289459, 0.9584861168934118, 0.9584861168934118, 1.0, 1.0, 0.3668412646591884, 0.672961950302124, 0.6560685634613037, 0.6910684108734131]
[0.7502657341957092, 1.0, 0.07675394550398762, 0.06822572933687789, 0.06822572933687789, 0.875, 0.875, 0.26627217806302583, 0.22925861349217946, 0.8156953034316403, 0.8156953034316403, 1.0, 1.0, 0.15948425286412485, 0.6729621887207031, 0.6560685634613037, 0.6910684108734131]
[0.7502657341957092, 1.0, 0.08300518278762925, 0.07378238470011489, 0.07378238470011489, 0.875, 0.875, 0.6335914318378155, 0.5273343179475833, 0.3046999819021282, 0.3046999819021282, 1.0, 1.0, 0.3668412646591884, 0.6729621887207031, 0.6560685634613037, 0.6910684108734131]
[0.7502657341957092, 1.0, 0.08002584788138001, 0.07113408700567111, 0.07113408700567111, 0.875, 0.875, 0.6335914318378155, 0.5273343179475833, 0.3040802028086046, 0.3040802028086046, 1.0, 1.0, 0.3668412646591884, 0.5979621410369873, 0.6560685634613037, 0.6910684108734131]
[0.7502657341957092, 1.0, 0.08301175321376997, 0.07378822507890664, 0.07378822507890664, 0.875, 0.875, 0.5455028827373798, 0.5071404144403533, 0.6821725421130151, 1.0, 1.0, 0.8697730961787237, 0.3668412646591884, 0.8279621601104736, 0.6560685634613037, 0.6910684108734131]
[0.7502657341957092, 1.0, 0.07675394550398762, 0.06822572933687789, 0.06822572933687789, 0.875, 0.875, 0.6335914318378155, 0.5273343179475833, 0.3331407174738216, 0.3331407174738216, 1.0, 1.0, 0.3668412646591884, 0.6029622554779053, 0.6560685634613037, 0.6910684108734131]
[0.7502657341957092, 1.0, 0.07993481290705173, 0.07105316702849043, 0.07105316702849043, 0.875, 0.875, 0.5716568873478816, 0.49848015988981853, 0.6979667258492566, 1.0, 1.0, 0.858309255143156, 0.3668412646591884, 0.5279619693756104, 0.6560685634613037, 0.6910684108734131]
[0.7502657341957092, 1.0, 0.0737763736023227, 0.06557899875762017, 0.06557899875762017, 0.875, 0.875, 0.5501183729905349, 0.21097480557701997, 0.827672852270745, 0.827672852270745, 1.0, 1.0, 0.14676508214053563, 0.6729621887207031, 0.6560685634613037, 0.6910684108734131]
[0.7502657341957092, 1.0, 0.07676459748596198, 0.06823519776529954, 0.06823519776529954, 0.875, 0.875, 0.5278106102576623, 0.5264878368985286, 0.827672852270745, 1.0, 1.0, 0.81939387197422, 0.3668412646591884, 0.7579622268676758, 0.6560685634613037, 0.6910684108734131]
[0.2608719635009765, 0.31047443235026695, 0.5506905550438344, 0.9195242651465847, 0.5407248933800558, 0.875, 0.875, 0.43839337275578427, 0.3702387872335289, 0.5721117539072509, 0.5721117539072509, 1.0, 1.0, 0.2575574172059331, 0.7529621124267578, 0.6560685634613037, 0.6910684108734131]
[0.7502657341957092, 1.0, 0.07675394550398762, 0.06822572933687789, 0.06822572933687789, 0.875, 0.875, 0.5239645150991586, 0.4544784879564674, 0.8292241541308357, 1.0, 1.0, 0.8649218979267047, 0.3171094724790432, 0.5979621410369873, 0.6560685634613037, 0.6910684108734131]
[0.7502657341957092, 1.0, 0.08002584788138001, 0.07113408700567111, 0.07113408700567111, 0.875, 0.875, 0.3156893803523137, 0.49744345400304946, 0.9684861168934118, 1.0, 1.0, 0.7540667985043683, 0.3668412646591884, 0.5979619026184082, 0.6560685634613037, 0.6910684108734131]
[0.7502657341957092, 1.0, 0.0830117460024371, 0.07378821866883298, 0.07378821866883298, 0.875, 0.875, 0.04722785949707031, 0.05116990483413497, 1.0, 1.0, 1.0, 0.03559645553678954, 0.03559645553678954, 0.68296217918396, 0.6560685634613037, 0.6910684108734131]
[0.2608719635009765, 0.31047443235026695, 0.5414665560634926, 0.9116119384774394, 0.5407248933800558, 0.875, 0.875, 0.30184320303109974, 0.5166350564375803, 0.9684861168934118, 1.0, 1.0, 0.7603117977396832, 0.3668412646591884, 0.672961950302124, 0.6560685634613037, 0.6910684108734131]
[0.7502657341957092, 1.0, 0.07994344402197617, 0.07106083913064548, 0.07106083913064548, 0.875, 0.875, 0.6335914318378155, 0.5273343179475833, 0.2886681983453186, 0.2886681983453186, 1.0, 1.0, 0.3668412646591884, 0.5979621410369873, 0.6560685634613037, 0.6910684108734131]
[0.7502657341957092, 1.0, 0.08300084862559054, 0.07377853211163604, 0.07377853211163604, 0.875, 0.875, 0.5955030001126803, 0.5072886644317702, 0.6979667258492566, 1.0, 1.0, 0.8649218979267047, 0.3668412646591884, 0.68296217918396, 0.6560685634613037, 0.6910684108734131]
[0.7502657341957092, 1.0, 0.08300518278762925, 0.07378238470011489, 0.07378238470011489, 0.875, 0.875, 0.5463770352877103, 0.45584486668862456, 0.4342400195091324, 0.4342400195091324, 1.0, 1.0, 0.3171094724790432, 0.7529623508453369, 0.6560685634613037, 0.6910684108734131]
[0.2608719635009765, 0.31047443235026695, 0.5506905550438344, 0.9195242651465847, 0.5407248933800558, 0.875, 0.875, 0.6076242006742038, 0.5442145383616604, 0.6893203652314212, 0.6893203652314212, 1.0, 1.0, 0.3668412646591884, 0.68296217918396, 0.6560685634613037, 0.6910684108734131]
[0.7502657341957092, 1.0, 0.07377870808350695, 0.06558107385200618, 0.06558107385200618, 0.875, 0.875, 0.5624260535606971, 0.2210212284313926, 0.827672852270745, 0.827672852270745, 1.0, 1.0, 0.15375389803922965, 0.672961950302124, 0.6560685634613037, 0.6910684108734131]
[0.7502657341957092, 1.0, 0.0737763736023227, 0.06557899875762017, 0.06557899875762017, 0.875, 0.875, 0.3496404794546274, 0.2962492064479305, 0.7004781212110642, 0.7004781212110642, 1.0, 1.0, 0.20608640448551688, 0.8379621505737305, 0.6560685634613037, 0.6910684108734131]
[0.6849250960350036, 0.21133713126573905, 0.5569423753013795, 0.9643016991370589, 0.5407248933800558, 0.875, 0.875, 0.6335914318378155, 0.5273343179475833, 0.2724481993084419, 0.2724481993084419, 1.0, 1.0, 0.3668412646591884, 0.672961950302124, 0.6560685634613037, 0.6910684108734131]
[0.4108719396591186, 0.31047443235026695, 0.5506903181143283, 0.9192360249037619, 0.5407248933800558, 0.875, 0.875, 0.6076242006742038, 0.5442145383616604, 0.6893203652314212, 0.6893203652314212, 1.0, 1.0, 0.3668412646591884, 0.5279624462127686, 0.6560685634613037, 0.6910684108734131]
[0.7502657341957092, 1.0, 0.08002584788138001, 0.07113408700567111, 0.07113408700567111, 0.875, 0.875, 0.46964043837327224, 0.4559445939245367, 0.827672852270745, 0.827672852270745, 1.0, 1.0, 0.3107453655124165, 0.8379621505737305, 0.6560685634613037, 0.6910684108734131]
[0.7502657341957092, 1.0, 0.08301175321376997, 0.07378822507890664, 0.07378822507890664, 0.875, 0.875, 0.6335914318378155, 0.5273343179475833, 0.3026857878259361, 0.3026857878259361, 1.0, 1.0, 0.3668412646591884, 0.4429619312286377, 0.6560685634613037, 0.6910684108734131]
[0.2608719635009765, 0.31047443235026695, 0.5414665560634926, 0.9116119384774394, 0.5407248933800558, 0.875, 0.875, 0.6335914318378155, 0.5273343179475833, 0.3178545904268878, 0.3178545904268878, 1.0, 1.0, 0.3668412646591884, 0.68296217918396, 0.6560685634613037, 0.6910684108734131]
[0.7502657341957092, 1.0, 0.07377870808350695, 0.06558107385200618, 0.06558107385200618, 0.875, 0.875, 0.6335914318378155, 0.5273343179475833, 0.315943265732331, 0.315943265732331, 1.0, 1.0, 0.3668412646591884, 0.6829619407653809, 0.6560685634613037, 0.6910684108734131]
[0.7502657341957092, 1.0, 0.07377870808350695, 0.06558107385200618, 0.06558107385200618, 0.875, 0.875, 0.46165671715369594, 0.5222911302395595, 0.9584861168934118, 0.9584861168934118, 1.0, 1.0, 0.3668412646591884, 0.6029620170593262, 0.6560685634613037, 0.6910684108734131]
[0.2608719635009765, 0.31047443235026695, 0.5414665560634926, 0.9116119384774394, 0.5407248933800558, 0.875, 0.875, 0.6142559051513672, 0.2888328211027744, 0.7004781212110642, 0.7004781212110642, 1.0, 1.0, 0.20092717989758221, 0.5279624462127686, 0.6560685634613037, 0.6910684108734131]
[0.7502657341957092, 1.0, 0.07377870808350695, 0.06558107385200618, 0.06558107385200618, 0.875, 0.875, 0.5463770352877103, 0.45584486668862456, 0.4325959781002176, 0.4325959781002176, 1.0, 1.0, 0.3171094724790432, 0.5979621410369873, 0.6560685634613037, 0.6910684108734131]
[0.7502657341957092, 1.0, 0.07377870808350695, 0.06558107385200618, 0.06558107385200618, 0.875, 0.875, 0.6335914318378155, 0.5273343179475833, 0.315943265732331, 0.315943265732331, 1.0, 1.0, 0.3668412646591884, 0.7529621124267578, 0.6560685634613037, 0.6910684108734131]
[0.2608719635009765, 0.31047443235026695, 0.5506905550438344, 0.9195242651465847, 0.5407248933800558, 0.875, 0.875, 0.6335914318378155, 0.5273343179475833, 0.30467784669071546, 0.30467784669071546, 1.0, 1.0, 0.3668412646591884, 0.672961950302124, 0.6560685634613037, 0.6910684108734131]
[0.2608719635009765, 0.31047443235026695, 0.5414665560634926, 0.9116119384774394, 0.5407248933800558, 0.875, 0.875, 0.6335914318378155, 0.5273343179475833, 0.3178545904268878, 0.3178545904268878, 1.0, 1.0, 0.3668412646591884, 0.5979621410369873, 0.6560685634613037, 0.6910684108734131]
[0.7502657341957092, 1.0, 0.07675394550398762, 0.06822572933687789, 0.06822572933687789, 0.875, 0.875, 0.6335914318378155, 0.5273343179475833, 0.3331407174738216, 0.3331407174738216, 1.0, 1.0, 0.3668412646591884, 0.6029622554779053, 0.6560685634613037, 0.6910684108734131]
[0.2608719635009765, 0.31047443235026695, 0.5414665560634926, 0.9116119384774394, 0.5407248933800558, 0.875, 0.875, 0.6076242006742038, 0.5442145383616604, 0.7004781212110642, 0.7004781212110642, 1.0, 1.0, 0.3668412646591884, 0.6029622554779053, 0.6560685634613037, 0.6910684108734131]
[0.7502657341957092, 1.0, 0.07377870808350695, 0.06558107385200618, 0.06558107385200618, 0.875, 0.875, 0.5463770352877103, 0.45584486668862456, 0.4325959781002176, 0.4325959781002176, 1.0, 1.0, 0.3171094724790432, 0.5179622173309326, 0.6560685634613037, 0.6910684108734131]
[0.7502657341957092, 1.0, 0.0830117460024371, 0.07378821866883298, 0.07378821866883298, 0.875, 0.875, 0.3159809112548828, 0.38011638888863697, 0.9684861168934118, 1.0, 1.0, 0.8697730961787237, 0.2506613487190543, 0.68296217918396, 0.6560685634613037, 0.6910684108734131]
[0.2608719635009765, 0.31047443235026695, 0.5506905550438344, 0.9195242651465847, 0.5407248933800558, 0.875, 0.875, 0.6335914318378155, 0.5273343179475833, 0.30467784669071546, 0.30467784669071546, 1.0, 1.0, 0.3668412646591884, 0.5179622173309326, 0.6560685634613037, 0.6910684108734131]
[0.7502657341957092, 1.0, 0.08300518278762925, 0.07378238470011489, 0.07378238470011489, 0.875, 0.875, 0.5234866509070764, 0.5487142835892526, 0.8156953034316403, 0.8156953034316403, 1.0, 1.0, 0.3668412646591884, 0.8379621505737305, 0.6560685634613037, 0.6910684108734131]
[0.7502657341957092, 1.0, 0.07675394550398762, 0.06822572933687789, 0.06822572933687789, 0.875, 0.875, 0.522426018348107, 0.5277650202613665, 0.827672852270745, 1.0, 1.0, 0.8139616321335873, 0.3668412646591884, 0.68296217918396, 0.6560685634613037, 0.6910684108734131]
[0.7502657341957092, 1.0, 0.07993481290705173, 0.07105316702849043, 0.07105316702849043, 0.875, 0.875, 0.03492032564603365, 0.0425125536760218, 1.0, 1.0, 1.0, 0.029573950383319513, 0.029573950383319513, 0.6029622554779053, 0.6560685634613037, 0.6910684108734131]
[0.7502657341957092, 1.0, 0.07675394550398762, 0.06822572933687789, 0.06822572933687789, 0.875, 0.875, 0.6335914318378155, 0.5273343179475833, 0.3331407174738216, 0.3331407174738216, 1.0, 1.0, 0.3668412646591884, 0.6029620170593262, 0.6560685634613037, 0.6910684108734131]
[0.6849250960350036, 0.21133713126573905, 0.5569423753013795, 0.9643016991370589, 0.5407248933800558, 0.875, 0.875, 0.5216567699725811, 0.48917637682475923, 0.6821725421130151, 1.0, 1.0, 0.858309255143156, 0.3668412646591884, 0.672961950302124, 0.6560685634613037, 0.6910684108734131]
[0.7502657341957092, 1.0, 0.0737787193607724, 0.06558108387624213, 0.06558108387624213, 0.875, 0.875, 0.6335914318378155, 0.5273343179475833, 0.3161871345271675, 0.3161871345271675, 1.0, 1.0, 0.3668412646591884, 0.5979621410369873, 0.6560685634613037, 0.6910684108734131]
[0.4108719396591186, 0.31047443235026695, 0.5506903181143283, 0.9192360249037619, 0.5407248933800558, 0.875, 0.875, 0.6335914318378155, 0.5273343179475833, 0.3029483945052231, 0.3029483945052231, 1.0, 1.0, 0.3668412646591884, 0.5979619026184082, 0.6560685634613037, 0.6910684108734131]
[0.2608719635009765, 0.31047443235026695, 0.5414665560634926, 0.9116119384774394, 0.5407248933800558, 0.875, 0.875, 0.6335914318378155, 0.5273343179475833, 0.3178545904268878, 0.3178545904268878, 1.0, 1.0, 0.3668412646591884, 0.6029622554779053, 0.6560685634613037, 0.6910684108734131]
[0.7502657341957092, 1.0, 0.07675394550398762, 0.06822572933687789, 0.06822572933687789, 0.875, 0.875, 0.6335914318378155, 0.5273343179475833, 0.3331407174738216, 0.3331407174738216, 1.0, 1.0, 0.3668412646591884, 0.6029622554779053, 0.6560685634613037, 0.6910684108734131]
[0.2608719635009765, 0.31047443235026695, 0.5414665560634926, 0.9116119384774394, 0.5407248933800558, 0.875, 0.875, 0.5390578049879807, 0.5166350564375803, 0.9684861168934118, 1.0, 1.0, 0.9819504856058312, 0.3668412646591884, 0.5179622173309326, 0.6560685634613037, 0.6910684108734131]
[0.7502657341957092, 1.0, 0.07993481290705173, 0.07105316702849043, 0.07105316702849043, 0.875, 0.875, 0.623486592219426, 0.5388597902120119, 0.8165116830620548, 0.8165116830620548, 1.0, 1.0, 0.3668412646591884, 0.68296217918396, 0.6560685634613037, 0.6910684108734131]
[0.7502657341957092, 1.0, 0.08301175321376997, 0.07378822507890664, 0.07378822507890664, 0.875, 0.875, 0.6027174729567307, 0.5307535347774798, 0.8292241541308357, 0.8292241541308357, 1.0, 1.0, 0.3668412646591884, 0.68296217918396, 0.6560685634613037, 0.6910684108734131]
[0.7502657341957092, 1.0, 0.0830002154717081, 0.07377796930818498, 0.07377796930818498, 0.875, 0.875, 0.2767501244178185, 0.38027013842738033, 0.9684861168934118, 1.0, 1.0, 0.8649218979267047, 0.25679017544850824, 0.68296217918396, 0.6560685634613037, 0.6910684108734131]
[0.4108719396591186, 0.31047443235026695, 0.5506903181143283, 0.9192360249037619, 0.5407248933800558, 0.875, 0.875, 0.6335914318378155, 0.5273343179475833, 0.3029483945052231, 0.3029483945052231, 1.0, 1.0, 0.3668412646591884, 0.672961950302124, 0.6560685634613037, 0.6910684108734131]
[0.2608719635009765, 0.31047443235026695, 0.5414665560634926, 0.9116119384774394, 0.5407248933800558, 0.875, 0.875, 0.1552115220289964, 0.13811241011680453, 0.9584861168934118, 0.9584861168934118, 1.0, 1.0, 0.09607819834212489, 0.5979621410369873, 0.6560685634613037, 0.6910684108734131]
[0.7502657341957092, 1.0, 0.07377870808350695, 0.06558107385200618, 0.06558107385200618, 0.875, 0.875, 0.6335914318378155, 0.5273343179475833, 0.315943265732331, 0.315943265732331, 1.0, 1.0, 0.3668412646591884, 0.7579619884490967, 0.6560685634613037, 0.6910684108734131]
[0.5830313730239868, 0.834440469382227, 0.6797488032759286, 0.9166666666666666, 0.9893016991370589, 0.9821788230583823, 0.875, 0.04722800621619591, 0.051337930784270736, 1.0, 1.0, 1.0, 0.035713343154275295, 0.035713343154275295, 0.68296217918396, 0.6560685634613037, 0.6910684108734131]
[0.7502657341957092, 1.0, 0.07676459748596198, 0.06823519776529954, 0.06823519776529954, 0.875, 0.875, 0.6335914318378155, 0.5273343179475833, 0.33164736485755214, 0.33164736485755214, 1.0, 1.0, 0.3668412646591884, 0.6029620170593262, 0.6560685634613037, 0.6910684108734131]
[0.2608719635009765, 0.31047443235026695, 0.5414665560634926, 0.9116119384774394, 0.5407248933800558, 0.875, 0.875, 0.5463770352877103, 0.45584486668862456, 0.4487171348012713, 0.4487171348012713, 1.0, 1.0, 0.3171094724790432, 0.5979623794555664, 0.6560685634613037, 0.6910684108734131]
[0.7502657341957092, 1.0, 0.0737787193607724, 0.06558108387624213, 0.06558108387624213, 0.875, 0.875, 0.6335914318378155, 0.5273343179475833, 0.3161871345271675, 0.3161871345271675, 1.0, 1.0, 0.3668412646591884, 0.6729621887207031, 0.6560685634613037, 0.6910684108734131]
[0.7502657341957092, 1.0, 0.07675394550398762, 0.06822572933687789, 0.06822572933687789, 0.875, 0.875, 0.6335914318378155, 0.5273343179475833, 0.3331407174738216, 0.3331407174738216, 1.0, 1.0, 0.3668412646591884, 0.5179622173309326, 0.6560685634613037, 0.6910684108734131]
[0.2608719635009765, 0.31047443235026695, 0.5414665560634926, 0.9116119384774394, 0.5407248933800558, 0.875, 0.875, 0.6335914318378155, 0.5273343179475833, 0.3178545904268878, 0.3178545904268878, 1.0, 1.0, 0.3668412646591884, 0.68296217918396, 0.6560685634613037, 0.6910684108734131]
[0.7502657341957092, 1.0, 0.0830117460024371, 0.07378821866883298, 0.07378821866883298, 0.875, 0.875, 0.6335914318378155, 0.5273343179475833, 0.319371878396315, 0.319371878396315, 1.0, 1.0, 0.3668412646591884, 0.68296217918396, 0.6560685634613037, 0.6910684108734131]
[0.7502657341957092, 1.0, 0.07675394550398762, 0.06822572933687789, 0.06822572933687789, 0.875, 0.875, 0.5493491246150091, 0.5277650202613665, 0.7081068856075043, 1.0, 1.0, 0.8649218979267047, 0.3668412646591884, 0.5979621410369873, 0.6560685634613037, 0.6910684108734131]
[0.2608719635009765, 0.31047443235026695, 0.5414665560634926, 0.9116119384774394, 0.5407248933800558, 0.875, 0.875, 0.6335914318378155, 0.5273343179475833, 0.3178545904268878, 0.3178545904268878, 1.0, 1.0, 0.3668412646591884, 0.7529621124267578, 0.6560685634613037, 0.6910684108734131]
[0.7502657341957092, 1.0, 0.08301175321376997, 0.07378822507890664, 0.07378822507890664, 0.875, 0.875, 0.6070414323073167, 0.5071404144403533, 0.6821725421130151, 1.0, 1.0, 0.8697730961787237, 0.3668412646591884, 0.6729621887207031, 0.6560685634613037, 0.6910684108734131]
[0.7502657341957092, 1.0, 0.07675394550398762, 0.06822572933687789, 0.06822572933687789, 0.875, 0.875, 0.30828857421875, 0.4007439280414833, 0.9684861168934118, 1.0, 1.0, 0.8649218979267047, 0.26328941124996463, 0.5979623794555664, 0.6560685634613037, 0.6910684108734131]
[0.7502657341957092, 1.0, 0.07675394550398762, 0.06822572933687789, 0.06822572933687789, 0.875, 0.875, 0.6335914318378155, 0.5273343179475833, 0.3331407174738216, 0.3331407174738216, 1.0, 1.0, 0.3668412646591884, 0.6829619407653809, 0.6560685634613037, 0.6910684108734131]
[0.7502657341957092, 1.0, 0.07377870808350695, 0.06558107385200618, 0.06558107385200618, 0.875, 0.875, 0.6335914318378155, 0.5273343179475833, 0.315943265732331, 0.315943265732331, 1.0, 1.0, 0.3668412646591884, 0.6029622554779053, 0.6560685634613037, 0.6910684108734131]
[0.7502657341957092, 1.0, 0.08300084862559054, 0.07377853211163604, 0.07377853211163604, 0.875, 0.875, 0.22905760544996995, 0.4340021052740115, 0.9584861168934118, 1.0, 1.0, 0.8133949557238814, 0.3107453655124165, 0.68296217918396, 0.6560685634613037, 0.6910684108734131]
[0.7502657341957092, 1.0, 0.08301174684782109, 0.0737882194202854, 0.0737882194202854, 0.875, 0.875, 0.6296404325045072, 0.2886988740637584, 0.7004781212110642, 0.7004781212110642, 1.0, 1.0, 0.20083399934870147, 0.5279619693756104, 0.6560685634613037, 0.6910684108734131]
[0.7502657341957092, 1.0, 0.08301175321376997, 0.07378822507890664, 0.07378822507890664, 0.875, 0.875, 0.6335914318378155, 0.5273343179475833, 0.3026857878259361, 0.3026857878259361, 1.0, 1.0, 0.3668412646591884, 0.7529621124267578, 0.6560685634613037, 0.6910684108734131]
[0.2608719635009765, 0.31047443235026695, 0.5414665560634926, 0.9116119384774394, 0.5407248933800558, 0.875, 0.875, 0.6335914318378155, 0.5273343179475833, 0.3178545904268878, 0.3178545904268878, 1.0, 1.0, 0.3668412646591884, 0.6029622554779053, 0.6560685634613037, 0.6910684108734131]
[0.7502657341957092, 1.0, 0.0737787193607724, 0.06558108387624213, 0.06558108387624213, 0.875, 0.875, 0.6119481600247897, 0.5488654274742732, 0.827672852270745, 0.827672852270745, 1.0, 1.0, 0.3668412646591884, 0.7529621124267578, 0.6560685634613037, 0.6910684108734131]
[0.4108719396591186, 0.31047443235026695, 0.5506903181143283, 0.9192360249037619, 0.5407248933800558, 0.875, 0.875, 0.6335914318378155, 0.5273343179475833, 0.3029483945052231, 0.3029483945052231, 1.0, 1.0, 0.3668412646591884, 0.6029622554779053, 0.6560685634613037, 0.6910684108734131]
[0.6849250960350036, 0.21133713126573905, 0.5569423753013795, 0.9643016991370589, 0.5407248933800558, 0.875, 0.875, 0.43290387667142427, 0.48917637682475923, 0.8156953034316403, 1.0, 1.0, 0.8010102293707303, 0.3668412646591884, 0.5979621410369873, 0.6560685634613037, 0.6910684108734131]
[0.7502657341957092, 1.0, 0.08300084862559054, 0.07377853211163604, 0.07377853211163604, 0.875, 0.875, 0.5108875861534705, 0.4340021052740115, 0.8292241541308357, 1.0, 1.0, 0.8649218979267047, 0.3107453655124165, 0.68296217918396, 0.6560685634613037, 0.6910684108734131]
[0.7502657341957092, 1.0, 0.0737763736023227, 0.06557899875762017, 0.06557899875762017, 0.875, 0.875, 0.6335914318378155, 0.5273343179475833, 0.3324111355015975, 0.3324111355015975, 1.0, 1.0, 0.3668412646591884, 0.5979623794555664, 0.6560685634613037, 0.6910684108734131]
[0.7502657341957092, 1.0, 0.0737763736023227, 0.06557899875762017, 0.06557899875762017, 0.875, 0.875, 0.483673095703125, 0.5166548407584539, 0.9584861168934118, 1.0, 1.0, 0.9250751531611935, 0.3668412646591884, 0.672961950302124, 0.6560685634613037, 0.6910684108734131]
[0.7502657341957092, 1.0, 0.0830117460024371, 0.07378821866883298, 0.07378821866883298, 0.875, 0.875, 0.6335914318378155, 0.5273343179475833, 0.319371878396315, 0.319371878396315, 1.0, 1.0, 0.3668412646591884, 0.7579619884490967, 0.6560685634613037, 0.6910684108734131]
[0.7502657341957092, 1.0, 0.07377870808350695, 0.06558107385200618, 0.06558107385200618, 0.875, 0.875, 0.5124260829045222, 0.5222911302395595, 0.9584861168934118, 0.9584861168934118, 1.0, 1.0, 0.3668412646591884, 0.5979621410369873, 0.6560685634613037, 0.6910684108734131]
[0.7502657341957092, 1.0, 0.0737763736023227, 0.06557899875762017, 0.06557899875762017, 0.875, 0.875, 0.6335914318378155, 0.5273343179475833, 0.3324111355015975, 0.3324111355015975, 1.0, 1.0, 0.3668412646591884, 0.8279621601104736, 0.6560685634613037, 0.6910684108734131]
[0.2608719635009765, 0.31047443235026695, 0.5414665560634926, 0.9116119384774394, 0.5407248933800558, 0.875, 0.875, 0.05876643841083233, 0.06066747268189987, 1.0, 1.0, 1.0, 0.04220345925697382, 0.04220345925697382, 0.672961950302124, 0.6560685634613037, 0.6910684108734131]
[0.7502657341957092, 1.0, 0.08301174684782109, 0.0737882194202854, 0.0737882194202854, 0.875, 0.875, 0.3905962430513822, 0.5071401640213844, 0.9684861168934118, 1.0, 1.0, 0.753879543943426, 0.3668412646591884, 0.6029622554779053, 0.6560685634613037, 0.6910684108734131]
[0.7502657341957092, 1.0, 0.08301174684782109, 0.0737882194202854, 0.0737882194202854, 0.875, 0.875, 0.6335914318378155, 0.5273343179475833, 0.3174124554491945, 0.3174124554491945, 1.0, 1.0, 0.3668412646591884, 0.6729621887207031, 0.6560685634613037, 0.6910684108734131]
[0.7502657341957092, 1.0, 0.0737787193607724, 0.06558108387624213, 0.06558108387624213, 0.875, 0.875, 0.3496404794546274, 0.29752179344529783, 0.6884829787793738, 0.6884829787793738, 1.0, 1.0, 0.20697168239672892, 0.5979623794555664, 0.6560685634613037, 0.6910684108734131]
[0.6849250960350036, 0.21133713126573905, 0.5569423753013795, 0.9643016991370589, 0.5407248933800558, 0.875, 0.875, 0.6335914318378155, 0.5273343179475833, 0.2724481993084419, 0.2724481993084419, 1.0, 1.0, 0.3668412646591884, 0.7529621124267578, 0.6560685634613037, 0.6910684108734131]
[0.7502657341957092, 1.0, 0.0737763736023227, 0.06557899875762017, 0.06557899875762017, 0.875, 0.875, 0.05876643841083233, 0.06068723708375323, 1.0, 1.0, 1.0, 0.0422172084060892, 0.0422172084060892, 0.7579622268676758, 0.6560685634613037, 0.6910684108734131]
[0.7502657341957092, 1.0, 0.07377870808350695, 0.06558107385200618, 0.06558107385200618, 0.875, 0.875, 0.3627172616811899, 0.3066757903923001, 0.6884829787793738, 0.6884829787793738, 1.0, 1.0, 0.2133396802729044, 0.8279621601104736, 0.6560685634613037, 0.6910684108734131]
[0.7502657341957092, 1.0, 0.07993481290705173, 0.07105316702849043, 0.07105316702849043, 0.875, 0.875, 0.4801183847280649, 0.5116084960523828, 0.9584861168934118, 0.9584861168934118, 1.0, 1.0, 0.3668412646591884, 0.672961950302124, 0.6560685634613037, 0.6910684108734131]
[0.6849250960350036, 0.21133713126573905, 0.5569423753013795, 0.9643016991370589, 0.5407248933800558, 0.875, 0.875, 0.6335914318378155, 0.5273343179475833, 0.2724481993084419, 0.2724481993084419, 1.0, 1.0, 0.3668412646591884, 0.5979621410369873, 0.6560685634613037, 0.6910684108734131]
[0.7502657341957092, 1.0, 0.07675394550398762, 0.06822572933687789, 0.06822572933687789, 0.875, 0.875, 0.6335914318378155, 0.5273343179475833, 0.3331407174738216, 0.3331407174738216, 1.0, 1.0, 0.3668412646591884, 0.6029622554779053, 0.6560685634613037, 0.6910684108734131]
[0.7502657341957092, 1.0, 0.07377870808350695, 0.06558107385200618, 0.06558107385200618, 0.875, 0.875, 0.4499318049504207, 0.3784785286718242, 0.5568878795514027, 0.5568878795514027, 1.0, 1.0, 0.26328941124996463, 0.6729621887207031, 0.6560685634613037, 0.6910684108734131]
[0.7502657341957092, 1.0, 0.07377870808350695, 0.06558107385200618, 0.06558107385200618, 0.875, 0.875, 0.6119481600247897, 0.549967710375246, 0.827672852270745, 0.827672852270745, 1.0, 1.0, 0.3668412646591884, 0.68296217918396, 0.6560685634613037, 0.6910684108734131]
[0.7502657341957092, 1.0, 0.07993481290705173, 0.07105316702849043, 0.07105316702849043, 0.875, 0.875, 0.6335914318378155, 0.5273343179475833, 0.30545915972901794, 0.30545915972901794, 1.0, 1.0, 0.3668412646591884, 0.5279619693756104, 0.6560685634613037, 0.6910684108734131]
[0.2608719635009765, 0.31047443235026695, 0.5414665560634926, 0.9116119384774394, 0.5407248933800558, 0.875, 0.875, 0.5570414616511419, 0.5166350564375803, 0.9684861168934118, 1.0, 1.0, 0.8697730961787237, 0.3668412646591884, 0.7579622268676758, 0.6560685634613037, 0.6910684108734131]
[0.7502657341957092, 1.0, 0.07994344402197617, 0.07106083913064548, 0.07106083913064548, 0.875, 0.875, 0.6335914318378155, 0.5273343179475833, 0.2886681983453186, 0.2886681983453186, 1.0, 1.0, 0.3668412646591884, 0.6729621887207031, 0.6560685634613037, 0.6910684108734131]
[0.6849250960350036, 0.21133713126573905, 0.5569423753013795, 0.9643016991370589, 0.5407248933800558, 0.875, 0.875, 0.6335914318378155, 0.5273343179475833, 0.2724481993084419, 0.2724481993084419, 1.0, 1.0, 0.3668412646591884, 0.7529621124267578, 0.6560685634613037, 0.6910684108734131]
[0.7502657341957092, 1.0, 0.07993481290705173, 0.07105316702849043, 0.07105316702849043, 0.875, 0.875, 0.6335914318378155, 0.5273343179475833, 0.30545915972901794, 0.30545915972901794, 1.0, 1.0, 0.3668412646591884, 0.7529621124267578, 0.6560685634613037, 0.6910684108734131]
[0.7502657341957092, 1.0, 0.07675394550398762, 0.06822572933687789, 0.06822572933687789, 0.875, 0.875, 0.4259807880108173, 0.5277650202613665, 0.827672852270745, 1.0, 1.0, 0.8139616321335873, 0.3668412646591884, 0.672961950302124, 0.6560685634613037, 0.6910684108734131]
[0.7502657341957092, 1.0, 0.08300518278762925, 0.07378238470011489, 0.07378238470011489, 0.875, 0.875, 0.5881019005408654, 0.5487142835892526, 0.8156953034316403, 0.8156953034316403, 1.0, 1.0, 0.3668412646591884, 0.7529621124267578, 0.6560685634613037, 0.6910684108734131]
[0.7502657341957092, 1.0, 0.08300518278762925, 0.07378238470011489, 0.07378238470011489, 0.875, 0.875, 0.4985799055833083, 0.5221385506349896, 0.9584861168934118, 0.9584861168934118, 1.0, 1.0, 0.3668412646591884, 0.672961950302124, 0.6560685634613037, 0.6910684108734131]
[0.2608719635009765, 0.31047443235026695, 0.5414665560634926, 0.9116119384774394, 0.5407248933800558, 0.875, 0.875, 0.5463770352877103, 0.45584486668862456, 0.4487171348012713, 0.4487171348012713, 1.0, 1.0, 0.3171094724790432, 0.7529621124267578, 0.6560685634613037, 0.6910684108734131]
[0.7502657341957092, 1.0, 0.08300084862559054, 0.07377853211163604, 0.07377853211163604, 0.875, 0.875, 0.5593490600585938, 0.5072886644317702, 0.9584861168934118, 1.0, 1.0, 0.9257496322307981, 0.3668412646591884, 0.7529621124267578, 0.6560685634613037, 0.6910684108734131]
[0.7502657341957092, 1.0, 0.08300084862559054, 0.07377853211163604, 0.07377853211163604, 0.875, 0.875, 0.6113653916579026, 0.5072886644317702, 0.9584861168934118, 1.0, 1.0, 0.9257496322307981, 0.3668412646591884, 0.7529621124267578, 0.6560685634613037, 0.6910684108734131]
[0.7502657341957092, 1.0, 0.0737787193607724, 0.06558108387624213, 0.06558108387624213, 0.875, 0.875, 0.6335914318378155, 0.5273343179475833, 0.3161871345271675, 0.3161871345271675, 1.0, 1.0, 0.3668412646591884, 0.6029622554779053, 0.6560685634613037, 0.6910684108734131]
[0.7502657341957092, 1.0, 0.08300084862559054, 0.07377853211163604, 0.07377853211163604, 0.875, 0.875, 0.6335914318378155, 0.5273343179475833, 0.3195837300591314, 0.3195837300591314, 1.0, 1.0, 0.3668412646591884, 0.4429619312286377, 0.6560685634613037, 0.6910684108734131]
[0.7502657341957092, 1.0, 0.07377870808350695, 0.06558107385200618, 0.06558107385200618, 0.875, 0.875, 0.3627172616811899, 0.3066757903923001, 0.6884829787793738, 0.6884829787793738, 1.0, 1.0, 0.2133396802729044, 0.7529623508453369, 0.6560685634613037, 0.6910684108734131]
[0.7502657341957092, 1.0, 0.08301175321376997, 0.07378822507890664, 0.07378822507890664, 0.875, 0.875, 0.46011836712176984, 0.5105218307289459, 0.9584861168934118, 0.9584861168934118, 1.0, 1.0, 0.3668412646591884, 0.672961950302124, 0.6560685634613037, 0.6910684108734131]
[0.2608719635009765, 0.31047443235026695, 0.5506905550438344, 0.9195242651465847, 0.5407248933800558, 0.875, 0.875, 0.6335914318378155, 0.5273343179475833, 0.30467784669071546, 0.30467784669071546, 1.0, 1.0, 0.3668412646591884, 0.68296217918396, 0.6560685634613037, 0.6910684108734131]
[0.7502657341957092, 1.0, 0.08301174684782109, 0.0737882194202854, 0.0737882194202854, 0.875, 0.875, 0.30184334975022536, 0.5071401640213844, 0.9684861168934118, 1.0, 1.0, 0.753879543943426, 0.3668412646591884, 0.672961950302124, 0.6560685634613037, 0.6910684108734131]
[0.7502657341957092, 1.0, 0.0830117460024371, 0.07378821866883298, 0.07378821866883298, 0.875, 0.875, 0.23088748638446516, 0.2016668089941116, 0.8292241541308357, 0.8292241541308357, 1.0, 1.0, 0.14028995408286024, 0.6029622554779053, 0.6560685634613037, 0.6910684108734131]
[0.7502657341957092, 1.0, 0.08002584788138001, 0.07113408700567111, 0.07113408700567111, 0.875, 0.875, 0.6165635035588191, 0.278288996861324, 0.6884829787793738, 0.6884829787793738, 1.0, 1.0, 0.1935923456426602, 0.5179619789123535, 0.6560685634613037, 0.6910684108734131]
[0.2608719635009765, 0.31047443235026695, 0.5414665560634926, 0.9116119384774394, 0.5407248933800558, 0.875, 0.875, 0.3275193434495192, 0.5166350564375803, 0.9684861168934118, 1.0, 1.0, 0.7603117977396832, 0.3668412646591884, 0.7579619884490967, 0.6560685634613037, 0.6910684108734131]
[0.4108719396591186, 0.31047443235026695, 0.5506903181143283, 0.9192360249037619, 0.5407248933800558, 0.875, 0.875, 0.5463770352877103, 0.45584486668862456, 0.434035918994343, 0.434035918994343, 1.0, 1.0, 0.3171094724790432, 0.5979621410369873, 0.6560685634613037, 0.6910684108734131]
[0.7502657341957092, 1.0, 0.07994344402197617, 0.07106083913064548, 0.07106083913064548, 0.875, 0.875, 0.5370414440448468, 0.4983647228753624, 0.6821725421130151, 1.0, 1.0, 0.8645578168605973, 0.3668412646591884, 0.5979621410369873, 0.6560685634613037, 0.6910684108734131]
[0.7502657341957092, 1.0, 0.0737787193607724, 0.06558108387624213, 0.06558108387624213, 0.875, 0.875, 0.615025153526893, 0.5488654274742732, 0.827672852270745, 0.827672852270745, 1.0, 1.0, 0.3668412646591884, 0.68296217918396, 0.6560685634613037, 0.6910684108734131]
[0.7502657341957092, 1.0, 0.08300518278762925, 0.07378238470011489, 0.07378238470011489, 0.875, 0.875, 0.6335914318378155, 0.5273343179475833, 0.3046999819021282, 0.3046999819021282, 1.0, 1.0, 0.3668412646591884, 0.5279624462127686, 0.6560685634613037, 0.6910684108734131]
[0.2608719635009765, 0.31047443235026695, 0.5506905550438344, 0.9195242651465847, 0.5407248933800558, 0.875, 0.875, 0.43839337275578427, 0.3702387872335289, 0.5721117539072509, 0.5721117539072509, 1.0, 1.0, 0.2575574172059331, 0.5979621410369873, 0.6560685634613037, 0.6910684108734131]
[0.7502657341957092, 1.0, 0.07675394550398762, 0.06822572933687789, 0.06822572933687789, 0.875, 0.875, 0.591656758235051, 0.22925861349217946, 0.8156953034316403, 0.8156953034316403, 1.0, 1.0, 0.15948425286412485, 0.7579619884490967, 0.6560685634613037, 0.6910684108734131]
[0.2608719635009765, 0.31047443235026695, 0.5506905550438344, 0.9195242651465847, 0.5407248933800558, 0.875, 0.875, 0.6335914318378155, 0.5273343179475833, 0.30467784669071546, 0.30467784669071546, 1.0, 1.0, 0.3668412646591884, 0.7529621124267578, 0.6560685634613037, 0.6910684108734131]
[0.7502657341957092, 1.0, 0.0830117460024371, 0.07378821866883298, 0.07378821866883298, 0.875, 0.875, 0.6335914318378155, 0.5273343179475833, 0.319371878396315, 0.319371878396315, 1.0, 1.0, 0.3668412646591884, 0.6029622554779053, 0.6560685634613037, 0.6910684108734131]
[0.7502657341957092, 1.0, 0.08924809803878475, 0.079331642701142, 0.079331642701142, 0.875, 0.875, 0.45733275780311, 0.44712745083892913, 0.8156953034316403, 0.8156953034316403, 1.0, 1.0, 0.3107453655124165, 0.68296217918396, 0.6560685634613037, 0.6910684108734131]
[0.7502657341957092, 1.0, 0.08924809803878475, 0.079331642701142, 0.079331642701142, 0.875, 0.875, 0.6335914318378155, 0.5273343179475833, 0.2906332575176549, 0.2906332575176549, 1.0, 1.0, 0.3668412646591884, 0.7529621124267578, 0.6560685634613037, 0.6910684108734131]
[0.6849250960350036, 0.21133713126573905, 0.5569423753013795, 0.9643016991370589, 0.5407248933800558, 0.875, 0.875, 0.46473371065579927, 0.5029337777122456, 0.9584861168934118, 0.9584861168934118, 1.0, 1.0, 0.3668412646591884, 0.5279619693756104, 0.6560685634613037, 0.6910684108734131]
[0.7502657341957092, 1.0, 0.0737787193607724, 0.06558108387624213, 0.06558108387624213, 0.875, 0.875, 0.2547337458683894, 0.21991894627067432, 0.827672852270745, 0.827672852270745, 1.0, 1.0, 0.1529870930578604, 0.7529621124267578, 0.6560685634613037, 0.6910684108734131]
[0.7502657341957092, 1.0, 0.0737787193607724, 0.06558108387624213, 0.06558108387624213, 0.875, 0.875, 0.5265634976900541, 0.4753006639427768, 0.827672852270745, 0.827672852270745, 1.0, 1.0, 0.3171094724790432, 0.6729621887207031, 0.6560685634613037, 0.6910684108734131]
[0.7502657341957092, 1.0, 0.07994344402197617, 0.07106083913064548, 0.07106083913064548, 0.875, 0.875, 0.6335914318378155, 0.5273343179475833, 0.2886681983453186, 0.2886681983453186, 1.0, 1.0, 0.3668412646591884, 0.5979621410369873, 0.6560685634613037, 0.6910684108734131]
[0.2608719635009765, 0.31047443235026695, 0.5414665560634926, 0.9116119384774394, 0.5407248933800558, 0.875, 0.875, 0.6335914318378155, 0.5273343179475833, 0.3178545904268878, 0.3178545904268878, 1.0, 1.0, 0.3668412646591884, 0.5979621410369873, 0.6560685634613037, 0.6910684108734131]
[0.7502657341957092, 1.0, 0.07377870808350695, 0.06558107385200618, 0.06558107385200618, 0.875, 0.875, 0.5647337986872747, 0.516835469506523, 0.9684861168934118, 1.0, 1.0, 0.8645578168605973, 0.3668412646591884, 0.6029622554779053, 0.6560685634613037, 0.6910684108734131]
[0.7502657341957092, 1.0, 0.08301175321376997, 0.07378822507890664, 0.07378822507890664, 0.875, 0.875, 0.6335914318378155, 0.5273343179475833, 0.3026857878259361, 0.3026857878259361, 1.0, 1.0, 0.3668412646591884, 0.5279619693756104, 0.6560685634613037, 0.6910684108734131]
[0.7502657341957092, 1.0, 0.08002584788138001, 0.07113408700567111, 0.07113408700567111, 0.875, 0.875, 0.27367313091571516, 0.42415689496642717, 0.9584861168934118, 1.0, 1.0, 0.8138012742882768, 0.3107453655124165, 0.7579622268676758, 0.6560685634613037, 0.6910684108734131]
[0.6849250960350036, 0.21133713126573905, 0.5569423753013795, 0.9643016991370589, 0.5407248933800558, 0.875, 0.875, 0.2921347984900841, 0.48917637682475923, 0.9684861168934118, 1.0, 1.0, 0.7407614886037501, 0.3668412646591884, 0.5279624462127686, 0.6560685634613037, 0.6910684108734131]
[0.2608719635009765, 0.31047443235026695, 0.5506905550438344, 0.9195242651465847, 0.5407248933800558, 0.875, 0.875, 0.5262722602257361, 0.5083941591669462, 0.6821725421130151, 1.0, 1.0, 0.8649218979267047, 0.3668412646591884, 0.68296217918396, 0.6560685634613037, 0.6910684108734131]
[0.7502657341957092, 1.0, 0.07675394550398762, 0.06822572933687789, 0.06822572933687789, 0.875, 0.875, 0.6335914318378155, 0.5273343179475833, 0.3331407174738216, 0.3331407174738216, 1.0, 1.0, 0.3668412646591884, 0.7579622268676758, 0.6560685634613037, 0.6910684108734131]
[0.2608719635009765, 0.31047443235026695, 0.5414665560634926, 0.9116119384774394, 0.5407248933800558, 0.875, 0.875, 0.6335914318378155, 0.5273343179475833, 0.3178545904268878, 0.3178545904268878, 1.0, 1.0, 0.3668412646591884, 0.5179622173309326, 0.6560685634613037, 0.6910684108734131]
[0.7502657341957092, 1.0, 0.0830117460024371, 0.07378821866883298, 0.07378821866883298, 0.875, 0.875, 0.4913654327392578, 0.4338509523577112, 0.8292241541308357, 1.0, 1.0, 0.8697730961787237, 0.3107453655124165, 0.7579622268676758, 0.6560685634613037, 0.6910684108734131]
[0.7502657341957092, 1.0, 0.08301174684782109, 0.0737882194202854, 0.0737882194202854, 0.875, 0.875, 0.5685798938457782, 0.5071401640213844, 0.6979667258492566, 1.0, 1.0, 0.8697730961787237, 0.3668412646591884, 0.7529621124267578, 0.6560685634613037, 0.6910684108734131]
[0.2608719635009765, 0.31047443235026695, 0.5506905550438344, 0.9195242651465847, 0.5407248933800558, 0.875, 0.875, 0.6335914318378155, 0.5273343179475833, 0.30467784669071546, 0.30467784669071546, 1.0, 1.0, 0.3668412646591884, 0.68296217918396, 0.6560685634613037, 0.6910684108734131]
[0.7502657341957092, 1.0, 0.07994344402197617, 0.07106083913064548, 0.07106083913064548, 0.875, 0.875, 0.43839337275578427, 0.3702387872335289, 0.5583143638373944, 0.5583143638373944, 1.0, 1.0, 0.2575574172059331, 0.5179622173309326, 0.6560685634613037, 0.6910684108734131]
[0.5830313730239868, 0.834440469382227, 0.6797488032759286, 0.9166666666666666, 0.9893016991370589, 0.9821788230583823, 0.875, 0.5162721780630258, 0.4580010148742346, 0.9584861168934118, 0.9584861168934118, 1.0, 1.0, 0.3107453655124165, 0.44796204566955566, 0.6560685634613037, 0.6910684108734131]
[0.7502657341957092, 1.0, 0.07675394550398762, 0.06822572933687789, 0.06822572933687789, 0.875, 0.875, 0.4499318049504207, 0.3784785286718242, 0.5721117539072509, 0.5721117539072509, 1.0, 1.0, 0.26328941124996463, 0.5979621410369873, 0.6560685634613037, 0.6910684108734131]
[0.6849250960350036, 0.21133713126573905, 0.5569423753013795, 0.9643016991370589, 0.5407248933800558, 0.875, 0.875, 0.6335914318378155, 0.5273343179475833, 0.2724481993084419, 0.2724481993084419, 1.0, 1.0, 0.3668412646591884, 0.6029620170593262, 0.6560685634613037, 0.6910684108734131]
[0.7502657341957092, 1.0, 0.07377870808350695, 0.06558107385200618, 0.06558107385200618, 0.875, 0.875, 0.4696405850923978, 0.47640294621326795, 0.827672852270745, 0.827672852270745, 1.0, 1.0, 0.3171094724790432, 0.5979621410369873, 0.6560685634613037, 0.6910684108734131]
[0.4108719396591186, 0.31047443235026695, 0.5506903181143283, 0.9192360249037619, 0.5407248933800558, 0.875, 0.875, 0.537810545701247, 0.50729154550352, 0.8156953034316403, 1.0, 1.0, 0.8133949557238814, 0.3668412646591884, 0.68296217918396, 0.6560685634613037, 0.6910684108734131]
[0.2608719635009765, 0.31047443235026695, 0.5414665560634926, 0.9116119384774394, 0.5407248933800558, 0.875, 0.875, 0.6335914318378155, 0.5273343179475833, 0.3178545904268878, 0.3178545904268878, 1.0, 1.0, 0.3668412646591884, 0.5279624462127686, 0.6560685634613037, 0.6910684108734131]
[0.7502657341957092, 1.0, 0.07993481290705173, 0.07105316702849043, 0.07105316702849043, 0.875, 0.875, 0.6335914318378155, 0.5273343179475833, 0.30545915972901794, 0.30545915972901794, 1.0, 1.0, 0.3668412646591884, 0.5979619026184082, 0.6560685634613037, 0.6910684108734131]
[0.5830313730239868, 0.834440469382227, 0.6797488032759286, 0.9166666666666666, 0.9893016991370589, 0.9821788230583823, 0.875, 0.6335914318378155, 0.5273343179475833, 0.31742800993142006, 0.31742800993142006, 1.0, 1.0, 0.3668412646591884, 0.7529623508453369, 0.6560685634613037, 0.6910684108734131]
[0.7502657341957092, 1.0, 0.07993481290705173, 0.07105316702849043, 0.07105316702849043, 0.875, 0.875, 0.6316567934476413, 0.4578739332455506, 0.9584861168934118, 0.9584861168934118, 1.0, 1.0, 0.3107453655124165, 0.5979619026184082, 0.6560685634613037, 0.6910684108734131]
[0.7502657341957092, 1.0, 0.07993481290705173, 0.07105316702849043, 0.07105316702849043, 0.875, 0.875, 0.6335914318378155, 0.5273343179475833, 0.30545915972901794, 0.30545915972901794, 1.0, 1.0, 0.3668412646591884, 0.6729621887207031, 0.6560685634613037, 0.6910684108734131]
[0.7502657341957092, 1.0, 0.08924784791137408, 0.07933142036566584, 0.07933142036566584, 0.875, 0.875, 0.5955030001126803, 0.48793207706064123, 0.6821725421130151, 1.0, 1.0, 0.8649218979267047, 0.3668412646591884, 0.5979621410369873, 0.6560685634613037, 0.6910684108734131]
[0.6849250960350036, 0.21133713126573905, 0.5569423753013795, 0.9643016991370589, 0.5407248933800558, 0.875, 0.875, 0.6335914318378155, 0.5273343179475833, 0.2724481993084419, 0.2724481993084419, 1.0, 1.0, 0.3668412646591884, 0.672961950302124, 0.6560685634613037, 0.6910684108734131]
[0.7502657341957092, 1.0, 0.07675394550398762, 0.06822572933687789, 0.06822572933687789, 0.875, 0.875, 0.5147336813119742, 0.5277650202613665, 0.827672852270745, 1.0, 1.0, 0.8139616321335873, 0.3668412646591884, 0.6029622554779053, 0.6560685634613037, 0.6910684108734131]
[0.2608719635009765, 0.31047443235026695, 0.5414665560634926, 0.9116119384774394, 0.5407248933800558, 0.875, 0.875, 0.6316567934476413, 0.5166350564375803, 0.9684861168934118, 1.0, 1.0, 0.8697730961787237, 0.3668412646591884, 0.7579622268676758, 0.6560685634613037, 0.6910684108734131]
[0.7502657341957092, 1.0, 0.07993481290705173, 0.07105316702849043, 0.07105316702849043, 0.875, 0.875, 0.6335914318378155, 0.5273343179475833, 0.30545915972901794, 0.30545915972901794, 1.0, 1.0, 0.3668412646591884, 0.68296217918396, 0.6560685634613037, 0.6910684108734131]
[0.2608719635009765, 0.31047443235026695, 0.5506905550438344, 0.9195242651465847, 0.5407248933800558, 0.875, 0.875, 0.5463770352877103, 0.45584486668862456, 0.4357492211716165, 0.4357492211716165, 1.0, 1.0, 0.3171094724790432, 0.6729621887207031, 0.6560685634613037, 0.6910684108734131]
[0.2608719635009765, 0.31047443235026695, 0.5506905550438344, 0.9195242651465847, 0.5407248933800558, 0.875, 0.875, 0.6335914318378155, 0.5273343179475833, 0.30467784669071546, 0.30467784669071546, 1.0, 1.0, 0.3668412646591884, 0.5979619026184082, 0.6560685634613037, 0.6910684108734131]
[0.7502657341957092, 1.0, 0.07377870808350695, 0.06558107385200618, 0.06558107385200618, 0.875, 0.875, 0.6335914318378155, 0.5273343179475833, 0.315943265732331, 0.315943265732331, 1.0, 1.0, 0.3668412646591884, 0.5279619693756104, 0.6560685634613037, 0.6910684108734131]
[0.7502657341957092, 1.0, 0.07675394550398762, 0.06822572933687789, 0.06822572933687789, 0.875, 0.875, 0.48117887056790865, 0.4846403310030598, 0.8156953034316403, 0.8156953034316403, 1.0, 1.0, 0.3171094724790432, 0.5979621410369873, 0.6560685634613037, 0.6910684108734131]
[0.6849250960350036, 0.21133713126573905, 0.5569423753013795, 0.9643016991370589, 0.5407248933800558, 0.875, 0.875, 0.6335914318378155, 0.5273343179475833, 0.2724481993084419, 0.2724481993084419, 1.0, 1.0, 0.3668412646591884, 0.6029622554779053, 0.6560685634613037, 0.6910684108734131]
[0.7502657341957092, 1.0, 0.08301175321376997, 0.07378822507890664, 0.07378822507890664, 0.875, 0.875, 0.5378106924203726, 0.5071404144403533, 0.6821725421130151, 1.0, 1.0, 0.8697730961787237, 0.3668412646591884, 0.7579622268676758, 0.6560685634613037, 0.6910684108734131]
[0.7502657341957092, 1.0, 0.0830002154717081, 0.07377796930818498, 0.07377796930818498, 0.875, 0.875, 0.3905962430513822, 0.5072912581741132, 0.9684861168934118, 1.0, 1.0, 0.7539286604323231, 0.3668412646591884, 0.6029622554779053, 0.6560685634613037, 0.6910684108734131]
[0.7502657341957092, 1.0, 0.07994344402197617, 0.07106083913064548, 0.07106083913064548, 0.875, 0.875, 0.6335914318378155, 0.5273343179475833, 0.2886681983453186, 0.2886681983453186, 1.0, 1.0, 0.3668412646591884, 0.5279624462127686, 0.6560685634613037, 0.6910684108734131]
[0.7502657341957092, 1.0, 0.0830002154717081, 0.07377796930818498, 0.07377796930818498, 0.875, 0.875, 0.6335914318378155, 0.5273343179475833, 0.3176346640644133, 0.3176346640644133, 1.0, 1.0, 0.3668412646591884, 0.5179622173309326, 0.6560685634613037, 0.6910684108734131]
[0.7502657341957092, 1.0, 0.0830117460024371, 0.07378821866883298, 0.07378821866883298, 0.875, 0.875, 0.23088748638446516, 0.2016668089941116, 0.8292241541308357, 0.8292241541308357, 1.0, 1.0, 0.14028995408286024, 0.5279624462127686, 0.6560685634613037, 0.6910684108734131]
[0.6849250960350036, 0.21133713126573905, 0.5569423753013795, 0.9643016991370589, 0.5407248933800558, 0.875, 0.875, 0.23088748638446516, 0.2018070521861257, 0.8156953034316403, 0.8156953034316403, 1.0, 1.0, 0.14038751456426138, 0.5979621410369873, 0.6560685634613037, 0.6910684108734131]
[0.7502657341957092, 1.0, 0.0830117460024371, 0.07378821866883298, 0.07378821866883298, 0.875, 0.875, 0.33887114891639125, 0.2874913775511314, 0.7004781212110642, 0.7004781212110642, 1.0, 1.0, 0.19999400177470011, 0.68296217918396, 0.6560685634613037, 0.6910684108734131]
[0.2608719635009765, 0.31047443235026695, 0.5414665560634926, 0.9116119384774394, 0.5407248933800558, 0.875, 0.875, 0.5955030001126803, 0.5166350564375803, 0.6821725421130151, 1.0, 1.0, 0.8697730961787237, 0.3668412646591884, 0.68296217918396, 0.6560685634613037, 0.6910684108734131]
[0.7502657341957092, 1.0, 0.0737787193607724, 0.06558108387624213, 0.06558108387624213, 0.875, 0.875, 0.6335914318378155, 0.5273343179475833, 0.3161871345271675, 0.3161871345271675, 1.0, 1.0, 0.3668412646591884, 0.7579622268676758, 0.6560685634613037, 0.6910684108734131]
[0.7502657341957092, 1.0, 0.07377870808350695, 0.06558107385200618, 0.06558107385200618, 0.875, 0.875, 0.6119481600247897, 0.549967710375246, 0.827672852270745, 0.827672852270745, 1.0, 1.0, 0.3668412646591884, 0.68296217918396, 0.6560685634613037, 0.6910684108734131]
[0.2608719635009765, 0.31047443235026695, 0.5414665560634926, 0.9116119384774394, 0.5407248933800558, 0.875, 0.875, 0.6335914318378155, 0.5273343179475833, 0.3178545904268878, 0.3178545904268878, 1.0, 1.0, 0.3668412646591884, 0.44796204566955566, 0.6560685634613037, 0.6910684108734131]
[0.7502657341957092, 1.0, 0.0737787193607724, 0.06558108387624213, 0.06558108387624213, 0.875, 0.875, 0.6335914318378155, 0.5273343179475833, 0.3161871345271675, 0.3161871345271675, 1.0, 1.0, 0.3668412646591884, 0.6029620170593262, 0.6560685634613037, 0.6910684108734131]
[0.7502657341957092, 1.0, 0.0830117460024371, 0.07378821866883298, 0.07378821866883298, 0.875, 0.875, 0.5562722132756159, 0.5071375116321478, 0.9684861168934118, 1.0, 1.0, 0.8697730961787237, 0.3668412646591884, 0.7529621124267578, 0.6560685634613037, 0.6910684108734131]
[0.7502657341957092, 1.0, 0.08002584788138001, 0.07113408700567111, 0.07113408700567111, 0.875, 0.875, 0.4390577169565054, 0.12010360625220606, 0.9584861168934118, 0.9584861168934118, 1.0, 1.0, 0.08355033478414335, 0.5279619693756104, 0.6560685634613037, 0.6910684108734131]
[0.4108719396591186, 0.31047443235026695, 0.5506903181143283, 0.9192360249037619, 0.5407248933800558, 0.875, 0.875, 0.30184334975022536, 0.50729154550352, 0.9684861168934118, 1.0, 1.0, 0.7539286604323231, 0.3668412646591884, 0.672961950302124, 0.6560685634613037, 0.6910684108734131]
[0.2608719635009765, 0.31047443235026695, 0.5506905550438344, 0.9195242651465847, 0.5407248933800558, 0.875, 0.875, 0.6335914318378155, 0.5273343179475833, 0.30467784669071546, 0.30467784669071546, 1.0, 1.0, 0.3668412646591884, 0.68296217918396, 0.6560685634613037, 0.6910684108734131]
[0.2608719635009765, 0.31047443235026695, 0.5414665560634926, 0.9116119384774394, 0.5407248933800558, 0.875, 0.875, 0.6142559051513672, 0.5390377291452139, 0.827672852270745, 0.827672852270745, 1.0, 1.0, 0.3668412646591884, 0.6029622554779053, 0.6560685634613037, 0.6910684108734131]
[0.7502657341957092, 1.0, 0.07675394550398762, 0.06822572933687789, 0.06822572933687789, 0.875, 0.875, 0.17905763479379508, 0.15744922723943056, 0.9584861168934118, 0.9584861168934118, 1.0, 1.0, 0.10952989721003865, 0.8279621601104736, 0.6560685634613037, 0.6910684108734131]
[0.2608719635009765, 0.31047443235026695, 0.5414665560634926, 0.9116119384774394, 0.5407248933800558, 0.875, 0.875, 0.43839337275578427, 0.3702387872335289, 0.5831067653382108, 0.5831067653382108, 1.0, 1.0, 0.2575574172059331, 0.5979621410369873, 0.6560685634613037, 0.6910684108734131]
[0.7502657341957092, 1.0, 0.08301174684782109, 0.0737882194202854, 0.0737882194202854, 0.875, 0.875, 0.6335914318378155, 0.5273343179475833, 0.3174124554491945, 0.3174124554491945, 1.0, 1.0, 0.3668412646591884, 0.68296217918396, 0.6560685634613037, 0.6910684108734131]
[0.7502657341957092, 1.0, 0.0830117460024371, 0.07378821866883298, 0.07378821866883298, 0.875, 0.875, 0.6335914318378155, 0.5273343179475833, 0.319371878396315, 0.319371878396315, 1.0, 1.0, 0.3668412646591884, 0.5979623794555664, 0.6560685634613037, 0.6910684108734131]
[0.2608719635009765, 0.31047443235026695, 0.5506905550438344, 0.9195242651465847, 0.5407248933800558, 0.875, 0.875, 0.6335914318378155, 0.5273343179475833, 0.30467784669071546, 0.30467784669071546, 1.0, 1.0, 0.3668412646591884, 0.7579622268676758, 0.6560685634613037, 0.6910684108734131]
[0.7502657341957092, 1.0, 0.0737763736023227, 0.06557899875762017, 0.06557899875762017, 0.875, 0.875, 0.33136558532714844, 0.3896337210166354, 0.9684861168934118, 1.0, 1.0, 0.8697730961787237, 0.25679017544850824, 0.7579619884490967, 0.6560685634613037, 0.6910684108734131]
[0.2608719635009765, 0.31047443235026695, 0.5414665560634926, 0.9116119384774394, 0.5407248933800558, 0.875, 0.875, 0.5463770352877103, 0.45584486668862456, 0.4487171348012713, 0.4487171348012713, 1.0, 1.0, 0.3171094724790432, 0.6729621887207031, 0.6560685634613037, 0.6910684108734131]
[0.7502657341957092, 1.0, 0.07993481290705173, 0.07105316702849043, 0.07105316702849043, 0.875, 0.875, 0.5207010415884165, 0.41790394581596724, 0.674111286829259, 0.674111286829259, 1.0, 1.0, 0.3107453655124165, 0.68296217918396, 0.6560685634613037, 0.6910684108734131]
[0.7502657341957092, 1.0, 0.07675394550398762, 0.06822572933687789, 0.06822572933687789, 0.875, 0.875, 0.5463770352877103, 0.45584486668862456, 0.44956472635165323, 0.44956472635165323, 1.0, 1.0, 0.3171094724790432, 0.5979621410369873, 0.6560685634613037, 0.6910684108734131]
[0.2608719635009765, 0.31047443235026695, 0.5506905550438344, 0.9195242651465847, 0.5407248933800558, 0.875, 0.875, 0.6335914318378155, 0.5273343179475833, 0.30467784669071546, 0.30467784669071546, 1.0, 1.0, 0.3668412646591884, 0.7579622268676758, 0.6560685634613037, 0.6910684108734131]
[0.7502657341957092, 1.0, 0.07377870808350695, 0.06558107385200618, 0.06558107385200618, 0.875, 0.875, 0.3275193434495192, 0.38981437275088315, 0.9684861168934118, 1.0, 1.0, 0.8645578168605973, 0.26328941124996463, 0.6729621887207031, 0.6560685634613037, 0.6910684108734131]
[0.7502657341957092, 1.0, 0.0737787193607724, 0.06558108387624213, 0.06558108387624213, 0.875, 0.875, 0.49194820110614484, 0.5488654274742732, 0.827672852270745, 0.827672852270745, 1.0, 1.0, 0.3668412646591884, 0.68296217918396, 0.6560685634613037, 0.6910684108734131]
[0.7502657341957092, 1.0, 0.07993481290705173, 0.07105316702849043, 0.07105316702849043, 0.875, 0.875, 0.6335914318378155, 0.5273343179475833, 0.30545915972901794, 0.30545915972901794, 1.0, 1.0, 0.3668412646591884, 0.5979621410369873, 0.6560685634613037, 0.6910684108734131]
[0.2608719635009765, 0.31047443235026695, 0.5414665560634926, 0.9116119384774394, 0.5407248933800558, 0.875, 0.875, 0.6335914318378155, 0.5273343179475833, 0.3178545904268878, 0.3178545904268878, 1.0, 1.0, 0.3668412646591884, 0.44796204566955566, 0.6560685634613037, 0.6910684108734131]
[0.6849250960350036, 0.21133713126573905, 0.5569423753013795, 0.9643016991370589, 0.5407248933800558, 0.875, 0.875, 0.6335914318378155, 0.5273343179475833, 0.2724481993084419, 0.2724481993084419, 1.0, 1.0, 0.3668412646591884, 0.6029622554779053, 0.6560685634613037, 0.6910684108734131]
[0.7502657341957092, 1.0, 0.08301175321376997, 0.07378822507890664, 0.07378822507890664, 0.875, 0.875, 0.6335914318378155, 0.5273343179475833, 0.3026857878259361, 0.3026857878259361, 1.0, 1.0, 0.3668412646591884, 0.5979621410369873, 0.6560685634613037, 0.6910684108734131]
[0.7502657341957092, 1.0, 0.08300518278762925, 0.07378238470011489, 0.07378238470011489, 0.875, 0.875, 0.5981019827035757, 0.5487142835892526, 0.8156953034316403, 0.8156953034316403, 1.0, 1.0, 0.3668412646591884, 0.6729621887207031, 0.6560685634613037, 0.6910684108734131]
[0.7502657341957092, 1.0, 0.08300084862559054, 0.07377853211163604, 0.07377853211163604, 0.875, 0.875, 0.33887114891639125, 0.2874913775511314, 0.6893203652314212, 0.6893203652314212, 1.0, 1.0, 0.19999400177470011, 0.6029622554779053, 0.6560685634613037, 0.6910684108734131]
[0.2608719635009765, 0.31047443235026695, 0.5506905550438344, 0.9195242651465847, 0.5407248933800558, 0.875, 0.875, 0.6335914318378155, 0.5273343179475833, 0.30467784669071546, 0.30467784669071546, 1.0, 1.0, 0.3668412646591884, 0.7579622268676758, 0.6560685634613037, 0.6910684108734131]
[0.7502657341957092, 1.0, 0.0737787193607724, 0.06558108387624213, 0.06558108387624213, 0.875, 0.875, 0.5452116452730619, 0.5168181201093217, 0.9684861168934118, 1.0, 1.0, 0.9819504856058312, 0.3668412646591884, 0.5979621410369873, 0.6560685634613037, 0.6910684108734131]
[0.2608719635009765, 0.31047443235026695, 0.5414665560634926, 0.9116119384774394, 0.5407248933800558, 0.875, 0.875, 0.5463770352877103, 0.45584486668862456, 0.4487171348012713, 0.4487171348012713, 1.0, 1.0, 0.3171094724790432, 0.5179622173309326, 0.6560685634613037, 0.6910684108734131]
[0.7502657341957092, 1.0, 0.08301175321376997, 0.07378822507890664, 0.07378822507890664, 0.875, 0.875, 0.5463770352877103, 0.45584486668862456, 0.4339229510698802, 0.4339229510698802, 1.0, 1.0, 0.3171094724790432, 0.5979623794555664, 0.6560685634613037, 0.6910684108734131]
[0.7502657341957092, 1.0, 0.07994344402197617, 0.07106083913064548, 0.07106083913064548, 0.875, 0.875, 0.6335914318378155, 0.5273343179475833, 0.2886681983453186, 0.2886681983453186, 1.0, 1.0, 0.3668412646591884, 0.7529621124267578, 0.6560685634613037, 0.6910684108734131]
[0.7502657341957092, 1.0, 0.08924784791137408, 0.07933142036566584, 0.07933142036566584, 0.875, 0.875, 0.6335914318378155, 0.5273343179475833, 0.2886874154456944, 0.2886874154456944, 1.0, 1.0, 0.3668412646591884, 0.7579622268676758, 0.6560685634613037, 0.6910684108734131]
[0.7502657341957092, 1.0, 0.08301175321376997, 0.07378822507890664, 0.07378822507890664, 0.875, 0.875, 0.632717279287485, 0.5105218307289459, 0.8292241541308357, 0.9584861168934118, 1.0, 1.0, 0.3668412646591884, 0.6029622554779053, 0.6560685634613037, 0.6910684108734131]
[0.7502657341957092, 1.0, 0.08300084862559054, 0.07377853211163604, 0.07377853211163604, 0.875, 0.875, 0.6335914318378155, 0.5273343179475833, 0.3195837300591314, 0.3195837300591314, 1.0, 1.0, 0.3668412646591884, 0.6829619407653809, 0.6560685634613037, 0.6910684108734131]
[0.7502657341957092, 1.0, 0.08300518278762925, 0.07378238470011489, 0.07378238470011489, 0.875, 0.875, 0.30184334975022536, 0.508536018060337, 0.9684861168934118, 1.0, 1.0, 0.7540173997865792, 0.3668412646591884, 0.672961950302124, 0.6560685634613037, 0.6910684108734131]
[0.7502657341957092, 1.0, 0.07377870808350695, 0.06558107385200618, 0.06558107385200618, 0.875, 0.875, 0.6335914318378155, 0.5273343179475833, 0.315943265732331, 0.315943265732331, 1.0, 1.0, 0.3668412646591884, 0.68296217918396, 0.6560685634613037, 0.6910684108734131]
[0.7502657341957092, 1.0, 0.07676459748596198, 0.06823519776529954, 0.06823519776529954, 0.875, 0.875, 0.4390577169565054, 0.5264878368985286, 0.827672852270745, 1.0, 1.0, 0.81939387197422, 0.3668412646591884, 0.8279621601104736, 0.6560685634613037, 0.6910684108734131]
[0.7502657341957092, 1.0, 0.0737787193607724, 0.06558108387624213, 0.06558108387624213, 0.875, 0.875, 0.6335914318378155, 0.5273343179475833, 0.3161871345271675, 0.3161871345271675, 1.0, 1.0, 0.3668412646591884, 0.6729621887207031, 0.6560685634613037, 0.6910684108734131]
[0.7502657341957092, 1.0, 0.0737763736023227, 0.06557899875762017, 0.06557899875762017, 0.875, 0.875, 0.24059633108285758, 0.31606895516350675, 0.9584861168934118, 1.0, 1.0, 0.9250751531611935, 0.20608640448551688, 0.7579622268676758, 0.6560685634613037, 0.6910684108734131]
[0.7502657341957092, 1.0, 0.07377870808350695, 0.06558107385200618, 0.06558107385200618, 0.875, 0.875, 0.46290382972130406, 0.13961008726230406, 0.9584861168934118, 0.9584861168934118, 1.0, 1.0, 0.09712006070421152, 0.68296217918396, 0.6560685634613037, 0.6910684108734131]
[0.7502657341957092, 1.0, 0.08924809803878475, 0.079331642701142, 0.079331642701142, 0.875, 0.875, 0.4152116041917067, 0.4890362759058442, 0.8165116830620548, 1.0, 1.0, 0.808799180236992, 0.3668412646591884, 0.6729621887207031, 0.6560685634613037, 0.6910684108734131]
[0.7502657341957092, 1.0, 0.07993481290705173, 0.07105316702849043, 0.07105316702849043, 0.875, 0.875, 0.33887114891639125, 0.2874913775511314, 0.674111286829259, 0.674111286829259, 1.0, 1.0, 0.19999400177470011, 0.68296217918396, 0.6560685634613037, 0.6910684108734131]
[0.7502657341957092, 1.0, 0.08300518278762925, 0.07378238470011489, 0.07378238470011489, 0.875, 0.875, 0.4459808056171124, 0.508536018060337, 0.8156953034316403, 1.0, 1.0, 0.8079662246763936, 0.3668412646591884, 0.5979619026184082, 0.6560685634613037, 0.6910684108734131]
[0.7502657341957092, 1.0, 0.0737787193607724, 0.06558108387624213, 0.06558108387624213, 0.875, 0.875, 0.6119481600247897, 0.5488654274742732, 0.827672852270745, 0.827672852270745, 1.0, 1.0, 0.3668412646591884, 0.68296217918396, 0.6560685634613037, 0.6910684108734131]
[0.4108719396591186, 0.31047443235026695, 0.5506903181143283, 0.9192360249037619, 0.5407248933800558, 0.875, 0.875, 0.6335914318378155, 0.5273343179475833, 0.3029483945052231, 0.3029483945052231, 1.0, 1.0, 0.3668412646591884, 0.7579622268676758, 0.6560685634613037, 0.6910684108734131]
[0.2608719635009765, 0.31047443235026695, 0.5506905550438344, 0.9195242651465847, 0.5407248933800558, 0.875, 0.875, 0.6335914318378155, 0.5273343179475833, 0.30467784669071546, 0.30467784669071546, 1.0, 1.0, 0.3668412646591884, 0.5279624462127686, 0.6560685634613037, 0.6910684108734131]
[0.4108719396591186, 0.31047443235026695, 0.5506903181143283, 0.9192360249037619, 0.5407248933800558, 0.875, 0.875, 0.6335914318378155, 0.5273343179475833, 0.3029483945052231, 0.3029483945052231, 1.0, 1.0, 0.3668412646591884, 0.5179619789123535, 0.6560685634613037, 0.6910684108734131]
[0.7502657341957092, 1.0, 0.07994344402197617, 0.07106083913064548, 0.07106083913064548, 0.875, 0.875, 0.6142559051513672, 0.2888328211027744, 0.6884829787793738, 0.6884829787793738, 1.0, 1.0, 0.20092717989758221, 0.6029622554779053, 0.6560685634613037, 0.6910684108734131]
[0.7502657341957092, 1.0, 0.07377870808350695, 0.06558107385200618, 0.06558107385200618, 0.875, 0.875, 0.6335914318378155, 0.5273343179475833, 0.315943265732331, 0.315943265732331, 1.0, 1.0, 0.3668412646591884, 0.7579622268676758, 0.6560685634613037, 0.6910684108734131]
[0.2608719635009765, 0.31047443235026695, 0.5506905550438344, 0.9195242651465847, 0.5407248933800558, 0.875, 0.875, 0.5463770352877103, 0.45584486668862456, 0.4357492211716165, 0.4357492211716165, 1.0, 1.0, 0.3171094724790432, 0.5979623794555664, 0.6560685634613037, 0.6910684108734131]
[0.7502657341957092, 1.0, 0.0737787193607724, 0.06558108387624213, 0.06558108387624213, 0.875, 0.875, 0.3496404794546274, 0.29752179344529783, 0.6884829787793738, 0.6884829787793738, 1.0, 1.0, 0.20697168239672892, 0.5179622173309326, 0.6560685634613037, 0.6910684108734131]
[0.7502657341957092, 1.0, 0.08301175321376997, 0.07378822507890664, 0.07378822507890664, 0.875, 0.875, 0.6335914318378155, 0.5273343179475833, 0.3026857878259361, 0.3026857878259361, 1.0, 1.0, 0.3668412646591884, 0.7579619884490967, 0.6560685634613037, 0.6910684108734131]
[0.7502657341957092, 1.0, 0.0737763736023227, 0.06557899875762017, 0.06557899875762017, 0.875, 0.875, 0.4985799055833083, 0.5209297509096786, 0.9584861168934118, 0.9584861168934118, 1.0, 1.0, 0.3668412646591884, 0.6029620170593262, 0.6560685634613037, 0.6910684108734131]
[0.7502657341957092, 1.0, 0.07675394550398762, 0.06822572933687789, 0.06822572933687789, 0.875, 0.875, 0.5955030001126803, 0.5277650202613665, 0.7081068856075043, 1.0, 1.0, 0.8649218979267047, 0.3668412646591884, 0.68296217918396, 0.6560685634613037, 0.6910684108734131]
[0.6849250960350036, 0.21133713126573905, 0.5569423753013795, 0.9643016991370589, 0.5407248933800558, 0.875, 0.875, 0.6296404325045072, 0.2888328211027744, 0.674111286829259, 0.674111286829259, 1.0, 1.0, 0.20092717989758221, 0.6029620170593262, 0.6560685634613037, 0.6910684108734131]
[0.7502657341957092, 1.0, 0.07675394550398762, 0.06822572933687789, 0.06822572933687789, 0.875, 0.875, 0.3627172616811899, 0.3066757903923001, 0.6893203652314212, 0.6893203652314212, 1.0, 1.0, 0.2133396802729044, 0.7529621124267578, 0.6560685634613037, 0.6910684108734131]
[0.7502657341957092, 1.0, 0.07994344402197617, 0.07106083913064548, 0.07106083913064548, 0.875, 0.875, 0.583195319542518, 0.4983647228753624, 0.6821725421130151, 1.0, 1.0, 0.8645578168605973, 0.3668412646591884, 0.5179619789123535, 0.6560685634613037, 0.6910684108734131]
[0.7502657341957092, 1.0, 0.07994344402197617, 0.07106083913064548, 0.07106083913064548, 0.875, 0.875, 0.37828856248121995, 0.4983647228753624, 0.9684861168934118, 1.0, 1.0, 0.7478034721562754, 0.3668412646591884, 0.6029622554779053, 0.6560685634613037, 0.6910684108734131]
[0.7502657341957092, 1.0, 0.0830002154717081, 0.07377796930818498, 0.07377796930818498, 0.875, 0.875, 0.4798270005446214, 0.4340047015092523, 0.8165116830620548, 1.0, 1.0, 0.8649218979267047, 0.3107453655124165, 0.68296217918396, 0.6560685634613037, 0.6910684108734131]
[0.6849250960350036, 0.21133713126573905, 0.5569423753013795, 0.9643016991370589, 0.5407248933800558, 0.875, 0.875, 0.5370414440448468, 0.48917637682475923, 0.6821725421130151, 1.0, 1.0, 0.858309255143156, 0.3668412646591884, 0.5979619026184082, 0.6560685634613037, 0.6910684108734131]
[0.7502657341957092, 1.0, 0.07675394550398762, 0.06822572933687789, 0.06822572933687789, 0.875, 0.875, 0.5262722602257361, 0.5277650202613665, 0.7081068856075043, 1.0, 1.0, 0.8649218979267047, 0.3668412646591884, 0.6029622554779053, 0.6560685634613037, 0.6910684108734131]
[0.7502657341957092, 1.0, 0.08924784791137408, 0.07933142036566584, 0.07933142036566584, 0.875, 0.875, 0.45733275780311, 0.44712745083892913, 0.8292241541308357, 0.8292241541308357, 1.0, 1.0, 0.3107453655124165, 0.7579622268676758, 0.6560685634613037, 0.6910684108734131]
[0.7502657341957092, 1.0, 0.07377870808350695, 0.06558107385200618, 0.06558107385200618, 0.875, 0.875, 0.583195319542518, 0.516835469506523, 0.7081068856075043, 1.0, 1.0, 0.8645578168605973, 0.3668412646591884, 0.6029622554779053, 0.6560685634613037, 0.6910684108734131]
[0.4108719396591186, 0.31047443235026695, 0.5506903181143283, 0.9192360249037619, 0.5407248933800558, 0.875, 0.875, 0.6335914318378155, 0.5273343179475833, 0.3029483945052231, 0.3029483945052231, 1.0, 1.0, 0.3668412646591884, 0.68296217918396, 0.6560685634613037, 0.6910684108734131]
[0.4108719396591186, 0.31047443235026695, 0.5506903181143283, 0.9192360249037619, 0.5407248933800558, 0.875, 0.875, 0.5455030294565054, 0.50729154550352, 0.9684861168934118, 1.0, 1.0, 0.8649218979267047, 0.3668412646591884, 0.68296217918396, 0.6560685634613037, 0.6910684108734131]
[0.2608719635009765, 0.31047443235026695, 0.5506905550438344, 0.9195242651465847, 0.5407248933800558, 0.875, 0.875, 0.6335914318378155, 0.5273343179475833, 0.30467784669071546, 0.30467784669071546, 1.0, 1.0, 0.3668412646591884, 0.7579619884490967, 0.6560685634613037, 0.6910684108734131]
[0.7502657341957092, 1.0, 0.08300518278762925, 0.07378238470011489, 0.07378238470011489, 0.875, 0.875, 0.6335914318378155, 0.5273343179475833, 0.3046999819021282, 0.3046999819021282, 1.0, 1.0, 0.3668412646591884, 0.5179622173309326, 0.6560685634613037, 0.6910684108734131]
[0.7502657341957092, 1.0, 0.0737787193607724, 0.06558108387624213, 0.06558108387624213, 0.875, 0.875, 0.6335914318378155, 0.5273343179475833, 0.3161871345271675, 0.3161871345271675, 1.0, 1.0, 0.3668412646591884, 0.5179622173309326, 0.6560685634613037, 0.6910684108734131]
[0.4108719396591186, 0.31047443235026695, 0.5506903181143283, 0.9192360249037619, 0.5407248933800558, 0.875, 0.875, 0.1421347398024339, 0.1289491644299603, 0.9584861168934118, 0.9584861168934118, 1.0, 1.0, 0.08970376655997238, 0.5179622173309326, 0.6560685634613037, 0.6910684108734131]
[0.7502657341957092, 1.0, 0.0737787193607724, 0.06558108387624213, 0.06558108387624213, 0.875, 0.875, 0.5624260535606971, 0.21991894627067432, 0.827672852270745, 0.827672852270745, 1.0, 1.0, 0.1529870930578604, 0.7529621124267578, 0.6560685634613037, 0.6910684108734131]
[0.7502657341957092, 1.0, 0.07377870808350695, 0.06558107385200618, 0.06558107385200618, 0.875, 0.875, 0.5624260535606971, 0.2210212284313926, 0.827672852270745, 0.827672852270745, 1.0, 1.0, 0.15375389803922965, 0.7529621124267578, 0.6560685634613037, 0.6910684108734131]
[0.2608719635009765, 0.31047443235026695, 0.5506905550438344, 0.9195242651465847, 0.5407248933800558, 0.875, 0.875, 0.5705962547889123, 0.5083941591669462, 0.9684861168934118, 1.0, 1.0, 0.9819504856058312, 0.3668412646591884, 0.672961950302124, 0.6560685634613037, 0.6910684108734131]
[0.6849250960350036, 0.21133713126573905, 0.5569423753013795, 0.9643016991370589, 0.5407248933800558, 0.875, 0.875, 0.6335914318378155, 0.5273343179475833, 0.2724481993084419, 0.2724481993084419, 1.0, 1.0, 0.3668412646591884, 0.68296217918396, 0.6560685634613037, 0.6910684108734131]
[0.7502657341957092, 1.0, 0.08300518278762925, 0.07378238470011489, 0.07378238470011489, 0.875, 0.875, 0.2547337458683894, 0.2197678011991817, 0.8156953034316403, 0.8156953034316403, 1.0, 1.0, 0.15288194866030033, 0.7529621124267578, 0.6560685634613037, 0.6910684108734131]
[0.7502657341957092, 1.0, 0.08924809803878475, 0.079331642701142, 0.079331642701142, 0.875, 0.875, 0.6335914318378155, 0.5273343179475833, 0.2906332575176549, 0.2906332575176549, 1.0, 1.0, 0.3668412646591884, 0.7529621124267578, 0.6560685634613037, 0.6910684108734131]
[0.7502657341957092, 1.0, 0.0830002154717081, 0.07377796930818498, 0.07377796930818498, 0.875, 0.875, 0.5313654679518479, 0.5072912581741132, 0.9684861168934118, 1.0, 1.0, 0.8649218979267047, 0.3668412646591884, 0.6729621887207031, 0.6560685634613037, 0.6910684108734131]
[0.7502657341957092, 1.0, 0.07994344402197617, 0.07106083913064548, 0.07106083913064548, 0.875, 0.875, 0.23088748638446516, 0.2018070521861257, 0.8165116830620548, 0.8165116830620548, 1.0, 1.0, 0.14038751456426138, 0.4429624080657959, 0.6560685634613037, 0.6910684108734131]
[0.7502657341957092, 1.0, 0.08301174684782109, 0.0737882194202854, 0.0737882194202854, 0.875, 0.875, 0.43839337275578427, 0.3691358772072306, 0.5721076907739727, 0.5721076907739727, 1.0, 1.0, 0.25679017544850824, 0.68296217918396, 0.6560685634613037, 0.6910684108734131]
[0.2608719635009765, 0.31047443235026695, 0.5506905550438344, 0.9195242651465847, 0.5407248933800558, 0.875, 0.875, 0.33887114891639125, 0.2888328211027744, 0.6893203652314212, 0.6893203652314212, 1.0, 1.0, 0.20092717989758221, 0.5979621410369873, 0.6560685634613037, 0.6910684108734131]
[0.7502657341957092, 1.0, 0.07377870808350695, 0.06558107385200618, 0.06558107385200618, 0.875, 0.875, 0.6335914318378155, 0.5273343179475833, 0.315943265732331, 0.315943265732331, 1.0, 1.0, 0.3668412646591884, 0.6029622554779053, 0.6560685634613037, 0.6910684108734131]
[0.2608719635009765, 0.31047443235026695, 0.5506905550438344, 0.9195242651465847, 0.5407248933800558, 0.875, 0.875, 0.5313654679518479, 0.5083941591669462, 0.9684861168934118, 1.0, 1.0, 0.8649218979267047, 0.3668412646591884, 0.6729621887207031, 0.6560685634613037, 0.6910684108734131]
[0.7502657341957092, 1.0, 0.0737787193607724, 0.06558108387624213, 0.06558108387624213, 0.875, 0.875, 0.47704139122596156, 0.5221573063437555, 0.9584861168934118, 0.9584861168934118, 1.0, 1.0, 0.3668412646591884, 0.5279619693756104, 0.6560685634613037, 0.6910684108734131]
[0.4108719396591186, 0.31047443235026695, 0.5506903181143283, 0.9192360249037619, 0.5407248933800558, 0.875, 0.875, 0.5262722602257361, 0.50729154550352, 0.6821725421130151, 1.0, 1.0, 0.8649218979267047, 0.3668412646591884, 0.6029622554779053, 0.6560685634613037, 0.6910684108734131]
[0.2608719635009765, 0.31047443235026695, 0.5414665560634926, 0.9116119384774394, 0.5407248933800558, 0.875, 0.875, 0.6142559051513672, 0.5390377291452139, 0.827672852270745, 0.827672852270745, 1.0, 1.0, 0.3668412646591884, 0.7579622268676758, 0.6560685634613037, 0.6910684108734131]
[0.7502657341957092, 1.0, 0.08301175321376997, 0.07378822507890664, 0.07378822507890664, 0.875, 0.875, 0.6335914318378155, 0.5273343179475833, 0.3026857878259361, 0.3026857878259361, 1.0, 1.0, 0.3668412646591884, 0.5979621410369873, 0.6560685634613037, 0.6910684108734131]
[0.2608719635009765, 0.31047443235026695, 0.5506905550438344, 0.9195242651465847, 0.5407248933800558, 0.875, 0.875, 0.6335914318378155, 0.5273343179475833, 0.30467784669071546, 0.30467784669071546, 1.0, 1.0, 0.3668412646591884, 0.6029620170593262, 0.6560685634613037, 0.6910684108734131]
[0.7502657341957092, 1.0, 0.08300518278762925, 0.07378238470011489, 0.07378238470011489, 0.875, 0.875, 0.6335914318378155, 0.5273343179475833, 0.3046999819021282, 0.3046999819021282, 1.0, 1.0, 0.3668412646591884, 0.5979621410369873, 0.6560685634613037, 0.6910684108734131]
[0.6849250960350036, 0.21133713126573905, 0.5569423753013795, 0.9643016991370589, 0.5407248933800558, 0.875, 0.875, 0.6335914318378155, 0.5273343179475833, 0.2724481993084419, 0.2724481993084419, 1.0, 1.0, 0.3668412646591884, 0.68296217918396, 0.6560685634613037, 0.6910684108734131]
[0.7502657341957092, 1.0, 0.07993481290705173, 0.07105316702849043, 0.07105316702849043, 0.875, 0.875, 0.6335914318378155, 0.5273343179475833, 0.30545915972901794, 0.30545915972901794, 1.0, 1.0, 0.3668412646591884, 0.5179622173309326, 0.6560685634613037, 0.6910684108734131]
[0.7502657341957092, 1.0, 0.07676459748596198, 0.06823519776529954, 0.06823519776529954, 0.875, 0.875, 0.5301183553842398, 0.21991894627067432, 0.8292241541308357, 0.8292241541308357, 1.0, 1.0, 0.1529870930578604, 0.68296217918396, 0.6560685634613037, 0.6910684108734131]
[0.6849250960350036, 0.21133713126573905, 0.5569423753013795, 0.9643016991370589, 0.5407248933800558, 0.875, 0.875, 0.44934903658353365, 0.5029337777122456, 0.9584861168934118, 0.9584861168934118, 1.0, 1.0, 0.3668412646591884, 0.6029620170593262, 0.6560685634613037, 0.6910684108734131]
[0.7502657341957092, 1.0, 0.07994344402197617, 0.07106083913064548, 0.07106083913064548, 0.875, 0.875, 0.6027174729567307, 0.5307535347774798, 0.8165116830620548, 0.8165116830620548, 1.0, 1.0, 0.3668412646591884, 0.68296217918396, 0.6560685634613037, 0.6910684108734131]
[0.7502657341957092, 1.0, 0.07676459748596198, 0.06823519776529954, 0.06823519776529954, 0.875, 0.875, 0.30828857421875, 0.5264878368985286, 0.9684861168934118, 1.0, 1.0, 0.7606803158050666, 0.3668412646591884, 0.68296217918396, 0.6560685634613037, 0.6910684108734131]
[0.7502657341957092, 1.0, 0.08924784791137408, 0.07933142036566584, 0.07933142036566584, 0.875, 0.875, 0.6335914318378155, 0.5273343179475833, 0.2886874154456944, 0.2886874154456944, 1.0, 1.0, 0.3668412646591884, 0.5979621410369873, 0.6560685634613037, 0.6910684108734131]
[0.7502657341957092, 1.0, 0.08301174684782109, 0.0737882194202854, 0.0737882194202854, 0.875, 0.875, 0.5455028827373798, 0.5071401640213844, 0.6979667258492566, 1.0, 1.0, 0.8697730961787237, 0.3668412646591884, 0.8279621601104736, 0.6560685634613037, 0.6910684108734131]
[0.7502657341957092, 1.0, 0.07377870808350695, 0.06558107385200618, 0.06558107385200618, 0.875, 0.875, 0.5124260829045222, 0.5222911302395595, 0.9584861168934118, 0.9584861168934118, 1.0, 1.0, 0.3668412646591884, 0.5279619693756104, 0.6560685634613037, 0.6910684108734131]
[0.7502657341957092, 1.0, 0.07993481290705173, 0.07105316702849043, 0.07105316702849043, 0.875, 0.875, 0.6335914318378155, 0.5273343179475833, 0.30545915972901794, 0.30545915972901794, 1.0, 1.0, 0.3668412646591884, 0.672961950302124, 0.6560685634613037, 0.6910684108734131]
[0.7502657341957092, 1.0, 0.0737787193607724, 0.06558108387624213, 0.06558108387624213, 0.875, 0.875, 0.6335914318378155, 0.5273343179475833, 0.3161871345271675, 0.3161871345271675, 1.0, 1.0, 0.3668412646591884, 0.7579622268676758, 0.6560685634613037, 0.6910684108734131]
[0.7502657341957092, 1.0, 0.0737787193607724, 0.06558108387624213, 0.06558108387624213, 0.875, 0.875, 0.6335914318378155, 0.5273343179475833, 0.3161871345271675, 0.3161871345271675, 1.0, 1.0, 0.3668412646591884, 0.4429619312286377, 0.6560685634613037, 0.6910684108734131]
[0.7502657341957092, 1.0, 0.08300518278762925, 0.07378238470011489, 0.07378238470011489, 0.875, 0.875, 0.6335914318378155, 0.5273343179475833, 0.3046999819021282, 0.3046999819021282, 1.0, 1.0, 0.3668412646591884, 0.672961950302124, 0.6560685634613037, 0.6910684108734131]
[0.7502657341957092, 1.0, 0.07994344402197617, 0.07106083913064548, 0.07106083913064548, 0.875, 0.875, 0.6335914318378155, 0.5273343179475833, 0.2886681983453186, 0.2886681983453186, 1.0, 1.0, 0.3668412646591884, 0.6829619407653809, 0.6560685634613037, 0.6910684108734131]
[0.7502657341957092, 1.0, 0.07377870808350695, 0.06558107385200618, 0.06558107385200618, 0.875, 0.875, 0.6335914318378155, 0.5273343179475833, 0.315943265732331, 0.315943265732331, 1.0, 1.0, 0.3668412646591884, 0.44796204566955566, 0.6560685634613037, 0.6910684108734131]
[0.2608719635009765, 0.31047443235026695, 0.5506905550438344, 0.9195242651465847, 0.5407248933800558, 0.875, 0.875, 0.4985799055833083, 0.5207934537570966, 0.9584861168934118, 0.9584861168934118, 1.0, 1.0, 0.3668412646591884, 0.672961950302124, 0.6560685634613037, 0.6910684108734131]
[0.7502657341957092, 1.0, 0.07993481290705173, 0.07105316702849043, 0.07105316702849043, 0.875, 0.875, 0.6335914318378155, 0.5273343179475833, 0.30545915972901794, 0.30545915972901794, 1.0, 1.0, 0.3668412646591884, 0.6729621887207031, 0.6560685634613037, 0.6910684108734131]
[0.7502657341957092, 1.0, 0.0737787193607724, 0.06558108387624213, 0.06558108387624213, 0.875, 0.875, 0.5265634976900541, 0.4753006639427768, 0.827672852270745, 0.827672852270745, 1.0, 1.0, 0.3171094724790432, 0.7529621124267578, 0.6560685634613037, 0.6910684108734131]
[0.6849250960350036, 0.21133713126573905, 0.5569423753013795, 0.9643016991370589, 0.5407248933800558, 0.875, 0.875, 0.6335914318378155, 0.5273343179475833, 0.2724481993084419, 0.2724481993084419, 1.0, 1.0, 0.3668412646591884, 0.5979619026184082, 0.6560685634613037, 0.6910684108734131]
[0.7502657341957092, 1.0, 0.08002584788138001, 0.07113408700567111, 0.07113408700567111, 0.875, 0.875, 0.6335914318378155, 0.5273343179475833, 0.3040802028086046, 0.3040802028086046, 1.0, 1.0, 0.3668412646591884, 0.6729621887207031, 0.6560685634613037, 0.6910684108734131]
[0.6849250960350036, 0.21133713126573905, 0.5569423753013795, 0.9643016991370589, 0.5407248933800558, 0.875, 0.875, 0.43839337275578427, 0.3702387872335289, 0.5423235275526797, 0.5423235275526797, 1.0, 1.0, 0.2575574172059331, 0.5979621410369873, 0.6560685634613037, 0.6910684108734131]
[0.7502657341957092, 1.0, 0.07994344402197617, 0.07106083913064548, 0.07106083913064548, 0.875, 0.875, 0.6335914318378155, 0.5273343179475833, 0.2886681983453186, 0.2886681983453186, 1.0, 1.0, 0.3668412646591884, 0.7529621124267578, 0.6560685634613037, 0.6910684108734131]
[0.7502657341957092, 1.0, 0.07994344402197617, 0.07106083913064548, 0.07106083913064548, 0.875, 0.875, 0.6027174729567307, 0.5307535347774798, 0.8165116830620548, 0.8165116830620548, 1.0, 1.0, 0.3668412646591884, 0.5279619693756104, 0.6560685634613037, 0.6910684108734131]
[0.7502657341957092, 1.0, 0.07676459748596198, 0.06823519776529954, 0.06823519776529954, 0.875, 0.875, 0.612426024216872, 0.5264878368985286, 0.9684861168934118, 1.0, 1.0, 0.8697730961787237, 0.3668412646591884, 0.68296217918396, 0.6560685634613037, 0.6910684108734131]
[0.7502657341957092, 1.0, 0.07676459748596198, 0.06823519776529954, 0.06823519776529954, 0.875, 0.875, 0.34290387080265927, 0.4532013001436268, 0.9584861168934118, 1.0, 1.0, 0.81939387197422, 0.3171094724790432, 0.7529621124267578, 0.6560685634613037, 0.6910684108734131]
[0.2608719635009765, 0.31047443235026695, 0.5506905550438344, 0.9195242651465847, 0.5407248933800558, 0.875, 0.875, 0.5111789703369141, 0.5390377291452139, 0.8156953034316403, 0.8156953034316403, 1.0, 1.0, 0.3668412646591884, 0.68296217918396, 0.6560685634613037, 0.6910684108734131]
[0.7502657341957092, 1.0, 0.07377870808350695, 0.06558107385200618, 0.06558107385200618, 0.875, 0.875, 0.5801183260404147, 0.2210212284313926, 0.827672852270745, 0.827672852270745, 1.0, 1.0, 0.15375389803922965, 0.68296217918396, 0.6560685634613037, 0.6910684108734131]
[0.4108719396591186, 0.31047443235026695, 0.5506903181143283, 0.9192360249037619, 0.5407248933800558, 0.875, 0.875, 0.6335914318378155, 0.5273343179475833, 0.3029483945052231, 0.3029483945052231, 1.0, 1.0, 0.3668412646591884, 0.68296217918396, 0.6560685634613037, 0.6910684108734131]
[0.7502657341957092, 1.0, 0.08002584788138001, 0.07113408700567111, 0.07113408700567111, 0.875, 0.875, 0.6335914318378155, 0.5273343179475833, 0.3040802028086046, 0.3040802028086046, 1.0, 1.0, 0.3668412646591884, 0.7579622268676758, 0.6560685634613037, 0.6910684108734131]
[0.7502657341957092, 1.0, 0.0737787193607724, 0.06558108387624213, 0.06558108387624213, 0.875, 0.875, 0.6335914318378155, 0.5273343179475833, 0.3161871345271675, 0.3161871345271675, 1.0, 1.0, 0.3668412646591884, 0.5279619693756104, 0.6560685634613037, 0.6910684108734131]
[0.7502657341957092, 1.0, 0.08924784791137408, 0.07933142036566584, 0.07933142036566584, 0.875, 0.875, 0.5185799231896033, 0.41464554422192346, 0.8156953034316403, 1.0, 1.0, 0.8649218979267047, 0.3107453655124165, 0.68296217918396, 0.6560685634613037, 0.6910684108734131]
[0.6849250960350036, 0.21133713126573905, 0.5569423753013795, 0.9643016991370589, 0.5407248933800558, 0.875, 0.875, 0.6335914318378155, 0.5273343179475833, 0.2724481993084419, 0.2724481993084419, 1.0, 1.0, 0.3668412646591884, 0.7579622268676758, 0.6560685634613037, 0.6910684108734131]
[0.7502657341957092, 1.0, 0.08300084862559054, 0.07377853211163604, 0.07377853211163604, 0.875, 0.875, 0.6316567934476413, 0.4578739332455506, 0.9584861168934118, 0.9584861168934118, 1.0, 1.0, 0.3107453655124165, 0.672961950302124, 0.6560685634613037, 0.6910684108734131]
[0.7502657341957092, 1.0, 0.07676459748596198, 0.06823519776529954, 0.06823519776529954, 0.875, 0.875, 0.6335914318378155, 0.5273343179475833, 0.33164736485755214, 0.33164736485755214, 1.0, 1.0, 0.3668412646591884, 0.68296217918396, 0.6560685634613037, 0.6910684108734131]
[0.7502657341957092, 1.0, 0.07675394550398762, 0.06822572933687789, 0.06822572933687789, 0.875, 0.875, 0.6335914318378155, 0.5273343179475833, 0.3331407174738216, 0.3331407174738216, 1.0, 1.0, 0.3668412646591884, 0.5179622173309326, 0.6560685634613037, 0.6910684108734131]
[0.7502657341957092, 1.0, 0.08300518278762925, 0.07378238470011489, 0.07378238470011489, 0.875, 0.875, 0.583195319542518, 0.508536018060337, 0.6954092275805561, 1.0, 1.0, 0.858309255143156, 0.3668412646591884, 0.5179622173309326, 0.6560685634613037, 0.6910684108734131]
[0.4108719396591186, 0.31047443235026695, 0.5506903181143283, 0.9192360249037619, 0.5407248933800558, 0.875, 0.875, 0.4859808408297025, 0.50729154550352, 0.9684861168934118, 1.0, 1.0, 0.9819504856058312, 0.3668412646591884, 0.672961950302124, 0.6560685634613037, 0.6910684108734131]
[0.7502657341957092, 1.0, 0.07994344402197617, 0.07106083913064548, 0.07106083913064548, 0.875, 0.875, 0.5463770352877103, 0.45584486668862456, 0.4199479859594333, 0.4199479859594333, 1.0, 1.0, 0.3171094724790432, 0.5179622173309326, 0.6560685634613037, 0.6910684108734131]
[0.2608719635009765, 0.31047443235026695, 0.5506905550438344, 0.9195242651465847, 0.5407248933800558, 0.875, 0.875, 0.6335914318378155, 0.5273343179475833, 0.30467784669071546, 0.30467784669071546, 1.0, 1.0, 0.3668412646591884, 0.5279619693756104, 0.6560685634613037, 0.6910684108734131]
[0.7502657341957092, 1.0, 0.0737763736023227, 0.06557899875762017, 0.06557899875762017, 0.875, 0.875, 0.6335914318378155, 0.5273343179475833, 0.3324111355015975, 0.3324111355015975, 1.0, 1.0, 0.3668412646591884, 0.5979621410369873, 0.6560685634613037, 0.6910684108734131]
[0.2608719635009765, 0.31047443235026695, 0.5414665560634926, 0.9116119384774394, 0.5407248933800558, 0.875, 0.875, 0.5955030001126803, 0.5166350564375803, 0.6821725421130151, 1.0, 1.0, 0.8697730961787237, 0.3668412646591884, 0.68296217918396, 0.6560685634613037, 0.6910684108734131]
[0.2608719635009765, 0.31047443235026695, 0.5506905550438344, 0.9195242651465847, 0.5407248933800558, 0.875, 0.875, 0.5463770352877103, 0.45584486668862456, 0.4357492211716165, 0.4357492211716165, 1.0, 1.0, 0.3171094724790432, 0.7529621124267578, 0.6560685634613037, 0.6910684108734131]
[0.7502657341957092, 1.0, 0.07994344402197617, 0.07106083913064548, 0.07106083913064548, 0.875, 0.875, 0.6335914318378155, 0.5273343179475833, 0.2886681983453186, 0.2886681983453186, 1.0, 1.0, 0.3668412646591884, 0.4429619312286377, 0.6560685634613037, 0.6910684108734131]
[0.2608719635009765, 0.31047443235026695, 0.5506905550438344, 0.9195242651465847, 0.5407248933800558, 0.875, 0.875, 0.6335914318378155, 0.5273343179475833, 0.30467784669071546, 0.30467784669071546, 1.0, 1.0, 0.3668412646591884, 0.6029622554779053, 0.6560685634613037, 0.6910684108734131]
[0.7502657341957092, 1.0, 0.0737787193607724, 0.06558108387624213, 0.06558108387624213, 0.875, 0.875, 0.46165671715369594, 0.5221573063437555, 0.9584861168934118, 0.9584861168934118, 1.0, 1.0, 0.3668412646591884, 0.6029620170593262, 0.6560685634613037, 0.6910684108734131]
[0.7502657341957092, 1.0, 0.07993481290705173, 0.07105316702849043, 0.07105316702849043, 0.875, 0.875, 0.5333001063420222, 0.4466964629240987, 0.4339229510698802, 0.4339229510698802, 1.0, 1.0, 0.3107453655124165, 0.68296217918396, 0.6560685634613037, 0.6910684108734131]
[0.7502657341957092, 1.0, 0.0737763736023227, 0.06557899875762017, 0.06557899875762017, 0.875, 0.875, 0.4985799055833083, 0.5209297509096786, 0.9584861168934118, 0.9584861168934118, 1.0, 1.0, 0.3668412646591884, 0.6729621887207031, 0.6560685634613037, 0.6910684108734131]
[0.7502657341957092, 1.0, 0.08301175321376997, 0.07378822507890664, 0.07378822507890664, 0.875, 0.875, 0.6335914318378155, 0.5273343179475833, 0.3026857878259361, 0.3026857878259361, 1.0, 1.0, 0.3668412646591884, 0.672961950302124, 0.6560685634613037, 0.6910684108734131]
[0.7502657341957092, 1.0, 0.0737763736023227, 0.06557899875762017, 0.06557899875762017, 0.875, 0.875, 0.5839644211989182, 0.5166548407584539, 0.9584861168934118, 1.0, 1.0, 0.9250751531611935, 0.3668412646591884, 0.7579619884490967, 0.6560685634613037, 0.6910684108734131]
[0.7502657341957092, 1.0, 0.07675394550398762, 0.06822572933687789, 0.06822572933687789, 0.875, 0.875, 0.2859808114858774, 0.32717916314143514, 0.9584861168934118, 1.0, 1.0, 0.9198675232311481, 0.2133396802729044, 0.5979623794555664, 0.6560685634613037, 0.6910684108734131]
[0.7502657341957092, 1.0, 0.07994344402197617, 0.07106083913064548, 0.07106083913064548, 0.875, 0.875, 0.5463770352877103, 0.45584486668862456, 0.4199479859594333, 0.4199479859594333, 1.0, 1.0, 0.3171094724790432, 0.7529621124267578, 0.6560685634613037, 0.6910684108734131]
[0.6849250960350036, 0.21133713126573905, 0.5569423753013795, 0.9643016991370589, 0.5407248933800558, 0.875, 0.875, 0.43839337275578427, 0.3702387872335289, 0.5423235275526797, 0.5423235275526797, 1.0, 1.0, 0.2575574172059331, 0.6729621887207031, 0.6560685634613037, 0.6910684108734131]
[0.7502657341957092, 1.0, 0.07675394550398762, 0.06822572933687789, 0.06822572933687789, 0.875, 0.875, 0.6265635857215295, 0.5582050935969745, 0.8156953034316403, 0.8156953034316403, 1.0, 1.0, 0.3668412646591884, 0.7579622268676758, 0.6560685634613037, 0.6910684108734131]
[0.2608719635009765, 0.31047443235026695, 0.5506905550438344, 0.9195242651465847, 0.5407248933800558, 0.875, 0.875, 0.5501183729905349, 0.2100912466765228, 0.8156953034316403, 0.8156953034316403, 1.0, 1.0, 0.14615043247062456, 0.5179622173309326, 0.6560685634613037, 0.6910684108734131]
[0.2608719635009765, 0.31047443235026695, 0.5414665560634926, 0.9116119384774394, 0.5407248933800558, 0.875, 0.875, 0.5111789703369141, 0.5390377291452139, 0.827672852270745, 0.827672852270745, 1.0, 1.0, 0.3668412646591884, 0.6029622554779053, 0.6560685634613037, 0.6910684108734131]
[0.6849250960350036, 0.21133713126573905, 0.5569423753013795, 0.9643016991370589, 0.5407248933800558, 0.875, 0.875, 0.5390578049879807, 0.48917637682475923, 0.9684861168934118, 1.0, 1.0, 0.9819504856058312, 0.3668412646591884, 0.672961950302124, 0.6560685634613037, 0.6910684108734131]
[0.2608719635009765, 0.31047443235026695, 0.5506905550438344, 0.9195242651465847, 0.5407248933800558, 0.875, 0.875, 0.6076242006742038, 0.5442145383616604, 0.6893203652314212, 0.6893203652314212, 1.0, 1.0, 0.3668412646591884, 0.6029622554779053, 0.6560685634613037, 0.6910684108734131]
[0.7502657341957092, 1.0, 0.07994344402197617, 0.07106083913064548, 0.07106083913064548, 0.875, 0.875, 0.49964053814227766, 0.5307535347774798, 0.8165116830620548, 0.8165116830620548, 1.0, 1.0, 0.3668412646591884, 0.6029622554779053, 0.6560685634613037, 0.6910684108734131]
[0.7502657341957092, 1.0, 0.08300084862559054, 0.07377853211163604, 0.07377853211163604, 0.875, 0.875, 0.5570414616511419, 0.5072886644317702, 0.6979667258492566, 1.0, 1.0, 0.8649218979267047, 0.3668412646591884, 0.5979621410369873, 0.6560685634613037, 0.6910684108734131]
[0.7502657341957092, 1.0, 0.07994344402197617, 0.07106083913064548, 0.07106083913064548, 0.875, 0.875, 0.5401182908278245, 0.4567872699955229, 0.9584861168934118, 0.9584861168934118, 1.0, 1.0, 0.3171094724790432, 0.7529621124267578, 0.6560685634613037, 0.6910684108734131]
[0.7502657341957092, 1.0, 0.0737763736023227, 0.06557899875762017, 0.06557899875762017, 0.875, 0.875, 0.6335914318378155, 0.5273343179475833, 0.3324111355015975, 0.3324111355015975, 1.0, 1.0, 0.3668412646591884, 0.7529621124267578, 0.6560685634613037, 0.6910684108734131]
[0.7502657341957092, 1.0, 0.07993481290705173, 0.07105316702849043, 0.07105316702849043, 0.875, 0.875, 0.5804097102238581, 0.5388597902120119, 0.8165116830620548, 0.8165116830620548, 1.0, 1.0, 0.3668412646591884, 0.7579619884490967, 0.6560685634613037, 0.6910684108734131]
[0.7502657341957092, 1.0, 0.07377870808350695, 0.06558107385200618, 0.06558107385200618, 0.875, 0.875, 0.6335914318378155, 0.5273343179475833, 0.315943265732331, 0.315943265732331, 1.0, 1.0, 0.3668412646591884, 0.6029622554779053, 0.6560685634613037, 0.6910684108734131]
[0.7502657341957092, 1.0, 0.07994344402197617, 0.07106083913064548, 0.07106083913064548, 0.875, 0.875, 0.5062722426194411, 0.2018070521861257, 0.8165116830620548, 0.8165116830620548, 1.0, 1.0, 0.14038751456426138, 0.5279624462127686, 0.6560685634613037, 0.6910684108734131]
[0.7502657341957092, 1.0, 0.0737763736023227, 0.06557899875762017, 0.06557899875762017, 0.875, 0.875, 0.5857943021334134, 0.5399212886670096, 0.827672852270745, 0.827672852270745, 1.0, 1.0, 0.3668412646591884, 0.6729621887207031, 0.6560685634613037, 0.6910684108734131]
[0.7502657341957092, 1.0, 0.0737787193607724, 0.06558108387624213, 0.06558108387624213, 0.875, 0.875, 0.6001183436467097, 0.5168181201093217, 0.9684861168934118, 1.0, 1.0, 0.8645578168605973, 0.3668412646591884, 0.68296217918396, 0.6560685634613037, 0.6910684108734131]
[0.7502657341957092, 1.0, 0.07994344402197617, 0.07106083913064548, 0.07106083913064548, 0.875, 0.875, 0.43290387667142427, 0.4983647228753624, 0.8156953034316403, 1.0, 1.0, 0.8079627668858237, 0.3668412646591884, 0.5979621410369873, 0.6560685634613037, 0.6910684108734131]
[0.4108719396591186, 0.31047443235026695, 0.5506903181143283, 0.9192360249037619, 0.5407248933800558, 0.875, 0.875, 0.6335914318378155, 0.5273343179475833, 0.3029483945052231, 0.3029483945052231, 1.0, 1.0, 0.3668412646591884, 0.68296217918396, 0.6560685634613037, 0.6910684108734131]
[0.7502657341957092, 1.0, 0.08301175321376997, 0.07378822507890664, 0.07378822507890664, 0.875, 0.875, 0.6335914318378155, 0.5273343179475833, 0.3026857878259361, 0.3026857878259361, 1.0, 1.0, 0.3668412646591884, 0.6029620170593262, 0.6560685634613037, 0.6910684108734131]
[0.4108719396591186, 0.31047443235026695, 0.5506903181143283, 0.9192360249037619, 0.5407248933800558, 0.875, 0.875, 0.4855029766376202, 0.5116302078871711, 0.9584861168934118, 0.9584861168934118, 1.0, 1.0, 0.3668412646591884, 0.5179622173309326, 0.6560685634613037, 0.6910684108734131]
[0.7502657341957092, 1.0, 0.0830117460024371, 0.07378821866883298, 0.07378821866883298, 0.875, 0.875, 0.6335914318378155, 0.5273343179475833, 0.319371878396315, 0.319371878396315, 1.0, 1.0, 0.3668412646591884, 0.7579619884490967, 0.6560685634613037, 0.6910684108734131]
[0.7502657341957092, 1.0, 0.07994344402197617, 0.07106083913064548, 0.07106083913064548, 0.875, 0.875, 0.4855029766376202, 0.5105218307289459, 0.9584861168934118, 0.9584861168934118, 1.0, 1.0, 0.3668412646591884, 0.672961950302124, 0.6560685634613037, 0.6910684108734131]
[0.7502657341957092, 1.0, 0.08924784791137408, 0.07933142036566584, 0.07933142036566584, 0.875, 0.875, 0.6335914318378155, 0.5273343179475833, 0.2886874154456944, 0.2886874154456944, 1.0, 1.0, 0.3668412646591884, 0.6729621887207031, 0.6560685634613037, 0.6910684108734131]
[0.7502657341957092, 1.0, 0.08300084862559054, 0.07377853211163604, 0.07377853211163604, 0.875, 0.875, 0.6335914318378155, 0.5273343179475833, 0.3195837300591314, 0.3195837300591314, 1.0, 1.0, 0.3668412646591884, 0.6729621887207031, 0.6560685634613037, 0.6910684108734131]
[0.2608719635009765, 0.31047443235026695, 0.5506905550438344, 0.9195242651465847, 0.5407248933800558, 0.875, 0.875, 0.3905962430513822, 0.5083941591669462, 0.9684861168934118, 1.0, 1.0, 0.7546735744224419, 0.3668412646591884, 0.6029622554779053, 0.6560685634613037, 0.6910684108734131]
[0.7502657341957092, 1.0, 0.0737787193607724, 0.06558108387624213, 0.06558108387624213, 0.875, 0.875, 0.583195319542518, 0.5168181201093217, 0.6954092275805561, 1.0, 1.0, 0.8645578168605973, 0.3668412646591884, 0.5179622173309326, 0.6560685634613037, 0.6910684108734131]
[0.7502657341957092, 1.0, 0.07377870808350695, 0.06558107385200618, 0.06558107385200618, 0.875, 0.875, 0.3156893803523137, 0.516835469506523, 0.9684861168934118, 1.0, 1.0, 0.7533025991740077, 0.3668412646591884, 0.5979621410369873, 0.6560685634613037, 0.6910684108734131]
[0.7502657341957092, 1.0, 0.08300084862559054, 0.07377853211163604, 0.07377853211163604, 0.875, 0.875, 0.6335914318378155, 0.5273343179475833, 0.3195837300591314, 0.3195837300591314, 1.0, 1.0, 0.3668412646591884, 0.5179622173309326, 0.6560685634613037, 0.6910684108734131]
[0.2608719635009765, 0.31047443235026695, 0.5506905550438344, 0.9195242651465847, 0.5407248933800558, 0.875, 0.875, 0.4239644270676833, 0.5207934537570966, 0.9584861168934118, 0.9584861168934118, 1.0, 1.0, 0.3668412646591884, 0.7579619884490967, 0.6560685634613037, 0.6910684108734131]
[0.6849250960350036, 0.21133713126573905, 0.5569423753013795, 0.9643016991370589, 0.5407248933800558, 0.875, 0.875, 0.6335914318378155, 0.5273343179475833, 0.2724481993084419, 0.2724481993084419, 1.0, 1.0, 0.3668412646591884, 0.6729621887207031, 0.6560685634613037, 0.6910684108734131]
[0.7502657341957092, 1.0, 0.07377870808350695, 0.06558107385200618, 0.06558107385200618, 0.875, 0.875, 0.2547337458683894, 0.2210212284313926, 0.827672852270745, 0.827672852270745, 1.0, 1.0, 0.15375389803922965, 0.6729621887207031, 0.6560685634613037, 0.6910684108734131]
[0.7502657341957092, 1.0, 0.07675394550398762, 0.06822572933687789, 0.06822572933687789, 0.875, 0.875, 0.5463770352877103, 0.45584486668862456, 0.44956472635165323, 0.44956472635165323, 1.0, 1.0, 0.3171094724790432, 0.5179622173309326, 0.6560685634613037, 0.6910684108734131]
[0.6849250960350036, 0.21133713126573905, 0.5569423753013795, 0.9643016991370589, 0.5407248933800558, 0.875, 0.875, 0.5463770352877103, 0.45584486668862456, 0.4037514237886253, 0.4037514237886253, 1.0, 1.0, 0.3171094724790432, 0.7529621124267578, 0.6560685634613037, 0.6910684108734131]
[0.7502657341957092, 1.0, 0.07993481290705173, 0.07105316702849043, 0.07105316702849043, 0.875, 0.875, 0.3824260418231671, 0.5116084960523828, 0.9584861168934118, 0.9584861168934118, 1.0, 1.0, 0.3668412646591884, 0.7529623508453369, 0.6560685634613037, 0.6910684108734131]
[0.7502657341957092, 1.0, 0.08301174684782109, 0.0737882194202854, 0.0737882194202854, 0.875, 0.875, 0.6070414323073167, 0.5071401640213844, 0.6979667258492566, 1.0, 1.0, 0.8697730961787237, 0.3668412646591884, 0.7579622268676758, 0.6560685634613037, 0.6910684108734131]
[0.7502657341957092, 1.0, 0.0737787193607724, 0.06558108387624213, 0.06558108387624213, 0.875, 0.875, 0.6335914318378155, 0.5273343179475833, 0.3161871345271675, 0.3161871345271675, 1.0, 1.0, 0.3668412646591884, 0.5979621410369873, 0.6560685634613037, 0.6910684108734131]
[0.7502657341957092, 1.0, 0.0737787193607724, 0.06558108387624213, 0.06558108387624213, 0.875, 0.875, 0.5301183553842398, 0.21991894627067432, 0.827672852270745, 0.827672852270745, 1.0, 1.0, 0.1529870930578604, 0.68296217918396, 0.6560685634613037, 0.6910684108734131]
[0.2608719635009765, 0.31047443235026695, 0.5506905550438344, 0.9195242651465847, 0.5407248933800558, 0.875, 0.875, 0.6335914318378155, 0.5273343179475833, 0.30467784669071546, 0.30467784669071546, 1.0, 1.0, 0.3668412646591884, 0.5279619693756104, 0.6560685634613037, 0.6910684108734131]
[0.6849250960350036, 0.21133713126573905, 0.5569423753013795, 0.9643016991370589, 0.5407248933800558, 0.875, 0.875, 0.5463770352877103, 0.45584486668862456, 0.4037514237886253, 0.4037514237886253, 1.0, 1.0, 0.3171094724790432, 0.5979623794555664, 0.6560685634613037, 0.6910684108734131]
[0.6849250960350036, 0.21133713126573905, 0.5569423753013795, 0.9643016991370589, 0.5407248933800558, 0.875, 0.875, 0.6335914318378155, 0.5273343179475833, 0.2724481993084419, 0.2724481993084419, 1.0, 1.0, 0.3668412646591884, 0.6029622554779053, 0.6560685634613037, 0.6910684108734131]
[0.2608719635009765, 0.31047443235026695, 0.5414665560634926, 0.9116119384774394, 0.5407248933800558, 0.875, 0.875, 0.4985799055833083, 0.5207934537570966, 0.9584861168934118, 0.9584861168934118, 1.0, 1.0, 0.3668412646591884, 0.672961950302124, 0.6560685634613037, 0.6910684108734131]
[0.7502657341957092, 1.0, 0.08002584788138001, 0.07113408700567111, 0.07113408700567111, 0.875, 0.875, 0.6335914318378155, 0.5273343179475833, 0.3040802028086046, 0.3040802028086046, 1.0, 1.0, 0.3668412646591884, 0.6029622554779053, 0.6560685634613037, 0.6910684108734131]
[0.7502657341957092, 1.0, 0.08300518278762925, 0.07378238470011489, 0.07378238470011489, 0.875, 0.875, 0.6335914318378155, 0.5273343179475833, 0.3046999819021282, 0.3046999819021282, 1.0, 1.0, 0.3668412646591884, 0.68296217918396, 0.6560685634613037, 0.6910684108734131]
[0.7502657341957092, 1.0, 0.08301175321376997, 0.07378822507890664, 0.07378822507890664, 0.875, 0.875, 0.6335914318378155, 0.5273343179475833, 0.3026857878259361, 0.3026857878259361, 1.0, 1.0, 0.3668412646591884, 0.5979619026184082, 0.6560685634613037, 0.6910684108734131]
[0.7502657341957092, 1.0, 0.0830117460024371, 0.07378821866883298, 0.07378821866883298, 0.875, 0.875, 0.6335914318378155, 0.5273343179475833, 0.319371878396315, 0.319371878396315, 1.0, 1.0, 0.3668412646591884, 0.5179622173309326, 0.6560685634613037, 0.6910684108734131]
[0.7502657341957092, 1.0, 0.0737787193607724, 0.06558108387624213, 0.06558108387624213, 0.875, 0.875, 0.6335914318378155, 0.5273343179475833, 0.3161871345271675, 0.3161871345271675, 1.0, 1.0, 0.3668412646591884, 0.672961950302124, 0.6560685634613037, 0.6910684108734131]
[0.7502657341957092, 1.0, 0.0737763736023227, 0.06557899875762017, 0.06557899875762017, 0.875, 0.875, 0.6335914318378155, 0.5273343179475833, 0.3324111355015975, 0.3324111355015975, 1.0, 1.0, 0.3668412646591884, 0.7529621124267578, 0.6560685634613037, 0.6910684108734131]
[0.2608719635009765, 0.31047443235026695, 0.5414665560634926, 0.9116119384774394, 0.5407248933800558, 0.875, 0.875, 0.48857982342059797, 0.5207934537570966, 0.9584861168934118, 0.9584861168934118, 1.0, 1.0, 0.3668412646591884, 0.6829619407653809, 0.6560685634613037, 0.6910684108734131]
[0.7502657341957092, 1.0, 0.08300518278762925, 0.07378238470011489, 0.07378238470011489, 0.875, 0.875, 0.6335914318378155, 0.5273343179475833, 0.3046999819021282, 0.3046999819021282, 1.0, 1.0, 0.3668412646591884, 0.5279619693756104, 0.6560685634613037, 0.6910684108734131]
[0.7502657341957092, 1.0, 0.0830117460024371, 0.07378821866883298, 0.07378821866883298, 0.875, 0.875, 0.6070414323073167, 0.5071375116321478, 0.6979667258492566, 1.0, 1.0, 0.8697730961787237, 0.3668412646591884, 0.6729621887207031, 0.6560685634613037, 0.6910684108734131]
[0.7502657341957092, 1.0, 0.0830117460024371, 0.07378821866883298, 0.07378821866883298, 0.875, 0.875, 0.6096404148982122, 0.5105012372976974, 0.8292241541308357, 0.9584861168934118, 1.0, 1.0, 0.3668412646591884, 0.6029622554779053, 0.6560685634613037, 0.6910684108734131]
[0.7502657341957092, 1.0, 0.08301175321376997, 0.07378822507890664, 0.07378822507890664, 0.875, 0.875, 0.40319530780498797, 0.3832225048569302, 0.9584861168934118, 0.9584861168934118, 1.0, 1.0, 0.2575574172059331, 0.6729621887207031, 0.6560685634613037, 0.6910684108734131]
[0.2608719635009765, 0.31047443235026695, 0.5506905550438344, 0.9195242651465847, 0.5407248933800558, 0.875, 0.875, 0.6335914318378155, 0.5273343179475833, 0.30467784669071546, 0.30467784669071546, 1.0, 1.0, 0.3668412646591884, 0.7529621124267578, 0.6560685634613037, 0.6910684108734131]
[0.7502657341957092, 1.0, 0.08002584788138001, 0.07113408700567111, 0.07113408700567111, 0.875, 0.875, 0.6119481600247897, 0.5295093583583329, 0.827672852270745, 0.827672852270745, 1.0, 1.0, 0.3668412646591884, 0.7529621124267578, 0.6560685634613037, 0.6910684108734131]
[0.2608719635009765, 0.31047443235026695, 0.5506905550438344, 0.9195242651465847, 0.5407248933800558, 0.875, 0.875, 0.6335914318378155, 0.5273343179475833, 0.30467784669071546, 0.30467784669071546, 1.0, 1.0, 0.3668412646591884, 0.6029622554779053, 0.6560685634613037, 0.6910684108734131]
[0.2608719635009765, 0.31047443235026695, 0.5414665560634926, 0.9116119384774394, 0.5407248933800558, 0.875, 0.875, 0.5463770352877103, 0.45584486668862456, 0.4487171348012713, 0.4487171348012713, 1.0, 1.0, 0.3171094724790432, 0.7529623508453369, 0.6560685634613037, 0.6910684108734131]
[0.7502657341957092, 1.0, 0.07377870808350695, 0.06558107385200618, 0.06558107385200618, 0.875, 0.875, 0.5301183553842398, 0.2210212284313926, 0.827672852270745, 0.827672852270745, 1.0, 1.0, 0.15375389803922965, 0.68296217918396, 0.6560685634613037, 0.6910684108734131]
[0.7502657341957092, 1.0, 0.07993481290705173, 0.07105316702849043, 0.07105316702849043, 0.875, 0.875, 0.6335914318378155, 0.5273343179475833, 0.30545915972901794, 0.30545915972901794, 1.0, 1.0, 0.3668412646591884, 0.7579622268676758, 0.6560685634613037, 0.6910684108734131]
[0.7502657341957092, 1.0, 0.07675394550398762, 0.06822572933687789, 0.06822572933687789, 0.875, 0.875, 0.5463770352877103, 0.45584486668862456, 0.44956472635165323, 0.44956472635165323, 1.0, 1.0, 0.3171094724790432, 0.5179622173309326, 0.6560685634613037, 0.6910684108734131]
[0.7502657341957092, 1.0, 0.07993481290705173, 0.07105316702849043, 0.07105316702849043, 0.875, 0.875, 0.6335914318378155, 0.5273343179475833, 0.30545915972901794, 0.30545915972901794, 1.0, 1.0, 0.3668412646591884, 0.672961950302124, 0.6560685634613037, 0.6910684108734131]
[0.7502657341957092, 1.0, 0.07675394550398762, 0.06822572933687789, 0.06822572933687789, 0.875, 0.875, 0.4499318049504207, 0.3784785286718242, 0.5721117539072509, 0.5721117539072509, 1.0, 1.0, 0.26328941124996463, 0.5179622173309326, 0.6560685634613037, 0.6910684108734131]
[0.7502657341957092, 1.0, 0.07377870808350695, 0.06558107385200618, 0.06558107385200618, 0.875, 0.875, 0.513964579655574, 0.516835469506523, 0.7081068856075043, 1.0, 1.0, 0.8645578168605973, 0.3668412646591884, 0.6029622554779053, 0.6560685634613037, 0.6910684108734131]
[0.7502657341957092, 1.0, 0.0830117460024371, 0.07378821866883298, 0.07378821866883298, 0.875, 0.875, 0.4913654327392578, 0.4338509523577112, 0.8292241541308357, 1.0, 1.0, 0.8697730961787237, 0.3107453655124165, 0.8379621505737305, 0.6560685634613037, 0.6910684108734131]
[0.7502657341957092, 1.0, 0.07994344402197617, 0.07106083913064548, 0.07106083913064548, 0.875, 0.875, 0.6219480954683744, 0.4983647228753624, 0.6821725421130151, 1.0, 1.0, 0.8645578168605973, 0.3668412646591884, 0.7579622268676758, 0.6560685634613037, 0.6910684108734131]
[0.7502657341957092, 1.0, 0.08924784791137408, 0.07933142036566584, 0.07933142036566584, 0.875, 0.875, 0.3156895270714393, 0.48793207706064123, 0.9684861168934118, 1.0, 1.0, 0.7474736232245024, 0.3668412646591884, 0.5979621410369873, 0.6560685634613037, 0.6910684108734131]
[0.6849250960350036, 0.21133713126573905, 0.5569423753013795, 0.9643016991370589, 0.5407248933800558, 0.875, 0.875, 0.6335914318378155, 0.5273343179475833, 0.2724481993084419, 0.2724481993084419, 1.0, 1.0, 0.3668412646591884, 0.6729621887207031, 0.6560685634613037, 0.6910684108734131]
[0.7502657341957092, 1.0, 0.08301175321376997, 0.07378822507890664, 0.07378822507890664, 0.875, 0.875, 0.43839337275578427, 0.3702387872335289, 0.5721076907739727, 0.5721076907739727, 1.0, 1.0, 0.2575574172059331, 0.5979621410369873, 0.6560685634613037, 0.6910684108734131]
[0.7502657341957092, 1.0, 0.08301174684782109, 0.0737882194202854, 0.0737882194202854, 0.875, 0.875, 0.6335914318378155, 0.5273343179475833, 0.3174124554491945, 0.3174124554491945, 1.0, 1.0, 0.3668412646591884, 0.4429619312286377, 0.6560685634613037, 0.6910684108734131]
[0.4108719396591186, 0.31047443235026695, 0.5506903181143283, 0.9192360249037619, 0.5407248933800558, 0.875, 0.875, 0.5878106630765475, 0.50729154550352, 0.9584861168934118, 1.0, 1.0, 0.9257496322307981, 0.3668412646591884, 0.68296217918396, 0.6560685634613037, 0.6910684108734131]
[0.7502657341957092, 1.0, 0.0737787193607724, 0.06558108387624213, 0.06558108387624213, 0.875, 0.875, 0.5124260829045222, 0.5221573063437555, 0.9584861168934118, 0.9584861168934118, 1.0, 1.0, 0.3668412646591884, 0.5979619026184082, 0.6560685634613037, 0.6910684108734131]
[0.7502657341957092, 1.0, 0.07993481290705173, 0.07105316702849043, 0.07105316702849043, 0.875, 0.875, 0.6335914318378155, 0.5273343179475833, 0.30545915972901794, 0.30545915972901794, 1.0, 1.0, 0.3668412646591884, 0.6729621887207031, 0.6560685634613037, 0.6910684108734131]
[0.7502657341957092, 1.0, 0.08924784791137408, 0.07933142036566584, 0.07933142036566584, 0.875, 0.875, 0.49982701815091646, 0.48793207706064123, 0.9684861168934118, 1.0, 1.0, 0.9819504856058312, 0.3668412646591884, 0.5979621410369873, 0.6560685634613037, 0.6910684108734131]
[0.7502657341957092, 1.0, 0.07675394550398762, 0.06822572933687789, 0.06822572933687789, 0.875, 0.875, 0.4867500892052284, 0.15744922723943056, 0.9584861168934118, 0.9584861168934118, 1.0, 1.0, 0.10952989721003865, 0.8379621505737305, 0.6560685634613037, 0.6910684108734131]
[0.7502657341957092, 1.0, 0.0830002154717081, 0.07377796930818498, 0.07377796930818498, 0.875, 0.875, 0.6335914318378155, 0.5273343179475833, 0.3176346640644133, 0.3176346640644133, 1.0, 1.0, 0.3668412646591884, 0.5979621410369873, 0.6560685634613037, 0.6910684108734131]
[0.7502657341957092, 1.0, 0.07377870808350695, 0.06558107385200618, 0.06558107385200618, 0.875, 0.875, 0.5988712310791016, 0.5222911302395595, 0.827672852270745, 0.9584861168934118, 1.0, 1.0, 0.3668412646591884, 0.44796204566955566, 0.6560685634613037, 0.6910684108734131]
[0.7502657341957092, 1.0, 0.08924809803878475, 0.079331642701142, 0.079331642701142, 0.875, 0.875, 0.6335914318378155, 0.5273343179475833, 0.2906332575176549, 0.2906332575176549, 1.0, 1.0, 0.3668412646591884, 0.8279621601104736, 0.6560685634613037, 0.6910684108734131]
[0.7502657341957092, 1.0, 0.07993481290705173, 0.07105316702849043, 0.07105316702849043, 0.875, 0.875, 0.6335914318378155, 0.5273343179475833, 0.30545915972901794, 0.30545915972901794, 1.0, 1.0, 0.3668412646591884, 0.5979621410369873, 0.6560685634613037, 0.6910684108734131]
[0.2608719635009765, 0.31047443235026695, 0.5414665560634926, 0.9116119384774394, 0.5407248933800558, 0.875, 0.875, 0.5463770352877103, 0.45584486668862456, 0.4487171348012713, 0.4487171348012713, 1.0, 1.0, 0.3171094724790432, 0.5979621410369873, 0.6560685634613037, 0.6910684108734131]
[0.7502657341957092, 1.0, 0.07675394550398762, 0.06822572933687789, 0.06822572933687789, 0.875, 0.875, 0.6335914318378155, 0.5273343179475833, 0.3331407174738216, 0.3331407174738216, 1.0, 1.0, 0.3668412646591884, 0.5279619693756104, 0.6560685634613037, 0.6910684108734131]
[0.7502657341957092, 1.0, 0.07675394550398762, 0.06822572933687789, 0.06822572933687789, 0.875, 0.875, 0.5463770352877103, 0.45584486668862456, 0.44956472635165323, 0.44956472635165323, 1.0, 1.0, 0.3171094724790432, 0.5179622173309326, 0.6560685634613037, 0.6910684108734131]
[0.6849250960350036, 0.21133713126573905, 0.5569423753013795, 0.9643016991370589, 0.5407248933800558, 0.875, 0.875, 0.6335914318378155, 0.5273343179475833, 0.2724481993084419, 0.2724481993084419, 1.0, 1.0, 0.3668412646591884, 0.7579622268676758, 0.6560685634613037, 0.6910684108734131]
[0.7502657341957092, 1.0, 0.0737763736023227, 0.06557899875762017, 0.06557899875762017, 0.875, 0.875, 0.6335914318378155, 0.5273343179475833, 0.3324111355015975, 0.3324111355015975, 1.0, 1.0, 0.3668412646591884, 0.6829619407653809, 0.6560685634613037, 0.6910684108734131]
[0.2608719635009765, 0.31047443235026695, 0.5506905550438344, 0.9195242651465847, 0.5407248933800558, 0.875, 0.875, 0.5463770352877103, 0.45584486668862456, 0.4357492211716165, 0.4357492211716165, 1.0, 1.0, 0.3171094724790432, 0.5979621410369873, 0.6560685634613037, 0.6910684108734131]
[0.4108719396591186, 0.31047443235026695, 0.5506903181143283, 0.9192360249037619, 0.5407248933800558, 0.875, 0.875, 0.3159807645357572, 0.50729154550352, 0.9684861168934118, 1.0, 1.0, 0.7539286604323231, 0.3668412646591884, 0.68296217918396, 0.6560685634613037, 0.6910684108734131]
[0.7502657341957092, 1.0, 0.0830002154717081, 0.07377796930818498, 0.07377796930818498, 0.875, 0.875, 0.5570414616511419, 0.5072912581741132, 0.6979667258492566, 1.0, 1.0, 0.8649218979267047, 0.3668412646591884, 0.5979621410369873, 0.6560685634613037, 0.6910684108734131]
[0.7502657341957092, 1.0, 0.07993481290705173, 0.07105316702849043, 0.07105316702849043, 0.875, 0.875, 0.48857982342059797, 0.42519360107478654, 0.9584861168934118, 1.0, 1.0, 0.9202224708965455, 0.3107453655124165, 0.6029622554779053, 0.6560685634613037, 0.6910684108734131]
[0.7502657341957092, 1.0, 0.08301175321376997, 0.07378822507890664, 0.07378822507890664, 0.875, 0.875, 0.6335914318378155, 0.5273343179475833, 0.3026857878259361, 0.3026857878259361, 1.0, 1.0, 0.3668412646591884, 0.5179619789123535, 0.6560685634613037, 0.6910684108734131]
[0.7502657341957092, 1.0, 0.08301175321376997, 0.07378822507890664, 0.07378822507890664, 0.875, 0.875, 0.6335914318378155, 0.5273343179475833, 0.3026857878259361, 0.3026857878259361, 1.0, 1.0, 0.3668412646591884, 0.5979621410369873, 0.6560685634613037, 0.6910684108734131]
[0.7502657341957092, 1.0, 0.08002584788138001, 0.07113408700567111, 0.07113408700567111, 0.875, 0.875, 0.46964043837327224, 0.4559445939245367, 0.827672852270745, 0.827672852270745, 1.0, 1.0, 0.3107453655124165, 0.7579622268676758, 0.6560685634613037, 0.6910684108734131]
[0.7502657341957092, 1.0, 0.08300084862559054, 0.07377853211163604, 0.07377853211163604, 0.875, 0.875, 0.5333001063420222, 0.4466964629240987, 0.448068262649387, 0.448068262649387, 1.0, 1.0, 0.3107453655124165, 0.68296217918396, 0.6560685634613037, 0.6910684108734131]
[0.6849250960350036, 0.21133713126573905, 0.5569423753013795, 0.9643016991370589, 0.5407248933800558, 0.875, 0.875, 0.6296404325045072, 0.5029337777122456, 0.8156953034316403, 0.9584861168934118, 1.0, 1.0, 0.3668412646591884, 0.5979621410369873, 0.6560685634613037, 0.6910684108734131]
[0.7502657341957092, 1.0, 0.07993481290705173, 0.07105316702849043, 0.07105316702849043, 0.875, 0.875, 0.5207010415884165, 0.41790394581596724, 0.674111286829259, 0.674111286829259, 1.0, 1.0, 0.3107453655124165, 0.5279624462127686, 0.6560685634613037, 0.6910684108734131]
[0.7502657341957092, 1.0, 0.07377870808350695, 0.06558107385200618, 0.06558107385200618, 0.875, 0.875, 0.5231952667236328, 0.4435489331981367, 0.8292241541308357, 1.0, 1.0, 0.8645578168605973, 0.3171094724790432, 0.6729621887207031, 0.6560685634613037, 0.6910684108734131]
[0.7502657341957092, 1.0, 0.07676459748596198, 0.06823519776529954, 0.06823519776529954, 0.875, 0.875, 0.6070414323073167, 0.5264878368985286, 0.6954092275805561, 1.0, 1.0, 0.8697730961787237, 0.3668412646591884, 0.6729621887207031, 0.6560685634613037, 0.6910684108734131]
[0.7502657341957092, 1.0, 0.0737763736023227, 0.06557899875762017, 0.06557899875762017, 0.875, 0.875, 0.6335914318378155, 0.5273343179475833, 0.3324111355015975, 0.3324111355015975, 1.0, 1.0, 0.3668412646591884, 0.4429619312286377, 0.6560685634613037, 0.6910684108734131]
[0.7502657341957092, 1.0, 0.07993481290705173, 0.07105316702849043, 0.07105316702849043, 0.875, 0.875, 0.3239643390362079, 0.4578739332455506, 0.9584861168934118, 0.9584861168934118, 1.0, 1.0, 0.3107453655124165, 0.68296217918396, 0.6560685634613037, 0.6910684108734131]
[0.2608719635009765, 0.31047443235026695, 0.5506905550438344, 0.9195242651465847, 0.5407248933800558, 0.875, 0.875, 0.43839337275578427, 0.3702387872335289, 0.5721117539072509, 0.5721117539072509, 1.0, 1.0, 0.2575574172059331, 0.5979621410369873, 0.6560685634613037, 0.6910684108734131]
[0.7502657341957092, 1.0, 0.07994344402197617, 0.07106083913064548, 0.07106083913064548, 0.875, 0.875, 0.6335914318378155, 0.5273343179475833, 0.2886681983453186, 0.2886681983453186, 1.0, 1.0, 0.3668412646591884, 0.6729621887207031, 0.6560685634613037, 0.6910684108734131]
[0.7502657341957092, 1.0, 0.08301175321376997, 0.07378822507890664, 0.07378822507890664, 0.875, 0.875, 0.6335914318378155, 0.5273343179475833, 0.3026857878259361, 0.3026857878259361, 1.0, 1.0, 0.3668412646591884, 0.68296217918396, 0.6560685634613037, 0.6910684108734131]
[0.7502657341957092, 1.0, 0.0830117460024371, 0.07378821866883298, 0.07378821866883298, 0.875, 0.875, 0.6335914318378155, 0.5273343179475833, 0.319371878396315, 0.319371878396315, 1.0, 1.0, 0.3668412646591884, 0.5979621410369873, 0.6560685634613037, 0.6910684108734131]
[0.7502657341957092, 1.0, 0.08301175321376997, 0.07378822507890664, 0.07378822507890664, 0.875, 0.875, 0.5378106924203726, 0.5071404144403533, 0.6821725421130151, 1.0, 1.0, 0.8697730961787237, 0.3668412646591884, 0.8379621505737305, 0.6560685634613037, 0.6910684108734131]
[0.7502657341957092, 1.0, 0.0737763736023227, 0.06557899875762017, 0.06557899875762017, 0.875, 0.875, 0.4329040233905499, 0.4433682841309734, 0.9584861168934118, 1.0, 1.0, 0.8144267195026742, 0.3107453655124165, 0.6029622554779053, 0.6560685634613037, 0.6910684108734131]
[0.2608719635009765, 0.31047443235026695, 0.5414665560634926, 0.9116119384774394, 0.5407248933800558, 0.875, 0.875, 0.5570413149320163, 0.5166350564375803, 0.8156953034316403, 1.0, 1.0, 0.8187420718861785, 0.3668412646591884, 0.8379621505737305, 0.6560685634613037, 0.6910684108734131]
[0.7502657341957092, 1.0, 0.0737763736023227, 0.06557899875762017, 0.06557899875762017, 0.875, 0.875, 0.5801183260404147, 0.21097480557701997, 0.827672852270745, 0.827672852270745, 1.0, 1.0, 0.14676508214053563, 0.6729621887207031, 0.6560685634613037, 0.6910684108734131]
[0.6849250960350036, 0.21133713126573905, 0.5569423753013795, 0.9643016991370589, 0.5407248933800558, 0.875, 0.875, 0.6296404325045072, 0.2888328211027744, 0.674111286829259, 0.674111286829259, 1.0, 1.0, 0.20092717989758221, 0.5279619693756104, 0.6560685634613037, 0.6910684108734131]
[0.4108719396591186, 0.31047443235026695, 0.5506903181143283, 0.9192360249037619, 0.5407248933800558, 0.875, 0.875, 0.6335914318378155, 0.5273343179475833, 0.3029483945052231, 0.3029483945052231, 1.0, 1.0, 0.3668412646591884, 0.5979621410369873, 0.6560685634613037, 0.6910684108734131]
[0.4108719396591186, 0.31047443235026695, 0.5506903181143283, 0.9192360249037619, 0.5407248933800558, 0.875, 0.875, 0.6335914318378155, 0.5273343179475833, 0.3029483945052231, 0.3029483945052231, 1.0, 1.0, 0.3668412646591884, 0.68296217918396, 0.6560685634613037, 0.6910684108734131]
[0.7502657341957092, 1.0, 0.07993481290705173, 0.07105316702849043, 0.07105316702849043, 0.875, 0.875, 0.426085692185622, 0.3603256887836406, 0.5565475623989385, 0.5565475623989385, 1.0, 1.0, 0.2506613487190543, 0.68296217918396, 0.6560685634613037, 0.6910684108734131]
[0.7502657341957092, 1.0, 0.0830117460024371, 0.07378821866883298, 0.07378821866883298, 0.875, 0.875, 0.6335914318378155, 0.5273343179475833, 0.319371878396315, 0.319371878396315, 1.0, 1.0, 0.3668412646591884, 0.5979621410369873, 0.6560685634613037, 0.6910684108734131]
[0.2608719635009765, 0.31047443235026695, 0.5506905550438344, 0.9195242651465847, 0.5407248933800558, 0.875, 0.875, 0.4985799055833083, 0.5207934537570966, 0.9584861168934118, 0.9584861168934118, 1.0, 1.0, 0.3668412646591884, 0.7579619884490967, 0.6560685634613037, 0.6910684108734131]
[0.4108719396591186, 0.31047443235026695, 0.5506903181143283, 0.9192360249037619, 0.5407248933800558, 0.875, 0.875, 0.5955030001126803, 0.50729154550352, 0.6821725421130151, 1.0, 1.0, 0.8649218979267047, 0.3668412646591884, 0.5979621410369873, 0.6560685634613037, 0.6910684108734131]
[0.2608719635009765, 0.31047443235026695, 0.5414665560634926, 0.9116119384774394, 0.5407248933800558, 0.875, 0.875, 0.384733640230619, 0.39349412806407, 0.9584861168934118, 0.9584861168934118, 1.0, 1.0, 0.2575574172059331, 0.5979621410369873, 0.6560685634613037, 0.6910684108734131]
[0.2608719635009765, 0.31047443235026695, 0.5506905550438344, 0.9195242651465847, 0.5407248933800558, 0.875, 0.875, 0.6335914318378155, 0.5273343179475833, 0.30467784669071546, 0.30467784669071546, 1.0, 1.0, 0.3668412646591884, 0.68296217918396, 0.6560685634613037, 0.6910684108734131]
[0.7502657341957092, 1.0, 0.08300518278762925, 0.07378238470011489, 0.07378238470011489, 0.875, 0.875, 0.6335914318378155, 0.5273343179475833, 0.3046999819021282, 0.3046999819021282, 1.0, 1.0, 0.3668412646591884, 0.5979621410369873, 0.6560685634613037, 0.6910684108734131]
[0.7502657341957092, 1.0, 0.07994344402197617, 0.07106083913064548, 0.07106083913064548, 0.875, 0.875, 0.5463770352877103, 0.45584486668862456, 0.4199479859594333, 0.4199479859594333, 1.0, 1.0, 0.3171094724790432, 0.5979623794555664, 0.6560685634613037, 0.6910684108734131]
[0.7502657341957092, 1.0, 0.0737787193607724, 0.06558108387624213, 0.06558108387624213, 0.875, 0.875, 0.6335914318378155, 0.5273343179475833, 0.3161871345271675, 0.3161871345271675, 1.0, 1.0, 0.3668412646591884, 0.68296217918396, 0.6560685634613037, 0.6910684108734131]
[0.7502657341957092, 1.0, 0.0830117460024371, 0.07378821866883298, 0.07378821866883298, 0.875, 0.875, 0.6335914318378155, 0.5273343179475833, 0.319371878396315, 0.319371878396315, 1.0, 1.0, 0.3668412646591884, 0.5979621410369873, 0.6560685634613037, 0.6910684108734131]
[0.7502657341957092, 1.0, 0.07993481290705173, 0.07105316702849043, 0.07105316702849043, 0.875, 0.875, 0.6335914318378155, 0.5273343179475833, 0.30545915972901794, 0.30545915972901794, 1.0, 1.0, 0.3668412646591884, 0.68296217918396, 0.6560685634613037, 0.6910684108734131]
[0.6849250960350036, 0.21133713126573905, 0.5569423753013795, 0.9643016991370589, 0.5407248933800558, 0.875, 0.875, 0.49964053814227766, 0.5307535347774798, 0.8156953034316403, 0.8156953034316403, 1.0, 1.0, 0.3668412646591884, 0.68296217918396, 0.6560685634613037, 0.6910684108734131]
[0.7502657341957092, 1.0, 0.08300084862559054, 0.07377853211163604, 0.07377853211163604, 0.875, 0.875, 0.6335914318378155, 0.5273343179475833, 0.3195837300591314, 0.3195837300591314, 1.0, 1.0, 0.3668412646591884, 0.7579622268676758, 0.6560685634613037, 0.6910684108734131]
[0.7502657341957092, 1.0, 0.07994344402197617, 0.07106083913064548, 0.07106083913064548, 0.875, 0.875, 0.6335914318378155, 0.5273343179475833, 0.2886681983453186, 0.2886681983453186, 1.0, 1.0, 0.3668412646591884, 0.68296217918396, 0.6560685634613037, 0.6910684108734131]
[0.7502657341957092, 1.0, 0.08300084862559054, 0.07377853211163604, 0.07377853211163604, 0.875, 0.875, 0.5501183729905349, 0.2099133072273176, 0.8292241541308357, 0.8292241541308357, 1.0, 1.0, 0.14602664850596006, 0.68296217918396, 0.6560685634613037, 0.6910684108734131]
[0.7502657341957092, 1.0, 0.08924809803878475, 0.079331642701142, 0.079331642701142, 0.875, 0.875, 0.3257942199707031, 0.278288996861324, 0.6893203652314212, 0.6893203652314212, 1.0, 1.0, 0.1935923456426602, 0.68296217918396, 0.6560685634613037, 0.6910684108734131]
[0.2608719635009765, 0.31047443235026695, 0.5506905550438344, 0.9195242651465847, 0.5407248933800558, 0.875, 0.875, 0.6335914318378155, 0.5273343179475833, 0.30467784669071546, 0.30467784669071546, 1.0, 1.0, 0.3668412646591884, 0.6029620170593262, 0.6560685634613037, 0.6910684108734131]
[0.7502657341957092, 1.0, 0.08301174684782109, 0.0737882194202854, 0.0737882194202854, 0.875, 0.875, 0.04722785949707031, 0.05117255985413638, 1.0, 1.0, 1.0, 0.03559830250722531, 0.03559830250722531, 0.68296217918396, 0.6560685634613037, 0.6910684108734131]
[0.7502657341957092, 1.0, 0.0737763736023227, 0.06557899875762017, 0.06557899875762017, 0.875, 0.875, 0.6335914318378155, 0.5273343179475833, 0.3324111355015975, 0.3324111355015975, 1.0, 1.0, 0.3668412646591884, 0.672961950302124, 0.6560685634613037, 0.6910684108734131]
[0.2608719635009765, 0.31047443235026695, 0.5506905550438344, 0.9195242651465847, 0.5407248933800558, 0.875, 0.875, 0.47319514934833234, 0.5207934537570966, 0.9584861168934118, 0.9584861168934118, 1.0, 1.0, 0.3668412646591884, 0.7579619884490967, 0.6560685634613037, 0.6910684108734131]
[0.4108719396591186, 0.31047443235026695, 0.5506903181143283, 0.9192360249037619, 0.5407248933800558, 0.875, 0.875, 0.6335914318378155, 0.5273343179475833, 0.3029483945052231, 0.3029483945052231, 1.0, 1.0, 0.3668412646591884, 0.68296217918396, 0.6560685634613037, 0.6910684108734131]
[0.7502657341957092, 1.0, 0.07994344402197617, 0.07106083913064548, 0.07106083913064548, 0.875, 0.875, 0.5463770352877103, 0.45584486668862456, 0.4199479859594333, 0.4199479859594333, 1.0, 1.0, 0.3171094724790432, 0.5979623794555664, 0.6560685634613037, 0.6910684108734131]
[0.7502657341957092, 1.0, 0.0830117460024371, 0.07378821866883298, 0.07378821866883298, 0.875, 0.875, 0.44982704749474156, 0.12782019011417645, 0.9584861168934118, 0.9584861168934118, 1.0, 1.0, 0.08891839312290535, 0.6729621887207031, 0.6560685634613037, 0.6910684108734131]
[0.2608719635009765, 0.31047443235026695, 0.5414665560634926, 0.9116119384774394, 0.5407248933800558, 0.875, 0.875, 0.5178106748140775, 0.2100912466765228, 0.827672852270745, 0.827672852270745, 1.0, 1.0, 0.14615043247062456, 0.6029622554779053, 0.6560685634613037, 0.6910684108734131]
[0.7502657341957092, 1.0, 0.0737763736023227, 0.06557899875762017, 0.06557899875762017, 0.875, 0.875, 0.5955030001126803, 0.5166548407584539, 0.7081068856075043, 1.0, 1.0, 0.8697730961787237, 0.3668412646591884, 0.5979621410369873, 0.6560685634613037, 0.6910684108734131]
[0.7502657341957092, 1.0, 0.07993481290705173, 0.07105316702849043, 0.07105316702849043, 0.875, 0.875, 0.6335914318378155, 0.5273343179475833, 0.30545915972901794, 0.30545915972901794, 1.0, 1.0, 0.3668412646591884, 0.7579622268676758, 0.6560685634613037, 0.6910684108734131]
[0.4108719396591186, 0.31047443235026695, 0.5506903181143283, 0.9192360249037619, 0.5407248933800558, 0.875, 0.875, 0.6142559051513672, 0.5390377291452139, 0.8292241541308357, 0.8292241541308357, 1.0, 1.0, 0.3668412646591884, 0.6029622554779053, 0.6560685634613037, 0.6910684108734131]
[0.7502657341957092, 1.0, 0.07994344402197617, 0.07106083913064548, 0.07106083913064548, 0.875, 0.875, 0.40319530780498797, 0.3832225048569302, 0.9584861168934118, 0.9584861168934118, 1.0, 1.0, 0.2575574172059331, 0.7529621124267578, 0.6560685634613037, 0.6910684108734131]
[0.7502657341957092, 1.0, 0.07377870808350695, 0.06558107385200618, 0.06558107385200618, 0.875, 0.875, 0.4696405850923978, 0.47640294621326795, 0.827672852270745, 0.827672852270745, 1.0, 1.0, 0.3171094724790432, 0.5179622173309326, 0.6560685634613037, 0.6910684108734131]
[0.7502657341957092, 1.0, 0.0830117460024371, 0.07378821866883298, 0.07378821866883298, 0.875, 0.875, 0.4259807880108173, 0.5071375116321478, 0.8165116830620548, 1.0, 1.0, 0.8139598655539012, 0.3668412646591884, 0.672961950302124, 0.6560685634613037, 0.6910684108734131]
[0.7502657341957092, 1.0, 0.08301174684782109, 0.0737882194202854, 0.0737882194202854, 0.875, 0.875, 0.6335914318378155, 0.5273343179475833, 0.3174124554491945, 0.3174124554491945, 1.0, 1.0, 0.3668412646591884, 0.5179619789123535, 0.6560685634613037, 0.6910684108734131]
[0.7502657341957092, 1.0, 0.08300518278762925, 0.07378238470011489, 0.07378238470011489, 0.875, 0.875, 0.3496404794546274, 0.2964146913158987, 0.674111286829259, 0.674111286829259, 1.0, 1.0, 0.20620152439366865, 0.5979621410369873, 0.6560685634613037, 0.6910684108734131]
[0.7502657341957092, 1.0, 0.08924784791137408, 0.07933142036566584, 0.07933142036566584, 0.875, 0.875, 0.6335914318378155, 0.5273343179475833, 0.2886874154456944, 0.2886874154456944, 1.0, 1.0, 0.3668412646591884, 0.8279621601104736, 0.6560685634613037, 0.6910684108734131]
[0.6849250960350036, 0.21133713126573905, 0.5569423753013795, 0.9643016991370589, 0.5407248933800558, 0.875, 0.875, 0.33887114891639125, 0.2888328211027744, 0.674111286829259, 0.674111286829259, 1.0, 1.0, 0.20092717989758221, 0.672961950302124, 0.6560685634613037, 0.6910684108734131]
[0.2608719635009765, 0.31047443235026695, 0.5414665560634926, 0.9116119384774394, 0.5407248933800558, 0.875, 0.875, 0.4239644270676833, 0.5207934537570966, 0.9584861168934118, 0.9584861168934118, 1.0, 1.0, 0.3668412646591884, 0.68296217918396, 0.6560685634613037, 0.6910684108734131]
[0.7502657341957092, 1.0, 0.0737787193607724, 0.06558108387624213, 0.06558108387624213, 0.875, 0.875, 0.6119481600247897, 0.5221573063437555, 0.827672852270745, 0.9584861168934118, 1.0, 1.0, 0.3668412646591884, 0.672961950302124, 0.6560685634613037, 0.6910684108734131]
[0.7502657341957092, 1.0, 0.07377870808350695, 0.06558107385200618, 0.06558107385200618, 0.875, 0.875, 0.3627172616811899, 0.3066757903923001, 0.6884829787793738, 0.6884829787793738, 1.0, 1.0, 0.2133396802729044, 0.7529623508453369, 0.6560685634613037, 0.6910684108734131]
[0.2608719635009765, 0.31047443235026695, 0.5506905550438344, 0.9195242651465847, 0.5407248933800558, 0.875, 0.875, 0.6335914318378155, 0.5273343179475833, 0.30467784669071546, 0.30467784669071546, 1.0, 1.0, 0.3668412646591884, 0.68296217918396, 0.6560685634613037, 0.6910684108734131]
[0.7502657341957092, 1.0, 0.07994344402197617, 0.07106083913064548, 0.07106083913064548, 0.875, 0.875, 0.6335914318378155, 0.5273343179475833, 0.2886681983453186, 0.2886681983453186, 1.0, 1.0, 0.3668412646591884, 0.5279619693756104, 0.6560685634613037, 0.6910684108734131]
[0.7502657341957092, 1.0, 0.08924784791137408, 0.07933142036566584, 0.07933142036566584, 0.875, 0.875, 0.5544423323411208, 0.48793207706064123, 0.9584861168934118, 1.0, 1.0, 0.9257496322307981, 0.3668412646591884, 0.7529621124267578, 0.6560685634613037, 0.6910684108734131]
[0.7502657341957092, 1.0, 0.0737787193607724, 0.06558108387624213, 0.06558108387624213, 0.875, 0.875, 0.6335914318378155, 0.5273343179475833, 0.3161871345271675, 0.3161871345271675, 1.0, 1.0, 0.3668412646591884, 0.5979621410369873, 0.6560685634613037, 0.6910684108734131]
[0.4108719396591186, 0.31047443235026695, 0.5506903181143283, 0.9192360249037619, 0.5407248933800558, 0.875, 0.875, 0.5857943021334134, 0.5390377291452139, 0.8292241541308357, 0.8292241541308357, 1.0, 1.0, 0.3668412646591884, 0.672961950302124, 0.6560685634613037, 0.6910684108734131]
[0.7502657341957092, 1.0, 0.0737787193607724, 0.06558108387624213, 0.06558108387624213, 0.875, 0.875, 0.6335914318378155, 0.5273343179475833, 0.3161871345271675, 0.3161871345271675, 1.0, 1.0, 0.3668412646591884, 0.5979621410369873, 0.6560685634613037, 0.6910684108734131]
[0.7502657341957092, 1.0, 0.07377870808350695, 0.06558107385200618, 0.06558107385200618, 0.875, 0.875, 0.4499318049504207, 0.3784785286718242, 0.5568878795514027, 0.5568878795514027, 1.0, 1.0, 0.26328941124996463, 0.6729621887207031, 0.6560685634613037, 0.6910684108734131]
[0.7502657341957092, 1.0, 0.0830002154717081, 0.07377796930818498, 0.07377796930818498, 0.875, 0.875, 0.6335914318378155, 0.5273343179475833, 0.3176346640644133, 0.3176346640644133, 1.0, 1.0, 0.3668412646591884, 0.8279621601104736, 0.6560685634613037, 0.6910684108734131]
[0.7502657341957092, 1.0, 0.07675394550398762, 0.06822572933687789, 0.06822572933687789, 0.875, 0.875, 0.07107397226186898, 0.07179744522862541, 1.0, 1.0, 1.0, 0.04994604885469594, 0.04994604885469594, 0.7529623508453369, 0.6560685634613037, 0.6910684108734131]
[0.6849250960350036, 0.21133713126573905, 0.5569423753013795, 0.9643016991370589, 0.5407248933800558, 0.875, 0.875, 0.6335914318378155, 0.5273343179475833, 0.2724481993084419, 0.2724481993084419, 1.0, 1.0, 0.3668412646591884, 0.5179622173309326, 0.6560685634613037, 0.6910684108734131]
[0.7502657341957092, 1.0, 0.08002584788138001, 0.07113408700567111, 0.07113408700567111, 0.875, 0.875, 0.23088748638446516, 0.20056287609305823, 0.827672852270745, 0.827672852270745, 1.0, 1.0, 0.13952200076038834, 0.68296217918396, 0.6560685634613037, 0.6910684108734131]
[0.2608719635009765, 0.31047443235026695, 0.5506905550438344, 0.9195242651465847, 0.5407248933800558, 0.875, 0.875, 0.43839337275578427, 0.3702387872335289, 0.5721117539072509, 0.5721117539072509, 1.0, 1.0, 0.2575574172059331, 0.6729621887207031, 0.6560685634613037, 0.6910684108734131]
[0.2608719635009765, 0.31047443235026695, 0.5414665560634926, 0.9116119384774394, 0.5407248933800558, 0.875, 0.875, 0.5463770352877103, 0.45584486668862456, 0.4487171348012713, 0.4487171348012713, 1.0, 1.0, 0.3171094724790432, 0.6729621887207031, 0.6560685634613037, 0.6910684108734131]
[0.7502657341957092, 1.0, 0.08002584788138001, 0.07113408700567111, 0.07113408700567111, 0.875, 0.875, 0.5452116452730619, 0.49744345400304946, 0.9684861168934118, 1.0, 1.0, 0.9819504856058312, 0.3668412646591884, 0.5979621410369873, 0.6560685634613037, 0.6910684108734131]
[0.7502657341957092, 1.0, 0.08301175321376997, 0.07378822507890664, 0.07378822507890664, 0.875, 0.875, 0.6335914318378155, 0.5273343179475833, 0.3026857878259361, 0.3026857878259361, 1.0, 1.0, 0.3668412646591884, 0.5979621410369873, 0.6560685634613037, 0.6910684108734131]
[0.7502657341957092, 1.0, 0.0830117460024371, 0.07378821866883298, 0.07378821866883298, 0.875, 0.875, 0.33887114891639125, 0.2874913775511314, 0.7004781212110642, 0.7004781212110642, 1.0, 1.0, 0.19999400177470011, 0.68296217918396, 0.6560685634613037, 0.6910684108734131]
[0.4108719396591186, 0.31047443235026695, 0.5506903181143283, 0.9192360249037619, 0.5407248933800558, 0.875, 0.875, 0.6335914318378155, 0.5273343179475833, 0.3029483945052231, 0.3029483945052231, 1.0, 1.0, 0.3668412646591884, 0.6029620170593262, 0.6560685634613037, 0.6910684108734131]
[0.7502657341957092, 1.0, 0.08301174684782109, 0.0737882194202854, 0.0737882194202854, 0.875, 0.875, 0.5565635974590595, 0.5307403410725385, 0.8292241541308357, 0.8292241541308357, 1.0, 1.0, 0.3668412646591884, 0.44796204566955566, 0.6560685634613037, 0.6910684108734131]
[0.4108719396591186, 0.31047443235026695, 0.5506903181143283, 0.9192360249037619, 0.5407248933800558, 0.875, 0.875, 0.6335914318378155, 0.5273343179475833, 0.3029483945052231, 0.3029483945052231, 1.0, 1.0, 0.3668412646591884, 0.6729621887207031, 0.6560685634613037, 0.6910684108734131]
[0.6849250960350036, 0.21133713126573905, 0.5569423753013795, 0.9643016991370589, 0.5407248933800558, 0.875, 0.875, 0.6335914318378155, 0.5273343179475833, 0.2724481993084419, 0.2724481993084419, 1.0, 1.0, 0.3668412646591884, 0.44796204566955566, 0.6560685634613037, 0.6910684108734131]
[0.7502657341957092, 1.0, 0.08300518278762925, 0.07378238470011489, 0.07378238470011489, 0.875, 0.875, 0.6335914318378155, 0.5273343179475833, 0.3046999819021282, 0.3046999819021282, 1.0, 1.0, 0.3668412646591884, 0.68296217918396, 0.6560685634613037, 0.6910684108734131]
[0.7502657341957092, 1.0, 0.08301175321376997, 0.07378822507890664, 0.07378822507890664, 0.875, 0.875, 0.6335914318378155, 0.5273343179475833, 0.3026857878259361, 0.3026857878259361, 1.0, 1.0, 0.3668412646591884, 0.6029622554779053, 0.6560685634613037, 0.6910684108734131]
[0.7502657341957092, 1.0, 0.08301175321376997, 0.07378822507890664, 0.07378822507890664, 0.875, 0.875, 0.6335914318378155, 0.5273343179475833, 0.3026857878259361, 0.3026857878259361, 1.0, 1.0, 0.3668412646591884, 0.6729621887207031, 0.6560685634613037, 0.6910684108734131]
[0.2608719635009765, 0.31047443235026695, 0.5414665560634926, 0.9116119384774394, 0.5407248933800558, 0.875, 0.875, 0.46290382972130406, 0.13811241011680453, 0.9584861168934118, 0.9584861168934118, 1.0, 1.0, 0.09607819834212489, 0.68296217918396, 0.6560685634613037, 0.6910684108734131]
[0.7502657341957092, 1.0, 0.07994344402197617, 0.07106083913064548, 0.07106083913064548, 0.875, 0.875, 0.6335914318378155, 0.5273343179475833, 0.2886681983453186, 0.2886681983453186, 1.0, 1.0, 0.3668412646591884, 0.5179622173309326, 0.6560685634613037, 0.6910684108734131]
[0.7502657341957092, 1.0, 0.08301174684782109, 0.0737882194202854, 0.0737882194202854, 0.875, 0.875, 0.6335914318378155, 0.5273343179475833, 0.3174124554491945, 0.3174124554491945, 1.0, 1.0, 0.3668412646591884, 0.5979619026184082, 0.6560685634613037, 0.6910684108734131]
[0.6849250960350036, 0.21133713126573905, 0.5569423753013795, 0.9643016991370589, 0.5407248933800558, 0.875, 0.875, 0.6335914318378155, 0.5273343179475833, 0.2724481993084419, 0.2724481993084419, 1.0, 1.0, 0.3668412646591884, 0.68296217918396, 0.6560685634613037, 0.6910684108734131]
[0.7502657341957092, 1.0, 0.0737787193607724, 0.06558108387624213, 0.06558108387624213, 0.875, 0.875, 0.6335914318378155, 0.5273343179475833, 0.3161871345271675, 0.3161871345271675, 1.0, 1.0, 0.3668412646591884, 0.68296217918396, 0.6560685634613037, 0.6910684108734131]
[0.7502657341957092, 1.0, 0.08301175321376997, 0.07378822507890664, 0.07378822507890664, 0.875, 0.875, 0.6335914318378155, 0.5273343179475833, 0.3026857878259361, 0.3026857878259361, 1.0, 1.0, 0.3668412646591884, 0.672961950302124, 0.6560685634613037, 0.6910684108734131]
[0.7502657341957092, 1.0, 0.07994344402197617, 0.07106083913064548, 0.07106083913064548, 0.875, 0.875, 0.6335914318378155, 0.5273343179475833, 0.2886681983453186, 0.2886681983453186, 1.0, 1.0, 0.3668412646591884, 0.672961950302124, 0.6560685634613037, 0.6910684108734131]
[0.4108719396591186, 0.31047443235026695, 0.5506903181143283, 0.9192360249037619, 0.5407248933800558, 0.875, 0.875, 0.57367310157189, 0.50729154550352, 0.9584861168934118, 1.0, 1.0, 0.9257496322307981, 0.3668412646591884, 0.672961950302124, 0.6560685634613037, 0.6910684108734131]
[0.7502657341957092, 1.0, 0.07676459748596198, 0.06823519776529954, 0.06823519776529954, 0.875, 0.875, 0.5231952667236328, 0.5297078525030237, 0.9584861168934118, 0.9584861168934118, 1.0, 1.0, 0.3668412646591884, 0.68296217918396, 0.6560685634613037, 0.6910684108734131]
[0.7502657341957092, 1.0, 0.08301175321376997, 0.07378822507890664, 0.07378822507890664, 0.875, 0.875, 0.6335914318378155, 0.5273343179475833, 0.3026857878259361, 0.3026857878259361, 1.0, 1.0, 0.3668412646591884, 0.7579619884490967, 0.6560685634613037, 0.6910684108734131]
[0.4108719396591186, 0.31047443235026695, 0.5506903181143283, 0.9192360249037619, 0.5407248933800558, 0.875, 0.875, 0.6335914318378155, 0.5273343179475833, 0.3029483945052231, 0.3029483945052231, 1.0, 1.0, 0.3668412646591884, 0.7529621124267578, 0.6560685634613037, 0.6910684108734131]
[0.7502657341957092, 1.0, 0.0737763736023227, 0.06557899875762017, 0.06557899875762017, 0.875, 0.875, 0.6335914318378155, 0.5273343179475833, 0.3324111355015975, 0.3324111355015975, 1.0, 1.0, 0.3668412646591884, 0.672961950302124, 0.6560685634613037, 0.6910684108734131]
[0.7502657341957092, 1.0, 0.08301175321376997, 0.07378822507890664, 0.07378822507890664, 0.875, 0.875, 0.6335914318378155, 0.5273343179475833, 0.3026857878259361, 0.3026857878259361, 1.0, 1.0, 0.3668412646591884, 0.6829619407653809, 0.6560685634613037, 0.6910684108734131]
[0.7502657341957092, 1.0, 0.07994344402197617, 0.07106083913064548, 0.07106083913064548, 0.875, 0.875, 0.6335914318378155, 0.5273343179475833, 0.2886681983453186, 0.2886681983453186, 1.0, 1.0, 0.3668412646591884, 0.7579619884490967, 0.6560685634613037, 0.6910684108734131]
[0.7502657341957092, 1.0, 0.07994344402197617, 0.07106083913064548, 0.07106083913064548, 0.875, 0.875, 0.6335914318378155, 0.5273343179475833, 0.2886681983453186, 0.2886681983453186, 1.0, 1.0, 0.3668412646591884, 0.68296217918396, 0.6560685634613037, 0.6910684108734131]
[0.4108719396591186, 0.31047443235026695, 0.5506903181143283, 0.9192360249037619, 0.5407248933800558, 0.875, 0.875, 0.6335914318378155, 0.5273343179475833, 0.3029483945052231, 0.3029483945052231, 1.0, 1.0, 0.3668412646591884, 0.6029622554779053, 0.6560685634613037, 0.6910684108734131]
[0.7502657341957092, 1.0, 0.08300518278762925, 0.07378238470011489, 0.07378238470011489, 0.875, 0.875, 0.6335914318378155, 0.5273343179475833, 0.3046999819021282, 0.3046999819021282, 1.0, 1.0, 0.3668412646591884, 0.5979621410369873, 0.6560685634613037, 0.6910684108734131]
[0.2608719635009765, 0.31047443235026695, 0.5506905550438344, 0.9195242651465847, 0.5407248933800558, 0.875, 0.875, 0.5857943021334134, 0.5390377291452139, 0.8156953034316403, 0.8156953034316403, 1.0, 1.0, 0.3668412646591884, 0.6029622554779053, 0.6560685634613037, 0.6910684108734131]
[0.7502657341957092, 1.0, 0.0830002154717081, 0.07377796930818498, 0.07377796930818498, 0.875, 0.875, 0.33887114891639125, 0.2886988740637584, 0.6893203652314212, 0.6893203652314212, 1.0, 1.0, 0.20083399934870147, 0.5279624462127686, 0.6560685634613037, 0.6910684108734131]
[0.4108719396591186, 0.31047443235026695, 0.5506903181143283, 0.9192360249037619, 0.5407248933800558, 0.875, 0.875, 0.6201183612530048, 0.50729154550352, 0.9684861168934118, 1.0, 1.0, 0.8649218979267047, 0.3668412646591884, 0.6029620170593262, 0.6560685634613037, 0.6910684108734131]
[0.7502657341957092, 1.0, 0.08301175321376997, 0.07378822507890664, 0.07378822507890664, 0.875, 0.875, 0.6335914318378155, 0.5273343179475833, 0.3026857878259361, 0.3026857878259361, 1.0, 1.0, 0.3668412646591884, 0.8379621505737305, 0.6560685634613037, 0.6910684108734131]
[0.6849250960350036, 0.21133713126573905, 0.5569423753013795, 0.9643016991370589, 0.5407248933800558, 0.875, 0.875, 0.28444231473482573, 0.36215527865692976, 0.9684861168934118, 1.0, 1.0, 0.858309255143156, 0.2575574172059331, 0.5979621410369873, 0.6560685634613037, 0.6910684108734131]
[0.7502657341957092, 1.0, 0.0830117460024371, 0.07378821866883298, 0.07378821866883298, 0.875, 0.875, 0.33953563983623797, 0.5071375116321478, 0.9684861168934118, 1.0, 1.0, 0.760029679412777, 0.3668412646591884, 0.7529621124267578, 0.6560685634613037, 0.6910684108734131]
[0.7502657341957092, 1.0, 0.07993481290705173, 0.07105316702849043, 0.07105316702849043, 0.875, 0.875, 0.6335914318378155, 0.5273343179475833, 0.30545915972901794, 0.30545915972901794, 1.0, 1.0, 0.3668412646591884, 0.5279619693756104, 0.6560685634613037, 0.6910684108734131]
[0.5830313730239868, 0.834440469382227, 0.6797488032759286, 0.9166666666666666, 0.9893016991370589, 0.9821788230583823, 0.875, 0.44982704749474156, 0.12905453118236765, 0.9584861168934118, 0.9584861168934118, 1.0, 1.0, 0.08977706517034272, 0.6729621887207031, 0.6560685634613037, 0.6910684108734131]
[0.7502657341957092, 1.0, 0.0737787193607724, 0.06558108387624213, 0.06558108387624213, 0.875, 0.875, 0.6335914318378155, 0.5273343179475833, 0.3161871345271675, 0.3161871345271675, 1.0, 1.0, 0.3668412646591884, 0.5179622173309326, 0.6560685634613037, 0.6910684108734131]
[0.7502657341957092, 1.0, 0.0737763736023227, 0.06557899875762017, 0.06557899875762017, 0.875, 0.875, 0.5857943021334134, 0.5399212886670096, 0.827672852270745, 0.827672852270745, 1.0, 1.0, 0.3668412646591884, 0.6029620170593262, 0.6560685634613037, 0.6910684108734131]
[0.7502657341957092, 1.0, 0.07994344402197617, 0.07106083913064548, 0.07106083913064548, 0.875, 0.875, 0.6335914318378155, 0.5273343179475833, 0.2886681983453186, 0.2886681983453186, 1.0, 1.0, 0.3668412646591884, 0.7529621124267578, 0.6560685634613037, 0.6910684108734131]
[0.7502657341957092, 1.0, 0.08300518278762925, 0.07378238470011489, 0.07378238470011489, 0.875, 0.875, 0.6265635857215295, 0.5487142835892526, 0.8156953034316403, 0.8156953034316403, 1.0, 1.0, 0.3668412646591884, 0.68296217918396, 0.6560685634613037, 0.6910684108734131]
[0.4108719396591186, 0.31047443235026695, 0.5506903181143283, 0.9192360249037619, 0.5407248933800558, 0.875, 0.875, 0.4601182204026442, 0.5116302078871711, 0.9584861168934118, 0.9584861168934118, 1.0, 1.0, 0.3668412646591884, 0.672961950302124, 0.6560685634613037, 0.6910684108734131]
[0.2608719635009765, 0.31047443235026695, 0.5506905550438344, 0.9195242651465847, 0.5407248933800558, 0.875, 0.875, 0.6335914318378155, 0.5273343179475833, 0.30467784669071546, 0.30467784669071546, 1.0, 1.0, 0.3668412646591884, 0.5279619693756104, 0.6560685634613037, 0.6910684108734131]
[0.4108719396591186, 0.31047443235026695, 0.5506903181143283, 0.9192360249037619, 0.5407248933800558, 0.875, 0.875, 0.6335914318378155, 0.5273343179475833, 0.3029483945052231, 0.3029483945052231, 1.0, 1.0, 0.3668412646591884, 0.4429619312286377, 0.6560685634613037, 0.6910684108734131]
[0.7502657341957092, 1.0, 0.0737787193607724, 0.06558108387624213, 0.06558108387624213, 0.875, 0.875, 0.4801183847280649, 0.5168181201093217, 0.9684861168934118, 1.0, 1.0, 0.8645578168605973, 0.3668412646591884, 0.6029622554779053, 0.6560685634613037, 0.6910684108734131]
[0.2608719635009765, 0.31047443235026695, 0.5506905550438344, 0.9195242651465847, 0.5407248933800558, 0.875, 0.875, 0.5167500422551081, 0.5083941591669462, 0.9584861168934118, 1.0, 1.0, 0.9198675232311481, 0.3668412646591884, 0.5179622173309326, 0.6560685634613037, 0.6910684108734131]
[0.2608719635009765, 0.31047443235026695, 0.5506905550438344, 0.9195242651465847, 0.5407248933800558, 0.875, 0.875, 0.2621345520019531, 0.3078082936513462, 0.9584861168934118, 1.0, 1.0, 0.9198675232311481, 0.20092717989758221, 0.4429624080657959, 0.6560685634613037, 0.6910684108734131]
[0.7502657341957092, 1.0, 0.0737787193607724, 0.06558108387624213, 0.06558108387624213, 0.875, 0.875, 0.5155029296875, 0.5168181201093217, 0.827672852270745, 1.0, 1.0, 0.8138012742882768, 0.3668412646591884, 0.7579619884490967, 0.6560685634613037, 0.6910684108734131]
[0.7502657341957092, 1.0, 0.0737763736023227, 0.06557899875762017, 0.06557899875762017, 0.875, 0.875, 0.5416567875788763, 0.5166548407584539, 0.7081068856075043, 1.0, 1.0, 0.8697730961787237, 0.3668412646591884, 0.672961950302124, 0.6560685634613037, 0.6910684108734131]
[0.7502657341957092, 1.0, 0.08300518278762925, 0.07378238470011489, 0.07378238470011489, 0.875, 0.875, 0.6335914318378155, 0.5273343179475833, 0.3046999819021282, 0.3046999819021282, 1.0, 1.0, 0.3668412646591884, 0.6029622554779053, 0.6560685634613037, 0.6910684108734131]
[0.2608719635009765, 0.31047443235026695, 0.5414665560634926, 0.9116119384774394, 0.5407248933800558, 0.875, 0.875, 0.33887114891639125, 0.2888328211027744, 0.7004781212110642, 0.7004781212110642, 1.0, 1.0, 0.20092717989758221, 0.4429624080657959, 0.6560685634613037, 0.6910684108734131]
[0.7502657341957092, 1.0, 0.08301174684782109, 0.0737882194202854, 0.0737882194202854, 0.875, 0.875, 0.4855029766376202, 0.5105198953817679, 0.9584861168934118, 0.9584861168934118, 1.0, 1.0, 0.3668412646591884, 0.5179622173309326, 0.6560685634613037, 0.6910684108734131]
[0.2608719635009765, 0.31047443235026695, 0.5414665560634926, 0.9116119384774394, 0.5407248933800558, 0.875, 0.875, 0.43839337275578427, 0.3702387872335289, 0.5831067653382108, 0.5831067653382108, 1.0, 1.0, 0.2575574172059331, 0.5179622173309326, 0.6560685634613037, 0.6910684108734131]
[0.7502657341957092, 1.0, 0.07676459748596198, 0.06823519776529954, 0.06823519776529954, 0.875, 0.875, 0.5531952197735126, 0.5264878368985286, 0.6954092275805561, 1.0, 1.0, 0.8697730961787237, 0.3668412646591884, 0.672961950302124, 0.6560685634613037, 0.6910684108734131]
[0.7502657341957092, 1.0, 0.08924809803878475, 0.079331642701142, 0.079331642701142, 0.875, 0.875, 0.5844424321101263, 0.4890362759058442, 0.9684861168934118, 1.0, 1.0, 0.9819504856058312, 0.3668412646591884, 0.5979621410369873, 0.6560685634613037, 0.6910684108734131]
[0.7502657341957092, 1.0, 0.07377870808350695, 0.06558107385200618, 0.06558107385200618, 0.875, 0.875, 0.5999318636380709, 0.5620575068654328, 0.6884829787793738, 0.6884829787793738, 1.0, 1.0, 0.3668412646591884, 0.6029622554779053, 0.6560685634613037, 0.6910684108734131]
[0.7502657341957092, 1.0, 0.07993481290705173, 0.07105316702849043, 0.07105316702849043, 0.875, 0.875, 0.5331953488863431, 0.49848015988981853, 0.6979667258492566, 1.0, 1.0, 0.858309255143156, 0.3668412646591884, 0.4429619312286377, 0.6560685634613037, 0.6910684108734131]
[0.7502657341957092, 1.0, 0.0830117460024371, 0.07378821866883298, 0.07378821866883298, 0.875, 0.875, 0.6070414323073167, 0.5071375116321478, 0.6979667258492566, 1.0, 1.0, 0.8697730961787237, 0.3668412646591884, 0.7579622268676758, 0.6560685634613037, 0.6910684108734131]
[0.7502657341957092, 1.0, 0.08002584788138001, 0.07113408700567111, 0.07113408700567111, 0.875, 0.875, 0.529349107008714, 0.49744345400304946, 0.6821725421130151, 1.0, 1.0, 0.8645578168605973, 0.3668412646591884, 0.5179622173309326, 0.6560685634613037, 0.6910684108734131]
[0.6849250960350036, 0.21133713126573905, 0.5569423753013795, 0.9643016991370589, 0.5407248933800558, 0.875, 0.875, 0.6296404325045072, 0.5029337777122456, 0.8156953034316403, 0.9584861168934118, 1.0, 1.0, 0.3668412646591884, 0.68296217918396, 0.6560685634613037, 0.6910684108734131]
[0.2608719635009765, 0.31047443235026695, 0.5414665560634926, 0.9116119384774394, 0.5407248933800558, 0.875, 0.875, 0.6265635857215295, 0.5166350564375803, 0.6821725421130151, 1.0, 1.0, 0.8697730961787237, 0.3668412646591884, 0.68296217918396, 0.6560685634613037, 0.6910684108734131]
[0.6849250960350036, 0.21133713126573905, 0.5569423753013795, 0.9643016991370589, 0.5407248933800558, 0.875, 0.875, 0.6335914318378155, 0.5273343179475833, 0.2724481993084419, 0.2724481993084419, 1.0, 1.0, 0.3668412646591884, 0.5979621410369873, 0.6560685634613037, 0.6910684108734131]
[0.6849250960350036, 0.21133713126573905, 0.5569423753013795, 0.9643016991370589, 0.5407248933800558, 0.875, 0.875, 0.6335914318378155, 0.5273343179475833, 0.2724481993084419, 0.2724481993084419, 1.0, 1.0, 0.3668412646591884, 0.5279619693756104, 0.6560685634613037, 0.6910684108734131]
[0.7502657341957092, 1.0, 0.0737787193607724, 0.06558108387624213, 0.06558108387624213, 0.875, 0.875, 0.6335914318378155, 0.5273343179475833, 0.3161871345271675, 0.3161871345271675, 1.0, 1.0, 0.3668412646591884, 0.5979621410369873, 0.6560685634613037, 0.6910684108734131]
[0.7502657341957092, 1.0, 0.08924809803878475, 0.079331642701142, 0.079331642701142, 0.875, 0.875, 0.6335914318378155, 0.5273343179475833, 0.2906332575176549, 0.2906332575176549, 1.0, 1.0, 0.3668412646591884, 0.7579622268676758, 0.6560685634613037, 0.6910684108734131]
[0.7502657341957092, 1.0, 0.0830002154717081, 0.07377796930818498, 0.07377796930818498, 0.875, 0.875, 0.43839337275578427, 0.3691358772072306, 0.5708083981649275, 0.5708083981649275, 1.0, 1.0, 0.25679017544850824, 0.8379621505737305, 0.6560685634613037, 0.6910684108734131]
[0.7502657341957092, 1.0, 0.08300084862559054, 0.07377853211163604, 0.07377853211163604, 0.875, 0.875, 0.6335914318378155, 0.5273343179475833, 0.3195837300591314, 0.3195837300591314, 1.0, 1.0, 0.3668412646591884, 0.6029620170593262, 0.6560685634613037, 0.6910684108734131]
[0.7502657341957092, 1.0, 0.0830117460024371, 0.07378821866883298, 0.07378821866883298, 0.875, 0.875, 0.41271737905649036, 0.45704852698259524, 0.8292241541308357, 0.8292241541308357, 1.0, 1.0, 0.3107453655124165, 0.5279624462127686, 0.6560685634613037, 0.6910684108734131]
[0.7502657341957092, 1.0, 0.08002584788138001, 0.07113408700567111, 0.07113408700567111, 0.875, 0.875, 0.6335914318378155, 0.5273343179475833, 0.3040802028086046, 0.3040802028086046, 1.0, 1.0, 0.3668412646591884, 0.5179622173309326, 0.6560685634613037, 0.6910684108734131]
[0.7502657341957092, 1.0, 0.08002584788138001, 0.07113408700567111, 0.07113408700567111, 0.875, 0.875, 0.5660856687105619, 0.5336707129440121, 0.6884829787793738, 0.6884829787793738, 1.0, 1.0, 0.3668412646591884, 0.5979623794555664, 0.6560685634613037, 0.6910684108734131]
[0.4108719396591186, 0.31047443235026695, 0.5506903181143283, 0.9192360249037619, 0.5407248933800558, 0.875, 0.875, 0.43839337275578427, 0.3702387872335289, 0.5708083981649275, 0.5708083981649275, 1.0, 1.0, 0.2575574172059331, 0.6729621887207031, 0.6560685634613037, 0.6910684108734131]
[0.6849250960350036, 0.21133713126573905, 0.5569423753013795, 0.9643016991370589, 0.5407248933800558, 0.875, 0.875, 0.6335914318378155, 0.5273343179475833, 0.2724481993084419, 0.2724481993084419, 1.0, 1.0, 0.3668412646591884, 0.5979621410369873, 0.6560685634613037, 0.6910684108734131]
[0.7502657341957092, 1.0, 0.0830117460024371, 0.07378821866883298, 0.07378821866883298, 0.875, 0.875, 0.14213459308330828, 0.12782019011417645, 0.9584861168934118, 0.9584861168934118, 1.0, 1.0, 0.08891839312290535, 0.6029622554779053, 0.6560685634613037, 0.6910684108734131]
[0.7502657341957092, 1.0, 0.08300084862559054, 0.07377853211163604, 0.07377853211163604, 0.875, 0.875, 0.426085692185622, 0.3603256887836406, 0.5708083981649275, 0.5708083981649275, 1.0, 1.0, 0.2506613487190543, 0.68296217918396, 0.6560685634613037, 0.6910684108734131]
[0.7502657341957092, 1.0, 0.0737787193607724, 0.06558108387624213, 0.06558108387624213, 0.875, 0.875, 0.6335914318378155, 0.5273343179475833, 0.3161871345271675, 0.3161871345271675, 1.0, 1.0, 0.3668412646591884, 0.7529621124267578, 0.6560685634613037, 0.6910684108734131]
[0.2608719635009765, 0.31047443235026695, 0.5506905550438344, 0.9195242651465847, 0.5407248933800558, 0.875, 0.875, 0.5393491891714243, 0.435107619710009, 0.8165116830620548, 1.0, 1.0, 0.8649218979267047, 0.3171094724790432, 0.5979623794555664, 0.6560685634613037, 0.6910684108734131]
[0.4108719396591186, 0.31047443235026695, 0.5506903181143283, 0.9192360249037619, 0.5407248933800558, 0.875, 0.875, 0.630409680880033, 0.50729154550352, 0.6821725421130151, 1.0, 1.0, 0.8649218979267047, 0.3668412646591884, 0.5279624462127686, 0.6560685634613037, 0.6910684108734131]
[0.2608719635009765, 0.31047443235026695, 0.5506905550438344, 0.9195242651465847, 0.5407248933800558, 0.875, 0.875, 0.6335914318378155, 0.5273343179475833, 0.30467784669071546, 0.30467784669071546, 1.0, 1.0, 0.3668412646591884, 0.5979621410369873, 0.6560685634613037, 0.6910684108734131]
[0.7502657341957092, 1.0, 0.08924809803878475, 0.079331642701142, 0.079331642701142, 0.875, 0.875, 0.5970413501446064, 0.4890362759058442, 0.8165116830620548, 1.0, 1.0, 0.9198675232311481, 0.3668412646591884, 0.672961950302124, 0.6560685634613037, 0.6910684108734131]
[0.7502657341957092, 1.0, 0.0737763736023227, 0.06557899875762017, 0.06557899875762017, 0.875, 0.875, 0.6335914318378155, 0.5273343179475833, 0.3324111355015975, 0.3324111355015975, 1.0, 1.0, 0.3668412646591884, 0.6029622554779053, 0.6560685634613037, 0.6910684108734131]
[0.7502657341957092, 1.0, 0.0830002154717081, 0.07377796930818498, 0.07377796930818498, 0.875, 0.875, 0.4536731426532452, 0.4340047015092523, 0.9584861168934118, 1.0, 1.0, 0.8133949557238814, 0.3107453655124165, 0.68296217918396, 0.6560685634613037, 0.6910684108734131]
[0.7502657341957092, 1.0, 0.08301175321376997, 0.07378822507890664, 0.07378822507890664, 0.875, 0.875, 0.6335914318378155, 0.5273343179475833, 0.3026857878259361, 0.3026857878259361, 1.0, 1.0, 0.3668412646591884, 0.5979621410369873, 0.6560685634613037, 0.6910684108734131]
[0.7502657341957092, 1.0, 0.08300518278762925, 0.07378238470011489, 0.07378238470011489, 0.875, 0.875, 0.5182885390061599, 0.508536018060337, 0.9684861168934118, 1.0, 1.0, 0.858309255143156, 0.3668412646591884, 0.5179622173309326, 0.6560685634613037, 0.6910684108734131]
[0.6849250960350036, 0.21133713126573905, 0.5569423753013795, 0.9643016991370589, 0.5407248933800558, 0.875, 0.875, 0.6335914318378155, 0.5273343179475833, 0.2724481993084419, 0.2724481993084419, 1.0, 1.0, 0.3668412646591884, 0.68296217918396, 0.6560685634613037, 0.6910684108734131]
[0.7502657341957092, 1.0, 0.08300518278762925, 0.07378238470011489, 0.07378238470011489, 0.875, 0.875, 0.6335914318378155, 0.5273343179475833, 0.3046999819021282, 0.3046999819021282, 1.0, 1.0, 0.3668412646591884, 0.68296217918396, 0.6560685634613037, 0.6910684108734131]
[0.7502657341957092, 1.0, 0.08300518278762925, 0.07378238470011489, 0.07378238470011489, 0.875, 0.875, 0.6335914318378155, 0.5273343179475833, 0.3046999819021282, 0.3046999819021282, 1.0, 1.0, 0.3668412646591884, 0.5179619789123535, 0.6560685634613037, 0.6910684108734131]
[0.7502657341957092, 1.0, 0.0737763736023227, 0.06557899875762017, 0.06557899875762017, 0.875, 0.875, 0.6335914318378155, 0.5273343179475833, 0.3324111355015975, 0.3324111355015975, 1.0, 1.0, 0.3668412646591884, 0.7579622268676758, 0.6560685634613037, 0.6910684108734131]
[0.7502657341957092, 1.0, 0.07994344402197617, 0.07106083913064548, 0.07106083913064548, 0.875, 0.875, 0.5463770352877103, 0.45584486668862456, 0.4199479859594333, 0.4199479859594333, 1.0, 1.0, 0.3171094724790432, 0.6729621887207031, 0.6560685634613037, 0.6910684108734131]
[0.7502657341957092, 1.0, 0.07675394550398762, 0.06822572933687789, 0.06822572933687789, 0.875, 0.875, 0.623486592219426, 0.5582050935969745, 0.8156953034316403, 0.8156953034316403, 1.0, 1.0, 0.3668412646591884, 0.68296217918396, 0.6560685634613037, 0.6910684108734131]
[0.2608719635009765, 0.31047443235026695, 0.5414665560634926, 0.9116119384774394, 0.5407248933800558, 0.875, 0.875, 0.5262722602257361, 0.5166350564375803, 0.6821725421130151, 1.0, 1.0, 0.8697730961787237, 0.3668412646591884, 0.6029622554779053, 0.6560685634613037, 0.6910684108734131]
[0.7502657341957092, 1.0, 0.0737763736023227, 0.06557899875762017, 0.06557899875762017, 0.875, 0.875, 0.24242606529822716, 0.21097480557701997, 0.827672852270745, 0.827672852270745, 1.0, 1.0, 0.14676508214053563, 0.68296217918396, 0.6560685634613037, 0.6910684108734131]
[0.7502657341957092, 1.0, 0.07675394550398762, 0.06822572933687789, 0.06822572933687789, 0.875, 0.875, 0.5999318636380709, 0.5620575068654328, 0.6893203652314212, 0.6893203652314212, 1.0, 1.0, 0.3668412646591884, 0.6029622554779053, 0.6560685634613037, 0.6910684108734131]
[0.7502657341957092, 1.0, 0.08301174684782109, 0.0737882194202854, 0.0737882194202854, 0.875, 0.875, 0.6335914318378155, 0.5273343179475833, 0.3174124554491945, 0.3174124554491945, 1.0, 1.0, 0.3668412646591884, 0.68296217918396, 0.6560685634613037, 0.6910684108734131]
[0.6849250960350036, 0.21133713126573905, 0.5569423753013795, 0.9643016991370589, 0.5407248933800558, 0.875, 0.875, 0.6076242006742038, 0.5442145383616604, 0.674111286829259, 0.674111286829259, 1.0, 1.0, 0.3668412646591884, 0.68296217918396, 0.6560685634613037, 0.6910684108734131]
[0.7502657341957092, 1.0, 0.0830117460024371, 0.07378821866883298, 0.07378821866883298, 0.875, 0.875, 0.6119481600247897, 0.5306132923212594, 0.8292241541308357, 0.8292241541308357, 1.0, 1.0, 0.3668412646591884, 0.5979621410369873, 0.6560685634613037, 0.6910684108734131]
[0.7502657341957092, 1.0, 0.07676459748596198, 0.06823519776529954, 0.06823519776529954, 0.875, 0.875, 0.33953563983623797, 0.5264878368985286, 0.9684861168934118, 1.0, 1.0, 0.7606803158050666, 0.3668412646591884, 0.7529621124267578, 0.6560685634613037, 0.6910684108734131]
[0.7502657341957092, 1.0, 0.08002584788138001, 0.07113408700567111, 0.07113408700567111, 0.875, 0.875, 0.6335914318378155, 0.5273343179475833, 0.3040802028086046, 0.3040802028086046, 1.0, 1.0, 0.3668412646591884, 0.7579622268676758, 0.6560685634613037, 0.6910684108734131]
[0.7502657341957092, 1.0, 0.08301172592210404, 0.07378820081964804, 0.07378820081964804, 0.875, 0.875, 0.6335914318378155, 0.5273343179475833, 0.3195089133773779, 0.3195089133773779, 1.0, 1.0, 0.3668412646591884, 0.672961950302124, 0.6560685634613037, 0.6910684108734131]
[0.7502657341957092, 1.0, 0.08002584788138001, 0.07113408700567111, 0.07113408700567111, 0.875, 0.875, 0.6335914318378155, 0.5273343179475833, 0.3040802028086046, 0.3040802028086046, 1.0, 1.0, 0.3668412646591884, 0.5979621410369873, 0.6560685634613037, 0.6910684108734131]
[0.7502657341957092, 1.0, 0.07675394550398762, 0.06822572933687789, 0.06822572933687789, 0.875, 0.875, 0.6265635857215295, 0.5582050935969745, 0.8156953034316403, 0.8156953034316403, 1.0, 1.0, 0.3668412646591884, 0.6029622554779053, 0.6560685634613037, 0.6910684108734131]
[0.7502657341957092, 1.0, 0.07377870808350695, 0.06558107385200618, 0.06558107385200618, 0.875, 0.875, 0.5999318636380709, 0.5620575068654328, 0.6884829787793738, 0.6884829787793738, 1.0, 1.0, 0.3668412646591884, 0.7579619884490967, 0.6560685634613037, 0.6910684108734131]
[0.7502657341957092, 1.0, 0.08002584788138001, 0.07113408700567111, 0.07113408700567111, 0.875, 0.875, 0.6335914318378155, 0.5273343179475833, 0.3040802028086046, 0.3040802028086046, 1.0, 1.0, 0.3668412646591884, 0.5979621410369873, 0.6560685634613037, 0.6910684108734131]
[0.7502657341957092, 1.0, 0.0737787193607724, 0.06558108387624213, 0.06558108387624213, 0.875, 0.875, 0.6335914318378155, 0.5273343179475833, 0.3161871345271675, 0.3161871345271675, 1.0, 1.0, 0.3668412646591884, 0.7579622268676758, 0.6560685634613037, 0.6910684108734131]
[0.7502657341957092, 1.0, 0.07994344402197617, 0.07106083913064548, 0.07106083913064548, 0.875, 0.875, 0.33887114891639125, 0.2888328211027744, 0.6884829787793738, 0.6884829787793738, 1.0, 1.0, 0.20092717989758221, 0.5979621410369873, 0.6560685634613037, 0.6910684108734131]
[0.6849250960350036, 0.21133713126573905, 0.5569423753013795, 0.9643016991370589, 0.5407248933800558, 0.875, 0.875, 0.6335914318378155, 0.5273343179475833, 0.2724481993084419, 0.2724481993084419, 1.0, 1.0, 0.3668412646591884, 0.5979621410369873, 0.6560685634613037, 0.6910684108734131]
[0.7502657341957092, 1.0, 0.07676459748596198, 0.06823519776529954, 0.06823519776529954, 0.875, 0.875, 0.6335914318378155, 0.5273343179475833, 0.33164736485755214, 0.33164736485755214, 1.0, 1.0, 0.3668412646591884, 0.6729621887207031, 0.6560685634613037, 0.6910684108734131]
[0.7502657341957092, 1.0, 0.08300084862559054, 0.07377853211163604, 0.07377853211163604, 0.875, 0.875, 0.6316567934476413, 0.4578739332455506, 0.9584861168934118, 0.9584861168934118, 1.0, 1.0, 0.3107453655124165, 0.5979619026184082, 0.6560685634613037, 0.6910684108734131]
[0.7502657341957092, 1.0, 0.08300084862559054, 0.07377853211163604, 0.07377853211163604, 0.875, 0.875, 0.4413654620830829, 0.6387808373590187, 0.8165116830620548, 1.0, 1.0, 0.7041668391561441, 0.44549648820935533, 0.7529621124267578, 0.6560685634613037, 0.6910684108734131]
[0.7502657341957092, 1.0, 0.08300518278762925, 0.07378238470011489, 0.07378238470011489, 0.875, 0.875, 0.6335914318378155, 0.5273343179475833, 0.3046999819021282, 0.3046999819021282, 1.0, 1.0, 0.3668412646591884, 0.5979621410369873, 0.6560685634613037, 0.6910684108734131]
[0.7502657341957092, 1.0, 0.07676459748596198, 0.06823519776529954, 0.06823519776529954, 0.875, 0.875, 0.6335914318378155, 0.5273343179475833, 0.33164736485755214, 0.33164736485755214, 1.0, 1.0, 0.3668412646591884, 0.5979621410369873, 0.6560685634613037, 0.6910684108734131]
[0.2608719635009765, 0.31047443235026695, 0.5506905550438344, 0.9195242651465847, 0.5407248933800558, 0.875, 0.875, 0.24242606529822716, 0.2100912466765228, 0.8156953034316403, 0.8156953034316403, 1.0, 1.0, 0.14615043247062456, 0.5979621410369873, 0.6560685634613037, 0.6910684108734131]
[0.7502657341957092, 1.0, 0.07993481290705173, 0.07105316702849043, 0.07105316702849043, 0.875, 0.875, 0.6335914318378155, 0.5273343179475833, 0.30545915972901794, 0.30545915972901794, 1.0, 1.0, 0.3668412646591884, 0.68296217918396, 0.6560685634613037, 0.6910684108734131]
[0.7502657341957092, 1.0, 0.07675394550398762, 0.06822572933687789, 0.06822572933687789, 0.875, 0.875, 0.4499318049504207, 0.3784785286718242, 0.5721117539072509, 0.5721117539072509, 1.0, 1.0, 0.26328941124996463, 0.6729621887207031, 0.6560685634613037, 0.6910684108734131]
[0.6849250960350036, 0.21133713126573905, 0.5569423753013795, 0.9643016991370589, 0.5407248933800558, 0.875, 0.875, 0.6335914318378155, 0.5273343179475833, 0.2724481993084419, 0.2724481993084419, 1.0, 1.0, 0.3668412646591884, 0.6029622554779053, 0.6560685634613037, 0.6910684108734131]
[0.7502657341957092, 1.0, 0.08924809803878475, 0.079331642701142, 0.079331642701142, 0.875, 0.875, 0.5262722602257361, 0.19174573415908336, 0.8156953034316403, 0.8156953034316403, 1.0, 1.0, 0.13338833680631887, 0.5179619789123535, 0.6560685634613037, 0.6910684108734131]
[0.7502657341957092, 1.0, 0.0737787193607724, 0.06558108387624213, 0.06558108387624213, 0.875, 0.875, 0.5463770352877103, 0.45584486668862456, 0.4343536365600471, 0.4343536365600471, 1.0, 1.0, 0.3171094724790432, 0.5979621410369873, 0.6560685634613037, 0.6910684108734131]
[0.7502657341957092, 1.0, 0.07377870808350695, 0.06558107385200618, 0.06558107385200618, 0.875, 0.875, 0.6142559051513672, 0.516835469506523, 0.7081068856075043, 1.0, 1.0, 0.8645578168605973, 0.3668412646591884, 0.7579619884490967, 0.6560685634613037, 0.6910684108734131]
[0.2608719635009765, 0.31047443235026695, 0.5506905550438344, 0.9195242651465847, 0.5407248933800558, 0.875, 0.875, 0.5955030001126803, 0.5083941591669462, 0.6821725421130151, 1.0, 1.0, 0.8649218979267047, 0.3668412646591884, 0.5979621410369873, 0.6560685634613037, 0.6910684108734131]
[0.2608719635009765, 0.31047443235026695, 0.5506905550438344, 0.9195242651465847, 0.5407248933800558, 0.875, 0.875, 0.5501183729905349, 0.2100912466765228, 0.8156953034316403, 0.8156953034316403, 1.0, 1.0, 0.14615043247062456, 0.5979621410369873, 0.6560685634613037, 0.6910684108734131]
[0.2608719635009765, 0.31047443235026695, 0.5506905550438344, 0.9195242651465847, 0.5407248933800558, 0.875, 0.875, 0.6335914318378155, 0.5273343179475833, 0.30467784669071546, 0.30467784669071546, 1.0, 1.0, 0.3668412646591884, 0.6029622554779053, 0.6560685634613037, 0.6910684108734131]
[0.2608719635009765, 0.31047443235026695, 0.5414665560634926, 0.9116119384774394, 0.5407248933800558, 0.875, 0.875, 0.27367313091571516, 0.3160491906463778, 0.9584861168934118, 1.0, 1.0, 0.9250751531611935, 0.20092717989758221, 0.5179622173309326, 0.6560685634613037, 0.6910684108734131]
[0.7502657341957092, 1.0, 0.0737763736023227, 0.06557899875762017, 0.06557899875762017, 0.875, 0.875, 0.5039644974928635, 0.5209297509096786, 0.9584861168934118, 0.9584861168934118, 1.0, 1.0, 0.3668412646591884, 0.68296217918396, 0.6560685634613037, 0.6910684108734131]
[0.7502657341957092, 1.0, 0.08300084862559054, 0.07377853211163604, 0.07377853211163604, 0.875, 0.875, 0.6227173438439002, 0.5072886644317702, 0.6979667258492566, 1.0, 1.0, 0.8649218979267047, 0.3668412646591884, 0.6029620170593262, 0.6560685634613037, 0.6910684108734131]
[0.7502657341957092, 1.0, 0.07993481290705173, 0.07105316702849043, 0.07105316702849043, 0.875, 0.875, 0.5231952667236328, 0.5116084960523828, 0.9584861168934118, 0.9584861168934118, 1.0, 1.0, 0.3668412646591884, 0.7529621124267578, 0.6560685634613037, 0.6910684108734131]
[0.7502657341957092, 1.0, 0.08924784791137408, 0.07933142036566584, 0.07933142036566584, 0.875, 0.875, 0.6335914318378155, 0.5273343179475833, 0.2886874154456944, 0.2886874154456944, 1.0, 1.0, 0.3668412646591884, 0.672961950302124, 0.6560685634613037, 0.6910684108734131]
[0.7502657341957092, 1.0, 0.08924784791137408, 0.07933142036566584, 0.07933142036566584, 0.875, 0.875, 0.6335914318378155, 0.5273343179475833, 0.2886874154456944, 0.2886874154456944, 1.0, 1.0, 0.3668412646591884, 0.7529621124267578, 0.6560685634613037, 0.6910684108734131]
[0.7502657341957092, 1.0, 0.08002584788138001, 0.07113408700567111, 0.07113408700567111, 0.875, 0.875, 0.4390577169565054, 0.12010360625220606, 0.9584861168934118, 0.9584861168934118, 1.0, 1.0, 0.08355033478414335, 0.6029620170593262, 0.6560685634613037, 0.6910684108734131]
[0.4108719396591186, 0.31047443235026695, 0.5506903181143283, 0.9192360249037619, 0.5407248933800558, 0.875, 0.875, 0.43839337275578427, 0.3702387872335289, 0.5708083981649275, 0.5708083981649275, 1.0, 1.0, 0.2575574172059331, 0.7529621124267578, 0.6560685634613037, 0.6910684108734131]
[0.6849250960350036, 0.21133713126573905, 0.5569423753013795, 0.9643016991370589, 0.5407248933800558, 0.875, 0.875, 0.6335914318378155, 0.5273343179475833, 0.2724481993084419, 0.2724481993084419, 1.0, 1.0, 0.3668412646591884, 0.5279619693756104, 0.6560685634613037, 0.6910684108734131]
[0.7502657341957092, 1.0, 0.0830117460024371, 0.07378821866883298, 0.07378821866883298, 0.875, 0.875, 0.6335914318378155, 0.5273343179475833, 0.319371878396315, 0.319371878396315, 1.0, 1.0, 0.3668412646591884, 0.6729621887207031, 0.6560685634613037, 0.6910684108734131]
[0.7502657341957092, 1.0, 0.0737787193607724, 0.06558108387624213, 0.06558108387624213, 0.875, 0.875, 0.48059624892014724, 0.4435315833145146, 0.8156953034316403, 1.0, 1.0, 0.8645578168605973, 0.3171094724790432, 0.5179622173309326, 0.6560685634613037, 0.6910684108734131]
[0.5830313730239868, 0.834440469382227, 0.6797488032759286, 0.9166666666666666, 0.9893016991370589, 0.9821788230583823, 0.875, 0.43839337275578427, 0.3691358772072306, 0.5585265871299708, 0.5585265871299708, 1.0, 1.0, 0.25679017544850824, 0.6029622554779053, 0.6560685634613037, 0.6910684108734131]
[0.7502657341957092, 1.0, 0.0737787193607724, 0.06558108387624213, 0.06558108387624213, 0.875, 0.875, 0.583195319542518, 0.5168181201093217, 0.6954092275805561, 1.0, 1.0, 0.8645578168605973, 0.3668412646591884, 0.6029622554779053, 0.6560685634613037, 0.6910684108734131]
[0.7502657341957092, 1.0, 0.07993481290705173, 0.07105316702849043, 0.07105316702849043, 0.875, 0.875, 0.5024260007418119, 0.49848015988981853, 0.8165116830620548, 1.0, 1.0, 0.8071945923473646, 0.3668412646591884, 0.6029622554779053, 0.6560685634613037, 0.6910684108734131]
[0.7502657341957092, 1.0, 0.07675394550398762, 0.06822572933687789, 0.06822572933687789, 0.875, 0.875, 0.5008876507098858, 0.4544784879564674, 0.9584861168934118, 1.0, 1.0, 0.9198675232311481, 0.3171094724790432, 0.4429624080657959, 0.6560685634613037, 0.6910684108734131]
[0.7502657341957092, 1.0, 0.0737787193607724, 0.06558108387624213, 0.06558108387624213, 0.875, 0.875, 0.5231952667236328, 0.5168181201093217, 0.827672852270745, 1.0, 1.0, 0.8138012742882768, 0.3668412646591884, 0.7579622268676758, 0.6560685634613037, 0.6910684108734131]
[0.7502657341957092, 1.0, 0.07675394550398762, 0.06822572933687789, 0.06822572933687789, 0.875, 0.875, 0.5544423323411208, 0.5277650202613665, 0.9584861168934118, 1.0, 1.0, 0.9198675232311481, 0.3668412646591884, 0.5979621410369873, 0.6560685634613037, 0.6910684108734131]
[0.7502657341957092, 1.0, 0.07675394550398762, 0.06822572933687789, 0.06822572933687789, 0.875, 0.875, 0.6335914318378155, 0.5273343179475833, 0.3331407174738216, 0.3331407174738216, 1.0, 1.0, 0.3668412646591884, 0.44796204566955566, 0.6560685634613037, 0.6910684108734131]
[0.7502657341957092, 1.0, 0.07993481290705173, 0.07105316702849043, 0.07105316702849043, 0.875, 0.875, 0.6335914318378155, 0.5273343179475833, 0.30545915972901794, 0.30545915972901794, 1.0, 1.0, 0.3668412646591884, 0.7529621124267578, 0.6560685634613037, 0.6910684108734131]
[0.7502657341957092, 1.0, 0.08300084862559054, 0.07377853211163604, 0.07377853211163604, 0.875, 0.875, 0.6101182790902945, 0.5072886644317702, 0.8156953034316403, 1.0, 1.0, 0.9819504856058312, 0.3668412646591884, 0.672961950302124, 0.6560685634613037, 0.6910684108734131]
[0.7502657341957092, 1.0, 0.08002584788138001, 0.07113408700567111, 0.07113408700567111, 0.875, 0.875, 0.5333001063420222, 0.4466964629240987, 0.4343536365600471, 0.4343536365600471, 1.0, 1.0, 0.3107453655124165, 0.6029622554779053, 0.6560685634613037, 0.6910684108734131]
[0.2608719635009765, 0.31047443235026695, 0.5506905550438344, 0.9195242651465847, 0.5407248933800558, 0.875, 0.875, 0.6335914318378155, 0.5273343179475833, 0.30467784669071546, 0.30467784669071546, 1.0, 1.0, 0.3668412646591884, 0.6029622554779053, 0.6560685634613037, 0.6910684108734131]
[0.2608719635009765, 0.31047443235026695, 0.5414665560634926, 0.9116119384774394, 0.5407248933800558, 0.875, 0.875, 0.28828855661245495, 0.38961395583986147, 0.9684861168934118, 1.0, 1.0, 0.8697730961787237, 0.2575574172059331, 0.6729621887207031, 0.6560685634613037, 0.6910684108734131]
[0.7502657341957092, 1.0, 0.08300084862559054, 0.07377853211163604, 0.07377853211163604, 0.875, 0.875, 0.5207010415884165, 0.41790394581596724, 0.6893203652314212, 0.6893203652314212, 1.0, 1.0, 0.3107453655124165, 0.6029622554779053, 0.6560685634613037, 0.6910684108734131]
[0.7502657341957092, 1.0, 0.07676459748596198, 0.06823519776529954, 0.06823519776529954, 0.875, 0.875, 0.6335914318378155, 0.5273343179475833, 0.33164736485755214, 0.33164736485755214, 1.0, 1.0, 0.3668412646591884, 0.6029620170593262, 0.6560685634613037, 0.6910684108734131]
[0.7502657341957092, 1.0, 0.0737763736023227, 0.06557899875762017, 0.06557899875762017, 0.875, 0.875, 0.6335914318378155, 0.5273343179475833, 0.3324111355015975, 0.3324111355015975, 1.0, 1.0, 0.3668412646591884, 0.6029622554779053, 0.6560685634613037, 0.6910684108734131]
[0.7502657341957092, 1.0, 0.07676459748596198, 0.06823519776529954, 0.06823519776529954, 0.875, 0.875, 0.6119481600247897, 0.5488654274742732, 0.8292241541308357, 0.8292241541308357, 1.0, 1.0, 0.3668412646591884, 0.5979619026184082, 0.6560685634613037, 0.6910684108734131]
[0.7502657341957092, 1.0, 0.07675394550398762, 0.06822572933687789, 0.06822572933687789, 0.875, 0.875, 0.41627209003155047, 0.4128309449034049, 0.9584861168934118, 0.9584861168934118, 1.0, 1.0, 0.26328941124996463, 0.6729621887207031, 0.6560685634613037, 0.6910684108734131]
[0.7502657341957092, 1.0, 0.08300084862559054, 0.07377853211163604, 0.07377853211163604, 0.875, 0.875, 0.6335914318378155, 0.5273343179475833, 0.3195837300591314, 0.3195837300591314, 1.0, 1.0, 0.3668412646591884, 0.5979621410369873, 0.6560685634613037, 0.6910684108734131]
[0.7502657341957092, 1.0, 0.07993481290705173, 0.07105316702849043, 0.07105316702849043, 0.875, 0.875, 0.6250250889704778, 0.6656637164494058, 0.8165116830620548, 0.9584861168934118, 1.0, 1.0, 0.44549648820935533, 0.7529621124267578, 0.6560685634613037, 0.6910684108734131]
[0.2608719635009765, 0.31047443235026695, 0.5414665560634926, 0.9116119384774394, 0.5407248933800558, 0.875, 0.875, 0.24242606529822716, 0.2100912466765228, 0.827672852270745, 0.827672852270745, 1.0, 1.0, 0.14615043247062456, 0.5179622173309326, 0.6560685634613037, 0.6910684108734131]
[0.7502657341957092, 1.0, 0.0830117460024371, 0.07378821866883298, 0.07378821866883298, 0.875, 0.875, 0.5333001063420222, 0.4466964629240987, 0.448068262649387, 0.448068262649387, 1.0, 1.0, 0.3107453655124165, 0.68296217918396, 0.6560685634613037, 0.6910684108734131]
[0.7502657341957092, 1.0, 0.08301174684782109, 0.0737882194202854, 0.0737882194202854, 0.875, 0.875, 0.43839337275578427, 0.3691358772072306, 0.5721076907739727, 0.5721076907739727, 1.0, 1.0, 0.25679017544850824, 0.6029622554779053, 0.6560685634613037, 0.6910684108734131]
[0.7502657341957092, 1.0, 0.08300518278762925, 0.07378238470011489, 0.07378238470011489, 0.875, 0.875, 0.6183933844933143, 0.5517964083227119, 0.674111286829259, 0.674111286829259, 1.0, 1.0, 0.3668412646591884, 0.68296217918396, 0.6560685634613037, 0.6910684108734131]
[0.7502657341957092, 1.0, 0.0737763736023227, 0.06557899875762017, 0.06557899875762017, 0.875, 0.875, 0.5501183729905349, 0.21097480557701997, 0.827672852270745, 0.827672852270745, 1.0, 1.0, 0.14676508214053563, 0.5979621410369873, 0.6560685634613037, 0.6910684108734131]
[0.7502657341957092, 1.0, 0.0737787193607724, 0.06558108387624213, 0.06558108387624213, 0.875, 0.875, 0.6335914318378155, 0.5273343179475833, 0.3161871345271675, 0.3161871345271675, 1.0, 1.0, 0.3668412646591884, 0.6729621887207031, 0.6560685634613037, 0.6910684108734131]
[0.7502657341957092, 1.0, 0.07994344402197617, 0.07106083913064548, 0.07106083913064548, 0.875, 0.875, 0.5647337986872747, 0.4983647228753624, 0.9684861168934118, 1.0, 1.0, 0.8645578168605973, 0.3668412646591884, 0.7579622268676758, 0.6560685634613037, 0.6910684108734131]
[0.7502657341957092, 1.0, 0.08924784791137408, 0.07933142036566584, 0.07933142036566584, 0.875, 0.875, 0.6335914318378155, 0.5273343179475833, 0.2886874154456944, 0.2886874154456944, 1.0, 1.0, 0.3668412646591884, 0.5179622173309326, 0.6560685634613037, 0.6910684108734131]
[0.7502657341957092, 1.0, 0.0737787193607724, 0.06558108387624213, 0.06558108387624213, 0.875, 0.875, 0.49982701815091646, 0.5168181201093217, 0.9684861168934118, 1.0, 1.0, 0.8645578168605973, 0.3668412646591884, 0.5979621410369873, 0.6560685634613037, 0.6910684108734131]
[0.7502657341957092, 1.0, 0.07994344402197617, 0.07106083913064548, 0.07106083913064548, 0.875, 0.875, 0.5385799407958984, 0.42507818299903866, 0.8165116830620548, 1.0, 1.0, 0.8645578168605973, 0.3171094724790432, 0.6729621887207031, 0.6560685634613037, 0.6910684108734131]
[0.7502657341957092, 1.0, 0.08301174684782109, 0.0737882194202854, 0.0737882194202854, 0.875, 0.875, 0.30828857421875, 0.3801190438087234, 0.9684861168934118, 1.0, 1.0, 0.8697730961787237, 0.25679017544850824, 0.8379621505737305, 0.6560685634613037, 0.6910684108734131]
[0.7502657341957092, 1.0, 0.08300518278762925, 0.07378238470011489, 0.07378238470011489, 0.875, 0.875, 0.5981019827035757, 0.5487142835892526, 0.8156953034316403, 0.8156953034316403, 1.0, 1.0, 0.3668412646591884, 0.7579622268676758, 0.6560685634613037, 0.6910684108734131]
[0.7502657341957092, 1.0, 0.07377870808350695, 0.06558107385200618, 0.06558107385200618, 0.875, 0.875, 0.5024260007418119, 0.516835469506523, 0.827672852270745, 1.0, 1.0, 0.8073425563266968, 0.3668412646591884, 0.6029622554779053, 0.6560685634613037, 0.6910684108734131]
[0.2608719635009765, 0.31047443235026695, 0.5414665560634926, 0.9116119384774394, 0.5407248933800558, 0.875, 0.875, 0.5493489778958834, 0.5166350564375803, 0.8156953034316403, 1.0, 1.0, 0.8187420718861785, 0.3668412646591884, 0.7579619884490967, 0.6560685634613037, 0.6910684108734131]
[0.7502657341957092, 1.0, 0.0737787193607724, 0.06558108387624213, 0.06558108387624213, 0.875, 0.875, 0.6335914318378155, 0.5273343179475833, 0.3161871345271675, 0.3161871345271675, 1.0, 1.0, 0.3668412646591884, 0.5279624462127686, 0.6560685634613037, 0.6910684108734131]
[0.7502657341957092, 1.0, 0.07993481290705173, 0.07105316702849043, 0.07105316702849043, 0.875, 0.875, 0.426085692185622, 0.3603256887836406, 0.5565475623989385, 0.5565475623989385, 1.0, 1.0, 0.2506613487190543, 0.6029622554779053, 0.6560685634613037, 0.6910684108734131]
[0.7502657341957092, 1.0, 0.08301174684782109, 0.0737882194202854, 0.0737882194202854, 0.875, 0.875, 0.6335914318378155, 0.5273343179475833, 0.3174124554491945, 0.3174124554491945, 1.0, 1.0, 0.3668412646591884, 0.5979621410369873, 0.6560685634613037, 0.6910684108734131]
[0.6849250960350036, 0.21133713126573905, 0.5569423753013795, 0.9643016991370589, 0.5407248933800558, 0.875, 0.875, 0.5742558699387771, 0.5307535347774798, 0.8156953034316403, 0.8156953034316403, 1.0, 1.0, 0.3668412646591884, 0.5179622173309326, 0.6560685634613037, 0.6910684108734131]
[0.7502657341957092, 1.0, 0.08002584788138001, 0.07113408700567111, 0.07113408700567111, 0.875, 0.875, 0.5385799407958984, 0.20056287609305823, 0.827672852270745, 0.827672852270745, 1.0, 1.0, 0.13952200076038834, 0.6729621887207031, 0.6560685634613037, 0.6910684108734131]
[0.7502657341957092, 1.0, 0.07994344402197617, 0.07106083913064548, 0.07106083913064548, 0.875, 0.875, 0.6142559051513672, 0.4983647228753624, 0.6821725421130151, 1.0, 1.0, 0.8645578168605973, 0.3668412646591884, 0.68296217918396, 0.6560685634613037, 0.6910684108734131]
[0.2608719635009765, 0.31047443235026695, 0.5506905550438344, 0.9195242651465847, 0.5407248933800558, 0.875, 0.875, 0.5463770352877103, 0.45584486668862456, 0.4357492211716165, 0.4357492211716165, 1.0, 1.0, 0.3171094724790432, 0.6729621887207031, 0.6560685634613037, 0.6910684108734131]
[0.2608719635009765, 0.31047443235026695, 0.5414665560634926, 0.9116119384774394, 0.5407248933800558, 0.875, 0.875, 0.6335914318378155, 0.5273343179475833, 0.3178545904268878, 0.3178545904268878, 1.0, 1.0, 0.3668412646591884, 0.5979621410369873, 0.6510684490203857, 0.8660686016082764]
[0.7502657341957092, 1.0, 0.08300084862559054, 0.07377853211163604, 0.07377853211163604, 0.875, 0.875, 0.6335914318378155, 0.5273343179475833, 0.3195837300591314, 0.3195837300591314, 1.0, 1.0, 0.3668412646591884, 0.7579622268676758, 0.6560685634613037, 0.6910684108734131]
[0.7502657341957092, 1.0, 0.0830002154717081, 0.07377796930818498, 0.07377796930818498, 0.875, 0.875, 0.5955030001126803, 0.5072912581741132, 0.6979667258492566, 1.0, 1.0, 0.8649218979267047, 0.3668412646591884, 0.7529621124267578, 0.6560685634613037, 0.6910684108734131]
[0.7502657341957092, 1.0, 0.07994344402197617, 0.07106083913064548, 0.07106083913064548, 0.875, 0.875, 0.6335914318378155, 0.5273343179475833, 0.2886681983453186, 0.2886681983453186, 1.0, 1.0, 0.3668412646591884, 0.6029622554779053, 0.6560685634613037, 0.6910684108734131]
[0.7502657341957092, 1.0, 0.07993481290705173, 0.07105316702849043, 0.07105316702849043, 0.875, 0.875, 0.6335914318378155, 0.5273343179475833, 0.30545915972901794, 0.30545915972901794, 1.0, 1.0, 0.3668412646591884, 0.6029620170593262, 0.6560685634613037, 0.6910684108734131]
[0.7502657341957092, 1.0, 0.0737787193607724, 0.06558108387624213, 0.06558108387624213, 0.875, 0.875, 0.6335914318378155, 0.5273343179475833, 0.3161871345271675, 0.3161871345271675, 1.0, 1.0, 0.3668412646591884, 0.6029622554779053, 0.6560685634613037, 0.6910684108734131]
[0.7502657341957092, 1.0, 0.07993481290705173, 0.07105316702849043, 0.07105316702849043, 0.875, 0.875, 0.6335914318378155, 0.5273343179475833, 0.30545915972901794, 0.30545915972901794, 1.0, 1.0, 0.3668412646591884, 0.7529621124267578, 0.6560685634613037, 0.6910684108734131]
[0.7502657341957092, 1.0, 0.0737787193607724, 0.06558108387624213, 0.06558108387624213, 0.875, 0.875, 0.6335914318378155, 0.5273343179475833, 0.3161871345271675, 0.3161871345271675, 1.0, 1.0, 0.3668412646591884, 0.7529621124267578, 0.6560685634613037, 0.6910684108734131]
[0.7502657341957092, 1.0, 0.07676459748596198, 0.06823519776529954, 0.06823519776529954, 0.875, 0.875, 0.6335914318378155, 0.5273343179475833, 0.33164736485755214, 0.33164736485755214, 1.0, 1.0, 0.3668412646591884, 0.7579622268676758, 0.6560685634613037, 0.6910684108734131]
[0.7502657341957092, 1.0, 0.07994344402197617, 0.07106083913064548, 0.07106083913064548, 0.875, 0.875, 0.6335914318378155, 0.5273343179475833, 0.2886681983453186, 0.2886681983453186, 1.0, 1.0, 0.3668412646591884, 0.68296217918396, 0.6560685634613037, 0.6910684108734131]
[0.7502657341957092, 1.0, 0.07993481290705173, 0.07105316702849043, 0.07105316702849043, 0.875, 0.875, 0.6335914318378155, 0.5273343179475833, 0.30545915972901794, 0.30545915972901794, 1.0, 1.0, 0.3668412646591884, 0.6029622554779053, 0.6560685634613037, 0.6910684108734131]
[0.6849250960350036, 0.21133713126573905, 0.5569423753013795, 0.9643016991370589, 0.5407248933800558, 0.875, 0.875, 0.33887114891639125, 0.2888328211027744, 0.674111286829259, 0.674111286829259, 1.0, 1.0, 0.20092717989758221, 0.5979621410369873, 0.6560685634613037, 0.6910684108734131]
[0.7502657341957092, 1.0, 0.08301175321376997, 0.07378822507890664, 0.07378822507890664, 0.875, 0.875, 0.6335914318378155, 0.5273343179475833, 0.3026857878259361, 0.3026857878259361, 1.0, 1.0, 0.3668412646591884, 0.68296217918396, 0.6560685634613037, 0.6910684108734131]
[0.7502657341957092, 1.0, 0.07676459748596198, 0.06823519776529954, 0.06823519776529954, 0.875, 0.875, 0.6335914318378155, 0.5273343179475833, 0.33164736485755214, 0.33164736485755214, 1.0, 1.0, 0.3668412646591884, 0.5979621410369873, 0.6560685634613037, 0.6910684108734131]
[0.6849250960350036, 0.21133713126573905, 0.5569423753013795, 0.9643016991370589, 0.5407248933800558, 0.875, 0.875, 0.5742558699387771, 0.5307535347774798, 0.8156953034316403, 0.8156953034316403, 1.0, 1.0, 0.3668412646591884, 0.6029622554779053, 0.6560685634613037, 0.6910684108734131]
[0.7502657341957092, 1.0, 0.0830117460024371, 0.07378821866883298, 0.07378821866883298, 0.875, 0.875, 0.6335914318378155, 0.5273343179475833, 0.319371878396315, 0.319371878396315, 1.0, 1.0, 0.3668412646591884, 0.5179622173309326, 0.6560685634613037, 0.6910684108734131]
[0.7502657341957092, 1.0, 0.08002584788138001, 0.07113408700567111, 0.07113408700567111, 0.875, 0.875, 0.5333001063420222, 0.4466964629240987, 0.4343536365600471, 0.4343536365600471, 1.0, 1.0, 0.3107453655124165, 0.68296217918396, 0.6560685634613037, 0.6910684108734131]
[0.2608719635009765, 0.31047443235026695, 0.5506905550438344, 0.9195242651465847, 0.5407248933800558, 0.875, 0.875, 0.5308876037597656, 0.5083941591669462, 0.9584861168934118, 1.0, 1.0, 0.9198675232311481, 0.3668412646591884, 0.5279624462127686, 0.6560685634613037, 0.6910684108734131]
[0.7502657341957092, 1.0, 0.07993481290705173, 0.07105316702849043, 0.07105316702849043, 0.875, 0.875, 0.3793490483210637, 0.38430916749271415, 0.9584861168934118, 0.9584861168934118, 1.0, 1.0, 0.2506613487190543, 0.5279624462127686, 0.6560685634613037, 0.6910684108734131]
[0.7502657341957092, 1.0, 0.0737763736023227, 0.06557899875762017, 0.06557899875762017, 0.875, 0.875, 0.5337779705341046, 0.5516309234229848, 0.7004781212110642, 0.7004781212110642, 1.0, 1.0, 0.3668412646591884, 0.7529621124267578, 0.6560685634613037, 0.6910684108734131]
[0.7502657341957092, 1.0, 0.0737763736023227, 0.06557899875762017, 0.06557899875762017, 0.875, 0.875, 0.6335914318378155, 0.5273343179475833, 0.3324111355015975, 0.3324111355015975, 1.0, 1.0, 0.3668412646591884, 0.672961950302124, 0.6560685634613037, 0.6910684108734131]
[0.7502657341957092, 1.0, 0.07676459748596198, 0.06823519776529954, 0.06823519776529954, 0.875, 0.875, 0.5431952843299279, 0.4532013001436268, 0.8156953034316403, 1.0, 1.0, 0.8697730961787237, 0.3171094724790432, 0.5979621410369873, 0.6560685634613037, 0.6910684108734131]
[0.7502657341957092, 1.0, 0.07675394550398762, 0.06822572933687789, 0.06822572933687789, 0.875, 0.875, 0.41627209003155047, 0.5401302635672319, 0.9584861168934118, 0.9584861168934118, 1.0, 1.0, 0.3668412646591884, 0.7579619884490967, 0.6560685634613037, 0.6910684108734131]
[0.6849250960350036, 0.21133713126573905, 0.5569423753013795, 0.9643016991370589, 0.5407248933800558, 0.875, 0.875, 0.6335914318378155, 0.5273343179475833, 0.2724481993084419, 0.2724481993084419, 1.0, 1.0, 0.3668412646591884, 0.7579622268676758, 0.6560685634613037, 0.6910684108734131]
[0.7502657341957092, 1.0, 0.07676459748596198, 0.06823519776529954, 0.06823519776529954, 0.875, 0.875, 0.6335914318378155, 0.5273343179475833, 0.33164736485755214, 0.33164736485755214, 1.0, 1.0, 0.3668412646591884, 0.7579619884490967, 0.6560685634613037, 0.6910684108734131]
[0.6849250960350036, 0.21133713126573905, 0.5569423753013795, 0.9643016991370589, 0.5407248933800558, 0.875, 0.875, 0.6335914318378155, 0.5273343179475833, 0.2724481993084419, 0.2724481993084419, 1.0, 1.0, 0.3668412646591884, 0.68296217918396, 0.6560685634613037, 0.6910684108734131]
[0.7502657341957092, 1.0, 0.0830117460024371, 0.07378821866883298, 0.07378821866883298, 0.875, 0.875, 0.6096404148982122, 0.5105012372976974, 0.8292241541308357, 0.9584861168934118, 1.0, 1.0, 0.3668412646591884, 0.5179622173309326, 0.6560685634613037, 0.6910684108734131]
[0.6849250960350036, 0.21133713126573905, 0.5569423753013795, 0.9643016991370589, 0.5407248933800558, 0.875, 0.875, 0.6335914318378155, 0.5273343179475833, 0.2724481993084419, 0.2724481993084419, 1.0, 1.0, 0.3668412646591884, 0.5979621410369873, 0.6560685634613037, 0.6910684108734131]
[0.7502657341957092, 1.0, 0.07377870808350695, 0.06558107385200618, 0.06558107385200618, 0.875, 0.875, 0.3701183612530048, 0.46855657013335295, 0.9584861168934118, 0.9584861168934118, 1.0, 1.0, 0.3171094724790432, 0.4429624080657959, 0.6560685634613037, 0.6910684108734131]
[0.7502657341957092, 1.0, 0.07377870808350695, 0.06558107385200618, 0.06558107385200618, 0.875, 0.875, 0.4675193199744591, 0.516835469506523, 0.827672852270745, 1.0, 1.0, 0.8073425563266968, 0.3668412646591884, 0.5179622173309326, 0.6560685634613037, 0.6910684108734131]
[0.7502657341957092, 1.0, 0.0830002154717081, 0.07377796930818498, 0.07377796930818498, 0.875, 0.875, 0.4855029766376202, 0.5116280818832065, 0.9584861168934118, 0.9584861168934118, 1.0, 1.0, 0.3668412646591884, 0.5179622173309326, 0.6560685634613037, 0.6910684108734131]
[0.7502657341957092, 1.0, 0.08300084862559054, 0.07377853211163604, 0.07377853211163604, 0.875, 0.875, 0.4242558112511268, 0.4652950251671333, 0.8292241541308357, 0.8292241541308357, 1.0, 1.0, 0.3107453655124165, 0.7579619884490967, 0.6560685634613037, 0.6910684108734131]
[0.7502657341957092, 1.0, 0.0737763736023227, 0.06557899875762017, 0.06557899875762017, 0.875, 0.875, 0.6335914318378155, 0.5273343179475833, 0.3324111355015975, 0.3324111355015975, 1.0, 1.0, 0.3668412646591884, 0.6029622554779053, 0.6560685634613037, 0.6910684108734131]
[0.7502657341957092, 1.0, 0.0737787193607724, 0.06558108387624213, 0.06558108387624213, 0.875, 0.875, 0.3156893803523137, 0.5168181201093217, 0.9684861168934118, 1.0, 1.0, 0.7540667985043683, 0.3668412646591884, 0.5979619026184082, 0.6560685634613037, 0.6910684108734131]
[0.7502657341957092, 1.0, 0.0737763736023227, 0.06557899875762017, 0.06557899875762017, 0.875, 0.875, 0.6335914318378155, 0.5273343179475833, 0.3324111355015975, 0.3324111355015975, 1.0, 1.0, 0.3668412646591884, 0.5979619026184082, 0.6560685634613037, 0.6910684108734131]
[0.2608719635009765, 0.31047443235026695, 0.5414665560634926, 0.9116119384774394, 0.5407248933800558, 0.875, 0.875, 0.5463770352877103, 0.45584486668862456, 0.4487171348012713, 0.4487171348012713, 1.0, 1.0, 0.3171094724790432, 0.6729621887207031, 0.6560685634613037, 0.6910684108734131]
[0.7502657341957092, 1.0, 0.07994344402197617, 0.07106083913064548, 0.07106083913064548, 0.875, 0.875, 0.6296404325045072, 0.2888328211027744, 0.6884829787793738, 0.6884829787793738, 1.0, 1.0, 0.20092717989758221, 0.6029620170593262, 0.6560685634613037, 0.6910684108734131]
[0.7502657341957092, 1.0, 0.08300084862559054, 0.07377853211163604, 0.07377853211163604, 0.875, 0.875, 0.5955030001126803, 0.5072886644317702, 0.6979667258492566, 1.0, 1.0, 0.8649218979267047, 0.3668412646591884, 0.68296217918396, 0.6560685634613037, 0.6910684108734131]
[0.7502657341957092, 1.0, 0.07377870808350695, 0.06558107385200618, 0.06558107385200618, 0.875, 0.875, 0.5463770352877103, 0.45584486668862456, 0.4325959781002176, 0.4325959781002176, 1.0, 1.0, 0.3171094724790432, 0.672961950302124, 0.6560685634613037, 0.6910684108734131]
[0.4108719396591186, 0.31047443235026695, 0.5506903181143283, 0.9192360249037619, 0.5407248933800558, 0.875, 0.875, 0.5501183729905349, 0.2100912466765228, 0.8292241541308357, 0.8292241541308357, 1.0, 1.0, 0.14615043247062456, 0.6029622554779053, 0.6560685634613037, 0.6910684108734131]
[0.7502657341957092, 1.0, 0.07993481290705173, 0.07105316702849043, 0.07105316702849043, 0.875, 0.875, 0.6335914318378155, 0.5273343179475833, 0.30545915972901794, 0.30545915972901794, 1.0, 1.0, 0.3668412646591884, 0.5179622173309326, 0.6560685634613037, 0.6910684108734131]
[0.7502657341957092, 1.0, 0.0830117460024371, 0.07378821866883298, 0.07378821866883298, 0.875, 0.875, 0.426085692185622, 0.3603256887836406, 0.5721076907739727, 0.5721076907739727, 1.0, 1.0, 0.2506613487190543, 0.6029622554779053, 0.6560685634613037, 0.6910684108734131]
[0.7502657341957092, 1.0, 0.07994344402197617, 0.07106083913064548, 0.07106083913064548, 0.875, 0.875, 0.6335914318378155, 0.5273343179475833, 0.2886681983453186, 0.2886681983453186, 1.0, 1.0, 0.3668412646591884, 0.5279619693756104, 0.6560685634613037, 0.6910684108734131]
[0.7502657341957092, 1.0, 0.08300084862559054, 0.07377853211163604, 0.07377853211163604, 0.875, 0.875, 0.6335914318378155, 0.5273343179475833, 0.3195837300591314, 0.3195837300591314, 1.0, 1.0, 0.3668412646591884, 0.68296217918396, 0.6560685634613037, 0.6910684108734131]
[0.7502657341957092, 1.0, 0.08924784791137408, 0.07933142036566584, 0.07933142036566584, 0.875, 0.875, 0.6335914318378155, 0.5273343179475833, 0.2886874154456944, 0.2886874154456944, 1.0, 1.0, 0.3668412646591884, 0.7529621124267578, 0.6560685634613037, 0.6910684108734131]
[0.7502657341957092, 1.0, 0.08924809803878475, 0.079331642701142, 0.079331642701142, 0.875, 0.875, 0.5333001063420222, 0.4466964629240987, 0.4211115783121544, 0.4211115783121544, 1.0, 1.0, 0.3107453655124165, 0.8379621505737305, 0.6560685634613037, 0.6910684108734131]
[0.7502657341957092, 1.0, 0.07675394550398762, 0.06822572933687789, 0.06822572933687789, 0.875, 0.875, 0.48117887056790865, 0.4846403310030598, 0.8156953034316403, 0.8156953034316403, 1.0, 1.0, 0.3171094724790432, 0.5179622173309326, 0.6560685634613037, 0.6910684108734131]
[0.7502657341957092, 1.0, 0.07993481290705173, 0.07105316702849043, 0.07105316702849043, 0.875, 0.875, 0.5333001063420222, 0.4466964629240987, 0.4339229510698802, 0.4339229510698802, 1.0, 1.0, 0.3107453655124165, 0.7579622268676758, 0.6560685634613037, 0.6910684108734131]
[0.7502657341957092, 1.0, 0.08300084862559054, 0.07377853211163604, 0.07377853211163604, 0.875, 0.875, 0.6296404325045072, 0.2874913775511314, 0.6893203652314212, 0.6893203652314212, 1.0, 1.0, 0.19999400177470011, 0.5279619693756104, 0.6560685634613037, 0.6910684108734131]
[0.7502657341957092, 1.0, 0.08300084862559054, 0.07377853211163604, 0.07377853211163604, 0.875, 0.875, 0.6335914318378155, 0.5273343179475833, 0.3195837300591314, 0.3195837300591314, 1.0, 1.0, 0.3668412646591884, 0.7529621124267578, 0.6560685634613037, 0.6910684108734131]
[0.6849250960350036, 0.21133713126573905, 0.5569423753013795, 0.9643016991370589, 0.5407248933800558, 0.875, 0.875, 0.6335914318378155, 0.5273343179475833, 0.2724481993084419, 0.2724481993084419, 1.0, 1.0, 0.3668412646591884, 0.68296217918396, 0.6560685634613037, 0.6910684108734131]
[0.7502657341957092, 1.0, 0.0737763736023227, 0.06557899875762017, 0.06557899875762017, 0.875, 0.875, 0.43839337275578427, 0.3691358772072306, 0.5731814548561507, 0.5731814548561507, 1.0, 1.0, 0.25679017544850824, 0.6029622554779053, 0.6560685634613037, 0.6910684108734131]
[0.7502657341957092, 1.0, 0.0737763736023227, 0.06557899875762017, 0.06557899875762017, 0.875, 0.875, 0.5333001063420222, 0.4466964629240987, 0.4475400468404994, 0.4475400468404994, 1.0, 1.0, 0.3107453655124165, 0.68296217918396, 0.6560685634613037, 0.6910684108734131]
[0.2608719635009765, 0.31047443235026695, 0.5506905550438344, 0.9195242651465847, 0.5407248933800558, 0.875, 0.875, 0.5463770352877103, 0.45584486668862456, 0.4357492211716165, 0.4357492211716165, 1.0, 1.0, 0.3171094724790432, 0.8279621601104736, 0.6560685634613037, 0.6910684108734131]
[0.7502657341957092, 1.0, 0.08924784791137408, 0.07933142036566584, 0.07933142036566584, 0.875, 0.875, 0.5796404618483323, 0.5206922086497671, 0.8292241541308357, 0.8292241541308357, 1.0, 1.0, 0.3668412646591884, 0.68296217918396, 0.6560685634613037, 0.6910684108734131]
[0.7502657341957092, 1.0, 0.07994344402197617, 0.07106083913064548, 0.07106083913064548, 0.875, 0.875, 0.583195319542518, 0.4983647228753624, 0.6821725421130151, 1.0, 1.0, 0.8645578168605973, 0.3668412646591884, 0.6029620170593262, 0.6560685634613037, 0.6910684108734131]
[0.7502657341957092, 1.0, 0.07676459748596198, 0.06823519776529954, 0.06823519776529954, 0.875, 0.875, 0.4724260476919321, 0.5297078525030237, 0.9584861168934118, 0.9584861168934118, 1.0, 1.0, 0.3668412646591884, 0.6729621887207031, 0.6560685634613037, 0.6910684108734131]
[0.4108719396591186, 0.31047443235026695, 0.5506903181143283, 0.9192360249037619, 0.5407248933800558, 0.875, 0.875, 0.5955030001126803, 0.50729154550352, 0.6821725421130151, 1.0, 1.0, 0.8649218979267047, 0.3668412646591884, 0.68296217918396, 0.6560685634613037, 0.6910684108734131]
[0.4108719396591186, 0.31047443235026695, 0.5506903181143283, 0.9192360249037619, 0.5407248933800558, 0.875, 0.875, 0.44982704749474156, 0.1289491644299603, 0.9584861168934118, 0.9584861168934118, 1.0, 1.0, 0.08970376655997238, 0.5179622173309326, 0.6560685634613037, 0.6910684108734131]
[0.7502657341957092, 1.0, 0.08924784791137408, 0.07933142036566584, 0.07933142036566584, 0.875, 0.875, 0.5008876507098858, 0.41464554422192346, 0.9584861168934118, 1.0, 1.0, 0.9257496322307981, 0.3107453655124165, 0.8379621505737305, 0.6560685634613037, 0.6910684108734131]
[0.7502657341957092, 1.0, 0.08301175321376997, 0.07378822507890664, 0.07378822507890664, 0.875, 0.875, 0.6265635857215295, 0.5071404144403533, 0.6821725421130151, 1.0, 1.0, 0.8697730961787237, 0.3668412646591884, 0.7579622268676758, 0.6560685634613037, 0.6910684108734131]
[0.2608719635009765, 0.31047443235026695, 0.5506905550438344, 0.9195242651465847, 0.5407248933800558, 0.875, 0.875, 0.5111789703369141, 0.5390377291452139, 0.8156953034316403, 0.8156953034316403, 1.0, 1.0, 0.3668412646591884, 0.6029622554779053, 0.6560685634613037, 0.6910684108734131]
[0.7502657341957092, 1.0, 0.08924809803878475, 0.079331642701142, 0.079331642701142, 0.875, 0.875, 0.6119481600247897, 0.5015767906371248, 0.8156953034316403, 0.9584861168934118, 1.0, 1.0, 0.3668412646591884, 0.7579622268676758, 0.6560685634613037, 0.6910684108734131]
[0.7502657341957092, 1.0, 0.0737763736023227, 0.06557899875762017, 0.06557899875762017, 0.875, 0.875, 0.4798270005446214, 0.4433682841309734, 0.827672852270745, 1.0, 1.0, 0.8697730961787237, 0.3107453655124165, 0.68296217918396, 0.6560685634613037, 0.6910684108734131]
[0.6849250960350036, 0.21133713126573905, 0.5569423753013795, 0.9643016991370589, 0.5407248933800558, 0.875, 0.875, 0.5463770352877103, 0.45584486668862456, 0.4037514237886253, 0.4037514237886253, 1.0, 1.0, 0.3171094724790432, 0.6729621887207031, 0.6560685634613037, 0.6910684108734131]
[0.7502657341957092, 1.0, 0.0830117460024371, 0.07378821866883298, 0.07378821866883298, 0.875, 0.875, 0.6316567934476413, 0.45676667406116034, 0.9584861168934118, 0.9584861168934118, 1.0, 1.0, 0.3107453655124165, 0.672961950302124, 0.6560685634613037, 0.6910684108734131]
[0.7502657341957092, 1.0, 0.07994344402197617, 0.07106083913064548, 0.07106083913064548, 0.875, 0.875, 0.6335914318378155, 0.5273343179475833, 0.2886681983453186, 0.2886681983453186, 1.0, 1.0, 0.3668412646591884, 0.68296217918396, 0.6560685634613037, 0.6910684108734131]
[0.2608719635009765, 0.31047443235026695, 0.5414665560634926, 0.9116119384774394, 0.5407248933800558, 0.875, 0.875, 0.43839337275578427, 0.3702387872335289, 0.5831067653382108, 0.5831067653382108, 1.0, 1.0, 0.2575574172059331, 0.6729621887207031, 0.6560685634613037, 0.6910684108734131]
[0.7502657341957092, 1.0, 0.07676459748596198, 0.06823519776529954, 0.06823519776529954, 0.875, 0.875, 0.5036731133094201, 0.6072563258311571, 0.8292241541308357, 1.0, 1.0, 0.7606803158050666, 0.4190577030852204, 0.8379621505737305, 0.6560685634613037, 0.6910684108734131]
[0.7502657341957092, 1.0, 0.0737787193607724, 0.06558108387624213, 0.06558108387624213, 0.875, 0.875, 0.6335914318378155, 0.5273343179475833, 0.3161871345271675, 0.3161871345271675, 1.0, 1.0, 0.3668412646591884, 0.672961950302124, 0.6560685634613037, 0.6910684108734131]
[0.7502657341957092, 1.0, 0.08301174684782109, 0.0737882194202854, 0.0737882194202854, 0.875, 0.875, 0.5333001063420222, 0.4466964629240987, 0.4339229510698802, 0.4339229510698802, 1.0, 1.0, 0.3107453655124165, 0.44796204566955566, 0.6560685634613037, 0.6910684108734131]
[0.7502657341957092, 1.0, 0.07676459748596198, 0.06823519776529954, 0.06823519776529954, 0.875, 0.875, 0.5463770352877103, 0.45584486668862456, 0.44956472635165323, 0.44956472635165323, 1.0, 1.0, 0.3171094724790432, 0.5979621410369873, 0.6560685634613037, 0.6910684108734131]
[0.5830313730239868, 0.834440469382227, 0.6797488032759286, 0.9166666666666666, 0.9893016991370589, 0.9821788230583823, 0.875, 0.4147337399996244, 0.3844362492245683, 0.9584861168934118, 0.9584861168934118, 1.0, 1.0, 0.25679017544850824, 0.6029622554779053, 0.6560685634613037, 0.6910684108734131]
[0.7502657341957092, 1.0, 0.07994344402197617, 0.07106083913064548, 0.07106083913064548, 0.875, 0.875, 0.5642557877760667, 0.5307535347774798, 0.8165116830620548, 0.8165116830620548, 1.0, 1.0, 0.3668412646591884, 0.5279619693756104, 0.6560685634613037, 0.6910684108734131]
[0.7502657341957092, 1.0, 0.07676459748596198, 0.06823519776529954, 0.06823519776529954, 0.875, 0.875, 0.5463770352877103, 0.45584486668862456, 0.44956472635165323, 0.44956472635165323, 1.0, 1.0, 0.3171094724790432, 0.5979621410369873, 0.6560685634613037, 0.6910684108734131]
[0.7502657341957092, 1.0, 0.07377870808350695, 0.06558107385200618, 0.06558107385200618, 0.875, 0.875, 0.4499318049504207, 0.3784785286718242, 0.5568878795514027, 0.5568878795514027, 1.0, 1.0, 0.26328941124996463, 0.5979623794555664, 0.6560685634613037, 0.6910684108734131]
[0.7502657341957092, 1.0, 0.07377870808350695, 0.06558107385200618, 0.06558107385200618, 0.875, 0.875, 0.5101183377779447, 0.516835469506523, 0.827672852270745, 1.0, 1.0, 0.8073425563266968, 0.3668412646591884, 0.6029622554779053, 0.6560685634613037, 0.6910684108734131]
[0.4108719396591186, 0.31047443235026695, 0.5506903181143283, 0.9192360249037619, 0.5407248933800558, 0.875, 0.875, 0.6335914318378155, 0.5273343179475833, 0.3029483945052231, 0.3029483945052231, 1.0, 1.0, 0.3668412646591884, 0.5979621410369873, 0.6560685634613037, 0.6910684108734131]
[0.7502657341957092, 1.0, 0.07994344402197617, 0.07106083913064548, 0.07106083913064548, 0.875, 0.875, 0.47550289447490984, 0.5105218307289459, 0.9584861168934118, 0.9584861168934118, 1.0, 1.0, 0.3668412646591884, 0.5979619026184082, 0.6560685634613037, 0.6910684108734131]
[0.4108719396591186, 0.31047443235026695, 0.5506903181143283, 0.9192360249037619, 0.5407248933800558, 0.875, 0.875, 0.6335914318378155, 0.5273343179475833, 0.3029483945052231, 0.3029483945052231, 1.0, 1.0, 0.3668412646591884, 0.6029622554779053, 0.6560685634613037, 0.6910684108734131]
[0.7502657341957092, 1.0, 0.0737763736023227, 0.06557899875762017, 0.06557899875762017, 0.875, 0.875, 0.5390578049879807, 0.5166548407584539, 0.9684861168934118, 1.0, 1.0, 0.9819504856058312, 0.3668412646591884, 0.5179619789123535, 0.6560685634613037, 0.6910684108734131]
[0.7502657341957092, 1.0, 0.0737787193607724, 0.06558108387624213, 0.06558108387624213, 0.875, 0.875, 0.6335914318378155, 0.5273343179475833, 0.3161871345271675, 0.3161871345271675, 1.0, 1.0, 0.3668412646591884, 0.5279619693756104, 0.6560685634613037, 0.6910684108734131]
[0.7502657341957092, 1.0, 0.08301174684782109, 0.0737882194202854, 0.0737882194202854, 0.875, 0.875, 0.23088748638446516, 0.20179385771710479, 0.8292241541308357, 0.8292241541308357, 1.0, 1.0, 0.14037833580320333, 0.5279624462127686, 0.6560685634613037, 0.6910684108734131]
[0.4108719396591186, 0.31047443235026695, 0.5506903181143283, 0.9192360249037619, 0.5407248933800558, 0.875, 0.875, 0.6335914318378155, 0.5273343179475833, 0.3029483945052231, 0.3029483945052231, 1.0, 1.0, 0.3668412646591884, 0.6729621887207031, 0.6560685634613037, 0.6910684108734131]
[0.7502657341957092, 1.0, 0.0737763736023227, 0.06557899875762017, 0.06557899875762017, 0.875, 0.875, 0.4265635563777043, 0.5399212886670096, 0.827672852270745, 0.827672852270745, 1.0, 1.0, 0.3668412646591884, 0.5979621410369873, 0.6560685634613037, 0.6910684108734131]
[0.2608719635009765, 0.31047443235026695, 0.5506905550438344, 0.9195242651465847, 0.5407248933800558, 0.875, 0.875, 0.45674998943622297, 0.5083941591669462, 0.8156953034316403, 1.0, 1.0, 0.8139616321335873, 0.3668412646591884, 0.7529621124267578, 0.6560685634613037, 0.6910684108734131]
[0.7502657341957092, 1.0, 0.07994344402197617, 0.07106083913064548, 0.07106083913064548, 0.875, 0.875, 0.6335914318378155, 0.5273343179475833, 0.2886681983453186, 0.2886681983453186, 1.0, 1.0, 0.3668412646591884, 0.672961950302124, 0.6560685634613037, 0.6910684108734131]
[0.7502657341957092, 1.0, 0.07676459748596198, 0.06823519776529954, 0.06823519776529954, 0.875, 0.875, 0.6335914318378155, 0.5273343179475833, 0.33164736485755214, 0.33164736485755214, 1.0, 1.0, 0.3668412646591884, 0.5979621410369873, 0.6560685634613037, 0.6910684108734131]
[0.7502657341957092, 1.0, 0.0737763736023227, 0.06557899875762017, 0.06557899875762017, 0.875, 0.875, 0.6335914318378155, 0.5273343179475833, 0.3324111355015975, 0.3324111355015975, 1.0, 1.0, 0.3668412646591884, 0.5279619693756104, 0.6560685634613037, 0.6910684108734131]
[0.7502657341957092, 1.0, 0.08924784791137408, 0.07933142036566584, 0.07933142036566584, 0.875, 0.875, 0.6335914318378155, 0.5273343179475833, 0.2886874154456944, 0.2886874154456944, 1.0, 1.0, 0.3668412646591884, 0.7579622268676758, 0.6560685634613037, 0.6910684108734131]
[0.6849250960350036, 0.21133713126573905, 0.5569423753013795, 0.9643016991370589, 0.5407248933800558, 0.875, 0.875, 0.6335914318378155, 0.5273343179475833, 0.2724481993084419, 0.2724481993084419, 1.0, 1.0, 0.3668412646591884, 0.68296217918396, 0.6560685634613037, 0.6910684108734131]
[0.7502657341957092, 1.0, 0.0737787193607724, 0.06558108387624213, 0.06558108387624213, 0.875, 0.875, 0.5463770352877103, 0.45584486668862456, 0.4343536365600471, 0.4343536365600471, 1.0, 1.0, 0.3171094724790432, 0.5179622173309326, 0.6560685634613037, 0.6910684108734131]
[0.4108719396591186, 0.31047443235026695, 0.5506903181143283, 0.9192360249037619, 0.5407248933800558, 0.875, 0.875, 0.6335914318378155, 0.5273343179475833, 0.3029483945052231, 0.3029483945052231, 1.0, 1.0, 0.3668412646591884, 0.5979621410369873, 0.6560685634613037, 0.6910684108734131]
[0.6849250960350036, 0.21133713126573905, 0.5569423753013795, 0.9643016991370589, 0.5407248933800558, 0.875, 0.875, 0.6335914318378155, 0.5273343179475833, 0.2724481993084419, 0.2724481993084419, 1.0, 1.0, 0.3668412646591884, 0.6029622554779053, 0.6560685634613037, 0.6910684108734131]
[0.7502657341957092, 1.0, 0.07994344402197617, 0.07106083913064548, 0.07106083913064548, 0.875, 0.875, 0.6335914318378155, 0.5273343179475833, 0.2886681983453186, 0.2886681983453186, 1.0, 1.0, 0.3668412646591884, 0.7579619884490967, 0.6560685634613037, 0.6910684108734131]
[0.7502657341957092, 1.0, 0.0830117460024371, 0.07378821866883298, 0.07378821866883298, 0.875, 0.875, 0.6335914318378155, 0.5273343179475833, 0.319371878396315, 0.319371878396315, 1.0, 1.0, 0.3668412646591884, 0.6029620170593262, 0.6560685634613037, 0.6910684108734131]
[0.2608719635009765, 0.31047443235026695, 0.5506905550438344, 0.9195242651465847, 0.5407248933800558, 0.875, 0.875, 0.6335914318378155, 0.5273343179475833, 0.30467784669071546, 0.30467784669071546, 1.0, 1.0, 0.3668412646591884, 0.5979621410369873, 0.6560685634613037, 0.6910684108734131]
[0.4108719396591186, 0.31047443235026695, 0.5506903181143283, 0.9192360249037619, 0.5407248933800558, 0.875, 0.875, 0.6296404325045072, 0.2888328211027744, 0.6893203652314212, 0.6893203652314212, 1.0, 1.0, 0.20092717989758221, 0.6029620170593262, 0.6560685634613037, 0.6910684108734131]
[0.7502657341957092, 1.0, 0.08301175321376997, 0.07378822507890664, 0.07378822507890664, 0.875, 0.875, 0.6070414323073167, 0.5071404144403533, 0.6821725421130151, 1.0, 1.0, 0.8697730961787237, 0.3668412646591884, 0.7579622268676758, 0.6560685634613037, 0.6910684108734131]
[0.7502657341957092, 1.0, 0.07993481290705173, 0.07105316702849043, 0.07105316702849043, 0.875, 0.875, 0.6250250889704778, 0.5116084960523828, 0.8165116830620548, 0.9584861168934118, 1.0, 1.0, 0.3668412646591884, 0.5979621410369873, 0.6560685634613037, 0.6910684108734131]
[0.7502657341957092, 1.0, 0.07676459748596198, 0.06823519776529954, 0.06823519776529954, 0.875, 0.875, 0.6335914318378155, 0.5273343179475833, 0.33164736485755214, 0.33164736485755214, 1.0, 1.0, 0.3668412646591884, 0.5279619693756104, 0.6560685634613037, 0.6910684108734131]
[0.7502657341957092, 1.0, 0.08924784791137408, 0.07933142036566584, 0.07933142036566584, 0.875, 0.875, 0.2621345520019531, 0.28734621929077075, 0.9584861168934118, 1.0, 1.0, 0.9257496322307981, 0.1935923456426602, 0.68296217918396, 0.6560685634613037, 0.6910684108734131]
[0.6849250960350036, 0.21133713126573905, 0.5569423753013795, 0.9643016991370589, 0.5407248933800558, 0.875, 0.875, 0.5463770352877103, 0.45584486668862456, 0.4037514237886253, 0.4037514237886253, 1.0, 1.0, 0.3171094724790432, 0.7529621124267578, 0.6560685634613037, 0.6910684108734131]
[0.7502657341957092, 1.0, 0.08301174684782109, 0.0737882194202854, 0.0737882194202854, 0.875, 0.875, 0.6070414323073167, 0.5071401640213844, 0.6979667258492566, 1.0, 1.0, 0.8697730961787237, 0.3668412646591884, 0.6729621887207031, 0.6560685634613037, 0.6910684108734131]
[0.7502657341957092, 1.0, 0.0830117460024371, 0.07378821866883298, 0.07378821866883298, 0.875, 0.875, 0.6335914318378155, 0.5273343179475833, 0.319371878396315, 0.319371878396315, 1.0, 1.0, 0.3668412646591884, 0.672961950302124, 0.6560685634613037, 0.6910684108734131]
[0.7502657341957092, 1.0, 0.08300518278762925, 0.07378238470011489, 0.07378238470011489, 0.875, 0.875, 0.6335914318378155, 0.5273343179475833, 0.3046999819021282, 0.3046999819021282, 1.0, 1.0, 0.3668412646591884, 0.6029620170593262, 0.6560685634613037, 0.6910684108734131]
[0.7502657341957092, 1.0, 0.0830002154717081, 0.07377796930818498, 0.07377796930818498, 0.875, 0.875, 0.6335914318378155, 0.5273343179475833, 0.3176346640644133, 0.3176346640644133, 1.0, 1.0, 0.3668412646591884, 0.7579622268676758, 0.6560685634613037, 0.6910684108734131]
[0.7502657341957092, 1.0, 0.0737787193607724, 0.06558108387624213, 0.06558108387624213, 0.875, 0.875, 0.6119481600247897, 0.5221573063437555, 0.827672852270745, 0.9584861168934118, 1.0, 1.0, 0.3668412646591884, 0.6029620170593262, 0.6560685634613037, 0.6910684108734131]
[0.7502657341957092, 1.0, 0.08300518278762925, 0.07378238470011489, 0.07378238470011489, 0.875, 0.875, 0.5463770352877103, 0.45584486668862456, 0.4342400195091324, 0.4342400195091324, 1.0, 1.0, 0.3171094724790432, 0.7529621124267578, 0.6560685634613037, 0.6910684108734131]
[0.2608719635009765, 0.31047443235026695, 0.5506905550438344, 0.9195242651465847, 0.5407248933800558, 0.875, 0.875, 0.5955030001126803, 0.5083941591669462, 0.6821725421130151, 1.0, 1.0, 0.8649218979267047, 0.3668412646591884, 0.68296217918396, 0.6560685634613037, 0.6910684108734131]
[0.7502657341957092, 1.0, 0.07676459748596198, 0.06823519776529954, 0.06823519776529954, 0.875, 0.875, 0.6119481600247897, 0.5488654274742732, 0.8292241541308357, 0.8292241541308357, 1.0, 1.0, 0.3668412646591884, 0.5279619693756104, 0.6560685634613037, 0.6910684108734131]
[0.7502657341957092, 1.0, 0.0830002154717081, 0.07377796930818498, 0.07377796930818498, 0.875, 0.875, 0.6335914318378155, 0.5273343179475833, 0.3176346640644133, 0.3176346640644133, 1.0, 1.0, 0.3668412646591884, 0.7529621124267578, 0.6560685634613037, 0.6910684108734131]
[0.4108719396591186, 0.31047443235026695, 0.5506903181143283, 0.9192360249037619, 0.5407248933800558, 0.875, 0.875, 0.5604096926175631, 0.5390377291452139, 0.8292241541308357, 0.8292241541308357, 1.0, 1.0, 0.3668412646591884, 0.7579619884490967, 0.6560685634613037, 0.6910684108734131]
[0.7502657341957092, 1.0, 0.08301174684782109, 0.0737882194202854, 0.0737882194202854, 0.875, 0.875, 0.6335914318378155, 0.5273343179475833, 0.3174124554491945, 0.3174124554491945, 1.0, 1.0, 0.3668412646591884, 0.672961950302124, 0.6560685634613037, 0.6910684108734131]
[0.7502657341957092, 1.0, 0.0737787193607724, 0.06558108387624213, 0.06558108387624213, 0.875, 0.875, 0.5801183260404147, 0.5975866093684811, 0.8292241541308357, 1.0, 1.0, 0.7540667985043683, 0.4190577030852204, 0.7579619884490967, 0.6560685634613037, 0.6910684108734131]
[0.7502657341957092, 1.0, 0.07994344402197617, 0.07106083913064548, 0.07106083913064548, 0.875, 0.875, 0.632717279287485, 0.5105218307289459, 0.8165116830620548, 0.9584861168934118, 1.0, 1.0, 0.3668412646591884, 0.68296217918396, 0.6560685634613037, 0.6910684108734131]
[0.7502657341957092, 1.0, 0.0737787193607724, 0.06558108387624213, 0.06558108387624213, 0.875, 0.875, 0.42704142056978667, 0.46842274659607885, 0.9584861168934118, 0.9584861168934118, 1.0, 1.0, 0.3171094724790432, 0.5979621410369873, 0.6560685634613037, 0.6910684108734131]
[0.7502657341957092, 1.0, 0.0830002154717081, 0.07377796930818498, 0.07377796930818498, 0.875, 0.875, 0.6335914318378155, 0.5273343179475833, 0.3176346640644133, 0.3176346640644133, 1.0, 1.0, 0.3668412646591884, 0.4429619312286377, 0.6560685634613037, 0.6910684108734131]
[0.4108719396591186, 0.31047443235026695, 0.5506903181143283, 0.9192360249037619, 0.5407248933800558, 0.875, 0.875, 0.6335914318378155, 0.5273343179475833, 0.3029483945052231, 0.3029483945052231, 1.0, 1.0, 0.3668412646591884, 0.5279619693756104, 0.6560685634613037, 0.6910684108734131]
[0.7502657341957092, 1.0, 0.0830117460024371, 0.07378821866883298, 0.07378821866883298, 0.875, 0.875, 0.6335914318378155, 0.5273343179475833, 0.319371878396315, 0.319371878396315, 1.0, 1.0, 0.3668412646591884, 0.5979619026184082, 0.6560685634613037, 0.6910684108734131]
[0.7502657341957092, 1.0, 0.0737787193607724, 0.06558108387624213, 0.06558108387624213, 0.875, 0.875, 0.6119481600247897, 0.5488654274742732, 0.827672852270745, 0.827672852270745, 1.0, 1.0, 0.3668412646591884, 0.68296217918396, 0.6560685634613037, 0.6910684108734131]
[0.7502657341957092, 1.0, 0.08300518278762925, 0.07378238470011489, 0.07378238470011489, 0.875, 0.875, 0.6335914318378155, 0.5273343179475833, 0.3046999819021282, 0.3046999819021282, 1.0, 1.0, 0.3668412646591884, 0.4429619312286377, 0.6560685634613037, 0.6910684108734131]
[0.7502657341957092, 1.0, 0.07377870808350695, 0.06558107385200618, 0.06558107385200618, 0.875, 0.875, 0.5463770352877103, 0.45584486668862456, 0.4325959781002176, 0.4325959781002176, 1.0, 1.0, 0.3171094724790432, 0.5979621410369873, 0.6560685634613037, 0.6910684108734131]
[0.7502657341957092, 1.0, 0.07675394550398762, 0.06822572933687789, 0.06822572933687789, 0.875, 0.875, 0.3627172616811899, 0.3066757903923001, 0.6893203652314212, 0.6893203652314212, 1.0, 1.0, 0.2133396802729044, 0.6729621887207031, 0.6560685634613037, 0.6910684108734131]
[0.5830313730239868, 0.834440469382227, 0.6797488032759286, 0.9166666666666666, 0.9893016991370589, 0.9821788230583823, 0.875, 0.32627223088191104, 0.5117355773389689, 0.9584861168934118, 0.9584861168934118, 1.0, 1.0, 0.3668412646591884, 0.5179622173309326, 0.6560685634613037, 0.6910684108734131]
[0.7502657341957092, 1.0, 0.08301175321376997, 0.07378822507890664, 0.07378822507890664, 0.875, 0.875, 0.6335914318378155, 0.5273343179475833, 0.3026857878259361, 0.3026857878259361, 1.0, 1.0, 0.3668412646591884, 0.5279624462127686, 0.6560685634613037, 0.6910684108734131]
[0.6849250960350036, 0.21133713126573905, 0.5569423753013795, 0.9643016991370589, 0.5407248933800558, 0.875, 0.875, 0.6027174729567307, 0.5307535347774798, 0.8156953034316403, 0.8156953034316403, 1.0, 1.0, 0.3668412646591884, 0.5279619693756104, 0.6560685634613037, 0.6910684108734131]
[0.7502657341957092, 1.0, 0.08924809803878475, 0.079331642701142, 0.079331642701142, 0.875, 0.875, 0.45887125455416167, 0.5206922086497671, 0.8156953034316403, 0.8156953034316403, 1.0, 1.0, 0.3668412646591884, 0.5179622173309326, 0.6560685634613037, 0.6910684108734131]
[0.7502657341957092, 1.0, 0.07993481290705173, 0.07105316702849043, 0.07105316702849043, 0.875, 0.875, 0.44982704749474156, 0.12892744943002232, 0.9584861168934118, 0.9584861168934118, 1.0, 1.0, 0.08968866047305901, 0.5979621410369873, 0.6560685634613037, 0.6910684108734131]
[0.7502657341957092, 1.0, 0.08300084862559054, 0.07377853211163604, 0.07377853211163604, 0.875, 0.875, 0.603486574613131, 0.5388597902120119, 0.8292241541308357, 0.8292241541308357, 1.0, 1.0, 0.3668412646591884, 0.8379621505737305, 0.6560685634613037, 0.6910684108734131]
[0.7502657341957092, 1.0, 0.08301175321376997, 0.07378822507890664, 0.07378822507890664, 0.875, 0.875, 0.6070414323073167, 0.5071404144403533, 0.6821725421130151, 1.0, 1.0, 0.8697730961787237, 0.3668412646591884, 0.7579622268676758, 0.6560685634613037, 0.6910684108734131]
[0.2608719635009765, 0.31047443235026695, 0.5414665560634926, 0.9116119384774394, 0.5407248933800558, 0.875, 0.875, 0.6335914318378155, 0.5273343179475833, 0.3178545904268878, 0.3178545904268878, 1.0, 1.0, 0.3668412646591884, 0.5279619693756104, 0.6560685634613037, 0.6910684108734131]
[0.7502657341957092, 1.0, 0.07993481290705173, 0.07105316702849043, 0.07105316702849043, 0.875, 0.875, 0.44982704749474156, 0.12892744943002232, 0.9584861168934118, 0.9584861168934118, 1.0, 1.0, 0.08968866047305901, 0.6729621887207031, 0.6560685634613037, 0.6910684108734131]
[0.6849250960350036, 0.21133713126573905, 0.5569423753013795, 0.9643016991370589, 0.5407248933800558, 0.875, 0.875, 0.5463770352877103, 0.45584486668862456, 0.4037514237886253, 0.4037514237886253, 1.0, 1.0, 0.3171094724790432, 0.5979623794555664, 0.6560685634613037, 0.6910684108734131]
[0.2608719635009765, 0.31047443235026695, 0.5506905550438344, 0.9195242651465847, 0.5407248933800558, 0.875, 0.875, 0.605502935556265, 0.5083941591669462, 0.9584861168934118, 1.0, 1.0, 0.9198675232311481, 0.3668412646591884, 0.44796204566955566, 0.6560685634613037, 0.6910684108734131]
[0.7502657341957092, 1.0, 0.07994344402197617, 0.07106083913064548, 0.07106083913064548, 0.875, 0.875, 0.513964579655574, 0.4983647228753624, 0.6821725421130151, 1.0, 1.0, 0.8645578168605973, 0.3668412646591884, 0.6029622554779053, 0.6560685634613037, 0.6910684108734131]
[0.7502657341957092, 1.0, 0.08301175321376997, 0.07378822507890664, 0.07378822507890664, 0.875, 0.875, 0.5463770352877103, 0.45584486668862456, 0.4339229510698802, 0.4339229510698802, 1.0, 1.0, 0.3171094724790432, 0.7529623508453369, 0.6560685634613037, 0.6910684108734131]
[0.4108719396591186, 0.31047443235026695, 0.5506903181143283, 0.9192360249037619, 0.5407248933800558, 0.875, 0.875, 0.45674998943622297, 0.50729154550352, 0.8156953034316403, 1.0, 1.0, 0.8133949557238814, 0.3668412646591884, 0.7529621124267578, 0.6560685634613037, 0.6910684108734131]
[0.7502657341957092, 1.0, 0.07993481290705173, 0.07105316702849043, 0.07105316702849043, 0.875, 0.875, 0.4242558112511268, 0.4652950251671333, 0.8165116830620548, 0.8165116830620548, 1.0, 1.0, 0.3107453655124165, 0.68296217918396, 0.6560685634613037, 0.6910684108734131]
[0.7502657341957092, 1.0, 0.08301175321376997, 0.07378822507890664, 0.07378822507890664, 0.875, 0.875, 0.5463770352877103, 0.45584486668862456, 0.4339229510698802, 0.4339229510698802, 1.0, 1.0, 0.3171094724790432, 0.5979621410369873, 0.6560685634613037, 0.6910684108734131]
[0.7502657341957092, 1.0, 0.0737763736023227, 0.06557899875762017, 0.06557899875762017, 0.875, 0.875, 0.3496404794546274, 0.2962492064479305, 0.7004781212110642, 0.7004781212110642, 1.0, 1.0, 0.20608640448551688, 0.7579622268676758, 0.6560685634613037, 0.6910684108734131]
[0.4108719396591186, 0.31047443235026695, 0.5506903181143283, 0.9192360249037619, 0.5407248933800558, 0.875, 0.875, 0.6335914318378155, 0.5273343179475833, 0.3029483945052231, 0.3029483945052231, 1.0, 1.0, 0.3668412646591884, 0.7529621124267578, 0.6560685634613037, 0.6910684108734131]
[0.7502657341957092, 1.0, 0.07675394550398762, 0.06822572933687789, 0.06822572933687789, 0.875, 0.875, 0.5463770352877103, 0.45584486668862456, 0.44956472635165323, 0.44956472635165323, 1.0, 1.0, 0.3171094724790432, 0.6729621887207031, 0.6560685634613037, 0.6910684108734131]
[0.7502657341957092, 1.0, 0.07377870808350695, 0.06558107385200618, 0.06558107385200618, 0.875, 0.875, 0.3627172616811899, 0.3066757903923001, 0.6884829787793738, 0.6884829787793738, 1.0, 1.0, 0.2133396802729044, 0.6729621887207031, 0.6560685634613037, 0.6910684108734131]
[0.7502657341957092, 1.0, 0.0830117460024371, 0.07378821866883298, 0.07378821866883298, 0.875, 0.875, 0.6296404325045072, 0.2874913775511314, 0.7004781212110642, 0.7004781212110642, 1.0, 1.0, 0.19999400177470011, 0.6029620170593262, 0.6560685634613037, 0.6910684108734131]
[0.7502657341957092, 1.0, 0.0737763736023227, 0.06557899875762017, 0.06557899875762017, 0.875, 0.875, 0.5955030001126803, 0.5166548407584539, 0.7081068856075043, 1.0, 1.0, 0.8697730961787237, 0.3668412646591884, 0.7529621124267578, 0.6560685634613037, 0.6910684108734131]
[0.7502657341957092, 1.0, 0.08002584788138001, 0.07113408700567111, 0.07113408700567111, 0.875, 0.875, 0.5919481424184946, 0.5295093583583329, 0.827672852270745, 0.827672852270745, 1.0, 1.0, 0.3668412646591884, 0.7529621124267578, 0.6560685634613037, 0.6910684108734131]
[0.7502657341957092, 1.0, 0.0737763736023227, 0.06557899875762017, 0.06557899875762017, 0.875, 0.875, 0.6119481600247897, 0.5209297509096786, 0.9584861168934118, 0.9584861168934118, 1.0, 1.0, 0.3668412646591884, 0.5979621410369873, 0.6560685634613037, 0.6910684108734131]
[0.7502657341957092, 1.0, 0.07675394550398762, 0.06822572933687789, 0.06822572933687789, 0.875, 0.875, 0.6335914318378155, 0.5273343179475833, 0.3331407174738216, 0.3331407174738216, 1.0, 1.0, 0.3668412646591884, 0.6029622554779053, 0.6560685634613037, 0.6910684108734131]
[0.6849250960350036, 0.21133713126573905, 0.5569423753013795, 0.9643016991370589, 0.5407248933800558, 0.875, 0.875, 0.5742558699387771, 0.5307535347774798, 0.8156953034316403, 0.8156953034316403, 1.0, 1.0, 0.3668412646591884, 0.6029622554779053, 0.6560685634613037, 0.6910684108734131]
[0.7502657341957092, 1.0, 0.07675394550398762, 0.06822572933687789, 0.06822572933687789, 0.875, 0.875, 0.6335914318378155, 0.5273343179475833, 0.3331407174738216, 0.3331407174738216, 1.0, 1.0, 0.3668412646591884, 0.68296217918396, 0.6560685634613037, 0.6910684108734131]
[0.7502657341957092, 1.0, 0.0830002154717081, 0.07377796930818498, 0.07377796930818498, 0.875, 0.875, 0.6335914318378155, 0.5273343179475833, 0.3176346640644133, 0.3176346640644133, 1.0, 1.0, 0.3668412646591884, 0.6729621887207031, 0.6560685634613037, 0.6910684108734131]
[0.7502657341957092, 1.0, 0.08300084862559054, 0.07377853211163604, 0.07377853211163604, 0.875, 0.875, 0.6335914318378155, 0.5273343179475833, 0.3195837300591314, 0.3195837300591314, 1.0, 1.0, 0.3668412646591884, 0.6729621887207031, 0.6560685634613037, 0.6910684108734131]
[0.7502657341957092, 1.0, 0.07994344402197617, 0.07106083913064548, 0.07106083913064548, 0.875, 0.875, 0.43839337275578427, 0.3702387872335289, 0.5583143638373944, 0.5583143638373944, 1.0, 1.0, 0.2575574172059331, 0.5979621410369873, 0.6560685634613037, 0.6910684108734131]
[0.2608719635009765, 0.31047443235026695, 0.5506905550438344, 0.9195242651465847, 0.5407248933800558, 0.875, 0.875, 0.630409680880033, 0.5083941591669462, 0.6821725421130151, 1.0, 1.0, 0.8649218979267047, 0.3668412646591884, 0.5279624462127686, 0.6560685634613037, 0.6910684108734131]
[0.7502657341957092, 1.0, 0.07994344402197617, 0.07106083913064548, 0.07106083913064548, 0.875, 0.875, 0.4108876448411208, 0.5105218307289459, 0.9584861168934118, 0.9584861168934118, 1.0, 1.0, 0.3668412646591884, 0.68296217918396, 0.6560685634613037, 0.6910684108734131]
[0.7502657341957092, 1.0, 0.08300084862559054, 0.07377853211163604, 0.07377853211163604, 0.875, 0.875, 0.6096404148982122, 0.5116084960523828, 0.8292241541308357, 0.9584861168934118, 1.0, 1.0, 0.3668412646591884, 0.6029622554779053, 0.6560685634613037, 0.6910684108734131]
[0.2608719635009765, 0.31047443235026695, 0.5506905550438344, 0.9195242651465847, 0.5407248933800558, 0.875, 0.875, 0.5857943021334134, 0.5390377291452139, 0.8156953034316403, 0.8156953034316403, 1.0, 1.0, 0.3668412646591884, 0.6029622554779053, 0.6560685634613037, 0.6910684108734131]
[0.7502657341957092, 1.0, 0.0830117460024371, 0.07378821866883298, 0.07378821866883298, 0.875, 0.875, 0.5231952667236328, 0.5105012372976974, 0.9584861168934118, 0.9584861168934118, 1.0, 1.0, 0.3668412646591884, 0.5979621410369873, 0.6560685634613037, 0.6910684108734131]
[0.7502657341957092, 1.0, 0.0830117460024371, 0.07378821866883298, 0.07378821866883298, 0.875, 0.875, 0.6335914318378155, 0.5273343179475833, 0.319371878396315, 0.319371878396315, 1.0, 1.0, 0.3668412646591884, 0.4429624080657959, 0.6560685634613037, 0.6910684108734131]
[0.7502657341957092, 1.0, 0.08300518278762925, 0.07378238470011489, 0.07378238470011489, 0.875, 0.875, 0.5624260535606971, 0.2197678011991817, 0.8156953034316403, 0.8156953034316403, 1.0, 1.0, 0.15288194866030033, 0.672961950302124, 0.6560685634613037, 0.6910684108734131]
[0.4108719396591186, 0.31047443235026695, 0.5506903181143283, 0.9192360249037619, 0.5407248933800558, 0.875, 0.875, 0.6335914318378155, 0.5273343179475833, 0.3029483945052231, 0.3029483945052231, 1.0, 1.0, 0.3668412646591884, 0.7529621124267578, 0.6560685634613037, 0.6910684108734131]
[0.7502657341957092, 1.0, 0.08300084862559054, 0.07377853211163604, 0.07377853211163604, 0.875, 0.875, 0.6335914318378155, 0.5273343179475833, 0.3195837300591314, 0.3195837300591314, 1.0, 1.0, 0.3668412646591884, 0.5179622173309326, 0.6560685634613037, 0.6910684108734131]
[0.2608719635009765, 0.31047443235026695, 0.5506905550438344, 0.9195242651465847, 0.5407248933800558, 0.875, 0.875, 0.6296404325045072, 0.2888328211027744, 0.6893203652314212, 0.6893203652314212, 1.0, 1.0, 0.20092717989758221, 0.5279619693756104, 0.6560685634613037, 0.6910684108734131]
[0.2608719635009765, 0.31047443235026695, 0.5506905550438344, 0.9195242651465847, 0.5407248933800558, 0.875, 0.875, 0.6335914318378155, 0.5273343179475833, 0.30467784669071546, 0.30467784669071546, 1.0, 1.0, 0.3668412646591884, 0.6029620170593262, 0.6560685634613037, 0.6910684108734131]
[0.7502657341957092, 1.0, 0.08002584788138001, 0.07113408700567111, 0.07113408700567111, 0.875, 0.875, 0.6119481600247897, 0.5027846529702555, 0.827672852270745, 0.9584861168934118, 1.0, 1.0, 0.3668412646591884, 0.6029620170593262, 0.6560685634613037, 0.6910684108734131]
[0.7502657341957092, 1.0, 0.08300084862559054, 0.07377853211163604, 0.07377853211163604, 0.875, 0.875, 0.28444231473482573, 0.3802675418646142, 0.9684861168934118, 1.0, 1.0, 0.8649218979267047, 0.2506613487190543, 0.5279624462127686, 0.6560685634613037, 0.6910684108734131]
[0.4108719396591186, 0.31047443235026695, 0.5506903181143283, 0.9192360249037619, 0.5407248933800558, 0.875, 0.875, 0.5955030001126803, 0.50729154550352, 0.6821725421130151, 1.0, 1.0, 0.8649218979267047, 0.3668412646591884, 0.68296217918396, 0.6560685634613037, 0.6910684108734131]
[0.7502657341957092, 1.0, 0.0830002154717081, 0.07377796930818498, 0.07377796930818498, 0.875, 0.875, 0.6335914318378155, 0.5273343179475833, 0.3176346640644133, 0.3176346640644133, 1.0, 1.0, 0.3668412646591884, 0.5279619693756104, 0.6560685634613037, 0.6910684108734131]
[0.7502657341957092, 1.0, 0.08002584788138001, 0.07113408700567111, 0.07113408700567111, 0.875, 0.875, 0.6165635035588191, 0.278288996861324, 0.6884829787793738, 0.6884829787793738, 1.0, 1.0, 0.1935923456426602, 0.4429619312286377, 0.6560685634613037, 0.6910684108734131]
[0.7502657341957092, 1.0, 0.08924809803878475, 0.079331642701142, 0.079331642701142, 0.875, 0.875, 0.2185798058143029, 0.19174573415908336, 0.8156953034316403, 0.8156953034316403, 1.0, 1.0, 0.13338833680631887, 0.5279624462127686, 0.6560685634613037, 0.6910684108734131]
[0.7502657341957092, 1.0, 0.07676459748596198, 0.06823519776529954, 0.06823519776529954, 0.875, 0.875, 0.615025153526893, 0.5488654274742732, 0.8292241541308357, 0.8292241541308357, 1.0, 1.0, 0.3668412646591884, 0.68296217918396, 0.6560685634613037, 0.6910684108734131]
[0.2608719635009765, 0.31047443235026695, 0.5414665560634926, 0.9116119384774394, 0.5407248933800558, 0.875, 0.875, 0.33887114891639125, 0.2888328211027744, 0.7004781212110642, 0.7004781212110642, 1.0, 1.0, 0.20092717989758221, 0.5179622173309326, 0.6560685634613037, 0.6910684108734131]
[0.2608719635009765, 0.31047443235026695, 0.5506905550438344, 0.9195242651465847, 0.5407248933800558, 0.875, 0.875, 0.6142559051513672, 0.5390377291452139, 0.8156953034316403, 0.8156953034316403, 1.0, 1.0, 0.3668412646591884, 0.6029622554779053, 0.6560685634613037, 0.6910684108734131]
[0.7502657341957092, 1.0, 0.08300518278762925, 0.07378238470011489, 0.07378238470011489, 0.875, 0.875, 0.6335914318378155, 0.5273343179475833, 0.3046999819021282, 0.3046999819021282, 1.0, 1.0, 0.3668412646591884, 0.7529621124267578, 0.6560685634613037, 0.6910684108734131]
[0.7502657341957092, 1.0, 0.08301172592210404, 0.07378820081964804, 0.07378820081964804, 0.875, 0.875, 0.5385799407958984, 0.20056287609305823, 0.8292241541308357, 0.8292241541308357, 1.0, 1.0, 0.13952200076038834, 0.5279619693756104, 0.6560685634613037, 0.6910684108734131]
[0.7502657341957092, 1.0, 0.08301174684782109, 0.0737882194202854, 0.0737882194202854, 0.875, 0.875, 0.5333001063420222, 0.4466964629240987, 0.4339229510698802, 0.4339229510698802, 1.0, 1.0, 0.3107453655124165, 0.68296217918396, 0.6560685634613037, 0.6910684108734131]
[0.7502657341957092, 1.0, 0.0737763736023227, 0.06557899875762017, 0.06557899875762017, 0.875, 0.875, 0.46290382972130406, 0.1382487042829197, 0.9584861168934118, 0.9584861168934118, 1.0, 1.0, 0.09617301167507457, 0.68296217918396, 0.6560685634613037, 0.6910684108734131]
[0.7502657341957092, 1.0, 0.08300518278762925, 0.07378238470011489, 0.07378238470011489, 0.875, 0.875, 0.6335914318378155, 0.5273343179475833, 0.3046999819021282, 0.3046999819021282, 1.0, 1.0, 0.3668412646591884, 0.5979621410369873, 0.6560685634613037, 0.6910684108734131]
[0.7502657341957092, 1.0, 0.08301175321376997, 0.07378822507890664, 0.07378822507890664, 0.875, 0.875, 0.6335914318378155, 0.5273343179475833, 0.3026857878259361, 0.3026857878259361, 1.0, 1.0, 0.3668412646591884, 0.6729621887207031, 0.6560685634613037, 0.6910684108734131]
[0.2608719635009765, 0.31047443235026695, 0.5506905550438344, 0.9195242651465847, 0.5407248933800558, 0.875, 0.875, 0.5455030294565054, 0.5083941591669462, 0.9684861168934118, 1.0, 1.0, 0.8649218979267047, 0.3668412646591884, 0.68296217918396, 0.6560685634613037, 0.6910684108734131]
[0.7502657341957092, 1.0, 0.08924809803878475, 0.079331642701142, 0.079331642701142, 0.875, 0.875, 0.5262722602257361, 0.4890362759058442, 0.6821725421130151, 1.0, 1.0, 0.8649218979267047, 0.3668412646591884, 0.6729621887207031, 0.6560685634613037, 0.6910684108734131]
[0.7502657341957092, 1.0, 0.0737763736023227, 0.06557899875762017, 0.06557899875762017, 0.875, 0.875, 0.5337779705341046, 0.5516309234229848, 0.7004781212110642, 0.7004781212110642, 1.0, 1.0, 0.3668412646591884, 0.6729621887207031, 0.6560685634613037, 0.6910684108734131]
[0.7502657341957092, 1.0, 0.0737763736023227, 0.06557899875762017, 0.06557899875762017, 0.875, 0.875, 0.24242606529822716, 0.21097480557701997, 0.827672852270745, 0.827672852270745, 1.0, 1.0, 0.14676508214053563, 0.6029622554779053, 0.6560685634613037, 0.6910684108734131]
[0.7502657341957092, 1.0, 0.08924809803878475, 0.079331642701142, 0.079331642701142, 0.875, 0.875, 0.6334866743821365, 0.278288996861324, 0.6893203652314212, 0.6893203652314212, 1.0, 1.0, 0.1935923456426602, 0.6729621887207031, 0.6560685634613037, 0.6910684108734131]
[0.7502657341957092, 1.0, 0.07676459748596198, 0.06823519776529954, 0.06823519776529954, 0.875, 0.875, 0.48781057504507214, 0.5297078525030237, 0.9584861168934118, 0.9584861168934118, 1.0, 1.0, 0.3668412646591884, 0.5979621410369873, 0.6560685634613037, 0.6910684108734131]
[0.2608719635009765, 0.31047443235026695, 0.5506905550438344, 0.9195242651465847, 0.5407248933800558, 0.875, 0.875, 0.24242606529822716, 0.2100912466765228, 0.8156953034316403, 0.8156953034316403, 1.0, 1.0, 0.14615043247062456, 0.5179622173309326, 0.6560685634613037, 0.6910684108734131]
[0.7502657341957092, 1.0, 0.08300084862559054, 0.07377853211163604, 0.07377853211163604, 0.875, 0.875, 0.6335914318378155, 0.5273343179475833, 0.3195837300591314, 0.3195837300591314, 1.0, 1.0, 0.3668412646591884, 0.7579619884490967, 0.6560685634613037, 0.6910684108734131]
[0.7502657341957092, 1.0, 0.0737763736023227, 0.06557899875762017, 0.06557899875762017, 0.875, 0.875, 0.5178106748140775, 0.21097480557701997, 0.827672852270745, 0.827672852270745, 1.0, 1.0, 0.14676508214053563, 0.6029622554779053, 0.6560685634613037, 0.6910684108734131]
[0.7502657341957092, 1.0, 0.0737763736023227, 0.06557899875762017, 0.06557899875762017, 0.875, 0.875, 0.6335914318378155, 0.5273343179475833, 0.3324111355015975, 0.3324111355015975, 1.0, 1.0, 0.3668412646591884, 0.7529621124267578, 0.6560685634613037, 0.6910684108734131]
[0.7502657341957092, 1.0, 0.07994344402197617, 0.07106083913064548, 0.07106083913064548, 0.875, 0.875, 0.4855029766376202, 0.5105218307289459, 0.9584861168934118, 0.9584861168934118, 1.0, 1.0, 0.3668412646591884, 0.6029622554779053, 0.6560685634613037, 0.6910684108734131]
[0.4108719396591186, 0.31047443235026695, 0.5506903181143283, 0.9192360249037619, 0.5407248933800558, 0.875, 0.875, 0.6335914318378155, 0.5273343179475833, 0.3029483945052231, 0.3029483945052231, 1.0, 1.0, 0.3668412646591884, 0.5279619693756104, 0.6560685634613037, 0.6910684108734131]
[0.7502657341957092, 1.0, 0.07993481290705173, 0.07105316702849043, 0.07105316702849043, 0.875, 0.875, 0.4985799055833083, 0.42519360107478654, 0.8292241541308357, 1.0, 1.0, 0.858309255143156, 0.3107453655124165, 0.6029622554779053, 0.6560685634613037, 0.6910684108734131]
[0.7502657341957092, 1.0, 0.07993481290705173, 0.07105316702849043, 0.07105316702849043, 0.875, 0.875, 0.41598085256723255, 0.49848015988981853, 0.9684861168934118, 1.0, 1.0, 0.753879543943426, 0.3668412646591884, 0.68296217918396, 0.6560685634613037, 0.6910684108734131]
[0.6849250960350036, 0.21133713126573905, 0.5569423753013795, 0.9643016991370589, 0.5407248933800558, 0.875, 0.875, 0.43839337275578427, 0.3702387872335289, 0.5423235275526797, 0.5423235275526797, 1.0, 1.0, 0.2575574172059331, 0.6729621887207031, 0.6560685634613037, 0.6910684108734131]
[0.7502657341957092, 1.0, 0.07994344402197617, 0.07106083913064548, 0.07106083913064548, 0.875, 0.875, 0.6076242006742038, 0.5442145383616604, 0.6884829787793738, 0.6884829787793738, 1.0, 1.0, 0.3668412646591884, 0.68296217918396, 0.6560685634613037, 0.6910684108734131]
[0.7502657341957092, 1.0, 0.08002584788138001, 0.07113408700567111, 0.07113408700567111, 0.875, 0.875, 0.3701182145338792, 0.4490500900922839, 0.9584861168934118, 0.9584861168934118, 1.0, 1.0, 0.3107453655124165, 0.68296217918396, 0.6560685634613037, 0.6910684108734131]
[0.7502657341957092, 1.0, 0.07676459748596198, 0.06823519776529954, 0.06823519776529954, 0.875, 0.875, 0.5231952667236328, 0.5297078525030237, 0.9584861168934118, 0.9584861168934118, 1.0, 1.0, 0.3668412646591884, 0.5979621410369873, 0.6560685634613037, 0.6910684108734131]
[0.7502657341957092, 1.0, 0.07994344402197617, 0.07106083913064548, 0.07106083913064548, 0.875, 0.875, 0.6335914318378155, 0.5273343179475833, 0.2886681983453186, 0.2886681983453186, 1.0, 1.0, 0.3668412646591884, 0.68296217918396, 0.6560685634613037, 0.6910684108734131]
[0.7502657341957092, 1.0, 0.08002584788138001, 0.07113408700567111, 0.07113408700567111, 0.875, 0.875, 0.41598085256723255, 0.49744345400304946, 0.9684861168934118, 1.0, 1.0, 0.7540667985043683, 0.3668412646591884, 0.6829619407653809, 0.6560685634613037, 0.6910684108734131]
[0.6849250960350036, 0.21133713126573905, 0.5569423753013795, 0.9643016991370589, 0.5407248933800558, 0.875, 0.875, 0.1313652625450721, 0.12025273422760763, 0.9584861168934118, 0.9584861168934118, 1.0, 1.0, 0.08365407598442269, 0.5179622173309326, 0.6560685634613037, 0.6910684108734131]
[0.7502657341957092, 1.0, 0.0737787193607724, 0.06558108387624213, 0.06558108387624213, 0.875, 0.875, 0.05876643841083233, 0.060850539873453346, 1.0, 1.0, 1.0, 0.04233081034675015, 0.04233081034675015, 0.6729621887207031, 0.6560685634613037, 0.6910684108734131]
[0.7502657341957092, 1.0, 0.0830002154717081, 0.07377796930818498, 0.07377796930818498, 0.875, 0.875, 0.57367310157189, 0.5072912581741132, 0.9584861168934118, 1.0, 1.0, 0.9257496322307981, 0.3668412646591884, 0.672961950302124, 0.6560685634613037, 0.6910684108734131]
[0.2608719635009765, 0.31047443235026695, 0.5506905550438344, 0.9195242651465847, 0.5407248933800558, 0.875, 0.875, 0.46290382972130406, 0.13811241011680453, 0.9584861168934118, 0.9584861168934118, 1.0, 1.0, 0.09607819834212489, 0.6029622554779053, 0.6560685634613037, 0.6910684108734131]
[0.7502657341957092, 1.0, 0.08300084862559054, 0.07377853211163604, 0.07377853211163604, 0.875, 0.875, 0.33953563983623797, 0.5072886644317702, 0.9684861168934118, 1.0, 1.0, 0.760029679412777, 0.3668412646591884, 0.7529621124267578, 0.6560685634613037, 0.6910684108734131]
[0.7502657341957092, 1.0, 0.08300518278762925, 0.07378238470011489, 0.07378238470011489, 0.875, 0.875, 0.6335914318378155, 0.5273343179475833, 0.3046999819021282, 0.3046999819021282, 1.0, 1.0, 0.3668412646591884, 0.68296217918396, 0.6560685634613037, 0.6910684108734131]
[0.7502657341957092, 1.0, 0.0830002154717081, 0.07377796930818498, 0.07377796930818498, 0.875, 0.875, 0.4644423264723558, 0.5072912581741132, 0.8292241541308357, 1.0, 1.0, 0.8133949557238814, 0.3668412646591884, 0.7529621124267578, 0.6560685634613037, 0.6910684108734131]
[0.7502657341957092, 1.0, 0.08924809803878475, 0.079331642701142, 0.079331642701142, 0.875, 0.875, 0.6335914318378155, 0.5273343179475833, 0.2906332575176549, 0.2906332575176549, 1.0, 1.0, 0.3668412646591884, 0.672961950302124, 0.6560685634613037, 0.6910684108734131]
[0.7502657341957092, 1.0, 0.08924784791137408, 0.07933142036566584, 0.07933142036566584, 0.875, 0.875, 0.5039644974928635, 0.48793207706064123, 0.9684861168934118, 1.0, 1.0, 0.8649218979267047, 0.3668412646591884, 0.7529623508453369, 0.6560685634613037, 0.6910684108734131]
[0.2608719635009765, 0.31047443235026695, 0.5506905550438344, 0.9195242651465847, 0.5407248933800558, 0.875, 0.875, 0.5262722602257361, 0.5083941591669462, 0.6821725421130151, 1.0, 1.0, 0.8649218979267047, 0.3668412646591884, 0.6029622554779053, 0.6560685634613037, 0.6910684108734131]
[0.7502657341957092, 1.0, 0.0830002154717081, 0.07377796930818498, 0.07377796930818498, 0.875, 0.875, 0.5955030001126803, 0.5072912581741132, 0.6979667258492566, 1.0, 1.0, 0.8649218979267047, 0.3668412646591884, 0.5979621410369873, 0.6560685634613037, 0.6910684108734131]
[0.7502657341957092, 1.0, 0.08002584788138001, 0.07113408700567111, 0.07113408700567111, 0.875, 0.875, 0.6335914318378155, 0.5273343179475833, 0.3040802028086046, 0.3040802028086046, 1.0, 1.0, 0.3668412646591884, 0.7529621124267578, 0.6560685634613037, 0.6910684108734131]
[0.7502657341957092, 1.0, 0.08301174684782109, 0.0737882194202854, 0.0737882194202854, 0.875, 0.875, 0.6335914318378155, 0.5273343179475833, 0.3174124554491945, 0.3174124554491945, 1.0, 1.0, 0.3668412646591884, 0.6029622554779053, 0.6560685634613037, 0.6910684108734131]
[0.7502657341957092, 1.0, 0.08300084862559054, 0.07377853211163604, 0.07377853211163604, 0.875, 0.875, 0.5333001063420222, 0.4466964629240987, 0.448068262649387, 0.448068262649387, 1.0, 1.0, 0.3107453655124165, 0.7579622268676758, 0.6560685634613037, 0.6910684108734131]
[0.4108719396591186, 0.31047443235026695, 0.5506903181143283, 0.9192360249037619, 0.5407248933800558, 0.875, 0.875, 0.2767501244178185, 0.38027044474138094, 0.9684861168934118, 1.0, 1.0, 0.8649218979267047, 0.2575574172059331, 0.5979621410369873, 0.6560685634613037, 0.6910684108734131]
[0.7502657341957092, 1.0, 0.08924809803878475, 0.079331642701142, 0.079331642701142, 0.875, 0.875, 0.6335914318378155, 0.5273343179475833, 0.2906332575176549, 0.2906332575176549, 1.0, 1.0, 0.3668412646591884, 0.68296217918396, 0.6560685634613037, 0.6910684108734131]
[0.7502657341957092, 1.0, 0.0737763736023227, 0.06557899875762017, 0.06557899875762017, 0.875, 0.875, 0.6335914318378155, 0.5273343179475833, 0.3324111355015975, 0.3324111355015975, 1.0, 1.0, 0.3668412646591884, 0.7529621124267578, 0.6560685634613037, 0.6910684108734131]
[0.7502657341957092, 1.0, 0.08300518278762925, 0.07378238470011489, 0.07378238470011489, 0.875, 0.875, 0.6335914318378155, 0.5273343179475833, 0.3046999819021282, 0.3046999819021282, 1.0, 1.0, 0.3668412646591884, 0.672961950302124, 0.6560685634613037, 0.6910684108734131]
[0.7502657341957092, 1.0, 0.07993481290705173, 0.07105316702849043, 0.07105316702849043, 0.875, 0.875, 0.41751920259915865, 0.6299723214025791, 0.8165116830620548, 1.0, 1.0, 0.6980257216213122, 0.44549648820935533, 0.5979623794555664, 0.6560685634613037, 0.6910684108734131]
[0.7502657341957092, 1.0, 0.08301174684782109, 0.0737882194202854, 0.0737882194202854, 0.875, 0.875, 0.6335914318378155, 0.5273343179475833, 0.3174124554491945, 0.3174124554491945, 1.0, 1.0, 0.3668412646591884, 0.5979621410369873, 0.6560685634613037, 0.6910684108734131]
[0.7502657341957092, 1.0, 0.0830002154717081, 0.07377796930818498, 0.07377796930818498, 0.875, 0.875, 0.5955030001126803, 0.5072912581741132, 0.6979667258492566, 1.0, 1.0, 0.8649218979267047, 0.3668412646591884, 0.68296217918396, 0.6560685634613037, 0.6910684108734131]
[0.6849250960350036, 0.21133713126573905, 0.5569423753013795, 0.9643016991370589, 0.5407248933800558, 0.875, 0.875, 0.6335914318378155, 0.5273343179475833, 0.2724481993084419, 0.2724481993084419, 1.0, 1.0, 0.3668412646591884, 0.68296217918396, 0.6560685634613037, 0.6910684108734131]
[0.7502657341957092, 1.0, 0.07676459748596198, 0.06823519776529954, 0.06823519776529954, 0.875, 0.875, 0.6335914318378155, 0.5273343179475833, 0.33164736485755214, 0.33164736485755214, 1.0, 1.0, 0.3668412646591884, 0.5179619789123535, 0.6560685634613037, 0.6910684108734131]
[0.7502657341957092, 1.0, 0.07994344402197617, 0.07106083913064548, 0.07106083913064548, 0.875, 0.875, 0.5488712604229267, 0.5307535347774798, 0.8165116830620548, 0.8165116830620548, 1.0, 1.0, 0.3668412646591884, 0.6029620170593262, 0.6560685634613037, 0.6910684108734131]
[0.7502657341957092, 1.0, 0.0737763736023227, 0.06557899875762017, 0.06557899875762017, 0.875, 0.875, 0.6335914318378155, 0.5273343179475833, 0.3324111355015975, 0.3324111355015975, 1.0, 1.0, 0.3668412646591884, 0.6029622554779053, 0.6560685634613037, 0.6910684108734131]
[0.7502657341957092, 1.0, 0.08924809803878475, 0.079331642701142, 0.079331642701142, 0.875, 0.875, 0.6335914318378155, 0.5273343179475833, 0.2906332575176549, 0.2906332575176549, 1.0, 1.0, 0.3668412646591884, 0.7529621124267578, 0.6560685634613037, 0.6910684108734131]
[0.7502657341957092, 1.0, 0.08924809803878475, 0.079331642701142, 0.079331642701142, 0.875, 0.875, 0.6335914318378155, 0.5273343179475833, 0.2906332575176549, 0.2906332575176549, 1.0, 1.0, 0.3668412646591884, 0.5179622173309326, 0.6560685634613037, 0.6910684108734131]
[0.7502657341957092, 1.0, 0.08300084862559054, 0.07377853211163604, 0.07377853211163604, 0.875, 0.875, 0.4259807880108173, 0.5072886644317702, 0.8165116830620548, 1.0, 1.0, 0.8133949557238814, 0.3668412646591884, 0.672961950302124, 0.6560685634613037, 0.6910684108734131]
[0.2608719635009765, 0.31047443235026695, 0.5506905550438344, 0.9195242651465847, 0.5407248933800558, 0.875, 0.875, 0.4913654327392578, 0.5083941591669462, 0.8156953034316403, 1.0, 1.0, 0.8139616321335873, 0.3668412646591884, 0.7529621124267578, 0.6560685634613037, 0.6910684108734131]
[0.7502657341957092, 1.0, 0.07994344402197617, 0.07106083913064548, 0.07106083913064548, 0.875, 0.875, 0.6296404325045072, 0.4983647228753624, 0.6821725421130151, 1.0, 1.0, 0.8645578168605973, 0.3668412646591884, 0.6029622554779053, 0.6560685634613037, 0.6910684108734131]
[0.7502657341957092, 1.0, 0.07993481290705173, 0.07105316702849043, 0.07105316702849043, 0.875, 0.875, 0.6335914318378155, 0.5273343179475833, 0.30545915972901794, 0.30545915972901794, 1.0, 1.0, 0.3668412646591884, 0.7579619884490967, 0.6560685634613037, 0.6910684108734131]
[0.4108719396591186, 0.31047443235026695, 0.5506903181143283, 0.9192360249037619, 0.5407248933800558, 0.875, 0.875, 0.5455028827373798, 0.50729154550352, 0.8156953034316403, 1.0, 1.0, 0.8133949557238814, 0.3668412646591884, 0.68296217918396, 0.6560685634613037, 0.6910684108734131]
[0.7502657341957092, 1.0, 0.08300084862559054, 0.07377853211163604, 0.07377853211163604, 0.875, 0.875, 0.6335914318378155, 0.5273343179475833, 0.3195837300591314, 0.3195837300591314, 1.0, 1.0, 0.3668412646591884, 0.672961950302124, 0.6560685634613037, 0.6910684108734131]
[0.6849250960350036, 0.21133713126573905, 0.5569423753013795, 0.9643016991370589, 0.5407248933800558, 0.875, 0.875, 0.6335914318378155, 0.5273343179475833, 0.2724481993084419, 0.2724481993084419, 1.0, 1.0, 0.3668412646591884, 0.68296217918396, 0.6560685634613037, 0.6910684108734131]
[0.7502657341957092, 1.0, 0.08301175321376997, 0.07378822507890664, 0.07378822507890664, 0.875, 0.875, 0.5742558699387771, 0.5307535347774798, 0.8292241541308357, 0.8292241541308357, 1.0, 1.0, 0.3668412646591884, 0.6029622554779053, 0.6560685634613037, 0.6910684108734131]
[0.2608719635009765, 0.31047443235026695, 0.5506905550438344, 0.9195242651465847, 0.5407248933800558, 0.875, 0.875, 0.5463770352877103, 0.45584486668862456, 0.4357492211716165, 0.4357492211716165, 1.0, 1.0, 0.3171094724790432, 0.7529623508453369, 0.6560685634613037, 0.6910684108734131]
[0.7502657341957092, 1.0, 0.08300084862559054, 0.07377853211163604, 0.07377853211163604, 0.875, 0.875, 0.6096404148982122, 0.5116084960523828, 0.8292241541308357, 0.9584861168934118, 1.0, 1.0, 0.3668412646591884, 0.5179622173309326, 0.6560685634613037, 0.6910684108734131]
[0.7502657341957092, 1.0, 0.07994344402197617, 0.07106083913064548, 0.07106083913064548, 0.875, 0.875, 0.5505962371826172, 0.4983647228753624, 0.9684861168934118, 1.0, 1.0, 0.9819504856058312, 0.3668412646591884, 0.5179622173309326, 0.6560685634613037, 0.6910684108734131]
[0.7502657341957092, 1.0, 0.0830117460024371, 0.07378821866883298, 0.07378821866883298, 0.875, 0.875, 0.6335914318378155, 0.5273343179475833, 0.319371878396315, 0.319371878396315, 1.0, 1.0, 0.3668412646591884, 0.5279619693756104, 0.6560685634613037, 0.6910684108734131]
[0.7502657341957092, 1.0, 0.0737763736023227, 0.06557899875762017, 0.06557899875762017, 0.875, 0.875, 0.5955030001126803, 0.5166548407584539, 0.7081068856075043, 1.0, 1.0, 0.8697730961787237, 0.3668412646591884, 0.68296217918396, 0.6560685634613037, 0.6910684108734131]
[0.7502657341957092, 1.0, 0.07994344402197617, 0.07106083913064548, 0.07106083913064548, 0.875, 0.875, 0.49964053814227766, 0.5307535347774798, 0.8165116830620548, 0.8165116830620548, 1.0, 1.0, 0.3668412646591884, 0.5279624462127686, 0.6560685634613037, 0.6910684108734131]
[0.7502657341957092, 1.0, 0.0737763736023227, 0.06557899875762017, 0.06557899875762017, 0.875, 0.875, 0.5333001063420222, 0.4466964629240987, 0.4475400468404994, 0.4475400468404994, 1.0, 1.0, 0.3107453655124165, 0.5279624462127686, 0.6560685634613037, 0.6910684108734131]
[0.7502657341957092, 1.0, 0.0737763736023227, 0.06557899875762017, 0.06557899875762017, 0.875, 0.875, 0.6225308638352615, 0.499548445283058, 0.5731814548561507, 0.5731814548561507, 1.0, 1.0, 0.3668412646591884, 0.5979621410369873, 0.6560685634613037, 0.6910684108734131]
[0.7502657341957092, 1.0, 0.0830117460024371, 0.07378821866883298, 0.07378821866883298, 0.875, 0.875, 0.6335914318378155, 0.5273343179475833, 0.319371878396315, 0.319371878396315, 1.0, 1.0, 0.3668412646591884, 0.7529621124267578, 0.6560685634613037, 0.6910684108734131]
[0.2608719635009765, 0.31047443235026695, 0.5506905550438344, 0.9195242651465847, 0.5407248933800558, 0.875, 0.875, 0.6335914318378155, 0.5273343179475833, 0.30467784669071546, 0.30467784669071546, 1.0, 1.0, 0.3668412646591884, 0.68296217918396, 0.6560685634613037, 0.6910684108734131]
[0.2608719635009765, 0.31047443235026695, 0.5506905550438344, 0.9195242651465847, 0.5407248933800558, 0.875, 0.875, 0.5463770352877103, 0.45584486668862456, 0.4357492211716165, 0.4357492211716165, 1.0, 1.0, 0.3171094724790432, 0.6729621887207031, 0.6560685634613037, 0.6910684108734131]
[0.7502657341957092, 1.0, 0.08300084862559054, 0.07377853211163604, 0.07377853211163604, 0.875, 0.875, 0.44982704749474156, 0.12892744943002232, 0.9584861168934118, 0.9584861168934118, 1.0, 1.0, 0.08968866047305901, 0.6729621887207031, 0.6560685634613037, 0.6910684108734131]
[0.7502657341957092, 1.0, 0.07994344402197617, 0.07106083913064548, 0.07106083913064548, 0.875, 0.875, 0.6335914318378155, 0.5273343179475833, 0.2886681983453186, 0.2886681983453186, 1.0, 1.0, 0.3668412646591884, 0.5979619026184082, 0.6560685634613037, 0.6910684108734131]
[0.2608719635009765, 0.31047443235026695, 0.5506905550438344, 0.9195242651465847, 0.5407248933800558, 0.875, 0.875, 0.6335914318378155, 0.5273343179475833, 0.30467784669071546, 0.30467784669071546, 1.0, 1.0, 0.3668412646591884, 0.44796204566955566, 0.6560685634613037, 0.6910684108734131]
[0.6849250960350036, 0.21133713126573905, 0.5569423753013795, 0.9643016991370589, 0.5407248933800558, 0.875, 0.875, 0.5463770352877103, 0.45584486668862456, 0.4037514237886253, 0.4037514237886253, 1.0, 1.0, 0.3171094724790432, 0.6729621887207031, 0.6560685634613037, 0.6910684108734131]
[0.6849250960350036, 0.21133713126573905, 0.5569423753013795, 0.9643016991370589, 0.5407248933800558, 0.875, 0.875, 0.6335914318378155, 0.5273343179475833, 0.2724481993084419, 0.2724481993084419, 1.0, 1.0, 0.3668412646591884, 0.6029620170593262, 0.6560685634613037, 0.6910684108734131]
[0.7502657341957092, 1.0, 0.08301175321376997, 0.07378822507890664, 0.07378822507890664, 0.875, 0.875, 0.6335914318378155, 0.5273343179475833, 0.3026857878259361, 0.3026857878259361, 1.0, 1.0, 0.3668412646591884, 0.5979621410369873, 0.6560685634613037, 0.6910684108734131]
[0.7502657341957092, 1.0, 0.08300084862559054, 0.07377853211163604, 0.07377853211163604, 0.875, 0.875, 0.5008875039907602, 0.4340021052740115, 0.9584861168934118, 1.0, 1.0, 0.9257496322307981, 0.3107453655124165, 0.68296217918396, 0.6560685634613037, 0.6910684108734131]
[0.7502657341957092, 1.0, 0.07994344402197617, 0.07106083913064548, 0.07106083913064548, 0.875, 0.875, 0.6335914318378155, 0.5273343179475833, 0.2886681983453186, 0.2886681983453186, 1.0, 1.0, 0.3668412646591884, 0.68296217918396, 0.6560685634613037, 0.6910684108734131]
[0.5830313730239868, 0.834440469382227, 0.6797488032759286, 0.9166666666666666, 0.9893016991370589, 0.9821788230583823, 0.875, 0.5333001063420222, 0.4466964629240987, 0.4325959781002176, 0.4325959781002176, 1.0, 1.0, 0.3107453655124165, 0.5279619693756104, 0.6560685634613037, 0.6910684108734131]
[0.7502657341957092, 1.0, 0.0830117460024371, 0.07378821866883298, 0.07378821866883298, 0.875, 0.875, 0.4413654620830829, 0.6386296889468956, 0.8165116830620548, 1.0, 1.0, 0.7040747297375283, 0.44549648820935533, 0.7529621124267578, 0.6560685634613037, 0.6910684108734131]
[0.7502657341957092, 1.0, 0.08301175321376997, 0.07378822507890664, 0.07378822507890664, 0.875, 0.875, 0.6335914318378155, 0.5273343179475833, 0.3026857878259361, 0.3026857878259361, 1.0, 1.0, 0.3668412646591884, 0.6029622554779053, 0.6560685634613037, 0.6910684108734131]
[0.7502657341957092, 1.0, 0.08301175321376997, 0.07378822507890664, 0.07378822507890664, 0.875, 0.875, 0.6076242006742038, 0.5442145383616604, 0.7004781212110642, 0.7004781212110642, 1.0, 1.0, 0.3668412646591884, 0.68296217918396, 0.6560685634613037, 0.6910684108734131]
[0.7502657341957092, 1.0, 0.0737787193607724, 0.06558108387624213, 0.06558108387624213, 0.875, 0.875, 0.6335914318378155, 0.5273343179475833, 0.3161871345271675, 0.3161871345271675, 1.0, 1.0, 0.3668412646591884, 0.6029620170593262, 0.6560685634613037, 0.6910684108734131]
[0.4108719396591186, 0.31047443235026695, 0.5506903181143283, 0.9192360249037619, 0.5407248933800558, 0.875, 0.875, 0.6335914318378155, 0.5273343179475833, 0.3029483945052231, 0.3029483945052231, 1.0, 1.0, 0.3668412646591884, 0.5979621410369873, 0.6560685634613037, 0.6910684108734131]
[0.7502657341957092, 1.0, 0.0830117460024371, 0.07378821866883298, 0.07378821866883298, 0.875, 0.875, 0.6335914318378155, 0.5273343179475833, 0.319371878396315, 0.319371878396315, 1.0, 1.0, 0.3668412646591884, 0.672961950302124, 0.6560685634613037, 0.6910684108734131]
[0.7502657341957092, 1.0, 0.0737787193607724, 0.06558108387624213, 0.06558108387624213, 0.875, 0.875, 0.6335914318378155, 0.5273343179475833, 0.3161871345271675, 0.3161871345271675, 1.0, 1.0, 0.3668412646591884, 0.68296217918396, 0.6560685634613037, 0.6910684108734131]
[0.7502657341957092, 1.0, 0.08300518278762925, 0.07378238470011489, 0.07378238470011489, 0.875, 0.875, 0.6335914318378155, 0.5273343179475833, 0.3046999819021282, 0.3046999819021282, 1.0, 1.0, 0.3668412646591884, 0.5979619026184082, 0.6560685634613037, 0.6910684108734131]
[0.6849250960350036, 0.21133713126573905, 0.5569423753013795, 0.9643016991370589, 0.5407248933800558, 0.875, 0.875, 0.49964053814227766, 0.5307535347774798, 0.8156953034316403, 0.8156953034316403, 1.0, 1.0, 0.3668412646591884, 0.6029622554779053, 0.6560685634613037, 0.6910684108734131]
[0.7502657341957092, 1.0, 0.08301175321376997, 0.07378822507890664, 0.07378822507890664, 0.875, 0.875, 0.3159809112548828, 0.5071404144403533, 0.9684861168934118, 1.0, 1.0, 0.753879543943426, 0.3668412646591884, 0.68296217918396, 0.6560685634613037, 0.6910684108734131]
[0.7502657341957092, 1.0, 0.0830117460024371, 0.07378821866883298, 0.07378821866883298, 0.875, 0.875, 0.5385799407958984, 0.2016668089941116, 0.8292241541308357, 0.8292241541308357, 1.0, 1.0, 0.14028995408286024, 0.6029620170593262, 0.6560685634613037, 0.6910684108734131]
[0.4108719396591186, 0.31047443235026695, 0.5506903181143283, 0.9192360249037619, 0.5407248933800558, 0.875, 0.875, 0.47550289447490984, 0.5116302078871711, 0.9584861168934118, 0.9584861168934118, 1.0, 1.0, 0.3668412646591884, 0.5979619026184082, 0.6560685634613037, 0.6910684108734131]
[0.6849250960350036, 0.21133713126573905, 0.5569423753013795, 0.9643016991370589, 0.5407248933800558, 0.875, 0.875, 0.27799723698542667, 0.48917637682475923, 0.9684861168934118, 1.0, 1.0, 0.7407614886037501, 0.3668412646591884, 0.5179622173309326, 0.6560685634613037, 0.6910684108734131]
[0.7502657341957092, 1.0, 0.07675394550398762, 0.06822572933687789, 0.06822572933687789, 0.875, 0.875, 0.3627172616811899, 0.3066757903923001, 0.6893203652314212, 0.6893203652314212, 1.0, 1.0, 0.2133396802729044, 0.6729621887207031, 0.6560685634613037, 0.6910684108734131]
[0.7502657341957092, 1.0, 0.08924809803878475, 0.079331642701142, 0.079331642701142, 0.875, 0.875, 0.6335914318378155, 0.5273343179475833, 0.2906332575176549, 0.2906332575176549, 1.0, 1.0, 0.3668412646591884, 0.6029622554779053, 0.6560685634613037, 0.6910684108734131]
[0.5830313730239868, 0.834440469382227, 0.6797488032759286, 0.9166666666666666, 0.9893016991370589, 0.9821788230583823, 0.875, 0.4855029766376202, 0.5117355773389689, 0.9584861168934118, 0.9584861168934118, 1.0, 1.0, 0.3668412646591884, 0.6029620170593262, 0.6560685634613037, 0.6910684108734131]
[0.7502657341957092, 1.0, 0.08301175321376997, 0.07378822507890664, 0.07378822507890664, 0.875, 0.875, 0.30828857421875, 0.38011931367136675, 0.9684861168934118, 1.0, 1.0, 0.8697730961787237, 0.2575574172059331, 0.7529621124267578, 0.6560685634613037, 0.6910684108734131]
[0.7502657341957092, 1.0, 0.07993481290705173, 0.07105316702849043, 0.07105316702849043, 0.875, 0.875, 0.6335914318378155, 0.5273343179475833, 0.30545915972901794, 0.30545915972901794, 1.0, 1.0, 0.3668412646591884, 0.5979621410369873, 0.6560685634613037, 0.6910684108734131]
[0.7502657341957092, 1.0, 0.08924809803878475, 0.079331642701142, 0.079331642701142, 0.875, 0.875, 0.5333001063420222, 0.4466964629240987, 0.4211115783121544, 0.4211115783121544, 1.0, 1.0, 0.3107453655124165, 0.7579619884490967, 0.6560685634613037, 0.6910684108734131]
[0.7502657341957092, 1.0, 0.0830002154717081, 0.07377796930818498, 0.07377796930818498, 0.875, 0.875, 0.4913654327392578, 0.5072912581741132, 0.8292241541308357, 1.0, 1.0, 0.8133949557238814, 0.3668412646591884, 0.7529621124267578, 0.6560685634613037, 0.6910684108734131]
[0.7502657341957092, 1.0, 0.0830117460024371, 0.07378821866883298, 0.07378821866883298, 0.875, 0.875, 0.5207010415884165, 0.41790394581596724, 0.7004781212110642, 0.7004781212110642, 1.0, 1.0, 0.3107453655124165, 0.68296217918396, 0.6560685634613037, 0.6910684108734131]
[0.7502657341957092, 1.0, 0.0737787193607724, 0.06558108387624213, 0.06558108387624213, 0.875, 0.875, 0.6335914318378155, 0.5273343179475833, 0.3161871345271675, 0.3161871345271675, 1.0, 1.0, 0.3668412646591884, 0.6029622554779053, 0.6560685634613037, 0.6910684108734131]
[0.5830313730239868, 0.834440469382227, 0.6797488032759286, 0.9166666666666666, 0.9893016991370589, 0.9821788230583823, 0.875, 0.30184334975022536, 0.5073055305698482, 0.9684861168934118, 1.0, 1.0, 0.7533025991740077, 0.3668412646591884, 0.6729621887207031, 0.6560685634613037, 0.6910684108734131]
[0.7502657341957092, 1.0, 0.07676459748596198, 0.06823519776529954, 0.06823519776529954, 0.875, 0.875, 0.6335914318378155, 0.5273343179475833, 0.33164736485755214, 0.33164736485755214, 1.0, 1.0, 0.3668412646591884, 0.672961950302124, 0.6560685634613037, 0.6910684108734131]
[0.7502657341957092, 1.0, 0.08301175321376997, 0.07378822507890664, 0.07378822507890664, 0.875, 0.875, 0.5463770352877103, 0.45584486668862456, 0.4339229510698802, 0.4339229510698802, 1.0, 1.0, 0.3171094724790432, 0.7529621124267578, 0.6560685634613037, 0.6910684108734131]
[0.7502657341957092, 1.0, 0.0737763736023227, 0.06557899875762017, 0.06557899875762017, 0.875, 0.875, 0.5333001063420222, 0.4466964629240987, 0.4475400468404994, 0.4475400468404994, 1.0, 1.0, 0.3107453655124165, 0.5279619693756104, 0.6560685634613037, 0.6910684108734131]
[0.7502657341957092, 1.0, 0.08301174684782109, 0.0737882194202854, 0.0737882194202854, 0.875, 0.875, 0.6335914318378155, 0.5273343179475833, 0.3174124554491945, 0.3174124554491945, 1.0, 1.0, 0.3668412646591884, 0.7529621124267578, 0.6560685634613037, 0.6910684108734131]
[0.7502657341957092, 1.0, 0.08300084862559054, 0.07377853211163604, 0.07377853211163604, 0.875, 0.875, 0.5333001063420222, 0.4466964629240987, 0.448068262649387, 0.448068262649387, 1.0, 1.0, 0.3107453655124165, 0.6029622554779053, 0.6560685634613037, 0.6910684108734131]
[0.7502657341957092, 1.0, 0.07676459748596198, 0.06823519776529954, 0.06823519776529954, 0.875, 0.875, 0.6335914318378155, 0.5273343179475833, 0.33164736485755214, 0.33164736485755214, 1.0, 1.0, 0.3668412646591884, 0.68296217918396, 0.6560685634613037, 0.6910684108734131]
[0.6849250960350036, 0.21133713126573905, 0.5569423753013795, 0.9643016991370589, 0.5407248933800558, 0.875, 0.875, 0.6335914318378155, 0.5273343179475833, 0.2724481993084419, 0.2724481993084419, 1.0, 1.0, 0.3668412646591884, 0.6829619407653809, 0.6560685634613037, 0.6910684108734131]
[0.2608719635009765, 0.31047443235026695, 0.5414665560634926, 0.9116119384774394, 0.5407248933800558, 0.875, 0.875, 0.4913654327392578, 0.5166350564375803, 0.8156953034316403, 1.0, 1.0, 0.8187420718861785, 0.3668412646591884, 0.6729621887207031, 0.6560685634613037, 0.6910684108734131]
[0.7502657341957092, 1.0, 0.08924809803878475, 0.079331642701142, 0.079331642701142, 0.875, 0.875, 0.6335914318378155, 0.5273343179475833, 0.2906332575176549, 0.2906332575176549, 1.0, 1.0, 0.3668412646591884, 0.5979621410369873, 0.6560685634613037, 0.6910684108734131]
[0.7502657341957092, 1.0, 0.08300084862559054, 0.07377853211163604, 0.07377853211163604, 0.875, 0.875, 0.6335914318378155, 0.5273343179475833, 0.3195837300591314, 0.3195837300591314, 1.0, 1.0, 0.3668412646591884, 0.5979621410369873, 0.6560685634613037, 0.6910684108734131]
[0.7502657341957092, 1.0, 0.0737763736023227, 0.06557899875762017, 0.06557899875762017, 0.875, 0.875, 0.43839337275578427, 0.3691358772072306, 0.5731814548561507, 0.5731814548561507, 1.0, 1.0, 0.25679017544850824, 0.68296217918396, 0.6560685634613037, 0.6910684108734131]
[0.7502657341957092, 1.0, 0.0737787193607724, 0.06558108387624213, 0.06558108387624213, 0.875, 0.875, 0.5463770352877103, 0.45584486668862456, 0.4343536365600471, 0.4343536365600471, 1.0, 1.0, 0.3171094724790432, 0.5979621410369873, 0.6560685634613037, 0.6910684108734131]
[0.6849250960350036, 0.21133713126573905, 0.5569423753013795, 0.9643016991370589, 0.5407248933800558, 0.875, 0.875, 0.6335914318378155, 0.5273343179475833, 0.2724481993084419, 0.2724481993084419, 1.0, 1.0, 0.3668412646591884, 0.6029622554779053, 0.6560685634613037, 0.6910684108734131]
[0.7502657341957092, 1.0, 0.08002584788138001, 0.07113408700567111, 0.07113408700567111, 0.875, 0.875, 0.6119481600247897, 0.5295093583583329, 0.827672852270745, 0.827672852270745, 1.0, 1.0, 0.3668412646591884, 0.68296217918396, 0.6560685634613037, 0.6910684108734131]
[0.4108719396591186, 0.31047443235026695, 0.5506903181143283, 0.9192360249037619, 0.5407248933800558, 0.875, 0.875, 0.6335914318378155, 0.5273343179475833, 0.3029483945052231, 0.3029483945052231, 1.0, 1.0, 0.3668412646591884, 0.5279619693756104, 0.6560685634613037, 0.6910684108734131]
[0.7502657341957092, 1.0, 0.08301175321376997, 0.07378822507890664, 0.07378822507890664, 0.875, 0.875, 0.6335914318378155, 0.5273343179475833, 0.3026857878259361, 0.3026857878259361, 1.0, 1.0, 0.3668412646591884, 0.6729621887207031, 0.6560685634613037, 0.6910684108734131]
[0.2608719635009765, 0.31047443235026695, 0.5506905550438344, 0.9195242651465847, 0.5407248933800558, 0.875, 0.875, 0.48857982342059797, 0.5207934537570966, 0.9584861168934118, 0.9584861168934118, 1.0, 1.0, 0.3668412646591884, 0.6829619407653809, 0.6560685634613037, 0.6910684108734131]
[0.7502657341957092, 1.0, 0.0737787193607724, 0.06558108387624213, 0.06558108387624213, 0.875, 0.875, 0.3924259772667518, 0.5221573063437555, 0.9584861168934118, 0.9584861168934118, 1.0, 1.0, 0.3668412646591884, 0.5279619693756104, 0.6560685634613037, 0.6910684108734131]
[0.2608719635009765, 0.31047443235026695, 0.5506905550438344, 0.9195242651465847, 0.5407248933800558, 0.875, 0.875, 0.3159807645357572, 0.5083941591669462, 0.9684861168934118, 1.0, 1.0, 0.7546735744224419, 0.3668412646591884, 0.68296217918396, 0.6560685634613037, 0.6910684108734131]
[0.4108719396591186, 0.31047443235026695, 0.5506903181143283, 0.9192360249037619, 0.5407248933800558, 0.875, 0.875, 0.615025153526893, 0.50729154550352, 0.6821725421130151, 1.0, 1.0, 0.8649218979267047, 0.3668412646591884, 0.5279619693756104, 0.6560685634613037, 0.6910684108734131]
[0.7502657341957092, 1.0, 0.08301175321376997, 0.07378822507890664, 0.07378822507890664, 0.875, 0.875, 0.6296404325045072, 0.2888328211027744, 0.7004781212110642, 0.7004781212110642, 1.0, 1.0, 0.20092717989758221, 0.6029620170593262, 0.6560685634613037, 0.6910684108734131]
[0.7502657341957092, 1.0, 0.0830117460024371, 0.07378821866883298, 0.07378821866883298, 0.875, 0.875, 0.6335914318378155, 0.5273343179475833, 0.319371878396315, 0.319371878396315, 1.0, 1.0, 0.3668412646591884, 0.6729621887207031, 0.6560685634613037, 0.6910684108734131]
[0.7502657341957092, 1.0, 0.08300518278762925, 0.07378238470011489, 0.07378238470011489, 0.875, 0.875, 0.4239644270676833, 0.5221385506349896, 0.9584861168934118, 0.9584861168934118, 1.0, 1.0, 0.3668412646591884, 0.7579622268676758, 0.6560685634613037, 0.6910684108734131]
[0.6849250960350036, 0.21133713126573905, 0.5569423753013795, 0.9643016991370589, 0.5407248933800558, 0.875, 0.875, 0.5463770352877103, 0.45584486668862456, 0.4037514237886253, 0.4037514237886253, 1.0, 1.0, 0.3171094724790432, 0.6729621887207031, 0.6560685634613037, 0.6910684108734131]
[0.7502657341957092, 1.0, 0.08002584788138001, 0.07113408700567111, 0.07113408700567111, 0.875, 0.875, 0.6119481600247897, 0.5027846529702555, 0.827672852270745, 0.9584861168934118, 1.0, 1.0, 0.3668412646591884, 0.672961950302124, 0.6560685634613037, 0.6910684108734131]
[0.7502657341957092, 1.0, 0.08300084862559054, 0.07377853211163604, 0.07377853211163604, 0.875, 0.875, 0.6335914318378155, 0.5273343179475833, 0.3195837300591314, 0.3195837300591314, 1.0, 1.0, 0.3668412646591884, 0.5979619026184082, 0.6560685634613037, 0.6910684108734131]
[0.7502657341957092, 1.0, 0.0830117460024371, 0.07378821866883298, 0.07378821866883298, 0.875, 0.875, 0.5333001063420222, 0.4466964629240987, 0.448068262649387, 0.448068262649387, 1.0, 1.0, 0.3107453655124165, 0.68296217918396, 0.6560685634613037, 0.6910684108734131]
[0.7502657341957092, 1.0, 0.0737787193607724, 0.06558108387624213, 0.06558108387624213, 0.875, 0.875, 0.46290382972130406, 0.1394762638489977, 0.9584861168934118, 0.9584861168934118, 1.0, 1.0, 0.09702696615582448, 0.68296217918396, 0.6560685634613037, 0.6910684108734131]
[0.7502657341957092, 1.0, 0.07993481290705173, 0.07105316702849043, 0.07105316702849043, 0.875, 0.875, 0.6335914318378155, 0.5273343179475833, 0.30545915972901794, 0.30545915972901794, 1.0, 1.0, 0.3668412646591884, 0.6029620170593262, 0.6560685634613037, 0.6910684108734131]
[0.4108719396591186, 0.31047443235026695, 0.5506903181143283, 0.9192360249037619, 0.5407248933800558, 0.875, 0.875, 0.6335914318378155, 0.5273343179475833, 0.3029483945052231, 0.3029483945052231, 1.0, 1.0, 0.3668412646591884, 0.5979621410369873, 0.6560685634613037, 0.6910684108734131]
[0.6849250960350036, 0.21133713126573905, 0.5569423753013795, 0.9643016991370589, 0.5407248933800558, 0.875, 0.875, 0.5062722426194411, 0.2018070521861257, 0.8156953034316403, 0.8156953034316403, 1.0, 1.0, 0.14038751456426138, 0.5279624462127686, 0.6560685634613037, 0.6910684108734131]
[0.6849250960350036, 0.21133713126573905, 0.5569423753013795, 0.9643016991370589, 0.5407248933800558, 0.875, 0.875, 0.40011831430288464, 0.5029337777122456, 0.9584861168934118, 0.9584861168934118, 1.0, 1.0, 0.3668412646591884, 0.6029622554779053, 0.6560685634613037, 0.6910684108734131]
[0.7502657341957092, 1.0, 0.07993481290705173, 0.07105316702849043, 0.07105316702849043, 0.875, 0.875, 0.5501183729905349, 0.2099133072273176, 0.8165116830620548, 0.8165116830620548, 1.0, 1.0, 0.14602664850596006, 0.7579622268676758, 0.6560685634613037, 0.6910684108734131]
[0.7502657341957092, 1.0, 0.08301175321376997, 0.07378822507890664, 0.07378822507890664, 0.875, 0.875, 0.6335914318378155, 0.5273343179475833, 0.3026857878259361, 0.3026857878259361, 1.0, 1.0, 0.3668412646591884, 0.68296217918396, 0.6560685634613037, 0.6910684108734131]
[0.7502657341957092, 1.0, 0.07993481290705173, 0.07105316702849043, 0.07105316702849043, 0.875, 0.875, 0.3156893803523137, 0.49848015988981853, 0.9684861168934118, 1.0, 1.0, 0.753879543943426, 0.3668412646591884, 0.5979621410369873, 0.6560685634613037, 0.6910684108734131]
[0.7502657341957092, 1.0, 0.0830002154717081, 0.07377796930818498, 0.07377796930818498, 0.875, 0.875, 0.3190577580378606, 0.30670537258366104, 0.9584861168934118, 1.0, 1.0, 0.9257496322307981, 0.20083399934870147, 0.68296217918396, 0.6560685634613037, 0.6910684108734131]
[0.7502657341957092, 1.0, 0.0737787193607724, 0.06558108387624213, 0.06558108387624213, 0.875, 0.875, 0.5463770352877103, 0.45584486668862456, 0.4343536365600471, 0.4343536365600471, 1.0, 1.0, 0.3171094724790432, 0.5979621410369873, 0.6560685634613037, 0.6910684108734131]
[0.7502657341957092, 1.0, 0.0830117460024371, 0.07378821866883298, 0.07378821866883298, 0.875, 0.875, 0.6335914318378155, 0.5273343179475833, 0.319371878396315, 0.319371878396315, 1.0, 1.0, 0.3668412646591884, 0.6029620170593262, 0.6560685634613037, 0.6910684108734131]
[0.7502657341957092, 1.0, 0.08002584788138001, 0.07113408700567111, 0.07113408700567111, 0.875, 0.875, 0.6335914318378155, 0.5273343179475833, 0.3040802028086046, 0.3040802028086046, 1.0, 1.0, 0.3668412646591884, 0.5179622173309326, 0.6560685634613037, 0.6910684108734131]
[0.6849250960350036, 0.21133713126573905, 0.5569423753013795, 0.9643016991370589, 0.5407248933800558, 0.875, 0.875, 0.6335914318378155, 0.5273343179475833, 0.2724481993084419, 0.2724481993084419, 1.0, 1.0, 0.3668412646591884, 0.7579619884490967, 0.6560685634613037, 0.6910684108734131]
[0.2608719635009765, 0.31047443235026695, 0.5506905550438344, 0.9195242651465847, 0.5407248933800558, 0.875, 0.875, 0.5463770352877103, 0.45584486668862456, 0.4357492211716165, 0.4357492211716165, 1.0, 1.0, 0.3171094724790432, 0.5979623794555664, 0.6560685634613037, 0.6910684108734131]
[0.7502657341957092, 1.0, 0.08300518278762925, 0.07378238470011489, 0.07378238470011489, 0.875, 0.875, 0.48857982342059797, 0.5221385506349896, 0.9584861168934118, 0.9584861168934118, 1.0, 1.0, 0.3668412646591884, 0.68296217918396, 0.6560685634613037, 0.6910684108734131]
[0.7502657341957092, 1.0, 0.0737787193607724, 0.06558108387624213, 0.06558108387624213, 0.875, 0.875, 0.6335914318378155, 0.5273343179475833, 0.3161871345271675, 0.3161871345271675, 1.0, 1.0, 0.3668412646591884, 0.6029622554779053, 0.6560685634613037, 0.6910684108734131]
[0.4108719396591186, 0.31047443235026695, 0.5506903181143283, 0.9192360249037619, 0.5407248933800558, 0.875, 0.875, 0.4108874981219952, 0.5116302078871711, 0.9584861168934118, 0.9584861168934118, 1.0, 1.0, 0.3668412646591884, 0.6029622554779053, 0.6560685634613037, 0.6910684108734131]
[0.7502657341957092, 1.0, 0.07993481290705173, 0.07105316702849043, 0.07105316702849043, 0.875, 0.875, 0.587519278893104, 0.49848015988981853, 0.9584861168934118, 1.0, 1.0, 0.9202224708965455, 0.3668412646591884, 0.5979621410369873, 0.6560685634613037, 0.6910684108734131]
[0.7502657341957092, 1.0, 0.0737763736023227, 0.06557899875762017, 0.06557899875762017, 0.875, 0.875, 0.5681020296536959, 0.5399212886670096, 0.827672852270745, 0.827672852270745, 1.0, 1.0, 0.3668412646591884, 0.5179622173309326, 0.6560685634613037, 0.6910684108734131]
[0.7502657341957092, 1.0, 0.0737787193607724, 0.06558108387624213, 0.06558108387624213, 0.875, 0.875, 0.6335914318378155, 0.5273343179475833, 0.3161871345271675, 0.3161871345271675, 1.0, 1.0, 0.3668412646591884, 0.7529621124267578, 0.6560685634613037, 0.6910684108734131]
[0.7502657341957092, 1.0, 0.08300518278762925, 0.07378238470011489, 0.07378238470011489, 0.875, 0.875, 0.5234866509070764, 0.5487142835892526, 0.8156953034316403, 0.8156953034316403, 1.0, 1.0, 0.3668412646591884, 0.7579622268676758, 0.6560685634613037, 0.6910684108734131]
[0.7502657341957092, 1.0, 0.08002584788138001, 0.07113408700567111, 0.07113408700567111, 0.875, 0.875, 0.6335914318378155, 0.5273343179475833, 0.3040802028086046, 0.3040802028086046, 1.0, 1.0, 0.3668412646591884, 0.672961950302124, 0.6560685634613037, 0.6910684108734131]
[0.7502657341957092, 1.0, 0.0737763736023227, 0.06557899875762017, 0.06557899875762017, 0.875, 0.875, 0.6335914318378155, 0.5273343179475833, 0.3324111355015975, 0.3324111355015975, 1.0, 1.0, 0.3668412646591884, 0.68296217918396, 0.6560685634613037, 0.6910684108734131]
[0.7502657341957092, 1.0, 0.08300084862559054, 0.07377853211163604, 0.07377853211163604, 0.875, 0.875, 0.5247337634746845, 0.5072886644317702, 0.9684861168934118, 1.0, 1.0, 0.8649218979267047, 0.3668412646591884, 0.5979623794555664, 0.6560685634613037, 0.6910684108734131]
[0.4108719396591186, 0.31047443235026695, 0.5506903181143283, 0.9192360249037619, 0.5407248933800558, 0.875, 0.875, 0.5393491891714243, 0.4340050056323179, 0.8165116830620548, 1.0, 1.0, 0.8649218979267047, 0.3171094724790432, 0.5979623794555664, 0.6560685634613037, 0.6910684108734131]
[0.7502657341957092, 1.0, 0.08300518278762925, 0.07378238470011489, 0.07378238470011489, 0.875, 0.875, 0.6335914318378155, 0.5273343179475833, 0.3046999819021282, 0.3046999819021282, 1.0, 1.0, 0.3668412646591884, 0.68296217918396, 0.6560685634613037, 0.6910684108734131]
[0.7502657341957092, 1.0, 0.0737763736023227, 0.06557899875762017, 0.06557899875762017, 0.875, 0.875, 0.4536731426532452, 0.5166548407584539, 0.8292241541308357, 1.0, 1.0, 0.8144267195026742, 0.3668412646591884, 0.5979621410369873, 0.6560685634613037, 0.6910684108734131]
[0.7502657341957092, 1.0, 0.08300518278762925, 0.07378238470011489, 0.07378238470011489, 0.875, 0.875, 0.6335914318378155, 0.5273343179475833, 0.3046999819021282, 0.3046999819021282, 1.0, 1.0, 0.3668412646591884, 0.5979621410369873, 0.6560685634613037, 0.6910684108734131]
[0.7502657341957092, 1.0, 0.08300084862559054, 0.07377853211163604, 0.07377853211163604, 0.875, 0.875, 0.5231952667236328, 0.5116084960523828, 0.9584861168934118, 0.9584861168934118, 1.0, 1.0, 0.3668412646591884, 0.5979621410369873, 0.6560685634613037, 0.6910684108734131]
[0.7502657341957092, 1.0, 0.07994344402197617, 0.07106083913064548, 0.07106083913064548, 0.875, 0.875, 0.27799723698542667, 0.4983647228753624, 0.9684861168934118, 1.0, 1.0, 0.7478034721562754, 0.3668412646591884, 0.5179622173309326, 0.6560685634613037, 0.6910684108734131]
[0.7502657341957092, 1.0, 0.08300518278762925, 0.07378238470011489, 0.07378238470011489, 0.875, 0.875, 0.48059624892014724, 0.508536018060337, 0.8156953034316403, 1.0, 1.0, 0.8079662246763936, 0.3668412646591884, 0.68296217918396, 0.6560685634613037, 0.6910684108734131]
[0.7502657341957092, 1.0, 0.0737763736023227, 0.06557899875762017, 0.06557899875762017, 0.875, 0.875, 0.30184320303109974, 0.5166548407584539, 0.9684861168934118, 1.0, 1.0, 0.7598000203654346, 0.3668412646591884, 0.6729621887207031, 0.6560685634613037, 0.6910684108734131]
[0.7502657341957092, 1.0, 0.08924784791137408, 0.07933142036566584, 0.07933142036566584, 0.875, 0.875, 0.6335914318378155, 0.5273343179475833, 0.2886874154456944, 0.2886874154456944, 1.0, 1.0, 0.3668412646591884, 0.672961950302124, 0.6560685634613037, 0.6910684108734131]
[0.7502657341957092, 1.0, 0.08300084862559054, 0.07377853211163604, 0.07377853211163604, 0.875, 0.875, 0.426085692185622, 0.3603256887836406, 0.5708083981649275, 0.5708083981649275, 1.0, 1.0, 0.2506613487190543, 0.5279619693756104, 0.6560685634613037, 0.6910684108734131]
[0.7502657341957092, 1.0, 0.07994344402197617, 0.07106083913064548, 0.07106083913064548, 0.875, 0.875, 0.6335914318378155, 0.5273343179475833, 0.2886681983453186, 0.2886681983453186, 1.0, 1.0, 0.3668412646591884, 0.6029622554779053, 0.6560685634613037, 0.6910684108734131]
[0.7502657341957092, 1.0, 0.08924809803878475, 0.079331642701142, 0.079331642701142, 0.875, 0.875, 0.6335914318378155, 0.5273343179475833, 0.2906332575176549, 0.2906332575176549, 1.0, 1.0, 0.3668412646591884, 0.6729621887207031, 0.6560685634613037, 0.6910684108734131]
[0.6849250960350036, 0.21133713126573905, 0.5569423753013795, 0.9643016991370589, 0.5407248933800558, 0.875, 0.875, 0.6335914318378155, 0.5273343179475833, 0.2724481993084419, 0.2724481993084419, 1.0, 1.0, 0.3668412646591884, 0.68296217918396, 0.6560685634613037, 0.6910684108734131]
[0.7502657341957092, 1.0, 0.0830117460024371, 0.07378821866883298, 0.07378821866883298, 0.875, 0.875, 0.6250250889704778, 0.6645564635636654, 0.8292241541308357, 0.9584861168934118, 1.0, 1.0, 0.44549648820935533, 0.5979621410369873, 0.6560685634613037, 0.6910684108734131]
[0.7502657341957092, 1.0, 0.07993481290705173, 0.07105316702849043, 0.07105316702849043, 0.875, 0.875, 0.1421347398024339, 0.12892744943002232, 0.9584861168934118, 0.9584861168934118, 1.0, 1.0, 0.08968866047305901, 0.68296217918396, 0.6560685634613037, 0.6910684108734131]
[0.2608719635009765, 0.31047443235026695, 0.5506905550438344, 0.9195242651465847, 0.5407248933800558, 0.875, 0.875, 0.537810545701247, 0.5083941591669462, 0.8156953034316403, 1.0, 1.0, 0.8139616321335873, 0.3668412646591884, 0.68296217918396, 0.6560685634613037, 0.6910684108734131]
[0.7502657341957092, 1.0, 0.07676459748596198, 0.06823519776529954, 0.06823519776529954, 0.875, 0.875, 0.6335914318378155, 0.5273343179475833, 0.33164736485755214, 0.33164736485755214, 1.0, 1.0, 0.3668412646591884, 0.6029622554779053, 0.6560685634613037, 0.6910684108734131]
[0.7502657341957092, 1.0, 0.0830117460024371, 0.07378821866883298, 0.07378821866883298, 0.875, 0.875, 0.6316567934476413, 0.45676667406116034, 0.9584861168934118, 0.9584861168934118, 1.0, 1.0, 0.3107453655124165, 0.5979619026184082, 0.6560685634613037, 0.6910684108734131]
[0.7502657341957092, 1.0, 0.08301175321376997, 0.07378822507890664, 0.07378822507890664, 0.875, 0.875, 0.5463770352877103, 0.45584486668862456, 0.4339229510698802, 0.4339229510698802, 1.0, 1.0, 0.3171094724790432, 0.6729621887207031, 0.6560685634613037, 0.6910684108734131]
[0.2608719635009765, 0.31047443235026695, 0.5506905550438344, 0.9195242651465847, 0.5407248933800558, 0.875, 0.875, 0.6335914318378155, 0.5273343179475833, 0.30467784669071546, 0.30467784669071546, 1.0, 1.0, 0.3668412646591884, 0.6029622554779053, 0.6560685634613037, 0.6910684108734131]
[0.7502657341957092, 1.0, 0.08002584788138001, 0.07113408700567111, 0.07113408700567111, 0.875, 0.875, 0.5333001063420222, 0.4466964629240987, 0.4343536365600471, 0.4343536365600471, 1.0, 1.0, 0.3107453655124165, 0.6029622554779053, 0.6560685634613037, 0.6910684108734131]
[0.7502657341957092, 1.0, 0.0830117460024371, 0.07378821866883298, 0.07378821866883298, 0.875, 0.875, 0.22905775216909555, 0.4338509523577112, 0.9584861168934118, 1.0, 1.0, 0.8139598655539012, 0.3107453655124165, 0.68296217918396, 0.6560685634613037, 0.6910684108734131]
[0.7502657341957092, 1.0, 0.08300518278762925, 0.07378238470011489, 0.07378238470011489, 0.875, 0.875, 0.6183933844933143, 0.5517964083227119, 0.674111286829259, 0.674111286829259, 1.0, 1.0, 0.3668412646591884, 0.6029622554779053, 0.6560685634613037, 0.6910684108734131]
[0.7502657341957092, 1.0, 0.08300518278762925, 0.07378238470011489, 0.07378238470011489, 0.875, 0.875, 0.6335914318378155, 0.5273343179475833, 0.3046999819021282, 0.3046999819021282, 1.0, 1.0, 0.3668412646591884, 0.5279619693756104, 0.6560685634613037, 0.6910684108734131]
[0.7502657341957092, 1.0, 0.07993481290705173, 0.07105316702849043, 0.07105316702849043, 0.875, 0.875, 0.6335914318378155, 0.5273343179475833, 0.30545915972901794, 0.30545915972901794, 1.0, 1.0, 0.3668412646591884, 0.6029620170593262, 0.6560685634613037, 0.6910684108734131]
[0.7502657341957092, 1.0, 0.08301175321376997, 0.07378822507890664, 0.07378822507890664, 0.875, 0.875, 0.6335914318378155, 0.5273343179475833, 0.3026857878259361, 0.3026857878259361, 1.0, 1.0, 0.3668412646591884, 0.68296217918396, 0.6560685634613037, 0.6910684108734131]
[0.7502657341957092, 1.0, 0.07993481290705173, 0.07105316702849043, 0.07105316702849043, 0.875, 0.875, 0.6335914318378155, 0.5273343179475833, 0.30545915972901794, 0.30545915972901794, 1.0, 1.0, 0.3668412646591884, 0.672961950302124, 0.6560685634613037, 0.6910684108734131]
[0.7502657341957092, 1.0, 0.08924809803878475, 0.079331642701142, 0.079331642701142, 0.875, 0.875, 0.20521163940429688, 0.2884503908996514, 0.9584861168934118, 1.0, 1.0, 0.9198675232311481, 0.1935923456426602, 0.5279619693756104, 0.6560685634613037, 0.6910684108734131]
[0.7502657341957092, 1.0, 0.0830002154717081, 0.07377796930818498, 0.07377796930818498, 0.875, 0.875, 0.6335914318378155, 0.5273343179475833, 0.3176346640644133, 0.3176346640644133, 1.0, 1.0, 0.3668412646591884, 0.5179619789123535, 0.6560685634613037, 0.6910684108734131]
[0.7502657341957092, 1.0, 0.0737787193607724, 0.06558108387624213, 0.06558108387624213, 0.875, 0.875, 0.6335914318378155, 0.5273343179475833, 0.3161871345271675, 0.3161871345271675, 1.0, 1.0, 0.3668412646591884, 0.672961950302124, 0.6560685634613037, 0.6910684108734131]
[0.7502657341957092, 1.0, 0.08300518278762925, 0.07378238470011489, 0.07378238470011489, 0.875, 0.875, 0.5270413618821365, 0.508536018060337, 0.8156953034316403, 1.0, 1.0, 0.8079662246763936, 0.3668412646591884, 0.5279619693756104, 0.6560685634613037, 0.6910684108734131]
[0.7502657341957092, 1.0, 0.07675394550398762, 0.06822572933687789, 0.06822572933687789, 0.875, 0.875, 0.3939644740178035, 0.4863957083778072, 0.9584861168934118, 0.9584861168934118, 1.0, 1.0, 0.3171094724790432, 0.672961950302124, 0.6560685634613037, 0.6910684108734131]
[0.7502657341957092, 1.0, 0.0737787193607724, 0.06558108387624213, 0.06558108387624213, 0.875, 0.875, 0.4499318049504207, 0.3784785286718242, 0.5717429308630366, 0.5717429308630366, 1.0, 1.0, 0.26328941124996463, 0.7529623508453369, 0.6560685634613037, 0.6910684108734131]
[0.6849250960350036, 0.21133713126573905, 0.5569423753013795, 0.9643016991370589, 0.5407248933800558, 0.875, 0.875, 0.6335914318378155, 0.5273343179475833, 0.2724481993084419, 0.2724481993084419, 1.0, 1.0, 0.3668412646591884, 0.8379621505737305, 0.6560685634613037, 0.6910684108734131]
[0.6849250960350036, 0.21133713126573905, 0.5569423753013795, 0.9643016991370589, 0.5407248933800558, 0.875, 0.875, 0.6335914318378155, 0.5273343179475833, 0.2724481993084419, 0.2724481993084419, 1.0, 1.0, 0.3668412646591884, 0.7529621124267578, 0.6560685634613037, 0.6910684108734131]
[0.7502657341957092, 1.0, 0.08301175321376997, 0.07378822507890664, 0.07378822507890664, 0.875, 0.875, 0.45674998943622297, 0.5071404144403533, 0.8156953034316403, 1.0, 1.0, 0.8139598655539012, 0.3668412646591884, 0.7529621124267578, 0.6560685634613037, 0.6910684108734131]
[0.7502657341957092, 1.0, 0.08300518278762925, 0.07378238470011489, 0.07378238470011489, 0.875, 0.875, 0.6335914318378155, 0.5273343179475833, 0.3046999819021282, 0.3046999819021282, 1.0, 1.0, 0.3668412646591884, 0.6729621887207031, 0.6560685634613037, 0.6910684108734131]
[0.6849250960350036, 0.21133713126573905, 0.5569423753013795, 0.9643016991370589, 0.5407248933800558, 0.875, 0.875, 0.527041508601262, 0.415889839284751, 0.8165116830620548, 1.0, 1.0, 0.858309255143156, 0.3171094724790432, 0.5979621410369873, 0.6560685634613037, 0.6910684108734131]
[0.4108719396591186, 0.31047443235026695, 0.5506903181143283, 0.9192360249037619, 0.5407248933800558, 0.875, 0.875, 0.6296404325045072, 0.2888328211027744, 0.6893203652314212, 0.6893203652314212, 1.0, 1.0, 0.20092717989758221, 0.5279619693756104, 0.6560685634613037, 0.6910684108734131]
[0.7502657341957092, 1.0, 0.08300084862559054, 0.07377853211163604, 0.07377853211163604, 0.875, 0.875, 0.5501183729905349, 0.2099133072273176, 0.8292241541308357, 0.8292241541308357, 1.0, 1.0, 0.14602664850596006, 0.7579622268676758, 0.6560685634613037, 0.6910684108734131]
[0.2608719635009765, 0.31047443235026695, 0.5506905550438344, 0.9195242651465847, 0.5407248933800558, 0.875, 0.875, 0.5955030001126803, 0.5083941591669462, 0.6821725421130151, 1.0, 1.0, 0.8649218979267047, 0.3668412646591884, 0.68296217918396, 0.6560685634613037, 0.6910684108734131]
[0.2608719635009765, 0.31047443235026695, 0.5506905550438344, 0.9195242651465847, 0.5407248933800558, 0.875, 0.875, 0.6335914318378155, 0.5273343179475833, 0.30467784669071546, 0.30467784669071546, 1.0, 1.0, 0.3668412646591884, 0.68296217918396, 0.6560685634613037, 0.6910684108734131]
[0.7502657341957092, 1.0, 0.0737763736023227, 0.06557899875762017, 0.06557899875762017, 0.875, 0.875, 0.5647336519681491, 0.5166548407584539, 0.7081068856075043, 1.0, 1.0, 0.8697730961787237, 0.3668412646591884, 0.7529621124267578, 0.6560685634613037, 0.6910684108734131]
[0.7502657341957092, 1.0, 0.07994344402197617, 0.07106083913064548, 0.07106083913064548, 0.875, 0.875, 0.583195319542518, 0.4983647228753624, 0.6821725421130151, 1.0, 1.0, 0.8645578168605973, 0.3668412646591884, 0.6029620170593262, 0.6560685634613037, 0.6910684108734131]
[0.7502657341957092, 1.0, 0.08300518278762925, 0.07378238470011489, 0.07378238470011489, 0.875, 0.875, 0.5301183553842398, 0.2197678011991817, 0.8156953034316403, 0.8156953034316403, 1.0, 1.0, 0.15288194866030033, 0.68296217918396, 0.6560685634613037, 0.6910684108734131]
[0.7502657341957092, 1.0, 0.0737787193607724, 0.06558108387624213, 0.06558108387624213, 0.875, 0.875, 0.6335914318378155, 0.5273343179475833, 0.3161871345271675, 0.3161871345271675, 1.0, 1.0, 0.3668412646591884, 0.6029622554779053, 0.6560685634613037, 0.6910684108734131]
[0.7502657341957092, 1.0, 0.07675394550398762, 0.06822572933687789, 0.06822572933687789, 0.875, 0.875, 0.5463770352877103, 0.45584486668862456, 0.44956472635165323, 0.44956472635165323, 1.0, 1.0, 0.3171094724790432, 0.6729621887207031, 0.6560685634613037, 0.6910684108734131]
[0.7502657341957092, 1.0, 0.08300518278762925, 0.07378238470011489, 0.07378238470011489, 0.875, 0.875, 0.3496404794546274, 0.2964146913158987, 0.674111286829259, 0.674111286829259, 1.0, 1.0, 0.20620152439366865, 0.5179622173309326, 0.6560685634613037, 0.6910684108734131]
[0.7502657341957092, 1.0, 0.07993481290705173, 0.07105316702849043, 0.07105316702849043, 0.875, 0.875, 0.57916259765625, 0.5428730946674476, 0.674111286829259, 0.674111286829259, 1.0, 1.0, 0.3668412646591884, 0.7529621124267578, 0.6560685634613037, 0.6910684108734131]
[0.7502657341957092, 1.0, 0.08002584788138001, 0.07113408700567111, 0.07113408700567111, 0.875, 0.875, 0.5688712780292218, 0.5295093583583329, 0.827672852270745, 0.827672852270745, 1.0, 1.0, 0.3668412646591884, 0.672961950302124, 0.6560685634613037, 0.6910684108734131]
[0.7502657341957092, 1.0, 0.08924784791137408, 0.07933142036566584, 0.07933142036566584, 0.875, 0.875, 0.6335914318378155, 0.5273343179475833, 0.2886874154456944, 0.2886874154456944, 1.0, 1.0, 0.3668412646591884, 0.7529621124267578, 0.6560685634613037, 0.6910684108734131]
[0.7502657341957092, 1.0, 0.0737763736023227, 0.06557899875762017, 0.06557899875762017, 0.875, 0.875, 0.6335914318378155, 0.5273343179475833, 0.3324111355015975, 0.3324111355015975, 1.0, 1.0, 0.3668412646591884, 0.5979619026184082, 0.6560685634613037, 0.6910684108734131]
[0.4108719396591186, 0.31047443235026695, 0.5506903181143283, 0.9192360249037619, 0.5407248933800558, 0.875, 0.875, 0.6335914318378155, 0.5273343179475833, 0.3029483945052231, 0.3029483945052231, 1.0, 1.0, 0.3668412646591884, 0.68296217918396, 0.6560685634613037, 0.6910684108734131]
[0.7502657341957092, 1.0, 0.08924784791137408, 0.07933142036566584, 0.07933142036566584, 0.875, 0.875, 0.6335914318378155, 0.5273343179475833, 0.2886874154456944, 0.2886874154456944, 1.0, 1.0, 0.3668412646591884, 0.6729621887207031, 0.6560685634613037, 0.6910684108734131]
[0.7502657341957092, 1.0, 0.0737787193607724, 0.06558108387624213, 0.06558108387624213, 0.875, 0.875, 0.41598085256723255, 0.5168181201093217, 0.9684861168934118, 1.0, 1.0, 0.7540667985043683, 0.3668412646591884, 0.6829619407653809, 0.6560685634613037, 0.6910684108734131]
[0.2608719635009765, 0.31047443235026695, 0.5506905550438344, 0.9195242651465847, 0.5407248933800558, 0.875, 0.875, 0.5463770352877103, 0.45584486668862456, 0.4357492211716165, 0.4357492211716165, 1.0, 1.0, 0.3171094724790432, 0.5179622173309326, 0.6560685634613037, 0.6910684108734131]
[0.4108719396591186, 0.31047443235026695, 0.5506903181143283, 0.9192360249037619, 0.5407248933800558, 0.875, 0.875, 0.3190577580378606, 0.306705679549506, 0.9584861168934118, 1.0, 1.0, 0.9257496322307981, 0.20092717989758221, 0.5979621410369873, 0.6560685634613037, 0.6910684108734131]
[0.7502657341957092, 1.0, 0.08002584788138001, 0.07113408700567111, 0.07113408700567111, 0.875, 0.875, 0.5124260829045222, 0.5027846529702555, 0.9584861168934118, 0.9584861168934118, 1.0, 1.0, 0.3668412646591884, 0.5979619026184082, 0.6560685634613037, 0.6910684108734131]
[0.7502657341957092, 1.0, 0.0737787193607724, 0.06558108387624213, 0.06558108387624213, 0.875, 0.875, 0.6335914318378155, 0.5273343179475833, 0.3161871345271675, 0.3161871345271675, 1.0, 1.0, 0.3668412646591884, 0.68296217918396, 0.6560685634613037, 0.6910684108734131]
[0.7502657341957092, 1.0, 0.07676459748596198, 0.06823519776529954, 0.06823519776529954, 0.875, 0.875, 0.5868549346923828, 0.5529035093555811, 0.7004781212110642, 0.7004781212110642, 1.0, 1.0, 0.3668412646591884, 0.5279624462127686, 0.6560685634613037, 0.6910684108734131]
[0.7502657341957092, 1.0, 0.08300518278762925, 0.07378238470011489, 0.07378238470011489, 0.875, 0.875, 0.5324261005108173, 0.508536018060337, 0.9684861168934118, 1.0, 1.0, 0.858309255143156, 0.3668412646591884, 0.5279624462127686, 0.6560685634613037, 0.6910684108734131]
[0.7502657341957092, 1.0, 0.0737763736023227, 0.06557899875762017, 0.06557899875762017, 0.875, 0.875, 0.46290382972130406, 0.1382487042829197, 0.9584861168934118, 0.9584861168934118, 1.0, 1.0, 0.09617301167507457, 0.7579622268676758, 0.6560685634613037, 0.6910684108734131]
[0.2608719635009765, 0.31047443235026695, 0.5506905550438344, 0.9195242651465847, 0.5407248933800558, 0.875, 0.875, 0.33887114891639125, 0.2888328211027744, 0.6893203652314212, 0.6893203652314212, 1.0, 1.0, 0.20092717989758221, 0.5179622173309326, 0.6560685634613037, 0.6910684108734131]
[0.7502657341957092, 1.0, 0.08301175321376997, 0.07378822507890664, 0.07378822507890664, 0.875, 0.875, 0.4855029766376202, 0.5105218307289459, 0.9584861168934118, 0.9584861168934118, 1.0, 1.0, 0.3668412646591884, 0.5179622173309326, 0.6560685634613037, 0.6910684108734131]
[0.7502657341957092, 1.0, 0.0830117460024371, 0.07378821866883298, 0.07378821866883298, 0.875, 0.875, 0.6335914318378155, 0.5273343179475833, 0.319371878396315, 0.319371878396315, 1.0, 1.0, 0.3668412646591884, 0.672961950302124, 0.6560685634613037, 0.6910684108734131]
[0.7502657341957092, 1.0, 0.08924809803878475, 0.079331642701142, 0.079331642701142, 0.875, 0.875, 0.615025153526893, 0.4890362759058442, 0.6821725421130151, 1.0, 1.0, 0.8649218979267047, 0.3668412646591884, 0.5979623794555664, 0.6560685634613037, 0.6910684108734131]
[0.6849250960350036, 0.21133713126573905, 0.5569423753013795, 0.9643016991370589, 0.5407248933800558, 0.875, 0.875, 0.5463770352877103, 0.45584486668862456, 0.4037514237886253, 0.4037514237886253, 1.0, 1.0, 0.3171094724790432, 0.7529623508453369, 0.6560685634613037, 0.6910684108734131]
[0.7502657341957092, 1.0, 0.0737787193607724, 0.06558108387624213, 0.06558108387624213, 0.875, 0.875, 0.5868549346923828, 0.5529035093555811, 0.6884829787793738, 0.6884829787793738, 1.0, 1.0, 0.3668412646591884, 0.44796204566955566, 0.6560685634613037, 0.6910684108734131]
[0.2608719635009765, 0.31047443235026695, 0.5506905550438344, 0.9195242651465847, 0.5407248933800558, 0.875, 0.875, 0.30184334975022536, 0.5083941591669462, 0.9684861168934118, 1.0, 1.0, 0.7546735744224419, 0.3668412646591884, 0.672961950302124, 0.6560685634613037, 0.6910684108734131]
[0.6849250960350036, 0.21133713126573905, 0.5569423753013795, 0.9643016991370589, 0.5407248933800558, 0.875, 0.875, 0.5463770352877103, 0.45584486668862456, 0.4037514237886253, 0.4037514237886253, 1.0, 1.0, 0.3171094724790432, 0.5179622173309326, 0.6560685634613037, 0.6910684108734131]
[0.5830313730239868, 0.834440469382227, 0.6797488032759286, 0.9166666666666666, 0.9893016991370589, 0.9821788230583823, 0.875, 0.6335914318378155, 0.5273343179475833, 0.31742800993142006, 0.31742800993142006, 1.0, 1.0, 0.3668412646591884, 0.672961950302124, 0.6560685634613037, 0.6910684108734131]
[0.7502657341957092, 1.0, 0.0737787193607724, 0.06558108387624213, 0.06558108387624213, 0.875, 0.875, 0.6335914318378155, 0.5273343179475833, 0.3161871345271675, 0.3161871345271675, 1.0, 1.0, 0.3668412646591884, 0.7579622268676758, 0.6560685634613037, 0.6910684108734131]
[0.6849250960350036, 0.21133713126573905, 0.5569423753013795, 0.9643016991370589, 0.5407248933800558, 0.875, 0.875, 0.36675013028658354, 0.48917637682475923, 0.9684861168934118, 1.0, 1.0, 0.7407614886037501, 0.3668412646591884, 0.44796204566955566, 0.6560685634613037, 0.6910684108734131]
[0.7502657341957092, 1.0, 0.07993481290705173, 0.07105316702849043, 0.07105316702849043, 0.875, 0.875, 0.6335914318378155, 0.5273343179475833, 0.30545915972901794, 0.30545915972901794, 1.0, 1.0, 0.3668412646591884, 0.6729621887207031, 0.6560685634613037, 0.6910684108734131]
[0.7502657341957092, 1.0, 0.0737787193607724, 0.06558108387624213, 0.06558108387624213, 0.875, 0.875, 0.5868549346923828, 0.5529035093555811, 0.6884829787793738, 0.6884829787793738, 1.0, 1.0, 0.3668412646591884, 0.5279624462127686, 0.6560685634613037, 0.6910684108734131]
[0.4108719396591186, 0.31047443235026695, 0.5506903181143283, 0.9192360249037619, 0.5407248933800558, 0.875, 0.875, 0.4913654327392578, 0.50729154550352, 0.8156953034316403, 1.0, 1.0, 0.8133949557238814, 0.3668412646591884, 0.6729621887207031, 0.6560685634613037, 0.6910684108734131]
[0.6849250960350036, 0.21133713126573905, 0.5569423753013795, 0.9643016991370589, 0.5407248933800558, 0.875, 0.875, 0.6335914318378155, 0.5273343179475833, 0.2724481993084419, 0.2724481993084419, 1.0, 1.0, 0.3668412646591884, 0.672961950302124, 0.6560685634613037, 0.6910684108734131]
[0.7502657341957092, 1.0, 0.07993481290705173, 0.07105316702849043, 0.07105316702849043, 0.875, 0.875, 0.6335914318378155, 0.5273343179475833, 0.30545915972901794, 0.30545915972901794, 1.0, 1.0, 0.3668412646591884, 0.5179622173309326, 0.6560685634613037, 0.6910684108734131]
[0.7502657341957092, 1.0, 0.07993481290705173, 0.07105316702849043, 0.07105316702849043, 0.875, 0.875, 0.426085692185622, 0.3603256887836406, 0.5565475623989385, 0.5565475623989385, 1.0, 1.0, 0.2506613487190543, 0.6029622554779053, 0.6560685634613037, 0.6910684108734131]
[0.2608719635009765, 0.31047443235026695, 0.5506905550438344, 0.9195242651465847, 0.5407248933800558, 0.875, 0.875, 0.6142559051513672, 0.5390377291452139, 0.8156953034316403, 0.8156953034316403, 1.0, 1.0, 0.3668412646591884, 0.7579622268676758, 0.6560685634613037, 0.6910684108734131]
[0.7502657341957092, 1.0, 0.07676459748596198, 0.06823519776529954, 0.06823519776529954, 0.875, 0.875, 0.6335914318378155, 0.5273343179475833, 0.33164736485755214, 0.33164736485755214, 1.0, 1.0, 0.3668412646591884, 0.68296217918396, 0.6560685634613037, 0.6910684108734131]
[0.7502657341957092, 1.0, 0.08301172592210404, 0.07378820081964804, 0.07378820081964804, 0.875, 0.875, 0.4390577169565054, 0.5071132220135096, 0.8165116830620548, 1.0, 1.0, 0.81939387197422, 0.3668412646591884, 0.8279621601104736, 0.6560685634613037, 0.6910684108734131]
[0.7502657341957092, 1.0, 0.08301174684782109, 0.0737882194202854, 0.0737882194202854, 0.875, 0.875, 0.44982704749474156, 0.12783884852899985, 0.9584861168934118, 0.9584861168934118, 1.0, 1.0, 0.08893137288973903, 0.672961950302124, 0.6560685634613037, 0.6910684108734131]
[0.7502657341957092, 1.0, 0.08301175321376997, 0.07378822507890664, 0.07378822507890664, 0.875, 0.875, 0.6335914318378155, 0.5273343179475833, 0.3026857878259361, 0.3026857878259361, 1.0, 1.0, 0.3668412646591884, 0.6029620170593262, 0.6560685634613037, 0.6910684108734131]
[0.7502657341957092, 1.0, 0.0737763736023227, 0.06557899875762017, 0.06557899875762017, 0.875, 0.875, 0.5333001063420222, 0.4466964629240987, 0.4475400468404994, 0.4475400468404994, 1.0, 1.0, 0.3107453655124165, 0.44796204566955566, 0.6560685634613037, 0.6910684108734131]
[0.7502657341957092, 1.0, 0.0737787193607724, 0.06558108387624213, 0.06558108387624213, 0.875, 0.875, 0.6335914318378155, 0.5273343179475833, 0.3161871345271675, 0.3161871345271675, 1.0, 1.0, 0.3668412646591884, 0.68296217918396, 0.6560685634613037, 0.6910684108734131]
[0.6849250960350036, 0.21133713126573905, 0.5569423753013795, 0.9643016991370589, 0.5407248933800558, 0.875, 0.875, 0.47473379281850964, 0.5029337777122456, 0.9584861168934118, 0.9584861168934118, 1.0, 1.0, 0.3668412646591884, 0.6029622554779053, 0.6560685634613037, 0.6910684108734131]
[0.7502657341957092, 1.0, 0.08300518278762925, 0.07378238470011489, 0.07378238470011489, 0.875, 0.875, 0.6335914318378155, 0.5273343179475833, 0.3046999819021282, 0.3046999819021282, 1.0, 1.0, 0.3668412646591884, 0.5279624462127686, 0.6560685634613037, 0.6910684108734131]
[0.7502657341957092, 1.0, 0.0830002154717081, 0.07377796930818498, 0.07377796930818498, 0.875, 0.875, 0.5262722602257361, 0.4340047015092523, 0.8165116830620548, 1.0, 1.0, 0.8649218979267047, 0.3107453655124165, 0.5279624462127686, 0.6560685634613037, 0.6910684108734131]
[0.7502657341957092, 1.0, 0.0737787193607724, 0.06558108387624213, 0.06558108387624213, 0.875, 0.875, 0.6335914318378155, 0.5273343179475833, 0.3161871345271675, 0.3161871345271675, 1.0, 1.0, 0.3668412646591884, 0.68296217918396, 0.6560685634613037, 0.6910684108734131]
[0.7502657341957092, 1.0, 0.08301175321376997, 0.07378822507890664, 0.07378822507890664, 0.875, 0.875, 0.6335914318378155, 0.5273343179475833, 0.3026857878259361, 0.3026857878259361, 1.0, 1.0, 0.3668412646591884, 0.5279619693756104, 0.6560685634613037, 0.6910684108734131]
[0.7502657341957092, 1.0, 0.07993481290705173, 0.07105316702849043, 0.07105316702849043, 0.875, 0.875, 0.40213467524601865, 0.49848015988981853, 0.8165116830620548, 1.0, 1.0, 0.8071945923473646, 0.3668412646591884, 0.5179622173309326, 0.6560685634613037, 0.6910684108734131]
[0.7502657341957092, 1.0, 0.0737763736023227, 0.06557899875762017, 0.06557899875762017, 0.875, 0.875, 0.6335914318378155, 0.5273343179475833, 0.3324111355015975, 0.3324111355015975, 1.0, 1.0, 0.3668412646591884, 0.5279619693756104, 0.6560685634613037, 0.6910684108734131]
[0.4108719396591186, 0.31047443235026695, 0.5506903181143283, 0.9192360249037619, 0.5407248933800558, 0.875, 0.875, 0.04722800621619591, 0.05132396158534025, 1.0, 1.0, 1.0, 0.035703625450671475, 0.035703625450671475, 0.5979621410369873, 0.6560685634613037, 0.6910684108734131]
[0.7502657341957092, 1.0, 0.07994344402197617, 0.07106083913064548, 0.07106083913064548, 0.875, 0.875, 0.6335914318378155, 0.5273343179475833, 0.2886681983453186, 0.2886681983453186, 1.0, 1.0, 0.3668412646591884, 0.672961950302124, 0.6560685634613037, 0.6910684108734131]
[0.7502657341957092, 1.0, 0.08300084862559054, 0.07377853211163604, 0.07377853211163604, 0.875, 0.875, 0.6335914318378155, 0.5273343179475833, 0.3195837300591314, 0.3195837300591314, 1.0, 1.0, 0.3668412646591884, 0.5279619693756104, 0.6560685634613037, 0.6910684108734131]
[0.7502657341957092, 1.0, 0.08300084862559054, 0.07377853211163604, 0.07377853211163604, 0.875, 0.875, 0.44982704749474156, 0.12892744943002232, 0.9584861168934118, 0.9584861168934118, 1.0, 1.0, 0.08968866047305901, 0.5979621410369873, 0.6560685634613037, 0.6910684108734131]
[0.7502657341957092, 1.0, 0.0830117460024371, 0.07378821866883298, 0.07378821866883298, 0.875, 0.875, 0.6335914318378155, 0.5273343179475833, 0.319371878396315, 0.319371878396315, 1.0, 1.0, 0.3668412646591884, 0.68296217918396, 0.6560685634613037, 0.6910684108734131]
[0.7502657341957092, 1.0, 0.07676459748596198, 0.06823519776529954, 0.06823519776529954, 0.875, 0.875, 0.561178940993089, 0.5488654274742732, 0.8292241541308357, 0.8292241541308357, 1.0, 1.0, 0.3668412646591884, 0.6029620170593262, 0.6560685634613037, 0.6910684108734131]
[0.7502657341957092, 1.0, 0.0737787193607724, 0.06558108387624213, 0.06558108387624213, 0.875, 0.875, 0.6335914318378155, 0.5273343179475833, 0.3161871345271675, 0.3161871345271675, 1.0, 1.0, 0.3668412646591884, 0.68296217918396, 0.6560685634613037, 0.6910684108734131]
[0.7502657341957092, 1.0, 0.08002584788138001, 0.07113408700567111, 0.07113408700567111, 0.875, 0.875, 0.5155029296875, 0.49744345400304946, 0.8165116830620548, 1.0, 1.0, 0.8138012742882768, 0.3668412646591884, 0.7579619884490967, 0.6560685634613037, 0.6910684108734131]
[0.7502657341957092, 1.0, 0.08301174684782109, 0.0737882194202854, 0.0737882194202854, 0.875, 0.875, 0.6296404325045072, 0.2886988740637584, 0.7004781212110642, 0.7004781212110642, 1.0, 1.0, 0.20083399934870147, 0.6029620170593262, 0.6560685634613037, 0.6910684108734131]
[0.7502657341957092, 1.0, 0.08002584788138001, 0.07113408700567111, 0.07113408700567111, 0.875, 0.875, 0.1313652625450721, 0.12010360625220606, 0.9584861168934118, 0.9584861168934118, 1.0, 1.0, 0.08355033478414335, 0.5279619693756104, 0.6560685634613037, 0.6910684108734131]
[0.7502657341957092, 1.0, 0.0830002154717081, 0.07377796930818498, 0.07377796930818498, 0.875, 0.875, 0.6335914318378155, 0.5273343179475833, 0.3176346640644133, 0.3176346640644133, 1.0, 1.0, 0.3668412646591884, 0.7579622268676758, 0.6560685634613037, 0.6910684108734131]
[0.7502657341957092, 1.0, 0.07676459748596198, 0.06823519776529954, 0.06823519776529954, 0.875, 0.875, 0.6335914318378155, 0.5273343179475833, 0.33164736485755214, 0.33164736485755214, 1.0, 1.0, 0.3668412646591884, 0.4429619312286377, 0.6560685634613037, 0.6910684108734131]
[0.5830313730239868, 0.834440469382227, 0.6797488032759286, 0.9166666666666666, 0.9893016991370589, 0.9821788230583823, 0.875, 0.5405961550199069, 0.5073055305698482, 0.9584861168934118, 1.0, 1.0, 0.9257496322307981, 0.3668412646591884, 0.8279621601104736, 0.6560685634613037, 0.6910684108734131]
[0.6849250960350036, 0.21133713126573905, 0.5569423753013795, 0.9643016991370589, 0.5407248933800558, 0.875, 0.875, 0.6335914318378155, 0.5273343179475833, 0.2724481993084419, 0.2724481993084419, 1.0, 1.0, 0.3668412646591884, 0.5279624462127686, 0.6560685634613037, 0.6910684108734131]
[0.7502657341957092, 1.0, 0.0830117460024371, 0.07378821866883298, 0.07378821866883298, 0.875, 0.875, 0.5333001063420222, 0.4466964629240987, 0.448068262649387, 0.448068262649387, 1.0, 1.0, 0.3107453655124165, 0.6029622554779053, 0.6560685634613037, 0.6910684108734131]
[0.7502657341957092, 1.0, 0.07994344402197617, 0.07106083913064548, 0.07106083913064548, 0.875, 0.875, 0.6335914318378155, 0.5273343179475833, 0.2886681983453186, 0.2886681983453186, 1.0, 1.0, 0.3668412646591884, 0.5979621410369873, 0.6560685634613037, 0.6910684108734131]
[0.7502657341957092, 1.0, 0.0737763736023227, 0.06557899875762017, 0.06557899875762017, 0.875, 0.875, 0.3370414147010216, 0.2686612725841109, 0.9584861168934118, 0.9584861168934118, 1.0, 1.0, 0.20608640448551688, 0.68296217918396, 0.6560685634613037, 0.6910684108734131]
[0.6849250960350036, 0.21133713126573905, 0.5569423753013795, 0.9643016991370589, 0.5407248933800558, 0.875, 0.875, 0.6076242006742038, 0.5442145383616604, 0.674111286829259, 0.674111286829259, 1.0, 1.0, 0.3668412646591884, 0.6029622554779053, 0.6560685634613037, 0.6910684108734131]
[0.7502657341957092, 1.0, 0.0737787193607724, 0.06558108387624213, 0.06558108387624213, 0.875, 0.875, 0.48059624892014724, 0.4435315833145146, 0.8156953034316403, 1.0, 1.0, 0.8645578168605973, 0.3171094724790432, 0.5979621410369873, 0.6560685634613037, 0.6910684108734131]
[0.6849250960350036, 0.21133713126573905, 0.5569423753013795, 0.9643016991370589, 0.5407248933800558, 0.875, 0.875, 0.47473379281850964, 0.5029337777122456, 0.9584861168934118, 0.9584861168934118, 1.0, 1.0, 0.3668412646591884, 0.5179622173309326, 0.6560685634613037, 0.6910684108734131]
[0.7502657341957092, 1.0, 0.0830002154717081, 0.07377796930818498, 0.07377796930818498, 0.875, 0.875, 0.43839337275578427, 0.3691358772072306, 0.5708083981649275, 0.5708083981649275, 1.0, 1.0, 0.25679017544850824, 0.68296217918396, 0.6560685634613037, 0.6910684108734131]
[0.2608719635009765, 0.31047443235026695, 0.5506905550438344, 0.9195242651465847, 0.5407248933800558, 0.875, 0.875, 0.5455028827373798, 0.5083941591669462, 0.8156953034316403, 1.0, 1.0, 0.8139616321335873, 0.3668412646591884, 0.68296217918396, 0.6560685634613037, 0.6910684108734131]
[0.7502657341957092, 1.0, 0.07994344402197617, 0.07106083913064548, 0.07106083913064548, 0.875, 0.875, 0.6335914318378155, 0.5273343179475833, 0.2886681983453186, 0.2886681983453186, 1.0, 1.0, 0.3668412646591884, 0.7579622268676758, 0.6560685634613037, 0.6910684108734131]
[0.7502657341957092, 1.0, 0.08924784791137408, 0.07933142036566584, 0.07933142036566584, 0.875, 0.875, 0.4152116041917067, 0.48793207706064123, 0.8165116830620548, 1.0, 1.0, 0.808055037882596, 0.3668412646591884, 0.6729621887207031, 0.6560685634613037, 0.6910684108734131]
[0.7502657341957092, 1.0, 0.08300084862559054, 0.07377853211163604, 0.07377853211163604, 0.875, 0.875, 0.3190577580378606, 0.30670277592381145, 0.9584861168934118, 1.0, 1.0, 0.9257496322307981, 0.19999400177470011, 0.68296217918396, 0.6560685634613037, 0.6910684108734131]
[0.7502657341957092, 1.0, 0.07994344402197617, 0.07106083913064548, 0.07106083913064548, 0.875, 0.875, 0.44982704749474156, 0.12784078690439937, 0.9584861168934118, 0.9584861168934118, 1.0, 1.0, 0.08893272132479957, 0.5979621410369873, 0.6560685634613037, 0.6910684108734131]
[0.7502657341957092, 1.0, 0.0737763736023227, 0.06557899875762017, 0.06557899875762017, 0.875, 0.875, 0.5911788940429688, 0.5399212886670096, 0.827672852270745, 0.827672852270745, 1.0, 1.0, 0.3668412646591884, 0.5979621410369873, 0.6560685634613037, 0.6910684108734131]
[0.7502657341957092, 1.0, 0.08300518278762925, 0.07378238470011489, 0.07378238470011489, 0.875, 0.875, 0.6335914318378155, 0.5273343179475833, 0.3046999819021282, 0.3046999819021282, 1.0, 1.0, 0.3668412646591884, 0.68296217918396, 0.6560685634613037, 0.6910684108734131]
[0.7502657341957092, 1.0, 0.0830002154717081, 0.07377796930818498, 0.07377796930818498, 0.875, 0.875, 0.04722800621619591, 0.05132365450523979, 1.0, 1.0, 1.0, 0.03570341182973203, 0.03570341182973203, 0.68296217918396, 0.6560685634613037, 0.6910684108734131]
[0.7502657341957092, 1.0, 0.07993481290705173, 0.07105316702849043, 0.07105316702849043, 0.875, 0.875, 0.610409663273738, 0.49848015988981853, 0.6979667258492566, 1.0, 1.0, 0.858309255143156, 0.3668412646591884, 0.6029620170593262, 0.6560685634613037, 0.6910684108734131]
[0.7502657341957092, 1.0, 0.08300518278762925, 0.07378238470011489, 0.07378238470011489, 0.875, 0.875, 0.6335914318378155, 0.5273343179475833, 0.3046999819021282, 0.3046999819021282, 1.0, 1.0, 0.3668412646591884, 0.6029620170593262, 0.6560685634613037, 0.6910684108734131]
[0.7502657341957092, 1.0, 0.07993481290705173, 0.07105316702849043, 0.07105316702849043, 0.875, 0.875, 0.6250250889704778, 0.6656637164494058, 0.8165116830620548, 0.9584861168934118, 1.0, 1.0, 0.44549648820935533, 0.5979621410369873, 0.6560685634613037, 0.6910684108734131]
[0.4108719396591186, 0.31047443235026695, 0.5506903181143283, 0.9192360249037619, 0.5407248933800558, 0.875, 0.875, 0.6335914318378155, 0.5273343179475833, 0.3029483945052231, 0.3029483945052231, 1.0, 1.0, 0.3668412646591884, 0.7579622268676758, 0.6560685634613037, 0.6910684108734131]
[0.4108719396591186, 0.31047443235026695, 0.5506903181143283, 0.9192360249037619, 0.5407248933800558, 0.875, 0.875, 0.6335914318378155, 0.5273343179475833, 0.3029483945052231, 0.3029483945052231, 1.0, 1.0, 0.3668412646591884, 0.5179622173309326, 0.6560685634613037, 0.6910684108734131]
[0.7502657341957092, 1.0, 0.08002584788138001, 0.07113408700567111, 0.07113408700567111, 0.875, 0.875, 0.6335914318378155, 0.5273343179475833, 0.3040802028086046, 0.3040802028086046, 1.0, 1.0, 0.3668412646591884, 0.6729621887207031, 0.6560685634613037, 0.6910684108734131]
[0.7502657341957092, 1.0, 0.08300084862559054, 0.07377853211163604, 0.07377853211163604, 0.875, 0.875, 0.5207010415884165, 0.41790394581596724, 0.6893203652314212, 0.6893203652314212, 1.0, 1.0, 0.3107453655124165, 0.6029622554779053, 0.6560685634613037, 0.6910684108734131]
[0.7502657341957092, 1.0, 0.08301175321376997, 0.07378822507890664, 0.07378822507890664, 0.875, 0.875, 0.6296404325045072, 0.2888328211027744, 0.7004781212110642, 0.7004781212110642, 1.0, 1.0, 0.20092717989758221, 0.5279619693756104, 0.6560685634613037, 0.6910684108734131]
[0.6849250960350036, 0.21133713126573905, 0.5569423753013795, 0.9643016991370589, 0.5407248933800558, 0.875, 0.875, 0.6335914318378155, 0.5273343179475833, 0.2724481993084419, 0.2724481993084419, 1.0, 1.0, 0.3668412646591884, 0.6029622554779053, 0.6560685634613037, 0.6910684108734131]
[0.7502657341957092, 1.0, 0.0737763736023227, 0.06557899875762017, 0.06557899875762017, 0.875, 0.875, 0.6335914318378155, 0.5273343179475833, 0.3324111355015975, 0.3324111355015975, 1.0, 1.0, 0.3668412646591884, 0.6029620170593262, 0.6560685634613037, 0.6910684108734131]
[0.7502657341957092, 1.0, 0.07993481290705173, 0.07105316702849043, 0.07105316702849043, 0.875, 0.875, 0.426085692185622, 0.3603256887836406, 0.5565475623989385, 0.5565475623989385, 1.0, 1.0, 0.2506613487190543, 0.5279619693756104, 0.6560685634613037, 0.6910684108734131]
[0.7502657341957092, 1.0, 0.08924809803878475, 0.079331642701142, 0.079331642701142, 0.875, 0.875, 0.6335914318378155, 0.5273343179475833, 0.2906332575176549, 0.2906332575176549, 1.0, 1.0, 0.3668412646591884, 0.672961950302124, 0.6560685634613037, 0.6910684108734131]
[0.7502657341957092, 1.0, 0.08301175321376997, 0.07378822507890664, 0.07378822507890664, 0.875, 0.875, 0.6335914318378155, 0.5273343179475833, 0.3026857878259361, 0.3026857878259361, 1.0, 1.0, 0.3668412646591884, 0.68296217918396, 0.6560685634613037, 0.6910684108734131]
[0.2608719635009765, 0.31047443235026695, 0.5506905550438344, 0.9195242651465847, 0.5407248933800558, 0.875, 0.875, 0.6335914318378155, 0.5273343179475833, 0.30467784669071546, 0.30467784669071546, 1.0, 1.0, 0.3668412646591884, 0.5979621410369873, 0.6560685634613037, 0.6910684108734131]
[0.7502657341957092, 1.0, 0.0737787193607724, 0.06558108387624213, 0.06558108387624213, 0.875, 0.875, 0.529349107008714, 0.5168181201093217, 0.6954092275805561, 1.0, 1.0, 0.8645578168605973, 0.3668412646591884, 0.5179622173309326, 0.6560685634613037, 0.6910684108734131]
[0.5830313730239868, 0.834440469382227, 0.6797488032759286, 0.9166666666666666, 0.9893016991370589, 0.9821788230583823, 0.875, 0.4536731426532452, 0.5073055305698482, 0.8292241541308357, 1.0, 1.0, 0.808055037882596, 0.3668412646591884, 0.5979621410369873, 0.6560685634613037, 0.6910684108734131]
[0.7502657341957092, 1.0, 0.08300518278762925, 0.07378238470011489, 0.07378238470011489, 0.875, 0.875, 0.3905962430513822, 0.508536018060337, 0.9684861168934118, 1.0, 1.0, 0.7540173997865792, 0.3668412646591884, 0.6029620170593262, 0.6560685634613037, 0.6910684108734131]
[0.7502657341957092, 1.0, 0.07676459748596198, 0.06823519776529954, 0.06823519776529954, 0.875, 0.875, 0.576563468346229, 0.5488654274742732, 0.8292241541308357, 0.8292241541308357, 1.0, 1.0, 0.3668412646591884, 0.5279619693756104, 0.6560685634613037, 0.6910684108734131]
[0.4108719396591186, 0.31047443235026695, 0.5506903181143283, 0.9192360249037619, 0.5407248933800558, 0.875, 0.875, 0.6335914318378155, 0.5273343179475833, 0.3029483945052231, 0.3029483945052231, 1.0, 1.0, 0.3668412646591884, 0.44796204566955566, 0.6560685634613037, 0.6910684108734131]
[0.7502657341957092, 1.0, 0.0737787193607724, 0.06558108387624213, 0.06558108387624213, 0.875, 0.875, 0.4499318049504207, 0.3784785286718242, 0.5717429308630366, 0.5717429308630366, 1.0, 1.0, 0.26328941124996463, 0.6729621887207031, 0.6560685634613037, 0.6910684108734131]
[0.4108719396591186, 0.31047443235026695, 0.5506903181143283, 0.9192360249037619, 0.5407248933800558, 0.875, 0.875, 0.6335914318378155, 0.5273343179475833, 0.3029483945052231, 0.3029483945052231, 1.0, 1.0, 0.3668412646591884, 0.7579622268676758, 0.6560685634613037, 0.6910684108734131]
[0.7502657341957092, 1.0, 0.0737787193607724, 0.06558108387624213, 0.06558108387624213, 0.875, 0.875, 0.2547337458683894, 0.21991894627067432, 0.827672852270745, 0.827672852270745, 1.0, 1.0, 0.1529870930578604, 0.6729621887207031, 0.6560685634613037, 0.6910684108734131]
[0.7502657341957092, 1.0, 0.0737763736023227, 0.06557899875762017, 0.06557899875762017, 0.875, 0.875, 0.43839337275578427, 0.3691358772072306, 0.5731814548561507, 0.5731814548561507, 1.0, 1.0, 0.25679017544850824, 0.68296217918396, 0.6560685634613037, 0.6910684108734131]
[0.7502657341957092, 1.0, 0.0737787193607724, 0.06558108387624213, 0.06558108387624213, 0.875, 0.875, 0.6335914318378155, 0.5273343179475833, 0.3161871345271675, 0.3161871345271675, 1.0, 1.0, 0.3668412646591884, 0.68296217918396, 0.6560685634613037, 0.6910684108734131]
[0.7502657341957092, 1.0, 0.08301175321376997, 0.07378822507890664, 0.07378822507890664, 0.875, 0.875, 0.6335914318378155, 0.5273343179475833, 0.3026857878259361, 0.3026857878259361, 1.0, 1.0, 0.3668412646591884, 0.672961950302124, 0.6560685634613037, 0.6910684108734131]
[0.7502657341957092, 1.0, 0.0737787193607724, 0.06558108387624213, 0.06558108387624213, 0.875, 0.875, 0.46290382972130406, 0.1394762638489977, 0.9584861168934118, 0.9584861168934118, 1.0, 1.0, 0.09702696615582448, 0.6029622554779053, 0.6560685634613037, 0.6910684108734131]
[0.7502657341957092, 1.0, 0.08301172592210404, 0.07378820081964804, 0.07378820081964804, 0.875, 0.875, 0.23136549729567307, 0.38009210100870816, 0.9684861168934118, 1.0, 1.0, 0.8697730961787237, 0.2506613487190543, 0.68296217918396, 0.6560685634613037, 0.6910684108734131]
[0.7502657341957092, 1.0, 0.07676459748596198, 0.06823519776529954, 0.06823519776529954, 0.875, 0.875, 0.6335914318378155, 0.5273343179475833, 0.33164736485755214, 0.33164736485755214, 1.0, 1.0, 0.3668412646591884, 0.672961950302124, 0.6560685634613037, 0.6910684108734131]
[0.7502657341957092, 1.0, 0.08300084862559054, 0.07377853211163604, 0.07377853211163604, 0.875, 0.875, 0.5804097102238581, 0.5388597902120119, 0.8292241541308357, 0.8292241541308357, 1.0, 1.0, 0.3668412646591884, 0.7579619884490967, 0.6560685634613037, 0.6910684108734131]
[0.7502657341957092, 1.0, 0.0830002154717081, 0.07377796930818498, 0.07377796930818498, 0.875, 0.875, 0.5857943021334134, 0.5390203567780852, 0.8292241541308357, 0.8292241541308357, 1.0, 1.0, 0.3668412646591884, 0.672961950302124, 0.6560685634613037, 0.6910684108734131]
[0.2608719635009765, 0.31047443235026695, 0.5506905550438344, 0.9195242651465847, 0.5407248933800558, 0.875, 0.875, 0.2767501244178185, 0.38137305883756767, 0.9684861168934118, 1.0, 1.0, 0.8649218979267047, 0.2575574172059331, 0.5979621410369873, 0.6560685634613037, 0.6910684108734131]
[0.6849250960350036, 0.21133713126573905, 0.5569423753013795, 0.9643016991370589, 0.5407248933800558, 0.875, 0.875, 0.6335914318378155, 0.5273343179475833, 0.2724481993084419, 0.2724481993084419, 1.0, 1.0, 0.3668412646591884, 0.68296217918396, 0.6560685634613037, 0.6910684108734131]
[0.7502657341957092, 1.0, 0.08300084862559054, 0.07377853211163604, 0.07377853211163604, 0.875, 0.875, 0.6335914318378155, 0.5273343179475833, 0.3195837300591314, 0.3195837300591314, 1.0, 1.0, 0.3668412646591884, 0.6729621887207031, 0.6560685634613037, 0.6910684108734131]
[0.7502657341957092, 1.0, 0.0737763736023227, 0.06557899875762017, 0.06557899875762017, 0.875, 0.875, 0.5333001063420222, 0.4466964629240987, 0.4475400468404994, 0.4475400468404994, 1.0, 1.0, 0.3107453655124165, 0.68296217918396, 0.6560685634613037, 0.6910684108734131]
[0.7502657341957092, 1.0, 0.0737787193607724, 0.06558108387624213, 0.06558108387624213, 0.875, 0.875, 0.5124260829045222, 0.5221573063437555, 0.9584861168934118, 0.9584861168934118, 1.0, 1.0, 0.3668412646591884, 0.5279619693756104, 0.6560685634613037, 0.6910684108734131]
[0.7502657341957092, 1.0, 0.08301175321376997, 0.07378822507890664, 0.07378822507890664, 0.875, 0.875, 0.6335914318378155, 0.5273343179475833, 0.3026857878259361, 0.3026857878259361, 1.0, 1.0, 0.3668412646591884, 0.7529621124267578, 0.6560685634613037, 0.6910684108734131]
[0.7502657341957092, 1.0, 0.08301172592210404, 0.07378820081964804, 0.07378820081964804, 0.875, 0.875, 0.6335914318378155, 0.5273343179475833, 0.3195089133773779, 0.3195089133773779, 1.0, 1.0, 0.3668412646591884, 0.7529623508453369, 0.6560685634613037, 0.6910684108734131]
[0.7502657341957092, 1.0, 0.08301175321376997, 0.07378822507890664, 0.07378822507890664, 0.875, 0.875, 0.49964053814227766, 0.5307535347774798, 0.8292241541308357, 0.8292241541308357, 1.0, 1.0, 0.3668412646591884, 0.5279624462127686, 0.6560685634613037, 0.6910684108734131]
[0.7502657341957092, 1.0, 0.08924784791137408, 0.07933142036566584, 0.07933142036566584, 0.875, 0.875, 0.4259807880108173, 0.10969104898600168, 0.9584861168934118, 0.9584861168934118, 1.0, 1.0, 0.07630681668591421, 0.5179619789123535, 0.6560685634613037, 0.6910684108734131]
[0.7502657341957092, 1.0, 0.0737763736023227, 0.06557899875762017, 0.06557899875762017, 0.875, 0.875, 0.5333001063420222, 0.4466964629240987, 0.4475400468404994, 0.4475400468404994, 1.0, 1.0, 0.3107453655124165, 0.5279624462127686, 0.6560685634613037, 0.6910684108734131]
[0.7502657341957092, 1.0, 0.07994344402197617, 0.07106083913064548, 0.07106083913064548, 0.875, 0.875, 0.6076242006742038, 0.5442145383616604, 0.6884829787793738, 0.6884829787793738, 1.0, 1.0, 0.3668412646591884, 0.68296217918396, 0.6560685634613037, 0.6910684108734131]
[0.7502657341957092, 1.0, 0.0737787193607724, 0.06558108387624213, 0.06558108387624213, 0.875, 0.875, 0.6335914318378155, 0.5273343179475833, 0.3161871345271675, 0.3161871345271675, 1.0, 1.0, 0.3668412646591884, 0.7579622268676758, 0.6560685634613037, 0.6910684108734131]
[0.4108719396591186, 0.31047443235026695, 0.5506903181143283, 0.9192360249037619, 0.5407248933800558, 0.875, 0.875, 0.44521155724158656, 0.4340050056323179, 0.9584861168934118, 1.0, 1.0, 0.8133949557238814, 0.3171094724790432, 0.7529623508453369, 0.6560685634613037, 0.6910684108734131]
[0.7502657341957092, 1.0, 0.08300084862559054, 0.07377853211163604, 0.07377853211163604, 0.875, 0.875, 0.426085692185622, 0.3603256887836406, 0.5708083981649275, 0.5708083981649275, 1.0, 1.0, 0.2506613487190543, 0.6029622554779053, 0.6560685634613037, 0.6910684108734131]
[0.7502657341957092, 1.0, 0.08300518278762925, 0.07378238470011489, 0.07378238470011489, 0.875, 0.875, 0.46290382972130406, 0.13945750696077486, 0.9584861168934118, 0.9584861168934118, 1.0, 1.0, 0.09701391788575642, 0.6029622554779053, 0.6560685634613037, 0.6910684108734131]
[0.7502657341957092, 1.0, 0.07993481290705173, 0.07105316702849043, 0.07105316702849043, 0.875, 0.875, 0.5333001063420222, 0.4466964629240987, 0.4339229510698802, 0.4339229510698802, 1.0, 1.0, 0.3107453655124165, 0.68296217918396, 0.6560685634613037, 0.6910684108734131]
[0.4108719396591186, 0.31047443235026695, 0.5506903181143283, 0.9192360249037619, 0.5407248933800558, 0.875, 0.875, 0.5111789703369141, 0.5390377291452139, 0.8292241541308357, 0.8292241541308357, 1.0, 1.0, 0.3668412646591884, 0.7579619884490967, 0.6560685634613037, 0.6910684108734131]
[0.2608719635009765, 0.31047443235026695, 0.5506905550438344, 0.9195242651465847, 0.5407248933800558, 0.875, 0.875, 0.5178106748140775, 0.2100912466765228, 0.8156953034316403, 0.8156953034316403, 1.0, 1.0, 0.14615043247062456, 0.6029622554779053, 0.6560685634613037, 0.6910684108734131]
[0.7502657341957092, 1.0, 0.08301174684782109, 0.0737882194202854, 0.0737882194202854, 0.875, 0.875, 0.6335914318378155, 0.5273343179475833, 0.3174124554491945, 0.3174124554491945, 1.0, 1.0, 0.3668412646591884, 0.6729621887207031, 0.6560685634613037, 0.6910684108734131]
[0.7502657341957092, 1.0, 0.08924809803878475, 0.079331642701142, 0.079331642701142, 0.875, 0.875, 0.6335914318378155, 0.5273343179475833, 0.2906332575176549, 0.2906332575176549, 1.0, 1.0, 0.3668412646591884, 0.68296217918396, 0.6560685634613037, 0.6910684108734131]
[0.7502657341957092, 1.0, 0.07994344402197617, 0.07106083913064548, 0.07106083913064548, 0.875, 0.875, 0.43839337275578427, 0.3702387872335289, 0.5583143638373944, 0.5583143638373944, 1.0, 1.0, 0.2575574172059331, 0.5979621410369873, 0.6560685634613037, 0.6910684108734131]
[0.4108719396591186, 0.31047443235026695, 0.5506903181143283, 0.9192360249037619, 0.5407248933800558, 0.875, 0.875, 0.4855029766376202, 0.5116302078871711, 0.9584861168934118, 0.9584861168934118, 1.0, 1.0, 0.3668412646591884, 0.6029622554779053, 0.6560685634613037, 0.6910684108734131]
[0.7502657341957092, 1.0, 0.07993481290705173, 0.07105316702849043, 0.07105316702849043, 0.875, 0.875, 0.5333001063420222, 0.4466964629240987, 0.4339229510698802, 0.4339229510698802, 1.0, 1.0, 0.3107453655124165, 0.7579622268676758, 0.6560685634613037, 0.6910684108734131]
[0.7502657341957092, 1.0, 0.0830117460024371, 0.07378821866883298, 0.07378821866883298, 0.875, 0.875, 0.426085692185622, 0.3603256887836406, 0.5721076907739727, 0.5721076907739727, 1.0, 1.0, 0.2506613487190543, 0.5279619693756104, 0.6560685634613037, 0.6910684108734131]
[0.7502657341957092, 1.0, 0.08002584788138001, 0.07113408700567111, 0.07113408700567111, 0.875, 0.875, 0.3257942199707031, 0.278288996861324, 0.6884829787793738, 0.6884829787793738, 1.0, 1.0, 0.1935923456426602, 0.44796204566955566, 0.6560685634613037, 0.6910684108734131]
[0.7502657341957092, 1.0, 0.07994344402197617, 0.07106083913064548, 0.07106083913064548, 0.875, 0.875, 0.6142559051513672, 0.4983647228753624, 0.6821725421130151, 1.0, 1.0, 0.8645578168605973, 0.3668412646591884, 0.7579622268676758, 0.6560685634613037, 0.6910684108734131]
[0.7502657341957092, 1.0, 0.0830117460024371, 0.07378821866883298, 0.07378821866883298, 0.875, 0.875, 0.6335914318378155, 0.5273343179475833, 0.319371878396315, 0.319371878396315, 1.0, 1.0, 0.3668412646591884, 0.68296217918396, 0.6560685634613037, 0.6910684108734131]
[0.7502657341957092, 1.0, 0.07994344402197617, 0.07106083913064548, 0.07106083913064548, 0.875, 0.875, 0.6335914318378155, 0.5273343179475833, 0.2886681983453186, 0.2886681983453186, 1.0, 1.0, 0.3668412646591884, 0.7579622268676758, 0.6560685634613037, 0.6910684108734131]
[0.7502657341957092, 1.0, 0.08002584788138001, 0.07113408700567111, 0.07113408700567111, 0.875, 0.875, 0.6335914318378155, 0.5273343179475833, 0.3040802028086046, 0.3040802028086046, 1.0, 1.0, 0.3668412646591884, 0.7529621124267578, 0.6560685634613037, 0.6910684108734131]
[0.4108719396591186, 0.31047443235026695, 0.5506903181143283, 0.9192360249037619, 0.5407248933800558, 0.875, 0.875, 0.3905962430513822, 0.50729154550352, 0.9684861168934118, 1.0, 1.0, 0.7539286604323231, 0.3668412646591884, 0.6029622554779053, 0.6560685634613037, 0.6910684108734131]
[0.7502657341957092, 1.0, 0.08002584788138001, 0.07113408700567111, 0.07113408700567111, 0.875, 0.875, 0.6119481600247897, 0.5295093583583329, 0.827672852270745, 0.827672852270745, 1.0, 1.0, 0.3668412646591884, 0.68296217918396, 0.6560685634613037, 0.6910684108734131]
[0.7502657341957092, 1.0, 0.0737787193607724, 0.06558108387624213, 0.06558108387624213, 0.875, 0.875, 0.33934901310847354, 0.3948579817519442, 0.9584861168934118, 0.9584861168934118, 1.0, 1.0, 0.26328941124996463, 0.5979623794555664, 0.6560685634613037, 0.6910684108734131]
[0.7502657341957092, 1.0, 0.07993481290705173, 0.07105316702849043, 0.07105316702849043, 0.875, 0.875, 0.6096404148982122, 0.5116084960523828, 0.8165116830620548, 0.9584861168934118, 1.0, 1.0, 0.3668412646591884, 0.6029622554779053, 0.6560685634613037, 0.6910684108734131]
[0.7502657341957092, 1.0, 0.08002584788138001, 0.07113408700567111, 0.07113408700567111, 0.875, 0.875, 0.4150251241830679, 0.3309754443855686, 0.827672852270745, 0.827672852270745, 1.0, 1.0, 0.2506613487190543, 0.68296217918396, 0.6560685634613037, 0.6910684108734131]
[0.2608719635009765, 0.31047443235026695, 0.5506905550438344, 0.9195242651465847, 0.5407248933800558, 0.875, 0.875, 0.33887114891639125, 0.2888328211027744, 0.6893203652314212, 0.6893203652314212, 1.0, 1.0, 0.20092717989758221, 0.5179622173309326, 0.6560685634613037, 0.6910684108734131]
[0.5830313730239868, 0.834440469382227, 0.6797488032759286, 0.9166666666666666, 0.9893016991370589, 0.9821788230583823, 0.875, 0.5416567875788763, 0.5073055305698482, 0.7081068856075043, 1.0, 1.0, 0.8649218979267047, 0.3668412646591884, 0.672961950302124, 0.6560685634613037, 0.6910684108734131]
[0.7502657341957092, 1.0, 0.07676459748596198, 0.06823519776529954, 0.06823519776529954, 0.875, 0.875, 0.42828853313739484, 0.5264878368985286, 0.9684861168934118, 1.0, 1.0, 0.7606803158050666, 0.3668412646591884, 0.68296217918396, 0.6560685634613037, 0.6910684108734131]
[0.7502657341957092, 1.0, 0.08301174684782109, 0.0737882194202854, 0.0737882194202854, 0.875, 0.875, 0.4913654327392578, 0.5071401640213844, 0.8292241541308357, 1.0, 1.0, 0.8139598655539012, 0.3668412646591884, 0.7529621124267578, 0.6560685634613037, 0.6910684108734131]
[0.7502657341957092, 1.0, 0.08300084862559054, 0.07377853211163604, 0.07377853211163604, 0.875, 0.875, 0.6335914318378155, 0.5273343179475833, 0.3195837300591314, 0.3195837300591314, 1.0, 1.0, 0.3668412646591884, 0.5979621410369873, 0.6560685634613037, 0.6910684108734131]
[0.7502657341957092, 1.0, 0.08300518278762925, 0.07378238470011489, 0.07378238470011489, 0.875, 0.875, 0.6335914318378155, 0.5273343179475833, 0.3046999819021282, 0.3046999819021282, 1.0, 1.0, 0.3668412646591884, 0.6729621887207031, 0.6560685634613037, 0.6910684108734131]
[0.7502657341957092, 1.0, 0.0830117460024371, 0.07378821866883298, 0.07378821866883298, 0.875, 0.875, 0.6296404325045072, 0.2874913775511314, 0.7004781212110642, 0.7004781212110642, 1.0, 1.0, 0.19999400177470011, 0.5279619693756104, 0.6560685634613037, 0.6910684108734131]
[0.7502657341957092, 1.0, 0.08301175321376997, 0.07378822507890664, 0.07378822507890664, 0.875, 0.875, 0.6335914318378155, 0.5273343179475833, 0.3026857878259361, 0.3026857878259361, 1.0, 1.0, 0.3668412646591884, 0.5179622173309326, 0.6560685634613037, 0.6910684108734131]
[0.7502657341957092, 1.0, 0.0830002154717081, 0.07377796930818498, 0.07377796930818498, 0.875, 0.875, 0.6335914318378155, 0.5273343179475833, 0.3176346640644133, 0.3176346640644133, 1.0, 1.0, 0.3668412646591884, 0.7529621124267578, 0.6560685634613037, 0.6910684108734131]
[0.7502657341957092, 1.0, 0.0737787193607724, 0.06558108387624213, 0.06558108387624213, 0.875, 0.875, 0.6335914318378155, 0.5273343179475833, 0.3161871345271675, 0.3161871345271675, 1.0, 1.0, 0.3668412646591884, 0.7579619884490967, 0.6560685634613037, 0.6910684108734131]
[0.7502657341957092, 1.0, 0.0737787193607724, 0.06558108387624213, 0.06558108387624213, 0.875, 0.875, 0.43887123694786656, 0.35033151455710665, 0.827672852270745, 0.827672852270745, 1.0, 1.0, 0.26328941124996463, 0.7529621124267578, 0.6560685634613037, 0.6910684108734131]
[0.7502657341957092, 1.0, 0.07993481290705173, 0.07105316702849043, 0.07105316702849043, 0.875, 0.875, 0.6335914318378155, 0.5273343179475833, 0.30545915972901794, 0.30545915972901794, 1.0, 1.0, 0.3668412646591884, 0.68296217918396, 0.6560685634613037, 0.6910684108734131]
[0.7502657341957092, 1.0, 0.08300518278762925, 0.07378238470011489, 0.07378238470011489, 0.875, 0.875, 0.5347336989182693, 0.508536018060337, 0.8156953034316403, 1.0, 1.0, 0.8079662246763936, 0.3668412646591884, 0.5279619693756104, 0.6560685634613037, 0.6910684108734131]
[0.7502657341957092, 1.0, 0.0737787193607724, 0.06558108387624213, 0.06558108387624213, 0.875, 0.875, 0.6335914318378155, 0.5273343179475833, 0.3161871345271675, 0.3161871345271675, 1.0, 1.0, 0.3668412646591884, 0.6029622554779053, 0.6560685634613037, 0.6910684108734131]
[0.7502657341957092, 1.0, 0.07994344402197617, 0.07106083913064548, 0.07106083913064548, 0.875, 0.875, 0.5463770352877103, 0.45584486668862456, 0.4199479859594333, 0.4199479859594333, 1.0, 1.0, 0.3171094724790432, 0.6729621887207031, 0.6560685634613037, 0.6910684108734131]
[0.6849250960350036, 0.21133713126573905, 0.5569423753013795, 0.9643016991370589, 0.5407248933800558, 0.875, 0.875, 0.6335914318378155, 0.5273343179475833, 0.2724481993084419, 0.2724481993084419, 1.0, 1.0, 0.3668412646591884, 0.6029622554779053, 0.6560685634613037, 0.6910684108734131]
[0.7502657341957092, 1.0, 0.07676459748596198, 0.06823519776529954, 0.06823519776529954, 0.875, 0.875, 0.5036731133094201, 0.6072563258311571, 0.8292241541308357, 1.0, 1.0, 0.7606803158050666, 0.4190577030852204, 0.7579622268676758, 0.6560685634613037, 0.6910684108734131]
[0.7502657341957092, 1.0, 0.08300084862559054, 0.07377853211163604, 0.07377853211163604, 0.875, 0.875, 0.6296404325045072, 0.2874913775511314, 0.6893203652314212, 0.6893203652314212, 1.0, 1.0, 0.19999400177470011, 0.6029620170593262, 0.6560685634613037, 0.6910684108734131]
[0.7502657341957092, 1.0, 0.0830117460024371, 0.07378821866883298, 0.07378821866883298, 0.875, 0.875, 0.426085692185622, 0.3603256887836406, 0.5721076907739727, 0.5721076907739727, 1.0, 1.0, 0.2506613487190543, 0.6029622554779053, 0.6560685634613037, 0.6910684108734131]
[0.7502657341957092, 1.0, 0.0830002154717081, 0.07377796930818498, 0.07377796930818498, 0.875, 0.875, 0.6225308638352615, 0.499548445283058, 0.5708083981649275, 0.5708083981649275, 1.0, 1.0, 0.3668412646591884, 0.7529621124267578, 0.6560685634613037, 0.6910684108734131]
[0.7502657341957092, 1.0, 0.08300518278762925, 0.07378238470011489, 0.07378238470011489, 0.875, 0.875, 0.6335914318378155, 0.5273343179475833, 0.3046999819021282, 0.3046999819021282, 1.0, 1.0, 0.3668412646591884, 0.7579619884490967, 0.6560685634613037, 0.6910684108734131]
[0.7502657341957092, 1.0, 0.08002584788138001, 0.07113408700567111, 0.07113408700567111, 0.875, 0.875, 0.5693491422213041, 0.20056287609305823, 0.827672852270745, 0.827672852270745, 1.0, 1.0, 0.13952200076038834, 0.5979621410369873, 0.6560685634613037, 0.6910684108734131]
[0.2608719635009765, 0.31047443235026695, 0.5506905550438344, 0.9195242651465847, 0.5407248933800558, 0.875, 0.875, 0.4913654327392578, 0.5083941591669462, 0.8156953034316403, 1.0, 1.0, 0.8139616321335873, 0.3668412646591884, 0.6729621887207031, 0.6560685634613037, 0.6910684108734131]
[0.7502657341957092, 1.0, 0.07994344402197617, 0.07106083913064548, 0.07106083913064548, 0.875, 0.875, 0.6335914318378155, 0.5273343179475833, 0.2886681983453186, 0.2886681983453186, 1.0, 1.0, 0.3668412646591884, 0.7529621124267578, 0.6560685634613037, 0.6910684108734131]
[0.7502657341957092, 1.0, 0.0830002154717081, 0.07377796930818498, 0.07377796930818498, 0.875, 0.875, 0.6335914318378155, 0.5273343179475833, 0.3176346640644133, 0.3176346640644133, 1.0, 1.0, 0.3668412646591884, 0.6729621887207031, 0.6560685634613037, 0.6910684108734131]
[0.6849250960350036, 0.21133713126573905, 0.5569423753013795, 0.9643016991370589, 0.5407248933800558, 0.875, 0.875, 0.43839337275578427, 0.3702387872335289, 0.5423235275526797, 0.5423235275526797, 1.0, 1.0, 0.2575574172059331, 0.5179622173309326, 0.6560685634613037, 0.6910684108734131]
[0.7502657341957092, 1.0, 0.08300518278762925, 0.07378238470011489, 0.07378238470011489, 0.875, 0.875, 0.43839337275578427, 0.3702387872335289, 0.558322316755705, 0.558322316755705, 1.0, 1.0, 0.2575574172059331, 0.5979621410369873, 0.6560685634613037, 0.6910684108734131]
[0.7502657341957092, 1.0, 0.08301175321376997, 0.07378822507890664, 0.07378822507890664, 0.875, 0.875, 0.5455028827373798, 0.5071404144403533, 0.8156953034316403, 1.0, 1.0, 0.8139598655539012, 0.3668412646591884, 0.68296217918396, 0.6560685634613037, 0.6910684108734131]
[0.7502657341957092, 1.0, 0.0830002154717081, 0.07377796930818498, 0.07377796930818498, 0.875, 0.875, 0.6335914318378155, 0.5273343179475833, 0.3176346640644133, 0.3176346640644133, 1.0, 1.0, 0.3668412646591884, 0.672961950302124, 0.6560685634613037, 0.6910684108734131]
[0.7502657341957092, 1.0, 0.07994344402197617, 0.07106083913064548, 0.07106083913064548, 0.875, 0.875, 0.33887114891639125, 0.2888328211027744, 0.6884829787793738, 0.6884829787793738, 1.0, 1.0, 0.20092717989758221, 0.5979621410369873, 0.6560685634613037, 0.6910684108734131]
[0.7502657341957092, 1.0, 0.08301175321376997, 0.07378822507890664, 0.07378822507890664, 0.875, 0.875, 0.6335914318378155, 0.5273343179475833, 0.3026857878259361, 0.3026857878259361, 1.0, 1.0, 0.3668412646591884, 0.7579622268676758, 0.6560685634613037, 0.6910684108734131]
[0.7502657341957092, 1.0, 0.08300084862559054, 0.07377853211163604, 0.07377853211163604, 0.875, 0.875, 0.6335914318378155, 0.5273343179475833, 0.3195837300591314, 0.3195837300591314, 1.0, 1.0, 0.3668412646591884, 0.5979621410369873, 0.6560685634613037, 0.6910684108734131]
[0.7502657341957092, 1.0, 0.0830117460024371, 0.07378821866883298, 0.07378821866883298, 0.875, 0.875, 0.42828853313739484, 0.5071375116321478, 0.9684861168934118, 1.0, 1.0, 0.760029679412777, 0.3668412646591884, 0.68296217918396, 0.6560685634613037, 0.6910684108734131]
[0.7502657341957092, 1.0, 0.07993481290705173, 0.07105316702849043, 0.07105316702849043, 0.875, 0.875, 0.5231952667236328, 0.5116084960523828, 0.9584861168934118, 0.9584861168934118, 1.0, 1.0, 0.3668412646591884, 0.68296217918396, 0.6560685634613037, 0.6910684108734131]
[0.7502657341957092, 1.0, 0.08924784791137408, 0.07933142036566584, 0.07933142036566584, 0.875, 0.875, 0.6335914318378155, 0.5273343179475833, 0.2886874154456944, 0.2886874154456944, 1.0, 1.0, 0.3668412646591884, 0.5979621410369873, 0.6560685634613037, 0.6910684108734131]
[0.4108719396591186, 0.31047443235026695, 0.5506903181143283, 0.9192360249037619, 0.5407248933800558, 0.875, 0.875, 0.6335914318378155, 0.5273343179475833, 0.3029483945052231, 0.3029483945052231, 1.0, 1.0, 0.3668412646591884, 0.68296217918396, 0.6560685634613037, 0.6910684108734131]
[0.7502657341957092, 1.0, 0.0830117460024371, 0.07378821866883298, 0.07378821866883298, 0.875, 0.875, 0.5333001063420222, 0.4466964629240987, 0.448068262649387, 0.448068262649387, 1.0, 1.0, 0.3107453655124165, 0.68296217918396, 0.6560685634613037, 0.6910684108734131]
[0.7502657341957092, 1.0, 0.0830002154717081, 0.07377796930818498, 0.07377796930818498, 0.875, 0.875, 0.4608876154972957, 0.5072912581741132, 0.9684861168934118, 1.0, 1.0, 0.8649218979267047, 0.3668412646591884, 0.5979621410369873, 0.6560685634613037, 0.6910684108734131]
[0.4108719396591186, 0.31047443235026695, 0.5506903181143283, 0.9192360249037619, 0.5407248933800558, 0.875, 0.875, 0.6335914318378155, 0.5273343179475833, 0.3029483945052231, 0.3029483945052231, 1.0, 1.0, 0.3668412646591884, 0.5279624462127686, 0.6560685634613037, 0.6910684108734131]
[0.7502657341957092, 1.0, 0.08301174684782109, 0.0737882194202854, 0.0737882194202854, 0.875, 0.875, 0.6335914318378155, 0.5273343179475833, 0.3174124554491945, 0.3174124554491945, 1.0, 1.0, 0.3668412646591884, 0.6729621887207031, 0.6560685634613037, 0.6910684108734131]
[0.4108719396591186, 0.31047443235026695, 0.5506903181143283, 0.9192360249037619, 0.5407248933800558, 0.875, 0.875, 0.5463770352877103, 0.45584486668862456, 0.434035918994343, 0.434035918994343, 1.0, 1.0, 0.3171094724790432, 0.7529621124267578, 0.6560685634613037, 0.6910684108734131]
[0.4108719396591186, 0.31047443235026695, 0.5506903181143283, 0.9192360249037619, 0.5407248933800558, 0.875, 0.875, 0.43839337275578427, 0.3702387872335289, 0.5708083981649275, 0.5708083981649275, 1.0, 1.0, 0.2575574172059331, 0.5979621410369873, 0.6560685634613037, 0.6910684108734131]
[0.7502657341957092, 1.0, 0.08301172592210404, 0.07378820081964804, 0.07378820081964804, 0.875, 0.875, 0.5693491422213041, 0.20056287609305823, 0.8292241541308357, 0.8292241541308357, 1.0, 1.0, 0.13952200076038834, 0.5979621410369873, 0.6560685634613037, 0.6910684108734131]
[0.7502657341957092, 1.0, 0.0830117460024371, 0.07378821866883298, 0.07378821866883298, 0.875, 0.875, 0.6335914318378155, 0.5273343179475833, 0.319371878396315, 0.319371878396315, 1.0, 1.0, 0.3668412646591884, 0.68296217918396, 0.6560685634613037, 0.6910684108734131]
[0.7502657341957092, 1.0, 0.08301175321376997, 0.07378822507890664, 0.07378822507890664, 0.875, 0.875, 0.6335914318378155, 0.5273343179475833, 0.3026857878259361, 0.3026857878259361, 1.0, 1.0, 0.3668412646591884, 0.6029622554779053, 0.6560685634613037, 0.6910684108734131]
[0.7502657341957092, 1.0, 0.08301175321376997, 0.07378822507890664, 0.07378822507890664, 0.875, 0.875, 0.6335914318378155, 0.5273343179475833, 0.3026857878259361, 0.3026857878259361, 1.0, 1.0, 0.3668412646591884, 0.68296217918396, 0.6560685634613037, 0.6910684108734131]
[0.7502657341957092, 1.0, 0.07994344402197617, 0.07106083913064548, 0.07106083913064548, 0.875, 0.875, 0.6335914318378155, 0.5273343179475833, 0.2886681983453186, 0.2886681983453186, 1.0, 1.0, 0.3668412646591884, 0.68296217918396, 0.6560685634613037, 0.6910684108734131]
[0.5830313730239868, 0.834440469382227, 0.6797488032759286, 0.9166666666666666, 0.9893016991370589, 0.9821788230583823, 0.875, 0.6225308638352615, 0.499548445283058, 0.5585265871299708, 0.5585265871299708, 1.0, 1.0, 0.3668412646591884, 0.5979621410369873, 0.6560685634613037, 0.6910684108734131]
[0.7502657341957092, 1.0, 0.08300084862559054, 0.07377853211163604, 0.07377853211163604, 0.875, 0.875, 0.4801183847280649, 0.5116084960523828, 0.9584861168934118, 0.9584861168934118, 1.0, 1.0, 0.3668412646591884, 0.672961950302124, 0.6560685634613037, 0.6910684108734131]
[0.2608719635009765, 0.31047443235026695, 0.5414665560634926, 0.9116119384774394, 0.5407248933800558, 0.875, 0.875, 0.5463770352877103, 0.45584486668862456, 0.4487171348012713, 0.4487171348012713, 1.0, 1.0, 0.3171094724790432, 0.6729621887207031, 0.6560685634613037, 0.6910684108734131]
[0.5830313730239868, 0.834440469382227, 0.6797488032759286, 0.9166666666666666, 0.9893016991370589, 0.9821788230583823, 0.875, 0.6335914318378155, 0.5273343179475833, 0.31742800993142006, 0.31742800993142006, 1.0, 1.0, 0.3668412646591884, 0.5279619693756104, 0.6560685634613037, 0.6910684108734131]
[0.7502657341957092, 1.0, 0.08301172592210404, 0.07378820081964804, 0.07378820081964804, 0.875, 0.875, 0.33953563983623797, 0.5071132220135096, 0.9684861168934118, 1.0, 1.0, 0.7606803158050666, 0.3668412646591884, 0.7529621124267578, 0.6560685634613037, 0.6910684108734131]
[0.7502657341957092, 1.0, 0.0830117460024371, 0.07378821866883298, 0.07378821866883298, 0.875, 0.875, 0.5147336813119742, 0.5071375116321478, 0.8165116830620548, 1.0, 1.0, 0.8139598655539012, 0.3668412646591884, 0.6029622554779053, 0.6560685634613037, 0.6910684108734131]
[0.7502657341957092, 1.0, 0.08300084862559054, 0.07377853211163604, 0.07377853211163604, 0.875, 0.875, 0.6335914318378155, 0.5273343179475833, 0.3195837300591314, 0.3195837300591314, 1.0, 1.0, 0.3668412646591884, 0.6029622554779053, 0.6560685634613037, 0.6910684108734131]
[0.2608719635009765, 0.31047443235026695, 0.5506905550438344, 0.9195242651465847, 0.5407248933800558, 0.875, 0.875, 0.6335914318378155, 0.5273343179475833, 0.30467784669071546, 0.30467784669071546, 1.0, 1.0, 0.3668412646591884, 0.8379621505737305, 0.6560685634613037, 0.6910684108734131]
[0.2608719635009765, 0.31047443235026695, 0.5506905550438344, 0.9195242651465847, 0.5407248933800558, 0.875, 0.875, 0.43839337275578427, 0.3702387872335289, 0.5721117539072509, 0.5721117539072509, 1.0, 1.0, 0.2575574172059331, 0.5179622173309326, 0.6560685634613037, 0.6910684108734131]
[0.7502657341957092, 1.0, 0.0830117460024371, 0.07378821866883298, 0.07378821866883298, 0.875, 0.875, 0.6335914318378155, 0.5273343179475833, 0.319371878396315, 0.319371878396315, 1.0, 1.0, 0.3668412646591884, 0.5979621410369873, 0.6560685634613037, 0.6910684108734131]
[0.7502657341957092, 1.0, 0.0737763736023227, 0.06557899875762017, 0.06557899875762017, 0.875, 0.875, 0.6335914318378155, 0.5273343179475833, 0.3324111355015975, 0.3324111355015975, 1.0, 1.0, 0.3668412646591884, 0.5179622173309326, 0.6560685634613037, 0.6910684108734131]
[0.7502657341957092, 1.0, 0.0737787193607724, 0.06558108387624213, 0.06558108387624213, 0.875, 0.875, 0.29598089364858776, 0.5168181201093217, 0.9684861168934118, 1.0, 1.0, 0.7540667985043683, 0.3668412646591884, 0.6029622554779053, 0.6560685634613037, 0.6910684108734131]
[0.2608719635009765, 0.31047443235026695, 0.5506905550438344, 0.9195242651465847, 0.5407248933800558, 0.875, 0.875, 0.6142559051513672, 0.2888328211027744, 0.6893203652314212, 0.6893203652314212, 1.0, 1.0, 0.20092717989758221, 0.5279624462127686, 0.6560685634613037, 0.6910684108734131]
[0.7502657341957092, 1.0, 0.08300518278762925, 0.07378238470011489, 0.07378238470011489, 0.875, 0.875, 0.4985799055833083, 0.5221385506349896, 0.9584861168934118, 0.9584861168934118, 1.0, 1.0, 0.3668412646591884, 0.7579619884490967, 0.6560685634613037, 0.6910684108734131]
[0.7502657341957092, 1.0, 0.07993481290705173, 0.07105316702849043, 0.07105316702849043, 0.875, 0.875, 0.6335914318378155, 0.5273343179475833, 0.30545915972901794, 0.30545915972901794, 1.0, 1.0, 0.3668412646591884, 0.6029622554779053, 0.6560685634613037, 0.6910684108734131]
[0.7502657341957092, 1.0, 0.08301175321376997, 0.07378822507890664, 0.07378822507890664, 0.875, 0.875, 0.5742558699387771, 0.5307535347774798, 0.8292241541308357, 0.8292241541308357, 1.0, 1.0, 0.3668412646591884, 0.5179622173309326, 0.6560685634613037, 0.6910684108734131]
[0.7502657341957092, 1.0, 0.08002584788138001, 0.07113408700567111, 0.07113408700567111, 0.875, 0.875, 0.6334866743821365, 0.278288996861324, 0.6884829787793738, 0.6884829787793738, 1.0, 1.0, 0.1935923456426602, 0.6029620170593262, 0.6560685634613037, 0.6910684108734131]
[0.7502657341957092, 1.0, 0.08924809803878475, 0.079331642701142, 0.079331642701142, 0.875, 0.875, 0.6119481600247897, 0.5015767906371248, 0.8156953034316403, 0.9584861168934118, 1.0, 1.0, 0.3668412646591884, 0.6729621887207031, 0.6560685634613037, 0.6910684108734131]
[0.7502657341957092, 1.0, 0.08301175321376997, 0.07378822507890664, 0.07378822507890664, 0.875, 0.875, 0.6335914318378155, 0.5273343179475833, 0.3026857878259361, 0.3026857878259361, 1.0, 1.0, 0.3668412646591884, 0.6029622554779053, 0.6560685634613037, 0.6910684108734131]
[0.7502657341957092, 1.0, 0.0737787193607724, 0.06558108387624213, 0.06558108387624213, 0.875, 0.875, 0.6296404325045072, 0.5168181201093217, 0.6954092275805561, 1.0, 1.0, 0.8645578168605973, 0.3668412646591884, 0.6029622554779053, 0.6560685634613037, 0.6910684108734131]
[0.7502657341957092, 1.0, 0.0830117460024371, 0.07378821866883298, 0.07378821866883298, 0.875, 0.875, 0.6335914318378155, 0.5273343179475833, 0.319371878396315, 0.319371878396315, 1.0, 1.0, 0.3668412646591884, 0.6029622554779053, 0.6560685634613037, 0.6910684108734131]
[0.7502657341957092, 1.0, 0.08300084862559054, 0.07377853211163604, 0.07377853211163604, 0.875, 0.875, 0.6335914318378155, 0.5273343179475833, 0.3195837300591314, 0.3195837300591314, 1.0, 1.0, 0.3668412646591884, 0.6029620170593262, 0.6560685634613037, 0.6910684108734131]
[0.7502657341957092, 1.0, 0.08301174684782109, 0.0737882194202854, 0.0737882194202854, 0.875, 0.875, 0.6335914318378155, 0.5273343179475833, 0.3174124554491945, 0.3174124554491945, 1.0, 1.0, 0.3668412646591884, 0.68296217918396, 0.6560685634613037, 0.6910684108734131]
[0.7502657341957092, 1.0, 0.07993481290705173, 0.07105316702849043, 0.07105316702849043, 0.875, 0.875, 0.6265635857215295, 0.5388597902120119, 0.8165116830620548, 0.8165116830620548, 1.0, 1.0, 0.3668412646591884, 0.672961950302124, 0.6560685634613037, 0.6910684108734131]
[0.6849250960350036, 0.21133713126573905, 0.5569423753013795, 0.9643016991370589, 0.5407248933800558, 0.875, 0.875, 0.23088748638446516, 0.2018070521861257, 0.8156953034316403, 0.8156953034316403, 1.0, 1.0, 0.14038751456426138, 0.5179622173309326, 0.6560685634613037, 0.6910684108734131]
[0.7502657341957092, 1.0, 0.0737787193607724, 0.06558108387624213, 0.06558108387624213, 0.875, 0.875, 0.4499318049504207, 0.3784785286718242, 0.5717429308630366, 0.5717429308630366, 1.0, 1.0, 0.26328941124996463, 0.7529623508453369, 0.6560685634613037, 0.6910684108734131]
[0.7502657341957092, 1.0, 0.08300518278762925, 0.07378238470011489, 0.07378238470011489, 0.875, 0.875, 0.6335914318378155, 0.5273343179475833, 0.3046999819021282, 0.3046999819021282, 1.0, 1.0, 0.3668412646591884, 0.5279619693756104, 0.6560685634613037, 0.6910684108734131]
[0.7502657341957092, 1.0, 0.0830117460024371, 0.07378821866883298, 0.07378821866883298, 0.875, 0.875, 0.6335914318378155, 0.5273343179475833, 0.319371878396315, 0.319371878396315, 1.0, 1.0, 0.3668412646591884, 0.7579622268676758, 0.6560685634613037, 0.6910684108734131]
[0.7502657341957092, 1.0, 0.0830002154717081, 0.07377796930818498, 0.07377796930818498, 0.875, 0.875, 0.6335914318378155, 0.5273343179475833, 0.3176346640644133, 0.3176346640644133, 1.0, 1.0, 0.3668412646591884, 0.5979619026184082, 0.6560685634613037, 0.6910684108734131]
[0.7502657341957092, 1.0, 0.0830117460024371, 0.07378821866883298, 0.07378821866883298, 0.875, 0.875, 0.5301183553842398, 0.5071375116321478, 0.8165116830620548, 1.0, 1.0, 0.8139598655539012, 0.3668412646591884, 0.5979621410369873, 0.6560685634613037, 0.6910684108734131]
[0.7502657341957092, 1.0, 0.07993481290705173, 0.07105316702849043, 0.07105316702849043, 0.875, 0.875, 0.6335914318378155, 0.5273343179475833, 0.30545915972901794, 0.30545915972901794, 1.0, 1.0, 0.3668412646591884, 0.5279619693756104, 0.6560685634613037, 0.6910684108734131]
[0.7502657341957092, 1.0, 0.08301174684782109, 0.0737882194202854, 0.0737882194202854, 0.875, 0.875, 0.6335914318378155, 0.5273343179475833, 0.3174124554491945, 0.3174124554491945, 1.0, 1.0, 0.3668412646591884, 0.7529621124267578, 0.6560685634613037, 0.6910684108734131]
[0.7502657341957092, 1.0, 0.0737787193607724, 0.06558108387624213, 0.06558108387624213, 0.875, 0.875, 0.6250250889704778, 0.29752179344529783, 0.6884829787793738, 0.6884829787793738, 1.0, 1.0, 0.20697168239672892, 0.6029622554779053, 0.6560685634613037, 0.6910684108734131]
[0.7502657341957092, 1.0, 0.08002584788138001, 0.07113408700567111, 0.07113408700567111, 0.875, 0.875, 0.6335914318378155, 0.5273343179475833, 0.3040802028086046, 0.3040802028086046, 1.0, 1.0, 0.3668412646591884, 0.6729621887207031, 0.6560685634613037, 0.6910684108734131]
[0.7502657341957092, 1.0, 0.08924809803878475, 0.079331642701142, 0.079331642701142, 0.875, 0.875, 0.5262722602257361, 0.19174573415908336, 0.8156953034316403, 0.8156953034316403, 1.0, 1.0, 0.13338833680631887, 0.4429619312286377, 0.6560685634613037, 0.6910684108734131]
[0.7502657341957092, 1.0, 0.08301175321376997, 0.07378822507890664, 0.07378822507890664, 0.875, 0.875, 0.44521155724158656, 0.4338538745998355, 0.9584861168934118, 1.0, 1.0, 0.8139598655539012, 0.3171094724790432, 0.7529621124267578, 0.6560685634613037, 0.6910684108734131]
[0.7502657341957092, 1.0, 0.08301172592210404, 0.07378820081964804, 0.07378820081964804, 0.875, 0.875, 0.6335914318378155, 0.5273343179475833, 0.3195089133773779, 0.3195089133773779, 1.0, 1.0, 0.3668412646591884, 0.6729621887207031, 0.6560685634613037, 0.6910684108734131]
[0.7502657341957092, 1.0, 0.07676459748596198, 0.06823519776529954, 0.06823519776529954, 0.875, 0.875, 0.5236731309157151, 0.5264878368985286, 0.9684861168934118, 1.0, 1.0, 0.8697730961787237, 0.3668412646591884, 0.7529621124267578, 0.6560685634613037, 0.6910684108734131]
[0.7502657341957092, 1.0, 0.07676459748596198, 0.06823519776529954, 0.06823519776529954, 0.875, 0.875, 0.6335914318378155, 0.5273343179475833, 0.33164736485755214, 0.33164736485755214, 1.0, 1.0, 0.3668412646591884, 0.7529621124267578, 0.6560685634613037, 0.6910684108734131]
[0.7502657341957092, 1.0, 0.08301175321376997, 0.07378822507890664, 0.07378822507890664, 0.875, 0.875, 0.3905962430513822, 0.5071404144403533, 0.9684861168934118, 1.0, 1.0, 0.753879543943426, 0.3668412646591884, 0.6029622554779053, 0.6560685634613037, 0.6910684108734131]
[0.4108719396591186, 0.31047443235026695, 0.5506903181143283, 0.9192360249037619, 0.5407248933800558, 0.875, 0.875, 0.6335914318378155, 0.5273343179475833, 0.3029483945052231, 0.3029483945052231, 1.0, 1.0, 0.3668412646591884, 0.68296217918396, 0.6560685634613037, 0.6910684108734131]
[0.7502657341957092, 1.0, 0.0830117460024371, 0.07378821866883298, 0.07378821866883298, 0.875, 0.875, 0.44982704749474156, 0.12782019011417645, 0.9584861168934118, 0.9584861168934118, 1.0, 1.0, 0.08891839312290535, 0.5979621410369873, 0.6560685634613037, 0.6910684108734131]
[0.6849250960350036, 0.21133713126573905, 0.5569423753013795, 0.9643016991370589, 0.5407248933800558, 0.875, 0.875, 0.6142559051513672, 0.2888328211027744, 0.674111286829259, 0.674111286829259, 1.0, 1.0, 0.20092717989758221, 0.6029622554779053, 0.6560685634613037, 0.6910684108734131]
[0.4108719396591186, 0.31047443235026695, 0.5506903181143283, 0.9192360249037619, 0.5407248933800558, 0.875, 0.875, 0.6335914318378155, 0.5273343179475833, 0.3029483945052231, 0.3029483945052231, 1.0, 1.0, 0.3668412646591884, 0.8379621505737305, 0.6560685634613037, 0.6910684108734131]
[0.7502657341957092, 1.0, 0.08002584788138001, 0.07113408700567111, 0.07113408700567111, 0.875, 0.875, 0.6335914318378155, 0.5273343179475833, 0.3040802028086046, 0.3040802028086046, 1.0, 1.0, 0.3668412646591884, 0.8279621601104736, 0.6560685634613037, 0.6910684108734131]
[0.7502657341957092, 1.0, 0.07994344402197617, 0.07106083913064548, 0.07106083913064548, 0.875, 0.875, 0.5385799407958984, 0.2018070521861257, 0.8165116830620548, 0.8165116830620548, 1.0, 1.0, 0.14038751456426138, 0.44796204566955566, 0.6560685634613037, 0.6910684108734131]
[0.7502657341957092, 1.0, 0.08301175321376997, 0.07378822507890664, 0.07378822507890664, 0.875, 0.875, 0.6335914318378155, 0.5273343179475833, 0.3026857878259361, 0.3026857878259361, 1.0, 1.0, 0.3668412646591884, 0.672961950302124, 0.6560685634613037, 0.6910684108734131]
[0.7502657341957092, 1.0, 0.08300518278762925, 0.07378238470011489, 0.07378238470011489, 0.875, 0.875, 0.6335914318378155, 0.5273343179475833, 0.3046999819021282, 0.3046999819021282, 1.0, 1.0, 0.3668412646591884, 0.6029620170593262, 0.6560685634613037, 0.6910684108734131]
[0.7502657341957092, 1.0, 0.08301175321376997, 0.07378822507890664, 0.07378822507890664, 0.875, 0.875, 0.4855029766376202, 0.5105218307289459, 0.9584861168934118, 0.9584861168934118, 1.0, 1.0, 0.3668412646591884, 0.6029622554779053, 0.6560685634613037, 0.6910684108734131]
[0.7502657341957092, 1.0, 0.0737763736023227, 0.06557899875762017, 0.06557899875762017, 0.875, 0.875, 0.48088763310359073, 0.5209297509096786, 0.9584861168934118, 0.9584861168934118, 1.0, 1.0, 0.3668412646591884, 0.6029622554779053, 0.6560685634613037, 0.6910684108734131]
[0.7502657341957092, 1.0, 0.07676459748596198, 0.06823519776529954, 0.06823519776529954, 0.875, 0.875, 0.0710741189809946, 0.07052025669785156, 1.0, 1.0, 1.0, 0.0490575698767663, 0.0490575698767663, 0.7529621124267578, 0.6560685634613037, 0.6910684108734131]
[0.7502657341957092, 1.0, 0.0737787193607724, 0.06558108387624213, 0.06558108387624213, 0.875, 0.875, 0.43887123694786656, 0.35033151455710665, 0.827672852270745, 0.827672852270745, 1.0, 1.0, 0.26328941124996463, 0.6729621887207031, 0.6560685634613037, 0.6910684108734131]
[0.7502657341957092, 1.0, 0.07993481290705173, 0.07105316702849043, 0.07105316702849043, 0.875, 0.875, 0.27213463416466344, 0.37145903770037947, 0.9684861168934118, 1.0, 1.0, 0.858309255143156, 0.2506613487190543, 0.44796204566955566, 0.6560685634613037, 0.6910684108734131]
[0.5830313730239868, 0.834440469382227, 0.6797488032759286, 0.9166666666666666, 0.9893016991370589, 0.9821788230583823, 0.875, 0.5333001063420222, 0.4466964629240987, 0.4325959781002176, 0.4325959781002176, 1.0, 1.0, 0.3107453655124165, 0.68296217918396, 0.6560685634613037, 0.6910684108734131]
[0.7502657341957092, 1.0, 0.08002584788138001, 0.07113408700567111, 0.07113408700567111, 0.875, 0.875, 0.6231953547551081, 0.37548532431843307, 0.9584861168934118, 0.9584861168934118, 1.0, 1.0, 0.2506613487190543, 0.5279619693756104, 0.6560685634613037, 0.6910684108734131]
[0.6849250960350036, 0.21133713126573905, 0.5569423753013795, 0.9643016991370589, 0.5407248933800558, 0.875, 0.875, 0.023381746732271634, 0.033208795592636564, 1.0, 1.0, 1.0, 0.023101770847051523, 0.023101770847051523, 0.4429624080657959, 0.6560685634613037, 0.6910684108734131]
[0.7502657341957092, 1.0, 0.08301175321376997, 0.07378822507890664, 0.07378822507890664, 0.875, 0.875, 0.6335914318378155, 0.5273343179475833, 0.3026857878259361, 0.3026857878259361, 1.0, 1.0, 0.3668412646591884, 0.44796204566955566, 0.6560685634613037, 0.6910684108734131]
[0.7502657341957092, 1.0, 0.08002584788138001, 0.07113408700567111, 0.07113408700567111, 0.875, 0.875, 0.6335914318378155, 0.5273343179475833, 0.3040802028086046, 0.3040802028086046, 1.0, 1.0, 0.3668412646591884, 0.7529621124267578, 0.6560685634613037, 0.6910684108734131]
[0.7502657341957092, 1.0, 0.08300084862559054, 0.07377853211163604, 0.07377853211163604, 0.875, 0.875, 0.5236731309157151, 0.5072886644317702, 0.9684861168934118, 1.0, 1.0, 0.9819504856058312, 0.3668412646591884, 0.7529621124267578, 0.6560685634613037, 0.6910684108734131]
[0.7502657341957092, 1.0, 0.0830117460024371, 0.07378821866883298, 0.07378821866883298, 0.875, 0.875, 0.426085692185622, 0.3603256887836406, 0.5721076907739727, 0.5721076907739727, 1.0, 1.0, 0.2506613487190543, 0.5279624462127686, 0.6560685634613037, 0.6910684108734131]
[0.4108719396591186, 0.31047443235026695, 0.5506903181143283, 0.9192360249037619, 0.5407248933800558, 0.875, 0.875, 0.50011840233436, 0.50729154550352, 0.9684861168934118, 1.0, 1.0, 0.9819504856058312, 0.3668412646591884, 0.68296217918396, 0.6560685634613037, 0.6910684108734131]
[0.7502657341957092, 1.0, 0.0767645808888362, 0.06823518301229885, 0.06823518301229885, 0.875, 0.875, 0.6335914318378155, 0.5273343179475833, 0.3455414918172998, 0.3455414918172998, 1.0, 1.0, 0.3668412646591884, 0.4429619312286377, 0.6560685634613037, 0.6910684108734131]
[0.7502657341957092, 1.0, 0.08301174684782109, 0.0737882194202854, 0.0737882194202854, 0.875, 0.875, 0.5333001063420222, 0.4466964629240987, 0.4339229510698802, 0.4339229510698802, 1.0, 1.0, 0.3107453655124165, 0.5279624462127686, 0.6560685634613037, 0.6910684108734131]
[0.7502657341957092, 1.0, 0.08300518278762925, 0.07378238470011489, 0.07378238470011489, 0.875, 0.875, 0.3159807645357572, 0.508536018060337, 0.9684861168934118, 1.0, 1.0, 0.7540173997865792, 0.3668412646591884, 0.68296217918396, 0.6560685634613037, 0.6910684108734131]
[0.7502657341957092, 1.0, 0.08300518278762925, 0.07378238470011489, 0.07378238470011489, 0.875, 0.875, 0.5463770352877103, 0.45584486668862456, 0.4342400195091324, 0.4342400195091324, 1.0, 1.0, 0.3171094724790432, 0.5979623794555664, 0.6560685634613037, 0.6910684108734131]
[0.7502657341957092, 1.0, 0.0737787193607724, 0.06558108387624213, 0.06558108387624213, 0.875, 0.875, 0.6335914318378155, 0.5273343179475833, 0.3161871345271675, 0.3161871345271675, 1.0, 1.0, 0.3668412646591884, 0.68296217918396, 0.6560685634613037, 0.6910684108734131]
[0.7502657341957092, 1.0, 0.0830117460024371, 0.07378821866883298, 0.07378821866883298, 0.875, 0.875, 0.5031952491173377, 0.5105012372976974, 0.9584861168934118, 0.9584861168934118, 1.0, 1.0, 0.3668412646591884, 0.7529621124267578, 0.6560685634613037, 0.6910684108734131]
[0.7502657341957092, 1.0, 0.0767645808888362, 0.06823518301229885, 0.06823518301229885, 0.875, 0.875, 0.0710741189809946, 0.07051233415869818, 1.0, 1.0, 1.0, 0.04905205854518134, 0.04905205854518134, 0.8379621505737305, 0.6560685634613037, 0.6910684108734131]
[0.7502657341957092, 1.0, 0.0830002154717081, 0.07377796930818498, 0.07377796930818498, 0.875, 0.875, 0.43839337275578427, 0.3691358772072306, 0.5708083981649275, 0.5708083981649275, 1.0, 1.0, 0.25679017544850824, 0.7579622268676758, 0.6560685634613037, 0.6910684108734131]
[0.6849250960350036, 0.21133713126573905, 0.5569423753013795, 0.9643016991370589, 0.5407248933800558, 0.875, 0.875, 0.6335914318378155, 0.5273343179475833, 0.2724481993084419, 0.2724481993084419, 1.0, 1.0, 0.3668412646591884, 0.6029622554779053, 0.6560685634613037, 0.6910684108734131]
[0.7502657341957092, 1.0, 0.0830117460024371, 0.07378821866883298, 0.07378821866883298, 0.875, 0.875, 0.4413654620830829, 0.6386296889468956, 0.8165116830620548, 1.0, 1.0, 0.7040747297375283, 0.44549648820935533, 0.6729621887207031, 0.6560685634613037, 0.6910684108734131]
[0.7502657341957092, 1.0, 0.08300084862559054, 0.07377853211163604, 0.07377853211163604, 0.875, 0.875, 0.426085692185622, 0.3603256887836406, 0.5708083981649275, 0.5708083981649275, 1.0, 1.0, 0.2506613487190543, 0.6029622554779053, 0.6560685634613037, 0.6910684108734131]
[0.7502657341957092, 1.0, 0.07676459748596198, 0.06823519776529954, 0.06823519776529954, 0.875, 0.875, 0.5924260066105769, 0.6072563258311571, 0.8292241541308357, 1.0, 1.0, 0.7606803158050666, 0.4190577030852204, 0.68296217918396, 0.6560685634613037, 0.6910684108734131]
[0.7502657341957092, 1.0, 0.08924809803878475, 0.079331642701142, 0.079331642701142, 0.875, 0.875, 0.6335914318378155, 0.5273343179475833, 0.2906332575176549, 0.2906332575176549, 1.0, 1.0, 0.3668412646591884, 0.6029620170593262, 0.6560685634613037, 0.6910684108734131]
[0.7502657341957092, 1.0, 0.08002584788138001, 0.07113408700567111, 0.07113408700567111, 0.875, 0.875, 0.5333001063420222, 0.4466964629240987, 0.4343536365600471, 0.4343536365600471, 1.0, 1.0, 0.3107453655124165, 0.68296217918396, 0.6560685634613037, 0.6910684108734131]
[0.7502657341957092, 1.0, 0.08924809803878475, 0.079331642701142, 0.079331642701142, 0.875, 0.875, 0.4390577169565054, 0.11889574863136043, 0.9584861168934118, 0.9584861168934118, 1.0, 1.0, 0.08271008600442464, 0.6029620170593262, 0.6560685634613037, 0.6910684108734131]
[0.7502657341957092, 1.0, 0.08300518278762925, 0.07378238470011489, 0.07378238470011489, 0.875, 0.875, 0.43839337275578427, 0.3702387872335289, 0.558322316755705, 0.558322316755705, 1.0, 1.0, 0.2575574172059331, 0.5979621410369873, 0.6560685634613037, 0.6910684108734131]
[0.7502657341957092, 1.0, 0.08002584788138001, 0.07113408700567111, 0.07113408700567111, 0.875, 0.875, 0.6334866743821365, 0.278288996861324, 0.6884829787793738, 0.6884829787793738, 1.0, 1.0, 0.1935923456426602, 0.5279619693756104, 0.6560685634613037, 0.6910684108734131]
[0.7502657341957092, 1.0, 0.0830002154717081, 0.07377796930818498, 0.07377796930818498, 0.875, 0.875, 0.6335914318378155, 0.5273343179475833, 0.3176346640644133, 0.3176346640644133, 1.0, 1.0, 0.3668412646591884, 0.5979621410369873, 0.6560685634613037, 0.6910684108734131]
[0.7502657341957092, 1.0, 0.08300084862559054, 0.07377853211163604, 0.07377853211163604, 0.875, 0.875, 0.6335914318378155, 0.5273343179475833, 0.3195837300591314, 0.3195837300591314, 1.0, 1.0, 0.3668412646591884, 0.5279619693756104, 0.6560685634613037, 0.6910684108734131]
[0.7502657341957092, 1.0, 0.07994344402197617, 0.07106083913064548, 0.07106083913064548, 0.875, 0.875, 0.6335914318378155, 0.5273343179475833, 0.2886681983453186, 0.2886681983453186, 1.0, 1.0, 0.3668412646591884, 0.8379621505737305, 0.6560685634613037, 0.6910684108734131]
[0.7502657341957092, 1.0, 0.07993481290705173, 0.07105316702849043, 0.07105316702849043, 0.875, 0.875, 0.6250250889704778, 0.6656637164494058, 0.8165116830620548, 0.9584861168934118, 1.0, 1.0, 0.44549648820935533, 0.6729621887207031, 0.6560685634613037, 0.6910684108734131]
[0.7502657341957092, 1.0, 0.08002584788138001, 0.07113408700567111, 0.07113408700567111, 0.875, 0.875, 0.6335914318378155, 0.5273343179475833, 0.3040802028086046, 0.3040802028086046, 1.0, 1.0, 0.3668412646591884, 0.672961950302124, 0.6560685634613037, 0.6910684108734131]
[0.7502657341957092, 1.0, 0.0737787193607724, 0.06558108387624213, 0.06558108387624213, 0.875, 0.875, 0.5765636150653546, 0.5221573063437555, 0.9584861168934118, 0.9584861168934118, 1.0, 1.0, 0.3668412646591884, 0.5279624462127686, 0.6560685634613037, 0.6910684108734131]
[0.7502657341957092, 1.0, 0.0737763736023227, 0.06557899875762017, 0.06557899875762017, 0.875, 0.875, 0.6335914318378155, 0.5273343179475833, 0.3324111355015975, 0.3324111355015975, 1.0, 1.0, 0.3668412646591884, 0.5979621410369873, 0.6560685634613037, 0.6910684108734131]
[0.4108719396591186, 0.31047443235026695, 0.5506903181143283, 0.9192360249037619, 0.5407248933800558, 0.875, 0.875, 0.6142559051513672, 0.5390377291452139, 0.8292241541308357, 0.8292241541308357, 1.0, 1.0, 0.3668412646591884, 0.7579622268676758, 0.6560685634613037, 0.6910684108734131]
[0.7502657341957092, 1.0, 0.0830002154717081, 0.07377796930818498, 0.07377796930818498, 0.875, 0.875, 0.6335914318378155, 0.5273343179475833, 0.3176346640644133, 0.3176346640644133, 1.0, 1.0, 0.3668412646591884, 0.6729621887207031, 0.6560685634613037, 0.6910684108734131]
[0.7502657341957092, 1.0, 0.08300084862559054, 0.07377853211163604, 0.07377853211163604, 0.875, 0.875, 0.5333001063420222, 0.4466964629240987, 0.448068262649387, 0.448068262649387, 1.0, 1.0, 0.3107453655124165, 0.7579622268676758, 0.6560685634613037, 0.6910684108734131]
[0.7502657341957092, 1.0, 0.07676459748596198, 0.06823519776529954, 0.06823519776529954, 0.875, 0.875, 0.6335914318378155, 0.5273343179475833, 0.33164736485755214, 0.33164736485755214, 1.0, 1.0, 0.3668412646591884, 0.6729621887207031, 0.6560685634613037, 0.6910684108734131]
[0.7502657341957092, 1.0, 0.08002584788138001, 0.07113408700567111, 0.07113408700567111, 0.875, 0.875, 0.6335914318378155, 0.5273343179475833, 0.3040802028086046, 0.3040802028086046, 1.0, 1.0, 0.3668412646591884, 0.6029622554779053, 0.6560685634613037, 0.6910684108734131]
[0.7502657341957092, 1.0, 0.07994344402197617, 0.07106083913064548, 0.07106083913064548, 0.875, 0.875, 0.6335914318378155, 0.5273343179475833, 0.2886681983453186, 0.2886681983453186, 1.0, 1.0, 0.3668412646591884, 0.6029622554779053, 0.6560685634613037, 0.6910684108734131]
[0.7502657341957092, 1.0, 0.0737787193607724, 0.06558108387624213, 0.06558108387624213, 0.875, 0.875, 0.4798270005446214, 0.5975866093684811, 0.8292241541308357, 1.0, 1.0, 0.7540667985043683, 0.4190577030852204, 0.6029622554779053, 0.6560685634613037, 0.6910684108734131]
[0.7502657341957092, 1.0, 0.0737787193607724, 0.06558108387624213, 0.06558108387624213, 0.875, 0.875, 0.5463770352877103, 0.45584486668862456, 0.4343536365600471, 0.4343536365600471, 1.0, 1.0, 0.3171094724790432, 0.5179622173309326, 0.6560685634613037, 0.6910684108734131]
[0.4108719396591186, 0.31047443235026695, 0.5506903181143283, 0.9192360249037619, 0.5407248933800558, 0.875, 0.875, 0.6076242006742038, 0.5442145383616604, 0.6893203652314212, 0.6893203652314212, 1.0, 1.0, 0.3668412646591884, 0.6029622554779053, 0.6560685634613037, 0.6910684108734131]
[0.7502657341957092, 1.0, 0.08002584788138001, 0.07113408700567111, 0.07113408700567111, 0.875, 0.875, 0.583195319542518, 0.49744345400304946, 0.6821725421130151, 1.0, 1.0, 0.8645578168605973, 0.3668412646591884, 0.5179622173309326, 0.6560685634613037, 0.6910684108734131]
[0.7502657341957092, 1.0, 0.0830117460024371, 0.07378821866883298, 0.07378821866883298, 0.875, 0.875, 0.4108876448411208, 0.3832019081908238, 0.9584861168934118, 0.9584861168934118, 1.0, 1.0, 0.2506613487190543, 0.6029622554779053, 0.6560685634613037, 0.6910684108734131]
[0.4108719396591186, 0.31047443235026695, 0.5506903181143283, 0.9192360249037619, 0.5407248933800558, 0.875, 0.875, 0.6335914318378155, 0.5273343179475833, 0.3029483945052231, 0.3029483945052231, 1.0, 1.0, 0.3668412646591884, 0.6029620170593262, 0.6560685634613037, 0.6910684108734131]
[0.7502657341957092, 1.0, 0.08301175321376997, 0.07378822507890664, 0.07378822507890664, 0.875, 0.875, 0.5488712604229267, 0.5307535347774798, 0.8292241541308357, 0.8292241541308357, 1.0, 1.0, 0.3668412646591884, 0.6029620170593262, 0.6560685634613037, 0.6910684108734131]
[0.7502657341957092, 1.0, 0.0737763736023227, 0.06557899875762017, 0.06557899875762017, 0.875, 0.875, 0.6335914318378155, 0.5273343179475833, 0.3324111355015975, 0.3324111355015975, 1.0, 1.0, 0.3668412646591884, 0.5179622173309326, 0.6560685634613037, 0.6910684108734131]
[0.7502657341957092, 1.0, 0.07994344402197617, 0.07106083913064548, 0.07106083913064548, 0.875, 0.875, 0.6335914318378155, 0.5273343179475833, 0.2886681983453186, 0.2886681983453186, 1.0, 1.0, 0.3668412646591884, 0.68296217918396, 0.6560685634613037, 0.6910684108734131]
[0.7502657341957092, 1.0, 0.08300084862559054, 0.07377853211163604, 0.07377853211163604, 0.875, 0.875, 0.57916259765625, 0.5428730946674476, 0.6893203652314212, 0.6893203652314212, 1.0, 1.0, 0.3668412646591884, 0.5979623794555664, 0.6560685634613037, 0.6910684108734131]
[0.5830313730239868, 0.834440469382227, 0.6797488032759286, 0.9166666666666666, 0.9893016991370589, 0.9821788230583823, 0.875, 0.5955030001126803, 0.5073055305698482, 0.7081068856075043, 1.0, 1.0, 0.8649218979267047, 0.3668412646591884, 0.7529621124267578, 0.6560685634613037, 0.6910684108734131]
[0.7502657341957092, 1.0, 0.0737787193607724, 0.06558108387624213, 0.06558108387624213, 0.875, 0.875, 0.3496404794546274, 0.29752179344529783, 0.6884829787793738, 0.6884829787793738, 1.0, 1.0, 0.20697168239672892, 0.6729621887207031, 0.6560685634613037, 0.6910684108734131]
[0.7502657341957092, 1.0, 0.07994344402197617, 0.07106083913064548, 0.07106083913064548, 0.875, 0.875, 0.5463770352877103, 0.45584486668862456, 0.4199479859594333, 0.4199479859594333, 1.0, 1.0, 0.3171094724790432, 0.6729621887207031, 0.6560685634613037, 0.6910684108734131]
[0.7502657341957092, 1.0, 0.08301174684782109, 0.0737882194202854, 0.0737882194202854, 0.875, 0.875, 0.44982704749474156, 0.12783884852899985, 0.9584861168934118, 0.9584861168934118, 1.0, 1.0, 0.08893137288973903, 0.5979619026184082, 0.6560685634613037, 0.6910684108734131]
[0.7502657341957092, 1.0, 0.07676459748596198, 0.06823519776529954, 0.06823519776529954, 0.875, 0.875, 0.5868549346923828, 0.5529035093555811, 0.7004781212110642, 0.7004781212110642, 1.0, 1.0, 0.3668412646591884, 0.5279624462127686, 0.6560685634613037, 0.6910684108734131]
[0.7502657341957092, 1.0, 0.08300518278762925, 0.07378238470011489, 0.07378238470011489, 0.875, 0.875, 0.6183933844933143, 0.5517964083227119, 0.674111286829259, 0.674111286829259, 1.0, 1.0, 0.3668412646591884, 0.68296217918396, 0.6560685634613037, 0.6910684108734131]
[0.7502657341957092, 1.0, 0.0830117460024371, 0.07378821866883298, 0.07378821866883298, 0.875, 0.875, 0.5385799407958984, 0.2016668089941116, 0.8292241541308357, 0.8292241541308357, 1.0, 1.0, 0.14028995408286024, 0.5279619693756104, 0.6560685634613037, 0.6910684108734131]
[0.7502657341957092, 1.0, 0.08924809803878475, 0.079331642701142, 0.079331642701142, 0.875, 0.875, 0.5333001063420222, 0.4466964629240987, 0.4211115783121544, 0.4211115783121544, 1.0, 1.0, 0.3107453655124165, 0.7579622268676758, 0.6560685634613037, 0.6910684108734131]
[0.7502657341957092, 1.0, 0.08301175321376997, 0.07378822507890664, 0.07378822507890664, 0.875, 0.875, 0.6076242006742038, 0.5442145383616604, 0.7004781212110642, 0.7004781212110642, 1.0, 1.0, 0.3668412646591884, 0.68296217918396, 0.6560685634613037, 0.6910684108734131]
[0.7502657341957092, 1.0, 0.07993481290705173, 0.07105316702849043, 0.07105316702849043, 0.875, 0.875, 0.6335914318378155, 0.5273343179475833, 0.30545915972901794, 0.30545915972901794, 1.0, 1.0, 0.3668412646591884, 0.5979621410369873, 0.6560685634613037, 0.6910684108734131]
[0.7502657341957092, 1.0, 0.07994344402197617, 0.07106083913064548, 0.07106083913064548, 0.875, 0.875, 0.5463770352877103, 0.45584486668862456, 0.4199479859594333, 0.4199479859594333, 1.0, 1.0, 0.3171094724790432, 0.7529623508453369, 0.6560685634613037, 0.6910684108734131]
[0.7502657341957092, 1.0, 0.08301175321376997, 0.07378822507890664, 0.07378822507890664, 0.875, 0.875, 0.5463770352877103, 0.45584486668862456, 0.4339229510698802, 0.4339229510698802, 1.0, 1.0, 0.3171094724790432, 0.5979623794555664, 0.6560685634613037, 0.6910684108734131]
[0.7502657341957092, 1.0, 0.0830002154717081, 0.07377796930818498, 0.07377796930818498, 0.875, 0.875, 0.5955030001126803, 0.5072912581741132, 0.6979667258492566, 1.0, 1.0, 0.8649218979267047, 0.3668412646591884, 0.68296217918396, 0.6560685634613037, 0.6910684108734131]
[0.2608719635009765, 0.31047443235026695, 0.5506905550438344, 0.9195242651465847, 0.5407248933800558, 0.875, 0.875, 0.5678106454702524, 0.2100912466765228, 0.8156953034316403, 0.8156953034316403, 1.0, 1.0, 0.14615043247062456, 0.6029622554779053, 0.6560685634613037, 0.6910684108734131]
[0.4108719396591186, 0.31047443235026695, 0.5506903181143283, 0.9192360249037619, 0.5407248933800558, 0.875, 0.875, 0.6335914318378155, 0.5273343179475833, 0.3029483945052231, 0.3029483945052231, 1.0, 1.0, 0.3668412646591884, 0.6029622554779053, 0.6560685634613037, 0.6910684108734131]
[0.7502657341957092, 1.0, 0.08301175321376997, 0.07378822507890664, 0.07378822507890664, 0.875, 0.875, 0.43839337275578427, 0.3702387872335289, 0.5721076907739727, 0.5721076907739727, 1.0, 1.0, 0.2575574172059331, 0.5979621410369873, 0.6560685634613037, 0.6910684108734131]
[0.7502657341957092, 1.0, 0.07676459748596198, 0.06823519776529954, 0.06823519776529954, 0.875, 0.875, 0.49194820110614484, 0.5488654274742732, 0.8292241541308357, 0.8292241541308357, 1.0, 1.0, 0.3668412646591884, 0.5279619693756104, 0.6560685634613037, 0.6910684108734131]
[0.4108719396591186, 0.31047443235026695, 0.5506903181143283, 0.9192360249037619, 0.5407248933800558, 0.875, 0.875, 0.5757942199707031, 0.5390377291452139, 0.8292241541308357, 0.8292241541308357, 1.0, 1.0, 0.3668412646591884, 0.6829619407653809, 0.6560685634613037, 0.6910684108734131]
[0.7502657341957092, 1.0, 0.08924809803878475, 0.079331642701142, 0.079331642701142, 0.875, 0.875, 0.5955030001126803, 0.4890362759058442, 0.6821725421130151, 1.0, 1.0, 0.8649218979267047, 0.3668412646591884, 0.7529621124267578, 0.6560685634613037, 0.6910684108734131]
[0.7502657341957092, 1.0, 0.08300518278762925, 0.07378238470011489, 0.07378238470011489, 0.875, 0.875, 0.6335914318378155, 0.5273343179475833, 0.3046999819021282, 0.3046999819021282, 1.0, 1.0, 0.3668412646591884, 0.7579622268676758, 0.6560685634613037, 0.6910684108734131]
[0.7502657341957092, 1.0, 0.0737787193607724, 0.06558108387624213, 0.06558108387624213, 0.875, 0.875, 0.5801183260404147, 0.5975866093684811, 0.8292241541308357, 1.0, 1.0, 0.7540667985043683, 0.4190577030852204, 0.68296217918396, 0.6560685634613037, 0.6910684108734131]
[0.7502657341957092, 1.0, 0.08002584788138001, 0.07113408700567111, 0.07113408700567111, 0.875, 0.875, 0.426085692185622, 0.3603256887836406, 0.5717429308630366, 0.5717429308630366, 1.0, 1.0, 0.2506613487190543, 0.68296217918396, 0.6560685634613037, 0.6910684108734131]
[0.7502657341957092, 1.0, 0.08301174684782109, 0.0737882194202854, 0.0737882194202854, 0.875, 0.875, 0.523008786714994, 0.5440805912922844, 0.7004781212110642, 0.7004781212110642, 1.0, 1.0, 0.3668412646591884, 0.5979621410369873, 0.6560685634613037, 0.6910684108734131]
[0.7502657341957092, 1.0, 0.08002584788138001, 0.07113408700567111, 0.07113408700567111, 0.875, 0.875, 0.23088748638446516, 0.20056287609305823, 0.827672852270745, 0.827672852270745, 1.0, 1.0, 0.13952200076038834, 0.6029622554779053, 0.6560685634613037, 0.6910684108734131]
[0.7502657341957092, 1.0, 0.08300518278762925, 0.07378238470011489, 0.07378238470011489, 0.875, 0.875, 0.6335914318378155, 0.5273343179475833, 0.3046999819021282, 0.3046999819021282, 1.0, 1.0, 0.3668412646591884, 0.7529621124267578, 0.6560685634613037, 0.6910684108734131]
[0.7502657341957092, 1.0, 0.08300084862559054, 0.07377853211163604, 0.07377853211163604, 0.875, 0.875, 0.5333001063420222, 0.4466964629240987, 0.448068262649387, 0.448068262649387, 1.0, 1.0, 0.3107453655124165, 0.7579622268676758, 0.6560685634613037, 0.6910684108734131]
[0.5830313730239868, 0.834440469382227, 0.6797488032759286, 0.9166666666666666, 0.9893016991370589, 0.9821788230583823, 0.875, 0.44982704749474156, 0.12905453118236765, 0.9584861168934118, 0.9584861168934118, 1.0, 1.0, 0.08977706517034272, 0.5979621410369873, 0.6560685634613037, 0.6910684108734131]
[0.7502657341957092, 1.0, 0.08300518278762925, 0.07378238470011489, 0.07378238470011489, 0.875, 0.875, 0.2547337458683894, 0.2197678011991817, 0.8156953034316403, 0.8156953034316403, 1.0, 1.0, 0.15288194866030033, 0.6729621887207031, 0.6560685634613037, 0.6910684108734131]
[0.7502657341957092, 1.0, 0.08002584788138001, 0.07113408700567111, 0.07113408700567111, 0.875, 0.875, 0.513964579655574, 0.49744345400304946, 0.6821725421130151, 1.0, 1.0, 0.8645578168605973, 0.3668412646591884, 0.5979621410369873, 0.6560685634613037, 0.6910684108734131]
[0.7502657341957092, 1.0, 0.08924809803878475, 0.079331642701142, 0.079331642701142, 0.875, 0.875, 0.5996404794546274, 0.5206922086497671, 0.8156953034316403, 0.8156953034316403, 1.0, 1.0, 0.3668412646591884, 0.5279619693756104, 0.6560685634613037, 0.6910684108734131]
[0.7502657341957092, 1.0, 0.08300084862559054, 0.07377853211163604, 0.07377853211163604, 0.875, 0.875, 0.3793490483210637, 0.38430916749271415, 0.9584861168934118, 0.9584861168934118, 1.0, 1.0, 0.2506613487190543, 0.44796204566955566, 0.6560685634613037, 0.6910684108734131]
[0.7502657341957092, 1.0, 0.08002584788138001, 0.07113408700567111, 0.07113408700567111, 0.875, 0.875, 0.41751920259915865, 0.6289356234412687, 0.8165116830620548, 1.0, 1.0, 0.6974261751341758, 0.44549648820935533, 0.68296217918396, 0.6560685634613037, 0.6910684108734131]
[0.5830313730239868, 0.834440469382227, 0.6797488032759286, 0.9166666666666666, 0.9893016991370589, 0.9821788230583823, 0.875, 0.2859808114858774, 0.30671964884180536, 0.9584861168934118, 1.0, 1.0, 0.9257496322307981, 0.20608640448551688, 0.8379621505737305, 0.6560685634613037, 0.6910684108734131]
[0.7502657341957092, 1.0, 0.08300084862559054, 0.07377853211163604, 0.07377853211163604, 0.875, 0.875, 0.4131952432485727, 0.4340021052740115, 0.9684861168934118, 1.0, 1.0, 0.9819504856058312, 0.3107453655124165, 0.68296217918396, 0.6560685634613037, 0.6910684108734131]
[0.7502657341957092, 1.0, 0.08300518278762925, 0.07378238470011489, 0.07378238470011489, 0.875, 0.875, 0.6335914318378155, 0.5273343179475833, 0.3046999819021282, 0.3046999819021282, 1.0, 1.0, 0.3668412646591884, 0.68296217918396, 0.6560685634613037, 0.6910684108734131]
[0.4108719396591186, 0.31047443235026695, 0.5506903181143283, 0.9192360249037619, 0.5407248933800558, 0.875, 0.875, 0.6335914318378155, 0.5273343179475833, 0.3029483945052231, 0.3029483945052231, 1.0, 1.0, 0.3668412646591884, 0.68296217918396, 0.6560685634613037, 0.6910684108734131]
[0.7502657341957092, 1.0, 0.07994344402197617, 0.07106083913064548, 0.07106083913064548, 0.875, 0.875, 0.6335914318378155, 0.5273343179475833, 0.2886681983453186, 0.2886681983453186, 1.0, 1.0, 0.3668412646591884, 0.68296217918396, 0.6560685634613037, 0.6910684108734131]
[0.7502657341957092, 1.0, 0.08300084862559054, 0.07377853211163604, 0.07377853211163604, 0.875, 0.875, 0.6335914318378155, 0.5273343179475833, 0.3195837300591314, 0.3195837300591314, 1.0, 1.0, 0.3668412646591884, 0.68296217918396, 0.6560685634613037, 0.6910684108734131]
[0.7502657341957092, 1.0, 0.08002584788138001, 0.07113408700567111, 0.07113408700567111, 0.875, 0.875, 0.583195319542518, 0.49744345400304946, 0.6821725421130151, 1.0, 1.0, 0.8645578168605973, 0.3668412646591884, 0.6029622554779053, 0.6560685634613037, 0.6910684108734131]
[0.7502657341957092, 1.0, 0.0767645808888362, 0.06823518301229885, 0.06823518301229885, 0.875, 0.875, 0.43839337275578427, 0.3691358772072306, 0.584605905540706, 0.584605905540706, 1.0, 1.0, 0.25679017544850824, 0.68296217918396, 0.6560685634613037, 0.6910684108734131]
[0.7502657341957092, 1.0, 0.07676459748596198, 0.06823519776529954, 0.06823519776529954, 0.875, 0.875, 0.6335914318378155, 0.5273343179475833, 0.33164736485755214, 0.33164736485755214, 1.0, 1.0, 0.3668412646591884, 0.5979621410369873, 0.6560685634613037, 0.6910684108734131]
[0.7502657341957092, 1.0, 0.08301174684782109, 0.0737882194202854, 0.0737882194202854, 0.875, 0.875, 0.43839337275578427, 0.3691358772072306, 0.5721076907739727, 0.5721076907739727, 1.0, 1.0, 0.25679017544850824, 0.68296217918396, 0.6560685634613037, 0.6910684108734131]
[0.7502657341957092, 1.0, 0.0737763736023227, 0.06557899875762017, 0.06557899875762017, 0.875, 0.875, 0.6335914318378155, 0.5273343179475833, 0.3324111355015975, 0.3324111355015975, 1.0, 1.0, 0.3668412646591884, 0.5279619693756104, 0.6560685634613037, 0.6910684108734131]
[0.4108719396591186, 0.31047443235026695, 0.5506903181143283, 0.9192360249037619, 0.5407248933800558, 0.875, 0.875, 0.5463770352877103, 0.45584486668862456, 0.434035918994343, 0.434035918994343, 1.0, 1.0, 0.3171094724790432, 0.6729621887207031, 0.6560685634613037, 0.6910684108734131]
[0.7502657341957092, 1.0, 0.0737763736023227, 0.06557899875762017, 0.06557899875762017, 0.875, 0.875, 0.6335914318378155, 0.5273343179475833, 0.3324111355015975, 0.3324111355015975, 1.0, 1.0, 0.3668412646591884, 0.7529621124267578, 0.6560685634613037, 0.6910684108734131]
[0.7502657341957092, 1.0, 0.07994344402197617, 0.07106083913064548, 0.07106083913064548, 0.875, 0.875, 0.6335914318378155, 0.5273343179475833, 0.2886681983453186, 0.2886681983453186, 1.0, 1.0, 0.3668412646591884, 0.44796204566955566, 0.6560685634613037, 0.6910684108734131]
[0.7502657341957092, 1.0, 0.08300084862559054, 0.07377853211163604, 0.07377853211163604, 0.875, 0.875, 0.6335914318378155, 0.5273343179475833, 0.3195837300591314, 0.3195837300591314, 1.0, 1.0, 0.3668412646591884, 0.5179622173309326, 0.6560685634613037, 0.6910684108734131]
[0.7502657341957092, 1.0, 0.08300518278762925, 0.07378238470011489, 0.07378238470011489, 0.875, 0.875, 0.6183933844933143, 0.5517964083227119, 0.674111286829259, 0.674111286829259, 1.0, 1.0, 0.3668412646591884, 0.7579622268676758, 0.6560685634613037, 0.6910684108734131]
[0.7502657341957092, 1.0, 0.08301175321376997, 0.07378822507890664, 0.07378822507890664, 0.875, 0.875, 0.6027174729567307, 0.5307535347774798, 0.8292241541308357, 0.8292241541308357, 1.0, 1.0, 0.3668412646591884, 0.5279619693756104, 0.6560685634613037, 0.6910684108734131]
[0.7502657341957092, 1.0, 0.08002584788138001, 0.07113408700567111, 0.07113408700567111, 0.875, 0.875, 0.6335914318378155, 0.5273343179475833, 0.3040802028086046, 0.3040802028086046, 1.0, 1.0, 0.3668412646591884, 0.5979621410369873, 0.6560685634613037, 0.6910684108734131]
[0.7502657341957092, 1.0, 0.08301175321376997, 0.07378822507890664, 0.07378822507890664, 0.875, 0.875, 0.537810545701247, 0.5071404144403533, 0.8156953034316403, 1.0, 1.0, 0.8139598655539012, 0.3668412646591884, 0.68296217918396, 0.6560685634613037, 0.6910684108734131]
[0.7502657341957092, 1.0, 0.0830117460024371, 0.07378821866883298, 0.07378821866883298, 0.875, 0.875, 0.6335914318378155, 0.5273343179475833, 0.319371878396315, 0.319371878396315, 1.0, 1.0, 0.3668412646591884, 0.5979621410369873, 0.6560685634613037, 0.6910684108734131]
[0.7502657341957092, 1.0, 0.08300518278762925, 0.07378238470011489, 0.07378238470011489, 0.875, 0.875, 0.6335914318378155, 0.5273343179475833, 0.3046999819021282, 0.3046999819021282, 1.0, 1.0, 0.3668412646591884, 0.6029622554779053, 0.6560685634613037, 0.6910684108734131]
[0.7502657341957092, 1.0, 0.08301172592210404, 0.07378820081964804, 0.07378820081964804, 0.875, 0.875, 0.6165635035588191, 0.278288996861324, 0.7004781212110642, 0.7004781212110642, 1.0, 1.0, 0.1935923456426602, 0.5179619789123535, 0.6560685634613037, 0.6910684108734131]
[0.7502657341957092, 1.0, 0.07676459748596198, 0.06823519776529954, 0.06823519776529954, 0.875, 0.875, 0.5559808290921725, 0.5264878368985286, 0.9684861168934118, 1.0, 1.0, 0.9819504856058312, 0.3668412646591884, 0.5979619026184082, 0.6560685634613037, 0.6910684108734131]
[0.7502657341957092, 1.0, 0.0830002154717081, 0.07377796930818498, 0.07377796930818498, 0.875, 0.875, 0.6335914318378155, 0.5273343179475833, 0.3176346640644133, 0.3176346640644133, 1.0, 1.0, 0.3668412646591884, 0.5979621410369873, 0.6560685634613037, 0.6910684108734131]
[0.7502657341957092, 1.0, 0.08301174684782109, 0.0737882194202854, 0.0737882194202854, 0.875, 0.875, 0.6335914318378155, 0.5273343179475833, 0.3174124554491945, 0.3174124554491945, 1.0, 1.0, 0.3668412646591884, 0.5979621410369873, 0.6560685634613037, 0.6910684108734131]
[0.7502657341957092, 1.0, 0.0737787193607724, 0.06558108387624213, 0.06558108387624213, 0.875, 0.875, 0.4499318049504207, 0.3784785286718242, 0.5717429308630366, 0.5717429308630366, 1.0, 1.0, 0.26328941124996463, 0.8279621601104736, 0.6560685634613037, 0.6910684108734131]
[0.7502657341957092, 1.0, 0.0737763736023227, 0.06557899875762017, 0.06557899875762017, 0.875, 0.875, 0.6335914318378155, 0.5273343179475833, 0.3324111355015975, 0.3324111355015975, 1.0, 1.0, 0.3668412646591884, 0.6029622554779053, 0.6560685634613037, 0.6910684108734131]
[0.7502657341957092, 1.0, 0.08924809803878475, 0.079331642701142, 0.079331642701142, 0.875, 0.875, 0.49751927302433896, 0.4890362759058442, 0.9584861168934118, 1.0, 1.0, 0.9198675232311481, 0.3668412646591884, 0.5979619026184082, 0.6560685634613037, 0.6910684108734131]
[0.7502657341957092, 1.0, 0.08924784791137408, 0.07933142036566584, 0.07933142036566584, 0.875, 0.875, 0.6335914318378155, 0.5273343179475833, 0.2886874154456944, 0.2886874154456944, 1.0, 1.0, 0.3668412646591884, 0.5979619026184082, 0.6560685634613037, 0.6910684108734131]
[0.7502657341957092, 1.0, 0.0830117460024371, 0.07378821866883298, 0.07378821866883298, 0.875, 0.875, 0.32396448575533354, 0.45676667406116034, 0.9584861168934118, 0.9584861168934118, 1.0, 1.0, 0.3107453655124165, 0.6029622554779053, 0.6560685634613037, 0.6910684108734131]
[0.7502657341957092, 1.0, 0.08002584788138001, 0.07113408700567111, 0.07113408700567111, 0.875, 0.875, 0.03492017892690805, 0.04147584748480515, 1.0, 1.0, 1.0, 0.02885276346769054, 0.02885276346769054, 0.6029622554779053, 0.6560685634613037, 0.6910684108734131]
[0.7502657341957092, 1.0, 0.08300518278762925, 0.07378238470011489, 0.07378238470011489, 0.875, 0.875, 0.46290382972130406, 0.13945750696077486, 0.9584861168934118, 0.9584861168934118, 1.0, 1.0, 0.09701391788575642, 0.68296217918396, 0.6560685634613037, 0.6910684108734131]
[0.7502657341957092, 1.0, 0.08300084862559054, 0.07377853211163604, 0.07377853211163604, 0.875, 0.875, 0.5333001063420222, 0.4466964629240987, 0.448068262649387, 0.448068262649387, 1.0, 1.0, 0.3107453655124165, 0.68296217918396, 0.6560685634613037, 0.6910684108734131]
[0.6849250960350036, 0.21133713126573905, 0.5569423753013795, 0.9643016991370589, 0.5407248933800558, 0.875, 0.875, 0.42136559119591344, 0.415889839284751, 0.9584861168934118, 1.0, 1.0, 0.8010102293707303, 0.3171094724790432, 0.5979623794555664, 0.6560685634613037, 0.6910684108734131]
[0.7502657341957092, 1.0, 0.0830002154717081, 0.07377796930818498, 0.07377796930818498, 0.875, 0.875, 0.30184334975022536, 0.5072912581741132, 0.9684861168934118, 1.0, 1.0, 0.7539286604323231, 0.3668412646591884, 0.672961950302124, 0.6560685634613037, 0.6910684108734131]
[0.7502657341957092, 1.0, 0.08300518278762925, 0.07378238470011489, 0.07378238470011489, 0.875, 0.875, 0.48059624892014724, 0.508536018060337, 0.8156953034316403, 1.0, 1.0, 0.8079662246763936, 0.3668412646591884, 0.6029622554779053, 0.6560685634613037, 0.6910684108734131]
[0.7502657341957092, 1.0, 0.08924809803878475, 0.079331642701142, 0.079331642701142, 0.875, 0.875, 0.6335914318378155, 0.5273343179475833, 0.2906332575176549, 0.2906332575176549, 1.0, 1.0, 0.3668412646591884, 0.7579622268676758, 0.6560685634613037, 0.6910684108734131]
[0.7502657341957092, 1.0, 0.08300518278762925, 0.07378238470011489, 0.07378238470011489, 0.875, 0.875, 0.6335914318378155, 0.5273343179475833, 0.3046999819021282, 0.3046999819021282, 1.0, 1.0, 0.3668412646591884, 0.5179622173309326, 0.6560685634613037, 0.6910684108734131]
[0.2608719635009765, 0.31047443235026695, 0.5506905550438344, 0.9195242651465847, 0.5407248933800558, 0.875, 0.875, 0.46290382972130406, 0.13811241011680453, 0.9584861168934118, 0.9584861168934118, 1.0, 1.0, 0.09607819834212489, 0.68296217918396, 0.6560685634613037, 0.6910684108734131]
[0.6849250960350036, 0.21133713126573905, 0.5569423753013795, 0.9643016991370589, 0.5407248933800558, 0.875, 0.875, 0.6335914318378155, 0.5273343179475833, 0.2724481993084419, 0.2724481993084419, 1.0, 1.0, 0.3668412646591884, 0.7579619884490967, 0.6560685634613037, 0.6910684108734131]
[0.7502657341957092, 1.0, 0.07676459748596198, 0.06823519776529954, 0.06823519776529954, 0.875, 0.875, 0.6070414323073167, 0.5264878368985286, 0.6954092275805561, 1.0, 1.0, 0.8697730961787237, 0.3668412646591884, 0.7579622268676758, 0.6560685634613037, 0.6910684108734131]
[0.7502657341957092, 1.0, 0.08300084862559054, 0.07377853211163604, 0.07377853211163604, 0.875, 0.875, 0.6335914318378155, 0.5273343179475833, 0.3195837300591314, 0.3195837300591314, 1.0, 1.0, 0.3668412646591884, 0.5979621410369873, 0.6560685634613037, 0.6910684108734131]
[0.7502657341957092, 1.0, 0.08300518278762925, 0.07378238470011489, 0.07378238470011489, 0.875, 0.875, 0.6335914318378155, 0.5273343179475833, 0.3046999819021282, 0.3046999819021282, 1.0, 1.0, 0.3668412646591884, 0.7529621124267578, 0.6560685634613037, 0.6910684108734131]
[0.7502657341957092, 1.0, 0.08301174684782109, 0.0737882194202854, 0.0737882194202854, 0.875, 0.875, 0.40319530780498797, 0.3832205665974613, 0.9584861168934118, 0.9584861168934118, 1.0, 1.0, 0.25679017544850824, 0.7579622268676758, 0.6560685634613037, 0.6910684108734131]
[0.7502657341957092, 1.0, 0.07993481290705173, 0.07105316702849043, 0.07105316702849043, 0.875, 0.875, 0.623486592219426, 0.5388597902120119, 0.8165116830620548, 0.8165116830620548, 1.0, 1.0, 0.3668412646591884, 0.7529621124267578, 0.6560685634613037, 0.6910684108734131]
[0.7502657341957092, 1.0, 0.08300518278762925, 0.07378238470011489, 0.07378238470011489, 0.875, 0.875, 0.6335914318378155, 0.5273343179475833, 0.3046999819021282, 0.3046999819021282, 1.0, 1.0, 0.3668412646591884, 0.44796204566955566, 0.6560685634613037, 0.6910684108734131]
[0.7502657341957092, 1.0, 0.08002584788138001, 0.07113408700567111, 0.07113408700567111, 0.875, 0.875, 0.4150251241830679, 0.3309754443855686, 0.827672852270745, 0.827672852270745, 1.0, 1.0, 0.2506613487190543, 0.6029622554779053, 0.6560685634613037, 0.6910684108734131]
[0.2608719635009765, 0.31047443235026695, 0.5506905550438344, 0.9195242651465847, 0.5407248933800558, 0.875, 0.875, 0.6335914318378155, 0.5273343179475833, 0.30467784669071546, 0.30467784669071546, 1.0, 1.0, 0.3668412646591884, 0.6029622554779053, 0.6560685634613037, 0.6910684108734131]
[0.7502657341957092, 1.0, 0.07993481290705173, 0.07105316702849043, 0.07105316702849043, 0.875, 0.875, 0.426085692185622, 0.3603256887836406, 0.5565475623989385, 0.5565475623989385, 1.0, 1.0, 0.2506613487190543, 0.5279624462127686, 0.6560685634613037, 0.6910684108734131]
[0.4108719396591186, 0.31047443235026695, 0.5506903181143283, 0.9192360249037619, 0.5407248933800558, 0.875, 0.875, 0.6335914318378155, 0.5273343179475833, 0.3029483945052231, 0.3029483945052231, 1.0, 1.0, 0.3668412646591884, 0.7579619884490967, 0.6560685634613037, 0.6910684108734131]
[0.7502657341957092, 1.0, 0.08002584788138001, 0.07113408700567111, 0.07113408700567111, 0.875, 0.875, 0.4711789351243239, 0.5295093583583329, 0.827672852270745, 0.827672852270745, 1.0, 1.0, 0.3668412646591884, 0.7529621124267578, 0.6560685634613037, 0.6910684108734131]
[0.7502657341957092, 1.0, 0.08300084862559054, 0.07377853211163604, 0.07377853211163604, 0.875, 0.875, 0.33887114891639125, 0.2874913775511314, 0.6893203652314212, 0.6893203652314212, 1.0, 1.0, 0.19999400177470011, 0.6029622554779053, 0.6560685634613037, 0.6910684108734131]
[0.7502657341957092, 1.0, 0.08301175321376997, 0.07378822507890664, 0.07378822507890664, 0.875, 0.875, 0.6335914318378155, 0.5273343179475833, 0.3026857878259361, 0.3026857878259361, 1.0, 1.0, 0.3668412646591884, 0.6029622554779053, 0.6560685634613037, 0.6910684108734131]
[0.7502657341957092, 1.0, 0.0767645808888362, 0.06823518301229885, 0.06823518301229885, 0.875, 0.875, 0.2547337458683894, 0.2197435336874367, 0.8292241541308357, 0.8292241541308357, 1.0, 1.0, 0.15286506691299945, 0.68296217918396, 0.6560685634613037, 0.6910684108734131]
[0.7502657341957092, 1.0, 0.07993481290705173, 0.07105316702849043, 0.07105316702849043, 0.875, 0.875, 0.5333001063420222, 0.4466964629240987, 0.4339229510698802, 0.4339229510698802, 1.0, 1.0, 0.3107453655124165, 0.7579622268676758, 0.6560685634613037, 0.6910684108734131]
[0.7502657341957092, 1.0, 0.0830117460024371, 0.07378821866883298, 0.07378821866883298, 0.875, 0.875, 0.6335914318378155, 0.5273343179475833, 0.319371878396315, 0.319371878396315, 1.0, 1.0, 0.3668412646591884, 0.7529621124267578, 0.6560685634613037, 0.6910684108734131]
[0.5830313730239868, 0.834440469382227, 0.6797488032759286, 0.9166666666666666, 0.9893016991370589, 0.9821788230583823, 0.875, 0.4701183025653546, 0.5073055305698482, 0.9584861168934118, 1.0, 1.0, 0.9257496322307981, 0.3668412646591884, 0.7529621124267578, 0.6560685634613037, 0.6910684108734131]
[0.7502657341957092, 1.0, 0.0830117460024371, 0.07378821866883298, 0.07378821866883298, 0.875, 0.875, 0.5207010415884165, 0.41790394581596724, 0.7004781212110642, 0.7004781212110642, 1.0, 1.0, 0.3107453655124165, 0.7579619884490967, 0.6560685634613037, 0.6910684108734131]
[0.7502657341957092, 1.0, 0.0737763736023227, 0.06557899875762017, 0.06557899875762017, 0.875, 0.875, 0.5333001063420222, 0.4466964629240987, 0.4475400468404994, 0.4475400468404994, 1.0, 1.0, 0.3107453655124165, 0.6029622554779053, 0.6560685634613037, 0.6910684108734131]
[0.6849250960350036, 0.21133713126573905, 0.5569423753013795, 0.9643016991370589, 0.5407248933800558, 0.875, 0.875, 0.6076242006742038, 0.5442145383616604, 0.674111286829259, 0.674111286829259, 1.0, 1.0, 0.3668412646591884, 0.68296217918396, 0.6560685634613037, 0.6910684108734131]
[0.7502657341957092, 1.0, 0.0830117460024371, 0.07378821866883298, 0.07378821866883298, 0.875, 0.875, 0.5559808290921725, 0.5071375116321478, 0.9684861168934118, 1.0, 1.0, 0.9819504856058312, 0.3668412646591884, 0.5979621410369873, 0.6560685634613037, 0.6910684108734131]
[0.7502657341957092, 1.0, 0.0737763736023227, 0.06557899875762017, 0.06557899875762017, 0.875, 0.875, 0.40213467524601865, 0.5166548407584539, 0.9684861168934118, 1.0, 1.0, 0.7598000203654346, 0.3668412646591884, 0.7579622268676758, 0.6560685634613037, 0.6910684108734131]
[0.7502657341957092, 1.0, 0.07994344402197617, 0.07106083913064548, 0.07106083913064548, 0.875, 0.875, 0.44982704749474156, 0.12784078690439937, 0.9584861168934118, 0.9584861168934118, 1.0, 1.0, 0.08893272132479957, 0.5179622173309326, 0.6560685634613037, 0.6910684108734131]
[0.7502657341957092, 1.0, 0.08301175321376997, 0.07378822507890664, 0.07378822507890664, 0.875, 0.875, 0.6335914318378155, 0.5273343179475833, 0.3026857878259361, 0.3026857878259361, 1.0, 1.0, 0.3668412646591884, 0.7529621124267578, 0.6560685634613037, 0.6910684108734131]
[0.7502657341957092, 1.0, 0.0830117460024371, 0.07378821866883298, 0.07378821866883298, 0.875, 0.875, 0.426085692185622, 0.3603256887836406, 0.5721076907739727, 0.5721076907739727, 1.0, 1.0, 0.2506613487190543, 0.44796204566955566, 0.6560685634613037, 0.6910684108734131]
[0.4108719396591186, 0.31047443235026695, 0.5506903181143283, 0.9192360249037619, 0.5407248933800558, 0.875, 0.875, 0.5857943021334134, 0.5390377291452139, 0.8292241541308357, 0.8292241541308357, 1.0, 1.0, 0.3668412646591884, 0.7579619884490967, 0.6560685634613037, 0.6910684108734131]
[0.7502657341957092, 1.0, 0.07994344402197617, 0.07106083913064548, 0.07106083913064548, 0.875, 0.875, 0.6296404325045072, 0.2888328211027744, 0.6884829787793738, 0.6884829787793738, 1.0, 1.0, 0.20092717989758221, 0.5279619693756104, 0.6560685634613037, 0.6910684108734131]
[0.4108719396591186, 0.31047443235026695, 0.5506903181143283, 0.9192360249037619, 0.5407248933800558, 0.875, 0.875, 0.33887114891639125, 0.2888328211027744, 0.6893203652314212, 0.6893203652314212, 1.0, 1.0, 0.20092717989758221, 0.5179622173309326, 0.6560685634613037, 0.6910684108734131]
[0.7502657341957092, 1.0, 0.0830002154717081, 0.07377796930818498, 0.07377796930818498, 0.875, 0.875, 0.4855029766376202, 0.5116280818832065, 0.9584861168934118, 0.9584861168934118, 1.0, 1.0, 0.3668412646591884, 0.6029622554779053, 0.6560685634613037, 0.6910684108734131]
[0.7502657341957092, 1.0, 0.08301175321376997, 0.07378822507890664, 0.07378822507890664, 0.875, 0.875, 0.5642557877760667, 0.5307535347774798, 0.8292241541308357, 0.8292241541308357, 1.0, 1.0, 0.3668412646591884, 0.5279619693756104, 0.6560685634613037, 0.6910684108734131]
[0.7502657341957092, 1.0, 0.08300084862559054, 0.07377853211163604, 0.07377853211163604, 0.875, 0.875, 0.6335914318378155, 0.5273343179475833, 0.3195837300591314, 0.3195837300591314, 1.0, 1.0, 0.3668412646591884, 0.4429624080657959, 0.6560685634613037, 0.6910684108734131]
[0.7502657341957092, 1.0, 0.08924809803878475, 0.079331642701142, 0.079331642701142, 0.875, 0.875, 0.6335914318378155, 0.5273343179475833, 0.2906332575176549, 0.2906332575176549, 1.0, 1.0, 0.3668412646591884, 0.5979621410369873, 0.6560685634613037, 0.6910684108734131]
[0.7502657341957092, 1.0, 0.0737763736023227, 0.06557899875762017, 0.06557899875762017, 0.875, 0.875, 0.5262722602257361, 0.5166548407584539, 0.7081068856075043, 1.0, 1.0, 0.8697730961787237, 0.3668412646591884, 0.6729621887207031, 0.6560685634613037, 0.6910684108734131]
[0.7502657341957092, 1.0, 0.0830002154717081, 0.07377796930818498, 0.07377796930818498, 0.875, 0.875, 0.6335914318378155, 0.5273343179475833, 0.3176346640644133, 0.3176346640644133, 1.0, 1.0, 0.3668412646591884, 0.5979623794555664, 0.6560685634613037, 0.6910684108734131]
[0.5830313730239868, 0.834440469382227, 0.6797488032759286, 0.9166666666666666, 0.9893016991370589, 0.9821788230583823, 0.875, 0.5857943021334134, 0.5399212886670096, 0.8292241541308357, 0.8292241541308357, 1.0, 1.0, 0.3668412646591884, 0.6729621887207031, 0.6560685634613037, 0.6910684108734131]
[0.7502657341957092, 1.0, 0.0737763736023227, 0.06557899875762017, 0.06557899875762017, 0.875, 0.875, 0.6335914318378155, 0.5273343179475833, 0.3324111355015975, 0.3324111355015975, 1.0, 1.0, 0.3668412646591884, 0.5279619693756104, 0.6560685634613037, 0.6910684108734131]
[0.7502657341957092, 1.0, 0.07993481290705173, 0.07105316702849043, 0.07105316702849043, 0.875, 0.875, 0.33887114891639125, 0.2874913775511314, 0.674111286829259, 0.674111286829259, 1.0, 1.0, 0.19999400177470011, 0.6029622554779053, 0.6560685634613037, 0.6910684108734131]
[0.7502657341957092, 1.0, 0.08300518278762925, 0.07378238470011489, 0.07378238470011489, 0.875, 0.875, 0.5463770352877103, 0.45584486668862456, 0.4342400195091324, 0.4342400195091324, 1.0, 1.0, 0.3171094724790432, 0.7529623508453369, 0.6560685634613037, 0.6910684108734131]
[0.2608719635009765, 0.31047443235026695, 0.5506905550438344, 0.9195242651465847, 0.5407248933800558, 0.875, 0.875, 0.5463770352877103, 0.45584486668862456, 0.4357492211716165, 0.4357492211716165, 1.0, 1.0, 0.3171094724790432, 0.6729621887207031, 0.6560685634613037, 0.6910684108734131]
[0.7502657341957092, 1.0, 0.07993481290705173, 0.07105316702849043, 0.07105316702849043, 0.875, 0.875, 0.603486574613131, 0.5388597902120119, 0.8165116830620548, 0.8165116830620548, 1.0, 1.0, 0.3668412646591884, 0.8379621505737305, 0.6560685634613037, 0.6910684108734131]
[0.6849250960350036, 0.21133713126573905, 0.5569423753013795, 0.9643016991370589, 0.5407248933800558, 0.875, 0.875, 0.6076242006742038, 0.5442145383616604, 0.674111286829259, 0.674111286829259, 1.0, 1.0, 0.3668412646591884, 0.7579619884490967, 0.6560685634613037, 0.6910684108734131]
[0.7502657341957092, 1.0, 0.07676459748596198, 0.06823519776529954, 0.06823519776529954, 0.875, 0.875, 0.6335914318378155, 0.5273343179475833, 0.33164736485755214, 0.33164736485755214, 1.0, 1.0, 0.3668412646591884, 0.6029622554779053, 0.6560685634613037, 0.6910684108734131]
[0.5830313730239868, 0.834440469382227, 0.6797488032759286, 0.9166666666666666, 0.9893016991370589, 0.9821788230583823, 0.875, 0.6335914318378155, 0.5273343179475833, 0.31742800993142006, 0.31742800993142006, 1.0, 1.0, 0.3668412646591884, 0.672961950302124, 0.6560685634613037, 0.6910684108734131]
[0.7502657341957092, 1.0, 0.0737763736023227, 0.06557899875762017, 0.06557899875762017, 0.875, 0.875, 0.5539644681490384, 0.5166548407584539, 0.8292241541308357, 1.0, 1.0, 0.8144267195026742, 0.3668412646591884, 0.68296217918396, 0.6560685634613037, 0.6910684108734131]
[0.4108719396591186, 0.31047443235026695, 0.5506903181143283, 0.9192360249037619, 0.5407248933800558, 0.875, 0.875, 0.44982704749474156, 0.1289491644299603, 0.9584861168934118, 0.9584861168934118, 1.0, 1.0, 0.08970376655997238, 0.5979621410369873, 0.6560685634613037, 0.6910684108734131]
[0.7502657341957092, 1.0, 0.0830117460024371, 0.07378821866883298, 0.07378821866883298, 0.875, 0.875, 0.6250250889704778, 0.5105012372976974, 0.8292241541308357, 0.9584861168934118, 1.0, 1.0, 0.3668412646591884, 0.5179622173309326, 0.6560685634613037, 0.6910684108734131]
[0.7502657341957092, 1.0, 0.08300084862559054, 0.07377853211163604, 0.07377853211163604, 0.875, 0.875, 0.3239643390362079, 0.4578739332455506, 0.9584861168934118, 0.9584861168934118, 1.0, 1.0, 0.3107453655124165, 0.6029622554779053, 0.6560685634613037, 0.6910684108734131]
[0.7502657341957092, 1.0, 0.0830117460024371, 0.07378821866883298, 0.07378821866883298, 0.875, 0.875, 0.5207010415884165, 0.41790394581596724, 0.7004781212110642, 0.7004781212110642, 1.0, 1.0, 0.3107453655124165, 0.6029622554779053, 0.6560685634613037, 0.6910684108734131]
[0.7502657341957092, 1.0, 0.08301175321376997, 0.07378822507890664, 0.07378822507890664, 0.875, 0.875, 0.6335914318378155, 0.5273343179475833, 0.3026857878259361, 0.3026857878259361, 1.0, 1.0, 0.3668412646591884, 0.68296217918396, 0.6560685634613037, 0.6910684108734131]
[0.7502657341957092, 1.0, 0.08300084862559054, 0.07377853211163604, 0.07377853211163604, 0.875, 0.875, 0.28751930823692906, 0.5072886644317702, 0.9684861168934118, 1.0, 1.0, 0.760029679412777, 0.3668412646591884, 0.7529623508453369, 0.6560685634613037, 0.6910684108734131]
[0.7502657341957092, 1.0, 0.07994344402197617, 0.07106083913064548, 0.07106083913064548, 0.875, 0.875, 0.5331952021672175, 0.4983647228753624, 0.8156953034316403, 1.0, 1.0, 0.8079627668858237, 0.3668412646591884, 0.68296217918396, 0.6560685634613037, 0.6910684108734131]
[0.7502657341957092, 1.0, 0.08300518278762925, 0.07378238470011489, 0.07378238470011489, 0.875, 0.875, 0.5463770352877103, 0.45584486668862456, 0.4342400195091324, 0.4342400195091324, 1.0, 1.0, 0.3171094724790432, 0.7529621124267578, 0.6560685634613037, 0.6910684108734131]
[0.2608719635009765, 0.31047443235026695, 0.5506905550438344, 0.9195242651465847, 0.5407248933800558, 0.875, 0.875, 0.44521155724158656, 0.435107619710009, 0.9584861168934118, 1.0, 1.0, 0.8139616321335873, 0.3171094724790432, 0.7529623508453369, 0.6560685634613037, 0.6910684108734131]
[0.7502657341957092, 1.0, 0.08924784791137408, 0.07933142036566584, 0.07933142036566584, 0.875, 0.875, 0.023381746732271634, 0.03196450137203999, 1.0, 1.0, 1.0, 0.02223617486750608, 0.02223617486750608, 0.5279624462127686, 0.6560685634613037, 0.6910684108734131]
[0.7502657341957092, 1.0, 0.0830117460024371, 0.07378821866883298, 0.07378821866883298, 0.875, 0.875, 0.4801183847280649, 0.5105012372976974, 0.9584861168934118, 0.9584861168934118, 1.0, 1.0, 0.3668412646591884, 0.672961950302124, 0.6560685634613037, 0.6910684108734131]
[0.7502657341957092, 1.0, 0.08301175321376997, 0.07378822507890664, 0.07378822507890664, 0.875, 0.875, 0.6335914318378155, 0.5273343179475833, 0.3026857878259361, 0.3026857878259361, 1.0, 1.0, 0.3668412646591884, 0.68296217918396, 0.6560685634613037, 0.6910684108734131]
[0.7502657341957092, 1.0, 0.0737763736023227, 0.06557899875762017, 0.06557899875762017, 0.875, 0.875, 0.6335914318378155, 0.5273343179475833, 0.3324111355015975, 0.3324111355015975, 1.0, 1.0, 0.3668412646591884, 0.68296217918396, 0.6560685634613037, 0.6910684108734131]
[0.7502657341957092, 1.0, 0.08301174684782109, 0.0737882194202854, 0.0737882194202854, 0.875, 0.875, 0.6335914318378155, 0.5273343179475833, 0.3174124554491945, 0.3174124554491945, 1.0, 1.0, 0.3668412646591884, 0.5979621410369873, 0.6560685634613037, 0.6910684108734131]
[0.7502657341957092, 1.0, 0.07994344402197617, 0.07106083913064548, 0.07106083913064548, 0.875, 0.875, 0.03492017892690805, 0.042397138894256114, 1.0, 1.0, 1.0, 0.029493661839482516, 0.029493661839482516, 0.5179622173309326, 0.6560685634613037, 0.6910684108734131]
[0.7502657341957092, 1.0, 0.0830117460024371, 0.07378821866883298, 0.07378821866883298, 0.875, 0.875, 0.6335914318378155, 0.5273343179475833, 0.319371878396315, 0.319371878396315, 1.0, 1.0, 0.3668412646591884, 0.44796204566955566, 0.6560685634613037, 0.6910684108734131]
[0.7502657341957092, 1.0, 0.08002584788138001, 0.07113408700567111, 0.07113408700567111, 0.875, 0.875, 0.6335914318378155, 0.5273343179475833, 0.3040802028086046, 0.3040802028086046, 1.0, 1.0, 0.3668412646591884, 0.5179622173309326, 0.6560685634613037, 0.6910684108734131]
[0.7502657341957092, 1.0, 0.08924809803878475, 0.079331642701142, 0.079331642701142, 0.875, 0.875, 0.6335914318378155, 0.5273343179475833, 0.2906332575176549, 0.2906332575176549, 1.0, 1.0, 0.3668412646591884, 0.672961950302124, 0.6560685634613037, 0.6910684108734131]
[0.7502657341957092, 1.0, 0.07994344402197617, 0.07106083913064548, 0.07106083913064548, 0.875, 0.875, 0.6335914318378155, 0.5273343179475833, 0.2886681983453186, 0.2886681983453186, 1.0, 1.0, 0.3668412646591884, 0.5279624462127686, 0.6560685634613037, 0.6910684108734131]
[0.7502657341957092, 1.0, 0.08300084862559054, 0.07377853211163604, 0.07377853211163604, 0.875, 0.875, 0.6335914318378155, 0.5273343179475833, 0.3195837300591314, 0.3195837300591314, 1.0, 1.0, 0.3668412646591884, 0.5979621410369873, 0.6560685634613037, 0.6910684108734131]
[0.7502657341957092, 1.0, 0.0737787193607724, 0.06558108387624213, 0.06558108387624213, 0.875, 0.875, 0.6335914318378155, 0.5273343179475833, 0.3161871345271675, 0.3161871345271675, 1.0, 1.0, 0.3668412646591884, 0.8379621505737305, 0.6560685634613037, 0.6910684108734131]
[0.7502657341957092, 1.0, 0.07993481290705173, 0.07105316702849043, 0.07105316702849043, 0.875, 0.875, 0.6335914318378155, 0.5273343179475833, 0.30545915972901794, 0.30545915972901794, 1.0, 1.0, 0.3668412646591884, 0.5979621410369873, 0.6560685634613037, 0.6910684108734131]
[0.7502657341957092, 1.0, 0.08924784791137408, 0.07933142036566584, 0.07933142036566584, 0.875, 0.875, 0.5993490952711839, 0.48793207706064123, 0.8156953034316403, 1.0, 1.0, 0.9819504856058312, 0.3668412646591884, 0.6729621887207031, 0.6560685634613037, 0.6910684108734131]
[0.7502657341957092, 1.0, 0.08300084862559054, 0.07377853211163604, 0.07377853211163604, 0.875, 0.875, 0.5031952491173377, 0.5116084960523828, 0.9584861168934118, 0.9584861168934118, 1.0, 1.0, 0.3668412646591884, 0.7529621124267578, 0.6560685634613037, 0.6910684108734131]
[0.7502657341957092, 1.0, 0.0830002154717081, 0.07377796930818498, 0.07377796930818498, 0.875, 0.875, 0.6335914318378155, 0.5273343179475833, 0.3176346640644133, 0.3176346640644133, 1.0, 1.0, 0.3668412646591884, 0.6029622554779053, 0.6560685634613037, 0.6910684108734131]
[0.7502657341957092, 1.0, 0.08301175321376997, 0.07378822507890664, 0.07378822507890664, 0.875, 0.875, 0.33887114891639125, 0.2888328211027744, 0.7004781212110642, 0.7004781212110642, 1.0, 1.0, 0.20092717989758221, 0.5979621410369873, 0.6560685634613037, 0.6910684108734131]
[0.7502657341957092, 1.0, 0.07676459748596198, 0.06823519776529954, 0.06823519776529954, 0.875, 0.875, 0.6335914318378155, 0.5273343179475833, 0.33164736485755214, 0.33164736485755214, 1.0, 1.0, 0.3668412646591884, 0.6029622554779053, 0.6560685634613037, 0.6910684108734131]
[0.4108719396591186, 0.31047443235026695, 0.5506903181143283, 0.9192360249037619, 0.5407248933800558, 0.875, 0.875, 0.5747337341308594, 0.50729154550352, 0.9684861168934118, 1.0, 1.0, 0.9819504856058312, 0.3668412646591884, 0.6029622554779053, 0.6560685634613037, 0.6910684108734131]
[0.5830313730239868, 0.834440469382227, 0.6797488032759286, 0.9166666666666666, 0.9893016991370589, 0.9821788230583823, 0.875, 0.4798270005446214, 0.4340189772538037, 0.827672852270745, 1.0, 1.0, 0.8649218979267047, 0.3107453655124165, 0.68296217918396, 0.6560685634613037, 0.6910684108734131]
[0.7502657341957092, 1.0, 0.0737787193607724, 0.06558108387624213, 0.06558108387624213, 0.875, 0.875, 0.6335914318378155, 0.5273343179475833, 0.3161871345271675, 0.3161871345271675, 1.0, 1.0, 0.3668412646591884, 0.44796204566955566, 0.6560685634613037, 0.6910684108734131]
[0.6849250960350036, 0.21133713126573905, 0.5569423753013795, 0.9643016991370589, 0.5407248933800558, 0.875, 0.875, 0.43839337275578427, 0.3702387872335289, 0.5423235275526797, 0.5423235275526797, 1.0, 1.0, 0.2575574172059331, 0.5979621410369873, 0.6560685634613037, 0.6910684108734131]
[0.4108719396591186, 0.31047443235026695, 0.5506903181143283, 0.9192360249037619, 0.5407248933800558, 0.875, 0.875, 0.5463770352877103, 0.45584486668862456, 0.434035918994343, 0.434035918994343, 1.0, 1.0, 0.3171094724790432, 0.6729621887207031, 0.6560685634613037, 0.6910684108734131]
[0.7502657341957092, 1.0, 0.07993481290705173, 0.07105316702849043, 0.07105316702849043, 0.875, 0.875, 0.6335914318378155, 0.5273343179475833, 0.30545915972901794, 0.30545915972901794, 1.0, 1.0, 0.3668412646591884, 0.6029622554779053, 0.6560685634613037, 0.6910684108734131]
[0.7502657341957092, 1.0, 0.0737763736023227, 0.06557899875762017, 0.06557899875762017, 0.875, 0.875, 0.5955030001126803, 0.5166548407584539, 0.7081068856075043, 1.0, 1.0, 0.8697730961787237, 0.3668412646591884, 0.68296217918396, 0.6560685634613037, 0.6910684108734131]
[0.7502657341957092, 1.0, 0.08300084862559054, 0.07377853211163604, 0.07377853211163604, 0.875, 0.875, 0.4413654620830829, 0.6387808373590187, 0.8165116830620548, 1.0, 1.0, 0.7041668391561441, 0.44549648820935533, 0.6729621887207031, 0.6560685634613037, 0.6910684108734131]
[0.7502657341957092, 1.0, 0.0737763736023227, 0.06557899875762017, 0.06557899875762017, 0.875, 0.875, 0.529349107008714, 0.46719518809552985, 0.9584861168934118, 0.9584861168934118, 1.0, 1.0, 0.3107453655124165, 0.5279624462127686, 0.6560685634613037, 0.6910684108734131]
[0.7502657341957092, 1.0, 0.0830117460024371, 0.07378821866883298, 0.07378821866883298, 0.875, 0.875, 0.5693491422213041, 0.2016668089941116, 0.8292241541308357, 0.8292241541308357, 1.0, 1.0, 0.14028995408286024, 0.5979621410369873, 0.6560685634613037, 0.6910684108734131]
[0.7502657341957092, 1.0, 0.08301174684782109, 0.0737882194202854, 0.0737882194202854, 0.875, 0.875, 0.4644423264723558, 0.5071401640213844, 0.8292241541308357, 1.0, 1.0, 0.8139598655539012, 0.3668412646591884, 0.7529621124267578, 0.6560685634613037, 0.6910684108734131]
[0.7502657341957092, 1.0, 0.0830002154717081, 0.07377796930818498, 0.07377796930818498, 0.875, 0.875, 0.44982704749474156, 0.12894703554519116, 0.9584861168934118, 0.9584861168934118, 1.0, 1.0, 0.08970228559665472, 0.5979619026184082, 0.6560685634613037, 0.6910684108734131]
[0.7502657341957092, 1.0, 0.0830117460024371, 0.07378821866883298, 0.07378821866883298, 0.875, 0.875, 0.5919481424184946, 0.5306132923212594, 0.8292241541308357, 0.8292241541308357, 1.0, 1.0, 0.3668412646591884, 0.68296217918396, 0.6560685634613037, 0.6910684108734131]
[0.7502657341957092, 1.0, 0.0830117460024371, 0.07378821866883298, 0.07378821866883298, 0.875, 0.875, 0.4711789351243239, 0.5306132923212594, 0.8292241541308357, 0.8292241541308357, 1.0, 1.0, 0.3668412646591884, 0.5979623794555664, 0.6560685634613037, 0.6910684108734131]
[0.7502657341957092, 1.0, 0.08300084862559054, 0.07377853211163604, 0.07377853211163604, 0.875, 0.875, 0.6335914318378155, 0.5273343179475833, 0.3195837300591314, 0.3195837300591314, 1.0, 1.0, 0.3668412646591884, 0.5979621410369873, 0.6560685634613037, 0.6910684108734131]
[0.7502657341957092, 1.0, 0.0737763736023227, 0.06557899875762017, 0.06557899875762017, 0.875, 0.875, 0.4278106689453125, 0.3936304223427354, 0.9584861168934118, 0.9584861168934118, 1.0, 1.0, 0.25679017544850824, 0.68296217918396, 0.6560685634613037, 0.6910684108734131]
[0.7502657341957092, 1.0, 0.07676459748596198, 0.06823519776529954, 0.06823519776529954, 0.875, 0.875, 0.6335914318378155, 0.5273343179475833, 0.33164736485755214, 0.33164736485755214, 1.0, 1.0, 0.3668412646591884, 0.672961950302124, 0.6560685634613037, 0.6910684108734131]
[0.7502657341957092, 1.0, 0.07676459748596198, 0.06823519776529954, 0.06823519776529954, 0.875, 0.875, 0.47367316025954026, 0.14702680996529938, 0.9584861168934118, 0.9584861168934118, 1.0, 1.0, 0.10227951997586043, 0.672961950302124, 0.6560685634613037, 0.6910684108734131]
[0.7502657341957092, 1.0, 0.07993481290705173, 0.07105316702849043, 0.07105316702849043, 0.875, 0.875, 0.5031952491173377, 0.5116084960523828, 0.9584861168934118, 0.9584861168934118, 1.0, 1.0, 0.3668412646591884, 0.7529621124267578, 0.6560685634613037, 0.6910684108734131]
[0.7502657341957092, 1.0, 0.0830117460024371, 0.07378821866883298, 0.07378821866883298, 0.875, 0.875, 0.6335914318378155, 0.5273343179475833, 0.319371878396315, 0.319371878396315, 1.0, 1.0, 0.3668412646591884, 0.68296217918396, 0.6560685634613037, 0.6910684108734131]
[0.7502657341957092, 1.0, 0.08301174684782109, 0.0737882194202854, 0.0737882194202854, 0.875, 0.875, 0.6335914318378155, 0.5273343179475833, 0.3174124554491945, 0.3174124554491945, 1.0, 1.0, 0.3668412646591884, 0.5979623794555664, 0.6560685634613037, 0.6910684108734131]
[0.7502657341957092, 1.0, 0.08300084862559054, 0.07377853211163604, 0.07377853211163604, 0.875, 0.875, 0.6335914318378155, 0.5273343179475833, 0.3195837300591314, 0.3195837300591314, 1.0, 1.0, 0.3668412646591884, 0.6029622554779053, 0.6560685634613037, 0.6910684108734131]
[0.7502657341957092, 1.0, 0.08301174684782109, 0.0737882194202854, 0.0737882194202854, 0.875, 0.875, 0.6335914318378155, 0.5273343179475833, 0.3174124554491945, 0.3174124554491945, 1.0, 1.0, 0.3668412646591884, 0.5279619693756104, 0.6560685634613037, 0.6910684108734131]
[0.7502657341957092, 1.0, 0.07994344402197617, 0.07106083913064548, 0.07106083913064548, 0.875, 0.875, 0.6335914318378155, 0.5273343179475833, 0.2886681983453186, 0.2886681983453186, 1.0, 1.0, 0.3668412646591884, 0.672961950302124, 0.6560685634613037, 0.6910684108734131]
[0.7502657341957092, 1.0, 0.07676459748596198, 0.06823519776529954, 0.06823519776529954, 0.875, 0.875, 0.6335914318378155, 0.5273343179475833, 0.33164736485755214, 0.33164736485755214, 1.0, 1.0, 0.3668412646591884, 0.5179622173309326, 0.6560685634613037, 0.6910684108734131]
[0.7502657341957092, 1.0, 0.08301175321376997, 0.07378822507890664, 0.07378822507890664, 0.875, 0.875, 0.5401182908278245, 0.4567872699955229, 0.9584861168934118, 0.9584861168934118, 1.0, 1.0, 0.3171094724790432, 0.6729621887207031, 0.6560685634613037, 0.6910684108734131]
[0.7502657341957092, 1.0, 0.08301174684782109, 0.0737882194202854, 0.0737882194202854, 0.875, 0.875, 0.6335914318378155, 0.5273343179475833, 0.3174124554491945, 0.3174124554491945, 1.0, 1.0, 0.3668412646591884, 0.5179622173309326, 0.6560685634613037, 0.6910684108734131]
[0.7502657341957092, 1.0, 0.07676459748596198, 0.06823519776529954, 0.06823519776529954, 0.875, 0.875, 0.6335914318378155, 0.5273343179475833, 0.33164736485755214, 0.33164736485755214, 1.0, 1.0, 0.3668412646591884, 0.5179622173309326, 0.6560685634613037, 0.6910684108734131]
[0.7502657341957092, 1.0, 0.08002584788138001, 0.07113408700567111, 0.07113408700567111, 0.875, 0.875, 0.5333001063420222, 0.4466964629240987, 0.4343536365600471, 0.4343536365600471, 1.0, 1.0, 0.3107453655124165, 0.5279624462127686, 0.6560685634613037, 0.6910684108734131]
[0.7502657341957092, 1.0, 0.08300084862559054, 0.07377853211163604, 0.07377853211163604, 0.875, 0.875, 0.5147336813119742, 0.5072886644317702, 0.8165116830620548, 1.0, 1.0, 0.8133949557238814, 0.3668412646591884, 0.6029622554779053, 0.6560685634613037, 0.6910684108734131]
[0.7502657341957092, 1.0, 0.0737787193607724, 0.06558108387624213, 0.06558108387624213, 0.875, 0.875, 0.6335914318378155, 0.5273343179475833, 0.3161871345271675, 0.3161871345271675, 1.0, 1.0, 0.3668412646591884, 0.7579619884490967, 0.6560685634613037, 0.6910684108734131]
[0.7502657341957092, 1.0, 0.0737763736023227, 0.06557899875762017, 0.06557899875762017, 0.875, 0.875, 0.6335914318378155, 0.5273343179475833, 0.3324111355015975, 0.3324111355015975, 1.0, 1.0, 0.3668412646591884, 0.5179622173309326, 0.6560685634613037, 0.6910684108734131]
[0.7502657341957092, 1.0, 0.08301175321376997, 0.07378822507890664, 0.07378822507890664, 0.875, 0.875, 0.6335914318378155, 0.5273343179475833, 0.3026857878259361, 0.3026857878259361, 1.0, 1.0, 0.3668412646591884, 0.7579622268676758, 0.6560685634613037, 0.6910684108734131]
[0.7502657341957092, 1.0, 0.08924809803878475, 0.079331642701142, 0.079331642701142, 0.875, 0.875, 0.426085692185622, 0.3603256887836406, 0.5602381145450818, 0.5602381145450818, 1.0, 1.0, 0.2506613487190543, 0.68296217918396, 0.6560685634613037, 0.6910684108734131]
[0.7502657341957092, 1.0, 0.08002584788138001, 0.07113408700567111, 0.07113408700567111, 0.875, 0.875, 0.6335914318378155, 0.5273343179475833, 0.3040802028086046, 0.3040802028086046, 1.0, 1.0, 0.3668412646591884, 0.6029622554779053, 0.6560685634613037, 0.6910684108734131]
[0.7502657341957092, 1.0, 0.0737787193607724, 0.06558108387624213, 0.06558108387624213, 0.875, 0.875, 0.3496404794546274, 0.29752179344529783, 0.6884829787793738, 0.6884829787793738, 1.0, 1.0, 0.20697168239672892, 0.5979623794555664, 0.6560685634613037, 0.6910684108734131]
[0.7502657341957092, 1.0, 0.08002584788138001, 0.07113408700567111, 0.07113408700567111, 0.875, 0.875, 0.6335914318378155, 0.5273343179475833, 0.3040802028086046, 0.3040802028086046, 1.0, 1.0, 0.3668412646591884, 0.5979621410369873, 0.6560685634613037, 0.6910684108734131]
[0.7502657341957092, 1.0, 0.07676459748596198, 0.06823519776529954, 0.06823519776529954, 0.875, 0.875, 0.6335914318378155, 0.5273343179475833, 0.33164736485755214, 0.33164736485755214, 1.0, 1.0, 0.3668412646591884, 0.672961950302124, 0.6560685634613037, 0.6910684108734131]
[0.7502657341957092, 1.0, 0.07994344402197617, 0.07106083913064548, 0.07106083913064548, 0.875, 0.875, 0.5463770352877103, 0.45584486668862456, 0.4199479859594333, 0.4199479859594333, 1.0, 1.0, 0.3171094724790432, 0.5979621410369873, 0.6560685634613037, 0.6910684108734131]
[0.7502657341957092, 1.0, 0.0737763736023227, 0.06557899875762017, 0.06557899875762017, 0.875, 0.875, 0.43839337275578427, 0.3691358772072306, 0.5731814548561507, 0.5731814548561507, 1.0, 1.0, 0.25679017544850824, 0.6029622554779053, 0.6560685634613037, 0.6910684108734131]
[0.7502657341957092, 1.0, 0.08301175321376997, 0.07378822507890664, 0.07378822507890664, 0.875, 0.875, 0.04722785949707031, 0.05117283050259536, 1.0, 1.0, 1.0, 0.03559849078441416, 0.03559849078441416, 0.5979621410369873, 0.6560685634613037, 0.6910684108734131]
[0.7502657341957092, 1.0, 0.08300518278762925, 0.07378238470011489, 0.07378238470011489, 0.875, 0.875, 0.6335914318378155, 0.5273343179475833, 0.3046999819021282, 0.3046999819021282, 1.0, 1.0, 0.3668412646591884, 0.5979621410369873, 0.6560685634613037, 0.6910684108734131]
[0.7502657341957092, 1.0, 0.08002584788138001, 0.07113408700567111, 0.07113408700567111, 0.875, 0.875, 0.5178106748140775, 0.6289356234412687, 0.8165116830620548, 1.0, 1.0, 0.6974261751341758, 0.44549648820935533, 0.68296217918396, 0.6560685634613037, 0.6910684108734131]
[0.4108719396591186, 0.31047443235026695, 0.5506903181143283, 0.9192360249037619, 0.5407248933800558, 0.875, 0.875, 0.5463770352877103, 0.45584486668862456, 0.434035918994343, 0.434035918994343, 1.0, 1.0, 0.3171094724790432, 0.5179622173309326, 0.6560685634613037, 0.6910684108734131]
[0.7502657341957092, 1.0, 0.07994344402197617, 0.07106083913064548, 0.07106083913064548, 0.875, 0.875, 0.5255028651310847, 0.4983647228753624, 0.8156953034316403, 1.0, 1.0, 0.8079627668858237, 0.3668412646591884, 0.6029622554779053, 0.6560685634613037, 0.6910684108734131]
[0.7502657341957092, 1.0, 0.08301174684782109, 0.0737882194202854, 0.0737882194202854, 0.875, 0.875, 0.6225308638352615, 0.499548445283058, 0.5721076907739727, 0.5721076907739727, 1.0, 1.0, 0.3668412646591884, 0.5979621410369873, 0.6560685634613037, 0.6910684108734131]
[0.7502657341957092, 1.0, 0.0767645808888362, 0.06823518301229885, 0.06823518301229885, 0.875, 0.875, 0.5804097102238581, 0.5486900165749103, 0.8292241541308357, 0.8292241541308357, 1.0, 1.0, 0.3668412646591884, 0.6029622554779053, 0.6560685634613037, 0.6910684108734131]
[0.2608719635009765, 0.31047443235026695, 0.5506905550438344, 0.9195242651465847, 0.5407248933800558, 0.875, 0.875, 0.1552115220289964, 0.13811241011680453, 0.9584861168934118, 0.9584861168934118, 1.0, 1.0, 0.09607819834212489, 0.672961950302124, 0.6560685634613037, 0.6910684108734131]
[0.7502657341957092, 1.0, 0.0830117460024371, 0.07378821866883298, 0.07378821866883298, 0.875, 0.875, 0.6335914318378155, 0.5273343179475833, 0.319371878396315, 0.319371878396315, 1.0, 1.0, 0.3668412646591884, 0.5179622173309326, 0.6560685634613037, 0.6910684108734131]
[0.7502657341957092, 1.0, 0.07993481290705173, 0.07105316702849043, 0.07105316702849043, 0.875, 0.875, 0.6335914318378155, 0.5273343179475833, 0.30545915972901794, 0.30545915972901794, 1.0, 1.0, 0.3668412646591884, 0.5979621410369873, 0.6560685634613037, 0.6910684108734131]
[0.7502657341957092, 1.0, 0.0830002154717081, 0.07377796930818498, 0.07377796930818498, 0.875, 0.875, 0.6335914318378155, 0.5273343179475833, 0.3176346640644133, 0.3176346640644133, 1.0, 1.0, 0.3668412646591884, 0.7529621124267578, 0.6560685634613037, 0.6910684108734131]
[0.7502657341957092, 1.0, 0.08924809803878475, 0.079331642701142, 0.079331642701142, 0.875, 0.875, 0.5124260829045222, 0.5015767906371248, 0.9584861168934118, 0.9584861168934118, 1.0, 1.0, 0.3668412646591884, 0.5979621410369873, 0.6560685634613037, 0.6910684108734131]
[0.7502657341957092, 1.0, 0.08301172592210404, 0.07378820081964804, 0.07378820081964804, 0.875, 0.875, 0.6335914318378155, 0.5273343179475833, 0.3195089133773779, 0.3195089133773779, 1.0, 1.0, 0.3668412646591884, 0.5179622173309326, 0.6560685634613037, 0.6910684108734131]
[0.7502657341957092, 1.0, 0.08300084862559054, 0.07377853211163604, 0.07377853211163604, 0.875, 0.875, 0.6335914318378155, 0.5273343179475833, 0.3195837300591314, 0.3195837300591314, 1.0, 1.0, 0.3668412646591884, 0.6029622554779053, 0.6560685634613037, 0.6910684108734131]
[0.2608719635009765, 0.31047443235026695, 0.5506905550438344, 0.9195242651465847, 0.5407248933800558, 0.875, 0.875, 0.04722800621619591, 0.052426575688151233, 1.0, 1.0, 1.0, 0.03647066134827912, 0.03647066134827912, 0.5979621410369873, 0.6560685634613037, 0.6910684108734131]
[0.7502657341957092, 1.0, 0.07676459748596198, 0.06823519776529954, 0.06823519776529954, 0.875, 0.875, 0.47367316025954026, 0.14702680996529938, 0.9584861168934118, 0.9584861168934118, 1.0, 1.0, 0.10227951997586043, 0.7529621124267578, 0.6560685634613037, 0.6910684108734131]
[0.7502657341957092, 1.0, 0.08924809803878475, 0.079331642701142, 0.079331642701142, 0.875, 0.875, 0.6335914318378155, 0.5273343179475833, 0.2906332575176549, 0.2906332575176549, 1.0, 1.0, 0.3668412646591884, 0.5179622173309326, 0.6560685634613037, 0.6910684108734131]
[0.7502657341957092, 1.0, 0.07994344402197617, 0.07106083913064548, 0.07106083913064548, 0.875, 0.875, 0.5742558699387771, 0.5307535347774798, 0.8165116830620548, 0.8165116830620548, 1.0, 1.0, 0.3668412646591884, 0.6029622554779053, 0.6560685634613037, 0.6910684108734131]
[0.7502657341957092, 1.0, 0.08301175321376997, 0.07378822507890664, 0.07378822507890664, 0.875, 0.875, 0.6142559051513672, 0.2888328211027744, 0.7004781212110642, 0.7004781212110642, 1.0, 1.0, 0.20092717989758221, 0.6029622554779053, 0.6560685634613037, 0.6910684108734131]
[0.7502657341957092, 1.0, 0.07993481290705173, 0.07105316702849043, 0.07105316702849043, 0.875, 0.875, 0.5178106748140775, 0.6299723214025791, 0.8165116830620548, 1.0, 1.0, 0.6980257216213122, 0.44549648820935533, 0.6729621887207031, 0.6560685634613037, 0.6910684108734131]
[0.7502657341957092, 1.0, 0.0737763736023227, 0.06557899875762017, 0.06557899875762017, 0.875, 0.875, 0.6225308638352615, 0.499548445283058, 0.5731814548561507, 0.5731814548561507, 1.0, 1.0, 0.3668412646591884, 0.5979621410369873, 0.6560685634613037, 0.6910684108734131]
[0.5830313730239868, 0.834440469382227, 0.6797488032759286, 0.9166666666666666, 0.9893016991370589, 0.9821788230583823, 0.875, 0.6293490483210638, 0.5073055305698482, 0.9584861168934118, 1.0, 1.0, 0.9257496322307981, 0.3668412646591884, 0.7579622268676758, 0.6560685634613037, 0.6910684108734131]
[0.7502657341957092, 1.0, 0.0830002154717081, 0.07377796930818498, 0.07377796930818498, 0.875, 0.875, 0.5501183729905349, 0.21007387366251695, 0.8292241541308357, 0.8292241541308357, 1.0, 1.0, 0.14613834689566396, 0.7579619884490967, 0.6560685634613037, 0.6910684108734131]
[0.7502657341957092, 1.0, 0.0830002154717081, 0.07377796930818498, 0.07377796930818498, 0.875, 0.875, 0.6335914318378155, 0.5273343179475833, 0.3176346640644133, 0.3176346640644133, 1.0, 1.0, 0.3668412646591884, 0.6029620170593262, 0.6560685634613037, 0.6910684108734131]
[0.7502657341957092, 1.0, 0.07993481290705173, 0.07105316702849043, 0.07105316702849043, 0.875, 0.875, 0.5470413794884315, 0.49848015988981853, 0.9584861168934118, 1.0, 1.0, 0.9202224708965455, 0.3668412646591884, 0.6729621887207031, 0.6560685634613037, 0.6910684108734131]
[0.5830313730239868, 0.834440469382227, 0.6797488032759286, 0.9166666666666666, 0.9893016991370589, 0.9821788230583823, 0.875, 0.6335914318378155, 0.5273343179475833, 0.31742800993142006, 0.31742800993142006, 1.0, 1.0, 0.3668412646591884, 0.672961950302124, 0.6560685634613037, 0.6910684108734131]
[0.7502657341957092, 1.0, 0.07993481290705173, 0.07105316702849043, 0.07105316702849043, 0.875, 0.875, 0.24242606529822716, 0.2099133072273176, 0.8165116830620548, 0.8165116830620548, 1.0, 1.0, 0.14602664850596006, 0.68296217918396, 0.6560685634613037, 0.6910684108734131]
[0.7502657341957092, 1.0, 0.08924784791137408, 0.07933142036566584, 0.07933142036566584, 0.875, 0.875, 0.6335914318378155, 0.5273343179475833, 0.2886874154456944, 0.2886874154456944, 1.0, 1.0, 0.3668412646591884, 0.672961950302124, 0.6560685634613037, 0.6910684108734131]
[0.7502657341957092, 1.0, 0.08300518278762925, 0.07378238470011489, 0.07378238470011489, 0.875, 0.875, 0.3496404794546274, 0.2964146913158987, 0.674111286829259, 0.674111286829259, 1.0, 1.0, 0.20620152439366865, 0.5979621410369873, 0.6560685634613037, 0.6910684108734131]
[0.7502657341957092, 1.0, 0.0737763736023227, 0.06557899875762017, 0.06557899875762017, 0.875, 0.875, 0.6335914318378155, 0.5273343179475833, 0.3324111355015975, 0.3324111355015975, 1.0, 1.0, 0.3668412646591884, 0.7579619884490967, 0.6560685634613037, 0.6910684108734131]
[0.7502657341957092, 1.0, 0.08924784791137408, 0.07933142036566584, 0.07933142036566584, 0.875, 0.875, 0.4562721252441406, 0.49237206121919297, 0.9584861168934118, 0.9584861168934118, 1.0, 1.0, 0.3668412646591884, 0.5179622173309326, 0.6560685634613037, 0.6910684108734131]
[0.7502657341957092, 1.0, 0.08002584788138001, 0.07113408700567111, 0.07113408700567111, 0.875, 0.875, 0.6335914318378155, 0.5273343179475833, 0.3040802028086046, 0.3040802028086046, 1.0, 1.0, 0.3668412646591884, 0.7529621124267578, 0.6560685634613037, 0.6910684108734131]
[0.7502657341957092, 1.0, 0.08002584788138001, 0.07113408700567111, 0.07113408700567111, 0.875, 0.875, 0.5124260829045222, 0.5027846529702555, 0.9584861168934118, 0.9584861168934118, 1.0, 1.0, 0.3668412646591884, 0.5279619693756104, 0.6560685634613037, 0.6910684108734131]
[0.7502657341957092, 1.0, 0.08002584788138001, 0.07113408700567111, 0.07113408700567111, 0.875, 0.875, 0.6335914318378155, 0.5273343179475833, 0.3040802028086046, 0.3040802028086046, 1.0, 1.0, 0.3668412646591884, 0.5979621410369873, 0.6560685634613037, 0.6910684108734131]
[0.7502657341957092, 1.0, 0.0830002154717081, 0.07377796930818498, 0.07377796930818498, 0.875, 0.875, 0.6296404325045072, 0.2886988740637584, 0.6893203652314212, 0.6893203652314212, 1.0, 1.0, 0.20083399934870147, 0.5279619693756104, 0.6560685634613037, 0.6910684108734131]
[0.5830313730239868, 0.834440469382227, 0.6797488032759286, 0.9166666666666666, 0.9893016991370589, 0.9821788230583823, 0.875, 0.6335914318378155, 0.5273343179475833, 0.31742800993142006, 0.31742800993142006, 1.0, 1.0, 0.3668412646591884, 0.5979621410369873, 0.6560685634613037, 0.6910684108734131]
[0.7502657341957092, 1.0, 0.07993481290705173, 0.07105316702849043, 0.07105316702849043, 0.875, 0.875, 0.5501183729905349, 0.2099133072273176, 0.8165116830620548, 0.8165116830620548, 1.0, 1.0, 0.14602664850596006, 0.68296217918396, 0.6560685634613037, 0.6910684108734131]
[0.6849250960350036, 0.21133713126573905, 0.5569423753013795, 0.9643016991370589, 0.5407248933800558, 0.875, 0.875, 0.5463770352877103, 0.45584486668862456, 0.4037514237886253, 0.4037514237886253, 1.0, 1.0, 0.3171094724790432, 0.6729621887207031, 0.6560685634613037, 0.6910684108734131]
[0.7502657341957092, 1.0, 0.0830117460024371, 0.07378821866883298, 0.07378821866883298, 0.875, 0.875, 0.5333001063420222, 0.4466964629240987, 0.448068262649387, 0.448068262649387, 1.0, 1.0, 0.3107453655124165, 0.7579622268676758, 0.6560685634613037, 0.6910684108734131]
[0.7502657341957092, 1.0, 0.0830002154717081, 0.07377796930818498, 0.07377796930818498, 0.875, 0.875, 0.4798270005446214, 0.4340047015092523, 0.8165116830620548, 1.0, 1.0, 0.8649218979267047, 0.3107453655124165, 0.6029622554779053, 0.6560685634613037, 0.6910684108734131]
[0.7502657341957092, 1.0, 0.0737763736023227, 0.06557899875762017, 0.06557899875762017, 0.875, 0.875, 0.5857943021334134, 0.5399212886670096, 0.827672852270745, 0.827672852270745, 1.0, 1.0, 0.3668412646591884, 0.6029620170593262, 0.6560685634613037, 0.6910684108734131]
[0.7502657341957092, 1.0, 0.08301174684782109, 0.0737882194202854, 0.0737882194202854, 0.875, 0.875, 0.6335914318378155, 0.5273343179475833, 0.3174124554491945, 0.3174124554491945, 1.0, 1.0, 0.3668412646591884, 0.672961950302124, 0.6560685634613037, 0.6910684108734131]
[0.7502657341957092, 1.0, 0.08300518278762925, 0.07378238470011489, 0.07378238470011489, 0.875, 0.875, 0.6335914318378155, 0.5273343179475833, 0.3046999819021282, 0.3046999819021282, 1.0, 1.0, 0.3668412646591884, 0.68296217918396, 0.6560685634613037, 0.6910684108734131]
[0.7502657341957092, 1.0, 0.08924809803878475, 0.079331642701142, 0.079331642701142, 0.875, 0.875, 0.5333001063420222, 0.4466964629240987, 0.4211115783121544, 0.4211115783121544, 1.0, 1.0, 0.3107453655124165, 0.68296217918396, 0.6560685634613037, 0.6910684108734131]
[0.7502657341957092, 1.0, 0.08924784791137408, 0.07933142036566584, 0.07933142036566584, 0.875, 0.875, 0.3570412855881911, 0.43863752388522226, 0.9584861168934118, 0.9584861168934118, 1.0, 1.0, 0.3107453655124165, 0.6029622554779053, 0.6560685634613037, 0.6910684108734131]
[0.4108719396591186, 0.31047443235026695, 0.5506903181143283, 0.9192360249037619, 0.5407248933800558, 0.875, 0.875, 0.43839337275578427, 0.3702387872335289, 0.5708083981649275, 0.5708083981649275, 1.0, 1.0, 0.2575574172059331, 0.5979621410369873, 0.6560685634613037, 0.6910684108734131]
[0.7502657341957092, 1.0, 0.0830117460024371, 0.07378821866883298, 0.07378821866883298, 0.875, 0.875, 0.5231952667236328, 0.5105012372976974, 0.9584861168934118, 0.9584861168934118, 1.0, 1.0, 0.3668412646591884, 0.68296217918396, 0.6560685634613037, 0.6910684108734131]
[0.7502657341957092, 1.0, 0.0737787193607724, 0.06558108387624213, 0.06558108387624213, 0.875, 0.875, 0.5463770352877103, 0.45584486668862456, 0.4343536365600471, 0.4343536365600471, 1.0, 1.0, 0.3171094724790432, 0.4429624080657959, 0.6560685634613037, 0.6910684108734131]
[0.7502657341957092, 1.0, 0.08301174684782109, 0.0737882194202854, 0.0737882194202854, 0.875, 0.875, 0.5693491422213041, 0.20179385771710479, 0.8292241541308357, 0.8292241541308357, 1.0, 1.0, 0.14037833580320333, 0.5979621410369873, 0.6560685634613037, 0.6910684108734131]
[0.7502657341957092, 1.0, 0.08002584788138001, 0.07113408700567111, 0.07113408700567111, 0.875, 0.875, 0.4924260652982272, 0.5027846529702555, 0.9584861168934118, 0.9584861168934118, 1.0, 1.0, 0.3668412646591884, 0.68296217918396, 0.6560685634613037, 0.6910684108734131]
[0.7502657341957092, 1.0, 0.08301172592210404, 0.07378820081964804, 0.07378820081964804, 0.875, 0.875, 0.5378106924203726, 0.5071132220135096, 0.6821725421130151, 1.0, 1.0, 0.8697730961787237, 0.3668412646591884, 0.7529621124267578, 0.6560685634613037, 0.6910684108734131]
[0.4108719396591186, 0.31047443235026695, 0.5506903181143283, 0.9192360249037619, 0.5407248933800558, 0.875, 0.875, 0.6142559051513672, 0.2888328211027744, 0.6893203652314212, 0.6893203652314212, 1.0, 1.0, 0.20092717989758221, 0.5279624462127686, 0.6560685634613037, 0.6910684108734131]
[0.7502657341957092, 1.0, 0.08300084862559054, 0.07377853211163604, 0.07377853211163604, 0.875, 0.875, 0.6196404970609225, 0.5116084960523828, 0.9584861168934118, 0.9584861168934118, 1.0, 1.0, 0.3668412646591884, 0.5179622173309326, 0.6560685634613037, 0.6910684108734131]
[0.7502657341957092, 1.0, 0.08301175321376997, 0.07378822507890664, 0.07378822507890664, 0.875, 0.875, 0.44982704749474156, 0.12784078690439937, 0.9584861168934118, 0.9584861168934118, 1.0, 1.0, 0.08893272132479957, 0.5179622173309326, 0.6560685634613037, 0.6910684108734131]
[0.7502657341957092, 1.0, 0.08300518278762925, 0.07378238470011489, 0.07378238470011489, 0.875, 0.875, 0.6335914318378155, 0.5273343179475833, 0.3046999819021282, 0.3046999819021282, 1.0, 1.0, 0.3668412646591884, 0.6029622554779053, 0.6560685634613037, 0.6910684108734131]
[0.7502657341957092, 1.0, 0.08300518278762925, 0.07378238470011489, 0.07378238470011489, 0.875, 0.875, 0.6250250889704778, 0.2964146913158987, 0.674111286829259, 0.674111286829259, 1.0, 1.0, 0.20620152439366865, 0.6029622554779053, 0.6560685634613037, 0.6910684108734131]
[0.7502657341957092, 1.0, 0.0830002154717081, 0.07377796930818498, 0.07377796930818498, 0.875, 0.875, 0.6335914318378155, 0.5273343179475833, 0.3176346640644133, 0.3176346640644133, 1.0, 1.0, 0.3668412646591884, 0.68296217918396, 0.6560685634613037, 0.6910684108734131]
[0.7502657341957092, 1.0, 0.08924809803878475, 0.079331642701142, 0.079331642701142, 0.875, 0.875, 0.6335914318378155, 0.5273343179475833, 0.2906332575176549, 0.2906332575176549, 1.0, 1.0, 0.3668412646591884, 0.68296217918396, 0.6560685634613037, 0.6910684108734131]
[0.7502657341957092, 1.0, 0.08924809803878475, 0.079331642701142, 0.079331642701142, 0.875, 0.875, 0.5333001063420222, 0.4466964629240987, 0.4211115783121544, 0.4211115783121544, 1.0, 1.0, 0.3107453655124165, 0.68296217918396, 0.6560685634613037, 0.6910684108734131]
[0.7502657341957092, 1.0, 0.08301175321376997, 0.07378822507890664, 0.07378822507890664, 0.875, 0.875, 0.44982704749474156, 0.12784078690439937, 0.9584861168934118, 0.9584861168934118, 1.0, 1.0, 0.08893272132479957, 0.5979621410369873, 0.6560685634613037, 0.6910684108734131]
[0.7502657341957092, 1.0, 0.08301174684782109, 0.0737882194202854, 0.0737882194202854, 0.875, 0.875, 0.6335914318378155, 0.5273343179475833, 0.3174124554491945, 0.3174124554491945, 1.0, 1.0, 0.3668412646591884, 0.6029620170593262, 0.6560685634613037, 0.6910684108734131]
[0.5830313730239868, 0.834440469382227, 0.6797488032759286, 0.9166666666666666, 0.9893016991370589, 0.9821788230583823, 0.875, 0.5955030001126803, 0.5073055305698482, 0.7081068856075043, 1.0, 1.0, 0.8649218979267047, 0.3668412646591884, 0.68296217918396, 0.6560685634613037, 0.6910684108734131]
[0.7502657341957092, 1.0, 0.07993481290705173, 0.07105316702849043, 0.07105316702849043, 0.875, 0.875, 0.6335914318378155, 0.5273343179475833, 0.30545915972901794, 0.30545915972901794, 1.0, 1.0, 0.3668412646591884, 0.68296217918396, 0.6560685634613037, 0.6910684108734131]
[0.7502657341957092, 1.0, 0.08924784791137408, 0.07933142036566584, 0.07933142036566584, 0.875, 0.875, 0.47934913635253906, 0.49237206121919297, 0.9584861168934118, 0.9584861168934118, 1.0, 1.0, 0.3668412646591884, 0.5979621410369873, 0.6560685634613037, 0.6910684108734131]
[0.7502657341957092, 1.0, 0.08301174684782109, 0.0737882194202854, 0.0737882194202854, 0.875, 0.875, 0.4536731426532452, 0.4338536069851424, 0.9584861168934118, 1.0, 1.0, 0.8139598655539012, 0.3107453655124165, 0.68296217918396, 0.6560685634613037, 0.6910684108734131]
[0.7502657341957092, 1.0, 0.08002584788138001, 0.07113408700567111, 0.07113408700567111, 0.875, 0.875, 0.6335914318378155, 0.5273343179475833, 0.3040802028086046, 0.3040802028086046, 1.0, 1.0, 0.3668412646591884, 0.7579619884490967, 0.6560685634613037, 0.6910684108734131]
[0.7502657341957092, 1.0, 0.0737787193607724, 0.06558108387624213, 0.06558108387624213, 0.875, 0.875, 0.5463770352877103, 0.45584486668862456, 0.4343536365600471, 0.4343536365600471, 1.0, 1.0, 0.3171094724790432, 0.5979621410369873, 0.6560685634613037, 0.6910684108734131]
[0.7502657341957092, 1.0, 0.08002584788138001, 0.07113408700567111, 0.07113408700567111, 0.875, 0.875, 0.4711789351243239, 0.5295093583583329, 0.827672852270745, 0.827672852270745, 1.0, 1.0, 0.3668412646591884, 0.6729621887207031, 0.6560685634613037, 0.6910684108734131]
[0.7502657341957092, 1.0, 0.0830002154717081, 0.07377796930818498, 0.07377796930818498, 0.875, 0.875, 0.6335914318378155, 0.5273343179475833, 0.3176346640644133, 0.3176346640644133, 1.0, 1.0, 0.3668412646591884, 0.68296217918396, 0.6560685634613037, 0.6910684108734131]
[0.7502657341957092, 1.0, 0.08002584788138001, 0.07113408700567111, 0.07113408700567111, 0.875, 0.875, 0.6335914318378155, 0.5273343179475833, 0.3040802028086046, 0.3040802028086046, 1.0, 1.0, 0.3668412646591884, 0.68296217918396, 0.6560685634613037, 0.6910684108734131]
[0.2608719635009765, 0.31047443235026695, 0.5506905550438344, 0.9195242651465847, 0.5407248933800558, 0.875, 0.875, 0.384733640230619, 0.39349412806407, 0.9584861168934118, 0.9584861168934118, 1.0, 1.0, 0.2575574172059331, 0.6729621887207031, 0.6560685634613037, 0.6910684108734131]
[0.7502657341957092, 1.0, 0.08924784791137408, 0.07933142036566584, 0.07933142036566584, 0.875, 0.875, 0.5955030001126803, 0.48793207706064123, 0.6821725421130151, 1.0, 1.0, 0.8649218979267047, 0.3668412646591884, 0.68296217918396, 0.6560685634613037, 0.6910684108734131]
[0.7502657341957092, 1.0, 0.08300084862559054, 0.07377853211163604, 0.07377853211163604, 0.875, 0.875, 0.5231952667236328, 0.5116084960523828, 0.9584861168934118, 0.9584861168934118, 1.0, 1.0, 0.3668412646591884, 0.68296217918396, 0.6560685634613037, 0.6910684108734131]
[0.7502657341957092, 1.0, 0.08301174684782109, 0.0737882194202854, 0.0737882194202854, 0.875, 0.875, 0.4913654327392578, 0.5071401640213844, 0.8292241541308357, 1.0, 1.0, 0.8139598655539012, 0.3668412646591884, 0.6729621887207031, 0.6560685634613037, 0.6910684108734131]
[0.7502657341957092, 1.0, 0.0767645808888362, 0.06823518301229885, 0.06823518301229885, 0.875, 0.875, 0.6335914318378155, 0.5273343179475833, 0.3455414918172998, 0.3455414918172998, 1.0, 1.0, 0.3668412646591884, 0.5279619693756104, 0.6560685634613037, 0.6910684108734131]
[0.7502657341957092, 1.0, 0.08924809803878475, 0.079331642701142, 0.079331642701142, 0.875, 0.875, 0.6335914318378155, 0.5273343179475833, 0.2906332575176549, 0.2906332575176549, 1.0, 1.0, 0.3668412646591884, 0.7579619884490967, 0.6560685634613037, 0.6910684108734131]
[0.7502657341957092, 1.0, 0.07994344402197617, 0.07106083913064548, 0.07106083913064548, 0.875, 0.875, 0.43839337275578427, 0.3702387872335289, 0.5583143638373944, 0.5583143638373944, 1.0, 1.0, 0.2575574172059331, 0.5979621410369873, 0.6560685634613037, 0.6910684108734131]
[0.7502657341957092, 1.0, 0.0737763736023227, 0.06557899875762017, 0.06557899875762017, 0.875, 0.875, 0.5211789057804987, 0.5209297509096786, 0.9584861168934118, 0.9584861168934118, 1.0, 1.0, 0.3668412646591884, 0.5979621410369873, 0.6560685634613037, 0.6910684108734131]
[0.7502657341957092, 1.0, 0.08301174684782109, 0.0737882194202854, 0.0737882194202854, 0.875, 0.875, 0.5333001063420222, 0.4466964629240987, 0.4339229510698802, 0.4339229510698802, 1.0, 1.0, 0.3107453655124165, 0.6029622554779053, 0.6560685634613037, 0.6910684108734131]
[0.7502657341957092, 1.0, 0.0830002154717081, 0.07377796930818498, 0.07377796930818498, 0.875, 0.875, 0.5333001063420222, 0.4466964629240987, 0.434035918994343, 0.434035918994343, 1.0, 1.0, 0.3107453655124165, 0.6029622554779053, 0.6560685634613037, 0.6910684108734131]
[0.7502657341957092, 1.0, 0.08924784791137408, 0.07933142036566584, 0.07933142036566584, 0.875, 0.875, 0.5333001063420222, 0.4466964629240987, 0.41918933341635556, 0.41918933341635556, 1.0, 1.0, 0.3107453655124165, 0.7579622268676758, 0.6560685634613037, 0.6910684108734131]
[0.7502657341957092, 1.0, 0.08002584788138001, 0.07113408700567111, 0.07113408700567111, 0.875, 0.875, 0.6231953547551081, 0.37548532431843307, 0.9584861168934118, 0.9584861168934118, 1.0, 1.0, 0.2506613487190543, 0.6029620170593262, 0.6560685634613037, 0.6910684108734131]
[0.7502657341957092, 1.0, 0.08301175321376997, 0.07378822507890664, 0.07378822507890664, 0.875, 0.875, 0.5463770352877103, 0.45584486668862456, 0.4339229510698802, 0.4339229510698802, 1.0, 1.0, 0.3171094724790432, 0.7529623508453369, 0.6560685634613037, 0.6910684108734131]
[0.7502657341957092, 1.0, 0.08300084862559054, 0.07377853211163604, 0.07377853211163604, 0.875, 0.875, 0.3824260418231671, 0.5116084960523828, 0.9584861168934118, 0.9584861168934118, 1.0, 1.0, 0.3668412646591884, 0.6729621887207031, 0.6560685634613037, 0.6910684108734131]
[0.7502657341957092, 1.0, 0.08301174684782109, 0.0737882194202854, 0.0737882194202854, 0.875, 0.875, 0.5385799407958984, 0.20179385771710479, 0.8292241541308357, 0.8292241541308357, 1.0, 1.0, 0.14037833580320333, 0.6029620170593262, 0.6560685634613037, 0.6910684108734131]
[0.7502657341957092, 1.0, 0.08924784791137408, 0.07933142036566584, 0.07933142036566584, 0.875, 0.875, 0.5333001063420222, 0.4466964629240987, 0.41918933341635556, 0.41918933341635556, 1.0, 1.0, 0.3107453655124165, 0.68296217918396, 0.6560685634613037, 0.6910684108734131]
[0.7502657341957092, 1.0, 0.07676459748596198, 0.06823519776529954, 0.06823519776529954, 0.875, 0.875, 0.43781060438889724, 0.4759732927186975, 0.9584861168934118, 0.9584861168934118, 1.0, 1.0, 0.3171094724790432, 0.6729621887207031, 0.6560685634613037, 0.6910684108734131]
[0.7502657341957092, 1.0, 0.08300518278762925, 0.07378238470011489, 0.07378238470011489, 0.875, 0.875, 0.6335914318378155, 0.5273343179475833, 0.3046999819021282, 0.3046999819021282, 1.0, 1.0, 0.3668412646591884, 0.7579619884490967, 0.6560685634613037, 0.6910684108734131]
[0.7502657341957092, 1.0, 0.0830002154717081, 0.07377796930818498, 0.07377796930818498, 0.875, 0.875, 0.5031952491173377, 0.5072912581741132, 0.9584861168934118, 1.0, 1.0, 0.9257496322307981, 0.3668412646591884, 0.5979621410369873, 0.6560685634613037, 0.6910684108734131]
[0.7502657341957092, 1.0, 0.0830002154717081, 0.07377796930818498, 0.07377796930818498, 0.875, 0.875, 0.3716568580040565, 0.3843287535966229, 0.9584861168934118, 0.9584861168934118, 1.0, 1.0, 0.25679017544850824, 0.6029622554779053, 0.6560685634613037, 0.6910684108734131]
[0.7502657341957092, 1.0, 0.0830002154717081, 0.07377796930818498, 0.07377796930818498, 0.875, 0.875, 0.6335914318378155, 0.5273343179475833, 0.3176346640644133, 0.3176346640644133, 1.0, 1.0, 0.3668412646591884, 0.6729621887207031, 0.6560685634613037, 0.6910684108734131]
[0.7502657341957092, 1.0, 0.08300084862559054, 0.07377853211163604, 0.07377853211163604, 0.875, 0.875, 0.42828853313739484, 0.5072886644317702, 0.9684861168934118, 1.0, 1.0, 0.760029679412777, 0.3668412646591884, 0.68296217918396, 0.6560685634613037, 0.6910684108734131]
[0.5830313730239868, 0.834440469382227, 0.6797488032759286, 0.9166666666666666, 0.9893016991370589, 0.9821788230583823, 0.875, 0.6335914318378155, 0.5273343179475833, 0.31742800993142006, 0.31742800993142006, 1.0, 1.0, 0.3668412646591884, 0.4429619312286377, 0.6560685634613037, 0.6910684108734131]
[0.7502657341957092, 1.0, 0.07993481290705173, 0.07105316702849043, 0.07105316702849043, 0.875, 0.875, 0.6335914318378155, 0.5273343179475833, 0.30545915972901794, 0.30545915972901794, 1.0, 1.0, 0.3668412646591884, 0.4429624080657959, 0.6560685634613037, 0.6910684108734131]
[0.6849250960350036, 0.21133713126573905, 0.5569423753013795, 0.9643016991370589, 0.5407248933800558, 0.875, 0.875, 0.33887114891639125, 0.2888328211027744, 0.674111286829259, 0.674111286829259, 1.0, 1.0, 0.20092717989758221, 0.5179622173309326, 0.6560685634613037, 0.6910684108734131]
[0.2608719635009765, 0.31047443235026695, 0.5506905550438344, 0.9195242651465847, 0.5407248933800558, 0.875, 0.875, 0.5463770352877103, 0.45584486668862456, 0.4357492211716165, 0.4357492211716165, 1.0, 1.0, 0.3171094724790432, 0.6729621887207031, 0.6560685634613037, 0.6910684108734131]
[0.7502657341957092, 1.0, 0.08924784791137408, 0.07933142036566584, 0.07933142036566584, 0.875, 0.875, 0.40444242037259615, 0.48793207706064123, 0.9684861168934118, 1.0, 1.0, 0.7474736232245024, 0.3668412646591884, 0.5279619693756104, 0.6560685634613037, 0.6910684108734131]
[0.7502657341957092, 1.0, 0.07676459748596198, 0.06823519776529954, 0.06823519776529954, 0.875, 0.875, 0.16598085256723258, 0.14702680996529938, 0.9584861168934118, 0.9584861168934118, 1.0, 1.0, 0.10227951997586043, 0.6729621887207031, 0.6560685634613037, 0.6910684108734131]
[0.4108719396591186, 0.31047443235026695, 0.5506903181143283, 0.9192360249037619, 0.5407248933800558, 0.875, 0.875, 0.632717279287485, 0.5116302078871711, 0.8292241541308357, 0.9584861168934118, 1.0, 1.0, 0.3668412646591884, 0.6029622554779053, 0.6560685634613037, 0.6910684108734131]
[0.7502657341957092, 1.0, 0.0767645808888362, 0.06823518301229885, 0.06823518301229885, 0.875, 0.875, 0.6335914318378155, 0.5273343179475833, 0.3455414918172998, 0.3455414918172998, 1.0, 1.0, 0.3668412646591884, 0.5179619789123535, 0.6560685634613037, 0.6910684108734131]
[0.7502657341957092, 1.0, 0.08924809803878475, 0.079331642701142, 0.079331642701142, 0.875, 0.875, 0.5039644974928635, 0.4890362759058442, 0.8165116830620548, 1.0, 1.0, 0.808799180236992, 0.3668412646591884, 0.6029620170593262, 0.6560685634613037, 0.6910684108734131]
[0.7502657341957092, 1.0, 0.07676459748596198, 0.06823519776529954, 0.06823519776529954, 0.875, 0.875, 0.6335914318378155, 0.5273343179475833, 0.33164736485755214, 0.33164736485755214, 1.0, 1.0, 0.3668412646591884, 0.7579619884490967, 0.6560685634613037, 0.6910684108734131]
[0.7502657341957092, 1.0, 0.08300084862559054, 0.07377853211163604, 0.07377853211163604, 0.875, 0.875, 0.33887114891639125, 0.2874913775511314, 0.6893203652314212, 0.6893203652314212, 1.0, 1.0, 0.19999400177470011, 0.5279624462127686, 0.6560685634613037, 0.6910684108734131]
[0.4108719396591186, 0.31047443235026695, 0.5506903181143283, 0.9192360249037619, 0.5407248933800558, 0.875, 0.875, 0.5463770352877103, 0.45584486668862456, 0.434035918994343, 0.434035918994343, 1.0, 1.0, 0.3171094724790432, 0.5979623794555664, 0.6560685634613037, 0.6910684108734131]
[0.7502657341957092, 1.0, 0.0737763736023227, 0.06557899875762017, 0.06557899875762017, 0.875, 0.875, 0.6335914318378155, 0.5273343179475833, 0.3324111355015975, 0.3324111355015975, 1.0, 1.0, 0.3668412646591884, 0.5979621410369873, 0.6560685634613037, 0.6910684108734131]
[0.7502657341957092, 1.0, 0.08301174684782109, 0.0737882194202854, 0.0737882194202854, 0.875, 0.875, 0.6335914318378155, 0.5273343179475833, 0.3174124554491945, 0.3174124554491945, 1.0, 1.0, 0.3668412646591884, 0.7529621124267578, 0.6560685634613037, 0.6910684108734131]
[0.7502657341957092, 1.0, 0.08002584788138001, 0.07113408700567111, 0.07113408700567111, 0.875, 0.875, 0.3155029003436749, 0.37548532431843307, 0.9584861168934118, 0.9584861168934118, 1.0, 1.0, 0.2506613487190543, 0.5279624462127686, 0.6560685634613037, 0.6910684108734131]
[0.7502657341957092, 1.0, 0.08924809803878475, 0.079331642701142, 0.079331642701142, 0.875, 0.875, 0.5796404618483323, 0.5206922086497671, 0.8156953034316403, 0.8156953034316403, 1.0, 1.0, 0.3668412646591884, 0.5979621410369873, 0.6560685634613037, 0.6910684108734131]
[0.7502657341957092, 1.0, 0.07993481290705173, 0.07105316702849043, 0.07105316702849043, 0.875, 0.875, 0.6335914318378155, 0.5273343179475833, 0.30545915972901794, 0.30545915972901794, 1.0, 1.0, 0.3668412646591884, 0.6829619407653809, 0.6560685634613037, 0.6910684108734131]
[0.7502657341957092, 1.0, 0.08301172592210404, 0.07378820081964804, 0.07378820081964804, 0.875, 0.875, 0.2859808114858774, 0.43382666427843075, 0.9584861168934118, 1.0, 1.0, 0.81939387197422, 0.3107453655124165, 0.8379621505737305, 0.6560685634613037, 0.6910684108734131]
[0.6849250960350036, 0.21133713126573905, 0.5569423753013795, 0.9643016991370589, 0.5407248933800558, 0.875, 0.875, 0.4390577169565054, 0.12025273422760763, 0.9584861168934118, 0.9584861168934118, 1.0, 1.0, 0.08365407598442269, 0.5279619693756104, 0.6560685634613037, 0.6910684108734131]
[0.7502657341957092, 1.0, 0.08002584788138001, 0.07113408700567111, 0.07113408700567111, 0.875, 0.875, 0.5333001063420222, 0.4466964629240987, 0.4343536365600471, 0.4343536365600471, 1.0, 1.0, 0.3107453655124165, 0.68296217918396, 0.6560685634613037, 0.6910684108734131]
[0.4108719396591186, 0.31047443235026695, 0.5506903181143283, 0.9192360249037619, 0.5407248933800558, 0.875, 0.875, 0.5678106454702524, 0.2100912466765228, 0.8292241541308357, 0.8292241541308357, 1.0, 1.0, 0.14615043247062456, 0.6029622554779053, 0.6560685634613037, 0.6910684108734131]
[0.7502657341957092, 1.0, 0.08300084862559054, 0.07377853211163604, 0.07377853211163604, 0.875, 0.875, 0.5301183553842398, 0.6387808373590187, 0.8165116830620548, 1.0, 1.0, 0.7041668391561441, 0.44549648820935533, 0.5979621410369873, 0.6560685634613037, 0.6910684108734131]
[0.7502657341957092, 1.0, 0.08301175321376997, 0.07378822507890664, 0.07378822507890664, 0.875, 0.875, 0.6335914318378155, 0.5273343179475833, 0.3026857878259361, 0.3026857878259361, 1.0, 1.0, 0.3668412646591884, 0.68296217918396, 0.6560685634613037, 0.6910684108734131]
[0.7502657341957092, 1.0, 0.07676459748596198, 0.06823519776529954, 0.06823519776529954, 0.875, 0.875, 0.40319530780498797, 0.5297078525030237, 0.9584861168934118, 0.9584861168934118, 1.0, 1.0, 0.3668412646591884, 0.6029622554779053, 0.6560685634613037, 0.6910684108734131]
[0.7502657341957092, 1.0, 0.08924809803878475, 0.079331642701142, 0.079331642701142, 0.875, 0.875, 0.6335914318378155, 0.5273343179475833, 0.2906332575176549, 0.2906332575176549, 1.0, 1.0, 0.3668412646591884, 0.6729621887207031, 0.6560685634613037, 0.6910684108734131]
[0.7502657341957092, 1.0, 0.0830002154717081, 0.07377796930818498, 0.07377796930818498, 0.875, 0.875, 0.6335914318378155, 0.5273343179475833, 0.3176346640644133, 0.3176346640644133, 1.0, 1.0, 0.3668412646591884, 0.5279619693756104, 0.6560685634613037, 0.6910684108734131]
[0.7502657341957092, 1.0, 0.07993481290705173, 0.07105316702849043, 0.07105316702849043, 0.875, 0.875, 0.6335914318378155, 0.5273343179475833, 0.30545915972901794, 0.30545915972901794, 1.0, 1.0, 0.3668412646591884, 0.5979621410369873, 0.6560685634613037, 0.6910684108734131]
[0.7502657341957092, 1.0, 0.08301175321376997, 0.07378822507890664, 0.07378822507890664, 0.875, 0.875, 0.6335914318378155, 0.5273343179475833, 0.3026857878259361, 0.3026857878259361, 1.0, 1.0, 0.3668412646591884, 0.6029622554779053, 0.6560685634613037, 0.6910684108734131]
[0.7502657341957092, 1.0, 0.08924809803878475, 0.079331642701142, 0.079331642701142, 0.875, 0.875, 0.4390577169565054, 0.11889574863136043, 0.9584861168934118, 0.9584861168934118, 1.0, 1.0, 0.08271008600442464, 0.5279619693756104, 0.6560685634613037, 0.6910684108734131]
[0.7502657341957092, 1.0, 0.08002584788138001, 0.07113408700567111, 0.07113408700567111, 0.875, 0.875, 0.41751920259915865, 0.6289356234412687, 0.8165116830620548, 1.0, 1.0, 0.6974261751341758, 0.44549648820935533, 0.6029622554779053, 0.6560685634613037, 0.6910684108734131]
[0.7502657341957092, 1.0, 0.08002584788138001, 0.07113408700567111, 0.07113408700567111, 0.875, 0.875, 0.6335914318378155, 0.5273343179475833, 0.3040802028086046, 0.3040802028086046, 1.0, 1.0, 0.3668412646591884, 0.7579622268676758, 0.6560685634613037, 0.6910684108734131]
[0.7502657341957092, 1.0, 0.08301175321376997, 0.07378822507890664, 0.07378822507890664, 0.875, 0.875, 0.4108876448411208, 0.5105218307289459, 0.9584861168934118, 0.9584861168934118, 1.0, 1.0, 0.3668412646591884, 0.6029622554779053, 0.6560685634613037, 0.6910684108734131]
[0.7502657341957092, 1.0, 0.08924784791137408, 0.07933142036566584, 0.07933142036566584, 0.875, 0.875, 0.5193491715651292, 0.48793207706064123, 0.8165116830620548, 1.0, 1.0, 0.808055037882596, 0.3668412646591884, 0.5979621410369873, 0.6560685634613037, 0.6910684108734131]
[0.7502657341957092, 1.0, 0.07676459748596198, 0.06823519776529954, 0.06823519776529954, 0.875, 0.875, 0.6335914318378155, 0.5273343179475833, 0.33164736485755214, 0.33164736485755214, 1.0, 1.0, 0.3668412646591884, 0.68296217918396, 0.6560685634613037, 0.6910684108734131]
[0.7502657341957092, 1.0, 0.0767645808888362, 0.06823518301229885, 0.06823518301229885, 0.875, 0.875, 0.47367316025954026, 0.14699675595621509, 0.9584861168934118, 0.9584861168934118, 1.0, 1.0, 0.10225861283910614, 0.7529621124267578, 0.6560685634613037, 0.6910684108734131]
[0.7502657341957092, 1.0, 0.07994344402197617, 0.07106083913064548, 0.07106083913064548, 0.875, 0.875, 0.6335914318378155, 0.5273343179475833, 0.2886681983453186, 0.2886681983453186, 1.0, 1.0, 0.3668412646591884, 0.6029622554779053, 0.6560685634613037, 0.6910684108734131]
[0.5830313730239868, 0.834440469382227, 0.6797488032759286, 0.9166666666666666, 0.9893016991370589, 0.9821788230583823, 0.875, 0.3496404794546274, 0.2962492064479305, 0.6893203652314212, 0.6893203652314212, 1.0, 1.0, 0.20608640448551688, 0.7579622268676758, 0.6560685634613037, 0.6910684108734131]
[0.7502657341957092, 1.0, 0.0830117460024371, 0.07378821866883298, 0.07378821866883298, 0.875, 0.875, 0.6335914318378155, 0.5273343179475833, 0.319371878396315, 0.319371878396315, 1.0, 1.0, 0.3668412646591884, 0.8379621505737305, 0.6560685634613037, 0.6910684108734131]
[0.7502657341957092, 1.0, 0.0830117460024371, 0.07378821866883298, 0.07378821866883298, 0.875, 0.875, 0.57916259765625, 0.5428730946674476, 0.7004781212110642, 0.7004781212110642, 1.0, 1.0, 0.3668412646591884, 0.7529623508453369, 0.6560685634613037, 0.6910684108734131]
[0.7502657341957092, 1.0, 0.08300518278762925, 0.07378238470011489, 0.07378238470011489, 0.875, 0.875, 0.6335914318378155, 0.5273343179475833, 0.3046999819021282, 0.3046999819021282, 1.0, 1.0, 0.3668412646591884, 0.68296217918396, 0.6560685634613037, 0.6910684108734131]
[0.7502657341957092, 1.0, 0.08301175321376997, 0.07378822507890664, 0.07378822507890664, 0.875, 0.875, 0.5463770352877103, 0.45584486668862456, 0.4339229510698802, 0.4339229510698802, 1.0, 1.0, 0.3171094724790432, 0.5179622173309326, 0.6560685634613037, 0.6910684108734131]
[0.7502657341957092, 1.0, 0.08300518278762925, 0.07378238470011489, 0.07378238470011489, 0.875, 0.875, 0.6335914318378155, 0.5273343179475833, 0.3046999819021282, 0.3046999819021282, 1.0, 1.0, 0.3668412646591884, 0.6029622554779053, 0.6560685634613037, 0.6910684108734131]
[0.7502657341957092, 1.0, 0.07993481290705173, 0.07105316702849043, 0.07105316702849043, 0.875, 0.875, 0.5178106748140775, 0.49848015988981853, 0.8165116830620548, 1.0, 1.0, 0.8071945923473646, 0.3668412646591884, 0.5179622173309326, 0.6560685634613037, 0.6910684108734131]
[0.7502657341957092, 1.0, 0.08002584788138001, 0.07113408700567111, 0.07113408700567111, 0.875, 0.875, 0.6335914318378155, 0.5273343179475833, 0.3040802028086046, 0.3040802028086046, 1.0, 1.0, 0.3668412646591884, 0.672961950302124, 0.6560685634613037, 0.6910684108734131]
[0.7502657341957092, 1.0, 0.08301174684782109, 0.0737882194202854, 0.0737882194202854, 0.875, 0.875, 0.5333001063420222, 0.4466964629240987, 0.4339229510698802, 0.4339229510698802, 1.0, 1.0, 0.3107453655124165, 0.68296217918396, 0.6560685634613037, 0.6910684108734131]
[0.7502657341957092, 1.0, 0.07994344402197617, 0.07106083913064548, 0.07106083913064548, 0.875, 0.875, 0.6076242006742038, 0.5442145383616604, 0.6884829787793738, 0.6884829787793738, 1.0, 1.0, 0.3668412646591884, 0.7579619884490967, 0.6560685634613037, 0.6910684108734131]
[0.7502657341957092, 1.0, 0.08924809803878475, 0.079331642701142, 0.079331642701142, 0.875, 0.875, 0.6335914318378155, 0.5273343179475833, 0.2906332575176549, 0.2906332575176549, 1.0, 1.0, 0.3668412646591884, 0.6029622554779053, 0.6560685634613037, 0.6910684108734131]
[0.7502657341957092, 1.0, 0.08924784791137408, 0.07933142036566584, 0.07933142036566584, 0.875, 0.875, 0.4259807880108173, 0.10969104898600168, 0.9584861168934118, 0.9584861168934118, 1.0, 1.0, 0.07630681668591421, 0.4429619312286377, 0.6560685634613037, 0.6910684108734131]
[0.7502657341957092, 1.0, 0.0737763736023227, 0.06557899875762017, 0.06557899875762017, 0.875, 0.875, 0.6335914318378155, 0.5273343179475833, 0.3324111355015975, 0.3324111355015975, 1.0, 1.0, 0.3668412646591884, 0.68296217918396, 0.6560685634613037, 0.6910684108734131]
[0.7502657341957092, 1.0, 0.08924809803878475, 0.079331642701142, 0.079331642701142, 0.875, 0.875, 0.3257942199707031, 0.278288996861324, 0.6893203652314212, 0.6893203652314212, 1.0, 1.0, 0.1935923456426602, 0.6029622554779053, 0.6560685634613037, 0.6910684108734131]
[0.7502657341957092, 1.0, 0.08301172592210404, 0.07378820081964804, 0.07378820081964804, 0.875, 0.875, 0.5278106102576623, 0.5071132220135096, 0.8165116830620548, 1.0, 1.0, 0.81939387197422, 0.3668412646591884, 0.7579622268676758, 0.6560685634613037, 0.6910684108734131]
[0.7502657341957092, 1.0, 0.07676459748596198, 0.06823519776529954, 0.06823519776529954, 0.875, 0.875, 0.6335914318378155, 0.5273343179475833, 0.33164736485755214, 0.33164736485755214, 1.0, 1.0, 0.3668412646591884, 0.6029622554779053, 0.6560685634613037, 0.6910684108734131]
[0.7502657341957092, 1.0, 0.07994344402197617, 0.07106083913064548, 0.07106083913064548, 0.875, 0.875, 0.23088748638446516, 0.2018070521861257, 0.8165116830620548, 0.8165116830620548, 1.0, 1.0, 0.14038751456426138, 0.5179622173309326, 0.6560685634613037, 0.6910684108734131]
[0.7502657341957092, 1.0, 0.07993481290705173, 0.07105316702849043, 0.07105316702849043, 0.875, 0.875, 0.33887114891639125, 0.2874913775511314, 0.674111286829259, 0.674111286829259, 1.0, 1.0, 0.19999400177470011, 0.5279624462127686, 0.6560685634613037, 0.6910684108734131]
[0.7502657341957092, 1.0, 0.08002584788138001, 0.07113408700567111, 0.07113408700567111, 0.875, 0.875, 0.426085692185622, 0.3603256887836406, 0.5717429308630366, 0.5717429308630366, 1.0, 1.0, 0.2506613487190543, 0.68296217918396, 0.6560685634613037, 0.6910684108734131]
[0.7502657341957092, 1.0, 0.07994344402197617, 0.07106083913064548, 0.07106083913064548, 0.875, 0.875, 0.5463770352877103, 0.45584486668862456, 0.4199479859594333, 0.4199479859594333, 1.0, 1.0, 0.3171094724790432, 0.7529623508453369, 0.6560685634613037, 0.6910684108734131]
[0.7502657341957092, 1.0, 0.07676459748596198, 0.06823519776529954, 0.06823519776529954, 0.875, 0.875, 0.6335914318378155, 0.5273343179475833, 0.33164736485755214, 0.33164736485755214, 1.0, 1.0, 0.3668412646591884, 0.5279619693756104, 0.6560685634613037, 0.6910684108734131]
[0.7502657341957092, 1.0, 0.08300518278762925, 0.07378238470011489, 0.07378238470011489, 0.875, 0.875, 0.5463770352877103, 0.45584486668862456, 0.4342400195091324, 0.4342400195091324, 1.0, 1.0, 0.3171094724790432, 0.6729621887207031, 0.6560685634613037, 0.6910684108734131]
[0.7502657341957092, 1.0, 0.0830002154717081, 0.07377796930818498, 0.07377796930818498, 0.875, 0.875, 0.4913654327392578, 0.5072912581741132, 0.8292241541308357, 1.0, 1.0, 0.8133949557238814, 0.3668412646591884, 0.6729621887207031, 0.6560685634613037, 0.6910684108734131]
[0.7502657341957092, 1.0, 0.0830002154717081, 0.07377796930818498, 0.07377796930818498, 0.875, 0.875, 0.5333001063420222, 0.4466964629240987, 0.434035918994343, 0.434035918994343, 1.0, 1.0, 0.3107453655124165, 0.68296217918396, 0.6560685634613037, 0.6910684108734131]
[0.2608719635009765, 0.31047443235026695, 0.5506905550438344, 0.9195242651465847, 0.5407248933800558, 0.875, 0.875, 0.6335914318378155, 0.5273343179475833, 0.30467784669071546, 0.30467784669071546, 1.0, 1.0, 0.3668412646591884, 0.5279619693756104, 0.6560685634613037, 0.6910684108734131]
[0.7502657341957092, 1.0, 0.08301175321376997, 0.07378822507890664, 0.07378822507890664, 0.875, 0.875, 0.43839337275578427, 0.3702387872335289, 0.5721076907739727, 0.5721076907739727, 1.0, 1.0, 0.2575574172059331, 0.5979621410369873, 0.6560685634613037, 0.6910684108734131]
[0.7502657341957092, 1.0, 0.07676459748596198, 0.06823519776529954, 0.06823519776529954, 0.875, 0.875, 0.6335914318378155, 0.5273343179475833, 0.33164736485755214, 0.33164736485755214, 1.0, 1.0, 0.3668412646591884, 0.6029622554779053, 0.6560685634613037, 0.6910684108734131]
[0.7502657341957092, 1.0, 0.0830002154717081, 0.07377796930818498, 0.07377796930818498, 0.875, 0.875, 0.5857943021334134, 0.5390203567780852, 0.8292241541308357, 0.8292241541308357, 1.0, 1.0, 0.3668412646591884, 0.7579619884490967, 0.6560685634613037, 0.6910684108734131]
[0.7502657341957092, 1.0, 0.08924784791137408, 0.07933142036566584, 0.07933142036566584, 0.875, 0.875, 0.5416567875788763, 0.48793207706064123, 0.6821725421130151, 1.0, 1.0, 0.8649218979267047, 0.3668412646591884, 0.672961950302124, 0.6560685634613037, 0.6910684108734131]
[0.7502657341957092, 1.0, 0.08924809803878475, 0.079331642701142, 0.079331642701142, 0.875, 0.875, 0.6335914318378155, 0.5273343179475833, 0.2906332575176549, 0.2906332575176549, 1.0, 1.0, 0.3668412646591884, 0.672961950302124, 0.6560685634613037, 0.6910684108734131]
[0.7502657341957092, 1.0, 0.08301172592210404, 0.07378820081964804, 0.07378820081964804, 0.875, 0.875, 0.44982704749474156, 0.12765463440175617, 0.9584861168934118, 0.9584861168934118, 1.0, 1.0, 0.08880322393165647, 0.6729621887207031, 0.6560685634613037, 0.6910684108734131]
[0.7502657341957092, 1.0, 0.08300084862559054, 0.07377853211163604, 0.07377853211163604, 0.875, 0.875, 0.6335914318378155, 0.5273343179475833, 0.3195837300591314, 0.3195837300591314, 1.0, 1.0, 0.3668412646591884, 0.5979621410369873, 0.6560685634613037, 0.6910684108734131]
[0.7502657341957092, 1.0, 0.0830117460024371, 0.07378821866883298, 0.07378821866883298, 0.875, 0.875, 0.5685798938457782, 0.2016668089941116, 0.8292241541308357, 0.8292241541308357, 1.0, 1.0, 0.14028995408286024, 0.5979623794555664, 0.6560685634613037, 0.6910684108734131]
[0.7502657341957092, 1.0, 0.08924809803878475, 0.079331642701142, 0.079331642701142, 0.875, 0.875, 0.6335914318378155, 0.5273343179475833, 0.2906332575176549, 0.2906332575176549, 1.0, 1.0, 0.3668412646591884, 0.5979619026184082, 0.6560685634613037, 0.6910684108734131]
[0.7502657341957092, 1.0, 0.08924784791137408, 0.07933142036566584, 0.07933142036566584, 0.875, 0.875, 0.5039644974928635, 0.48793207706064123, 0.8165116830620548, 1.0, 1.0, 0.808055037882596, 0.3668412646591884, 0.6029620170593262, 0.6560685634613037, 0.6910684108734131]
[0.7502657341957092, 1.0, 0.08301175321376997, 0.07378822507890664, 0.07378822507890664, 0.875, 0.875, 0.6335914318378155, 0.5273343179475833, 0.3026857878259361, 0.3026857878259361, 1.0, 1.0, 0.3668412646591884, 0.68296217918396, 0.6560685634613037, 0.6910684108734131]
[0.7502657341957092, 1.0, 0.08301174684782109, 0.0737882194202854, 0.0737882194202854, 0.875, 0.875, 0.33887114891639125, 0.2886988740637584, 0.7004781212110642, 0.7004781212110642, 1.0, 1.0, 0.20083399934870147, 0.68296217918396, 0.6560685634613037, 0.6910684108734131]
[0.7502657341957092, 1.0, 0.0830117460024371, 0.07378821866883298, 0.07378821866883298, 0.875, 0.875, 0.6335914318378155, 0.5273343179475833, 0.319371878396315, 0.319371878396315, 1.0, 1.0, 0.3668412646591884, 0.6829619407653809, 0.6560685634613037, 0.6910684108734131]
[0.4108719396591186, 0.31047443235026695, 0.5506903181143283, 0.9192360249037619, 0.5407248933800558, 0.875, 0.875, 0.43839337275578427, 0.3702387872335289, 0.5708083981649275, 0.5708083981649275, 1.0, 1.0, 0.2575574172059331, 0.6729621887207031, 0.6560685634613037, 0.6910684108734131]
[0.7502657341957092, 1.0, 0.0830002154717081, 0.07377796930818498, 0.07377796930818498, 0.875, 0.875, 0.6335914318378155, 0.5273343179475833, 0.3176346640644133, 0.3176346640644133, 1.0, 1.0, 0.3668412646591884, 0.5979621410369873, 0.6560685634613037, 0.6910684108734131]
[0.7502657341957092, 1.0, 0.07676459748596198, 0.06823519776529954, 0.06823519776529954, 0.875, 0.875, 0.6335914318378155, 0.5273343179475833, 0.33164736485755214, 0.33164736485755214, 1.0, 1.0, 0.3668412646591884, 0.6029620170593262, 0.6560685634613037, 0.6910684108734131]
[0.7502657341957092, 1.0, 0.08924784791137408, 0.07933142036566584, 0.07933142036566584, 0.875, 0.875, 0.5996404794546274, 0.5206922086497671, 0.8292241541308357, 0.8292241541308357, 1.0, 1.0, 0.3668412646591884, 0.5979621410369873, 0.6560685634613037, 0.6910684108734131]
[0.4108719396591186, 0.31047443235026695, 0.5506903181143283, 0.9192360249037619, 0.5407248933800558, 0.875, 0.875, 0.33887114891639125, 0.2888328211027744, 0.6893203652314212, 0.6893203652314212, 1.0, 1.0, 0.20092717989758221, 0.5179622173309326, 0.6560685634613037, 0.6910684108734131]
[0.7502657341957092, 1.0, 0.08301175321376997, 0.07378822507890664, 0.07378822507890664, 0.875, 0.875, 0.6076242006742038, 0.5442145383616604, 0.7004781212110642, 0.7004781212110642, 1.0, 1.0, 0.3668412646591884, 0.6029622554779053, 0.6560685634613037, 0.6910684108734131]
[0.7502657341957092, 1.0, 0.08300084862559054, 0.07377853211163604, 0.07377853211163604, 0.875, 0.875, 0.1421347398024339, 0.12892744943002232, 0.9584861168934118, 0.9584861168934118, 1.0, 1.0, 0.08968866047305901, 0.6029622554779053, 0.6560685634613037, 0.6910684108734131]
[0.7502657341957092, 1.0, 0.08301174684782109, 0.0737882194202854, 0.0737882194202854, 0.875, 0.875, 0.5531952197735126, 0.5071401640213844, 0.8292241541308357, 1.0, 1.0, 0.8139598655539012, 0.3668412646591884, 0.68296217918396, 0.6560685634613037, 0.6910684108734131]
[0.7502657341957092, 1.0, 0.08300518278762925, 0.07378238470011489, 0.07378238470011489, 0.875, 0.875, 0.6335914318378155, 0.5273343179475833, 0.3046999819021282, 0.3046999819021282, 1.0, 1.0, 0.3668412646591884, 0.672961950302124, 0.6560685634613037, 0.6910684108734131]
[0.7502657341957092, 1.0, 0.08924809803878475, 0.079331642701142, 0.079331642701142, 0.875, 0.875, 0.5660856687105619, 0.5336707129440121, 0.6893203652314212, 0.6893203652314212, 1.0, 1.0, 0.3668412646591884, 0.7529621124267578, 0.6560685634613037, 0.6910684108734131]
[0.7502657341957092, 1.0, 0.07676459748596198, 0.06823519776529954, 0.06823519776529954, 0.875, 0.875, 0.6335914318378155, 0.5273343179475833, 0.33164736485755214, 0.33164736485755214, 1.0, 1.0, 0.3668412646591884, 0.68296217918396, 0.6560685634613037, 0.6910684108734131]
[0.7502657341957092, 1.0, 0.08300518278762925, 0.07378238470011489, 0.07378238470011489, 0.875, 0.875, 0.6335914318378155, 0.5273343179475833, 0.3046999819021282, 0.3046999819021282, 1.0, 1.0, 0.3668412646591884, 0.68296217918396, 0.6560685634613037, 0.6910684108734131]
[0.7502657341957092, 1.0, 0.07993481290705173, 0.07105316702849043, 0.07105316702849043, 0.875, 0.875, 0.57916259765625, 0.5428730946674476, 0.674111286829259, 0.674111286829259, 1.0, 1.0, 0.3668412646591884, 0.5979623794555664, 0.6560685634613037, 0.6910684108734131]
[0.7502657341957092, 1.0, 0.08300518278762925, 0.07378238470011489, 0.07378238470011489, 0.875, 0.875, 0.43839337275578427, 0.3702387872335289, 0.558322316755705, 0.558322316755705, 1.0, 1.0, 0.2575574172059331, 0.5179622173309326, 0.6560685634613037, 0.6910684108734131]
[0.7502657341957092, 1.0, 0.08301174684782109, 0.0737882194202854, 0.0737882194202854, 0.875, 0.875, 0.6335914318378155, 0.5273343179475833, 0.3174124554491945, 0.3174124554491945, 1.0, 1.0, 0.3668412646591884, 0.5979621410369873, 0.6560685634613037, 0.6910684108734131]
[0.7502657341957092, 1.0, 0.08300518278762925, 0.07378238470011489, 0.07378238470011489, 0.875, 0.875, 0.583195319542518, 0.508536018060337, 0.6954092275805561, 1.0, 1.0, 0.858309255143156, 0.3668412646591884, 0.6029622554779053, 0.6560685634613037, 0.6910684108734131]
[0.7502657341957092, 1.0, 0.0737763736023227, 0.06557899875762017, 0.06557899875762017, 0.875, 0.875, 0.6335914318378155, 0.5273343179475833, 0.3324111355015975, 0.3324111355015975, 1.0, 1.0, 0.3668412646591884, 0.5979621410369873, 0.6560685634613037, 0.6910684108734131]
[0.5830313730239868, 0.834440469382227, 0.6797488032759286, 0.9166666666666666, 0.9893016991370589, 0.9821788230583823, 0.875, 0.4855029766376202, 0.5117355773389689, 0.9584861168934118, 0.9584861168934118, 1.0, 1.0, 0.3668412646591884, 0.5179619789123535, 0.6560685634613037, 0.6910684108734131]
[0.4108719396591186, 0.31047443235026695, 0.5506903181143283, 0.9192360249037619, 0.5407248933800558, 0.875, 0.875, 0.6335914318378155, 0.5273343179475833, 0.3029483945052231, 0.3029483945052231, 1.0, 1.0, 0.3668412646591884, 0.44796204566955566, 0.6560685634613037, 0.6910684108734131]
[0.7502657341957092, 1.0, 0.0767645808888362, 0.06823518301229885, 0.06823518301229885, 0.875, 0.875, 0.6335914318378155, 0.5273343179475833, 0.3455414918172998, 0.3455414918172998, 1.0, 1.0, 0.3668412646591884, 0.6729621887207031, 0.6560685634613037, 0.6910684108734131]
[0.4108719396591186, 0.31047443235026695, 0.5506903181143283, 0.9192360249037619, 0.5407248933800558, 0.875, 0.875, 0.5501183729905349, 0.2100912466765228, 0.8292241541308357, 0.8292241541308357, 1.0, 1.0, 0.14615043247062456, 0.68296217918396, 0.6560685634613037, 0.6910684108734131]
[0.7502657341957092, 1.0, 0.08300084862559054, 0.07377853211163604, 0.07377853211163604, 0.875, 0.875, 0.6335914318378155, 0.5273343179475833, 0.3195837300591314, 0.3195837300591314, 1.0, 1.0, 0.3668412646591884, 0.44796204566955566, 0.6560685634613037, 0.6910684108734131]
[0.2608719635009765, 0.31047443235026695, 0.5506905550438344, 0.9195242651465847, 0.5407248933800558, 0.875, 0.875, 0.43839337275578427, 0.3702387872335289, 0.5721117539072509, 0.5721117539072509, 1.0, 1.0, 0.2575574172059331, 0.6729621887207031, 0.6560685634613037, 0.6910684108734131]
[0.7502657341957092, 1.0, 0.08002584788138001, 0.07113408700567111, 0.07113408700567111, 0.875, 0.875, 0.5333001063420222, 0.4466964629240987, 0.4343536365600471, 0.4343536365600471, 1.0, 1.0, 0.3107453655124165, 0.7579622268676758, 0.6560685634613037, 0.6910684108734131]
[0.7502657341957092, 1.0, 0.0830117460024371, 0.07378821866883298, 0.07378821866883298, 0.875, 0.875, 0.3824260418231671, 0.5105012372976974, 0.9584861168934118, 0.9584861168934118, 1.0, 1.0, 0.3668412646591884, 0.6729621887207031, 0.6560685634613037, 0.6910684108734131]
[0.7502657341957092, 1.0, 0.08300518278762925, 0.07378238470011489, 0.07378238470011489, 0.875, 0.875, 0.5463770352877103, 0.45584486668862456, 0.4342400195091324, 0.4342400195091324, 1.0, 1.0, 0.3171094724790432, 0.5179622173309326, 0.6560685634613037, 0.6910684108734131]
[0.7502657341957092, 1.0, 0.08300518278762925, 0.07378238470011489, 0.07378238470011489, 0.875, 0.875, 0.6335914318378155, 0.5273343179475833, 0.3046999819021282, 0.3046999819021282, 1.0, 1.0, 0.3668412646591884, 0.6029622554779053, 0.6560685634613037, 0.6910684108734131]
[0.4108719396591186, 0.31047443235026695, 0.5506903181143283, 0.9192360249037619, 0.5407248933800558, 0.875, 0.875, 0.5463770352877103, 0.45584486668862456, 0.434035918994343, 0.434035918994343, 1.0, 1.0, 0.3171094724790432, 0.6729621887207031, 0.6560685634613037, 0.6910684108734131]
[0.7502657341957092, 1.0, 0.08301175321376997, 0.07378822507890664, 0.07378822507890664, 0.875, 0.875, 0.6335914318378155, 0.5273343179475833, 0.3026857878259361, 0.3026857878259361, 1.0, 1.0, 0.3668412646591884, 0.68296217918396, 0.6560685634613037, 0.6910684108734131]
[0.7502657341957092, 1.0, 0.08924809803878475, 0.079331642701142, 0.079331642701142, 0.875, 0.875, 0.41751934931828427, 0.6205283446492486, 0.8165116830620548, 1.0, 1.0, 0.6915796771815891, 0.44549648820935533, 0.6029622554779053, 0.6560685634613037, 0.6910684108734131]
[0.7502657341957092, 1.0, 0.07676459748596198, 0.06823519776529954, 0.06823519776529954, 0.875, 0.875, 0.5801183260404147, 0.21991894627067432, 0.8292241541308357, 0.8292241541308357, 1.0, 1.0, 0.1529870930578604, 0.68296217918396, 0.6560685634613037, 0.6910684108734131]
[0.7502657341957092, 1.0, 0.08300084862559054, 0.07377853211163604, 0.07377853211163604, 0.875, 0.875, 0.6335914318378155, 0.5273343179475833, 0.3195837300591314, 0.3195837300591314, 1.0, 1.0, 0.3668412646591884, 0.5979621410369873, 0.6560685634613037, 0.6910684108734131]
[0.7502657341957092, 1.0, 0.07994344402197617, 0.07106083913064548, 0.07106083913064548, 0.875, 0.875, 0.6076242006742038, 0.5442145383616604, 0.6884829787793738, 0.6884829787793738, 1.0, 1.0, 0.3668412646591884, 0.6029622554779053, 0.6560685634613037, 0.6910684108734131]
[0.7502657341957092, 1.0, 0.08300084862559054, 0.07377853211163604, 0.07377853211163604, 0.875, 0.875, 0.6335914318378155, 0.5273343179475833, 0.3195837300591314, 0.3195837300591314, 1.0, 1.0, 0.3668412646591884, 0.5279619693756104, 0.6560685634613037, 0.6910684108734131]
[0.4108719396591186, 0.31047443235026695, 0.5506903181143283, 0.9192360249037619, 0.5407248933800558, 0.875, 0.875, 0.5463770352877103, 0.45584486668862456, 0.434035918994343, 0.434035918994343, 1.0, 1.0, 0.3171094724790432, 0.5979623794555664, 0.6560685634613037, 0.6910684108734131]
[0.7502657341957092, 1.0, 0.07676459748596198, 0.06823519776529954, 0.06823519776529954, 0.875, 0.875, 0.6335914318378155, 0.5273343179475833, 0.33164736485755214, 0.33164736485755214, 1.0, 1.0, 0.3668412646591884, 0.7579622268676758, 0.6560685634613037, 0.6910684108734131]
[0.7502657341957092, 1.0, 0.08924809803878475, 0.079331642701142, 0.079331642701142, 0.875, 0.875, 0.023381746732271634, 0.0330686728224352, 1.0, 1.0, 1.0, 0.023004294137346223, 0.023004294137346223, 0.5279624462127686, 0.6560685634613037, 0.6910684108734131]
[0.7502657341957092, 1.0, 0.0830002154717081, 0.07377796930818498, 0.07377796930818498, 0.875, 0.875, 0.6335914318378155, 0.5273343179475833, 0.3176346640644133, 0.3176346640644133, 1.0, 1.0, 0.3668412646591884, 0.7579622268676758, 0.6560685634613037, 0.6910684108734131]
[0.7502657341957092, 1.0, 0.08002584788138001, 0.07113408700567111, 0.07113408700567111, 0.875, 0.875, 0.6273328340970553, 0.5027846529702555, 0.827672852270745, 0.9584861168934118, 1.0, 1.0, 0.3668412646591884, 0.5979621410369873, 0.6560685634613037, 0.6910684108734131]
[0.7502657341957092, 1.0, 0.0830002154717081, 0.07377796930818498, 0.07377796930818498, 0.875, 0.875, 0.6335914318378155, 0.5273343179475833, 0.3176346640644133, 0.3176346640644133, 1.0, 1.0, 0.3668412646591884, 0.5279619693756104, 0.6560685634613037, 0.6910684108734131]
[0.7502657341957092, 1.0, 0.08301174684782109, 0.0737882194202854, 0.0737882194202854, 0.875, 0.875, 0.5742558699387771, 0.5307403410725385, 0.8292241541308357, 0.8292241541308357, 1.0, 1.0, 0.3668412646591884, 0.5179622173309326, 0.6560685634613037, 0.6910684108734131]
[0.7502657341957092, 1.0, 0.08924809803878475, 0.079331642701142, 0.079331642701142, 0.875, 0.875, 0.6335914318378155, 0.5273343179475833, 0.2906332575176549, 0.2906332575176549, 1.0, 1.0, 0.3668412646591884, 0.6029622554779053, 0.6560685634613037, 0.6910684108734131]
[0.6849250960350036, 0.21133713126573905, 0.5569423753013795, 0.9643016991370589, 0.5407248933800558, 0.875, 0.875, 0.5463770352877103, 0.45584486668862456, 0.4037514237886253, 0.4037514237886253, 1.0, 1.0, 0.3171094724790432, 0.7529623508453369, 0.6560685634613037, 0.6910684108734131]
[0.7502657341957092, 1.0, 0.07994344402197617, 0.07106083913064548, 0.07106083913064548, 0.875, 0.875, 0.5463770352877103, 0.45584486668862456, 0.4199479859594333, 0.4199479859594333, 1.0, 1.0, 0.3171094724790432, 0.5979623794555664, 0.6560685634613037, 0.6910684108734131]
[0.7502657341957092, 1.0, 0.0737763736023227, 0.06557899875762017, 0.06557899875762017, 0.875, 0.875, 0.6335914318378155, 0.5273343179475833, 0.3324111355015975, 0.3324111355015975, 1.0, 1.0, 0.3668412646591884, 0.68296217918396, 0.6560685634613037, 0.6910684108734131]
[0.7502657341957092, 1.0, 0.08300518278762925, 0.07378238470011489, 0.07378238470011489, 0.875, 0.875, 0.6257943373460036, 0.508536018060337, 0.6954092275805561, 1.0, 1.0, 0.858309255143156, 0.3668412646591884, 0.5279624462127686, 0.6560685634613037, 0.6910684108734131]
[0.7502657341957092, 1.0, 0.08300518278762925, 0.07378238470011489, 0.07378238470011489, 0.875, 0.875, 0.6335914318378155, 0.5273343179475833, 0.3046999819021282, 0.3046999819021282, 1.0, 1.0, 0.3668412646591884, 0.6029622554779053, 0.6560685634613037, 0.6910684108734131]
[0.7502657341957092, 1.0, 0.08924809803878475, 0.079331642701142, 0.079331642701142, 0.875, 0.875, 0.4439644446739784, 0.4157497197925051, 0.9584861168934118, 1.0, 1.0, 0.9198675232311481, 0.3107453655124165, 0.68296217918396, 0.6560685634613037, 0.6910684108734131]
[0.7502657341957092, 1.0, 0.0737763736023227, 0.06557899875762017, 0.06557899875762017, 0.875, 0.875, 0.5262722602257361, 0.5166548407584539, 0.7081068856075043, 1.0, 1.0, 0.8697730961787237, 0.3668412646591884, 0.7529623508453369, 0.6560685634613037, 0.6910684108734131]
[0.7502657341957092, 1.0, 0.0830117460024371, 0.07378821866883298, 0.07378821866883298, 0.875, 0.875, 0.5207010415884165, 0.41790394581596724, 0.7004781212110642, 0.7004781212110642, 1.0, 1.0, 0.3107453655124165, 0.68296217918396, 0.6560685634613037, 0.6910684108734131]
[0.7502657341957092, 1.0, 0.08301174684782109, 0.0737882194202854, 0.0737882194202854, 0.875, 0.875, 0.6335914318378155, 0.5273343179475833, 0.3174124554491945, 0.3174124554491945, 1.0, 1.0, 0.3668412646591884, 0.7529623508453369, 0.6560685634613037, 0.6910684108734131]
[0.7502657341957092, 1.0, 0.08002584788138001, 0.07113408700567111, 0.07113408700567111, 0.875, 0.875, 0.6335914318378155, 0.5273343179475833, 0.3040802028086046, 0.3040802028086046, 1.0, 1.0, 0.3668412646591884, 0.68296217918396, 0.6560685634613037, 0.6910684108734131]
[0.6849250960350036, 0.21133713126573905, 0.5569423753013795, 0.9643016991370589, 0.5407248933800558, 0.875, 0.875, 0.5463770352877103, 0.45584486668862456, 0.4037514237886253, 0.4037514237886253, 1.0, 1.0, 0.3171094724790432, 0.8279621601104736, 0.6560685634613037, 0.6910684108734131]
[0.7502657341957092, 1.0, 0.07676459748596198, 0.06823519776529954, 0.06823519776529954, 0.875, 0.875, 0.3496404794546274, 0.29752179344529783, 0.7004781212110642, 0.7004781212110642, 1.0, 1.0, 0.20697168239672892, 0.5179622173309326, 0.6560685634613037, 0.6910684108734131]
[0.7502657341957092, 1.0, 0.08300084862559054, 0.07377853211163604, 0.07377853211163604, 0.875, 0.875, 0.6335914318378155, 0.5273343179475833, 0.3195837300591314, 0.3195837300591314, 1.0, 1.0, 0.3668412646591884, 0.68296217918396, 0.6560685634613037, 0.6910684108734131]
[0.7502657341957092, 1.0, 0.08924809803878475, 0.079331642701142, 0.079331642701142, 0.875, 0.875, 0.46934905418982875, 0.5015767906371248, 0.9584861168934118, 0.9584861168934118, 1.0, 1.0, 0.3668412646591884, 0.6029622554779053, 0.6560685634613037, 0.6910684108734131]
[0.7502657341957092, 1.0, 0.07676459748596198, 0.06823519776529954, 0.06823519776529954, 0.875, 0.875, 0.3496404794546274, 0.29752179344529783, 0.7004781212110642, 0.7004781212110642, 1.0, 1.0, 0.20697168239672892, 0.5979623794555664, 0.6560685634613037, 0.6910684108734131]
[0.7502657341957092, 1.0, 0.0830117460024371, 0.07378821866883298, 0.07378821866883298, 0.875, 0.875, 0.57916259765625, 0.5428730946674476, 0.7004781212110642, 0.7004781212110642, 1.0, 1.0, 0.3668412646591884, 0.7529623508453369, 0.6560685634613037, 0.6910684108734131]
[0.7502657341957092, 1.0, 0.0830002154717081, 0.07377796930818498, 0.07377796930818498, 0.875, 0.875, 0.43839337275578427, 0.3691358772072306, 0.5708083981649275, 0.5708083981649275, 1.0, 1.0, 0.25679017544850824, 0.7579622268676758, 0.6560685634613037, 0.6910684108734131]
[0.7502657341957092, 1.0, 0.07993481290705173, 0.07105316702849043, 0.07105316702849043, 0.875, 0.875, 0.6335914318378155, 0.5273343179475833, 0.30545915972901794, 0.30545915972901794, 1.0, 1.0, 0.3668412646591884, 0.44796204566955566, 0.6560685634613037, 0.6910684108734131]
[0.7502657341957092, 1.0, 0.0830002154717081, 0.07377796930818498, 0.07377796930818498, 0.875, 0.875, 0.6335914318378155, 0.5273343179475833, 0.3176346640644133, 0.3176346640644133, 1.0, 1.0, 0.3668412646591884, 0.6029620170593262, 0.6560685634613037, 0.6910684108734131]
[0.7502657341957092, 1.0, 0.08300518278762925, 0.07378238470011489, 0.07378238470011489, 0.875, 0.875, 0.6335914318378155, 0.5273343179475833, 0.3046999819021282, 0.3046999819021282, 1.0, 1.0, 0.3668412646591884, 0.6029622554779053, 0.6560685634613037, 0.6910684108734131]
[0.7502657341957092, 1.0, 0.08002584788138001, 0.07113408700567111, 0.07113408700567111, 0.875, 0.875, 0.6335914318378155, 0.5273343179475833, 0.3040802028086046, 0.3040802028086046, 1.0, 1.0, 0.3668412646591884, 0.68296217918396, 0.6560685634613037, 0.6910684108734131]
[0.7502657341957092, 1.0, 0.07994344402197617, 0.07106083913064548, 0.07106083913064548, 0.875, 0.875, 0.6335914318378155, 0.5273343179475833, 0.2886681983453186, 0.2886681983453186, 1.0, 1.0, 0.3668412646591884, 0.7579619884490967, 0.6560685634613037, 0.6910684108734131]
[0.4108719396591186, 0.31047443235026695, 0.5506903181143283, 0.9192360249037619, 0.5407248933800558, 0.875, 0.875, 0.5178106748140775, 0.2100912466765228, 0.8292241541308357, 0.8292241541308357, 1.0, 1.0, 0.14615043247062456, 0.6029622554779053, 0.6560685634613037, 0.6910684108734131]
[0.7502657341957092, 1.0, 0.08002584788138001, 0.07113408700567111, 0.07113408700567111, 0.875, 0.875, 0.6335914318378155, 0.5273343179475833, 0.3040802028086046, 0.3040802028086046, 1.0, 1.0, 0.3668412646591884, 0.44796204566955566, 0.6560685634613037, 0.6910684108734131]
[0.7502657341957092, 1.0, 0.08300518278762925, 0.07378238470011489, 0.07378238470011489, 0.875, 0.875, 0.6335914318378155, 0.5273343179475833, 0.3046999819021282, 0.3046999819021282, 1.0, 1.0, 0.3668412646591884, 0.8379621505737305, 0.6560685634613037, 0.6910684108734131]
[0.5830313730239868, 0.834440469382227, 0.6797488032759286, 0.9166666666666666, 0.9893016991370589, 0.9821788230583823, 0.875, 0.3905962430513822, 0.5073055305698482, 0.9684861168934118, 1.0, 1.0, 0.7533025991740077, 0.3668412646591884, 0.6029620170593262, 0.6560685634613037, 0.6910684108734131]
[0.7502657341957092, 1.0, 0.08301174684782109, 0.0737882194202854, 0.0737882194202854, 0.875, 0.875, 0.49088756854717547, 0.5105198953817679, 0.9584861168934118, 0.9584861168934118, 1.0, 1.0, 0.3668412646591884, 0.5979621410369873, 0.6560685634613037, 0.6910684108734131]
[0.7502657341957092, 1.0, 0.0737763736023227, 0.06557899875762017, 0.06557899875762017, 0.875, 0.875, 0.6335914318378155, 0.5273343179475833, 0.3324111355015975, 0.3324111355015975, 1.0, 1.0, 0.3668412646591884, 0.5979621410369873, 0.6560685634613037, 0.6910684108734131]
[0.7502657341957092, 1.0, 0.08924784791137408, 0.07933142036566584, 0.07933142036566584, 0.875, 0.875, 0.426085692185622, 0.3603256887836406, 0.5585265871299708, 0.5585265871299708, 1.0, 1.0, 0.2506613487190543, 0.68296217918396, 0.6560685634613037, 0.6910684108734131]
[0.7502657341957092, 1.0, 0.08301175321376997, 0.07378822507890664, 0.07378822507890664, 0.875, 0.875, 0.6076242006742038, 0.5442145383616604, 0.7004781212110642, 0.7004781212110642, 1.0, 1.0, 0.3668412646591884, 0.7579619884490967, 0.6560685634613037, 0.6910684108734131]
[0.7502657341957092, 1.0, 0.08301174684782109, 0.0737882194202854, 0.0737882194202854, 0.875, 0.875, 0.33887114891639125, 0.2886988740637584, 0.7004781212110642, 0.7004781212110642, 1.0, 1.0, 0.20083399934870147, 0.6029622554779053, 0.6560685634613037, 0.6910684108734131]
[0.7502657341957092, 1.0, 0.08301174684782109, 0.0737882194202854, 0.0737882194202854, 0.875, 0.875, 0.6335914318378155, 0.5273343179475833, 0.3174124554491945, 0.3174124554491945, 1.0, 1.0, 0.3668412646591884, 0.5979621410369873, 0.6560685634613037, 0.6910684108734131]
[0.7502657341957092, 1.0, 0.0830117460024371, 0.07378821866883298, 0.07378821866883298, 0.875, 0.875, 0.5688712780292218, 0.5306132923212594, 0.8292241541308357, 0.8292241541308357, 1.0, 1.0, 0.3668412646591884, 0.6029622554779053, 0.6560685634613037, 0.6910684108734131]
[0.7502657341957092, 1.0, 0.07993481290705173, 0.07105316702849043, 0.07105316702849043, 0.875, 0.875, 0.6335914318378155, 0.5273343179475833, 0.30545915972901794, 0.30545915972901794, 1.0, 1.0, 0.3668412646591884, 0.5979621410369873, 0.6560685634613037, 0.6910684108734131]
[0.7502657341957092, 1.0, 0.08301175321376997, 0.07378822507890664, 0.07378822507890664, 0.875, 0.875, 0.6335914318378155, 0.5273343179475833, 0.3026857878259361, 0.3026857878259361, 1.0, 1.0, 0.3668412646591884, 0.7579619884490967, 0.6560685634613037, 0.6910684108734131]
[0.7502657341957092, 1.0, 0.07993481290705173, 0.07105316702849043, 0.07105316702849043, 0.875, 0.875, 0.6335914318378155, 0.5273343179475833, 0.30545915972901794, 0.30545915972901794, 1.0, 1.0, 0.3668412646591884, 0.5179622173309326, 0.6560685634613037, 0.6910684108734131]
[0.7502657341957092, 1.0, 0.08300518278762925, 0.07378238470011489, 0.07378238470011489, 0.875, 0.875, 0.6070414323073167, 0.508536018060337, 0.9684861168934118, 1.0, 1.0, 0.858309255143156, 0.3668412646591884, 0.44796204566955566, 0.6560685634613037, 0.6910684108734131]
[0.7502657341957092, 1.0, 0.0830002154717081, 0.07377796930818498, 0.07377796930818498, 0.875, 0.875, 0.46781070415790266, 0.5116280818832065, 0.9584861168934118, 0.9584861168934118, 1.0, 1.0, 0.3668412646591884, 0.5179622173309326, 0.6560685634613037, 0.6910684108734131]
[0.7502657341957092, 1.0, 0.0737787193607724, 0.06558108387624213, 0.06558108387624213, 0.875, 0.875, 0.6335914318378155, 0.5273343179475833, 0.3161871345271675, 0.3161871345271675, 1.0, 1.0, 0.3668412646591884, 0.5279619693756104, 0.6560685634613037, 0.6910684108734131]
[0.7502657341957092, 1.0, 0.0767645808888362, 0.06823518301229885, 0.06823518301229885, 0.875, 0.875, 0.5333001063420222, 0.4466964629240987, 0.4604846662547769, 0.4604846662547769, 1.0, 1.0, 0.3107453655124165, 0.68296217918396, 0.6560685634613037, 0.6910684108734131]
[0.7502657341957092, 1.0, 0.0830002154717081, 0.07377796930818498, 0.07377796930818498, 0.875, 0.875, 0.33887114891639125, 0.2886988740637584, 0.6893203652314212, 0.6893203652314212, 1.0, 1.0, 0.20083399934870147, 0.6029622554779053, 0.6560685634613037, 0.6910684108734131]
[0.5830313730239868, 0.834440469382227, 0.6797488032759286, 0.9166666666666666, 0.9893016991370589, 0.9821788230583823, 0.875, 0.43839337275578427, 0.3691358772072306, 0.5585265871299708, 0.5585265871299708, 1.0, 1.0, 0.25679017544850824, 0.68296217918396, 0.6560685634613037, 0.6910684108734131]
[0.7502657341957092, 1.0, 0.08301175321376997, 0.07378822507890664, 0.07378822507890664, 0.875, 0.875, 0.5463770352877103, 0.45584486668862456, 0.4339229510698802, 0.4339229510698802, 1.0, 1.0, 0.3171094724790432, 0.6729621887207031, 0.6560685634613037, 0.6910684108734131]
[0.7502657341957092, 1.0, 0.08301174684782109, 0.0737882194202854, 0.0737882194202854, 0.875, 0.875, 0.4855029766376202, 0.5105198953817679, 0.9584861168934118, 0.9584861168934118, 1.0, 1.0, 0.3668412646591884, 0.6029622554779053, 0.6560685634613037, 0.6910684108734131]
[0.7502657341957092, 1.0, 0.08301175321376997, 0.07378822507890664, 0.07378822507890664, 0.875, 0.875, 0.5463770352877103, 0.45584486668862456, 0.4339229510698802, 0.4339229510698802, 1.0, 1.0, 0.3171094724790432, 0.5979623794555664, 0.6560685634613037, 0.6910684108734131]
[0.7502657341957092, 1.0, 0.08300518278762925, 0.07378238470011489, 0.07378238470011489, 0.875, 0.875, 0.6335914318378155, 0.5273343179475833, 0.3046999819021282, 0.3046999819021282, 1.0, 1.0, 0.3668412646591884, 0.6029622554779053, 0.6560685634613037, 0.6910684108734131]
[0.7502657341957092, 1.0, 0.08002584788138001, 0.07113408700567111, 0.07113408700567111, 0.875, 0.875, 0.3257942199707031, 0.278288996861324, 0.6884829787793738, 0.6884829787793738, 1.0, 1.0, 0.1935923456426602, 0.6029622554779053, 0.6560685634613037, 0.6910684108734131]
[0.7502657341957092, 1.0, 0.0737763736023227, 0.06557899875762017, 0.06557899875762017, 0.875, 0.875, 0.6335914318378155, 0.5273343179475833, 0.3324111355015975, 0.3324111355015975, 1.0, 1.0, 0.3668412646591884, 0.5179622173309326, 0.6560685634613037, 0.6910684108734131]
[0.7502657341957092, 1.0, 0.08301174684782109, 0.0737882194202854, 0.0737882194202854, 0.875, 0.875, 0.6335914318378155, 0.5273343179475833, 0.3174124554491945, 0.3174124554491945, 1.0, 1.0, 0.3668412646591884, 0.7579619884490967, 0.6560685634613037, 0.6910684108734131]
[0.7502657341957092, 1.0, 0.08300518278762925, 0.07378238470011489, 0.07378238470011489, 0.875, 0.875, 0.6335914318378155, 0.5273343179475833, 0.3046999819021282, 0.3046999819021282, 1.0, 1.0, 0.3668412646591884, 0.6829619407653809, 0.6560685634613037, 0.6910684108734131]
[0.7502657341957092, 1.0, 0.08924784791137408, 0.07933142036566584, 0.07933142036566584, 0.875, 0.875, 0.5333001063420222, 0.4466964629240987, 0.41918933341635556, 0.41918933341635556, 1.0, 1.0, 0.3107453655124165, 0.68296217918396, 0.6560685634613037, 0.6910684108734131]
[0.7502657341957092, 1.0, 0.0737763736023227, 0.06557899875762017, 0.06557899875762017, 0.875, 0.875, 0.6142559051513672, 0.5399212886670096, 0.827672852270745, 0.827672852270745, 1.0, 1.0, 0.3668412646591884, 0.6729621887207031, 0.6560685634613037, 0.6910684108734131]
[0.7502657341957092, 1.0, 0.08924809803878475, 0.079331642701142, 0.079331642701142, 0.875, 0.875, 0.6335914318378155, 0.5273343179475833, 0.2906332575176549, 0.2906332575176549, 1.0, 1.0, 0.3668412646591884, 0.5979621410369873, 0.6560685634613037, 0.6910684108734131]
[0.7502657341957092, 1.0, 0.07676459748596198, 0.06823519776529954, 0.06823519776529954, 0.875, 0.875, 0.6335914318378155, 0.5273343179475833, 0.33164736485755214, 0.33164736485755214, 1.0, 1.0, 0.3668412646591884, 0.5979621410369873, 0.6560685634613037, 0.6910684108734131]
[0.7502657341957092, 1.0, 0.08301172592210404, 0.07378820081964804, 0.07378820081964804, 0.875, 0.875, 0.6335914318378155, 0.5273343179475833, 0.3195089133773779, 0.3195089133773779, 1.0, 1.0, 0.3668412646591884, 0.5979621410369873, 0.6560685634613037, 0.6910684108734131]
[0.7502657341957092, 1.0, 0.0830002154717081, 0.07377796930818498, 0.07377796930818498, 0.875, 0.875, 0.5455028827373798, 0.5072912581741132, 0.8292241541308357, 1.0, 1.0, 0.8133949557238814, 0.3668412646591884, 0.7529623508453369, 0.6560685634613037, 0.6910684108734131]
[0.7502657341957092, 1.0, 0.07676459748596198, 0.06823519776529954, 0.06823519776529954, 0.875, 0.875, 0.5624260535606971, 0.21991894627067432, 0.8292241541308357, 0.8292241541308357, 1.0, 1.0, 0.1529870930578604, 0.6029622554779053, 0.6560685634613037, 0.6910684108734131]
[0.7502657341957092, 1.0, 0.08924809803878475, 0.079331642701142, 0.079331642701142, 0.875, 0.875, 0.5333001063420222, 0.4466964629240987, 0.4211115783121544, 0.4211115783121544, 1.0, 1.0, 0.3107453655124165, 0.5279624462127686, 0.6560685634613037, 0.6910684108734131]
[0.7502657341957092, 1.0, 0.0830002154717081, 0.07377796930818498, 0.07377796930818498, 0.875, 0.875, 0.43839337275578427, 0.3691358772072306, 0.5708083981649275, 0.5708083981649275, 1.0, 1.0, 0.25679017544850824, 0.68296217918396, 0.6560685634613037, 0.6910684108734131]
[0.5830313730239868, 0.834440469382227, 0.6797488032759286, 0.9166666666666666, 0.9893016991370589, 0.9821788230583823, 0.875, 0.43839337275578427, 0.3691358772072306, 0.5585265871299708, 0.5585265871299708, 1.0, 1.0, 0.25679017544850824, 0.68296217918396, 0.6560685634613037, 0.6910684108734131]
[0.5830313730239868, 0.834440469382227, 0.6797488032759286, 0.9166666666666666, 0.9893016991370589, 0.9821788230583823, 0.875, 0.6335914318378155, 0.5273343179475833, 0.31742800993142006, 0.31742800993142006, 1.0, 1.0, 0.3668412646591884, 0.5979619026184082, 0.6560685634613037, 0.6910684108734131]
[0.7502657341957092, 1.0, 0.08924784791137408, 0.07933142036566584, 0.07933142036566584, 0.875, 0.875, 0.6335914318378155, 0.5273343179475833, 0.2886874154456944, 0.2886874154456944, 1.0, 1.0, 0.3668412646591884, 0.7579619884490967, 0.6560685634613037, 0.6910684108734131]
[0.7502657341957092, 1.0, 0.08301174684782109, 0.0737882194202854, 0.0737882194202854, 0.875, 0.875, 0.6335914318378155, 0.5273343179475833, 0.3174124554491945, 0.3174124554491945, 1.0, 1.0, 0.3668412646591884, 0.7579622268676758, 0.6560685634613037, 0.6910684108734131]
[0.7502657341957092, 1.0, 0.08301175321376997, 0.07378822507890664, 0.07378822507890664, 0.875, 0.875, 0.5463770352877103, 0.45584486668862456, 0.4339229510698802, 0.4339229510698802, 1.0, 1.0, 0.3171094724790432, 0.6729621887207031, 0.6560685634613037, 0.6910684108734131]
[0.7502657341957092, 1.0, 0.0830117460024371, 0.07378821866883298, 0.07378821866883298, 0.875, 0.875, 0.6335914318378155, 0.5273343179475833, 0.319371878396315, 0.319371878396315, 1.0, 1.0, 0.3668412646591884, 0.6029622554779053, 0.6560685634613037, 0.6910684108734131]
[0.7502657341957092, 1.0, 0.0830002154717081, 0.07377796930818498, 0.07377796930818498, 0.875, 0.875, 0.6335914318378155, 0.5273343179475833, 0.3176346640644133, 0.3176346640644133, 1.0, 1.0, 0.3668412646591884, 0.68296217918396, 0.6560685634613037, 0.6910684108734131]
[0.7502657341957092, 1.0, 0.08924784791137408, 0.07933142036566584, 0.07933142036566584, 0.875, 0.875, 0.6335914318378155, 0.5273343179475833, 0.2886874154456944, 0.2886874154456944, 1.0, 1.0, 0.3668412646591884, 0.5979619026184082, 0.6560685634613037, 0.6910684108734131]
[0.7502657341957092, 1.0, 0.08924809803878475, 0.079331642701142, 0.079331642701142, 0.875, 0.875, 0.3156895270714393, 0.4890362759058442, 0.9684861168934118, 1.0, 1.0, 0.7483093818748496, 0.3668412646591884, 0.5979621410369873, 0.6560685634613037, 0.6910684108734131]
[0.7502657341957092, 1.0, 0.07993481290705173, 0.07105316702849043, 0.07105316702849043, 0.875, 0.875, 0.6335914318378155, 0.5273343179475833, 0.30545915972901794, 0.30545915972901794, 1.0, 1.0, 0.3668412646591884, 0.6729621887207031, 0.6560685634613037, 0.6910684108734131]
[0.7502657341957092, 1.0, 0.08301174684782109, 0.0737882194202854, 0.0737882194202854, 0.875, 0.875, 0.6335914318378155, 0.5273343179475833, 0.3174124554491945, 0.3174124554491945, 1.0, 1.0, 0.3668412646591884, 0.5279619693756104, 0.6560685634613037, 0.6910684108734131]
[0.7502657341957092, 1.0, 0.08002584788138001, 0.07113408700567111, 0.07113408700567111, 0.875, 0.875, 0.46934905418982875, 0.5027846529702555, 0.9584861168934118, 0.9584861168934118, 1.0, 1.0, 0.3668412646591884, 0.6029622554779053, 0.6560685634613037, 0.6910684108734131]
[0.7502657341957092, 1.0, 0.08301174684782109, 0.0737882194202854, 0.0737882194202854, 0.875, 0.875, 0.5333001063420222, 0.4466964629240987, 0.4339229510698802, 0.4339229510698802, 1.0, 1.0, 0.3107453655124165, 0.6029622554779053, 0.6560685634613037, 0.6910684108734131]
[0.4108719396591186, 0.31047443235026695, 0.5506903181143283, 0.9192360249037619, 0.5407248933800558, 0.875, 0.875, 0.33887114891639125, 0.2888328211027744, 0.6893203652314212, 0.6893203652314212, 1.0, 1.0, 0.20092717989758221, 0.4429624080657959, 0.6560685634613037, 0.6910684108734131]
[0.4108719396591186, 0.31047443235026695, 0.5506903181143283, 0.9192360249037619, 0.5407248933800558, 0.875, 0.875, 0.5401182908278245, 0.457895647427895, 0.9584861168934118, 0.9584861168934118, 1.0, 1.0, 0.3171094724790432, 0.6729621887207031, 0.6560685634613037, 0.6910684108734131]
[0.7502657341957092, 1.0, 0.07994344402197617, 0.07106083913064548, 0.07106083913064548, 0.875, 0.875, 0.6335914318378155, 0.5273343179475833, 0.2886681983453186, 0.2886681983453186, 1.0, 1.0, 0.3668412646591884, 0.6029622554779053, 0.6560685634613037, 0.6910684108734131]
[0.7502657341957092, 1.0, 0.0737787193607724, 0.06558108387624213, 0.06558108387624213, 0.875, 0.875, 0.5868549346923828, 0.5529035093555811, 0.6884829787793738, 0.6884829787793738, 1.0, 1.0, 0.3668412646591884, 0.6029622554779053, 0.6560685634613037, 0.6910684108734131]
[0.7502657341957092, 1.0, 0.0767645808888362, 0.06823518301229885, 0.06823518301229885, 0.875, 0.875, 0.5585798116830679, 0.5264799326631728, 0.8292241541308357, 1.0, 1.0, 0.81939387197422, 0.3668412646591884, 0.7529621124267578, 0.6560685634613037, 0.6910684108734131]
[0.7502657341957092, 1.0, 0.0830117460024371, 0.07378821866883298, 0.07378821866883298, 0.875, 0.875, 0.6335914318378155, 0.5273343179475833, 0.319371878396315, 0.319371878396315, 1.0, 1.0, 0.3668412646591884, 0.6729621887207031, 0.6560685634613037, 0.6910684108734131]
[0.7502657341957092, 1.0, 0.08301174684782109, 0.0737882194202854, 0.0737882194202854, 0.875, 0.875, 0.6335914318378155, 0.5273343179475833, 0.3174124554491945, 0.3174124554491945, 1.0, 1.0, 0.3668412646591884, 0.68296217918396, 0.6560685634613037, 0.6910684108734131]
[0.7502657341957092, 1.0, 0.0830002154717081, 0.07377796930818498, 0.07377796930818498, 0.875, 0.875, 0.6335914318378155, 0.5273343179475833, 0.3176346640644133, 0.3176346640644133, 1.0, 1.0, 0.3668412646591884, 0.5179622173309326, 0.6560685634613037, 0.6910684108734131]
[0.7502657341957092, 1.0, 0.08924809803878475, 0.079331642701142, 0.079331642701142, 0.875, 0.875, 0.40444242037259615, 0.4890362759058442, 0.9684861168934118, 1.0, 1.0, 0.7483093818748496, 0.3668412646591884, 0.5279619693756104, 0.6560685634613037, 0.6910684108734131]
[0.7502657341957092, 1.0, 0.08301175321376997, 0.07378822507890664, 0.07378822507890664, 0.875, 0.875, 0.43839337275578427, 0.3702387872335289, 0.5721076907739727, 0.5721076907739727, 1.0, 1.0, 0.2575574172059331, 0.5179622173309326, 0.6560685634613037, 0.6910684108734131]
[0.7502657341957092, 1.0, 0.07994344402197617, 0.07106083913064548, 0.07106083913064548, 0.875, 0.875, 0.43839337275578427, 0.3702387872335289, 0.5583143638373944, 0.5583143638373944, 1.0, 1.0, 0.2575574172059331, 0.6729621887207031, 0.6560685634613037, 0.6910684108734131]
[0.7502657341957092, 1.0, 0.08924809803878475, 0.079331642701142, 0.079331642701142, 0.875, 0.875, 0.5660856687105619, 0.5336707129440121, 0.6893203652314212, 0.6893203652314212, 1.0, 1.0, 0.3668412646591884, 0.6729621887207031, 0.6560685634613037, 0.6910684108734131]
[0.7502657341957092, 1.0, 0.0737763736023227, 0.06557899875762017, 0.06557899875762017, 0.875, 0.875, 0.5333001063420222, 0.4466964629240987, 0.4475400468404994, 0.4475400468404994, 1.0, 1.0, 0.3107453655124165, 0.6029622554779053, 0.6560685634613037, 0.6910684108734131]
[0.7502657341957092, 1.0, 0.07994344402197617, 0.07106083913064548, 0.07106083913064548, 0.875, 0.875, 0.6335914318378155, 0.5273343179475833, 0.2886681983453186, 0.2886681983453186, 1.0, 1.0, 0.3668412646591884, 0.6029622554779053, 0.6560685634613037, 0.6910684108734131]
[0.6849250960350036, 0.21133713126573905, 0.5569423753013795, 0.9643016991370589, 0.5407248933800558, 0.875, 0.875, 0.529349107008714, 0.4491992172333631, 0.9584861168934118, 0.9584861168934118, 1.0, 1.0, 0.3171094724790432, 0.6729621887207031, 0.6560685634613037, 0.6910684108734131]
[0.7502657341957092, 1.0, 0.0830117460024371, 0.07378821866883298, 0.07378821866883298, 0.875, 0.875, 0.6335914318378155, 0.5273343179475833, 0.319371878396315, 0.319371878396315, 1.0, 1.0, 0.3668412646591884, 0.5179622173309326, 0.6560685634613037, 0.6910684108734131]
[0.7502657341957092, 1.0, 0.08300518278762925, 0.07378238470011489, 0.07378238470011489, 0.875, 0.875, 0.5463770352877103, 0.45584486668862456, 0.4342400195091324, 0.4342400195091324, 1.0, 1.0, 0.3171094724790432, 0.5979623794555664, 0.6560685634613037, 0.6910684108734131]
[0.7502657341957092, 1.0, 0.07993481290705173, 0.07105316702849043, 0.07105316702849043, 0.875, 0.875, 0.5808875744159405, 0.2099133072273176, 0.8165116830620548, 0.8165116830620548, 1.0, 1.0, 0.14602664850596006, 0.6729621887207031, 0.6560685634613037, 0.6910684108734131]
[0.5830313730239868, 0.834440469382227, 0.6797488032759286, 0.9166666666666666, 0.9893016991370589, 0.9821788230583823, 0.875, 0.5647336519681491, 0.5073055305698482, 0.7081068856075043, 1.0, 1.0, 0.8649218979267047, 0.3668412646591884, 0.7529621124267578, 0.6560685634613037, 0.6910684108734131]
[0.7502657341957092, 1.0, 0.07676459748596198, 0.06823519776529954, 0.06823519776529954, 0.875, 0.875, 0.5463770352877103, 0.45584486668862456, 0.44956472635165323, 0.44956472635165323, 1.0, 1.0, 0.3171094724790432, 0.5979621410369873, 0.6560685634613037, 0.6910684108734131]
[0.7502657341957092, 1.0, 0.0830002154717081, 0.07377796930818498, 0.07377796930818498, 0.875, 0.875, 0.43839337275578427, 0.3691358772072306, 0.5708083981649275, 0.5708083981649275, 1.0, 1.0, 0.25679017544850824, 0.7579622268676758, 0.6560685634613037, 0.6910684108734131]
[0.7502657341957092, 1.0, 0.0830002154717081, 0.07377796930818498, 0.07377796930818498, 0.875, 0.875, 0.5501183729905349, 0.21007387366251695, 0.8292241541308357, 0.8292241541308357, 1.0, 1.0, 0.14613834689566396, 0.6829619407653809, 0.6560685634613037, 0.6910684108734131]
[0.4108719396591186, 0.31047443235026695, 0.5506903181143283, 0.9192360249037619, 0.5407248933800558, 0.875, 0.875, 0.5463770352877103, 0.45584486668862456, 0.434035918994343, 0.434035918994343, 1.0, 1.0, 0.3171094724790432, 0.8279621601104736, 0.6560685634613037, 0.6910684108734131]
[0.7502657341957092, 1.0, 0.08924784791137408, 0.07933142036566584, 0.07933142036566584, 0.875, 0.875, 0.5559808290921725, 0.48793207706064123, 0.9684861168934118, 1.0, 1.0, 0.8649218979267047, 0.3668412646591884, 0.7529621124267578, 0.6560685634613037, 0.6910684108734131]
[0.7502657341957092, 1.0, 0.0830002154717081, 0.07377796930818498, 0.07377796930818498, 0.875, 0.875, 0.5333001063420222, 0.4466964629240987, 0.434035918994343, 0.434035918994343, 1.0, 1.0, 0.3107453655124165, 0.5279619693756104, 0.6560685634613037, 0.6910684108734131]
[0.7502657341957092, 1.0, 0.08002584788138001, 0.07113408700567111, 0.07113408700567111, 0.875, 0.875, 0.6335914318378155, 0.5273343179475833, 0.3040802028086046, 0.3040802028086046, 1.0, 1.0, 0.3668412646591884, 0.7529621124267578, 0.6560685634613037, 0.6910684108734131]
[0.7502657341957092, 1.0, 0.08924784791137408, 0.07933142036566584, 0.07933142036566584, 0.875, 0.875, 0.5955030001126803, 0.48793207706064123, 0.6821725421130151, 1.0, 1.0, 0.8649218979267047, 0.3668412646591884, 0.68296217918396, 0.6560685634613037, 0.6910684108734131]
[0.4108719396591186, 0.31047443235026695, 0.5506903181143283, 0.9192360249037619, 0.5407248933800558, 0.875, 0.875, 0.5463770352877103, 0.45584486668862456, 0.434035918994343, 0.434035918994343, 1.0, 1.0, 0.3171094724790432, 0.7529623508453369, 0.6560685634613037, 0.6910684108734131]
[0.7502657341957092, 1.0, 0.0830117460024371, 0.07378821866883298, 0.07378821866883298, 0.875, 0.875, 0.5333001063420222, 0.4466964629240987, 0.448068262649387, 0.448068262649387, 1.0, 1.0, 0.3107453655124165, 0.7579622268676758, 0.6560685634613037, 0.6910684108734131]
[0.7502657341957092, 1.0, 0.08301172592210404, 0.07378820081964804, 0.07378820081964804, 0.875, 0.875, 0.3257942199707031, 0.278288996861324, 0.7004781212110642, 0.7004781212110642, 1.0, 1.0, 0.1935923456426602, 0.5279624462127686, 0.6560685634613037, 0.6910684108734131]
[0.7502657341957092, 1.0, 0.0830117460024371, 0.07378821866883298, 0.07378821866883298, 0.875, 0.875, 0.6335914318378155, 0.5273343179475833, 0.319371878396315, 0.319371878396315, 1.0, 1.0, 0.3668412646591884, 0.5979621410369873, 0.6560685634613037, 0.6910684108734131]
[0.5830313730239868, 0.834440469382227, 0.6797488032759286, 0.9166666666666666, 0.9893016991370589, 0.9821788230583823, 0.875, 0.23136549729567307, 0.5073055305698482, 0.9684861168934118, 1.0, 1.0, 0.7533025991740077, 0.3668412646591884, 0.5979621410369873, 0.6560685634613037, 0.6910684108734131]
[0.7502657341957092, 1.0, 0.0767645808888362, 0.06823518301229885, 0.06823518301229885, 0.875, 0.875, 0.32568946251502406, 0.5264799326631728, 0.9684861168934118, 1.0, 1.0, 0.7654281157629464, 0.3668412646591884, 0.8279621601104736, 0.6560685634613037, 0.6910684108734131]
[0.5830313730239868, 0.834440469382227, 0.6797488032759286, 0.9166666666666666, 0.9893016991370589, 0.9821788230583823, 0.875, 0.6335914318378155, 0.5273343179475833, 0.31742800993142006, 0.31742800993142006, 1.0, 1.0, 0.3668412646591884, 0.5979621410369873, 0.6560685634613037, 0.6910684108734131]
[0.7502657341957092, 1.0, 0.08002584788138001, 0.07113408700567111, 0.07113408700567111, 0.875, 0.875, 0.6335914318378155, 0.5273343179475833, 0.3040802028086046, 0.3040802028086046, 1.0, 1.0, 0.3668412646591884, 0.6729621887207031, 0.6560685634613037, 0.6910684108734131]
[0.7502657341957092, 1.0, 0.08002584788138001, 0.07113408700567111, 0.07113408700567111, 0.875, 0.875, 0.6335914318378155, 0.5273343179475833, 0.3040802028086046, 0.3040802028086046, 1.0, 1.0, 0.3668412646591884, 0.68296217918396, 0.6560685634613037, 0.6910684108734131]
[0.5830313730239868, 0.834440469382227, 0.6797488032759286, 0.9166666666666666, 0.9893016991370589, 0.9821788230583823, 0.875, 0.3496404794546274, 0.2962492064479305, 0.6893203652314212, 0.6893203652314212, 1.0, 1.0, 0.20608640448551688, 0.68296217918396, 0.6560685634613037, 0.6910684108734131]
[0.7502657341957092, 1.0, 0.0830002154717081, 0.07377796930818498, 0.07377796930818498, 0.875, 0.875, 0.5747337341308594, 0.5072912581741132, 0.9684861168934118, 1.0, 1.0, 0.9819504856058312, 0.3668412646591884, 0.6029622554779053, 0.6560685634613037, 0.6910684108734131]
[0.7502657341957092, 1.0, 0.08300518278762925, 0.07378238470011489, 0.07378238470011489, 0.875, 0.875, 0.5693491422213041, 0.508536018060337, 0.8156953034316403, 1.0, 1.0, 0.8079662246763936, 0.3668412646591884, 0.6029622554779053, 0.6560685634613037, 0.6910684108734131]
[0.7502657341957092, 1.0, 0.08301175321376997, 0.07378822507890664, 0.07378822507890664, 0.875, 0.875, 0.6335914318378155, 0.5273343179475833, 0.3026857878259361, 0.3026857878259361, 1.0, 1.0, 0.3668412646591884, 0.6029622554779053, 0.6560685634613037, 0.6910684108734131]
[0.7502657341957092, 1.0, 0.08301174684782109, 0.0737882194202854, 0.0737882194202854, 0.875, 0.875, 0.6335914318378155, 0.5273343179475833, 0.3174124554491945, 0.3174124554491945, 1.0, 1.0, 0.3668412646591884, 0.7529621124267578, 0.6560685634613037, 0.6910684108734131]
[0.7502657341957092, 1.0, 0.08301172592210404, 0.07378820081964804, 0.07378820081964804, 0.875, 0.875, 0.612426024216872, 0.5071132220135096, 0.9684861168934118, 1.0, 1.0, 0.8697730961787237, 0.3668412646591884, 0.68296217918396, 0.6560685634613037, 0.6910684108734131]
[0.7502657341957092, 1.0, 0.08924809803878475, 0.079331642701142, 0.079331642701142, 0.875, 0.875, 0.2185798058143029, 0.19174573415908336, 0.8156953034316403, 0.8156953034316403, 1.0, 1.0, 0.13338833680631887, 0.44796204566955566, 0.6560685634613037, 0.6910684108734131]
[0.7502657341957092, 1.0, 0.08301175321376997, 0.07378822507890664, 0.07378822507890664, 0.875, 0.875, 0.5062722426194411, 0.2018070521861257, 0.8292241541308357, 0.8292241541308357, 1.0, 1.0, 0.14038751456426138, 0.5279624462127686, 0.6560685634613037, 0.6910684108734131]
[0.7502657341957092, 1.0, 0.0830002154717081, 0.07377796930818498, 0.07377796930818498, 0.875, 0.875, 0.1421347398024339, 0.12894703554519116, 0.9584861168934118, 0.9584861168934118, 1.0, 1.0, 0.08970228559665472, 0.6029622554779053, 0.6560685634613037, 0.6910684108734131]
[0.7502657341957092, 1.0, 0.0830002154717081, 0.07377796930818498, 0.07377796930818498, 0.875, 0.875, 0.6335914318378155, 0.5273343179475833, 0.3176346640644133, 0.3176346640644133, 1.0, 1.0, 0.3668412646591884, 0.6029622554779053, 0.6560685634613037, 0.6910684108734131]
[0.5830313730239868, 0.834440469382227, 0.6797488032759286, 0.9166666666666666, 0.9893016991370589, 0.9821788230583823, 0.875, 0.6335914318378155, 0.5273343179475833, 0.31742800993142006, 0.31742800993142006, 1.0, 1.0, 0.3668412646591884, 0.5979621410369873, 0.6560685634613037, 0.6910684108734131]
[0.7502657341957092, 1.0, 0.08300518278762925, 0.07378238470011489, 0.07378238470011489, 0.875, 0.875, 0.43839337275578427, 0.3702387872335289, 0.558322316755705, 0.558322316755705, 1.0, 1.0, 0.2575574172059331, 0.5979621410369873, 0.6560685634613037, 0.6910684108734131]
[0.5830313730239868, 0.834440469382227, 0.6797488032759286, 0.9166666666666666, 0.9893016991370589, 0.9821788230583823, 0.875, 0.5501183729905349, 0.21097480557701997, 0.8292241541308357, 0.8292241541308357, 1.0, 1.0, 0.14676508214053563, 0.7579622268676758, 0.6560685634613037, 0.6910684108734131]
[0.7502657341957092, 1.0, 0.0830117460024371, 0.07378821866883298, 0.07378821866883298, 0.875, 0.875, 0.6250250889704778, 0.6645564635636654, 0.8292241541308357, 0.9584861168934118, 1.0, 1.0, 0.44549648820935533, 0.5179622173309326, 0.6560685634613037, 0.6910684108734131]
[0.7502657341957092, 1.0, 0.0830002154717081, 0.07377796930818498, 0.07377796930818498, 0.875, 0.875, 0.6225308638352615, 0.499548445283058, 0.5708083981649275, 0.5708083981649275, 1.0, 1.0, 0.3668412646591884, 0.5979621410369873, 0.6560685634613037, 0.6910684108734131]
[0.7502657341957092, 1.0, 0.08300084862559054, 0.07377853211163604, 0.07377853211163604, 0.875, 0.875, 0.57916259765625, 0.5428730946674476, 0.6893203652314212, 0.6893203652314212, 1.0, 1.0, 0.3668412646591884, 0.6729621887207031, 0.6560685634613037, 0.6910684108734131]
[0.7502657341957092, 1.0, 0.0737787193607724, 0.06558108387624213, 0.06558108387624213, 0.875, 0.875, 0.5463770352877103, 0.45584486668862456, 0.4343536365600471, 0.4343536365600471, 1.0, 1.0, 0.3171094724790432, 0.672961950302124, 0.6560685634613037, 0.6910684108734131]
[0.7502657341957092, 1.0, 0.0830117460024371, 0.07378821866883298, 0.07378821866883298, 0.875, 0.875, 0.6335914318378155, 0.5273343179475833, 0.319371878396315, 0.319371878396315, 1.0, 1.0, 0.3668412646591884, 0.5179622173309326, 0.6560685634613037, 0.6910684108734131]
[0.7502657341957092, 1.0, 0.08924809803878475, 0.079331642701142, 0.079331642701142, 0.875, 0.875, 0.41751934931828427, 0.6205283446492486, 0.8165116830620548, 1.0, 1.0, 0.6915796771815891, 0.44549648820935533, 0.68296217918396, 0.6560685634613037, 0.6910684108734131]
[0.7502657341957092, 1.0, 0.08924784791137408, 0.07933142036566584, 0.07933142036566584, 0.875, 0.875, 0.4993491539588341, 0.49237206121919297, 0.9584861168934118, 0.9584861168934118, 1.0, 1.0, 0.3668412646591884, 0.5279619693756104, 0.6560685634613037, 0.6910684108734131]
[0.7502657341957092, 1.0, 0.08924784791137408, 0.07933142036566584, 0.07933142036566584, 0.875, 0.875, 0.6335914318378155, 0.5273343179475833, 0.2886874154456944, 0.2886874154456944, 1.0, 1.0, 0.3668412646591884, 0.6029622554779053, 0.6560685634613037, 0.6910684108734131]
[0.7502657341957092, 1.0, 0.08002584788138001, 0.07113408700567111, 0.07113408700567111, 0.875, 0.875, 0.615025153526893, 0.5295093583583329, 0.827672852270745, 0.827672852270745, 1.0, 1.0, 0.3668412646591884, 0.7529623508453369, 0.6560685634613037, 0.6910684108734131]
[0.7502657341957092, 1.0, 0.0830002154717081, 0.07377796930818498, 0.07377796930818498, 0.875, 0.875, 0.6335914318378155, 0.5273343179475833, 0.3176346640644133, 0.3176346640644133, 1.0, 1.0, 0.3668412646591884, 0.68296217918396, 0.6560685634613037, 0.6910684108734131]
[0.7502657341957092, 1.0, 0.08301174684782109, 0.0737882194202854, 0.0737882194202854, 0.875, 0.875, 0.6335914318378155, 0.5273343179475833, 0.3174124554491945, 0.3174124554491945, 1.0, 1.0, 0.3668412646591884, 0.68296217918396, 0.6560685634613037, 0.6910684108734131]
[0.7502657341957092, 1.0, 0.0830117460024371, 0.07378821866883298, 0.07378821866883298, 0.875, 0.875, 0.615025153526893, 0.5306132923212594, 0.8292241541308357, 0.8292241541308357, 1.0, 1.0, 0.3668412646591884, 0.5979621410369873, 0.6560685634613037, 0.6910684108734131]
[0.7502657341957092, 1.0, 0.08300084862559054, 0.07377853211163604, 0.07377853211163604, 0.875, 0.875, 0.6250250889704778, 0.6656637164494058, 0.8292241541308357, 0.9584861168934118, 1.0, 1.0, 0.44549648820935533, 0.5979623794555664, 0.6560685634613037, 0.6910684108734131]
[0.7502657341957092, 1.0, 0.08924809803878475, 0.079331642701142, 0.079331642701142, 0.875, 0.875, 0.5955030001126803, 0.4890362759058442, 0.6821725421130151, 1.0, 1.0, 0.8649218979267047, 0.3668412646591884, 0.68296217918396, 0.6560685634613037, 0.6910684108734131]
[0.7502657341957092, 1.0, 0.08300518278762925, 0.07378238470011489, 0.07378238470011489, 0.875, 0.875, 0.6335914318378155, 0.5273343179475833, 0.3046999819021282, 0.3046999819021282, 1.0, 1.0, 0.3668412646591884, 0.68296217918396, 0.6560685634613037, 0.6910684108734131]
[0.7502657341957092, 1.0, 0.08300084862559054, 0.07377853211163604, 0.07377853211163604, 0.875, 0.875, 0.612426024216872, 0.5072886644317702, 0.9684861168934118, 1.0, 1.0, 0.9819504856058312, 0.3668412646591884, 0.68296217918396, 0.6560685634613037, 0.6910684108734131]
[0.4108719396591186, 0.31047443235026695, 0.5506903181143283, 0.9192360249037619, 0.5407248933800558, 0.875, 0.875, 0.43839337275578427, 0.3702387872335289, 0.5708083981649275, 0.5708083981649275, 1.0, 1.0, 0.2575574172059331, 0.6729621887207031, 0.6560685634613037, 0.6910684108734131]
[0.7502657341957092, 1.0, 0.08924809803878475, 0.079331642701142, 0.079331642701142, 0.875, 0.875, 0.45733275780311, 0.44712745083892913, 0.8156953034316403, 0.8156953034316403, 1.0, 1.0, 0.3107453655124165, 0.6029622554779053, 0.6560685634613037, 0.6910684108734131]
[0.5830313730239868, 0.834440469382227, 0.6797488032759286, 0.9166666666666666, 0.9893016991370589, 0.9821788230583823, 0.875, 0.5262722602257361, 0.5073055305698482, 0.7081068856075043, 1.0, 1.0, 0.8649218979267047, 0.3668412646591884, 0.7529621124267578, 0.6560685634613037, 0.6910684108734131]
[0.7502657341957092, 1.0, 0.08924809803878475, 0.079331642701142, 0.079331642701142, 0.875, 0.875, 0.45887125455416167, 0.5206922086497671, 0.8156953034316403, 0.8156953034316403, 1.0, 1.0, 0.3668412646591884, 0.5979623794555664, 0.6560685634613037, 0.6910684108734131]
[0.7502657341957092, 1.0, 0.0737763736023227, 0.06557899875762017, 0.06557899875762017, 0.875, 0.875, 0.5333001063420222, 0.4466964629240987, 0.4475400468404994, 0.4475400468404994, 1.0, 1.0, 0.3107453655124165, 0.7579619884490967, 0.6560685634613037, 0.6910684108734131]
[0.7502657341957092, 1.0, 0.08301174684782109, 0.0737882194202854, 0.0737882194202854, 0.875, 0.875, 0.14213459308330828, 0.12783884852899985, 0.9584861168934118, 0.9584861168934118, 1.0, 1.0, 0.08893137288973903, 0.6029622554779053, 0.6560685634613037, 0.6910684108734131]
[0.7502657341957092, 1.0, 0.0737763736023227, 0.06557899875762017, 0.06557899875762017, 0.875, 0.875, 0.6265635857215295, 0.5166548407584539, 0.7081068856075043, 1.0, 1.0, 0.8697730961787237, 0.3668412646591884, 0.7529623508453369, 0.6560685634613037, 0.6910684108734131]
[0.7502657341957092, 1.0, 0.08924809803878475, 0.079331642701142, 0.079331642701142, 0.875, 0.875, 0.5955030001126803, 0.4890362759058442, 0.6821725421130151, 1.0, 1.0, 0.8649218979267047, 0.3668412646591884, 0.5979621410369873, 0.6560685634613037, 0.6910684108734131]
[0.7502657341957092, 1.0, 0.0830002154717081, 0.07377796930818498, 0.07377796930818498, 0.875, 0.875, 0.5333001063420222, 0.4466964629240987, 0.434035918994343, 0.434035918994343, 1.0, 1.0, 0.3107453655124165, 0.44796204566955566, 0.6560685634613037, 0.6910684108734131]
[0.7502657341957092, 1.0, 0.07993481290705173, 0.07105316702849043, 0.07105316702849043, 0.875, 0.875, 0.5178106748140775, 0.6299723214025791, 0.8165116830620548, 1.0, 1.0, 0.6980257216213122, 0.44549648820935533, 0.5979623794555664, 0.6560685634613037, 0.6910684108734131]
[0.7502657341957092, 1.0, 0.08924784791137408, 0.07933142036566584, 0.07933142036566584, 0.875, 0.875, 0.6335914318378155, 0.5273343179475833, 0.2886874154456944, 0.2886874154456944, 1.0, 1.0, 0.3668412646591884, 0.7529621124267578, 0.6560685634613037, 0.6910684108734131]
[0.7502657341957092, 1.0, 0.07994344402197617, 0.07106083913064548, 0.07106083913064548, 0.875, 0.875, 0.6335914318378155, 0.5273343179475833, 0.2886681983453186, 0.2886681983453186, 1.0, 1.0, 0.3668412646591884, 0.68296217918396, 0.6560685634613037, 0.6910684108734131]
[0.5830313730239868, 0.834440469382227, 0.6797488032759286, 0.9166666666666666, 0.9893016991370589, 0.9821788230583823, 0.875, 0.6335914318378155, 0.5273343179475833, 0.31742800993142006, 0.31742800993142006, 1.0, 1.0, 0.3668412646591884, 0.5979621410369873, 0.6560685634613037, 0.6910684108734131]
[0.7502657341957092, 1.0, 0.07993481290705173, 0.07105316702849043, 0.07105316702849043, 0.875, 0.875, 0.6257943373460036, 0.49848015988981853, 0.6979667258492566, 1.0, 1.0, 0.858309255143156, 0.3668412646591884, 0.5179622173309326, 0.6560685634613037, 0.6910684108734131]
[0.7502657341957092, 1.0, 0.0737763736023227, 0.06557899875762017, 0.06557899875762017, 0.875, 0.875, 0.4798270005446214, 0.4433682841309734, 0.827672852270745, 1.0, 1.0, 0.8697730961787237, 0.3107453655124165, 0.6029622554779053, 0.6560685634613037, 0.6910684108734131]
[0.7502657341957092, 1.0, 0.08301172592210404, 0.07378820081964804, 0.07378820081964804, 0.875, 0.875, 0.5231952667236328, 0.51033568079568, 0.9584861168934118, 0.9584861168934118, 1.0, 1.0, 0.3668412646591884, 0.5979621410369873, 0.6560685634613037, 0.6910684108734131]
[0.7502657341957092, 1.0, 0.08924784791137408, 0.07933142036566584, 0.07933142036566584, 0.875, 0.875, 0.426085692185622, 0.3603256887836406, 0.5585265871299708, 0.5585265871299708, 1.0, 1.0, 0.2506613487190543, 0.6029622554779053, 0.6560685634613037, 0.6910684108734131]
[0.7502657341957092, 1.0, 0.08924784791137408, 0.07933142036566584, 0.07933142036566584, 0.875, 0.875, 0.5024260007418119, 0.48793207706064123, 0.9584861168934118, 1.0, 1.0, 0.9257496322307981, 0.3668412646591884, 0.7529621124267578, 0.6560685634613037, 0.6910684108734131]
[0.7502657341957092, 1.0, 0.08924809803878475, 0.079331642701142, 0.079331642701142, 0.875, 0.875, 0.6335914318378155, 0.5273343179475833, 0.2906332575176549, 0.2906332575176549, 1.0, 1.0, 0.3668412646591884, 0.7529621124267578, 0.6560685634613037, 0.6910684108734131]
[0.7502657341957092, 1.0, 0.08924809803878475, 0.079331642701142, 0.079331642701142, 0.875, 0.875, 0.615025153526893, 0.4890362759058442, 0.6821725421130151, 1.0, 1.0, 0.8649218979267047, 0.3668412646591884, 0.6729621887207031, 0.6560685634613037, 0.6910684108734131]
[0.7502657341957092, 1.0, 0.08924784791137408, 0.07933142036566584, 0.07933142036566584, 0.875, 0.875, 0.6335914318378155, 0.5273343179475833, 0.2886874154456944, 0.2886874154456944, 1.0, 1.0, 0.3668412646591884, 0.5979621410369873, 0.6560685634613037, 0.6910684108734131]
[0.7502657341957092, 1.0, 0.08002584788138001, 0.07113408700567111, 0.07113408700567111, 0.875, 0.875, 0.49982701815091646, 0.49744345400304946, 0.9684861168934118, 1.0, 1.0, 0.8645578168605973, 0.3668412646591884, 0.5979621410369873, 0.6560685634613037, 0.6910684108734131]
[0.7502657341957092, 1.0, 0.08924809803878475, 0.079331642701142, 0.079331642701142, 0.875, 0.875, 0.5862721663254958, 0.4890362759058442, 0.9584861168934118, 1.0, 1.0, 0.9198675232311481, 0.3668412646591884, 0.5279619693756104, 0.6560685634613037, 0.6910684108734131]
[0.7502657341957092, 1.0, 0.08300084862559054, 0.07377853211163604, 0.07377853211163604, 0.875, 0.875, 0.426085692185622, 0.3603256887836406, 0.5708083981649275, 0.5708083981649275, 1.0, 1.0, 0.2506613487190543, 0.5279624462127686, 0.6560685634613037, 0.6910684108734131]
[0.7502657341957092, 1.0, 0.0830002154717081, 0.07377796930818498, 0.07377796930818498, 0.875, 0.875, 0.6335914318378155, 0.5273343179475833, 0.3176346640644133, 0.3176346640644133, 1.0, 1.0, 0.3668412646591884, 0.8379621505737305, 0.6560685634613037, 0.6910684108734131]
[0.7502657341957092, 1.0, 0.08301174684782109, 0.0737882194202854, 0.0737882194202854, 0.875, 0.875, 0.5385799407958984, 0.20179385771710479, 0.8292241541308357, 0.8292241541308357, 1.0, 1.0, 0.14037833580320333, 0.5279619693756104, 0.6560685634613037, 0.6910684108734131]
[0.7502657341957092, 1.0, 0.0767645808888362, 0.06823518301229885, 0.06823518301229885, 0.875, 0.875, 0.47165679931640625, 0.5264799326631728, 0.9684861168934118, 1.0, 1.0, 0.8697730961787237, 0.3668412646591884, 0.5979621410369873, 0.6560685634613037, 0.6910684108734131]
[0.7502657341957092, 1.0, 0.08924809803878475, 0.079331642701142, 0.079331642701142, 0.875, 0.875, 0.630409680880033, 0.4890362759058442, 0.6821725421130151, 1.0, 1.0, 0.8649218979267047, 0.3668412646591884, 0.6029622554779053, 0.6560685634613037, 0.6910684108734131]
[0.7502657341957092, 1.0, 0.08924809803878475, 0.079331642701142, 0.079331642701142, 0.875, 0.875, 0.5565635974590595, 0.5206922086497671, 0.8156953034316403, 0.8156953034316403, 1.0, 1.0, 0.3668412646591884, 0.5179622173309326, 0.6560685634613037, 0.6910684108734131]
[0.7502657341957092, 1.0, 0.08002584788138001, 0.07113408700567111, 0.07113408700567111, 0.875, 0.875, 0.6335914318378155, 0.5273343179475833, 0.3040802028086046, 0.3040802028086046, 1.0, 1.0, 0.3668412646591884, 0.7529623508453369, 0.6560685634613037, 0.6910684108734131]
[0.7502657341957092, 1.0, 0.08300518278762925, 0.07378238470011489, 0.07378238470011489, 0.875, 0.875, 0.5463770352877103, 0.45584486668862456, 0.4342400195091324, 0.4342400195091324, 1.0, 1.0, 0.3171094724790432, 0.6729621887207031, 0.6560685634613037, 0.6910684108734131]
[0.7502657341957092, 1.0, 0.0767645808888362, 0.06823518301229885, 0.06823518301229885, 0.875, 0.875, 0.6335914318378155, 0.5273343179475833, 0.3455414918172998, 0.3455414918172998, 1.0, 1.0, 0.3668412646591884, 0.6729621887207031, 0.6560685634613037, 0.6910684108734131]
[0.7502657341957092, 1.0, 0.08924784791137408, 0.07933142036566584, 0.07933142036566584, 0.875, 0.875, 0.5333001063420222, 0.4466964629240987, 0.41918933341635556, 0.41918933341635556, 1.0, 1.0, 0.3107453655124165, 0.7579622268676758, 0.6560685634613037, 0.6910684108734131]
[0.7502657341957092, 1.0, 0.07993481290705173, 0.07105316702849043, 0.07105316702849043, 0.875, 0.875, 0.4827173673189603, 0.5388597902120119, 0.8165116830620548, 0.8165116830620548, 1.0, 1.0, 0.3668412646591884, 0.7529623508453369, 0.6560685634613037, 0.6910684108734131]
[0.7502657341957092, 1.0, 0.0830002154717081, 0.07377796930818498, 0.07377796930818498, 0.875, 0.875, 0.6335914318378155, 0.5273343179475833, 0.3176346640644133, 0.3176346640644133, 1.0, 1.0, 0.3668412646591884, 0.6029620170593262, 0.6560685634613037, 0.6910684108734131]
[0.7502657341957092, 1.0, 0.08300518278762925, 0.07378238470011489, 0.07378238470011489, 0.875, 0.875, 0.5463770352877103, 0.45584486668862456, 0.4342400195091324, 0.4342400195091324, 1.0, 1.0, 0.3171094724790432, 0.6729621887207031, 0.6560685634613037, 0.6910684108734131]
[0.7502657341957092, 1.0, 0.08924809803878475, 0.079331642701142, 0.079331642701142, 0.875, 0.875, 0.6335914318378155, 0.5273343179475833, 0.2906332575176549, 0.2906332575176549, 1.0, 1.0, 0.3668412646591884, 0.5179622173309326, 0.6560685634613037, 0.6910684108734131]
[0.7502657341957092, 1.0, 0.07676459748596198, 0.06823519776529954, 0.06823519776529954, 0.875, 0.875, 0.2547337458683894, 0.21991894627067432, 0.8292241541308357, 0.8292241541308357, 1.0, 1.0, 0.1529870930578604, 0.5979621410369873, 0.6560685634613037, 0.6910684108734131]
[0.7502657341957092, 1.0, 0.08301172592210404, 0.07378820081964804, 0.07378820081964804, 0.875, 0.875, 0.6070414323073167, 0.5071132220135096, 0.6821725421130151, 1.0, 1.0, 0.8697730961787237, 0.3668412646591884, 0.6729621887207031, 0.6560685634613037, 0.6910684108734131]
[0.7502657341957092, 1.0, 0.08924809803878475, 0.079331642701142, 0.079331642701142, 0.875, 0.875, 0.5333001063420222, 0.4466964629240987, 0.4211115783121544, 0.4211115783121544, 1.0, 1.0, 0.3107453655124165, 0.7579622268676758, 0.6560685634613037, 0.6910684108734131]
[0.7502657341957092, 1.0, 0.08301175321376997, 0.07378822507890664, 0.07378822507890664, 0.875, 0.875, 0.5385799407958984, 0.2018070521861257, 0.8292241541308357, 0.8292241541308357, 1.0, 1.0, 0.14038751456426138, 0.44796204566955566, 0.6560685634613037, 0.6910684108734131]
[0.7502657341957092, 1.0, 0.08301174684782109, 0.0737882194202854, 0.0737882194202854, 0.875, 0.875, 0.6335914318378155, 0.5273343179475833, 0.3174124554491945, 0.3174124554491945, 1.0, 1.0, 0.3668412646591884, 0.68296217918396, 0.6560685634613037, 0.6910684108734131]
[0.7502657341957092, 1.0, 0.0830117460024371, 0.07378821866883298, 0.07378821866883298, 0.875, 0.875, 0.6335914318378155, 0.5273343179475833, 0.319371878396315, 0.319371878396315, 1.0, 1.0, 0.3668412646591884, 0.6729621887207031, 0.6560685634613037, 0.6910684108734131]
[0.7502657341957092, 1.0, 0.08301174684782109, 0.0737882194202854, 0.0737882194202854, 0.875, 0.875, 0.46781070415790266, 0.5105198953817679, 0.9584861168934118, 0.9584861168934118, 1.0, 1.0, 0.3668412646591884, 0.5179622173309326, 0.6560685634613037, 0.6910684108734131]
[0.7502657341957092, 1.0, 0.08924809803878475, 0.079331642701142, 0.079331642701142, 0.875, 0.875, 0.6335914318378155, 0.5273343179475833, 0.2906332575176549, 0.2906332575176549, 1.0, 1.0, 0.3668412646591884, 0.5979621410369873, 0.6560685634613037, 0.6910684108734131]
[0.5830313730239868, 0.834440469382227, 0.6797488032759286, 0.9166666666666666, 0.9893016991370589, 0.9821788230583823, 0.875, 0.5333001063420222, 0.4466964629240987, 0.4325959781002176, 0.4325959781002176, 1.0, 1.0, 0.3107453655124165, 0.68296217918396, 0.6560685634613037, 0.6910684108734131]
[0.7502657341957092, 1.0, 0.08301174684782109, 0.0737882194202854, 0.0737882194202854, 0.875, 0.875, 0.43839337275578427, 0.3691358772072306, 0.5721076907739727, 0.5721076907739727, 1.0, 1.0, 0.25679017544850824, 0.68296217918396, 0.6560685634613037, 0.6910684108734131]
[0.7502657341957092, 1.0, 0.07676459748596198, 0.06823519776529954, 0.06823519776529954, 0.875, 0.875, 0.6335914318378155, 0.5273343179475833, 0.33164736485755214, 0.33164736485755214, 1.0, 1.0, 0.3668412646591884, 0.8379621505737305, 0.6560685634613037, 0.6910684108734131]
[0.7502657341957092, 1.0, 0.08300518278762925, 0.07378238470011489, 0.07378238470011489, 0.875, 0.875, 0.6335914318378155, 0.5273343179475833, 0.3046999819021282, 0.3046999819021282, 1.0, 1.0, 0.3668412646591884, 0.7579619884490967, 0.6560685634613037, 0.6910684108734131]
[0.7502657341957092, 1.0, 0.08301172592210404, 0.07378820081964804, 0.07378820081964804, 0.875, 0.875, 0.04722785949707031, 0.05114561702211673, 1.0, 1.0, 1.0, 0.03557955966755946, 0.03557955966755946, 0.68296217918396, 0.6560685634613037, 0.6910684108734131]
[0.7502657341957092, 1.0, 0.07676459748596198, 0.06823519776529954, 0.06823519776529954, 0.875, 0.875, 0.6250250889704778, 0.29752179344529783, 0.7004781212110642, 0.7004781212110642, 1.0, 1.0, 0.20697168239672892, 0.6029622554779053, 0.6560685634613037, 0.6910684108734131]
[0.7502657341957092, 1.0, 0.08924809803878475, 0.079331642701142, 0.079331642701142, 0.875, 0.875, 0.6335914318378155, 0.5273343179475833, 0.2906332575176549, 0.2906332575176549, 1.0, 1.0, 0.3668412646591884, 0.7579619884490967, 0.6560685634613037, 0.6910684108734131]
[0.7502657341957092, 1.0, 0.0767645808888362, 0.06823518301229885, 0.06823518301229885, 0.875, 0.875, 0.6335914318378155, 0.5273343179475833, 0.3455414918172998, 0.3455414918172998, 1.0, 1.0, 0.3668412646591884, 0.672961950302124, 0.6560685634613037, 0.6910684108734131]
[0.7502657341957092, 1.0, 0.08924784791137408, 0.07933142036566584, 0.07933142036566584, 0.875, 0.875, 0.5262722602257361, 0.19174573415908336, 0.8292241541308357, 0.8292241541308357, 1.0, 1.0, 0.13338833680631887, 0.6029620170593262, 0.6560685634613037, 0.6910684108734131]
[0.7502657341957092, 1.0, 0.08301174684782109, 0.0737882194202854, 0.0737882194202854, 0.875, 0.875, 0.6070414323073167, 0.5071401640213844, 0.6979667258492566, 1.0, 1.0, 0.8697730961787237, 0.3668412646591884, 0.7579622268676758, 0.6560685634613037, 0.6910684108734131]
[0.7502657341957092, 1.0, 0.0830002154717081, 0.07377796930818498, 0.07377796930818498, 0.875, 0.875, 0.5531952197735126, 0.5072912581741132, 0.8292241541308357, 1.0, 1.0, 0.8133949557238814, 0.3668412646591884, 0.68296217918396, 0.6560685634613037, 0.6910684108734131]
[0.7502657341957092, 1.0, 0.07676459748596198, 0.06823519776529954, 0.06823519776529954, 0.875, 0.875, 0.5868549346923828, 0.5529035093555811, 0.7004781212110642, 0.7004781212110642, 1.0, 1.0, 0.3668412646591884, 0.44796204566955566, 0.6560685634613037, 0.6910684108734131]
[0.7502657341957092, 1.0, 0.07675394550398762, 0.06822572933687789, 0.06822572933687789, 0.875, 0.875, 0.41627209003155047, 0.5401302635672319, 0.9584861168934118, 0.9584861168934118, 1.0, 1.0, 0.3668412646591884, 0.68296217918396, 0.6510684490203857, 0.8660686016082764]
[0.7502657341957092, 1.0, 0.08300518278762925, 0.07378238470011489, 0.07378238470011489, 0.875, 0.875, 0.43839337275578427, 0.3702387872335289, 0.558322316755705, 0.558322316755705, 1.0, 1.0, 0.2575574172059331, 0.5179622173309326, 0.6560685634613037, 0.6910684108734131]
[0.7502657341957092, 1.0, 0.08301172592210404, 0.07378820081964804, 0.07378820081964804, 0.875, 0.875, 0.6070414323073167, 0.5071132220135096, 0.6821725421130151, 1.0, 1.0, 0.8697730961787237, 0.3668412646591884, 0.7579622268676758, 0.6560685634613037, 0.6910684108734131]
[0.7502657341957092, 1.0, 0.08301174684782109, 0.0737882194202854, 0.0737882194202854, 0.875, 0.875, 0.6335914318378155, 0.5273343179475833, 0.3174124554491945, 0.3174124554491945, 1.0, 1.0, 0.3668412646591884, 0.68296217918396, 0.6560685634613037, 0.6910684108734131]
[0.7502657341957092, 1.0, 0.0737763736023227, 0.06557899875762017, 0.06557899875762017, 0.875, 0.875, 0.6335914318378155, 0.5273343179475833, 0.3324111355015975, 0.3324111355015975, 1.0, 1.0, 0.3668412646591884, 0.5979623794555664, 0.6560685634613037, 0.6910684108734131]
[0.7502657341957092, 1.0, 0.0737763736023227, 0.06557899875762017, 0.06557899875762017, 0.875, 0.875, 0.6335914318378155, 0.5273343179475833, 0.3324111355015975, 0.3324111355015975, 1.0, 1.0, 0.3668412646591884, 0.5279619693756104, 0.6560685634613037, 0.6910684108734131]
[0.7502657341957092, 1.0, 0.0737763736023227, 0.06557899875762017, 0.06557899875762017, 0.875, 0.875, 0.33934901310847354, 0.5209297509096786, 0.9584861168934118, 0.9584861168934118, 1.0, 1.0, 0.3668412646591884, 0.5979621410369873, 0.6560685634613037, 0.6910684108734131]
[0.7502657341957092, 1.0, 0.08924809803878475, 0.079331642701142, 0.079331642701142, 0.875, 0.875, 0.5124260829045222, 0.5015767906371248, 0.9584861168934118, 0.9584861168934118, 1.0, 1.0, 0.3668412646591884, 0.68296217918396, 0.6560685634613037, 0.6910684108734131]
[0.7502657341957092, 1.0, 0.0737763736023227, 0.06557899875762017, 0.06557899875762017, 0.875, 0.875, 0.4247336754432091, 0.5166548407584539, 0.9584861168934118, 1.0, 1.0, 0.9250751531611935, 0.3668412646591884, 0.6729621887207031, 0.6560685634613037, 0.6910684108734131]
[0.7502657341957092, 1.0, 0.08924809803878475, 0.079331642701142, 0.079331642701142, 0.875, 0.875, 0.6335914318378155, 0.5273343179475833, 0.2906332575176549, 0.2906332575176549, 1.0, 1.0, 0.3668412646591884, 0.68296217918396, 0.6560685634613037, 0.6910684108734131]
[0.7502657341957092, 1.0, 0.0830002154717081, 0.07377796930818498, 0.07377796930818498, 0.875, 0.875, 0.5333001063420222, 0.4466964629240987, 0.434035918994343, 0.434035918994343, 1.0, 1.0, 0.3107453655124165, 0.5279624462127686, 0.6560685634613037, 0.6910684108734131]
[0.7502657341957092, 1.0, 0.08924809803878475, 0.079331642701142, 0.079331642701142, 0.875, 0.875, 0.4924260652982272, 0.5015767906371248, 0.9584861168934118, 0.9584861168934118, 1.0, 1.0, 0.3668412646591884, 0.68296217918396, 0.6560685634613037, 0.6910684108734131]
[0.7502657341957092, 1.0, 0.08300084862559054, 0.07377853211163604, 0.07377853211163604, 0.875, 0.875, 0.6250250889704778, 0.5116084960523828, 0.8292241541308357, 0.9584861168934118, 1.0, 1.0, 0.3668412646591884, 0.5179622173309326, 0.6560685634613037, 0.6910684108734131]
[0.7502657341957092, 1.0, 0.07676459748596198, 0.06823519776529954, 0.06823519776529954, 0.875, 0.875, 0.6335914318378155, 0.5273343179475833, 0.33164736485755214, 0.33164736485755214, 1.0, 1.0, 0.3668412646591884, 0.6029622554779053, 0.6560685634613037, 0.6910684108734131]
[0.7502657341957092, 1.0, 0.07676459748596198, 0.06823519776529954, 0.06823519776529954, 0.875, 0.875, 0.5265634976900541, 0.4753006639427768, 0.8292241541308357, 0.8292241541308357, 1.0, 1.0, 0.3171094724790432, 0.5979621410369873, 0.6560685634613037, 0.6910684108734131]
[0.5830313730239868, 0.834440469382227, 0.6797488032759286, 0.9166666666666666, 0.9893016991370589, 0.9821788230583823, 0.875, 0.6335914318378155, 0.5273343179475833, 0.31742800993142006, 0.31742800993142006, 1.0, 1.0, 0.3668412646591884, 0.5179622173309326, 0.6560685634613037, 0.6910684108734131]
[0.7502657341957092, 1.0, 0.0830002154717081, 0.07377796930818498, 0.07377796930818498, 0.875, 0.875, 0.6335914318378155, 0.5273343179475833, 0.3176346640644133, 0.3176346640644133, 1.0, 1.0, 0.3668412646591884, 0.68296217918396, 0.6560685634613037, 0.6910684108734131]
[0.7502657341957092, 1.0, 0.08301175321376997, 0.07378822507890664, 0.07378822507890664, 0.875, 0.875, 0.43839337275578427, 0.3702387872335289, 0.5721076907739727, 0.5721076907739727, 1.0, 1.0, 0.2575574172059331, 0.6729621887207031, 0.6560685634613037, 0.6910684108734131]
[0.7502657341957092, 1.0, 0.08301175321376997, 0.07378822507890664, 0.07378822507890664, 0.875, 0.875, 0.5463770352877103, 0.45584486668862456, 0.4339229510698802, 0.4339229510698802, 1.0, 1.0, 0.3171094724790432, 0.6729621887207031, 0.6560685634613037, 0.6910684108734131]
[0.7502657341957092, 1.0, 0.08924784791137408, 0.07933142036566584, 0.07933142036566584, 0.875, 0.875, 0.6335914318378155, 0.5273343179475833, 0.2886874154456944, 0.2886874154456944, 1.0, 1.0, 0.3668412646591884, 0.5979621410369873, 0.6560685634613037, 0.6910684108734131]
[0.7502657341957092, 1.0, 0.08301175321376997, 0.07378822507890664, 0.07378822507890664, 0.875, 0.875, 0.5463770352877103, 0.45584486668862456, 0.4339229510698802, 0.4339229510698802, 1.0, 1.0, 0.3171094724790432, 0.8279621601104736, 0.6560685634613037, 0.6910684108734131]
[0.7502657341957092, 1.0, 0.08301172592210404, 0.07378820081964804, 0.07378820081964804, 0.875, 0.875, 0.5031952491173377, 0.51033568079568, 0.9584861168934118, 0.9584861168934118, 1.0, 1.0, 0.3668412646591884, 0.7529621124267578, 0.6560685634613037, 0.6910684108734131]
[0.7502657341957092, 1.0, 0.08301175321376997, 0.07378822507890664, 0.07378822507890664, 0.875, 0.875, 0.6335914318378155, 0.5273343179475833, 0.3026857878259361, 0.3026857878259361, 1.0, 1.0, 0.3668412646591884, 0.68296217918396, 0.6560685634613037, 0.6910684108734131]
[0.7502657341957092, 1.0, 0.08002584788138001, 0.07113408700567111, 0.07113408700567111, 0.875, 0.875, 0.6335914318378155, 0.5273343179475833, 0.3040802028086046, 0.3040802028086046, 1.0, 1.0, 0.3668412646591884, 0.4429624080657959, 0.6560685634613037, 0.6910684108734131]
[0.7502657341957092, 1.0, 0.08924784791137408, 0.07933142036566584, 0.07933142036566584, 0.875, 0.875, 0.11828848031850961, 0.10969104898600168, 0.9584861168934118, 0.9584861168934118, 1.0, 1.0, 0.07630681668591421, 0.44796204566955566, 0.6560685634613037, 0.6910684108734131]
[0.7502657341957092, 1.0, 0.0830002154717081, 0.07377796930818498, 0.07377796930818498, 0.875, 0.875, 0.49088756854717547, 0.5116280818832065, 0.9584861168934118, 0.9584861168934118, 1.0, 1.0, 0.3668412646591884, 0.5979621410369873, 0.6560685634613037, 0.6910684108734131]
[0.7502657341957092, 1.0, 0.08924784791137408, 0.07933142036566584, 0.07933142036566584, 0.875, 0.875, 0.5262722602257361, 0.48793207706064123, 0.6821725421130151, 1.0, 1.0, 0.8649218979267047, 0.3668412646591884, 0.6729621887207031, 0.6560685634613037, 0.6910684108734131]
[0.7502657341957092, 1.0, 0.08002584788138001, 0.07113408700567111, 0.07113408700567111, 0.875, 0.875, 0.5660856687105619, 0.5336707129440121, 0.6884829787793738, 0.6884829787793738, 1.0, 1.0, 0.3668412646591884, 0.5179622173309326, 0.6560685634613037, 0.6910684108734131]
[0.7502657341957092, 1.0, 0.08924809803878475, 0.079331642701142, 0.079331642701142, 0.875, 0.875, 0.6335914318378155, 0.5273343179475833, 0.2906332575176549, 0.2906332575176549, 1.0, 1.0, 0.3668412646591884, 0.8379621505737305, 0.6560685634613037, 0.6910684108734131]
[0.7502657341957092, 1.0, 0.08301174684782109, 0.0737882194202854, 0.0737882194202854, 0.875, 0.875, 0.6335914318378155, 0.5273343179475833, 0.3174124554491945, 0.3174124554491945, 1.0, 1.0, 0.3668412646591884, 0.7579619884490967, 0.6560685634613037, 0.6910684108734131]
[0.7502657341957092, 1.0, 0.08301174684782109, 0.0737882194202854, 0.0737882194202854, 0.875, 0.875, 0.5062722426194411, 0.20179385771710479, 0.8292241541308357, 0.8292241541308357, 1.0, 1.0, 0.14037833580320333, 0.5279619693756104, 0.6560685634613037, 0.6910684108734131]
[0.7502657341957092, 1.0, 0.0830002154717081, 0.07377796930818498, 0.07377796930818498, 0.875, 0.875, 0.6335914318378155, 0.5273343179475833, 0.3176346640644133, 0.3176346640644133, 1.0, 1.0, 0.3668412646591884, 0.5179622173309326, 0.6560685634613037, 0.6910684108734131]
[0.7502657341957092, 1.0, 0.08300518278762925, 0.07378238470011489, 0.07378238470011489, 0.875, 0.875, 0.1552115220289964, 0.13945750696077486, 0.9584861168934118, 0.9584861168934118, 1.0, 1.0, 0.09701391788575642, 0.6729621887207031, 0.6560685634613037, 0.6910684108734131]
[0.7502657341957092, 1.0, 0.0830002154717081, 0.07377796930818498, 0.07377796930818498, 0.875, 0.875, 0.6225308638352615, 0.499548445283058, 0.5708083981649275, 0.5708083981649275, 1.0, 1.0, 0.3668412646591884, 0.5979621410369873, 0.6560685634613037, 0.6910684108734131]
[0.7502657341957092, 1.0, 0.0830002154717081, 0.07377796930818498, 0.07377796930818498, 0.875, 0.875, 0.6335914318378155, 0.5273343179475833, 0.3176346640644133, 0.3176346640644133, 1.0, 1.0, 0.3668412646591884, 0.7529621124267578, 0.6560685634613037, 0.6910684108734131]
[0.7502657341957092, 1.0, 0.08301175321376997, 0.07378822507890664, 0.07378822507890664, 0.875, 0.875, 0.14213459308330828, 0.12784078690439937, 0.9584861168934118, 0.9584861168934118, 1.0, 1.0, 0.08893272132479957, 0.5179622173309326, 0.6560685634613037, 0.6910684108734131]
[0.7502657341957092, 1.0, 0.07676459748596198, 0.06823519776529954, 0.06823519776529954, 0.875, 0.875, 0.6335914318378155, 0.5273343179475833, 0.33164736485755214, 0.33164736485755214, 1.0, 1.0, 0.3668412646591884, 0.7529621124267578, 0.6560685634613037, 0.6910684108734131]
[0.7502657341957092, 1.0, 0.0830002154717081, 0.07377796930818498, 0.07377796930818498, 0.875, 0.875, 0.6335914318378155, 0.5273343179475833, 0.3176346640644133, 0.3176346640644133, 1.0, 1.0, 0.3668412646591884, 0.5279619693756104, 0.6560685634613037, 0.6910684108734131]
[0.7502657341957092, 1.0, 0.08002584788138001, 0.07113408700567111, 0.07113408700567111, 0.875, 0.875, 0.5557943490835336, 0.5027846529702555, 0.9584861168934118, 0.9584861168934118, 1.0, 1.0, 0.3668412646591884, 0.5979623794555664, 0.6560685634613037, 0.6910684108734131]
[0.7502657341957092, 1.0, 0.0767645808888362, 0.06823518301229885, 0.06823518301229885, 0.875, 0.875, 0.6335914318378155, 0.5273343179475833, 0.3455414918172998, 0.3455414918172998, 1.0, 1.0, 0.3668412646591884, 0.5979619026184082, 0.6560685634613037, 0.6910684108734131]
[0.7502657341957092, 1.0, 0.07676459748596198, 0.06823519776529954, 0.06823519776529954, 0.875, 0.875, 0.5924260066105769, 0.6072563258311571, 0.8292241541308357, 1.0, 1.0, 0.7606803158050666, 0.4190577030852204, 0.7579622268676758, 0.6560685634613037, 0.6910684108734131]
[0.7502657341957092, 1.0, 0.07676459748596198, 0.06823519776529954, 0.06823519776529954, 0.875, 0.875, 0.6335914318378155, 0.5273343179475833, 0.33164736485755214, 0.33164736485755214, 1.0, 1.0, 0.3668412646591884, 0.5179622173309326, 0.6560685634613037, 0.6910684108734131]
[0.7502657341957092, 1.0, 0.08301174684782109, 0.0737882194202854, 0.0737882194202854, 0.875, 0.875, 0.5333001063420222, 0.4466964629240987, 0.4339229510698802, 0.4339229510698802, 1.0, 1.0, 0.3107453655124165, 0.7579619884490967, 0.6560685634613037, 0.6910684108734131]
[0.7502657341957092, 1.0, 0.07676459748596198, 0.06823519776529954, 0.06823519776529954, 0.875, 0.875, 0.49194820110614484, 0.5488654274742732, 0.8292241541308357, 0.8292241541308357, 1.0, 1.0, 0.3668412646591884, 0.6029622554779053, 0.6560685634613037, 0.6910684108734131]
[0.7502657341957092, 1.0, 0.08301172592210404, 0.07378820081964804, 0.07378820081964804, 0.875, 0.875, 0.46964043837327224, 0.4559445939245367, 0.8292241541308357, 0.8292241541308357, 1.0, 1.0, 0.3107453655124165, 0.68296217918396, 0.6560685634613037, 0.6910684108734131]
[0.7502657341957092, 1.0, 0.08301174684782109, 0.0737882194202854, 0.0737882194202854, 0.875, 0.875, 0.5333001063420222, 0.4466964629240987, 0.4339229510698802, 0.4339229510698802, 1.0, 1.0, 0.3107453655124165, 0.6029622554779053, 0.6560685634613037, 0.6910684108734131]
[0.7502657341957092, 1.0, 0.08301174684782109, 0.0737882194202854, 0.0737882194202854, 0.875, 0.875, 0.6335914318378155, 0.5273343179475833, 0.3174124554491945, 0.3174124554491945, 1.0, 1.0, 0.3668412646591884, 0.5179622173309326, 0.6560685634613037, 0.6910684108734131]
[0.7502657341957092, 1.0, 0.0830117460024371, 0.07378821866883298, 0.07378821866883298, 0.875, 0.875, 0.5301183553842398, 0.6386296889468956, 0.8165116830620548, 1.0, 1.0, 0.7040747297375283, 0.44549648820935533, 0.6729621887207031, 0.6560685634613037, 0.6910684108734131]
[0.7502657341957092, 1.0, 0.07676459748596198, 0.06823519776529954, 0.06823519776529954, 0.875, 0.875, 0.6335914318378155, 0.5273343179475833, 0.33164736485755214, 0.33164736485755214, 1.0, 1.0, 0.3668412646591884, 0.5179622173309326, 0.6560685634613037, 0.6910684108734131]
[0.7502657341957092, 1.0, 0.08924784791137408, 0.07933142036566584, 0.07933142036566584, 0.875, 0.875, 0.6335914318378155, 0.5273343179475833, 0.2886874154456944, 0.2886874154456944, 1.0, 1.0, 0.3668412646591884, 0.672961950302124, 0.6560685634613037, 0.6910684108734131]
[0.7502657341957092, 1.0, 0.08924809803878475, 0.079331642701142, 0.079331642701142, 0.875, 0.875, 0.3716567112849309, 0.37427746651663485, 0.9584861168934118, 0.9584861168934118, 1.0, 1.0, 0.2506613487190543, 0.7579619884490967, 0.6560685634613037, 0.6910684108734131]
[0.7502657341957092, 1.0, 0.08301174684782109, 0.0737882194202854, 0.0737882194202854, 0.875, 0.875, 0.6335914318378155, 0.5273343179475833, 0.3174124554491945, 0.3174124554491945, 1.0, 1.0, 0.3668412646591884, 0.6729621887207031, 0.6560685634613037, 0.6910684108734131]
[0.7502657341957092, 1.0, 0.07676459748596198, 0.06823519776529954, 0.06823519776529954, 0.875, 0.875, 0.6335914318378155, 0.5273343179475833, 0.33164736485755214, 0.33164736485755214, 1.0, 1.0, 0.3668412646591884, 0.6029622554779053, 0.6560685634613037, 0.6910684108734131]
[0.5830313730239868, 0.834440469382227, 0.6797488032759286, 0.9166666666666666, 0.9893016991370589, 0.9821788230583823, 0.875, 0.6335914318378155, 0.5273343179475833, 0.31742800993142006, 0.31742800993142006, 1.0, 1.0, 0.3668412646591884, 0.5279619693756104, 0.6560685634613037, 0.6910684108734131]
[0.7502657341957092, 1.0, 0.0737763736023227, 0.06557899875762017, 0.06557899875762017, 0.875, 0.875, 0.5333001063420222, 0.4466964629240987, 0.4475400468404994, 0.4475400468404994, 1.0, 1.0, 0.3107453655124165, 0.68296217918396, 0.6560685634613037, 0.6910684108734131]
[0.7502657341957092, 1.0, 0.08924784791137408, 0.07933142036566584, 0.07933142036566584, 0.875, 0.875, 0.6335914318378155, 0.5273343179475833, 0.2886874154456944, 0.2886874154456944, 1.0, 1.0, 0.3668412646591884, 0.7579619884490967, 0.6560685634613037, 0.6910684108734131]
[0.7502657341957092, 1.0, 0.0830117460024371, 0.07378821866883298, 0.07378821866883298, 0.875, 0.875, 0.33887114891639125, 0.2874913775511314, 0.7004781212110642, 0.7004781212110642, 1.0, 1.0, 0.19999400177470011, 0.7579619884490967, 0.6560685634613037, 0.6910684108734131]
[0.7502657341957092, 1.0, 0.08300518278762925, 0.07378238470011489, 0.07378238470011489, 0.875, 0.875, 0.6335914318378155, 0.5273343179475833, 0.3046999819021282, 0.3046999819021282, 1.0, 1.0, 0.3668412646591884, 0.6029622554779053, 0.6560685634613037, 0.6910684108734131]
[0.7502657341957092, 1.0, 0.08300518278762925, 0.07378238470011489, 0.07378238470011489, 0.875, 0.875, 0.5447337810809796, 0.508536018060337, 0.6954092275805561, 1.0, 1.0, 0.858309255143156, 0.3668412646591884, 0.5979621410369873, 0.6560685634613037, 0.6910684108734131]
[0.7502657341957092, 1.0, 0.07676459748596198, 0.06823519776529954, 0.06823519776529954, 0.875, 0.875, 0.6119481600247897, 0.5488654274742732, 0.8292241541308357, 0.8292241541308357, 1.0, 1.0, 0.3668412646591884, 0.6829619407653809, 0.6560685634613037, 0.6910684108734131]
[0.7502657341957092, 1.0, 0.08301174684782109, 0.0737882194202854, 0.0737882194202854, 0.875, 0.875, 0.5796404618483323, 0.5307403410725385, 0.8292241541308357, 0.8292241541308357, 1.0, 1.0, 0.3668412646591884, 0.5279619693756104, 0.6560685634613037, 0.6910684108734131]
[0.7502657341957092, 1.0, 0.07676459748596198, 0.06823519776529954, 0.06823519776529954, 0.875, 0.875, 0.6335914318378155, 0.5273343179475833, 0.33164736485755214, 0.33164736485755214, 1.0, 1.0, 0.3668412646591884, 0.68296217918396, 0.6560685634613037, 0.6910684108734131]
[0.7502657341957092, 1.0, 0.0830002154717081, 0.07377796930818498, 0.07377796930818498, 0.875, 0.875, 0.6335914318378155, 0.5273343179475833, 0.3176346640644133, 0.3176346640644133, 1.0, 1.0, 0.3668412646591884, 0.44796204566955566, 0.6560685634613037, 0.6910684108734131]
[0.7502657341957092, 1.0, 0.0737763736023227, 0.06557899875762017, 0.06557899875762017, 0.875, 0.875, 0.6225308638352615, 0.499548445283058, 0.5731814548561507, 0.5731814548561507, 1.0, 1.0, 0.3668412646591884, 0.5179622173309326, 0.6560685634613037, 0.6910684108734131]
[0.7502657341957092, 1.0, 0.0830002154717081, 0.07377796930818498, 0.07377796930818498, 0.875, 0.875, 0.6225308638352615, 0.499548445283058, 0.5708083981649275, 0.5708083981649275, 1.0, 1.0, 0.3668412646591884, 0.6729621887207031, 0.6560685634613037, 0.6910684108734131]
[0.7502657341957092, 1.0, 0.08301174684782109, 0.0737882194202854, 0.0737882194202854, 0.875, 0.875, 0.5333001063420222, 0.4466964629240987, 0.4339229510698802, 0.4339229510698802, 1.0, 1.0, 0.3107453655124165, 0.68296217918396, 0.6560685634613037, 0.6910684108734131]
[0.7502657341957092, 1.0, 0.08300084862559054, 0.07377853211163604, 0.07377853211163604, 0.875, 0.875, 0.5801183260404147, 0.2099133072273176, 0.8292241541308357, 0.8292241541308357, 1.0, 1.0, 0.14602664850596006, 0.6729621887207031, 0.6560685634613037, 0.6910684108734131]
[0.7502657341957092, 1.0, 0.08002584788138001, 0.07113408700567111, 0.07113408700567111, 0.875, 0.875, 0.6335914318378155, 0.5273343179475833, 0.3040802028086046, 0.3040802028086046, 1.0, 1.0, 0.3668412646591884, 0.5179622173309326, 0.6560685634613037, 0.6910684108734131]
[0.7502657341957092, 1.0, 0.08301174684782109, 0.0737882194202854, 0.0737882194202854, 0.875, 0.875, 0.5742558699387771, 0.5307403410725385, 0.8292241541308357, 0.8292241541308357, 1.0, 1.0, 0.3668412646591884, 0.6029622554779053, 0.6560685634613037, 0.6910684108734131]
[0.7502657341957092, 1.0, 0.07676459748596198, 0.06823519776529954, 0.06823519776529954, 0.875, 0.875, 0.6335914318378155, 0.5273343179475833, 0.33164736485755214, 0.33164736485755214, 1.0, 1.0, 0.3668412646591884, 0.5279619693756104, 0.6560685634613037, 0.6910684108734131]
[0.7502657341957092, 1.0, 0.08924809803878475, 0.079331642701142, 0.079331642701142, 0.875, 0.875, 0.5262722602257361, 0.4890362759058442, 0.6821725421130151, 1.0, 1.0, 0.8649218979267047, 0.3668412646591884, 0.7529621124267578, 0.6560685634613037, 0.6910684108734131]
[0.5830313730239868, 0.834440469382227, 0.6797488032759286, 0.9166666666666666, 0.9893016991370589, 0.9821788230583823, 0.875, 0.4798270005446214, 0.4340189772538037, 0.827672852270745, 1.0, 1.0, 0.8649218979267047, 0.3107453655124165, 0.6029622554779053, 0.6560685634613037, 0.6910684108734131]
[0.7502657341957092, 1.0, 0.08002584788138001, 0.07113408700567111, 0.07113408700567111, 0.875, 0.875, 0.3257942199707031, 0.278288996861324, 0.6884829787793738, 0.6884829787793738, 1.0, 1.0, 0.1935923456426602, 0.5279624462127686, 0.6560685634613037, 0.6910684108734131]
[0.7502657341957092, 1.0, 0.07676459748596198, 0.06823519776529954, 0.06823519776529954, 0.875, 0.875, 0.5463770352877103, 0.45584486668862456, 0.44956472635165323, 0.44956472635165323, 1.0, 1.0, 0.3171094724790432, 0.5179622173309326, 0.6560685634613037, 0.6910684108734131]
[0.5830313730239868, 0.834440469382227, 0.6797488032759286, 0.9166666666666666, 0.9893016991370589, 0.9821788230583823, 0.875, 0.6335914318378155, 0.5273343179475833, 0.31742800993142006, 0.31742800993142006, 1.0, 1.0, 0.3668412646591884, 0.7529621124267578, 0.6560685634613037, 0.6910684108734131]
[0.7502657341957092, 1.0, 0.08924784791137408, 0.07933142036566584, 0.07933142036566584, 0.875, 0.875, 0.6335914318378155, 0.5273343179475833, 0.2886874154456944, 0.2886874154456944, 1.0, 1.0, 0.3668412646591884, 0.672961950302124, 0.6560685634613037, 0.6910684108734131]
[0.7502657341957092, 1.0, 0.08924809803878475, 0.079331642701142, 0.079331642701142, 0.875, 0.875, 0.6335914318378155, 0.5273343179475833, 0.2906332575176549, 0.2906332575176549, 1.0, 1.0, 0.3668412646591884, 0.6029622554779053, 0.6560685634613037, 0.6910684108734131]
[0.7502657341957092, 1.0, 0.0767645808888362, 0.06823518301229885, 0.06823518301229885, 0.875, 0.875, 0.6335914318378155, 0.5273343179475833, 0.3455414918172998, 0.3455414918172998, 1.0, 1.0, 0.3668412646591884, 0.5179622173309326, 0.6560685634613037, 0.6910684108734131]
[0.7502657341957092, 1.0, 0.07676459748596198, 0.06823519776529954, 0.06823519776529954, 0.875, 0.875, 0.6335914318378155, 0.5273343179475833, 0.33164736485755214, 0.33164736485755214, 1.0, 1.0, 0.3668412646591884, 0.68296217918396, 0.6560685634613037, 0.6910684108734131]
[0.7502657341957092, 1.0, 0.08301172592210404, 0.07378820081964804, 0.07378820081964804, 0.875, 0.875, 0.47165679931640625, 0.5071132220135096, 0.9684861168934118, 1.0, 1.0, 0.8697730961787237, 0.3668412646591884, 0.7529621124267578, 0.6560685634613037, 0.6910684108734131]
[0.7502657341957092, 1.0, 0.08002584788138001, 0.07113408700567111, 0.07113408700567111, 0.875, 0.875, 0.6335914318378155, 0.5273343179475833, 0.3040802028086046, 0.3040802028086046, 1.0, 1.0, 0.3668412646591884, 0.8379621505737305, 0.6560685634613037, 0.6910684108734131]
[0.7502657341957092, 1.0, 0.08301172592210404, 0.07378820081964804, 0.07378820081964804, 0.875, 0.875, 0.6335914318378155, 0.5273343179475833, 0.3195089133773779, 0.3195089133773779, 1.0, 1.0, 0.3668412646591884, 0.5979621410369873, 0.6560685634613037, 0.6910684108734131]
[0.7502657341957092, 1.0, 0.08924784791137408, 0.07933142036566584, 0.07933142036566584, 0.875, 0.875, 0.4462721898005559, 0.41464554422192346, 0.9684861168934118, 1.0, 1.0, 0.9819504856058312, 0.3107453655124165, 0.68296217918396, 0.6560685634613037, 0.6910684108734131]
[0.7502657341957092, 1.0, 0.08002584788138001, 0.07113408700567111, 0.07113408700567111, 0.875, 0.875, 0.6335914318378155, 0.5273343179475833, 0.3040802028086046, 0.3040802028086046, 1.0, 1.0, 0.3668412646591884, 0.5179622173309326, 0.6560685634613037, 0.6910684108734131]
[0.7502657341957092, 1.0, 0.08301172592210404, 0.07378820081964804, 0.07378820081964804, 0.875, 0.875, 0.6335914318378155, 0.5273343179475833, 0.3195089133773779, 0.3195089133773779, 1.0, 1.0, 0.3668412646591884, 0.6029620170593262, 0.6560685634613037, 0.6910684108734131]
[0.7502657341957092, 1.0, 0.08301175321376997, 0.07378822507890664, 0.07378822507890664, 0.875, 0.875, 0.33887114891639125, 0.2888328211027744, 0.7004781212110642, 0.7004781212110642, 1.0, 1.0, 0.20092717989758221, 0.5979621410369873, 0.6560685634613037, 0.6910684108734131]
[0.7502657341957092, 1.0, 0.08301175321376997, 0.07378822507890664, 0.07378822507890664, 0.875, 0.875, 0.49964053814227766, 0.5307535347774798, 0.8292241541308357, 0.8292241541308357, 1.0, 1.0, 0.3668412646591884, 0.6029622554779053, 0.6560685634613037, 0.6910684108734131]
[0.7502657341957092, 1.0, 0.08924784791137408, 0.07933142036566584, 0.07933142036566584, 0.875, 0.875, 0.6335914318378155, 0.5273343179475833, 0.2886874154456944, 0.2886874154456944, 1.0, 1.0, 0.3668412646591884, 0.6029620170593262, 0.6560685634613037, 0.6910684108734131]
[0.7502657341957092, 1.0, 0.0767645808888362, 0.06823518301229885, 0.06823518301229885, 0.875, 0.875, 0.44521155724158656, 0.453193380432545, 0.9584861168934118, 1.0, 1.0, 0.81939387197422, 0.3107453655124165, 0.68296217918396, 0.6560685634613037, 0.6910684108734131]
[0.7502657341957092, 1.0, 0.08924809803878475, 0.079331642701142, 0.079331642701142, 0.875, 0.875, 0.6335914318378155, 0.5273343179475833, 0.2906332575176549, 0.2906332575176549, 1.0, 1.0, 0.3668412646591884, 0.7529623508453369, 0.6560685634613037, 0.6910684108734131]
[0.7502657341957092, 1.0, 0.0737763736023227, 0.06557899875762017, 0.06557899875762017, 0.875, 0.875, 0.5333001063420222, 0.4466964629240987, 0.4475400468404994, 0.4475400468404994, 1.0, 1.0, 0.3107453655124165, 0.6029622554779053, 0.6560685634613037, 0.6910684108734131]
[0.5830313730239868, 0.834440469382227, 0.6797488032759286, 0.9166666666666666, 0.9893016991370589, 0.9821788230583823, 0.875, 0.5988712310791016, 0.5117355773389689, 0.9584861168934118, 0.9584861168934118, 1.0, 1.0, 0.3668412646591884, 0.5179622173309326, 0.6560685634613037, 0.6910684108734131]
[0.7502657341957092, 1.0, 0.0830002154717081, 0.07377796930818498, 0.07377796930818498, 0.875, 0.875, 0.24242606529822716, 0.21007387366251695, 0.8292241541308357, 0.8292241541308357, 1.0, 1.0, 0.14613834689566396, 0.7579619884490967, 0.6560685634613037, 0.6910684108734131]
[0.7502657341957092, 1.0, 0.07676459748596198, 0.06823519776529954, 0.06823519776529954, 0.875, 0.875, 0.2547337458683894, 0.21991894627067432, 0.8292241541308357, 0.8292241541308357, 1.0, 1.0, 0.1529870930578604, 0.6729621887207031, 0.6560685634613037, 0.6910684108734131]
[0.7502657341957092, 1.0, 0.08300518278762925, 0.07378238470011489, 0.07378238470011489, 0.875, 0.875, 0.6334866743821365, 0.508536018060337, 0.6954092275805561, 1.0, 1.0, 0.858309255143156, 0.3668412646591884, 0.5279619693756104, 0.6560685634613037, 0.6910684108734131]
[0.7502657341957092, 1.0, 0.0830002154717081, 0.07377796930818498, 0.07377796930818498, 0.875, 0.875, 0.6335914318378155, 0.5273343179475833, 0.3176346640644133, 0.3176346640644133, 1.0, 1.0, 0.3668412646591884, 0.5979623794555664, 0.6560685634613037, 0.6910684108734131]
[0.7502657341957092, 1.0, 0.07993481290705173, 0.07105316702849043, 0.07105316702849043, 0.875, 0.875, 0.4242558112511268, 0.4652950251671333, 0.8165116830620548, 0.8165116830620548, 1.0, 1.0, 0.3107453655124165, 0.7579619884490967, 0.6560685634613037, 0.6910684108734131]
[0.7502657341957092, 1.0, 0.07676459748596198, 0.06823519776529954, 0.06823519776529954, 0.875, 0.875, 0.5265634976900541, 0.4753006639427768, 0.8292241541308357, 0.8292241541308357, 1.0, 1.0, 0.3171094724790432, 0.6729621887207031, 0.6560685634613037, 0.6910684108734131]
[0.7502657341957092, 1.0, 0.08924809803878475, 0.079331642701142, 0.079331642701142, 0.875, 0.875, 0.3701182145338792, 0.44784223125008227, 0.9584861168934118, 0.9584861168934118, 1.0, 1.0, 0.3107453655124165, 0.7579622268676758, 0.6560685634613037, 0.6910684108734131]
[0.7502657341957092, 1.0, 0.08301174684782109, 0.0737882194202854, 0.0737882194202854, 0.875, 0.875, 0.6335914318378155, 0.5273343179475833, 0.3174124554491945, 0.3174124554491945, 1.0, 1.0, 0.3668412646591884, 0.672961950302124, 0.6560685634613037, 0.6910684108734131]
[0.7502657341957092, 1.0, 0.0737763736023227, 0.06557899875762017, 0.06557899875762017, 0.875, 0.875, 0.4265635563777043, 0.5399212886670096, 0.827672852270745, 0.827672852270745, 1.0, 1.0, 0.3668412646591884, 0.5179622173309326, 0.6560685634613037, 0.6910684108734131]
[0.7502657341957092, 1.0, 0.08924809803878475, 0.079331642701142, 0.079331642701142, 0.875, 0.875, 0.5955030001126803, 0.4890362759058442, 0.6821725421130151, 1.0, 1.0, 0.8649218979267047, 0.3668412646591884, 0.68296217918396, 0.6560685634613037, 0.6910684108734131]
[0.7502657341957092, 1.0, 0.0767645808888362, 0.06823518301229885, 0.06823518301229885, 0.875, 0.875, 0.4916568169227013, 0.5296778018376171, 0.9584861168934118, 0.9584861168934118, 1.0, 1.0, 0.3668412646591884, 0.672961950302124, 0.6560685634613037, 0.6910684108734131]
[0.7502657341957092, 1.0, 0.08002584788138001, 0.07113408700567111, 0.07113408700567111, 0.875, 0.875, 0.6296404325045072, 0.49744345400304946, 0.6821725421130151, 1.0, 1.0, 0.8645578168605973, 0.3668412646591884, 0.6029622554779053, 0.6560685634613037, 0.6910684108734131]
[0.7502657341957092, 1.0, 0.08301172592210404, 0.07378820081964804, 0.07378820081964804, 0.875, 0.875, 0.6119481600247897, 0.5295093583583329, 0.8292241541308357, 0.8292241541308357, 1.0, 1.0, 0.3668412646591884, 0.5979619026184082, 0.6560685634613037, 0.6910684108734131]
[0.7502657341957092, 1.0, 0.0737763736023227, 0.06557899875762017, 0.06557899875762017, 0.875, 0.875, 0.5462721311129056, 0.5166548407584539, 0.8292241541308357, 1.0, 1.0, 0.8144267195026742, 0.3668412646591884, 0.6729621887207031, 0.6560685634613037, 0.6910684108734131]
[0.7502657341957092, 1.0, 0.07676459748596198, 0.06823519776529954, 0.06823519776529954, 0.875, 0.875, 0.4499318049504207, 0.3784785286718242, 0.584605905540706, 0.584605905540706, 1.0, 1.0, 0.26328941124996463, 0.7529623508453369, 0.6560685634613037, 0.6910684108734131]
[0.7502657341957092, 1.0, 0.08924809803878475, 0.079331642701142, 0.079331642701142, 0.875, 0.875, 0.6335914318378155, 0.5273343179475833, 0.2906332575176549, 0.2906332575176549, 1.0, 1.0, 0.3668412646591884, 0.5979621410369873, 0.6560685634613037, 0.6910684108734131]
[0.5830313730239868, 0.834440469382227, 0.6797488032759286, 0.9166666666666666, 0.9893016991370589, 0.9821788230583823, 0.875, 0.6335914318378155, 0.5273343179475833, 0.31742800993142006, 0.31742800993142006, 1.0, 1.0, 0.3668412646591884, 0.7529621124267578, 0.6560685634613037, 0.6910684108734131]
[0.7502657341957092, 1.0, 0.08924809803878475, 0.079331642701142, 0.079331642701142, 0.875, 0.875, 0.5559808290921725, 0.4890362759058442, 0.9684861168934118, 1.0, 1.0, 0.8649218979267047, 0.3668412646591884, 0.7529621124267578, 0.6560685634613037, 0.6910684108734131]
[0.5830313730239868, 0.834440469382227, 0.6797488032759286, 0.9166666666666666, 0.9893016991370589, 0.9821788230583823, 0.875, 0.5911788940429688, 0.5399212886670096, 0.8292241541308357, 0.8292241541308357, 1.0, 1.0, 0.3668412646591884, 0.68296217918396, 0.6560685634613037, 0.6910684108734131]
[0.7502657341957092, 1.0, 0.08301175321376997, 0.07378822507890664, 0.07378822507890664, 0.875, 0.875, 0.33887114891639125, 0.2888328211027744, 0.7004781212110642, 0.7004781212110642, 1.0, 1.0, 0.20092717989758221, 0.5179622173309326, 0.6560685634613037, 0.6910684108734131]
[0.7502657341957092, 1.0, 0.0767645808888362, 0.06823518301229885, 0.06823518301229885, 0.875, 0.875, 0.4144423558161809, 0.5264799326631728, 0.9684861168934118, 1.0, 1.0, 0.7654281157629464, 0.3668412646591884, 0.7579622268676758, 0.6560685634613037, 0.6910684108734131]
[0.7502657341957092, 1.0, 0.07676459748596198, 0.06823519776529954, 0.06823519776529954, 0.875, 0.875, 0.6335914318378155, 0.5273343179475833, 0.33164736485755214, 0.33164736485755214, 1.0, 1.0, 0.3668412646591884, 0.6029622554779053, 0.6560685634613037, 0.6910684108734131]
[0.7502657341957092, 1.0, 0.0767645808888362, 0.06823518301229885, 0.06823518301229885, 0.875, 0.875, 0.6335914318378155, 0.5273343179475833, 0.3455414918172998, 0.3455414918172998, 1.0, 1.0, 0.3668412646591884, 0.6729621887207031, 0.6560685634613037, 0.6910684108734131]
[0.7502657341957092, 1.0, 0.0830002154717081, 0.07377796930818498, 0.07377796930818498, 0.875, 0.875, 0.5681020296536959, 0.5390203567780852, 0.8292241541308357, 0.8292241541308357, 1.0, 1.0, 0.3668412646591884, 0.6029622554779053, 0.6560685634613037, 0.6910684108734131]
[0.4108719396591186, 0.31047443235026695, 0.5506903181143283, 0.9192360249037619, 0.5407248933800558, 0.875, 0.875, 0.3716568580040565, 0.3843308823703604, 0.9584861168934118, 0.9584861168934118, 1.0, 1.0, 0.2575574172059331, 0.5179622173309326, 0.6560685634613037, 0.6910684108734131]
[0.7502657341957092, 1.0, 0.08924784791137408, 0.07933142036566584, 0.07933142036566584, 0.875, 0.875, 0.2075192378117488, 0.16237706966793497, 0.9684861168934118, 1.0, 1.0, 0.9819504856058312, 0.13338833680631887, 0.5279624462127686, 0.6560685634613037, 0.6910684108734131]
[0.7502657341957092, 1.0, 0.07676459748596198, 0.06823519776529954, 0.06823519776529954, 0.875, 0.875, 0.6335914318378155, 0.5273343179475833, 0.33164736485755214, 0.33164736485755214, 1.0, 1.0, 0.3668412646591884, 0.44796204566955566, 0.6560685634613037, 0.6910684108734131]
[0.5830313730239868, 0.834440469382227, 0.6797488032759286, 0.9166666666666666, 0.9893016991370589, 0.9821788230583823, 0.875, 0.6335914318378155, 0.5273343179475833, 0.31742800993142006, 0.31742800993142006, 1.0, 1.0, 0.3668412646591884, 0.7579619884490967, 0.6560685634613037, 0.6910684108734131]
[0.7502657341957092, 1.0, 0.08301172592210404, 0.07378820081964804, 0.07378820081964804, 0.875, 0.875, 0.5385799407958984, 0.20056287609305823, 0.8292241541308357, 0.8292241541308357, 1.0, 1.0, 0.13952200076038834, 0.6029620170593262, 0.6560685634613037, 0.6910684108734131]
[0.7502657341957092, 1.0, 0.08300518278762925, 0.07378238470011489, 0.07378238470011489, 0.875, 0.875, 0.3496404794546274, 0.2964146913158987, 0.674111286829259, 0.674111286829259, 1.0, 1.0, 0.20620152439366865, 0.6729621887207031, 0.6560685634613037, 0.6910684108734131]
[0.7502657341957092, 1.0, 0.08924809803878475, 0.079331642701142, 0.079331642701142, 0.875, 0.875, 0.1313652625450721, 0.11889574863136043, 0.9584861168934118, 0.9584861168934118, 1.0, 1.0, 0.08271008600442464, 0.6029622554779053, 0.6560685634613037, 0.6910684108734131]
[0.7502657341957092, 1.0, 0.07676459748596198, 0.06823519776529954, 0.06823519776529954, 0.875, 0.875, 0.6335914318378155, 0.5273343179475833, 0.33164736485755214, 0.33164736485755214, 1.0, 1.0, 0.3668412646591884, 0.5979619026184082, 0.6510684490203857, 0.8660686016082764]
[0.7502657341957092, 1.0, 0.08924784791137408, 0.07933142036566584, 0.07933142036566584, 0.875, 0.875, 0.6335914318378155, 0.5273343179475833, 0.2886874154456944, 0.2886874154456944, 1.0, 1.0, 0.3668412646591884, 0.8379621505737305, 0.6560685634613037, 0.6910684108734131]
[0.7502657341957092, 1.0, 0.08002584788138001, 0.07113408700567111, 0.07113408700567111, 0.875, 0.875, 0.5178106748140775, 0.6289356234412687, 0.8165116830620548, 1.0, 1.0, 0.6974261751341758, 0.44549648820935533, 0.7579619884490967, 0.6560685634613037, 0.6910684108734131]
[0.7502657341957092, 1.0, 0.08301175321376997, 0.07378822507890664, 0.07378822507890664, 0.875, 0.875, 0.23088748638446516, 0.2018070521861257, 0.8292241541308357, 0.8292241541308357, 1.0, 1.0, 0.14038751456426138, 0.4429624080657959, 0.6560685634613037, 0.6910684108734131]
[0.7502657341957092, 1.0, 0.08301175321376997, 0.07378822507890664, 0.07378822507890664, 0.875, 0.875, 0.5385799407958984, 0.2018070521861257, 0.8292241541308357, 0.8292241541308357, 1.0, 1.0, 0.14038751456426138, 0.5279619693756104, 0.6560685634613037, 0.6910684108734131]
[0.7502657341957092, 1.0, 0.08301172592210404, 0.07378820081964804, 0.07378820081964804, 0.875, 0.875, 0.5559808290921725, 0.5071132220135096, 0.9684861168934118, 1.0, 1.0, 0.9819504856058312, 0.3668412646591884, 0.5979619026184082, 0.6560685634613037, 0.6910684108734131]
[0.7502657341957092, 1.0, 0.08002584788138001, 0.07113408700567111, 0.07113408700567111, 0.875, 0.875, 0.6001183436467097, 0.49744345400304946, 0.9684861168934118, 1.0, 1.0, 0.8645578168605973, 0.3668412646591884, 0.68296217918396, 0.6560685634613037, 0.6910684108734131]
[0.7502657341957092, 1.0, 0.08924784791137408, 0.07933142036566584, 0.07933142036566584, 0.875, 0.875, 0.426085692185622, 0.3603256887836406, 0.5585265871299708, 0.5585265871299708, 1.0, 1.0, 0.2506613487190543, 0.6029622554779053, 0.6560685634613037, 0.6910684108734131]
[0.7502657341957092, 1.0, 0.0767645808888362, 0.06823518301229885, 0.06823518301229885, 0.875, 0.875, 0.5333001063420222, 0.4466964629240987, 0.4604846662547769, 0.4604846662547769, 1.0, 1.0, 0.3107453655124165, 0.5279619693756104, 0.6560685634613037, 0.6910684108734131]
[0.7502657341957092, 1.0, 0.08924784791137408, 0.07933142036566584, 0.07933142036566584, 0.875, 0.875, 0.6335914318378155, 0.5273343179475833, 0.2886874154456944, 0.2886874154456944, 1.0, 1.0, 0.3668412646591884, 0.5979621410369873, 0.6560685634613037, 0.6910684108734131]
[0.7502657341957092, 1.0, 0.0737763736023227, 0.06557899875762017, 0.06557899875762017, 0.875, 0.875, 0.6335914318378155, 0.5273343179475833, 0.3324111355015975, 0.3324111355015975, 1.0, 1.0, 0.3668412646591884, 0.44796204566955566, 0.6560685634613037, 0.6910684108734131]
[0.7502657341957092, 1.0, 0.08301174684782109, 0.0737882194202854, 0.0737882194202854, 0.875, 0.875, 0.5333001063420222, 0.4466964629240987, 0.4339229510698802, 0.4339229510698802, 1.0, 1.0, 0.3107453655124165, 0.5279624462127686, 0.6560685634613037, 0.6910684108734131]
[0.5830313730239868, 0.834440469382227, 0.6797488032759286, 0.9166666666666666, 0.9893016991370589, 0.9821788230583823, 0.875, 0.6335914318378155, 0.5273343179475833, 0.31742800993142006, 0.31742800993142006, 1.0, 1.0, 0.3668412646591884, 0.6829619407653809, 0.6560685634613037, 0.6910684108734131]
[0.7502657341957092, 1.0, 0.08301174684782109, 0.0737882194202854, 0.0737882194202854, 0.875, 0.875, 0.6335914318378155, 0.5273343179475833, 0.3174124554491945, 0.3174124554491945, 1.0, 1.0, 0.3668412646591884, 0.6029622554779053, 0.6560685634613037, 0.6910684108734131]
[0.7502657341957092, 1.0, 0.08301175321376997, 0.07378822507890664, 0.07378822507890664, 0.875, 0.875, 0.5463770352877103, 0.45584486668862456, 0.4339229510698802, 0.4339229510698802, 1.0, 1.0, 0.3171094724790432, 0.6729621887207031, 0.6560685634613037, 0.6910684108734131]
[0.7502657341957092, 1.0, 0.08301172592210404, 0.07378820081964804, 0.07378820081964804, 0.875, 0.875, 0.5231952667236328, 0.51033568079568, 0.9584861168934118, 0.9584861168934118, 1.0, 1.0, 0.3668412646591884, 0.68296217918396, 0.6560685634613037, 0.6910684108734131]
[0.4108719396591186, 0.31047443235026695, 0.5506903181143283, 0.9192360249037619, 0.5407248933800558, 0.875, 0.875, 0.5463770352877103, 0.45584486668862456, 0.434035918994343, 0.434035918994343, 1.0, 1.0, 0.3171094724790432, 0.6729621887207031, 0.6560685634613037, 0.6910684108734131]
[0.7502657341957092, 1.0, 0.08301174684782109, 0.0737882194202854, 0.0737882194202854, 0.875, 0.875, 0.5333001063420222, 0.4466964629240987, 0.4339229510698802, 0.4339229510698802, 1.0, 1.0, 0.3107453655124165, 0.5279624462127686, 0.6560685634613037, 0.6910684108734131]
[0.7502657341957092, 1.0, 0.0737787193607724, 0.06558108387624213, 0.06558108387624213, 0.875, 0.875, 0.4798270005446214, 0.5975866093684811, 0.8292241541308357, 1.0, 1.0, 0.7540667985043683, 0.4190577030852204, 0.5979619026184082, 0.6510684490203857, 0.8660686016082764]
[0.7502657341957092, 1.0, 0.08301174684782109, 0.0737882194202854, 0.0737882194202854, 0.875, 0.875, 0.6225308638352615, 0.499548445283058, 0.5721076907739727, 0.5721076907739727, 1.0, 1.0, 0.3668412646591884, 0.5979621410369873, 0.6560685634613037, 0.6910684108734131]
[0.5830313730239868, 0.834440469382227, 0.6797488032759286, 0.9166666666666666, 0.9893016991370589, 0.9821788230583823, 0.875, 0.6335914318378155, 0.5273343179475833, 0.31742800993142006, 0.31742800993142006, 1.0, 1.0, 0.3668412646591884, 0.6029622554779053, 0.6560685634613037, 0.6910684108734131]
[0.5830313730239868, 0.834440469382227, 0.6797488032759286, 0.9166666666666666, 0.9893016991370589, 0.9821788230583823, 0.875, 0.46781070415790266, 0.5117355773389689, 0.9584861168934118, 0.9584861168934118, 1.0, 1.0, 0.3668412646591884, 0.5179622173309326, 0.6560685634613037, 0.6910684108734131]
[0.7502657341957092, 1.0, 0.08300518278762925, 0.07378238470011489, 0.07378238470011489, 0.875, 0.875, 0.5463770352877103, 0.45584486668862456, 0.4342400195091324, 0.4342400195091324, 1.0, 1.0, 0.3171094724790432, 0.8279621601104736, 0.6560685634613037, 0.6910684108734131]
[0.7502657341957092, 1.0, 0.08301174684782109, 0.0737882194202854, 0.0737882194202854, 0.875, 0.875, 0.6335914318378155, 0.5273343179475833, 0.3174124554491945, 0.3174124554491945, 1.0, 1.0, 0.3668412646591884, 0.5979621410369873, 0.6560685634613037, 0.6910684108734131]
[0.5830313730239868, 0.834440469382227, 0.6797488032759286, 0.9166666666666666, 0.9893016991370589, 0.9821788230583823, 0.875, 0.6225308638352615, 0.499548445283058, 0.5585265871299708, 0.5585265871299708, 1.0, 1.0, 0.3668412646591884, 0.4429624080657959, 0.6560685634613037, 0.6910684108734131]
[0.7502657341957092, 1.0, 0.0767645808888362, 0.06823518301229885, 0.06823518301229885, 0.875, 0.875, 0.5981019827035757, 0.5486900165749103, 0.8292241541308357, 0.8292241541308357, 1.0, 1.0, 0.3668412646591884, 0.672961950302124, 0.6560685634613037, 0.6910684108734131]
[0.5830313730239868, 0.834440469382227, 0.6797488032759286, 0.9166666666666666, 0.9893016991370589, 0.9821788230583823, 0.875, 0.6335914318378155, 0.5273343179475833, 0.31742800993142006, 0.31742800993142006, 1.0, 1.0, 0.3668412646591884, 0.7579619884490967, 0.6560685634613037, 0.6910684108734131]
[0.7502657341957092, 1.0, 0.08301172592210404, 0.07378820081964804, 0.07378820081964804, 0.875, 0.875, 0.6335914318378155, 0.5273343179475833, 0.3195089133773779, 0.3195089133773779, 1.0, 1.0, 0.3668412646591884, 0.5979621410369873, 0.6560685634613037, 0.6910684108734131]
[0.7502657341957092, 1.0, 0.08300518278762925, 0.07378238470011489, 0.07378238470011489, 0.875, 0.875, 0.43839337275578427, 0.3702387872335289, 0.558322316755705, 0.558322316755705, 1.0, 1.0, 0.2575574172059331, 0.672961950302124, 0.6560685634613037, 0.6910684108734131]
[0.7502657341957092, 1.0, 0.0830002154717081, 0.07377796930818498, 0.07377796930818498, 0.875, 0.875, 0.5333001063420222, 0.4466964629240987, 0.434035918994343, 0.434035918994343, 1.0, 1.0, 0.3107453655124165, 0.6029622554779053, 0.6560685634613037, 0.6910684108734131]
[0.7502657341957092, 1.0, 0.08301174684782109, 0.0737882194202854, 0.0737882194202854, 0.875, 0.875, 0.4150251241830679, 0.5307403410725385, 0.8292241541308357, 0.8292241541308357, 1.0, 1.0, 0.3668412646591884, 0.4429624080657959, 0.6560685634613037, 0.6910684108734131]
[0.7502657341957092, 1.0, 0.08924784791137408, 0.07933142036566584, 0.07933142036566584, 0.875, 0.875, 0.6335914318378155, 0.5273343179475833, 0.2886874154456944, 0.2886874154456944, 1.0, 1.0, 0.3668412646591884, 0.68296217918396, 0.6560685634613037, 0.6910684108734131]
[0.7502657341957092, 1.0, 0.08301174684782109, 0.0737882194202854, 0.0737882194202854, 0.875, 0.875, 0.6335914318378155, 0.5273343179475833, 0.3174124554491945, 0.3174124554491945, 1.0, 1.0, 0.3668412646591884, 0.6829619407653809, 0.6560685634613037, 0.6910684108734131]
[0.7502657341957092, 1.0, 0.0830117460024371, 0.07378821866883298, 0.07378821866883298, 0.875, 0.875, 0.57916259765625, 0.5428730946674476, 0.7004781212110642, 0.7004781212110642, 1.0, 1.0, 0.3668412646591884, 0.6729621887207031, 0.6560685634613037, 0.6910684108734131]
[0.5830313730239868, 0.834440469382227, 0.6797488032759286, 0.9166666666666666, 0.9893016991370589, 0.9821788230583823, 0.875, 0.5501183729905349, 0.21097480557701997, 0.8292241541308357, 0.8292241541308357, 1.0, 1.0, 0.14676508214053563, 0.68296217918396, 0.6560685634613037, 0.6910684108734131]
[0.7502657341957092, 1.0, 0.08924784791137408, 0.07933142036566584, 0.07933142036566584, 0.875, 0.875, 0.6335914318378155, 0.5273343179475833, 0.2886874154456944, 0.2886874154456944, 1.0, 1.0, 0.3668412646591884, 0.6829619407653809, 0.6560685634613037, 0.6910684108734131]
[0.7502657341957092, 1.0, 0.08300518278762925, 0.07378238470011489, 0.07378238470011489, 0.875, 0.875, 0.5463770352877103, 0.45584486668862456, 0.4342400195091324, 0.4342400195091324, 1.0, 1.0, 0.3171094724790432, 0.6729621887207031, 0.6560685634613037, 0.6910684108734131]
[0.7502657341957092, 1.0, 0.08924809803878475, 0.079331642701142, 0.079331642701142, 0.875, 0.875, 0.5416567875788763, 0.4890362759058442, 0.6821725421130151, 1.0, 1.0, 0.8649218979267047, 0.3668412646591884, 0.672961950302124, 0.6560685634613037, 0.6910684108734131]
[0.7502657341957092, 1.0, 0.08301172592210404, 0.07378820081964804, 0.07378820081964804, 0.875, 0.875, 0.44982704749474156, 0.12765463440175617, 0.9584861168934118, 0.9584861168934118, 1.0, 1.0, 0.08880322393165647, 0.5979621410369873, 0.6560685634613037, 0.6910684108734131]
[0.7502657341957092, 1.0, 0.08301172592210404, 0.07378820081964804, 0.07378820081964804, 0.875, 0.875, 0.5333001063420222, 0.4466964629240987, 0.44956472635165323, 0.44956472635165323, 1.0, 1.0, 0.3107453655124165, 0.68296217918396, 0.6560685634613037, 0.6910684108734131]
[0.7502657341957092, 1.0, 0.0767645808888362, 0.06823518301229885, 0.06823518301229885, 0.875, 0.875, 0.3496404794546274, 0.2962492064479305, 0.7004781212110642, 0.7004781212110642, 1.0, 1.0, 0.20608640448551688, 0.68296217918396, 0.6560685634613037, 0.6910684108734131]
[0.7502657341957092, 1.0, 0.08924784791137408, 0.07933142036566584, 0.07933142036566584, 0.875, 0.875, 0.6027174729567307, 0.5206922086497671, 0.8292241541308357, 0.8292241541308357, 1.0, 1.0, 0.3668412646591884, 0.5179622173309326, 0.6560685634613037, 0.6910684108734131]
[0.7502657341957092, 1.0, 0.08300084862559054, 0.07377853211163604, 0.07377853211163604, 0.875, 0.875, 0.6335914318378155, 0.5273343179475833, 0.3195837300591314, 0.3195837300591314, 1.0, 1.0, 0.3668412646591884, 0.5179622173309326, 0.6560685634613037, 0.6910684108734131]
[0.7502657341957092, 1.0, 0.08924809803878475, 0.079331642701142, 0.079331642701142, 0.875, 0.875, 0.5333001063420222, 0.4466964629240987, 0.4211115783121544, 0.4211115783121544, 1.0, 1.0, 0.3107453655124165, 0.6029622554779053, 0.6560685634613037, 0.6910684108734131]
[0.5830313730239868, 0.834440469382227, 0.6797488032759286, 0.9166666666666666, 0.9893016991370589, 0.9821788230583823, 0.875, 0.5747337341308594, 0.5073055305698482, 0.9684861168934118, 1.0, 1.0, 0.9819504856058312, 0.3668412646591884, 0.6029620170593262, 0.6560685634613037, 0.6910684108734131]
[0.7502657341957092, 1.0, 0.0830117460024371, 0.07378821866883298, 0.07378821866883298, 0.875, 0.875, 0.57916259765625, 0.5428730946674476, 0.7004781212110642, 0.7004781212110642, 1.0, 1.0, 0.3668412646591884, 0.8279621601104736, 0.6560685634613037, 0.6910684108734131]
[0.7502657341957092, 1.0, 0.08301172592210404, 0.07378820081964804, 0.07378820081964804, 0.875, 0.875, 0.28751930823692906, 0.5071132220135096, 0.9684861168934118, 1.0, 1.0, 0.7606803158050666, 0.3668412646591884, 0.7529621124267578, 0.6560685634613037, 0.6910684108734131]
[0.5830313730239868, 0.834440469382227, 0.6797488032759286, 0.9166666666666666, 0.9893016991370589, 0.9821788230583823, 0.875, 0.6335914318378155, 0.5273343179475833, 0.31742800993142006, 0.31742800993142006, 1.0, 1.0, 0.3668412646591884, 0.672961950302124, 0.6560685634613037, 0.6910684108734131]
[0.7502657341957092, 1.0, 0.08924784791137408, 0.07933142036566584, 0.07933142036566584, 0.875, 0.875, 0.6335914318378155, 0.5273343179475833, 0.2886874154456944, 0.2886874154456944, 1.0, 1.0, 0.3668412646591884, 0.7579622268676758, 0.6560685634613037, 0.6910684108734131]
[0.7502657341957092, 1.0, 0.08924809803878475, 0.079331642701142, 0.079331642701142, 0.875, 0.875, 0.426085692185622, 0.3603256887836406, 0.5602381145450818, 0.5602381145450818, 1.0, 1.0, 0.2506613487190543, 0.6029622554779053, 0.6560685634613037, 0.6910684108734131]
[0.5830313730239868, 0.834440469382227, 0.6797488032759286, 0.9166666666666666, 0.9893016991370589, 0.9821788230583823, 0.875, 0.630409680880033, 0.5073055305698482, 0.7081068856075043, 1.0, 1.0, 0.8649218979267047, 0.3668412646591884, 0.6029622554779053, 0.6560685634613037, 0.6910684108734131]
[0.7502657341957092, 1.0, 0.08301174684782109, 0.0737882194202854, 0.0737882194202854, 0.875, 0.875, 0.5333001063420222, 0.4466964629240987, 0.4339229510698802, 0.4339229510698802, 1.0, 1.0, 0.3107453655124165, 0.6029622554779053, 0.6560685634613037, 0.6910684108734131]
[0.7502657341957092, 1.0, 0.07994344402197617, 0.07106083913064548, 0.07106083913064548, 0.875, 0.875, 0.5463770352877103, 0.45584486668862456, 0.4199479859594333, 0.4199479859594333, 1.0, 1.0, 0.3171094724790432, 0.8279621601104736, 0.6560685634613037, 0.6910684108734131]
[0.7502657341957092, 1.0, 0.0830117460024371, 0.07378821866883298, 0.07378821866883298, 0.875, 0.875, 0.41271737905649036, 0.45704852698259524, 0.8292241541308357, 0.8292241541308357, 1.0, 1.0, 0.3107453655124165, 0.6029622554779053, 0.6560685634613037, 0.6910684108734131]
[0.7502657341957092, 1.0, 0.08301172592210404, 0.07378820081964804, 0.07378820081964804, 0.875, 0.875, 0.5333001063420222, 0.4466964629240987, 0.44956472635165323, 0.44956472635165323, 1.0, 1.0, 0.3107453655124165, 0.68296217918396, 0.6560685634613037, 0.6910684108734131]
[0.7502657341957092, 1.0, 0.08924784791137408, 0.07933142036566584, 0.07933142036566584, 0.875, 0.875, 0.426085692185622, 0.3603256887836406, 0.5585265871299708, 0.5585265871299708, 1.0, 1.0, 0.2506613487190543, 0.5279624462127686, 0.6560685634613037, 0.6910684108734131]
[0.7502657341957092, 1.0, 0.08924784791137408, 0.07933142036566584, 0.07933142036566584, 0.875, 0.875, 0.6335914318378155, 0.5273343179475833, 0.2886874154456944, 0.2886874154456944, 1.0, 1.0, 0.3668412646591884, 0.7529621124267578, 0.6560685634613037, 0.6910684108734131]
[0.7502657341957092, 1.0, 0.0830002154717081, 0.07377796930818498, 0.07377796930818498, 0.875, 0.875, 0.6335914318378155, 0.5273343179475833, 0.3176346640644133, 0.3176346640644133, 1.0, 1.0, 0.3668412646591884, 0.5979623794555664, 0.6560685634613037, 0.6910684108734131]
[0.7502657341957092, 1.0, 0.07676459748596198, 0.06823519776529954, 0.06823519776529954, 0.875, 0.875, 0.4499318049504207, 0.3784785286718242, 0.584605905540706, 0.584605905540706, 1.0, 1.0, 0.26328941124996463, 0.7529623508453369, 0.6560685634613037, 0.6910684108734131]
[0.7502657341957092, 1.0, 0.08301172592210404, 0.07378820081964804, 0.07378820081964804, 0.875, 0.875, 0.4801183847280649, 0.51033568079568, 0.9584861168934118, 0.9584861168934118, 1.0, 1.0, 0.3668412646591884, 0.672961950302124, 0.6560685634613037, 0.6910684108734131]
[0.7502657341957092, 1.0, 0.08301175321376997, 0.07378822507890664, 0.07378822507890664, 0.875, 0.875, 0.6335914318378155, 0.5273343179475833, 0.3026857878259361, 0.3026857878259361, 1.0, 1.0, 0.3668412646591884, 0.5979621410369873, 0.6560685634613037, 0.6910684108734131]
[0.7502657341957092, 1.0, 0.07676459748596198, 0.06823519776529954, 0.06823519776529954, 0.875, 0.875, 0.5463770352877103, 0.45584486668862456, 0.44956472635165323, 0.44956472635165323, 1.0, 1.0, 0.3171094724790432, 0.4429624080657959, 0.6560685634613037, 0.6910684108734131]
[0.7502657341957092, 1.0, 0.0830117460024371, 0.07378821866883298, 0.07378821866883298, 0.875, 0.875, 0.4711789351243239, 0.5306132923212594, 0.8292241541308357, 0.8292241541308357, 1.0, 1.0, 0.3668412646591884, 0.6729621887207031, 0.6560685634613037, 0.6910684108734131]
[0.7502657341957092, 1.0, 0.0767645808888362, 0.06823518301229885, 0.06823518301229885, 0.875, 0.875, 0.6335914318378155, 0.5273343179475833, 0.3455414918172998, 0.3455414918172998, 1.0, 1.0, 0.3668412646591884, 0.5979621410369873, 0.6560685634613037, 0.6910684108734131]
[0.7502657341957092, 1.0, 0.08301172592210404, 0.07378820081964804, 0.07378820081964804, 0.875, 0.875, 0.5333001063420222, 0.4466964629240987, 0.44956472635165323, 0.44956472635165323, 1.0, 1.0, 0.3107453655124165, 0.6029622554779053, 0.6560685634613037, 0.6910684108734131]
[0.7502657341957092, 1.0, 0.08301172592210404, 0.07378820081964804, 0.07378820081964804, 0.875, 0.875, 0.5236731309157151, 0.5071132220135096, 0.9684861168934118, 1.0, 1.0, 0.8697730961787237, 0.3668412646591884, 0.7529621124267578, 0.6560685634613037, 0.6910684108734131]
[0.7502657341957092, 1.0, 0.08924809803878475, 0.079331642701142, 0.079331642701142, 0.875, 0.875, 0.6335914318378155, 0.5273343179475833, 0.2906332575176549, 0.2906332575176549, 1.0, 1.0, 0.3668412646591884, 0.5179622173309326, 0.6560685634613037, 0.6910684108734131]
[0.7502657341957092, 1.0, 0.0767645808888362, 0.06823518301229885, 0.06823518301229885, 0.875, 0.875, 0.6335914318378155, 0.5273343179475833, 0.3455414918172998, 0.3455414918172998, 1.0, 1.0, 0.3668412646591884, 0.5979621410369873, 0.6560685634613037, 0.6910684108734131]
[0.5830313730239868, 0.834440469382227, 0.6797488032759286, 0.9166666666666666, 0.9893016991370589, 0.9821788230583823, 0.875, 0.1421347398024339, 0.12905453118236765, 0.9584861168934118, 0.9584861168934118, 1.0, 1.0, 0.08977706517034272, 0.6029622554779053, 0.6560685634613037, 0.6910684108734131]
[0.7502657341957092, 1.0, 0.08301175321376997, 0.07378822507890664, 0.07378822507890664, 0.875, 0.875, 0.33887114891639125, 0.2888328211027744, 0.7004781212110642, 0.7004781212110642, 1.0, 1.0, 0.20092717989758221, 0.672961950302124, 0.6560685634613037, 0.6910684108734131]
[0.7502657341957092, 1.0, 0.08301174684782109, 0.0737882194202854, 0.0737882194202854, 0.875, 0.875, 0.6335914318378155, 0.5273343179475833, 0.3174124554491945, 0.3174124554491945, 1.0, 1.0, 0.3668412646591884, 0.6729621887207031, 0.6560685634613037, 0.6910684108734131]
[0.7502657341957092, 1.0, 0.08924809803878475, 0.079331642701142, 0.079331642701142, 0.875, 0.875, 0.6335914318378155, 0.5273343179475833, 0.2906332575176549, 0.2906332575176549, 1.0, 1.0, 0.3668412646591884, 0.4429624080657959, 0.6560685634613037, 0.6910684108734131]
[0.5830313730239868, 0.834440469382227, 0.6797488032759286, 0.9166666666666666, 0.9893016991370589, 0.9821788230583823, 0.875, 0.6335914318378155, 0.5273343179475833, 0.31742800993142006, 0.31742800993142006, 1.0, 1.0, 0.3668412646591884, 0.7529621124267578, 0.6560685634613037, 0.6910684108734131]
[0.5830313730239868, 0.834440469382227, 0.6797488032759286, 0.9166666666666666, 0.9893016991370589, 0.9821788230583823, 0.875, 0.6335914318378155, 0.5273343179475833, 0.31742800993142006, 0.31742800993142006, 1.0, 1.0, 0.3668412646591884, 0.5979623794555664, 0.6560685634613037, 0.6910684108734131]
[0.7502657341957092, 1.0, 0.0767645808888362, 0.06823518301229885, 0.06823518301229885, 0.875, 0.875, 0.5333001063420222, 0.4466964629240987, 0.4604846662547769, 0.4604846662547769, 1.0, 1.0, 0.3107453655124165, 0.5279624462127686, 0.6560685634613037, 0.6910684108734131]
[0.7502657341957092, 1.0, 0.08301174684782109, 0.0737882194202854, 0.0737882194202854, 0.875, 0.875, 0.5801183260404147, 0.5071401640213844, 0.8292241541308357, 1.0, 1.0, 0.8139598655539012, 0.3668412646591884, 0.6729621887207031, 0.6560685634613037, 0.6910684108734131]
[0.7502657341957092, 1.0, 0.07676459748596198, 0.06823519776529954, 0.06823519776529954, 0.875, 0.875, 0.5873327988844651, 0.5297078525030237, 0.9584861168934118, 0.9584861168934118, 1.0, 1.0, 0.3668412646591884, 0.6029622554779053, 0.6560685634613037, 0.6910684108734131]
[0.7502657341957092, 1.0, 0.0737763736023227, 0.06557899875762017, 0.06557899875762017, 0.875, 0.875, 0.43839337275578427, 0.3691358772072306, 0.5731814548561507, 0.5731814548561507, 1.0, 1.0, 0.25679017544850824, 0.6029622554779053, 0.6560685634613037, 0.6910684108734131]
[0.7502657341957092, 1.0, 0.08301172592210404, 0.07378820081964804, 0.07378820081964804, 0.875, 0.875, 0.6335914318378155, 0.5273343179475833, 0.3195089133773779, 0.3195089133773779, 1.0, 1.0, 0.3668412646591884, 0.6729621887207031, 0.6560685634613037, 0.6910684108734131]
[0.7502657341957092, 1.0, 0.0830002154717081, 0.07377796930818498, 0.07377796930818498, 0.875, 0.875, 0.5333001063420222, 0.4466964629240987, 0.434035918994343, 0.434035918994343, 1.0, 1.0, 0.3107453655124165, 0.7579619884490967, 0.6560685634613037, 0.6910684108734131]
[0.7502657341957092, 1.0, 0.08924784791137408, 0.07933142036566584, 0.07933142036566584, 0.875, 0.875, 0.6335914318378155, 0.5273343179475833, 0.2886874154456944, 0.2886874154456944, 1.0, 1.0, 0.3668412646591884, 0.5979621410369873, 0.6560685634613037, 0.6910684108734131]
[0.7502657341957092, 1.0, 0.07994344402197617, 0.07106083913064548, 0.07106083913064548, 0.875, 0.875, 0.33887114891639125, 0.2888328211027744, 0.6884829787793738, 0.6884829787793738, 1.0, 1.0, 0.20092717989758221, 0.672961950302124, 0.6560685634613037, 0.6910684108734131]
[0.7502657341957092, 1.0, 0.08300084862559054, 0.07377853211163604, 0.07377853211163604, 0.875, 0.875, 0.4827173673189603, 0.5388597902120119, 0.8292241541308357, 0.8292241541308357, 1.0, 1.0, 0.3668412646591884, 0.8279621601104736, 0.6560685634613037, 0.6910684108734131]
[0.7502657341957092, 1.0, 0.08924784791137408, 0.07933142036566584, 0.07933142036566584, 0.875, 0.875, 0.5570414616511419, 0.19174573415908336, 0.8292241541308357, 0.8292241541308357, 1.0, 1.0, 0.13338833680631887, 0.5179622173309326, 0.6560685634613037, 0.6910684108734131]
[0.7502657341957092, 1.0, 0.08301172592210404, 0.07378820081964804, 0.07378820081964804, 0.875, 0.875, 0.42828853313739484, 0.5071132220135096, 0.9684861168934118, 1.0, 1.0, 0.7606803158050666, 0.3668412646591884, 0.68296217918396, 0.6560685634613037, 0.6910684108734131]
[0.7502657341957092, 1.0, 0.08924784791137408, 0.07933142036566584, 0.07933142036566584, 0.875, 0.875, 0.3585797823392428, 0.3650727657262305, 0.9584861168934118, 0.9584861168934118, 1.0, 1.0, 0.2506613487190543, 0.6029622554779053, 0.6560685634613037, 0.6910684108734131]
[0.7502657341957092, 1.0, 0.07676459748596198, 0.06823519776529954, 0.06823519776529954, 0.875, 0.875, 0.5463770352877103, 0.45584486668862456, 0.44956472635165323, 0.44956472635165323, 1.0, 1.0, 0.3171094724790432, 0.6729621887207031, 0.6560685634613037, 0.6910684108734131]
[0.5830313730239868, 0.834440469382227, 0.6797488032759286, 0.9166666666666666, 0.9893016991370589, 0.9821788230583823, 0.875, 0.6142559051513672, 0.5399212886670096, 0.8292241541308357, 0.8292241541308357, 1.0, 1.0, 0.3668412646591884, 0.6729621887207031, 0.6560685634613037, 0.6910684108734131]
[0.7502657341957092, 1.0, 0.07676459748596198, 0.06823519776529954, 0.06823519776529954, 0.875, 0.875, 0.5624260535606971, 0.21991894627067432, 0.8292241541308357, 0.8292241541308357, 1.0, 1.0, 0.1529870930578604, 0.68296217918396, 0.6560685634613037, 0.6910684108734131]
[0.7502657341957092, 1.0, 0.08301172592210404, 0.07378820081964804, 0.07378820081964804, 0.875, 0.875, 0.6335914318378155, 0.5273343179475833, 0.3195089133773779, 0.3195089133773779, 1.0, 1.0, 0.3668412646591884, 0.672961950302124, 0.6560685634613037, 0.6910684108734131]
[0.7502657341957092, 1.0, 0.08301172592210404, 0.07378820081964804, 0.07378820081964804, 0.875, 0.875, 0.5531952197735126, 0.5071132220135096, 0.6821725421130151, 1.0, 1.0, 0.8697730961787237, 0.3668412646591884, 0.672961950302124, 0.6560685634613037, 0.6910684108734131]
[0.5830313730239868, 0.834440469382227, 0.6797488032759286, 0.9166666666666666, 0.9893016991370589, 0.9821788230583823, 0.875, 0.6335914318378155, 0.5273343179475833, 0.31742800993142006, 0.31742800993142006, 1.0, 1.0, 0.3668412646591884, 0.8379621505737305, 0.6560685634613037, 0.6910684108734131]
[0.7502657341957092, 1.0, 0.0767645808888362, 0.06823518301229885, 0.06823518301229885, 0.875, 0.875, 0.6335914318378155, 0.5273343179475833, 0.3455414918172998, 0.3455414918172998, 1.0, 1.0, 0.3668412646591884, 0.5979621410369873, 0.6560685634613037, 0.6910684108734131]
[0.7502657341957092, 1.0, 0.0767645808888362, 0.06823518301229885, 0.06823518301229885, 0.875, 0.875, 0.6335914318378155, 0.5273343179475833, 0.3455414918172998, 0.3455414918172998, 1.0, 1.0, 0.3668412646591884, 0.672961950302124, 0.6560685634613037, 0.6910684108734131]
[0.7502657341957092, 1.0, 0.08301172592210404, 0.07378820081964804, 0.07378820081964804, 0.875, 0.875, 0.38088754507211536, 0.45660111815467264, 0.9584861168934118, 0.9584861168934118, 1.0, 1.0, 0.3107453655124165, 0.7579622268676758, 0.6560685634613037, 0.6910684108734131]
[0.5830313730239868, 0.834440469382227, 0.6797488032759286, 0.9166666666666666, 0.9893016991370589, 0.9821788230583823, 0.875, 0.6335914318378155, 0.5273343179475833, 0.31742800993142006, 0.31742800993142006, 1.0, 1.0, 0.3668412646591884, 0.5979619026184082, 0.6560685634613037, 0.6910684108734131]
[0.7502657341957092, 1.0, 0.0830002154717081, 0.07377796930818498, 0.07377796930818498, 0.875, 0.875, 0.5333001063420222, 0.4466964629240987, 0.434035918994343, 0.434035918994343, 1.0, 1.0, 0.3107453655124165, 0.5279624462127686, 0.6560685634613037, 0.6910684108734131]
[0.7502657341957092, 1.0, 0.0767645808888362, 0.06823518301229885, 0.06823518301229885, 0.875, 0.875, 0.6335914318378155, 0.5273343179475833, 0.3455414918172998, 0.3455414918172998, 1.0, 1.0, 0.3668412646591884, 0.5979621410369873, 0.6560685634613037, 0.6910684108734131]
[0.7502657341957092, 1.0, 0.07676459748596198, 0.06823519776529954, 0.06823519776529954, 0.875, 0.875, 0.43887123694786656, 0.35033151455710665, 0.8292241541308357, 0.8292241541308357, 1.0, 1.0, 0.26328941124996463, 0.5979623794555664, 0.6560685634613037, 0.6910684108734131]
[0.7502657341957092, 1.0, 0.08924809803878475, 0.079331642701142, 0.079331642701142, 0.875, 0.875, 0.6335914318378155, 0.5273343179475833, 0.2906332575176549, 0.2906332575176549, 1.0, 1.0, 0.3668412646591884, 0.6829619407653809, 0.6560685634613037, 0.6910684108734131]
[0.7502657341957092, 1.0, 0.08301174684782109, 0.0737882194202854, 0.0737882194202854, 0.875, 0.875, 0.43839337275578427, 0.3691358772072306, 0.5721076907739727, 0.5721076907739727, 1.0, 1.0, 0.25679017544850824, 0.7579622268676758, 0.6560685634613037, 0.6910684108734131]
[0.7502657341957092, 1.0, 0.07676459748596198, 0.06823519776529954, 0.06823519776529954, 0.875, 0.875, 0.4499318049504207, 0.3784785286718242, 0.584605905540706, 0.584605905540706, 1.0, 1.0, 0.26328941124996463, 0.8279621601104736, 0.6560685634613037, 0.6910684108734131]
[0.7502657341957092, 1.0, 0.08924809803878475, 0.079331642701142, 0.079331642701142, 0.875, 0.875, 0.6119481600247897, 0.5015767906371248, 0.9584861168934118, 0.9584861168934118, 1.0, 1.0, 0.3668412646591884, 0.8279621601104736, 0.6560685634613037, 0.6910684108734131]
[0.5830313730239868, 0.834440469382227, 0.6797488032759286, 0.9166666666666666, 0.9893016991370589, 0.9821788230583823, 0.875, 0.5347336989182693, 0.5073055305698482, 0.8292241541308357, 1.0, 1.0, 0.808055037882596, 0.3668412646591884, 0.5979623794555664, 0.6560685634613037, 0.6910684108734131]
[0.7502657341957092, 1.0, 0.08301172592210404, 0.07378820081964804, 0.07378820081964804, 0.875, 0.875, 0.5660856687105619, 0.5336707129440121, 0.7004781212110642, 0.7004781212110642, 1.0, 1.0, 0.3668412646591884, 0.5979623794555664, 0.6560685634613037, 0.6910684108734131]
[0.7502657341957092, 1.0, 0.0767645808888362, 0.06823518301229885, 0.06823518301229885, 0.875, 0.875, 0.6335914318378155, 0.5273343179475833, 0.3455414918172998, 0.3455414918172998, 1.0, 1.0, 0.3668412646591884, 0.6029622554779053, 0.6560685634613037, 0.6910684108734131]
[0.7502657341957092, 1.0, 0.08002584788138001, 0.07113408700567111, 0.07113408700567111, 0.875, 0.875, 0.459349118746244, 0.49744345400304946, 0.9684861168934118, 1.0, 1.0, 0.8645578168605973, 0.3668412646591884, 0.6729621887207031, 0.6560685634613037, 0.6910684108734131]
[0.7502657341957092, 1.0, 0.08301172592210404, 0.07378820081964804, 0.07378820081964804, 0.875, 0.875, 0.6335914318378155, 0.5273343179475833, 0.3195089133773779, 0.3195089133773779, 1.0, 1.0, 0.3668412646591884, 0.7579619884490967, 0.6560685634613037, 0.6910684108734131]
[0.5830313730239868, 0.834440469382227, 0.6797488032759286, 0.9166666666666666, 0.9893016991370589, 0.9821788230583823, 0.875, 0.6335914318378155, 0.5273343179475833, 0.31742800993142006, 0.31742800993142006, 1.0, 1.0, 0.3668412646591884, 0.7529621124267578, 0.6560685634613037, 0.6910684108734131]
[0.5830313730239868, 0.834440469382227, 0.6797488032759286, 0.9166666666666666, 0.9893016991370589, 0.9821788230583823, 0.875, 0.6335914318378155, 0.5273343179475833, 0.31742800993142006, 0.31742800993142006, 1.0, 1.0, 0.3668412646591884, 0.5279619693756104, 0.6560685634613037, 0.6910684108734131]
[0.7502657341957092, 1.0, 0.0830002154717081, 0.07377796930818498, 0.07377796930818498, 0.875, 0.875, 0.5801183260404147, 0.5072912581741132, 0.8292241541308357, 1.0, 1.0, 0.8133949557238814, 0.3668412646591884, 0.6729621887207031, 0.6560685634613037, 0.6910684108734131]
[0.7502657341957092, 1.0, 0.08924784791137408, 0.07933142036566584, 0.07933142036566584, 0.875, 0.875, 0.6335914318378155, 0.5273343179475833, 0.2886874154456944, 0.2886874154456944, 1.0, 1.0, 0.3668412646591884, 0.5179622173309326, 0.6560685634613037, 0.6910684108734131]
[0.5830313730239868, 0.834440469382227, 0.6797488032759286, 0.9166666666666666, 0.9893016991370589, 0.9821788230583823, 0.875, 0.5333001063420222, 0.4466964629240987, 0.4325959781002176, 0.4325959781002176, 1.0, 1.0, 0.3107453655124165, 0.68296217918396, 0.6560685634613037, 0.6910684108734131]
[0.7502657341957092, 1.0, 0.08924809803878475, 0.079331642701142, 0.079331642701142, 0.875, 0.875, 0.3716567112849309, 0.5015767906371248, 0.9584861168934118, 0.9584861168934118, 1.0, 1.0, 0.3668412646591884, 0.6729621887207031, 0.6560685634613037, 0.6910684108734131]
[0.7502657341957092, 1.0, 0.08301174684782109, 0.0737882194202854, 0.0737882194202854, 0.875, 0.875, 0.32627223088191104, 0.5105198953817679, 0.9584861168934118, 0.9584861168934118, 1.0, 1.0, 0.3668412646591884, 0.5179622173309326, 0.6560685634613037, 0.6910684108734131]
[0.7502657341957092, 1.0, 0.08301172592210404, 0.07378820081964804, 0.07378820081964804, 0.875, 0.875, 0.6334866743821365, 0.278288996861324, 0.7004781212110642, 0.7004781212110642, 1.0, 1.0, 0.1935923456426602, 0.5279619693756104, 0.6560685634613037, 0.6910684108734131]
[0.7502657341957092, 1.0, 0.0830002154717081, 0.07377796930818498, 0.07377796930818498, 0.875, 0.875, 0.6142559051513672, 0.5390203567780852, 0.8292241541308357, 0.8292241541308357, 1.0, 1.0, 0.3668412646591884, 0.6729621887207031, 0.6560685634613037, 0.6910684108734131]
[0.7502657341957092, 1.0, 0.07676459748596198, 0.06823519776529954, 0.06823519776529954, 0.875, 0.875, 0.5463770352877103, 0.45584486668862456, 0.44956472635165323, 0.44956472635165323, 1.0, 1.0, 0.3171094724790432, 0.672961950302124, 0.6560685634613037, 0.6910684108734131]
[0.5830313730239868, 0.834440469382227, 0.6797488032759286, 0.9166666666666666, 0.9893016991370589, 0.9821788230583823, 0.875, 0.6335914318378155, 0.5273343179475833, 0.31742800993142006, 0.31742800993142006, 1.0, 1.0, 0.3668412646591884, 0.5279619693756104, 0.6560685634613037, 0.6910684108734131]
[0.7502657341957092, 1.0, 0.08924809803878475, 0.079331642701142, 0.079331642701142, 0.875, 0.875, 0.6335914318378155, 0.5273343179475833, 0.2906332575176549, 0.2906332575176549, 1.0, 1.0, 0.3668412646591884, 0.44796204566955566, 0.6560685634613037, 0.6910684108734131]
[0.7502657341957092, 1.0, 0.0767645808888362, 0.06823518301229885, 0.06823518301229885, 0.875, 0.875, 0.6335914318378155, 0.5273343179475833, 0.3455414918172998, 0.3455414918172998, 1.0, 1.0, 0.3668412646591884, 0.5979619026184082, 0.6560685634613037, 0.6910684108734131]
[0.5830313730239868, 0.834440469382227, 0.6797488032759286, 0.9166666666666666, 0.9893016991370589, 0.9821788230583823, 0.875, 0.6335914318378155, 0.5273343179475833, 0.31742800993142006, 0.31742800993142006, 1.0, 1.0, 0.3668412646591884, 0.6029622554779053, 0.6560685634613037, 0.6910684108734131]
[0.5830313730239868, 0.834440469382227, 0.6797488032759286, 0.9166666666666666, 0.9893016991370589, 0.9821788230583823, 0.875, 0.5333001063420222, 0.4466964629240987, 0.4325959781002176, 0.4325959781002176, 1.0, 1.0, 0.3107453655124165, 0.5279624462127686, 0.6560685634613037, 0.6910684108734131]
[0.7502657341957092, 1.0, 0.0767645808888362, 0.06823518301229885, 0.06823518301229885, 0.875, 0.875, 0.43839337275578427, 0.3691358772072306, 0.584605905540706, 0.584605905540706, 1.0, 1.0, 0.25679017544850824, 0.68296217918396, 0.6560685634613037, 0.6910684108734131]
[0.5830313730239868, 0.834440469382227, 0.6797488032759286, 0.9166666666666666, 0.9893016991370589, 0.9821788230583823, 0.875, 0.49088756854717547, 0.5117355773389689, 0.9584861168934118, 0.9584861168934118, 1.0, 1.0, 0.3668412646591884, 0.5979621410369873, 0.6560685634613037, 0.6910684108734131]
[0.7502657341957092, 1.0, 0.0767645808888362, 0.06823518301229885, 0.06823518301229885, 0.875, 0.875, 0.6335914318378155, 0.5273343179475833, 0.3455414918172998, 0.3455414918172998, 1.0, 1.0, 0.3668412646591884, 0.5979623794555664, 0.6560685634613037, 0.6910684108734131]
[0.7502657341957092, 1.0, 0.0830117460024371, 0.07378821866883298, 0.07378821866883298, 0.875, 0.875, 0.6335914318378155, 0.5273343179475833, 0.319371878396315, 0.319371878396315, 1.0, 1.0, 0.3668412646591884, 0.5179622173309326, 0.6560685634613037, 0.6910684108734131]
[0.7502657341957092, 1.0, 0.07676459748596198, 0.06823519776529954, 0.06823519776529954, 0.875, 0.875, 0.4499318049504207, 0.3784785286718242, 0.584605905540706, 0.584605905540706, 1.0, 1.0, 0.26328941124996463, 0.6729621887207031, 0.6560685634613037, 0.6910684108734131]
[0.7502657341957092, 1.0, 0.0830002154717081, 0.07377796930818498, 0.07377796930818498, 0.875, 0.875, 0.6335914318378155, 0.5273343179475833, 0.3176346640644133, 0.3176346640644133, 1.0, 1.0, 0.3668412646591884, 0.7529623508453369, 0.6560685634613037, 0.6910684108734131]
[0.5830313730239868, 0.834440469382227, 0.6797488032759286, 0.9166666666666666, 0.9893016991370589, 0.9821788230583823, 0.875, 0.5337779705341046, 0.5516309234229848, 0.6893203652314212, 0.6893203652314212, 1.0, 1.0, 0.3668412646591884, 0.6729621887207031, 0.6560685634613037, 0.6910684108734131]
[0.7502657341957092, 1.0, 0.08924784791137408, 0.07933142036566584, 0.07933142036566584, 0.875, 0.875, 0.6335914318378155, 0.5273343179475833, 0.2886874154456944, 0.2886874154456944, 1.0, 1.0, 0.3668412646591884, 0.5979621410369873, 0.6560685634613037, 0.6910684108734131]
[0.7502657341957092, 1.0, 0.08002584788138001, 0.07113408700567111, 0.07113408700567111, 0.875, 0.875, 0.6142559051513672, 0.49744345400304946, 0.6821725421130151, 1.0, 1.0, 0.8645578168605973, 0.3668412646591884, 0.672961950302124, 0.6560685634613037, 0.6910684108734131]
[0.7502657341957092, 1.0, 0.08301172592210404, 0.07378820081964804, 0.07378820081964804, 0.875, 0.875, 0.6119481600247897, 0.5295093583583329, 0.8292241541308357, 0.8292241541308357, 1.0, 1.0, 0.3668412646591884, 0.5279619693756104, 0.6560685634613037, 0.6910684108734131]
[0.7502657341957092, 1.0, 0.0767645808888362, 0.06823518301229885, 0.06823518301229885, 0.875, 0.875, 0.6335914318378155, 0.5273343179475833, 0.3455414918172998, 0.3455414918172998, 1.0, 1.0, 0.3668412646591884, 0.6029620170593262, 0.6560685634613037, 0.6910684108734131]
[0.7502657341957092, 1.0, 0.08924809803878475, 0.079331642701142, 0.079331642701142, 0.875, 0.875, 0.44550294142503005, 0.4890362759058442, 0.9584861168934118, 1.0, 1.0, 0.9198675232311481, 0.3668412646591884, 0.5979621410369873, 0.6560685634613037, 0.6910684108734131]
[0.7502657341957092, 1.0, 0.0767645808888362, 0.06823518301229885, 0.06823518301229885, 0.875, 0.875, 0.5147336813119742, 0.5296778018376171, 0.9584861168934118, 0.9584861168934118, 1.0, 1.0, 0.3668412646591884, 0.7529621124267578, 0.6560685634613037, 0.6910684108734131]
[0.7502657341957092, 1.0, 0.0767645808888362, 0.06823518301229885, 0.06823518301229885, 0.875, 0.875, 0.6335914318378155, 0.5273343179475833, 0.3455414918172998, 0.3455414918172998, 1.0, 1.0, 0.3668412646591884, 0.5979623794555664, 0.6560685634613037, 0.6910684108734131]
[0.5830313730239868, 0.834440469382227, 0.6797488032759286, 0.9166666666666666, 0.9893016991370589, 0.9821788230583823, 0.875, 0.6335914318378155, 0.5273343179475833, 0.31742800993142006, 0.31742800993142006, 1.0, 1.0, 0.3668412646591884, 0.5179622173309326, 0.6560685634613037, 0.6910684108734131]
[0.7502657341957092, 1.0, 0.07377870808350695, 0.06558107385200618, 0.06558107385200618, 0.875, 0.875, 0.7826355420626127, 0.6577468760476499, 0.315943265732331, 0.315943265732331, 0.8626728923156242, 1.0, 1.0, 0.68296217918396, 0.15106821060180664, 0.6160686016082764]
[0.7502657341957092, 1.0, 0.08924809803878475, 0.079331642701142, 0.079331642701142, 0.875, 0.875, 0.6335914318378155, 0.5273343179475833, 0.2906332575176549, 0.2906332575176549, 1.0, 1.0, 0.3668412646591884, 0.5979621410369873, 0.6560685634613037, 0.6910684108734131]
[0.5830313730239868, 0.834440469382227, 0.6797488032759286, 0.9166666666666666, 0.9893016991370589, 0.9821788230583823, 0.875, 0.5337779705341046, 0.5516309234229848, 0.6893203652314212, 0.6893203652314212, 1.0, 1.0, 0.3668412646591884, 0.5979621410369873, 0.6560685634613037, 0.6910684108734131]
[0.7502657341957092, 1.0, 0.0767645808888362, 0.06823518301229885, 0.06823518301229885, 0.875, 0.875, 0.6335914318378155, 0.5273343179475833, 0.3455414918172998, 0.3455414918172998, 1.0, 1.0, 0.3668412646591884, 0.5179622173309326, 0.6560685634613037, 0.6910684108734131]
[0.7502657341957092, 1.0, 0.08301172592210404, 0.07378820081964804, 0.07378820081964804, 0.875, 0.875, 0.426085692185622, 0.3603256887836406, 0.584605905540706, 0.584605905540706, 1.0, 1.0, 0.2506613487190543, 0.6029622554779053, 0.6560685634613037, 0.6910684108734131]
[0.5830313730239868, 0.834440469382227, 0.6797488032759286, 0.9166666666666666, 0.9893016991370589, 0.9821788230583823, 0.875, 0.6335914318378155, 0.5273343179475833, 0.31742800993142006, 0.31742800993142006, 1.0, 1.0, 0.3668412646591884, 0.7529623508453369, 0.6560685634613037, 0.6910684108734131]
[0.5830313730239868, 0.834440469382227, 0.6797488032759286, 0.9166666666666666, 0.9893016991370589, 0.9821788230583823, 0.875, 0.5333001063420222, 0.4466964629240987, 0.4325959781002176, 0.4325959781002176, 1.0, 1.0, 0.3107453655124165, 0.6029622554779053, 0.6560685634613037, 0.6910684108734131]
[0.7502657341957092, 1.0, 0.0767645808888362, 0.06823518301229885, 0.06823518301229885, 0.875, 0.875, 0.6335914318378155, 0.5273343179475833, 0.3455414918172998, 0.3455414918172998, 1.0, 1.0, 0.3668412646591884, 0.6029620170593262, 0.6560685634613037, 0.6910684108734131]
[0.7502657341957092, 1.0, 0.07676459748596198, 0.06823519776529954, 0.06823519776529954, 0.875, 0.875, 0.6335914318378155, 0.5273343179475833, 0.33164736485755214, 0.33164736485755214, 1.0, 1.0, 0.3668412646591884, 0.7579619884490967, 0.6560685634613037, 0.6910684108734131]
[0.7502657341957092, 1.0, 0.08301174684782109, 0.0737882194202854, 0.0737882194202854, 0.875, 0.875, 0.6027174729567307, 0.5307403410725385, 0.8292241541308357, 0.8292241541308357, 1.0, 1.0, 0.3668412646591884, 0.5979623794555664, 0.6560685634613037, 0.6910684108734131]
[0.7502657341957092, 1.0, 0.0767645808888362, 0.06823518301229885, 0.06823518301229885, 0.875, 0.875, 0.6335914318378155, 0.5273343179475833, 0.3455414918172998, 0.3455414918172998, 1.0, 1.0, 0.3668412646591884, 0.7529621124267578, 0.6560685634613037, 0.6910684108734131]
[0.7502657341957092, 1.0, 0.07993481290705173, 0.07105316702849043, 0.07105316702849043, 0.875, 0.875, 0.6335914318378155, 0.5273343179475833, 0.30545915972901794, 0.30545915972901794, 1.0, 1.0, 0.3668412646591884, 0.5179622173309326, 0.6560685634613037, 0.6910684108734131]
[0.5830313730239868, 0.834440469382227, 0.6797488032759286, 0.9166666666666666, 0.9893016991370589, 0.9821788230583823, 0.875, 0.6335914318378155, 0.5273343179475833, 0.31742800993142006, 0.31742800993142006, 1.0, 1.0, 0.3668412646591884, 0.8279621601104736, 0.6560685634613037, 0.6910684108734131]
[0.7502657341957092, 1.0, 0.08301172592210404, 0.07378820081964804, 0.07378820081964804, 0.875, 0.875, 0.3257942199707031, 0.278288996861324, 0.7004781212110642, 0.7004781212110642, 1.0, 1.0, 0.1935923456426602, 0.44796204566955566, 0.6560685634613037, 0.6910684108734131]
[0.7502657341957092, 1.0, 0.08924784791137408, 0.07933142036566584, 0.07933142036566584, 0.875, 0.875, 0.2185798058143029, 0.19174573415908336, 0.8292241541308357, 0.8292241541308357, 1.0, 1.0, 0.13338833680631887, 0.6029622554779053, 0.6560685634613037, 0.6910684108734131]
[0.7502657341957092, 1.0, 0.08924809803878475, 0.079331642701142, 0.079331642701142, 0.875, 0.875, 0.6027174729567307, 0.5206922086497671, 0.8156953034316403, 0.8156953034316403, 1.0, 1.0, 0.3668412646591884, 0.6729621887207031, 0.6560685634613037, 0.6910684108734131]
[0.7502657341957092, 1.0, 0.08301172592210404, 0.07378820081964804, 0.07378820081964804, 0.875, 0.875, 0.6119481600247897, 0.5295093583583329, 0.8292241541308357, 0.8292241541308357, 1.0, 1.0, 0.3668412646591884, 0.6829619407653809, 0.6560685634613037, 0.6910684108734131]
[0.5830313730239868, 0.834440469382227, 0.6797488032759286, 0.9166666666666666, 0.9893016991370589, 0.9821788230583823, 0.875, 0.3198270064133864, 0.3802844145676696, 0.9684861168934118, 1.0, 1.0, 0.8649218979267047, 0.25679017544850824, 0.68296217918396, 0.6560685634613037, 0.6910684108734131]
[0.5830313730239868, 0.834440469382227, 0.6797488032759286, 0.9166666666666666, 0.9893016991370589, 0.9821788230583823, 0.875, 0.6335914318378155, 0.5273343179475833, 0.31742800993142006, 0.31742800993142006, 1.0, 1.0, 0.3668412646591884, 0.5979621410369873, 0.6560685634613037, 0.6910684108734131]
[0.5830313730239868, 0.834440469382227, 0.6797488032759286, 0.9166666666666666, 0.9893016991370589, 0.9821788230583823, 0.875, 0.6335914318378155, 0.5273343179475833, 0.31742800993142006, 0.31742800993142006, 1.0, 1.0, 0.3668412646591884, 0.68296217918396, 0.6560685634613037, 0.6910684108734131]
[0.7502657341957092, 1.0, 0.07676459748596198, 0.06823519776529954, 0.06823519776529954, 0.875, 0.875, 0.6335914318378155, 0.5273343179475833, 0.33164736485755214, 0.33164736485755214, 1.0, 1.0, 0.3668412646591884, 0.7579619884490967, 0.6560685634613037, 0.6910684108734131]
[0.7502657341957092, 1.0, 0.08301172592210404, 0.07378820081964804, 0.07378820081964804, 0.875, 0.875, 0.6165635035588191, 0.278288996861324, 0.7004781212110642, 0.7004781212110642, 1.0, 1.0, 0.1935923456426602, 0.4429619312286377, 0.6560685634613037, 0.6910684108734131]
[0.7502657341957092, 1.0, 0.0767645808888362, 0.06823518301229885, 0.06823518301229885, 0.875, 0.875, 0.6335914318378155, 0.5273343179475833, 0.3455414918172998, 0.3455414918172998, 1.0, 1.0, 0.3668412646591884, 0.6029620170593262, 0.6560685634613037, 0.6910684108734131]
[0.7502657341957092, 1.0, 0.0830002154717081, 0.07377796930818498, 0.07377796930818498, 0.875, 0.875, 0.41550298837515026, 0.5072912581741132, 0.9684861168934118, 1.0, 1.0, 0.9819504856058312, 0.3668412646591884, 0.5979621410369873, 0.6560685634613037, 0.6910684108734131]
[0.5830313730239868, 0.834440469382227, 0.6797488032759286, 0.9166666666666666, 0.9893016991370589, 0.9821788230583823, 0.875, 0.615025153526893, 0.5073055305698482, 0.7081068856075043, 1.0, 1.0, 0.8649218979267047, 0.3668412646591884, 0.6729621887207031, 0.6560685634613037, 0.6910684108734131]
[0.7502657341957092, 1.0, 0.08301172592210404, 0.07378820081964804, 0.07378820081964804, 0.875, 0.875, 0.6335914318378155, 0.5273343179475833, 0.3195089133773779, 0.3195089133773779, 1.0, 1.0, 0.3668412646591884, 0.6029622554779053, 0.6560685634613037, 0.6910684108734131]
[0.7502657341957092, 1.0, 0.08301172592210404, 0.07378820081964804, 0.07378820081964804, 0.875, 0.875, 0.6335914318378155, 0.5273343179475833, 0.3195089133773779, 0.3195089133773779, 1.0, 1.0, 0.3668412646591884, 0.68296217918396, 0.6560685634613037, 0.6910684108734131]
[0.7502657341957092, 1.0, 0.08301172592210404, 0.07378820081964804, 0.07378820081964804, 0.875, 0.875, 0.4711789351243239, 0.5295093583583329, 0.8292241541308357, 0.8292241541308357, 1.0, 1.0, 0.3668412646591884, 0.5979621410369873, 0.6560685634613037, 0.6910684108734131]
[0.7502657341957092, 1.0, 0.08301172592210404, 0.07378820081964804, 0.07378820081964804, 0.875, 0.875, 0.426085692185622, 0.3603256887836406, 0.584605905540706, 0.584605905540706, 1.0, 1.0, 0.2506613487190543, 0.7579619884490967, 0.6560685634613037, 0.6910684108734131]
[0.7502657341957092, 1.0, 0.08301172592210404, 0.07378820081964804, 0.07378820081964804, 0.875, 0.875, 0.5301183553842398, 0.43382666427843075, 0.8156953034316403, 1.0, 1.0, 0.8697730961787237, 0.3107453655124165, 0.68296217918396, 0.6560685634613037, 0.6910684108734131]
[0.5830313730239868, 0.834440469382227, 0.6797488032759286, 0.9166666666666666, 0.9893016991370589, 0.9821788230583823, 0.875, 0.6335914318378155, 0.5273343179475833, 0.31742800993142006, 0.31742800993142006, 1.0, 1.0, 0.3668412646591884, 0.68296217918396, 0.6560685634613037, 0.6910684108734131]
[0.7502657341957092, 1.0, 0.08301172592210404, 0.07378820081964804, 0.07378820081964804, 0.875, 0.875, 0.6335914318378155, 0.5273343179475833, 0.3195089133773779, 0.3195089133773779, 1.0, 1.0, 0.3668412646591884, 0.7579622268676758, 0.6560685634613037, 0.6910684108734131]
[0.7502657341957092, 1.0, 0.08301172592210404, 0.07378820081964804, 0.07378820081964804, 0.875, 0.875, 0.6335914318378155, 0.5273343179475833, 0.3195089133773779, 0.3195089133773779, 1.0, 1.0, 0.3668412646591884, 0.5979621410369873, 0.6560685634613037, 0.6910684108734131]
[0.7502657341957092, 1.0, 0.08301172592210404, 0.07378820081964804, 0.07378820081964804, 0.875, 0.875, 0.6265635857215295, 0.5071132220135096, 0.6821725421130151, 1.0, 1.0, 0.8697730961787237, 0.3668412646591884, 0.6729621887207031, 0.6560685634613037, 0.6910684108734131]
[0.5830313730239868, 0.834440469382227, 0.6797488032759286, 0.9166666666666666, 0.9893016991370589, 0.9821788230583823, 0.875, 0.6335914318378155, 0.5273343179475833, 0.31742800993142006, 0.31742800993142006, 1.0, 1.0, 0.3668412646591884, 0.6029622554779053, 0.6560685634613037, 0.6910684108734131]
[0.2608719635009765, 0.31047443235026695, 0.5414665560634926, 0.9116119384774394, 0.5407248933800558, 0.875, 0.875, 0.6460855924166166, 0.5927722882647507, 0.827672852270745, 0.827672852270745, 0.9684861168934118, 1.0, 1.0, 0.6729621887207031, 0.011068105697631836, 0.43106842041015625]
[0.7502657341957092, 1.0, 0.08301172592210404, 0.07378820081964804, 0.07378820081964804, 0.875, 0.875, 0.6335914318378155, 0.5273343179475833, 0.3195089133773779, 0.3195089133773779, 1.0, 1.0, 0.3668412646591884, 0.7529621124267578, 0.6560685634613037, 0.6910684108734131]
[0.5830313730239868, 0.834440469382227, 0.6797488032759286, 0.9166666666666666, 0.9893016991370589, 0.9821788230583823, 0.875, 0.6335914318378155, 0.5273343179475833, 0.31742800993142006, 0.31742800993142006, 1.0, 1.0, 0.3668412646591884, 0.44796204566955566, 0.6560685634613037, 0.6910684108734131]
[0.5830313730239868, 0.834440469382227, 0.6797488032759286, 0.9166666666666666, 0.9893016991370589, 0.9821788230583823, 0.875, 0.43839337275578427, 0.3691358772072306, 0.5585265871299708, 0.5585265871299708, 1.0, 1.0, 0.25679017544850824, 0.7579619884490967, 0.6560685634613037, 0.6910684108734131]
[0.7502657341957092, 1.0, 0.08301172592210404, 0.07378820081964804, 0.07378820081964804, 0.875, 0.875, 0.5919481424184946, 0.5295093583583329, 0.8292241541308357, 0.8292241541308357, 1.0, 1.0, 0.3668412646591884, 0.68296217918396, 0.6560685634613037, 0.6910684108734131]
[0.7502657341957092, 1.0, 0.08301172592210404, 0.07378820081964804, 0.07378820081964804, 0.875, 0.875, 0.6335914318378155, 0.5273343179475833, 0.3195089133773779, 0.3195089133773779, 1.0, 1.0, 0.3668412646591884, 0.44796204566955566, 0.6560685634613037, 0.6910684108734131]
[0.7502657341957092, 1.0, 0.0830002154717081, 0.07377796930818498, 0.07377796930818498, 0.875, 0.875, 0.6225308638352615, 0.499548445283058, 0.5708083981649275, 0.5708083981649275, 1.0, 1.0, 0.3668412646591884, 0.6729621887207031, 0.6560685634613037, 0.6910684108734131]
[0.7502657341957092, 1.0, 0.0767645808888362, 0.06823518301229885, 0.06823518301229885, 0.875, 0.875, 0.5333001063420222, 0.4466964629240987, 0.4604846662547769, 0.4604846662547769, 1.0, 1.0, 0.3107453655124165, 0.44796204566955566, 0.6560685634613037, 0.6910684108734131]
[0.7502657341957092, 1.0, 0.08301174684782109, 0.0737882194202854, 0.0737882194202854, 0.875, 0.875, 0.6335914318378155, 0.5273343179475833, 0.3174124554491945, 0.3174124554491945, 1.0, 1.0, 0.3668412646591884, 0.6729621887207031, 0.6560685634613037, 0.6910684108734131]
[0.7502657341957092, 1.0, 0.0767645808888362, 0.06823518301229885, 0.06823518301229885, 0.875, 0.875, 0.6335914318378155, 0.5273343179475833, 0.3455414918172998, 0.3455414918172998, 1.0, 1.0, 0.3668412646591884, 0.672961950302124, 0.6560685634613037, 0.6910684108734131]
[0.7502657341957092, 1.0, 0.0767645808888362, 0.06823518301229885, 0.06823518301229885, 0.875, 0.875, 0.3496404794546274, 0.2962492064479305, 0.7004781212110642, 0.7004781212110642, 1.0, 1.0, 0.20608640448551688, 0.6029622554779053, 0.6560685634613037, 0.6910684108734131]
[0.7502657341957092, 1.0, 0.0767645808888362, 0.06823518301229885, 0.06823518301229885, 0.875, 0.875, 0.5333001063420222, 0.4466964629240987, 0.4604846662547769, 0.4604846662547769, 1.0, 1.0, 0.3107453655124165, 0.68296217918396, 0.6560685634613037, 0.6910684108734131]
[0.7502657341957092, 1.0, 0.08301172592210404, 0.07378820081964804, 0.07378820081964804, 0.875, 0.875, 0.426085692185622, 0.3603256887836406, 0.584605905540706, 0.584605905540706, 1.0, 1.0, 0.2506613487190543, 0.68296217918396, 0.6560685634613037, 0.6910684108734131]
[0.7502657341957092, 1.0, 0.08301172592210404, 0.07378820081964804, 0.07378820081964804, 0.875, 0.875, 0.6334866743821365, 0.278288996861324, 0.7004781212110642, 0.7004781212110642, 1.0, 1.0, 0.1935923456426602, 0.6029620170593262, 0.6560685634613037, 0.6910684108734131]
[0.7502657341957092, 1.0, 0.08301172592210404, 0.07378820081964804, 0.07378820081964804, 0.875, 0.875, 0.6335914318378155, 0.5273343179475833, 0.3195089133773779, 0.3195089133773779, 1.0, 1.0, 0.3668412646591884, 0.5179622173309326, 0.6560685634613037, 0.6910684108734131]
[0.5830313730239868, 0.834440469382227, 0.6797488032759286, 0.9166666666666666, 0.9893016991370589, 0.9821788230583823, 0.875, 0.6225308638352615, 0.499548445283058, 0.5585265871299708, 0.5585265871299708, 1.0, 1.0, 0.3668412646591884, 0.672961950302124, 0.6560685634613037, 0.6910684108734131]
[0.7502657341957092, 1.0, 0.07993481290705173, 0.07105316702849043, 0.07105316702849043, 0.875, 0.875, 0.6335914318378155, 0.5273343179475833, 0.30545915972901794, 0.30545915972901794, 1.0, 1.0, 0.3668412646591884, 0.5979621410369873, 0.6510684490203857, 0.8660686016082764]
[0.7502657341957092, 1.0, 0.08301172592210404, 0.07378820081964804, 0.07378820081964804, 0.875, 0.875, 0.5660856687105619, 0.5336707129440121, 0.7004781212110642, 0.7004781212110642, 1.0, 1.0, 0.3668412646591884, 0.5179622173309326, 0.6560685634613037, 0.6910684108734131]
[0.7502657341957092, 1.0, 0.08301172592210404, 0.07378820081964804, 0.07378820081964804, 0.875, 0.875, 0.6335914318378155, 0.5273343179475833, 0.3195089133773779, 0.3195089133773779, 1.0, 1.0, 0.3668412646591884, 0.6029622554779053, 0.6560685634613037, 0.6910684108734131]
[0.7502657341957092, 1.0, 0.08301172592210404, 0.07378820081964804, 0.07378820081964804, 0.875, 0.875, 0.6335914318378155, 0.5273343179475833, 0.3195089133773779, 0.3195089133773779, 1.0, 1.0, 0.3668412646591884, 0.68296217918396, 0.6560685634613037, 0.6910684108734131]
[0.7502657341957092, 1.0, 0.08301174684782109, 0.0737882194202854, 0.0737882194202854, 0.875, 0.875, 0.6335914318378155, 0.5273343179475833, 0.3174124554491945, 0.3174124554491945, 1.0, 1.0, 0.3668412646591884, 0.68296217918396, 0.6560685634613037, 0.6910684108734131]
[0.5830313730239868, 0.834440469382227, 0.6797488032759286, 0.9166666666666666, 0.9893016991370589, 0.9821788230583823, 0.875, 0.43839337275578427, 0.3691358772072306, 0.5585265871299708, 0.5585265871299708, 1.0, 1.0, 0.25679017544850824, 0.6029622554779053, 0.6560685634613037, 0.6910684108734131]
