0.5229150652885437
0.28571105003356934
0.5598468780517578
0.37410855293273926
0.5189029574394226
0.32370448112487793
0.599980890750885
0.2010633498430252
0.4371159076690674
0.4334567189216614
0.3074660897254944
0.3846898078918457
0.16102933883666992
0.38737982511520386
0.47137707471847534
0.4635605812072754
0.6685442924499512
0.09690602123737335
0.503251850605011
0.521973729133606
0.21408571302890778
0.48216426372528076
0.2414441853761673
0.04265535622835159
0.22563575208187103
0.26240843534469604
0.401824414730072
0.25348398089408875
0.21158534288406372
0.22232548892498016
0.5603827238082886
0.37939053773880005
0.25600647926330566
0.47112250328063965
0.21131370961666107
0.47951728105545044
0.2050912082195282
0.48480260372161865
0.3172866106033325
0.22436459362506866
0.1510835438966751
0.4825947880744934
0.2065572589635849
0.35666143894195557
0.1275416612625122
0.511915922164917
0.49199312925338745
0.2313939929008484
0.5627321004867554
0.3971930742263794
0.4694036841392517
0.38585448265075684
0.20430277287960052
0.4217626452445984
0.25294482707977295
0.25418621301651
0.6112779378890991
0.40220123529434204
0.5538732409477234
0.3700873851776123
0.43036991357803345
0.4838107228279114
0.3871416449546814
0.42802125215530396
0.3407464027404785
0.5358777642250061
0.3535118103027344
0.19315454363822937
0.3550870418548584
0.4089263081550598
0.2453683465719223
0.4734923839569092
0.37290918827056885
0.25963467359542847
0.3601316213607788
0.35286659002304077
0.2722867727279663
0.18956226110458374
0.322013258934021
0.44389796257019043
0.20723704993724823
0.40678906440734863
0.1842973530292511
0.4764898419380188
0.4626653790473938
0.2892388105392456
0.24727746844291687
0.48172682523727417
0.2124486118555069
0.3928113579750061
0.2512839436531067
0.5029317140579224
0.1729743778705597
0.27786386013031006
0.11705230176448822
0.15537402033805847
0.14927463233470917
0.6369711756706238
0.18211278319358826
0.3383595943450928
0.549425482749939
0.5154260396957397
0.38688206672668457
0.5380834937095642
0.4509066343307495
0.3285776376724243
0.2522398829460144
0.6432249546051025
0.5039365887641907
0.4582962393760681
0.1305404156446457
0.3477262854576111
0.32362592220306396
0.4149802327156067
0.20470614731311798
0.3878118395805359
0.18119420111179352
0.45289748907089233
0.45030176639556885
0.43055111169815063
0.2827976644039154
0.1603795886039734
0.31511884927749634
0.2287813276052475
0.3018290400505066
0.3320760130882263
0.24739670753479004
0.28317102789878845
0.21486522257328033
0.5737942457199097
0.263497531414032
0.4507981538772583
0.4205157160758972
0.23345594108104706
0.3735353350639343
0.49703073501586914
0.5864447355270386
0.22316493093967438
0.5043097734451294
0.21624435484409332
0.3990989923477173
0.28622424602508545
0.33150798082351685
0.5291231274604797
0.24883966147899628
0.2966921925544739
0.37954801321029663
0.43648529052734375
0.4304160475730896
0.38811808824539185
0.243952676653862
0.22206483781337738
0.23312652111053467
0.162440687417984
0.48156875371932983
0.34547966718673706
0.1771228164434433
0.34909504652023315
0.1976664811372757
0.2414250522851944
0.4795028567314148
0.31520766019821167
0.4335801601409912
0.6607313752174377
0.26316553354263306
0.5028782486915588
0.20592495799064636
0.23665377497673035
0.37866687774658203
0.5638181567192078
0.49289220571517944
0.1805817037820816
0.3067958950996399
0.26002824306488037
0.5434380173683167
0.4957183003425598
0.6220545768737793
0.17023910582065582
0.4953765869140625
0.3999509811401367
0.1991971880197525
0.2680667042732239
0.34607166051864624
0.21755549311637878
0.14139583706855774
0.4292702078819275
0.4865274429321289
0.23383842408657074
0.3426476716995239
0.5371377468109131
0.22241225838661194
0.3395344614982605
0.41934746503829956
0.4411954879760742
0.33425813913345337
0.5343173146247864
0.17621968686580658
0.22672884166240692
0.22199611365795135
0.40838903188705444
0.33846914768218994
0.1900566965341568
0.58495032787323
0.2387264370918274
0.10543285310268402
0.4478521943092346
0.37635087966918945
0.5933977365493774
0.2100062519311905
0.5316819548606873
0.24370302259922028
0.48223060369491577
0.33206599950790405
0.1019078716635704
0.2560047507286072
0.25483399629592896
0.1839558631181717
0.20426906645298004
0.2281271070241928
0.21374346315860748
0.5676558613777161
0.5348063111305237
0.4678577780723572
0.5003441572189331
0.2500995993614197
0.14197565615177155
0.47901278734207153
0.23609919846057892
0.3085821866989136
0.33202338218688965
0.524280309677124
0.39439332485198975
0.24675333499908447
0.1238444373011589
0.13199344277381897
0.2604650855064392
0.35317462682724
0.35932499170303345
0.17764699459075928
0.12304629385471344
0.33268433809280396
0.48001837730407715
0.4958840012550354
0.4575428366661072
0.6485437154769897
0.40558624267578125
0.21628589928150177
0.6512484550476074
0.5157503485679626
0.34858638048171997
0.4741564989089966
0.5872993469238281
0.2160603106021881
0.16005098819732666
0.21259070932865143
0.23266135156154633
0.21767008304595947
0.3495601415634155
0.35464030504226685
0.23763762414455414
0.47307419776916504
0.31641292572021484
0.2041342705488205
0.39582663774490356
0.2016785889863968
0.49831801652908325
0.33627891540527344
0.32221144437789917
0.35693085193634033
0.27517926692962646
0.2774140536785126
0.16149184107780457
0.09955767542123795
0.4040152430534363
0.5301305055618286
0.39474010467529297
0.19155292212963104
0.5704973936080933
0.5166482329368591
0.3295530080795288
0.27479755878448486
0.511560320854187
0.10470706224441528
0.25277602672576904
0.40110379457473755
0.2417878359556198
0.4040073752403259
0.5638288259506226
0.305523157119751
0.21441856026649475
0.6215001344680786
0.25676411390304565
0.4827861785888672
0.4191555976867676
0.24089907109737396
0.20251911878585815
0.4793689250946045
0.2264673262834549
0.29276323318481445
0.4939224123954773
0.2209775596857071
0.4537057876586914
0.486433207988739
0.1886684000492096
0.6039227843284607
0.29536134004592896
0.4779506325721741
0.2541685104370117
0.4578971266746521
0.2648237943649292
0.14160023629665375
0.6550129652023315
0.36608362197875977
0.19652973115444183
0.46243786811828613
0.4780541658401489
0.4675546884536743
0.4821430444717407
0.26101869344711304
0.39300286769866943
0.26060551404953003
0.20400753617286682
0.4149961471557617
0.4860328435897827
0.22052274644374847
0.3532605767250061
0.32677215337753296
0.4383370280265808
0.2487674206495285
0.5336998701095581
0.5688828229904175
0.3123643398284912
0.45983731746673584
0.37848222255706787
0.3069404363632202
0.3503495454788208
0.425495982170105
0.1829836219549179
0.21430504322052002
0.4678766131401062
0.2393423169851303
0.31227296590805054
0.4205077290534973
0.2691071629524231
0.5443049669265747
0.404238224029541
0.2515812814235687
0.41700679063796997
0.45047885179519653
0.33746689558029175
0.19118693470954895
0.18858702480793
0.5155689120292664
0.4061073064804077
0.0766933411359787
0.48150044679641724
0.1059553474187851
0.4754396677017212
0.13602152466773987
0.302155077457428
0.40310102701187134
0.194086492061615
0.5633828043937683
0.22192074358463287
0.4116255044937134
0.2899649143218994
0.2547074556350708
0.1658179610967636
0.14113518595695496
0.3107759356498718
0.5165937542915344
0.17281925678253174
0.39086848497390747
0.4633612632751465
0.3394463062286377
0.40065866708755493
0.21129389107227325
0.18196405470371246
0.44131648540496826
0.4157620072364807
0.23286689817905426
0.5292648673057556
0.3132556676864624
0.14730164408683777
0.428625226020813
0.3255639672279358
0.2779357433319092
0.26372212171554565
0.23666848242282867
0.2784718871116638
0.20107974112033844
0.2018810510635376
0.3465827703475952
0.27906858921051025
0.4407045841217041
0.3269069194793701
0.5366884469985962
0.3073897957801819
0.3808903694152832
0.514826774597168
0.32827746868133545
0.36843955516815186
0.12893705070018768
0.17779147624969482
0.4952303171157837
0.3611719608306885
0.39537060260772705
0.2773723602294922
0.4278968572616577
0.5234173536300659
0.27907806634902954
0.42035865783691406
0.13451462984085083
0.27401793003082275
0.37462425231933594
0.08179937303066254
0.4530501365661621
0.17074179649353027
0.25493067502975464
0.2598690986633301
0.39040499925613403
0.39101487398147583
0.216014564037323
0.3759186267852783
0.159097820520401
0.22489309310913086
0.20852084457874298
0.4178956151008606
0.14191704988479614
0.2556244730949402
0.2697756886482239
0.17008954286575317
0.5239083766937256
0.3613976836204529
0.47724324464797974
0.22112654149532318
0.30478930473327637
0.27274900674819946
0.5363479852676392
0.2759992480278015
0.2691832184791565
0.266018807888031
0.23263122141361237
0.4810699224472046
0.5265058279037476
0.3766089677810669
0.3579266667366028
0.31480246782302856
0.5975759029388428
0.2996228337287903
0.45102185010910034
0.16983816027641296
0.361333966255188
0.16672955453395844
0.44017457962036133
0.6294733285903931
0.2831748127937317
0.30110687017440796
0.5495777726173401
0.39598095417022705
0.336428165435791
0.7064698338508606
0.4239727258682251
0.251381516456604
0.21737250685691833
0.19633689522743225
0.3515726923942566
0.4264634847640991
0.3719486594200134
0.5710940361022949
0.5704820156097412
0.5121058225631714
0.2178456336259842
0.18221332132816315
0.23838302493095398
0.3554319739341736
0.40003490447998047
0.07952804863452911
0.17845939099788666
0.24701949954032898
0.5203111171722412
0.4206397533416748
0.36245763301849365
0.5056197643280029
0.4772694706916809
0.22329963743686676
0.2385031133890152
0.4407258629798889
0.5793744325637817
0.23150041699409485
0.43172013759613037
0.2482290118932724
0.45639532804489136
0.28399574756622314
0.4145059585571289
0.24817301332950592
0.2752463221549988
0.45915013551712036
0.289162278175354
0.1574331521987915
0.1841965764760971
0.1816672384738922
0.3847573399543762
0.2689139246940613
0.3704673647880554
0.40684980154037476
0.33472734689712524
0.19176749885082245
0.4822263717651367
0.37784600257873535
0.3744822144508362
0.451241672039032
0.23967543244361877
0.23337535560131073
0.2646018862724304
0.34257441759109497
0.3807857036590576
0.3730173707008362
0.34542667865753174
0.1113443672657013
0.43626868724823
0.3673374056816101
0.3853057026863098
0.513931155204773
0.19091492891311646
0.30921417474746704
0.267265260219574
0.2322297990322113
0.4832337498664856
0.49347221851348877
0.26194149255752563
0.2924118638038635
0.4659053683280945
0.26558026671409607
0.13921572268009186
0.15432119369506836
0.28469306230545044
0.39865779876708984
0.615140974521637
0.1859755665063858
0.254847913980484
0.40078824758529663
0.11787080764770508
0.4860849380493164
0.17715950310230255
0.26079046726226807
0.43583279848098755
0.05383013188838959
0.11067154258489609
0.42664825916290283
0.45141565799713135
0.3233810067176819
0.5104753971099854
0.1684906780719757
0.12839150428771973
0.16340085864067078
0.27932411432266235
0.0873384028673172
0.5297551155090332
0.503961980342865
0.22169196605682373
0.19349555671215057
0.46411168575286865
0.17424225807189941
0.16891148686408997
0.33792370557785034
0.41916000843048096
0.29597657918930054
0.4384360909461975
0.4811605215072632
0.33089709281921387
0.2349884957075119
0.13990665972232819
0.35908418893814087
0.1484580785036087
0.23340609669685364
0.34684932231903076
0.33722275495529175
0.5907009243965149
0.35800856351852417
0.3566212058067322
0.2726648449897766
0.37874412536621094
0.6468634009361267
0.28786540031433105
0.4329832196235657
0.19189542531967163
0.1725415289402008
0.37214016914367676
0.4712018370628357
0.5749068260192871
0.38942354917526245
0.25493961572647095
0.36299026012420654
0.2542772889137268
0.14429432153701782
0.31862878799438477
0.5137526988983154
0.237313374876976
0.49659228324890137
0.5469995141029358
0.6764487028121948
0.31655752658843994
0.5662823915481567
0.3982914090156555
0.4392131567001343
0.3963048458099365
0.4053526520729065
0.3522384762763977
0.2651641070842743
0.23180432617664337
0.42681705951690674
0.46701687574386597
0.37510210275650024
0.5552430152893066
0.13504303991794586
0.4053804278373718
0.4203103184700012
0.17453590035438538
0.43899857997894287
0.2577483057975769
0.5345227122306824
0.4816272258758545
0.2863970398902893
0.5204269289970398
0.12376656383275986
0.4232645034790039
0.49460017681121826
0.2883099317550659
0.20100922882556915
0.3745077848434448
0.44726186990737915
0.5485759377479553
0.3169248104095459
0.2313614934682846
0.05880765616893768
0.3832501769065857
0.2738027572631836
0.2660147547721863
0.4627663493156433
0.7338533401489258
0.2892311215400696
0.26134949922561646
0.21860633790493011
0.44331496953964233
0.28145796060562134
0.4018746614456177
0.4257981777191162
0.37743330001831055
0.20837876200675964
0.49822115898132324
0.41471195220947266
0.39443790912628174
0.29249686002731323
0.3644635081291199
0.14490140974521637
0.22580459713935852
0.527025580406189
0.19275377690792084
0.4103628993034363
0.5629253387451172
0.35364460945129395
0.5181980133056641
0.48852837085723877
0.18911823630332947
0.24365971982479095
0.29912441968917847
0.4486086368560791
0.4299859404563904
0.20097683370113373
0.37893128395080566
0.5746184587478638
0.4674389958381653
0.10285037755966187
0.08220057189464569
0.1876356154680252
0.5516428351402283
0.35481035709381104
0.2456624060869217
0.3783009648323059
0.33064132928848267
0.4797278642654419
0.5328949689865112
0.2925325632095337
0.4916730523109436
0.2986323833465576
0.570683479309082
0.5119975805282593
0.198933944106102
0.6153267621994019
0.4498077630996704
0.3518868684768677
0.4420650005340576
0.4518156051635742
0.18206696212291718
0.3933998942375183
0.45979636907577515
0.08028362691402435
0.11638760566711426
0.36562538146972656
0.5769281387329102
0.08803240209817886
0.14661216735839844
0.19345086812973022
0.424325168132782
0.3220009207725525
0.12388112396001816
0.2989773452281952
0.47008222341537476
0.35760533809661865
0.2520221471786499
0.5690621137619019
0.3736420273780823
0.42990928888320923
0.3230399489402771
0.2749207317829132
0.27698200941085815
0.20992405712604523
0.15838214755058289
0.3039986491203308
0.229110985994339
0.28262507915496826
0.4078039526939392
0.7043460607528687
0.15028253197669983
0.41934412717819214
0.28054535388946533
0.37789279222488403
0.2006324678659439
0.2748400568962097
0.29580390453338623
0.21663200855255127
0.5133910179138184
0.11691161245107651
0.28115248680114746
0.3695361614227295
0.32830333709716797
0.46803468465805054
0.2209974229335785
0.4101617932319641
0.4112972021102905
0.5263780355453491
0.5193848609924316
0.4947574734687805
0.460962176322937
0.35918116569519043
0.31010037660598755
0.31718915700912476
0.36715930700302124
0.12443281710147858
0.1603514850139618
0.4611203074455261
0.15349183976650238
0.20066967606544495
0.3140212893486023
0.14321368932724
0.3108578324317932
0.4401276707649231
0.35226970911026
0.2382718026638031
0.13080823421478271
0.3293588161468506
0.25875091552734375
0.37062519788742065
0.16610795259475708
0.28376415371894836
0.5441150069236755
0.30297785997390747
0.3042176365852356
0.3398698568344116
0.3385780453681946
0.20358330011367798
0.3463863730430603
0.35522985458374023
0.20889927446842194
0.14677882194519043
0.5540541410446167
0.45390093326568604
0.16416920721530914
0.4685947895050049
0.12840750813484192
0.4874216318130493
0.17104123532772064
0.3022692799568176
0.1394869089126587
0.11813957989215851
0.31293725967407227
0.39465194940567017
0.33097487688064575
0.5574967265129089
0.10391994565725327
0.12014765292406082
0.2233920395374298
0.23247955739498138
0.4742180109024048
0.382595956325531
0.3781466484069824
0.2394070327281952
0.4927891492843628
0.48314011096954346
0.39354759454727173
0.2401532530784607
0.2986804246902466
0.5347612500190735
0.19965046644210815
0.24552784860134125
0.3371735215187073
0.3566458821296692
0.35017603635787964
0.4826135039329529
0.3457651138305664
0.4772469997406006
0.30043113231658936
0.21347247064113617
0.1617143452167511
0.4645122289657593
0.37593185901641846
0.19991429150104523
0.3091416358947754
0.5037883520126343
0.3469240665435791
0.2653605341911316
0.1794983595609665
0.08707243204116821
0.16238880157470703
0.13838113844394684
0.37601912021636963
0.3146946430206299
0.3510819673538208
0.12426228076219559
0.4068629741668701
0.39602065086364746
0.3580939769744873
0.45233970880508423
0.37967240810394287
0.4041500687599182
0.06347568333148956
0.171574205160141
0.3599819540977478
0.20688103139400482
0.4155803322792053
0.17014633119106293
0.5539858341217041
0.37208694219589233
0.16029319167137146
0.48479729890823364
0.4526289105415344
0.40029680728912354
0.1792517900466919
0.1630799025297165
0.5396478176116943
0.32368314266204834
0.41479402780532837
0.568574070930481
0.3841002583503723
0.6498839855194092
0.3523223400115967
0.2416302114725113
0.4225797653198242
0.17990539968013763
0.2395840436220169
0.44779306650161743
0.4178767800331116
0.1304934322834015
0.31073272228240967
0.11768387258052826
0.35329723358154297
0.33243703842163086
0.2799608111381531
0.45785796642303467
0.5309621691703796
0.4665638208389282
0.30292123556137085
0.260598361492157
0.20436310768127441
0.2559572458267212
0.22463630139827728
0.4623197913169861
0.4987614154815674
0.37646687030792236
0.39752984046936035
0.1577857881784439
0.44321876764297485
0.5114197731018066
0.455866277217865
0.3986946940422058
0.318902850151062
0.5453229546546936
0.5032055377960205
0.25839024782180786
0.2563362121582031
0.5505580306053162
0.2114974856376648
0.46797627210617065
0.2105894386768341
0.14323322474956512
0.4081045985221863
0.34449559450149536
0.4888153076171875
0.3715355396270752
0.41525137424468994
0.5593352317810059
0.5305730700492859
0.35689717531204224
0.13940772414207458
0.19681058824062347
0.23265208303928375
0.28366005420684814
0.519112229347229
0.5683290958404541
0.5006973147392273
0.36102360486984253
0.16745619475841522
0.2251809984445572
0.44955974817276
0.1989278495311737
0.37004172801971436
0.24313047528266907
0.47471463680267334
0.1895650327205658
0.39004504680633545
0.37363702058792114
0.29151952266693115
0.44055747985839844
0.27208542823791504
0.2087370902299881
0.3009759783744812
0.6039714813232422
0.24877355992794037
0.30249446630477905
0.269247829914093
0.19471505284309387
0.4007909893989563
0.4127565026283264
0.5620622634887695
0.15790855884552002
0.3897663950920105
0.35853928327560425
0.37421494722366333
0.2999724745750427
0.3623616099357605
0.6679824590682983
0.2111237794160843
0.43684935569763184
0.6360976099967957
0.40355193614959717
0.48132890462875366
0.35490626096725464
0.3142077326774597
0.2772477865219116
0.2227138876914978
0.5947915315628052
0.2454095333814621
0.40540045499801636
0.34778666496276855
0.3104826807975769
0.4836442470550537
0.4198428988456726
0.3847752809524536
0.43717217445373535
0.476853609085083
0.15328803658485413
0.45834529399871826
0.3575271964073181
0.4495096802711487
0.37515491247177124
0.3935173749923706
0.28317052125930786
0.17487742006778717
0.3159312605857849
0.12497671693563461
0.17491286993026733
0.6693358421325684
0.35857701301574707
0.3608436584472656
0.3981932997703552
0.4138868451118469
0.1936279535293579
0.5714724659919739
0.4786105155944824
0.2044607400894165
0.15720558166503906
0.43554800748825073
0.26702210307121277
0.20082782208919525
0.2799137532711029
0.06531807780265808
0.6808891892433167
0.28617364168167114
0.16863343119621277
0.29231423139572144
0.1340644806623459
0.3025950789451599
0.31283456087112427
0.39310789108276367
0.47970110177993774
0.286072313785553
0.10165394097566605
0.4831045866012573
0.23946009576320648
0.3807472586631775
0.2623908221721649
0.21803264319896698
0.34942126274108887
0.15922752022743225
0.3756912350654602
0.3135572075843811
0.451557993888855
0.40653711557388306
0.3271059989929199
0.4112851619720459
0.22279265522956848
0.3708087205886841
0.3710298538208008
0.40359795093536377
0.1166706383228302
0.4188597798347473
0.19150279462337494
0.25254082679748535
0.3252592086791992
0.21161413192749023
0.20509910583496094
0.5548968315124512
0.4204811453819275
0.24035535752773285
0.0808693915605545
0.312444806098938
0.19213227927684784
0.23490329086780548
0.26922911405563354
0.4299350380897522
0.3641335964202881
0.2865943908691406
0.2449064403772354
0.14772669970989227
0.16252103447914124
0.1940697282552719
0.2621941566467285
0.3976495862007141
0.08923961967229843
0.6355346441268921
0.25193488597869873
0.2803443670272827
0.1786453127861023
0.5267360806465149
0.571152925491333
0.2933962345123291
0.3414086699485779
0.45971596240997314
0.40476351976394653
0.4327361583709717
0.40682119131088257
0.6479204893112183
0.5475700497627258
0.4513360261917114
0.4741573929786682
0.14511816203594208
0.42224133014678955
0.28752511739730835
0.3920857310295105
0.2866051197052002
0.1824144870042801
0.4939301013946533
0.2325788289308548
0.7197818756103516
0.22342759370803833
0.44343090057373047
0.4456501603126526
0.22045689821243286
0.22819726169109344
0.5795547366142273
0.20903180539608002
0.19143791496753693
0.33418238162994385
0.22185996174812317
0.6031988859176636
0.3658914566040039
0.47161930799484253
0.23734639585018158
0.23337645828723907
0.5151646733283997
0.4935010075569153
0.4540923237800598
0.31710195541381836
0.20187771320343018
0.20004695653915405
0.384338915348053
0.17448563873767853
0.489702045917511
0.5735421776771545
0.3922156095504761
0.4086695909500122
0.33489006757736206
0.15518446266651154
0.15017548203468323
0.4122774600982666
0.31094133853912354
0.23184622824192047
0.34961193799972534
0.43744438886642456
0.23806248605251312
0.5345301628112793
0.23326896131038666
0.2556324601173401
0.3418622612953186
0.4686509966850281
0.26259616017341614
0.4409429430961609
0.2742902934551239
0.32667267322540283
0.13261175155639648
0.2940065860748291
0.3324313163757324
0.1591414511203766
0.3827059864997864
0.13511145114898682
0.22861020267009735
0.18398509919643402
0.28491324186325073
0.21625284850597382
0.12921947240829468
0.28446561098098755
0.18519799411296844
0.3930546045303345
0.22817881405353546
0.17152971029281616
0.2996303141117096
0.5180273652076721
0.32807743549346924
0.3208974003791809
0.40910446643829346
0.4922201633453369
0.47079455852508545
0.3870539665222168
0.3957393765449524
0.39384591579437256
0.38757866621017456
0.4671841859817505
0.3278459310531616
0.3073553442955017
0.3159998059272766
0.5029663443565369
0.5222590565681458
0.22850291430950165
0.34691178798675537
0.2755420207977295
0.38005125522613525
0.1657232642173767
0.16415417194366455
0.15300588309764862
0.533470630645752
0.22896631062030792
0.3905077576637268
0.3617843985557556
0.28696030378341675
0.4649776816368103
0.2617979049682617
0.24346719682216644
0.19436265528202057
0.3085622191429138
0.6913661360740662
0.5266962647438049
0.4239475727081299
0.17700418829917908
0.4022889733314514
0.36863982677459717
0.24324657022953033
0.4614182114601135
0.3223079442977905
0.4306892156600952
0.2239636331796646
0.27493441104888916
0.3658754229545593
0.15344615280628204
0.12428509443998337
0.32082265615463257
0.2075611650943756
0.30825114250183105
0.2994769513607025
0.20566153526306152
0.35544902086257935
0.5930296182632446
0.1825273633003235
0.29320088028907776
0.4965236186981201
0.25391650199890137
0.4735831618309021
0.3300709128379822
0.44648319482803345
0.29840749502182007
0.4442567229270935
0.3833863139152527
0.39507412910461426
0.6663203835487366
0.18261775374412537
0.27625468373298645
0.22194968163967133
0.23164455592632294
0.5859472155570984
0.2151566594839096
0.4380725026130676
0.5594549179077148
0.6546999216079712
0.4161888360977173
0.3354518413543701
0.5220644474029541
0.38965946435928345
0.415759801864624
0.22816906869411469
0.4282494783401489
0.206642746925354
0.13825708627700806
0.3150014281272888
0.42173486948013306
0.6105794906616211
0.6409738063812256
0.16133467853069305
0.15447299182415009
0.381666362285614
0.44746190309524536
0.1496356725692749
0.16456609964370728
0.4122651219367981
0.5299857258796692
0.09764594584703445
0.5646182298660278
0.17468203604221344
0.1989000141620636
0.35010242462158203
0.4451425075531006
0.09553146362304688
0.31593114137649536
0.16217246651649475
0.5777640342712402
0.2884260416030884
0.5823687314987183
0.4569054841995239
0.4906020164489746
0.33558642864227295
0.17140185832977295
0.5146471858024597
0.6473801732063293
0.20255737006664276
0.3593255877494812
0.18886953592300415
0.4604317545890808
0.3097885251045227
0.3570699691772461
0.34278368949890137
0.29580843448638916
0.5002118945121765
0.3434855341911316
0.2222135365009308
0.2669103145599365
0.37213677167892456
0.2345697581768036
0.2321997880935669
0.4293109178543091
0.3245404362678528
0.21791420876979828
0.4360555410385132
0.5874185562133789
0.22885845601558685
0.2856874465942383
0.5116691589355469
0.37834101915359497
0.4192020297050476
0.39572447538375854
0.17888280749320984
0.18429291248321533
0.18958809971809387
0.4631645679473877
0.16956384479999542
0.23829783499240875
0.5378261208534241
0.23750585317611694
0.46795523166656494
0.17569945752620697
0.47590017318725586
0.2375997006893158
0.4135669469833374
0.36628955602645874
0.1492292582988739
0.3753277063369751
0.485088050365448
0.4320030212402344
0.6168069839477539
0.20022980868816376
0.22085459530353546
0.18751350045204163
0.5262889266014099
0.47826844453811646
0.47457611560821533
0.27329355478286743
0.5903041958808899
0.16930797696113586
0.3390311002731323
0.23554103076457977
0.15730999410152435
0.539716362953186
0.20737329125404358
0.32213664054870605
0.16144421696662903
0.2880769968032837
0.10982019454240799
0.4737091064453125
0.35431748628616333
0.5403630137443542
0.3300158381462097
0.26874053478240967
0.36180412769317627
0.4889751076698303
0.3022002577781677
0.5074766874313354
0.39638447761535645
0.3915514349937439
0.2835635542869568
0.45595526695251465
0.20298358798027039
0.2555241584777832
0.44716912508010864
0.2560158371925354
0.5440544486045837
0.15334129333496094
0.5126786828041077
0.45677196979522705
0.15425752103328705
0.3306965231895447
0.45008695125579834
0.2444821298122406
0.2809649109840393
0.1940731257200241
0.21195560693740845
0.48889368772506714
0.4893103837966919
0.5087087154388428
0.3266603946685791
0.2888323664665222
0.4863153100013733
0.5888242125511169
0.16822770237922668
0.25776463747024536
0.5502911806106567
0.2079598754644394
0.24250824749469757
0.24285708367824554
0.25880569219589233
0.6063175797462463
0.26596885919570923
0.47128766775131226
0.4228750467300415
0.18192128837108612
0.531078040599823
0.10699644684791565
0.3855467438697815
0.27535074949264526
0.48821789026260376
0.2106410264968872
0.46327388286590576
0.4255690574645996
0.19039298593997955
0.2865041494369507
0.24773627519607544
0.25801292061805725
0.31357622146606445
0.5836617350578308
0.33672386407852173
0.34464937448501587
0.25092971324920654
0.5352740287780762
0.3400343060493469
0.339982807636261
0.31247949600219727
0.4414486885070801
0.38594770431518555
0.3340441584587097
0.4348289370536804
0.37454545497894287
0.6526017189025879
0.6166656017303467
0.46836918592453003
0.20946522057056427
0.3174712061882019
0.3632415533065796
0.40934252738952637
0.2074519246816635
0.27068638801574707
0.2997400164604187
0.39809077978134155
0.11372964084148407
0.6601976752281189
0.1345270872116089
0.4622618556022644
0.311503529548645
0.24430213868618011
0.2838582396507263
0.18155372142791748
0.27861785888671875
0.19616349041461945
0.14304861426353455
0.13727843761444092
0.38730061054229736
0.3306649327278137
0.23245267570018768
0.17438779771327972
0.48076170682907104
0.24798893928527832
0.4020354747772217
0.262001633644104
0.44401806592941284
0.2982211112976074
0.2568812966346741
0.3073905110359192
0.5440031886100769
0.19928283989429474
0.25802624225616455
0.2265610247850418
0.16229549050331116
0.4747394919395447
0.392472505569458
0.5638784766197205
0.3825186491012573
0.4443410634994507
0.3779780864715576
0.1776133030653
0.5329173803329468
0.48599690198898315
0.30334925651550293
0.25251197814941406
0.2077271193265915
0.4442406892776489
0.32662248611450195
0.20246252417564392
0.32517164945602417
0.42432910203933716
0.4412619471549988
0.4971303939819336
0.26991695165634155
0.22453393042087555
0.42319655418395996
0.4112505316734314
0.23205077648162842
0.4392346143722534
0.45816659927368164
0.5904972553253174
0.5109990239143372
0.36500656604766846
0.12407566606998444
0.30425792932510376
0.33756738901138306
0.27919328212738037
0.3313634395599365
0.3350500464439392
0.5319865942001343
0.37688934803009033
0.5565730333328247
0.2911737859249115
0.42175722122192383
0.35344672203063965
0.38500237464904785
0.2036415934562683
0.5101990699768066
0.35397714376449585
0.38434678316116333
0.3110235929489136
0.30792927742004395
0.19839532673358917
0.4519427418708801
0.46896034479141235
0.3854575753211975
0.40107911825180054
0.32660484313964844
0.5391728281974792
0.46013742685317993
0.2151820808649063
0.16469070315361023
0.3269645571708679
0.4333397150039673
0.32385969161987305
0.31865179538726807
0.23877036571502686
0.27474290132522583
0.52032470703125
0.41385436058044434
0.22184114158153534
0.3803215026855469
0.5727154016494751
0.31662142276763916
0.2211482971906662
0.35277801752090454
0.45255976915359497
0.4082452654838562
0.4415167570114136
0.23847584426403046
0.2724352478981018
0.2209390252828598
0.41021156311035156
0.4127885699272156
0.16085730493068695
0.13239336013793945
0.12129522114992142
0.1191941499710083
0.08677144348621368
0.3371109962463379
0.3465716242790222
0.534012496471405
0.19152967631816864
0.15508294105529785
0.5331388711929321
0.10784171521663666
0.3301682472229004
0.35097312927246094
0.43337559700012207
0.3563537001609802
0.1824580281972885
0.2415093034505844
0.225545272231102
0.3973507285118103
0.32207924127578735
0.17212019860744476
0.37311410903930664
0.3396844267845154
0.2539237141609192
0.2553887963294983
0.5636503100395203
0.3337724804878235
0.10662027448415756
0.21932195127010345
0.09589239954948425
0.12886890769004822
0.5511884689331055
0.3821331262588501
0.44960927963256836
0.4571782946586609
0.35360270738601685
0.41141068935394287
0.5190445780754089
0.27997052669525146
0.3294711112976074
0.6821781992912292
0.509200394153595
0.32106101512908936
0.43985170125961304
0.3806067109107971
0.21824674308300018
0.41516971588134766
0.43329185247421265
0.36772793531417847
0.4592211842536926
0.4821838140487671
0.3575003147125244
0.7460111379623413
0.3009876608848572
0.11389980465173721
0.34361815452575684
0.19287972152233124
0.4011722207069397
0.10573755204677582
0.28803563117980957
0.30131787061691284
0.5469770431518555
0.3783993721008301
0.27906110882759094
0.3122105598449707
0.3188885450363159
0.5205087661743164
0.18354234099388123
0.4664323925971985
0.34235483407974243
0.1619364321231842
0.4118072986602783
0.5354207158088684
0.2231058031320572
0.3671177625656128
0.146938294172287
0.20897437632083893
0.4222447872161865
0.29736876487731934
0.2195812314748764
0.3284417390823364
0.40840911865234375
0.12681153416633606
0.3859511613845825
0.3951760530471802
0.35443419218063354
0.49325311183929443
0.4438188076019287
0.2486250251531601
0.2149297297000885
0.351582407951355
0.3534976840019226
0.36847686767578125
0.12854604423046112
0.2566854953765869
0.259884238243103
0.6623692512512207
0.38451242446899414
0.23161958158016205
0.14168648421764374
0.14901402592658997
0.5702629089355469
0.36417698860168457
0.2641998827457428
0.5808509588241577
0.42495810985565186
0.2892100214958191
0.18640686571598053
0.17347323894500732
0.17184896767139435
0.5706750154495239
0.416517436504364
0.21199986338615417
0.5325081944465637
0.15421128273010254
0.16272932291030884
0.46354883909225464
0.15323764085769653
0.3389432430267334
0.530485987663269
0.2309519648551941
0.3384719491004944
0.2718818485736847
0.2768046259880066
0.471310019493103
0.19476965069770813
0.5708979368209839
0.3251621723175049
0.24321524798870087
0.14907395839691162
0.25788646936416626
0.4375952482223511
0.4226897954940796
0.15351605415344238
0.5356110334396362
0.3899916410446167
0.5281882882118225
0.417951762676239
0.564494252204895
0.3548429012298584
0.5246974229812622
0.44119906425476074
0.4121750593185425
0.2959250509738922
0.22417449951171875
0.3622860908508301
0.30001968145370483
0.5671941637992859
0.15215420722961426
0.5245279669761658
0.39540529251098633
0.5085048675537109
0.4682506322860718
0.18084096908569336
0.35592883825302124
0.4924204349517822
0.16204321384429932
0.3712538480758667
0.18856385350227356
0.228857159614563
0.4597967267036438
0.1251668781042099
0.266971230506897
0.25314074754714966
0.45790010690689087
0.3711181879043579
0.13988415896892548
0.35450607538223267
0.5514313578605652
0.6244920492172241
0.3490276336669922
0.4185810089111328
0.4115751385688782
0.43428391218185425
0.10712872445583344
0.17856056988239288
0.24661409854888916
0.23091720044612885
0.5025700926780701
0.13700532913208008
0.5632728934288025
0.5127196907997131
0.145542711019516
0.25658589601516724
0.4476066827774048
0.4707255959510803
0.47405219078063965
0.5427007079124451
0.22316917777061462
0.45487380027770996
0.24319399893283844
0.22973966598510742
0.34403711557388306
0.40270429849624634
0.262334406375885
0.1803383082151413
0.27904725074768066
0.2703709602355957
0.34985780715942383
0.41241753101348877
0.2317395955324173
0.33942270278930664
0.09376753121614456
0.20975030958652496
0.30960559844970703
0.502242386341095
0.21236810088157654
0.43631768226623535
0.16353121399879456
0.09336059540510178
0.4478445053100586
0.2553587257862091
0.1738356500864029
0.4081464409828186
0.15890169143676758
0.24541999399662018
0.5260790586471558
0.12456749379634857
0.376163125038147
0.11994297802448273
0.31255704164505005
0.29599910974502563
0.45329928398132324
0.542603075504303
0.15068663656711578
0.15565672516822815
0.5505619645118713
0.23790638148784637
0.65334552526474
0.4810943007469177
0.33215296268463135
0.34455180168151855
0.38814449310302734
0.47133469581604004
0.44428110122680664
0.41479212045669556
0.3135063052177429
0.17833258211612701
0.28999754786491394
0.4793021082878113
0.31557995080947876
0.19407658278942108
0.3700430393218994
0.23006613552570343
0.33800190687179565
0.5310904383659363
0.46360164880752563
0.3701963424682617
0.40706026554107666
0.37556344270706177
0.4651057720184326
0.17410436272621155
0.11818729341030121
0.28318119049072266
0.6002820730209351
0.27018171548843384
0.11556167155504227
0.5844261646270752
0.28010183572769165
0.30117499828338623
0.11476583778858185
0.3530692458152771
0.2234506458044052
0.15122851729393005
0.46576988697052
0.16333109140396118
0.36029404401779175
0.15521520376205444
0.16857770085334778
0.2827344238758087
0.28948724269866943
0.3038212060928345
0.17606936395168304
0.2672622799873352
0.36115092039108276
0.29572099447250366
0.6472774147987366
0.18847015500068665
0.41259628534317017
0.5271090865135193
0.2976658046245575
0.29207924008369446
0.2839530110359192
0.2361207753419876
0.1656467616558075
0.2876928746700287
0.3126811385154724
0.15984277427196503
0.2143290489912033
0.6272718906402588
0.10465788841247559
0.1609315276145935
0.26434022188186646
0.3446791172027588
0.5601074695587158
0.5470343828201294
0.5274674296379089
0.2735404372215271
0.475888192653656
0.3858039379119873
0.3083515763282776
0.3818962574005127
0.5124186873435974
0.28715780377388
0.3593817949295044
0.21304167807102203
0.2532274127006531
0.32252973318099976
0.5680168867111206
0.5438690781593323
0.5045849680900574
0.38571834564208984
0.1882854849100113
0.3208701014518738
0.20207850635051727
0.40694165229797363
0.35606950521469116
0.12832823395729065
0.1264207661151886
0.17207622528076172
0.12769830226898193
0.4450860023498535
0.3080982565879822
0.2010297328233719
0.2998141646385193
0.2341812700033188
0.24985580146312714
0.2807031273841858
0.2607671022415161
0.20775146782398224
0.1382158100605011
0.3024279475212097
0.12930047512054443
0.24228693544864655
0.3705863356590271
0.17445462942123413
0.2640405297279358
0.21314634382724762
0.4621487259864807
0.36746108531951904
0.13019773364067078
0.37404268980026245
0.3959089517593384
0.4987301230430603
0.2348209172487259
0.21719837188720703
0.18748994171619415
0.4827580451965332
0.28564298152923584
0.4560195207595825
0.21515432000160217
0.3490617871284485
0.4410907030105591
0.28965169191360474
0.3530406951904297
0.4403573274612427
0.49216073751449585
0.3919997811317444
0.3288905620574951
0.2447822242975235
0.3548124432563782
0.30997443199157715
0.3975289463996887
0.43027377128601074
0.3115226626396179
0.17492614686489105
0.3223274350166321
0.28132081031799316
0.2669115662574768
0.3235267400741577
0.2541707158088684
0.07113561779260635
0.1991976797580719
0.4627796411514282
0.2108209729194641
0.3987879753112793
0.1688794493675232
0.38482165336608887
0.5186048150062561
0.24935497343540192
0.6132222414016724
0.40112191438674927
0.34501171112060547
0.6655073165893555
0.4747632145881653
0.22215038537979126
0.34001296758651733
0.3579060435295105
0.2623786926269531
0.26233580708503723
0.1768762618303299
0.558958888053894
0.281014084815979
0.45472609996795654
0.5400983691215515
0.37718164920806885
0.39309102296829224
0.3569493889808655
0.36105090379714966
0.3472657799720764
0.5513623356819153
0.4389188885688782
0.2978581190109253
0.21269802749156952
0.23719961941242218
0.24308280646800995
0.40135014057159424
0.39045119285583496
0.12208536267280579
0.5268955230712891
0.5661296844482422
0.35989105701446533
0.4224205017089844
0.5494577884674072
0.09808020293712616
0.3017091155052185
0.4518839716911316
0.2931857705116272
0.21631287038326263
0.49693262577056885
0.5188380479812622
0.20117752254009247
0.3463744521141052
0.4407675862312317
0.5571138262748718
0.29758942127227783
0.29369014501571655
0.6655389070510864
0.6142680644989014
0.25721627473831177
0.5797179341316223
0.2099880874156952
0.5234420895576477
0.1788826435804367
0.31069415807724
0.21562227606773376
0.4227687120437622
0.4557464122772217
0.2513861656188965
0.5759986639022827
0.21176859736442566
0.39258909225463867
0.16826418042182922
0.3449859023094177
0.5082415342330933
0.22837619483470917
0.5085788369178772
0.6355400085449219
0.4354223608970642
0.11284109950065613
0.27995532751083374
0.189281165599823
0.36150962114334106
0.24569131433963776
0.13222993910312653
0.4423673748970032
0.3571118116378784
0.2679026126861572
0.24863481521606445
0.2568214535713196
0.49670058488845825
0.16873575747013092
0.5139868259429932
0.23645612597465515
0.29279381036758423
0.2945086359977722
0.344133198261261
0.4383329153060913
0.34933745861053467
0.3324277400970459
0.44811928272247314
0.2400948405265808
0.38219404220581055
0.4786219596862793
0.640462338924408
0.6001681685447693
0.2648608088493347
0.29554685950279236
0.4618641138076782
0.2307249754667282
0.32278257608413696
0.5715957880020142
0.32981377840042114
0.3447808027267456
0.4934740662574768
0.5475309491157532
0.626090407371521
0.1342773139476776
0.1232776865363121
0.26391738653182983
0.5020906925201416
0.3917121887207031
0.21414721012115479
0.2661600410938263
0.39583808183670044
0.09275645762681961
0.35573363304138184
0.37689918279647827
0.5213156342506409
0.43178385496139526
0.20558756589889526
0.15232005715370178
0.30214107036590576
0.6684525012969971
0.2420276552438736
0.3432779908180237
0.37041860818862915
0.21392054855823517
0.23272839188575745
0.24792201817035675
0.23325638473033905
0.42612677812576294
0.5722020268440247
0.3611922860145569
0.2774393558502197
0.36793506145477295
0.2362104207277298
0.5683175325393677
0.10843273997306824
0.325203537940979
0.2879815995693207
0.16088855266571045
0.3647574782371521
0.16693374514579773
0.5005146265029907
0.145382821559906
0.4621767997741699
0.5042621493339539
0.29256677627563477
0.36365818977355957
0.5235018134117126
0.5739601850509644
0.6084189414978027
0.4543253779411316
0.11902937293052673
0.34771162271499634
0.13062527775764465
0.2568342685699463
0.3168732523918152
0.33709341287612915
0.46169406175613403
0.18201331794261932
0.2886223793029785
0.29891693592071533
0.403792142868042
0.38827449083328247
0.44152557849884033
0.3792378902435303
0.43396615982055664
0.24089471995830536
0.2700270414352417
0.21940715610980988
0.2437245398759842
0.4439343810081482
0.3794311285018921
0.4655412435531616
0.392551064491272
0.2575276792049408
0.43986135721206665
0.40091007947921753
0.3238886594772339
0.6031925678253174
0.1956503838300705
0.1270676851272583
0.2317989021539688
0.3147367835044861
0.26230862736701965
0.28433001041412354
0.346688449382782
0.4719669818878174
0.259860098361969
0.5041890740394592
0.4799675941467285
0.1770542711019516
0.20057672262191772
0.21021369099617004
0.2109018862247467
0.4728594422340393
0.3900648355484009
0.25155818462371826
0.45212697982788086
0.4883059859275818
0.2510738968849182
0.24787108600139618
0.2298451066017151
0.6061177253723145
0.43507760763168335
0.18454091250896454
0.49978798627853394
0.4716896414756775
0.3242453336715698
0.4236801266670227
0.40453988313674927
0.21207062900066376
0.2269948571920395
0.5251837372779846
0.5518351793289185
0.23326487839221954
0.42458945512771606
0.21049390733242035
0.36910194158554077
0.3563653826713562
0.5605204701423645
0.12492090463638306
0.4301873445510864
0.1797409951686859
0.2526576519012451
0.420269250869751
0.3582385182380676
0.23790565133094788
0.2395184338092804
0.19720584154129028
0.2698761820793152
0.528884768486023
0.19040516018867493
0.3876354694366455
0.7019162178039551
0.33509308099746704
0.45477867126464844
0.34152787923812866
0.5297685861587524
0.27292555570602417
0.40697115659713745
0.3567161560058594
0.13414472341537476
0.24686117470264435
0.2515600323677063
0.1620151549577713
0.15481913089752197
0.31401073932647705
0.4421284794807434
0.41831648349761963
0.17899774014949799
0.5200827717781067
0.3693360686302185
0.36716657876968384
0.27729517221450806
0.3636173605918884
0.45149368047714233
0.37077587842941284
0.09167610108852386
0.24310652911663055
0.20055855810642242
0.1507052481174469
0.2450471669435501
0.4239320755004883
0.5278496146202087
0.5078416466712952
0.3779231905937195
0.293679416179657
0.12693698704242706
0.45719730854034424
0.11182762682437897
0.43388456106185913
0.25489044189453125
0.14434079825878143
0.4751684069633484
0.16355636715888977
0.247874453663826
0.5315569043159485
0.27368664741516113
0.34146648645401
0.45703232288360596
0.18115481734275818
0.3026008605957031
0.17373499274253845
0.2853096127510071
0.5050584673881531
0.17501097917556763
0.5409857630729675
0.323869526386261
0.3937952518463135
0.36520153284072876
0.18824222683906555
0.3829154968261719
0.20381692051887512
0.4120848774909973
0.25861799716949463
0.5196376442909241
0.42739546298980713
0.22385264933109283
0.38189584016799927
0.18047763407230377
0.2893217206001282
0.22370405495166779
0.4254562258720398
0.22581271827220917
0.22189150750637054
0.5764637589454651
0.43078821897506714
0.5427660942077637
0.4122176766395569
0.18782497942447662
0.41993188858032227
0.37385040521621704
0.2831611633300781
0.17950494587421417
0.1954035609960556
0.4548824429512024
0.5565589666366577
0.2982150912284851
0.46213603019714355
0.2663149833679199
0.3909280300140381
0.3254672884941101
0.33544135093688965
0.32902222871780396
0.42850708961486816
0.22812461853027344
0.45663249492645264
0.4369039535522461
0.14910218119621277
0.35085493326187134
0.301170289516449
0.4285939931869507
0.44093257188796997
0.3575059175491333
0.2515929937362671
0.39448922872543335
0.576701819896698
0.4804907441139221
0.23326510190963745
0.24015723168849945
0.24588526785373688
0.3769426941871643
0.3594805598258972
0.18858273327350616
0.2725510597229004
0.13063843548297882
0.44052231311798096
0.35689741373062134
0.30798614025115967
0.41833633184432983
0.21807362139225006
0.2797126770019531
0.2146487683057785
0.37738484144210815
0.6069352626800537
0.3711099624633789
0.413188636302948
0.5491898655891418
0.2634262442588806
0.38428378105163574
0.4270856976509094
0.14449548721313477
0.20629362761974335
0.16642893850803375
0.1284668892621994
0.15264356136322021
0.276720255613327
0.496718168258667
0.3415491580963135
0.24634970724582672
0.21230505406856537
0.5157538652420044
0.1913181096315384
0.3380388021469116
0.22840383648872375
0.22491583228111267
0.6316710710525513
0.3938106894493103
0.16907379031181335
0.11165094375610352
0.10431334376335144
0.257329523563385
0.46268677711486816
0.2292241007089615
0.6147820949554443
0.24627427756786346
0.39513736963272095
0.31304043531417847
0.24932509660720825
0.2870835065841675
0.28880590200424194
0.42283564805984497
0.3646223545074463
0.282564640045166
0.28838902711868286
0.09517072141170502
0.15256014466285706
0.3541046380996704
0.4458584189414978
0.399586021900177
0.1711822748184204
0.21298940479755402
0.37720662355422974
0.29722684621810913
0.08332110941410065
0.3868727684020996
0.35346800088882446
0.2001899927854538
0.41546863317489624
0.370688796043396
0.5398315191268921
0.38244765996932983
0.2342320829629898
0.26424771547317505
0.05560687184333801
0.5841082334518433
0.24901027977466583
0.35484445095062256
0.3446996212005615
0.46079057455062866
0.5083636045455933
0.6427481174468994
0.15894655883312225
0.2241065353155136
0.7141976356506348
0.19122210144996643
0.26948368549346924
0.25376200675964355
0.44500839710235596
0.34669607877731323
0.3635154962539673
0.5421603322029114
0.41538745164871216
0.19739921391010284
0.24569854140281677
0.48614174127578735
0.3349187970161438
0.374697744846344
0.21086320281028748
0.2931358516216278
0.41905295848846436
0.3940674662590027
0.13328686356544495
0.4656830430030823
0.1882404386997223
0.416181743144989
0.2824019193649292
0.25689125061035156
0.20740698277950287
0.14796091616153717
0.6167997121810913
0.40076661109924316
0.39103198051452637
0.24083290994167328
0.2818586826324463
0.4132847189903259
0.37302035093307495
0.5497217178344727
0.2927677631378174
0.33434420824050903
0.4792390465736389
0.4056655168533325
0.6027605533599854
0.2881580889225006
0.43044257164001465
0.3331906795501709
0.5096187591552734
0.2490524798631668
0.34460926055908203
0.39612001180648804
0.2222285121679306
0.5023304224014282
0.5270568132400513
0.21231701970100403
0.5425837635993958
0.5068474411964417
0.3971490263938904
0.32108139991760254
0.29971998929977417
0.3787030577659607
0.5809370279312134
0.2984866797924042
0.282082736492157
0.38817262649536133
0.4098033905029297
0.533007800579071
0.23192176222801208
0.2408013492822647
0.5799640417098999
0.05967511236667633
0.46786248683929443
0.3859044313430786
0.45183759927749634
0.43699395656585693
0.16569893062114716
0.46577948331832886
0.4299514889717102
0.6111505031585693
0.24071495234966278
0.4376276135444641
0.4770996570587158
0.24593840539455414
0.4215664863586426
0.2923235297203064
0.3873634934425354
0.35903555154800415
0.49394530057907104
0.2578313946723938
0.25292474031448364
0.42560791969299316
0.24905072152614594
0.5701391100883484
0.25499993562698364
0.26043790578842163
0.1917411983013153
0.4817410111427307
0.43349212408065796
0.3174929618835449
0.4338505268096924
0.41543811559677124
0.2669672966003418
0.07221637666225433
0.21258264780044556
0.1799786537885666
0.20941248536109924
0.5821307897567749
0.24831657111644745
0.12910394370555878
0.44561558961868286
0.2803924083709717
0.14157086610794067
0.1784919649362564
0.3713616728782654
0.38158953189849854
0.3291504979133606
0.5307771563529968
0.3230241537094116
0.44426679611206055
0.608927845954895
0.257770299911499
0.4694770574569702
0.15024873614311218
0.4216897487640381
0.26854002475738525
0.307232141494751
0.5892654657363892
0.2921244204044342
0.43735504150390625
0.3853561282157898
0.2723079323768616
0.28711676597595215
0.35313957929611206
0.4487903118133545
0.3624899983406067
0.4435157775878906
0.3545325994491577
0.34928184747695923
0.2767620384693146
0.3501121997833252
0.20870524644851685
0.23137390613555908
0.26059985160827637
0.43821024894714355
0.4997084140777588
0.255146861076355
0.34240496158599854
0.13901981711387634
0.13713949918746948
0.2673984169960022
0.39054352045059204
0.40221792459487915
0.4552956819534302
0.3536224961280823
0.26077699661254883
0.10658949613571167
0.26485806703567505
0.1375562846660614
0.5297907590866089
0.2435348629951477
0.2838268280029297
0.1519378423690796
0.4890356659889221
0.5636241436004639
0.07312491536140442
0.4211525321006775
0.5318670272827148
0.2455025464296341
0.3158133625984192
0.2446829378604889
0.2022680789232254
0.5504769682884216
0.5090019106864929
0.2857596278190613
0.4335021376609802
0.20913885533809662
0.3974509835243225
0.41140300035476685
0.2080180048942566
0.12688663601875305
0.23089508712291718
0.22154195606708527
0.1961420476436615
0.2744387686252594
0.16659462451934814
0.20810915529727936
0.11587123572826385
0.5761196613311768
0.5742418169975281
0.43591272830963135
0.2943234443664551
0.10776693373918533
0.2077644169330597
0.5507686734199524
0.4718743562698364
0.3460802435874939
0.2649376690387726
0.2910662293434143
0.6014455556869507
0.43576300144195557
0.3247964382171631
0.32563453912734985
0.15972156822681427
0.20156490802764893
0.17077869176864624
0.23948758840560913
0.20821161568164825
0.3637869954109192
0.458324670791626
0.24884167313575745
0.14238187670707703
0.2981901168823242
0.42383676767349243
0.3612108826637268
0.45951133966445923
0.26787877082824707
0.35459214448928833
0.12133852392435074
0.32746070623397827
0.3819506764411926
0.40795058012008667
0.40705299377441406
0.3742775321006775
0.18439503014087677
0.1865067034959793
0.29299354553222656
0.3359948992729187
0.438259482383728
0.5646158456802368
0.173993781208992
0.3808490037918091
0.643081545829773
0.40603357553482056
0.2082703411579132
0.17513319849967957
0.4036898612976074
0.5711650252342224
0.21180057525634766
0.12942582368850708
0.4224737882614136
0.48223578929901123
0.23178331553936005
0.34232205152511597
0.2874646484851837
0.5597792863845825
0.36757898330688477
0.3193814158439636
0.4995173215866089
0.5257689356803894
0.30576735734939575
0.23328231275081635
0.32827794551849365
0.31339097023010254
0.5051372051239014
0.3682299256324768
0.4881521463394165
0.3716312646865845
0.33090740442276
0.4710581302642822
0.46912920475006104
0.22753088176250458
0.3422832489013672
0.3441122770309448
0.305428147315979
0.33941471576690674
0.24002458155155182
0.11837579309940338
0.3417086601257324
0.5249876379966736
0.614349365234375
0.4303818941116333
0.26583731174468994
0.1414671242237091
0.48247575759887695
0.5125201940536499
0.3104010224342346
0.3904914855957031
0.16458450257778168
0.21599727869033813
0.2719078063964844
0.49648594856262207
0.2741056978702545
0.29455018043518066
0.2978866696357727
0.4348266124725342
0.28868603706359863
0.11051863431930542
0.3749324083328247
0.3336644172668457
0.5693725347518921
0.21423621475696564
0.27943819761276245
0.5626654624938965
0.1670771837234497
0.33268457651138306
0.21927879750728607
0.2751244902610779
0.23019258677959442
0.5580726265907288
0.5206523537635803
0.4690226912498474
0.4066951870918274
0.6938430070877075
0.46937012672424316
0.19076259434223175
0.3764715790748596
0.22046004235744476
0.29666024446487427
0.32166045904159546
0.4316573739051819
0.1810360550880432
0.30500292778015137
0.40801000595092773
0.19512130320072174
0.28354382514953613
0.5226153135299683
0.271644651889801
0.47992026805877686
0.27188217639923096
0.44763118028640747
0.3972546458244324
0.3107524514198303
0.19628992676734924
0.3753242492675781
0.09815850853919983
0.3978431224822998
0.6294195652008057
0.3603023290634155
0.43394631147384644
0.40214574337005615
0.2678488492965698
0.18182429671287537
0.2586585283279419
0.580859899520874
0.3307306170463562
0.1716616302728653
0.4100832939147949
0.18856127560138702
0.372547447681427
0.5143787860870361
0.5773249864578247
0.4065741300582886
0.19063931703567505
0.4155728220939636
0.3307274580001831
0.32734936475753784
0.2449098527431488
0.22150422632694244
0.4432288408279419
0.2067989557981491
0.14115135371685028
0.4794834852218628
0.33666855096817017
0.2669147253036499
0.34236210584640503
0.6974902153015137
0.5368626713752747
0.3625715970993042
0.2947470545768738
0.3323536515235901
0.17196601629257202
0.15605132281780243
0.350746750831604
0.23227721452713013
0.4529988765716553
0.19969595968723297
0.3163738250732422
0.20016121864318848
0.3029988408088684
0.07488325983285904
0.4473830461502075
0.49060070514678955
0.44663238525390625
0.3079349398612976
0.3277280926704407
0.26327115297317505
0.423117995262146
0.47814440727233887
0.31338733434677124
0.43523144721984863
0.368726909160614
0.39476317167282104
0.3618866801261902
0.38501596450805664
0.45019418001174927
0.4283444285392761
0.24126602709293365
0.4778915047645569
0.5196614861488342
0.5911466479301453
0.35588210821151733
0.1620788872241974
0.2584127187728882
0.1344982236623764
0.33629441261291504
0.507780134677887
0.4965752363204956
0.3321967124938965
0.5132123231887817
0.5335078239440918
0.25523823499679565
0.4188603162765503
0.45203274488449097
0.25326764583587646
0.24545568227767944
0.32400715351104736
0.4361504316329956
0.3141676187515259
0.32954931259155273
0.26531800627708435
0.23431186378002167
0.4408053159713745
0.3725491762161255
0.5278922319412231
0.3961220383644104
0.14566773176193237
0.35087573528289795
0.4637126326560974
0.3982734680175781
0.5230595469474792
0.17509359121322632
0.26874852180480957
0.2411089390516281
0.5125345587730408
0.26771026849746704
0.15307824313640594
0.2098218947649002
0.42148274183273315
0.21180523931980133
0.38665807247161865
0.2392890751361847
0.3898906707763672
0.6417128443717957
0.39104771614074707
0.25326892733573914
0.47718000411987305
0.16455259919166565
0.43359267711639404
0.2728889584541321
0.5046424269676208
0.32388943433761597
0.5701495409011841
0.30258673429489136
0.09976600110530853
0.5113253593444824
0.2655618190765381
0.4754141569137573
0.2012561708688736
0.6810654997825623
0.381133496761322
0.4159310460090637
0.3925817608833313
0.3001323938369751
0.431282103061676
0.3058745265007019
0.0881754606962204
0.5285001397132874
0.4899948835372925
0.10742735862731934
0.3127520680427551
0.11932604759931564
0.26146283745765686
0.16970469057559967
0.351304292678833
0.33152973651885986
0.44919973611831665
0.3795313835144043
0.6143358945846558
0.39247649908065796
0.25858819484710693
0.08167533576488495
0.41892147064208984
0.34523338079452515
0.22815515100955963
0.3665022850036621
0.3814200162887573
0.5562826991081238
0.18571515381336212
0.280586302280426
0.3376999497413635
0.6183789968490601
0.518495500087738
0.4493544101715088
0.592986524105072
0.24045118689537048
0.49339741468429565
0.5634574890136719
0.385686457157135
0.4969424605369568
0.4505138397216797
0.25962358713150024
0.4003521203994751
0.5799766778945923
0.3979933261871338
0.12338995933532715
0.24546967446804047
0.29494476318359375
0.4668918251991272
0.5311530828475952
0.3046573996543884
0.30789995193481445
0.23692551255226135
0.6179553270339966
0.4855557084083557
0.19298526644706726
0.3017977476119995
0.48121440410614014
0.2887148857116699
0.09823071956634521
0.2861804962158203
0.21753646433353424
0.35088545083999634
0.2396327555179596
0.1267310380935669
0.3825715184211731
0.24991096556186676
0.29796749353408813
0.524583637714386
0.4302172064781189
0.3398301601409912
0.22882649302482605
0.14457769691944122
0.1831706315279007
0.1919102519750595
0.49093055725097656
0.3829573392868042
0.2923637330532074
0.35293149948120117
0.09370149672031403
0.5107221603393555
0.3344019055366516
0.4717566967010498
0.21762387454509735
0.31411516666412354
0.123180091381073
0.24864192306995392
0.2613281011581421
0.1134944036602974
0.5482339262962341
0.10941457003355026
0.23322786390781403
0.5349826812744141
0.12969690561294556
0.4022709131240845
0.47210031747817993
0.3168871998786926
0.20006872713565826
0.3605072498321533
0.43774205446243286
0.31506264209747314
0.26740550994873047
0.47442328929901123
0.14712630212306976
0.15421950817108154
0.1591576188802719
0.2644205093383789
0.527305543422699
0.2378733605146408
0.228621706366539
0.33937937021255493
0.5189458727836609
0.31283318996429443
0.38035857677459717
0.5168832540512085
0.28342950344085693
0.6329972743988037
0.4956153631210327
0.18015028536319733
0.532367467880249
0.41564714908599854
0.4829047918319702
0.4709458351135254
0.4468405842781067
0.2569977343082428
0.39109164476394653
0.5550883412361145
0.5253618955612183
0.44585490226745605
0.49200206995010376
0.48991578817367554
0.23795779049396515
0.17389437556266785
0.2354712039232254
0.21478258073329926
0.47303396463394165
0.4678431749343872
0.37086594104766846
0.48384153842926025
0.38939720392227173
0.17148394882678986
0.23163793981075287
0.6702717542648315
0.22097307443618774
0.1967938095331192
0.11053694784641266
0.506371796131134
0.21913960576057434
0.4770694375038147
0.3875880241394043
0.7178785800933838
0.31011539697647095
0.23810017108917236
0.49646395444869995
0.26372677087783813
0.4171566963195801
0.22282619774341583
0.3566665053367615
0.48828691244125366
0.22909356653690338
0.5030690431594849
0.4664914011955261
0.14513340592384338
0.4048570990562439
0.4276425838470459
0.2900781035423279
0.3183481693267822
0.35603129863739014
0.41779446601867676
0.34566521644592285
0.4734317660331726
0.5884352922439575
0.4867149591445923
0.4008976221084595
0.19544808566570282
0.3896210789680481
0.2561022639274597
0.13138394057750702
0.4713757634162903
0.24493366479873657
0.4924403429031372
0.4921817183494568
0.15979580581188202
0.33970344066619873
0.1931845247745514
0.4007524847984314
0.20422346889972687
0.586861252784729
0.51582270860672
0.5531466007232666
0.31506359577178955
0.6834461688995361
0.19726648926734924
0.3714468479156494
0.4878179430961609
0.5008948445320129
0.5169995427131653
0.44545698165893555
0.07999970018863678
0.2383166402578354
0.2504674196243286
0.6301642060279846
0.14187175035476685
0.21703846752643585
0.5558528900146484
0.10092703998088837
0.5919972062110901
0.5588841438293457
0.08126211911439896
0.49764424562454224
0.1865408718585968
0.3296109437942505
0.15691211819648743
0.40883713960647583
0.26212936639785767
0.5496576428413391
0.11434212327003479
0.31001144647598267
0.30568206310272217
0.49189937114715576
0.14990906417369843
0.08823779225349426
0.36933112144470215
0.5542899370193481
0.33024168014526367
0.4429967403411865
0.25791943073272705
0.33838939666748047
0.20530228316783905
0.38343799114227295
0.10319115221500397
0.19979944825172424
0.35849934816360474
0.27771854400634766
0.5038973093032837
0.2529510259628296
0.46233975887298584
0.3376639485359192
0.30063891410827637
0.5631377696990967
0.31453967094421387
0.30634111166000366
0.17804764211177826
0.3340316414833069
0.43652623891830444
0.442668616771698
0.5688244104385376
0.7154768109321594
0.13483166694641113
0.4874669313430786
0.1761118322610855
0.5300166010856628
0.3220977783203125
0.38941317796707153
0.5281968116760254
0.38682371377944946
0.2163340300321579
0.6081283092498779
0.3192567229270935
0.1932159811258316
0.32959210872650146
0.21624432504177094
0.3146921992301941
0.5017920732498169
0.5900722146034241
0.34228116273880005
0.2120499461889267
0.17301273345947266
0.38661420345306396
0.33227503299713135
0.47383564710617065
0.1526343822479248
0.3194658160209656
0.06163967400789261
0.4127735495567322
0.2520497143268585
0.12124641984701157
0.18027620017528534
0.19040438532829285
0.26792460680007935
0.48923712968826294
0.2872788608074188
0.19762161374092102
0.5041390061378479
0.1682707518339157
0.12390357255935669
0.5103304982185364
0.5626339912414551
0.3683461546897888
0.2082424759864807
0.3657243251800537
0.2663768529891968
0.24458399415016174
0.49009180068969727
0.18358929455280304
0.21320022642612457
0.2637840211391449
0.4715292453765869
0.2734628915786743
0.4340548515319824
0.37223970890045166
0.3936835527420044
0.34039950370788574
0.25846391916275024
0.2219623476266861
0.4867333769798279
0.26781904697418213
0.2088223546743393
0.34618157148361206
0.3570834994316101
0.4023612141609192
0.35465317964553833
0.6048552989959717
0.2792759835720062
0.5784666538238525
0.5454665422439575
0.27189284563064575
0.31595689058303833
0.43616312742233276
0.3603493571281433
0.2024725079536438
0.30467677116394043
0.37408143281936646
0.5940788388252258
0.4857523441314697
0.23714269697666168
0.4334391951560974
0.1884569376707077
0.20023703575134277
0.2798759937286377
0.26221004128456116
0.2188136726617813
0.12351687252521515
0.3888401389122009
0.30404728651046753
0.3410547375679016
0.09569577872753143
0.2650832533836365
0.4042622447013855
0.19870945811271667
0.5571019649505615
0.6991738080978394
0.46148818731307983
0.4750264883041382
0.1437261402606964
0.17555642127990723
0.29674723744392395
0.35403209924697876
0.37791889905929565
0.37227529287338257
0.36165302991867065
0.2119109034538269
0.10051624476909637
0.37863868474960327
0.5721391439437866
0.45759594440460205
0.13689027726650238
0.22906790673732758
0.3707217574119568
0.2027326375246048
0.3658638596534729
0.43899601697921753
0.17758838832378387
0.22955600917339325
0.44590139389038086
0.1727013885974884
0.3029685616493225
0.5162138938903809
0.2217279076576233
0.4700433015823364
0.13343212008476257
0.6478781700134277
0.21333976089954376
0.6193068027496338
0.10954901576042175
0.32928889989852905
0.5234397053718567
0.20765037834644318
0.2650661766529083
0.32740265130996704
0.44284504652023315
0.5550644397735596
0.3140439987182617
0.25619059801101685
0.2431783527135849
0.3497304916381836
0.3109617233276367
0.48011118173599243
0.28513970971107483
0.2930026650428772
0.10990580171346664
0.3262094259262085
0.37674999237060547
0.32804185152053833
0.13549286127090454
0.2314314842224121
0.4383983612060547
0.3085329532623291
0.4142361879348755
0.22377200424671173
0.50993412733078
0.26254481077194214
0.4025319814682007
0.56770259141922
0.3180798292160034
0.22071148455142975
0.2875075936317444
0.19908161461353302
0.4487411379814148
0.3606550693511963
0.1379683017730713
0.39085137844085693
0.2634284198284149
0.4727489948272705
0.1639079451560974
0.4474058747291565
0.2998873293399811
0.23014666140079498
0.26820725202560425
0.31860727071762085
0.18155963718891144
0.33815717697143555
0.5976458787918091
0.40237998962402344
0.3308030366897583
0.22518236935138702
0.7469543814659119
0.4689894914627075
0.2624025046825409
0.17556285858154297
0.4321940541267395
0.5212412476539612
0.29277998208999634
0.5574860572814941
0.1566137671470642
0.27381232380867004
0.2883804440498352
0.3679679036140442
0.16045957803726196
0.49711644649505615
0.250138521194458
0.4426199197769165
0.2138439267873764
0.39603257179260254
0.4885047674179077
0.39594030380249023
0.3463406562805176
0.404369592666626
0.7422904372215271
0.21497829258441925
0.48749488592147827
0.11404260993003845
0.17390352487564087
0.45698094367980957
0.6082367897033691
0.2684563398361206
0.13899829983711243
0.3743077516555786
0.1514909863471985
0.38065946102142334
0.3765181303024292
0.2757888436317444
0.4546400308609009
0.2981581389904022
0.23541130125522614
0.17852427065372467
0.5332414507865906
0.5087170600891113
0.4017765522003174
0.5819287300109863
0.38840895891189575
0.43788957595825195
0.324329674243927
0.25091350078582764
0.46057844161987305
0.2687838077545166
0.4610331058502197
0.4095291495323181
0.3038044571876526
0.10529343783855438
0.6092219352722168
0.32177263498306274
0.12213346362113953
0.36313194036483765
0.3208174705505371
0.15952977538108826
0.1793338656425476
0.3047637939453125
0.31162744760513306
0.5318961143493652
0.142634779214859
0.36710184812545776
0.41907966136932373
0.24839916825294495
0.6316457986831665
0.1597631573677063
0.4606470465660095
0.341766357421875
0.237161785364151
0.4104767441749573
0.44412922859191895
0.4738238453865051
0.37784892320632935
0.2626229524612427
0.352664053440094
0.266277015209198
0.24697835743427277
0.39214760065078735
0.303433358669281
0.49104052782058716
0.23116622865200043
0.2423204779624939
0.11702394485473633
0.40728169679641724
0.2687593698501587
0.4515295624732971
0.14090383052825928
0.2428671419620514
0.504630446434021
0.3265978693962097
0.4044766426086426
0.3231762647628784
0.46187156438827515
0.4336559772491455
0.34485751390457153
0.21866469085216522
0.4967527389526367
0.47615885734558105
0.5323578715324402
0.12718555331230164
0.12795647978782654
0.3924388289451599
0.3172028064727783
0.3862416744232178
0.1686171144247055
0.22520992159843445
0.14876340329647064
0.27463120222091675
0.3725297451019287
0.5978478789329529
0.13047584891319275
0.2791576087474823
0.45595890283584595
0.2526422142982483
0.5296539664268494
0.3453529477119446
0.11425947397947311
0.2513579726219177
0.5317676663398743
0.1419142186641693
0.49221038818359375
0.22901460528373718
0.08623457700014114
0.18154415488243103
0.6212496757507324
0.28692901134490967
0.3157835602760315
0.3174777030944824
0.41774982213974
0.2717112898826599
0.26235634088516235
0.6610333919525146
0.18636269867420197
0.26544198393821716
0.20236168801784515
0.29792213439941406
0.3418149948120117
0.2100939005613327
0.5380867123603821
0.2924424409866333
0.5045820474624634
0.28899043798446655
0.3181731104850769
0.32706111669540405
0.3279227018356323
0.36875325441360474
0.3799656629562378
0.2371765673160553
0.2678752541542053
0.22195835411548615
0.4472557306289673
0.36129122972488403
0.39558255672454834
0.5546666383743286
0.11436914652585983
0.5532236099243164
0.33665162324905396
0.4088594913482666
0.4382869005203247
0.6118767857551575
0.19503001868724823
0.1902180016040802
0.16932092607021332
0.6396079063415527
0.3956480026245117
0.22231723368167877
0.20780520141124725
0.2643773555755615
0.20667150616645813
0.2632907032966614
0.4593603014945984
0.3630998134613037
0.39933979511260986
0.12879091501235962
0.2520354390144348
0.55797278881073
0.35512036085128784
0.1969631463289261
0.5001914501190186
0.4400011897087097
0.4822589159011841
0.2671509385108948
0.3775559663772583
0.434604287147522
0.3700343370437622
0.5695416927337646
0.22627060115337372
0.5088812112808228
0.339019775390625
0.43314164876937866
0.39079517126083374
0.23243717849254608
0.2779100835323334
0.6576398611068726
0.47075045108795166
0.4821099042892456
0.20752109587192535
0.2409321516752243
0.31726348400115967
0.32375258207321167
0.5685225129127502
0.17460155487060547
0.15016716718673706
0.3046853542327881
0.2563745379447937
0.2905927002429962
0.4225608706474304
0.643558144569397
0.2559320330619812
0.6003645658493042
0.3417254686355591
0.7173160314559937
0.15863943099975586
0.34739434719085693
0.5244248509407043
0.32896697521209717
0.20862340927124023
0.33508217334747314
0.23591268062591553
0.24538500607013702
0.3918952941894531
0.801440954208374
0.4044397473335266
0.21667802333831787
0.10911403596401215
0.3538890480995178
0.13542604446411133
0.39844924211502075
0.22089914977550507
0.25561752915382385
0.3391938805580139
0.13794751465320587
0.3104441165924072
0.44942063093185425
0.4714052081108093
0.29453885555267334
0.4874454140663147
0.4968370795249939
0.1659858524799347
0.32122403383255005
0.4159104824066162
0.43974149227142334
0.1897212117910385
0.37006688117980957
0.25522464513778687
0.3704622983932495
0.2605460286140442
0.11777327209711075
0.5481711626052856
0.3294747471809387
0.3379215598106384
0.25673332810401917
0.4058040380477905
0.2298310101032257
0.4416915774345398
0.4296533465385437
0.45272982120513916
0.35931432247161865
0.27984845638275146
0.555365800857544
0.2742602527141571
0.14721748232841492
0.4180482029914856
0.4082627296447754
0.3588269352912903
0.26201045513153076
0.584398627281189
0.11687621474266052
0.49805182218551636
0.4256565570831299
0.13980799913406372
0.2905590534210205
0.4364470839500427
0.6246117949485779
0.4562988877296448
0.2432301938533783
0.18676213920116425
0.3497033715248108
0.30694377422332764
0.3750525116920471
0.574304461479187
0.2746480107307434
0.2934654951095581
0.4689663052558899
0.1003175750374794
0.4433363676071167
0.2853712737560272
0.4165462255477905
0.35686391592025757
0.34539973735809326
0.12402322888374329
0.30030399560928345
0.3421141505241394
0.4184184670448303
0.44423907995224
0.24217507243156433
0.4196763038635254
0.4620038866996765
0.2577674388885498
0.5083473920822144
0.3917866349220276
0.3439837098121643
0.6369478702545166
0.2585563659667969
0.2985614538192749
0.46504563093185425
0.41406166553497314
0.6349520683288574
0.27259403467178345
0.15016739070415497
0.467548131942749
0.3155137300491333
0.3332183361053467
0.2821417450904846
0.2364548295736313
0.5251250863075256
0.3598998188972473
0.2931576371192932
0.4158124327659607
0.30463534593582153
0.6558724641799927
0.13739177584648132
0.5060392022132874
0.38292908668518066
0.6513170003890991
0.46607357263565063
0.18408480286598206
0.3287047743797302
0.49548447132110596
0.2398073375225067
0.22631265223026276
0.27343058586120605
0.3928893208503723
0.32383543252944946
0.13679000735282898
0.2800246477127075
0.7102063894271851
0.4534534811973572
0.35895854234695435
0.4052230715751648
0.14906609058380127
0.6746706962585449
0.4150373339653015
0.3678972125053406
0.4054797887802124
0.2977895736694336
0.42197978496551514
0.614601194858551
0.3210870027542114
0.31775379180908203
0.31082862615585327
0.2895520329475403
0.38835591077804565
0.2998436987400055
0.1354769766330719
0.3587207794189453
0.3057074546813965
0.2760393023490906
0.34129536151885986
0.2417101413011551
0.4469771385192871
0.27611225843429565
0.5345797538757324
0.5086735486984253
0.39309507608413696
0.5675795078277588
0.5786135196685791
0.511250376701355
0.33269113302230835
0.4773743152618408
0.2951650023460388
0.4327199459075928
0.3326205015182495
0.39269566535949707
0.3958577513694763
0.3692602515220642
0.22540737688541412
0.1209728792309761
0.06336162984371185
0.25519007444381714
0.16598394513130188
0.22284241020679474
0.12091927230358124
0.1836426705121994
0.25543510913848877
0.3877137303352356
0.20919360220432281
0.5833050012588501
0.35590046644210815
0.4604737162590027
0.2140158712863922
0.28417256474494934
0.1998932957649231
0.3423665165901184
0.35020679235458374
0.1560957133769989
0.49259763956069946
0.24474970996379852
0.2643749713897705
0.4855468273162842
0.5497398376464844
0.455083966255188
0.5695770978927612
0.39462411403656006
0.14645376801490784
0.12120922654867172
0.2813771367073059
0.33084923028945923
0.25511956214904785
0.4463987946510315
0.46022337675094604
0.35576361417770386
0.4080727696418762
0.5065073370933533
0.4477219581604004
0.18391169607639313
0.25908195972442627
0.26487958431243896
0.49699079990386963
0.4739445447921753
0.12345349788665771
0.4882693290710449
0.29153794050216675
0.6089847683906555
0.48485809564590454
0.2715029716491699
0.4977063536643982
0.2674158215522766
0.27977117896080017
0.26500916481018066
0.23352979123592377
0.185853511095047
0.3728882670402527
0.40652328729629517
0.32066649198532104
0.5170660018920898
0.2092343121767044
0.2351050227880478
0.3361615538597107
0.5157082080841064
0.42158740758895874
0.6277368068695068
0.19324445724487305
0.31230759620666504
0.10548986494541168
0.24701620638370514
0.3641616702079773
0.40486931800842285
0.4913218021392822
0.23433279991149902
0.26583170890808105
0.27539485692977905
0.2848518490791321
0.44642430543899536
0.2479923665523529
0.3361856937408447
0.35255634784698486
0.4328932762145996
0.398367702960968
0.23092582821846008
0.14955252408981323
0.2376480996608734
0.33319246768951416
0.26359713077545166
0.42966657876968384
0.3379003405570984
0.3135562539100647
0.22461405396461487
0.27190256118774414
0.4445565938949585
0.2677105665206909
0.5548503994941711
0.11447496712207794
0.41596144437789917
0.5141490697860718
0.2290823608636856
0.3423507809638977
0.4085546135902405
0.4064052104949951
0.43970364332199097
0.2543061375617981
0.23665280640125275
0.38751858472824097
0.27051830291748047
0.09143741428852081
0.26631608605384827
0.3648226261138916
0.4959281086921692
0.41152918338775635
0.2385365515947342
0.3611670136451721
0.38153380155563354
0.2670837640762329
0.48374778032302856
0.4928153157234192
0.5446518659591675
0.16892120242118835
0.26533985137939453
0.4437257647514343
0.5853309631347656
0.2613452076911926
0.22399085760116577
0.3161960244178772
0.12544670701026917
0.18291480839252472
0.3897593021392822
0.5079534649848938
0.6408512592315674
0.480111300945282
0.40940213203430176
0.2503378391265869
0.2550801932811737
0.2705147862434387
0.14045754075050354
0.5191484093666077
0.2528494596481323
0.22086451947689056
0.5147184133529663
0.42420101165771484
0.3691475987434387
0.4361674189567566
0.16892100870609283
0.5287066698074341
0.4811132550239563
0.3181193470954895
0.18348173797130585
0.617032527923584
0.33609044551849365
0.5007270574569702
0.5164886116981506
0.2890637516975403
0.4574989676475525
0.39558130502700806
0.5003455281257629
0.4233470559120178
0.32174116373062134
0.5854986310005188
0.4447705149650574
0.2756258547306061
0.4698631167411804
0.5084115266799927
0.2257297784090042
0.24690578877925873
0.37682873010635376
0.3972088694572449
0.2784213423728943
0.16407504677772522
0.23264041543006897
0.1921270787715912
0.420224130153656
0.23132623732089996
0.35642921924591064
0.20477932691574097
0.34825217723846436
0.46416330337524414
0.031777892261743546
0.5744041204452515
0.5251160264015198
0.43748700618743896
0.1193152591586113
0.15575546026229858
0.3261236548423767
0.43456268310546875
0.16819801926612854
0.4440043568611145
0.44912540912628174
0.24100510776042938
0.23946605622768402
0.2686176002025604
0.5305469632148743
0.19696573913097382
0.4042958617210388
0.38438481092453003
0.5054046511650085
0.44651132822036743
0.5629594922065735
0.44642406702041626
0.2102392464876175
0.6449880599975586
0.4040534496307373
0.556647777557373
0.41443175077438354
0.39643800258636475
0.2910321354866028
0.5701123476028442
0.2691337466239929
0.11631245911121368
0.38091832399368286
0.44220346212387085
0.5483767986297607
0.2667404115200043
0.32052725553512573
0.3003670573234558
0.4686625599861145
0.14112378656864166
0.200272336602211
0.5557034611701965
0.4506183862686157
0.29736897349357605
0.3252362012863159
0.5241568684577942
0.2279348373413086
0.19859987497329712
0.31675487756729126
0.42384713888168335
0.4176241159439087
0.17656385898590088
0.36309099197387695
0.5330845713615417
0.33915847539901733
0.4800347685813904
0.36548084020614624
0.2986792027950287
0.3893924951553345
0.2803955078125
0.3033266067504883
0.25954335927963257
0.16955864429473877
0.31511127948760986
0.5195396542549133
0.11381492018699646
0.2457960695028305
0.25511616468429565
0.3276386857032776
0.20482231676578522
0.3265243172645569
0.2138071209192276
0.5922030806541443
0.2494310736656189
0.48789894580841064
0.4821382761001587
0.2258545309305191
0.5758533477783203
0.2151641696691513
0.5318512916564941
0.626449704170227
0.41432565450668335
0.3245653510093689
0.20848394930362701
0.2871643304824829
0.17494294047355652
0.2468421757221222
0.43059372901916504
0.3869381546974182
0.4692550301551819
0.3806803226470947
0.4054534435272217
0.39405161142349243
0.3707689046859741
0.19756920635700226
0.17335890233516693
0.08782806247472763
0.5157331824302673
0.5822464227676392
0.5791164040565491
0.39024192094802856
0.4266582727432251
0.6800663471221924
0.4125487208366394
0.32232147455215454
0.3657832145690918
0.22541944682598114
0.47362059354782104
0.21574322879314423
0.25992608070373535
0.38905197381973267
0.4911150336265564
0.4527668356895447
0.1368110179901123
0.36278098821640015
0.575431227684021
0.43892472982406616
0.4535723328590393
0.38304924964904785
0.47854912281036377
0.23761554062366486
0.18251897394657135
0.382041335105896
0.3180873394012451
0.2733275294303894
0.2820971608161926
0.23882587254047394
0.5564996600151062
0.4174075722694397
0.38158607482910156
0.39091628789901733
0.4709542989730835
0.21514025330543518
0.4572567343711853
0.16494262218475342
0.26286348700523376
0.23967771232128143
0.38259875774383545
0.1327771693468094
0.5445838570594788
0.6441643238067627
0.4294722080230713
0.09294472634792328
0.34163910150527954
0.32233643531799316
0.05601074546575546
0.6859154105186462
0.46237051486968994
0.408317506313324
0.3922814726829529
0.23900263011455536
0.16518205404281616
0.43376439809799194
0.31135720014572144
0.48798173666000366
0.3734312057495117
0.09516996890306473
0.43904805183410645
0.22141148149967194
0.255254864692688
0.4702679514884949
0.32183802127838135
0.2945783734321594
0.39414721727371216
0.34658557176589966
0.0784623846411705
0.4491427540779114
0.4009135365486145
0.35916024446487427
0.43523693084716797
0.454831063747406
0.21868012845516205
0.3575001358985901
0.24228550493717194
0.27346980571746826
0.33419495820999146
0.32617199420928955
0.3783723711967468
0.18289361894130707
0.40189892053604126
0.27301260828971863
0.24697397649288177
0.481420636177063
0.2832620143890381
0.2881065607070923
0.4227182865142822
0.18940678238868713
0.5235546231269836
0.17056837677955627
0.3672749400138855
0.5346810221672058
0.12379877269268036
0.432792067527771
0.5221232771873474
0.28747981786727905
0.1978064775466919
0.18464025855064392
0.23156535625457764
0.238459512591362
0.16963571310043335
0.7174493074417114
0.1244874969124794
0.5307126045227051
0.2804633677005768
0.5284163951873779
0.39169710874557495
0.22750957310199738
0.30944323539733887
0.3570115566253662
0.5003296732902527
0.36368560791015625
0.3702586889266968
0.16968636214733124
0.15958915650844574
0.27752935886383057
0.4614955186843872
0.5350236296653748
0.3232273459434509
0.3178122639656067
0.5757865905761719
0.22339196503162384
0.4652003049850464
0.22203879058361053
0.1361868977546692
0.6607564687728882
0.5339148044586182
0.4287113547325134
0.30009931325912476
0.5257068276405334
0.15930309891700745
0.5470994114875793
0.3467221260070801
0.17477403581142426
0.29826754331588745
0.5035004019737244
0.2845405340194702
0.4082067012786865
0.4324083924293518
0.446946382522583
0.4296950101852417
0.2282806783914566
0.23196177184581757
0.3280159831047058
0.7044556140899658
0.172654390335083
0.336816668510437
0.4706026315689087
0.20218344032764435
0.4098855257034302
0.3200567960739136
0.2673247456550598
0.29567980766296387
0.5413030385971069
0.5015632510185242
0.5257365703582764
0.1449076533317566
0.22028933465480804
0.1377314031124115
0.1686142385005951
0.39302676916122437
0.3334716558456421
0.5949505567550659
0.6671241521835327
0.1874551773071289
0.447751522064209
0.15809392929077148
0.10411190986633301
0.4228634834289551
0.2626778185367584
0.45059478282928467
0.2538911700248718
0.14235052466392517
0.4601505994796753
0.14996236562728882
0.600254476070404
0.12124895304441452
0.12273469567298889
0.23061566054821014
0.22603768110275269
0.44430869817733765
0.3995264172554016
0.4021780490875244
0.24478161334991455
0.2017115205526352
0.3802347183227539
0.2766786813735962
0.21971890330314636
0.44159096479415894
0.44274836778640747
0.34956270456314087
0.6004033088684082
0.26789337396621704
0.09650114178657532
0.17171066999435425
0.2180166095495224
0.21722471714019775
0.3631872534751892
0.4238622784614563
0.5696432590484619
0.4711383581161499
0.356231153011322
0.4203808903694153
0.20195598900318146
0.33544039726257324
0.3936079740524292
0.3684154748916626
0.16652518510818481
0.23698429763317108
0.30914437770843506
0.38297492265701294
0.4490587115287781
0.5549046993255615
0.20380285382270813
0.42203450202941895
0.4565619230270386
0.29336363077163696
0.3908277750015259
0.41311246156692505
0.19995535910129547
0.15155386924743652
0.37545865774154663
0.2616247832775116
0.28264182806015015
0.18138886988162994
0.1710643470287323
0.23907577991485596
0.24056491255760193
0.2653275728225708
0.4557425379753113
0.15613390505313873
0.13634762167930603
0.2445407211780548
0.3480861783027649
0.24009142816066742
0.32622331380844116
0.6014608144760132
0.26013511419296265
0.24736519157886505
0.2910061180591583
0.33253347873687744
0.07571891695261002
0.2344236969947815
0.5804636478424072
0.1041933000087738
0.2713773846626282
0.4973886013031006
0.5181999802589417
0.3749696612358093
0.22443296015262604
0.41600745916366577
0.43018847703933716
0.34234875440597534
0.21612946689128876
0.2683996558189392
0.42929303646087646
0.3062356114387512
0.34226590394973755
0.22012841701507568
0.1194029301404953
0.3508376479148865
0.1480456292629242
0.3814678192138672
0.15050998330116272
0.5487152934074402
0.524651050567627
0.32858604192733765
0.26730865240097046
0.23643067479133606
0.26719367504119873
0.30448001623153687
0.6457328796386719
0.5122846961021423
0.20923833549022675
0.25783276557922363
0.4472494125366211
0.47660160064697266
0.19122597575187683
0.22593535482883453
0.4824926257133484
0.1069953441619873
0.4937194585800171
0.37710899114608765
0.5110923647880554
0.13688111305236816
0.21679098904132843
0.2934139370918274
0.5073560476303101
0.1832108050584793
0.16450101137161255
0.6451917886734009
0.5044299960136414
0.24129469692707062
0.511460542678833
0.3332971930503845
0.33022862672805786
0.24700136482715607
0.44511914253234863
0.29186421632766724
0.22792500257492065
0.0963723212480545
0.421741783618927
0.24712122976779938
0.3512166142463684
0.20170584321022034
0.15308547019958496
0.37985658645629883
0.24548958241939545
0.4437764883041382
0.5430121421813965
0.5268878936767578
0.3873775005340576
0.5010901689529419
0.38462942838668823
0.37780332565307617
0.39365440607070923
0.342102587223053
0.3326569199562073
0.7204756736755371
0.24690207839012146
0.39535725116729736
0.3275820016860962
0.28582245111465454
0.2991586923599243
0.10160262882709503
0.12356066703796387
0.2181880921125412
0.5941195487976074
0.550588071346283
0.22117170691490173
0.3477271795272827
0.14196807146072388
0.3010215163230896
0.33663856983184814
0.5984722971916199
0.3003937005996704
0.45966964960098267
0.21430830657482147
0.5577530860900879
0.619234561920166
0.34148943424224854
0.5727775692939758
0.43289220333099365
0.1503637731075287
0.5685415267944336
0.47114431858062744
0.20888184010982513
0.2379862517118454
0.4028143882751465
0.3477938771247864
0.3468659520149231
0.39061492681503296
0.1557515263557434
0.4983500838279724
0.5415892004966736
0.23087583482265472
0.29182666540145874
0.30974340438842773
0.539444625377655
0.5624735951423645
0.3619880676269531
0.5203064680099487
0.2820291221141815
0.20962543785572052
0.18093444406986237
0.5231202244758606
0.5944862365722656
0.20951417088508606
0.32158416509628296
0.15657298266887665
0.33519113063812256
0.45809584856033325
0.604900062084198
0.11131429672241211
0.4324794411659241
0.4148254990577698
0.30169737339019775
0.6103124618530273
0.4991719126701355
0.2996211647987366
0.26092493534088135
0.11424849927425385
0.4725651144981384
0.3732718229293823
0.2619032859802246
0.46988505125045776
0.4017341732978821
0.4299011826515198
0.12606938183307648
0.5018694400787354
0.30210667848587036
0.27663713693618774
0.17402774095535278
0.1430414766073227
0.41560447216033936
0.4033169746398926
0.27148619294166565
0.3304392099380493
0.3585864305496216
0.4715639352798462
0.25279921293258667
0.09426821768283844
0.2514398694038391
0.3213767409324646
0.43144291639328003
0.2410045713186264
0.29702621698379517
0.5222640037536621
0.2892724275588989
0.16145271062850952
0.510054349899292
0.49469852447509766
0.45939797163009644
0.39926570653915405
0.18995988368988037
0.3759576082229614
0.17640449106693268
0.43316638469696045
0.37515950202941895
0.32077860832214355
0.5092073082923889
0.455313503742218
0.38961559534072876
0.6325334310531616
0.5591168403625488
0.44729089736938477
0.23261022567749023
0.20772281289100647
0.2611567974090576
0.27269113063812256
0.3534626364707947
0.45948076248168945
0.3251802325248718
0.056264668703079224
0.21866653859615326
0.2678524851799011
0.5022572875022888
0.42606300115585327
0.5491347908973694
0.34429723024368286
0.34293419122695923
0.41529345512390137
0.3068390488624573
0.21835680305957794
0.3606863021850586
0.22362910211086273
0.15114712715148926
0.46256953477859497
0.3067511320114136
0.38350480794906616
0.17172373831272125
0.1008542999625206
0.5490830540657043
0.3202399015426636
0.448836088180542
0.6229928731918335
0.40134429931640625
0.3677141070365906
0.09718633443117142
0.14976096153259277
0.4023611545562744
0.17530198395252228
0.062154918909072876
0.5080910921096802
0.5024148225784302
0.27217477560043335
0.4016377329826355
0.5842361450195312
0.19758431613445282
0.20336531102657318
0.4841350317001343
0.23415575921535492
0.37853431701660156
0.13027939200401306
0.23639023303985596
0.5534912347793579
0.30275511741638184
0.3900202512741089
0.2609136700630188
0.45362579822540283
0.20175300538539886
0.2643886208534241
0.6797418594360352
0.0996847152709961
0.3489423394203186
0.505966305732727
0.30524760484695435
0.239777609705925
0.1821926385164261
0.3863369822502136
0.48846155405044556
0.40470433235168457
0.1816553920507431
0.18305322527885437
0.36833637952804565
0.18036621809005737
0.30921727418899536
0.23264384269714355
0.46151894330978394
0.4947706460952759
0.27064406871795654
0.4021030068397522
0.22880345582962036
0.30814260244369507
0.2228991687297821
0.3500669002532959
0.2728906273841858
0.5720467567443848
0.5413442850112915
0.4109480381011963
0.31970447301864624
0.4551580548286438
0.3502366542816162
0.34801995754241943
0.34546995162963867
0.44881880283355713
0.24005825817584991
0.40339136123657227
0.15643250942230225
0.4971863627433777
0.58000248670578
0.4011377692222595
0.2929767370223999
0.11121250689029694
0.592312216758728
0.3299558758735657
0.20580245554447174
0.5140490531921387
0.3274679183959961
0.24330931901931763
0.2826405167579651
0.6869405508041382
0.26171791553497314
0.31525641679763794
0.24282659590244293
0.14983975887298584
0.07728111743927002
0.354797899723053
0.2625850439071655
0.3271614909172058
0.4054461121559143
0.32359105348587036
0.33602577447891235
0.3787064552307129
0.45507872104644775
0.262062668800354
0.25613200664520264
0.323692262172699
0.4393640160560608
0.3799857497215271
0.33665502071380615
0.10206630080938339
0.3756774067878723
0.16075827181339264
0.5770949125289917
0.4171854853630066
0.6419081091880798
0.24020551145076752
0.27224600315093994
0.3171841502189636
0.6185992956161499
0.39299023151397705
0.17375065386295319
0.5600484609603882
0.4400430917739868
0.38726913928985596
0.2985689342021942
0.29493945837020874
0.4938928484916687
0.14979788661003113
0.11618266999721527
0.18087442219257355
0.28110212087631226
0.10603497922420502
0.16095151007175446
0.30821579694747925
0.2972854971885681
0.29518672823905945
0.10160395503044128
0.08930009603500366
0.2822028398513794
0.15957000851631165
0.3945077657699585
0.09309516102075577
0.23371419310569763
0.1036413162946701
0.5412065386772156
0.5476391315460205
0.37488853931427
0.3221222162246704
0.2989208698272705
0.23610106110572815
0.4398598074913025
0.38265126943588257
0.28973591327667236
0.5191723704338074
0.29859673976898193
0.5206771492958069
0.2332419604063034
0.2723783850669861
0.16851288080215454
0.4334864020347595
0.24951766431331635
0.5087141394615173
0.4107630252838135
0.2646927237510681
0.5012266635894775
0.21917110681533813
0.19059912860393524
0.3639466166496277
0.6128883957862854
0.2566593289375305
0.304210364818573
0.31647396087646484
0.25388598442077637
0.21186715364456177
0.16807927191257477
0.5961000323295593
0.17741909623146057
0.45509570837020874
0.2094212919473648
0.2470376342535019
0.3102027177810669
0.22575421631336212
0.22599926590919495
0.4075038433074951
0.4473479390144348
0.2753823399543762
0.36727195978164673
0.45177340507507324
0.4756162762641907
0.2773209810256958
0.28877484798431396
0.18927401304244995
0.7332613468170166
0.49766749143600464
0.20022468268871307
0.3900935649871826
0.5103464722633362
0.4382758140563965
0.4533025026321411
0.46931976079940796
0.18387992680072784
0.28751325607299805
0.2773064374923706
0.32703685760498047
0.2791439890861511
0.3643496036529541
0.3663901686668396
0.5577733516693115
0.4302271008491516
0.5102735161781311
0.2704044282436371
0.17118977010250092
0.22870546579360962
0.2539440393447876
0.527571439743042
0.30131977796554565
0.32367271184921265
0.3090013861656189
0.4204721450805664
0.2845919132232666
0.1224934533238411
0.18977609276771545
0.2781921327114105
0.32898974418640137
0.6038104295730591
0.4090433120727539
0.3465157747268677
0.5100554823875427
0.41706210374832153
0.34855592250823975
0.2613053023815155
0.49348312616348267
0.31721335649490356
0.2761300206184387
0.37480098009109497
0.2640785574913025
0.20804403722286224
0.18544840812683105
0.3116910457611084
0.2364547997713089
0.4842751622200012
0.47804075479507446
0.4041898250579834
0.4660325050354004
0.2229977399110794
0.3106362819671631
0.3807072043418884
0.1882273405790329
0.15055465698242188
0.32595294713974
0.40637803077697754
0.21131545305252075
0.23033031821250916
0.44958484172821045
0.5934340953826904
0.25369858741760254
0.24780738353729248
0.6511873602867126
0.5308999419212341
0.29720166325569153
0.3787463903427124
0.5051524043083191
0.3984501361846924
0.3291584253311157
0.48251742124557495
0.25336378812789917
0.44256871938705444
0.1468302607536316
0.5583112239837646
0.339166522026062
0.37091612815856934
0.44792115688323975
0.3575059771537781
0.2707864046096802
0.271380215883255
0.4104008674621582
0.6108421087265015
0.057077109813690186
0.44453394412994385
0.27796220779418945
0.40915411710739136
0.26395702362060547
0.19292743504047394
0.216085746884346
0.13603422045707703
0.48732757568359375
0.2740907669067383
0.17710980772972107
0.31873178482055664
0.23989258706569672
0.13639935851097107
0.3743353486061096
0.08903272449970245
0.14988934993743896
0.18795304000377655
0.19242516160011292
0.19137054681777954
0.2499626725912094
0.304237425327301
0.4781191945075989
0.5144342184066772
0.505804717540741
0.2365570366382599
0.19505919516086578
0.2603127360343933
0.6401094794273376
0.39499855041503906
0.5786874890327454
0.4148824214935303
0.5736531615257263
0.4632025957107544
0.28404057025909424
0.5598442554473877
0.21097321808338165
0.15530312061309814
0.424974262714386
0.3315598964691162
0.3896470069885254
0.19092245399951935
0.48814326524734497
0.4471142888069153
0.3904345631599426
0.5535740852355957
0.6075581908226013
0.6976267099380493
0.35363245010375977
0.29657837748527527
0.3926991820335388
0.532867431640625
0.44495612382888794
0.47713208198547363
0.5233069658279419
0.5296991467475891
0.2700777053833008
0.21306534111499786
0.3177264332771301
0.2651658058166504
0.43141937255859375
0.3273686170578003
0.19614644348621368
0.09542226046323776
0.19028209149837494
0.41609352827072144
0.26859167218208313
0.3265761733055115
0.22737203538417816
0.4057880640029907
0.39679157733917236
0.25113552808761597
0.2124020904302597
0.2585284113883972
0.2673552632331848
0.575166642665863
0.17931032180786133
0.416459321975708
0.30876749753952026
0.32866227626800537
0.38791000843048096
0.5076634883880615
0.35621678829193115
0.19008801877498627
0.21875421702861786
0.3825141191482544
0.22564001381397247
0.5735583901405334
0.3960345387458801
0.3984697461128235
0.4113757014274597
0.35649776458740234
0.5316720604896545
0.35773009061813354
0.35125964879989624
0.5005627870559692
0.14861440658569336
0.38915348052978516
0.4049432873725891
0.21201162040233612
0.21080882847309113
0.5334910154342651
0.2547280788421631
0.5219311118125916
0.5524969696998596
0.4831758737564087
0.2452167123556137
0.1762528121471405
0.11843501031398773
0.15987715125083923
0.3536238670349121
0.27349454164505005
0.5528600811958313
0.21608670055866241
0.30000001192092896
0.24921996891498566
0.2646925449371338
0.2914647161960602
0.3557208776473999
0.3285735845565796
0.4479157328605652
0.4982708692550659
0.46014946699142456
0.2763025164604187
0.48582059144973755
0.6465373039245605
0.5616223812103271
0.35116446018218994
0.24084343016147614
0.2814531922340393
0.24765390157699585
0.3474702835083008
0.2296518236398697
0.5208739638328552
0.1896679550409317
0.24168722331523895
0.22599010169506073
0.3551290035247803
0.3357940912246704
0.22223739326000214
0.4574583172798157
0.44971710443496704
0.21421916782855988
0.19100791215896606
0.18734712898731232
0.2983567714691162
0.4738089442253113
0.34038305282592773
0.4066123962402344
0.5953747034072876
0.23266583681106567
0.4239233136177063
0.27280193567276
0.3251505494117737
0.38919293880462646
0.29328441619873047
0.23371531069278717
0.47150981426239014
0.20202907919883728
0.36339032649993896
0.5720662474632263
0.3164210319519043
0.30630236864089966
0.5535691976547241
0.2563614249229431
0.2775036692619324
0.4245340824127197
0.3960809111595154
0.21846126019954681
0.23830430209636688
0.30408143997192383
0.3241080045700073
0.6187692880630493
0.12562909722328186
0.46147072315216064
0.3232375383377075
0.23409079015254974
0.2237108200788498
0.33134645223617554
0.2984611988067627
0.3844166398048401
0.16594626009464264
0.5447400808334351
0.10885722935199738
0.3316890597343445
0.36437439918518066
0.2904827892780304
0.40330445766448975
0.40180277824401855
0.5496715307235718
0.3828730583190918
0.20971055328845978
0.37105482816696167
0.5845180749893188
0.3146100640296936
0.6318416595458984
0.21326233446598053
0.3872583508491516
0.25423574447631836
0.3975062966346741
0.11341609805822372
0.5858244299888611
0.1877640038728714
0.5316694974899292
0.5734582543373108
0.3532322645187378
0.35525864362716675
0.26604482531547546
0.10883601754903793
0.39976853132247925
0.30261898040771484
0.31922340393066406
0.1394120454788208
0.3852141499519348
0.41678303480148315
0.5071918368339539
0.23785236477851868
0.323030948638916
0.2881908714771271
0.3915724754333496
0.38471710681915283
0.2706300914287567
0.13168662786483765
0.22237901389598846
0.15275731682777405
0.2057185173034668
0.41885799169540405
0.27325159311294556
0.4457591772079468
0.3347805142402649
0.19276852905750275
0.4897856116294861
0.3975690007209778
0.4326098561286926
0.19181188941001892
0.4288921356201172
0.5178128480911255
0.3788946866989136
0.16364896297454834
0.11367008090019226
0.5777357220649719
0.24640534818172455
0.20665140450000763
0.4036948084831238
0.5197857022285461
0.4639449715614319
0.20675577223300934
0.2933993935585022
0.3271191120147705
0.5144346952438354
0.46274471282958984
0.3179624676704407
0.224558025598526
0.17231138050556183
0.3235679268836975
0.25961488485336304
0.29534709453582764
0.5864521861076355
0.3555315136909485
0.4494307041168213
0.3670864701271057
0.30763936042785645
0.45083916187286377
0.22295883297920227
0.30372709035873413
0.12687914073467255
0.48015910387039185
0.3593752384185791
0.5855052471160889
0.13462525606155396
0.2720482349395752
0.2682688534259796
0.09544477611780167
0.3951408267021179
0.3231908679008484
0.33686500787734985
0.3568086624145508
0.244859978556633
0.3213392496109009
0.32574671506881714
0.4418833255767822
0.29950150847435
0.2961450219154358
0.16978897154331207
0.3396584987640381
0.467934250831604
0.47611331939697266
0.2264697104692459
0.33323097229003906
0.49907881021499634
0.32156312465667725
0.2595703601837158
0.38750165700912476
0.6259877681732178
0.24863603711128235
0.5134381651878357
0.690135657787323
0.1999129056930542
0.25328195095062256
0.39967334270477295
0.1297539323568344
0.5184064507484436
0.17737364768981934
0.42094480991363525
0.37584686279296875
0.12114585936069489
0.19543509185314178
0.24496939778327942
0.34085309505462646
0.23629672825336456
0.1851487010717392
0.208580881357193
0.552220344543457
0.3442937135696411
0.48326534032821655
0.16800956428050995
0.39023929834365845
0.3039783835411072
0.47519510984420776
0.2985857129096985
0.5339072942733765
0.5167809128761292
0.306462824344635
0.1538315713405609
0.1536414623260498
0.26426491141319275
0.13307230174541473
0.22918425500392914
0.24194103479385376
0.4328858256340027
0.5826109051704407
0.4641922116279602
0.2989746332168579
0.40983837842941284
0.23736189305782318
0.10404723882675171
0.2969503402709961
0.43351078033447266
0.17703132331371307
0.30905580520629883
0.3759087324142456
0.2101559340953827
0.2092386931180954
0.11630095541477203
0.25134456157684326
0.11004301905632019
0.4591144323348999
0.17089341580867767
0.23583374917507172
0.47567588090896606
0.3516773581504822
0.5648876428604126
0.08577832579612732
0.523049533367157
0.3252350091934204
0.5234109163284302
0.4614139795303345
0.33119475841522217
0.11508077383041382
0.5053697824478149
0.6374884247779846
0.32324737310409546
0.16960138082504272
0.29406440258026123
0.1819058656692505
0.45333170890808105
0.19879449903964996
0.10823411494493484
0.29209429025650024
0.4548543095588684
0.12492401897907257
0.2737444043159485
0.27434802055358887
0.3218035101890564
0.1995987594127655
0.2173786461353302
0.25719118118286133
0.1943969577550888
0.27599430084228516
0.5246536135673523
0.4004671573638916
0.3419229984283447
0.3203487992286682
0.3090808391571045
0.32205456495285034
0.22524207830429077
0.21599984169006348
0.21191908419132233
0.422953724861145
0.4237590432167053
0.2277260720729828
0.27883750200271606
0.10686191916465759
0.38836365938186646
0.6394661664962769
0.562812328338623
0.26464295387268066
0.21751990914344788
0.1564536690711975
0.3427315950393677
0.2307554930448532
0.4957699179649353
0.4748307466506958
0.49233436584472656
0.5097277760505676
0.44362062215805054
0.5225107669830322
0.22261296212673187
0.1810102015733719
0.5732625722885132
0.1511591374874115
0.3633568286895752
0.24214915931224823
0.40786439180374146
0.3828277587890625
0.4620967507362366
0.458548903465271
0.2362203299999237
0.31508868932724
0.5675108432769775
0.3027417063713074
0.5974754691123962
0.34205371141433716
0.15222352743148804
0.44871044158935547
0.18092404305934906
0.1899966150522232
0.32796889543533325
0.5820834636688232
0.09769722819328308
0.21742017567157745
0.24954216182231903
0.13149265944957733
0.603782594203949
0.5835615992546082
0.5716061592102051
0.3029288053512573
0.47277510166168213
0.21964304149150848
0.33766084909439087
0.2651030421257019
0.26265066862106323
0.20553410053253174
0.6262623071670532
0.3390403389930725
0.42772865295410156
0.3964393138885498
0.4496232867240906
0.6390249729156494
0.28555235266685486
0.364726185798645
0.2118852287530899
0.24746820330619812
0.3288029432296753
0.3064725399017334
0.526380717754364
0.1768161505460739
0.4954149127006531
0.1348884105682373
0.5277110934257507
0.6092392802238464
0.43135344982147217
0.4842637777328491
0.5351423621177673
0.40057897567749023
0.19326631724834442
0.10339601337909698
0.46759486198425293
0.19388148188591003
0.3999530076980591
0.4776145815849304
0.4739174246788025
0.3084942698478699
0.20785801112651825
0.23818792402744293
0.4156014323234558
0.5812277793884277
0.7350744605064392
0.12986873090267181
0.21611471474170685
0.44651252031326294
0.21137481927871704
0.16951382160186768
0.5915331840515137
0.2247488796710968
0.45027679204940796
0.20460151135921478
0.3987106680870056
0.39854925870895386
0.3292016386985779
0.2601487636566162
0.4286821484565735
0.31283193826675415
0.4822789430618286
0.514319896697998
0.15426626801490784
0.2955700755119324
0.38339632749557495
0.46535390615463257
0.15691423416137695
0.42589515447616577
0.6356439590454102
0.22517217695713043
0.4954109787940979
0.5751503705978394
0.5324081182479858
0.29326775670051575
0.5246406197547913
0.5570979118347168
0.380622923374176
0.4490329623222351
0.29453951120376587
0.42257827520370483
0.19358719885349274
0.2273952215909958
0.3328852653503418
0.46066099405288696
0.4884853959083557
0.17680364847183228
0.402934193611145
0.25885695219039917
0.3407454490661621
0.30796104669570923
0.3649929165840149
0.46504390239715576
0.15326851606369019
0.46978944540023804
0.4091031551361084
0.1577356904745102
0.18354514241218567
0.45885056257247925
0.329673707485199
0.28989946842193604
0.17241951823234558
0.21252024173736572
0.1870575100183487
0.3633893132209778
0.31913048028945923
0.16399680078029633
0.1885875016450882
0.502830445766449
0.27013882994651794
0.19863952696323395
0.24207952618598938
0.199660062789917
0.43597131967544556
0.4403342604637146
0.44003695249557495
0.26105576753616333
0.22621482610702515
0.44418615102767944
0.2439708560705185
0.3675735592842102
0.24491120874881744
0.19646266102790833
0.3370192050933838
0.4202687740325928
0.6820024251937866
0.19157204031944275
0.37053561210632324
0.17890751361846924
0.38829392194747925
0.43960702419281006
0.27137142419815063
0.4055912494659424
0.529950737953186
0.2889257073402405
0.5883859992027283
0.4382471442222595
0.2771095335483551
0.5207808017730713
0.48064154386520386
0.42486923933029175
0.24256347119808197
0.24061964452266693
0.3900664448738098
0.3560621738433838
0.49744367599487305
0.2585268020629883
0.37415415048599243
0.3670814633369446
0.5595389008522034
0.22807402908802032
0.5293369889259338
0.19941194355487823
0.4787614345550537
0.19951887428760529
0.27775195240974426
0.30996012687683105
0.2882542610168457
0.3120681643486023
0.39669740200042725
0.46970075368881226
0.36137521266937256
0.48943281173706055
0.4131038784980774
0.3867053985595703
0.25767195224761963
0.17174729704856873
0.1758527159690857
0.19030310213565826
0.30506426095962524
0.38832759857177734
0.26898130774497986
0.226384237408638
0.22315411269664764
0.272246778011322
0.17743425071239471
0.4284430742263794
0.32607150077819824
0.6545246839523315
0.21792028844356537
0.5356853008270264
0.20900855958461761
0.213882178068161
0.28808844089508057
0.2047872394323349
0.14099599421024323
0.15013815462589264
0.20058751106262207
0.4528316259384155
0.4013184905052185
0.6113264560699463
0.3900766968727112
0.5666512250900269
0.10988593101501465
0.26724034547805786
0.17813266813755035
0.29385650157928467
0.42080819606781006
0.16955731809139252
0.5000346899032593
0.38546502590179443
0.1931685209274292
0.19717438519001007
0.23943333327770233
0.35828906297683716
0.32771962881088257
0.42714953422546387
0.11360368877649307
0.2668616771697998
0.4561809301376343
0.29505300521850586
0.25488966703414917
0.16747260093688965
0.1609678566455841
0.35188037157058716
0.1932370513677597
0.14546042680740356
0.24268819391727448
0.44071537256240845
0.4473336935043335
0.26476141810417175
0.5563470125198364
0.38349002599716187
0.37840819358825684
0.41236215829849243
0.2685742974281311
0.4259950518608093
0.42561542987823486
0.2599495053291321
0.24623338878154755
0.4213593602180481
0.4524425268173218
0.07977066934108734
0.2921288013458252
0.2899191379547119
0.5132431983947754
0.2484336495399475
0.11221794784069061
0.2675071060657501
0.36863839626312256
0.42611777782440186
0.38758575916290283
0.40881603956222534
0.12325933575630188
0.16769149899482727
0.3756904602050781
0.4521597623825073
0.3690227270126343
0.2237761914730072
0.47230106592178345
0.22955326735973358
0.34488368034362793
0.16375210881233215
0.5137096643447876
0.4445077180862427
0.4565057158470154
0.4172137379646301
0.27428925037384033
0.34781694412231445
0.3774074912071228
0.3489309549331665
0.5079907774925232
0.10822027921676636
0.4613867402076721
0.4505293369293213
0.484536349773407
0.1658281832933426
0.3474782109260559
0.24137036502361298
0.44673365354537964
0.4462146759033203
0.24187736213207245
0.4584839940071106
0.3323274254798889
0.2720041871070862
0.36072343587875366
0.26768356561660767
0.5780143141746521
0.19279350340366364
0.1361730694770813
0.3040298819541931
0.30685120820999146
0.12336643040180206
0.3874720335006714
0.2247055619955063
0.49299001693725586
0.4423298239707947
0.4588935375213623
0.5563540458679199
0.4106789231300354
0.3918856382369995
0.20894604921340942
0.31713759899139404
0.3230031132698059
0.31165075302124023
0.3163759708404541
0.3051164150238037
0.2621578574180603
0.2718578577041626
0.16773176193237305
0.29699599742889404
0.5345546007156372
0.43115854263305664
0.3308795690536499
0.18788431584835052
0.22356118261814117
0.35352522134780884
0.22286270558834076
0.353765606880188
0.08638843894004822
0.4171574115753174
0.23236201703548431
0.4536527395248413
0.1441691517829895
0.28505539894104004
0.23492172360420227
0.4824898838996887
0.45558077096939087
0.5552035570144653
0.5643630027770996
0.3947943449020386
0.21586506068706512
0.42299091815948486
0.5129492878913879
0.2298772931098938
0.5707300901412964
0.37297457456588745
0.5733782649040222
0.24670514464378357
0.5106046199798584
0.44027143716812134
0.20957453548908234
0.38492268323898315
0.13066446781158447
0.15735463798046112
0.24203549325466156
0.2187529355287552
0.25679609179496765
0.45041990280151367
0.41858071088790894
0.25078296661376953
0.24848954379558563
0.5447473526000977
0.3274279832839966
0.5341365933418274
0.45083189010620117
0.12506011128425598
0.36770766973495483
0.171924889087677
0.27475038170814514
0.19774357974529266
0.23021231591701508
0.30900096893310547
0.5099144577980042
0.325900673866272
0.31790560483932495
0.22925375401973724
0.3943641781806946
0.18025995790958405
0.5591452121734619
0.3968847990036011
0.28411418199539185
0.5597614645957947
0.5405901074409485
0.28817978501319885
0.48731786012649536
0.27366745471954346
0.12417247891426086
0.2156432867050171
0.2407967746257782
0.3139510750770569
0.458207905292511
0.49227482080459595
0.5022768378257751
0.44630730152130127
0.4304085969924927
0.4642120599746704
0.23032045364379883
0.26048335433006287
0.2288558930158615
0.23795507848262787
0.26355457305908203
0.6549571752548218
0.1461111605167389
0.31665170192718506
0.149704247713089
0.1962173879146576
0.3665415048599243
0.18722857534885406
0.5595294237136841
0.4140318036079407
0.567463755607605
0.2635428309440613
0.3549814820289612
0.2156006395816803
0.3789743185043335
0.21340669691562653
0.27073580026626587
0.23745223879814148
0.39343929290771484
0.35013365745544434
0.29232996702194214
0.5251501202583313
0.3697521686553955
0.6153460741043091
0.497769296169281
0.5262766480445862
0.461154580116272
0.269033819437027
0.41909098625183105
0.23223121464252472
0.1324322372674942
0.23562170565128326
0.17429503798484802
0.5039880275726318
0.34939348697662354
0.3838762640953064
0.365544855594635
0.4929085969924927
0.383137583732605
0.3584910035133362
0.42732948064804077
0.40346401929855347
0.3255773186683655
0.4550543427467346
0.530265212059021
0.26730063557624817
0.23927398025989532
0.23264442384243011
0.16965940594673157
0.36906957626342773
0.24577106535434723
0.4867854118347168
0.44273465871810913
0.6415907144546509
0.6314519643783569
0.2217654138803482
0.328734815120697
0.162546306848526
0.5782146453857422
0.47670048475265503
0.30536675453186035
0.3662976622581482
0.4451436996459961
0.17250797152519226
0.5324289798736572
0.5549759864807129
0.20930321514606476
0.16176080703735352
0.22598622739315033
0.22117982804775238
0.25031089782714844
0.4246373176574707
0.47739291191101074
0.40730732679367065
0.3210180997848511
0.1074528843164444
0.2821972370147705
0.12587270140647888
0.46573877334594727
0.27062511444091797
0.34597349166870117
0.38314956426620483
0.5423972606658936
0.2973393201828003
0.5154650807380676
0.34199094772338867
0.2404107302427292
0.20581097900867462
0.25209224224090576
0.4529028534889221
0.2615985870361328
0.15534014999866486
0.37724971771240234
0.21096132695674896
0.527911901473999
0.5044688582420349
0.21901865303516388
0.32688653469085693
0.14735613763332367
0.5699275732040405
0.4158356785774231
0.17101715505123138
0.21380405128002167
0.2961617708206177
0.403720498085022
0.3568583130836487
0.18584947288036346
0.33536994457244873
0.5548789501190186
0.3994901776313782
0.3137246370315552
0.19772903621196747
0.36264216899871826
0.13617201149463654
0.2998114824295044
0.2194618135690689
0.5513978004455566
0.22818221151828766
0.5333929061889648
0.33707940578460693
0.2857356369495392
0.5291489362716675
0.17888449132442474
0.17744912207126617
0.4060916304588318
0.5330597758293152
0.24216990172863007
0.27462437748908997
0.48057442903518677
0.29531702399253845
0.3137921094894409
0.3147585988044739
0.10723459720611572
0.4891049861907959
0.2737671732902527
0.24234913289546967
0.5298498868942261
0.35324305295944214
0.22710439562797546
0.46119290590286255
0.2519076466560364
0.2989557087421417
0.21586908400058746
0.23025988042354584
0.14386135339736938
0.48313766717910767
0.5405669808387756
0.33895355463027954
0.5805398225784302
0.09884999692440033
0.2653807997703552
0.21751458942890167
0.3535391688346863
0.6833899617195129
0.5226461291313171
0.4961196780204773
0.26739877462387085
0.3119063377380371
0.23440326750278473
0.2802765369415283
0.5971532464027405
0.21965254843235016
0.6306673288345337
0.10690195858478546
0.3589895963668823
0.6340311765670776
0.2207631766796112
0.459611177444458
0.29601025581359863
0.19114141166210175
0.5128734707832336
0.3385630249977112
0.4118524193763733
0.11976975947618484
0.5972294211387634
0.23988205194473267
0.3579055666923523
0.45375514030456543
0.31366539001464844
0.42348939180374146
0.35842519998550415
0.38784146308898926
0.25856542587280273
0.3097485303878784
0.5308418273925781
0.45291709899902344
0.5588631629943848
0.4210519790649414
0.29361486434936523
0.4355594515800476
0.28383201360702515
0.4223853349685669
0.32770228385925293
0.32769685983657837
0.1649947464466095
0.163496732711792
0.5719337463378906
0.30616289377212524
0.12597520649433136
0.13864031434059143
0.4663538932800293
0.21124759316444397
0.10691088438034058
0.20028750598430634
0.13694922626018524
0.27888229489326477
0.2585955858230591
0.5970167517662048
0.4325512647628784
0.5229231715202332
0.6357610821723938
0.2283363789319992
0.623536229133606
0.468614399433136
0.4196815490722656
0.4001317024230957
0.559822142124176
0.2015937715768814
0.07871904224157333
0.0462329164147377
0.40536051988601685
0.19172514975070953
0.48346203565597534
0.19393286108970642
0.4452531933784485
0.5898271799087524
0.4981120824813843
0.47557389736175537
0.7067465782165527
0.1986255794763565
0.16589343547821045
0.2753431797027588
0.1720777451992035
0.3733932375907898
0.16462142765522003
0.49408912658691406
0.15105924010276794
0.19377054274082184
0.2114102989435196
0.33853691816329956
0.41877883672714233
0.5016334056854248
0.326430082321167
0.26056796312332153
0.4000157117843628
0.48184388875961304
0.2997601628303528
0.6928254961967468
0.175331711769104
0.18846946954727173
0.2653084099292755
0.44744330644607544
0.5374941229820251
0.2723768353462219
0.3270156979560852
0.3754039406776428
0.44896209239959717
0.3299574851989746
0.5330402851104736
0.4473705291748047
0.5216200947761536
0.4034806489944458
0.18730606138706207
0.24689170718193054
0.5396443605422974
0.2635456621646881
0.36845922470092773
0.5406298041343689
0.5458862781524658
0.29674381017684937
0.4684261679649353
0.38162392377853394
0.4151152968406677
0.2503027021884918
0.4508647918701172
0.14879615604877472
0.3420525789260864
0.4615364074707031
0.17466580867767334
0.40780144929885864
0.3798982501029968
0.26723623275756836
0.4088975787162781
0.3772849440574646
0.4892629384994507
0.4634284973144531
0.22693121433258057
0.15104790031909943
0.40750062465667725
0.3645777106285095
0.3969436287879944
0.46390026807785034
0.19732517004013062
0.2968144416809082
0.3162704110145569
0.22988148033618927
0.2454536259174347
0.30391961336135864
0.30478501319885254
0.20078273117542267
0.3629385828971863
0.20018252730369568
0.4179803133010864
0.5040788054466248
0.23130293190479279
0.17970384657382965
0.16563384234905243
0.2316104918718338
0.471394419670105
0.3235868215560913
0.3205735683441162
0.43103671073913574
0.19918136298656464
0.41523897647857666
0.44932037591934204
0.572288990020752
0.38492345809936523
0.4484940767288208
0.28498324751853943
0.5707831382751465
0.5224118828773499
0.5579950213432312
0.5039412975311279
0.26271888613700867
0.41809219121932983
0.2871801257133484
0.4671461582183838
0.4049907326698303
0.32727736234664917
0.31776612997055054
0.19988209009170532
0.5479327440261841
0.5260932445526123
0.3174194097518921
0.17397920787334442
0.2708801031112671
0.26795023679733276
0.37659114599227905
0.3879399299621582
0.5820096731185913
0.2163415104150772
0.5667117834091187
0.23239922523498535
0.3136594891548157
0.13431015610694885
0.2637880742549896
0.3620292544364929
0.5869306325912476
0.4877747893333435
0.47048866748809814
0.30748021602630615
0.24263186752796173
0.18157847225666046
0.142656147480011
0.5908493995666504
0.3383219838142395
0.1794973909854889
0.5857124328613281
0.2793464660644531
0.18123172223567963
0.3704182505607605
0.36099499464035034
0.10317812860012054
0.35598909854888916
0.5381730794906616
0.38366198539733887
0.18630798161029816
0.25971299409866333
0.48534393310546875
0.2824573814868927
0.33225125074386597
0.20844346284866333
0.3677082061767578
0.10877817869186401
0.39250385761260986
0.20298795402050018
0.47338223457336426
0.34018194675445557
0.5272560119628906
0.3219414949417114
0.16135606169700623
0.27341771125793457
0.47930359840393066
0.32999223470687866
0.10316742211580276
0.2498507797718048
0.25826844573020935
0.2740354835987091
0.6083316802978516
0.6103396415710449
0.27463656663894653
0.4186097979545593
0.297677606344223
0.37672239542007446
0.3127014636993408
0.25800788402557373
0.5899674296379089
0.13002005219459534
0.6767603754997253
0.3126717209815979
0.2674674391746521
0.2460920214653015
0.27727895975112915
0.20522283017635345
0.6617175340652466
0.3737611174583435
0.09812992066144943
0.45492464303970337
0.14394599199295044
0.17781321704387665
0.40336692333221436
0.446699857711792
0.2111920565366745
0.1168207898736
0.46964287757873535
0.591301679611206
0.45982837677001953
0.4778573513031006
0.4134548306465149
0.47933000326156616
0.4028090238571167
0.436820924282074
0.41408705711364746
0.40904444456100464
0.6419911980628967
0.17327071726322174
0.33310210704803467
0.389858603477478
0.1905195415019989
0.33196961879730225
0.5074515342712402
0.27357128262519836
0.254253625869751
0.2332174926996231
0.12238600105047226
0.2913687229156494
0.3753669261932373
0.7165175676345825
0.36231285333633423
0.3048638701438904
0.5464812517166138
0.507415771484375
0.23133590817451477
0.5289186835289001
0.4222741723060608
0.3351237177848816
0.1614881306886673
0.32674068212509155
0.2597499489784241
0.44182074069976807
0.29101359844207764
0.41717541217803955
0.11343204230070114
0.17123426496982574
0.4849570393562317
0.2623194456100464
0.318602979183197
0.5039240121841431
0.3359697461128235
0.24921776354312897
0.28890204429626465
0.33542007207870483
0.16360275447368622
0.47515684366226196
0.11268617957830429
0.2059432715177536
0.18124818801879883
0.3905791640281677
0.20289544761180878
0.09945031255483627
0.45514190196990967
0.1964634507894516
0.28853029012680054
0.22601205110549927
0.34625905752182007
0.46191704273223877
0.20124420523643494
0.27059733867645264
0.5624231100082397
0.4588443636894226
0.46579259634017944
0.23628343641757965
0.13727040588855743
0.4661867618560791
0.43566185235977173
0.48589885234832764
0.48541396856307983
0.29696816205978394
0.5516325235366821
0.31524938344955444
0.17647120356559753
0.4876058101654053
0.40775829553604126
0.39994490146636963
0.33983099460601807
0.2610431909561157
0.3354116678237915
0.12127338349819183
0.5459088683128357
0.5371862649917603
0.351215124130249
0.30319511890411377
0.21042048931121826
0.4704437851905823
0.5144059062004089
0.3562459349632263
0.4963327646255493
0.12530624866485596
0.45867669582366943
0.22623981535434723
0.36137956380844116
0.36627888679504395
0.3123930096626282
0.13149148225784302
0.22602485120296478
0.3155673146247864
0.2857874631881714
0.2853914499282837
0.4408118724822998
0.505066454410553
0.5507756471633911
0.5034395456314087
0.3534165024757385
0.3897706866264343
0.25803691148757935
0.4103596806526184
0.3642619848251343
0.5124731063842773
0.309113085269928
0.2309962958097458
0.23714260756969452
0.3707481026649475
0.27081161737442017
0.46933847665786743
0.1716243326663971
0.21160069108009338
0.5963863134384155
0.5599424839019775
0.7044570446014404
0.43237030506134033
0.1892535388469696
0.2530227303504944
0.5877665281295776
0.15539970993995667
0.3245663046836853
0.27904319763183594
0.2790287137031555
0.35985201597213745
0.23146842420101166
0.3057410717010498
0.5134652256965637
0.23521555960178375
0.2889546751976013
0.24174274504184723
0.4622834324836731
0.5099332332611084
0.3409479260444641
0.26952046155929565
0.17698463797569275
0.23526887595653534
0.6868656873703003
0.2503640055656433
0.16863374412059784
0.35864776372909546
0.15547814965248108
0.3062414526939392
0.40689224004745483
0.21458762884140015
0.296319842338562
0.3841612935066223
0.22601661086082458
0.4832066297531128
0.47823768854141235
0.21904109418392181
0.20114465057849884
0.38624006509780884
0.2674124836921692
0.4496808648109436
0.19587622582912445
0.41850507259368896
0.2783658504486084
0.486253023147583
0.2330102175474167
0.1492536962032318
0.20794199407100677
0.3700926899909973
0.40404993295669556
0.27910274267196655
0.20569707453250885
0.48097795248031616
0.4456459879875183
0.32278287410736084
0.4623571038246155
0.27804458141326904
0.3365221619606018
0.1799805611371994
0.3869551420211792
0.43520742654800415
0.1615474671125412
0.34152787923812866
0.1870652437210083
0.5177904367446899
0.4535457491874695
0.5289743542671204
0.36331063508987427
0.23409177362918854
0.5180355310440063
0.40771394968032837
0.34831035137176514
0.111613929271698
0.1334618777036667
0.13921019434928894
0.5225008726119995
0.36644285917282104
0.37942343950271606
0.12392131984233856
0.2100420892238617
0.12149439752101898
0.6133274435997009
0.4399679899215698
0.35768890380859375
0.1474343240261078
0.3581189513206482
0.31537866592407227
0.3379392623901367
0.3032267689704895
0.29342788457870483
0.4811069369316101
0.5606682896614075
0.226157084107399
0.12753601372241974
0.28878721594810486
0.624504029750824
0.30492228269577026
0.2161397486925125
0.5743424892425537
0.1522020697593689
0.18572744727134705
0.38424980640411377
0.3166400194168091
0.20507080852985382
0.48665982484817505
0.3610803484916687
0.1905219703912735
0.26364201307296753
0.31694263219833374
0.23566006124019623
0.49115216732025146
0.36784183979034424
0.30906617641448975
0.1411726474761963
0.2716880440711975
0.45676958560943604
0.2996232509613037
0.1972249299287796
0.2196824550628662
0.11876753717660904
0.3420979976654053
0.3353150486946106
0.4073532819747925
0.17095422744750977
0.5233331918716431
0.33319735527038574
0.4759957194328308
0.555953860282898
0.2091582864522934
0.16942928731441498
0.3639450669288635
0.2579832077026367
0.298251748085022
0.4109017848968506
0.12933632731437683
0.39852380752563477
0.3018644452095032
0.3633726239204407
0.494584858417511
0.36698782444000244
0.3591553568840027
0.39936476945877075
0.17955295741558075
0.269023060798645
0.23050762712955475
0.2069542407989502
0.19174686074256897
0.24487847089767456
0.3233785033226013
0.35151201486587524
0.21243779361248016
0.3743991255760193
0.10629110038280487
0.5043976902961731
0.46484702825546265
0.46416175365448
0.15428602695465088
0.3608579635620117
0.49430549144744873
0.33798748254776
0.11716446280479431
0.2891349792480469
0.062454428523778915
0.2564713954925537
0.4150362014770508
0.4695199131965637
0.32227593660354614
0.2785490155220032
0.634307861328125
0.10609318315982819
0.48490214347839355
0.24134984612464905
0.3297984004020691
0.456035852432251
0.405495822429657
0.22672292590141296
0.17876087129116058
0.18361355364322662
0.21271975338459015
0.3588467240333557
0.45569586753845215
0.38800251483917236
0.24688665568828583
0.39885956048965454
0.30982083082199097
0.2744610905647278
0.5345200896263123
0.13767889142036438
0.23483432829380035
0.3770090937614441
0.14259222149848938
0.1908649206161499
0.4000532627105713
0.38036632537841797
0.4795420169830322
0.38279110193252563
0.40322554111480713
0.4008733034133911
0.39895451068878174
0.13215163350105286
0.49176543951034546
0.12010028213262558
0.2278292179107666
0.21383582055568695
0.21977336704730988
0.24039073288440704
0.4829416871070862
0.3145707845687866
0.5345861315727234
0.14430540800094604
0.4551194906234741
0.5065173506736755
0.38426607847213745
0.404064416885376
0.3748869299888611
0.2166210561990738
0.4066110849380493
0.4850016236305237
0.2993963360786438
0.1909300684928894
0.4653061628341675
0.4516826868057251
0.30739259719848633
0.3319958448410034
0.2987833023071289
0.31672120094299316
0.12101440131664276
0.33503246307373047
0.31485772132873535
0.462152898311615
0.20354215800762177
0.5591697096824646
0.31500059366226196
0.3448089361190796
0.20303656160831451
0.255373477935791
0.5753272771835327
0.4050214886665344
0.274081826210022
0.4680621027946472
0.38300609588623047
0.3428289294242859
0.3334736227989197
0.13142746686935425
0.23078599572181702
0.23133742809295654
0.2915395498275757
0.21349705755710602
0.1378575563430786
0.4177541732788086
0.22678469121456146
0.18834759294986725
0.4789767861366272
0.5221512913703918
0.05986123904585838
0.2852689027786255
0.5885112285614014
0.1401648223400116
0.33026397228240967
0.34425121545791626
0.37205082178115845
0.18875080347061157
0.5221070647239685
0.34330761432647705
0.39090079069137573
0.23042292892932892
0.1615528166294098
0.22321711480617523
0.1418585479259491
0.2932647466659546
0.4323897361755371
0.45671546459198
0.40039610862731934
0.22201283276081085
0.1300138533115387
0.21417878568172455
0.5546734929084778
0.38553619384765625
0.39524686336517334
0.44337010383605957
0.524757444858551
0.1658441424369812
0.3739085793495178
0.2311054766178131
0.3188967704772949
0.3888334631919861
0.09205269813537598
0.23329363763332367
0.3344106078147888
0.2987670302391052
0.17437973618507385
0.2800455093383789
0.2665007710456848
0.5314024090766907
0.20064939558506012
0.33517396450042725
0.6097343564033508
0.4464872479438782
0.2971046268939972
0.5803911685943604
0.17743663489818573
0.26944777369499207
0.4665102958679199
0.510731041431427
0.43218737840652466
0.42029309272766113
0.26426759362220764
0.20229820907115936
0.337791383266449
0.23356540501117706
0.4057497978210449
0.6355851888656616
0.5014315247535706
0.10329190641641617
0.29232603311538696
0.6016998291015625
0.1833319067955017
0.18646664917469025
0.48793524503707886
0.29882344603538513
0.42192745208740234
0.15552563965320587
0.3045889139175415
0.29799604415893555
0.4993353486061096
0.47693949937820435
0.23929278552532196
0.3854203224182129
0.26067572832107544
0.1929042488336563
0.4248782992362976
0.13747167587280273
0.45783519744873047
0.5203732252120972
0.38482600450515747
0.4374394416809082
0.2490781843662262
0.5873831510543823
0.4104280471801758
0.26058322191238403
0.20750345289707184
0.21961243450641632
0.33534640073776245
0.31715381145477295
0.5792767405509949
0.08406542241573334
0.19809816777706146
0.21713072061538696
0.13391423225402832
0.34217679500579834
0.16589078307151794
0.23683016002178192
0.42573022842407227
0.22696806490421295
0.38131821155548096
0.36456286907196045
0.5132941007614136
0.10209102928638458
0.18246586620807648
0.247816801071167
0.12193313241004944
0.2801297903060913
0.24113118648529053
0.3450397849082947
0.14399534463882446
0.23818331956863403
0.28966543078422546
0.2253885716199875
0.3516501784324646
0.27387356758117676
0.17839382588863373
0.43553274869918823
0.14811858534812927
0.41216927766799927
0.15858200192451477
0.25883036851882935
0.2931157946586609
0.39881348609924316
0.21457748115062714
0.16487343609333038
0.5636651515960693
0.3869548439979553
0.17083583772182465
0.24819988012313843
0.1788688600063324
0.2574940323829651
0.10254780203104019
0.5862395763397217
0.4852563142776489
0.47320234775543213
0.23253507912158966
0.414537250995636
0.2733331322669983
0.3375009298324585
0.17135731875896454
0.35065680742263794
0.2651176452636719
0.18887846171855927
0.274968683719635
0.2498726099729538
0.17988862097263336
0.10095605254173279
0.4676437973976135
0.49481505155563354
0.5120609998703003
0.3328257203102112
0.3813299536705017
0.2161729782819748
0.558323323726654
0.3487473726272583
0.18219693005084991
0.45788395404815674
0.38602888584136963
0.5026154518127441
0.12779170274734497
0.2528878450393677
0.26087403297424316
0.21603824198246002
0.33191484212875366
0.3092350363731384
0.41432857513427734
0.18689198791980743
0.5170510411262512
0.19204473495483398
0.40008240938186646
0.12272655963897705
0.2685832381248474
0.14586175978183746
0.4495263695716858
0.3239244818687439
0.6653764247894287
0.44552212953567505
0.30490368604660034
0.26972538232803345
0.2926766872406006
0.18847961723804474
0.20772187411785126
0.1110682561993599
0.5541030168533325
0.1943829506635666
0.4836958646774292
0.12424576282501221
0.42479538917541504
0.3615175485610962
0.3856503963470459
0.33928585052490234
0.5030354261398315
0.229313462972641
0.485115647315979
0.20820654928684235
0.40307289361953735
0.3389502167701721
0.2667712867259979
0.3744286894798279
0.3137303590774536
0.28317850828170776
0.39418143033981323
0.30421119928359985
0.26914182305336
0.44889169931411743
0.13653211295604706
0.48921096324920654
0.18059760332107544
0.3259187340736389
0.3464035987854004
0.5486800670623779
0.3590853810310364
0.4529968500137329
0.07283677160739899
0.2757219076156616
0.3187665343284607
0.368560254573822
0.5121290683746338
0.17690607905387878
0.2230517715215683
0.2317420393228531
0.14675652980804443
0.3246104121208191
0.5880637168884277
0.3019970655441284
0.2099119871854782
0.13986757397651672
0.5391861796379089
0.38466912508010864
0.37654924392700195
0.29796960949897766
0.29975593090057373
0.4436596632003784
0.3321152925491333
0.12908482551574707
0.2531989812850952
0.31207358837127686
0.4191722869873047
0.18851657211780548
0.5243825912475586
0.5097081661224365
0.43741363286972046
0.43228501081466675
0.41160815954208374
0.1894858181476593
0.37196069955825806
0.5396851897239685
0.27438217401504517
0.41569221019744873
0.33200258016586304
0.16058312356472015
0.23582197725772858
0.30482029914855957
0.4961852431297302
0.18437007069587708
0.361245334148407
0.18474970757961273
0.2027161568403244
0.5770242214202881
0.3900045156478882
0.5910811424255371
0.23410169780254364
0.2372642606496811
0.21413584053516388
0.3531547784805298
0.13409468531608582
0.4931238889694214
0.3824644088745117
0.6045396327972412
0.5430924296379089
0.1385328769683838
0.28507199883461
0.15785202383995056
0.47062909603118896
0.3234705328941345
0.3041697144508362
0.5241343379020691
0.39132988452911377
0.23185884952545166
0.1049528494477272
0.22834718227386475
0.4928256869316101
0.23664064705371857
0.6403444409370422
0.6502556800842285
0.5344882607460022
0.23655077815055847
0.5058701038360596
0.3694037199020386
0.4606977105140686
0.1725623905658722
0.2619091868400574
0.5752536058425903
0.5339155197143555
0.20760972797870636
0.5034007430076599
0.27198344469070435
0.22193779051303864
0.15801015496253967
0.23433448374271393
0.26649928092956543
0.17346109449863434
0.3406839966773987
0.3592493534088135
0.24951593577861786
0.08231209218502045
0.3867626190185547
0.5344752073287964
0.20627310872077942
0.25024765729904175
0.23934395611286163
0.46729451417922974
0.2601799964904785
0.38237202167510986
0.5070262551307678
0.31475549936294556
0.33563941717147827
0.40510815382003784
0.2796643078327179
0.4405757188796997
0.2574251890182495
0.15850088000297546
0.07006549835205078
0.2545616626739502
0.28580939769744873
0.2578463554382324
0.4645017981529236
0.4909830689430237
0.5746166706085205
0.38443952798843384
0.3981959819793701
0.20920288562774658
0.33344632387161255
0.2660559415817261
0.09963754564523697
0.31723326444625854
0.1670399308204651
0.18699316680431366
0.41553473472595215
0.3582642674446106
0.2721421718597412
0.31302911043167114
0.17333559691905975
0.2550118863582611
0.39353328943252563
0.5549784302711487
0.3010419011116028
0.21531610190868378
0.19620266556739807
0.31406545639038086
0.2909720540046692
0.33452969789505005
0.45662468671798706
0.3070067763328552
0.4453046917915344
0.2974620461463928
0.3303428888320923
0.4936715364456177
0.18214723467826843
0.35966694355010986
0.23754368722438812
0.3008521497249603
0.5436438322067261
0.42248034477233887
0.1551429033279419
0.2102062851190567
0.35431456565856934
0.41283363103866577
0.29727765917778015
0.2749059796333313
0.3507484793663025
0.2877618968486786
0.18434832990169525
0.5038005709648132
0.31101763248443604
0.2453848272562027
0.26181143522262573
0.25923454761505127
0.2768400311470032
0.5944396257400513
0.22581081092357635
0.4141480326652527
0.5327264666557312
0.4317101240158081
0.41745585203170776
0.6282193660736084
0.34530460834503174
0.30800819396972656
0.16754667460918427
0.20216980576515198
0.3434801697731018
0.36458367109298706
0.3770236372947693
0.46131330728530884
0.5786100029945374
0.41805458068847656
0.26772308349609375
0.5918205380439758
0.12694315612316132
0.21743181347846985
0.29897749423980713
0.19691051542758942
0.4050273895263672
0.32959747314453125
0.47620922327041626
0.2186221331357956
0.3132631778717041
0.256014883518219
0.4515988230705261
0.3891914486885071
0.1460040807723999
0.3110664486885071
0.4723730683326721
0.1772165447473526
0.5328291058540344
0.3053010106086731
0.2604747414588928
0.3869743347167969
0.365101158618927
0.3276904225349426
0.3619444966316223
0.5551770925521851
0.2560189366340637
0.24989165365695953
0.44048380851745605
0.32951879501342773
0.49366575479507446
0.4177110195159912
0.5544091463088989
0.40481382608413696
0.28662729263305664
0.4582526683807373
0.288128137588501
0.11452280730009079
0.255973219871521
0.3567890524864197
0.16347450017929077
0.5029973983764648
0.4751014709472656
0.5475763082504272
0.25330764055252075
0.3028525114059448
0.2776901125907898
0.4900774359703064
0.2034905105829239
0.32688236236572266
0.4269852042198181
0.4852970242500305
0.45056331157684326
0.39249396324157715
0.0881827175617218
0.4026890993118286
0.29807835817337036
0.34968507289886475
0.5570058822631836
0.20045317709445953
0.279738187789917
0.43609899282455444
0.14938487112522125
0.17548736929893494
0.49433332681655884
0.551673173904419
0.208206444978714
0.13621622323989868
0.2088896781206131
0.45305967330932617
0.28576499223709106
0.4562286138534546
0.4294933080673218
0.39064621925354004
0.5698546171188354
0.28914231061935425
0.09564792364835739
0.4828301668167114
0.5879883766174316
0.3472381830215454
0.4607241749763489
0.6305311918258667
0.414533793926239
0.23514531552791595
0.2824289798736572
0.33602309226989746
0.512472927570343
0.5059100985527039
0.47762244939804077
0.17127913236618042
0.5401185154914856
0.4165429472923279
0.5283040404319763
0.19522729516029358
0.3901575207710266
0.4875238537788391
0.5835756659507751
0.44842851161956787
0.13210248947143555
0.5539505481719971
0.21209712326526642
0.29223155975341797
0.4437299370765686
0.14747387170791626
0.19384804368019104
0.31583356857299805
0.5528451800346375
0.44256162643432617
0.376565158367157
0.2605380117893219
0.19869378209114075
0.5980225801467896
0.28005295991897583
0.4269458055496216
0.14718815684318542
0.21476741135120392
0.32434290647506714
0.442674458026886
0.3082459568977356
0.3235158324241638
0.3021707534790039
0.23612745106220245
0.15854161977767944
0.39966386556625366
0.572797954082489
0.48840731382369995
0.3263016939163208
0.4252583980560303
0.5316089987754822
0.590112566947937
0.5818474292755127
0.0993499755859375
0.47253578901290894
0.11654499918222427
0.4232022762298584
0.5008336901664734
0.4921705722808838
0.402545690536499
0.46781134605407715
0.43622201681137085
0.2618219554424286
0.33630502223968506
0.26261255145072937
0.22361277043819427
0.519325852394104
0.49306720495224
0.2943865656852722
0.5360144376754761
0.2097325176000595
0.31312841176986694
0.23814107477664948
0.07893431931734085
0.5369141697883606
0.36103612184524536
0.13690222799777985
0.30023664236068726
0.3785609006881714
0.5004130601882935
0.1788545548915863
0.35109686851501465
0.19874893128871918
0.14484593272209167
0.3625447750091553
0.23152826726436615
0.3978472352027893
0.16588425636291504
0.6923689842224121
0.2875681221485138
0.2714107036590576
0.18336917459964752
0.5588908791542053
0.3736574649810791
0.16195926070213318
0.7309693694114685
0.11660435795783997
0.08740927278995514
0.3881502151489258
0.3197305202484131
0.3041954040527344
0.4840773344039917
0.14106327295303345
0.3169015645980835
0.4039391279220581
0.15110769867897034
0.16541454195976257
0.2637864053249359
0.16492176055908203
0.22608886659145355
0.4987450838088989
0.23040960729122162
0.2659761309623718
0.2092103213071823
0.44458842277526855
0.35616302490234375
0.27112191915512085
0.2049247771501541
0.39648133516311646
0.5552465915679932
0.2670601010322571
0.4586758017539978
0.24893705546855927
0.26599663496017456
0.2871706783771515
0.20233207941055298
0.11058863252401352
0.4245593547821045
0.32075875997543335
0.3577159643173218
0.31389015913009644
0.36336785554885864
0.11924082040786743
0.3844901919364929
0.4087368845939636
0.4629114270210266
0.258625328540802
0.5808758735656738
0.41456687450408936
0.2516714632511139
0.29393500089645386
0.2516673505306244
0.35523515939712524
0.2707783579826355
0.18670888245105743
0.3450479507446289
0.4052688479423523
0.35278964042663574
0.31284576654434204
0.5155640840530396
0.4477494955062866
0.43987423181533813
0.1831318438053131
0.40747135877609253
0.35650384426116943
0.5801440477371216
0.4433720111846924
0.16699382662773132
0.4819524884223938
0.37988507747650146
0.5505447387695312
0.38260775804519653
0.24412132799625397
0.4890623688697815
0.5415425896644592
0.6584659218788147
0.4677083492279053
0.5223525166511536
0.24237225949764252
0.3108561038970947
0.23346646130084991
0.29436272382736206
0.532579243183136
0.6525193452835083
0.3510470986366272
0.25487732887268066
0.5426812767982483
0.44881224632263184
0.16408680379390717
0.20575161278247833
0.34600210189819336
0.4772089123725891
0.4500461220741272
0.11927877366542816
0.5553804636001587
0.3482198715209961
0.46754270792007446
0.2673438787460327
0.4853810667991638
0.4935320019721985
0.13872285187244415
0.26880329847335815
0.33650827407836914
0.20199547708034515
0.11325253546237946
0.34689396619796753
0.3046429753303528
0.4002024531364441
0.3453218340873718
0.5397213101387024
0.21039728820323944
0.2634729743003845
0.5524166822433472
0.46739518642425537
0.10307928919792175
0.10520917177200317
0.25604569911956787
0.34358853101730347
0.20605958998203278
0.33990389108657837
0.10071143507957458
0.3804618716239929
0.1928871124982834
0.46689218282699585
0.49838125705718994
0.3988960385322571
0.26250743865966797
0.21602346003055573
0.4298871159553528
0.12794876098632812
0.39637160301208496
0.14854605495929718
0.39380550384521484
0.21512117981910706
0.2619834542274475
0.28958773612976074
0.40740078687667847
0.41074711084365845
0.13947728276252747
0.3260838985443115
0.5212404131889343
0.2761141061782837
0.5757323503494263
0.4813649654388428
0.3977157473564148
0.34574294090270996
0.22184623777866364
0.21438689529895782
0.17589899897575378
0.4918675422668457
0.16854870319366455
0.39603376388549805
0.21820691227912903
0.4699183702468872
0.18755009770393372
0.12204672396183014
0.5786670446395874
0.4598371386528015
0.19404497742652893
0.2733685374259949
0.2183561772108078
0.40686386823654175
0.1998801976442337
0.4348534941673279
0.2730642557144165
0.42811739444732666
0.07419886440038681
0.18992206454277039
0.1167449802160263
0.10638334602117538
0.1361008584499359
0.24502195417881012
0.5233548283576965
0.2154773622751236
0.1932864934206009
0.4826580882072449
0.3712741732597351
0.441999614238739
0.19359731674194336
0.5390487313270569
0.495122492313385
0.41109341382980347
0.6011952757835388
0.5232973098754883
0.12336339056491852
0.4207674264907837
0.25118207931518555
0.3289005160331726
0.22858431935310364
0.3684026598930359
0.23323267698287964
0.3371797800064087
0.3579556941986084
0.5149356722831726
0.20217831432819366
0.2846422791481018
0.19298389554023743
0.2387835830450058
0.16858330368995667
0.4783729314804077
0.2902478575706482
0.4765890836715698
0.34081804752349854
0.14573292434215546
0.49172258377075195
0.1096133291721344
0.30663132667541504
0.28167110681533813
0.722570538520813
0.15901386737823486
0.269525408744812
0.4420735239982605
0.28307440876960754
0.4180036783218384
0.2110864371061325
0.6043407917022705
0.3098466992378235
0.6152048110961914
0.39644771814346313
0.4363762140274048
0.3543749451637268
0.22955520451068878
0.5424689650535583
0.16102740168571472
0.4403209686279297
0.5822576284408569
0.47938770055770874
0.3081800937652588
0.4762421250343323
0.3843685984611511
0.42434221506118774
0.23829390108585358
0.39446336030960083
0.47356462478637695
0.2773823142051697
0.3922044038772583
0.23465637862682343
0.2841101884841919
0.26857489347457886
0.22490209341049194
0.28570568561553955
0.3797130584716797
0.14266425371170044
0.3395710587501526
0.45845896005630493
0.4732528328895569
0.13206616044044495
0.1785426139831543
0.3333796262741089
0.3255583643913269
0.5860581994056702
0.43128401041030884
0.4346112608909607
0.44855761528015137
0.15589594841003418
0.2955247163772583
0.18004460632801056
0.5202829837799072
0.48150575160980225
0.2335076630115509
0.157868430018425
0.4871523976325989
0.30082619190216064
0.24586735665798187
0.421339213848114
0.4398288130760193
0.37365490198135376
0.2758581042289734
0.32897520065307617
0.5019367337226868
0.3386892080307007
0.45526325702667236
0.3895397186279297
0.5486295819282532
0.23362945020198822
0.4052673578262329
0.4395005702972412
0.48293304443359375
0.08727718144655228
0.42741262912750244
0.6109648942947388
0.321364164352417
0.40683984756469727
0.5430671572685242
0.3066853880882263
0.22084088623523712
0.4126948118209839
0.36630451679229736
0.2541590929031372
0.17234614491462708
0.38354557752609253
0.19820256531238556
0.42988961935043335
0.21601459383964539
0.615282416343689
0.2942720651626587
0.46525681018829346
0.43699556589126587
0.2918469309806824
0.3881185054779053
0.16757452487945557
0.24523502588272095
0.1734730303287506
0.5099667906761169
0.2969510853290558
0.39531397819519043
0.1389889121055603
0.3659757375717163
0.3009180724620819
0.5889887809753418
0.3382825255393982
0.39470022916793823
0.15135134756565094
0.20630080997943878
0.14169122278690338
0.4628646969795227
0.2322743982076645
0.12734681367874146
0.2037971466779709
0.4360432028770447
0.19852758944034576
0.4891064167022705
0.3850685954093933
0.2742353081703186
0.19934235513210297
0.23138737678527832
0.2463998794555664
0.32216334342956543
0.42008429765701294
0.5050358772277832
0.10530705749988556
0.514826774597168
0.3136024475097656
0.2903520464897156
0.3830561637878418
0.2716602087020874
0.39170658588409424
0.19985778629779816
0.28954416513442993
0.5344857573509216
0.3950567841529846
0.2696063816547394
0.1705646961927414
0.09413935244083405
0.5987212657928467
0.3222563862800598
0.4025493860244751
0.4939470887184143
0.47371459007263184
0.3628748655319214
0.1763937920331955
0.4494994878768921
0.1431952863931656
0.3817406892776489
0.24272626638412476
0.5633370280265808
0.21710717678070068
0.28500622510910034
0.2778471112251282
0.39043474197387695
0.48582154512405396
0.3668186664581299
0.2657414674758911
0.3790634870529175
0.5798630714416504
0.15185321867465973
0.2195781171321869
0.5826905369758606
0.11393670737743378
0.34697914123535156
0.37182652950286865
0.22475513815879822
0.39632731676101685
0.2567305564880371
0.5043731927871704
0.3993648290634155
0.2873099446296692
0.4439135193824768
0.4591792821884155
0.5545849800109863
0.35745036602020264
0.2672072649002075
0.4077484607696533
0.18879900872707367
0.2970200181007385
0.2547975778579712
0.5403937101364136
0.2685430645942688
0.16055992245674133
0.3073890805244446
0.17126262187957764
0.3902769088745117
0.2944467067718506
0.5245870351791382
0.48199737071990967
0.255662739276886
0.4707399606704712
0.3468095660209656
0.4526853561401367
0.34181565046310425
0.45586705207824707
0.19211332499980927
0.24307794868946075
0.545047402381897
0.5225793719291687
0.252885639667511
0.2085401862859726
0.5298217535018921
0.31779807806015015
0.47216635942459106
0.2722681164741516
0.19223906099796295
0.08852149546146393
0.12396442890167236
0.20915736258029938
0.4551544189453125
0.33383655548095703
0.2958100438117981
0.49925583600997925
0.5179757475852966
0.2581564486026764
0.4984491467475891
0.43973487615585327
0.3007524013519287
0.2472064197063446
0.5253840684890747
0.3362743854522705
0.1699727177619934
0.5049362778663635
0.18729300796985626
0.3876453638076782
0.0930107980966568
0.3468444347381592
0.4221495985984802
0.406549870967865
0.2679460048675537
0.30345773696899414
0.5162527561187744
0.3852924704551697
0.5115530490875244
0.5522879362106323
0.5681757926940918
0.3336828947067261
0.5304753184318542
0.22632038593292236
0.29467707872390747
0.30168038606643677
0.2005893439054489
0.368869423866272
0.2745077610015869
0.33314335346221924
0.5240520238876343
0.6492292284965515
0.4624946117401123
0.16978025436401367
0.26836806535720825
0.45603716373443604
0.46417587995529175
0.34967726469039917
0.24389183521270752
0.6087568402290344
0.20423142611980438
0.28975361585617065
0.3875187039375305
0.644679069519043
0.3222523331642151
0.4372445344924927
0.4075109362602234
0.4170757532119751
0.5167868733406067
0.6488351225852966
0.26310572028160095
0.406627893447876
0.24576714634895325
0.12847483158111572
0.34073925018310547
0.1692083328962326
0.18020808696746826
0.20478548109531403
0.5816050171852112
0.6262553334236145
0.10212983191013336
0.40559107065200806
0.21913282573223114
0.1497759073972702
0.22710739076137543
0.13676398992538452
0.39230334758758545
0.1609215885400772
0.36844784021377563
0.41538894176483154
0.4074057340621948
0.45334821939468384
0.1428992599248886
0.29039686918258667
0.27359768748283386
0.46022897958755493
0.18043433129787445
0.1455630660057068
0.3941473960876465
0.2720479369163513
0.10444048792123795
0.24370548129081726
0.3218376636505127
0.1050972193479538
0.12280692160129547
0.2820175290107727
0.4659535884857178
0.4631503224372864
0.25243908166885376
0.3185524344444275
0.09852372109889984
0.1269552856683731
0.7341040968894958
0.23247995972633362
0.3723105192184448
0.45266926288604736
0.39997994899749756
0.35896092653274536
0.16122476756572723
0.3404342532157898
0.14963984489440918
0.45897674560546875
0.40988487005233765
0.3861601948738098
0.5371818542480469
0.2082051783800125
0.26013442873954773
0.18247286975383759
0.3357551693916321
0.488219678401947
0.23515871167182922
0.5806328654289246
0.20667371153831482
0.1582304835319519
0.3586479425430298
0.23262305557727814
0.40076035261154175
0.5159143209457397
0.479550838470459
0.382335901260376
0.5555946230888367
0.5073620080947876
0.4168543815612793
0.36911922693252563
0.2528834939002991
0.3574642539024353
0.22693489491939545
0.2903618812561035
0.1983727067708969
0.5161359906196594
0.5220092535018921
0.26997941732406616
0.16249819099903107
0.47624510526657104
0.3164139986038208
0.23093648254871368
0.2011394202709198
0.31781846284866333
0.10587339848279953
0.25760650634765625
0.3326415419578552
0.5493751168251038
0.3323253393173218
0.4077557325363159
0.4905276298522949
0.3377416729927063
0.3793874979019165
0.22646336257457733
0.3027535080909729
0.2582087516784668
0.3558022975921631
0.3172845244407654
0.16472601890563965
0.1594942957162857
0.34538817405700684
0.21489964425563812
0.2301734834909439
0.3537881374359131
0.5594059228897095
0.40411198139190674
0.3796360492706299
0.2918094992637634
0.4721246361732483
0.3953903317451477
0.3102816343307495
0.39998990297317505
0.24175576865673065
0.31884801387786865
0.35512661933898926
0.29781079292297363
0.3706470727920532
0.16576460003852844
0.28341275453567505
0.19920185208320618
0.3085731267929077
0.15107402205467224
0.3727582097053528
0.32659250497817993
0.40936315059661865
0.5386868119239807
0.29791343212127686
0.27594250440597534
0.2244807481765747
0.4934306740760803
0.3794008493423462
0.43442124128341675
0.440790593624115
0.34634852409362793
0.2720125913619995
0.28675711154937744
0.18409593403339386
0.20944534242153168
0.2904627323150635
0.2712303400039673
0.21530921757221222
0.41647499799728394
0.17559559643268585
0.34610939025878906
0.46870946884155273
0.6127067804336548
0.23790226876735687
0.369002103805542
0.45526909828186035
0.3327823877334595
0.3259941339492798
0.42350929975509644
0.3235965967178345
0.2062538117170334
0.36828964948654175
0.31419122219085693
0.32304418087005615
0.48987889289855957
0.16147944331169128
0.19519799947738647
0.3699069023132324
0.4976194500923157
0.1894090324640274
0.49611151218414307
0.2458607405424118
0.49152475595474243
0.17635323107242584
0.27959519624710083
0.4422221779823303
0.590002715587616
0.408769428730011
0.42152541875839233
0.48550713062286377
0.5262396335601807
0.20614661276340485
0.1929197907447815
0.212232306599617
0.33542102575302124
0.12343689799308777
0.3071439862251282
0.19596849381923676
0.68851637840271
0.16207316517829895
0.3697001338005066
0.4322148561477661
0.251396119594574
0.4316524267196655
0.23908811807632446
0.25669896602630615
0.21241812407970428
0.1905972957611084
0.35489290952682495
0.4508044123649597
0.3499879240989685
0.29343390464782715
0.2841399312019348
0.1398095041513443
0.3940730094909668
0.15191245079040527
0.4508281350135803
0.5650557279586792
0.1186891496181488
0.21171212196350098
0.4515450596809387
0.11477548629045486
0.5668746829032898
0.30939364433288574
0.15927842259407043
0.38286536931991577
0.6406852006912231
0.4039881229400635
0.19331005215644836
0.24907104671001434
0.24269869923591614
0.3965594172477722
0.28092020750045776
0.2946411371231079
0.3946893811225891
0.1403803527355194
0.4878771901130676
0.30091041326522827
0.37761765718460083
0.36530840396881104
0.2228430062532425
0.4206579923629761
0.4900723695755005
0.29164189100265503
0.12434050440788269
0.4686717391014099
0.5545631051063538
0.3112105131149292
0.5054716467857361
0.5168192386627197
0.4381368160247803
0.4165201187133789
0.4308048486709595
0.23607611656188965
0.3204248547554016
0.3577870726585388
0.3500429391860962
0.3769201636314392
0.13752150535583496
0.20288677513599396
0.24043677747249603
0.5606451034545898
0.2519688904285431
0.14438802003860474
0.5096967220306396
0.1354052871465683
0.2633567452430725
0.5060746073722839
0.5115379691123962
0.12905597686767578
0.11498608440160751
0.4684937000274658
0.15308716893196106
0.3111761212348938
0.28278154134750366
0.12154681980609894
0.3097093105316162
0.22704870998859406
0.40111082792282104
0.27705201506614685
0.6000397205352783
0.15326553583145142
0.18870438635349274
0.3230586051940918
0.09128729999065399
0.5755120515823364
0.5567262172698975
0.48249125480651855
0.34179335832595825
0.3878682255744934
0.22293409705162048
0.2866186797618866
0.41514766216278076
0.4871551990509033
0.31865012645721436
0.33907032012939453
0.3933025002479553
0.32548463344573975
0.32962799072265625
0.4114454984664917
0.48583149909973145
0.26221734285354614
0.40448886156082153
0.4852200150489807
0.06174620985984802
0.5257351398468018
0.22289173305034637
0.5305227637290955
0.12435781955718994
0.11476705223321915
0.24479232728481293
0.17968907952308655
0.4749324321746826
0.17175538837909698
0.40646499395370483
0.2604687809944153
0.5696101784706116
0.1407688558101654
0.1731855571269989
0.20228031277656555
0.23824582993984222
0.4264809489250183
0.3762337565422058
0.41521209478378296
0.39351963996887207
0.2433181256055832
0.14060482382774353
0.25231045484542847
0.16731499135494232
0.3237239122390747
0.3610756993293762
0.3542028069496155
0.3690769076347351
0.20097452402114868
0.18417268991470337
0.26189959049224854
0.5190500617027283
0.47973930835723877
0.10536105930805206
0.5112684369087219
0.29793310165405273
0.24673902988433838
0.7065715789794922
0.6005986928939819
0.3683786988258362
0.2736496329307556
0.27255553007125854
0.2154572308063507
0.20317985117435455
0.24690309166908264
0.46067214012145996
0.31419235467910767
0.4705737829208374
0.26603466272354126
0.4338129162788391
0.1525401473045349
0.25088614225387573
0.433795690536499
0.3231564164161682
0.44263774156570435
0.3646026849746704
0.3390800356864929
0.10510233789682388
0.2560373544692993
0.48373526334762573
0.25136953592300415
0.24929200112819672
0.15666672587394714
0.544514000415802
0.40301913022994995
0.5247620940208435
0.25832459330558777
0.1320778727531433
0.36587369441986084
0.22124341130256653
0.36385196447372437
0.3545699715614319
0.3320106863975525
0.1464138925075531
0.5228540897369385
0.4023185968399048
0.4529879689216614
0.18369470536708832
0.6593445539474487
0.5403790473937988
0.2774215340614319
0.3827857971191406
0.12568630278110504
0.23853784799575806
0.2918403148651123
0.3298402428627014
0.3380505442619324
0.3647919297218323
0.4816701412200928
0.2934727668762207
0.5913094282150269
0.4214431643486023
0.3977435827255249
0.38116705417633057
0.26536136865615845
0.3498532176017761
0.25823336839675903
0.5771933794021606
0.4278222918510437
0.5212323069572449
0.25453513860702515
0.31272900104522705
0.23760832846164703
0.2181054800748825
0.16003534197807312
0.22826462984085083
0.19389452040195465
0.2671542167663574
0.5228205919265747
0.26146793365478516
0.4225824475288391
0.5262435674667358
0.2747510075569153
0.4579119086265564
0.5165066719055176
0.2092912793159485
0.47047287225723267
0.3470768332481384
0.48589491844177246
0.3362776041030884
0.29296404123306274
0.1451999992132187
0.38622069358825684
0.46814680099487305
0.42660385370254517
0.6440496444702148
0.17229561507701874
0.1406143456697464
0.34107762575149536
0.28515905141830444
0.24962447583675385
0.22339634597301483
0.36062562465667725
0.20561927556991577
0.457395076751709
0.43933093547821045
0.36694830656051636
0.5440676212310791
0.23959772288799286
0.1695050746202469
0.10394074767827988
0.17146511375904083
0.19941109418869019
0.5834190249443054
0.3037645220756531
0.5111445784568787
0.33475178480148315
0.42126017808914185
0.3510662317276001
0.33745408058166504
0.4700424075126648
0.7645362615585327
0.2514280080795288
0.19108964502811432
0.18090660870075226
0.2706444263458252
0.5472499132156372
0.4554126262664795
0.26240235567092896
0.6853823661804199
0.23886343836784363
0.47181612253189087
0.298442542552948
0.24370194971561432
0.2866950035095215
0.2983548045158386
0.2553383708000183
0.49029409885406494
0.4808405637741089
0.5948410630226135
0.48971545696258545
0.4911400079727173
0.39986419677734375
0.3527454733848572
0.5363606214523315
0.284078985452652
0.2120668739080429
0.39747488498687744
0.2992924451828003
0.28237634897232056
0.15119799971580505
0.3070189952850342
0.30978918075561523
0.15496788918972015
0.2590598464012146
0.31916487216949463
0.32385945320129395
0.1760338842868805
0.4256581664085388
0.4659488797187805
0.5461679697036743
0.5196731090545654
0.23059235513210297
0.38520675897598267
0.09876397997140884
0.13039615750312805
0.7018625736236572
0.3541014790534973
0.3700987696647644
0.1122671365737915
0.15833434462547302
0.14761684834957123
0.3860381245613098
0.4523357152938843
0.16708175837993622
0.2635929584503174
0.13775917887687683
0.4288219213485718
0.21448282897472382
0.2883434295654297
0.5037934184074402
0.4503192901611328
0.34531694650650024
0.6090240478515625
0.4904584288597107
0.44388020038604736
0.3673242926597595
0.5290894508361816
0.4083881974220276
0.3026231527328491
0.4451338052749634
0.36685073375701904
0.5654324293136597
0.2614709138870239
0.6693606376647949
0.421771764755249
0.22278933227062225
0.18343353271484375
0.13722524046897888
0.12984739243984222
0.27381205558776855
0.40269380807876587
0.594011664390564
0.17544010281562805
0.20623056590557098
0.40467238426208496
0.1808428019285202
0.45284610986709595
0.1892656683921814
0.2681781053543091
0.16321642696857452
0.5444585084915161
0.5925408005714417
0.3364444375038147
0.3215392231941223
0.38005805015563965
0.15669743716716766
0.352620005607605
0.4404541850090027
0.214724600315094
0.39386308193206787
0.47807347774505615
0.2112473100423813
0.21304568648338318
0.19790072739124298
0.5018014907836914
0.4370024800300598
0.3505898714065552
0.35911738872528076
0.5025795102119446
0.3832871913909912
0.3495442867279053
0.42039722204208374
0.6258412003517151
0.5595285892486572
0.2718438506126404
0.18877464532852173
0.37126320600509644
0.16276875138282776
0.3540778160095215
0.5060871839523315
0.31409698724746704
0.2701682448387146
0.4690876603126526
0.23185519874095917
0.25230079889297485
0.5709255933761597
0.26338911056518555
0.483084499835968
0.34378939867019653
0.13981729745864868
0.45061010122299194
0.2787345051765442
0.12544749677181244
0.24263928830623627
0.30914396047592163
0.38036948442459106
0.2569982409477234
0.2146662324666977
0.21355564892292023
0.3420443534851074
0.25930845737457275
0.35705649852752686
0.3393484950065613
0.43346625566482544
0.6148497462272644
0.4865068197250366
0.1979619264602661
0.3769438862800598
0.39600688219070435
0.24326080083847046
0.25111067295074463
0.1923120617866516
0.2520676851272583
0.48252755403518677
0.5384027361869812
0.16526353359222412
0.29817068576812744
0.2440960556268692
0.23809508979320526
0.46100449562072754
0.24185723066329956
0.6079960465431213
0.3493773937225342
0.4509062170982361
0.16029092669487
0.4358370304107666
0.4189293384552002
0.4077857732772827
0.1876475065946579
0.3815762996673584
0.15069369971752167
0.4829671382904053
0.26732778549194336
0.3381540775299072
0.4574776887893677
0.33762556314468384
0.23369340598583221
0.4661508798599243
0.19398562610149384
0.2608063220977783
0.5147587060928345
0.21983881294727325
0.5312230587005615
0.2392546683549881
0.39290380477905273
0.36607807874679565
0.43941307067871094
0.46692728996276855
0.28104621171951294
0.41817593574523926
0.18348373472690582
0.42274779081344604
0.20545341074466705
0.161700040102005
0.41348159313201904
0.4629063606262207
0.30918407440185547
0.0762195885181427
0.49986088275909424
0.4397847652435303
0.1946267932653427
0.21307668089866638
0.547709584236145
0.27101707458496094
0.2912619113922119
0.374370276927948
0.21036112308502197
0.16217419505119324
0.16450484097003937
0.38739144802093506
0.1669265329837799
0.3757108449935913
0.19111083447933197
0.36964482069015503
0.18200606107711792
0.25197112560272217
0.4757958650588989
0.6350526809692383
0.2121889591217041
0.22032050788402557
0.27048105001449585
0.5721258521080017
0.3369288444519043
0.3589205741882324
0.2028854638338089
0.2799677848815918
0.14192883670330048
0.19314779341220856
0.5239279270172119
0.5185369849205017
0.2864956259727478
0.20655156672000885
0.5078495740890503
0.19473309814929962
0.22322562336921692
0.27662113308906555
0.1538364142179489
0.3397735357284546
0.49838322401046753
0.4644660949707031
0.14988002181053162
0.3849397897720337
0.6038167476654053
0.18923556804656982
0.650755763053894
0.14162491261959076
0.2642919421195984
0.14182552695274353
0.23046787083148956
0.16869261860847473
0.5843523740768433
0.29437410831451416
0.5823519825935364
0.4361109733581543
0.20448775589466095
0.24731650948524475
0.14077794551849365
0.2653367519378662
0.11587740480899811
0.21562127768993378
0.4292352795600891
0.601287841796875
0.34053462743759155
0.17319679260253906
0.5583913326263428
0.6051901578903198
0.2788980007171631
0.6216222047805786
0.2604922652244568
0.26758038997650146
0.38613611459732056
0.3249095678329468
0.2863950729370117
0.33685028553009033
0.4229409694671631
0.19517208635807037
0.45909297466278076
0.3899368643760681
0.3191748857498169
0.2418145388364792
0.1931779533624649
0.2951914668083191
0.2908968925476074
0.12646344304084778
0.15562142431735992
0.26603540778160095
0.2382310926914215
0.33639371395111084
0.10928559303283691
0.5520813465118408
0.2040923535823822
0.19741888344287872
0.3850476145744324
0.4249078631401062
0.26298972964286804
0.31061244010925293
0.1875239759683609
0.2619275450706482
0.16251862049102783
0.3881756663322449
0.6421663761138916
0.20904749631881714
0.2580776512622833
0.4171571135520935
0.16333967447280884
0.3977121114730835
0.16423603892326355
0.2762048840522766
0.5432331562042236
0.3750951290130615
0.4930383563041687
0.24113428592681885
0.20852778851985931
0.2060868740081787
0.1759006232023239
0.17875643074512482
0.26774656772613525
0.30462533235549927
0.10478945076465607
0.2861451506614685
0.22512607276439667
0.43527674674987793
0.5795553922653198
0.20467069745063782
0.4042191505432129
0.35753703117370605
0.17366768419742584
0.3573896288871765
0.3108025789260864
0.21760623157024384
0.1662246584892273
0.5778752565383911
0.14673417806625366
0.33717477321624756
0.36459261178970337
0.18656809628009796
0.1969638466835022
0.33486658334732056
0.2945837378501892
0.2654128074645996
0.3760395050048828
0.20562763512134552
0.4758657217025757
0.23295341432094574
0.36682552099227905
0.13440898060798645
0.628528356552124
0.2329716831445694
0.5566815733909607
0.29697713255882263
0.551498293876648
0.20641866326332092
0.14921775460243225
0.407368004322052
0.24847634136676788
0.2935873866081238
0.40120047330856323
0.21926505863666534
0.2648357152938843
0.5025537014007568
0.2834125757217407
0.27628281712532043
0.4518413543701172
0.4995548725128174
0.603883683681488
0.46242213249206543
0.4106721878051758
0.4564255475997925
0.4762834906578064
0.42813485860824585
0.41330254077911377
0.45454734563827515
0.4581112265586853
0.4156208634376526
0.2809653878211975
0.3578891158103943
0.5357430577278137
0.5843498706817627
0.19118423759937286
0.359929621219635
0.3399498462677002
0.27674126625061035
0.5392759442329407
0.13794100284576416
0.12031687051057816
0.2010713815689087
0.1530638486146927
0.1717410385608673
0.5388826131820679
0.21287426352500916
0.21757809817790985
0.3327181935310364
0.28446465730667114
0.13467125594615936
0.37830406427383423
0.3689615726470947
0.20868085324764252
0.1816953867673874
0.1784602403640747
0.28750079870224
0.1019747257232666
0.262495756149292
0.22200016677379608
0.29646849632263184
0.44492655992507935
0.4135684370994568
0.23976390063762665
0.35203683376312256
0.4500758647918701
0.3360060453414917
0.1164555698633194
0.23860152065753937
0.29149800539016724
0.1882990598678589
0.5320286750793457
0.4716145396232605
0.3149547576904297
0.21916453540325165
0.14099150896072388
0.2687947154045105
0.2775436043739319
0.19077934324741364
0.2879776656627655
0.35699933767318726
0.28003138303756714
0.34725844860076904
0.1040273979306221
0.42983269691467285
0.5604144334793091
0.4128234386444092
0.46567726135253906
0.16799330711364746
0.4632863402366638
0.2470213919878006
0.5387104749679565
0.2942166328430176
0.35045742988586426
0.4997381567955017
0.17443472146987915
0.20758090913295746
0.13926509022712708
0.352674663066864
0.07750040292739868
0.3494192957878113
0.14977268874645233
0.4433906078338623
0.33629292249679565
0.47867244482040405
0.14150482416152954
0.3149181604385376
0.24159155786037445
0.3922513723373413
0.17455220222473145
0.42236626148223877
0.44687139987945557
0.14578565955162048
0.14332589507102966
0.2859305739402771
0.6171600222587585
0.14591266214847565
0.3276798725128174
0.25153589248657227
0.20240414142608643
0.3125688433647156
0.33199548721313477
0.24429075419902802
0.2962226867675781
0.20172923803329468
0.09567055106163025
0.10851538926362991
0.22495253384113312
0.2998867630958557
0.19052042067050934
0.4550361633300781
0.1345980167388916
0.49694955348968506
0.40384113788604736
0.3204636573791504
0.5090506672859192
0.17591801285743713
0.3155103921890259
0.32911139726638794
0.6141756176948547
0.2126230001449585
0.1550414115190506
0.15589821338653564
0.30489563941955566
0.36794185638427734
0.5230751633644104
0.4832357168197632
0.4466020464897156
0.3606188893318176
0.11347039043903351
0.16778457164764404
0.4988541603088379
0.3018370270729065
0.37093740701675415
0.4371219277381897
0.2573799788951874
0.36782950162887573
0.2154458910226822
0.10365702211856842
0.46452826261520386
0.47084665298461914
0.2865573763847351
0.47142237424850464
0.46299391984939575
0.38854581117630005
0.1754421591758728
0.10716033726930618
0.1556401550769806
0.3483467698097229
0.20668481290340424
0.26221519708633423
0.3685595989227295
0.4054313898086548
0.5246409773826599
0.3911670446395874
0.43886828422546387
0.41768860816955566
0.3423635959625244
0.19288091361522675
0.34598541259765625
0.36708033084869385
0.30532264709472656
0.10952676087617874
0.5991952419281006
0.13322865962982178
0.19580355286598206
0.4524521827697754
0.4241192936897278
0.3478248119354248
0.15721029043197632
0.520581066608429
0.15660928189754486
0.11519157886505127
0.2415328174829483
0.2952464520931244
0.5723239183425903
0.5533648729324341
0.13466975092887878
0.3446692228317261
0.2464759796857834
0.5367425084114075
0.24678826332092285
0.3175264000892639
0.3496953248977661
0.1312500238418579
0.25231170654296875
0.17754003405570984
0.24174663424491882
0.2193087488412857
0.30381959676742554
0.48095571994781494
0.4045105576515198
0.4753836393356323
0.4037601351737976
0.2927855849266052
0.266337513923645
0.30206209421157837
0.21252888441085815
0.329357385635376
0.4308948516845703
0.21005292236804962
0.5715602040290833
0.2718784809112549
0.3065947890281677
0.2613411545753479
0.35355478525161743
0.5907700657844543
0.5668540596961975
0.2964589297771454
0.4287424683570862
0.23922611773014069
0.5352523922920227
0.35072922706604004
0.3721468448638916
0.42581409215927124
0.6148577928543091
0.5148155093193054
0.27766138315200806
0.2705605626106262
0.259225070476532
0.569763720035553
0.5786672830581665
0.5022697448730469
0.4090327024459839
0.3695007562637329
0.554358959197998
0.3798970580101013
0.27507615089416504
0.2638032138347626
0.20844076573848724
0.47877269983291626
0.482014000415802
0.1300673484802246
0.3455084562301636
0.22825570404529572
0.33869659900665283
0.2821696400642395
0.2527836561203003
0.15480463206768036
0.32337385416030884
0.27233028411865234
0.46164971590042114
0.5140968561172485
0.2529192268848419
0.5670418739318848
0.5392065048217773
0.4960399270057678
0.11904504150152206
0.3450539708137512
0.5824804306030273
0.2549666166305542
0.26460379362106323
0.24863216280937195
0.23051369190216064
0.19228346645832062
0.362281858921051
0.19188490509986877
0.5624984502792358
0.46976232528686523
0.35782504081726074
0.2720580995082855
0.13231217861175537
0.41433626413345337
0.22155840694904327
0.4671652913093567
0.4114638566970825
0.2116072028875351
0.09344374388456345
0.18191343545913696
0.238485649228096
0.6340498924255371
0.5044065117835999
0.3106400966644287
0.2935429811477661
0.21642623841762543
0.24537546932697296
0.3109405040740967
0.180883526802063
0.5069474577903748
0.4737984538078308
0.31681638956069946
0.22704674303531647
0.22573059797286987
0.2806216776371002
0.47054189443588257
0.09243449568748474
0.2153155654668808
0.14037524163722992
0.43050235509872437
0.37749409675598145
0.24225939810276031
0.1996852606534958
0.3414270281791687
0.6233805418014526
0.37825196981430054
0.3306295871734619
0.27383244037628174
0.6175912618637085
0.2979169487953186
0.5682134032249451
0.7173997163772583
0.4258885383605957
0.17302092909812927
0.7561893463134766
0.4215567708015442
0.20758654177188873
0.36544692516326904
0.5556087493896484
0.5352979898452759
0.3923763632774353
0.300163209438324
0.13509778678417206
0.6216868758201599
0.47845739126205444
0.15230846405029297
0.2209625393152237
0.3836331367492676
0.3994763493537903
0.08421270549297333
0.3106837868690491
0.1315765082836151
0.19332091510295868
0.3540297746658325
0.2846139669418335
0.4148237705230713
0.6137500405311584
0.5241074562072754
0.5311322808265686
0.36151325702667236
0.26679515838623047
0.32294130325317383
0.49793463945388794
0.4151190519332886
0.3276877999305725
0.23603428900241852
0.5590117573738098
0.3245543837547302
0.2558707594871521
0.4140951633453369
0.3616483807563782
0.21150155365467072
0.229082390666008
0.42687660455703735
0.6150187849998474
0.16313916444778442
0.1317235231399536
0.42366403341293335
0.526688277721405
0.5140203833580017
0.2735860347747803
0.21747612953186035
0.42486000061035156
0.3306400179862976
0.2896689772605896
0.4433467388153076
0.3032722473144531
0.33068645000457764
0.1628691405057907
0.2522493004798889
0.39042484760284424
0.6511111855506897
0.2080724537372589
0.16571637988090515
0.45728379487991333
0.34318333864212036
0.14508920907974243
0.23527470231056213
0.48296451568603516
0.27075353264808655
0.4001659154891968
0.5099314451217651
0.4157339930534363
0.2608424425125122
0.5711305141448975
0.22180835902690887
0.29421406984329224
0.1965419054031372
0.2991664409637451
0.25581806898117065
0.4471921920776367
0.17476972937583923
0.16832000017166138
0.17069008946418762
0.16818709671497345
0.5078302621841431
0.3471219539642334
0.2658434510231018
0.2615935802459717
0.5664499998092651
0.2133353054523468
0.40815573930740356
0.24657447636127472
0.3334096670150757
0.7019350528717041
0.40705281496047974
0.2281276434659958
0.36340969800949097
0.4588204026222229
0.33156394958496094
0.5126592516899109
0.5385393500328064
0.29553383588790894
0.575019121170044
0.320512592792511
0.22311507165431976
0.22936682403087616
0.271706223487854
0.17674291133880615
0.5024707913398743
0.18838238716125488
0.08140021562576294
0.3085392713546753
0.3257361054420471
0.5926244854927063
0.39962106943130493
0.5539118647575378
0.18763147294521332
0.20321233570575714
0.25772273540496826
0.19301314651966095
0.20524393022060394
0.5598437786102295
0.4866514205932617
0.3142971992492676
0.45452070236206055
0.3986406922340393
0.16047817468643188
0.5466386675834656
0.3552383780479431
0.21703790128231049
0.4446658492088318
0.2352214902639389
0.3199782967567444
0.2537999749183655
0.3110175132751465
0.4363928437232971
0.4614705443382263
0.3457845449447632
0.29818540811538696
0.5200925469398499
0.1811506748199463
0.4824798107147217
0.2544894218444824
0.25387126207351685
0.5387622714042664
0.3312841057777405
0.11874499917030334
0.45175445079803467
0.41328561305999756
0.18333004415035248
0.5918256640434265
0.4769912362098694
0.5943353176116943
0.3679245710372925
0.3387643098831177
0.4457801580429077
0.13396137952804565
0.26207423210144043
0.41174131631851196
0.5260392427444458
0.22883392870426178
0.5709558725357056
0.23006407916545868
0.27618861198425293
0.3032013773918152
0.07756347954273224
0.46116214990615845
0.31909215450286865
0.5102863311767578
0.2831721007823944
0.3105051517486572
0.3316248655319214
0.23011650145053864
0.5541661381721497
0.47435516119003296
0.3105871081352234
0.23476974666118622
0.5949854254722595
0.6616042256355286
0.33765047788619995
0.41052550077438354
0.1132858395576477
0.1871132105588913
0.3203797936439514
0.2591015100479126
0.29244464635849
0.12009293586015701
0.31127357482910156
0.336178719997406
0.4095844626426697
0.3218129277229309
0.6086314916610718
0.23582419753074646
0.5403428673744202
0.2709849774837494
0.4070804715156555
0.5054193139076233
0.43446218967437744
0.31051188707351685
0.21022075414657593
0.2970741391181946
0.42021751403808594
0.4594716429710388
0.15655003488063812
0.33558595180511475
0.5924553275108337
0.3676798343658447
0.4521569013595581
0.18223413825035095
0.21903084218502045
0.35164719820022583
0.5475391149520874
0.6631134748458862
0.46870070695877075
0.5314846038818359
0.35375332832336426
0.23055583238601685
0.15408828854560852
0.4353736639022827
0.3579467535018921
0.324531614780426
0.13428419828414917
0.3842647075653076
0.26167023181915283
0.5612331032752991
0.3970406651496887
0.2108829766511917
0.4238225221633911
0.4154820442199707
0.21599330008029938
0.5790696144104004
0.4640005826950073
0.2757025361061096
0.2711341083049774
0.3622269034385681
0.23594769835472107
0.25244808197021484
0.428310751914978
0.17206209897994995
0.33526355028152466
0.5228720307350159
0.27433639764785767
0.599642276763916
0.22805173695087433
0.272385835647583
0.4656360149383545
0.3608478903770447
0.2179066687822342
0.361905038356781
0.25891268253326416
0.49425578117370605
0.47977781295776367
0.4957619905471802
0.6531598567962646
0.2705647945404053
0.424437940120697
0.3772861361503601
0.5291709303855896
0.5582422018051147
0.5374977588653564
0.21232785284519196
0.24185101687908173
0.4319295287132263
0.20416496694087982
0.2557634711265564
0.34980320930480957
0.31684809923171997
0.32372182607650757
0.33768898248672485
0.3312619924545288
0.35068953037261963
0.07339740544557571
0.274039626121521
0.17727349698543549
0.4819304347038269
0.4669002890586853
0.43746381998062134
0.2528245449066162
0.32356470823287964
0.2560310959815979
0.38825714588165283
0.5171059966087341
0.2596358060836792
0.37850379943847656
0.18776050209999084
0.6174473762512207
0.25860708951950073
0.30302464962005615
0.5101110935211182
0.3312194347381592
0.1508948802947998
0.38040030002593994
0.21314379572868347
0.4971492290496826
0.5151983499526978
0.2959699332714081
0.44795334339141846
0.31949281692504883
0.33867979049682617
0.5116660594940186
0.5142715573310852
0.5236953496932983
0.3034668564796448
0.4438741207122803
0.3653225302696228
0.15304574370384216
0.37597131729125977
0.611476719379425
0.6001911759376526
0.20009063184261322
0.3671695590019226
0.33464187383651733
0.2721351385116577
0.3321760892868042
0.34311437606811523
0.3970223069190979
0.254526287317276
0.421714186668396
0.4115939736366272
0.5108643770217896
0.10409153997898102
0.5719014406204224
0.4087597727775574
0.5638874769210815
0.42645347118377686
0.40850353240966797
0.4160979986190796
0.15749387443065643
0.16874279081821442
0.5705718994140625
0.22539083659648895
0.4257066249847412
0.2865757346153259
0.5757355093955994
0.21696163713932037
0.5249021649360657
0.40213465690612793
0.5026416182518005
0.30726897716522217
0.24092523753643036
0.43993550539016724
0.20835694670677185
0.4258648157119751
0.45276403427124023
0.439954936504364
0.3625115156173706
0.3692792057991028
0.5892891883850098
0.21606327593326569
0.2690599858760834
0.6062754392623901
0.4048978090286255
0.33769720792770386
0.5114061832427979
0.28176724910736084
0.26566869020462036
0.4581812024116516
0.40420323610305786
0.401086688041687
0.26606255769729614
0.18225406110286713
0.19466103613376617
0.42745232582092285
0.25156956911087036
0.25534892082214355
0.3789933919906616
0.5635582804679871
0.17904789745807648
0.35044533014297485
0.18287105858325958
0.3432016372680664
0.3657737970352173
0.252706915140152
0.49188941717147827
0.3304653763771057
0.3784067630767822
0.20849840342998505
0.22148747742176056
0.45616650581359863
0.19924117624759674
0.21431517601013184
0.2504972517490387
0.43201225996017456
0.4831768870353699
0.4225650429725647
0.41772323846817017
0.4820123314857483
0.48597919940948486
0.16493049263954163
0.27073508501052856
0.20240887999534607
0.374817430973053
0.1687524914741516
0.1892077475786209
0.4347705841064453
0.24718306958675385
0.2964171767234802
0.20321083068847656
0.37843525409698486
0.5048409104347229
0.3541839122772217
0.584344744682312
0.2184586524963379
0.20890603959560394
0.37712162733078003
0.4336467981338501
0.6006828546524048
0.271259069442749
0.3281320333480835
0.3010746240615845
0.24328723549842834
0.4798656702041626
0.18691690266132355
0.21947921812534332
0.4683955907821655
0.209157332777977
0.37032753229141235
0.4636697769165039
0.3008953928947449
0.14392682909965515
0.4347303509712219
0.20691505074501038
0.20662127435207367
0.6645591259002686
0.3478996753692627
0.4702807664871216
0.44386953115463257
0.2055901139974594
0.5230981111526489
0.14748483896255493
0.37625569105148315
0.12552320957183838
0.4733394980430603
0.467176616191864
0.3003596067428589
0.21789215505123138
0.476980984210968
0.5019689202308655
0.23572063446044922
0.4069708585739136
0.28690066933631897
0.379880428314209
0.22782959043979645
0.4414060711860657
0.3840274214744568
0.42065340280532837
0.1398634910583496
0.32352226972579956
0.2721973955631256
0.5057471990585327
0.5516605973243713
0.20265412330627441
0.3253769278526306
0.29018884897232056
0.200371652841568
0.18926046788692474
0.3126675486564636
0.31914210319519043
0.47142308950424194
0.06412611156702042
0.23337103426456451
0.3443906903266907
0.4646763205528259
0.21169666945934296
0.24703644216060638
0.15731817483901978
0.28041166067123413
0.24585376679897308
0.32266467809677124
0.5809633731842041
0.14300104975700378
0.46256858110427856
0.45566070079803467
0.5230847001075745
0.3099837899208069
0.3833869695663452
0.1416262537240982
0.10445506125688553
0.4576674699783325
0.4053753614425659
0.2741243243217468
0.2259618639945984
0.3729438781738281
0.0954054594039917
0.6012067198753357
0.12899629771709442
0.1574385166168213
0.3163794279098511
0.2053067833185196
0.3788077235221863
0.10930895060300827
0.2979540228843689
0.2902453541755676
0.126884326338768
0.23057393729686737
0.13131263852119446
0.25603002309799194
0.5334224104881287
0.1316608339548111
0.4446719288825989
0.2514159679412842
0.4128924012184143
0.4477217197418213
0.5125529766082764
0.491486132144928
0.2231866419315338
0.4150620698928833
0.11720600724220276
0.4555092453956604
0.2037646323442459
0.5723941326141357
0.4622038006782532
0.5048185586929321
0.2917744517326355
0.20332945883274078
0.341560959815979
0.5521717071533203
0.3835664987564087
0.0846174955368042
0.34982192516326904
0.24834485352039337
0.2929845452308655
0.09956077486276627
0.09720601886510849
0.24415223300457
0.5224636793136597
0.4812813997268677
0.2754037380218506
0.27889469265937805
0.2261378914117813
0.18913336098194122
0.26835116744041443
0.6239146590232849
0.2272147685289383
0.4866717457771301
0.534697949886322
0.34074121713638306
0.2642391324043274
0.22509320080280304
0.5245621800422668
0.25058963894844055
0.2659398913383484
0.2297738492488861
0.17713876068592072
0.34435904026031494
0.533311128616333
0.086495041847229
0.3737696409225464
0.31341344118118286
0.20961253345012665
0.15608395636081696
0.19729873538017273
0.390761137008667
0.5354461073875427
0.5192131400108337
0.3269486427307129
0.2104097455739975
0.5197092890739441
0.38834744691848755
0.3168022036552429
0.3062862157821655
0.6741470694541931
0.3251149654388428
0.3666095733642578
0.16075399518013
0.2831658720970154
0.4769819974899292
0.3019549250602722
0.4616500735282898
0.24348458647727966
0.1689751297235489
0.22038079798221588
0.44037431478500366
0.14428670704364777
0.3755277395248413
0.5486811399459839
0.17752869427204132
0.5710692405700684
0.17114420235157013
0.09598998725414276
0.21793507039546967
0.3778510093688965
0.27201783657073975
0.15467174351215363
0.504228413105011
0.17718854546546936
0.5280306339263916
0.6110812425613403
0.5528817176818848
0.3626856207847595
0.20386166870594025
0.13200053572654724
0.526066780090332
0.24128954112529755
0.1450972855091095
0.4723494052886963
0.24970243871212006
0.05591064319014549
0.439713716506958
0.23324565589427948
0.24856731295585632
0.1420764923095703
0.44287657737731934
0.4982818365097046
0.4624725580215454
0.07156025618314743
0.13164567947387695
0.2610757350921631
0.4116653800010681
0.5423201322555542
0.27699702978134155
0.14052990078926086
0.4260103702545166
0.2591784596443176
0.16107480227947235
0.21555280685424805
0.4416618347167969
0.42679017782211304
0.24342896044254303
0.2767387628555298
0.26338285207748413
0.30239057540893555
0.2972554862499237
0.18713751435279846
0.6215289831161499
0.5105258822441101
0.32261836528778076
0.3058019280433655
0.500731348991394
0.30991488695144653
0.2718867063522339
0.2622676491737366
0.49179577827453613
0.3789798617362976
0.43856650590896606
0.20854608714580536
0.22798104584217072
0.15230265259742737
0.6944535970687866
0.2069566696882248
0.21432869136333466
0.3868527412414551
0.12162662297487259
0.1561477929353714
0.18874624371528625
0.3471791744232178
0.19231031835079193
0.5082753896713257
0.42295777797698975
0.2779179513454437
0.44778114557266235
0.4967908263206482
0.20940770208835602
0.18202774226665497
0.33220767974853516
0.248679056763649
0.6554938554763794
0.568140983581543
0.21707232296466827
0.4276618957519531
0.1429600715637207
0.24907706677913666
0.3479354977607727
0.24823905527591705
0.19972924888134003
0.4526910185813904
0.26311779022216797
0.20535068213939667
0.5206882357597351
0.6872434616088867
0.11476251482963562
0.5314226746559143
0.3569360375404358
0.3048832416534424
0.4592454433441162
0.2509573698043823
0.23525024950504303
0.5094972252845764
0.27863046526908875
0.43513208627700806
0.2328757643699646
0.45515215396881104
0.37098079919815063
0.29068392515182495
0.48862117528915405
0.3652932643890381
0.2812023460865021
0.19808396697044373
0.1776263564825058
0.37107032537460327
0.4287675619125366
0.4410771131515503
0.22923386096954346
0.0961436778306961
0.505004346370697
0.35049623250961304
0.34425032138824463
0.32919514179229736
0.4733772873878479
0.21174612641334534
0.26332587003707886
0.18779343366622925
0.25689369440078735
0.3306592106819153
0.49234169721603394
0.2914448380470276
0.472964346408844
0.5426658391952515
0.4930385947227478
0.16801774501800537
0.19550658762454987
0.373909592628479
0.2030295580625534
0.25452184677124023
0.3486759662628174
0.23903797566890717
0.3382747173309326
0.24715782701969147
0.24848952889442444
0.24407866597175598
0.4072442054748535
0.4900050759315491
0.20421218872070312
0.3138841390609741
0.3828568458557129
0.5908819437026978
0.30947422981262207
0.532063364982605
0.2936040163040161
0.42925161123275757
0.24617359042167664
0.637300968170166
0.3228175640106201
0.23097655177116394
0.47692108154296875
0.49331986904144287
0.18276841938495636
0.10828591883182526
0.4893260598182678
0.51906418800354
0.30974501371383667
0.22636328637599945
0.1741640567779541
0.10801438242197037
0.459938108921051
0.282275915145874
0.5443021655082703
0.22679390013217926
0.36065763235092163
0.32743698358535767
0.4768919348716736
0.4153707027435303
0.34477698802948
0.1982896476984024
0.19803950190544128
0.4405782222747803
0.45316559076309204
0.34782838821411133
0.4620712399482727
0.13867351412773132
0.2413644641637802
0.27110397815704346
0.3859243392944336
0.25609588623046875
0.21666617691516876
0.33891892433166504
0.31235063076019287
0.21084333956241608
0.24196432530879974
0.5574837923049927
0.35448938608169556
0.37833523750305176
0.38172852993011475
0.6548659801483154
0.43470555543899536
0.5042139887809753
0.4541054964065552
0.45685261487960815
0.2617715001106262
0.48015278577804565
0.36308252811431885
0.2308901846408844
0.49357396364212036
0.10634320974349976
0.3862435221672058
0.23529832065105438
0.17557096481323242
0.37066471576690674
0.377308189868927
0.35343658924102783
0.48875147104263306
0.47259521484375
0.4507308602333069
0.30398017168045044
0.3677647113800049
0.09974001348018646
0.4364352226257324
0.5997574329376221
0.3131035566329956
0.566771388053894
0.35093778371810913
0.4605001211166382
0.37089675664901733
0.43036961555480957
0.432323157787323
0.3910728096961975
0.3014441132545471
0.41213637590408325
0.4414699673652649
0.30937081575393677
0.1127546951174736
0.40671777725219727
0.36270731687545776
0.39238423109054565
0.5616514682769775
0.2542330026626587
0.17120885848999023
0.21567131578922272
0.25563162565231323
0.3351683020591736
0.400188684463501
0.22882062196731567
0.34033137559890747
0.35074543952941895
0.39830482006073
0.6787469387054443
0.3364548683166504
0.14512448012828827
0.3404594659805298
0.1777264028787613
0.48435235023498535
0.5740960836410522
0.36819010972976685
0.21396492421627045
0.4463711380958557
0.5790640115737915
0.12780611217021942
0.4217601418495178
0.17935681343078613
0.4990955591201782
0.12556228041648865
0.6111705899238586
0.07867161929607391
0.3995433449745178
0.35211479663848877
0.387106716632843
0.27194374799728394
0.14180392026901245
0.3531496524810791
0.3714097738265991
0.20040805637836456
0.23037073016166687
0.3230084180831909
0.4404032230377197
0.25579288601875305
0.20503483712673187
0.2668798565864563
0.308229923248291
0.421108603477478
0.15752257406711578
0.26972633600234985
0.26070690155029297
0.5650116205215454
0.1750551015138626
0.27009105682373047
0.24509187042713165
0.5531692504882812
0.10954886674880981
0.3767591118812561
0.41860926151275635
0.13479109108448029
0.45606279373168945
0.5131052136421204
0.2706490159034729
0.1638374924659729
0.18709716200828552
0.49298906326293945
0.4862056374549866
0.32271552085876465
0.3774237036705017
0.22416330873966217
0.17495372891426086
0.20487160980701447
0.5835177302360535
0.3893469572067261
0.48308229446411133
0.1445685178041458
0.3066542148590088
0.3258051872253418
0.46501171588897705
0.3259950280189514
0.20892971754074097
0.4188193082809448
0.16595500707626343
0.4120573401451111
0.17416784167289734
0.13470302522182465
0.40020447969436646
0.44158005714416504
0.2578278183937073
0.2836223840713501
0.13822335004806519
0.1423271745443344
0.2235991656780243
0.2588471472263336
0.4600095748901367
0.2244655340909958
0.29464027285575867
0.3910868763923645
0.2504676282405853
0.29274511337280273
0.14934563636779785
0.24323876202106476
0.3066334128379822
0.471899151802063
0.3267238736152649
0.3856115937232971
0.16580641269683838
0.29237478971481323
0.41994577646255493
0.4530792236328125
0.2183333784341812
0.24437589943408966
0.2354418933391571
0.5144037008285522
0.18949559330940247
0.49924278259277344
0.20558999478816986
0.3545154333114624
0.4678249955177307
0.20303142070770264
0.4662444591522217
0.41526901721954346
0.352075457572937
0.07946430146694183
0.5395804643630981
0.6209621429443359
0.609606921672821
0.33794522285461426
0.42824167013168335
0.22486230731010437
0.3848097324371338
0.33807748556137085
0.45214933156967163
0.12642237544059753
0.21307243406772614
0.1809060275554657
0.34784185886383057
0.282676100730896
0.5541138648986816
0.418880820274353
0.4967317581176758
0.12293512374162674
0.22482240200042725
0.36426210403442383
0.3756529688835144
0.26027557253837585
0.4889187216758728
0.21434557437896729
0.36724984645843506
0.09062482416629791
0.15685419738292694
0.4455333352088928
0.16339486837387085
0.4486587643623352
0.428019642829895
0.35650742053985596
0.25885093212127686
0.07050471007823944
0.1733465939760208
0.41465097665786743
0.13932061195373535
0.3029617667198181
0.29159820079803467
0.43448197841644287
0.6027742624282837
0.4416828751564026
0.19510740041732788
0.33000266551971436
0.23099645972251892
0.22100909054279327
0.2584556043148041
0.4020377993583679
0.5498782396316528
0.3277566432952881
0.2613779306411743
0.4383995532989502
0.2381971925497055
0.33208364248275757
0.1139165610074997
0.6654629707336426
0.48536211252212524
0.3761250376701355
0.47651124000549316
0.27764445543289185
0.28165754675865173
0.2628840208053589
0.5685468912124634
0.5944783687591553
0.33860766887664795
0.3761059641838074
0.3037893772125244
0.19938905537128448
0.28652626276016235
0.22244007885456085
0.5432644486427307
0.2601422071456909
0.3348482847213745
0.44749802350997925
0.516784131526947
0.2809259295463562
0.5241777300834656
0.32279497385025024
0.5075383186340332
0.540485143661499
0.35998475551605225
0.37715375423431396
0.20985376834869385
0.36131274700164795
0.239651620388031
0.2375110536813736
0.27383700013160706
0.4392157793045044
0.1314869225025177
0.5288426280021667
0.35161954164505005
0.47803443670272827
0.2801401913166046
0.13083192706108093
0.37587857246398926
0.27049168944358826
0.3614460825920105
0.22695092856884003
0.6302685737609863
0.2970048189163208
0.3417385220527649
0.5148807168006897
0.18794183433055878
0.3162636160850525
0.1917407214641571
0.16739998757839203
0.29147547483444214
0.4468837380409241
0.3576931357383728
0.2102561891078949
0.2863525152206421
0.48879194259643555
0.4286789298057556
0.2610679268836975
0.06048991531133652
0.3749251961708069
0.2526148557662964
0.3549054265022278
0.19951535761356354
0.24780309200286865
0.262223482131958
0.502342700958252
0.2210676223039627
0.21467041969299316
0.5906876921653748
0.43431442975997925
0.3933982849121094
0.34302854537963867
0.17415234446525574
0.2403971254825592
0.28917062282562256
0.5655632019042969
0.34589916467666626
0.571354866027832
0.4384846091270447
0.4200097918510437
0.33182698488235474
0.3733677268028259
0.216074600815773
0.4656338095664978
0.21184246242046356
0.2514539957046509
0.2817747890949249
0.23971682786941528
0.2992231845855713
0.540528416633606
0.5022976994514465
0.3925514817237854
0.23888297379016876
0.3040369153022766
0.482626736164093
0.7368884086608887
0.1958654671907425
0.24708767235279083
0.3026862144470215
0.2724692225456238
0.1433006227016449
0.47661155462265015
0.5073126554489136
0.16276788711547852
0.4906430244445801
0.4964759349822998
0.2702357769012451
0.46131056547164917
0.1902700513601303
0.37807220220565796
0.6558437347412109
0.4827374219894409
0.36396050453186035
0.19141307473182678
0.4168645143508911
0.17490971088409424
0.2637373208999634
0.40610015392303467
0.287075012922287
0.370172917842865
0.2070246785879135
0.2902132570743561
0.4618302583694458
0.36774295568466187
0.13646632432937622
0.46985310316085815
0.5754551887512207
0.2799456715583801
0.27668485045433044
0.5126526355743408
0.09738529473543167
0.5686962604522705
0.5103169679641724
0.5425857901573181
0.18365894258022308
0.6565713882446289
0.3146492838859558
0.1850479394197464
0.28183484077453613
0.13362282514572144
0.2176792174577713
0.3934589624404907
0.35038983821868896
0.27003908157348633
0.2306830734014511
0.22873227298259735
0.11669304221868515
0.3485671877861023
0.32991892099380493
0.16142283380031586
0.6559172868728638
0.10754091292619705
0.26574650406837463
0.2772578001022339
0.10736622661352158
0.3742498755455017
0.4139459729194641
0.19401110708713531
0.10540228337049484
0.20844636857509613
0.18326260149478912
0.19463865458965302
0.21153169870376587
0.4245511293411255
0.29265719652175903
0.45862746238708496
0.12892617285251617
0.2899804711341858
0.35719889402389526
0.1752830445766449
0.395368754863739
0.5627478361129761
0.44521915912628174
0.5517685413360596
0.22122476994991302
0.21240800619125366
0.40207600593566895
0.260628879070282
0.36253952980041504
0.1456875503063202
0.536902666091919
0.19464321434497833
0.2619726061820984
0.22819603979587555
0.3794735074043274
0.28679242730140686
0.3753276467323303
0.24424853920936584
0.7271543741226196
0.2813981771469116
0.5510748028755188
0.49359655380249023
0.2687475383281708
0.20146481692790985
0.39458173513412476
0.22768479585647583
0.21083234250545502
0.37039631605148315
0.39498764276504517
0.278668612241745
0.14657112956047058
0.4223594665527344
0.42283087968826294
0.6923561096191406
0.2635912299156189
0.4918522834777832
0.49839699268341064
0.23935896158218384
0.21817615628242493
0.5480664968490601
0.2772144377231598
0.13640983402729034
0.2935069799423218
0.515625536441803
0.3572343587875366
0.2886883616447449
0.4325791001319885
0.468894898891449
0.31939172744750977
0.3191261887550354
0.30110639333724976
0.19724462926387787
0.20777863264083862
0.20647825300693512
0.43470048904418945
0.5021231174468994
0.5012311935424805
0.47685903310775757
0.35362040996551514
0.34240490198135376
0.4991037845611572
0.3195263743400574
0.2535704970359802
0.2581983804702759
0.09045835584402084
0.3155980110168457
0.3640759587287903
0.3135671019554138
0.18842026591300964
0.4038727879524231
0.3053710460662842
0.18750862777233124
0.5005373954772949
0.31684350967407227
0.25888681411743164
0.18545159697532654
0.44315046072006226
0.3754516839981079
0.2579643428325653
0.39913231134414673
0.4576379656791687
0.22149325907230377
0.635773777961731
0.21871592104434967
0.37792229652404785
0.3620595335960388
0.26336145401000977
0.42837613821029663
0.440757691860199
0.14049410820007324
0.45428216457366943
0.2817082405090332
0.11542686820030212
0.245864138007164
0.2800016701221466
0.29749399423599243
0.4344944357872009
0.3915576934814453
0.41456639766693115
0.5157143473625183
0.2648013234138489
0.13876551389694214
0.2039257436990738
0.19013254344463348
0.4843149781227112
0.40619349479675293
0.14847327768802643
0.13807085156440735
0.23702684044837952
0.5870742797851562
0.29872262477874756
0.17122355103492737
0.4219701290130615
0.29691028594970703
0.40379154682159424
0.2564048767089844
0.13339418172836304
0.20728453993797302
0.21145114302635193
0.4414689540863037
0.25014597177505493
0.17064863443374634
0.2506122589111328
0.37382620573043823
0.29872286319732666
0.27516892552375793
0.25361937284469604
0.15769752860069275
0.47651398181915283
0.2181055247783661
0.33054929971694946
0.32420486211776733
0.4214065670967102
0.27647653222084045
0.5184141397476196
0.5200879573822021
0.24422428011894226
0.3652184009552002
0.3823019862174988
0.31330275535583496
0.4875950813293457
0.3225364685058594
0.4407201409339905
0.2376318722963333
0.2041277438402176
0.4682319760322571
0.4886949062347412
0.39517903327941895
0.10055679082870483
0.3213224411010742
0.24065552651882172
0.49736547470092773
0.3373097777366638
0.36446309089660645
0.3002636432647705
0.41138750314712524
0.4050959348678589
0.41084033250808716
0.47181838750839233
0.18498298525810242
0.2421032041311264
0.20400641858577728
0.3336676359176636
0.3940594792366028
0.48735952377319336
0.5163785219192505
0.3759533762931824
0.2551339864730835
0.5467319488525391
0.6057326197624207
0.2171720415353775
0.47175920009613037
0.30642765760421753
0.36524808406829834
0.2990688681602478
0.2811584770679474
0.24939200282096863
0.2033386081457138
0.21462830901145935
0.5367875099182129
0.3360965847969055
0.348297655582428
0.45622074604034424
0.509796142578125
0.10529497265815735
0.25930529832839966
0.22994308173656464
0.3236466646194458
0.2527623474597931
0.5032146573066711
0.3260954022407532
0.29446935653686523
0.4081665277481079
0.3640822172164917
0.38168179988861084
0.6317771673202515
0.1947334110736847
0.16316631436347961
0.29804617166519165
0.25689736008644104
0.4944453239440918
0.4654834270477295
0.18419988453388214
0.1675659716129303
0.4369179606437683
0.4669671654701233
0.40042728185653687
0.16849198937416077
0.3506590723991394
0.4368859529495239
0.4747905135154724
0.5132308006286621
0.4048135280609131
0.39658671617507935
0.3309400677680969
0.2708512544631958
0.3343665599822998
0.1328330934047699
0.4124258756637573
0.30770158767700195
0.5845181941986084
0.5404723882675171
0.4351721405982971
0.35560959577560425
0.49178528785705566
0.3376094102859497
0.345723032951355
0.1965734213590622
0.27328139543533325
0.41346991062164307
0.3317040205001831
0.5926181077957153
0.24175849556922913
0.426199734210968
0.4581262469291687
0.19912078976631165
0.4169497489929199
0.4819733500480652
0.443340003490448
0.3857540488243103
0.4945176839828491
0.14916349947452545
0.5498576164245605
0.2803601622581482
0.1372532993555069
0.34525787830352783
0.16343852877616882
0.23444052040576935
0.2538415789604187
0.31871646642684937
0.20194794237613678
0.45009005069732666
0.22424708306789398
0.10442403703927994
0.2543429136276245
0.1935778707265854
0.5025926828384399
0.5048184394836426
0.29391324520111084
0.09642699360847473
0.29703429341316223
0.444671630859375
0.42271941900253296
0.3274132013320923
0.15695033967494965
0.3955332636833191
0.20398709177970886
0.27661919593811035
0.41849327087402344
0.5688835978507996
0.3556506633758545
0.3884618878364563
0.4600692391395569
0.20370496809482574
0.45536112785339355
0.4467266798019409
0.24542191624641418
0.25601667165756226
0.2670738101005554
0.22889526188373566
0.41376596689224243
0.28257399797439575
0.15725722908973694
0.1988438218832016
0.2842792272567749
0.5939779877662659
0.4903791546821594
0.18219928443431854
0.331612765789032
0.5347338318824768
0.27843841910362244
0.12051813304424286
0.08756087720394135
0.5751265287399292
0.27531319856643677
0.256555438041687
0.5423648357391357
0.27386176586151123
0.33276844024658203
0.23239271342754364
0.21689464151859283
0.20616061985492706
0.2713444232940674
0.1797514706850052
0.11504398286342621
0.4630970358848572
0.17079047858715057
0.13563980162143707
0.23582801222801208
0.45480501651763916
0.16197076439857483
0.11170975863933563
0.2736722230911255
0.24892352521419525
0.39613497257232666
0.5884712934494019
0.2732856869697571
0.5190889835357666
0.24194858968257904
0.23924584686756134
0.4244682192802429
0.36719709634780884
0.07032592594623566
0.43480563163757324
0.5032595992088318
0.4158218502998352
0.629639744758606
0.35405129194259644
0.16955307126045227
0.14074182510375977
0.1977422684431076
0.49346601963043213
0.5547165274620056
0.385359525680542
0.22352752089500427
0.07320241630077362
0.10044359415769577
0.12388737499713898
0.3399743437767029
0.14907243847846985
0.5111212134361267
0.2685002088546753
0.37995094060897827
0.3490161895751953
0.6082607507705688
0.3202034831047058
0.4684285521507263
0.19041989743709564
0.4457371234893799
0.44199812412261963
0.49262529611587524
0.18189972639083862
0.19139784574508667
0.4898110032081604
0.2454044073820114
0.27773958444595337
0.27119049429893494
0.18109551072120667
0.36198216676712036
0.5545305013656616
0.5843387842178345
0.3581113815307617
0.607123076915741
0.14242807030677795
0.6345688700675964
0.2993883490562439
0.2757173478603363
0.15178900957107544
0.44948261976242065
0.14531250298023224
0.45525890588760376
0.2450217455625534
0.45602327585220337
0.09788496047258377
0.25403887033462524
0.3576282858848572
0.1849117875099182
0.664042592048645
0.24366845190525055
0.2978585958480835
0.15894414484500885
0.428974449634552
0.28463810682296753
0.19814984500408173
0.2714647054672241
0.3519359230995178
0.18244853615760803
0.28799182176589966
0.2393656224012375
0.28561538457870483
0.3174092173576355
0.4992130994796753
0.2080947309732437
0.21175327897071838
0.5741967558860779
0.5318801403045654
0.133091539144516
0.31330299377441406
0.13589105010032654
0.5621753931045532
0.40950828790664673
0.2500382661819458
0.17981232702732086
0.3461194634437561
0.431972861289978
0.35607022047042847
0.12325974553823471
0.4948086142539978
0.349915087223053
0.35430794954299927
0.14428788423538208
0.2976530194282532
0.48163509368896484
0.5079236626625061
0.6180813312530518
0.42104172706604004
0.2918326258659363
0.18529222905635834
0.17472746968269348
0.5202198624610901
0.47539275884628296
0.24191926419734955
0.30974888801574707
0.24558086693286896
0.6197789311408997
0.437974750995636
0.1627601683139801
0.5529475212097168
0.3551748991012573
0.3655155897140503
0.3783569931983948
0.09085005521774292
0.3765772581100464
0.24296186864376068
0.41906309127807617
0.5024738311767578
0.38373851776123047
0.4257959723472595
0.13773876428604126
0.09588037431240082
0.40196365118026733
0.20948897302150726
0.223906472325325
0.22575001418590546
0.39103251695632935
0.20924896001815796
0.3807685971260071
0.21468041837215424
0.044142477214336395
0.511612594127655
0.3131307363510132
0.3028027415275574
0.4395122528076172
0.4801155924797058
0.510779082775116
0.6747761964797974
0.1651623249053955
0.27224642038345337
0.16412386298179626
0.40080803632736206
0.1452787071466446
0.265799343585968
0.3158046007156372
0.1369883120059967
0.3607267737388611
0.34414297342300415
0.5069226026535034
0.31483882665634155
0.4561852216720581
0.4151347279548645
0.3295168876647949
0.6093761920928955
0.18248888850212097
0.2471795380115509
0.48125123977661133
0.2005087286233902
0.5229686498641968
0.26558125019073486
0.5582209229469299
0.11323750019073486
0.47298336029052734
0.3251311779022217
0.42718684673309326
0.7034540176391602
0.5036768317222595
0.14167198538780212
0.33485662937164307
0.1742858737707138
0.31900525093078613
0.4555132985115051
0.2527309060096741
0.45717161893844604
0.24555926024913788
0.3633984327316284
0.25810644030570984
0.347126841545105
0.6016794443130493
0.3308752179145813
0.26744043827056885
0.15114691853523254
0.43726515769958496
0.2249322533607483
0.3529950976371765
0.3097352981567383
0.6475692987442017
0.3233375549316406
0.2459878772497177
0.5220160484313965
0.3276491165161133
0.4999488592147827
0.2178686112165451
0.4574287533760071
0.1304921954870224
0.3539169430732727
0.37040257453918457
0.6319011449813843
0.3147593140602112
0.43876683712005615
0.2844351530075073
0.3181886672973633
0.25398892164230347
0.3344331383705139
0.43531763553619385
0.12861047685146332
0.3063875436782837
0.5186405181884766
0.2180095911026001
0.2897825837135315
0.5116637945175171
0.3786613941192627
0.416711688041687
0.24738673865795135
0.22780679166316986
0.47073549032211304
0.38007014989852905
0.3331744074821472
0.24230356514453888
0.3106648325920105
0.6067429184913635
0.41089361906051636
