0.8483253121376038
0.5643637180328369
0.5619924068450928
0.8471266031265259
0.8544862866401672
0.8547959327697754
0.6263336539268494
0.7606619596481323
0.8825767040252686
0.6915514469146729
0.8488496541976929
0.8515625
0.49447101354599
0.8780111074447632
0.6378133893013
0.830036997795105
0.6239112019538879
0.9193439483642578
0.799818754196167
0.8070648908615112
0.8492416143417358
0.419935017824173
0.8122299909591675
0.8016973733901978
0.7481594085693359
0.841091513633728
0.8661544322967529
0.8960329294204712
0.8356016278266907
0.7967127561569214
0.7196611762046814
0.9431483149528503
0.8084204196929932
0.5118797421455383
0.8417326807975769
0.8383103609085083
0.8453259468078613
0.7019494771957397
0.8300690054893494
0.8903692364692688
0.8588778972625732
0.5065932869911194
0.8484106659889221
0.43042802810668945
0.9166609048843384
0.41351214051246643
0.9696266651153564
0.8875194787979126
0.8478974103927612
0.816266655921936
0.8479583263397217
0.8406461477279663
0.759006142616272
0.6427227258682251
0.7205583453178406
0.8394744992256165
0.716472864151001
0.8927528858184814
0.6193234324455261
0.7645512223243713
0.7943238019943237
0.6533546447753906
0.5558744072914124
0.6474521160125732
0.5229109525680542
0.8231536149978638
0.7819328308105469
0.8388973474502563
0.8121330142021179
0.7873309850692749
0.5246092677116394
0.7932990193367004
0.8558804988861084
0.7939139604568481
0.9227559566497803
0.5702944993972778
0.8749879598617554
0.8336460590362549
0.8467627763748169
0.6800011396408081
0.8946862816810608
0.844781756401062
0.8137601017951965
0.6745040416717529
0.8370300531387329
0.9038081169128418
0.8810849189758301
0.8622142672538757
0.8978071212768555
0.834089994430542
0.8703151941299438
0.8511303663253784
0.7596427202224731
0.6687180995941162
0.912684440612793
0.7585136890411377
0.9108259677886963
0.9169465899467468
0.8490766286849976
0.8486368656158447
0.7057498693466187
0.8724048733711243
0.7387712001800537
0.9072418212890625
0.8530689477920532
0.7568730115890503
0.6032190322875977
0.9000530242919922
0.8348757028579712
0.5188119411468506
0.8126507997512817
0.8412477374076843
0.7797765731811523
0.7235985994338989
0.9224786162376404
0.847853422164917
0.8186527490615845
0.8650897741317749
0.4984268248081207
0.8349429368972778
0.8030295372009277
0.8026147484779358
0.7924292683601379
0.8412282466888428
0.8228738307952881
0.7175652384757996
0.7368383407592773
0.9146175384521484
0.9066973328590393
0.566667914390564
0.593635082244873
0.8661956787109375
0.568118155002594
0.3968881070613861
0.8983745574951172
0.8589655160903931
0.4231557548046112
0.8323147296905518
0.6242777705192566
0.9089857339859009
0.48876747488975525
0.8612771034240723
0.8254594802856445
0.7213531732559204
0.8595514297485352
0.8742692470550537
0.8347766995429993
0.8134366869926453
0.8513960838317871
0.8927408456802368
0.8731114268302917
0.9143958687782288
0.9026141166687012
0.8315778970718384
0.517618715763092
0.9374305605888367
0.8226149678230286
0.7867538332939148
0.8737643957138062
0.8232650756835938
0.7342985272407532
0.4315202534198761
0.8276283740997314
0.8378197550773621
0.5851410627365112
0.7352707386016846
0.8927422165870667
0.9295496344566345
0.8897258043289185
0.8424094915390015
0.7923280000686646
0.8679207563400269
0.8266062140464783
0.8141545057296753
0.6981402635574341
0.5488765239715576
0.8274093270301819
0.8572123050689697
0.7351173758506775
0.937603235244751
0.8379932045936584
0.8281474113464355
0.7879340648651123
0.819025993347168
0.8774737119674683
0.7144004106521606
0.7947298288345337
0.8160262703895569
0.8193292617797852
0.7967826128005981
0.9239706993103027
0.7315474152565002
0.9029078483581543
0.9175407886505127
0.6534688472747803
0.8323819041252136
0.5137138366699219
0.8596029877662659
0.8790266513824463
0.8184723854064941
0.6415184140205383
0.8623113632202148
0.7747149467468262
0.5697957277297974
0.9435144066810608
0.5508977174758911
0.8864971399307251
0.8048501014709473
0.450857937335968
0.6932134628295898
0.8294491171836853
0.5936774611473083
0.8862413167953491
0.8498021364212036
0.7440457344055176
0.8808347582817078
0.9497103095054626
0.8642693758010864
0.7763464450836182
0.804545521736145
0.9052104353904724
0.8866735696792603
0.5900942087173462
0.4295492470264435
0.6304723620414734
0.687546968460083
0.3609144687652588
0.8270230293273926
0.8107782602310181
0.7730850577354431
0.8353309035301208
0.6682592630386353
0.8650516271591187
0.8826695084571838
0.9401734471321106
0.8565148115158081
0.7164573669433594
0.5320039391517639
0.7729441523551941
0.885858416557312
0.8808985948562622
0.79073166847229
0.5870172381401062
0.507354736328125
0.8636934161186218
0.8315483927726746
0.8464404940605164
0.8993861675262451
0.8647822141647339
0.5421141982078552
0.8958972096443176
0.6154294013977051
0.901675820350647
0.8385434150695801
0.724855899810791
0.815118134021759
0.8578888773918152
0.8364752531051636
0.8507180213928223
0.8082409501075745
0.733988881111145
0.9134500026702881
0.8900014162063599
0.7651354074478149
0.5712478160858154
0.9923056960105896
0.8710600137710571
0.8889105319976807
0.8351670503616333
0.42985665798187256
0.8747162818908691
0.8827009797096252
0.912944495677948
0.8531341552734375
0.7803909182548523
0.8477901220321655
0.8882310390472412
0.6937931180000305
0.8213313817977905
0.871395468711853
0.8786904811859131
0.5868315100669861
0.9134793281555176
0.27095380425453186
0.5245424509048462
0.8533294200897217
0.7301536798477173
0.7909621596336365
0.8101490139961243
0.6885561347007751
0.9682449698448181
0.8411270380020142
0.865847110748291
0.80900639295578
0.8205158114433289
0.8767542243003845
0.6777952909469604
0.8419413566589355
0.6156727075576782
0.7234434485435486
0.8984447121620178
0.3734392821788788
0.6525742411613464
0.7862108945846558
0.5528736114501953
0.9206271171569824
0.7886176109313965
0.809320330619812
0.8357769250869751
0.871706485748291
0.8631195425987244
0.6425707340240479
0.4953993558883667
0.8423373699188232
0.5193301439285278
0.8081434965133667
0.8977676033973694
0.7595208287239075
0.8999466896057129
0.599430501461029
0.8351970314979553
0.8153209686279297
0.7898132801055908
0.8289189338684082
0.8060237169265747
0.7411364316940308
0.9041116237640381
0.9481910467147827
0.9300844073295593
0.780789852142334
0.6698717474937439
0.902391791343689
0.6392586827278137
0.7977587580680847
0.8414689302444458
0.37844952940940857
0.819846510887146
0.8516017198562622
0.8299989104270935
0.8580343723297119
0.8399888873100281
0.7654203772544861
0.7319141626358032
0.8625088334083557
0.802383303642273
0.5988023281097412
0.5325950980186462
0.8887418508529663
0.7580375075340271
0.6237354874610901
0.9310784339904785
0.8383562564849854
0.7465992569923401
0.769801676273346
0.8815258145332336
0.8353278636932373
0.8400623798370361
0.9309669733047485
0.9113739728927612
0.43295779824256897
0.8177453875541687
0.8933160305023193
0.8428525924682617
0.7789014577865601
0.8782705664634705
0.8236430883407593
0.8622996807098389
0.8696562051773071
0.7902027368545532
0.7870827317237854
0.7890082001686096
0.8803377151489258
0.8970879912376404
0.636204719543457
0.8855561017990112
0.6324511766433716
0.8293620944023132
0.8476740121841431
0.7889263033866882
0.8274975419044495
0.8382222652435303
0.872969388961792
0.7949756383895874
0.9338442087173462
0.8954257965087891
0.909929633140564
0.8881818056106567
0.8954151272773743
0.8804137706756592
0.8145759701728821
0.7708824872970581
0.820536732673645
0.7527273297309875
0.8727026581764221
0.671891450881958
0.8228111267089844
0.8781242370605469
0.8620634078979492
0.7732970714569092
0.4508950412273407
0.8542990684509277
0.4438837170600891
0.9174457788467407
0.8449367880821228
0.8784289360046387
0.825578510761261
0.7044773101806641
0.844043493270874
0.8811915516853333
0.8087815046310425
0.9086127281188965
0.8618726134300232
0.8410013318061829
0.8985629081726074
0.915472686290741
0.9239643812179565
0.4788665473461151
0.8812003135681152
0.8504912257194519
0.808417797088623
0.776910126209259
0.6225281953811646
0.5722317695617676
0.7975162863731384
0.8228511214256287
0.658711314201355
0.8135906457901001
0.6815187335014343
0.8760063052177429
0.856882631778717
0.7485100030899048
0.8117122054100037
0.861672043800354
0.8401807546615601
0.8745709657669067
0.8533430695533752
0.5356197953224182
0.8080894947052002
0.49758923053741455
0.9156181812286377
0.6345922946929932
0.8780911564826965
0.2813560664653778
0.8534989356994629
0.6892942786216736
0.8432134389877319
0.8609786033630371
0.848879337310791
0.7647773027420044
0.8661748766899109
0.7618697285652161
0.8786047101020813
0.8414811491966248
0.7907601594924927
0.8312883973121643
0.529727578163147
0.815789520740509
0.9011350274085999
0.7454549074172974
0.7141066789627075
0.7924877405166626
0.869615912437439
0.8684231042861938
0.9074628949165344
0.5410798788070679
0.7823372483253479
0.8035563230514526
0.3983372151851654
0.861096203327179
0.7106357216835022
0.7302601337432861
0.8628314733505249
0.9229261875152588
0.7857136726379395
0.8559567928314209
0.900937020778656
0.8034369945526123
0.9692598581314087
0.7735603451728821
0.8369181156158447
0.9413973093032837
0.7388424873352051
0.8036458492279053
0.7016692161560059
0.8003304600715637
0.8081762790679932
0.9138669967651367
0.7458506226539612
0.8039909601211548
0.7380266785621643
0.7392383217811584
0.905120849609375
0.8317505121231079
0.9346957802772522
0.689069390296936
0.5182875394821167
0.91114342212677
0.7468881607055664
0.8164857625961304
0.8531941771507263
0.9603888988494873
0.8353778123855591
0.8161559104919434
0.7903910875320435
0.6211949586868286
0.5471125245094299
0.7914838194847107
0.874107837677002
0.6610700488090515
0.7888453602790833
0.6483708024024963
0.8875569105148315
0.8867462277412415
0.8819932341575623
0.7413843870162964
0.849769115447998
0.6059986352920532
0.5747225880622864
0.7982661724090576
0.7488970756530762
0.746200442314148
0.7225843667984009
0.5729889869689941
0.7542171478271484
0.6861118674278259
0.7484528422355652
0.7763945460319519
0.8753229379653931
0.6475539803504944
0.7997442483901978
0.7160085439682007
0.8507721424102783
0.8328309059143066
0.9007275104522705
0.8931033611297607
0.9012356996536255
0.70403653383255
0.5299351215362549
0.8170675039291382
0.8287949562072754
0.5028544068336487
0.8864381313323975
0.8414456844329834
0.8438743948936462
0.7823256254196167
0.8602782487869263
0.5200292468070984
0.8729695677757263
0.9576034545898438
0.7667801380157471
0.8616693019866943
0.7564764022827148
0.8210861086845398
0.8174394369125366
0.8488972187042236
0.8200415372848511
0.8244088888168335
0.9032704830169678
0.455357164144516
0.9779708981513977
0.8674948811531067
0.8155710697174072
0.8282933235168457
0.8820891380310059
0.914303719997406
0.6768162250518799
0.5733765363693237
0.7827985286712646
0.8515937328338623
0.7396429777145386
0.8599433898925781
0.7108985185623169
0.8224380016326904
0.5816046595573425
0.8623060584068298
0.884374737739563
0.8939472436904907
0.9130025506019592
0.8593463897705078
0.9538441300392151
0.882823646068573
0.8965213298797607
0.8881736993789673
0.862729549407959
0.8070580363273621
0.8622896075248718
0.887032687664032
0.8418886661529541
0.7512331604957581
0.4675212800502777
0.7411768436431885
0.6971824765205383
0.8660910129547119
0.8810151219367981
0.8602487444877625
0.9219852685928345
0.5620121359825134
0.42588940262794495
0.6140615940093994
0.6804375648498535
0.8370469808578491
0.8667007088661194
0.6555535793304443
0.5113046169281006
0.8551971912384033
0.7788863182067871
0.9456996917724609
0.9143713116645813
0.6764383912086487
0.820853590965271
0.8995227813720703
0.6575740575790405
0.8247073292732239
0.5942871570587158
0.8391919136047363
0.8322829008102417
0.8098108172416687
0.8607498407363892
0.8179901838302612
0.7782518267631531
0.8906089663505554
0.7800841927528381
0.42275330424308777
0.8515844345092773
0.89388108253479
0.9669901132583618
0.8273134231567383
0.8688265085220337
0.6505593061447144
0.7475450038909912
0.7808085083961487
0.8048911094665527
0.7918834686279297
0.792709231376648
0.582118809223175
0.8784708976745605
0.8915441632270813
0.8462862372398376
0.8828431963920593
0.5692285299301147
0.8823714256286621
0.7288946509361267
0.9235724210739136
0.6286839842796326
0.687476634979248
0.8627934455871582
0.5943479537963867
0.8514583706855774
0.6630213260650635
0.8540486097335815
0.7603055834770203
0.8369117975234985
0.8414106369018555
0.8165346384048462
0.865189254283905
0.8840124607086182
0.784095048904419
0.8235670328140259
0.8599112033843994
0.8698100447654724
0.46852535009384155
0.7851064205169678
0.4734852612018585
0.5400781631469727
0.7986088395118713
0.5153639316558838
0.8720401525497437
0.4053707718849182
0.857451319694519
0.8671203851699829
0.8094123601913452
0.8731401562690735
0.894858717918396
0.8069999814033508
0.8711071014404297
0.8205648064613342
0.7055328488349915
0.89579176902771
0.6211563944816589
0.8769581317901611
0.5504465699195862
0.6475664377212524
0.8920258283615112
0.9008894562721252
0.8181246519088745
0.9016615152359009
0.8650816082954407
0.5719196796417236
0.8871575593948364
0.7007423043251038
0.8628215789794922
0.791553795337677
0.8411858081817627
0.6332994699478149
0.8657844066619873
0.6107244491577148
0.9201492071151733
0.8285143375396729
0.8684602975845337
0.5024664402008057
0.6128328442573547
0.7948826551437378
0.8708769083023071
0.6109950542449951
0.7846709489822388
0.8981200456619263
0.9755098819732666
0.9028633832931519
0.7749234437942505
0.8050133585929871
0.8726233243942261
0.8642319440841675
0.8395206928253174
0.34446942806243896
0.834622323513031
0.7573687434196472
0.731116533279419
0.8331592679023743
0.883639931678772
0.8354560136795044
0.6396334171295166
0.8958941102027893
0.8539964556694031
0.8888140320777893
0.794426679611206
0.7298699617385864
0.8308522701263428
0.8862094879150391
0.8079220652580261
0.7930055856704712
0.9288678169250488
0.8497897386550903
0.5817340612411499
0.9010736346244812
0.8087721467018127
0.840263843536377
0.6881791949272156
0.8480215072631836
0.5819920301437378
0.9407526254653931
0.8929650187492371
0.8170671463012695
0.585075318813324
0.7845332622528076
0.9151602387428284
0.8875216245651245
0.7914538383483887
0.823183000087738
0.8941450119018555
0.9040219783782959
0.9222416877746582
0.8476910591125488
0.8095121383666992
0.8996671438217163
0.8356510400772095
0.7855453491210938
0.4671905040740967
0.880262553691864
0.8248968720436096
0.9302198886871338
0.874720573425293
0.8595278263092041
0.7976837158203125
0.8829597234725952
0.8696690797805786
0.8196008205413818
0.9832464456558228
0.9313838481903076
0.8672203421592712
0.8288895487785339
0.8149162530899048
0.7357388138771057
0.8984888792037964
0.7671070098876953
0.8529174327850342
0.8210945725440979
0.8324874043464661
0.8573099374771118
0.9888653755187988
0.8490349054336548
0.7794370651245117
0.7578096389770508
0.8120163679122925
0.8809630870819092
0.9186156988143921
0.8679922223091125
0.7924337983131409
0.9233851432800293
0.5044206380844116
0.7650479078292847
0.8089698553085327
0.7901415824890137
0.9035955667495728
0.8276768326759338
0.8140127658843994
0.8621523976325989
0.8788725137710571
0.8308430910110474
0.7453398704528809
0.5602254867553711
0.8760093450546265
0.8635227680206299
0.8435041308403015
0.8118384480476379
0.6197024583816528
0.858660101890564
0.8732584118843079
0.9461361765861511
0.7250756025314331
0.5071178674697876
0.614029049873352
0.5812681317329407
0.8709521889686584
0.8996937274932861
0.9290324449539185
0.6730084419250488
0.8575685024261475
0.7418004274368286
0.8591529130935669
0.6884018182754517
0.5639538764953613
0.7558486461639404
0.8511556386947632
0.8915878534317017
0.8717485666275024
0.8494770526885986
0.8589432835578918
0.8925250768661499
0.7937968969345093
0.8306974768638611
0.8362975120544434
0.8456603288650513
0.6978780031204224
0.9364858865737915
0.892607569694519
0.8868449926376343
0.8322159051895142
0.9558898210525513
0.8641735315322876
0.7867251634597778
0.9128212332725525
0.8923349380493164
0.8699821829795837
0.7913751602172852
0.8663909435272217
0.8962903022766113
0.87114417552948
0.8863130211830139
0.8693552017211914
0.884779691696167
0.7722934484481812
0.8615566492080688
0.5150221586227417
0.8746815323829651
0.818496584892273
0.49419867992401123
0.8820192813873291
0.8471836447715759
0.8495590686798096
0.8919538855552673
0.8974645137786865
0.5089061260223389
0.8080935478210449
0.81422358751297
0.8262945413589478
0.909837007522583
0.7508518695831299
0.6012086868286133
0.8387764096260071
0.6565224528312683
0.9668996334075928
0.534426748752594
0.6385914087295532
0.8143044710159302
0.6878937482833862
0.718035101890564
0.5173769593238831
0.8576813340187073
0.8267102837562561
0.5649690628051758
0.6967469453811646
0.5479599833488464
0.5939620137214661
0.5298067927360535
0.9061030149459839
0.838974118232727
0.8626531362533569
0.6392132043838501
0.6677383184432983
0.8771415948867798
0.8414984941482544
0.7365253567695618
0.7055782079696655
0.5878775119781494
0.8300532102584839
0.7220953106880188
0.7804462909698486
0.48341313004493713
0.42020997405052185
0.7189790606498718
0.6630544662475586
0.8719119429588318
0.621616005897522
0.3989271819591522
0.8608620166778564
0.8212949633598328
0.9254844188690186
0.8888710737228394
0.4829760193824768
0.5003445744514465
0.8746057748794556
0.9014178514480591
0.8539125323295593
0.46338996291160583
0.7685320377349854
0.7633097171783447
0.646994411945343
0.8228273391723633
0.6267637014389038
0.732589840888977
0.47295495867729187
0.43609967827796936
0.5180137157440186
0.7940453290939331
0.8649770021438599
0.8709034323692322
0.8545162677764893
0.7973251342773438
0.8828422427177429
0.836581826210022
0.4724056124687195
0.5605319738388062
0.8391889333724976
0.4947993755340576
0.8395653963088989
0.940109133720398
0.8758261203765869
0.32359564304351807
0.7916422486305237
0.8387792110443115
0.9287017583847046
0.5815601348876953
0.749121904373169
0.6854833960533142
0.9785027503967285
0.47829470038414
0.7016868591308594
0.8846608996391296
0.8199032545089722
0.6836792230606079
0.9324017763137817
0.6911624670028687
0.4647248387336731
0.775714635848999
0.7758574485778809
0.7895950078964233
0.6699554920196533
0.8823161125183105
0.5668906569480896
0.6498061418533325
0.5671260952949524
0.8799322843551636
0.8376318216323853
0.8443533182144165
0.9292090535163879
0.5404719114303589
0.6925784349441528
0.8849518299102783
0.8890641927719116
0.7831405997276306
0.8384042978286743
0.9300922751426697
0.693359911441803
0.8299312591552734
0.9040486812591553
0.47616443037986755
0.866422176361084
0.8813174962997437
0.8296973705291748
0.8588678240776062
0.8855645060539246
0.9089404344558716
0.6937075853347778
0.832355260848999
0.8189380168914795
0.8000235557556152
0.8785689473152161
0.846795380115509
0.8998169302940369
0.7446081638336182
0.8272901773452759
0.9343916177749634
0.9379154443740845
0.3106543719768524
0.6506040096282959
0.8454138040542603
0.744673490524292
0.8586769104003906
0.7722204327583313
0.8454270362854004
0.7859483361244202
0.7392084002494812
0.6685714721679688
0.7413463592529297
0.8681657314300537
0.8001586198806763
0.8939139246940613
0.9091850519180298
0.91074138879776
0.7780545949935913
0.6501585245132446
0.6256786584854126
0.9765205979347229
0.4742284119129181
0.4743170738220215
0.7014517784118652
0.6399497985839844
0.8482559323310852
0.5654454231262207
0.7783416509628296
0.7472792267799377
0.8962427377700806
0.7934430837631226
0.5924429297447205
0.8382958769798279
0.9909482002258301
0.8311940431594849
0.7720848321914673
0.7687873244285583
0.9406538009643555
0.5921014547348022
0.7953479886054993
0.8843944668769836
0.8754958510398865
0.895312488079071
0.6387542486190796
0.8879570960998535
0.7054377794265747
0.7298487424850464
0.9735846519470215
0.9351364970207214
0.8320757150650024
0.8917678594589233
0.9450322985649109
0.5572755336761475
0.8227090835571289
0.8828268647193909
0.8178273439407349
0.6833893060684204
0.8371517658233643
0.8682399988174438
0.8438214063644409
0.8566843271255493
0.48580464720726013
0.6075665950775146
0.7051221132278442
0.8099740743637085
0.8549152612686157
0.8979991674423218
0.5704624652862549
0.9127914309501648
0.7819746732711792
0.6553280353546143
0.7273719906806946
0.8305670022964478
0.8419398069381714
0.6706560850143433
0.9122940301895142
0.8580959439277649
0.5708210468292236
0.7877318859100342
0.49244174361228943
0.9133532047271729
0.6766563653945923
0.8675523400306702
0.63893723487854
0.6917543411254883
0.44534069299697876
0.725230872631073
0.6244159936904907
0.7969967722892761
0.8804618120193481
0.5272212028503418
0.8358795642852783
0.7998791337013245
0.845963716506958
0.8741533756256104
0.9086022973060608
0.8573983907699585
0.588254451751709
0.7846077680587769
0.8420367240905762
0.8418028354644775
0.8501923680305481
0.891790509223938
0.3596114218235016
0.8111265897750854
0.842007577419281
0.8802844285964966
0.738582968711853
0.7821247577667236
0.8879353404045105
0.7377892136573792
0.8983576893806458
0.9214541912078857
0.7591496706008911
0.6985120177268982
0.8805286884307861
0.8261315822601318
0.9129859209060669
0.8557207584381104
0.9345450401306152
0.6892786622047424
0.8878398537635803
0.8578628897666931
0.941733717918396
0.8287708163261414
0.8858610987663269
0.8083678483963013
0.8504288196563721
0.7151293158531189
0.7214860320091248
0.896103024482727
0.5056092739105225
0.8208470344543457
0.8332074284553528
0.662305474281311
0.6231820583343506
0.8385602235794067
0.8278370499610901
0.8235214948654175
0.8749582767486572
0.8056591153144836
0.9268872141838074
0.669624388217926
0.8350536823272705
0.7753058671951294
0.8209542036056519
0.4553743898868561
0.684384822845459
0.8462444543838501
0.7615662813186646
0.886030912399292
0.883918046951294
0.7357006072998047
0.8455705046653748
0.6322104930877686
0.7799558639526367
0.874173104763031
0.889262318611145
0.5645650625228882
0.8222606182098389
0.6259150505065918
0.7453335523605347
0.5630792379379272
0.8528617024421692
0.8769934773445129
0.7856899499893188
0.8554427623748779
0.768244743347168
0.5215683579444885
0.6914200186729431
0.8317101001739502
0.8355739116668701
0.8880320191383362
0.9352548718452454
0.8140819072723389
0.7611506581306458
0.8935712575912476
0.804619550704956
0.7458384037017822
0.6299475431442261
0.8031537532806396
0.8630399107933044
0.5620143413543701
0.7218527793884277
0.9104115962982178
0.761337161064148
0.8476325273513794
0.859046459197998
0.7198017239570618
0.6320931911468506
0.5066562294960022
0.8960658311843872
0.6652545928955078
0.8731739521026611
0.5860922336578369
0.900110125541687
0.7117197513580322
0.9527320861816406
0.8407402038574219
0.9378262162208557
0.8935278058052063
0.6086214780807495
0.9011605381965637
0.4208970367908478
0.8518609404563904
0.8282750844955444
0.6364796757698059
0.814099133014679
0.8840283155441284
0.8070741891860962
0.6132799983024597
0.8365471363067627
0.6388145685195923
0.7946094274520874
0.7285828590393066
0.816186249256134
0.8586480617523193
0.5498614311218262
0.9077048301696777
0.8658343553543091
0.8412702083587646
0.4392125606536865
0.8247194290161133
0.7677600979804993
0.7996267080307007
0.858720064163208
0.8818014860153198
0.862431526184082
0.8202264308929443
0.8472079634666443
0.6438122391700745
0.780942440032959
0.9778828620910645
0.777521014213562
0.7707676887512207
0.7295660972595215
0.4730550944805145
0.5588415265083313
0.8745521306991577
0.692005455493927
0.8770340085029602
0.8826355338096619
0.846299409866333
0.7738732099533081
0.8172307014465332
0.8677402138710022
0.8111913204193115
0.863300085067749
0.44435420632362366
0.8575989603996277
0.8329247832298279
0.8189105987548828
0.840492844581604
0.7749614715576172
0.8561310172080994
0.8574991226196289
0.6277093887329102
0.8823094964027405
0.5311759114265442
0.7628777027130127
0.8547758460044861
0.8546229600906372
0.8938405513763428
0.6840797662734985
0.625977635383606
0.8489529490470886
0.5673842430114746
0.34747064113616943
0.8345367908477783
0.7896039485931396
0.7961938381195068
0.8083556294441223
0.8123129606246948
0.7366122007369995
0.5436661839485168
0.6323627233505249
0.8594294786453247
0.8847583532333374
0.7416923642158508
0.5882082581520081
0.8820160031318665
0.8082262277603149
0.7626386880874634
0.8160567283630371
0.8083735108375549
0.9368414878845215
0.8707852363586426
0.8927755355834961
0.8495745658874512
0.8010886907577515
0.815423309803009
0.9317122101783752
0.803520917892456
0.8948362469673157
0.8762842416763306
0.8833574056625366
0.44925549626350403
0.820160448551178
0.602737307548523
0.7960048913955688
0.9070695042610168
0.480596125125885
0.6874713897705078
0.8936312198638916
0.6817871332168579
0.700452446937561
0.8134328722953796
0.9301448464393616
0.8126769661903381
0.8499186038970947
0.9410388469696045
0.8303384780883789
0.9709815979003906
0.8635978102684021
0.7715981006622314
0.7208746671676636
0.8374204635620117
0.8231071829795837
0.8719207048416138
0.8040733337402344
0.8153012990951538
0.7899539470672607
0.8242523670196533
0.9574815034866333
0.9163315296173096
0.8720723986625671
0.9110274910926819
0.7778277397155762
0.8438979387283325
0.809285044670105
0.7761354446411133
0.8901036977767944
0.6930992603302002
0.6508897542953491
0.855045735836029
0.8594157099723816
0.8308084011077881
0.8563377857208252
0.8749397993087769
0.8528494834899902
0.8695622682571411
0.7754395008087158
0.8127122521400452
0.8827357292175293
0.8367928266525269
0.8375115990638733
0.9043917059898376
0.8080441355705261
0.8946744203567505
0.7847172021865845
0.8640235066413879
0.8744784593582153
0.8282573223114014
0.7955251932144165
0.8040888905525208
0.780841588973999
0.8667935729026794
0.8874548673629761
0.5935052633285522
0.9074025750160217
0.7321205735206604
0.8617138862609863
0.5517624020576477
0.39655616879463196
0.8743326663970947
0.6795710325241089
0.6324925422668457
0.8583185076713562
0.8661618232727051
0.9671893119812012
0.8914278745651245
0.8846869468688965
0.8580187559127808
0.6462793350219727
0.7117208242416382
0.8933855295181274
0.6407853364944458
0.6209473609924316
0.6240869164466858
0.8091932535171509
0.8754380345344543
0.5925014615058899
0.803449809551239
0.6789368391036987
0.8396090865135193
0.8029178977012634
0.8742111325263977
0.8036895990371704
0.8350448608398438
0.845111608505249
0.5617048144340515
0.8689749240875244
0.8369715213775635
0.8764296174049377
0.9261717796325684
0.8706034421920776
0.5325835943222046
0.9110050201416016
0.8840199112892151
0.8068928718566895
0.6011859178543091
0.8247781991958618
0.5313816666603088
0.7494898438453674
0.5280063152313232
0.9051262140274048
0.8051207661628723
0.9222649335861206
0.9469135403633118
0.4289046823978424
0.7247054576873779
0.5938214659690857
0.8730083703994751
0.7420172691345215
0.795829176902771
0.8541377186775208
0.779389500617981
0.8511267900466919
0.7865375280380249
0.8675620555877686
0.9079242944717407
0.7710791826248169
0.8587957620620728
0.9075469970703125
0.6331441402435303
0.8814356327056885
0.41774222254753113
0.8994879126548767
0.8642601370811462
0.8840973973274231
0.7706599235534668
0.7062196731567383
0.8076521754264832
0.8959771394729614
0.5573728680610657
0.6635698080062866
0.8696346282958984
0.9119725823402405
0.6614671945571899
0.8285874128341675
0.7212128043174744
0.8910751938819885
0.9333779215812683
0.8112438321113586
0.6269960403442383
0.8397185802459717
0.8408055305480957
0.631425678730011
0.5392833948135376
0.8476592898368835
0.7847102284431458
0.8712360262870789
0.7566083669662476
0.8680124282836914
0.8839273452758789
0.9154137372970581
0.8501220345497131
0.8410363793373108
0.7785993814468384
0.6760357618331909
0.8886063098907471
0.5670366287231445
0.8792658448219299
0.678766667842865
0.8219106197357178
0.8125664591789246
0.6152151823043823
0.8332021832466125
0.6890859007835388
0.748469352722168
0.8618757128715515
0.8109300136566162
0.7567251920700073
0.6833897829055786
0.8781442642211914
0.8190389275550842
0.9165356755256653
0.8707442879676819
0.8694536089897156
0.8506856560707092
0.8495684862136841
0.7399412989616394
0.8876277804374695
0.8721373081207275
0.9543218016624451
0.8482506275177002
0.6674960851669312
0.8672726154327393
0.8328769207000732
0.8214346170425415
0.7288938760757446
0.8356345295906067
0.7872222661972046
0.914274275302887
0.8274542093276978
0.7526990175247192
0.8463260531425476
0.8419169783592224
0.7260442972183228
0.904489278793335
0.44892483949661255
0.8570626974105835
0.8772508502006531
0.8452771902084351
0.8329582810401917
0.8321897983551025
0.8284584879875183
0.9250936508178711
0.9544815421104431
0.8361698389053345
0.9346462488174438
0.8853863477706909
0.6607595682144165
0.7774164080619812
0.8389401435852051
0.8498047590255737
0.8314197063446045
0.8826533555984497
0.7190067768096924
0.7765568494796753
0.8871718645095825
0.7939926385879517
0.5275142192840576
0.6294947862625122
0.9057958126068115
0.5352299809455872
0.7957567572593689
0.8608499765396118
0.8239213228225708
0.8389305472373962
0.8477165699005127
0.7959572672843933
0.7420599460601807
0.6850762367248535
0.8678688406944275
0.9027376770973206
0.8720648288726807
0.9013682007789612
0.7184702157974243
0.784737229347229
0.575258731842041
0.7907891869544983
0.4956689178943634
0.8359793424606323
0.6608860492706299
0.7425227165222168
0.8237064480781555
0.8427157998085022
0.5466223359107971
0.9149518609046936
0.7043776512145996
0.780707597732544
0.7633016109466553
0.9012507200241089
0.7568228244781494
0.8551344871520996
0.5863991975784302
0.8505049347877502
0.5430548191070557
0.8726354241371155
0.8196294903755188
0.8838971257209778
0.8757393956184387
0.8534572124481201
0.8734469413757324
0.8632220029830933
0.7054898738861084
0.7720518112182617
0.8848338723182678
0.8497320413589478
0.9678401947021484
0.868452250957489
0.5415326356887817
0.7881102561950684
0.8306987285614014
0.7053848505020142
0.8081082701683044
0.8587223887443542
0.8186365365982056
0.8005586862564087
0.8550806045532227
0.6582894325256348
0.8089742660522461
0.8904099464416504
0.8893400430679321
0.8199440240859985
0.8088292479515076
0.89180588722229
0.849317193031311
0.884354293346405
0.8440507650375366
0.759487509727478
0.8556106090545654
0.9055219292640686
0.5107203125953674
0.843726396560669
0.8794947862625122
0.7980948686599731
0.8221008777618408
0.7540379166603088
0.9701788425445557
0.8234375715255737
0.8169494867324829
0.8809986114501953
0.9227108955383301
0.849550724029541
0.7884397506713867
0.9104270935058594
0.7272917032241821
0.7944009304046631
0.8870881795883179
0.6434578895568848
0.8535970449447632
0.8427008390426636
0.8716892004013062
0.8304393291473389
0.8305973410606384
0.5312110185623169
0.7782570123672485
0.9287229776382446
0.7083737850189209
0.6330902576446533
0.7045999765396118
0.8400760889053345
0.8676121830940247
0.8184091448783875
0.8202984929084778
0.8859472274780273
0.7929012775421143
0.7910780310630798
0.8401317596435547
0.8309378623962402
0.813765823841095
0.7169183492660522
0.6755337715148926
0.8579208850860596
0.8705915212631226
0.858967661857605
0.6357935667037964
0.6564173698425293
0.9023419618606567
0.854423999786377
0.4607917070388794
0.6333345174789429
0.8595418930053711
0.8822965621948242
0.948188066482544
0.8845492601394653
0.845992922782898
0.8468584418296814
0.9201281666755676
0.8362876176834106
0.7104496955871582
0.8807700872421265
0.8969515562057495
0.8356195688247681
0.8396293520927429
0.555314302444458
0.741480827331543
0.7811696529388428
0.5639827847480774
0.8818655014038086
0.897280216217041
0.8535692691802979
0.8183041214942932
0.892159104347229
0.8632199764251709
0.6128162145614624
0.8998895287513733
0.8899269104003906
0.5407151579856873
0.45818039774894714
0.7796450257301331
0.7967692613601685
0.8860058784484863
0.793455958366394
0.8456013798713684
0.8583847284317017
0.8346858024597168
0.7707734107971191
0.833966851234436
0.8677221536636353
0.8923380970954895
0.7954713106155396
0.816521167755127
0.8742352724075317
0.8591452836990356
0.8246342539787292
0.4630173146724701
0.8266905546188354
0.8947315812110901
0.41856926679611206
0.9407589435577393
0.6811031103134155
0.825211763381958
0.8209749460220337
0.5391331911087036
0.8061251044273376
0.8210741281509399
0.587615966796875
0.8039392232894897
0.8065600991249084
0.8799139261245728
0.6958652138710022
0.5837828516960144
0.763601541519165
0.810408890247345
0.49776214361190796
0.8671457767486572
0.92066490650177
0.9217276573181152
0.6763836741447449
0.7921003699302673
0.8759477734565735
0.7920742630958557
0.8716983795166016
0.876650333404541
0.7645906209945679
0.5677685737609863
0.9536110162734985
0.5883159637451172
0.8869054317474365
0.8274697661399841
0.7121415734291077
0.77257239818573
0.9079917669296265
0.9075024127960205
0.8056639432907104
0.8116949796676636
0.8262718319892883
0.7864573001861572
0.8484612107276917
0.8639366030693054
0.5121905207633972
0.47921621799468994
0.8210740089416504
0.7823492884635925
0.8315296173095703
0.6379391551017761
0.6128557920455933
0.8843489289283752
0.5454594492912292
0.8368842601776123
0.9166355729103088
0.8927768468856812
0.8265396952629089
0.6651650667190552
0.8431468605995178
0.9060612916946411
0.7299952507019043
0.8729758262634277
0.5329854488372803
0.8284838199615479
0.8387713432312012
0.8520263433456421
0.8687313795089722
0.8285410404205322
0.6903364658355713
0.6446505784988403
0.8785144090652466
0.7536013722419739
0.8891167640686035
0.6576298475265503
0.8815896511077881
0.7393198609352112
0.6050959825515747
0.765274167060852
0.7293123602867126
0.7355197072029114
0.918560266494751
0.9041075110435486
0.5724397301673889
0.4888845980167389
0.7764767408370972
0.8798896074295044
0.9142769575119019
0.8014711141586304
0.7841373682022095
0.790769100189209
0.7289594411849976
0.7567277550697327
0.8874592781066895
0.9061172008514404
0.8180864453315735
0.6713975071907043
0.9730039834976196
0.6482499241828918
0.8421573638916016
0.7992091178894043
0.42633429169654846
0.822475016117096
0.7933085560798645
0.4750930666923523
0.3899396061897278
0.8691421151161194
0.7399582862854004
0.3668087422847748
0.7773858308792114
0.944404125213623
0.9214407801628113
0.8233354687690735
0.8756217360496521
0.8598202466964722
0.6777778267860413
0.8174868822097778
0.8836541175842285
0.8620088696479797
0.7167516946792603
0.8919491767883301
0.599373459815979
0.8956955671310425
0.5957474708557129
0.8703780174255371
1.0011937618255615
0.8691262006759644
0.6773561239242554
0.582684338092804
0.820752739906311
0.496520459651947
0.8783103823661804
0.670930802822113
0.6349430084228516
0.570889949798584
0.49572211503982544
0.741348922252655
0.8864087462425232
0.9539011120796204
0.8553633093833923
0.8024347424507141
0.9003018140792847
0.9090479612350464
0.9357191324234009
0.8976296186447144
0.9026119709014893
0.9255408048629761
0.9067512154579163
0.8804197311401367
0.8864324688911438
0.9820539951324463
0.8095135688781738
0.9369235038757324
0.8180922269821167
0.8698626160621643
0.8490533828735352
0.759185791015625
0.8650792241096497
0.8671255707740784
0.9149831533432007
0.9236584305763245
0.6558845043182373
0.7893059849739075
0.9004676342010498
0.8902327418327332
0.9067835807800293
0.4637262225151062
0.571784257888794
0.8549185991287231
0.8610532283782959
0.9056428074836731
0.8166825175285339
0.861770749092102
0.8015197515487671
0.7707536220550537
0.870916485786438
0.8585963249206543
0.608082115650177
0.6559236645698547
0.85508131980896
0.768561840057373
0.8603215217590332
0.796945333480835
0.7796667814254761
0.742656409740448
0.7850640416145325
0.856946587562561
0.8714640140533447
0.4998430907726288
0.513201117515564
0.9152090549468994
0.9150021076202393
0.8722386360168457
0.8783575892448425
0.5828499794006348
0.8108083009719849
0.853650689125061
0.6190561652183533
0.8294157385826111
0.6845818758010864
0.8314051628112793
0.4737071692943573
0.8353216052055359
0.6503071784973145
0.852135419845581
0.8335245847702026
0.8377612829208374
0.8458461165428162
0.9069696664810181
0.9075011014938354
0.5410475730895996
0.8377895951271057
0.8545008301734924
0.6567428112030029
0.8625335097312927
0.9029066562652588
0.8078596591949463
0.8451575636863708
0.9343844056129456
0.8989396095275879
0.5955239534378052
0.8036248087882996
0.8249143362045288
0.9041709899902344
0.6372151970863342
0.5649905204772949
0.8437301516532898
0.8662059307098389
0.8602111339569092
0.7806671857833862
0.8793015480041504
0.5178422927856445
0.7337507009506226
0.8632277846336365
0.9224625825881958
0.6829578280448914
0.717521071434021
0.8908681869506836
0.8467204570770264
0.9335401058197021
0.8733843564987183
0.8021106719970703
0.855189323425293
0.7880622148513794
0.9175701141357422
0.7746824026107788
0.9252369403839111
0.7389203310012817
0.8818079233169556
0.817980170249939
0.8897591233253479
0.8840510249137878
0.7014613151550293
0.9527066946029663
0.8284206390380859
0.7818441987037659
0.8202282190322876
0.6929534673690796
0.8588060736656189
0.8786305785179138
0.8319606184959412
0.8945025205612183
0.8890094757080078
0.783962070941925
0.8428846597671509
0.8186121582984924
0.9819225072860718
0.5479258298873901
0.7700286507606506
0.4508264660835266
0.920712411403656
0.5064337849617004
0.8592604398727417
0.8509283065795898
0.7844745516777039
0.49032118916511536
0.7624003887176514
0.9246437549591064
0.7944624423980713
0.9007351994514465
0.806851863861084
0.7852519750595093
0.8642295002937317
0.8222026824951172
0.8747417330741882
0.9073513746261597
0.7964744567871094
0.8267782926559448
0.7861274480819702
0.9030921459197998
0.822762131690979
0.766055703163147
0.7283086180686951
0.8846365213394165
0.5004851222038269
0.8160510063171387
0.45328015089035034
0.8729435205459595
0.7466297149658203
0.8740262985229492
0.5295302867889404
0.6053892970085144
0.555992841720581
0.7912395000457764
0.8366889357566833
0.8770749568939209
0.7338098287582397
0.6834398508071899
0.8699321150779724
0.8781188130378723
0.6170896291732788
0.9025442600250244
0.7662906050682068
0.8187432289123535
0.9417893886566162
0.9051883816719055
0.8972371220588684
0.9175539016723633
0.8922352194786072
0.8064258098602295
0.8889023065567017
0.39816656708717346
0.707656979560852
0.7686194181442261
0.848567545413971
0.8396386504173279
0.8891751766204834
0.8352771997451782
0.8930039405822754
0.6434909105300903
0.8365626931190491
0.9065638780593872
0.8186616897583008
0.896847665309906
0.8857561349868774
0.8490312099456787
0.925984799861908
0.8348481059074402
0.8400766849517822
0.8470871448516846
0.8900953531265259
0.9577728509902954
0.8181899785995483
0.8396692276000977
0.8851824998855591
0.8651880621910095
0.6646175384521484
0.6464852690696716
0.7943916320800781
0.9039308428764343
0.7155272364616394
0.9724656343460083
0.8077775835990906
0.9583578109741211
0.9052072167396545
0.883922815322876
0.6945536136627197
0.6736211776733398
0.798122227191925
0.8735944032669067
0.8975486755371094
0.6556350588798523
0.6282311081886292
0.9408767223358154
0.8419672846794128
0.7555136680603027
0.836794376373291
0.8731173872947693
0.8236000537872314
0.620905339717865
0.8314287066459656
0.8432724475860596
0.8318134546279907
0.7629496455192566
0.8349609375
0.7014050483703613
0.8797763586044312
0.8310602903366089
0.8502371311187744
0.8700789213180542
0.7889931201934814
0.4436573386192322
0.8900049924850464
0.8383828997612
0.8720253109931946
0.8678206205368042
0.7510062456130981
0.8430063724517822
0.6123907566070557
0.7886780500411987
0.7043889760971069
0.8484785556793213
0.535301148891449
0.4767533242702484
0.8440651893615723
0.9322794675827026
0.8053607940673828
0.8469486832618713
0.859372615814209
0.4728418290615082
0.4296751320362091
0.8976706862449646
0.8283355832099915
0.8611620664596558
0.6828861236572266
0.8266842365264893
0.896111249923706
0.8634936809539795
0.8511340618133545
0.8086389303207397
0.9007198810577393
0.7160741090774536
0.782726526260376
0.4848794937133789
0.7165608406066895
0.825411319732666
0.8462212085723877
0.5997326374053955
0.8983652591705322
0.83179771900177
0.8979998826980591
0.5048460364341736
0.8487512469291687
0.8855406045913696
0.8804266452789307
0.9094030857086182
0.6907791495323181
0.45136794447898865
0.5269135236740112
0.9037012457847595
0.9128796458244324
0.9133511781692505
0.3628518283367157
0.8890858888626099
0.5307275652885437
0.9241780042648315
0.5936142802238464
0.7744916677474976
0.7394845485687256
0.9079064726829529
0.843622088432312
0.8645954132080078
0.8927031755447388
0.7724169492721558
0.606155276298523
0.8217202425003052
0.6921682953834534
0.9331802725791931
0.8309690952301025
0.6862436532974243
0.8226726055145264
0.9091962575912476
0.628680944442749
0.9090572595596313
0.5893127918243408
0.8247146606445312
0.879419207572937
0.8166753053665161
0.8459131121635437
0.9389972686767578
0.5168300867080688
0.8579967617988586
0.9247533082962036
0.9441549181938171
0.5172866582870483
0.49679553508758545
0.6645417213439941
0.9098957777023315
0.5061458349227905
0.7989635467529297
0.6758851408958435
0.6793961524963379
0.7663804292678833
0.8274017572402954
0.8588374853134155
0.7550535798072815
0.8016339540481567
0.7215250730514526
0.8603247404098511
0.8766008615493774
0.7658248543739319
0.8916842937469482
0.8453726768493652
0.886649489402771
0.8586438894271851
0.6581002473831177
0.821121335029602
0.814003050327301
0.8862684369087219
0.8297669887542725
0.827911376953125
0.7611764669418335
0.5916364192962646
0.8091441988945007
0.8642716407775879
0.8516051173210144
0.7993071675300598
0.8817905187606812
0.5586388111114502
0.419993132352829
0.6317213773727417
0.4240150451660156
0.9082056283950806
0.8841893672943115
0.649381160736084
0.6681454181671143
0.8288604021072388
0.7399788498878479
0.8932410478591919
0.6216660737991333
0.5752098560333252
0.8489539623260498
0.8198274374008179
0.8456759452819824
0.4541740417480469
0.8479002714157104
0.4509636461734772
0.7336506843566895
0.8755614757537842
0.9174219369888306
0.8995856046676636
0.5435101985931396
0.8185286521911621
0.7265012264251709
0.925121009349823
0.7753391861915588
0.8063554167747498
0.8814151287078857
0.8900520205497742
0.7776065468788147
0.9294138550758362
0.8075584769248962
0.8287838697433472
0.68776935338974
0.4784891903400421
0.8762056827545166
0.8368467092514038
0.8649963140487671
0.7411649227142334
0.9189983606338501
0.8986257910728455
0.8427361249923706
0.9148944616317749
0.8565170764923096
0.8800703287124634
0.8887370824813843
0.5794239044189453
0.7117775678634644
0.4118554890155792
0.6979374885559082
0.8769996166229248
0.8603732585906982
0.8799823522567749
0.8159264326095581
0.8233293294906616
0.8074050545692444
0.682709813117981
0.8984873294830322
0.7466589212417603
0.75422203540802
0.572498083114624
0.896209716796875
0.8134273290634155
0.7446995377540588
0.8668815493583679
0.7852940559387207
0.8313396573066711
0.8364341259002686
0.8461354970932007
0.5151029825210571
0.8145778179168701
0.8934972286224365
0.8968222141265869
0.5469610691070557
0.8105076551437378
0.730109453201294
0.885632336139679
0.8316453099250793
0.787115216255188
0.8335229754447937
0.8338863849639893
0.5777115821838379
0.8502559065818787
0.7471680641174316
0.7433840036392212
0.8290821313858032
0.7302278280258179
0.6239432096481323
0.8548223972320557
0.5758966207504272
0.8319464921951294
0.8605356216430664
0.7722039222717285
0.8267379999160767
0.886370837688446
0.7954205274581909
0.5017098784446716
0.886536180973053
0.8323957324028015
0.9259127974510193
0.5215722918510437
0.556995153427124
0.6132243275642395
0.8320003747940063
0.5695210099220276
0.8920921683311462
0.9655070900917053
0.7334861755371094
0.8909764289855957
0.8884744048118591
0.8380409479141235
0.8539674282073975
0.6586594581604004
0.5816969871520996
0.8963467478752136
0.9112276434898376
0.8588950634002686
0.6923501491546631
0.9186651110649109
0.844495952129364
0.836810290813446
0.6639484167098999
0.7699475884437561
0.743459165096283
0.7427116632461548
0.8777667284011841
0.6483522653579712
0.8170422315597534
0.8520327806472778
0.8977000713348389
0.46732792258262634
0.746687650680542
0.8575167655944824
0.9166276454925537
0.8718761801719666
0.8776670098304749
0.899936318397522
0.8969597220420837
0.808278501033783
0.8247281312942505
0.9709209203720093
0.4323769211769104
0.8262256979942322
0.866047739982605
0.8700644969940186
0.9280403852462769
0.7304153442382812
0.864368200302124
0.8317370414733887
0.7230245471000671
0.5782371759414673
0.8845462203025818
0.8415929079055786
0.3680565655231476
0.8712262511253357
0.9108097553253174
0.8318827152252197
0.5647079348564148
0.8100318908691406
0.9744758009910583
0.8188960552215576
0.6201268434524536
0.8012079000473022
0.49233490228652954
0.8650031089782715
0.8358305096626282
0.8038923740386963
0.887069821357727
0.566002607345581
0.8412185311317444
0.867978572845459
0.7094665169715881
0.7919461727142334
0.723536491394043
0.47361060976982117
0.4598250985145569
0.5818830132484436
0.8183950185775757
0.8968319892883301
0.881937563419342
0.8963146209716797
0.746711015701294
0.734964907169342
0.8969522714614868
0.7915441989898682
0.8392509818077087
0.5402815937995911
0.45850059390068054
0.8552989959716797
0.871006429195404
0.5408191084861755
0.8959736824035645
0.73089200258255
0.8455148935317993
0.7293960452079773
0.5131754875183105
0.595571756362915
0.37677714228630066
0.6119611859321594
0.8737913370132446
0.6266161799430847
0.4749383330345154
0.6357389688491821
0.822648823261261
0.8753845691680908
0.6722399592399597
0.7255358099937439
0.840478777885437
0.755778431892395
0.8710522055625916
0.788196325302124
0.7751142382621765
0.8011317849159241
0.6452814936637878
0.7911643981933594
0.3487713634967804
0.7895913124084473
0.5714658498764038
0.8640942573547363
0.9339343905448914
0.5842450261116028
0.8543221354484558
0.5088722705841064
0.8716745972633362
0.8740941286087036
0.633652925491333
0.7905799746513367
0.7423260807991028
0.8755685687065125
0.9078449010848999
0.6031094193458557
0.933942437171936
0.8490514755249023
0.9419327974319458
0.8991690874099731
0.8656787872314453
0.858122706413269
0.8562849760055542
0.5316722393035889
0.7733036279678345
0.6871525645256042
0.8260910511016846
0.9428210258483887
0.801439106464386
0.9370231628417969
0.8483574390411377
0.7834583520889282
0.8800835609436035
0.8848689198493958
0.8081163167953491
0.6977858543395996
0.8677111864089966
0.49139857292175293
0.8543046712875366
0.8364822268486023
0.4541803002357483
0.8680814504623413
0.8751199245452881
0.6345008015632629
0.9028677344322205
0.8633452653884888
0.8558138012886047
0.7960883378982544
0.5256110429763794
0.32476291060447693
0.7229092121124268
0.892833411693573
0.8403325080871582
0.8435081243515015
0.8484591245651245
0.9283866882324219
0.8588094115257263
0.7873267531394958
0.8463772535324097
0.8599675893783569
0.5911906361579895
0.9284164309501648
0.8913059234619141
0.8568523526191711
0.4969734847545624
0.7374101877212524
0.8594690561294556
0.8401257991790771
0.7890245914459229
0.5407864451408386
0.7737583518028259
0.6975741386413574
0.8225439786911011
0.8167067170143127
0.8613088726997375
0.8812810778617859
0.532179594039917
0.8455814719200134
0.8203823566436768
0.846555233001709
0.8654085397720337
0.9264907836914062
0.8638966679573059
0.5686748027801514
0.8713322281837463
0.8606885671615601
0.7688634991645813
0.5668129920959473
0.8677327632904053
0.5863799452781677
0.6176371574401855
0.93243807554245
0.5520451664924622
0.7248572707176208
0.6438800692558289
0.7849618196487427
0.8234419226646423
0.8979952335357666
0.8356020450592041
0.8220645189285278
0.7391165494918823
0.8128277659416199
0.7701176404953003
0.8579757213592529
0.6407285928726196
0.8143510222434998
0.926294207572937
0.8396066427230835
0.8610621690750122
0.6715648770332336
0.8900899887084961
0.8987978100776672
0.7557228803634644
0.862995982170105
0.6356343030929565
0.8130127787590027
0.8241084814071655
0.6262487769126892
0.897951602935791
0.818605899810791
0.5609434843063354
0.7779194116592407
0.7614843845367432
0.8852748870849609
0.9066811800003052
0.8102879524230957
0.8692111968994141
0.7276158332824707
0.7912581562995911
0.9085704684257507
0.7940976023674011
0.7637819051742554
0.9273056983947754
0.7911751866340637
0.7806190848350525
0.9005951285362244
0.8568552732467651
0.802178144454956
0.42649510502815247
0.8113498687744141
0.7902857065200806
0.8633896708488464
0.6300101280212402
0.7185201048851013
0.8373673558235168
0.6551600694656372
0.7032336592674255
0.6692702770233154
0.907956600189209
0.8760095834732056
0.7024953365325928
0.7996264100074768
0.8034071922302246
0.789795458316803
0.8927793502807617
0.49669167399406433
0.8678156137466431
0.7962099313735962
0.8282981514930725
0.48675668239593506
0.9171245098114014
0.8212088942527771
0.8499888181686401
0.8745236992835999
0.6844688653945923
0.6864675283432007
0.8035858869552612
0.9132630825042725
0.8818985819816589
0.6823276281356812
0.849169909954071
0.8189007043838501
0.9043937921524048
0.8748037219047546
0.8763967752456665
0.8668878078460693
0.7205445766448975
0.6381891965866089
0.5478901863098145
0.6451816558837891
0.8245939016342163
0.8397386074066162
0.8453420400619507
0.8384318351745605
0.916404128074646
0.8332464694976807
0.7463048696517944
0.7810226082801819
0.5548201203346252
0.674441933631897
0.6848779320716858
0.8617581725120544
0.8657088279724121
0.8082617521286011
0.7323122024536133
0.7621128559112549
0.8746273517608643
0.7700738906860352
0.9241482615470886
0.9417405128479004
0.875324010848999
0.69548499584198
0.9140334129333496
0.8789107799530029
0.6239166259765625
0.8799354434013367
0.7331013679504395
0.873298704624176
0.8577994108200073
0.7374835014343262
0.6091485619544983
0.5877248048782349
0.8110989928245544
0.8418980240821838
0.5400444269180298
0.8737198710441589
0.8356786966323853
0.8352586030960083
0.6589363813400269
0.7803088426589966
0.8467246294021606
0.8727033138275146
0.8674575090408325
0.8842164874076843
0.8818276524543762
0.4247577488422394
0.6919063329696655
0.7833854556083679
0.8877972364425659
0.7807968854904175
0.9077266454696655
0.8658251762390137
0.6285352110862732
0.8352824449539185
0.5852103233337402
0.8228905200958252
0.8162755966186523
0.7705956697463989
0.8688664436340332
0.7597134113311768
0.8511570692062378
0.8265085220336914
0.8656622171401978
0.8053537011146545
0.8222147226333618
0.42184171080589294
0.6564946174621582
0.5308844447135925
0.7722747325897217
0.9488838911056519
0.685709536075592
0.8974319100379944
0.774506688117981
0.902961790561676
0.5988115668296814
0.6082822680473328
0.8500775098800659
0.8595899939537048
0.5634551048278809
0.8393288850784302
0.8112168312072754
0.8139592409133911
0.7855970859527588
0.8778799772262573
0.7749032974243164
0.800325870513916
0.8494884967803955
0.8667311072349548
0.8497423529624939
0.901461124420166
0.8949207067489624
0.8675603270530701
0.8727154731750488
0.8798370361328125
0.7762738466262817
0.8660801649093628
0.5883045792579651
0.7608577013015747
0.7078017592430115
0.8358851671218872
0.8447237014770508
0.8282374143600464
0.8029580116271973
0.6041747331619263
0.9061012268066406
0.7909212708473206
0.8487375974655151
0.8441274166107178
0.8604224324226379
0.39369380474090576
0.8662952184677124
0.7489368319511414
0.8020888566970825
0.7115275859832764
0.5797275900840759
0.6808620691299438
0.9200996160507202
0.8875841498374939
0.8601325750350952
0.9370726943016052
0.5138342380523682
0.6115601658821106
0.6664528846740723
0.7181563377380371
0.5315836668014526
0.5308811664581299
0.48171526193618774
0.6283057928085327
0.788141131401062
0.951235294342041
0.8757712244987488
0.8047460317611694
0.8221367597579956
0.8490439057350159
0.6087887287139893
0.8574211597442627
0.856143593788147
0.763340950012207
0.763730525970459
0.6117759346961975
0.7607611417770386
0.8834942579269409
0.904507040977478
0.486194908618927
0.5970616340637207
0.7345150709152222
0.9558119773864746
0.8572803735733032
0.9138423800468445
0.8797972202301025
0.609942615032196
0.8543891906738281
0.9130375385284424
0.8233653903007507
0.8676701784133911
0.7333342432975769
0.8058463335037231
0.825463056564331
0.3384883999824524
0.8424387574195862
0.9077300429344177
0.6638013124465942
0.8597909212112427
0.8267664313316345
0.8945963382720947
0.7274320721626282
0.8751726150512695
0.457837849855423
0.6598531603813171
0.9802441596984863
0.4710085093975067
0.8082767724990845
0.7068407535552979
0.8406778573989868
0.8781742453575134
0.8213817477226257
0.8350071907043457
0.8666789531707764
0.7438191175460815
0.8838675022125244
0.7951489686965942
0.8272122740745544
0.4540938436985016
0.6796303987503052
0.9460511207580566
0.4805079996585846
0.8865870237350464
0.9330708980560303
0.9176121950149536
0.853691577911377
0.7776106595993042
0.799157977104187
0.8800959587097168
0.8311713337898254
0.7922297716140747
0.9361495971679688
0.8837036490440369
0.7060034275054932
0.49771982431411743
0.7798454165458679
0.8340784311294556
0.8109958171844482
0.9668198227882385
0.5074931383132935
0.7386679649353027
0.9017140865325928
0.9027959704399109
0.8954946994781494
0.8379517793655396
0.8209235668182373
0.8695571422576904
0.8132907152175903
0.7882559895515442
0.8490681648254395
0.8865604400634766
0.5087567567825317
0.8855332136154175
0.5963422060012817
0.7707899808883667
0.5997039675712585
0.8649544715881348
0.8353433609008789
0.8211938142776489
0.6005266308784485
0.6299270391464233
0.756630003452301
0.9076749086380005
0.7959983944892883
0.7970746755599976
0.6205413341522217
0.8290563821792603
0.822960615158081
0.48523542284965515
0.888446569442749
0.9180550575256348
0.8345845341682434
0.833804190158844
0.8102389574050903
0.8865170478820801
0.8300881385803223
0.8888956308364868
0.5957481861114502
0.8726391792297363
0.4650822877883911
0.6011152267456055
0.6441324949264526
0.6859756708145142
0.8828549385070801
0.9107038378715515
0.9168200492858887
0.7732306718826294
0.9418759346008301
0.8325411081314087
0.7886130213737488
0.8811492919921875
0.4297165870666504
0.727561891078949
0.7659496665000916
0.3873682916164398
0.8332753777503967
0.9035100936889648
0.7194775342941284
0.8556216955184937
0.848625123500824
0.9332834482192993
0.8721258640289307
0.8298581838607788
0.8493295907974243
0.6859623193740845
0.9182250499725342
0.7534962892532349
0.8621276617050171
0.775671660900116
0.6941336393356323
0.842529296875
0.8672637939453125
0.8824449777603149
0.843390941619873
0.7525700330734253
0.9416860342025757
0.9165772795677185
0.6163471937179565
0.6715618968009949
0.7752202153205872
0.8686674237251282
0.8287646770477295
0.8340189456939697
0.8269393444061279
0.38581565022468567
0.7749546766281128
0.9093340039253235
0.8675534725189209
0.8288576006889343
0.9292649626731873
0.8548998832702637
0.8613967895507812
0.593711793422699
0.5467280149459839
0.5866513252258301
0.9097448587417603
0.7885000705718994
0.7425810098648071
0.9213360548019409
0.353511780500412
0.7221325039863586
0.4472126364707947
0.798321545124054
0.8792750835418701
0.8934239149093628
0.7813271880149841
0.8226041793823242
0.6140937805175781
0.7683432698249817
0.809834897518158
0.8640584945678711
0.8418306112289429
0.9449571371078491
0.871907651424408
0.9190379977226257
0.8743898868560791
0.7250955104827881
0.8399442434310913
0.7077512741088867
0.6910119652748108
0.6382966041564941
0.8501672148704529
0.7482424974441528
0.8364478349685669
0.8294311761856079
0.8829602003097534
0.437522828578949
0.8456690907478333
0.8643337488174438
0.539332926273346
0.9033003449440002
0.8483351469039917
0.8579026460647583
0.8572170734405518
0.8316513299942017
0.6640415191650391
0.6616578102111816
0.782357931137085
0.8684890270233154
0.5117542743682861
0.8944553136825562
0.84129798412323
0.8966274261474609
0.8053140640258789
0.5204686522483826
0.884740948677063
0.9404742121696472
0.7909985184669495
0.902357816696167
0.7141838669776917
0.9142613410949707
0.8462029695510864
0.5937429666519165
0.7478399872779846
0.8979157209396362
0.9335417747497559
0.8353268504142761
0.7693818807601929
0.6041908860206604
0.5878448486328125
0.6237090826034546
0.483807235956192
0.9236657023429871
0.8683915138244629
0.8793644309043884
0.7316356897354126
0.6573573350906372
0.4216562807559967
0.7314825057983398
0.7991702556610107
0.8696016073226929
0.8183572292327881
0.5321533679962158
0.8706579804420471
0.7752243280410767
0.7941837310791016
0.838443398475647
0.8395218849182129
0.8223869800567627
0.9332927465438843
0.6705004572868347
0.8337089419364929
0.8717880249023438
0.8081843256950378
0.8228163719177246
0.875575065612793
0.658446729183197
0.9114200472831726
0.48936301469802856
0.8524219989776611
0.4540369510650635
0.8301355838775635
0.786095380783081
0.8586419224739075
0.9742530584335327
0.8751802444458008
0.7956295609474182
0.8804388046264648
0.5084710121154785
0.5659146308898926
0.8519138097763062
0.9097095131874084
0.7990187406539917
0.9245166182518005
0.7925801873207092
0.8079652190208435
0.8577836751937866
0.814018189907074
0.4163152873516083
0.8182566165924072
0.47784146666526794
0.7409700155258179
0.8414580225944519
0.6529483795166016
0.7654306888580322
0.8067084550857544
0.8682369589805603
0.6465132236480713
0.8333935737609863
0.8729676008224487
0.8768484592437744
0.8886924982070923
0.7641668319702148
0.8851401805877686
0.7469887733459473
0.4845327138900757
0.8514271974563599
0.8745318055152893
0.6128537654876709
0.8645986318588257
0.9646453857421875
0.7152262330055237
0.8301202058792114
0.4823477566242218
0.8478516340255737
0.8377103805541992
0.5632356405258179
0.8648972511291504
0.9456034898757935
0.509229838848114
0.6579337120056152
0.8786970376968384
0.6996995806694031
0.8303347229957581
0.9115113019943237
0.8424669504165649
0.7793340682983398
0.7256197929382324
0.8760831356048584
0.9241596460342407
0.8271154165267944
0.8702093362808228
0.7830101251602173
0.8260113000869751
0.81299889087677
0.8725810050964355
0.7763550877571106
0.7917975187301636
0.8445324301719666
0.926943302154541
0.8623746633529663
0.7328852415084839
0.8477242588996887
0.8820257782936096
0.8280887603759766
0.6329922080039978
0.8732731342315674
0.7971924543380737
0.5839059352874756
0.6048789620399475
0.6522064208984375
0.8603008389472961
0.8079514503479004
0.6688849329948425
0.8007875084877014
0.8690472841262817
0.4899679720401764
0.7971616983413696
0.9050768613815308
0.4198776185512543
0.8645012378692627
0.8689180016517639
0.8456922173500061
0.9037318825721741
0.5252176523208618
0.7650011777877808
0.7580065727233887
0.6540026068687439
0.914240837097168
0.7246873378753662
0.7687790393829346
0.8585997819900513
0.6957683563232422
0.7685607671737671
0.8533420562744141
0.8998257517814636
0.5675568580627441
0.8458898067474365
0.8782525062561035
0.8562828302383423
0.8761765360832214
0.805654764175415
0.8700119853019714
0.5187282562255859
0.5202522873878479
0.738105058670044
0.9107702374458313
0.8574252724647522
0.8532570600509644
0.8293485641479492
0.8124176263809204
0.6775050163269043
0.8372274041175842
0.8907219767570496
0.4487358331680298
0.8892204761505127
0.8670341372489929
0.8318986296653748
0.8013001680374146
0.8556592464447021
0.7137499451637268
0.8926897048950195
0.7734825611114502
0.9091050624847412
0.6893037557601929
0.670424222946167
0.8072876930236816
0.8385374546051025
0.9205426573753357
0.48427814245224
0.522254467010498
0.5517050623893738
0.6157235503196716
0.861686110496521
0.7758053541183472
0.8531316518783569
0.6922769546508789
0.8523068428039551
0.5440973043441772
0.846461296081543
0.7799708843231201
0.9117295742034912
0.9024442434310913
0.8635063171386719
0.5269776582717896
0.8900691270828247
0.8309856653213501
0.8758957386016846
0.7058055996894836
0.8123192191123962
0.8466959595680237
0.808303713798523
0.7997280359268188
0.6142147779464722
0.8920546770095825
0.9027508497238159
0.827024519443512
0.8421466946601868
0.934849202632904
0.7657793164253235
0.4569281041622162
0.8680577278137207
0.8971593379974365
0.8723325729370117
0.9038440585136414
0.9119792580604553
0.8937342762947083
0.883718729019165
0.8446760773658752
0.9015727043151855
0.8210999965667725
0.8513603210449219
0.8713199496269226
0.8306136131286621
0.6845182180404663
0.8415560722351074
0.957021951675415
0.8885778188705444
0.8415634632110596
0.46520841121673584
0.6241612434387207
0.9059893488883972
0.895789384841919
0.8819103240966797
0.7163875102996826
0.8907111883163452
0.8272847533226013
0.5491002798080444
0.5774245262145996
0.7725658416748047
0.7478711009025574
0.8048574328422546
0.8720386028289795
0.8071994781494141
0.9054685235023499
0.4736577272415161
0.8899916410446167
0.7977176904678345
0.9399632215499878
0.8609021902084351
0.893886923789978
0.7988837957382202
0.9393870830535889
0.44468531012535095
0.7842206358909607
0.7025552988052368
0.8873746991157532
0.9405354857444763
0.5645057559013367
0.9011808633804321
0.7817522287368774
0.8820688724517822
0.8393888473510742
0.8636408448219299
0.8273192644119263
0.5824501514434814
0.8693636655807495
0.9465247988700867
0.884406566619873
0.8198807239532471
0.7832963466644287
0.8326443433761597
0.9053487777709961
0.8678983449935913
0.7438690662384033
0.80781090259552
0.8952299356460571
0.9236835241317749
0.8669615983963013
0.8724294304847717
0.8181968331336975
0.8957181572914124
0.9266936779022217
0.5742359161376953
0.8972972631454468
0.8496173620223999
0.8621501922607422
0.8209056258201599
0.7324645519256592
0.9023721814155579
0.6519169807434082
0.8165779113769531
0.8205180168151855
0.857253909111023
0.808931291103363
0.8400770425796509
0.8953468799591064
0.7764225602149963
0.8167704343795776
0.6072335243225098
0.7932124137878418
0.8534895181655884
0.8832783699035645
0.853971004486084
0.6023821830749512
0.8539457321166992
0.9035638570785522
0.765068769454956
0.7923728227615356
0.7575721740722656
0.714118242263794
0.9001070261001587
0.816307783126831
0.7418637871742249
0.8218014240264893
0.6826625466346741
0.7888938188552856
0.8078933954238892
0.9332014322280884
0.7592775821685791
0.8322535753250122
0.833635687828064
0.7786694765090942
0.6094244718551636
0.7728677988052368
0.7759000658988953
0.7892276048660278
0.8784693479537964
0.8555070757865906
0.6704892516136169
0.6923418045043945
0.8697429895401001
0.844203770160675
0.8869228363037109
0.8601490259170532
0.7481744289398193
0.4409531056880951
0.8395848274230957
0.8781534433364868
0.5661661028862
0.45423629879951477
0.6872618198394775
0.8240445852279663
0.7039868235588074
0.8576537370681763
0.8835170865058899
0.7998251914978027
0.7516385912895203
0.8187741637229919
0.810818076133728
0.6621404886245728
0.9597007036209106
0.8043412566184998
0.869545578956604
0.6660782098770142
0.8940101861953735
0.914251446723938
0.9016923904418945
0.8833985328674316
0.5981999039649963
0.8719556927680969
0.8711034059524536
0.7402724027633667
0.5018925070762634
0.893982470035553
0.8281084299087524
0.5290874242782593
0.8825011849403381
0.7837563753128052
0.755452573299408
0.9427462220191956
0.9271078109741211
0.5225014686584473
0.7654566168785095
0.540082573890686
0.8849914073944092
0.6053766012191772
0.8716997504234314
0.5867880582809448
0.6602312922477722
0.872340738773346
0.6737123727798462
0.7606865167617798
0.6765586137771606
0.9038940668106079
0.8760403394699097
0.8987661600112915
0.8342222571372986
0.900780439376831
0.7692466974258423
0.9507750868797302
0.9073560833930969
0.9574557542800903
0.5448830127716064
0.8738718032836914
0.7655864357948303
0.8321636915206909
0.548184335231781
0.8395456075668335
0.7665380239486694
0.843755841255188
0.8701479434967041
0.9548954963684082
0.8637141585350037
0.8323820233345032
0.8472028970718384
0.7587264776229858
0.8699259757995605
0.7894725799560547
0.8176649808883667
0.8490362167358398
0.83365797996521
0.8039696216583252
0.8947848081588745
0.8896145820617676
0.8153990507125854
0.8300190567970276
0.8891756534576416
0.8297781944274902
0.912118136882782
0.9141818881034851
0.8072822093963623
0.47953319549560547
0.8428534269332886
0.8666948676109314
0.6079432964324951
0.6840879321098328
0.924851655960083
0.8742163181304932
0.5296381711959839
0.625990629196167
0.8099929094314575
0.8354053497314453
0.7378287315368652
0.5602215528488159
0.7680280804634094
0.8163032531738281
0.8687853217124939
0.7379790544509888
0.7926480770111084
0.8381563425064087
0.7262072563171387
0.8568950891494751
0.77760910987854
0.6492255926132202
0.6559948921203613
0.6290473937988281
0.8446162343025208
0.7380594611167908
0.8238533139228821
0.8883366584777832
0.6906113624572754
0.7955095767974854
0.7758586406707764
0.8369870781898499
0.767387866973877
0.8816230893135071
0.8877384662628174
0.4391879439353943
0.8657891154289246
0.6240527629852295
0.76513671875
0.7912887930870056
0.7880934476852417
0.7804479598999023
0.8892123699188232
0.8225828409194946
0.8628650307655334
0.6428275108337402
0.602776288986206
0.8848891854286194
0.8212521076202393
0.8484988808631897
0.858165442943573
0.838249146938324
0.8283282518386841
0.6693779230117798
0.9389203190803528
0.7048691511154175
0.812878429889679
0.8122087121009827
0.5414197444915771
0.8426870107650757
0.628908634185791
0.7412995100021362
0.9495089650154114
0.8551437258720398
0.8253499865531921
0.4491066038608551
0.943478524684906
0.933578372001648
0.8004934787750244
0.8452962040901184
0.8675621747970581
0.810123085975647
0.8298568725585938
0.6274824142456055
0.6068218946456909
0.8410578966140747
0.9113961458206177
0.8266096115112305
0.9028103351593018
0.824722170829773
0.6325415968894958
0.6197227239608765
0.8317165374755859
0.8418673276901245
0.7169962525367737
0.6018739938735962
0.9024744033813477
0.5804519653320312
0.9089047908782959
0.8831698894500732
0.8289670348167419
0.4116992652416229
0.8543503284454346
0.48919054865837097
0.8962415456771851
0.8856232166290283
0.6831426620483398
0.9301421642303467
0.9333893656730652
0.6642735600471497
0.5943344235420227
0.8503252267837524
0.7838670015335083
0.8812419772148132
0.9079238176345825
0.860231876373291
0.7051739692687988
0.4647528827190399
0.8119533658027649
0.9149918556213379
0.6789718270301819
0.8320378065109253
0.8717888593673706
0.6176013350486755
0.8853212594985962
0.7378137111663818
0.8883771896362305
0.8880722522735596
0.9028924703598022
0.8861386775970459
0.5510585308074951
0.4605131149291992
0.7156295776367188
0.906778872013092
0.8314769268035889
0.7562645673751831
0.8081146478652954
0.3770325779914856
0.9017210006713867
0.8937327265739441
0.801625669002533
0.7481560707092285
0.8903003931045532
0.90007483959198
0.687044084072113
0.9092607498168945
0.8349814414978027
0.8137441873550415
0.8004910945892334
0.8088105916976929
0.8574965000152588
0.47675269842147827
0.8464431762695312
0.5149954557418823
0.8869192004203796
0.9340766668319702
0.4616977870464325
0.9305042028427124
0.6944049596786499
0.9535280466079712
0.8659623861312866
0.7972872853279114
0.8020141124725342
0.4539666771888733
0.9205173254013062
0.9283271431922913
0.7062669992446899
0.9074346423149109
0.8692019581794739
0.8080741167068481
0.8014642000198364
0.873315155506134
0.8993974924087524
0.379935085773468
0.785968542098999
0.7326443195343018
0.8649970293045044
0.5536083579063416
0.9570068120956421
0.780866801738739
0.8490018844604492
0.6317914724349976
0.6874325275421143
0.8726404905319214
0.8066995143890381
0.7460943460464478
0.8330590724945068
0.782860517501831
0.9056898355484009
0.7761521339416504
0.8449649810791016
0.8831374645233154
0.9366167783737183
0.8046672940254211
0.9030128717422485
0.8538164496421814
0.8795870542526245
0.828826367855072
0.7959628105163574
0.8482623100280762
0.9082330465316772
0.6089235544204712
0.7441749572753906
0.6034541130065918
0.5442296266555786
0.7921535968780518
0.612278163433075
0.6972602605819702
0.8465474843978882
0.8283604383468628
0.8407813310623169
0.8583368062973022
0.8363689184188843
0.7541823387145996
0.8153291940689087
0.8858777284622192
0.8639732599258423
0.8769700527191162
0.8436355590820312
0.8326089382171631
0.8323173522949219
0.9173991084098816
0.7401186227798462
0.921005368232727
0.8486552238464355
0.7844147682189941
0.7585413455963135
0.8000575304031372
0.8727903366088867
0.8052388429641724
0.9468680024147034
0.7156123518943787
0.7459424138069153
0.8617724180221558
0.9923884868621826
0.8483900427818298
0.7716147303581238
0.8349273204803467
0.8224977254867554
0.8086316585540771
0.7665644288063049
0.6165950298309326
0.9255871176719666
0.9672138690948486
0.8969811201095581
0.6627966165542603
0.8901183009147644
0.9406375288963318
0.8240405917167664
0.8720340728759766
0.743019700050354
0.8254722356796265
0.5972606539726257
0.8874862194061279
0.8613806962966919
0.7228226065635681
0.924553394317627
0.8866212964057922
0.8339629173278809
0.8021014332771301
0.8209391236305237
0.9498963952064514
0.7063153386116028
0.8851955533027649
0.809974193572998
0.8506715893745422
0.8319668769836426
0.7684131860733032
0.694493293762207
0.8943855166435242
0.8280603885650635
0.6298381090164185
0.8127486705780029
0.38776126503944397
0.8934212327003479
0.9105547666549683
0.76787930727005
0.8255295157432556
0.7815896272659302
0.5550150275230408
0.6779230833053589
0.5588052272796631
0.9121658802032471
0.8031521439552307
0.8438974618911743
0.5972634553909302
0.7102196216583252
0.7329745292663574
0.7710987329483032
0.8862420916557312
0.7022887468338013
0.7488923668861389
0.5547757744789124
0.7273485660552979
0.9233214259147644
0.6371921300888062
0.8559188842773438
0.8284710645675659
0.8633641004562378
0.8880323767662048
0.7200671434402466
0.763116180896759
0.8284169435501099
0.6108455061912537
0.721347451210022
0.9016655087471008
0.8287317156791687
0.8732030391693115
0.5986032485961914
0.9436163902282715
0.899144172668457
0.7845824360847473
0.6715691089630127
0.7848031520843506
0.8839972019195557
0.853378415107727
0.7631030678749084
0.5807589292526245
0.8357729911804199
0.8380309343338013
0.615278422832489
0.8577641248703003
0.8452574014663696
0.3380662202835083
0.7209944725036621
0.5226894617080688
0.7549778819084167
0.8598591089248657
0.8485822081565857
0.5247328877449036
0.7735977172851562
0.7865158319473267
0.8290312886238098
0.8468588590621948
0.8013423681259155
0.869078516960144
0.5605357885360718
0.5794143080711365
0.4623059928417206
0.8791947364807129
0.5499905347824097
0.9013588428497314
0.8877419233322144
0.7992932200431824
0.6330815553665161
0.543606698513031
0.42120078206062317
0.8874281644821167
0.8493711948394775
0.9286953210830688
0.7570367455482483
0.8953609466552734
0.792751669883728
0.7081897854804993
0.5456737875938416
0.5118550658226013
0.6295926570892334
0.8740498423576355
0.8589063882827759
0.8673053979873657
0.6920222640037537
0.764153003692627
0.8429158329963684
0.9205360412597656
0.6326315999031067
0.8724225759506226
0.5447389483451843
0.8640793561935425
0.8516937494277954
0.6738369464874268
0.8283597230911255
0.5012462139129639
0.5662256479263306
0.9269751310348511
0.7425807118415833
0.836410403251648
0.8703243136405945
0.6055272221565247
0.7635730504989624
0.8615695238113403
0.8903542757034302
0.7613049745559692
0.7375664710998535
0.5006830096244812
0.9242262840270996
0.8512815833091736
0.8940256834030151
0.8320337533950806
0.798049807548523
0.9400635957717896
0.7043487429618835
0.6598013043403625
0.8541446924209595
0.7837620973587036
0.886178195476532
0.8564456105232239
0.6515482664108276
0.9009068012237549
0.8208111524581909
0.8182100653648376
0.8534754514694214
0.8506883382797241
0.7608505487442017
0.694656252861023
0.8375654816627502
0.835503101348877
0.9210212230682373
0.8704962134361267
0.87928307056427
0.6819273233413696
0.9818551540374756
0.6077758073806763
0.8167904615402222
0.8570718169212341
0.7852884531021118
0.5708599090576172
0.5501783490180969
0.8015815019607544
0.7675896883010864
0.8947861194610596
0.8760513067245483
0.6543050408363342
0.8335987329483032
0.7987502813339233
0.8627505898475647
0.7722191214561462
0.8022715449333191
0.6532907485961914
0.6761692762374878
0.866796612739563
0.4980110824108124
0.6498876214027405
0.8972629308700562
0.9011744260787964
0.6964468955993652
0.8219668865203857
0.5223243832588196
0.8090470433235168
0.5034390687942505
0.8786717653274536
0.8189775943756104
0.5186026692390442
0.777350664138794
0.716749370098114
0.7720737457275391
0.8544704914093018
0.5655376315116882
0.5315403342247009
0.8522456288337708
0.853396475315094
0.8667318820953369
0.8871564865112305
0.8121172189712524
0.8979349136352539
0.7752696871757507
0.8187610507011414
0.8958544731140137
0.7978248000144958
0.8861148357391357
0.8107891082763672
0.8868904709815979
0.8205175399780273
0.8549425601959229
0.8828291296958923
0.6928766965866089
0.901750922203064
0.8692574501037598
0.8453671336174011
0.9080706834793091
0.887367844581604
0.7363879084587097
0.8760753870010376
0.7792590856552124
0.8410589694976807
0.6247351169586182
0.8174875974655151
0.9191019535064697
0.854824423789978
0.8552758693695068
0.8302138447761536
0.8086955547332764
0.878871500492096
0.7669224143028259
0.771365761756897
0.8821032643318176
0.8736203908920288
0.6919128894805908
0.8101781606674194
0.9215106964111328
0.9359052181243896
0.8475631475448608
0.5266774892807007
0.9795312285423279
0.6908261775970459
0.7988576889038086
0.9093713164329529
0.9211827516555786
0.8353798985481262
0.5886954069137573
0.8414229154586792
0.8555850982666016
0.855438232421875
0.9037882089614868
0.8124630451202393
0.845946192741394
0.6604131460189819
0.5827775001525879
0.9150940179824829
0.627131462097168
0.5213096141815186
0.7343565225601196
0.8536494970321655
0.8452646136283875
0.7909317016601562
0.6577360033988953
0.6092380285263062
0.8180664777755737
0.7596542239189148
0.90770024061203
0.8638460636138916
0.8598845601081848
0.5941148400306702
0.8816196918487549
0.8355778455734253
0.9068998098373413
0.8777363300323486
0.8838750123977661
0.8546639084815979
0.5779544115066528
0.7296139001846313
0.873267650604248
0.9862918257713318
0.7621098756790161
0.7285720705986023
0.7928858995437622
0.9027421474456787
0.7968447208404541
0.48378050327301025
0.889755129814148
0.8351560831069946
0.8876973986625671
0.6250779628753662
0.782726526260376
0.8542666435241699
0.7902889847755432
0.7613599300384521
0.9059091210365295
0.846652626991272
0.8074464797973633
0.8512932062149048
0.8046146035194397
0.7974400520324707
0.7356144189834595
0.6858324408531189
0.7916887998580933
0.836586594581604
0.6424551010131836
0.8885654807090759
0.9133232831954956
0.8510643839836121
0.8786970376968384
0.5755991339683533
0.9032667279243469
0.8686347603797913
0.4799636900424957
0.9064629673957825
0.7083592414855957
0.9167114496231079
0.8465024828910828
0.8678519129753113
0.6791766881942749
0.8947986960411072
0.6728497743606567
0.7081700563430786
0.7260156273841858
0.879994809627533
0.8741093873977661
0.8976348042488098
0.7645450234413147
0.9104310274124146
0.8511281609535217
0.6208350658416748
0.8336513042449951
0.5921992659568787
0.9359332323074341
0.6694170236587524
0.6591384410858154
0.8956055045127869
0.9201831817626953
0.7335638999938965
0.9260335564613342
0.8478409051895142
0.8960263133049011
0.8308353424072266
0.9489553570747375
0.8262069225311279
0.7276636362075806
0.8365110158920288
0.8355823755264282
0.8421059846878052
0.5042335391044617
0.8924931287765503
0.8387998938560486
0.8595343828201294
0.9038602113723755
0.8629102110862732
0.8891021609306335
0.8835678100585938
0.8668158054351807
0.9611495733261108
0.7910666465759277
0.8171671628952026
0.5259755253791809
0.790578305721283
0.9049083590507507
0.8793623447418213
0.8632615804672241
0.9168839454650879
0.8130197525024414
0.877403199672699
0.8711020350456238
0.6583559513092041
0.8650249242782593
0.8695671558380127
0.9084774255752563
0.8738815784454346
0.7906333208084106
0.6855713129043579
0.8971649408340454
0.9402600526809692
0.9103545546531677
0.6697753667831421
0.5995562672615051
0.8939896821975708
0.6696306467056274
0.8535414338111877
1.0089964866638184
0.8431075215339661
0.8651333451271057
0.6523863077163696
0.8936090469360352
0.7725855708122253
0.926953911781311
0.8378527164459229
0.7935379147529602
0.7335116863250732
0.5725646018981934
0.8869202136993408
0.8897769451141357
0.9411967992782593
0.8585765957832336
0.8006429672241211
0.7155606746673584
0.8455018997192383
0.7133506536483765
0.8611118793487549
0.8947730660438538
0.6154471635818481
0.7810538411140442
0.9385385513305664
0.7550591826438904
0.8065195083618164
0.8587138056755066
0.4248029887676239
0.9215162396430969
0.7820369005203247
0.865130603313446
0.7018716931343079
0.9158021211624146
0.8371015787124634
0.8587234616279602
0.8446164727210999
0.895165741443634
0.5189244747161865
0.7938129901885986
0.22534045577049255
0.8818273544311523
0.5106720924377441
0.9173654317855835
0.8260103464126587
0.7035351991653442
0.8290202617645264
0.9051474332809448
0.8507022857666016
0.5225330591201782
0.9012106657028198
0.5512006282806396
0.625659704208374
0.7992130517959595
0.885622501373291
0.5607486963272095
0.7865926027297974
0.5628219246864319
0.3853577673435211
0.8658707737922668
0.9245665073394775
0.7820155620574951
0.8150485754013062
0.7023905515670776
0.878689706325531
0.7249348163604736
0.8461942672729492
0.7908239364624023
0.597009539604187
0.8596957921981812
0.5820542573928833
0.6718742251396179
0.6361167430877686
0.6251487731933594
0.8679208755493164
0.8778375387191772
0.7922886610031128
0.8539046049118042
0.6938248872756958
0.7000432014465332
0.7502074241638184
0.8493434190750122
0.5266955494880676
0.815844714641571
0.7868515849113464
0.4691600203514099
0.4427993595600128
0.8835394382476807
0.8953953981399536
0.8244903087615967
0.9037474989891052
0.4792235791683197
0.8514106273651123
0.7592297196388245
0.8793097734451294
0.7997042536735535
0.5363247990608215
0.9423953890800476
0.9527175426483154
0.8819019794464111
0.8425806760787964
0.9333046078681946
0.8118801712989807
0.8759065866470337
0.6890175938606262
0.3721160590648651
0.8371000289916992
0.8293641805648804
0.8218847513198853
0.6002429723739624
0.9357641935348511
0.8870247006416321
0.8504374027252197
0.6835490465164185
0.8220102787017822
0.7318106889724731
0.8483907580375671
0.869397759437561
0.7938769459724426
0.8238955736160278
0.8291564583778381
0.8488728404045105
0.8052040338516235
0.8644503951072693
0.8340851664543152
0.6573437452316284
0.9429147243499756
0.8130819797515869
0.6051381826400757
0.8372089862823486
0.8690081238746643
0.4374975264072418
0.7762119174003601
0.8579761385917664
0.8644128441810608
0.7519736289978027
0.8876649141311646
0.9013063907623291
0.8139861226081848
0.8526488542556763
0.8399858474731445
0.8542860746383667
0.8746402263641357
0.7537719011306763
0.8438059687614441
0.8842334747314453
0.8644647598266602
0.4534188508987427
0.8276937007904053
0.9308626651763916
0.5914347171783447
0.8478344678878784
0.6822998523712158
0.6219174265861511
0.7501436471939087
0.6186015009880066
0.9161654710769653
0.830737829208374
0.8437532186508179
0.6833443641662598
0.8693459033966064
0.9098057746887207
0.7938830256462097
0.8470085263252258
0.865432858467102
0.8588837385177612
0.7810729742050171
0.8564894199371338
0.36156001687049866
0.8318948149681091
0.5474640130996704
0.8560894727706909
0.37075117230415344
0.8789670467376709
0.8988381624221802
0.8349183797836304
0.6756820678710938
0.7387294769287109
0.938285231590271
0.9172430038452148
0.8742820024490356
0.9011842608451843
0.816685676574707
0.7936203479766846
0.8168203234672546
0.668575644493103
0.827536404132843
0.8125221729278564
0.8269253969192505
0.9639697074890137
0.8403611183166504
0.7663545608520508
0.8566267490386963
0.823961079120636
0.882530689239502
0.7368621826171875
0.7929795980453491
0.8216860890388489
0.7794004678726196
0.8073559403419495
0.7478170394897461
0.919564425945282
0.5433093905448914
0.8998982310295105
0.8998575806617737
0.739377498626709
0.8819143772125244
0.9041911363601685
0.4577772915363312
0.8453261852264404
0.7550986409187317
0.6840053796768188
0.8649131655693054
0.47892335057258606
0.8668335676193237
0.759390652179718
0.883766770362854
0.8743839263916016
0.7106612324714661
0.8180170059204102
0.9014967083930969
0.8748491406440735
0.9206602573394775
0.7300889492034912
0.832362174987793
0.8719422817230225
0.8590739965438843
0.7240726947784424
0.8475184440612793
0.7249574065208435
0.8775777220726013
0.5610017776489258
0.5314332246780396
0.796974778175354
0.7109591960906982
0.661406397819519
0.8584774732589722
0.8328361511230469
0.8762978911399841
0.9589376449584961
0.8150309324264526
0.911763608455658
0.41193875670433044
0.8549423217773438
0.7128783464431763
0.8690202236175537
0.5949822664260864
0.8488155007362366
0.9256435632705688
0.9023220539093018
0.8907778263092041
0.8358474969863892
0.6578084230422974
0.6569494009017944
0.7209166288375854
0.9223477840423584
0.6445050239562988
0.8541132211685181
0.840353786945343
0.8884455561637878
0.8247702717781067
0.6908877491950989
0.8730790615081787
0.9303610920906067
0.6653473973274231
0.9001463055610657
0.8568800687789917
0.4170134365558624
0.8085393905639648
0.8721573352813721
0.6906253695487976
0.8269220590591431
0.765664279460907
0.8762969374656677
0.7427007555961609
0.5977071523666382
0.8665070533752441
0.7926422953605652
0.5755693316459656
0.5896561145782471
0.7626335620880127
0.8097511529922485
0.8107280731201172
0.8166067600250244
0.9099693298339844
0.4948063790798187
0.8438452482223511
0.9020515084266663
0.7647502422332764
0.910961925983429
0.8409044742584229
0.7740463018417358
0.8430736064910889
0.7674210667610168
0.8964563012123108
0.9635366201400757
0.4847026765346527
0.840822160243988
0.8565245270729065
0.4011795222759247
0.8481161594390869
0.7971792221069336
0.7962722778320312
0.8457974195480347
0.6301888823509216
0.8831758499145508
0.624183714389801
0.8876155614852905
0.8450470566749573
0.6467987298965454
0.8413026332855225
0.4958295524120331
0.9301512837409973
0.8113440871238708
0.8860385417938232
0.9193621277809143
0.8790150880813599
0.6723359823226929
0.8925901651382446
0.8662998676300049
0.6842741966247559
0.8242301940917969
0.9092296361923218
0.6379084587097168
0.634876012802124
0.859846830368042
0.6491712331771851
0.7299439907073975
0.8780758380889893
0.672897219657898
0.8792280554771423
0.8202316761016846
0.7144010663032532
0.9034068584442139
0.5509305596351624
0.53343665599823
0.6212769746780396
0.7260469198226929
0.8898866176605225
0.5695196986198425
0.8414899110794067
0.5801025032997131
0.8138226270675659
0.8100674748420715
0.9072256684303284
0.7894642949104309
0.8215816020965576
0.9274072647094727
0.5766111612319946
0.8699837923049927
0.9119528532028198
0.8527840375900269
0.7096214294433594
0.5714763402938843
0.8489996194839478
0.8822247385978699
0.9213728904724121
0.7311822175979614
0.8976202011108398
0.893128514289856
0.9141454696655273
0.8924046158790588
0.8536580801010132
0.8470791578292847
0.6358034610748291
0.8175339698791504
0.7492830753326416
0.7154484987258911
0.8266551494598389
0.807163655757904
0.7630167007446289
0.48332181572914124
0.9105839729309082
0.8050558567047119
0.8876121044158936
0.8244947791099548
0.8470526337623596
0.5289715528488159
0.767582356929779
0.712638258934021
0.8745031356811523
0.8495679497718811
0.5669317245483398
0.8871914148330688
0.7511551380157471
0.6473091840744019
0.776673436164856
0.8053723573684692
0.8298466205596924
0.8061886429786682
0.6150096654891968
0.8535342812538147
0.8447960615158081
0.6621178388595581
0.7960980534553528
0.7709351778030396
0.8598150014877319
0.8485832214355469
0.7551480531692505
0.8284451961517334
0.9003211855888367
0.8578895926475525
0.5609040260314941
0.7566493153572083
0.8318902254104614
0.7193915247917175
0.4948303997516632
0.7747992277145386
0.862695574760437
0.8789352178573608
0.8373843431472778
0.7013341188430786
0.8453634977340698
0.8141176700592041
0.7250885963439941
0.9702394604682922
0.6439749598503113
0.8431069850921631
0.8635751008987427
0.9257771372795105
0.7395483255386353
0.8027945756912231
0.8300490379333496
0.8956260085105896
0.8222407102584839
0.7954686880111694
0.8005743026733398
0.8743346929550171
0.8935785293579102
0.7670732736587524
0.8131017088890076
0.9240772724151611
0.7702873349189758
0.75148606300354
0.8246991634368896
0.9571475982666016
0.8407809138298035
0.8093304634094238
0.8813528418540955
0.816478967666626
0.928847074508667
0.689233124256134
0.8672866225242615
0.7634804248809814
0.8578998446464539
0.8712737560272217
0.827208399772644
0.9559528827667236
0.8453447818756104
0.7879565358161926
0.7297868728637695
0.790656328201294
0.7901691198348999
0.808349072933197
0.9012973308563232
0.8271996974945068
0.8712213039398193
0.8077186942100525
0.8068414926528931
0.8373119831085205
0.8248174786567688
0.7418273687362671
0.8903698921203613
0.6669509410858154
0.7725486755371094
0.8011811971664429
0.5008511543273926
0.6570061445236206
0.8850959539413452
0.8313283324241638
0.8958531618118286
0.846228837966919
0.5911412239074707
0.8703212141990662
0.8901634216308594
0.8821479082107544
0.5760407447814941
0.7040607929229736
0.5310935974121094
0.7355853915214539
0.8667916655540466
0.8988620042800903
0.7385373115539551
0.5853904485702515
0.6350401639938354
0.4883694052696228
0.788191556930542
0.3383731245994568
0.3143872618675232
0.8691853284835815
0.8603184819221497
0.8349813222885132
0.6422293186187744
0.8453384637832642
0.6657265424728394
0.8457638025283813
0.8251262307167053
0.825368344783783
0.7417559623718262
0.7838192582130432
0.8456389307975769
0.8742863535881042
0.9381887912750244
0.8183890581130981
0.762664258480072
0.79890376329422
0.8224380016326904
0.5209145545959473
0.8539943099021912
0.8386389017105103
0.8283646702766418
0.8265784978866577
0.8957569599151611
0.9262323975563049
0.7100515961647034
0.47787800431251526
0.8109374046325684
0.770088791847229
0.7829465866088867
0.604656457901001
0.9044011235237122
0.7504349946975708
0.6829319000244141
0.6984442472457886
0.4922887086868286
0.6133207082748413
0.7764691114425659
0.8613029718399048
0.8854511380195618
0.7154390215873718
0.8454076051712036
0.9408056735992432
0.9272539615631104
0.8394750952720642
0.843483567237854
0.5925612449645996
0.8344523906707764
0.8071122169494629
0.4627375900745392
0.8482217788696289
0.7298198938369751
0.7483887672424316
0.9263819456100464
0.3343060314655304
0.4655510485172272
0.8642866611480713
0.8319476842880249
0.6492824554443359
0.8894991874694824
0.9056857228279114
0.913129985332489
0.8396933674812317
0.8245272636413574
0.7102599143981934
0.7470498085021973
0.7294625043869019
0.9151819944381714
0.8404470086097717
0.8741054534912109
0.7717047929763794
0.6128218173980713
0.5148708820343018
0.8696177005767822
0.7914496660232544
0.8429359793663025
0.5742478966712952
0.8578035831451416
0.5368741154670715
0.8636370301246643
0.5362065434455872
0.7910648584365845
0.883086621761322
0.7882934808731079
0.8913859724998474
0.850151538848877
0.7880961894989014
0.9272207617759705
0.9677373766899109
0.7611023783683777
0.8961542844772339
0.8123219609260559
0.7429437637329102
0.8659325838088989
0.8604462146759033
0.8715844750404358
0.7899320125579834
0.8371959924697876
0.9055265188217163
0.8429865837097168
0.8595439195632935
0.6485811471939087
0.8449872136116028
0.9091789722442627
0.8707988262176514
0.7630243301391602
0.7574485540390015
0.799628734588623
0.8236229419708252
0.8769625425338745
0.6351720094680786
0.7751752138137817
0.8404440879821777
0.8298226594924927
0.8557685017585754
0.514423131942749
0.8694633841514587
0.9483950734138489
0.8941461443901062
0.48224514722824097
0.6255900859832764
0.8404895663261414
0.3570970892906189
0.6781133413314819
0.8770211935043335
0.739077091217041
0.8282419443130493
0.9216901659965515
0.8215774297714233
0.8443509340286255
0.8652292490005493
0.8424785137176514
0.6745659112930298
0.827978253364563
0.9260753989219666
0.8351903557777405
0.6176804304122925
0.5898427963256836
0.8645061254501343
0.8194069266319275
0.8348861932754517
0.7078839540481567
0.7019437551498413
0.6147457957267761
0.8392891883850098
0.8219554424285889
0.7645201086997986
0.8568759560585022
0.8291348814964294
0.8952051997184753
0.8724890947341919
0.8772361278533936
0.8410170078277588
0.6141958832740784
0.6820403933525085
0.8477908372879028
0.7380440831184387
0.6744486093521118
0.9160287976264954
0.871685266494751
0.8259124755859375
0.8343643546104431
0.6777072548866272
0.9160828590393066
0.7058449983596802
0.910838782787323
0.7065942287445068
0.9149888753890991
0.538099467754364
0.6206103563308716
0.8223079442977905
0.8330754041671753
0.7810876965522766
0.834823489189148
0.8860521912574768
0.8541730046272278
0.9167757034301758
0.9132996797561646
0.9278340935707092
0.7794783115386963
0.6860774755477905
0.8177005052566528
0.578275203704834
0.8558310866355896
0.8251975774765015
0.8154913783073425
0.8415200710296631
0.8670997619628906
0.46609780192375183
0.8219085335731506
0.7415598630905151
0.7751249670982361
0.6245615482330322
0.6532258987426758
0.8868368864059448
0.8865299224853516
0.8509888648986816
0.9093879461288452
0.8015023469924927
0.6930616497993469
0.7923836708068848
0.7650159597396851
0.8814442157745361
0.8867278099060059
0.8802231550216675
0.5672603845596313
0.8547264933586121
0.8213739991188049
0.7876381874084473
0.8582519292831421
0.852993369102478
0.5734767913818359
0.7394857406616211
0.9024605751037598
0.5811591148376465
0.8817168474197388
0.883094310760498
0.7479346990585327
0.8915636539459229
0.9053845405578613
0.948898196220398
0.633956789970398
0.7945647239685059
0.8499136567115784
0.658855676651001
0.8214051723480225
0.8272403478622437
0.6287184953689575
0.7590650320053101
0.7504071593284607
0.8934624791145325
0.8609957695007324
0.7413806915283203
0.7985628843307495
0.5755056142807007
0.908977746963501
0.7438717484474182
0.8600399494171143
0.6094523668289185
0.8395067453384399
0.9045513868331909
0.8356488347053528
0.8131046295166016
0.8981582522392273
0.7069587707519531
0.7934434413909912
0.9071781039237976
0.6576043367385864
0.8809863328933716
0.8279905319213867
0.882952094078064
0.7771581411361694
0.8119844198226929
0.8523259162902832
0.7808277606964111
0.8361347317695618
0.8486741781234741
0.9003867506980896
0.8674799203872681
0.8245855569839478
0.8936846256256104
0.8606026768684387
0.9116125106811523
0.7792918682098389
0.831526517868042
0.9192877411842346
0.8252474069595337
0.5095610618591309
0.9054880142211914
0.699679970741272
0.8342830538749695
0.4335753619670868
0.8877236247062683
0.521975040435791
0.741625964641571
0.7454700469970703
0.8944374322891235
0.8348731398582458
0.8819782733917236
0.4123649597167969
0.5734611749649048
0.9261879920959473
0.7109503149986267
0.7715280055999756
0.8397750854492188
0.8486887812614441
0.5366040468215942
0.8188618421554565
0.7669928073883057
0.8325194716453552
0.7662987112998962
0.7157150506973267
0.8178207874298096
0.8931143283843994
0.921970009803772
0.9069000482559204
0.8885854482650757
0.6102349758148193
0.8450891375541687
0.8005268573760986
0.7306201457977295
0.8737301230430603
0.885393500328064
0.7913399934768677
0.8321696519851685
0.7510647773742676
0.928691565990448
0.7934715747833252
0.847781240940094
0.5486773252487183
0.8996062874794006
0.8995986580848694
0.805717408657074
0.6766560673713684
0.8177181482315063
0.8785184621810913
0.8926329612731934
0.6557432413101196
0.8627557754516602
0.8933084011077881
0.5655276775360107
0.7729257345199585
0.8817379474639893
0.47647324204444885
0.8461635112762451
0.8964992165565491
0.7861621379852295
0.8093936443328857
0.867549479007721
0.8851184844970703
0.634590744972229
0.8082512617111206
0.8907605409622192
0.4511021673679352
0.39303943514823914
0.7931463718414307
0.5543134808540344
0.6988053917884827
0.914015531539917
0.8582990169525146
0.7925931215286255
0.8889458179473877
0.8719218969345093
0.526221513748169
0.38291189074516296
0.4372999966144562
0.6108816862106323
0.8810844421386719
0.816823422908783
0.6561173796653748
0.8802281618118286
0.9405208230018616
0.8315093517303467
0.7931802272796631
0.82273268699646
0.634637713432312
0.872552752494812
0.8154458999633789
0.8802011013031006
0.9333629012107849
0.4862818419933319
0.4537641704082489
0.9328795075416565
0.8427827954292297
0.9464271068572998
0.8704867362976074
0.9014015197753906
0.9249705076217651
0.8149260878562927
0.8405581712722778
0.8331319689750671
0.5633593201637268
0.917464554309845
0.8198506832122803
0.7692627906799316
0.8696452379226685
0.8826364278793335
0.6292107701301575
0.8468654155731201
0.4346541166305542
0.4941213130950928
0.8747445344924927
0.7706769108772278
0.9137462973594666
0.5243188142776489
0.8487370610237122
0.8461575508117676
0.9330461025238037
0.8462579846382141
0.9062365293502808
0.8452737927436829
0.7631015777587891
0.8876143097877502
0.8599642515182495
0.8618850708007812
0.9253765344619751
0.5665093064308167
0.9061026573181152
0.6413536667823792
0.6272864937782288
0.9238193035125732
0.8204247355461121
0.8878729343414307
0.5528568029403687
0.4844261109828949
0.8622361421585083
0.35540226101875305
0.9066661596298218
0.7029155492782593
0.8606977462768555
0.8570940494537354
0.8020987510681152
0.8454668521881104
0.8341941833496094
0.9158549904823303
0.927566647529602
0.6000199317932129
0.748960018157959
0.7871034145355225
0.9553141593933105
0.837202787399292
0.8891199827194214
0.9294641017913818
0.8866389989852905
0.6433788537979126
0.7891494035720825
0.9544188380241394
0.8426368236541748
0.8857727646827698
0.8415087461471558
0.8657634258270264
0.8282665014266968
0.92393958568573
0.864586591720581
0.8008151650428772
0.9091610312461853
0.7692006230354309
0.9305628538131714
0.8349936604499817
0.869637668132782
0.6333842277526855
0.8304328322410583
0.8079603910446167
0.7854678630828857
0.6740423440933228
0.8495100736618042
0.8334779143333435
0.8637149333953857
0.9152647256851196
0.8367488384246826
0.6719366312026978
0.7369606494903564
0.6908147931098938
0.9146462678909302
0.8538329005241394
0.822786271572113
0.8679414987564087
0.8033661246299744
0.8062602281570435
0.746752142906189
0.7810659408569336
0.8351423144340515
0.7643523216247559
0.6246201395988464
0.8485880494117737
0.671837568283081
0.7880171537399292
0.7721096277236938
0.9043524265289307
0.6775466203689575
0.8421632051467896
0.9138920307159424
0.9258098006248474
0.8504964709281921
0.8634436130523682
0.8299815058708191
0.83990478515625
0.8946807384490967
0.9211534857749939
0.8960118889808655
0.735226571559906
0.8698826432228088
0.865265429019928
0.8083372116088867
0.8327816724777222
0.843593955039978
0.9095996022224426
0.9316744208335876
0.7920872569084167
0.9354574084281921
0.5268431901931763
0.6463140249252319
0.78406822681427
0.8539741039276123
0.9003942012786865
0.8658199906349182
0.7057744860649109
0.8555654287338257
0.8944781422615051
0.8591822385787964
0.7579443454742432
0.8519924283027649
0.6990870237350464
0.5183323621749878
0.8608757257461548
0.4379904568195343
0.8566898107528687
0.8735722303390503
0.6785877346992493
0.7837260961532593
0.9184280633926392
0.8482605814933777
0.858747661113739
0.8504635691642761
0.9340434074401855
0.4957817792892456
0.9278347492218018
0.9010119438171387
0.830193281173706
0.862614631652832
0.8192358613014221
0.5612993836402893
0.6621640920639038
0.8961711525917053
0.38303467631340027
0.8012380003929138
0.9643213152885437
0.9369626045227051
0.915339469909668
0.920272946357727
0.8472369909286499
0.8584388494491577
0.5752476453781128
0.8638650178909302
0.863146185874939
0.8014239072799683
0.798850417137146
0.8437519669532776
0.9140522480010986
0.7822200059890747
0.8971765041351318
0.8937108516693115
0.7582042217254639
0.9190073609352112
0.7780338525772095
0.836152970790863
0.8168289661407471
0.8256751298904419
0.5438582301139832
0.526596188545227
0.7716181874275208
0.6666154861450195
0.8628333210945129
0.849677324295044
0.8776556253433228
0.896171510219574
0.8544721603393555
0.8700956702232361
0.47592583298683167
0.8602706789970398
0.9043526649475098
0.9095988273620605
0.44896796345710754
0.8333166241645813
0.9392990469932556
0.9090648293495178
0.726851224899292
0.5424659848213196
0.8601976037025452
0.9098297357559204
0.6764211654663086
0.8172217607498169
0.7572011947631836
0.8497098684310913
0.8231056928634644
0.6586410403251648
0.857962965965271
0.5167324542999268
0.8868693113327026
0.9139726758003235
0.8400254249572754
0.934357762336731
0.7923826575279236
0.7060464024543762
0.8016948699951172
0.6618382930755615
0.7501736879348755
0.797333300113678
0.8089828491210938
0.886317789554596
0.8676847815513611
0.8464311361312866
0.9106823205947876
0.8937764167785645
0.7389011383056641
0.795186460018158
0.8800568580627441
0.7972757816314697
0.8475351333618164
0.430294007062912
0.7872301936149597
0.8610577583312988
0.9580717086791992
0.6966618895530701
0.8635428547859192
0.8558772802352905
0.8360373973846436
0.8183693885803223
0.8865989446640015
0.8184638023376465
0.8753855228424072
0.6285040378570557
0.9176266193389893
0.8358566761016846
0.8576502799987793
0.8622864484786987
0.5934043526649475
0.8595172166824341
0.886873722076416
0.8643904328346252
0.7224699258804321
0.8579127788543701
0.8030614852905273
0.8621344566345215
0.620259165763855
0.6423190236091614
0.8837242126464844
0.5868469476699829
0.8261898756027222
0.8577538728713989
0.8852888345718384
0.8774447441101074
0.8411151170730591
0.7842179536819458
0.6112824082374573
0.7906325459480286
0.8396632671356201
0.8275935649871826
0.6906404495239258
0.7079285979270935
0.9093881845474243
0.848015308380127
0.8827757239341736
0.7408638000488281
0.86386638879776
0.8348122239112854
0.9074695706367493
0.6305251717567444
0.8223013281822205
0.5743808150291443
0.8607891201972961
0.6694062948226929
0.3455743193626404
0.8661493062973022
0.7613378167152405
0.8353604078292847
0.41646382212638855
0.8164123296737671
0.5618435740470886
0.6777708530426025
0.7033408284187317
0.8802381753921509
0.8104808330535889
0.8918051719665527
0.7678871154785156
0.8465735912322998
0.833165168762207
0.7049586772918701
0.8311681747436523
0.8157589435577393
0.8265998363494873
0.7821134328842163
0.7964481115341187
0.8728474378585815
0.8412504196166992
0.8301276564598083
0.8330990672111511
0.51618492603302
0.7189507484436035
0.8663313388824463
0.889074444770813
0.78462153673172
0.8388732671737671
0.8660622239112854
0.7527576088905334
0.8680920600891113
0.887793242931366
0.9386894702911377
0.7092410326004028
0.8653473258018494
0.8529856204986572
0.47648072242736816
0.7835530042648315
0.8692935109138489
0.8718428611755371
0.80869460105896
0.8112605810165405
0.6821049451828003
0.8526732325553894
0.9708116054534912
0.4156207740306854
0.9384980201721191
0.8145171403884888
0.935364305973053
0.5652087926864624
0.6529751420021057
0.9041200876235962
0.7719169855117798
0.8121142983436584
0.7881786823272705
0.8355039358139038
0.44956058263778687
0.8498286008834839
0.8684773445129395
0.9104145765304565
0.8754661679267883
0.5754040479660034
0.68113112449646
0.8879851698875427
0.601982057094574
0.8861867189407349
0.5747621059417725
0.8688296675682068
0.8371341824531555
0.8733802437782288
0.8870135545730591
0.8843904137611389
0.6911517977714539
0.8346595764160156
0.8828104734420776
0.7395167350769043
0.899238646030426
0.8952358961105347
0.8423418402671814
0.8289694786071777
0.8258903622627258
0.862534761428833
0.8750401735305786
0.6223178505897522
0.9177660942077637
0.512507975101471
0.8397288918495178
0.8284406661987305
0.7866942286491394
0.555956244468689
0.9080915451049805
0.8682777881622314
0.8747086524963379
0.9197287559509277
0.8059359192848206
0.8214832544326782
0.8908365368843079
0.8104554414749146
0.8714758157730103
0.9427839517593384
0.7912929654121399
0.9127069115638733
0.7194159030914307
0.9338821172714233
0.7578520774841309
0.5830985307693481
0.9269040822982788
0.9271959066390991
0.7954941987991333
0.7019730806350708
0.8034999370574951
0.5034962892532349
0.8312162160873413
0.9037843346595764
0.7251525521278381
0.878136157989502
0.8079652190208435
0.7767147421836853
0.8452815413475037
0.8242619037628174
0.8511687517166138
0.7652440071105957
0.8931890726089478
0.8027194142341614
0.7983838319778442
0.6420820951461792
0.668236494064331
0.8209385871887207
0.8484435081481934
0.745123028755188
0.7890857458114624
0.6882115602493286
0.9273254871368408
0.4865441918373108
0.4927089214324951
0.6931396722793579
0.8768675327301025
0.791222333908081
0.7765946984291077
0.8686444759368896
0.8133983612060547
0.7823162078857422
0.7839617133140564
0.9311368465423584
0.8135601878166199
0.8682312965393066
0.8501574993133545
0.7233166694641113
0.9191075563430786
0.7173367738723755
0.8671574592590332
0.8653541207313538
0.7648602724075317
0.4717949330806732
0.8725867867469788
0.843876302242279
0.8507043123245239
0.7698869705200195
0.9141056537628174
0.8704084753990173
0.5735632181167603
0.7666077017784119
0.8648592233657837
0.8858659863471985
0.9048636555671692
0.901399552822113
0.8507612943649292
0.8684790134429932
0.7487635612487793
0.8890511393547058
0.5253636837005615
0.9672563076019287
0.7329800128936768
0.8822805881500244
0.7217702865600586
0.5642305016517639
0.8662134408950806
0.884392261505127
0.824971079826355
0.880837619304657
0.5990460515022278
0.42113810777664185
0.4944630563259125
0.44291773438453674
0.8988369107246399
0.7763681411743164
0.900048553943634
0.9087235927581787
0.8620648980140686
0.6780130863189697
0.8835402727127075
0.9266513586044312
0.8753585815429688
0.6564873456954956
0.7803637981414795
0.9114556312561035
0.5964800119400024
0.8493305444717407
0.8593200445175171
0.8790586590766907
0.8391436338424683
0.8524079322814941
0.9300726652145386
0.8902350068092346
0.8187322616577148
0.9237468838691711
0.8061778545379639
0.7965712547302246
0.8166061043739319
0.6577843427658081
0.6287953853607178
0.8606459498405457
0.8263968229293823
0.7504264116287231
0.9016561508178711
0.8495697975158691
0.615878701210022
0.7001056671142578
0.8172683715820312
0.9347358345985413
0.8285553455352783
0.9007136821746826
0.8890494704246521
0.8196171522140503
0.7817633152008057
0.7767940759658813
0.8097261786460876
0.9091074466705322
0.8070064187049866
0.46569597721099854
0.8949441909790039
0.8273866772651672
0.5722119212150574
0.8265652060508728
0.9506939649581909
0.6263959407806396
0.6212707757949829
0.769055187702179
0.8176531791687012
0.7884393930435181
0.8189655542373657
0.7740371227264404
0.7882567048072815
0.9117963910102844
0.8792432546615601
0.7803277969360352
0.48687925934791565
0.8819674849510193
0.596369743347168
0.8588797450065613
0.7294265031814575
0.8362383246421814
0.9129202365875244
0.6834912300109863
0.9024741649627686
0.9414247870445251
0.6545270085334778
0.8765812516212463
0.8468313217163086
0.6747758388519287
0.811220645904541
0.7965700626373291
0.7636451721191406
0.624308705329895
0.8700786828994751
0.8719750046730042
0.7882558703422546
0.8603148460388184
0.8447800278663635
0.9341728687286377
0.6307352781295776
0.5873904824256897
0.8759755492210388
0.8340312838554382
0.845544159412384
0.8886412978172302
0.8276757001876831
0.855802059173584
0.803351879119873
0.9291832447052002
0.8607097864151001
0.9037607908248901
0.8788527250289917
0.6200703978538513
0.794891357421875
0.6678075790405273
0.393208384513855
0.8230447173118591
0.8437727689743042
0.7930335998535156
0.8237870335578918
0.8448708057403564
0.8898912668228149
0.9072670936584473
0.8754113912582397
0.8785673379898071
0.7060993313789368
0.8098678588867188
0.8047942519187927
0.9031875729560852
0.7778467535972595
0.8536398410797119
0.8543818593025208
0.8973026275634766
0.880046546459198
0.8826858997344971
0.8073813915252686
0.7235748171806335
0.8946996927261353
0.4325546324253082
0.7593013048171997
0.7745943069458008
0.9099859595298767
0.9129925966262817
0.8839887380599976
0.8605775237083435
0.8279109597206116
0.8175632953643799
0.5949010848999023
0.8677932024002075
0.8781454563140869
0.8445350527763367
0.8894797563552856
0.8758678436279297
0.8874818682670593
0.8558809757232666
0.8740922212600708
0.8901070356369019
0.8864355683326721
0.8660190105438232
0.8543333411216736
0.8045036196708679
0.8978818655014038
0.8386321067810059
0.8535746335983276
0.7395489811897278
0.8730077147483826
0.7144976854324341
0.8592714071273804
0.4232182204723358
0.6823993921279907
0.9475698471069336
0.8699746131896973
0.8602998852729797
0.7172551155090332
0.8001226782798767
0.8260589241981506
0.9030818343162537
0.9010305404663086
0.8563592433929443
0.8387178778648376
0.8498043417930603
0.8034721612930298
0.824559211730957
0.8375134468078613
0.5511487722396851
0.9044917225837708
0.8641805648803711
0.8364835977554321
0.5910901427268982
0.7750298976898193
0.9346376657485962
0.8744136691093445
0.7317113876342773
0.8224937915802002
0.7991302013397217
0.6021441221237183
0.9282099008560181
0.846895158290863
0.8875542283058167
0.7780771255493164
0.91875821352005
0.8555744886398315
0.8379618525505066
0.846243143081665
0.6051274538040161
0.8389873504638672
0.9270614385604858
0.9239835739135742
0.8424615859985352
0.7791887521743774
0.7673191428184509
0.7934240102767944
0.8558616638183594
0.7354685068130493
0.8450834155082703
0.7682164907455444
0.5689606666564941
0.8735581636428833
0.872032880783081
0.8264433145523071
0.8154666423797607
0.8700879812240601
0.5167757868766785
0.9596373438835144
0.9010286331176758
0.8744620084762573
0.8996874094009399
0.8438453674316406
0.8780717253684998
0.8797603845596313
0.9107698202133179
0.825023353099823
0.7425135374069214
0.8282426595687866
0.7291614413261414
0.8448976874351501
0.7307140827178955
0.8876720666885376
0.6615607142448425
0.8275721669197083
0.8489943742752075
0.8682117462158203
0.5807746052742004
0.8482624292373657
0.824100136756897
0.5878623723983765
0.4883963465690613
0.8937952518463135
0.5236345529556274
0.8136816024780273
0.8647148609161377
0.533373236656189
0.6787503957748413
0.5229417681694031
0.823483943939209
0.9045611023902893
0.5958593487739563
0.9191416501998901
0.8582829236984253
0.8013489246368408
0.4712253510951996
0.48541638255119324
0.8313735723495483
0.8707796335220337
0.7419134378433228
0.8634157180786133
0.534683108329773
0.9334697127342224
0.9324455857276917
0.8736907243728638
0.8268604874610901
0.8001247644424438
0.9202096462249756
0.5363743901252747
0.8606804609298706
0.751478910446167
0.8208096027374268
0.809554934501648
0.8759400844573975
0.9371112585067749
0.923227071762085
0.8750556707382202
0.7094210386276245
0.6314820051193237
0.7611390352249146
0.9122264385223389
0.9115451574325562
0.6821260452270508
0.8076726198196411
0.8177434206008911
0.9215668439865112
0.6557552814483643
0.8082207441329956
0.9136950969696045
0.895954966545105
0.858641505241394
0.8447291851043701
0.939108669757843
0.6058256030082703
0.5711284875869751
0.7201469540596008
0.507530689239502
0.8418381214141846
0.8820315599441528
0.8000165224075317
0.8503121733665466
0.8195174336433411
0.8564288020133972
0.8322543501853943
0.6887482404708862
0.9218292236328125
0.4811122715473175
0.9168828725814819
0.4772934317588806
0.8373252153396606
0.48553791642189026
0.8094123601913452
0.7714465260505676
0.7295649647712708
0.8462051749229431
0.8318093419075012
0.711275041103363
0.8162498474121094
0.860332727432251
0.8380721807479858
0.5818639993667603
0.8725866675376892
0.8981338143348694
0.8098954558372498
0.8239375352859497
0.8260458707809448
0.8273184895515442
0.7813605070114136
0.8382611274719238
0.7399612665176392
0.549714207649231
0.867383599281311
0.8110625743865967
0.9267929196357727
0.8236581087112427
0.6767498850822449
0.5184863209724426
0.8922296762466431
0.8428481221199036
0.8098196983337402
0.5943663120269775
0.5030505657196045
0.8633619546890259
0.8617147207260132
0.5456560850143433
0.8668836951255798
0.7274941205978394
0.7279092073440552
0.9120038747787476
0.8987282514572144
0.9335638284683228
0.8245083093643188
0.8727362751960754
0.6061328649520874
0.5047968029975891
0.8801047801971436
0.9136022329330444
0.9117642641067505
0.6854743957519531
0.8966088891029358
0.5903369188308716
0.5740083456039429
0.9158730506896973
0.6422560214996338
0.8508709669113159
0.6268677711486816
0.8326249122619629
0.8649321794509888
0.5996981859207153
0.8225549459457397
0.8654966354370117
0.7953441739082336
0.9195576906204224
0.8664921522140503
0.8868159651756287
0.8617278337478638
0.8740191459655762
0.6316077709197998
0.778301477432251
0.7899006605148315
0.5094653367996216
0.8772687911987305
0.8795839548110962
0.5331796407699585
0.7728029489517212
0.8420953154563904
0.8800554275512695
0.927293598651886
0.9207336902618408
0.8950492739677429
0.9097471833229065
0.5802667737007141
0.8472185730934143
0.7909011840820312
0.8860514163970947
0.8572643995285034
0.8117486238479614
0.7101869583129883
0.8960952758789062
0.7791920900344849
0.8446756601333618
0.4061712324619293
0.9163163900375366
0.7813394069671631
0.8455259799957275
0.4758056700229645
0.8109018802642822
0.5484744310379028
0.7128135561943054
0.7651087045669556
0.8389151692390442
0.8357406258583069
0.7735518217086792
0.9023072719573975
0.8278344869613647
0.8394656181335449
0.5735838413238525
0.6705248355865479
0.716425359249115
0.9053351283073425
0.8307089805603027
0.867278516292572
0.8597691059112549
0.6418005228042603
0.931265652179718
0.8894791007041931
0.7280302047729492
0.8371955156326294
0.45302483439445496
0.47136756777763367
0.819240152835846
0.8957256078720093
0.8511677980422974
0.8616735935211182
0.9511680006980896
0.9659982323646545
0.7696274518966675
0.8555299043655396
0.9179439544677734
0.7806668281555176
0.8871300220489502
0.9335995316505432
0.6500250101089478
0.7899272441864014
0.7646012902259827
0.7937973141670227
0.6117026805877686
0.9053478240966797
0.899297833442688
0.9439261555671692
0.832504153251648
0.40785735845565796
0.8564057350158691
0.8406192064285278
0.7930161952972412
0.8838367462158203
0.5812903642654419
0.619574785232544
0.8627541065216064
0.7749247550964355
0.811119794845581
0.5519077777862549
0.896099328994751
0.9045913219451904
0.8881853818893433
0.932856559753418
0.8671968579292297
0.8653723001480103
0.8229548335075378
0.8571586608886719
0.8824787735939026
0.8795334100723267
0.8921133875846863
0.8930646777153015
0.8561661243438721
0.8683135509490967
0.875361442565918
0.8644098043441772
0.817584753036499
0.9239500761032104
0.7790653705596924
0.9294636249542236
0.8511552214622498
0.8979552388191223
0.8285863399505615
0.5552220344543457
0.934658408164978
0.5850714445114136
0.8238731622695923
0.8332743048667908
0.827197790145874
0.8165096044540405
0.7786471247673035
0.5819181203842163
0.7284581661224365
0.8076375722885132
0.8293675780296326
0.8647063970565796
0.8165827393531799
0.9234298467636108
0.8065593242645264
0.8454799652099609
0.9236171245574951
0.8594396114349365
0.8126338124275208
0.8030064105987549
0.8884748816490173
0.8477407693862915
0.37189316749572754
0.6415191888809204
0.9057652950286865
0.8460137844085693
0.5648654103279114
0.9074782729148865
0.7980901002883911
0.940105676651001
0.7405074834823608
0.6539698839187622
0.5039034485816956
0.7942664623260498
0.8300462961196899
0.8723485469818115
0.732940673828125
0.7537094354629517
0.8844326734542847
0.6627882719039917
0.8158158659934998
0.8400787115097046
0.8367822170257568
0.8507533073425293
0.610849916934967
0.8534466028213501
0.867698073387146
0.8796462416648865
0.8991880416870117
0.841838002204895
0.9092912673950195
0.8630355596542358
0.8645234107971191
0.8712385892868042
0.7856048345565796
0.8115778565406799
0.8338250517845154
0.6511175632476807
0.7600391507148743
0.8387894034385681
0.8367031812667847
0.8110653162002563
0.8541721105575562
0.8133096694946289
0.8363494277000427
0.8942153453826904
0.8361005783081055
0.9327985048294067
0.6992188096046448
0.5895928740501404
0.8112262487411499
0.9078006744384766
0.8215653896331787
0.7809655070304871
0.7638659477233887
0.7604274749755859
0.8534021377563477
0.8265729546546936
0.779097318649292
0.8093233108520508
0.9192154407501221
0.7488483190536499
0.5812594890594482
0.5227771997451782
0.8453081846237183
0.6467334032058716
0.6303734183311462
0.8244596719741821
0.5423551797866821
0.41326650977134705
0.6664939522743225
0.8124234676361084
0.49000653624534607
0.902327299118042
0.8665198683738708
0.879332423210144
0.8754016757011414
0.8907960653305054
0.9313406944274902
0.7321276664733887
0.9148513078689575
0.8667665719985962
0.48872649669647217
0.459298700094223
0.5502705574035645
0.8435277342796326
0.7081508636474609
0.7862723469734192
0.7087774276733398
0.8518722057342529
0.854676365852356
0.8275265097618103
0.8402152061462402
0.8628901243209839
0.8495520353317261
0.6774578094482422
0.8376723527908325
0.9161652326583862
0.8668327927589417
0.7721380591392517
0.47765350341796875
0.8903677463531494
0.5338485836982727
0.9183202981948853
0.8789408206939697
0.8722430467605591
0.8137639164924622
0.5218188166618347
0.8931693434715271
0.8851824998855591
0.8524978160858154
0.9120014905929565
0.7722801566123962
0.572413444519043
0.7777156233787537
0.4014687240123749
0.789604663848877
0.6129880547523499
0.8552122116088867
0.8575770258903503
0.801200270652771
0.8959531784057617
0.8563429117202759
0.5914832353591919
0.8595106601715088
0.763613760471344
0.7425764799118042
0.8366084098815918
0.7768515348434448
0.8436923623085022
0.7926959991455078
0.8220916390419006
0.890544056892395
0.9026824235916138
0.6765538454055786
0.8467354774475098
0.8708580732345581
0.8799509406089783
0.35204413533210754
0.8235820531845093
0.5647542476654053
0.8936430215835571
0.7998575568199158
0.8149027824401855
0.696648359298706
0.9084805250167847
0.6671620607376099
0.8226589560508728
0.785392165184021
0.882770836353302
0.8388447761535645
0.8360605239868164
0.49549493193626404
0.6748101711273193
0.7260056734085083
0.7790719270706177
0.7372027635574341
0.8927761316299438
0.920918345451355
0.6228020191192627
0.6553374528884888
0.9171810150146484
0.8848611116409302
0.8851361274719238
0.8129703998565674
0.8465837836265564
0.9157952666282654
0.8026460409164429
0.8305320143699646
0.5348110795021057
0.8462637066841125
0.901372492313385
0.9031157493591309
0.9160439968109131
0.8439451456069946
0.5978492498397827
0.8605791926383972
0.806655764579773
0.845608115196228
0.8848664164543152
0.9105120301246643
0.8230907917022705
0.8549228310585022
0.7569414377212524
0.8781729936599731
0.7924402952194214
0.8946681022644043
0.7759841680526733
0.9234198331832886
0.8525552749633789
0.6358590126037598
0.5647187232971191
0.9095426201820374
0.8678801655769348
0.8345227241516113
0.7186259031295776
0.8817957639694214
0.7735172510147095
0.41623497009277344
0.8168845176696777
0.6172149181365967
0.5459585785865784
0.809109091758728
0.85516756772995
0.8995487689971924
0.8691120147705078
0.897291898727417
0.8525351881980896
0.8307841420173645
0.8968694806098938
0.6435396075248718
0.8670986890792847
0.9540548324584961
0.9122151136398315
0.838236927986145
0.7774332761764526
0.8566779494285583
0.9111882448196411
0.8016458749771118
0.8439747095108032
0.8187961578369141
0.6965603828430176
0.8929840326309204
0.6485258936882019
0.7483939528465271
0.8441983461380005
0.7012553215026855
0.5401078462600708
0.8772821426391602
0.8696279525756836
0.8679027557373047
0.8647258281707764
0.8537482023239136
0.858394980430603
0.8999961018562317
0.9399821162223816
0.8634496331214905
0.5192002654075623
0.8562794327735901
0.8736497163772583
0.7717295289039612
0.7224341630935669
0.8772950172424316
0.8341612815856934
0.8554683923721313
0.9318971633911133
0.8711286783218384
0.8982069492340088
0.8769366145133972
0.9191701412200928
0.6528269052505493
0.6681432127952576
0.9225016832351685
0.8704737424850464
0.9445861577987671
0.5970098972320557
0.7261714339256287
0.8788243532180786
0.9183167219161987
0.8297245502471924
0.8563278913497925
0.8527736067771912
0.9392133355140686
0.9102013111114502
0.7491729259490967
0.8640117645263672
0.6938408017158508
0.8617745637893677
0.8896383047103882
0.8952608108520508
0.5398663282394409
0.8287596106529236
0.7985259294509888
0.9283061027526855
0.8577429056167603
0.49449262022972107
0.8621319532394409
0.9430555105209351
0.838153064250946
0.8334846496582031
0.5725812911987305
0.8198500871658325
0.8632429242134094
0.8990260362625122
0.8759530186653137
0.8700898885726929
0.7126511335372925
0.8836137056350708
0.8295444846153259
0.8494325876235962
0.9096912145614624
0.8895742297172546
0.8560417890548706
0.8219252824783325
0.8365309238433838
0.7960233688354492
0.8292905688285828
0.496721476316452
0.5381442308425903
0.8543188571929932
0.8627537488937378
0.9165383577346802
0.6723093390464783
0.8293657302856445
0.852308988571167
0.7983105182647705
0.7918062210083008
0.7697283625602722
0.9133700728416443
0.9193423986434937
0.8338350057601929
0.7733540534973145
0.9028234481811523
0.885009229183197
0.790480375289917
0.8978047370910645
0.9505807161331177
0.8305994272232056
0.8371075391769409
0.8815134167671204
0.8270184993743896
0.41039589047431946
0.6621602177619934
0.7139372825622559
0.8853513598442078
0.8508002758026123
0.8297096490859985
0.7134659290313721
0.8709509372711182
0.5556581616401672
0.6545617580413818
0.952497124671936
0.511773943901062
0.6928882598876953
0.9438456892967224
0.8881046772003174
0.837029218673706
0.6855670213699341
0.8683778047561646
0.8093713521957397
0.7309463024139404
0.9236134886741638
0.8891557455062866
0.8610178232192993
0.838620662689209
0.8462324142456055
0.6998398303985596
0.87437903881073
0.779844343662262
0.8997291326522827
0.8495063185691833
0.7152174115180969
0.7773901224136353
0.433358758687973
0.9286985397338867
0.8075453042984009
0.7772387862205505
0.9158881306648254
0.882349967956543
0.42266592383384705
0.90522301197052
0.8872013688087463
0.45621994137763977
0.4774433672428131
0.8335934281349182
0.8459354639053345
0.8828731179237366
0.9076135158538818
0.7286970615386963
0.8236104249954224
0.8046838641166687
0.8512564897537231
0.8629079461097717
0.8570626974105835
0.901986837387085
0.8683348894119263
0.6078469157218933
0.760154664516449
0.9219954013824463
0.887053906917572
0.9093908071517944
0.8776150345802307
0.5450201630592346
0.8870470523834229
0.7649873495101929
0.7739133238792419
0.9212403297424316
0.6531589031219482
0.8736402988433838
0.68175208568573
0.5794748067855835
0.7121394872665405
0.819628119468689
0.8006898164749146
0.8553292155265808
0.5974192023277283
0.8930766582489014
0.8858346939086914
0.8386330604553223
0.5216506719589233
0.7735610008239746
0.8641002774238586
0.7655172348022461
0.8778234720230103
0.43550747632980347
0.834288477897644
0.8812804818153381
0.712009847164154
0.7980425953865051
0.8214107751846313
0.7225131988525391
0.47140228748321533
0.6422244310379028
0.8907776474952698
0.79694002866745
0.5819040536880493
0.8713040947914124
0.7991361618041992
0.9030404090881348
0.6927958130836487
0.8204975724220276
0.9051392078399658
0.8998985290527344
0.8703898191452026
0.47905829548835754
0.7969121932983398
0.738966703414917
0.9026538729667664
0.789559006690979
0.9539487361907959
0.828016459941864
0.9000217318534851
0.8253501057624817
0.9287524819374084
0.741070568561554
0.8612889051437378
0.8856459856033325
0.7560205459594727
0.48450767993927
0.55521160364151
0.8140267729759216
0.7965738773345947
0.7990143895149231
0.6792654991149902
0.6830508708953857
0.8764243125915527
0.7334168553352356
0.7021260857582092
0.8722717761993408
0.8728843927383423
0.8438805341720581
0.9332515001296997
0.8725107908248901
0.8528769612312317
0.5833063125610352
0.7867892980575562
0.8270477056503296
0.8940992951393127
0.8772268295288086
0.8792806267738342
0.9121637344360352
0.7814723253250122
0.8003526926040649
0.9049354195594788
0.8638793230056763
0.767387866973877
0.8682802319526672
0.8771350383758545
0.9379915595054626
0.8784692883491516
0.5890935659408569
0.6837713718414307
0.8666092753410339
0.8274294137954712
0.7032731175422668
0.8664411306381226
0.8258571624755859
0.8493084907531738
0.5718145966529846
0.8106638193130493
0.5140328407287598
0.7970664501190186
0.8354552388191223
0.8207063674926758
0.8061059713363647
0.8331934213638306
0.8924903869628906
0.4624479413032532
0.8942805528640747
0.8121325373649597
0.9167701601982117
0.8961387872695923
0.8599143028259277
0.8873872756958008
0.7961192727088928
0.8479605317115784
0.7874627113342285
0.5988789200782776
0.6714602708816528
0.8654187321662903
0.7894240617752075
0.8688430190086365
0.7399203181266785
0.7983483076095581
0.38164472579956055
0.43894872069358826
0.8131869435310364
0.5095436573028564
0.8209806680679321
0.8704407811164856
0.8672032356262207
0.8305865526199341
0.8656234741210938
0.8688692450523376
0.850304126739502
0.8056472539901733
0.8630146980285645
0.8580377101898193
0.6568934917449951
0.882347583770752
0.8935937881469727
0.9094173908233643
0.3302994668483734
0.8546011447906494
0.9114829897880554
0.8958898782730103
0.8303282856941223
0.8807830810546875
0.8161182403564453
0.8848692178726196
0.5269370079040527
0.8363431692123413
0.4798929691314697
0.9067416191101074
0.8371742963790894
0.9147440791130066
0.8803369402885437
0.8470289707183838
0.8155715465545654
0.8468058109283447
0.9085618257522583
0.8833916187286377
0.4904116690158844
0.8419106006622314
0.7777419090270996
0.6061735153198242
0.8578450083732605
0.8373607993125916
0.5999225378036499
0.9032325744628906
0.5499071478843689
0.5838811993598938
0.5909233093261719
0.8070567846298218
0.8385467529296875
0.9344744682312012
0.668947696685791
0.6432560682296753
0.9321075677871704
0.790058970451355
0.9120218753814697
0.8672626614570618
0.685710608959198
0.8978257179260254
0.7688586711883545
0.5542334914207458
0.6853541135787964
0.8315235376358032
0.9561811089515686
0.868165910243988
0.8580268621444702
0.8679070472717285
0.8582610487937927
0.8045045137405396
0.7998784780502319
0.8973220586776733
0.8975389003753662
0.8710739612579346
0.526763916015625
0.6108114123344421
0.3028341233730316
0.8014673590660095
0.7879016995429993
0.8566312789916992
0.7182725667953491
0.8934573531150818
0.8189833164215088
0.6291736364364624
0.7601161599159241
0.821399450302124
0.5685256123542786
0.7804492115974426
0.840991735458374
0.901836097240448
0.6943759918212891
0.8374653458595276
0.8233609199523926
0.8725637197494507
0.9018186330795288
0.8663232922554016
0.8290265798568726
0.7469022870063782
0.6975135803222656
0.5334718823432922
0.8915619850158691
0.6832484006881714
0.9189342856407166
0.8303911089897156
0.7812670469284058
0.6760559678077698
0.9045009016990662
0.7264569997787476
0.549394965171814
0.5681695938110352
0.8754910230636597
0.813303530216217
0.8536465167999268
0.8108797073364258
0.673638105392456
0.8565577268600464
0.880003035068512
0.7469139099121094
0.7439900636672974
0.6324920654296875
0.9285133481025696
0.9005758762359619
0.7873945236206055
0.7735356688499451
0.7645219564437866
0.8215453624725342
0.8945904970169067
0.7957797646522522
0.8746147155761719
0.904279887676239
0.9139076471328735
0.9195177555084229
0.514792799949646
0.8305715918540955
0.8707270622253418
0.4484449625015259
0.7882983088493347
0.7869970798492432
0.8657609820365906
0.86445552110672
0.4799283742904663
0.8858457207679749
0.8864051699638367
0.7093127965927124
0.9178469181060791
0.49777474999427795
0.8733342289924622
0.8994081616401672
0.8794904351234436
0.771273136138916
0.8571833372116089
0.8071581721305847
0.8238515853881836
0.8784091472625732
0.6247969269752502
0.803930938243866
0.8668835759162903
0.9145901203155518
0.7733520865440369
0.9325951933860779
0.8880035281181335
0.6132209300994873
0.30955979228019714
0.8804317116737366
0.9597184062004089
0.41584697365760803
0.8574284315109253
0.704963207244873
0.666757345199585
0.8127443790435791
0.819599986076355
0.7338080406188965
0.8564742207527161
0.7922087907791138
0.7332901358604431
0.8069015741348267
0.6993508338928223
0.7677575349807739
0.6527934670448303
0.7437400817871094
0.9185481071472168
0.6606969237327576
0.8555973768234253
0.7249919772148132
0.8273852467536926
0.9134299755096436
0.9510970711708069
0.8528584241867065
0.8773754835128784
0.853246808052063
0.7992961406707764
0.3751075565814972
0.7849721908569336
0.571079432964325
0.7363848686218262
0.9098122119903564
0.8418580293655396
0.8284133672714233
0.8475561141967773
0.8572466969490051
0.5955873727798462
0.783322811126709
0.9153196811676025
0.8096089959144592
0.8465142250061035
0.8810335397720337
0.7116430997848511
0.9342052936553955
0.46243801712989807
0.6997689008712769
0.7262049913406372
0.8681962490081787
0.7519251108169556
0.7987391352653503
0.7085559368133545
0.9366374015808105
0.7676301598548889
0.8000489473342896
0.9796581268310547
0.8958466053009033
0.7663699388504028
0.8698395490646362
0.29347699880599976
0.8461884260177612
0.764785647392273
0.7789496779441833
0.7915101051330566
0.8472946882247925
0.8707201480865479
0.7221217751502991
0.9043798446655273
0.9315023422241211
0.8291494846343994
0.7088375091552734
0.9374451637268066
0.46268174052238464
0.854755699634552
0.8221771717071533
0.34489986300468445
0.6434662342071533
0.8685309886932373
0.8753455281257629
0.8013894557952881
0.5440363883972168
0.46961864829063416
0.8838736414909363
0.8540599346160889
0.6044211387634277
0.4158366322517395
0.746032178401947
0.7992120981216431
0.9083216190338135
0.8884812593460083
0.8747061491012573
0.8614063262939453
0.8549932837486267
0.9117363691329956
0.9229938983917236
0.5539350509643555
0.7380334734916687
0.8287055492401123
0.8516492247581482
0.8196210861206055
0.6720322370529175
0.7978628873825073
0.8203273415565491
0.7443419694900513
0.7958919405937195
0.8189828395843506
0.858954906463623
0.8056172132492065
0.5557197332382202
0.8602144718170166
0.9220476746559143
0.8994139432907104
0.802436351776123
0.7187097072601318
0.8479564189910889
0.8479088544845581
0.8853128552436829
0.8403369188308716
0.8848148584365845
0.8877300024032593
0.8235524892807007
0.8558396100997925
0.8420455455780029
0.6638538837432861
0.8652500510215759
0.8604617714881897
0.7607414722442627
0.4579457640647888
0.5618171691894531
0.9271939992904663
0.9257968664169312
0.8177551031112671
0.8599779605865479
0.8477144837379456
0.842162013053894
0.4516257643699646
0.4858872592449188
0.9180202484130859
0.8570171594619751
0.8652591109275818
0.8862559199333191
0.8286129236221313
0.9010022878646851
0.81905198097229
0.7507306933403015
0.7648356556892395
0.8788182735443115
0.896045982837677
0.8308107852935791
0.7879893779754639
0.8877623081207275
0.8853433728218079
0.8544080257415771
0.5844211578369141
0.6468190550804138
0.8573121428489685
0.8458767533302307
0.760410726070404
0.7712966799736023
0.8981130719184875
0.9051528573036194
0.8105199337005615
0.8638319969177246
0.9223949909210205
0.6259377002716064
0.7976056337356567
0.5957827568054199
0.8008074164390564
0.8623659610748291
0.8623769879341125
0.790558934211731
0.8680654764175415
0.7335909605026245
0.8005825281143188
0.8830128312110901
0.7022327780723572
0.8788517117500305
0.8867552280426025
0.8453149199485779
0.767479419708252
0.46129685640335083
0.7725616693496704
0.8412123918533325
0.843889594078064
0.9046518206596375
0.8342314958572388
0.8606449365615845
0.8864427804946899
0.5871760845184326
0.8199830651283264
0.75351482629776
0.7785905003547668
0.9257313013076782
0.43148526549339294
0.623232901096344
0.7795250415802002
0.8688479065895081
0.6996921300888062
0.9480578303337097
0.9028823375701904
0.3383238911628723
0.843569278717041
0.7579864859580994
0.9463513493537903
0.8525933623313904
0.876630425453186
0.867803156375885
0.7804322242736816
0.6559150218963623
0.7815773487091064
0.844212532043457
0.8407602310180664
0.6855142116546631
0.9337265491485596
0.6292853355407715
0.8752057552337646
0.5572388172149658
0.8704649209976196
0.669135570526123
0.611553966999054
0.5791582465171814
0.8747984170913696
0.8359283208847046
0.7449250221252441
0.7948609590530396
0.8860189914703369
0.857466459274292
0.7723355889320374
0.746955394744873
0.8624475002288818
0.6925833225250244
0.7897025346755981
0.8629282116889954
0.9115382432937622
0.9149087071418762
0.9119530916213989
0.8292296528816223
0.6836071610450745
0.8808020353317261
0.8920705318450928
0.8229268789291382
0.8587270379066467
0.9230147004127502
0.7187795639038086
0.8467941880226135
0.8423254489898682
0.8761026263237
0.8665090203285217
0.828136682510376
0.4481060206890106
0.7784010767936707
0.7956088185310364
0.8442262411117554
0.7149201035499573
0.768395721912384
0.8385870456695557
0.9285740852355957
0.7008520364761353
0.8572204113006592
0.8931286334991455
0.9240222573280334
0.8364101648330688
0.9453345537185669
0.810810387134552
0.866158127784729
0.7738324403762817
0.8279817700386047
0.6066197156906128
0.7669937610626221
0.8486091494560242
0.8899332284927368
0.8920376300811768
0.5564157962799072
0.8083653450012207
0.8427660465240479
0.7226700782775879
0.7633876800537109
0.8175212144851685
0.8599283695220947
0.9068225622177124
0.7015241384506226
0.653467059135437
0.3987279236316681
0.47635871171951294
0.7713636159896851
0.9116424322128296
0.590525209903717
0.8515744209289551
0.8840721845626831
0.8572794198989868
0.7749881744384766
0.8506606221199036
0.7992093563079834
0.8651353120803833
0.8703740835189819
0.8267342448234558
0.8382141590118408
0.8661973476409912
0.5153470635414124
0.7034976482391357
0.8314679861068726
0.7812356948852539
0.8471863269805908
0.6943490505218506
0.5741546154022217
0.3711433708667755
0.8561220169067383
0.8537173867225647
0.8420543074607849
0.798437774181366
0.7960057854652405
0.8800079226493835
0.8651225566864014
0.5610558986663818
0.8231260180473328
0.8253235220909119
0.7759314775466919
0.5213795900344849
0.8378321528434753
0.8638213276863098
0.8948616981506348
0.7910292744636536
0.8782145977020264
0.8932845592498779
0.8497772216796875
0.6685957908630371
0.7726261615753174
0.849626898765564
0.6731584668159485
0.8952621221542358
0.6343361139297485
0.8090925216674805
0.7247937917709351
0.884307861328125
0.6469979286193848
0.818198561668396
0.8490779399871826
0.6496791839599609
0.5486273765563965
0.7326221466064453
0.795849621295929
0.9268530607223511
0.603924036026001
0.662306010723114
0.8998511433601379
0.9085514545440674
0.8951334953308105
0.8369044065475464
0.8559645414352417
0.7653478384017944
0.8488779664039612
0.8332542181015015
0.8657761216163635
0.9326134920120239
0.4755616784095764
0.8365193605422974
0.9408029913902283
0.8312134146690369
0.776507556438446
0.8355057835578918
0.9063979387283325
0.5688114166259766
0.898667573928833
0.6811790466308594
0.5123047232627869
0.4546433985233307
0.9375811815261841
0.8834289312362671
0.8738808631896973
0.8693532347679138
0.746078610420227
0.7928088307380676
0.9220602512359619
0.8493670225143433
0.921497642993927
0.585025429725647
0.9003211259841919
0.5738828182220459
0.6853356957435608
0.9077168107032776
0.8631973266601562
0.8603580594062805
0.8777545690536499
0.8817046880722046
0.9373472929000854
0.8318539261817932
0.8770917057991028
0.7634011507034302
0.809711217880249
0.7766387462615967
0.6860734224319458
0.5304009914398193
0.4257144033908844
0.8446327447891235
0.5819774270057678
0.8263915181159973
0.9327253699302673
0.7611672878265381
0.8614908456802368
0.7828806042671204
0.9411227703094482
0.7931089997291565
0.8672134280204773
0.48716506361961365
0.8397232294082642
0.8629050254821777
0.7563110589981079
0.9092556238174438
0.5960595011711121
0.48371729254722595
0.8226355314254761
0.8313280940055847
0.8852654695510864
0.41381269693374634
0.9143144488334656
0.8314245343208313
0.6764745712280273
0.8772925734519958
0.900292694568634
0.6624616384506226
0.9154160022735596
0.8654645681381226
0.9098569750785828
0.752852201461792
0.7911269664764404
0.8185170888900757
0.9174838066101074
0.5450876951217651
0.8455619215965271
0.639643669128418
0.9149258732795715
0.8252513408660889
0.7912636995315552
0.8785553574562073
0.9121910333633423
0.8915764689445496
0.8777533769607544
0.8039743900299072
0.8208631277084351
0.7293341159820557
0.8819576501846313
0.8876953721046448
0.634924054145813
0.559380054473877
0.6958473920822144
0.823890209197998
0.7029330134391785
0.8044352531433105
0.826196551322937
0.8733145594596863
0.95058274269104
0.8019131422042847
0.856479287147522
0.5751214623451233
0.7663102149963379
0.7513717412948608
0.8051170110702515
0.8869211673736572
0.6086815595626831
0.8578609228134155
0.7871443033218384
0.9360695481300354
0.8852052688598633
0.4116925597190857
0.932939887046814
0.588527500629425
0.8484939336776733
0.9143835306167603
0.5850257873535156
0.693088173866272
0.6947622299194336
0.8961387872695923
0.8706629276275635
0.884629487991333
0.8162962794303894
0.9344019889831543
0.8944595456123352
0.8497951626777649
0.9197182655334473
0.8268581628799438
0.8526341915130615
0.7255498170852661
0.4207198917865753
0.8016730546951294
0.6477200388908386
0.42412200570106506
0.8662281036376953
0.8224809169769287
0.9478787779808044
0.7845606803894043
0.7230411767959595
0.8832741379737854
0.890409529209137
0.7621634006500244
0.8620479106903076
0.7327620387077332
0.4871114194393158
0.843875527381897
0.7349681854248047
0.9496015310287476
0.8965381383895874
0.7234129309654236
0.9022274017333984
0.8190491199493408
0.9130738377571106
0.6898510456085205
0.8656365275382996
0.8168686628341675
0.9128280878067017
0.7002312541007996
0.6801738739013672
0.9002482891082764
0.8081986308097839
0.538612961769104
0.542030930519104
0.8304095268249512
0.6059148907661438
0.6990764737129211
0.7136156558990479
0.8957247734069824
0.8762208819389343
0.691497266292572
0.8374156355857849
0.8631829023361206
0.6962988376617432
0.7945250272750854
0.9300503730773926
0.7658581733703613
0.7415527105331421
0.849424421787262
0.8570932149887085
0.7497764825820923
0.8212746977806091
0.8340187072753906
0.8421042561531067
0.4581979811191559
0.8663233518600464
0.5920466184616089
0.8549163937568665
0.776005208492279
0.4376801550388336
0.9138950109481812
0.7390618324279785
0.9081712961196899
0.680264949798584
0.8811955451965332
0.6433157920837402
0.5350176095962524
0.8869532346725464
0.8080894947052002
0.7548748254776001
0.831815779209137
0.7896904349327087
0.8965369462966919
0.9086376428604126
0.7454216480255127
0.6190370917320251
0.5956008434295654
0.6318260431289673
0.7981945872306824
0.6609386205673218
0.6906498670578003
0.8011400699615479
0.8174234628677368
0.9071058034896851
0.8722071647644043
0.8809792399406433
0.7625097632408142
0.5460370779037476
0.7996580600738525
0.8105388879776001
0.882248044013977
0.8106285929679871
0.6617605686187744
0.7324598431587219
0.8887578248977661
0.6100366711616516
0.8920021057128906
0.644960343837738
0.8288850784301758
0.6024598479270935
0.8316963911056519
0.8461244106292725
0.7489956021308899
0.765864372253418
0.850825309753418
0.5533466339111328
0.8698965311050415
0.7756852507591248
0.7859628200531006
0.8736711740493774
0.6598981618881226
0.8841732144355774
0.8888776898384094
0.869236946105957
0.8363015651702881
0.44398990273475647
0.8395729064941406
0.5720257759094238
0.5282536149024963
0.8385228514671326
0.8220988512039185
0.8992822766304016
0.8051742315292358
0.6174861192703247
0.5297583937644958
0.8517245054244995
0.8053370714187622
0.8538622856140137
0.876640260219574
0.8076248168945312
0.8610449433326721
0.8419973850250244
0.7562345266342163
0.8883703947067261
0.8568809032440186
0.8423047065734863
0.9142110347747803
0.8380542993545532
0.7558570504188538
0.7729921936988831
0.8399777412414551
0.8707351684570312
0.9007895588874817
0.8062418103218079
0.9220865964889526
0.7807503342628479
0.8924030661582947
0.7546001672744751
0.8298999071121216
0.8822855949401855
0.8892450332641602
0.736354410648346
0.862176775932312
0.6492682695388794
0.8955047130584717
0.842247724533081
0.7289667129516602
0.8252051472663879
0.8098673224449158
0.8549646139144897
0.8113038539886475
0.7532036304473877
0.9277948141098022
0.8980521559715271
0.7178905606269836
0.8127243518829346
0.4428563714027405
0.6928920149803162
0.9065923690795898
0.5056512355804443
0.5774547457695007
0.9207075834274292
0.7666199207305908
0.9077559113502502
0.8279401659965515
0.7309118509292603
0.7641050815582275
0.9174858331680298
0.7880001068115234
0.8179130554199219
0.7488365173339844
0.9106969833374023
0.3443112075328827
0.5982005000114441
0.8264824151992798
0.858274519443512
0.8188185691833496
0.8379285335540771
0.8419660329818726
0.8600225448608398
0.5111516118049622
0.6741410493850708
0.6145139336585999
0.7235516905784607
0.8438044786453247
0.8160988092422485
0.877661943435669
0.828539252281189
0.9581106901168823
0.8493942618370056
0.7179094552993774
0.5402184724807739
0.8978023529052734
0.6640962362289429
0.5031243562698364
0.8986482620239258
0.8731553554534912
0.870790958404541
0.5947161912918091
0.8976319432258606
0.8360627293586731
0.8533785343170166
0.9115339517593384
0.8968783617019653
0.8861082196235657
0.8968073725700378
0.8222159147262573
0.8761841654777527
0.8838971853256226
0.8219379186630249
0.6877583265304565
0.8111739158630371
0.8745903968811035
0.8470925092697144
0.8213030099868774
0.8491218090057373
0.8197972774505615
0.8251068592071533
0.8743054866790771
0.9394969344139099
0.5430845618247986
0.8221361041069031
0.8850991725921631
0.8021407127380371
0.8882077932357788
0.9401769638061523
0.8958538174629211
0.8553211688995361
0.9361575841903687
0.7893232107162476
0.8807010054588318
0.8262169361114502
0.8925153613090515
0.5316135883331299
0.7821462154388428
0.7911463975906372
0.6518555879592896
0.83387291431427
0.9306529760360718
0.8779916763305664
0.8163595795631409
0.48417404294013977
0.9309889078140259
0.8537432551383972
0.8645747900009155
0.6653957366943359
0.7278174161911011
0.8392679691314697
0.9154266119003296
0.9175111055374146
0.8358056545257568
0.4634740948677063
0.8800504207611084
0.6713637113571167
0.8246558308601379
0.9244791269302368
0.7446991801261902
0.8869563341140747
0.92120361328125
0.8600409626960754
0.825447678565979
0.8772367238998413
0.8934540748596191
0.883000373840332
0.9223370552062988
0.9215912818908691
0.8692125082015991
0.8734411001205444
0.41675806045532227
0.5409020185470581
0.8270074129104614
0.9110540151596069
0.8425514101982117
0.8295867443084717
0.9366608262062073
0.450027734041214
0.9024016857147217
0.8920561671257019
0.8940988779067993
0.8614838123321533
0.8203753232955933
0.8851708769798279
0.8683958053588867
0.5389878749847412
0.8214643001556396
0.8530169725418091
0.8736149072647095
0.5970280170440674
0.7333706021308899
0.8627563118934631
0.8853855133056641
0.7709004282951355
0.8575959801673889
0.7239024639129639
0.479072630405426
0.7309355735778809
0.849555253982544
0.8793660998344421
0.8289295434951782
0.8054484724998474
0.9126361012458801
0.9245229959487915
0.3890507221221924
0.7378139495849609
0.8415766954421997
0.8002305030822754
0.8791033029556274
0.8345040082931519
0.8168702721595764
0.8252858519554138
0.8975030779838562
0.5250858068466187
0.7367038726806641
0.8914092183113098
0.8575428128242493
0.5426474809646606
0.7506110668182373
0.8879059553146362
0.7707232236862183
0.8106658458709717
0.8295037150382996
0.7333593964576721
0.8383890390396118
0.577738344669342
0.8237073421478271
0.5654789805412292
0.7984324097633362
0.8724546432495117
0.8417912721633911
0.7378890514373779
0.5527330636978149
0.6806434988975525
0.8995440006256104
0.795186460018158
0.9285318851470947
0.8713628053665161
0.9511005878448486
0.5716781616210938
0.6805634498596191
0.6345553398132324
0.8955563902854919
0.8293421268463135
0.8349779844284058
0.8538965582847595
0.8172143697738647
0.7078939080238342
0.718388557434082
0.8801476955413818
0.7515780329704285
0.7691895961761475
0.811478853225708
0.907474160194397
0.9197707176208496
0.8566924333572388
0.6520951986312866
0.8555948138237
0.8628033995628357
0.8453149795532227
0.8558262586593628
0.9001410603523254
0.8462152481079102
0.42884427309036255
0.8133455514907837
0.8243384957313538
0.47610560059547424
0.5829341411590576
0.7836902141571045
0.9551964998245239
0.8125461339950562
0.9129951000213623
0.9304214715957642
0.8813910484313965
0.8891305327415466
0.7994022965431213
0.7807183265686035
0.8689342737197876
0.8981088399887085
0.8459199070930481
0.8951064944267273
0.8032374978065491
0.8961918354034424
0.8511968851089478
0.8678510189056396
0.873772144317627
0.7032349109649658
0.907497763633728
0.7744276523590088
0.8758492469787598
0.8577132225036621
0.5318478345870972
0.8522465229034424
0.6622228622436523
0.7187167406082153
0.8746469020843506
0.8560514450073242
0.8764493465423584
0.7539573907852173
0.7972500324249268
0.8632810711860657
0.8510375022888184
0.8365363478660583
0.9397795796394348
0.8363186120986938
0.8437603712081909
0.43604597449302673
0.6676627397537231
0.8903272151947021
0.8397257328033447
0.788785457611084
0.5194105505943298
0.8126684427261353
0.8666374683380127
0.8690886497497559
0.8431682586669922
0.9722328782081604
0.7707002758979797
0.8742619752883911
0.616360068321228
0.8542741537094116
0.8048151731491089
0.5238653421401978
0.8374136686325073
0.5432232618331909
0.7862238883972168
0.8899053931236267
0.7636808156967163
0.899640679359436
0.8918338418006897
0.8595162630081177
0.9869188666343689
0.6245666742324829
0.8809500932693481
0.8513807058334351
0.8511080741882324
0.7012148499488831
0.8462814688682556
0.6256483793258667
0.8752574920654297
0.7720929384231567
0.8466030359268188
0.8389919996261597
0.87176513671875
0.8248050808906555
0.7157701253890991
0.8668193817138672
0.8627799153327942
0.8956612348556519
0.8728758096694946
0.9412206411361694
0.8667880892753601
0.8765647411346436
0.8528056144714355
0.8192404508590698
0.6254000663757324
0.853608250617981
0.6836857795715332
0.9247427582740784
0.37768712639808655
0.8132748603820801
0.831760048866272
0.839669942855835
0.6758581399917603
0.5885078310966492
0.8845089077949524
0.5504860877990723
0.8424137830734253
0.8487120270729065
0.8526462316513062
0.5113672614097595
0.9435570240020752
0.6242313385009766
0.8078691959381104
0.8834325671195984
0.6158158183097839
0.839000403881073
0.838336706161499
0.8717585802078247
0.8512516617774963
0.8752691745758057
0.8383330702781677
0.9006112217903137
0.8684430718421936
0.8870948553085327
0.766793429851532
0.815792441368103
0.8166457414627075
0.7456067800521851
0.5536840558052063
0.844456672668457
0.8911721110343933
0.7099140286445618
0.740047037601471
0.5787977576255798
0.8249310851097107
0.9290379881858826
0.4990537762641907
0.7970638275146484
0.7452244758605957
0.8539255857467651
0.5002676248550415
0.7359529137611389
0.9477618336677551
0.7755284309387207
0.9739208221435547
0.7904936075210571
0.723739504814148
0.8078679442405701
0.802242636680603
0.8515426516532898
0.8813285827636719
0.8601075410842896
0.773503303527832
0.8747577667236328
0.9221093058586121
0.861380934715271
0.6395933032035828
0.8090963363647461
0.47217148542404175
0.576278030872345
0.8466653823852539
0.8857004046440125
0.5167721509933472
0.5458736419677734
0.900657057762146
0.8570913076400757
0.8403481245040894
0.7914174795150757
0.8436999917030334
0.872600257396698
0.706515908241272
0.36569055914878845
0.785943329334259
0.9007068872451782
0.6963730454444885
0.5591820478439331
0.7940608263015747
0.8069330453872681
0.8761732578277588
0.8658255934715271
0.756320595741272
0.6334260702133179
0.8646951913833618
0.8345332145690918
0.8295097351074219
0.8780114650726318
0.8954149484634399
0.8579456806182861
0.9315634965896606
0.733908474445343
0.9702556729316711
0.8312467932701111
0.7500962018966675
0.7174572944641113
0.9343204498291016
0.2877940833568573
0.6363967657089233
0.815272331237793
0.8298522233963013
0.7792092561721802
0.634280800819397
0.864991307258606
0.85105299949646
0.8747455477714539
0.8155621290206909
0.8909177184104919
0.8149609565734863
0.693772554397583
0.9126395583152771
0.4773047864437103
0.8738852739334106
0.7534563541412354
0.828934907913208
0.808895468711853
0.776476263999939
0.8912560939788818
0.8647377490997314
0.576546311378479
0.8733336925506592
0.8133033514022827
0.8504226207733154
0.7852721214294434
0.7841977477073669
0.9540907144546509
0.827818751335144
0.8195854425430298
0.5491430759429932
0.8800767660140991
0.7912561297416687
0.6325562596321106
0.7778078317642212
0.7343966960906982
0.7542577981948853
0.4662604331970215
0.8545190095901489
0.8291117548942566
0.8249858617782593
0.422791451215744
0.8496349453926086
0.5711622834205627
0.8770248293876648
0.7793273329734802
0.8672776818275452
0.7772253155708313
0.7508434057235718
0.8404830098152161
0.45294830203056335
0.865517258644104
0.8240355253219604
0.7008368372917175
0.8499653339385986
0.917242169380188
0.8662009835243225
0.8763256669044495
0.8850775361061096
0.7709862589836121
0.8052713871002197
0.8463920950889587
0.8553339838981628
0.8230265378952026
0.7677056789398193
0.8340552449226379
0.5067301392555237
0.6059069037437439
0.8254950046539307
0.8140496015548706
0.7315520644187927
0.8637493848800659
0.6262352466583252
0.8125048875808716
0.7763876914978027
0.7306991219520569
0.8679937124252319
0.86845463514328
0.8673548698425293
0.8686166405677795
0.679336667060852
0.8847578763961792
0.783934473991394
0.8294322490692139
0.8113640546798706
0.5592364072799683
0.8122963905334473
0.44521215558052063
0.9040072560310364
0.7290936708450317
0.8663163185119629
0.8462657332420349
0.6298190355300903
0.7760627269744873
0.9104704260826111
0.8524539470672607
0.8901861906051636
0.7992371320724487
0.7960659265518188
0.7657303810119629
0.8149805068969727
0.8841238617897034
0.8638684749603271
0.5509258508682251
0.8365726470947266
0.8009519577026367
0.847449779510498
0.8131903409957886
0.8049399852752686
0.8373384475708008
0.9055725932121277
0.7355738282203674
0.5003925561904907
0.6243197917938232
0.7750709056854248
0.6800464391708374
0.7689127922058105
0.4820977747440338
0.47022438049316406
0.6261495351791382
0.8638867139816284
0.7964041233062744
0.764481782913208
0.688191294670105
0.7594588994979858
0.8942264318466187
0.4343714416027069
0.7936012744903564
0.8882051706314087
0.853386402130127
0.8437634110450745
0.7813674211502075
0.752233624458313
0.8467826843261719
0.7876743078231812
0.8284586668014526
0.4890264570713043
0.8683429956436157
0.8603813052177429
0.5879241228103638
0.7178877592086792
0.4863266944885254
0.7589862942695618
0.6321102380752563
0.7715067863464355
0.8769662380218506
0.5791105031967163
0.7317605018615723
0.8541437983512878
0.8899614810943604
0.9603777527809143
0.8940485715866089
0.8565407991409302
0.9193536043167114
0.904664158821106
0.5947096943855286
0.7986079454421997
0.8112843632698059
0.8664900064468384
0.8984584212303162
0.6093142032623291
0.9037243127822876
0.6000126004219055
0.9095298647880554
0.8657534718513489
0.6197288036346436
0.8418389558792114
0.5703756213188171
0.8726059794425964
0.9131734371185303
0.7877714037895203
0.8821489810943604
0.5737802982330322
0.7756017446517944
0.5613855719566345
0.8057158589363098
0.8242942690849304
0.9289712905883789
0.8435940146446228
0.8902519941329956
0.7801164388656616
0.677112340927124
0.5723724961280823
0.49506354331970215
0.5396912693977356
0.40888604521751404
0.8208310604095459
0.9259098768234253
0.8579304814338684
0.35930395126342773
0.4768775403499603
0.5695478916168213
0.8304598331451416
0.8215197324752808
0.6355316638946533
0.8578720092773438
0.6076630353927612
0.6961582899093628
0.7660218477249146
0.935692310333252
0.8786835670471191
0.8961365222930908
0.8838185667991638
0.9550544619560242
0.6511651277542114
0.8018612861633301
0.8721391558647156
0.8054721355438232
0.9293672442436218
0.9139131307601929
0.706062376499176
0.8392233848571777
0.8496366143226624
0.9038883447647095
0.6568400859832764
0.831339955329895
0.7683656215667725
0.8318451046943665
0.8639310598373413
0.8722760081291199
0.7321155071258545
0.9293721914291382
0.824386477470398
0.9267089366912842
0.8386278748512268
0.768805742263794
0.8779418468475342
0.8126543760299683
0.7313456535339355
0.8169809579849243
0.760726809501648
0.8191176652908325
0.5842934846878052
0.7506533265113831
0.7318132519721985
0.7113816738128662
0.42881473898887634
0.8836792707443237
0.8792142868041992
0.778765082359314
0.7679206132888794
0.7853236198425293
0.8437114953994751
0.8374988436698914
0.8222224712371826
0.8333337306976318
0.8603545427322388
0.837506890296936
0.5785459280014038
0.8759273886680603
0.8980691432952881
0.8315106630325317
0.8867626190185547
0.6368871331214905
0.8394298553466797
0.8349370956420898
0.7197085618972778
0.8843820691108704
0.7060086727142334
0.8210240602493286
0.7527477145195007
0.7643155455589294
0.8066165447235107
0.5816007256507874
0.6747437715530396
0.8547559976577759
0.681231677532196
0.9354193210601807
0.8972786068916321
0.5943220853805542
0.875956654548645
0.9192898273468018
0.8501465916633606
0.816107988357544
0.8879010677337646
0.8657011985778809
0.7820649147033691
0.8931970000267029
0.7619318962097168
0.7152665257453918
0.8539924621582031
0.8973491191864014
0.7662503719329834
0.6162065267562866
0.8982707262039185
0.8878294229507446
0.8213112354278564
0.778921902179718
0.8371226191520691
0.8324800729751587
0.8828357458114624
0.5973483920097351
0.9152408242225647
0.8401262164115906
0.750606119632721
0.8755255937576294
0.8739767074584961
0.8108766078948975
0.9070661664009094
0.9150189161300659
0.6776455640792847
0.8829480409622192
0.6276987195014954
0.8280045390129089
0.8976036906242371
0.44481492042541504
0.8077487349510193
0.5457718372344971
0.8658525943756104
0.8361613750457764
0.8149975538253784
0.6568491458892822
0.7295905351638794
0.8906969428062439
0.74608314037323
0.8158692121505737
0.9031569957733154
0.8622950911521912
0.7909011840820312
0.8150566816329956
0.8839719295501709
0.8987020254135132
0.7296895384788513
0.7533131241798401
0.6689976453781128
0.8726218938827515
0.7500853538513184
0.928673505783081
0.8733299970626831
0.4581976532936096
0.8315392732620239
0.7824040055274963
0.7396025657653809
0.758874237537384
0.6419463157653809
0.8384509682655334
0.5913770198822021
0.8816608786582947
0.835845410823822
0.8239413499832153
0.8240127563476562
0.7052873373031616
0.8777650594711304
0.7434341907501221
0.85469651222229
0.8430489897727966
0.7417559623718262
0.7178804874420166
0.9272067546844482
0.7145388126373291
0.7790383100509644
0.9194027781486511
0.870873212814331
0.8646495342254639
0.9080271124839783
0.8081511855125427
0.8857225179672241
0.9073686003684998
0.8390282392501831
0.8256292343139648
0.5992920398712158
0.9255622625350952
0.6221832036972046
0.9156202077865601
0.8535655736923218
0.9094028472900391
0.8099488019943237
0.9213089346885681
0.8800266981124878
0.8722242116928101
0.7845814228057861
0.8407496213912964
0.8361018300056458
0.4853902757167816
0.8906269073486328
0.8081619739532471
0.8847788572311401
0.8137195706367493
0.9081669449806213
0.7535521984100342
0.7244051694869995
0.8829072713851929
0.8406976461410522
0.8473473191261292
0.6534400582313538
0.7083922624588013
0.8267861604690552
0.5883681774139404
0.8654458522796631
0.49245813488960266
0.8587204217910767
0.828035295009613
0.7647206783294678
0.8282497525215149
0.760246753692627
0.8892704248428345
0.850849986076355
0.7459108829498291
0.48372605443000793
0.8945894837379456
0.8429651260375977
0.8603540062904358
0.7674560546875
0.9197508096694946
0.8980251550674438
0.6191210746765137
0.8091866970062256
0.8629032969474792
0.7182539105415344
0.8792321681976318
0.8080062866210938
0.8584800958633423
0.7963811159133911
0.8228391408920288
0.7579077482223511
0.8608927726745605
0.8360648155212402
0.609652578830719
0.894476056098938
0.8144957423210144
0.8178785443305969
0.8006898760795593
0.8794037103652954
0.8761203289031982
0.9156186580657959
0.8830515146255493
0.7810444831848145
0.8792595863342285
0.7461628913879395
0.6816592216491699
0.8277239203453064
0.758712887763977
0.8497378826141357
0.8969638347625732
0.8024726510047913
0.8813034296035767
0.7812203168869019
0.7783597707748413
0.9569994211196899
0.9207234978675842
0.7329174280166626
0.4340619444847107
0.5637798309326172
0.8165788054466248
0.5482456088066101
0.6800263524055481
0.7132048606872559
0.39743906259536743
0.8629494905471802
0.9013635516166687
0.7717463374137878
0.6977653503417969
0.8714059591293335
0.8219776749610901
0.5927923917770386
0.9130975008010864
0.7700525522232056
0.9138277769088745
0.8245548605918884
0.8481892347335815
0.8211159706115723
0.7565698027610779
0.9078164100646973
0.8085463047027588
0.8074443340301514
0.9580361843109131
0.9132252931594849
0.8947227001190186
0.8570492267608643
0.831311047077179
0.7357774972915649
0.8899906873703003
0.8394362926483154
0.6924228668212891
0.5021242499351501
0.44734421372413635
0.8144493699073792
0.8337662220001221
0.5538500547409058
0.6958814263343811
0.7880328297615051
0.8625203371047974
0.7294034957885742
0.8993018865585327
0.5822401642799377
0.8078536987304688
0.8137667179107666
0.624914288520813
0.8401679396629333
0.5893970131874084
0.7675596475601196
0.8385756015777588
0.49392595887184143
0.8558535575866699
0.6914072036743164
0.843325138092041
0.7852689623832703
0.7795584797859192
0.8815617561340332
0.438036173582077
0.6877002716064453
0.7974728345870972
0.8185074329376221
0.9058239459991455
0.6947261691093445
0.8850725889205933
0.9284054040908813
0.8494354486465454
0.7796276211738586
0.8849450349807739
0.8941161632537842
0.8861758708953857
0.8482744097709656
0.8670578002929688
0.8042507767677307
0.7455618381500244
0.8122666478157043
0.8161328434944153
0.8828332424163818
0.47744500637054443
0.8675997257232666
0.7534873485565186
0.8859013319015503
0.9131474494934082
0.661709189414978
0.5695360898971558
0.8868635892868042
0.8044929504394531
0.8550465106964111
0.7730425596237183
0.4947056472301483
0.5786623954772949
0.8536303043365479
0.8214457035064697
0.8211678266525269
0.5318543910980225
0.8640515804290771
0.6712766885757446
0.891689658164978
0.8881939649581909
0.8456481099128723
0.8976523280143738
0.7459640502929688
0.9368202686309814
0.7412139177322388
0.8456364870071411
0.5377370715141296
0.8451084494590759
0.4874284565448761
0.8334784507751465
0.6165735721588135
0.9109848141670227
0.8992040157318115
0.8424147367477417
0.6608949899673462
0.8875462412834167
0.8232238292694092
0.7601048946380615
0.8913899064064026
0.8658728003501892
0.9351358413696289
0.5792993307113647
0.9269391298294067
0.8776795268058777
0.8698346614837646
0.7419910430908203
0.8281272053718567
0.9090743064880371
0.8256890773773193
0.7956517934799194
0.7419964075088501
0.8114822506904602
0.8722645044326782
0.722769021987915
0.8553553819656372
0.884451150894165
0.88166344165802
0.8809770345687866
0.9331207275390625
0.7880680561065674
0.9089937210083008
0.8270952105522156
0.8715884685516357
0.9289858937263489
0.9190887212753296
0.9227564930915833
0.8715265989303589
0.9140956401824951
0.9207954406738281
0.6787394881248474
0.7898879051208496
0.8839242458343506
0.8369711637496948
0.472900927066803
0.8413573503494263
0.7486972808837891
0.8421028256416321
0.875554084777832
0.6670321226119995
0.8277174234390259
0.8290038108825684
0.8427045345306396
0.7107798457145691
0.7791664600372314
0.8744187355041504
0.8523827791213989
0.8817112445831299
0.43064120411872864
0.7633395791053772
0.7166929244995117
0.687164306640625
0.8199687004089355
0.8366902470588684
0.8554320335388184
0.6109555959701538
0.8382237553596497
0.5304594039916992
0.8408477306365967
0.8372982740402222
0.8769745826721191
0.8811817169189453
0.8963018655776978
0.973339319229126
0.5377188920974731
0.721699059009552
0.5805935263633728
0.8501676917076111
0.8647161722183228
0.8886802196502686
0.8381426334381104
0.6417483687400818
0.5062846541404724
0.8696677088737488
0.7439407110214233
0.7608360648155212
0.7580193281173706
0.5995391011238098
0.841659665107727
0.7211451530456543
0.6714010238647461
0.5893855094909668
0.6161999702453613
0.6491607427597046
0.36639857292175293
0.8616726398468018
0.8326452374458313
0.6789445877075195
0.8422144651412964
0.8318194150924683
0.6303620934486389
0.6064477562904358
0.8731803894042969
0.9090414047241211
0.5988249182701111
0.8889226913452148
0.884560763835907
0.8694180846214294
0.8357386589050293
0.8470251560211182
0.8418350219726562
0.8748416900634766
0.8849241137504578
0.8665584921836853
0.45656874775886536
0.8697853088378906
0.48459455370903015
0.8900254368782043
0.8855186700820923
0.8632636070251465
0.8718132972717285
0.8813633918762207
0.7560939788818359
0.4236023724079132
0.6249563694000244
0.879152774810791
0.7434676885604858
0.9071816205978394
0.8377218246459961
0.8230668306350708
0.5929053425788879
0.8754879236221313
0.831754207611084
0.41258496046066284
0.8185453414916992
0.7376819849014282
0.9156403541564941
0.6634650826454163
0.8938661813735962
0.8243883848190308
0.8632408976554871
0.7468270063400269
0.7645678520202637
0.6377503275871277
0.8624352812767029
0.711049497127533
0.872395932674408
0.7845014929771423
0.8847249746322632
0.8469154834747314
0.7364931702613831
0.8658657073974609
0.6551936864852905
0.808363676071167
0.6677252054214478
0.8751193284988403
0.8918460607528687
0.7696123123168945
0.7897171974182129
0.46366986632347107
0.8919939994812012
0.47784140706062317
0.828222393989563
0.8024001717567444
0.45188426971435547
0.5559605360031128
0.8930947184562683
0.8894248008728027
0.8699955940246582
0.8201251029968262
0.5634322166442871
0.8596264719963074
0.8618139624595642
0.8557412624359131
0.7523620128631592
0.7245328426361084
0.4442818760871887
0.8247439861297607
0.6090231537818909
0.8151339292526245
0.7737821340560913
0.9099730849266052
0.9135898947715759
0.8791230320930481
0.9429405927658081
0.8660944700241089
0.793793797492981
0.8546930551528931
0.8524737358093262
0.5604960918426514
0.8497797250747681
0.6237949132919312
0.9234166145324707
0.7749029994010925
0.8566651344299316
0.8878927230834961
0.816784679889679
0.7970516681671143
0.7900883555412292
0.8684143424034119
0.860230565071106
0.810421347618103
0.8884744644165039
0.7871205806732178
0.5604029893875122
0.45694640278816223
0.8583149909973145
0.648021399974823
0.9093267917633057
0.6036068201065063
0.8239635825157166
0.8672354817390442
0.8501561284065247
0.8356508612632751
0.6058040857315063
0.9009819626808167
0.8008562326431274
0.7870105504989624
0.7942556142807007
0.8732147812843323
0.772355854511261
0.8253811001777649
0.9339737892150879
0.8434746861457825
0.9263047575950623
0.8435729742050171
0.8960095643997192
0.819064736366272
0.4843135476112366
0.8462439775466919
0.8683820962905884
0.6371697187423706
0.6784639358520508
0.5126658082008362
0.7818940877914429
0.735850989818573
0.6854429244995117
0.9287360310554504
0.9249608516693115
0.8772968053817749
0.8308321833610535
0.41472333669662476
0.8379988670349121
0.8305237889289856
0.8225160241127014
0.8493776321411133
0.8642979860305786
0.7008485794067383
0.8494453430175781
0.9001395106315613
0.7608497142791748
0.8243547677993774
0.8456324338912964
0.82833331823349
0.8067002296447754
0.8927181959152222
0.8591004610061646
0.7905529141426086
0.8440409898757935
0.9556081295013428
0.8917872309684753
0.8617224097251892
0.7355309128761292
0.8360004425048828
0.40279367566108704
0.8989437222480774
0.9160808324813843
0.8575109243392944
0.8940578699111938
0.888533353805542
0.9056003093719482
0.8627916574478149
0.6854223012924194
0.8093067407608032
0.854269802570343
0.8417951464653015
0.6046801209449768
0.8900929689407349
0.8792566657066345
0.9829349517822266
0.9178351163864136
0.8098375797271729
0.6877144575119019
0.9106157422065735
0.8278666734695435
0.834496021270752
0.8609974384307861
0.8702627420425415
0.8083168268203735
0.6312445402145386
0.8219572305679321
0.6801121830940247
0.9203363656997681
0.8497186899185181
0.8139759302139282
0.6660597324371338
0.809175968170166
0.4414825737476349
0.9132598638534546
0.8342492580413818
0.8842151165008545
0.8072493076324463
0.8931412696838379
0.8184606432914734
0.5188563466072083
0.8844389319419861
0.9152734875679016
0.7384892702102661
0.7907091975212097
0.796758770942688
0.8605237603187561
0.8255201578140259
0.8073460459709167
0.7520785331726074
0.9201378226280212
0.9131608009338379
0.892402172088623
0.8596545457839966
0.43521901965141296
0.7998641133308411
0.8304486274719238
0.600564181804657
0.8554059267044067
0.879741370677948
0.5962774753570557
0.6727418899536133
0.7326755523681641
0.8461120128631592
0.5227113366127014
0.8534014225006104
0.7236162424087524
0.762041449546814
0.8051190376281738
0.4437975287437439
0.8206167817115784
0.8417278528213501
0.4732384979724884
0.6688945293426514
0.7542612552642822
0.8976562023162842
0.8961788415908813
0.8446020483970642
0.8676158785820007
0.8484121561050415
0.8584994673728943
0.5963971018791199
0.5583065748214722
0.8418119549751282
0.8350298404693604
0.888566255569458
0.9276222586631775
0.6431567668914795
0.7954274415969849
0.8939928412437439
0.9207607507705688
0.6492713093757629
0.5516422390937805
0.5728157162666321
0.8493570685386658
0.8393144011497498
0.8945220708847046
0.8329246640205383
0.982567310333252
0.793041467666626
0.5991421341896057
0.5093401074409485
0.7663062810897827
0.8022230863571167
0.8479077219963074
0.8648576140403748
0.7683178186416626
0.4249393045902252
0.5902562141418457
0.685893714427948
0.8779894113540649
0.5446133613586426
0.792589008808136
0.8299766778945923
0.8225184679031372
0.8817377090454102
0.8755512237548828
0.5750551223754883
0.8896124362945557
0.8831039667129517
0.7950848340988159
0.7503294348716736
0.834469735622406
0.6869536638259888
0.8126318454742432
0.3871711194515228
0.950342059135437
0.8537978529930115
0.8592323064804077
0.7761245369911194
0.508664608001709
0.8025376796722412
0.6404853463172913
0.8180156946182251
0.5617400407791138
0.8609153032302856
0.624160885810852
0.8976825475692749
0.6485632658004761
0.8023777604103088
0.8851808309555054
0.8463947772979736
0.8673007488250732
0.7379457950592041
0.7278690338134766
0.86341392993927
0.8318648338317871
0.666215181350708
0.6106070876121521
0.833840548992157
0.6066881418228149
0.8917733430862427
0.8350085020065308
0.8854814767837524
0.5353301167488098
0.36224842071533203
0.9460775852203369
0.8914504051208496
0.6936585903167725
0.8312795162200928
0.8693803548812866
0.7906984090805054
0.8487774133682251
0.6730824112892151
0.8531519770622253
0.6005898714065552
0.8785203695297241
0.8459730744361877
0.6479275226593018
0.7998658418655396
0.8589238524436951
0.7802772521972656
0.7315064072608948
0.8859877586364746
0.8540325164794922
0.9202250838279724
0.6593586802482605
0.7867986559867859
0.7067393660545349
0.8047702312469482
0.8611422777175903
0.48164352774620056
0.6979825496673584
0.5584205985069275
0.7513998746871948
0.9141119718551636
0.76836097240448
0.6889228224754333
0.8817567825317383
0.8295068144798279
0.7403038740158081
0.8538073897361755
0.7960440516471863
0.8630506992340088
0.8297773003578186
0.8266787528991699
0.7894710302352905
0.681464672088623
0.8148823380470276
0.8159127235412598
0.5235922336578369
0.601956844329834
0.6955795288085938
0.9536076784133911
0.8709116578102112
0.8842230439186096
0.8641102910041809
0.4934070408344269
0.9127123355865479
0.7982349395751953
0.8839508295059204
0.6904239654541016
0.6938734650611877
0.8146833181381226
0.8557004928588867
0.46977630257606506
0.7706714868545532
0.8401477932929993
0.9097378253936768
0.8443605899810791
0.8409020304679871
0.5894750952720642
0.8502732515335083
0.7092421054840088
0.868668794631958
0.4421539008617401
0.6304308772087097
0.8845864534378052
0.874695360660553
0.8078309297561646
0.8882967829704285
0.8323420882225037
0.8006057143211365
0.8262519836425781
0.8323131799697876
0.7399340867996216
0.8721476793289185
0.7741186618804932
0.4582289457321167
0.5636910796165466
0.8325080275535583
0.7954719662666321
0.8465492725372314
0.8966794610023499
0.9879700541496277
0.8125940561294556
0.8846629858016968
0.7999063730239868
0.8725252151489258
0.8839361071586609
0.8307017683982849
0.42070189118385315
0.4191937744617462
0.8943840265274048
0.8934606313705444
0.8504197597503662
0.8301535844802856
0.8634307384490967
0.8874945640563965
0.6470626592636108
0.914034903049469
0.4727725088596344
0.8914363384246826
0.8273733258247375
0.7178990244865417
0.9050948619842529
0.5164827108383179
0.6937148571014404
0.8549089431762695
0.9013895988464355
0.8194661140441895
0.7947731018066406
0.9599053859710693
0.8476464152336121
0.7949633002281189
0.7207266092300415
0.8440622687339783
0.9625017046928406
0.579553484916687
0.7634429335594177
0.8291683197021484
0.6342244148254395
0.8373420238494873
0.9559667110443115
0.8133490681648254
0.7804450988769531
0.8503129482269287
0.7869510650634766
0.9023305177688599
0.5452234148979187
0.7979645729064941
0.6954277753829956
0.8132369518280029
0.7075139284133911
0.8494843244552612
0.7065451741218567
0.7319293022155762
0.7505685091018677
0.8734745383262634
0.4068167209625244
0.8338679671287537
0.9397327899932861
0.4988614320755005
0.6980000734329224
0.7540355920791626
0.6400299072265625
0.8988288044929504
0.6986992955207825
0.8607800602912903
0.8855282068252563
0.7518466114997864
0.9176714420318604
0.49677616357803345
0.7195782661437988
0.7961498498916626
0.8736588954925537
0.6808105707168579
0.6939336061477661
0.8050729036331177
0.6439257860183716
0.8969711661338806
0.5871948003768921
0.8002734780311584
0.5362155437469482
0.7928385138511658
0.9383062720298767
0.8075715899467468
0.8955428600311279
0.7480708360671997
0.6571421027183533
0.6387448310852051
0.8641536831855774
0.7489298582077026
0.92650306224823
0.73269122838974
0.8590700626373291
0.7944142818450928
0.8335072994232178
0.8663160800933838
0.8329640626907349
0.8862497806549072
0.6818926334381104
0.7960926294326782
0.5612305402755737
0.7294381260871887
0.8833808898925781
0.8440680503845215
0.8180640935897827
0.9203232526779175
0.8943123817443848
0.8333882093429565
0.35821935534477234
0.873705267906189
0.7040537595748901
0.598872721195221
0.32611986994743347
0.6795707941055298
0.8744590878486633
0.8175449967384338
0.8683074712753296
0.7194859385490417
0.8490365743637085
0.6986756324768066
0.8861279487609863
0.6741175651550293
0.9340351819992065
0.4856213331222534
0.8326905369758606
0.5910331010818481
0.8292675018310547
0.9245561957359314
0.6533330082893372
0.9005720615386963
0.9206691384315491
0.709266185760498
0.8184901475906372
0.8454012870788574
0.8674173355102539
0.532651424407959
0.9083895087242126
0.8656668663024902
0.9064344167709351
0.8891869187355042
0.923082709312439
0.46169379353523254
0.6689525246620178
0.8206628561019897
0.7387647032737732
0.7412863969802856
0.9054121375083923
0.9445831775665283
0.7412399053573608
0.8797687888145447
0.9466965794563293
0.8359704613685608
0.846504271030426
0.9146424531936646
0.8695237636566162
0.8143613338470459
0.8544818758964539
0.9009520411491394
0.8827418088912964
0.7135347127914429
0.8402484655380249
0.8369761109352112
0.8826407194137573
0.7403548955917358
0.9341992735862732
0.7926787734031677
0.800345242023468
0.8913478851318359
0.4953599274158478
0.8198733329772949
0.44971534609794617
0.8646063804626465
0.8582750558853149
0.8554502725601196
0.8583522439002991
0.8727943897247314
0.7637535929679871
0.8828025460243225
0.8512570858001709
0.7456490993499756
0.7755950689315796
0.7817459106445312
0.8912291526794434
0.8853909969329834
0.7974650859832764
0.7412901520729065
0.8984665870666504
0.817388117313385
0.6593126058578491
0.8472524881362915
0.8581483960151672
0.8096290230751038
0.9058824777603149
0.9040760397911072
0.8173176646232605
0.7710814476013184
0.7710509896278381
0.9340084791183472
0.5237209796905518
0.8562917709350586
0.8362346887588501
0.8082994222640991
0.8866797089576721
0.8925223350524902
0.8474596738815308
0.5957889556884766
0.6142011284828186
0.907487154006958
0.6021355390548706
0.8296704292297363
0.7831442356109619
0.7486616373062134
0.84348464012146
0.8952711820602417
0.8836497068405151
0.8417534828186035
0.8354065418243408
0.9025394916534424
0.7415669560432434
0.5426028966903687
0.8080549240112305
0.8308498859405518
0.9038264155387878
0.8642035126686096
0.8006523251533508
0.8593460917472839
0.8574451208114624
0.8800638914108276
0.6844930648803711
0.8457863926887512
0.9369821548461914
0.8145047426223755
0.8710005283355713
0.7017950415611267
0.8659135699272156
0.5590082406997681
0.9309062957763672
0.8625709414482117
0.8633089661598206
0.6907390356063843
0.9536855220794678
0.8559601306915283
0.8379747271537781
0.846367597579956
0.8842691779136658
0.6799042820930481
0.8929014205932617
0.8987259864807129
0.7910588383674622
0.9401569962501526
0.7598103284835815
0.9080737233161926
0.7322596311569214
0.494996577501297
0.4950810372829437
0.8606637716293335
0.8172131776809692
0.5561600923538208
0.4686126410961151
0.4710610806941986
0.7920969724655151
0.6375781893730164
0.6572813987731934
0.6179599165916443
0.8298003077507019
0.8987436294555664
0.7964013814926147
0.8728665113449097
0.8547720909118652
0.8347450494766235
0.8645522594451904
0.8229662179946899
0.8127627372741699
0.8338158130645752
0.8875961303710938
0.6391925811767578
0.6043134927749634
0.9444809556007385
0.875123143196106
0.8721596002578735
0.7451947331428528
0.9110294580459595
0.8578341007232666
0.8210607171058655
0.78638756275177
0.6410950422286987
0.4085213243961334
0.8798204064369202
0.9034674167633057
0.8814316987991333
0.7390972375869751
0.8409106135368347
0.8162549734115601
0.8252087831497192
0.5929000973701477
0.8684304356575012
0.49120834469795227
0.853914201259613
0.8358534574508667
0.6654872894287109
0.9247611165046692
0.5897182822227478
0.6126782298088074
0.41919180750846863
0.6216973662376404
0.875360369682312
0.7610749006271362
0.8826682567596436
0.6218699216842651
0.9322852492332458
0.8487341403961182
0.49594977498054504
0.8559095859527588
0.8489413261413574
0.8059386014938354
0.7219040989875793
0.8117960691452026
0.958575963973999
0.7911347150802612
0.714653491973877
0.8603128790855408
0.8989447355270386
0.7918732166290283
0.7832024097442627
0.8291155099868774
0.8822716474533081
0.7490029335021973
0.5937396287918091
0.9159961938858032
0.8900835514068604
0.851304292678833
0.3281841576099396
0.8229715824127197
0.8450816869735718
0.8674011826515198
0.8267022967338562
0.7707442045211792
0.9238862991333008
0.8777515888214111
0.8544766902923584
0.9058008193969727
0.827821671962738
0.8706455826759338
0.8792007565498352
0.9175171852111816
0.8872334361076355
0.3026774227619171
0.4553821384906769
0.8679603338241577
0.8544169664382935
0.7407684922218323
0.7297876477241516
0.6922075748443604
0.8447586894035339
0.8222980499267578
0.8561710119247437
0.7706589102745056
0.8893148303031921
0.8366528153419495
0.8557833433151245
0.8302199840545654
0.8089890480041504
0.8291463851928711
0.8713526725769043
0.8988713026046753
0.8368659019470215
0.8638496398925781
0.901971697807312
0.7845519185066223
0.8074468970298767
0.8817731738090515
0.9266014099121094
0.6837178468704224
0.9049294590950012
0.8174134492874146
0.7366303205490112
0.8245989084243774
0.8165245652198792
0.38765189051628113
0.8292103409767151
0.8282499313354492
0.8835146427154541
0.49080130457878113
0.9041546583175659
0.8534138798713684
0.9063454866409302
0.5119516849517822
0.7669336795806885
0.7986034154891968
0.9335469007492065
0.8850798606872559
0.8696063756942749
0.8639695644378662
0.4764713644981384
0.8811803460121155
0.8423994183540344
0.8695756793022156
0.8284271955490112
0.7797240018844604
0.8203809857368469
0.902747631072998
0.8505364060401917
0.7060900926589966
0.8249378204345703
0.806679904460907
0.837672233581543
0.8235416412353516
0.8103578090667725
0.9028672575950623
0.6899222135543823
0.8259615898132324
0.6227442622184753
0.8124105334281921
0.5174798965454102
0.8576163053512573
0.9048851728439331
0.8629791140556335
0.8450933694839478
0.6124149560928345
0.8890870809555054
0.7456651926040649
0.8453637361526489
0.6456432342529297
0.8696892261505127
0.7128753662109375
0.5293684005737305
0.8155890703201294
0.825743556022644
0.8690518736839294
0.8563899993896484
0.7912858128547668
0.8916851282119751
0.8975154757499695
0.8629118800163269
0.858773946762085
0.7946919202804565
0.9029222726821899
0.8825026750564575
0.8366047143936157
0.9225216507911682
0.9134969115257263
0.8670774698257446
0.8898948431015015
0.7806701064109802
0.7443680763244629
0.9004571437835693
0.8623743057250977
0.8841139674186707
0.7758187055587769
0.9075109362602234
0.8230103254318237
0.5948740243911743
0.9084326028823853
0.8405219912528992
0.6469937562942505
0.9314637780189514
0.7135721445083618
0.7314997911453247
0.8085520267486572
0.8653782606124878
0.9168779850006104
0.748470664024353
0.9109687805175781
0.9147298336029053
0.8416768312454224
0.6247011423110962
0.8423373699188232
0.6695561408996582
0.7785812616348267
0.9177728891372681
0.8493034839630127
0.8305294513702393
0.8258826732635498
0.7837494611740112
0.842840313911438
0.7931861877441406
0.8779932260513306
0.6504620313644409
0.6710280179977417
0.7694834470748901
0.8345295190811157
0.5776472091674805
0.7458273768424988
0.9142776131629944
0.8547604084014893
0.7747145295143127
0.5463138818740845
0.8640886545181274
0.7725189924240112
0.7737222909927368
0.7189394235610962
0.8742268085479736
0.39555490016937256
0.8692992329597473
0.8360880613327026
0.8524742126464844
0.8654477596282959
0.5290635228157043
0.7597023248672485
0.7474742531776428
0.8786203861236572
0.6584571003913879
0.8530599474906921
0.821079671382904
0.745377779006958
0.7740132808685303
0.6101268529891968
0.6644254922866821
0.8876050114631653
0.8279600143432617
0.6731137037277222
0.7687567472457886
0.7813402414321899
0.8583816289901733
0.5416244268417358
0.5220440626144409
0.8932387232780457
0.8435750603675842
0.846954345703125
0.898108720779419
0.5736675262451172
0.6686086654663086
0.7135432958602905
0.5397058725357056
0.6159591674804688
0.8815527558326721
0.6993249654769897
0.8962306976318359
0.5582389235496521
0.8961537480354309
0.864054799079895
0.9011719226837158
0.7416217923164368
0.7832423448562622
0.61821049451828
0.6717658042907715
0.5407666563987732
0.7531214952468872
0.5146262049674988
0.8563575148582458
0.8507788181304932
0.8435856699943542
0.9137513637542725
0.8926138877868652
0.9220079183578491
0.7925148606300354
0.898837149143219
0.6785132884979248
0.741587221622467
0.8786997199058533
0.8354153633117676
0.5830869674682617
0.8553104996681213
0.7370568513870239
0.8435908555984497
0.8051641583442688
0.5786291360855103
0.5616666674613953
0.729640781879425
0.7234285473823547
0.8682379722595215
0.8594574928283691
0.6700214743614197
0.8781200647354126
0.736822247505188
0.8419036865234375
0.7761622667312622
0.7102280855178833
0.9137653112411499
0.9183062314987183
0.8973231315612793
0.8688968420028687
0.5226011276245117
0.6696683764457703
0.8299362659454346
0.8543452024459839
0.605347752571106
0.8695085048675537
0.48560523986816406
0.6183536648750305
0.8492807149887085
0.8985655307769775
0.766916036605835
0.6419628262519836
0.5831030607223511
0.5070330500602722
0.8787366151809692
0.8039205074310303
0.8398818969726562
0.9619570970535278
0.7653243541717529
0.8369048833847046
0.7905828952789307
0.5011383891105652
0.9051762819290161
0.9455217123031616
0.42161813378334045
0.8853495121002197
0.844728946685791
0.7772253751754761
0.5571357011795044
0.859697163105011
0.679193913936615
0.610278844833374
0.7387936115264893
0.9059000015258789
0.8401732444763184
0.8704639673233032
0.8976840972900391
0.7652890086174011
0.8522738218307495
0.6041013598442078
0.5814958214759827
0.7590032815933228
0.6732833385467529
0.8109961748123169
0.8444336652755737
0.7797561883926392
0.8216654658317566
0.8343819379806519
0.8344475626945496
0.8591153621673584
0.680682897567749
0.7802234888076782
0.8396435976028442
0.6078632473945618
0.8390595316886902
0.9179559946060181
0.8696713447570801
0.8847610950469971
0.7048731446266174
0.8553696870803833
0.5870637893676758
0.8167756199836731
0.8868915438652039
0.669435977935791
0.8213070631027222
0.4938202500343323
0.8355602025985718
0.8470193147659302
0.6726992130279541
0.55938720703125
0.8590012788772583
0.9081569910049438
0.8829212188720703
0.8020550012588501
0.8987458348274231
0.8576962351799011
0.9317437410354614
0.854779839515686
0.8224072456359863
0.8051567077636719
0.691189169883728
0.8866562247276306
0.8308391571044922
0.5200408697128296
0.6633679270744324
0.857724666595459
0.7882708311080933
0.6352086067199707
0.9290369153022766
0.9138076901435852
0.4608992636203766
0.7018600702285767
0.6836947202682495
0.8359289169311523
0.8334594368934631
0.7503266930580139
0.8689336776733398
0.8365167379379272
0.8165876865386963
0.9198997616767883
0.8082647323608398
0.8963600993156433
0.787542462348938
0.8359890580177307
0.8276923894882202
0.8218768835067749
0.5346128940582275
0.8505246043205261
0.9020618200302124
0.6693410873413086
0.5468718409538269
0.8543015718460083
0.7364984154701233
0.8239337205886841
0.8945042490959167
0.6669245958328247
0.8107216358184814
0.8402390480041504
0.7936959862709045
0.6148030161857605
0.850069522857666
0.58591628074646
0.90283203125
0.8158354163169861
0.8582143783569336
0.8253064751625061
0.8126953840255737
0.8644282221794128
0.8862929940223694
0.8272489309310913
0.7013498544692993
0.8960576057434082
0.506142795085907
0.8672217130661011
0.7385807633399963
0.8728916645050049
0.8694517612457275
0.8635386824607849
0.9054220914840698
0.8389358520507812
0.8655908107757568
0.6929627656936646
0.7903153896331787
0.8313546180725098
0.9121195673942566
0.8324956297874451
0.6899422407150269
0.7637532353401184
0.6064839363098145
0.9366533756256104
0.7712218761444092
0.8298603296279907
0.7716652154922485
0.8349105715751648
0.7438132166862488
0.8526394367218018
0.7360038757324219
0.8953720331192017
0.8064635396003723
0.8207813501358032
0.8705950975418091
0.7928118109703064
0.8639967441558838
0.841623067855835
0.876327395439148
0.8704310655593872
0.5538657903671265
0.5381263494491577
0.8451226949691772
0.7822580337524414
0.8051519393920898
0.8414703607559204
0.9238823652267456
0.927531898021698
0.89139324426651
0.7943744659423828
0.9318029880523682
0.6566775441169739
0.9365780353546143
0.7746448516845703
0.8557522296905518
0.8201836347579956
0.7854013442993164
0.8310763239860535
0.746616005897522
0.85407954454422
0.8081315755844116
0.8765443563461304
0.8572317361831665
0.7026480436325073
0.7614098787307739
0.8199723958969116
0.591006338596344
0.8434298038482666
0.8788214921951294
0.8890327215194702
0.92840176820755
0.8596272468566895
0.8257184028625488
0.7037516832351685
0.3531363010406494
0.7184647917747498
0.737664520740509
0.7799910306930542
0.855405330657959
0.7360067367553711
0.7941871881484985
0.844212532043457
0.8312743902206421
0.8305481672286987
0.42719826102256775
0.867196261882782
0.8726069927215576
0.8280385732650757
0.837236225605011
0.5586452484130859
0.3992692530155182
0.7637491226196289
0.8868503570556641
0.903357982635498
0.8022021055221558
0.7759508490562439
0.46792808175086975
0.7757168412208557
0.7246389985084534
0.5761358737945557
0.8858847618103027
0.8593442440032959
0.8427923917770386
0.432956725358963
0.7701172828674316
0.7805691957473755
0.863381564617157
0.8428123593330383
0.7646053433418274
0.8305827975273132
0.7998390197753906
0.860079824924469
0.6032925248146057
0.6333702802658081
0.8487526178359985
0.7557507157325745
0.8337879180908203
0.8669816255569458
0.9083585739135742
0.905813992023468
0.8617569208145142
0.7595607042312622
0.8232791423797607
0.8013853430747986
0.8193223476409912
0.7313768863677979
0.8560731410980225
0.8674403429031372
0.8533479571342468
0.6612648963928223
0.35166096687316895
0.8649258613586426
0.8527633547782898
0.8856751322746277
0.7040550708770752
0.9465153217315674
0.6407095193862915
0.8280542492866516
0.8552173376083374
0.6014542579650879
0.46800464391708374
0.8378819823265076
0.8330950736999512
0.8022972345352173
0.8109555244445801
0.8885247707366943
0.5540580749511719
0.69789057970047
0.732265830039978
0.8206010460853577
0.7898038625717163
0.7346280813217163
0.5030630826950073
0.7638063430786133
0.8460363149642944
0.9153249859809875
0.7886607646942139
0.8845002055168152
0.8853612542152405
0.8778270483016968
0.798244297504425
0.6533785462379456
0.7669750452041626
0.8687053918838501
0.895380437374115
0.8890097737312317
0.4782294034957886
0.6944689750671387
0.8299331665039062
0.8586786985397339
0.7327154874801636
0.8579227924346924
0.8778279423713684
0.8836759924888611
0.8744744062423706
0.8380850553512573
0.8669314384460449
0.9332528114318848
0.9504789113998413
0.8731650114059448
0.8628334999084473
0.8102566599845886
0.8326424956321716
0.7560228109359741
0.870103120803833
0.8898267149925232
0.8450185060501099
0.882140040397644
0.406013160943985
0.793816328048706
0.7258121967315674
0.7682527303695679
0.8379325866699219
0.8088604211807251
0.8502432107925415
0.8632328510284424
0.7097957134246826
0.8221477270126343
0.49672767519950867
0.7136139273643494
0.8755459785461426
0.8490735292434692
0.794974148273468
0.8022841811180115
0.8100924491882324
0.7405959367752075
0.7512454986572266
0.843935489654541
0.9702471494674683
0.6637887358665466
0.5363458395004272
0.5453141331672668
0.9194191694259644
0.792353630065918
0.8943343162536621
0.8940926790237427
0.8227742314338684
0.7525163292884827
0.7846841216087341
0.8673189878463745
0.8664315938949585
0.6723664999008179
0.8152977228164673
0.8270049095153809
0.7790067195892334
0.559004008769989
0.8915961980819702
0.8749562501907349
0.48396050930023193
0.9198071956634521
0.8518882989883423
0.9025058746337891
0.7418646812438965
0.819405198097229
0.8945207595825195
0.8347526788711548
0.8386304378509521
0.8597549200057983
0.8153795599937439
0.9319716691970825
0.8283904194831848
0.7821788787841797
0.9307971000671387
0.8155578970909119
0.7432030439376831
0.7953660488128662
0.8933648467063904
0.41365835070610046
0.6569948196411133
0.7205902934074402
0.7574929594993591
0.6679730415344238
0.7983176112174988
0.7794390916824341
0.9169023036956787
0.9073650240898132
0.7940397262573242
0.8682551383972168
0.8729684352874756
0.6364456415176392
0.900888979434967
0.8395864963531494
0.8631637096405029
0.8629863262176514
0.7370024919509888
0.9268479347229004
0.7802276611328125
0.7247186899185181
0.8655327558517456
0.8246105909347534
0.5435857772827148
0.7868878841400146
0.8561633825302124
0.8591418266296387
0.694751501083374
0.8881704807281494
0.8685979247093201
0.7003294229507446
0.8597812056541443
0.8084164261817932
0.8392975926399231
0.7836588621139526
0.8978958129882812
0.8248416781425476
0.6019415259361267
0.8846383690834045
0.8245426416397095
0.8922359943389893
0.6355816125869751
0.8569703102111816
0.8605625629425049
0.8326938152313232
0.7343785166740417
0.8115442991256714
0.9336907863616943
0.5675111413002014
0.8131546378135681
0.9412466883659363
0.8150076270103455
0.8862008452415466
0.8212442398071289
0.7962459921836853
0.8664900660514832
0.7118316888809204
0.8229202032089233
0.8404766321182251
0.9551992416381836
0.7717816233634949
0.7945776581764221
0.8182557821273804
0.7943209409713745
0.9060792922973633
0.8574457764625549
0.8934421539306641
0.8930432796478271
0.5775536298751831
0.6824837923049927
0.9177347421646118
0.7668939828872681
0.8891922235488892
0.5291172862052917
0.9002177715301514
0.8768667578697205
0.8241144418716431
0.8541341423988342
0.7887400388717651
0.6476165056228638
0.8998193740844727
0.5842095017433167
0.8130007982254028
0.6810916066169739
0.8217345476150513
0.7522445321083069
0.86628657579422
0.4682939350605011
0.9254154562950134
0.777452826499939
0.8679012060165405
0.8321312665939331
0.5166096687316895
0.6068469882011414
0.5217280387878418
0.7478557229042053
0.8650248050689697
0.8332523107528687
0.6121339201927185
0.8729837536811829
0.7866555452346802
0.6884068250656128
0.8668619394302368
0.8525434732437134
0.9471348524093628
0.8461663126945496
0.8495434522628784
0.40996357798576355
0.8972863554954529
0.8051591515541077
0.851402759552002
0.7839934825897217
0.5734436511993408
0.8665685653686523
0.6454975605010986
0.8444852828979492
0.8580757975578308
0.7912622690200806
0.9499174356460571
0.9280574321746826
0.839435338973999
0.5406143665313721
0.7642145156860352
0.8852585554122925
0.8992913961410522
0.7710819840431213
0.7802531719207764
0.8845593333244324
0.873685896396637
0.8951219320297241
0.8532081842422485
0.8599162697792053
0.9309542179107666
0.8526331782341003
0.8053983449935913
0.6146119832992554
0.5355905294418335
0.7167259454727173
0.8606761693954468
0.8650811314582825
0.929277241230011
0.5649727582931519
0.7822485566139221
0.6196126937866211
0.7759630680084229
0.8556581139564514
0.8503023386001587
0.8611522316932678
0.7555408477783203
0.9074239730834961
0.8361795544624329
0.6966902613639832
0.4437657296657562
0.7557268142700195
0.8887463808059692
0.868764340877533
0.5897558927536011
0.8660941123962402
0.8644605875015259
0.8462156653404236
0.7785733938217163
0.7503993511199951
0.8965244293212891
0.7938590049743652
0.6903767585754395
0.8151889443397522
0.45596662163734436
0.7869808673858643
0.8304741382598877
0.8285443782806396
0.7792145609855652
0.695927619934082
0.8436850309371948
0.8739528059959412
0.8422393202781677
0.5203391313552856
0.8629860281944275
0.7637542486190796
0.8858522176742554
0.7981854677200317
0.5526721477508545
0.8697208166122437
0.526226818561554
0.6513201594352722
0.886868953704834
0.7470846176147461
0.7193211317062378
0.9427167773246765
0.70209801197052
0.8035837411880493
0.8349878787994385
0.8198623657226562
0.8166831731796265
0.8527368307113647
0.854385495185852
0.8737090826034546
0.929492175579071
0.6264685392379761
0.7400978803634644
0.8147851228713989
0.7790772914886475
0.907602071762085
0.8283401131629944
0.7890080213546753
0.8458744287490845
0.9183071851730347
0.8646882772445679
0.9006340503692627
0.767804741859436
0.902069628238678
0.6597975492477417
0.6670189499855042
0.7600589990615845
0.6895080804824829
0.8149785399436951
0.9561319947242737
0.8546034693717957
0.6654894948005676
0.6102405786514282
0.8452717065811157
0.8851189017295837
0.6449609398841858
0.5829677581787109
0.8593656420707703
0.7819710373878479
0.876024603843689
0.8260819911956787
0.5893186330795288
0.7724200487136841
0.6780277490615845
0.8676654100418091
0.7808111906051636
0.8819534778594971
0.3408440053462982
0.9419357776641846
0.8841143846511841
0.7685233950614929
0.7527445554733276
0.8469918966293335
0.8926456570625305
0.5383611917495728
0.4659460484981537
0.9005327224731445
0.8494061231613159
0.9084583520889282
0.8398082256317139
0.8990030288696289
0.8210369348526001
0.8819149732589722
0.9019804000854492
0.9041504859924316
0.7384688854217529
0.7154433727264404
0.8148441910743713
0.8739405274391174
0.8322260975837708
0.6374338865280151
0.8916115164756775
0.6520053148269653
0.85865318775177
0.7126263976097107
0.7880717515945435
0.8748555183410645
0.7722568511962891
0.8775346875190735
0.907142698764801
0.5493032932281494
0.5054571032524109
0.9178056716918945
0.8822323083877563
0.84264075756073
0.8671380281448364
0.8528053164482117
0.843823254108429
0.7332450151443481
0.5991045236587524
0.811058759689331
0.8313396573066711
0.8044772148132324
0.9172550439834595
0.8438875079154968
0.6899818181991577
0.8957298994064331
0.5871949195861816
0.8701467514038086
0.9127483367919922
0.8709990978240967
0.8167386054992676
0.8712033629417419
0.8240968585014343
0.8663368225097656
0.6359315514564514
0.7962426543235779
0.5068308711051941
0.7675644755363464
0.7089663743972778
0.5186147093772888
0.8086300492286682
0.8669799566268921
0.6552258729934692
0.8709452748298645
0.8703681230545044
0.8198425769805908
0.7545153498649597
0.8203660845756531
0.7515095472335815
0.6850622296333313
0.6677182912826538
0.8340067863464355
0.9366071224212646
0.8959397077560425
0.5252792835235596
0.8344253301620483
0.8247103691101074
0.6305781006813049
0.7754818797111511
0.9129143953323364
0.6557986736297607
0.9610033631324768
0.7029932737350464
0.8614012598991394
0.8501290678977966
0.8800833225250244
0.7695919275283813
0.7798256874084473
0.911054253578186
0.8627885580062866
0.9149075746536255
0.8539916276931763
0.869188666343689
0.4393865466117859
0.8305840492248535
0.8214812874794006
0.901649534702301
0.6457573175430298
0.8933031558990479
0.9198395013809204
0.7037233114242554
0.40240478515625
0.8866135478019714
0.9531779885292053
0.9441756010055542
0.6591562032699585
0.6860558986663818
0.8732610940933228
0.8813571929931641
0.5969485640525818
0.9516287446022034
0.8314969539642334
0.5979412794113159
0.8084083795547485
0.8175234794616699
0.8846780061721802
0.8782521486282349
0.8400019407272339
0.8250018358230591
0.7795850038528442
0.9297303557395935
0.8871013522148132
0.8055906295776367
0.8745154738426208
0.8692559003829956
0.5671237707138062
0.42330554127693176
0.8486504554748535
0.7408974170684814
0.9170340299606323
0.9529200792312622
0.5160662531852722
0.8317323327064514
0.4876710772514343
0.7208410501480103
0.8383525609970093
0.5611926317214966
0.8222112059593201
0.6887123584747314
0.7684953808784485
0.7948598265647888
0.6497778296470642
0.902985155582428
0.460512638092041
0.865240216255188
0.7966179847717285
0.5814627408981323
0.7757905721664429
0.8844742178916931
0.8746603727340698
0.8014838695526123
0.8779834508895874
0.8600431680679321
0.8477135896682739
0.9564390778541565
0.5034895539283752
0.6544555425643921
0.9230556488037109
0.7530409097671509
0.7407005429267883
0.6035716533660889
0.819093644618988
0.7219341993331909
0.9200776219367981
0.7386375665664673
0.8943606615066528
0.9136576652526855
0.8929300308227539
0.6526790857315063
0.8684121966362
0.5672535300254822
0.8190524578094482
0.8442344665527344
0.9491413831710815
0.915258526802063
0.8335732221603394
0.8462337851524353
0.42868855595588684
0.8888660669326782
0.7865201234817505
0.8134750127792358
0.7807124853134155
0.8005709648132324
0.8666397333145142
0.8922672867774963
0.9521896839141846
0.9326649904251099
0.8939559459686279
0.7514762878417969
0.8450095653533936
0.8749843835830688
0.7806345224380493
0.7356013655662537
0.9003094434738159
0.5976061820983887
0.767758846282959
0.8750743269920349
0.8648512363433838
0.8860007524490356
0.8278965353965759
0.7758486270904541
0.7406044602394104
0.9030181765556335
0.9167281985282898
0.9048374891281128
0.862464189529419
0.8291794061660767
0.8564966917037964
0.8383756875991821
0.8501842021942139
0.5048825740814209
0.3446638584136963
0.9271693229675293
0.6148370504379272
0.8227899074554443
0.7245171070098877
0.7874326705932617
0.6069493293762207
0.900267481803894
0.8157520294189453
0.8360955715179443
0.883699357509613
0.7682411670684814
0.8007108569145203
0.7894814014434814
0.8938400149345398
0.7991728782653809
0.7732707858085632
0.8491919040679932
0.8114372491836548
0.8208956718444824
0.6677101850509644
0.8238367438316345
0.8455989360809326
0.7793748378753662
0.5968817472457886
0.8919194340705872
0.7883104085922241
0.7292214632034302
0.7553035020828247
0.9481250643730164
0.8130918741226196
0.7401753664016724
0.8169928193092346
0.9165765643119812
0.6752916574478149
