0.8049826622009277
0.664078950881958
0.6728797554969788
0.7383419275283813
0.750246524810791
0.809999942779541
0.7270016670227051
0.6002852916717529
0.7334978580474854
0.6489932537078857
0.8127467632293701
0.8001177310943604
0.7165910005569458
0.7908004522323608
0.7448135614395142
0.8128418922424316
0.676677942276001
0.8582751750946045
0.6037013530731201
0.7183019518852234
0.7177581787109375
0.5786325931549072
0.7914685010910034
0.7178659439086914
0.6942784786224365
0.6854682564735413
0.8192437887191772
0.8115499019622803
0.8388038873672485
0.8357748985290527
0.7873624563217163
0.8148348331451416
0.7923145294189453
0.6867654919624329
0.7712645530700684
0.8492714166641235
0.728516697883606
0.7643853425979614
0.7844147682189941
0.7552927732467651
0.7246859073638916
0.7392172813415527
0.7702213525772095
0.6927988529205322
0.8021109104156494
0.66037917137146
0.7025725841522217
0.8309813737869263
0.6872576475143433
0.7824159860610962
0.7223211526870728
0.7525763511657715
0.690148115158081
0.7235463857650757
0.7135188579559326
0.7853349447250366
0.7331728935241699
0.7977023124694824
0.6915738582611084
0.7668212652206421
0.7910987138748169
0.711265504360199
0.59681236743927
0.6700912714004517
0.7514616250991821
0.7342865467071533
0.8554011583328247
0.6980871558189392
0.7786165475845337
0.795198917388916
0.6564738750457764
0.7556132078170776
0.8402808904647827
0.8188661336898804
0.790931224822998
0.5938220024108887
0.8658595085144043
0.6839050054550171
0.7939612865447998
0.7862404584884644
0.7386113405227661
0.8180022239685059
0.737785816192627
0.7552347183227539
0.7893824577331543
0.8484874963760376
0.8632628917694092
0.8406236171722412
0.8602277040481567
0.7260627746582031
0.7850090265274048
0.7927018404006958
0.6861749887466431
0.7401292324066162
0.8305538892745972
0.6759985685348511
0.806078314781189
0.7969697713851929
0.7911373376846313
0.7782456874847412
0.7702822685241699
0.7076117992401123
0.6925248503684998
0.6958630084991455
0.8017971515655518
0.7737916707992554
0.6696330308914185
0.7742775678634644
0.8557990789413452
0.6999291181564331
0.7368245124816895
0.7903790473937988
0.7808740139007568
0.7827937602996826
0.8411918878555298
0.7765167951583862
0.7635804414749146
0.7495226860046387
0.647789716720581
0.7728639841079712
0.7942036390304565
0.5824004411697388
0.828109622001648
0.8004491329193115
0.8144264221191406
0.6857118606567383
0.7830361127853394
0.7638536691665649
0.8410282135009766
0.7396928071975708
0.6565428376197815
0.7092413306236267
0.7898496389389038
0.6140179634094238
0.7620865106582642
0.663643479347229
0.6515642404556274
0.6633056998252869
0.7120221853256226
0.8607348203659058
0.6758826971054077
0.7404130697250366
0.6839319467544556
0.739059567451477
0.8459391593933105
0.7744975090026855
0.8108615875244141
0.735916018486023
0.8067806959152222
0.7202441692352295
0.7711387872695923
0.8065025806427002
0.6900249719619751
0.7924628257751465
0.6782768964767456
0.830398440361023
0.6841181516647339
0.8115189075469971
0.7718987464904785
0.8297779560089111
0.803010106086731
0.5738168954849243
0.8279266357421875
0.7056924700737
0.7427732944488525
0.844497561454773
0.7913607358932495
0.8471001386642456
0.7611395120620728
0.8198305368423462
0.8239762783050537
0.7673383951187134
0.5898457169532776
0.7646067142486572
0.7102756500244141
0.7546533346176147
0.8035815954208374
0.7861815690994263
0.6495847702026367
0.8011375665664673
0.7910128831863403
0.72981858253479
0.668167233467102
0.6943708658218384
0.7922525405883789
0.7284212112426758
0.7698277235031128
0.8069428205490112
0.807870626449585
0.7624537944793701
0.7877264022827148
0.766355037689209
0.7172223329544067
0.8270483016967773
0.6898478865623474
0.6258803606033325
0.679500162601471
0.8477627038955688
0.8710153102874756
0.6677573919296265
0.6687573194503784
0.8660030364990234
0.8121253252029419
0.6362358331680298
0.8312076330184937
0.6550434827804565
0.816990852355957
0.7474491596221924
0.6103173494338989
0.7947009801864624
0.8171570301055908
0.7038075923919678
0.8205479383468628
0.7274610996246338
0.7479313611984253
0.8170856237411499
0.8593411445617676
0.7952600717544556
0.7107830047607422
0.7955772876739502
0.7730734348297119
0.7806634902954102
0.5708730220794678
0.626431941986084
0.6197760105133057
0.6357018947601318
0.6483995914459229
0.7253621816635132
0.8200602531433105
0.7043755650520325
0.8105915784835815
0.6380062103271484
0.7533613443374634
0.7790418863296509
0.8347659111022949
0.7364434003829956
0.7831603288650513
0.5711759328842163
0.8486788272857666
0.7993043661117554
0.7205673456192017
0.7812002897262573
0.7424169778823853
0.5249782800674438
0.7829265594482422
0.7263929843902588
0.7896608114242554
0.7934807538986206
0.8455175161361694
0.6313768625259399
0.7953310012817383
0.6694744825363159
0.7715013027191162
0.8192634582519531
0.7017626166343689
0.6490178108215332
0.7288608551025391
0.8006206750869751
0.6925233602523804
0.7696549892425537
0.7510005235671997
0.8290606737136841
0.7653967142105103
0.6998875737190247
0.6947794556617737
0.7584546804428101
0.8145068883895874
0.7151205539703369
0.8144917488098145
0.5269150733947754
0.8169924020767212
0.7664024829864502
0.7261170148849487
0.8068791627883911
0.7602976560592651
0.8071175813674927
0.7629122734069824
0.7817177772521973
0.8200517892837524
0.7180273532867432
0.8321195840835571
0.6338434219360352
0.8396333456039429
0.5782519578933716
0.6002705097198486
0.7847388982772827
0.7005389928817749
0.8248509168624878
0.8263498544692993
0.6842222213745117
0.8026303052902222
0.8420437574386597
0.8265591859817505
0.7952133417129517
0.7953813076019287
0.634624719619751
0.756862998008728
0.6455307602882385
0.7043350338935852
0.7653942108154297
0.8016612529754639
0.6827793121337891
0.6948362588882446
0.777600884437561
0.6559846997261047
0.7909660339355469
0.7290148735046387
0.8163405656814575
0.8121404647827148
0.7355703115463257
0.7943135499954224
0.7049157023429871
0.6901991367340088
0.8115171194076538
0.7253928184509277
0.8099570274353027
0.7100656032562256
0.6163915395736694
0.8124752044677734
0.6011278629302979
0.7939645051956177
0.6025274991989136
0.7902086973190308
0.606975793838501
0.7991445064544678
0.7541543245315552
0.7904517650604248
0.7634280920028687
0.858765721321106
0.7236665487289429
0.7123500108718872
0.7936347723007202
0.7236533164978027
0.7502685785293579
0.8027291297912598
0.5217459201812744
0.7641111612319946
0.7518215179443359
0.6856378316879272
0.6999170780181885
0.6947446465492249
0.6375401020050049
0.724382758140564
0.8051153421401978
0.7224366664886475
0.633645236492157
0.707245945930481
0.5846763849258423
0.7254877090454102
0.7671743631362915
0.8411266803741455
0.7739766836166382
0.7575225830078125
0.754919171333313
0.807925820350647
0.7006311416625977
0.7685983180999756
0.7779127359390259
0.7995737791061401
0.6174488067626953
0.754103422164917
0.8137277364730835
0.6863642334938049
0.7505548000335693
0.72564697265625
0.7849501371383667
0.7991282939910889
0.786653995513916
0.6761372089385986
0.7659788131713867
0.8167593479156494
0.7656865119934082
0.7879170179367065
0.8000595569610596
0.8025071620941162
0.6037949323654175
0.785010814666748
0.755638599395752
0.7646844387054443
0.560327410697937
0.7934345006942749
0.8193597793579102
0.720465898513794
0.8839751482009888
0.6888984441757202
0.7887669801712036
0.8533731698989868
0.7745192050933838
0.8168196678161621
0.7965297698974609
0.7796441316604614
0.7956218719482422
0.6591873168945312
0.8815187215805054
0.721623420715332
0.7976369857788086
0.8137354850769043
0.7713850736618042
0.5416010022163391
0.6983016729354858
0.810440182685852
0.5294899940490723
0.8681507110595703
0.8388522863388062
0.6920568943023682
0.7833738327026367
0.6462238430976868
0.7761213779449463
0.8188605308532715
0.788161039352417
0.8547495603561401
0.6907714605331421
0.7479482889175415
0.8719227313995361
0.7568647861480713
0.8530870676040649
0.6704798936843872
0.6933631896972656
0.8568843603134155
0.7797083854675293
0.8035832643508911
0.7081154584884644
0.5878045558929443
0.7871909141540527
0.7615461349487305
0.7773376703262329
0.6468154788017273
0.6795414686203003
0.7562723159790039
0.7553261518478394
0.6809563636779785
0.8005541563034058
0.7296802997589111
0.7420158386230469
0.6843514442443848
0.814356803894043
0.6276772022247314
0.7948251962661743
0.7871588468551636
0.7649011611938477
0.665878415107727
0.763802170753479
0.5989136695861816
0.6521052122116089
0.7483505010604858
0.763880729675293
0.7730244398117065
0.6100791692733765
0.7453396320343018
0.7826434373855591
0.8402107954025269
0.7848888635635376
0.789711594581604
0.7770566940307617
0.7740926742553711
0.7045614719390869
0.8319804668426514
0.8452975749969482
0.7634532451629639
0.6304467916488647
0.804967999458313
0.809510350227356
0.681045651435852
0.8096979856491089
0.6891430616378784
0.7490981817245483
0.85085129737854
0.6619813442230225
0.8576998710632324
0.6747968196868896
0.7856930494308472
0.7803983688354492
0.8342409133911133
0.7599292993545532
0.8282485008239746
0.7661315202713013
0.7786659002304077
0.834850549697876
0.6879616975784302
0.8164068460464478
0.7869249582290649
0.7382144927978516
0.779944658279419
0.6425581574440002
0.8002169132232666
0.8226059675216675
0.8035460710525513
0.7565129995346069
0.769184947013855
0.771175742149353
0.7822864055633545
0.7559919357299805
0.7766916751861572
0.771809458732605
0.7202354669570923
0.6252601742744446
0.8647559881210327
0.7646870613098145
0.8082389831542969
0.8138860464096069
0.8510833978652954
0.8005932569503784
0.5989951491355896
0.8108084201812744
0.7626341581344604
0.6588173508644104
0.6658850908279419
0.8027348518371582
0.7697886228561401
0.7014745473861694
0.7942657470703125
0.8074218034744263
0.8091211318969727
0.7883358001708984
0.6436929106712341
0.619684100151062
0.6092064380645752
0.7104665040969849
0.7945190668106079
0.7413411140441895
0.7596348524093628
0.701707124710083
0.7462576627731323
0.6489434242248535
0.7591482400894165
0.7865926027297974
0.7936397790908813
0.8116750717163086
0.6781161427497864
0.7107448577880859
0.7253358364105225
0.8000425100326538
0.7949126958847046
0.6919878721237183
0.7978537082672119
0.7136973142623901
0.6750541925430298
0.7674012184143066
0.7719746828079224
0.7956527471542358
0.7519234418869019
0.8001121282577515
0.7408517599105835
0.7511593103408813
0.7759870290756226
0.6683593988418579
0.6500405669212341
0.8763864040374756
0.8271428346633911
0.7466651201248169
0.7827672958374023
0.6418868899345398
0.7777307033538818
0.7005631923675537
0.8258827924728394
0.8016350269317627
0.7158215045928955
0.7776131629943848
0.692973256111145
0.74289870262146
0.7749899625778198
0.8012391328811646
0.8285542726516724
0.7177926301956177
0.7305154800415039
0.7234450578689575
0.6676652431488037
0.7903814315795898
0.8127151727676392
0.8052634000778198
0.6859043836593628
0.704965353012085
0.7379512786865234
0.7042797803878784
0.7951698303222656
0.8303818702697754
0.7454372644424438
0.8259550333023071
0.7900246381759644
0.7395126819610596
0.7811511754989624
0.8343868255615234
0.7906079292297363
0.7813078165054321
0.7993100881576538
0.7267498970031738
0.8579440116882324
0.6570879220962524
0.7012127637863159
0.6803959608078003
0.689831018447876
0.7637720108032227
0.7829159498214722
0.7177461385726929
0.7819007635116577
0.7658783197402954
0.5851069688796997
0.7128884792327881
0.708279013633728
0.8145334720611572
0.6976945996284485
0.7864501476287842
0.5979729890823364
0.6490648984909058
0.8102458715438843
0.7823665142059326
0.8346145153045654
0.7888823747634888
0.6543638706207275
0.8205196857452393
0.7280185222625732
0.6837377548217773
0.7964855432510376
0.7157474160194397
0.7739888429641724
0.7723244428634644
0.6809678077697754
0.7659683227539062
0.7462326288223267
0.6971091032028198
0.7886003255844116
0.7627649307250977
0.7087783813476562
0.7699313163757324
0.6511430740356445
0.8008317947387695
0.721472978591919
0.7359144687652588
0.6785627603530884
0.788939356803894
0.7906389236450195
0.8005677461624146
0.5298013687133789
0.6871927976608276
0.6951701641082764
0.7955002784729004
0.8421010971069336
0.6738940477371216
0.8161798715591431
0.6872764825820923
0.8243458271026611
0.5724215507507324
0.8004969358444214
0.7144405841827393
0.776611328125
0.7955070734024048
0.664101243019104
0.8582828044891357
0.7326560020446777
0.7206387519836426
0.813412070274353
0.6635071039199829
0.6383887529373169
0.8262419700622559
0.7181816101074219
0.781488299369812
0.8007476329803467
0.7736701965332031
0.7321743965148926
0.7584773302078247
0.6654967069625854
0.7493561506271362
0.6962018013000488
0.700097382068634
0.7017873525619507
0.6902444362640381
0.8185352087020874
0.5110900402069092
0.8122633695602417
0.6866217255592346
0.7356442213058472
0.8304659128189087
0.7245993614196777
0.6762763261795044
0.7781072854995728
0.7674375772476196
0.680503249168396
0.7072138786315918
0.7635312080383301
0.7869439125061035
0.6586871147155762
0.7380907535552979
0.8664289712905884
0.8535614013671875
0.8034189939498901
0.8557649850845337
0.8029488325119019
0.7583744525909424
0.7992846965789795
0.7409316301345825
0.5809903740882874
0.7174115180969238
0.8130576610565186
0.7400414943695068
0.7885648012161255
0.7157268524169922
0.7922190427780151
0.7948278188705444
0.8551027774810791
0.711688756942749
0.6458373069763184
0.7841336727142334
0.7696856260299683
0.6476426124572754
0.7201948165893555
0.7910021543502808
0.8727141618728638
0.8063158988952637
0.7877061367034912
0.8129277229309082
0.8644332885742188
0.8736968040466309
0.7705720663070679
0.6069146990776062
0.7897582054138184
0.764916181564331
0.7292799949645996
0.7172945141792297
0.7991923093795776
0.7263773679733276
0.6855267286300659
0.829906702041626
0.7419610023498535
0.7730797529220581
0.6551640033721924
0.7792167663574219
0.739094614982605
0.7850418090820312
0.8700973987579346
0.7281237840652466
0.8790724277496338
0.8215395212173462
0.5562872886657715
0.7952600717544556
0.7069717049598694
0.6611089706420898
0.7808705568313599
0.8579146862030029
0.6949324607849121
0.7435729503631592
0.8010172843933105
0.6945080161094666
0.7888399362564087
0.7643270492553711
0.7974457740783691
0.7777018547058105
0.6299594640731812
0.842953085899353
0.8208264112472534
0.7574368715286255
0.8214178085327148
0.7725197076797485
0.6496566534042358
0.76572585105896
0.848475456237793
0.7281210422515869
0.6172875165939331
0.8069745302200317
0.8043465614318848
0.8845136165618896
0.8621735572814941
0.7886507511138916
0.7845063209533691
0.750623345375061
0.8484251499176025
0.8121422529220581
0.7795146703720093
0.7921476364135742
0.8752312660217285
0.7242822647094727
0.6539239883422852
0.6886749267578125
0.7297505140304565
0.7375783920288086
0.8270846605300903
0.6387704610824585
0.7703416347503662
0.8237400054931641
0.8142658472061157
0.8418025970458984
0.762209415435791
0.8099348545074463
0.7282201051712036
0.7951962947845459
0.7480913400650024
0.6805364489555359
0.8245550394058228
0.7793940305709839
0.6865159273147583
0.7574150562286377
0.77183997631073
0.7746140956878662
0.7983512878417969
0.7998436689376831
0.7643909454345703
0.7435269355773926
0.8299224376678467
0.745511531829834
0.7628556489944458
0.6175571084022522
0.75093674659729
0.7964507341384888
0.8019901514053345
0.8200948238372803
0.6817197203636169
0.7988430261611938
0.7803502082824707
0.8120465278625488
0.7845141887664795
0.7057543992996216
0.7095147371292114
0.6411811113357544
0.779102087020874
0.7553457021713257
0.758638858795166
0.7386914491653442
0.6685385704040527
0.7267000675201416
0.8043045997619629
0.6983870267868042
0.7114154100418091
0.7742190361022949
0.7280853986740112
0.6870357990264893
0.7623482942581177
0.7998471260070801
0.7629450559616089
0.8107846975326538
0.6945533156394958
0.681247889995575
0.6431362628936768
0.7984025478363037
0.7639532089233398
0.7949519157409668
0.7689188718795776
0.7776185274124146
0.7584593296051025
0.776949405670166
0.77266526222229
0.7664469480514526
0.8187741041183472
0.8426474332809448
0.7920936346054077
0.7836130857467651
0.7769054174423218
0.7353590726852417
0.8346312046051025
0.7933158874511719
0.8810092210769653
0.8378491401672363
0.8145508766174316
0.7940107583999634
0.6308056116104126
0.8337563276290894
0.8369603157043457
0.7459566593170166
0.820877194404602
0.8066661357879639
0.8131593465805054
0.7846269607543945
0.8199559450149536
0.7117307186126709
0.526718258857727
0.6596047878265381
0.6830103993415833
0.8529665470123291
0.7613415718078613
0.7258940935134888
0.8189502954483032
0.7210046052932739
0.7802770137786865
0.747022271156311
0.6376421451568604
0.7583860158920288
0.7419449090957642
0.7329518795013428
0.6412283182144165
0.8142082691192627
0.7927746772766113
0.6839047074317932
0.6620217561721802
0.6701648235321045
0.7814916372299194
0.5627404451370239
0.7026139497756958
0.7690536975860596
0.7647608518600464
0.5762138366699219
0.7016971707344055
0.8113234043121338
0.7840778827667236
0.8129007816314697
0.6977064609527588
0.7269130945205688
0.8042985200881958
0.6985197067260742
0.7588380575180054
0.6618818044662476
0.678173303604126
0.7748738527297974
0.7094652056694031
0.7297210693359375
0.6169545650482178
0.6287015676498413
0.847984790802002
0.7642666101455688
0.7887732982635498
0.748794436454773
0.7206399440765381
0.6610119342803955
0.8237649202346802
0.8027803897857666
0.7334774732589722
0.5369784832000732
0.7818045616149902
0.5325722694396973
0.748645544052124
0.6560193300247192
0.7668615579605103
0.5412523746490479
0.6195951700210571
0.5608633756637573
0.6911629438400269
0.737637996673584
0.7509211301803589
0.8026992082595825
0.7966209650039673
0.739118218421936
0.8913097381591797
0.7409000396728516
0.5406477451324463
0.6531566381454468
0.7248532772064209
0.6794403791427612
0.8959622383117676
0.8105276823043823
0.7938574552536011
0.6454383134841919
0.8016871213912964
0.7264667749404907
0.7800753116607666
0.7051380276679993
0.8071489334106445
0.77489173412323
0.7911335229873657
0.6442008018493652
0.765737771987915
0.7639950513839722
0.804140567779541
0.6120339632034302
0.7809902429580688
0.7629899978637695
0.7020912170410156
0.7548058032989502
0.629845380783081
0.7447190284729004
0.6986169815063477
0.7787530422210693
0.6590970158576965
0.7698936462402344
0.7063241004943848
0.82621169090271
0.6367020606994629
0.7665704488754272
0.7946622371673584
0.6311730146408081
0.6498942375183105
0.8163297176361084
0.8459620475769043
0.793599009513855
0.7491288185119629
0.7979377508163452
0.6998134851455688
0.6969665884971619
0.7700982093811035
0.4790487289428711
0.6804248094558716
0.8509567975997925
0.7174461483955383
0.784166693687439
0.8386554718017578
0.8394988775253296
0.7033892869949341
0.689948320388794
0.8142520189285278
0.7860293388366699
0.775578498840332
0.842842698097229
0.7991554737091064
0.6912740468978882
0.7262611389160156
0.8062262535095215
0.7188727855682373
0.5624839663505554
0.692051887512207
0.6355839967727661
0.664084792137146
0.7682600021362305
0.6927482485771179
0.8389893770217896
0.7501533031463623
0.714165449142456
0.6838986873626709
0.8019230365753174
0.8251112699508667
0.677889347076416
0.6989309787750244
0.7835938930511475
0.8443101644515991
0.7706068754196167
0.781262993812561
0.6967853903770447
0.8719900846481323
0.6432462930679321
0.6448410749435425
0.6740227341651917
0.790813684463501
0.7755118608474731
0.6798873543739319
0.7887401580810547
0.7466455698013306
0.7453135251998901
0.6825494170188904
0.6701520085334778
0.8045055866241455
0.8571964502334595
0.7824106216430664
0.7222015857696533
0.8082453012466431
0.8726046085357666
0.6131901741027832
0.8012655973434448
0.8126955032348633
0.7358031272888184
0.7954446077346802
0.7594078779220581
0.7703366279602051
0.6952253580093384
0.6447920203208923
0.8401627540588379
0.7841500043869019
0.6934497356414795
0.7979158163070679
0.8086150884628296
0.6649797558784485
0.7121418714523315
0.6788133382797241
0.7777355909347534
0.752974271774292
0.8234986066818237
0.7977993488311768
0.6887928247451782
0.8234014511108398
0.6855421662330627
0.7824277877807617
0.6731118559837341
0.6632887125015259
0.7607555389404297
0.869452953338623
0.6634398698806763
0.8465778827667236
0.6480971574783325
0.6871695518493652
0.6664102077484131
0.776890754699707
0.6895558834075928
0.7233338356018066
0.6709686517715454
0.7926243543624878
0.6565682888031006
0.8322916030883789
0.57515549659729
0.8170077800750732
0.7125389575958252
0.6491204500198364
0.729810357093811
0.6900136470794678
0.6306079030036926
0.6639535427093506
0.7047140598297119
0.7425240278244019
0.7143993973731995
0.7613803148269653
0.7990909814834595
0.7693604230880737
0.7853903770446777
0.8112125396728516
0.7947571277618408
0.6936519145965576
0.6427395343780518
0.7998311519622803
0.6977304816246033
0.86046302318573
0.7012454271316528
0.7644773721694946
0.5179343223571777
0.8042945861816406
0.7991212606430054
0.7782429456710815
0.7745394706726074
0.6988025903701782
0.7488094568252563
0.7261651754379272
0.7871295213699341
0.7160270810127258
0.7822997570037842
0.6424373388290405
0.8079648017883301
0.8347761631011963
0.8047078847885132
0.7521543502807617
0.7888563871383667
0.6374248266220093
0.7689220905303955
0.6745313405990601
0.8347119092941284
0.7928361892700195
0.7787517309188843
0.6800786256790161
0.8082846403121948
0.6139450073242188
0.7461836338043213
0.8109414577484131
0.6279131174087524
0.7342674732208252
0.7966647148132324
0.6091640591621399
0.7347838878631592
0.767013430595398
0.7692545652389526
0.7243392467498779
0.7841765880584717
0.7901849746704102
0.8246556520462036
0.7056506872177124
0.785940408706665
0.6966774463653564
0.8051844835281372
0.6972171068191528
0.7501629590988159
0.8260060548782349
0.6349483728408813
0.8641866445541382
0.7925814390182495
0.7561851739883423
0.7209529876708984
0.7346844673156738
0.6186189651489258
0.7930748462677002
0.8057537078857422
0.672615647315979
0.820014238357544
0.7907454967498779
0.7965279817581177
0.6403803825378418
0.7750338315963745
0.706057071685791
0.6942442655563354
0.8198983669281006
0.7154982089996338
0.6998690366744995
0.709810197353363
0.7837494611740112
0.5338530540466309
0.8348374366760254
0.8257114887237549
0.8041641712188721
0.8183503150939941
0.7390528917312622
0.7483043670654297
0.5916813611984253
0.6998947262763977
0.803302526473999
0.704146683216095
0.6808371543884277
0.7134177684783936
0.8555350303649902
0.706348180770874
0.8005261421203613
0.8700962066650391
0.6132801175117493
0.7105371356010437
0.593570351600647
0.8947856426239014
0.583121657371521
0.8772519826889038
0.7837890386581421
0.797116756439209
0.7139870524406433
0.8406875133514404
0.8048735857009888
0.7673230171203613
0.7000867128372192
0.7288016080856323
0.8304089307785034
0.6704006195068359
0.6977975368499756
0.8539876937866211
0.7235531806945801
0.7743946313858032
0.7901629209518433
0.8574217557907104
0.6454936265945435
0.767248272895813
0.6694129705429077
0.8135573863983154
0.6447691321372986
0.7159261703491211
0.8481346368789673
0.7507179975509644
0.7667702436447144
0.7991265058517456
0.8014606237411499
0.5923047661781311
0.5941163897514343
0.8232651948928833
0.7974120378494263
0.8218231201171875
0.824392557144165
0.7808263301849365
0.7959234714508057
0.8073515892028809
0.7471950054168701
0.8261076211929321
0.8347456455230713
0.6102228760719299
0.5984698534011841
0.6427899599075317
0.5103945732116699
0.6960365772247314
0.894995927810669
0.6692138910293579
0.7887401580810547
0.7482374906539917
0.7925013303756714
0.6524825096130371
0.735916018486023
0.813338041305542
0.8430886268615723
0.7795299291610718
0.7159231901168823
0.8198100328445435
0.7275538444519043
0.8402485847473145
0.780044674873352
0.7969484329223633
0.7986921072006226
0.7858556509017944
0.6908125877380371
0.8359425067901611
0.783439040184021
0.6788153052330017
0.7575670480728149
0.6672301292419434
0.8288599252700806
0.7820461988449097
0.6156272888183594
0.7543305158615112
0.6131157875061035
0.5598660707473755
0.7340869903564453
0.6880614757537842
0.7742334604263306
0.6523438692092896
0.7850397825241089
0.7851277589797974
0.6992073059082031
0.7320611476898193
0.6504759788513184
0.7774577140808105
0.7619037628173828
0.7147601842880249
0.8084086179733276
0.7921416759490967
0.6245598793029785
0.8309168815612793
0.7878553867340088
0.7873631715774536
0.7953442335128784
0.850500226020813
0.855862021446228
0.8366982936859131
0.6576848030090332
0.7877497673034668
0.7333314418792725
0.8345190286636353
0.7600997686386108
0.7542515993118286
0.6216284036636353
0.7924407720565796
0.696135938167572
0.8299003839492798
0.7941880226135254
0.6733841896057129
0.7474676370620728
0.7513694763183594
0.7832684516906738
0.633833646774292
0.766170859336853
0.8029452562332153
0.6469146013259888
0.6013846397399902
0.8011974096298218
0.7282733917236328
0.8597111701965332
0.8162686824798584
0.7397897243499756
0.6933063268661499
0.8117479085922241
0.7861034870147705
0.7864725589752197
0.7404155731201172
0.7739827632904053
0.7924473285675049
0.7487168312072754
0.748908519744873
0.769932746887207
0.8748214244842529
0.647680401802063
0.8366564512252808
0.8023159503936768
0.7519016265869141
0.7644462585449219
0.8292616605758667
0.6813772916793823
0.7324695587158203
0.758549690246582
0.8052377700805664
0.6243823170661926
0.7633140087127686
0.7391829490661621
0.6840015649795532
0.8153342008590698
0.6264227628707886
0.8174480199813843
0.6457046270370483
0.814177393913269
0.7216323614120483
0.7883442640304565
0.5693211555480957
0.789104700088501
0.7421191930770874
0.7646569013595581
0.8291324377059937
0.8036195039749146
0.8222547769546509
0.7099208831787109
0.773124098777771
0.843802809715271
0.7485839128494263
0.6564939022064209
0.7887988090515137
0.7609418630599976
0.8108679056167603
0.6528282165527344
0.6679110527038574
0.7694523334503174
0.5274620056152344
0.4994645416736603
0.8197858333587646
0.7995815277099609
0.7592390775680542
0.8673685789108276
0.7982175350189209
0.8052239418029785
0.6632747650146484
0.6452718377113342
0.7621444463729858
0.7754451036453247
0.7534213066101074
0.6902260780334473
0.7759919166564941
0.8626906871795654
0.71553635597229
0.7985539436340332
0.7659629583358765
0.6856592893600464
0.8047056198120117
0.8347233533859253
0.7924453020095825
0.8112202882766724
0.8218845129013062
0.6622040271759033
0.7746071815490723
0.7804820537567139
0.7907981872558594
0.7529784440994263
0.8483253717422485
0.7184319496154785
0.8311132192611694
0.7859176397323608
0.7015692591667175
0.6840013265609741
0.7727829217910767
0.7068307399749756
0.7606450319290161
0.704194188117981
0.6353064775466919
0.6626554727554321
0.7945699691772461
0.7805006504058838
0.5864604711532593
0.7383151054382324
0.7115073204040527
0.8311342000961304
0.8061378002166748
0.7348798513412476
0.8590519428253174
0.7847980260848999
0.6801531314849854
0.7257428169250488
0.7631012201309204
0.7493736743927002
0.7797422409057617
0.6523456573486328
0.7889420986175537
0.6240193843841553
0.7370144128799438
0.6447240114212036
0.7753474712371826
0.6867707967758179
0.7551915645599365
0.6896063089370728
0.7697849273681641
0.79887855052948
0.7768551111221313
0.6220303773880005
0.7156932950019836
0.818041205406189
0.8891711235046387
0.7965810298919678
0.7933648824691772
0.698621392250061
0.8249462842941284
0.795586109161377
0.8073834180831909
0.7804203033447266
0.7458257675170898
0.829060435295105
0.52205491065979
0.5660290718078613
0.8045204877853394
0.7299985885620117
0.821749210357666
0.7171156406402588
0.8101741075515747
0.8518096208572388
0.8521547317504883
0.7806986570358276
0.8111226558685303
0.7392492294311523
0.6757872104644775
0.7076878547668457
0.7491284608840942
0.8114190101623535
0.6804925203323364
0.8418076038360596
0.8373050689697266
0.7525986433029175
0.7481518983840942
0.7465118169784546
0.7709915637969971
0.7805569171905518
0.7895222902297974
0.7778095006942749
0.7878072261810303
0.8300117254257202
0.7903846502304077
0.7864469289779663
0.7021831274032593
0.813185453414917
0.7737658023834229
0.7146388292312622
0.7618303298950195
0.7356693744659424
0.7829184532165527
0.8657420873641968
0.825484037399292
0.7183870077133179
0.7498970031738281
0.7707434892654419
0.771904468536377
0.7534445524215698
0.6872267127037048
0.7141384482383728
0.8071128129959106
0.7647525072097778
0.7293262481689453
0.7431087493896484
0.7750223875045776
0.7369081974029541
0.7778987884521484
0.6141520738601685
0.7865586280822754
0.7367641925811768
0.8640420436859131
0.8109091520309448
0.8474198579788208
0.7608013153076172
0.8388557434082031
0.8279411792755127
0.7910432815551758
0.8581117391586304
0.7316114902496338
0.7565793991088867
0.6148008108139038
0.6537699699401855
0.7851895093917847
0.7955683469772339
0.8701560497283936
0.7849107980728149
0.804909348487854
0.781846284866333
0.8230396509170532
0.6476536989212036
0.6085454225540161
0.7246719598770142
0.654404878616333
0.6418583393096924
0.7834908962249756
0.739503026008606
0.8077788352966309
0.6654592752456665
0.7135531902313232
0.573382556438446
0.709743857383728
0.7834136486053467
0.7967311143875122
0.7627543210983276
0.8393228054046631
0.8135230541229248
0.7659595012664795
0.6804482936859131
0.7048226594924927
0.6794674396514893
0.7897920608520508
0.6788161396980286
0.7065520286560059
0.741716742515564
0.7880308628082275
0.6930447816848755
0.804134726524353
0.6800315380096436
0.6819722652435303
0.7625135183334351
0.7077593803405762
0.7092246413230896
0.8273683786392212
0.6618942618370056
0.7837890386581421
0.5088968276977539
0.8308262825012207
0.8813592195510864
0.7942825555801392
0.8012480735778809
0.8239715099334717
0.731186032295227
0.8235999345779419
0.7065532803535461
0.8487282991409302
0.8369790315628052
0.8098442554473877
0.8523067235946655
0.8700532913208008
0.6846035718917847
0.7167723178863525
0.6400099992752075
0.7567412853240967
0.687153697013855
0.7085766792297363
0.7964177131652832
0.8231152296066284
0.7604451179504395
0.6232895851135254
0.8222297430038452
0.7763440608978271
0.8687880039215088
0.7983993291854858
0.7255125045776367
0.8756781816482544
0.6430869698524475
0.7898098230361938
0.6640251278877258
0.7898088693618774
0.7926514148712158
0.7849098443984985
0.6969228982925415
0.7712951898574829
0.7623881101608276
0.7625113725662231
0.7888638973236084
0.6788425445556641
0.8579689264297485
0.6382882595062256
0.7803381681442261
0.7859523296356201
0.7023200988769531
0.8164056539535522
0.6591297388076782
0.7904980182647705
0.8051323890686035
0.7292742729187012
0.8020884990692139
0.6745892763137817
0.7779631614685059
0.7952713966369629
0.6647346019744873
0.7476297616958618
0.6952940225601196
0.6646676063537598
0.7626365423202515
0.8748273849487305
0.7819076776504517
0.6988518834114075
0.8019763231277466
0.6939941644668579
0.8414534330368042
0.6619478464126587
0.6987985372543335
0.7949894666671753
0.7875770330429077
0.7592695951461792
0.7948914766311646
0.7832390069961548
0.7883681058883667
0.8091592788696289
0.6784451007843018
0.8219356536865234
0.7768149375915527
0.7581313848495483
0.6904551982879639
0.7752467393875122
0.799423336982727
0.7840477228164673
0.7046617269515991
0.6746222972869873
0.7427228689193726
0.7963160276412964
0.8391716480255127
0.7595207691192627
0.726661205291748
0.8182810544967651
0.8011651039123535
0.8153502941131592
0.6573441028594971
0.8413854837417603
0.7549222707748413
0.810938835144043
0.8200067281723022
0.643883466720581
0.7354497909545898
0.7998180389404297
0.7020461559295654
0.7953287363052368
0.767648458480835
0.7798160314559937
0.7644796371459961
0.8098115921020508
0.7891222238540649
0.7254716157913208
0.7960571050643921
0.7796676158905029
0.6531088948249817
0.6515120267868042
0.7346171140670776
0.8202162981033325
0.8616783618927002
0.8453150987625122
0.8357419967651367
0.7209744453430176
0.7756537199020386
0.7792625427246094
0.8240642547607422
0.745869517326355
0.8352547883987427
0.7439292669296265
0.715548574924469
0.7801734209060669
0.775590181350708
0.8418693542480469
0.6154540777206421
0.863701343536377
0.7976077795028687
0.7117468118667603
0.7668889760971069
0.7839447259902954
0.7818983793258667
0.779869556427002
0.7568883895874023
0.6659994125366211
0.6869984865188599
0.7360280752182007
0.6970674991607666
0.7555055618286133
0.7913634777069092
0.6748220324516296
0.636538028717041
0.7732874155044556
0.7563250064849854
0.7776035070419312
0.8227722644805908
0.878619909286499
0.6301565170288086
0.7645037174224854
0.7506585121154785
0.8448530435562134
0.7464407682418823
0.8422970771789551
0.7980647087097168
0.6791014075279236
0.6427514553070068
0.7722212076187134
0.7188879251480103
0.829153299331665
0.8216527700424194
0.7189105749130249
0.7003383636474609
0.80696702003479
0.7987349033355713
0.8201073408126831
0.7842035293579102
0.7417937517166138
0.7353659868240356
0.8002805709838867
0.7911719083786011
0.6201037168502808
0.6697394847869873
0.826024055480957
0.6767394542694092
0.8422173261642456
0.6941862106323242
0.5676372051239014
0.7288274765014648
0.6753699779510498
0.790090799331665
0.8280144929885864
0.8021450042724609
0.8184856176376343
0.6560823917388916
0.8139481544494629
0.8290070295333862
0.6251492500305176
0.8187501430511475
0.7567441463470459
0.7738218307495117
0.7603447437286377
0.8193725347518921
0.8101043701171875
0.8323788642883301
0.8293304443359375
0.6012868881225586
0.8221180438995361
0.7640769481658936
0.8370864391326904
0.6742583513259888
0.758004903793335
0.7619965076446533
0.7167540192604065
0.776633620262146
0.6822483539581299
0.7453175783157349
0.8288301229476929
0.8713719844818115
0.7489030361175537
0.6100159883499146
0.7935464382171631
0.7635115385055542
0.7090877890586853
0.7798689603805542
0.831748366355896
0.7707980871200562
0.6163229942321777
0.7346888780593872
0.7983007431030273
0.7416374683380127
0.7849981784820557
0.8013569116592407
0.5570272207260132
0.6542445421218872
0.83669114112854
0.6808035373687744
0.6850893497467041
0.7713068723678589
0.5387303829193115
0.6720370054244995
0.5530321002006531
0.7753627300262451
0.7589931488037109
0.5023919343948364
0.6927931308746338
0.684372067451477
0.7738800048828125
0.794769287109375
0.7627274990081787
0.7570023536682129
0.7525302171707153
0.8427474498748779
0.7917200326919556
0.7673182487487793
0.7991369962692261
0.7837009429931641
0.5682724714279175
0.7741929292678833
0.6378421783447266
0.8098150491714478
0.839850902557373
0.7941145896911621
0.6777276396751404
0.7030620574951172
0.7322399616241455
0.5697236061096191
0.8594033718109131
0.7695291042327881
0.7149078249931335
0.695899486541748
0.5770243406295776
0.6958259344100952
0.7563416957855225
0.7435405254364014
0.6993285417556763
0.7268052101135254
0.794830322265625
0.7887990474700928
0.7785723209381104
0.7953777313232422
0.7936042547225952
0.8462262153625488
0.8457025289535522
0.7867026329040527
0.7773542404174805
0.8395614624023438
0.7203181982040405
0.7657601833343506
0.6853876113891602
0.7783483266830444
0.7343345880508423
0.6702463626861572
0.7869452238082886
0.8244373798370361
0.7947994470596313
0.7629200220108032
0.6904895901679993
0.771525502204895
0.8123389482498169
0.749483585357666
0.8701804876327515
0.6323143839836121
0.6738295555114746
0.6355254650115967
0.8421567678451538
0.8608318567276001
0.753411054611206
0.8569717407226562
0.7663121223449707
0.7496620416641235
0.8002924919128418
0.7668272256851196
0.7538530826568604
0.6476070880889893
0.837388277053833
0.6945836544036865
0.7137390375137329
0.7423343658447266
0.7491207122802734
0.761970043182373
0.7571815252304077
0.7630497217178345
0.878728985786438
0.674708366394043
0.6269488334655762
0.8236366510391235
0.862931489944458
0.8132915496826172
0.750320315361023
0.6980886459350586
0.7487150430679321
0.8024629354476929
0.7058223485946655
0.6776832342147827
0.6717920303344727
0.7906641960144043
0.7069120407104492
0.8145698308944702
0.5797885060310364
0.7079975008964539
0.7068904042243958
0.8053766489028931
0.8150467872619629
0.7082082033157349
0.7129177451133728
0.7373037338256836
0.8381528854370117
0.7156081795692444
0.6328915357589722
0.8222382068634033
0.8117620944976807
0.8609484434127808
0.8029171228408813
0.8235640525817871
0.685987114906311
0.7133322358131409
0.7164639234542847
0.7611234188079834
0.757989764213562
0.6469441652297974
0.7562627792358398
0.8204885721206665
0.8187494277954102
0.8017656803131104
0.6803768873214722
0.7273865938186646
0.6346898674964905
0.7712798118591309
0.7983236312866211
0.7842453718185425
0.7762278318405151
0.7470961809158325
0.7806335687637329
0.7631561756134033
0.7190546989440918
0.7415810823440552
0.6350579261779785
0.84676194190979
0.7893407344818115
0.7584551572799683
0.7402986288070679
0.7943390607833862
0.7195949554443359
0.7849166393280029
0.7087337970733643
0.8215696811676025
0.7791483402252197
0.6593457460403442
0.8158042430877686
0.8533244132995605
0.79925537109375
0.5980567932128906
0.5747907161712646
0.7036205530166626
0.7805593013763428
0.8172826766967773
0.8192756175994873
0.8306361436843872
0.6647446155548096
0.8337370157241821
0.7359362840652466
0.8421093225479126
0.7018264532089233
0.6269130110740662
0.7071524262428284
0.8512104749679565
0.5783443450927734
0.6327452659606934
0.7819689512252808
0.6531194448471069
0.6899075508117676
0.7824661731719971
0.7833935022354126
0.7760807275772095
0.8476154804229736
0.7638092041015625
0.813617467880249
0.8022644519805908
0.8209407329559326
0.8106358051300049
0.8509770631790161
0.6548027992248535
0.6739315986633301
0.5257682800292969
0.79240882396698
0.6339097619056702
0.7123395204544067
0.7946949005126953
0.7283403873443604
0.6561204791069031
0.6613192558288574
0.5123002529144287
0.6886984705924988
0.7046493291854858
0.8586053848266602
0.7390173673629761
0.6792967319488525
0.6692273616790771
0.8339138031005859
0.7353819608688354
0.7937144041061401
0.580761194229126
0.660883903503418
0.8280278444290161
0.8007533550262451
0.754853367805481
0.8364251852035522
0.780266284942627
0.8629803657531738
0.8612713813781738
0.7848858833312988
0.7538532018661499
0.7879976034164429
0.8196011781692505
0.7438758611679077
0.7165309190750122
0.5449991822242737
0.7109988927841187
0.696918249130249
0.707158625125885
0.7899885177612305
0.8714989423751831
0.792438268661499
0.750773549079895
0.7462109327316284
0.7842680215835571
0.8331993818283081
0.7858760356903076
0.8000538349151611
0.7702411413192749
0.7959640026092529
0.7751026153564453
0.6930761337280273
0.7944835424423218
0.7996431589126587
0.770165205001831
0.8118100166320801
0.6461547613143921
0.8212720155715942
0.7873603105545044
0.7304774522781372
0.7687159776687622
0.67027747631073
0.7169712781906128
0.7191733121871948
0.6845226287841797
0.7941995859146118
0.7542636394500732
0.7708487510681152
0.6400425434112549
0.8559918403625488
0.7082549333572388
0.7644373178482056
0.6996444463729858
0.8014997243881226
0.8392943143844604
0.7646089792251587
0.7083255052566528
0.8075641393661499
0.6484564542770386
0.7829165458679199
0.8023405075073242
0.8026218414306641
0.762408971786499
0.5494449138641357
0.7610924243927002
0.8167159557342529
0.8398205041885376
0.7120575904846191
0.7533782720565796
0.6890638470649719
0.7970432043075562
0.7812532186508179
0.8234546184539795
0.7778967618942261
0.6414653062820435
0.6451747417449951
0.8306702375411987
0.8102188110351562
0.8033978939056396
0.7477446794509888
0.6204086542129517
0.8280376195907593
0.7569066286087036
0.7419809103012085
0.6618176698684692
0.8069078922271729
0.6450155973434448
0.634650707244873
0.8345402479171753
0.8749936819076538
0.7417577505111694
0.8219548463821411
0.8267251253128052
0.7533493041992188
0.6362564563751221
0.8662165403366089
0.7549598217010498
0.8438750505447388
0.7040787935256958
0.7164199352264404
0.8618004322052002
0.6662291288375854
0.6642807722091675
0.8335230350494385
0.8591336011886597
0.7726894617080688
0.7254829406738281
0.5984467267990112
0.7170048356056213
0.7122070789337158
0.7044389247894287
0.7378612756729126
0.6970669031143188
0.6831780672073364
0.8068481683731079
0.7352398633956909
0.8516050577163696
0.6514588594436646
0.7441948652267456
0.6824986338615417
0.7627120018005371
0.5218420028686523
0.646379292011261
0.8077625036239624
0.7835792303085327
0.8384515047073364
0.5375815629959106
0.8424133062362671
0.6831411123275757
0.8023983240127563
0.7019188404083252
0.7601863145828247
0.7696309089660645
0.8239058256149292
0.6769894361495972
0.7956975698471069
0.7116165161132812
0.6654819250106812
0.6968547701835632
0.6942101716995239
0.6701818704605103
0.8160842657089233
0.8012820482254028
0.832175612449646
0.774375319480896
0.7859231233596802
0.7569228410720825
0.7792477607727051
0.7269266843795776
0.7520557641983032
0.757601261138916
0.8350334167480469
0.6656675338745117
0.8623461723327637
0.6563653945922852
0.6920334100723267
0.7539774179458618
0.77717125415802
0.786832332611084
0.6872997283935547
0.7769662141799927
0.6171338558197021
0.6373039484024048
0.6824404001235962
0.6937263011932373
0.674379825592041
0.7307535409927368
0.8048468828201294
0.6191087961196899
0.71645188331604
0.7917412519454956
0.668418288230896
0.8240312337875366
0.7186754941940308
0.7186238765716553
0.7419353723526001
0.7751836776733398
0.8459479808807373
0.8420839309692383
0.6941397190093994
0.6623808145523071
0.7056180238723755
0.7290149927139282
0.8236939907073975
0.7126762866973877
0.7336628437042236
0.7655574083328247
0.8230341672897339
0.737328290939331
0.7393856048583984
0.77204430103302
0.7607554197311401
0.6232669353485107
0.6018891334533691
0.6930496692657471
0.6102806329727173
0.777571439743042
0.768746018409729
0.7719932794570923
0.7803149223327637
0.655190110206604
0.8014354705810547
0.7906311750411987
0.6830482482910156
0.7835466861724854
0.7535099983215332
0.6659423112869263
0.757399320602417
0.5445334911346436
0.7935467958450317
0.5339627265930176
0.5733451247215271
0.7146005034446716
0.8953379392623901
0.8136987686157227
0.5451061725616455
0.8179836273193359
0.6835252046585083
0.7712814807891846
0.7026763558387756
0.7355583906173706
0.7823648452758789
0.789088249206543
0.617087721824646
0.8191375732421875
0.7331300973892212
0.8252192735671997
0.8094937801361084
0.521264910697937
0.7054164409637451
0.7952022552490234
0.740544319152832
0.7951884269714355
0.7877795696258545
0.8444310426712036
0.6960733532905579
0.7740702629089355
0.8140162229537964
0.7974433898925781
0.659864068031311
0.7648221254348755
0.6229833364486694
0.5365538597106934
0.6874022483825684
0.7596307992935181
0.8208498954772949
0.8160743713378906
0.8275719881057739
0.7803317308425903
0.7817535400390625
0.7406319379806519
0.7376060485839844
0.7030225992202759
0.802452564239502
0.6911134719848633
0.7858353853225708
0.8035131692886353
0.6919146776199341
0.8224780559539795
0.7799808979034424
0.6927398443222046
0.7520099878311157
0.7946876287460327
0.6219536066055298
0.8355216979980469
0.8076330423355103
0.8251017332077026
0.60671067237854
0.7539486885070801
0.7216305732727051
0.784437894821167
0.715577244758606
0.6991698741912842
0.8030037879943848
0.7851276397705078
0.7107669711112976
0.7611771821975708
0.7043602466583252
0.61076819896698
0.7140452861785889
0.6830703616142273
0.6560497879981995
0.7907795906066895
0.6442562937736511
0.8310645818710327
0.7243441343307495
0.7826501131057739
0.7868320941925049
0.6512774229049683
0.6543363332748413
0.6416313648223877
0.8437783718109131
0.8050284385681152
0.7390584945678711
0.5636013746261597
0.7299424409866333
0.6662552356719971
0.6051129102706909
0.6832246780395508
0.7908437252044678
0.8513182401657104
0.7490369081497192
0.7188750505447388
0.8399975299835205
0.7031993865966797
0.8288863897323608
0.7527966499328613
0.7070808410644531
0.7202792167663574
0.7800034284591675
0.7840867042541504
0.7262678146362305
0.8040432929992676
0.8439677953720093
0.7194753885269165
0.7111563682556152
0.7554181814193726
0.7601883411407471
0.6609959602355957
0.8309875726699829
0.8161206245422363
0.6791456937789917
0.812082052230835
0.881637692451477
0.6746271848678589
0.5666896104812622
0.806067705154419
0.7038346529006958
0.7861994504928589
0.6760439276695251
0.8315705060958862
0.7658290863037109
0.8066840171813965
0.846280574798584
0.7799632549285889
0.7152019739151001
0.7570579051971436
0.7179017066955566
0.7931894063949585
0.6366637349128723
0.5692861080169678
0.8227910995483398
0.7778764963150024
0.7590177059173584
0.5254969596862793
0.8345091342926025
0.8000496625900269
0.5659992694854736
0.7211282253265381
0.7295726537704468
0.833707332611084
0.6255172491073608
0.7278138399124146
0.7933924198150635
0.7211494445800781
0.6830699443817139
0.7924923896789551
0.6514500379562378
0.8130795955657959
0.7963972091674805
0.7710089683532715
0.7027665376663208
0.774948000907898
0.8441859483718872
0.8113045692443848
0.6401640176773071
0.7798341512680054
0.7558194398880005
0.6309545040130615
0.6591267585754395
0.7391902208328247
0.6987200975418091
0.7985478639602661
0.8134807348251343
0.8244497776031494
0.766781210899353
0.6171465516090393
0.7580008506774902
0.7980353832244873
0.7974534034729004
0.6161953210830688
0.530933141708374
0.805994987487793
0.7128983736038208
0.7756974697113037
0.822198748588562
0.8086179494857788
0.5986584424972534
0.7194582223892212
0.7554060220718384
0.6244441270828247
0.5852168798446655
0.6961910128593445
0.8252185583114624
0.6452099084854126
0.6212610006332397
0.7794886827468872
0.6022248268127441
0.7684980630874634
0.5754425525665283
0.731867790222168
0.8234617710113525
0.7983158826828003
0.850543737411499
0.8059191703796387
0.6673105359077454
0.8043438196182251
0.7083315253257751
0.6585549116134644
0.6717815399169922
0.7431378364562988
0.6268147230148315
0.7695430517196655
0.7959375381469727
0.6992936134338379
0.6611617803573608
0.6964569091796875
0.7361136674880981
0.6932754516601562
0.698549747467041
0.7277990579605103
0.7081058025360107
0.776457667350769
0.7735693454742432
0.7293049097061157
0.8282214403152466
0.8078747987747192
0.8111376762390137
0.751245379447937
0.7146427631378174
0.7913559675216675
0.7259169816970825
0.667646050453186
0.7360109090805054
0.6750189065933228
0.6933917999267578
0.759723424911499
0.7136458158493042
0.7108358144760132
0.7864763736724854
0.7801483869552612
0.8035627603530884
0.7750259637832642
0.8364261388778687
0.7764925956726074
0.72917640209198
0.6757128238677979
0.6813488602638245
0.7697064876556396
0.5534346103668213
0.7981910705566406
0.7946962118148804
0.7606493234634399
0.8001333475112915
0.7886730432510376
0.7930163145065308
0.8137565851211548
0.7015827894210815
0.5111083984375
0.5713135600090027
0.743441104888916
0.7208442687988281
0.7963153123855591
0.6934603452682495
0.8321093320846558
0.8316986560821533
0.7433396577835083
0.7190884351730347
0.805512547492981
0.693856418132782
0.8589999675750732
0.8098580837249756
0.8405801057815552
0.7188040018081665
0.7741049528121948
0.7141448259353638
0.7799428701400757
0.7375727891921997
0.6910649538040161
0.7484616041183472
0.8105250597000122
0.7808102369308472
0.7749693393707275
0.8776919841766357
0.7834196090698242
0.639330267906189
0.763076663017273
0.7879585027694702
0.8057069778442383
0.7421071529388428
0.8069436550140381
0.8672637939453125
0.6396307349205017
0.763616681098938
0.8329916000366211
0.7425675392150879
0.6332179307937622
0.8415272235870361
0.6341601610183716
0.6527019739151001
0.778375506401062
0.6218001842498779
0.8243623971939087
0.7312983274459839
0.6500144004821777
0.8032433986663818
0.7272762060165405
0.7911207675933838
0.7681084871292114
0.6456270217895508
0.5722569227218628
0.7806229591369629
0.8176116943359375
0.6844675540924072
0.695421576499939
0.8510867357254028
0.7161540389060974
0.7371476888656616
0.7920509576797485
0.7616500854492188
0.7962900400161743
0.6987027525901794
0.6524173617362976
0.7175257205963135
0.7688652276992798
0.7058562636375427
0.7360278367996216
0.7778224945068359
0.7938398122787476
0.7069301605224609
0.8180917501449585
0.7689881324768066
0.7902520895004272
0.6759916543960571
0.8056695461273193
0.8256055116653442
0.7553201913833618
0.6709975004196167
0.8161532878875732
0.6657760143280029
0.84919273853302
0.8321371078491211
0.7905731201171875
0.7547093629837036
0.8218120336532593
0.7661120891571045
0.7835533618927002
0.686203122138977
0.721917986869812
0.6840180158615112
0.6490541696548462
0.7979240417480469
0.7523006200790405
0.817844033241272
0.7357350587844849
0.6461908221244812
0.7640203237533569
0.7716405391693115
0.7206745147705078
0.6897351741790771
0.798210859298706
0.8034632205963135
0.7947132587432861
0.7766276597976685
0.6916394829750061
0.8513624668121338
0.6602722406387329
0.7405909299850464
0.702519416809082
0.8187086582183838
0.7388967275619507
0.6871647834777832
0.872482419013977
0.7471432685852051
0.6776708364486694
0.7783025503158569
0.7875747680664062
0.7237546443939209
0.6591651439666748
0.8018709421157837
0.7644493579864502
0.8127883672714233
0.8171221017837524
0.6994003057479858
0.6965410709381104
0.7557743787765503
0.7151367664337158
0.6284834146499634
0.6615657806396484
0.8304775953292847
0.8013558387756348
0.6970337629318237
0.7803362607955933
0.845107913017273
0.7486486434936523
0.7360153198242188
0.7859557867050171
0.7394604682922363
0.7240408658981323
0.7680531740188599
0.7283036708831787
0.708240270614624
0.7864665985107422
0.7199561595916748
0.7217521667480469
0.6447194814682007
0.7863019704818726
0.7871463298797607
0.8251968622207642
0.7827030420303345
0.772555947303772
0.7847309112548828
0.7226334810256958
0.7153551578521729
0.7334963083267212
0.8057118654251099
0.7907910346984863
0.7801855802536011
0.6570197343826294
0.7038306593894958
0.6611597537994385
0.7743505239486694
0.7634981870651245
0.6883283853530884
0.8747274875640869
0.8197088241577148
0.8368724584579468
0.7065032720565796
0.5710312128067017
0.8073748350143433
0.6854730844497681
0.8537317514419556
0.6844980716705322
0.7598158121109009
0.5948328971862793
0.7624235153198242
0.7425845861434937
0.8619683980941772
0.829836368560791
0.8742812871932983
0.8107188940048218
0.734980583190918
0.8203601837158203
0.7013062238693237
0.7834908962249756
0.7941921949386597
0.8245121240615845
0.7924009561538696
0.7170723676681519
0.7523977756500244
0.811253547668457
0.8057664632797241
0.7742468118667603
0.7015124559402466
0.6151095628738403
0.6426312327384949
0.7598830461502075
0.76823890209198
0.8213579654693604
0.7388423681259155
0.7931315898895264
0.7841063737869263
0.8001500368118286
0.7218761444091797
0.6240897178649902
0.795547604560852
0.8157873153686523
0.6205476522445679
0.8532646894454956
0.8050795793533325
0.7145199775695801
0.7794767618179321
0.7950868606567383
0.7554534673690796
0.7698462009429932
0.8826117515563965
0.8420722484588623
0.8076961040496826
0.769300103187561
0.7588212490081787
0.7829399108886719
0.796370267868042
0.7885687351226807
0.6789101362228394
0.7026458978652954
0.7525420188903809
0.7145335674285889
0.6844605207443237
0.7813519239425659
0.8818506002426147
0.6895849704742432
0.7624374628067017
0.7135218381881714
0.8047494888305664
0.7642524242401123
0.804370641708374
0.7111977338790894
0.7643183469772339
0.6084402799606323
0.6425514817237854
0.8044559955596924
0.6917953491210938
0.6586849689483643
0.7159135937690735
0.6902389526367188
0.7054445743560791
0.800909161567688
0.7472928762435913
0.8775382041931152
0.692537784576416
0.6697571277618408
0.6314123868942261
0.7915881872177124
0.7798366546630859
0.7427637577056885
0.7559189796447754
0.7029151916503906
0.7550798654556274
0.8390061855316162
0.8680893182754517
0.7045404314994812
0.8346503973007202
0.7992511987686157
0.6809614896774292
0.8540315628051758
0.6566827893257141
0.6286557912826538
0.753409743309021
0.7717770338058472
0.76121985912323
0.7706058025360107
0.7883248329162598
0.6890952587127686
0.6292110085487366
0.745202898979187
0.8478004932403564
0.7956894636154175
0.7746351957321167
0.8045459985733032
0.689038097858429
0.7925456762313843
0.7920604944229126
0.835734486579895
0.8491997718811035
0.6777799129486084
0.7016005516052246
0.7623816728591919
0.5517469644546509
0.738223671913147
0.7757352590560913
0.7424278259277344
0.8348680734634399
0.8156794309616089
0.7053397297859192
0.7192660570144653
0.7910127639770508
0.5369516611099243
0.7756780385971069
0.8253763914108276
0.7161716222763062
0.8010044097900391
0.7007972002029419
0.8111461400985718
0.8066017627716064
0.8359633684158325
0.8061457872390747
0.7039241790771484
0.7900055646896362
0.8128724098205566
0.7801620960235596
0.7949181795120239
0.564961314201355
0.740761399269104
0.783057689666748
0.6223996877670288
0.7926652431488037
0.7623041868209839
0.8277643918991089
0.8465954065322876
0.6700774431228638
0.7447558641433716
0.7816594839096069
0.8106117248535156
0.8304299116134644
0.785535454750061
0.758090615272522
0.71895432472229
0.7559418678283691
0.7747304439544678
0.7496569156646729
0.7509424686431885
0.8185665607452393
0.6736690998077393
0.7243009805679321
0.7936558723449707
0.7922223806381226
0.7411235570907593
0.8420966863632202
0.8065533638000488
0.7780215740203857
0.7640557289123535
0.8421404361724854
0.8372457027435303
0.7854716777801514
0.728116512298584
0.8480640649795532
0.6991895437240601
0.7291043996810913
0.6152032017707825
0.8573143482208252
0.8068935871124268
0.8001194000244141
0.6870989799499512
0.7479218244552612
0.7148432731628418
0.836448073387146
0.7762306928634644
0.6869581937789917
0.7060525417327881
0.710140585899353
0.8287931680679321
0.7235603332519531
0.7092363834381104
0.8289753198623657
0.8396886587142944
0.6905772686004639
0.6674944162368774
0.7533390522003174
0.8069615364074707
0.8163182735443115
0.6365323066711426
0.7159568071365356
0.5921511054039001
0.5670611262321472
0.6387208700180054
0.7236517667770386
0.785252571105957
0.8517739772796631
0.8023074865341187
0.7532843351364136
0.7749538421630859
0.7095447778701782
0.7724305391311646
0.865204930305481
0.6949362754821777
0.7124322652816772
0.8173750638961792
0.5496369004249573
0.7907117605209351
0.8035434484481812
0.7722222805023193
0.7959277629852295
0.71357661485672
0.8026423454284668
0.6578989028930664
0.6508577466011047
0.7319966554641724
0.660213053226471
0.8508118391036987
0.8090000152587891
0.7422168254852295
0.7395886182785034
0.7602332830429077
0.826061487197876
0.7744590044021606
0.7674893140792847
0.8239861726760864
0.7624068260192871
0.8153952360153198
0.8234339952468872
0.6821566224098206
0.6579748392105103
0.7718757390975952
0.7742869853973389
0.7060039043426514
0.702195405960083
0.8117612600326538
0.647660493850708
0.714382529258728
0.7934681177139282
0.7767132520675659
0.8178678750991821
0.818112850189209
0.7847635746002197
0.7485692501068115
0.7171374559402466
0.6276366710662842
0.5968046188354492
0.8179131746292114
0.8213609457015991
0.7226487398147583
0.8172578811645508
0.608533501625061
0.7252790927886963
0.6409395337104797
0.7945908308029175
0.7915549278259277
0.7734761238098145
0.7214493751525879
0.7829645872116089
0.7193135023117065
0.8007999658584595
0.8046087026596069
0.739167332649231
0.7995522022247314
0.8802788257598877
0.7783427238464355
0.7213399410247803
0.8269546031951904
0.6098785996437073
0.5969458222389221
0.7256374359130859
0.7432112693786621
0.7789582014083862
0.8302764892578125
0.8304909467697144
0.763916015625
0.6118797063827515
0.7281428575515747
0.6861177682876587
0.7967952489852905
0.7612506151199341
0.6922359466552734
0.7819396257400513
0.7947585582733154
0.718225359916687
0.7234460115432739
0.7998964786529541
0.7029094696044922
0.5097668170928955
0.7291833162307739
0.724844217300415
0.6228336095809937
0.843703031539917
0.7924169301986694
0.7563905715942383
0.8166290521621704
0.6454724073410034
0.8178960084915161
0.798312783241272
0.719111442565918
0.8109351396560669
0.6990174055099487
0.7507345676422119
0.7124403715133667
0.7783271074295044
0.7052402496337891
0.7891616821289062
0.805094838142395
0.6924947500228882
0.7929267883300781
0.7571402788162231
0.7611409425735474
0.7670043706893921
0.5223908424377441
0.8153048753738403
0.7796882390975952
0.6665596961975098
0.682115912437439
0.7461917400360107
0.7044018507003784
0.7721152305603027
0.7875827550888062
0.8660047054290771
0.8486424684524536
0.6475138068199158
0.7934243679046631
0.7386877536773682
0.6214394569396973
0.7635766267776489
0.8246810436248779
0.8101037740707397
0.8517682552337646
0.7405595779418945
0.7911242246627808
0.787263035774231
0.6610699892044067
0.6957035064697266
0.6356388330459595
0.6327564716339111
0.8454374074935913
0.6611618995666504
0.6491881012916565
0.6801564693450928
0.754616379737854
0.6872401237487793
0.7842516899108887
0.7962784767150879
0.5660852193832397
0.7301520109176636
0.8573586940765381
0.656538724899292
0.7490895986557007
0.7817385196685791
0.872409462928772
0.7204984426498413
0.7790597677230835
0.7744957208633423
0.7938705682754517
0.8298110961914062
0.800834059715271
0.6847143769264221
0.7824792861938477
0.6492167711257935
0.7529482841491699
0.8583881855010986
0.6353678703308105
0.8042356967926025
0.7486326694488525
0.7988724708557129
0.718698263168335
0.7846344709396362
0.8332794904708862
0.6885178089141846
0.7684739828109741
0.7777529954910278
0.8400743007659912
0.6468597650527954
0.5956188440322876
0.7507600784301758
0.8198405504226685
0.7059111595153809
0.7657839059829712
0.8136528730392456
0.7619909048080444
0.7287818193435669
0.6659752726554871
0.7953134775161743
0.7776975631713867
0.7741211652755737
0.7589911222457886
0.7824424505233765
0.6134035587310791
0.6623091697692871
0.79047691822052
0.6522284746170044
0.7741554975509644
0.7782753705978394
0.8151980638504028
0.7719186544418335
0.6550026535987854
0.7958483695983887
0.7204660177230835
0.5816315412521362
0.794721245765686
0.7558341026306152
0.7432756423950195
0.7957676649093628
0.7938719987869263
0.7521159648895264
0.7817492485046387
0.7787983417510986
0.7900794744491577
0.7326580286026001
0.7023983001708984
0.8256123065948486
0.8106087446212769
0.7326897382736206
0.7689367532730103
0.8315671682357788
0.7867821455001831
0.6517904996871948
0.6722002029418945
0.6919220089912415
0.7755841016769409
0.7670849561691284
0.7672526836395264
0.8312944173812866
0.7607698440551758
0.6979905962944031
0.7409085035324097
0.696137547492981
0.6553108096122742
0.8062416315078735
0.6875038146972656
0.7848799228668213
0.7154889106750488
0.6819852590560913
0.6962321996688843
0.7209168672561646
0.7727063894271851
0.7211204767227173
0.7788302898406982
0.6631702780723572
0.8521132469177246
0.7283177375793457
0.7671341896057129
0.7856920957565308
0.808181881904602
0.6680291891098022
0.8041090965270996
0.8123213052749634
0.7949401140213013
0.7967027425765991
0.8070430755615234
0.7209751605987549
0.6769546270370483
0.6165593862533569
0.7699333429336548
0.8532021045684814
0.7979462146759033
0.7591514587402344
0.7445347309112549
0.773810863494873
0.7608692646026611
0.8251277208328247
0.7477644681930542
0.6838793158531189
0.7467674016952515
0.769464373588562
0.6873667240142822
0.7590471506118774
0.6737363338470459
0.7196171283721924
0.7607251405715942
0.7086106538772583
0.8234583139419556
0.6439090967178345
0.766243577003479
0.7153997421264648
0.6687384843826294
0.7990927696228027
0.6411062479019165
0.6746547222137451
0.7219985723495483
0.6547295451164246
0.7097722291946411
0.758185863494873
0.8150640726089478
0.5904698371887207
0.6373500823974609
0.7053991556167603
0.8554677963256836
0.6817957162857056
0.8025047779083252
0.7905391454696655
0.8309624195098877
0.6515998840332031
0.7069833278656006
0.8677797317504883
0.7900768518447876
0.6534940004348755
0.7811808586120605
0.821683406829834
0.7706656455993652
0.7417153120040894
0.7179082632064819
0.7942886352539062
0.7524210214614868
0.8086575269699097
0.8120979070663452
0.8242429494857788
0.6598899960517883
0.6795771718025208
0.8336119651794434
0.7628904581069946
0.8667017221450806
0.8271917104721069
0.7982958555221558
0.8399685621261597
0.6628313064575195
0.7499923706054688
0.8085083961486816
0.8033148050308228
0.7719473838806152
0.7120816707611084
0.7167736291885376
0.7950618267059326
0.6531919240951538
0.7746031284332275
0.7997262477874756
0.7539950609207153
0.6829856634140015
0.7721593379974365
0.8310028314590454
0.8045002222061157
0.8396997451782227
0.6832894086837769
0.7573239803314209
0.7433061599731445
0.6475058794021606
0.5413088798522949
0.7112461924552917
0.7638969421386719
0.7263633012771606
0.83453369140625
0.78398597240448
0.7462997436523438
0.7039587497711182
0.7606812715530396
0.6636053323745728
0.7809896469116211
0.7977981567382812
0.800085186958313
0.7850538492202759
0.7024100422859192
0.6889192461967468
0.7181802988052368
0.713779091835022
0.7971276044845581
0.7506167888641357
0.6196105480194092
0.8334488868713379
0.7543002367019653
0.7600889205932617
0.7351458072662354
0.7093833088874817
0.6596630811691284
0.7162070870399475
0.7860867977142334
0.8292422294616699
0.7038760185241699
0.6834343671798706
0.7051126956939697
0.8460108041763306
0.8060483932495117
0.7389189004898071
0.8292144536972046
0.7245528697967529
0.7983348369598389
0.7565754652023315
0.7383815050125122
0.7978391647338867
0.7070084810256958
0.7913941144943237
0.8402085304260254
0.7875878810882568
0.7780579328536987
0.8111974000930786
0.7228230237960815
0.7564816474914551
0.7955173254013062
0.8045175075531006
0.7125036716461182
0.7990080118179321
0.8035622835159302
0.7973790168762207
0.724187970161438
0.7677444219589233
0.789645791053772
0.7797524929046631
0.6624374389648438
0.7025989294052124
0.715267539024353
0.7990472316741943
0.811843991279602
0.8084883689880371
0.6752878427505493
0.7226619720458984
0.7915741205215454
0.6633968949317932
0.7360143661499023
0.7633745670318604
0.8326625823974609
0.823944091796875
0.8133717775344849
0.7018402814865112
0.8014496564865112
0.7967890501022339
0.7474910020828247
0.7420148849487305
0.7819045782089233
0.7396364212036133
0.7008810639381409
0.7946852445602417
0.7992086410522461
0.5858134031295776
0.7847137451171875
0.7792400121688843
0.7205781936645508
0.7152994871139526
0.8273423910140991
0.711795449256897
0.7648985385894775
0.8837016820907593
0.8191366195678711
0.7541139125823975
0.8249698877334595
0.7617471218109131
0.61907958984375
0.817641019821167
0.6900860071182251
0.6752631664276123
0.6919593811035156
0.6773521900177002
0.8273035287857056
0.8328977823257446
0.7876503467559814
0.7660225629806519
0.7160235643386841
0.7078428268432617
0.7932006120681763
0.7794406414031982
0.693850576877594
0.886157751083374
0.8328239917755127
0.7872297763824463
0.7459111213684082
0.807524561882019
0.7855206727981567
0.8000657558441162
0.7867231369018555
0.7055422067642212
0.8104469776153564
0.7096695899963379
0.794991135597229
0.7207245826721191
0.7783669233322144
0.8315620422363281
0.6618443727493286
0.6939943432807922
0.62495356798172
0.8513460159301758
0.7905821800231934
0.8278020620346069
0.576195240020752
0.7103665471076965
0.6855354309082031
0.7913339138031006
0.6779511570930481
0.7492308616638184
0.6430108547210693
0.6385890245437622
0.7967100143432617
0.6770229935646057
0.8096737861633301
0.8081963062286377
0.7524764537811279
0.8387963771820068
0.7631169557571411
0.7899028062820435
0.8392589092254639
0.6497416496276855
0.8071489334106445
0.8075330257415771
0.8357605934143066
0.6298383474349976
0.7883682250976562
0.6934660077095032
0.7282640933990479
0.6778988838195801
0.7141778469085693
0.7431784868240356
0.7968260049819946
0.6916584968566895
0.7608463764190674
0.64762282371521
0.8253114223480225
0.7260220050811768
0.6684223413467407
0.7841287851333618
0.7490973472595215
0.7897281646728516
0.8230869770050049
0.7978799343109131
0.7372733354568481
0.7607159614562988
0.8313237428665161
0.7902189493179321
0.6982578039169312
0.7698143720626831
0.7682428359985352
0.542967677116394
0.77773118019104
0.6239510774612427
0.6671215295791626
0.7606476545333862
0.7813988924026489
0.6623692512512207
0.7433171272277832
0.8482469320297241
0.7517683506011963
0.6858023405075073
0.7325087785720825
0.6537388563156128
0.5639119148254395
0.7639784812927246
0.7057234048843384
0.7820522785186768
0.7838273048400879
0.667758584022522
0.7178412675857544
0.6602557897567749
0.676728367805481
0.752822756767273
0.7715113162994385
0.7819223403930664
0.7485060691833496
0.6441800594329834
0.7365667819976807
0.7347779273986816
0.7658748626708984
0.7820168733596802
0.7945088148117065
0.538973331451416
0.7241636514663696
0.6941901445388794
0.8060942888259888
0.819884181022644
0.7883177995681763
0.700698733329773
0.5388940572738647
0.7981691360473633
0.7486344575881958
0.8008823394775391
0.7942420244216919
0.7006714940071106
0.8243377208709717
0.8031843900680542
0.7790707349777222
0.8419678211212158
0.6814754009246826
0.6830066442489624
0.7590556144714355
0.754249095916748
0.777512788772583
0.743262767791748
0.7980047464370728
0.7619972229003906
0.6302608251571655
0.695818305015564
0.7452617883682251
0.6796435117721558
0.8044813871383667
0.7132154703140259
0.6541618704795837
0.7633767127990723
0.741500735282898
0.8295372724533081
0.6725486516952515
0.7237286567687988
0.5921255350112915
0.8711494207382202
0.754491925239563
0.759164571762085
0.7470242977142334
0.6957329511642456
0.802436113357544
0.7416115999221802
0.6260595321655273
0.6931525468826294
0.7889224290847778
0.8099250793457031
0.6439783573150635
0.7813856601715088
0.7211421728134155
0.7164359092712402
0.5961349010467529
0.7991981506347656
0.7597202062606812
0.8180876970291138
0.735223650932312
0.7345876693725586
0.6135512590408325
0.8653063774108887
0.8010010719299316
0.5750759840011597
0.5184928178787231
0.8590068817138672
0.67441725730896
0.7970620393753052
0.7984143495559692
0.6530402898788452
0.7768709659576416
0.8289200067520142
0.5430219769477844
0.6172745227813721
0.7901815176010132
0.8086464405059814
0.790996789932251
0.7881606817245483
0.8937499523162842
0.6541100740432739
0.6928472518920898
0.7866837978363037
0.7137441635131836
0.49535587430000305
0.7741012573242188
0.7933858633041382
0.7023173570632935
0.7886861562728882
0.7843219041824341
0.7430338859558105
0.8456989526748657
0.8146802186965942
0.7475544214248657
0.6357449293136597
0.6883105039596558
0.6436324119567871
0.7059091925621033
0.8171180486679077
0.7742985486984253
0.6940419673919678
0.5484269857406616
0.7706513404846191
0.7902208566665649
0.792319655418396
0.7315069437026978
0.7660146951675415
0.8152251243591309
0.7828618288040161
0.8062137365341187
0.842997670173645
0.8205610513687134
0.7272849082946777
0.7887152433395386
0.7288707494735718
0.6707003116607666
0.7564456462860107
0.5714545249938965
0.7769287824630737
0.832239031791687
0.6888575553894043
0.7650107145309448
0.6991259455680847
0.8212400674819946
0.8185563087463379
0.8107997179031372
0.7026283740997314
0.6991561651229858
0.7784532308578491
0.7501101493835449
0.712378978729248
0.8233667612075806
0.7753186225891113
0.7840180397033691
0.7960687875747681
0.7863258123397827
0.804112434387207
0.655005931854248
0.805753231048584
0.7461022138595581
0.7925102710723877
0.6703769564628601
0.8708493709564209
0.6316632032394409
0.8462923765182495
0.7029520273208618
0.7067410349845886
0.8613120317459106
0.7970643043518066
0.7593852281570435
0.8158649206161499
0.7834088802337646
0.6833990812301636
0.6723339557647705
0.7143237590789795
0.7155566215515137
0.834575891494751
0.6688780784606934
0.7867344617843628
0.8010075092315674
0.775550127029419
0.7740527391433716
0.808846116065979
0.7481824159622192
0.780153751373291
0.7598612308502197
0.7721614837646484
0.7152716517448425
0.5801596641540527
0.776461124420166
0.7320641279220581
0.7154693603515625
0.6739120483398438
0.6447703838348389
0.8139535188674927
0.8212292194366455
0.818456768989563
0.7433335781097412
0.6360846757888794
0.7337584495544434
0.5838495492935181
0.7842749357223511
0.7651878595352173
0.7424566745758057
0.7900353670120239
0.7808784246444702
0.7176478505134583
0.7706438302993774
0.8411625623703003
0.8177412748336792
0.7268909215927124
0.7678717374801636
0.6397164463996887
0.8060795068740845
0.7861734628677368
0.7013225555419922
0.835694432258606
0.7414393424987793
0.777897834777832
0.6486762762069702
0.7941135168075562
0.7340633869171143
0.8043472766876221
0.7865380048751831
0.8539022207260132
0.6330695152282715
0.7903690338134766
0.8118103742599487
0.8499147891998291
0.6986479759216309
0.857435941696167
0.79604172706604
0.7928200960159302
0.7394275665283203
0.7427645921707153
0.8165054321289062
0.7342768907546997
0.8192646503448486
0.83713698387146
0.7736541032791138
0.7362676858901978
0.8423783779144287
0.6332317590713501
0.7826606035232544
0.697995662689209
0.7810710668563843
0.7686312198638916
0.722594141960144
0.8183823823928833
0.7730568647384644
0.776091456413269
0.7813898324966431
0.6389224529266357
0.8325047492980957
0.600150465965271
0.6035017371177673
0.7729425430297852
0.6805891394615173
0.8206000328063965
0.7972977161407471
0.7711889743804932
0.8183139562606812
0.7032119035720825
0.6102468967437744
0.6921499967575073
0.7161434888839722
0.8425374031066895
0.7879164218902588
0.6686177253723145
0.7203370332717896
0.7116578817367554
0.5842324495315552
0.7757213115692139
0.8105567693710327
0.6979508399963379
0.75800621509552
0.703626275062561
0.6124891042709351
0.8242894411087036
0.6818220615386963
0.82715904712677
0.6981390714645386
0.6502814888954163
0.8285938501358032
0.7106629610061646
0.7066131830215454
0.5546114444732666
0.7652454376220703
0.755273699760437
0.7820775508880615
0.6997774839401245
0.8301036357879639
0.602319061756134
0.7870233058929443
0.8630058765411377
0.745742917060852
0.7766064405441284
0.6050949096679688
0.8302110433578491
0.679126501083374
0.7754949331283569
0.6085891723632812
0.7529854774475098
0.8233168125152588
0.7184494137763977
0.7343326807022095
0.8058092594146729
0.6548030376434326
0.8250693082809448
0.6876153945922852
0.7621282339096069
0.769906759262085
0.7054879665374756
0.6595543622970581
0.7884290218353271
0.7641162872314453
0.6844584941864014
0.8141176700592041
0.7000115513801575
0.7948646545410156
0.7527093887329102
0.5305906534194946
0.6871027946472168
0.7881418466567993
0.6557799577713013
0.8202012777328491
0.8180723190307617
0.6660037636756897
0.7082992792129517
0.6417583227157593
0.689866304397583
0.7604626417160034
0.6558736562728882
0.8193104267120361
0.6729899644851685
0.8231788873672485
0.6601501703262329
0.6877902746200562
0.6808217763900757
0.7704300880432129
0.7612539529800415
0.7785780429840088
0.8119479417800903
0.7560573816299438
0.6464307308197021
0.8045343160629272
0.8021012544631958
0.8083930015563965
0.7538468837738037
0.8112571239471436
0.7848978042602539
0.769609808921814
0.842147946357727
0.663963258266449
0.7563484907150269
0.6502777338027954
0.6432771682739258
0.8232868909835815
0.780658483505249
0.7137874364852905
0.7838859558105469
0.6460342407226562
0.7934043407440186
0.6503205895423889
0.8252931833267212
0.7171683311462402
0.7007803916931152
0.5563598871231079
0.8470826148986816
0.8426513671875
0.7982617616653442
0.6839370727539062
0.7880786657333374
0.8155258893966675
0.6131863594055176
0.6419333815574646
0.7626993656158447
0.6567854881286621
0.7947546243667603
0.8221601247787476
0.6440767049789429
0.7370427846908569
0.6602797508239746
0.7617217302322388
0.7986929416656494
0.7942906618118286
0.6300071477890015
0.7928140163421631
0.7999986410140991
0.8609120845794678
0.8497246503829956
0.723102331161499
0.8079055547714233
0.7000924348831177
0.8741155862808228
0.639387845993042
0.7284908294677734
0.798810601234436
0.6745418310165405
0.5417425632476807
0.7595462799072266
0.8062752485275269
0.7009903192520142
0.7560701370239258
0.7766529321670532
0.7007476091384888
0.711919903755188
0.801485538482666
0.7938839197158813
0.7629878520965576
0.8097343444824219
0.6641544103622437
0.7062163352966309
0.8266215324401855
0.6737962961196899
0.8020533323287964
0.7958221435546875
0.74507737159729
0.715985894203186
0.6382637023925781
0.6658728718757629
0.7828842401504517
0.5710760354995728
0.7669634819030762
0.868066668510437
0.6777796745300293
0.7780649662017822
0.6701899170875549
0.635992169380188
0.7873680591583252
0.6873061656951904
0.7172712683677673
0.8162682056427002
0.7863566875457764
0.7847733497619629
0.7456128597259521
0.696707010269165
0.8087328672409058
0.6710128784179688
0.7756587266921997
0.8015258312225342
0.8061636686325073
0.8495105504989624
0.7950557470321655
0.6795130968093872
0.7997523546218872
0.7868877649307251
0.778111457824707
0.705550491809845
0.7870767116546631
0.8243904113769531
0.8288072347640991
0.7407125234603882
0.832846999168396
0.7840794324874878
0.7709296941757202
0.7194473743438721
0.8287633657455444
0.8073614835739136
0.8184658288955688
0.8337960243225098
0.8138409852981567
0.7160462737083435
0.8225841522216797
0.5660154819488525
0.6571469306945801
0.7038615942001343
0.8740286827087402
0.7585810422897339
0.8322130441665649
0.7724796533584595
0.7541232109069824
0.7966998815536499
0.8504993915557861
0.7945833206176758
0.7537052631378174
0.8317661285400391
0.6968389749526978
0.6908201575279236
0.8196841478347778
0.7822830677032471
0.6714677810668945
0.6873288154602051
0.7225505113601685
0.8094282150268555
0.7690945863723755
0.8169186115264893
0.7790886163711548
0.8193398714065552
0.8100475072860718
0.6558459997177124
0.8096997737884521
0.6585046052932739
0.7193104028701782
0.7480720281600952
0.8117691278457642
0.8091259002685547
0.7880381345748901
0.7029597759246826
0.791354775428772
0.8256886005401611
0.7829074859619141
0.7931334972381592
0.7754546403884888
0.8143491744995117
0.6403274536132812
0.7272504568099976
0.7362468242645264
0.8032553195953369
0.7694898843765259
0.7864973545074463
0.8155889511108398
0.6443146467208862
0.6335924863815308
0.7599482536315918
0.8350125551223755
0.7650474309921265
0.807117223739624
0.7113123536109924
0.80926513671875
0.7774323225021362
0.6889709234237671
0.7740185260772705
0.8027989864349365
0.7770992517471313
0.7426126003265381
0.7857100963592529
0.6912862658500671
0.7422425746917725
0.7384351491928101
0.7826622724533081
0.6023046970367432
0.7684704065322876
0.7226629257202148
0.7778149843215942
0.8429771661758423
0.7280664443969727
0.6119520664215088
0.766191840171814
0.8120224475860596
0.5609968900680542
0.8131668567657471
0.7520178556442261
0.8104871511459351
0.7967081069946289
0.7741291522979736
0.7346847057342529
0.8091541528701782
0.651513934135437
0.785265326499939
0.704039454460144
0.7681435346603394
0.8018635511398315
0.6705165505409241
0.6908049583435059
0.8255876302719116
0.6975215673446655
0.7698831558227539
0.7571620941162109
0.8081119060516357
0.715324878692627
0.7196104526519775
0.7489222288131714
0.7937573194503784
0.7782413959503174
0.5559942722320557
0.705339252948761
0.6618435978889465
0.7857666015625
0.6953855156898499
0.7570791244506836
0.8251599073410034
0.7794389724731445
0.6152025461196899
0.7881990671157837
0.8085982799530029
0.7686392068862915
0.8074266910552979
0.7523277997970581
0.8128359317779541
0.5915225744247437
0.809917688369751
0.7934588193893433
0.8475371599197388
0.7144594192504883
0.7623004913330078
0.8521950244903564
0.8318400382995605
0.7546546459197998
0.6677736043930054
0.8138951063156128
0.6800453662872314
0.808603048324585
0.7936991453170776
0.8011847734451294
0.8269753456115723
0.6375973224639893
0.7209562063217163
0.8083369731903076
0.8497180938720703
0.77940833568573
0.7680573463439941
0.7716778516769409
0.8470828533172607
0.8001096248626709
0.7387828826904297
0.8072973489761353
0.8186999559402466
0.8023278713226318
0.8214975595474243
0.7666614055633545
0.6943007707595825
0.8421772718429565
0.7330406904220581
0.785306453704834
0.713871955871582
0.7157982587814331
0.8144991397857666
0.5869156122207642
0.8001654148101807
0.7650114297866821
0.6494441032409668
0.78266441822052
0.7365813255310059
0.857824444770813
0.7676925659179688
0.7740175724029541
0.826801061630249
0.7974612712860107
0.7404265403747559
0.7004603743553162
0.801749587059021
0.7136344909667969
0.8112534284591675
0.7716571092605591
0.7529299259185791
0.7309169769287109
0.6576379537582397
0.7914447784423828
0.7903025150299072
0.7802622318267822
0.5725445747375488
0.5972029566764832
0.8271801471710205
0.8047093152999878
0.7757164239883423
0.5504472255706787
0.6825995445251465
0.7123002409934998
0.6598504781723022
0.8072723150253296
0.728882908821106
0.8326705694198608
0.8193985223770142
0.7881208658218384
0.7700561285018921
0.8506234884262085
0.6687363386154175
0.7851047515869141
0.5984293222427368
0.7866325378417969
0.6338983774185181
0.8691408634185791
0.6715550422668457
0.6958042979240417
0.7182110548019409
0.7932871580123901
0.7428171634674072
0.6160061359405518
0.6635912656784058
0.5381907224655151
0.7397341728210449
0.6611005067825317
0.7965812683105469
0.6167194843292236
0.79463791847229
0.7105463147163391
0.6299587488174438
0.7987338304519653
0.8229097127914429
0.7918027639389038
0.7163010835647583
0.7702316045761108
0.7493925094604492
0.7210612297058105
0.7909345626831055
0.7087270021438599
0.6815280318260193
0.7908233404159546
0.6686712503433228
0.6657847166061401
0.7791337966918945
0.7332684993743896
0.6885379552841187
0.6664142608642578
0.7449511289596558
0.7583363056182861
0.7189300060272217
0.6695475578308105
0.6749979257583618
0.7458008527755737
0.5740945935249329
0.7856849431991577
0.7622847557067871
0.6276898384094238
0.5477675199508667
0.7367013692855835
0.7068811655044556
0.8022913932800293
0.8535890579223633
0.672691822052002
0.6423810124397278
0.7379401922225952
0.8157975673675537
0.7839148044586182
0.6878153085708618
0.7961636781692505
0.8284012079238892
0.8529235124588013
0.7021702527999878
0.8136870861053467
0.7815014123916626
0.7976319789886475
0.7784057855606079
0.6493077278137207
0.8196386098861694
0.7885404825210571
0.7003352642059326
0.6704331636428833
0.7818909883499146
0.8033585548400879
0.795464038848877
0.7842965126037598
0.7787518501281738
0.6614021062850952
0.7889800071716309
0.7743141651153564
0.7050998210906982
0.6637545228004456
0.8080633878707886
0.7826675176620483
0.7394454479217529
0.7811228036880493
0.7353190183639526
0.7626080513000488
0.8702517747879028
0.7884945869445801
0.654630184173584
0.7106154561042786
0.8031562566757202
0.68761146068573
0.7117277979850769
0.7310222387313843
0.7609477043151855
0.7690263986587524
0.8112614154815674
0.8031836748123169
0.8058943748474121
0.772375226020813
0.7526602745056152
0.78620445728302
0.697462797164917
0.7846536636352539
0.8086597919464111
0.774885892868042
0.7443430423736572
0.5857493877410889
0.7572736740112305
0.7854608297348022
0.7044501304626465
0.8393522500991821
0.6649950742721558
0.7275540828704834
0.7425802946090698
0.6642597913742065
0.8195980787277222
0.795093297958374
0.7819876670837402
0.6939440965652466
0.7749464511871338
0.7717180252075195
0.7046630382537842
0.7470554113388062
0.6412570476531982
0.7912865877151489
0.814751148223877
0.7848584651947021
0.6526850461959839
0.786310076713562
0.7132047414779663
0.745169997215271
0.6776224374771118
0.8123892545700073
0.7807474136352539
0.6984065771102905
0.7171905040740967
0.7386617660522461
0.7879142761230469
0.8066025972366333
0.7755345106124878
0.7245522737503052
0.7286158800125122
0.6805063486099243
0.7289769649505615
0.7149139642715454
0.7705953121185303
0.8006600141525269
0.7231019735336304
0.7897140979766846
0.7911816835403442
0.7641021013259888
0.7981414794921875
0.8057372570037842
0.7937548160552979
0.7096871137619019
0.7614387273788452
0.7797517776489258
0.8212698698043823
0.7743511199951172
0.6502785682678223
0.7832937240600586
0.727526068687439
0.8334865570068359
0.8525214195251465
0.7163349390029907
0.7834171056747437
0.8279248476028442
0.6192158460617065
0.7170571684837341
0.7808899879455566
0.6529544591903687
0.7982100248336792
0.7055021524429321
0.7122598886489868
0.7427366971969604
0.7915635108947754
0.7920850515365601
0.8028370141983032
0.7755028009414673
0.8544284105300903
0.6839383840560913
0.7461342811584473
0.8038604259490967
0.7764835357666016
0.716774582862854
0.7909187078475952
0.725306510925293
0.6705336570739746
0.6480380296707153
0.7849007844924927
0.7029566764831543
0.71684730052948
0.7743278741836548
0.7064048647880554
0.7533986568450928
0.7390061616897583
0.6503390073776245
0.8114176988601685
0.7496954202651978
0.7138407826423645
0.6906403303146362
0.5147182941436768
0.7361856698989868
0.6847454905509949
0.6346044540405273
0.6828190088272095
0.8429474830627441
0.7763770818710327
0.8324651718139648
0.7999095916748047
0.7657381296157837
0.7495639324188232
0.6519096493721008
0.766730546951294
0.7919833660125732
0.6328376531600952
0.6997958421707153
0.8410992622375488
0.5877851247787476
0.682724118232727
0.7435362339019775
0.7159644365310669
0.8270117044448853
0.650255560874939
0.7688056230545044
0.7741717100143433
0.6378689408302307
0.8142553567886353
0.6936532258987427
0.7049892544746399
0.750934362411499
0.7813595533370972
0.7453089952468872
0.7511230707168579
0.57137531042099
0.7776756286621094
0.6873885989189148
0.6560178995132446
0.668317437171936
0.6124733686447144
0.6995583772659302
0.7699267864227295
0.6885411143302917
0.7071884870529175
0.6151319742202759
0.7130355834960938
0.734238862991333
0.7500520944595337
0.7963368892669678
0.5813165903091431
0.7649654150009155
0.7203091382980347
0.6682203412055969
0.8100420236587524
0.7585408687591553
0.7454451322555542
0.8355147838592529
0.7505261898040771
0.6289783716201782
0.8121528625488281
0.7164292335510254
0.7974767684936523
0.7791998386383057
0.7774131298065186
0.8215782642364502
0.7025855779647827
0.7056698799133301
0.7777777910232544
0.7332166433334351
0.8360849618911743
0.6676187515258789
0.8035392761230469
0.7187916040420532
0.7871333360671997
0.8380249738693237
0.7946140766143799
0.7092015743255615
0.8427752256393433
0.8012232780456543
0.7831345796585083
0.7450190782546997
0.7918117046356201
0.5235596895217896
0.6536797285079956
0.7897645235061646
0.781135082244873
0.6828526258468628
0.7345998287200928
0.7816340923309326
0.826171875
0.7780365943908691
0.7719695568084717
0.8147799968719482
0.7478790283203125
0.6550675630569458
0.669035792350769
0.6819300651550293
0.7961292266845703
0.6926581263542175
0.6864422559738159
0.6846845149993896
0.7082709074020386
0.7819544076919556
0.8424466848373413
0.7447469234466553
0.7743626832962036
0.8235772848129272
0.7129378914833069
0.7902481555938721
0.765509843826294
0.720185399055481
0.7610615491867065
0.7071017622947693
0.8262094259262085
0.8066045045852661
0.8208948373794556
0.7649692296981812
0.8342524766921997
0.5942180156707764
0.8108258247375488
0.7809146642684937
0.7912214994430542
0.7288030385971069
0.6916676163673401
0.7890143394470215
0.6942365169525146
0.74013352394104
0.8252493143081665
0.7603776454925537
0.7264804840087891
0.6910945177078247
0.7877073287963867
0.7458930015563965
0.80959153175354
0.7208865880966187
0.8479974269866943
0.7474405765533447
0.7670055627822876
0.7004580497741699
0.7530978918075562
0.7356427907943726
0.6979543566703796
0.7971624135971069
0.8041719198226929
0.723665714263916
0.8121132850646973
0.8517976999282837
0.7874022722244263
0.7932385206222534
0.7397581338882446
0.7783929109573364
0.7895208597183228
0.6016727089881897
0.674214243888855
0.724062442779541
0.7145547866821289
0.7395937442779541
0.72813880443573
0.7193820476531982
0.7823913097381592
0.7767496109008789
0.6590077877044678
0.7630544900894165
0.7731673717498779
0.769453763961792
0.7168064117431641
0.7717795372009277
0.6911110877990723
0.7896223068237305
0.7350027561187744
0.7181680202484131
0.6732897758483887
0.8067445755004883
0.7629036903381348
0.8278294801712036
0.7259460687637329
0.8219212293624878
0.8331191539764404
0.7867845296859741
0.6998986005783081
0.798295259475708
0.7728281021118164
0.8536792993545532
0.8003095388412476
0.8591568470001221
0.7124338150024414
0.7540379762649536
0.7798522710800171
0.7803140878677368
0.7729150056838989
0.8491361141204834
0.754207968711853
0.7899081707000732
0.8700227737426758
0.7604806423187256
0.7070496082305908
0.8052184581756592
0.8474246263504028
0.7323566675186157
0.7827610969543457
0.6728596687316895
0.7209194898605347
0.7541663646697998
0.752331018447876
0.7020078897476196
0.823756217956543
0.8238677978515625
0.7835547924041748
0.7891937494277954
0.7966768741607666
0.6851949095726013
0.6292691826820374
0.7315077781677246
0.8080905675888062
0.7031160593032837
0.7911213636398315
0.7724001407623291
0.7774331569671631
0.8172905445098877
0.7968188524246216
0.772017240524292
0.7114505767822266
0.7888845205307007
0.7934907674789429
0.6529005765914917
0.5448621511459351
0.6992380619049072
0.822114109992981
0.7409751415252686
0.8191177845001221
0.6028287410736084
0.7002967000007629
0.757548451423645
0.7458559274673462
0.7333734035491943
0.6451961994171143
0.5240783095359802
0.6468833684921265
0.7742679119110107
0.6805970668792725
0.8375808000564575
0.8141820430755615
0.7059823274612427
0.6775689125061035
0.7111810445785522
0.7774807214736938
0.5742315053939819
0.6096402406692505
0.8519501686096191
0.7137870788574219
0.8197454214096069
0.7027710676193237
0.7395904064178467
0.734290361404419
0.7941997051239014
0.8306194543838501
0.6976114511489868
0.6604937314987183
0.6322692632675171
0.77788245677948
0.7909440994262695
0.8244518041610718
0.6883120536804199
0.7673691511154175
0.8001391887664795
0.6800416707992554
0.6530542373657227
0.7976069450378418
0.7538008689880371
0.8011103868484497
0.5328702926635742
0.8404139280319214
0.7489392757415771
0.7346320152282715
0.6552199125289917
0.8055014610290527
0.705833911895752
0.6919891834259033
0.6097975969314575
0.8567090034484863
0.7960315942764282
0.6522200703620911
0.7877765893936157
0.6273399591445923
0.7686848640441895
0.8065924644470215
0.718052864074707
0.8029459714889526
0.6351243257522583
0.7974516153335571
0.7900516986846924
0.8117815256118774
0.6670295000076294
0.8411478996276855
0.6586097478866577
0.6632225513458252
0.7914907932281494
0.621301531791687
0.7861238718032837
0.7899830341339111
0.802208423614502
0.7787593603134155
0.6049423813819885
0.6584911346435547
0.7405260801315308
0.731987476348877
0.6049872636795044
0.7253825664520264
0.6868431568145752
0.7323639392852783
0.795673131942749
0.715337872505188
0.7737174034118652
0.7183791399002075
0.7853082418441772
0.8161653280258179
0.7026793956756592
0.7982255220413208
0.7362445592880249
0.7602719068527222
0.6607245206832886
0.7665212154388428
0.7785614728927612
0.7540057897567749
0.7429189682006836
0.6892380714416504
0.7635960578918457
0.6984395980834961
0.6266309022903442
0.7490823268890381
0.7685154676437378
0.7730939388275146
0.7191694974899292
0.8143877983093262
0.7468483448028564
0.8698687553405762
0.7791944742202759
0.6954439878463745
0.7767513990402222
0.5750744342803955
0.6818687915802002
0.8533611297607422
0.7904485464096069
0.8033075332641602
0.7555453777313232
0.7807486057281494
0.8347560167312622
0.8719937801361084
0.8105934858322144
0.7967592477798462
0.7158094048500061
0.7914785146713257
0.8583686351776123
0.7729814052581787
0.6514188647270203
0.7763671875
0.749370813369751
0.7342429161071777
0.6674095392227173
0.6502224206924438
0.7143754959106445
0.822678804397583
0.8059548139572144
0.7597867250442505
0.7765957117080688
0.7887775897979736
0.7609946727752686
0.6559300422668457
0.7583738565444946
0.7390245199203491
0.6466616988182068
0.694583535194397
0.839820146560669
0.7798073291778564
0.54987633228302
0.7594878673553467
0.76055908203125
0.7234718799591064
0.8256522417068481
0.790410041809082
0.7034603357315063
0.7714518308639526
0.789484977722168
0.8544125556945801
0.5977391004562378
0.718260645866394
0.749800443649292
0.7057325839996338
0.8118623495101929
0.753233790397644
0.7768917083740234
0.6240927577018738
0.6959271430969238
0.7890129089355469
0.6895588636398315
0.8228511810302734
0.8244792222976685
0.803615927696228
0.8375517129898071
0.8067591190338135
0.8155747652053833
0.6355470418930054
0.736656665802002
0.6250506043434143
0.7779433727264404
0.7560759782791138
0.7938439846038818
0.7956056594848633
0.7058519124984741
0.8379824161529541
0.7395498752593994
0.8088357448577881
0.6719563007354736
0.7907977104187012
0.761223554611206
0.8646944761276245
0.6919604539871216
0.6738442182540894
0.6854455471038818
0.7331005334854126
0.573387622833252
0.7635525465011597
0.8198180198669434
0.7570594549179077
0.8304837942123413
0.767371416091919
0.781164288520813
0.749079704284668
0.6610748767852783
0.8480057716369629
0.6806808710098267
0.7341357469558716
0.8415899276733398
0.7875156402587891
0.764472484588623
0.7348418235778809
0.7158563137054443
0.7976738214492798
0.7275161743164062
0.778638482093811
0.7430673837661743
0.708032488822937
0.7412523031234741
0.7452148199081421
0.7359519004821777
0.7465585470199585
0.7666783332824707
0.6647127866744995
0.714227020740509
0.7673225402832031
0.8749164342880249
0.7889163494110107
0.8214322328567505
0.7267533540725708
0.859555721282959
0.7814368009567261
0.8182113170623779
0.7600289583206177
0.7086553573608398
0.6989792585372925
0.7525246143341064
0.7908343076705933
0.6855915784835815
0.8386635780334473
0.7978843450546265
0.7618840932846069
0.773914098739624
0.8034301996231079
0.8376597166061401
0.5983937978744507
0.7747597694396973
0.8122397661209106
0.7334656715393066
0.7492245435714722
0.8503220081329346
0.5848947763442993
0.6156098246574402
0.7680076360702515
0.7278389930725098
0.7528073787689209
0.6956683397293091
0.7917741537094116
0.6423672437667847
0.7810049057006836
0.7147454023361206
0.7319016456604004
0.5056760311126709
0.7961167097091675
0.7997417449951172
0.8020756244659424
0.844650149345398
0.7821247577667236
0.651819109916687
0.637265682220459
0.7998915910720825
0.748137354850769
0.6963307857513428
0.6660140752792358
0.8081732988357544
0.7592523097991943
0.7798086404800415
0.8606710433959961
0.7606790065765381
0.8059492111206055
0.8086317777633667
0.7805842161178589
0.7861440181732178
0.8260077238082886
0.7863283157348633
0.6671024560928345
0.7510218620300293
0.777540922164917
0.6630387306213379
0.8052815198898315
0.6544089913368225
0.7040507793426514
0.8144357204437256
0.68674635887146
0.7242850065231323
0.5456112027168274
0.8900455236434937
0.7071131467819214
0.78096604347229
0.7833378314971924
0.7809722423553467
0.7992092370986938
0.6991989612579346
0.6902245283126831
0.6647900342941284
0.8263312578201294
0.7450500726699829
0.8055356740951538
0.7351149320602417
0.8287763595581055
0.6041146516799927
0.8372538089752197
0.8203771114349365
0.6834714412689209
0.779860258102417
0.7987526655197144
0.681067705154419
0.7768826484680176
0.7908170223236084
0.8517987728118896
0.8178212642669678
0.5919057130813599
0.7878748178482056
0.7817883491516113
0.6706034541130066
0.7779138088226318
0.7829922437667847
0.7014414072036743
0.7643742561340332
0.6807522177696228
0.8148796558380127
0.8517758846282959
0.747045636177063
0.6442655324935913
0.7895207405090332
0.8379169702529907
0.8441040515899658
0.6741285920143127
0.8624628782272339
0.7575582265853882
0.7838640213012695
0.6113018989562988
0.7771060466766357
0.6127523183822632
0.7081607580184937
0.6637715101242065
0.7350969314575195
0.7219042778015137
0.6744011044502258
0.8067229986190796
0.7863231897354126
0.7492032051086426
0.7301114797592163
0.7608946561813354
0.792497992515564
0.7623744010925293
0.8672726154327393
0.7064225673675537
0.6908816695213318
0.7854053974151611
0.6291570663452148
0.7543392181396484
0.8170075416564941
0.7809460163116455
0.7615751028060913
0.7772390842437744
0.6921526193618774
0.6561235785484314
0.744286298751831
0.6265170574188232
0.7746717929840088
0.8219790458679199
0.5670269727706909
0.6672883033752441
0.7788015604019165
0.818494439125061
0.7135840058326721
0.758690357208252
0.757524847984314
0.6754347681999207
0.7776646614074707
0.7878878116607666
0.7735042572021484
0.8448581695556641
0.6061718463897705
0.6070307493209839
0.7686346769332886
0.8730430603027344
0.8457419872283936
0.7021396160125732
0.8059204816818237
0.8203999996185303
0.8078948259353638
0.7847397327423096
0.7741446495056152
0.588280439376831
0.7819350957870483
0.8195463418960571
0.7501717805862427
0.5873569846153259
0.7465039491653442
0.6065073013305664
0.7939281463623047
0.661312460899353
0.5923934578895569
0.671519935131073
0.7344616651535034
0.7703115940093994
0.6686862707138062
0.724524736404419
0.7881251573562622
0.8099715709686279
0.8546262979507446
0.8271780014038086
0.8119091987609863
0.7788540124893188
0.6952098608016968
0.7968802452087402
0.8304637670516968
0.730054497718811
0.7011345624923706
0.77466881275177
0.7971549034118652
0.7574963569641113
0.7990610599517822
0.7332799434661865
0.7509680986404419
0.6906802654266357
0.652001142501831
0.798977255821228
0.681155264377594
0.761634111404419
0.7429728507995605
0.8292708396911621
0.6891639232635498
0.8423789739608765
0.7608797550201416
0.8028862476348877
0.8105835914611816
0.7392011880874634
0.7937772274017334
0.7388012409210205
0.7949427366256714
0.7963287830352783
0.7864431142807007
0.803846001625061
0.8479671478271484
0.8334684371948242
0.6717918515205383
0.7907649278640747
0.8313338756561279
0.6941457986831665
0.7852364778518677
0.6166055202484131
0.8701634407043457
0.7898780107498169
0.8544406890869141
0.6642422676086426
0.6997300386428833
0.8142925500869751
0.8764839172363281
0.7947894334793091
0.8365007638931274
0.7545697689056396
0.7793529033660889
0.7763969898223877
0.7532967329025269
0.8286087512969971
0.583238959312439
0.6831048727035522
0.812868595123291
0.8092540502548218
0.8400223255157471
0.8008052110671997
0.6637287139892578
0.6961798667907715
0.7346442937850952
0.8533368110656738
0.7866096496582031
0.8952112197875977
0.7367061376571655
0.7292506694793701
0.7254968881607056
0.6970480680465698
0.7631595134735107
0.7645765542984009
0.7515795230865479
0.6722472906112671
0.6948845386505127
0.677702784538269
0.7637319564819336
0.7891941070556641
0.8051713705062866
0.7684441804885864
0.7980506420135498
0.7816492319107056
0.790561318397522
0.7426820993423462
0.8462315797805786
0.7732698917388916
0.6618460416793823
0.8399254083633423
0.8372324705123901
0.8527637720108032
0.7061423063278198
0.787787914276123
0.7636117935180664
0.6692558526992798
0.6526761054992676
0.7513917684555054
0.7291423082351685
0.808422327041626
0.7694206237792969
0.7919857501983643
0.6672425270080566
0.6717721223831177
0.7792588472366333
0.7879836559295654
0.861595630645752
0.7483842372894287
0.774034857749939
0.7769262790679932
0.793621301651001
0.7655928134918213
0.793272852897644
0.8101711273193359
0.6639282703399658
0.5880685448646545
0.7873038053512573
0.722025990486145
0.824224591255188
0.8544435501098633
0.6209534406661987
0.8149689435958862
0.857111930847168
0.7430274486541748
0.7543338537216187
0.7835018634796143
0.7512825727462769
0.6029913425445557
0.8572360277175903
0.785833477973938
0.6568690538406372
0.630028247833252
0.7513103485107422
0.7500627040863037
0.7361024618148804
0.7700144052505493
0.5601987242698669
0.8477920293807983
0.799821138381958
0.673134446144104
0.6714143753051758
0.7890293598175049
0.7955383062362671
0.8544207811355591
0.6505633592605591
0.8597996234893799
0.7624809741973877
0.7349263429641724
0.7833049297332764
0.778964638710022
0.800028920173645
0.7166626453399658
0.7980059385299683
0.7841846942901611
0.820219874382019
0.8099879026412964
0.713611364364624
0.8257627487182617
0.786700963973999
0.7244796752929688
0.6309095621109009
0.7668958902359009
0.6152302026748657
0.706114649772644
0.6680493354797363
0.8144634962081909
0.6839911937713623
0.8101743459701538
0.7460252046585083
0.7969913482666016
0.7136408090591431
0.8543514013290405
0.7996494770050049
0.7984641790390015
0.7021019458770752
0.7131140232086182
0.7693694829940796
0.784020185470581
0.7312898635864258
0.7045711278915405
0.7480374574661255
0.8074796199798584
0.6660004258155823
0.8108890056610107
0.5498077869415283
0.7967685461044312
0.8198230266571045
0.719750165939331
0.7262891530990601
0.6823967695236206
0.861829400062561
0.7964528799057007
0.7067859768867493
0.7577214241027832
0.786922812461853
0.7581229209899902
0.8119986057281494
0.6632590889930725
0.6511644721031189
0.5958530902862549
0.7913061380386353
0.7004191875457764
0.8001558780670166
0.7778197526931763
0.7416932582855225
0.6163375377655029
0.7588788270950317
0.7530488967895508
0.7406452894210815
0.691472053527832
0.8556863069534302
0.7089610695838928
0.6320787668228149
0.7712419033050537
0.7919182777404785
0.7795795202255249
0.7657686471939087
0.822053074836731
0.7075339555740356
0.8303468227386475
0.8156020641326904
0.7915372848510742
0.6509064435958862
0.704505443572998
0.7949010133743286
0.7669234275817871
0.7005879878997803
0.728296160697937
0.6721925735473633
0.7902064323425293
0.8366539478302002
0.7312253713607788
0.8115949630737305
0.779232382774353
0.812166690826416
0.6529198884963989
0.7649319171905518
0.5023901462554932
0.7826132774353027
0.7344712018966675
0.7883685827255249
0.6915626525878906
0.7918497323989868
0.7950646877288818
0.6431572437286377
0.6874127388000488
0.7045716047286987
0.571823239326477
0.803634762763977
0.7411158084869385
0.7840285301208496
0.8060013055801392
0.7949199676513672
0.7962487936019897
0.7850165367126465
0.827356219291687
0.7780145406723022
0.7323379516601562
0.7869404554367065
0.6540607213973999
0.7968508005142212
0.6568496227264404
0.8298152685165405
0.6592373847961426
0.6599510908126831
0.7166591882705688
0.7399634122848511
0.7901749610900879
0.6447417736053467
0.8229720592498779
0.7432136535644531
0.7323517799377441
0.732376217842102
0.7428021430969238
0.7936056852340698
0.8363467454910278
0.849873423576355
0.8001943826675415
0.8326730728149414
0.6252286434173584
0.8175950050354004
0.8103147745132446
0.8054505586624146
0.7746744155883789
0.5561009645462036
0.7499655485153198
0.8343926668167114
0.7432377338409424
0.7037100791931152
0.6494202613830566
0.7286648750305176
0.7395151853561401
0.808540940284729
0.7772055864334106
0.7218518257141113
0.8074256181716919
0.7701222896575928
0.7620298862457275
0.8158650398254395
0.7857228517532349
0.7713004350662231
0.6778188943862915
0.7743520736694336
0.701431155204773
0.719558596611023
0.8573570251464844
0.7679791450500488
0.6652296781539917
0.8586986064910889
0.7303236722946167
0.7868547439575195
0.7782187461853027
0.6350412964820862
0.8260464668273926
0.6069812774658203
0.8026695251464844
0.6378962993621826
0.6192705631256104
0.7573128938674927
0.7550387382507324
0.8284999132156372
0.8501689434051514
0.8209052085876465
0.6472796201705933
0.7942448854446411
0.7745656967163086
0.8070231676101685
0.8234519958496094
0.5980634689331055
0.6876232624053955
0.732757568359375
0.7380824089050293
0.8382672071456909
0.6612811088562012
0.5840686559677124
0.8133730888366699
0.8018813133239746
0.790906548500061
0.7257120609283447
0.7267863750457764
0.7396281957626343
0.7249095439910889
0.8188560009002686
0.7557735443115234
0.8512891530990601
0.7691663503646851
0.6367608904838562
0.6932870745658875
0.7209271192550659
0.8209346532821655
0.7396458387374878
0.8294901847839355
0.6686834096908569
0.7483565807342529
0.8026641607284546
0.8210159540176392
0.7235714197158813
0.8159540891647339
0.7929574251174927
0.7873926162719727
0.8340837955474854
0.7209727764129639
0.8503202199935913
0.7151939868927002
0.7601741552352905
0.8282120227813721
0.7852463722229004
0.7789169549942017
0.7520864009857178
0.7212648391723633
0.7793176174163818
0.6644660234451294
0.764175534248352
0.8872631788253784
0.8084945678710938
0.7944532632827759
0.7712538242340088
0.7868967056274414
0.6317570209503174
0.7706356048583984
0.7598367929458618
0.8021128177642822
0.8766062259674072
0.7172673940658569
0.7719565629959106
0.7788034677505493
0.7767342329025269
0.7876605987548828
0.7953281402587891
0.8233221769332886
0.7608575820922852
0.6958584785461426
0.6728693246841431
0.6914349794387817
0.8305442333221436
0.7527788877487183
0.7599949836730957
0.793968915939331
0.7540832757949829
0.7834765911102295
0.6964786052703857
0.6799654960632324
0.571806788444519
0.8680146932601929
0.557052731513977
0.7703306674957275
0.8270478248596191
0.7755492925643921
0.7585294246673584
0.7823752164840698
0.8629162311553955
0.7003466486930847
0.8233001232147217
0.6787528991699219
0.6545925140380859
0.7426279783248901
0.7081634402275085
0.8051564693450928
0.789199709892273
0.6414576768875122
0.5857620239257812
0.8057440519332886
0.8139744997024536
0.8009463548660278
0.6443136930465698
0.707406222820282
0.6310248374938965
0.7151129245758057
0.7919518947601318
0.8312578201293945
0.7455562353134155
0.8282397985458374
0.8042579889297485
0.7854069471359253
0.6836457252502441
0.7754827737808228
0.8045170307159424
0.6491196155548096
0.8593900203704834
0.7659106254577637
0.8298945426940918
0.6723215579986572
0.6779847145080566
0.7819359302520752
0.7999237775802612
0.8319337368011475
0.8224713802337646
0.7019667625427246
0.6560855507850647
0.6465890407562256
0.5711066722869873
0.7830034494400024
0.6837056279182434
0.8108220100402832
0.7174322605133057
0.8728195428848267
0.787778377532959
0.717239499092102
0.7196568250656128
0.7930256128311157
0.6540566086769104
0.7677702903747559
0.770222544670105
0.7179819345474243
0.7815487384796143
0.8218750953674316
0.7892128229141235
0.7769855260848999
0.7358353137969971
0.6816971302032471
0.7934409379959106
0.6693128347396851
0.799686074256897
0.7337659597396851
0.7179508209228516
0.743494987487793
0.7093969583511353
0.7041709423065186
0.7905995845794678
0.6402816772460938
0.7357888221740723
0.7830406427383423
0.6709985733032227
0.6917617321014404
0.743259072303772
0.8042389154434204
0.777808427810669
0.7369219064712524
0.7447243928909302
0.7739737033843994
0.7391955852508545
0.7733485698699951
0.7885206937789917
0.7739734649658203
0.8349878787994385
0.5556658506393433
0.6918092966079712
0.7666425704956055
0.6500147581100464
0.7006197571754456
0.8237122297286987
0.7935185432434082
0.6231811046600342
0.6956075429916382
0.7388633489608765
0.8133859634399414
0.8201971054077148
0.8163385391235352
0.8151262998580933
0.7628685235977173
0.7816988229751587
0.8279346227645874
0.7893722057342529
0.6192315816879272
0.7994657754898071
0.7605764865875244
0.8454058170318604
0.6969637870788574
0.8156070709228516
0.8121280670166016
0.7381061315536499
0.7408950328826904
0.8499356508255005
0.6734657287597656
0.8020672798156738
0.6987732648849487
0.6703987717628479
0.7643141746520996
0.6519185900688171
0.7881345748901367
0.6753251552581787
0.7810893058776855
0.6825838088989258
0.7930238246917725
0.6461480855941772
0.7099671959877014
0.8141847848892212
0.7167305946350098
0.7885537147521973
0.8413182497024536
0.5724392533302307
0.8571680784225464
0.7804237604141235
0.8114701509475708
0.7835421562194824
0.7899329662322998
0.7288827896118164
0.8143777847290039
0.7534785270690918
0.7799650430679321
0.7927300930023193
0.7566306591033936
0.7772297859191895
0.6389408111572266
0.7816237211227417
0.8474133014678955
0.6356062889099121
0.819756031036377
0.7103033661842346
0.8447475433349609
0.840097188949585
0.7248014211654663
0.8102492094039917
0.7911007404327393
0.8238035440444946
0.806702733039856
0.798564076423645
0.8285679817199707
0.8313149213790894
0.8390848636627197
0.7950917482376099
0.6683014631271362
0.8053418397903442
0.7512060403823853
0.7315301895141602
0.8296304941177368
0.6484388113021851
0.7660605907440186
0.7895944118499756
0.7183241844177246
0.8218457698822021
0.7752875089645386
0.6801310777664185
0.7830570936203003
0.7712562084197998
0.6521223187446594
0.8105165958404541
0.6681734323501587
0.72156822681427
0.7616459131240845
0.7022085189819336
0.685714840888977
0.8186850547790527
0.8064844608306885
0.7890090942382812
0.658736526966095
0.7039783000946045
0.7347294092178345
0.7372106313705444
0.8117963075637817
0.7950570583343506
0.7394189834594727
0.7079071998596191
0.6911810636520386
0.6811584234237671
0.78562331199646
0.6684147715568542
0.6166331768035889
0.6912750005722046
0.7908656597137451
0.8172407150268555
0.6416720151901245
0.7114706039428711
0.7675065994262695
0.7417559623718262
0.8256607055664062
0.7383370399475098
0.8574302196502686
0.8048330545425415
0.7005614042282104
0.7665904760360718
0.6686030626296997
0.553640604019165
0.7945736646652222
0.820458173751831
0.7826435565948486
0.6804503202438354
0.7890325784683228
0.769760012626648
0.8059284687042236
0.7886359691619873
0.7861565351486206
0.7463147640228271
0.7499256134033203
0.7701983451843262
0.735075831413269
0.8754847049713135
0.8465713262557983
0.861889123916626
0.7708553075790405
0.7574454545974731
0.7519904375076294
0.5999706983566284
0.7870392799377441
0.866879940032959
0.8001806735992432
0.863737940788269
0.788117527961731
0.6789282560348511
0.7713276147842407
0.7493619918823242
0.781012773513794
0.7146360874176025
0.7920061349868774
0.6470508575439453
0.793838381767273
0.692456841468811
0.7198508977890015
0.803490400314331
0.7718949317932129
0.6266554594039917
0.8784842491149902
0.7844009399414062
0.7031247615814209
0.7657996416091919
0.7858160734176636
0.7992582321166992
0.8425283432006836
0.8475412130355835
0.7894169092178345
0.7319408655166626
0.7906525135040283
0.8064659833908081
0.8494815826416016
0.7700710296630859
0.8460633754730225
0.6140297651290894
0.8043421506881714
0.573579728603363
0.7350850105285645
0.6485202312469482
0.734930157661438
0.6063880920410156
0.6542678475379944
0.6911376714706421
0.7513291835784912
0.6988191604614258
0.7835780382156372
0.7848349809646606
0.6382306814193726
0.7351377010345459
0.640563428401947
0.7446166276931763
0.8149230480194092
0.6966665983200073
0.8576923608779907
0.7606397867202759
0.7806562185287476
0.7822089195251465
0.7582364082336426
0.7872436046600342
0.7728317975997925
0.7643769979476929
0.8095459938049316
0.6214678883552551
0.6830973625183105
0.717575192451477
0.8216414451599121
0.8509408235549927
0.7354729175567627
0.7981575727462769
0.6811078786849976
0.8419945240020752
0.6312052011489868
0.7800517082214355
0.8145526647567749
0.7247991561889648
0.7909226417541504
0.7998411655426025
0.8114649057388306
0.7566491365432739
0.7868561744689941
0.7605272531509399
0.821602463722229
0.7704602479934692
0.6623351573944092
0.8075569868087769
0.8342921733856201
0.6990101337432861
0.740169882774353
0.7852387428283691
0.7762303352355957
0.6881723999977112
0.6379132270812988
0.7590453624725342
0.8081921339035034
0.7380651235580444
0.7102432250976562
0.778183102607727
0.6944261789321899
0.777397632598877
0.7744117975234985
0.8355244398117065
0.814369797706604
0.7875708341598511
0.674738883972168
0.7845187187194824
0.7353187799453735
0.8481478691101074
0.6668931245803833
0.7720787525177002
0.6324182152748108
0.7685401439666748
0.6939002275466919
0.7921367883682251
0.7728863954544067
0.694037914276123
0.781480073928833
0.7568658590316772
0.7499302625656128
0.7030073404312134
0.7649931907653809
0.83504319190979
0.6403543949127197
0.7128249406814575
0.8552572727203369
0.7641205787658691
0.6795849204063416
0.761843204498291
0.7738921642303467
0.6952860355377197
0.8243076801300049
0.7250834703445435
0.7093716859817505
0.8543590307235718
0.7124283313751221
0.7919176816940308
0.6996828317642212
0.6965445280075073
0.7021914720535278
0.7318193912506104
0.6418334245681763
0.8004118204116821
0.6775470972061157
0.7795608043670654
0.6955912113189697
0.8878772258758545
0.6260179877281189
0.7798464298248291
0.7596635818481445
0.6829063892364502
0.7484266757965088
0.8178184032440186
0.7956529855728149
0.7836816310882568
0.809778094291687
0.689547061920166
0.7551306486129761
0.8005437850952148
0.7496703863143921
0.778693437576294
0.7257024049758911
0.7123611569404602
0.7755732536315918
0.6160482168197632
0.8485769033432007
0.6382707357406616
0.8064624071121216
0.6253659725189209
0.7130047082901001
0.719923734664917
0.6698592901229858
0.7875937223434448
0.8723443746566772
0.8093217611312866
0.7736165523529053
0.8049345016479492
0.7342522144317627
0.7662216424942017
0.7794191837310791
0.7368230819702148
0.829617977142334
0.7966465950012207
0.7252864837646484
0.7752881050109863
0.7744331359863281
0.649249255657196
0.763222336769104
0.6248345375061035
0.8518444299697876
0.7910110950469971
0.7892963886260986
0.7911175489425659
0.757176399230957
0.656777024269104
0.655358076095581
0.7728995084762573
0.7298495769500732
0.7980395555496216
0.7401072978973389
0.7688438892364502
0.72789466381073
0.7892351150512695
0.790825366973877
0.5989148616790771
0.8386774063110352
0.7059732675552368
0.8341231346130371
0.6091009974479675
0.7291147708892822
0.6952545642852783
0.5752946138381958
0.6994235515594482
0.736635684967041
0.7895218133926392
0.7701864242553711
0.7646764516830444
0.7293763160705566
0.7406260967254639
0.7013940215110779
0.7742173671722412
0.74894118309021
0.7307344675064087
0.8026466369628906
0.7950024604797363
0.7310162782669067
0.7279072999954224
0.7884029150009155
0.8109675645828247
0.7602124214172363
0.801077127456665
0.5784263610839844
0.6571328639984131
0.7821253538131714
0.7521945238113403
0.7791435718536377
0.8058699369430542
0.8437786102294922
0.7416343688964844
0.7283306121826172
0.6402091979980469
0.7593679428100586
0.7905688285827637
0.8354976177215576
0.8247435092926025
0.5568631887435913
0.7187061309814453
0.6578119993209839
0.7913122177124023
0.6573617458343506
0.7967594861984253
0.788354754447937
0.6819807291030884
0.7807270288467407
0.6315852999687195
0.7866089344024658
0.7671041488647461
0.7916901111602783
0.7888146638870239
0.6414189338684082
0.6454839706420898
0.7717009782791138
0.6836963891983032
0.7726141214370728
0.6096204519271851
0.7314668893814087
0.7048818469047546
0.8063186407089233
0.8047753572463989
0.8169426918029785
0.7920099496841431
0.7437126636505127
0.7810748815536499
0.8380672931671143
0.851800799369812
0.8532299995422363
0.793606162071228
0.7691605091094971
0.8763364553451538
0.7169442772865295
0.7563275098800659
0.7964630126953125
0.7836518287658691
0.7631477117538452
0.856246829032898
0.7731584310531616
0.806800127029419
0.7988394498825073
0.6424199342727661
0.8174793720245361
0.6906037330627441
0.6850228309631348
0.7897565364837646
0.6845533847808838
0.8513709306716919
0.6733033657073975
0.7455747127532959
0.731866717338562
0.7963407039642334
0.6943651437759399
0.8529243469238281
0.7941068410873413
0.8409326076507568
0.7691346406936646
0.7951263189315796
0.8802911043167114
0.723936915397644
0.8319364786148071
0.6560843586921692
0.8394863605499268
0.7947560548782349
0.7085020542144775
0.6470264196395874
0.7806044816970825
0.7056149244308472
0.7343519926071167
0.8098565340042114
0.5818666815757751
0.8588354587554932
0.6514017581939697
0.6732528209686279
0.7351102828979492
0.6618794202804565
0.7535954713821411
0.7749263048171997
0.5817720293998718
0.8804107904434204
0.7799409627914429
0.5746614933013916
0.6877135038375854
0.8624504804611206
0.6995751261711121
0.8060637712478638
0.7426255941390991
0.7855066061019897
0.7954789400100708
0.8248691558837891
0.7973670959472656
0.8063167333602905
0.7700380086898804
0.8394743204116821
0.742264986038208
0.6291656494140625
0.7582380771636963
0.7971823215484619
0.7715575695037842
0.7669433355331421
0.7753298282623291
0.770289421081543
0.6863718032836914
0.8385345935821533
0.8418601751327515
0.7469966411590576
0.7948367595672607
0.7639228105545044
0.5522862672805786
0.8328704833984375
0.7726352214813232
0.762967586517334
0.8247759342193604
0.8324539661407471
0.7859275341033936
0.7910867929458618
0.8381338119506836
0.6640276312828064
0.7063259482383728
0.8087711334228516
0.7752492427825928
0.7892496585845947
0.8062741756439209
0.6864352226257324
0.7644463777542114
0.5605660676956177
0.813555121421814
0.587478756904602
0.6686539649963379
0.7936005592346191
0.6696486473083496
0.6951485872268677
0.6669909358024597
0.7615749835968018
0.7201086282730103
0.8006221055984497
0.7906999588012695
0.773985743522644
0.8301833868026733
0.77420973777771
0.7896298170089722
0.7193186283111572
0.7004146575927734
0.6966474652290344
0.6004196405410767
0.6758677959442139
0.7727137804031372
0.791568398475647
0.7837365865707397
0.7771388292312622
0.6801550388336182
0.8014520406723022
0.7930926084518433
0.8481183052062988
0.7793370485305786
0.7495495080947876
0.8332815170288086
0.6577882170677185
0.6628559827804565
0.7429543733596802
0.781114935874939
0.8286823034286499
0.7108491063117981
0.8385028839111328
0.5899757742881775
0.8306713104248047
0.6897624135017395
0.8299257755279541
0.6613693237304688
0.6587467789649963
0.778563380241394
0.8080970048904419
0.6467067003250122
0.7890621423721313
0.6196550130844116
0.6641815900802612
0.7856558561325073
0.6709356904029846
0.788949728012085
0.6907912492752075
0.6906955242156982
0.7885938882827759
0.7996689081192017
0.7563315629959106
0.774254560470581
0.678752601146698
0.7842445373535156
0.7412420511245728
0.6512048244476318
0.8368734121322632
0.7850972414016724
0.8921021223068237
0.5944159626960754
0.7960333824157715
0.7369613647460938
0.7406899929046631
0.7163444757461548
0.8020700216293335
0.7815835475921631
0.8066879510879517
0.5469506978988647
0.8052588701248169
0.7057733535766602
0.7906256914138794
0.6825195550918579
0.8127522468566895
0.7546802759170532
0.8207836151123047
0.6577972173690796
0.6693677306175232
0.7739877700805664
0.8168011903762817
0.6722265481948853
0.8250889778137207
0.5357341766357422
0.7585041522979736
0.7274670600891113
0.8228058815002441
0.7601745128631592
0.8066661357879639
0.7993819713592529
0.7749770879745483
0.7000347375869751
0.7690639495849609
0.8574032783508301
0.8289220333099365
0.8120909929275513
0.757888674736023
0.7805945873260498
0.6623077988624573
0.7129449844360352
0.6511913537979126
0.730605959892273
0.8596054315567017
0.7949119806289673
0.8317211866378784
0.8610363006591797
0.6661289930343628
0.7564735412597656
0.7359987497329712
0.7802026271820068
0.8286687135696411
0.6913825273513794
0.8200339078903198
0.7631412744522095
0.6569019556045532
0.7497881650924683
0.797594428062439
0.8434058427810669
0.7615253925323486
0.8042157888412476
0.7208888530731201
0.6614334583282471
0.6714084148406982
0.8433767557144165
0.7735345363616943
0.8170547485351562
0.7768291234970093
0.8431333303451538
0.8168251514434814
0.6954740285873413
0.64461350440979
0.7140985727310181
0.6619104146957397
0.6439664363861084
0.798987865447998
0.7532062530517578
0.8162176609039307
0.7656010389328003
0.7862930297851562
0.6783983707427979
0.8359497785568237
0.7542028427124023
0.7887943983078003
0.8156365156173706
0.7997136116027832
0.7188699245452881
0.8061622381210327
0.7764977216720581
0.8277320861816406
0.7353634834289551
0.8024653196334839
0.6251863241195679
0.7720211744308472
0.7074183225631714
0.6895327568054199
0.7398508787155151
0.7945718765258789
0.6998245716094971
0.7016522884368896
0.7908207178115845
0.7722278833389282
0.7747915983200073
0.6850937604904175
0.7763715982437134
0.734798789024353
0.8066933155059814
0.8294315338134766
0.8455600738525391
0.6501082181930542
0.8116939067840576
0.810450553894043
0.6021303534507751
0.7027283906936646
0.6802143454551697
0.7272770404815674
0.6624805927276611
0.7617756128311157
0.8436917066574097
0.7915027141571045
0.7982347011566162
0.7929707765579224
0.754765510559082
0.7479158639907837
0.8090882301330566
0.8259953260421753
0.8096121549606323
0.7295289039611816
0.6610357761383057
0.812018871307373
0.7803747653961182
0.8266111612319946
0.745203971862793
0.7699685096740723
0.839333176612854
0.7993553876876831
0.7710902690887451
0.8472915887832642
0.7940874099731445
0.7467533349990845
0.8564577102661133
0.8244514465332031
0.664258599281311
0.810377836227417
0.747483491897583
0.7231673002243042
0.8573944568634033
0.7241454124450684
0.7980661392211914
0.8151654005050659
0.8066297769546509
0.7841004133224487
0.8050769567489624
0.8353869915008545
0.8212101459503174
0.8180838823318481
0.7908604145050049
0.7911179065704346
0.7408769130706787
0.8042352199554443
0.812639594078064
0.7736138105392456
0.7227516174316406
0.7291344404220581
0.8677127361297607
0.7670857906341553
0.8023855686187744
0.7689785957336426
0.7773818969726562
0.6495133638381958
0.6960399150848389
0.635246753692627
0.7986588478088379
0.8389984369277954
0.7182495594024658
0.7661514282226562
0.8011271953582764
0.7768619060516357
0.7478940486907959
0.7235636711120605
0.7323795557022095
0.7883569002151489
0.8124493360519409
0.778206467628479
0.7743614912033081
0.8403105735778809
0.7806243896484375
0.8275045156478882
0.7151659727096558
0.803342342376709
0.757095217704773
0.7538607120513916
0.7108533382415771
0.5335875153541565
0.7714686393737793
0.7943220138549805
0.7991117238998413
0.7730612754821777
0.6872594952583313
0.6274169087409973
0.7170342206954956
0.49652016162872314
0.7592792510986328
0.8038536310195923
0.6606199741363525
0.7621833086013794
0.8041266202926636
0.791006326675415
0.8180327415466309
0.7118099331855774
0.7934402227401733
0.7993049621582031
0.8311238288879395
0.818588376045227
0.717552661895752
0.7556288242340088
0.8057264089584351
0.749812126159668
0.8013023138046265
0.7581455707550049
0.7863490581512451
0.7935091257095337
0.8482753038406372
0.7371261119842529
0.6818052530288696
0.7049660682678223
0.7912232875823975
0.7598977088928223
0.8079557418823242
0.7428781986236572
0.7937554121017456
0.5593816041946411
0.8018463850021362
0.7647457122802734
0.6934093236923218
0.7033692002296448
0.7984813451766968
0.826966404914856
0.7613075971603394
0.7781808376312256
0.701920211315155
0.6707743406295776
0.7736937999725342
0.7711519002914429
0.6391115188598633
0.8295445442199707
0.7921998500823975
0.8688607215881348
0.6698083877563477
0.7279292345046997
0.7455726861953735
0.7805401086807251
0.7636185884475708
0.8127274513244629
0.7140705585479736
0.7419207096099854
0.7733962535858154
0.6884607076644897
0.8256477117538452
0.7230863571166992
0.7874817848205566
0.7636563777923584
0.7325483560562134
0.7053751945495605
0.7120542526245117
0.799534797668457
0.7047228217124939
0.6668964624404907
0.7894026041030884
0.7238105535507202
0.7751046419143677
0.6501262187957764
0.7153042554855347
0.8287644386291504
0.8015738725662231
0.7733168601989746
0.6196839809417725
0.6936802268028259
0.8689885139465332
0.7131608724594116
0.8025015592575073
0.7826167345046997
0.7799322605133057
0.6433886289596558
0.7562105655670166
0.7700909376144409
0.7487099170684814
0.8183720111846924
0.8158597946166992
0.736575722694397
0.753127932548523
0.6791019439697266
0.8114978075027466
0.8130977153778076
0.7745898962020874
0.8651753664016724
0.7060078382492065
0.7127892971038818
0.7893399000167847
0.8786205053329468
0.6781775951385498
0.8293192386627197
0.7461906671524048
0.8184713125228882
0.7350912094116211
0.7572706937789917
0.7863377332687378
0.7254024744033813
0.8618948459625244
0.7368640899658203
0.640221357345581
0.6930055618286133
0.7871520519256592
0.7861685752868652
0.7978543043136597
0.8034977912902832
0.6822130680084229
0.766929030418396
0.6477112770080566
0.7915499210357666
0.8416109085083008
0.8190732002258301
0.7622805833816528
0.7591252326965332
0.8445727825164795
0.7526386976242065
0.732366681098938
0.697870135307312
0.7214702367782593
0.8444437980651855
0.8981512784957886
0.7554745674133301
0.8678618669509888
0.8046214580535889
0.8090327978134155
0.7294846773147583
0.6596449613571167
0.7736325263977051
0.7382982969284058
0.7113475203514099
0.7384592294692993
0.8645989894866943
0.49396055936813354
0.7281366586685181
0.8135863542556763
0.7213234901428223
0.7062304019927979
0.6871600151062012
0.8272137641906738
0.781682014465332
0.7632948160171509
0.7692520618438721
0.7509225606918335
0.8111220598220825
0.8249926567077637
0.6926866173744202
0.7247397899627686
0.796656608581543
0.7746617794036865
0.6885720491409302
0.8002279996871948
0.7821441888809204
0.6856821775436401
0.7938737869262695
0.7567625045776367
0.7774312496185303
0.7991279363632202
0.7733112573623657
0.757333517074585
0.6572238206863403
0.6565531492233276
0.8252336978912354
0.7440255880355835
0.7570552825927734
0.7554396390914917
0.7125775814056396
0.665313720703125
0.6473828554153442
0.7692707777023315
0.6857975721359253
0.8187631368637085
0.7328016757965088
0.6921396255493164
0.7240036725997925
0.7915177345275879
0.7433573007583618
0.7222855091094971
0.8109445571899414
0.8062137365341187
0.6565070152282715
0.6776750087738037
0.799248456954956
0.754691481590271
0.7675749063491821
0.5135794878005981
0.7213771343231201
0.7808026075363159
0.8276767730712891
0.7822537422180176
0.8770829439163208
0.7549605369567871
0.7472028732299805
0.7021056413650513
0.7756283283233643
0.568995475769043
0.7394267320632935
0.773963451385498
0.7987664937973022
0.9048150777816772
0.7193233966827393
0.7319004535675049
0.7156879901885986
0.7292367219924927
0.7595459222793579
0.7071058750152588
0.771489143371582
0.8339754343032837
0.5803542137145996
0.8201628923416138
0.7775458097457886
0.6520566940307617
0.5940299034118652
0.6520519256591797
0.6975992918014526
0.6680170893669128
0.652633786201477
0.8078722953796387
0.8549118041992188
0.7328096628189087
0.7446117401123047
0.7894636392593384
0.7005807161331177
0.6623445749282837
0.7532480955123901
0.6865795254707336
0.735670804977417
0.7467262744903564
0.6098881959915161
0.7435281276702881
0.7932291030883789
0.8804053068161011
0.7355648279190063
0.7565652132034302
0.7805086374282837
0.8223072290420532
0.705714225769043
0.7124568223953247
0.809188723564148
0.7156575918197632
0.7893624305725098
0.6719624996185303
0.5981284976005554
0.5819168090820312
0.7480695247650146
0.7889062166213989
0.8028528690338135
0.6072983741760254
0.7781730890274048
0.776996374130249
0.6507614850997925
0.7760744094848633
0.7481714487075806
0.62510085105896
0.7949836254119873
0.7640178203582764
0.8183971643447876
0.714826226234436
0.7096524238586426
0.7107123136520386
0.7663754224777222
0.797714114189148
0.7072579860687256
0.818612813949585
0.7531256675720215
0.6771160364151001
0.7665365934371948
0.8388826847076416
0.6126547455787659
0.7882513999938965
0.7858946323394775
0.6823934316635132
0.6274487376213074
0.7450869083404541
0.632035493850708
0.6329041719436646
0.7009822726249695
0.7628040313720703
0.7264583110809326
0.8083014488220215
0.7499761581420898
0.645307183265686
0.806586742401123
0.7027956247329712
0.7770626544952393
0.7825316190719604
0.7907785177230835
0.79301917552948
0.7740241289138794
0.763538122177124
0.6694260835647583
0.730466365814209
0.8514589071273804
0.803581953048706
0.8207969665527344
0.8164883852005005
0.7956719398498535
0.7401255369186401
0.7894636392593384
0.7202208042144775
0.8706004619598389
0.8265632390975952
0.4991365671157837
0.694256067276001
0.76661217212677
0.8105603456497192
0.8136379718780518
0.6923806667327881
0.8366926908493042
0.8378939628601074
0.7744280099868774
0.7855483293533325
0.6839601397514343
0.7359054088592529
0.7972099781036377
0.8134428262710571
0.6644214391708374
0.7053768634796143
0.6730867028236389
0.758265495300293
0.8208879232406616
0.7107662558555603
0.8377008438110352
0.72089684009552
0.7576000690460205
0.7380738258361816
0.7256051301956177
0.8030987977981567
0.5559343099594116
0.5860663652420044
0.7569091320037842
0.7746568918228149
0.6207188367843628
0.7980359792709351
0.7958873510360718
0.7869274616241455
0.7163393497467041
0.7931458950042725
0.7206950187683105
0.8348636627197266
0.7678916454315186
0.7399753332138062
0.7603518962860107
0.7027872800827026
0.7059909105300903
0.7125872373580933
0.6841869950294495
0.7867375612258911
0.6462867856025696
0.6711119413375854
0.795466423034668
0.8028266429901123
0.8226128816604614
0.8173469305038452
0.7551192045211792
0.7235710620880127
0.7039453387260437
0.8631793260574341
0.6648727655410767
0.6438406705856323
0.6849373579025269
0.6270744204521179
0.8053270578384399
0.8265105485916138
0.7857687473297119
0.7500624656677246
0.8104344606399536
0.7048285007476807
0.7720639705657959
0.7809374332427979
0.6996543407440186
0.7895348072052002
0.803952693939209
0.6691445112228394
0.805138111114502
0.5923839807510376
0.6464869976043701
0.7571347951889038
0.7322900295257568
0.7536799907684326
0.6806695461273193
0.7168301343917847
0.7661166191101074
0.7462592124938965
0.8595139980316162
0.8175652027130127
0.7927449941635132
0.8542650938034058
0.8275375366210938
0.5539511442184448
0.8280138969421387
0.7514770030975342
0.6989054679870605
0.7165024280548096
0.8249149322509766
0.7664731740951538
0.814734697341919
0.866329550743103
0.7864418029785156
0.7307912111282349
0.6671210527420044
0.7386595010757446
0.6443501710891724
0.8371024131774902
0.7450830936431885
0.6616384983062744
0.6666997671127319
0.7669202089309692
0.8151904344558716
0.8280562162399292
0.5296108722686768
0.733310341835022
0.832527756690979
0.7964551448822021
0.6670789122581482
0.5917458534240723
0.6421115398406982
0.7804807424545288
0.7735766172409058
0.7883510589599609
0.7040953636169434
0.7844288349151611
0.7911311388015747
0.8664417266845703
0.7885092496871948
0.754347562789917
0.7025339603424072
0.713864803314209
0.798043966293335
0.7987332344055176
0.752342700958252
0.7482333183288574
0.7765247821807861
0.6901354789733887
0.7720814943313599
0.8067317008972168
0.6336334943771362
0.8036916255950928
0.6229335069656372
0.7114647626876831
0.7947816848754883
0.7982901334762573
0.7830144166946411
0.5795364379882812
0.8050426244735718
0.855331540107727
0.7918189764022827
0.7412056922912598
0.8389291763305664
0.8060834407806396
0.8198871612548828
0.8001744747161865
0.6885133385658264
0.6544959545135498
0.7044389843940735
0.7253966331481934
0.7922104597091675
0.6344472169876099
0.6901384592056274
0.8335992097854614
0.7502011060714722
0.6918103694915771
0.6950875520706177
0.8263676166534424
0.8354986906051636
0.6751292943954468
0.6659669876098633
0.8296436071395874
0.8322736024856567
0.7167274951934814
0.7988507747650146
0.6541095972061157
0.8508961200714111
0.6712219715118408
0.7539169788360596
0.7469507455825806
0.7281222343444824
0.814910888671875
0.7234395742416382
0.7165502309799194
0.7834968566894531
0.7740538120269775
0.6555176973342896
0.7224942445755005
0.6656162738800049
0.7752578258514404
0.8041871786117554
0.6613078713417053
0.6888270378112793
0.7961976528167725
0.7727735042572021
0.727117657661438
0.8033256530761719
0.7175942063331604
0.720608115196228
0.7352668046951294
0.6697690486907959
0.7314963340759277
0.5895289182662964
0.6531373262405396
0.5778177976608276
0.8155338764190674
0.6419975757598877
0.7560030221939087
0.7680227756500244
0.7528789043426514
0.7756062746047974
0.8136062622070312
0.8302266597747803
0.7125320434570312
0.5855355262756348
0.7952840328216553
0.7853531837463379
0.7974386215209961
0.8032547235488892
0.7639114856719971
0.7800800800323486
0.800513505935669
0.7003985643386841
0.817825436592102
0.7497994899749756
0.77953040599823
0.7571260929107666
0.7548025846481323
0.6892925500869751
0.8147450685501099
0.7996554374694824
0.7246626615524292
0.7880820035934448
0.7944343090057373
0.672823429107666
0.8086618185043335
0.7756158113479614
0.7818731069564819
0.8440558910369873
0.7766393423080444
0.8121145963668823
0.7423317432403564
0.7880783081054688
0.7800476551055908
0.6749057769775391
0.7988312244415283
0.7824872732162476
0.7788161039352417
0.672104001045227
0.8251684904098511
0.5884381532669067
0.7261297702789307
0.7897441387176514
0.6382607221603394
0.6962563991546631
0.7874792814254761
0.7492742538452148
0.7077850103378296
0.7770978212356567
0.7305557727813721
0.6238465309143066
0.7977858781814575
0.7325176000595093
0.7940865755081177
0.7152559757232666
0.83254075050354
0.8007451295852661
0.8653383255004883
0.7961938381195068
0.7198824882507324
0.8097949028015137
0.729689359664917
0.8208744525909424
0.8513920307159424
0.843319296836853
0.8068715333938599
0.8215341567993164
0.6567405462265015
0.7004184722900391
0.7926746606826782
0.8328046798706055
0.7894444465637207
0.7851475477218628
0.5182499289512634
0.6950752139091492
0.796804666519165
0.8341398239135742
0.6304468512535095
0.7447071075439453
0.8024615049362183
0.8148422241210938
0.6624190807342529
0.6430176496505737
0.7136365175247192
0.8092736005783081
0.7917040586471558
0.8240519762039185
0.786325216293335
0.8097625970840454
0.6929401159286499
0.8770654201507568
0.6437389850616455
0.7282369136810303
0.7604005336761475
0.7704123258590698
0.7615019083023071
0.691055417060852
0.8369437456130981
0.6749449968338013
0.6864582300186157
0.7809367179870605
0.7750943899154663
0.8197691440582275
0.7923319339752197
0.7758749723434448
0.7804220914840698
0.6870177984237671
0.6959596872329712
0.7989808320999146
0.7914834022521973
0.7432723045349121
0.849272608757019
0.852622389793396
0.7296832799911499
0.702268123626709
0.7716017961502075
0.7823292016983032
0.8550130128860474
0.8717283010482788
0.8466553688049316
0.6011887788772583
0.8005663156509399
0.5945427417755127
0.6490678787231445
0.6249402761459351
0.78056800365448
0.7901473045349121
0.7529339790344238
0.7145001292228699
0.6477481126785278
0.7547661066055298
0.8546478748321533
0.841389536857605
0.81178879737854
0.7812724113464355
0.7836158275604248
0.8682652711868286
0.6820223331451416
0.6467298269271851
0.6730327606201172
0.7487443685531616
0.6985860466957092
0.7753299474716187
0.8111852407455444
0.8226062059402466
0.6951624155044556
0.7430768013000488
0.8011219501495361
0.8493534326553345
0.7268964052200317
0.8152166604995728
0.7758729457855225
0.6651029586791992
0.8082699775695801
0.7244325876235962
0.8331708908081055
0.5453191995620728
0.7489200830459595
0.6506713628768921
0.8128269910812378
0.8399546146392822
0.7628540992736816
0.6649463772773743
0.8109449148178101
0.6600362062454224
0.8546937704086304
0.718916654586792
0.7804515361785889
0.7804152965545654
0.830656886100769
0.7066158056259155
0.7691324949264526
0.746320366859436
0.7921297550201416
0.7947485446929932
0.8018206357955933
0.7266219854354858
0.7588943243026733
0.5562804937362671
0.8088593482971191
0.7570706605911255
0.6715928316116333
0.7505288124084473
0.7817440032958984
0.8020200729370117
0.7507473230361938
0.8438315391540527
0.6844378113746643
0.6548739671707153
0.6780420541763306
0.8097125291824341
0.8102009296417236
0.7647914886474609
0.5886905193328857
0.6435266733169556
0.7751961946487427
0.8487937450408936
0.8137593269348145
0.7396695613861084
0.7561146020889282
0.6579422950744629
0.7296587228775024
0.7985219955444336
0.7892812490463257
0.8046780824661255
0.8359684944152832
0.7894443273544312
0.8490405082702637
0.7737466096878052
0.7852894067764282
0.8254461288452148
0.7066147327423096
0.8598237037658691
0.7289268970489502
0.7459681034088135
0.6824437379837036
0.6481040716171265
0.8123273849487305
0.6836264133453369
0.8015356063842773
0.8188402652740479
0.6343257427215576
0.7771179676055908
0.7211424112319946
0.6456887722015381
0.5878833532333374
0.8262901306152344
0.6746262311935425
0.8093390464782715
0.8258423805236816
0.6911778450012207
0.8522828817367554
0.6730529069900513
0.6640909910202026
0.7595154047012329
0.6798931360244751
0.7556544542312622
0.527062177658081
0.7976760864257812
0.8525991439819336
0.7018474340438843
0.6564387083053589
0.8378380537033081
0.7613050937652588
0.6911373138427734
0.7847480773925781
0.8480539321899414
0.7931090593338013
0.7784453630447388
0.7134960889816284
0.8252049684524536
0.659554123878479
0.6964612007141113
0.5950571298599243
0.8865178823471069
0.5857813358306885
0.8161437511444092
0.7980554103851318
0.81866455078125
0.8630954027175903
0.8356863260269165
0.8137092590332031
0.8163427114486694
0.6619571447372437
0.6906174421310425
0.844140887260437
0.669624924659729
0.7197966575622559
0.7989009618759155
0.796151876449585
0.7075513601303101
0.6573257446289062
0.7572664022445679
0.7710764408111572
0.8605024814605713
0.8064686059951782
0.7962112426757812
0.6439985036849976
0.7671059370040894
0.7295511960983276
0.8071694374084473
0.6877707242965698
0.7119103670120239
0.7022033929824829
0.6399244070053101
0.8211591243743896
0.8560943603515625
0.5356895327568054
0.8400775194168091
0.5931307077407837
0.7351013422012329
0.7596303224563599
0.7120097875595093
0.7583036422729492
0.7118114829063416
0.743294358253479
0.8396937847137451
0.8087975978851318
0.6633633375167847
0.7931244373321533
0.8157198429107666
0.8297390937805176
0.735271692276001
0.7841671705245972
0.8066567182540894
0.6733647584915161
0.5705770254135132
0.775802493095398
0.7139819860458374
0.6690499782562256
0.7551881074905396
0.7798269987106323
0.821467399597168
0.6385406255722046
0.7057238817214966
0.7970572710037231
0.6596173048019409
0.782120943069458
0.7826510667800903
0.6321982145309448
0.71779465675354
0.7413696050643921
0.7790429592132568
0.8007086515426636
0.691803514957428
0.7987302541732788
0.6990739107131958
0.8039020299911499
0.7721693515777588
0.6790155172348022
0.774074912071228
0.7742685079574585
0.797317624092102
0.7257342338562012
0.7240200042724609
0.8392536640167236
0.7646275758743286
0.689062237739563
0.6467424631118774
0.7953503131866455
0.6550592184066772
0.7427718639373779
0.7593473196029663
0.8348737955093384
0.8391201496124268
0.7727203369140625
0.7860130071640015
0.8216853141784668
0.7468138933181763
0.7867493629455566
0.7852426767349243
0.8325754404067993
0.6523532867431641
0.8103065490722656
0.7513452768325806
0.6243135333061218
0.7956000566482544
0.7908365726470947
0.8400259017944336
0.6185773015022278
0.7958073616027832
0.701961874961853
0.8166130781173706
0.6299358606338501
0.6874992847442627
0.840951681137085
0.6628865003585815
0.7903660535812378
0.7077134847640991
0.7366961240768433
0.7051345705986023
0.703599214553833
0.7225641012191772
0.65929114818573
0.775962233543396
0.6824044585227966
0.7667235136032104
0.8128558397293091
0.8485239744186401
0.7327724695205688
0.6967157125473022
0.6342774629592896
0.5907953977584839
0.832974910736084
0.6750420928001404
0.6786226034164429
0.5748703479766846
0.8663531541824341
0.7968673706054688
0.7934722900390625
0.7451467514038086
0.7102937698364258
0.6563156843185425
0.697986900806427
0.7381734848022461
0.7686183452606201
0.6844655275344849
0.8093748092651367
0.7290399074554443
0.793971061706543
0.6830064058303833
0.844455361366272
0.5389806628227234
0.7778412103652954
0.5628995895385742
0.7989435195922852
0.7462353706359863
0.7699477672576904
0.4957016408443451
0.7918421030044556
0.6475381851196289
0.7888580560684204
0.7133615016937256
0.7768779993057251
0.7509026527404785
0.758176326751709
0.7402355670928955
0.7671175003051758
0.6767432689666748
0.8152898550033569
0.6755874156951904
0.7980209589004517
0.815942645072937
0.6437418460845947
0.7707259654998779
0.718732476234436
0.8421449661254883
0.7335073947906494
0.6620506644248962
0.6054915189743042
0.8188852071762085
0.7320408821105957
0.8321928977966309
0.7539379596710205
0.773202657699585
0.6507517099380493
0.6872995495796204
0.7724120616912842
0.7634426355361938
0.8084303140640259
0.8033812046051025
0.7752642631530762
0.8338149785995483
0.8139200210571289
0.5763458013534546
0.8251129388809204
0.7687690258026123
0.7820210456848145
0.7121551036834717
0.8954081535339355
0.7797610759735107
0.7791684865951538
0.6315919160842896
0.7791081666946411
0.7533435821533203
0.8057750463485718
0.6838146448135376
0.7759379148483276
0.7000205516815186
0.8151354789733887
0.6752017736434937
0.7763211727142334
0.7975592613220215
0.686416745185852
0.7006940841674805
0.7623039484024048
0.7170785069465637
0.7374948263168335
0.7962219715118408
0.7581993341445923
0.7660596370697021
0.6543866395950317
0.7848254442214966
0.7876639366149902
0.672199010848999
0.6777085065841675
0.7858818769454956
0.6361051797866821
0.8183870315551758
0.780623197555542
0.6682114601135254
0.5378950238227844
0.795596718788147
0.7428985834121704
0.7469609975814819
0.6914749145507812
0.8429285287857056
0.6140820980072021
0.6728839874267578
0.7714544534683228
0.7151981592178345
0.7695257663726807
0.7192152738571167
0.6513301730155945
0.7936854362487793
0.6346256732940674
0.7035592794418335
0.6662588119506836
0.737099289894104
0.808580756187439
0.7798980474472046
0.8426705598831177
0.6524081230163574
0.8083364963531494
0.8502196073532104
0.712012529373169
0.7716293334960938
0.7840671539306641
0.7819874286651611
0.6237355470657349
0.7938958406448364
0.7967468500137329
0.8319031000137329
0.7866132259368896
0.7836191654205322
0.8036969900131226
0.8458622694015503
0.79146409034729
0.6976789236068726
0.7172912359237671
0.7310534715652466
0.6593377590179443
0.766321063041687
0.7384241819381714
0.7438113689422607
0.7601746320724487
0.7934077978134155
0.7659468650817871
0.8319294452667236
0.7776600122451782
0.7382354736328125
0.586252748966217
0.7928848266601562
0.8342654705047607
0.7826108932495117
0.6023707389831543
0.7006604075431824
0.7980345487594604
0.7878105640411377
0.8069508075714111
0.7944697141647339
0.8426288366317749
0.762112021446228
0.7804458141326904
0.8340166807174683
0.8722220659255981
0.8186748027801514
0.7936254739761353
0.685818076133728
0.5888739824295044
0.7586805820465088
0.6443511247634888
0.7693442106246948
0.8150554895401001
0.7024890184402466
0.7033678293228149
0.7000839114189148
0.7992192506790161
0.7671111822128296
0.7927713394165039
0.6983084678649902
0.7110552787780762
0.7216874361038208
0.817455530166626
0.7870538234710693
0.834749698638916
0.5312711000442505
0.7939180135726929
0.7503507137298584
0.6820542812347412
0.7627354860305786
0.6847375631332397
0.8257689476013184
0.703402042388916
0.8195745944976807
0.8344318866729736
0.8390969038009644
0.7997184991836548
0.84546959400177
0.7042379975318909
0.8245680332183838
0.7578957080841064
0.8076450824737549
0.6761863231658936
0.7813097238540649
0.7978882789611816
0.7882713079452515
0.7711770534515381
0.763961911201477
0.7709025144577026
0.6379455327987671
0.8060339689254761
0.7421245574951172
0.770575761795044
0.7829049825668335
0.6935228109359741
0.7507036924362183
0.7311246395111084
0.7472193241119385
0.7908844947814941
0.7923444509506226
0.7455358505249023
0.6555541753768921
0.7756909132003784
0.7901031970977783
0.7362322807312012
0.6378689408302307
0.782207727432251
0.7448945045471191
0.6927032470703125
0.620631217956543
0.6352558135986328
0.8314884901046753
0.7446165084838867
0.7573579549789429
0.8063904047012329
0.7895443439483643
0.5599619150161743
0.8197928667068481
0.7757716178894043
0.6976733207702637
0.834715723991394
0.8361294269561768
0.8042653799057007
0.7975547313690186
0.8274346590042114
0.7049232721328735
0.6458329558372498
0.7991214990615845
0.7897348403930664
0.6591129302978516
0.853928804397583
0.7918652296066284
0.7894046306610107
0.6299291849136353
0.7314331531524658
0.7615704536437988
0.7831356525421143
0.7023196220397949
0.717658281326294
0.702155351638794
0.756183385848999
0.8059955835342407
0.764174222946167
0.6923624277114868
0.7182064056396484
0.6763961315155029
0.8078047037124634
0.7938164472579956
0.7812080383300781
0.7640867233276367
0.8394962549209595
0.671726405620575
0.6870372295379639
0.6585050225257874
0.8413207530975342
0.8208029270172119
0.6843504905700684
0.6405725479125977
0.786544680595398
0.706579327583313
0.7753931283950806
0.749873161315918
0.6322788000106812
0.7786239385604858
0.874453067779541
0.836646318435669
0.8162037134170532
0.7462575435638428
0.7163006067276001
0.7980244159698486
0.8080569505691528
0.7385544776916504
0.6508685350418091
0.7909044027328491
0.7585467100143433
0.54001384973526
0.7870060205459595
0.7417110204696655
0.6255029439926147
0.7773746252059937
0.5365038514137268
0.8191759586334229
0.7368603944778442
0.8741053342819214
0.7184600830078125
0.7486995458602905
0.7939116954803467
0.7777763605117798
0.7362697124481201
0.8226891756057739
0.8524128198623657
0.767425537109375
0.7898440361022949
0.7597968578338623
0.739255428314209
0.7912908792495728
0.8158485889434814
0.8025515079498291
0.6686097383499146
0.8074663877487183
0.778862476348877
0.7963640689849854
0.6654345989227295
0.6147269606590271
0.7173862457275391
0.695976197719574
0.643216609954834
0.7963582277297974
0.6539791822433472
0.7491455078125
0.8292807340621948
0.8274149894714355
0.7061886787414551
0.7954719066619873
0.6666511297225952
0.7805134057998657
0.8363679647445679
0.725348711013794
0.681840181350708
0.6424175500869751
0.8050811290740967
0.6771891117095947
0.7192866802215576
0.7326688766479492
0.6702669858932495
0.8653823137283325
0.8189998865127563
0.8011335134506226
0.8184686899185181
0.7688039541244507
0.7766209840774536
0.6918445825576782
0.7608108520507812
0.7760403156280518
0.6556477546691895
0.8349015712738037
0.6923168897628784
0.7699270248413086
0.8117717504501343
0.6468504667282104
0.7979820966720581
0.7949848175048828
0.7425884008407593
0.7230734825134277
0.6901587247848511
0.7172969579696655
0.6768028736114502
0.8051609992980957
0.6420279741287231
0.8095253705978394
0.6433722972869873
0.7014741897583008
0.7880909442901611
0.8130186796188354
0.769146203994751
0.7609273195266724
0.7283817529678345
0.6518670320510864
0.7869263887405396
0.7752231359481812
0.820122241973877
0.8520570993423462
0.8191726207733154
0.7703694105148315
0.7785837650299072
0.8306224346160889
0.7272820472717285
0.6854890584945679
0.8555384874343872
0.6921051740646362
0.7613650560379028
0.6490033864974976
0.6845377683639526
0.7795705795288086
0.7595305442810059
0.7244529724121094
0.6753513813018799
0.8107614517211914
0.6776958703994751
0.7804088592529297
0.8151384592056274
0.7704719305038452
0.6489691734313965
0.83379065990448
0.6974622011184692
0.7150511741638184
0.7927078008651733
0.6945347189903259
0.6627107858657837
0.6204701066017151
0.681169867515564
0.8068045377731323
0.8024535179138184
0.8143751621246338
0.7092201709747314
0.7334089279174805
0.7800967693328857
0.7916688919067383
0.7500274181365967
0.7955304384231567
0.692792534828186
0.6571053862571716
0.7705544233322144
0.7043594121932983
0.71355140209198
0.6332331895828247
0.7569222450256348
0.7542390823364258
0.743895411491394
0.7124065160751343
0.7478460073471069
0.7370543479919434
0.8256227970123291
0.6946616172790527
0.6640021204948425
0.8006011247634888
0.6602244973182678
0.8662925958633423
0.766132116317749
0.8284053802490234
0.7349700927734375
0.7446624040603638
0.8482023477554321
0.799645185470581
0.8395681381225586
0.6682262420654297
0.6541099548339844
0.7753691673278809
0.8484688997268677
0.7503398656845093
0.7072679400444031
0.6644165515899658
0.6376681327819824
0.7421799898147583
0.6850036382675171
0.7302141189575195
0.6943095922470093
0.8007032871246338
0.8123940229415894
0.7790701389312744
0.7783463001251221
0.6769945621490479
0.7576818466186523
0.7492959499359131
0.5883561372756958
0.8185429573059082
0.6627582311630249
0.7725788354873657
0.6594719886779785
0.7418701648712158
0.7797679901123047
0.7330162525177002
0.6086910367012024
0.6359968185424805
0.6449217796325684
0.8135030269622803
0.8066900968551636
0.7302067279815674
0.8426741361618042
0.8070225715637207
0.7246477603912354
0.792513370513916
0.6550365686416626
0.6478064060211182
0.6162557601928711
0.7704592943191528
0.7516331672668457
0.8851155042648315
0.5251034498214722
0.6602301597595215
0.6216366291046143
0.8166168928146362
0.8382033109664917
0.723456621170044
0.7849500179290771
0.8509247303009033
0.7672544717788696
0.6771881580352783
0.6688989400863647
0.8663755655288696
0.6737823486328125
0.7905935049057007
0.6867908239364624
0.7010846138000488
0.7725396156311035
0.6826430559158325
0.7867499589920044
0.7762835025787354
0.7613407373428345
0.7526503801345825
0.7651721239089966
0.7739869356155396
0.6585400104522705
0.8149272203445435
0.663209080696106
0.6598211526870728
0.8270270824432373
0.7998583316802979
0.7005056142807007
0.7462165355682373
0.8312829732894897
0.795805811882019
0.7626888751983643
0.6149764060974121
0.7847607135772705
0.6686832904815674
0.7525973320007324
0.7888675928115845
0.8407118320465088
0.6916935443878174
0.620278000831604
0.7631829977035522
0.7665655612945557
0.7508107423782349
0.7554285526275635
0.8151699304580688
0.75806725025177
0.811257004737854
0.7187992334365845
0.705375611782074
0.7480206489562988
0.7979474067687988
0.69188392162323
0.6542676687240601
0.821503758430481
0.8264734745025635
0.8045902252197266
0.770937442779541
0.7476692199707031
0.7743840217590332
0.7968381643295288
0.7792966365814209
0.730941653251648
0.7499282360076904
0.818578839302063
0.6056270599365234
0.6953933835029602
0.8145451545715332
0.706703245639801
0.6775184869766235
0.7464241981506348
0.6505312919616699
0.7836192846298218
0.63847815990448
0.7770503759384155
0.7824187278747559
0.8356889486312866
0.7096740007400513
0.7826813459396362
0.786744236946106
0.8373551368713379
0.7697509527206421
0.8207756280899048
0.7113292217254639
0.6003120541572571
0.7209815979003906
0.6422703266143799
0.7871958017349243
0.6538949012756348
0.7998983860015869
0.799957275390625
0.7300944328308105
0.8129227161407471
0.8296318054199219
0.8052765130996704
0.7339904308319092
0.7657196521759033
0.6589869260787964
0.7898827791213989
0.7236517667770386
0.7696492671966553
0.7962485551834106
0.7104607820510864
0.7757773399353027
0.8469229936599731
0.6700023412704468
0.7850983142852783
0.8428922891616821
0.8538964986801147
0.8435508012771606
0.7167379260063171
0.7323825359344482
0.7782303094863892
0.7001210451126099
0.7080138921737671
0.8184224367141724
0.6120582818984985
0.6934934854507446
0.7821347713470459
0.7747071981430054
0.8024610280990601
0.7479287385940552
0.6613810062408447
0.7088868021965027
0.7610576152801514
0.6445765495300293
0.7541207075119019
0.8254901170730591
0.8853880167007446
0.7849384546279907
0.6655327081680298
0.7456352710723877
0.7473876476287842
0.8290815353393555
0.6105778217315674
0.6154636144638062
0.743065595626831
0.7919279336929321
0.5750172138214111
0.7413814067840576
0.6573715806007385
0.7647643089294434
0.7774585485458374
0.7866414785385132
0.8495644330978394
0.566258430480957
0.7831496000289917
0.8214305639266968
0.8308581113815308
0.7631286382675171
0.8063631057739258
0.6935948133468628
0.7512807846069336
0.7039995193481445
0.6917961835861206
0.8235795497894287
0.7832030057907104
0.8023597002029419
0.7085154056549072
0.6340843439102173
0.8071029186248779
0.7520848512649536
0.6923964023590088
0.7258610725402832
0.6172713041305542
0.7857213020324707
0.770246148109436
0.7675405740737915
0.8447866439819336
0.8019304275512695
0.7442976236343384
0.6464564800262451
0.7416863441467285
0.6859796643257141
0.7451517581939697
0.8020480871200562
0.8144364356994629
0.7926554679870605
0.8357384204864502
0.7812408208847046
0.6083250045776367
0.6620594263076782
0.561438798904419
0.7303929328918457
0.6883156299591064
0.7642241716384888
0.7903611660003662
0.8284443616867065
0.5885854959487915
0.6558560132980347
0.6450486183166504
0.811400294303894
0.8222541809082031
0.5907883048057556
0.6082931756973267
0.632222056388855
0.7237832546234131
0.7593774795532227
0.8668566942214966
0.6724485158920288
0.7506983280181885
0.8035584688186646
0.8054639101028442
0.7002710103988647
0.6720330715179443
0.6900684833526611
0.7930158376693726
0.7841094732284546
0.8108582496643066
0.785642147064209
0.7898750305175781
0.6303079128265381
0.596131443977356
0.6803253889083862
0.7035346031188965
0.7196927070617676
0.8074213266372681
0.7751897573471069
0.7282718420028687
0.6640266180038452
0.809006929397583
0.8259814977645874
0.8060988187789917
0.8387099504470825
0.7987803220748901
0.8150635957717896
0.8007949590682983
0.7081774473190308
0.7852779626846313
0.774030327796936
0.7641321420669556
0.6859728693962097
0.7059980630874634
0.8150926828384399
0.748643159866333
0.532593846321106
0.6895621418952942
0.7552496194839478
0.7782461643218994
0.5963770151138306
0.787563681602478
0.7545777559280396
0.6302667856216431
0.7241618633270264
0.8380886316299438
0.8002088069915771
0.8056193590164185
0.6642955541610718
0.7548723220825195
0.7198680639266968
0.729743242263794
0.8123770952224731
0.6858090162277222
0.6554067134857178
0.8202018737792969
0.5374618768692017
0.604741096496582
0.7502297163009644
0.8178069591522217
0.6466624736785889
0.7755913734436035
0.8086851835250854
0.7129533290863037
0.7729214429855347
0.8003412485122681
0.6792038679122925
0.743054986000061
0.8233788013458252
0.7548671960830688
0.7677804231643677
0.8331443071365356
0.7739459276199341
0.6939654350280762
0.7185460329055786
0.8360280990600586
0.7236526012420654
0.7636404037475586
0.7777074575424194
0.6809297800064087
0.8164442777633667
0.80945885181427
0.6900628805160522
0.5811094045639038
0.6785421371459961
0.755000114440918
0.6145616173744202
0.7625771760940552
0.6840369701385498
0.7952173948287964
0.8595573902130127
0.6515088081359863
0.7812035083770752
0.786186933517456
0.5740311145782471
0.7806618213653564
0.8735412359237671
0.7800344228744507
0.8450255393981934
0.7867074012756348
0.7384985685348511
0.8605375289916992
0.7545667886734009
0.757821798324585
0.7585021257400513
0.6274135112762451
0.7914748191833496
0.6236581206321716
0.8657171726226807
0.7396953105926514
0.6974636316299438
0.5535021424293518
0.6956617832183838
0.7910915613174438
0.7822110652923584
0.8033574819564819
0.7734326124191284
0.7051724195480347
0.7094759941101074
0.7320377826690674
0.7790185213088989
0.804175615310669
0.7556726932525635
0.6926594972610474
0.7938295602798462
0.8520239591598511
0.6561572551727295
0.772011399269104
0.7770897150039673
0.6594743728637695
0.7415064573287964
0.8097801208496094
0.7412213087081909
0.6951302289962769
0.7017873525619507
0.675568699836731
0.7591981887817383
0.7018953561782837
0.6975832581520081
0.8594648838043213
0.8245550394058228
0.8184518814086914
0.7892820835113525
0.7056072950363159
0.8420958518981934
0.7188665866851807
0.5995908975601196
0.7825406789779663
0.8594527244567871
0.675016462802887
0.7843774557113647
0.8712825775146484
0.8133249282836914
0.8106896877288818
0.8302991390228271
0.7305796146392822
0.7632176876068115
0.8172820806503296
0.6800901889801025
0.7827866077423096
0.6587083339691162
0.6747722625732422
0.6808909177780151
0.8241586685180664
0.8157895803451538
0.7793276309967041
0.7500478029251099
0.7993192672729492
0.7938398122787476
0.7984867095947266
0.7593966722488403
0.7838428020477295
0.8035823106765747
0.6465449333190918
0.7711571455001831
0.7312484979629517
0.7976155281066895
0.8566528558731079
0.7693349123001099
0.7140707969665527
0.7814716100692749
0.7818095684051514
0.8151566982269287
0.722135066986084
0.7438278198242188
0.7411242723464966
0.7876535654067993
0.7249250411987305
0.7772301435470581
0.5575352907180786
0.8178906440734863
0.8348662853240967
0.6674224138259888
0.7035114765167236
0.7628852128982544
0.7451885938644409
0.8433499336242676
0.6972854733467102
0.6514045000076294
0.7405052185058594
0.776092529296875
0.6981492638587952
0.7850861549377441
0.772270679473877
0.8403174877166748
0.7513852119445801
0.7905325889587402
0.7880430221557617
0.6082619428634644
0.754058837890625
0.7716041803359985
0.7696030139923096
0.7186802625656128
0.8290623426437378
0.730410099029541
0.8597927093505859
0.7222635746002197
0.4800354540348053
0.7874749898910522
0.7506186962127686
0.8173999786376953
0.7137168645858765
0.6843844652175903
0.7713192701339722
0.6383503675460815
0.7010873556137085
0.7771302461624146
0.7320486307144165
0.7811150550842285
0.7513461112976074
0.7326815128326416
0.7404669523239136
0.7869462966918945
0.8424493074417114
0.7524975538253784
0.7868872880935669
0.7963091135025024
0.7670692205429077
0.8063843250274658
0.8521255254745483
0.6089205741882324
0.6595979928970337
0.6291019916534424
0.8634283542633057
0.6443539261817932
0.7275458574295044
0.7090262174606323
0.5375980138778687
0.7355157136917114
0.8077852725982666
0.6821104884147644
0.6230250597000122
0.848812460899353
0.7757374048233032
0.7296240329742432
0.7314966917037964
0.6904685497283936
0.7395224571228027
0.7837350368499756
0.7761822938919067
0.7625277042388916
0.7423979043960571
0.6896886825561523
0.7376043796539307
0.7204058170318604
0.8001421689987183
0.7826404571533203
0.8442772626876831
0.7802001237869263
0.6028238534927368
0.7221182584762573
0.8357094526290894
0.8374165296554565
0.8142102956771851
0.6964967250823975
0.5829868316650391
0.7974281311035156
0.7438977956771851
0.7381296157836914
0.73380446434021
0.767274022102356
0.789514422416687
0.7029944658279419
0.8251456022262573
0.662993848323822
0.7812867164611816
0.7844239473342896
0.7259526252746582
0.8344088792800903
0.6987872123718262
0.8224927186965942
0.7987595796585083
0.6892415285110474
0.7442700862884521
0.7416424751281738
0.6273181438446045
0.7687736749649048
0.7852572202682495
0.8012533187866211
0.593359112739563
0.7852104902267456
0.7280690670013428
0.7861924171447754
0.8642103672027588
0.6682358384132385
0.7173640727996826
0.8476604223251343
0.7291595935821533
0.7955044507980347
0.7916632890701294
0.7684845924377441
0.7782813310623169
0.8524901866912842
0.8518021106719971
0.8055119514465332
0.790746808052063
0.7914808988571167
0.7183586955070496
0.7987020015716553
0.6877208948135376
0.7238080501556396
0.7032240629196167
0.8692797422409058
0.7751049995422363
0.7283918857574463
0.640965461730957
0.7855737209320068
0.6502702236175537
0.8550838232040405
0.7795244455337524
0.5907289981842041
0.6655559539794922
0.8380929231643677
0.8150629997253418
0.7541882991790771
0.6016544103622437
0.7043051719665527
0.663359522819519
0.8282606601715088
0.7557088136672974
0.7655038833618164
0.7992696762084961
0.7740370035171509
0.803000807762146
0.7028028964996338
0.8203535079956055
0.6382870674133301
0.8410662412643433
0.568366527557373
0.8051975965499878
0.6865066885948181
0.7420364618301392
0.654133677482605
0.7261073589324951
0.7828879356384277
0.7223647832870483
0.8477115631103516
0.7959432601928711
0.79322350025177
0.783200740814209
0.7766926288604736
0.7027510404586792
0.8460226058959961
0.7328959703445435
0.6581665277481079
0.7258726358413696
0.8221712112426758
0.7789305448532104
0.7740322351455688
0.7858196496963501
0.6357623934745789
0.7677979469299316
0.7893538475036621
0.7140839099884033
0.7595647573471069
0.8363502025604248
0.8107364177703857
0.8001947402954102
0.782492995262146
0.685692548751831
0.8094367980957031
0.7758177518844604
0.8075515031814575
0.7616658210754395
0.8417273759841919
0.6981289386749268
0.8405582904815674
0.7851204872131348
0.8611196279525757
0.6685669422149658
0.7720543146133423
0.8377014398574829
0.837174654006958
0.538909375667572
0.7247943878173828
0.6846094131469727
0.8168705701828003
0.7771586179733276
0.5755240321159363
0.7780592441558838
0.8005263805389404
0.7353208065032959
0.7726583480834961
0.786025881767273
0.798729658126831
0.6871322393417358
0.7823680639266968
0.5373920202255249
0.8059991598129272
0.712356448173523
0.6444454193115234
0.8052655458450317
0.7632521390914917
0.7150888442993164
0.617102861404419
0.739120602607727
0.6905815601348877
0.8049367666244507
0.7231234312057495
0.7842824459075928
0.8279434442520142
0.8465561866760254
0.833349347114563
0.6458160877227783
0.6763354539871216
0.8122837543487549
0.7919458150863647
0.8113082647323608
0.7149379253387451
0.7689266204833984
0.6198432445526123
0.5610682964324951
0.8137848377227783
0.813392162322998
0.775824785232544
0.8138794898986816
0.669862687587738
0.835503339767456
0.7426949739456177
0.7195457220077515
0.7804790735244751
0.6974796056747437
0.6972693204879761
0.6595994830131531
0.7059969902038574
0.802125096321106
0.6483519077301025
0.7494535446166992
0.7772170305252075
0.7221262454986572
0.6666098833084106
0.73287034034729
0.7492223978042603
0.6860131025314331
0.7000980973243713
0.8201309442520142
0.8277812004089355
0.6192682981491089
0.7328062057495117
0.8077298402786255
0.7952753305435181
0.7145152688026428
0.7998905181884766
0.6193039417266846
0.7875783443450928
0.7490379810333252
0.7946672439575195
0.790367841720581
0.8288123607635498
0.7910014390945435
0.8881243467330933
0.7354931831359863
0.7175967693328857
0.6313056945800781
0.7693266868591309
0.7364504337310791
0.758948564529419
0.8271158933639526
0.8111004829406738
0.5533097982406616
0.8323265314102173
0.7108150720596313
0.6534605026245117
0.6894412040710449
0.8080923557281494
0.8065237998962402
0.6647515296936035
0.7805763483047485
0.7693363428115845
0.8204432725906372
0.6612275242805481
0.7708923816680908
0.7127546072006226
0.7655590772628784
0.6268401145935059
0.6752046346664429
0.7216150760650635
0.74775230884552
0.7586424350738525
0.7788126468658447
0.7582693099975586
0.6420794725418091
0.85524582862854
0.7618674039840698
0.791295051574707
0.7673360109329224
0.806748628616333
0.8044348955154419
0.634922981262207
0.8914861679077148
0.7088381052017212
0.8200862407684326
0.785995602607727
0.6329541206359863
0.7731987237930298
0.6849850416183472
0.6900069713592529
0.7892417907714844
0.7536270618438721
0.7790651321411133
0.7004749774932861
0.7620148658752441
0.8497962951660156
0.7718160152435303
0.6033592224121094
0.6544786691665649
0.7913762331008911
0.687395453453064
0.726319432258606
0.607507050037384
0.808944582939148
0.843035101890564
0.8578019142150879
0.7881040573120117
0.6916093826293945
0.6587581634521484
0.7364153861999512
0.6437320709228516
0.7466964721679688
0.7799420356750488
0.7512295246124268
0.7403683662414551
0.7647407054901123
0.7818640470504761
0.7935680150985718
0.5904369354248047
0.7195775508880615
0.8260320425033569
0.7791246175765991
0.8332630395889282
0.7120767831802368
0.8723421096801758
0.7108044624328613
0.7580282688140869
0.6188826560974121
0.6985746622085571
0.6366653442382812
0.8096599578857422
0.4422426223754883
0.7354413270950317
0.7840940952301025
0.7829452753067017
0.5816457271575928
0.759009838104248
0.7976089715957642
0.7062159776687622
0.8057165145874023
0.772441029548645
0.6407538652420044
0.7978432178497314
0.7617708444595337
0.8441816568374634
0.8114416599273682
0.7898397445678711
0.8909921646118164
0.7757502794265747
0.7295461893081665
0.7249979972839355
0.7390944957733154
0.7428345680236816
0.6306675672531128
0.691830039024353
0.6829291582107544
0.6978487968444824
0.7562849521636963
0.6795660257339478
0.7728850841522217
0.7109015583992004
0.8098784685134888
0.6775994300842285
0.7796077728271484
0.7528278827667236
0.8070015907287598
0.7901707887649536
0.862195611000061
0.7719305753707886
0.7735607624053955
0.759550929069519
0.8022396564483643
0.7882547378540039
0.7072335481643677
0.6561458110809326
0.8110020160675049
0.800983190536499
0.8512141704559326
0.7666209936141968
0.7882294654846191
0.8445773124694824
0.8364275693893433
0.7710158824920654
0.7920173406600952
0.7380673885345459
0.7074182629585266
0.6069217920303345
0.8311970233917236
0.8609210252761841
0.7962591648101807
0.7387670278549194
0.7170577049255371
0.8492763042449951
0.7593291997909546
0.8039183616638184
0.8520728349685669
0.764894962310791
0.7031827569007874
0.6616034507751465
0.7890135049819946
0.7503926753997803
0.7744327783584595
0.7432172298431396
0.8010309934616089
0.7475570440292358
0.8013497591018677
0.8626091480255127
0.7280761003494263
0.7738754749298096
0.8430283069610596
0.6980553269386292
0.6544312238693237
0.8448251485824585
0.6829661726951599
0.7408958673477173
0.7806746959686279
0.8154444694519043
0.615435004234314
0.7067891359329224
0.6343553066253662
0.8215826749801636
0.7999790906906128
0.7823871374130249
0.7529500722885132
0.8425511121749878
0.7146223783493042
0.7194876670837402
0.8333728313446045
0.7855314016342163
0.6581734418869019
0.7375043630599976
0.6555020809173584
0.8570836782455444
0.7988327741622925
0.7766213417053223
0.7127653360366821
0.7639354467391968
0.8115811347961426
0.7824325561523438
0.7387707233428955
0.6562649011611938
0.6728585958480835
0.8006311655044556
0.5523533821105957
0.7800195217132568
0.7788488864898682
0.6254764795303345
0.701453447341919
0.7469569444656372
0.7772986888885498
0.7629133462905884
0.8437469005584717
0.7520139217376709
0.687309980392456
0.7389147281646729
0.693358302116394
0.719957709312439
0.7877838611602783
0.6872010231018066
0.5823190212249756
0.7807499170303345
0.8185992240905762
0.6941237449645996
0.7963026762008667
0.830889105796814
0.8047802448272705
0.7768740653991699
0.6876178979873657
0.5551313161849976
0.6840368509292603
0.7683368921279907
0.8158198595046997
0.8231830596923828
0.6916797161102295
0.8186448812484741
0.8142309188842773
0.7745836973190308
0.6720530986785889
0.5912138819694519
0.7400383949279785
0.8194458484649658
0.8158618211746216
0.7827901840209961
0.6131871938705444
0.7882646322250366
0.7684551477432251
0.6959838271141052
0.6306122541427612
0.6697691082954407
0.8153398036956787
0.6211742162704468
0.7881470918655396
0.6247678399085999
0.6533421277999878
0.5517510771751404
0.7442330121994019
0.8015837669372559
0.6691391468048096
0.7726489305496216
0.7942124605178833
0.8181391954421997
0.8344528675079346
0.8364642858505249
0.6500561237335205
0.7992244958877563
0.7906705141067505
0.8271695375442505
0.644912600517273
0.7154299020767212
0.7043852806091309
0.7358579635620117
0.6312209367752075
0.763748049736023
0.6705836057662964
0.7314374446868896
0.6996393203735352
0.596459150314331
0.8455373048782349
0.6367582082748413
0.8420228958129883
0.7309497594833374
0.6891601085662842
0.726111888885498
0.8440760374069214
0.7577188014984131
0.6153500080108643
0.811782956123352
0.8081445693969727
0.8024841547012329
0.6779698133468628
0.6173633337020874
0.7916202545166016
0.6315661668777466
0.7443944215774536
0.7001136541366577
0.7075414657592773
0.700147271156311
0.8420792818069458
0.8313629627227783
0.7993440628051758
0.716615617275238
0.492086261510849
0.8342781066894531
0.7548627853393555
0.7209242582321167
0.7297402620315552
0.8395978212356567
0.737202525138855
0.8589335680007935
0.7717036008834839
0.8489682674407959
0.7361207008361816
0.7701284885406494
0.7940793037414551
0.6685370206832886
0.7655503749847412
0.6504622101783752
0.702076256275177
0.7267359495162964
0.8450008630752563
0.7371983528137207
0.7861191034317017
0.6722116470336914
0.5563997030258179
0.6485370397567749
0.7207027673721313
0.80082106590271
0.7196910381317139
0.7425591945648193
0.7008826732635498
0.7822220325469971
0.823218584060669
0.7852146625518799
0.7947248220443726
0.7836049795150757
0.800057053565979
0.8043440580368042
0.7887400388717651
0.852331280708313
0.8003370761871338
0.8130919933319092
0.8230776786804199
0.7131319046020508
0.6688075065612793
0.6818273067474365
0.7706382274627686
0.6652117967605591
0.5823538303375244
0.7190225124359131
0.8327255249023438
0.7837610244750977
0.8039300441741943
0.6732901334762573
0.6669594049453735
0.8091498613357544
0.7630677223205566
0.7720242738723755
0.6860156059265137
0.6911700963973999
0.7286423444747925
0.6717451214790344
0.6730951070785522
0.7715656757354736
0.7600363492965698
0.832507848739624
0.792282223701477
0.6768168807029724
0.7072359323501587
0.8637019395828247
0.657856822013855
0.8535041809082031
0.6445909738540649
0.6493040323257446
0.7664271593093872
0.7862187623977661
0.8645484447479248
0.7311241626739502
0.7330399751663208
0.8598805665969849
0.7611817121505737
0.7152146100997925
0.6258854866027832
0.7563326358795166
0.8041999340057373
0.62964928150177
0.6529494524002075
0.7886496782302856
0.6242355108261108
0.7316786050796509
0.6971889734268188
0.7075619101524353
0.7767362594604492
0.862011194229126
0.7866390943527222
0.7876297235488892
0.8377912044525146
0.7785471677780151
0.6108218431472778
0.6141098141670227
0.7911454439163208
0.8138786554336548
0.8365738391876221
0.7996522188186646
0.6821593046188354
0.7769885063171387
0.7183786630630493
0.8253042697906494
0.5917453765869141
0.7076756954193115
0.7808911800384521
0.7111075520515442
0.8327411413192749
0.6214836835861206
0.648704469203949
0.6884443759918213
0.8075437545776367
0.7871687412261963
0.7160885334014893
0.8343343734741211
0.7987579107284546
0.6659469604492188
0.6943401098251343
0.7310519218444824
0.8288025856018066
0.7057064771652222
0.7389681339263916
0.8247976303100586
0.7245327234268188
0.7745682001113892
0.7684720754623413
0.7389566898345947
0.7925553321838379
0.818743109703064
0.8137938976287842
0.8111153841018677
0.6773146390914917
0.7208544015884399
0.5893335342407227
0.8278512954711914
0.764582633972168
0.7591351270675659
0.7395405769348145
0.7090115547180176
0.6910419464111328
0.7911926507949829
0.753625750541687
0.7710825204849243
0.8483043909072876
0.7299772500991821
0.8066152334213257
0.6513419151306152
0.6633371114730835
0.7698677778244019
0.7384063005447388
0.7865878343582153
0.8169409036636353
0.8159319162368774
0.7920308113098145
0.548683762550354
0.8127858638763428
0.7196969985961914
0.7651009559631348
0.6960878372192383
0.6682993769645691
0.7862539291381836
0.6828873157501221
0.7753170728683472
0.5922437906265259
0.7353200912475586
0.7092125415802002
0.8118873834609985
0.8803752660751343
0.755634069442749
0.8270562887191772
0.6963651776313782
0.754982590675354
0.6735494136810303
0.7449522018432617
0.7943928241729736
0.7362595796585083
0.7808765172958374
0.7970901727676392
0.8602795600891113
0.7050034999847412
0.7017621994018555
0.7515302896499634
0.8460677862167358
0.6540048122406006
0.6588835716247559
0.7244045734405518
0.7057666778564453
0.7790021896362305
0.8560717105865479
0.8130255937576294
0.8739266395568848
0.8253366947174072
0.6726527214050293
0.6287240982055664
0.8019614219665527
0.7533448934555054
0.7365251779556274
0.6039808988571167
0.7060323357582092
0.6457617282867432
0.8559043407440186
0.8177696466445923
0.692853569984436
0.79050612449646
0.5267674922943115
0.7444853782653809
0.6653380393981934
0.7559322118759155
0.679195761680603
0.8252809047698975
0.7249783277511597
0.8272234201431274
0.7922978401184082
0.7633534669876099
0.7496731281280518
0.7734295129776001
0.7975707054138184
0.6434239149093628
0.6444348096847534
0.8065279722213745
0.589957594871521
0.8120746612548828
0.8134485483169556
0.7748384475708008
0.7775735855102539
0.8899919986724854
0.66078782081604
0.6526858806610107
0.77909255027771
0.5559666156768799
0.7383248805999756
0.800361156463623
0.797486424446106
0.6700272560119629
0.7032696604728699
0.8162623643875122
0.8197176456451416
0.7838901281356812
0.7779936790466309
0.8299425840377808
0.7820559740066528
0.8759971857070923
0.75867760181427
0.8003878593444824
0.727904200553894
0.778915524482727
0.8092511892318726
0.7186342477798462
0.8189918994903564
0.7735366821289062
0.7760748863220215
0.8155002593994141
0.7468416690826416
0.6666157841682434
0.7458378076553345
0.726943850517273
0.7765494585037231
0.7678720951080322
0.7755575180053711
0.6739089488983154
0.7186285257339478
0.7902930974960327
0.8067119121551514
0.7906873226165771
0.6862256526947021
0.656264066696167
0.7900769710540771
0.7823024988174438
0.764338493347168
0.7639124393463135
0.7181600332260132
0.829744815826416
0.6958165764808655
0.772235631942749
0.8646824359893799
0.6798969507217407
0.8116819858551025
0.8346303701400757
0.8132351636886597
0.7699668407440186
0.7232997417449951
0.7135661244392395
0.6842879056930542
0.7113449573516846
0.6349093317985535
0.7334632873535156
0.7672004699707031
0.7587863206863403
0.8837839365005493
0.7772184610366821
0.6870683431625366
0.6581531763076782
0.8025586605072021
0.6815305948257446
0.7930461168289185
0.6924515962600708
0.5925467014312744
0.7034003734588623
0.794642448425293
0.8254671096801758
0.7825850248336792
0.6820530891418457
0.7788652181625366
0.7936360836029053
0.6023617386817932
0.6934276819229126
0.7587848901748657
0.7743871212005615
0.8625321388244629
0.6675093173980713
0.7876979112625122
0.7958135604858398
0.785724401473999
0.6667064428329468
0.8073693513870239
0.7824147939682007
0.6589826345443726
0.8466565608978271
0.7889673709869385
0.7683440446853638
0.6381810903549194
0.8112567663192749
0.7692122459411621
0.8898258209228516
0.7614933252334595
0.7281609773635864
0.7781581878662109
0.8297135829925537
0.6627084016799927
0.7972058057785034
0.6269973516464233
0.8041950464248657
0.7760735750198364
0.6314353942871094
0.779120683670044
0.7611265182495117
0.7706146240234375
0.7329089641571045
0.732546329498291
0.6748752593994141
0.718095064163208
0.5663081407546997
0.7093168497085571
0.6302922964096069
0.6795988082885742
0.793376088142395
0.7416896820068359
0.7501641511917114
0.6476948261260986
0.76003098487854
0.7921994924545288
0.6428115367889404
0.8573276996612549
0.7819375991821289
0.73912513256073
0.7697794437408447
0.6747220754623413
0.7987618446350098
0.7827426195144653
0.7933247089385986
0.7820096015930176
0.6781023740768433
0.7331303358078003
0.779585599899292
0.8521939516067505
0.7834360599517822
0.8414674997329712
0.806912899017334
0.7885991334915161
0.6968711614608765
0.7828803062438965
0.6216123104095459
0.7744830846786499
0.778988242149353
0.7717876434326172
0.7880867719650269
0.6997864246368408
0.7978039979934692
0.854179859161377
0.7705172300338745
0.7491260766983032
0.6496677398681641
0.850756049156189
0.6959731578826904
0.7544808387756348
0.7421215772628784
0.7210172414779663
0.6592813730239868
0.5650564432144165
0.6418441534042358
0.822779655456543
0.6280679702758789
0.8147218227386475
0.6866308450698853
0.8889446258544922
0.6989308595657349
0.7687020301818848
0.7066332101821899
0.8201098442077637
0.7740739583969116
0.7019926905632019
0.7543238401412964
0.7830018997192383
0.7596096992492676
0.783203125
0.8417004346847534
0.8056505918502808
0.7684890031814575
0.7989168167114258
0.7991074323654175
0.8605194091796875
0.6024447679519653
0.6908025741577148
0.7602143287658691
0.7869234085083008
0.8204760551452637
0.5846731662750244
0.7930425405502319
0.7742024660110474
0.796209454536438
0.7081741094589233
0.6510905027389526
0.7968754768371582
0.7260565757751465
0.7076793909072876
0.7775565385818481
0.6377649307250977
0.782096266746521
0.8358680009841919
0.7950501441955566
0.8398195505142212
0.5752348303794861
0.7531719207763672
0.8303543329238892
0.7193969488143921
0.7046778202056885
0.7931257486343384
0.7071623802185059
0.6603468656539917
0.8459786176681519
0.780706524848938
0.7036510705947876
0.8345011472702026
0.7301809787750244
0.7732560634613037
0.7192186117172241
0.67633056640625
0.6723277568817139
0.712039589881897
0.8130295276641846
0.7789793014526367
0.718720555305481
0.7279475927352905
0.8047118186950684
0.7872071266174316
0.8537890911102295
0.8690838813781738
0.7630585432052612
0.8372689485549927
0.7945352792739868
0.7733974456787109
0.8309940099716187
0.7825437784194946
0.6854621171951294
0.8163079023361206
0.7157325744628906
0.8297442197799683
0.6888872385025024
0.7660931348800659
0.8363538980484009
0.8496955633163452
0.6885442137718201
0.6457263231277466
0.7112366557121277
0.7618474960327148
0.7619341611862183
0.8145157098770142
0.8121360540390015
0.7378895282745361
0.630890429019928
0.8072828054428101
0.8107256889343262
0.7909446954727173
0.8022757768630981
0.740492582321167
0.8000196218490601
0.8654125928878784
0.7115488648414612
0.8422242403030396
0.6550955176353455
0.7317987680435181
0.7258588075637817
0.5917027592658997
0.8250672817230225
0.7115454077720642
0.7213869094848633
0.7457579374313354
0.8007340431213379
0.6985037922859192
0.8501662015914917
0.7488657236099243
0.8063130378723145
0.7453795671463013
0.7471370697021484
0.7764567136764526
0.7629778385162354
0.802027702331543
0.6898687481880188
0.8607300519943237
0.6373323798179626
0.6694451570510864
0.7709776163101196
0.7676572799682617
0.818436861038208
0.833834171295166
0.7201498746871948
0.6862330436706543
0.7912496328353882
0.8317732810974121
0.7328500747680664
0.6836349964141846
0.810314416885376
0.8000574111938477
0.6260786652565002
0.7858767509460449
0.7936158180236816
0.7695531845092773
0.7859660387039185
0.8027606010437012
0.6465269327163696
0.8429288864135742
0.7871242761611938
0.806013822555542
0.6952779293060303
0.7765789031982422
0.808429479598999
0.7071805000305176
0.7417480945587158
0.7746543884277344
0.7286999225616455
0.7647576332092285
0.7573823928833008
0.6400786638259888
0.8070816993713379
0.8501687049865723
0.7884327173233032
0.7543820142745972
0.8100399971008301
0.8638408184051514
0.8130801916122437
0.6497663855552673
0.7982789278030396
0.6852874755859375
0.7002556324005127
0.8214205503463745
0.7892966270446777
0.6636055707931519
0.7164299488067627
0.8355624675750732
0.696241557598114
0.8457623720169067
0.8193454742431641
0.7715393304824829
0.7201069593429565
0.6968422532081604
0.6166369318962097
0.6297285556793213
0.6797225475311279
0.8200458288192749
0.7953590154647827
0.8360260725021362
0.7100929617881775
0.8311692476272583
0.8168114423751831
0.7571210861206055
0.7073445320129395
0.842931866645813
0.7110154628753662
0.7663148641586304
0.6903700828552246
0.7463299036026001
0.8111342191696167
0.6599850654602051
0.6738015413284302
0.7588901519775391
0.8456934690475464
0.7388714551925659
0.8186267614364624
0.8333020210266113
0.7901359796524048
0.7742774486541748
0.773621678352356
0.7900266647338867
0.7367950677871704
0.6745418906211853
0.6026227474212646
0.7728853225708008
0.7631793022155762
0.7712215185165405
0.6975725889205933
0.6583101749420166
0.7732274532318115
0.7617636919021606
0.7979999780654907
0.7739465236663818
0.7010550498962402
0.7821977138519287
0.7508785724639893
0.6435131430625916
0.7820450067520142
0.7915410995483398
0.786888837814331
0.8289097547531128
0.5089666843414307
0.7830839157104492
0.677473247051239
0.6994037628173828
0.7536962032318115
0.8102966547012329
0.7299607992172241
0.6822386980056763
0.6706809997558594
0.6148959398269653
0.7318971157073975
0.7865262031555176
0.8176531791687012
0.7388608455657959
0.808312177658081
0.7593752145767212
0.7464536428451538
0.7610474824905396
0.7589104175567627
0.8022171258926392
0.7677516937255859
0.7405822277069092
0.8011956214904785
0.6700963973999023
0.7687230110168457
0.6786367893218994
0.7892593145370483
0.8052061796188354
0.6498702764511108
0.6116089820861816
0.8051983118057251
0.7387634515762329
0.7536141872406006
0.8716706037521362
0.7103400230407715
0.797034502029419
0.7708818912506104
0.8028233051300049
0.6944972276687622
0.6810702085494995
0.7671421766281128
0.794661283493042
0.8032116889953613
0.8129280805587769
0.7683990001678467
0.6824243068695068
0.8136805295944214
0.8152704238891602
0.7646150588989258
0.8047930002212524
0.6662020683288574
0.713323712348938
0.59353107213974
0.8190457820892334
0.6691488027572632
0.7240267992019653
0.7465792894363403
0.7127488851547241
0.8191975355148315
0.8526687622070312
0.7681072950363159
0.7697691917419434
0.6920160055160522
0.7183654308319092
0.7955551147460938
0.6734908819198608
0.8661915063858032
0.7670391798019409
0.5534002780914307
0.6820996403694153
0.8151113986968994
0.7711399793624878
0.6768434047698975
0.7982680797576904
0.724266767501831
0.7338382005691528
0.7738159894943237
0.7419382333755493
0.8160313367843628
0.7394343614578247
0.8072510957717896
0.7404839992523193
0.7710809707641602
0.6302186250686646
0.6861792802810669
0.6450269222259521
0.6590725183486938
0.7609721422195435
0.6628541946411133
0.682982325553894
0.8216395378112793
0.703108549118042
0.777525782585144
0.7921059131622314
0.7694356441497803
0.6016665101051331
0.780559778213501
0.6081720590591431
0.7464421987533569
0.7948876619338989
0.7803117036819458
0.7690516710281372
0.7111817598342896
0.7998365163803101
0.7461950778961182
0.7759866714477539
0.8133832216262817
0.7618824243545532
0.8484599590301514
0.7051827907562256
0.7526575326919556
0.7499927282333374
0.7121894359588623
0.7028284668922424
0.7317464351654053
0.8309506177902222
0.7925733327865601
0.7659770250320435
0.8034300804138184
0.7074108719825745
0.747117280960083
0.8102927207946777
0.8046697378158569
0.8140237331390381
0.7825392484664917
0.7311722040176392
0.5698986053466797
0.5706015825271606
0.5820334553718567
0.7780947685241699
0.7772232294082642
0.685675859451294
0.745203971862793
0.8289939165115356
0.6813622713088989
0.7284804582595825
0.7101392149925232
0.6545158624649048
0.714847207069397
0.7177572846412659
0.7952818870544434
0.7981364727020264
0.7947261333465576
0.8496354818344116
0.7225782871246338
0.7394386529922485
0.7199989557266235
0.8288136720657349
0.7582012414932251
0.7977311611175537
0.6179280281066895
0.7642725706100464
0.8096915483474731
0.6747450828552246
0.6815328598022461
0.7845287322998047
0.7837740182876587
0.7195805311203003
0.7999801635742188
0.614621102809906
0.7645255327224731
0.6467583179473877
0.6657971143722534
0.6965540647506714
0.8637428283691406
0.6538854837417603
0.8089209794998169
0.8152008056640625
0.7679888010025024
0.818161129951477
0.669676661491394
0.8122879266738892
0.7396446466445923
0.7888604402542114
0.7930153608322144
0.7989535331726074
0.6882802248001099
0.6926079988479614
0.7303136587142944
0.6938346028327942
0.7431763410568237
0.7976274490356445
0.7816487550735474
0.7734677791595459
0.8101916313171387
0.7116119861602783
0.7790384292602539
0.8126975297927856
0.7604854106903076
0.7825483083724976
0.6064310073852539
0.7359719276428223
0.7902361154556274
0.8286241292953491
0.7923904657363892
0.6340643167495728
0.7977523803710938
0.7330437898635864
0.7634139060974121
0.7194759845733643
0.7724169492721558
0.7779079675674438
0.7283765077590942
0.7546231746673584
0.8463616371154785
0.7086992263793945
0.8243700265884399
0.7344261407852173
0.6679282784461975
0.811349630355835
0.6880950927734375
0.7908315658569336
0.8157602548599243
0.6800939440727234
0.7011128664016724
0.7151069045066833
0.8332465887069702
0.7833646535873413
0.8275283575057983
0.8015121221542358
0.7233340740203857
0.6456476449966431
0.8860996961593628
0.7540990114212036
0.8190892934799194
0.7735046148300171
0.6397991180419922
0.7450002431869507
0.7586231231689453
0.8413370847702026
0.7745046615600586
0.7752900123596191
0.7790591716766357
0.7889434099197388
0.8591786623001099
0.8149762153625488
0.6326178312301636
0.7162041664123535
0.7328510284423828
0.8268721103668213
0.873995304107666
0.6842049360275269
0.7930896282196045
0.7619785070419312
0.6633476614952087
0.7193769216537476
0.8040593862533569
0.6783847808837891
0.7104872465133667
0.7345448732376099
0.691657543182373
0.7047596573829651
0.7051131725311279
0.8121262788772583
0.6834957599639893
0.7998193502426147
0.7943524122238159
0.7138239145278931
0.792122483253479
0.7894042730331421
0.5145392417907715
0.8028059005737305
0.7813609838485718
0.808347225189209
0.7991652488708496
0.8074111938476562
0.624292254447937
0.7194682359695435
0.7918082475662231
0.5455166101455688
0.7593954801559448
0.8071225881576538
0.8549395799636841
0.5362244248390198
0.7879289388656616
0.810814619064331
0.8669778108596802
0.7318321466445923
0.6379989385604858
0.8468676805496216
0.7795969247817993
0.8422073125839233
0.6051099300384521
0.6047673225402832
0.6664700508117676
0.7598819732666016
0.7842838764190674
0.7897900342941284
0.7064323425292969
0.7697683572769165
0.6680091619491577
0.7232751846313477
0.6936624050140381
0.6125853061676025
0.7167518138885498
0.6690695285797119
0.7867792844772339
0.7889374494552612
0.6523603796958923
0.7059298753738403
0.5322964191436768
0.8301935195922852
0.7159492373466492
0.7971397638320923
0.6558053493499756
0.7912726402282715
0.7537150382995605
0.6644561290740967
0.7694685459136963
0.6222172975540161
0.6242574453353882
0.7163082361221313
0.7343825101852417
0.6996053457260132
0.6272451877593994
0.7786190509796143
0.7287551164627075
0.6746894121170044
0.8008723258972168
0.6924341917037964
0.575699508190155
0.7458698749542236
0.7506505250930786
0.7995514869689941
0.6673952341079712
0.7718803882598877
0.771320104598999
0.6648027896881104
0.7561521530151367
0.7393583059310913
0.7130098938941956
0.6314722895622253
0.7187881469726562
0.7267191410064697
0.7766739130020142
0.7993065118789673
0.6318542957305908
0.6665033102035522
0.789339542388916
0.8164942264556885
0.7426295280456543
0.7439744472503662
0.8176418542861938
0.814307451248169
0.6487473249435425
0.7580885887145996
0.7114943861961365
0.807234525680542
0.8025871515274048
0.8426394462585449
0.7089322805404663
0.7559117078781128
0.7934799194335938
0.743801474571228
0.7611196041107178
0.8418314456939697
0.7133768796920776
0.7439283132553101
0.6138662099838257
0.6795927286148071
0.7472569942474365
0.5775927305221558
0.6571327447891235
0.8751465082168579
0.7893869876861572
0.8211084604263306
0.6383626461029053
0.7832114696502686
0.7275370359420776
0.6758866310119629
0.8196847438812256
0.7168592810630798
0.6831166744232178
0.6697251796722412
0.7039375305175781
0.5811449289321899
0.6871858835220337
0.5848383903503418
0.7814055681228638
0.7833164930343628
0.7502599954605103
0.7052160501480103
0.7925509214401245
0.817001223564148
0.7758954763412476
0.8605506420135498
0.6715861558914185
0.8005387783050537
0.6117671728134155
0.8292471170425415
0.8042798042297363
0.6884803771972656
0.8162903785705566
0.7826662063598633
0.7539647817611694
0.7209481000900269
0.7937096357345581
0.7175873517990112
0.5522056818008423
0.7762714624404907
0.8720300197601318
0.7313895225524902
0.7665804624557495
0.8134194612503052
0.7370340824127197
0.8335037231445312
0.8085942268371582
0.7246174812316895
0.789891242980957
0.7804619073867798
0.796356201171875
0.8308672904968262
0.7334145307540894
0.7552210092544556
0.7929421663284302
0.7512689828872681
0.752130389213562
0.5476444959640503
0.7994507551193237
0.811017632484436
0.7869033813476562
0.7748837471008301
0.759292483329773
0.7857707738876343
0.8308484554290771
0.7898123264312744
0.7589505910873413
0.6421554088592529
0.8020709753036499
0.7811061143875122
0.767645001411438
0.7711747884750366
0.7437640428543091
0.8469433784484863
0.7659074068069458
0.869081974029541
0.7919927835464478
0.705365777015686
0.801749587059021
0.8004773855209351
0.7231297492980957
0.7725087404251099
0.8130152225494385
0.7513848543167114
0.7676334381103516
0.8336228132247925
0.816808819770813
0.7474591732025146
0.701693058013916
0.6943165063858032
0.6921312212944031
0.6541476249694824
0.8079918622970581
0.810757040977478
0.628612756729126
0.761643648147583
0.7790405750274658
0.7771673202514648
0.6980484127998352
0.7399390935897827
0.713475227355957
0.7834697961807251
0.7673194408416748
0.7795889377593994
0.7294316291809082
0.558512806892395
0.7646442651748657
0.8037943840026855
0.8680428266525269
0.8348608016967773
0.7804193496704102
0.8005051612854004
0.8003720045089722
0.7809610366821289
0.7101095914840698
0.8138095140457153
0.860114574432373
0.8039072751998901
0.760969877243042
0.7972692251205444
0.7019936442375183
0.7795320749282837
0.8012398481369019
0.8527220487594604
0.7779401540756226
0.6660652160644531
0.7093710899353027
0.8340554237365723
0.7467638254165649
0.7987246513366699
0.5085780024528503
0.7740567922592163
0.8120222091674805
0.7551131248474121
0.8013828992843628
0.6616731882095337
0.7181503772735596
0.7396196126937866
0.7185636758804321
0.8035248517990112
0.7215574979782104
0.8050627708435059
0.730326771736145
0.7831788063049316
0.6826938390731812
0.697730541229248
0.786628007888794
0.7929929494857788
0.7575459480285645
0.6679115295410156
0.5872440338134766
0.6502096652984619
0.7860519886016846
0.7229522466659546
0.6302638053894043
0.7487486600875854
0.7103463411331177
0.7691938877105713
0.7711231708526611
0.8033014535903931
0.8113800287246704
0.7982724905014038
0.5761256217956543
0.8090059757232666
0.7184118628501892
0.7075268626213074
0.7176210880279541
0.6707168817520142
0.840782642364502
0.692556619644165
0.7547743320465088
0.7394365072250366
0.846016526222229
0.7513300180435181
0.7356466054916382
0.814717173576355
0.8146533966064453
0.6997079849243164
0.7020251750946045
0.7267047166824341
0.836226224899292
0.7924844026565552
0.6549882888793945
0.7820342779159546
0.6397742033004761
0.8191428184509277
0.7637091875076294
0.8324873447418213
0.7136568427085876
0.6823596954345703
0.7769912481307983
0.7944272756576538
0.6716901063919067
0.6061358451843262
0.6151535511016846
0.7739396095275879
0.7947301864624023
0.8549752235412598
0.636682391166687
0.795390248298645
0.7155301570892334
0.8276312351226807
0.6209045648574829
0.7845158576965332
0.846358060836792
0.7194476127624512
0.8005709648132324
0.7696903944015503
0.7062809467315674
0.6957477331161499
0.7785013914108276
0.7472724914550781
0.8644134998321533
0.6661887168884277
0.8037968873977661
0.7812371253967285
0.7406556606292725
0.7935103178024292
0.6969090700149536
0.8104190826416016
0.8087047338485718
0.6881022453308105
0.798579216003418
0.5423521399497986
0.7522739171981812
0.7838941812515259
0.7964370250701904
0.7035503387451172
0.6560239791870117
0.765023946762085
0.8759740591049194
0.791429877281189
0.6401029825210571
0.7294337749481201
0.7056432962417603
0.7190662622451782
0.8113231658935547
0.6965444087982178
0.805329442024231
0.690025806427002
0.7388468980789185
0.8451753854751587
0.7695721387863159
0.76531982421875
0.6514214277267456
0.7294821739196777
0.7034246921539307
0.7832672595977783
0.8009886741638184
0.7744746208190918
0.8432992696762085
0.6581463813781738
0.7374064922332764
0.8001600503921509
0.5515966415405273
0.7567534446716309
0.8681023120880127
0.8353532552719116
0.798946738243103
0.7798129320144653
0.8329688310623169
0.6327135562896729
0.8219783306121826
0.844482421875
0.8479945659637451
0.6931613683700562
0.8372079133987427
0.6921370029449463
0.7482177019119263
0.6911050081253052
0.7454319000244141
0.791214108467102
0.7761029005050659
0.7291911840438843
0.7013591527938843
0.6756954193115234
0.690252423286438
0.7458473443984985
0.7329504489898682
0.6330935955047607
0.8376976251602173
0.8312903642654419
0.7156499624252319
0.682266116142273
0.7743877172470093
0.8061038255691528
0.6756508350372314
0.7593903541564941
0.7836818695068359
0.7144905924797058
0.5874115228652954
0.7544897794723511
0.7192505598068237
0.7385437488555908
0.7718906402587891
0.727338433265686
0.6920030117034912
0.7110999226570129
0.6139131784439087
0.8271474838256836
0.7672109603881836
0.7751247882843018
0.7238450050354004
0.7979518175125122
0.7906768321990967
0.7783529758453369
0.7939859628677368
0.834222674369812
0.6979761123657227
0.7889927625656128
0.7093133330345154
0.7616257667541504
0.8046994209289551
0.6558566093444824
0.733862042427063
0.7499828338623047
0.7273199558258057
0.7575181722640991
0.6897076368331909
0.7650973796844482
0.7926415205001831
0.7662742137908936
0.8247450590133667
0.6609067916870117
0.6526738405227661
0.8288406133651733
0.8667742013931274
0.8542279005050659
0.75184166431427
0.6952557563781738
0.8001278638839722
0.8168085813522339
0.632912278175354
0.7643922567367554
0.7061007022857666
0.6497411727905273
0.8444494009017944
0.7073276042938232
0.7095247507095337
0.8119226694107056
0.8101741075515747
0.7204433679580688
0.8025814294815063
0.7186903953552246
0.8215590715408325
0.787601113319397
0.7670191526412964
0.6424310207366943
0.7269812822341919
0.7613688707351685
0.681999683380127
0.7654850482940674
0.6274402737617493
0.7016714811325073
0.7082386016845703
0.6786820888519287
0.666439950466156
0.7216970920562744
0.7981187105178833
0.6830477714538574
0.5068121552467346
0.7403128147125244
0.8175759315490723
0.7083123922348022
0.7330639362335205
0.8284264802932739
0.8260715007781982
0.7975151538848877
0.7531378269195557
0.8454486131668091
0.7005153894424438
0.6551656723022461
0.7720462083816528
0.8864425420761108
0.6695315837860107
0.6643725633621216
0.7647988796234131
0.7930256128311157
0.7880194187164307
0.8468084335327148
0.7887067794799805
0.7725058794021606
0.8611680269241333
0.7876143455505371
0.7011724710464478
0.8101315498352051
0.7638965845108032
0.759224534034729
0.7605501413345337
0.770000696182251
0.8157931566238403
0.7129497528076172
0.810200572013855
0.8360559940338135
0.7742664813995361
0.5617274045944214
0.6737880110740662
0.8104722499847412
0.8246684074401855
0.66712486743927
0.7430980205535889
0.8073734045028687
0.8578972816467285
0.630782961845398
0.819847822189331
0.7800483703613281
0.6242498159408569
0.7009990215301514
0.8127366304397583
0.7624746561050415
0.7892745733261108
0.790264368057251
0.7878677845001221
0.7548811435699463
0.7792103290557861
0.8472809791564941
0.5607503652572632
0.8227255344390869
0.7693884372711182
0.6201353073120117
0.7365587949752808
0.6914256811141968
0.7460209131240845
0.7271953821182251
0.8406308889389038
0.7670667171478271
0.7834478616714478
0.7838717699050903
0.7326370477676392
0.5984801054000854
0.6785128712654114
0.6590473055839539
0.7150752544403076
0.782812237739563
0.8132821321487427
0.6765669584274292
0.8150249719619751
0.7290138006210327
0.7980078458786011
0.6835120916366577
0.7376762628555298
0.7742583751678467
0.8249975442886353
0.7834163904190063
0.7780904769897461
0.8018760681152344
0.7682474851608276
0.684755802154541
0.7937933206558228
0.5769269466400146
0.7584223747253418
0.8008439540863037
0.7992441654205322
0.7190614938735962
0.6584075689315796
0.7766646146774292
0.6843613386154175
0.8350769281387329
0.8190188407897949
0.8147897720336914
0.7567230463027954
0.6531704664230347
0.6860009431838989
0.7174839973449707
0.7102169990539551
0.8123146295547485
0.7974913120269775
0.8007932901382446
0.8273347616195679
0.7924103736877441
0.7275384664535522
0.7781120538711548
0.5819249153137207
0.7724499702453613
0.8242721557617188
0.6567756533622742
0.7846109867095947
0.7742912769317627
0.7888195514678955
0.7916489839553833
0.8220090866088867
0.7556675672531128
0.7858525514602661
0.7755683660507202
0.7836397886276245
0.7019268274307251
0.7931671142578125
0.8865852355957031
0.6733845472335815
0.7423561811447144
0.7805678844451904
0.8134876489639282
0.8588483333587646
0.7781286239624023
0.7124392986297607
0.5854188799858093
0.7962980270385742
0.7864927053451538
0.7560687065124512
0.834557056427002
0.7377593517303467
0.8331805467605591
0.6743769645690918
0.796532392501831
0.6736754775047302
0.6963189840316772
0.8297648429870605
0.6972471475601196
0.7691100835800171
0.7734559774398804
0.8165428638458252
0.7814680337905884
0.8018735647201538
0.8029903173446655
0.7784430980682373
0.7766063213348389
0.769505500793457
0.737541913986206
0.7251769304275513
0.7585242986679077
0.7320692539215088
0.7378305196762085
0.8118889331817627
0.789934515953064
0.6697423458099365
0.6340246200561523
0.8749876022338867
0.7445826530456543
0.7598601579666138
0.6563536524772644
0.8161712884902954
0.7748020887374878
0.7000817060470581
0.7747519016265869
0.7989529371261597
0.8056079149246216
0.6162968873977661
0.7044821977615356
0.5452571511268616
0.8160629272460938
