crRNA spacer,bh_maximal consecutive paired bases,bh_maximal consecutive unpaired bases,bh_5' overhang,bh_3' overhang,bh_5' stem,bh_3' stem,dsDNA target,ah_maximal consecutive paired bases,ah_maximal consecutive unpaired bases,ah_5' overhang,ah_3' overhang,ah_5' stem,ah_3' stem,PAM-proximal region,central region,PAM-distal region,crRNA spacer,bh_maximal consecutive paired bases,bh_maximal consecutive unpaired bases,bh_5' overhang,bh_3' overhang,bh_5' stem,bh_3' stem,dsDNA target,ah_maximal consecutive paired bases,ah_maximal consecutive unpaired bases,ah_5' overhang,ah_3' overhang,ah_5' stem,ah_3' stem,PAM-proximal region,central region,PAM-distal region
0.7683188,0.84891015,0.5740613,0.5740613,0.97322625,0.94736844,0.94736844,0.49730286,0.5071639,1.0,1.0,1.0,0.5071639,0.5071639,0.6694905,0.34801516,0.47221366,0.01672796281658889,-0.0017595577169185511,0.012043301977423135,-0.023611183073321843,-0.001166926302572836,0.0010348898163030115,0.005404654412626057,0.008354699638157822,0.010267354959025997,0.0,0.0,0.0,0.0020995720425365065,0.0060218430837498905,-0.13932616439309478,0.03027222953248505,0.019093875338619264
0.7075613,0.6924521,0.93773437,0.93773437,0.97322625,0.94736844,0.94736844,0.5330721,0.5430645,1.0,1.0,1.0,0.5430645,0.5430645,0.43949056,0.51245964,0.6912137,0.0043293590030678685,0.003412485145631411,-0.008422559163793501,0.01748331171016644,-0.004039534226464549,-0.0030420642650820927,0.021075543834011272,0.013502506604311942,0.01746615755093975,0.0,0.0,0.0,0.0075984598989206585,0.008267882229989131,0.028653753949292524,0.00323092754370418,-0.04150755718382257
0.73062944,0.83814347,0.7542858,0.93773437,0.76627636,0.94736844,0.94736844,0.36037958,0.37312913,1.0,1.0,1.0,0.37312913,0.37312913,0.38324052,0.38468182,0.31021357,0.0036976406342428035,-0.0017843513778001941,0.002291611013696824,0.009937406761825345,0.003569991581819563,7.713230967758794e-05,0.008688857167953036,-0.013227736580714957,-0.013547984038464017,0.0,0.0,0.0,-0.018693069412097762,-0.005383980282657154,0.06709801578033123,0.021683454356312436,0.042925258202271444
0.68388695,0.8351259,0.43870023,0.43870023,0.9375,0.94736844,0.99324316,0.42461058,0.43596566,1.0,1.0,1.0,0.43596566,0.43596566,0.40824062,0.6446819,0.3492136,-0.0011593585004240675,-0.003749125385043443,-0.0031249492053102832,-0.021154908197169052,0.0009182322885505886,6.836425053777885e-05,0.02334570871389222,0.005655889232034278,0.0030970064336448837,0.0,0.0,0.0,-0.006516538674256182,0.0037543260808310546,0.04544436690134839,-0.018674578380598147,0.04471539095945801
0.95157635,0.8752768,0.6269677,0.6269677,0.9027577,0.94736844,0.94736844,0.7123029,0.7148437,1.0,1.0,1.0,0.7148437,0.7148437,0.7819905,0.62690413,0.6742137,0.039611283605511416,-0.00970602970765705,0.0014642547448230675,-0.01742709456881581,0.0004272449504308404,0.001178581243481542,0.005000767773098245,0.01585219154356016,0.023217134006234694,0.0,0.0,0.0,0.022433131792806184,-0.002894272300556175,-0.22970616300000002,-0.02683278540104707,-0.040611047363101165
0.5908188,0.8351259,0.7518398,0.7518398,0.9062,0.94736844,0.94736844,0.3530721,0.36325526,1.0,1.0,1.0,0.36325526,0.36325526,0.2594905,0.32579294,0.4952136,-0.014801421295067198,-0.0033929327040232602,0.00026656271708449966,-0.007111570109358589,-0.00017282225141581877,-0.0006195921364633071,0.01283438457675017,-0.012951734405078573,-0.017553629056230594,0.0,0.0,0.0,-0.015474127158475492,-0.004368734414601268,0.08371090871273303,0.026865023447610614,0.009805870945567275
0.69850826,0.81568396,0.8205808,0.97322625,0.9375,0.94736844,0.9774537,0.5592261,0.5682623,1.0,1.0,1.0,0.5682623,0.5682623,0.7332405,0.5569041,0.47721368,0.004615611672710476,0.00012321367373516746,-0.001385315948427892,0.02574749559157542,-0.0025719920745634174,-0.0014718544498395136,0.016748848616408525,0.017227423294167536,0.016611709999476244,0.0,0.0,0.0,0.011399654061966491,0.006624980396608244,-0.22298489440935085,-0.00801117318402726,0.016034564971606272
0.8360083,0.8718827,0.8134541,0.8134541,0.84817314,0.94736844,0.94736844,0.5484566,0.5577707,1.0,1.0,1.0,0.5577707,0.5577707,0.3644905,0.53023744,0.6852137,0.0133714304046998,-0.001744954254355621,0.0005107165942169216,-0.002121009505168452,0.00361670841356344,-0.0002626049004087219,0.009893931016788171,0.012326397037287915,0.017047447519043323,0.0,0.0,0.0,0.008432124494435912,0.00903810587872664,0.06096108588755664,0.0005889610077961524,-0.037554811589472964
0.73581886,0.8924943,0.83766073,0.9375,0.9375,0.8924943,0.91811174,0.6242259,0.631398,1.0,1.0,1.0,0.631398,0.631398,0.6369905,0.6435707,0.5612137,0.005128925633625767,-0.0073659608466630395,0.001181296531099195,0.020344885848983463,-0.002180663901490935,-0.0016697917798958563,0.007364854464706062,0.014375489833032957,0.012449015060225485,0.0,0.0,0.0,0.015536128921991214,0.0013436781357668182,-0.11495314485391912,-0.033341257894736444,-0.0035533407197366074
0.9998338,0.94736844,0.27422413,0.27422413,0.27422413,0.94736844,0.94736844,0.6649953,0.6633461,1.0,1.0,1.0,0.6633461,0.6633461,0.7269905,0.6169041,0.5952137,0.0614481040434024,-0.018996318875613094,0.008394712522968651,-0.02221181553518309,-0.006269358212982476,0.003485319378619719,0.008104175758742593,0.009917645868451105,0.015049466176143436,0.0,0.0,0.0,0.02307001348516403,0.003839427587750921,-0.16346296111082906,-0.01574080999722801,-0.01558516210675106
0.8621445,0.82957757,0.4131878,0.4131878,0.9375,0.94736844,0.82957757,0.5696106,0.57863283,1.0,1.0,1.0,0.57863283,0.57863283,0.4557405,0.6013486,0.6182137,0.0240885631707594,-0.0024780116013817764,0.005570647317129953,-0.01629025182941529,-1.789733895953476e-05,0.00020898990926986532,-0.01023900952842721,0.008260212173781556,0.015085253193537118,0.0,0.0,0.0,0.006939509104170205,0.0056432874262704125,0.017324347098274965,-0.01125521546480559,-0.020939842612074912
0.574872,0.7257598,0.83945024,0.9375,0.9375,0.92512906,0.99324316,0.47153357,0.48130038,1.0,1.0,1.0,0.48130038,0.48130038,0.5069906,0.46023738,0.4832136,-0.014391047311054405,0.0029919634114721847,-0.003003004571520111,0.02061787264975092,-0.0025982290720630774,-0.0006764619350709122,0.019637345944944803,0.004063350677714205,0.007678087890927705,0.0,0.0,0.0,-0.0011659759365039524,0.0058984707914133605,0.009036210319936351,0.01402390771086164,0.015063911963158825
0.6560082,0.83021325,0.7536796,0.7536796,0.9375,0.94736844,0.90702903,0.5296106,0.5440395,1.0,1.0,1.0,0.5440395,0.5440395,0.5544905,0.5724597,0.44721365,-0.005927511358483275,0.00039228836106597066,0.00029650347743515103,-0.00824327544804729,-0.0021445773767213585,-0.0015036979256450444,0.005254149826427675,0.008390267260455376,0.012307612050561433,0.0,0.0,0.0,0.0031767083132253574,0.0068561524852203655,-0.024140880235010324,-0.0015889407226310998,0.029758463057720376
0.93657637,0.87214583,0.6826044,0.97322625,0.7455921,0.94736844,0.94736844,0.56884134,0.5790624,1.0,1.0,1.0,0.5790624,0.5790624,0.5744905,0.6435708,0.46821365,0.02355634856736792,-0.004922371224099215,0.0017580094759711297,0.015687455808074183,0.00753759073688841,-0.0002881741266355915,0.0082409234255444,0.014361766694328537,0.017915510823875082,0.0,0.0,0.0,0.012432124958892293,0.009772059159034955,-0.036104622167813044,-0.02722342520783361,0.01795463906091551
0.62581897,0.56959426,0.97322625,0.97322625,0.9375,0.94736844,0.56987965,0.12653351,0.14183477,1.0,1.0,1.0,0.14183477,0.14183477,0.1919905,0.21579286,0.13321352,-0.013041218648651643,0.02042814574961021,0.004445060297130277,-0.0018975166248507134,8.733657030854672e-05,0.00017857183423666267,-0.10093647363140916,-0.08431357647048855,-0.0955780319925457,0.0,0.0,0.0,-0.04594064086635223,-0.03818442470667544,0.10130098421003639,0.012913261718726823,0.07441842322469043
0.636387,0.7757064,0.8181043,0.8662008,0.97322625,0.94736844,0.94736844,0.45537978,0.46701276,1.0,1.0,1.0,0.46701276,0.46701276,0.3069905,0.60245967,0.47321367,-0.005194240340841602,0.0018388673954415952,0.0012976994458430832,0.004097376983628297,-0.0026348516321752277,-0.0016783873093400299,0.01211673670795528,6.309180661854902e-05,0.0011496147866153154,0.0,0.0,0.0,-0.003862303465297359,0.0035991464254012413,0.08055617298373415,-0.006903283033120528,0.02316779466589995
0.90062946,0.76566553,0.6846224,0.6846224,0.9375,0.94736844,0.99324316,0.74191844,0.7460457,1.0,1.0,1.0,0.7460457,0.7460457,0.52074057,0.8246819,0.71721375,0.02458549649320394,0.0048786310842726995,0.0018156788229533882,-0.015515869734377996,-0.0020049484562063235,0.002772011032952423,0.012449361514219043,0.004736274835361258,0.010413094582456272,0.0,0.0,0.0,0.01519492698636432,-0.011463964657214007,-0.0020401140858414004,-0.09688886536353132,-0.05646512094475708
0.70081884,0.71388745,0.5495407,0.5495407,0.85603344,0.94736844,0.94736844,0.3453799,0.35880116,1.0,1.0,1.0,0.35880116,0.35880116,0.21074045,0.45912626,0.43421364,0.002420040500104253,0.006856116882952749,0.0017575268354904977,-0.011928503542719411,0.0003795323491776391,-0.00022847028380026585,0.005153497934477067,-0.007977863492001927,-0.019198479952459425,0.0,0.0,0.0,-0.013095087874869295,-0.002960635393822517,0.08909623468903327,0.01437612309419472,0.02763567803929899
0.4329402,0.8051949,0.7276048,0.7276048,0.9375,0.94736844,0.8769778,0.6734566,0.67201686,1.0,1.0,1.0,0.67201686,0.67201686,0.59324056,0.53245956,0.78421366,-0.04699492501773346,0.0025814672507163644,0.0006749489520746284,-0.010940865762261068,-0.004044742017808673,-0.0021171097780982337,-0.0025147392770511136,0.024843988102052204,0.020372176798505337,0.0,0.0,0.0,0.013367544822034701,-0.0034557310826833815,-0.06386538873757025,0.0020034274659114747,-0.08391766364170308
0.86388695,0.90907145,0.7408806,0.7408806,0.9375,0.94736844,0.90907145,0.90576434,0.90123993,1.0,1.0,1.0,0.90123993,0.90123993,0.8232405,0.8669041,0.8802137,0.016417061844022744,-0.010302986338517617,-0.0027722913548909826,-0.011703477948444434,-0.0020356741252742193,0.0008545589147557709,0.002048491104018849,0.009368332232572534,0.011381593942337778,0.0,0.0,0.0,0.02199274070872308,-0.024568125496512137,-0.22836525841405872,-0.0932877601257969,-0.10948842030015675
0.47044012,0.80695844,0.770773,0.9375,0.99197626,0.80695844,0.94736844,0.1899954,0.20332722,1.0,1.0,1.0,0.20332722,0.20332722,0.37574053,0.11801508,0.23921356,-0.04337548450936231,-0.0018570228734422884,0.0023350436398408437,0.0028842799759492567,-0.007697510609612935,-0.002933943773720997,0.012891461990056509,-0.08695065395529308,-0.08621036280915974,0.0,0.0,0.0,-0.05737425344497072,-0.035999172983720455,0.05629338692957915,0.01564998559571956,0.04246270644580777
0.752372,0.8632936,0.9396432,0.9375,0.97322625,0.9491732,0.94736844,0.52999526,0.5410171,1.0,1.0,1.0,0.5410171,0.5410171,0.61824054,0.40134844,0.5492137,0.0076889491128267805,-0.0006225333260306335,-0.01598781435770385,0.022591095816377305,-0.00757244227232219,-0.0005522832686678639,0.00981301326742374,0.011318719427962485,0.014028426531614194,0.0,0.0,0.0,0.003812798261521918,0.0065087814099859765,-0.07858574896290506,0.024587690095114016,0.004175048458447462
0.7535082,0.8209835,0.78727376,0.939427,0.93773437,0.94736844,0.94736844,0.5546105,0.56332964,1.0,1.0,1.0,0.56332964,0.56332964,0.6282405,0.5135708,0.47321367,0.008582178595431289,0.0010493799098358553,-0.0015325728569957312,0.018882956190999646,-0.0028497638421150122,-0.0009594943676734097,0.007135779191120859,0.012033641254423926,0.014777574426503341,0.0,0.0,0.0,0.006674173470517964,0.008078007833593833,-0.08367223880334418,0.009233551039700218,0.02006090092391851
0.7685082,0.7470019,0.57233816,0.57233816,0.9396432,0.94736844,0.94736844,0.5334568,0.5447539,1.0,1.0,1.0,0.5447539,0.5447539,0.48074055,0.36912632,0.6622137,0.010980704703392217,0.004669336033133829,0.005968098406739208,-0.019870716576512435,-0.0004803546029995125,-0.0009970467179806117,0.011862428115812165,0.009453400394058271,0.014290825699468308,0.0,0.0,0.0,0.0042956171455816716,0.0076146818478228925,0.022055386296806593,0.031834816393788545,-0.030061790016221245
0.49562952,0.4278065,0.7430101,0.7430101,0.9375,0.94736844,0.4278065,0.44499528,0.4588876,1.0,1.0,1.0,0.4588876,0.4588876,0.32074046,0.3691262,0.62721366,-0.05030138345164179,0.011699411868716099,-0.0018635480794394715,-0.004205567995345597,0.00019581845249756196,-0.006013817190872893,-0.16751269161636298,0.003565935608661577,-0.0011589000169405072,0.0,0.0,0.0,0.0007933039582148266,0.0035590578364752784,0.04621770240161285,0.018372897489060326,-0.02782697550419432
0.81388694,0.8770204,0.5434421,0.5434421,0.9062,0.94736844,0.94736844,0.5742258,0.5851618,1.0,1.0,1.0,0.5851618,0.5851618,0.33199048,0.58468187,0.70521367,0.015294950974624376,-0.004598092809242167,-0.0012164301032388067,-0.01885272341960208,0.0006583695446411009,0.00043521948246413243,0.008964882592679406,0.008875788948825068,0.01815561901631476,0.0,0.0,0.0,0.008211472469392155,0.005683815466687004,0.0640144021478902,-0.011792265169265315,-0.0540178407803076
0.92176574,0.86317396,0.22373772,0.22373772,0.9375,0.94736844,0.86317396,0.45076445,0.4652022,1.0,1.0,1.0,0.4652022,0.4652022,0.33574057,0.38912624,0.58021367,0.034026813289246546,-0.005871068894556338,0.002171670713813913,-0.012921858928797719,6.436839438811321e-05,0.0011517699995168293,-0.003198118987925618,0.005425201743775755,0.004281888851690788,0.0,0.0,0.0,-0.0007513281185091609,0.004695043238518677,0.058735177683784376,0.022120404437601885,-0.010542666888085927
0.7883189,0.80151427,0.7066275,0.7066275,0.9375,0.94736844,0.9195934,0.65307206,0.66190165,1.0,1.0,1.0,0.66190165,0.66190165,0.5694905,0.49690405,0.74221367,0.013024701814413701,0.001916595910871663,0.0011881133799624846,-0.015216962626522638,-0.003329496959549197,-0.0005701957887716521,0.006737013140392538,0.019134847528809198,0.023212016635467125,0.0,0.0,0.0,0.016749131422913673,0.00026745553628615084,-0.03516031324979683,0.008770655115087001,-0.06109117715145114
0.8483189,0.8468666,0.76737887,0.9375,0.9375,0.8468666,0.9210105,0.70807207,0.7180923,1.0,1.0,1.0,0.7180923,0.7180923,0.68949056,0.6069041,0.7042137,0.014647768287708024,-0.0039058617264138835,0.00046461975603120486,0.01580913033095424,-0.004788585070914158,-0.003589854018046776,0.0035145952271840026,0.018655423357873718,0.013374795567084076,0.0,0.0,0.0,0.025370126619911327,-0.005259281797132147,-0.15065613353998994,-0.02695703120535469,-0.04937468851088171
0.7602507,0.8412419,0.83318925,0.93773437,0.9375,0.94736844,0.9210105,0.51922596,0.53128433,1.0,1.0,1.0,0.53128433,0.53128433,0.48824048,0.47801515,0.59021366,0.006903880325313806,0.0006643145037801099,-0.0016760938017234984,0.0197920600180842,-0.002388913787659052,-0.0007792683665370986,0.006606580913109185,0.0049137270044402725,0.009442775575939748,0.0,0.0,0.0,0.0016008870510090378,0.006071566216308686,0.019058355610388863,0.009137478854980997,-0.008404373276290756
0.61081886,0.86317396,0.5621379,0.5621379,0.9375,0.94736844,0.9540876,0.45268747,0.4619895,1.0,1.0,1.0,0.4619895,0.4619895,0.5757405,0.32579294,0.4612136,-0.021330057413388087,-0.002671197142863228,0.009555785581439795,-0.0253059592858216,-0.00038270716588312574,0.0009621938200670125,0.006969358028760502,0.00019615963995620752,-0.0025097126395608195,0.0,0.0,0.0,-0.004333569523214866,0.005879840815467183,-0.041108585191253495,0.03349469932808358,0.025437117026317423
0.7225613,0.83513457,0.82265157,0.9375,0.84983134,0.83513457,0.94736844,0.477303,0.4877373,1.0,1.0,1.0,0.4877373,0.4877373,0.43949056,0.6180152,0.4112137,0.003507089213165016,-0.0022270924773859706,0.0018469006355162233,0.01383768213692836,0.002993337351672398,-0.0033666620141639993,0.018150537109205434,0.00583167633663444,0.008350588414021365,0.0,0.0,0.0,-0.0007326500591182067,0.004924615257086515,0.03278831657777952,-0.014891211842844344,0.028644314772122502
0.56294006,0.84372455,0.8003784,0.8003784,0.9375,0.94736844,0.835134,0.48999506,0.49604934,1.0,1.0,1.0,0.49604934,0.49604934,0.29199052,0.41468185,0.65621364,-0.018489831257043773,-0.001466069715291714,0.0014402706958485775,-0.003604718603587024,-0.0010746305602481426,-0.0026134595595160627,-0.02081980290956236,0.005796462926096684,0.007001201691842527,0.0,0.0,0.0,0.0015615308966415778,0.00558940918311529,0.07937493905445935,0.019117384392751856,-0.03372705706528035
0.53794,0.82255214,0.653947,0.653947,0.97322625,0.94736844,0.94736844,0.08999531,0.10536918,1.0,1.0,1.0,0.10536918,0.10536918,0.14199042,0.11023733,0.1662136,-0.029511297774765834,-0.0033809062221711876,-0.0019354751930854583,0.0019028778366831803,-0.00027376171566661345,0.0006074686296643548,0.00992209015367481,-0.0954794585888164,-0.11549662406877208,0.0,0.0,0.0,-0.06368775638614457,-0.04427831297613974,0.09578996737830899,0.016695052138002136,0.06426008345848126
0.6685082,0.8351259,0.6939778,0.9375,0.99197626,0.86317396,0.94736844,0.37230316,0.3850211,1.0,1.0,1.0,0.3850211,0.3850211,0.41949058,0.34801516,0.3822136,-0.005049423471717138,-0.002107312491461728,0.001390920481975877,0.007759407769920659,-0.005675688475216098,-0.0010143231046781632,0.008813087076203163,-0.013899175294018067,-0.013483157196409532,0.0,0.0,0.0,-0.016263163238060763,-0.0019180993432470375,0.05176765363717876,0.029021398701343966,0.034866396152584446
0.781387,0.8011119,0.6537548,0.6537548,0.9375,0.94736844,0.94417596,0.62461054,0.6356612,1.0,1.0,1.0,0.6356612,0.6356612,0.5044905,0.63245964,0.67721367,0.0097629103593441,0.002933541231269715,0.0003964023122029704,-0.015787693630742016,-0.0022832396266521653,-0.0003961792679516868,0.009728914067226362,0.010730314146085718,0.016107338655833813,0.0,0.0,0.0,0.012814584744566915,0.002027732007840506,0.008450919033508976,-0.026731840156515353,-0.0392433287084423
0.73426574,0.7452866,0.5324621,0.93370897,0.5289172,0.94736844,0.94736844,0.54307187,0.55282694,1.0,1.0,1.0,0.55282694,0.55282694,0.4469905,0.54468185,0.57621366,0.004685323436832803,0.004750436589862096,-0.0020824954531006405,0.012151311677519117,0.011581058584507722,-0.0005445121377042672,0.010845027258129896,0.01017483010995526,0.0150194112165913,0.0,0.0,0.0,0.006865810190930739,0.007582962753676588,0.0264827484469052,-0.0006938117887399053,-0.007123120099373587
0.73907644,0.5962926,0.97322625,0.9375,0.9375,0.5962926,0.9774537,0.35461074,0.36740124,1.0,1.0,1.0,0.36740124,0.36740124,0.40824056,0.47801515,0.28321362,0.007994551202432736,0.007020401249480201,-0.013949761323209764,0.01195326306789189,-0.00031018273287820023,-0.005854389163665887,0.016930013289491556,-0.008617538998837075,-0.011368836213864813,0.0,0.0,0.0,-0.01238350059594619,-0.0024468739526123627,0.049896443497289035,0.012092223860377877,0.04766701464685616
0.56619763,0.66441905,0.63742185,0.63742185,0.9375,0.94736844,0.90371996,0.38037974,0.39293024,1.0,1.0,1.0,0.39293024,0.39293024,0.4082405,0.34690413,0.39421368,-0.024948594067731665,0.0067480915482620255,0.0036650426359667466,-0.011228510350374062,0.0010585363757865773,-0.001031714190687543,0.0030592714456703367,-0.005833059272900587,-0.011563240945403388,0.0,0.0,0.0,-0.00734711078919906,0.0006668738914658835,0.04194195883964826,0.023785476463783636,0.03361199332194464
0.87657636,0.8718827,0.4053604,0.4053604,0.9375,0.94736844,0.8718827,0.6188413,0.6304975,1.0,1.0,1.0,0.6304975,0.6304975,0.5932405,0.53023744,0.6022136,0.02828057220397906,-0.005461859982712881,0.007898048558903447,-0.024007804856082084,-0.00010918331945654572,0.00164354482750811,0.0024538704456803103,0.010878021948687214,0.01827496590614688,0.0,0.0,0.0,0.01252412094371679,0.0036064217130928685,-0.04925576523120292,0.0006236406952476157,-0.012108740719130914
0.8660082,0.90702903,0.45746052,0.45746052,0.9375,0.94736844,0.9210105,0.38037974,0.39514127,1.0,1.0,1.0,0.39514127,0.39514127,0.4307406,0.40912616,0.4282136,0.020304576158714185,-0.010821411536306396,0.0027044280189444346,-0.021970688212992324,0.0007280093876587963,-0.001140680993406756,0.006925559052182097,-0.002586019779269402,-0.008592464257602602,0.0,0.0,0.0,-0.0130285259733313,-0.00036350014129338845,0.046202692634828305,0.02138366671682025,0.030206961767689344
0.35794014,0.8031801,0.93773437,0.9375,0.97322625,0.9210105,0.94736844,0.3457643,0.35867777,1.0,1.0,1.0,0.35867777,0.35867777,0.21074045,0.34245956,0.4832136,-0.05827017035911007,-0.0013170303560097632,0.0023877653158645255,0.008532795294813638,-0.00420303149238189,-0.0010412709125847926,0.015584967187408484,-0.022690971496410816,-0.02637092677311958,0.0,0.0,0.0,-0.019568803885167775,-0.00780820324160438,0.0871860756121003,0.023828509697674236,0.015513016632905613
0.5027507,0.63652635,0.7727039,0.9375,0.97322625,0.878765,0.94736844,0.111149274,0.12716095,1.0,1.0,1.0,0.12716095,0.12716095,0.21074045,0.03690402,0.23921356,-0.03480603451146182,0.02096567317900411,0.00513818624594385,-0.008478203876324468,-0.0019113757009855234,-0.0016280024960052724,0.012235318458491627,-0.11041359720882717,-0.12360211751340382,0.0,0.0,0.0,-0.06343651886670452,-0.05047324241702274,0.07373835615206657,0.010343935613620079,0.043239446470892895
0.9998338,0.94736844,0.5164872,0.5164872,0.5164872,0.94736844,0.94736844,0.85730296,0.85531735,1.0,1.0,1.0,0.85531735,0.85531735,0.8382405,0.81134856,0.81721365,0.04479346957487434,-0.015539643534803176,-0.0012281267197762219,-0.019616202407107288,0.029544926870858253,0.0008915413501799979,0.0024997107453955027,0.014549021716556592,0.002461570137815884,0.0,0.0,0.0,0.03704031545936836,-0.017621637836445304,-0.22996335875786245,-0.07657971265359864,-0.08096595058792362
0.8986976,0.8695136,0.6853223,0.6853223,0.84719163,0.94736844,0.94736844,0.5315335,0.5402722,1.0,1.0,1.0,0.5402722,0.5402722,0.6982406,0.4380152,0.45621365,0.03332709659907263,-0.004658950057817824,0.0028365092642559557,-0.01621922453372917,0.0022880632810445643,0.000853079411342498,0.011066716460310573,0.010610638753692628,0.014513371913340145,0.0,0.0,0.0,0.006733551099025891,0.007252048924086888,-0.16152054809682417,0.013954421429902634,0.020189925459778168
0.6077507,0.84372455,0.9068758,0.9068758,0.9375,0.94736844,0.9540876,0.58768743,0.5895054,1.0,1.0,1.0,0.5895054,0.5895054,0.5682405,0.466904,0.7632137,-0.010697091263107718,-0.0009766614144447413,-0.002060548924199894,0.02074744163389305,-0.0036626465125087966,-0.0007520201988644227,0.011385855283166227,0.016818448105922847,0.01564790217108402,0.0,0.0,0.0,0.00934316692482986,0.004166241609282076,-0.04947271024844478,0.012523156777474875,-0.06436138251803375
0.6917657,0.708707,0.5650631,0.5650631,0.9375,0.94736844,0.70636094,0.46961066,0.4831883,1.0,1.0,1.0,0.4831883,0.4831883,0.27949047,0.63690406,0.53421366,0.0012763263710146217,0.005607773825190125,0.001204524026992617,-0.012257861963938512,0.00043359921336573015,-0.00019968688134163308,-0.056649088560123184,0.006510796794259426,0.005351060042476261,0.0,0.0,0.0,0.0016143804217046698,0.004436684179397488,0.06235532293973187,-0.017742156839232817,0.0005739567208899388
0.8263869,0.89307725,0.67867607,0.9375,0.9375,0.9210105,0.9210105,0.4869184,0.5006331,1.0,1.0,1.0,0.5006331,0.5006331,0.37824053,0.5724596,0.4622136,0.016353390864781558,-0.005691350425425459,0.002104574042309098,0.008858182096075817,-0.00018805472732430349,-0.0007845656665181862,0.00773138420296049,0.006503648544455243,0.008614700246448462,0.0,0.0,0.0,0.00038738409129622454,0.005833355217765441,0.06038617637911895,-0.006967795839001562,0.019404633469726193
0.6054401,0.6504524,0.844046,0.9375,0.8662008,0.6504524,0.94736844,0.43576446,0.44734588,1.0,1.0,1.0,0.44734588,0.44734588,0.3844905,0.4257929,0.55421364,-0.011795536665525663,0.0067230194565463695,-0.0007451605309573895,0.02131624621205019,0.0018792129177619744,-0.00040254329176899124,0.004692211634843648,-9.657164262767012e-05,-0.0006562357499509977,0.0,0.0,0.0,-0.005226153497610746,0.0034874598530032198,0.05445359223212906,0.02233546217300886,0.004080671696602087
0.3825615,0.75039107,0.7892912,0.7892912,0.9062,0.94736844,0.94736844,0.37691835,0.3915745,1.0,1.0,1.0,0.3915745,0.3915745,0.48824054,0.30357075,0.39421368,-0.05889157147832949,0.0018413626685139252,-0.0006651900948938836,-0.004561598255897409,0.0003987893418228057,-0.0029418674601134833,0.011837361207446988,-0.02121123544960273,-0.015129377050702253,0.0,0.0,0.0,-0.01383654847248584,-0.001566809313474203,0.011193994468183642,0.02257927488506566,0.03206888954573045
0.4483189,0.822561,0.8205806,0.8709672,0.99197626,0.94736844,0.94736844,0.23153378,0.24524695,1.0,1.0,1.0,0.24524695,0.24524695,0.19699049,0.33579287,0.2942136,-0.041824838283868584,-0.0028875587921608995,0.006329705449086411,-0.0039549198700762,-0.003828544829910529,-0.0003629285928813977,0.014600480260834206,-0.061999958504174474,-0.06138738210010966,0.0,0.0,0.0,-0.04324353928784282,-0.02553648463441089,0.10365457089592979,0.01623501323022358,0.0482125493144102
0.8552508,0.7995279,0.92967683,0.92967683,0.89658135,0.94736844,0.94736844,0.6792258,0.6821478,1.0,1.0,1.0,0.6821478,0.6821478,0.6769905,0.48468176,0.79121363,0.015702086602456127,0.0019834341091968673,-0.008923917340244295,0.019915697955439998,0.00014701633154550747,-0.0010848576655430814,0.016028737049960943,0.017594693817550553,0.01624214645273513,0.0,0.0,0.0,0.01823194596386397,0.0019854537142575982,-0.12793407198969933,0.013494891218336556,-0.07061230988436666
0.92176574,0.8913406,0.4337813,0.4337813,0.9375,0.94736844,0.8913406,0.7061491,0.7174115,1.0,1.0,1.0,0.7174115,0.7174115,0.6269905,0.7335708,0.6492137,0.04563913682416275,-0.00978047830808549,0.0085301845926603,-0.004687576594772427,-0.0006285415597417737,0.004084178732061563,0.007687623055779486,0.0074237311254469855,0.018719038830141924,0.0,0.0,0.0,0.021449595092289307,-0.005911400780885546,-0.085839424488444,-0.05438530042487172,-0.03337284577156962
0.60119754,0.7789187,0.9045032,0.9045032,0.9062,0.94736844,0.94736844,0.32461065,0.33740696,1.0,1.0,1.0,0.33740696,0.33740696,0.29074037,0.26912636,0.3952136,-0.00924154032148556,-0.0006833145970378978,0.00023848987917540385,0.007686331069248874,0.0010223451600466906,-0.0012653093674232984,0.01840513616985555,-0.026997825032313284,-0.028503194735498415,0.0,0.0,0.0,-0.022577208330751355,-0.011782953768042826,0.07997352601588387,0.02118867105355704,0.032574317558331914
0.78619766,0.8838278,0.813979,0.97322625,0.90427727,0.94736844,0.94736844,0.5965337,0.60992485,1.0,1.0,1.0,0.60992485,0.60992485,0.30324042,0.6380152,0.6562137,0.008776618657923688,-0.002545715100702803,0.002252571496728581,0.014784802316844632,0.00011105497397434598,-0.00013300983118392587,0.00957438599929809,0.015020988991804613,0.019348754378645115,0.0,0.0,0.0,0.009767435123780997,0.008517577128949554,0.09214725148291471,-0.023041976975913325,-0.026446506098230647
0.8233189,0.82982767,0.7120869,0.7120869,0.9657926,0.94736844,0.94736844,0.5130721,0.51872176,1.0,1.0,1.0,0.51872176,0.51872176,0.46199054,0.56134856,0.50221366,0.014860306570502566,-0.000471878851391698,0.0027150947596822693,-0.009833356075317596,-0.001370942101949167,0.0004757139723336183,0.010406778532297527,0.00790660669170427,0.011136883590084913,0.0,0.0,0.0,0.0021751267166642647,0.006244497205747225,0.02613236379554067,-0.004719650225622626,0.01271542581840848
0.65487194,0.79066306,0.870967,0.9375,0.9375,0.79066306,0.99324316,0.6261492,0.6351949,1.0,1.0,1.0,0.6351949,0.6351949,0.61824054,0.5080151,0.6902137,-0.004566595772649393,0.003177907701938196,-0.0007981097332246614,0.01926153648643582,-0.003866754578763613,-0.004538576239804676,0.013698248320290379,0.019278557739525776,0.01905323003603806,0.0,0.0,0.0,0.0160639300278485,0.0049394361157590674,-0.08571804922272093,0.004184708911122709,-0.03924924369949251
0.56350815,0.76654816,0.35762897,0.35762897,0.9375,0.94736844,0.77891827,0.21999505,0.23299456,1.0,1.0,1.0,0.23299456,0.23299456,0.2182405,0.276904,0.26021367,-0.026199151947345265,0.005037825079026077,-0.004443410788137494,0.004297635712821725,0.000740962436684157,0.0004551782923263589,-0.03523407417696469,-0.05012652253947327,-0.07197156760575311,0.0,0.0,0.0,-0.04053428421279541,-0.022353475013190415,0.09269056824128268,0.01779016019556418,0.06114774826514582
0.51294017,0.06016798,0.9375,0.9375,0.9375,0.06016798,0.06016798,0.22384144,0.23770326,1.0,1.0,1.0,0.23770326,0.23770326,0.29324055,0.2424595,0.20621356,-0.03258561082070615,0.07079208496525927,-0.0017523644549642676,0.005577771330086911,-0.0011471558912641187,0.05158864540258581,-0.2681286218062903,-0.040572893198802445,-0.05953831936177168,0.0,0.0,0.0,-0.013392228398815384,-0.010958442146963558,0.05531962154708802,0.02079353690963659,0.06392142628793206
0.95157635,0.851229,0.7723233,0.92267436,0.7934771,0.94736844,0.94736844,0.7646105,0.7673569,1.0,1.0,1.0,0.7673569,0.7673569,0.6794905,0.80245966,0.6832137,0.026197814068346724,-0.0036705485702053318,0.0032279966590495583,0.011155509820233047,0.009000510292025843,0.0006171117290622505,0.006858530679524427,0.01692436360403455,0.008102595563230418,0.0,0.0,0.0,0.029647765041231625,-0.012036958604216956,-0.14120551296399536,-0.0882041850852252,-0.05040639937827027
0.5479401,0.82386917,0.9062,0.9062,0.9375,0.94736844,0.76814896,0.57191837,0.58315814,1.0,1.0,1.0,0.58315814,0.58315814,0.48824048,0.6013485,0.61821365,-0.02276774398969861,0.0010668561146514653,0.0018720389529618842,0.013369545820940578,-0.0027954510651678867,-0.0023007990325798447,-0.03294412835134707,0.015539118499758597,0.02120934583109053,0.0,0.0,0.0,0.009925227194684062,0.007174557611798349,0.00905399801960386,-0.008573889190025833,-0.025402584318645727
0.60044,0.836121,0.90427727,0.90427727,0.97322625,0.94736844,0.94736844,0.64345676,0.65437114,1.0,1.0,1.0,0.65437114,0.65437114,0.35699046,0.7969041,0.6222137,-0.01109866811658963,-0.0004955981249323713,0.0033080223583332987,0.008640495846714301,-0.004104325427946954,-0.0019481599856413752,0.013070956689807128,0.018508479028176098,0.021050141674749875,0.0,0.0,0.0,0.012631110600483574,0.005963102814389132,0.06849974857188394,-0.06475723404562637,-0.020757032268372354
0.52081895,0.81568533,0.6810789,0.6810789,0.90427727,0.94736844,0.94736844,0.45037988,0.46275482,1.0,1.0,1.0,0.46275482,0.46275482,0.25199044,0.51357067,0.5702137,-0.020233208968448123,6.874206032222253e-05,0.00018455693586389362,-0.01577391195993741,0.0004591211910866573,-0.0016551928286642043,0.014606714707492896,0.001165942792313665,0.0012332470169433938,0.0,0.0,0.0,-0.0034739292369001997,0.003941519827245995,0.08144916763409939,0.006864300353910756,-0.0056911676296488144
0.61756134,0.6520113,0.7555928,0.7555928,0.9375,0.94736844,0.92728084,0.531149,0.5390925,1.0,1.0,1.0,0.5390925,0.5390925,0.5257405,0.36468178,0.6952137,-0.008318998052480707,0.006435104002984118,-0.002312312223153028,-0.007328631244180943,-0.0023566459166072962,-0.003102382824912658,0.009133042721092617,0.012592778141969498,0.01866161943369114,0.0,0.0,0.0,0.005623252633257897,0.008431986376930888,-0.014384359388903655,0.026098470301627808,-0.038939571088176465
0.7733189,0.83687055,0.5994909,0.5994909,0.9396432,0.94736844,0.94736844,0.41307214,0.42598483,1.0,1.0,1.0,0.42598483,0.42598483,0.48074055,0.4824596,0.3492136,0.00995835042115089,-0.0008466173618600018,0.005325211113569516,-0.017068300175124843,0.0007933237344250001,0.00048638962316003605,0.005329957322012686,0.002116611070210506,-0.00228532502637511,0.0,0.0,0.0,-0.006904250389537676,0.001975676189235699,0.018235716440859223,0.01022611851417325,0.04484903314855902
0.80812955,0.83134204,0.87109214,0.87109214,0.85603344,0.94736844,0.94736844,0.3565335,0.36983806,1.0,1.0,1.0,0.36983806,0.36983806,0.15699041,0.406904,0.5462136,0.008626148405228429,-0.0012883607169876254,-1.4245457824615705e-05,0.0031844013770030133,0.0017827102891961315,-0.0012384466024621759,0.006548543324826414,-0.011427826596495792,-0.019592668956282956,0.0,0.0,0.0,-0.015950991932244557,-0.005242645004019566,0.09306267431483206,0.020663313615645218,0.0024848125505069272
0.64987206,0.6083681,0.8871432,0.8871432,0.8671419,0.94736844,0.94736844,0.43653357,0.44739226,1.0,1.0,1.0,0.44739226,0.44739226,0.5107406,0.38912624,0.4372136,-0.0033312785841003046,-0.004698505389328207,-0.014421974377822775,0.014838938410017264,0.0034881998527605245,-0.0021165744619734373,0.013625868617382724,-0.0014683484153467867,-0.0008142326433860958,0.0,0.0,0.0,-0.0038363240530744436,0.0021628965290649838,-0.014612225002804138,0.01710440415444446,0.01952807907785429
0.92676574,0.9210105,0.3154498,0.3154498,0.9375,0.94736844,0.99324316,0.5253796,0.53209835,1.0,1.0,1.0,0.53209835,0.53209835,0.58699054,0.3713485,0.60021365,0.04272081560516293,-0.015444930740585727,0.012278184969162925,-0.028359833707890924,5.9537168040260935e-05,0.0016967182926362196,0.019151346326673434,0.008135996941641601,0.010884121405951368,0.0,0.0,0.0,0.00461939302874534,0.00495816352655705,-0.05533701102967414,0.02560331323999156,-0.01519744190511193
0.8985082,0.7348976,0.5312666,0.8671419,0.62589455,0.94736844,0.94736844,0.43268746,0.43623564,1.0,1.0,1.0,0.43623564,0.43623564,0.50449055,0.4946819,0.39321366,0.018114155317291686,0.005549198580095553,0.0005970002528637011,0.001428467155246754,-0.0010812461084125009,-0.0010005526995293587,0.009008929576913977,0.001129924322879731,0.0007517797722484299,0.0,0.0,0.0,-0.008500580059116187,0.002675570586935384,0.0069035239237354926,0.009449628781300732,0.03388982527594219
0.3525614,0.8610319,0.9005916,0.9396432,0.939427,0.94736844,0.94736844,0.53076434,0.5409976,1.0,1.0,1.0,0.5409976,0.5409976,0.37824053,0.5680152,0.6292137,-0.06096863851579275,-0.000860159420038536,0.006669870557201566,0.01394816202481274,-0.0021877936444053337,-0.0012758524588579142,0.008041884052567186,0.010377162103703541,0.01379411520701455,0.0,0.0,0.0,0.005952247363759503,0.006484359285950963,0.0629630989948018,-0.008623319652298013,-0.022881949116737767
0.54794,0.73675466,0.78061694,0.78061694,0.9062,0.94736844,0.94736844,0.39422593,0.40685606,1.0,1.0,1.0,0.40685606,0.40685606,0.30949044,0.17801517,0.64421374,-0.020481944559448646,0.0011329542955502863,-0.0010716832827037173,-0.005187181753251446,0.0004970432427553898,-0.002137705153301506,0.01779881171583952,-0.006161287265839143,-0.00997900366004188,0.0,0.0,0.0,-0.008948919873895447,1.8665137797326814e-05,0.0714131867079684,0.03968101688709165,-0.024737246253981694
0.6602508,0.8718826,0.913646,0.913646,0.9657926,0.94736844,0.94736844,0.56884134,0.5752508,1.0,1.0,1.0,0.5752508,0.5752508,0.4807405,0.49357066,0.6882137,-0.0004484652757265303,-0.003576733142581967,-0.0012872780279409688,0.015526974750825788,-0.004719776401301162,-0.0026418351521518245,0.01884089003789209,0.01481526626335569,0.019272757887206494,0.0,0.0,0.0,0.008424846537841724,0.007635597445124192,0.015761406250565012,0.007548269990765463,-0.04497158568879047
0.66775066,0.83134204,0.7064155,0.9375,0.6682432,0.83134204,0.94736844,0.4157643,0.42796353,1.0,1.0,1.0,0.42796353,0.42796353,0.3582405,0.34468186,0.5112136,-0.00024296428265087878,-0.0012437203562572661,0.0022908468971975233,0.014806411663354774,0.006090702422769549,-0.0006225834012203908,0.0075805205781624896,-0.0030173697622855205,-0.004298262255881843,0.0,0.0,0.0,-0.007215658435064336,0.001222620881521419,0.0660198408451758,0.027312618436317906,0.009537991206765439
0.5586975,0.7504831,0.7169497,0.9375,0.9375,0.7504831,0.7504831,0.41845703,0.43206048,1.0,1.0,1.0,0.43206048,0.43206048,0.24074042,0.60468185,0.37721357,-0.0178538229266646,0.001903629424785447,0.0015796186106911143,0.005145671084345339,-0.0005941635587155118,0.0012832833553482602,-0.04723658309735661,0.006575984416199648,0.003680266237881191,0.0,0.0,0.0,0.0004588139740769767,0.004690230987202773,0.06893670231056312,-0.007151017991434732,0.03616171003860424
0.8783188,0.8609924,0.83766073,0.9375,0.9375,0.9365335,0.91174996,0.63345677,0.6432066,1.0,1.0,1.0,0.6432066,0.6432066,0.69199055,0.56579304,0.5362137,0.0159448203254633,-0.0035766865206766528,-0.0050277941707804205,0.019984302289169673,-0.0041445701108290866,2.7530041012161256e-05,0.003966064210050806,0.01292656346640395,0.013848123200853437,0.0,0.0,0.0,0.01733460792253213,0.001969755939830238,-0.16685357731330563,-0.015398666577302605,0.0039693578927130655
0.75544006,0.8065975,0.94547904,0.94547904,0.9201982,0.94736844,0.94736844,0.7207644,0.726292,1.0,1.0,1.0,0.726292,0.726292,0.7094905,0.6713485,0.7302137,0.006319492391340134,0.0004429381943409065,0.0007795155656684873,0.019458652146075454,-0.002175157450826177,-0.0008573470707399619,0.011428894478043216,0.019854869801336824,0.011870417754923352,0.0,0.0,0.0,0.021668281670468657,-0.0029427716933660645,-0.1717168717223475,-0.03733539874550853,-0.05415690291492657
0.7290764,0.8351259,0.34936094,0.34936094,0.97322625,0.94736844,0.94736844,0.47384146,0.4860038,1.0,1.0,1.0,0.4860038,0.4860038,0.3644905,0.5169041,0.47921363,0.004275064811806017,-0.0034296195587273687,-0.0007119144848022609,-0.027022818164743088,-5.844448179075562e-05,0.0009747110665704238,0.012359885968941855,0.0065362690789207666,0.006791802403686451,0.0,0.0,0.0,-0.0006530709140763172,0.006990911848997679,0.06393055552837418,0.006244941743888486,0.016333421899465937
0.5406295,0.33122015,0.9375,0.9375,0.9375,0.33122015,0.33122015,0.55807215,0.5647961,1.0,1.0,1.0,0.5647961,0.5647961,0.48199052,0.48912632,0.58921367,-0.029521751672402355,0.013455460913367445,-0.009593501344927827,0.0177451042590979,7.418185723007478e-05,0.019934189814606772,-0.16911898021301702,0.009190050213308631,0.012264450791813472,0.0,0.0,0.0,0.005024326390829912,0.006622938902660547,0.017659704607514877,0.012511925655826862,-0.006073503533216504
0.7765763,0.7311599,0.6809361,0.8812183,0.71821624,0.94736844,0.94736844,0.64461046,0.65345407,1.0,1.0,1.0,0.65345407,0.65345407,0.66074055,0.6046819,0.6292137,0.0074995614860454895,0.008410633699797002,0.000945185858047379,0.006674572664431193,0.01495745649384229,0.00044454198419739845,0.005063882554298338,0.01583751803680635,0.010434848298447603,0.0,0.0,0.0,0.019404812090604528,0.0008804510514487489,-0.11026209302681314,-0.022230302787562377,-0.025145264492628754
0.74062943,0.8718826,0.7723428,0.9375,0.83086413,0.94417596,0.94736844,0.44730288,0.45519873,1.0,1.0,1.0,0.45519873,0.45519873,0.5307405,0.43023735,0.4282136,0.00622731929290477,-0.0033684372900539346,0.0005442416640956146,0.01774914920886175,0.0038713453478954386,-0.0007195339374575245,0.008582258437321692,0.005542873508754387,0.006650352201481161,0.0,0.0,0.0,-0.004677398679532676,0.006339393726801641,0.0017017232953657402,0.022347589347597067,0.02588166196340951
0.70331883,0.8067395,0.54534835,0.54534835,0.93773437,0.94736844,0.94736844,0.31345674,0.32641408,1.0,1.0,1.0,0.32641408,0.32641408,0.40074056,0.20579296,0.42621365,0.0021730653436458913,-0.0004923676999240273,0.006838376913351769,-0.014225091944584512,0.0013523541760504607,-0.00017495796031058664,0.012743607203017298,-0.020910982639844734,-0.03531279143052896,0.0,0.0,0.0,-0.022820505844305738,-0.008708034866525377,0.05710723167499016,0.02961033103169976,0.027519743129772126
0.55581886,0.8069667,0.7661402,0.7661402,0.7727039,0.94736844,0.94736844,0.1976876,0.21106984,1.0,1.0,1.0,0.21106984,0.21106984,0.1919905,0.15468185,0.3732136,-0.021317083307238374,0.0014212966775468388,0.0037132092030732655,-0.006424157080470568,0.005786391391784171,-0.0002400468643911799,0.010653592212602593,-0.07556556451327928,-0.07773765307263399,0.0,0.0,0.0,-0.05829067906549607,-0.03817870653354245,0.09639542403575117,0.018102291724903657,0.030261434637536343
0.30506137,0.65253717,0.93773437,0.9375,0.9396432,0.65253717,0.94736844,0.5692257,0.5808485,1.0,1.0,1.0,0.5808485,0.5808485,0.5619905,0.6069041,0.5202136,-0.05967545481110103,0.011935303838646357,0.004084416028869781,0.020179247664879156,-0.003334255859747191,-0.002720800416733053,0.012923483751525524,0.015239742639859983,0.014408985232300924,0.0,0.0,0.0,0.0065785815032115315,0.0052119581886972,-0.025495450029825308,-0.012455090889600314,0.013620462197791582
0.7379401,0.85512465,0.68974626,0.68974626,0.9375,0.94736844,0.99324316,0.47999528,0.48904103,1.0,1.0,1.0,0.48904103,0.48904103,0.5319905,0.41468185,0.5602137,0.004915818606690426,-0.0037531829520479555,0.0035044269123851958,-0.015933445029166222,-0.0007575679788836537,-0.0009407794702395547,0.01888750405596642,0.006954618986747577,0.008516789888388032,0.0,0.0,0.0,-0.0011605098600453783,0.007237662379470184,-0.019350700479079056,0.023148811266977414,-0.002838868388670418
0.7735083,0.86129063,0.68500817,0.68500817,0.9375,0.94736844,0.87386805,0.68114895,0.69025606,1.0,1.0,1.0,0.69025606,0.69025606,0.5632405,0.6069041,0.73521364,0.010452375501360951,-0.004614661538700586,-0.0006558730367886362,-0.012529834688690464,-0.0020039922901824835,0.0008600573699808134,0.0003010058385094122,0.017085995025451245,0.022496200057359573,0.0,0.0,0.0,0.017716243464883832,-0.0020244340668420856,-0.037261003925543316,-0.01789207886069969,-0.06399778318845378
0.8233189,0.86480016,0.7041689,0.939427,0.9375,0.94736844,0.99324316,0.40345675,0.41311568,1.0,1.0,1.0,0.41311568,0.41311568,0.52074057,0.29690403,0.4282137,0.01847592800804841,-0.003149541412752025,0.0010357405021596002,0.012126183992280064,-0.001347362854314057,-0.0009543232195065693,0.01808721406452333,-0.002127047644776279,-0.002052320648391726,0.0,0.0,0.0,-0.008276355248481596,0.0006104940194154857,-0.00996172915447621,0.02937447558477376,0.0193487519296606
0.86100817,0.59421164,0.88211405,0.9375,0.9375,0.59421164,0.88325834,0.62422585,0.62569517,1.0,1.0,1.0,0.62569517,0.62569517,0.71199054,0.54468185,0.47321367,0.010963763693514294,0.010900035490837063,-0.01106337900648869,0.02095604542947,-0.0019917298762333773,-0.00921490115293052,0.003711526766266266,0.01659644405896025,0.015689189784700328,0.0,0.0,0.0,0.011467523484251407,0.007316185928010136,-0.16364568057714782,-0.0014350970704699764,0.017145988452459106
0.6610082,0.76161695,0.8810272,0.97322625,0.9375,0.94736844,0.99324316,0.38384116,0.39542285,1.0,1.0,1.0,0.39542285,0.39542285,0.42699057,0.29690403,0.50121367,-0.002668082859602552,-4.543080328933732e-05,-0.0056704354104245335,0.021855386935972138,-0.001234997340705038,-0.0025704621207710593,0.027936733799057933,-0.009104148430411322,-0.010226440603236863,0.0,0.0,0.0,-0.011095175227769719,-0.0003256686229438413,0.03958376806154716,0.02942741256065407,0.011545585368942896
0.78869754,0.8714673,0.8349759,0.9396432,0.8197494,0.94736844,0.94736844,0.55114895,0.5625913,1.0,1.0,1.0,0.5625913,0.5625913,0.68949056,0.35801518,0.66921365,0.010787290309750642,-0.004256536087682118,-0.002515692448452799,0.020825605773854564,0.0077536321295416525,0.00019311566089790752,0.006591513739489023,0.015039111534205006,0.01600111965191075,0.0,0.0,0.0,0.009279638616597231,0.007827809752212287,-0.15684681511337778,0.03504629309782687,-0.030833642415275187
0.7275614,0.775138,0.8709672,0.8709672,0.9375,0.94736844,0.99324316,0.49884123,0.50551724,1.0,1.0,1.0,0.50551724,0.50551724,0.70699054,0.36468178,0.52121365,0.0025739378172995753,0.004172565790016007,-0.010877150615269095,0.011345726087645416,-0.0036016574335758725,-0.0017802990837086493,0.017530456563911504,0.005255310775621093,0.007792512282971633,0.0,0.0,0.0,-0.0015756845060490704,0.004921249626900284,-0.1706520084820088,0.034502760513093665,0.0059576812026508556
0.7421444,0.81568396,0.44445586,0.44445586,0.9375,0.94736844,0.81568396,0.6003798,0.609282,1.0,1.0,1.0,0.609282,0.609282,0.50199056,0.535793,0.6802137,0.004621325399733037,0.0005487831956053321,0.005787339123025224,-0.02061540358496913,0.0003745104908362992,0.00028772115394285315,-0.014562266484255076,0.013613801058587458,0.022462769581428704,0.0,0.0,0.0,0.010304497182966721,0.00734592237388631,0.012649514327034175,2.349780094371423e-06,-0.036298978549558575
0.83407634,0.8610319,0.6930288,0.6930288,0.9375,0.94736844,0.9193914,0.51537985,0.52560276,1.0,1.0,1.0,0.52560276,0.52560276,0.19074047,0.6435707,0.6352137,0.016425649697709176,-0.0025810132546744613,0.0014971382372866596,-0.010472202585606168,-0.0009681067561893804,-6.246113756341729e-05,0.0037468128266472337,0.008203370936713599,0.012044304699384563,0.0,0.0,0.0,0.003768455145045252,0.006170283211170888,0.08907115790144536,-0.02228232208049419,-0.023802457439995952
0.7460082,0.8180359,0.4489669,0.4489669,0.9375,0.94736844,0.9774537,0.506149,0.51967335,1.0,1.0,1.0,0.51967335,0.51967335,0.32949054,0.6435707,0.50121367,0.005172310302605877,-0.0009056571362509465,0.001825977267093645,-0.020758786334062612,0.0007293151100908891,-3.582042668932167e-05,0.019650997882048014,0.00831688515729891,0.011857253720563765,0.0,0.0,0.0,0.0034495532788296175,0.0064492794214818395,0.07342782584937506,-0.023044505938084773,0.008976843592212475
0.82025075,0.8437318,0.8205806,0.9375,0.9657926,0.94417596,0.94736844,0.46614897,0.4741344,1.0,1.0,1.0,0.4741344,0.4741344,0.46699053,0.5113485,0.4372136,0.011583978645613622,-0.0006891713988269806,-0.0015595663762194081,0.01327789366157295,-0.0020165939093319324,-0.0012770246535595453,0.0129586946547518,0.0035480731680195615,0.0015327086481508058,0.0,0.0,0.0,-0.003520185146318116,0.0032112213005192325,0.028470086280412147,0.006334945083796229,0.028718494467256814
0.8836976,0.8695136,0.64844203,0.64844203,0.9201982,0.94736844,0.94736844,0.5807645,0.5886421,1.0,1.0,1.0,0.5886421,0.5886421,0.5132405,0.6480152,0.43821365,0.024964618550771443,-0.004272979184165162,0.003716062233887176,-0.015427370488533616,-0.0004820779005373049,0.0005806792460529476,0.009428688744533268,0.009240863057370579,0.016997284206007154,0.0,0.0,0.0,0.01046912411627849,0.0073586162644200944,0.0016550540357523436,-0.027439265433932908,0.02615104478271449
0.34737208,0.77514195,0.9045171,0.939427,0.97322625,0.94736844,0.94736844,0.33691832,0.3488614,1.0,1.0,1.0,0.3488614,0.3488614,0.28199053,0.2769041,0.5462136,-0.06300935258934712,-0.0009379366360078613,0.003661765289019544,0.00812284079818889,-0.005166953512976684,-0.002755782945595659,0.016582034321180307,-0.020970194278750395,-0.02188852204551314,0.0,0.0,0.0,-0.015620062430391,-0.004930740447328531,0.07899095694701846,0.0283329433844282,0.00135534445482473
0.8635082,0.8838278,0.8139552,0.9375,0.7642575,0.92728084,0.94736844,0.6215337,0.6301606,1.0,1.0,1.0,0.6301606,0.6301606,0.53199047,0.54357076,0.72821367,0.016976717264690074,-0.003753069470117016,6.692597237394747e-05,0.018619268526609105,0.00903801650632227,-0.0003257635333674718,0.00865332734199248,0.012653981140368325,0.016059127937425244,0.0,0.0,0.0,0.013091605530956387,0.004812965267314498,-0.00833370990001184,-0.003653814458714333,-0.05107400096444474
0.66831875,0.6977503,0.844046,0.9375,0.9375,0.9210105,0.97205377,0.6276874,0.6347241,1.0,1.0,1.0,0.6347241,0.6347241,0.70699054,0.5013485,0.57721364,-0.0024293121183086245,0.009570882309099062,-0.0020276807522238544,0.01779983238936679,-0.004043358275893133,-0.0025832828067139037,0.015126395275815266,0.01974428321633144,0.01794766891589881,0.0,0.0,0.0,0.014409158671540108,0.0049437083598894436,-0.17090272323587147,0.010213148153679762,-0.008700055618491513
0.44600824,0.69613296,0.83908564,0.9396432,0.9375,0.94736844,0.66796553,0.1569183,0.17101628,1.0,1.0,1.0,0.17101628,0.17101628,0.05074036,0.26023737,0.28521356,-0.04895765865793529,0.011312416871397984,0.008988095105476348,-0.006109313896098186,-0.0012596430212309393,-0.00024766282692363097,-0.07683955528857737,-0.07587151543100955,-0.08678597051694059,0.0,0.0,0.0,-0.04511972734703264,-0.029687606105588814,0.11732287449614962,0.018986592773285467,0.053622698885436165
0.74506134,0.86952037,0.83945024,0.97322625,0.9396432,0.94736844,0.94736844,0.64268744,0.6531116,1.0,1.0,1.0,0.6531116,0.6531116,0.52449054,0.65357083,0.70521367,0.0053476511110505335,-0.0048214091765860475,0.0029098712743439114,0.0201646336416572,-0.003825632676411075,0.00017245715049305554,0.011515959570380737,0.013146132625784466,0.01406833370563989,0.0,0.0,0.0,0.012868344568558805,0.0013816166760730957,0.008258240774198997,-0.03488539042697342,-0.04355757540257081
0.5629401,0.77194875,0.913646,0.913646,0.9375,0.94736844,0.9774537,0.3526874,0.3638087,1.0,1.0,1.0,0.3638087,0.3638087,0.10074043,0.41912618,0.6112137,-0.01131819551808345,0.0003092341840960982,0.002840492284483717,0.007634602948268296,-0.001741294217637622,-0.0014231595412185015,0.02565168930368097,-0.01217944567153183,-0.01741002939347571,0.0,0.0,0.0,-0.014549981330444921,-0.003799423074564046,0.1007632621502382,0.0191259263002442,-0.015643794456128565
0.8742657,0.86317396,0.44720644,0.44720644,0.9184109,0.94736844,0.94736844,0.54307204,0.5527429,1.0,1.0,1.0,0.5527429,0.5527429,0.3869905,0.7035707,0.49621361,0.027332991675358676,-0.003860391029832122,-0.00035882117692210495,-0.02216666395602749,7.094637259879376e-05,0.0014029492163973253,0.011416562703757243,0.006703649997682418,0.01207131235837799,0.0,0.0,0.0,0.005298175685524974,0.005534907633469036,0.050546124530186025,-0.03782397995743233,0.012857244290941665
0.7283188,0.83642805,0.9230959,0.9636912,0.92384136,0.94736844,0.94736844,0.8073029,0.8024399,1.0,1.0,1.0,0.8024399,0.8024399,0.8532405,0.62690413,0.8642137,0.0036188500979892468,-0.001221768561633924,0.003322782675772862,0.01918405469149389,-0.002028326415936615,0.00034189698860440917,0.004540709656356467,0.0272182372879249,0.013222217706779974,0.0,0.0,0.0,0.027457517762917202,-0.006931625968547605,-0.2905192153688015,-0.029753136517161202,-0.10220725364407009
0.8061976,0.84891015,0.46151853,0.46151853,0.9375,0.94736844,0.9210105,0.47307205,0.4873568,1.0,1.0,1.0,0.4873568,0.4873568,0.46949053,0.4291262,0.58521354,0.018268031514814573,-0.0037367995401667033,0.003323088144747293,-0.028015929584526082,-0.00014998770302889944,0.0011619496927189781,0.002622170226657683,0.004893312007550553,0.005218883489559344,0.0,0.0,0.0,0.0005273691402558884,0.00606404883914255,0.01887740849580951,0.01675325889856291,-0.007289050003781515
0.83407634,0.8069667,0.68751466,0.93773437,0.9375,0.94736844,0.9774537,0.4953798,0.5073495,1.0,1.0,1.0,0.5073495,0.5073495,0.5257405,0.5846819,0.3452137,0.01586538913310848,0.001132699697073519,0.003410061326218603,0.009815173838797195,-0.0009378443381725367,-0.0010661272640870472,0.01423169236306112,0.0043663480461874436,0.007309599522318693,0.0,0.0,0.0,4.9938782825270646e-05,0.005443664539268169,-0.00438624683019127,-0.013097793338261438,0.045480660891195124
0.65062946,0.73648775,0.6931185,0.9440504,0.759666,0.94736844,0.94736844,0.5484566,0.5547441,1.0,1.0,1.0,0.5547441,0.5547441,0.63074046,0.4502374,0.54321367,-0.005352019626253679,0.006258789971259182,0.0012275291861735208,0.016844484250466116,0.011145755287047922,-0.0020019138300578585,0.013509554833474966,0.013436795189813461,0.014825314548202627,0.0,0.0,0.0,0.006697420294064123,0.007147463031942771,-0.07916802474439626,0.017848939579087345,0.0031357993974831504
0.9998338,0.94736844,0.34870526,0.34870526,0.34870526,0.94736844,0.94736844,0.7123028,0.72031474,1.0,1.0,1.0,0.72031474,0.72031474,0.72824055,0.6780152,0.6622137,0.05902407201358395,-0.017537651780744706,0.004163852240120924,-0.024834018487398298,0.01166294965172113,0.001876472243215549,0.005296821894213366,0.007082886618946933,0.008926262131021432,0.0,0.0,0.0,0.026241368208087822,-0.0032764698184489416,-0.17115761054473794,-0.034706109589512216,-0.030985239925221307
0.9742657,0.84890395,0.8452313,0.8452313,0.9375,0.94736844,0.90371996,0.67191815,0.68155557,1.0,1.0,1.0,0.68155557,0.68155557,0.58699054,0.7313486,0.6622137,0.030798527183496717,-0.0018679795289633548,-0.00581435160923953,0.002666674173720547,-0.0026582097187845925,0.0013128729732882589,0.0014099094311898102,0.011788253202387909,0.018382254728115513,0.0,0.0,0.0,0.01977595360378492,0.004116610622260191,-0.06004985442646452,-0.05076031787676927,-0.03390282439060319
0.6960082,0.85525674,0.8931641,0.9375,0.9375,0.9489912,0.8913406,0.51961046,0.53155243,1.0,1.0,1.0,0.53155243,0.53155243,0.3282405,0.43245962,0.7132137,0.002408982863239024,-0.0017922175361208962,-0.0004629474735001962,0.013947501420566253,-0.0013942862003922202,-0.0028583721692420944,-0.00124741325829406,0.009988095813208541,0.012326208626095896,0.0,0.0,0.0,0.005944577671980799,0.006885362056652688,0.06322703791113794,0.01834876579575371,-0.0459934003679593
0.41737196,0.77160454,0.91715527,0.91715527,0.9375,0.94736844,0.9711938,0.48499534,0.49335825,1.0,1.0,1.0,0.49335825,0.49335825,0.45199054,0.3524595,0.6242137,-0.04718004047381196,0.003409364416842312,0.0005683044627294012,0.01664177246245043,-0.004226814958702109,-0.0019420363890629456,0.020468495812015527,0.0036684210704605188,0.007287734443944767,0.0,0.0,0.0,-0.00022911536055556707,0.007440932137228626,0.03586440752929304,0.03028732727963801,-0.01613049613663904
0.8531295,0.80859274,0.74762225,0.9375,0.9062,0.9774537,0.94736844,0.66576445,0.6774585,1.0,1.0,1.0,0.6774585,0.6774585,0.61824054,0.7735708,0.4502136,0.013877508122578167,0.0009450162249063004,0.001143150323119706,0.007867765888959275,-0.0007428979260560946,0.0007140345398905751,0.00880107978027057,0.0206622943313447,0.018043981571920092,0.0,0.0,0.0,0.021071698107200998,0.005190704012029681,-0.07221652107772593,-0.05560007331595636,0.02209439655430212
0.7510083,0.77323216,0.56130964,0.56130964,0.9375,0.94736844,0.77323216,0.66230273,0.6709184,1.0,1.0,1.0,0.6709184,0.6709184,0.61574054,0.6435707,0.72821367,0.008497392178247107,0.005303395682408729,0.003644004697295944,-0.016566043699690856,-0.0012859048639176772,0.0026195762099660456,-0.015694901539321383,0.014045999617069147,0.02258547723089091,0.0,0.0,0.0,0.013554555852982455,-0.001421591968695842,-0.06587801007993503,-0.025355628820422322,-0.05992280062805524
0.55062944,0.78758913,0.8452764,0.8452764,0.9375,0.94736844,0.99324316,0.576149,0.5817152,1.0,1.0,1.0,0.5817152,0.5817152,0.6082406,0.5057929,0.58521366,-0.01767798559618049,0.0031525130272211576,-0.0013399732399690118,0.007845138441940357,-0.0035023533252280547,-0.0003982096441118907,0.014568033332941988,0.012498707193361783,0.011941749044233145,0.0,0.0,0.0,0.007615041229030461,0.0027718899563026656,-0.08124576112431722,0.008247039299385113,-0.006453216076296421
0.8308189,0.8507194,0.62901676,0.62901676,0.9375,0.94736844,0.8913406,0.41845658,0.43146658,1.0,1.0,1.0,0.43146658,0.43146658,0.3019905,0.4035707,0.5462136,0.01894336818563206,-0.004503184888071259,0.003946275007223945,-0.015840602794458605,0.0004965210126334333,-0.0008693430705859462,-7.501412817210757e-05,0.0022261498903896927,-0.002309215283373617,0.0,0.0,0.0,-0.003912348406357552,0.00279548382924803,0.06921226221914327,0.021082558327607234,0.0008385798134431404
0.5356295,0.5433929,0.71590936,0.71590936,0.9375,0.94736844,0.5433929,0.5038413,0.5134482,1.0,1.0,1.0,0.5134482,0.5134482,0.42699057,0.49468178,0.60121363,-0.040531359021473305,0.0098670804715813,-0.00012283681692153335,-0.007481433851801028,-0.0009498723799963036,-0.003031939131217155,-0.1206765471881393,0.008150228727891996,0.008191978248612217,0.0,0.0,0.0,0.002917411148312187,0.007144576886650258,0.03624381254765769,0.007430386528889134,-0.012754330038673854
0.6558189,0.7663541,0.7477723,0.7477723,0.85595393,0.94736844,0.94736844,0.34884116,0.36131096,1.0,1.0,1.0,0.36131096,0.36131096,0.52074057,0.24245961,0.3492136,-0.00551697894755504,0.0030797102155237345,-0.0030731315215314177,-0.007541304309782646,0.002649895261757311,-0.0005939493532931015,0.005496417848957175,-0.016184637833003654,-0.018869822989320276,0.0,0.0,0.0,-0.014741570135022159,-0.002520886307597773,-0.019267592231481084,0.0233156921979195,0.03440756312302079
0.7988869,0.82819337,0.5888144,0.97322625,0.99197626,0.94736844,0.94736844,0.51999515,0.5300241,1.0,1.0,1.0,0.5300241,0.5300241,0.59199053,0.4413485,0.44321355,0.01830600581051898,-0.00013622599791497395,-0.0014664820192220565,0.01635974930116234,-0.006869311309670163,-0.000258717162655442,0.007098456020764501,0.011219793400177298,0.013928781788187981,0.0,0.0,0.0,0.0037945126760534366,0.008745908212610636,-0.04891676738496836,0.020496311335895117,0.031438430570965285
0.79619765,0.8436782,0.50234264,0.50234264,0.97322625,0.94736844,0.94736844,0.5276874,0.53659964,1.0,1.0,1.0,0.53659964,0.53659964,0.5332405,0.5113485,0.51121366,0.01407269509723078,-0.0029002042732744525,0.005520979885399518,-0.02298855871676091,-0.0008108646408133473,8.218017075022135e-05,0.009622404418384798,0.008897918806432587,0.011986916837359777,0.0,0.0,0.0,0.002699346495509396,0.0074779117525877094,-0.007995323410102,0.0066959464562457004,0.01483042661814516
0.5756295,0.8735611,0.57850677,0.57850677,0.9375,0.94736844,0.9210105,0.42999503,0.44221818,1.0,1.0,1.0,0.44221818,0.44221818,0.35074055,0.4191263,0.52121365,-0.022189140517128933,-0.005033550823473146,0.001713951368654337,-0.017163878414178463,0.0004987384748544834,-0.0007165918534002707,0.0043520336076431,5.4077410263887943e-05,-0.0019130834133055902,0.0,0.0,0.0,-0.0045981511736477385,0.004437432166898767,0.06381574720768887,0.018844953854965853,0.005870399476187308
0.49100822,0.7469744,0.8892118,0.9396432,0.9375,0.94736844,0.94417596,0.47037977,0.48076877,1.0,1.0,1.0,0.48076877,0.48076877,0.5244906,0.46912628,0.47721368,-0.032661825607108626,0.00271702852136261,-0.005167999044885077,0.019673219061810538,-0.002329075300989917,-0.0033040207612331303,0.014744643342402535,0.004097102063318796,0.007258973160961688,0.0,0.0,0.0,-0.0010096913669987698,0.007032903249221739,-0.010419325628718244,0.013436556904058481,0.019945336155303518
0.4333189,0.8600983,0.6200615,0.6200615,0.939427,0.94736844,0.94736844,0.32576445,0.3363073,1.0,1.0,1.0,0.3363073,0.3363073,0.3019905,0.40134844,0.33821362,-0.05619005394007589,-0.005819222779859635,-0.0024274301243194215,-0.008655021787935258,-0.0005760279015616809,-0.00028157565694672066,0.011822361351454171,-0.02324432462181165,-0.02936826448507478,0.0,0.0,0.0,-0.021155349555425525,-0.008427603550930226,0.08052835186015733,0.01593167512744885,0.041984806715152014
0.8485082,0.85590434,0.5683212,0.93773437,0.9375,0.94736844,0.9711938,0.6076874,0.6144674,1.0,1.0,1.0,0.6144674,0.6144674,0.6307405,0.6046819,0.6412137,0.018535799371719005,-0.00562321554224004,-0.004271472469417933,0.010354290013247258,-0.0022672168911706237,-0.0006141157302799469,0.009487949194926458,0.014461721663722003,0.012010842591332595,0.0,0.0,0.0,0.01523678854477426,0.0009316465283455483,-0.10241395886911542,-0.023113435659195727,-0.030404372475967875
0.77562946,0.8600983,0.7332066,0.7332066,0.9396432,0.94736844,0.94736844,0.61037976,0.6215843,1.0,1.0,1.0,0.6215843,0.6215843,0.58699054,0.6235708,0.5182136,0.011523430133023515,-0.002636143389987544,0.0011908302007172383,-0.012458588201600396,-0.00309264289446046,-0.00036954988338585806,0.009526564246058968,0.012094962751621188,0.016938048982146264,0.0,0.0,0.0,0.014748937497214162,0.003992675646143566,-0.06265339935988058,-0.023028568711259988,0.006088676782655321
0.54544014,0.6890926,0.75035006,0.75035006,0.9375,0.94736844,0.86317396,0.22461055,0.24051224,1.0,1.0,1.0,0.24051224,0.24051224,0.18324053,0.30357063,0.3492136,-0.02526487688156604,0.01067362284681108,0.0014489934120328174,-0.001990936697840526,0.0007797089719571887,-0.00024075927485719072,-0.012461793159691729,-0.05629032914848455,-0.06691982586489133,0.0,0.0,0.0,-0.03852911519485758,-0.027697533730260373,0.08766576865543355,0.014053362468952448,0.03796424328243113
0.8090763,0.84372455,0.16789144,0.16789144,0.9062,0.94736844,0.94736844,0.23153378,0.24675637,1.0,1.0,1.0,0.24675637,0.24675637,0.35074055,0.29690403,0.1992137,0.02066878062577062,-0.005663051956857704,-0.007334973466123685,0.0028818432156245692,0.0005510498357753663,-0.00010813461517869403,0.010263420173994906,-0.035789210048292726,-0.05171574568034298,0.0,0.0,0.0,-0.03909360212452865,-0.0163755904883374,0.059468283658008436,0.02218377110763148,0.06555989126408102
0.9998338,0.94736844,0.5785886,0.5785886,0.5785886,0.94736844,0.94736844,0.91768754,0.91897744,1.0,1.0,1.0,0.91897744,0.91897744,0.8382405,0.85357076,0.91121376,0.03989115479036211,-0.015163731525595438,-0.001711008590356214,-0.01913525653194046,0.025945730480022314,0.0024178737704534446,0.002943426121050429,0.009875972594324732,-0.005928451879995993,0.0,0.0,0.0,0.03584702889322023,-0.032966038185329186,-0.23189299071780417,-0.09954231708579496,-0.1107366846224266
0.5733188,0.695977,0.82265157,0.9375,0.9375,0.695977,0.9193914,0.48230287,0.49631986,1.0,1.0,1.0,0.49631986,0.49631986,0.39699054,0.34690413,0.5692137,-0.013369821951764145,0.0032719392942832395,0.0007348288588507452,0.01619169849896558,-0.0007123939224041452,0.00020617652350239296,0.007149337168975883,0.005860101134951783,0.008195265051612104,0.0,0.0,0.0,0.0022168285826700937,0.0056534384534004155,0.041137637634696834,0.028979014216650417,-0.005064741018214934
0.8108189,0.85385627,0.77998596,0.77998596,0.93370897,0.94736844,0.94736844,0.5507644,0.5600506,1.0,1.0,1.0,0.5600506,0.5600506,0.45949054,0.67245966,0.44821367,0.010299786093456505,-0.0009209124564402729,0.0011612190984876761,-0.004158146181470742,-0.0019107190021976311,-0.00014150333012912116,0.012625788566522607,0.009688653982202028,0.015141067088814084,0.0,0.0,0.0,0.004762341701710681,0.008851001558141516,0.04392052133667593,-0.02596453953251467,0.028620470747652033
0.63100815,0.82430315,0.44101804,0.44101804,0.97322625,0.94736844,0.94736844,0.32307214,0.3377483,1.0,1.0,1.0,0.3377483,0.3377483,0.27949047,0.38912624,0.32721367,-0.012833752528947655,-0.00018480683652473688,-0.001939780302809688,-0.012212517554216911,0.0007140148537030438,0.0005597016985766493,0.005998964564278933,-0.01799460630589121,-0.02900997400176732,0.0,0.0,0.0,-0.02147722131682076,-0.00619538766744131,0.08128894988991803,0.02355214941748627,0.04627738352552905
0.76869756,0.7313826,0.41969705,0.41969705,0.9375,0.94736844,0.7313826,0.5038413,0.51572126,1.0,1.0,1.0,0.51572126,0.51572126,0.35074055,0.5502374,0.52121365,0.014645787315345073,0.005642864621064836,-0.00015868497688439266,-0.01938070182270469,0.00023809661541632728,0.00032567901651425464,-0.04006425746725954,0.008191144005203219,0.00998602565740557,0.0,0.0,0.0,0.0028128686232334454,0.005850120802431568,0.053878146500291234,-0.0012796041487775295,0.005806559189534261
0.80062944,0.81938297,0.8254219,0.8254219,0.9396432,0.94736844,0.94736844,0.46537986,0.47616926,1.0,1.0,1.0,0.47616926,0.47616926,0.6357405,0.29134846,0.5402137,0.012119690487466273,0.0015012203326078238,-0.007737628918390237,-0.00046122211106853497,-0.0028881249778940177,-0.001071815503901951,0.008281770838257152,0.0026400623797961896,0.0030998728986137715,0.0,0.0,0.0,-0.0029641489212382166,0.0032095654125362844,-0.09501745192946148,0.03149598867755558,0.003892274149863948
0.6981295,0.859315,0.74557936,0.74557936,0.97322625,0.94736844,0.94736844,0.53845686,0.5496455,1.0,1.0,1.0,0.5496455,0.5496455,0.4757405,0.5013484,0.6292137,-0.0010337744652955674,-0.0026106905620091035,0.000546148386438219,-0.010322239300557852,-0.0051199717321278,0.00011964288193499879,0.01076483816342503,0.010381374481848608,0.015807189438320216,0.0,0.0,0.0,0.006165590861557995,0.007428173902307282,0.02517536315806719,0.004295486164769982,-0.023499677480394818
0.8761976,0.8118903,0.5278071,0.9636912,0.49348748,0.94736844,0.94736844,0.6457643,0.6498153,1.0,1.0,1.0,0.6498153,0.6498153,0.5644905,0.5291263,0.7542137,0.02094571831362898,0.0007914042503244585,-0.005136132591207788,0.013731446212411333,0.01892356777293211,0.00016971967844171113,0.012719514077880687,0.015298781590191199,0.01765286470157439,0.0,0.0,0.0,0.017474285687187043,0.004405865333231904,-0.026043247408868046,-0.004581348548544694,-0.06057557300584607
0.8354401,0.85104614,0.9201982,0.9657926,0.93773437,0.94736844,0.94736844,0.64922595,0.6568742,1.0,1.0,1.0,0.6568742,0.6568742,0.59824055,0.5735708,0.7052137,0.010367616915498163,-0.0037392349462324046,-0.003667035751557758,0.023192099630854064,-0.003813704662973996,-0.0014145065433501948,0.01113486781842491,0.016249512377028336,0.016270429424800968,0.0,0.0,0.0,0.01546683990197285,0.003546431547128103,-0.05365814628513357,-0.007966370825357269,-0.044293884744666334
0.78407633,0.8351259,0.68546623,0.68546623,0.8702996,0.94736844,0.94736844,0.4973027,0.5082724,1.0,1.0,1.0,0.5082724,0.5082724,0.59824055,0.38468182,0.48021364,0.011869740044910856,-0.0008019133723595701,0.004293002740727582,-0.018968307924077197,0.0020916499264669584,0.0004454938720832776,0.005146717041252092,0.008040356553718802,0.011650124991204058,0.0,0.0,0.0,0.0006475268329738891,0.006540200876092086,-0.06646708905277265,0.026146433346678398,0.012613083953387148
0.8061976,0.69355667,0.88959694,0.93773437,0.9375,0.94736844,0.8697119,0.5838413,0.5937497,1.0,1.0,1.0,0.5937497,0.5937497,0.6294905,0.63245964,0.50621367,0.012998700053246515,0.0072067194864083575,-0.01128761078315656,0.016546971084297965,-0.0018952467906172233,-0.0008036357990963296,0.0015535035511606257,0.012299994146996816,0.019065078262003262,0.0,0.0,0.0,0.008464213702484766,0.0071323362090436205,-0.08657931617403113,-0.018393981066241634,0.010367007151993403
0.7167657,0.77892697,0.7685695,0.9375,0.9375,0.77892697,0.86480016,0.45037988,0.4650005,1.0,1.0,1.0,0.4650005,0.4650005,0.45699054,0.43468177,0.44321364,0.005120595362126276,0.001023865870246709,0.0016619856057331734,0.016292611893725165,-0.000575230914980229,-0.0021303579263018697,-0.006537342704642793,0.005962432360470178,0.007069471415890682,0.0,0.0,0.0,0.00012498640365443293,0.005204000009446488,0.02628793305629787,0.0164266723573205,0.018400347682116295
0.39544013,0.8468666,0.7995887,0.9375,0.9375,0.8468666,0.85578114,0.59422594,0.6019629,1.0,1.0,1.0,0.6019629,0.6019629,0.49074054,0.5502374,0.66921365,-0.05675442398090109,-0.0013805458380235739,0.006724929765464135,0.0174124376091423,-0.0046275900947118365,0.0004956611301112792,-0.012005270812679271,0.019751374829796994,0.01880308486028001,0.0,0.0,0.0,0.010331879760064276,0.004368105615543475,0.013802855957328846,-0.004265527429131141,-0.03711277575716842
0.80600816,0.8998124,0.616002,0.616002,0.97322625,0.94736844,0.94736844,0.5023029,0.5142011,1.0,1.0,1.0,0.5142011,0.5142011,0.41449052,0.4946819,0.59021366,0.015430605855393903,-0.00751873071207126,0.0022807002582403645,-0.013817255359516143,-0.0005064683605975753,-6.50263632678351e-05,0.012756723084314255,0.0065063845391273535,0.008702551734555137,0.0,0.0,0.0,0.0019780037896400034,0.006171680171701281,0.04283225101844884,0.006964856501964549,-0.00949385270316309
0.38350824,0.32527205,0.90427727,0.9375,0.9375,0.32527205,0.8351259,0.1649952,0.1781252,1.0,1.0,1.0,0.1781252,0.1781252,0.16824043,0.30357075,0.1662136,-0.05428529903823261,0.061184898575120605,0.007078712609122356,0.0024418140201094753,-0.002787689144204507,0.011457216598812808,-0.027354128548784624,-0.09586139348340937,-0.09213105242618078,0.0,0.0,0.0,-0.05391589909804223,-0.03602954012511841,0.09870906638287899,0.011588107191489984,0.0491879381328951
0.6606295,0.65756077,0.753657,0.753657,0.85603344,0.94736844,0.94736844,0.4657647,0.47864288,1.0,1.0,1.0,0.47864288,0.47864288,0.38449055,0.44579294,0.6202137,-0.00025099194876983396,0.002871427704230021,-0.0011749268601184719,-0.007481633288396164,0.0016844097383950515,-0.0028117270225536334,0.01795960892245227,0.005457070787228113,0.007928115869077513,0.0,0.0,0.0,0.0013769425563160387,0.005403545897527201,0.040022673920585505,0.012845487705363543,-0.023805936471303673
0.9998338,0.94736844,0.20388187,0.20388187,0.20388187,0.94736844,0.94736844,0.6119181,0.61506313,1.0,1.0,1.0,0.61506313,0.61506313,0.6369905,0.5135708,0.6232137,0.055566932317320926,-0.0176423522304438,0.0037811085569970115,-0.026452571390757934,-0.009330911386469276,0.0029829309637259592,0.008359603131735028,0.01055119329109016,0.015167199491097384,0.0,0.0,0.0,0.01637553318543007,0.006772495512288827,-0.08347372672055281,0.0013122535353627279,-0.014009896928202717
0.95464444,0.99324316,0.60390764,0.60390764,0.9375,0.94736844,0.99324316,0.8926875,0.8943912,1.0,1.0,1.0,0.8943912,0.8943912,0.71324056,0.8669041,0.8922137,0.03766795011549623,-0.021114339213490648,-0.0011009739390757264,-0.01655589337960104,-0.002292442562652332,0.0009477531771964157,0.010268690224784575,0.004464426476535877,0.009883735004008083,0.0,0.0,0.0,0.022544748222032056,-0.026562042816513785,-0.1414528319254464,-0.09604948155816528,-0.11010610701733548
0.66426563,0.75739694,0.73914635,0.9375,0.9375,0.75739694,0.75985676,0.5526874,0.5612026,1.0,1.0,1.0,0.5612026,0.5612026,0.40574056,0.6169041,0.61821365,-0.004118970519640305,0.003405281019295382,0.001983241059308029,0.011715437044066421,-0.0019250820436626755,-0.0012095856772392347,-0.03990581957949495,0.011262435851464398,0.016864664892495405,0.0,0.0,0.0,0.007439748977136309,0.006664614162949892,0.042634898998218256,-0.019645602152171215,-0.025787710973700015
0.55756134,0.8351261,0.8892118,0.8892118,0.9375,0.94736844,0.99324316,0.43653372,0.44687673,1.0,1.0,1.0,0.44687673,0.44687673,0.44699055,0.51912624,0.4112137,-0.015520369154605518,0.0015228422701860042,-0.002706801922231161,0.008538670022970159,-0.0018286809866143905,-0.0013949819040469248,0.021679254857023295,9.212878749833383e-05,0.0019489183121390473,0.0,0.0,0.0,-0.00449302093264414,0.0036655127594674565,0.030700784208780908,0.0029881225624857877,0.028872541989499453
0.87176573,0.8998124,0.5232759,0.5232759,0.9396432,0.94736844,0.94736844,0.654995,0.6612447,1.0,1.0,1.0,0.6612447,0.6612447,0.46074057,0.6435707,0.74721366,0.023495144562240264,-0.009701052578374524,0.0006208438826782628,-0.015325374710751509,-0.0011107690417106165,0.00013517861296632696,0.013189271906751928,0.008699689551547677,0.02039823572311132,0.0,0.0,0.0,0.012797678345194368,0.003554293705870124,0.02919952423396945,-0.02858256704645189,-0.06930241412274778
0.42506135,0.68054795,0.79970235,0.9375,0.9375,0.82255214,0.48534012,0.19422604,0.20740467,1.0,1.0,1.0,0.20740467,0.20740467,0.19699049,0.18357065,0.26021367,-0.06088342367378959,0.014306618820715253,0.007046944857463033,-0.006142455561765885,-0.0020297542538095844,-0.0006121392277527504,-0.14379326483833052,-0.07091703912357508,-0.08133751332903584,0.0,0.0,0.0,-0.042084812966602776,-0.028225836298080762,0.09606343990231782,0.022041246821894202,0.0611238304278774
0.79638696,0.81568396,0.6936915,0.9375,0.6534932,0.81568396,0.94736844,0.61653364,0.6261402,1.0,1.0,1.0,0.6261402,0.6261402,0.50449055,0.6235707,0.5832137,0.010849058001845453,-0.00044525029600031097,0.0008182502391604925,0.012743289101561382,0.010236938735670805,-0.004394856444783764,0.015355206947122122,0.016734128240788706,0.021181740729502293,0.0,0.0,0.0,0.01579665797276382,0.008478993805382171,0.008412523856428482,-0.021624900838536684,-0.00948847733360165
0.87176573,0.8266318,0.81436783,0.8810272,0.9375,0.94736844,0.86916417,0.7253798,0.73387814,1.0,1.0,1.0,0.73387814,0.73387814,0.73324054,0.78357077,0.5462136,0.019715268987415567,-0.0007192735459978566,-0.0013056834945204725,0.003034157554913643,-0.0028899387952616394,0.0010244799705165994,0.0023270160256810978,0.013822889584222458,0.015694201566442512,0.0,0.0,0.0,0.023201028527943413,-0.004460951462124479,-0.2030575798895054,-0.06457093638109328,-0.003683479281684835
0.3708189,0.31850886,0.97322625,0.9375,0.9375,0.9195934,0.29034817,0.39307198,0.4056747,1.0,1.0,1.0,0.4056747,0.4056747,0.3582405,0.4291262,0.45221367,-0.07668218436937327,0.013527074984352032,-0.0039059622143806884,0.005705390439956222,-0.00040754076394492177,-0.0014554816488058571,-0.22427865577114034,-0.01107210447872087,-0.01772827116490972,0.0,0.0,0.0,-0.0029712128088417444,-0.001377745324800574,0.056576958299108984,0.0156436681468833,0.029873862338318277
0.7461975,0.7977757,0.73914635,0.9375,0.97322625,0.7977757,0.94736844,0.5526876,0.558455,1.0,1.0,1.0,0.558455,0.558455,0.46949053,0.635793,0.5672137,0.00930673327700142,0.0005519292362471044,0.002812318783732413,0.012420790141643488,-0.005428961318504771,-0.0034610354364736995,0.012294194051209012,0.012282815187047142,0.016418219093658357,0.0,0.0,0.0,0.008579667577421018,0.006598628828365085,0.02001224546595493,-0.02772613205191689,-0.00755575884133618
0.7035082,0.6665046,0.3949008,0.3949008,0.9375,0.94736844,0.6665046,0.36730295,0.37761155,1.0,1.0,1.0,0.37761155,0.37761155,0.18324041,0.41468185,0.47921363,-0.0010649628987959004,0.008246111655666325,0.005384874523341452,-0.01507718438123903,0.0010451772764170676,-0.001674349891843237,-0.06949132703091317,-0.006193307459514304,-0.022359959407681797,0.0,0.0,0.0,-0.008001457482727492,-0.005171869825131692,0.0844072493738044,0.017136714241445406,0.02336965520474187
0.55812955,0.6240734,0.70312303,0.94547904,0.7042455,0.94736844,0.94736844,0.39345697,0.40056604,1.0,1.0,1.0,0.40056604,0.40056604,0.45949054,0.21579286,0.5242136,-0.02204300972322642,0.000843399822097381,0.0010419448562611758,0.01607823352439021,0.008697017814642386,-0.0022981600767773137,0.014119996633470348,-0.009544903794268372,-0.010407851235965248,0.0,0.0,0.0,-0.009106323456517674,-0.0024458426714871417,0.00990691059030007,0.029740850159489178,0.001240673940482508
0.56794006,0.7897599,0.7246219,0.7246219,0.93370897,0.94736844,0.94736844,0.45653358,0.46688384,1.0,1.0,1.0,0.46688384,0.46688384,0.5657406,0.40912628,0.4832136,-0.025514502040767245,0.0037655499450893483,-0.00045811196898684945,-0.011837851105303464,-0.0011546452458857767,-0.0005614659741003338,0.007550043396806796,0.00037485108084018713,0.0029350489882070557,0.0,0.0,0.0,-0.004227418417271084,0.006688828150772259,-0.03971582496606329,0.020728013012659873,0.01683323677045934
0.86081886,0.75233996,0.68058556,0.68058556,0.9184109,0.94736844,0.94736844,0.5057644,0.5148516,1.0,1.0,1.0,0.5148516,0.5148516,0.7007405,0.14134853,0.6702137,0.021794879216385232,0.005668863156372787,0.0032160156869601724,-0.016165170838284507,-0.0004916638188774072,-0.0016210794207258134,0.010154606294578615,0.008188972037162486,0.009968339426236148,0.0,0.0,0.0,0.0012113862713565618,0.006895205935172281,-0.1359222982843622,0.053263194372166,-0.024494320195007607
0.8079401,0.8971791,0.8682235,0.9396432,0.8629776,0.94736844,0.94736844,0.48230302,0.49473697,1.0,1.0,1.0,0.49473697,0.49473697,0.37824053,0.3746818,0.72521365,0.012800387816386755,-0.003600959533099105,-0.0023993413196414996,0.013536467109630319,0.0015614817049368413,-0.0019744186534178397,0.012677553025598668,0.008577576072988235,0.010963939883427365,0.0,0.0,0.0,0.0024944796109388017,0.007858724499127811,0.05798796685740734,0.02630913399497655,-0.04528411077877302
0.79619753,0.9015119,0.59307647,0.59307647,0.9375,0.94736844,0.99324316,0.67384124,0.6791044,1.0,1.0,1.0,0.6791044,0.6791044,0.66074055,0.6069041,0.63821375,0.014626221281550509,-0.010874846042612147,0.0021318989736458967,-0.021302268318665267,-0.002042334373047953,0.000978614424272044,0.009025828349520686,0.014347943554749932,0.01928772550065209,0.0,0.0,0.0,0.020995036894116702,-0.0029922722871378194,-0.13201445634814188,-0.021370041943764226,-0.029600453772835406
0.6633189,0.81568533,0.41371578,0.41371578,0.9375,0.94736844,0.8208621,0.38614905,0.39827716,1.0,1.0,1.0,0.39827716,0.39827716,0.45199054,0.35245958,0.35121363,-0.008547132907649767,-0.0011955332341532883,0.005771682613017856,-0.02162330582559438,0.00035730799380544756,0.0006153541634983076,-0.01379879630458565,-0.0037265423692971946,-0.01238399445580466,0.0,0.0,0.0,-0.009479505399549655,0.003025408372578649,0.03152838768070609,0.025119587909260107,0.048146154889492844
0.58794004,0.70859635,0.6142705,0.9375,0.63086224,0.70859635,0.94736844,0.20576447,0.21923263,1.0,1.0,1.0,0.21923263,0.21923263,0.30949044,0.30357075,0.1662136,-0.015602045804953344,0.009720002056586382,-0.0033749797491031018,0.004474693881470871,0.013775711587239786,0.0004868546148437105,0.01100215318750337,-0.06992841770525325,-0.0681305872798183,0.0,0.0,0.0,-0.052570655401170036,-0.03269498753629853,0.07184720684787889,0.020413681284760815,0.057185425685056857
0.8086975,0.8326858,0.75496167,0.75496167,0.9375,0.94736844,0.94756573,0.7861491,0.7935868,1.0,1.0,1.0,0.7935868,0.7935868,0.58699054,0.8669041,0.7462137,0.012663954168405765,-0.0008985596871986492,-0.0002977742886851672,-0.011023503520044614,-0.0022416840858989332,0.001415772409669836,0.00644011064117813,0.010977823233912125,0.008208713131557997,0.0,0.0,0.0,0.02034738195150086,-0.017382910804767535,-0.06120062639251213,-0.10906904943472774,-0.06822616693542441
0.5358189,0.8436782,0.8431397,0.8431397,0.93773437,0.94736844,0.94736844,0.5369182,0.54564846,1.0,1.0,1.0,0.54564846,0.54564846,0.28199053,0.6713485,0.6292137,-0.017059302046007047,-1.861701757141409e-05,0.0049039768116059335,0.005267459747064826,-0.0017856179809560002,-0.0012463865594213276,0.017029474352359904,0.008344448080472938,0.013433250688991571,0.0,0.0,0.0,0.005360497392084445,0.005895987371603137,0.07748452788380845,-0.029992131466925434,-0.025940922085518757
0.71256125,0.7237084,0.74584246,0.9375,0.9375,0.7237084,0.99324316,0.54076445,0.54310006,1.0,1.0,1.0,0.54310006,0.54310006,0.6432405,0.39801514,0.5202136,0.005039132151608128,0.007777348440243538,0.0015941734779917637,0.023332812732300104,-0.004277823781395061,-0.006158775328502315,0.02121253347818908,0.014533151939369358,0.015784207771678965,0.0,0.0,0.0,0.006107789912626227,0.008438708773484458,-0.11636247615898444,0.02798589665926089,0.01115984132558194
0.5656296,0.5355733,0.7611989,0.7611989,0.97322625,0.94736844,0.94736844,0.5130721,0.51723367,1.0,1.0,1.0,0.51723367,0.51723367,0.32074046,0.53023744,0.6042137,-0.01810508326860239,0.0011568156602681662,-0.00025648859761128406,-0.007346930014455416,-0.0034688495492923295,-0.002370233893276095,0.011411474895044007,0.006491097339900937,0.009229594083489367,0.0,0.0,0.0,0.0022165757707849907,0.007187565967417721,0.07851521034249209,0.003879307528052105,-0.01108366665844112
0.9548338,0.8437318,0.33026895,0.9375,0.33026895,0.8437318,0.94736844,0.53884125,0.5517628,1.0,1.0,1.0,0.5517628,0.5517628,0.6094906,0.5391263,0.5052136,0.02669363850355795,-0.004377611007262074,-0.02180863422886135,0.012717383735859218,0.012589461072162664,-0.0054777146451828185,0.007822540088590606,0.008621043058593788,0.011550704731082306,0.0,0.0,0.0,0.008133614326973794,0.008022717104029702,-0.06149121394044841,-0.0031779576292127543,0.011352442373913092
0.8406295,0.7871955,0.58808863,0.58808863,0.9375,0.94736844,0.9491732,0.5826877,0.5936992,1.0,1.0,1.0,0.5936992,0.5936992,0.5332405,0.7035708,0.4832136,0.02297549771493802,0.0014895401356237084,0.003498388036789589,-0.018819098971437728,-0.000424605824559624,0.0007768928964132886,0.014545839926742394,0.00883662974423794,0.01512942026818749,0.0,0.0,0.0,0.011144049201944227,0.004906315259302514,-0.015608116794193496,-0.04212299478114685,0.013277823145302514
0.68044007,0.80499166,0.8871432,0.9375,0.9375,0.9195934,0.7716642,0.48922598,0.50129807,1.0,1.0,1.0,0.50129807,0.50129807,0.41949052,0.43023735,0.57621366,-0.00129303927896703,0.0012464143131894639,-0.004448495282404891,0.014484170302070741,-0.0013464553190214526,4.6035478954910504e-05,-0.041715324508273,0.005578971694645186,0.006841694021078122,0.0,0.0,0.0,0.0016247902734608617,0.006382150258132569,0.045532082384847926,0.018438786114732608,-0.0036204429560214566
0.853887,0.86317396,0.62481505,0.62481505,0.88148516,0.94736844,0.94736844,0.5188412,0.52431995,1.0,1.0,1.0,0.52431995,0.52431995,0.48074055,0.34579298,0.7142136,0.02003225391974667,-0.003910125200170248,0.004500498301722857,-0.019053230401668196,0.0006733232581031702,0.0007085839806527925,0.0075754037340691974,0.006855412390818462,0.009409340926560029,0.0,0.0,0.0,0.0024144180583418806,0.005857364139451192,0.01608066623818925,0.03178015837552838,-0.04756275187424358
0.88714445,0.9002285,0.48600087,0.48600087,0.9375,0.94736844,0.9002285,0.7073028,0.71351373,1.0,1.0,1.0,0.71351373,0.71351373,0.6044905,0.6013486,0.8032137,0.030947002499252318,-0.011061140592593643,0.004043582667984638,-0.014851466929393778,-0.0007671166147205817,0.0009060516702700325,0.0020159833030552903,0.011593349032720907,0.017644592253290865,0.0,0.0,0.0,0.018532231565170493,-0.006486918281621968,-0.06594172191236441,-0.014753807627065085,-0.0834040648888244
0.7742657,0.7032694,0.72924525,0.77998596,0.9375,0.94736844,0.9489912,0.5034567,0.513065,1.0,1.0,1.0,0.513065,0.513065,0.5632405,0.3624596,0.5072137,0.011445750078703232,0.0060742159475751945,-0.0008397503623751762,-0.005141211106338537,-0.0027297739776420116,-0.00032166724821165976,0.008547447911481433,0.0068942664138783695,0.008507202455816517,0.0,0.0,0.0,-0.0001911441755739926,0.00728661222988228,-0.02640743993462916,0.02995533602085474,0.012980159544910868
0.8192658,0.86317396,0.2345638,0.2345638,0.9375,0.94736844,0.86317396,0.4023028,0.41438878,1.0,1.0,1.0,0.41438878,0.41438878,0.30324042,0.42801517,0.4622136,0.016828245402537988,-0.006554279636501048,-0.004224144920455891,-0.017117829413201092,0.0009252967123881847,0.0004720395955002609,-0.008120182836147004,0.002284672091088455,-0.003339801643953265,0.0,0.0,0.0,-0.004948244290144307,0.0023967336654817147,0.07036850247413706,0.01538745393255695,0.02205348561637789
0.73294014,0.70859635,0.6581612,0.9375,0.69357467,0.70859635,0.94736844,0.41691825,0.42923665,1.0,1.0,1.0,0.42923665,0.42923665,0.45949054,0.5113485,0.24321365,0.006061815060917851,0.004777728454509407,0.0021536479084423767,0.01312235820074708,0.0037962326180924254,-0.005301257877640525,0.01489714979361599,0.002019449124611822,0.0016485754475572534,0.0,0.0,0.0,-0.005443001671984282,0.0010249842189987248,0.020896486798613875,0.005095936929851595,0.05087650102330736
0.80081886,0.8475258,0.5493399,0.9062,0.9375,0.94736844,0.9193914,0.5399951,0.55375075,1.0,1.0,1.0,0.55375075,0.55375075,0.5682405,0.6535708,0.38921365,0.015715347887245205,-0.002024400335105258,-0.004775015649688637,0.004445794966192678,-0.0014392494722371449,0.0002629557298911163,0.0036111080325850237,0.009257036678101838,0.013971334262177311,0.0,0.0,0.0,0.007071297306150074,0.00635467564335905,-0.03720226840978324,-0.03113522194370904,0.04285218060060749
0.80831885,0.81563896,0.6620508,0.90427727,0.66661197,0.94736844,0.94736844,0.48307198,0.497333,1.0,1.0,1.0,0.497333,0.497333,0.32949054,0.6380152,0.46121368,0.010366289089880902,0.0001025406790246608,0.0016604195768388614,0.006673766814041637,0.004482106238084184,-0.0012688020318193133,0.013732830669100306,0.004985101001608138,0.005932234769785254,0.0,0.0,0.0,0.0005294662267018901,0.0031960082115442883,0.05083831462317752,-0.022088304925700002,0.01732733631897036
0.5225613,0.7819381,0.7522104,0.7522104,0.97322625,0.94736844,0.94736844,0.5357643,0.5452702,1.0,1.0,1.0,0.5452702,0.5452702,0.42574054,0.6535707,0.5072137,-0.02149861042454511,0.002620426801761393,0.001890153169648504,-0.00914318159694021,-0.0045729705617159,-0.00025374900030831625,0.010809119435446246,0.010415747631765473,0.013605381230893382,0.0,0.0,0.0,0.006582805202124774,0.006282952374058739,0.03887463478853165,-0.02397583378631425,0.005026364633333953
0.5050614,0.7643409,0.87109214,0.9375,0.90427727,0.7643409,0.94736844,0.38961044,0.40128273,1.0,1.0,1.0,0.40128273,0.40128273,0.3582405,0.20468171,0.5712136,-0.02687064004891564,0.0003719961237319369,-0.0013595914489384952,0.01798484199617487,0.001052979025849756,0.0026116576973219895,0.01838850944429588,-0.010157591123666038,-0.012824453202583913,0.0,0.0,0.0,-0.010580434539279083,-0.0010975438392370764,0.06041738393654444,0.03755880469605791,-0.0018241046164084096
0.88714445,0.9002285,0.36138663,0.36138663,0.9375,0.94736844,0.9002285,0.54461056,0.55191964,1.0,1.0,1.0,0.55191964,0.55191964,0.6044905,0.63801515,0.36121368,0.032457866661650174,-0.009414848806402778,0.009332322140160814,-0.02292981293197816,0.0002728110317325408,0.0026590223768725575,0.004535708814058821,0.008414959998164287,0.01328910861032722,0.0,0.0,0.0,0.0069766475309506705,0.006626336700700685,-0.06243488566342279,-0.017689702602250692,0.04136816027154043
0.8165763,0.835134,0.50145847,0.50145847,0.82265276,0.94736844,0.94736844,0.4499952,0.46029812,1.0,1.0,1.0,0.46029812,0.46029812,0.4894905,0.26579297,0.61721367,0.021117205307220693,-0.004010141860948402,0.0050419723064608615,-0.024961824290564642,0.0005142616845062204,-0.00044161530116701696,0.014056583797745652,0.005789938574890527,0.005645521318659129,0.0,0.0,0.0,-0.0008354282546197584,0.006588228163861843,0.010644943276716407,0.038726281253492784,-0.019187881167236926
0.7985083,0.8468666,0.69735223,0.97322625,0.9375,0.94736844,0.82946116,0.54345673,0.5551665,1.0,1.0,1.0,0.5551665,0.5551665,0.46949053,0.5335707,0.6202136,0.01324673907529078,-0.0018307076130150957,0.002606213233827899,0.01320467681517976,-0.0027301827990869067,-0.0010858650473328845,-0.018983930974780235,0.00927735624017963,0.014835273023614011,0.0,0.0,0.0,0.004908023560605975,0.006579969809542099,0.025041211775935757,0.00041433910294323586,-0.018220630616909584
0.29044002,0.694327,0.8581048,0.9375,0.9375,0.9774537,0.9489912,0.2830721,0.29611716,1.0,1.0,1.0,0.29611716,0.29611716,0.31449044,0.29690415,0.31821364,-0.07857338910654554,0.0035511704032092375,0.006290335264518101,0.0067167360674413,-0.0013811360481809606,-0.002489128167029218,0.026487500689168435,-0.042339727355776055,-0.04068323901173505,0.0,0.0,0.0,-0.026846704201186733,-0.016742887593210257,0.07151624435078464,0.019703106460965385,0.038960154842887944
0.46907637,0.6084794,0.9062,0.9062,0.9375,0.94736844,0.86317396,0.21653366,0.23107846,1.0,1.0,1.0,0.23107846,0.23107846,0.18324041,0.20357068,0.29421368,-0.04480807839690085,0.018037321665081537,0.008785601771832524,-0.002367292224998005,-0.0016218397564224125,6.264109324699972e-05,-0.014753199916553194,-0.06627112213559634,-0.07126883616778248,0.0,0.0,0.0,-0.042377122229600876,-0.03174547806311297,0.10122542564553565,0.022977969087764397,0.048734717307300564
0.8761976,0.90670466,0.5544903,0.5544903,0.9375,0.94736844,0.99324316,0.604995,0.61423475,1.0,1.0,1.0,0.61423475,0.61423475,0.66074055,0.55134845,0.59021366,0.026559880872477227,-0.010365991721120803,0.006072149290944459,-0.02067978395734723,-0.0008783827834583037,0.0008058766206985842,0.00868503803178367,0.00919993978742094,0.015527343756637136,0.0,0.0,0.0,0.011653520634359562,0.0031384374618291765,-0.12443303412198758,-0.004209501862854686,-0.012036019012787105
0.8635082,0.8913406,0.73919296,0.8898619,0.7139182,0.94736844,0.94736844,0.55614895,0.56482434,1.0,1.0,1.0,0.56482434,0.56482434,0.5132405,0.43357074,0.6342137,0.01888980633182113,-0.003882641366846848,0.002730634303931507,0.009300885542193708,0.007894591561362331,0.0008804787265047523,0.011705185388207173,0.011025660782561921,0.015727394304468578,0.0,0.0,0.0,0.006768652880937007,0.008111171333161103,0.00679202272463594,0.02048416050499826,-0.0186015710784823
0.5983189,0.8409836,0.76796275,0.76796275,0.93370897,0.94736844,0.94736844,0.6649953,0.66461474,1.0,1.0,1.0,0.66461474,0.66461474,0.3532405,0.6569041,0.8992137,-0.012588558081294481,-0.0002903101981657182,0.0013380964735727064,-0.0069765358342456455,-0.002416606580425992,2.745865115149376e-05,0.010838643716384384,0.014323876158209216,0.019784917694468485,0.0,0.0,0.0,0.009945513590441492,0.0016916693004086255,0.07720768442410539,-0.03227673763208463,-0.13487931196455785
0.71294004,0.8276937,0.7710579,0.7710579,0.97322625,0.94736844,0.94736844,0.43537977,0.4461904,1.0,1.0,1.0,0.4461904,0.4461904,0.37074053,0.40801513,0.49721366,0.004991754937585474,-0.0006642345519925548,0.000388376414691599,-0.005210482473825851,-0.0007265481040392,-0.0008517195386354273,0.01187831353107518,0.002732960983261422,0.001116084779157768,0.0,0.0,0.0,-0.002725616280696228,0.004425472961781431,0.05589309859882841,0.01866728816954209,0.013185275391720555
0.63794017,0.76654816,0.7959796,0.9375,0.8853314,0.76654816,0.94736844,0.36268762,0.37602237,1.0,1.0,1.0,0.37602237,0.37602237,0.4919905,0.44579294,0.33321363,-0.006034403141707678,0.0014305565950759054,0.0006267763149892898,0.016181086840881098,0.0019948054279006373,-0.0013554121517987366,0.01474311121725911,-0.020600000392596404,-0.018506606548017692,0.0,0.0,0.0,-0.020693102691276905,-0.0066568147305152816,0.026133784580175706,0.015981860151461656,0.040810031920418426
0.5915762,0.7486346,0.939427,0.939427,0.9375,0.94736844,0.94417596,0.69191813,0.6991138,1.0,1.0,1.0,0.6991138,0.6991138,0.58699054,0.78357077,0.5992137,-0.010399296793099698,0.006629330266680504,0.004805290450801208,0.017767024711257545,-0.00254560487888017,-0.00047642811633142603,0.012923802481008693,0.023088777027209004,0.01744644384859765,0.0,0.0,0.0,0.019393842846360036,0.000602965486245356,-0.05934959708531972,-0.06411921058118769,-0.016915219628064092
0.28237194,0.7124461,0.97322625,0.97322625,0.9375,0.94736844,0.75087833,0.45268747,0.46321902,1.0,1.0,1.0,0.46321902,0.46321902,0.31449044,0.4513485,0.59621364,-0.0770263189669586,0.0009750125264431291,0.0006940567668118073,0.015237267082107944,-0.0021144228316583168,-0.004340174160738798,-0.06060751721724371,-0.0020041385391620695,-0.0018300610726597094,0.0,0.0,0.0,-0.0018947123023820974,0.0024875277594951025,0.06187559864029353,0.00967124307907422,-0.0151914947349856
0.831387,0.84891,0.7371203,0.7371203,0.9375,0.94736844,0.93297225,0.5819183,0.5910077,1.0,1.0,1.0,0.5910077,0.5910077,0.66074055,0.4502374,0.6892137,0.022302876967670165,-0.004632034933299813,0.00019548390387303882,-0.010538454488583163,-0.0033463000375447086,5.45692115736679e-05,0.006849460968229483,0.019964489326586777,0.025308414583235423,0.0,0.0,0.0,0.01565207630645958,0.0067946150367373835,-0.12887396529536077,0.012456074444497447,-0.04534234701232267
0.62294006,0.89997333,0.88959694,0.92463356,0.870967,0.94736844,0.94736844,0.42461058,0.43976954,1.0,1.0,1.0,0.43976954,0.43976954,0.3069905,0.4257929,0.5362136,-0.007135895343503938,-0.003382937560785531,-0.0015186457954397842,0.013336253635349089,0.0018283165801327595,-0.0005048380260499566,0.00994571291957678,-0.0008687525075173412,-0.0003838304708061205,0.0,0.0,0.0,-0.004235804257253412,0.0027028693460105983,0.06916511498441719,0.018681612635875512,0.0034528365921125104
0.8111976,0.769977,0.51346034,0.51346034,0.9375,0.94736844,0.769977,0.6215337,0.632073,1.0,1.0,1.0,0.632073,0.632073,0.46074057,0.68134856,0.6462137,0.01702659688495814,0.0029591543048161422,0.003241690408674502,-0.016062388196214354,-0.00016291940224360914,-0.0005018025580714899,-0.023219380694097708,0.011759344628216616,0.023446618347659175,0.0,0.0,0.0,0.01135550055776287,0.00653415209347815,0.021772357526913998,-0.029775356670452585,-0.0309696143408432
0.5675614,0.71944743,0.82925797,0.93370897,0.75194645,0.94736844,0.94736844,0.3915338,0.40391952,1.0,1.0,1.0,0.40391952,0.40391952,0.3069905,0.36468178,0.5052136,-0.013897876068696713,0.0015348474989421317,-0.0006751718186769944,0.014970475340409375,0.007371345394398815,-0.0008495629870864396,0.010230806614738337,-0.00427521354828393,-0.005450079852098904,0.0,0.0,0.0,-0.008795661239063916,0.00126088594595321,0.06475661578393846,0.025716886117888825,0.005570021357609329
0.9017657,0.8176691,0.6417513,0.6417513,0.9184109,0.94736844,0.94736844,0.5984566,0.60880077,1.0,1.0,1.0,0.60880077,0.60880077,0.6157405,0.5680152,0.5782137,0.02581601189570692,-0.0014387381947011666,0.005603320143633045,-0.01716583642233634,-0.00026715525051643495,0.0004226110001297309,0.008715483388407427,0.009597291806802436,0.016406841643992035,0.0,0.0,0.0,0.011954395875575953,0.003952049403370152,-0.07828529721448907,-0.008818422655875612,-0.01156629954173692
0.6942656,0.7350172,0.7148479,0.8671419,0.9375,0.94736844,0.8351259,0.4253797,0.43504876,1.0,1.0,1.0,0.43504876,0.43504876,0.2594905,0.5057929,0.4702137,-0.0018892263937945008,0.0031571679644044597,0.0012256142474363016,0.0019138805424233725,0.0002458052025223181,-0.0028583996280118385,-0.012431406891259919,0.001260572573831842,-0.0037904755532656483,0.0,0.0,0.0,-0.004053966917353955,0.003001090765959197,0.07014880576654979,0.0067191780288192605,0.02101303270345386
0.66275066,0.90702903,0.73746544,0.9375,0.90427727,0.90702903,0.94736844,0.27614886,0.28984568,1.0,1.0,1.0,0.28984568,0.28984568,0.3019904,0.21579297,0.3942136,-0.0018892057759407003,-0.014507939880576425,0.002789823997227087,0.004294899962392249,0.002360584346935181,-0.0009261300803087273,0.011778109505446367,-0.045177189559149,-0.04664617812581872,0.0,0.0,0.0,-0.03756801319904371,-0.019680093319576708,0.07728782350624512,0.021551209619556297,0.027805484771476062
0.866387,0.8913408,0.25948194,0.25948194,0.9375,0.94736844,0.8913406,0.33345664,0.34630165,1.0,1.0,1.0,0.34630165,0.34630165,0.35699046,0.3624596,0.3492136,0.023122273265831546,-0.011167235624037798,-0.0098138725711715,-0.009423340099697369,0.0002554993001520562,0.0016322299755755448,-0.001732375769895497,-0.009603054928782585,-0.019131006602450606,0.0,0.0,0.0,-0.019992802358490543,-0.003849873226948541,0.06471184519209128,0.02458438712167351,0.04224447256938701
0.6531294,0.77707666,0.56617236,0.56617236,0.9375,0.94736844,0.79133517,0.4507646,0.4622483,1.0,1.0,1.0,0.4622483,0.4622483,0.43449056,0.40134844,0.50621367,-0.010004537546706578,0.0033820520001954183,0.004508526162587061,-0.017263663835359263,0.0004056890168576981,0.0001632411036282691,-0.027817196357235084,0.003259186258740846,0.00141795001161834,0.0,0.0,0.0,-0.0018496184434439575,0.004886822435339449,0.034842055732350864,0.019467836190239344,0.009497568700527063
0.53331894,0.7647942,0.5809668,0.5809668,0.97322625,0.94736844,0.94736844,0.2569184,0.2702391,1.0,1.0,1.0,0.2702391,0.2702391,0.19699049,0.122459516,0.42621365,-0.026036149706253484,0.0015576559046149706,-0.0016286490709845353,-0.0014401818282430518,0.00013162243505620235,-0.00048258919935947816,0.016380860059497418,-0.04425321852103623,-0.06216123205423483,0.0,0.0,0.0,-0.03449389530448752,-0.02188719046660674,0.08914751930338163,0.024349609696339803,0.025258194936073966
0.53525066,0.7223318,0.7727039,0.9375,0.9375,0.7223318,0.8351259,0.31922606,0.33211175,1.0,1.0,1.0,0.33211175,0.33211175,0.32074046,0.24023734,0.45121366,-0.0242629523037854,0.006102779839086163,0.002503045272947584,0.007691641426688164,-0.0022071299366391546,0.0031907748890476952,-0.023702514269381112,-0.030934241393705104,-0.0359509081697266,0.0,0.0,0.0,-0.024956145982480665,-0.012331884281760718,0.05600831258342021,0.02446921340292387,0.022084301145818826
0.88044006,0.9276742,0.81464255,0.9375,0.9005603,0.94417596,0.94736844,0.5796104,0.5881287,1.0,1.0,1.0,0.5881287,0.5881287,0.4307406,0.565793,0.64421374,0.01487761901206837,-0.006840190675032626,0.0008974093906528817,0.016064892334373863,-0.0005719044459604508,-0.0009903456182658937,0.015172910832646429,0.011166502580679026,0.01649384198370632,0.0,0.0,0.0,0.008342457188995029,0.00789413373745182,0.043496023266244015,-0.007764787793895841,-0.025898159608315017
0.7421444,0.81568396,0.33189487,0.33189487,0.9375,0.94736844,0.81568396,0.47345674,0.4840011,1.0,1.0,1.0,0.4840011,0.4840011,0.4582405,0.38245964,0.5462136,0.007329558993785084,-0.0002690382775789757,0.005300996017699211,-0.02517101462375453,0.00039360828657127354,0.0004895822081363285,-0.016881277852048796,0.004960325689841132,0.004543690197235559,0.0,0.0,0.0,-0.0003253204786813467,0.004843166567547176,0.023471781179948067,0.02009112693053795,-0.0015554900829659324
0.3908189,0.65204835,0.97322625,0.97322625,0.9375,0.94736844,0.6469075,0.38614905,0.39894122,1.0,1.0,1.0,0.39894122,0.39894122,0.42824048,0.30134848,0.4282136,-0.057183534474503646,0.002165080836644921,-0.0049574064606005604,0.013521046155453449,-0.0022770315602937637,-0.0034267063626409766,-0.09597266842345696,-0.017052718777507928,-0.01707222095204158,0.0,0.0,0.0,-0.008361160999835271,-0.003931244556835529,0.030256886043944827,0.02428756546180982,0.030221306558721035
0.50025064,0.80859274,0.79136,0.97322625,0.92463356,0.94736844,0.94736844,0.44345665,0.4581231,1.0,1.0,1.0,0.4581231,0.4581231,0.38574058,0.5935707,0.37321368,-0.026054902112718607,0.0014472059294126976,0.003274988875668553,0.01632311236437714,-0.001248165536931162,-0.001031720920925378,0.008670275559126174,0.0009186258027836227,0.0035421662190472593,0.0,0.0,0.0,-0.0038890263294719973,0.005271767194591508,0.05856300673148187,-0.006774865876111812,0.040692558591588386
0.57600826,0.71544886,0.5435766,0.5435766,0.99197626,0.94736844,0.94736844,0.5549953,0.56592983,1.0,1.0,1.0,0.56592983,0.56592983,0.35699058,0.6169041,0.6302137,-0.021609803943640857,0.0077138922694814085,-0.0021763011143994416,-0.015059406564628784,-0.0018404439497674333,-0.0007486076811681831,0.010944829946600267,0.009144487445198211,0.015781799709795364,0.0,0.0,0.0,0.006968945019680909,0.005941487611992678,0.059272341043861025,-0.01743656708451806,-0.02524861470758114
0.67812943,0.7085881,0.68934596,0.82265276,0.766342,0.94736844,0.94736844,0.27922615,0.29411772,1.0,1.0,1.0,0.29411772,0.29411772,0.4632405,0.11023733,0.36721373,-0.003121203628953204,0.005145551311923017,0.0016465053812035773,-0.0009922745471350727,0.006040474418320479,-0.0013981383206081326,0.009008686358827102,-0.04819403020288099,-0.04508567982818546,0.0,0.0,0.0,-0.03602911209684343,-0.022683110037137393,0.035319012206777634,0.024165872868544616,0.028559594978691472
0.86294013,0.7734092,0.84672004,0.93370897,0.8784795,0.94736844,0.94736844,0.6434567,0.6523662,1.0,1.0,1.0,0.6523662,0.6523662,0.71199054,0.6824596,0.5272137,0.012358076865923315,0.004594710416359622,-0.003869439191685584,0.016492465859352448,0.0015737122457435643,0.00012478655053172255,0.0048783455303379126,0.014944207278649996,0.015477654128395062,0.0,0.0,0.0,0.01851530921991065,0.004112409913118914,-0.16803440330411462,-0.03459480535219667,0.006427267135061545
0.95464444,0.99324316,0.4329154,0.4329154,0.9375,0.94736844,0.99324316,0.80807185,0.8101298,1.0,1.0,1.0,0.8101298,0.8101298,0.8532405,0.76801515,0.6722137,0.042377182135395285,-0.023353792838005476,0.008610073601371268,-0.003450396563704458,-0.0011142717029070906,0.0022615769338243347,0.005473839121143996,0.006440904523415735,0.017696668851293836,0.0,0.0,0.0,0.02338703221258268,-0.013753181576947634,-0.2619135076688582,-0.057295980901570294,-0.0373082861077737
0.8690763,0.93876034,0.7246668,0.7246668,0.9375,0.94736844,0.93876034,0.84807205,0.83798236,1.0,1.0,1.0,0.83798236,0.83798236,0.77074057,0.8069041,0.8262137,0.01777191667229889,-0.01330713720762831,-0.000622114344883429,-0.01390016622023606,-0.002940133773688861,0.001451067651207636,0.005565063747137484,0.005088556286794258,0.005031329717777324,0.0,0.0,0.0,0.02174558851068965,-0.024722599952256355,-0.20791340911645115,-0.08497216394408598,-0.0911608170884906
0.50775075,0.70859635,0.6894695,0.99197626,0.9062,0.94736844,0.94736844,0.33499512,0.34775957,1.0,1.0,1.0,0.34775957,0.34775957,0.42574054,0.44357067,0.24321365,-0.03288468787185662,0.00504517756008039,0.0027516588798485665,0.009279652760155148,0.0002171960291244905,-0.0011347872472967002,0.009225914674711016,-0.02761597526622273,-0.022816682101543334,0.0,0.0,0.0,-0.02095703779798148,-0.008753168239448623,0.04026002037421785,0.013022513885577578,0.055525944075006085
0.33312953,0.76654816,0.6206399,0.6206399,0.90427727,0.94736844,0.94736844,0.17307223,0.18836269,1.0,1.0,1.0,0.18836269,0.18836269,0.25199044,0.11023733,0.26021367,-0.07146354756353922,0.003217394932981119,-0.001271039623176283,-0.006440995355416379,-9.983993060187532e-05,0.001241403240334112,0.013253259082688186,-0.07650028878078924,-0.08884865248169904,0.0,0.0,0.0,-0.05014249629482785,-0.032678618833649926,0.08932280991043375,0.020776321041272316,0.04214432757008283
0.63619757,0.81906277,0.82265157,0.9375,0.9375,0.81906277,0.8998124,0.43730295,0.44953844,1.0,1.0,1.0,0.44953844,0.44953844,0.5257405,0.30801508,0.4662136,-0.011363812827102375,0.000632821024156475,-0.0027714062830070598,0.019590772707327054,-0.0020075060780582175,-0.0011919532451089279,-0.004495818399534615,-0.002225151321810853,0.0002528803138818371,0.0,0.0,0.0,-0.00554559158811514,0.005258878244882995,0.01106046369171914,0.0321223903330837,0.0223433398268662
0.81907636,0.6768097,0.6165656,0.97322625,0.9375,0.94736844,0.9015119,0.33807212,0.34912258,1.0,1.0,1.0,0.34912258,0.34912258,0.57449055,0.29023743,0.2612136,0.021034417230839722,0.007239260859425527,0.004371195655201688,0.009875595629413456,0.000992381071319578,-0.00046611861578709087,0.0005615621345907587,-0.02555215126617852,-0.02780102433730425,0.0,0.0,0.0,-0.021471444015385716,-0.008850671921965161,-0.03151251517399647,0.021052876762583765,0.04408519433585381
0.7035082,0.6437145,0.85415035,0.99197626,0.8853314,0.94736844,0.94736844,0.49230283,0.5027837,1.0,1.0,1.0,0.5027837,0.5027837,0.44199055,0.6202374,0.5462136,0.003914538315524419,0.002441412535525162,-0.0014712801029489045,0.020454753730388867,0.0009560202527049633,-0.0005858284407475014,0.00793567320362655,0.003951210701415106,0.006640025445814955,0.0,0.0,0.0,-0.001026597770771047,0.0034651572033812254,0.040949870124053815,-0.012590588851098232,0.001427651198097361
0.6060082,0.8838611,0.58546025,0.58546025,0.97322625,0.94736844,0.94736844,0.57461065,0.58389324,1.0,1.0,1.0,0.58389324,0.58389324,0.4807405,0.65579295,0.5452137,-0.012947205801306897,-0.007332971940216816,-0.0009417515225346505,-0.01947330681637532,-0.0027241211731767,-0.00018517739476791721,0.01081718330999172,0.011302744607066852,0.017576527126396835,0.0,0.0,0.0,0.008935064394873633,0.006051650507720112,0.01970691474527106,-0.022666545454191365,0.0002702234317752661
0.8604401,0.81586814,0.9062,0.9375,0.9062,0.9195934,0.94736844,0.5776875,0.5893107,1.0,1.0,1.0,0.5893107,0.5893107,0.56449056,0.51912624,0.61221373,0.0139715841443517,0.0007002483096335657,-0.010107660557748756,0.017594876016870067,-3.457145288404628e-05,-0.000465583036317944,0.011895462663325146,0.012463827718785186,0.01721756834564639,0.0,0.0,0.0,0.010193599662702163,0.008019677548732198,-0.03346004980662644,0.003361415811447513,-0.013136221689359507
0.73812944,0.76640093,0.83105767,0.83105767,0.8892118,0.94736844,0.94736844,0.60191816,0.6104313,1.0,1.0,1.0,0.6104313,0.6104313,0.42574054,0.53134847,0.7732137,0.005840516650480946,0.003045988564917698,0.0010829601069896678,0.0021650853820917282,-8.358899641091045e-06,-0.001495104247523697,0.014307027381393606,0.014819387887557243,0.020192122301597837,0.0,0.0,0.0,0.011073064754959693,0.007359771677646776,0.042047073144964885,0.002315175034962109,-0.0712932419357552
0.81369764,0.8368149,0.7538285,0.9396432,0.9045032,0.94736844,0.94736844,0.39268744,0.4042667,1.0,1.0,1.0,0.4042667,0.4042667,0.33699048,0.36468178,0.50121367,0.013721401797458382,-0.0026567012700753423,0.0014788595898349015,0.010924256958545334,0.0008543164185008458,-0.001149996695728165,0.011465329458710144,-0.005265888665590925,-0.008706693901151218,0.0,0.0,0.0,-0.011034405652130508,-0.001175084436568695,0.06145107688524789,0.026256893071847177,0.009516855023210473
0.831387,0.80151814,0.5786787,0.9062,0.9375,0.94736844,0.8998124,0.52807206,0.54042256,1.0,1.0,1.0,0.54042256,0.54042256,0.50449055,0.49468178,0.58521366,0.01960585288912944,0.0012280625572591633,-0.0022600358341022617,0.005754476812598512,-0.0014528041432123845,-0.0006802739417580531,0.0008490770167514928,0.010662941192822765,0.01541893201764623,0.0,0.0,0.0,0.004471791564820811,0.00787990915012031,0.013677715418178128,0.007676367773679843,-0.008900484696029384
0.559872,0.8065975,0.939427,0.9375,0.939427,0.8065975,0.94736844,0.58730286,0.59531265,1.0,1.0,1.0,0.59531265,0.59531265,0.6294905,0.5391263,0.6392137,-0.01179748906165375,0.001997739958513707,-0.00035754396125278314,0.021647639213335946,-0.002991967052163495,-0.002748468594001978,0.006154189123284399,0.01650521555184574,0.014666478031988056,0.0,0.0,0.0,0.009671727156830586,0.004857555937452638,-0.09856996396721467,-0.0006388120489586146,-0.024742386156523535
0.70525074,0.8820939,0.7592404,0.7592404,0.97322625,0.94736844,0.94736844,0.6269182,0.6381262,1.0,1.0,1.0,0.6381262,0.6381262,0.40824056,0.7646819,0.6292137,0.0032448254109868156,-0.004415243791669516,0.0020301347972990036,-0.008308739646793954,-0.0038377089007751992,-0.00018086338644876447,0.012992725771184129,0.018426684299215356,0.0231960034707355,0.0,0.0,0.0,0.014720004076970114,0.006112465171411614,0.03811854184084118,-0.06182405485730305,-0.031468345017741
0.5779401,0.8280433,0.77467537,0.77467537,0.9375,0.94736844,0.9711938,0.5803796,0.584004,1.0,1.0,1.0,0.584004,0.584004,0.30324054,0.58801526,0.74921364,-0.01454163825184943,-0.000738036558353137,0.002131816268029339,-0.005521080131144304,-0.002401903691854739,-0.00159749602875581,0.0205479040956639,0.014647937130552626,0.019759041935161332,0.0,0.0,0.0,0.01016114290199882,0.007347847561058695,0.07600534437228118,-0.014410393079214205,-0.06815956386372515
0.44525072,0.7735105,0.9005603,0.9005603,0.9375,0.94736844,0.8930203,0.62845665,0.63699657,1.0,1.0,1.0,0.63699657,0.63699657,0.48199052,0.65912634,0.64621365,-0.035628558254915836,0.0027665256374624398,0.004304939063451665,0.011148165036000428,-0.0028637919543396916,-0.003586245901930318,0.006007396443691863,0.021900765263615875,0.023551665299048972,0.0,0.0,0.0,0.011393149573793995,0.0037796192586093185,0.015730178409060533,-0.026989732645674825,-0.034368803019857126
0.8056295,0.834876,0.8205808,0.8205808,0.9375,0.94736844,0.9210105,0.54961044,0.5616228,1.0,1.0,1.0,0.5616228,0.5616228,0.5432405,0.5946819,0.53021365,0.011898556032234903,-0.0004658510163261776,-0.001719605438310122,-0.0013636350185876767,-0.002235359863497452,0.0003025237770531583,0.0054854169047083646,0.009414689510162322,0.015782989836936996,0.0,0.0,0.0,0.005686302976909654,0.007359092763552424,-0.0185494217047407,-0.009962270067228607,0.004755265431938109
0.78850824,0.8718084,0.8502183,0.9005603,0.9062,0.94736844,0.94736844,0.51153344,0.5225391,1.0,1.0,1.0,0.5225391,0.5225391,0.27949047,0.59468186,0.6092137,0.010512918865567126,-0.001659850243432012,0.0003936663308201253,0.00764702601586138,0.0004875065512423596,-0.0016875272107111383,0.015427837615409471,0.006680016932156581,0.010078823045651664,0.0,0.0,0.0,0.004205089025925365,0.004789859925247114,0.0659679169893098,-0.015435387098115611,-0.01711540557739485
0.9033189,0.81908965,0.6288841,0.6288841,0.8810272,0.94736844,0.94736844,0.46114892,0.472584,1.0,1.0,1.0,0.472584,0.472584,0.41949052,0.48468187,0.5052136,0.024959682776970533,-0.001016121831604335,0.0038871875591607,-0.014365711977479769,0.0017800744516898506,-0.0014541577505845563,0.010544965971311507,0.007095821908492093,0.007373451728311752,0.0,0.0,0.0,0.0006291534599323833,0.00487604553610338,0.03630237080018423,0.006400401761983852,0.0075210925415804784
0.46157628,0.6102168,0.78928065,0.97322625,0.9375,0.94736844,0.9365335,0.049226027,0.06524308,1.0,1.0,1.0,0.06524308,0.06524308,0.10074043,0.07357057,0.1662136,-0.0446963786112129,0.026120366604959037,0.004462475125241175,-0.006448352931262866,-5.398499867737657e-05,0.0010773613049757675,0.010694105086177842,-0.1217348846827508,-0.13165817800698168,0.0,0.0,0.0,-0.07340932656556536,-0.05102241199924945,0.10964411480674384,0.01805575048905931,0.062113370748221264
0.4658189,0.8069667,0.8704228,0.8704228,0.9375,0.94736844,0.5961648,0.2873029,0.29774132,1.0,1.0,1.0,0.29774132,0.29774132,0.09199035,0.4635707,0.36821356,-0.05115138171630331,-0.001699036187119059,0.0074267085030317245,-0.0025284633443679165,-0.0009516205813740687,-0.00046761977419642025,-0.11386367753098792,-0.029541743882818414,-0.04704902609851045,0.0,0.0,0.0,-0.023244429736900746,-0.013247854148792768,0.08796440723099704,0.010122873662705091,0.049774307786795625
0.67638695,0.7507512,0.76836,0.88566744,0.9657926,0.94736844,0.94736844,0.42768744,0.43605796,1.0,1.0,1.0,0.43605796,0.43605796,0.52199054,0.5080151,0.3492136,0.0008502365438065046,0.0014644640606697535,-7.892825467327135e-05,0.006526007882351836,-0.003491806961621198,-0.0016337871558255914,0.010639390033432372,0.0013691179465857967,0.0006411199598419961,0.0,0.0,0.0,-0.005428679380957453,0.003769563889389579,-0.017910892671164382,0.006618788925350351,0.04001808177764412
0.5731295,0.71033305,0.72458863,0.72458863,0.90427727,0.94736844,0.94736844,0.33961046,0.3525716,1.0,1.0,1.0,0.3525716,0.3525716,0.37824053,0.20468181,0.45921364,-0.019741376545748302,0.004293792890152937,0.0012325844305741324,-0.010292884388329492,-0.00018700976772462443,-0.0018633135903650577,0.014213222378906128,-0.018444766202044702,-0.02227805986752034,0.0,0.0,0.0,-0.01799751372890768,-0.0032317667093947635,0.06479155837302991,0.03459778436303834,0.0198731250292946
0.48794004,0.8475258,0.8254219,0.8254219,0.93370897,0.94736844,0.94736844,0.51922596,0.5288687,1.0,1.0,1.0,0.5288687,0.5288687,0.43074054,0.52134854,0.5622136,-0.026847880546166523,-0.0008759171941374826,0.0019139153636762597,0.003487433270177769,-0.001355379522097685,-0.0020873825484018214,0.020401489926622326,0.01122097346572886,0.015238480979918964,0.0,0.0,0.0,0.004450337987437681,0.008890752557415704,0.047045169003070306,0.0034154331912616487,-0.0006874442579784778
0.87407637,0.81349695,0.68119776,0.9657926,0.7352298,0.94736844,0.94736844,0.71422577,0.7195255,1.0,1.0,1.0,0.7195255,0.7195255,0.7032405,0.6091263,0.7212137,0.020007684255950887,0.0006499721495067909,-0.00011935980682575724,0.01889222746155403,0.014125045312384215,0.0006966339706511648,0.006442808075769168,0.020468299640977433,0.013155316786007341,0.0,0.0,0.0,0.028374596369981357,-0.004624667043050954,-0.15911921088374575,-0.024378046546063743,-0.05755324294053609
0.5908188,0.792695,0.8581048,0.9062,0.97322625,0.94736844,0.94736844,0.16730294,0.18200961,1.0,1.0,1.0,0.18200961,0.18200961,0.14199042,0.15468174,0.33421364,-0.01627015469272614,-0.0009062230880760136,0.007208301795837328,-0.003538426775854136,-0.0020468290190585547,0.0007508376386266384,0.013038350672496974,-0.08638952364219733,-0.0919373038578436,0.0,0.0,0.0,-0.06015450956865205,-0.04093697462199774,0.09397662250206577,0.019046937412423325,0.03708102673470823
0.6027506,0.8211281,0.85675997,0.9668138,0.78727716,0.94736844,0.94736844,0.5488412,0.55395395,1.0,1.0,1.0,0.55395395,0.55395395,0.4607405,0.51357067,0.6742137,-0.011448697084787594,0.001939716638935048,0.003550356095087627,0.025298257399848315,0.006877590935174558,-0.0021915591141571903,0.016649771629502028,0.01024994109766426,0.014591612367326132,0.0,0.0,0.0,0.005538706671127329,0.007951584566046522,0.035365098875128564,0.007093927532253562,-0.031024817699206335
0.7717657,0.86317396,0.27610615,0.27610615,0.939427,0.94736844,0.94736844,0.39537972,0.40755102,1.0,1.0,1.0,0.40755102,0.40755102,0.2607404,0.5391263,0.43521366,0.009962472646948517,-0.007238266109816959,-0.009222710958298536,-0.017353751677525345,0.0003778476459253813,0.0013534397792332818,0.010661992542872145,0.0004942340511444687,-0.006241210594103074,0.0,0.0,0.0,-0.008767705560701219,-0.00013632915130822748,0.08063457072511994,0.0019421911733553,0.025381379488040545
0.7627506,0.8838611,0.83129877,0.83129877,0.9375,0.94736844,0.9210105,0.5446107,0.55665976,1.0,1.0,1.0,0.55665976,0.55665976,0.46949053,0.5880152,0.57721364,0.007709154728625564,-0.0028315799821562585,-5.468631378223829e-05,0.002382554402049355,-0.0020193109680045297,-0.0007986839157609084,0.007305739234514541,0.011891004723687532,0.016358592793454897,0.0,0.0,0.0,0.007472139761665093,0.007823224937887122,0.02495642328063159,-0.01263106368697612,-0.011665081547350404
0.8508189,0.8718827,0.7431909,0.97322625,0.6872738,0.94736844,0.94736844,0.4984565,0.5130397,1.0,1.0,1.0,0.5130397,0.5130397,0.3019905,0.5546819,0.5442136,0.014942103460913663,-0.0034854250376528135,0.0012311922801285951,0.01365228743104391,0.004804638039403757,-0.001377035878252539,0.020754786836020257,0.00862178609836141,0.01170143930703925,0.0,0.0,0.0,0.004651699031208484,0.006905757575372215,0.06560453299313483,-0.005491315311630146,0.0007612499160795616
0.8786976,0.8439094,0.7342686,0.9375,0.9375,0.8439094,0.99324316,0.86037964,0.8608496,1.0,1.0,1.0,0.8608496,0.8608496,0.8382405,0.92690414,0.69621366,0.013018448385213053,-0.0034747909849434976,-0.00015087993310254684,0.010063517535633242,-0.0020011742776507553,-0.005122060238124881,0.011082849648517579,0.01425485165068106,0.0067287533701095555,0.0,0.0,0.0,0.02991688389409104,-0.019585543684820433,-0.2566219838445496,-0.11907017878702178,-0.04787126893785779
0.8994551,0.82978517,0.69497114,0.77865386,0.67853695,0.94736844,0.94736844,0.61768734,0.6262296,1.0,1.0,1.0,0.6262296,0.6262296,0.42074054,0.6880152,0.6622137,0.015507465460815488,6.947823020426052e-05,0.0016540643645419307,-0.004540017412397769,0.008844232082694895,-0.00043847500680198255,0.009162260683188515,0.011418186524157981,0.016940889780269756,0.0,0.0,0.0,0.012790735501765755,0.00772680204129805,0.04578146190312495,-0.036020042581217736,-0.028314336258023837
0.47544006,0.65673494,0.48050833,0.9375,0.48050833,0.65673494,0.94736844,0.43922585,0.45128784,1.0,1.0,1.0,0.45128784,0.45128784,0.1982404,0.59357077,0.4612136,-0.02596436185607293,0.008742115235692663,-0.007691204672058571,0.01148389014933925,0.011098328226931974,0.00041241959920766696,0.01476980760603424,0.0004807900054990806,-0.0003893008268735562,0.0,0.0,0.0,-0.0037687806902951017,0.004107189681406001,0.09474568512651885,-0.009334855085377488,0.026547139935909937
0.5731295,0.6522407,0.5852811,0.93773437,0.5995892,0.94736844,0.94736844,0.3873027,0.39989468,1.0,1.0,1.0,0.39989468,0.39989468,0.45074052,0.4291262,0.45221367,-0.02066332059426089,0.005574246684598323,-0.0004491769182249557,0.011468313929788422,0.011033721772961197,-0.002758203444870845,0.011698336548135891,-0.011926610594203963,-0.011293511060574841,0.0,0.0,0.0,-0.013324012941650764,-0.0016045416442898724,0.02442089498756409,0.016484982802233643,0.021943905315167277
0.6102507,0.8137169,0.7954408,0.7954408,0.93370897,0.94736844,0.94736844,0.57691807,0.58653283,1.0,1.0,1.0,0.58653283,0.58653283,0.5307405,0.7402374,0.45221367,-0.006355359133730798,0.0002917071954163061,0.0015853909765635784,-0.004242164845223337,-0.0015087872659345504,-0.0015830358859228915,0.009382780411900618,0.01752166975334157,0.018832005000573568,0.0,0.0,0.0,0.013150772299232729,0.007328899147546226,-0.02478737584667652,-0.04771559918337369,0.025852555406719158
0.8067658,0.86317396,0.03833921,0.03833921,0.97322625,0.94736844,0.94736844,0.08999531,0.10536918,1.0,1.0,1.0,0.10536918,0.10536918,0.09199035,0.15468174,0.20621356,0.015754408086114426,-0.012960409728286215,-0.026560784662517302,0.056715606981050666,0.0008657228255652427,0.0017862854510085752,0.010862680533901447,-0.08316859930936223,-0.11586894354712715,0.0,0.0,0.0,-0.06675239983347865,-0.04240083526352081,0.08435000320830008,0.008716624824021331,0.050621283496490845
0.56294006,0.7665391,0.7727039,0.83945024,0.9375,0.94736844,0.99324316,0.3496107,0.3622266,1.0,1.0,1.0,0.3622266,0.3622266,0.38574058,0.5702374,0.23921366,-0.020025527695044964,0.0024302984010124594,0.0015660269553310771,0.0006897007196645779,-0.0011276984410004604,-0.0005194769195218782,0.019894461806341766,-0.013835200231385007,-0.01468976082684464,0.0,0.0,0.0,-0.016403561291932125,-0.002966409771395575,0.058301607033184946,0.0021590541806458465,0.059471130621189715
0.6836975,0.7101381,0.6309476,0.9375,0.9375,0.86317396,0.7101381,0.18230292,0.19703205,1.0,1.0,1.0,0.19703205,0.19703205,0.14199042,0.30134848,0.1662136,-0.0011139898471054512,0.01073007423705651,-0.002608252875390832,-0.007307163365713649,-0.0003018034850190233,-0.0007868389132792837,-0.05057982766360594,-0.0743029333550862,-0.08568403867161466,0.0,0.0,0.0,-0.05092436405243385,-0.03218234771776867,0.09997612955143252,0.017602160838265213,0.07059477871622616
0.9229401,0.8573264,0.6271421,0.6271421,0.9375,0.94736844,0.94417596,0.5442258,0.5531661,1.0,1.0,1.0,0.5531661,0.5531661,0.58699054,0.68801516,0.39721364,0.030238122592656333,-0.0033876962938266973,0.0033990611275801458,-0.016513100658982947,-0.0006593794520593679,0.0009020919012040362,0.010746164691636043,0.008657104356100724,0.013625513864816342,0.0,0.0,0.0,0.0078060363636170095,0.006682629595848042,-0.06856621943396213,-0.03199057199648946,0.036133748806297744
0.783887,0.6226218,0.9062,0.9375,0.9375,0.8471872,0.63982743,0.33691832,0.35175753,1.0,1.0,1.0,0.35175753,0.35175753,0.46949053,0.40801513,0.2782136,0.016372939442223147,0.004386337104776697,-0.01168808892882849,0.009318833378852446,0.0009383386902065177,0.00039012648384660967,-0.07022131325747404,-0.01601726996543881,-0.028191028677189426,0.0,0.0,0.0,-0.012007311374546293,-0.009646476616513758,0.010171768775950083,0.011849599358321656,0.056324435187235705
0.81812954,0.8048283,0.89991826,0.9375,0.97322625,0.8048283,0.94736844,0.70614904,0.71482867,1.0,1.0,1.0,0.71482867,0.71482867,0.63699055,0.7813486,0.58521366,0.00677684942595728,0.0019733007828063058,-0.0006374636316776599,0.015282889968050939,-0.00788576823743867,-0.006473704633217102,0.0060764721479851245,0.01664059163351551,0.01269915279079953,0.0,0.0,0.0,0.018969104631955534,-0.0019258544670506502,-0.08082221847235806,-0.06435772648487882,-0.005034282162142061
0.439872,0.41862458,0.823088,0.823088,0.88959694,0.94736844,0.94736844,0.34037971,0.35393304,1.0,1.0,1.0,0.35393304,0.35393304,0.24074042,0.44579294,0.36921367,-0.04645105922402793,-0.0002931831184111297,-0.002191663001193541,-0.0012550897162249555,-5.474276727839518e-05,-0.0034012538254355896,0.014850891856558104,-0.014391245831656478,-0.02048709723065488,0.0,0.0,0.0,-0.014168002187012241,-0.002535854967883963,0.09331173442965568,0.011505892242823737,0.03849667499862918
0.6558189,0.6986292,0.8119265,0.8119265,0.9375,0.94736844,0.66965574,0.55345684,0.5627299,1.0,1.0,1.0,0.5627299,0.5627299,0.3582405,0.52245957,0.69621366,-0.01114067827609269,0.0032205534375375176,-0.0023009104870875354,0.0003541823965275984,-0.0013900644479957292,-0.0038791083993026986,-0.07668399436214483,0.011599625558550106,0.017458018573681428,0.0,0.0,0.0,0.006646426507297028,0.007034080426601418,0.04508690944791319,0.004225559475130477,-0.05054405060181828
0.40562958,0.6346084,0.5407582,0.5407582,0.9375,0.94736844,0.6346084,0.4849952,0.49477252,1.0,1.0,1.0,0.49477252,0.49477252,0.5132405,0.43468177,0.5622136,-0.08349242425554261,0.011756972005511153,0.002139647101526802,-0.01336463301721615,-0.001062672089146934,-0.0009109969642030927,-0.08196043040952389,0.003692853556193792,0.0048548958075974695,0.0,0.0,0.0,0.0004959322952952259,0.006168124700675085,0.0014402820390780645,0.015441028423151457,-0.004779756070241375
0.65562946,0.7897599,0.87302923,0.9396432,0.9375,0.94736844,0.9711938,0.50922596,0.517366,1.0,1.0,1.0,0.517366,0.517366,0.5482405,0.6069041,0.34221363,-0.0004717499757304494,0.001961303134895553,-0.006294321761527254,0.02225057346008311,-0.002212086544483327,-0.0013541635525943588,0.017387129324083175,0.004825989338776732,0.00757091285148792,0.0,0.0,0.0,-0.0005231774093823377,0.004407656962622383,-0.023816749596544357,-0.012979929104440917,0.048902900956388703
0.7650614,0.81021345,0.8871432,0.97322625,0.9005603,0.94736844,0.94736844,0.436149,0.44649115,1.0,1.0,1.0,0.44649115,0.44649115,0.5244906,0.2835707,0.5622136,0.0067973881071206575,0.0018307367881936756,-0.011153721888478607,0.02700120044724845,2.736307459164304e-05,-0.0007679395983459618,0.009910495955982937,-0.0018551463120918398,-0.0009970679280591683,0.0,0.0,0.0,-0.006998369539694968,0.004411681900750082,0.008340158616024808,0.038606064866859566,0.00247612269021469
0.5229401,0.6398222,0.7815751,0.84817314,0.97322625,0.94736844,0.94736844,0.37884125,0.3912027,1.0,1.0,1.0,0.3912027,0.3912027,0.37824053,0.3624596,0.41721353,-0.031207591742584154,0.0006336855095126885,-0.0005037900988777538,0.0014732072015288611,-0.004336898060444579,-0.0019272347243399312,0.010984568874547556,-0.014631585506601626,-0.016765862488933025,0.0,0.0,0.0,-0.013987835314082915,-0.0018343808812834998,0.061708765460266345,0.02589261853475925,0.031505740600177676
0.85176575,0.8930203,0.4007622,0.4007622,0.90427727,0.94736844,0.94736844,0.49422586,0.50282913,1.0,1.0,1.0,0.50282913,0.50282913,0.3019904,0.43468177,0.69021374,0.017978729068911615,-0.006811044472769879,0.000565625897257386,-0.02471961239278885,0.0007720095936648767,0.0005759588491593652,0.008207613343956983,0.006608690480089019,0.005798810414413605,0.0,0.0,0.0,-4.744746539474265e-05,0.005943689023815531,0.07957744240229088,0.020383534867405042,-0.03825006015609327
0.78775066,0.7715334,0.732981,0.97322625,0.73290676,0.94736844,0.94736844,0.4911489,0.50354475,1.0,1.0,1.0,0.50354475,0.50354475,0.4894905,0.55134845,0.4522136,0.010812845424182607,0.0028649107476138623,0.001902988121407108,0.01960604660796846,0.007531029624205757,-0.0005221895906953403,0.00866292078185009,0.008905694492940798,0.01192206449440195,0.0,0.0,0.0,0.0014106273590739856,0.00766807491499263,0.019499149792858925,-0.0036657400618402636,0.02423163547614354
0.702372,0.86370254,0.84504735,0.9375,0.9375,0.91509557,0.99324316,0.64191824,0.6476132,1.0,1.0,1.0,0.6476132,0.6476132,0.7269905,0.45245966,0.75821364,0.0014776289162534934,-0.005984466540865489,-0.00014287054429971572,0.01677565959528583,-0.004747303909087181,-0.0002840748503872521,0.009364707737718659,0.01967137774388198,0.011948002548139968,0.0,0.0,0.0,0.017761995873915897,0.0023754134663490968,-0.18241659907077146,0.020594303352438125,-0.06310597877873456
0.82157636,0.8769778,0.34894568,0.34894568,0.97322625,0.94736844,0.94736844,0.55345666,0.56304634,1.0,1.0,1.0,0.56304634,0.56304634,0.5494905,0.5335707,0.5452137,0.02270834800692137,-0.008443891681963286,0.003100056378396308,-0.01825535373168975,7.877161717201306e-05,0.002481729326138795,0.007050051662340435,0.009726906461199692,0.015476574761522857,0.0,0.0,0.0,0.00766494744862849,0.006001247626008962,-0.021545403988718213,-0.0033378046047333747,-0.00133381767539292
0.6404402,0.86967397,0.9045171,0.9375,0.97322625,0.93129337,0.94736844,0.51114887,0.52104324,1.0,1.0,1.0,0.52104324,0.52104324,0.5082405,0.3746818,0.6972137,-0.008593964777159555,-0.002704693875012711,-0.0035994874492284944,0.021435951961005773,-0.006910195784321552,-0.001719645595175018,0.014257876441627414,0.007993103860654672,0.012390460996752119,0.0,0.0,0.0,0.0027208274167579154,0.007883355555115752,0.01294711651962069,0.03066344300205145,-0.04243641940931066
0.7683189,0.8533903,0.8755339,0.8755339,0.9375,0.94736844,0.94417596,0.6365337,0.6378655,1.0,1.0,1.0,0.6378655,0.6378655,0.48824054,0.5891263,0.8052137,0.008476525886604688,-0.0033789266236030784,0.0008808832454745107,0.00491759623366211,-0.0024804557918023692,-0.0014171963536497867,0.01332663409341323,0.015588916657512658,0.017904419459744428,0.0,0.0,0.0,0.011365205154391489,0.0028810300875430693,0.016714124873329787,-0.014950632943493546,-0.089316217797452
0.7286976,0.7733344,0.7892912,0.8375191,0.9375,0.94736844,0.94756573,0.41037986,0.42360145,1.0,1.0,1.0,0.42360145,0.42360145,0.34699047,0.6202374,0.30921364,0.0029913982724358774,0.001750714668072799,-0.00015108257636568535,-0.00010311268845634949,2.1674500469807123e-05,-0.0010330515977449097,0.008254008637889367,-0.0010309886329522712,-0.003538516904605111,0.0,0.0,0.0,-0.00788746843891832,0.001045209635284728,0.06635041161625249,-0.012751185288311529,0.05427229603020898
0.6829401,0.8065975,0.6287354,0.6287354,0.9375,0.94736844,0.92728084,0.5746105,0.5778537,1.0,1.0,1.0,0.5778537,0.5778537,0.7032405,0.5246818,0.4622136,-0.0002357506486264971,0.0019595176829931447,0.002450289111498261,-0.019862873843750357,-0.00197340807137916,0.00026841475018096625,0.006009611442265681,0.01135988867336583,0.014696126543760039,0.0,0.0,0.0,0.0069947668809867145,0.005829245876360594,-0.15737037548635738,0.00464300622702582,0.02989935379561481
0.50775075,0.6349,0.82686067,0.9045032,0.82226443,0.94736844,0.94736844,0.49345663,0.5040243,1.0,1.0,1.0,0.5040243,0.5040243,0.46949047,0.32023737,0.6572136,-0.026536224211270734,0.003626950752319578,-0.0012153151642568024,0.014848444949768136,0.0052174817618431965,-0.002773538786574342,0.01390044481888483,0.005843511488252858,0.009947860535106132,0.0,0.0,0.0,0.0010683162556821323,0.006940123304251723,0.026098562332785763,0.033409690066788775,-0.027344163519246744
0.6986975,0.89307725,0.6705293,0.6705293,0.90427727,0.94736844,0.94736844,0.4719181,0.48476103,1.0,1.0,1.0,0.48476103,0.48476103,0.3069905,0.4291262,0.6722137,-0.0020369269825381386,-0.0054815577515037565,0.0015282432266948865,-0.014031104609294765,-0.00015907584632365634,-0.001762749437989046,0.0163924960068671,0.00587643204852338,0.008098223086844436,0.0,0.0,0.0,-0.0007417105561634655,0.007813174197851755,0.08205016608527824,0.020453039018341237,-0.03372918812676552
0.6454401,0.76316774,0.8206084,0.9375,0.9375,0.8368149,0.76316774,0.49153358,0.502754,1.0,1.0,1.0,0.502754,0.502754,0.3582405,0.64134854,0.45221367,-0.004208214605444654,0.0030431290108984517,0.0016330408438598896,0.009728078891696707,-0.000865981923617626,-9.198015977657782e-05,-0.035122690734889495,0.008829896102134631,0.011213744576039861,0.0,0.0,0.0,0.004113680536842225,0.007200748738870267,0.05861311054488999,-0.015425189902536314,0.028316745914833436
0.7725613,0.8350073,0.913646,0.939427,0.9375,0.94736844,0.9128261,0.5880721,0.5890627,1.0,1.0,1.0,0.5890627,0.5890627,0.6707405,0.4891262,0.58021367,0.008253599430719747,0.0009975383831880788,-0.009104936617008145,0.023105776428005268,-0.0032435086059983843,-0.000825178225535371,0.003936946543568321,0.014101537490940386,0.016530529449433517,0.0,0.0,0.0,0.00922598149883174,0.007316334178402992,-0.12795324270480798,0.012118889696889387,-0.005026323545490748
0.73081875,0.8718827,0.79113096,0.79113096,0.9375,0.94736844,0.93876034,0.7673029,0.77021086,1.0,1.0,1.0,0.77021086,0.77021086,0.77074057,0.65690404,0.75121367,0.0022574321619528615,-0.005256196998871179,-0.0001228494727718806,-0.0034370331204772353,-0.0025772716534343586,0.0008082561630662399,0.0023009220763370824,0.01817320929317813,0.011777314582206213,0.0,0.0,0.0,0.024573502843002547,-0.010880694917527738,-0.21673681564237357,-0.03970948618476368,-0.06277297885915874
0.5881295,0.73138237,0.73690873,0.73690873,0.88959694,0.94736844,0.94736844,0.44345665,0.4582334,1.0,1.0,1.0,0.4582334,0.4582334,0.4082405,0.52134854,0.41821367,-0.011764520953231161,0.002314885642936888,0.00011823274532059992,-0.006990116606856589,0.0008866586826694135,-0.0014827374933927323,0.013268175159572536,0.003258631142387106,0.00407681775354573,0.0,0.0,0.0,-0.0019426574088124886,0.005642658930094403,0.039695153097737246,0.003757761699851592,0.03035791727960215
0.69350815,0.7789276,0.6956186,0.6956186,0.8144315,0.94736844,0.94736844,0.42884123,0.44204876,1.0,1.0,1.0,0.44204876,0.44204876,0.41949052,0.3080152,0.5292136,0.0017945854952593249,0.001150953845208784,0.0014268071857129819,-0.011128636701789676,0.00217330193588708,-0.0013200593689191942,0.013492069954515748,0.00033899057432404444,-0.00040667385559076634,0.0,0.0,0.0,-0.003805429459516547,0.0031136285597054662,0.03280850317068933,0.03062492171705272,0.005079830945893424
0.61312944,0.7594771,0.79543257,0.79543257,0.93773437,0.94736844,0.94736844,0.5715336,0.57942617,1.0,1.0,1.0,0.57942617,0.57942617,0.52574056,0.3813485,0.6672137,-0.009550954013467967,0.004603857882573888,-0.0013014712698726236,-0.002996393625402326,-0.003302271252806634,4.5177010121375226e-05,0.013048845013345712,0.017509123734714627,0.021275461961587486,0.0,0.0,0.0,0.011787268676698836,0.0066170556940384605,-0.018256078156158314,0.024809758217135124,-0.03363758851628691
0.49756128,0.68563116,0.8003974,0.9375,0.8779002,0.68563116,0.94736844,0.4753798,0.48513806,1.0,1.0,1.0,0.48513806,0.48513806,0.5982405,0.35801518,0.4612136,-0.028928895435935083,0.008285193452903747,0.0008324611570638864,0.02155319195396415,0.002319688776843886,-7.918757791274454e-05,0.014607280408221424,5.0311271700526904e-05,0.005223143425379931,0.0,0.0,0.0,-0.0031742905767747406,0.005611243299598029,-0.05856095883318629,0.03174428153997283,0.026332483686155216
0.6810083,0.84539974,0.65436137,0.9005916,0.61812305,0.94736844,0.94736844,0.36961058,0.38273326,1.0,1.0,1.0,0.38273326,0.38273326,0.31699038,0.17801517,0.57621366,0.0018043889813423558,-0.004622196357919151,0.0008870469987811439,0.007367769715544991,0.006011962695705165,-0.0017430401021938683,0.015470956947659598,-0.012416729505691216,-0.014373601538798585,0.0,0.0,0.0,-0.013367833079570714,-0.005050406956908323,0.06000288398237874,0.034603786244875465,-0.006468152518552479
0.7483189,0.84890395,0.8581048,0.9062,0.8810272,0.94736844,0.94736844,0.43576446,0.44841096,1.0,1.0,1.0,0.44841096,0.44841096,0.2594905,0.6669041,0.40321368,0.002290684502667978,-0.0023688752145890318,0.0005195926731899917,0.0056132399901918425,0.0013361709981477,-0.0011191373529270438,0.007035819639456723,0.003609472704266182,0.003508765822904393,0.0,0.0,0.0,-0.0033439703853961034,0.0016454785692169283,0.08293455361205336,-0.0232075856703442,0.028941776099685956
0.8785082,0.8913408,0.85675997,0.85675997,0.8810272,0.94736844,0.94736844,0.63884133,0.64340144,1.0,1.0,1.0,0.64340144,0.64340144,0.46949047,0.755793,0.6342137,0.013370104841983785,-0.004224467395798872,0.0007081742491606059,0.004567745216119134,0.0011422460033529884,-0.0004551700193959217,0.011863214736475397,0.010556622540288375,0.013485961239607049,0.0,0.0,0.0,0.012506076396603207,0.006470044218367048,0.02342000310991229,-0.059420762245826604,-0.023908558351121045
0.29218274,0.55745375,0.9409667,0.9409667,0.9375,0.94736844,0.9162613,0.55345666,0.5565962,1.0,1.0,1.0,0.5565962,0.5565962,0.54574054,0.40134844,0.7192137,-0.07475137084065436,0.005652254034449404,0.0009854455231459941,0.017040986680753756,-0.003670355357993896,-0.005458025029214444,0.010518887089992704,0.014705687653371564,0.016311392937290777,0.0,0.0,0.0,0.0063561107477250675,0.006573473752460285,-0.01959773709625157,0.02178686768063427,-0.04801852260657769
0.7446444,0.774755,0.4654583,0.4654583,0.9375,0.94736844,0.774755,0.5165336,0.52918154,1.0,1.0,1.0,0.52918154,0.52918154,0.5744905,0.62357074,0.41821367,0.007259030077436346,0.0024398540028114702,0.006739869028356427,-0.022315645587002043,-0.00042153737454635366,0.0007241880925026029,-0.010147635310165189,0.009104775605008969,0.012513760844332414,0.0,0.0,0.0,0.0024585270105598462,0.0064161991872031775,-0.03274104612734273,-0.01132613287614102,0.028540338603083592
0.8531295,0.91628766,0.789103,0.913646,0.9375,0.94736844,0.9711938,0.6576874,0.65716136,1.0,1.0,1.0,0.65716136,0.65716136,0.71324056,0.51245964,0.7212137,0.017780171189865326,-0.010842336883124637,-0.00037390592868943417,0.01341561658438202,-0.0045938582172075585,0.0008866198945881678,0.010702449125868848,0.016394729327432432,0.01389854070783716,0.0,0.0,0.0,0.019266212107300545,-0.0004897291870608686,-0.174252909882214,0.0018832895319305294,-0.052641495572810344
0.7208188,0.87200075,0.633392,0.633392,0.93370897,0.94736844,0.94736844,0.48845673,0.50003827,1.0,1.0,1.0,0.50003827,0.50003827,0.43074054,0.5135708,0.49121362,0.007896176753818923,-0.0048348686889852855,0.00263120448247593,-0.016620036266974746,-0.0003734036126158511,0.0007242608919242932,0.014508296442599091,0.00867115847465912,0.012384142502440812,0.0,0.0,0.0,0.003145488133752024,0.007852240871175649,0.03346715515814063,0.0029456994320730383,0.010039570107906504
0.56775075,0.8632933,0.89658135,0.89658135,0.99197626,0.94736844,0.94736844,0.50114894,0.510945,1.0,1.0,1.0,0.510945,0.510945,0.31449056,0.49579293,0.6342137,-0.012592312909938161,-0.0010553750640509276,-0.00021652523205149723,0.008427521374716286,-0.005238541797626396,-0.0011857195371060194,0.016541160329590982,0.008120511217477215,0.01230119100028072,0.0,0.0,0.0,0.004046764671283058,0.007123451267463405,0.07428685668464176,0.007184909786006389,-0.02169123800014141
0.5035082,0.4641964,0.93773437,0.9375,0.9375,0.4641964,0.7733345,0.31461054,0.3275831,1.0,1.0,1.0,0.3275831,0.3275831,0.43949056,0.49468178,0.1992137,-0.030434636399303345,0.013804153416739955,-0.010322151316014692,0.013282758289062271,-0.0018991678263201377,0.0024250961599501368,-0.029982682938102013,-0.03220409321723983,-0.029115832076148006,0.0,0.0,0.0,-0.012922090961934276,-0.010669175628313654,0.04248089161377989,0.006653750983088462,0.05279847895753299
0.90407634,0.899959,0.6972463,0.97322625,0.9375,0.94736844,0.94756573,0.5723029,0.5813019,1.0,1.0,1.0,0.5813019,0.5813019,0.6094906,0.46468183,0.6852137,0.025384030661065725,-0.008062678559684627,0.0015770178633180358,0.017968847352238443,-0.004519293369066439,-0.0005120343677909238,0.014104933518849512,0.010225063317779623,0.01227807612991911,0.0,0.0,0.0,0.00936925271756502,0.0031828612880827963,-0.0805461938703505,0.012454459277677618,-0.0401251953598436
0.781387,0.8192614,0.7296838,0.99197626,0.939427,0.94736844,0.94736844,0.56691843,0.5731012,1.0,1.0,1.0,0.5731012,0.5731012,0.55574054,0.6613485,0.53521365,0.008766474945869619,0.0012766095160353908,0.0024719312940724523,0.021393439888098255,-0.00331646520267451,-0.0006848245493117572,0.007627545913245031,0.00846580062629827,0.011577030378267704,0.0,0.0,0.0,0.006058574750687974,0.005435029977570854,-0.02991213539706539,-0.028921097019276244,0.005176820079476876
0.5727507,0.8208621,0.8502183,0.8892118,0.8682235,0.94736844,0.94736844,0.53845686,0.5493632,1.0,1.0,1.0,0.5493632,0.5493632,0.62949055,0.44579282,0.5212137,-0.014316438583848264,0.0010165998953617238,-0.0002431241137188532,0.01627900634312891,0.0025007298380759664,-0.001497097343715888,0.014205027410288404,0.015799167472819873,0.01726958166640068,0.0,0.0,0.0,0.006387340084581516,0.007770598380954118,-0.08845235080166197,0.01847482239205895,0.006054013282748044
0.6277507,0.8492748,0.87302923,0.9062,0.87302923,0.94736844,0.94736844,0.35691833,0.36952293,1.0,1.0,1.0,0.36952293,0.36952293,0.23824048,0.5024595,0.3622136,-0.005946985793284871,-0.004260050020116447,0.0021074412818438987,0.004318457202416685,0.0010355959996761802,-0.0005895013902571218,0.00968513497613534,-0.014091964701129913,-0.017186677867683697,0.0,0.0,0.0,-0.017656584868620314,-0.005440546092456788,0.0757266144036559,0.008079792022009025,0.03766527862818201
0.73600817,0.80151427,0.5264964,0.5264964,0.9375,0.94736844,0.9193914,0.4107644,0.4236719,1.0,1.0,1.0,0.4236719,0.4236719,0.2969905,0.34801516,0.5452137,0.00816706448864974,0.0009083255343321371,0.004136325880675117,-0.01696240814880651,0.0006522721871984694,-0.0003464584405970614,0.00480415054017722,0.0012987885411616423,-0.004038850874303075,0.0,0.0,0.0,-0.004346347865145876,0.003114013179006358,0.07171893206020263,0.02990322229543853,0.0029461785020638985
0.7483189,0.8507194,0.7514318,0.7514318,0.9375,0.94736844,0.99324316,0.5311489,0.5375588,1.0,1.0,1.0,0.5375588,0.5375588,0.47699058,0.33912626,0.7232137,0.0038862557914746045,-0.0006959252858836115,0.00039342487280688614,-0.006547830954672191,-0.002334835841584188,-0.000569700431919561,0.02229564351521894,0.008313183185382945,0.013226539119121989,0.0,0.0,0.0,0.003293215993993825,0.007647663537498095,0.025855274632882782,0.037169071376569975,-0.048773739540745126
0.6025614,0.8230889,0.8729616,0.9062,0.9375,0.94736844,0.8913406,0.42422602,0.43848035,1.0,1.0,1.0,0.43848035,0.43848035,0.51199055,0.22245958,0.59621364,-0.013300388619199853,0.0003544649142990328,-0.006830972940808076,0.014624353700461588,-0.0033717196702914265,-0.0023973658322778827,0.00024382452237351138,-0.004718141753928476,-0.0026213694331556985,0.0,0.0,0.0,-0.0053382782088678546,0.0038871907239273903,0.003536204115554171,0.03668318908830897,-0.01024811872211865
0.43294004,0.7930617,0.6869947,0.6869947,0.97322625,0.94736844,0.94736844,0.2738414,0.28887096,1.0,1.0,1.0,0.28887096,0.28887096,0.19699049,0.19801521,0.4372136,-0.04753287649069863,0.0008736020438658841,-0.00020597981829788032,-0.005617718575059108,-0.00294261926506334,-0.00045071207484743996,0.00844529510479424,-0.04417106398101797,-0.05020669365021861,0.0,0.0,0.0,-0.03460475601870964,-0.02113481055311582,0.09528574965809805,0.025005099553622755,0.02230143584445523
0.63525087,0.8742262,0.8682235,0.97322625,0.97322625,0.94736844,0.94736844,0.47422585,0.48602116,1.0,1.0,1.0,0.48602116,0.48602116,0.2594905,0.5980152,0.56521356,-0.0065677581222602695,-0.001736585615620223,0.0025581879967447284,0.014680419169952245,-0.0030325753216169492,-0.0015903160102823787,0.014345680443360632,0.0053569984039738994,0.0067752299545878955,0.0,0.0,0.0,0.0010820106684241142,0.004958677547234729,0.08627425038010023,-0.010322832435330227,-0.0056583185226455526
0.8867657,0.8998124,0.3757207,0.3757207,0.9062,0.94736844,0.94736844,0.4761492,0.49031463,1.0,1.0,1.0,0.49031463,0.49031463,0.30949044,0.54468185,0.5122136,0.02712638396829135,-0.009390806064464068,-0.001660356888787554,-0.021877761467006665,0.0005427908465039504,2.6776301309291288e-05,0.013183916895072478,0.007051846410259483,0.006701505672869088,0.0,0.0,0.0,-0.00017060182826643622,0.005529420015859582,0.071648820177077,-0.0015183722415272735,0.008732597837140966
0.8892657,0.9540876,0.55178744,0.55178744,0.9375,0.94736844,0.9540876,0.78461045,0.7895008,1.0,1.0,1.0,0.7895008,0.7895008,0.8382405,0.7702374,0.6652137,0.02636496042728548,-0.018008988771076623,0.0028924565620797433,-0.013681840922938771,-0.002352644194416,0.002244156806384705,0.004004571434376863,0.0036096963720462618,0.011397557474020017,0.0,0.0,0.0,0.021647283370100058,-0.015054480140136838,-0.26314026392141104,-0.061411095477338494,-0.03603780074924865
0.9358189,0.8955952,0.8760193,0.99197626,0.9375,0.94736844,0.8951864,0.84961045,0.85353446,1.0,1.0,1.0,0.85353446,0.85353446,0.7757405,0.8069041,0.8262137,0.02302209208290675,-0.008418736748768894,0.0025536162214269075,0.01810012317541828,-0.0027356769649566352,-0.0006248483797839457,0.0033685105428958705,0.014951646494571568,0.010040051766503997,0.0,0.0,0.0,0.02277297471771725,-0.018920200250940895,-0.19971055983446973,-0.08490804163868541,-0.09168268957034519
0.9998338,0.94736844,0.30433244,0.30433244,0.30433244,0.94736844,0.94736844,0.67114896,0.6775244,1.0,1.0,1.0,0.6775244,0.6775244,0.6569905,0.5113485,0.7632137,0.05377189193429612,-0.01710449262815094,0.0008256745605200252,-0.03768227757017547,0.014312259108133156,0.0017330106436413667,0.0054948746528222766,0.015164593122463313,0.017181356523337063,0.0,0.0,0.0,0.026459829281720647,0.005545373941135101,-0.09924389729917855,0.0017296361324585616,-0.054685809663307106
0.5131295,0.7757064,0.7484219,0.9375,0.9375,0.7757064,0.6248269,0.46422592,0.47096616,1.0,1.0,1.0,0.47096616,0.47096616,0.56449056,0.3913485,0.48121366,-0.03803514253439822,0.0016906845513093877,0.0015757205190237563,0.015484635220953873,-0.004027975875228588,0.0034752936777277576,-0.07392628983714179,-0.000730806156247161,0.0029084810071312644,0.0,0.0,0.0,-0.0006209810200830143,0.005314524393870361,-0.028310604659938593,0.019128290350310887,0.01771749468329446
0.6738869,0.89144605,0.6224818,0.6224818,0.9396432,0.94736844,0.94736844,0.5384567,0.5506851,1.0,1.0,1.0,0.5506851,0.5506851,0.29324055,0.6635707,0.58021367,-0.004394043302179997,-0.005697337470804317,-0.0008975340596808967,-0.013701219481376868,-0.0004554606590976014,0.00042789042591461277,0.007564349084100598,0.011983443747736355,0.017825124967472034,0.0,0.0,0.0,0.008613324401716294,0.008073752145714413,0.06615665888061438,-0.028111754134793814,-0.014847895316861927
0.60525066,0.719126,0.7954408,0.9375,0.90427727,0.719126,0.94736844,0.42499498,0.43795416,1.0,1.0,1.0,0.43795416,0.43795416,0.2969905,0.49579293,0.41721362,-0.00784903387481366,0.0011157698165311937,0.00036311911710306283,0.014056841314132252,0.0011086827887139075,-0.0019856518220083903,0.018596642263206554,0.0018361542660356085,0.0006787848681287629,0.0,0.0,0.0,-0.0039967778539437985,0.003160171997207936,0.07232787402094024,0.007190572360882151,0.026486959234985907
0.9286976,0.93765557,0.5184007,0.5184007,0.9375,0.94736844,0.9128261,0.68114907,0.6845213,1.0,1.0,1.0,0.6845213,0.6845213,0.7332405,0.82801515,0.42621365,0.037014817035262694,-0.012745052528540413,0.009411251719395091,-0.01379422146253575,-0.0008459092703295422,0.0023408590252744325,0.0031597557393783617,0.006927562589306234,0.017027319764817285,0.0,0.0,0.0,0.0200613182550606,-0.0004845955212349221,-0.18716911039568188,-0.06538912202038473,0.0336061497128235
0.5738869,0.66575044,0.81464255,0.81464255,0.9375,0.94736844,0.99324316,0.6061488,0.6124448,1.0,1.0,1.0,0.6124448,0.6124448,0.57199055,0.5980152,0.64621365,-0.013851238346384614,0.011107537764762875,0.0011815860146875503,-0.0006653437651874822,-0.0038388490646200975,-0.0026933593308142837,0.021601446085983148,0.019513284551152716,0.018470752473829743,0.0,0.0,0.0,0.013398038428230296,0.003609941750740699,-0.04932886541426746,-0.015737008393162864,-0.0326382841150576
0.6463869,0.73138237,0.74966764,0.97322625,0.9375,0.94736844,0.8227542,0.2519182,0.2663973,1.0,1.0,1.0,0.2663973,0.2663973,0.10074043,0.32579294,0.3822136,-0.00902225531527332,0.007805713014346947,0.0022533078534805817,-0.0017309036865675847,-0.00018781871753859134,-0.0004869074671094475,-0.02449797325628836,-0.05080894377063909,-0.06060730311865605,0.0,0.0,0.0,-0.03969056776807667,-0.02180664304568898,0.09797715937417704,0.019526875466839642,0.031489953255958866
0.95331883,0.8913406,0.7107002,0.91109073,0.9375,0.94736844,0.99324316,0.58076435,0.58225423,1.0,1.0,1.0,0.58225423,0.58225423,0.79074055,0.5013485,0.48921365,0.032629211248992256,-0.00759041691605691,0.0004842067884588383,0.008970901162386921,-0.003161184749347048,0.0008659601587617542,0.007430087163415746,0.014956326607834256,0.014065370861309004,0.0,0.0,0.0,0.01232063944740967,0.0067065965369786625,-0.2644327584042382,0.0038083081071177906,0.010915415379472666
0.753887,0.69607145,0.7018597,0.9375,0.9375,0.69607145,0.8319136,0.4984565,0.50765604,1.0,1.0,1.0,0.50765604,0.50765604,0.4257406,0.55912626,0.5532136,0.007651537150392946,0.007138708548422615,0.002259164018714628,0.011813718009005316,-0.0009614707523980932,-0.0028543742433612324,-0.01900526934626149,0.005182723937374892,0.008551609289005124,0.0,0.0,0.0,0.0011803954450421768,0.0064807493702410054,0.040324337262802566,-0.0036862754536564142,0.001118648197594757
0.9371445,0.8347755,0.52137,0.9375,0.52137,0.8347755,0.94736844,0.6323027,0.64177144,1.0,1.0,1.0,0.64177144,0.64177144,0.61324054,0.70801526,0.5202137,0.026312393899344387,-0.0013505885432496924,-0.006113193924373916,0.012340926357475655,0.017603346570183837,-0.004223642631663216,0.009564246298272181,0.014417322134363988,0.01539185223401973,0.0,0.0,0.0,0.01813743573434963,0.004401035694919716,-0.06281423596327779,-0.046810297323060454,0.010248578549619502
0.5738869,0.80708575,0.44164836,0.44164836,0.97322625,0.94736844,0.94736844,0.54038006,0.5468609,1.0,1.0,1.0,0.5468609,0.5468609,0.39699054,0.5824597,0.6412137,-0.01970307913059208,-0.000311762594384533,-0.0031716845373591296,-0.023092912685128385,-0.0013262618258098068,-0.001124998235453466,0.014289523692851499,0.010118734611627956,0.014948521387669118,0.0,0.0,0.0,0.0044798333205459204,0.0068821377846109725,0.054256426803079,-0.008437180866126907,-0.027750645643150374
0.43794006,0.6523812,0.7227652,0.7227652,0.97322625,0.94736844,0.94736844,0.08999546,0.10541482,1.0,1.0,1.0,0.10541482,0.10541482,0.10074043,0.11801508,0.23921366,-0.04951386273487687,0.019615609613981524,0.00023520134322002173,-0.0033264808556313736,-0.0006528626824223762,0.0005694413383760403,0.0077988052125528865,-0.10060500431589363,-0.1177162673377141,0.0,0.0,0.0,-0.06253643314024396,-0.04279214767776993,0.12468941055929211,0.02054568804195056,0.054236166892285026
0.77195513,0.8752768,0.67118835,0.9375,0.97322625,0.9193914,0.94736844,0.40691832,0.4221379,1.0,1.0,1.0,0.4221379,0.4221379,0.2594905,0.55023736,0.4662136,0.008729773111611432,-0.005897101660228279,0.0024404226644430174,0.0054739390931021585,-0.0017606213430112047,-0.0006392667059026244,0.013659928761898112,-0.000573156452841106,-0.0032054182921316143,0.0,0.0,0.0,-0.007919001498439784,0.001754668976113185,0.08184339824190819,0.0032233352017197407,0.020343324050920975
0.6735083,0.6031065,0.6653186,0.6653186,0.9375,0.94736844,0.6031065,0.58768743,0.59825903,1.0,1.0,1.0,0.59825903,0.59825903,0.3582405,0.6302374,0.6632137,-0.00495423215042434,0.01011745585494767,0.002825116306391829,-0.012712355499337899,0.0002683946509010403,-0.0006490177918281499,-0.09399308887293717,0.007945756978030565,0.01958633812802978,0.0,0.0,0.0,0.005987578841833395,0.00568575104456863,0.047786793778048044,-0.018231821846866482,-0.03964378018090874
0.65275073,0.8208621,0.8205806,0.90427727,0.90427727,0.94736844,0.94736844,0.37230286,0.3878172,1.0,1.0,1.0,0.3878172,0.3878172,0.37574053,0.3402374,0.42221364,-0.0006361813074782408,5.820109345944208e-05,0.0005724114747423277,0.009047925720848515,0.0002667759056091972,-0.0005978922552481669,0.011912496814062683,-0.010253218405806577,-0.0107033685009779,0.0,0.0,0.0,-0.01238391331774801,-0.000453483211105403,0.05786173795292279,0.02709341431299,0.02865845357455661
0.753887,0.63978386,0.694811,0.9636912,0.9375,0.94736844,0.9210105,0.52230275,0.52742964,1.0,1.0,1.0,0.52742964,0.52742964,0.44699055,0.45690408,0.5782137,0.008879722986277667,0.004314911960579738,0.002033957443403929,0.015321564195112098,-0.0017590111252630137,-0.001029226545751692,0.004490582201103143,0.006796094454018492,0.00977327500398402,0.0,0.0,0.0,0.0012613694592491535,0.0066179821336292965,0.04172865534727176,0.017170612159472163,0.0009795454022959594
0.6658188,0.859315,0.6650034,0.6650034,0.9062,0.94736844,0.94736844,0.40537995,0.41979775,1.0,1.0,1.0,0.41979775,0.41979775,0.3019905,0.55801517,0.33921367,-0.00333346674932394,-0.003501095828768649,0.0016001499590514285,-0.009531478726762575,0.0009934277425388358,-0.0007176206751569656,0.010943876690724288,-1.4087957264939128e-05,-0.0043611545211110605,0.0,0.0,0.0,-0.007997843311226521,0.0014244232237239113,0.07228447505587893,0.0007642059587787109,0.045688780253449524
0.75081885,0.78024423,0.8746792,0.8746792,0.9375,0.94736844,0.77864015,0.65345675,0.66192394,1.0,1.0,1.0,0.66192394,0.66192394,0.58699054,0.66912633,0.67021364,0.008776036258715364,0.0023877320082774595,-0.004877553766227163,0.006020467328837654,-0.0021483911400022333,-0.0012389475702624612,-0.017484160745471475,0.01849202958332859,0.02378821453825295,0.0,0.0,0.0,0.011732918945711792,0.0027166089999661313,-0.05638576993153368,-0.026351752652673265,-0.03858480293608862
0.7361976,0.7732529,0.79159266,0.9062,0.9375,0.94736844,0.6117038,0.4646106,0.4766144,1.0,1.0,1.0,0.4766144,0.4766144,0.43949056,0.58912635,0.38921365,0.008250672991631578,0.0007872608031480113,-1.4029182507611926e-08,0.003575940827856041,-9.479867464902258e-05,-0.002203786044489278,-0.07407656134824585,0.005083022479362209,0.0028602913110765305,0.0,0.0,0.0,-0.0003133736234102252,0.0035512442611288254,0.033174808537586746,-0.005823157240793195,0.04738549587948752
0.6735083,0.68952364,0.7966327,0.9375,0.9375,0.86317396,0.99324316,0.593072,0.6038647,1.0,1.0,1.0,0.6038647,0.6038647,0.6257406,0.6435708,0.45121366,0.0008481787650695374,0.009828811196015754,0.0004332232576993815,0.01987247078685496,-0.0029214304561474736,-0.0013322223374606602,0.014725477252913243,0.015188792521766548,0.016520745542434993,0.0,0.0,0.0,0.012586168557176855,0.0065736023340723084,-0.08641847395427961,-0.024756675817856254,0.02798254796098563
0.90388703,0.90670466,0.45961985,0.45961985,0.9375,0.94736844,0.9210105,0.5707644,0.5826946,1.0,1.0,1.0,0.5826946,0.5826946,0.46949053,0.60468185,0.59021366,0.030471984299489253,-0.0074425978415242,0.0010134370003666573,-0.020091056614459802,-0.0004648614919420118,0.00022263272716734132,0.004175193190602553,0.007620295380818094,0.014354653514796336,0.0,0.0,0.0,0.007570712706507352,0.005427188095752977,0.022764068874969925,-0.016652539690820124,-0.012847029642549648
0.79388696,0.81568396,0.75194645,0.90427727,0.9375,0.94736844,0.89144605,0.44807214,0.462523,1.0,1.0,1.0,0.462523,0.462523,0.54574054,0.40912628,0.4372136,0.01850577914845454,-7.287141239920525e-05,-0.0009009947626626761,0.01180742013569608,-0.0011314502316681666,-0.0016594094528861797,0.002128314179338876,0.006306307097419128,0.006890165831893292,0.0,0.0,0.0,-0.001062335138478012,0.0061050877426457985,-0.02588017524850678,0.018932494632163607,0.024340067354623764
0.7436976,0.79102314,0.4138025,0.97322625,0.4385532,0.94736844,0.94736844,0.5203797,0.52393705,1.0,1.0,1.0,0.52393705,0.52393705,0.47949058,0.4546818,0.5122137,0.005769189349621077,0.001697367243170578,-0.013034535102200609,0.015770910451002672,0.009230636056530826,-0.00039499007546799704,0.012500589012942251,0.010769665196170862,0.013828630690569105,0.0,0.0,0.0,0.00323106917186629,0.008876435948108802,0.01626258159159333,0.020077653355527244,0.00904684857193313
0.034871887,0.7073685,0.97322625,0.9375,0.97322625,0.8924943,0.94736844,0.5465337,0.558486,1.0,1.0,1.0,0.558486,0.558486,0.42824048,0.5769041,0.55021363,-0.14947312127781387,0.004261440075134284,0.010146936812899776,0.01619129737378321,-0.007489535459623098,0.000668052523067772,0.01771467659980483,0.016746992259948773,0.019046203193893482,0.0,0.0,0.0,0.009254621311858202,0.006550551175772248,0.03159517010157539,-0.01182537570839651,-0.004988519278221347
0.54544014,0.55238473,0.5680502,0.5680502,0.9375,0.94736844,0.55238473,0.34230277,0.3557348,1.0,1.0,1.0,0.3557348,0.3557348,0.19824052,0.38468182,0.46321362,-0.034601839029035436,0.0148722283948029,0.0023631663264057135,-0.007823843235105502,0.0011240018454286057,-0.0002290334760153794,-0.1273314573299878,-0.013857396580301747,-0.03189652705707774,0.0,0.0,0.0,-0.01109599454050606,-0.005614513302946451,0.08738024765653138,0.02108549720663661,0.02765355454951089
0.86081886,0.82523173,0.72071224,0.7540088,0.780687,0.94736844,0.94736844,0.4899952,0.5015468,1.0,1.0,1.0,0.5015468,0.5015468,0.5744905,0.46912616,0.4702136,0.021213509458822687,-0.00035416148410851887,0.00203459389643114,-0.007156040575894885,0.004104047598087073,0.000635279759187408,0.008285896331611935,0.009636113223328491,0.012900300734230964,0.0,0.0,0.0,0.002410565749806058,0.008804264309175573,-0.0501877370018312,0.011595307303800973,0.017279728077064568
0.79676574,0.7227112,0.7099247,0.9375,0.9375,0.7227112,0.8930203,0.46307212,0.4767331,1.0,1.0,1.0,0.4767331,0.4767331,0.37824053,0.6191264,0.3822136,0.011115154205275765,0.005111112085790151,0.0027217248270656213,0.010100396881404825,-0.0003364932508239762,-0.0029559198779785085,-0.003862313231903728,0.0048582448126518836,0.005305548453415196,0.0,0.0,0.0,-0.000797536318683797,0.004823587049871018,0.05572305569701804,-0.014378280740790112,0.03736889407627969
0.7706294,0.7893426,0.8729616,0.9375,0.9375,0.9210105,0.9193914,0.28537986,0.30038938,1.0,1.0,1.0,0.30038938,0.30038938,0.10699046,0.24245961,0.46721363,0.011165372720575462,-8.073990583503936e-05,0.003335772601116385,0.002746369946054799,7.590639725454984e-05,2.3430612724483975e-05,0.004532447252989312,-0.029517203092477243,-0.038890075310802914,0.0,0.0,0.0,-0.03015269117151434,-0.014467695901613835,0.09200654698264987,0.031879696852235004,0.01681990873796763
0.8640764,0.83513457,0.6252064,0.6252064,0.8930762,0.94736844,0.94736844,0.68384135,0.69091207,1.0,1.0,1.0,0.69091207,0.69091207,0.52449054,0.8246819,0.6122137,0.024107008885242795,-0.0012874177072054165,0.0003698045763567523,-0.01723009181329884,0.0009404068118672675,0.0005766528745755188,0.01010883846560962,0.008955052032010438,0.016649227383528538,0.0,0.0,0.0,0.016859366728511356,-0.00025889156511110567,0.0005338267216153003,-0.08543871930779925,-0.018290598689721393
0.8585082,0.77325475,0.80790836,0.80790836,0.9375,0.94736844,0.93784803,0.6642259,0.66318804,1.0,1.0,1.0,0.66318804,0.66318804,0.8382405,0.4380152,0.6492137,0.015561504565601837,0.004639913485178977,-0.005369105809348431,-0.0021893916436436147,-0.0029995767600612417,-0.0006539271635727029,0.004467965722821777,0.01824218213541138,0.014146192724786113,0.0,0.0,0.0,0.015556373120726214,0.0020550872733458223,-0.28739433223635336,0.01763509138803822,-0.022424389183203396
0.4602508,0.7719894,0.87109214,0.9375,0.9375,0.7719894,0.8913406,0.5373026,0.54905325,1.0,1.0,1.0,0.54905325,0.54905325,0.41949052,0.45690408,0.5952136,-0.034543736853660606,0.003417287447843274,0.0043546265751447655,0.015900778761859247,-0.0025610785725617624,-0.0027415105515463216,0.0006955868579700447,0.01564755023168121,0.02086689991827037,0.0,0.0,0.0,0.009180271705850498,0.010016215747497337,0.04953312670289289,0.017406583348888054,-0.012531888144108123
0.9998338,0.94736844,0.17967325,0.17967325,0.17967325,0.94736844,0.94736844,0.56422585,0.57548624,1.0,1.0,1.0,0.57548624,0.57548624,0.6307405,0.6435707,0.46121368,0.05569246038161131,-0.014431659497676419,0.004090825604570776,-0.024495757180383892,-0.014828103764804415,0.0012540617432236683,0.006906653675946366,0.010976120804826293,0.014760537664973485,0.0,0.0,0.0,0.012114534635498022,0.007927418428512415,-0.0795021402005862,-0.019727725599275214,0.01942711500839698
0.6610082,0.82098347,0.66771626,0.66771626,0.9375,0.94736844,0.9711938,0.7084566,0.7108904,1.0,1.0,1.0,0.7108904,0.7108904,0.77699053,0.6246819,0.6962137,-0.005530211056028768,-0.001532812984705083,-0.0014136651002973762,-0.020678103852666437,-0.0033177530438447487,0.0002864476656319104,0.009999837402256967,0.02744312206495033,0.022345973730504856,0.0,0.0,0.0,0.02449348881502771,-0.002760176247153991,-0.23827780262827708,-0.02911591973984919,-0.04835561361283056
0.9417657,0.9002285,0.4973101,0.4973101,0.9375,0.94736844,0.93129337,0.6157643,0.62563753,1.0,1.0,1.0,0.62563753,0.62563753,0.59324044,0.74801517,0.49721366,0.03502055682017108,-0.00686594514269643,0.00524936733038262,-0.017927645265801626,-0.0009888611172081832,0.00038230716849775207,0.006685217887022147,0.00724186689491501,0.015216646425795587,0.0,0.0,0.0,0.014974298271349376,0.0051631516147558135,-0.05709994958787973,-0.04667880708120716,0.00966954758692105
0.7156294,0.8021666,0.62441576,0.62441576,0.9375,0.94736844,0.81195873,0.60807216,0.6188218,1.0,1.0,1.0,0.6188218,0.6188218,0.52449054,0.4513485,0.7822137,-0.0018971758367062252,0.002086811200564491,0.0023494314922709726,-0.018410093181477634,-0.002487867313826483,-0.00030227804779820263,-0.021589595040633656,0.009982306728874643,0.019097755070318644,0.0,0.0,0.0,0.0071939028016444915,0.0038546106624875783,0.0032083762084125266,0.020988356211077513,-0.07709268584903377
0.90100825,0.81329846,0.7204713,0.7204713,0.85114825,0.94736844,0.94736844,0.61076427,0.6185118,1.0,1.0,1.0,0.6185118,0.6185118,0.6594905,0.6280153,0.49121362,0.027378435174547258,0.0002631241096860108,0.0009256340577655163,-0.012470086936535894,0.0038261454428320497,0.001853992457291803,0.007561899810026707,0.011461105767531826,0.017582623246699076,0.0,0.0,0.0,0.016489077199102295,0.005881166655743047,-0.13253911940470542,-0.02180124982128087,0.009869343958077384
0.44062942,0.6804354,0.643165,0.643165,0.97322625,0.94736844,0.94736844,0.43076426,0.44397518,1.0,1.0,1.0,0.44397518,0.44397518,0.46949053,0.29690403,0.55521363,-0.058779572847167054,0.005816407653536444,0.002400920846010919,-0.01508282249621511,-0.003141024811796212,-0.002727946682865476,0.018572377446976762,-0.004630116322440297,-0.002822046728474164,0.0,0.0,0.0,-0.004950045634564307,0.006027553348808934,0.027242059037976683,0.029418985226000685,-0.0015122517379941181
0.946387,0.8600983,0.81442285,0.9062,0.8931641,0.94736844,0.94736844,0.55999523,0.56772536,1.0,1.0,1.0,0.56772536,0.56772536,0.5669905,0.56023747,0.50121367,0.01874220598043991,-0.0024017900026545623,-0.0033575311413903256,0.00904709933853591,0.000218572715872473,-5.27366321940223e-05,0.007619702075914598,0.008906632078647142,0.01639870080152069,0.0,0.0,0.0,0.007231588285563736,0.008711355046707314,-0.028068831926784336,-0.005879848197111901,0.014978634013587608
0.7081295,0.8507194,0.81442285,0.81442285,0.90427727,0.94736844,0.94736844,0.4199951,0.43274254,1.0,1.0,1.0,0.43274254,0.43274254,0.2969905,0.46912628,0.4612136,0.00173743398675063,-0.0011592515581178877,0.00020928447594780532,-0.0032940312056898946,0.0003912094316206878,-0.0003824590243921398,0.006892377846462742,0.0013110720257166204,0.00020970258352516534,0.0,0.0,0.0,-0.0033599223461820227,0.002367381954711585,0.060961511729722674,0.010809727146863266,0.017941005141207847
0.8656295,0.8838611,0.80795383,0.80795383,0.93370897,0.94736844,0.94736844,0.6269184,0.63574004,1.0,1.0,1.0,0.63574004,0.63574004,0.5657406,0.50912625,0.7082137,0.01726169827596378,-0.004093213059142203,-0.002191849341145717,-0.0014335944849495808,-0.0032952947531398775,0.0009793628677641488,0.007388494691712979,0.012473415596864483,0.015668464202531488,0.0,0.0,0.0,0.01395264183308385,0.0032149254773719007,-0.03845537444931679,0.010881709973068953,-0.046923244214684835
0.6081295,0.76654816,0.7895206,0.9062,0.8600092,0.94736844,0.94736844,0.23614913,0.24847475,1.0,1.0,1.0,0.24847475,0.24847475,0.4494905,0.22245948,0.20621356,-0.012286713757486942,0.001339489736651411,0.0012065922680408667,0.0023970713102012065,0.0029139530189217842,-0.0007797820886361194,0.009277204499375769,-0.059905419659625016,-0.05946756958481305,0.0,0.0,0.0,-0.041115713122369085,-0.02733966826755363,0.014789448092274348,0.01111685488174456,0.04390313348511937
0.6608189,0.46065044,0.99197626,0.9375,0.9375,0.46065044,0.85799044,0.47499526,0.48728505,1.0,1.0,1.0,0.48728505,0.48728505,0.62074053,0.50245965,0.4032136,0.0012822736130347313,0.005093638097572271,-0.02640749944950559,0.02270693306359265,-0.0017960792987480403,0.011035055887668215,-0.009422518430772613,0.0042526003886517085,0.0067229879678378235,0.0,0.0,0.0,-0.0001491102396699695,0.0050366248137155845,-0.09360535958355787,0.005719466337631846,0.024159243314716763
0.83407634,0.8209835,0.49692997,0.9375,0.9375,0.8209835,0.86317396,0.43268746,0.44603196,1.0,1.0,1.0,0.44603196,0.44603196,0.23824048,0.40801513,0.53121364,0.017469586817421057,-0.0014463174774498988,-0.005213033891048165,0.0036328317344122684,-0.0008491896833711519,-0.0006610295636505567,-0.01010567772040163,0.003892024761560955,-0.0005976055002171846,0.0,0.0,0.0,-0.0016516445743908537,0.004445258540734798,0.07292972258747965,0.02409852696249085,0.004857528791905117
0.9719551,0.9210105,0.39269775,0.39269775,0.99197626,0.94736844,0.94736844,0.596149,0.60645187,1.0,1.0,1.0,0.60645187,0.60645187,0.4607405,0.7424596,0.5052136,0.03861686356755344,-0.009561225530164655,0.0026579423126261597,-0.019441005397799575,-0.0012479048169067636,0.0008851890824532388,0.012556266567042153,0.005777747615734349,0.015065118898497255,0.0,0.0,0.0,0.009691448537595253,0.005892876410212196,0.029173975487773774,-0.042072773606414336,0.012391533127149587
0.60294,0.7328806,0.6497953,0.6497953,0.97322625,0.94736844,0.94736844,0.44345695,0.45512253,1.0,1.0,1.0,0.45512253,0.45512253,0.5932405,0.30357063,0.4832136,-0.02041094204681861,0.005298555044478911,0.00538948601620613,-0.018928040526078358,-0.00317189417084386,-0.0014512826628850068,0.007760500154918797,-0.0010137893773064304,-0.0025142874147579563,0.0,0.0,0.0,-0.0032642937238172272,0.004952886930135608,-0.07032102358551576,0.02889258845942668,0.014282873594514474
0.32256147,0.7617207,0.64320916,0.9375,0.9375,0.7617207,0.73648787,0.37691805,0.3890546,1.0,1.0,1.0,0.3890546,0.3890546,0.3019905,0.5335707,0.41021365,-0.07943507577796367,0.0038651491344777896,-0.0034526771819395874,0.002366226634976104,-0.0025362822890890335,0.0037823110195354635,-0.05840045551004291,-0.014630776172371091,-0.017173023035573838,0.0,0.0,0.0,-0.010442089702849012,-0.0008410530293964762,0.06351014046447585,0.0013144875114537151,0.03668756300751712
0.6254401,0.7752806,0.8539617,0.8539617,0.9375,0.94736844,0.73830575,0.44961065,0.46198002,1.0,1.0,1.0,0.46198002,0.46198002,0.19699049,0.47690403,0.65921366,-0.010531213866524947,0.001179635948638877,-0.0005932028494424136,0.0008888797584385283,-0.0008164949767342791,-0.002098694241622393,-0.058709104420296365,0.0025506493310252713,7.298285733928211e-07,0.0,0.0,0.0,-6.537422475255489e-05,0.003186746903354978,0.08332833256072245,0.007713988175238202,-0.03641493025928732
0.6735083,0.8600983,0.50559086,0.50559086,0.90427727,0.94736844,0.94736844,0.3426876,0.35752088,1.0,1.0,1.0,0.35752088,0.35752088,0.27324045,0.5135708,0.23921366,0.0001721303926130324,-0.007241394833561765,-0.0028380879875152176,-0.011071147612130934,-6.566156771445273e-05,-0.0004836456550261696,0.016837406474163746,-0.007780128062985169,-0.016161684005003802,0.0,0.0,0.0,-0.013325108057964698,-0.00393248473799249,0.0706007508789076,0.006826524841835773,0.06000150153533827
0.7088869,0.7929614,0.6453347,0.6453347,0.9375,0.94736844,0.9365335,0.3280722,0.34343898,1.0,1.0,1.0,0.34343898,0.34343898,0.21824038,0.23468177,0.49621361,0.0018031086329213697,0.0011636544347196959,0.0026916254938274442,-0.010375424919138388,0.00021029196388190147,-0.0011475876844012926,0.005550950232479361,-0.02108836476883532,-0.03051053993830983,0.0,0.0,0.0,-0.020118348127441024,-0.010025599536974636,0.09184911143764904,0.02945099066284289,0.012156705207447627
0.8042656,0.8079648,0.57152593,0.57152593,0.939427,0.94736844,0.94736844,0.6273029,0.63320875,1.0,1.0,1.0,0.63320875,0.63320875,0.66074055,0.41468185,0.7182137,0.013597075635455504,0.0022727908540680518,0.0061876927587609775,-0.024089339841357162,-0.0014810688577653914,0.0016650754586583505,0.002845355906175936,0.0118434985315537,0.0182256886452076,0.0,0.0,0.0,0.011182547482997011,0.0027470014076060832,-0.10822214238645252,0.029631882793566516,-0.049473254083046994
0.5058188,0.48031428,0.92463356,0.92463356,0.9375,0.94736844,0.9491732,0.42576423,0.43919826,1.0,1.0,1.0,0.43919826,0.43919826,0.52449054,0.43912622,0.31821355,-0.024938098958751796,-0.012431849521818748,-0.019969417297132305,0.019986072740803537,-0.00164259422513158,-0.0016275610886444245,0.008571151219511327,-0.008757341715609488,-0.004485918160291992,0.0,0.0,0.0,-0.006924817480619385,0.0003595025935164839,-0.014004480863120445,0.015193225143647444,0.04036586394887848
0.71869755,0.7732529,0.8042217,0.90427727,0.9375,0.94736844,0.9774537,0.37191832,0.38454548,1.0,1.0,1.0,0.38454548,0.38454548,0.5932405,0.22245958,0.38821363,0.005060083347590814,0.0012773280184678732,-0.003951528151086289,0.010512872317179869,-0.0015968909738946395,-0.0014560671105861539,0.014917481354548632,-0.01841629933441661,-0.01321937901556668,0.0,0.0,0.0,-0.017300762663228407,-0.003198871134849431,-0.06796586520339416,0.029256875307310554,0.027047521064470094
0.87331885,0.8529869,0.77733135,0.8328831,0.8098216,0.94736844,0.94736844,0.59345686,0.6056919,1.0,1.0,1.0,0.6056919,0.6056919,0.62949055,0.53468186,0.5472137,0.014871456988096214,-0.0012821790634517244,-0.0032602350624866545,0.004633690205093734,0.006854713878301952,0.00042060060683776296,0.007308700951575994,0.010651815635335246,0.013554095689142641,0.0,0.0,0.0,0.012598623311458888,0.0048966582849148356,-0.09955747382801151,0.00025958413457548345,0.0001452072151075609
0.70869756,0.835134,0.5325989,0.5325989,0.97322625,0.94736844,0.94736844,0.46499518,0.4763918,1.0,1.0,1.0,0.4763918,0.4763918,0.46199048,0.346904,0.55421364,0.001485041683242544,-0.0024351186190613803,0.00477736388621521,-0.023198202811881233,-0.0005041892317631118,-0.0005690647479673971,0.012911714287657245,0.0040007144338610875,0.0036472745156743884,0.0,0.0,0.0,-0.002635369882203915,0.0067889284499232285,0.03724997689485129,0.029800571111615035,0.0038514527603514892
0.7861976,0.7939373,0.8197494,0.9375,0.99197626,0.7939373,0.94736844,0.58114916,0.5918229,1.0,1.0,1.0,0.5918229,0.5918229,0.5244906,0.5135708,0.6652137,0.010613111083232325,0.0022772218077151494,0.0004595179927282882,0.02188429953488048,-0.007697583146149227,-0.003877087898975844,0.008372361910606089,0.010686405131083421,0.014834321141530844,0.0,0.0,0.0,0.009092355641936046,0.003799536167121238,2.26331422038184e-05,0.002107397510734648,-0.03407441054740394
0.7706295,0.7244003,0.5763002,0.5763002,0.9375,0.94736844,0.7989009,0.5588411,0.56131387,1.0,1.0,1.0,0.56131387,0.56131387,0.5519905,0.5135708,0.5452136,0.014238464427518532,0.006276067868773958,0.007485812340384503,-0.023388261006467452,-0.0008542735898828504,0.0008192282057771965,-0.01684787003647696,0.008509990978680736,0.014130904838325504,0.0,0.0,0.0,0.003911999934992608,0.005571921565886488,-0.019502372924304616,0.003090613662917859,-0.001198786088889413
0.8690763,0.93876034,0.50712186,0.50712186,0.9375,0.94736844,0.93876034,0.75576437,0.75873715,1.0,1.0,1.0,0.75873715,0.75873715,0.7294905,0.7135708,0.75121367,0.029743224026646878,-0.018269099570241813,0.0021058090053515245,-0.010819311413155017,-0.0013063429387595907,0.0014536670674013363,0.0048108836464110655,0.005339889050502112,0.012244186316347461,0.0,0.0,0.0,0.020564866479296052,-0.017334572774992615,-0.17925649729184884,-0.05246715986851662,-0.07156174457438066
0.95464444,0.99324316,0.3360089,0.3360089,0.9375,0.94736844,0.99324316,0.69691825,0.70709777,1.0,1.0,1.0,0.70709777,0.70709777,0.6282405,0.5946819,0.76121366,0.05003972269711277,-0.026639077448362646,0.006418931816230169,-0.0008465958677772098,-0.0001275484332850043,0.0011481467051330184,0.013181202940841283,0.010633643593639119,0.024486925387718718,0.0,0.0,0.0,0.02219707416458132,-0.003048022981695708,-0.08148699380679401,-0.015528753791809381,-0.06990706999725589
0.8885082,0.899959,0.87848544,0.91162604,0.89376885,0.94736844,0.94736844,0.73576427,0.73380196,1.0,1.0,1.0,0.73380196,0.73380196,0.71324056,0.6591263,0.73821366,0.01917589573297669,-0.00761967347097146,0.0006639026291644825,0.011309865494983997,-0.001063449247015222,-0.00010261978528412042,0.014404779472101765,0.021240141785782738,0.02014019015997144,0.0,0.0,0.0,0.026002949045148927,-0.0014338243958579445,-0.1629051489451937,-0.03155394888134266,-0.060630746255725114
0.6781295,0.6049634,0.37002733,0.37002733,0.9375,0.94736844,0.6049634,0.26461074,0.27958673,1.0,1.0,1.0,0.27958673,0.27958673,0.32074046,0.4191263,0.1992136,-0.0022934694026896857,0.014133706516797337,-0.0043430694078585705,0.0037012384244738405,0.0006105174991859429,0.0007431882978605895,-0.07884236618225632,-0.028699648984932803,-0.04602304115487427,0.0,0.0,0.0,-0.025152284634083446,-0.014967632362718126,0.045728507719674315,0.01190324913568554,0.07166779601331201
0.50544006,0.510831,0.68934596,0.68934596,0.9375,0.94736844,0.510831,0.48807204,0.5000683,1.0,1.0,1.0,0.5000683,0.5000683,0.3219905,0.5780152,0.45221367,-0.04548670098129854,0.0036885366414337395,0.001724636889896094,-0.008019660646464475,-0.00012937114752431043,-0.004156032713495297,-0.12687603837415304,0.006171657182812651,0.004972528673545295,0.0,0.0,0.0,0.0015340990305957056,0.004745829257798982,0.06333760873393258,-0.005581021904866288,0.02610348375040026
0.9042657,0.8913406,0.36738133,0.36738133,0.9657926,0.94736844,0.94736844,0.5638413,0.5712072,1.0,1.0,1.0,0.5712072,0.5712072,0.4807405,0.4791263,0.69321364,0.027462745937714278,-0.007858371966736473,0.0027022889491405007,-0.02364188292872638,-0.00042280635744504293,0.001274119814416535,0.005754355280583637,0.008460203883392248,0.015046038348902571,0.0,0.0,0.0,0.006421197029956744,0.006639353595066767,0.02660512120401972,0.011695884698183582,-0.04015274062554331
0.36756155,0.6805482,0.7410522,0.9375,0.90427727,0.89307725,0.94736844,0.29230294,0.30594417,1.0,1.0,1.0,0.30594417,0.30594417,0.24074042,0.5213484,0.24321356,-0.058853658558372234,0.004818613590345378,0.0019598488555304465,0.0038805279064304445,0.0006218967952057125,-0.0001305564219427774,0.015837890097970188,-0.04045127919519296,-0.04110124588336692,0.0,0.0,0.0,-0.028022192671837955,-0.01483694644312763,0.09194510986379445,0.0054383879944401555,0.061440161377068536
0.7561976,0.89144605,0.60486203,0.60486203,0.97322625,0.94736844,0.94736844,0.36537963,0.37741494,1.0,1.0,1.0,0.37741494,0.37741494,0.14199042,0.5113485,0.47721368,0.00480168234871894,-0.010629126929964707,0.0007094183907481926,-0.007900265243880685,0.00013272106430517187,-4.84315115234394e-05,0.013608195649115222,-0.0030590276128588654,-0.014175150131184389,0.0,0.0,0.0,-0.011406264429531443,-0.003657549069677413,0.08043058319619907,0.007104771390608136,0.017206545367750216
0.48831886,0.7663541,0.5036922,0.5036922,0.9375,0.94736844,0.86317396,0.17653377,0.19127584,1.0,1.0,1.0,0.19127584,0.19127584,0.14199042,0.15468185,0.31821364,-0.03657087218055502,0.004991473994217706,-0.00501115097722908,0.002246000792222175,0.000662897880897355,0.001071343901655172,-0.014752195441330232,-0.07333597574024102,-0.09362488935150236,0.0,0.0,0.0,-0.051454674765454504,-0.033069049444681246,0.10363433125620931,0.015056631007711476,0.0428724778769237
0.7665763,0.8913406,0.48263988,0.48263988,0.9375,0.94736844,0.99324316,0.60461056,0.61356276,1.0,1.0,1.0,0.61356276,0.61356276,0.3169905,0.7680152,0.6392137,0.009648608604088348,-0.007048163525701208,-0.002594696339258811,-0.020972283803799546,-0.00040496449219510467,0.000915690579904193,0.016144336415559138,0.011276737479837519,0.020453680162286245,0.0,0.0,0.0,0.011846843779534839,0.005682550423933044,0.07250363824505421,-0.06080091967333789,-0.02876570508528815
0.58794004,0.76654816,0.7542607,0.93773437,0.7559833,0.94736844,0.94736844,0.28614908,0.297771,1.0,1.0,1.0,0.297771,0.297771,0.2707405,0.4191263,0.25121364,-0.012102446134189704,0.0015161709393741623,0.0034241696123607675,0.004166955987850009,0.005312831339597718,-0.0005757901165735452,0.011649850766015227,-0.040319872015791125,-0.04066732692799986,0.0,0.0,0.0,-0.03263706526102123,-0.020389308470806597,0.07115992946869237,0.016394211328319815,0.0507582813358967
0.3471827,0.7347666,0.9657926,0.9657926,0.9375,0.94736844,0.99324316,0.4253798,0.43036368,1.0,1.0,1.0,0.43036368,0.43036368,0.5869906,0.26023728,0.47921363,-0.05659346410042412,0.00277229157722381,-0.004763457880062888,0.024023235934962122,-0.003012576486292673,-0.004326187700759948,0.029619756917441196,-0.005995415686967436,-0.002236857091507886,0.0,0.0,0.0,-0.005155447641230087,0.00282917396828087,-0.06532475827870372,0.030572832548084263,0.015051333495987218
0.7481295,0.7910505,0.6494677,0.92463356,0.67267495,0.94736844,0.94736844,0.45268747,0.4652225,1.0,1.0,1.0,0.4652225,0.4652225,0.56449056,0.3280152,0.45721358,0.006512568226593097,0.002420571133418376,0.004649692490005079,0.018297845738448906,0.008840262341324474,-0.0010155085889271636,0.007404551847878807,-0.0005416415917985504,0.0029848781010375094,0.0,0.0,0.0,-0.0063559593471487555,0.0030193322361945735,-0.0183881498980213,0.03140554371410599,0.020243165076877047
0.8111976,0.8998124,0.39284575,0.39284575,0.9375,0.94736844,0.9195934,0.51114887,0.52380943,1.0,1.0,1.0,0.52380943,0.52380943,0.5694905,0.52245957,0.41721362,0.018392654948408717,-0.009501694971876801,0.005318777561334424,-0.027675211272131087,0.0007567533850139107,0.003246906494494452,0.005869878661520822,0.008992105631226387,0.010248390444324967,0.0,0.0,0.0,0.00231258723600505,0.0060157501020039385,-0.030119463870828603,0.004115697863148325,0.02982044848708536
0.65275073,0.7998803,0.7954408,0.7954408,0.9062,0.94736844,0.94736844,0.5203797,0.53284466,1.0,1.0,1.0,0.53284466,0.53284466,0.5132406,0.43468177,0.58021367,-0.00486130060594683,0.0021092428479112094,-0.0012302146016295622,-0.0039533104909382204,-0.0005427966793137501,-0.0009219814531753463,0.009364777868639162,0.009914045024592904,0.014711286518838587,0.0,0.0,0.0,0.004219810911605181,0.007549715518598901,-0.001003389589717809,0.019059253765746874,-0.00856018340635719
0.70331883,0.82100767,0.81907797,0.81907797,0.9375,0.94736844,0.9711938,0.69730276,0.6980541,1.0,1.0,1.0,0.6980541,0.6980541,0.77699053,0.41468185,0.8222137,0.0007978987126527257,-0.0013672331747415147,-0.0001747771159434135,0.0006911304080332359,-0.0034139761388060023,-0.0005286934284253886,0.01007482992454593,0.02004261597175392,0.012479889725938102,0.0,0.0,0.0,0.018365122610673686,-0.004296501322408687,-0.2412681950219076,0.024772222329629275,-0.08087143833440927
0.58025074,0.63826305,0.733391,0.9375,0.72658116,0.63826305,0.94736844,0.3619184,0.37412915,1.0,1.0,1.0,0.37412915,0.37412915,0.5082405,0.36468178,0.31821355,-0.014736552198092959,0.011179288902352152,0.0009265862261974469,0.018562459854316933,0.00909560552615706,-0.0030609753370472058,0.009513275203227017,-0.01425723916527708,-0.012328322598278001,0.0,0.0,0.0,-0.016112670202106973,-0.0020084359640376087,0.006351658981570834,0.023885622784358747,0.037909620207506094
0.76907635,0.7013229,0.8709226,0.9375,0.9375,0.7013229,0.94756573,0.597303,0.6083497,1.0,1.0,1.0,0.6083497,0.6083497,0.54574054,0.7813486,0.37721366,0.00470643058169266,0.007102848045856469,-0.006365767222469256,0.01820399319971572,-0.0016511445499349953,-0.008703109193412533,0.0047360171900085925,0.009071202241979878,0.012464229565085867,0.0,0.0,0.0,0.009519037124031066,0.006482470313475006,-0.02151179817751238,-0.05905458259392494,0.03866621043770632
0.6454401,0.78976846,0.7165472,0.9375,0.9375,0.78976846,0.9711938,0.4457644,0.45534074,1.0,1.0,1.0,0.45534074,0.45534074,0.49074054,0.45579296,0.43321362,-0.00816810574084837,0.0018782955969943766,0.0028277283999291504,0.014213935230554024,-0.0013441420361350526,-0.0018173171075237813,0.013599341652400626,-8.863234995585022e-05,0.0022509311016565546,0.0,0.0,0.0,-0.004720034701425702,0.0038529558324361603,0.018641806662492138,0.01347999014463851,0.024056222959242417
0.7758188,0.819141,0.8539793,0.99197626,0.9375,0.94736844,0.8930203,0.5923029,0.601262,1.0,1.0,1.0,0.601262,0.601262,0.59324056,0.7124596,0.49021357,0.0059787892233438,0.0007090102620797603,-0.0003835549163895614,0.025357056903580463,-0.006108074701919994,-0.0013941005866767286,0.0027574912266535665,0.012879605701072798,0.013567242352808378,0.0,0.0,0.0,0.010089733068116677,0.005378049972080951,-0.0623611886369442,-0.04273299617678089,0.017469718412246982
0.5173719,0.82112795,0.8062177,0.9375,0.9375,0.94756573,0.8364885,0.48307198,0.4940133,1.0,1.0,1.0,0.4940133,0.4940133,0.5307405,0.49468178,0.41221362,-0.029792335377388336,0.0007049229940125193,2.4884780911219767e-05,0.014985586432443285,-0.0027311554884921064,-0.0014406630043901072,-0.01076308416347595,0.0055112202913602,0.008477610189212996,0.0,0.0,0.0,0.0006530712593299664,0.006986890129821392,-0.018623180588146538,0.008242582828682864,0.03187084643471637
0.75525075,0.87200075,0.939427,0.9375,0.9375,0.9195934,0.8998124,0.6030719,0.61362725,1.0,1.0,1.0,0.61362725,0.61362725,0.52574056,0.5535706,0.63821375,0.0029254012651253975,-0.0020927983901351294,-0.0072265198831841125,0.020147307123945392,-0.0033441495343514717,-0.0020175535967534163,0.00310908096845814,0.016832386682894586,0.02034479120052148,0.0,0.0,0.0,0.01048176084017998,0.008740816383056942,0.0026337280947182594,0.002826700998254592,-0.022886859060475988
0.792372,0.8928739,0.913646,0.9636912,0.9375,0.94736844,0.93876034,0.75499505,0.7531929,1.0,1.0,1.0,0.7531929,0.7531929,0.74199057,0.5813486,0.85021365,0.006823293034495015,-0.007201626187824026,0.0016644099787296992,0.020875220915027658,-0.004614632222131459,0.0006860681334295763,0.002710560386806055,0.020198015031456382,0.009220082071802886,0.0,0.0,0.0,0.027001469658544566,-0.007303295797222042,-0.2035259069686589,-0.01655612997927972,-0.09759888789938183
0.7602507,0.7590793,0.87848544,0.9375,0.9375,0.7590793,0.99324316,0.531149,0.5392197,1.0,1.0,1.0,0.5392197,0.5392197,0.34449053,0.67468184,0.50121367,0.00788813390285844,0.001815883264293303,-0.0004367935322121529,0.0136592804184481,-0.0018885026744302003,-0.0017454346493044463,0.018058226757621504,0.011794135694665359,0.01462883121520409,0.0,0.0,0.0,0.006281190667256174,0.007168785866297656,0.06668335647496076,-0.02815150169717449,0.01281284273053698
0.9998338,0.94736844,0.52432805,0.52432805,0.52432805,0.94736844,0.94736844,0.88768756,0.8906153,1.0,1.0,1.0,0.8906153,0.8906153,0.6769905,0.9269041,0.8422137,0.04919733232011461,-0.013258365210070826,-0.0011566615019848031,-0.01752735826072362,0.02765409286815035,0.003216368093985928,0.008547996285938704,0.005084864199723145,-0.00033741179438655315,0.0,0.0,0.0,0.03171046821126906,-0.02489598017119393,-0.11806713684712604,-0.12353386377380808,-0.09621286544150014
0.7644551,0.8153146,0.86808443,0.92267436,0.9375,0.94736844,0.8577328,0.7749952,0.77769405,1.0,1.0,1.0,0.77769405,0.77769405,0.58699054,0.84912634,0.7722137,0.004992840200587478,-0.0002654040521078359,0.0028903651000801024,0.01007974079736409,-0.0034056809526504927,0.0013587820307879434,-0.008427969862923369,0.01204954196452762,0.008948791353581835,0.0,0.0,0.0,0.01842276491402239,-0.012193727757813688,-0.05243322154716707,-0.09907413313348395,-0.0862458833095017
0.83025074,0.8717879,0.88566744,0.97322625,0.91411304,0.94736844,0.94736844,0.6849953,0.6935334,1.0,1.0,1.0,0.6935334,0.6935334,0.58699054,0.6669041,0.7402137,0.011201630975294686,-0.005514991320914026,0.0013741938642613351,0.016371287447786563,-0.0009947727079617074,0.00013464143911288807,0.01132355600876473,0.013654305671149143,0.009203592266022322,0.0,0.0,0.0,0.018194526924861672,-0.0036064504358629505,-0.050508882404481634,-0.038749083227285534,-0.06221928627114909
0.53426576,0.82255214,0.7895206,0.97322625,0.9375,0.94736844,0.86317396,0.08999531,0.10548225,1.0,1.0,1.0,0.10548225,0.10548225,0.09199059,0.11801508,0.20621356,-0.027680943841263534,-0.0068288366961373245,0.004609260515829894,-0.006956623606294846,-0.0006339499857240056,0.0018583077659418737,-0.009198384580250529,-0.11738576355063982,-0.12084631850548946,0.0,0.0,0.0,-0.06981792176341903,-0.0512889431797975,0.10248299477384668,0.010999445504484794,0.05634804620774191
0.6983189,0.81563896,0.46832275,0.46832275,0.9375,0.94736844,0.9195934,0.39730293,0.41039574,1.0,1.0,1.0,0.41039574,0.41039574,0.5069906,0.50023735,0.2942136,0.0004893383833671384,0.0009687653714128141,0.0060113904785902015,-0.02539667490596515,0.0007432128033667934,0.0012906352706809835,0.0029386055302436276,-0.002086281512917008,-0.006465866396203929,0.0,0.0,0.0,-0.010728626303266946,0.0013534861295158849,0.00153836859547114,0.006741078649150265,0.05801552510153073
0.78869766,0.61191386,0.91715527,0.9668138,0.9375,0.94736844,0.94756573,0.61999524,0.62623066,1.0,1.0,1.0,0.62623066,0.62623066,0.5694906,0.62468183,0.5832137,0.007182333201489103,0.005281927956913658,-0.010649227451945124,0.019856950710163378,-0.003354284923495836,-0.0012788428453403863,0.009173421497067513,0.013862147331017214,0.017328093549788814,0.0,0.0,0.0,0.010721493754723293,0.006495124001830631,-0.04118191449485666,-0.01865453187327317,-0.009898603674115545
0.4827507,0.81908965,0.8857674,0.8857674,0.97322625,0.94736844,0.94736844,0.6003798,0.6066062,1.0,1.0,1.0,0.6066062,0.6066062,0.39699054,0.48468187,0.7682137,-0.029631166988701763,0.00041861807949380547,0.003049217892341,0.009073724669931428,-0.0043627630045963515,-0.0027792384619899878,0.020820291311997304,0.01777735468783332,0.02395936413285002,0.0,0.0,0.0,0.0107183344560114,0.006580930735436249,0.0523997497669689,0.009218924431470633,-0.0768998275722021
0.8836976,0.8261166,0.6846827,0.6846827,0.8641764,0.94736844,0.94736844,0.69537985,0.7048662,1.0,1.0,1.0,0.7048662,0.7048662,0.59324044,0.665793,0.7302137,0.02303260216996994,-0.00178219663826049,0.0011255861448274057,-0.014797126206178608,0.0017398611223772482,0.0014232200664858114,0.0095433374181311,0.010891637920652479,0.01395325676897037,0.0,0.0,0.0,0.01758715992521473,-0.006128772199198777,-0.06589963501483807,-0.03617405080639431,-0.06059454999793763
0.63275075,0.6716068,0.84786063,0.84786063,0.9062,0.94736844,0.94736844,0.5146106,0.5263026,1.0,1.0,1.0,0.5263026,0.5263026,0.37074053,0.5413486,0.5452136,-0.003252554802078373,0.0020846404274332043,-0.0019883242691667567,0.004433594044549103,-5.611764763739903e-05,-0.0031073836024551084,0.01749795108233613,0.009447619799726782,0.013850288395406725,0.0,0.0,0.0,0.003982237823320252,0.007555516074409094,0.0566350916271128,0.0005753825680012109,0.0015805103889122984
0.80850816,0.89307725,0.7412827,0.7412827,0.8514094,0.94736844,0.94736844,0.44922608,0.46148178,1.0,1.0,1.0,0.46148178,0.46148178,0.6294905,0.48912632,0.28521365,0.014125858313348167,-0.0037405586759588906,0.0001070839866819974,-0.007931927927653628,0.002035855188192447,0.0009903205422177692,0.0037254211854904134,0.0024994943310614,0.002326114110557343,0.0,0.0,0.0,-0.007607881829606148,0.002631209883414949,-0.08478649758913498,0.011585802470653524,0.059981903224438395
0.2348719,0.73489845,0.8671419,0.8671419,0.90427727,0.94736844,0.94736844,0.3957644,0.4104888,1.0,1.0,1.0,0.4104888,0.4104888,0.3282405,0.36468178,0.50121367,-0.0866417505006394,0.00238185588250812,0.0024363699835732674,0.0042992132635706745,0.00045343393466461686,-0.0029953301808607713,0.01583277925360034,-0.009984072990058282,-0.009200492846848094,0.0,0.0,0.0,-0.01033236721825395,0.0018923077906539737,0.08544609305600098,0.023907632967219282,0.012841729324352518
0.63331884,0.8030655,0.67193174,0.67193174,0.9375,0.94736844,0.8913406,0.48114893,0.48729646,1.0,1.0,1.0,0.48729646,0.48729646,0.42574054,0.41801515,0.54421365,-0.0120336632510641,0.002065709451679653,0.003541697180079147,-0.013612032276210464,5.631681291348421e-05,-9.999781444312003e-05,-0.00027444663988702766,0.006052859866427055,0.007518911594502422,0.0,0.0,0.0,-0.0006746409976870516,0.007799725035438365,0.04420390357779635,0.024503120656460896,-0.001274995923923853
0.45794013,0.71033305,0.7895206,0.7895206,0.79136,0.94736844,0.94736844,0.23076454,0.24597931,1.0,1.0,1.0,0.24597931,0.24597931,0.32949054,0.35801518,0.1992136,-0.037768002247224736,0.005213772372672208,0.003667364104748881,-0.005346444999001983,0.003623532720867073,-0.0003948732302756529,0.008645426706306365,-0.054471499377451604,-0.05296156154049234,0.0,0.0,0.0,-0.038476336027934904,-0.024442859145552366,0.07267428808189251,0.015944915345346925,0.0634887169784948
0.71831876,0.81563896,0.7999112,0.83492845,0.8829964,0.94736844,0.94736844,0.4019181,0.4122634,1.0,1.0,1.0,0.4122634,0.4122634,0.66074055,0.16801517,0.46821356,0.0036157633953896847,0.0006677211929361207,-0.007586304911074871,0.003441523026131902,0.0023819736638762213,-0.0021363462199543164,0.012471567043661584,-0.01120241468022507,-0.00843917181004554,0.0,0.0,0.0,-0.011631169570483001,-0.0007441209346534211,-0.13230371378310157,0.03197990713610874,0.014582464965669588
0.8865764,0.8769778,0.6386629,0.6386629,0.9005916,0.94736844,0.94736844,0.7642261,0.76798105,1.0,1.0,1.0,0.76798105,0.76798105,0.6357405,0.8413485,0.71721375,0.02881699723038372,-0.007179096181782015,-0.0006611952602663487,-0.014649026801150869,-0.0006963598909283059,0.0006035475970292281,0.007197732462667166,0.0038858050508334165,0.01047268136111525,0.0,0.0,0.0,0.020041374996002094,-0.016020845046868685,-0.10890137755548611,-0.0949787049903944,-0.06253921839273784
0.7733189,0.73675555,0.62498003,0.62498003,0.9657926,0.94736844,0.94736844,0.4542257,0.46197608,1.0,1.0,1.0,0.46197608,0.46197608,0.6294905,0.26023737,0.5602137,0.01690775115957328,0.005995166773657743,0.006822137309651624,-0.015395126340799955,-0.0018746475486041074,0.00013291481762212954,0.009607241256120598,0.003336901029555173,0.0031027113987647657,0.0,0.0,0.0,-0.0009500423237886554,0.005465594167194736,-0.11050407496346047,0.03440612798572675,-0.003709677224064054
0.86081886,0.8632933,0.4094479,0.4094479,0.9375,0.94736844,0.8718826,0.41114897,0.42419913,1.0,1.0,1.0,0.42419913,0.42419913,0.52449054,0.50023735,0.3162136,0.030394760121207634,-0.0039918179342338135,0.007671022768387547,-0.027510856358326233,0.0007621813521839844,0.0007717768230168261,-0.0002820579253849674,0.0027844284210468513,-0.0011337243129204136,0.0,0.0,0.0,-0.007819288789492968,0.002709293447809149,-0.005820568527841217,0.00755982170518931,0.051150998527761476
0.87388694,0.84723014,0.52076083,0.52076083,0.8328831,0.94736844,0.94736844,0.50922585,0.5192191,1.0,1.0,1.0,0.5192191,0.5192191,0.48824054,0.37023735,0.6612137,0.02474862807529595,-0.0032143333733189662,0.0059149476177093605,-0.028998740674572213,0.0007586653204107411,0.0006473079021020189,0.012454748299751146,0.005554054084454505,0.009878914307483869,0.0,0.0,0.0,0.00047826978140922126,0.006816924719391703,0.018910740718002573,0.027412714882801663,-0.028785554675157376
0.9998338,0.94736844,0.1581069,0.1581069,0.1581069,0.94736844,0.94736844,0.5707644,0.57792693,1.0,1.0,1.0,0.57792693,0.57792693,0.7507405,0.5224597,0.4902137,0.052233214789010655,-0.014892802774384388,0.01033274489091289,-0.026819786967648654,-0.019749911140253762,0.0015351543715611468,0.004153149550958763,0.01116633257882682,0.014362768556890759,0.0,0.0,0.0,0.012490696922362442,0.007260100147665495,-0.17395675547906322,0.002734613267917525,0.012187353807271786
0.81850827,0.84891015,0.61441565,0.61441565,0.93773437,0.94736844,0.94736844,0.53884137,0.5484669,1.0,1.0,1.0,0.5484669,0.5484669,0.5844905,0.5546818,0.42621356,0.018786975357850802,-0.002754085827010998,0.007088213606133066,-0.021916616563604756,-0.0002869920992961434,0.0016607154220705939,0.005010369212479001,0.007386041193972282,0.012083730598458313,0.0,0.0,0.0,0.00604903236822182,0.005544714504998455,-0.06431867264365201,-0.005796434320659156,0.027633582549584094
0.7025614,0.8971791,0.9005603,0.9375,0.9375,0.8971791,0.99324316,0.54307204,0.5522854,1.0,1.0,1.0,0.5522854,0.5522854,0.55199057,0.3269041,0.70521367,0.0016500507254061875,-0.005314476833123949,-0.005236368101781486,0.024762500556836983,-0.003104046750029544,-0.0012667582991912453,0.017145550441370554,0.011460622576263955,0.014914872417145507,0.0,0.0,0.0,0.005143332024595094,0.006596055397089711,-0.023079078339500844,0.03924848639313944,-0.04106829348003426
0.64600825,0.64301634,0.62432593,0.9375,0.62432593,0.64301634,0.94736844,0.54537994,0.5561765,1.0,1.0,1.0,0.5561765,0.5561765,0.5244905,0.43912634,0.66921365,-0.006245146948511038,0.014677312665389014,-0.0011538212293301501,0.017617312949997757,0.01153133172823007,-0.01008082855027445,0.01405608743136658,0.012648882773505045,0.01651852905098053,0.0,0.0,0.0,0.007126729386327655,0.008076643658160016,-0.0065746422967319605,0.017265660825591386,-0.034932876754125874
0.7656294,0.83134204,0.73150533,0.73150533,0.8830454,0.94736844,0.94736844,0.4657644,0.4753722,1.0,1.0,1.0,0.4753722,0.4753722,0.40324056,0.53023744,0.43821365,0.009220936003679925,-0.0007890293919844327,0.0013444647128371193,-0.008022062276500576,0.00014256034864159882,-0.0006813286741043456,0.008795245078970892,0.006504464389575152,0.006951286537811986,0.0,0.0,0.0,0.00045773933401255685,0.004151038593155928,0.032572551840581325,0.0008471724600746814,0.01795783385486669
0.76812947,0.79285794,0.7648803,0.9668138,0.7473536,0.94736844,0.94736844,0.5346106,0.5419763,1.0,1.0,1.0,0.5419763,0.5419763,0.4082405,0.6491263,0.5072136,0.01143414938576798,0.0014194163975953117,0.0015252746108596416,0.01607478065075054,0.0060677347941945235,2.263155982161258e-05,0.0140272804503596,0.01219465594058349,0.01569049102259972,0.0,0.0,0.0,0.006108718335588959,0.00781482567885588,0.04404222389590831,-0.020567792731530823,0.011246454781252403
0.74062943,0.66650456,0.83945024,0.9375,0.9375,0.9774537,0.91628766,0.4169184,0.42880422,1.0,1.0,1.0,0.42880422,0.42880422,0.50449055,0.4346819,0.3162137,0.005597203515786259,0.0017924166343744274,-0.006563589041535233,0.012704206226625598,-0.00041766981050356424,-0.0016623705672273376,0.002070191601070025,-0.005215078907474306,-0.007171609819595977,0.0,0.0,0.0,-0.00790899157045022,0.00024276429022774797,0.008653519220485222,0.016236597236501685,0.04387927548842016
0.7102507,0.7101834,0.870967,0.9375,0.8830454,0.7101834,0.94736844,0.6138413,0.6246828,1.0,1.0,1.0,0.6246828,0.6246828,0.6069905,0.5980152,0.67321366,-0.00037323639096408347,0.009690203422126734,-0.002681019819023255,0.0234428748485516,0.001763217179379557,-0.008562463698080506,0.006822637545424822,0.013392272690777765,0.012652021963111344,0.0,0.0,0.0,0.012359467588820039,0.0033822943044810533,-0.07473712445564161,-0.017627218750540123,-0.0364858803110375
0.7171444,0.72956717,0.7644058,0.7644058,0.9375,0.94736844,0.8695136,0.58537984,0.59717077,1.0,1.0,1.0,0.59717077,0.59717077,0.64199054,0.49468178,0.60721374,0.005059007751638806,0.007225509756369213,-0.0008201894920302474,-0.010264942367886417,-0.002227138793321757,-0.002030414261260984,-0.0013025059989433558,0.014324817687937016,0.018661118220297954,0.0,0.0,0.0,0.00869842275749106,0.0043775456490755624,-0.09875440996897815,0.010069248017838327,-0.013840952109283761
0.86275077,0.8838611,0.80123603,0.80123603,0.9375,0.94736844,0.9193914,0.5419184,0.5512017,1.0,1.0,1.0,0.5512017,0.5512017,0.44074053,0.5180152,0.5792136,0.013410774237674094,-0.0034989248956537006,-9.991042595235416e-05,-0.0030283612344371735,-0.0012103042491537722,0.0003633096348920173,0.0020453382523281556,0.006017071323934492,0.01051199073777358,0.0,0.0,0.0,0.0033737840271703206,0.0055596374979262515,0.04308304949894099,0.0015364372709471624,-0.0054755308345764446
0.7290764,0.80695844,0.36575451,0.36575451,0.97322625,0.94736844,0.94736844,0.4442259,0.45755875,1.0,1.0,1.0,0.45755875,0.45755875,0.2594905,0.40134844,0.6972137,0.0036450910693146855,0.0011643854390820507,-0.0030968377058164633,-0.021477975011582374,-9.154684850311161e-05,-0.00016255354526920437,0.011688953040747312,0.004048336756462869,-0.0021275987893926793,0.0,0.0,0.0,-0.002165390123148234,0.005321570255504297,0.07996781362645757,0.028693482458056616,-0.039777691045417514
0.5331295,0.8412419,0.7119168,0.7119168,0.93370897,0.94736844,0.94736844,0.36345688,0.37155813,1.0,1.0,1.0,0.37155813,0.37155813,0.12449038,0.5135708,0.4612136,-0.01970133225030484,-0.0044176826167903385,0.00041764609657518956,-0.006194139104322553,-0.000701075815434684,-0.0008729509640174756,0.021524074900279473,-0.006071676734887537,-0.012699794256863472,0.0,0.0,0.0,-0.011564677311478557,-0.0010718293517786714,0.09986019902533365,0.00616214952924145,0.024236331563506283
0.61388683,0.774354,0.9440504,0.9440504,0.9375,0.94736844,0.9694241,0.678072,0.67585117,1.0,1.0,1.0,0.67585117,0.67585117,0.71199054,0.6113485,0.6042137,-0.008286525932077743,0.005291023807384595,-0.0013701587867063262,0.02124482325078733,-0.004599338519698911,0.0001757916392811054,0.00640642424449001,0.019779332593500423,0.011253771585851896,0.0,0.0,0.0,0.016718202259099844,0.002553551822457036,-0.16724405770129483,-0.018683046627314338,-0.01350607354148546
0.8810082,0.82819384,0.69272876,0.9375,0.93773437,0.82819384,0.94736844,0.55999506,0.5696734,1.0,1.0,1.0,0.5696734,0.5696734,0.52574056,0.336904,0.67921364,0.017020119633564576,0.0007566598777527038,0.0019789133215867127,0.015844662077205154,-0.002734702536642833,-0.0027719539388885773,0.008020669958324697,0.009769901439272666,0.015397290206816627,0.0,0.0,0.0,0.005930652292140003,0.006444665684445496,-0.0009047496205255922,0.03911609263757163,-0.035389833578704157
0.5302508,0.7315101,0.7035526,0.7035526,0.97322625,0.94736844,0.94736844,0.30768746,0.32154068,1.0,1.0,1.0,0.32154068,0.32154068,0.14199054,0.44579294,0.36321372,-0.024677753359822287,0.0055912137011226,0.0013118211649448717,-0.00536290588508561,-0.0008906281047678591,2.67173235343926e-05,0.009429030920847473,-0.02134225920355067,-0.032711423618495085,0.0,0.0,0.0,-0.023662031068773754,-0.008405162096197523,0.1133084492222433,0.017250766169168704,0.04773125947607042
0.63331884,0.5814072,0.91162604,0.97322625,0.9375,0.94736844,0.9774537,0.46384123,0.47557557,1.0,1.0,1.0,0.47557557,0.47557557,0.42574054,0.32023737,0.6042137,-0.008389643208232734,-0.0016172761249610718,-0.011010790298703641,0.024981196987112826,-0.0015740840026204472,-0.0030123719262926084,0.020586797208172743,0.0014965016925479208,0.0015943328814546763,0.0,0.0,0.0,-0.002264696050334415,0.004142075182923159,0.03638695439187472,0.032557953198763,-0.012320824325550832
0.56794006,0.80311185,0.85415035,0.85415035,0.84446114,0.94736844,0.94736844,0.5442257,0.55595857,1.0,1.0,1.0,0.55595857,0.55595857,0.5432405,0.56801516,0.5462136,-0.012339935852091007,0.0028071871869269245,0.0011193055511601853,0.006242984635642963,0.005435214841446822,-0.0011831726282420625,0.012692054411252303,0.01537428054982165,0.01867511255658245,0.0,0.0,0.0,0.0076312084274856975,0.00895450599324419,-0.01564266886707522,-0.00093522873182569,0.0005246602922114785
0.5031294,0.3976569,0.74762225,0.74762225,0.9375,0.94736844,0.4116913,0.24076432,0.2559936,1.0,1.0,1.0,0.2559936,0.2559936,0.09199059,0.32357067,0.3732136,-0.04544224042273763,0.025138619011037554,0.0002707671106732488,-0.004137970064226479,0.0005546121587443162,-0.0015655474981917173,-0.18321371858440103,-0.041762583991495045,-0.06446193030993969,0.0,0.0,0.0,-0.025196964077679115,-0.017696511700208258,0.09724284821848515,0.02131057818344619,0.053207212670613756
0.7311976,0.80323535,0.8620851,0.8620851,0.97322625,0.94736844,0.94736844,0.5630721,0.57429403,1.0,1.0,1.0,0.57429403,0.57429403,0.39699054,0.73468184,0.48921365,0.004431444026482404,0.0005877248740252894,-0.0013129988729379222,0.00514986859360477,-0.0027751840729781053,-0.0016990917420196105,0.013300015099855006,0.00862172932102253,0.013099027867523488,0.0,0.0,0.0,0.0052776408131256424,0.006147343690439404,0.05976298517976763,-0.04174769618804408,0.017364055456939025
0.8590763,0.87386805,0.7115459,0.7115459,0.9201982,0.94736844,0.94736844,0.52230275,0.5251972,1.0,1.0,1.0,0.5251972,0.5251972,0.5944905,0.5169041,0.5202136,0.024312551385623594,-0.004407331113554197,0.0015664449248608903,-0.011712713884030715,-0.0007800445898066125,-0.0005792086964964689,0.011239302724998054,0.011600793800250205,0.0144673298757756,0.0,0.0,0.0,0.005441653794514144,0.007830894105072954,-0.07361816898880759,-0.0005835545787286505,0.005992141653569854
0.7079401,0.7651412,0.8534942,0.9184109,0.79755384,0.94736844,0.94736844,0.6138414,0.6239993,1.0,1.0,1.0,0.6239993,0.6239993,0.51074046,0.6069041,0.66921365,0.0015288777369172246,0.004024658765536891,0.001435338265114627,0.012433288048527471,0.0069037041296891475,9.927932635103193e-05,0.009368093059227036,0.016914983314020762,0.019993508476762054,0.0,0.0,0.0,0.0129825914229315,0.0077500562390495345,-0.0027413729551654165,-0.01557548490766176,-0.035037953809067685
0.4406295,0.61002934,0.56618863,0.56618863,0.8581048,0.94736844,0.94736844,0.27653387,0.29161558,1.0,1.0,1.0,0.29161558,0.29161558,0.27949047,0.22245969,0.32421368,-0.05514558685823118,0.01450943326621627,-0.0007238389130127976,-0.008371889316571955,-4.5127354642452744e-05,-0.0007934604639421939,0.010923642380436527,-0.0349869382134863,-0.04813353968067582,0.0,0.0,0.0,-0.026833255418881735,-0.01755653534719806,0.07964349564676979,0.027127845506674707,0.047726308535489065
0.836387,0.9327985,0.61909586,0.61909586,0.9396432,0.94736844,0.94736844,0.69499516,0.6967272,1.0,1.0,1.0,0.6967272,0.6967272,0.46074057,0.6413486,0.8502137,0.020828715496262803,-0.012333663340300087,-0.00041089980531096743,-0.01854191635693823,-0.0019400084698951046,-0.0008705662848264109,0.013701100158498349,0.012831834146671016,0.023519391063966864,0.0,0.0,0.0,0.015278710639249177,-0.002291720073732395,0.02585098394481054,-0.037038445054055645,-0.11360794790251855
0.7081294,0.7732563,0.8871432,0.9375,0.9201982,0.9015119,0.94736844,0.53230286,0.541863,1.0,1.0,1.0,0.541863,0.541863,0.46199054,0.55134857,0.5462136,0.005535751241080136,0.0017298527029630459,-0.002825297018482222,0.014814453456386885,-0.0004051984585631771,-0.0015066114322716652,0.015976826716335216,0.010992461120825432,0.014208417939426066,0.0,0.0,0.0,0.0048736741086145416,0.007806725493436937,0.03265719106892867,-0.0035495783985847675,0.004974742299313625
0.60869753,0.79284954,0.4684514,0.4684514,0.9062,0.94736844,0.94736844,0.43922585,0.45200673,1.0,1.0,1.0,0.45200673,0.45200673,0.3019905,0.5135708,0.46721363,-0.00977446711618904,0.0004982319287330803,0.001017268785703732,-0.023248359511335175,0.000497666125019469,-0.0005144703571650742,0.012795621105479011,0.004040946962563841,0.0031905389276051677,0.0,0.0,0.0,-0.0016037699731234055,0.005278041224017327,0.07533732959615486,0.0014305610251026302,0.015418699329033447
0.5798721,0.56853276,0.9409667,0.9375,0.9375,0.56853276,0.9711938,0.73307216,0.73427147,1.0,1.0,1.0,0.73427147,0.73427147,0.79074055,0.68690413,0.7182137,-0.009644783392595361,0.024540873555680975,0.0029617137460494847,0.016127221561543403,-0.004996875034330026,-0.012999666367953291,0.006379692389030301,0.02134696416728491,0.010739964262197728,0.0,0.0,0.0,0.017573668008068595,-0.005447063461694087,-0.23070988844761126,-0.047554456789486804,-0.04913595708007609
0.584872,0.8160632,0.84777254,0.84777254,0.9375,0.94736844,0.99324316,0.56268734,0.5745069,1.0,1.0,1.0,0.5745069,0.5745069,0.4644906,0.63245964,0.5512136,-0.013438498353487822,0.0016498683210816032,0.002268370176769838,0.004220399848493819,-0.0024763097039708915,-0.0013530184149831348,0.017386962722190116,0.011580807779731094,0.015212158172101203,0.0,0.0,0.0,0.007095677003717157,0.006658138066771292,0.033535389594292885,-0.021953141971692,-0.000593088526815837
0.554872,0.57506734,0.8830454,0.93370897,0.8892118,0.94736844,0.94736844,0.5588413,0.56825894,1.0,1.0,1.0,0.56825894,0.56825894,0.5944905,0.49245963,0.56021357,-0.01372426026229991,-0.00048650118408718313,-0.009840114379037375,0.022636887823474564,0.0013651514355869738,-0.0021642901452724453,0.0119475670838896,0.016852004690043207,0.01800186803277224,0.0,0.0,0.0,0.008793745644826122,0.006929219819157128,-0.07018816580950842,0.007581530749045805,-0.004251489518500212
0.4904401,0.74535227,0.8830454,0.93370897,0.83945024,0.94736844,0.94736844,0.17461044,0.18719947,1.0,1.0,1.0,0.18719947,0.18719947,0.10074031,0.11801508,0.45921364,-0.030017244015631737,0.0056671370833688405,0.0074882446683182495,0.003252582240909225,0.0037794786714895876,0.0004700963264926406,0.010709135976771176,-0.0776955771475581,-0.07885158058112558,0.0,0.0,0.0,-0.05626616839120554,-0.034856006914775646,0.114602448708054,0.0280969999083303,0.015838692837641766
0.901387,0.8998124,0.76379675,0.76379675,0.84446114,0.94736844,0.94736844,0.6288413,0.6394387,1.0,1.0,1.0,0.6394387,0.6394387,0.46949053,0.55023736,0.7672137,0.0228245638322593,-0.004084441868611549,0.0014504058841271962,-0.007165178757145694,0.004092232404436036,0.00041715004693364006,0.01071047885126891,0.013938878631514636,0.01899011501918515,0.0,0.0,0.0,0.014717695674148924,0.004676480962568974,0.013539244628161841,-0.0058655729362205025,-0.07011304983291479
0.6829401,0.81563896,0.662041,0.9062,0.9375,0.94736844,0.86317396,0.48037985,0.4936842,1.0,1.0,1.0,0.4936842,0.4936842,0.16824043,0.7313485,0.48521367,-0.0021159235217511393,-0.00022268542098345423,0.0006839246314724363,0.004659274455767787,-0.0007600279280888417,-0.0015724857773823664,-0.01056369941032378,0.007022539473440612,0.007194671472441864,0.0,0.0,0.0,0.002787998692537603,0.004595033757924927,0.09073592158552918,-0.03388270467451164,0.013336280929208053
0.7385082,0.81563896,0.65610886,0.65610886,0.9657926,0.94736844,0.94736844,0.58307207,0.59027165,1.0,1.0,1.0,0.59027165,0.59027165,0.6294905,0.5113485,0.59021366,0.006298061016672316,-0.0008910802555537747,0.0014749806892613059,-0.01620499285141888,-0.002741027840240188,0.0006441310610307898,0.00867041686830161,0.011677346920997901,0.016752366895507916,0.0,0.0,0.0,0.010718282777197283,0.003633966612253292,-0.1020814014497454,0.004075960558634878,-0.01674028396176032
0.81638694,0.8208624,0.6016908,0.90427727,0.7804182,0.94736844,0.94736844,0.49384132,0.50655067,1.0,1.0,1.0,0.50655067,0.50655067,0.66074055,0.45579296,0.42221364,0.016366420664410627,-0.0014554844535239592,0.0019955039701884192,0.011401912232159781,0.008881785525106607,-0.0003890947370169909,0.011183433736363175,0.009502605687788218,0.012804325843081414,0.0,0.0,0.0,0.0018672480220686594,0.008739338793537504,-0.1232739509443252,0.01921678975231607,0.028537642499272323
0.80062944,0.86867034,0.8366128,0.8366128,0.99197626,0.94736844,0.94736844,0.52422595,0.53587925,1.0,1.0,1.0,0.53587925,0.53587925,0.59199053,0.31357065,0.6342137,0.014753219106500641,-0.0015003355418051212,-0.007094572585443418,0.0016240882393011797,-0.00825297530435218,-2.475903422770605e-05,0.011103681549675282,0.01116377885161159,0.015369322521326863,0.0,0.0,0.0,0.004298171303810982,0.0079843188642654,-0.061543587922170545,0.03858440993231001,-0.020862646661444644
0.20468275,0.6031983,0.97322625,0.9375,0.97322625,0.6031983,0.94736844,0.4211489,0.43288943,1.0,1.0,1.0,0.43288943,0.43288943,0.40574056,0.2424595,0.5952136,-0.09141229024479937,0.009666848378286175,0.004868760261807558,0.023837326515838524,-0.005957359085258912,0.008476104255397316,0.014970983258464576,-0.010236512608817692,-0.006024380281326588,0.0,0.0,0.0,-0.005531300903188502,0.002398430485269889,0.06088392189039346,0.03664123799062643,-0.008577334695854843
0.5981295,0.81563896,0.75612736,0.79136,0.92463356,0.94736844,0.94736844,0.39076453,0.40596893,1.0,1.0,1.0,0.40596893,0.40596893,0.38449055,0.42134845,0.3582136,-0.012310266470580498,5.8735055324232316e-05,0.001234290662338311,-0.004364030940123164,-0.0006896954494579349,-0.0014907997141243813,0.013136499676758446,-0.006870820452884605,-0.007163396293387914,0.0,0.0,0.0,-0.01068423911264146,0.0013144135469859946,0.062055695846789834,0.019595506387524678,0.04231480332120256
0.9998338,0.94736844,0.3504076,0.3504076,0.3504076,0.94736844,0.94736844,0.71537983,0.72389114,1.0,1.0,1.0,0.72389114,0.72389114,0.61949056,0.6369041,0.7132137,0.05250856068870825,-0.0156780575494668,0.002006744542434997,-0.024757769079456184,0.014479782835430112,0.0018918470058854892,0.004538383974208506,0.008617883093420925,0.014347322052509399,0.0,0.0,0.0,0.030815653885553723,0.000783345646978485,-0.08100266028773763,-0.024231849743113865,-0.04461532505512364
0.29987204,0.71368283,0.86951035,0.86951035,0.9375,0.94736844,0.66399765,0.6153799,0.61375505,1.0,1.0,1.0,0.61375505,0.61375505,0.46949053,0.57245964,0.7722137,-0.08457738330422941,0.005018005661610604,0.009325411346361924,0.006875217994527949,-0.005126161430310686,-0.0020237279801007396,-0.08505128078123231,0.02172364687274166,0.022046474657702878,0.0,0.0,0.0,0.010551700931974781,0.004606560909869886,0.0208124610021736,-0.007768302888671502,-0.08396495722569827
0.8336976,0.7716642,0.3738928,0.3738928,0.97322625,0.94736844,0.94736844,0.37114906,0.38324177,1.0,1.0,1.0,0.38324177,0.38324177,0.46949053,0.32801512,0.44621363,0.02260789165272908,0.0028024024814407703,0.010474187723721941,-0.028207341174364523,0.0006993493885076411,0.001426827709518102,0.008829481870131233,-0.004505054553822039,-0.013115693046243755,0.0,0.0,0.0,-0.011448993824840237,0.0003652809537271446,0.01604398775122342,0.029469652964316816,0.021740406613605243
0.7908188,0.8318976,0.8729616,0.8729616,0.939427,0.94736844,0.94736844,0.57037985,0.5816114,1.0,1.0,1.0,0.5816114,0.5816114,0.54574054,0.49579293,0.6292137,0.008066689879519159,0.0007447892853592328,-0.008241722801576076,0.011911829646216959,-0.0022491089977214216,0.0004627860166408662,0.007224210157564127,0.00885820480639959,0.01413524681907005,0.0,0.0,0.0,0.005400539252614636,0.0063776755825214445,-0.010577936381240226,0.010640067067945607,-0.014861458789840125
0.85176575,0.8930203,0.509322,0.509322,0.90427727,0.94736844,0.94736844,0.5907644,0.6029518,1.0,1.0,1.0,0.6029518,0.6029518,0.37574053,0.736904,0.48221368,0.019110733301696593,-0.0070363620201263025,0.00015071924819916449,-0.02016736024218597,0.001125387537349458,-0.0004192304956581377,0.012474614384564127,0.011230380464428917,0.01966951024056572,0.0,0.0,0.0,0.011990932510087206,0.007481614743088603,0.06356454807318063,-0.04199111715814549,0.01599782333238363
0.65138686,0.5026599,0.83492845,0.9375,0.9375,0.5026599,0.8913406,0.41884142,0.4340942,1.0,1.0,1.0,0.4340942,0.4340942,0.4582405,0.3946818,0.4612136,-0.00262496103195726,0.009092964929523894,-0.004091921577000653,0.019679365691491032,-0.0012781323865727128,0.0007511252270581973,-0.004410611180615693,-0.00504900318800088,-0.004250308205459595,0.0,0.0,0.0,-0.004278756369589626,0.0009954032902858025,0.023502886527144388,0.020309763358052634,0.019318303863867504
0.9442657,0.93784803,0.38879323,0.38879323,0.9375,0.94736844,0.93784803,0.6384567,0.6398602,1.0,1.0,1.0,0.6398602,0.6398602,0.73324054,0.5602374,0.61321366,0.04395497749120784,-0.014512442192832192,0.013305241937337502,-0.013252980855130617,0.00014757382822648695,0.003297077030166145,0.0036873714046683935,0.011687109476748782,0.020568334757259804,0.0,0.0,0.0,0.016047339033772198,0.004256217385765229,-0.1777391880359361,-0.004974892882907384,-0.022464790475477364
0.87657636,0.8507194,0.6351208,0.90427727,0.7671673,0.94736844,0.94736844,0.45653358,0.46918398,1.0,1.0,1.0,0.46918398,0.46918398,0.5982405,0.5702374,0.25421363,0.02029601290635953,-0.003534139727877763,0.004686108406492849,0.007471054888349824,0.0038286234375490493,-0.0024009310725897253,0.008089945573322306,0.006087947159245241,0.0081082952368401,0.0,0.0,0.0,-0.00393372342701814,0.004395777090120458,-0.055014017504066606,-0.0024189542143898263,0.055824385354389584
0.623887,0.6697169,0.6046579,0.6046579,0.9396432,0.94736844,0.94736844,0.49499512,0.50548464,1.0,1.0,1.0,0.50548464,0.50548464,0.43074054,0.5291263,0.5272137,-0.008638351635723449,0.008105824053337596,0.0039623240106434745,-0.01536707248209329,0.00037428421817274485,6.446918630042013e-05,0.009481597623426796,0.00690496161555262,0.009376337245458109,0.0,0.0,0.0,0.0020597425978174603,0.00709998861808259,0.03165282126335737,0.00024622989124952534,0.006215655215077781
0.8067658,0.86317396,0.3537998,0.3537998,0.97322625,0.94736844,0.94736844,0.53730273,0.5480265,1.0,1.0,1.0,0.5480265,0.5480265,0.28199053,0.6535708,0.6442136,0.017284591698574384,-0.0050694668036181355,-0.0009410145875378997,-0.01831749736145185,0.0001190928563916431,0.00015806886574844413,0.016516882982191276,0.0094332546052735,0.014390021248138424,0.0,0.0,0.0,0.00600652805323593,0.006225112489740506,0.08057672883531097,-0.024894103258307813,-0.03019288134235268
0.45081884,0.43449423,0.88566744,0.9375,0.97322625,0.43449423,0.94736844,0.2799951,0.29559487,1.0,1.0,1.0,0.29559487,0.29559487,0.2182405,0.15468185,0.47721368,-0.03353540851984263,0.03167929196681341,0.0021184425779726987,0.012489430503508132,-0.003915189605620223,0.002684525317716643,0.012806033304989441,-0.03774084282733399,-0.038811562569440065,0.0,0.0,0.0,-0.026368456969153343,-0.013013300913831335,0.08647782027113465,0.03131730027864268,0.013092565087510133
0.64600825,0.82430315,0.5702537,0.5702537,0.8810272,0.94736844,0.94736844,0.29153368,0.3028351,1.0,1.0,1.0,0.3028351,0.3028351,0.2594905,0.3713485,0.2942136,-0.0063067550660479135,-0.00297743001068312,0.0002747009888097665,-0.010628965687647693,0.000961830200919674,0.0006346629557478014,0.010384859853788196,-0.026141410249082665,-0.03986694393626419,0.0,0.0,0.0,-0.02630127161613227,-0.013295698020705475,0.07729355384910727,0.019059009886410728,0.050487573748093754
0.8067658,0.86317396,0.42766526,0.42766526,0.99197626,0.94736844,0.94736844,0.58730304,0.59668374,1.0,1.0,1.0,0.59668374,0.59668374,0.2707405,0.4946819,0.8422137,0.013418482715902916,-0.005246844363957777,0.0005555873687899117,-0.02002084221195228,-0.0009661373259608421,-0.0002446350165872585,0.01810336530794358,0.007304479178441938,0.015602198534730776,0.0,0.0,0.0,0.005670844771203365,0.005852625837648122,0.10169881661188644,0.014521960454282765,-0.09657865794270945
0.7333188,0.7631863,0.5825191,0.93773437,0.69867265,0.94736844,0.94736844,0.6034566,0.6148016,1.0,1.0,1.0,0.6148016,0.6148016,0.5432405,0.7546818,0.44621363,0.0020801590271053664,0.005430745255221933,-0.0031310797109187294,0.010234660142233487,0.00983691363847495,4.5801624231296825e-05,0.013210316488605378,0.012422372322647878,0.015492855799531757,0.0,0.0,0.0,0.012282270747118877,0.006591946298625231,-0.015376013562884145,-0.056448552091692986,0.025192191831941626
0.29275078,0.65393114,0.770773,0.9375,0.97322625,0.80859274,0.94736844,0.13345689,0.14877371,1.0,1.0,1.0,0.14877371,0.14877371,0.14199054,0.118015185,0.27921352,-0.07009564854282573,0.01627225466174507,0.005071047755979876,-0.0010584527033477111,-0.0046848328894635366,-0.0016107293816931705,0.011483996071204866,-0.10174389240480369,-0.10301147099154238,0.0,0.0,0.0,-0.06250177575228802,-0.042266002205279006,0.10226303754740647,0.019947734933314913,0.03986381104231309
0.8336976,0.76316774,0.6788356,0.6788356,0.7479076,0.94736844,0.94736844,0.50884145,0.5208632,1.0,1.0,1.0,0.5208632,0.5208632,0.48199058,0.44023737,0.58521366,0.019765705422898495,0.0025721143019977253,0.0031671875924180904,-0.018523798624384843,0.005721193055604582,-0.0028736268389739574,0.01627677949017773,0.01110254120940299,0.014917952595464438,0.0,0.0,0.0,0.003578207413436444,0.008709218767098008,0.024368735884144933,0.015108152667314667,-0.008927646149201602
0.6106295,0.80859274,0.7940731,0.7940731,0.939427,0.94736844,0.94736844,0.4369181,0.4465805,1.0,1.0,1.0,0.4465805,0.4465805,0.35699046,0.29690403,0.66021365,-0.014547658309177515,0.001401230439341318,-0.0013559641043822668,-0.0025633155336695413,-0.0016883124424811697,-0.0008438811206810986,0.00799620490703045,-0.0008156596914505815,-0.0025771692774648114,0.0,0.0,0.0,-0.005742073345001737,0.003249351485442784,0.05899381303146165,0.03353189427025152,-0.02694812644033397
0.5654401,0.8033053,0.82265157,0.82265157,0.9375,0.94736844,0.8351259,0.43922585,0.45264417,1.0,1.0,1.0,0.45264417,0.45264417,0.42574054,0.4380152,0.50121367,-0.024607108256395255,0.00045055208623044407,-0.0019402861934380447,0.0006741640004088162,-0.0008757647893896509,-0.0019237838482817071,-0.01788400322332158,0.0007799582868898822,0.001263275407990732,0.0,0.0,0.0,-0.004764786010453922,0.005223108350827168,0.04086771806659104,0.015484309882526444,0.012311618264896932
0.5285082,0.84547555,0.770773,0.9375,0.97322625,0.9015119,0.94736844,0.23076454,0.24399094,1.0,1.0,1.0,0.24399094,0.24399094,0.27949047,0.15468174,0.38221368,-0.027862626978201317,-0.005695933074488333,0.004751741143714856,-6.911993870481637e-05,-0.004970413203408924,-0.0006513890973703606,0.012718692182267191,-0.05822386256993405,-0.060240923291880216,0.0,0.0,0.0,-0.04295211692214677,-0.024084213501960234,0.07370553668515625,0.026632431213482827,0.028810495663456594
0.5083189,0.6243401,0.4366196,0.4366196,0.9375,0.94736844,0.6243401,0.3003798,0.3126087,1.0,1.0,1.0,0.3126087,0.3126087,0.2594905,0.16134845,0.5732137,-0.03774097448956565,0.014122813509562827,0.003014701643820979,-0.0009028458459246002,0.0002799219769103631,0.00018034575389256857,-0.10001453091621405,-0.02113048809494832,-0.043205525661645316,0.0,0.0,0.0,-0.016151359880088402,-0.008305834455363165,0.07085851671366941,0.0378733830423429,-0.0074506493931234905
0.7158188,0.8261166,0.73016423,0.73016423,0.9375,0.94736844,0.9193914,0.6765337,0.686811,1.0,1.0,1.0,0.686811,0.686811,0.49574047,0.7180152,0.69321364,-0.000279478406323556,0.0010719317896318253,0.0005351252798008601,-0.012201879057187448,-0.0017789882112390753,0.0001267825855628942,0.009688213215951974,0.012731141612889907,0.015496879215127364,0.0,0.0,0.0,0.014486501172399751,-0.002643911650865364,0.017010374558199357,-0.05286611571714007,-0.05070318132698382
0.7333188,0.82982767,0.72253466,0.72253466,0.799716,0.94736844,0.94736844,0.31768754,0.33113065,1.0,1.0,1.0,0.33113065,0.33113065,0.3644905,0.40134844,0.31821364,0.004918564627718261,-0.0023116070417248074,0.002717888196891035,-0.009150654445470544,-0.0005496140632988556,-0.00028270150051657914,0.010801824071885482,-0.019635236614976917,-0.027658734176655812,0.0,0.0,0.0,-0.022719988134783282,-0.009827696146061849,0.05754994740964633,0.01745634853437468,0.0480900486144877
0.8240763,0.8718827,0.3571844,0.3571844,0.92463356,0.94736844,0.94736844,0.4476876,0.46279216,1.0,1.0,1.0,0.46279216,0.46279216,0.38574058,0.59357077,0.3492136,0.018786167743740617,-0.005189133854229239,-0.0030285427051070196,-0.019308159773770397,0.0007347190675607592,0.0007473222150328561,0.009978281763056346,0.007295181984208007,0.0051870310553975355,0.0,0.0,0.0,-0.00255728472475533,0.0047010880997103745,0.049704098541477684,-0.007588289613326936,0.045457917462401805
0.83157635,0.90702903,0.66254646,0.66254646,0.84446114,0.94736844,0.94736844,0.55537987,0.56098294,1.0,1.0,1.0,0.56098294,0.56098294,0.46949053,0.40912628,0.80321366,0.019931309739079032,-0.007623093721183121,0.001825077237042519,-0.019037725419366484,0.0029183189891184794,-4.372773801867163e-05,0.011905357949529027,0.012840361978446988,0.018251462128473183,0.0,0.0,0.0,0.008153259200315668,0.007271435979722043,0.014120671406053482,0.022257912299803423,-0.0786579511128637
0.7102507,0.68510425,0.9045032,0.9045032,0.9375,0.94736844,0.65904737,0.5499951,0.5619915,1.0,1.0,1.0,0.5619915,0.5619915,0.42574054,0.53023744,0.57621366,0.004807817671779226,0.0018801581383980509,-0.006593764139571675,0.008826019738249041,-0.0010934175897618877,-0.002906779692191035,-0.07246672453136617,0.0130208840827808,0.018999945814864964,0.0,0.0,0.0,0.0072539362114606,0.0069555885585260244,0.028894730992311816,-0.00023710197280971,-0.007317837750775125
0.7242657,0.71704596,0.4622385,0.93773437,0.5680075,0.94736844,0.94736844,0.52422595,0.5341089,1.0,1.0,1.0,0.5341089,0.5341089,0.60824054,0.545793,0.41221362,0.003766727305927673,0.00858238136911769,-0.008846831682411418,0.013780466975150651,0.01379474944989996,-0.0017664971246960715,0.010116027520835322,0.011559701302338177,0.012472582432271385,0.0,0.0,0.0,0.006466725273572457,0.008270539535601234,-0.0677666564917526,-0.004775918173002899,0.028823485584353405
0.9369551,0.9210105,0.36879972,0.36879972,0.939427,0.94736844,0.94736844,0.60461056,0.6144531,1.0,1.0,1.0,0.6144531,0.6144531,0.5132405,0.5313485,0.67221373,0.04216390816836135,-0.011525161985154093,0.003678237311898301,-0.021058046476675432,-0.0001860634865679972,0.0015359484987198695,0.010051203163319661,0.006294246123495582,0.015270684852211005,0.0,0.0,0.0,0.011067550814972854,0.003817580908598245,0.004826114954186393,-0.004708771367904458,-0.0340288921386873
0.7081295,0.8500637,0.7738056,0.97322625,0.7308244,0.94736844,0.94736844,0.44730276,0.461487,1.0,1.0,1.0,0.461487,0.461487,0.46949053,0.32023737,0.5952136,-0.0005076852980414753,-0.00045250581391808556,0.0012817854229329512,0.02505306531986042,0.007746161548640682,-0.00035557099987131995,0.009076518310137024,0.0022333156937391517,0.00338924364510918,0.0,0.0,0.0,-0.0029731061139615165,0.005828164166163405,0.032582577167097865,0.033954600974826825,-0.008522221906662934
0.95464444,0.99324316,0.5314233,0.5314233,0.9375,0.94736844,0.99324316,0.8134568,0.81932133,1.0,1.0,1.0,0.81932133,0.81932133,0.6194905,0.82023746,0.8452137,0.048366225064226186,-0.025056326650441954,0.0004580069068814327,-0.014689931371976304,-0.0025643367152715707,0.002143150710619018,0.01185067731977156,-0.0028150297293961786,0.004211347433815341,0.0,0.0,0.0,0.01660564224130515,-0.024383312327277556,-0.08553350536037063,-0.09649578371824466,-0.10492559158771231
0.6908188,0.7927039,0.85021853,0.9375,0.93370897,0.86480016,0.94736844,0.37653366,0.38875425,1.0,1.0,1.0,0.38875425,0.38875425,0.2707404,0.3402374,0.51721364,0.00019390053792577938,0.00030255659831797334,-0.0001739024470834756,0.010282110315760724,-0.0009798896618030812,0.0005089667545024784,0.013288243210583573,-0.008674752054058876,-0.013154423307193533,0.0,0.0,0.0,-0.012876141018233247,-0.0018896672956142785,0.083681964358769,0.028520267093448175,0.006655307885332058
0.70100826,0.8259394,0.8311981,0.9375,0.90427727,0.8259394,0.94736844,0.45768723,0.4702455,1.0,1.0,1.0,0.4702455,0.4702455,0.2594905,0.48023742,0.6112136,0.0010639120339786562,0.00013385536985072676,0.00093233436154847,0.015622887492080928,0.0006641933604405103,0.0019220896361084494,0.010177081345464101,0.0029712350028227724,0.003578115218287647,0.0,0.0,0.0,0.00012004757068376615,0.003959105371864489,0.06867517152161719,0.007505378370074675,-0.018137853532324402
0.5175614,0.66119677,0.9396432,0.9375,0.939427,0.9276742,0.94736844,0.5419184,0.5493239,1.0,1.0,1.0,0.5493239,0.5493239,0.37824053,0.54357076,0.6092137,-0.02042729809003696,-0.0001837216830579127,-0.006437697150761302,0.017672576331207814,-0.0018128362402841122,-0.0009163790633424289,0.01249247977626683,0.010958284980489263,0.013247228867159096,0.0,0.0,0.0,0.005794900481705315,0.0074170422224809065,0.047534115582212794,-0.002862886414752751,-0.01355901859613009
0.8486976,0.9195934,0.6956438,0.6956438,0.88959694,0.94736844,0.94736844,0.6061488,0.6180083,1.0,1.0,1.0,0.6180083,0.6180083,0.41949052,0.6713485,0.6652137,0.020369659544015498,-0.007773610025962119,0.000992672986268756,-0.012030965734718471,0.00042835285287804093,-0.0009123580008090407,0.012717052426991712,0.01620704337519988,0.023032014096548422,0.0,0.0,0.0,0.014483366324309419,0.008218485706661872,0.04253888348955625,-0.03560853503143627,-0.035417462304612755
0.8061976,0.822608,0.7839535,0.9375,0.6935529,0.8695136,0.94736844,0.72461057,0.7259016,1.0,1.0,1.0,0.7259016,0.7259016,0.52449054,0.7680152,0.7252137,0.008559949667625424,-0.00031777124797433465,0.0037486208170775647,0.01684697795233332,0.014213847033738881,-0.0032603244625138443,0.008409436890130666,0.010042342866354671,0.008871194086239457,0.0,0.0,0.0,0.01710721015271497,-0.0054380626934844,-0.005363674321723644,-0.08218612269166271,-0.06020243864399588
0.7431295,0.8276937,0.70667255,0.9668138,0.97322625,0.94736844,0.94736844,0.601149,0.60765463,1.0,1.0,1.0,0.60765463,0.60765463,0.54324055,0.5502374,0.6252137,0.007447247326197104,-0.0008377657133786628,0.00035500511564120053,0.0160615216309049,-0.006879093970143334,-0.00016917925370007005,0.008056073206103225,0.015296970515269707,0.01600591478519635,0.0,0.0,0.0,0.013040852752259914,0.0031162373779580243,-0.023889685248908284,-0.0056805977994683855,-0.02978043776652296
0.62062955,0.7663541,0.5058971,0.9375,0.61617154,0.7663541,0.94736844,0.29153368,0.30611843,1.0,1.0,1.0,0.30611843,0.30611843,0.5432405,0.15912628,0.23921356,-0.013049869976822672,0.0035843111389937394,-0.0054051123371300054,0.013518733109521841,0.015081048905647432,0.0006834574790913023,0.008318167114696788,-0.04299260463286547,-0.03199144430456729,0.0,0.0,0.0,-0.03752035428850307,-0.01456173366654845,-0.014056187414089556,0.03065777071592439,0.03732808767765944
0.5475613,0.78358746,0.90427727,0.9375,0.9375,0.8975317,0.71730584,0.36345688,0.36915916,1.0,1.0,1.0,0.36915916,0.36915916,0.27449048,0.21579286,0.62721366,-0.023481310342467716,-0.0005975041818345222,0.0002946540376868486,0.011438905293206696,-0.0029326992461115283,0.00032741878746709116,-0.07973861066154025,-0.013149205685731035,-0.02031827362873658,0.0,0.0,0.0,-0.012844614840680436,-0.004157150776543146,0.06386669844809983,0.03406252785731687,-0.018613531161002936
0.901387,0.9098156,0.81150985,0.81150985,0.9375,0.94736844,0.9489912,0.811149,0.8155014,1.0,1.0,1.0,0.8155014,0.8155014,0.6357405,0.8069041,0.8382137,0.022132060152569393,-0.00949249405645331,0.0005692519689056645,-0.003921662796181116,-0.003484433119124477,0.0014252235807961505,0.007342731819520836,0.011541967224832592,0.0062336762717702466,0.0,0.0,0.0,0.025013405453534955,-0.017941892661768096,-0.09126872733470061,-0.08885527055227886,-0.10449514518436556
0.73312944,0.9002285,0.91715527,0.91715527,0.97322625,0.94736844,0.94736844,0.6749953,0.68486917,1.0,1.0,1.0,0.68486917,0.68486917,0.5882405,0.68134856,0.71321374,0.0026521516171520753,-0.008616278019898655,0.0007016148428783903,0.015544163724566922,-0.007135275587382683,-0.0010108379103967282,0.0103255767683455,0.01728797673277966,0.013479102014887516,0.0,0.0,0.0,0.01984263996087634,-0.0018597780811213601,-0.0675677539920043,-0.04308654972755048,-0.05376415702578665
0.6715763,0.78751653,0.8539617,0.8539617,0.9375,0.94736844,0.9210105,0.46076453,0.47441146,1.0,1.0,1.0,0.47441146,0.47441146,0.5519905,0.3691262,0.45121366,-0.004410387866458035,0.0017834717910232647,-0.008870073990652422,0.004357100875845777,-0.0024718213662508703,-0.0014825449708769822,0.002885581224915866,0.001666933617948847,0.0034783150450511534,0.0,0.0,0.0,-0.0023924783049080445,0.005556509367027546,-0.029207722077724152,0.023432740133290254,0.022915242061249314
0.8158188,0.43617374,0.99197626,0.9375,0.9375,0.75053066,0.53247994,0.47191826,0.4853546,1.0,1.0,1.0,0.4853546,0.4853546,0.6719905,0.34690413,0.33921367,0.016518442484824966,0.003449511669644514,-0.0326333955000782,0.021055630703095653,-0.00011199411477366736,0.002693163709777406,-0.07111928073671722,0.001272935586547278,0.0034293632778188473,0.0,0.0,0.0,0.0015274677480837883,0.0033355101195723337,-0.11721448424646455,0.013584273141130403,0.03204613910175389
0.80062944,0.7947065,0.7058273,0.97322625,0.93773437,0.94736844,0.94736844,0.43153352,0.44309938,1.0,1.0,1.0,0.44309938,0.44309938,0.40574056,0.5502374,0.2942136,0.01623426504851649,0.0004244134553025522,0.002158674711723871,0.009509173434703233,-5.8431739529863254e-05,-0.0012951104988454703,0.011459082897158055,0.0024317855469095638,0.0003547079399401305,0.0,0.0,0.0,-0.0035630344385070563,0.0021017754511738172,0.0378144939635069,-0.004222643126237036,0.047622546526211965
0.6329401,0.5730281,0.8170844,0.97322625,0.97322625,0.94736844,0.94736844,0.39384124,0.40621343,1.0,1.0,1.0,0.40621343,0.40621343,0.5319905,0.16801517,0.39421368,-0.007611827303561447,-0.001757967391630537,-0.006658974088650028,0.024532089595019575,-0.003935814583218737,-0.001715053533128852,0.011193290988672557,-0.017448204893570317,-0.014256113506428832,0.0,0.0,0.0,-0.01079065773857164,-0.0026259375957218656,-0.009105255958362469,0.029094792944178147,0.02972019316726576
0.913887,0.8609924,0.69721,0.9375,0.9375,0.8609924,0.9210105,0.6015335,0.61508167,1.0,1.0,1.0,0.61508167,0.61508167,0.5082405,0.6846819,0.56721365,0.025382600481457827,-0.004080788030794248,0.0019452032702043992,0.007236809763818427,-0.0024432694417569996,-0.0021391397156858057,0.0025243339445233525,0.0135479145799145,0.01830028869719936,0.0,0.0,0.0,0.014279892127964846,0.005724376774473702,-0.005250418644366142,-0.03961084299032383,-0.008807445273532298
0.5183189,0.63456243,0.49916497,0.49916497,0.9375,0.94736844,0.63456243,0.43961054,0.44955486,1.0,1.0,1.0,0.44955486,0.44955486,0.32074046,0.32134852,0.6742137,-0.04084655652091906,0.01119724413234519,0.004046060874437038,-0.012590486014304743,0.0008324116960004827,-0.0015895533171042767,-0.0921021174816432,0.0005464275563903995,-0.0047309691448144805,0.0,0.0,0.0,-0.0005190668233806213,0.0034695698727539607,0.05815377182608438,0.030380012270728708,-0.04124309690078199
0.2902508,0.7264289,0.8620851,0.8620851,0.9396432,0.94736844,0.94736844,0.4465338,0.45744726,1.0,1.0,1.0,0.45744726,0.45744726,0.19699049,0.5335707,0.6752137,-0.07154594703471928,0.002647048345525543,0.0040787935561392005,0.005815704827214679,-0.002736330482917611,-0.0028039381003870214,0.01756314569158235,0.0007025741400230692,0.0005286678792769657,0.0,0.0,0.0,-0.0018114051532454206,0.005654158729910645,0.10716689625785318,0.0033172390104787147,-0.03429924871863939
0.90445507,0.8473484,0.7445528,0.99197626,0.9375,0.94736844,0.9327985,0.6476875,0.65024805,1.0,1.0,1.0,0.65024805,0.65024805,0.5944905,0.62245965,0.6622137,0.02345425999525752,-0.0032817969826440486,0.0006332044087497059,0.01834156199532669,-0.0021956166200937065,0.0009341868864083328,0.006418281435218688,0.015878538193701837,0.015125839242163583,0.0,0.0,0.0,0.01824333752374073,0.0017005623359283575,-0.05590949228867246,-0.02437687160768606,-0.03281262872921322
0.6152507,0.72259116,0.6200648,0.97322625,0.9375,0.94736844,0.8718397,0.5926875,0.60141826,1.0,1.0,1.0,0.60141826,0.60141826,0.6019905,0.7135708,0.37921363,-0.011653716382774093,0.008563547043017723,-0.0008034277992185281,0.012655235686114536,-0.0027354992809139906,-0.00018987397410491768,-0.0034186923681791903,0.014193674784076776,0.014883567164980465,0.0,0.0,0.0,0.01120937796654185,0.004377712094844957,-0.06070295351913619,-0.04037722631899502,0.04218190629022544
0.76812947,0.7986598,0.69819623,0.8709672,0.69624597,0.94736844,0.94736844,0.42384148,0.43707073,1.0,1.0,1.0,0.43707073,0.43707073,0.3069905,0.45579296,0.42121363,0.0088520450854484,0.00011324867193335617,0.0016807988184886847,0.006449984176736657,0.0042414948252080574,-0.0015284934803854139,0.014398796885299173,0.0019927553972067945,-0.0006386791159029864,0.0,0.0,0.0,-0.005397183050896943,0.0022005573704034494,0.06261049130601763,0.013080089807011757,0.026046722956291412
0.20256141,0.581871,0.8062838,0.99197626,0.9375,0.94736844,0.41344488,0.3619184,0.37492678,1.0,1.0,1.0,0.37492678,0.37492678,0.25199044,0.19912624,0.62321365,-0.10804435789983138,0.00708528927426999,0.003239499060482054,0.010324273572503574,-0.003437730652525801,-0.006882385338926194,-0.21761051826361347,-0.02515935384289868,-0.02668288783583813,0.0,0.0,0.0,-0.011316938840036784,-0.006993779955789235,0.08025971659303742,0.04176965898635011,-0.01863851083977479
0.7831295,0.8507194,0.8170844,0.85603344,0.88148516,0.94736844,0.94736844,0.42268753,0.4345125,1.0,1.0,1.0,0.4345125,0.4345125,0.48074055,0.59357077,0.27621356,0.01267408289272447,-0.0014445161914739507,-0.0010129047630369145,0.0018249602725975938,0.0010212620118406897,0.0002579156278670958,0.013718429388724602,0.0018534195814959337,-0.0008596063309544902,0.0,0.0,0.0,-0.008597418886665579,0.00047112277172555296,0.02646381523772893,-0.005010843766115075,0.05678569442940411
0.7333188,0.7892696,0.8498538,0.99197626,0.9375,0.94736844,0.90702903,0.50345653,0.51592344,1.0,1.0,1.0,0.51592344,0.51592344,0.5432405,0.40801513,0.51121366,0.007265743735916767,0.0018394820953303236,-0.004937613282920876,0.0233458365650966,-0.0018981048078756638,-0.0013726974835428678,0.0006846918391316864,0.009388746172364617,0.012702704462666671,0.0,0.0,0.0,0.0035634607464841367,0.006734115834628763,-0.016035107263196156,0.02041004490178783,0.006219543846594646
0.6275614,0.89307725,0.8871432,0.97322625,0.9045032,0.94736844,0.94736844,0.50499505,0.51565176,1.0,1.0,1.0,0.51565176,0.51565176,0.4132405,0.46801513,0.5382136,-0.006584780921490039,-0.0024151460154371745,-0.000666825251501548,0.02053554788966924,0.0007190868315677942,-0.002189279159997376,0.016802433337262213,0.007265168371184135,0.009768138004067157,0.0,0.0,0.0,0.0031734694829462155,0.005834217743298647,0.032275749840032696,0.011315014344160488,0.0021548296908996028
0.66256124,0.65037185,0.72070384,0.72070384,0.9657926,0.94736844,0.94736844,0.48653367,0.4966946,1.0,1.0,1.0,0.4966946,0.4966946,0.6357405,0.59912634,0.29421368,-0.0033880297502777595,0.0060044445229829576,0.00020401077473391073,-0.011807606643938255,-0.002177785346428208,-0.0004602474598068867,0.0058369613730180426,0.007442571336265355,0.009367454327164954,0.0,0.0,0.0,0.000695638950971944,0.006848968990814763,-0.10371361234868598,-0.006058887190803708,0.052447216116236275
0.7871445,0.81568396,0.5358205,0.5358205,0.939427,0.94736844,0.94736844,0.5657645,0.5729161,1.0,1.0,1.0,0.5729161,0.5729161,0.43949056,0.48357064,0.69621366,0.009264341798467201,0.0008600360395650624,0.0037628438797739387,-0.020015291527488557,-0.0009392869085737271,0.0009595949883737958,0.01029307224821745,0.00842537508993457,0.015031030888588814,0.0,0.0,0.0,0.00717755149363566,0.006076607431259298,0.04005179156735881,0.0103772393519382,-0.042319480893718835
0.3973719,0.8070862,0.755983,0.9375,0.9375,0.83513457,0.99324316,0.34653372,0.35680556,1.0,1.0,1.0,0.35680556,0.35680556,0.49074054,0.22245958,0.41121358,-0.05881766349446818,-0.00048819913796148266,0.0017759804145403917,0.013039410339869599,-0.0028133648935443067,0.0012414787911325153,0.02522273297842023,-0.029327934972339865,-0.022267977027433893,0.0,0.0,0.0,-0.021076599574035754,-0.005585080368707752,0.01246214288331524,0.03185479686605829,0.026262431898127808
0.35756153,0.46767563,0.9062,0.97322625,0.9062,0.94736844,0.94736844,0.45345673,0.46706793,1.0,1.0,1.0,0.46706793,0.46706793,0.49199057,0.38357067,0.50121367,-0.053683951149378115,-0.0024706133843948896,-0.008024322922731517,0.025077170786203452,0.0011480245027014455,-0.0028618091401382433,0.010956318317019063,-0.00015461461802586285,0.002499689144795845,0.0,0.0,0.0,-0.0016199221796361384,0.004064015810223333,0.007814257569202142,0.018020075098235052,0.007750532176078764
0.7561976,0.87464094,0.6876111,0.6876111,0.9375,0.94736844,0.90670466,0.69345665,0.7019221,1.0,1.0,1.0,0.7019221,0.7019221,0.53074056,0.7735708,0.64621365,0.004222282103269429,-0.004398731521348039,8.458576531020244e-05,-0.01613127186189993,-0.0017969495928244824,0.002034553344297121,0.003255176209414232,0.012142907046598164,0.0175765094999292,0.0,0.0,0.0,0.015971326544124264,-0.002354953990223259,-0.01127257949516057,-0.06193602616390567,-0.032192097568432367
0.5631294,0.75087833,0.8036355,0.8036355,0.88596326,0.94736844,0.94736844,0.48961052,0.49747247,1.0,1.0,1.0,0.49747247,0.49747247,0.6769905,0.25245965,0.5652137,-0.018593494387830284,0.004613167788583005,-0.002551480722980882,-0.002481649492487475,0.004214415704425607,-0.0027332602763622186,0.012498215125513277,0.003230786514268189,0.006503854197437432,0.0,0.0,0.0,-0.001394327951187654,0.005558072796274013,-0.12830169063192678,0.04294734887033247,-0.0009326732964755569
0.47138694,0.5926183,0.7331813,0.7331813,0.9375,0.94736844,0.5926183,0.59614915,0.5970909,1.0,1.0,1.0,0.5970909,0.5970909,0.48324054,0.4946819,0.7212137,-0.046474897434346435,0.01017147001304553,4.4246255938828504e-05,-0.008358616638126242,-0.001254472698091037,-0.0026104093078404807,-0.0997602168420387,0.015800994921997345,0.02330272809733993,0.0,0.0,0.0,0.008144115404438084,0.006058186032544499,0.006092799305358021,0.005533595284864364,-0.06370054050573193
0.87081885,0.8069667,0.5811853,0.9375,0.56339103,0.8069667,0.94736844,0.5080723,0.51925737,1.0,1.0,1.0,0.51925737,0.51925737,0.5119905,0.5113485,0.46121368,0.015442705425191952,0.0009360213288727343,0.0002916988436472565,0.016307502922618934,0.005943635117736421,-0.004002269152905246,0.010049683109525073,0.008722806216874171,0.012685680936086503,0.0,0.0,0.0,0.0035082854945988028,0.009664632457606664,0.0032309527418168216,0.008253102142138292,0.022595719913921074
0.46756136,0.82931,0.8205808,0.8205808,0.9375,0.94736844,0.8278509,0.53653365,0.5446812,1.0,1.0,1.0,0.5446812,0.5446812,0.60824054,0.38468182,0.5912137,-0.04399275101492907,0.0003217653095224568,3.43616585640584e-05,0.00394001989776943,-0.004750029356090877,-0.0005723416385556133,-0.018813044573098524,0.012866674355462997,0.0140702740676392,0.0,0.0,0.0,0.004535054647041916,0.006816788676408593,-0.07283404796413546,0.02547590417321992,-0.00874864775145677
0.82812953,0.859315,0.8898619,0.8898619,0.90427727,0.94736844,0.94736844,0.45768753,0.46513134,1.0,1.0,1.0,0.46513134,0.46513134,0.2294904,0.5113485,0.6402136,0.010265059851857092,-0.0020679593228175325,-0.000631565647245779,0.005927952475538158,-0.0003334788979726153,-0.0005666947603910211,0.006749024932320289,0.006332173615062692,0.006257439258143847,0.0,0.0,0.0,0.0004566981109679996,0.004672001324630382,0.07790872330032544,0.005730860910469526,-0.027156955132086904
0.8440764,0.90496266,0.6706239,0.6706239,0.9375,0.94736844,0.90702903,0.569226,0.58081937,1.0,1.0,1.0,0.58081937,0.58081937,0.48449045,0.57245964,0.5912136,0.01771988573099061,-0.0060670268658454575,0.0021434885107225734,-0.012960611648246325,-0.0011394879282648047,-0.0013466271390634393,0.0044427908840864675,0.008942142800859601,0.015040743193577297,0.0,0.0,0.0,0.007266352900226965,0.005658683638168945,0.015626477756159617,-0.0102260853186225,-0.010479619920990146
0.7835081,0.7460798,0.85064363,0.87302923,0.84777254,0.94736844,0.94736844,0.5907644,0.6033372,1.0,1.0,1.0,0.6033372,0.6033372,0.63699055,0.406904,0.7042137,0.0073014680546205765,0.004949717791366382,-0.00852960998345404,0.015386031964651572,0.005697786276441672,0.00013151677983930953,0.005799927638375519,0.014796713816574712,0.019185578385573446,0.0,0.0,0.0,0.013704136080132798,0.006317213797135735,-0.10837706842794376,0.022671384155460324,-0.04484621317567896
0.6056294,0.7099091,0.5351873,0.5351873,0.97322625,0.94736844,0.94736844,0.3026877,0.3156096,1.0,1.0,1.0,0.3156096,0.3156096,0.4832405,0.17801507,0.35121363,-0.020127679140333542,0.007503895701571417,0.009947405596431787,-0.012794657173844894,0.0009629129411993695,-0.0001660841863774512,0.00928834459558259,-0.030806242503553623,-0.0464583124851756,0.0,0.0,0.0,-0.025119914057809306,-0.011314681285285457,0.024676096067556063,0.025718866249266763,0.03274341747942536
0.5277508,0.7947065,0.8662008,0.93370897,0.90427727,0.94736844,0.94736844,0.41114897,0.42357314,1.0,1.0,1.0,0.42357314,0.42357314,0.35699046,0.43690407,0.43321362,-0.02197483941478786,0.0006483035371680987,0.00013256016696969213,0.012082823463983552,0.0011001084053222213,-0.0026510174247077745,0.015927166208178814,-0.0021085024544991236,-0.0022698617059435182,0.0,0.0,0.0,-0.005907553439682924,0.0032891288040000632,0.05757218464869909,0.015488483590770563,0.026704316674747926
0.87926567,0.8260413,0.73024917,0.73024917,0.9375,0.94736844,0.90371996,0.72884125,0.7375339,1.0,1.0,1.0,0.7375339,0.7375339,0.6069905,0.66357076,0.8892137,0.029732745696636344,-0.0008378634213303508,0.00048525595419219566,-0.011280934235734634,-0.0019897482973141784,-0.00013542817540484087,0.008649863904095102,0.01319777193527646,0.019718121914983136,0.0,0.0,0.0,0.016320804998586208,-0.0099807007672078,-0.070382204760785,-0.04001968862810142,-0.12719869885022678
0.87195504,0.9276742,0.48642677,0.48642677,0.9375,0.94736844,0.8913406,0.6334568,0.6435026,1.0,1.0,1.0,0.6435026,0.6435026,0.4807405,0.49134848,0.78421366,0.022401290919841114,-0.012017013975752918,0.0027643093585982275,-0.02149651407824041,-0.0005062877592509106,0.0015691422129413678,-0.0027804592770100402,0.014315323712598417,0.025884645059140992,0.0,0.0,0.0,0.014545642169218805,0.006433690557247366,0.026610545879755195,0.009493119740017873,-0.07491576873727591
0.6608189,0.7986598,0.84983134,0.97322625,0.9375,0.94736844,0.9774537,0.4211489,0.4325053,1.0,1.0,1.0,0.4325053,0.4325053,0.09199047,0.60912627,0.54421365,0.0023128179422626472,-0.0027245153113844185,0.002586371712030787,0.012479174509032728,-0.0006875373401445885,-0.0034566466443343787,0.03492765840483056,0.001281037975750038,-0.000816246731415114,0.0,0.0,0.0,-0.0018962299860049948,0.0008056612854207463,0.08156106764445703,-0.013439241568265434,-0.000525818360899809
0.77119756,0.7735127,0.39716095,0.39716095,0.9062,0.94736844,0.94736844,0.34499535,0.35904884,1.0,1.0,1.0,0.35904884,0.35904884,0.27949047,0.48023733,0.28321362,0.012346356826997171,0.001967448050864995,0.0010529854807237566,-0.017552393548992355,0.0006117721729570704,0.000390336092007036,0.010812612241518227,-0.0068521592677850095,-0.01875678097439371,0.0,0.0,0.0,-0.014479868380045153,-0.0039620762175322415,0.08220466859951708,0.010124747171321766,0.05490553570030297
0.893887,0.81938297,0.50735,0.50735,0.84446114,0.94736844,0.94736844,0.4726875,0.48506343,1.0,1.0,1.0,0.48506343,0.48506343,0.41949058,0.5102374,0.37921363,0.025431665274128084,-0.0006526121524556015,0.006107558420013651,-0.02085889531050651,0.0002270992595681029,0.00021048080550816714,0.008914160954026484,0.007830894848357415,0.0071639889958369654,0.0,0.0,0.0,-0.0007855939504898225,0.005445098407174129,0.04565294115773405,0.006369830355774133,0.03696425465168532
0.39294016,0.6205577,0.79136,0.9062,0.9375,0.94736844,0.57680464,0.2611492,0.2756644,1.0,1.0,1.0,0.2756644,0.2756644,0.32074046,0.1791262,0.32421368,-0.0654909252346159,0.017409042674939066,0.004830242723299356,-0.004389805586299223,-0.001041069064158836,-0.0011051218844587783,-0.11593742468550712,-0.05127082753230738,-0.05869849639167496,0.0,0.0,0.0,-0.026964803225545366,-0.01980267803943049,0.056658184409352684,0.02041400172633055,0.049373142502875306
0.8210082,0.8076136,0.7449942,0.939427,0.9375,0.94736844,0.8856222,0.716149,0.7232419,1.0,1.0,1.0,0.7232419,0.7232419,0.6307405,0.7835708,0.6162137,0.010976983163390887,0.0014615737677814266,0.0017104975785061194,0.014004344146016052,-0.0014438394123082027,0.0004975611471857519,-0.0026021195741188934,0.011966566626221918,0.0070918481467604055,0.0,0.0,0.0,0.021172613836880613,-0.009572538814793039,-0.08699115624973582,-0.08174372289002683,-0.01634780710416043
0.5825613,0.7470993,0.85757273,0.9375,0.93370897,0.7470993,0.94736844,0.49922577,0.50854987,1.0,1.0,1.0,0.50854987,0.50854987,0.53074056,0.57579297,0.41821367,-0.01221944448919812,0.0038788455805087076,-0.0037646733518321078,0.02035062420207482,-0.0014541115283188402,-0.003727462400098949,0.005359306860358623,0.004532088560183219,0.008687389380835311,0.0,0.0,0.0,-0.0005786351540097277,0.005936858512158971,-0.00581313544877988,-0.0023174377376685438,0.030492471641876073
0.81850827,0.86317396,0.7246553,0.7246553,0.9005603,0.94736844,0.94736844,0.4634568,0.47367534,1.0,1.0,1.0,0.47367534,0.47367534,0.4257406,0.30801508,0.66421366,0.0192700996661963,-0.004913091873541034,0.0015709711033585205,-0.010103968876672398,8.612218495193731e-05,-0.0029507426860289256,0.017341290224654915,0.006666213130391086,0.007263879589349529,0.0,0.0,0.0,0.0002029308530698093,0.006251602398483586,0.03698652733504408,0.034914116076537105,-0.03096811005065102
0.42275068,0.5801893,0.70401704,0.70401704,0.8729616,0.94736844,0.94736844,0.2188414,0.23331846,1.0,1.0,1.0,0.23331846,0.23331846,0.37074053,0.11023744,0.28421372,-0.060276065300580904,0.01427011638120069,0.0008226817948062082,-0.00954792337175716,0.002397975977913294,-0.0024212095643403155,0.013969790543047674,-0.05697292787711954,-0.06714115216605382,0.0,0.0,0.0,-0.036200471820179485,-0.02738214021926174,0.06852581171720508,0.020462319277114047,0.037743189805743343
0.40775073,0.64211553,0.67461044,0.67461044,0.9375,0.94736844,0.9774537,0.47461054,0.48512676,1.0,1.0,1.0,0.48512676,0.48512676,0.5082405,0.39134842,0.5712136,-0.05718213939482228,0.008485873723335384,0.0015643276740540469,-0.017468188955716814,-0.0016355052420682376,-0.0031517077361995936,0.021167484901364372,0.0032707858790650256,0.006483921973527701,0.0,0.0,0.0,3.3576724336748796e-05,0.007423570788214604,-0.003206228581810171,0.018648856373759844,-0.005883621791617821
0.47081894,0.6381118,0.97322625,0.9375,0.9375,0.84890395,0.68779665,0.37961066,0.3901357,1.0,1.0,1.0,0.3901357,0.3901357,0.52449054,0.40134844,0.31821364,-0.041773046105461675,0.0018444743095918947,-0.013662490038978287,0.01320389642992418,-0.0013026067802321,0.0008101999470924686,-0.05570262684667707,-0.017473545687381374,-0.015679684169374264,0.0,0.0,0.0,-0.00699395108082101,-0.0038461853789921387,-0.018585198411694266,0.01175549323877344,0.041861028525974966
0.74581885,0.8079648,0.8871432,0.8871432,0.9375,0.94736844,0.9774537,0.6880721,0.6962011,1.0,1.0,1.0,0.6962011,0.6962011,0.7032405,0.65357083,0.61521375,0.0021748385778393377,0.0019144765348189765,-0.001484325522032853,0.014062187734947837,-0.006631485736701942,0.00045324574467669565,0.006514664890944275,0.016711196084719666,0.011944892922449015,0.0,0.0,0.0,0.022344623600642013,-0.0016174165045786937,-0.17403671507850088,-0.02819261691750794,-0.021235083406714622
0.77619755,0.73138237,0.8671419,0.9375,0.9375,0.86317396,0.79976654,0.54691845,0.55873317,1.0,1.0,1.0,0.55873317,0.55873317,0.50449055,0.6435707,0.42621365,0.011235078766584838,0.002771902787266818,-0.004566235101233469,0.012534043102653632,-0.0006917278147779218,-0.0029441212616789438,-0.011711152045160626,0.012397978831412457,0.01830014740473807,0.0,0.0,0.0,0.0071513374118919275,0.00739797745615304,-0.0036158243133127786,-0.01883998746545428,0.026739192412689752
0.8940763,0.7911047,0.60156465,0.9375,0.9375,0.7911047,0.9774537,0.5480721,0.560736,1.0,1.0,1.0,0.560736,0.560736,0.6357405,0.48023733,0.49621373,0.02720273783596915,0.0016131748525410538,0.0011132160269050522,0.015192819004608947,-0.0027535265584609603,-0.00581860202691841,0.015195501589546825,0.01288520449937608,0.015805943056945004,0.0,0.0,0.0,0.009557644244579378,0.007473994010909053,-0.11061062138512573,0.005361535865803786,0.010579968260256234
0.6231295,0.80859274,0.5890426,0.9375,0.61626565,0.9774537,0.94736844,0.21653381,0.23110802,1.0,1.0,1.0,0.23110802,0.23110802,0.30949044,0.15468174,0.27221364,-0.008760790747804559,-0.0009290411590487463,-0.007026520580835401,0.0032636842843565095,0.016332199430342694,-0.0013089425373337155,0.007522979887698574,-0.06977117705471697,-0.06726911271729924,0.0,0.0,0.0,-0.05210204370600345,-0.034015261647149256,0.06296601167714194,0.018048155586414913,0.04033313574444369
0.80850816,0.8742325,0.6143633,0.6143633,0.93773437,0.94736844,0.94736844,0.5069184,0.518788,1.0,1.0,1.0,0.518788,0.518788,0.33699048,0.65468186,0.4112137,0.011825866915480418,-0.004110304183423419,0.002251094477034634,-0.013954954158635376,-5.3977083681159314e-05,-0.0003064293092385463,0.01035952781022766,0.008281100059833764,0.0107073472251279,0.0,0.0,0.0,0.0017013361996202083,0.006409620226416168,0.08172113733825509,-0.018910743329018497,0.03756711933575194
0.5927508,0.8351259,0.83386314,0.83386314,0.97322625,0.94736844,0.94736844,0.3323027,0.34445277,1.0,1.0,1.0,0.34445277,0.34445277,0.18324053,0.37245962,0.44321364,-0.010257927531851441,-0.0035664153757532634,0.002701571750104578,-0.0017283013871447694,-0.0024575863897716016,-7.503807826320489e-05,0.009865460749581492,-0.017448931646576186,-0.022996712151227762,0.0,0.0,0.0,-0.018959290804858354,-0.008898291665212868,0.07391856541804334,0.01864055167400952,0.019048002375156844
0.3656294,0.80094016,0.5480402,0.5480402,0.9375,0.94736844,0.8326188,0.49037963,0.4970255,1.0,1.0,1.0,0.4970255,0.4970255,0.5457405,0.50023746,0.42621365,-0.09380072254073336,0.0018108023179435728,-0.0013875327724109277,-0.021354235801934508,-0.000986345850754518,-0.0009353596855548581,-0.017135957866567967,0.004798506654253496,0.005728869702331603,0.0,0.0,0.0,0.00042152619885556215,0.006599933193270641,-0.03165922496327058,0.005679427621480861,0.03563516969628721
0.5533188,0.7715527,0.7623617,0.7623617,0.9375,0.94736844,0.9711938,0.5796105,0.5863589,1.0,1.0,1.0,0.5863589,0.5863589,0.6044905,0.54134846,0.5462136,-0.01548160753992321,0.004013995035483514,0.0004322533392639539,-0.005684192518173386,-0.003274313524365296,-0.0009641761201921278,0.014229220234282464,0.01631792380857649,0.01640377626471685,0.0,0.0,0.0,0.01074289646617231,0.003965140821614317,-0.08096252358958583,-0.0035851485448731885,0.002180390506354506
0.7708188,0.6644762,0.40752566,0.9375,0.40752566,0.6644762,0.94736844,0.32961053,0.34209144,1.0,1.0,1.0,0.34209144,0.34209144,0.4269905,0.3624596,0.26021367,0.00695947044279857,0.012019876443766474,-0.006750467503539227,0.009598158281326314,0.0002118630876376497,-0.003093239306274926,0.0071954420068751366,-0.017799590912542004,-0.015965738293013395,0.0,0.0,0.0,-0.023587266230046394,-0.00942562517320257,0.04084046081736452,0.02249049716252969,0.044442457616686026
0.6433189,0.64873195,0.7619966,0.81436783,0.7441156,0.94736844,0.94736844,0.5392258,0.5492758,1.0,1.0,1.0,0.5492758,0.5492758,0.52074057,0.44023737,0.58521366,-0.004457271678741289,0.0037426347528686874,-0.0004993199682353267,0.0011397995161968111,0.00854763897174085,-0.0019101865876761125,0.014710037878704518,0.013094462911759815,0.016580517418830577,0.0,0.0,0.0,0.007089314506357652,0.007939463060366725,-0.003741959969827987,0.014190630933493353,-0.007198173678560102
0.8229401,0.77358353,0.7756861,0.9375,0.93773437,0.77358353,0.94736844,0.6534567,0.6642348,1.0,1.0,1.0,0.6642348,0.6642348,0.6719906,0.70023745,0.5202136,0.0112443547243193,0.004323304845784426,7.574816534785464e-06,0.016983636456662645,-0.0038999316929657934,-0.005826645446988352,0.004012771334586841,0.017328706697042066,0.016129323893855362,0.0,0.0,0.0,0.01955290388317017,0.0019345755036682872,-0.13605378648598992,-0.04354699274402866,0.010955979567000763
0.7283188,0.8771792,0.7498443,0.7498443,0.9396432,0.94736844,0.94736844,0.5076876,0.5198941,1.0,1.0,1.0,0.5198941,0.5198941,0.36199057,0.57912636,0.50121367,0.006155138491731629,-0.003508383057016683,0.001333800689565359,-0.009352435283370283,-2.0913758460924387e-05,-0.0010196044359442981,0.01979274115002967,0.009310396018063528,0.013599971028747384,0.0,0.0,0.0,0.0038895858182383496,0.007460367665686431,0.06952559139098029,-0.008416027651103448,0.0090429827052921
0.65600824,0.4167528,0.9062,0.9375,0.9375,0.7259256,0.38538057,0.08999531,0.10480061,1.0,1.0,1.0,0.10480061,0.10480061,0.18324053,0.073570676,0.1662136,-0.01158097773065126,0.04521275030146299,0.006457205932927006,-0.00348432645431885,0.0002771000125469571,-0.0015388941533534977,-0.14981662327396086,-0.09966300672257278,-0.11090051602611975,0.0,0.0,0.0,-0.051634513316261614,-0.039324218975685846,0.09898228478981246,0.01226323451459173,0.06434018767498374
0.7363869,0.8544867,0.6483263,0.9375,0.97322625,0.88811946,0.94736844,0.45807222,0.4716243,1.0,1.0,1.0,0.4716243,0.4716243,0.37574053,0.4257929,0.58521366,0.005761511623154023,-0.0029002412882977767,-0.0005211104119961016,0.008711778168654663,-0.002712110705314647,-0.0014420234128774071,0.010338871501263773,0.003838546546129419,0.0049497159331414655,0.0,0.0,0.0,-0.0023411202475615294,0.006523656680020909,0.054198967529608,0.02278281786989739,-0.007372274447649366
0.75025076,0.7756545,0.7046373,0.7046373,0.9375,0.94736844,0.759558,0.43307203,0.43968105,1.0,1.0,1.0,0.43968105,0.43968105,0.3969906,0.36023745,0.5282137,0.010209262423744443,0.0005327190908474083,0.0027188658375783942,-0.010141018834509387,0.00019596265893442316,-0.001944687313910598,-0.03177449698342973,0.0006234626563518676,-0.0060433894086363415,0.0,0.0,0.0,-0.004029861534697173,0.0017449251088865357,0.05076773120121994,0.024937533374382436,0.005446873372825048
0.45794013,0.73675555,0.6473994,0.6473994,0.9375,0.94736844,0.99324316,0.36576447,0.37368262,1.0,1.0,1.0,0.37368262,0.37368262,0.47699058,0.23245949,0.50521356,-0.0462679201570842,0.0014454896289918023,0.002085439750338766,-0.015105224335688379,-0.0012796123679121973,-0.0029055844059452784,0.03135135457697366,-0.014572216132450069,-0.018104727727335228,0.0,0.0,0.0,-0.013746676147126859,-0.0013184760785897266,0.011581694786480691,0.0275771265430048,0.0049084891020456205
0.45525068,0.6451188,0.939427,0.9375,0.9375,0.9210105,0.7630649,0.439226,0.45108187,1.0,1.0,1.0,0.45108187,0.45108187,0.3282405,0.5235707,0.45121366,-0.03841341788763224,0.0005622375644014651,-0.0022067355137705236,0.010529270253549529,-0.0021093641043885576,-0.000497260708105869,-0.04837526231222919,-0.0038505993790666254,-0.004869601863996297,0.0,0.0,0.0,-0.004504034314384855,0.0016271217510326562,0.07052826096714632,0.002908140571224066,0.028604293750426883
0.7479402,0.3128432,0.8871432,0.8871432,0.9375,0.94736844,0.3128432,0.43153366,0.44328758,1.0,1.0,1.0,0.44328758,0.44328758,0.38074058,0.4191263,0.55221355,0.012454845776940003,0.005085581752727382,-0.009842591373353537,0.0036911011994703014,-0.00026246924860236123,-0.0035469110320060344,-0.20714614093115005,0.00039621154213442285,-0.006011449700687903,0.0,0.0,0.0,-8.029300393543811e-05,0.0014439347319687213,0.033615136031473744,0.013020049885773457,-0.002379394035493877
0.7827507,0.851229,0.7077908,0.7077908,0.9375,0.94736844,0.9491732,0.53807217,0.54785776,1.0,1.0,1.0,0.54785776,0.54785776,0.50699055,0.46912628,0.60021365,0.015165306968360982,-0.003452930870608625,0.002198389005559925,-0.012959471170501953,-0.0019593591374408854,-0.0008905758811719075,0.017359651917772896,0.009700312760194901,0.0155606247309339,0.0,0.0,0.0,0.004553048103196137,0.006943605375261115,0.005462075788370995,0.011932482737141235,-0.016731429111265815
0.83350825,0.878765,0.6682469,0.6682469,0.91411304,0.94736844,0.94736844,0.40153372,0.41037807,1.0,1.0,1.0,0.41037807,0.41037807,0.46949053,0.32690397,0.4702136,0.01730465689283496,-0.0049742230191032275,0.004365926254295394,-0.013495943102848566,0.0017647759164108174,-0.00015640578625338407,0.010448717234140639,-0.0014422022065171997,-0.007682525245697236,0.0,0.0,0.0,-0.009075826490585316,-7.929586681581043e-05,0.026779827693388873,0.02827724741704504,0.017634618224404437
0.83907634,0.8437318,0.6620937,0.9657926,0.7848083,0.94736844,0.94736844,0.63768744,0.63839793,1.0,1.0,1.0,0.63839793,0.63839793,0.8644905,0.5546819,0.5102137,0.017122533612179035,-0.0037445390623826852,0.0008782811142208874,0.02201211043962215,0.011902265383953583,-0.0005114552591798054,0.008406045005973972,0.021176258446363807,0.015710742373739886,0.0,0.0,0.0,0.017750223727023937,0.006137429494789093,-0.32514494135253263,-0.009275509911878019,0.010039149350306727
0.67581886,0.83601564,0.79343295,0.9375,0.9375,0.9276742,0.9774537,0.5565335,0.5634494,1.0,1.0,1.0,0.5634494,0.5634494,0.6894905,0.40912616,0.64421374,-0.001120294165168164,-0.001640672861900377,0.00015547239702603854,0.019612123450962856,-0.004809394630856607,-0.001888836399142676,0.013531807340797744,0.013528284026646178,0.014259107412397798,0.0,0.0,0.0,0.00620619609358076,0.00700990647486205,-0.1497559030063972,0.029571225570451692,-0.023664781660525193
0.5800614,0.83313066,0.913646,0.9375,0.9045032,0.8908824,0.94736844,0.42691833,0.43508834,1.0,1.0,1.0,0.43508834,0.43508834,0.33699048,0.38468182,0.55521363,-0.013852565841074223,0.00032546317885363287,-0.0032062943017730056,0.01808265842694031,0.0008458011502091581,0.0008494053889703296,0.007994075820722053,-0.0009302569420259607,-0.002132143087713495,0.0,0.0,0.0,-0.00470990925763978,0.002890899711813771,0.058782270272815865,0.022663341466811714,-0.00015247761741873255
0.7638869,0.68363684,0.64620376,0.9375,0.64620376,0.68363684,0.94736844,0.6342259,0.6423359,1.0,1.0,1.0,0.6423359,0.6423359,0.5032405,0.70912635,0.58521366,0.005982432907045826,0.009449932104400968,9.033221030268331e-05,0.011789324932345333,0.011962950277554727,-0.010785785973227147,0.009864972780015562,0.016599220628563716,0.0198942485790339,0.0,0.0,0.0,0.016943478130244778,0.006263800443636182,0.008749151723992401,-0.04847353681680776,-0.01122775219347351
0.811387,0.79269487,0.5220085,0.5220085,0.870967,0.94736844,0.94736844,0.48845658,0.50294054,1.0,1.0,1.0,0.50294054,0.50294054,0.25199044,0.56912637,0.5602137,0.013099185237559404,0.0006058153167725063,0.003577478047234414,-0.02074285421280732,0.0011110829928363166,-0.0009064318659094623,0.012538096847215088,0.007228094143206789,0.00987653647054002,0.0,0.0,0.0,0.00104533892203726,0.006767812655117311,0.09740861924743761,-0.004616625547230231,-0.004329964700287784
0.63812953,0.8475258,0.6663165,0.9062,0.99197626,0.94736844,0.94736844,0.47153383,0.4836949,1.0,1.0,1.0,0.4836949,0.4836949,0.39824057,0.5113485,0.42221364,-0.009668908704591224,-0.00045486981078232284,0.001014654624276746,0.006773127178337342,-0.004661428436510014,-0.0007150517974587281,0.010166001298795857,0.0032052100217264167,0.005382757857197615,0.0,0.0,0.0,-0.0032542966176912127,0.0064968415148054645,0.06356566257670745,0.007734834863575119,0.036579567342332815
0.68006134,0.8437318,0.8671419,0.8671419,0.97322625,0.94736844,0.94736844,0.50653356,0.51617086,1.0,1.0,1.0,0.51617086,0.51617086,0.6257405,0.50245965,0.4082137,-0.0002326056668057766,0.00016874401327360205,-0.007843362615551311,0.008640257658202543,-0.008577962536562282,-0.0006669252118462257,0.007146150347653708,0.012016234585669174,0.015063848711855312,0.0,0.0,0.0,0.0038260922874258207,0.008483781688363843,-0.09452345556323533,0.00971497410827349,0.030483748067489647
0.7858189,0.82946134,0.75137764,0.8924765,0.71401167,0.94736844,0.94736844,0.5984566,0.6081236,1.0,1.0,1.0,0.6081236,0.6081236,0.56074053,0.49468178,0.72321373,0.0070414045192863295,-0.0008193318401746571,0.0013694955736720297,0.013837903639505182,0.011376149092540606,0.00010396137681712159,0.008336631728947982,0.010865784847016884,0.014869156297752118,0.0,0.0,0.0,0.009355116633456659,0.0051617292694260165,-0.01557547373572735,0.012693280187816037,-0.04791636440275768
0.644872,0.77160966,0.88566744,0.93370897,0.9375,0.94736844,0.9210105,0.6142258,0.62467724,1.0,1.0,1.0,0.62467724,0.62467724,0.6482405,0.70023745,0.47621363,-0.002911307409794278,0.004297573400691454,-0.0010967680063037,0.018983014159612538,-0.0027363685009993434,-0.0007807441511249821,0.005599846397881936,0.015832283110571874,0.013838516680928592,0.0,0.0,0.0,0.013234840257766065,0.004479821004351057,-0.11700972081961933,-0.03904928900885695,0.02399671717706518
0.67350817,0.84891015,0.7661869,0.7661869,0.90427727,0.94736844,0.94736844,0.61499524,0.61892396,1.0,1.0,1.0,0.61892396,0.61892396,0.3582405,0.53245956,0.84521365,-0.003935560554285423,-0.0006766926559349754,0.000593579865730331,-0.005784081665556036,0.0006270158966458255,-0.00022246355512388601,0.016169288748793628,0.01078432587875919,0.016845532512641044,0.0,0.0,0.0,0.008520059349848653,0.0032977365582089325,0.06973868789727787,0.0006568411475598858,-0.11073000995083518
0.7604401,0.6927084,0.8709672,0.97322625,0.97322625,0.94736844,0.94736844,0.45345673,0.46600905,1.0,1.0,1.0,0.46600905,0.46600905,0.5319905,0.42801517,0.44621363,0.009608745012056863,0.002221799431136324,-0.009871018706119224,0.017508824668647713,-0.0048183021196684175,-0.0022750395200295216,0.012623434134099706,0.005637705145242997,0.006492343188545673,0.0,0.0,0.0,-0.002028919682350632,0.00578088323682335,-0.015051975065544166,0.019387241838163694,0.019520760620018097
0.6450613,0.84957707,0.93370897,0.93370897,0.9375,0.94736844,0.77891886,0.63268757,0.6417361,1.0,1.0,1.0,0.6417361,0.6417361,0.31449056,0.74245965,0.6872137,-0.007216944706254328,-0.0010312718365975647,0.002601391147493516,0.012506423175885599,-0.0022246330563822697,-0.002688977458211761,-0.03483293940624312,0.015645593192171726,0.02205899532708956,0.0,0.0,0.0,0.009770975225774952,0.006912931961875585,0.07190220675598043,-0.04989542863830132,-0.04822349610379325
0.5763869,0.78751653,0.70369864,0.9375,0.9375,0.78751653,0.9365335,0.31268752,0.32766402,1.0,1.0,1.0,0.32766402,0.32766402,0.2657405,0.40912616,0.3492136,-0.016617822439750293,0.0005275618240974001,0.002812479108342138,0.0010101402672037852,-0.0020980707790577363,-5.966930060652548e-06,0.013679340168930266,-0.029984502827438447,-0.03399988140903832,0.0,0.0,0.0,-0.023447966445703735,-0.013248002562350435,0.06026566781783364,0.014406577270792925,0.03266400502659683
0.554872,0.65064144,0.85391116,0.85391116,0.9375,0.94736844,0.70296246,0.45576447,0.46815172,1.0,1.0,1.0,0.46815172,0.46815172,0.5307405,0.2791263,0.5702136,-0.028965062804293958,0.005923817942240021,-0.007587842666117357,0.0024436975824480064,-0.001003528964695493,-0.0028142936693806597,-0.05844054371052263,0.0014889278129910793,0.0030764786382055536,0.0,0.0,0.0,-0.00025204047766254486,0.005328071573205413,-0.01778296582880382,0.025278125453423943,-0.008137071179380671
0.6958189,0.8368149,0.8830454,0.8830454,0.9375,0.94736844,0.99324316,0.38230264,0.3931788,1.0,1.0,1.0,0.3931788,0.3931788,0.40574056,0.22245958,0.53221357,-0.0029176023071500784,-0.0008825119713488546,-0.006329296307117681,0.011490545032498065,-0.0018568144144140235,-0.0014234983778850904,0.019580473518072156,-0.011022218486688209,-0.012846863717660903,0.0,0.0,0.0,-0.014688302701779819,-0.0012607107670629697,0.058052984785016123,0.04316328508094948,0.009158428490800688
0.7631295,0.83912176,0.6283708,0.6283708,0.9375,0.94736844,0.86317396,0.45961043,0.4716601,1.0,1.0,1.0,0.4716601,0.4716601,0.14199042,0.7546819,0.4282136,0.007998938162301123,-0.0017408643736430832,-0.0001369699965315798,-0.005926650592102031,0.0007706327207884256,-0.0007869459159017729,-0.00725377188424478,0.007636043225163837,0.007039711676085692,0.0,0.0,0.0,0.002235943507328771,0.004466294464257175,0.08463647985492911,-0.03828476553820124,0.029838204881483876
0.5279402,0.8176692,0.90427727,0.97322625,0.93773437,0.94736844,0.94736844,0.5438413,0.5561194,1.0,1.0,1.0,0.5561194,0.5561194,0.6019905,0.57579297,0.47721368,-0.01893404962068474,0.0005746656047507015,-0.0008811538556864811,0.023776103698751522,-0.0047408733660483085,-0.001141499207665195,0.01349551273584665,0.015941512470559815,0.017756283251397796,0.0,0.0,0.0,0.00758488913407831,0.00647232429120376,-0.08158030800507991,-0.007423693545424906,0.018416422250025214
0.68331873,0.8227542,0.8210138,0.8210138,0.8729616,0.94736844,0.94736844,0.29614905,0.309042,1.0,1.0,1.0,0.309042,0.309042,0.37824053,0.39134842,0.1782136,0.0015872315245378133,-0.004065664259680237,0.0009707675960359655,-0.003312711744206486,0.0006726001285102668,0.0009567819565901542,0.011134869473813364,-0.02730853730014225,-0.033446383212435,0.0,0.0,0.0,-0.024568589963659695,-0.013960762664137706,0.055831767314710595,0.014192175287122119,0.05723886693056492
0.756387,0.37453312,0.90427727,0.90427727,0.93773437,0.94736844,0.94736844,0.38307205,0.39658856,1.0,1.0,1.0,0.39658856,0.39658856,0.40074056,0.4891262,0.2782136,0.012151707365697378,-0.010450298089484094,-0.014161292868746312,0.009616151863968605,-0.00010906097519384046,-0.0015557461981149387,0.01069464839151453,-0.006658511392565154,-0.010387978629336922,0.0,0.0,0.0,-0.007343146085877657,-0.0010800429870051035,0.04091462836661229,0.004697222155547401,0.05121075363822022
0.8658189,0.8261166,0.62833226,0.62833226,0.9375,0.94736844,0.99324316,0.6369182,0.64339286,1.0,1.0,1.0,0.64339286,0.64339286,0.6482405,0.70023745,0.5452137,0.022340639492866732,-0.0011475756874892067,0.003936620856921003,-0.016731874653916942,-0.0018008686516538031,0.0005068317825642584,0.014519739969118803,0.013850296401947411,0.020383725063998274,0.0,0.0,0.0,0.015848217333257576,0.0037500321911132315,-0.11053788493602575,-0.03945840647919046,-0.0021749376836063495
0.8977508,0.8838611,0.9045032,0.9045032,0.9375,0.94736844,0.9489912,0.4784568,0.48823878,1.0,1.0,1.0,0.48823878,0.48823878,0.6507405,0.20579284,0.6412137,0.023118427168642965,-0.0018711672526378375,-0.018279600694392446,0.01817063618684292,-0.00300036251254057,-0.00019400068811111784,0.010439624925312673,0.004911614200261687,0.007681452944585527,0.0,0.0,0.0,-0.0009927811761033648,0.005119409579630889,-0.10601528126713479,0.045341457726462184,-0.014907734076223695
0.7979401,0.8210069,0.8518919,0.9657926,0.8518919,0.94736844,0.94736844,0.41384155,0.4197657,1.0,1.0,1.0,0.4197657,0.4197657,0.5032405,0.45245954,0.2942136,0.01140222138585735,0.0004089404945256359,-0.00430705598689944,0.019022618747204185,0.0025453292486410147,-0.0004589082454242573,0.004668124807294477,-0.0015728997751033658,-0.0011178788830628744,0.0,0.0,0.0,-0.010975702427621407,0.0014687215810782169,0.013978856435360405,0.01471190853837248,0.04650666309259563
0.8540764,0.8436782,0.25139165,0.25139165,0.9375,0.94736844,0.8436782,0.44191816,0.45305654,1.0,1.0,1.0,0.45305654,0.45305654,0.4694906,0.396904,0.47921363,0.022089846872326607,-0.0029223582196918323,0.0023697204140818574,-0.018664387918766064,0.0009262013526891729,0.0005167340810648794,-0.009548165647223102,0.006152993212999414,0.005136088368907783,0.0,0.0,0.0,-0.0010254258305468457,0.005579298135304595,0.019036373655175506,0.019173443143293407,0.009560997221617058
0.6211975,0.622394,0.84817314,0.9375,0.92463356,0.622394,0.94736844,0.3799952,0.39317748,1.0,1.0,1.0,0.39317748,0.39317748,0.24074042,0.3080152,0.5452136,-0.005221491774292757,0.006120876922536815,-0.0010336373613266411,0.01382897296015596,-0.00030283809357170506,0.003219119591126713,0.014886946793366653,-0.006450108648990271,-0.011346454894151734,0.0,0.0,0.0,-0.01031685074091336,-0.0002724551390451919,0.07848849598093699,0.03168426803951609,0.003149611624096826
0.81331885,0.8998124,0.74827814,0.74827814,0.9062,0.94736844,0.94736844,0.3726874,0.38461623,1.0,1.0,1.0,0.38461623,0.38461623,0.35074055,0.21801513,0.52121365,0.017319688393617375,-0.009862372215694592,0.002170253766500706,-0.007369015779858833,0.0008993757936961395,-0.0001795845681300109,0.013472201897085341,-0.011697293690543857,-0.01791381508174009,0.0,0.0,0.0,-0.014093700666522721,-0.005490014817784593,0.0665550765808764,0.03142163702057471,0.006605727999025898
0.6736975,0.7630649,0.59212,0.59212,0.90427727,0.94736844,0.94736844,0.5203799,0.531732,1.0,1.0,1.0,0.531732,0.531732,0.3069905,0.36468178,0.80521363,-0.005098047135540965,0.0036165690101925786,0.002292540605846543,-0.021518740384754764,-0.0006377622938683902,-0.0010764134827988515,0.012348143398656143,0.006048754760595626,0.011798767531387911,0.0,0.0,0.0,0.0028323954828203797,0.006453781584356899,0.07361883677000401,0.034766503316014614,-0.08426753449341388
0.90619755,0.9129106,0.6228569,0.91109073,0.6159053,0.94736844,0.94736844,0.4965336,0.50375,1.0,1.0,1.0,0.50375,0.50375,0.53574055,0.25245953,0.6612137,0.021979456160018146,-0.008943802942609373,0.0014040948433314813,0.013133539727298077,0.00885786104020823,-0.0009839510642778203,0.019909014520720424,0.00995160561459018,0.013101944575580258,0.0,0.0,0.0,0.0026636082203560572,0.008358501259422522,-0.009030851720455464,0.04554985707538611,-0.02338264963732219
0.6740763,0.80695844,0.28866863,0.28866863,0.9062,0.94736844,0.94736844,0.31114915,0.32137957,1.0,1.0,1.0,0.32137957,0.32137957,0.18324053,0.30357063,0.53421366,-0.006610430357831548,0.0009113976224406745,-0.0005623320624838529,-0.014861071775787963,0.0011674687509977064,0.00039019574280609086,0.008463677600227858,-0.02454374863445362,-0.04103977224386364,0.0,0.0,0.0,-0.02322832476257695,-0.011336637982541033,0.10347613076392222,0.03145664528881636,0.008908076233864465
0.63331884,0.7948154,0.6272185,0.6272185,0.9375,0.94736844,0.8930203,0.5457645,0.55191857,1.0,1.0,1.0,0.55191857,0.55191857,0.5319905,0.3524595,0.7022137,-0.012522568821532375,0.0032758667178233235,0.003491344230100593,-0.02181581133195379,-0.0014981010176086645,0.00039501622750884037,-0.0032916423868184622,0.010359155581804176,0.013689950630696572,0.0,0.0,0.0,0.005194244454359489,0.006103600585163821,-0.011882900803249736,0.028248486134336823,-0.042769267154982867
0.7086976,0.8436782,0.52652323,0.52652323,0.9375,0.94736844,0.9210105,0.5069181,0.5201763,1.0,1.0,1.0,0.5201763,0.5201763,0.41449052,0.45690408,0.5362137,0.0011143156893924284,-0.0037754681671328754,0.00041673528623006406,-0.020385574798913213,0.0008319264960396794,-0.0006081209302596908,0.005714934534773425,0.010704846427932752,0.014222934157280685,0.0,0.0,0.0,0.004466603061897751,0.00880944439582216,0.04786674173870633,0.012598123901432863,0.0009476485122693546
0.9998338,0.94736844,0.31683168,0.31683168,0.31683168,0.94736844,0.94736844,0.6965336,0.7047291,1.0,1.0,1.0,0.7047291,0.7047291,0.6357405,0.71690404,0.6442137,0.06129594775819754,-0.016958157622993936,0.006107472723046662,-0.01599500383336599,0.005562525745644088,0.0007237456970753289,0.010740840042647576,0.006049527155459497,0.014386682997241313,0.0,0.0,0.0,0.026239004431157346,-0.0010817942924635218,-0.096364173788219,-0.04095809374629179,-0.02290939183573385
0.6033188,0.8811228,0.8829964,0.9668138,0.9375,0.94736844,0.9540876,0.6519183,0.6543358,1.0,1.0,1.0,0.6543358,0.6543358,0.5757405,0.5146818,0.7752137,-0.006394976696322829,-0.006406160862267269,0.0037135838665769013,0.023129216102201994,-0.002648702183166025,-0.0009364564942191544,0.0212024535102178,0.02468320615930941,0.01852883878094602,0.0,0.0,0.0,0.01636415997525484,0.0011434969587677452,-0.05549770434169323,-0.00015554871892648592,-0.078288894060421
0.76369756,0.84891015,0.4845311,0.4845311,0.9375,0.94736844,0.99324316,0.451149,0.46187484,1.0,1.0,1.0,0.46187484,0.46187484,0.4707405,0.37579292,0.4502136,0.012967484367007325,-0.004933541335925472,0.004311709447471217,-0.02462419335632073,0.00028274709608783346,0.0018892615980047876,0.02010978740092698,0.00612191811197639,0.006232656078743873,0.0,0.0,0.0,-2.4874472504975985e-05,0.006453309518253797,0.007708885865635375,0.021338954318639258,0.017469463827124908
0.7119551,0.84891,0.5539048,0.9375,0.97322625,0.9193914,0.94736844,0.2646106,0.27970782,1.0,1.0,1.0,0.27970782,0.27970782,0.14199042,0.39912626,0.3272136,0.00530541872597353,-0.008992934768507793,-0.008282334778673317,-0.006297459532486644,-0.003642193027273442,-0.0007067696383628397,0.014995642089686217,-0.04462912651181438,-0.05365411081400117,0.0,0.0,0.0,-0.03570970882907141,-0.018890656812745064,0.08430538241115494,0.013947426053532575,0.039193075550089086
0.5054402,0.61518335,0.8830454,0.8830454,0.99197626,0.94736844,0.94736844,0.40422586,0.41493282,1.0,1.0,1.0,0.41493282,0.41493282,0.4607405,0.27134842,0.4502136,-0.033261898302722664,-0.0009366082565488186,-0.010796337174796522,0.008597224925811022,-0.006988048241692987,-0.003370728308989722,0.011880387121490225,-0.010380702863262682,-0.010661916740094923,0.0,0.0,0.0,-0.00954326208976774,0.0003564140564190432,0.029929905305275287,0.027923186772878732,0.019547535131773895
0.74312955,0.7523853,0.7395377,0.99197626,0.74966764,0.94736844,0.94736844,0.44614908,0.45679194,1.0,1.0,1.0,0.45679194,0.45679194,0.42574054,0.5880152,0.3162136,0.006650707380316718,0.0018124022705456172,0.0014913607553601333,0.017799458564161444,0.0036858120791467453,-0.00140440307008614,0.012464751468765809,0.0023759314601783893,0.0030653894182257613,0.0,0.0,0.0,-0.003756885077470879,0.0023579144369273446,0.028366040341549485,-0.00873562602240887,0.042897038519918586
0.33388692,0.5681248,0.79439354,0.9375,0.9375,0.5681248,0.6945524,0.2526876,0.2677693,1.0,1.0,1.0,0.2677693,0.2677693,0.18324053,0.43245962,0.1992136,-0.07028030932862699,0.02428853144117439,0.004161117737105932,0.0008667606347848915,-0.001966966608082234,-0.0004984234048055922,-0.07110165762718407,-0.05328997429103131,-0.0579898527632651,0.0,0.0,0.0,-0.03496437186944525,-0.020797574922790073,0.08583865461730131,0.010106850388916722,0.061432622547088804
0.61275065,0.74885076,0.7723428,0.97322625,0.81479084,0.94736844,0.94736844,0.3896106,0.40032423,1.0,1.0,1.0,0.40032423,0.40032423,0.53074056,0.30134848,0.35521364,-0.011915345708049838,0.0005603012807690702,0.00014018696569786452,0.023459094211973845,0.006371771927158067,-0.003610478117935021,0.014027289531839578,-0.01705530902323128,-0.013108682213173852,0.0,0.0,0.0,-0.015089457837579843,-0.0038556819274245535,-0.0086156109169952,0.02372658281282747,0.033868868037325445
0.9994551,0.9193914,0.6278792,0.6278792,0.9375,0.94736844,0.9193914,0.7842259,0.78988063,1.0,1.0,1.0,0.78988063,0.78988063,0.5682405,0.7424596,0.8802137,0.05245446671065394,-0.014068251445361868,0.0005041077886933451,-0.014019863724130228,-0.0023810945793637643,0.002334740941107456,0.008219831562423003,0.006825261205320204,0.017229588653129898,0.0,0.0,0.0,0.018327143368401497,-0.011846395511328602,-0.03595084176440927,-0.06193958795529616,-0.12053652898890518
0.5858189,0.73814213,0.45772105,0.45772105,0.9375,0.94736844,0.73814213,0.51153374,0.5264337,1.0,1.0,1.0,0.5264337,0.5264337,0.48449045,0.56690407,0.46121368,-0.019779921489887945,0.0047540527421331205,0.003250112694731778,-0.019584429784164126,0.0007571942644419391,-0.001646935335170434,-0.02204750352700316,0.01069797739126771,0.016128696828740675,0.0,0.0,0.0,0.004054998186492795,0.0071615140199395135,0.014673402165995416,-0.0059996809032654315,0.017927892476193093
0.7556295,0.72605455,0.5323686,0.9375,0.9375,0.72605455,0.99324316,0.57422596,0.5849888,1.0,1.0,1.0,0.5849888,0.5849888,0.6432405,0.4502374,0.6002137,0.009106173831070923,0.0077589645792765635,-0.007317115163002891,0.016938366994104517,-0.0036144312863856955,-0.006028065525085696,0.013992892853795468,0.014608250361592244,0.012799342675921697,0.0,0.0,0.0,0.010724069179065236,0.004384959576556327,-0.10814990943429759,0.018467907884133702,-0.015517822697678414
0.7835081,0.75566226,0.8144315,0.8144315,0.8635679,0.94736844,0.94736844,0.618072,0.63145703,1.0,1.0,1.0,0.63145703,0.63145703,0.6307405,0.5980151,0.57621366,0.008162567303895014,0.005578758331778999,-0.003920318532703047,0.001592985482189285,0.0027903014753922904,0.0003144800850626091,0.005264721368497081,0.013504535978825252,0.016732444111227446,0.0,0.0,0.0,0.01493618116030496,0.004373060945757196,-0.09239374397726145,-0.015113745620835554,-0.004500274596454802
0.61562943,0.7733259,0.5081172,0.9375,0.9375,0.9210105,0.99324316,0.46999505,0.4786357,1.0,1.0,1.0,0.4786357,0.4786357,0.5869906,0.40912628,0.50121367,-0.012660242002145432,0.0038366269283590052,-0.008993985648089113,0.01319982933020064,-0.002844407238393104,-4.44014956666771e-05,0.018729850438280248,0.0015908344973496779,0.0050384056111123085,0.0,0.0,0.0,-0.00331338718938214,0.005679325441877797,-0.06595229764098323,0.026779726155140068,0.013269929438153466
0.7433188,0.8771792,0.7207017,0.7207017,0.9396432,0.94736844,0.94736844,0.58576435,0.5972758,1.0,1.0,1.0,0.5972758,0.5972758,0.48199058,0.62468183,0.5782137,0.006378157771758776,-0.005367482586449281,0.001001420082172498,-0.011580702454305602,-0.0026765487925390196,0.00024046645835148144,0.009639571190044997,0.017256727616672404,0.023055683937434127,0.0,0.0,0.0,0.012949533282284256,0.008892582529665391,0.015493896831946264,-0.019999664829748343,-0.010558710850051778
0.9240763,0.8209835,0.57636803,0.8871432,0.9375,0.94736844,0.8998124,0.5399952,0.551214,1.0,1.0,1.0,0.551214,0.551214,0.59324056,0.565793,0.44621363,0.02982309816042379,-0.0011842481500179223,0.0024498438661226443,0.001073934728563071,-0.0010695986152863643,-0.00036533340959390715,0.0022638074396395882,0.010270736973006137,0.015190369565812474,0.0,0.0,0.0,0.0074816054366285845,0.007453911619833937,-0.05583042774397407,-0.007600002544773516,0.02223636948179844
0.5406295,0.79854006,0.9396432,0.97322625,0.90427727,0.94736844,0.94736844,0.4457644,0.45888084,1.0,1.0,1.0,0.45888084,0.45888084,0.14699042,0.5180152,0.5272136,-0.014118210116913561,5.782383027758624e-05,5.72868587553585e-05,0.016109821008915136,0.0006863549161502021,-0.002005587449934072,0.012539835157238473,0.0006509240965243927,0.0011435311630240824,0.0,0.0,0.0,-0.002685713984139068,0.003985461557140443,0.10975250773861477,0.006241074414645482,0.008040706093322369
0.80294013,0.83468515,0.73649275,0.9375,0.9375,0.8805094,0.9711938,0.72691816,0.7339848,1.0,1.0,1.0,0.7339848,0.7339848,0.78574055,0.7180152,0.6182136,0.010162502573442606,-0.002869411862243285,0.0003651128903385983,0.015477422673255414,-0.002889923915216138,-0.0019537003336567655,0.005423993995601808,0.021642793398259967,0.010691961766754611,0.0,0.0,0.0,0.028115925189785562,-0.005950361979015163,-0.2542031510807696,-0.05571993244095369,-0.022872825160006743
0.73138696,0.8160714,0.72658116,0.9375,0.97322625,0.8913406,0.94736844,0.3569182,0.36938286,1.0,1.0,1.0,0.36938286,0.36938286,0.3844905,0.26579297,0.47721368,0.006960052273725861,-0.0007446367888462723,0.00289372982449785,0.006403770130752393,-0.0026605854523581696,-0.00081755121922158,0.019011293020297696,-0.015312083246683494,-0.020093845955605757,0.0,0.0,0.0,-0.0179910181302365,-0.0035823085377119936,0.05331609612422348,0.03342587385168016,0.017995844235476822
0.7785082,0.83523923,0.5534358,0.9396432,0.9375,0.94736844,0.99324316,0.5865336,0.5911446,1.0,1.0,1.0,0.5911446,0.5911446,0.79074055,0.6691263,0.44221362,0.013429188224263105,-0.002632636515688781,-0.0015199584830011958,0.010508560970497795,-0.0017589831598268288,-0.00031283311077298344,0.01649325665373334,0.01744739248917008,0.016437055306183727,0.0,0.0,0.0,0.012126351376030867,0.006489411483239434,-0.24383453158554874,-0.03229536622522404,0.029932062399289628
0.878887,0.8412419,0.54631627,0.54631627,0.9375,0.94736844,0.8412419,0.7092258,0.71299833,1.0,1.0,1.0,0.71299833,0.71299833,0.52449054,0.6391263,0.7962137,0.03638547236922058,-0.004275759171184909,0.0038111085982770877,-0.011864013376644097,-0.0010785008807589606,0.0025601238589583763,-0.0057597665700880206,0.00948363032033068,0.024475955255482174,0.0,0.0,0.0,0.012897346395836347,-0.004602575458704739,-0.00526662182096525,-0.033911482557838955,-0.0926644050689751
0.80294013,0.867957,0.8784795,0.99197626,0.9657926,0.94736844,0.94736844,0.5442258,0.55201197,1.0,1.0,1.0,0.55201197,0.55201197,0.5307405,0.4191263,0.6902136,0.013554172890419816,-0.0016908927942280798,-0.003910912130313277,0.026188992296133917,-0.005786974588725676,-0.0005693335988350535,0.01120491296799318,0.011445877032184963,0.016641663393818312,0.0,0.0,0.0,0.0069182544161106975,0.0075185255932584995,-0.020027661083134776,0.022054698171758584,-0.04272092289544876
0.5479401,0.77039593,0.60149735,0.60149735,0.97322625,0.94736844,0.94736844,0.39807203,0.4115265,1.0,1.0,1.0,0.4115265,0.4115265,0.2182405,0.5569041,0.42221364,-0.018591704155547298,0.0011915421441521911,0.0022932809874811415,-0.014859018682003336,0.0001254651390269546,-0.0006132520793620478,0.01381086932170752,-0.002228079787375598,-0.007789309128637608,0.0,0.0,0.0,-0.007146125630044533,0.0017390768808623188,0.0913906358930633,-0.0018818999424684132,0.03272643642018414
0.83369756,0.8977777,0.6256485,0.6256485,0.97322625,0.94736844,0.94736844,0.75230277,0.7569445,1.0,1.0,1.0,0.7569445,0.7569445,0.68949056,0.6202374,0.7912137,0.01839638251478619,-0.011419325384398027,0.0017326269800139,-0.020295309620146095,-0.005321389167277853,0.000868056720544178,0.007262217987923133,0.0086371642317533,0.012660359297976051,0.0,0.0,0.0,0.020567454985152157,-0.016256691323848674,-0.14845569336015654,-0.025281284510973615,-0.08400645223811715
0.49218246,0.5281686,0.7746283,0.9375,0.9375,0.5281686,0.9711938,0.5284566,0.5323147,1.0,1.0,1.0,0.5323147,0.5323147,0.7132405,0.38245964,0.5622137,-0.025317795784736807,0.0214720217445939,0.0006611132458700669,0.021127141769563863,-0.0026223023680846634,0.0008374493651582644,0.014726983300299003,0.014476457342000754,0.012926381706705476,0.0,0.0,0.0,0.004387341336202556,0.0061237028022474585,-0.18418398326694657,0.029214207477297388,-0.003559358389232684
0.6033188,0.7503629,0.8539793,0.9375,0.9375,0.8600983,0.6044592,0.5865338,0.5919184,1.0,1.0,1.0,0.5919184,0.5919184,0.7094905,0.5391263,0.59021366,-0.01825293282550248,0.005356236212419148,-0.0004997599328718626,0.016161352840175364,-0.003459854959230883,-0.0012115635317816787,-0.06793361218389601,0.020824672212242844,0.020573896392890374,0.0,0.0,0.0,0.007552696010343425,0.005652606223611361,-0.14461470891652625,0.0025163524134886716,-0.010937265593933564
0.69600815,0.8330302,0.92384136,0.92384136,0.9396432,0.94736844,0.94736844,0.50422597,0.5068531,1.0,1.0,1.0,0.5068531,0.5068531,0.38699055,0.28134844,0.79121363,0.0021795225026669234,0.0002512262909804951,-0.007949372144945984,0.014702661428314511,-0.0021584826572564933,-0.001829206872650921,0.01605712239653342,0.008725658938635356,0.010370998269345712,0.0,0.0,0.0,0.004132144176816524,0.006326948188127897,0.04592167577062403,0.03813354684335901,-0.07445052973503499
0.4725613,0.8230923,0.88566744,0.88566744,0.92463356,0.94736844,0.94736844,0.48614898,0.50072205,1.0,1.0,1.0,0.50072205,0.50072205,0.27949047,0.45690408,0.6392137,-0.027651800895480902,0.0006730013836516858,0.0001602642745989624,0.011313975063072388,-0.0003257980103216827,-0.00135604326089945,0.01909780737881199,0.008055325201998477,0.01074556420233796,0.0,0.0,0.0,0.003528636500103557,0.007135950853777841,0.0743099486788291,0.011365234440319814,-0.026049725909066176
0.5854401,0.6665043,0.5557464,0.97322625,0.9375,0.94736844,0.9210105,0.37191832,0.38650414,1.0,1.0,1.0,0.38650414,0.38650414,0.36574054,0.5135708,0.23921366,-0.018240016701725995,0.008400583375928762,-0.007051555354239074,0.0004122741745484626,-0.0013713186255951712,-0.0012094113893074232,0.005560107644028271,-0.013978641652073118,-0.013840570368043542,0.0,0.0,0.0,-0.012382010959957182,-0.0009120318266499514,0.05860942956270826,0.0062706443863806815,0.06096228679729157
0.78812945,0.7131598,0.76426995,0.76426995,0.9375,0.94736844,0.8913406,0.59961057,0.611069,1.0,1.0,1.0,0.611069,0.611069,0.4632405,0.6802374,0.58021367,0.009106816953586836,0.005827548741612418,0.0010679365179665113,-0.007360402873262812,-0.001031419873374118,9.696139841312748e-05,-0.001540071113552237,0.013282953164011265,0.02046411646385263,0.0,0.0,0.0,0.010948849538066045,0.007820191687417023,0.030368230776369923,-0.030420688743863167,-0.01016579465443959
0.7942657,0.6910182,0.7811247,0.97322625,0.9375,0.94736844,0.8634134,0.5396105,0.55002666,1.0,1.0,1.0,0.55002666,0.55002666,0.4644906,0.5702374,0.5612136,0.014775286398528093,0.004780227484663391,0.0008835307210255329,0.015022713819105138,-0.001923884290097909,-0.0003296445013010443,-0.009620103144368309,0.01304951962037212,0.01799729929650805,0.0,0.0,0.0,0.007463271625345633,0.008666120312374301,0.018822534867061137,-0.005173087191419701,-0.004105812884492582
0.50581884,0.73830557,0.4659616,0.4659616,0.97322625,0.94736844,0.94736844,0.26807213,0.28197232,1.0,1.0,1.0,0.28197232,0.28197232,0.32949042,0.15468174,0.3952136,-0.037343714438226705,0.005981020845325344,-0.0008381226061885727,-0.0018815681712935168,0.0002491518465675327,0.00018453001500919484,0.01057247477874426,-0.03601907074775085,-0.051388272325921316,0.0,0.0,0.0,-0.030242791676568404,-0.013865040063064969,0.0793890919792311,0.03279130176017293,0.030482401155483615
0.65619755,0.73490673,0.48431793,0.48431793,0.9375,0.94736844,0.73490673,0.508072,0.52285194,1.0,1.0,1.0,0.52285194,0.52285194,0.25199044,0.6069041,0.6022137,-0.005564481959986066,0.005284245054065974,0.001015096360325137,-0.01535479837208638,0.000888080060526169,-0.0010175956289163817,-0.047435879272962465,0.008683225368437212,0.014496313894957513,0.0,0.0,0.0,0.0055443068038860755,0.005780195736103806,0.06108308820932071,-0.01924997037528815,-0.02494410607567235
0.9031295,0.89766693,0.74128044,0.9396432,0.79273754,0.94736844,0.94736844,0.68999493,0.7001597,1.0,1.0,1.0,0.7001597,0.7001597,0.63699055,0.70023745,0.64121366,0.020756337215546056,-0.008762090181314533,0.0023706422403285345,0.013616263751535301,0.007270185481016438,-0.0005848623996091342,0.011267968440208937,0.016192121928431103,0.011694665128179143,0.0,0.0,0.0,0.023201279948532206,-0.00377616783815651,-0.09702426389003892,-0.04520456812615523,-0.028943780472185085
0.8117657,0.8349639,0.8620455,0.939427,0.9375,0.94736844,0.90702903,0.637303,0.6453153,1.0,1.0,1.0,0.6453153,0.6453153,0.45199054,0.81023747,0.58021367,0.009938337823709578,-0.0009722998477845244,0.0020607986900679624,0.012974579618260117,-0.0017084801708903586,-0.001071460630999085,0.005604517482452358,0.012727125103420712,0.01665672975468813,0.0,0.0,0.0,0.01118209844380536,0.006925570205241043,0.031002795956469667,-0.06920800202659519,-0.007917981348726543
0.8540763,0.87386805,0.6128318,0.99197626,0.5724234,0.94736844,0.94736844,0.6015336,0.6081614,1.0,1.0,1.0,0.6081614,0.6081614,0.4607405,0.6102374,0.65621364,0.015229898295085411,-0.005489478289489527,7.530090718441327e-05,0.015502450667634601,0.01029702333667771,-0.0010849728196915566,0.013635075332080639,0.015931329097260097,0.02170101867689388,0.0,0.0,0.0,0.015621457711518218,0.008683447617679535,0.01989051785203082,-0.018609525804231086,-0.03532903414336572
0.5204401,0.65029335,0.82265157,0.9375,0.9375,0.8907786,0.99324316,0.6496106,0.65258324,1.0,1.0,1.0,0.65258324,0.65258324,0.9057405,0.5113485,0.53021365,-0.019528214763091044,0.015703677464928192,0.00016796117777400382,0.015524720701847532,-0.005469953930530983,-0.0004667981514737454,0.010358489970030294,0.02545167456216944,0.014744223499973265,0.0,0.0,0.0,0.014609793959084518,0.005088955410895055,-0.3509898042099826,0.01192515255017839,0.00889902839800976
0.8285082,0.86445147,0.82189626,0.97322625,0.9057682,0.94736844,0.94736844,0.81268746,0.8161719,1.0,1.0,1.0,0.8161719,0.8161719,0.8382405,0.6902374,0.76121366,0.012617057330866132,-0.006781021983369304,0.0005272978436912512,0.02121108064840706,0.00047823406680317813,1.6294262517674574e-05,0.007196413506231072,0.019562385764992477,0.010809302182475094,0.0,0.0,0.0,0.029448954740230234,-0.013044734189833264,-0.2757005708557507,-0.04683017524116935,-0.06800427901816564
0.5279401,0.7806076,0.7953863,0.7953863,0.93773437,0.94736844,0.94736844,0.4142258,0.42593896,1.0,1.0,1.0,0.42593896,0.42593896,0.4082405,0.31357065,0.58021367,-0.026008696644009125,0.0014091174699242042,-0.001201205766657052,-0.002217895386255095,-0.0012412701679130678,-0.002881053214341957,0.015522734544245773,-0.005754465654640536,-0.00610073049478024,0.0,0.0,0.0,-0.007339374868029356,0.002696997199323656,0.04709548084828336,0.0302508274563559,-0.007532200627077626
0.936387,0.8500637,0.72653353,0.72653353,0.9375,0.94736844,0.8856161,0.6584568,0.66749084,1.0,1.0,1.0,0.66749084,0.66749084,0.6357405,0.635793,0.6742137,0.03250778818805937,-0.00366730404359354,0.0003121388938585139,-0.009495497083043024,-0.0021954209742288985,0.0007922271066912326,0.003466257630221908,0.014206541184093778,0.02059091047056085,0.0,0.0,0.0,0.01906458428328499,0.0033452168748390183,-0.0976388671304213,-0.023765410624328118,-0.03835015027148624
0.43775076,0.7385005,0.7538251,0.8375191,0.9375,0.94736844,0.99324316,0.33461058,0.3468712,1.0,1.0,1.0,0.3468712,0.3468712,0.39699054,0.37357077,0.2942136,-0.05125567986425949,0.0038457819988133315,0.0019586662539281038,0.0017094439788193291,-0.0009535953513961012,-0.0024668245296747887,0.02318122535277128,-0.028315927197155904,-0.02404554297541579,0.0,0.0,0.0,-0.0237818821464153,-0.007514571623108551,0.06705188432176865,0.018902897277242682,0.047993588108484114
0.62294006,0.859315,0.8662008,0.8662008,0.90427727,0.94736844,0.94736844,0.471149,0.48340493,1.0,1.0,1.0,0.48340493,0.48340493,0.33574045,0.5113485,0.56721365,-0.005210116836586207,-0.0012567054541610446,0.00023881202461954707,0.005590359366723419,0.000679603814838503,-0.0016385502366889537,0.016233951222963283,0.007965546750265964,0.010658645646514411,0.0,0.0,0.0,0.0027971032263931416,0.0076102983557202915,0.06663113868846575,0.0038079488282278962,-0.005873440679714743
0.70294,0.859315,0.8018427,0.8018427,0.93773437,0.94736844,0.94736844,0.2919184,0.3011265,1.0,1.0,1.0,0.3011265,0.3011265,0.19074047,0.2835707,0.3942136,0.0019330763287911015,-0.007842231256076889,0.002520136211561985,-0.0031868667554669473,-0.00044713258575749344,5.715337677979698e-05,0.007346351323833793,-0.03543941567649505,-0.04370675292568511,0.0,0.0,0.0,-0.031090120136984457,-0.01980984164442347,0.08195156651121188,0.017575452552793663,0.0268051109759132
0.35006145,0.52749974,0.9045032,0.9045032,0.9375,0.94736844,0.5362282,0.5296104,0.5414822,1.0,1.0,1.0,0.5414822,0.5414822,0.5657405,0.4502374,0.58021367,-0.0724136806382309,0.006388103176635646,-0.0037266771023805145,0.009098098558593731,-0.002455274196291713,-0.004131840955180729,-0.130015819933005,0.013155172181985333,0.016594684989343432,0.0,0.0,0.0,0.0038809468070988245,0.008763575626286338,-0.02731135804394052,0.011169035353945849,-0.008654506219235088
0.7190764,0.7789187,0.8205808,0.97322625,0.9375,0.94736844,0.9210105,0.491149,0.5035796,1.0,1.0,1.0,0.5035796,0.5035796,0.30949044,0.69801515,0.4112137,0.003529732278344085,0.0017200427361118036,0.0001466541957400734,0.014010105222867884,-0.00020680914001168355,-0.0020313139388550686,0.006400234684237397,0.0042409262778294946,0.007669737787158762,0.0,0.0,0.0,0.0010061526270464664,0.004586525055245355,0.0716935527477452,-0.029049825116768596,0.03130960199282178
0.68831885,0.7876349,0.7812146,0.7812146,0.9375,0.94736844,0.8288922,0.56999516,0.5816671,1.0,1.0,1.0,0.5816671,0.5816671,0.49574047,0.6435707,0.4702137,-3.3339163059968035e-05,0.0028616531883866713,6.578752001688699e-05,-0.0024020950966439905,-0.0018121192946311902,8.512212558647654e-05,-0.010247656402245826,0.010838958076284124,0.01810218956693397,0.0,0.0,0.0,0.007906395529967596,0.006728813888253862,0.008268684399754901,-0.019371152255375085,0.01821162596230996
0.7111976,0.73181665,0.7872742,0.8709672,0.9375,0.94736844,0.9774537,0.4846105,0.4947909,1.0,1.0,1.0,0.4947909,0.4947909,0.64824057,0.44023737,0.37121361,0.0012583793660152361,0.004470332609779723,-0.0036283975086846745,0.006394630212526773,-0.0029912702552167434,-0.0017987189857876728,0.01199727219939337,0.0058863680518086185,0.008287910683507314,0.0,0.0,0.0,-0.0014429549047165601,0.0054922969434451,-0.11950752646791057,0.01879991942790049,0.03742065583296075
0.64987206,0.77864015,0.94547904,0.9375,0.9375,0.77864015,0.8913406,0.5823028,0.59454256,1.0,1.0,1.0,0.59454256,0.59454256,0.3844905,0.6624597,0.6392136,-0.002113304827503077,0.001931308019800346,-0.0007971916074394923,0.0138348833269837,-0.0020300210628839415,-0.0017575516116325573,-0.0004695296798090434,0.01286608780164488,0.017325096562636234,0.0,0.0,0.0,0.007804000959695888,0.0077162844378400085,0.049917361901219134,-0.02962577390642589,-0.023993886757048527
0.88638693,0.8463965,0.6382716,0.6382716,0.9375,0.94736844,0.91628766,0.61922586,0.62622374,1.0,1.0,1.0,0.62622374,0.62622374,0.6044906,0.45690408,0.7182137,0.026489966312098243,-0.00277635940546505,0.0033306532115212743,-0.01849131839939204,-0.001204662360637894,0.0011764320808250158,0.0019153372515678879,0.012512707573813491,0.020745946458175957,0.0,0.0,0.0,0.012684501358824953,0.0045197666917523435,-0.06345776880641668,0.018128918667649294,-0.04857819377044033
0.9583188,0.90899307,0.70864344,0.70864344,0.9375,0.94736844,0.9694241,0.6849953,0.68624973,1.0,1.0,1.0,0.68624973,0.68624973,0.47949058,0.86245966,0.6242137,0.030577355301585327,-0.006196367411422359,0.00023821791220850062,-0.009989165516938046,-0.0009677410856855552,0.0004557293405588941,0.010142120764949017,0.008338246025787728,0.014829899979653385,0.0,0.0,0.0,0.016868025135993957,0.004097247206185431,0.010119737953406155,-0.09200682197958637,-0.02720077901308703
0.57619756,0.73648787,0.5844474,0.5844474,0.8871432,0.94736844,0.94736844,0.4984565,0.5089307,1.0,1.0,1.0,0.5089307,0.5089307,0.28199053,0.6246819,0.5462136,-0.01780617756531147,0.005211178135504431,0.00034281041398595904,-0.016134202560845568,0.0014050589295518695,-0.0006177835158404777,0.011967830291146883,0.006474155785479179,0.009064995248680183,0.0,0.0,0.0,0.0019302178403271223,0.0060583745880452835,0.07623886494280413,-0.017993842301111142,0.0017607632293965914
0.69869757,0.63003874,0.93370897,0.93370897,0.9375,0.94736844,0.6411682,0.6919183,0.6976881,1.0,1.0,1.0,0.6976881,0.6976881,0.6594905,0.5491263,0.75221366,0.0008733422441650396,0.01186679948420696,-0.010676476078826252,0.017069369283082576,-0.003551921952519752,-0.0025880984508357186,-0.06223735872896565,0.026497947117776505,0.03147841377991629,0.0,0.0,0.0,0.011225702918032378,0.0007453287577318488,-0.09409429110070407,-0.0020499620897530845,-0.07039816480999161
0.8515763,0.75368416,0.8072918,0.93370897,0.9375,0.94736844,0.9774537,0.51961064,0.5299861,1.0,1.0,1.0,0.5299861,0.5299861,0.38949054,0.396904,0.7452136,0.011852596432562715,0.0010325626268586033,-0.0018747539562145193,0.015544407446819154,-0.0026656496667897926,-0.00326485530507472,0.019260699453771388,0.007749065361274748,0.011321511018856303,0.0,0.0,0.0,0.004030678015236033,0.005906659615738551,0.0463457892123534,0.02678743719508725,-0.05820911369588428
0.42218268,0.5749498,0.91109073,0.9375,0.9396432,0.5749498,0.94736844,0.44807214,0.4590629,1.0,1.0,1.0,0.4590629,0.4590629,0.31449056,0.59912634,0.43521366,-0.03522349324733887,0.0063269163577297826,-0.0028564980453020515,0.013809795249902945,-0.0006712745859126874,0.00022675177148421334,0.008482526707303617,0.0018728680289551076,0.0022167549692020615,0.0,0.0,0.0,-0.0010544602436937302,0.0037216808729314352,0.07202430712267296,-0.011742670645220062,0.02293096908582102
0.8636976,0.83523923,0.75881577,0.75881577,0.7998723,0.94736844,0.94736844,0.48768747,0.4922938,1.0,1.0,1.0,0.4922938,0.4922938,0.5482405,0.22245958,0.59021366,0.019830948824559495,-0.00015069074733046404,-0.00017107301140457595,-0.009821072040175358,0.0060485737795164226,-0.00033260841146950617,0.009841048305371131,0.010269811666376513,0.011559314655111973,0.0,0.0,0.0,0.002847226109582928,0.007658413676759712,-0.028021377562299367,0.03773060875314599,-0.010113756565984743
0.82157636,0.85684824,0.4729155,0.4729155,0.9375,0.94736844,0.85684824,0.6669182,0.6654345,1.0,1.0,1.0,0.6654345,0.6654345,0.6457405,0.53468186,0.7402137,0.023628534152993593,-0.006078906681765299,0.0070747317791270544,-0.020240730858621107,-0.0002060056839874022,0.0009374319951155508,0.0035585708918934055,0.012763286094949604,0.02147070235227876,0.0,0.0,0.0,0.0162866653398185,-0.0016792440175690975,-0.10457240293324865,0.001065517598218183,-0.062003883743814464
0.9083189,0.8752957,0.6448185,0.6448185,0.93773437,0.94736844,0.94736844,0.48307198,0.48748234,1.0,1.0,1.0,0.48748234,0.48748234,0.50449055,0.44023737,0.4832136,0.0271906744923459,-0.004895797706331918,0.0056117313559680086,-0.017290577119300723,-0.00015502470833228622,0.00035438122484953024,0.01111757560443348,0.008343027373614743,0.009218874249569244,0.0,0.0,0.0,-0.0005600977984956049,0.0068163376133163365,0.0054623846772895975,0.016481390890113863,0.017459466026793456
0.4529402,0.55227244,0.6645246,0.6645246,0.8810272,0.94736844,0.94736844,0.33461058,0.3477457,1.0,1.0,1.0,0.3477457,0.3477457,0.41949058,0.24245961,0.39421368,-0.049800518360626794,0.007151681360757911,0.0036686360371627038,-0.014990382672659824,0.001715553948839203,-0.0015315877598977665,0.011550044752979296,-0.021976651747850302,-0.02455539416429685,0.0,0.0,0.0,-0.015278134964768143,-0.004546986588286646,0.045627353685936296,0.028074632736064982,0.028748115837083338
0.77888703,0.71526366,0.7621449,0.7621449,0.8268606,0.94736844,0.94736844,0.58730286,0.59435356,1.0,1.0,1.0,0.59435356,0.59435356,0.6094906,0.5491263,0.5712137,0.010764775896154054,0.006596047769708575,-0.0018364797129540198,-0.008017017405320405,0.005560784885876144,-0.0010031555436313337,0.008801115263425884,0.014671185787353783,0.0187613616053453,0.0,0.0,0.0,0.012277084662958156,0.007223253553239424,-0.07473525285597428,-0.003101160895543278,-0.007840488555212766
0.8306296,0.81359476,0.7521912,0.92463356,0.83129877,0.94736844,0.94736844,0.5169182,0.5267365,1.0,1.0,1.0,0.5267365,0.5267365,0.58449054,0.42801517,0.5182136,0.0141834902237024,0.0004445650246252921,-0.0008832216394596753,0.017081317097192662,0.005531314473872384,-0.0006844812632528457,0.010462119297894992,0.011050768427696025,0.014983805622437113,0.0,0.0,0.0,0.003495386491558053,0.009306612257249918,-0.046087231468331845,0.023169507630260915,0.009149038250781494
0.79831886,0.78559095,0.66210204,0.66210204,0.97322625,0.94736844,0.94736844,0.6499951,0.65880835,1.0,1.0,1.0,0.65880835,0.65880835,0.6694905,0.55023736,0.58121365,0.01337172495246068,0.004325202315646905,0.0002828304284928496,-0.01447862899401937,-0.0032258563460109326,0.0005223683398379095,0.004679039027101913,0.01427663803501682,0.020314113967916422,0.0,0.0,0.0,0.01619751804573019,0.0006936437382753488,-0.1323002175374027,-0.0012305533234663014,-0.009887792072143796
0.5325613,0.71577054,0.8709672,0.9375,0.9375,0.86301184,0.9193914,0.5434569,0.5561342,1.0,1.0,1.0,0.5561342,0.5561342,0.40699053,0.66690415,0.53021365,-0.01706252648021548,0.004070384510114788,0.0017314807507288078,0.012874207799449443,-0.002464369996526838,-0.0006838573354110012,0.0029255755610502333,0.012211818375993827,0.016292336897130368,0.0,0.0,0.0,0.006718810659162263,0.008323193482345614,0.04776375624112003,-0.022274878395855055,0.008101552924441414
0.64388686,0.8414659,0.4354453,0.4354453,0.90427727,0.94736844,0.94736844,0.5484566,0.55969465,1.0,1.0,1.0,0.55969465,0.55969465,0.3282405,0.7313486,0.4662136,-0.005948707465129809,-0.00233628549688298,-0.005141660283692406,-0.02309517408408627,0.0005651079444042942,0.0007296498719789684,0.010544457931790303,0.008433202651909288,0.012933358945476656,0.0,0.0,0.0,0.006068868874877564,0.0056381559661029335,0.07429942813744182,-0.044297807493958175,0.02364701923818116
0.21756136,0.66105264,0.9201982,0.939427,0.8709672,0.94736844,0.94736844,0.3476875,0.35835263,1.0,1.0,1.0,0.35835263,0.35835263,0.14699054,0.47690403,0.41821367,-0.08588471337246123,0.0036028750561919965,0.004837319982541006,0.009783778075354736,0.0014785275707404665,-0.001848724937871376,0.012653909613417526,-0.019002682814169055,-0.020494361221367354,0.0,0.0,0.0,-0.01775495541312282,-0.004617443377585936,0.12825585345685053,0.010500479805588707,0.025883405415013185
0.73775065,0.64860916,0.6957614,0.6957614,0.9375,0.94736844,0.64860916,0.62153375,0.629847,1.0,1.0,1.0,0.629847,0.629847,0.6307406,0.59357077,0.6062137,0.007052645228339403,0.01130670304170523,0.0019438570910155686,-0.014761620042150665,-0.0017743791629548553,-0.0009460558559228545,-0.04521542256322686,0.01516070790535313,0.025618936219227628,0.0,0.0,0.0,0.00994084852324521,0.004450012717467805,-0.07587826047182934,-0.006615148622959409,-0.01805510163226714
0.78907627,0.8913406,0.43130815,0.43130815,0.9375,0.94736844,0.99324316,0.63191825,0.6393873,1.0,1.0,1.0,0.6393873,0.6393873,0.5394906,0.6746819,0.5492137,0.014782775290023715,-0.010788137488452771,-0.0004944478571798937,-0.019602012551410593,-0.0004125713045458615,0.0025739444832809633,0.009819248639314784,0.008666112432710444,0.01913531243151364,0.0,0.0,0.0,0.018103239731143254,0.0009204623614184579,-0.021275886888769517,-0.040496470124857006,-0.0025265317421108535
0.74062943,0.6761753,0.5821605,0.99197626,0.518268,0.94736844,0.94736844,0.4484567,0.45859677,1.0,1.0,1.0,0.45859677,0.45859677,0.40074056,0.61245966,0.38821363,0.008093216223951042,0.006305384466410539,0.00032409857132741635,0.019990596156563446,0.006804882901255547,-0.0005767717487820181,0.010603871559868196,0.005426628850032974,0.004968592952855252,0.0,0.0,0.0,-0.002610012457730308,0.004008647052170742,0.03925956604825618,-0.01609641152885164,0.030816187978497292
0.8131294,0.7697248,0.9201982,0.9375,0.9409667,0.7697248,0.94736844,0.6911488,0.6905834,1.0,1.0,1.0,0.6905834,0.6905834,0.74449056,0.5624597,0.70721376,0.010184869983979605,0.004403473338260342,-0.003541335860007727,0.017690930540317878,-0.0033453947838153865,-0.0070305660887407225,0.007603356195290225,0.02088856364534196,0.017898882317874995,0.0,0.0,0.0,0.01984616381261407,0.0033438287759158134,-0.17563967320128865,-0.006091657836735178,-0.04299594958001103
0.90062946,0.8752957,0.80394256,0.80394256,0.9375,0.94736844,0.9210105,0.6903797,0.693278,1.0,1.0,1.0,0.693278,0.693278,0.46949053,0.6802375,0.8102137,0.026969285954535006,-0.00566495861009238,-3.232864455656424e-06,-0.004413925137023501,-0.00248995314740201,-0.0004360989021585909,0.008710695238734786,0.014411319747770455,0.022426250010733558,0.0,0.0,0.0,0.01403449366987838,0.0008847680065034085,0.02677566704021622,-0.04296518656337961,-0.0934814642537151
0.67562944,0.7877081,0.5427764,0.9375,0.9375,0.7877081,0.8913406,0.50268745,0.51568496,1.0,1.0,1.0,0.51568496,0.51568496,0.40074056,0.5602374,0.5452136,-0.0013146438765445478,0.001698407506315322,-0.010104293508461315,0.008215434598349027,-0.0026771238817611663,-0.002001738130348645,-0.0007295195585696482,0.007777790627572369,0.011028428380195283,0.0,0.0,0.0,0.0007254050960659759,0.007755665005473542,0.05136001766134282,-0.0024294807622675984,0.00214083406954782
0.87638694,0.843404,0.7812375,0.8746792,0.9375,0.94736844,0.93023604,0.748072,0.7548721,1.0,1.0,1.0,0.7548721,0.7548721,0.79074055,0.5880152,0.7872137,0.018882010533650948,-0.001920572758417205,-0.000767908190906665,0.0048502574838263325,-0.004004304499400592,0.00048269022745101806,0.005787382483792842,0.023367394730675457,0.0175374898658774,0.0,0.0,0.0,0.028457348639343,-0.005697046917768216,-0.23786571852094107,-0.01568298822283926,-0.07163151889228779
0.7013869,0.81907153,0.48273498,0.48273498,0.9396432,0.94736844,0.94736844,0.5192258,0.52959865,1.0,1.0,1.0,0.52959865,0.52959865,0.53074056,0.47468174,0.61521363,0.00023079736172043397,0.0002412851339114011,0.002730664655833033,-0.024998992543066166,-0.0002141361013403553,0.0006202963266255735,0.013095436156450244,0.006330565168538673,0.010373089233622474,0.0,0.0,0.0,0.00097688480508304,0.006325810192289083,-0.01060236017067414,0.010325624754508768,-0.014431139998723889
0.5729401,0.84891,0.8812014,0.8812014,0.9396432,0.94736844,0.94736844,0.52422595,0.53208405,1.0,1.0,1.0,0.53208405,0.53208405,0.31449056,0.6491263,0.5542137,-0.009185600645874627,-0.0013482599432134445,0.0015726812224331546,0.006646473526127909,-0.0010863571665900632,-0.0014692868366794612,0.01710225544218945,0.011731832614980914,0.015320696190484961,0.0,0.0,0.0,0.006388729668138894,0.007400692344296057,0.06671395944426683,-0.020627601186376722,-0.004019186959812887
0.5565764,0.6365271,0.80779535,0.97322625,0.9375,0.94736844,0.84891015,0.2815336,0.29708847,1.0,1.0,1.0,0.29708847,0.29708847,0.40074056,0.33579287,0.2612136,-0.027508929615976018,0.008316670913825605,0.0012757210845034373,0.005176358541636793,-0.0005381614795501186,-0.0005670093257952749,-0.009091964273387973,-0.03980106351944502,-0.04556762007308705,0.0,0.0,0.0,-0.025195123509420565,-0.017949597006125126,0.03890394655994337,0.01500336477684407,0.05151587562538971
0.49831888,0.73830557,0.55765027,0.55765027,0.9375,0.94736844,0.9193914,0.4496105,0.45975617,1.0,1.0,1.0,0.45975617,0.45975617,0.35699046,0.3713485,0.5452137,-0.03548999952632895,0.00391246732731952,0.002347459793962683,-0.018888636616941804,0.0002044468857577815,-0.001210609894955568,0.009241343485033037,0.000746988925557959,-0.00032452145705310937,0.0,0.0,0.0,-0.0038709255853118366,0.0053757116894247396,0.05698658562055261,0.02447737544693264,0.0032578854222035424
0.906387,0.90670466,0.5062028,0.5062028,0.9201982,0.94736844,0.94736844,0.5399949,0.549408,1.0,1.0,1.0,0.549408,0.549408,0.5307405,0.55134845,0.5602137,0.029599136855063796,-0.00790576458356599,0.0038402228987584187,-0.023021145201442907,-6.8639202403806416e-06,0.002340696260167223,0.008358501366737853,0.006407067848313162,0.010624694685575033,0.0,0.0,0.0,0.004939616723422636,0.005396562155210785,-0.009401817487899594,-0.004396295795527374,-0.005463020666029716
0.7783188,0.8527257,0.8671419,0.93370897,0.87109214,0.94736844,0.94736844,0.676149,0.6861807,1.0,1.0,1.0,0.6861807,0.6861807,0.5107405,0.74690413,0.6682137,0.0069531551203892575,-0.003956330255410484,0.0026759245288496174,0.012279140271218701,0.003080734223162702,-0.0010646312949171527,0.015138611642870161,0.015855668357889156,0.014843152053420471,0.0,0.0,0.0,0.01651969764993043,0.001745122157912149,0.008639548550655048,-0.05833465286923584,-0.04000432702125179
0.81388694,0.8443414,0.7579719,0.9375,0.8863764,0.8443414,0.94736844,0.62191826,0.62956345,1.0,1.0,1.0,0.62956345,0.62956345,0.7657405,0.45579296,0.6042137,0.013898062418935988,-0.003906483505767716,-0.0005189537862387631,0.02038720501955775,0.002251337564705421,-0.0034920898084893947,0.006575235112377207,0.017951879333193886,0.013422542750203404,0.0,0.0,0.0,0.0153118334513802,0.004025628392947084,-0.23304490680601525,0.014263356859167122,-0.015346070907956153
0.6661976,0.8362133,0.9292761,0.9292761,0.9375,0.94736844,0.94417596,0.73037976,0.73418844,1.0,1.0,1.0,0.73418844,0.73418844,0.6369905,0.7291263,0.7452137,0.0006416146522940782,-0.002110851862256495,0.004266647088683034,0.014029116808225654,-0.0027163839059461386,0.0003608704531719028,0.013206680242477451,0.02259479124144116,0.013973956377313815,0.0,0.0,0.0,0.022516950903756553,-0.005034281186529745,-0.09708388853297466,-0.06030603126453186,-0.06682292458042062
0.6981295,0.8210078,0.71564275,0.71564275,0.9375,0.94736844,0.9489912,0.5499953,0.5564092,1.0,1.0,1.0,0.5564092,0.5564092,0.62199056,0.42134845,0.56321365,0.002191057763632501,0.00046629995187618366,0.0004050093290894896,-0.015987227684264436,-0.0020338842776251014,-9.772466216386305e-05,0.009683114076480046,0.012414532463776294,0.016397160932023095,0.0,0.0,0.0,0.006101371986042565,0.005631453938946441,-0.09401621096755586,0.019655034243981805,-0.006686574976132845
0.9190764,0.8351259,0.6185879,0.6185879,0.6598239,0.94736844,0.94736844,0.41268745,0.42516226,1.0,1.0,1.0,0.42516226,0.42516226,0.44949055,0.40134853,0.3952136,0.029360686551276317,-0.0025540916817361594,0.003230934199239237,-0.013535245376238913,-0.006056102418537362,-0.0010493203901268933,0.01184899348993386,0.001960829372485971,-0.002381334874335645,0.0,0.0,0.0,-0.007269587443675793,-0.0027242689072449365,0.019918862484255232,0.016524003272452823,0.02591978712748385
0.6402508,0.7207812,0.6682471,0.97322625,0.6205188,0.94736844,0.94736844,0.36614916,0.38044465,1.0,1.0,1.0,0.38044465,0.38044465,0.33199048,0.36468178,0.4702136,-0.0050397622019422595,0.002456750855054913,0.001381917338848389,0.016986498961222007,0.005561887363266755,-0.002627815225359012,0.017536015006236402,-0.009669738118873967,-0.01161055771529381,0.0,0.0,0.0,-0.012433951352557832,-0.002989316270400878,0.051158468253521557,0.01970815921122608,0.014596535844571313
0.77888703,0.86329323,0.58626425,0.58626425,0.9375,0.94736844,0.99324316,0.64307225,0.6517956,1.0,1.0,1.0,0.6517956,0.6517956,0.3969906,0.7291263,0.72521365,0.00946324650764564,-0.004343392239858908,-0.002440930012003964,-0.016120084828442956,-0.0011117090715063902,0.0008227600744274141,0.019806935046022923,0.008416276228329418,0.018683776213248817,0.0,0.0,0.0,0.011050259124386317,0.0024095191807171363,0.05194211494684331,-0.05443804507583134,-0.06006378234718751
0.75600815,0.88555,0.5286937,0.83945024,0.62842125,0.94736844,0.94736844,0.5165336,0.529858,1.0,1.0,1.0,0.529858,0.529858,0.44949055,0.5680152,0.55021363,0.0065438936141301255,-0.005275907010081516,-0.004930395845131246,0.0048418506017879346,0.009469591368600445,0.0004895102334490438,0.0055781887639323015,0.0096822192211456,0.012109743550556244,0.0,0.0,0.0,0.004118594927396224,0.007592320701843121,0.030548256163390394,-0.006628093264732801,-0.0010029879643509404
0.7752507,0.84891015,0.8205806,0.939427,0.9375,0.94736844,0.9711938,0.51768744,0.5254288,1.0,1.0,1.0,0.5254288,0.5254288,0.6744905,0.47579288,0.42221364,0.012406421608229379,-0.0007884885263246405,-0.004292384751552328,0.017589244046906774,-0.002939259783618585,-0.000444827822449325,0.012988255931829652,0.011472927243487722,0.013333161767469577,0.0,0.0,0.0,0.003625066066172696,0.00918316890916183,-0.13800134453022414,0.014414566621936515,0.03414733812137976
0.5310082,0.6523718,0.5572741,0.5572741,0.9657926,0.94736844,0.94736844,0.39691824,0.40560135,1.0,1.0,1.0,0.40560135,0.40560135,0.3019905,0.26468182,0.6302137,-0.030112895607052267,0.004630648515588611,0.006496650412682183,-0.016550329239392828,0.0012024244132111115,-0.0018359294820319927,0.014109891617043978,-0.005492241106959753,-0.015525196939363184,0.0,0.0,0.0,-0.008074584421972498,-6.143994507041152e-05,0.07999847607455296,0.03561455927252755,-0.020350051930357004
0.34294015,0.76654816,0.79748535,0.79748535,0.97322625,0.94736844,0.94736844,0.39845672,0.41001162,1.0,1.0,1.0,0.41001162,0.41001162,0.3019905,0.5113485,0.4282136,-0.06230183303227145,0.0025779129397814956,0.001189672086952547,-0.0013797060792025656,-0.003830564787342032,-0.0010671983840722672,0.014638278820450283,-0.004438274543559284,-0.005703990216734855,0.0,0.0,0.0,-0.007285678464195349,0.003822298179846124,0.07780296383846995,0.003147076261636164,0.0312594513257869
0.8331295,0.8188177,0.82597405,0.82597405,0.9657926,0.94736844,0.94736844,0.65114903,0.65294385,1.0,1.0,1.0,0.65294385,0.65294385,0.71199054,0.38579294,0.7632137,0.013847135989487183,0.0006190740984914056,-0.0036918711756345358,-0.001613077410298761,-0.006418558606008676,0.00063424497806625,0.004084568581842335,0.015279394975395953,0.014553272401413485,0.0,0.0,0.0,0.016454137777713568,0.0007606990978362788,-0.1747617248243687,0.03384277749983537,-0.060713920146661604
0.843887,0.86301184,0.66640204,0.66640204,0.9375,0.94736844,0.91114014,0.616918,0.62652576,1.0,1.0,1.0,0.62652576,0.62652576,0.77699053,0.5891263,0.45621365,0.023233066560906703,-0.004179056690877121,0.0006252427492696819,-0.014380352125410915,-0.0012407373242969573,0.0018628432377598204,0.00199533039740333,0.01029451248527158,0.014413650689541186,0.0,0.0,0.0,0.01289273723624041,0.0037389244984815224,-0.24259747770294596,-0.010592344535869248,0.023538998754778506
0.36794016,0.6523812,0.72070384,0.72070384,0.78928065,0.94736844,0.94736844,0.061918404,0.07801339,1.0,1.0,1.0,0.07801339,0.07801339,0.05074036,0.11801508,0.16621351,-0.06054149738422609,0.01944618391001559,0.001551285574835361,-0.003611735051636513,0.0025583862817718955,0.001264412104825709,0.010503208877124566,-0.11452423575671132,-0.12652840494332498,0.0,0.0,0.0,-0.06710600984412013,-0.053752595962335545,0.10568880635410853,0.008760888881393442,0.05602876574395032
0.8736976,0.84890395,0.87302923,0.97322625,0.9375,0.94736844,0.9193914,0.57730293,0.59080106,1.0,1.0,1.0,0.59080106,0.59080106,0.4807405,0.6535708,0.5192137,0.011180246599199526,-0.0010224749835984113,-0.0018917552663070326,0.015321177647343906,-0.0005339893531874752,-0.0006119291225115838,0.007213385427385141,0.010761377854751708,0.01653198439507634,0.0,0.0,0.0,0.008222859995010413,0.007349764653548493,0.023277785996581684,-0.022816938937748135,0.006616292754653911
0.85119754,0.8597005,0.8620851,0.9396432,0.913646,0.94736844,0.94736844,0.68076444,0.68806094,1.0,1.0,1.0,0.68806094,0.68806094,0.8494905,0.5680152,0.68021363,0.014452377104600471,-0.00445825624069437,-0.002208167092633124,0.019974066162630314,-0.0015223092794010252,-0.0016498761889413955,0.007566015469610716,0.019237174201576102,0.013827474519460942,0.0,0.0,0.0,0.02106475667853209,0.001116810021318988,-0.2971409804690161,-0.011939582614209115,-0.038340690904977257
0.58062947,0.80478805,0.56628436,0.9062,0.62017804,0.94736844,0.94736844,0.2876876,0.30257836,1.0,1.0,1.0,0.30257836,0.30257836,0.34574044,0.26023737,0.38921365,-0.019758479729903963,0.00025994717169873364,-0.004078105250554871,0.006110297561141173,0.006110120546439589,-0.0014710328322959229,0.010717333465273003,-0.038804576310191276,-0.03894116385926171,0.0,0.0,0.0,-0.03067828385079788,-0.01982521714328771,0.04724225326240505,0.020745802820043034,0.022716189504533225
0.9067657,0.8930203,0.27617794,0.27617794,0.83945024,0.94736844,0.94736844,0.38153356,0.3945253,1.0,1.0,1.0,0.3945253,0.3945253,0.37074053,0.24023744,0.52221364,0.028961762686704855,-0.01084007308455367,0.0009036166151978817,-0.024123169615868557,0.0002424688861012457,0.0008155665631977775,0.011447716389435598,-0.005049991540171376,-0.011188043641385124,0.0,0.0,0.0,-0.010587603878540675,-0.0014221832382939426,0.05383943392198716,0.03553130797339347,0.005987953892856639
0.71312946,0.799888,0.8478607,0.99197626,0.9375,0.94736844,0.67846555,0.5819181,0.5911882,1.0,1.0,1.0,0.5911882,0.5911882,0.58699054,0.4702374,0.60721374,0.0022685955674203217,0.001339027504792209,-0.005389118460468943,0.02723326289471259,-0.0034936543406516763,-0.0033589050162116945,-0.05854061452764449,0.01764993389183142,0.025583951000969177,0.0,0.0,0.0,0.010195669346551474,0.007879963840927075,-0.03913094224377731,0.009378764370498335,-0.023465980194682753
0.83794016,0.7579542,0.762279,0.8810272,0.7622188,0.94736844,0.94736844,0.6119182,0.6222693,1.0,1.0,1.0,0.6222693,0.6222693,0.50449055,0.6624596,0.58021367,0.008542387476370913,0.004387206314207252,0.0016337798701680324,0.007137697127589482,0.007768342722552779,0.00044535623604975217,0.005457607823441419,0.00868781390245436,0.013133725741730877,0.0,0.0,0.0,0.011401277636656566,0.006569030623517409,0.010780387494988972,-0.03146981368241991,-0.004114213716622529
0.5777507,0.74885076,0.82265276,0.9062,0.85391116,0.94736844,0.94736844,0.36691827,0.3808023,1.0,1.0,1.0,0.3808023,0.3808023,0.45699054,0.43912622,0.29421368,-0.0170612066830843,0.0020855093034403637,-0.0007472827044792785,0.009252308891445921,0.00383663525691497,-0.001117297660323606,0.010931954171636867,-0.014986883337864208,-0.011480446371452471,0.0,0.0,0.0,-0.014911167196098583,-0.00319562849849838,0.03802465273646164,0.015100360443620963,0.0463731886368203
0.7415763,0.835134,0.51841104,0.51841104,0.91109073,0.94736844,0.94736844,0.59461063,0.603149,1.0,1.0,1.0,0.603149,0.603149,0.64824057,0.5224597,0.66021365,0.007504609226115633,-0.002602079719100271,0.00523763678993805,-0.01967836953393687,-8.499717246578234e-05,-0.0009172465991817058,0.016186338153029188,0.011881172501488135,0.01789580630703725,0.0,0.0,0.0,0.008664078640623806,0.004714212526535344,-0.10534469171421768,0.007143718065804729,-0.03236212435445405
0.73388696,0.8492748,0.8328831,0.8810272,0.9375,0.94736844,0.9774537,0.4776874,0.48847008,1.0,1.0,1.0,0.48847008,0.48847008,0.58824056,0.54357076,0.3452136,0.00282444965475394,0.0004374288837749884,-0.006141249150985711,0.009295505162835463,-0.002598024612219037,-0.00029755954025243727,0.007004538914140272,0.007235361847227515,0.009327959506168054,0.0,0.0,0.0,-0.0006423055708420235,0.006468162756709414,-0.06763492943250916,0.003268103798351034,0.0441096358203086
0.62062943,0.7789187,0.7834822,0.7834822,0.97322625,0.94736844,0.94736844,0.4188413,0.43142307,1.0,1.0,1.0,0.43142307,0.43142307,0.38574046,0.4191263,0.4662136,-0.010326908691812053,0.0013537440599599804,-0.0011741034062318296,-0.0034687401484738123,-0.0012849167709530415,-0.002113750660864391,0.01300531775302495,0.003678844556856323,0.0026866013118380435,0.0,0.0,0.0,-0.004266331445590771,0.005652506620356562,0.0475226388885519,0.019756623671304173,0.014772007342534574
0.75119764,0.87200075,0.5472192,0.5472192,0.97322625,0.94736844,0.94736844,0.53230286,0.54429644,1.0,1.0,1.0,0.54429644,0.54429644,0.28199053,0.58801526,0.64121366,0.008195082634694723,-0.004445274088652504,-0.0007497692898700768,-0.01936035087304025,-0.001178893574794224,0.000180607130001873,0.010539157125458706,0.007822429168640536,0.012394025411544628,0.0,0.0,0.0,0.005016838202504481,0.006172720284036356,0.08031109662648106,-0.01033281494614571,-0.02864146038450064
0.93138695,0.787518,0.4739039,0.4739039,0.9005603,0.94736844,0.94736844,0.4696105,0.48158804,1.0,1.0,1.0,0.48158804,0.48158804,0.4257406,0.50023735,0.5472137,0.03186997641540161,0.002146969985692084,0.003408944323506189,-0.018638525245724607,0.0013444071166000453,7.51984905285205e-05,0.008472240842679118,0.007335371295055169,0.006914250328668111,0.0,0.0,0.0,-0.0004239553520488848,0.004807839047094617,0.0303325946972119,0.007005340680782074,-0.0033630560160261324
0.81638694,0.792695,0.6000853,0.9062,0.6809359,0.94736844,0.94736844,0.47191826,0.48552752,1.0,1.0,1.0,0.48552752,0.48552752,0.5132405,0.55134845,0.33421364,0.01545154781425465,0.001079268579492745,0.0015904297319612915,0.008046491773711962,0.004682425591161315,-0.0006954186073676878,0.017966800998512663,0.007398808470610867,0.009557676566821492,0.0,0.0,0.0,0.0006220492595199439,0.0053979115683340205,-0.006342465209147146,-0.004755133712051414,0.03922379240187799
0.6760082,0.822561,0.57452554,0.57452554,0.99197626,0.94736844,0.94736844,0.36537978,0.3764361,1.0,1.0,1.0,0.3764361,0.3764361,0.19699049,0.24023734,0.67921364,-0.0011032264632437905,-0.0022642375579793265,0.0033418522172156163,-0.01035289593812479,0.00028545176561821524,-0.0005135485547903113,0.01716357370187326,-0.006473061777272015,-0.016619843515202314,0.0,0.0,0.0,-0.010257488276132366,-0.002517676334360104,0.09041796830000988,0.03828534139861352,-0.03322866382476037
0.77331877,0.81574774,0.8506511,0.9375,0.9375,0.81574774,0.90702903,0.49614906,0.5102042,1.0,1.0,1.0,0.5102042,0.5102042,0.50449044,0.42801517,0.5952137,0.006086992007129457,0.0013457635921714864,-0.005859462906476256,0.01978059451629276,-0.0018122468228555031,-0.002737723121539025,0.004239346076859937,0.0059519734022184315,0.009783856487564434,0.0,0.0,0.0,0.0010820013132661094,0.006931784293756353,0.006216002072521035,0.02027329943107884,-0.013408685101503446
0.7752507,0.79284954,0.7727039,0.9062,0.8205734,0.94736844,0.94736844,0.49076447,0.5034408,1.0,1.0,1.0,0.5034408,0.5034408,0.4082405,0.6524597,0.3912136,0.010961813061575365,0.0012093577893166829,0.0008138283628091122,0.007782638078019882,0.0025425480408523666,-0.0005566547694716909,0.01245434936261614,0.005511402187538344,0.007957972323857098,0.0,0.0,0.0,0.0004324718202462308,0.00430827909858321,0.04325266581122365,-0.021748651931791763,0.0344615813627677
0.5569551,0.7647942,0.6019585,0.9375,0.9375,0.7647942,0.86317396,0.1915336,0.20751987,1.0,1.0,1.0,0.20751987,0.20751987,0.18324053,0.41134846,0.12621355,-0.026959066496768117,0.004131577146386156,-0.007178167651569918,-0.0058871398335979775,-0.00043967022229057616,-0.003659560453188641,-0.009469439629927735,-0.07881859430704558,-0.08377209741914929,0.0,0.0,0.0,-0.050584375561510096,-0.03204705075774928,0.09088235979870861,0.010553858231660966,0.07013997460807296
0.24468271,0.6857224,0.8581048,0.9375,0.9375,0.6857224,0.9711938,0.40499526,0.41314718,1.0,1.0,1.0,0.41314718,0.41314718,0.5132405,0.2769041,0.5452136,-0.09542010661595085,0.011075364261991613,0.004438258015778501,0.019568659981884937,-0.0024987798660415896,0.003808529908565048,0.018487471106511288,-0.01566548715070768,-0.00831402077858401,0.0,0.0,0.0,-0.009390277300625723,0.0019261053990099195,0.0032033160621608124,0.03528929655298037,0.005929692599593789
0.67062944,0.73130935,0.6869458,0.9375,0.68696386,0.7789187,0.94736844,0.54307216,0.5541689,1.0,1.0,1.0,0.5541689,0.5541689,0.62199056,0.6613485,0.3822136,-0.0016451451687140967,0.006744944305248662,0.0019095602444808132,0.0156460033541314,0.011071534852178157,-0.004405457336251037,0.010148187595502884,0.011472219260955947,0.012700525648721428,0.0,0.0,0.0,0.007362562930395611,0.0086060351266093,-0.08050194672310536,-0.02867063014085617,0.0394733490584381
0.80157626,0.7661778,0.63017243,0.63017243,0.90427727,0.94736844,0.94736844,0.5307645,0.54357404,1.0,1.0,1.0,0.54357404,0.54357404,0.3644905,0.6624597,0.52121365,0.010793944372032828,0.0035472504012285366,0.0026806740331763697,-0.01615839009853846,0.0005950337925854143,-0.0002785541269042055,0.00822780647920383,0.006870529128872383,0.011429639477280581,0.0,0.0,0.0,0.003821435449781646,0.005869499468426023,0.0615481459441063,-0.026154902828965886,0.013253195111227594
0.5952507,0.7947065,0.7872769,0.9375,0.99197626,0.7947065,0.94736844,0.34537962,0.35591185,1.0,1.0,1.0,0.35591185,0.35591185,0.19699049,0.5702374,0.3042136,-0.011194563714778442,0.0010166626639878035,0.0035587892691323142,0.004436877113742756,-0.005178786279498268,-6.099177294296244e-05,0.009236194429883594,-0.017553568341702953,-0.023101610438167976,0.0,0.0,0.0,-0.020425289407674158,-0.005339181777339088,0.07841318167747295,0.0019452481083851803,0.04770640545069071
0.95869756,0.8913406,0.7872742,0.9375,0.7959258,0.9489912,0.94736844,0.48961052,0.49897623,1.0,1.0,1.0,0.49897623,0.49897623,0.47699058,0.5213484,0.4322136,0.024453677754592652,-0.004534812722611158,0.00019314783850347733,0.012106604987166309,0.003485890615720745,-0.00121910667514247,0.012909917027144713,0.010271817959970777,0.012209860212086318,0.0,0.0,0.0,0.0016666728631236105,0.0059343794013670135,0.016112667439654796,0.0011060503175674397,0.025461838000715123
0.8621445,0.82957757,0.3259245,0.3259245,0.9375,0.94736844,0.82957757,0.47614905,0.48575473,1.0,1.0,1.0,0.48575473,0.48575473,0.41449046,0.49690405,0.6112137,0.02414223281211601,-0.002405816508861075,0.0016252816202998088,-0.013692312567690577,0.00010105059056106095,-0.0001431456991124519,-0.011079525597496219,0.008154912005270432,0.008256757817896414,0.0,0.0,0.0,-0.0004082034019132796,0.007064284206405883,0.05142874401118889,0.00891893061647904,-0.016241502910725677
0.7436976,0.63747525,0.9045032,0.9375,0.9375,0.76465535,0.67766637,0.6096105,0.6184882,1.0,1.0,1.0,0.6184882,0.6184882,0.5107405,0.68134856,0.5542137,0.0021714705983061178,0.008408787501314163,-0.008830199454889102,0.017782554574707385,-0.0005461603207638899,-0.0026633148908217453,-0.05741837234048177,0.01131651762984983,0.022423721192880445,0.0,0.0,0.0,0.006598662157217775,0.00760730427017527,0.0059342931971602675,-0.02665795297963962,-0.0018249316615990595
0.7529402,0.7469744,0.83908564,0.83908564,0.9375,0.94736844,0.90702903,0.36076444,0.37431893,1.0,1.0,1.0,0.37431893,0.37431893,0.34699047,0.36468187,0.34421358,0.01209128209433031,0.0007725359402017197,-0.0017506726005437146,-0.0010113117401337648,0.00032983634158063467,-0.0022550627405765727,0.008860648234971883,-0.00522244559815142,-0.011278325127510485,0.0,0.0,0.0,-0.010109323641668846,-0.001695349513995273,0.05869944776221512,0.02117586252611634,0.039738993263578354
0.6977507,0.85104614,0.8502183,0.8502183,0.87109214,0.94736844,0.94736844,0.52614903,0.53713584,1.0,1.0,1.0,0.53713584,0.53713584,0.5669905,0.3746818,0.62121373,0.0014499049881476853,-0.0014448476472207659,-0.004859428868621565,0.007537407321865048,0.0029546713865133273,-0.001199075942732149,0.012868852699455334,0.011482848835399745,0.015961616832594935,0.0,0.0,0.0,0.005149481405429194,0.008433628689716078,-0.03539665460515951,0.030085505747155943,-0.017081807196864047
0.6254401,0.5890726,0.7572951,0.9668138,0.7187617,0.94736844,0.94736844,0.5799951,0.58733743,1.0,1.0,1.0,0.58733743,0.58733743,0.3582405,0.74801517,0.54421365,-0.003769316103340631,0.00408452633129926,0.0010667085109113356,0.013680081250056892,0.008400442952336393,-0.0018814386330201552,0.011065706331286345,0.012689145974514841,0.017105691824131,0.0,0.0,0.0,0.00837239001985728,0.006920361052757032,0.06366803176040481,-0.045437095282368674,0.0048517853039424215
0.73062944,0.7789276,0.6870902,0.97322625,0.91715527,0.94736844,0.94736844,0.48576444,0.4959246,1.0,1.0,1.0,0.4959246,0.4959246,0.40074056,0.5624597,0.4112137,0.004201831552344359,0.0022050478267663627,0.001675176251689722,0.012243390322619774,0.00041276291835686094,-0.00195828060330845,0.012700775990505696,0.009438487707143537,0.010533354993364457,0.0,0.0,0.0,0.0019459917116968733,0.007249950931303411,0.05517430379426075,-0.0030869569052932927,0.02918284791975128
0.56794006,0.73830557,0.724848,0.9062,0.9062,0.94736844,0.94736844,0.20614932,0.22066201,1.0,1.0,1.0,0.22066201,0.22066201,0.29074037,0.18357065,0.23921366,-0.02327794345015826,0.005371263768082271,0.0036144564386525447,-0.0038758960835975436,-0.000641322935097951,-1.7325676093129064e-05,0.013982894071391735,-0.06741632803799508,-0.07037385984039513,0.0,0.0,0.0,-0.04864988006950268,-0.030452058850039477,0.07550509015735055,0.019895750011496384,0.047805193710792386
0.97983384,0.93297225,0.26955456,0.26955456,0.9375,0.94736844,0.93297225,0.53884137,0.54837364,1.0,1.0,1.0,0.54837364,0.54837364,0.5969905,0.49579293,0.47321358,0.04845589475722485,-0.012112014325198005,0.012533380578726237,-0.02048519643307453,-4.4734997252950136e-05,0.002850648804513491,0.0020904033860897715,0.005554835802344532,0.008996265160496144,0.0,0.0,0.0,0.004302781066499653,0.0054221686539840455,-0.05304790284288396,0.007127214282110514,0.01986235366894336
0.8894551,0.88555,0.61716455,0.9375,0.66581017,0.88555,0.94736844,0.76114905,0.76755977,1.0,1.0,1.0,0.76755977,0.76755977,0.77699053,0.7502374,0.6442137,0.020885039207620467,-0.009991867331802072,-0.0032443746683920947,0.014997404816570425,0.01966610904134256,-0.0029189555711867598,0.012484294485725887,0.01890106915510355,0.0058731610557126645,0.0,0.0,0.0,0.030540357730200272,-0.014001294009943486,-0.22523242084886452,-0.07026616507108896,-0.03169313348325943
0.87869763,0.7347666,0.70401704,0.97322625,0.9375,0.94736844,0.99324316,0.58153355,0.589115,1.0,1.0,1.0,0.589115,0.589115,0.5469906,0.78912634,0.35121363,0.02009191406916361,0.005468138060134298,0.0016104284586057798,0.011773301582948306,-0.00140024087474225,-6.788800148404447e-05,0.01150178317131859,0.011569521336812043,0.01591138235904511,0.0,0.0,0.0,0.011075535283366718,0.009214215855398021,-0.026567079852419736,-0.06903980799211004,0.045477432693051316
0.92350817,0.87717986,0.64501965,0.64501965,0.9375,0.94736844,0.9528845,0.6953796,0.6966881,1.0,1.0,1.0,0.6966881,0.6966881,0.7269905,0.4791263,0.7422137,0.03408078507795717,-0.008447332996553893,0.002302694819947267,-0.019642458515741593,-0.002159630439240792,0.0009163018494388772,0.012208056347239453,0.01684706553170781,0.025172771386065905,0.0,0.0,0.0,0.018896192208594193,-0.0018286026292457904,-0.17724112264201572,0.009760870496566343,-0.05580069983968593
0.46926576,0.65412605,0.6873974,0.9375,0.9375,0.65412605,0.9774537,0.12653396,0.14183477,1.0,1.0,1.0,0.14183477,0.14183477,0.05074048,0.21579297,0.23921366,-0.0401532628052548,0.02009484949289677,-0.0008126854177744647,-0.004598766211426139,-0.0019006974434778473,-0.0037417239780242486,0.023510355068570275,-0.10839498863236806,-0.10895823690654026,0.0,0.0,0.0,-0.07371785861005728,-0.046438257785906066,0.11699191831944245,0.01754420369256333,0.04400445219847821
0.6029401,0.7735111,0.844046,0.844046,0.9375,0.94736844,0.99324316,0.68422604,0.6875627,1.0,1.0,1.0,0.6875627,0.6875627,0.6307405,0.6746819,0.6702137,-0.01106608223033124,0.005258377585451338,0.002204660633710776,0.005734712810375825,-0.00299414328813098,-3.7624901689694604e-06,0.010857656724607187,0.020445130257773916,0.013759415932089536,0.0,0.0,0.0,0.01983280590196022,-0.0020714206850118533,-0.09316217824906117,-0.039732501699309974,-0.03600623196207235
0.4485083,0.17080055,0.85603344,0.85603344,0.9375,0.94736844,0.17080055,0.1288414,0.14468408,1.0,1.0,1.0,0.14468408,0.14468408,0.30949044,0.11801508,0.13321352,-0.05625776855027423,0.04464175968871116,-0.0002525571078236917,-0.0038407132315047515,0.0015098566343695944,-0.0018039033161013351,-0.23355833086920336,-0.06931277494127702,-0.0858714031913776,0.0,0.0,0.0,-0.027770191105989554,-0.022970159257875506,0.054934713737804175,0.020872464458243634,0.08886805917152492
0.6231295,0.7593898,0.59946394,0.59946394,0.9396432,0.94736844,0.94736844,0.4099953,0.4234411,1.0,1.0,1.0,0.4234411,0.4234411,0.40574056,0.5335707,0.37121361,-0.010666603296433907,0.0026002194531125444,0.004193614361028492,-0.016306052706203736,0.00020260171072091792,-0.0010418317950227917,0.012503317189260104,-0.0007448241003506538,-0.0033844553589389213,0.0,0.0,0.0,-0.00601434743653047,0.0029762875131765197,0.04340628838590436,0.0028698550588795186,0.039618296445274113
0.57581884,0.8153123,0.82265157,0.9375,0.97322625,0.8153123,0.94736844,0.40037978,0.41557264,1.0,1.0,1.0,0.41557264,0.41557264,0.26074052,0.4191263,0.56721365,-0.01290069824863559,-0.00037565436506429325,0.0016872571572039228,0.01381641657333809,-0.004045070884950183,0.001315810129261132,0.012737099256779611,-0.006212876058589785,-0.007396761496996024,0.0,0.0,0.0,-0.008795207239914454,0.001960534445043402,0.08372351681162278,0.0210879562886539,-0.0004781578017574284
0.5658188,0.76128936,0.81853485,0.9375,0.9375,0.76128936,0.9491732,0.5569182,0.5671623,1.0,1.0,1.0,0.5671623,0.5671623,0.46949053,0.39579296,0.72821367,-0.015079701287620716,0.004454334066374306,0.0028623330522422764,0.01654651819295631,-0.004064589612346038,-0.003368041228289279,0.015203686771424895,0.013989079597238132,0.018371058423721706,0.0,0.0,0.0,0.008339170722802821,0.008131512974243351,0.02300606004600112,0.02844270231096945,-0.05034557722071373
0.64275074,0.78975075,0.755983,0.99197626,0.93773437,0.94736844,0.94736844,0.42191827,0.43219045,1.0,1.0,1.0,0.43219045,0.43219045,0.38824052,0.46023738,0.41021356,-0.00325828467880978,-0.0010058881419422532,0.0012745005004911613,0.017088914767562066,-0.0011793325049733474,-0.002870156977647561,0.019567265017577128,0.0008798138590216093,-0.0001224288162285976,0.0,0.0,0.0,-0.005539684390424124,0.003581689319592365,0.04734174633309861,0.012597061820584194,0.027372306334472078
0.63157636,0.8769778,0.32390597,0.32390597,0.9375,0.94736844,0.8769778,0.56422573,0.5740745,1.0,1.0,1.0,0.5740745,0.5740745,0.5757405,0.49468178,0.5732137,-0.012031200817423877,-0.010481908927123178,0.009063135350837935,-0.02936751052699254,6.953071761146914e-05,0.0017209316913562244,-0.00022940471893095448,0.009983945166646207,0.01699084266349832,0.0,0.0,0.0,0.007201254161799659,0.0024335094486333613,-0.05084821108975804,0.0034068551483040967,-0.01072279388033593
0.866387,0.787518,0.4115544,0.4115544,0.93773437,0.94736844,0.94736844,0.44268754,0.4554381,1.0,1.0,1.0,0.4554381,0.4554381,0.38824052,0.35357073,0.5502137,0.019759277086190373,0.002935496399756914,0.004997901445673366,-0.023600614380800675,0.0008820199885932773,0.0007798696554871243,0.008766399020730188,0.0027006123291088346,0.0003652919006339933,0.0,0.0,0.0,-0.0039143984305275185,0.004035195946526041,0.0440326146179561,0.030870529869353375,-0.002131852088865831
0.69869757,0.8069667,0.80421203,0.9375,0.9375,0.8069667,0.8069667,0.17999531,0.19600226,1.0,1.0,1.0,0.19600226,0.19600226,0.14199054,0.15468174,0.32721367,0.004846721244520141,-0.004475795927519244,0.004206645042996537,-0.0002644730252365206,-0.0009810126308210068,-0.0025766143605782336,-0.025918829606708486,-0.07160748289779892,-0.08100717379748618,0.0,0.0,0.0,-0.05207419630691024,-0.030813145175271936,0.10086054624678052,0.018376055760919652,0.03901766453709856
0.66888696,0.6700168,0.5926204,0.5926204,0.9375,0.94736844,0.6700168,0.57076424,0.58179945,1.0,1.0,1.0,0.58179945,0.58179945,0.43949056,0.60690415,0.6152137,-0.003461466196923799,0.008963405694223459,0.0040050219521317095,-0.01647863693221224,-9.978612094686934e-05,-0.0014226204731605091,-0.0617346696323049,0.012693331096057641,0.022564936664300355,0.0,0.0,0.0,0.008453328860117704,0.007344357015613128,0.024330664501761124,-0.015138044471096552,-0.026330298300163354
0.47312948,0.8558539,0.9005603,0.99197626,0.97322625,0.94736844,0.94736844,0.3957643,0.40782294,1.0,1.0,1.0,0.40782294,0.40782294,0.24074054,0.27912617,0.69621366,-0.036046957387245185,-0.001786159994120244,0.0010962518319913234,0.0183588663068269,-0.005536561232626296,-0.0011921185535797429,0.011129200468812866,-0.005670276290018672,-0.009026134996916122,0.0,0.0,0.0,-0.008631586570408658,0.0024811210295716517,0.09402590716257919,0.034721202662313114,-0.038511224621358996
0.3979401,0.6943237,0.64464533,0.64464533,0.9375,0.94736844,0.9327985,0.40576452,0.41614792,1.0,1.0,1.0,0.41614792,0.41614792,0.5869905,0.25245953,0.3452137,-0.059475571804424296,0.0055938535967470435,0.004323941364263265,-0.020774572682126992,-0.0026553208363338863,-0.0028246189791709974,0.005091976241268067,-0.008473384909228485,-0.007400227851623417,0.0,0.0,0.0,-0.008282724779454792,0.002721761612234357,-0.06406550273060901,0.03186540706423721,0.03562584095660171
0.58062947,0.82841027,0.78269964,0.78269964,0.93370897,0.94736844,0.94736844,0.62691826,0.63478875,1.0,1.0,1.0,0.63478875,0.63478875,0.53074056,0.55023736,0.7732137,-0.01711346519949217,-0.0005968946902615582,0.0010199873836954278,-0.004813932491673457,-0.003629301904233303,-0.0011243882417719456,0.011550812914527628,0.020756966575178004,0.01928514194927188,0.0,0.0,0.0,0.014132823396057695,0.0018707356401250661,-0.00881908220143113,-0.0038066197902559607,-0.07853822618363566
0.7392657,0.7315042,0.54519343,0.8892118,0.68040115,0.94736844,0.94736844,0.6096105,0.61849463,1.0,1.0,1.0,0.61849463,0.61849463,0.7332405,0.6435707,0.44621363,0.006742410610527414,0.006493621532577225,-0.00520016996581624,0.007019532179858305,0.016944244134081386,0.0007062965087040229,0.00561947446352681,0.018116075702999942,0.01137073610409254,0.0,0.0,0.0,0.016170471631002645,0.004098118639849767,-0.18804411776113084,-0.028051164368815603,0.024212795219470427
0.56331885,0.80859274,0.70401704,0.70401704,0.85603344,0.94736844,0.94736844,0.16037999,0.17567661,1.0,1.0,1.0,0.17567661,0.17567661,0.05074048,0.31357065,0.23921366,-0.01996379200028915,-0.0033084179681844967,0.0009395766592190673,-0.002640160999993589,0.0004636570819746704,-0.0003434718992307997,0.013834109558934438,-0.07496458362005493,-0.08798792800633964,0.0,0.0,0.0,-0.053956658530248024,-0.03563021978200167,0.11800857642927945,0.013841163717697487,0.05484182122026653
0.6354401,0.8546253,0.9161427,0.9161427,0.9375,0.94736844,0.9774537,0.57268745,0.57270586,1.0,1.0,1.0,0.57270586,0.57270586,0.32949054,0.6069041,0.7822136,-0.006380159155888117,0.0002467418958336487,0.00357614410980953,0.012309404322884698,-0.003224920537393554,-0.001025970923268295,0.022198765781111504,0.014336778431913317,0.017936286184091137,0.0,0.0,0.0,0.008362030352336087,0.008071346054410148,0.07084093825341617,-0.014816163827048203,-0.07882713851122533
0.80831885,0.6907785,0.8288198,0.8288198,0.90427727,0.94736844,0.94736844,0.48845673,0.4984933,1.0,1.0,1.0,0.4984933,0.4984933,0.49574047,0.45579296,0.50121367,0.01367846552823784,0.0046174755577593745,-0.0054913844808600724,0.0026949048214423917,6.270783404621769e-05,-0.0010227974646493598,0.009464620575128632,0.01098179934076291,0.01210656843793886,0.0,0.0,0.0,0.0030462077436300364,0.00870741729893183,0.015223102820782007,0.015890636128384265,0.011239457059264733
0.12468264,0.4028507,0.72052866,0.72052866,0.9375,0.94736844,0.4028507,0.349226,0.36211637,1.0,1.0,1.0,0.36211637,0.36211637,0.25199044,0.36468178,0.45621365,-0.14694753374351727,0.013232319440664457,-0.00017515082737504955,-0.00535681160813689,-0.0003418516470835452,-0.005976870227014489,-0.17915489947732832,-0.016142450811556422,-0.02592084331254271,0.0,0.0,0.0,-0.006158390796129231,-0.0033335951835285556,0.07100839755464997,0.021324920014399912,0.021127315536702912
0.5646826,0.84890395,0.8709672,0.9375,0.9375,0.84890395,0.8930203,0.4065336,0.41834715,1.0,1.0,1.0,0.41834715,0.41834715,0.48199052,0.346904,0.43021363,-0.02139101890151569,-0.001424407066792262,-0.003911027165998584,0.021442474306430773,-0.001540268961706202,0.00021776351380652217,-0.0009924725586307145,-0.010918525367525005,-0.007779888074818025,0.0,0.0,0.0,-0.010012580133748106,0.0007674148129929592,0.023208571403640604,0.02164966213769647,0.02774856937278598
0.87638694,0.85578114,0.53655756,0.53655756,0.9027577,0.94736844,0.94736844,0.60653365,0.61447924,1.0,1.0,1.0,0.61447924,0.61447924,0.7819905,0.5135708,0.55021363,0.027163133490813562,-0.005140296161801156,0.010526383543101212,-0.021671992590093687,0.00041397967999343794,0.0031036278888220354,0.0022861447434128802,0.009955862031124231,0.015958972600370755,0.0,0.0,0.0,0.011026327630035675,0.0033621887411919675,-0.23682358095302075,0.003057242699854077,-0.0016782044337629576
0.96945506,0.86329323,0.66622186,0.7998041,0.7207582,0.94736844,0.94736844,0.60461044,0.6151331,1.0,1.0,1.0,0.6151331,0.6151331,0.6307405,0.69801515,0.5572136,0.03203390170292086,-0.0038648269867001773,0.0027000915952237526,-0.0018127948049235384,0.00895363167598274,-0.0006721458301121215,0.009742053445349843,0.01413116698207682,0.01759842690099594,0.0,0.0,0.0,0.015358943625015425,0.007659953662843844,-0.0748054323201754,-0.03708247276458127,-0.0038238681976525296
0.7533188,0.82776797,0.55137354,0.93773437,0.9375,0.94736844,0.8930203,0.46422592,0.4744175,1.0,1.0,1.0,0.4744175,0.4744175,0.5319905,0.22690402,0.58921367,0.011769100489726354,-0.00017896983392387504,-0.002273850274571382,0.008420514392806229,-0.0023601976757950892,-0.0014490772112062784,0.0004721122617677642,0.006759633138812067,0.010952573744531955,0.0,0.0,0.0,0.0004640415262740012,0.009881117084600183,-0.006552558326599627,0.04730118104345322,-0.007497816622476011
0.7361975,0.8351259,0.7777012,0.7777012,0.9375,0.94736844,0.9711938,0.5992259,0.6034709,1.0,1.0,1.0,0.6034709,0.6034709,0.6507405,0.38468182,0.7542137,0.004083341671847539,-0.0010430750124657436,-0.0020758995670216713,-0.005844985180354708,-0.003602382742178201,-4.564685616584241e-05,0.008482101529542986,0.01617819964700275,0.01911060953866323,0.0,0.0,0.0,0.013316275212357342,0.0053166662461249445,-0.11186030368209911,0.03442321844222599,-0.05953194743184973
0.5979401,0.7877081,0.8729616,0.8729616,0.91715527,0.94736844,0.94736844,0.43076456,0.44301757,1.0,1.0,1.0,0.44301757,0.44301757,0.3594905,0.44357067,0.55021363,-0.009364759806046879,0.001068710975433669,-0.0035355979148391976,0.004918068084253813,0.00010300031746559218,-0.002377044493861594,0.012517203820694408,-0.00019986506856738056,0.0009711381259560514,0.0,0.0,0.0,-0.004388212014371412,0.004121005156386862,0.06981135436322056,0.015025022739187323,-0.002673553453843426
0.43794024,0.73649716,0.9062,0.9062,0.97322625,0.94736844,0.94736844,0.28345695,0.29840776,1.0,1.0,1.0,0.29840776,0.29840776,0.42824048,0.15468185,0.4072137,-0.044881856438767874,-0.0008740502686344268,-0.004152763603100114,0.009241431410859268,-0.003928538180572844,-0.0030214564336258076,0.013433944836299753,-0.04865540129238211,-0.04181007092562917,0.0,0.0,0.0,-0.029988478954159882,-0.017759446280904458,0.04823580093642185,0.019297276846154836,0.023565111786663328
0.9035082,0.80109125,0.8287943,0.93370897,0.9396432,0.94736844,0.94736844,0.56807196,0.5781469,1.0,1.0,1.0,0.5781469,0.5781469,0.58699054,0.40801513,0.6442137,0.01810703596571026,0.0023768383956460524,-0.005160762019709823,0.017382116500136147,-0.0026503066996985338,-0.0001016357672703589,0.011841374927580459,0.007740640495113233,0.013770146162084133,0.0,0.0,0.0,0.006005934535493701,0.005505411200679036,-0.045237127078923176,0.02698247853709538,-0.02150155609949977
0.37006134,0.66305715,0.99197626,0.9375,0.9375,0.66305715,0.8472302,0.61961055,0.6268455,1.0,1.0,1.0,0.6268455,0.6268455,0.46324056,0.82801515,0.6052137,-0.05023415685374533,0.00974333072777521,0.010560137365440314,0.018472367782119917,-0.0024312709948644297,-0.006813387955838546,-0.01459811151435678,0.020467863223477836,0.020113289950123264,0.0,0.0,0.0,0.009399352744230087,0.0029892570118698956,0.024207301587682854,-0.0783983935590993,-0.018485317169005686
0.41562942,0.64505315,0.75559264,0.75559264,0.9375,0.94736844,0.64505315,0.7115336,0.71926713,1.0,1.0,1.0,0.71926713,0.71926713,0.7532405,0.6435707,0.6952137,-0.04907388061504005,0.014329828983003829,-0.00047490834470411677,-0.00895681688399932,-0.0022651740816913794,-0.003175714747502958,-0.05034832098552031,0.03466211434383701,0.028671003900585582,0.0,0.0,0.0,0.011684255061384118,-0.004538870110299319,-0.167001538245935,-0.021020367075800305,-0.05233010336082641
0.65831894,0.86301184,0.91411304,0.91411304,0.9375,0.94736844,0.9210105,0.48422593,0.49372607,1.0,1.0,1.0,0.49372607,0.49372607,0.41949058,0.406904,0.6342137,-0.0016206078760452316,-0.0005082295217399547,-0.005009837171206677,0.011601713637740253,-0.001693135785697686,-0.002149970644579122,0.006883830455254996,0.008703334517937691,0.011116439462004418,0.0,0.0,0.0,0.00361174934437027,0.0068697658730905165,0.03874911291831068,0.01866029910719138,-0.026170214250675627
0.6236975,0.79102314,0.44691816,0.44691816,0.90427727,0.94736844,0.94736844,0.4107644,0.42584375,1.0,1.0,1.0,0.42584375,0.42584375,0.40699053,0.276904,0.59421366,-0.010997657626101933,0.0003449287426508992,0.0028839658126337555,-0.022840194951334367,0.0004813041662800417,-0.0009191339399385232,0.014652629730021786,-0.0012750255753916251,-0.00598375803062923,0.0,0.0,0.0,-0.006499912244616947,0.003919055375776889,0.04008134061262031,0.038903293293150676,-0.01104442232160321
0.49525073,0.7538843,0.9062,0.97322625,0.9375,0.94736844,0.9774537,0.5149953,0.52843285,1.0,1.0,1.0,0.52843285,0.52843285,0.5657405,0.39134842,0.5602137,-0.031454036672470265,0.004263607954511822,-0.003643847603106065,0.030757962989721856,-0.0036988391613315724,-0.0016570215268243598,0.017252187814635684,0.006544270431425173,0.011458507916393355,0.0,0.0,0.0,0.002459561784550865,0.00796168828970327,-0.03621153442962154,0.02841119005963261,0.0039428565513439685
0.9998338,0.94736844,0.436073,0.436073,0.436073,0.94736844,0.94736844,0.7538414,0.7597081,1.0,1.0,1.0,0.7597081,0.7597081,0.6982405,0.7369041,0.6992136,0.05270762498546633,-0.014081369778903072,0.0014221449071282924,-0.0211195823838959,0.02068532881788662,0.0006007910339596867,0.008849875024390419,0.008453832743455746,0.009743803967584279,0.0,0.0,0.0,0.029519383815096018,-0.0063377913541572285,-0.13405416746446736,-0.04968164068887164,-0.04330418561754966
0.6156295,0.8805094,0.6704016,0.6704016,0.9062,0.94736844,0.94736844,0.44922578,0.46344042,1.0,1.0,1.0,0.46344042,0.46344042,0.44449055,0.49579293,0.35521364,-0.009579155853484402,-0.004541580360165347,0.00265311178735867,-0.014821777701275112,0.0004836403922924769,0.000204724088208737,0.013314075052413882,0.0037229189761548327,0.00575026107955652,0.0,0.0,0.0,-0.002602808013176208,0.006390006515616552,0.03242104494209856,0.008601987030037233,0.042656709211312725
0.80525076,0.862741,0.91411304,0.91411304,0.93370897,0.94736844,0.94736844,0.637303,0.64560807,1.0,1.0,1.0,0.64560807,0.64560807,0.3532406,0.6824596,0.7872137,0.01142625615614193,-0.0018368969551065513,0.0013703682625401503,0.011913477265110724,-0.0016250802556955829,-0.002213208343454939,0.01952912842520548,0.01657223568763794,0.021412346639862842,0.0,0.0,0.0,0.010611436385277125,0.006672694035323432,0.06624607891071191,-0.03392681391751697,-0.08970417499047319
0.8486976,0.89144605,0.82265157,0.8892118,0.90095365,0.94736844,0.94736844,0.37230286,0.38362223,1.0,1.0,1.0,0.38362223,0.38362223,0.54199046,0.16801506,0.50121367,0.020350341686757742,-0.0049884093652002755,-0.00585360415769951,0.009332013119941151,0.0005782350303081687,-0.00014645998441826347,0.004977675329243418,-0.014683138353193964,-0.014377222569260889,0.0,0.0,0.0,-0.01668424114513199,-0.003954009746557397,-0.014214018765521863,0.028599381132434463,0.008333376928541546
0.48256132,0.752163,0.9292761,0.9292761,0.97322625,0.94736844,0.94736844,0.5880721,0.5945133,1.0,1.0,1.0,0.5945133,0.5945133,0.42074054,0.57912636,0.6992136,-0.026109727860901134,0.003757261705337681,0.0035981947178919714,0.014532223874089159,-0.006481674374369729,-0.0009590107774911491,0.008419523067579456,0.018395444025895036,0.02144423213496259,0.0,0.0,0.0,0.009666907246235784,0.008169671778395435,0.037856021027978526,-0.010991215336898263,-0.04887314230373366
0.76369756,0.78751653,0.67837816,0.9375,0.6612934,0.78751653,0.94736844,0.5865336,0.5947018,1.0,1.0,1.0,0.5947018,0.5947018,0.6982405,0.5391263,0.44321364,0.007060836910728321,0.0037681475472067173,0.0018346853020101044,0.022849067006899128,0.015272713178411453,-0.00744859150741333,0.005340643692657276,0.01797604015031371,0.016582612418221877,0.0,0.0,0.0,0.01413877539523807,0.008429590434173673,-0.16546998249747008,-0.0009930774315840712,0.029721100245937878
0.42544013,0.6822928,0.8581048,0.8581048,0.9375,0.94736844,0.71552885,0.34999526,0.36493662,1.0,1.0,1.0,0.36493662,0.36493662,0.41949052,0.41134846,0.3492137,-0.056153141915488716,0.001520982790486927,-0.0018220629119264297,0.0013741647418656511,-0.0010293801572407058,-0.0029346466888607726,-0.05368358321712924,-0.01914385523056049,-0.025024096285949753,0.0,0.0,0.0,-0.011157710954632659,-0.005006078782472573,0.03783270926396655,0.013806242187990732,0.04555900225326512
0.9406295,0.8770352,0.81891304,0.9396432,0.91109073,0.94736844,0.94736844,0.5734568,0.58316094,1.0,1.0,1.0,0.58316094,0.58316094,0.58699054,0.6380152,0.4742136,0.023531534055329244,-0.004184943637156078,-0.0033432058860835934,0.013185420269166257,-0.00011838863330352933,0.00023843925408935262,0.008670037982636308,0.00643312593313523,0.012352265070222723,0.0,0.0,0.0,0.008044845415092325,0.005632534120469744,-0.057667835444758904,-0.022976131573659183,0.01782831377812763
0.72100824,0.8167491,0.38092184,0.38092184,0.9375,0.94736844,0.8167491,0.57691824,0.5825305,1.0,1.0,1.0,0.5825305,0.5825305,0.74824053,0.3869041,0.5422136,0.0062511716181035855,0.000847887471277316,0.01866170868430517,-0.02179505534314897,0.0003236343274243957,-7.358089250045913e-06,-0.004280935756206346,0.011938652404471168,0.017601613212758355,0.0,0.0,0.0,0.0072340475709279884,0.0030217600887330327,-0.18968885416460102,0.022567123645955558,0.0018093502527774675
0.75081885,0.822561,0.7522105,0.7522105,0.90427727,0.94736844,0.94736844,0.3599952,0.37273017,1.0,1.0,1.0,0.37273017,0.37273017,0.21574044,0.34690413,0.5222136,0.008933516571240722,-0.0016631231721479483,0.00031729309373426467,-0.005242876108844976,0.0005260424910860273,-0.000870766028617464,0.011713660245659514,-0.007110108797439694,-0.015666709049597584,0.0,0.0,0.0,-0.01250435241132257,-0.0024765297940579577,0.07587251683598588,0.028018312516789393,0.006360487461901211
0.2021826,0.7909826,0.9396432,0.9396432,0.97322625,0.94736844,0.94736844,0.31153372,0.32345656,1.0,1.0,1.0,0.32345656,0.32345656,0.3019905,0.24023734,0.44621363,-0.09872633138453026,-7.511087099232261e-05,0.007600523337484932,0.0116249239015119,-0.004831404241107636,-0.0009313006892488391,0.01374079467479561,-0.03635270910135529,-0.03592373010356509,0.0,0.0,0.0,-0.024561286718440233,-0.011500161501879746,0.08173736671626906,0.0334803150359945,0.025773533830942667
0.6990763,0.7505975,0.7224034,0.8498538,0.6518434,0.94736844,0.94736844,0.5480719,0.5574029,1.0,1.0,1.0,0.5574029,0.5574029,0.15699053,0.7002374,0.6952137,0.0009531019729195989,0.0015893026518043008,0.0011235116278517125,0.0022001269621977925,0.008320100026717096,-0.0013280752773655346,0.011867477537443666,0.010653712454962992,0.01526562295968965,0.0,0.0,0.0,0.00768529572126654,0.007759347518437649,0.09521585995955589,-0.03717324717606085,-0.04428368332215385
0.8665763,0.8769778,0.41227117,0.41227117,0.93773437,0.94736844,0.94736844,0.578072,0.5837576,1.0,1.0,1.0,0.5837576,0.5837576,0.6157405,0.3624595,0.7222137,0.027469841327522452,-0.007175868369461135,0.012981320700306376,-0.02891920375763665,1.0211500350199645e-05,0.0010299529593547658,0.008888293580854245,0.009658980475451828,0.017625061804487255,0.0,0.0,0.0,0.008084819489361296,0.004611904183576163,-0.07682298904478686,0.03418296424865155,-0.04778530038095413
0.831387,0.81907153,0.34675086,0.9375,0.34675086,0.81907153,0.94736844,0.46268743,0.4776868,1.0,1.0,1.0,0.4776868,0.4776868,0.47449046,0.36023733,0.5272137,0.015573271276210726,-0.0011448929751162193,-0.018703266105879954,0.011616083494892808,0.0014344690316856748,-0.003483112462020177,0.012490555111811654,0.004384422967224117,0.007425728269692304,0.0,0.0,0.0,-0.0022109466104781165,0.005551951927463642,0.017248639575472527,0.030139820006427735,0.004395086007791163
0.77119756,0.8157594,0.83717763,0.9375,0.97322625,0.8157594,0.94736844,0.54922587,0.5639102,1.0,1.0,1.0,0.5639102,0.5639102,0.52449054,0.5102374,0.5362137,0.006985292427172427,0.0014001712051981412,-0.0026747729732819357,0.019616517170756295,-0.006118107639490385,-0.003368986912193295,0.009497604451880604,0.007872110560070781,0.012915899370838497,0.0,0.0,0.0,0.0036830535741593034,0.006404864177330188,0.003183820358523546,0.008673981919696223,0.00776054607062157
0.34775087,0.5573057,0.9062,0.9062,0.9375,0.94736844,0.5399664,0.13076459,0.1455822,1.0,1.0,1.0,0.1455822,0.1455822,0.18324041,0.118015185,0.23921366,-0.07620749632417181,0.02482539428084145,0.011076343774422688,-0.0066420342252219945,7.299605560706906e-05,-0.00012892587856668498,-0.1155899001375357,-0.08904905258220844,-0.10225031091599115,0.0,0.0,0.0,-0.043107716247611644,-0.03449207752057497,0.09630953228355522,0.01574856910989266,0.06032874157781618
0.6536976,0.7522788,0.8170844,0.8170844,0.97322625,0.94736844,0.94736844,0.24230282,0.2574639,1.0,1.0,1.0,0.2574639,0.2574639,0.14199054,0.40134844,0.30021352,-0.0010775235865419714,0.005009889145604292,0.0033922220269861614,-0.0019467607453535374,-0.002262236597634294,-0.00044652560517595473,0.007925173781914928,-0.043900774734016705,-0.05137620976863905,0.0,0.0,0.0,-0.03484645874008375,-0.0196115225254722,0.08939688513655529,0.01167426304466528,0.039852601467782175
0.49562952,0.7034205,0.8729616,0.9062,0.9375,0.94736844,0.71008945,0.37961066,0.39359468,1.0,1.0,1.0,0.39359468,0.39359468,0.3644905,0.32579285,0.46821356,-0.03920297191884012,0.001285219527718941,-0.00227975268989214,0.004732375814764619,-0.0011446605197344556,-0.0021852687728371265,-0.06826843639308243,-0.013199330675411456,-0.016852955055932758,0.0,0.0,0.0,-0.009485122816928749,-0.002905419727145359,0.05097103952078999,0.02366061605438425,0.02239228813147629
0.5854401,0.62749356,0.6432804,0.939427,0.59958476,0.94736844,0.94736844,0.47999498,0.4919075,1.0,1.0,1.0,0.4919075,0.4919075,0.41449058,0.5135708,0.4832136,-0.010471500722505887,0.005095267745277488,0.001307847053282647,0.014136798325128964,0.012710489492494705,-0.0015911106002466841,0.011002484590109855,0.007104391080038464,0.008351834698474156,0.0,0.0,0.0,0.0017566704148363821,0.005798191899193181,0.04133143336391305,0.0013062950616131433,0.014520009351260757
0.56718254,0.70685923,0.9062,0.9062,0.9375,0.94736844,0.99324316,0.29461068,0.30755174,1.0,1.0,1.0,0.30755174,0.30755174,0.24824047,0.276904,0.4702136,-0.015651132890012385,0.0027630540991443998,-0.000961235540346603,0.00913223509609415,-0.00100765302753245,-0.0013979577709396223,0.031683178396827084,-0.033940313133869894,-0.03819096216626109,0.0,0.0,0.0,-0.02975938849124121,-0.01628430634353804,0.08560167222653547,0.025424976853852983,0.01629100362477555
0.9169551,0.9210105,0.030137805,0.030137805,0.97322625,0.94736844,0.94736844,0.23422608,0.24933861,1.0,1.0,1.0,0.24933861,0.24933861,0.2657405,0.2424595,0.23921366,0.0366848035561133,-0.025793108531162238,-0.030639196365941278,0.027607352750816577,-0.0006934182836933313,0.0002122223976596716,0.015103462128040163,-0.03496426020760949,-0.04827494964989312,0.0,0.0,0.0,-0.037906283162584285,-0.017051179922340672,0.06781100473239135,0.023487997693091293,0.05089938893682383
0.78331876,0.8845964,0.7974869,0.7974869,0.86482304,0.94736844,0.94736844,0.6176875,0.626544,1.0,1.0,1.0,0.626544,0.626544,0.7469905,0.49468178,0.6412137,0.01076405329801074,-0.008160407971796962,-0.0015698957713405992,-0.007010044118591534,0.004243522525326455,-0.00041550767407526416,0.010953493007661014,0.01718817356829319,0.016635654761144928,0.0,0.0,0.0,0.015004151512591903,0.004541721933987282,-0.20135401763038685,0.012556062928745922,-0.02603365820094145
0.32062954,0.7469763,0.66424805,0.66424805,0.9062,0.94736844,0.94736844,0.37076452,0.38474092,1.0,1.0,1.0,0.38474092,0.38474092,0.3019905,0.3713485,0.4662136,-0.07517458691399914,0.0017812582928531065,4.403706681347444e-06,-0.012811805896186072,-0.0001466016971170872,-0.0026680443979015377,0.010765817180091753,-0.015565202094323285,-0.015846208886517114,0.0,0.0,0.0,-0.013036140630980284,-0.002353596277765271,0.07756007475839001,0.020051902257868442,0.01839909717421849
0.7558188,0.8471872,0.79748535,0.9375,0.9375,0.8471872,0.99324316,0.4792259,0.4911681,1.0,1.0,1.0,0.4911681,0.4911681,0.58699054,0.35690403,0.44621363,0.010197763540161593,-0.0011589307296789762,-0.0014317954303431862,0.019711795287886053,-0.0016397750129942589,-0.001420727523751747,0.017585471623764788,0.008358340702476912,0.010498316997718561,0.0,0.0,0.0,0.0009398610667791485,0.0070057008577964295,-0.06419430142040326,0.03051459927545262,0.024394580037109214
0.65544015,0.859315,0.7895206,0.7895206,0.90427727,0.94736844,0.94736844,0.24037991,0.25617576,1.0,1.0,1.0,0.25617576,0.25617576,0.30324042,0.17801507,0.33321363,-0.0024646149650147044,-0.01065623324699181,0.00268537615933023,-0.005114932303009932,0.000491035009529062,-0.0003298608067115218,0.0185171415432913,-0.05306167506648503,-0.06160120944954473,0.0,0.0,0.0,-0.041900763822956544,-0.02565913038353865,0.06815364408320962,0.018586367299628547,0.040056348681975586
0.3531296,0.76809597,0.83945024,0.9375,0.9062,0.76809597,0.94736844,0.21653381,0.23110904,1.0,1.0,1.0,0.23110904,0.23110904,0.18324053,0.26468182,0.23921356,-0.058535064020117274,0.003331243020936926,0.011208560422723899,0.001458500084806323,-0.00015938475934246382,-0.001792343731696268,0.01580059655904916,-0.07728758632960281,-0.07249731913366031,0.0,0.0,0.0,-0.05363053546512088,-0.030846592542989038,0.1069606968371915,0.020759318099656178,0.050469777372396864
0.8660082,0.90702903,0.52146137,0.52146137,0.93773437,0.94736844,0.94736844,0.514226,0.5221893,1.0,1.0,1.0,0.5221893,0.5221893,0.52574056,0.40912616,0.5622136,0.02614450939445927,-0.009116833138817669,0.007041286655442902,-0.024058623966896585,0.00022168139081139724,0.0011350661625593448,0.011645684469196373,0.0076629670206894455,0.010509310365009112,0.0,0.0,0.0,0.002310804945864246,0.006250178208861621,-0.009203945342542234,0.02219576233944001,-0.005296440845267687
0.8681295,0.867957,0.77242273,0.77242273,0.9375,0.94736844,0.99324316,0.6992258,0.7019907,1.0,1.0,1.0,0.7019907,0.7019907,0.6744906,0.66357076,0.7102137,0.016963385298305624,-0.006298565471755973,-0.0003183233189099642,-0.009425817220488382,-0.0025818009843395083,4.545318639951265e-05,0.01142874400052381,0.013458055913871631,0.01222668449899127,0.0,0.0,0.0,0.020936683174243825,-0.005453049448470827,-0.13694111181648805,-0.03732258586372171,-0.04614231617544913
0.7975613,0.85590434,0.91715527,0.9396432,0.9062,0.94736844,0.94736844,0.42614907,0.43848166,1.0,1.0,1.0,0.43848166,0.43848166,0.29074037,0.26912627,0.6752137,0.010886291914715312,-0.0013282974574192296,-0.005861579164460847,0.014214229219949128,9.03446431040586e-05,-0.0007163792744112022,0.013353634107080186,0.00013243737381161052,-0.0024763339603514124,0.0,0.0,0.0,-0.00423500360067388,0.002742392821751405,0.07067774920586455,0.04072143575592561,-0.02956011761956994
0.8831294,0.8276937,0.71184886,0.939427,0.9375,0.94736844,0.99324316,0.6946106,0.6999141,1.0,1.0,1.0,0.6999141,0.6999141,0.7657405,0.67245966,0.58021367,0.015638722829107134,-0.000938460503798491,-0.00034256890947638604,0.01610317368071361,-0.005398324999463819,-7.176218439474906e-05,0.004990210285165409,0.018923166707752247,0.012237527761294506,0.0,0.0,0.0,0.02548980640491449,-0.0029899046608601832,-0.2351147105524878,-0.04491668379897138,-0.010158226877380837
0.923887,0.80708575,0.49094927,0.97322625,0.5366084,0.94736844,0.94736844,0.47191826,0.48447478,1.0,1.0,1.0,0.48447478,0.48447478,0.5257405,0.48912632,0.47721368,0.01954541494700823,0.0006165116669959863,-0.004443353549314353,0.017667420572900473,0.005607116281319637,-0.00015185243640659249,0.011467842873902356,0.005010927939326234,0.008701735159369492,0.0,0.0,0.0,-0.002263619258685081,0.0068967644112871785,-0.0005879007922031443,0.010080764033942455,0.021270351184340498
0.489872,0.73513865,0.7205277,0.7205277,0.9375,0.94736844,0.6907785,0.3796105,0.3931545,1.0,1.0,1.0,0.3931545,0.3931545,0.32074046,0.42801508,0.45621365,-0.042801904808431504,0.002310851629859369,0.0008310799291977796,-0.00539898675206853,-0.000651311603259323,-0.0027872739218650394,-0.06901747906318621,-0.008618965407756078,-0.015020212828665542,0.0,0.0,0.0,-0.006466714892763352,-0.0015154546220655506,0.06858519766678177,0.01194716829174551,0.019156642559989077
0.8131294,0.8351261,0.7703345,0.7703345,0.9657926,0.94736844,0.94736844,0.5480722,0.55618167,1.0,1.0,1.0,0.55618167,0.55618167,0.6294905,0.46912628,0.5622136,0.01672950687922985,-0.0016031336757334953,-0.0016746650800694921,-0.008855843590452068,-0.00537780439480719,0.0002134446225036699,0.0062795371095064586,0.012168604366807872,0.01590687204771809,0.0,0.0,0.0,0.00781120340661604,0.007314799597989323,-0.08993989415167651,0.011619230519900185,-0.0034857999394169786
0.7185082,0.658744,0.6065549,0.6065549,0.9375,0.94736844,0.658744,0.5426875,0.5495756,1.0,1.0,1.0,0.5495756,0.5495756,0.58699054,0.46468183,0.64121366,0.005670503927818201,0.009200905965029035,0.005930406354456914,-0.016376925765508504,-0.0009227049358631085,-0.0001247996325664419,-0.05793333659466979,0.009751058157437029,0.015580853206944922,0.0,0.0,0.0,0.0038522596747769928,0.006434968314860404,-0.03975392018712009,0.009273016426412602,-0.029770024747497473
0.75369763,0.83513457,0.5118601,0.5118601,0.97322625,0.94736844,0.94736844,0.4930722,0.5068365,1.0,1.0,1.0,0.5068365,0.5068365,0.42824048,0.6091263,0.4522136,0.008187989518234294,-0.0016389324379681742,0.0009313028508545243,-0.01768679752336132,0.0003940113373209721,0.0006136533769936949,0.011310442130861924,0.006468013429053725,0.006659217773986514,0.0,0.0,0.0,0.00048685071464707463,0.004728975384454984,0.03245149819790021,-0.013776803483978339,0.025646122529609506
0.92945504,0.7732529,0.5394236,0.8338667,0.65165097,0.94736844,0.94736844,0.5369182,0.54818964,1.0,1.0,1.0,0.54818964,0.54818964,0.6044905,0.4946819,0.5452136,0.019202549383683203,0.004206065040964852,0.0002623508591091576,0.0010926377012281296,0.010678543189726619,0.0005675603719591917,0.004216733822016453,0.008123023630942498,0.012197392554352503,0.0,0.0,0.0,0.004833354434310759,0.00828538908554479,-0.055767792898470565,0.011622574277302226,0.0031263963339962144
0.7440764,0.80695844,0.52429575,0.52429575,0.83945024,0.94736844,0.94736844,0.4699949,0.48142222,1.0,1.0,1.0,0.48142222,0.48142222,0.14199054,0.47468185,0.75821364,0.007942973567715384,-0.0004203865417240932,0.001750846806111789,-0.014561804924612294,0.00018203119266832718,-0.0014247951942585153,0.012932267627927657,0.007266234683394326,0.00753038814858157,0.0,0.0,0.0,0.002592917242647613,0.00650930285143732,0.09611478816744594,0.007776991388312461,-0.0658799204986603
0.7817657,0.8913406,0.32166678,0.32166678,0.90427727,0.94736844,0.94736844,0.41999525,0.43511,1.0,1.0,1.0,0.43511,0.43511,0.21074045,0.6869041,0.3822136,0.005847294889142841,-0.006009667794907128,-0.0075642458818146255,-0.01733671133834452,-0.00029133249804324314,0.0007754544372619086,0.006047058647012157,0.0019388716958978305,-0.0035383751174100993,0.0,0.0,0.0,-0.009926499238020916,0.0027463386785317313,0.1182020602875134,-0.026205446896551486,0.051353863337847326
0.39256138,0.7082575,0.90295684,0.9375,0.9375,0.7082575,0.80593956,0.6142258,0.6213676,1.0,1.0,1.0,0.6213676,0.6213676,0.6982405,0.5491263,0.5702136,-0.04298091291186509,0.008248043313655666,0.0032393381341699083,0.0204531306481738,-0.003960806894461073,0.0015950262317279767,-0.01832531908847331,0.027692866838504512,0.01965733420923136,0.0,0.0,0.0,0.009392704226226902,0.004112423160761512,-0.15215566790432036,-0.0034264704694464978,-0.006937579097836023
0.5600613,0.83095527,0.8289015,0.8289015,0.97322625,0.94736844,0.94736844,0.62614894,0.63575673,1.0,1.0,1.0,0.63575673,0.63575673,0.5069905,0.6246819,0.6372137,-0.014391060007499193,-0.0006119766357087441,0.003612622531677509,0.003955405374919571,-0.007438072732004237,-0.00038586690044258465,0.012259981700613409,0.023575702314845674,0.02395378509119534,0.0,0.0,0.0,0.015705775512989042,0.005573676415631513,0.002784530585888918,-0.019704600302950386,-0.029571936912161676
0.81831884,0.8209835,0.7540188,0.97322625,0.9375,0.94736844,0.9210105,0.4965336,0.5107667,1.0,1.0,1.0,0.5107667,0.5107667,0.44699055,0.58801526,0.44621363,0.016076004342486933,0.000586492169668203,0.0012487537890717665,0.01313110001856068,-0.00012375052773488517,-0.00018651731079816856,0.009178756797681834,0.00908094394312591,0.013400049301885777,0.0,0.0,0.0,0.0037187504219958136,0.006635079446002065,0.025072532201971195,-0.011359738430819827,0.017768492700916516
0.6306295,0.81574756,0.6746687,0.9375,0.9657926,0.81574756,0.94736844,0.439226,0.44898298,1.0,1.0,1.0,0.44898298,0.44898298,0.3019905,0.48023733,0.58521366,-0.0060540586377753084,-0.0005200533203346658,0.001285634406216604,0.009925413483363186,-0.0034362062662118865,-7.880184731373494e-05,0.013106196981478562,0.003618806862918378,0.00226615494412149,0.0,0.0,0.0,-0.0029564031446580683,0.006218177802861484,0.0731589467530431,0.011077604723154359,-0.008136629724850153
0.5731295,0.683934,0.94547904,0.9657926,0.8709672,0.94736844,0.94736844,0.54537976,0.55438983,1.0,1.0,1.0,0.55438983,0.55438983,0.46324056,0.30134848,0.8032137,-0.017597508000182786,0.00589065895076233,-0.008611316758915123,0.027264545977024785,0.002181972925024412,-0.0010964775462169887,0.008762599112695679,0.007744519081129237,0.012384159749364071,0.0,0.0,0.0,0.005185610526399887,0.006465782726430662,0.0355671994636899,0.0439976574836968,-0.06954032214479647
0.61369765,0.6351644,0.84781015,0.9375,0.9375,0.6351644,0.89307725,0.36576447,0.37852356,1.0,1.0,1.0,0.37852356,0.37852356,0.3644905,0.56357074,0.1662136,-0.010438398523163884,0.009668677466548618,-0.0019660980589181116,0.011715997565163004,-0.000641126579131143,-0.005524580363179187,-0.002450584700543894,-0.0062568594125794845,-0.012661290247830652,0.0,0.0,0.0,-0.008404158702231436,-0.002306508671447864,0.04170715179372988,-0.00013159061134664036,0.06097396766708364
0.69331884,0.8770204,0.9191301,0.9191301,0.97322625,0.94736844,0.94736844,0.5719182,0.57619303,1.0,1.0,1.0,0.57619303,0.57619303,0.45074052,0.40134844,0.8422137,0.0006456084394327366,-0.004074488912172966,-0.000742588090681533,0.013353727014438137,-0.0073581172374867455,-0.0020392470496610306,0.01672338025281076,0.017922792255881923,0.02246044604259808,0.0,0.0,0.0,0.011044339082798558,0.00907301781463097,0.024733813834407103,0.025362294415698292,-0.09819860379862931
0.4406295,0.76634496,0.80096567,0.80096567,0.90427727,0.94736844,0.94736844,0.3957643,0.40178636,1.0,1.0,1.0,0.40178636,0.40178636,0.25199044,0.29690403,0.70521367,-0.03949058508529371,0.0023330567895539322,0.00023954872610632672,-0.0016772665466678167,-2.2367591099454325e-06,-0.0016848547325781706,0.012800367634055424,-0.007439834050860885,-0.012402693981904989,0.0,0.0,0.0,-0.011299366459739908,0.0015621797868744377,0.08667519809107492,0.036061341053781795,-0.04092461641339369
0.7790762,0.86329323,0.5154887,0.5154887,0.93773437,0.94736844,0.94736844,0.6684568,0.6768613,1.0,1.0,1.0,0.6768613,0.6768613,0.53699046,0.785793,0.6442137,0.013131454828089417,-0.005834102250231088,-0.001242384121497086,-0.01435227171476214,-0.000986367964184182,0.002129224484025281,0.011977999703580872,0.012334167045026994,0.02213402534342078,0.0,0.0,0.0,0.01789396405846353,-3.2752862414971164e-05,-0.02631080243200183,-0.07111229593798322,-0.03163160846206258
0.5731295,0.5750672,0.8671419,0.9375,0.9375,0.89307725,0.99324316,0.42345664,0.4347973,1.0,1.0,1.0,0.4347973,0.4347973,0.2969905,0.44023737,0.49421367,-0.013488446310004308,-0.0023164247815667537,-0.0033022894012663096,0.014592563572810014,-0.0006872389883318834,0.00017860926710398795,0.02293344234152831,-0.003661915911532249,-0.0043880673039195135,0.0,0.0,0.0,-0.006296942325136964,0.0012091725632508658,0.07227085755071813,0.014474969632270556,0.012900560253438189
0.37062943,0.23570623,0.9375,0.9375,0.9375,0.23570623,0.23570623,0.4469182,0.45834497,1.0,1.0,1.0,0.45834497,0.45834497,0.58699054,0.34690413,0.41821367,-0.07048291529107656,0.016346519307773533,-0.008787799409281342,0.01610715587944791,-0.0004721851100822225,0.0499173861208706,-0.1866093552589716,-0.002235268212530153,-0.0009276616890281958,0.0,0.0,0.0,0.003747987647724159,0.004160285677786134,-0.03694445408796687,0.01784649484798159,0.024805325729261352
0.19737189,0.724698,0.8709672,0.8709672,0.83945024,0.94736844,0.94736844,0.38345674,0.39755744,1.0,1.0,1.0,0.39755744,0.39755744,0.14199054,0.36468187,0.67321366,-0.09296325258731772,4.565210829112307e-05,0.004475103635165953,0.0043116777539373066,0.005222636548692508,-0.0027172740537192426,0.013958181948127386,-0.01010169936933034,-0.01286620516328022,0.0,0.0,0.0,-0.008429516994606272,-4.819290547427475e-05,0.10219254718078405,0.020919458658821402,-0.035355886992322276
0.7208188,0.82990384,0.82925797,0.82925797,0.9375,0.94736844,0.9774537,0.5334568,0.5441929,1.0,1.0,1.0,0.5441929,0.5441929,0.43949056,0.5013485,0.68021363,0.0021871963052250264,8.733597286847103e-06,-0.0007724588495623328,-0.002107574722239367,-0.0014974279775739636,-0.0012605721527069863,0.019535521678404524,0.009708348228513505,0.013954526055682566,0.0,0.0,0.0,0.004076354133594875,0.00789955041762843,0.04468915070814612,0.010014808338647388,-0.03630972348071671
0.03138716,0.5399673,0.8042223,0.9375,0.9375,0.5399673,0.65393114,0.16730309,0.18322371,1.0,1.0,1.0,0.18322371,0.18322371,0.14199054,0.26023737,0.23921366,-0.1153936834754371,0.025270865406922048,0.005587995977724164,-0.00016548394318698036,-0.0018353116552756637,0.01004571364975051,-0.08632577403735636,-0.08342966824404403,-0.08283087160546447,0.0,0.0,0.0,-0.04482338365454536,-0.02921157475705388,0.11145092582122736,0.02166046034400069,0.054195016710187734
0.7360083,0.66443866,0.72919947,0.72919947,0.9375,0.94736844,0.9365335,0.5573028,0.56970495,1.0,1.0,1.0,0.56970495,0.56970495,0.52574044,0.51912624,0.59021366,0.005584120172499053,0.008674789170005139,0.0005411353476196315,-0.010573802122792164,-0.0018195314136985699,-0.000561203883572772,0.010350316065095242,0.008615016778417348,0.015275764506631082,0.0,0.0,0.0,0.004581889307057407,0.0073330557175234614,-0.0011915275832109229,0.0064504659054218615,-0.007310097666819793
0.55119765,0.8998124,0.47861987,0.47861987,0.90427727,0.94736844,0.94736844,0.23614913,0.25201046,1.0,1.0,1.0,0.25201046,0.25201046,0.05074048,0.3691262,0.31821364,-0.024542884027884068,-0.01215619062810076,-0.00517159706528814,-0.0034569096399913925,0.00035565455174125073,0.0006498262151305742,0.007186713577341474,-0.05170297486027147,-0.06489742334629084,0.0,0.0,0.0,-0.038382100340787005,-0.024394734922610475,0.11759365667980141,0.016139987624964096,0.0488560163261991
0.5527508,0.6433701,0.6059504,0.6059504,0.9375,0.94736844,0.59144014,0.2526876,0.26779,1.0,1.0,1.0,0.26779,0.26779,0.18324041,0.50690407,0.1662136,-0.02750846396899265,0.010745912792074154,-0.0013899175410362142,-0.0022145287620325364,-0.0003434497976528303,-0.00039255546451818287,-0.0948572316589312,-0.03633448832496931,-0.050504014718383915,0.0,0.0,0.0,-0.02551662393890477,-0.01832414464790444,0.09182242168091564,0.008951397127572857,0.0919969149844492
0.6323719,0.7854286,0.8871432,0.93773437,0.9375,0.94736844,0.9711938,0.4849952,0.49255288,1.0,1.0,1.0,0.49255288,0.49255288,0.56449056,0.3402374,0.5972136,-0.007320328054931799,0.002005510669760938,-0.008198686260247189,0.02215899332849869,-0.0025576618813557186,-0.0020982592259446513,0.01680715199101852,0.005476561745602824,0.008012501615205303,0.0,0.0,0.0,-0.00036363892339337235,0.006740335412368133,-0.03810234653061623,0.03137540907288148,-0.007728371725245219
0.69756126,0.882015,0.88148516,0.9375,0.81442285,0.8971791,0.94736844,0.5469183,0.5585798,1.0,1.0,1.0,0.5585798,0.5585798,0.44949055,0.43912622,0.70521367,6.001284742019275e-05,-0.0030772685141777912,0.0006013395201083596,0.015610264294663641,0.005537239521559814,-0.0013842941746385648,0.0116093707752118,0.0116094296197377,0.01587722718568967,0.0,0.0,0.0,0.006560490161060455,0.008914884617969845,0.04128079455475065,0.02139317769076817,-0.04107001260176499
0.8640764,0.8718827,0.33423135,0.33423135,0.97322625,0.94736844,0.94736844,0.47037977,0.48461565,1.0,1.0,1.0,0.48461565,0.48461565,0.48824054,0.67245966,0.25421363,0.030120160440795875,-0.007884094455293362,-0.0008158964000274763,-0.01978753837844432,0.0015876279692065914,0.001641056114870333,0.012053119064293929,0.007815191120850492,0.008602524946039579,0.0,0.0,0.0,0.001801753987985033,0.004249508420175775,-0.004475822191194712,-0.027823232637126737,0.05636896693731298
0.3606295,0.0059869145,0.9375,0.9375,0.9375,0.0059869145,0.0059869145,0.09807205,0.11073427,1.0,1.0,1.0,0.11073427,0.11073427,0.09199035,0.073570676,0.22721358,-0.061331542983230625,0.10686121425198346,0.0023072020851460347,0.002975855822352555,-0.0014409198019265635,0.0662644187600733,-0.2810851247358631,-0.08319683725528776,-0.10925221014034722,0.0,0.0,0.0,-0.02954434005974677,-0.02483433550687025,0.07964021800948848,0.01921528084906167,0.05112051102377049
0.43275082,0.76634496,0.7727039,0.9375,0.9375,0.76634496,0.76634496,0.11807236,0.13347368,1.0,1.0,1.0,0.13347368,0.13347368,0.14199042,0.11023744,0.23921356,-0.04475272313669967,0.002215893964753611,0.0022672923503737623,-0.0030645662065161357,-0.0014837193234677464,-0.002714457266400674,-0.045604540492904605,-0.10342404432198755,-0.10536167505173047,0.0,0.0,0.0,-0.06688541284110769,-0.04241586432255923,0.09755824512358409,0.01886040341469979,0.05109936800527068
0.64275074,0.59594864,0.6471408,0.9375,0.6138655,0.59594864,0.94736844,0.38307205,0.39844432,1.0,1.0,1.0,0.39844432,0.39844432,0.21074045,0.5113485,0.4282136,-0.00372030476656501,0.010904808119010605,0.0011852065671172707,0.011206216362935388,0.004252695443750219,0.0009144137660531255,0.012229747728958804,-0.003964852235930989,-0.007514935113134498,0.0,0.0,0.0,-0.010450761581995179,0.0005618241097572235,0.08526794490237563,0.0081118211147228,0.025337030881541923
0.7485082,0.8227542,0.57646275,0.57646275,0.9657926,0.94736844,0.94736844,0.42614892,0.43661797,1.0,1.0,1.0,0.43661797,0.43661797,0.6294905,0.21801513,0.4372136,0.011697282644662153,-0.00046006418241849133,0.012347577720324155,-0.017947361309977417,-0.00042548324987278494,0.00010415052617856892,0.014211325004936503,-0.0016808484318368553,-0.005214348195289071,0.0,0.0,0.0,-0.0047782235123226095,0.004241517016332063,-0.0911495089282603,0.030900354896216023,0.021270814454563924
0.84657633,0.81568396,0.59141517,0.939427,0.5953256,0.94736844,0.94736844,0.39307198,0.40529892,1.0,1.0,1.0,0.40529892,0.40529892,0.10699046,0.51245964,0.5532136,0.01372201919327644,-0.0014275575755946731,-0.0011363236906439347,0.008885722935991967,0.006689903775502429,-0.0015904210140250145,0.013966746192398172,-0.0028946430664857454,-0.008251872335207674,0.0,0.0,0.0,-0.00933550823025339,-0.0011124871447799622,0.09399627080032281,0.007238316673097956,-0.00165955972278373
0.88025075,0.87869805,0.88566744,0.88566744,0.93773437,0.94736844,0.94736844,0.48614913,0.49918354,1.0,1.0,1.0,0.49918354,0.49918354,0.50449055,0.40134853,0.5932137,0.01590763212404019,-0.0018916738322593484,-0.010849870011582932,0.011232521193677372,-0.001967087448464774,-8.247327491620559e-05,0.008595767305953622,0.007496241797989225,0.009485050730998172,0.0,0.0,0.0,0.0005240552692856865,0.006874766671371245,0.010642896594440612,0.022865911167759122,-0.008415834257647171
0.95657635,0.91811174,0.5751527,0.5751527,0.97322625,0.94736844,0.94736844,0.7480721,0.7554052,1.0,1.0,1.0,0.7554052,0.7554052,0.65449053,0.7369041,0.7222137,0.043358680059864964,-0.013954004656724474,0.0019502059033081607,-0.015143259534184845,-0.002721226435847353,0.0006248806399607684,0.007997218250830926,0.005398444728913201,0.013425441606405885,0.0,0.0,0.0,0.020142015691198837,-0.012368463287160176,-0.1133723854523824,-0.057723865264770496,-0.05886888031694465
0.7781294,0.81733686,0.7453616,0.870967,0.789554,0.94736844,0.94736844,0.55153364,0.5637255,1.0,1.0,1.0,0.5637255,0.5637255,0.6194905,0.46912628,0.5202136,0.010534812415029775,0.0004158201959571521,0.0002583964722335791,0.009411196809702451,0.009635319719405821,0.0005649972723279201,0.007139502963094049,0.010667873172425853,0.013418596093970003,0.0,0.0,0.0,0.006456370828635315,0.007572628789988596,-0.0682857233451868,0.015385265504597125,0.010989472607913968
0.7158188,0.8436782,0.62001824,0.62001824,0.97322625,0.94736844,0.94736844,0.34653372,0.36200276,1.0,1.0,1.0,0.36200276,0.36200276,0.4082405,0.30357063,0.37921363,0.0023067812675800527,-0.0037995309827184988,0.003733103703624606,-0.010935477283192784,0.0009682880727107779,-9.533066890957481e-05,0.012577392439340357,-0.013917944395129089,-0.02485677492635642,0.0,0.0,0.0,-0.018128833962219038,-0.0062887698927167526,0.04387666237818337,0.02329948554203014,0.03424747297057186
0.56062937,0.57497066,0.92463356,0.97322625,0.9375,0.94736844,0.547049,0.30499518,0.32053196,1.0,1.0,1.0,0.32053196,0.32053196,0.14699042,0.51912624,0.25121364,-0.02788459702536266,0.008156975401868289,0.003089417841660578,0.0016039829169128953,0.0002605753300465958,-0.0013395118878204945,-0.12669541272154242,-0.025411078668781912,-0.03948530351660519,0.0,0.0,0.0,-0.0177538545489202,-0.011780551691974596,0.08549424389695925,0.006553797518552217,0.08747220847957055
0.8411976,0.8998124,0.6384723,0.6384723,0.97322625,0.94736844,0.94736844,0.59191835,0.5997517,1.0,1.0,1.0,0.5997517,0.5997517,0.30949044,0.78357077,0.62821364,0.016033324492615967,-0.005829320880925983,4.723390591711545e-05,-0.014020154983752885,-0.0019037538054921135,0.00013383592186013714,0.00852799158635539,0.012082568251103175,0.017912584427224612,0.0,0.0,0.0,0.009981871398920343,0.006408452345839897,0.07934430761083758,-0.059542783194433666,-0.02745150480093228
0.72869754,0.70685816,0.6962456,0.9375,0.9375,0.70685816,0.8913408,0.42461044,0.43945438,1.0,1.0,1.0,0.43945438,0.43945438,0.3582405,0.43468177,0.38821363,0.00567956080112276,0.0059898412003622885,0.0023891602794001124,0.01141410817998633,-0.0007422188221072685,-0.0015052154066388468,0.00011983066159741595,0.0024045576150393396,0.0006255188449454674,0.0,0.0,0.0,-0.004360690321352443,0.004640793773613346,0.06466273169513945,0.018104431957229297,0.03627484987835706
0.956387,0.9358664,0.6268069,0.6268069,0.9375,0.94736844,0.9358664,0.9438414,0.9400369,1.0,1.0,1.0,0.9400369,0.9400369,0.9057405,0.92690414,0.81721365,0.03302582831430339,-0.017068745898558276,-0.0019379351914585515,-0.013913476238230487,-0.0030815309952688208,0.0008095897459141483,0.003942786452546659,-0.0019858834448190053,0.008583100561805114,0.0,0.0,0.0,0.019367214263793044,-0.035037691513106754,-0.2787665063217249,-0.10892634108267496,-0.08561790861073773
0.8731295,0.8735422,0.7642164,0.99197626,0.8196676,0.94736844,0.94736844,0.63884133,0.64275324,1.0,1.0,1.0,0.64275324,0.64275324,0.6032405,0.6013485,0.6262137,0.013213112626573455,-0.005755977376047996,0.0020769468907774675,0.02135255997621512,0.007566151642545318,0.0010857568645404234,0.0027301654970702666,0.012038434570091891,0.009911518590796007,0.0,0.0,0.0,0.017345349687435233,9.383872242087448e-05,-0.06579445795236026,-0.021242427862109708,-0.023730790684405086
0.2731295,0.6189766,0.9062,0.9375,0.90427727,0.9210105,0.94736844,0.17307223,0.18838495,1.0,1.0,1.0,0.18838495,0.18838495,0.09199047,0.11801508,0.42221364,-0.06995754464697869,0.017735633457973105,0.011959199505019693,0.0024965799327031956,0.0016203204068732401,-0.00017434943187682295,0.011103635762478983,-0.08622840473906529,-0.08381432696393463,0.0,0.0,0.0,-0.05346321622766374,-0.03798429471714882,0.11243394959426692,0.028546374321299525,0.02208456747767991
0.8383188,0.82098347,0.4536995,0.4536995,0.9375,0.94736844,0.99324316,0.40845665,0.41718203,1.0,1.0,1.0,0.41718203,0.41718203,0.69199055,0.4291262,0.1992136,0.025026979894607577,0.0006405975363839364,0.01852223872627006,-0.019511206858659598,0.0011026821455633498,0.0005757076972071165,0.008273707808244267,0.0012249263279782159,-0.002077746570741268,0.0,0.0,0.0,-0.009133740179323627,0.001676013988912458,-0.14927732839632438,0.01578574125466108,0.06403750390364159
0.8033188,0.7909826,0.87233704,0.92040455,0.9375,0.94736844,0.6749841,0.42807227,0.44060716,1.0,1.0,1.0,0.44060716,0.44060716,0.29074037,0.45912626,0.5702137,0.017158303437637336,-0.000503270888514993,-0.0013545071168057081,0.0038036447275175567,-2.55899486031181e-05,-0.002438002675040543,-0.06310765980961913,0.00037579121264249725,-0.005240837264818157,0.0,0.0,0.0,-0.0038296830185940967,0.0005136835476739747,0.06495540378422757,0.012213786268758672,-0.005532517315941703
0.95657635,0.8769778,0.6843366,0.6843366,0.71264225,0.94736844,0.94736844,0.5865336,0.59255916,1.0,1.0,1.0,0.59255916,0.59255916,0.5082405,0.59468186,0.6612137,0.02965483605757424,-0.003952352423240354,0.0031491344162272034,-0.016137813166473895,0.0075171984539583615,-0.0031443398990907575,0.019957923929345752,0.012046739708784187,0.018465624184004947,0.0,0.0,0.0,0.011076030404420538,0.008693731015073642,0.0017923764271398268,-0.012404573533883169,-0.03336606440146944
0.9240764,0.80859274,0.7818182,0.91715527,0.9005603,0.94736844,0.94736844,0.51961046,0.5258715,1.0,1.0,1.0,0.5258715,0.5258715,0.52074057,0.61245966,0.41221362,0.018678794742762187,0.0005054692595295901,-0.0003971223167878229,0.010430059075690244,0.00040635755765383065,-0.00027120702124904683,0.00915880277298255,0.007706518695242515,0.011329714959951671,0.0,0.0,0.0,0.0015399123720259739,0.006959081836274854,0.00445592212522741,-0.012341026996866327,0.03478068515977273
0.9036976,0.82774734,0.40695822,0.40695822,0.9375,0.94736844,0.82774734,0.569995,0.58051765,1.0,1.0,1.0,0.58051765,0.58051765,0.54574054,0.42245972,0.66921365,0.029486104466240243,-0.0014394290025462548,0.011788993492776503,-0.023383345492571105,0.0006920220171870634,-0.0006304532712463578,-0.0054707422517611985,0.009039992054719092,0.014570924892516076,0.0,0.0,0.0,0.004773726602401875,0.005923736130785748,-0.0043357658533729505,0.01828764848552232,-0.02725881869034412
0.6681294,0.74535435,0.6935381,0.6935381,0.9657926,0.94736844,0.94736844,0.48345667,0.48921534,1.0,1.0,1.0,0.48921534,0.48921534,0.6894905,0.30801508,0.52221364,-0.005527101291208318,0.0056776542586517405,0.0011086067197895377,-0.017525138160992396,-0.003795849162355475,-0.0015416415206751944,0.013114022954364065,0.004545361757798459,0.006413388429070294,0.0,0.0,0.0,-0.002789856484083757,0.004875224287606608,-0.15316931672703402,0.036072972424213284,0.006672253955831406
0.9417657,0.8998124,0.46647584,0.46647584,0.99197626,0.94736844,0.94736844,0.6780723,0.6873046,1.0,1.0,1.0,0.6873046,0.6873046,0.5657405,0.7813485,0.59621364,0.04169399117080785,-0.00805655881480804,0.004675976008351911,-0.010512838080098836,-0.0018577644533004512,0.001217371607092955,0.0058978498330963134,0.009356801194444667,0.01878063758960485,0.0,0.0,0.0,0.02013736399456044,0.0011508136810188217,-0.040274434190897,-0.06232651442449548,-0.01577298875745457
0.8742657,0.8913406,0.64730847,0.64730847,0.9184109,0.94736844,0.94736844,0.7249952,0.72704625,1.0,1.0,1.0,0.72704625,0.72704625,0.46324044,0.7424596,0.8102137,0.02148740241405168,-0.007063107315467874,-0.0014817171534777947,-0.014668001766748602,-0.001294048472622127,0.001502192567825674,0.0030331153321927888,0.006559194158085303,0.01662793517675169,0.0,0.0,0.0,0.013023407564736102,-0.004536325087386209,0.02398210987937662,-0.06688096948892423,-0.1010056565159083
0.7986975,0.6507534,0.87109214,0.9375,0.9375,0.6507534,0.95028776,0.47614905,0.4801674,1.0,1.0,1.0,0.4801674,0.4801674,0.5994905,0.4824596,0.36721364,0.01086588486160431,0.007563357071671732,-0.010853420252063537,0.02193408183256634,-0.0015970122605306822,-0.005313828817805252,0.007583767455811367,0.009469827583018864,0.010041541906010061,0.0,0.0,0.0,-0.0004835531729388523,0.006870896584616504,-0.07928748194072369,0.011928116983913866,0.035026442272674985
0.67006135,0.7986297,0.8750629,0.8750629,0.9375,0.94736844,0.79255164,0.676149,0.6838822,1.0,1.0,1.0,0.6838822,0.6838822,0.5119905,0.49579293,0.8892137,-0.00378269824167741,0.002249142008457879,0.0011936989601701894,0.008612656644472586,-0.0034533722412867867,-0.00040024073031945726,-0.03348275323661046,0.020630485429015445,0.024841763106027353,0.0,0.0,0.0,0.012892358612056771,0.0013126223837218011,0.006088072283614223,0.006817322090386058,-0.1340133902691692
0.7011976,0.8907786,0.83766073,0.83766073,0.97322625,0.94736844,0.94736844,0.31537965,0.32755625,1.0,1.0,1.0,0.32755625,0.32755625,0.2594905,0.11023733,0.5572136,-0.0023995588234048838,-0.008664154190234254,0.0027766209379447614,-0.002379975722684706,-0.00170904960893193,-0.000699934293227376,0.011350841903807028,-0.035052442830521884,-0.04047683042131931,0.0,0.0,0.0,-0.031011667804476502,-0.015257971675969291,0.09093874800228686,0.0328745022074051,0.003194021791680827
0.80831885,0.71545756,0.58659995,0.9375,0.5612305,0.71545756,0.94736844,0.5103797,0.522891,1.0,1.0,1.0,0.522891,0.522891,0.34449053,0.73468184,0.4612136,0.009929188442575296,0.005583946879725268,-0.0012418927932165299,0.00868534910788893,0.005264774520181621,-0.005952477722377682,0.010310809194780265,0.009501486625843415,0.014095229884460573,0.0,0.0,0.0,0.0059308387492174545,0.00828473355970429,0.06383099431010297,-0.046910406655425535,0.016011061983966162
0.6535081,0.83474416,0.54087377,0.54087377,0.97322625,0.94736844,0.94736844,0.512303,0.5252929,1.0,1.0,1.0,0.5252929,0.5252929,0.54574054,0.5046819,0.4282136,-0.01001409991610653,-0.001101526421489314,0.005573560248555583,-0.02720741692671526,-0.0010425030665502288,0.0008514604254999111,0.005848811797363577,0.008369450850875903,0.009760318888890727,0.0,0.0,0.0,0.0015098464828262853,0.006626326346853761,-0.013864607820830903,0.00864281192832093,0.03317700996807829
0.8502507,0.887327,0.88959694,0.93773437,0.9184109,0.94736844,0.94736844,0.6284567,0.63864994,1.0,1.0,1.0,0.63864994,0.63864994,0.5744905,0.6513486,0.57721364,0.011361472953989512,-0.004297658518653241,-0.004037760959906478,0.017464588439764447,-0.0016668828440597305,0.0002631630223848069,0.010598937078073438,0.013668520004827576,0.01364960424492956,0.0,0.0,0.0,0.014141309044274566,0.004687421401777296,-0.048120357238296725,-0.030496646762367803,-0.005784474467670743
0.66350824,0.8437318,0.6681185,0.6681185,0.939427,0.94736844,0.94736844,0.50345653,0.5155186,1.0,1.0,1.0,0.5155186,0.5155186,0.37824053,0.4191263,0.6722137,-0.001493666296600888,-0.0017344279641602685,0.0011737026549895517,-0.014160465711471892,-0.002119200891187978,-0.0002655541515085955,0.01402400730200582,0.007921998730368737,0.012630919319235892,0.0,0.0,0.0,0.0037160117601356107,0.006712988664793761,0.042493891188771726,0.018319032048881582,-0.04011405785500363
0.68888694,0.89144605,0.49300566,0.49300566,0.90427727,0.94736844,0.94736844,0.31537965,0.32853356,1.0,1.0,1.0,0.32853356,0.32853356,0.05074048,0.44023737,0.4612136,-0.002756186885479406,-0.011251363623337509,-0.0028978976209950488,-0.00539731399258361,0.0004181896289266054,0.00018084023244122917,0.01043142448326913,-0.016014758598528595,-0.03047582000019352,0.0,0.0,0.0,-0.01802477982671366,-0.009238246216874534,0.09548908629709818,0.015828841533669598,0.01981955435703359
0.7288869,0.6698327,0.6015071,0.6015071,0.8830454,0.94736844,0.94736844,0.4399951,0.45259663,1.0,1.0,1.0,0.45259663,0.45259663,0.58199054,0.3524597,0.37121361,0.008082810935800098,0.0031584917369850197,0.011368078069474562,-0.019000939673484617,0.0015317858938906,-0.0017122748221800876,0.01144907297807887,0.001241443993181867,-0.0009150755109291251,0.0,0.0,0.0,-0.0020754153254010253,0.004372069624966356,-0.05065109158755968,0.021698179126595392,0.033656647497456935
0.74157643,0.85584825,0.622334,0.622334,0.9375,0.94736844,0.78751653,0.55999523,0.5698282,1.0,1.0,1.0,0.5698282,0.5698282,0.27949047,0.67245966,0.67021364,0.006497426248983315,-0.004003706128004304,-0.0009698742196637938,-0.013154763905921074,-0.00042674922371772027,-0.0015435636043538035,-0.031365895344429746,0.009308889548482769,0.01787055386192028,0.0,0.0,0.0,0.006791296690673202,0.006784917719949169,0.06052877833299907,-0.03042878160555012,-0.04415527118029745
0.37506145,0.7646549,0.70401704,0.70401704,0.9375,0.94736844,0.86317396,0.31384146,0.3288265,1.0,1.0,1.0,0.3288265,0.3288265,0.39699054,0.21579286,0.36721364,-0.06937011258646011,0.001759612195840884,0.00063271415948689,-0.010223729244237529,-0.0005982903477472838,-0.0018171828313355187,-0.007311217587278157,-0.03409467565769166,-0.03197344882374212,0.0,0.0,0.0,-0.025142178299074107,-0.00877520535991309,0.07415924817995481,0.02713642135290618,0.04030191358926624
0.68888694,0.78038543,0.7181058,0.8830454,0.99197626,0.94736844,0.94736844,0.2865335,0.29735592,1.0,1.0,1.0,0.29735592,0.29735592,0.10574043,0.5335707,0.27621365,0.0006558598390490652,0.0005641087224752891,0.0015622067102720994,-0.003282439410751835,-0.002809169365181328,-0.00010207554678631672,0.012329985589960233,-0.029216321427632422,-0.041487364908457815,0.0,0.0,0.0,-0.02773911073214041,-0.01234423488427761,0.08190215940610751,0.0032726477506144947,0.05153547068771174
0.68331885,0.8328921,0.85415107,0.9396432,0.9375,0.94736844,0.9711938,0.6007645,0.6088167,1.0,1.0,1.0,0.6088167,0.6088167,0.5469906,0.66912633,0.5652137,-0.0009227306424057546,-0.0005940819953169903,0.003051499683698297,0.01750978199051813,-0.0028310275108725104,9.402673939265847e-05,0.00866149641453029,0.012431812554051725,0.011728064240062931,0.0,0.0,0.0,0.010655014693354257,0.0037394784080105855,-0.026642730416453514,-0.03818943712853633,-0.000640954253467525
0.7481295,0.7503603,0.7685695,0.85415035,0.99197626,0.94736844,0.94736844,0.4296106,0.4404202,1.0,1.0,1.0,0.4404202,0.4404202,0.48074055,0.27245966,0.5652137,0.010949074827054624,0.002766771103551373,0.0006781769332985046,-0.00044730436798481253,-0.004534645035983884,-0.0010497789299142323,0.010567597897614446,0.0010026424037745925,0.0013728752968827007,0.0,0.0,0.0,-0.0038207946800555737,0.005485137354066526,0.017412803831220985,0.035418117348252204,-0.00264728699965712
0.60756135,0.6291792,0.90427727,0.97322625,0.9375,0.94736844,0.6468933,0.51999533,0.53207374,1.0,1.0,1.0,0.53207374,0.53207374,0.5032406,0.5680152,0.46721363,-0.012480745297019997,0.0006699036167708498,-0.006964431957925388,0.014488217766643122,-0.001772297724139821,-0.0037551702618087135,-0.07982911840488843,0.008305780868415292,0.012118592679297246,0.0,0.0,0.0,0.003594794908251566,0.006080004636812326,0.008925376419346782,-0.005361224129548809,0.020119891227073992
0.85176575,0.86317396,0.4947372,0.4947372,0.8062838,0.94736844,0.94736844,0.4696105,0.48004952,1.0,1.0,1.0,0.48004952,0.48004952,0.28824043,0.48468176,0.6722137,0.021697130112847133,-0.0046962310484358755,0.0015861431254449501,-0.020530802549337892,0.0011608847190619877,-0.0008833046460980814,0.009624658589384444,0.0073702984614814745,0.007183643375647003,0.0,0.0,0.0,-0.00037421641370344235,0.0064363670915835135,0.07450711269503726,0.011066713083189413,-0.03679636333582436
0.66369766,0.27968428,0.939427,0.99197626,0.90427727,0.94736844,0.94736844,0.34576446,0.3585004,1.0,1.0,1.0,0.3585004,0.3585004,0.44199055,0.11023744,0.47321367,-0.0017170987921107772,-0.021115709250576726,-0.01742680402843772,0.0214856756372497,0.0003829393325041995,-0.0030759728867112437,0.01180322491034721,-0.02751559553410339,-0.022080092034373836,0.0,0.0,0.0,-0.01147939066307772,-0.007443760406955305,0.0272976937064529,0.028699924638448504,0.009173688545865366
0.53737205,0.5304826,0.97322625,0.97322625,0.97322625,0.94736844,0.94736844,0.4984568,0.5111377,1.0,1.0,1.0,0.5111377,0.5111377,0.15699041,0.5880152,0.6302137,-0.016217864044439555,-0.005498834225889262,-0.006973904425266488,0.018551917415552902,-0.0032600869939754694,-0.002945115604848272,0.011325160072799182,0.006046100139667111,0.007398117472888548,0.0,0.0,0.0,0.003475196164358029,0.004992391202817855,0.1012035585882354,-0.012037539372212103,-0.023609440130415417
0.861387,0.8998124,0.5663579,0.5663579,0.90427727,0.94736844,0.94736844,0.523072,0.5358602,1.0,1.0,1.0,0.5358602,0.5358602,0.4394905,0.6180152,0.53021353,0.0223867056337546,-0.006386744393287441,0.0013720563918550898,-0.01687193166563242,0.00031347288967999257,0.0006638416357416784,0.009871199068505431,0.008192060550241827,0.012216543027897328,0.0,0.0,0.0,0.0042132431705363075,0.005890960616557023,0.030999904950258214,-0.017390382766537257,-0.00015060679743069904
0.5427508,0.8409836,0.7834821,0.97322625,0.73746574,0.94736844,0.94736844,0.5015338,0.51178986,1.0,1.0,1.0,0.51178986,0.51178986,0.29324055,0.49468178,0.61121374,-0.016464428991014676,-0.0002123801745979892,0.0031835895258942805,0.016485952268215438,0.00645534984176612,-0.0007734630713437671,0.011883934159500682,0.008949900199265861,0.010790757740411218,0.0,0.0,0.0,0.004675015025827056,0.006522160580653078,0.0682337721766183,0.0044359838128320145,-0.019378494962801612
0.64407617,0.60461307,0.770773,0.770773,0.9375,0.94736844,0.5592427,0.43884146,0.4513806,1.0,1.0,1.0,0.4513806,0.4513806,0.43949056,0.52579296,0.3942136,-0.008971648147469364,0.002833309540651625,-0.0002599337654226232,-0.003231128010864034,-0.0003620530909256797,-0.0024091534850252103,-0.10638234978129515,0.0053389467399121895,0.0004472197983026194,0.0,0.0,0.0,0.0011156388975546282,0.0028605076895143605,0.019361377776502472,0.0013213145895749853,0.04073399483052764
0.8319551,0.80868304,0.86627865,0.86627865,0.9375,0.94736844,0.84372455,0.57845676,0.58576214,1.0,1.0,1.0,0.58576214,0.58576214,0.46949053,0.58468187,0.7472136,0.014934239955203146,0.0008014893608487104,-0.00204880202727497,0.0035730114552267435,-0.0018704980431239484,-0.0011318573051935185,-0.0119071255265047,0.01284335212696477,0.020244306683217243,0.0,0.0,0.0,0.008816320516145563,0.007141675285048812,0.02132138888333376,-0.009891337349431255,-0.07085886474684479
0.7985083,0.71419036,0.84786063,0.9396432,0.87820303,0.94736844,0.94736844,0.60614896,0.6153528,1.0,1.0,1.0,0.6153528,0.6153528,0.69199055,0.5291263,0.6242137,0.012130748277827941,0.008814253697899722,-0.0044835850179886115,0.018695194048277717,0.0023311885147948956,-0.0005504819032269798,0.010314168578070278,0.018655860835052794,0.018491458963267333,0.0,0.0,0.0,0.014907528543908396,0.007931197850203126,-0.1483829765449015,0.0024489927078706875,-0.019904009586025537
0.3896828,0.7804157,0.80779535,0.9375,0.9375,0.92512906,0.86317396,0.3692257,0.38101247,1.0,1.0,1.0,0.38101247,0.38101247,0.33699048,0.35357073,0.41021356,-0.05632394489795235,-0.00043396460262473604,0.003249550202495282,0.010355843078548404,-0.0005899899261177871,-0.0011979509136331396,-0.00722044831785845,-0.013663803390385533,-0.01460287894710906,0.0,0.0,0.0,-0.012859669198426184,-0.0010300301303272856,0.07146118600401559,0.024889244019395015,0.031414643338376375
0.82581884,0.8581892,0.5345827,0.5345827,0.9375,0.94736844,0.7911128,0.51768756,0.5298418,1.0,1.0,1.0,0.5298418,0.5298418,0.3069905,0.5169041,0.71221364,0.014942971075976174,-0.003408525764100848,-0.00046872185350514353,-0.016759083599438288,0.00013994356645761547,-0.0011669124290968245,-0.025646619572664467,0.007308686512841353,0.010933177072009286,0.0,0.0,0.0,0.0030951355297152705,0.006403520626464662,0.06895891362830736,0.0020300137914269884,-0.05352587510540508
0.51294005,0.4837513,0.7521912,0.7521912,0.7227652,0.94736844,0.94736844,0.17576438,0.19101407,1.0,1.0,1.0,0.19101407,0.19101407,0.10074043,0.15468185,0.38921365,-0.029554353184000598,0.030242813745432473,0.0007706798371592049,-0.005758991419248503,0.0026163962036980376,-0.001477003586874688,0.013603873521908389,-0.06579127945834387,-0.08040297956262393,0.0,0.0,0.0,-0.04699201979416976,-0.03493329557220582,0.12410506373886575,0.02161937793697258,0.03214243227873712
0.92714447,0.8517378,0.4166399,0.4166399,0.9396432,0.94736844,0.94736844,0.51576453,0.5274877,1.0,1.0,1.0,0.5274877,0.5274877,0.63949054,0.47579288,0.4282136,0.036497054428596264,-0.003848175704796925,0.013373840598986782,-0.023614783276338498,0.0005709499835324063,0.0030476238292013787,0.008177071701865714,0.009722414075861443,0.011767127684609942,0.0,0.0,0.0,0.004690610219081591,0.0065852029271113435,-0.09415136309836092,0.007994394415624105,0.029120025478471038
0.8902507,0.8634134,0.8600353,0.9375,0.9375,0.89307725,0.99324316,0.6669181,0.6755807,1.0,1.0,1.0,0.6755807,0.6755807,0.6694906,0.6435707,0.64621365,0.017735987095456908,-0.004169485492902528,-0.0011350893540148879,0.01875724950014861,-0.0028914754877702054,-0.001702006821543124,0.012701979239726671,0.016239087353543583,0.014267598979910326,0.0,0.0,0.0,0.02028605286798602,0.00016399037882436628,-0.1311503440717458,-0.030851020473559126,-0.027280740270404134
0.59294015,0.8258177,0.6388374,0.6388374,0.9375,0.94736844,0.93876034,0.6523028,0.6572491,1.0,1.0,1.0,0.6572491,0.6572491,0.77074057,0.46912628,0.72821367,-0.013012413826524094,-0.0012354670846073097,-0.0005394154519224624,-0.022204895375847647,-0.003589435179738067,0.0001673169448745584,0.008620038998105331,0.021946394672040917,0.020623333248485472,0.0,0.0,0.0,0.016049799411851296,0.002542253401085138,-0.23124173551372174,0.014344345498211501,-0.05196680015510623
0.80214447,0.81568396,0.4930269,0.4930269,0.793424,0.94736844,0.94736844,0.39807203,0.40992904,1.0,1.0,1.0,0.40992904,0.40992904,0.44949055,0.2835707,0.4832136,0.012852513153367884,0.0005419051752990643,0.006192922691999734,-0.019820793409915393,-0.0014296043422957247,0.0003506482885800921,0.005395263230733551,0.0001842814442005492,-0.00418044571684676,0.0,0.0,0.0,-0.006358954427558269,0.0013060796689352628,0.02392818626668119,0.02925914899455787,0.010041772091483128
0.77600825,0.29350808,0.9657926,0.9375,0.9375,0.29350808,0.9489912,0.34730294,0.35950768,1.0,1.0,1.0,0.35950768,0.35950768,0.60824054,0.38468182,0.1662136,0.011359824909246245,0.01838898146443729,-0.025969205561516145,0.019852953436355868,-0.00041763649479199946,0.0038702750128675055,0.011961293985160019,-0.018970019138050728,-0.0114717343682166,0.0,0.0,0.0,-0.007854893233900768,-0.0038036722186318,-0.06533729001599052,0.017348961004734428,0.04820392635735276
0.6575613,0.7085881,0.61891973,0.9375,0.9375,0.7665391,0.77325475,0.3576876,0.3699046,1.0,1.0,1.0,0.3699046,0.3699046,0.46949053,0.46468183,0.1992137,-0.008245730862879202,0.0061307824938580625,-0.0006547975540285063,0.0027327491329312155,6.223598925862625e-05,-0.0010063902162416104,-0.029281129740346842,-0.01720986252034469,-0.022548071449640578,0.0,0.0,0.0,-0.013168022892582008,-0.0049726764468034455,0.03222251513871635,0.010995105135029775,0.0617029257976915
0.6350614,0.68510723,0.91162604,0.91162604,0.9375,0.94736844,0.7945127,0.5596105,0.5632146,1.0,1.0,1.0,0.5632146,0.5632146,0.2707405,0.53468186,0.76121366,-0.004908822909768956,0.0003697513488740903,-0.0025822259589504907,0.010259796002052162,-0.0028710560111245608,-0.0033652249137134434,-0.03466770448966275,0.013015979138938564,0.017131771227393025,0.0,0.0,0.0,0.008005173244153035,0.007325355620898803,0.08009846709782856,0.003733513223053202,-0.07198519465937643
0.69119763,0.64519244,0.6764474,0.6764474,0.9375,0.94736844,0.9365335,0.4357643,0.44833526,1.0,1.0,1.0,0.44833526,0.44833526,0.39574045,0.45579296,0.4832136,0.004365187329817176,0.006348695580340633,0.004087763728150379,-0.01274890655961776,0.0009413273445478443,-0.0005851212372089409,0.010061563111717948,0.003325232767077825,0.001793182265776721,0.0,0.0,0.0,-0.0029985909023489844,0.005426576090885642,0.04830585957365617,0.013050848033309456,0.013552408564245255
0.75369763,0.8017846,0.45935053,0.45935053,0.97322625,0.94736844,0.94736844,0.4765339,0.4892564,1.0,1.0,1.0,0.4892564,0.4892564,0.3019905,0.42134857,0.6102137,0.007788492851017119,0.0004669943070816621,0.00286648709259641,-0.019634973256230894,-0.00017195587810503872,-0.0004952590468545366,0.01046217708633543,0.007146165844625966,0.00787202676059506,0.0,0.0,0.0,0.0003661756093595986,0.007166911773270755,0.08171295218448157,0.019500487861671287,-0.018269324570207548
0.41775078,0.7423462,0.8534942,0.8534942,0.97322625,0.94736844,0.94736844,0.5649951,0.57553685,1.0,1.0,1.0,0.57553685,0.57553685,0.5132405,0.43690407,0.65421367,-0.049389623164871346,0.005353091747012211,0.002174409447691882,0.005458477676599544,-0.007446009639219977,-0.0019494019125016653,0.014436237549168084,0.015094581037418548,0.016919984212277524,0.0,0.0,0.0,0.008889052658322872,0.004774269015125298,-0.005969651558651114,0.01501652321847934,-0.03448308664423077
0.9998338,0.94736844,0.33436084,0.33436084,0.33436084,0.94736844,0.94736844,0.7457643,0.7542097,1.0,1.0,1.0,0.7542097,0.7542097,0.7657406,0.54468185,0.7582137,0.05236657927629934,-0.016679865001111068,0.0038817447016815886,-0.022744178789106825,0.019453461448512125,0.0013542904467671157,0.003999227717631745,0.015797784723949552,0.011528164065191006,0.0,0.0,0.0,0.0292304686883663,-0.0017795432204653144,-0.18970895439674454,-0.00031449252612430925,-0.05138824839989879
0.75850815,0.8114099,0.6571793,0.6571793,0.9375,0.94736844,0.8114099,0.773072,0.7722403,1.0,1.0,1.0,0.7722403,0.7722403,0.6369905,0.63357073,0.8922137,0.006907126574758734,0.0015246235809654874,0.0006959410047316217,-0.016639572844589445,-0.003141576212423625,0.0005962253620227409,-0.013450874740394135,0.009106783040925043,0.01561324287892494,0.0,0.0,0.0,0.0139656132449371,-0.019168636568174705,-0.09683275384574916,-0.029512553909829722,-0.13392618523220784
0.8540763,0.8173615,0.72453576,0.8810272,0.9375,0.94736844,0.94417596,0.5888412,0.598385,1.0,1.0,1.0,0.598385,0.598385,0.68324053,0.56912637,0.5162136,0.01868073720277302,0.0005005066298746291,-0.00011439717217982321,0.005702717763793238,-0.0026889593794829306,-0.00012770135432879637,0.004053762979874501,0.01247200132455041,0.015636472276541347,0.0,0.0,0.0,0.01284013669116093,0.00408975481369268,-0.15797593814119218,-0.010816326490379604,0.003972096960439118
0.9535082,0.87731713,0.78055173,0.78055173,0.97322625,0.94736844,0.94736844,0.9176875,0.9184555,1.0,1.0,1.0,0.9184555,0.9184555,0.7269905,0.91357076,0.93421376,0.03007723413963999,-0.008709735171907195,0.00047389435573349045,-0.010119153497341262,-0.004094426328447202,0.0019172646649645037,0.008726260835371247,0.0012435429195462317,0.006317310993435696,0.0,0.0,0.0,0.017045732235933263,-0.03260636273030095,-0.15243181793372274,-0.11973081803094711,-0.1316359524063857
0.9998338,0.94736844,0.24862228,0.24862228,0.24862228,0.94736844,0.94736844,0.633072,0.644151,1.0,1.0,1.0,0.644151,0.644151,0.62949055,0.8146818,0.43521366,0.046375826575637775,-0.013946401789558851,0.005991686831707357,-0.018895028251354102,-0.002677248857587088,0.0032400766585734316,0.001406426598553792,0.004840157583968229,0.009634024937311927,0.0,0.0,0.0,0.01838679078592464,0.0038058425343535447,-0.07476739312357034,-0.05200938062786003,0.026253540427786128
0.86331886,0.8822528,0.7258914,0.9062,0.7284972,0.94736844,0.94736844,0.6215334,0.6317248,1.0,1.0,1.0,0.6317248,0.6317248,0.6482405,0.43023735,0.6622137,0.02300125624876424,-0.006740860761552617,0.002099893159180048,0.01156485291197234,0.012836924107846346,0.001013359837758511,0.008572541694365754,0.01585149793298511,0.015390070716401723,0.0,0.0,0.0,0.018882318457014727,0.003397285264477816,-0.10919231344423298,0.017083778121946877,-0.031015924824619834
0.6000614,0.8437318,0.8709672,0.9375,0.93370897,0.94417596,0.94736844,0.48807204,0.4976796,1.0,1.0,1.0,0.4976796,0.4976796,0.42574054,0.6524597,0.4372136,-0.008235813857732196,0.000585132854475591,0.0018814977912520409,0.014497000171575448,-0.0013916396875604366,-0.0010330913126282205,0.012130225113395737,0.003913979097944747,0.0069261361525550635,0.0,0.0,0.0,-0.0006329243473050563,0.004499057875446417,0.043860240092641306,-0.022073668724750715,0.025680196500618802
0.89714444,0.81568396,0.3990874,0.99197626,0.42786166,0.94736844,0.94736844,0.5634568,0.5716679,1.0,1.0,1.0,0.5716679,0.5716679,0.50449055,0.56579304,0.5272137,0.01948711372529426,-0.0004519026712829045,-0.011429784850655975,0.014404792984952402,0.013376193678482888,0.00036847188395903346,0.011996017966099646,0.01431201775969225,0.017925234154148748,0.0,0.0,0.0,0.012403358378864502,0.009659026808049621,0.0007985019385104409,-0.009851952379403128,0.0036606521172558846
0.79312956,0.625891,0.5204677,0.90427727,0.9375,0.94736844,0.9491732,0.35691833,0.37072104,1.0,1.0,1.0,0.37072104,0.37072104,0.48574048,0.4635707,0.23921366,0.020317642982915406,0.009821221996644501,-5.04618456550322e-06,0.0011366864151226579,0.0008711273751432047,-0.0012081754224460301,0.011972516381279948,-0.010148864392836916,-0.014451600622267748,0.0,0.0,0.0,-0.01339717168826595,-0.0035327636824843663,0.013961052589783411,0.013064106938459448,0.05348148428458522
0.9186976,0.85756975,0.8367765,0.8367765,0.99197626,0.94736844,0.94736844,0.8846106,0.8772423,1.0,1.0,1.0,0.8772423,0.8772423,0.8382405,0.67245966,0.9342137,0.022354560798408397,-0.006775037722863115,-0.0005885487165707014,-0.0012275127416688611,-0.007202573150888128,0.0001828031420961454,0.009687484761870485,0.018851478245043424,0.016329602214173882,0.0,0.0,0.0,0.024671993696759976,-0.01833891331280727,-0.24026257988816224,-0.04500408412638374,-0.11431026413825811
0.40506136,0.5803119,0.85603344,0.9375,0.97322625,0.86317396,0.94736844,0.1330722,0.14780651,1.0,1.0,1.0,0.14780651,0.14780651,0.23824048,0.11801508,0.1662136,-0.051112211844737646,0.02373604755219302,0.007618726643542644,0.0001259017477649694,-0.0046831967518721936,-0.0010569491953075203,0.01045112789525317,-0.09553369731599959,-0.10102194516882697,0.0,0.0,0.0,-0.05915103198046256,-0.04353248902057909,0.09164211549645779,0.02017039895346115,0.05812626462225823
0.8186977,0.9555608,0.48045713,0.48045713,0.9045032,0.94736844,0.94736844,0.39922598,0.41217393,1.0,1.0,1.0,0.41217393,0.41217393,0.33699048,0.5391263,0.4282136,0.01859417307167059,-0.015523750846062407,-0.002765975046282263,-0.016476440830729657,0.0004243486895591196,0.00023933366119381378,0.013580095991366843,0.0022156512672753753,-0.0012239681002623242,0.0,0.0,0.0,-0.00881037216813505,0.0017006125408469926,0.06713632960145884,0.003722552562603489,0.027813083090251222
0.5908189,0.5838406,0.8365654,0.8365654,0.9375,0.94736844,0.64344484,0.36537978,0.37473553,1.0,1.0,1.0,0.37473553,0.37473553,0.46949053,0.24912633,0.46821365,-0.02260681773266142,0.00620718889678976,-0.0066579156203709485,0.0008465514154113569,-0.0012050007497872823,-0.004416044681527173,-0.0746416060433108,-0.014385164977087925,-0.021948620337227755,0.0,0.0,0.0,-0.008990729013097708,-0.0026985320901392242,0.016593640285265564,0.02748792287472222,0.017476039598215382
0.88812953,0.8742262,0.781915,0.781915,0.9375,0.94736844,0.91572064,0.6476873,0.6538125,1.0,1.0,1.0,0.6538125,0.6538125,0.55574054,0.67468184,0.6212137,0.01956997471819887,-0.0037909067669667828,-0.001142617250510845,-0.0035490988729984336,-0.0017247131162764393,0.0008170216441191877,0.003079966193614751,0.009554087399495871,0.014826890745699756,0.0,0.0,0.0,0.015101896053024866,0.0034429552313645644,-0.030921458292577995,-0.034880604723070335,-0.01984983656192703
0.5481295,0.7598561,0.92463356,0.97322625,0.97322625,0.94736844,0.94736844,0.38307205,0.39818302,1.0,1.0,1.0,0.39818302,0.39818302,0.21074045,0.5502374,0.39321357,-0.014849476362880214,0.0008945073593620531,0.00117120747512826,0.011677087184081478,-0.0029058097745146877,-0.002242362198128447,0.015618029663511475,-0.0037040671349950426,-0.005344415013538336,0.0,0.0,0.0,-0.007995954005514741,0.0016253549750058504,0.08605404755142343,0.0008173550685753589,0.03395680853459849
0.9719551,0.9210105,0.30029956,0.30029956,0.99197626,0.94736844,0.94736844,0.53268754,0.54011434,1.0,1.0,1.0,0.54011434,0.54011434,0.38699055,0.58912635,0.5832137,0.04070480651485081,-0.00857893809421076,0.003665665273662956,-0.013511683871804191,-0.00011432727330285011,0.0009450183211852622,0.006909763628869641,0.007821766455108925,0.010901318888322305,0.0,0.0,0.0,0.002933919666248238,0.005948895119966529,0.05012001780019302,-0.00863877945699015,-0.0034296682503229658
0.86831886,0.8209835,0.72878647,0.72878647,0.9375,0.94736844,0.9195817,0.41922584,0.43063515,1.0,1.0,1.0,0.43063515,0.43063515,0.2957405,0.45690408,0.48521367,0.01706826833520974,-0.0002918784576448333,0.0014041058779465825,-0.006483269065049235,0.00022488393028584268,7.880973642361521e-05,0.0021491614705197617,0.004494054570955138,-4.1103148101024055e-05,0.0,0.0,0.0,-0.0033726585225017525,0.0031816768856516454,0.06899394448125697,0.012473182955406375,0.015021576962843636
0.83812946,0.85074043,0.6206507,0.6206507,0.93773437,0.94736844,0.94736844,0.3915339,0.40309522,1.0,1.0,1.0,0.40309522,0.40309522,0.40074056,0.616904,0.24321365,0.01654906917497877,-0.0036531332967341085,0.002985495626351164,-0.013262440198817935,0.0008710394725611647,-0.0005542319647591573,0.007449525186465321,0.002470666551803667,-0.004965836882288926,0.0,0.0,0.0,-0.009958222249564764,-0.0009484600161112636,0.05083944924216295,-0.008026969990699889,0.06503888191306166
0.52600825,0.59975326,0.8189369,0.9375,0.9375,0.59975326,0.7875977,0.43537977,0.44713,1.0,1.0,1.0,0.44713,0.44713,0.39699054,0.4257929,0.49421358,-0.024723641569602654,0.006498718889803673,0.0006154987772883578,0.015334976353044618,-0.00198579029297922,0.009773345346159782,-0.03766284703814928,-0.004754218711425251,-0.005786696073548261,0.0,0.0,0.0,-0.004611276407943434,0.0005254566387206841,0.04370407535314848,0.015368707825445874,0.014086334212182179
0.72850823,0.813847,0.6200158,0.6200158,0.9375,0.94736844,0.813847,0.7488413,0.75444126,1.0,1.0,1.0,0.75444126,0.75444126,0.6569905,0.7969041,0.70721376,0.005629869948439678,-0.0006255151890812502,-0.00046839377404205446,-0.0157715219546015,-0.0013029336024188527,0.002251012677673591,-0.005086113761061226,0.009230294459399317,0.01771685354004782,0.0,0.0,0.0,0.015991233576243526,-0.014244448195646577,-0.10871897824445406,-0.07459680777680486,-0.060992900402430814
0.73812944,0.7437375,0.69770503,0.99197626,0.9005603,0.94736844,0.94736844,0.65076435,0.6590652,1.0,1.0,1.0,0.6590652,0.6590652,0.66074055,0.73468184,0.5452136,0.004855344053169599,0.007111457222052653,0.0008694624945936646,0.01857064539063546,-0.0001441079980699847,-0.001136036514491639,0.010304523027008324,0.017456530142525822,0.012104764362248586,0.0,0.0,0.0,0.017672392691693354,0.001623356126103064,-0.11287144861621638,-0.051848332906395386,0.002667938051741772
0.6783188,0.79307073,0.5763072,0.5763072,0.97322625,0.94736844,0.94736844,0.3742259,0.38724726,1.0,1.0,1.0,0.38724726,0.38724726,0.36574054,0.2924596,0.46121368,-0.003324098679792542,0.0012218990823933539,0.004798135880848279,-0.014306312953735398,0.0015446516138533622,-0.0006922010697913622,0.01262761246657374,-0.006017146105162807,-0.014790438375847332,0.0,0.0,0.0,-0.010664305431567243,-0.0009658801309769352,0.051766355666065446,0.0325092878744817,0.020235384739254413
0.5808189,0.84723014,0.8812014,0.9375,0.9375,0.8913406,0.9491732,0.5703797,0.58033085,1.0,1.0,1.0,0.58033085,0.58033085,0.57199055,0.5335707,0.5882136,-0.012712944447054415,-0.0015471659876170956,0.0012642428545315005,0.020093307120445495,-0.003678698844472976,-0.0019221894805886788,0.007706852104035413,0.012628137245203225,0.013256442319817074,0.0,0.0,0.0,0.006046741425626132,0.004949452060793612,-0.0336742488619114,0.000899362389273312,-0.0065888884954261725
0.8135083,0.8500904,0.6667912,0.6667912,0.9375,0.94736844,0.8500904,0.8007643,0.80311596,1.0,1.0,1.0,0.80311596,0.80311596,0.7969905,0.7424596,0.77921367,0.016696708277819196,-0.006819061673366866,-0.0016917084807591778,-0.017150163575421807,-0.0018894575386565566,0.0011775375364915075,-0.0027029281747894497,0.011643670292156814,0.01906116962508862,0.0,0.0,0.0,0.017424790427059425,-0.01764585954646913,-0.21635360918755228,-0.05756942503802032,-0.07155439339221858
0.6908188,0.84372455,0.51459104,0.9375,0.93370897,0.9210105,0.94736844,0.36807206,0.3799817,1.0,1.0,1.0,0.3799817,0.3799817,0.3757406,0.34134844,0.4612136,-9.341122654106166e-05,-0.003947812100209994,-0.012570965301965826,0.001897899320103961,-0.0014698695393804714,-0.001065536303112327,0.011872326702995473,-0.016354626872646126,-0.017671672430208448,0.0,0.0,0.0,-0.017135572464800908,-0.003156444981194251,0.0516453859038047,0.028031594127282417,0.019740179400937488
0.6160082,0.8628931,0.7523545,0.7523545,0.9375,0.94736844,0.9193914,0.39114892,0.40418488,1.0,1.0,1.0,0.40418488,0.40418488,0.19074047,0.33579296,0.6232137,-0.008209245375785636,-0.0034511098170218863,5.9468942116256625e-05,-0.0068348710707935734,-0.0013063285086290083,-0.0006647236268481602,0.006225365540281409,-0.0031701633342679863,-0.00872814545651272,0.0,0.0,0.0,-0.00815190692032428,0.0019771566892130142,0.08755822697729039,0.03300522992609452,-0.0179864745102514
0.55812943,0.7647942,0.8581048,0.9062,0.97322625,0.94736844,0.94736844,0.35807213,0.36987644,1.0,1.0,1.0,0.36987644,0.36987644,0.5494905,0.40912628,0.1662136,-0.022362523008763215,0.0014626202065124536,-0.008387637460435887,0.011056528209491942,-0.0029366975857886453,-0.0018014164803818152,0.01200318115770612,-0.021281492078079306,-0.0156881562804859,0.0,0.0,0.0,-0.01754306182040301,-0.004877755440937657,-0.02843699187994094,0.01738627765511012,0.059106898762400044
0.8208189,0.85385627,0.6919922,0.8871432,0.7473433,0.94736844,0.94736844,0.49499542,0.5063439,1.0,1.0,1.0,0.5063439,0.5063439,0.4869905,0.35023743,0.5462136,0.01242453687616227,-0.0016970961741389027,0.0033438379387325024,0.010776774603204874,0.005623771777528382,0.0002871956975747524,0.009635878102051253,0.009377605363632498,0.0117385762072376,0.0,0.0,0.0,0.001316023638959482,0.00807149812051481,0.021642444030812245,0.03376298609521335,0.0012704919734903147
0.4575613,0.77902895,0.7485208,0.7485208,0.9375,0.94736844,0.70685744,0.4707646,0.47983766,1.0,1.0,1.0,0.47983766,0.47983766,0.3782406,0.4502374,0.5822137,-0.0518532599755174,0.0022680160312280036,0.0012860572678605282,-0.006015076937505475,-0.0006652630951214711,-0.0019735324318788917,-0.06840008946548813,0.0013033935400966565,0.0008350021414812325,0.0,0.0,0.0,-0.0009037225346596737,0.0059971899857340135,0.05153751017118559,0.014158531070933922,-0.0006305966264811236
0.9667657,0.8998124,0.70890784,0.70890784,0.8591455,0.94736844,0.94736844,0.7707644,0.7779722,1.0,1.0,1.0,0.7779722,0.7779722,0.7419905,0.72912633,0.75821364,0.03687149248239634,-0.008575407306854757,-2.1005934904514586e-05,-0.01646424917642215,0.0024916276833302736,0.002441277564651978,0.004466997648368315,0.004617665902354602,0.006745132164840171,0.0,0.0,0.0,0.021414622428365785,-0.01601805186388247,-0.19523770584782557,-0.0609084358323766,-0.06122235349537451
0.54100823,0.6907696,0.6496491,0.6496491,0.90427727,0.94736844,0.94736844,0.51153374,0.5226411,1.0,1.0,1.0,0.5226411,0.5226411,0.19824052,0.5113485,0.6882137,-0.023392952304037703,0.006494861339610398,0.00032135442470753047,-0.014205817422230725,0.00022477314094169272,-0.0011580258914120805,0.0095420709806462,0.007944421244129841,0.010699821896832702,0.0,0.0,0.0,0.003929009655662669,0.007072515194067839,0.10125772864714454,0.005906056897738067,-0.038389099344466465
0.6531295,0.85621727,0.73746616,0.73746616,0.9375,0.94736844,0.80318975,0.4676876,0.48203528,1.0,1.0,1.0,0.48203528,0.48203528,0.27949047,0.6380152,0.46121368,-0.00479953877990548,-0.0028768664610448703,0.002174461317838418,-0.006404318960725502,0.0006184712582796336,-0.0018436911470024902,-0.018151712398825792,0.007006530023083715,0.00575853598600558,0.0,0.0,0.0,0.0013745357065442665,0.004305797793372179,0.06418308724297976,-0.012695429536303164,0.022717638627776
0.82544017,0.75567883,0.6786049,0.9375,0.77689874,0.75567883,0.94736844,0.5623028,0.5729419,1.0,1.0,1.0,0.5729419,0.5729419,0.6982406,0.3624596,0.58021367,0.01583264911331533,0.005589935979226052,0.0016497288980695907,0.022000827296511875,0.00933071338714706,-0.009068509226153387,0.014359350401860491,0.017651875115225694,0.01863012641202966,0.0,0.0,0.0,0.011265543478874594,0.008581228710793708,-0.1576125955768768,0.032969672714821735,-0.007934816343670043
0.90214443,0.8738682,0.33006102,0.33006102,0.9375,0.94736844,0.8738682,0.5676876,0.577545,1.0,1.0,1.0,0.577545,0.577545,0.5882405,0.6013485,0.49021357,0.0388344750208222,-0.0063579503088353915,0.008444451594085585,-0.017740429095782884,0.0005494463905900454,0.0025411755267436315,0.00724122570219078,0.007279744820425349,0.014155626485817767,0.0,0.0,0.0,0.008509244784699508,0.00500523164336819,-0.04919505076485075,-0.015273091194815031,0.013019270791005228
0.5979401,0.79462165,0.7337263,0.99197626,0.79131204,0.94736844,0.94736844,0.6334569,0.6401658,1.0,1.0,1.0,0.6401658,0.6401658,0.6157405,0.54468185,0.6562137,-0.009747076768704737,0.002043982373167027,0.001811216760071272,0.022045795832264306,0.0099571606271256,-0.00035127578152847265,0.011638961658508324,0.02384705948750646,0.02104731451714107,0.0,0.0,0.0,0.017020778017898374,0.0035683544741946993,-0.0791945188619487,-0.007521619970522627,-0.030209216778267635
0.90426564,0.8527257,0.5868361,0.9062,0.63112617,0.94736844,0.94736844,0.638072,0.6481741,1.0,1.0,1.0,0.6481741,0.6481741,0.68324053,0.58912635,0.66021365,0.02715937006442448,-0.0033531436759272303,-0.0010559308442193798,0.00925300251593451,0.016470403122964054,0.0005488330854613163,0.010196367901059725,0.015912284624190743,0.013869358364864153,0.0,0.0,0.0,0.020332890367837076,0.0022947624566804674,-0.12788597128707063,-0.019732304913027302,-0.03246822854200262
0.8406295,0.7945402,0.68093294,0.9375,0.6822148,0.92512906,0.94736844,0.56999516,0.57649356,1.0,1.0,1.0,0.57649356,0.57649356,0.5244905,0.49468178,0.6442137,0.017889986949490025,0.0021307707945704027,0.002557747377992924,0.012478306400187012,0.011219844716931793,-0.0007032210113752976,0.010010476738679499,0.011689114725418875,0.016946471000015662,0.0,0.0,0.0,0.010079966015350945,0.007977121501567971,-0.004677137142728754,0.011019630060797479,-0.028181102524663357
0.7636976,0.82941514,0.9292761,0.9375,0.9375,0.82941514,0.8913406,0.6076876,0.6199857,1.0,1.0,1.0,0.6199857,0.6199857,0.3532405,0.68579304,0.6442137,0.008220219089351655,0.0001152466317185874,-0.0008304502553373406,0.013367604682798842,-0.0015066133506432934,-0.001104799795402987,0.008126766957276835,0.01640564643233071,0.02333376183393766,0.0,0.0,0.0,0.011761969417418973,0.008889993418917693,0.05491852301075402,-0.033288450747347154,-0.03318420924206185
0.78775066,0.8407169,0.85207504,0.85207504,0.939427,0.94736844,0.94736844,0.55153346,0.5613235,1.0,1.0,1.0,0.5613235,0.5613235,0.2607404,0.73468184,0.59021366,0.011162676846578986,-5.012792445375149e-05,-0.0009739755401663422,0.002933684377778822,-0.0008328119056464592,-0.0005072675454446048,0.013358369085951217,0.01104260658187045,0.016324613199050035,0.0,0.0,0.0,0.006903528000201669,0.0078020484053878516,0.0799213561002704,-0.04580215249454162,-0.011148328240948661
0.70044017,0.87214583,0.87233704,0.9375,0.9375,0.91628766,0.8069667,0.5588413,0.57050544,1.0,1.0,1.0,0.57050544,0.57050544,0.2594905,0.70023745,0.62921363,0.0002329356112187893,-0.0021232258672641995,0.0038979164868063053,0.012493055407961726,-0.0012373512971365361,-0.000665513520236027,-0.031206626054092884,0.01353736714986685,0.019526119012833836,0.0,0.0,0.0,0.009733457665143266,0.008239096094240665,0.07016169041300704,-0.034670593685823474,-0.030129473727123036
0.9998338,0.94736844,0.12541771,0.12541771,0.12541771,0.94736844,0.94736844,0.52614903,0.53599143,1.0,1.0,1.0,0.53599143,0.53599143,0.5082405,0.44579294,0.6232137,0.051029717719429615,-0.01721664800387472,-0.0021818139261316222,-0.0176702508100006,-0.025389963997638255,0.0006200856443484754,0.011616095334058331,0.00803361285585522,0.010437757351629814,0.0,0.0,0.0,0.003378954552698662,0.005910945588917543,0.0013685823977151012,0.01317662865007646,-0.01568885283889957
0.25218278,0.40700352,0.92040455,0.92040455,0.9375,0.94736844,0.40700352,0.5173029,0.5272593,1.0,1.0,1.0,0.5272593,0.5272593,0.26824045,0.60690415,0.70221364,-0.09600946745458822,0.006000455128759376,-0.0001815779957732723,0.0055569632529374625,-0.0020083442689744417,-0.004943777270006957,-0.19294840964161156,0.008251452583707589,0.010020497740182795,0.0,0.0,0.0,0.004454065657574493,0.005304975048513207,0.06079893700681877,-0.013610668753897983,-0.05186430763172467
0.48756126,0.769977,0.74557936,0.74557936,0.9375,0.94736844,0.7348976,0.4349952,0.44907504,1.0,1.0,1.0,0.44907504,0.44907504,0.25199044,0.4380151,0.6292137,-0.03274557878776624,0.0013110624860059499,0.000677806738296897,-0.008176208311991113,-0.0017614230150250162,-0.002153767278333941,-0.058805698195006466,0.0035993655308899507,0.0035378366796476875,0.0,0.0,0.0,0.0003746776307322813,0.005386206389817031,0.07324553175776007,0.012741745820735733,-0.03148574905542267
0.66831875,0.91114014,0.8354783,0.87848544,0.9062,0.94736844,0.94736844,0.5646104,0.5688832,1.0,1.0,1.0,0.5688832,0.5688832,0.18324053,0.62245965,0.8382137,-0.0027739563074736023,-0.0020376503082878295,0.005182102240767458,0.0066780588330706304,-1.9943994477681602e-05,-1.714053737895512e-05,0.008450612659535376,0.01043504228236995,0.015164924574886596,0.0,0.0,0.0,0.007194096737205166,0.006645611681668385,0.09666590635809331,-0.021608582760195897,-0.10227760974975181
0.78869766,0.8156842,0.7477723,0.97322625,0.93370897,0.94736844,0.94736844,0.5419182,0.55298716,1.0,1.0,1.0,0.55298716,0.55298716,0.3219905,0.7646819,0.47721356,0.011482415019260195,-5.954185486798262e-05,0.0018664393553941769,0.012196543363799262,-0.0014344376646438924,-0.0004137559789393614,0.01591652477629641,0.012298612187836464,0.016820602541374886,0.0,0.0,0.0,0.0068673096796366415,0.0077311845312002594,0.06830168777983907,-0.051186516784942564,0.014676367477322325
0.38756144,0.8407169,0.91715527,0.9396432,0.90427727,0.94736844,0.94736844,0.5361491,0.5487033,1.0,1.0,1.0,0.5487033,0.5487033,0.5157405,0.40912628,0.6552137,-0.05198069707421991,-0.00047678726077399924,0.004034777564017716,0.013612679487173778,0.0003036907675242023,-0.001186309814039388,0.01646575498078076,0.014498094799451718,0.018537967607026327,0.0,0.0,0.0,0.008598632332796171,0.009154975876774517,-0.0024566196069226633,0.02333542029065115,-0.026832629844694623
0.6608188,0.8459658,0.870967,0.9375,0.9375,0.878765,0.8507194,0.39191818,0.4038096,1.0,1.0,1.0,0.4038096,0.4038096,0.2182405,0.61912626,0.3532136,-0.0025148001845177793,-0.002970313593736233,0.002610257634555798,0.005938724378567627,0.0002535322764604818,-2.3342940528983425e-05,-0.014300787111831975,-0.0019827453392393356,-0.007274485854578269,0.0,0.0,0.0,-0.007192585761243219,0.00037138777158788537,0.07878836125672628,-0.009462155823785052,0.04233962455368843
0.40756133,0.7385005,0.73484683,0.9375,0.9375,0.7385005,0.99324316,0.3765335,0.38649574,1.0,1.0,1.0,0.38649574,0.38649574,0.40824056,0.47690403,0.30021363,-0.05424183172871591,0.005029991531331685,0.0019083159742788276,0.010143328942248684,-0.0019082861268120439,-0.0005175279156792752,0.02239012207614658,-0.01191090596353384,-0.00980598261169692,0.0,0.0,0.0,-0.012044471709551334,-0.0005476658541010433,0.041840885384277,0.008871732163274651,0.04153126003855316
0.6904401,0.7845167,0.93370897,0.9375,0.9375,0.9489912,0.7698866,0.41230276,0.42471445,1.0,1.0,1.0,0.42471445,0.42471445,0.41949052,0.2902373,0.5932137,0.00016796207911912262,-0.0002981911897459347,-0.011064593762346722,0.013330217265481399,-0.0013302631940423537,-0.0025351949775707485,-0.04457822772081612,-0.0028369930791680947,-0.005751312330055611,0.0,0.0,0.0,-0.005222576917139694,0.0026257243885036154,0.04546722164458436,0.030543802880056186,-0.012019814601710168
0.6150612,0.89307547,0.9668138,0.9668138,0.9375,0.94736844,0.99324316,0.708072,0.70637417,1.0,1.0,1.0,0.70637417,0.70637417,0.46324056,0.6802375,0.8852137,-0.007308842254825372,-0.005916366771758632,0.008596144777221681,0.01932435922407153,-0.0034699305470030375,-0.00032519655508308196,0.025076225750401752,0.01968346919292619,0.01600148794263421,0.0,0.0,0.0,0.013276214254284428,-0.0025502683579363885,0.018210878341818698,-0.04985418985363335,-0.13726565645807406
0.70331883,0.8273557,0.45139492,0.45139492,0.99197626,0.94736844,0.94736844,0.26576453,0.2793125,1.0,1.0,1.0,0.2793125,0.2793125,0.41324055,0.25579295,0.1662137,-0.0007046370604647678,-0.004033733461333757,0.0034056863957722416,-0.005675607468297423,0.00030819982446092157,0.0012647704702933348,0.008418964773216358,-0.03688513594940868,-0.0545737464349321,0.0,0.0,0.0,-0.03435723345745484,-0.018452056223378484,0.048463906078539176,0.015945530759303553,0.05658199741540864
0.39256138,0.81568533,0.8871432,0.97322625,0.9396432,0.94736844,0.94736844,0.5065337,0.51694894,1.0,1.0,1.0,0.51694894,0.51694894,0.29324055,0.7035708,0.45221367,-0.040495671156622705,0.0013417295357723575,0.005387632393925543,0.014584054012313202,-0.001677169613214781,-0.0015776266899819136,0.018466687980724074,0.006667987169358747,0.00954966408363387,0.0,0.0,0.0,0.0028573180382476205,0.0063410962518837015,0.08927293325449581,-0.03458550559697723,0.030805609762536056
0.6715763,0.83642805,0.6058769,0.6058769,0.9668138,0.94736844,0.94736844,0.6123028,0.6188538,1.0,1.0,1.0,0.6188538,0.6188538,0.52574056,0.65912634,0.60421365,-0.005417783687406049,-0.00244467565921804,-0.00013415565171282613,-0.018333434343976388,-0.003839207641470077,-0.0008877111183180435,0.010674609008302303,0.011800761018183115,0.017796457814588197,0.0,0.0,0.0,0.011565712681441336,0.002701488134543054,-0.0101041368539578,-0.02691451429224087,-0.016828388329976643
0.69350815,0.8210069,0.77626085,0.77626085,0.9375,0.94736844,0.91811174,0.5223029,0.5295999,1.0,1.0,1.0,0.5295999,0.5295999,0.5757405,0.29134846,0.67921364,-0.0019892001800847392,0.0007950467155408002,-0.0022969440081989667,-0.005191530615493006,-0.004478622484745461,-0.0009124206676546132,0.0011633394950856502,0.00995692019624892,0.01439743596852616,0.0,0.0,0.0,0.004184376293690451,0.008334939925183192,-0.04854917831163106,0.038479440819644585,-0.03276985156483537
0.55525076,0.7567372,0.7374765,0.9396432,0.9375,0.94736844,0.6021517,0.39499533,0.3982658,1.0,1.0,1.0,0.3982658,0.3982658,0.51074046,0.32579294,0.42621356,-0.037828299772072416,0.0022968401795556087,0.0012175494603204099,0.003929948929024871,-0.0015107086369844584,-0.002359011935040287,-0.105261598230909,-0.012814111255059187,-0.021486751867122646,0.0,0.0,0.0,-0.0075410894065865534,-0.0025670159723979614,0.008551613655496086,0.021887867468325196,0.03192904389881704
0.61081886,0.82430315,0.75427145,0.75427145,0.8581048,0.94736844,0.94736844,0.31461054,0.3301026,1.0,1.0,1.0,0.3301026,0.3301026,0.14199054,0.5735707,0.30021363,-0.009629929767864651,-0.004617916361961056,0.002159393911191269,-0.006298803663225465,0.0015985012809903315,-0.0006934124741140355,0.012185939291289982,-0.01763795108647124,-0.025364535005595462,0.0,0.0,0.0,-0.019462450053305068,-0.009560845201127648,0.07935931395455065,-0.0005656587798947809,0.04929698906434006
0.779455,0.78771156,0.7284649,0.8181532,0.66856337,0.94736844,0.94736844,0.5511491,0.5593547,1.0,1.0,1.0,0.5593547,0.5593547,0.44199055,0.51245964,0.6792137,0.008750038025777746,0.0021170967544141017,0.0018589293977205718,-0.0016045951270074398,0.007655367349284514,-0.00030106048685013765,0.008321572237479301,0.0124547984907713,0.016493670735341505,0.0,0.0,0.0,0.008377284811416544,0.00830334597815891,0.024867701615439587,0.005004211750337026,-0.03508906949652667
0.24256137,0.5211729,0.9396432,0.9396432,0.9375,0.94736844,0.9193914,0.5173029,0.52975976,1.0,1.0,1.0,0.52975976,0.52975976,0.3582405,0.37134838,0.7532137,-0.08331616596624158,-0.0024993301728951315,0.001994985749688687,0.015067807141495727,-0.002770728641328837,-0.0031532358002681095,0.00791636709411389,0.008120078157122014,0.010656284310601944,0.0,0.0,0.0,0.00466987145927027,0.0055730366078173945,0.04999629962762915,0.02422969153346016,-0.06440407552625191
0.79388696,0.8913408,0.5330013,0.5330013,0.8830454,0.94736844,0.94736844,0.30191818,0.31478,1.0,1.0,1.0,0.31478,0.31478,0.27949047,0.46912628,0.21021357,0.013799025315450318,-0.00998934006315902,-0.0021776550748805936,-0.009067289724007712,0.0018932256549861477,0.00033206070655215014,0.012058618649772678,-0.017943040171657095,-0.028987226712803692,0.0,0.0,0.0,-0.027556246610538963,-0.01253609465383396,0.08206189255939857,0.012732819934182857,0.06481507114997795
0.67350817,0.7914564,0.7370743,0.97322625,0.9375,0.94736844,0.7753088,0.5073028,0.51579124,1.0,1.0,1.0,0.51579124,0.51579124,0.5132405,0.4502374,0.53121364,-0.0033557986672006312,0.0018321561196882467,0.0017409159334469992,0.01711037909584599,-0.0031505604870805852,-0.0013381078128483232,-0.03771543239742954,0.009941470562937055,0.012658282327132236,0.0,0.0,0.0,0.002948051770494537,0.007773596510307618,0.004902977174314642,0.013456084892103632,0.0031432973761595893
0.86737204,0.80308527,0.91162604,0.9375,0.91411304,0.80308527,0.94736844,0.6076874,0.61662257,1.0,1.0,1.0,0.61662257,0.61662257,0.7419905,0.49357074,0.58521354,0.010282342110666231,0.0013600906285105882,-0.01058894927287029,0.020221488747427782,-0.001768247284817014,-0.00637804709230933,0.007328075650067275,0.017594191765314487,0.016353444270184578,0.0,0.0,0.0,0.015262290307960238,0.006493964717428222,-0.2010956662324258,0.00900823665016671,-0.011185099606029567
0.87119764,0.9015119,0.61798036,0.61798036,0.97322625,0.94736844,0.94736844,0.6249952,0.63647205,1.0,1.0,1.0,0.63647205,0.63647205,0.48574048,0.62245965,0.6672136,0.02287896327592688,-0.009077973740412727,-0.00024310786634984175,-0.01393503239443834,-0.0017439949946328602,0.0006748120144280126,0.00700339805648777,0.013315947108591067,0.021708565846441142,0.0,0.0,0.0,0.01584351190711429,0.004811236710689764,0.01679427492202785,-0.02515153124479184,-0.04281300642158161
0.6031294,0.7873666,0.5935195,0.5935195,0.9375,0.94736844,0.73512757,0.51922596,0.52893776,1.0,1.0,1.0,0.52893776,0.52893776,0.3782406,0.59357077,0.55521363,-0.019398464003923557,0.0014323070540717075,0.0008637333633937333,-0.017070794421200356,0.00031524531550937597,-0.0022143597915467864,-0.03928506088724992,0.00924250926117191,0.012109029536241624,0.0,0.0,0.0,0.004022285340180635,0.007415045994719339,0.054121577102083915,-0.006028840873979699,-0.004599802014741809
0.8581295,0.878765,0.7804181,0.7804181,0.9375,0.94736844,0.9711938,0.62845683,0.63385177,1.0,1.0,1.0,0.63385177,0.63385177,0.80949056,0.43245962,0.6242137,0.01895050460281356,-0.006758913333177897,-0.00359867415376176,-0.008331175366189061,-0.0030604836097861436,-0.0007868646770126219,0.014028032570170625,0.01838156011013923,0.017782269077109215,0.0,0.0,0.0,0.01657730245525687,0.005791380093015922,-0.2758388784737913,0.020486247993532755,-0.019278003908356066
0.53945506,0.7257318,0.6366758,0.9375,0.9375,0.7257318,0.76634496,0.2865338,0.301336,1.0,1.0,1.0,0.301336,0.301336,0.09199035,0.6235707,0.20621356,-0.02293989385754541,0.007035244179804172,-0.0019405183912549922,-0.0025237295019548624,-0.0008067220161154779,-0.00017828688429858146,-0.0377582568845755,-0.032467395379414586,-0.04350698294535798,0.0,0.0,0.0,-0.025630208047931483,-0.010367988443729331,0.09180303513578963,-0.004835793460256411,0.06639166593341571
0.73062944,0.81568533,0.71703213,0.99197626,0.9375,0.94736844,0.6537903,0.46037966,0.47002006,1.0,1.0,1.0,0.47002006,0.47002006,0.44949055,0.456904,0.48521367,0.0058302265602633895,0.00011713981227035829,0.0013273881348968316,0.008712371268217379,0.0008167947224987074,-0.002350423399153358,-0.07384568652606975,0.002920297424376026,0.0015905149800344448,0.0,0.0,0.0,-0.0011856849222505101,0.005440832731397096,0.03916932925774736,0.014925778667628183,0.0229186704863128
0.8629401,0.8117626,0.79545,0.79545,0.9375,0.94736844,0.9489912,0.6049953,0.613392,1.0,1.0,1.0,0.613392,0.613392,0.80074054,0.51357067,0.51321363,0.022512516053073785,-0.0002309082844501726,-0.00621719250117677,-0.003605944473948804,-0.0023831716042300214,-0.0004979356070263312,0.010049044526182351,0.017153671919698705,0.01713562853904482,0.0,0.0,0.0,0.013374969083240396,0.006440196363579334,-0.2756900570644429,0.0029868553991351204,0.004476581063476839
0.9998338,0.94736844,0.23209769,0.23209769,0.23209769,0.94736844,0.94736844,0.61076444,0.6201605,1.0,1.0,1.0,0.6201605,0.6201605,0.61949056,0.63801515,0.5222136,0.05296057059783425,-0.016599761387309998,0.0030129911375297086,-0.02243405065756985,-0.009157102041922032,0.0035765177333113695,0.006681670602463547,0.008547554044605934,0.013613202669108294,0.0,0.0,0.0,0.016846720692099738,0.006542089223722465,-0.07189383004101664,-0.016578848519178555,0.005545978078320868
0.7408188,0.7786411,0.70417655,0.70417655,0.939427,0.94736844,0.94736844,0.5499953,0.5603717,1.0,1.0,1.0,0.5603717,0.5603717,0.52449054,0.41468185,0.6642137,0.004030303006810575,0.00381853159773861,0.00018186501058816993,-0.013681340514803823,-0.0014578854857032091,-0.0004628689164765415,0.011103342239357814,0.014012299670971505,0.019102080690635324,0.0,0.0,0.0,0.007480748916492642,0.008583406508182914,0.00040624745464840404,0.022541416912428308,-0.030949107014891963
0.5854401,0.573208,0.92463356,0.9375,0.92463356,0.9210105,0.94736844,0.51114905,0.52464974,1.0,1.0,1.0,0.52464974,0.52464974,0.55199045,0.66579294,0.28421372,-0.009672711527985649,-0.0017562772409831992,-0.015572802949039852,0.01895200631923577,-0.0013872388659493797,-0.0002475144489728395,0.0052231842325327115,0.007731378209876631,0.01097693135047883,0.0,0.0,0.0,0.0021240906291445645,0.006196103779266794,-0.018973398710277735,-0.01450552960445878,0.05034575912207264
0.65850824,0.84891015,0.59769744,0.9375,0.9375,0.84891015,0.86317396,0.34422582,0.35917512,1.0,1.0,1.0,0.35917512,0.35917512,0.25199044,0.32579294,0.4612136,-0.004743117312438723,-0.005347120954575783,-0.0030655956330572056,0.003060654845389144,-0.0013047230698115797,-0.0001594028302997324,-0.014477162998390657,-0.026282157352952373,-0.030175134062292715,0.0,0.0,0.0,-0.02231800416329934,-0.009010330828751089,0.0747650473860235,0.02353114805715399,0.023078306666152324
0.9042657,0.8913406,0.7137352,0.7137352,0.9657926,0.94736844,0.94736844,0.83461064,0.83536094,1.0,1.0,1.0,0.83536094,0.83536094,0.52449054,0.8669041,0.8922137,0.023585668623907027,-0.007416218932980275,-0.00043547656238103813,-0.014105370968322421,-0.004473419384827554,0.0021722495760554818,0.0030266242333414424,-0.0016608899056604252,0.005825405652897326,0.0,0.0,0.0,0.01730266776259909,-0.024171084641831517,-0.010990961039831588,-0.1102625186350581,-0.13050761151342166
0.7761977,0.5750669,0.6723881,0.9375,0.9375,0.5750669,0.9210105,0.47153372,0.48534632,1.0,1.0,1.0,0.48534632,0.48534632,0.5132405,0.4635707,0.42621365,0.007882024391952359,0.011892552405552894,0.002322399741144669,0.01634249767956797,-0.0004015731506369611,-0.010180638830837158,0.006494795827583709,0.0034988527059942407,0.00482275548404065,0.0,0.0,0.0,-0.0022511624569928556,0.004262851809965179,0.006705632106702179,0.014892613020480228,0.028045742297019064
0.9067657,0.8930203,0.3450775,0.3450775,0.9062,0.94736844,0.94736844,0.491149,0.5034055,1.0,1.0,1.0,0.5034055,0.5034055,0.42699057,0.5246819,0.46721363,0.029463952675693957,-0.007929953514840375,-0.0023553992920479078,-0.02332115299822473,0.001153269484304024,1.9181544480550983e-08,0.008151793381009971,0.007619773071467959,0.008931954070483058,0.0,0.0,0.0,0.001342976195814607,0.00579687417387182,0.03687259619040338,0.0014109948662340682,0.018179182248172485
0.7911976,0.7612107,0.99197626,0.9375,0.97322625,0.7891587,0.94736844,0.51345676,0.52747256,1.0,1.0,1.0,0.52747256,0.52747256,0.48449045,0.52579296,0.51821357,0.005779911265723795,0.002387586132025418,-0.020205951276441522,0.020343623822072502,-0.00463557572605271,-0.001922373422093379,0.006823763551560395,0.0076251911927092235,0.010978362820275873,0.0,0.0,0.0,0.0027978946964918442,0.007291167951188841,0.020001097489409116,0.0026646704787378125,0.00918796739466983
0.69275075,0.54672694,0.6836053,0.8671419,0.778606,0.94736844,0.94736844,0.38037974,0.38640934,1.0,1.0,1.0,0.38640934,0.38640934,0.51074046,0.42023742,0.26521367,-0.004481497641422815,0.0024394554584329193,0.002429184380810083,0.006902883056762482,0.002938834276222923,-0.00221820186441695,0.009183435403756655,-0.01497707935497603,-0.015030390896084664,0.0,0.0,0.0,-0.01466991127483688,-0.004328559539977589,0.007051911282896201,0.018384071577045677,0.046043117274696656
0.9467657,0.8913406,0.5577674,0.5577674,0.89658135,0.94736844,0.94736844,0.64691824,0.6499837,1.0,1.0,1.0,0.6499837,0.6499837,0.6357405,0.5880152,0.7222137,0.03959240410757948,-0.008215916992272053,0.004429305154244684,-0.018317879074757765,-0.0005133915940754373,0.0002933854838345053,0.010517642586002095,0.010624669910572697,0.01774662194181305,0.0,0.0,0.0,0.014542139375719807,0.0012068597437929576,-0.10188138120937854,-0.010527990427823725,-0.05511064588371461
0.24350837,0.65237975,0.7727039,0.97322625,0.97322625,0.94736844,0.94736844,0.24576466,0.2601669,1.0,1.0,1.0,0.2601669,0.2601669,0.14199054,0.5235707,0.23921366,-0.08479948687488716,0.009638620428619895,0.0056212548372333694,0.0027207878751312536,-0.00491244037724115,-0.0010267479973988826,0.012157538576194235,-0.05411414484761757,-0.057237721873195674,0.0,0.0,0.0,-0.039720659956001624,-0.017546064996553902,0.11748734574772557,0.0060331851602257215,0.06375253880952642
0.4275613,0.42516115,0.93773437,0.93773437,0.9375,0.94736844,0.42516115,0.55576444,0.5678333,1.0,1.0,1.0,0.5678333,0.5678333,0.35699046,0.8669041,0.40621367,-0.0591126935002062,0.0056996446010727205,-0.003551724003549707,0.0052360960235234046,-0.000809556438743542,-0.004956378441722857,-0.1549809072042833,0.012561339699674476,0.0169432453769714,0.0,0.0,0.0,0.005239358246225578,0.007096854618997411,0.039671702145308886,-0.051369360580819305,0.048998579186967955
0.8479401,0.7459324,0.7923199,0.9375,0.7923199,0.7459324,0.94736844,0.8042259,0.8089118,1.0,1.0,1.0,0.8089118,0.8089118,0.5807405,0.8669041,0.7682136,0.010141658453201563,0.007320564399527384,0.002039104020333653,0.017500395240250682,0.007734138828296253,-0.01317609802460033,0.0096432772383143,0.004029056871896654,-0.000309981561394255,0.0,0.0,0.0,0.017533764119810398,-0.021917024054824076,-0.050573424113721455,-0.11858653341490459,-0.07984370527751489
0.68350816,0.7911128,0.5919532,0.5919532,0.9375,0.94736844,0.9711938,0.57076424,0.574903,1.0,1.0,1.0,0.574903,0.574903,0.5182406,0.57690406,0.6112137,-0.0021511956098177716,0.003485220044728349,0.0010235378913687435,-0.01851603006892423,-0.0008574952570844834,0.000790312226121441,0.013074430646510203,0.006090461933159841,0.011584919222561321,0.0,0.0,0.0,0.005195986577878076,0.003709814414032394,-0.002959510979427433,-0.009761413549985366,-0.01576638508487023
0.6861976,0.3184384,0.8375191,0.9375,0.8375191,0.3184384,0.94736844,0.33884123,0.3509652,1.0,1.0,1.0,0.3509652,0.3509652,0.16824043,0.3080152,0.47321358,-0.0004041289714245682,0.019138682294019316,-0.002674227785788239,0.015138463936503808,0.0038247895921953985,0.0029330395538266787,0.01091724537677258,-0.012356594263169207,-0.01599412031551068,0.0,0.0,0.0,-0.012589420596318533,-0.00354397065319521,0.11084079180377618,0.030411136174804402,0.014450740709993857
0.95464444,0.99324316,0.26716563,0.26716563,0.9375,0.94736844,0.99324316,0.6292258,0.6353989,1.0,1.0,1.0,0.6353989,0.6353989,0.6194905,0.7180152,0.48521367,0.04356466578736501,-0.020945913911679347,0.0038892479649658817,-0.006685448119637775,0.00013945633149594152,0.003570773570837035,0.006420671714347085,0.006662458995149975,0.014817762293989279,0.0,0.0,0.0,0.015004408628114847,0.003792934563387586,-0.0691001540772223,-0.03649555612291614,0.01771837965257586
0.7408188,0.8543607,0.6370813,0.6370813,0.91109073,0.94736844,0.94736844,0.6157644,0.6250962,1.0,1.0,1.0,0.6250962,0.6250962,0.59824055,0.59912634,0.64421374,0.0067068308695053215,-0.005059008879286904,0.0011446945588985662,-0.019532964448696212,-0.0007138457741186324,0.0019574944754277316,0.010692192402673268,0.015567128278406917,0.019877785090724784,0.0,0.0,0.0,0.01579140383971806,0.002202138761025079,-0.07148865546477734,-0.014835075446351969,-0.03386068600659667
0.8292657,0.87386805,0.41223076,0.41223076,0.9375,0.94736844,0.87386805,0.6423029,0.64751434,1.0,1.0,1.0,0.64751434,0.64751434,0.7032405,0.67245966,0.49421367,0.02038085981187004,-0.005351418875110874,0.009289146473215909,-0.016642069801576186,-0.00030633845294324435,0.0008691625328632433,0.003970769563932694,0.010366854245299739,0.01936501144656244,0.0,0.0,0.0,0.016269308275371538,0.0031183604527784104,-0.14931869436642825,-0.02763660052532784,0.014301100154341703
0.5465763,0.6382714,0.7818182,0.9375,0.9375,0.6382714,0.9774537,0.30191833,0.3175523,1.0,1.0,1.0,0.3175523,0.3175523,0.3019905,0.40134853,0.2942136,-0.019004257659266204,0.011443882254266695,0.003290316597689966,0.006544838466070375,-0.0014526595128105738,-0.0010430125970585585,0.019349395316096186,-0.02889777089757744,-0.029909756614137847,0.0,0.0,0.0,-0.024080698385992774,-0.011048624425339992,0.0768570756166131,0.01782264352162475,0.04160898715275711
0.75025076,0.5999421,0.83908564,0.9375,0.9375,0.8913406,0.9210105,0.48345667,0.497306,1.0,1.0,1.0,0.497306,0.497306,0.58449054,0.47468174,0.4282137,0.006286004160968508,0.0023569408967062263,-0.011940810231226657,0.021913485034611373,-0.0022432660814666063,-0.0003119519717145408,0.002083876036709424,0.004882436554615181,0.006281513562165233,0.0,0.0,0.0,-0.001177489571159587,0.005134814700067998,-0.047019868234140665,0.011591039084182717,0.0259337894802709
0.6708188,0.7734092,0.74744076,0.9201982,0.9396432,0.94736844,0.94736844,0.4696105,0.47995228,1.0,1.0,1.0,0.47995228,0.47995228,0.40574056,0.40134844,0.64621365,-0.0033002510257709146,0.0018506851943941066,0.0016268950166833036,0.010564117886398548,-0.0024043674354958426,-0.0020181845987022468,0.009759130078632512,0.005789598890839939,0.006259520861101422,0.0,0.0,0.0,-0.0002716020159062693,0.0064822440457277496,0.04274965971048806,0.023555529049209403,-0.02349846165975948
0.3858189,0.8436782,0.6178863,0.6178863,0.9062,0.94736844,0.94736844,0.40999514,0.42257655,1.0,1.0,1.0,0.42257655,0.42257655,0.18324053,0.5502374,0.45121366,-0.045517848168930716,-0.002421757404199949,-0.0017347832156970116,-0.0145221081156741,-0.000333475008375227,-0.0015151938744915395,0.020802354273739363,-0.002924156112125374,-0.004993804171401156,0.0,0.0,0.0,-0.007480378990747418,0.0019971624212734,0.09707134352548767,-0.0010428321836529998,0.02784936337179789
0.95464444,0.99324316,0.613449,0.613449,0.9375,0.94736844,0.99324316,0.85114896,0.85144114,1.0,1.0,1.0,0.85144114,0.85144114,0.8382405,0.8069041,0.7802137,0.03965589247390683,-0.022977553697940755,0.0009723248496038072,-0.015590932477773314,-0.0025620731214318787,0.002366833561481882,0.009304073717329484,0.004651253166680126,0.01435853727137384,0.0,0.0,0.0,0.023335317167386557,-0.022075514846910754,-0.2538134132299735,-0.07516680924187079,-0.07207942441382542
0.4358188,0.8436782,0.6353548,0.6353548,0.9062,0.94736844,0.94736844,0.25691825,0.26933712,1.0,1.0,1.0,0.26933712,0.26933712,0.3019905,0.30357063,0.26521358,-0.05246839115672205,-0.005000823942752606,-7.870967416253857e-05,-0.009382388594201796,0.0006271610657794268,-3.7741918285187985e-05,0.011141920891502961,-0.05147834669690957,-0.05742475371882691,0.0,0.0,0.0,-0.03709607125015687,-0.02029973139845395,0.0855055795213469,0.015453483852495732,0.0511357161799007
0.92176574,0.8913406,0.41217637,0.41217637,0.9375,0.94736844,0.8913406,0.6253798,0.6340914,1.0,1.0,1.0,0.6340914,0.6340914,0.43949056,0.6980152,0.7072137,0.036774455908553286,-0.008234315674279897,0.0005419300421027119,-0.012663243155858993,-0.0008044589804276072,0.001464776469756422,0.0002478221782040055,0.010363606787666419,0.021927770124782614,0.0,0.0,0.0,0.014481892461740985,0.006965572778919602,0.025598619895303796,-0.03739454373693025,-0.05486253733857785
0.7133188,0.8227542,0.7818182,0.7818182,0.9062,0.94736844,0.94736844,0.43345687,0.44691476,1.0,1.0,1.0,0.44691476,0.44691476,0.5319905,0.4069041,0.40621367,0.005998315759561796,0.0004814948025657387,-0.0029997137790391255,-0.005455058816716641,0.0005689750427205065,-0.0005488174497019604,0.010842966689877543,0.0007721217357104019,-0.00015782640504879931,0.0,0.0,0.0,-0.005228584216342324,0.003917943902393901,-0.015117843388225163,0.018687921725719592,0.03126360776858395
0.7025614,0.8260488,0.88566744,0.9375,0.87109214,0.8260488,0.94736844,0.54461056,0.55565083,1.0,1.0,1.0,0.55565083,0.55565083,0.5457405,0.5502374,0.46121368,0.002576992506086405,0.0009018534284227015,-0.006589322819691348,0.019340953701427157,0.002067084204912492,-0.00442166592205197,0.0142199177055658,0.01089584774035406,0.014016599675254808,0.0,0.0,0.0,0.004489198110261941,0.007655282264100212,-0.013657754936218059,0.00034803067260594873,0.023065207193313845
0.7481295,0.8507194,0.89956987,0.89956987,0.939427,0.94736844,0.94736844,0.5734567,0.57406276,1.0,1.0,1.0,0.57406276,0.57406276,0.53074056,0.2835707,0.8892137,0.006431973614512039,-0.001639514139029704,-0.005961550386763408,0.013081087382621029,-0.003194483648381801,-0.0001473847936765125,0.005832135707155964,0.014018739398839986,0.01797283472366708,0.0,0.0,0.0,0.008575880171438495,0.007407636364533631,-0.010396560569341413,0.049844168464260506,-0.10512135018056178
0.8617657,0.78386325,0.9272779,0.9272779,0.9375,0.94736844,0.85870224,0.80153364,0.7975432,1.0,1.0,1.0,0.7975432,0.7975432,0.77949053,0.8146819,0.7182137,0.013272968903376932,0.002505896396253796,0.0031103309818698017,0.011656162973539932,-0.0030957615205963757,0.001440918690178063,-0.0017117158809670675,0.009416812151093695,0.006160249260381826,0.0,0.0,0.0,0.017153875150123194,-0.01647316750405408,-0.202551590701832,-0.0882750654952372,-0.055716259296581604
0.68044007,0.82430315,0.6141803,0.9375,0.9375,0.82430315,0.9540876,0.44114906,0.45082152,1.0,1.0,1.0,0.45082152,0.45082152,0.68074054,0.4824596,0.20621367,-0.0013979194771053872,-0.0005430188753101708,0.0015978281304135972,0.014726472920853715,-0.0016486393452011857,-0.0038589448707929187,0.00580299916051129,-0.0020260356889088608,0.0015877057102732742,0.0,0.0,0.0,-0.00788840099140175,0.0025453509334961415,-0.15473681288805494,0.009119583913437897,0.06743770342662526
0.66312945,0.70859635,0.7723632,0.9375,0.7187738,0.70859635,0.94736844,0.41768762,0.4320338,1.0,1.0,1.0,0.4320338,0.4320338,0.38824058,0.59801525,0.1992136,-0.002380114315479442,0.006123154872749733,0.0016952408393916723,0.010861270878865686,0.003713957125126387,-0.0037320485006392037,0.006782265586987489,0.001601035190159591,0.0022714684499121414,0.0,0.0,0.0,-0.0041888587903816474,0.0027752924665905626,0.049972634205984204,-0.00649916894415284,0.06069050110520495
0.818887,0.7241807,0.8581048,0.9375,0.9375,0.7241807,0.77858645,0.25153366,0.26476404,1.0,1.0,1.0,0.26476404,0.26476404,0.45074052,0.27134842,0.12621355,0.01669618057382269,0.007941878952555834,-0.0032513446911387263,0.006474936740692974,0.0011384797628400415,-0.006227612986317724,-0.02817300713960896,-0.051776787513035646,-0.059060906957962726,0.0,0.0,0.0,-0.036117075993208375,-0.02231882383539665,0.03489913194086481,0.014290713351908924,0.0603360512397764
0.74968266,0.6912088,0.97322625,0.97322625,0.9375,0.94736844,0.9774537,0.6719183,0.6826936,1.0,1.0,1.0,0.6826936,0.6826936,0.5232405,0.626904,0.79321367,0.005566995018222592,0.008874359283946795,-0.0028051091914440824,0.019358680475896086,-0.0023379644396566805,-0.0006590995170543242,0.015528880611687714,0.015542760045024879,0.018234705761332563,0.0,0.0,0.0,0.014447491238260607,0.004700504462282224,-0.0038348452775781093,-0.024924801177440985,-0.07642427863521976
0.44812948,0.7257318,0.8581048,0.9375,0.97322625,0.7257318,0.94736844,0.049226172,0.0652193,1.0,1.0,1.0,0.0652193,0.0652193,0.05074036,0.07357057,0.1662136,-0.042457806192448995,0.011588540164994854,0.011191992598072069,-0.004578696011818402,-0.003825043728804039,-0.006449065546959959,0.009550568629779673,-0.12786412624614577,-0.12798674893763018,0.0,0.0,0.0,-0.07892654711854935,-0.052464258606862726,0.12930676757671594,0.019883322873734136,0.061454424319397315
0.7231295,0.8210069,0.6393887,0.9062,0.69547725,0.94736844,0.94736844,0.2984568,0.308688,1.0,1.0,1.0,0.308688,0.308688,0.5107405,0.26023737,0.21021366,0.004465963508043822,-0.003271588583286449,0.0013417783980714428,0.008231800223214117,0.0056682555656888374,-0.0014916598718125989,0.013079812788084169,-0.034427290424194464,-0.03341876393432685,0.0,0.0,0.0,-0.03375793023359625,-0.01803679403824616,-0.000855342942942432,0.02232551724723947,0.04434303966225642
0.928887,0.8913408,0.47396109,0.47396109,0.93370897,0.94736844,0.94736844,0.4746104,0.4849213,1.0,1.0,1.0,0.4849213,0.4849213,0.5869906,0.19801511,0.6302137,0.03739948936813108,-0.008434705582119758,0.016202699227553335,-0.03258835813886002,0.00015229297858963164,0.0012460189387709605,0.009117189372753296,0.003727790164194008,0.0044556750552552085,0.0,0.0,0.0,-0.0005717240219422975,0.004596304703202368,-0.05503022670304424,0.044762328643432193,-0.02029596307823721
0.78850824,0.89307725,0.8237621,0.8237621,0.9062,0.94736844,0.94736844,0.5973028,0.6052782,1.0,1.0,1.0,0.6052782,0.6052782,0.40824056,0.4380152,0.7962137,0.011682331938244693,-0.0036973463227344293,0.0005853863725507791,0.0030098008538015785,0.0007921878473817458,-0.00015783910058510834,0.013722827962115151,0.013383616504601258,0.01967926466025927,0.0,0.0,0.0,0.010755261123256128,0.007221671832684059,0.048769494418182464,0.020605669716876177,-0.07225167910549773
0.8115763,0.8735422,0.7970931,0.9375,0.9375,0.8735422,0.89307725,0.65153354,0.6618994,1.0,1.0,1.0,0.6618994,0.6618994,0.5132406,0.5502374,0.73521364,0.0160705476403742,-0.005518696674700174,0.0009524546407983425,0.014294519994015955,-0.003227457574315003,-0.0023403320862976605,0.009655344726383481,0.015873032570374666,0.01947643319547551,0.0,0.0,0.0,0.01430861066571782,0.0012900143115301631,-0.0011230616370608226,-0.00593444999506287,-0.06261044969408111
0.4725613,0.83513457,0.9396432,0.9396432,0.9062,0.94736844,0.94736844,0.26461074,0.2774624,1.0,1.0,1.0,0.2774624,0.2774624,0.14199042,0.24690406,0.44621363,-0.0272198633040193,-0.008281461359743747,0.008982778855491586,0.00463316540089895,-0.0003241477526664962,-0.0008747227645962717,0.019203229288200237,-0.04768744254149903,-0.04748881579034913,0.0,0.0,0.0,-0.03751141273189399,-0.020038796354845907,0.09423093523230941,0.022060485042900715,0.01697774354003532
0.77195513,0.7598652,0.6749562,0.6749562,0.68727374,0.94736844,0.94736844,0.4157643,0.4283497,1.0,1.0,1.0,0.4283497,0.4283497,0.3019905,0.46912628,0.5282136,0.009191386382350454,0.0028826531623130747,0.0019205872615140661,-0.014505846109693606,0.001761995442423946,-0.0007364981891535755,0.008791948259755447,0.00028726073814318564,-0.004455487609365358,0.0,0.0,0.0,-0.006466427341222392,0.002022405181898895,0.07004992683947503,0.013419495418171062,0.006743525851400431
0.51794004,0.70858693,0.74966764,0.9375,0.9375,0.8210069,0.70858693,0.11691827,0.13297112,1.0,1.0,1.0,0.13297112,0.13297112,0.09199047,0.14134842,0.16621351,-0.03663001280459098,0.011866946538148238,0.0025468865082871285,-0.0075288169814520765,-0.0009152508063411521,-0.0032943117918084806,-0.05629268964395503,-0.09708602753465449,-0.10985145863883583,0.0,0.0,0.0,-0.060735546753789234,-0.040134746680370766,0.10419269612726385,0.012017155884422927,0.062601216260598
0.63487196,0.81248885,0.8812014,0.9375,0.97322625,0.81248885,0.94736844,0.54461056,0.55132663,1.0,1.0,1.0,0.55132663,0.55132663,0.50199056,0.52134854,0.57221365,-0.005494139859932262,0.0014859391689804127,-0.000418497300750224,0.01755884555614752,-0.004775700636647403,-0.0018323035751636602,0.009927574000079674,0.008057185913606017,0.011663916558797262,0.0,0.0,0.0,0.0038186369382386476,0.006045726067652369,0.014396899947480293,0.003931167396729576,-0.004306444007376771
0.6931295,0.85910183,0.78948855,0.78948855,0.93370897,0.94736844,0.94736844,0.66037977,0.6681924,1.0,1.0,1.0,0.6681924,0.6681924,0.5657406,0.5891263,0.76121366,0.0013690349802385426,-0.003771957910105343,0.001277790495191265,-0.005499984001208111,-0.0033889375020331913,0.0002988894779046859,0.009393486889292597,0.017666408388860008,0.014163929453652966,0.0,0.0,0.0,0.01784139583718938,-0.0023281809289031476,-0.04480691578513702,-0.01563341615344052,-0.07121724775965099
0.5154401,0.73648775,0.6537827,0.9396432,0.83430797,0.94736844,0.94736844,0.5346106,0.5418847,1.0,1.0,1.0,0.5418847,0.5418847,0.7082405,0.48690414,0.4282137,-0.030946884457830007,0.007111960788324605,0.00012610667434030169,0.018763206841853036,0.006462571302574125,-0.001362826718096304,0.007683625397368791,0.008910235721203747,0.010264708078665077,0.0,0.0,0.0,0.0038037945343186623,0.0043910293380990464,-0.16274420135519235,0.01385055661351648,0.03150175482725584
0.5350613,0.5944454,0.67246455,0.9375,0.73073786,0.5944454,0.94736844,0.2569184,0.2681146,1.0,1.0,1.0,0.2681146,0.2681146,0.4394905,0.029126167,0.43521366,-0.022407839429015204,0.017767979380794798,0.0014081555497505085,0.011436412028363456,0.011658196434936754,0.005664936941050139,0.011462340401006547,-0.04823875729632974,-0.04928072864429946,0.0,0.0,0.0,-0.03553742690026391,-0.018855635249807844,0.030344166510341008,0.03555325884990682,0.018960393628640757
0.82157636,0.8930203,0.33422875,0.33422875,0.9375,0.94736844,0.99324316,0.47691816,0.48695955,1.0,1.0,1.0,0.48695955,0.48695955,0.4082405,0.2924596,0.64621365,0.02257513910586616,-0.009852657096836857,0.00134587254455796,-0.025958389909734772,0.0007304778598910248,0.0005546903729292263,0.02599971595075836,0.007680510931513378,0.00962784542368243,0.0,0.0,0.0,0.0022998661561124023,0.0065447780289299125,0.03470311482806032,0.034239797328503414,-0.03190810108416422
0.55888695,0.6187483,0.8189369,0.8671419,0.9375,0.94736844,0.84891015,0.2534567,0.26642105,1.0,1.0,1.0,0.26642105,0.26642105,0.21074045,0.26023728,0.40821362,-0.02347668884662878,0.015047553492227948,0.004206121924386211,-0.0013944656861355387,-0.0011232212112836607,-0.0012117974128660104,-0.022572857660965517,-0.04793388535824316,-0.05684379422964835,0.0,0.0,0.0,-0.03290294726817819,-0.02244813403154375,0.08577489017840575,0.021144220240766173,0.030421786973717967
0.2271826,0.7399975,0.84710926,0.9375,0.8164122,0.876369,0.94736844,0.5865336,0.5951779,1.0,1.0,1.0,0.5951779,0.5951779,0.53074056,0.29690403,0.8592137,-0.09530341277852643,0.006154609032072414,0.007276082420136241,0.01585458374644819,0.010268729245327304,-0.00023157842729712308,0.01430248357018962,0.020663472697253153,0.01864309107892068,0.0,0.0,0.0,0.009970893133876987,0.0030873986772346883,-0.021332642676485113,0.046788719430709245,-0.10274386936977889
0.64812946,0.8575698,0.9062,0.9062,0.93370897,0.94736844,0.94736844,0.33461058,0.346686,1.0,1.0,1.0,0.346686,0.346686,0.17449045,0.24690406,0.58521366,-0.005222301080757343,-0.0035750827830057187,-0.001597637137534243,0.008150002354956953,-0.0007914595671862907,-0.0009062664300845407,0.013191555811753184,-0.022765099148688614,-0.029191340655185454,0.0,0.0,0.0,-0.023343446329131802,-0.01003318353562499,0.1042228570579275,0.03574895601692856,-0.00607004629425349
0.8135083,0.8507194,0.6645251,0.6645251,0.90550405,0.94736844,0.94736844,0.39384124,0.40077,1.0,1.0,1.0,0.40077,0.40077,0.77574056,0.14134842,0.3942136,0.01843490191771802,-0.0018531480484141772,0.0029178873326847943,-0.012820917494726712,0.001555236350837856,-0.0005409666367205207,0.009396524473541158,-0.008409373467756344,-0.011627531383831708,0.0,0.0,0.0,-0.013402726888530819,-0.0028860497250736868,-0.2289209532469875,0.03725031753718318,0.027073488911204244
0.56331885,0.8913406,0.7377567,0.7377567,0.93370897,0.94736844,0.94736844,0.4880722,0.4999998,1.0,1.0,1.0,0.4999998,0.4999998,0.2707404,0.46912628,0.63421375,-0.015929513322949472,-0.0036843942639571805,0.0018542497147570557,-0.009045391515911947,-0.00018760612383135602,-0.0017284388681171115,0.016619395150229914,0.004931507612081608,0.007644512569421823,0.0,0.0,0.0,0.0006943943927813853,0.0063411928803018495,0.08965068690322524,0.01412327975375268,-0.023932499560524043
0.7525614,0.82659304,0.79743046,0.79743046,0.97322625,0.94736844,0.94736844,0.61037976,0.620399,1.0,1.0,1.0,0.620399,0.620399,0.58449054,0.56912637,0.59621364,0.00850844627940179,-0.0016481191602120842,-0.001890590341809115,-0.00628781270230023,-0.006383522606223059,-0.001518807621669502,0.015247999016148418,0.012921276635614256,0.016730934267326084,0.0,0.0,0.0,0.011714021961340583,0.0027607455930438903,-0.06213873214707195,-0.009162920997937472,-0.011641949110164897
0.6467657,0.7786453,0.4989879,0.4989879,0.9375,0.94736844,0.7786453,0.6188412,0.6327589,1.0,1.0,1.0,0.6327589,0.6327589,0.5544905,0.6435707,0.58921367,-0.013930395863459908,0.004740276068058728,0.0039491424693119314,-0.018589546005502146,-0.0006213898969028726,0.0008571154064559469,-0.012728855546454483,0.009746539986931611,0.02045450442734952,0.0,0.0,0.0,0.009135578582719654,0.0024165273777092965,-0.02153874053873303,-0.02081623743376591,-0.012096505936498607
0.86888695,0.83464044,0.9230959,0.9230959,0.91715527,0.94736844,0.94736844,0.5869183,0.5931776,1.0,1.0,1.0,0.5931776,0.5931776,0.5682405,0.41468185,0.74221367,0.01435985948011067,-1.8312445454169313e-05,-0.01782003227851417,0.021817537623800443,-0.0005932547197384095,-0.0007723270342905797,0.012282318465244519,0.01016654551337628,0.015024602577321555,0.0,0.0,0.0,0.008180539525145237,0.005589375925714288,-0.03510815614177295,0.022778859051007357,-0.052033499531078976
0.3983187,0.7631863,0.57019824,0.57019824,0.9375,0.94736844,0.9711938,0.5542259,0.5619778,1.0,1.0,1.0,0.5619778,0.5619778,0.49324054,0.5546819,0.5512136,-0.05172947692302594,0.003626081206937762,-0.0035208547663661198,-0.022937166318168375,-0.0010294223391461538,-0.0025759090122529525,0.02246760418095767,0.014565163486473949,0.018971575357922644,0.0,0.0,0.0,0.008533253778104264,0.008228448476517046,-0.001438482029294952,-0.0007407115564805457,-0.0009847803034504865
0.6304402,0.8178163,0.91715527,0.91715527,0.9375,0.94736844,0.9193914,0.44884124,0.4584247,1.0,1.0,1.0,0.4584247,0.4584247,0.24074042,0.45579296,0.64121366,-0.004001416453714618,0.00032461723784201315,-0.0015453554291851917,0.013205812231891942,-0.0017711545616771727,-0.0022397932207107256,0.011863986929495578,-0.00041731483381187063,-0.0009255160116870518,0.0,0.0,0.0,-0.003517901655452809,0.002270703718656946,0.08426811446281392,0.016268654521413618,-0.024360824631947508
0.9542657,0.8998124,0.23017694,0.23017694,0.9375,0.94736844,0.8998124,0.43537992,0.44582945,1.0,1.0,1.0,0.44582945,0.44582945,0.38324058,0.5402374,0.41721362,0.04167676902701995,-0.01097362536914035,-0.005897280792793951,-0.013942597796035051,0.0006119598559733774,0.0006069328366670423,0.0028674301583630447,0.005198407629200754,0.002103935840387843,0.0,0.0,0.0,-0.004733804180348303,0.00400073018994957,0.04923191176827555,0.000740474407780293,0.03298431541572022
0.72062945,0.84890395,0.610631,0.610631,0.9375,0.94736844,0.99324316,0.51576424,0.522344,1.0,1.0,1.0,0.522344,0.522344,0.66324055,0.41468185,0.48121366,0.00712174788765427,-0.0029134801701594538,0.007298896073298302,-0.024203288600967553,-0.0004470032998407513,0.0010060607356446622,0.014909009846565822,0.010535047226426153,0.014274316973990463,0.0,0.0,0.0,0.0044440307319514386,0.0072852278027065965,-0.13706034887648155,0.02282128609291227,0.015325100634616175
0.74275076,0.8276937,0.81915647,0.81915647,0.9375,0.94736844,0.9711938,0.497303,0.50715625,1.0,1.0,1.0,0.50715625,0.50715625,0.60824054,0.40801513,0.46821365,0.008554139325980687,0.0005864412402220138,-0.008872754495741765,0.0052155671235368265,-0.0018515913762123177,-0.0005006179660452525,0.016071568308939178,0.012738354143043197,0.014506913207681939,0.0,0.0,0.0,0.003426621325445112,0.008228942564594598,-0.09020598782451497,0.021654203431082788,0.018333881362130603
0.7585082,0.75331444,0.68153167,0.68153167,0.9375,0.94736844,0.7810282,0.51345646,0.524304,1.0,1.0,1.0,0.524304,0.524304,0.5244905,0.48468187,0.4702137,0.009140880390542618,0.0032680702104749015,0.0037364661849867684,-0.01428390600930452,-0.0012716938243247044,-0.002307874336534346,-0.01857513176538207,0.009680493550344471,0.013827341987668544,0.0,0.0,0.0,0.00229747754012412,0.008585668486006934,0.005277643799591316,0.01044976713660068,0.02161864149550464
0.3321827,0.71964157,0.8581048,0.9375,0.9375,0.71964157,0.9327985,0.28268754,0.28773582,1.0,1.0,1.0,0.28773582,0.28773582,0.50199056,0.15468185,0.37921363,-0.059712494858836,0.0034336302190064246,0.0006102392798163671,0.015025653158719995,-0.001831250064779056,0.00578535925182473,0.009664096401885716,-0.04737588832342558,-0.04134117466425107,0.0,0.0,0.0,-0.0296883124603468,-0.015631803980079077,0.0038315385408759094,0.030888037728337286,0.026482737409280654
0.4350614,0.64322436,0.8671419,0.9375,0.8871432,0.64322436,0.94736844,0.6426877,0.652106,1.0,1.0,1.0,0.652106,0.652106,0.5744905,0.6491263,0.70521367,-0.035750998470745254,0.01587864810357402,0.008660035714692822,0.019839245109552726,0.0015064027769592322,-0.011010511662471287,0.013111069325217217,0.022153995054834553,0.01573714345755844,0.0,0.0,0.0,0.012834683967175641,0.001466775127383514,-0.045023311819832997,-0.031835561048301424,-0.05130920631068006
0.49294016,0.78975075,0.6620348,0.6620348,0.92463356,0.94736844,0.94736844,0.34307215,0.35671386,1.0,1.0,1.0,0.35671386,0.35671386,0.27949047,0.3269041,0.48521358,-0.0369565139269762,-0.0001441789332502546,0.0007161752404582421,-0.011221856857741335,1.6408190510477425e-05,-0.0021601098384737725,0.013853190294021126,-0.016155951766992676,-0.022920095648568433,0.0,0.0,0.0,-0.01518469998938257,-0.005442402696571436,0.08049309541915413,0.021117103178426876,0.01592753073406409
0.7060082,0.8500637,0.49747497,0.49747497,0.93773437,0.94736844,0.94736844,0.5888414,0.59957415,1.0,1.0,1.0,0.59957415,0.59957415,0.7044905,0.5135708,0.50121367,0.005168802024480355,-0.005194772989824953,0.006168476097150299,-0.02429679180783378,-0.0014674178216473987,0.0025416150248143182,0.004320714693209814,0.01397857266645021,0.022147803071411305,0.0,0.0,0.0,0.012979550412072207,0.005121151364060752,-0.16981915542968484,0.0021980845467757994,0.009048124695958695
0.29218256,0.8632936,0.9668138,0.99197626,0.9375,0.94736844,0.9327985,0.43268746,0.4375539,1.0,1.0,1.0,0.4375539,0.4375539,0.44074053,0.26023737,0.5662137,-0.07943333169762959,-0.003058249881393156,0.004211471485335493,0.021792886832192448,-0.0031556163104254874,-0.003099468032020823,0.012226807789063574,0.00013887201209229094,0.0022967406492393483,0.0,0.0,0.0,-0.0017750081537007633,0.004415591170276491,0.023971688622800847,0.027155075893741845,-0.00756521581898854
0.87657636,0.8752768,0.5069315,0.5069315,0.9201982,0.94736844,0.94736844,0.6449953,0.6499062,1.0,1.0,1.0,0.6499062,0.6499062,0.7407405,0.62690413,0.62121373,0.0283368518550009,-0.007278823652982367,0.00864439711287362,-0.011985269019101437,-0.00032755754726886935,0.0006163429442912947,0.009118840333851928,0.010107294438546948,0.01703142698666872,0.0,0.0,0.0,0.01218085684997848,0.0012682356540549158,-0.17954119812232797,-0.018098647804082227,-0.01728700965441403
0.40775073,0.82966906,0.76138407,0.9668138,0.9375,0.94736844,0.81907153,0.54076445,0.5450151,1.0,1.0,1.0,0.5450151,0.5450151,0.41949052,0.61245966,0.52221364,-0.05468212253414245,0.0009960669989717485,0.0030790147774958664,0.011131354060886419,-0.0026113896818541838,-0.0016871313147510678,-0.02527887080559915,0.01236018388945244,0.015406128371039012,0.0,0.0,0.0,0.006824150233160231,0.0070934387013391895,0.03899572908084461,-0.014707888272825338,0.00860459930989835
0.91100824,0.8805094,0.74966764,0.74966764,0.8853314,0.94736844,0.94736844,0.39691824,0.40752497,1.0,1.0,1.0,0.40752497,0.40752497,0.5107406,0.3280152,0.38921365,0.02610366011597399,-0.0036611600644608,-0.0022000057143907502,-0.006085453239338665,0.0007360092883025345,0.00026036601712152836,0.0061072829136388064,0.0005800388242554606,-0.0030092096685533087,0.0,0.0,0.0,-0.009083988374016728,0.0020080445688511555,0.006108076064848169,0.02953016001792931,0.03499203613276627
0.4783188,0.65541947,0.8478607,0.8478607,0.8830454,0.94736844,0.94736844,0.38768739,0.3975025,1.0,1.0,1.0,0.3975025,0.3975025,0.27949047,0.42801508,0.49321365,-0.030483555431640327,0.0007147211440354517,-0.0002539833239276851,0.0037009812274155507,0.0015093667323761981,-0.0008470523145685273,0.012009214094508287,-0.008926239462973332,-0.00992405540824432,0.0,0.0,0.0,-0.011099232168721109,-0.0007645708196071973,0.08272666394753586,0.018815957369851168,0.014370925092904094
0.2946827,0.57538056,0.83945024,0.97322625,0.83945024,0.94736844,0.94736844,0.38153368,0.39576358,1.0,1.0,1.0,0.39576358,0.39576358,0.37074053,0.49468178,0.35121354,-0.07109917144422409,0.0003406344829527501,0.0012222473568776597,0.017031225282405103,0.004828448756790128,-0.002932840399111439,0.016252923532268787,-0.013843608829572014,-0.01169954954967877,0.0,0.0,0.0,-0.012664626745633034,-0.0013255563952941484,0.057434766832667315,0.009192253811020828,0.04296097269836739
0.47312948,0.6942844,0.6767858,0.6767858,0.90427727,0.94736844,0.94736844,0.3134566,0.32719377,1.0,1.0,1.0,0.32719377,0.32719377,0.09199047,0.30134848,0.58021367,-0.03177924396881599,0.0060039028461924245,0.0006750067443492746,-0.009401973852911,0.00041295303082556966,-0.0008877212343847128,0.01563099759317266,-0.016276048375833616,-0.028268148530479126,0.0,0.0,0.0,-0.017747938992112845,-0.007472992516396392,0.10880504850506596,0.03132393455911115,-0.010861173334469237
0.82657635,0.76611954,0.72711676,0.72711676,0.7540188,0.94736844,0.94736844,0.55153364,0.56346905,1.0,1.0,1.0,0.56346905,0.56346905,0.3582405,0.6046819,0.60721374,0.009414574946444449,0.0033385196251927442,0.0014904108812376145,-0.009152358949971191,0.004390622016745331,-0.00031316552148829267,0.007753861834332827,0.00800477304738322,0.012717939962943714,0.0,0.0,0.0,0.005362724547027023,0.006085898281079209,0.06879761379502972,-0.011700473565751815,-0.010701227939157752
0.7556295,0.76654816,0.67453796,0.97322625,0.939427,0.94736844,0.94736844,0.35807213,0.37100384,1.0,1.0,1.0,0.37100384,0.37100384,0.35199046,0.43023735,0.25121355,0.010278416133957665,0.0012555865048401863,0.0011918701275334018,0.0032775157504836183,0.0001516093210659758,-0.001142002089441762,0.017205400802326645,-0.014829524912117292,-0.019591635246331455,0.0,0.0,0.0,-0.016397012790241316,-0.0060901367910994155,0.05935332106194336,0.015203279760672346,0.05431371337183449
0.80312943,0.8210069,0.8170844,0.93370897,0.8854405,0.94736844,0.94736844,0.4388413,0.4463326,1.0,1.0,1.0,0.4463326,0.4463326,0.67074054,0.40134844,0.26921368,0.016271677081689424,0.0009591510266179172,-0.004867463796815379,0.012942763994482062,0.0017737580956894833,-0.0018403684874293913,0.010516136635799216,-0.0015958885598245226,0.0005594002656803021,0.0,0.0,0.0,-0.0080084750998376,1.0741162868871668e-05,-0.14296361579838687,0.021368921561167584,0.04578893032992339
0.6231295,0.81563896,0.7286409,0.97322625,0.7727039,0.94736844,0.94736844,0.34230277,0.35538885,1.0,1.0,1.0,0.35538885,0.35538885,0.1919905,0.44579282,0.4522136,-0.006014248721931543,-0.0004247963303417157,0.0019193756746201938,0.01001793288313622,0.005917088599927286,-0.0007910552001576025,0.011162524158790533,-0.017443865459682472,-0.021290795032847504,0.0,0.0,0.0,-0.019335527242833956,-0.007646435489145441,0.0829570865118675,0.013451937882479352,0.022892287847868148
0.898887,0.8632933,0.71427613,0.9375,0.9375,0.8913406,0.94756573,0.4923027,0.5027638,1.0,1.0,1.0,0.5027638,0.5027638,0.4869905,0.4413484,0.5222136,0.02065923370415934,-0.00278455082716571,0.002432405796603849,0.010906515120694077,-0.0015125327375793737,-0.0002658342956586444,0.008121611389894399,0.007207414018899365,0.009353699420381768,0.0,0.0,0.0,0.000748910602313222,0.0064813155813992825,0.020671421182580158,0.018751046102886363,0.007150024634496731
0.8192658,0.86317396,0.18044063,0.18044063,0.9375,0.94736844,0.86317396,0.28922594,0.3013859,1.0,1.0,1.0,0.3013859,0.3013859,0.35574055,0.20579296,0.3992137,0.018124533577027792,-0.011497580293067184,-0.011653587797214222,0.003597755705336497,0.00039978423278962767,0.0014696771185615165,-0.006345487189422425,-0.030142393985250204,-0.04368875812547926,0.0,0.0,0.0,-0.030497433686992915,-0.01510027937502791,0.04593651750650658,0.026265504076435055,0.029232140082692495
0.70850813,0.82255214,0.8581048,0.97322625,0.91411304,0.94736844,0.94736844,0.13230294,0.14338031,1.0,1.0,1.0,0.14338031,0.14338031,0.32074058,0.15468174,0.13321361,0.0032524728760553634,-0.004289634943566421,0.004505999915482072,0.003394567571348969,-0.0003258793232549181,-0.00016464330000596404,0.009142090772277204,-0.08807356007620189,-0.09977806105347399,0.0,0.0,0.0,-0.06220003890394531,-0.04372616662032763,0.07867653531611266,0.012737104509259736,0.06473765009382217
0.3158189,0.4027184,0.97322625,0.9375,0.9375,0.66991276,0.52401435,0.2553799,0.26746798,1.0,1.0,1.0,0.26746798,0.26746798,0.41949058,0.17801517,0.20621356,-0.07813126279864294,0.029080921463652456,-0.0016249156547841989,0.0061951864871378935,-0.0009486443658379775,0.00825190438691982,-0.11264603196545421,-0.05466483674961429,-0.04985954526595621,0.0,0.0,0.0,-0.02083974370436876,-0.018369316766197515,0.03629184909357661,0.016919967122878753,0.052209933896226024
0.539872,0.7419293,0.8892118,0.97322625,0.9375,0.94736844,0.80695844,0.47576448,0.48759708,1.0,1.0,1.0,0.48759708,0.48759708,0.3644905,0.50245965,0.5962137,-0.02184726029027367,0.0007292630087947006,-0.0016787468882003892,0.018179319510250817,-0.0026397371674616605,-0.004661871557053019,-0.02580887324349341,0.006163710421074359,0.007518872925502946,0.0,0.0,0.0,0.0023345457387084077,0.005099426354189778,0.04510703430266785,0.0009073167854217293,-0.016906475536411204
0.65062946,0.822561,0.77021277,0.77021277,0.9375,0.94736844,0.9489912,0.44922608,0.4604829,1.0,1.0,1.0,0.4604829,0.4604829,0.48199052,0.22245958,0.6432136,-0.007355510893679569,0.0005331353249481383,-0.0017037668207789678,-0.006184946330628021,-0.0016118927244277604,-0.0014268180626412037,0.014465560626652517,0.004428045437565276,0.005267470462762928,0.0,0.0,0.0,-0.00035505015662114225,0.007097716746192837,0.011661052472688848,0.03944091649856302,-0.02401631970333148
0.5358189,0.68572,0.5162119,0.5162119,0.9062,0.94736844,0.94736844,0.36499506,0.3767349,1.0,1.0,1.0,0.3767349,0.3767349,0.23824048,0.3624596,0.49121362,-0.024586043537295387,0.005656926655325494,0.0018908251979914417,-0.013616753094443133,0.0016969214509707535,-0.0020239849883989846,0.01608035605511181,-0.00461973412427517,-0.012756963633000601,0.0,0.0,0.0,-0.00771839522385474,-0.0003601181215013413,0.08005071785156233,0.01956512490288075,0.00883696535003533
0.7511976,0.7875001,0.79192877,0.79192877,0.9375,0.94736844,0.7875001,0.84922594,0.85191435,1.0,1.0,1.0,0.85191435,0.85191435,0.67699057,0.7869041,0.8802137,0.0062539674811128735,0.001988696446313918,0.0008926866647554318,-0.008665384025626029,-0.0029971986077293937,-0.00036163162536985617,-0.011923295304662825,0.016648178384254756,0.013419941555550667,0.0,0.0,0.0,0.017385126073198393,-0.02185386028803681,-0.10404989135965233,-0.07991540503218227,-0.12615022325443173
0.21794017,0.5820644,0.7413176,0.7413176,0.92463356,0.94736844,0.94736844,0.36845648,0.3806015,1.0,1.0,1.0,0.3806015,0.3806015,0.30949044,0.17801517,0.66121364,-0.08961533182565244,0.005255394071635682,0.0002836987179612192,-0.007999100380184483,-0.000606855162631931,-0.004940563432542483,0.01989158820839879,-0.011942877644197786,-0.014425914722977376,0.0,0.0,0.0,-0.01030445393197675,0.0001610734390875536,0.07219565427272098,0.041269722586488686,-0.02665360187341391
0.38775083,0.77115107,0.7644125,0.7644125,0.9375,0.94736844,0.99324316,0.5080719,0.51445603,1.0,1.0,1.0,0.51445603,0.51445603,0.4957406,0.47690403,0.59621364,-0.05683796565450861,0.003911824255117515,0.001509477012048509,-0.004955339798685929,-0.0028741792103313276,-0.0030342797135704436,0.025292379391462408,0.008113178118012621,0.011018310878659397,0.0,0.0,0.0,0.0024365093277699066,0.007892041036286768,0.010386735263195099,0.010889172285986404,-0.010666637462659228
0.82581884,0.71927613,0.6956184,0.6956184,0.8602414,0.94736844,0.94736844,0.5826874,0.59122574,1.0,1.0,1.0,0.59122574,0.59122574,0.69199055,0.5680152,0.5462136,0.01484758930905349,0.007656316343698268,0.0017820445928168295,-0.0163642912740311,0.003216907845362918,0.00017679120050490585,0.006924297814513347,0.011684671503409847,0.01600555044762149,0.0,0.0,0.0,0.010714968520495485,0.005912138230580069,-0.1489083825187185,-0.009232965353481063,-0.0003220068611792498
0.8083189,0.878765,0.8205808,0.870967,0.9184109,0.94736844,0.94736844,0.38576448,0.39892206,1.0,1.0,1.0,0.39892206,0.39892206,0.3869905,0.5369041,0.25421363,0.014592226479653534,-0.005713255070059653,0.000881905555185672,0.0015675646635166971,0.001993974238084145,-0.0002874108986620129,0.011116863578335232,0.0014682205476492876,-0.004211047964386807,0.0,0.0,0.0,-0.008141283675162087,-0.002374236271109208,0.044339618383476526,0.00446273427490101,0.04753377163376839
0.8027507,0.78975075,0.7410522,0.97322625,0.82811755,0.94736844,0.94736844,0.5603799,0.56578034,1.0,1.0,1.0,0.56578034,0.56578034,0.63949054,0.66579294,0.3492136,0.006337618964195263,0.00252868450487841,0.001285169096346625,0.020157391158207166,0.007601645403934911,-0.0020784868192089616,0.007386479173948136,0.011890728962862064,0.012665926086409882,0.0,0.0,0.0,0.008790014982933851,0.008497428902553046,-0.0973183535637751,-0.02858914029587207,0.04471258732146397
0.5983189,0.68889123,0.8812183,0.9375,0.9375,0.68889123,0.94756573,0.56691813,0.5770649,1.0,1.0,1.0,0.5770649,0.5770649,0.48199052,0.5213484,0.6462137,-0.010285903854244051,0.007209365976854447,0.0016319881443138452,0.020128620383502674,-0.0028243672482615484,-0.005461006051502534,0.01445677646171445,0.01502739610668139,0.018737007321679,0.0,0.0,0.0,0.008326768358698082,0.006833670061069703,0.013518837045157306,0.0012143932254549401,-0.032797744221535384
0.6904401,0.6785591,0.97322625,0.97322625,0.9375,0.94736844,0.81574774,0.39230287,0.40687457,1.0,1.0,1.0,0.40687457,0.40687457,0.5257405,0.38245964,0.2832137,-0.002387607151172773,0.0021612927817362816,-0.023003584932143366,0.020280952525811507,-0.0006245926011116571,-0.0024900484901393457,-0.01566689945533169,-0.008274785412066854,-0.0072135208541789335,0.0,0.0,0.0,-0.007113887697715565,0.0007392319028624662,-0.01630891515291996,0.0172016035263729,0.045624202174105496
0.3519932,0.74357045,0.90427727,0.90427727,0.99197626,0.94736844,0.94736844,0.5592258,0.5639203,1.0,1.0,1.0,0.5639203,0.5639203,0.5982405,0.6202374,0.44621363,-0.058245746664367416,0.004608296352816892,-0.0007472077736885653,0.012904152465837135,-0.009095918950453233,-0.0025590057464539183,0.009698452485109867,0.012970361975626456,0.011658962435157265,0.0,0.0,0.0,0.004921235006402716,0.004649695419105634,-0.06301075376195958,-0.014708487563454546,0.03080696343221697
0.61275065,0.75216824,0.9396432,0.9396432,0.9375,0.94736844,0.99324316,0.58961046,0.59435505,1.0,1.0,1.0,0.59435505,0.59435505,0.69199055,0.45690408,0.59621364,-0.009101441945028595,0.006389770249245242,-0.006441153419783993,0.02428956073375385,-0.005414828747914718,-0.0015569984163606712,0.017157382446807704,0.018080530299583147,0.01623442479485246,0.0,0.0,0.0,0.009960910588504743,0.007756490613192231,-0.14687566518049416,0.019343797266183578,-0.010089366354316351
0.83407634,0.8209835,0.4679929,0.9375,0.9375,0.8209835,0.8913406,0.47153372,0.48471397,1.0,1.0,1.0,0.48471397,0.48471397,0.37574053,0.5235707,0.44621363,0.0179009574364954,-8.089654570780008e-05,-0.009925677861105795,0.0057280745725379525,-0.0003166819972476273,-0.0031710171437036925,-0.004000006663779029,0.005435189469235177,0.005809577455244884,0.0,0.0,0.0,-0.0010737075542836506,0.006216954715418903,0.05748225118054798,0.003816201967196338,0.026304898361239584
0.6410082,0.8771792,0.3803894,0.3803894,0.9375,0.94736844,0.835134,0.36268747,0.37539777,1.0,1.0,1.0,0.37539777,0.37539777,0.3582406,0.3913485,0.42221364,-0.009686655857724267,-0.008046430315623845,-0.0004256475329378156,-0.017232022441747603,0.0007262093417467008,0.0005665582034589462,-0.0160414816374741,-0.007245631656319623,-0.01543068171125531,0.0,0.0,0.0,-0.012383681369969021,0.000412191736632799,0.06529437629650132,0.021896380940421387,0.030081353081917044
0.61369765,0.66711223,0.76235783,0.9375,0.9375,0.66711223,0.8873925,0.59845674,0.6070454,1.0,1.0,1.0,0.6070454,0.6070454,0.68074054,0.635793,0.44321364,-0.009137474574906301,0.013166888844572186,0.0011471246240612521,0.019034403626522575,-0.0033969777932127713,-0.008993405294221404,0.00170669042072356,0.018497248588816798,0.017216589563192133,0.0,0.0,0.0,0.010902699406897764,0.007088505168571604,-0.14177609508015135,-0.021585758362047455,0.02779905072844026
0.65506136,0.769977,0.8892118,0.9396432,0.91162604,0.94736844,0.94736844,0.52614903,0.5301894,1.0,1.0,1.0,0.5301894,0.5301894,0.5232405,0.46801513,0.6292137,-0.002689231994966839,0.002846286320497529,-0.004756139485101048,0.02050242022858784,-0.0017219977534367254,-0.0014348091158705733,0.016259944365862436,0.011626158841921174,0.015110644310119915,0.0,0.0,0.0,0.004278382636229344,0.007361565996822579,-0.008374602888649017,0.01466649558140039,-0.024267210498512246
0.8958189,0.7682041,0.7618631,0.7618631,0.8857674,0.94736844,0.94736844,0.6853799,0.6936167,1.0,1.0,1.0,0.6936167,0.6936167,0.7819905,0.58912635,0.66921365,0.023996715874246982,0.004898752738987169,-0.0019027620554781743,-0.010988256485102576,0.0013092548633589262,0.0006177097792761177,0.006960708928797379,0.01526595480881944,0.018011147083953117,0.0,0.0,0.0,0.017762842640031865,-0.0021125282587925657,-0.2358768691577451,-0.011762386826738983,-0.032954528881917446
0.91350824,0.8351259,0.5012156,0.99197626,0.9375,0.94736844,0.8913406,0.5988414,0.60930455,1.0,1.0,1.0,0.60930455,0.60930455,0.5544905,0.7969041,0.38821363,0.02899934925882497,-0.002211432212259821,-0.007395750691544633,0.00838708238042152,-0.0017525884798855807,0.00011466069281594555,0.0011854772063365504,0.01165402723937646,0.016466921091952275,0.0,0.0,0.0,0.011805468166197415,0.006491626416726915,-0.02350153680070691,-0.06817525665631378,0.04392739184840158
0.73869765,0.77891827,0.39080268,0.99197626,0.9375,0.94736844,0.99324316,0.58076435,0.58325267,1.0,1.0,1.0,0.58325267,0.58325267,0.8644905,0.37357065,0.4782137,0.008110287782386925,0.005060611078208883,-0.007518181265165594,0.018276619882279636,-0.0032527027649161344,-0.00021906071167785077,0.013329357543077992,0.017443198344666493,0.013579578399167873,0.0,0.0,0.0,0.010843207673414533,0.005722247602906375,-0.35048201411313884,0.03780995948522055,0.01929547953251771
0.5533189,0.100779936,0.97322625,0.97322625,0.9375,0.94736844,0.100779936,0.23768762,0.2510434,1.0,1.0,1.0,0.2510434,0.2510434,0.09199035,0.32023737,0.33421364,-0.035784463202337455,0.03610800382562438,-0.001699592492437062,0.003021384050094125,2.5423307108108326e-05,-0.0025761977319679317,-0.28591981123819776,-0.039840288034596105,-0.0548471879210728,0.0,0.0,0.0,-0.01843783865588654,-0.015443267708505676,0.11804801200488076,0.02082345017038345,0.05578934474588966
0.86888695,0.7238057,0.6974212,0.8871432,0.676595,0.94736844,0.94736844,0.5542259,0.56489396,1.0,1.0,1.0,0.56489396,0.56489396,0.5657405,0.5502374,0.5362136,0.014359182388410809,0.004325470999065214,0.003435736328421826,0.008073623602965088,0.009874943885103706,2.786821239241181e-05,0.00954007504251762,0.010320762204914886,0.01655791448546779,0.0,0.0,0.0,0.00764489059724687,0.00879559510772671,-0.025657989368562468,-0.0024840405625558316,0.0037659911653081424
0.555819,0.55018866,0.7037092,0.7037092,0.90427727,0.94736844,0.94736844,0.34345686,0.35899183,1.0,1.0,1.0,0.35899183,0.35899183,0.3069905,0.44023737,0.27821368,-0.025104518740941016,0.006629505347242508,0.0015677805549011625,-0.007008822021403445,0.0007075664657539105,-0.0015082256361805867,0.015288432466781344,-0.011931843224599371,-0.020886124673188462,0.0,0.0,0.0,-0.014255522461621819,-0.0030703699432660606,0.0810968464762626,0.017090224294818802,0.059379306378133066
0.56275064,0.73675466,0.65603024,0.9375,0.9375,0.73675466,0.99324316,0.19653365,0.20970714,1.0,1.0,1.0,0.20970714,0.20970714,0.2182405,0.15468174,0.30921355,-0.020963497814683187,0.008182011544417427,-0.003907976034845437,0.0004117760747974762,-0.0019258376867856855,-0.0016615335069254935,0.023759100756610203,-0.07708161791998581,-0.07863981892655873,0.0,0.0,0.0,-0.057766169071865915,-0.033572040381193026,0.09234871741792071,0.027657583403993866,0.03904914236961025
0.31218264,0.7644819,0.9045032,0.9375,0.88959694,0.8230889,0.94736844,0.5057644,0.51806706,1.0,1.0,1.0,0.51806706,0.51806706,0.46949047,0.40912628,0.68821365,-0.0732300057996273,0.0033004745836774994,0.005060583689255641,0.01746156472012187,0.0018177203105529808,0.0006439214513809813,0.02152270479356131,0.011666530706378702,0.015179922888058863,0.0,0.0,0.0,0.0066223041694227205,0.008649932034638323,0.02414205631633851,0.01791773418747058,-0.04039408690467138
0.71256137,0.8276937,0.8042123,0.8042123,0.9062,0.94736844,0.94736844,0.5184568,0.5316764,1.0,1.0,1.0,0.5316764,0.5316764,0.48824054,0.6380152,0.44621363,0.0029866812621247964,0.0003059284743023149,0.0009333665132231827,-0.0035951182615433282,-0.0004166381093074487,-9.00783057551852e-05,0.00685677772587002,0.007637730927366708,0.012354851866572815,0.0,0.0,0.0,0.0035038895841176688,0.005599594221533151,0.010364042922829086,-0.01815721149807105,0.020993502784140822
0.8633188,0.74542916,0.87109214,0.9375,0.91109073,0.74542916,0.94736844,0.5330721,0.5442188,1.0,1.0,1.0,0.5442188,0.5442188,0.52074057,0.49579293,0.5102137,0.011006914152220907,0.0029841409030297045,-0.00931079830559265,0.022361787840347945,-0.0019315620774804543,-0.004768005301939143,0.00528811825109485,0.010224844914467044,0.01413697206117521,0.0,0.0,0.0,0.004805751474151362,0.007868824279295061,-0.0022115451717841118,0.008999645529080762,0.008374487113779725
0.5229401,0.76654816,0.78120434,0.78120434,0.97322625,0.94736844,0.94736844,0.30730277,0.319628,1.0,1.0,1.0,0.319628,0.319628,0.26824045,0.41690403,0.3942136,-0.03329214346638095,0.002380623987505145,0.00261226426736413,-0.0038575680670959868,-0.0013828618995263087,-0.0010844930728045126,0.013644030960865696,-0.0302909601529529,-0.0361472249198036,0.0,0.0,0.0,-0.026325616632475565,-0.01227353183011727,0.09808151458047193,0.018090608686212168,0.03735203699248225
0.7035082,0.71904445,0.8376608,0.99197626,0.9375,0.94736844,0.7504913,0.3488413,0.361645,1.0,1.0,1.0,0.361645,0.361645,0.21074045,0.3713485,0.5072136,-0.0008765346019547793,0.005860902293310898,0.00022718924750742125,0.00939098530304967,-0.00041881015121338213,-0.0016018294568181561,-0.052065676339244964,-0.016372021045287868,-0.02782062798095944,0.0,0.0,0.0,-0.0164360516869182,-0.006221138854292793,0.08351986472663028,0.02342934964769363,0.01196378282914911
0.7011976,0.8634134,0.41988984,0.41988984,0.9375,0.94736844,0.8351259,0.43153366,0.4455145,1.0,1.0,1.0,0.4455145,0.4455145,0.3019905,0.5824597,0.47321358,-0.0011239882272983826,-0.004483950322052946,-0.0045720470684248995,-0.01587310929884741,0.0005553122667101198,0.0002713405890420325,-0.012063582810569575,0.003620861860443587,-0.0020545380897907042,0.0,0.0,0.0,-0.003591765185509471,0.002510612467815143,0.07002908304395958,-0.006911782715291594,0.019538485782628793
