crRNA spacer,bh_maximal consecutive paired bases,bh_maximal consecutive unpaired bases,bh_5' overhang,bh_3' overhang,bh_5' stem,bh_3' stem,dsDNA target,ah_maximal consecutive paired bases,ah_maximal consecutive unpaired bases,ah_5' overhang,ah_3' overhang,ah_5' stem,ah_3' stem,PAM-proximal region,central region,PAM-distal region,crRNA spacer,bh_maximal consecutive paired bases,bh_maximal consecutive unpaired bases,bh_5' overhang,bh_3' overhang,bh_5' stem,bh_3' stem,dsDNA target,ah_maximal consecutive paired bases,ah_maximal consecutive unpaired bases,ah_5' overhang,ah_3' overhang,ah_5' stem,ah_3' stem,PAM-proximal region,central region,PAM-distal region
0.9231587,0.9655172,0.2044166,0.20032828,0.20032828,0.88,0.88,0.5693585,0.5304118,0.9169722,1.0,1.0,0.91580623,0.45903844,0.5744905,0.53257716,0.60468185,-0.0002040892638683553,0.0026951956623641636,-0.0014944206072867044,-0.011628219081178384,0.011741316677117754,-0.0010388330877845228,9.456573467628353e-05,-0.0004239625834793391,0.0025479162738815796,0.00029094430199589754,0.0004216404372894986,-0.0005218086750905038,0.04634807665306633,0.004085077458589888,-0.00047907616139441296,-0.0007135396396089516,0.000452832293944096
0.779103,0.85560083,0.84689593,0.9742972,0.94,0.88,0.82929426,0.40215844,0.54172957,0.9169722,1.0,1.0,0.43924022,0.81015444,0.29074037,0.39712265,0.59801525,0.0007110041663655876,-0.0005002653857086784,0.001928662146677436,0.0021366515353473327,-0.005887039940436251,-0.0010567917704748218,1.5953130581693903e-05,-0.0006762913640024257,0.0026708665959902693,0.0004380356770443298,0.0008146936436566165,-0.0009439111991239064,-0.009361069906515185,0.0035450908067555078,0.001439025351783495,0.0016133412709380707,6.152953745953204e-05
0.61045486,0.58891976,0.9125177,0.94,0.8578162,0.85529643,0.88,0.298807,0.26572734,1.0,1.0,1.0,0.21545461,0.21545461,0.58699054,0.45803174,0.38468182,7.505390846607646e-05,-0.00011671420765607331,-1.4596409209124555e-05,0.0016973758083389551,-0.0029446732797323515,-0.0002602650963403518,-0.0003554387582921787,-9.482463126945163e-05,-0.010163938271466014,-0.002579530030682956,0.0001333579585679607,-0.0009483893908313115,-0.031085488734613143,-0.007740820961043696,-9.623236668387042e-05,0.0007900066319482742,0.0017519548530025107
0.9231587,0.9655172,0.18061753,0.17700517,0.17700517,0.88,0.88,0.5049584,0.68821794,0.9169722,1.0,1.0,0.7207664,0.6122561,0.49574053,0.46984994,0.7091263,-0.0007643462876824289,0.001553663059887058,-0.0018855685996384819,-0.009014452939260627,0.010120478145912947,-0.0011423245017918911,-0.00028057464282871844,-0.00031885991868268,0.010467977352278389,0.0007111136837002722,0.0009113143818370397,-0.0005706756661868716,0.02300188147017972,0.0036634756112415945,0.0005181517018611662,0.0008828381305934626,0.000817322455589779
0.7796857,0.81832856,0.75260043,0.7375484,0.9742972,0.88,0.88,0.57375836,0.78548926,0.93697226,1.0,1.0,0.6368832,0.7081103,0.53074056,0.54894084,0.43468177,0.0007191568978208529,8.110769696350252e-05,0.001052726676083644,0.0018803912195604704,-0.007362260442987143,-0.0003446054355517012,-0.0005594037604635558,0.00021971197190433952,0.013485282247564276,0.0003212715581852141,0.0005990304596459585,-0.0005002262472339233,0.01160165885127494,0.002284241946690614,2.7284957855448802e-05,-0.0012227513854423237,0.0009940297264897915
0.9231587,0.9655172,0.3699106,0.3625124,0.3625124,0.88,0.88,0.5588069,0.4785963,1.0,1.0,1.0,0.38805106,0.38805106,0.5319906,0.7407591,0.6013486,-0.0004469700905121523,-0.0003618568008355276,0.00023389942990578223,-0.0016192527397140303,0.004960667327447385,-0.0009977362728258445,0.00015938138939394927,0.0002295683523908727,-0.003623333543716524,-0.002947306589665606,-0.00010083894957654695,-0.0008238292319657558,-0.023977355085758302,-0.0060598173079136185,-4.503191242031406e-05,-0.0076127987359302755,-0.0005420305107655976
0.7950703,0.8421699,0.83617324,0.86768097,0.94022495,0.88,0.88,0.3577584,0.65717286,0.93697226,1.0,1.0,0.7752469,0.46972153,0.6157405,0.1998499,0.47579288,0.0008462235987758937,0.00025380161367627213,0.0012593728103825448,0.0026046929844076756,-0.004981539886973823,-0.0005861888687122009,-0.0008600997008993812,-6.472754253270617e-05,0.007997223376261908,5.712679027766029e-05,0.0012896471370622813,-0.0006024134175319973,0.019621212379793355,0.005533696852687387,-0.0002893872323999409,0.0035846667064239955,0.0005860127884700312
0.9231587,0.9655172,0.22705849,0.22251733,0.22251733,0.88,0.88,0.46120697,0.40065387,1.0,1.0,1.0,0.3248545,0.3248545,0.6482405,0.5943953,0.5135708,-0.0015537215618043837,0.0008863704810943303,0.0005377402453507227,-0.005188809245037626,0.006290176851240257,-0.000681458377657645,0.0001404642450811042,0.00016484152708241929,-0.0069989665196995045,-0.0028790234508177903,-1.7130404070786234e-05,-0.0007873599922279139,-0.031075804045381607,-0.0035787963465539674,-0.0011342412158847387,-0.002195364699831271,0.0004668468576423242
0.6761308,0.42998976,0.84038705,0.94,0.77078164,0.94859445,0.88,0.45695838,0.52584976,0.93697226,1.0,1.0,0.8813847,0.39067012,0.6157405,0.4071226,0.475793,0.000562874322373892,-0.004838628535531501,0.0003779917114304157,0.003241785030301958,-0.001879869816390884,-0.002244045879817541,-0.0006405216914896711,0.0003379961434784964,0.004185307861186302,-0.00016777558218755335,0.00029266579303011136,-0.00078153577057868,0.04291304039144386,0.0049771992479865496,-0.00039242941744567814,0.0019524892193876972,0.0009638947745408311
0.7989164,0.89430994,0.524586,0.94,0.51409435,0.7973995,0.88,0.64320695,0.5522637,1.0,1.0,1.0,0.44778132,0.44778132,0.76199055,0.610759,0.7635708,0.0005384924597330013,0.0004367742426381073,0.0005856192741136572,0.0029535225531094546,0.002598453796512603,0.0014664031793963845,-0.00015167690700470163,0.001611152882514047,0.0005404749943620605,-0.002845703064595377,9.533187188214803e-05,-0.00097842958484881,-0.018875273209887227,-0.003452935890023849,-0.003140502088164937,-0.004708898526812184,-0.006607144276488957
0.9231587,0.9655172,0.19200784,0.18816768,0.18816768,0.88,0.88,0.5669585,0.5324516,0.93697226,1.0,1.0,0.43171754,0.90868837,0.46324056,0.4680317,0.66357076,-0.001056807113118044,-0.0004747219913339339,-0.004169957810411312,-0.00970896644605041,0.007994132768596592,-0.0007156484982045341,-0.0007486380098042908,-0.0006505410124899452,0.0010260240575199536,-0.0011474348214168914,0.00017825998164897134,-0.0007529630116778346,-0.012125434364510008,0.00036817427340973623,0.000801529386491534,0.0003131247977312873,0.0019013663454205516
0.7563173,0.8553936,0.7035773,0.99229723,0.94,0.88,0.81621236,0.38280693,0.3375275,1.0,1.0,1.0,0.27367094,0.27367094,0.45199054,0.60894084,0.3591262,0.0005272441051569959,6.493641314735547e-05,0.00021432213784262276,0.002145265893766846,-0.004459988933036408,-0.000888450273980733,0.00010823511245584774,-0.00019587350505595246,-0.008615729875344544,-0.002145365280168722,0.0002359139591576596,-0.0007270899917182966,-0.03027651974078373,-0.007292142474323665,0.0004728773412981359,-0.003120618443040708,0.001735280400023854
0.9231587,0.9655172,0.3699106,0.3625124,0.3625124,0.88,0.88,0.69215846,0.6914327,0.9169722,1.0,1.0,0.8944528,0.5599514,0.6694906,0.7407591,0.6013486,-0.0004400584274690896,0.001921246771210154,-0.0006177838860029316,-0.006251154692416136,0.00622496156024909,-0.00047452036755619244,0.00010535225616282983,-0.00021036772602793608,0.008918336989216156,0.000847584515418833,0.0005951056233166186,-0.0005699767701913383,0.03360644166586433,0.004319719957155083,-0.0004898049004711777,-0.004821761883947092,-0.0007853626820595856
0.7598722,0.67884594,0.92723864,0.94,0.7903214,0.54746133,0.88,0.5631099,0.48396337,0.48083293,1.0,0.48083293,0.39240274,1.0,0.53074056,0.71075904,0.5213484,0.0005271911042316566,0.0016214945713271243,0.0028225966990939734,0.0006143079083486841,-0.0011754066458621688,0.0019481570920679397,-0.0012765764006656543,0.0006922550301741759,-0.0001126120062362293,0.004654312120605485,0.0012146258994509473,0.014189869139253644,-0.013763186980390736,-0.00030507026805605105,-7.451469531587531e-05,-0.003058430263254361,-0.00012783905869805668
0.9231587,0.9655172,0.26049486,0.25528497,0.25528497,0.88,0.88,0.6522129,0.5604924,0.3704504,0.3704504,1.0,1.0,0.45445332,0.6282405,0.54621357,0.6491263,-0.0010106001065950574,-0.00011095602886173077,-0.0006883575270608116,-0.0043715789586941745,0.00846077395444825,-0.0005250676312460366,-0.0002918707281689742,0.0016572082793249521,0.0029101686961294847,0.006163577736969044,-0.0092994543035577,-0.0007150663166224779,0.043407824168995655,0.005532554449571061,-0.0006429361310536427,-0.0011601550607306685,-0.00047585783159453493
0.5243827,0.47565362,0.8248791,0.8083815,0.94,0.88,0.22323488,0.3440069,0.3009609,1.0,1.0,1.0,0.24402234,0.24402234,0.42574054,0.52984995,0.4824596,0.0016665093155501937,-0.0007418427651072788,-4.4183581035415494e-05,0.0023225604027683603,-0.00413829934598893,-0.0008560990255314982,0.0007114681695712821,-0.0004149070813501361,-0.009364283865668016,-0.0027381461272051443,-0.00031276289423421533,-0.0010967243836734596,-0.03690732315777567,-0.011867107310765465,0.0008451362074047905,-0.001336471758892616,0.0005016967353381555
0.8066087,0.800266,0.77634114,0.96716094,0.7609906,0.88,0.88,0.5805584,0.66775155,0.93697226,1.0,1.0,0.54142016,0.8085911,0.54574054,0.53712267,0.6246819,0.0004563199501728574,0.0001374709095090601,0.0013201043115513187,0.0012767839979780568,-0.001691874532111201,-0.0008748874065450116,-0.0006707466529834289,0.0005280765301138147,0.0072379122000044045,0.0003549590307900797,0.0010676772039784604,-0.0008386438993752388,0.0007750209604173612,0.0032594316222702064,-5.6935950995880693e-05,-0.0007706104119747745,-0.0006360436471254671
0.7598722,0.67884594,0.92723864,0.94,0.7903214,0.54746133,0.88,0.51030993,0.44451082,0.6756142,0.6756142,1.0,1.0,0.36041418,0.5657405,0.71075904,0.40134844,0.0009178760202400706,-0.0003675275745229879,0.0005507413652667431,0.003423897744011145,-0.002502361656943333,0.0034901037525193134,-0.0008388597419926176,0.0009245855227795057,-0.00017842612253828201,0.004003343665074838,-0.003981547457257187,-0.00042240663073115357,0.053667792380160145,0.006938923672308359,-0.00012544006705403476,-0.006803647897565519,0.003160706696907266
0.8992078,0.8170642,0.74845403,0.8993949,0.78222626,0.88,0.88,0.4740069,0.4037545,1.0,1.0,1.0,0.3273685,0.3273685,0.69199055,0.32166803,0.7891263,3.813679272236305e-05,-2.7822041058866e-05,-0.00034174853048247084,0.0010121075150581152,-0.0012993280979940753,-0.0007407745013607259,-0.00029696736634781155,-1.4729218352484142e-05,-0.007608867525963367,-0.002396768726948469,0.00036939367620261574,-0.0006875049839439451,-0.033174156782910746,-0.008641225479968715,-0.0016223757911539678,0.0063350692835533315,-0.004084834063956443
0.86546636,0.67892903,0.65701646,0.94,0.7356617,0.81621236,0.88,0.33960694,0.30326474,1.0,1.0,1.0,0.24589033,0.24589033,0.3582406,0.36166808,0.6635707,0.00047656067197080274,-0.00023122328781388036,-5.8832744274304346e-05,0.0012765154987648716,-0.0009273029863801005,0.00013150745522949678,-0.0003322169623308591,-0.00010789106097128075,-0.009662422544938869,-0.0026419010263220087,-7.7313627836971e-05,-0.00126034205651544,-0.03156067828612923,-0.009755403417063694,0.0012979762888400937,0.0033861197075388317,-0.0018319555803597413
0.8530539,0.8341046,0.7363841,0.8859533,0.82257956,0.88,0.88,0.6717585,0.55815923,0.9169722,1.0,1.0,0.89541835,0.5126966,0.70949054,0.5262136,0.7969041,-0.00017673972744997588,0.0008783605295919801,0.0004720214841402008,0.0031637597207881045,-0.003223202434402081,-0.0009816961525221139,-0.0003663180672475765,0.0015475998804590383,0.005461857913369811,0.0005138560318181944,0.00014895487564249715,-0.000914857847592645,0.04759460292041533,0.006163785776193968,-0.0016317938144866267,-0.001134475501773975,-0.006063224361801666
0.9231587,0.9655172,0.32093322,0.31451455,0.31451455,0.88,0.88,0.6341585,0.6208076,0.9169722,1.0,1.0,0.5033575,0.9357586,0.61824054,0.69621366,0.4891262,-0.0008957873566234207,-0.0013091118021948608,-0.0031410284900194618,-0.007398699080167456,0.005771343580286791,-0.0007261306363684469,-0.0004538871317149942,-0.0007497721429822631,0.006605800523550267,-0.0003378757336322491,0.00039683327169343704,-0.00046747970082193003,-0.0036980032676878095,0.0004482446217893722,-0.0006558391955504458,-0.0013941584870091508,-0.000523203448817583
0.9231587,0.9655172,0.32093322,0.31451455,0.31451455,0.88,0.88,0.6067099,0.5224304,0.7253458,1.0,0.7253458,0.4235922,1.0,0.61824054,0.69621366,0.5502374,-0.0001221018255443544,-0.00182417670093651,-0.0027260656750332057,-0.00349740629404932,0.00459423865736087,-0.0005627625701374651,-0.001045032831931019,-0.0007681280243135076,0.00015846703634453534,0.005612521484069353,0.0006085376214289033,0.0060663820616688804,-0.01244642928142341,7.277751613360188e-05,-0.0009286235494426079,-0.0009434178984165313,0.00023735884543071191
0.7137183,0.79398036,0.87730074,0.99229723,0.94,0.88,0.8836999,0.41855842,0.36475644,0.93697226,0.93697226,1.0,1.0,0.29574847,0.48949057,0.62166804,0.3269041,5.264128057802979e-05,0.0002650492191867677,0.0002285373585607984,0.0028767519709360055,-0.006325287064728722,-0.0010182939324193771,-0.0005135821235667029,-0.00021537952719864788,-0.0047377310267446016,0.0002535620722980052,0.00048595303995702154,-0.00037534948041616223,0.059615685073881416,0.003716204114182356,0.00023407669618228012,-0.004759030541306622,0.0046153066021769095
0.6714107,0.7719065,0.86151737,0.94022495,0.92046905,0.88,0.88,0.43680686,0.3781415,1.0,1.0,1.0,0.30660123,0.30660123,0.5757405,0.5043953,0.6013486,0.0005688254264643725,-4.46868088816624e-05,-0.00072905448524042,0.0012264886904808094,-0.004185027329455396,-0.0007515332727403459,-0.00039904510494062726,-0.00026411190261308945,-0.008488721893724233,-0.0025811503798633196,-1.3925771753464794e-05,-0.000943785967394134,-0.03375449836539908,-0.007977742063960559,-0.00032472892729071333,9.649077987848527e-05,-0.00101615570029367
0.7947789,0.882168,0.8012377,0.94,0.99229723,0.8199039,0.88,0.5653585,0.5388889,0.9169722,1.0,1.0,0.43693691,0.92935586,0.5132405,0.4743953,0.67245966,0.0007497432233426676,-0.0009487169148544182,0.0013735393227474924,0.0018626442956775854,-0.0062464871343895076,0.0008136642979993088,-0.00133835708039053,0.0002081901822216419,0.0025248995843806282,0.00016591759062256937,0.0006324183221103902,-0.0006669573205421017,-0.01277886071721859,0.004039970737531154,2.1452169535910796e-05,0.00018895169046811544,0.0001323864826654076
0.90690005,0.9763592,0.4937119,0.99229723,0.43429986,0.88,0.88,0.72695845,0.73866254,0.93697226,1.0,1.0,0.5989156,0.8309133,0.73324054,0.5571226,0.6413485,0.0005644255487560715,-0.0009077513587861813,-0.00024781521959616745,0.0033258395358689787,0.004007028903255832,-0.0005061256363376929,-0.00107149751428617,0.0008064412617613548,0.010263245365582317,0.0002670003813798143,0.0003526114609309483,-0.0006886753309750848,0.00901148174970479,-0.0010203120774092988,-0.0008535994883972154,-0.0011266382579090543,-0.0012075275272482278
0.8219933,0.85428894,0.284232,0.94,0.27854735,0.7509752,0.88,0.56335855,0.6868822,0.9169722,1.0,1.0,0.80751026,0.51719534,0.61574054,0.30984992,0.44912624,6.21143495395839e-05,0.00017213757036858347,-0.0013315298773488614,0.0036991101342103623,0.006421796821653048,0.0011883793800347468,-0.001202284725040811,-4.959505927685244e-05,0.008604488353803265,0.0005629315654014638,0.0008888982648916572,-0.00037803137393944806,0.026044882528532414,0.004644321290479697,-0.0002868534993312027,0.002642508986505889,0.0009795639592511567
0.7293943,0.87204504,0.84269625,0.94,0.8824816,0.77157223,0.88,0.49446145,0.42323163,0.4308011,1.0,0.4308011,0.34316078,1.0,0.41949052,0.45439538,0.5602374,0.0002935221896507175,-0.0019765624772592107,0.0011741956561736786,-0.0006204823833502927,-0.002397277596598357,0.0003736636752987735,-0.00216034993593187,0.0002548322376427169,-0.0021762009079745077,0.005615288460979712,0.0008911397816941119,0.014055554937759401,-0.018487931745353296,-0.0020763092139327783,0.0006583968078113292,0.00039419924346888744,-0.000208748701104077
0.9231587,0.9655172,0.098879345,0.09690175,0.09690175,0.88,0.88,0.31760696,0.2806884,1.0,1.0,1.0,0.22758518,0.22758518,0.4057405,0.33803168,0.6046818,-0.0014189422512251148,0.0013660563492218461,0.0011011239481289333,-0.008285675338593274,0.008679660418291164,-0.00046156137106454225,8.248690753723279e-05,3.0335145309264106e-05,-0.011770252347616075,-0.0029904354024077717,0.00010710034343894434,-0.0008680760623929879,-0.0351574534155536,-0.004801546092006089,0.0012647344973946084,0.003724925215871535,-0.001004537633010468
0.6947789,0.80322796,0.8723886,0.94,0.81149006,0.6917444,0.88,0.49255845,0.75667846,0.9169722,1.0,1.0,0.61352307,0.6600103,0.2657404,0.5962135,0.38468182,0.00040998206891750444,4.1859423748908264e-05,8.712308756871977e-05,0.0021202812494554306,-0.002463609532215135,0.00235816911066836,-0.0006891411441316771,0.0001734559532791407,0.012628023848606826,0.000731592983863583,0.0007524309934101009,-0.0007288659931101175,0.013890980047508434,0.0038622739362770193,0.0009965576004464217,-0.003099894053275283,0.0029278375865280826
0.7681472,0.7205859,0.74478036,0.72988474,0.8916575,0.88,0.88,0.16200684,0.15189454,1.0,1.0,1.0,0.12315773,0.12315773,0.3582405,0.27530435,0.38468182,0.0006260158433700693,8.946581577889032e-05,0.00014970908946196872,0.0012845438526349398,-0.0022248511185100203,-0.0007303420575887076,-0.00022065277865660108,-0.0005252274525130863,-0.013040303001355131,-0.002020750697542003,1.1671281819002465e-05,-0.0008463800171185343,-0.03670732847250642,-0.008900305854312247,0.0008911110108257652,0.004118165620179717,0.001274818140290053
0.9231587,0.9655172,0.32532585,0.31881934,0.31881934,0.88,0.88,0.69775844,0.8263013,0.93697226,1.0,1.0,0.7261454,0.7076983,0.5257405,0.6834863,0.75245965,-0.0005132939933436765,0.0016273017021417049,-0.0005065024588063885,-0.005263560391491882,0.006356914647660277,-0.0007328306582715328,-0.00021285885402855698,0.0003103735265332679,0.012748507096704376,0.0003953676470313174,0.0010197430588230285,-0.00018775244819037244,0.018982168548552225,0.0025361596210999073,-5.403698835072582e-05,-0.003421556057319417,-0.0021195008535571064
0.7752568,0.7556522,0.87409985,0.909952,0.9493393,0.88,0.88,0.5441586,0.729213,0.93697226,1.0,1.0,0.76912045,0.56120354,0.57449055,0.5580317,0.625793,0.001018679530689208,-0.00012409597619402867,-0.00029959371951128884,0.0025424507340388023,-0.006773913072849992,-0.0006540922049998693,-0.0006584721911248192,0.0011063201614887287,0.010709952774395778,0.00018132934776903252,0.0007047450817392883,-0.00045451411254152974,0.028092139752999384,0.0048439627079774755,-0.00013255300921532803,-0.002300911233218414,-0.0017167504175916973
0.79804236,0.5525078,0.8417247,0.94,0.94,0.77157223,0.40090907,0.5577585,0.69595814,0.93697226,1.0,1.0,0.5642904,0.77180946,0.33574045,0.60894084,0.53023744,0.0007309521002232403,-0.00018201731382551752,0.0015022509229312786,0.005246940024616784,-0.00607599508324707,0.0008187362869424231,0.004350776176305599,0.00020538495785919251,0.007785820178698852,0.000703782737704076,0.0003317920793011467,-0.0009430236967233191,0.002550304272994941,0.00763866099381651,0.0002622779171764018,-0.004206520071412753,0.000868232423292986
0.8601635,0.91387534,0.38813183,0.94,0.3803692,0.8200954,0.88,0.5528069,0.4745387,1.0,1.0,1.0,0.38476112,0.38476112,0.8532405,0.4734863,0.60468185,-0.0004976747865757002,0.0004021363405107462,0.0017780170722628017,0.0022420874589749703,0.006276490621774948,0.00037700033817279966,0.0003931969328840135,0.0006906211531466599,-0.003238060746939045,-0.0030194392362236843,0.0002349781087351993,-0.0006080689402176687,-0.02510355017878085,-0.0037532821664543886,-0.0038139187078119786,0.0008017539134635596,-0.002144315235693717
0.9231587,0.9655172,0.17015916,0.16675597,0.16675597,0.88,0.88,0.5841584,0.8347434,0.9169722,1.0,1.0,0.73961395,0.5832639,0.6894905,0.4862135,0.37579292,-0.0008833458219816679,-4.389962154774305e-05,-0.004324172408921393,-0.01297632778707728,0.011328376535301969,-0.0010255836723324049,-0.0003140430395234002,-0.0004390936068554753,0.017785189314736126,0.0007520376297125472,0.0006671183210634612,-0.0005519890332491823,0.0240471363248174,0.00232865999564592,-0.001144173910768951,0.000589978133517379,-0.001181184176489844
0.656026,0.60041946,0.7815125,0.94,0.82974553,0.7275613,0.88,0.18200698,0.17139037,1.0,1.0,1.0,0.13896516,0.13896516,0.10074043,0.42894086,0.44579294,0.0007962612233751162,-0.0003881871916460315,-0.00018395094889736137,0.002088855546423625,-0.0026312744442836024,0.0016495629987288358,-0.00012786389206712834,-0.00021695480776008942,-0.0133483351852784,-0.0020778896558129047,-6.205563141904929e-05,-0.0007539587729235363,-0.03561802306179942,-0.008607997071361877,0.0029688809626080056,0.001598726822339324,0.0008661597894656155
0.032657824,0.48557875,0.8248791,0.94,0.878108,0.32327133,0.88,0.39215842,0.47290176,0.9169722,1.0,1.0,0.8338409,0.38446024,0.4669906,0.28621352,0.38912624,-0.000870603169111736,-0.002250648992793649,0.00041794229711621036,0.00292000243531087,-0.004606359436527638,0.0042996761411847086,-0.0012515020351416117,-0.00025032102239881085,0.001516078037219053,0.0006384927218963432,0.0005424850353659896,-0.0006312452502331933,0.029952405341637317,0.006136873499359973,-0.00012021997119616092,0.0037908836085769086,0.0020255134687832987
0.721702,0.7719955,0.77944696,0.9742972,0.87612826,0.88,0.88,0.36335838,0.68561363,0.9169722,1.0,1.0,0.6488237,0.60774595,0.3019904,0.52803177,0.3746818,0.0004633512731251388,0.00010927880794987544,0.0005373979259377742,0.002393684156224914,-0.0047294611152042055,-0.0009099045276596423,-0.0017368299570634255,-0.001600040352454304,0.009076450322004728,0.0005371580877356345,0.0011678427465034518,-0.0005092008755993182,0.012083391766965157,0.002886821152060416,0.0005852541010129085,-0.0009931297543051033,0.0029189780021723864
0.8362125,0.64916545,0.88933957,0.87155277,0.94,0.88,0.6810241,0.563607,0.4856786,1.0,1.0,1.0,0.3937935,0.3937935,0.6894905,0.57439536,0.69023746,0.0005049898185889742,0.0002157344513356781,9.391541231457586e-06,0.0011041083222945063,-0.0032041960981936605,-0.001129694530758438,0.0015761616054703635,0.00031361768912905653,-0.0031741193431712223,-0.0028895231745761554,0.0002641992721363481,-0.001014100399429897,-0.026322462608335956,-0.007867604793809385,-0.0016225226355052124,-0.0030836938560764283,-0.0029429515505723447
0.9231587,0.9655172,0.4864305,0.4767019,0.4767019,0.88,0.88,0.8293585,0.89363223,0.93697226,1.0,1.0,0.7245667,0.79370517,0.77699053,0.670759,0.8280152,-0.00010370908744841311,0.001171834758132965,-0.00022454596176047962,-0.002290540747266051,0.0028150978164830764,-0.0005806282284701633,-0.0005798853539341882,0.0001505727397422263,0.013124763324098544,0.0001717869362579574,0.0008849923080194488,-0.000564277459810947,0.015783377009880157,0.0012980363089700414,-0.0009120236858502738,-0.0021930772303165066,-0.002667076161928441
0.9231587,0.9655172,0.37917152,0.37158808,0.37158808,0.88,0.88,0.57880694,0.49487767,1.0,1.0,1.0,0.40125215,0.40125215,0.7969905,0.5943953,0.6824596,-0.0012016976495737592,0.00010613138640460638,0.0001994244815127022,-0.0017122439479240498,0.0031298290037812516,-0.0010843408767950832,7.584691684312501e-05,4.2730010713385914e-05,-0.0029442415821584137,-0.002774198176328691,-3.6652882335890814e-05,-0.001179388827900788,-0.022880743440205773,-0.0052884018937486895,-0.002573592248404162,-0.0030977304007430264,-0.0019348591687514396
0.6944876,0.93687975,0.8853738,0.96716094,0.94,0.88,0.77544713,0.46910995,0.406893,0.6756142,0.6756142,1.0,1.0,0.32991323,0.5244905,0.37439537,0.49468178,0.0008237313554628949,5.875505395916358e-05,7.837717640216952e-05,0.0014786483594008061,-0.005413215537240386,-0.001091932875336853,0.001314969329206178,0.0006137399417984527,-0.0019404794205969333,0.0035795093657024824,-0.005791158571464477,-0.0004330089406279103,0.050505933667281885,0.00767412465099387,-7.258648720585979e-05,0.0034020136177016565,0.0005377621225703108
0.88353175,0.86782813,0.65402526,0.94,0.65353006,0.830322,0.88,0.5273585,0.52803516,0.9169722,1.0,1.0,0.42813662,0.9034137,0.4607405,0.5453045,0.49579293,0.0007356910518196111,-0.0014469540736494033,0.000708518803793714,0.002244005873203912,0.000545746289287433,2.793883445385774e-05,-0.001226130432511091,0.00017893412770472302,0.0015779490057644613,4.8134137146038534e-05,0.0005169604313656484,-0.0008261719676472898,-0.014340486106768288,0.0010506936533881796,0.0006529937134475426,-0.00044058560583261396,0.00031231420295684697
0.4483337,0.6236855,0.8859103,0.9476599,0.94,0.88,0.54346406,0.5061585,0.53383785,0.93697226,1.0,1.0,0.9022669,0.38780004,0.55324054,0.32984993,0.5313485,0.0008157866542649972,-0.0019822781479555854,0.0006245216053404858,0.006369456987405842,-0.007220004120401576,-0.0009923856484689818,0.004487278438348472,0.0006435674641904861,0.0028267530122419527,0.00022677746274946041,0.0003522984481178963,-0.0002218248133989638,0.03602491588301562,0.004286680110321603,-3.582677312550496e-05,0.004597154641184933,4.7507686825517085e-05
0.9231587,0.9655172,0.17015916,0.16675597,0.16675597,0.88,0.88,0.6100614,0.5233512,0.22418888,1.0,0.22418888,0.42433882,1.0,0.6894905,0.51439536,0.54468185,0.00011789736859235386,-0.0024059219840195144,-0.003886724679340175,-0.0026970996852139595,0.006644471079836509,-0.0004820630193221699,-0.0014597674948888875,0.0003004938101746483,0.0018259437560714964,0.009842711835361116,0.0002538485617312805,0.015640196577397122,-0.008086311305478757,-0.007651595046992596,-0.00247409732944132,8.271658344638932e-05,6.580145510726031e-05
0.90690005,0.9763592,0.46559727,0.99229723,0.33682814,0.88,0.88,0.57246155,0.49238878,0.46735832,0.46735832,1.0,1.0,0.39923415,0.8382405,0.5043954,0.41579288,-0.00022569147184962207,0.0005072536143401842,0.00042550319404868373,0.0027543198218705307,0.005169550511000849,-0.0009493182580459516,-0.00023148539532588295,0.0012675345883352376,0.0015475605197307397,0.005424591509998879,-0.008766112654047382,-0.0007122410185605194,0.050086097890963674,0.008014506173410117,-0.0024915831269519723,-0.00017347106635713267,0.0018810550929583558
0.9231587,0.9655172,0.17399202,0.17051218,0.17051218,0.88,0.88,0.5267099,0.4569138,0.6756142,0.6756142,1.0,1.0,0.37047064,0.43074054,0.4053044,0.6413486,-0.0002427121292026544,0.0010861151739664288,-0.0003339863050639267,-0.005896189439017243,0.01024520415691653,-0.0002593064840205437,-0.00031348647103399645,0.0002548822859307449,0.0002242690193951243,0.004120772316488658,-0.0039930337479167615,-0.000675269043334275,0.044344198088143674,0.008284157011077074,0.000986894490182232,0.002225008376291759,0.0004043815370489979
0.38679525,0.55460006,0.81374633,0.92339027,0.94,0.88,0.48732066,0.27135834,0.2437736,0.93697226,1.0,0.93697226,0.19765426,1.0,0.5619905,0.18530439,0.43690407,-0.0021279419841457358,0.003207082408435131,0.002162687880350967,0.003209816079905632,-0.006141164633968296,-0.0009369909566509928,0.010612811854286718,0.0003589068275476,-0.017368914995181204,-0.0013761244217301543,0.0003483085552528592,0.0008540068401043742,-0.03912646504826465,0.003454057815955866,-0.00012538790521470698,0.005028795439469797,-0.00011136025176561066
0.9231587,0.9655172,0.25560114,0.25048912,0.25048912,0.88,0.88,0.55215853,0.48246747,0.9169722,1.0,1.0,0.39118984,0.99148273,0.6357405,0.540759,0.51357067,-0.0012335213253839333,-0.0013762919908401358,-0.0034002878019785136,-0.008230894110401635,0.006180368192641717,-0.0007859695390033336,-0.0005761995273600689,-0.0003926661333144962,-0.0016123923662262054,-0.0006827508252576289,0.000463676152425007,-0.0007737414352352579,-0.01631290414775743,-0.001143970863430831,-0.0013170325773364283,-0.00016838842482617785,-0.0007107009938084335
0.8793943,0.73833066,0.8831603,0.94,0.9742972,0.8727212,0.88,0.523207,0.4535756,1.0,1.0,1.0,0.36776403,0.36776403,0.6482405,0.69075906,0.5491263,0.0006936772478756082,0.00012725575479052668,0.0002557166074898474,0.001299709980632028,-0.004138224523057663,-0.0005070428092442857,-0.000281361565936548,-0.00011142368388197947,-0.004153538255193513,-0.0020142377784147097,0.0005422492769622439,-0.001360644542951569,-0.019855367019138818,-0.006015965849844348,-0.0005353082812976694,-0.004218582646536031,0.00016821540786881345
0.7329491,0.8306761,0.72616327,0.94,0.94,0.8727212,0.8091359,0.3641584,0.3197292,0.9169722,0.9169722,1.0,1.0,0.2592399,0.46949053,0.5343953,0.45023748,0.0006263399807154275,0.0006068435286984359,0.0004378641723240817,0.002990272353967596,-0.006564639903110799,-0.000748046662803409,0.0006961537744021207,-0.0010036144050837473,-0.007442486222547067,0.0002606335876401293,0.0006261955868815034,-0.00046413460959121605,0.054033717657807886,0.0026688887782184297,0.0003631546732734142,-0.0015908991951095507,0.002317021382603697
0.90690005,0.9763592,0.2981206,0.99229723,0.25421503,0.88,0.88,0.3912069,0.3374321,1.0,1.0,1.0,0.2735936,0.2735936,0.6569905,0.48439538,0.42690405,-0.0008533177904667627,0.0011468919903054261,0.002229675696650807,0.0032311316895808177,0.007712232971742994,-0.0007846664111824553,5.004295553778786e-05,-0.0008748735142975312,-0.010379242729765328,-0.002594330392063693,0.00028467491865978556,-0.00044770332005206496,-0.03908737521205092,-0.005303120355955782,-0.0013862336892535914,0.0005910200376250594,0.002702021022945553
0.8684385,0.8306761,0.70303833,0.88091975,0.99229723,0.88,0.88,0.23640686,0.21145466,1.0,1.0,1.0,0.17144974,0.17144974,0.5957405,0.28166807,0.4191263,0.0005397814240320642,-0.00021045992856902663,0.0003701099288831353,0.002709736357920758,-0.005230770333086494,-0.0006092549338788567,-0.00020846863072040986,-0.0001712206103271391,-0.012089402734140752,-0.0020481616422423263,3.606064969628804e-05,-0.0009824209372260363,-0.032469865422237565,-0.007543553830004684,-0.000465553426764214,0.004080463984516284,0.0007698108378103837
0.9231587,0.9655172,0.31025666,0.30405155,0.30405155,0.88,0.88,0.6881585,0.8089374,0.9169722,1.0,1.0,0.6558952,0.7416625,0.6357405,0.6471226,0.6113485,-0.0011054853018289041,0.0005850458295580844,-0.001493047839079138,-0.00691500784803057,0.006966947298968334,-0.0007960638859660225,-0.0003608205676189009,-0.0004625316779468195,0.01647703016317561,0.0007398192161592003,0.0006878785527199962,-0.0008284268106258113,0.01585666559301622,0.00210757914321357,-0.0008091838316519763,-0.002047258014064215,9.234802510815766e-05
0.9231587,0.9655172,0.18971875,0.18592438,0.18592438,0.88,0.88,0.5849585,0.44427812,0.93697226,1.0,1.0,0.9316181,0.41701895,0.29074037,0.43348625,0.8024596,4.463908073550267e-05,0.003652508562139367,0.0002709617878089623,-0.010128268808501019,0.012077995793456033,-0.0007366988747976471,7.728313129079633e-06,-7.816727809329649e-05,-0.0017000745842918217,-0.0006080555288326238,0.0007912320730956718,-0.0005506247432876068,0.041802419919745676,0.005425353975484232,0.002525366803087326,0.0017239122549505923,-0.00041227211322169416
0.67968565,0.7727125,0.79051334,0.96814126,0.74405915,0.88,0.88,0.2981584,0.49611872,0.93697226,1.0,1.0,0.81322,0.3760794,0.26699042,0.34712264,0.35245958,0.0006611577328716092,-2.0780784926672688e-05,0.0010706128414342583,0.0037276492152815612,-0.000680439798334282,-0.0006921808773125616,-0.0011445311868995805,-0.0004389097321113948,0.0012729082561686671,0.00014505381369258368,0.00027568696301113414,-0.0007357498638357824,0.03486637922832963,0.006509237686511359,0.0009876848129180716,0.0036018533349385586,0.002609186445593514
0.5447789,0.6897898,0.80390114,0.94,0.903209,0.5601561,0.88,0.34080687,0.29836288,1.0,1.0,1.0,0.24191584,0.24191584,0.41949052,0.45439538,0.57245964,0.00021955663575602168,-3.9886848504467416e-05,-0.0005821943334760688,7.529916617146655e-05,-0.003441189705641076,0.005798105667100168,-0.00037970612156266586,-0.0007532399229664011,-0.00988138832518817,-0.0027835505365227152,0.00029119578222763467,-0.00134247451283532,-0.034297116968978164,-0.010112515455419595,0.0009616136696264565,0.0015812821463012088,-0.00042140256359213734
0.0829491,0.530268,0.56901675,0.9742972,0.94,0.88,0.37511092,0.13295837,0.55034566,0.9169722,1.0,1.0,0.6178725,0.49155775,0.05074036,0.3771226,0.07357078,-0.003729602164563466,-0.00044887517558874824,0.00047310392044240865,0.005852260456905506,-0.009332794480530968,-0.0007967887134925146,0.00895194109275934,-0.002891853677406141,0.004209670353807622,0.0004272333526905983,0.0007321870146641682,-0.0008156069569431581,0.01130777087328631,0.003843370242555435,-0.0018138323381429297,0.003872882062468251,0.005970766152859027
0.9231587,0.9655172,0.17740723,0.17385909,0.17385909,0.88,0.88,0.53606147,0.46443865,0.46735832,1.0,0.46735832,0.3765719,1.0,0.3582405,0.41530445,0.7735708,0.001234827862452591,-0.0007176700467722897,-0.0022405573818257505,0.0005185232751989688,0.004409290509889888,-0.0006397909316594008,-0.0012447133344792476,-0.0002957444708290733,0.0002072811223236007,0.009624789319109348,0.000550938699453199,0.008611758486502698,-0.010000111495270213,-0.002535769808431049,0.002961135054550723,0.0003806067726169362,0.002225339990510112
0.85305387,0.87204504,0.73108774,0.94,0.7488438,0.77157223,0.88,0.5969584,0.6240288,0.9169722,1.0,1.0,0.8474998,0.5352442,0.54324055,0.6053045,0.6535708,0.0005279846606257843,0.0006178003203752578,0.0007125808599001415,0.004261061777540373,-0.001952917822862379,0.0008286069987908062,-0.0001880020522079966,0.001237009257978131,0.007037294876497496,0.000734596426040661,0.0009333064730676538,-0.00040850404652181203,0.03560467599624309,0.005544203171629213,-4.095725328320776e-05,-0.002861601956718477,-0.002179763156477667
0.7521798,0.78900516,0.8422142,0.96716094,0.94,0.88,0.6286076,0.73295844,0.79064196,0.93697226,1.0,1.0,0.64106107,0.8110411,0.77574056,0.6471227,0.6946819,0.0009856384817109169,-8.151027068837509e-05,0.000404165972475879,0.0016141588295467562,-0.0039046258668545965,-0.0006645554773392987,0.002912036548398569,0.002639917401838825,0.012269062285413676,0.0001434547481810408,0.0006373780093027059,-0.0009374363995563867,0.013807037764717383,0.008345323846874569,-0.0017230397634694526,-0.005738791182369577,-0.0025837521890887316
0.8027625,0.68955535,0.7214484,0.81928974,0.9742972,0.88,0.88,0.4501583,0.4783875,0.93697226,1.0,1.0,0.38788176,0.91904813,0.5657405,0.30712268,0.52134854,0.0007381736579909099,0.0013350038854993286,0.0016997005439228525,0.0024445040859901656,-0.00704709163552809,-0.0007055937063291312,-0.0010470465952121051,0.0004964128857682958,-0.0032303364466293805,-0.0010239914114321719,9.999909580273886e-05,-0.0007688735141415209,-0.018918713469665928,0.00398593115176592,-0.00019316696861333024,0.002367337423428345,-9.45128935982672e-05
0.8418067,0.5969735,0.5004746,0.94,0.49046507,0.45248923,0.88,0.43800697,0.3826737,1.0,1.0,1.0,0.31027597,0.31027597,0.40574056,0.490759,0.75245965,0.0004971313823493067,-0.001399846839839907,0.0005334553358762937,0.0021160204008790896,0.002904611808955243,0.009374871829882255,-0.0005178094971227945,-0.0003075587811119727,-0.008155986017748513,-0.0027036414175474815,5.205310853984437e-05,-0.0010960617333286115,-0.032686331361132276,-0.009610504953121683,0.0011569792519267102,0.0002646329805487483,-0.004355848409728695
0.9231587,0.9655172,0.20158188,0.19755025,0.19755025,0.88,0.88,0.38760698,0.33695635,1.0,1.0,1.0,0.27320784,0.27320784,0.2607404,0.58530444,0.6824596,-0.0009483672712980006,0.00016975659648536505,0.0005444348992583603,-0.0030426081068900433,0.005842254725704048,-0.0004789448806017414,-9.62992593451748e-05,0.00012001844770294746,-0.008506217515504524,-0.002516737248260048,-0.00016763073660758322,-0.0009097197614669468,-0.029061790027890347,-0.006590299886219136,0.0023483111546429188,-0.002026632058170525,-0.0017351168784586815
0.78294915,0.8023299,0.92411965,0.926172,0.94,0.88,0.6907027,0.7944614,0.67593324,0.5246136,0.5246136,1.0,1.0,0.548054,0.65074056,0.740759,0.8146818,0.00099641997489407,-0.00012506556508765988,-0.0005237126340944145,0.0019768935276983906,-0.005343661961742404,-0.0003186368080218666,0.0015670727901013226,0.005710491525932798,0.006683380415020412,0.004880807717528616,-0.007745569895586635,-0.0011712286981438735,0.04815413575621103,0.004103252000947835,-0.0003456556378776604,-0.010597741346004427,-0.007642392542840052
0.83708656,0.8306761,0.7978212,0.9742972,0.85541767,0.88,0.88,0.2616069,0.23637012,1.0,1.0,1.0,0.19165143,0.19165143,0.26199043,0.46439534,0.50023735,0.0005409034265119405,1.881221317447995e-05,-0.0002774222339722516,0.0012546238556273423,-0.0025395043314638682,-0.0005999157194616092,-0.00029742380819292274,-0.0008066281716268751,-0.011581070267728503,-0.0021964095080110615,0.00037193139927924453,-0.0007379551797622552,-0.03694503490337335,-0.0082825768852025,0.00202159743613647,0.0012813560053965562,0.00025297630392128996
0.814301,0.94290984,0.44782406,0.94,0.43886757,0.85377544,0.88,0.6916615,0.5866127,0.36434507,1.0,0.36434507,0.4756319,1.0,0.7657406,0.44712257,0.61468196,0.000491489217951686,-0.0017877020537418057,-0.00151446964992399,0.0018605321417441718,0.003350142319397099,-0.00018595080128706518,-0.0014629104301011572,0.0005333989968939914,0.004701616541517367,0.005481932205952365,0.0005982508060745293,0.013497538163331366,-0.0026648318710341184,-0.00631197104561155,-0.0016890774523285188,-0.00015656041370351473,-0.00033189826695241906
0.9231587,0.9655172,0.3068187,0.30068234,0.30068234,0.88,0.88,0.52360696,0.45122078,1.0,1.0,1.0,0.36585468,0.36585468,0.5994905,0.5598499,0.6435707,-0.0010683646670692104,0.0008898839899726579,0.0003751153627442666,-0.00403973251592854,0.005293556429159394,-0.0006463120753170767,-9.468885816985711e-06,9.404368662308904e-05,-0.005459276242663209,-0.0030238168624963572,-0.00014167545158553341,-0.0007659092322786865,-0.02504508785482333,-0.004696525313815013,-0.0006725767060182245,-0.0014083395153676559,-0.0012141251090584731
0.7518886,0.6232027,0.7469609,0.94022495,0.94,0.88,0.51668966,0.46200693,0.40165657,1.0,1.0,1.0,0.32566747,0.32566747,0.40824056,0.6753045,0.5502374,0.0006376568177487519,2.993412635126754e-05,0.0003395787846829043,0.002518840665920593,-0.0041792215711682,-0.0010364144059431455,0.0015575578270423922,1.690414610853418e-05,-0.005928572850006221,-0.0026168621001689206,0.00012695573531540106,-0.0012401633808588944,-0.027716834599265012,-0.008389127847411358,0.0007667470811782918,-0.006125985993029517,-0.0005689180756381554
0.8912241,0.7618177,0.7279542,0.7133951,0.99229723,0.88,0.88,0.42975837,0.4205621,0.9169722,1.0,1.0,0.87119126,0.37838915,0.52449054,0.21348624,0.58801526,-0.0005035145282571164,-9.760920893998607e-05,0.0005750385339789479,0.0018117184887896703,-0.009966672006557882,-0.000490868995211636,-0.0010303665734684615,0.0004212727844306642,-0.0027920585873016856,0.0007264970283509725,0.0005892864404746095,-0.0003965504381125845,0.04160096150168902,0.004912885593324099,9.683227595262769e-05,0.006254211596961403,-0.00032527214323727164
0.38708663,0.6557171,0.7866522,0.94,0.73911226,0.5206318,0.88,0.35990983,0.32090762,0.6553457,0.6553457,1.0,1.0,0.26019537,0.31449044,0.2771226,0.4513485,0.0002951025329708018,-0.0004204203558756256,0.00023967176058608844,0.001294897862210364,6.031866024073587e-05,0.0040851688682981445,-0.0015653358600210842,-0.0002187272527543603,-0.0060502480408027685,0.0035205886880760127,-0.005240425543067133,-0.0004485614559917561,0.0475117397617105,0.007236302115380026,0.00011686623819646748,0.004749946109140324,0.0012158121096438911
0.83708656,0.7692849,0.7712223,0.94,0.74920845,0.65237045,0.88,0.5501584,0.60590136,0.93697226,1.0,1.0,0.49127138,0.84138674,0.5069905,0.49166802,0.65912634,0.0012282491416942421,-0.00012954700702317535,0.0013780729130405149,0.001645889838730904,-0.0008335646438336581,0.002465745896879358,-0.001102213479417381,0.0007201506331964866,0.005273151143760507,0.0002467228689397398,0.0009072430713218047,-0.0004086800557294701,-0.004172873972105856,0.00429285568966764,2.541762848335391e-05,1.548877207405229e-05,-0.0009061217441857321
0.8870866,0.71088034,0.80993015,0.92339027,0.96814126,0.88,0.88,0.6025584,0.7083459,0.9169722,1.0,1.0,0.7914294,0.57717633,0.4407406,0.80530447,0.45912626,0.0007324176342972722,-0.00024291188439603157,-0.00010872537094174722,0.003108580668412323,-0.007140216468958092,-0.0005535896935374505,-0.000529254831866209,0.0013340040233395896,0.00984919563325557,0.0007299291181425974,0.0006127136471720415,-0.0006482675835867716,0.02965223997725191,0.0042302335785289365,0.0001108851677298869,-0.013333079658537276,0.00226179074038194
0.90690005,0.9816195,0.27039027,0.94,0.26498246,0.8986786,0.88,0.5613587,0.49356124,0.93697226,1.0,1.0,0.9357586,0.4001848,0.4632405,0.62984985,0.3913485,-8.337434572784484e-05,0.0011571555099456029,-0.0014230116657182512,0.0026638344303538263,0.006522221566320013,-0.0014357281676731035,-0.0007099696353589012,-4.41353870008563e-05,0.0006846250904752167,0.00010968863655847181,0.0011665441143835422,-0.00035831084487450925,0.03820672550216899,0.007202702129504515,5.2460036446032535e-05,-0.002650778205531215,0.0017032983023968634
0.63236636,0.47312573,0.8803422,0.9742972,0.74165124,0.88,0.88,0.5481586,0.72998995,0.9169722,1.0,1.0,0.831666,0.54661775,0.7969905,0.48984987,0.45579284,0.000497616355013309,-0.002683008041883733,0.0006362219461520138,0.0049130157234005675,-0.0018851720169026397,-0.0006469944002472401,-0.0004955177119149772,0.0007852209319088143,0.012013959627096353,0.0007497369320858721,0.0006179919908668044,-0.0004865957962308198,0.03066159569054965,0.005372291416886091,-0.00021482213779782218,-0.0002396262309058245,0.0014884177947035026
0.71400964,0.7627777,0.7363171,0.92339027,0.94,0.88,0.5918977,0.59735847,0.6529527,0.93697226,1.0,1.0,0.5294211,0.8066474,0.58699054,0.46984994,0.5335707,0.00042263126617188035,0.00012560315348726113,0.0012942101075629053,0.0029379362813281855,-0.005022275341814444,-0.0006275478897652412,0.006120574559685376,-4.885832202448673e-05,0.009477281821319192,0.0003250631220222117,0.0012068950547150196,-0.0005546832441645117,0.0011790392395173762,0.004390466689043021,-0.0002101702759786802,0.00066620494574468,0.00034060017994621156
0.56045485,0.72020614,0.6322026,0.8916575,0.909952,0.88,0.88,0.30895844,0.41890165,0.9169722,1.0,1.0,0.33964998,0.8260841,0.29074037,0.4116681,0.22245948,-0.0002073606354391061,0.0003233672182107816,-2.7029887781991023e-05,0.0015019991429027618,-0.005075160448310918,-0.0014123225199813678,-0.0013006563005566053,-0.0009265495578618919,-0.0048374065613096635,-0.00035820131967055825,0.00047045878856176367,-0.0006769938670283409,-0.02177569617235425,0.0029064920804917106,0.00155337649642803,0.0014207670127110372,0.0007302828030877014
0.6406414,0.76539963,0.82583743,0.94022495,0.99229723,0.88,0.88,0.65855837,0.73134196,0.93697226,1.0,1.0,0.59297997,0.83528763,0.5757405,0.68621355,0.59357077,-0.0007410553705750958,0.0003086895194578009,0.0005591635846513842,-7.04606004313079e-06,-0.005490210419446164,-0.0008600508957509548,-0.0011588152562166372,0.00188864274972466,0.012773857113375203,0.0005092922636786485,0.0007765368427447161,-0.0004322635112117959,0.010509933004619892,0.005632013289735176,-0.000204767999773062,-0.004765251744901851,-0.0008806275007206426
0.84920776,0.85869503,0.6993713,0.68538386,0.94,0.88,0.75608623,0.45400697,0.39655024,1.0,1.0,1.0,0.3215272,0.3215272,0.6357405,0.4916681,0.5780152,0.00020211531905452322,0.0002662160935856175,0.0005631892260030971,0.0017099687653612436,-0.00430973777846938,-0.0007070339345825316,0.0005534589161319055,-6.969181603546799e-05,-0.007636815428345164,-0.002770440260625008,0.00015927708101017512,-0.0013227742353850277,-0.03399422497368075,-0.007948185958311156,-0.0010352828668443647,0.00032902267320889287,-0.00046650574439468037
0.5252568,0.744903,0.7772655,0.94022495,0.94,0.88,0.6883087,0.16200684,0.15189454,1.0,1.0,1.0,0.12315773,0.12315773,0.33699048,0.3434862,0.31023735,-1.2216762474853496e-05,0.00012611854282830535,6.7665999097259175e-06,0.0015199251412943628,-0.003395797746034821,-0.0007743552990209627,0.0009095006440677064,-0.0005781135122590688,-0.012341442832307202,-0.0019904025680621295,0.0001841182738718603,-0.000868072319405353,-0.03368152441854932,-0.007281889430311943,0.0009885046576137762,0.0033231531179323515,0.0026217457176921756
0.89151543,0.9339215,0.37157565,0.94,0.36414415,0.8433489,0.88,0.60255843,0.83017015,0.93697226,1.0,1.0,0.67311096,0.6911768,0.59824055,0.620759,0.3902374,0.00035153048234699076,-0.00035779556901218974,-0.0007327274197879433,0.003399581840880797,0.005073201498109221,-0.00017288573907427184,-0.0006228175484263197,0.00039908403541858724,0.014505279675972762,0.0003251890455472762,0.0008097099535000546,-0.0005279335079419956,0.015280629517000273,0.0014042029942141687,-0.0003974253717475278,-0.002481534166058486,0.001283297380254785
0.7758395,0.79398036,0.75467396,0.8120528,0.8780431,0.88,0.88,0.5213585,0.5257562,0.93697226,1.0,1.0,0.882135,0.43191707,0.27949047,0.55439544,0.49134848,0.0006105814635725504,0.0004991286929261191,0.00041860108651026905,0.002570735321857014,-0.005092661100613838,-0.0008150267434811565,-0.0005475266213049823,0.00022920511786847666,0.0033230214150150672,1.5693369840764168e-05,0.00043501391188142605,-0.0005716903182169308,0.0393749225936878,0.004808681726902824,0.0001704794193058249,-0.0021690779151476575,0.0008219583531364462
0.53947604,0.22563997,0.8615217,0.94,0.94,0.9343218,0.02174236,0.56920683,0.48751822,1.0,1.0,1.0,0.39528504,0.39528504,0.5544905,0.560759,0.78357077,0.0019189600799465625,-0.0037943197849665887,-0.000560715704985499,0.002869114646391831,-0.004112759189175191,-0.0019803994982109238,0.0017674584882746978,0.00018488180402264216,-0.003942463667610132,-0.0024793295931230096,-3.799259628275292e-05,-0.0010979671461400942,-0.020411906573707096,-0.011527796625427307,-0.0001463096079646792,-0.002393060107709398,-0.005760353818453609
0.60573465,0.62737674,0.78748494,0.94,0.99229723,0.48775703,0.88,0.40095848,0.35311994,0.9169722,0.9169722,1.0,1.0,0.28631347,0.31449056,0.5153045,0.42134845,0.0009724916841978754,-0.0021577516904137954,0.00035060114443635987,0.0038791411669671532,-0.008400801923026188,0.00354273634098082,-0.0007602055542344225,-0.00013131956102862467,-0.0037224393409548474,0.00046412926918427375,4.333732928659424e-05,-0.0006450927860234259,0.04382282783887615,0.007057320609406237,-0.0001600413279130348,-0.0005131922514846908,0.001894225624450355
0.814301,0.800266,0.7281342,0.99229723,0.73878163,0.88,0.88,0.57055837,0.8322952,0.9169722,1.0,1.0,0.6748339,0.67886746,0.48324054,0.5598499,0.58690405,0.0012833687514589944,-0.0006724808477876617,0.0002973273318829014,0.002640192843067157,-0.0016358123445615333,-0.0009710751837328715,-0.0009719233968682134,0.001279634635721194,0.013663386868678384,0.0006001005463536856,0.0003874097520686387,-0.00041722092611357455,0.018062369676666395,0.0031115780334750247,0.00013581572854832875,-0.0018114231800915382,-0.00040785550167323463
0.9231587,0.9655172,0.29493153,0.2890329,0.2890329,0.88,0.88,0.6369585,0.60174793,0.93697226,1.0,1.0,0.4879037,0.92039365,0.6369905,0.5462135,0.6935708,-0.0005213288831420667,-0.0008660818169949589,-0.0030728470506707654,-0.005660738355267929,0.005121735798052438,-0.0003867812894353693,-0.00044603319675155697,-0.0010529850787618117,0.0046580254049952835,-0.000499094577838358,0.0005793235799855393,-0.0007469584908490125,-0.0070863271249962815,-0.00013574880590967508,-0.0011712742072465699,-0.00031673085881269905,0.0017362735486838297
0.87613076,0.54186964,0.57865536,0.9420575,0.5930844,0.88,0.88,0.64815855,0.6539902,0.9169722,1.0,1.0,0.53026235,0.845246,0.5057405,0.5043954,0.6802374,0.0007436402059438971,0.0015590808018284108,6.600416549634325e-06,0.00236596624853168,0.0012585736433848654,-0.0007663065390560296,-0.0011344778836264798,-8.665547577546978e-06,0.008600761981515145,0.0007724759798947062,0.0005550579071018141,-0.0006522056493824094,0.0033787523653760554,0.0056453557085612595,0.00016635026348696503,-0.0002105488853089825,-0.0010545751983707843
0.9231587,0.9655172,0.101180285,0.09915668,0.09915668,0.88,0.88,0.50015855,0.463299,0.93697226,1.0,1.0,0.37564784,0.91904813,0.56449056,0.4498498,0.44357067,-0.0014457708587096627,-0.0005919098380249226,-0.004161275719075312,-0.01415095837554342,0.011025864919657761,-0.0007716960714115437,-0.00034764390121613006,-0.00024360902343832972,-0.0021405104870555664,-0.0019135017318222148,0.00023655949341048566,-0.0007305411939038693,-0.017846794759009237,-0.0026845653385776636,-0.0005962348498191288,0.0005827447782606626,-0.0010210357902819993
0.6752568,0.60346764,0.71229124,0.99229723,0.9742972,0.88,0.88,0.4108068,0.35893226,1.0,1.0,1.0,0.29102615,0.29102615,0.37824053,0.6734863,0.47801515,0.0006715247358574167,-0.00043691341720334065,-0.00013778646781507407,0.0013537129799992735,-0.004266139990961339,-0.0010420885492134636,-0.000494017005049778,-0.00032890633393933236,-0.007052353558220258,-0.002597580527653177,0.00011049755196548122,-0.0007371650262810214,-0.029611406937225228,-0.00842654869419375,0.0008870111388469146,-0.004703967172886894,0.0010584736800894222
0.9231587,0.9655172,0.13837598,0.13560846,0.13560846,0.88,0.88,0.35400695,0.30596408,1.0,1.0,1.0,0.24807899,0.24807899,0.5969905,0.37803173,0.48690414,-0.0015692449010358712,0.0011534921560286645,0.0009091037551056896,-0.007968892255522645,0.007821222707856793,-0.0009366499709662509,0.00010825127066358228,0.0003901794889528499,-0.011184872163092257,-0.003079820361435921,-0.00033355491446086045,-0.0010580463626701719,-0.034375288764882724,-0.003439778253528371,-0.0007783759283633509,0.0024900122307505417,0.0002916072212450567
0.7258395,0.43138617,0.34801254,0.94,0.3410523,0.26040795,0.88,0.23240691,0.21113369,1.0,1.0,1.0,0.17118949,0.17118949,0.38699055,0.3571227,0.4191263,0.0015228457398080751,-0.0029195870455185667,0.001631841429895497,0.002534850483355746,0.006259199813864984,0.0126183556199145,-0.0003359176228244671,-0.001953330718286495,-0.016129274276217086,-0.0032351168351888583,0.00022566567762838787,-0.0011743943148149255,-0.046354532084223014,-0.00869594835113752,0.0014295818373902714,0.004679483218283678,0.0027267280526754147
0.922576,0.861538,0.6938433,0.9045379,0.5072649,0.88,0.88,0.33280686,0.29369316,1.0,1.0,1.0,0.2381296,0.2381296,0.6257405,0.4053044,0.37245962,-0.0002472103569170133,0.0001567175158215373,-0.00038330012007430645,0.0021117145991575133,0.0024439051024351625,-0.0008080628645540954,-0.0002699402309886392,-0.0011901515286005001,-0.011321597247025597,-0.0026127090551991143,0.00018410675446643205,-0.0007878842745922632,-0.040400076924277606,-0.008104625100843586,-0.0006399126283100563,0.0030253706322408325,0.003130366113505155
0.5601635,0.5167425,0.8391961,0.94,0.9433281,0.81621236,0.88,0.4917585,0.48360333,0.93697226,1.0,1.0,0.3921108,0.92039365,0.41949052,0.34166804,0.6935708,-0.0012949035832599454,0.0023995822998998583,0.0014793887935912224,0.0018578683129435295,-0.005446433053353458,0.0005627833388658656,-0.0023577067112639876,1.7508349683621542e-05,-0.00240328714754981,-0.00041606122572918004,0.0009244185621391297,-0.0004397605237717751,-0.01831653796332045,0.005907964660984184,0.0006375817884721346,0.003379712871543563,-0.0009873190144463813
0.82613075,0.8553936,0.7054303,0.74003506,0.94,0.88,0.7522566,0.54455847,0.747164,0.93697226,1.0,1.0,0.67568505,0.6613107,0.46199054,0.4116681,0.53134847,0.0007238529455732686,0.00019162776907584008,0.0009405960433987047,0.002184485781016106,-0.007242677551929326,-0.00025772501780947253,0.0012633610891317265,-1.2550435959720115e-05,0.011009635421440784,0.0005385620720377389,0.0006007764147744176,-0.0004908089813706407,0.015464557288141197,0.001965323047169737,-2.67904035309479e-05,0.0018564345859061688,0.00027695450408810366
0.9231587,0.9655172,0.43052992,0.42191932,0.42191932,0.88,0.88,0.645607,0.5544124,1.0,1.0,1.0,0.44952357,0.44952357,0.79074055,0.7680317,0.6069041,-0.000839306195683405,-0.0006198062670210226,0.00021717720612014372,-0.0008205744451617234,0.004237491143257436,-0.0011771408943175583,-5.309575392042571e-05,0.0006029988807220112,-0.0006389057664922486,-0.0032386518021196935,2.589943243541136e-05,-0.0008870963164082907,-0.01994409288561284,-0.002952225173677267,-0.0027635678138497183,-0.009447247955630851,-0.0011700261717139124
0.9231587,0.9655172,0.13011754,0.12751518,0.12751518,0.88,0.88,0.43615836,0.3772222,0.93697226,0.93697226,1.0,1.0,0.30585584,0.7007405,0.3880317,0.5135708,-0.0007614629198325118,0.0018382269221186242,-0.001930646585676113,-0.01261609785874928,0.012168887804304801,-0.0006221027523740639,-0.0003758623734244397,0.00034182989287266234,-0.0062167717262599535,-0.0004258608297277826,0.0011032673082072468,-0.0006347945260363008,0.05484311581119893,0.006486014389721944,-0.001259626200105473,0.002689339628957268,-0.00010264907967979287
0.92170197,0.87538546,0.64229846,0.94,0.94,0.77544713,0.77544713,0.49910995,0.43177634,0.6584483,1.0,0.6584483,0.35008892,1.0,0.46949047,0.47257718,0.575793,0.0017017812140193956,-0.0019240281962270942,0.0006802872606840301,0.0016115275329889435,-0.004607881021776633,0.0005706801371028376,0.0017624530275810624,0.0002150915836237276,-0.0014201760262045637,0.004589622127662131,0.0008555352028987073,0.008321498939017217,-0.017172597839027498,9.433944127056136e-05,0.00022603476301979428,6.341147040845264e-05,-0.0002148265213628339
0.66400963,0.79577017,0.754412,0.96716094,0.663326,0.88,0.88,0.51126134,0.44433272,0.4539741,0.4539741,1.0,1.0,0.36026978,0.58699054,0.39166805,0.48801517,0.0005861500771631108,-6.884603804563375e-05,0.0005414672419503238,0.0017619599245877055,0.00019038477960386387,-0.0003926604714165672,-0.0014018143407458334,0.0006829548154008714,-0.0007589140390343245,0.004807937519427752,-0.009726669317498802,-0.0007359172219590232,0.047155431940587356,0.00815728582629375,-0.00013404195208620225,0.002184363023152036,0.0007590689826897194
0.6477509,0.42842004,0.9048831,0.96716094,0.7617098,0.88,0.88,0.39655852,0.46144575,0.93697226,1.0,1.0,0.37414518,0.882135,0.5682405,0.48984987,0.31357065,-0.0002261929709043845,0.0037641890050398386,0.0015834962508283084,0.001995234594195389,-0.001221919103722595,-0.0010649734087887996,-0.0015742930455019922,-0.0001836108208687525,-0.0029840761709495926,-0.0015198260057454843,0.0003446424412038393,-0.0007914628701041299,-0.01768640045729083,0.007152461462856,-3.0008772742115916e-05,0.0004122414406805958,0.0014636379597437806
0.9231587,0.9655172,0.2537661,0.24869077,0.24869077,0.88,0.88,0.6181584,0.5731887,0.93697226,1.0,1.0,0.9141007,0.4550285,0.3582405,0.5389408,0.6435707,2.7433652825015346e-05,0.0026567608756852285,-0.000276319515658838,-0.009053371502212774,0.010278149408253983,-0.0005813799811455648,-0.00025016722285683247,-0.000443863141449866,0.0040643571229327016,-0.0007282414857069083,0.0005715514431975708,-0.0006062564121374039,0.03942429744267693,0.0044202336518748934,0.0015125857835916667,-0.0011862573791919704,0.0001810455877964262
0.7672731,0.7632302,0.8707975,0.94,0.8382191,0.6194941,0.88,0.7497585,0.8161661,0.93697226,1.0,1.0,0.66175634,0.79446024,0.70449054,0.740759,0.64134854,0.0010569760708104353,-0.00021246775408254146,0.0003550739874503847,0.0020527249148852037,-0.003609590592774226,0.002413737456282866,-0.0007348844135538198,0.003127038750033143,0.01245597398169279,7.85380314881292e-05,0.0007735779372038754,-0.0005981239817975542,0.014465588061882107,0.004214364614207411,-0.0005473526712059123,-0.007685408119973076,-0.002000525939216936
0.764301,0.81250554,0.7874305,0.9742972,0.8352978,0.88,0.88,0.5363099,0.4511397,0.9169722,0.9169722,0.9169722,1.0,1.0,0.62199056,0.3271226,0.7869041,0.00042361139371740244,-3.6670419504610336e-05,0.0015304061843297925,0.0027858940176132517,-0.002381428912028663,-0.0003734790579238287,-0.001793259640172265,5.673968861439538e-05,0.0008570097596094539,0.0007219959160668835,5.5194506563940765e-05,0.0013556243342866103,0.039269367683785014,-0.0059728536998147645,1.920071919793592e-05,0.001736176056647376,-0.0011394452135199192
0.61727315,0.62688017,0.8160261,0.94,0.96716094,0.6862055,0.88,0.41095847,0.6220788,0.9169722,1.0,1.0,0.7229743,0.56558484,0.5807405,0.32166812,0.56912637,0.00019271181376628283,-0.0008212198854403571,0.0006222766078901445,0.003984072905228682,-0.008017916806094967,0.0013851798431672325,-0.000922061969598961,-0.00015126218302634776,0.00695190509376465,0.0005915480249599624,0.0009840867059390354,-0.0008002828523032491,0.021990348356824622,0.004656224115272924,-6.667593896407043e-05,0.004058771278979258,-0.0007192570193283968
0.8175644,0.7719955,0.77925724,0.94,0.86448,0.8166729,0.88,0.35280687,0.3087718,1.0,1.0,1.0,0.2503555,0.2503555,0.3582405,0.32166812,0.78357077,0.0006617458132535363,-0.00019874866114034058,-0.00043804983259466984,0.001765114688027888,-0.0032762552656451184,0.0005399967176074091,-0.00025605565163139385,-0.000427593473223306,-0.010824627619530203,-0.002614064841891173,0.00035446717937944085,-0.0015378960521739483,-0.036574576742146335,-0.00975167173309671,0.0016813597098416836,0.005562150874870494,-0.003113119719409605
0.2554434,0.433635,0.8412255,0.94,0.9742972,0.81621236,0.88,0.123606876,0.121752016,1.0,1.0,1.0,0.098717846,0.098717846,0.12449038,0.34439528,0.32579294,-0.0016165531797759376,-0.00028287777829295294,-0.0008037603509406329,0.000402221809621906,-0.0034182605068163708,0.0002166641702409737,-0.0001379315343295634,-0.0008496227480782113,-0.012932081619613678,-0.002286740596573111,0.000207517097608471,-0.0007369873045669168,-0.038221629278485984,-0.008099420528818074,0.0019613176859133103,0.0033888582290270432,0.0022057263039935255
0.8293942,0.4261248,0.80473703,0.9476599,0.80838555,0.88,0.88,0.571207,0.4834055,1.0,1.0,1.0,0.3919504,0.3919504,0.6982405,0.49894083,0.7835707,0.0005055717975673018,-0.00037645183235367164,-4.41270628667958e-05,0.0002911864317994574,-0.0010835165769844481,-0.0012081091200059576,-0.00039241694848171665,9.469279897382546e-05,-0.0039055039146935816,-0.002939092613108971,0.00013737635694087286,-0.0015603767079860398,-0.027074602360189392,-0.007903843476035767,-0.0011987482946521823,0.0004291254505059789,-0.005145933032405061
0.15602608,0.5176363,0.8428371,0.85980326,0.94,0.88,0.36045814,0.18480697,0.16842496,1.0,1.0,1.0,0.13656078,0.13656078,0.5107405,0.31621343,0.26468182,-0.001129090398867025,-9.150008559709055e-05,-0.00017571822968797768,0.0016132125752010762,-0.004054733047521633,-0.00047579685690649396,0.002679481606896148,-0.00015805574263566636,-0.014078089624043088,-0.002185253714197088,-7.424360679049947e-05,-0.00041007568966396345,-0.03804398425935563,-0.009069260386754464,0.0001943474141731199,0.004069685820008632,0.0023668349323233947
0.9231587,0.9655172,0.34747598,0.34052643,0.34052643,0.88,0.88,0.63871,0.5446667,0.6756142,0.6756142,1.0,1.0,0.44162166,0.6919905,0.6125772,0.7313486,-0.00047754765454168923,0.00019173551576595962,-0.0010046833521212672,-0.003944973003044307,0.006326811383655162,-0.0003239623609698973,-0.00046354622580117004,0.0009368607722254993,0.0026971608444696475,0.003955967535977259,-0.003901157548561215,-0.0005800227669781987,0.045533785971432976,0.007291854972688472,-0.0008681949980419231,-0.0024196687326939214,-0.0011313894493021255
0.7752568,0.7556522,0.87409985,0.909952,0.9493393,0.88,0.88,0.53071,0.4517097,0.54207706,0.54207706,1.0,1.0,0.36625108,0.5519905,0.5343954,0.625793,0.0009448700609554759,-0.00012781373150815955,0.0003742380357749072,0.002357462873355794,-0.007310202180748143,-0.0010788616418155642,-0.000622474500072023,0.0015653281518937278,0.00010866032677471687,0.005545223768411434,-0.00808680148519965,-0.0006772664001410817,0.051293164179116085,0.007133885145632238,-0.0002712288931163926,-0.0018530000470645038,-0.0017958738798150955
0.91814715,0.7687495,0.71779466,0.9742972,0.94,0.88,0.527952,0.47695845,0.5280082,0.9169722,1.0,1.0,0.9034137,0.36976412,0.6719905,0.49712268,0.2069041,-0.001660527316648906,0.00033660535666986445,0.0007744690986152581,0.006847416965181611,-0.007167315582700549,-0.0006016072929836604,0.0016161453879481918,3.824289442722814e-05,0.0036890179787623495,0.0011593992589065147,0.00023290383853597142,-0.000798149914451338,0.04566933608537726,0.004827031597729664,-0.0007242511679001538,0.0008534380421077229,0.005987726661720888
0.72141063,0.5268383,0.85870546,0.8902408,0.94,0.88,0.37113243,0.32015845,0.76216847,0.9169722,1.0,1.0,0.6179744,0.58327234,0.35574055,0.5680317,0.13912624,0.0014813690568852287,0.0006373940488150322,0.0021881882457617206,0.00538135528316869,-0.006335651692294837,-0.0009291518180562618,0.0038867772433935337,-0.0010432927601880776,0.012907683165710894,0.0009507206153229838,0.00048585345183909556,-0.0007509039906744414,0.01191663629711417,0.005192179977969852,0.0001410677470953165,-0.003729596048232997,0.006442514016403076
0.9231587,0.9655172,0.34747598,0.34052643,0.34052643,0.88,0.88,0.6797584,0.57768273,0.93697226,1.0,1.0,0.92664975,0.49864054,0.73324054,0.6125772,0.7313486,-0.0005343806012245838,0.0023687504458917473,-0.00023980419550428592,-0.006695129402908268,0.006376694945377803,-0.00024620103723880696,0.0001221511859889019,-0.00032909292715115805,0.004551332780069025,5.261947699417655e-06,0.00048586527704710844,-0.00030492954063690943,0.041224092684203295,0.004672345155698021,-0.0011846493717517234,-0.002903215162819405,-0.0023027568761599298
0.9231587,0.9655172,0.44479293,0.43589708,0.43589708,0.88,0.88,0.75895846,0.7374821,0.9169722,1.0,1.0,0.59795845,0.87604874,0.65449053,0.69439536,0.81134856,0.00029105486939492195,-0.0005303999278037969,-0.0007913659066068968,-0.0005289553437519854,0.0019028782319023246,-0.0008778457801418618,-0.0007046960573731051,-0.0008728013637842118,0.011060018991355912,0.0007375786550741683,0.0008635001693668348,-0.0004224989449813013,0.007131980906851526,0.0028660558295993243,-0.0009034095755092583,-0.0017519268216984133,-2.8374710818337526e-05
0.9231587,0.9655172,0.36588004,0.35856244,0.35856244,0.88,0.88,0.64311004,0.54989344,0.63139063,1.0,0.63139063,0.44585952,1.0,0.5657405,0.53712267,0.78912634,0.0006151422673489506,-0.0018969271522492968,-0.0017947160896901392,0.000567727494612587,0.002481368463845625,-0.0005573306825077007,-0.0014675530402186714,-0.0005067092121602406,0.003476754835062944,0.004127060342384417,0.0006131912353587156,0.007214037824378647,-0.004159850746663695,-0.0008364154986862603,-0.000624258670301765,-0.00018950387746583487,0.0010980321707254764
0.7563174,0.80322796,0.8432553,0.9363606,0.90833646,0.88,0.88,0.38080695,0.33312336,1.0,1.0,1.0,0.2701,0.2701,0.33949053,0.5353044,0.5546818,0.00034027341449719903,0.0003167562427311176,-0.0004371591544698791,0.0004779409657779592,-0.002396664228872537,-0.0005734509004970162,-0.0004753984691510263,-0.00028238013958394823,-0.007753623058813119,-0.0026163855933271684,9.550080804998168e-05,-0.0009897840353069525,-0.030732008376163876,-0.007120345704286764,0.0012177038678302659,-0.001184823608385232,-0.00038158182108852966
0.9178558,0.7374652,0.88930696,0.8715208,0.94,0.88,0.8836999,0.5561584,0.6732177,0.93697226,1.0,1.0,0.87277627,0.45985228,0.7082405,0.45257714,0.4513485,-0.0003766393292281681,0.00013005313012052068,0.0007247117910278244,0.003346939479187013,-0.006985362674301098,-0.0008393153155972074,-0.00035069719258814706,0.00048051100553423516,0.009449069631744382,0.0002834327048498934,0.0003385620235741782,-0.0008015516291858354,0.036793318480436994,0.008064731981218515,-0.0005537369187824802,0.000980668774275721,0.0011563877979290419
0.7989164,0.89430994,0.45793012,0.94,0.44877154,0.7973995,0.88,0.59935844,0.51271385,0.9169722,0.9169722,1.0,1.0,0.41571394,0.77699053,0.6662136,0.57245964,0.0004272243569801904,0.00024318764747230422,0.0003631287751809879,0.0028748656400490852,0.003061051075969623,0.0008577357996685147,-0.000847454888827348,0.0009278075370715555,0.002459706102797635,0.0004875516470949666,-0.00010807116808951015,-0.00046920247293519567,0.04811937029017201,0.008201548914857056,-0.0015179419854333576,-0.00419336650195222,-0.0005793857500027949
0.5793943,0.57059574,0.76677805,0.7514425,0.9301868,0.88,0.88,0.6032069,0.51652044,1.0,1.0,1.0,0.41880038,0.41880038,0.56699055,0.710759,0.7735708,-6.29440578507524e-05,-0.00048679179618305225,-0.00025940960659164345,0.0008697826788954337,-0.004059702132525991,-0.0011421796857096012,-0.00031707332134546843,0.0003241968614178624,-0.0009698910425699056,-0.002750183205111758,3.607844714212646e-05,-0.0009762133237647152,-0.02075928879792739,-0.005208015679284162,-0.0003613464261991359,-0.007206068323932296,-0.004238478745530726
0.38708663,0.6557171,0.7866522,0.94,0.73911226,0.5206318,0.88,0.34215844,0.46711677,0.93697226,1.0,1.0,0.37874332,0.8261404,0.29199052,0.2771226,0.42023733,-0.000784460346222579,0.0005784566256788758,0.00022411867114324315,0.002428827689987681,-0.0016063940867241885,0.006433626640041396,-0.001103972191410355,-0.002113503654249176,-0.0017639327531014457,0.00041703259919355693,0.0006441665857042678,-0.0002738709033256792,-0.014035908335229908,0.0012651797657955474,0.0021834896322218567,0.0042529572306400495,0.0010815344308999204
0.90276253,0.8529827,0.73494405,0.94,0.9742972,0.9343218,0.88,0.74015844,0.7125584,0.9169722,1.0,1.0,0.57775,0.8628027,0.6569905,0.6725772,0.7313485,0.000888528896593026,-0.0009682422059844821,0.000906418824109483,0.0011513129582991393,-0.005201460879157115,-0.0013517408542781126,-0.0006372128209456088,0.0023116205753973356,0.01056921179160533,0.0009123939432707328,0.0011994306237283923,-0.0007518643669361985,0.0040091592086825755,0.006351047326503752,-0.001079653800944694,-0.004871097670531868,-0.0026871886750171746
0.61727315,0.62688017,0.8160261,0.94,0.96716094,0.6862055,0.88,0.38566148,0.3410367,0.5246136,1.0,0.5246136,0.27651623,1.0,0.5807405,0.1998499,0.5402373,-0.00031602040751456053,0.00289180664562255,0.0013626070388330655,0.00014379366356408256,-0.004648469410602461,0.0010688477460205866,-0.0011036032309757462,-0.0008337309852210284,-0.006983877845919555,0.0042609481307935735,0.0007482600977143718,0.009845467519855882,-0.024414285012780354,-0.0021239071402456866,-0.0003513035689070688,0.0029765346269272604,3.977331941154153e-05
0.52939427,0.6583782,0.84689593,0.829958,0.9049155,0.88,0.88,0.49895835,0.5203573,0.9169722,1.0,1.0,0.80047506,0.48535305,0.24824047,0.49621347,0.5146818,-0.0002441294826421626,-0.0012771900330144576,0.0007278579389308374,0.002921481099383333,-0.0066368317415739075,-0.0006113777728768584,-0.0007768802256259158,0.0002973974318573508,0.002210929937706111,0.0006676937077163727,0.000780303248544808,-0.00036927490274431485,0.031094124883929108,0.003456141003868619,3.721542590265513e-05,-0.000820148183140679,0.00043627311987582545
0.914301,0.85880697,0.68468994,0.94,0.9742972,0.7562161,0.88,0.3497583,0.30881077,0.9169722,1.0,0.9169722,0.2503871,1.0,0.5019905,0.5125771,0.3335707,0.0009008886198992087,-0.0008019320661104634,0.0009486661838074825,0.0032643259152612476,-0.007528112839707437,0.0012285774962974313,-0.0013642365370026377,-0.0003515894474889238,-0.012469308316447169,-0.0003664351854337691,0.000739287298723723,0.0012951772680888122,-0.031074934905166288,0.0018997054023183813,0.00023667993461723067,-0.00012690193809605102,-0.0010167234669060884
0.922576,0.9137103,0.6404581,0.94,0.61502904,0.8199039,0.88,0.61095846,0.49918687,0.9169722,1.0,1.0,0.9381185,0.4581621,0.5132406,0.5580317,0.6380152,5.376080244301926e-05,0.0010724157664712371,0.00012995824638317068,0.0020020181188231526,0.0020229592554107073,0.00024389081351841577,-0.0003438026420765479,0.0008740702518495318,0.0021274323767446254,0.0006559854083014903,0.0009722224459248499,-0.00017733733636594306,0.044948239475766885,0.005716523324982151,0.00022883020629328312,-0.0015437272668075437,-0.0011545290928303067
0.69005877,0.94290984,0.94917023,0.94,0.9742972,0.85377544,0.88,0.61655843,0.85133535,0.93697226,1.0,1.0,0.6902719,0.6916209,0.8382405,0.39894086,0.42912632,0.0002590176818534924,-0.0018121213100931305,0.0009075695670351568,0.0021316090044619738,-0.00657811126864001,-8.68839661119096e-05,-0.0011348513623771171,0.0012634076216505854,0.01598872948933258,1.5474433492807474e-05,0.0009432855238173005,-0.0008561951486064412,0.016459651970253775,0.001982600770181653,-0.0020803397350021065,0.0019941163515473093,0.0012368924326354325
0.8379606,0.65883225,0.73224294,0.94,0.94,0.75249696,0.5398188,0.5797585,0.57283753,0.93697226,1.0,1.0,0.9034137,0.45881236,0.46949053,0.6262135,0.5335707,9.57401278364446e-05,-0.000995520893937079,0.0004042633508124743,0.00474423542093887,-0.006293060680497068,0.0011883457638635618,0.001902065939542117,0.0007644293613736944,0.005402724084939006,0.00023904022355108133,0.00033890494635609164,-0.0010050005267392636,0.040279489400316,0.003620557874383305,0.0001428917307799527,-0.005040241279040525,0.00023738491656241387
0.9231587,0.9655172,0.19432083,0.19043441,0.19043441,0.88,0.88,0.5221585,0.7306269,0.93697226,1.0,1.0,0.8288836,0.52693903,0.6069905,0.60894084,0.39134842,-0.0012072459010278257,0.0015950931975357327,-0.003048990353639246,-0.014392291161573754,0.013082862886286113,-0.0009066984918242771,-0.0002897734214860753,-0.00023674104790575326,0.013415656547239701,0.0001590572373545905,0.0004684197786680162,-0.00044237830145957833,0.03438007968175871,0.003862072299778591,-0.00033897023910570145,-0.0022559165362306664,-0.0005451010765932207
0.9231587,0.9655172,0.5205018,0.5100918,0.5100918,0.88,0.88,0.757607,0.6378298,1.0,1.0,1.0,0.5171593,0.5171593,0.7657405,0.85803175,0.80245966,-0.00010552884148280085,-0.0005456141829330847,0.00017561079352587715,0.0012890490833213633,0.0026025795526570215,-0.0012974208898750472,-2.5539987990311346e-05,0.001508801829871678,0.006526408570003116,-0.002745068132013402,0.00014877438771747714,-0.0010046123459120067,-0.0052062701674122636,-0.0011666854599910244,-0.0025999204033115837,-0.012751972888313074,-0.005349365976047983
0.9231587,0.9655172,0.2044166,0.20032828,0.20032828,0.88,0.88,0.46895844,0.40768984,0.9169722,0.9169722,1.0,1.0,0.33055934,0.50449055,0.53257716,0.60468185,-0.0010417176099134018,0.00245356838002157,-0.0004884568590828638,-0.011143094918690475,0.011052616805357325,-0.0010178445687207232,0.00011369210348720635,-5.7049136367030625e-05,-0.0027268217393968774,-0.00023982156492365406,0.0015888304328397545,-0.0007715076926175699,0.05520196488090046,0.005070460144140759,0.0002877112259486897,-0.0008773426343585788,8.708646674296533e-05
0.9231587,0.9655172,0.096160166,0.09423696,0.09423696,0.88,0.88,0.5241585,0.52372724,0.9169722,1.0,1.0,0.42464373,0.8655786,0.38574052,0.351668,0.72357076,-0.001094377131242919,0.000533402005475924,-0.002392628128026621,-0.012496972072859453,0.010615916754287393,-0.0008873819704242733,-0.0006202682730896297,-0.00024165930391560012,0.0006341104517281401,1.4423775602708486e-05,0.00024490010636307497,-0.0003234306055310587,-0.009999581690849555,0.0010522091313768477,0.0022869477899985077,0.002308350573755473,0.0021024815985624026
0.9231587,0.9655172,0.1369839,0.13424422,0.13424422,0.88,0.88,0.39840698,0.34911257,1.0,1.0,1.0,0.28306425,0.28306425,0.53574055,0.5534862,0.41134846,-0.0016754173193494052,0.0009201180492258179,0.0006756125739549436,-0.008232347703692926,0.008139787939149306,-0.0008156167287795795,9.273920774694144e-05,0.0003146616369336927,-0.010735544704420058,-0.002954805376559685,0.0002690396690424726,-0.0007840087875943596,-0.03225633356172722,-0.004456316520524225,-0.00026174117674538483,-0.0013167362696825235,0.0012744507809876585
0.65101445,0.2437144,0.8940087,0.94,0.94,0.8199039,0.5635914,0.19200684,0.17977512,1.0,1.0,1.0,0.14576362,0.14576362,0.28199053,0.4916681,0.2357929,0.0001124773134464869,-0.00022712244017685792,-0.0001455031255227356,0.001415875243853401,-0.003021096155292704,0.00034641264387432727,0.0015205243244255195,-0.00036833215129885536,-0.010683904935377426,-0.001761280947172744,0.00029069906134684655,-0.00039535348606536567,-0.03082686993616373,-0.008734582870323734,0.0007150352122700754,0.00042987642873087804,0.0032261024886027284
0.15899818,0.36477852,0.85670185,0.94,0.94,0.2947134,0.1831431,0.2909584,0.75993073,0.93697226,1.0,1.0,0.61616004,0.60038906,0.2819904,0.30348623,0.3080152,0.00016018575371956937,-0.0016480666515445628,0.0012914429313378778,0.005873778987446215,-0.007113029170045511,0.002700694367895204,0.010244392324554772,-0.0008678643831244051,0.008558307126684544,0.00014494839178868035,0.0006036064842054366,-0.0007962895755447419,0.009365969971584101,0.003227366738596251,-0.0004394138224662126,0.00464580083431011,0.003227714200521853
0.92170197,0.91387534,0.52287406,0.99229723,0.4786222,0.88,0.88,0.6077586,0.6236318,0.93697226,1.0,1.0,0.91011345,0.46624133,0.69199055,0.36166808,0.7080152,-6.437030827388782e-05,0.000821762303476115,-8.754952732287231e-05,0.003009661620625886,0.003282150655272618,-0.00040220362831003596,-0.0010473808231176822,0.0004829425997316065,0.006106233568536365,-4.8864453200200504e-05,0.0007866873472531638,-0.0006255198922900183,0.03482812700421953,0.007919127706427992,-0.0007951375299582027,0.0026044761108576426,-0.0021964124601703437
0.9107462,0.85539395,0.7293898,0.71480197,0.8857861,0.88,0.88,0.38280687,0.32966352,1.0,1.0,1.0,0.26729473,0.26729473,0.58449054,0.46984985,0.46912616,0.0002545929333417251,0.00016079763827216972,0.00012782701022230164,0.0013800053605963558,-0.0032977409909281776,-0.0008444514690675146,-0.00020057731670533905,-0.00026126059425390024,-0.007988789609634464,-0.0019426899009763578,0.0002590997712481656,-0.0004793559627025201,-0.03266210365524197,-0.0064915725905147605,-0.0005679408889614282,0.0005623750404199754,0.0005324005696966589
0.90690005,0.9763592,0.6264132,0.99229723,0.60746866,0.88,0.88,0.96975845,0.8703121,0.93697226,1.0,1.0,0.70565844,0.9049423,0.8907405,0.9071227,0.7291263,0.0009325196319123143,-0.0018799488783831663,0.0004422574234163144,0.0016044793615901708,0.0004736192338739189,-0.0009164426596538003,-0.0004541226918065039,0.004396867336834466,0.016156075088240174,0.00012304215620200269,0.0010458951265607385,-0.0007734587143743149,0.020126524260385033,0.0013987047876002161,-0.002563794044491474,-0.010403642733749179,-0.003087234390868976
0.4675645,0.52683794,0.8567542,0.89401305,0.9742972,0.88,0.88,0.19495834,0.48459283,0.9169722,1.0,1.0,0.8065308,0.346566,0.32449055,0.4062135,0.029126167,-0.0005418804988141305,-0.002094835485549749,0.0016140534826762384,0.005020300172443973,-0.010226100391747739,-0.0005498139117080041,-0.0007630227370702333,-0.0008094271948689573,0.00024281994721210828,0.0007766274399105652,0.0003346670941219092,-0.0005834342227769324,0.0321355332486054,0.003272113277108307,-0.00035282891677997785,0.0026833897321551984,0.00769959884376126
0.67053664,0.77704376,0.7952484,0.94,0.7492579,0.7315363,0.88,0.5820068,0.49832764,1.0,1.0,1.0,0.40404946,0.40404946,0.73324054,0.6798499,0.56134856,0.0010418900546097262,-6.058028397455777e-05,-6.688529211016278e-05,0.0018674178076790893,-0.0014264513548525532,0.002786104910613709,-0.000502838209922061,0.0006757574202129682,-0.0020174563887528705,-0.003079184755716357,0.000286619350616521,-0.0010693224767941351,-0.02407721931144944,-0.007634393097457179,-0.0018366432520218847,-0.00708901423504241,-0.0005913076721691349
0.90276253,0.8529827,0.73494405,0.94,0.9742972,0.9343218,0.88,0.7181584,0.8307383,0.93697226,1.0,1.0,0.7340271,0.7062126,0.6569905,0.5962135,0.63801515,0.0010859637750692736,-0.0004794282730746928,0.0008186541368045003,0.004038948355210224,-0.00650478703415418,-0.0008949003813139497,-0.0008040123046599893,0.0015491494717240477,0.012821157631307471,0.00028908626282024905,0.0007360884383510771,-0.0008041066146863452,0.021177407296208622,0.003750881314249881,-1.2918232762969962e-05,-0.002344863548794046,-0.0010385789324291678
0.52141064,0.65408564,0.81854767,0.94,0.8135969,0.51873934,0.88,0.46175843,0.78303677,0.9169722,1.0,1.0,0.63489467,0.6204723,0.42824048,0.33984992,0.43912622,0.0002497238483136183,-0.00018839934766191272,0.0008157856457654142,0.003539737728893747,-0.002413083881007206,0.0025312825605307452,-0.0010432378148643303,0.0002474396312191322,0.011282322812519601,0.0004710661189429186,0.0006208338637577812,-0.0004538979123624665,0.010138690383959714,0.0025298296343274555,-0.000260743066018517,0.0032090612874346057,0.0012457764329733972
0.7876693,0.85880697,0.7441995,0.7293155,0.94,0.88,0.7562161,0.5549585,0.6684466,0.93697226,1.0,1.0,0.5419837,0.7943818,0.5969905,0.4562136,0.5624597,0.0010633506694661525,-0.0010028338931583366,0.0016740894705461929,0.0017071014577645573,-0.0061271561742083916,-0.0010216737600726785,0.001805298732783396,-0.00017884904173412426,0.01122032992763736,0.00030054902266167896,0.0005354508765223209,-0.0007987144235487408,0.00574467321469294,0.005021641330021756,-0.00036116483965833735,0.0006559207768464223,0.00043127113331628894
0.9231587,0.9655172,0.19629641,0.19237047,0.19237047,0.88,0.88,0.5609584,0.55928105,0.93697226,1.0,1.0,0.45347112,0.8794391,0.44199055,0.5289408,0.40134844,-0.0014939406231722421,-0.0007696509448382186,-0.0034348093915177224,-0.011165999561645781,0.009721284064608787,-0.0006834555328965661,-0.0006021663234584912,-0.0002355897546320267,0.001987590740149468,-0.0013020540033277484,0.00042229585504868756,-0.0005537141755784291,-0.010676794413866186,-0.0006736503909848444,0.0009005139601072715,-7.549478614893121e-05,-0.001758212537094734
0.9231587,0.9655172,0.18971875,0.18592438,0.18592438,0.88,0.88,0.42640695,0.37031385,1.0,1.0,1.0,0.3002545,0.3002545,0.3957405,0.43348625,0.8024596,-0.0010786350066612853,0.0010158312246690917,0.0007155699774931054,-0.005833777573540954,0.006512198660875494,-0.000821224803134754,1.5285304271262998e-06,0.00023128554609595125,-0.008095440651939777,-0.002757821843742923,0.00011485498506971781,-0.0013453157401155519,-0.028908547245368985,-0.006535244813940688,0.0013131823781536165,0.0020907011523122383,-0.0033578583960061476
0.7296856,0.7449196,0.86690027,0.94,0.7155985,0.75249696,0.88,0.6249585,0.5995383,0.9169722,1.0,1.0,0.48611215,0.882135,0.6569905,0.57439536,0.346904,0.001229884248937157,1.276928768790148e-05,0.0016210304448131345,0.0029185849511587348,-0.00019892573381450384,0.0015133209914123366,-0.00142090609851439,0.0005007948983742192,0.0071530839916468855,0.000496093471596626,0.000853888566901807,-0.0009088358095441585,-0.004734233155511568,0.00043136704684810736,-0.0009481993557339075,-0.001758248859676896,-0.00017957118204715814
0.9231587,0.9655172,0.0840901,0.082408294,0.082408294,0.88,0.88,0.4117585,0.7552226,0.93697226,1.0,1.0,0.61234266,0.6558413,0.6794905,0.35803163,0.3713485,-0.0010921073883756096,-0.00044189034552469876,-0.004290385082106179,-0.014160560143887467,0.01346207026530013,-0.0009551137470824406,-0.0005558961989365861,-0.00025693704650815453,0.015244711794608259,-0.0009450436092411508,0.0005343714138336186,-0.0007408788805526845,0.011510357506630486,0.0016881664673079574,-0.0014597472046663034,0.002259971443951549,-0.00109592881876957
0.7439049,0.6334749,0.81216455,0.94,0.8055859,0.7833149,0.88,0.45000687,0.39270756,1.0,1.0,1.0,0.31841153,0.31841153,0.45074052,0.7071227,0.49468178,0.0006056030512969438,1.6967195840834217e-05,5.466109698764205e-05,0.001491173681685891,-0.002016090359140385,0.0009964143174981096,-0.00034706684184759417,-0.0002769005669042682,-0.006568193786762303,-0.00278227379247433,0.0002151569466393192,-0.0017771667484956324,-0.029547127458783153,-0.007624431677161609,0.0006803211488084135,-0.005350053402666337,0.000602304856706711
0.87613076,0.7439484,0.80873865,0.94,0.94022495,0.78728664,0.88,0.5301584,0.824037,0.93697226,1.0,1.0,0.6681381,0.69243,0.45074052,0.6625772,0.49579293,0.0013162299526931751,1.101996204877912e-05,0.0008256350712298134,0.0028072052711453823,-0.006017136735427589,0.0002182225726749372,-0.0007594335593232335,0.0007300086699574073,0.011830857444961857,1.9489623385183717e-05,0.0004702314864780499,-0.0004857732987042648,0.014616982394257549,0.004060780084678703,0.00016066099253748696,-0.004781951287252927,0.0007587719410164393
0.91814715,0.7855905,0.80904937,0.94,0.909952,0.9343218,0.88,0.44680703,0.3874025,1.0,1.0,1.0,0.31411013,0.31411013,0.7269905,0.6053045,0.40134853,0.0004630319067692669,5.260154796367402e-05,5.078408621155403e-05,0.0012935152877174539,-0.0031666102647763335,-0.002014416323881955,-0.0001421347104681947,8.117426928372345e-06,-0.0061564364465966324,-0.002208352430615029,0.00025157926452381896,-0.0004222500550552019,-0.03141804345715772,-0.006120922577548267,-0.0015850672641975153,-0.0034025403781586462,0.001587191403765152
0.5947789,0.70785475,0.74129534,0.9742972,0.77375364,0.88,0.88,0.3693585,0.44797015,0.9169722,1.0,1.0,0.36321905,0.89083815,0.3582406,0.33803168,0.48468176,-0.00015665198687389643,0.0007602208300798985,0.0006933496211772752,0.0031720902792305643,-0.0026446529695859132,-0.0006056324274279843,-0.0015385964109660244,-0.000574563826185196,-0.0033630791357066882,-0.00020605971165255172,0.0008063958248330365,-0.000563667293108901,-0.020562159962798355,0.0024675455804457954,0.0011555120802370696,0.0029356088519097725,7.725515386117026e-05
0.8030539,0.85880697,0.748605,0.8597547,0.73144037,0.88,0.88,0.29720697,0.26607007,1.0,1.0,1.0,0.21573249,0.21573249,0.5619905,0.29166812,0.52245957,0.00047926119957138836,0.00012844557779557303,-0.00028660255465780347,0.0014140091584298716,-0.0006048424233345794,-0.0011134813777551784,-0.00028417749371622864,-0.0007283850529565634,-0.011893228831407641,-0.0024734356649610293,0.0004447237384021559,-0.0013253263289040107,-0.040869713879026576,-0.010093268793244731,-0.00022210423530176019,0.005386579258384212,8.943191417950359e-05
0.8530539,0.68607277,0.8064409,0.9742972,0.8696024,0.88,0.88,0.47255853,0.6642765,0.93697226,1.0,1.0,0.5386026,0.7423457,0.4494905,0.370759,0.5491263,0.0010276610391450067,0.000939694543556535,0.002125738078621912,0.0028495439363356244,-0.003667017683467335,-0.00044442832204551024,-0.000849498249619465,2.8934414675268557e-05,0.008954885952025803,0.00018530824800626352,0.000878350706161326,-0.0011715486536497065,0.0009722099026337838,0.0028800389263476025,0.00011317150576831737,0.002036077538366415,7.750039965746203e-05
0.67939425,0.7755932,0.8417247,0.82489026,0.94,0.88,0.5799126,0.3880068,0.33756584,1.0,1.0,1.0,0.27370203,0.27370203,0.57449055,0.4971226,0.45690408,0.0006419728658811744,0.0002473627817446273,0.000271783905878412,0.0017216878120461065,-0.0038888399493695164,-0.0006902082879800399,0.0021232673357259877,-2.918368197613909e-07,-0.009394041352211713,-0.002468276547667096,0.0001365836015135085,-0.0011255358597656783,-0.03170158477711813,-0.009408331124630125,-0.00045397627251271674,-2.2935238614609083e-05,0.001001139964294519
0.86843854,0.7670435,0.716094,0.94,0.6996066,0.8199039,0.88,0.25600693,0.23145753,1.0,1.0,1.0,0.18766826,0.18766826,0.28824043,0.48075894,0.36468187,0.0005373161327536715,-4.472754011813983e-05,1.6882275305378218e-05,0.0022910582857530643,-0.0010681356397389736,0.0001753905216538479,-0.0003251361514286872,-0.0008469368890993141,-0.010909244975136305,-0.0020168254346017633,0.00043856455084009496,-0.0009162864457574727,-0.034412492458836146,-0.006884018026926418,0.0016089408124147842,0.0005441347678079534,0.0017324700303825553
0.9178558,0.7296301,0.916345,0.91754854,0.84429127,0.88,0.88,0.403607,0.35281852,1.0,1.0,1.0,0.28606907,0.28606907,0.73324054,0.3698499,0.56357074,0.00020246203447261025,-8.57781035851256e-05,-0.0004039918702224115,0.0019505222504214348,-0.0023640692488779568,-0.0005289935040200834,-0.0003315572446100385,-0.0002996419271629214,-0.007856850401946102,-0.0022844010465097923,-4.816795221139814e-05,-0.001185970100895477,-0.03260641450980239,-0.007182130297169132,-0.001392216604915099,0.003262437283068907,-0.00022311163296490668
0.9231587,0.9655172,0.23391594,0.22923762,0.22923762,0.88,0.88,0.65255845,0.81791157,0.9169722,1.0,1.0,0.75094974,0.6482513,0.6894905,0.7289409,0.36690405,-0.0013132992393238858,0.0006233554513130964,-0.0029759868438429472,-0.011505750208221541,0.01034589291343699,-0.0002875998129065655,-4.034448072861298e-05,-0.0007366407973173399,0.015708094383158636,0.0006375663734393137,0.000775886055755804,-0.0006707453212967584,0.023711924058421187,0.002385156369910551,-0.0007120580743570504,-0.0033263583214584946,-0.00018586644236473607
0.9231587,0.9655172,0.23229145,0.22764562,0.22764562,0.88,0.88,0.6241584,0.86083823,0.93697226,1.0,1.0,0.69797695,0.71110594,0.68574053,0.5234863,0.67245966,-0.0006500313737109281,0.0011101191189355681,-0.002309599662788559,-0.00969126791493603,0.009358320349231173,-0.0006710113781227733,-0.00032035460192460767,-7.081107468357493e-05,0.015791758284563497,0.00045146211890116064,0.0008305653092581364,-0.0003974842777907936,0.02021069752022436,0.0011445955677054662,-0.0008031732058516352,-0.00018487321061135431,-0.0006811178373672864
0.8989164,0.87916917,0.72126865,0.94,0.69929415,0.77983624,0.88,0.4841585,0.5395368,0.93697226,1.0,1.0,0.9141007,0.37961313,0.63949054,0.42803174,0.3746819,-0.00019277932156935515,0.0007287525549470772,0.0005701206089112482,0.003698092879186004,-0.00040960482001146324,0.0010422652851211035,-0.0006822547676972623,0.0003342977212038539,0.0033882047857731277,0.00047194817884196915,0.0004743267820840544,-0.00047868653095034964,0.04046125771157642,0.008045504931139109,-0.0005647111974643077,0.0013011681120089224,0.0018257089250381603
0.9231587,0.9655172,0.27196795,0.26652858,0.26652858,0.88,0.88,0.6109584,0.7196436,0.93697226,1.0,1.0,0.58349484,0.78044164,0.4057405,0.6443954,0.56245965,-0.0004873512171266856,-0.00011012625592694745,-0.0018538088653695373,-0.006898478508902888,0.00662549290223693,-0.0007204190253473644,-0.0004947165009636374,-0.00029680808344379996,0.010927662988865222,-0.00030309019434784733,0.0005465959375828213,-0.00047627433906024977,0.003156715846870998,0.001788738340318018,0.0015298527717919222,-0.0020181376551067463,-5.977908151053816e-06
0.0829491,0.530268,0.56901675,0.9742972,0.94,0.88,0.37511092,0.2049585,0.2512958,0.9169722,1.0,1.0,0.9298423,0.21411152,0.27949047,0.42712262,0.07357078,-0.00042973000545913214,-0.0029038201719384965,0.0006819407375300112,0.007476404220260068,-0.009772471731532631,-0.0012661963042066965,0.0074220825733672035,-0.00034503047760997373,-0.012736148559967844,0.000851832511009215,0.0009311222981459763,-0.00013981113944087293,0.0482830983228937,0.0010008184986026627,0.0002966238393183556,0.002256542653307627,0.007573254001813665
0.9231587,0.9655172,0.49097404,0.48115453,0.48115453,0.88,0.88,0.8201585,0.7927243,0.9169722,1.0,1.0,0.81605154,0.6988953,0.6769905,0.6943955,0.8802374,-0.00034318293655339005,0.0018152540617983434,7.807952818903587e-05,-0.0026338523027378924,0.00287746747527029,-0.0008741050317614637,-0.00027598686743428346,0.0007167261541401368,0.01088860385165833,0.00041986911287867924,0.00040366264808914,-0.00046080846134932343,0.027791759768529496,0.0040137029461798585,-0.0007865853821224575,-0.003766500901434813,-0.004755860989651682
0.7439049,0.6334749,0.81216455,0.94,0.8055859,0.7833149,0.88,0.6477585,0.5632193,0.9169722,1.0,1.0,0.911922,0.47560248,0.42824054,0.7071227,0.49468178,0.0005053762710263564,-0.0018253572218615132,0.0007451181892229916,0.006310955216941505,-0.004990855631876909,0.0007889571246141458,-0.000314132546742297,0.0009711203590461408,0.00485849399825649,0.0004471821163613561,0.0007589700214328033,-0.0003509404410289193,0.04161388342806303,0.005409120133523918,6.79987599111265e-05,-0.00627637818832453,0.0008392699698827967
0.9231587,0.9655172,0.19626373,0.19233845,0.19233845,0.88,0.88,0.40120697,0.34934324,1.0,1.0,1.0,0.2832513,0.2832513,0.6044906,0.57439536,0.3713485,-0.0017715350159009052,0.0008685582139020955,0.000987181086191725,-0.006900081985071258,0.007552682919770327,-0.0007537445003214341,0.00022405071409385905,0.0002472285736102323,-0.008969298001554223,-0.0027923685757933274,5.6583446501328434e-05,-0.0011691529686654316,-0.02932380059391269,-0.003973468301806454,-0.0008820891423210619,-0.00196853960536607,0.0020512494390823237
0.82082796,0.077220045,0.68141747,0.909952,0.802858,0.88,0.88,0.32320687,0.28789347,1.0,1.0,1.0,0.23342714,0.23342714,0.09199047,0.4971226,0.6613486,0.0006859727180259161,-0.0014425353881290326,0.00015364695796725016,0.0012819894318095064,-0.0011304569032067843,-0.0007202734497697215,-0.0005551486358850633,-7.696331267521658e-05,-0.01019084400580243,-0.002552433187534229,-1.3255175827291826e-06,-0.0013839404520370323,-0.030571133316826864,-0.009344204937191531,0.0024066081756817176,0.000105167509449837,-0.001683074199325707
0.15602608,0.5176363,0.8428371,0.85980326,0.94,0.88,0.36045814,0.3469584,0.51036435,0.9169722,1.0,1.0,0.41380894,0.8123728,0.5107405,0.31621343,0.4069041,-0.005507276011353515,0.002145879311612873,0.002214832348422894,0.0025414186711886777,-0.0047892535800458215,-0.0009700765465412164,0.013581949319135408,6.388794076794095e-05,0.00200135563639728,0.00042801724910901,0.0006758228473562166,-0.0009326264715404082,-0.008798491946482976,0.006105093268328575,7.329481142928092e-05,0.004639098196055711,0.0004453875910640337
0.9231587,0.9655172,0.17399202,0.17051218,0.17051218,0.88,0.88,0.4444069,0.3863283,1.0,1.0,1.0,0.3132392,0.3132392,0.6044906,0.4053044,0.6413486,-0.001580697310916385,0.0013174717002241798,0.0008297261159194457,-0.006990528110921724,0.006578645642995335,-0.0010682488831629435,9.37104973199444e-05,0.00011966411794994134,-0.00782546851918993,-0.002686744831031203,0.00018232622750088273,-0.0010073139934778054,-0.02925851479065157,-0.004877659997682051,-0.000795661059557539,0.002612301912344891,-0.0009247734561609891
0.91400963,0.7337685,0.7894857,0.99229723,0.9301868,0.88,0.88,0.4672068,0.4026978,1.0,1.0,1.0,0.32651174,0.32651174,0.54574054,0.50075895,0.7991263,0.0006000719653749422,-0.00018832966115015656,-0.00048379768974692717,0.0007052032819757923,-0.003418628229216599,-0.0005953459414776413,-0.00027139718341072746,-0.00018932255315752818,-0.007439211153133611,-0.0019255266941508695,1.6963754220538363e-05,-0.0007214275740490639,-0.030147260705356498,-0.008176549981572164,-4.802968409931647e-05,-2.4192332038061557e-05,-0.0039007323846321183
0.8219933,0.85428894,0.3529327,0.94,0.34587404,0.7509752,0.88,0.54455847,0.670981,0.93697226,1.0,1.0,0.54403865,0.7734916,0.34574044,0.54348624,0.5335707,0.00032154214927876954,-0.00019655198514078942,-0.0004335917074866304,0.0023303588519109483,0.005530556063451975,0.0013125344856919035,-0.0004230560034482271,0.0003428137803010458,0.008418889039223176,0.000599157606545937,0.0007096945526073867,-0.0004081490695576853,0.004407489760883277,0.001613656321134007,0.0015211469403796404,-0.0009182207941469322,7.78557486584486e-05
0.9231587,0.9655172,0.38632023,0.37859383,0.37859383,0.88,0.88,0.71575844,0.90233094,0.93697226,1.0,1.0,0.73161966,0.7165312,0.8382405,0.51984984,0.7124596,0.00012519772767981204,0.0006117756911355048,-0.000673037686584592,-0.004180881830636761,0.003956346427789265,-0.0007066187284748647,-0.0002354501491266342,0.00014643832051088079,0.014347866766952115,0.00021143521821685176,0.0004926346239867735,-0.0005708464075569475,0.020374780693909883,0.0014738151903078108,-0.001002936887552255,-0.00023210101663533928,-0.0013990419558690109
0.813427,0.70113087,0.79146564,0.94,0.915161,0.6497988,0.88,0.5141584,0.47087854,0.93697226,1.0,1.0,0.95616406,0.386847,0.5132405,0.32166812,0.8202374,0.00028399712557713796,-0.0010278032600244701,-0.0001399274346542825,0.004301769238706259,-0.006415495431658925,0.0025273363130363467,-0.0007648926737069553,0.0005175458202657243,0.0012197711076992585,0.00010100543930294408,0.0006947136072174004,-0.0004311696661571496,0.04635217814430662,0.0035853505155767794,0.00011907418448222501,0.006362309737808063,-0.006656717719122598
0.76045483,0.823821,0.8139892,0.94,0.9301868,0.81621236,0.88,0.27840698,0.24818616,1.0,1.0,1.0,0.20123202,0.20123202,0.05074036,0.41803178,0.75245965,0.0004137160214898576,7.064913253900144e-05,-0.0002791116390975663,0.0009623458476673689,-0.0031698193714063214,0.00040045823956474225,-0.00025363742702887865,-0.00023556129097867276,-0.012120864673129773,-0.0021733914507906325,0.00014624669294403342,-0.0011223948499683412,-0.035747795290245646,-0.010288083285988221,0.0037028514136730646,0.0022067684891596334,-0.0027085587118803657
0.9231587,0.9655172,0.48832688,0.47856033,0.47856033,0.88,0.88,0.84461296,0.71081305,0.26932392,1.0,0.26932392,0.5763349,1.0,0.77574056,0.8089408,0.7646819,0.0003152542923917331,-0.0018041290831044131,-0.0010064271843796412,-0.0008290969476130133,0.0014412825999669072,-4.803197808552515e-05,-0.0010301669383199724,-0.0012533252153631407,0.007777507791849893,0.0029743387320086624,0.0004894663350778172,0.017839387172831286,0.0036282641839808266,-0.005527953665293028,-0.0011497825404772422,-0.0004160266702601161,0.0007738664797531211
0.8640097,0.6649489,0.48870504,0.94,0.94,0.71241915,0.5313407,0.22000702,0.20102012,1.0,1.0,1.0,0.16298929,0.16298929,0.48199052,0.23712263,0.34579298,-3.245985670455465e-06,0.00021117662695794816,0.0005562121259984592,0.002456345325327762,-0.003765965748981882,0.0018971422775182927,0.0017596627259811501,-0.00039441706869754086,-0.013548480258059978,-0.001960641688573666,0.0002339092420867539,-0.0009121655108837065,-0.040205598902974475,-0.008773110986445114,0.00030999784371617804,0.006308255486515163,0.0017948623031079683
0.6403501,0.60516816,0.9251504,0.9742972,0.99229723,0.88,0.88,0.24320693,0.21671574,1.0,1.0,1.0,0.17571546,0.17571546,0.5119905,0.2298499,0.60468185,0.00042203043238352834,-0.00021205917379594593,-0.0007732573122422859,0.0006286328831617441,-0.0034327945923743274,-0.0008490986832939752,-0.000342623205265836,-0.000566330142024516,-0.011873963538772094,-0.001899919264461872,3.174711170109833e-05,-0.0006583219266221277,-0.03438921274681992,-0.009269487094179898,0.00018882674352587635,0.0056313474387160115,-0.0009932539768425037
0.8373779,0.79398036,0.77101415,0.94,0.76206756,0.75608623,0.88,0.42920685,0.3713212,1.0,1.0,1.0,0.30107126,0.30107126,0.53074056,0.5043954,0.61801517,0.0001668011932717319,-8.25319943074377e-05,-0.00026153222119629753,0.0013563389077027852,-0.0018163160994925853,0.0015467188459801998,-0.00029541453426295313,-1.923186257389989e-05,-0.006702741887959421,-0.0023583043805990404,9.768767419915933e-05,-0.000992422436270276,-0.02806310563359474,-0.007517042986242921,-0.00010369468540484073,-0.00059983484191796,-0.0014543954449268365
0.9184385,0.85539395,0.6698328,0.88626045,0.92764825,0.88,0.88,0.5217583,0.5569284,0.9169722,1.0,1.0,0.45156354,0.88395417,0.4807405,0.54348624,0.5580152,0.0008970424654184713,-0.0011856367657193492,0.000710513060289725,0.0017922135745757407,-0.004926362345279717,-0.0008563389093154166,-0.001212872703777336,0.00027539251515832134,0.0034667906018117155,0.0007546124909118407,0.0004277327376268527,-0.0004021091101075056,-0.007164696000117483,0.00539996919283191,0.00022882116942675817,-0.0008279937106536023,0.00023656700076177213
0.9231587,0.9655172,0.23034792,0.22574095,0.22574095,0.88,0.88,0.4508069,0.3894273,1.0,1.0,1.0,0.31575188,0.31575188,0.4757405,0.60439545,0.6435707,-0.0006369087065925058,0.00042343068613210337,0.00046493970654701717,-0.004163851058429124,0.005311839554427718,-0.00046686683996617016,0.00013392335067385973,0.00017235369347840958,-0.007216937690529616,-0.0026317137422403776,-2.6191026947367803e-05,-0.0009302568648566139,-0.023776147559687294,-0.005225287191993332,0.0005308219887982615,-0.002029662652172267,-0.0010475563627079822
0.7749654,0.41040152,0.76278937,0.94,0.94,0.78728664,0.23606576,0.62455857,0.6717981,0.9169722,1.0,1.0,0.7191598,0.651434,0.48324054,0.3834863,0.69023734,0.0005570835450149984,-0.002465729212977144,0.0011562775927791498,0.004361359875012241,-0.003914704752592637,0.000519381135601149,0.005149908966721429,-7.283145913389667e-05,0.008646938762972982,0.0007854976874999347,0.0005122262982856416,-0.0009015041830092791,0.019168576694612742,0.008804055606165059,0.00017823250284717081,0.0036192305362073574,-0.003157704033567574
0.9231587,0.9655172,0.12262365,0.12017118,0.12017118,0.88,0.88,0.4992614,0.4289809,0.45720813,0.45720813,1.0,1.0,0.34782234,0.62449056,0.4743954,0.58690405,-0.0003533990238171087,5.315452257550224e-05,-0.0010629418696962083,-0.005905456085750607,0.01119918397449554,-0.00010581645434616173,-0.00021951155944294694,6.836752747662223e-05,-0.0011837859380944608,0.005730911935741515,-0.008693245473404889,-0.0008120949217961601,0.041557198255542556,0.009196295589262575,-0.000715536898107516,0.0003840024278879952,-8.555822616702937e-05
0.6826577,0.6058586,0.811968,0.94,0.7496394,0.52353275,0.88,0.35135826,0.61170524,0.93697226,1.0,1.0,0.79148006,0.40620768,0.4407406,0.38348624,0.122459516,0.0007784869418261224,-0.000891261290187659,0.0012811330876971222,0.0047216069291633085,-0.0017253398565271415,0.0029660499119213905,-0.0011002519066475556,-0.0003603388452253148,0.00604037650462193,0.0001670504770418363,0.0007797022030468757,-0.0007083707157748417,0.025399244642594975,0.007076534564924415,-6.525172813219984e-05,0.0017141947798960827,0.004557515637815295
0.90690005,0.9763592,0.46202713,0.99229723,0.42990464,0.88,0.88,0.57600695,0.4914175,1.0,1.0,1.0,0.39844662,0.39844662,0.73324054,0.6034863,0.66579294,-0.00034783287409695135,0.0003483409293434732,0.000769458000678322,0.002753584811730805,0.003922602749286952,-0.0007823577942353141,3.616897645801819e-05,0.0005235904259266851,-0.002348375475927518,-0.0032143610204465743,0.0001950718807754786,-0.0010228681254685046,-0.020987766064721306,-0.0038114696178915193,-0.0024014903893279163,-0.0037884058728037268,-0.0025996082282632297
0.90690005,0.9816195,0.23795293,0.94,0.23319387,0.8986786,0.88,0.51975846,0.59925854,0.93697226,1.0,1.0,0.48588532,0.8735563,0.63699055,0.6480318,0.31357065,-0.0004928077791286951,-0.0013242260518264864,-0.0011383583196094647,0.004650871843657489,0.009381244754017734,-0.001206214010507117,-0.0013819276092901967,1.625368054387657e-05,0.006345974504367202,0.00012414986731620642,0.0005286510100774594,-0.00036120963347658464,-0.002969334336306613,-0.000801347581968156,-0.0011545205418243348,-0.0020846965475499503,0.0005272982956374577
0.9231587,0.9655172,0.12500864,0.12250847,0.12250847,0.88,0.88,0.5061585,0.49928877,0.93697226,1.0,1.0,0.911922,0.418757,0.41949052,0.5962136,0.5291263,-0.0008794873840515334,0.002755094616359729,-0.0014679909362001285,-0.015924436944932577,0.014981287421392658,-0.0006470610738817595,7.973512487311423e-05,-0.00012180338247589483,0.0003378904850197492,-0.00028258153542269187,0.0007293926646431867,-0.0003004320620761259,0.041519657885920803,0.004569464308080781,0.0008678219528792144,-0.0023503236081382876,0.00010106853685656378
0.4941962,0.57175046,0.7632322,0.909952,0.94,0.88,0.43118396,0.39735848,0.3515091,0.9169722,0.9169722,1.0,1.0,0.28500736,0.2607404,0.610759,0.5235707,0.002159183193851652,-0.0028140603393768428,-3.0354461677655383e-05,0.004306975723686177,-0.00732224943299984,-0.0008363912634601712,0.003690288115643513,-0.000808067027199649,-0.005496792960444545,0.00023853229184377952,0.0008492752641465017,-0.00048272540106033044,0.05371819799707493,-0.0041218653475507076,0.0018099145126334582,-0.006861196076595461,-4.092699092420951e-05
0.6373779,0.8341046,0.7670032,0.9146471,0.96514356,0.88,0.88,0.30870995,0.2679947,0.6553457,0.6553457,1.0,1.0,0.21729301,0.41449058,0.42348626,0.34468186,0.0002985861719035413,0.00016436768304419592,0.00024036951031613214,0.0014161052909163075,-0.0069984174316354295,-0.0006833142168350126,-0.0012612731377844577,-0.0017676676416740961,-0.008194227758480216,0.004683287981980132,-0.005911086033155094,-0.000550644560436801,0.051652119207960506,0.007702280247889191,0.0003748623031433206,0.0019254053504709889,0.003525457141876022
0.9231587,0.9655172,0.14874734,0.1457724,0.1457724,0.88,0.88,0.48015845,0.48435175,0.93697226,1.0,1.0,0.91580623,0.39231527,0.4082405,0.3753045,0.67468184,-0.000674783606766496,0.0028253434204204763,-0.0009592033320055705,-0.012407646890101343,0.013617403050116564,-0.0011729457052792813,9.446606572021982e-05,-8.436649475077653e-05,0.0004584093339353176,-0.00032934458512987735,0.00038971348458055805,-0.0006209942612395957,0.05108609129480467,0.005575502155245853,0.0014786185433039766,0.0032310975639420394,0.00053889845814144
0.9231587,0.9655172,0.4995188,0.48952845,0.48952845,0.88,0.88,0.7331099,0.6249243,0.6756142,1.0,0.6756142,0.5066954,1.0,0.6594905,0.72803175,0.6746819,0.0004865183702278796,-0.0021360971570667945,-0.0008493174794385232,0.00025417014272652983,0.001365173610751285,-0.0004603209824942994,-0.0011128092271241977,-0.0008917757256362871,0.0060797434842782905,0.00398175942577631,0.00033347856845423324,0.007040776447642853,0.0014935667771391729,0.0006214901631594758,-0.001114419759297687,-8.235603848566337e-05,0.0007495104071720461
0.84920776,0.85869503,0.6993713,0.68538386,0.94,0.88,0.75608623,0.5733585,0.68348426,0.93697226,1.0,1.0,0.8352558,0.5391717,0.6357405,0.5043953,0.5780152,0.00044322922670123434,0.0003744675064769056,0.0004096982866564674,-0.00011155358473909923,-0.0059440373677431746,-0.0004890385528998025,0.0008733443838525978,-3.885404167191278e-05,0.008819356187494666,0.0004970194650254065,0.00036096420034331124,-0.0006366361817377663,0.028257446907901978,0.004677041691763269,0.000260756839376345,-0.00034022716916313735,-0.0007241136832506157
0.67881155,0.60129654,0.8984822,0.94,0.94,0.1057238,0.6596402,0.5309584,0.6144783,0.9169722,1.0,1.0,0.86311615,0.46234414,0.6707405,0.3998499,0.5057929,0.0015965984041583301,-0.0011213171752876266,0.001069887886771038,0.005238461667055941,-0.0071353829046520165,0.0029401022654864085,0.0021713704043205134,0.0004592645413504705,0.0055595848461640895,0.0006148892150705703,0.0004029144097285614,-0.0006870912972724119,0.03226420389828583,0.00704918088292586,8.847684798730219e-05,0.0018613493054651937,0.0005205367401559563
0.77082795,0.5724472,0.9251504,0.94,0.94,0.78728664,0.42403874,0.33840698,0.30017024,1.0,1.0,1.0,0.24338128,0.24338128,0.48324054,0.40257713,0.47357062,0.00041909397325186814,0.00023726815619556238,-0.00016313238361184332,0.0013139605401195926,-0.003180804326810449,0.0009349009665611062,0.001873236727351964,-0.0002493229927791611,-0.010203498783941035,-0.002059647929250953,0.00021751104933382122,-0.0008223242027325267,-0.03334446342921387,-0.011157286232831454,0.0003485575969203485,0.0031207735392905812,0.0007577511951054649
0.26756454,0.56843734,0.8773503,0.85980326,0.99229723,0.88,0.88,0.25600684,0.22839859,1.0,1.0,1.0,0.18518804,0.18518804,0.39324057,0.5180317,0.30801508,-0.001186903300515543,-0.00017397650310589728,-0.0009648647341935244,0.0008218631205861924,-0.004287690309751462,-0.0006173967052669903,-0.0006289869153163273,-0.0008860547396228245,-0.013236968843603876,-0.002656798571715058,0.00012142120460399541,-0.00048742343577321543,-0.03908566199395678,-0.008885003024628808,0.0008663727305250802,-0.00019927285255020286,0.0029066063521230325
0.9098722,0.7823694,0.9024473,0.94,0.94,0.85234404,0.9362825,0.75760686,0.6378298,1.0,1.0,1.0,0.5171593,0.5171593,0.7657406,0.84712267,0.8024597,0.00022338538830017014,0.00011236042211758501,1.8563908431624977e-05,0.0005659011631614405,-0.004063936870572495,-0.00024279966137147357,-0.0007649860291318018,0.0018252416502309765,0.007676640325976211,-0.0028088683732172266,0.0004087977877964473,-0.0011953307012472726,-0.010642033103698741,-0.002264120875449975,-0.002387435237447004,-0.014223874761470965,-0.006301176998076978
0.9231587,0.9655172,0.19627942,0.19235383,0.19235383,0.88,0.88,0.5067099,0.440405,0.6553457,1.0,0.6553457,0.35708514,1.0,0.4919905,0.50894076,0.5113485,-0.0012408478679084428,-0.001324300814931006,-0.004122868372723463,-0.008206882596400936,0.007504402018289622,-0.0005536610894847696,-0.0007329148262247823,-0.0004838206607133713,-0.002813569242044273,0.008554031557815825,0.0005720162644237703,0.007502940045094595,-0.017830549988154063,-0.0009444545000805952,0.00030922652832925335,-6.49301236487669e-05,-3.2084997405954845e-05
0.9231587,0.9655172,0.30580792,0.29969177,0.29969177,0.88,0.88,0.6941585,0.80652446,0.9169722,1.0,1.0,0.78807205,0.6614182,0.7419905,0.63439536,0.6546819,-0.00011609000509936755,0.0011018454198086947,-0.0008309002820574045,-0.005503893359229881,0.006421974468618802,-0.000517134706986978,-0.0002470320404207292,-0.00012625521630142214,0.012522130433217432,0.0006430735202969032,0.0005098198369746146,-0.0005371066198250565,0.0256241825324954,0.0036977096920523932,-0.0010938168125539458,-0.002081202207962559,-0.0005063911930786699
0.82082796,0.077220045,0.68141747,0.909952,0.802858,0.88,0.88,0.43775848,0.60825354,0.93697226,1.0,1.0,0.49317855,0.77849036,0.09199047,0.4734863,0.6613486,1.3204534164076386e-05,-0.0037269085837535482,0.000657609679138654,0.0030588493850599043,-0.002227625598546233,-0.000518226022258256,-0.0006842850067212329,-0.000264527380951061,0.006441795311344792,2.305652290609528e-05,1.2697604722761297e-05,-0.0008852255875698313,-0.002838706649685606,0.008978051668119335,0.0015230322938168247,0.0006130709441349772,-0.0020346927322563886
0.75276256,0.7719955,0.7866539,0.7709208,0.94,0.88,0.5958796,0.3081585,0.5752874,0.93697226,1.0,1.0,0.7983326,0.37545338,0.4707405,0.2771226,0.18357065,0.0013706992449128536,0.00010247026232672354,0.0018840326293239628,0.003892929581817115,-0.009737542506807828,-0.000866875029080618,0.00254578996500317,0.001019172551203045,0.00617868889683791,0.00043397953806628714,0.0005197644467336029,-0.000511056112536141,0.03433187648546375,0.007164537283680352,0.0004171040701098596,0.005586072251772647,0.0022437962289064556
0.78679526,0.62016755,0.77324414,0.88772357,0.94,0.88,0.7199687,0.52990997,0.45745224,0.6330234,1.0,0.6330234,0.37090722,1.0,0.37574053,0.5716681,0.71690404,0.0009227163076399901,0.001919450953165762,0.0009081403933160812,-7.387348440524941e-05,-0.0032463774338539375,-0.0006564927170207282,0.0033647414185942687,0.00028352734035506146,-0.0007091689445878326,0.006549689052272911,0.00043131092720779596,0.009257087651562948,-0.012086612788122428,0.007319580171610981,0.0009406450492903726,-0.001779703294377063,-0.001773962623042765
0.9231587,0.9655172,0.16609108,0.16276926,0.16276926,0.88,0.88,0.5441586,0.6917528,0.9169722,1.0,1.0,0.56088066,0.7963431,0.7657406,0.39166805,0.48357072,-0.0013616137639812975,-0.0006522776068787941,-0.004063363343447309,-0.01231951859403205,0.011037648555574507,-0.0008180656307999393,-0.0007916761298078688,-0.0002978735025334944,0.010251674653193822,0.0003939965124491251,0.0005281594097770611,-0.000428511905006268,0.0011317939436611044,-0.0006543398931823494,-0.002411940906329903,0.0008483995189122322,-0.0005378950148630234
0.72141063,0.9339215,0.74288476,0.94,0.94,0.8433489,0.6917444,0.47135842,0.65865934,0.93697226,1.0,1.0,0.8122522,0.4631603,0.51949054,0.4498499,0.396904,0.0009946145008770482,5.26481181733361e-05,0.0006739729268724651,0.004288914606876478,-0.006816075425626498,-0.00021003247987462032,0.0023147530968885143,5.476024804584058e-05,0.008476960181596748,0.00026432053738450584,0.0008765082993395893,-0.00047334627458019363,0.03096566586422483,0.005584768738982857,0.00021568133745747192,0.0015486144594791995,0.002500198724102817
0.9231587,0.9655172,0.13712776,0.1343852,0.1343852,0.88,0.88,0.43015838,0.71353126,0.93697226,1.0,1.0,0.57853884,0.676815,0.2182405,0.4434862,0.6613486,-0.0008647582253593169,0.000810296834745333,-0.0015655551659756316,-0.010401195965793097,0.011089851158164254,-0.0008851232903447127,9.300545417702923e-05,-0.0003014285502673752,0.011201794812077236,-0.0010343523503522968,0.0006460273487195887,-0.0006920166946740986,0.005234146645724341,0.0023217944470566186,0.004754924923408297,0.001181275937728762,0.001088383276076643
0.9030539,0.85880697,0.6976421,0.82778406,0.926172,0.88,0.88,0.46520698,0.3987182,1.0,1.0,1.0,0.32328504,0.32328504,0.45074052,0.5816681,0.7180152,0.00021411047866705746,0.00015283988987646022,0.00016703422865244546,0.0013603380023915783,-0.003484083461811704,-0.000684912886513816,-0.00042850520255279916,-0.00011367705431245708,-0.006553476919081194,-0.002280816494965452,0.0003297258929592703,-0.000864697550177903,-0.028045999754169118,-0.007607313797262975,0.0005704588306815027,-0.002441079937189216,-0.0025852636286408702
0.8986251,0.6985755,0.7959979,0.94,0.9420575,0.8925767,0.88,0.6464614,0.5483595,0.28351858,1.0,0.28351858,0.4446158,1.0,0.6769905,0.66803175,0.53134847,0.0010999902909841553,0.001020085976547398,0.0020704636296669378,0.0010042261125761819,-0.0029583567427356613,-0.0002143684490499239,-0.0017715789703111704,0.0004708079395843471,0.0023494444337293797,0.002668511508652384,0.0008052785040596715,0.01962460164911381,-0.007251318173222617,-0.0032208942905574524,-0.0004920465148297635,-0.000976864207757018,-0.0002925023959121526
0.8296856,0.7923583,0.6590259,0.9420575,0.6473567,0.88,0.88,0.36415833,0.65353817,0.9169722,1.0,1.0,0.52989584,0.7027668,0.31449044,0.4116681,0.34690413,0.0008185656904234225,-3.120039365180728e-05,0.0008457489665987438,0.004323906260152985,0.0005143445737591908,-0.00039407204178399887,-0.0005859215684278823,-0.0003898119374240794,0.00820444670327548,0.0009551440752463441,0.0009701967886707752,-0.000513494705877777,0.0015891296944677052,0.0022146140539942463,0.0005993698773904878,0.001301028434729485,0.001850845216887553
0.9231587,0.9655172,0.11663028,0.11429767,0.11429767,0.88,0.88,0.26640692,0.24284706,1.0,1.0,1.0,0.19690302,0.19690302,0.09199047,0.5816681,0.48468176,-0.000913338167511063,0.001082136980728398,0.0011827818212969221,-0.007264753708272057,0.008315632867076346,-0.0005504327256638373,0.00018154905580521956,-0.00025832202612764335,-0.013839120986514186,-0.00225879555417373,0.00010118834362723289,-0.0004250826146168168,-0.03827681156491416,-0.006433198821809637,0.004031002591194358,-0.0017152534761454275,0.0007036580818306928
0.8373779,0.90331304,0.25805923,0.94,0.25289807,0.8078431,0.88,0.37360695,0.32609767,1.0,1.0,1.0,0.26440352,0.26440352,0.4632405,0.5153044,0.49579293,4.223415105765224e-05,0.000842412997958139,0.002555800804411629,0.0023844872258283285,0.008419392348521773,5.377044921421541e-05,-0.0001934926944912989,-0.0007518815019360637,-0.009587899347771245,-0.002875509060642536,0.00018257861522021876,-0.0005691299298174255,-0.036807454900245486,-0.005676974487006721,0.0004713283581458934,-0.0012893473891794588,0.0008329924693059497
0.7258395,0.77578974,0.7281671,0.88772357,0.7934928,0.88,0.88,0.25320685,0.22896451,1.0,1.0,1.0,0.1856469,0.1856469,0.32949054,0.42712256,0.47801515,0.0006826211325640416,-0.00021659733041791854,-0.0004133830364741127,0.001427763116816308,-0.002028223155394189,-0.0007941476220539153,-0.0002895279071326202,-0.0007759730039269852,-0.012908128122953569,-0.0023234606875543106,0.00014105111229304037,-0.000643791518133909,-0.037985044957618126,-0.00904959865938436,0.0016291218093442861,0.0019427104461676625,0.000703274167778583
0.2554434,0.433635,0.8412255,0.94,0.9742972,0.81621236,0.88,0.3108615,0.27947518,0.37864074,1.0,0.37864074,0.22660151,1.0,0.12449038,0.34439528,0.3869041,-0.005213924576338087,0.0038878741767921633,0.0007529388817076558,0.00030096747594348956,-0.004546711837378406,0.00030727640788155204,-0.0014846025829292283,-0.002594606759555375,-0.008893838918311232,0.011159049924459548,0.0005429151198329214,0.012661916628940536,-0.026850463795143675,0.00327706185618537,0.0018957038864182072,0.002498888248578642,0.001755825143939937
0.79005873,0.015599197,0.89764494,0.94,0.99229723,0.8166729,0.88,0.42695838,0.4492731,0.93697226,1.0,1.0,0.3642755,0.9504086,0.60824054,0.3934863,0.31023747,0.00040710130371644467,0.005141600427074653,0.003269680511811582,0.004116702781420861,-0.0060287793201653506,0.0004267273247328463,-0.0016414742278082792,0.0008492831098078356,-0.004019399378862328,-0.0015467304902220108,-0.00021909179146054948,-0.0008762679599565798,-0.01700366235005643,0.007577649055417041,-0.0001854729961508756,0.0008034876151342987,-0.00046998451720156543
0.8418067,0.5969735,0.5004746,0.94,0.49046507,0.45248923,0.88,0.56335855,0.6201748,0.93697226,1.0,1.0,0.50284445,0.83916384,0.40574056,0.490759,0.66690403,0.0005933569927950688,0.00014472919113282763,-0.0004207336301588689,0.0021031747621672405,0.0023387851282200734,0.004501847951061565,-0.0009802338944373114,0.0003697347494290925,0.0060386608580578986,0.00023198136406323,0.000887824238037187,-5.8354876284443456e-05,0.0005584224299850999,0.002662637010774718,0.0008565216664862235,-0.0001227627446307086,-0.0009372931013091885
0.85690004,0.84906244,0.79853576,0.782565,0.96514356,0.88,0.88,0.4412069,0.37813103,1.0,1.0,1.0,0.30659273,0.30659273,0.6719905,0.39621353,0.615793,0.0005744413315331498,-0.00013541477789602335,0.0001573487249616422,0.002053368075983175,-0.004708252920834045,-0.000760836575001556,-0.00026919400341176495,0.00022708284849077816,-0.007691338828653035,-0.0024707625527733033,-0.0003101172840815189,-0.0008587780164750658,-0.02941558707831166,-0.006639947082572682,-0.0010645340476698648,0.0025590091134350314,-0.001305770238905669
0.7944875,0.43081942,0.79782116,0.90456796,0.66370684,0.88,0.88,0.47535843,0.6009994,0.9169722,1.0,1.0,0.4872968,0.83730525,0.6482405,0.6062135,0.33579287,0.0008460771948312251,0.0028482536590434034,0.0016264942184811408,0.0029144183622460073,0.001463127372417365,-0.0010011561913089244,-0.0010906888494183,0.00017518220555929194,0.007837312565419767,0.0008004351931131298,0.0008340837428593856,-0.0007154440553112784,-0.0010709014997973417,0.007659944057175656,-0.0005510375837401712,-0.0024380619964528725,0.0015858698375277459
0.7592895,0.6207911,0.87025636,0.8528512,0.9433281,0.88,0.88,0.62415856,0.5895351,0.9169722,1.0,1.0,0.86542857,0.52705485,0.56449056,0.62530446,0.65468186,0.0008259549497846742,-0.0015390910987175468,-9.522999471814713e-05,0.0024831546265789415,-0.005854479371703641,-0.0006047026258393785,-0.0005905835322123694,0.0010455461741506156,0.006491966047027966,0.0005552458420246176,0.00033557576329923953,-0.000938410712715524,0.03840626090188589,0.0038702800038672392,-9.317771558641776e-05,-0.00453093788231829,-0.0026621939127760012
0.90690005,0.9816195,0.260924,0.94,0.25570554,0.8986786,0.88,0.53670996,0.4604857,0.6553457,1.0,0.6553457,0.3733668,1.0,0.63699055,0.4071226,0.62468183,3.238652975500255e-05,-0.0023600190103052004,-0.0027594247321312635,0.0026765958172020304,0.006846853097326446,-0.0002811626491364866,-0.0012495725080357064,-4.784908212632892e-05,-0.001051863938839135,0.004077885774537014,0.0006003459554360674,0.006700748879458141,-0.013600080242558725,-0.006172370673841024,-0.0006900495970783131,0.0010455978116494405,-0.00021664801134242895
0.8489164,0.7719955,0.72470313,0.7102091,0.9363606,0.88,0.88,0.42895845,0.65840614,0.9169722,1.0,1.0,0.5338428,0.74022424,0.35699058,0.43984994,0.5391263,0.0007957410008133095,0.00031814824681538636,0.0009283901961448749,0.001544119482989593,-0.004647771679912188,-0.000722965692378974,-0.001183162153359648,0.00021319116492023987,0.010290822283920129,0.0009223681836901099,0.0007859658938561171,-0.0007779024532423315,0.004589992873984626,0.0058941640937980756,0.0008627555758193046,0.0009996557795517752,0.00014484244086205404
0.6477509,0.42842004,0.9048831,0.96716094,0.7617098,0.88,0.88,0.42711,0.37053913,0.54207706,1.0,0.54207706,0.30043712,1.0,0.5682405,0.48984987,0.42801508,0.00018052313802250958,0.005291755684662701,0.002025465900584519,0.0003544880940333228,-0.001598434415586467,-0.0005808447490753915,-0.0016214783522507641,-0.00024215460989317545,-0.005770980952741573,0.006857305175078419,0.0007901795636744187,0.008975473660177235,-0.022383473902581826,0.0035198105914138068,-0.00032821802994691547,-0.0003452055876077581,0.0009005837559862644
0.7166904,0.8195018,0.9125177,0.9742972,0.85998434,0.88,0.88,0.73655856,0.70297056,0.93697226,1.0,1.0,0.9109951,0.5497582,0.70449054,0.62803173,0.7313485,0.0005859252425711299,0.0001314583325064904,-8.455543516597832e-05,0.004133865184340411,-0.004450028750936677,-0.000561642522928034,-0.0005949371052667483,0.003557926212173809,0.009498085272067363,0.00025470235511567205,0.0006619096475709102,-0.00045121679531184736,0.04262886169199982,0.006488748016558498,-0.0005937165398343848,-0.0047211878126969375,-0.004369603846927023
0.8412241,0.7755516,0.58572215,0.94,0.61156476,0.7833149,0.88,0.4885585,0.39321864,0.9169722,1.0,1.0,0.9504086,0.34842098,0.68324053,0.19984983,0.6280152,-5.4239654839225644e-05,0.0003869395803236612,-4.49295009859188e-05,0.002569642502687363,0.001756071140761179,0.00115289186613974,-0.0011803699948889168,0.00019694841799189914,-0.0040280821238663075,0.0006219158169912813,0.0004646468616495283,-0.0004032748211931508,0.04843321857524292,0.006171703946103429,-0.0016529754101536121,0.006457723730577598,-0.001520612920391824
0.5983337,0.5517484,0.66662973,0.94184995,0.94,0.88,0.49132845,0.30015838,0.5142185,0.9169722,1.0,1.0,0.41693395,0.8151622,0.3019905,0.5034863,0.31579292,-0.0006514422439355047,0.002610957621648928,0.0007059270264011977,0.0028566723227305573,-0.0052351826078997875,-0.0011431937152579976,0.009226808248419238,-0.0005554147927283319,0.0005762291832404594,-6.451409897487263e-06,0.0006528712717017139,-0.0007072636400348065,-0.012853425969781784,0.006280771937799814,0.0006044770645297667,0.00026130255462062117,0.001426049691367649
0.8415154,0.8000316,0.7704997,0.8012955,0.94,0.88,0.75249696,0.5308615,0.45876816,0.42911217,0.42911217,1.0,1.0,0.37197417,0.54574054,0.37803173,0.5457929,0.00017401115063810319,0.0005331287902489225,0.0012828615383374323,0.0020998697055939707,-0.006537481685302254,-0.00038731537524607797,0.0016491316158554323,0.0007103195661167136,-0.0001112043191689413,0.002466846343612912,-0.010807975650607588,-0.0007360446566003942,0.04522141461442402,0.007005927738491882,-4.992839157720544e-05,0.0022034022870641417,-0.0001314389898506646
0.7678558,0.5306856,0.71263474,0.94,0.698382,0.3755953,0.88,0.69855845,0.590833,0.93697226,0.93697226,1.0,1.0,0.4790538,0.73324054,0.65894085,0.7891263,0.0006324535967111383,-0.0024281277546316714,8.354269425790192e-05,0.0037244655949081234,-0.00027281141907956773,0.0031444824377045394,-0.00030262357092775767,0.001741625215555591,0.004975349107245201,3.3966512862696836e-05,0.0004307597774609999,-0.0006892608567631719,0.04340005867797745,0.00548343669303005,-0.00026188217784790894,-0.004623126289923551,-0.005534919382251773
0.19833373,0.530268,0.68307525,0.94,0.9742972,0.37511092,0.88,0.25135842,0.26407087,0.9169722,1.0,1.0,0.21411152,0.9298423,0.10074043,0.4734863,0.2769041,-0.0037915190782079515,0.0026090825133914296,0.0004014864842200353,0.00124288271521793,-0.0073546863086116675,0.010523687282686645,-0.0012819726974324928,-0.001528283383000717,-0.01319845854487161,5.2235184272887114e-05,0.0003527548971516001,-0.0006518064189454837,-0.03047750926841131,0.0038448912824919066,0.002849520712581066,0.0002591967269472467,-0.0005731065863760161
0.9231587,0.9655172,0.418771,0.4103956,0.4103956,0.88,0.88,0.6348069,0.54425836,1.0,1.0,1.0,0.44129056,0.44129056,0.6307405,0.77894086,0.7135708,-0.0002117740481846163,-0.0003481950458637581,0.0005957179798208399,-9.337107496667184e-06,0.0042982873866661605,-0.0010502896490101454,4.5028431713468085e-05,0.0008273472318304784,-0.00037897793500056077,-0.003018327484957409,0.00037661813676013794,-0.0013050935703159815,-0.02209379837855912,-0.0032351676608900148,-0.0012363403506190148,-0.009749847997843656,-0.003037380293295261
0.4483337,0.6236855,0.8859103,0.9476599,0.94,0.88,0.54346406,0.58655846,0.6898479,0.9169722,1.0,1.0,0.7987101,0.5470428,0.7269905,0.45166805,0.5313485,-5.478189888542274e-05,-0.0010114998888888743,0.0003404336064215172,0.004943874035034539,-0.006652647719117397,-0.0004842070982965592,0.004096440059160882,0.0012540584176856113,0.007935733814141739,0.00038065970249146733,0.0008775467407316302,-0.0005856632791230848,0.022728172464036626,0.004929770247643823,-0.00024514967747016315,0.0015657791249328323,0.0006383658121719198
0.5169818,0.6330081,0.8256996,0.94,0.94,0.5067407,0.4942894,0.63495845,0.64563835,0.93697226,1.0,1.0,0.8455638,0.5488595,0.5757405,0.5043953,0.7469041,0.0017521423165835245,-0.0012844714278875376,0.00016879240194731925,0.004238257636082249,-0.005690865912537982,0.00237147777286517,0.004054131406610185,0.0008987366933211518,0.005282469398814607,0.00028917792285432817,0.00016800891003926121,-0.000981699110224612,0.02712472261210845,0.005506081699563432,0.00022443105702510695,-1.8436259789201965e-05,-0.004477751384884358
0.55573463,0.37273678,0.81432164,0.7980352,0.94,0.88,0.19237466,0.7509584,0.7527328,0.93697226,1.0,1.0,0.8975132,0.55423254,0.5544905,0.81984997,0.4380152,0.002175450726266034,-0.002836297510414776,0.0009755345862367424,0.0018522623611761213,-0.003956588106235844,-0.0004817404329487151,0.003054939694053781,0.00012075500002100829,0.010726411359059478,0.0006980209075801011,7.63868120075381e-05,-0.0009628586991637878,0.035402557444769875,0.003786312364211025,3.714161488962847e-05,-0.011488785160107574,0.0021985407168324204
0.7175645,0.5486881,0.78137136,0.94,0.7443053,0.7562161,0.88,0.26895845,0.34966785,0.93697226,1.0,1.0,0.9031782,0.26714432,0.42574054,0.24984984,0.42357075,0.0008409554716156522,-0.0028991268628090054,0.0005624236179455515,0.0037438791493894052,-0.0016925657162532959,0.0016014107009982143,-0.001116894252034715,-0.0002837998290459246,-0.0069687743526326415,5.28500087075755e-05,0.0003803753342512539,-0.00045779715365640294,0.041390929270080916,0.005508346212510331,0.0005166270953455649,0.005865277107815064,0.002095912339196944
0.4518885,0.74491864,0.89400846,0.99229723,0.9742972,0.88,0.88,0.31360695,0.2776815,1.0,1.0,1.0,0.22514717,0.22514717,0.37824053,0.5289408,0.4257929,-5.911111549731767e-05,5.379000675624339e-06,-0.0005449801800389684,0.0013866262275534327,-0.005327512264504147,-0.0007379999350840357,-0.0003333781630695755,-0.00042961491761541197,-0.011276888533938902,-0.0027730432746019846,0.0001557985237296651,-0.0010818624789177271,-0.03554439149033396,-0.006240966979870014,0.0010863773050232605,-0.0006077398532291123,0.0013474813013873155
0.8492077,0.88622946,0.72068834,0.94184995,0.66593534,0.88,0.88,0.4839099,0.4207576,0.54207706,1.0,0.54207706,0.34115478,1.0,0.38574052,0.5162135,0.49579293,0.0011106724522065182,-0.0021160545787653803,0.000875449375486943,0.000818855048090637,0.001125242032522239,-0.00041076445658968814,-0.0018008303211147613,1.8361683665684353e-05,-0.0028068322916656556,0.004834227080766906,0.0007544590761026182,0.011307266932640362,-0.01662439109584445,-0.0020583526605403414,0.0008850589524908412,-0.00031988780911912373,9.066414321307852e-05
0.9231587,0.9655172,0.25382486,0.24874835,0.24874835,0.88,0.88,0.5001585,0.5333181,0.93697226,1.0,1.0,0.86210495,0.4568995,0.45949054,0.24075899,0.7680152,-0.00023462335800635435,0.0027647836592024732,-0.000739061229045257,-0.008938287679681849,0.00891556703634586,-0.0012322682339718546,-0.0005082921297335113,-0.00043953356715369736,0.004362891836868595,0.00014811275175617293,0.0004438954451625901,-0.00033202582918462375,0.04029559993714054,0.005006928458974293,0.000609324999007065,0.005123174135936482,-0.0008008377855053747
0.6791029,0.4502419,0.9056389,0.8875261,0.879692,0.88,0.88,0.7545585,0.83369815,0.93697226,1.0,1.0,0.6759715,0.7874729,0.89074045,0.59894085,0.69023746,0.00023004216093537922,-0.00015767925890237955,0.0016631260811595875,0.0027338610943436364,-0.00286654126148197,-0.0003317871866605468,-0.0005361703799557045,0.0009859414429721025,0.013163550700673144,0.00040300608316972786,0.0004304343839400683,-0.0006125360964649784,0.016075436048607505,0.007060990650092845,0.0005507710253273399,-0.0023187142492670436,-0.0019440428666956345
0.7104548,0.77555186,0.71621484,0.909952,0.8015751,0.88,0.88,0.43895844,0.47189084,0.93697226,1.0,1.0,0.3826142,0.8673499,0.2182405,0.5343953,0.47690412,0.00012996729594054384,0.00035217809963656997,0.000846810030558872,0.0021007362392008342,-0.0020442634509361345,-0.0009494751119084807,-0.0010504618643284464,-0.0003212734213467812,-0.0028985712825799347,-0.0016803301331838661,0.0003694855769867542,-0.0007881487890151512,-0.018820382802597634,0.005523848927057926,0.0024316202760550436,-0.0009228175237521259,0.00015301520324122485
0.821702,0.80262446,0.8450748,0.9742972,0.9146471,0.88,0.88,0.38335845,0.7092415,0.93697226,1.0,1.0,0.57506067,0.6670958,0.19074047,0.39894077,0.5680153,0.0012901036617961573,-0.0004044417871673711,0.0009627707920367387,0.0016942105989355895,-0.004896183661233749,-0.0002348846324717213,-0.0023865722595091464,-0.0011348005535904275,0.009669048510922231,2.5177006104841445e-05,0.0012668392813360602,-0.0009639698700817312,0.005189326278662769,0.0028901563541009097,9.012870642014836e-05,0.002479233708563331,-0.0005882139427046954
0.63324046,0.63442606,0.8288372,0.9223649,0.99229723,0.88,0.88,0.37760696,0.32590124,1.0,1.0,1.0,0.26424426,0.26424426,0.68574053,0.41530445,0.51357067,-1.2364618949619252e-05,0.0002123274038832048,7.23864198571769e-05,0.000696452017238327,-0.0039071653473044775,-0.0006266710771052343,-0.00023173299324976356,-0.00029385970584926835,-0.009489227850716143,-0.002170831920342726,-7.53670347516789e-05,-0.0012682401505259933,-0.030342734325060988,-0.0085463631912767,-0.0009625079941915631,0.002511807740536015,0.0008059090197955912
0.48679525,0.5718807,0.77332795,0.9742972,0.87612826,0.88,0.88,0.3249585,0.47488925,0.9169722,1.0,1.0,0.8174945,0.40948132,0.32074046,0.40712252,0.3746818,-0.001147150571484254,-0.0011556357185280577,0.00042591450932474384,0.002957749476082125,-0.0055643043984860245,-0.0014462028299240997,-0.0011839817121184603,-0.0012088541564615873,0.00021859392218362292,0.000512561813984018,0.0004860934746032343,-0.0008291464785092694,0.035386127558508604,0.00401786338045975,0.00034952911683111917,0.002461508541761402,0.0029338491621683565
0.57910293,0.7585699,0.74478036,0.94,0.82844716,0.71470594,0.88,0.45440704,0.39756966,1.0,1.0,1.0,0.32235378,0.32235378,0.55574054,0.5225772,0.7113485,0.0010951399257680752,7.287157446730305e-05,9.761958271033569e-05,0.0013277891365871114,-0.0020748472256863857,0.002737243551597461,-0.0002948375328804094,-0.00022731864066264978,-0.00717935388549593,-0.002977228997408393,0.0001795405240725441,-0.0020141722995770895,-0.030367465280484555,-0.009556505998303676,-0.00033890866533605466,-0.0007304651465647082,-0.0022969368572005313
0.7521799,0.9339215,0.90080017,0.94,0.85620975,0.8433489,0.88,0.4080069,0.3564419,1.0,1.0,1.0,0.28900692,0.28900692,0.61574054,0.54257715,0.3624596,0.0007494056509772577,-7.233839358470537e-05,-0.000701323843097478,0.0020262085101567847,-0.003866115948676051,-0.00019979819280459187,-0.000298396940739086,-0.00011703877979903157,-0.009015089250871381,-0.0024623895628761387,0.00022762509594562234,-0.0008924132848987088,-0.032932067611060684,-0.006065038342932697,-0.0005776552831877223,-0.0012891486036619951,0.002240114902560179
0.8687298,0.6976521,0.5509063,0.94,0.94,0.98459446,0.56927645,0.580007,0.49677208,1.0,1.0,1.0,0.40278816,0.40278816,0.6019906,0.5416681,0.7946818,0.00026662352890300257,0.00018675239358772008,0.0009009680625802803,0.0019078205302593787,-0.003418282056865894,-0.0034366310698244625,0.00233640546759524,0.0002176175453314825,-0.004468503234846324,-0.002323944665368869,0.00019408760770649218,-0.0012080638803197387,-0.022413917906308048,-0.007157375141439168,-0.00070348450450109,-0.0011141514735292844,-0.004183367374988421
0.9107462,0.50981617,0.8086299,0.7924573,0.9420575,0.88,0.88,0.634407,0.54179716,1.0,1.0,1.0,0.43929496,0.43929496,0.89074045,0.6980318,0.5880152,4.617161135344149e-05,0.0005434662514652038,0.0007166255469480665,0.0017742374175467078,-0.0040950032558203465,-0.00109247693216423,-0.00017987539478393256,0.0004205034999910588,-0.00010865205192235269,-0.0034462971209570006,-0.00023758859255842174,-0.0012269660187273202,-0.0195368841431283,-0.005000325181870743,-0.002879555248344318,-0.006335848320617368,-0.0007276152307526163
0.9231587,0.9655172,0.1798656,0.17626828,0.17626828,0.88,0.88,0.5013585,0.5405732,0.93697226,1.0,1.0,0.88395417,0.4192428,0.54324055,0.51257724,0.38245964,-0.0013948666305156792,0.0023925299966112723,-0.0027817993321136453,-0.014329104596637453,0.013533245876767137,-0.0013051370289732056,-9.447952986997459e-05,-0.00015033189632224057,0.004286623386875048,-0.0002684806872887993,0.0006105961321165636,-0.0005769410812567765,0.040089404049120654,0.00505480670022195,-0.0003301265775791554,-0.0005039211310121568,-1.7537691096859327e-05
0.5906414,0.60711163,0.7425765,0.96814126,0.94,0.88,0.5426358,0.33760688,0.28866905,1.0,1.0,1.0,0.23405598,0.23405598,0.4632405,0.49984992,0.5057929,0.0006384709611048836,-0.0005420819278955627,-0.0003107877541252107,0.0017305969842527401,-0.0038740189639124246,-0.0006155438634945678,0.0014872126767719773,-0.0004658617244811946,-0.010613328763598509,-0.002483999383684957,-0.0001041922343492549,-0.0006035821633872374,-0.03627033667969323,-0.00999316821718045,0.0006126838581365548,0.00030006642652938054,0.000872329775046406
0.50247127,0.64036226,0.6301495,0.94,0.64233285,0.59543914,0.88,0.13320693,0.12960143,1.0,1.0,1.0,0.105082236,0.105082236,0.32074058,0.17348628,0.38690397,0.002004638379462461,-0.0009885225175094233,-0.00028682631978554267,0.002062828853705401,-8.211916844245728e-05,0.004910967410006651,-0.00027566813862206095,-0.0019803877397856183,-0.01820482708599993,-0.003150685843630854,0.0002329702277293306,-0.0009743287818940035,-0.04685057925534112,-0.006833315637912365,0.0018069133992094167,0.008393155788478724,0.002251005833494018
0.9231587,0.9655172,0.1637111,0.16043688,0.16043688,0.88,0.88,0.46615845,0.41572118,0.93697226,1.0,1.0,0.3370712,0.9501879,0.35574055,0.4134862,0.68690413,-0.0005912057667426724,-0.00038241931911662516,-0.00338752146879558,-0.009611390658453262,0.008154121990181314,-0.0007791385021732894,-0.0005633909796511435,0.0001286648624909848,-0.005247072694144978,-0.001214741798465861,0.00035340798988816495,-0.000536110237835527,-0.018800007659200882,0.0015485464145403882,0.002264871674310539,0.001023734706826908,0.0020235610304019745
0.871702,0.65232253,0.80599976,0.87612826,0.94628835,0.88,0.88,0.5557584,0.74890167,0.93697226,1.0,1.0,0.6694111,0.7075116,0.47324055,0.44439542,0.76579297,0.0012859748056413731,-0.0002672914855428114,0.0013311548912210175,0.0029561668958518173,-0.005298486316400409,-0.0004982659177490775,-0.0010588012150887806,0.0005881069262935541,0.010868899022790379,0.0002320268530846556,0.0004778570005888777,-0.0008486349773753571,0.015350317479088944,0.005820822245197024,-7.042455594291261e-05,0.0006647525705274698,-0.002741770685894501
0.7876693,0.8000316,0.62474513,0.94,0.6772387,0.6880367,0.88,0.50535846,0.46940312,0.93697226,1.0,1.0,0.882135,0.42960757,0.16824055,0.39166805,0.6546818,0.0007350018796606494,5.228545211663342e-05,-8.696723195145394e-05,0.004160489615116777,-0.00015392126297308524,0.0021022022161897363,-0.0008987542994725567,0.00012304206646874012,0.0004245818398042452,0.0004616334888746555,0.000904232869171216,-0.000547053844801525,0.03414619219154073,0.005661127508871515,0.0011786866943753493,0.003018856008988442,-0.0013277557720129225
0.8107461,0.52363324,0.6640068,0.94,0.70375025,0.98459446,0.88,0.4852069,0.4180081,1.0,1.0,1.0,0.33892548,0.33892548,0.49824053,0.6753045,0.5502374,0.0004956652904877995,-1.4349739506339642e-05,0.00034555814720407016,0.00199767709367624,-0.0007529559730757967,-0.002786014435955606,-0.00045147980483520507,-3.207893205801059e-05,-0.007041488603176226,-0.0019970556942931032,0.00016081020819243183,-0.0006656485530138192,-0.02391936468455301,-0.007611211364961886,9.924350535153553e-05,-0.0044975785843407974,3.6804943871803255e-05
0.55573463,0.37273678,0.81432164,0.7980352,0.94,0.88,0.19237466,0.5924069,0.5075715,1.0,1.0,1.0,0.41154447,0.41154447,0.6594905,0.81984997,0.4380152,0.002236505426181263,-0.0020193437820800247,3.2434999929870954e-05,0.002611356767075193,-0.004808783022952206,-0.0015130331606320534,0.0006638385629517878,0.0003794898954726937,-0.0012897991230514981,-0.003539177383866005,-0.0005762767293651264,-0.001045544820388034,-0.024778440689927395,-0.007657644563117358,-0.0011324569764756458,-0.014367121207769128,0.0017339355942954551
0.8489164,0.79244673,0.7342412,0.71955633,0.94,0.88,0.75121176,0.3544069,0.31037292,1.0,1.0,1.0,0.2516537,0.2516537,0.55574054,0.47530434,0.44690406,0.0002627885709007819,0.00026224675667417676,0.0003376122918330925,0.0015057106032628817,-0.004459656352021536,-0.000523365457938128,0.0002637823436600148,-8.80866025907356e-05,-0.009499862521067486,-0.0025997236056100725,-0.000116143377667874,-0.0011357052351782394,-0.03553739870241837,-0.007072353625461098,-0.00025730352680427426,0.0008300888677504852,0.0006009805497709902
0.8024712,0.85880697,0.86035544,0.96716094,0.94,0.88,0.8841149,0.44535843,0.78386784,0.9169722,1.0,1.0,0.6355685,0.6143022,0.57199055,0.27530444,0.30134848,0.0010289913134211759,-0.0006780794127847117,0.0008747168132853906,0.003813712526312386,-0.006202142825274004,-0.0006123187305056555,-0.0011445203827546379,1.7678541366880824e-05,0.014511015437791182,0.0010230982735559514,0.0005777164733411708,-0.0007075995905444593,0.015109621284524564,0.0037380036758313724,-0.0002928318013525899,0.003667116079141526,0.0024129283830553964
0.7876693,0.8000316,0.62474513,0.94,0.6772387,0.6880367,0.88,0.48215842,0.5474673,0.9169722,1.0,1.0,0.4438924,0.8674379,0.3969906,0.39166805,0.77912635,0.0005469253902291863,-0.0002958161437625255,0.0002714006554508553,0.00018016530242271554,0.0007109486884845581,0.0020128116627712725,-0.0009121252110268191,-0.0001470435426712844,0.002167192491448737,0.0003718512332641455,0.0009379166957222953,-0.00048547694728900195,-0.008600116805896103,0.00140666917276772,0.0008142806138497269,0.0017796606704556705,-0.0014194674417790042
0.9231587,0.9655172,0.4842473,0.47456238,0.47456238,0.88,0.88,0.82086146,0.6904877,0.4539741,0.4539741,1.0,1.0,0.55985487,0.82324046,0.7562136,0.7502374,-0.0008807788074558938,-0.00017204047832915524,-0.0003120163835098672,-0.0011657508877835378,0.0023559899964538883,-0.0002538027816305962,0.00015917278114736976,0.0024322152420730315,0.00748246832911525,0.005393792683286539,-0.007982665615428144,-0.0008102893702907099,0.04606557581272876,0.005030050849374324,-0.00144554459990351,-0.005648880715318358,-0.0012184534502327907
0.72496545,0.6547713,0.8466803,0.94,0.9742972,0.6523588,0.88,0.30120683,0.27129716,1.0,1.0,1.0,0.21997067,0.21997067,0.38574058,0.47803167,0.4635707,0.0006333661311791808,-0.00022465635241531833,-0.00022832387207522017,0.0017278317445444467,-0.004875890576740628,0.003489141307340708,-0.0002638543669083097,-0.0004806088520377749,-0.010851142224191779,-0.0025301676033180746,0.00013575062995829963,-0.0009085992108665356,-0.04183290231952174,-0.00811591282998487,0.0010205351865220011,0.0009397978393058907,0.0005429323241032392
0.90690005,0.9763592,0.4713904,0.99229723,0.40884206,0.88,0.88,0.7197584,0.76808184,0.93697226,1.0,1.0,0.8633837,0.57236475,0.77574056,0.5816681,0.6069041,3.5682307819158395e-05,2.8642603146532537e-05,-5.6866524691377816e-05,0.003769001601484749,0.0038705794682555622,-0.00022928079436954028,-0.000401398859973507,0.00040058926446499723,0.012027207266334399,0.0004397622950748636,0.0007695659690481116,-0.0010012532858395162,0.036004612664081254,0.007170780437508786,-0.0012702820960657907,-0.0015951352278327907,2.1778658957125208e-05
0.7909327,0.7175879,0.85462475,0.8375323,0.8967774,0.88,0.88,0.40080696,0.34167382,1.0,1.0,1.0,0.27703282,0.27703282,0.6257406,0.4380317,0.535793,0.0006564654850130171,-0.00014333957295399073,-0.0003400073874361066,0.0017315876755142278,-0.002544523968249878,-0.0008283503534024818,-0.00015966093597190366,-0.00019685618102890164,-0.0076032485602420645,-0.0022064662597136987,0.00016759757206887216,-0.000502225745760172,-0.030974475062946035,-0.00652619605400061,-0.0007003242433311675,0.001330751967057916,-0.0002979470869586369
0.8799769,0.66967493,0.8063198,0.8275716,0.76947296,0.88,0.88,0.5763099,0.4938489,0.6330234,1.0,0.6330234,0.400418,1.0,0.61824054,0.5871227,0.5935707,0.0012562683923412526,0.0016040837346083052,0.002091601138499476,0.0019229074037010194,-0.0006059345877133645,-0.0002552265358455951,-0.0018391444469402181,0.0004963112624134713,0.0002233756882221767,0.004538688786860892,0.0008507284641840804,0.00873424441217853,-0.011817127389212555,0.0007400347859174845,-0.0006064070790765839,-0.0010937889804376185,-0.00030403716796012276
0.8527626,0.7686094,0.6899885,0.90456796,0.94184995,0.88,0.88,0.54486144,0.47116607,0.39081845,0.39081845,1.0,1.0,0.38202655,0.3644905,0.61985,0.43357065,0.0003281263000913903,0.00021187177566348253,0.0007847234508506095,0.0026148777153366136,-0.006713922587638105,-0.00023345132600577893,-0.0006388013355982975,0.0009798620608567495,-0.0006101818423411247,0.0033246342095392943,-0.012977154010090492,-0.0009125746393083903,0.04658016780931853,0.006384473903264159,0.0001689599103640567,-0.002860181368065426,0.0013703049569676062
0.57583946,0.7201887,0.77527285,0.75976735,0.89401305,0.88,0.88,0.16240692,0.15393545,1.0,1.0,1.0,0.12481252,0.12481252,0.37074053,0.37075892,0.20579284,0.0006386976036693869,2.4280030468176415e-05,4.414956939342138e-05,0.0014068135404140523,-0.0029785558603539412,-0.0005196890353677962,-0.0005333672139390586,-0.0008536125438912245,-0.012423075104195706,-0.0022312718914075987,0.0001877987459072306,-0.0008886863361701287,-0.033858102654909766,-0.006480476586205608,0.0008599967573390731,0.00233149831716461,0.0028518249364921605
0.9231587,0.9655172,0.13315625,0.13049313,0.13049313,0.88,0.88,0.5621584,0.6367159,0.93697226,1.0,1.0,0.5162561,0.8384496,0.23324049,0.6671227,0.67023736,-0.0011569459111593463,0.0004592363936153727,-0.002417918254616141,-0.011454805460971218,0.012103731754430878,-0.0006263422992841897,-0.00017060447181923796,-0.00012964872150246184,0.006705692791931473,-0.001360893586216258,0.0006911933060541757,-0.0005318225648258976,-0.003382777686814888,0.0018777655126470461,0.003996037094111046,-0.002772754383411366,0.0008726079131771188
0.2554434,0.433635,0.8412255,0.94,0.9742972,0.81621236,0.88,0.3417585,0.44729304,0.9169722,1.0,1.0,0.36267003,0.8117789,0.12449038,0.34439528,0.43912622,-0.0032994438811445397,0.0021614164166536788,0.0011776642585265363,0.0019997007088866977,-0.007181893789667592,0.0006209452674450017,-0.0014572642218550055,-0.0010575160686440888,-0.004016836039920333,3.69476972664784e-05,0.0005019989373342251,-0.00047709141223980736,-0.020761681880581515,0.004099698538523194,0.0026287896872879773,0.0031214999392074074,0.0005212681340818978
0.9231587,0.9655172,0.26773334,0.26237866,0.26237866,0.88,0.88,0.57495844,0.6840902,0.93697226,1.0,1.0,0.79651177,0.55736655,0.45824045,0.56621355,0.58579296,-0.0005363992300660308,0.0020696852393659957,-0.0012497744149635637,-0.009026659187229988,0.00948911936617293,-0.00042800768750211453,-0.0001879394632886325,-0.000354760423951322,0.007958326210536182,-8.055406158369499e-05,0.00042063925842800246,-0.00037316855115648585,0.02474793598663894,0.003941085065427104,0.0007221399758272809,-0.0010868595509571537,0.0002850193481072196
0.8332404,0.61525655,0.59553254,0.5836219,0.9420575,0.88,0.88,0.30120698,0.269576,1.0,1.0,1.0,0.21857515,0.21857515,0.2182405,0.4062135,0.5880152,0.0005322750170328298,-0.00028905193581449455,0.0002962345746322566,0.0009089828531924811,-0.00394539071076846,-0.0007679464306477124,-0.00036651267492483194,-0.00021329316394053146,-0.011378493460398941,-0.00255674374382179,0.0003740084837535112,-0.000895085496801269,-0.04034971828631829,-0.009772615514589604,0.0019131065737724568,0.0026258055098976425,-0.0008461137029733072
0.70928943,0.41545364,0.8754192,0.91710013,0.7957861,0.88,0.88,0.6107101,0.5251576,0.7603034,0.7603034,1.0,1.0,0.42580345,0.61699057,0.5625772,0.51579297,0.0007584321852564892,-0.0031541926939129246,0.0008044578876435143,0.003348727573230132,-0.0034266747802749764,-0.0007037630783355014,-0.0004823948958055306,0.0009839530855984392,0.003668866986607417,0.002764057985329877,-0.0010633517434401104,-0.0007715772073987798,0.04527522212573223,0.007088968719682445,-6.522400785032434e-05,-0.0017342378639962847,0.0003383910441118593
0.52141064,0.65408564,0.81854767,0.94,0.8135969,0.51873934,0.88,0.24000701,0.21751373,1.0,1.0,1.0,0.17636247,0.17636247,0.42824048,0.2953044,0.43912622,0.0006751688535588324,-0.0008054808075283591,-0.0008865217502892881,0.0016547803302849927,-0.0031671351365053523,0.005801482106328859,-0.00025329405755050716,-0.00045902307042738704,-0.012119850506430625,-0.0019920942422854623,0.00042764612551448466,-0.000549297252597177,-0.03745425641267015,-0.007286419579751235,0.0006011780451143514,0.00434086898497463,0.0010092523768615786
0.91132885,0.682166,0.3461836,0.99229723,0.35523129,0.88,0.88,0.19840683,0.1821011,1.0,1.0,1.0,0.14764954,0.14764954,0.4344905,0.13712259,0.46912628,-4.756045217944909e-05,-0.000891629844520847,0.0014602463160605797,0.0020803672895384497,0.005234825136479756,-0.0006224398521239969,-0.00013788345502264122,-0.0014707750171092321,-0.016927673960344534,-0.00258240793118559,0.0001730403316888565,-0.0008646699585971471,-0.04017598343941959,-0.009482841056525925,0.000911883332671222,0.009960443444760684,0.0010833556480915978
0.79005873,0.015599197,0.89764494,0.94,0.99229723,0.8166729,0.88,0.3576068,0.31491208,1.0,1.0,1.0,0.2553341,0.2553341,0.60824054,0.3934863,0.4791263,0.00041129155432603347,-8.304422322900056e-05,0.00011792171991140803,0.0003002497305407821,-0.0027005943717211657,0.0002589704156634686,-0.00046158910541155686,-0.00021934884902989748,-0.00888200650386867,-0.002245052252429571,2.1171873561528914e-05,-0.000591389914903988,-0.02845445100516854,-0.0086857073306514,-0.0004347199159478554,0.0018294136288270575,0.0008088354046923652
0.7681472,0.7205859,0.74478036,0.72988474,0.8916575,0.88,0.88,0.25775832,0.45598376,0.93697226,1.0,1.0,0.36971655,0.8084108,0.3582405,0.27530435,0.38468182,0.0008798623607697357,0.0004748240382952131,0.0011152669346037667,0.0016787055907392823,-0.004579930322515553,-0.0012534133253189628,-0.0013169879199003696,0.0002813425610619788,-0.003950351813609702,-0.0007306722324206806,0.00022303762804996415,-0.0006183233092896301,-0.015182003903408688,0.004332023958373021,0.001549736627790934,0.0032107838061042437,-0.0004996782111715284
0.72554815,0.71275836,0.857474,0.94,0.87324166,0.6792382,0.88,0.53975844,0.52360356,0.93697226,1.0,1.0,0.42454344,0.9141007,0.33574045,0.62257713,0.44023737,0.001035282884380496,0.00046138216354999845,0.0014097048866821046,0.001817924806658103,-0.0035128739052627377,0.003144461369222553,-0.0024473840288484275,0.00040707884667895043,0.002308970522123168,-0.00022303373395652227,0.0006482986013205411,-0.0005272726741744721,-0.013979712878960791,0.004498517242983544,0.0013899674399839965,-0.0022906716668386466,0.0002996442310635277
0.59064144,0.59923846,0.8286161,0.8120438,0.94,0.88,0.45511663,0.17750992,0.16721696,0.93697226,0.93697226,0.9169722,1.0,1.0,0.14199054,0.13712259,0.35690403,-0.00027511287932387515,0.0006239451129338065,0.0023277060643773174,0.0013722233878566417,-0.004677444493144293,0.0001848429763325268,0.009772262056162129,0.001728429947683813,-0.0060794834436914335,0.0005301439926142873,0.00019122192415513747,0.0012744511621519653,0.03198937384600755,-0.008780443941284348,-0.001435590862246394,0.0012404099519536095,-0.0006878561692911041
0.7329491,0.8306761,0.72616327,0.94,0.94,0.8727212,0.8091359,0.5137585,0.49334106,0.9169722,1.0,1.0,0.8846436,0.40799606,0.6282405,0.5343953,0.45023748,0.0006769899369419687,0.00021278563111885296,0.0005879963605999486,0.003613840267792044,-0.007326639078281203,-0.0009554044504424269,0.000836834915532186,0.00043832991541620236,0.0016379659509284572,0.0006277923837326721,0.0011426950853275267,-0.000669774245411055,0.04356496369263852,0.004530344810362999,-0.0005685028469575394,-0.0005814345070087332,0.0019679901454958387
0.92228466,0.8341046,0.55443525,0.94,0.5969056,0.7275613,0.88,0.31200698,0.27570271,1.0,1.0,1.0,0.22354273,0.22354273,0.19699049,0.52621347,0.5635708,-4.481047293901922e-05,0.00028566425095790786,0.0007618284736911247,0.0021822258046379247,0.0013411795297706185,0.002040148381838021,-0.00034974740514119617,-0.0009189398441008194,-0.011396540999195988,-0.0024316485137496273,0.0003007595894028045,-0.0006020801837859669,-0.03910603079858038,-0.00749607466433365,0.0028565101359549357,-0.0006508506623607233,-0.0006685228631253322
0.7450702,0.77198356,0.7714923,0.75606245,0.9742972,0.88,0.88,0.41495842,0.4159853,0.9169722,1.0,1.0,0.9534251,0.33218086,0.48199052,0.441668,0.38468182,0.0009332012438200291,0.0002371476993909715,0.0007781302685494906,0.0032061789184657376,-0.01007051886585415,-0.0008487273002013577,-0.0007655499924471704,0.000439332695128225,-0.0015804037541057175,0.0012887318275881423,0.0006267218236415601,-0.00029621427756629736,0.05341299639740935,0.003744174749801842,0.00023282346200537897,0.00161075149478869,0.0018531339262992392
0.9231587,0.9655172,0.3652894,0.3579836,0.3579836,0.88,0.88,0.6881584,0.62313825,0.9169722,1.0,1.0,0.50524724,0.9262127,0.6157405,0.6443954,0.78357077,3.3185512833589175e-05,-0.0010139021237730804,-0.002101470556044052,-0.003697530947672546,0.004548510478700047,-0.0007239185714048432,-0.0007326034759331974,-0.0014425736125856818,0.006466191224911799,-0.0001282736550808691,0.00014565268418660128,-0.0009289983138866412,-0.003634307469744944,0.004372841388834522,-0.0007680290432274117,-0.0011066273606471933,0.0015401696392304445
0.656026,0.57907915,0.82805187,0.94,0.881113,0.43173182,0.88,0.4949585,0.56424516,0.9169722,1.0,1.0,0.7040499,0.5907787,0.18324041,0.4553044,0.8024596,0.0009413649690389523,-0.0022859544169957576,-0.00022212360362558668,0.0027351456133414094,-0.005172282373968413,0.004436857579403856,-0.0008200233741250584,0.0004424476394078655,0.004452185235144684,0.0005631910938417932,0.00047055021161257954,-0.0004081736777174913,0.020035723137151663,0.005824106563704641,0.001375395332691215,0.0009191369648059378,-0.0057508310483396306
0.9231587,0.9655172,0.26738012,0.2620325,0.2620325,0.88,0.88,0.6285585,0.59291285,0.9169722,1.0,1.0,0.8794391,0.51634413,0.64199054,0.5053044,0.755793,-0.00021769863897488695,0.0026464465057346276,0.00019220977062591683,-0.007060303555116847,0.007746951603158374,-0.0007288848142753407,-6.257332585707109e-05,-0.00010013888284949396,0.00563860968372119,0.0006778151213817629,0.0004883138536456852,-0.00037342099252825637,0.036034045629027324,0.004423943856486907,-0.0009599373802204837,2.515655668885862e-05,-0.0012847451356685707
0.8492077,0.9137103,0.7029235,0.9742972,0.7416854,0.88,0.88,0.45695838,0.5909081,0.93697226,1.0,1.0,0.80912346,0.46089616,0.39449054,0.5053045,0.44579282,0.0009724215028678062,-0.00023728231034225082,0.0006360539488861602,0.0030111464477829758,-0.0009718618754555608,-0.000650911041625461,-0.0006058411987429386,0.00034263022056867543,0.005912126935858287,9.993678590196765e-05,0.0012793192658562757,-0.0008695259831271284,0.030376106688679214,0.007110151389587795,0.000564282876101557,-0.0005918860017725639,0.0010492899141369637
0.9231587,0.9655172,0.07090388,0.0694858,0.0694858,0.88,0.88,0.38575843,0.33773655,0.93697226,1.0,0.93697226,0.27384043,1.0,0.2657404,0.62985,0.41912618,-0.0011732719759209808,-0.0005055685382996409,-0.005099496122792286,-0.013468764181255439,0.009496659151974049,-0.0007629462808323456,-0.0005761048668990057,0.0005406101346513156,-0.00909133839155321,-0.0011729603201007287,0.0003436479793393421,0.0008101512040948181,-0.026436744787993204,-0.0014559093059980707,0.0035210852570498356,-0.000887536059075245,-0.0022446459238052077
0.8524712,0.8528219,0.48805845,0.94,0.47829726,0.7492734,0.88,0.7601585,0.9397724,0.93697226,1.0,1.0,0.7619776,0.7079667,0.7944905,0.8280318,0.545793,0.00030280750092823286,-0.00013814241708351205,0.00026221298084923864,0.003245609829278781,0.003211827000131385,0.0006948038164495387,-0.00039183835558876523,0.0013366431463860354,0.015941704597740865,0.0003338276428795803,0.000765809550387222,-0.0009806346028627734,0.02468279029205998,0.002064558438154418,-0.0008016828473791333,-0.006885181159084271,0.00011696732492641946
0.9069,0.73367774,0.7956865,0.77977276,0.8091856,0.88,0.88,0.40320694,0.350472,1.0,1.0,1.0,0.28416649,0.28416649,0.5132405,0.5153045,0.5880152,0.0005758641448193435,-2.5801873639624303e-05,1.0938477475087096e-05,0.0017168589171347758,-0.0018521207093338326,-0.0008540084668740066,-0.00012420884612557664,-0.00023464885020664544,-0.008639389775885789,-0.0027259359301210623,0.00020583679396263447,-0.00107055720307299,-0.03247745058600235,-0.008918345964660903,0.0002533022433336896,-0.0004396218200725455,-0.0005446945460247211
0.9231587,0.9655172,0.31155005,0.30531904,0.30531904,0.88,0.88,0.5596069,0.47638234,1.0,1.0,1.0,0.38625595,0.38625595,0.5969905,0.51348627,0.80245966,-0.0012154873349386694,0.00050513905946648,-6.701559092523743e-05,-0.002957827418514868,0.004092932754699363,-0.0013178508927843475,-0.00010982750099498323,-4.615420852269862e-05,-0.003457324788226026,-0.002941088369493438,5.399816978836902e-05,-0.0017414677040408944,-0.0212920610123235,-0.005340545849866636,-0.0009229697963538703,-0.0003597184948287225,-0.003450865853761233
0.8211193,0.84414625,0.7958593,0.94,0.94,0.8986786,0.8836999,0.57415843,0.6436677,0.93697226,1.0,1.0,0.5218927,0.81082255,0.4632405,0.5634863,0.5502374,0.0011297333707353209,-0.0007032022054664985,0.0014089528467956273,0.0016771184643694433,-0.005042328950695399,-0.0013370680293110504,-0.0018284234057697934,0.00015124011146391795,0.00882468888331772,0.00028446216867426333,0.0015407175966040947,-0.0005410078534734928,-0.0007401258435655619,0.003897157215965539,0.00026237204484592984,-0.0011968381550023688,8.589197300189533e-05
0.748625,0.43698278,0.6404772,0.9742972,0.59717965,0.88,0.88,0.43935844,0.7030651,0.93697226,1.0,1.0,0.7217646,0.56258,0.39699054,0.4816681,0.41912618,0.00020092990777781643,-0.00203213518736411,0.0004318424893505925,0.003928610407393293,0.0022784426017025718,-0.0005864882170059467,-0.0008989437814706498,0.00016870162806790164,0.01140725267198301,0.0002702782694058281,0.0004531553981689232,-0.0009301493198080368,0.022549650163927862,0.006061648273254486,-8.87006914822617e-06,-4.689919661633243e-05,0.0020464324618032818
0.9231587,0.9655172,0.23171763,0.22708328,0.22708328,0.88,0.88,0.6473585,0.6772338,0.9169722,1.0,1.0,0.5491085,0.83440775,0.5794906,0.5416681,0.68134856,-0.0009466432850302946,-7.012734180700878e-05,-0.0029982934647274336,-0.009487705329205154,0.008493044143274439,-0.0005687705017275114,-0.000741524430488104,-0.0006518627760086133,0.009048206856716763,0.0002239776480433107,0.0005420610105878378,-0.0006342093852043402,-0.0005131825425874093,-0.0008216046871937594,-0.0004506031466600071,-0.00021161912340644085,0.0012177160377325506
0.78766924,0.54027957,0.6341642,0.94,0.80772734,0.94859445,0.88,0.29895842,0.583934,0.9169722,1.0,1.0,0.61743426,0.5848418,0.10074043,0.56439537,0.40245956,0.0012439510366678026,-0.0006478386625380981,0.0005173348816342051,0.004246834053550885,-0.003612599069627484,-0.0025943045082190653,-0.0010364721473817375,-0.0016378041314097475,0.0051219699979931,0.0006964259047731419,0.0008179154865440857,-0.000529980156753809,0.012529335492791305,0.0033216627819502398,0.0014960181373024472,-0.0024350311913207685,0.0026750269260523065
0.5524712,0.6100941,0.60349447,0.9363606,0.94,0.88,0.5273442,0.44791,0.39030886,0.54207706,1.0,0.54207706,0.31646663,1.0,0.27949047,0.6580317,0.29690403,-0.00047350171138849773,0.0033759324165652626,0.0006583041451196074,0.0019391307131819352,-0.0050564003434115275,-0.0005729382350767099,0.008399908340120197,-0.0006919407781945794,-0.00471742714498319,0.009940548424871585,0.000641026308410555,0.009834418313297878,-0.019147133602689114,0.005915725851272762,0.002227501886642232,-0.003032663288961893,0.0012984002551641044
0.67968565,0.7727125,0.79051334,0.96814126,0.74405915,0.88,0.88,0.32870987,0.2892771,0.6553457,1.0,0.6553457,0.23454902,1.0,0.37324047,0.34712264,0.37245962,0.00039679846439541076,-0.00031649859597777843,0.0010537778243696636,0.001860901741796079,-0.0005974931658227608,-0.0008736062935061384,-0.0014103067681933007,-0.0006908167685969257,-0.010061589031018614,0.007603427536611812,0.0007536338490913058,0.007638681842177328,-0.030249452261684365,0.0022008339311190726,0.001009231616576447,0.0021346461329745524,0.00017636422454164809
0.82082796,0.077220045,0.68141747,0.909952,0.802858,0.88,0.88,0.39295837,0.34605652,0.9169722,0.9169722,1.0,1.0,0.28058636,0.14699042,0.4971226,0.6613486,0.00017738917945899445,-0.0145173536033953,-0.0003801497902124015,0.0031668428066173914,-0.003138783969441378,-0.000646417564113074,-0.00015023216579805474,-0.0005124181621883541,-0.007030105255647543,0.0004660504391049475,0.0010421443530704403,-0.0006324184262824378,0.04693864325383443,-0.0050152091473400825,0.0014561467382057753,0.0005198578287849549,-0.004039542313928844
0.91132885,0.682166,0.3461836,0.99229723,0.35523129,0.88,0.88,0.3341584,0.4041339,0.93697226,1.0,1.0,0.8971085,0.30903906,0.47324055,0.13712259,0.46912628,-0.00017284037289422378,-0.0009807287741518784,-0.0001867282576872791,0.004137447903097107,0.005615331294654181,-0.0007988844624180404,-0.00127797165705409,-3.220758214918435e-05,-0.0032375245399621677,-1.771284961318122e-05,0.0003957000732330351,-0.0003102787898178987,0.04000339934560454,0.005864760541941223,0.0006156715692473676,0.009025366298043892,0.001380331230389333
0.85247123,0.73816216,0.75277126,0.94,0.6935538,0.7661498,0.88,0.6469585,0.84604335,0.9169722,1.0,1.0,0.7703785,0.62004566,0.61949056,0.70075905,0.50023735,0.0003243415727251201,-0.000145429681196544,0.0006309494892206314,0.003861824389470884,-0.00036892541981095627,0.00036630094575804454,-0.0004461339006802252,0.0013425936778983195,0.011690278892841728,0.00044938671786960363,0.00035269693480442235,-0.0006634589135156682,0.025572985658200816,0.0037668811937771464,-4.6601055834624626e-05,-0.005267008041226312,0.0007924765554077015
0.8069,0.8341046,0.56291676,0.9742972,0.84154665,0.88,0.88,0.43575835,0.3190154,0.9169722,1.0,1.0,0.9381185,0.3141183,0.24824047,0.43621358,0.44023737,0.0004128041212438562,0.0007164955121547811,0.0002174523228977468,0.004225019672903349,-0.0036850099492751263,-0.0008185949682057947,-0.0012375191764132914,0.00037425234240269045,-0.009156466279132665,0.0005136542837992726,0.0013091933218716595,-0.0005280283529828372,0.04835097102289791,0.0048244896626260326,0.0017755165535431508,0.0018842762601138999,0.0010892680669063936
0.5983337,0.5517484,0.66662973,0.94184995,0.94,0.88,0.49132845,0.37615845,0.7281831,0.9169722,1.0,1.0,0.5904187,0.6064844,0.3019905,0.6053045,0.23468177,-0.00016285090503998783,0.00019218195326699508,0.0005310960407553348,0.003983083092892922,-0.00679252430272101,-0.0008025008749221026,0.004940986459412352,-0.0009695233417255865,0.009079006625471066,0.000516501975200478,0.0006187572526066929,-0.0006871961010136596,0.007873800946066396,0.004654277505762543,-0.00022497436922616103,-0.0037069690582958335,0.005166600833981643
0.8989164,0.87916917,0.8454047,0.8284966,0.94,0.88,0.7078924,0.6469585,0.8501943,0.93697226,1.0,1.0,0.68934673,0.7187081,0.6982405,0.6580317,0.49468178,0.0009359780730450371,-0.0009568335540005682,0.001442956256380333,0.0026741735683263428,-0.005590760052024002,-0.00027555691095281935,0.0016920689367657456,0.0009981649595079275,0.012186575175591834,0.0002814261192318388,0.00040067756268454213,-0.0008156189420608228,0.016683456008358948,0.00414646842317048,-0.0002699458549535937,-0.004438333240842334,0.0010729652529891493
0.7865039,0.79574364,0.85670185,0.94,0.9742972,0.77157223,0.88,0.5885585,0.75735366,0.9169722,1.0,1.0,0.61407053,0.7817667,0.4269905,0.7216681,0.69801515,0.0008692201476397812,0.00020866875300150508,0.000669788658758367,0.0014166775743864562,-0.005549283531408878,0.0005217614108097772,-0.0007406657939091892,0.001371015589817805,0.009779676360962594,0.0004028551734388397,0.0008554919195038931,-0.001216191101998761,0.007419709116173437,0.0063257217663431845,0.000518272140627088,-0.00703656448349907,-0.0024190199454463923
0.8521799,0.29205373,0.9481089,0.94,0.94,0.713937,0.09878234,0.6277585,0.80963075,0.93697226,1.0,1.0,0.65645736,0.7553976,0.6594905,0.6798499,0.4502374,-0.00011744803143578536,-0.001007343554666696,0.0015265463138984003,0.004897952018135681,-0.004490360832370565,0.00047285376186711233,0.00256124469561839,0.0004508123466251961,0.012325007437562206,0.0009075154841787368,9.522798658076347e-05,-0.0017427301848412203,0.016819588347194003,0.009942842552961809,-0.0006534773780044001,-0.00656758750134992,0.001181399036307311
0.8412241,0.82385707,0.68808764,0.81901574,0.94,0.88,0.71567416,0.47200698,0.4111775,1.0,1.0,1.0,0.33338714,0.33338714,0.52449054,0.64984995,0.6035707,0.00032967003814263305,9.570145862787592e-05,0.00028731112900915926,0.001972276954884419,-0.004105817934957775,-0.0009920430099644947,0.000642549886740305,-0.000194246068602541,-0.006473728974316468,-0.0022348235758744843,0.00014322987218446927,-0.0008895712822317975,-0.030848460145288928,-0.008279716934438953,2.0638374702339192e-05,-0.004757096299190523,-0.0009244978915559082
0.54005873,0.5267661,0.9081867,0.94,0.94,0.3710487,0.7562161,0.42200685,0.36875764,1.0,1.0,1.0,0.29899266,0.29899266,0.64824057,0.6571227,0.38468182,0.0009052823746038432,3.296825599895362e-05,-7.04669559857765e-05,0.001645290280553371,-0.004763460796913269,0.010657146432787735,0.0009280791417518781,-0.000649573593326405,-0.008989331796696113,-0.003032293486133345,0.00029977860896123127,-0.0012284104218154878,-0.03296514222804077,-0.010168961218552349,-0.001002600610316714,-0.004959035626866142,0.0027750382725024976
0.19833373,0.530268,0.68307525,0.94,0.9742972,0.37511092,0.88,0.23335831,0.6062546,0.9169722,1.0,1.0,0.49155775,0.6178725,0.10074043,0.42348626,0.073570676,-0.0019177276545131777,0.0007469551569835993,9.225882375579038e-05,0.0008273594897180387,-0.007716929458111065,0.007963749172615494,-0.001276165361953881,-0.004782920754239404,0.0061407069687596395,0.0006311398290966798,0.0012435488220630003,-0.0003411559503547118,-0.002563835562369627,0.0016356569364481654,0.0035488974604435436,0.0011992993013342638,0.007172473222314568
0.6640097,0.35937986,0.9233832,0.94,0.79771954,0.72358423,0.88,0.39215842,0.5634791,0.9169722,1.0,1.0,0.45687497,0.749656,0.26199043,0.24530436,0.4380151,-8.935079510270462e-06,0.0009684995503223384,0.0019825435294298205,0.00216758981521944,-0.0017091202825457172,0.0014226163459344085,-0.0011427967067789326,-0.00010231805990242008,0.005601159991803713,0.0009491291215815642,0.0006508435939102622,-0.0004911401890355219,-0.005056599694058525,0.003800313743955267,0.0003573774828682534,0.003355671379095983,0.0009575999364858787
0.821702,0.48739475,0.7916001,0.94,0.9216745,0.75608623,0.88,0.4581584,0.74141985,0.93697226,1.0,1.0,0.6011512,0.6686737,0.42699057,0.6071226,0.38579294,0.0007170745553551208,0.0009475521424270344,0.0009878123809190992,0.0027780841149821277,-0.005156070143511191,0.0006767830537026473,-0.0007756613485119068,-0.00033740966694171295,0.009366514394146734,0.00020411239691806753,0.00038097600933967134,-0.00091131486259252,0.009057155948204602,0.004160623029565085,-3.514997643564394e-05,-0.002757269301432088,0.002718029388843116
0.9231587,0.9655172,0.30223358,0.2961889,0.2961889,0.88,0.88,0.512007,0.444435,1.0,1.0,1.0,0.3603527,0.3603527,0.6357405,0.7071227,0.44579282,-0.0011859557864228431,0.0005643009551913764,0.0008726580358977071,-0.003647998428654604,0.006276159050606578,-0.0008832633091748362,0.0003148030665156129,0.0005222673960513246,-0.006762817114271122,-0.003157006571483584,0.00023647402739095742,-0.0009715843950647429,-0.02840000457390806,-0.003730301374944475,-0.0012389434217312699,-0.005610552090495178,0.0012203271061409606
0.6566087,0.9690646,0.78129745,0.9742972,0.82141984,0.88,0.88,0.3421585,0.2978473,0.93697226,1.0,1.0,0.98878,0.2639005,0.14199054,0.5043953,0.5335707,-0.00035584378981311655,0.0013091503801463498,-1.8818828337629213e-05,0.0011994723602906238,-0.0027299618822483386,-0.0010389656185026991,-0.0012392597814883952,-0.0019602759761475873,-0.008845538674619166,-0.00037502655700590503,0.0006682804315882001,-0.000799314513100105,0.055236547460795295,0.0051067764941749435,0.0031749331838062927,-0.0002933020405171445,-0.00020871256997071703
0.24833377,0.57589054,0.94917023,0.9476599,0.909952,0.88,0.88,0.2977584,0.74394405,0.93697226,1.0,1.0,0.66216624,0.5232948,0.5807405,0.22166799,0.25912625,-0.002531620838272886,0.00024376096011868278,0.000554109779621282,0.002757659702134919,-0.0054120714211398245,-0.0007067844298812049,-0.0023968996308600297,-0.0017965253349472964,0.015100285165795419,0.0004911705299594565,0.000754175173482784,-0.000310999734913312,0.018545004104293095,0.00419944698157592,-8.579157872678944e-05,0.007321517049408917,0.004391040704014536
0.9231587,0.9655172,0.13188042,0.12924281,0.12924281,0.88,0.88,0.3801584,0.5407286,0.93697226,1.0,1.0,0.8157291,0.41287577,0.5669905,0.13712259,0.5246819,-0.00026626770568821337,0.0017648033028941057,-0.0026962710967940945,-0.01515649061219252,0.014604337534010838,-0.000745595062752695,-0.0005517602983310307,0.00034500411374920053,0.002902327516733603,-0.00014710171752852744,0.0005696020367353006,-0.0006075602579482803,0.035006503201727664,0.0059961950885788285,-0.00027634717114766427,0.00787556178434335,-0.00013884292210295183
0.9231587,0.9655172,0.25086656,0.24584925,0.24584925,0.88,0.88,0.503607,0.42872745,1.0,1.0,1.0,0.34761685,0.34761685,0.78074056,0.43348616,0.6724597,-0.0016490303359298997,0.0009974500228821896,0.0008601484899773613,-0.005179393967370374,0.005466843775781088,-0.0007437634966095803,0.00011284785534731996,9.935180399843747e-05,-0.005231727301699856,-0.0034770453528271393,0.00013209565366726654,-0.0012354729260990332,-0.03009593663684317,-0.0037633808175553795,-0.002651609523632596,0.001618430420422637,-0.002015463412798667
0.9231587,0.9655172,0.24057153,0.2357601,0.2357601,0.88,0.88,0.50870985,0.44003692,0.6756142,0.6756142,1.0,1.0,0.3567867,0.54574054,0.6343954,0.48468176,-0.0008784834984483274,0.0004347077294804673,-0.0007700484395768066,-0.005426269806636872,0.008617334092319547,-0.00037528437537283333,-4.546652110025459e-05,0.0003873808711160505,-0.00025322554407543405,0.00490348724970679,-0.0033741936627848575,-0.0009206178166192647,0.05114377853009207,0.008382488229023499,-0.00016876700384421784,-0.003485941274064044,-1.988969570751436e-05
0.74034995,0.36392403,0.74789774,0.7329398,0.94,0.88,0.88044995,0.33680695,0.296653,1.0,1.0,1.0,0.24052945,0.24052945,0.53574055,0.48803174,0.4035707,0.0005072920706595117,0.0003593236425463969,-4.424870840291409e-05,0.000959557171131045,-0.0025257849561332434,-0.0007313905372308249,-0.00037864969174576364,-0.00010665985468152318,-0.008892189481505119,-0.002448015981027246,0.00031968297126760297,-0.0010840777741004525,-0.025918128786147597,-0.0067902987642523395,-2.416059890929535e-05,0.00016017406743713423,0.0011376039772336378
0.72141063,0.7068375,0.8728752,0.94,0.8219249,0.57993144,0.88,0.51495844,0.5753394,0.9169722,1.0,1.0,0.83225983,0.48717996,0.45824057,0.52439535,0.5880152,0.0005867449016453405,-0.00026180302019203995,0.0006796574299455197,0.00385160499312107,-0.0031103632717076075,0.0022480762185925736,-0.0007591698557602375,0.0006090151358939877,0.004276042520026994,0.00031719680243711844,0.0007009345501723684,-0.0005477116163450226,0.027403489346530172,0.00591221367101249,1.685912690805846e-05,-0.0009911350124834017,-0.001078534720236562
0.43265775,0.6720197,0.8773962,0.94,0.94,0.52771604,0.39956564,0.26240686,0.23835123,1.0,1.0,1.0,0.19325775,0.19325775,0.3019904,0.46894082,0.34579298,0.0017998198779175395,0.0001685182057637165,-0.0002949540905983568,0.00169159920130321,-0.004332301903464122,0.005867224880933869,0.002383338217508333,-0.0008018247713600785,-0.013902798258885508,-0.0021530385653841717,0.00034728487609908933,-0.000797044259684942,-0.039796829542632924,-0.0126839453595405,0.001893658878121822,0.00137883397350487,0.0026260495089012654
0.43265775,0.6720197,0.8773962,0.94,0.94,0.52771604,0.39956564,0.38535836,0.3945775,0.9169722,1.0,1.0,0.31992772,0.9381185,0.3019904,0.46894082,0.43357074,-0.0007418649899569135,0.0013089080103558474,0.0024855670421355973,0.002359227369262642,-0.005227726453800262,0.006444773845302657,0.011395713120078962,-0.00032433889043651936,-0.004436847860375769,0.00045059200225639167,0.000720387850469523,-0.0007610799490590431,-0.023238657127527474,0.005425035840868908,0.0015776436338659882,0.000631069621023725,-8.752696219738426e-05
0.4483337,0.6236855,0.8859103,0.9476599,0.94,0.88,0.54346406,0.36320695,0.31459597,1.0,1.0,1.0,0.2550778,0.2550778,0.7269905,0.32984993,0.5313485,0.00017920466877651735,-0.00011469008655226166,-0.0006723606912958813,0.0011821555950403623,-0.004098481407522876,-0.00038968729867372166,0.0021013806343467096,-0.00017515627119563647,-0.01095148744288521,-0.002410197000773272,8.728057921323983e-05,-0.0011448181578995464,-0.03155244328159877,-0.011187838061664622,-0.0013417601089696877,0.005286709558645163,8.717329671331437e-05
0.9098722,0.741936,0.8060739,0.8539462,0.94,0.88,0.59104073,0.54495835,0.71100926,0.93697226,1.0,1.0,0.57649404,0.8166936,0.48199058,0.6198499,0.47357062,0.00022190602037413298,0.0003086933867333911,0.0018158527814240216,0.0037707999404091074,-0.006934958396338862,-0.0004240905541623008,0.0033903530991966557,9.477061257285198e-05,0.01112500864215383,0.0006727618997070855,0.0006107880737711319,-0.0007645904886728666,0.006642046411379867,0.007098503939029432,0.0002327465285378709,-0.004196933179083328,0.0005144838170819311
0.83708656,0.763016,0.8554791,0.9433281,0.96716094,0.88,0.88,0.77655846,0.8077029,0.93697226,1.0,1.0,0.6548943,0.8185264,0.75949055,0.7216682,0.736904,0.0009814097174533762,0.00036118054530471876,0.0010304722435504317,0.0020591472214030525,-0.0050794753826880505,-0.0005811795775436886,-0.0008584691039541379,0.002875962971516644,0.011828410323844967,0.00028550962659296754,0.0008816501464065712,-0.0008607155814292655,0.013292186289469748,0.006924788807308255,-0.000590782772711147,-0.007572197664538384,-0.0038889878648533157
0.7950703,0.8421699,0.83617324,0.86768097,0.94022495,0.88,0.88,0.48495856,0.5293607,0.9169722,1.0,1.0,0.8655786,0.4140153,0.69199055,0.32166803,0.47579288,0.0006468216569331306,0.0004666350983189026,0.0005506835633348506,0.0025935143681523206,-0.005583474296171026,-0.0009822693237374722,-0.0008613586398703798,0.00037220081726141473,0.002054523489704881,0.0005439875814670425,0.0004722389792553892,-0.0003222162779955581,0.033463665641139034,0.004803665205517249,-0.0010954936546043784,0.003633299647742015,0.0006172051773495017
0.5524712,0.6583782,0.4849553,0.9742972,0.94,0.88,0.5237187,0.3177584,0.45036745,0.9169722,1.0,1.0,0.3651628,0.86579114,0.24074042,0.3889408,0.4824596,-0.0006734505025879838,0.0011526788669418355,-3.601253385604505e-05,0.0035651536582891772,-0.006523174687980315,-0.0012460217626027409,0.007662773369453174,-0.00042875734798398027,-0.0032465191683761483,0.0001605488339004675,0.0009114350151334419,-0.0006586734009090486,-0.020843067894416024,0.0054427249017835935,0.0020722830283073502,0.0023722090392374277,-0.0001642937562448246
0.7566087,0.7449027,0.512947,0.96716094,0.94,0.88,0.6240871,0.42175835,0.65488267,0.9169722,1.0,1.0,0.7195437,0.5649105,0.46949053,0.45803174,0.49468178,0.0007163637567733146,3.274184127552758e-05,0.00040640784854811563,0.0038364370639149404,-0.006353730134679229,-0.0005165636220570948,0.0038224545413282763,-0.00038072432626465194,0.00670971034089178,0.00056241826324536,0.000517994644420153,-0.0004362284620409579,0.020792499766441833,0.005272785501456984,0.00014639823195016028,0.0008065970325217857,0.0007659448959077187
0.7749654,0.41040152,0.76278937,0.94,0.94,0.78728664,0.23606576,0.4575099,0.3978774,0.7603034,1.0,0.7603034,0.32260332,1.0,0.48324054,0.3834863,0.5602374,0.0010170767236711536,0.0010692822454404487,0.0017670440109948133,0.005707122898800306,-0.005621652915386557,0.0006073291686450434,0.008276672640094783,0.0003633685144942261,-0.004916851197440434,0.005432572542098632,0.00011181094644455408,0.00795511159355246,-0.020979237963647895,0.014299650553288204,0.0002385728986263641,0.0031269478497706403,4.3209004500226817e-05
0.032657824,0.48557875,0.8248791,0.94,0.878108,0.32327133,0.88,0.18480697,0.16892102,1.0,1.0,1.0,0.136963,0.136963,0.41199058,0.28621352,0.38912624,0.0015206534577867975,-0.0016403845142417223,-0.0011085247701942992,0.0013154849191843688,-0.004157800025599454,0.010882643620958256,-0.0005152774930194904,-0.0019816823229047154,-0.016416774894855272,-0.0032553249764459367,0.00032343261248504957,-0.0009179630658163136,-0.045676382838917534,-0.007811661951486245,0.0008569849464839163,0.005798527107273385,0.002409957442241458
0.35987213,0.646919,0.82793486,0.94,0.8395678,0.49595353,0.88,0.5049584,0.79908156,0.93697226,1.0,1.0,0.647904,0.65433854,0.3019905,0.6753045,0.55023736,-0.0014938928540735863,-0.0003026163025852231,-0.0012555292299786139,0.0014927213197834207,-0.004040564920461922,0.004888879639179162,-0.001094193570239941,0.0006817969069451246,0.011065922940736848,-0.00044960532400148146,0.000719050902377174,-0.0001087337153553844,0.014402426989732238,0.0032894208715755755,0.0010907297949417749,-0.005948436737868419,-0.00038866162336194534
0.60544336,0.6132467,0.87128735,0.94,0.9742972,0.47136617,0.88,0.52935845,0.7862282,0.93697226,1.0,1.0,0.63748235,0.68188655,0.6307405,0.5043953,0.49468178,-0.00021716263728244092,-0.00033993339832399613,0.0005857016721668441,0.0030080651885724652,-0.007321704919262293,0.0029879507817928055,-0.000993451216316763,0.0007317156485845692,0.010826804382841232,0.00010978535418117211,0.0007888594780820601,-0.00045182620876801113,0.010690045026825766,0.0030297980572607996,6.822113769605674e-05,-0.0003902358653676845,0.0006125118896700921
0.70958084,0.73375285,0.8755021,0.9742972,0.94184995,0.88,0.88,0.2816069,0.25167838,1.0,1.0,1.0,0.20406355,0.20406355,0.5982405,0.22712256,0.4257929,0.0006584678527425578,-0.00013496493519548917,-0.00029189350180184865,0.0022570145069892144,-0.004242386086707768,-0.000943592018282608,-0.00048256148984216954,-0.00042418819851177417,-0.012704158858648335,-0.0019573779266944323,0.0002610275365300542,-0.0005671898788635643,-0.038112724613134176,-0.007993965121671543,-0.00038890370527065314,0.006279258473321831,0.001485962857649324
0.9231587,0.9655172,0.50185746,0.4918203,0.4918203,0.88,0.88,0.8734129,0.7431066,0.29499024,0.29499024,1.0,1.0,0.60251886,0.6744905,0.8580318,0.6713486,-0.0005953847432953423,-0.0008322348702937181,-0.0004014256121920025,-0.0016016232789107824,0.003226908237982214,-9.281114341072401e-05,-2.762677239728416e-05,0.005202947507124318,0.00788190138266397,0.007065870588916282,-0.010664943249513276,-0.00034438690317948467,0.040225120740944184,0.0019350890775598703,-0.0009860482895218488,-0.009069764429110767,-0.001332504234788997
0.86045486,0.7205859,0.9283506,0.9097836,0.8916575,0.88,0.88,0.40175843,0.630253,0.9169722,1.0,1.0,0.51101595,0.7380117,0.7944905,0.21530437,0.38468182,0.001078000673045715,0.0008236714752619078,0.0036318453788713114,0.0035724765909654842,-0.0038310807726230057,-0.0006882619614096221,-0.00106506532105538,0.0004256639538002414,0.0075019835309128565,0.0006484971498874376,0.0006205676546373409,-0.0012783053521966015,0.00023210458744533826,0.0022252359379492325,-0.0010848904114430411,0.0023804670012261284,-0.00038132193026134506
0.922576,0.9105279,0.67858946,0.66501766,0.99229723,0.88,0.88,0.41935837,0.8823995,0.93697226,1.0,1.0,0.76281106,0.48703906,0.61574054,0.5216681,0.15912639,-0.0006316809850079962,9.476077359061445e-05,0.0010872038046650754,0.000864284875980666,-0.009831589629870897,-0.00021709972725569265,-0.00040961539120904313,5.909101783694708e-05,0.01854457710289899,0.0006210017732908139,0.0005830052519335647,-0.0006071786351332153,0.023819800222501332,0.004572499951851484,0.00019126090769946164,-0.0009301606836027501,0.0019748141796832866
0.8373779,0.90331304,0.25805923,0.94,0.25289807,0.8078431,0.88,0.51215845,0.5259705,0.9169722,1.0,1.0,0.4264626,0.9034137,0.4632405,0.5153044,0.5891263,0.000429344567733437,-0.0004058829251041359,-0.0004353721793459772,0.004204980888496491,0.007000888444096484,0.0004610388425524754,-0.000681214712348418,0.00012759787832944446,0.0014984659227270756,0.0003191536746796074,0.000717770277052664,-0.0003004759197951609,-0.009493128425883138,0.0001391557141197445,0.0007243740125672548,-0.0004189048470470904,9.865555577806388e-05
0.7758395,0.68955535,0.779319,0.8732453,0.94,0.88,0.5598842,0.4801584,0.65762234,0.93697226,1.0,1.0,0.5332073,0.76462305,0.61824054,0.48348626,0.3624596,0.001090839188024877,0.0010133269920177363,0.0025906744887627016,0.004578846205469031,-0.00653115050624553,-0.000654317025397342,0.005860453120271654,0.00033242001210089265,0.00846190228659243,5.183086130452693e-05,0.0005474918061741723,-0.0012910654747494887,0.0024112852824070795,0.005196448924521742,-0.00031896190005214613,0.000251215080271628,7.358309216923741e-05
0.9231587,0.9655172,0.09577088,0.09385546,0.09385546,0.88,0.88,0.30880693,0.27361795,1.0,1.0,1.0,0.2218524,0.2218524,0.51699054,0.4198499,0.3946818,-0.0010233240565930756,0.000639358646866946,0.0009349325655749071,-0.0074933230078762444,0.007664231559171211,-0.000733508386090109,-0.00010517086206537144,9.362832134153906e-05,-0.009335458888207127,-0.0022225155122437036,-0.0001642497409716992,-0.0008291037040965857,-0.030047629408706766,-0.0031801801803618417,0.00011292975456233013,0.0016906299132339248,0.0013596853639519732
0.9231587,0.9655172,0.44500914,0.43610898,0.43610898,0.88,0.88,0.7175099,0.61359566,0.6756142,0.6756142,1.0,1.0,0.49751,0.58699054,0.7434863,0.6435708,-0.00035860323941631607,0.00022888275681954098,-0.0004998659683499768,-0.0023977065195332154,0.002807423015835253,-0.0005253366465932833,-0.00021374655465882468,0.001460960957043055,0.005511763420835858,0.0037363525312268785,-0.004207057778794408,-0.0006985180538377295,0.04572375261170905,0.0054999396507777795,-0.00022158518810175924,-0.005595946494211647,-0.0007520273652930515
0.9231587,0.9655172,0.35629925,0.34917325,0.34917325,0.88,0.88,0.71351004,0.604856,0.48083293,1.0,0.48083293,0.4904238,1.0,0.6919905,0.6753045,0.70023733,0.0005097036954229784,-0.002209166223311923,-0.002357470477407503,-7.953179200695053e-06,0.00254328830162992,-0.00017935693442901678,-0.0016558940057171934,0.00013103855656872507,0.004566730030599517,0.003673221009215954,0.0005357342677309734,0.009141435754750014,-0.003178263148317205,-0.004777456263033627,-0.0018630342438856536,0.0006784720423468825,0.0005279624898697414
0.9231587,0.9655172,0.3652894,0.3579836,0.3579836,0.88,0.88,0.60190994,0.51143163,0.93697226,0.93697226,0.93697226,1.0,1.0,0.5744905,0.6443954,0.6535708,0.0005589284354437463,0.0002993419254700006,-0.0016948673484500792,-0.0036053468788937266,0.00474041847970145,-0.0005035570219801257,-0.0007250397483554849,-8.084026073999476e-05,0.002512457544065816,3.758309169102294e-05,-4.019626544258808e-05,0.0002646306617286784,0.041029430895998316,-0.006865638061257718,-0.00023271489575195744,-0.0008394420091611846,0.00020983443044172507
0.9107462,0.54708195,0.7355127,0.99229723,0.94,0.88,0.39461508,0.60295844,0.5188455,0.93697226,0.93697226,1.0,1.0,0.42068553,0.70449054,0.60894084,0.635793,-0.001059071811265804,-0.002544114537938128,0.0003267955851876395,0.0037579962295325657,-0.003497698078947884,-0.0006807815115087998,0.0006145138421145394,0.0009037200716828666,0.002602446499687493,5.93343920380906e-05,0.0011364289525530571,-0.001143436295285134,0.05051573560801095,-0.002589244531226658,-0.0019867306567520303,-0.004690745672618361,-0.0031508155540268235
0.9231587,0.9655172,0.38072103,0.37310663,0.37310663,0.88,0.88,0.7429584,0.7954359,0.93697226,1.0,1.0,0.64494807,0.81476384,0.5544905,0.78984994,0.7035708,-0.0001375262701646635,0.0005456152969383149,-0.00091381602649121,-0.004409206588493765,0.0058280482309410585,-0.0007557360949174612,-0.00012029571999489245,-0.0002674847323036222,0.01386658919364797,0.0002043480893500348,0.0005031213847355615,-0.00019880802463259934,0.011614914327114154,0.002142926094092467,-0.00025088220707208486,-0.004098703095079343,-0.0007017588321978108
0.9098722,0.741936,0.8060739,0.8539462,0.94,0.88,0.59104073,0.5901584,0.78278005,0.93697226,1.0,1.0,0.7552468,0.6190376,0.48199058,0.5962135,0.5591263,-0.0004382151429938115,-0.00011008713791858923,0.0006401305011144364,0.002830326352367469,-0.004787984167984501,-0.0008161286747682008,0.001670146940984133,0.000548710140274052,0.011018459216195044,0.0006926743530203821,0.00021912566200614727,-0.0013742625915304867,0.02306468572076939,0.0052715042303293335,0.0001310599725937627,-0.00397280790838048,-0.00020342591548338024
0.6752568,0.60346764,0.71229124,0.99229723,0.9742972,0.88,0.88,0.4813584,0.67012787,0.93697226,1.0,1.0,0.7800104,0.543595,0.37824053,0.5898499,0.47801515,0.00018471728970603776,-0.000963090275637418,0.0005139710384735456,0.003982690252690782,-0.008410356277172992,-0.00031065920762541493,-0.0011422913694976143,0.0002941608168284257,0.008436066364682906,6.328326450903692e-05,0.00048092004143089005,-0.0007100000250569005,0.0294309163920382,0.005370144849999565,-0.00011167295657247094,-0.0033520540827922806,0.0006844888038518818
0.9231587,0.9655172,0.22724737,0.22270243,0.22270243,0.88,0.88,0.5545585,0.76375127,0.93697226,1.0,1.0,0.61925775,0.72371674,0.58699054,0.53712267,0.45912626,-0.0012792982529662119,-0.00017504212486357538,-0.0036005439907984198,-0.010726518479166279,0.009680588019405544,-0.0006403776745656201,-0.00013520323559035265,-0.0004292540426384778,0.015240384533356894,-0.00026718326730880833,0.0009220445253329585,-0.0005483530762388062,0.00943237523108738,0.00034055944365029124,-0.0004531981032598351,-9.240598225208766e-05,-1.8247841414110387e-05
0.8107461,0.52363324,0.6640068,0.94,0.70375025,0.98459446,0.88,0.6241585,0.80590564,0.93697226,1.0,1.0,0.653437,0.72900003,0.49824053,0.7289409,0.5502374,0.0009342111462756483,-0.0008016649810337977,0.00022122671895732435,0.0031862254508444082,-0.0002628006274209248,-0.001776896833279374,-0.0005460818623546554,0.0013074056736515052,0.013596633478363016,0.00018380926949922432,0.0007304551289356102,-0.0006540346583072055,0.012054550724771991,0.005382171020781199,1.1923718047533077e-06,-0.007028372908279052,-0.0004287592650824719
0.9074827,0.7023657,0.7483245,0.94,0.7720219,0.94859445,0.88,0.5403099,0.4672379,0.6553457,0.6553457,1.0,1.0,0.37884155,0.6094905,0.59894085,0.5335707,0.0003508003717287284,5.5638866619194e-05,0.0004680601050508174,0.0019289299614567833,-0.001477353693600429,-0.0014929243000521215,-0.00098316021104909,0.0013133442125887003,0.0003147027574619937,0.0034041824527680275,-0.0034921598888459026,-0.0008391562973703725,0.0538028905215881,0.006531234953081269,-0.0005733636018552793,-0.0031617529941929358,0.0003215883498669625
0.80247116,0.7549603,0.6976605,0.6837073,0.96716094,0.88,0.88,0.69535846,0.7697542,0.93697226,1.0,1.0,0.7878577,0.6438109,0.58449054,0.670759,0.7869041,0.000796888083847811,3.868274012422358e-05,0.000691946638556952,0.0006587787132004329,-0.005683931832377267,-0.0004850442283274769,-0.000772342392095304,0.00046802191985101426,0.010280194710703527,0.00027650064540078327,0.00042616694747575927,-0.0012881446358150206,0.021769006208729305,0.004226404426106536,8.588281354007617e-05,-0.0038104581572914933,-0.003497958712425872
0.8640097,0.85539395,0.7587257,0.9420575,0.99229723,0.88,0.88,0.36760712,0.32127437,1.0,1.0,1.0,0.2604927,0.2604927,0.4007405,0.5625772,0.45579296,0.0005954712138350906,6.737338766166459e-05,0.00015467289920801787,0.002167862202397102,-0.005828490309707373,-0.0005128986638697951,-0.00040526238585761277,-0.00035679733994568635,-0.009914001940309282,-0.002284701344292779,0.00019327211355678269,-0.0007390252827799335,-0.034777000103263116,-0.007020239085933458,0.0009553661514055057,-0.0011576675961463003,0.0007924050178105771
0.8489164,0.79244673,0.7342412,0.71955633,0.94,0.88,0.75121176,0.4467099,0.38707778,0.63139063,0.63139063,1.0,1.0,0.31384686,0.45074052,0.47530434,0.44690406,0.00014249710903472876,0.000444157138219738,0.0011256321409848394,0.001002238931110633,-0.005902641841059453,-0.0004887914869008082,0.0016550757416441666,0.0002965129964042258,-0.0025763426486946424,0.003148680543899274,-0.005353410606056005,-0.0011613636344070888,0.046737149566994186,0.010026266442475722,-0.0001403958530572368,0.0002658364935616936,0.0011102387108016276
0.57852024,0.60173833,0.83944523,0.82265633,0.94,0.88,0.8350971,0.3749585,0.32858732,0.93697226,1.0,0.93697226,0.26642215,1.0,0.5394905,0.31621352,0.49357066,-6.933844251677952e-05,0.002448375547638662,0.001869939857389005,0.0022989608176951855,-0.00646106656935936,-0.000551912063681063,0.00014148533711953525,-1.6958862407081524e-05,-0.01266461849773015,-0.0011820845423920973,0.0003102254191904974,0.0008291938355392496,-0.030630018489650898,0.004102515240680849,-0.00023585167449510184,0.0024362438952913166,-1.3654822439558307e-05
0.9231587,0.9655172,0.20363067,0.19955805,0.19955805,0.88,0.88,0.46935835,0.4069282,0.9169722,1.0,0.9169722,0.32994178,1.0,0.6594905,0.5425772,0.31357065,-0.0014145935389937375,-0.0017789167484499708,-0.004463351744194715,-0.01010577836054014,0.008192882525323303,-0.0002721392889556625,-0.0005119540898457664,0.00018801203657542418,-0.006126626754508821,-0.0001818913042029379,0.00010223663127253215,0.001566137163757168,-0.020097292870265463,-0.001855942852049726,-0.0014285358140366116,-7.502483795252882e-05,-0.0038071198375155425
0.8101635,0.43698278,0.8812692,0.8636438,0.82974553,0.88,0.88,0.4288069,0.37183368,1.0,1.0,1.0,0.30148676,0.30148676,0.7969905,0.43894082,0.44579294,0.0004445095157788308,-0.00016548501352906133,8.825426460805674e-05,0.0015979681774690494,-0.00188440801609213,-0.0006341004208192197,-0.0005566112436902301,-0.00015656163960923273,-0.008566437432819478,-0.002322917399000424,0.00015228899956563248,-0.0007264106656018854,-0.03447947302850154,-0.006638465978133881,-0.002003899405189277,0.0017725420870469174,0.0009972018396153875
0.83708656,0.71088034,0.8471353,0.90456796,0.92046905,0.88,0.88,0.5065585,0.6001734,0.93697226,1.0,1.0,0.48662707,0.8217328,0.5982405,0.4071226,0.31023735,0.0009927818006114342,0.0010967080786796419,0.0027827480772371848,0.004288029133831069,-0.004817066764706629,-0.0008716963815727454,-0.0012654712666272155,0.0002689549924024165,0.0060359512271629745,-0.00033044225334134103,0.00035623096567515835,-0.000923459164751351,-0.006189994000873156,0.0017762262200241336,-0.00041936847828317976,0.0009498615019481577,-0.0011448867823350094
0.7406414,0.8163323,0.846755,0.94,0.96514356,0.6885826,0.88,0.6217584,0.55718166,0.9169722,1.0,1.0,0.4517689,0.91905713,0.3644905,0.63439536,0.7680152,0.0008598778316986238,-0.000233943702855229,0.00047261645344791477,0.0009295592127383282,-0.005459182227550683,0.0026827460661428444,-0.0016889354245869582,0.0017838139439423537,0.003606153733117861,0.0007944868565929702,0.0006901332077506862,-0.00037866173574713,-0.009797276920121306,0.007984923034132108,0.0017494253475417887,-0.00379392665486401,-0.0030939755845688977
0.9231587,0.9655172,0.2309625,0.22634326,0.22634326,0.88,0.88,0.49175844,0.42581466,0.93697226,0.93697226,1.0,1.0,0.34525514,0.5632405,0.64166814,0.39912626,-0.0008126012135721694,0.0018859662920492468,-0.002057726383211094,-0.01267127527942177,0.011773762608655662,-0.0008830483851680163,-4.4168233726961973e-05,0.00018622390690436013,-0.004335361453008851,-0.0008614326758482347,0.0009256892482099377,-0.0007058241987605369,0.05282551717600774,0.006261990507890705,-0.00022623137284047385,-0.0036916987316275448,-0.00029270349636125625
0.69093275,0.8341046,0.8894457,0.8716568,0.9742972,0.88,0.88,0.11040695,0.10819806,1.0,1.0,1.0,0.08772816,0.08772816,0.27949047,0.26894084,0.266904,0.00031058314403918023,7.786189291129408e-05,-0.00011109952805819956,0.0008807780487664599,-0.003456357861748309,-0.0005410093159668488,-0.00014013737152510623,-0.0012229056042539026,-0.012698415485323902,-0.001749917663568131,0.00015541651275978146,-0.0005587232478728502,-0.03551355793326994,-0.005903498864576347,0.0011862354898564507,0.00372330435906122,0.0020844223864208613
0.60987216,0.7483317,0.69746125,0.94,0.9742972,0.94859445,0.88,0.40295836,0.43447095,0.9169722,1.0,1.0,0.82252216,0.40991703,0.4257406,0.25530443,0.585793,-8.859175978762408e-05,-0.0005591640425472809,0.0006071559494056544,0.003375704446689111,-0.0069662917002002445,-0.0027128823233635584,-0.0010248176038181911,-0.00023221567884144513,-0.0027282980433165414,0.0008835473113066872,0.0005725316153823529,-0.0005174000409887408,0.03671813267015416,0.005109980958977318,0.0005001242936944285,0.0071053640410608946,-0.00038395240888914424
0.87170196,0.70705116,0.8610537,0.89002293,0.99229723,0.88,0.88,0.42640686,0.37247917,1.0,1.0,1.0,0.30201015,0.30201015,0.5132405,0.54530436,0.54468185,0.0007849718640032666,-6.374067041020349e-05,-0.00012574001794049967,0.001363424785490429,-0.004274194843867107,-0.0007067157888884201,-0.0004127224538318674,-0.00018540463370273164,-0.007566720003665346,-0.002715799369656217,0.0001399014071639567,-0.0014176821256410266,-0.030546412624324046,-0.008479491536614429,1.8743288519652343e-05,-0.001504180510451537,-0.00010092553546209423
0.7678558,0.7564161,0.87958616,0.879692,0.9420575,0.88,0.88,0.63535845,0.75758076,0.93697226,1.0,1.0,0.88147324,0.53815925,0.6894905,0.68712264,0.4380152,0.0008731111947001483,-2.8371736634119347e-05,0.0006620243299060599,0.003886511819693941,-0.00639661993943204,-0.0007153812242011139,-0.00033670468040817485,0.001326625879362756,0.012239945455910761,0.0004240394326641543,0.0006350140530830525,-0.0006098065559466137,0.0376504917523504,0.0050722412283679685,-0.00021837300455624642,-0.005356017021289423,0.0016561247289484926
0.779103,0.85560083,0.84689593,0.9742972,0.94,0.88,0.82929426,0.45575845,0.45780122,0.9169722,1.0,1.0,0.3711902,0.8972487,0.29074037,0.39712265,0.7091263,0.0005386083011885411,3.6866590055445804e-05,0.0013781395562757648,0.0020094555660302464,-0.006757543024414786,-0.0006120368094454771,0.0005979664353690719,-0.000299035665940545,-0.0027134803160686156,-0.00012856163095109526,0.0007562059289287429,-0.000821931491275141,-0.020088057025493697,0.005702350833685212,0.0026876304316780474,0.002624960463873225,-0.0003699380345439249
0.81459236,0.8000316,0.6878632,0.9363606,0.8154835,0.88,0.88,0.33535844,0.76087505,0.9169722,1.0,1.0,0.68359005,0.50572747,0.2707405,0.68166804,0.073570676,0.0009357458857304901,0.00014902818026682092,0.000814327530468153,0.004082822593200894,-0.004496251772010791,-0.0007569285300678978,-0.0006734149311088306,-0.001446431093497397,0.014245520667128378,0.0008331505117892784,0.00073974117959568,-0.0006511362237064675,0.020984430999869953,0.0054508549003116835,0.00027579901606885476,-0.006262105422951008,0.006146598892639462
0.9231587,0.9655172,0.3393129,0.33252665,0.33252665,0.88,0.88,0.6501584,0.7387746,0.93697226,1.0,1.0,0.79370064,0.63307756,0.57199055,0.4562136,0.75023746,-0.00011347485104259801,0.0012595948111407116,-0.0007324744339669162,-0.0049531322466444955,0.005665638844286633,-0.0005055693718462873,-0.0002313550434880783,2.7407102233041474e-05,0.010074099409064008,0.00041553053209765684,0.0009431563790051747,-0.0005478681454240858,0.02554669148096278,0.003427658721617445,-0.00024208101420476874,0.0012133865744156618,-0.00045539074059527463
0.9231587,0.9655172,0.34653127,0.33960065,0.33960065,0.88,0.88,0.7081585,0.86657244,0.9169722,1.0,1.0,0.7026263,0.7646031,0.7657405,0.8089408,0.49468178,-0.000830745199893715,0.0005694317512541601,-0.0009295819896147636,-0.005125251815360772,0.005522038574614074,-0.0004028174623546102,-8.492124093933666e-05,-0.00022343907558795048,0.01629426330968839,0.0010024318073224969,0.0007599931152617756,-0.0002710004679581888,0.019007491102236047,0.0013015531483722463,-0.0011962574689278497,-0.0047466438232310415,0.000595551111706516
0.8947789,0.73463863,0.50864667,0.94,0.4984737,0.61218077,0.88,0.6845585,0.78141934,0.93697226,1.0,1.0,0.63358325,0.801857,0.60824054,0.46439525,0.9269041,0.00014718863542460464,-8.242642379421024e-05,-0.0005378820601988987,0.002281486722366689,0.002460881924985664,0.0025498435335077835,-0.000847577743537455,0.0009487010287012529,0.011821965402284383,0.00013782205737403208,0.0007540933572626612,-0.0005878133592745948,0.012784970476210782,0.0011867435106191768,-0.00038519971931385427,0.00013099276645429166,-0.005106292337599767
0.5447789,0.6897898,0.80390114,0.94,0.903209,0.5601561,0.88,0.5625584,0.44752753,0.9169722,1.0,1.0,0.9031782,0.41330338,0.4494905,0.45439538,0.57245964,0.000977908974965884,-0.001089046092329635,0.0005472271247489897,0.004646617726556937,-0.006953879035414207,0.0037725309790806573,-0.0007717257074038356,0.0010902788277144817,0.0007344506059411323,0.0008007973155152254,0.00035275928766644146,-0.0006185903922317874,0.04215006660281581,0.007674062544087728,-3.331656745614673e-05,0.00020165144590283385,-0.0009354183833464536
0.60987216,0.7483317,0.69746125,0.94,0.9742972,0.94859445,0.88,0.40006134,0.3495189,0.19019449,0.19019449,1.0,1.0,0.2833937,0.27949047,0.25530443,0.585793,0.001053804193603489,-2.3157698918215877e-06,0.00015236751079485096,0.0015583827522396598,-0.008780965299323729,-0.0013279373323794475,-0.0009791635617051712,-0.0011619373486996102,-0.005196809899160052,0.007516273606900251,-0.016346735117464505,-0.0006367579552090352,0.04813558352863152,0.007336910455275104,0.0012249792177390004,0.006952568093522249,-0.0006721669481981509
0.9231587,0.9655172,0.3652894,0.3579836,0.3579836,0.88,0.88,0.5657585,0.4842589,0.93697226,0.93697226,1.0,1.0,0.39264235,0.6019906,0.68985,0.53134847,-0.0007238281982224795,0.0018965120584097542,-0.0007429701205748439,-0.00622412735721659,0.006283754402499333,-0.0006853797330798639,-3.614600895149932e-05,-0.00031987185617921086,0.0010414869435348946,-0.00010945417399365984,0.000995183378057542,-0.000647582254473621,0.051999145782339114,0.004966859725917479,-0.0002736501666583467,-0.004502540928586184,0.00031808450739667367
0.9231587,0.9655172,0.24222633,0.2373818,0.2373818,0.88,0.88,0.6528615,0.55733466,0.41621378,0.41621378,1.0,1.0,0.45189297,0.48824054,0.60439545,0.6235708,-0.001313771683659438,-0.0002805617592234548,-0.00036871774342904105,-0.005211899687641863,0.009696381083750212,-0.0003430454528436355,-0.00012006852522280172,0.0018448453214432708,0.0028522217745344325,0.0065170841289428575,-0.008127369224599107,-0.0006934967818109527,0.043290627736352484,0.005306673987425125,0.00031898326951686846,-0.002231762960963588,-0.0006272152128016474
0.90690005,0.9816195,0.4828806,0.94,0.47322297,0.8986786,0.88,0.7569585,0.86489326,0.93697226,1.0,1.0,0.7012648,0.8043412,0.71324056,0.60984993,0.80245966,0.00018452274041195764,-0.0002780241413429176,-0.00011680868800053221,0.0022332181496238944,0.002745303010136583,-0.0005279732000229924,-0.000781786211213173,0.0011246571971566931,0.015269398444277544,0.0002669700055131882,0.0007273051250920692,-0.0006654249967978365,0.019346575168427995,0.0008293289533923331,-0.0008755154816045556,-0.002191418200167795,-0.003866471701468173
0.9231587,0.9655172,0.23487106,0.23017363,0.23017363,0.88,0.88,0.48960695,0.42560017,1.0,1.0,1.0,0.3450812,0.3450812,0.46949053,0.72803175,0.5680152,-0.0014454623087141016,0.0006796480215212972,0.0005992861081142545,-0.005188185462009235,0.006282262830921104,-0.0007670453269713932,0.00026752974026458755,0.0001980179473573015,-0.00554010140619528,-0.0032498856322204796,0.00020484385074029637,-0.0008043496345078227,-0.028545125260983236,-0.004790874200763876,0.0005980179849226792,-0.006005687788158708,-0.0004331086886881131
0.9231587,0.9655172,0.27196795,0.26652858,0.26652858,0.88,0.88,0.6089584,0.7196436,0.93697226,1.0,1.0,0.75102365,0.6213346,0.4057405,0.6134863,0.56245965,-0.0010187669704078476,0.0018092762667586448,-0.0010835258240867607,-0.008841285247702828,0.008787052515726373,-0.0009453263473082604,-0.00011437804678914657,-0.0003381802111796057,0.012313405318688417,3.533859326707557e-05,0.0007389123475134163,-0.000701200121887814,0.028101319798846475,0.004753796724263585,0.0009918980030044122,-0.002651249817350053,2.699711078455202e-06
0.5711193,0.7449196,0.7304754,0.94,0.94,0.8091359,0.71241957,0.34855852,0.32803017,0.93697226,1.0,1.0,0.9501879,0.26660174,0.38699055,0.271668,0.55134845,0.0010366652686523118,-0.0002588415356890065,0.0004158339091296834,0.0043442611841762796,-0.006698431438585239,0.0006578930020989505,0.0024283520087665686,-5.731683127821075e-05,-0.005001767761971021,0.0002520315055605888,0.0011073778491399275,-0.0005490038135457054,0.05077720472689333,0.00500159871640615,0.0008902570703423188,0.006530018830058476,-0.0008027766181529594
0.9231587,0.9655172,0.0840901,0.082408294,0.082408294,0.88,0.88,0.38135856,0.37133446,0.9169722,1.0,1.0,0.301082,0.98878,0.6794905,0.32984984,0.2902373,-0.0019931367661285833,-0.0016992558354849555,-0.005429660624732935,-0.015577659599733189,0.01192745002453201,-0.0003833425511252285,-0.00045539693010727527,0.00038451424706619164,-0.008007084245399894,-0.0010691493503193936,0.0003822906033805863,-0.0006222560389904924,-0.02254991227594299,-0.004646682085707479,-0.0019772694412840313,0.0005641326597754536,-0.005160241032062578
0.6752568,0.6517021,0.90088284,0.9476599,0.9742972,0.88,0.88,0.5284069,0.45377678,1.0,1.0,1.0,0.36792713,0.36792713,0.73324054,0.5343954,0.60468185,0.0004642781743328914,6.726643669548296e-05,-0.00046894128998756885,0.0011625859825897555,-0.005045072791112858,-0.0012068306837153587,-0.0006390952910484896,1.564257278684832e-05,-0.003952720492951815,-0.003017362940609854,0.00013873520475346285,-0.0015153827784536186,-0.028697413309035084,-0.007355346470746687,-0.00192502481583182,-0.0014810324400591562,-0.0012964441703894286
0.7406414,0.8163323,0.846755,0.94,0.96514356,0.6885826,0.88,0.439207,0.37593403,1.0,1.0,1.0,0.3048114,0.3048114,0.3644905,0.63439536,0.6746819,0.0005053028570468216,-2.989387946646608e-05,-0.0006325621035859011,0.0002791044504241212,-0.0035995332810908696,0.003371797769309568,-0.00044862088475951565,-0.00031383932430707333,-0.007818208810140184,-0.002147752965659418,0.00011522736366262276,-0.0008261146656386476,-0.029327315919827335,-0.008567130484219105,0.001341833017975312,-0.003306842294100506,-0.0021318769549221734
0.8048607,0.2582032,0.9253455,0.9068386,0.94,0.88,0.38454586,0.5837584,0.4649227,0.9169722,1.0,1.0,0.9280214,0.43395618,0.6982406,0.30348623,0.82801515,-0.00010386823073736064,-0.008270279118235954,-0.0002280139645812239,0.0026725658772112637,-0.00343602654206508,-0.000986620218954615,0.0024628717434499424,0.0005058787221728204,-0.0008723957844571933,0.0004737017745502369,-0.0002524438437600656,-0.0013467040947434266,0.04110662678633425,-0.002461506523940686,-0.0016076925715374545,0.00844748963775965,-0.00922494791089406
0.92286736,0.7561357,0.67148685,0.94,0.65805715,0.6371174,0.88,0.68000686,0.5853533,1.0,1.0,1.0,0.4746108,0.4746108,0.6707405,0.84712267,0.6713486,-0.00045002124329408686,0.0002486729789742009,0.0001708617098371578,0.0007298576667364164,0.00018707893171444626,0.005352853234956447,-0.0002860355038628663,0.0015994503198317946,0.004073656193005262,-0.0023389460454982065,0.00016749727763896592,-0.0008549134179013201,-0.012055173613186929,-0.0028027256630338416,-0.001631026523471049,-0.013613697057030541,-0.0037756887895716838
0.9231587,0.9655172,0.3490298,0.3420492,0.3420492,0.88,0.88,0.7061585,0.70061535,0.9169722,1.0,1.0,0.8473121,0.5895202,0.58699054,0.70257723,0.6802374,-0.00027740129217626716,0.0018567045218511678,-0.00041931562983829515,-0.005677290122773269,0.0068480668680665656,-0.0005617149887287016,-0.0003258773822854277,-0.0003741128511829979,0.010390541127242414,0.0009455479776134301,0.0006241684687114385,-0.000457465231377778,0.032786800396347696,0.004852917415893936,-0.0003491120587680722,-0.003919505876389903,-0.0010200162809826897
0.52939427,0.6583782,0.84689593,0.829958,0.9049155,0.88,0.88,0.2816069,0.25186276,1.0,1.0,1.0,0.20421304,0.20421304,0.1982404,0.49621347,0.5146818,-9.109956745329268e-05,-0.00031607963884207416,-0.00039311437498563853,0.0014184929568258247,-0.0037077805366095727,-0.0006548342973362398,-0.00033866667867709136,-0.0001767185095257435,-0.008909664541044932,-0.002261272999347263,0.00016359685951593996,-0.0009152041095913543,-0.029044633954235607,-0.006560671555962574,0.0016108693015349674,-0.00012730247304230973,-0.0001001939415284423
0.8418067,0.5969735,0.5004746,0.94,0.49046507,0.45248923,0.88,0.5557584,0.5582002,0.9169722,1.0,1.0,0.86579114,0.51015544,0.54574054,0.490759,0.75245965,0.00010361450088947756,-0.0013099730813075335,0.0005426749595235217,0.0031402557913227215,0.0035174507398006943,0.0038556478702470426,-0.00028191243405356435,0.0004919173520931631,0.004538251058982069,0.0005092809157642728,0.00023857761981769268,-0.0008837441458488472,0.036932624473585925,0.006919993558081848,7.512571395050131e-05,0.0006614729806439759,-0.0042645339028305335
0.7021799,0.8238199,0.73950064,0.94,0.94,0.71563107,0.7081618,0.5653584,0.7218832,0.9169722,1.0,1.0,0.7215795,0.64805514,0.5307405,0.610759,0.49579293,0.00046578021814393006,-5.251195540385001e-06,0.00046150471750672765,0.0034251412020279205,-0.006328367540657465,0.0013834387148572436,0.0019280998204434646,0.0013924929044868226,0.008891513658195776,0.00045162666412866634,0.0010774043596519158,-0.00036214678131489374,0.019791524398340355,0.003425600146843457,-9.992227344943007e-05,-0.0040475934324022,0.0007407702052741279
0.74034995,0.36392403,0.74789774,0.7329398,0.94,0.88,0.88044995,0.5417584,0.7764657,0.9169722,1.0,1.0,0.6295668,0.68629277,0.53574055,0.5043953,0.4035707,0.0005772789903036713,-0.0008490757829846967,0.0009232623262119335,0.0024387860961208436,-0.006464925139560639,-9.960514324314566e-06,-0.0007425817980920102,-5.777915433350121e-05,0.013500287857234188,0.0006763613321414872,0.00020988982831733483,-0.0010096133169200977,0.010747267513881489,0.004907231676741253,0.00018532479359917634,3.0002757043400917e-05,0.001100690373339191
0.78382313,0.8000316,0.71538633,0.96814126,0.7146003,0.88,0.88,0.445607,0.38238695,1.0,1.0,1.0,0.31004348,0.31004348,0.43449056,0.4816681,0.73468184,0.0007271583527359694,-3.6577736298423116e-05,-0.00020952006773002505,0.0011549509174132325,-9.899529152611146e-05,-0.0010257573787950953,-0.0003690864776977247,-0.0004987330620701125,-0.008774059795791772,-0.002563726047497288,0.00015707096091158523,-0.000594847421390492,-0.03356279161920297,-0.008289659455069407,0.0009088626466260115,0.0011081520236127498,-0.003189506458484594
0.77525675,0.6517021,0.8648059,0.94,0.99229723,0.5159744,0.88,0.50680697,0.4364727,1.0,1.0,1.0,0.3538968,0.3538968,0.48199052,0.7025772,0.5835708,0.0006703490562668952,2.5308144406371876e-05,0.00016281624692753775,0.0015194330686898868,-0.005727677827107679,0.006978450401430156,-0.00028040293265052416,-9.184357443917248e-05,-0.005064852141689671,-0.0029746024580710228,-7.145731786836919e-05,-0.0013037988353437292,-0.02548833454883603,-0.008558431522247369,0.0004541758092515033,-0.006045885578204799,-0.0004000164160117331
0.87199336,0.76509607,0.71524674,0.9742972,0.6863146,0.88,0.88,0.52135843,0.7923486,0.93697226,1.0,1.0,0.7036397,0.61761266,0.40324056,0.5580318,0.4502374,0.0006035020951604833,0.0002947884260026354,0.001144497016002224,0.003979049268929179,-0.000757039387235191,-0.00026050094313172033,-0.000936039979136194,0.0003708758759752848,0.012769749574795215,0.0001394618012785068,0.0009441274530330329,-0.0009904591079729912,0.01785152325659217,0.005769757768097097,0.0002040933644021522,-0.0015396640987307348,0.0005656416292606612
0.8947789,0.90442747,0.75072765,0.94,0.96814126,0.98459446,0.88,0.67246157,0.578629,0.5246136,1.0,0.5246136,0.46915865,1.0,0.5807405,0.6962136,0.5635708,0.0015082897948456618,-0.0018005898427309703,0.0016129147776003663,0.0006481658057059585,-0.004784248413155056,-0.0010493941379753975,-0.001114171969120534,0.001512335593801804,0.004122200330863641,0.0051537941256890405,0.0010790802583499127,0.011942871459430087,-0.006071980564052566,-0.0018201315841535172,-0.00018682359942198855,-0.0028503577088522247,-0.0003813402723745697
0.8453616,0.8000316,0.56358635,0.94,0.5974611,0.6880367,0.88,0.33720696,0.2990305,1.0,1.0,1.0,0.24245718,0.24245718,0.46949053,0.34348628,0.615793,0.00036188444953461074,-0.00021270136207184834,0.00012483184117520664,0.002620939644395078,0.00018410677546723292,0.0029613437693690623,-0.0003924549885764605,-0.0004482365789801606,-0.010701776015154527,-0.0024331224498833925,0.00010248683151130986,-0.0010510928158290198,-0.03447282527781752,-0.008107644190439033,0.0006771381825410077,0.004262332111759001,-0.0010785337742688303
0.60987216,0.68910867,0.59757316,0.9742972,0.94,0.88,0.94859445,0.34935844,0.54763067,0.9169722,1.0,1.0,0.6952625,0.49973732,0.24074054,0.30530444,0.3746818,0.000468612336520364,-0.00035731785644213597,0.0003097029898037721,0.003901452325609729,-0.006782541802915595,-0.0009676043353138459,-0.003484256612793256,-0.0008537349223758807,0.0034508433399547374,0.0007217011010934338,0.0005609655807171756,-0.0005282448679847442,0.017192748516645075,0.0034012252089849824,0.0007090710646662092,0.003926238609516176,0.0024451602176271546
0.7678558,0.6860161,0.757393,0.9363606,0.77620715,0.88,0.88,0.31160697,0.27734047,1.0,1.0,1.0,0.22487064,0.22487064,0.31449044,0.4916681,0.5391263,0.0005131912704422632,-0.00023000001539264417,-0.00043608317704676986,0.001128569153445763,-0.0015435243037633356,-0.0004615097059293039,-0.00028417955518809343,-0.0007107586416466251,-0.01059936567178746,-0.002492177273096378,4.650750435875635e-05,-0.0007339385546776223,-0.03619442801534836,-0.008579542362962373,0.0016482532573890449,0.0003118001181280153,-1.6681418115415195e-06
0.656026,0.60041946,0.7815125,0.94,0.82974553,0.7275613,0.88,0.3817585,0.6404872,0.9169722,1.0,1.0,0.51931393,0.6850374,0.10074043,0.53075904,0.44579294,0.00022479710590542773,0.0006528531391991361,-6.350815570124209e-05,0.000928778100930762,-0.0027194878299400317,0.001960592026406441,-0.001431284194619852,-0.0016195363726535029,0.00808682257490143,0.0003258428712429396,0.0011128974152325457,-0.00066243347939629,0.00019111006578335725,0.004268360444267874,0.0031618845943195157,-0.000698170277764774,0.0012800876590213495
0.6900587,0.523739,0.93331337,0.94,0.9742972,0.36753723,0.88,0.34415847,0.3047762,0.9169722,1.0,0.9169722,0.24711584,1.0,0.2607404,0.44530442,0.4824596,0.0005814971560057263,0.00328632811789707,0.002009296519913339,0.0016080118016472092,-0.006776775188148636,0.009565896300281422,-0.0016360624451190653,-0.0005345983733435245,-0.011064593681247112,0.00015835905904592774,0.00047361784324006465,0.0012760522157434563,-0.026896387737247455,0.006216389877899495,0.0023383619437412602,0.0005992313269924433,0.0002450555109965422
0.829977,0.5995237,0.43214905,0.94,0.42350608,0.45544752,0.88,0.60695845,0.7903657,0.9169722,1.0,1.0,0.7759272,0.5680248,0.58449054,0.7516681,0.28801516,0.00045036670092937504,-0.0009467944122765997,-0.00020700339235184932,0.004368804484856505,0.005622195047249015,0.002454442254808345,-0.0005216045381138644,0.0004807793377798393,0.010351968255649347,0.00034477071236216843,0.00100857595351119,-0.0004783287247105647,0.021576633898724124,0.0027354609594736836,-1.1439756986652439e-05,-0.005278162837131573,0.0037028415452529605
0.6450702,0.79244673,0.754594,0.94,0.7813604,0.6792382,0.88,0.3520069,0.3092078,1.0,1.0,1.0,0.25070903,0.25070903,0.32449055,0.3589408,0.6746819,0.0003189207758561289,7.424014300895084e-05,-0.0001905244922991116,0.0012060567598277405,-0.001314138478183482,0.0026277983557950295,-0.000362524810659168,-0.00031244792119140217,-0.009398212005481342,-0.0022487220489731032,0.0002296298142070218,-0.0009121765811567046,-0.027599551992521246,-0.0092917731572043,0.0014624539473481945,0.0035371683616116758,-0.0014088862273286037
0.8829491,0.60060406,0.78137165,0.94,0.8902408,0.94859445,0.88,0.43415847,0.40836176,0.93697226,1.0,1.0,0.98878,0.30960745,0.05074036,0.78803176,0.30801508,-0.000698319539585916,-0.002381199349292618,0.0006107137002892456,0.00502729957353382,-0.005324964250351238,-0.0023684799430693775,-0.0003956637442455252,0.00015363028333664964,-0.0043049868635801,-6.179931856535982e-05,-0.0002259546421169569,-0.00040777368561388083,0.05254421637346764,-0.0004913501576287063,0.00021000646501759715,-0.011979003879683576,0.0048324704495251655
0.8027625,0.68955535,0.7214484,0.81928974,0.9742972,0.88,0.88,0.3648069,0.314803,1.0,1.0,1.0,0.2552457,0.2552457,0.5657405,0.30712268,0.6702374,0.0005188671343992852,-0.0002695451055489988,-4.520413664931477e-05,0.0014639435307439196,-0.0037469025854573734,-0.0009089040554454672,-0.00035623091362260717,-0.00011237099765856264,-0.009641599739794195,-0.0023073535923747333,-0.0002458961172045525,-0.0006219944919146719,-0.03142314897788068,-0.00865029156485475,-0.0004339322421076362,0.004682714842424871,-0.0016883223408885439
0.77583945,0.7337688,0.797397,0.94,0.94,0.98459446,0.6441137,0.29430985,0.26245537,0.6584483,1.0,0.6584483,0.21280165,1.0,0.3169905,0.2362135,0.54468185,0.0005449898396582601,0.00045559166359514615,0.0021068239870032706,0.0029381748569126233,-0.006271956295166681,-0.003416596634468559,0.0072239495407996355,0.000816301840960389,-0.01468738490261507,0.008900467106485524,0.0003146421436908815,0.010263477373930751,-0.03663523084316557,0.002611096839551213,0.0010530557792709577,0.004502200031208714,0.000249891961562054
0.24833377,0.57589054,0.94917023,0.9476599,0.909952,0.88,0.88,0.26230994,0.23468813,0.6756142,0.6756142,1.0,1.0,0.19028768,0.46949047,0.34803164,0.25912625,-0.0032911580320540506,-0.00014987715072228275,-7.550137111197764e-05,0.0007175125083455814,-0.0048024322872564475,-0.0009005453361597992,-0.0014104505340284846,-0.0029644526028451803,-0.010575747230470061,0.004587692070151281,-0.005839845729284725,-0.0005868591277461621,0.05011139140768079,0.008154098868589971,0.00012538878605720835,0.005573967906120403,0.005915016601077008
0.8832404,0.82983136,0.9511276,0.93210506,0.915161,0.88,0.88,0.456007,0.39384696,1.0,1.0,1.0,0.31933537,0.31933537,0.71324056,0.4680317,0.53245956,0.0005037197284034841,0.00012451437925331508,-0.0005818354602114819,0.0007215207781716004,-0.0034307807018196424,-0.0006416208274763884,-0.0003350623855561181,-0.00019470950662680244,-0.007373354772005376,-0.002727609560997477,6.641073864357048e-05,-0.0010657133514180017,-0.03151682277177371,-0.007531886245949414,-0.0012469881080118344,0.0007427412034403996,-2.1992954229504738e-05
0.87199324,0.70681417,0.8087175,0.85661787,0.8812402,0.88,0.88,0.57071,0.4938881,0.7253458,0.7253458,1.0,1.0,0.4004498,0.41449058,0.61712265,0.7735708,0.00018568443445200384,-0.00034665183411227714,-6.312435769117352e-05,0.001849655698335657,-0.004016423894170394,-0.0005620512751864327,-0.0004167839488271447,0.0011786487444665008,0.0006279397489234836,0.002535170758934666,-0.0013212975249347367,-0.0007782589343494922,0.04689846646146854,0.00374421933590941,0.00015701482935663203,-0.003994941435845967,-0.005785438129658311
0.4397673,0.3752249,0.8793797,0.94,0.94,0.8199039,0.19526088,0.25575843,0.29099548,0.9169722,1.0,1.0,0.8260841,0.310127,0.30324054,0.1498498,0.44579294,0.004321663103830432,-0.006597971871815569,4.571900768258665e-05,0.006665073265227656,-0.00653496738971254,0.0004281768886335288,0.00632411667061468,-0.0002418002479799808,-0.008697559507737694,0.0009058749093832827,0.0001383739622090135,-0.0004834437142565101,0.03380680298397935,-0.0030247139718208578,0.001579520452113281,0.01486885376527165,0.002661391793696453
0.90690005,0.9763592,0.5348876,0.99229723,0.46577093,0.88,0.88,0.6647099,0.5570041,0.6756142,0.6756142,1.0,1.0,0.45162493,0.7119905,0.5580317,0.6846819,0.00017315437936752512,0.0005165856369420721,-0.00013184884445530655,0.0018154578152305865,0.0027888306237113334,-0.00048315480037821885,-0.000672657438066552,0.0014223563926102196,0.0025806492180037847,0.0032941508726017353,-0.004593054010903257,-0.000443275254452879,0.04172616409573968,0.007088123016190757,-0.0008451143549904979,-0.0012658298476871785,-0.0018022870486726105
0.72554815,0.71275836,0.857474,0.94,0.87324166,0.6792382,0.88,0.53630996,0.46110064,0.63139063,1.0,0.63139063,0.3738654,1.0,0.33574045,0.62257713,0.5735707,0.0005851122059711806,0.0011505992762805718,0.001117014290096249,-0.0003419505318527304,-0.0030461326902342205,0.0015557933603090246,-0.001891356991057017,0.0005937334460905801,-0.0006220747703833204,0.004419694991650425,0.0005011443679036565,0.007633517637342872,-0.01224060481458779,0.0027025589692119835,0.0017356050168964815,-0.0016209464534560109,2.407749782900429e-05
0.08265779,0.4887467,0.8894457,0.91754854,0.94,0.88,0.3269462,0.32015845,0.6826393,0.9169722,1.0,1.0,0.5534913,0.63062817,0.32074058,0.50166804,0.22245958,-0.004519171267006347,0.0006285029203492276,0.0010219099171247012,0.0040515863341816305,-0.008104295391996075,-0.0007784659886539705,0.009125268441678916,-0.0015164800841766335,0.009499050869631076,0.0009383278222075607,0.00048646720841244635,-0.0006043201003588536,0.006747131017214487,0.0051407878222748905,1.5003960331061595e-05,-0.00018423597800949618,0.005036845346430631
0.9231587,0.9655172,0.1555458,0.15243489,0.15243489,0.88,0.88,0.3856069,0.33940378,1.0,1.0,1.0,0.27519223,0.27519223,0.4894905,0.3934862,0.73468184,-0.0018109023087138293,0.0008243919878849774,0.00048159437674112285,-0.007195658270692479,0.006808894465011459,-0.0005822266469222851,-2.7261311412713865e-05,7.278521470452409e-05,-0.00989026433322799,-0.002869066241469098,-7.232788761102311e-05,-0.0009987966633797495,-0.03461188250222905,-0.005799276938986761,0.00038755874037128346,0.0027897355222879804,-0.0026621193687012216
0.8521799,0.7163369,0.8615217,0.94022495,0.9420575,0.88,0.88,0.6033584,0.60701317,0.93697226,1.0,1.0,0.49217284,0.8763037,0.5544905,0.58530444,0.49912623,0.0008024247287378741,0.001052571538407674,0.0014788017528263098,0.0021856933774355076,-0.005784131936879306,-0.0009705461003792189,-0.0012120343207990072,0.00023408711930064313,0.005967307326840315,-0.00012815917755990496,0.0005430950523833328,-0.0008209304837946057,-0.004369364206609921,0.004883645282621546,-4.581606061441162e-06,-0.0018198932953465683,3.724358897409756e-05
0.8412241,0.82385707,0.68808764,0.81901574,0.94,0.88,0.71567416,0.6365585,0.60478836,0.93697226,1.0,1.0,0.49036893,0.87721175,0.52449054,0.64984995,0.5391263,0.0006333303739126191,-0.0005385604049073481,0.0008266787191234333,0.0019261325555253192,-0.005636082678005354,-0.000939727831415759,0.0021422616471183766,1.6022351089826618e-05,0.006435059838602753,-0.0003866561638568483,0.0006549683215274224,-0.0010517305298392663,-0.0018861446422739853,0.007701684102550914,7.763323822988803e-05,-0.003333930269392153,0.00042751408144073977
0.72082794,0.66354823,0.92299783,0.94,0.9363606,0.52971596,0.88,0.6028069,0.5118952,1.0,1.0,1.0,0.41505018,0.41505018,0.7269905,0.6198499,0.7291263,0.0007473100697191926,-4.342887840595475e-05,-0.000444964447218726,0.0016732681510228554,-0.005447147151409923,0.008266118989422316,-0.00033510049357296604,0.0006108950831135045,-0.0014233959658991036,-0.0016934402252461506,0.00020864864902537527,-0.00032630230555897097,-0.023446218435783775,-0.005202345809508898,-0.0020518647898381246,-0.004438672080639017,-0.004242399531051807
0.90690005,0.9763592,0.32025927,0.99229723,0.17662375,0.88,0.88,0.5321584,0.725525,0.9169722,1.0,1.0,0.83997273,0.469519,0.8232405,0.36621353,0.26023737,-6.12759419086487e-05,9.410682824334779e-05,-0.000547848310712878,0.00409675146563728,0.008739757350794125,-0.00021312034509116606,-0.0007594309903979804,0.0002554173312839159,0.010732531074444178,0.0006500264673144068,0.0006656513433057393,-0.0004108937900449033,0.02923523314072167,0.005638901156191905,-0.0016756524599844213,0.0021193870090638273,0.002567231942465914
0.032657824,0.48557875,0.8248791,0.94,0.878108,0.32327133,0.88,0.27310988,0.24545649,0.93697226,0.93697226,0.93697226,1.0,1.0,0.42699057,0.28621352,0.40801513,-0.0011874157599140768,2.3342213108489257e-06,0.0006033318846534775,0.00278090048767027,-0.004014728198766957,0.0033661739855560314,-0.001551398695129613,-0.0013189963293235506,-0.007491273171324773,0.0004402322792351964,-0.0002477581248782353,0.0010499046986773264,0.0430680149797479,-0.009426210015886284,-7.436971481221922e-06,0.002376807059692012,0.0016098231451142806
0.6447789,0.7340104,0.82805187,0.81149083,0.99229723,0.88,0.88,0.54335845,0.7438533,0.93697226,1.0,1.0,0.60312426,0.731465,0.45074058,0.60075897,0.5235707,-0.0005009698268837472,0.0002806613170298494,0.0002328362412608012,0.001653508357091322,-0.006408902956208238,-0.0006778011460404864,-0.0009411247158699085,0.0006326059545915941,0.010201351882940463,0.0001512974960838357,0.0007995048198113975,-0.0005781692987408122,0.00892082509631165,0.0037484260427581837,0.0001249887500027605,-0.0030473777493961636,0.00023488461878459099
0.4397673,0.3752249,0.8793797,0.94,0.94,0.8199039,0.19526088,0.28615838,0.43104076,0.9169722,1.0,1.0,0.34949252,0.8098609,0.16824055,0.1498498,0.5313485,0.00021622616445669124,0.0009841700840651903,0.002823007543359449,0.005782795233446698,-0.0070810767133546995,-0.00010762746119095957,0.01274511419652679,-0.00015613728870558178,-0.0029873929186426894,0.0005579559962855833,0.00019760151413369343,-0.0011796692983463992,-0.021311206027281177,0.00901076415735249,0.00043183977271258245,0.012389631650164925,0.0005487428426965776
0.9101635,0.9268078,0.8894457,0.9742972,0.96514356,0.88,0.88,0.44255844,0.66541153,0.9169722,1.0,1.0,0.5395229,0.78556705,0.4344905,0.31166795,0.8280152,0.0011421113119268885,-0.0014138514010276356,0.0011258181809989565,0.0004594376551944766,-0.00452751487456878,-0.000322899009096045,-0.0011099729038417216,-0.0005937915116520711,0.008580005140395032,0.0007782247780790627,0.00041830881328642713,-0.000565793616596853,0.003528428547623611,0.0071682078242036205,0.0008247495223836403,0.004765919650027804,-0.0031726848957023203
0.9231587,0.9655172,0.18377309,0.18009762,0.18009762,0.88,0.88,0.52535844,0.6383788,0.93697226,1.0,1.0,0.8853825,0.4253361,0.74074054,0.4434862,0.40912628,-0.0005852989310861831,0.0017733578254132323,-0.0030299336061065992,-0.014629796942968627,0.012460366308824113,-0.0007411764617135355,-0.00010731908399643957,-0.0003589215668343812,0.008048645100994534,-0.0001259110971473675,0.0002702307777987845,-0.0007405472500736113,0.04009730113574058,0.005682047108504141,-0.0009825150245675158,0.0010500585573677986,-0.000879140113811777
0.71814716,0.7692748,0.74055374,0.7257427,0.94,0.88,0.6523588,0.5185585,0.669013,0.93697226,1.0,1.0,0.81721306,0.46704566,0.56449056,0.41257718,0.3146818,0.0012592786567087752,-5.884467160465449e-05,0.0009618162247080901,0.0016757737236324731,-0.007814269869663546,-0.0005288680301945054,0.0018357588510741734,4.652273360260432e-06,0.01014463324582354,0.0005158865937418805,0.0002880954418922724,-0.0007683480134044607,0.03499090949080353,0.007236525525939982,-0.00012435139559476764,0.0021079589260896985,0.0021599089317943607
0.9231587,0.9655172,0.25737986,0.25223225,0.25223225,0.88,0.88,0.54895854,0.47540906,0.9169722,1.0,0.9169722,0.3854668,1.0,0.61824054,0.5680317,0.6380153,-0.0004459488455133313,-0.0014117776810778243,-0.0032582938086811826,-0.0060950608751526,0.005273722253641867,-0.00042761712071728874,-0.000320390756249102,-0.0002525111829612543,-0.002030198051974019,-0.0009772202941131392,-1.4745630171824447e-05,0.0014975379663494021,-0.01700057255800874,0.0016992467656638502,-0.0008561913680460434,-0.0003624135806443368,0.0014075387333002784
0.5249654,0.37273678,0.93101233,0.9123921,0.90392154,0.88,0.88,0.7168614,0.61088026,0.5246136,1.0,0.5246136,0.49530828,1.0,0.82324046,0.65166813,0.475793,-0.0008504036417532507,0.005099472007042546,0.001984359434440497,0.0007118671735115256,-0.0016418827415644053,-0.00043499977648991874,-0.0013908712099225864,0.0011146658857495628,0.00590491472868075,0.005304285996022479,0.0002833042120441645,0.011182372899801571,0.0018850312096038795,0.004053570335681925,-0.0014287159595690229,-0.0018895305042084132,0.0010245029936094615
0.9231587,0.9655172,0.05962804,0.058435477,0.058435477,0.88,0.88,0.41375846,0.69047534,0.93697226,1.0,1.0,0.68821824,0.5507371,0.30949044,0.3880317,0.48912632,-0.0005880787366513154,0.0011337282465441081,-0.0027968233249373044,-0.014078916202275214,0.015781383396273642,-0.0008163935009342866,-0.00011183228482678325,-0.0001437981243928901,0.009113254053774974,-0.00066629124706945,0.00044005302906402716,-0.0008004485205822595,0.015345022144889966,0.0035039919218703623,0.002377939463077805,0.0017779605437348576,-0.0005298756387480344
0.8373779,0.90331304,0.5097353,0.94,0.49954057,0.8078431,0.88,0.54440695,0.46680823,1.0,1.0,1.0,0.37849316,0.37849316,0.7269905,0.79803175,0.34801516,7.477872446849069e-05,0.0004141284104677394,0.000898642683441504,0.0027680872654331345,0.003905857334501606,0.0007858403332359383,-9.340041327036316e-05,0.0006552021758936446,-0.0043009442012407195,-0.002759325111295983,0.0003203501252572359,-0.0004788421056443498,-0.028659969635618093,-0.004767567519499067,-0.0020600488879091872,-0.010621640499034751,0.0034841520376170604
0.24833377,0.57589054,0.94917023,0.9476599,0.909952,0.88,0.88,0.33295846,0.3867397,0.93697226,1.0,1.0,0.9280214,0.24927132,0.40699047,0.34803164,0.25912625,-0.002452858223270403,-0.0010033247653424345,0.0004104073086499053,0.002646101836885007,-0.005923363959977792,-0.0014697386801266294,-0.001039029545237419,-0.0012744378478597865,-0.004768782010671825,-0.00013803052744300448,0.0006113250444036594,-0.0007208038401253136,0.04924526422418805,0.004065713593393174,0.00027626141913173505,0.004779351315626168,0.006055255126783982
0.8027625,0.823821,0.77291715,0.99229723,0.80772734,0.88,0.88,0.3609584,0.31497604,0.9169722,1.0,0.9169722,0.25538597,1.0,0.40699047,0.38530445,0.5502374,0.0008819315387180376,-0.000522892208272423,0.0008795026950992017,0.0015288667558559944,-0.001967171327254673,-0.0006298689544905116,-0.0022798796099291873,-0.0001939873865092632,-0.013470165469254409,0.00014328011201070748,0.00044647769770370604,0.0015294491700993925,-0.03354277819222907,0.003858815873170518,0.001106674331091178,0.0016817476285737858,0.00021169930470211484
0.79862505,0.8341046,0.72174406,0.94,0.94184995,0.94859445,0.88,0.36655846,0.6865763,0.9169722,1.0,1.0,0.7364342,0.54194623,0.40574056,0.35894072,0.5569041,0.0007627555929362832,0.0002719113867449145,0.0005086633134061166,0.0029166812555983207,-0.006423592258883484,-0.0014908752091797458,-0.00089085053983523,-0.001324931620108189,0.009837288675667915,0.0006997220607319088,0.0012084182284674758,-0.0006862768147128462,0.023553238246719267,0.005136922891979987,0.0004457555977970734,0.004185497860385353,-7.973679053420928e-05
0.8530539,0.68607277,0.8064409,0.9742972,0.8696024,0.88,0.88,0.5385584,0.601264,0.9169722,1.0,1.0,0.79690194,0.5176462,0.4494905,0.46530437,0.5491263,0.0005911499641452537,-1.9501407464682182e-05,0.0008458594587241384,0.0043974131574876455,-0.004172211098363566,-0.0011215317896108865,-0.0006708830151386603,0.000493373049941649,0.006827288485807802,0.0008103162564215513,0.0007179817177546459,-0.0005347413349239183,0.03125298247880148,0.005332027778821844,0.0002062031988980413,0.0005060493013360277,-0.00023416462728715823
0.9231587,0.9655172,0.2537661,0.24869077,0.24869077,0.88,0.88,0.57190984,0.4890892,0.6330234,0.6330234,1.0,1.0,0.39655882,0.64199054,0.5389408,0.6435707,-0.00044877560974487335,0.0003023674831625854,-0.0008623973333806434,-0.005195231674113334,0.00870376610839512,-0.0005298275165682349,-0.0007295873897905181,0.0005686497415049455,0.0007261195789336756,0.003853032981518798,-0.005238363101469857,-0.0008132678867326115,0.04460499383757816,0.00789476948191463,-0.0008480724620026355,-0.0010096976380744044,-0.00027367144018341323
0.87199336,0.76509607,0.71524674,0.9742972,0.6863146,0.88,0.88,0.382007,0.33917043,1.0,1.0,1.0,0.27500305,0.27500305,0.40324056,0.5343954,0.4502374,0.0004511442258413866,-0.00013932439243717867,-0.0005652843805753379,0.001422261979950212,-0.00036262298533797197,-0.0008706674733838168,-0.0002989940758282769,-0.00038958084756472787,-0.00911693898971273,-0.00246764660808998,0.0001882536912319973,-0.0006476891403922147,-0.03608868012558788,-0.007121705495228261,0.0008267603053812866,-0.0010118643943120894,0.0009331583973407415
0.9231587,0.9655172,0.065708406,0.064394236,0.064394236,0.88,0.88,0.28360704,0.25444582,1.0,1.0,1.0,0.20630741,0.20630741,0.3869906,0.41439533,0.43357074,-0.0015168180785212469,0.0010148982823050424,0.0011495430370650054,-0.007968522718090409,0.008376544463394883,-0.0005291708064095209,0.00018368252879960172,-2.0503884787778857e-05,-0.011616082736283496,-0.0026310888703811493,-0.00013980048769311455,-0.0004966673671380358,-0.033405478377147746,-0.0031481943186260504,0.0012490438080612132,0.0015999886499042531,0.0008430619170389633
0.15899818,0.36477852,0.85670185,0.94,0.94,0.2947134,0.1831431,0.21600693,0.19761091,1.0,1.0,1.0,0.16022506,0.16022506,0.2819904,0.4253044,0.3080152,0.003454491661943129,-0.0020500972441895517,-0.0002752883054278636,0.003374263591834691,-0.005447328934151639,0.010715388649953504,0.0030248194723212964,-0.0013120346987760298,-0.015900085351294602,-0.002842465643771148,-0.00017752068540831682,-0.0008036685218581069,-0.04485446988007393,-0.01639578100295803,0.0018108180357814146,0.0032942296111468767,0.00421517133987248
0.67881155,0.60129654,0.8984822,0.94,0.94,0.1057238,0.6596402,0.5941585,0.76042974,0.9169722,1.0,1.0,0.6165647,0.7426193,0.6294905,0.5516681,0.5057929,0.0010746340262961015,-0.000592796840005009,0.001362487960052993,0.003462565118402659,-0.00543683652304086,0.0020836126826165656,0.0026952353865504083,0.0011162361827871607,0.006793652457968183,0.0003059665405126912,0.00024115431296585222,-0.0004037054084035513,0.010030841405817193,0.0032746174850373884,-0.0002603630068752203,-0.001170105976766987,0.00010987899635293727
0.8793943,0.85539395,0.872072,0.99229723,0.84428704,0.88,0.88,0.2652069,0.2344571,1.0,1.0,1.0,0.19010036,0.19010036,0.37324047,0.37439528,0.48468176,0.0005731886947022811,-3.721865197949911e-05,-0.00033028894769135777,0.0017134978362525729,-0.002363304832147007,-0.0007740266080135913,-0.0003947687495532351,-0.000691052247780038,-0.013017305471073461,-0.0020665851536246817,0.0002700355799682034,-0.0005451843414240009,-0.037281890834881676,-0.009823384552708871,0.0011687750220444153,0.003269078835602552,0.000846493301367923
0.9231587,0.9655172,0.1127401,0.1104853,0.1104853,0.88,0.88,0.4389586,0.6481219,0.9169722,1.0,1.0,0.52550423,0.753268,0.52324057,0.4498499,0.45579296,-0.0015196366228246228,-2.5690832627721147e-05,-0.0035177163225212794,-0.014397493853784414,0.01274386341921206,-0.0009064660570093568,-0.00024682714782522973,2.2390689119060176e-05,0.008700333092611123,-4.792674389397789e-07,9.76992469463666e-05,-0.0006199016605661045,0.002028835878869523,0.0008484128469887779,-0.0002184757587530298,0.0007129605209052212,-0.0008463119823298591
0.756026,0.5716432,0.9669999,0.9476599,0.909952,0.88,0.88,0.3324069,0.29267308,1.0,1.0,1.0,0.23730251,0.23730251,0.57199055,0.31348628,0.58468187,0.0005979622967979409,-0.0005839828452623205,-0.0005464255240140182,0.0014403252602049898,-0.0032015442347865975,-0.0006597441813884834,-0.0003918620095582486,-0.0002686348900846168,-0.01085429866537565,-0.002255546894628527,0.0001482254532428537,-0.0006583213041122332,-0.035110976988072855,-0.008857616210533223,-0.00034141917405617684,0.004544387187284944,-0.0006228846764619713
0.15899818,0.36477852,0.85670185,0.94,0.94,0.2947134,0.1831431,0.2681584,0.24283138,0.93697226,1.0,0.93697226,0.19689031,1.0,0.2819904,0.4253044,0.22245958,-0.0009056762611481256,0.0044266803502986335,0.0016455512532116696,0.0033045028351897116,-0.006235121224623341,0.010336342625768631,0.013071451101143652,-0.001006360964734209,-0.011581046945861238,-0.0005273257944836325,0.0005569233462403378,0.0009975430136327287,-0.03146139787396118,0.006659369484825546,0.0015676645996390193,0.0015530156360579978,-0.00033944588689780673
0.7569,0.35455328,0.7734606,0.99229723,0.82974666,0.88,0.88,0.26695848,0.23986773,0.9169722,1.0,0.9169722,0.19448735,1.0,0.45199054,0.4062135,0.29690403,0.0006165715306403642,0.005038552212731767,0.0012339425209005812,0.0037937142875171547,-0.004060720243328908,-0.0008960516229553904,-0.0009619261844614076,0.000579562763304815,-0.018266172176380536,-0.00044660483559962874,6.76807061784082e-05,0.0015063107040273413,-0.03850152807165574,0.0032013368486517525,0.0004106081686508222,0.0013323228056924296,-8.314446603376245e-05
0.6098722,0.77204144,0.84304017,0.94,0.9083231,0.72358423,0.88,0.27150995,0.24205409,0.6330234,1.0,0.6330234,0.19626006,1.0,0.10074043,0.42894086,0.44912624,-0.0002575152020918653,0.0003114450690337822,0.001138141879671653,0.0008637039401243633,-0.004775207967468788,0.0022659090496894626,-0.0016415963748650376,-0.0018270364614075363,-0.013806043743209782,0.00815639286828771,0.0007342900313223722,0.006893540039159818,-0.03103541074279791,0.004305948659230156,0.005519640895149534,0.0012124812594774303,0.00035509708035397854
0.89151543,0.9339215,0.13988893,0.94,0.13709114,0.8433489,0.88,0.235607,0.2152567,1.0,1.0,1.0,0.17453246,0.17453246,0.56074053,0.26257715,0.38912624,-0.0007366866159286205,0.0009609842004298146,0.0033864426404270316,0.0031221241073272183,0.009385037134004131,-0.00020916359039124775,-0.0002318404853991378,-0.0018227173627183872,-0.01590555152790374,-0.0029541740398919187,-7.78004037780357e-05,-0.00023905063066175105,-0.04757670631502842,-0.007825174792804094,-0.0005687853415823813,0.007520050018756006,0.002623268817471473
0.64005876,0.6008999,0.8446504,0.94,0.94,0.7078924,0.45704383,0.49375838,0.5946388,0.93697226,1.0,1.0,0.76806253,0.55491966,0.31449044,0.41257718,0.69023746,0.0013479431710659918,-0.0009099340592101837,0.0010968264121786347,0.003993569097916524,-0.004727215716983624,0.0011330999056893753,0.00517818125320679,0.0003746892416816264,0.0053390875657624345,0.0005447325767599643,0.0005410394858177685,-0.0006034126009394358,0.02194178540150793,0.005654900253970734,9.346074523515716e-05,0.002508586572501888,-0.0031786186743611093
0.8453616,0.8000316,0.56358635,0.94,0.5974611,0.6880367,0.88,0.49575844,0.6862678,0.93697226,1.0,1.0,0.5564333,0.73239064,0.46949053,0.26712263,0.615793,0.0007366349633934562,-0.0001881290680643684,-0.00015604724016977413,0.0028450316036641747,0.0009237435594895457,0.001415546090203979,-0.0017231945031210736,8.510916796275232e-05,0.007446257418024749,0.000311599993812506,0.0009972124949198607,-0.0006282823682666938,0.0022064631893247725,-0.001228599565931712,7.641635177434131e-05,0.002384450102371482,-0.0008536351954268241
0.571702,0.85560083,0.76266897,0.9420575,0.9742972,0.88,0.88,0.4101584,0.6861931,0.93697226,1.0,1.0,0.5563728,0.7021889,0.45074052,0.4316681,0.3713485,-0.0005791861840223831,-0.00019798086521243596,3.1808696564903994e-05,0.0022773923576049184,-0.007705351386391237,-0.0010990975871434793,-0.0012088435952300922,-0.0009568621043970539,0.011661510606616354,6.674385661007108e-05,0.0009572721603616669,-0.0005594315472474651,0.006247112742357493,0.0014956596035085223,0.00028386551631601686,0.0015382400193339086,0.0021372712652037336
0.7876693,0.8000316,0.62474513,0.94,0.6772387,0.6880367,0.88,0.4509584,0.39367977,0.9169722,0.9169722,1.0,1.0,0.31919983,0.5032406,0.39166805,0.6546818,0.00024353282604004084,0.0006015706556119265,0.00035063827327611307,0.0031421832683585834,-0.00015416310592827428,0.0028097966928738267,-0.0009118393882729203,0.0003786069733589811,-0.0029889177035935066,0.0007107122563407966,0.0002329152119837083,-0.00038316411020894057,0.05522898543808301,0.007385943230199557,0.0001407929978123823,0.0029789195708025983,-0.001966828711240135
0.79005873,0.015599197,0.89764494,0.94,0.99229723,0.8166729,0.88,0.5485584,0.81855386,0.9169722,1.0,1.0,0.66369236,0.6679194,0.60824054,0.5153045,0.4791263,0.000813105009251969,-0.0055532538218470125,0.0007966117642146963,0.0037705698388653002,-0.0059641500750640475,0.00030127678051642564,-0.0008780331996087657,0.000294609279278351,0.012554923414764853,0.00044707261328597953,0.00023296443012744918,-0.0004894714344632767,0.011424713920530563,0.005775512072661237,3.480844237168815e-05,-0.00016484398239981313,0.0013427330269024673
0.90690005,0.9763592,0.6264132,0.99229723,0.60746866,0.88,0.88,0.8963099,0.7559321,0.6756142,1.0,0.6756142,0.6129179,1.0,0.8907405,0.9071227,0.7469041,0.0013268666414250454,-0.003382570581424795,0.0006087389878389495,0.0004952860734654781,0.001542221063723391,-0.0004711529482207932,-0.0008730792850950088,0.003514193541139441,0.013310354181888338,0.0037400502264253893,0.0008127769049046762,0.008745594404990157,0.011054504069613535,0.005590339635945676,-0.003246447416789142,-0.009486147837560719,-0.001627579053671947
0.571702,0.85560083,0.76266897,0.9420575,0.9742972,0.88,0.88,0.2868068,0.25823256,1.0,1.0,1.0,0.20937775,0.20937775,0.45074052,0.45984986,0.3713485,0.00025947129285490146,-0.00010593667230737093,-0.00018875543663300138,0.0014416697029914884,-0.0045038709404369905,-0.0008415185108133113,-0.0003743031925663365,-0.0005985433568644947,-0.01134184139372811,-0.0024971903496897123,0.00048541117920958277,-0.0010154716813322187,-0.033471608327312184,-0.007743171286269695,0.0005255220518225967,0.0011203566087799666,0.0019665932744419084
0.81016356,0.79845303,0.9191001,0.9007181,0.89401305,0.88,0.88,0.59975845,0.7800653,0.93697226,1.0,1.0,0.6324854,0.73164874,0.56074053,0.7280318,0.36579302,0.0013220392847267245,-0.0002891812445227955,0.000972111702585553,0.002290637446723811,-0.004097395064891595,-0.00041008909279979214,-0.0012372364826675538,0.0009262212840477823,0.012362681777628311,0.00031865439463331694,0.00046756072586958796,-0.0005815832429325019,0.011865028340911738,0.005386638848772599,7.489213497701589e-05,-0.006539124474811264,0.0024143221908842177
0.7959442,0.630085,0.60966146,0.74365777,0.74581176,0.88,0.88,0.37240693,0.32056326,1.0,1.0,1.0,0.25991616,0.25991616,0.3644904,0.45439538,0.7091263,0.0004339996478166326,-0.000380198716983791,0.00034025844448206755,0.001384883448001321,-0.0011495822274785268,-0.0006305469779207722,-0.00040960344992719736,-0.00019394717840531432,-0.009785991863660344,-0.002288258644329857,0.00034790801091041603,-0.0005171838516526696,-0.03390516335850384,-0.008922936012243848,0.0011884511847521332,0.0013486539598171544,-0.0024581962071971524
0.59064144,0.59923846,0.8286161,0.8120438,0.94,0.88,0.45511663,0.1885585,0.43378082,0.93697226,1.0,1.0,0.35171416,0.74872994,0.19699049,0.13712259,0.22245958,0.0005959031822463125,0.0024326925775428293,0.0032718512021634207,0.002877997675681682,-0.006189856628782653,-0.0006854460292572859,0.009829685728797687,0.002101388910522149,-0.004029577681548777,-0.0009276319770918876,0.0002930348437967478,-0.0009226772122860116,-0.02390757813353996,0.004077075016136595,0.0016024713980066232,0.006349601442205097,-0.001645781336521285
0.9231587,0.9655172,0.15943937,0.15625058,0.15625058,0.88,0.88,0.39000687,0.3435969,1.0,1.0,1.0,0.27859208,0.27859208,0.6182405,0.21984984,0.7369041,-0.0013302687337604846,0.0010819467541357992,0.0008683551613001736,-0.0070689015903750785,0.006849839733480708,-0.0007780541135084569,7.064220710435783e-05,0.00010273994194400598,-0.010149927135025064,-0.00302069724157461,0.0003028103031148273,-0.0012643514125679433,-0.034064088951092274,-0.005053251071614484,-0.0005649348562754937,0.008329389166342033,-0.0022184951752059674
0.84891635,0.6338731,0.5517458,0.9742972,0.6140398,0.88,0.88,0.6861584,0.73965913,0.93697226,1.0,1.0,0.59972364,0.8305963,0.5107405,0.7516681,0.6535708,0.0012814741690064693,0.0007078398306981111,0.000363453593079486,0.0016862210616833929,0.0009256603659680459,-0.0008281109341341613,-0.0008993890969516476,0.0016529048947467458,0.012160601819794609,0.000375608644666771,0.0006225162387688235,-0.0007295858433131697,0.007928835541357798,0.006511856145969396,3.901758403620375e-05,-0.006311139887960073,-0.002045447929565311
0.85247123,0.73816216,0.75277126,0.94,0.6935538,0.7661498,0.88,0.5796614,0.49653265,0.4539741,1.0,0.4539741,0.40259403,1.0,0.61949056,0.55439544,0.40134844,0.0005172430430170069,0.0009617276746138484,0.0015552301950617796,0.001003277605726536,0.0007590498124987442,0.00018042179096722534,-0.00135006634901483,0.00026629749065889955,0.0010140873649677397,0.0026888542625217193,0.0007999859887927391,0.014641528951221122,-0.009200346717370647,-0.0023769580215886998,-0.000554720105352017,-0.0004337229951470476,8.17782343493052e-05
0.9231587,0.9655172,0.21679433,0.21245845,0.21245845,0.88,0.88,0.5585584,0.8121435,0.93697226,1.0,1.0,0.6584948,0.6797031,0.4269905,0.53166807,0.68245965,-0.0006364832858844322,0.0011824292367373843,-0.0006414400858707856,-0.007200330897663807,0.0088427844165161,-0.000376067618170353,-0.00011637368836835291,-0.00014540189924331683,0.014111677880592166,0.000356507463428028,0.0007338234618540762,-0.0003040039903438098,0.01595153879883491,0.003644145532780781,0.0011831591471260115,-0.00047276985772463096,-0.000534619891938663
0.90690005,0.9816195,0.34884447,0.94,0.34186757,0.8986786,0.88,0.67615855,0.66117334,0.9169722,1.0,1.0,0.5360865,0.89310074,0.8382405,0.61985,0.54357076,6.535439915887814e-05,-0.0012621842383612875,-0.0006182180350560305,0.0032257660739156992,0.005927065468991959,-0.0012110137401375248,-0.0006456509424533519,0.00036303068311235707,0.00899455108875335,0.0009175056538657779,0.0007108980094195666,-0.0007266654234548436,0.0038545710766348623,0.0006112729707516026,-0.0026238216910204615,-0.002087383031439159,0.00012042138187666994
0.7663991,0.8528219,0.9043474,0.94,0.9742972,0.7492734,0.88,0.45160714,0.3945116,1.0,1.0,1.0,0.31987426,0.31987426,0.80949056,0.5225771,0.47801515,0.0006716287429111716,1.8197364576704863e-05,-0.00021445579939025647,0.0018376083144381876,-0.005011538736602099,0.0016303685548586134,-0.00042386995797808873,-0.0002662254383683477,-0.007957324444981363,-0.0023054595023624786,0.00044645611873580376,-0.001069549928830181,-0.03449363510225332,-0.007881743043859236,-0.0019090656120734698,-0.0004280351469606552,0.001485569727711319
0.89151543,0.9339215,0.36953422,0.94,0.36214355,0.8433489,0.88,0.47960693,0.4140591,1.0,1.0,1.0,0.3357236,0.3357236,0.5419905,0.50894076,0.7269041,-0.00010645240518750989,0.0006759317288798875,0.001818803734601013,0.0032482248414574854,0.00437974642867187,-0.0001835520502860298,5.318890353645653e-05,-5.2289198508875665e-05,-0.006771966557713567,-0.0024532253254979687,0.00039101672182715317,-0.000587027469577488,-0.03287849358083169,-0.005556668276766894,-0.0002023283761571615,-0.00012728690907038185,-0.0040045012697007875
0.6604548,0.72020614,0.59944284,0.82974666,0.9742972,0.88,0.88,0.19720703,0.18240513,1.0,1.0,1.0,0.14789605,0.14789605,0.26074052,0.39257717,0.3457929,0.0009954658744638386,0.0001966343608093955,0.00035371957243325906,0.00204045960293158,-0.004728149294588977,-0.0009615145660360208,-0.0002916240341969523,-0.0005518427343995067,-0.011627093019553001,-0.00212059934240511,0.0002881690415401754,-0.0009528329147442516,-0.03523473191584556,-0.006015957063353407,0.001705638938140218,0.0015936921370251407,0.0010068402123683518
0.7175645,0.5486881,0.78137136,0.94,0.7443053,0.7562161,0.88,0.24230996,0.22164457,0.93697226,0.93697226,0.93697226,1.0,1.0,0.29074037,0.24984984,0.40801513,0.000515301562488833,-2.7361523141265358e-05,0.0011198606169175727,0.0037686622339370714,-0.0016974749922605181,0.0005849944229984725,-0.0023189339425280196,0.0003134062179934071,-0.009088827328097694,0.0004872358865232073,-0.00012143778548910796,0.0004991824353527682,0.038079067875935076,-0.00989402004621069,-0.00035185120162306794,0.0015585272748193132,0.00036456145663520747
0.922576,0.9105279,0.816986,0.86447406,0.7570418,0.88,0.88,0.40695846,0.49071383,0.9169722,1.0,1.0,0.89484924,0.36041212,0.7944905,0.047122523,0.5457929,-0.0008503530990749035,0.0009057546269267736,0.0006024019749462807,0.00330079864071166,-0.0024643167752742296,-0.0010688886349808843,-0.0008373072827372333,0.00022875251392750063,0.001039178195629088,0.0007733055281273246,0.0003764760216944174,-0.0005314507530182031,0.04315367919113543,0.007309047628981598,-0.0026560670222271236,0.008359781294518311,-0.00018514624084565155
0.63265777,0.63651246,0.7486054,0.94,0.85146534,0.40333498,0.88,0.31726134,0.28106552,0.47723356,1.0,0.47723356,0.22789097,1.0,0.2182405,0.26712263,0.4502374,0.0006523156479197487,0.0016481307810726905,0.0004994680047799349,-0.000471172038018947,-0.0019845056265866664,0.002926074041043887,-0.0018189505256204087,-0.0010636924585530586,-0.007837555841681923,0.0034252982946841536,0.0005264033927978554,0.009520744048516678,-0.023275378967847638,-0.002084077967059951,0.0033408000937573223,0.0007279184525114987,-9.589912462002348e-06
0.78382313,0.8000316,0.71538633,0.96814126,0.7146003,0.88,0.88,0.51791,0.43963036,0.6756142,1.0,0.6756142,0.35645705,1.0,0.43449056,0.4816681,0.635793,0.0004733723677380103,0.00012241557428616865,0.000923592192231274,0.0007156857393428849,-0.00032683786827480217,-0.0004973063622687265,-0.0009297439729996646,6.94436643704506e-05,-0.0015411487234731794,0.0043539199931459166,0.000499272128733576,0.006531059749474481,-0.014571254022639908,0.0020433253889176562,0.000829581443823444,-0.00024247304789051314,-0.0005272808533764415
0.7758395,0.79398036,0.77226907,0.9742972,0.88438386,0.88,0.88,0.54335845,0.7039691,0.9169722,1.0,1.0,0.57078576,0.8238377,0.5519905,0.39166805,0.74245965,0.0006755367900670968,-0.0002746562658978381,0.0011714094187314306,0.0014896808617322344,-0.0029964191890192384,-0.0007434555135292091,-0.001374768937689755,0.0006185161427345264,0.009198909345714129,0.00030716548376045886,0.001145880763747083,-0.0007831501070340752,0.006336553438843183,0.0035013740233740486,-0.00016358502394904064,0.0019537899720339156,-0.0016509700806261575
0.9231587,0.9655172,0.2577599,0.2526047,0.2526047,0.88,0.88,0.6245584,0.7278341,0.93697226,1.0,1.0,0.59013575,0.83081317,0.58699054,0.6662136,0.5335707,-0.0014854437849291457,-0.0005100330394325704,-0.0030193304511346836,-0.009749688730014574,0.008363426807168442,-0.0006924824383998182,-0.00045251783758652124,-0.0005486500930044108,0.012941059402887277,-5.4605572549336206e-05,0.00045993690387727395,-0.0005013446982532733,0.007655553181114418,0.0015873146218690756,-0.00040822133143948855,-0.0017894859571837556,0.000499725465378648
0.78737795,0.77555186,0.6917388,0.96716094,0.94,0.88,0.6596402,0.3437584,0.30074525,0.93697226,0.93697226,1.0,1.0,0.24384749,0.38449055,0.7116681,0.17801517,0.0007771346750501937,0.00010841522735078128,0.0009370447081107554,0.006171174386575417,-0.008653372950067337,-0.0013608238804350724,0.0015210412534318169,-0.0010983276044168459,-0.0120701093540498,-0.00015757950726311362,0.0007366503996206539,-0.0004794907606116823,0.06383266580325848,-0.004877588652408377,0.0011695552549198212,-0.011069198409921497,0.009331438232702167
0.7601635,0.7687495,0.94917023,0.9301868,0.915161,0.88,0.88,0.49390993,0.4227997,0.6330234,1.0,0.6330234,0.34281057,1.0,0.70824057,0.44439533,0.3402374,0.0008011803143502501,8.272052895552017e-05,0.0030098826259031164,0.002080894913076562,-0.004325725051649738,-0.0004980964904788969,-0.0021423505939322483,-5.991451204183281e-05,-0.0020436070477611564,0.005603651646877234,0.0005221514478450273,0.008959630225728647,-0.01695749059831642,-0.0006274003523014574,-0.0008954306452662623,0.0005377200238639479,0.0003369300237810069
0.8941962,0.8406271,0.9143618,0.99229723,0.94,0.88,0.79250413,0.65735847,0.7886973,0.9169722,1.0,1.0,0.83997273,0.6227841,0.8232405,0.4316681,0.80245966,0.00080029900629286,-0.00023173475096684368,-3.5746787997088526e-05,0.004104834526690228,-0.00597032134423555,-0.0002888125023015479,0.0004470191602373215,0.001653502117212479,0.01196728227402772,0.00046721041546952827,0.0006728563383379105,-0.00039598290882493893,0.03132464551416988,0.0047648386627753645,-0.0015809849378507585,0.0020639466313048752,-0.004921337381069569
0.9231587,0.9655172,0.17605205,0.17253101,0.17253101,0.88,0.88,0.45950988,0.39963123,0.6756142,1.0,0.6756142,0.32402533,1.0,0.33699048,0.31803176,0.6746819,-0.0005646838986652924,-0.0009031141297977052,-0.004002934324377935,-0.008444804578153404,0.008511841168183112,-0.000573081899539763,-0.0011835149670344808,-0.00022387817365049305,-0.0056182011633478645,0.008191196230260895,0.0004936286477137378,0.006806782604182504,-0.023339090894355773,-0.002854604299712163,0.002989428725997595,0.0008465765150082524,0.0024970765011801815
0.7104549,0.76963824,0.5444532,0.94,0.695965,0.7275613,0.88,0.3016069,0.26704907,1.0,1.0,1.0,0.21652628,0.21652628,0.2182405,0.32166812,0.75023746,0.0007181832900340051,-0.00015949693491705747,0.0002476693587926096,0.0013749912967500563,-0.0004638731610428745,0.0024511941855249113,-0.0005692590455464361,-0.0009141149011505503,-0.012035039696691684,-0.0026880272223199046,6.145585231736174e-05,-0.0008666041086058907,-0.040292611989806534,-0.01111371315042865,0.002943317710983235,0.005547627756122668,-0.003845924037441118
0.7563173,0.6863665,0.68118244,0.6675588,0.94,0.88,0.6230168,0.16640702,0.15902445,1.0,1.0,1.0,0.12893873,0.12893873,0.46949053,0.1689408,0.4291262,0.000619797964596638,-3.277203046596648e-06,0.0005081062118188514,0.001470911867128452,-0.003395431938698508,-0.0007388349637653286,0.0014636858512057963,-0.00019856125117273524,-0.015448764723572898,-0.00234347424815702,-4.552633090174899e-05,-0.0008194329838451698,-0.0424613250495008,-0.010227324142179018,0.00048648738193561434,0.006904724762517547,0.0008772549796657622
0.90690005,0.9816195,0.36325303,0.94,0.35598797,0.8986786,0.88,0.6681585,0.80531454,0.93697226,1.0,1.0,0.69291437,0.68852705,0.5682405,0.51984984,0.63357073,-7.950779103269769e-05,0.0002466183444012851,-0.0005295235096914249,0.0028881932405404394,0.004614738736337256,-0.001222334238744889,-0.0006143948598415326,0.00047287453518367594,0.012577116412498819,0.0001814111698888511,0.0007057631786640966,-0.0003255118268037874,0.017022302584235684,0.0014747176161370385,-0.00020136375406937316,-0.0007996547057667762,-0.0013305016598619368
0.6906414,0.73036975,0.6831891,0.94,0.94,0.64439845,0.6072289,0.6997585,0.8015935,0.9169722,1.0,1.0,0.64994067,0.7866226,0.5932405,0.62166804,0.695793,0.0006413840077129124,-0.00019256480789691576,0.0006666468235348215,0.0029517859149406638,-0.004681904833523657,0.0012279717519334068,0.004040395770030692,0.002085598316711848,0.009148099776361484,0.00046755379803334123,0.0005216233425315004,-0.0005618411321103669,0.014691784329534883,0.0057479810021093345,0.00011987017248444421,-0.0033477092139697832,-0.0021239941783862625
0.38679525,0.55460006,0.81374633,0.92339027,0.94,0.88,0.48732066,0.35935837,0.5356257,0.93697226,1.0,1.0,0.43429112,0.77886,0.5619905,0.18530439,0.3080152,-0.0014563849830166165,0.003735282313250934,0.00288807785216585,0.003575357572560621,-0.005974562292704372,-0.0011316404765952096,0.011786465647334782,0.0009725271346476719,0.0032713623971153787,-0.0006302051759206434,0.0004492228246088573,-0.001563818640407301,-0.008581991718490618,0.0034610114990221807,-5.0161844251970005e-06,0.004722735050836518,-0.0016550948624100155
0.81459236,0.8306761,0.83763885,0.8208861,0.89401305,0.88,0.88,0.34480706,0.30289304,1.0,1.0,1.0,0.24558896,0.24558896,0.8532405,0.290759,0.27134842,0.0004251240443070703,1.8499088146175336e-05,-4.0815728505801346e-05,0.002464547011843052,-0.004160033586364556,-0.0008064522962789585,-0.00039243835229941674,-0.0001794317295720737,-0.010658943229065592,-0.0026319087389883446,0.0004927849279435235,-0.00134426644365156,-0.03891740438057297,-0.00668302768786793,-0.002459218723391811,0.005168634452487012,0.002697631569717024
0.8415154,0.8000316,0.7704997,0.8012955,0.94,0.88,0.75249696,0.5321585,0.5262515,0.9169722,1.0,1.0,0.42669043,0.9504086,0.65074056,0.37803173,0.6880152,0.00106352158751275,-0.00041863699243259645,0.0020105181631128828,0.001980198690232505,-0.00530390677578997,-0.0010010440991242546,0.003115543094281097,0.00011065833899205963,0.002160392500528055,0.00046179308563690555,0.0003447332616211207,-0.00040664380188772554,-0.008682029348746019,0.004547483174836675,-0.001189442815366744,0.0016140207980823368,0.001192573143274947
0.764301,0.630085,0.6231068,0.61064464,0.94,0.88,0.8342003,0.5185585,0.48075077,0.93697226,1.0,1.0,0.38979793,0.95384437,0.58699054,0.5898499,0.4291262,0.0009053624466729275,0.0016137258390343428,0.0010030902085672007,0.00140644695331352,-0.005563228397641454,-0.001143757073607865,0.00010334784316646984,0.0003254924889109044,-0.0023352582862898254,-0.0011092161081435981,0.00011078706701164297,-0.00032744880261155294,-0.017843172853969934,0.0071042176387297595,-0.0007106857423853246,-0.00123848764485176,-0.0004122215637223249
0.85159713,0.6205071,0.8940087,0.94,0.9420575,0.47978827,0.88,0.5973584,0.6449638,0.9169722,1.0,1.0,0.5229436,0.82811195,0.52574056,0.4680317,0.7124596,0.0007019979621571845,-0.0004621173646600642,0.001259180613795181,0.0029159607624170292,-0.004995214242576321,0.0025361238859554886,-0.0011477872985866794,0.0007006756955310775,0.007435901906863713,0.0008133543211446948,0.00023368015389793313,-0.0005403201789596543,0.0038640587843857565,0.006988365473050909,-6.929970540500242e-05,0.0010704595239437063,-0.0023160496741906665
0.85247123,0.73816216,0.75277126,0.94,0.6935538,0.7661498,0.88,0.4885585,0.42353696,0.93697226,0.93697226,1.0,1.0,0.34340835,0.5632406,0.55439544,0.50023735,0.00010885794005756233,-0.0004561652478192102,0.0004737458498068367,0.004065024065884565,-0.0004274178133193489,0.0008106210174866179,-0.0005523176336960006,0.0007633037750830908,-0.0004706900505466527,-3.5687113422774167e-07,0.0005959892927716472,-0.00043553413388399466,0.055346051560693145,0.0056815244379459316,-0.000258695048890957,-0.0022546030923303877,0.0007028363751656283
0.9231587,0.9655172,0.3068187,0.30068234,0.30068234,0.88,0.88,0.6609584,0.7550139,0.93697226,1.0,1.0,0.61217344,0.78052396,0.5994905,0.48348626,0.6435707,-0.0005436840118837848,5.813642918624743e-06,-0.0019690903641546727,-0.006136595535593928,0.005722857476350928,-0.0005293195117236433,-0.000723891978420394,-0.0007487996741445595,0.012801776047255093,-5.925589022085379e-05,0.0006701987134150406,-0.0003314682710310007,0.005854977930909169,-0.001080262522954263,-0.000627238886530712,0.00020228037306482954,0.0007325006322066892
0.37141064,0.5549811,0.8733042,0.88772357,0.96814126,0.88,0.88,0.5425584,0.5974671,0.9169722,1.0,1.0,0.80500317,0.52327317,0.4894905,0.5180317,0.4891262,-0.0010983298703296698,-0.0019531159307004978,5.9600181141907706e-05,0.0031800260519234073,-0.007531108086088483,-0.0009355692630458318,-0.001471807025232267,0.0009129624003206069,0.006914014367513866,0.00038375934265236466,0.0005031730319228287,-0.00031223759975735786,0.028764746779845564,0.0038390939503663056,0.0001412206614928721,-0.0013531079407674957,0.0008758821820583506
0.55928946,0.66265035,0.9656004,0.99229723,0.9742972,0.88,0.88,0.7457584,0.83490205,0.93697226,1.0,1.0,0.7784669,0.66955066,0.77574056,0.6198499,0.63245964,-0.0007054367633062729,-0.00011738802813775853,-0.00025116054872750056,0.0026505803321072324,-0.007017695460779774,-0.0006096517582683905,-0.0009478760860820702,0.0037691140837116882,0.013315134211341353,-6.9725179507321675e-06,0.0008671508575759132,-0.0008448272041907024,0.026083766806930034,0.004328316497032209,-0.00014936199319976466,-0.003856707500859797,-0.0021939635565638503
0.90690005,0.9763592,0.318319,0.99229723,0.29451334,0.88,0.88,0.4116069,0.35377643,1.0,1.0,1.0,0.28684577,0.28684577,0.77574056,0.29348624,0.7313486,-0.0009982991869428644,0.0014347625938929218,0.002260046432444968,0.002374835565078322,0.006727447675326547,-0.0007827788697782666,-0.0001639909394429697,-0.0006599767266180529,-0.008975375821009051,-0.002639002583818345,0.000255710299024521,-0.0003616890121257043,-0.03856724764835433,-0.007051331876913868,-0.0032471660419977344,0.007552543809309114,-0.004948015636855625
0.9231587,0.9655172,0.15731469,0.1541684,0.1541684,0.88,0.88,0.53415847,0.6552524,0.9169722,1.0,1.0,0.78724,0.51422954,0.59324056,0.29348624,0.5713485,-0.0004204516668235005,0.0016081441790017888,-0.0030049417555956747,-0.01311433671002058,0.013345767761416176,-0.0005481400097521434,-0.0002759221663373351,-0.0003407413202096679,0.00915985262791464,0.0007165589271018904,0.0009574826643330297,-0.0006185486322741335,0.02753662411650734,0.004038659208498592,-0.0004262954548329017,0.0032728899709850113,0.0002699997313421953
0.5169818,0.6330081,0.8256996,0.94,0.94,0.5067407,0.4942894,0.5196068,0.44785917,1.0,1.0,1.0,0.36312908,0.36312908,0.6282405,0.5043953,0.7469041,0.0024929784737404777,-0.0007967787489184378,-0.00045781197689954615,0.0030360741357687584,-0.0048167239943705,0.008330496050870117,0.001956737364768868,7.395462111045571e-05,-0.005680636439599882,-0.0024755532775852245,-0.00030877565994138324,-0.0005991891203624244,-0.029542585561989087,-0.01100162292632121,-0.0011136938988140714,-0.0005164565480005501,-0.0052931626865589864
0.9231587,0.9655172,0.29477245,0.28887698,0.28887698,0.88,0.88,0.6861584,0.60259736,0.93697226,1.0,1.0,0.48859245,0.93539226,0.7294905,0.54530436,0.5057929,-0.0015670831837442886,-0.0012594352462392386,-0.003084892352460358,-0.009194592801527218,0.007523502953624257,-0.0005116005402683824,-0.0005598203689332814,-0.001242604216537948,0.004212836305875466,-0.0009793236120637207,0.0005109907040673816,-0.0008002025497694204,-0.00780113135490183,-0.002580916618490155,-0.0019836707971525756,-0.0001951808900394438,-0.00010578093584154211
0.8329491,0.6750289,0.875322,0.94,0.8558381,0.77157223,0.88,0.52950996,0.45937604,0.6330234,0.6330234,1.0,1.0,0.37246707,0.33574045,0.71075904,0.53023744,0.0007719491538131689,-0.00038299723519059936,0.00012740882227734165,0.002648166339764159,-0.00429961748553629,0.0005244207865332881,-0.000582446774870873,0.0013226685961103375,0.000368867574565462,0.0034297296577425252,-0.003675686341110338,-0.0008759547369466736,0.049533986711718284,0.004266028931771553,0.00022856945295292693,-0.008341669921767315,0.0004532731841172148
0.90690005,0.9763592,0.49801224,0.99229723,0.4148252,0.88,0.88,0.6916615,0.58995813,0.22418888,1.0,0.22418888,0.4783444,1.0,0.71199054,0.77075905,0.31023735,0.00048309009480695643,-0.002233783470007343,-0.0004321045668439075,0.002868063720426223,0.0038074753117380605,-0.0003723478175293003,-0.0008883000494773657,0.0008487461614998768,0.005066208388135099,0.009087951233605196,0.0008251695941303644,0.01678192968314022,-0.0027755714336692803,-0.005584345073863342,-0.0013465785168951252,-0.003148892311287561,0.001233954289452734
0.9231587,0.9655172,0.37525317,0.3677481,0.3677481,0.88,0.88,0.65895844,0.64616424,0.93697226,1.0,1.0,0.90125996,0.5387081,0.5394905,0.5862135,0.78357077,-0.00015287061578183586,0.0033319695062957897,0.0004053570964061452,-0.005071458172725873,0.005817180901533103,-0.0009312651980447373,-0.0002231948095979982,0.00011716480675172523,0.00755203790264791,2.9219923760728273e-05,0.0005910437541638455,-0.0003829459071104779,0.03852584233449651,0.004082768406782611,3.810318762461991e-05,-0.002219709379503679,-0.0025985883092581046
0.6752568,0.6517021,0.90088284,0.9476599,0.9742972,0.88,0.88,0.6537584,0.8072972,0.93697226,1.0,1.0,0.65456533,0.7430676,0.73324054,0.3880317,0.60468185,9.576140894020251e-05,0.0007098125356841409,0.0022480223238360185,0.003719445761702293,-0.005625645966495707,-0.000731680226954086,-0.0010450218903242528,0.000907901532900583,0.014180346937907339,0.00041585041149756427,0.0007777553714354252,-0.0006117172727233653,0.017336009109591197,0.0043674962326485664,-0.00011838175201427563,0.0022261046367699783,-0.0005993018020567348
0.9231587,0.9655172,0.353069,0.34600765,0.34600765,0.88,0.88,0.552407,0.47121012,1.0,1.0,1.0,0.38206226,0.38206226,0.8382405,0.6453045,0.45579296,-0.0014531574595553892,0.00048168166969791304,0.00038913852916509334,-0.0039054807582959423,0.005409492652114049,-0.0009090688804015884,0.00037159814828824274,0.0002511344238737641,-0.0052199931906250115,-0.0028523369057101276,0.00016417452409464296,-0.0005984071373028968,-0.02792819162541003,-0.0034922535978212338,-0.0029811885113536687,-0.0036247753031914158,0.0013397369514562237
0.79862505,0.646919,0.69551754,0.9363606,0.6140924,0.88,0.88,0.33480704,0.29657403,1.0,1.0,1.0,0.24046543,0.24046543,0.6282405,0.5453045,0.2424595,0.0005168870201115431,-0.00023453141852113814,0.000130801937535207,0.002134409311502394,9.268426796327812e-05,-0.0003487966656519041,-0.00023127119256862344,-0.0006233529364228223,-0.010843779271898406,-0.002390316337369722,0.0002986286344215131,-0.0008518789225599473,-0.03329720686022633,-0.006812026716790872,-0.0004304878177218589,-0.0004581544970115542,0.004042952764686543
0.5252568,0.744903,0.7772655,0.94022495,0.94,0.88,0.6883087,0.2869583,0.62070996,0.93697226,1.0,1.0,0.73801297,0.4433813,0.33699048,0.37166804,0.31023735,-0.0008835826584941093,-0.00025139692653235597,0.0007343775160567304,0.004434809101800852,-0.008019890827564005,-0.00048635392060985427,0.0035922749167829975,-0.0022451554839170804,0.005281755024572166,4.710386889117388e-05,0.0006436361398730507,-0.0005343741718812573,0.019357216242471262,0.005024173101749776,-7.483765039613692e-05,0.003961031393117779,0.003963664679964339
0.7104548,0.7385888,0.44271904,0.94,0.50849444,0.6917444,0.88,0.34495842,0.4279117,0.93697226,1.0,1.0,0.34695542,0.8632026,0.32949042,0.21348624,0.6535708,0.0007707077850139411,-0.0001429917450406448,-0.0007313219698298896,0.002652182212067813,0.004360507264983673,0.00288219910301056,-0.0015446233031975105,-6.940068848803719e-05,-0.003991029815429364,8.626459456104515e-06,0.0005056961963881601,-0.0006530829667906255,-0.0176208758712933,0.0012871486761416452,0.0013262548055315434,0.0032818193182340793,2.1587026977976932e-05
0.856026,0.66513085,0.9251504,0.94,0.96514356,0.5315518,0.88,0.6977585,0.6757249,0.9169722,1.0,1.0,0.8473121,0.5657483,0.63949054,0.67985,0.6535708,0.0005144201056044198,-0.0013137581389941603,-0.0002094159269180896,0.004317205619315307,-0.006915978250193823,0.0015763671105034813,-0.000410274885440142,0.0020838205594225323,0.0066553195770906745,0.0006568052750779206,0.00037660556340933315,-0.0008248249880342812,0.03028756277356557,0.004027064848447759,-4.365023312509275e-05,-0.005351448661601369,-0.002567927813713737
0.8873779,0.9318432,0.78979886,0.99229723,0.909952,0.88,0.88,0.30000702,0.26840746,1.0,1.0,1.0,0.21762769,0.21762769,0.45699054,0.5343953,0.25245953,0.0007184875542342228,-0.0005594327076923915,0.00017513904540219043,0.0013528200223471166,-0.0030417837097521,-0.00041411519215692113,-0.0002346530686580664,-0.0007470676372665818,-0.008942772753172417,-0.0018848011103772694,0.0002726296417082312,-0.000773179874025932,-0.026846031896322637,-0.005658318728054338,0.0003533083449349939,-0.0007243763466659372,0.0016095474338064658
0.437378,0.68953896,0.79325825,0.7773931,0.9742972,0.88,0.88,0.28735846,0.55093026,0.93697226,1.0,1.0,0.44670022,0.73178303,0.61824054,0.14984989,0.20357068,0.001276754877350745,0.0010977501969549866,0.000963685875158176,0.002813922545217909,-0.009249113207860765,-0.000508515783084095,-0.001250940644839853,-0.0003363871871469214,0.002184424655726244,-0.0007787627738345509,0.0002745726528543959,-0.0007872351884487602,-0.00925108980075135,0.0021660361129109598,-0.0004060879233451504,0.0056788626200293835,0.0005916333578485402
0.4557346,0.5461003,0.81399953,0.79771954,0.8597547,0.88,0.88,0.41135848,0.5464693,0.9169722,1.0,1.0,0.4430832,0.8241111,0.2182405,0.5489407,0.3813485,-0.002216349157242117,0.002063187639197859,0.0013768345181854216,0.00193067929762885,-0.005402325397085046,-0.0008980852805623499,-0.000860929534865032,-0.0006197901649525752,0.0028412510887494886,8.059904197036672e-06,0.00022053201562423686,-0.0005870838166355829,-0.008632086923617704,0.005913579131400346,0.002382738755397447,-0.0011188081477836532,0.0005882383316410558
0.7912241,0.77542526,0.68279463,0.6691387,0.99229723,0.88,0.88,0.31200698,0.27737108,1.0,1.0,1.0,0.22489546,0.22489546,0.2232405,0.57348627,0.3913485,0.0005689101462732217,2.8547984021450226e-05,0.00022080304755658025,0.0013493173169231518,-0.004266444265377839,-0.0008341165726466857,-1.1769793265274147e-05,-0.0002509523295713861,-0.009222801417184347,-0.0021811591156072592,0.0003465001079871071,-0.0006253450586483845,-0.03132720727324471,-0.007308949734596332,0.0016002154041161903,-0.001711999640843439,0.0011704471421959276
0.5524712,0.6100941,0.60349447,0.9363606,0.94,0.88,0.5273442,0.29240692,0.2618267,1.0,1.0,1.0,0.21229191,0.21229191,0.27949047,0.6580317,0.29690394,0.0006232774683966283,0.00018502140159543698,0.00035089687582927907,0.002016789142303224,-0.003601957694745387,-0.0005439818535108879,0.001310123439450955,-0.0005025241269493905,-0.01039273211357123,-0.0024515520851958166,5.9408855121908956e-05,-0.0010380697788651238,-0.035685190631239865,-0.008773128875152048,0.0013508878065983817,-0.003762537512008081,0.0023660019022136293
0.84920776,0.85560083,0.7686922,0.862766,0.99229723,0.88,0.88,0.55910987,0.47621447,0.63139063,0.63139063,1.0,1.0,0.38611984,0.7819905,0.47803167,0.4891262,0.00080146245513544,0.00033308845104065734,0.0011842055309879418,0.0032501456051217425,-0.007285253603037046,-0.0007110185953387574,-0.0005821922825404114,0.0010802184278804255,0.0006102591474980929,0.0035691518441615276,-0.0045567761187278785,-0.0005909179237133144,0.048780691935088466,0.006874298497670254,-0.0012539951370988006,0.00027405724840308767,0.001091688884183186
0.9231587,0.9655172,0.25159997,0.24656796,0.24656796,0.88,0.88,0.6548614,0.55638456,0.39593345,1.0,0.39593345,0.45112264,1.0,0.5319905,0.52439535,0.69357085,0.000618431501210358,-0.0013886726625568777,-0.0019476096194038367,0.000461995539545533,0.00492549062817111,-0.00023087711958538553,-0.0009851680982578893,0.00020244255561590083,0.002984133414768751,0.00758410057087352,0.0005878841402240395,0.010505926502081047,-0.006472783247818273,-0.004274776110642163,-9.424114157402265e-05,-0.000268326348110255,0.0011153152558683686
0.9231587,0.9655172,0.08174553,0.08011062,0.08011062,0.88,0.88,0.44766137,0.38367903,0.39593345,1.0,0.39593345,0.3110911,1.0,0.44699055,0.3816681,0.39579296,-0.001167875050223254,-0.0014105409421670439,-0.004665917627356786,-0.009319920300586943,0.010636888742481617,-0.000637796015954272,-0.0007363798893732848,-0.0005408013058366232,-0.004698644611530123,0.016300097065194488,0.00042988345929973566,0.013121042184421498,-0.019691641653535034,-0.0033699488550258698,0.0017152108809930073,0.0004916138295932547,-0.0025322505684771714
0.6447789,0.87972546,0.77527285,0.81396896,0.94,0.88,0.85529643,0.13415848,0.37674356,0.9169722,1.0,1.0,0.8265508,0.26715574,0.42574054,0.05803169,0.22245958,0.0013985999797368565,0.0009750440248087669,0.0011130935078762635,0.0028563844723710906,-0.007582779482561173,-0.000821765771609268,-0.00031977441344393647,0.0012512002811628615,-0.006458977643672522,0.0006654486915460653,0.0007414533645434798,-0.0006322167947078514,0.035803294320813764,0.007677171600100932,0.0008677250679202916,0.008817194658222111,0.0012718047497919166
0.9231587,0.9655172,0.18971875,0.18592438,0.18592438,0.88,0.88,0.48190993,0.41683385,0.6756142,0.6756142,1.0,1.0,0.3379734,0.6482405,0.39712265,0.44579282,-0.001169558084595168,0.000982309039342656,-0.000226513573762034,-0.007143285461543847,0.010014227888992266,-0.0004511937084681747,0.00011933303033328912,-1.2481981859052043e-06,2.0669359661562927e-05,0.005162279077809929,-0.0027896943978682172,-0.0007000990546134884,0.05384281524770782,0.007834697587566499,-0.0011346414257513906,0.0023221926084989364,-1.8006382098924822e-06
0.537378,0.68953896,0.79146564,0.82185423,0.903209,0.88,0.88,0.2345584,0.2407063,0.93697226,1.0,1.0,0.9298423,0.23336406,0.14199042,0.28621352,0.44023746,0.0006322869389095767,-0.0010958633761134796,0.0007253125196126116,0.0025243170978593186,-0.005382659189931942,-0.001134458883350066,-0.0011602019446141567,0.0009762169895202291,-0.012798793048429402,-0.0004958784703967085,0.0005267273168341252,-0.0007151378248385043,0.046554117013257394,0.0039557376884147835,0.0011627393984364619,0.005800468085861853,0.0009883234468619057
0.8862126,0.7411257,0.8773503,0.878108,0.94,0.88,0.75938404,0.594007,0.5124641,1.0,1.0,1.0,0.41551146,0.41551146,0.57449055,0.7753045,0.73801523,0.0002451923179426857,0.0001940650272016665,-0.0003332671903217483,0.0006461190344263938,-0.003954402280742531,-0.0010185016950160345,0.0004121246102346491,0.000373888435304829,-0.0015043298424521575,-0.0025653841370863882,0.00024944528026482247,-0.0012196239550568782,-0.019021160519688628,-0.00597588916032247,-0.00027528973434129417,-0.008766230247356411,-0.0037526717694675114
0.90690005,0.9763592,0.4750949,0.99229723,0.33098337,0.88,0.88,0.5013584,0.43114626,0.93697226,0.93697226,1.0,1.0,0.34957805,0.8382405,0.41439533,0.53468186,-0.0006891596599397416,0.0009092130349770298,0.0002213921845902804,0.0029115417467097077,0.004913789484976858,-0.0009352983992302016,-0.0005423862677341369,0.0003458985426688211,-0.0034962389213694643,-4.52599579753913e-06,0.000282217984164061,-0.0005065914577262823,0.05228206644504934,0.006147157333583827,-0.0042037853809054615,0.00183312565441691,0.00034757989131630086
0.9181472,0.7201887,0.671269,0.6578436,0.99229723,0.88,0.88,0.3805584,0.49726236,0.93697226,1.0,1.0,0.4031857,0.8520479,0.4844905,0.23712263,0.53245956,0.0001669026628471671,0.0007856303203224808,0.0010488741396432902,0.00085048271907382,-0.006957572282794655,-0.0011998086108042354,-0.0012884630062012,0.0011938330024465387,-0.0008695695595838336,-0.0005525281631704379,0.0005444749916184404,-0.0007144950859481266,-0.013340085182962494,0.0025098933437551606,0.00028555538624131264,0.0013273673408844588,-0.00016012831410964058
0.9231587,0.9655172,0.0840901,0.082408294,0.082408294,0.88,0.88,0.28680703,0.2568081,1.0,1.0,1.0,0.20822278,0.20822278,0.6794905,0.32984984,0.3713485,-0.001743606484233199,0.0009774274759962397,0.0009734200615937129,-0.008256488110175413,0.007499171193449298,-0.0007875869297265174,0.00024090819084038754,0.00031081637842539844,-0.011706624538455284,-0.003586323373057519,-0.0003125424249676623,-0.001122383858487803,-0.034083543801472375,-0.002773675484527677,-0.0013281021523590686,0.003269200185495162,0.0015099262401957894
0.7296856,0.7449196,0.86690027,0.94,0.7155985,0.75249696,0.88,0.52135855,0.5995383,0.93697226,1.0,1.0,0.9034137,0.41509044,0.58449054,0.57439536,0.2924596,0.0007581342326877658,0.0004917115206030838,0.0009878517307344533,0.0036593088895598225,-0.00026393758889501566,0.000907978320700836,-0.0006252895046831328,0.0006065491568943335,0.007562413751326966,0.0005803373606779788,0.0005933121239494579,-0.0005378947408783913,0.043255504418817814,0.007047871285795931,-9.540945960896378e-05,-0.0024530896017543034,0.004476101616862931
0.9231587,0.9655172,0.13680868,0.13407251,0.13407251,0.88,0.88,0.57935846,0.5087829,0.9169722,1.0,1.0,0.84338856,0.49472046,0.46699053,0.5053044,0.70023745,-0.00022967588297910076,0.0026425269699370778,-0.0009011883685338351,-0.01166195622985172,0.013757874666646228,-0.000906429377330729,-0.00010636255386592773,-0.00021276109753286268,0.0004696989929364396,0.0001843493293256844,0.0004474590851601544,-0.000689154085735825,0.03511367362246158,0.004150894879160346,0.0009710650855253852,0.0003968203464652152,0.0007619966443332834
0.90690005,0.9816195,0.6244244,0.94,0.6119359,0.8986786,0.88,0.7856069,0.66278136,1.0,1.0,1.0,0.5373903,0.5373903,0.8382405,0.7671227,0.9269041,-0.00025315332071868435,-0.0008923671717420904,0.00040171035661937563,0.0002591050518870825,0.0010312715414329532,-0.002010607380277689,-0.00048694456038174947,0.0034751579760865237,0.007816128411682602,-0.0019153574259210637,0.00046998534224446185,-0.0013882886698686075,-0.003085266456225624,-0.0013229591300848783,-0.004259283171705964,-0.01137003205005362,-0.010772487410748122
0.8439049,0.7374608,0.91160023,0.89336824,0.99229723,0.88,0.88,0.55320704,0.47432214,1.0,1.0,1.0,0.38458553,0.38458553,0.8382405,0.6134863,0.4224596,0.00022211984327549143,0.0002449652610108712,-7.391759685405803e-05,0.0008142805469534654,-0.004937287018517164,-0.0009358821322442339,-0.0005828228278949619,4.169375708154968e-05,-0.004936522543301886,-0.003340851671762896,-0.00010668204473461616,-0.0013632095027718393,-0.02423381800098816,-0.007481708361633236,-0.0023522986218498594,-0.003368783285231836,0.0018659738166898216
0.76843846,0.7025828,0.8123325,0.94,0.94,0.8199039,0.4877567,0.45695832,0.37187847,0.9169722,1.0,1.0,0.98878,0.34115478,0.46949053,0.54348636,0.43690407,0.000883149008648307,-0.0006417336738815737,-0.00044505338350275066,0.0052399623301454664,-0.006296507068237902,-0.0001963799075063742,0.0009946722832720883,8.48399835875581e-06,-0.004756664974337621,0.0004875776734148907,2.9326774267906947e-05,-0.0005505635950666701,0.04863811718615213,-0.000738125433712419,0.0006198141197814946,-0.002292268176540544,0.003249274098596572
0.7166904,0.8195018,0.9125177,0.9742972,0.85998434,0.88,0.88,0.6184071,0.53148067,1.0,1.0,1.0,0.4309303,0.4309303,0.77699053,0.62803173,0.7313485,0.000712178844115005,0.00014058079528735446,-0.0008552750223062611,0.0006931409970625218,-0.002418068467384458,-0.0010952030884393124,-0.0005920094597576066,0.00047492221576124336,-0.0011062123646506331,-0.002298298717718445,0.0001925859644939859,-0.0007382446345054993,-0.021949432729472883,-0.006832179922795344,-0.002627152068809196,-0.004487484956754076,-0.004258184667474101
0.54005873,0.5267661,0.9081867,0.94,0.94,0.3710487,0.7562161,0.47135833,0.4049245,0.9169722,0.9169722,1.0,1.0,0.32831717,0.6282405,0.6571227,0.38468182,0.0013644168192889418,-0.0026967377250672457,0.00045015473401986044,0.004322606269156712,-0.006832761684242673,0.005214015044946754,0.0010794422108180756,0.00034952752466810007,-0.0012485747413716602,0.0008094892055698265,6.849843361832584e-05,-0.00043444685593334835,0.051441140786616414,0.006712126143025528,-0.0002830478143125246,-0.005234615210859471,0.00330302898164899
0.7486251,0.7235907,0.79739684,0.8298199,0.909952,0.88,0.88,0.3172069,0.2845843,1.0,1.0,1.0,0.23074405,0.23074405,0.33449054,0.5653044,0.3902374,0.0005875754468149548,-7.103770873007051e-05,-5.446936439195502e-05,0.001424432552982553,-0.003238916967524474,-0.0007562298075029827,-0.00035497141539931763,-0.00048666087881972097,-0.009751860151662947,-0.001815679753929964,0.0003150999978588169,-0.0005949633125278775,-0.030790615984470228,-0.0075173958459000614,0.0010571821098862401,-0.0015700562335426644,0.0014322888837977066
0.8439049,0.7374608,0.91160023,0.89336824,0.99229723,0.88,0.88,0.6049585,0.51865655,0.93697226,1.0,0.93697226,0.42053235,1.0,0.8382405,0.6134863,0.37245962,0.000858496789242791,0.0010286281999577727,0.0030927067859067054,0.0031110428184150927,-0.00797302674974343,-0.000764059826223858,-0.001435300043828492,-0.00025802050611373027,-9.040162124262577e-05,-0.0012792543718262925,0.0008705405097562017,0.0011435226466568068,-0.016721637446117144,0.0029425194329221875,-0.0018366013635088868,-0.0018135030730291892,-0.00036739770446487965
0.9231587,0.9655172,0.24098422,0.23616453,0.23616453,0.88,0.88,0.6153584,0.68289304,0.93697226,1.0,1.0,0.55369705,0.8163144,0.7044905,0.5043953,0.6291263,-0.0007221335933439239,-0.00021960841594849861,-0.0029667349111310803,-0.008635299098852568,0.0075698638962173204,-0.0009561529416248279,-0.00062583477883114,-0.0007916398689866652,0.009388630820527162,-0.0003952110259293703,0.0007711950688375034,-0.0006261377707256485,0.0008305366040787101,-0.0010027797634261015,-0.001318237517073083,-2.2777823431367023e-05,0.0006850673513161098
0.5524712,0.67892903,0.6586233,0.8916575,0.94,0.88,0.60724634,0.37935853,0.4535688,0.93697226,1.0,1.0,0.36775848,0.84279704,0.4082405,0.21894082,0.39134842,3.0165590245856203e-05,0.0014166131458256414,0.0006796684276433123,0.003129884349792278,-0.006338006228570334,-0.000722992872467488,0.0063206612037295185,0.00023701108970591668,-0.0035386044011348995,-0.0005550457710118565,0.0005776160952356285,-0.00035286566541148866,-0.021858145498636353,0.002029014931874412,0.0006975777556552868,0.004683459749200688,-0.00029578045909837617
0.5447789,0.57959986,0.7482165,0.8762485,0.78521043,0.88,0.88,0.42120683,0.36828348,1.0,1.0,1.0,0.2986082,0.2986082,0.5032406,0.39894077,0.6435708,0.00010437785878439961,-0.0005502612325702038,-0.0003377832547169596,0.0006817371322853469,-0.001205570306366055,-0.0006861499143375954,-0.0008816394966053581,-0.00042376914388828903,-0.009604061691408467,-0.002603724514659218,0.0002919212035494122,-0.001270942857289346,-0.02981719511214967,-0.010513898155392437,0.00025405717349877006,0.0031304277016406296,-0.0014165537731656186
0.8219933,0.9592424,0.7567361,0.9420575,0.73188376,0.88,0.88,0.23240691,0.21113369,1.0,1.0,1.0,0.17118949,0.17118949,0.43949056,0.34348634,0.37245962,0.0008864634502394526,0.0005289201554622903,-0.00012124242952414049,0.0019534438480732098,-0.0007090461393900419,-0.000714761025058351,-0.00044996212949847665,-0.001146861906542561,-0.012039198636744413,-0.0022213830763678395,5.300327641070454e-05,-0.000630668437407805,-0.038353234952622044,-0.005642061783008952,0.0006352083802321218,0.0032661660844567693,0.0019800809797564265
0.9231587,0.9655172,0.19445392,0.19056484,0.19056484,0.88,0.88,0.5577584,0.6183442,0.93697226,1.0,1.0,0.78932583,0.5377522,0.1919905,0.65075904,0.5502374,-0.0010648230093153637,0.002798360366419482,-0.0013994563318713543,-0.014278621142890344,0.013837426834957233,-0.0011552427387150196,-0.0001096990018973124,-0.0003382822360132004,0.007697377809216121,-0.00033296320139370984,0.0003726599134904163,-0.0004753392068651574,0.027934035613941064,0.0030008951381126935,0.0026395645017015866,-0.004144759783974662,0.00017354253910649626
0.7329491,0.87280303,0.8142243,0.94,0.9742972,0.7724515,0.88,0.47381294,0.4068729,0.2189507,1.0,0.2189507,0.32989696,1.0,0.5319905,0.1689408,0.6691263,0.00033913926124003776,-0.000817728789117584,0.003310104770041929,0.0011659544149581363,-0.004953088730195613,0.00019031409772733292,-0.002257700857407819,0.00030295762849596086,-0.002754874689467384,0.0014690080371740322,0.00021897588679654383,0.02234669740380536,-0.015741108086135155,-0.006573976790655276,-6.108015876203216e-05,0.00025925080970293473,0.0004605334180614862
0.922576,0.9105279,0.67858946,0.66501766,0.99229723,0.88,0.88,0.30120683,0.26825622,1.0,1.0,1.0,0.21750505,0.21750505,0.61574054,0.57439536,0.15912639,0.00017767778528247007,-0.0006132611766606499,0.0001991228336720184,0.001971428695723815,-0.0054736089735071755,-0.00046834581362739723,8.515566714946176e-06,-0.0002265085696789935,-0.010601999689304692,-0.002130939277452985,0.0001466749156936,-0.0007657058704763348,-0.03025775073803459,-0.005309764831442726,-0.0005682922804470452,-0.0014113551408408808,0.000995124296607258
0.89151543,0.9339215,0.31261718,0.94,0.30636483,0.8433489,0.88,0.63126147,0.5444269,0.37864074,1.0,0.37864074,0.44142726,1.0,0.68949056,0.6471226,0.5680152,0.00018903799440919168,-0.0023104485856372996,-0.0024468551752364676,0.001503183851399887,0.005641377827739946,0.00019510919236361484,-0.0021690895547724896,0.0005738159296450901,0.0024675992772916116,0.0048584520837100485,0.0006420711092972298,0.013562923409835875,-0.008585676659208936,-0.006810255685083699,-0.000982639682467647,-0.0011250192083220665,-6.645413028773244e-05
0.15602608,0.5176363,0.8428371,0.85980326,0.94,0.88,0.36045814,0.27310988,0.24545649,0.6756142,0.6756142,1.0,1.0,0.19901878,0.58449054,0.31621343,0.26468182,0.00010944608906304311,-0.002143759573034312,-0.0005178911609076808,0.004145361372745135,-0.00751918115149552,-0.0011103880453658206,0.007029686121464738,-0.002563972220138671,-0.007927305520114059,0.006918949789201956,-0.0029468070724448124,-0.0002526386488876074,0.05722556679112928,0.003955775894105977,-0.0006838759657654818,0.007982859513665607,0.007971502826339988
0.8918068,0.6642838,0.47003168,0.94,0.46063104,0.53056926,0.88,0.42640686,0.37199995,1.0,1.0,1.0,0.3016216,0.3016216,0.6894905,0.39166814,0.5457929,-0.0005893663173249436,-0.0007081525123887833,0.0007038040583763155,0.002326039756006678,0.00477885534214485,0.007979143512520355,-0.00016722278870724073,-0.00024041993175609203,-0.010034498982182677,-0.002243839134644938,0.00020531371998017974,-0.0010572403303081904,-0.03462242271056276,-0.007203599295879877,-0.0017140236027678051,0.003377309110304219,-0.0003409162268220053
0.8601635,0.91387534,0.38813183,0.94,0.3803692,0.8200954,0.88,0.65511,0.55700755,0.63139063,1.0,0.63139063,0.45162776,1.0,0.8532405,0.4734863,0.60468185,0.00033625882340611134,-0.0014442980990583634,-0.0016840824352023023,0.0024716988802534435,0.004275215262663854,-0.00020875657809393255,-0.001007138709025664,9.36570841242904e-05,0.003731672985520732,0.0037477475869372016,0.0006864772211217221,0.007781843140746121,-0.006452826460619157,-0.004562164723352397,-0.001794879826726285,-0.00010318812456234571,-0.0002269535919221876
0.9231587,0.9655172,0.22026235,0.21585709,0.21585709,0.88,0.88,0.45655838,0.39480987,0.93697226,1.0,0.93697226,0.3201161,1.0,0.6594905,0.30712268,0.6502374,-0.0010269966167113064,-0.0012988879631642852,-0.003413060316045915,-0.008329937460714157,0.0061837046561726,-0.0005689232033125001,-0.0004201892525460885,0.00021304793712221054,-0.00660029292782955,-0.0007391214917488285,6.164441280045257e-05,0.0008712451049377693,-0.020127100597281972,-0.0007465455612448732,-0.0018607899714659442,0.0007223377549775692,0.0023668510650309478
0.87228465,0.8000316,0.58282423,0.8301926,0.94,0.88,0.75249696,0.5385584,0.50466037,0.93697226,1.0,1.0,0.98878,0.38272277,0.43949056,0.55075896,0.6746819,-0.0003648928512840453,0.00047616647439042704,0.0007054919319730588,0.0029556245254463366,-0.006327289513160337,-0.0009989135588693826,0.0007664574106831344,0.0006231860691652999,0.002391604017844244,0.0002760962465118509,0.0004354375998337894,-0.0008147938156573672,0.05023693433447087,0.003271551952093798,0.0002110242347869844,-0.002329077727503993,-0.0029497387517338366
0.7758395,0.79398036,0.75467396,0.8120528,0.8780431,0.88,0.88,0.5913585,0.6208095,0.9169722,1.0,1.0,0.5033591,0.84138674,0.48074055,0.55439544,0.43023735,0.0009368993462351035,-0.00038855642322965377,0.0012619638988600405,0.0031161701354929035,-0.00459929736935898,-0.0011596521648667534,-0.0010987638386178277,0.0002769110975377921,0.006620007042608126,0.00044112932892566113,0.0006109268039780613,-0.0005626398126291377,-0.0021332751001388235,0.0024920379087446493,0.0003342197681937658,-0.0008292353469345968,-0.000195432532053639
0.89891636,0.7624124,0.96257967,0.94,0.94,0.8841149,0.6596881,0.63871,0.5484102,0.6553457,1.0,0.6553457,0.4446569,1.0,0.72824055,0.6034863,0.6691263,0.0008046976160816391,0.0004467339112526663,0.0019409094048709508,0.0003425763935287901,-0.003391095245568161,-0.0004238237873435183,0.004376920981401419,0.00144061079081921,0.002640115336270254,0.003200601180098142,0.0004902547353608897,0.011209042104959866,-0.009454550494448495,0.006957182319533961,-0.0016158342330196368,-0.002497822785701888,-0.0016215068668333002
0.9231587,0.9655172,0.20526178,0.20115654,0.20115654,0.88,0.88,0.4676068,0.40561786,1.0,1.0,1.0,0.32887933,0.32887933,0.73324054,0.5098499,0.52134854,-0.001202027037408843,0.0006641594037751035,0.0004943979794224821,-0.006466525250262858,0.007588003332188735,-0.000845613660304729,0.0002770747360319911,0.0001642751897334235,-0.007438365822233843,-0.0026902510504405097,0.00016552675359485765,-0.0006887112111810153,-0.030472924499733756,-0.0038902448615765685,-0.002272046162033416,-0.0004653004488365696,0.00033225478904877606
0.90217984,0.73999125,0.69784784,0.94,0.99229723,0.9343218,0.88,0.5097585,0.7771744,0.9169722,1.0,1.0,0.63014144,0.7006036,0.44824052,0.5962136,0.57801515,0.0013964834050099709,-9.766844285267942e-06,0.0008350237746223902,0.003583650964871555,-0.007097442759430866,-0.0012225612774562958,-0.0007394914042915456,0.00012935840201984056,0.012964187607890571,0.0009738942904201256,0.0005370874007135068,-0.0007766080653965773,0.013937400021841717,0.005861774298831921,0.00020832816871172534,-0.003267300952774725,-0.00017444433340860194
0.76371837,0.7402117,0.77944696,0.94,0.94,0.7655684,0.773659,0.6133586,0.63135463,0.9169722,1.0,1.0,0.86241007,0.5085949,0.5982405,0.51348627,0.54468185,0.0005803472281371986,-5.9322865622431894e-05,0.0010278735360231544,0.005007875054482005,-0.0063860200996477936,0.0009107062681639974,0.0009280125349076276,0.0005625433939644872,0.006567222989993151,0.0006287499192116195,0.0006967839676611723,-0.0005713879273242561,0.03039558198745933,0.005647555363576191,6.73758087896786e-05,-0.0004461510339134197,8.890264308937863e-05
0.7912241,0.79398036,0.5360478,0.94,0.47746706,0.75608623,0.88,0.29975837,0.74808395,0.9169722,1.0,1.0,0.6850374,0.51931393,0.46949053,0.52985,0.11801508,0.0003739170596768672,0.00025828768299171684,0.00033085399959004473,0.0038584816723325156,0.003324055341529991,0.0010547441458232437,-0.001304880852711935,-0.00023585842334549392,0.01030821851865026,0.0006344423706946203,0.000910475222094887,-0.0006698560045551283,0.01548582127217932,0.006504394025603969,0.0001520299562853982,-0.0004498693244698374,0.003961438773081173
0.7483337,0.4652682,0.8615217,0.84429127,0.8512532,0.88,0.88,0.49335837,0.5071796,0.93697226,1.0,1.0,0.41122672,0.8855387,0.3582405,0.4198499,0.67468184,0.0010523035876548149,0.0013501601457401094,0.0012488651177756766,0.00194744932381235,-0.0028901912775812465,-0.0008083844113277916,-0.001654999395404306,-0.0001821049831652022,-0.0007625728910109006,-0.0003035076399713318,0.00033241718733618893,-0.00046019811522254926,-0.015625508393148406,0.010548238350685602,0.0013494542874991858,0.0024410754453662296,-0.00098591958110727
0.7370866,0.7068212,0.7447902,0.72989434,0.9742972,0.88,0.88,0.33960694,0.29994345,1.0,1.0,1.0,0.2431974,0.2431974,0.3069905,0.48984987,0.61801517,0.0005014853214291743,-0.00027154713802135863,-9.29542998929648e-05,0.0013286611034375867,-0.004365163687302295,-0.0008739607149024744,-0.00011864941734867348,-0.0002427696395495404,-0.009191461438791048,-0.0024764812741805754,9.353264327080335e-05,-0.0008342034487812122,-0.03438414181570302,-0.00731601972586472,0.001495813780468154,7.324295592069246e-05,-0.0012759521533907783
0.8219933,0.85428894,0.39735106,0.94,0.38940403,0.7509752,0.88,0.5537584,0.4892307,0.93697226,1.0,1.0,0.9504086,0.40549785,0.5369906,0.5580317,0.7113486,6.508781516890645e-05,0.0005104057096698924,-0.0001890059075492792,0.0034411228488302782,0.004208457940864483,0.0015527428787469727,-0.0007612342491320146,0.0006909878236270355,0.0010359527490403817,-0.0003674169414154661,0.0007558352000484314,-0.0004018887093290466,0.04197636103129403,0.0060967633788416775,-0.00031576326384999984,-0.0019930433561008683,-0.003235991211409159
0.5711193,0.7449196,0.7304754,0.94,0.94,0.8091359,0.71241957,0.22520691,0.20435052,1.0,1.0,1.0,0.1656896,0.1656896,0.42574054,0.271668,0.55134845,0.00015946996300773494,0.00014997760299606598,9.021862995890383e-05,0.0016514658666801408,-0.003658796885811769,0.00042499423417662134,0.0011117667373361734,-0.0009466862863764371,-0.013256485365652852,-0.0021621013513810692,0.00041641479023497266,-0.0007097317385953245,-0.041876861751356846,-0.008072321818132909,0.0006207486348488077,0.005622181771653946,-0.0003506334716829291
0.4397673,0.3752249,0.8793797,0.94,0.94,0.8199039,0.19526088,0.064806975,0.072384596,1.0,1.0,1.0,0.058690213,0.058690213,0.16824055,0.1498498,0.44579294,-0.00015213561957159408,-3.6342426404495194e-05,2.125038854062143e-05,0.0019600130267343626,-0.003045450220210536,0.00021241561345148672,0.0032919117973637174,-0.0005876458711274787,-0.01520193364826254,-0.0019824119682469144,-8.840543137775564e-06,-0.0005222393401728886,-0.04344169254489396,-0.010911162268058092,0.0017225447749191455,0.007505142166225466,0.0010083117326610306
0.7175645,0.5486881,0.78137136,0.94,0.7443053,0.7562161,0.88,0.1440068,0.13670708,1.0,1.0,1.0,0.11084358,0.11084358,0.38699055,0.24984984,0.42357075,0.0003099788859040043,-0.0007257117246563496,-0.00022295728316063516,0.001702519825630161,-0.0012509027197889053,0.0014611275187407407,-0.00022020256324040962,-0.0005028479703980453,-0.012533105251877235,-0.002331067415293469,6.359472734180291e-06,-0.0011410683051820574,-0.03415444736173845,-0.007978718152607837,0.0008521306259398332,0.0039022688721292637,0.0013729474667490465
0.856026,0.8239842,0.80166125,0.94,0.77313286,0.93028706,0.88,0.78141296,0.66080034,0.2880742,0.2880742,1.0,1.0,0.53578407,0.6282405,0.67530453,0.63912636,0.0007544013542542025,-0.0005798086415463055,0.0005674605696773398,0.0022337987697611684,-0.0026234254548550095,-0.0010380104024223747,-0.0009993286902129565,0.0038132089748827676,0.00614038606805326,0.005819087574879855,-0.01605733157300561,-0.0006324265042230764,0.04570791266453266,0.003962434727325173,-0.0003512654636029709,-0.004706888432253079,-0.0009802447476097414
0.7110375,0.59239334,0.8036257,0.94,0.8676017,0.71567416,0.88,0.51455843,0.63130915,0.9169722,1.0,1.0,0.5118723,0.8066455,0.39449054,0.5353044,0.5680153,5.6637619818607524e-05,0.0018668621966543217,0.0008704680213199242,0.0007811433766856182,-0.0029148258319196536,0.0021227475760196746,-0.0013180303263650723,0.0002591665695512688,0.00633040337295625,0.0007463719269598671,0.0006784107924672633,-0.0006779396984532229,-0.0011320039551927445,0.004593270579475276,0.000850669251759026,-0.0009074365370791197,-0.00017934562185270325
0.76342696,0.75829464,0.666765,0.94,0.64008796,0.6396218,0.88,0.62655854,0.9118761,0.9169722,1.0,1.0,0.739359,0.6670958,0.8532405,0.5389408,0.44579282,0.0006851383861098506,4.756433225380137e-05,0.000590815312498728,0.004259518625166356,-0.000413436369919514,0.0013980051439624283,-0.00041671806618883767,0.0008707083073203856,0.015149708681359828,0.0005865482182988088,0.0006205672901985371,-0.00036686973334622926,0.022057472819167475,0.002337096973950792,-0.0006423415830822062,-0.0008911517626054042,0.001474453207361004
0.8107462,0.5789841,0.86522084,0.94,0.7338649,0.8836999,0.88,0.5445584,0.8097049,0.93697226,1.0,1.0,0.80904406,0.518304,0.6357405,0.64984995,0.26023737,0.0005284214779247291,-0.0010639924981564273,0.0009799611265537498,0.004902098536671456,-0.0018331203114911358,-0.0008938008051867166,-0.0003424424070120056,0.0005078637063799868,0.01355971159457962,0.0001340963883422896,0.0007790649226915869,-0.0005907366865801583,0.027689023274346313,0.006474639489759998,-3.776570789508901e-05,-0.003800128317536195,0.004634625963622484
0.7876693,0.8000316,0.62474513,0.94,0.6772387,0.6880367,0.88,0.52070993,0.45013615,0.48083293,0.48083293,1.0,1.0,0.36497527,0.56449056,0.39166805,0.6546818,0.0005774997767201393,0.00023641420159486147,9.36117798005821e-05,0.003150408622474664,-0.0017194245816968654,0.0017680725415050397,-0.0007429025709972673,0.0008074571197865327,-0.0011438598081263734,0.0049743712659278,-0.008477689290752523,-0.0007006444684918311,0.04691872565630599,0.009251167781530463,-0.00021128062438398185,0.00214918525590991,-0.0012265593280699496
0.72496545,0.6547713,0.8466803,0.94,0.9742972,0.6523588,0.88,0.45390984,0.3964368,0.49397412,0.49397412,1.0,1.0,0.32143524,0.54574054,0.47803167,0.4635707,0.001071197654827225,0.00023941259427507787,0.0013934229141763488,0.0026874694805041088,-0.00728002205529835,0.00153275467449649,-0.0015319917229287372,0.0004029291452841531,-0.003507169461684336,0.0036347626855738374,-0.009245299062240777,-0.0007233929962913705,0.045582455199366635,0.008069821788591,-0.00015386974235040774,9.639277004004912e-05,0.0011239913001713931
0.0829491,0.530268,0.56901675,0.9742972,0.94,0.88,0.37511092,0.03800705,0.052603353,1.0,1.0,1.0,0.042651366,0.042651366,0.05074036,0.42712262,0.07357078,-0.0006600785153386867,-0.0002516290339452816,0.00041532064480704847,0.0025379132835582517,-0.0050073580052787045,-0.0005939102416352123,0.0010285578586462965,-0.0008387752943750487,-0.015710214286391817,-0.002732123801808099,8.518677112371487e-05,-0.0005627315573669822,-0.043652719201186095,-0.009251182801408424,0.0024092168258213137,0.0019037763438231165,0.00422866048671742
0.9231587,0.9655172,0.249637,0.24464425,0.24464425,0.88,0.88,0.47920707,0.41414496,1.0,1.0,1.0,0.33579323,0.33579323,0.5657406,0.5043953,0.66912633,-0.0019604209357366917,0.0011510619085779645,0.00047467552337455163,-0.004912134407777655,0.0054846685145508774,-0.0009477149355058085,0.00021323943558630693,0.00020295182291849297,-0.006367637147927657,-0.0027750264735444037,0.00016145607644713511,-0.0010200093565710755,-0.03032451830213057,-0.004797388680378255,-0.000538554264334448,-0.00018931931378294588,-0.0020901212418227145
0.9231587,0.9655172,0.16525267,0.16194761,0.16194761,0.88,0.88,0.5640614,0.47842392,0.20894541,0.20894541,1.0,1.0,0.3879113,0.5719905,0.4380318,0.62468183,-0.0007890441765765263,-0.00041441418288459364,0.00018170009661947923,-0.004361454695791844,0.010331319562460327,-0.00011148662584021564,-0.00012204604052272854,0.0007658156957422125,-0.0007211020777927188,0.008308672879438267,-0.011517767480013253,-0.0006797744345668799,0.03636013517704031,0.006894238152642549,-0.00020744431510376888,0.0011193680100753075,-0.00019684630717625444
0.5947789,0.7296301,0.8604439,0.843235,0.94,0.88,0.52795166,0.22880691,0.20975238,1.0,1.0,1.0,0.1700695,0.1700695,0.6469905,0.35530445,0.19801511,0.000988282357853364,0.00012732282816980912,0.00014642985496650778,0.0021660695737350816,-0.003747537855135276,-0.0005183987167010086,0.0013392920763037918,-0.00029066683689546956,-0.013811552869853146,-0.0020706141410639866,0.00020734838708722395,-0.0006674653398150615,-0.03965602824252463,-0.008665663923078047,-0.0005994978911427275,0.0039768326091194715,0.0033178120600755455
0.9231587,0.9655172,0.10035297,0.09834591,0.09834591,0.88,0.88,0.33415854,0.32382512,0.93697226,1.0,1.0,0.9534251,0.26621273,0.37574053,0.340759,0.3902374,-0.0010932169266255653,0.0022557758296047363,-0.001581484369334784,-0.014681271657039316,0.013499118881352756,-0.0014399312341431152,-0.0004287650227223902,0.0008034693753323774,-0.00995997877134538,-0.0005469610053063563,0.00034533441119570643,-0.0005608513663407461,0.049893047836539195,0.005688217132704316,0.001436442944083923,0.00444608742628772,-0.000702519994435301
0.90690005,0.9816195,0.23370847,0.94,0.2290343,0.8986786,0.88,0.53895843,0.79357904,0.9169722,1.0,1.0,0.71648705,0.6170957,0.6744905,0.540759,0.4257929,9.44600213375021e-05,-8.993452748885418e-06,-0.001071193750075749,0.0040005179720655655,0.00704279506923698,-0.0005141158623415952,-0.0010210082031126947,0.000316986004329052,0.013397830548883575,0.0005044511456864791,0.000878701703203898,-0.0005455541264956693,0.01911116043192845,0.004005257568886395,-0.0005041600080475502,-0.0008462011203416686,0.0012409931236393164
0.7178558,0.7384865,0.75337887,0.7383113,0.94,0.88,0.6166444,0.4792614,0.41500542,0.45162007,1.0,0.45162007,0.33649087,1.0,0.7132405,0.32166803,0.61801517,0.0004929839683105623,0.0006838890389108686,0.00219645106618509,0.001326160403650214,-0.0033126559816468947,-0.0004808764536172565,0.006731016116087375,0.00019280390158230376,-0.0016017170341653289,0.0057262042285289964,0.000482361590430791,0.014817681283682983,-0.012903922128865309,0.00016038684588897122,-0.0007756168855701046,0.0006975595056571677,-2.108683470414475e-05
0.7876693,0.85880697,0.7441995,0.7293155,0.94,0.88,0.7562161,0.61806154,0.5321427,0.28351858,1.0,0.28351858,0.4314671,1.0,0.5969905,0.4562136,0.6380152,0.0005396060566425806,-0.0012750012686144677,0.0017872473118753784,0.0015929610444476135,-0.0034110913885637482,3.436389452832577e-05,0.0026323784917710617,-0.000128456487469006,0.0026506192918332927,0.0025792322684913206,0.0007299510197527917,0.021264325320603437,-0.004826586628704653,-0.004256041237344394,-0.0004644953599160864,-0.00012319076237506522,0.00014367233022801704
0.25515202,0.5683466,0.8242116,0.94,0.94,0.8433489,0.47706518,0.4321585,0.67967266,0.9169722,1.0,1.0,0.7937433,0.5252299,0.59824055,0.4180317,0.37579283,-0.0014854434812637985,-0.0006719183947260203,0.00027539349116415495,0.003764705529174312,-0.006878451149412354,-0.00044758062456379174,0.004829673243565879,-0.00015472978168765538,0.009455268557031642,0.0007182221739911948,0.0008312065173594005,-0.0005499359074223908,0.031147415521393676,0.005624509739015455,-2.2009001576744297e-06,0.002823806092062578,0.0028205442031054018
0.8175645,0.8793482,0.73061424,0.94,0.94,0.78004396,0.7081618,0.38200682,0.3351464,1.0,1.0,1.0,0.27174032,0.27174032,0.61824054,0.47894078,0.6069041,0.0007002390148473492,5.845823935713618e-05,-3.080791925760574e-05,0.0017618786858971164,-0.003806811892579659,0.0010277027594348042,0.0008302689045105632,-0.0003782310071867542,-0.00976230890310578,-0.0018977497712616568,-5.564839459765575e-06,-0.0007855475928575523,-0.03242413432940675,-0.00950497148019642,-0.0006334856851032996,0.0008335996260940786,-0.0009842709075617425
0.8415154,0.85560083,0.787977,0.7722174,0.90833646,0.88,0.88,0.45735848,0.53927374,0.9169722,1.0,1.0,0.87953687,0.40164283,0.52449054,0.40439528,0.39579296,0.00023474165417676686,0.0007209604122344843,0.0012376377266667517,0.002628450843787653,-0.0063985998081060366,-0.0006673435095090324,-0.0006569693622241088,0.00012201727452066654,0.004446999695007861,0.0007864955127412728,0.0010189125233481988,-0.0004260648038221701,0.04065842562395052,0.006187027472281539,7.415707648462552e-05,0.0020367801111890087,0.001870053902681925
0.8332404,0.6856538,0.6181519,0.94,0.65186876,0.5994112,0.88,0.40095848,0.6583544,0.9169722,1.0,1.0,0.5338009,0.72509354,0.10074043,0.48894075,0.615793,0.0008123797495349297,1.9321383892908875e-07,0.0003374329500906316,0.0016336896861279585,0.001815788374546596,0.003022231659151602,-0.0008889465296315008,-0.0003817076867286325,0.007563860601769153,0.0005054765426912118,0.0005927409644464624,-0.0006699109295606764,0.003877896279149766,0.0031055218296381776,0.0025617385900181004,-5.381801942672182e-05,-0.0010469633792998675
0.90690005,0.9816195,0.23370847,0.94,0.2290343,0.8986786,0.88,0.45950997,0.39721107,0.7253458,0.7253458,1.0,1.0,0.32206303,0.5694906,0.45984986,0.4257929,6.034327542938315e-06,0.0009004513296792788,0.0005139772134998385,0.002791214766492065,0.007708022685375479,-0.0009644729216653554,-0.0007079811201504072,0.00038681131417055105,-0.0031309041397076156,0.0036007570064747986,-0.0028330088774982313,-0.0004276349708357041,0.04912142568807983,0.010076130850752802,-0.0004230521187496078,0.0008429212158901775,0.0010415361377676812
0.7672731,0.7632302,0.8707975,0.94,0.8382191,0.6194941,0.88,0.6232069,0.53507596,1.0,1.0,1.0,0.43384537,0.43384537,0.70449054,0.75166816,0.64134854,0.0006791394796864406,3.955271873575562e-06,-0.00021320401923818086,0.0014463738011011732,-0.0020865533185515386,0.00548796502412978,-0.0005091120651941797,0.0009428333592763473,-0.0001664849314052612,-0.00241574742495564,0.0003663670047640533,-0.0008971009436441191,-0.0265990867725478,-0.0052711781410488675,-0.001999718550193749,-0.009867070143591262,-0.0022627312656944144
0.92286736,0.7561357,0.67148685,0.94,0.65805715,0.6371174,0.88,0.7913585,0.86168253,0.93697226,1.0,1.0,0.6986615,0.80629987,0.6707405,0.80257726,0.6713486,5.116009606093803e-05,-0.0002405664644032337,0.0002119030934481161,0.002364088243976113,0.0002918762537196461,0.001018155274775017,-0.0003894572157516036,0.0022224908886161283,0.011534430976511887,0.00014250584870912147,0.0004396153022397506,-0.0007256749640741772,0.017024112366520416,0.004571641773536902,-0.0005913903930606094,-0.0074811333269624095,-0.0025781176767007852
0.65987223,0.68462896,0.8567542,0.8857861,0.96716094,0.88,0.88,0.61415845,0.65009594,0.93697226,1.0,1.0,0.5271048,0.8523706,0.25949037,0.7662136,0.62801516,-0.0002524959053359324,0.0009355495391872233,0.0005381432781649422,0.0018008241493010961,-0.006386095213132041,-0.001016568588633403,-0.0006535257775556098,0.0011592041714402867,0.008548971714412835,-0.00035936967852879896,0.00047380625325191717,-0.0005728737365786162,0.002174179836812059,0.00916819664687334,0.0017053677264168782,-0.007533282267509361,-0.0007732250627712865
0.5915154,0.53363603,0.7895212,0.94,0.7778893,0.94859445,0.88,0.31960702,0.28322122,1.0,1.0,1.0,0.22963881,0.22963881,0.3757406,0.47894078,0.44023737,0.00012462201816494667,-0.00033769400352209704,-0.00040765644927784935,0.0013709655648875489,-0.0013166484034636864,-0.001916832899113731,-0.0004101114987947348,-0.00044237372304021903,-0.010983203049387588,-0.002392062096701007,-8.134398717700477e-05,-0.0006170392999512447,-0.032555073761910774,-0.009058562749494516,0.0008822415985949197,0.0009370271953079711,0.0013473760656027883
0.9231587,0.9655172,0.078392334,0.076824486,0.076824486,0.88,0.88,0.34560692,0.30711097,1.0,1.0,1.0,0.2490089,0.2490089,0.48199058,0.6353045,0.25245965,-0.0015896512677676619,0.0005833063259306717,0.0005889671322591297,-0.008208595198149189,0.008946786899251224,-0.0007025948398974416,0.00026079939221044395,0.0001639705621888632,-0.010495893547688389,-0.003351880939173544,-0.00026301190157781567,-0.0008266569988816842,-0.03467927249477273,-0.003382852583520951,0.0004673563209718691,-0.0030024853720371576,0.0023741262487236474
0.9231587,0.9655172,0.09372453,0.091850035,0.091850035,0.88,0.88,0.47855842,0.6990976,0.93697226,1.0,1.0,0.820047,0.45929563,0.5844905,0.51894075,0.32134852,-0.001156670856724925,0.001671672162515552,-0.0046787353883337955,-0.020009626775906807,0.017776059926586533,-0.0010784624652124466,6.25325530396788e-05,5.6107997847751804e-05,0.011613142517501458,-0.0005404426481502398,0.0005907585765393243,-0.0007522217586521792,0.03479305603458347,0.005106874918408603,-0.0004219961983579398,-0.00024221664324924338,-0.0024205848543482913
0.9231587,0.9655172,0.26564935,0.26033637,0.26033637,0.88,0.88,0.6537584,0.7192704,0.93697226,1.0,1.0,0.8244518,0.5770224,0.5807405,0.5598499,0.67801523,-0.00041954157902715836,0.0025102047398022054,-0.0006343652817992848,-0.007737702287682281,0.009105499079757934,-0.0006959098012501838,-0.00010949250952003928,-0.0005400119355144227,0.011059884873598557,0.00037751702168990417,0.000665630815624548,-0.0004566288117380278,0.030081256838095954,0.0037715261528524836,-0.000353976677552678,-0.000971939524403777,-0.0005651528236787011
0.49833375,0.55447465,0.80236065,0.9045379,0.94,0.88,0.40319058,0.4275099,0.3741751,0.6553457,0.6553457,1.0,1.0,0.30338523,0.63949054,0.5325773,0.34134844,0.0019693757963341386,-0.001393429961376907,-0.00017780638020360547,0.003934467302505543,-0.007080735621733825,-0.0012968912426454904,0.004098115398486988,-0.0007101033850899546,-0.0026981877795980063,0.005030930246781981,-0.0029584642923999372,-0.000379424872209381,0.04953081869073098,0.004145142443314514,-0.000743474482548109,-0.0009890289014118892,0.006311676063815252
0.8412241,0.7755516,0.58572215,0.94,0.61156476,0.7833149,0.88,0.41470993,0.36081085,0.7253458,1.0,0.7253458,0.29254934,1.0,0.68324053,0.19984983,0.53468186,0.0006534113858020873,0.0005448770435720393,5.230401369068813e-05,0.002661666912747692,0.0011178448890869553,0.00033606824004615355,-0.001474344720111116,0.00044511592011408377,-0.0051413860993777035,0.003778348688626476,0.0006313393079314432,0.006324271091199183,-0.020038719932137752,-0.004075490997489312,-0.0009135317141115418,0.001168647186280517,-0.0002246083887320202
0.06727312,0.4921982,0.77787274,0.9742972,0.99229723,0.88,0.88,0.23375839,0.425339,0.9169722,1.0,1.0,0.8037967,0.35936132,0.38574058,0.27166808,0.34245956,-0.0065103412332363116,-0.000467846980314163,0.00013144459440981026,0.0023253452699326447,-0.008739693025826802,-0.0012563418102664703,-0.0016044075482075113,-0.0032095006044610243,-0.0032563736377524926,0.0003262604108514868,0.0012785107281112933,-0.0005866946527009509,0.031113999710878238,0.002652799254415245,0.000346906783227883,0.007605031099391691,0.0043452054608637295
0.9231587,0.9655172,0.22026235,0.21585709,0.21585709,0.88,0.88,0.49270996,0.42541006,0.6756142,1.0,0.6756142,0.34492707,1.0,0.6594905,0.30712268,0.74690413,-0.0002638015998965826,-0.0008795015539307744,-0.0027730272409093944,-0.004959139889047013,0.005671522196325952,-0.0005237713862579845,-0.0007800377641565786,-0.00015345122674600178,-0.004962623155132021,0.007374952767438502,0.00038732279241907047,0.006159526363369164,-0.019735223282615563,-0.0010264981692230694,-0.0018217520911395749,0.0008420985048742296,0.0030387153978438364
0.7749654,0.41040152,0.76278937,0.94,0.94,0.78728664,0.23606576,0.40200698,0.3455836,1.0,1.0,1.0,0.28020293,0.28020293,0.48324054,0.3834863,0.69023734,0.00034810046155361077,-0.001018901973371165,0.0001745730415686262,0.002035422254009368,-0.0036764649908342306,0.0006731178538475879,0.0010978850841689035,-2.099989177226726e-05,-0.007981844780275677,-0.0024431957279874845,-0.00023031235194667502,-0.0014601820482000316,-0.030432412396288123,-0.011589182574079628,0.00034375215820409697,0.0035527771372856243,-0.003053218754873741
0.9231587,0.9655172,0.17113277,0.16771013,0.16771013,0.88,0.88,0.4200071,0.36464033,1.0,1.0,1.0,0.29565433,0.29565433,0.69199055,0.37894085,0.55134845,-0.0015139795172378412,0.0010697204271384387,0.0006291911847558154,-0.006793833891398779,0.0075925080092479735,-0.0007831186976350935,0.00018728529855687086,4.098456956103502e-05,-0.008483148625109835,-0.0032058993502752965,-9.438067144097173e-05,-0.001037370774865336,-0.033282564270935025,-0.004891698592999528,-0.001541311949323815,0.0034786918059667303,0.00015884946607549213
0.84507024,0.5969897,0.7381693,0.9742972,0.94,0.88,0.48360902,0.28560707,0.25427228,1.0,1.0,1.0,0.20616673,0.20616673,0.4807405,0.45348626,0.3269041,0.00043308102742243984,0.00030961082292338225,0.00037103329666432353,0.0018749345483788588,-0.003417722144462173,-0.000437727076137795,0.0018333916457411081,-1.2098440841099324e-05,-0.010562685923231658,-0.0021954941542564185,9.636730145556379e-05,-0.0014659524896335236,-0.03565993976843151,-0.00913737983393429,0.00021762502003325746,0.0011133533053123345,0.001775647913264271
0.85247123,0.73816216,0.75277126,0.94,0.6935538,0.7661498,0.88,0.45720702,0.39439622,1.0,1.0,1.0,0.31978074,0.31978074,0.61949056,0.55439544,0.50023735,0.0005221080283218881,-0.0002205589226657195,9.1797181645435e-05,0.0021719621499779727,-0.000420925197712097,0.001357716871419017,-0.00017912035390699378,-0.0003014635567819099,-0.007776074944568377,-0.002274075834093569,0.00020214773017779742,-0.001039172875356903,-0.030632145467613423,-0.007151117857029772,-0.000541525401657057,-0.0010260842539323368,0.0008070284423119048
0.9231587,0.9655172,0.29762664,0.2916741,0.2916741,0.88,0.88,0.71726143,0.60822356,0.5219028,0.5219028,1.0,1.0,0.49315426,0.8294905,0.7662136,0.5735707,-0.0014765929115640704,0.00017641792407162315,-0.0007938749949101395,-0.005312283083520425,0.008299674763188193,-9.771058782439121e-05,0.0001761726882556821,0.00203724318841086,0.0053011196224261,0.0044676870550033115,-0.006685191125394181,-0.0007390288649747539,0.04639758595487363,0.0046295007452586655,-0.0015687280300002305,-0.00683613661387505,-0.00022435743665790483
0.9231587,0.9655172,0.20597981,0.2018602,0.2018602,0.88,0.88,0.56855834,0.80460405,0.93697226,1.0,1.0,0.76737744,0.59382945,0.73324054,0.30621356,0.615793,-0.00023740009162151118,0.0006664860771037938,-0.0020406866375996973,-0.00904834065706592,0.009553908348262174,-0.0005595077480710969,-0.000483986318991039,-0.00027380933749770103,0.015001140879985346,0.0003590568523299105,0.0009454780197022944,-0.0006194571958974651,0.028045553449995757,0.002196228873707009,-0.0010825452440687312,0.0029739275209271316,-0.00013432394103465772
0.86045486,0.7205859,0.77725494,0.8916575,0.9097836,0.88,0.88,0.34631005,0.3002851,0.6330234,0.6330234,1.0,1.0,0.24347441,0.37574053,0.16348623,0.73468184,0.0002277864360307405,-0.0005007441435169381,-4.912071723495377e-05,0.0016716650364870164,-0.005353407718032538,-0.0006117058680245664,-0.0006873955593800869,-0.00022336102532162467,-0.006459521152980431,0.0027644239915868476,-0.0042959202825717515,-0.0004927803614929737,0.050239433345163204,0.01108777000296512,0.000818998033647855,0.006706066297536431,-0.0031196606299127828
0.7554433,0.5751965,0.93925416,0.92046905,0.878108,0.88,0.88,0.4528615,0.39460042,0.45162007,0.45162007,1.0,1.0,0.3199463,0.6744905,0.4071227,0.38912624,0.0006071012799272745,-0.00035600518789411737,0.0013962080936505924,0.002070454617300208,-0.004520793736622325,-0.00045861378372463144,-0.001252720448076324,0.0004279115274228025,-0.0034883730442268534,0.0036246033371311976,-0.009313624957463877,-0.0009410696735186841,0.047150644529400515,0.00880903351958079,-0.00042726971023473835,0.0018253809845535773,0.0023540448118005504
0.72496545,0.6547713,0.8466803,0.94,0.9742972,0.6523588,0.88,0.45815834,0.47047433,0.93697226,1.0,1.0,0.88395417,0.39024195,0.2182405,0.47803167,0.4635707,0.0007712872256726451,-0.0012297883389727152,0.0006526500364276082,0.00426386804186709,-0.007625401412452429,0.0028432240898723293,-0.0010348988560690763,0.00010078351190154054,0.0011225998830330503,2.425701054345298e-05,0.0007655127431346062,-0.0007061388076847815,0.03869304183666187,0.0050371006615811485,9.384957356194535e-05,0.0004100493193326156,0.0011995356505906207
0.8453616,0.8000316,0.56358635,0.94,0.5974611,0.6880367,0.88,0.4697584,0.46640536,0.93697226,1.0,1.0,0.3781665,0.89846236,0.46949053,0.34348628,0.43023735,0.0002427219678531644,-8.250237871531261e-05,-0.00019290654235327263,0.003835926340944781,0.0008298646456834998,0.002140036929105799,-0.0009358108684035952,0.0002549348132110016,-0.0034221788917607053,0.00016447308399172088,0.0004913721049181599,-0.0004632394227532222,-0.013071191640780785,-5.657465332904552e-05,0.0006060190771182758,0.00021710143808862807,-0.0008053868958593133
0.72141063,0.7068375,0.8728752,0.94,0.8219249,0.57993144,0.88,0.37360695,0.3280155,1.0,1.0,1.0,0.26595852,0.26595852,0.43949056,0.52439535,0.5880152,0.0005077098934216198,-0.0002677061005235474,-0.0005923273033622852,0.0009154778129863051,-0.002495867006583648,0.005498395465678706,-0.0002795093526342407,-0.00044744801744474647,-0.010521430167316225,-0.0019425932589064495,6.614965105267018e-06,-0.0008716136021527907,-0.03279521114387528,-0.009958749893379207,0.0006295150688341195,-0.00032755842056419175,-0.0006612648704949152
0.54833376,0.7097082,0.76268595,0.94,0.8412292,0.64698213,0.88,0.5165585,0.60558337,0.93697226,1.0,1.0,0.80325145,0.51554525,0.48824054,0.351668,0.665793,0.000238085606851511,-0.00026601106037357346,0.0005964677347982301,0.003967634026698807,-0.00335525331613423,0.0018801136432118565,-0.0009956026915288229,0.0005627212745717136,0.0050478931462743185,-8.490051062221629e-06,0.000807772159542656,-0.0008311985893417418,0.02462680437735968,0.0059687091352186705,-0.00012826369589808478,0.0030875499812661085,-0.0019389670080188453
0.7104548,0.77555186,0.71621484,0.909952,0.8015751,0.88,0.88,0.48846146,0.41876012,0.28351858,1.0,0.28351858,0.33953524,1.0,0.2182405,0.5343953,0.70023745,0.00026908275120434083,0.00011306543027666125,0.0008069548907165858,8.339582490722586e-06,-0.0014420777635254,-0.0003625044706304343,-0.001508409090972657,0.0003939824688273065,-0.0031594706693736665,0.008500066988767886,0.00047125506231071606,0.015215106916289618,-0.016995168966316202,-0.0007960353312506027,0.001984924488052292,-0.0006598750248413957,-0.001308913426512505
0.90690005,0.9816195,0.6244244,0.94,0.6119359,0.8986786,0.88,0.9501584,0.80933803,0.93697226,1.0,1.0,0.8946305,0.6698275,0.7969905,0.7671227,0.9269041,-0.0002385899074882969,0.000862430750004826,0.00027441830024905003,0.0023703496985417955,0.0012096230062517942,-0.001295346214668876,-0.0002365567340795797,0.003752083543126462,0.013812805864925413,0.00038025372343134146,0.0004020005177483342,-0.00047606384584562844,0.0408564571267389,0.006110614387254124,-0.001224092854261848,-0.008722465869802038,-0.009984951804823096
0.9231587,0.9655172,0.23847942,0.23370984,0.23370984,0.88,0.88,0.40640685,0.3523987,1.0,1.0,1.0,0.2857287,0.2857287,0.70824057,0.62894076,0.32023737,-0.001194468417129064,0.0006399592662920116,0.0004329403361769732,-0.005561569474597169,0.006207092658558797,-0.0005166962725321279,0.00018951655153306619,0.00026481697918061655,-0.009958770832399443,-0.0029203115081712122,8.463278679982882e-05,-0.00109779652981625,-0.0336389001762775,-0.003660360276128804,-0.0015032494884177439,-0.0027088686237849795,0.002459002738794936
0.4483337,0.6236855,0.8859103,0.9476599,0.94,0.88,0.54346406,0.44550994,0.38585573,0.6756142,1.0,0.6756142,0.312856,1.0,0.7269905,0.32984993,0.5624597,-0.002266125965075641,0.0021233852808665446,0.0024276025244250694,0.0018788070204232648,-0.004858536619999884,-0.0006884839543256588,0.00943470915593367,-0.00013329943732896745,-0.00486007896935049,0.00488807260176761,0.0006647110108082565,0.007397540897579673,-0.027541765002047365,0.003235688650829889,-0.0010951412433688472,0.0027119929187340054,-0.00011354417799131844
0.8101635,0.43698278,0.8812692,0.8636438,0.82974553,0.88,0.88,0.55375844,0.74635416,0.93697226,1.0,1.0,0.605152,0.7548878,0.7969905,0.45166805,0.44579294,0.0006716403808684479,0.0006603806965857997,0.0028414177996123904,0.0034609003435682774,-0.0023896678816272858,-0.00011312250517455852,-0.0006845423025960674,0.00010891344261321976,0.011170530109539847,0.00043886618944480484,0.0004017952160905858,-0.0007906612201222862,0.008136706355792184,0.003651132145532552,0.0007062642834025776,0.0005996056933924166,0.0008399723481079958
0.76785576,0.7885991,0.9024473,0.92914677,0.8329455,0.88,0.88,0.55615836,0.6112757,0.9169722,1.0,1.0,0.49562895,0.8632026,0.6269905,0.46075898,0.69245964,0.0007146569380534728,-0.00018545921016538476,0.0019458271562914314,0.0007074874189422906,-0.0018835575306961735,-0.000596510920749434,-0.0014024751174704472,0.0003882293887052907,0.006075990786244264,0.000549770553801303,0.0004931167926413322,-0.0007334902527259229,-0.004215559890479359,0.00487940301502434,-0.0006789557978841755,0.0009752461617944052,-0.0009089660019027969
0.8219933,0.85428894,0.29745376,0.94,0.29150468,0.7509752,0.88,0.43255836,0.71821755,0.93697226,1.0,1.0,0.7211561,0.5937933,0.49324054,0.290759,0.5180152,6.251879428630418e-05,0.0003226180735094489,-0.0010209397005035879,0.003374015390495574,0.006937901523136371,0.0010320723802137997,-0.0009577926718553207,3.7336173432446147e-07,0.01138861331199241,0.0005978904658475763,0.0006315429193258248,-0.0005630852982391236,0.025842381359339372,0.0049289021906960395,7.18894992601249e-05,0.00396854492012884,0.0006030973147284207
0.78382313,0.8000316,0.3703053,0.9742972,0.94,0.88,0.6880367,0.38695848,0.4807063,0.9169722,1.0,1.0,0.38976187,0.81270075,0.15699053,0.37166795,0.32023737,0.0007562311714451711,-0.00022706668357680323,-0.001006772860028573,0.0032893700797708048,-0.006699989877596114,-0.0008901273666136911,0.0022972798154370713,-3.972282666902676e-05,-0.0014252917293975157,0.00020548600946210734,0.0004749625341691699,-0.0006122477766499088,-0.01532293488555911,0.0039905139751615975,0.004289709519750474,0.0022730441765842825,-0.0015773087084323303
0.9095808,0.6753124,0.9086987,0.9476599,0.8624762,0.88,0.88,0.65751,0.5545197,0.63139063,1.0,0.63139063,0.4496106,1.0,0.55324054,0.6625772,0.8591263,0.001234732955097453,0.0015283911360780941,0.0016694763304150439,-0.00020429458501706847,-0.0021678903543123455,-0.0006825224922264734,-0.0011801410090195607,0.002039167854254886,0.003353159659099109,0.00380421083525914,0.0005431669906545437,0.012244555155798727,-0.010489016538277083,0.011921613130626889,-0.00038825984026112154,-0.004914033321079765,-0.005669345332714654
0.90690005,0.9763592,0.56152916,0.99229723,0.49427375,0.88,0.88,0.8159645,0.6944629,0.1448154,0.1448154,1.0,1.0,0.56307805,0.73324054,0.6962136,0.7002374,0.00016038446468501322,-0.0006886557787680149,8.968506907487137e-05,0.0023429653003905395,0.0033514666123336057,-0.0006501020478409743,-0.0004257983589795087,0.005208361130294937,0.007358914274127243,0.008378637919670799,-0.01894600286604124,-0.0005906507754686324,0.04672834907566821,0.003404180422906246,-0.0011580265713722374,-0.005719306970836009,-0.0019663423153858193
0.71016353,0.87972546,0.7263099,0.94,0.78945607,0.8199039,0.88,0.2316069,0.20926508,1.0,1.0,1.0,0.1696744,0.1696744,0.17449045,0.37166804,0.5146818,0.0009713882804808654,0.00019236505920733967,-0.00014225188234533666,0.00202641611886888,-0.0020121758000943182,6.026423321596429e-05,-0.00025541084768595547,-0.000636353387247,-0.011951018996175346,-0.0024652027477425863,0.00031729428905374066,-0.0008021878555166473,-0.03791167425291117,-0.007082176800218157,0.0024062718077536307,0.0027155898030505705,0.0001317239694571962
0.68353176,0.77198356,0.70359474,0.8899269,0.99229723,0.88,0.88,0.67255837,0.71851903,0.9169722,1.0,1.0,0.8235386,0.5678381,0.58699054,0.6134863,0.3869041,0.0007283425878594484,0.0001038854096596278,0.000615251339434444,0.004399491953646264,-0.007073222136463053,-0.00020389830982617076,-0.000860703462856938,0.0005928472105425013,0.01011239670640542,0.0008718402066806452,0.0008429722742227019,-0.0004346475337239161,0.028692435760674644,0.0040389949140146085,0.00014790622018454047,-0.002640321922218558,0.001848996445725787
0.9231587,0.9655172,0.49559563,0.48568374,0.48568374,0.88,0.88,0.77175844,0.75502604,0.9169722,1.0,1.0,0.8773688,0.6166033,0.70949054,0.6898499,0.7502374,-0.00032992867777570644,0.0017389400752871546,-0.00011046301030475103,-0.00332211778948452,0.0024362529460914724,-0.00023437882210431297,-0.00023736711033760946,0.0001784172191592601,0.00919123336505716,0.0002968021898622836,0.0005359556839687757,-0.0007588027737067578,0.0307941996401773,0.004847634847347636,-0.0005083231230909218,-0.003232213127957551,-0.0023144129466827973
0.87170196,0.78933704,0.7320319,0.94,0.9420575,0.6756309,0.88,0.49415833,0.5475792,0.93697226,1.0,1.0,0.9141007,0.40543953,0.46074057,0.6216681,0.3280152,0.0001397984539187763,0.0004048519805788651,0.0006579527371225805,0.0046830081941843455,-0.006990868446758607,0.0020394382871168886,-0.0007244815117170249,0.00036185756715382893,0.0038612409190662005,0.0004791049646734709,0.00048084221622695435,-0.0005489477363327757,0.04031527902466061,0.007198993611740079,0.0001433144480345527,-0.0032664093524987343,0.003139150609850181
0.9184385,0.85539395,0.7553652,0.8684399,0.9420575,0.88,0.88,0.46855867,0.61945415,0.93697226,1.0,1.0,0.89057773,0.38522378,0.74199057,0.48348626,0.1724596,-0.0007188429551364966,0.00037729144652833447,0.0010265114203310286,0.002741511612954149,-0.006203197505411081,-0.000959142860680329,-0.0002690423053513622,0.00025352010057219226,0.008818457094915492,0.000545249074068668,0.0006367605690409856,-0.0006457672487088051,0.04125483877941444,0.008341755775697353,-0.0012931841598866891,-0.00025500732409028956,0.0027531731992635365
0.7912241,0.79398036,0.5360478,0.94,0.47746706,0.75608623,0.88,0.18200698,0.17139037,1.0,1.0,1.0,0.13896516,0.13896516,0.46949053,0.42803174,0.11801508,0.00047700731021599373,5.052627223801738e-05,0.0005946066028415514,0.00225443194755702,0.003942259979836278,0.0013962330834753778,-0.00013667309183434864,-0.002463424796379522,-0.01636710770300711,-0.0025907652364411597,0.0004057715892810687,-0.0005842020170015778,-0.04702843107757518,-0.005214829553186152,0.0003541862517716908,0.0017935946614933695,0.006875965036358248
0.8483337,0.37967256,0.6466303,0.909952,0.99229723,0.88,0.88,0.5253585,0.7136032,0.93697226,1.0,1.0,0.5785972,0.7259796,0.2819904,0.39894086,0.7091263,0.0006629795435829074,-0.001685622140777989,0.00029802090476461134,0.00293627304344575,-0.0062561012799421225,-0.000998777354983547,-0.000711460090474098,0.0001108286768249777,0.011757244545558097,-6.681986169889378e-05,8.541149832771914e-05,-0.0005746993119036625,0.006710380122456398,0.005334683370974461,-0.00013375484715654715,0.002113624593444824,-0.002153244811085219
0.7566087,0.7449027,0.512947,0.96716094,0.94,0.88,0.6240871,0.2844069,0.25088024,1.0,1.0,1.0,0.2034164,0.2034164,0.46949053,0.30621356,0.49468178,0.000762812445536203,-7.280240299626467e-05,0.0003465165631717321,0.0018007711275026031,-0.003956095467229773,-0.0005629487799069116,0.0011112544539475062,-0.00024246526488699827,-0.01310676868621203,-0.0021343092031061643,0.00028284325229298334,-0.0007184773391155908,-0.03760724187526231,-0.00981488190645229,0.0006009992141161282,0.005215588651530867,0.0004294825043620222
0.9231587,0.9655172,0.38632023,0.37859383,0.37859383,0.88,0.88,0.73335844,0.6833285,0.93697226,1.0,1.0,0.55405015,0.89631534,0.8382405,0.5962135,0.7124596,-0.00017068950702193365,-0.0010456799868680262,-0.0026043063228920805,-0.004653230432237119,0.004897732147471914,-0.0003131455469290319,-0.001405853852741394,-0.002585697666695636,0.00976500167013432,-0.0004079685884889447,0.000715010088694083,-0.0006776227740847091,0.00015244081791694508,-0.00012822990088041082,-0.0016498410236020944,-0.00040596223206827654,0.0013229324135738225
0.7865039,0.79574364,0.85670185,0.94,0.9742972,0.77157223,0.88,0.60935855,0.52928114,0.9169722,1.0,1.0,0.91580623,0.48496652,0.5932405,0.6289408,0.69801515,0.0009588166233300897,3.2062096088356854e-05,-0.00025440358436904084,0.003549253334848821,-0.007770852887408198,0.0004331388247831018,-0.00047004562511776386,0.0018848448784059757,0.0036013461609482743,0.0004233479692077287,0.0009640743658960978,-0.0005514160152934535,0.04179689298929992,0.003940878010485668,-0.00026910237468498574,-0.005127299182922588,-0.004071752009482183
0.73737794,0.7618177,0.5871898,0.94022495,0.94,0.88,0.5598842,0.34975845,0.39728004,0.9169722,1.0,1.0,0.8951607,0.30467486,0.4707405,0.540759,0.15468185,0.0012812546977973658,0.0003022078702325455,0.0006405969848390592,0.006091888610904871,-0.008116169447354332,-0.0013494318331779805,0.0026950596280460037,0.00048507165854157436,-0.004002359549806819,0.0006360530915338724,0.0004158628558416383,-0.0005954241706661223,0.05155670091514114,0.0041373750567783455,0.0005250797145745735,-0.0014329475143054504,0.0043403802758675185
0.9231587,0.9655172,0.18819912,0.18443514,0.18443514,0.88,0.88,0.5073585,0.61646086,0.93697226,1.0,1.0,0.49983314,0.83678174,0.58699054,0.54984987,0.28690392,-0.0014876909362568158,-0.0009106884565700052,-0.004126297935024584,-0.01351038209440629,0.011453187060037671,-0.0005912830840492139,-0.0005070341324670449,-0.00010026329087389527,0.004953772753730574,-0.000736900842774895,0.00027093204100367044,-0.0004242564869535248,-0.005766935480148724,-0.0015747264113361611,-0.0005819408075052484,-0.0003554035104140181,-0.002612269302841157
0.9231587,0.9655172,0.16609108,0.16276926,0.16276926,0.88,0.88,0.38200706,0.3290842,1.0,1.0,1.0,0.26682502,0.26682502,0.7657406,0.39166805,0.43468177,-0.0016903413897314018,0.0009985751030180195,0.0007984231508144428,-0.008255620024090476,0.0075832719182917655,-0.0006671836564716555,0.0004067672427754271,0.0002838356818480635,-0.010255150093864013,-0.002702564786053233,-0.00015907369366663287,-0.0009335724691730695,-0.02948652937528868,-0.003063859850478828,-0.002231002578917587,0.002324905581585152,0.000979487337184215
0.86045486,0.7205859,0.9283506,0.9097836,0.8916575,0.88,0.88,0.23840699,0.20875454,1.0,1.0,1.0,0.16926044,0.16926044,0.7944905,0.16984983,0.38468182,0.0005264443852523517,-7.690726651317149e-05,-4.358654627370862e-06,0.0020581257421317264,-0.002931119561797204,-0.0004818531817674843,-0.0004907544820829855,-0.00023410812437258316,-0.012246813776454259,-0.002524481054862472,0.00013937027228495052,-0.0013349040551197478,-0.036162040090931574,-0.007016997210486276,-0.0017089190095510107,0.006325384963808114,0.0016016568752510504
0.19833373,0.530268,0.68307525,0.94,0.9742972,0.37511092,0.88,0.038006745,0.052603353,1.0,1.0,1.0,0.042651366,0.042651366,0.10074043,0.4734863,0.073570676,0.0008502748143440883,-0.00069751722170675,-0.00046340123417478146,0.001940173056521901,-0.006849819320094132,0.007260339451125319,-0.0002742091491103727,-0.003156020460339709,-0.01592204831476137,-0.0028199991742186414,0.00024666190032315036,-0.00044615833282539083,-0.0462281510515716,-0.004294392336783344,0.0021814520501075825,0.0009044044158115741,0.006232748231430668
0.9231587,0.9655172,0.36079505,0.35357913,0.35357913,0.88,0.88,0.583207,0.4961891,1.0,1.0,1.0,0.40231547,0.40231547,0.6794905,0.6825772,0.73468184,-0.0003567382376367774,-0.00024425039925713603,0.0004316874325759553,-0.00016025853322287176,0.0034622632108499006,-0.0006322148823758192,-2.4200504937789777e-05,0.0002744590594464496,-0.003512343500096237,-0.0029468942480649547,0.00022567227879370495,-0.0012682470605348151,-0.025416638017042303,-0.0061357500238886815,-0.0015393072173832028,-0.005362930201236149,-0.0024062450558364947
0.756026,0.5479022,0.8087397,0.7925649,0.94,0.88,0.6240871,0.3677584,0.6806893,0.9169722,1.0,1.0,0.5519102,0.6535513,0.38574052,0.20348626,0.32023737,0.0006981166382398431,0.00044735896844068666,0.0026096650704794844,0.004235253473122172,-0.007866462673473025,-0.0007023056851640732,0.003964802274949863,0.001120042080808535,0.01130361374674371,0.0010544184589344507,0.0003162800825825543,-0.0006460894796439654,0.008635270976806822,0.004508583521311365,-0.00023584409049040627,0.004375326031800594,-0.0004956398972209823
0.8175645,0.5717941,0.9157526,0.94628835,0.94,0.88,0.42328116,0.47615844,0.76448536,0.93697226,1.0,1.0,0.619853,0.67558956,0.6069906,0.5543953,0.266904,0.0010402691101292915,0.0003828313298446908,0.001732423745603276,0.006118086421961592,-0.006098954660722394,-0.0004871998051409316,0.0030548447593160837,9.875166131746913e-05,0.011062439325663276,0.00054901822940078,0.0003177076988751293,-0.001136546668967538,0.0072754414894602186,0.0052664561057157,-0.0002882188266222007,-0.0019763248642298207,0.0039012292560724735
0.75305396,0.80322796,0.59182656,0.909952,0.61933976,0.88,0.88,0.29615843,0.5561775,0.93697226,1.0,1.0,0.76175433,0.44805542,0.28824043,0.28984997,0.38023725,0.0003096299818312409,0.00022112102400571442,0.0002342551801693675,0.0029831916838964213,0.001571701708225853,-0.0009876203069321755,-0.0013452323930815868,-0.00011693583884503695,0.004882122883305903,0.0003082571516715326,0.0008649274347833102,-0.0009016064711821104,0.02687680326214839,0.007457372909287176,0.0003689551102272558,0.0035170245727871472,0.001811004956309591
0.6906414,0.8088155,0.9347385,0.93248975,0.79608583,0.88,0.88,0.48615846,0.41838148,0.93697226,0.93697226,1.0,1.0,0.33922824,0.72324055,0.5534863,0.34690413,0.001055122391943283,0.00015281790533073892,0.0006164858776577649,0.002839386531028728,-0.0021510094477304913,-0.001225904401686972,-0.0008138037340072719,0.0008934896134762457,-0.0019507009625817986,-0.00016736324662937381,0.0003211388923913925,-0.0005554588031441907,0.05886015656181682,0.005077023997375032,-0.0018413391161650262,-0.0026924945246609854,0.003219448832980567
0.8066087,0.800266,0.77634114,0.96716094,0.7609906,0.88,0.88,0.6185584,0.66775155,0.9169722,1.0,1.0,0.8138578,0.56948966,0.54574054,0.60712266,0.5780152,0.0006889796307883126,5.128901314221127e-05,0.000826955435228241,0.003731285735084787,-0.0016721529592832515,-0.0006285580724020684,-0.00039762706182952577,0.001516684507947101,0.009718804630619717,0.0006093590412401853,0.001026133472861762,-0.0005156577934892028,0.03221060552031961,0.005899596969599277,-0.00018346692917309816,-0.0033666767057302237,-0.0004865223365086495
0.806026,0.6588317,0.8567423,0.99229723,0.94184995,0.88,0.88,0.5377584,0.8328959,0.93697226,1.0,1.0,0.675321,0.67155755,0.49324054,0.5043953,0.58912635,0.000955601094121281,0.00010904411759472825,0.0011049181625291597,0.002927825834445189,-0.005689937841564482,-0.0003418176685624712,-0.0008881803649722082,0.0008923998617083634,0.011443129438242576,-1.986525227988538e-05,0.000618230376390552,-0.0007775645780314882,0.013710145429765843,0.003578909112148349,-6.15099071504709e-05,-0.0005469825228057612,-0.0007458089081972696
0.9231587,0.9655172,0.06124622,0.060021296,0.060021296,0.88,0.88,0.21240692,0.19087614,1.0,1.0,1.0,0.15476444,0.15476444,0.4344905,0.25348628,0.40912628,-0.0016927368355774577,0.0011609256168697301,0.0008336853031548635,-0.009767660545544685,0.00865278114479376,-0.0007057836276414135,2.0304060703424594e-05,0.0005870197726303466,-0.015570096306841839,-0.0030784309394360247,-0.0003510230552982041,-0.0009097183803721152,-0.041949257113516894,-0.005675920004035883,0.0008841434596127211,0.00534130527203591,0.0011843824076658118
0.89151543,0.9339215,0.13988893,0.94,0.13709114,0.8433489,0.88,0.39615846,0.574645,0.93697226,1.0,1.0,0.8207106,0.41339108,0.56074053,0.18530455,0.38912624,0.00011701666324976593,0.0008272351404234571,-0.0010838419176999875,0.002570490606237828,0.010766187551762185,-5.346429600830871e-05,-0.001595102878444702,-9.571327126395091e-05,0.004430451100111648,0.0001691800910609499,0.0007445812028777421,-0.0004776430743527468,0.02703286549868075,0.0074504336462509115,-0.0003256104568415212,0.005666777482018504,0.0013302044586964692
0.9231587,0.9655172,0.24222633,0.2373818,0.2373818,0.88,0.88,0.51200694,0.43963295,1.0,1.0,1.0,0.35645914,0.35645914,0.6257405,0.60439545,0.6235708,-0.001756582224889416,0.0009112435951314949,0.0003969131333425062,-0.005516300106651528,0.006625886776789975,-0.0008042677706261666,0.00021989878440501127,0.00023258718417815038,-0.006218236277734346,-0.002950752550885057,7.908164830774094e-06,-0.0010438950550312343,-0.03228073608189974,-0.004220398141576276,-0.0012101208524051834,-0.002971407943452863,-0.0011009717252724984
0.5249654,0.37273678,0.93101233,0.9123921,0.90392154,0.88,0.88,0.59720695,0.50729394,1.0,1.0,1.0,0.41131943,0.41131943,0.82324046,0.65166813,0.58912635,0.0004941680825257908,-0.0004205101560181001,-0.00043611894523421733,0.0007410526404855137,-0.004020658860632766,-0.0007756293929604631,-0.0003608752416225805,0.00035621403144319553,-0.003214285779835164,-0.0026444356504213306,0.00036845317020166253,-0.001240786509426831,-0.023168311711579927,-0.007576003469427502,-0.001988212304951972,-0.004895398012729072,-0.0006429763175380902
0.9231587,0.9655172,0.41782212,0.40946567,0.40946567,0.88,0.88,0.7180614,0.6104194,0.46735832,0.46735832,1.0,1.0,0.49493465,0.70949054,0.6580317,0.6746819,-0.0005462973684122893,-0.00034429440674627683,-0.000762844446795891,-0.002807411204267749,0.004908939678875732,-0.00021076918337245318,-0.0002690704756885662,0.0018575152425791435,0.003770177592880072,0.004781672314665741,-0.00916484813977521,-0.000572434912979528,0.043183706468970656,0.004405417967643748,-0.0007952223769576776,-0.0031610423561300362,-0.0002618878905126924
0.5947789,0.7296301,0.8604439,0.843235,0.94,0.88,0.52795166,0.35895842,0.35028905,0.9169722,1.0,1.0,0.28401816,0.98878,0.6469905,0.35530445,0.36690405,-0.00038746907068863164,0.0009208451662805193,0.0033262535298612637,0.0025252807547879886,-0.00652413123719499,-0.0012833271547925745,0.008998585057111047,0.00046446633253994433,-0.008552909908961778,-0.0002733281658869821,0.00018962275186715566,-0.0007758566693635538,-0.02886077717668063,0.0015375959253544852,-0.00036519141764296807,0.001711826637543475,-0.0005713419873531951
0.79891646,0.6927512,0.6669824,0.909952,0.68389136,0.88,0.88,0.19200699,0.17977336,1.0,1.0,1.0,0.14576218,0.14576218,0.23324049,0.4916681,0.2791263,0.00042607743352467766,-7.539767404952562e-05,0.00012937151624193565,0.0015685426985389181,-0.0001147610331369793,-0.0005231314072506198,-0.0003515129038117969,-0.0009801939643492136,-0.01377236516731042,-0.002191577193032665,0.0006114786258510219,-0.0007093774189308805,-0.037448982093012104,-0.00938603767191281,0.001738111318391983,0.00045207265453376056,0.002828033735853013
0.77525675,0.67322963,0.7324397,0.94,0.909952,0.54094636,0.88,0.33935836,0.654985,0.93697226,1.0,1.0,0.5310689,0.6867998,0.4594906,0.24621357,0.30801508,0.000637678493962649,0.000439849312069014,0.00023136508378673683,0.0027231227414075314,-0.004272316323979643,0.0029353153511247365,-0.0009720415387840267,-0.0004974812151745755,0.009534258069751696,0.0007070903827192637,0.00044639986870297023,-0.0003583674971322243,0.00688616595931034,0.0009020715483433121,0.0001796696122718135,0.003565264648903008,0.0019303989278382512
0.82939434,0.882168,0.9481089,0.92914677,0.9742972,0.88,0.88,0.35040694,0.30354387,1.0,1.0,1.0,0.24611664,0.24611664,0.73324054,0.34166813,0.40134844,0.0005177990461488398,-3.378679247156247e-05,-0.000333375230874276,0.001749735417160554,-0.004578715268179186,-0.0006965349142439827,-0.0004842043487310381,-1.600174181004873e-05,-0.010680229177996478,-0.0022858634487952357,0.00021111292352065208,-0.0007947990559397631,-0.03479949260615309,-0.007859776792531421,-0.0015737673087505256,0.0034284572830445875,0.0014939203276698187
0.764301,0.630085,0.6231068,0.61064464,0.94,0.88,0.8342003,0.44360703,0.38315386,1.0,1.0,1.0,0.31066528,0.31066528,0.58699054,0.5898499,0.5880152,0.0003363279473668562,0.00038613926848501577,0.0004796060275577285,0.0011322484139101468,-0.0032794754187079277,-0.0008052367674193099,-3.03278583472894e-05,-0.00012855789160252503,-0.0072321358233855835,-0.0024749891998870613,0.00023908045652260888,-0.0015253948591166123,-0.028396642846469096,-0.007399956294391441,-0.00032606576201908336,-0.0024260441947071367,-0.0005924291656814219
0.9231587,0.9655172,0.09577088,0.09385546,0.09385546,0.88,0.88,0.38110992,0.33605883,0.6756142,0.6756142,1.0,1.0,0.27248013,0.40574056,0.4198499,0.3946818,-0.0010083331590785552,0.0012512857702856972,-0.0012183902722104412,-0.009743988250620901,0.014077772430149283,-0.0004102923043629579,-0.0002654296399981497,-0.00040960945675513996,-0.003953179417550009,0.005605063789002709,-0.0031486901472390404,-0.00027742269118147364,0.04663821287553255,0.008884949367161088,0.0008854644863920774,0.0015297171691223848,-0.00021101270987664955
0.59448755,0.87204504,0.7776567,0.94,0.90833646,0.8727212,0.88,0.4285585,0.49179778,0.9169722,1.0,1.0,0.8609426,0.45786875,0.21824038,0.4053044,0.65690404,-0.0004834303040632286,0.000525789750170552,-4.9140551980041156e-05,0.0011872126315377756,-0.0047841889592138455,-0.0009636544324408315,-0.0009265870268709734,-0.00018442511393423276,0.0018591684520824047,0.0005912466526354965,0.0009391850035515175,-0.0006294422490337587,0.04041046741072241,0.0045178631689927525,0.0015822217672113847,0.0028076154701972876,-0.0024845456798839403
0.9231587,0.9655172,0.23171763,0.22708328,0.22708328,0.88,0.88,0.5693585,0.7376445,0.93697226,1.0,1.0,0.5980901,0.7661226,0.5794906,0.48803174,0.6446819,-0.0008798785022894152,0.00036402078191295095,-0.0022578689392607114,-0.008149102611346186,0.008874895452818105,-0.0009957928965495153,-0.0004180792083627332,-0.0003299115634154849,0.013464807366197458,0.00033149153391305515,0.00033290235615889507,-0.00030524402695963573,0.009554805033027245,0.001993810235060729,-0.0006309200006490083,0.00020402553620257668,0.00076167243615161
0.9101635,0.9268078,0.8894457,0.9742972,0.96514356,0.88,0.88,0.31880692,0.2775732,1.0,1.0,1.0,0.22505936,0.22505936,0.4344905,0.24530436,0.8280152,0.0006203107325435616,0.00011046583678956108,-0.0005115945688167997,0.0006610890822486857,-0.003141921654105011,-0.0006925657405036337,-0.0005026082877937268,-0.0006135671323434845,-0.01004950707111654,-0.001900935545087562,0.0002492095275354494,-0.0010954542394057698,-0.0339220681609617,-0.008125085227870768,0.0008228957343265589,0.006337587850604695,-0.003848499376889346
0.87170196,0.7727125,0.86512816,0.94,0.91604376,0.6563465,0.88,0.47440705,0.40970588,1.0,1.0,1.0,0.33219394,0.33219394,0.3732406,0.5053044,0.8669041,9.782079489823034e-05,2.08543559672304e-06,-0.0004956318977712945,0.0007390717695205681,-0.0031274304826531783,0.00401025665306834,-0.000259402099877834,-0.00023655715637376052,-0.0074134201115691615,-0.002029192359846389,0.0001871091702195804,-0.001280250576120317,-0.02857004299431054,-0.010243661130885272,0.0015272295613028225,-0.0004183445735430971,-0.005990323877905792
0.86045486,0.7168669,0.66685843,0.6535213,0.92764825,0.88,0.88,0.39375848,0.34625947,0.9169722,1.0,0.9169722,0.28075093,1.0,0.46949053,0.4062135,0.5313485,0.00122147492882959,0.000911933253983329,0.0007678141598827826,0.0018072164179934993,-0.005212337512697212,-0.0009754779927356491,-0.0014425040439806907,0.0004458194268969097,-0.01126177722124357,-0.0004681627961788179,0.00022265373020180417,0.001301449445778004,-0.028697623389028638,0.004022615332023665,0.0007782543771314224,0.0008262164267570238,0.00012333612105315436
0.8063174,0.7632009,0.73023653,0.915161,0.94,0.88,0.6660365,0.6869584,0.7905977,0.93697226,1.0,1.0,0.7462472,0.673948,0.5157405,0.7034863,0.655793,0.0012796859489472418,-0.00022637959157507318,0.0007258195469491026,0.003424680806410735,-0.005846957327623281,-0.0007123862763711179,0.001927136922483399,0.0020898013092378533,0.01161611906419895,0.00044591912035814226,0.0006515734537119539,-0.0009557006345121949,0.023686950640295537,0.005365322595813109,7.637261199154435e-05,-0.007992292362740844,-0.002318138420726849
0.7365039,0.5689234,0.85766536,0.94,0.9235884,0.7522566,0.88,0.44215834,0.6042313,0.93697226,1.0,1.0,0.7808779,0.49974483,0.37824053,0.45166805,0.47801515,0.0004465589984229457,-0.002192507124684906,0.0009034857751836597,0.004390507517022097,-0.007169537110025266,0.0010373402553705982,-0.0003965262261110596,-6.852905081954786e-05,0.005348352244598567,-4.3626114381613846e-05,0.0007065443177179497,-0.0007964841697253535,0.02457251147606554,0.005625579725126999,-0.0002790805215416749,0.000698462551786173,0.0014821326029908104
0.53324044,0.6344439,0.875344,0.8578371,0.9068386,0.88,0.88,0.5117585,0.54650295,0.9169722,1.0,1.0,0.44311053,0.8627244,0.5419905,0.38257712,0.47357062,-0.0003761277227466145,0.0015138886515920131,0.0021190717155784387,0.0033823319429464992,-0.004675473477838613,-0.0006605192119056398,-0.0020691478365579634,0.0002528911989720988,0.0033570457150757273,0.00026292935617014016,0.00036948468868769894,-0.000682640939065185,-0.01336543777271895,0.0055166988258115775,-5.6662541078692424e-05,0.0018335616621899462,-2.280032925487981e-05
0.5601635,0.5167425,0.8391961,0.94,0.9433281,0.81621236,0.88,0.388807,0.33799773,1.0,1.0,1.0,0.2740522,0.2740522,0.41949052,0.34166804,0.7869041,0.00013763525151262439,-0.0007507870305167911,-0.0003704865989012536,0.001072291481498789,-0.004000622077357827,0.0004394982483652167,-0.00045629313587400896,-0.00032324334242412613,-0.00887979175435155,-0.002249231098377724,6.231185977684086e-05,-0.0009205167633958622,-0.03282358257490077,-0.007290254768911707,0.0007103208312578209,0.004480789401899064,-0.0037080275761618635
0.8483337,0.37967256,0.6466303,0.909952,0.99229723,0.88,0.88,0.5637585,0.43972024,0.93697226,1.0,1.0,0.9381185,0.39275235,0.18324041,0.47530442,0.7091263,0.00030694190666390777,-0.00665147162085635,0.0003965486416255848,0.004143327799567342,-0.007520662451182642,-0.0005977713669128075,-0.0006118791417781063,0.0001802985034130923,-0.0013021948033069871,0.00018499174247681112,0.0003780086795096163,-0.0005073376615645998,0.03997757465984154,0.0015119520633896583,0.0009532828481144208,0.00043697138746461245,-0.0032906603616794554
0.74477893,0.7573961,0.8281031,0.829958,0.96716094,0.88,0.88,0.5437584,0.4225581,0.9169722,1.0,1.0,0.98878,0.38274667,0.51074046,0.52712256,0.51579297,0.0005408141556093552,-0.00016572584289911016,0.0006300914145164081,0.00249073901857181,-0.007107490718841143,-0.0006916265537164385,-0.0008707150597275207,0.0004463859385013446,-0.0014144912229291512,0.0006975325772702676,0.0005979388733422263,-0.0004995163387386036,0.05374823490488874,0.005555372967931449,-6.635984237597164e-05,-0.0009652887236063574,0.000700241535111509
0.871702,0.65232253,0.80599976,0.87612826,0.94628835,0.88,0.88,0.5225585,0.44730002,0.93697226,0.93697226,1.0,1.0,0.3626757,0.45199054,0.520759,0.76579297,9.107786012188864e-05,-0.0023184194310710495,-0.000605021190656305,0.0029669561873590542,-0.00602236170256679,-0.0004994202215278299,-0.000483125314069806,0.0008795335096422845,-0.0005763167782742106,0.0003393115615287262,0.0005068960864276495,-0.0009504260238046225,0.05454148692780944,0.000990242933188992,0.0005603692107877285,-0.0013114775583090612,-0.00682457252158249
0.5915154,0.53363603,0.7895212,0.94,0.7778893,0.94859445,0.88,0.5141584,0.81434464,0.9169722,1.0,1.0,0.66027945,0.6188049,0.3757406,0.45075902,0.44023737,0.0003774555595643837,-0.00046729540479225983,0.0002520898018331179,0.002727120800674336,-0.0015658300276541865,-0.0012000584426673968,-0.0008561902503448293,0.0005659284903645908,0.014592024072863837,0.000628838599365172,0.000579719253238898,-0.0005860141238569455,0.01591023396978874,0.00315095009302927,2.507627321006835e-05,0.0008457409615104472,0.0019059589862246826
0.9231587,0.9655172,0.16731808,0.16397172,0.16397172,0.88,0.88,0.3949585,0.3440076,0.93697226,0.93697226,1.0,1.0,0.2789251,0.6507405,0.54621357,0.34579298,-0.0016919579521271432,0.0019056200711434251,-0.0022909255043034177,-0.014029009440842033,0.013030842115921372,-0.001562420083884074,0.0001283132060547879,0.0006987997732826116,-0.009183620202409133,-0.00035988458349443206,0.0009020208997018621,-0.0003759656369450272,0.05568505696162533,0.006676794418540362,-0.000963978288709276,-0.001647318196545935,-0.00035392328830463425
0.7672731,0.7385888,0.93101233,0.99229723,0.94,0.88,0.6810172,0.43880698,0.37908003,1.0,1.0,1.0,0.30736217,0.30736217,0.8232405,0.30348632,0.61245966,0.00034254389978708415,0.00012094437525755845,-0.001229795584304271,0.00037857378841951326,-0.003309425498282133,-0.0008954258203534051,0.0011166387795529455,-0.0002567227835505849,-0.008509617893923639,-0.002293279406587309,-6.983106390272942e-05,-0.0010065549870792061,-0.03574737705951505,-0.009894861709298975,-0.0030859339870909484,0.0067745004777273994,-0.002014062356647526
0.5447789,0.6897898,0.80390114,0.94,0.903209,0.5601561,0.88,0.47975844,0.74934006,0.93697226,1.0,1.0,0.6705179,0.61739576,0.41949052,0.50803167,0.57245964,-0.0006824859731882494,-0.00018753322239358213,0.00038440615530462214,0.004112145649378557,-0.007302608582666252,0.002198431702342528,-0.0005828617215069763,-0.00012074597528088841,0.008437204079073883,-0.00018606642395357974,0.000985989299304881,-0.0006674876482774053,0.013561208198810466,0.0037903722036627006,-1.4619477781250373e-06,-0.0004207601235575926,-0.0003669721917021733
0.9231587,0.9655172,0.19627942,0.19235383,0.19235383,0.88,0.88,0.42040694,0.36876616,1.0,1.0,1.0,0.2989996,0.2989996,0.4919905,0.50894076,0.60468185,-0.0014907657990652953,0.0010429066579536283,0.0006211143145781927,-0.00619237524601765,0.006202565746952401,-0.0008503171769740691,-2.094671569717599e-07,0.00021033938051097143,-0.008421945986528272,-0.002912132746937573,-7.222990766689197e-05,-0.0006579585563836982,-0.03535955949786279,-0.005381875601799444,0.00045700969542979294,0.0001897516859233466,-0.0006543764425938471
0.9231587,0.9655172,0.34652314,0.3395927,0.3395927,0.88,0.88,0.566407,0.48497763,1.0,1.0,1.0,0.3932251,0.3932251,0.54574054,0.6189408,0.78912634,-0.0006813632851134534,0.00025578331571273453,0.0005054060706533691,-0.0008335167441813847,0.003932607223364019,-0.0007349088328585636,0.00010929917213841508,0.00026341394441074985,-0.0022732062214371553,-0.0025797695189095095,0.00023338666000285614,-0.0006603410908616181,-0.02424993657370508,-0.003753198358989429,-0.00040841056819856643,-0.0035036035248474477,-0.003567685575714906
0.90631735,0.7857681,0.8950603,0.926172,0.9363606,0.88,0.88,0.8145585,0.7275756,0.9169722,1.0,1.0,0.91905713,0.5702165,0.8532405,0.6753045,0.67801523,-9.334459783314633e-05,4.779699437067304e-05,0.00020509355985342642,0.004774058595288376,-0.006544032338358195,-0.0007697464458502076,-0.00022025885992183196,0.0019389660768721175,0.010319124168023554,0.0009647837490691182,0.00036154020660476285,-0.0005577183588642148,0.04113729165257531,0.005666201557140186,-0.0010742825860895506,-0.00542472487170656,-0.002485457497484506
0.9231587,0.9655172,0.02217903,0.021735448,0.021735448,0.88,0.88,0.38455832,0.63680553,0.93697226,1.0,1.0,0.5163288,0.70371616,0.40574056,0.047122523,0.5702374,-0.001097180348884458,0.0008985277698347983,-0.0025726853397799055,-0.015104466383505816,0.01595378074202871,-0.001007526780247864,-0.0002691336970562538,-0.00018792468408001728,0.008259174102654287,-0.0008679047396791642,0.0004020810462083849,-0.000532741567730994,-0.0029604381812076896,5.767556789689335e-05,0.0017325929757058514,0.006318851884685775,0.0004908028709497461
0.37111932,0.55864865,0.8286161,0.94,0.82775754,0.5787676,0.88,0.4890129,0.42503452,0.2189507,0.2189507,1.0,1.0,0.34462258,0.7207405,0.33803168,0.48690403,5.7489811051898125e-05,0.00016386713442054348,0.00037253542941137355,0.001550588001738968,-0.0031453119214467262,0.002263301131723397,-0.002065910261854578,0.0007626008110052918,-0.002440448547572421,0.005696594924716439,-0.016517969026701343,-0.0007289452491596607,0.04058899369030418,0.006950225045528593,-0.0004659159490863911,0.0026796702833710414,0.000546039757154826
0.73737794,0.7236303,0.55269206,0.7799421,0.99229723,0.88,0.88,0.34895843,0.5748118,0.9169722,1.0,1.0,0.7322619,0.53423214,0.14199054,0.56439537,0.406904,0.0010483645726814678,-0.0008925536400624605,0.00040852789260524097,0.002731807759073573,-0.00976249074018256,-0.0007281451725922146,-0.000705784367514613,-0.0003311827395144995,0.005261437829590988,0.0008221515467007786,0.0005210991935435232,-0.00039520781565307764,0.020861711622289954,0.0027942781455885727,0.0005505597821442036,-0.0026473316896791915,0.0016019384558171809
0.771702,0.4578592,0.5556557,0.99229723,0.6640248,0.88,0.88,0.63575846,0.56771433,0.9169722,1.0,1.0,0.96288455,0.4582114,0.68574053,0.7116681,0.615793,0.0006957171917580812,-0.004899495318631295,0.0006919078538798014,0.004484059945924764,0.00034222475104715336,-0.0006704441573623887,-0.00027016746174807405,0.0014400284695205118,0.005244198009751169,0.0006393179992015479,0.0006518424512086202,-0.00028255147274774294,0.048247532470938256,0.002984234603236576,-0.0006923449241186008,-0.007992341644821497,-0.0019774106077578317
0.7563173,0.8553936,0.7035773,0.99229723,0.94,0.88,0.81621236,0.57295835,0.6181776,0.9169722,1.0,1.0,0.864485,0.46263885,0.45199054,0.60894084,0.3591262,0.001224788297659797,0.00020285187039077612,0.000643318473473097,0.004205761324228992,-0.005517365887012897,-0.0005927030967581103,3.696548090034352e-05,0.001048088972102508,0.007901724451990519,0.0008501210376871185,0.0005115134489800343,-0.0006197139107450761,0.03889623915586505,0.00652984002093242,6.710891291732421e-05,-0.00394697537283672,0.002838723966047385
0.9231587,0.9655172,0.18951918,0.1857288,0.1857288,0.88,0.88,0.5181585,0.555015,0.93697226,1.0,1.0,0.45001218,0.8595094,0.69199055,0.39803168,0.5391263,-0.0018923913036314954,-0.0006122575158023206,-0.003372784313174088,-0.012277834414827042,0.009738247291522896,-0.00059291051055745,-0.0003166458480849277,-0.0003713368527635309,0.004284089552011011,-0.0003269418035140791,0.000605855791318008,-0.0003113233713846747,-0.008129523036996827,-0.0009025968619978824,-0.0023975267513460315,0.000998254524418505,8.130242602289585e-05
0.6447789,0.6622424,0.7629079,0.7476498,0.9742972,0.88,0.88,0.27760687,0.24901234,1.0,1.0,1.0,0.2019019,0.2019019,0.58699054,0.36712256,0.39134842,0.000515868984847124,-0.00023529639031965192,-0.000141509552266203,0.0014358974895984187,-0.003905438946614365,-0.0009183358237530343,-0.00031104678258933247,-0.0005433320449327957,-0.012292284665054649,-0.0020412365474690316,7.397661702955555e-05,-0.00040766809373425444,-0.03670272229683441,-0.008761064392227428,-0.00020402923690068014,0.003356553987747764,0.0017752395012593028
0.7104548,0.77578974,0.59338593,0.94,0.94,0.6599161,0.6599161,0.4084069,0.3576122,1.0,1.0,1.0,0.28995582,0.28995582,0.3219905,0.7243954,0.40245956,0.000894576111795936,-0.00020219630113418158,7.442351711330219e-05,0.0016919962252892734,-0.00477820317076112,0.0028584584872827375,0.0006302228463770401,-0.0005171566634991013,-0.007411534279077957,-0.00241026411499186,0.0004069158267116463,-0.0009772453971147465,-0.029353052046450133,-0.008542697121123882,0.0015443054250345784,-0.005937496766184225,0.0016781911253061451
0.92170197,0.91387534,0.52287406,0.99229723,0.4786222,0.88,0.88,0.6493585,0.6236318,0.9169722,1.0,1.0,0.50564736,0.9022669,0.8382405,0.36166808,0.8669041,0.0006126398009277916,-0.0016668756584066646,-0.0002846115944400446,0.0018585210007780579,0.00317841072072118,-0.0003963682068709533,-0.0011777575289513777,0.0009268916538447439,0.005302004965943855,0.0005503370461275845,0.0007638352851200534,-0.0009842166427384209,-0.00248695648516115,0.0008469202655636578,-0.002126213944904001,0.0017944201944410513,-0.0026895699925933002
0.8953616,0.85560083,0.6367093,0.8724562,0.8637807,0.88,0.88,0.43895835,0.63809127,0.9169722,1.0,1.0,0.5173713,0.7274754,0.3219905,0.4480317,0.34245956,0.0005669893163145614,-0.0010188584313367902,0.0005000685182576308,0.0034998837720051257,-0.004292429088129325,-0.0010814105121664185,-0.001123279661398719,0.00023081208021351796,0.008817910792253454,0.0011767867995165476,0.00047961928198438764,-0.00034785574542315484,0.001843935124083729,0.0025690142094901853,0.0015356426148542975,0.00031416748116732665,0.0004217638574009934
0.7554433,0.5751965,0.93925416,0.92046905,0.878108,0.88,0.88,0.34495848,0.30467802,0.93697226,0.93697226,1.0,1.0,0.24703622,0.5069906,0.4071227,0.38912624,0.0008909746356429978,-0.002599712373389609,0.0004937314037003345,0.003571675424556597,-0.004770025569094275,-0.0009765544572441666,-0.0006550786413829159,-7.414363906818825e-05,-0.009347494266830098,7.599347428732628e-05,0.0006577817546295494,-0.0003087873026313484,0.050350519333291606,0.0018027532607881123,0.00014566532734352705,0.0021505568035757056,0.0028006259216648865
0.49448758,0.5030653,0.88697034,0.94,0.92914677,0.34355572,0.88,0.3772069,0.32589093,1.0,1.0,1.0,0.26423588,0.26423588,0.1919905,0.6543954,0.5757929,0.0006797818109455145,-0.0011344128237112654,-0.0007335329726047874,0.0012649024470863899,-0.004450522730312948,0.011168280776042181,-0.0003374577196946281,-0.0006792607708460351,-0.01101553508083385,-0.002591836195845999,4.662198220690923e-05,-0.0009157049626595903,-0.03353548396933252,-0.011591281812839877,0.002663123658866365,-0.00432236039104162,-0.00023168182439592115
0.9231587,0.9655172,0.23611964,0.23139726,0.23139726,0.88,0.88,0.65166146,0.5575545,0.5219028,1.0,0.5219028,0.4520712,1.0,0.58699054,0.6480318,0.526904,-3.93403539327737e-05,-0.0021191566715284917,-0.0035362920548053854,-0.0027536865829483914,0.004696887050243315,-0.00029175522839623903,-0.0005700557021145334,0.00019107606114690412,0.0026179693163472877,0.0063977326704121665,0.0008331188290081506,0.008319448037770927,-0.009850821345809186,-0.007587353776552743,-0.0006910925658245224,0.00012228250717621756,9.343612478649229e-05
0.9231587,0.9655172,0.35900214,0.3518221,0.3518221,0.88,0.88,0.67495847,0.5778204,0.9169722,0.9169722,1.0,1.0,0.46850303,0.5757405,0.7434863,0.6624596,-0.0001309678917037766,0.0022026866738269653,-2.174168091953172e-05,-0.004755365193078941,0.0053698479593168955,-0.0006761994719843568,-0.00016013419635453767,0.00016793040401321378,0.004489354551875852,0.00018692659029462082,0.0008636621876609353,-0.0004036263855771399,0.04194291066007176,0.005535270487854456,-0.00046610519324795445,-0.005395709416497595,-0.0009311719803171492
0.9231587,0.9655172,0.091898285,0.090060316,0.090060316,0.88,0.88,0.28640687,0.25513795,1.0,1.0,1.0,0.2068686,0.2068686,0.5807405,0.12348617,0.6635707,-0.0014908572995129205,0.0014392246367522826,0.0013886409025637963,-0.007514250885492108,0.007860614448298671,-0.0008465660437169912,6.428562417400942e-05,0.0002474852882519727,-0.011129188979437342,-0.002626965384268558,-3.936625010889649e-05,-0.0011308061345708233,-0.0356853969453598,-0.004500658277947663,-0.0008010251047037318,0.008450561641308753,-0.0012543952343635342
0.814301,0.94290984,0.44782406,0.94,0.43886757,0.85377544,0.88,0.6717584,0.8789433,0.9169722,1.0,1.0,0.71265674,0.7269695,0.7657406,0.47530442,0.70801526,0.0006096653468871545,-0.00016470800390870006,0.00010708193081769277,0.002824754886781482,0.003285157602619138,-0.0004939991949228163,-0.0009869461031902877,0.0011427563916016443,0.01463283509478079,0.0002498122844598155,0.0011428759880892508,-0.0006821760212382855,0.01719116246668094,0.0007577733127556573,-0.0009314654840973133,0.00022217057684546345,-0.0020729319838732113
0.71756446,0.6922083,0.76497334,0.9081062,0.99229723,0.88,0.88,0.292807,0.26038116,1.0,1.0,1.0,0.21111986,0.21111986,0.39699054,0.34166813,0.57801515,0.0006857632700185634,-0.00018468228374973414,-0.0004430887782492215,0.0007925508023005154,-0.004146726742384859,-0.0006417084053999708,-7.492650921432291e-05,-0.0004430106185605868,-0.010129763857629199,-0.0025323067955175744,0.00021203961509929357,-0.0010555283920506092,-0.034306576807166374,-0.008546719546503127,0.0010279542738654988,0.0036546758155581293,-0.00039091517336508735
0.821702,0.82981414,0.87074816,0.8696024,0.94,0.88,0.64558834,0.5545585,0.6290352,0.93697226,1.0,1.0,0.51002854,0.8673499,0.6769905,0.51348627,0.41468185,0.0009618676736994811,-0.0011688570649917567,0.0029847819972003897,0.0027856067537842134,-0.005210716384324784,-0.0006152715001638664,0.00497721024263496,9.32074273021663e-05,0.007276927714176214,0.00027808597688043567,0.0001405258238619138,-0.0009783259009409006,0.0010977533978530527,0.005351945672117093,-0.0008790596976000964,-0.00034186141379003414,-0.0004971612549612924
0.7566087,0.7483317,0.6613655,0.94,0.99229723,0.6917444,0.88,0.5693585,0.46070272,0.9169722,1.0,1.0,0.98878,0.40827325,0.44199055,0.67257714,0.5813486,0.00052820090553071,-0.0009307268766029562,0.0003821871369584787,0.005004780190319648,-0.009928084149776585,0.0020634221849168363,-0.0003220927987794954,0.0005160552652502668,-0.0006201628243842167,0.0002260568658805625,0.0005155339841144922,-0.00033646275041019,0.0419352301146773,0.004818963410888444,-7.596111075520054e-05,-0.005040016747747935,-1.4137990763860887e-05
0.8950702,0.8163323,0.7138843,0.6996066,0.79373175,0.88,0.88,0.43375838,0.52232206,0.93697226,1.0,1.0,0.834961,0.4548998,0.14199054,0.5262136,0.5202374,-0.00012418113004858416,0.0008919688349187044,0.0006965524188166621,0.0009775818110475205,-0.0035057596610735702,-0.000497912346539775,-0.0002660078360020901,6.900201907991812e-05,0.0034661071591250816,-7.721390274463006e-05,0.0007448820904986725,-0.0006169634957835395,0.037057354621734075,0.005978080096881313,0.0010942610123752285,-0.0011429468177888813,0.00039753706197693953
0.81785583,0.785743,0.7357044,0.94,0.99229723,0.6714619,0.88,0.5368071,0.46437627,1.0,1.0,1.0,0.37652132,0.37652132,0.64449054,0.62985,0.51579297,0.0005329314248099925,0.00018964882537008423,0.00028076775608918173,0.0013554931402215819,-0.005365405178257062,0.003616473359315657,-0.0002808937234400786,3.04458005427158e-05,-0.0036488047417410617,-0.0025267102110722406,3.3025014731236924e-05,-0.0012138742796770636,-0.02233217871016262,-0.006792838840056321,-0.001147714424776347,-0.003953486037179088,0.0003923906258722543
0.56045485,0.72020614,0.6322026,0.8916575,0.909952,0.88,0.88,0.08560699,0.09016598,1.0,1.0,1.0,0.073107556,0.073107556,0.29074037,0.4116681,0.073570676,0.0010357634381216784,6.986649013654627e-05,0.00014392153185190752,0.001868441025402045,-0.00424065917194796,-0.0005952838478901539,-0.0001587827570078964,-0.0016439252715179497,-0.014029019300229388,-0.002309620278032937,0.0003525979364883456,-0.0008739870507010418,-0.04115478486895265,-0.004571150543460222,0.0013758020754637001,0.0016717030605933,0.003941803509120782
0.8219933,0.68955535,0.82088846,0.91262275,0.94,0.88,0.8199039,0.53215843,0.7904215,0.93697226,1.0,1.0,0.71128285,0.6369119,0.7819905,0.3516681,0.44023737,0.0006318820420215667,0.00016947214007322477,0.0009768955299895347,0.0038374893950551877,-0.005921119612857808,-0.0005996694293432648,0.00030769077355766785,0.0003886188811228665,0.014117437842917226,0.0002606274266359925,0.000600245244236035,-0.0006477272419345758,0.02146854189731747,0.0047244412636021195,-0.000907692483452129,0.0019283259308300895,0.0007397725264987749
0.25515202,0.5683466,0.8242116,0.94,0.94,0.8433489,0.47706518,0.30840698,0.27092585,1.0,1.0,1.0,0.21966961,0.21966961,0.59824055,0.351668,0.37579283,-0.00036747402215062786,2.1229359539688633e-05,-0.00021805806947182516,0.001415776370852456,-0.0032563261138044996,-2.7310073299317978e-05,0.0026345846374751895,-0.0003344901906235535,-0.010954887810289441,-0.0022371408301940722,-0.00013138654043656176,-0.0009050444757816989,-0.03222718948746786,-0.010163618322178441,-0.0005062196213075043,0.003998477260449544,0.0021270293649387085
0.9231587,0.9655172,0.35382286,0.34674639,0.34674639,0.88,0.88,0.7093585,0.62018365,0.93697226,1.0,1.0,0.5028516,0.9534251,0.48199052,0.7325772,0.635793,-0.0006297554274433526,-0.0011551290877035803,-0.002669758952764868,-0.004866013862173572,0.004515672173806889,-0.0006148366414446521,-0.00043395685020979085,-0.0013291509313597021,0.0062937002731047855,-0.0006488443259835121,0.000716960464168942,-0.0010252912224406115,-0.00406861191799046,0.00044129769590971874,0.00040804392939879135,-0.00147108140704987,0.0007061923183190616
0.5249654,0.37273678,0.93101233,0.9123921,0.90392154,0.88,0.88,0.6285584,0.5348549,0.93697226,1.0,0.93697226,0.4336661,1.0,0.82324046,0.65166813,0.5213484,-0.0013688762957967573,0.004160146014794088,0.0023283828410964576,0.001930991672417033,-0.0043462927575065435,-0.0010357263126701034,-0.0013355509024555146,0.0005456325358932583,0.002720894248959472,-0.0006947022827160603,0.0002686110521181567,0.0007361686610431015,-0.009251805941515036,0.010695946804819407,-0.001219304718628285,-0.0038461719633369664,5.294188746379124e-05
0.821702,0.80322796,0.8432553,0.9363606,0.915161,0.88,0.88,0.53935844,0.5563909,0.9169722,1.0,1.0,0.8509524,0.5301344,0.38324058,0.61166817,0.6413486,0.0010322804145860185,0.00030582499512876125,0.00047528853824107127,0.004619335566726974,-0.006486194143367633,-0.0007618646275468961,-0.0007258304375226837,0.00126356143135382,0.004278935284554555,0.00043298971369415266,0.0004475800315388903,-0.0007086059434809255,0.03860973141477178,0.004517452143216306,0.00047034477705499005,-0.005103369117429235,-0.002421955421577789
0.9231587,0.9655172,0.5034334,0.49336472,0.49336472,0.88,0.88,0.9445584,0.80816114,0.93697226,1.0,1.0,0.6552658,0.9230812,0.9582405,0.7943954,0.6802374,-3.5010065479337574e-05,-0.0005458910246235964,-0.0006698365335752341,-0.001703283292959893,0.0015202286074949612,-0.0006799213968214077,-0.0006676552454197902,-0.0029658594327078925,0.013606830230981238,0.0002691025998403207,0.0006033164583600925,-0.0007021559765616158,0.01088090692737682,-0.0014966465277818578,-0.0026702385171880074,-0.0017070200898147286,0.0006953980710483174
0.5752568,0.57854813,0.8450748,0.9742972,0.9216745,0.88,0.88,0.30566138,0.27558804,0.4308011,1.0,0.4308011,0.22344975,1.0,0.41949052,0.16348623,0.3913485,-0.00044660728807472197,0.0029022502436533105,0.0016602216998209602,0.0013802438587049166,-0.0048878962460773,-0.0004733101086719334,-0.0018134267872807462,-0.0010393666658063832,-0.01071307863334349,0.008392727110538388,0.0005362916417353887,0.011496681918192335,-0.02872387224146492,0.0010614272902282607,0.0007838637505408663,0.0035976335038335793,0.0004786057728235142
0.8640097,0.6649489,0.48870504,0.94,0.94,0.71241915,0.5313407,0.28975838,0.25905472,0.9169722,1.0,0.9169722,0.21004437,1.0,0.48199052,0.23712263,0.30134848,0.0007492709340416698,0.0025500777346840857,-0.0002047144923992103,0.005674783343540799,-0.006634293620621368,0.0017621205115545757,0.006564663029098092,0.001117615547339354,-0.016275561124958413,-0.0002461361848055171,0.00033984605208193,0.001734716374084264,-0.035776743533273855,0.0013269732717917282,0.0003158464107537322,0.0019822560988349046,-0.0034052923046472812
0.38679525,0.55460006,0.81374633,0.92339027,0.94,0.88,0.48732066,0.39126146,0.3425789,0.28351858,1.0,0.28351858,0.27776664,1.0,0.5619905,0.18530439,0.5424596,-0.0028253464561290285,0.0033409688368985445,0.002597808577440616,0.0012956439915047353,-0.004005029276862153,-0.0007141561110516306,0.013249650035653988,7.333376030984976e-05,-0.005579004233370975,0.007181424449300902,0.0005461557040335094,0.017904481946768237,-0.019368174462509723,0.0020072016676760075,-0.0002682631714786808,0.0032618122302142606,-0.0003239595510644796
0.9231587,0.9655172,0.3718341,0.3643974,0.3643974,0.88,0.88,0.7189584,0.61837643,0.93697226,1.0,1.0,0.9504086,0.5051507,0.3219905,0.7025772,0.7180152,-0.0001816321383122898,0.0037895982624478685,0.0005338887072313037,-0.005369160869688227,0.006645885802378786,-0.0007249443518916386,-0.00011529050685002137,-0.00015071517962042083,0.006408858798190674,0.0003775021626756136,0.000303334275484799,-0.0002767950586825621,0.04219369264833471,0.0047607663837296805,0.0016474896327136484,-0.004975524878026587,-0.0011857550230031143
0.7835318,0.77198356,0.59647083,0.94,0.5972122,0.65550095,0.88,0.48175827,0.51825,0.93697226,1.0,1.0,0.8296359,0.4345268,0.45074052,0.2771226,0.61468184,0.0003270093830067896,0.0001829771044118369,0.0001844460564181033,0.0028358350044953152,0.002182846101286765,0.002691227611271623,-0.0005442687194941245,0.00027655109954599925,0.0038468489573110338,0.0005687163122804613,0.00032616328863554036,-0.0005724315396303986,0.03799553017622519,0.007924289807707645,0.00011114056704162906,0.00386402544989179,-0.0011551454017629315
0.8172731,0.7102664,0.92299783,0.94,0.94,0.8836999,0.76669204,0.7321584,0.6467762,0.93697226,1.0,1.0,0.52441317,0.9317883,0.70949054,0.6734863,0.7124596,0.0006586098821088178,0.0012216993527193781,0.001614040956709139,0.0011880573512029337,-0.003568343580603578,-0.0005077916949657931,0.0014275620493051247,0.0017972294464767748,0.008011437742401794,0.0004975189207142434,0.0005320905306929023,-0.0009404479228759055,-0.00030374499995116267,0.01007659080082488,-0.0014875055517659993,-0.005513156269977675,-0.0024041001374336683
0.80602604,0.5272195,0.87132376,0.9045379,0.94,0.88,0.7562161,0.3809584,0.61714345,0.93697226,1.0,1.0,0.5003866,0.7231688,0.38574046,0.3934862,0.55134857,0.0006006683200695917,-0.00023747097920060197,0.002184455127280809,0.00428921128925506,-0.0064861219705819725,-0.0004670224785350684,0.002176210040726735,-0.00041509009481005386,0.00866711994668032,0.00015364488733610773,0.0006162153012749095,-0.001760640492645587,-0.0018871003148620046,0.006904273338317574,0.0005384978702138321,0.0031618350176027005,-0.0002982216897780254
0.8953616,0.85880697,0.5849975,0.94,0.56753373,0.8199039,0.88,0.40615854,0.41191018,0.9169722,1.0,1.0,0.33398122,0.95384437,0.23824048,0.4434863,0.60690415,0.0011513740390875027,-0.0011874334876890193,0.0006449769750950002,0.002914621268443468,0.002587452966179518,0.00036786889509648644,-0.0013119840258522897,-9.44260778535626e-06,-0.0058753276427632,-7.324851024301762e-05,0.0006278995212651569,-0.00043644879386834284,-0.02319322890392615,0.0030597305247636285,0.0031542214692199277,0.0008179803777029234,0.0005437895025822336
0.50247127,0.64036226,0.6301495,0.94,0.64233285,0.59543914,0.88,0.3513585,0.29542965,0.9169722,1.0,1.0,0.9298423,0.2641936,0.48074055,0.17348628,0.38690397,0.0009311868764179554,-0.0013188758657552337,0.00014564103495950015,0.0037542084801938376,0.0006418040970480777,0.003980305114922179,-0.001715142780747342,-0.00010237768643131332,-0.009141266783570953,0.0005712867376542044,0.0005109053676480413,-0.00030104124064826986,0.043736397018663366,0.007421779732947743,0.00020547485072526045,0.006266678902220713,0.001854624949169627
0.31371835,0.6022891,0.79145443,0.8396191,0.94,0.88,0.45865533,0.10680695,0.10972003,1.0,1.0,1.0,0.08896219,0.08896219,0.26824045,0.2907589,0.24023734,-0.00129334039472254,8.296933889453266e-05,-3.290667758315902e-05,0.001286147500370344,-0.003130493097511521,-0.0006808906483045757,0.0019690253886188464,-0.0003538180162775508,-0.012967569236751915,-0.002439197881443897,7.140983974146889e-05,-0.000742835213308402,-0.036495517988254914,-0.009532693003685831,0.0011018600219483321,0.0040532341610968504,0.002612615278612215
0.75276256,0.7719955,0.7866539,0.7709208,0.94,0.88,0.5958796,0.22495835,0.20607746,0.9169722,0.9169722,1.0,1.0,0.16708982,0.56699055,0.28984988,0.18357065,0.0010197450290946406,0.00028676995893744646,0.0011125913413229088,0.0030147393424625447,-0.007666922198616308,-0.0009985968689995724,0.002764025719194697,0.0016187013751545868,-0.020204937671517112,0.0003389666191959959,0.0014824354292068036,-0.0006806232931378586,0.05783835806651954,0.0008528078113297362,-0.00039421700938616284,0.006289456658688817,0.0035687473869492597
0.8761308,0.8306761,0.6363518,0.94,0.85710233,0.72358423,0.88,0.38655838,0.67067707,0.9169722,1.0,1.0,0.54379225,0.74876744,0.24074042,0.42166796,0.6535708,0.0016855187189000632,-7.912187555433402e-05,0.0005236507554653041,0.00165798543217216,-0.002874114900476535,0.001691068511950587,-0.0012119810253713858,-0.0008862422088843611,0.0077511047174152236,0.0005879415928710625,0.0008574411058572243,-0.0006904782481567872,0.0016353092610215108,0.002670330831025542,0.0014253034945680642,0.0016551209179807706,-0.0007563768283316118
0.74477893,0.7573961,0.8281031,0.829958,0.96716094,0.88,0.88,0.39600685,0.346762,1.0,1.0,1.0,0.2811584,0.2811584,0.51074046,0.52712256,0.51579297,0.0006421484728283615,-1.5564803080589583e-05,-0.0004331591777261154,0.0014520658564672806,-0.00451864895803307,-0.0008802676585645274,-0.00023390120142283396,-0.0002088334451395377,-0.007218510240962373,-0.002516321916216585,0.00028385925728111223,-0.000983716174661815,-0.027648538794252477,-0.006670527516239253,0.0002918749675895297,-0.0003871777256883794,0.0004357655163243254
0.806026,0.6588317,0.8567423,0.99229723,0.94184995,0.88,0.88,0.43280694,0.3747281,1.0,1.0,1.0,0.3038336,0.3038336,0.49324054,0.580759,0.58912635,0.000550309329154956,0.00023176984098641272,4.92477802662796e-05,0.0012356406172377142,-0.0038191987411877702,-0.0005254836333998886,-0.00031817663104629474,-0.000287100631250371,-0.007658910422683229,-0.002310348482619339,0.00016345664791457624,-0.0008194593560484864,-0.026584941859115502,-0.00710879936460592,0.00040185589653593106,-0.0016546113007179263,-0.0007094189028081054
0.42082793,0.5924356,0.9656004,0.96514356,0.94,0.88,0.35127318,0.44200692,0.37634203,1.0,1.0,1.0,0.30514216,0.30514216,0.6569905,0.5234863,0.5013485,0.0012318780577148818,0.00015151228222230512,-0.0006123418396385794,0.0009042739837466834,-0.0028816451435693625,-0.0008205173548197031,0.0030876539402751773,-0.0003128976422084416,-0.006944173196216158,-0.002485122961896269,-0.00014154631085657037,-0.0012313081384857072,-0.03136439033790259,-0.008866212348541413,-0.0009458109994817804,-0.0008108883418740832,0.0005704382634116235
0.8645923,0.8553936,0.7547392,0.8857861,0.8064431,0.88,0.88,0.36655846,0.4985065,0.93697226,1.0,1.0,0.7909007,0.44684893,0.41949052,0.12439528,0.6435707,0.00027323049920476423,0.0006092630845538325,0.00034529681393802406,0.0025008622675038662,-0.002471056336110912,-0.00072874071265461,-0.001018502693478545,-0.0002225827762594962,0.0012352223617259153,0.0002935567744251124,0.0007105546792421335,-0.0006530160759086692,0.02748567375552158,0.005534312188822421,0.0010148531316495587,0.007281520457185746,-0.0012497383054667656
0.8856299,0.69215333,0.95546997,0.99229723,0.94,0.88,0.61521024,0.3248069,0.2863676,1.0,1.0,1.0,0.23218994,0.23218994,0.33449042,0.43439534,0.5569041,0.000856464016603469,0.00010231380833011678,-0.0004037263744537099,0.001259384920907898,-0.0034079755443169675,-0.0008838392747022707,0.0015844078074607588,-0.0003048798323495,-0.009411142533864863,-0.0020715755253381883,5.908792521949676e-05,-0.0012342793351377201,-0.03233348865307845,-0.008964823281963803,0.0012301584044641842,0.0012217435269198532,-0.00023267551338386727
0.9231587,0.9655172,0.21631882,0.21199244,0.21199244,0.88,0.88,0.5580614,0.48181537,0.45720813,0.45720813,1.0,1.0,0.39066112,0.55574054,0.6925772,0.286904,-0.0012812454050799582,-0.00042354371362665594,-0.0009296454952793945,-0.006045774989669104,0.009483977271608322,-0.00021963045181182608,-4.330394490217587e-05,0.0005629853038055709,0.0003386947100353219,0.006087058005848843,-0.00853848565110618,-0.000576687244245962,0.04113040856627476,0.007047979644243816,-4.305762355204157e-05,-0.00416593183198976,0.00045981194947683615
0.6903501,0.69371706,0.92918444,0.94,0.909952,0.5647118,0.88,0.72735846,0.6192682,0.9169722,1.0,0.9169722,0.50210935,1.0,0.6019905,0.84712267,0.63357073,9.605548407676099e-05,0.0009924977226766947,0.001258861768188815,0.0012304245262587767,-0.003784365366051304,0.003974185966081453,-0.0007482386927141917,0.0027775165064902784,0.006698175305445027,0.00036011344588652325,0.0007152567496669715,0.0013120687745049172,0.0012432636651959297,0.006059234224001184,-0.0008104135597121103,-0.007312945888964484,-0.0005378702310866818
0.60573465,0.62737674,0.78748494,0.94,0.99229723,0.48775703,0.88,0.46015853,0.62961805,0.93697226,1.0,1.0,0.77835816,0.502991,0.3644905,0.49984992,0.42134845,0.0008219927443133649,-0.0012845445478776522,0.0007589323779512353,0.004419637962370251,-0.008704206330301634,0.002615361314293598,-0.000924576154094597,7.986275266681067e-05,0.005884921190325725,0.00036945477525388134,0.00034379324329612967,-0.0008401687937736835,0.024792466355703233,0.0055212456439927456,-0.00041817182847009743,-0.0003118980477559246,0.001746665852084916
0.9231587,0.9655172,0.35647863,0.34934905,0.34934905,0.88,0.88,0.7497585,0.8654502,0.93697226,1.0,1.0,0.75441766,0.69709057,0.5882405,0.6034863,0.78134847,-0.000583949543971002,0.0018376353013511446,-0.00043130581762526084,-0.005429316765157836,0.005569639459010489,-0.00044104613938190376,-0.00036729812181892084,0.00012407823564944566,0.015110133662901785,0.00032063691505278816,0.0004936674569787161,-0.0004220384705512365,0.024239546020257637,0.0036920018301352265,-0.0003913735833455147,-0.001951899767061694,-0.002462744052961948
0.8989164,0.87916917,0.8454047,0.8284966,0.94,0.88,0.7078924,0.535607,0.46106532,1.0,1.0,1.0,0.37383676,0.37383676,0.6982405,0.6834863,0.49468178,0.00036130817696252733,-0.00016797315700547007,0.00047620229427677976,0.0021011055455938863,-0.005053074123649181,-0.0007254708475877054,0.0009098078359859739,-1.725776759458294e-06,-0.005702870948052477,-0.002413838068572321,0.000381774962776395,-0.001561090792850029,-0.02405686143832269,-0.0070140361005832695,-0.0012602631151584615,-0.005089892034750774,0.0008566504488383914
0.91430104,0.96590513,0.7443399,0.87612826,0.99229723,0.88,0.88,0.36255845,0.6282784,0.93697226,1.0,1.0,0.5094149,0.74024487,0.46324056,0.27984992,0.39579296,0.0008994784528348245,-0.0024957374816941004,0.002381760729605455,0.0039301718268085865,-0.00914487171035621,-0.0003971999797214536,-0.0010846273024588378,0.00026816790714564125,0.005446596195959107,-3.086462701336792e-05,0.0012015180897284932,-0.0010654163406960781,-0.004096912825576442,0.00022797284929970885,0.00030241985044634454,0.0033121262240369503,-0.001162969719678427
0.8640097,0.6649489,0.48870504,0.94,0.94,0.71241915,0.5313407,0.31855842,0.5179201,0.93697226,1.0,1.0,0.83808875,0.3722385,0.37574053,0.23712263,0.34579298,-0.000503151030284773,-0.0006364660410512267,0.00019366244036727885,0.00771095868029744,-0.008662900531039398,0.0005890929608305235,0.0027897590178546177,-0.00022828346829699138,0.00352492532131086,0.00035789342922982223,0.00041222050744376434,-0.0005363876171210369,0.031058610420720653,0.007836500934186238,0.00029370387789951895,0.006112404249574368,0.0019157218541676626
0.9231587,0.9655172,0.29415467,0.28827158,0.28827158,0.88,0.88,0.63951,0.54326546,0.6553457,0.6553457,1.0,1.0,0.44048554,0.7269906,0.57530457,0.5335707,-0.0007642916796843304,0.00023172053331250945,-0.001631083230390441,-0.0067139261729062035,0.009167069303223148,-0.0003693777762836468,-0.00018696543306024764,0.0006240160227557538,0.0022153272242509624,0.003529069003382145,-0.0050428344374156405,-0.0008380323196744149,0.042999622802261064,0.0066757986852736114,-0.0007109628224115258,-0.0015126063485972631,0.000103759983728724
0.9148837,0.9105279,0.6358777,0.6231602,0.99229723,0.88,0.88,0.2808069,0.25057688,1.0,1.0,1.0,0.20317043,0.20317043,0.6357405,0.1689408,0.58023745,6.376338539829116e-06,-0.0001336896275431796,0.00042212260246652354,0.0013590472283087527,-0.004135675723544423,-0.0005888588038430117,-0.00039002899257779486,-0.00013677691533457104,-0.011670925757831524,-0.002125478283544256,0.0002546204604190517,-0.0010598658864697183,-0.03550583483319408,-0.008819309290519092,-0.0008873500898625648,0.008172238388759655,-0.0006426063113931075
0.6637183,0.67980164,0.75715244,0.7420094,0.94,0.88,0.5918975,0.4577585,0.5900079,0.9169722,1.0,1.0,0.7787124,0.49361253,0.36574054,0.51894087,0.4291262,0.0011090575216166172,-0.0009734748595965135,0.0009870095782350359,0.0024886215005463144,-0.007319202816728356,-0.0010212246584960119,0.0032789147601333985,0.0002970323888990429,0.0048846314272010995,0.000838426751689238,0.0003055077703403773,-0.0003696172440209517,0.025690589897516557,0.004450818983625901,-0.00021586306745212494,-0.0012072007624220132,0.0014578679568261943
0.813427,0.6934851,0.86105454,0.94,0.7933999,0.6031408,0.88,0.44200692,0.3836297,1.0,1.0,1.0,0.3110511,0.3110511,0.57699054,0.65166813,0.37134838,0.00019061299329249572,6.769150213158783e-05,-0.00017857095881443366,0.0014670892764421031,-0.0021254552928964884,0.004746487401150483,-0.00028323212646490405,-0.000175793462865992,-0.008358876077027197,-0.002411377607506059,0.00022744639068645892,-0.0006863610553811555,-0.03571583246696904,-0.007723065335781292,-0.00044382439069970257,-0.004982709682037801,0.0025670961040371006
0.87228465,0.85869503,0.7432656,0.7284003,0.94,0.88,0.75608623,0.46055838,0.3961955,0.93697226,0.93697226,1.0,1.0,0.3212396,0.54324055,0.5053044,0.5391263,-0.000563144837214856,0.001591037281031659,0.00017380694955635955,0.001350901770979287,-0.006172665222295146,-0.000858717118021331,0.0007450693051311439,0.0001298336556182863,-0.0018890925602397257,0.00048469803447136943,0.000989900770360213,-0.00038050065841994273,0.05966462765597108,0.0031604313844997467,-0.00026059208416824315,-0.0011363178715777253,0.00043965103246558127
0.8687298,0.6976521,0.5509063,0.94,0.94,0.98459446,0.56927645,0.6545585,0.86341125,0.93697226,1.0,1.0,0.7399803,0.6843574,0.6019906,0.4116681,0.7946818,0.000772869823685873,-0.0001402248124653593,-0.00017020830173561447,0.003817018241177645,-0.004435317168888238,-0.0010386688598554693,0.004137331275918465,1.7802130256739084e-05,0.012358417535743077,0.000470949289024638,0.00019005080385270433,-0.0010233041840602387,0.020289321631981716,0.00518518768933821,0.0001379025309029627,0.0016421664686849045,-0.0027896294606191206
0.9231587,0.9655172,0.37965107,0.37205806,0.37205806,0.88,0.88,0.7365584,0.8815512,0.93697226,1.0,1.0,0.81633306,0.6340301,0.74824053,0.72803175,0.5080152,-0.0005000164926735689,0.001305666966799658,-0.00045344402142636026,-0.00550792398026767,0.005337622879098065,-0.00035469843550400636,-5.8339984550863124e-05,-0.00018005933103789132,0.015028900086994446,0.0003464560870405084,0.0006619300899624804,-0.0003754273717120199,0.0264816819348328,0.0020797624026623546,-0.0006653326745342863,-0.003723379399947864,0.00030367079670673213
0.5749655,0.6373093,0.8941311,0.94,0.84401834,0.6596399,0.88,0.27295837,0.5375168,0.9169722,1.0,1.0,0.7063344,0.46455374,0.19699049,0.35530445,0.5313485,0.00015276458846072964,-0.0008603144601753624,-6.275581048818833e-05,0.0029331300710451935,-0.0043956903371512816,0.0030612725520228245,-0.001494485694847099,-0.0027578549061927794,0.00422010412026403,0.0007310362364238585,0.0006404660326919245,-0.00035772384328943086,0.021110401869364862,0.0049520371506525844,0.0007609404340456972,0.00491145045183158,4.4869405914690214e-05
0.7104548,0.7385888,0.44271904,0.94,0.50849444,0.6917444,0.88,0.34870994,0.30023554,0.54207706,0.54207706,1.0,1.0,0.24343422,0.42824048,0.21348624,0.6191263,0.0001154092791190129,2.950158352317573e-05,0.00034783958093540825,0.0013668918855036843,0.004250178346448212,0.0021150061937407452,-0.0011307254691896344,-0.0005981303225148053,-0.0060971782999391785,0.004885531971945266,-0.004823078789034771,-0.0004986606011930106,0.049102468489631394,0.009921168525383491,0.0004680852388013124,0.006793250984663246,-0.0014869356509931242
0.7749654,0.41040152,0.76278937,0.94,0.94,0.78728664,0.23606576,0.558613,0.48278213,0.33505124,1.0,0.33505124,0.39144498,1.0,0.48324054,0.3834863,0.7835707,0.0005254396196319132,0.0018042294188999814,0.001878850720187565,0.0032931613657690823,-0.004318740815655086,0.00011203503579359679,0.009360804938068859,0.00027786044037298786,0.0010741769519744923,0.006024072566452333,0.0003332051603348474,0.019570519142775317,-0.009323742740619319,0.010173404495617792,0.0002249107609948033,0.0028426765152752137,-0.0026994020934778544
0.656026,0.57907915,0.82805187,0.94,0.881113,0.43173182,0.88,0.4521585,0.45750797,0.9169722,1.0,1.0,0.3709524,0.9119482,0.18324041,0.37894085,0.9269041,0.0005754505568171454,0.0016767028023321688,-0.00010888596547025082,-0.0008537594039087154,-0.002605418050487921,0.00643427486068886,-0.0008647153385050038,-0.0005838745843723497,-0.0007003738350568982,0.0005972341368618455,0.0008633016644231481,-0.0005326045606018299,-0.015556100468902163,0.009628627774303544,0.0035821449837295555,0.003022025256409152,-0.006577742013567253
0.89151543,0.9339215,0.31261718,0.94,0.30636483,0.8433489,0.88,0.4440069,0.38742608,1.0,1.0,1.0,0.31412926,0.31412926,0.68949056,0.6471226,0.41912618,-0.000686202156282609,0.000443696996224798,0.00209295884264179,0.0028275983274617645,0.007898249058863105,-0.0006577901035303657,-2.4921307472980657e-05,-0.0003079084393113884,-0.00756339430266931,-0.0029937853036203,-4.222027686772526e-05,-0.0005856646575807922,-0.033980081364795856,-0.005850988889151978,-0.0018468290826025113,-0.004847706483960665,0.002267237554226703
0.52939427,0.6583782,0.84689593,0.829958,0.9049155,0.88,0.88,0.37055832,0.69613487,0.93697226,1.0,1.0,0.5644337,0.6858709,0.1982404,0.40348625,0.5146818,-0.0011157099314729093,0.00028695791596170564,-6.230739450073137e-05,0.0017650234408686162,-0.00527656056251967,-0.000640801452941348,-0.0011072285085745013,-0.002129517227099759,0.009088904118626886,-0.0001316396496622701,0.0008836647014816056,-0.000546526024326112,0.002665191801890159,0.0023145860275476694,0.0007661837729622549,0.002334521902747172,0.0002158173731724543
0.8521799,0.29205373,0.9481089,0.94,0.94,0.713937,0.09878234,0.61630994,0.52450156,0.63139063,1.0,0.63139063,0.42527154,1.0,0.6594905,0.69257724,0.5491262,0.00033364376359321254,0.0006263077738559309,0.0015113628610357172,0.003523742327450612,-0.003741565546995619,0.0007876774078965736,0.0044136636866359095,0.0005393820824952175,0.0029727685553561406,0.004191656119234205,-3.747942006862973e-05,0.013449804727872206,-0.00948145324440828,0.018107637625985537,-0.0009225046471736658,-0.00679645203728196,-0.00011144622518209468
0.8758395,0.81766593,0.7314889,0.94,0.70460886,0.70849246,0.88,0.54480696,0.47119415,1.0,1.0,1.0,0.3820493,0.3820493,0.52574056,0.65984994,0.69245964,0.0006400543407171535,0.00013124475423684792,0.00013875362095156887,0.0018722821741035344,-0.00022706504783602568,0.002602122321151546,-0.00039494253419247114,0.00028273199148557933,-0.003453064391089389,-0.0027612479625363524,0.0003030259309228065,-0.0014335378488669038,-0.02388759022388282,-0.007287961600812442,-0.00017273896669868695,-0.005723911874247023,-0.002967640991728152
0.86045486,0.7205859,0.77725494,0.8916575,0.9097836,0.88,0.88,0.23840699,0.20875454,1.0,1.0,1.0,0.16926044,0.16926044,0.3369906,0.16348623,0.73468184,0.00037802269773677276,-0.00011348481731942594,-0.000327458642586543,0.0010803705809883566,-0.00231147242873219,-0.0006349923175309143,-0.0004154885705845173,-0.0005087460710955825,-0.011678014870674117,-0.0021190521489627,0.0001643858216666022,-0.0011155205947006646,-0.03570560310430782,-0.010670407666296346,0.0015007981982420283,0.0071836209524336935,-0.002649865670186877
0.4057347,0.47498518,0.79154646,0.94,0.9742972,0.8199039,0.88,0.39335847,0.34391972,0.9169722,1.0,0.9169722,0.27885383,1.0,0.26824045,0.48166803,0.5724596,-0.0024213875610931673,0.0026446067603179196,0.001363087092125823,0.0015876005690606645,-0.006284843247025706,0.00039729110839644013,-0.001697218102651028,-0.0004287876082373132,-0.009871480957043514,-0.00046398331689099137,0.0004420353253803938,0.0012910684964420522,-0.03041515460909098,0.008924330209043816,0.0018475784055801108,0.00022735103374164643,4.839132450652293e-06
0.8912241,0.86782813,0.66495264,0.94,0.5154298,0.830322,0.88,0.39040697,0.3411394,1.0,1.0,1.0,0.27659953,0.27659953,0.5157406,0.61712265,0.3813485,0.0001249854065155006,5.787849867261252e-05,-0.00010327981276314513,0.002024881884595078,0.0036327625739357335,0.0004082833214379636,-0.00020823691003670324,-0.0007011659238791676,-0.009329276368805367,-0.0028134826103342514,0.00033012998186639274,-0.0008204247614932714,-0.04173141467494862,-0.007359026977091275,7.862280838297402e-05,-0.0036913629899828953,0.002914979149339482
0.6870866,0.8000316,0.81399953,0.94,0.93248975,0.85529643,0.88,0.28615853,0.27674595,0.93697226,1.0,1.0,0.2243886,0.95616406,0.05074036,0.30984992,0.5580151,3.8329348775369837e-07,-0.00018499378152227346,0.0005246473899892987,0.0017390456784842304,-0.005993832264056794,-0.00025028753963408777,-0.001456707108498859,-0.0006346919569227228,-0.013571184203000797,-0.0008384793391951215,0.000549381980261822,-0.0003577717864449971,-0.03670158003943208,0.002814853313198748,0.00554413507343779,0.0030433146345535704,0.00023909575485306866
0.8373779,0.90331304,0.5097353,0.94,0.49954057,0.8078431,0.88,0.6469584,0.824837,0.93697226,1.0,1.0,0.8478499,0.55631185,0.7269905,0.7680317,0.34801516,0.0002179348703007127,-2.541967467624192e-05,0.0002146924334921177,0.003147559039426847,0.002909393376940897,0.0004800497098165233,-0.00035311717621294784,0.0008632742251846251,0.014928169642407497,0.0003232826170602901,0.0008006871433950019,-0.0006122779204659128,0.0335035629792426,0.003284319810122739,-0.0004904797383892822,-0.006500385644625739,0.0025230789470788682
0.9030539,0.85880697,0.800329,0.96716094,0.8549716,0.88,0.88,0.5400069,0.46222666,1.0,1.0,1.0,0.3747784,0.3747784,0.5544905,0.5816681,0.7213485,0.000301128492730094,0.00014270198388685913,-0.000439931124953049,0.0006919088993424632,-0.0024876599575153805,-0.00062288467974119,-0.0003882674652405424,0.00016381941071727036,-0.0033330841037184935,-0.0024955471553541374,0.0003143872344040502,-0.0011158335182022943,-0.022901685158264254,-0.0075159152811476405,-0.000219434721856973,-0.0025367356010720186,-0.0032013384939424904
0.8953616,0.85880697,0.5849975,0.94,0.56753373,0.8199039,0.88,0.47175843,0.73618853,0.9169722,1.0,1.0,0.67872685,0.6004769,0.23824048,0.51984996,0.545793,0.0005741557731738846,0.0001351925524517406,0.00033241022097948503,0.003370391621882341,0.002243204090971121,0.0004525645994419752,-0.0009748942132586399,0.0002784514157266565,0.01069335027865494,0.0007099015939589537,0.0006851692064122716,-0.00019414853058937365,0.01688210103830522,0.0036336468595458797,0.00047631412531561697,-0.0011540883779860727,-0.00035365116624115546
0.6714106,0.7384865,0.81810784,0.9742972,0.8258747,0.88,0.88,0.23960693,0.21393582,1.0,1.0,1.0,0.17346148,0.17346148,0.37824053,0.340759,0.466904,0.0005793749282715778,-0.00028701471466165303,-0.00041772379617906934,0.0016404672870516323,-0.002160839262533763,-0.00048195919163270776,-0.00042239571516328623,-0.0005305453723753797,-0.012480470257834289,-0.0023500586304010585,0.00018646925147931966,-0.0005037269781611942,-0.0357040023897509,-0.007832653485522853,0.0008917597068378466,0.0035253028406213895,0.0008561881215238975
0.9231587,0.9655172,0.2739559,0.26847678,0.26847678,0.88,0.88,0.5605585,0.5387631,0.9169722,1.0,1.0,0.43683493,0.9357586,0.37574053,0.6216681,0.7313486,-0.0008265966706944239,-0.0007540969828995814,-0.0026550905235038203,-0.0068216457839954565,0.006055155675757873,-0.001025569247060572,-0.0003460556703020877,-0.0003808334268720787,0.001193191649404448,-0.00013817965927989486,0.0005514819355924397,-0.0004750912179657797,-0.010566499311704386,0.004688439927733925,0.0019065768303868124,-0.0017184162112659626,0.0017505298034367722
0.8906414,0.77048427,0.7890518,0.94,0.9420575,0.65376174,0.88,0.57871,0.4966739,0.93697226,0.93697226,0.93697226,1.0,1.0,0.5619905,0.5816681,0.6713485,0.001084264161359356,2.517087352463045e-05,0.0023768853208122748,0.0035983048344498357,-0.004595142506263523,0.0006270190849351441,-0.0010027593711855979,-3.113928982533244e-05,0.002759656924552016,0.0005803142868501313,6.57967246583153e-05,0.0010494217426417895,0.03865748692077778,-0.0024650011381881485,0.00010665790593689917,-0.0011786792134854738,-0.00019906245110493112
0.84507024,0.5969897,0.7381693,0.9742972,0.94,0.88,0.48360902,0.40935844,0.4334186,0.9169722,1.0,1.0,0.3514205,0.95384437,0.4807405,0.45348626,0.40801513,0.0006214737977816852,0.0025983687087147433,0.002085638990354042,0.004760927769937835,-0.006416678454351296,-0.0010326898825317704,0.008295174431532656,0.0004635258391663109,-0.004255189729118509,0.00033713043776180477,0.0002436036613275158,-0.001248349243184481,-0.025279574919738756,0.009021296066322867,0.00030165073352335646,0.0007895856263627088,-2.155345382039795e-05
0.8687299,0.63384575,0.5609527,0.94,0.9742972,0.98459446,0.88,0.6269585,0.5667437,0.93697226,1.0,1.0,0.45952192,0.9381185,0.52449054,0.7034863,0.555793,0.001682819637341593,0.0013999873958659142,6.866492231993612e-05,0.0017253383601267302,-0.005312195213050815,-0.004173660501465686,-0.000926994208783697,0.0006909246348895692,0.004589936620222787,-0.000742909170016418,0.0005093099553707028,-0.0004914727914862578,-0.009988450370978867,0.00920793598250284,-0.000141232424922769,-0.004953153078463356,-5.048483049732556e-05
0.9231587,0.9655172,0.49559563,0.48568374,0.48568374,0.88,0.88,0.66000694,0.5606224,1.0,1.0,1.0,0.4545587,0.4545587,0.7294905,0.6898499,0.7502374,-9.149499229635365e-05,-0.0003166020914820872,0.0004096166969005316,0.0010664991830005256,0.0026732051054332733,-0.0010311050441264055,0.0001139846266705997,0.00042070399038534657,0.0017519889473127093,-0.0030838057684424492,0.0002699724076222229,-0.001159033849324022,-0.018527119035459057,-0.004152989092056864,-0.002255567938335877,-0.006178685771753072,-0.0031967117823320512
0.9231587,0.9655172,0.36045253,0.3532435,0.3532435,0.88,0.88,0.7269585,0.84232664,0.93697226,1.0,1.0,0.68296754,0.7630068,0.74449056,0.6434863,0.6524596,-0.00036182637957530764,0.0005957426359796329,-0.0007878849753578417,-0.003739300526303874,0.005412850647263909,-0.0006142086563251367,-0.0002804994523852869,-0.0004215033570305797,0.015232265858756448,0.00040528485402369953,0.0007818283721451874,-0.0005886190130305912,0.01709522106506508,0.0022969675396862384,-0.0013042102981445777,-0.0016414106816275515,-0.00040794512431304217
0.9231587,0.9655172,0.23827668,0.23351115,0.23351115,0.88,0.88,0.519813,0.44733635,0.3704504,0.3704504,1.0,1.0,0.36270514,0.7507405,0.44439533,0.31023735,-0.0010633863903969254,0.00024556372555987934,-0.0009571200350765455,-0.006347832952030695,0.010427903232699612,-0.0003014781809257988,-0.00016699270300609575,0.00043171296910335486,-0.0004901592536926076,0.006553937142833226,-0.010027587711645154,-0.00037119872444968535,0.04611623142039904,0.005888351749041049,-0.0012865276432186604,0.0009793258125991356,0.001052080457735595
0.87613076,0.54186964,0.57865536,0.9420575,0.5930844,0.88,0.88,0.42640686,0.37199995,1.0,1.0,1.0,0.3016216,0.3016216,0.5057405,0.5043954,0.69801515,0.00030839919648983525,-0.00021334211090225027,0.000252223988422261,0.0007727050739116567,0.0015496797080785556,-0.0007754203035300461,-0.0003957513031742066,-0.00015922714378120657,-0.007473370737654863,-0.0022483165124725104,-0.00017057957477325234,-0.0009155023688936495,-0.02542217111601629,-0.00779290248972973,0.0002059265136297176,-0.0002270247080242649,-0.0029563555084128083
0.81459236,0.8306761,0.83763885,0.8208861,0.89401305,0.88,0.88,0.41975853,0.4569972,0.93697226,1.0,1.0,0.37053826,0.9316181,0.8532405,0.290759,0.122459516,0.0006216814157119676,-0.0012292786779984912,0.0027032127062536003,0.0033187619880160855,-0.004913721663052813,-0.0006307149043346151,-0.0008262838403443905,0.0007681683153128951,-0.0037882728006318677,-0.0003547616384488082,0.0005206782780327268,-0.0008102372077551079,-0.017448860040644637,-0.0006161164181925266,-0.0013975880782824048,0.0021653240189011967,-0.003397391275115248
0.9231587,0.9655172,0.1903342,0.18652752,0.18652752,0.88,0.88,0.5389586,0.486191,0.93697226,1.0,1.0,0.9316181,0.39988253,0.5957405,0.37439537,0.62245965,-0.0005528970660918317,0.0027882498294635625,-0.0006319530463623122,-0.011152445292559382,0.011125329734059268,-0.000744682456915369,-0.00023838625279326648,-0.0003575536506968631,0.001178661856494784,-0.00038345261857759556,0.0005197675840672672,-0.0005889805497699937,0.05117483857831964,0.005188190366777244,-0.000522484917366471,0.0029265263487158392,-0.0002749463627815301
0.8489164,0.81714875,0.7307501,0.7161351,0.8617921,0.88,0.88,0.37320685,0.33013985,1.0,1.0,1.0,0.26768097,0.26768097,0.36574054,0.700759,0.3269041,0.0004979222280473007,4.016564331925814e-05,0.0001974241089473676,0.0011773477530701956,-0.0025796062046657842,-0.0004449747151459083,-9.731627759367479e-05,-0.0003994908054946855,-0.0089355597033338,-0.002119290269585535,5.46480488312933e-05,-0.0006232707401476161,-0.03117965992440062,-0.006752624199404895,0.0008892739617977695,-0.004904137590291867,0.0023948014282927847
0.6640097,0.35937986,0.9233832,0.94,0.79771954,0.72358423,0.88,0.17040695,0.16292119,1.0,1.0,1.0,0.13209826,0.13209826,0.26199043,0.20894076,0.4380151,0.000476941394591118,-0.0010855372934554873,-0.0006436726943209886,0.0014058017202591146,-0.0015816120587516002,0.0020396911976880354,-0.00029972967517253907,-0.0004933644817464451,-0.014922255453997174,-0.002183268751150786,0.00016051303016795325,-0.0009163934209267774,-0.03981061981161959,-0.009905304713309134,0.0018547029443612456,0.005902027742538497,0.0009595091696176658
0.8323664,0.68202657,0.85139656,0.8343686,0.9742972,0.88,0.88,0.47640708,0.41560528,1.0,1.0,1.0,0.33697724,0.33697724,0.7032405,0.4725771,0.52134854,0.0005748820082842839,7.7432925969896e-05,-0.00027372000780455033,0.0007871474199568237,-0.0036970499370419757,-0.0009957372222707715,-0.0004330962301449089,6.298113958119309e-05,-0.006530686512538863,-0.002692192542441116,0.00010637711596903354,-0.0007241388446384389,-0.0280397939559704,-0.00809547250708849,-0.0013632976179240688,0.0009362239500546779,0.0002635608642518098
0.06727312,0.4921982,0.77787274,0.9742972,0.99229723,0.88,0.88,0.10600693,0.106273815,1.0,1.0,1.0,0.08616796,0.08616796,0.32949054,0.27166808,0.34245956,-0.0020722345831966377,-0.0004948444266262582,-0.001005502931676438,0.0010109368232790906,-0.005455089408938793,-0.00019159254540856145,-0.0002620966362074722,-0.0012896100268518298,-0.015958636385960692,-0.0025142706671399083,0.00014325197787311048,-0.0005470220439676688,-0.04201446468447775,-0.007624597504044582,0.0012342287634171413,0.005147755874372577,0.002040429044762474
0.9231587,0.9655172,0.16540235,0.16209431,0.16209431,0.88,0.88,0.5069585,0.73046416,0.93697226,1.0,1.0,0.5922682,0.7093752,0.40074056,0.39803168,0.5935707,-0.0010172073352092146,0.0006178440583297763,-0.0017987724789644071,-0.009752686799288843,0.010357460356171794,-0.0007122324807844914,-0.00034030390218999196,-0.0001965847547976336,0.011714702016698629,-0.0005591598904227543,0.0007235302314754143,-0.0005181002492969511,0.007658291753210858,0.0014730310804411493,0.002013677069056608,0.0017598981375924608,0.0007261647113047652
0.9231587,0.9655172,0.40431088,0.39622465,0.39622465,0.88,0.88,0.8073585,0.78910786,0.93697226,1.0,1.0,0.6398172,0.87119126,0.70449054,0.9071227,0.61468184,-0.0008468156090839639,5.849951125222177e-06,-0.0009467875088070639,-0.0039649324297035115,0.003732550300182543,-0.0006373542892391218,-0.000394318982733002,-0.0015028169347772124,0.01657974318927807,0.00017127563418603664,0.0007672230392832353,-0.0005894731551046007,0.013377038551055952,0.0028450478967135167,-0.0013549041737550699,-0.005778413066732305,0.00014664809063838748
0.9030539,0.8318556,0.7566451,0.94,0.9235884,0.8166462,0.88,0.64126146,0.54674894,0.42911217,1.0,0.42911217,0.44330996,1.0,0.4869905,0.6453045,0.8169041,0.0014017611267101758,-0.0006257693998788945,0.0015602862222581669,-0.00022484578708487573,-0.003683870177772589,0.0001751534443613711,-0.0015957695976929597,0.0014829456678394461,0.002512034351232947,0.00417906606569543,0.0003958012229746158,0.01607608149698984,-0.005141216765020107,0.0020507169016735025,0.00021023547664329056,-0.002460118452276219,-0.0019123392178435144
0.9231587,0.9655172,0.12500864,0.12250847,0.12250847,0.88,0.88,0.38120696,0.33499503,1.0,1.0,1.0,0.2716176,0.2716176,0.38074052,0.5962136,0.5291263,-0.0016788893879846887,0.0009938036060684443,0.0010234958498993418,-0.007697930787353826,0.008607531825034659,-0.0005413568826382858,0.0002669035311158375,-6.299950485118638e-05,-0.008794382396147101,-0.002219674878078742,4.553403253478222e-05,-0.0006915678981354756,-0.028573989896768584,-0.004497913250944846,0.0011922261514858569,-0.002472120367275477,0.00010035229932620609
0.90690005,0.9763592,0.32025927,0.99229723,0.17662375,0.88,0.88,0.5329584,0.68452257,0.9169722,1.0,1.0,0.5550183,0.7561322,0.8232405,0.36621353,0.31023747,-0.0008080709807835487,-0.0005384958293432683,-0.0005803489098771288,0.004958758531219537,0.00992932454515484,-0.001000413097494092,-0.0008520381204915419,0.00010506316225333605,0.010624756804391849,0.000946996768981514,0.0009232692800114584,-0.00019819190788359059,0.007025472074636477,0.0014841770536067579,-0.002255430204174177,0.0019751873538603752,0.001997842758285365
0.9211193,0.72924906,0.94917023,0.99229723,0.99229723,0.88,0.88,0.46040687,0.3910472,1.0,1.0,1.0,0.3170653,0.3170653,0.6594905,0.41257718,0.6413485,0.0005446368203994883,-0.00013351710967637412,-0.0005325585688674407,0.0012200519541552169,-0.004537160988634244,-0.0007862518357175895,-0.00017889183510430337,-7.775681722073007e-05,-0.007557878381304145,-0.0022399649093474247,0.00014842197368947763,-0.0010914606358642049,-0.028125743486455784,-0.008386923430525736,-0.0009541987879937866,0.002369427820527129,-0.0017534306994935588
0.5749655,0.6373093,0.8941311,0.94,0.84401834,0.6596399,0.88,0.14120696,0.136337,1.0,1.0,1.0,0.11054351,0.11054351,0.19699049,0.22530442,0.5313485,1.579226503337982e-05,-0.0003834860453495316,-0.0005265486180705146,0.0009274854622231105,-0.0017499642320034637,0.0030992120631526715,-0.00047483859316474383,-0.0008310906421381865,-0.014104746755775641,-0.0018339411506459243,0.00017487421399504336,-0.0005156880959472024,-0.03991930753640574,-0.009255275704068438,0.002004590627002123,0.005688522127919323,-0.00020984483856213473
0.38708663,0.6557171,0.7866522,0.94,0.73911226,0.5206318,0.88,0.40575835,0.46711677,0.9169722,1.0,1.0,0.84061617,0.39222324,0.39074057,0.2771226,0.4513485,1.1607588966061621e-05,-0.0008334474085163172,0.0008895549041671656,0.0036241250811044463,-0.0012453118447704591,0.004169464292465349,-0.0008523942486307067,-0.00015981394188388035,5.840163934824248e-05,0.0007021565939489154,0.0006683844594135453,-0.0005706590936773181,0.03086957522039978,0.007316357644605562,0.00014573007428702556,0.003849136763769881,0.001289270246276048
0.7678558,0.7564161,0.87958616,0.879692,0.9420575,0.88,0.88,0.7105584,0.85843724,0.93697226,1.0,1.0,0.74713635,0.6677487,0.7657405,0.6343954,0.4380152,0.0008289274210381807,-0.00014181252238857888,0.0009751908390408712,0.003548027423814306,-0.005904454073910279,-0.0005540261772014503,-0.0006602853981040334,0.0012552029973849272,0.013337062947242184,6.849806372173491e-05,0.0008399602481329674,-0.0007216205068507958,0.018306938503379593,0.0027634808648531973,0.00027709901295005346,-0.003078599514687117,0.001370941849777242
0.77525675,0.6517021,0.8648059,0.94,0.99229723,0.5159744,0.88,0.59695846,0.8644594,0.93697226,1.0,1.0,0.74145013,0.6326812,0.48199052,0.5962135,0.5835708,0.0007144819467062993,-0.0005582101231228729,0.0012280635007402279,0.004800278996280471,-0.008225987680340304,0.0008169034231186961,-0.0010194436507879475,0.0010945834050906287,0.010353759616058986,-0.00012643169771552087,0.0006392097791561727,-0.0006642726649738546,0.015831552762420764,0.0027311360385150626,-3.648686793805831e-05,-0.0024059402429104904,-0.0008311929761027359
0.79862505,0.646919,0.69551754,0.9363606,0.6140924,0.88,0.88,0.41630995,0.3594618,0.6553457,0.6553457,1.0,1.0,0.29145554,0.59574056,0.5453045,0.2424595,0.0007134317231167176,-3.486804421939643e-05,0.000732353420794851,0.002168720627236044,0.0013142998458421352,-0.00033656522765229457,-0.0014102731876003106,7.39498087448928e-05,-0.004658107962988104,0.002767452142986274,-0.00499940260754248,-0.0008535745725125455,0.04597060416398053,0.008845133912893148,8.7905720805488e-05,-0.001006785098307076,0.004470342827007545
0.81400967,0.7686939,0.8225866,0.96814126,0.80595535,0.88,0.88,0.39400688,0.34093043,1.0,1.0,1.0,0.27643007,0.27643007,0.5394905,0.4680317,0.58912635,0.0010778481293309433,-0.00019496537292661422,-0.00024151906751832444,0.0017278914138507552,-0.0022337152674333687,-0.0008399920143458284,-0.00027957798621220986,-0.00021614965796267995,-0.008645163026172126,-0.002213049962036964,0.00019412581565793528,-0.000926397813861507,-0.03160784259424802,-0.007145470361426839,0.00019345647163859214,0.0008741844015161894,-0.0007173458956584923
0.9231587,0.9655172,0.25969166,0.25449783,0.25449783,0.88,0.88,0.6003101,0.509808,0.6553457,1.0,0.6553457,0.41335785,1.0,0.47449046,0.5898499,0.7391263,1.90926981414238e-05,-0.0009616758700178595,-0.0023118225127894965,-0.0018611352796250472,0.0036976616865920524,-0.00034834994782155667,-0.0007718263712346902,-0.0005663037021956648,0.0006501402264470282,0.007534041052786321,0.0003612409922264764,0.007754888010731085,-0.008278794845668775,0.002218834982062985,0.0008074293760800602,-0.00035993601437733167,0.0018765956477697612
0.7021799,0.8238199,0.73950064,0.94,0.94,0.71563107,0.7081618,0.5505584,0.6359889,0.9169722,1.0,1.0,0.51566666,0.8496535,0.5307405,0.5943954,0.6180152,0.00028914022160587716,-0.00021609059449576365,0.0009662158959806369,0.001430002388017673,-0.005470220284987306,0.002111878374245106,0.0029897252401317803,0.0004762188870219991,0.007171729118803122,0.0006971450571053617,0.0008363817208943919,-0.0006508356309905111,7.407410563028682e-05,0.005261402647475373,0.00015850913884396558,-0.0017497685539137997,-0.000335358255687148
0.9231587,0.9655172,0.101180285,0.09915668,0.09915668,0.88,0.88,0.45231003,0.39080256,0.6584483,1.0,0.6584483,0.31686693,1.0,0.56449056,0.4498498,0.49690405,-0.0013925191715547641,-0.0012976083678448368,-0.0052316711344851,-0.011764514394514744,0.010664000631958501,-0.0006235176519722927,-0.0003598320417984844,-4.1738198811740875e-06,-0.006972628266651949,0.009608163971247235,0.0004259131314535727,0.007316610822160556,-0.024286973188640194,-0.0033592956809887424,-0.0006744272430153696,0.00032505498154053236,-0.0009263244873132575
0.51756454,0.78923166,0.88530785,0.9363606,0.9742972,0.88,0.88,0.336007,0.2966622,1.0,1.0,1.0,0.24053693,0.24053693,0.6482405,0.31803167,0.5213484,6.607666363734191e-05,-0.00023955724135021254,-0.0011212618324947055,0.0004323446454911226,-0.004190766050110566,-0.0007614940320218852,-0.0003943911443404589,-0.0008731736898437427,-0.00973844609808469,-0.0025458872666715895,0.00018949205360099548,-0.0005634857103623777,-0.03491622050566117,-0.006635325197106174,-0.0008389748604484504,0.004632681781603461,0.00033867830881070067
0.8249654,0.72212046,0.9278407,0.94,0.94,0.84678054,0.5140837,0.6285585,0.5354729,0.93697226,1.0,0.93697226,0.43416727,1.0,0.7657406,0.7280318,0.50690407,0.00047404647959699926,0.001163022145182785,0.0024493536401448777,0.0029793021211017923,-0.005505015383139664,-0.00014427583834044654,0.005846515576060207,2.141249643832813e-05,0.002321296537045492,-0.00022668822402117052,0.0004347813412464563,0.0011143047611083315,-0.013463720935930512,0.014242647915209645,-0.0020449760538694102,-0.007212403012740459,0.0003079048187218048
0.51756454,0.78923166,0.88530785,0.9363606,0.9742972,0.88,0.88,0.46966147,0.4081751,0.47723356,0.47723356,1.0,1.0,0.3309528,0.5494905,0.31803167,0.5213484,-0.0009544744927790257,-6.909366025002281e-06,0.000393376106553017,0.0005774831368827847,-0.005802193741604905,-0.0007477705924335965,-0.0012696717578453748,0.00029516444656377754,-0.002652771136747941,0.006206667524178782,-0.012769595725590253,-0.00039994451844680643,0.04755106160750624,0.0065768056890006185,-5.645225165137656e-05,0.005534125875475509,0.0003901441474092319
0.9104548,0.74822235,0.72044456,0.9363606,0.9007181,0.88,0.88,0.59375846,0.5381963,0.9169722,1.0,1.0,0.43637538,0.9280214,0.47574055,0.5362135,0.6591263,0.000438963130813832,0.00041639724999403745,0.0005952705246670295,0.001779976971033259,-0.0037082010951674654,-0.0009377499636053632,-0.0007640073551751631,0.0003831099166746595,0.0025303062145905723,0.0006348688963720418,0.00021697142093871134,-0.00047127941394865645,-0.012433814102615985,0.013252650794418275,0.0006426178021904272,-0.0009187701189584951,-0.000571667862621357
0.7950703,0.8421699,0.83617324,0.86768097,0.94022495,0.88,0.88,0.4733584,0.46019927,0.9169722,1.0,1.0,0.37313452,0.9034137,0.6157405,0.32166803,0.6546819,0.0006370598592829019,-0.00035097630961969807,0.002331104777282723,0.002452986233873117,-0.0067434208330967825,-0.0008435143651936527,-0.00108178685540144,0.00028504833771432383,-0.0039512481650883155,0.00014737513630170985,0.0009805892819465913,-0.0005269245794233166,-0.021217701649308154,0.0017582216450949984,-0.0006315901793772516,0.0025941812344258473,0.00016114277905217005
0.76342696,0.75829464,0.666765,0.94,0.64008796,0.6396218,0.88,0.49000695,0.42158774,1.0,1.0,1.0,0.3418279,0.3418279,0.8532405,0.46257713,0.44579282,0.0010368660506032113,-0.0005450823831618296,-0.00017710880002597238,0.0035547188828302582,0.0003699504382715156,0.0056085338984953595,-0.0002185415308457183,-7.65192607306377e-05,-0.0072014735193406945,-0.002673976702767707,0.0001610620409002697,-0.0003182794158329699,-0.03037845293800748,-0.0054102669751343955,-0.0027593107151108478,0.0017954793334480008,0.002025981152401565
0.46016338,0.71000147,0.78983104,0.94,0.9742972,0.72358423,0.88,0.42895845,0.6790999,0.9169722,1.0,1.0,0.63617814,0.6142234,0.09199035,0.62985,0.4502374,-0.0014556361413237359,-4.7374478051150705e-05,-0.0005945137723770453,0.001968401752295573,-0.00819693847368153,0.0019559357643134535,-0.0008030664579509066,-0.0012284051863609765,0.0075857804365467695,0.0006458107360570066,0.0005530662116855156,-0.00013981711543745417,0.01101905013202599,0.0034637835456971366,0.0017734926555903233,-0.004049392334585314,0.0020596563219413854
0.887378,0.7449027,0.55250895,0.909952,0.94,0.88,0.71567416,0.5349584,0.4787572,0.93697226,1.0,1.0,0.9381185,0.39641187,0.3019904,0.63530445,0.55023736,-0.000881333151863431,9.273962233657187e-06,0.0005606446936906661,0.0045543996510559156,-0.005805911804934369,-0.0009969985851031131,0.0008774970519552024,0.0006175900593605592,0.0019433053139151235,0.0006481809057685818,7.172377131492456e-05,-0.0004160686720504925,0.052138643038224186,0.0022210136758791296,0.0008349499112202495,-0.007076532975962129,-0.0005413649604831073
0.9231587,0.9655172,0.19249669,0.18864675,0.18864675,0.88,0.88,0.5833584,0.6366101,0.9169722,1.0,1.0,0.5161703,0.8292254,0.58199054,0.3816681,0.6691263,-0.001082757072648401,4.370786952158229e-06,-0.002242696080816767,-0.009570731495613875,0.008757003735507272,-0.0005402602571700523,-0.00047336155040952633,-0.0003022219436355839,0.008112984801289726,0.0004223360767982982,0.0005495499285556066,-0.0005526477133496999,0.002537012600959035,-0.0005494287994195715,-0.0006204119140536682,0.0017946167035561744,0.001383642106455825
0.82968557,0.7755516,0.7340206,0.94,0.6636487,0.752257,0.88,0.39535844,0.687701,0.9169722,1.0,1.0,0.5575954,0.69404274,0.21074045,0.66803175,0.29690403,0.0012763630259005044,-0.00026554894119254746,0.0006292970547308348,0.0027017790404821936,0.00021371082891829553,0.0018888478001491005,-0.0016035645500621957,-0.0010731530512246993,0.011280025982946043,0.0006134486811426348,0.0012380118801592443,-0.0005129848973540008,0.0043252209297804265,0.002791567764476973,0.0023807442124712873,-0.004881997344057725,0.003094654133973672
0.78679526,0.62016755,0.77324414,0.88772357,0.94,0.88,0.7199687,0.422007,0.36840177,1.0,1.0,1.0,0.29870415,0.29870415,0.37574053,0.5716681,0.6180152,0.0006458182933833119,-0.00033744944495817905,0.00014097929881377467,0.0018747132910711937,-0.00365640121271404,-0.0007727723774072281,0.000677999545496715,3.750195824101951e-05,-0.007721630514919683,-0.002381127103565116,0.00013998291678791227,-0.0010547244034744452,-0.030003102596642028,-0.008257978998449812,0.0010714384922165172,-0.0019590343742460297,-0.0013153640734331817
0.5793942,0.70743465,0.7955449,0.94,0.74566424,0.65550095,0.88,0.2644069,0.23973769,1.0,1.0,1.0,0.19438191,0.19438191,0.40824056,0.37803173,0.36468178,0.0011860216185893557,-0.00050571864998917,-0.0008314076694459165,0.0021153751715377064,-0.001561022226283152,0.0036484492669427637,-0.00032481168071104557,-0.001064447987209252,-0.013999592305185904,-0.002490689586296762,0.00011988656919778129,-0.0006613611072527198,-0.04238855155593444,-0.008266729218668011,0.0010558361826963388,0.003539992421965658,0.002924081603048103
0.9231587,0.9655172,0.18819912,0.18443514,0.18443514,0.88,0.88,0.5801585,0.54794586,0.9169722,1.0,1.0,0.44428042,0.9381185,0.58699054,0.54984987,0.55134845,-0.0013195057817879555,-0.0012984374061954112,-0.004443887103025889,-0.01150943484982377,0.008574448898301041,-0.0010729436275770656,-0.0006297604406411222,-0.00043667349979996834,0.0015648162928564547,-0.0006424062036202591,0.0007873746279612127,-0.0005857974864520121,-0.012910560348964166,-0.0028073061980209996,-0.0005944503730010517,-0.0002934314506234643,8.565259603958023e-05
0.437378,0.68953896,0.79325825,0.7773931,0.9742972,0.88,0.88,0.28775856,0.60908824,0.9169722,1.0,1.0,0.795174,0.41236064,0.61824054,0.22166806,0.22245958,0.0004870239167480328,-6.872266094026528e-05,0.0010986258591998027,0.0021069576275026826,-0.006880685940131589,-0.00019756724932143784,-0.0012172131654950749,-0.00041930963685559737,0.00699222486662568,0.0010702062950062154,0.0005588292474847434,-0.0008712786622041474,0.029646760019997113,0.00707541171292142,6.419785264465427e-05,0.005601884380433019,0.0040037316788204555
0.7178558,0.7384865,0.75337887,0.7383113,0.94,0.88,0.6166444,0.3100071,0.26913303,1.0,1.0,1.0,0.21821596,0.21821596,0.7132405,0.32166803,0.43245962,0.0009014516966857133,9.084168581275351e-06,0.00023512417181442867,0.00151968269870963,-0.0032146494005810167,-0.0005840307270958437,0.0016457638694118216,-0.000523773362964497,-0.012225915969880105,-0.0022550374232464566,0.0001453488218515252,-0.0010593618570671082,-0.035729021356763424,-0.009997648630599142,-0.0012013033427330803,0.0049006239365687555,0.0013275862104209842
0.81045485,0.7686094,0.803458,0.91710013,0.7705256,0.88,0.88,0.46270996,0.39869502,0.6584483,0.6584483,1.0,1.0,0.32326624,0.55574054,0.4062135,0.57912636,0.0006677113410649135,0.00016876985940593323,0.0008548879104765163,0.0016139298869632202,-0.0011495097721742104,-0.00033015087629474654,-0.0012543051336303276,0.0005116575394870156,-0.0029389255770479895,0.0026721035105744984,-0.004961894931729242,-0.0005909248785564302,0.04481227745525604,0.008838603393810813,-2.755992867198337e-05,0.001621393311560752,-0.0010231269816484557
0.8415154,0.85560083,0.787977,0.7722174,0.90833646,0.88,0.88,0.31600702,0.2809428,1.0,1.0,1.0,0.22779144,0.22779144,0.5244906,0.40439528,0.39579296,0.0007436662176152566,-1.6738263344015036e-05,0.00021940436828083522,0.001200914344734,-0.002870748160638793,-0.0008964364419896711,-0.0002621081294702908,-0.00048197455705054765,-0.009684937507369847,-0.0019411949230968093,0.00038777281736236886,-0.0006853402465600944,-0.03221901420474816,-0.00766556128272325,1.6011054761002793e-05,0.0024915069244893498,0.001616584924731942
0.9231587,0.9655172,0.42868227,0.42010862,0.42010862,0.88,0.88,0.7325584,0.7132097,0.93697226,1.0,1.0,0.5782781,0.86624116,0.6594905,0.6934863,0.59468186,-0.0003169542271214297,-0.0006516319483942927,-0.0010402657200656996,-0.003265585849071073,0.0035120960078960394,-0.0007221738399587215,-0.0009418703788093874,-0.0008983194271272558,0.011790027083329374,-0.0005663637549237825,0.0007626871167222118,-0.0007162920217613533,0.0062214619417753515,0.0022673779782998436,-0.0009317110477539547,-0.0019479331799845726,-9.324462497802527e-05
0.6870865,0.8528219,0.7443372,0.94,0.99229723,0.8841149,0.88,0.6573584,0.6358533,0.9169722,1.0,1.0,0.80927384,0.58101296,0.41324055,0.71166813,0.6746819,0.00013917421049279587,0.0002430393071582243,0.00036567415884181635,0.003107650217967322,-0.008330212153287641,-0.0005160393752849365,-0.0010773071571059324,0.002185636070078421,0.006941999261195486,0.0004168828540290408,0.0008389245181661898,-0.000494037367904719,0.03075305239291583,0.00528496613528394,0.00011378105552099844,-0.007670774618100024,-0.0031302834547141034
0.7365039,0.5689234,0.85766536,0.94,0.9235884,0.7522566,0.88,0.4581584,0.4025698,0.93697226,1.0,1.0,0.32640794,0.9501879,0.37824053,0.46712258,0.50690407,0.0006234837080385445,0.0024357210075369043,0.001602852314548836,0.001728246787003724,-0.005303763470454546,0.002076275541381319,-0.0010242277585913518,-5.316860094319809e-05,-0.0060282218181356385,-0.0015131133537425634,0.00035709603509482646,-0.0011010908746779554,-0.02326015446645391,0.00672099545708182,0.0014329662037651431,0.0005891086481821896,0.00015551049346117858
0.66430104,0.5264494,0.85472697,0.94,0.90392154,0.8199039,0.88,0.65750986,0.5553443,0.54207706,0.54207706,1.0,1.0,0.45027915,0.70449054,0.6753045,0.57245964,0.0006741464175698333,-0.00040076199113583196,0.0008838779836316987,0.0019210591968599183,-0.004027346639144338,-4.59941890276161e-05,-0.0009170862022302391,0.002704729600713558,0.0038652508864142694,0.004366677056071773,-0.00811318194259339,-0.0006729555871291444,0.04637339051693742,0.005910522464017553,-0.0003790543315655022,-0.0052640226165632156,-0.0008394859151531262
0.7302683,0.5140839,0.51981014,0.8857861,0.66832465,0.88,0.88,0.48255843,0.6162618,0.9169722,1.0,1.0,0.8196203,0.5205351,0.56449056,0.4189408,0.5046818,0.00041550062445033396,-0.0021011208654340245,-0.00016728529573575013,0.003438357445085663,0.000518152898364789,-0.000655889813140767,-0.0011404283961611696,0.00025264998981934484,0.007595661698162511,0.0004952569073824033,0.0008101011211076863,-0.0005117615981984263,0.02778873784192631,0.004019095718557661,-7.75291504214873e-06,0.0012758835169220128,0.000497369368381079
0.6900587,0.523739,0.93331337,0.94,0.9742972,0.36753723,0.88,0.258407,0.23406382,1.0,1.0,1.0,0.18978147,0.18978147,0.2607404,0.44530442,0.4380151,0.0009102426136477118,-0.0003202991233454587,-0.0003535556042038841,0.0012976010859263567,-0.004590061408536079,0.00880528088676029,-0.00031511211137629213,-0.0005501784038761736,-0.013503920074592873,-0.002351981962212791,6.530530646817759e-05,-0.0009467298310153715,-0.04002275131996687,-0.009799766989438342,0.0019331281895775632,0.001487343622295194,0.0012686797621565568
0.9030539,0.85880697,0.800329,0.96716094,0.8549716,0.88,0.88,0.67735845,0.86827946,0.93697226,1.0,1.0,0.70401037,0.70143,0.5544905,0.5053044,0.7213485,0.000722041115621844,-9.641153284176731e-05,0.00043701335621839016,0.003912593038100104,-0.004033193523422462,-0.00037306092753191134,-0.0003152463561240765,0.0013012506540974534,0.01447847083879887,0.0003886456889528181,0.0006409866578270926,-0.0006591578541066356,0.019701378037842623,0.003972939866227096,3.72117446570998e-05,0.0003654534746171844,-0.0022895288328182227
0.9101635,0.7892309,0.82946867,0.99229723,0.8859696,0.88,0.88,0.5048068,0.43137833,1.0,1.0,1.0,0.34976622,0.34976622,0.6894905,0.43984994,0.72357076,0.0004498644096946784,-8.400316670269385e-05,-0.00033609390532029457,0.001195521627535158,-0.0025857999175058284,-0.0006828083671119949,-0.00016165839474411976,-3.4973143226690874e-06,-0.0059794602150620765,-0.002067922612987115,0.0003501543517036032,-0.0009613924854834652,-0.027921340664974786,-0.007868020515112567,-0.0014729374261132273,0.0019616513779596224,-0.0033053277895120003
0.66400963,0.79577017,0.754412,0.96716094,0.663326,0.88,0.88,0.37280685,0.32678008,1.0,1.0,1.0,0.26495683,0.26495683,0.58699054,0.39166805,0.48801517,0.0006819046306027293,-0.00024353878573254645,-0.0002868143854805329,0.001828883835227525,0.00041470801878131023,-0.0014571802417189812,-0.000222861881947109,-0.0005405922828221423,-0.008991574536836557,-0.0030786843438674167,0.00029378105435632533,-0.0011171156180321063,-0.03490233362340343,-0.0061834312235042556,-0.0005408066347991646,0.0025967681204988424,0.0007214764968774906
0.9066087,0.7719958,0.7047054,0.6906113,0.94,0.88,0.7509752,0.45655853,0.74921334,0.9169722,1.0,1.0,0.6074703,0.7292372,0.5969905,0.33075896,0.5880152,0.00026943975747612615,-9.492478831187388e-05,0.0011289687133835698,0.0005670285919951772,-0.005038499797305858,-0.00036782028221971666,0.0017095832807197038,-9.690839513478504e-05,0.01210577046459731,0.0007818774166632677,0.0004439400153001139,-0.0007434089759685164,0.011286227049375484,0.004627053931881739,1.100287272476283e-06,0.0029017202733058593,-6.898522926629584e-05
0.9231587,0.9655172,0.5205018,0.5100918,0.5100918,0.88,0.88,0.84446144,0.7166906,0.57678866,1.0,0.57678866,0.58110046,1.0,0.7657405,0.85803175,0.80245966,0.0009773962257945271,-0.001312649652260776,-0.0008851310036098581,0.0002231434888684284,0.0015815745059693256,-0.0003564860171376753,-0.0012975538525564806,-0.0006261155181313135,0.008802955588322274,0.003417163943816797,0.0009199788045815696,0.009935953769268192,0.005683912450843807,-0.0013114367900572397,-0.0014265601507160222,-0.0016929059800876406,0.00022777437731040596
0.8249654,0.72212046,0.9278407,0.94,0.94,0.84678054,0.5140837,0.592407,0.505521,1.0,1.0,1.0,0.40988192,0.40988192,0.7657406,0.7280318,0.545793,0.0003682359985491127,0.00021049427263112173,0.00013285391964030428,0.0022497169605749682,-0.003742496648312205,-0.0008238137323955357,0.0015781213922033193,0.0001450718938631613,-0.002770003646121974,-0.0025431597366184135,0.0004210476210530445,-0.0007191303932023624,-0.021037588440552365,-0.007909046750870976,-0.0022154476131228114,-0.008322810735366148,0.00020541292126043654
0.78382313,0.8000316,0.71538633,0.96814126,0.7146003,0.88,0.88,0.5357585,0.67041284,0.93697226,1.0,1.0,0.7636704,0.5688544,0.43449056,0.3753045,0.73468184,0.0008651314799038401,-4.5430385949249004e-05,0.000319816761746355,0.0028010427423205693,-1.2716969294780875e-05,-0.000790991935319639,-0.0012143911710564125,0.0006640931714807784,0.008965846948292295,0.0002640007915792019,0.0006915124762528684,-0.0007915785362626365,0.02562074298367561,0.004601160336797582,0.000277267129600569,0.0026463367565464054,-0.0030366943354744407
0.86843854,0.7670435,0.716094,0.94,0.6996066,0.8199039,0.88,0.3575099,0.31770167,0.6584483,1.0,0.6584483,0.25759596,1.0,0.28824043,0.48075894,0.36468178,0.000701502429954078,0.0002795242732453967,0.000969818995666808,0.0014416724623621526,-0.00021919735514003467,0.00013129543739095301,-0.0013381355864900872,-0.000157713933097927,-0.011122841524612046,0.008059937135847609,0.0002721103542462289,0.0070917632818446345,-0.02814925539768934,0.004264505124605504,0.0026922491383039628,0.0003513442146210751,-0.0001941799127222199
0.26371837,0.5716596,0.81219167,0.9081062,0.9433281,0.88,0.88,0.4145585,0.6159182,0.9169722,1.0,1.0,0.6480164,0.63316464,0.2294904,0.4434862,0.74801517,-0.0035420272234489426,-0.0006491382177174035,-0.0005540445381596155,0.002215175050168846,-0.006900148638919675,-0.0007285418450345787,-0.0014363700222037401,-0.0011693566383514042,0.005546593189821041,0.00022260312630411353,0.0004905768336491202,-0.0006024242167515523,0.013514382446321083,0.0038609865894048776,0.001153232391551713,0.0017103735481730888,-0.004672970650541382
0.9219933,0.8170642,0.789141,0.81964123,0.94,0.88,0.7013654,0.46960685,0.40307233,1.0,1.0,1.0,0.3268154,0.3268154,0.5319905,0.5943954,0.6013486,0.0001571496977548003,0.00023729758513112435,0.00015135638930921855,0.0010744982455085663,-0.0035923661273915873,-0.0005891994961548671,0.0006905416999336996,3.0939168793848266e-05,-0.005881279933839685,-0.002474218761869743,1.8422479022445897e-05,-0.001280506971904507,-0.030919044232337663,-0.006938728348901342,-6.055627716501047e-05,-0.0031497159765522514,-0.0012269025433277725
0.8373779,0.8002667,0.6916461,0.94,0.825016,0.72358423,0.88,0.46055847,0.42168924,0.93697226,1.0,1.0,0.34191018,0.91492575,0.05074036,0.47803175,0.6613485,0.0007282880370075185,4.750787165465162e-05,0.0005583195006508286,0.0017294321703962524,-0.0033362792089734698,0.0028205028023896516,-0.0009551361400892045,-0.00024195088054950863,-0.006490375593432633,-0.0005754875778226545,0.0005168766348059151,-0.0006235377429739258,-0.021384679323205726,0.0075317285710322195,0.005797213147954634,0.000715493137657788,-8.990448040238626e-05
0.9231587,0.9655172,0.33080605,0.32418993,0.32418993,0.88,0.88,0.71375847,0.6958305,0.93697226,1.0,1.0,0.5641869,0.86351377,0.5244906,0.6198499,0.76245964,-0.00023982484046341002,-0.0003775378447321602,-0.0017505938442223868,-0.0038776257746545705,0.004600715522476642,-0.0006811751563737067,-0.0004979708025435453,-0.0007380453624943497,0.009575951740950758,-0.0007793890345674845,0.0005875241433548518,-0.0008592679455898777,0.0017272556797128403,0.0007783529549254531,0.00015263526553174184,-0.0010673961706690596,0.0006098806143488768
0.8912241,0.7618177,0.7279542,0.7133951,0.99229723,0.88,0.88,0.24720688,0.2207033,1.0,1.0,1.0,0.17894863,0.17894863,0.41949058,0.21348624,0.58801526,0.0005149769286083495,4.5414752487724566e-05,7.631172195976201e-05,0.0012105462780075316,-0.003979865205298572,-0.0009621590327311666,-0.00039757774325499014,-0.0007074117198323604,-0.011615970254519225,-0.0020397003509011564,0.00028366247909689416,-0.0006517609926301321,-0.03608747109261862,-0.008581147379971198,0.0007505782379772499,0.006594734556372127,-0.000928825777587998
0.6447789,0.87972546,0.77527285,0.81396896,0.94,0.88,0.85529643,0.19326156,0.1795207,0.19019449,0.19019449,1.0,1.0,0.14555733,0.26824045,0.05803169,0.22245958,0.000931035463678779,-0.00017781631347575725,0.00036360851262693896,0.00223519724034674,-0.008593554393202297,-0.0003230986053656485,-0.0008174609113863477,-0.0036878463117100625,-0.010883710990840836,0.006508973797585404,-0.015027769072710135,-0.0007324709981892962,0.04581075596652821,0.009351064325128403,0.0007253991955926576,0.011249881297897314,0.002602383248926935
0.66430104,0.5264494,0.85472697,0.94,0.90392154,0.8199039,0.88,0.63855845,0.7488985,0.93697226,1.0,1.0,0.8213752,0.5704146,0.56699055,0.6643954,0.57245964,0.0006520387358917356,-0.0026429361462847922,0.00012606555537780496,0.004099373493085228,-0.006233933054512462,9.251821199051675e-06,-0.0007388824977556394,0.0018322632466696266,0.011863149358204848,0.00029882596898120757,0.00039533921850559597,-0.00035632214034784,0.03165294469719042,0.005606502677439821,-0.0001908347396245013,-0.005244074071834605,-0.001101714489736648
0.713427,0.45055565,0.84301686,0.94,0.94,0.6880367,0.5832516,0.61095846,0.6934551,0.9169722,1.0,1.0,0.56226087,0.7870148,0.33699048,0.35348633,0.8202374,0.0006465270855362388,-0.0016320328682595325,0.001235571291590441,0.0036393084113673204,-0.0043444196427962715,0.001025147442894814,0.0042712247451211416,0.0007475016630730174,0.008127793095299934,0.0008944536557419101,0.0002139675142241965,-0.0006697158459640956,0.00626998776836662,0.008394249343697233,-0.000245576661644809,0.003952296089206302,-0.0045609744924871316
0.60987216,0.68910867,0.59757316,0.9742972,0.94,0.88,0.94859445,0.28655845,0.6594247,0.93697226,1.0,1.0,0.60054934,0.56605744,0.24074054,0.2053044,0.3746818,0.0003441446455330505,0.00013299255204331616,0.0005171765224601253,0.0036807436456806324,-0.007662137709332974,-0.0006338240615961433,-0.003135064515814916,-0.002061828739815399,0.009337747894924387,0.0004211719639598484,0.0005667812445470263,-0.00034910277683981915,0.008348345865815683,0.002871398049412407,0.0010565870091717962,0.005873826177094436,0.0020938591134977607
0.8829491,0.60060406,0.78137165,0.94,0.8902408,0.94859445,0.88,0.55095845,0.6293322,0.9169722,1.0,1.0,0.51026934,0.82434744,0.27949047,0.78803176,0.456904,0.0005466508955642413,0.0007039375846636002,0.0008677917947915157,0.0030184397702874917,-0.004743348167837865,-0.0029275951936190464,-0.0005025695540845238,0.0004954039027375861,0.007784026444021089,0.00032438180470180817,0.0005153171783152597,-0.0008146956680808437,-0.004235814480049618,0.009678005627296503,0.0021874865452675544,-0.00966203197133624,0.0015826155545946938
0.92228466,0.8341046,0.55443525,0.94,0.5969056,0.7275613,0.88,0.43886146,0.3847895,0.47723356,1.0,0.47723356,0.31199148,1.0,0.19699049,0.52621347,0.6280152,0.0014648417988960656,-0.0005696633323082369,-0.00012812588575803122,0.00030516610227600277,0.002008316821810312,0.000887182624965501,-0.0017496706178315037,0.00019156336708167146,-0.00367688735046028,0.0035553555656356334,0.0004279325477956369,0.010194470953807655,-0.019664668856009145,-0.0025867794196723724,0.003119441859899806,-0.0008676902914315636,-0.0006318646155327086
0.8645924,0.85869503,0.7176213,0.7834645,0.99229723,0.88,0.88,0.6153584,0.71793866,0.9169722,1.0,1.0,0.58211243,0.8013386,0.5894905,0.5289408,0.6624596,0.0013846595945063728,-0.0006507457450421832,0.0013336837130388257,0.0016552962130343969,-0.005162203875718059,-0.0010304145582071458,-0.0008486175883057372,0.0007253229377049663,0.011292659486967935,0.0008261986522143309,0.000702077683128608,-0.0007407247739801587,0.007977849501213004,0.004519481605237911,-0.0003801170017511138,-0.0008975501417116663,-0.0007323002242475992
0.032657824,0.48557875,0.8248791,0.94,0.878108,0.32327133,0.88,0.31855842,0.6455431,0.9169722,1.0,1.0,0.68402904,0.53299874,0.41199058,0.38621348,0.38912624,-0.0044775918731868765,-0.00018671389105789555,-0.00035154028279215646,0.0016732892177432155,-0.004616262707723555,0.004578698076984236,-0.001207684214429375,-0.0035425427694815172,0.005792598805506597,0.0002877455576164866,0.0004929264781037725,-0.0003678462637860677,0.015585374386395625,0.0035379053206943695,9.944319813998183e-05,0.0028493370281979587,0.003324215467034278
0.6906414,0.8088155,0.9347385,0.93248975,0.79608583,0.88,0.88,0.45000693,0.38902104,1.0,1.0,1.0,0.31542248,0.31542248,0.78574055,0.5534863,0.34690413,0.0006167233264260049,-0.000192476690860344,-0.000837260124808267,0.0019280344936736275,-0.002590443418325929,-0.0009932364692862628,-0.000292659382392011,-5.8629447978799724e-05,-0.009438487291590459,-0.0030345645949879287,-4.3123633376879185e-06,-0.000979288789590792,-0.03336693025190963,-0.008249125761224886,-0.0018166089208110341,-0.0013046302304772527,0.0031255974038006617
0.7678558,0.5306856,0.71263474,0.94,0.698382,0.3755953,0.88,0.66720694,0.5660345,1.0,1.0,1.0,0.45894688,0.45894688,0.74824053,0.65894085,0.7891263,0.0006691514093620149,-0.0013945627944750817,-0.00019001829493111807,0.0016556110547835848,-0.0012950115117991185,0.01029650674501308,-0.0001442893675367216,0.0019445382530016266,0.0028216702777736392,-0.0015199159755728397,0.00027577413272387194,-0.0009049991023956333,-0.014744543255303055,-0.0027355618339669273,-0.0018442149541508502,-0.005981739473607777,-0.007105493570627865
0.37111932,0.55864865,0.8286161,0.94,0.82775754,0.5787676,0.88,0.30120698,0.26773125,1.0,1.0,1.0,0.2170794,0.2170794,0.5744905,0.33803168,0.48690403,0.0014649366983576365,-0.0010216644959781353,-0.0008710324805409644,0.001981080370663805,-0.0031820187759012434,0.005899907115801734,-0.0003282466463904412,-0.0007070841224491883,-0.012628204478463434,-0.0026127384770356587,0.0002441882296884293,-0.0006153133811936539,-0.04237301236360482,-0.008365856511173251,-0.0002434509576886845,0.004577363252934166,0.0005904812079496958
0.7906414,0.5969897,0.9091034,0.8909213,0.9742972,0.88,0.88,0.50760686,0.43893003,1.0,1.0,1.0,0.35588923,0.35588923,0.59824055,0.69075906,0.5335708,0.00047588211497413504,0.00018983633820188108,1.7150896858215102e-06,0.0008733636889041759,-0.004284920237188092,-0.0007437376860567799,-0.0002583172985302673,-4.0691731256803015e-05,-0.004631420742200226,-0.0028368427383612537,0.00020160156596895823,-0.0015402483250303656,-0.02734444703961751,-0.006770037497285161,-0.00023707796967221387,-0.005111621079998122,6.674367173659181e-05
0.8373779,0.8087463,0.92723864,0.94,0.8116441,0.9343218,0.88,0.6771099,0.57757884,0.6330234,1.0,0.6330234,0.4683072,1.0,0.89074045,0.68621355,0.346904,0.0013422429507334505,-0.0006370129328677887,0.0030461043088040574,0.0012217438332329683,-0.001995252972650125,-0.0007876033201423055,-0.0014996812606438248,0.001094602355638457,0.003380739466641564,0.003799967576818049,0.0014963213453664042,0.009035884002972392,-0.007437372616122718,-0.003058723602867564,-0.0019265008065960177,-0.0023421147857296282,0.00012832288615024495
0.9231587,0.9655172,0.34499073,0.33809093,0.33809093,0.88,0.88,0.7253584,0.86172444,0.93697226,1.0,1.0,0.763233,0.67571896,0.78574055,0.47803167,0.67245966,-0.00026032808113539836,0.0008672589616486251,-0.0010257057502815262,-0.006190924020352312,0.005368364283130548,-0.0008450845885306568,-0.0004291068838900827,-0.0004794072359536134,0.017129458928757207,0.00044816239416197806,0.0006040102345698567,-0.0006603589979124111,0.0285929134557931,0.003620941625749135,-0.001135710273973964,6.275538769357011e-05,-0.001208918495180495
0.84920776,0.85869503,0.6993713,0.68538386,0.94,0.88,0.75608623,0.6313585,0.7690641,0.93697226,1.0,1.0,0.7671756,0.60151535,0.6357405,0.39894077,0.5780152,0.00025782451925531337,0.00024960126084831664,0.0002505149835400711,-0.00046654841211865973,-0.00618029383579983,-0.00011165339052802509,0.001026241902817262,6.114678387766239e-05,0.011711577475251773,0.0003537391532348087,0.0006289761389115437,-0.0007522865364433262,0.02208063885352421,0.0035547770300914713,0.00013370418017246772,0.0018487054150231003,8.534884808871141e-05
0.8069,0.8341046,0.56291676,0.9742972,0.84154665,0.88,0.88,0.22320694,0.20209855,1.0,1.0,1.0,0.16386369,0.16386369,0.24824047,0.43621358,0.44023737,0.0007145132234482729,7.962071154860008e-05,0.0005260907876460888,0.0019187652937327341,-0.0026605624539349838,-0.0006653066429505613,-0.00019923297025891432,-0.0011878413766068217,-0.012343898917273928,-0.002054681660598281,8.556614766811183e-05,-0.0006562156064916568,-0.03744251761307461,-0.007852718279021044,0.002074370848639092,0.0016360538182993573,0.0013437502881863245
0.8992078,0.8341046,0.7379343,0.94,0.71178365,0.7275613,0.88,0.3817585,0.3533807,0.93697226,1.0,1.0,0.2865249,0.9298423,0.41449052,0.45803174,0.11023744,0.0007110424040350446,-0.0002897338218554584,0.001288867691693163,0.003968765974327845,-0.0009027825597075727,0.0018216082822737096,-0.0009252417645469415,3.788735797305426e-05,-0.010413207259455723,-0.0008137630244765468,0.0010128328861215802,-0.0005065828844723269,-0.030807296882461876,-0.0007915105395973659,0.0010110026548113384,0.00033115181174873313,-0.002981831233808511
0.9181472,0.82724696,0.72450596,0.8899269,0.94,0.88,0.6527804,0.4644615,0.40103832,0.39593345,0.39593345,1.0,1.0,0.3251662,0.5757405,0.45166805,0.24912623,-0.001090970184159796,0.00021627085248535842,0.0010577585626459687,0.0025854785605953345,-0.006306375527242478,-0.0005614505534921807,0.0028507733349169362,0.0005138006584786306,-0.00265723511464606,0.0017327477804027322,-0.012287497832901435,-0.0007939388721102881,0.049999135055316196,0.008421822800985405,-0.0001989794382173082,0.0011600481833987774,0.002871720971513975
0.2554434,0.433635,0.8412255,0.94,0.9742972,0.81621236,0.88,0.17295852,0.1633724,0.9169722,1.0,0.9169722,0.13246411,1.0,0.12449038,0.34439528,0.3080152,-0.005331868739728578,0.003221314298044669,0.0008648164238026618,0.0007696795345193516,-0.0064531057381268745,0.0004932382102840839,-0.0018908558429652095,-0.001558019800063621,-0.01862766135410585,-0.001058619218091058,0.000368578970550415,0.0007344141017683026,-0.04033428542435105,0.003309221283516951,0.001735527399924536,0.0019430214219704539,0.00016641695953647316
0.75305396,0.80322796,0.6632834,0.65001774,0.94,0.88,0.6917444,0.5067098,0.4387018,0.54207706,1.0,0.54207706,0.3557042,1.0,0.54574054,0.46894082,0.3080152,0.0011066007183487961,0.00010124522825841526,0.0016074971920812808,0.0012923606234778462,-0.005294404448897894,-0.0005270746194694906,0.0035775482145395283,-6.203694375993769e-05,-0.0032395535519644165,0.011002281770776272,0.00045056436376956555,0.013018617016843603,-0.012276154502985718,-0.00014856930501928309,-0.00010310344928001322,-2.7105877047482568e-05,-0.0018957497374197157
0.5439049,0.81714875,0.89602864,0.94,0.94,0.77157223,0.7973995,0.6753584,0.6746198,0.9169722,1.0,1.0,0.546989,0.8451256,0.46949053,0.63075906,0.70023745,-0.001789806721597933,-0.0004991522146628318,0.0017198492269433765,0.0008122477852980742,-0.004503671693090088,0.0012086779818796893,0.000969479966331755,0.0018590657198918358,0.007965690357943618,0.000404904034482887,0.0012214418828707324,-0.00044631306286919693,0.0012565750923340785,0.002827598726007418,0.0001711765047775312,-0.0026482637471808303,-0.001119633406689017
0.81843853,0.85880697,0.7525832,0.86768097,0.96716094,0.88,0.88,0.44575852,0.3840617,0.93697226,1.0,0.93697226,0.31140137,1.0,0.69199055,0.45984986,0.42134845,0.0006336073090208988,-0.00036346472219018035,0.0016512060341013265,0.002993456965026491,-0.00829122456024588,-0.000530300686257567,-0.0008980799162854692,0.00018642832334914052,-0.009142639536273848,-0.000595802409811817,0.0004656726232631073,0.0012449942921262515,-0.02889508671979928,0.0030966608557734974,-0.001218388597685089,0.0008222447012678197,-0.000582292684352464
0.806026,0.14510055,0.6482276,0.9420575,0.64358175,0.88,0.88,0.36855835,0.6280121,0.9169722,1.0,1.0,0.6824676,0.5703151,0.2607404,0.5280317,0.41134855,0.0004479687824191611,-0.0075698285935621445,0.0003433842928646322,0.005866555535431606,-0.0011602133148004429,-0.0009485892448931073,-0.0005620367395470713,-0.0004564755527644145,0.008785241743099123,0.0005533791144686193,0.00035970985322645384,-0.0003099833258493408,0.01853598746767874,0.0041150881095872,0.0007436471396221867,-0.0010774862682198544,0.0034035123448631134
0.57583946,0.7205859,0.66728294,0.9742972,0.72751796,0.88,0.88,0.31190994,0.2782893,0.54207706,0.54207706,1.0,1.0,0.22563995,0.19949043,0.361668,0.5446818,0.0002367048425005236,-0.00038752380322810894,0.000325476486159955,0.0014444258318610055,-0.0016338663530832184,-0.0006250665722232203,-0.0011047326308285797,-0.0016664879613813922,-0.008603760605610362,0.0057739648252994775,-0.008328649551183292,-0.0006742531262465134,0.05104852803326069,0.009653468447455862,0.0012990566349565772,0.00415990657078399,-0.00030861970147462995
0.85690004,0.62760824,0.67473644,0.6612417,0.99229723,0.88,0.88,0.65255845,0.5646145,0.9169722,1.0,1.0,0.92935586,0.45370936,0.7657405,0.67712265,0.39134842,0.0001251799423751932,-0.0012693108799975157,0.0007401782468777709,-0.0015141064578835723,-0.008500513127329034,-0.0006520754360483122,-0.0005372582353881924,-0.0008333252433054938,0.004091785726509605,0.000286970987582474,0.000359297274622435,-0.000496538037980027,0.040732566751640074,0.0035634316413100135,0.0005537031309945699,-0.003981232640703098,0.0012409765395539854
0.8524712,0.8528219,0.48805845,0.94,0.47829726,0.7492734,0.88,0.645607,0.5539279,1.0,1.0,1.0,0.4491307,0.4491307,0.7944905,0.8280318,0.545793,0.00012492865559362177,0.00012977958444691006,0.000616371644031493,0.0017040156040141832,0.003945004658783027,0.0027752133458204833,-0.00012202341044067265,0.0013329681575761044,-6.968818760051427e-05,-0.0024784428881493166,0.00047538729420703446,-0.0009201340142065118,-0.016640986259212606,-0.004877723515218206,-0.0028299704115367554,-0.013575316039358479,-3.7457711720826e-05
0.8211193,0.84414625,0.7958593,0.94,0.94,0.8986786,0.8836999,0.4520069,0.389764,1.0,1.0,1.0,0.31602487,0.31602487,0.4632405,0.5634863,0.61801517,0.0004992613630324525,0.0001025237693016777,-0.0002797590582980211,0.0004592756752660517,-0.0031786343136056914,-0.001290018001260705,-0.0003788633350721019,-0.00016040402453924222,-0.006877718216952913,-0.0020153996273127367,-1.1721054650729971e-05,-0.0004331748860158613,-0.0305789466415811,-0.007156789706327284,0.0005466434063890192,-0.0018454702562547645,-0.0010307371950061136
0.64005876,0.6008999,0.8446504,0.94,0.94,0.7078924,0.45704383,0.57255846,0.4750338,0.9169722,1.0,1.0,0.9141007,0.4284223,0.5157405,0.4980317,0.69023746,0.0022292754900562687,-0.0024078669832084346,-0.0004940052217720236,0.004002360255366265,-0.005160374059917222,0.002174262657326985,0.0011504479126258622,0.0007394875619787527,0.0004245847230464284,0.0007260021597571847,0.00014175349239676921,-0.0007813868717356964,0.041204318653798075,0.0022211375970553724,0.00019352804290932176,0.00029474311671128027,-0.004590120051053948
0.8373779,0.8087463,0.92723864,0.94,0.8116441,0.9343218,0.88,0.585207,0.50093514,1.0,1.0,1.0,0.40616363,0.40616363,0.89074045,0.68621355,0.466904,0.0003416149326681708,-1.5664016151839804e-06,0.00018597478017985002,0.0013537123066495937,-0.00129726305324178,-0.0024387322892948254,-0.00048683314772312393,0.000555972859273599,-0.0019372957580406475,-0.0023501461785514245,0.00010450480565716277,-0.0006455651749131963,-0.023739733555583665,-0.004293530276806279,-0.0030984451763918486,-0.006102209346746283,0.0009173022906505284
0.86727315,0.6365083,0.77291626,0.99229723,0.74741954,0.88,0.88,0.5109585,0.4828942,0.9169722,1.0,1.0,0.9534251,0.42155477,0.48824054,0.6571227,0.4291262,3.592346562238332e-05,-0.001742266616067615,0.0005965802314176014,0.005692720905234468,-0.0016872966642007836,-0.0007558524639651865,-0.0005510990911872761,0.00035145968035552635,0.0008800993631008833,0.0006344321675265312,0.0002007894779166183,-0.00035400153365955145,0.04791913435913374,0.002820136179878677,0.0001112202062322126,-0.00563128754385621,0.0032336871028404764
0.9231587,0.9655172,0.13319853,0.13053456,0.13053456,0.88,0.88,0.53735846,0.6298021,0.9169722,1.0,1.0,0.8319032,0.5322344,0.4607405,0.6153045,0.5391263,-0.0008363204372061037,0.002238792309028858,-0.0018501051513843125,-0.014597596235132116,0.014102270890169171,-0.0006298572389993207,0.00019065208562850519,-7.129154026406262e-05,0.0077263316217321834,0.0001179901184868984,0.0005279495333303853,-0.0006457383114855794,0.034971123716506305,0.005291101961957499,0.0008089610905984263,-0.002785459091859253,-0.00014944720682118884
0.4933222,0.5319987,0.9687136,0.9493393,0.9742972,0.88,0.88,0.43015838,0.37267408,0.93697226,0.93697226,1.0,1.0,0.30216816,0.70949054,0.31803176,0.44579294,0.00012159885597641022,-0.002809677101159103,0.0007435139180908978,0.004224052048360013,-0.008074128545287168,-0.0011966151404111103,-0.00031654204847460704,0.00011863955299305121,-0.005978904272235004,-4.135935430861345e-05,0.0004340722222102767,-0.00033710703954215466,0.04772605320095237,0.0035151057632953797,-0.0009107198911711054,0.00464047007939208,0.0018194709890070066
0.90690005,0.9816195,0.260924,0.94,0.25570554,0.8986786,0.88,0.6313585,0.54314166,0.9169722,1.0,1.0,0.44038513,0.92111,0.63699055,0.4071226,0.65912634,-0.00017346160180762356,-0.0012738084634727942,-0.0015948541463251511,0.004062440557821918,0.00832371064022756,-0.001067044518795909,-0.0011961625813998557,-0.00036870934986224784,0.0014875413435051557,0.0004427386517802228,0.0006136246498837225,-0.00011133526975359228,-0.011779230751494986,-0.004053742517748108,-0.0010570469203097983,0.000734479463609643,8.362383019555473e-05
0.6675645,0.81766593,0.8728752,0.94,0.9420575,0.88044995,0.88,0.51255846,0.6531262,0.93697226,1.0,1.0,0.52956176,0.79834247,0.6157405,0.5098499,0.4480152,9.230614512212365e-05,-0.0004992973464053197,0.0017146834556568313,0.002677132309074971,-0.006325107557011406,-0.0009163719473626865,-0.0013330805182534139,0.00015098109761229884,0.009332215932212834,0.00018381089765022018,0.0012443470961964386,-0.0005503249453193734,0.002702355608479627,0.0020279864449489343,-0.0005114374363706367,-0.0006454524559488027,0.0003318645583553916
0.6450702,0.79244673,0.754594,0.94,0.7813604,0.6792382,0.88,0.53415847,0.6908851,0.9169722,1.0,1.0,0.56017715,0.7679787,0.32449055,0.4798499,0.6746819,-0.0001238481842040688,0.00011885556197726723,6.642776680318958e-05,0.000833356861530384,-0.001347163057821737,0.0027398463225859876,-0.0012266025036541735,0.0008237132113305657,0.008667803663594672,0.0004704734551176771,0.001188636646278945,-0.0004944878651323639,0.0026815715558409703,0.0038362416959071455,0.0014204926667359566,0.0003274581298048464,-0.0022322739214887546
0.7959442,0.630085,0.60966146,0.74365777,0.74581176,0.88,0.88,0.42791,0.37276515,0.7603034,1.0,0.7603034,0.302242,1.0,0.3644904,0.45439538,0.57912636,0.0010161626194636452,0.0016457683040487264,0.0008778248999599843,0.002637949620180616,-0.0004510580300508372,-0.0010930019914179461,-0.0007785205207878537,0.0005783119021593193,-0.008182600384212965,0.005323173998646775,0.0006742432513819773,0.004837322263414976,-0.020701699784710658,0.005482197395985281,0.0015153095176509987,-4.250834435197595e-05,-0.00017970253264612833
0.7832404,0.4950851,0.8307466,0.9476599,0.69383574,0.88,0.88,0.6053585,0.646391,0.9169722,1.0,1.0,0.5241008,0.87066287,0.69199055,0.5262136,0.56579304,0.0009839485333034725,0.001799842853133056,0.0017328920253507423,0.0021853155155248088,0.0006166848830125989,-0.0008075286839276874,-0.0015332498783221969,0.00047680609630549285,0.00814439779513642,0.0008998005186023305,0.000579185788420501,-0.0006246511200299232,0.0013409494645666104,0.004914289876918771,-0.00016542546829272813,-0.0005788015310384215,-0.0002846549006289408
0.9231587,0.9655172,0.09372453,0.091850035,0.091850035,0.88,0.88,0.5073584,0.76890266,0.93697226,1.0,1.0,0.6234346,0.6673249,0.5844905,0.5125771,0.32134852,-0.0017336701320268626,8.622826675954879e-05,-0.004147851521648849,-0.01593683130071863,0.01363420331759161,-0.0009957131781776498,-0.00019312063544731496,-0.0002161118494899801,0.017771850761266833,-0.0008688244100348877,0.0005694738822945282,-0.0006994690307881466,0.012680249804891686,0.0010953544945918369,-0.0005492593744372927,-0.0002516124950869546,-0.001451194126858107
0.9231587,0.9655172,0.13680868,0.13407251,0.13407251,0.88,0.88,0.48911002,0.42278287,0.9169722,0.9169722,0.93697226,1.0,1.0,0.36199057,0.5053044,0.6446819,0.00043905311902995485,0.0016890273976841168,-0.0010475660916045566,-0.0069715871025550595,0.010737095292728758,-0.0010821678723073396,-0.0006684490629235334,-0.0006399564996284554,-0.0009287570225382567,0.0005541755927068335,-7.590259124850128e-05,0.0008201739003182526,0.04135802278711601,-0.010968298541544973,0.002288948535607752,0.00022637337153726472,0.0011402174183998983
0.8296856,0.7923583,0.6590259,0.9420575,0.6473567,0.88,0.88,0.39366135,0.3472725,0.34822258,1.0,0.34822258,0.28157228,1.0,0.31449044,0.3953044,0.32690397,0.0006918552597168409,-0.00025085837784059346,0.00042195237571494057,0.0012388597910813152,0.0007699725842914823,-0.00023262136915760894,-0.0020899608224273884,-0.00024583539100267926,-0.006273816990229175,0.004438149342994889,0.00032039132324874835,0.014522611578450272,-0.017009289913336514,-0.002884831140395248,0.0014627325088048557,0.00019680571152532914,0.0002659455000633075
0.81074625,0.84906244,0.5357838,0.94,0.5910868,0.8199039,0.88,0.37360686,0.32944286,1.0,1.0,1.0,0.26711583,0.26711583,0.38574058,0.47257718,0.57579297,0.00031012598899928846,7.794033281965205e-05,0.00044885715834379634,0.002553866215732324,0.0004379290723197654,0.0005790580675315226,-0.0001427074909550576,-0.00048480423857532955,-0.009977938255315675,-0.002707151560882084,0.0002244031459275953,-0.0007531600117386883,-0.035034224975390056,-0.006190322440037803,0.0012723540476931444,0.0006709366978997524,-0.0004944331885558951
0.5095809,0.6892182,0.8412255,0.94,0.99229723,0.8350971,0.88,0.481607,0.41504157,1.0,1.0,1.0,0.3365202,0.3365202,0.38449055,0.66075903,0.6713485,0.0003823112013980004,-0.00030352209610148427,-0.00046359995187381857,0.0013411840188164287,-0.0045386005479696985,0.00013274824281659357,-0.000760261096214775,-0.0001468406266984047,-0.006510512022702995,-0.0026025718379469494,7.350982246608073e-06,-0.00116828902418172,-0.027786367471358764,-0.008904217312484253,0.001112782379785173,-0.005091532448768052,-0.001418488150147319
0.9231587,0.9655172,0.45719135,0.44804752,0.44804752,0.88,0.88,0.8029584,0.79752517,0.93697226,1.0,1.0,0.646642,0.8462018,0.69199055,0.7562136,0.69801515,-0.00010551002496397632,0.00035506815320087386,-0.00034291265736835773,-0.0020707153900291976,0.002680316670179333,-0.0006656804029527446,-0.0005646309545752354,-0.0006559497357121011,0.014206325128997215,0.0003809458876848254,0.0010459271946473962,-0.0003670406135601295,0.01339795554781584,0.002063592028603956,-0.001174571267675724,-0.003232161216872491,-0.00041697040991541077
0.85690004,0.62760824,0.67473644,0.6612417,0.99229723,0.88,0.88,0.5829585,0.85701525,0.93697226,1.0,1.0,0.7440852,0.61136115,0.66074055,0.6243954,0.39134842,0.00039443652422296345,-0.0010142287306996178,0.00035112706440347996,-0.0004177164859268483,-0.00864408707138661,-0.0002856258483264428,-0.0008004495253772309,-0.0001667298610982989,0.014256039092362983,0.00039070271798995594,0.00034904935734580896,-0.0003298702081486615,0.01904616431071263,0.0024791828875389693,0.0006784442004464327,-0.0027211343948320755,0.0014930794274407118
0.9231587,0.9655172,0.40431088,0.39622465,0.39622465,0.88,0.88,0.8053585,0.76653486,0.9169722,1.0,1.0,0.84641445,0.67154354,0.6269905,0.8689409,0.7480152,-0.0006620601664941733,0.0021219301351443954,0.00031676441097793536,-0.0036168567316278138,0.003889848895428134,-0.0006304756911119526,1.1781895591264011e-05,0.0006844526349387188,0.00988067747847668,0.0005820680739794802,0.0005339220867613489,-0.000436795278189858,0.02666380623096505,0.0043648954401743325,-0.0005873239493554394,-0.00803696170569469,-0.002593284545178778
0.9231587,0.9655172,0.27182853,0.26639196,0.26639196,0.88,0.88,0.60615844,0.58888555,0.9169722,1.0,1.0,0.92111,0.48973617,0.6082405,0.61075896,0.58690405,-0.0006226172256022079,0.002493508287366718,-0.0008151987044671678,-0.009492421358424985,0.008884647044298016,-0.0008087510443475335,3.835716245650895e-05,-0.0004692815801160901,0.005960417163914922,0.0008318460223059994,0.0004953929693501138,-0.0003594694553914955,0.042312752874575386,0.0049004513808411105,-0.0005717446008278098,-0.003031881745315566,-6.759849731288612e-05
0.90690005,0.9816195,0.34884447,0.94,0.34186757,0.8986786,0.88,0.63175845,0.5489161,0.93697226,1.0,1.0,0.9357586,0.4450671,0.6919905,0.61985,0.4502374,-0.000607963475863177,0.0009942524033986345,-0.00047953819664906666,0.0027567981966483235,0.0058801433689566,-0.001162853332464361,-0.0006303105456663475,0.0004164688972751707,0.0047145678501813535,0.00045127671285547205,0.00044675238788573213,-0.0006800868712749636,0.04614735550315549,0.008871930200987959,-0.0009411342701977596,-0.003225429282941341,0.0015024867482834408
0.9231587,0.9655172,0.104408346,0.10232018,0.10232018,0.88,0.88,0.49855843,0.47045112,0.9169722,1.0,1.0,0.38144687,0.98878,0.46949053,0.5898499,0.49468178,-0.0012493281154889622,-0.0007483567006628708,-0.0050284401862766325,-0.013614880941251978,0.009997315752874898,-0.0007308657677733679,-0.0005823012387878867,-6.163041506456416e-06,-0.002250155428527576,0.0004061471217574943,0.00021025719056342384,-0.00043478450993296946,-0.01605213322345287,-0.000272619093105493,0.0007762569053196834,-0.0007013184579138319,-0.0007800690071816202
0.78737795,0.77555186,0.6917388,0.96716094,0.94,0.88,0.6596402,0.30760688,0.2702164,1.0,1.0,1.0,0.21909438,0.21909438,0.42824048,0.7116681,0.17801517,0.0007460225372829315,0.00012054484239423189,3.358742319093184e-05,0.0019076011064986956,-0.004593820491670983,-0.0007418667955217822,0.0007448580915692248,-0.0006527046608319248,-0.01171492937940378,-0.0024594836198506376,-1.2226168726489004e-05,-0.0007721725169059313,-0.03812522098391123,-0.00832041255239835,0.0007478813951589467,-0.004720695484138725,0.0034739722177357596
0.8557347,0.87690103,0.875344,0.9742972,0.94,0.88,0.81621236,0.40335846,0.49974138,0.93697226,1.0,1.0,0.4051957,0.83730525,0.6044905,0.29984996,0.346904,0.0012233969175454403,-0.0015961364240077614,0.0031814276220736414,0.0046560580919832876,-0.007450885390454866,-0.0007612820638539411,0.0003928732347441918,0.0005796432290207245,-0.00028231543917628914,-0.0007384827736044119,0.0005488392579782722,-0.0009973768046051274,-0.017088442166645765,0.00029622515059581094,-8.603322386190142e-05,0.002753835685320748,-0.001362840573019837
0.8829491,0.60060406,0.78137165,0.94,0.8902408,0.94859445,0.88,0.5629585,0.49934512,0.9169722,1.0,1.0,0.91904813,0.41454846,0.27949047,0.78803176,0.30801508,-4.099308472645287e-06,-0.0023820893929540534,0.0006608612137651946,0.005227878743800148,-0.006517034632875358,-0.002113240052131454,-0.00042568182798417517,9.70504727151267e-05,0.0008098218558958509,0.000664650805629485,0.0002008260873130071,-0.00037376644661230046,0.04729564917471686,0.0010656699335129867,-8.856329023579326e-05,-0.011547423316589844,0.004648298171324824
0.6255481,0.7344889,0.88054985,0.94,0.8939058,0.61200714,0.88,0.60071,0.5144432,0.6756142,1.0,0.6756142,0.4171161,1.0,0.5232405,0.5243954,0.7369041,-0.0005222463820128313,0.0008502753759382849,0.0013469195952225605,-0.0007949537926169605,-0.002072233625180947,0.002157123831245566,-0.0017317380350183572,0.0011698852640245453,0.001424630319542677,0.0032620487702879498,0.0004859253213875958,0.0067596200971392194,-0.009775685468453463,0.0005749467099897676,-8.757662421451508e-05,-0.0004719178755210621,-0.0015388640484599266
0.86313564,0.5232055,0.95152014,0.94,0.94,0.8350971,0.8166729,0.6645584,0.56786436,0.9169722,0.9169722,1.0,1.0,0.4604306,0.72324055,0.7025772,0.6435707,0.0002738271569932447,-0.002934743231666808,-0.0005234797496770411,0.0029795805027950256,-0.005011142969376118,0.000439518380102755,0.0002670098665048915,0.0017917111692539438,0.005851017981810885,0.0008718352092957995,0.0009276469127290135,-0.000784932910383232,0.05597670113330012,0.0033771813975228197,-0.0009592290837080019,-0.008414132886514148,-0.0033265069289000653
0.70602596,0.7306042,0.8040881,0.94,0.723968,0.67118216,0.88,0.6301585,0.60124576,0.9169722,1.0,1.0,0.48749655,0.90420765,0.6307405,0.52984995,0.60690415,0.0002501329339475098,0.0005434398718781468,0.001431453024374192,0.0009908971220503114,-0.00035747877868911844,0.002283195172021402,-0.001489963211511599,0.0010386357131237766,0.004788020130471599,0.000540459863006416,0.0010447833217936868,-0.0006855149562160401,-0.00474263076767727,0.0007948831415914328,-0.0007720783192304125,-0.000529622459553881,-0.00026536152127813224
0.7178558,0.7384865,0.75337887,0.7383113,0.94,0.88,0.6166444,0.34135857,0.29772037,0.93697226,0.93697226,1.0,1.0,0.24139489,0.6369905,0.32166803,0.43245962,0.0011870619790152958,-0.00020261865738060983,0.0002904805424068421,0.0023187018588068926,-0.007433998691813121,-0.001009911347601678,0.0021424268471782115,0.0003891718066476858,-0.00960188460720414,2.4079992222563333e-05,0.0015516454403159802,-0.00023774445245845,0.06120342806656427,0.0014884692209877087,-0.001390895592016438,0.005472358724118771,0.001564996575637071
0.9231587,0.9655172,0.20455724,0.2004661,0.2004661,0.88,0.88,0.6001584,0.5413617,0.9169722,1.0,1.0,0.8109959,0.5560055,0.34699047,0.48894083,0.7735708,-0.000541725675787,0.0027100614401317125,-0.0007652378360075999,-0.010420184921500661,0.011489972327525461,-0.0007454182170552697,-0.00024336059161133598,-0.0006614361349251348,0.0038547710896345184,0.0009917548313098015,0.0005291437950875839,-0.0003411899060050896,0.03227292704434203,0.0033923141382665857,0.0020069498719853594,0.0007263240525325095,0.0004427652481554124
0.756026,0.9339215,0.7302092,0.94,0.94,0.8433489,0.75249696,0.3465584,0.36640933,0.93697226,1.0,1.0,0.9504086,0.27068406,0.46949053,0.21530437,0.4791263,0.0005723836734149255,0.0017420889394699106,0.0005280840611379717,0.002856618566050765,-0.005405432375135681,-0.0004019929923231167,0.0018980651272187648,-0.00019191007750391339,-0.005484862148111492,0.0006029741744526007,0.0007977347559208125,-0.0002928944026717059,0.05060275207789098,0.005910448910885304,0.0005056209597590597,0.008164000993945049,0.0014326138267543615
0.8832404,0.46419144,0.7119639,0.96716094,0.57748395,0.88,0.88,0.5465584,0.7534966,0.93697226,1.0,1.0,0.6109432,0.74317884,0.58699054,0.5453045,0.406904,0.0007277490602756869,-3.65302188950249e-05,0.0005907904105954062,0.0039554720047112225,0.0008915200577132359,-0.0001880051004228911,-0.000873582738105392,0.00010239177878374053,0.010520710943731486,0.00019961233327001258,0.0006617502731242137,-0.0008430203226761323,0.0067414450929543165,0.0024960563535679973,6.52452656100362e-05,-0.0003209148542617844,0.001702001034256956
0.72554815,0.85539395,0.71418405,0.94,0.8531271,0.98459446,0.88,0.32760698,0.289313,1.0,1.0,1.0,0.2345781,0.2345781,0.14699042,0.31984988,0.84134847,0.0005122627557878084,0.00014484642125113146,-9.12221559851185e-05,0.0008020613102543592,-0.0019059745168521225,-0.0026579162888280845,-0.00040519964851606726,-6.131085974976566e-05,-0.009588670992351903,-0.0024983717108563097,0.0002552342925599824,-0.00103496152333976,-0.027503338003321266,-0.00891218196716955,0.0029134010975056975,0.004490642968858424,-0.003248790683971246
0.9231587,0.9655172,0.13712776,0.1343852,0.1343852,0.88,0.88,0.4145584,0.49521095,0.93697226,1.0,1.0,0.7789274,0.49229014,0.19699049,0.39439532,0.6613486,-0.0002798179537625108,0.0022564949553776064,-0.001686717147123979,-0.012301667604716888,0.013667974671804806,-0.0011581038780890402,-0.00038148046250747385,0.00016693742671861932,-0.0008158082045479834,-0.0010191142467273213,0.0007299753673342744,-0.0009107865712415237,0.028513841442935117,0.00443096825331593,0.004033085633470959,0.0023839456530078402,0.000974713933135005
0.8175645,0.5717941,0.9157526,0.94628835,0.94,0.88,0.42328116,0.35360688,0.30954182,1.0,1.0,1.0,0.25097984,0.25097984,0.6069906,0.5289408,0.266904,0.0005276394972794971,0.00032747832546919166,0.0005540707202036653,0.0028005947191324272,-0.004065820489554121,-0.0006305362429602864,0.0015556430478089564,-4.667374232539242e-06,-0.009304375004884523,-0.002280467630816896,0.0003192638115381598,-0.0013690985493481334,-0.030479439700941944,-0.008451070022744187,-0.0003864324544275617,-0.0007130521996525996,0.002880991127287037
0.8326577,0.72536564,0.7138737,0.94,0.94,0.60142416,0.66884995,0.5185585,0.52748466,0.93697226,1.0,1.0,0.42769027,0.91603255,0.65074056,0.35984993,0.4791263,0.0007402559357200042,0.0007972475211122454,0.002017259961287676,0.004274619694828277,-0.005749152817405428,0.00346896121367108,0.004944613498107912,-1.7703395361352075e-05,0.0011187877381487366,-6.193873385109747e-05,0.0008365034790707596,-0.0011021428815668533,-0.009216032519206252,-0.0007357354517834186,-0.00043888806528082113,0.0006802272018952566,-0.0006939378878589194
0.9231587,0.9655172,0.24544115,0.24053234,0.24053234,0.88,0.88,0.6637585,0.6124309,0.9169722,1.0,1.0,0.89057773,0.50092167,0.74199057,0.5280317,0.6535708,-0.0008459146321722831,0.0025919110929070177,-0.0001587251720798743,-0.009167213332967215,0.009014197918873649,-0.0008296367449937915,-0.00019722734784530544,-0.0005742729031087043,0.008042035243323326,0.000948981627589334,0.000445471481163611,-0.0005925655708822069,0.044769908226754876,0.004878226535502861,-0.0016448415663423504,-0.0007134280554793068,-0.0007845721219174873
0.15899818,0.36477852,0.85670185,0.94,0.94,0.2947134,0.1831431,0.43935835,0.46762434,0.9169722,1.0,1.0,0.8657678,0.38454837,0.4494905,0.4253044,0.3080152,0.0018798251377751213,-0.004149576446631042,0.0008400239758743884,0.005670731311491758,-0.006513312370459933,0.005267126681652092,0.008321068322064399,0.00027278982577216284,0.0011876448798433172,0.0006730547279951199,0.00041877290899101016,-0.0007914100340768754,0.031055650936059224,0.006782788908298757,-9.01592152718898e-05,0.001514799329002413,0.003522263781639068
0.922576,0.9105279,0.816986,0.86447406,0.7570418,0.88,0.88,0.26600692,0.23112814,1.0,1.0,1.0,0.18740119,0.18740119,0.77574056,0.047122523,0.5457929,0.00044279086230726453,9.007049672197563e-05,-0.00030810737640723016,0.0013623076377469693,-0.00045666938269926246,-0.0012149596107563566,-0.00031191251696878106,-0.0001349806341787126,-0.011529668638121908,-0.0018649269052058337,0.00017868022333520167,-0.0009395743000337959,-0.03148435667855875,-0.007170008441356437,-0.0017540518592569676,0.008552714225513302,-0.00022461608265649574
0.764301,0.6819784,0.92686033,0.94,0.99229723,0.55109495,0.88,0.29400688,0.26134565,1.0,1.0,1.0,0.21190189,0.21190189,0.38324058,0.4434862,0.43023735,0.0003246753353492049,3.678188722679262e-05,-0.000664081215426424,0.0003175964196084314,-0.004515488815109384,0.005275449398369935,-0.0005682843477114242,-0.0005804406712859501,-0.012182964061075142,-0.0022260735547579304,0.0002868914779256908,-0.0005892823501549605,-0.040297757194385414,-0.010171772199613974,0.0009108721359565381,0.0016685646841220036,0.0011567376008977657
0.8832404,0.82983136,0.9511276,0.93210506,0.915161,0.88,0.88,0.6553585,0.7735316,0.9169722,1.0,1.0,0.6271878,0.7731213,0.71324056,0.5453045,0.53245956,0.0012375469306098897,-0.00039741419549287613,0.002295752483601398,0.001436437731187646,-0.003946606755321578,-0.0005001041152188878,-0.0005771308142301527,0.0011329969957094245,0.011954092929916242,0.0005708506436784157,0.0006846556992709529,-0.0009616261916729229,0.01172430741381552,0.003080596251091164,-0.0009244956193112996,-0.0008219762577039144,0.00033864131867646313
0.8447789,0.8553936,0.861382,0.99229723,0.85424626,0.88,0.88,0.5400615,0.46680838,0.34822258,1.0,0.34822258,0.37849328,1.0,0.5244905,0.580759,0.40134853,0.001117947072693771,-0.0011934321291138875,0.002328316971561816,0.0003784941539242348,-0.003022797533226205,-0.00039746498136520475,-0.0017442636765175323,0.0007027879769408044,-0.0007616388739583769,0.0058006014406565345,0.00064816028156655,0.017221907871788386,-0.011796438352288966,-0.0010674199554512006,-0.00016132414240229424,-0.0010666364913663087,0.00033706742611345445
0.75305396,0.80322796,0.59182656,0.909952,0.61933976,0.88,0.88,0.222807,0.20537528,1.0,1.0,1.0,0.1665205,0.1665205,0.28824043,0.35984993,0.38023725,0.0006996202446099884,-0.00032692389522173015,0.0001618046881213407,0.0023649035543868158,-0.00011139372076068685,-0.0006499964165899691,-0.0002277253876990388,-0.0010034980978156122,-0.012812666877063799,-0.0024634198682588894,-7.783257022460847e-05,-0.0006369066982193242,-0.036875882642664566,-0.006048021797684825,0.0020082172208537794,0.0028717320888586393,0.00211972838098302
0.9231587,0.9655172,0.16431805,0.16103171,0.16103171,0.88,0.88,0.42615846,0.6042812,0.93697226,1.0,1.0,0.48995772,0.7774541,0.2969905,0.5443954,0.42134845,-0.0013495353226055194,-5.4852734231632425e-05,-0.0029824268330556785,-0.011655069779045357,0.011686859550526564,-0.0010199659080634043,-0.0003650331747846175,-3.545581579834596e-05,0.0055965569726836055,-0.0008694118591848774,0.0004369159118304811,-0.0005099303988603005,-0.004067211085224354,-0.0002408083757277315,0.00254925604356593,-0.0003788010725589504,-0.0012312939492729056
0.8832404,0.46419144,0.7119639,0.96716094,0.57748395,0.88,0.88,0.4340068,0.37656343,1.0,1.0,1.0,0.3053217,0.3053217,0.58699054,0.560759,0.406904,0.0003843884055288287,-0.0007698837051902007,3.0808275317877885e-05,0.0017658087587240612,0.0010846598487629544,-0.0006096230107130743,-0.0002164199145178319,-0.0001479076358057038,-0.009599196399029244,-0.002439332722491057,7.023909491492826e-05,-0.0009451488054758327,-0.03259014125945434,-0.009123633616421756,-0.00040675802368020576,-0.0010513574195195607,0.0023947662856942786
0.9211193,0.63183475,0.7188153,0.99229723,0.6316008,0.88,0.88,0.68295836,0.65886664,0.93697226,1.0,1.0,0.5342162,0.91603255,0.58699054,0.7516681,0.5391263,0.0010850140372369056,0.001015229786687024,0.00072814845339785,0.0010643117524067086,0.0010049900105867184,-0.00036363138075411146,-0.0010469889278462347,0.0011420398605189062,0.007192565921199381,0.0003711233799664807,0.0005879187459321595,-0.0008343811483558078,-0.0023720402327389455,0.005822697357473453,-0.00035424291526734325,-0.006254388905500475,0.00029913548507811175
0.9231587,0.9655172,0.25493032,0.24983172,0.24983172,0.88,0.88,0.5855099,0.50147897,0.6584483,0.6584483,1.0,1.0,0.4066046,0.46949053,0.5862135,0.7891263,-0.00039969766993203077,0.0010215577284121591,0.0002136515652220436,-0.0031189355645125606,0.008612833373214324,-0.0006238055500497781,-0.00018389983394982227,0.000846734562700915,0.0010849461661778367,0.0032122151806926597,-0.0056909046836639225,-0.0006768371117172456,0.04387846780931036,0.008602397450612205,0.0007125883005681863,-0.0018547534914102107,-0.000621848922452622
0.5439049,0.81714875,0.89602864,0.94,0.94,0.77157223,0.7973995,0.5677584,0.6166049,0.9169722,1.0,1.0,0.8471226,0.559193,0.41949052,0.63075906,0.7180152,-0.0007100537892334739,-3.911257280057832e-05,-0.00043228414455680734,0.002963944668289657,-0.0072490656944350414,0.0011893712146395714,0.001061218461043339,0.0012561236710424237,0.005264358755538846,2.5702144156167332e-05,0.0009870036339554031,-0.0005983136960885843,0.03191388152655871,0.005373233729302501,0.00025576168120672543,-0.004843536310607453,-0.003957579567519651
0.89151543,0.9339215,0.37418544,0.94,0.36670172,0.8433489,0.88,0.60935843,0.5609345,0.9169722,1.0,1.0,0.45481175,0.98878,0.66574055,0.56621355,0.5624597,0.00020823309720108187,-0.0012194027649231223,-0.0005618990328396425,0.004214396123932657,0.0055530988041047665,9.920484434735871e-05,-0.0005355560772580923,0.0001261623254849055,0.0034540508712144202,0.0009339608655589597,0.0010487794965892098,-0.00035985230884983397,-0.007536231272207023,-0.002703444780810224,-0.0012871725362371765,-0.0005606840281923589,0.0002531089771974245
0.9231587,0.9655172,0.19297007,0.18911067,0.18911067,0.88,0.88,0.55086136,0.46299988,0.42911217,1.0,0.42911217,0.3754053,1.0,0.7619905,0.34348628,0.5880152,7.231642913507908e-05,-0.0019325749555249164,-0.002892203827424312,-0.0016781630362883893,0.0054209055966469985,-0.0005697920133321524,-0.000797209919567157,-0.0003144901719385468,-0.00015307397829516706,0.009045741366114706,0.0002578122461325705,0.010678498538645087,-0.009883507664261094,-0.0037447513606012417,-0.004265838784382429,0.000724004909710593,0.0009027789321851443
0.7959442,0.630085,0.60966146,0.74365777,0.74581176,0.88,0.88,0.49735856,0.56540173,0.93697226,1.0,1.0,0.45843384,0.8459487,0.3644904,0.45439538,0.72468185,0.0008965011549140869,0.0008918215100187659,0.0005017379233633949,0.001760501445342425,-0.0003962099059773895,-0.000760777088549756,-0.0012127219705740338,0.00017346535104236635,0.003381379279058722,7.285612078102367e-05,0.0004637097521201347,-0.00020334717804337794,-0.008693344311834128,0.007984070739902469,0.0011346060604055096,0.0008778622235767603,-0.00038260212471977477
0.92286736,0.7561357,0.67148685,0.94,0.65805715,0.6371174,0.88,0.80591005,0.68613315,0.54207706,1.0,0.54207706,0.5563242,1.0,0.6707405,0.84712267,0.6513485,0.0008604065200008257,0.00040240537470788825,0.0006423090620674837,0.0010046454037080403,0.0007938656859013388,0.0008776175656348742,-0.0008934820732128374,6.684955017894751e-05,0.008310625134665637,0.002335874880498714,0.0006252020682774173,0.012752200829994766,0.0052113782412123435,-0.001073541386068589,-0.0002464351596662839,-0.002752397744681568,0.00010837812590924954
0.72496545,0.79244673,0.904928,0.94,0.94,0.6792382,0.6792382,0.41975844,0.8202012,0.93697226,1.0,1.0,0.665028,0.5883619,0.5032405,0.42348626,0.35357073,0.0007656510457509924,0.00010230296194862442,0.0008975391386675409,0.003945302419311191,-0.007612703884700396,0.00120594307535139,0.0027823004089593427,-0.0004913286031927245,0.012993187178811259,0.00015842222918867145,0.0008213586090952007,-0.0010061744852252318,0.017795102141071172,0.005628979900589543,0.0001884776199561998,0.0022128329217535867,0.0027965007505265714
0.64833367,0.4611191,0.7187794,0.94,0.99229723,0.94859445,0.88,0.5284069,0.4518968,1.0,1.0,1.0,0.3664028,0.3664028,0.71449053,0.4925772,0.6935708,0.00024938962537540883,-0.00027555786516741205,4.298570274222377e-05,0.0005962564895451247,-0.0038746506146983247,-0.002647454738610036,-0.00045179447682235877,0.00010522449295858669,-0.003529903340962387,-0.002352589809534331,-0.00015977102908927196,-0.0004995796621894055,-0.02967455210488823,-0.005199442059042453,-0.001383463125229925,0.00030206236125521305,-0.0028560569202562736
0.78382313,0.8000316,0.3703053,0.9742972,0.94,0.88,0.6880367,0.2985585,0.2939202,0.9169722,1.0,1.0,0.98878,0.248646,0.24824047,0.37166795,0.346904,0.0006903697494975328,8.52127306986969e-05,-0.00033040376921654094,0.0061736933819266475,-0.0075065041425564786,-0.0008722804044124198,0.003363450357749207,0.001269806407466525,-0.011297708865293056,0.000985199989371194,0.0004770596295164034,-0.0004319747813485547,0.056627813104464735,0.004819702622910026,0.0010412325153501796,0.004010041219238553,0.0011480919759630623
0.85690004,0.62760824,0.67473644,0.6612417,0.99229723,0.88,0.88,0.4648069,0.39855894,1.0,1.0,1.0,0.3231559,0.3231559,0.66074055,0.67712265,0.39134842,0.0007127861530748687,0.000730006381020882,0.0004376660105256709,0.001405230808487331,-0.0047131267102081984,-0.0005135899653488145,-0.00021850694330745435,-5.90118016938644e-05,-0.006684312944573421,-0.002499741591367098,7.718834667735985e-05,-0.0013104974452817309,-0.025452596443231116,-0.006811252798821903,-0.0007695923596848547,-0.004167782194012866,0.001424948685336642
0.5829491,0.80107045,0.84068096,0.96716094,0.7449124,0.88,0.88,0.61591005,0.5210939,0.6756142,0.6756142,1.0,1.0,0.42250854,0.7269905,0.63439536,0.5591264,-0.00011275114171690491,-1.2692902402752798e-05,2.4538088773771945e-05,0.001223194599006503,-0.0013644794183821649,-0.0006003642634268931,-0.0013395882353997174,0.0027910586064418003,0.0028943157918549607,0.0045238779964196655,-0.006580533025587184,-0.0005927143647169508,0.051152461637558225,0.006540323590545552,-0.0011069621310679087,-0.004735133321137307,-0.0007333647155475762
0.87939423,0.77542526,0.7062035,0.94,0.9742972,0.7522566,0.88,0.4961585,0.76807094,0.93697226,1.0,1.0,0.74831635,0.543679,0.48074055,0.39712256,0.40245956,0.0005320152519585077,0.00010293998045456713,0.0008930088682112021,0.006102077495005356,-0.008677587658767506,0.0005937599833214045,-0.0007671357170754668,0.0003271896089410836,0.012519188831807243,0.0002649550550958277,0.00046029715691128873,-0.0006785843818323148,0.024430607446512903,0.005459000969872294,-5.583085817491038e-05,0.0013388677539369525,0.0014286702564004902
0.8521799,0.29205373,0.9481089,0.94,0.94,0.713937,0.09878234,0.508407,0.44064134,1.0,1.0,1.0,0.35727677,0.35727677,0.6594905,0.69257724,0.4502374,-8.04442635726297e-05,-0.000875414728800693,0.00021603604432626885,0.003431535211638097,-0.0045345705940372395,0.001744004459625482,-0.0010451015930564075,-7.568213581727549e-06,-0.0034706679705480688,-0.002543840649764763,-0.0002556180709650588,-0.0009776265335081774,-0.02349275784340841,-0.008954645581116838,-0.0007629038079307688,-0.006996056134649961,0.0014298001301358953
0.8947789,0.73463863,0.50864667,0.94,0.4984737,0.61218077,0.88,0.693013,0.5889317,0.40102297,1.0,0.40102297,0.47751218,1.0,0.60824054,0.48803166,0.7969041,0.0005313773639492854,0.00032590228178773083,-0.0014591279990260968,0.0012904888866581404,0.0018050899833229404,0.0005848193540025179,-0.002321044776567944,-0.00019170327769073333,0.004413769069644215,0.0016536805402430441,0.0008002946878524522,0.016860482631551935,-0.003483774111195306,-0.005669899299214045,-0.00029064823819724867,-0.000350879527679863,8.747649058120297e-05
0.806026,0.6588317,0.8567423,0.99229723,0.94184995,0.88,0.88,0.5745583,0.49838626,0.93697226,1.0,1.0,0.40409696,0.95384437,0.49324054,0.580759,0.58912635,0.0010219661053816253,0.0016692786188604244,0.0014585212955524507,0.0012976397443507249,-0.005043494381457723,-0.0008740750209427092,-0.0017077649077539684,0.00044402006193399254,-0.0010623173774000332,-0.0009610299191272867,0.0006508737926525553,-0.0010291675444921763,-0.016832076811868383,0.009158621594032175,0.0002913712008961482,-0.0017452711670796217,-0.00025403213781073874
0.9231587,0.9655172,0.22026235,0.21585709,0.21585709,0.88,0.88,0.42040694,0.36456135,1.0,1.0,1.0,0.29559028,0.29559028,0.6594905,0.30712268,0.6869041,-0.0016428485498908582,0.0013070148202153865,0.0008200233086816792,-0.006511583281997361,0.005156723219603567,-0.0010187755315423494,0.00022099841133543154,0.0002820624448709318,-0.009874450907426627,-0.002733939365909028,-0.0001893594017521133,-0.0010561573608256648,-0.033831375471440446,-0.006428424627262358,-0.0013846649519195686,0.005588469003346258,-0.0021650449314162194
0.53324044,0.6344439,0.875344,0.8578371,0.9068386,0.88,0.88,0.2992069,0.26774466,1.0,1.0,1.0,0.21709026,0.21709026,0.5419905,0.38257712,0.47357062,0.00012752935389608443,-0.0003157528713364532,-0.0004601306831647443,0.0009703394171723299,-0.003308277304660851,-0.0008610224197311104,-0.0004626123490143837,-0.00040510374780996367,-0.011661588197087392,-0.00256891643533094,0.00026300510184193486,-0.0010474249474371367,-0.03419563935865541,-0.007909927143669962,-5.9675971630626224e-05,0.002743831661412635,0.0007459226606305782
0.9231587,0.9655172,0.27198797,0.26654822,0.26654822,0.88,0.88,0.5765585,0.7945116,0.93697226,1.0,1.0,0.8244059,0.56233746,0.6982405,0.54530436,0.42912632,-0.0005607856464537379,0.0007939680721630355,-0.002474759370564953,-0.011019480501086079,0.00983212339782724,-0.00040437516227452764,-0.00019713650590669373,-0.00026789248461021154,0.012805460038744075,0.00015308549071015964,0.0007972855525155009,-0.0006949850347101388,0.0258314383273186,0.0032958246535534953,-2.8466449273294326e-05,-0.0009332603798017147,0.0002891795514015636
0.7870866,0.74512535,0.8466791,0.82974553,0.99229723,0.88,0.88,0.3313584,0.58805263,0.93697226,1.0,1.0,0.47679943,0.716062,0.35199046,0.3753044,0.3080152,0.0010053551026843566,0.0005746726151029095,0.0014550869078694489,0.001789741570869861,-0.0076235778671067955,-0.0008937810092607715,-0.0012637381587685286,-0.00026975082896993704,0.005643450304970844,0.0002702304774947167,0.0005140961996883705,-0.0005902949727920301,-0.0043312070665922665,0.004060646001552032,0.001014788907216472,0.002019510468601889,0.000401762134111878
0.8326577,0.72536564,0.7138737,0.94,0.94,0.60142416,0.66884995,0.5705586,0.4983066,0.9169722,1.0,1.0,0.9501879,0.40349084,0.72324055,0.35984993,0.6013485,-0.0001420854790086606,0.00023411870026431928,0.0003175558957631081,0.00359493566257735,-0.006414396541986517,0.0026311907121573915,0.0019605409341137974,0.00043812028070495474,0.002685827568383705,0.0007152025712384118,0.00035618480529589795,-0.0006227310016477072,0.0449626800481973,0.006664559469393087,-0.0012644203363222255,0.0037065648264385585,-0.0008781917362010698
0.9231587,0.9655172,0.17155133,0.1681203,0.1681203,0.88,0.88,0.3808068,0.3343471,1.0,1.0,1.0,0.27109224,0.27109224,0.65699047,0.55985,0.24245961,-0.001827233417272569,0.0012442529682568542,0.0005451430313817411,-0.00898163576713059,0.009072590339049,-0.0007303487392074915,0.00031285358559213173,0.00016684582352460614,-0.010415862279660126,-0.003072052026458888,1.588604337097423e-05,-0.0008645654288758895,-0.035944968475878566,-0.003146066386870124,-0.001221502334346964,-0.0014132418401392522,0.003052364840521713
0.906026,0.7193132,0.81704265,0.99229723,0.99229723,0.88,0.88,0.58271,0.5001248,0.7253458,0.7253458,1.0,1.0,0.4055066,0.60824054,0.56439537,0.49579293,0.0005184251494306844,-4.039746777504467e-05,0.0009793923895624126,0.003502767060535214,-0.007175592172972054,-0.0004065046114460219,-0.0009200147582938073,0.001405958172001849,0.0019761375865005055,0.003255749060162169,-0.0027198785571997093,-0.0006593320947000331,0.049284419957645265,0.006751003110973721,-0.0002376561413917218,-0.0016594491361170982,0.0003708916598564581
0.806026,0.14510055,0.6482276,0.9420575,0.64358175,0.88,0.88,0.23480682,0.21298173,1.0,1.0,1.0,0.17268789,0.17268789,0.2607404,0.42803174,0.41134855,0.00019595330386992904,-0.0011052279778287718,7.453677504823255e-05,0.0010068245733754477,0.0003507665267003042,-0.0006310252875163924,-0.0004058272771802032,-0.00038767323755323484,-0.012203594771493772,-0.002704322310840365,-0.00015227638308216987,-0.0010082730796313127,-0.035004089752323525,-0.009180837501250105,0.0015959115460932082,0.0014499773263252295,0.001459128639094871
0.8219933,0.85428894,0.39735106,0.94,0.38940403,0.7509752,0.88,0.5745585,0.65591145,0.9169722,1.0,1.0,0.7982707,0.5893856,0.46324056,0.63530445,0.7113486,0.00029824805524870837,0.0001766846087951603,-1.681840995327064e-05,0.0021165378005233728,0.00430235731994696,0.0011316982864385144,-0.00046153798664423076,0.0006684959255225002,0.006866185020982452,0.0004300196635343265,0.001075246099648049,-0.0006595778663873308,0.027808496282202784,0.005714192272571881,0.00021607431598786176,-0.003066382826457685,-0.002499462606324078
0.7678558,0.5306856,0.71263474,0.94,0.698382,0.3755953,0.88,0.7773585,0.73206294,0.93697226,1.0,1.0,0.9109951,0.5846773,0.74199057,0.65894085,0.7891263,0.00024162849617930245,-0.001847109182625881,0.0005641454087851668,0.004402983372163948,-0.0012010081507854203,0.001961106226372268,-0.00035095036919400294,0.0011459866945229243,0.007502293609743712,-0.00017255743706967849,0.0004942190096316224,-0.0007098003500887698,0.03272430652694969,0.005264216165269251,6.925058849062093e-05,-0.0035087711084343665,-0.004674362770410631
0.78294915,0.8023299,0.92411965,0.926172,0.94,0.88,0.6907027,0.81551003,0.68587357,0.63139063,1.0,0.63139063,0.5561137,1.0,0.79074055,0.740759,0.9735707,0.0006844272461155937,8.146380718380922e-06,0.0010903491813505327,0.0007829493891939387,-0.003938779738654663,-0.0002867680634695368,0.0023247967764007576,0.00388891140172172,0.007314324579866063,0.003872400884275835,0.00045592186381571755,0.011302295730391893,0.0032467868567317105,0.010130142766689845,-0.0017103636904494811,-0.007864084077802957,-0.008302255790544442
0.9231587,0.9655172,0.09219104,0.09034722,0.09034722,0.88,0.88,0.4589585,0.5383331,0.93697226,1.0,1.0,0.43648633,0.8213752,0.27949047,0.38984984,0.5869041,-0.0010358957243777553,0.0005676441878402454,-0.0028694162784514937,-0.014367618241133591,0.01297099734774817,-0.0009468463127326271,-0.0005182550062713767,-0.00016752306977789192,0.0009349858679327488,-0.0006600213542451336,0.000414432879449156,-0.0003346355969024803,-0.010407495187219179,-0.0005863411385607231,0.003720058465564343,0.0014929388359329096,0.0006333058186089214
0.6906414,0.8088155,0.9347385,0.93248975,0.79608583,0.88,0.88,0.5237585,0.5181557,0.93697226,1.0,1.0,0.42012623,0.9504086,0.78574055,0.5534863,0.20468193,0.000570753697048884,-0.0005754089027727978,0.0024565048211486963,0.003430856920779749,-0.0026810923652843734,-0.0005188390141692558,-0.0011159152216554608,-2.535555797988708e-05,0.0006348336642844441,6.932166017103586e-05,0.00021491201577780256,-0.0008446831845283964,-0.012492812951419968,0.0019321443849843445,-0.0014601502148990787,-0.0010202862784245037,-0.000583576817948189
0.9231587,0.9655172,0.29563308,0.28972042,0.28972042,0.88,0.88,0.65735847,0.80616117,0.93697226,1.0,1.0,0.71825427,0.70328975,0.58699054,0.5153045,0.81245965,-0.00018647382894481366,0.0009977963350606158,-0.0007151807307409264,-0.005163484668454238,0.006404491290584647,-0.001033010119334176,-0.00023423607098937608,-0.00011347000679651109,0.013422040345267257,0.0002454193384095966,0.0006871160356259129,-0.00033733367860231176,0.022132591894807218,0.002422758614016691,-0.0005625579550065266,-0.0004355714276203886,-0.0008675288647284718
0.51371837,0.7025828,0.85766184,0.99229723,0.8973531,0.88,0.88,0.51775855,0.5418786,0.93697226,1.0,1.0,0.87462515,0.4349525,0.60824054,0.37348616,0.60468185,-0.0006348023262673097,-0.00030549752002951604,0.0006393146683504677,0.0033824464446278275,-0.005849514704861306,-0.0009429162001078511,-0.001791424063838608,0.000663737581511145,0.0028449046905799093,-0.00010400970101911736,0.00032486257805991085,-0.0005528395127920111,0.03885765718748199,0.0047027349440378315,-0.0005020356480199567,0.003827046827647942,-0.0012169080119145686
0.8989164,0.87916917,0.72126865,0.94,0.69929415,0.77983624,0.88,0.36600694,0.32391977,1.0,1.0,1.0,0.26263765,0.26263765,0.71199054,0.42803174,0.3746819,0.0003604571722695674,1.3508153259405628e-05,0.00015726119850435142,0.0024414679179050854,-0.0011838789335519232,0.0009065898296819397,-0.00020697389030003665,-0.0005524890612152042,-0.009298318060025098,-0.002329388175901409,0.0003235860463386269,-0.0009033648880368401,-0.033540321109142776,-0.005450369278136097,-0.0014413649915591784,0.0021588623481102994,0.0020239129052197105
0.829977,0.5995237,0.43214905,0.94,0.42350608,0.45544752,0.88,0.41080704,0.35855174,1.0,1.0,1.0,0.29071763,0.29071763,0.58449054,0.64530444,0.28801516,0.0003716605233540185,-0.0011483066519862406,0.0010427195968709649,0.0033329173607576225,0.005441855974464107,0.009933630291060865,-8.419980985064763e-05,-0.0007148276399660408,-0.01166255889552829,-0.0035083481956107486,-0.00012214460934158405,-0.0007650160595846279,-0.036134321056911986,-0.008604624595031194,-0.00041398043976590966,-0.005148202130892626,0.005483157923234881
0.9107462,0.85560083,0.7579234,0.9433281,0.870054,0.88,0.88,0.70655847,0.67870486,0.93697226,1.0,1.0,0.55030125,0.87892807,0.7244905,0.4798499,0.8769041,0.0007844356115254619,-0.001220130770694487,0.0010015499790064922,0.0010648826992632149,-0.0026903749732383802,-0.00046038631588241703,-0.001737475691008098,0.0012647765110242156,0.00869714699811554,0.00042317043203021065,0.0006125068291966637,-0.0008020915612212959,0.0023204665329077693,0.005829983349160584,-0.001449525365755428,0.00043332562721266275,-0.0029398828152843066
0.7758395,0.79398036,0.77226907,0.9742972,0.88438386,0.88,0.88,0.4488069,0.39006844,1.0,1.0,1.0,0.3162717,0.3162717,0.5519905,0.42803165,0.74245965,0.001008681045534253,-0.00017440475476240288,-0.00035569548198632493,0.0019019967644185185,-0.0038824767144144557,-0.0008084191356332701,-0.0005287443221854679,-0.0002917929850911317,-0.008587703921984954,-0.002902357342124185,-7.559152353245544e-05,-0.0012465538740785331,-0.03324608662882085,-0.008943329220603629,-0.00019786464128968215,0.0023809446632629115,-0.0031413639026876368
0.69093275,0.7687495,0.75788,0.94022495,0.99229723,0.88,0.88,0.5000069,0.43078557,1.0,1.0,1.0,0.3492856,0.3492856,0.49324054,0.610759,0.6746819,0.0007065198273429177,-0.00013703008235223894,-0.00023584659850351945,0.0008800020350096687,-0.0051145175669249435,-0.0008959087342712999,-0.0003516476405662676,-0.0001441491507387322,-0.006032023941384652,-0.002541119929763408,0.0002882304844949718,-0.0007988448157587935,-0.030666846974872056,-0.007023506945217749,0.0005487400632443496,-0.0035278915959607664,-0.002119149339429408
0.9148837,0.9105279,0.6456484,0.96514356,0.68690497,0.88,0.88,0.31440705,0.27006254,1.0,1.0,1.0,0.21896963,0.21896963,0.32574046,0.44712266,0.5524596,0.0005238895325836246,0.0003247269656950928,0.00031018460190097066,0.0018286297211448344,0.00029851051684579266,-0.0009471730583702373,-0.0005691859349079036,-0.0005028571326150597,-0.011134318283096377,-0.002980002569688547,0.0002116563048412632,-0.001474094114391737,-0.03666226695082122,-0.008182629901924109,0.001448268653226899,0.0008363972854776402,-0.0004658993338501226
0.8048607,0.2582032,0.9253455,0.9068386,0.94,0.88,0.38454586,0.49270996,0.42081597,0.6756142,0.6756142,1.0,1.0,0.34120214,0.45199054,0.30348623,0.82801515,7.171691614187391e-05,-0.007366236874514324,-0.00028310560109900094,0.002907268505271092,-0.0039208226584459775,-0.00044216860946986856,0.0028895184776509407,0.0001666991205708666,-0.0016283835367324306,0.0013724598269120123,0.0030853125947355705,-0.0012380627205252981,0.04370769762219306,-0.0036750183694728954,0.0004846327315964771,0.007380843679330466,-0.009132015907313587
0.8024712,0.85880697,0.86035544,0.96716094,0.94,0.88,0.8841149,0.33590996,0.29679072,0.93697226,0.93697226,0.93697226,1.0,1.0,0.58699054,0.29166812,0.25245953,0.00035666906578084035,-0.0005011248387635795,0.002276004228830795,0.004375759099636595,-0.0062408293237561875,-0.0003248527262544879,-0.0018504133151078575,0.00017677895467110838,-0.008681695981083332,0.0002653381903211349,-0.00030355583683706384,0.0011513730679077617,0.042021633485674795,-0.011544877333945491,-0.00013273423555500938,0.0011131113846230296,-0.0003260149761028853
0.75660866,0.82724696,0.69133705,0.8396191,0.99229723,0.88,0.88,0.36846146,0.32530108,0.46735832,1.0,0.46735832,0.26375765,1.0,0.4707405,0.2298499,0.40134853,0.0008734659770343874,-0.0005040385342262747,0.0008265447127694014,0.0014602609865463742,-0.004889573423651149,-0.00028321448277471723,-0.001494394027228117,5.080677179084787e-05,-0.006656833221496875,0.006929068364539995,0.0002332326228050849,0.011879219875775542,-0.019204981304990845,-0.0011738562939617606,0.0002907871826247599,0.001663315628585676,-0.0001321610326658989
0.24833377,0.57589054,0.76271963,0.94,0.7135519,0.5028202,0.88,0.09640701,0.10117133,1.0,1.0,1.0,0.08203081,0.08203081,0.17449045,0.16075897,0.3713485,0.0022579883516373007,-0.0016901811721156468,-0.0012333716504545776,0.0017223144212907327,-0.0008212967304543018,0.0074228537362274446,-0.0004298962527659364,-0.0026611067340509024,-0.020265823487933775,-0.00287640794854188,9.704578307945771e-05,-0.0007767264190133949,-0.054067360447067274,-0.008487627201135321,0.0029209271444753417,0.011006514353270935,0.00315151805181091
0.9074827,0.7023657,0.7483245,0.94,0.7720219,0.94859445,0.88,0.54335845,0.80693334,0.93697226,1.0,1.0,0.65427023,0.7053676,0.5744905,0.49894083,0.5335707,0.000983497443755854,0.0001827237283610246,0.00077507200797397,0.003051850155433819,-0.0016244933324308841,-0.0012745829232373523,-0.0012194860941895384,0.0005191031194776621,0.015558957740304434,0.0003809138688831797,0.0008967410521358982,-0.0006760977374984611,0.0158183900157593,0.004058012794530843,-0.00010166566363436011,-0.0005373227132498096,-4.439513356598909e-05
0.87613076,0.54186964,0.57865536,0.9420575,0.5930844,0.88,0.88,0.48215836,0.41263875,0.9169722,1.0,0.9169722,0.33457196,1.0,0.5057405,0.5043954,0.75245965,0.00034795489440154174,0.0012690654085262662,0.00047563606054781355,0.0019035532588041607,0.002708686689566957,-0.000715076833286377,-0.0012876824918162408,-0.00017752426772594824,-0.005910373179250299,0.0003348510832390522,0.00037645764572853457,0.0018233852141827961,-0.024941428630034755,0.015134910777110475,0.0005431043315585496,0.0003670510850737028,-0.002394498471471997
0.54005873,0.5267661,0.9081867,0.94,0.94,0.3710487,0.7562161,0.5360614,0.4653264,0.5219028,0.5219028,1.0,1.0,0.37729168,0.46949053,0.6571227,0.38468182,0.0014479720943110683,-0.001243956508474775,0.0013386667190383758,0.004429446099412183,-0.008048115713751424,0.0024226844071884505,0.0014427557547844571,0.0011336933836137637,0.00025755150605552194,0.004441864230685679,-0.006865763566491406,-0.0004976441639878471,0.04218019374374288,0.006048142803430399,-6.317742893203518e-05,-0.004349478012547497,0.0028812656143329973
0.9231587,0.9655172,0.28630158,0.28057557,0.28057557,0.88,0.88,0.73486143,0.62310344,0.20894541,0.20894541,1.0,1.0,0.505219,0.6069905,0.6734863,0.6435707,-0.0008333540548893463,-0.0009785754787499708,-0.0001305160406861952,-0.0029935603569270323,0.00673364994381834,-0.00016690388792910439,0.00012860760803005668,0.003032011450004993,0.0037498260544044848,0.008019156822935303,-0.011328634749157917,-0.00042027187975283097,0.03707065669669841,0.0029605210588592367,-0.0005315347487452417,-0.003413474183840772,-0.00042992982302529083
0.9101635,0.7892309,0.82946867,0.99229723,0.8859696,0.88,0.88,0.61966133,0.5311716,0.5219028,0.5219028,1.0,1.0,0.4306797,0.8294905,0.43984994,0.72357076,0.0009998892826270007,7.456871872334696e-05,0.0006905897348422646,0.001654926289824608,-0.004117252716619168,-0.0004926400604297635,-0.0014693429341406416,0.00228848818498243,0.002546955278491908,0.002974667694943906,-0.009400693573349016,-0.0008345964592397192,0.049282030245460524,0.006735711107325881,-0.001670810262503119,0.0014696975607035746,-0.0030850195716543355
0.9231587,0.9655172,0.2795193,0.2739289,0.2739289,0.88,0.88,0.6089585,0.51789576,0.93697226,0.93697226,1.0,1.0,0.41991547,0.68324053,0.50894076,0.7035707,-0.00011380735180344517,0.002344470660419817,-0.00028924077096865395,-0.008526680367583875,0.008601273762431812,-0.0010675387425253364,-0.0003558976872052757,-0.0003547897263382354,0.0033227640400784624,0.00021259518095978838,0.0008423533720974752,-0.0005271747550632307,0.05156194657811757,0.005546177299358584,-0.0010213754066117956,-8.828584584689665e-05,-0.001317760150367097
0.9231587,0.9655172,0.30580792,0.29969177,0.29969177,0.88,0.88,0.5556069,0.47649643,1.0,1.0,1.0,0.38634846,0.38634846,0.7419905,0.5580318,0.6546819,-0.0012928839246403839,0.000568253812806319,0.00043521061984834653,-0.0032738426666589658,0.005041580864886707,-0.0009630522127427702,0.0002374566798732841,0.00021553380320463742,-0.004264166894636229,-0.0025774123636181836,0.0001488890270156077,-0.0008071159534807492,-0.025265384289753733,-0.003748612059486925,-0.002189221692551535,-0.0013303107287698367,-0.0015582983840722678
0.7524712,0.7573643,0.77944696,0.763858,0.9420575,0.88,0.88,0.47015846,0.6490903,0.93697226,1.0,1.0,0.52628946,0.7492505,0.37824053,0.5516681,0.4502374,0.0010435900163667847,0.00021960951037514487,0.0012762377345514892,0.0022741006476779267,-0.00537815903510036,-0.000736517116660168,-0.0008717650322483126,2.4913558763526056e-05,0.008722105025689745,-0.00013558478463673764,0.0010385822664312474,-0.00042873272769865353,-0.001920552774999523,0.003158185037248199,0.0010053499782600903,-0.0011161025580807874,0.0006037714347175622
0.7566087,0.7483317,0.6613655,0.94,0.99229723,0.6917444,0.88,0.445607,0.3867351,1.0,1.0,1.0,0.313569,0.313569,0.3432405,0.67257714,0.5813486,0.000598579156631291,9.394233213642623e-05,0.0003404761319538138,0.0015475800783346005,-0.005388633089837969,0.003076795119659404,-0.0003389362137578479,-0.0001673556217075026,-0.007363528812867674,-0.002605425928192069,0.00039604203625075493,-0.00142497244418972,-0.02915292812439787,-0.00831266295901367,0.0014582714290630808,-0.0051564781553072,-0.0007453756773097002
0.72141063,0.5268383,0.85870546,0.8902408,0.94,0.88,0.37113243,0.2877584,0.49461278,0.9169722,1.0,1.0,0.4010374,0.8261404,0.35574055,0.42166805,0.22023742,0.001329077830527798,0.002634503321242655,0.0031704854409620497,0.005988547538920013,-0.007652834449635555,-0.0007851563027993869,0.006201753883797147,0.0005982297309085206,-0.000569672724670475,-0.00037418838288938867,0.0004162103765783434,-0.002023444394520199,-0.015160467353300398,0.005860505216757488,0.0006436703026353769,0.0015631999355496223,0.00011027746286263806
0.7104548,0.77555186,0.71621484,0.909952,0.8015751,0.88,0.88,0.43295845,0.65667343,0.93697226,1.0,1.0,0.7090536,0.54933846,0.2182405,0.5089409,0.60690415,0.0002501596253527829,-0.00025534061467338506,0.0003785093820629181,0.003862968458880252,-0.0034960812682634794,-0.0009234968744858853,-0.001164550051426588,-0.00025282830270001,0.009771708166337148,-0.00037741757712811327,0.0011064936389811799,-0.0007756860047102354,0.023537485187104343,0.004288198065682988,0.0004955231207242473,-0.0009991576731023816,-0.0011296982705996548
0.721702,0.7719955,0.77944696,0.9742972,0.87612826,0.88,0.88,0.4621583,0.45552415,0.9169722,1.0,1.0,0.8700623,0.39910328,0.3019904,0.4562135,0.3746818,0.0010322635530855067,0.0002688824133025586,0.0005136733691270432,0.0043058049227097436,-0.004274361708542285,-0.0014520894869809598,-0.0010783409649034708,0.00022962469442146176,-0.001074121127494544,0.0011197016485877717,0.0003712234614442224,-0.00041804184469685615,0.04280977376815856,0.004193526492076392,0.0006680814771399474,0.001277042360954879,0.002831192845678984
0.922576,0.861538,0.6938433,0.9045379,0.5072649,0.88,0.88,0.5205584,0.5318804,0.9169722,1.0,1.0,0.8954736,0.38679886,0.6982405,0.4053044,0.37245962,-0.0006744794577648406,0.000306901824620714,0.0002999387589993852,0.0032025161882655285,0.0029422782234402585,-0.0009837174937498488,-0.0007148437445855181,0.00022767629368272515,0.002739314878916902,0.0006999379912573126,0.0004268371478348712,-0.00023695280092004916,0.03965485494608381,0.008542323410755177,-0.0010768305595459905,0.001750891360513894,0.001862747010476228
0.64833367,0.4611191,0.7187794,0.94,0.99229723,0.94859445,0.88,0.6309584,0.5682427,0.93697226,1.0,1.0,0.9317883,0.46334767,0.6094905,0.4925772,0.6935708,0.0006009779520358679,-0.004173316473015503,0.0005204732422511892,0.00537345221966669,-0.008538557743042319,-0.0018096032378792102,-0.000427026706077321,0.000572077658488747,0.005856636371374466,0.000197604483144226,0.00038676142169386175,-0.0004050995840215088,0.04661378253146122,0.004671859761329947,-0.00016820092382097149,-0.00042087223957511173,-0.0028094378431174015
0.9231587,0.9655172,0.5620456,0.5508047,0.5508047,0.88,0.88,0.8801585,0.7474286,0.93697226,1.0,1.0,0.6060232,0.9676086,0.8532405,0.7943954,0.8335707,0.0003772863551290324,-0.0007543601880595364,-0.0003619970204969232,-0.00023702885904209283,0.0012673680446913629,-0.0006663495989550856,-0.0008971849089045061,-0.0016256651663017637,0.01215913567781069,0.00067560551090001,0.0010172596985263715,-0.0006798680595407219,0.009357341603904331,0.0030582912836766758,-0.0020064945296556767,-0.0027361229494553786,-0.0002889305115265879
0.9231587,0.9655172,0.12304742,0.12058647,0.12058647,0.88,0.88,0.4813585,0.5122327,0.9169722,1.0,1.0,0.8905668,0.39303145,0.5132406,0.69621354,0.14134842,-0.0018764472525168799,0.001977097637407982,-0.004133199637662997,-0.01774945879516334,0.015087486540546003,-0.001033438201659063,0.00011719660266471485,7.654017670499723e-05,0.0015726196478899263,0.0003746076674367612,0.0005995514190781621,-0.0004173452641845066,0.04050691159079043,0.004561516476143171,0.00013363209304165973,-0.004323111740657462,-0.003837819110787986
0.9231587,0.9655172,0.31270626,0.30645216,0.30645216,0.88,0.88,0.51560694,0.44349703,1.0,1.0,1.0,0.35959217,0.35959217,0.68074054,0.580759,0.5591264,-0.0013395645417449862,0.00020805876268363948,0.00036165640176462425,-0.0037066925955439615,0.0046576779713497045,-0.0009349106839970582,0.00021420453277765664,0.00022006131646355655,-0.004632695140068146,-0.0023413473360198145,0.00018829256930370298,-0.0008205421399183975,-0.022732321388376463,-0.0038153868330470754,-0.0016233853068342511,-0.0021498559538699557,-0.0003366095929997953
0.78737795,0.7483317,0.83509797,0.81839603,0.9135261,0.88,0.88,0.49710992,0.42791146,0.6756142,1.0,0.6756142,0.34695524,1.0,0.6257405,0.4543953,0.6824596,0.0007980308950235485,0.00011725714868987701,0.001812058222603184,0.0013574479804043698,-0.0046054588393328036,-0.0007912697767844352,-0.0017468005030707259,5.5036943046931364e-05,-0.00270301676452698,0.0058167578511072035,0.0005040698557572739,0.008046979624900774,-0.019105054704923477,0.0055683122128214295,-0.0008624707236258859,0.000959581891293435,-0.0007520348200994648
0.7672731,0.7632302,0.8707975,0.94,0.8382191,0.6194941,0.88,0.72055846,0.8805961,0.93697226,1.0,1.0,0.76737905,0.70321083,0.70449054,0.63075906,0.64134854,0.0007018407109045134,-0.00016064156155180708,0.0008658698146400906,0.003981542657934477,-0.004109084092868606,0.0006132074081518664,-0.0004386130606982423,0.0017175211652438467,0.010957431918184374,-0.00011532922092125295,0.0004865425521220709,-0.0009748583842204558,0.02201292808276794,0.0012762554604672264,0.0001161250916444345,-0.0026663454872441796,-0.001876441754036972
0.50247127,0.64036226,0.6301495,0.94,0.64233285,0.59543914,0.88,0.24095841,0.37661937,0.93697226,1.0,1.0,0.8265215,0.32301,0.14699054,0.17348628,0.38690397,0.00015866623078824633,-0.00127996814375984,0.00019079720728817034,0.003397438833607991,0.001020936044679606,0.004521452742852066,-0.001745814519403899,-0.0001637597904042441,-0.003790041941857179,0.0005557623795120477,0.00042219302651302524,-0.000674638493788981,0.035095348514509864,0.007066918779964431,0.0013024477296073784,0.006082097160023317,0.002001334989013049
0.87228465,0.85560083,0.7224635,0.94022495,0.74156934,0.88,0.88,0.39295837,0.34601086,0.9169722,0.9169722,1.0,1.0,0.28054935,0.45074052,0.48348626,0.50023735,-0.00010444309418955774,0.0010534955429883034,0.00044013904668803824,0.002538850394719919,-0.0007848611631623918,-0.0009807105633342134,-0.0006976811149965118,-0.0001634113925331473,-0.007874306368302499,0.0005529858172198639,0.00040675007440229264,-0.00048247758772898027,0.06067680125830998,0.003498771163261798,0.001024245198948484,0.0009125044213864192,0.0017890992156398694
0.79862505,0.78421056,0.69353455,0.67966384,0.94,0.88,0.6696843,0.37080687,0.3275807,1.0,1.0,1.0,0.26560596,0.26560596,0.2657405,0.48894083,0.66801524,0.0006752011898101365,5.747695219852125e-05,0.00037421616698308184,0.0017232849902947761,-0.0037733711138862847,-0.0005581307126832834,0.000934371104885207,-0.0002611408742830935,-0.008318214249451457,-0.0024380386318392576,0.0001614069832973628,-0.001269652186564752,-0.032522274432709046,-0.008825759127479842,0.0020267690345579514,0.00011528531282509927,-0.0008854305463475485
0.032657824,0.48557875,0.8248791,0.94,0.878108,0.32327133,0.88,0.33686143,0.2992693,0.4539741,0.4539741,1.0,1.0,0.24265078,0.3432405,0.28621352,0.38912624,-0.0016243926386453889,-0.0004796890891694208,0.00048044318455009894,0.0016018715246622615,-0.004246922352950622,0.005350978364122203,-0.0012951589589432259,-0.0012540868079882028,-0.007446544904574799,0.004806891113000661,-0.010258158890021902,-0.0008007727239041965,0.04314310506923984,0.009928000059317535,7.099316214374176e-06,0.0041327881488315565,0.0024748852992066573
0.9231587,0.9655172,0.2657989,0.26048294,0.26048294,0.88,0.88,0.56895846,0.6054578,0.93697226,1.0,1.0,0.49091172,0.89310074,0.5107405,0.64984995,0.43023735,-0.0011889841509576192,-0.0009750240034612352,-0.0027285061433152073,-0.008226225853939157,0.006943260438374747,-0.0005436255898872503,-0.0006072045452151075,-0.00028116925979336765,0.00565381511080152,-0.00017170814166707216,0.0006008872728525946,-0.0003513124866860984,-0.004485003086625457,0.00015719842445603775,0.00021479816731880528,-0.0016374380761334003,-0.0004847072942568977
0.5829491,0.80107045,0.84068096,0.96716094,0.7449124,0.88,0.88,0.6509585,0.7678256,0.93697226,1.0,1.0,0.8529018,0.55842376,0.7269905,0.60439533,0.5591264,-0.0005171791308206777,-0.00010230640070654753,0.0006716692308327172,0.003605410479788133,-0.0018377152108779138,-0.0007108734781320597,-0.0006135445430379409,0.002016068551565993,0.01094065847639431,-6.94203296205938e-05,0.0008415748300536824,-0.0005570687709146024,0.032166643410146974,0.0057328750404581,-0.00044347674454227575,-0.0031717755358301927,-0.0006427469593733972
0.49448758,0.5030653,0.88697034,0.94,0.92914677,0.34355572,0.88,0.5669585,0.6204675,0.9169722,1.0,1.0,0.50308174,0.8359124,0.1919905,0.6543954,0.6802374,-0.0010143778547913476,0.0010986087813312712,-7.92639447368553e-05,0.0009297398087372971,-0.005331857720164045,0.005706928816170845,-0.0007874735853611832,0.0013317553005735806,0.005445021032775177,0.0003429834644306201,0.0009478612935855926,-0.000356130714955126,0.0007220586825100629,0.006507371945497092,0.0024209308970320393,-0.0031547770132429633,-0.0022339214228453523
0.7483337,0.4652682,0.8615217,0.84429127,0.8512532,0.88,0.88,0.36440697,0.31490028,1.0,1.0,1.0,0.25532454,0.25532454,0.3582405,0.4198499,0.6802374,0.0005396444215485192,-0.0002694757182308651,-0.00020889264635384243,0.0014103995684434812,-0.0016312271883019076,-0.0007685668458305933,-0.000367925399493965,-0.00027804959863455403,-0.008846250127141759,-0.0025808656106100438,9.641387708394372e-06,-0.0012410927216598344,-0.03123984082288873,-0.009047044359478538,0.0011472130478149998,0.0019203176216907958,-0.0016164304342112304
0.7569,0.35455328,0.7734606,0.99229723,0.82974666,0.88,0.88,0.31335846,0.697467,0.93697226,1.0,1.0,0.73759043,0.47745374,0.45199054,0.4062135,0.26023737,0.0007850902089895173,-0.0043670014070629195,0.0006301937061284,0.00502763604476688,-0.0042829190413711336,-0.0006737466684641883,-0.0011847270824946786,-0.0006356216821999806,0.010664335283219641,0.00025582121952697656,0.0006962382743137447,-0.0005825300397352126,0.02267558534728832,0.005048281123949399,1.8359742818248496e-05,0.002433580102055339,0.004959363420736415
0.49833375,0.55447465,0.80236065,0.9045379,0.94,0.88,0.40319058,0.45695838,0.68590754,0.93697226,1.0,1.0,0.55614126,0.7295548,0.49949056,0.54348636,0.34134844,-0.001017260107536446,0.0010398955199637072,0.0017969744914854997,0.004948634160443269,-0.006779003222487402,-0.0005490596217632925,0.008106257318065442,-8.129341098510398e-05,0.009190131265104986,0.00025003625181074216,0.0011975516154912752,-0.00045469008108526274,0.004671547547812641,0.005641729988114452,0.00024506465772602975,-0.0013860080481595907,0.001558311345039246
0.656026,0.57907915,0.82805187,0.94,0.881113,0.43173182,0.88,0.43886146,0.38325158,0.5246136,1.0,0.5246136,0.31074452,1.0,0.18324041,0.37894085,0.8024596,-0.00011041369815273372,0.0018898008001150813,0.0013886640063737648,-0.00016534544738006356,-0.001779126236707512,0.003350064989081339,-0.0014767138832491372,-0.000255838109687697,-0.0031470573775468423,0.0024191910833474134,0.0008347026688205006,0.0090286085436587,-0.014914818216712401,0.0024754606088737917,0.0030445501573189092,0.0008400624553885809,-0.0017106862583733393
0.8524712,0.8528219,0.4270772,0.94,0.41853565,0.7492734,0.88,0.542407,0.4678401,1.0,1.0,1.0,0.3793298,0.3793298,0.73324054,0.5343954,0.6546819,3.878827021398048e-05,2.0150724922409822e-05,0.0012695774474618083,0.0027423371630541592,0.005505662414806097,0.002208061068712322,-0.00022955126377562397,0.0004529855619224299,-0.004955090500501507,-0.002682784624052176,-4.6560431798781594e-05,-0.0007520465479127003,-0.029042279246458372,-0.0048846026697759795,-0.002497956107648769,-0.0014872278179218685,-0.0028478430360147156
0.54687697,0.63205415,0.98789924,0.96814126,0.9742972,0.88,0.88,0.64015853,0.72097725,0.9169722,1.0,1.0,0.58457613,0.82154894,0.5682405,0.65166813,0.5824597,-0.002079271058559153,0.0015635323858295763,0.0014137028103094404,0.001200060721863471,-0.005391201454899538,-0.0005111242891536211,-0.0014787010422419625,0.0017088738784768983,0.010099308171009645,0.0003296666967652349,0.0008873467554139625,-0.0007183925699998828,0.00619911530726642,0.005036968815812273,-6.058664963424326e-05,-0.003929020282981569,-0.0005803467689520735
0.9066087,0.96590513,0.74478006,0.99229723,0.7756883,0.88,0.88,0.45535842,0.7599294,0.93697226,1.0,1.0,0.6844868,0.5793108,0.3582405,0.3771227,0.47801515,0.0010223902183929847,-0.0008969651398289197,0.0006780083983360741,0.0030901181960538036,-0.001686557054317402,-0.0007629535228359589,-0.0008085266788002661,0.00017755144381845992,0.013934948683083022,0.0003228666573953624,0.0010734447462316986,-0.0006179106429547831,0.021441795856498653,0.004323347650912527,0.0005530635771147093,0.0023787645509166073,0.001110610186336205
0.60987216,0.68910867,0.59757316,0.9742972,0.94,0.88,0.94859445,0.14640701,0.1417708,1.0,1.0,1.0,0.114949286,0.114949286,0.24074054,0.37166804,0.3746818,0.0004932398685620528,-0.00033247445840265397,-8.782387140261614e-05,0.0011497037254545235,-0.0037340909823609584,-0.001159605636666165,-0.0008470435067511414,-0.0007605765451742136,-0.012571405124995286,-0.0020334763609420542,0.00019167911630527432,-0.0005194343638422619,-0.03576315131153086,-0.006624409387187962,0.0012569232752214015,0.002149379717727009,0.0014474644025753566
0.3793943,0.6557171,0.67485404,0.94,0.7231646,0.5954189,0.88,0.44535843,0.5855561,0.9169722,1.0,1.0,0.47477522,0.7974473,0.32324052,0.36621353,0.62468183,-0.0011714942878045852,0.00033295101386304814,-2.7321700197113637e-05,0.0015162499612396628,-0.0013782595768649765,0.004153758134933145,-0.0011829900622763107,-0.0009438897871440523,0.005150720526146838,0.0007455951257835236,0.0009185906827272204,-0.0003478735267310584,-0.002679288097471771,0.0030203990245289696,0.0019008252541198025,0.0022988600138092656,-0.0011461359757279194
0.7569,0.35455328,0.7734606,0.99229723,0.82974666,0.88,0.88,0.3888614,0.34271255,0.37864074,1.0,0.37864074,0.27787504,1.0,0.45199054,0.4062135,0.41912618,0.0005699079583679483,0.005083681559712097,0.0013166677390336157,0.0009245223079082405,-0.002026770701282616,-0.0006119548476388181,-0.001047392558663104,-2.6087734435354942e-05,-0.00589204078723768,0.008225662001836198,0.00029883257723401413,0.01299267243290457,-0.018063662237742032,0.005264927389924782,0.00045631765857603374,0.00046582704450760673,0.000574654587583085
0.71400964,0.7374609,0.73527795,0.7205724,0.94,0.88,0.6441142,0.30560684,0.26469937,1.0,1.0,1.0,0.21462111,0.21462111,0.5157405,0.3434862,0.54468185,0.0005821436057121554,8.731388103912559e-05,0.000292048340024491,0.001977771926468133,-0.003304332546198038,-0.0003845362656763515,0.000623201184697946,-0.00010538217861321638,-0.011519765703070162,-0.00273026953452356,1.485230702486795e-05,-0.0013767487387440901,-0.035566171200261634,-0.010355332128008878,0.00013682191457374592,0.003908351403480043,-0.0003269335908476194
0.81045485,0.77204144,0.8418077,0.82497156,0.99229723,0.88,0.88,0.6469584,0.7933449,0.9169722,1.0,1.0,0.81762403,0.61374426,0.82324046,0.4862135,0.6191263,0.00046198726012481185,0.0001813815872309727,0.0008549371605749007,0.0026634910124926563,-0.007160148029012058,-4.378960934971039e-05,-0.0007273784946379785,0.0006265687795352126,0.01187010570989949,0.00048497347389746877,0.0007742584332277203,-0.0006578154206896142,0.026315243087162335,0.0042548585537261355,2.24712964082429e-05,1.665149559741834e-05,-0.0008469590744672718
0.7944875,0.43081942,0.79782116,0.90456796,0.66370684,0.88,0.88,0.34560683,0.306942,1.0,1.0,1.0,0.2488719,0.2488719,0.6482405,0.6062135,0.22245958,0.0006511864219997719,-0.00033366244230371327,-0.0001870433761490657,0.0014618462756399323,-0.00018713931031463294,-0.0005422606827491939,-0.0003547485025597203,-0.000465641962439182,-0.010034738194361936,-0.002443791194344734,-6.137165442215439e-05,-0.0004889490585304657,-0.03001890532221594,-0.008779081480035299,-0.0005911385827076723,-0.0018669588287339193,0.0039590155255202816
0.9231587,0.9655172,0.16770014,0.16434614,0.16434614,0.88,0.88,0.40400696,0.35549146,1.0,1.0,1.0,0.28823632,0.28823632,0.3644905,0.7243954,0.35245958,-0.0008489061522379628,0.0008932722101633106,0.000854584090051263,-0.005616421850800788,0.007452761451130806,-0.0005851990522704604,7.959017390568802e-05,-2.7311161592768487e-05,-0.008525687826173058,-0.0029500775946655292,-5.439877656655316e-05,-0.0007911357304646878,-0.030193212120485032,-0.004159170302962812,0.0014067841338551352,-0.004899199675503273,0.002008681327357376
0.91132885,0.682166,0.3461836,0.99229723,0.35523129,0.88,0.88,0.32950988,0.29220155,0.6584483,0.6584483,1.0,1.0,0.23692018,0.56949055,0.13712259,0.46912628,0.00012739552778139892,-0.00101717991718065,0.00011617179157492912,0.0020441018209887843,0.006180782511125773,-0.000998469700617728,-0.0012820159447832528,-0.0006567131951420856,-0.0071012753112220895,0.004046380352614521,-0.0031973219251560203,-0.00035399704222808024,0.047882587381216056,0.010141670158238145,-0.00056984314529946,0.007870394692019413,0.00038687083996903485
0.26371837,0.5716596,0.81219167,0.9081062,0.9433281,0.88,0.88,0.28080696,0.24812989,1.0,1.0,1.0,0.2011864,0.2011864,0.2294904,0.34348628,0.74801517,-0.0003954514495914291,-0.0007487353054265896,-0.0008114711933194746,0.0008277725236550835,-0.003910319884385038,-0.0006813395505104272,-0.00039887529110784305,-0.0005918762780782007,-0.011885176317851479,-0.002678388456947035,8.585429629415358e-05,-0.0008034919601849899,-0.03691103265843541,-0.008642255266374606,0.002129054967098654,0.0037389954304566236,-0.002745669721160788
0.9231587,0.9655172,0.25493032,0.24983172,0.24983172,0.88,0.88,0.49000686,0.4215603,1.0,1.0,1.0,0.34180564,0.34180564,0.39699054,0.5862135,0.7891263,-0.0010261265366904428,0.0007591146600940024,0.00039765595461894955,-0.0034168040636441944,0.005000134339348521,-0.0007915068094404301,8.833726010708923e-05,0.0003181540917455298,-0.005803215779188528,-0.003322951147435513,-0.00022649199195045794,-0.0012551547359777719,-0.02893939804937506,-0.006250448722448929,0.0010030331764570818,-0.0027670988681730985,-0.003129598542184522
0.8906414,0.77048427,0.7890518,0.94,0.9420575,0.65376174,0.88,0.6085584,0.772074,0.93697226,1.0,1.0,0.74461544,0.6344262,0.60324055,0.5289408,0.6524596,0.0006272110760125442,7.805855990792579e-05,0.0010363649374186736,0.004260375113050929,-0.00658376561850931,0.0010318375288559422,-0.0006226928946333416,0.0008748148292233091,0.010650232580544148,0.00026887018476751107,0.0005714866581214898,-0.0006250095057192511,0.024021798731540107,0.00571713304729166,8.574614746677013e-05,-0.0007032192951003431,-0.0016829146595471137
0.7601635,0.7687495,0.94917023,0.9301868,0.915161,0.88,0.88,0.54975843,0.49680755,0.93697226,1.0,1.0,0.40281692,0.9317883,0.70824057,0.44439533,0.53134847,0.0006484500340658956,0.0006769068266328619,0.003319302706665865,0.003437556359291511,-0.005554270134697462,-0.0007946076217906603,-0.00150879801597552,7.729063328721977e-05,-0.0010854715705644515,-0.0007745320185556298,0.0009271316499277586,-0.0006627050949895927,-0.018362117128387815,0.002087504826539339,-0.0008408936866150103,0.00045369085224126587,3.9313562684213115e-05
0.9231587,0.9655172,0.24523398,0.2403293,0.2403293,0.88,0.88,0.6617584,0.7969999,0.93697226,1.0,1.0,0.7350476,0.6492657,0.5132405,0.63439536,0.60468185,-0.0008451854290295799,0.001313869589836991,-0.0015476805189101322,-0.010120405848948378,0.010452431536330855,-0.0005731560728071824,-0.00021127940627480173,-0.0004316083000426448,0.014049546229229824,1.596932625016711e-05,0.0010802356707522926,-0.00036655623639141234,0.021848179039544596,0.0027454530504821234,0.00021076817497542384,-0.002631855331532764,0.00010295973431845816
0.89151543,0.9339215,0.13988893,0.94,0.13709114,0.8433489,0.88,0.2913585,0.25901413,0.9169722,0.9169722,1.0,1.0,0.21001147,0.62199056,0.26257715,0.38912624,-0.00014843212905055837,0.0018679745196262068,0.0007243859154798264,0.001936792376803483,0.009954114873515125,-0.0005564410480658988,-0.0009126233601680981,-0.0008502111125295506,-0.01150239604789783,9.82747058715168e-05,0.00032908808895197274,-0.0006244621420433162,0.05149821279338854,0.006255830215230378,-0.0013944291664124873,0.006736551179203879,0.0022211322723411624
0.7876693,0.7023657,0.5897489,0.94,0.71018296,0.8841149,0.88,0.71615845,0.7453277,0.93697226,1.0,1.0,0.74383366,0.6870611,0.58824056,0.4553044,0.8280152,0.0004887434135797966,-0.00014736174185026155,0.00020477031536610867,0.0035106599081895945,-0.0008746361578631576,-0.000663861630202715,-0.0007175288364224914,0.0007823577566957104,0.011321604678111108,8.120794277963937e-05,0.0008079116274620898,-0.0005106404765629918,0.02141512929388238,0.0026654713249105576,-0.0002396505257884415,0.0006727889458678935,-0.003939592049339143
0.9181472,0.7719958,0.45624352,0.94,0.96514356,0.7522566,0.88,0.42655846,0.6720562,0.93697226,1.0,1.0,0.54491043,0.7030842,0.3582405,0.290759,0.4502374,0.00044998288726298295,0.0002585923660811611,-0.0006145675599183833,0.004625313934135223,-0.00753491717610217,0.0011643517003208374,-0.0014108079819875263,-4.4210229773442994e-05,0.010800307222382512,0.00022474258083411005,0.0007045857024436941,-0.0002860397727351294,0.0020060183845129836,0.0006577878863336061,0.0011335647526737496,0.0026431548413471,-4.659959925100671e-05
0.43265775,0.6720197,0.8773962,0.94,0.94,0.52771604,0.39956564,0.33215836,0.29492754,0.9169722,0.9169722,1.0,1.0,0.23913044,0.25199044,0.46894082,0.34579298,0.001582195581829816,-0.0014659431643846638,0.0007902160035010098,0.006504997077560542,-0.008093709148716566,0.0037530688008893466,0.006837744492553985,-0.000590746520273761,-0.005179775060878276,0.0005652266301792933,-2.230810578239522e-05,-0.0005571680771876353,0.04777491840204783,0.008115706508659906,-0.00024346673673992367,0.0004963527181268736,0.004097348250146072
0.82525676,0.6954121,0.8838953,0.94,0.9742972,0.8166462,0.88,0.566807,0.48938087,1.0,1.0,1.0,0.3967953,0.3967953,0.6744905,0.5871227,0.7124596,0.00041856995955984335,0.0001634969799701599,-4.845916795260438e-05,0.0008046784068197016,-0.0038790536010742636,0.0005969707097820067,-0.0003400520745723768,0.00019279813851860852,-0.00389285909465885,-0.002719411863025109,0.00011637552382484857,-0.0011432963900592475,-0.026009861786331846,-0.007364292549147405,-0.0010601929304374727,-0.0025296121854156937,-0.003182210499217726
0.81400967,0.7686939,0.8225866,0.96814126,0.80595535,0.88,0.88,0.46335837,0.58645594,0.93697226,1.0,1.0,0.47550482,0.8599224,0.5394905,0.4680317,0.42023733,0.0008716243749977018,8.081841148953342e-05,0.0021645965460038216,0.003634549918509684,-0.002548598939864557,-0.00048002963216734986,-0.0013247709560731658,-4.6875851987825485e-05,0.004822968040320913,-1.0613860725964159e-05,0.0006163440799754638,-0.0005683566365457213,-0.005513883401962052,0.0024546208226481655,-9.930477369876994e-05,0.00022989585106982438,-0.00019375353434976296
0.59448755,0.87204504,0.7776567,0.94,0.90833646,0.8727212,0.88,0.33400697,0.2944155,1.0,1.0,1.0,0.23871526,0.23871526,0.30949044,0.4053044,0.65690404,0.00011276223476299953,-8.981536804119638e-05,-0.00026135918944686967,0.0013193989422314648,-0.0030322672450619923,-0.0006074184103407914,-0.00033326455275806756,-0.00026495386778080697,-0.009461404948286149,-0.0023929182637509707,0.000534715170029434,-0.0011879599572256917,-0.0332966995540564,-0.007499814436718194,0.0014805356082133042,0.002261492970531931,-0.0018598175481221257
0.7518885,0.85428894,0.8174673,0.94,0.94,0.7509752,0.6917444,0.53735846,0.62593496,0.93697226,1.0,1.0,0.8411645,0.48839468,0.5107406,0.53257716,0.5269041,0.0007196223427744459,0.0002886032848564828,0.00028837065519747205,0.004023871458315929,-0.006940474829145231,0.0011611659591313746,0.0017037155163358525,0.0010024375272084398,0.00742802344728587,0.0003731344579790701,0.0007573355955811268,-0.00039398847688030647,0.037625778995974635,0.0066188105328146484,0.00020392826272820717,-0.001228924820628888,-0.00011769490544494786
0.9231587,0.9655172,0.3699106,0.3625124,0.3625124,0.88,0.88,0.6904614,0.5901289,0.4539741,0.4539741,1.0,1.0,0.47848287,0.42699057,0.7407591,0.6013486,-0.0008607628636009804,-0.00047165680487226865,-0.0004190774588723997,-0.001907592746796664,0.00567180314117145,-0.000520048596192685,-0.00014150225655994994,0.002472723191119113,0.0033052812421838483,0.005876154629109513,-0.00912570912645483,-0.0003938338680460665,0.040917285158842305,0.004601357212398239,0.0005576007747894009,-0.0050567363798117914,-0.00020391235116771396
0.7302683,0.5140839,0.51981014,0.8857861,0.66832465,0.88,0.88,0.365607,0.31930554,1.0,1.0,1.0,0.25889638,0.25889638,0.56449056,0.38257712,0.5046818,0.0008190059138444611,-0.001138439286557413,0.00026505817552062373,0.0008949506868476382,0.00019533576452559904,-0.00036638893245009505,-0.0003254745161917252,-0.00012140107582504976,-0.010327122968511444,-0.0023976663502965102,-0.00011944653843574301,-0.0006607308759263551,-0.031088608478897762,-0.007453233642129904,-7.577839671073808e-05,0.0032196993854153285,0.0003809112837326721
0.9231587,0.9655172,0.26286337,0.25760612,0.25760612,0.88,0.88,0.6193584,0.6152177,0.93697226,1.0,1.0,0.49882513,0.8907482,0.71324056,0.37439537,0.7469041,-0.0004089714880782385,-0.00031571471999913484,-0.002590563686487196,-0.006475555526423513,0.005858058514764302,-0.0009202791940916084,-0.001128166280335281,-0.0011582421665311837,0.006242042891783503,-0.0006965470355497451,0.00048725218362749773,-0.00027226528796688796,-0.003718326365661244,0.000152119873375608,-0.0019070600384655271,0.001447870823665181,0.0019335840430463823
0.57583946,0.7205859,0.66728294,0.9742972,0.72751796,0.88,0.88,0.31375846,0.54966897,0.9169722,1.0,1.0,0.6865085,0.49848998,0.10074043,0.361668,0.5446818,-0.00022168931050277566,-0.0005342355710775378,5.001402677319701e-05,0.0030904939145795633,-0.0012042948732418422,-0.0009348458765950676,-0.001231126689041291,-0.001557468703220274,0.003209950434589634,0.0006375572309174116,0.0007934356913108778,-0.000248641925258537,0.017271492548488736,0.0031719730925051483,0.0018101406093100113,0.004065549404415414,-0.0003170128136757639
0.4557346,0.5461003,0.81399953,0.79771954,0.8597547,0.88,0.88,0.27040696,0.24198072,1.0,1.0,1.0,0.19620058,0.19620058,0.2182405,0.5489407,0.40134844,-0.0008364357448337981,-0.0004972551841815321,-0.0008555924093452029,0.00047859139136320855,-0.0024826925941853558,-0.0006925160325944342,-0.0003082443069919448,-0.0009090903064469528,-0.009671167691997867,-0.002529514797429966,0.00030303049084756103,-0.0007825342995479795,-0.035261058660313455,-0.007672190305432245,0.0017193348998648774,-0.000900067042656921,0.0018112460960195064
0.5601635,0.5167425,0.8391961,0.94,0.9433281,0.81621236,0.88,0.61055857,0.6914103,0.9169722,1.0,1.0,0.7223364,0.6277773,0.41949052,0.3634863,0.7869041,-0.00040210605696784185,-0.0021448952585872826,0.0007952377147356628,0.0036069001146224163,-0.006783252589536412,0.0003879463114371974,-0.0014863058202348102,0.001083520193113058,0.00816762084205444,0.00032088663612422214,0.000797044473009901,-0.0008196735040089787,0.018616424059120115,0.00472915466461058,-2.0359407970569012e-05,0.002884253533126645,-0.0040705858867810755
0.84035003,0.7311876,0.90584034,0.94,0.92764825,0.94859445,0.88,0.372807,0.33138356,1.0,1.0,1.0,0.26868936,0.26868936,0.5082405,0.43894082,0.47468174,0.0004486339041732798,-0.00011238964090449778,-0.000746343377801708,0.001077540198640153,-0.003001044172601694,-0.0018794136406972547,-0.0004336576051328528,-0.0004452346587881721,-0.010335732073241469,-0.0026478737079388293,-5.2488978773955754e-05,-0.0010375130828932434,-0.034697270041899715,-0.009133668188232186,0.00012574635997380726,0.0018473470806100447,0.0008142614397306826
0.7681472,0.7205859,0.74478036,0.72988474,0.8916575,0.88,0.88,0.37535843,0.546837,0.9169722,1.0,1.0,0.72097427,0.5032784,0.3582405,0.44166806,0.38468182,0.0007095956258804306,-0.00014407271436465586,0.0009991500571302912,0.0016811964186400896,-0.005245252302243197,-0.0005117904503143321,-0.001066721176002809,0.0005399046354171682,0.0035874545507173267,0.0004937783010867196,0.0006891437468886938,-0.0008108204164626648,0.021653488261771204,0.004242661163196293,0.00017560229826063252,0.0009286346535276836,0.001252251444977258
0.7060261,0.62010324,0.6672626,0.94,0.99229723,0.6787521,0.88,0.5645585,0.76315814,0.93697226,1.0,1.0,0.61877686,0.7297664,0.61824054,0.54348624,0.49579293,0.0009133291451506986,-2.0940380319067146e-05,0.00020975916442363018,0.003735385652027021,-0.007641060371461407,0.0011373504575423717,-0.0014317370080970454,0.0009594649353077109,0.012571946279344317,0.0004558486137356632,0.000473974259256629,-0.0002268053903312417,0.012446884157236583,0.0034117428333695922,6.22199325522511e-05,-0.0019005345339889069,0.0004961166835544651
0.7876693,0.7023657,0.5897489,0.94,0.71018296,0.8841149,0.88,0.577207,0.49125946,1.0,1.0,1.0,0.39831847,0.39831847,0.58824056,0.5853045,0.8280152,0.0006480724163615315,-0.00023259932740844877,0.00021741790876255031,0.0006028004321626397,-0.00028300789751779294,-0.0008336345859352697,-0.0006019921686285588,0.00036304942651055653,-0.0037362866782585714,-0.0025049587105184313,-3.336673726882844e-05,-0.0010658224570163843,-0.026513425424028188,-0.007235232790369434,-0.0006138115650157131,-0.0030815209117176345,-0.005764642217481274
0.90602607,0.8341046,0.85670185,0.94022495,0.94,0.88,0.78728664,0.5629585,0.63286287,0.93697226,1.0,1.0,0.51313204,0.8474998,0.36574042,0.6543954,0.5335707,0.0009516839882116729,7.810453469913116e-05,0.002121395549431622,0.0021696874700087732,-0.00570952252885012,-0.0006450273031936088,0.001626642819917441,0.000400678404312306,0.007440026471462481,0.00013648250087014348,0.0008401997528921854,-0.0014517137582106105,-0.001412612137179876,0.006624223701514228,0.0014355427081898548,-0.004066255701108903,0.00012569052330183096
0.67939425,0.7755932,0.8417247,0.82489026,0.94,0.88,0.5799126,0.5001583,0.52537686,0.9169722,1.0,1.0,0.42598125,0.9176782,0.57449055,0.4971226,0.5502374,0.0007752823417027718,0.00017036812800523397,0.0027982608111320906,0.0030101697175218957,-0.006492016808284737,-0.0008752183071009266,0.006285677445522595,7.19309100791205e-05,0.00013594112158065566,0.0005677068445837006,0.00044255436036257757,-0.0010037163057041336,-0.013836923780146273,0.007280086303184055,-0.0003389207305971074,0.00043301867221076954,0.0002739110157113303
0.8918068,0.6642838,0.47003168,0.94,0.46063104,0.53056926,0.88,0.54895836,0.5893112,0.93697226,1.0,1.0,0.90172124,0.4412667,0.7244905,0.39166814,0.5457929,5.8575154894387255e-05,-0.00011244178503337688,-0.0002550435149202777,0.0030655427716218923,0.0038072099946697704,0.0035736262023958066,-0.0008128231145189403,0.0003461545805314791,0.005964446759836998,7.864316622093242e-05,0.0004475604059306396,-0.0007653515439453762,0.03940404789244427,0.00770347543274835,-0.0008169510547139062,0.002108267352710373,0.0001268800108943074
0.656026,0.57907915,0.82805187,0.94,0.881113,0.43173182,0.88,0.3352069,0.29476717,1.0,1.0,1.0,0.23900041,0.23900041,0.18324041,0.37894085,0.8024596,0.0006444135314244434,-0.0010822214583320069,-0.0005956725942792914,0.0011429350143477431,-0.002905490812088637,0.009574525894045314,-0.0005444877309295916,-0.0003923036171586941,-0.011274301359587879,-0.002615546584517037,0.0002071054159658934,-0.001363827771179646,-0.03839379612205482,-0.011328020686669542,0.0034605385319955314,0.004488276198997177,-0.003909353149683247
0.8175644,0.7719955,0.77925724,0.94,0.86448,0.8166729,0.88,0.5197583,0.5431181,0.93697226,1.0,1.0,0.77742016,0.5287409,0.3582405,0.2662135,0.78357077,0.0005197428887927313,0.000508760682425291,0.00046444776780423663,0.0033679754309002925,-0.004257781654665141,0.00018611752274606594,-0.0016335590336047342,0.00046213430113262974,0.004008683655938635,0.0001868994622869951,0.0006024009731349208,-0.000697529388022301,0.02829600804385809,0.005158992240554271,0.000760762011140481,0.005273768848050194,-0.003620750451406575
0.8048607,0.2582032,0.9253455,0.9068386,0.94,0.88,0.38454586,0.54055846,0.4649227,0.93697226,1.0,1.0,0.37696436,0.94074255,0.52449054,0.30348623,0.82801515,0.0006073388922328495,-0.0006322755353390847,0.002008737091233125,0.004502699606625389,-0.004663926698214976,-0.0004595670967838071,0.007450830370332069,0.0001295599557406992,-0.0026237526994602827,0.0005894666899953202,0.000318163504158096,-0.0007347804673796904,-0.021820498264966043,0.012065325216104173,6.557277523071875e-05,0.006117577961307857,-0.003549044024190869
0.67939425,0.7755932,0.8417247,0.82489026,0.94,0.88,0.5799126,0.5253584,0.82020026,0.93697226,1.0,1.0,0.72011906,0.59413767,0.57449055,0.3753044,0.45690408,0.0007619840126504301,-9.887545335974659e-05,0.001117347557992959,0.0031671927747456375,-0.006506330021431811,-0.0005339366394662268,0.0038814510183932545,0.000505532109079013,0.011977917347156489,0.0005200734621674427,0.00038136544685086067,-0.0008615815665558327,0.020248484276521695,0.004661535087159842,7.944530026137132e-05,0.002611951016335597,0.0011947457628486218
0.806026,0.14510055,0.6482276,0.9420575,0.64358175,0.88,0.88,0.45655838,0.40884382,0.9169722,1.0,1.0,0.331495,0.9176782,0.2607404,0.42803174,0.4380152,0.0005285934761308512,0.0009344950627792228,0.0006651649561431516,0.0038896106878989617,0.0005077294139602866,-0.0009744497131898307,-0.0016048450962353287,0.00047742370533996703,-0.009096263763618419,-6.918985378860473e-05,0.0001125664579921612,-0.0005043506530663388,-0.02439565126182611,0.006734058597211812,0.001043679392214275,0.001180232984712456,0.0004554754851235176
0.571702,0.71334743,0.6489318,0.94,0.7905706,0.58748305,0.88,0.35560685,0.3110942,1.0,1.0,1.0,0.25223854,0.25223854,0.41949058,0.28166807,0.7413485,0.0005243983460934264,-0.00033409109762565616,6.37647098859267e-05,0.0012981281604253104,-0.0014709891092069593,0.0051953580699535895,-0.0006003042054695784,-0.0006142999398617502,-0.011252283109584076,-0.002290602619736264,0.0005266589283918463,-0.0005530533222430239,-0.03593365445211423,-0.008559276021568127,0.0008501019314067809,0.006756077942626761,-0.003138133019663318
0.75305396,0.80322796,0.59182656,0.909952,0.61933976,0.88,0.88,0.29255852,0.26350504,0.9169722,0.9169722,1.0,1.0,0.21365273,0.23824048,0.35984993,0.38023725,0.0004798538252313868,0.00042730355453358444,0.0003008703388087643,0.002462854155156984,0.0008554378923691839,-0.001221971454662534,-0.0005803947392023839,-0.00014533443204316833,-0.009850084126268819,0.0005745034683228593,0.0002518938075171833,-0.0005169927445365205,0.05270767296904971,0.006669985226484659,0.002165994503804422,0.003521284302348703,0.002595557048646532
0.9030539,0.80322796,0.64268893,0.99229723,0.6876982,0.88,0.88,0.44855842,0.38094425,0.9169722,1.0,1.0,0.99148273,0.319935,0.3219905,0.4298499,0.6235708,-0.0005047992618294799,0.00045653712700607305,0.0005480482062527113,0.0031839078344626974,-0.000531500035912899,-0.000639904407950405,-0.0004325972879985035,0.0002530561474203017,-0.003594234788782757,0.000700028912864329,0.0006913308879303679,-0.0004776666008371472,0.05366051267248073,0.005246236940428861,0.002268813176646818,0.0020929074185987327,-0.001083317534322485
0.26371837,0.5716596,0.81219167,0.9081062,0.9433281,0.88,0.88,0.3676615,0.3253115,0.57678866,1.0,0.57678866,0.26376608,1.0,0.2294904,0.34348628,0.6180152,-0.0060380383414729445,0.002465055898273007,0.0008868806982683025,0.00040735514377943295,-0.004851643338423443,-0.0006011978787511709,-0.0012525791226813549,-0.001803268952919819,-0.007426854203674758,0.00780038304357181,0.0004154340560975284,0.008157331225905888,-0.023801929230780915,0.0035652076819761443,0.0016100886548004634,0.0027484557829202815,-0.0005602395383618633
0.9219933,0.86782813,0.87192553,0.94628835,0.8134048,0.88,0.88,0.4477584,0.38310748,0.93697226,0.93697226,1.0,1.0,0.31062767,0.7144905,0.31803176,0.58023745,-0.0003596664696470908,0.0007760522873953074,0.00032413226314161785,0.00391636218371133,-0.003798433781225111,-0.0009377148950248322,-0.0005242559928414199,0.0002612593016459834,-0.005511744912504986,0.00013891473041946766,0.0004613951089848373,-0.00041413533296689954,0.05115431334108173,0.0044242903919934524,-0.0024902729089286845,0.004455848840377186,-0.0010337781929756367
0.771702,0.7875982,0.75802916,0.94,0.92764825,0.5635914,0.88,0.57215846,0.58865756,0.93697226,1.0,1.0,0.47728992,0.87714225,0.3069905,0.72803175,0.39134842,0.0010364101893541183,0.0003601485162796074,0.0010630997385410112,0.003214559835537558,-0.005694393015303862,0.005225209496924892,-0.0012343014107882655,0.0005714443751006909,0.004606446011892837,0.00014162255538409307,0.0006573228453556396,-0.0003640506463868129,-0.004642333735343575,0.003624791016198481,0.0018242203098228866,-0.004196782086166124,0.0007352259995482814
0.756026,0.71298456,0.84264636,0.94022495,0.81403244,0.88,0.88,0.38960692,0.34343106,1.0,1.0,1.0,0.2784576,0.2784576,0.44199055,0.53257716,0.46579298,0.000583549707488344,-0.00031355886521813696,-0.0006439664297798593,0.0012621709281418125,-0.0017772242514406114,-0.0010789685659517438,-0.0004009542618516854,-0.0003696086530106048,-0.008360317526355474,-0.002857025826260511,0.00017917869793029526,-0.000945849724420611,-0.034098252894577914,-0.008903820462651231,0.0005285042725476004,-0.0011348371848904993,0.0012610588536172845
0.48679525,0.5718807,0.77332795,0.9742972,0.87612826,0.88,0.88,0.17720704,0.16789587,1.0,1.0,1.0,0.1361318,0.1361318,0.27949047,0.40712252,0.3746818,-0.0005617891673655276,-0.0006301793697418807,-0.000511548503245039,0.0014200403036598592,-0.002851652213462026,-0.00044203216884716414,-0.00021934327577790707,-0.0006641095928611672,-0.011487590496026245,-0.001985248212900229,4.241249692249141e-05,-0.00038259164710255643,-0.03281194809009438,-0.007349752162618382,0.0013400521737623567,0.0018006239277102143,0.0016568360596894679
0.9231587,0.9655172,0.3578997,0.3507417,0.3507417,0.88,0.88,0.58600694,0.5043703,1.0,1.0,1.0,0.4089489,0.4089489,0.6982405,0.79439545,0.45023727,-0.0008715849837831285,0.0005898077367096862,0.0006000914689746576,-0.0029504547467617322,0.0057088563136943405,-0.0010385519618013187,3.8589396658301236e-05,0.0006042011342727727,-0.0009997572420221768,-0.0032987541965519064,0.0002995668380169292,-0.0007660569019103395,-0.02245660368831933,-0.002559371813192134,-0.0017465363213024973,-0.008692062214306155,0.001505507215961054
0.61727315,0.62688017,0.8160261,0.94,0.96716094,0.6862055,0.88,0.272007,0.24209288,1.0,1.0,1.0,0.19629152,0.19629152,0.5807405,0.1998499,0.56912637,0.001024577638932579,-0.0004409710329695464,-0.00033650390581825714,0.001848335125589087,-0.0038521874910596,0.002634817439895139,-0.0005360595604583528,-0.0003889026386663648,-0.01146875877520912,-0.0020226758818416343,0.0006433138287887364,-0.0010950870477028985,-0.03875333350429837,-0.00854162815990846,-0.00018441399575553095,0.007636255281644885,-0.0005001120618068697
0.5947789,0.70785475,0.74129534,0.9742972,0.77375364,0.88,0.88,0.45735854,0.5639867,0.9169722,1.0,1.0,0.45728654,0.8125735,0.3582406,0.33803168,0.64134854,-0.0008201255449899317,0.0008348284197983708,0.00031102916874753574,0.0011560433032455134,-0.0015300021854492425,-0.0005591447180919583,-0.001012567103372124,-0.00044782203534986064,0.004017282876124494,0.0007269964847011435,0.0004330314559988413,-0.0005723758388591191,-0.00605124812348941,0.0033176913945490317,0.0007673262423080662,0.00329639825720655,-0.001041358063341417
0.73737794,0.8002667,0.6907904,0.94,0.5885435,0.752257,0.88,0.5913585,0.6015005,0.9169722,1.0,1.0,0.8692886,0.46778157,0.47449058,0.6143954,0.3813485,0.0004631185885955106,0.000246289815643848,0.0006701712021953708,0.0031757170538407346,0.0012996703137660647,0.0011106079787460779,-0.0006367301751395472,0.0004252438793960109,0.004638508708835827,0.0006219136944885954,0.0007075919811160171,-0.0007787092715267585,0.03197799415618338,0.00676120576699466,3.623413418124884e-05,-0.001894991475945818,0.0022550705638181632
0.9231587,0.9655172,0.2309625,0.22634326,0.22634326,0.88,0.88,0.4556069,0.3941068,1.0,1.0,1.0,0.31954607,0.31954607,0.6044906,0.64166814,0.39912626,-0.0015509962049267657,0.00047090288154251177,0.0008255705943900809,-0.005398866663689506,0.006852678832294523,-0.0007579710855644243,0.000222805915428247,5.903256184005925e-05,-0.006435021383306843,-0.0027461878674438526,-3.7291305718027966e-05,-0.0007831299382303614,-0.025702269322900394,-0.00426630202189265,-0.0009784879341935826,-0.0038113999143984012,0.0017669273689024001
0.9184385,0.85880697,0.8039729,0.7878934,0.94,0.88,0.7562161,0.6851099,0.5885584,0.6756142,0.6756142,1.0,1.0,0.47720948,0.6019906,0.64075905,0.7313486,-0.00040249724550581634,0.00048192867580981817,0.0006712409809978739,0.002997947781316825,-0.00644570541899429,-0.00025719480601294506,0.00012791823789205805,0.0021995655436489224,0.004910556916704129,0.0024994264680714144,-0.0023118016732732454,-0.0008112753568672626,0.047307744404361377,0.004354986036847947,-0.0002780431781921168,-0.005387858251168541,-0.004752851125933685
0.81785583,0.785743,0.7357044,0.94,0.99229723,0.6714619,0.88,0.6593585,0.7294689,0.93697226,1.0,1.0,0.8587738,0.5365443,0.5882405,0.62985,0.51579297,0.0006841229822155306,8.726120621927376e-05,0.000915141689003155,0.004945140425633733,-0.00853981950500969,0.001668707490174224,-0.00030204469306744123,0.0011565210767497417,0.010397357403597339,0.00031774253368483106,0.0006005817400039726,-0.00046929216158172473,0.031647614434144676,0.005273107605746615,9.527825826827832e-06,-0.0032106329446815983,0.00021234403337183085
0.56785583,0.68978965,0.75219977,0.94,0.6195014,0.62410563,0.88,0.44895843,0.6519103,0.93697226,1.0,1.0,0.79936844,0.43731502,0.46949053,0.42803174,0.31579292,0.0007727095447609997,-3.940828579682472e-06,0.0005828561000616576,0.0034851043587327602,0.0017113497881031273,0.0025208177286206684,-0.0006069915413223823,0.00016462549278427728,0.008728059559983183,0.00040627866589683544,0.0007017869327523077,-0.0002749941527820277,0.028660637230428505,0.005637879156034851,4.556391106445352e-05,0.0008831253106587006,0.003188503767408108
0.7681472,0.7652451,0.67679363,0.6632578,0.99229723,0.88,0.88,0.5361584,0.5772207,0.9169722,1.0,1.0,0.84769917,0.44708195,0.53949046,0.3753045,0.45245966,0.0002896675695459545,0.0006278993689711991,0.0007218587064486907,-0.0009912828012255516,-0.008868867754625982,-0.0007190029967297525,-0.000710359230158365,-0.00018969344799719346,0.005532272003494396,0.0008277795654016895,0.0007941888475006412,-0.0007153051137888117,0.03272232091709362,0.004374729102953113,5.4329087351046285e-05,0.0021793923968475275,0.0006337868421287182
0.7989164,0.89430994,0.47157744,0.94,0.46214586,0.7973995,0.88,0.68991,0.5874604,0.9169722,0.9169722,0.93697226,1.0,1.0,0.8382405,0.59984994,0.61245966,0.0004825885436844788,-0.0004585581843001134,-0.001024930110499596,0.0024670581833621925,0.0030267566917865836,0.0005154642832358907,-0.0016188621035024173,4.985885045282065e-05,0.004245022288864542,0.000602687237118301,-0.0010035046821620488,0.000687107410942909,0.041238058880433026,-0.0089600528252156,-0.0008925586387925727,-0.0009238583300480228,-0.00031991188348597896
0.4933222,0.5319987,0.9687136,0.9493393,0.9742972,0.88,0.88,0.53255844,0.6317363,0.9169722,1.0,1.0,0.5122186,0.8480836,0.78574055,0.31803176,0.5680152,-0.0027255658381997593,0.0027163369573591683,0.0017857391919055656,0.0012340404842668305,-0.005907924770297481,-0.0006699314636903471,-0.0010549695570010403,0.0001983769694278939,0.0072480797450591924,0.0006822620153020208,0.0009146501497278906,-0.000489885127222697,-0.0019047909276338176,0.0036861730510482403,-0.0008522181391832037,0.003165336128125212,-8.628330442801768e-05
0.90690005,0.9816195,0.260924,0.94,0.25570554,0.8986786,0.88,0.44120696,0.38025206,1.0,1.0,1.0,0.30831248,0.30831248,0.63699055,0.4071226,0.65912634,-0.0005803628018675256,0.0009250103957651932,0.002841550691556347,0.003882317616718357,0.006322880204352521,-0.001297690883864248,0.00013957012913291377,-0.00040494499300099037,-0.009677855160177752,-0.003162841194539458,0.00025978999867725116,-0.00038834055065847686,-0.03980868566200569,-0.005489108089672973,-0.0013917135424836517,0.0038474392835262574,-0.002689974073462652
0.7832404,0.4950851,0.8307466,0.9476599,0.69383574,0.88,0.88,0.4812069,0.4148729,1.0,1.0,1.0,0.33638346,0.33638346,0.69199055,0.5262136,0.5313485,0.0006330016864682344,-0.000350991977433183,-7.552721772882453e-06,0.0011848471491349535,7.185449357272264e-05,-0.0009347671255724568,-0.0003046720465032257,-4.2708584916651184e-05,-0.007665944533806443,-0.0025063587567770605,0.00037517877423187213,-0.0007426903812663199,-0.033273104819254586,-0.006759020761560846,-0.0010145791462649668,-0.00037147264232882156,0.00026000780125615255
0.9231587,0.9655172,0.11663028,0.11429767,0.11429767,0.88,0.88,0.47375846,0.5149069,0.9169722,1.0,1.0,0.7686584,0.5080363,0.14699054,0.5816681,0.48468176,-0.0008324550155633534,0.001756688988710114,-0.0021034049949591417,-0.014278572291537834,0.015338337499718762,-0.0011255848375243932,-5.336763018350506e-05,-3.4577028158073507e-05,0.0006634740300023065,-0.000792224986269035,5.848784348452306e-05,-0.0005341431963394776,0.02297679982645712,0.0030393147683632203,0.004944253156443089,-0.001480368873539785,-0.0005511878657737363
0.913427,0.8571708,0.8619735,0.94,0.94,0.88044995,0.8166729,0.5673585,0.49115327,0.93697226,0.93697226,1.0,1.0,0.3982324,0.4594906,0.6753045,0.5813486,2.3979317093887127e-05,0.000648940190454064,-0.0005238363939092488,0.0041825074096878915,-0.00670208631738213,-0.0006775631472753649,0.00023704666391690692,0.0013264542907864443,0.0006397354728307565,0.00012111941988113488,0.0004672855648658836,-0.000632708763973715,0.053229612614021704,0.001063356259944856,0.0003415184507369358,-0.007850173662741594,-0.001146505470485016
0.9231587,0.9655172,0.25320357,0.24813949,0.24813949,0.88,0.88,0.5868615,0.49729204,0.5246136,1.0,0.5246136,0.40320978,1.0,0.5132405,0.51348627,0.8280152,0.00035156254653927085,-0.0008188772554072436,-0.001950639502138895,-0.00020643319367838174,0.003889590548470299,-0.0006391455076171351,-0.0009732881939951661,-0.00031917971716697696,0.0015176752787253622,0.007627746798543644,0.000599435186959596,0.008826034526050264,-0.00831080726141488,0.0005156784466632045,3.4562438862477743e-06,-0.00023352357671264218,0.0010789748016406051
0.8867952,0.7441406,0.6976261,0.9742972,0.9742972,0.88,0.88,0.4409584,0.49674457,0.9169722,1.0,1.0,0.8301506,0.4565603,0.4557405,0.3516681,0.6435707,0.0002839925559950452,8.899558009214389e-05,0.0002186463489436089,0.0028340883967617847,-0.005970325399563416,-0.0010852221029816506,-0.0013213188587265284,-0.00011052836385013836,0.0025484421577618233,0.0006536846541289888,0.0007434710478423814,-0.00047442109289058454,0.04051602522362388,0.0044290862633293415,0.0004728280174172887,0.004805592520277469,-0.0017871604528334837
0.3793943,0.6557171,0.67485404,0.94,0.7231646,0.5954189,0.88,0.26320687,0.23776594,1.0,1.0,1.0,0.19278319,0.19278319,0.32324052,0.32166812,0.62468183,0.0013799809530790322,-0.0009103536072270377,-0.00037231869650460574,0.0013171717912347184,-0.0007507975619123228,0.005153115329497024,-0.0004207566128640376,-0.0014903218828926147,-0.012979053920096162,-0.0024363049883304217,-2.9106854007825144e-06,-0.0004440092366653692,-0.04272644667766725,-0.00741750973451226,0.0017807503470448943,0.005624358309502354,-0.0015758864233727037
0.8362125,0.64916545,0.88933957,0.87155277,0.94,0.88,0.6810241,0.63575846,0.7014388,0.93697226,1.0,1.0,0.8600377,0.54918957,0.5932405,0.57439536,0.69023746,0.0004228146610090585,-0.000943563301396286,0.0008895904267067465,0.0029928263692022223,-0.004019887768455873,-0.0002686361298752693,0.0018826456055634994,0.0006431678141974348,0.010017678770060028,0.0005468140398454064,0.00016216694744869656,-0.00130181568502531,0.037082132393135715,0.004719651883355273,-0.00023849644768913876,-0.002362650536601723,-0.003133178018943987
0.6447789,0.87972546,0.77527285,0.81396896,0.94,0.88,0.85529643,0.004407196,0.02392534,1.0,1.0,1.0,0.019398924,0.019398924,0.32949042,0.05803169,0.22245958,0.0009241524504389948,-0.00012670776496876985,1.7809351512049365e-05,0.0016087944386852663,-0.0040425419514872616,-0.000550410712805386,-0.000330637231561701,-0.0015546534372140961,-0.01457189433153258,-0.0017718509214698893,0.0006266573417918539,-0.0005383400227317778,-0.04111337804162741,-0.003401692541265523,0.0007213697905673902,0.00659623370355372,0.0021104556203774007
0.89151543,0.9339215,0.15836369,0.94,0.15519641,0.8433489,0.88,0.36190996,0.3182466,0.6330234,1.0,0.6330234,0.2580378,1.0,0.4919905,0.32894084,0.5691263,-9.08221336941064e-05,-0.0016844968173187224,-0.0021525024368729,0.0024125745976866187,0.0070816112443501415,-9.293666048978926e-05,-0.0013303243157685096,-0.00019454007445408845,-0.006345297276029971,0.005525101404351272,0.0006952156924954366,0.0060248432732106,-0.02171265332355329,-0.003603796995796893,0.0005980740667967964,0.0011587928475751367,-0.00024314852645923197
0.9231587,0.9655172,0.06124622,0.060021296,0.060021296,0.88,0.88,0.24855834,0.22140504,0.93697226,1.0,0.93697226,0.1795176,1.0,0.4344905,0.25348628,0.37023735,-0.001198026050428309,-0.0015813090870779314,-0.00486218611271152,-0.012893276529681908,0.01088096661260683,-0.0005543516964794862,-0.000816981419461569,0.001555433205977907,-0.01443237424456615,-0.0008594194134500675,4.37452341021416e-05,0.0009917341672213773,-0.03243431322872558,-0.004592521161720081,0.001348097668201315,0.0007259394644805042,-0.0037521661285939483
0.61727315,0.62688017,0.8160261,0.94,0.96716094,0.6862055,0.88,0.3417585,0.29829064,0.9169722,0.9169722,1.0,1.0,0.24185728,0.5307405,0.1998499,0.56912637,0.0009707611775149428,-0.0020307876560191423,0.00037346064070010445,0.004378606569498723,-0.007700602776200596,0.0028828827682315914,-0.0006962986982360006,-0.00023939531986983607,-0.00789972027890589,0.0009475394981513839,0.0008498611950656158,-0.0004460338681516604,0.05436747119010075,0.005635171762268,-0.00015547254820694412,0.008027097577182547,-0.000539665894074761
0.6521799,0.67931527,0.87167984,0.85424626,0.99229723,0.88,0.88,0.43120697,0.37075052,1.0,1.0,1.0,0.30060852,0.30060852,0.41949052,0.7280317,0.43245962,0.0002490262780204418,0.00021261352430521522,-7.494406670210264e-05,0.0007438807102343013,-0.004265862017068281,-0.001065822700651567,-0.00037329643318924,-0.0001305085317019365,-0.008050250162430633,-0.0026339946433708195,0.00020933144303442462,-0.0012225227297047246,-0.02843992908475636,-0.008789710344700682,0.0007818389445791813,-0.005362560224640661,0.0012786381696896346
0.6761308,0.42998976,0.84038705,0.94,0.77078164,0.94859445,0.88,0.32360688,0.28480652,1.0,1.0,1.0,0.2309242,0.2309242,0.5807405,0.4071226,0.475793,0.0007219582180755111,-0.0003992657910982121,-0.00041479630607303307,0.0009982164029271152,-0.0013005346173963937,-0.0015878381130363362,-0.0002830705286779259,-0.0003432167105775295,-0.009158290493899133,-0.0021130526177168805,0.00022811547890244367,-0.0010995886388629563,-0.029961373090884157,-0.007689971923119845,-0.00019168749829120553,0.0018978251602338664,0.00102332158887713
0.7104548,0.77578974,0.59338593,0.94,0.94,0.6599161,0.6599161,0.57055837,0.5281294,0.9169722,1.0,1.0,0.42821303,0.9504086,0.3219905,0.7243954,0.5446818,0.0008290909801909722,0.0007362996051112219,0.000723051935166988,0.002698453903946053,-0.005868789935744917,0.0029844557114732527,0.0040242222374024545,0.0007484307012542089,0.0012889621144941837,0.00038788945141534736,0.0010324182146613484,-0.0007087487718406549,-0.011639176072182806,0.005907310740526297,0.0017121515847381124,-0.0044405480253269045,-0.00023108658443422845
0.6992078,0.8000316,0.6693321,0.6559454,0.9045379,0.88,0.88,0.45206147,0.39443663,0.39081845,0.39081845,1.0,1.0,0.31981346,0.17449045,0.4480317,0.41134846,0.0009713147895566833,9.818709808129055e-05,-0.00025442628925886635,0.0004875631002890695,-0.006531206822624241,-0.0003246755289060515,-0.000766191771847317,-0.0002586993426023537,-0.0030139092580908633,0.005981065682739668,-0.009860584180291426,-0.000577891947609811,0.04157878008250513,0.0070256161362756316,0.0015191192284610161,0.0008936221474730745,0.0009087202974583038
0.37141064,0.5549811,0.8733042,0.88772357,0.96814126,0.88,0.88,0.3212069,0.2807179,1.0,1.0,1.0,0.22760911,0.22760911,0.4894905,0.4480317,0.4891262,-0.0010912293808666193,-0.0003820263016876958,-0.0012692559699759526,-7.140721533575822e-05,-0.0040055413122803505,-0.0008457024384267869,-0.00022719785638186766,-0.0006939197900767902,-0.009583417836843276,-0.0025919339991818655,-2.6967393869893563e-05,-0.0008158996660144624,-0.033786598131634725,-0.007693668890511688,0.0002531717659654145,0.0014600790019144395,0.000695288197432005
0.9231587,0.9655172,0.13315625,0.13049313,0.13049313,0.88,0.88,0.5573584,0.5354032,0.93697226,1.0,1.0,0.4341107,0.906656,0.23324049,0.6671227,0.5946819,-0.0007090355281884729,-0.0005383920363161372,-0.003318161976518297,-0.010749952795616857,0.009054489420879436,-0.0008926330611586014,-0.0008576210235432187,-0.0003765038940742388,0.0006325251830316954,-0.0019208943642256542,0.00021505981260048733,-0.000887293909726439,-0.012146715523709783,0.001116992660702952,0.004041661872803189,-0.00195299991974108,0.0010954034041417964
0.67881155,0.60129654,0.8984822,0.94,0.94,0.1057238,0.6596402,0.39480683,0.3458973,1.0,1.0,1.0,0.28045726,0.28045726,0.6294905,0.3998499,0.5057929,0.001722877090237819,-0.00010591183234461062,0.0006039764791396616,0.0034772995575435674,-0.00623900024242324,0.016697066238287896,0.001370509101941737,-0.0006565150176822473,-0.009810069944446147,-0.0023529310829861847,0.00020506122943200338,-0.0016192913781616636,-0.0365798442541602,-0.01036189927262528,-0.0008725991421382378,0.004130104120032476,0.0008338118647134054
0.9231587,0.9655172,0.30431238,0.29822615,0.29822615,0.88,0.88,0.58495843,0.49952295,0.93697226,0.93697226,1.0,1.0,0.4050186,0.42574054,0.6816681,0.73468184,-0.0005295611884465891,0.002808082042144096,0.0005800878116412469,-0.005465920586442874,0.006644531722695132,-0.0005944714697770807,0.00030486521636236425,-3.7632417804877956e-05,0.002924562837080478,0.00010305830513525692,0.0009547570107464302,-0.00030558064969122363,0.05259852637649716,0.004526791590101653,0.0010258669686455586,-0.005402767426931593,-0.0018222981367312552
0.78737795,0.7483317,0.83509797,0.81839603,0.9135261,0.88,0.88,0.5557584,0.8214676,0.93697226,1.0,1.0,0.6660548,0.6676781,0.6257405,0.5034863,0.6224596,0.0009856514708017825,-0.0001730260466068772,0.0013564171496989609,0.0031260076241646224,-0.005329954106375589,-0.00012206917743760819,-0.0008344237692237955,0.0005057260504562036,0.011532951254319922,0.00028688398081340763,0.000766403081721214,-0.0010813479724862624,0.012750934189265985,0.00477340166188693,5.60880214809595e-05,0.000246248269433102,-0.0007230955849637768
0.81785583,0.785743,0.7357044,0.94,0.99229723,0.6714619,0.88,0.726613,0.61754405,0.21287264,0.21287264,1.0,1.0,0.5007114,0.79074055,0.62985,0.51579297,0.00033242333879686647,3.266365328085573e-05,0.00016934790970811044,0.0022478787556549982,-0.008815501627437373,0.0008309520054781576,-0.0008597152856533526,0.0033456242965054085,0.004737949632065436,0.003976801459209787,-0.017809810577416908,-0.0009294812227236182,0.04214717204430693,0.00420720795127581,-0.0009443558417217374,-0.0032093176586910055,0.00030557275717450793
0.91400963,0.76216745,0.7740803,0.94,0.73045075,0.6441142,0.88,0.68655854,0.78332907,0.93697226,1.0,1.0,0.63513166,0.7732856,0.5657405,0.55621356,0.6069041,0.0005462317146920552,8.433391119096903e-05,0.0008544262101431671,0.0023528804023495143,-0.0006299556725858146,0.0012614416438052395,-0.000911301837731461,0.0005754432925349946,0.009963800681380306,0.00012560151965144514,0.0003863458560870739,-0.0008765454044903014,0.010983767274733696,0.0011145302587775502,-7.68089932305463e-05,-0.0007994459879212322,-0.0006043056041134659
0.8862126,0.7411257,0.8773503,0.878108,0.94,0.88,0.75938404,0.72295845,0.6846452,0.93697226,1.0,1.0,0.87697566,0.57779545,0.54199046,0.7753045,0.73801523,0.0007052011049365917,-0.00027023530191399957,4.17936285409605e-05,0.0025635672923060796,-0.004265647929648143,-0.0007241208288417986,0.0005802401253712381,0.002961792445272221,0.009191497796238233,0.0004081688700531713,0.00043596672521627937,-0.0005950713897230342,0.039580943894901584,0.006220920821443215,-3.766880148406038e-05,-0.013664601808259114,-0.005828065886258971
0.87170196,0.7727125,0.86512816,0.94,0.91604376,0.6563465,0.88,0.6141584,0.70492,0.93697226,1.0,1.0,0.57155675,0.8148293,0.3732406,0.5053044,0.8669041,0.0006193185546379871,0.00010686514198218255,0.0009739696779083381,0.0022723560874536313,-0.0040554200983561935,0.0020494085967900835,-0.000705221426874991,0.0012391177946023478,0.007849690956350604,0.0005204107431036558,0.0005199816704045107,-0.0011216327685332817,0.006540745357512204,0.007275223147865724,0.0011531945258927592,-0.0002146874386933087,-0.005599470888155695
0.73737794,0.7618177,0.5871898,0.94022495,0.94,0.88,0.5598842,0.2533584,0.39728004,0.9169722,1.0,1.0,0.32211894,0.882135,0.33574057,0.540759,0.073570676,0.0012967297955294892,0.0005778767259863867,0.0006564075455272872,0.004753797756049569,-0.0076164352438775704,-0.000695204060078099,0.004580549807702114,-0.0004933102559683223,-0.0074243684586350524,0.00012245761264419834,0.00023942660519193776,-0.0004870623659011808,-0.025848697277615386,0.0030769981362297905,0.0015915257378178822,-0.0006666573592984781,-0.0044228969764743995
0.6447789,0.87972546,0.77527285,0.81396896,0.94,0.88,0.85529643,0.22575836,0.6579152,0.9169722,1.0,1.0,0.53344476,0.5876142,0.32949042,0.19621354,0.22245958,0.0005686976705899852,-0.0009715555872997802,0.001333826993340233,0.0036569104171223555,-0.00867469460634914,-0.0010609090148179074,-0.00034770925469734576,-0.0012674878392031214,0.00965681727658129,0.0006448306210442845,0.0007172172936529245,-0.0006618743863317353,0.000714935120062386,0.0025870686527927596,0.0007990268010645856,0.005706913760543389,0.001461983570200166
