crRNA spacer,bh_maximal consecutive paired bases,bh_maximal consecutive unpaired bases,bh_5' overhang,bh_3' overhang,bh_5' stem,bh_3' stem,dsDNA target,ah_maximal consecutive paired bases,ah_maximal consecutive unpaired bases,ah_5' overhang,ah_3' overhang,ah_5' stem,ah_3' stem,PAM-proximal region,central region,PAM-distal region,crRNA spacer,bh_maximal consecutive paired bases,bh_maximal consecutive unpaired bases,bh_5' overhang,bh_3' overhang,bh_5' stem,bh_3' stem,dsDNA target,ah_maximal consecutive paired bases,ah_maximal consecutive unpaired bases,ah_5' overhang,ah_3' overhang,ah_5' stem,ah_3' stem,PAM-proximal region,central region,PAM-distal region
0.9231587,0.9655172,0.2044166,0.20032828,0.20032828,0.88,0.88,0.5693585,0.5304118,0.9169722,1.0,1.0,0.91580623,0.45903844,0.5744905,0.53257716,0.60468185,0.004412444669071825,0.004061716681065289,0.011399620440214536,-0.007476976115913921,-0.0161371888203047,-0.0016201109393940644,-0.0012319391562845537,0.0006639524245724843,0.009483541539635766,0.0004728418280676081,0.00034956004455113037,0.00030159895186263345,0.08515970231128624,0.016103898150756187,-0.002197414699496429,-0.003057535237181235,0.0005723276818458671
0.779103,0.85560083,0.84689593,0.9742972,0.94,0.88,0.82929426,0.40215844,0.54172957,0.9169722,1.0,1.0,0.43924022,0.81015444,0.29074037,0.39712265,0.59801525,5.7221090732459814e-05,0.0005976028156912873,-0.0035402599469949877,0.006474949782925168,0.004326426113640113,-0.0008920432723176716,-6.004045188242442e-05,-0.00665794354911362,0.006557657852897855,-0.0006664590091929679,-0.00027334460450955604,-0.0005352953462843851,-0.022411449893979717,0.013505436423332485,0.005380146991961215,0.004212944596868195,-0.00021569000630190945
0.61045486,0.58891976,0.9125177,0.94,0.8578162,0.85529643,0.88,0.298807,0.26572734,1.0,1.0,1.0,0.21545461,0.21545461,0.58699054,0.45803174,0.38468182,-0.002490911768386976,-0.00017331441020720839,-0.0029024587317338455,0.0021151817774954233,0.0019894060066563443,9.058700615029945e-05,-0.00019044638334031854,-0.0008406867157298056,-0.011183677501293681,-0.0032968165209310844,-0.00017269836922694792,-0.00016619390317478772,-0.05631024704386407,-0.0218202407489872,-0.0022624438616729286,0.00074689946479474,0.003638072797517146
0.9231587,0.9655172,0.18061753,0.17700517,0.17700517,0.88,0.88,0.5049584,0.68821794,0.9169722,1.0,1.0,0.7207664,0.6122561,0.49574053,0.46984994,0.7091263,0.004710833611174452,0.004258537492959694,0.008561102583009699,-0.0038810051436478686,-0.011746011416761775,-0.0007793580599532796,-0.001295592773796343,-0.0020804910169936026,0.010117389410841388,0.00030986795787949607,0.00010185040278792774,0.0006216207804621488,0.034943649818700066,0.020001042196264352,0.0010274739051732086,0.001590147527627637,0.005089241775816653
0.7796857,0.81832856,0.75260043,0.7375484,0.9742972,0.88,0.88,0.57375836,0.78548926,0.93697226,1.0,1.0,0.6368832,0.7081103,0.53074056,0.54894084,0.43468177,-0.0006064501864720078,-0.0002595205517036761,-0.0037900995715359274,0.0005106595156342503,0.007537864216924417,-0.0005768704717894938,-0.002093042912612487,0.0022621177505523777,-0.0042072892298175525,-0.0002826830583763238,0.0002874619427638929,-0.0001598070781678203,0.014916234742021597,0.0029448116559402326,-0.0007474599558028594,-0.0037246627503317226,-0.0054486754024406095
0.9231587,0.9655172,0.3699106,0.3625124,0.3625124,0.88,0.88,0.5588069,0.4785963,1.0,1.0,1.0,0.38805106,0.38805106,0.5319906,0.7407591,0.6013486,0.003561806154657772,0.0024807222593507573,0.004797574967825058,9.499349035355029e-05,-0.00506653254110952,-0.0014497060561534734,-9.044088343595793e-05,-0.00047363081619303,-0.002448951424149759,-0.004138167537059224,-0.00015968317469850133,-0.0006183176303949572,-0.044482370596268035,-0.01577635326793296,-0.0007356603041990218,-0.009241273509927941,-0.0012040852196628167
0.7950703,0.8421699,0.83617324,0.86768097,0.94022495,0.88,0.88,0.3577584,0.65717286,0.93697226,1.0,1.0,0.7752469,0.46972153,0.6157405,0.1998499,0.47579288,0.0016692328683550436,0.0015445648728487967,-0.006609952261189897,0.0024850551848155478,0.009426973901472738,-0.0008621093931482515,-0.001764558647199728,-0.007311554486058647,0.005031507557812468,-0.0007175792037568507,-2.5696491485085322e-06,0.00038462024788017137,0.03490357495892535,0.019143820040825543,-0.0032182159095574597,0.018044348975404103,-0.0024165916243250227
0.9231587,0.9655172,0.22705849,0.22251733,0.22251733,0.88,0.88,0.46120697,0.40065387,1.0,1.0,1.0,0.3248545,0.3248545,0.6482405,0.5943953,0.5135708,0.0019938255563254547,0.0020667305078282037,0.008185112433657882,0.001882483871518574,-0.005973772774439347,-0.0010159686855207098,8.560630133327439e-05,-0.0015787944903391058,-0.006104047162751047,-0.004815191266039125,-0.0003890253263283769,-0.000450890742774563,-0.05538183334618073,-0.013026724634372483,-0.004340164041245358,-0.003858546406984314,0.0006489755037008266
0.6761308,0.42998976,0.84038705,0.94,0.77078164,0.94859445,0.88,0.45695838,0.52584976,0.93697226,1.0,1.0,0.8813847,0.39067012,0.6157405,0.4071226,0.475793,-0.002595898897669524,-0.010133179329421243,-0.0052580599974306865,0.0012783701888229272,0.0035843555321096606,-0.0021907223573081436,-0.001285717189075736,-0.0028010015172404545,0.008635806482369635,-0.0006795681673610187,-0.00017575059089925904,0.00024902710052156094,0.07315841286577954,0.012734310942621278,-0.0028321127024362276,0.004603747835907973,-0.00025045627645594264
0.7989164,0.89430994,0.524586,0.94,0.51409435,0.7973995,0.88,0.64320695,0.5522637,1.0,1.0,1.0,0.44778132,0.44778132,0.76199055,0.610759,0.7635708,0.0005182227575137419,0.00091714331458075,-7.223724012857262e-05,0.00020465752495937864,-0.0022508247274571295,0.001821762474456812,-0.00012092794039294342,0.0026535576485066615,0.0010447893744222525,-0.005321101093599231,-0.0008970344164487365,-0.0006680410886908227,-0.03692202907275655,-0.01405046817096774,-0.00834030163010665,-0.0068367829830619205,-0.00816537972337949
0.9231587,0.9655172,0.19200784,0.18816768,0.18816768,0.88,0.88,0.5669585,0.5324516,0.93697226,1.0,1.0,0.43171754,0.90868837,0.46324056,0.4680317,0.66357076,0.009602941302804252,0.0031890623000124354,0.006493469525060496,-0.012656044330300804,-0.004934754395822269,-0.000688132717739202,-0.0032758614693569835,-0.00010798960500082198,0.0063773745825086514,-0.0011930443173549716,8.83593822516502e-05,0.0008250589746643283,-0.02226137484087092,0.003348228345425597,0.0018972319833660781,0.00036020911061598887,0.006457370084582722
0.7563173,0.8553936,0.7035773,0.99229723,0.94,0.88,0.81621236,0.38280693,0.3375275,1.0,1.0,1.0,0.27367094,0.27367094,0.45199054,0.60894084,0.3591262,0.0002815936924514815,-1.801795909944101e-05,-0.002602648427303903,0.0027082559466940596,0.0038006908686083214,-0.0010871229459567938,-8.679095015010321e-05,-0.0025478173254743198,-0.006871608504112357,-0.002656239158105325,-6.051498710783754e-06,-0.0008347580317524811,-0.05608904152867821,-0.023160668502926977,0.0015765853068793762,-0.006218052043116817,0.004210738579087414
0.9231587,0.9655172,0.3699106,0.3625124,0.3625124,0.88,0.88,0.69215846,0.6914327,0.9169722,1.0,1.0,0.8944528,0.5599514,0.6694906,0.7407591,0.6013486,0.004641815394779949,0.004924153540221746,0.0060244941086094505,-0.004853396487650965,-0.007844327730539762,-0.0006437578724493476,-0.0010641663098913787,0.004071401800685566,0.008000946525337177,0.00037986122718387707,0.00018066547016267837,0.00043605683803410347,0.06139457089087072,0.016299099065966993,-0.0030716043370304785,-0.013238497555239499,0.0014911846811345166
0.7598722,0.67884594,0.92723864,0.94,0.7903214,0.54746133,0.88,0.5631099,0.48396337,0.48083293,1.0,0.48083293,0.39240274,1.0,0.53074056,0.71075904,0.5213484,-0.0013455453111247517,-0.0011636069650696253,-0.003018675534845525,0.005826035610018261,0.0014519705791888266,0.009250983795858307,-0.0014285502720787582,0.0023756762731975095,0.006517498812342593,0.011728606280836053,-0.00014888961347869805,0.00766087413445472,-0.024657212887203957,0.010570561281323918,-5.655902184141342e-05,-0.00957558115834376,-0.00048668654201208637
0.9231587,0.9655172,0.26049486,0.25528497,0.25528497,0.88,0.88,0.6522129,0.5604924,0.3704504,0.3704504,1.0,1.0,0.45445332,0.6282405,0.54621357,0.6491263,0.002341482009061754,0.005793182520400158,0.00864938737935115,-0.005400778267145934,-0.013688339980265102,-0.0009416331274642318,-0.0009299190154080938,0.0035520663985180736,0.008843975761082883,0.014705547875343639,0.0022569243884180603,0.00024123410498342324,0.08595907545693748,0.01784284407108105,-0.0025223984485298646,-0.003578469457508422,0.001989370774872683
0.5243827,0.47565362,0.8248791,0.8083815,0.94,0.88,0.22323488,0.3440069,0.3009609,1.0,1.0,1.0,0.24402234,0.24402234,0.42574054,0.52984995,0.4824596,-0.0036029081042704865,0.0004737269950008847,-0.003185781620127256,-0.0006687769143046125,0.003962293224147397,-0.0007745388459154104,0.0040244453780430775,-0.0004108290123853539,-0.011772092438653167,-0.0036764344200484545,-0.000940376529642964,-0.00018755574728777203,-0.06476159050792127,-0.025623550368529712,0.0025977887141638285,-0.0027613235076170304,0.001011632375410662
0.8066087,0.800266,0.77634114,0.96716094,0.7609906,0.88,0.88,0.5805584,0.66775155,0.93697226,1.0,1.0,0.54142016,0.8085911,0.54574054,0.53712267,0.6246819,-0.00019244131178080257,5.6303662325803346e-05,-0.002819477672946033,0.005563779469153155,0.0013498530659384097,-0.0008213342396805255,-0.0007240609466624151,0.0018460352618058238,0.0016000652887459075,-0.0005688026739477229,0.00018098711644477187,-0.000130752189857457,-0.0019597669673963153,0.007167165910747549,-0.00033783093684949464,-0.0018484253998365418,0.0020818854497599943
0.7598722,0.67884594,0.92723864,0.94,0.7903214,0.54746133,0.88,0.51030993,0.44451082,0.6756142,0.6756142,1.0,1.0,0.36041418,0.5657405,0.71075904,0.40134844,7.744219989017256e-05,-0.004382984296522838,-0.006107621446376768,0.001386406295866873,0.002623532384599644,0.006995138235573156,-0.0013842137874903585,0.0001491841718536634,0.00807879777408961,0.006841575478547251,0.003129965448761986,-8.201511767606952e-05,0.09974461433713476,0.013947916609423149,-0.0014605466482004328,-0.015621997258804515,-0.0002730854631728133
0.8992078,0.8170642,0.74845403,0.8993949,0.78222626,0.88,0.88,0.4740069,0.4037545,1.0,1.0,1.0,0.3273685,0.3273685,0.69199055,0.32166803,0.7891263,0.0025785403199048247,-0.00023754088504052376,-0.003859530900156467,0.0004074689230751719,0.00324808284765541,-0.0008437442348695334,-0.0002526036909679473,-0.001361084455561577,-0.008754250940565983,-0.004989787862509903,-0.0007759764953440662,-0.0005697613001824186,-0.058985466558285064,-0.02160994253437594,-0.005027783536091694,0.011697680826775697,-0.00557097107021207
0.86546636,0.67892903,0.65701646,0.94,0.7356617,0.81621236,0.88,0.33960694,0.30326474,1.0,1.0,1.0,0.24589033,0.24589033,0.3582406,0.36166808,0.6635707,0.002868566025662662,-0.000896615646247646,-0.0020913558248057585,0.0016090099203891334,0.0009208319611082311,6.047828323762321e-05,-0.00018705464979975342,-0.002007735065707339,-0.007597692331116184,-0.004165094677546549,-0.00037921359314259357,-0.00046682215989179656,-0.055172741090411107,-0.023206516897500896,0.005011817290054119,0.005659191173179039,-0.004084078642863376
0.8530539,0.8341046,0.7363841,0.8859533,0.82257956,0.88,0.88,0.6717585,0.55815923,0.9169722,1.0,1.0,0.89541835,0.5126966,0.70949054,0.5262136,0.7969041,0.0015078142962488084,0.0006191137889632409,-0.003736511337121646,0.00198403798757774,0.005477873022125372,-0.0012271450962979995,-0.00043810239973481366,0.003457567249813082,0.010482270377739989,-0.000138825941120573,-0.000390468847239345,3.405199889631769e-05,0.09073067352758482,0.01830923846924392,-0.006432061810926395,-0.0028660423731419215,-0.0062901183382333995
0.9231587,0.9655172,0.32093322,0.31451455,0.31451455,0.88,0.88,0.6341585,0.6208076,0.9169722,1.0,1.0,0.5033575,0.9357586,0.61824054,0.69621366,0.4891262,0.008314463549466395,0.0004894659249531656,0.00027410926536030434,-0.014656594265797192,0.0022628186302327295,-0.0012385259597896658,-0.001854551286345457,0.004962573377485836,0.0021398792455377402,0.00035342289091081126,-0.0004893840041988323,5.491480106197183e-05,-0.007491340880396149,0.0027046152253443613,-0.0036624109275061544,-0.004593242707268109,-0.0036593642597405247
0.9231587,0.9655172,0.32093322,0.31451455,0.31451455,0.88,0.88,0.6067099,0.5224304,0.7253458,1.0,0.7253458,0.4235922,1.0,0.61824054,0.69621366,0.5502374,0.009380877388606552,0.001343470833435183,0.0013929290998910284,-0.0126917763016584,-0.0016874394162362917,-0.0012209565210328532,-0.002258839825421876,0.004106138045552698,0.0069488440557672945,0.004666710682298441,-0.0003775402651776768,0.0006213602697617809,-0.024031537856641378,-0.0003717283092961182,-0.003766943583822959,-0.005211953296979821,0.001489790431637346
0.7137183,0.79398036,0.87730074,0.99229723,0.94,0.88,0.8836999,0.41855842,0.36475644,0.93697226,0.93697226,1.0,1.0,0.29574847,0.48949057,0.62166804,0.3269041,-0.0009273198015052434,-0.00024276294090998452,-0.008267958971612043,0.004005805490814935,0.00833513913937019,-0.0011066245099040104,0.000471160934437544,-0.0038482696200616874,0.0028564043994637146,-0.0005966046760472839,0.001786734252893163,3.3746910571803565e-05,0.11013287216382,0.001660784755405077,0.0009530738292163319,-0.009474196072525967,0.002522673315257417
0.6714107,0.7719065,0.86151737,0.94022495,0.92046905,0.88,0.88,0.43680686,0.3781415,1.0,1.0,1.0,0.30660123,0.30660123,0.5757405,0.5043953,0.6013486,-0.0018776577827873994,-0.0007672713094460549,-0.004032682208337308,0.0015039130437130988,0.0049935300375864265,-0.0006752985105662125,-0.00019777096281048398,-0.0022772684893351213,-0.006444843887173788,-0.004325512308477631,-0.0007046238036485761,-0.0007404001868052878,-0.060566221051959544,-0.02049320015777734,-0.0021656168587881205,-0.0003713922534291059,-0.0011473395210736268
0.7947789,0.882168,0.8012377,0.94,0.99229723,0.8199039,0.88,0.5653585,0.5388889,0.9169722,1.0,1.0,0.43693691,0.92935586,0.5132405,0.4743953,0.67245966,-1.6872885935068498e-05,0.0016648813282758084,-0.002567989385375349,0.005738903674065132,0.0038192908373007872,0.000988758667207475,-0.00144600878012299,0.0020619784521668997,0.005817902792316676,-0.00045271279081356803,-0.00012846463099228352,-0.0005047139362278223,-0.027497872408628794,0.012969553446247546,-0.0003304986990503346,6.122808224551815e-05,0.002810551879312488
0.90690005,0.9763592,0.4937119,0.99229723,0.43429986,0.88,0.88,0.72695845,0.73866254,0.93697226,1.0,1.0,0.5989156,0.8309133,0.73324054,0.5571226,0.6413485,0.006812689163614375,0.0037857680494106233,0.0005724475320339448,0.006748652590184428,-0.0031450915212823515,-0.0010045837858000132,-0.002229591301897704,0.013769669234395068,-0.0019186443721655308,-0.00026070307618858825,1.3309062887361667e-05,-1.0518732566194775e-05,0.01002746417996812,0.0063786368403434745,-0.004109818792581643,-0.0028143524400865054,0.003968198236514021
0.8219933,0.85428894,0.284232,0.94,0.27854735,0.7509752,0.88,0.56335855,0.6868822,0.9169722,1.0,1.0,0.80751026,0.51719534,0.61574054,0.30984992,0.44912624,0.0015121574444466868,0.0024010697380212136,0.007530375054625753,0.0018083691966701535,-0.014204478166213888,0.0016100229258375087,-0.0034231054062703954,0.0005053881892513312,0.004278304121656767,0.0007552597979913766,5.7790481635018096e-05,-0.0002109421576607104,0.050257161806438855,0.01730222282935858,-0.0016636727471349656,0.00904556110190022,-0.0012790865485506032
0.7293943,0.87204504,0.84269625,0.94,0.8824816,0.77157223,0.88,0.49446145,0.42323163,0.4308011,1.0,0.4308011,0.34316078,1.0,0.41949052,0.45439538,0.5602374,-0.0006794566260810667,0.0006594610536927803,-0.0023915618738104415,0.005827931723827388,0.002345469261702131,0.0023674536881762823,-0.0017928380290621621,-0.0009514837457723219,0.007058793697666515,0.01649937047378269,-5.1373624043892296e-05,0.008770681977640358,-0.03337902332076563,0.011811556184186348,0.002369951876815752,0.00123708708235008,0.0012237307427704228
0.9231587,0.9655172,0.098879345,0.09690175,0.09690175,0.88,0.88,0.31760696,0.2806884,1.0,1.0,1.0,0.22758518,0.22758518,0.4057405,0.33803168,0.6046818,0.0027812985729923413,0.0015539012681755433,0.01255616366856386,0.0016021422435799812,-0.007875211813034941,-0.0006109960655663351,0.00017248491192482348,0.00034208369790931587,-0.012012491885705256,-0.00489399112256217,0.00013181979962124024,-0.0001049459414567576,-0.060109958194449996,-0.01965702362638017,0.003636168593212833,0.0054322483411219265,-0.0020451084399412834
0.6947789,0.80322796,0.8723886,0.94,0.81149006,0.6917444,0.88,0.49255845,0.75667846,0.9169722,1.0,1.0,0.61352307,0.6600103,0.2657404,0.5962135,0.38468182,-0.0028114018826557196,0.000603854262406567,-0.00160987325483955,0.0036838476959959537,-0.0004133717041972775,0.0027288985576491074,-0.0012192333663511754,-0.0011128047846579107,-0.005150123377458654,-0.00033856502665386296,-8.258125574686317e-05,-0.0004611720985991707,0.01436859778042149,0.007673608108077231,0.004795641648774364,-0.005158454261572916,-0.005099942040872919
0.7681472,0.7205859,0.74478036,0.72988474,0.8916575,0.88,0.88,0.16200684,0.15189454,1.0,1.0,1.0,0.12315773,0.12315773,0.3582405,0.27530435,0.38468182,0.000519911362402115,-0.0006901837417772486,-0.0022409554873548928,-0.0009744127738443718,0.0029690139548034723,-0.00015249831330134758,-0.00032277730743302853,0.002030370243721985,-0.012120576019945796,-0.0035969101942388204,-0.0003390648514772484,0.00014172787992584583,-0.06817331219006445,-0.02491225842036919,0.00498822747537,0.010189303618875836,0.0027666170067042277
0.9231587,0.9655172,0.32532585,0.31881934,0.31881934,0.88,0.88,0.69775844,0.8263013,0.93697226,1.0,1.0,0.7261454,0.7076983,0.5257405,0.6834863,0.75245965,0.005501916752283315,0.005809261392291298,0.004206611793732728,-0.004252352297004404,-0.005019198058012444,-0.0009554873906074381,-0.00238464059235481,0.004949223614135884,0.0017607113754626836,-7.793254890099861e-05,0.00017295651611593335,0.00022558895350849483,0.027751948766333197,0.007924348704538902,-8.459191245324175e-05,-0.0074913297775825805,0.007024190532932415
0.7752568,0.7556522,0.87409985,0.909952,0.9493393,0.88,0.88,0.5441586,0.729213,0.93697226,1.0,1.0,0.76912045,0.56120354,0.57449055,0.5580317,0.625793,0.0008762799601729311,-0.0009467895243766943,-0.005361998498478,0.0010165819827479838,0.007850931638443843,-0.0004646353329138032,-0.0023016583781499196,0.0008189050748655431,0.0029110191715094364,6.36542373988128e-05,0.0001312379584575457,9.220814718106055e-05,0.04796584107775347,0.015364266382522496,-0.001107846766552551,-0.004281513353705099,0.0013998901221656855
0.79804236,0.5525078,0.8417247,0.94,0.94,0.77157223,0.40090907,0.5577585,0.69595814,0.93697226,1.0,1.0,0.5642904,0.77180946,0.33574045,0.60894084,0.53023744,0.00014809883911095283,-0.0017940139712850022,-0.0032185473247634934,0.0034375614492196133,0.0008448847116853542,0.00020329707291384606,0.017998553456475656,6.832121942988965e-05,0.0028766586499751477,-0.00023339525030219424,0.00026077985312753215,-0.00010928718767179949,-0.003028506480002926,0.008566183074833233,0.000944576394144083,-0.007460893394572807,-0.0015868755084627727
0.8601635,0.91387534,0.38813183,0.94,0.3803692,0.8200954,0.88,0.5528069,0.4745387,1.0,1.0,1.0,0.38476112,0.38476112,0.8532405,0.4734863,0.60468185,0.0017921830070758969,0.0012487387861175574,0.002607895825021465,0.0021616122406538044,-0.003558634588963361,0.0001602325074816046,-0.0002998002595074016,6.047768392170097e-05,-0.0016283518602133963,-0.004145774903455739,-0.0006279036192149162,-0.0005098972634628223,-0.04312430799420989,-0.013347106559121136,-0.010249464848960126,0.0008188655829097662,-0.0019137914467371505
0.9231587,0.9655172,0.17015916,0.16675597,0.16675597,0.88,0.88,0.5841584,0.8347434,0.9169722,1.0,1.0,0.73961395,0.5832639,0.6894905,0.4862135,0.37579292,0.007943406886965832,0.0031930336931769152,0.0039258053193924804,-0.013415327426700024,-0.0100009632662855,-0.0012995929436275366,-0.0021271198415388193,0.0016201411423220446,-0.004138261578916186,8.623141242061164e-05,0.00012613818958728208,0.0006997986681312121,0.03556010972919506,0.008975232606633908,-0.005535838304665286,0.0004915135531647626,-0.014353668810780684
0.656026,0.60041946,0.7815125,0.94,0.82974553,0.7275613,0.88,0.18200698,0.17139037,1.0,1.0,1.0,0.13896516,0.13896516,0.10074043,0.42894086,0.44579294,-0.002433360234088549,-0.0010389438157636529,-0.003091313754499978,0.00110250721967954,0.0017139169550951794,0.0012794171766510978,-8.100345695823435e-05,0.0003149882159153799,-0.014795354227304151,-0.003423749140405814,-0.0005637754095892847,2.2017750754076483e-05,-0.06526213822356812,-0.029007323768322525,0.016267692428343108,0.002373900543583195,0.0022411329568985815
0.032657824,0.48557875,0.8248791,0.94,0.878108,0.32327133,0.88,0.39215842,0.47290176,0.9169722,1.0,1.0,0.8338409,0.38446024,0.4669906,0.28621352,0.38912624,-0.024998447308691038,-0.00885748431279821,-0.004612405454721129,0.0024867732154960974,0.005826161886362622,0.006468769207409807,-0.0021053600420971614,-0.0037434043876405946,0.00671381253430035,-3.8065212683198976e-05,5.0581509095724145e-06,0.00033256380430467816,0.05917551782342783,0.016705973646703908,0.00038332737511961347,0.010227777709230883,-0.002127348981866269
0.721702,0.7719955,0.77944696,0.9742972,0.87612826,0.88,0.88,0.36335838,0.68561363,0.9169722,1.0,1.0,0.6488237,0.60774595,0.3019904,0.52803177,0.3746818,-0.002114828461314356,-0.00034020504175001046,-0.004552110285486701,0.004346915723542155,0.0037042744453657734,-0.0003426276315349562,-0.0025824721557540504,-0.007838847724722573,-0.0035411628005354435,-0.0001829246497465533,0.0004772931259974949,-0.00021831035765216804,0.012488491379873257,0.004041400718229897,0.003945185535961895,-0.0024943088504552208,-0.008414104335594128
0.8362125,0.64916545,0.88933957,0.87155277,0.94,0.88,0.6810241,0.563607,0.4856786,1.0,1.0,1.0,0.3937935,0.3937935,0.6894905,0.57439536,0.69023746,0.0026035292638117735,-0.0002304278032709866,-0.003058445664216825,0.00041726001190521577,0.00441208100228219,-0.0013453565423555641,0.0006451915087966143,-0.00020488296181099972,-0.00271181603000101,-0.005981024691409907,-0.0009004217069375203,-0.0003779907753806733,-0.0507861914625618,-0.01778118468041265,-0.0066722775710990915,-0.006250165612007459,-0.005119446534119372
0.9231587,0.9655172,0.4864305,0.4767019,0.4767019,0.88,0.88,0.8293585,0.89363223,0.93697226,1.0,1.0,0.7245667,0.79370517,0.77699053,0.670759,0.8280152,0.0061322560875881815,0.005046136079175292,0.0006072656988374789,-0.0024204511462819905,-0.0027067518603643426,-0.0005331990440308506,-0.002050732720814,0.012244590672059408,-0.0053277195521311375,-0.00022978646776112278,6.362654767265732e-05,0.00045234124562123,0.025439510594128,0.005748525519002539,-0.0034671769880753587,-0.005654474338694513,0.011478257381365063
0.9231587,0.9655172,0.37917152,0.37158808,0.37158808,0.88,0.88,0.57880694,0.49487767,1.0,1.0,1.0,0.40125215,0.40125215,0.7969905,0.5943953,0.6824596,0.0015891999576037024,0.0024104641389369142,0.003619350362011886,0.0027197029346766773,-0.005089422975123035,-0.0016313099546838958,0.0002628473909370105,-0.00026309420904401627,-0.0033305970870493758,-0.004515757611581389,-0.00020887921259341678,-0.0008875567406337473,-0.04208956783113723,-0.016397159235789632,-0.006846755888018469,-0.005159171403323973,-0.0028735589316816403
0.6944876,0.93687975,0.8853738,0.96716094,0.94,0.88,0.77544713,0.46910995,0.406893,0.6756142,0.6756142,1.0,1.0,0.32991323,0.5244905,0.37439537,0.49468178,-0.0012628932000250915,0.0035499182990428677,-0.00827913599335567,0.0049509151528693745,0.008897334215065394,-0.0012681404333760083,0.0012227131440958284,-0.0018360194531798315,0.005121567080572959,0.00929955805455781,0.004233512329502036,3.3907315965341353e-05,0.10547743246638412,0.008306422625398421,-0.0005998673777264104,0.009814150148834189,0.0002356238876170584
0.88353175,0.86782813,0.65402526,0.94,0.65353006,0.830322,0.88,0.5273585,0.52803516,0.9169722,1.0,1.0,0.42813662,0.9034137,0.4607405,0.5453045,0.49579293,0.005675603797101985,-0.00020847376482509134,-0.0019116007131667688,0.005180143389326253,-9.274904771195455e-05,0.0001905891328064259,-0.0017926732463805078,-0.0004363384248033989,0.004873486277624763,-0.0007986604630417082,-0.0003302522672272,-0.0002906518216253475,-0.022898003692307992,0.0065581066593646195,0.0008521977144593186,-0.0021005500534022367,-0.0007852564959241564
0.4483337,0.6236855,0.8859103,0.9476599,0.94,0.88,0.54346406,0.5061585,0.53383785,0.93697226,1.0,1.0,0.9022669,0.38780004,0.55324054,0.32984993,0.5313485,-0.012090006266297073,-0.003825949726692558,-0.008404076284625632,0.0034462141647837613,0.010267482475180938,-0.0014896987455185863,0.003939611733065903,-0.0013470392591780772,0.007555252274677044,-0.0005433410229266044,-0.00030104524888617675,-2.536753820773341e-05,0.07946517221741653,-0.0017942881070928435,-0.0007999646213932686,0.01111411472164982,-5.51895713817379e-05
0.9231587,0.9655172,0.17015916,0.16675597,0.16675597,0.88,0.88,0.6100614,0.5233512,0.22418888,1.0,0.22418888,0.42433882,1.0,0.6894905,0.51439536,0.54468185,0.011785849128121901,0.002389558142427283,0.0029917902209986675,-0.026972126625992954,-0.013528441317941595,-0.0020584836968020387,-0.0024332386614454903,0.004564456509073504,0.004539245242047416,0.021330020152276655,-0.00041664150155570125,-0.005611309332239452,-0.017350035718588914,-0.011927660593157871,-0.009138609003595982,-0.0007893333134285931,-0.00020016859869438706
0.90690005,0.9763592,0.46559727,0.99229723,0.33682814,0.88,0.88,0.57246155,0.49238878,0.46735832,0.46735832,1.0,1.0,0.39923415,0.8382405,0.5043954,0.41579288,0.0030393712337793218,0.005359085768254401,0.0017029771878827957,0.002174810709825231,-0.011453162542102664,-0.0012174140240945432,-0.0008433217251101312,0.001773608209781271,0.0085867332889348,0.013303808953512053,0.006090299460812349,0.00014883794375664464,0.10027004868982534,0.014048390011753842,-0.012335929599855076,-0.0008768382552709613,0.00027100504128897874
0.9231587,0.9655172,0.17399202,0.17051218,0.17051218,0.88,0.88,0.5267099,0.4569138,0.6756142,0.6756142,1.0,1.0,0.37047064,0.43074054,0.4053044,0.6413486,0.002447237388787264,0.0038406501789925163,0.013024015288483182,-0.008686810310085639,-0.01538931203526662,-0.0010406867186519204,-0.0007747058880118897,-0.0004868882644599941,0.004499769056178017,0.00823091587189131,0.003738385104038112,-8.325214804088738e-05,0.0962923350825065,0.006844718185640195,0.0032236184696375937,0.006941647167954748,-0.00032694556860124067
0.38679525,0.55460006,0.81374633,0.92339027,0.94,0.88,0.48732066,0.27135834,0.2437736,0.93697226,1.0,0.93697226,0.19765426,1.0,0.5619905,0.18530439,0.43690407,-0.021737300564153742,0.002307328206781931,-0.0025671423499843016,0.005777617443862999,0.00637780500606145,-0.0012355132714461344,0.01769752123463527,-0.0070343197431358495,0.008133846595207073,-0.0016275890259742512,-0.00010356078973717361,-0.00022998804678936102,-0.06563668092361147,0.018927622555377974,-0.0020997161126487026,0.017665525228047017,-0.003150831086413749
0.9231587,0.9655172,0.25560114,0.25048912,0.25048912,0.88,0.88,0.55215853,0.48246747,0.9169722,1.0,1.0,0.39118984,0.99148273,0.6357405,0.540759,0.51357067,0.008360491825701697,-0.00012850487607798624,0.0006926007490147098,-0.015639847568971285,-1.0426521419145008e-05,-0.0009641656629670861,-0.002400120050979627,0.0017474057187276263,0.006404837915819449,-0.0004273787749502886,-0.0004601456245268956,0.00035126692353681916,-0.032099200446720204,0.0010757465692446417,-0.005528767435838486,-0.0017588714957522949,-0.0024405703480284845
0.8793943,0.73833066,0.8831603,0.94,0.9742972,0.8727212,0.88,0.523207,0.4535756,1.0,1.0,1.0,0.36776403,0.36776403,0.6482405,0.69075906,0.5491263,0.0019235097964594387,-0.0007171204476471387,-0.0031693967633700487,0.0020603367752157304,0.005302403403618551,-0.0007794435609419309,-0.0004892134911965096,-0.0015931743369124393,-0.0012797783291055443,-0.004483595233334601,-0.00025828024708919427,-0.0010702006211203386,-0.0381934077902242,-0.014601522049261581,-0.004352333500902952,-0.009392662060170571,-0.00030054324015633835
0.7329491,0.8306761,0.72616327,0.94,0.94,0.8727212,0.8091359,0.3641584,0.3197292,0.9169722,0.9169722,1.0,1.0,0.2592399,0.46949053,0.5343953,0.45023748,6.785522838963605e-05,0.0008090042310356211,-0.00491527432495804,0.0020045833404602905,0.010308455251201259,-0.0009378110293097784,0.00023506755381457899,-0.0037852151400147773,-0.011875378945649766,-0.0009421473866880431,0.002540150199996991,-4.6434154450390035e-05,0.1099141727120457,-0.023162202451475003,0.002058694300019109,-0.0029669836534183614,0.003976054864639901
0.90690005,0.9763592,0.2981206,0.99229723,0.25421503,0.88,0.88,0.3912069,0.3374321,1.0,1.0,1.0,0.2735936,0.2735936,0.6569905,0.48439538,0.42690405,0.0020847274153146128,0.0011038346233660568,0.003975114196147519,0.002970825691565962,-0.003112180147988497,-0.0006333613398754426,-5.937445443087176e-05,-0.0018371702184296357,-0.008334699916076072,-0.004059817266822299,-0.000390611846581367,-0.00012082219666820645,-0.06559806272853795,-0.02124410695320812,-0.005543663951216158,0.0001618780491036919,0.0036478227219310434
0.8684385,0.8306761,0.70303833,0.88091975,0.99229723,0.88,0.88,0.23640686,0.21145466,1.0,1.0,1.0,0.17144974,0.17144974,0.5957405,0.28166807,0.4191263,0.001356517948624127,-0.0003477395715302849,-0.00283347419483544,0.001350397939744041,0.00663587523869704,-0.0004242640527052517,-0.0008117999992115093,-0.0003116114015655332,-0.010035034679263546,-0.0032310453118010816,-0.0002412710929542522,-0.00045804616558279746,-0.059633456294136515,-0.021831818112560644,-0.003131295652024139,0.010070100242248116,0.0015688143475542599
0.9231587,0.9655172,0.31025666,0.30405155,0.30405155,0.88,0.88,0.6881585,0.8089374,0.9169722,1.0,1.0,0.6558952,0.7416625,0.6357405,0.6471226,0.6113485,0.006446938730790577,0.0038060516750206986,0.004373687486280179,-0.0075182623093807055,-0.004909712546834573,-0.0011302546556479296,-0.0022235316079935495,0.005403900355397767,-0.0002972246561941186,1.6187460343834866e-05,-9.423993042949192e-05,0.00043061171557605735,0.020705586083236437,0.007335104136966198,-0.0029919924572018174,-0.005682832340580087,0.0038446439987491958
0.9231587,0.9655172,0.18971875,0.18592438,0.18592438,0.88,0.88,0.5849585,0.44427812,0.93697226,1.0,1.0,0.9316181,0.41701895,0.29074037,0.43348625,0.8024596,0.004175987692476116,0.004122170214799896,0.010555542740661093,-0.004207269182284937,-0.01744428219804113,-0.0010778128902167979,-0.0005309939011292219,3.860398943890265e-05,-0.0005396843267541055,-0.001312232121124712,0.00033540758190278146,-0.0002792094041897422,0.07859857847805253,0.00042734858819961724,0.00785717570063312,0.004103610660984624,-0.009415379088173694
0.67968565,0.7727125,0.79051334,0.96814126,0.74405915,0.88,0.88,0.2981584,0.49611872,0.93697226,1.0,1.0,0.81322,0.3760794,0.26699042,0.34712264,0.35245958,-0.003243134148275881,-0.000820057693494851,-0.005066919275511261,0.002347975275535091,0.0021515734559097383,-0.00040698901893271354,-0.0010063526680911751,-0.007436075568170459,0.00975826588129071,-0.0004073750650896705,1.711560067330725e-05,1.906809040524704e-05,0.05798029374764518,0.020677325777474165,0.006488009809671003,0.008223533393392359,-0.0010219217044981316
0.5447789,0.6897898,0.80390114,0.94,0.903209,0.5601561,0.88,0.34080687,0.29836288,1.0,1.0,1.0,0.24191584,0.24191584,0.41949052,0.45439538,0.57245964,-0.0029255615533166687,-0.0012223981487178232,-0.0030113656587106856,0.00022352868260409965,0.0038845816817996716,0.008031599276079878,6.140919358259743e-05,-0.0027048289781590865,-0.007811556183038654,-0.004723193374894647,-0.0012172666758539063,-0.0008772085450014327,-0.06029095321638089,-0.026897977731469246,0.002936529146373671,0.0016396897469313596,-0.0008895772869298716
0.0829491,0.530268,0.56901675,0.9742972,0.94,0.88,0.37511092,0.13295837,0.55034566,0.9169722,1.0,1.0,0.6178725,0.49155775,0.05074036,0.3771226,0.07357078,-0.0316989305181986,-0.0030825672846036354,4.344612660799746e-06,0.005395171258115754,0.005814211838111652,-0.00025927674445836915,0.023398696642337544,-0.009163511933935815,0.00524249195419481,-2.7572088312446118e-05,0.00013050874093299382,0.0006805553117088853,0.010252326561841186,0.015982997782684905,0.016002778346906922,0.00740230036792356,-0.02280248452377739
0.9231587,0.9655172,0.17740723,0.17385909,0.17385909,0.88,0.88,0.53606147,0.46443865,0.46735832,1.0,0.46735832,0.3765719,1.0,0.3582405,0.41530445,0.7735708,0.01037562189658623,0.0032003209811778534,0.006613968901467911,-0.01660258486978049,-0.010138302793141984,-0.0014041743513239413,-0.0033904468476301424,0.00014345567725146673,0.00579100455734233,0.02013832515954133,5.0810321762785744e-05,-0.0037352107135145344,-0.02434550279782479,-0.006363431302126226,0.0052722118781000984,0.0013878191298672088,0.014591961656821851
0.85305387,0.87204504,0.73108774,0.94,0.7488438,0.77157223,0.88,0.5969584,0.6240288,0.9169722,1.0,1.0,0.8474998,0.5352442,0.54324055,0.6053045,0.6535708,0.0014650973903732561,0.00294772017814288,-0.0035012555994043985,0.002117949753024514,0.0026635671875181242,0.0014084605553453453,-0.0011769280727924542,0.0009580648917300999,0.010569772610857654,0.0005161727549625465,0.0004899716848515463,0.00014621629778072674,0.061835188652096224,0.020426088505741395,-0.0004886990926752514,-0.006521800653179952,-0.0005721892161147801
0.7521798,0.78900516,0.8422142,0.96716094,0.94,0.88,0.6286076,0.73295844,0.79064196,0.93697226,1.0,1.0,0.64106107,0.8110411,0.77574056,0.6471227,0.6946819,0.0003852363613854648,-0.0003713872864554889,-0.0019061818109725572,0.003457957556944965,0.0026596797099973364,-0.000557609130002777,0.006055862080404592,0.011945950144256789,-0.0008044932328604524,-0.00010510696351105159,-7.668999805134628e-05,-0.00012809155232004047,0.020161895858096177,0.013986662724041801,-0.004072401222480219,-0.0100761831849312,0.004399110151487235
0.8027625,0.68955535,0.7214484,0.81928974,0.9742972,0.88,0.88,0.4501583,0.4783875,0.93697226,1.0,1.0,0.38788176,0.91904813,0.5657405,0.30712268,0.52134854,-0.0003817179532273403,-0.00014216755243539862,-0.0035004844000606924,0.004529807181818679,0.006579382271676598,-0.000733916022576484,-0.0021980992267262977,-0.004101898901869059,0.007561650689264743,-0.0013619151200139684,-2.608573499724792e-05,0.000119675345882508,-0.03525782383221626,0.009269689984097149,-0.0017088853697882736,0.008947303448550627,-0.0009974828776927425
0.8418067,0.5969735,0.5004746,0.94,0.49046507,0.45248923,0.88,0.43800697,0.3826737,1.0,1.0,1.0,0.31027597,0.31027597,0.40574056,0.490759,0.75245965,0.0008638214885318562,-0.0024420439567510626,-0.000362586106558949,-0.00016040340651142995,-0.0030308763715666564,0.011128882107966729,-0.00019934110867881986,-0.0020802944774266858,-0.0063799614772010104,-0.004170207649463334,-0.001151746143475294,-0.0007755108709367238,-0.05357814824866633,-0.022962157852380573,0.0031258400297686432,-0.00025330972703215346,-0.0050061067873093945
0.9231587,0.9655172,0.20158188,0.19755025,0.19755025,0.88,0.88,0.38760698,0.33695635,1.0,1.0,1.0,0.27320784,0.27320784,0.2607404,0.58530444,0.6824596,0.0026989207197103972,0.0021094857836890676,0.009754449998015625,0.0013125825113848339,-0.006270042557437791,-0.0007791403771212088,-0.0005103767279804657,-0.0007879118720924943,-0.007609561453596585,-0.004765770059989288,-0.00043821768596025455,-6.919127706017138e-05,-0.048925138505719216,-0.01835707308308779,0.009380466549999772,-0.003376712883044509,-0.003772513766141826
0.78294915,0.8023299,0.92411965,0.926172,0.94,0.88,0.6907027,0.7944614,0.67593324,0.5246136,0.5246136,1.0,1.0,0.548054,0.65074056,0.740759,0.8146818,0.00018566254957758904,0.0004820074504918247,-0.006460628740174763,0.0016195951942409997,0.007707742503788354,-0.00038901781203843776,0.00662546568068874,0.010693477177998276,0.00722425273863744,0.008851758178985272,0.004759519254858693,0.0003459748462822787,0.08648656699028408,0.018060136145035422,-0.0016018799028729369,-0.01852963401059666,0.007807019490307427
0.83708656,0.8306761,0.7978212,0.9742972,0.85541767,0.88,0.88,0.2616069,0.23637012,1.0,1.0,1.0,0.19165143,0.19165143,0.26199043,0.46439534,0.50023735,0.0007087206841847048,-0.00044229209823690505,-0.003581639418626881,0.002285733663481518,0.002190368197710792,-0.0005027681124265296,1.8333921538845818e-06,-0.0014094229248954695,-0.01262380469328289,-0.0045006367993450334,-0.0007439251869883572,-0.0001820206664594938,-0.07075747024243319,-0.027821076664128884,0.0112511656819062,0.0020732760055029833,0.0005413969395150238
0.814301,0.94290984,0.44782406,0.94,0.43886757,0.85377544,0.88,0.6916615,0.5866127,0.36434507,1.0,0.36434507,0.4756319,1.0,0.7657406,0.44712257,0.61468196,0.001007816972039601,0.001027220947520509,0.001926716375169701,0.009371053614560006,-0.0051277117562969,-3.0254237380753155e-05,-0.002206107514425396,0.009300728243577753,0.002910661375444948,0.01674472613256211,-0.0002777148678034273,0.0025543772620803037,-0.0039048521650286417,0.009958456486365388,-0.008630394657393639,0.001186340962802868,0.0023306959632222756
0.9231587,0.9655172,0.3068187,0.30068234,0.30068234,0.88,0.88,0.52360696,0.45122078,1.0,1.0,1.0,0.36585468,0.36585468,0.5994905,0.5598499,0.6435707,0.002396532011857095,0.0021630561902561403,0.005823526623278465,0.001068760170805361,-0.006219682934610884,-0.0009855838062499721,-0.00020332830012777145,-0.0017345159893566748,-0.004859790365128184,-0.004521931829482117,-0.00043072025186349284,-0.0001791376648277551,-0.04608218519629815,-0.013974041523922781,-0.003021723949451299,-0.0025717188451020866,-0.002908162751888642
0.7518886,0.6232027,0.7469609,0.94022495,0.94,0.88,0.51668966,0.46200693,0.40165657,1.0,1.0,1.0,0.32566747,0.32566747,0.40824056,0.6753045,0.5502374,0.00028085885718186606,-8.141316349243446e-05,-0.0030525458930186094,0.001328248055695813,0.003663056894064907,-0.0010835872005758164,0.0010969668639407505,-0.0015462816627083095,-0.005378888086708695,-0.004252503036023,-0.00032586252342068093,-0.0003203722821342813,-0.05102388161848706,-0.018088758517961843,0.002628705019030268,-0.010248803523918099,-0.0013454498257056452
0.8912241,0.7618177,0.7279542,0.7133951,0.99229723,0.88,0.88,0.42975837,0.4205621,0.9169722,1.0,1.0,0.87119126,0.37838915,0.52449054,0.21348624,0.58801526,0.004433505721462258,-0.0013968772528990111,-0.0044769297287173765,0.0009132030828447359,0.012243668860166743,-0.00101281410000846,-0.00012495642677654066,-0.0027067762648795134,0.0022182027162770276,-5.209975817415793e-05,0.0002396233326236466,-0.0003183666229598635,0.08071655263630152,-1.2268190358961912e-05,-0.00023715552651499335,0.019895907773511076,-0.0019339116465507506
0.38708663,0.6557171,0.7866522,0.94,0.73911226,0.5206318,0.88,0.35990983,0.32090762,0.6553457,0.6553457,1.0,1.0,0.26019537,0.31449044,0.2771226,0.4513485,-0.009052768528797977,-0.003639892966716831,-0.0033078979833774573,0.0003259961597890665,0.00039974094791938306,0.005227143551089991,-0.0010795410417260693,-0.004179135355933352,0.005234864159299025,0.009839075513033714,0.00727984296841473,-5.776639462013761e-05,0.10270803769866131,0.0089610725633196,0.00549360763322489,0.013834034469917711,0.0007087123065008947
0.83708656,0.7692849,0.7712223,0.94,0.74920845,0.65237045,0.88,0.5501584,0.60590136,0.93697226,1.0,1.0,0.49127138,0.84138674,0.5069905,0.49166802,0.65912634,0.0018664556553962663,-0.0008744445527146733,-0.0018021348865339649,0.004764777279175051,0.00036919441458939807,0.002964529366162883,-0.0020122216703155576,0.0011691126079219696,0.004706434670835697,-0.0005361942135843022,-4.401420102779857e-05,-0.00013724655305802287,-0.013606177720233804,0.013218883465654054,-7.65596900833288e-05,-0.0005392866198224086,0.0013982173323000236
0.8870866,0.71088034,0.80993015,0.92339027,0.96814126,0.88,0.88,0.6025584,0.7083459,0.9169722,1.0,1.0,0.7914294,0.57717633,0.4407406,0.80530447,0.45912626,0.00303459090770137,-0.0021603471282285415,-0.0032965974373843393,0.0032532867564282657,0.0017953403262060083,-0.0001586156168462732,-0.0019968916621677384,0.0033178716885266567,0.001471414828875091,0.00031720363596469964,0.0003635242947461151,-9.674599122941444e-05,0.04541017919426167,0.016019193351449863,0.0013619751234435055,-0.017666030913167582,-0.0025266761970485973
0.90690005,0.9816195,0.27039027,0.94,0.26498246,0.8986786,0.88,0.5613587,0.49356124,0.93697226,1.0,1.0,0.9357586,0.4001848,0.4632405,0.62984985,0.3913485,0.0038511632510379087,0.005571548349511871,0.006795374031354238,0.0012631982266276725,-0.013182953970840896,-0.0018079881673027643,-0.0005046767436518861,-0.0003699187222229145,0.0071477789704770854,-0.0007612572328412895,0.00035131157369208856,-2.3841655857705524e-05,0.07360948080282897,0.008289622852172981,0.0015750661563973614,-0.007821373245197622,0.0021067748068319798
0.63236636,0.47312573,0.8803422,0.9742972,0.74165124,0.88,0.88,0.5481586,0.72998995,0.9169722,1.0,1.0,0.831666,0.54661775,0.7969905,0.48984987,0.45579284,-0.0053165722397497265,-0.006866098332604298,-0.006868988723706701,0.002833126534177595,0.002684493077055798,-0.00011919897097169848,-0.0014606035971395231,0.0002955568938466408,0.0027321856641028606,0.0009367783447883912,-0.00010894611670348983,1.1426112136557232e-05,0.0470992518939733,0.012830537512032008,-0.005567109863680004,-0.00015238719051703471,-0.002808660780978191
0.71400964,0.7627777,0.7363171,0.92339027,0.94,0.88,0.5918977,0.59735847,0.6529527,0.93697226,1.0,1.0,0.5294211,0.8066474,0.58699054,0.46984994,0.5335707,-0.0018275254278213797,-0.00045638467188248774,-0.0022881662304995564,0.0033294576002153276,0.0035144462685713918,-0.0005165888836822251,0.008783805023571295,0.002471366502944942,0.003367983888326181,-0.00030031381794393336,0.00045236369133281245,-0.0004851702037542338,-0.006637935781913795,0.011029255896382963,-0.0015838159208087558,0.0009847200836058958,-0.0008280802943927863
0.56045485,0.72020614,0.6322026,0.8916575,0.909952,0.88,0.88,0.30895844,0.41890165,0.9169722,1.0,1.0,0.33964998,0.8260841,0.29074037,0.4116681,0.22245948,-0.011693782230945995,-0.0003191408146371469,-0.0011309654957060685,0.004463169227059946,0.002014469014304932,-0.001510177081953707,-0.0020049982364547503,-0.008780315674843107,0.00825386731284617,-0.0005046761415116859,-0.00016172595334031648,0.00025071943077696325,-0.034446820457293366,0.005120386105290912,0.008495416471154515,0.0028848346861788444,-0.013025663606378917
0.6406414,0.76539963,0.82583743,0.94022495,0.99229723,0.88,0.88,0.65855837,0.73134196,0.93697226,1.0,1.0,0.59297997,0.83528763,0.5757405,0.68621355,0.59357077,-0.00549996159703966,-0.0003550532549288077,-0.0030187538488771672,0.00544920227243389,0.0031870692216600287,-0.0009363995940928979,-0.001358411515589778,0.009577599043096635,-0.0010484113211279152,0.00015722721036988982,0.0002200011922188142,-0.00023867184412548398,0.012128592574679275,0.008943672896621605,-0.0012189085180583684,-0.010369908065329147,0.003025290515488154
0.84920776,0.85869503,0.6993713,0.68538386,0.94,0.88,0.75608623,0.45400697,0.39655024,1.0,1.0,1.0,0.3215272,0.3215272,0.6357405,0.4916681,0.5780152,0.001297242982097105,0.00021785683903280485,-0.0025473601148921863,-0.00034141622947611756,0.007435123173524929,-0.0009409501235620164,-0.0003719420894802287,-0.0017666725394852741,-0.007798281691900121,-0.0048517426548138854,-0.0006034740100937008,-0.0010008174961368562,-0.06375013990451218,-0.020325911974405565,-0.004421284488919977,8.630135390863963e-05,-0.0005806384955212785
0.5252568,0.744903,0.7772655,0.94022495,0.94,0.88,0.6883087,0.16200684,0.15189454,1.0,1.0,1.0,0.12315773,0.12315773,0.33699048,0.3434862,0.31023735,-0.003738461161369852,-0.0006786418020215396,-0.0028868733138353586,0.0012312178940477982,0.0030617839688854343,-0.00039075915069142355,5.553968995953194e-05,0.0012320840957749013,-0.012072313971900228,-0.003332364073868889,-0.0005117212919661515,-0.00028472337152147636,-0.06380509630579216,-0.02373636073132257,0.005628973995692111,0.006983783140167894,0.004182052759648786
0.89151543,0.9339215,0.37157565,0.94,0.36414415,0.8433489,0.88,0.60255843,0.83017015,0.93697226,1.0,1.0,0.67311096,0.6911768,0.59824055,0.620759,0.3902374,0.00448951313642513,0.0016431699397244767,0.0025285695402329634,0.004008083394499592,-0.0029058234343408216,0.0003741686163011503,-0.0012310983894960065,0.005039959452254431,-0.007881035889033628,-0.00016719350285784903,-8.104193395629191e-05,-0.0003099614292055104,0.01930924149931359,0.008250227059596662,-0.0022844896968750774,-0.005675870945939101,-0.006073155456857169
0.7758395,0.79398036,0.75467396,0.8120528,0.8780431,0.88,0.88,0.5213585,0.5257562,0.93697226,1.0,1.0,0.882135,0.43191707,0.27949047,0.55439544,0.49134848,0.00011928598003987587,9.007818364706067e-05,-0.004061962318734982,0.0016828010258193283,0.005783799059491681,-0.0007872296743393961,-0.0005611670509483074,-0.00112670795041062,0.008891639717936856,-0.0004157877578408179,0.0003119131788980223,2.4450911467319912e-05,0.07490679187003796,0.018029723973110885,0.004625806857060089,-0.004418994625937673,-1.9011832175699696e-05
0.53947604,0.22563997,0.8615217,0.94,0.94,0.9343218,0.02174236,0.56920683,0.48751822,1.0,1.0,1.0,0.39528504,0.39528504,0.5544905,0.560759,0.78357077,-0.006537174822439608,0.004564355438489324,-0.00204474190856181,0.00011116697433822101,0.004044523841918072,-0.0020333612766766053,0.012343400280012075,-0.0008182613830396045,-0.004514243740898653,-0.00454224765927645,-0.00034369754183990255,-0.00027157502261564924,-0.038736777152287474,-0.022696773277734127,-0.000914271847295016,-0.003554087458163469,-0.006586680648721752
0.60573465,0.62737674,0.78748494,0.94,0.99229723,0.48775703,0.88,0.40095848,0.35311994,0.9169722,0.9169722,1.0,1.0,0.28631347,0.31449056,0.5153045,0.42134845,-0.003540272505346167,-0.006000962565624809,-0.005513070311608258,0.0011059625931300408,0.010489625397170622,0.006490982331879236,-0.0009196132968926274,-0.003131197287580392,0.00433652358688806,-5.475810032442969e-05,0.0015923013756985274,2.0871857226275604e-05,0.10221596468466271,0.009923609875784476,0.0053572800474846,-0.0012206592193095772,0.0018658877722187819
0.814301,0.800266,0.7281342,0.99229723,0.73878163,0.88,0.88,0.57055837,0.8322952,0.9169722,1.0,1.0,0.6748339,0.67886746,0.48324054,0.5598499,0.58690405,0.0017635410611457822,-0.000658548254872358,-0.001917583376103073,0.00370959001628323,0.000785491008174671,-0.0005900356354938436,-0.0016701970309706655,0.0030497824192647588,-0.0060762634327050855,0.0005351806149576602,9.530977827386192e-05,-0.00026695663277507496,0.022313198648579436,0.008446748678846462,0.0004901527222517309,-0.0036998770844248402,0.0007769049572948694
0.9231587,0.9655172,0.29493153,0.2890329,0.2890329,0.88,0.88,0.6369585,0.60174793,0.93697226,1.0,1.0,0.4879037,0.92039365,0.6369905,0.5462135,0.6935708,0.008466127352357805,0.0031102472088148634,0.004204746276571044,-0.01060507371430283,-0.0039976930256954615,-0.0005995965842653563,-0.0020724717384057473,0.0034397349067748434,0.0040903602366768824,-0.0011424558747322301,2.0728188186088764e-05,0.0003278419427627892,-0.014792742442546827,0.0052776172570860825,-0.0037065114317283,-0.0023547189641772354,0.008086322802416777
0.87613076,0.54186964,0.57865536,0.9420575,0.5930844,0.88,0.88,0.64815855,0.6539902,0.9169722,1.0,1.0,0.53026235,0.845246,0.5057405,0.5043954,0.6802374,0.004382373949518757,-0.0037536300075242755,-0.0004677453229995312,0.003304160176049348,-0.0017430594862289412,-0.0004330727820869518,-0.0025709730998643844,0.004359505071039893,0.0052522163939503885,1.6025999130174564e-05,-3.3090494978251925e-05,2.9830843301862945e-05,-0.0017628428451653055,0.018220952986653577,6.396620198902246e-05,-0.0011917746577569356,1.4195469159086552e-05
0.9231587,0.9655172,0.101180285,0.09915668,0.09915668,0.88,0.88,0.50015855,0.463299,0.93697226,1.0,1.0,0.37564784,0.91904813,0.56449056,0.4498498,0.44357067,0.007891008781742013,0.001917819938583507,0.005073266165500675,-0.02113773573199386,-0.006931859155740212,-0.000975368708702064,-0.0015819623825345846,-0.0005885315810005469,0.006105114468884909,-0.0010885186295739341,-0.00036598460268830234,0.00047607957754038354,-0.02989799182425834,-0.004097720900514768,-0.0029051622328658505,0.0004868428105860436,-0.004821121628151221
0.6752568,0.60346764,0.71229124,0.99229723,0.9742972,0.88,0.88,0.4108068,0.35893226,1.0,1.0,1.0,0.29102615,0.29102615,0.37824053,0.6734863,0.47801515,-0.0009084009553330623,-0.0005267683282033933,-0.002610291565471696,0.0022636706197069725,0.0042740753991564575,-0.0011486455976414526,0.0001707061385215121,-0.0014813561888441054,-0.007302404111674666,-0.003601802505133313,-0.0006665523264203929,-0.0001972007185210345,-0.05889674781755997,-0.021720091350091703,0.004538320660970348,-0.008680137660966706,0.0018423661887093032
0.9231587,0.9655172,0.13837598,0.13560846,0.13560846,0.88,0.88,0.35400695,0.30596408,1.0,1.0,1.0,0.24807899,0.24807899,0.5969905,0.37803173,0.48690414,0.0016519340135794083,0.002047901906507972,0.011281431400404567,0.0017551236428595366,-0.00752478519857057,-0.0006851999558737213,-9.558738250807009e-05,-0.0011927270862349259,-0.00846286481744761,-0.0042056972653564915,-0.00020838977061368404,-0.00041493330656341423,-0.055057635960363456,-0.01816124662891193,-0.0027250766462896614,0.0033922749994506197,0.0005699055791873283
0.7258395,0.43138617,0.34801254,0.94,0.3410523,0.26040795,0.88,0.23240691,0.21113369,1.0,1.0,1.0,0.17118949,0.17118949,0.38699055,0.3571227,0.4191263,-0.0005664189690763816,-0.0006351766082784606,0.0021488244923205616,0.000929932513832888,-0.003207609521433311,0.009441845515701281,-5.84519514765385e-05,-0.0024460161762786584,-0.010560164288202629,-0.00479390928344019,-0.0003968594953780255,-0.0007916483832966705,-0.0666549934073795,-0.028101998123614788,0.004455613796611329,0.004943752318867763,0.0036962165888746313
0.922576,0.861538,0.6938433,0.9045379,0.5072649,0.88,0.88,0.33280686,0.29369316,1.0,1.0,1.0,0.2381296,0.2381296,0.6257405,0.4053044,0.37245962,0.0028342437253022013,-0.00013269910344362946,-0.0021211466623540774,0.0008607136350330267,-0.001229338959905734,-0.0002986762141618286,-0.00024242900577676454,-0.0027128912694192584,-0.008615352661046691,-0.004578877044486568,-0.0007516515061450325,-0.0004345402199243477,-0.06672269432096999,-0.021491275613859814,-0.0031499203230949593,0.004139745590762611,0.004858360306624794
0.5601635,0.5167425,0.8391961,0.94,0.9433281,0.81621236,0.88,0.4917585,0.48360333,0.93697226,1.0,1.0,0.3921108,0.92039365,0.41949052,0.34166804,0.6935708,-0.00949207807512145,-0.003583933102659335,-0.0027539006501092456,0.004122364473229339,0.005375495427344393,0.0003211106332217207,-0.0031045556498761123,-0.0022069996914752484,0.005407380187958204,-0.0012466248277696926,-0.00017614225277806387,4.824871360336505e-05,-0.034286764254196,0.014493720453172692,0.0016754535648669023,0.008305613863049599,0.0018902831944746564
0.82613075,0.8553936,0.7054303,0.74003506,0.94,0.88,0.7522566,0.54455847,0.747164,0.93697226,1.0,1.0,0.67568505,0.6613107,0.46199054,0.4116681,0.53134847,0.001650391348185505,0.0013034083719056777,-0.002572598841203817,0.0010320987456116175,0.006759368903396849,0.00026262243591605863,0.004145281897863634,0.0007465863345567565,-0.0021055061769245285,8.106120594634865e-05,0.00015720567160303056,3.132048034252544e-05,0.025767583987733093,0.006438483812188332,0.0008364101665331314,0.005692748439417088,-0.0014179663626232256
0.9231587,0.9655172,0.43052992,0.42191932,0.42191932,0.88,0.88,0.645607,0.5544124,1.0,1.0,1.0,0.44952357,0.44952357,0.79074055,0.7680317,0.6069041,0.004906281221514938,0.0012024083668355735,0.0016241777648142196,-0.0012445164376443136,-0.0032061463833138243,-0.0015632803441761659,-0.00018120762950527626,0.001765334828368169,0.000526172505453313,-0.0045387204662497614,-0.000495050256517367,-0.0004144116289034525,-0.03694485539955411,-0.007600171581118145,-0.00898468686411425,-0.01270196471303197,-0.0012274244013121165
0.9231587,0.9655172,0.13011754,0.12751518,0.12751518,0.88,0.88,0.43615836,0.3772222,0.93697226,0.93697226,1.0,1.0,0.30585584,0.7007405,0.3880317,0.5135708,0.003975233653387808,0.0024845604647083398,0.016412344867131785,-0.010311290598896366,-0.023833111876513963,-0.0008207062873323894,-0.00037133011981987994,-0.0026434341110603294,-0.006452757674745482,-0.001337540540652589,0.0022004745277001566,2.8251223825094124e-05,0.1091526481832746,-0.011069475812220064,-0.009039412890611453,0.007539774621500201,0.00044009473973229325
0.92170197,0.87538546,0.64229846,0.94,0.94,0.77544713,0.77544713,0.49910995,0.43177634,0.6584483,1.0,0.6584483,0.35008892,1.0,0.46949047,0.47257718,0.575793,0.007791085344070112,0.0010423781893430478,-0.0020510553653898117,0.0056734518924051154,0.003990626601808956,0.0016069276369828497,0.0013157806896897173,-0.0006609585179974966,0.007384283598712586,0.009181909071014576,0.00017702888326680106,0.005551651346045044,-0.0350518707381568,0.01850747199220405,0.0007696870288793254,4.3407343655689354e-05,0.0006341682835503102
0.66400963,0.79577017,0.754412,0.96716094,0.663326,0.88,0.88,0.51126134,0.44433272,0.4539741,0.4539741,1.0,1.0,0.36026978,0.58699054,0.39166805,0.48801517,-0.0022384780831180657,0.0008816268762806912,-0.00423782067937115,0.002781736246974884,-0.0006671443927448684,-0.00011866060048213071,-0.0015267378487154983,-0.0010157728600423764,0.0073544834493009074,0.01256773377850871,0.0038012337163117887,-4.951200002737528e-05,0.09254851543560934,0.01777248342618143,-0.0014124960178482527,0.00710652058739183,-0.0011374354634563148
0.6477509,0.42842004,0.9048831,0.96716094,0.7617098,0.88,0.88,0.39655852,0.46144575,0.93697226,1.0,1.0,0.37414518,0.882135,0.5682405,0.48984987,0.31357065,-0.00674685499549743,0.0008142293358534574,-0.0007816095564925813,0.007347042453947963,-0.0004086389362857805,-0.0008704796330087733,-0.0026947682136439144,-0.005117148381234309,0.00532680881498942,-0.001510820236918539,-0.00034351208734109185,0.0004016286726699947,-0.02778476225961083,0.010277798882491217,-0.0015413632928507628,-0.0002431685567023251,-0.006686658901807407
0.9231587,0.9655172,0.2537661,0.24869077,0.24869077,0.88,0.88,0.6181584,0.5731887,0.93697226,1.0,1.0,0.9141007,0.4550285,0.3582405,0.5389408,0.6435707,0.004870898394499652,0.004600960757401674,0.009884579084336025,-0.0068573505290688815,-0.012924830876505151,-0.0008654004013777437,-0.0010828976382672587,0.0011993347987211606,0.00876147522030308,-0.0008075240442914944,0.0001953054703942471,0.00031823159160609434,0.073120021934816,0.01774918114298072,0.0037884512048128177,-0.0036873410259878002,0.0005590074429994068
0.7672731,0.7632302,0.8707975,0.94,0.8382191,0.6194941,0.88,0.7497585,0.8161661,0.93697226,1.0,1.0,0.66175634,0.79446024,0.70449054,0.740759,0.64134854,0.000659181130574943,-0.00024044976150686153,-0.0007523156949207415,0.003397543701108638,-9.086326899499924e-06,0.004456348040840882,-0.0021568446693863447,0.015125073127310408,-0.0031354625512815867,-0.00012197404179285318,1.4840253913359428e-06,-0.0004258408546663536,0.0196601858591606,0.011877862214618782,-0.0024870263008621267,-0.011459356326702023,0.002301494128175026
0.764301,0.81250554,0.7874305,0.9742972,0.8352978,0.88,0.88,0.5363099,0.4511397,0.9169722,0.9169722,0.9169722,1.0,1.0,0.62199056,0.3271226,0.7869041,0.00014785417914509519,0.0008683137793769055,-0.004274417349304515,0.003742806384993677,0.004831398791288555,-0.00044225816705644995,-0.003523137038992777,0.0014174398661994864,0.007325255318714438,0.0007024869738984779,0.0012580144072590574,0.00022247947007019014,0.08527507836189546,-0.01162772987627124,-0.0011922689085995227,0.008591833480293999,0.01127127702056907
0.61727315,0.62688017,0.8160261,0.94,0.96716094,0.6862055,0.88,0.41095847,0.6220788,0.9169722,1.0,1.0,0.7229743,0.56558484,0.5807405,0.32166812,0.56912637,-0.005676218250407554,-0.005694617696003731,-0.005451895937299789,0.002380729521825912,0.011096651188467133,0.002120230434887486,-0.0009571097255200874,-0.003987701842529152,0.004949844804445624,2.7302341596949776e-05,0.00020188071525887842,9.763507703521509e-05,0.03621827543639203,0.016173609375362875,-0.0010389149226344063,0.010099211133516164,-0.0004548910265694058
0.8175644,0.7719955,0.77925724,0.94,0.86448,0.8166729,0.88,0.35280687,0.3087718,1.0,1.0,1.0,0.2503555,0.2503555,0.3582405,0.32166812,0.78357077,0.0004215309382307987,-0.0006223774868163979,-0.004288695858801828,0.0009627200685484989,0.0051029680226581196,0.0006002400944122766,-0.00017075998374735778,-0.00200528866885811,-0.010716046034154108,-0.005161667902226698,-0.0007971468221837758,-0.0009625702098035377,-0.06757261289710562,-0.025862525883446428,0.005928042417355044,0.009895741637127545,-0.005432589419878596
0.2554434,0.433635,0.8412255,0.94,0.9742972,0.81621236,0.88,0.123606876,0.121752016,1.0,1.0,1.0,0.098717846,0.098717846,0.12449038,0.34439528,0.32579294,-0.006796567006804299,0.0003796597699205538,-0.0022409016043211417,0.0005730514083742537,0.0017736637988303053,0.0001298632604976022,5.886257685960489e-05,0.0039691489303606406,-0.01715520975471024,-0.0030883936216527176,-0.00025350336122396776,0.00015355565409255263,-0.06521880204814923,-0.030285233576379196,0.014377174657101635,0.006115593929905425,0.0055330346929450755
0.8293942,0.4261248,0.80473703,0.9476599,0.80838555,0.88,0.88,0.571207,0.4834055,1.0,1.0,1.0,0.3919504,0.3919504,0.6982405,0.49894083,0.7835707,0.0015727811028716221,0.0005370426264771222,-0.0012671880401412526,0.0007521093880952228,0.0012145130409174103,-0.0011264161774601391,-0.00024506645101226524,-0.0009270133278026091,-0.0027209750067309015,-0.005235096704906186,-0.00032948505916504723,-0.0007117426633441937,-0.047351848063218877,-0.01628842630963102,-0.0054361668584319055,0.00023333344327928024,-0.009207424640919728
0.15602608,0.5176363,0.8428371,0.85980326,0.94,0.88,0.36045814,0.18480697,0.16842496,1.0,1.0,1.0,0.13656078,0.13656078,0.5107405,0.31621343,0.26468182,-0.01000206787931345,-0.0016107258126601836,-0.0038544070138154594,4.3018774835895255e-05,0.003749379695832442,-0.00016785912763873394,0.003091740811909457,0.0013858408135843392,-0.011839021316016322,-0.002660673764233401,-0.0005310341443098912,1.3130647614941482e-05,-0.057538707451132466,-0.020127714034972904,0.00011701258373677934,0.007060274366339507,0.003904911903071329
0.9231587,0.9655172,0.34747598,0.34052643,0.34052643,0.88,0.88,0.63871,0.5446667,0.6756142,0.6756142,1.0,1.0,0.44162166,0.6919905,0.6125772,0.7313486,0.0023441808584651006,0.004346628971299533,0.008279187626530094,-0.00698505026307283,-0.010351237272822712,-0.0008039805539610739,-0.0005568563225470368,0.002716889730972345,0.007759811562111741,0.008844899281190888,0.001716578912250886,0.00017229934124135733,0.09383058767884553,0.010584948893731627,-0.00569969281954802,-0.009273355528033966,-0.0005275587505375732
0.7752568,0.7556522,0.87409985,0.909952,0.9493393,0.88,0.88,0.53071,0.4517097,0.54207706,0.54207706,1.0,1.0,0.36625108,0.5519905,0.5343954,0.625793,0.000103781312335279,-0.0008818363944287267,-0.007631070501112547,0.0036713898870080297,0.010043144380510625,-0.0009737481435058228,-0.000746598078397849,-0.00019617802111243003,0.006848828844737297,0.012811850215930905,0.004395547496409258,4.0356137436995674e-05,0.09554971345013172,0.013666269625441017,-0.0008252005312051104,-0.004151450692021269,0.0005506133513903011
0.91814715,0.7687495,0.71779466,0.9742972,0.94,0.88,0.527952,0.47695845,0.5280082,0.9169722,1.0,1.0,0.9034137,0.36976412,0.6719905,0.49712268,0.2069041,0.0029791584485784114,0.00016834904335833394,-0.003449488691595692,0.003443017091854873,0.005222413974001504,-0.0007176305781696979,0.005143668384255111,-0.0024743960627760797,0.008489559699450618,9.402269090313192e-05,0.0005235986258167707,-0.0002749831096279812,0.08159931909192406,0.010915224802247601,-0.004445398154872524,0.0005777939342100874,-0.0018685516186854598
0.72141063,0.5268383,0.85870546,0.8902408,0.94,0.88,0.37113243,0.32015845,0.76216847,0.9169722,1.0,1.0,0.6179744,0.58327234,0.35574055,0.5680317,0.13912624,-0.0014616499841333423,0.00015012959529836175,-0.0042007916472451955,0.003599602234962901,0.0021695602406366617,-8.703819874099323e-05,0.020145880743365617,-0.0074707871568681136,-0.0033981476354621506,0.0002805185708894426,0.00016416263999822106,0.00019565289637608118,0.01137813485888941,0.009821134673876688,0.0019214512399041107,-0.006308229804854372,-0.017652461333728733
0.9231587,0.9655172,0.34747598,0.34052643,0.34052643,0.88,0.88,0.6797584,0.57768273,0.93697226,1.0,1.0,0.92664975,0.49864054,0.73324054,0.6125772,0.7313486,0.0037353296616813637,0.0038399846301095035,0.0069946660131907715,-0.003907051141957306,-0.01138954010403567,-0.0007665830013023311,-0.0006355225216012539,0.0035525001724506177,0.010078593966943019,-0.0007748855117106754,0.00033844865568404323,0.00021288416294052676,0.08122912062751883,0.013719530850515829,-0.00650394728687626,-0.007769654344211404,-0.0017040741336757333
0.9231587,0.9655172,0.44479293,0.43589708,0.43589708,0.88,0.88,0.75895846,0.7374821,0.9169722,1.0,1.0,0.59795845,0.87604874,0.65449053,0.69439536,0.81134856,0.0061612191850146806,0.003783037867596867,0.0009029376049644242,-0.005156409702801112,-0.002104102309581528,-0.0011334655858647913,-0.0025487330670166185,0.010112758786579211,0.0027005457505642483,0.0003781543266209077,0.00013940490092637212,2.4499030059062787e-05,0.006338887631593498,0.01195481345337643,-0.0025371157444397663,-0.006807792509570357,0.009560631425696747
0.9231587,0.9655172,0.36588004,0.35856244,0.35856244,0.88,0.88,0.64311004,0.54989344,0.63139063,1.0,0.63139063,0.44585952,1.0,0.5657405,0.53712267,0.78912634,0.009796494493236175,0.0027518643933997534,0.004315572663610905,-0.011666519585841867,-0.005212007684490898,-0.0014711955311686284,-0.002774386958688968,0.005398848106070859,0.004918349646384276,0.008686941644235672,-5.9518550457482725e-05,0.0006257455738157614,-0.015060719756772988,0.0018892984822709133,-0.0014841920967675404,-0.0018484690903934214,0.011154524098682082
0.7563174,0.80322796,0.8432553,0.9363606,0.90833646,0.88,0.88,0.38080695,0.33312336,1.0,1.0,1.0,0.2701,0.2701,0.33949053,0.5353044,0.5546818,-0.0001377067414942962,-8.372971208642655e-06,-0.003038815554034272,0.0016943060065165287,0.0019487712687860537,-0.0006198741244754502,-6.0578098393033706e-05,-0.0019236811274932985,-0.005724053574773028,-0.00401366534756323,-0.0005867584277002158,-0.0005199834472455847,-0.05918722421026643,-0.019808909411625344,0.00626137290497094,-0.0032026214059830103,-0.0007383410180066943
0.9178558,0.7374652,0.88930696,0.8715208,0.94,0.88,0.8836999,0.5561584,0.6732177,0.93697226,1.0,1.0,0.87277627,0.45985228,0.7082405,0.45257714,0.4513485,0.0045023013272299265,-0.0024788382675884294,-0.007355340054838262,0.0028433633436563905,0.00995057308251156,-0.0007361847600347507,-0.0006128371648079879,0.00051189929063779,0.007422961803635772,0.00018117822598590256,0.00016035914649769904,0.00032295757147487986,0.07086308204295991,0.027424280549658883,-0.004410689835425877,0.0022479088713215603,-0.0028509294589710204
0.7989164,0.89430994,0.45793012,0.94,0.44877154,0.7973995,0.88,0.59935844,0.51271385,0.9169722,0.9169722,1.0,1.0,0.41571394,0.77699053,0.6662136,0.57245964,0.0002589147500913377,0.0022240832255003558,0.0028880323378375787,-7.183623062502337e-05,-0.007925636079993519,0.0017159582578798443,-0.0010040300552736222,0.001180187998596088,0.00623878419119173,1.793916938997088e-05,0.001643448282993988,-2.172654707769395e-06,0.10083960176129121,0.006076238717392103,-0.009822844599122605,-0.012139445744160315,-0.001006165082413638
0.5793943,0.57059574,0.76677805,0.7514425,0.9301868,0.88,0.88,0.6032069,0.51652044,1.0,1.0,1.0,0.41880038,0.41880038,0.56699055,0.710759,0.7735708,-0.0013617336024085388,-0.0024739537021876493,-0.0034209129131429743,-0.0016173472089834927,0.006191441209416313,-0.002044160193729871,-0.00039402940556440834,-0.00027624842718650133,-2.6494518144057967e-05,-0.004858510855845384,-0.0008476159915703616,-0.00019670575777520127,-0.03899095508220597,-0.009904127708640414,-0.0025056787656931273,-0.008623991236833823,-0.005345271350373588
0.38708663,0.6557171,0.7866522,0.94,0.73911226,0.5206318,0.88,0.34215844,0.46711677,0.93697226,1.0,1.0,0.37874332,0.8261404,0.29199052,0.2771226,0.42023733,-0.01953212744567211,-0.001835484669220458,-0.0022578487816815695,0.006475731882190608,3.5701552385052503e-05,0.010075410353738712,-0.0011012060808967767,-0.008889002137555493,0.005888546779716139,-0.0008935146766201945,-0.000709612468571489,-9.453212078488995e-05,-0.02628191836835595,0.00807306757036621,0.007383566375026771,0.00954971978373682,-0.002835317791925659
0.90276253,0.8529827,0.73494405,0.94,0.9742972,0.9343218,0.88,0.74015844,0.7125584,0.9169722,1.0,1.0,0.57775,0.8628027,0.6569905,0.6725772,0.7313485,0.0040018603308943235,0.0005883488816926436,-0.001974338348829674,0.004310113264787208,0.0018950161419388056,-0.0012525792990485066,-0.0008357233855388849,0.01284040771737335,3.925375973201618e-05,0.00014217019285953835,0.0002779461321367801,-0.00022464689171184418,0.0014570865916462782,0.010904585222311868,-0.0015909939103509658,-0.008753544643927498,0.004230061870748646
0.61727315,0.62688017,0.8160261,0.94,0.96716094,0.6862055,0.88,0.38566148,0.3410367,0.5246136,1.0,0.5246136,0.27651623,1.0,0.5807405,0.1998499,0.5402373,-0.010976747397308554,-0.004010003625094029,-0.0017000279130422852,0.009979316640663,0.009420816290032347,0.006963973768408381,-0.0014532856571303722,-0.005996581125066252,0.011382123528467727,0.016546258642274395,3.82080596604327e-05,0.0049954040101531,-0.05048048668166487,0.007386415357917893,-0.0019007266612913146,0.012770546295682592,0.000687749721102898
0.52939427,0.6583782,0.84689593,0.829958,0.9049155,0.88,0.88,0.49895835,0.5203573,0.9169722,1.0,1.0,0.80047506,0.48535305,0.24824047,0.49621347,0.5146818,-0.008907861907974138,-0.0046004617195678985,-0.007085569461423946,0.0012518950025106118,0.0094258240749209,-0.0004022247277238422,-0.000999097452434911,-0.0019030836055781005,0.009049957077765954,0.0002369562036928926,0.000546194927247612,3.7296490054909355e-05,0.05531034270789526,0.01794686201773987,0.004009599708039734,-0.0009030638127796885,-0.00031076571156651666
0.914301,0.85880697,0.68468994,0.94,0.9742972,0.7562161,0.88,0.3497583,0.30881077,0.9169722,1.0,0.9169722,0.2503871,1.0,0.5019905,0.5125771,0.3335707,0.006954312674626694,0.0002393893774599674,-0.0021875485775084773,0.007438820034726315,0.005428069834630466,0.002952781745241747,-0.0015958852199594842,-0.0073591910647415005,0.010236434176300388,-0.0005719931974817622,0.0002966273992699588,0.0001595451795381822,-0.05384938437186956,0.01683020181990892,0.0004881162340560945,-0.0011983243724658305,-0.004988343330360337
0.922576,0.9137103,0.6404581,0.94,0.61502904,0.8199039,0.88,0.61095846,0.49918687,0.9169722,1.0,1.0,0.9381185,0.4581621,0.5132406,0.5580317,0.6380152,0.0040776033781131675,0.004718113728495102,-0.0008741443322570407,0.0004107105268828679,-0.0033553005031914805,0.0007482688065471113,-0.00041221627830813275,0.0013464260439421767,0.007971528075518614,0.0006765480175162936,0.00037729023399159093,-0.0001000229277777609,0.08986505728908663,0.012411471890915977,4.988959036842631e-05,-0.0048239323513004865,-0.002240707795727492
0.69005877,0.94290984,0.94917023,0.94,0.9742972,0.85377544,0.88,0.61655843,0.85133535,0.93697226,1.0,1.0,0.6902719,0.6916209,0.8382405,0.39894086,0.42912632,-0.004362666258301113,0.00201626699391693,-0.004715051337426656,0.0041104675599496765,0.007955669922325506,-7.428173997639387e-05,-0.0028969778266639745,0.0043858723577889,-0.008086039483642858,-0.0001970398011584582,-0.0001765625019343968,-0.0004442422491647208,0.022372925065235284,0.0039475686141289676,-0.005638036196013428,0.005892623473758436,-0.006370164452417134
0.8379606,0.65883225,0.73224294,0.94,0.94,0.75249696,0.5398188,0.5797585,0.57283753,0.93697226,1.0,1.0,0.9034137,0.45881236,0.46949053,0.6262135,0.5335707,0.0018266298606635133,-0.00304370246278185,-0.003358915000556567,0.0028396663184090316,0.006003419367216223,0.0022034665934746157,0.006364370669095227,0.0012707038955747183,0.008942638992860975,-0.0008272142617165655,0.0007026668873182957,-7.572820541267289e-05,0.07837607338976588,0.017257187564010127,0.001189062552180758,-0.010189146259535093,-0.001095662081894674
0.9231587,0.9655172,0.19432083,0.19043441,0.19043441,0.88,0.88,0.5221585,0.7306269,0.93697226,1.0,1.0,0.8288836,0.52693903,0.6069905,0.60894084,0.39134842,0.008653957120139867,0.0042747728872402175,0.008229058114902776,-0.011701861005351446,-0.01368800109977739,-0.002007098361158052,-0.0020036687899642686,-0.00026242370515466916,0.002646735440208574,3.937748046977319e-05,-0.0005160566151951842,0.0002885501866697948,0.056199454509627794,0.013447012798424538,-0.003241233884530288,-0.005170549238181077,-0.008281426745460016
0.9231587,0.9655172,0.5205018,0.5100918,0.5100918,0.88,0.88,0.757607,0.6378298,1.0,1.0,1.0,0.5171593,0.5171593,0.7657405,0.85803175,0.80245966,0.0026845254956001847,0.001378298183031803,-0.00011613169744607973,0.00038479507955202085,-0.002084249555256427,-0.0017660056074602806,0.00023658693107316304,0.005971551716879533,0.010526019293558418,-0.004346191422065257,-0.0004896559094834413,-0.0004306411987737829,-0.014094012464517311,0.001064320956290145,-0.007610742366098269,-0.01674600566708679,-0.007402324476761878
0.9231587,0.9655172,0.2044166,0.20032828,0.20032828,0.88,0.88,0.46895844,0.40768984,0.9169722,0.9169722,1.0,1.0,0.33055934,0.50449055,0.53257716,0.60468185,0.0030009749985789157,0.0033789301846868865,0.012024874449213033,-0.007286351712920362,-0.01576595589043464,-0.0015288577778375747,0.0002158372520326364,-0.0018453681445132826,-0.0025291785943440497,-0.0012517832327532668,0.002359247698010105,-0.0001632848117217137,0.10614617104719548,-0.007803429185963658,0.00033932536600890186,-0.0028668905779815727,-0.002025867995910665
0.9231587,0.9655172,0.096160166,0.09423696,0.09423696,0.88,0.88,0.5241585,0.52372724,0.9169722,1.0,1.0,0.42464373,0.8655786,0.38574052,0.351668,0.72357076,0.008072267067317474,0.0034229533325795397,0.007477992585146749,-0.009012840250450817,-0.008755457975692391,-0.0006922483607666952,-0.004448479875299641,-0.0013832834900040932,0.006962891042878252,0.0005583552142805789,5.9864693450037005e-05,0.000409811009280424,-0.018257213925863196,0.013200390196128585,0.004963978020315172,0.003650221213604669,0.007942174081457691
0.9231587,0.9655172,0.1369839,0.13424422,0.13424422,0.88,0.88,0.39840698,0.34911257,1.0,1.0,1.0,0.28306425,0.28306425,0.53574055,0.5534862,0.41134846,0.0017301306683924567,0.0016844803781914575,0.010830565598838366,0.0013268880975422644,-0.005333710639907727,-0.0004836357960961596,-0.0003487325218856707,-0.0008872685440050029,-0.009649152852890808,-0.0042945861028324235,5.275445955251895e-06,-5.0129025113164865e-05,-0.051707350630520635,-0.017772655143242933,-0.0009746754578050432,-0.002215394185269577,0.0024720758790455826
0.65101445,0.2437144,0.8940087,0.94,0.94,0.8199039,0.5635914,0.19200684,0.17977512,1.0,1.0,1.0,0.14576362,0.14576362,0.28199053,0.4916681,0.2357929,-0.0017325066405176725,0.002938336448191736,-0.002701994950860828,0.0015792821874420643,0.0017539072135214595,0.00014906505438871246,0.0002599944315454713,0.00023295976839330458,-0.013021374209169293,-0.002930196848507718,-5.1223582783631595e-05,-2.8287832469941626e-05,-0.060710482740682664,-0.028030214353680187,0.00871184671382623,5.993746829482047e-05,0.008171433484712552
0.15899818,0.36477852,0.85670185,0.94,0.94,0.2947134,0.1831431,0.2909584,0.75993073,0.93697226,1.0,1.0,0.61616004,0.60038906,0.2819904,0.30348623,0.3080152,-0.020072330369567144,-0.005357759013353423,-0.004383238782584452,0.0027134752056679062,0.005955178967903771,0.002919772118955903,0.02868357358919503,-0.007713189866697238,-0.0011346879429791298,-0.0008903270609998275,3.997206260365675e-05,0.0002224203945245744,0.006015609117985371,0.00943087371346961,0.0037063968347674325,0.012945114166704323,-0.008301369250869902
0.92170197,0.91387534,0.52287406,0.99229723,0.4786222,0.88,0.88,0.6077586,0.6236318,0.93697226,1.0,1.0,0.91011345,0.46624133,0.69199055,0.36166808,0.7080152,0.004479253335450051,0.00458684683169249,0.0008516193085345897,-0.00017811578878101233,-0.008320989385304747,-0.00041252623454064415,-0.0018216704629685971,0.0011457450622581588,0.009629596239270984,-0.0005193713800243346,0.000128328843317399,5.875382574226137e-05,0.07151015582125528,0.013925241819356265,-0.004686918692787153,0.008215763216255364,-0.0027326272091276428
0.9107462,0.85539395,0.7293898,0.71480197,0.8857861,0.88,0.88,0.38280687,0.32966352,1.0,1.0,1.0,0.26729473,0.26729473,0.58449054,0.46984985,0.46912616,0.0021599951711710253,0.0001868095086624811,-0.003336246330813958,-0.0009372646599628495,0.005470407268064802,-0.0006276144182823975,-0.0007282751520527787,-0.001357301245380113,-0.008528166459840818,-0.003351934007004467,-0.0003640578003525685,-0.00023245250836212677,-0.06216753315055156,-0.020267672537568,-0.0029711211159044472,0.0007974363703132008,0.0014594936945929407
0.90690005,0.9763592,0.6264132,0.99229723,0.60746866,0.88,0.88,0.96975845,0.8703121,0.93697226,1.0,1.0,0.70565844,0.9049423,0.8907405,0.9071227,0.7291263,0.004242708093637935,0.0025142477562958765,-0.001954416192905499,0.006546169223423448,-0.0002699918640183219,-0.0008368409569012697,-0.0008790824693549462,0.03224235719529937,-0.007772589849480953,-1.9115927078117226e-05,-7.720894241509992e-05,-0.00013003013719073818,0.028164625938767923,0.008629087851417335,-0.006298057857000259,-0.015683223583691182,0.007479742906810867
0.4675645,0.52683794,0.8567542,0.89401305,0.9742972,0.88,0.88,0.19495834,0.48459283,0.9169722,1.0,1.0,0.8065308,0.346566,0.32449055,0.4062135,0.029126167,-0.016138536756741893,-0.007284585176219539,-0.006595626604176817,0.004336357583919922,0.009694781848163572,-0.0006876378258144688,-0.0015855587293960801,-0.013175801480858696,0.010082759248186121,0.0003863518698126654,8.006841288409144e-05,0.00034945369536408934,0.05163721792543651,0.02515978979506685,0.006544562930829322,0.005229897331265529,-0.031218276618485044
0.67053664,0.77704376,0.7952484,0.94,0.7492579,0.7315363,0.88,0.5820068,0.49832764,1.0,1.0,1.0,0.40404946,0.40404946,0.73324054,0.6798499,0.56134856,-0.0009780983454819568,-0.0005721976209602199,-0.002060916612274338,0.001579898189698427,0.0007379624510481047,0.0034451136754752006,-0.00012207165216663343,0.0009997662183829509,-8.20432685280513e-05,-0.004215250970913656,-0.00036298583165014883,-0.0007010277466024722,-0.044444220906941896,-0.015146387564864517,-0.007144810970754276,-0.010295659429241362,-0.0009385233884270654
0.90276253,0.8529827,0.73494405,0.94,0.9742972,0.9343218,0.88,0.7181584,0.8307383,0.93697226,1.0,1.0,0.7340271,0.7062126,0.6569905,0.5962135,0.63801515,0.003890540209263297,0.0010917391934303585,-0.0033847192122064516,0.002912998217262733,0.006750045178377625,-0.0008271655977751644,-0.003465100257450542,0.009354464443955341,-0.006745031435085424,-2.0011705120719197e-05,7.717747117872254e-05,-3.707849906716704e-05,0.03544784389074002,0.00729266590229833,-0.0007810017054517553,-0.006661850587286831,0.003581401047845106
0.52141064,0.65408564,0.81854767,0.94,0.8135969,0.51873934,0.88,0.46175843,0.78303677,0.9169722,1.0,1.0,0.63489467,0.6204723,0.42824048,0.33984992,0.43912622,-0.008538548842813246,-0.003541704314448314,-0.003213510797561651,0.002923155421365839,0.0022627691609299672,0.004220448938460665,-0.0010145163460372898,-0.002107859330233751,-0.002757499802029517,-0.0001350772559624161,5.909657625598881e-05,-0.0003019035446393703,0.008289667643123411,0.007630835347869921,0.0010376003755177953,0.008469989035640772,-0.002920004227713984
0.7876693,0.85880697,0.7441995,0.7293155,0.94,0.88,0.7562161,0.5549585,0.6684466,0.93697226,1.0,1.0,0.5419837,0.7943818,0.5969905,0.4562136,0.5624597,0.0014137659021269094,-9.460261365415569e-05,-0.004212530691097412,0.0003096293722698936,0.006485451959260821,-0.0008592894333715521,0.0026846749979032914,0.0011086017408704224,0.003039426278082545,-0.00013627724051394082,0.0001253328974388506,-9.335172390092989e-05,0.004517604225302033,0.009135452468261869,-0.0017716754520711445,0.0015126759661105835,0.0019305438923562512
0.9231587,0.9655172,0.19629641,0.19237047,0.19237047,0.88,0.88,0.5609584,0.55928105,0.93697226,1.0,1.0,0.45347112,0.8794391,0.44199055,0.5289408,0.40134844,0.008446290531265778,0.0009584913651959502,0.003628553459472383,-0.01664210556132195,-0.0025682827591051553,-0.0009622441772147549,-0.00242945968980453,0.0010111885409713232,0.005656801765568606,-0.0002676585252842819,-0.0003117178047334099,0.0002896323364242837,-0.01907618058029743,0.004920031163790018,0.002673424144596176,-0.001092750719437443,-0.008581378468423844
0.9231587,0.9655172,0.18971875,0.18592438,0.18592438,0.88,0.88,0.42640695,0.37031385,1.0,1.0,1.0,0.3002545,0.3002545,0.3957405,0.43348625,0.8024596,0.0022768327839910274,0.0022598674852951457,0.011254758003120377,0.002196907806331182,-0.009006456167254803,-0.0011447867351989795,0.00013862016718364873,-0.0007272013134825665,-0.009459120218601645,-0.0044514590972859055,2.8151495136745642e-05,-0.00025594733324619347,-0.04869009986289638,-0.020988348072391402,0.004170670626873929,0.0021999132947149377,-0.007091933262058449
0.7296856,0.7449196,0.86690027,0.94,0.7155985,0.75249696,0.88,0.6249585,0.5995383,0.9169722,1.0,1.0,0.48611215,0.882135,0.6569905,0.57439536,0.346904,-0.00028216487918842985,-0.0007826464015290948,-0.002186494526456536,0.0070799052043293694,0.00013737618023915534,0.0030299219189168845,-0.00233725683776374,0.008373747503606314,-0.0005502495170805054,-0.00042885083774229116,-0.00016887905067962394,-0.0002217911475440429,-0.011951422163487248,0.0011641074834809265,-0.004204693071260232,-0.0037679254608997325,-0.009195517927314366
0.9231587,0.9655172,0.0840901,0.082408294,0.082408294,0.88,0.88,0.4117585,0.7552226,0.93697226,1.0,1.0,0.61234266,0.6558413,0.6794905,0.35803163,0.3713485,0.009846960820094985,0.0017177748906498922,0.0050710612780703246,-0.016497319453714195,-0.012829957704468544,-0.0012460139569024835,-0.002338775916357486,-0.004306549637332397,-0.001505499892838725,-0.0008977709437751565,-0.0006598904636063832,0.0008899152387019596,0.015047348746804698,0.005118673518151089,-0.00682388184784987,0.004048271438058502,-0.012310234949129011
0.7439049,0.6334749,0.81216455,0.94,0.8055859,0.7833149,0.88,0.45000687,0.39270756,1.0,1.0,1.0,0.31841153,0.31841153,0.45074052,0.7071227,0.49468178,-0.0006482792216075081,7.137329037470906e-05,-0.0028154202029624176,0.002516409821152704,0.0016239557436329678,0.0015348287213031136,3.7116251140257294e-05,-0.002317868743230751,-0.005811384577292444,-0.005427062632995701,-0.00039898735787797623,-0.000452022031532182,-0.05709512457646397,-0.020659593597859877,0.0024907329786512397,-0.009892026730853643,0.0010174023675114754
0.87613076,0.7439484,0.80873865,0.94,0.94022495,0.78728664,0.88,0.5301584,0.824037,0.93697226,1.0,1.0,0.6681381,0.69243,0.45074052,0.6625772,0.49579293,0.002868380909788439,-0.001214251084946518,-0.0015062928729557123,0.004369377342141481,0.0007604852157429605,0.0007003409011328833,-0.0019638721139006773,0.00042843369972106265,-0.00757029485446562,-0.0003504858482174936,2.0840370705807743e-05,-4.666039248445886e-05,0.0179669290399557,0.005002402850560801,0.0006228441578296171,-0.008705316624988973,-0.0014597526474691921
0.91814715,0.7855905,0.80904937,0.94,0.909952,0.9343218,0.88,0.44680703,0.3874025,1.0,1.0,1.0,0.31411013,0.31411013,0.7269905,0.6053045,0.40134853,0.003610453417045761,-0.0004500666760848939,-0.003703615258515308,0.0020245603488722483,0.0038309637851952592,-0.0019456379469277815,-9.318325597052402e-05,-0.0019799796838149723,-0.007183224759763982,-0.0037905750111262067,-0.0001539225190667342,-0.00027773838011312465,-0.06216919363903625,-0.017807856150203007,-0.00803245243894741,-0.006625116594015783,0.0039202138436736055
0.5947789,0.70785475,0.74129534,0.9742972,0.77375364,0.88,0.88,0.3693585,0.44797015,0.9169722,1.0,1.0,0.36321905,0.89083815,0.3582406,0.33803168,0.48468176,-0.012197676936906432,1.076784210293967e-05,-0.0031034444599835815,0.009101387409826706,0.0012208011339811928,-0.0003525134183995015,-0.002309780597653317,-0.005391157233377587,0.006894544457204585,-0.000618064291232776,-0.0006981325957721494,0.00013713950697378518,-0.03790937231083609,0.010048309881364466,0.0058069498125857535,0.005905093356588651,0.00046089954076411894
0.8030539,0.85880697,0.748605,0.8597547,0.73144037,0.88,0.88,0.29720697,0.26607007,1.0,1.0,1.0,0.21573249,0.21573249,0.5619905,0.29166812,0.52245957,0.00092924980565287,1.9990946512457726e-05,-0.0031799488298368817,0.0005775154073589064,0.0008782422468391443,-0.0007424251993807773,-0.0004620111343629095,-0.0009154037123164001,-0.011652539491358868,-0.004859964345051171,-2.8260175469861996e-05,-0.000370926654775756,-0.07252854338306088,-0.025552206775295492,-0.0015214067043264673,0.010729288382518827,0.00026938226379084174
0.8530539,0.68607277,0.8064409,0.9742972,0.8696024,0.88,0.88,0.47255853,0.6642765,0.93697226,1.0,1.0,0.5386026,0.7423457,0.4494905,0.370759,0.5491263,0.0020445363011870553,-0.0019408525447051322,-0.003119183571204815,0.004887553827061033,0.003945116120928615,0.00021405200910855484,-0.0013256244047611743,-0.0019344938118496721,0.002781403584766927,-0.0008603589798747687,0.0001308503993500225,0.00012058712931770757,-0.0067996573513075835,0.007507432160887445,0.0005585595682330983,0.005848095201344303,-0.00020871962445526146
0.67939425,0.7755932,0.8417247,0.82489026,0.94,0.88,0.5799126,0.3880068,0.33756584,1.0,1.0,1.0,0.27370203,0.27370203,0.57449055,0.4971226,0.45690408,-0.0019342722841726695,-0.00041480599911054654,-0.003742581960012419,0.0005178821760470888,0.004399258334196282,-0.0006568300600293592,0.0013450868887131997,-0.001978612349993613,-0.008523911640361424,-0.0035214358383016285,-0.00040613978090670965,-0.00044519673828068395,-0.05891747809117727,-0.02080645728794744,-0.002878894593227435,-0.0009604835518125751,0.001658114319867903
0.86843854,0.7670435,0.716094,0.94,0.6996066,0.8199039,0.88,0.25600693,0.23145753,1.0,1.0,1.0,0.18766826,0.18766826,0.28824043,0.48075894,0.36468187,0.0020144700441599773,-0.0004828994321384529,-0.0030622740209370904,0.0024755448030242804,0.0005411642583733051,2.7896409928736767e-05,0.0001927940918019503,-0.0013294149476773952,-0.009207995448876391,-0.0035614811280619014,-5.4035562597141935e-05,-3.699467209208579e-05,-0.06218017643333514,-0.023952369476834007,0.009401745278733754,0.0003296234298730022,0.0042875142332312
0.9178558,0.7296301,0.916345,0.91754854,0.84429127,0.88,0.88,0.403607,0.35281852,1.0,1.0,1.0,0.28606907,0.28606907,0.73324054,0.3698499,0.56357074,0.0029266591971181056,-0.0002110010455099998,-0.0029073292692838094,0.0016892240419211647,0.0028836895589655002,-0.0005502842411545085,-0.00029817143622315207,-0.0021320861526331393,-0.007592222036085883,-0.005104146985806427,-0.0005095918377654346,-0.0004236498477295732,-0.062107677100268856,-0.018888111599285662,-0.006737249460706199,0.00679103792495585,-0.0008164150031636533
0.9231587,0.9655172,0.23391594,0.22923762,0.22923762,0.88,0.88,0.65255845,0.81791157,0.9169722,1.0,1.0,0.75094974,0.6482513,0.6894905,0.7289409,0.36690405,0.007072152238111504,0.003123136981307313,0.002576869547755007,-0.010607422414502769,-0.003467651364305958,-0.0004903898773859152,-0.0019460985833874458,0.006096537542607066,-0.00679541659825164,0.00025731149269110653,-0.00044922924499277053,0.00016083453456787694,0.03606631516532664,0.006244631268014523,-0.005162225508785212,-0.0068810352006690376,-0.012072880141784679
0.9231587,0.9655172,0.23229145,0.22764562,0.22764562,0.88,0.88,0.6241584,0.86083823,0.93697226,1.0,1.0,0.69797695,0.71110594,0.68574053,0.5234863,0.67245966,0.00757027371655593,0.004195254125712244,0.007003203233194571,-0.008283988784871976,-0.008316641307064353,-0.0010508049106360275,-0.0032147167808197676,0.0034351951196312956,-0.003400110522770357,-0.00013297869105245385,-1.9784215463959363e-05,0.0005577428778856272,0.032111529613334334,0.0031103958027092625,-0.004150157525075549,-0.0008468344904842072,0.009192733624153092
0.8989164,0.87916917,0.72126865,0.94,0.69929415,0.77983624,0.88,0.4841585,0.5395368,0.93697226,1.0,1.0,0.9141007,0.37961313,0.63949054,0.42803174,0.3746819,0.003804341702209354,0.002754990372950582,-0.004060350823959197,0.002327890885696995,0.0013650508089039788,0.002019127430531027,-0.0008644010624627861,-0.0023317874014827876,0.01083648557442331,8.484825762499318e-05,0.0002100143882235911,2.933596877695288e-06,0.07765839769471419,0.01654757429282604,-0.003626592911436541,0.004060822416153511,-0.0001098393040080006
0.9231587,0.9655172,0.27196795,0.26652858,0.26652858,0.88,0.88,0.6109584,0.7196436,0.93697226,1.0,1.0,0.58349484,0.78044164,0.4057405,0.6443954,0.56245965,0.005827125546277606,0.002178124722757484,0.003582646833859331,-0.008186153493328317,-0.0027449664161655007,-0.0007024582131821564,-0.001862116020257229,0.001323614434620165,0.0029573188656911113,-0.00029167964318932817,-0.00017257227291416822,0.0002471804799718952,0.0015451456699994343,0.009951198728305065,0.004025959800711933,-0.004483241553496465,7.623938208635412e-05
0.0829491,0.530268,0.56901675,0.9742972,0.94,0.88,0.37511092,0.2049585,0.2512958,0.9169722,1.0,1.0,0.9298423,0.21411152,0.27949047,0.42712262,0.07357078,-0.026057688066207247,-0.0043142695731787665,0.00020309916503867217,0.004622000004695046,0.008627179651217216,-0.001895186680012787,0.002053901391296032,-0.0027156754387188354,-0.009345577915728005,-0.00011522463340209867,-0.00021975081497617094,-0.00024967089223153937,0.09013237833892679,-0.020796948409397185,0.010810649374317815,0.003863805653533338,0.0127730771715764
0.9231587,0.9655172,0.49097404,0.48115453,0.48115453,0.88,0.88,0.8201585,0.7927243,0.9169722,1.0,1.0,0.81605154,0.6988953,0.6769905,0.6943955,0.8802374,0.005739559206886877,0.005568076536773834,0.0018744917182960258,-0.0013498052842225883,-0.004532811845503159,-0.00113850163960455,-0.0012556495569342866,0.009299983552643016,0.006113679137545545,0.0004950018039336155,9.382618703657743e-05,0.0007500130334840527,0.05567956381730171,0.01815319861915629,-0.002612114787858743,-0.01082021146453721,0.007827484321512925
0.7439049,0.6334749,0.81216455,0.94,0.8055859,0.7833149,0.88,0.6477585,0.5632193,0.9169722,1.0,1.0,0.911922,0.47560248,0.42824054,0.7071227,0.49468178,-0.0015233681978598886,-0.007200379061595089,-0.00637181869730455,0.002527138453203398,0.005539166209303542,0.001131415200356354,-0.001643313490111708,0.0040670608898882975,0.007033928927557287,0.00025886743478432505,0.0005811028153072633,-3.2996346755394256e-06,0.0792647280118872,0.017136231427143187,0.0017475881626486656,-0.01353616123604101,0.00014116321258273134
0.9231587,0.9655172,0.19626373,0.19233845,0.19233845,0.88,0.88,0.40120697,0.34934324,1.0,1.0,1.0,0.2832513,0.2832513,0.6044906,0.57439536,0.3713485,0.001944445993997168,0.0017615066277347788,0.009074836108111663,0.0010401621360499173,-0.005056335336423388,-0.0005201934467432697,-0.0003360560148995202,-0.0012268118485286436,-0.007681658575625423,-0.0039803663522917955,0.00011120341725901289,-0.0003965794221815254,-0.04836435786685925,-0.01603148534409138,-0.002984145771082531,-0.002973142401936405,0.0045285732092956365
0.82082796,0.077220045,0.68141747,0.909952,0.802858,0.88,0.88,0.32320687,0.28789347,1.0,1.0,1.0,0.23342714,0.23342714,0.09199047,0.4971226,0.6613486,0.0022355839358101474,0.003563577563722714,-0.0011227380776808074,0.00034847681358055244,0.0012314219061780028,-0.0005278319651100177,-0.0004997268776676483,-0.0003685622046341342,-0.011450409733148233,-0.0048580851648433775,-0.0005133298589593648,-0.0003471555794461642,-0.05739106396216467,-0.025540508314875168,0.017105185064979416,-0.00031056189393015494,-0.004902683409235264
0.15602608,0.5176363,0.8428371,0.85980326,0.94,0.88,0.36045814,0.3469584,0.51036435,0.9169722,1.0,1.0,0.41380894,0.8123728,0.5107405,0.31621343,0.4069041,-0.027331064506633397,0.0011762276224999055,-0.0026063515944215227,0.0015183316528378959,0.004008931996535322,-0.000917469886567148,0.023615058945717107,-0.005950538619459244,0.005619940026748258,-1.3218640585253293e-05,-5.372477429750704e-05,0.000272508362200566,-0.023841641689119085,0.014813232899304427,-0.0004819124977529032,0.010488204805205228,-0.005494838556776063
0.9231587,0.9655172,0.17399202,0.17051218,0.17051218,0.88,0.88,0.4444069,0.3863283,1.0,1.0,1.0,0.3132392,0.3132392,0.6044906,0.4053044,0.6413486,0.0018166305276551642,0.0018141452413918701,0.009707439084546616,0.0025934230096744688,-0.008514633522861626,-0.0013100218846372122,0.00016507125803229752,-0.001004892244274502,-0.009330067036699325,-0.004838711024674822,-3.15776387003866e-05,-0.0002609008372145738,-0.04970898117408618,-0.017772800416897005,-0.0030247812221443444,0.0032880583885274194,-0.003135365197411235
0.91400963,0.7337685,0.7894857,0.99229723,0.9301868,0.88,0.88,0.4672068,0.4026978,1.0,1.0,1.0,0.32651174,0.32651174,0.54574054,0.50075895,0.7991263,0.002966507911128368,-0.0009755592343699628,-0.0030056517625937137,0.0012268612338809611,0.005791561969379606,-0.0006993084118725406,-0.00031184198547898985,-0.0015338568322132348,-0.007654643211043979,-0.003610855274728887,-0.00037933154237678623,-0.0007331085667183246,-0.0566486584969012,-0.019392786634273372,-0.001027934942437695,-0.0005647364936557342,-0.00574149949476629
0.8219933,0.85428894,0.3529327,0.94,0.34587404,0.7509752,0.88,0.54455847,0.670981,0.93697226,1.0,1.0,0.54403865,0.7734916,0.34574044,0.54348624,0.5335707,0.0015237559466567973,0.0012669607439368138,0.002649882897104734,0.0035808642920813817,-0.002870770910005054,0.0012432149224780927,-0.0006028094150954838,0.00047516169446961245,0.0007793812118140844,-0.000744987207168857,-0.00014437724554592003,-0.0004410973921198949,-0.0006370175555630458,0.009588435936441913,0.0030008153513791,-0.002391950385338812,-0.00022169716012292368
0.9231587,0.9655172,0.38632023,0.37859383,0.37859383,0.88,0.88,0.71575844,0.90233094,0.93697226,1.0,1.0,0.73161966,0.7165312,0.8382405,0.51984984,0.7124596,0.004944506363330961,0.004144410217483098,0.004337913383923886,-0.002692319083107087,-0.005727431663756153,-0.0010699685348111278,-0.0020623542130755847,0.007779011342354513,-0.004608740245668009,-1.2785856870170046e-05,-9.805116747875126e-05,0.0005320995171950861,0.036854823318628216,0.004556146910094087,-0.006329996225011219,-0.0014047305204816457,0.010682448042753001
0.813427,0.70113087,0.79146564,0.94,0.915161,0.6497988,0.88,0.5141584,0.47087854,0.93697226,1.0,1.0,0.95616406,0.386847,0.5132405,0.32166812,0.8202374,0.0014672816986420183,-0.0022362071805315242,-0.005185651838221636,0.001475886806176823,0.009553852544227642,0.005938335190736121,-0.00012702456919095966,-0.001075138100762062,0.005556288869818551,-0.000597511374730686,-9.260182121477e-05,-4.2662987284568524e-05,0.09711157240735929,0.005132726275930012,-4.347447383530635e-06,0.013309998822097909,-0.011277533066384873
0.76045483,0.823821,0.8139892,0.94,0.9301868,0.81621236,0.88,0.27840698,0.24818616,1.0,1.0,1.0,0.20123202,0.20123202,0.05074036,0.41803178,0.75245965,-7.965060064446819e-05,2.318900551938386e-05,-0.003352647034868067,0.0005998498499412743,0.005063465069174613,0.0004736031709174784,0.00011043814445204248,-0.0014419535356957449,-0.011269837151821083,-0.0035176832739183296,-0.00034094740919327684,-0.0007551991546578237,-0.06790714179312575,-0.026872637205020897,0.017735390979489528,0.0034675533737594266,-0.004561246309483871
0.9231587,0.9655172,0.48832688,0.47856033,0.47856033,0.88,0.88,0.84461296,0.71081305,0.26932392,1.0,0.26932392,0.5763349,1.0,0.77574056,0.8089408,0.7646819,0.00614555149550742,0.0011679958342417393,0.0010076388395679535,-0.005659343682713921,-0.002493191686159872,-0.0009227387772414937,-0.0012481587890849305,0.016934241142895302,-0.0033819169432714835,0.011781511636457298,-0.00031138331568624135,0.0021739216317967964,0.0012294176099012983,-0.006277359163111205,-0.006477339881575188,-0.005272213628381674,0.010507669446963262
0.8640097,0.6649489,0.48870504,0.94,0.94,0.71241915,0.5313407,0.22000702,0.20102012,1.0,1.0,1.0,0.16298929,0.16298929,0.48199052,0.23712263,0.34579298,0.0020529426469607912,-0.0010765292153928393,0.0005289725319350228,0.0011669126006936127,0.004537902260158887,0.001311608966245539,0.0009430466940971972,-0.00022970213668705518,-0.014556635474160607,-0.004231374100292793,-0.0004424436491165318,-0.00035689671749967485,-0.07366029650904775,-0.03099246597878566,0.0011336611251226015,0.014643911071149911,0.005173060089245415
0.6403501,0.60516816,0.9251504,0.9742972,0.99229723,0.88,0.88,0.24320693,0.21671574,1.0,1.0,1.0,0.17571546,0.17571546,0.5119905,0.2298499,0.60468185,-0.002296061740927095,-0.00033329546308339243,-0.004089194725340501,0.0016771490971799275,0.005084187556905642,-0.0004942417091043232,-0.00019837825113318023,0.00031221876426268164,-0.012572204574654265,-0.0036353222153432474,-0.00045557250125629527,-9.589181413038925e-05,-0.0640421504771877,-0.023546810127894374,9.046413737405855e-05,0.0133624246424483,-0.0021682281071024666
0.8373779,0.79398036,0.77101415,0.94,0.76206756,0.75608623,0.88,0.42920685,0.3713212,1.0,1.0,1.0,0.30107126,0.30107126,0.53074056,0.5043954,0.61801517,0.0011935921356875376,-0.0007181485473550166,-0.0036864574465472768,0.001733951330962959,0.0018675597259289335,0.001956063721151464,-0.00010178644222992018,-0.0019611086421837797,-0.005586847727445567,-0.003699631194810018,-0.00029931064245483223,-0.0006172127235761671,-0.04963089845893683,-0.019442312415483044,-0.0009936391258433327,-0.0015349920790480233,-0.002307969320697314
0.9184385,0.85539395,0.6698328,0.88626045,0.92764825,0.88,0.88,0.5217583,0.5569284,0.9169722,1.0,1.0,0.45156354,0.88395417,0.4807405,0.54348624,0.5580152,0.006774207851896866,-0.00026670225176303507,-0.002130098920392866,0.003766396456499445,0.0029321928477581867,-0.0006733324735675762,-0.001531810786038317,9.333570786255109e-05,0.0055437102836585084,0.00023909433409338417,0.00017791744864951108,-0.0003184188740284807,-0.016067444904688255,0.016884114774191022,0.0007908457716848271,-0.0030186215732096494,0.0008810299249151928
0.9231587,0.9655172,0.23034792,0.22574095,0.22574095,0.88,0.88,0.4508069,0.3894273,1.0,1.0,1.0,0.31575188,0.31575188,0.4757405,0.60439545,0.6435707,0.0017211926192715068,0.0024032206318957234,0.008098159819117937,0.002196715930744491,-0.0060911812098162835,-0.0005908007975380439,-0.0004570374418893764,-0.0014335937645533578,-0.005498236258328718,-0.004393070479224124,-0.00011081396668096596,-0.0003413711325095603,-0.04111258299159268,-0.014702679908671348,0.0014691123206146428,-0.003748499123381401,-0.0016471899218564417
0.7749654,0.41040152,0.76278937,0.94,0.94,0.78728664,0.23606576,0.62455857,0.6717981,0.9169722,1.0,1.0,0.7191598,0.651434,0.48324054,0.3834863,0.69023734,0.0003171978408439401,-0.0050871433173660064,-0.0027476630175303474,0.001362020705761206,0.006120126864725248,0.0006754072782452034,0.02115667597167847,0.0022078798604946363,0.011330783455431441,0.0005035166391459766,0.0002697586998531399,0.0004079521709297568,0.034067361235027904,0.024110349884713837,0.0007460468639348426,0.0070777793759738625,0.00034467235272317697
0.9231587,0.9655172,0.12262365,0.12017118,0.12017118,0.88,0.88,0.4992614,0.4289809,0.45720813,0.45720813,1.0,1.0,0.34782234,0.62449056,0.4743954,0.58690405,0.001189381867236673,0.0040156170221772765,0.015368304968680406,-0.00945016743341512,-0.01783689443865891,-0.0008906708622982561,-0.00013417081429088366,-0.0012925782429380236,0.0009497344585861955,0.015973952467901845,0.001369318433694319,-0.00014044713783758404,0.08572600116469971,0.004584289692231289,-0.0037334540301253694,0.0007392440562980995,-0.00012065801931534305
0.6826577,0.6058586,0.811968,0.94,0.7496394,0.52353275,0.88,0.35135826,0.61170524,0.93697226,1.0,1.0,0.79148006,0.40620768,0.4407406,0.38348624,0.122459516,-0.003623300271600114,-0.0055715963349373685,-0.004289122224856116,0.0034313604713703655,0.0017548106464949794,0.004116068530206014,-0.0031724891517560124,-0.008192115488645714,0.0013993001720784665,-0.0003379170573954887,0.00030903690606926,-0.000311116653055655,0.04267651959828377,0.019341668591475517,0.0009305036228701059,0.005736109668102883,-0.01705499894622294
0.90690005,0.9763592,0.46202713,0.99229723,0.42990464,0.88,0.88,0.57600695,0.4914175,1.0,1.0,1.0,0.39844662,0.39844662,0.73324054,0.6034863,0.66579294,0.0029310387295137935,0.001951432312388314,0.000658020968164748,0.003109091200154734,-0.00234256846081671,-0.0009570656717455962,-0.00021895202004562956,0.00010213352718102799,0.0008470523196133292,-0.004937473068227611,-0.0008160397386860772,-0.0006661601744362072,-0.03682004773686975,-0.012714669805144187,-0.007129565435824604,-0.006172894226135373,-0.002840038518682669
0.90690005,0.9816195,0.23795293,0.94,0.23319387,0.8986786,0.88,0.51975846,0.59925854,0.93697226,1.0,1.0,0.48588532,0.8735563,0.63699055,0.6480318,0.31357065,0.008428768026577278,-0.0006107663896778048,0.0037736681642445576,0.007255388083633645,-0.0012908600569191768,-0.0011491187841900649,-0.00241304646983439,-0.0004826335443758863,0.0016525848791577966,-9.654865299559896e-05,-0.00018711758148704267,-8.418260270102007e-05,-0.009230769247010927,0.0022867313644448573,-0.004921758873968022,-0.004409244459338113,-0.010289338330339121
0.9231587,0.9655172,0.12500864,0.12250847,0.12250847,0.88,0.88,0.5061585,0.49928877,0.93697226,1.0,1.0,0.911922,0.418757,0.41949052,0.5962136,0.5291263,0.00398580247135078,0.0037435729772075568,0.014658518809904769,-0.007895100497182036,-0.017920905010122275,-0.0006279685218488989,-0.00032036403920252747,-0.0012483839004266161,0.0068440500531552,-0.00046460590987095087,0.0002671654000246021,0.0002743696372101327,0.07108145048632458,0.011891595558290897,0.0024424557270433297,-0.006585531292668133,-3.78099262612781e-05
0.4941962,0.57175046,0.7632322,0.909952,0.94,0.88,0.43118396,0.39735848,0.3515091,0.9169722,0.9169722,1.0,1.0,0.28500736,0.2607404,0.610759,0.5235707,-0.0070067383946025965,-0.0037146030675583117,-0.005105215161198745,0.002420291462597871,0.010675357810125153,-0.002074073347416065,0.0026058442433583673,-0.0018912270753395149,-0.006348959366297453,-0.0011487922732015268,0.0034772124195049468,-0.0002897326847534321,0.10886643167023809,-0.017216699233002522,0.010332283947513605,-0.009274884717712118,-0.00017359519499000116
0.6373779,0.8341046,0.7670032,0.9146471,0.96514356,0.88,0.88,0.30870995,0.2679947,0.6553457,0.6553457,1.0,1.0,0.21729301,0.41449058,0.42348626,0.34468186,-0.000714881035080912,0.000977400176333305,-0.005906579130308703,0.0034602554276992083,0.009649451101780625,-0.0009645355050213662,0.0002262660336040053,-0.0051786715505868644,-0.00635430408514529,0.009359972605778843,0.0031533674905681085,-0.0001685263517514003,0.10711338779346904,-0.0071893095788495166,0.004566373601041781,0.006379996935303384,0.0021298624882654365
0.9231587,0.9655172,0.14874734,0.1457724,0.1457724,0.88,0.88,0.48015845,0.48435175,0.93697226,1.0,1.0,0.91580623,0.39231527,0.4082405,0.3753045,0.67468184,0.004508513927792033,0.003825996172656272,0.012588357256957705,-0.00564306530794951,-0.019198720526054994,-0.0013505976460694387,-0.00042211726020516786,-0.0017693039514215586,0.0043330142742687185,-0.0005496337956360396,-0.0001734685084894147,3.2595863071617906e-05,0.09533193406687522,0.004322875976850424,0.003963877579942788,0.007551728025053184,-0.003696579886677884
0.9231587,0.9655172,0.4995188,0.48952845,0.48952845,0.88,0.88,0.7331099,0.6249243,0.6756142,1.0,0.6756142,0.5066954,1.0,0.6594905,0.72803175,0.6746819,0.007995626204227588,0.001158956048246373,0.0006429846955274231,-0.007485757899650742,-0.0016006128459436705,-0.0019834675853178953,-0.0022180190951514834,0.011195709817677403,0.0018321443646782637,0.005493736829978465,-0.0003265640720976079,0.0026667713790780954,-0.0016646626644561558,0.0032476927001723684,-0.002832489847274902,-0.005531966132636394,0.005745168610233366
0.84920776,0.85869503,0.6993713,0.68538386,0.94,0.88,0.75608623,0.5733585,0.68348426,0.93697226,1.0,1.0,0.8352558,0.5391717,0.6357405,0.5043953,0.5780152,0.0029230629770466386,0.0019625895337392904,-0.0023577417678644565,-0.0008382160248422421,0.005431773657626808,-0.0004993251270648886,0.0028460467930795552,0.002492030635515472,0.005104907202482851,-1.7698935816958355e-05,0.00011573328699407928,0.00012215264498066148,0.057798436957113924,0.020568109399722576,-0.002606800700547085,-0.0019362649141215487,0.0004257092519608805
0.67881155,0.60129654,0.8984822,0.94,0.94,0.1057238,0.6596402,0.5309584,0.6144783,0.9169722,1.0,1.0,0.86311615,0.46234414,0.6707405,0.3998499,0.5057929,-0.0029443899991400636,-0.005080314715640126,-0.00570578887576886,1.0828035396394808e-05,0.006579221874465065,0.008960697700405475,0.0065945232094060426,0.00042479008211333705,0.004944581882606765,-7.894835196743215e-05,0.0001178411351575967,-0.00023183238330036572,0.06736745101035237,0.016458556873431437,-0.002194202300453198,0.005012489290188649,-0.001380201869750007
0.77082795,0.5724472,0.9251504,0.94,0.94,0.78728664,0.42403874,0.33840698,0.30017024,1.0,1.0,1.0,0.24338128,0.24338128,0.48324054,0.40257713,0.47357062,0.00030393025134912174,-0.0005672996232356026,-0.003379879113023069,0.001104556521894583,0.0035537861527930735,0.00046904420103370493,0.0022684812588199916,-0.0006336695209065499,-0.011384540174677084,-0.00328831678028266,-0.0002849669226044953,-0.0002560059799962963,-0.05948662270477094,-0.025104848407631674,0.000795744393317678,0.005746499100693997,0.0008301113505212271
0.26756454,0.56843734,0.8773503,0.85980326,0.99229723,0.88,0.88,0.25600684,0.22839859,1.0,1.0,1.0,0.18518804,0.18518804,0.39324057,0.5180317,0.30801508,-0.006132311850005418,-0.0010771167456778495,-0.0031719828437069986,-0.0006431905510140216,0.001984899090799478,-0.0006275742310751299,-0.0001781153128170677,-0.00034730822084328913,-0.012263783393180273,-0.0027648997797942343,-0.0006962379017248946,5.593073439561856e-05,-0.06313196889825605,-0.02116822784946098,0.004136627749768767,-0.0008582105898011783,0.004914915248954484
0.9098722,0.7823694,0.9024473,0.94,0.94,0.85234404,0.9362825,0.75760686,0.6378298,1.0,1.0,1.0,0.5171593,0.5171593,0.7657406,0.84712267,0.8024597,0.002632758346920376,-6.622575303591045e-05,-0.002372379999941359,0.00019522053227481517,0.004916847275543662,-0.00043940324454995987,0.0006480216891128795,0.008472282479972532,0.012536779901731932,-0.005280189624578019,-0.0014985156249974374,-0.001167213902281689,-0.022949866398626114,0.0011536968964077595,-0.0083537824313898,-0.01964533463816768,-0.010129319073480641
0.9231587,0.9655172,0.19627942,0.19235383,0.19235383,0.88,0.88,0.5067099,0.440405,0.6553457,1.0,0.6553457,0.35708514,1.0,0.4919905,0.50894076,0.5113485,0.011840109686377196,0.0018097807546179553,0.002187163071233459,-0.02065792540129641,-0.005812340580588205,-0.0014914578424325164,-0.00238793613557629,0.0002321744750683407,0.006476611632636078,0.008663721781997298,-0.000212689854180578,-0.0014837779697850944,-0.030448596534563492,-0.00822778678283499,0.00048108743038221104,-0.0011227982470121464,0.0007663086120929273
0.9231587,0.9655172,0.30580792,0.29969177,0.29969177,0.88,0.88,0.6941585,0.80652446,0.9169722,1.0,1.0,0.78807205,0.6614182,0.7419905,0.63439536,0.6546819,0.005538080437323338,0.0043903060494197375,0.006015898993709256,-0.0047730607753345726,-0.007706463179324207,-0.000626302963058806,-0.002185001986424059,0.005147774953381325,3.3685030167691086e-05,0.00042637501264309485,-0.0001796828480507033,0.00039030886286962744,0.04477347925225078,0.010717421602304761,-0.0045927813695055995,-0.005479187045772254,0.005437710756462436
0.82082796,0.077220045,0.68141747,0.909952,0.802858,0.88,0.88,0.43775848,0.60825354,0.93697226,1.0,1.0,0.49317855,0.77849036,0.09199047,0.4734863,0.6613486,0.0014401868730992845,-0.0046241845730094705,-0.0008865949605877285,0.003085387043440272,0.001665534611778825,0.00040277752366718605,-0.0027492084145899097,-0.002720367312334102,0.0036217371245867457,-0.0017064026095832568,0.0002568000479013351,0.0004404795955454917,-0.008954284024317102,0.011520410271728048,0.007073952217806546,0.0006668876425240702,-0.00010149752610772708
0.75276256,0.7719955,0.7866539,0.7709208,0.94,0.88,0.5958796,0.3081585,0.5752874,0.93697226,1.0,1.0,0.7983326,0.37545338,0.4707405,0.2771226,0.18357065,-0.0010922415303011245,-4.6959279172330166e-05,-0.006523235390577746,0.002637737025006014,0.008375022869440868,-0.0012007819096258947,0.007467549207455543,-0.008897165022847832,0.010506530349205926,0.0004273642341151869,0.00034360549391084893,0.00011073914770122806,0.06038085734839159,0.02119407437663192,0.0018159737941685229,0.01653305061890471,-0.009089939099831676
0.78679526,0.62016755,0.77324414,0.88772357,0.94,0.88,0.7199687,0.52990997,0.45745224,0.6330234,1.0,0.6330234,0.37090722,1.0,0.37574053,0.5716681,0.71690404,0.0016725042956579302,-0.001288288602600089,-0.002445797591706093,0.0029740320671165403,0.001973122437204845,-0.000965868422218226,0.002552831003702215,0.0005575846375062122,0.006571007650845433,0.011009918690622837,6.879917863768146e-05,0.0040813513472082764,-0.024862118839879682,0.022661066459806162,0.0015761058319817575,-0.005441287891124659,0.0025696896388816503
0.9231587,0.9655172,0.16609108,0.16276926,0.16276926,0.88,0.88,0.5441586,0.6917528,0.9169722,1.0,1.0,0.56088066,0.7963431,0.7657406,0.39166805,0.48357072,0.009446047010454902,0.0019651038114931103,0.005273941711427702,-0.01801531241200375,-0.011688970970767393,-0.001674069928418437,-0.0037461321319176137,0.000521119401027163,0.0005395196180717521,4.203182240593364e-05,-0.00018348290487137694,0.0005679920934330105,-0.0013792432988732506,-0.0012645786575741786,-0.011028287698322304,0.002339485271555726,-0.004289161586847837
0.72141063,0.9339215,0.74288476,0.94,0.94,0.8433489,0.6917444,0.47135842,0.65865934,0.93697226,1.0,1.0,0.8122522,0.4631603,0.51949054,0.4498499,0.396904,-0.001646894979822465,0.0035336236789480983,-0.0037470922648039345,0.0026044228603667257,0.006967406083108235,0.00016256884885401036,0.004442828544380618,-0.002602954987869681,0.007614294883693718,0.0002957458472015617,0.0002273876580082529,7.03519420912889e-05,0.056034500940887584,0.021547574934015216,9.928644414395539e-05,0.0034537422311162387,-0.003143862671717598
0.9231587,0.9655172,0.13712776,0.1343852,0.1343852,0.88,0.88,0.43015838,0.71353126,0.93697226,1.0,1.0,0.57853884,0.676815,0.2182405,0.4434862,0.6613486,0.004270107541671904,0.0033199755412116855,0.00872618460658229,-0.0033066720402751383,-0.007591887125058114,-6.043788643172996e-05,-0.0015351946869782218,-0.0030602625388132664,0.0026097326404055337,-0.0009426653510718528,0.0002417685144501598,0.0010403339034011727,0.004978222084205879,0.011041190970699236,0.007745669410734799,0.0019373158073872883,0.005590011976804287
0.9030539,0.85880697,0.6976421,0.82778406,0.926172,0.88,0.88,0.46520698,0.3987182,1.0,1.0,1.0,0.32328504,0.32328504,0.45074052,0.5816681,0.7180152,0.00249278267605267,0.0003023825380396804,-0.0029803835358381036,-0.0007729152659053901,0.0062600858566851545,-0.0008841505712377821,-0.00025773518027315994,-0.0019869746731323423,-0.005177718265869623,-0.0038307179673464898,-0.0007110053357544283,-0.0006436146758114917,-0.05276705519205639,-0.020503184496759523,0.002014430989107302,-0.004699412449072466,-0.0045342710589607186
0.8986251,0.6985755,0.7959979,0.94,0.9420575,0.8925767,0.88,0.6464614,0.5483595,0.28351858,1.0,0.28351858,0.4446158,1.0,0.6769905,0.66803175,0.53134847,0.006187054018403012,-0.0009759892838572833,-0.0025370252520678332,0.006021060878397521,0.004078868141521462,-0.0015961211257880343,-0.0011201435027080207,0.006884707203702278,0.004963022333364668,0.016830740810888933,4.7484693914872816e-05,0.009708358922896659,-0.015866605459563306,0.0073628784183645025,-0.003942750936539074,-0.008463557201792492,-0.00011878640734492511
0.8296856,0.7923583,0.6590259,0.9420575,0.6473567,0.88,0.88,0.36415833,0.65353817,0.9169722,1.0,1.0,0.52989584,0.7027668,0.31449044,0.4116681,0.34690413,0.0015840426413278239,-6.736367739084513e-05,-0.0014699212814812091,0.005935080109049282,-0.0010302787494721128,-0.0003760902958175989,-0.0005698221231807532,-0.007829866403148264,0.0005050785770401188,-0.00021651513605146146,0.0001501367938736642,3.8912835423149106e-05,-0.005371822337794634,0.007095353699222271,0.006038745298104139,0.0028981935025151583,-0.005083112432425421
0.9231587,0.9655172,0.11663028,0.11429767,0.11429767,0.88,0.88,0.26640692,0.24284706,1.0,1.0,1.0,0.19690302,0.19690302,0.09199047,0.5816681,0.48468176,0.0018307913568073864,0.0012835742179547651,0.011241302598753637,0.00024594406716244856,-0.005954439833247842,-0.0007057132642827378,-2.8419168935396552e-05,-0.00015753470665196793,-0.015193143302378021,-0.004360901555769557,8.930226053616611e-05,-4.826151881639376e-05,-0.07086745867578886,-0.02830574193984809,0.018177822052881553,-0.0035009712880024074,0.0011812601518589776
0.8373779,0.90331304,0.25805923,0.94,0.25289807,0.8078431,0.88,0.37360695,0.32609767,1.0,1.0,1.0,0.26440352,0.26440352,0.4632405,0.5153044,0.49579293,0.0013362517488936642,0.000835438924955753,0.005633161671075091,0.0015369550205132565,-0.0024137079919744836,9.071929022076232e-05,-0.00016627647368349318,-0.002146864456429634,-0.0074357941966491335,-0.004013441025928461,-0.0006189190846330931,-0.00022683690057095153,-0.060714488415114946,-0.02499635403346623,0.0013905242655909559,-0.0022090792536887897,0.0009633829119628675
0.7258395,0.77578974,0.7281671,0.88772357,0.7934928,0.88,0.88,0.25320685,0.22896451,1.0,1.0,1.0,0.1856469,0.1856469,0.32949054,0.42712256,0.47801515,-0.00032270265130366753,-0.0002300088328887838,-0.002667193316369288,0.0001298914435066652,0.0012734468317740456,-0.00040640439726208095,-0.00017222470027566678,-0.0003486742790104046,-0.011976478487334852,-0.0034817237134629852,-0.0005809153932696799,-3.015272853049318e-05,-0.06585478707054579,-0.02571699714025806,0.006951085712135592,0.0030924037504040185,0.0014101066759752106
0.2554434,0.433635,0.8412255,0.94,0.9742972,0.81621236,0.88,0.3108615,0.27947518,0.37864074,1.0,0.37864074,0.22660151,1.0,0.12449038,0.34439528,0.3869041,-0.03273390960425273,-0.0021463229026604984,-0.001801277168368265,0.007305426281111716,0.005720880373588251,0.0007913252959186601,-0.002318986492234363,-0.006084699045087168,0.010653590285814401,0.02412770538525026,1.160248931234023e-05,-0.0004183238701065453,-0.048314828925640256,0.012478904872057796,0.013728899567627977,0.0051636392298039305,-0.005019977233401684
0.79005873,0.015599197,0.89764494,0.94,0.99229723,0.8166729,0.88,0.42695838,0.4492731,0.93697226,1.0,1.0,0.3642755,0.9504086,0.60824054,0.3934863,0.31023747,0.0021440632610310924,-0.003650426251125144,-9.351778883669268e-05,0.0054407043686990515,0.002947698677884725,0.0005591032848497766,-0.0037173872176819033,-0.003061259581717821,0.0052421345268474,-0.001785608200981306,-0.00023601400948373486,0.00034545403993207797,-0.025663393264434294,0.008412585962395459,-0.0018627233923347232,0.0027422337074175405,-0.005599295646059631
0.8418067,0.5969735,0.5004746,0.94,0.49046507,0.45248923,0.88,0.56335855,0.6201748,0.93697226,1.0,1.0,0.50284445,0.83916384,0.40574056,0.490759,0.66690403,0.0015534408553635412,-0.005431097207867988,0.00019655290640399592,0.0026469880797248685,-0.003869190826954047,0.004893585927725901,-0.001723951552385011,0.00105627233748545,0.004093241976951138,-0.00016445301837211056,0.00011363040810804747,-0.00012148598126045587,-0.005759280894947808,0.015291137432561958,0.0008357565904445391,-0.0012236235422001776,1.8328693197443692e-05
0.85690004,0.84906244,0.79853576,0.782565,0.96514356,0.88,0.88,0.4412069,0.37813103,1.0,1.0,1.0,0.30659273,0.30659273,0.6719905,0.39621353,0.615793,0.001553746609551203,0.00035347187562465894,-0.004370750419650213,-0.00023687964363515692,0.00830654563196748,-0.0009824038843656234,-0.00074038068491107,-0.0021824025899786323,-0.005873160563833227,-0.003955826425969514,-0.0007963961487427385,-0.0007396260932288129,-0.054737007806925246,-0.01846707349552967,-0.0048916130553322956,0.004619336945123337,-0.0010699103790788348
0.7944875,0.43081942,0.79782116,0.90456796,0.66370684,0.88,0.88,0.47535843,0.6009994,0.9169722,1.0,1.0,0.4872968,0.83730525,0.6482405,0.6062135,0.33579287,0.0019089034949344751,0.0008586856957752656,-0.0008640178188203871,0.004875171894269915,-0.0008884484202654594,-0.000796442504337307,-0.0023758932389760638,-0.0018950440677057113,0.0021574378183808053,-0.00043473537035344583,5.560416836465003e-05,0.00035562482617898376,-0.006484172512697584,0.01008464290300116,-0.0040643464889045695,-0.003990663589677796,-0.006540658360056405
0.7592895,0.6207911,0.87025636,0.8528512,0.9433281,0.88,0.88,0.62415856,0.5895351,0.9169722,1.0,1.0,0.86542857,0.52705485,0.56449056,0.62530446,0.65468186,0.0008716712618042533,-0.004495353962451566,-0.005173534179234594,0.0017845862194399457,0.006709995692389569,-0.0005966074144788776,-0.0013804764914274023,0.001840686591855307,0.009515045543139405,0.00016548640008531672,0.0003335662298394129,0.00010078292235116204,0.06914337858262888,0.019297709290328965,-0.0014654634812344078,-0.009092731927180547,-0.0008618982699391096
0.90690005,0.9816195,0.260924,0.94,0.25570554,0.8986786,0.88,0.53670996,0.4604857,0.6553457,1.0,0.6553457,0.3733668,1.0,0.63699055,0.4071226,0.62468183,0.007699921528105628,0.0017453060018801818,0.0067271616199503885,0.005481648007776546,-0.009485526102920956,-0.0017475237030488112,-0.001797723177361546,0.0008580059208959588,0.0072961665164265185,0.008432113465997421,-0.00012625851787592457,0.002604281480428259,-0.027474863690879793,0.012507500399936084,-0.003476091963144151,0.002876150131663105,0.0030738575158961432
0.8489164,0.7719955,0.72470313,0.7102091,0.9363606,0.88,0.88,0.42895845,0.65840614,0.9169722,1.0,1.0,0.5338428,0.74022424,0.35699058,0.43984994,0.5391263,0.003440564692232957,-0.0005165200074957649,-0.0021323579327530515,-0.0008758143001922155,0.0042684852648424065,-0.0003202604205403248,-0.0022696327031639387,-0.0037177378630255282,0.0027988626717937366,0.00039112010262528274,0.0003035488508630137,-6.648390519412995e-05,0.001257104367464068,0.009702235216869838,0.0026479194496425306,0.002666814612108161,0.0012205951654327698
0.6477509,0.42842004,0.9048831,0.96716094,0.7617098,0.88,0.88,0.42711,0.37053913,0.54207706,1.0,0.54207706,0.30043712,1.0,0.5682405,0.48984987,0.42801508,-0.008668561374178388,-0.0019064550426512086,-0.0008942463916685925,0.009673798013913673,0.0013471229940995094,-0.0013212186751995986,-0.0032626490266122465,-0.004212928333337102,0.007180932313680903,0.01706558702590743,-2.0673997020644908e-05,-0.0011487920574829798,-0.038842815790559995,0.013560464411100242,-0.0018657724054046512,-0.0007118727497423865,-0.003111907863075863
0.7166904,0.8195018,0.9125177,0.9742972,0.85998434,0.88,0.88,0.73655856,0.70297056,0.93697226,1.0,1.0,0.9109951,0.5497582,0.70449054,0.62803173,0.7313485,-0.0018485294266898616,0.0003206974319122203,-0.00701212066211546,0.0017286098219606054,0.006419278557275315,-0.0003787798141897097,-0.0016324668596389457,0.006090617476573392,0.010229903566784031,0.0002395254815472935,0.00022113204435877083,0.0002979569031613709,0.08094268348326956,0.021422233039379558,-0.0037083344917635537,-0.008655259322960818,0.0012301742011931111
0.8412241,0.7755516,0.58572215,0.94,0.61156476,0.7833149,0.88,0.4885585,0.39321864,0.9169722,1.0,1.0,0.9504086,0.34842098,0.68324053,0.19984983,0.6280152,0.001938146855310617,0.00011844133500724846,-0.0005004460685625408,0.0012151941280836849,-0.002524702113694896,0.0020111123207223816,-0.0003271513541305446,-0.001209800850352382,0.00021590026157220518,0.0004962122083620362,-6.201613441121967e-05,-0.00026478066783478665,0.10321123625954183,-0.002930239933015491,-0.006758349280766896,0.020863161461813537,-0.004834926533005741
0.5983337,0.5517484,0.66662973,0.94184995,0.94,0.88,0.49132845,0.30015838,0.5142185,0.9169722,1.0,1.0,0.41693395,0.8151622,0.3019905,0.5034863,0.31579292,-0.007669451458911382,0.001455068376204689,-0.0012528496468205972,0.004886156651320968,0.002311296483189579,-0.00018812178003687602,0.012382915036083394,-0.007780133860929465,0.006910514084958849,0.00016999015306581818,0.0003274983646536929,0.0001905795836959419,-0.023002254100663956,0.009118273813218692,0.004826687398598904,-0.0004770103992292523,-0.005804121936332387
0.8415154,0.8000316,0.7704997,0.8012955,0.94,0.88,0.75249696,0.5308615,0.45876816,0.42911217,0.42911217,1.0,1.0,0.37197417,0.54574054,0.37803173,0.5457929,0.0009887845909650568,-3.167840082746176e-06,-0.00541259705433628,0.001666794690425784,0.008841202284735044,-0.0007723725910719359,0.0023602647263497615,-0.0002825702998423023,0.008622476706770979,0.013613446350531806,0.003413804033190998,0.00017972395994419167,0.09092390036366661,0.015689083741236846,-0.0006396312944959436,0.008940981128980003,0.0003745632043658296
0.7678558,0.5306856,0.71263474,0.94,0.698382,0.3755953,0.88,0.69855845,0.590833,0.93697226,0.93697226,1.0,1.0,0.4790538,0.73324054,0.65894085,0.7891263,0.000863875101863306,-0.009377896923884714,-0.0027459616255563813,-0.0006001839341735607,0.0005988592188983064,0.007009992853053315,-0.0023183542159649086,0.00581111627266749,0.005039391088812167,-0.000343205221812445,0.0015729845123982295,-0.0002333562801431526,0.08507525417306244,0.01322915066504303,-0.0031819081250038074,-0.008638953359549164,-0.00010318539056198374
0.19833373,0.530268,0.68307525,0.94,0.9742972,0.37511092,0.88,0.25135842,0.26407087,0.9169722,1.0,1.0,0.21411152,0.9298423,0.10074043,0.4734863,0.2769041,-0.028592291959255407,-0.005827518334056648,-0.0017912772330831244,0.006491271045957573,0.005336841248290206,0.013549244961250121,-0.001612030010094752,-0.008806037589803743,0.014298157072064504,-0.00041035057965720144,-0.00035904174485077133,-0.0001477477056593499,-0.053181866045379944,0.009198418693528883,0.015307411305099527,4.912690214511153e-05,-0.007048722960438451
0.9231587,0.9655172,0.418771,0.4103956,0.4103956,0.88,0.88,0.6348069,0.54425836,1.0,1.0,1.0,0.44129056,0.44129056,0.6307405,0.77894086,0.7135708,0.002067271286373403,0.0028265152303479407,0.0022616485087738995,0.001396673584374605,-0.0039286997937411725,-0.0018128480471142556,0.00021307686870273383,0.0009905661399538608,0.0009578861562911273,-0.005937984527961197,-0.0004905538891288844,-0.0006435700532489147,-0.0424369875241037,-0.010086886678749312,-0.00418156188154295,-0.013426444281735101,-0.004549785496411406
0.4483337,0.6236855,0.8859103,0.9476599,0.94,0.88,0.54346406,0.58655846,0.6898479,0.9169722,1.0,1.0,0.7987101,0.5470428,0.7269905,0.45166805,0.5313485,-0.011294254050731875,-0.004341283179093563,-0.006624965453663474,0.003571925864603513,0.00889390183759192,-0.0005834178822365133,0.011039176507978166,0.001431322617951089,0.008654499148885544,6.722898799908138e-05,9.5974731174501e-05,0.0003664405492739053,0.042904121937737204,0.01981288259128283,-0.004836800033358664,0.0026445675871149075,-0.0002253302354731742
0.5169818,0.6330081,0.8256996,0.94,0.94,0.5067407,0.4942894,0.63495845,0.64563835,0.93697226,1.0,1.0,0.8455638,0.5488595,0.5757405,0.5043953,0.7469041,-0.008312263015024414,-0.004148956235414463,-0.005088657374738229,-5.823239881301491e-05,0.008708274482239192,0.005565911475615551,0.015631942832499152,0.0037311730281683396,0.007141163374195384,-0.0006024704210545773,-0.0002192200509202633,-2.011308405205567e-06,0.056692817075142087,0.01654771026613306,-0.0005875030638893809,-0.0007562578092193495,0.0019973029271547044
0.55573463,0.37273678,0.81432164,0.7980352,0.94,0.88,0.19237466,0.7509584,0.7527328,0.93697226,1.0,1.0,0.8975132,0.55423254,0.5544905,0.81984997,0.4380152,-0.005955021935586136,-0.00746181375328211,-0.004396448660164548,0.001227825342036149,0.0042831764662367225,-0.0008558445754024061,0.019456745466969808,0.00571729021100836,0.006819603517011834,-0.00013081940798092965,0.00013747601624583355,0.00014502038888676507,0.06886054523495914,0.018220999743361957,-0.0005859663744640334,-0.02252440517639893,-0.0037872005532047326
0.7175645,0.5486881,0.78137136,0.94,0.7443053,0.7562161,0.88,0.26895845,0.34966785,0.93697226,1.0,1.0,0.9031782,0.26714432,0.42574054,0.24984984,0.42357075,-0.0013046703881458954,-0.008510493848653884,-0.00578900987071603,0.0016731773101107661,0.004219148937126259,0.0027153778270888086,-0.00039645723104474623,-0.005561198616839078,-0.0014055530796715462,-0.0013375746701315603,-0.0003166635445786317,-0.0002575803618580393,0.0853478818447991,-0.006668747162659876,0.00433907914685965,0.016360161418772785,0.0029110298945946756
0.4518885,0.74491864,0.89400846,0.99229723,0.9742972,0.88,0.88,0.31360695,0.2776815,1.0,1.0,1.0,0.22514717,0.22514717,0.37824053,0.5289408,0.4257929,-0.005884969677865543,-0.0011780602753239833,-0.0036443176250957913,0.0021158888544379594,0.004283537343266963,-0.0005750801140845852,0.00018206112722958545,-0.0018428493918730255,-0.009825366768141084,-0.003478102801701054,-0.0005482426270223933,-0.00037251637025843083,-0.061214422395179956,-0.01880626732924107,0.005022730375475512,-0.0018606617874556658,0.0016574471175539098
0.8492077,0.88622946,0.72068834,0.94184995,0.66593534,0.88,0.88,0.4839099,0.4207576,0.54207706,1.0,0.54207706,0.34115478,1.0,0.38574052,0.5162135,0.49579293,0.003600212981802968,-7.079265703141033e-05,-0.0024241596815041404,0.005912344499279882,-0.0004816715747545397,-0.0011430198891384854,-0.0019596578953324185,-0.0022637865628198726,0.008846308106393688,0.013012025796345451,5.4074141862982195e-05,0.004790390812602827,-0.03276424358125876,0.009747596520594455,0.003535231368321078,-0.0016607487833432523,-0.0005203480029433933
0.9231587,0.9655172,0.25382486,0.24874835,0.24874835,0.88,0.88,0.5001585,0.5333181,0.93697226,1.0,1.0,0.86210495,0.4568995,0.45949054,0.24075899,0.7680152,0.005007242385892201,0.004428884602189372,0.00999563478058324,-0.002899331310932092,-0.015972675546111658,-0.0018355202713205027,-0.0011887804558602568,-0.0011312161792099,0.010319223067874783,-2.5099081648323473e-05,9.157359184541983e-05,0.0001931656869584536,0.07525044857116284,0.016030747754549976,0.0017393048077595954,0.01433930778825518,-0.005996948970833443
0.6791029,0.4502419,0.9056389,0.8875261,0.879692,0.88,0.88,0.7545585,0.83369815,0.93697226,1.0,1.0,0.6759715,0.7874729,0.89074045,0.59894085,0.69023746,-0.0034287213636239283,-0.005222939441875851,-0.00366055429040752,0.0019953023158613675,0.0024319762902459633,-0.00019348550323813578,-0.0021247174324303107,0.010372869610534925,0.0009059253078369533,0.00012671356587009346,-9.717995913487799e-05,-7.241357621453947e-05,0.021680968124183932,0.011955073531425638,-0.004135614986029969,-0.004494219860875026,0.002667587382937105
0.7104548,0.77555186,0.71621484,0.909952,0.8015751,0.88,0.88,0.43895844,0.47189084,0.93697226,1.0,1.0,0.3826142,0.8673499,0.2182405,0.5343953,0.47690412,-0.0034247365097915703,0.00022014296184803904,-0.002460913930865759,0.005359920527016238,-0.00023245703174705256,-0.000759831311345941,-0.0010236514338925772,-0.004016642472627635,0.007325093107590666,-0.0012948738769568645,-0.00020542222725758425,6.0692278126475485e-05,-0.030537079988478166,0.013181089522799429,0.009412144182062786,-0.0026434262682229447,0.00027990373756173317
0.821702,0.80262446,0.8450748,0.9742972,0.9146471,0.88,0.88,0.38335845,0.7092415,0.93697226,1.0,1.0,0.57506067,0.6670958,0.19074047,0.39894077,0.5680153,0.00161609216907053,-0.0005746188247514704,-0.004734988088621226,0.0024236722577818445,0.005248257401138128,-0.00010825812610339185,-0.0036738044666670623,-0.005456875468446611,-0.0005589534944065091,-0.0004401259955570634,0.00045192852834601726,-0.0005734275632614865,0.0023913956178742745,0.005258794303676175,0.004515305261883074,0.006173153691669023,0.0007147812363865913
0.63324046,0.63442606,0.8288372,0.9223649,0.99229723,0.88,0.88,0.37760696,0.32590124,1.0,1.0,1.0,0.26424426,0.26424426,0.68574053,0.41530445,0.51357067,-0.00332763477478001,-0.0010406207091563618,-0.003043005661678765,0.0008507882200003127,0.005905376019203117,-0.0006063471814476163,-0.0005066024165533007,-0.0025602684817607746,-0.006488441998983,-0.004485219937531724,-0.0007422773389834009,-0.0006012616489018913,-0.05526624902356162,-0.019973685107115887,-0.005438808610011623,0.0036291642429785633,0.001101051694344907
0.48679525,0.5718807,0.77332795,0.9742972,0.87612826,0.88,0.88,0.3249585,0.47488925,0.9169722,1.0,1.0,0.8174945,0.40948132,0.32074046,0.40712252,0.3746818,-0.009739562841129576,-0.0074449871827785485,-0.004729041833825272,0.001684219918320461,0.007981849833883045,-0.0012136597160664479,-0.0007911873787405852,-0.0050153694319269105,0.008642099998516579,0.00034033439788461607,3.5653944577964774e-05,0.00010234780597818692,0.057280072330029644,0.02013315891380872,0.004278097060262441,0.004661596330530943,-0.0005420449907403951
0.57910293,0.7585699,0.74478036,0.94,0.82844716,0.71470594,0.88,0.45440704,0.39756966,1.0,1.0,1.0,0.32235378,0.32235378,0.55574054,0.5225772,0.7113485,-0.0032697224640784177,-0.0003844821728497122,-0.0020851154665095235,0.0011563790433050567,0.002068278096529194,0.0039027182649251473,-0.00021685257910263712,-0.001882441672203012,-0.0066479594269153305,-0.0051916786890006264,-0.0005200334301932045,-0.0015190079551446905,-0.053272608805728684,-0.02505117647735473,-0.002183892620494308,-0.001561356760741628,-0.0020886447379533215
0.7521799,0.9339215,0.90080017,0.94,0.85620975,0.8433489,0.88,0.4080069,0.3564419,1.0,1.0,1.0,0.28900692,0.28900692,0.61574054,0.54257715,0.3624596,-0.0006394684262089763,0.0007084973559626116,-0.004887803433686958,0.0023316243362953787,0.0038199782943794725,-0.00030705655938140583,-0.00011379232682935253,-0.0024129228289244057,-0.00793252871939775,-0.003293594296285536,-0.00019515158301626118,-0.0004950830545276306,-0.05886958542499323,-0.017470827384117413,-0.0034536088019814833,-0.0030966743759688075,0.005245644527788152
0.8687298,0.6976521,0.5509063,0.94,0.94,0.98459446,0.56927645,0.580007,0.49677208,1.0,1.0,1.0,0.40278816,0.40278816,0.6019906,0.5416681,0.7946818,0.0018361799955039532,-0.000853639545711074,-8.723875445753046e-06,0.0010588002093180455,0.005393176014580265,-0.003815062352055597,0.0014869900204863731,-0.0008700500424968521,-0.0039685762051756305,-0.005010699288345897,-0.0006742866175385254,-0.0005792350989746581,-0.04136686566317865,-0.01677860767444264,-0.0020558421769286397,-0.0026057703780049683,-0.005632034616705258
0.9107462,0.50981617,0.8086299,0.7924573,0.9420575,0.88,0.88,0.634407,0.54179716,1.0,1.0,1.0,0.43929496,0.43929496,0.89074045,0.6980318,0.5880152,0.0038847078892797456,-0.00028867449153387246,-0.0018564158759052148,0.0005843705434337835,0.004263959969057513,-0.001432510034340328,-0.0008615015032564286,0.0016687478570504336,0.0022915556908431117,-0.004961833141623172,-0.0006839058549495203,-0.0006361055868135021,-0.0383893730129817,-0.007276952060745332,-0.012750206908938178,-0.011550790668003566,-0.00036439515020659564
0.9231587,0.9655172,0.1798656,0.17626828,0.17626828,0.88,0.88,0.5013585,0.5405732,0.93697226,1.0,1.0,0.88395417,0.4192428,0.54324055,0.51257724,0.38245964,0.006621399100520867,0.0036417661320800234,0.013357545944502247,-0.013546065456136536,-0.01970321152323067,-0.0018673516603618118,-0.0013577294262306983,-0.0014565991663311054,0.01064966500034511,-0.00017540389268899296,0.0003324814976375548,0.0004589896185263437,0.07155943346090193,0.02048001884677474,-0.0012939234389285242,-0.0015602216548799344,-0.0028547519828209557
0.5906414,0.60711163,0.7425765,0.96814126,0.94,0.88,0.5426358,0.33760688,0.28866905,1.0,1.0,1.0,0.23405598,0.23405598,0.4632405,0.49984992,0.5057929,-0.0032555519714353343,-0.0010132303085822823,-0.0035718803636458555,0.0010306349723100676,0.005135116676595865,-0.00037803828388279626,0.0011173800892577957,-0.000993666983518287,-0.010390955858913663,-0.003592618928068986,-0.0008622280554368389,-0.0001739055845150947,-0.06317881424221206,-0.02604312210331451,0.0014867072793350636,-0.0006091078549488038,0.0007963247412869724
0.50247127,0.64036226,0.6301495,0.94,0.64233285,0.59543914,0.88,0.13320693,0.12960143,1.0,1.0,1.0,0.105082236,0.105082236,0.32074058,0.17348628,0.38690397,-0.004758325683000849,-0.0008486459213788691,-0.0015464999112234515,0.0008279703263687617,-0.0005046406911870167,0.002442938313012633,-0.00022144399272543778,0.0010182197211221807,-0.013378419770759105,-0.003548755346073332,-0.00015112943933602796,-0.00038553438838850656,-0.0716609310001278,-0.027546881097791184,0.006826683003426386,0.014230012754350001,0.0020749549780466094
0.9231587,0.9655172,0.1637111,0.16043688,0.16043688,0.88,0.88,0.46615845,0.41572118,0.93697226,1.0,1.0,0.3370712,0.9501879,0.35574055,0.4134862,0.68690413,0.007798681329570085,0.0029540171843202663,0.007882872712201143,-0.012057124243850303,-0.0067816231772246495,-0.0009988673843131022,-0.00268071304404761,-0.0032308600902094266,0.006714982895678103,-0.0011724642308692758,0.00013142372615740323,0.00048745593958593236,-0.03583052538457375,0.009084475452041071,0.005880628836561735,0.0015870241425454043,0.004802742527975112
0.871702,0.65232253,0.80599976,0.87612826,0.94628835,0.88,0.88,0.5557584,0.74890167,0.93697226,1.0,1.0,0.6694111,0.7075116,0.47324055,0.44439542,0.76579297,0.003979707946473933,-0.004378618764662526,-0.0038049310430376846,0.0022168714898596472,0.007236928345183438,-0.0003871849320447967,-0.0020779661356358043,0.0008123398370912253,0.002252891070461217,-0.000629185327534242,0.0001507989258275821,-1.3533148290828956e-05,0.0220589598495765,0.010234154139685368,0.00011986884712315984,0.0019794379680585774,0.005291857966832617
0.7876693,0.8000316,0.62474513,0.94,0.6772387,0.6880367,0.88,0.50535846,0.46940312,0.93697226,1.0,1.0,0.882135,0.42960757,0.16824055,0.39166805,0.6546818,-5.494812325444062e-05,-0.0005891784814358017,-0.0016289043687030128,-0.0007657294200570682,0.0013183326417205122,0.003266812216798282,-0.0011972534867427426,-0.0012188654908665585,0.005625114479345678,-0.0003991046513412623,1.4454065588865549e-05,-0.0002782786624595655,0.07241609444731523,0.011368833433305142,0.00673999613172225,0.007503401411149326,-0.0024545502862862857
0.8107461,0.52363324,0.6640068,0.94,0.70375025,0.98459446,0.88,0.4852069,0.4180081,1.0,1.0,1.0,0.33892548,0.33892548,0.49824053,0.6753045,0.5502374,0.0007413724616599395,-2.9683330429715674e-05,-0.0013610877701709693,0.0026801720667479693,0.00025714590685557226,-0.002040942575116149,-5.669733647282474e-05,-0.0021643493280522693,-0.0037571926524796653,-0.0034781753911158533,-9.802500460428104e-05,8.07964101778839e-05,-0.04207584035334346,-0.01697322972473343,0.00027801862828914065,-0.008046652065956044,-0.000413359532464061
0.55573463,0.37273678,0.81432164,0.7980352,0.94,0.88,0.19237466,0.5924069,0.5075715,1.0,1.0,1.0,0.41154447,0.41154447,0.6594905,0.81984997,0.4380152,-0.004491607211284095,0.004252464761096092,-0.002985285876255352,-0.0002255289482768217,0.0032299936686536945,-0.001630810537661169,0.006742932912029056,0.00021338596072152598,0.0008662049099731972,-0.005149678289667917,-0.0008894280630176843,-0.0002070656804416876,-0.046986673884617323,-0.013033566508129518,-0.0053135463722326325,-0.017701589637542394,0.0023228035317958253
0.8489164,0.79244673,0.7342412,0.71955633,0.94,0.88,0.75121176,0.3544069,0.31037292,1.0,1.0,1.0,0.2516537,0.2516537,0.55574054,0.47530434,0.44690406,0.0012826165096766178,-0.00029328633599882205,-0.004075282799007623,-0.0003237659125517149,0.006018409416293085,-0.00034120670658163737,-8.553168145335977e-06,-0.001059954860620678,-0.011015062193431355,-0.004061452838302339,-0.0004685676247171835,-0.0002661897375194056,-0.06435082888806645,-0.0223114368464119,-0.0017100020573617566,0.0013147521709250016,0.0016676327519806477
0.8024712,0.85880697,0.86035544,0.96716094,0.94,0.88,0.8841149,0.44535843,0.78386784,0.9169722,1.0,1.0,0.6355685,0.6143022,0.57199055,0.27530444,0.30134848,0.001597053377955261,0.000522840887149042,-0.0058445494149138464,0.004508251718464746,0.0072423373684923934,-0.0006881606844760846,-0.002552706806562447,-0.0042740233117309215,-0.0034833952741346054,0.00012408814509127,4.095081799639189e-05,-0.000253049505954875,0.019170734633403366,0.00803254581496052,-0.0014896277187614513,0.014704331982003532,-0.011904626767425753
0.7876693,0.8000316,0.62474513,0.94,0.6772387,0.6880367,0.88,0.48215842,0.5474673,0.9169722,1.0,1.0,0.4438924,0.8674379,0.3969906,0.39166805,0.77912635,0.00030372883025839905,-0.0001183688089968582,-0.0007245357911128371,0.0033362799140286116,-0.00029138582900355115,0.0025997311280249232,-0.001303554272883255,-0.001476666449232513,0.004134045530819066,-0.0005604417115033234,-0.0002497544925284309,-0.0003316906531567926,-0.023260955450628146,0.0107019547685444,0.001353099023033994,0.004163268866589933,0.002644129369258296
0.9231587,0.9655172,0.4842473,0.47456238,0.47456238,0.88,0.88,0.82086146,0.6904877,0.4539741,0.4539741,1.0,1.0,0.55985487,0.82324046,0.7562136,0.7502374,0.002131326435939227,0.005883836821357037,0.0009984385488648153,-0.0029489838494310616,-0.004866808038828477,-0.0004571930614784616,-0.0015616598880169711,0.010558573802808198,0.008033573374651676,0.009832905900059712,0.006108083983695929,0.00029495302309181,0.08249166635184682,0.019399522741590455,-0.005690389772611424,-0.015689663570177745,0.0033351766185951925
0.72496545,0.6547713,0.8466803,0.94,0.9742972,0.6523588,0.88,0.30120683,0.27129716,1.0,1.0,1.0,0.21997067,0.21997067,0.38574058,0.47803167,0.4635707,-0.0011615412251357222,-0.0009936108020373797,-0.004006823836230718,0.0014885768287200484,0.0060757043734779885,0.004839277246190402,-8.578784038531572e-05,-0.0027196813653311584,-0.01036529261260194,-0.004247208009114798,-0.001035209800094682,-0.0004462601543304838,-0.07982827932105824,-0.028445788043687196,0.005453157979077128,0.0011266891673755385,0.0008383040506185365
0.90690005,0.9763592,0.4713904,0.99229723,0.40884206,0.88,0.88,0.7197584,0.76808184,0.93697226,1.0,1.0,0.8633837,0.57236475,0.77574056,0.5816681,0.6069041,0.003221147855834,0.006574797935001347,0.001295714698749288,0.003224145063921507,-0.0072249638891953806,-0.0003747742770942571,-0.0008023822394731672,0.007505843244857229,0.003081146871755112,6.18182584276775e-05,-1.8704020120405979e-06,0.00018383623190817002,0.06247576135965857,0.02004987166073052,-0.006064558617586963,-0.004041110905684962,0.001664348289259005
0.7909327,0.7175879,0.85462475,0.8375323,0.8967774,0.88,0.88,0.40080696,0.34167382,1.0,1.0,1.0,0.27703282,0.27703282,0.6257406,0.4380317,0.535793,0.0009102624622802524,-0.0005395628820356037,-0.002752440094487859,0.0001992348573216301,0.002723460557690892,-0.0005985624414854584,-0.0002729947140173199,-0.0016798431461558167,-0.006709710207069799,-0.004181940610624615,-0.000660690918858623,-0.0002521202678300813,-0.05865911046310129,-0.016630357976675475,-0.004337755922316554,0.001693048580772418,-0.0005067230705768399
0.8799769,0.66967493,0.8063198,0.8275716,0.76947296,0.88,0.88,0.5763099,0.4938489,0.6330234,1.0,0.6330234,0.400418,1.0,0.61824054,0.5871227,0.5935707,0.005975237694092255,-0.0007768011799707448,-0.002337851834257699,0.0020213815846760103,0.0008666083783865586,-0.001210129059797241,-0.0023698223705537922,0.003186364302276395,0.005233975018800728,0.009391537669859153,0.0001183766127623058,0.001187660396809182,-0.021741213028888418,0.012055934383860361,-0.002102792168317846,-0.004532152938460231,0.002193487123233531
0.8527626,0.7686094,0.6899885,0.90456796,0.94184995,0.88,0.88,0.54486144,0.47116607,0.39081845,0.39081845,1.0,1.0,0.38202655,0.3644905,0.61985,0.43357065,0.0010159176659253468,-0.000995192180478178,-0.003208730032860786,0.0015134397762819902,0.007327907042780742,-0.0003220868440103201,-0.0009450795218697967,0.0004217557176982333,0.007064718397911315,0.011321314706276281,-0.0010339420225162653,-4.171147372346362e-05,0.0899922322905728,0.017065484614477922,0.0031912540069649444,-0.009075538079569671,-0.002324635665157799
0.57583946,0.7201887,0.77527285,0.75976735,0.89401305,0.88,0.88,0.16240692,0.15393545,1.0,1.0,1.0,0.12481252,0.12481252,0.37074053,0.37075892,0.20579284,-0.002915214172200145,-0.0009356264376386847,-0.0022253075787028553,-0.0007746228441738934,0.0017014716544402242,-0.0002207378002957556,-0.00048221140947704745,0.0021057243666120634,-0.013728163039437968,-0.0036549952242300805,-0.0003413569896028431,-0.0002042734284472239,-0.06181463095127037,-0.024162588450489738,0.004575783139190877,0.004422398145904975,0.007134228338702992
0.9231587,0.9655172,0.13315625,0.13049313,0.13049313,0.88,0.88,0.5621584,0.6367159,0.93697226,1.0,1.0,0.5162561,0.8384496,0.23324049,0.6671227,0.67023736,0.005843850477095259,0.0033913662717336103,0.009195302210757662,-0.010211390432768157,-0.0037987387348025633,-0.00035748105218472436,-0.0022402152704628668,-0.0005364607267447397,0.004712781131175,-0.0007762267983521323,0.0001758497561788508,0.0004188916813814905,-0.007312195777577376,0.007388556786719213,0.00773540552252168,-0.00476318250566315,0.004603363220088663
0.2554434,0.433635,0.8412255,0.94,0.9742972,0.81621236,0.88,0.3417585,0.44729304,0.9169722,1.0,1.0,0.36267003,0.8117789,0.12449038,0.34439528,0.43912622,-0.026925776471595126,-0.0035452586510127332,-0.002928343706721592,0.006952870674744658,0.007174990911261467,0.0004606277709782357,-0.002153783997261618,-0.003673762226682609,0.005088206320550812,-0.0003424422402468872,-8.851021231946865e-05,0.0004389501717717578,-0.03706410998917581,0.009280404082901081,0.013803106862100796,0.006652551562239842,-0.0024922686332842906
0.9231587,0.9655172,0.26773334,0.26237866,0.26237866,0.88,0.88,0.57495844,0.6840902,0.93697226,1.0,1.0,0.79651177,0.55736655,0.45824045,0.56621355,0.58579296,0.005518845460110396,0.00479387676988149,0.007292398842935313,-0.005794744122452056,-0.009189795802580454,-0.0006651728277413142,-0.00133844382720144,0.0011805912333566436,0.005049723191631755,-0.00017301738806633541,-1.5318863263460435e-05,0.00044317394260510903,0.040638830694202675,0.017487610669651935,0.001651704424372892,-0.003399316546494563,0.0018547961318161894
0.8332404,0.61525655,0.59553254,0.5836219,0.9420575,0.88,0.88,0.30120698,0.269576,1.0,1.0,1.0,0.21857515,0.21857515,0.2182405,0.4062135,0.5880152,0.0018246730821327155,-0.0010559656785657978,-0.001114158591356469,-0.001457619951756298,0.006432219926265598,-0.0007612412767138575,-0.00017734866689002662,-7.069274969095415e-05,-0.011720801514454511,-0.005151356239376039,-0.000664949168342645,-0.0002544926239789046,-0.07850534117614856,-0.027633323895051673,0.010978202757646821,0.004311245105804063,-0.0023050593752154958
0.70928943,0.41545364,0.8754192,0.91710013,0.7957861,0.88,0.88,0.6107101,0.5251576,0.7603034,0.7603034,1.0,1.0,0.42580345,0.61699057,0.5625772,0.51579297,-0.0011170394792681779,-0.01374350499490144,-0.006709189931202393,0.002386569788485322,0.005036220117855797,-0.0005066563143784742,-0.001067945074283858,0.001552311409544495,0.008271335690708198,0.004744559512511312,0.0036627854006551657,0.00019152691231096266,0.0908383384879078,0.019003432700113433,-0.0019959400779517877,-0.00500757078709432,-0.0012786666893076029
0.52141064,0.65408564,0.81854767,0.94,0.8135969,0.51873934,0.88,0.24000701,0.21751373,1.0,1.0,1.0,0.17636247,0.17636247,0.42824048,0.2953044,0.43912622,-0.0030342387363148753,-0.0013322685808348817,-0.004777183441815377,0.0014981461372466475,0.003477119460984471,0.006560451808700636,-0.0004509463382376114,-0.0007456789544144374,-0.009359442913290654,-0.0029882342666688122,2.4828633175630054e-05,-0.00012527194056974688,-0.06624325815288994,-0.023302143635629272,0.0025578571253152666,0.0078055871372339405,0.0012098950769273795
0.91132885,0.682166,0.3461836,0.99229723,0.35523129,0.88,0.88,0.19840683,0.1821011,1.0,1.0,1.0,0.14764954,0.14764954,0.4344905,0.13712259,0.46912628,0.0030867952956732457,-0.00034021452288252014,0.0025336592578134045,0.0030914116088299913,-0.0029137997954104327,-8.618971559771915e-05,-0.0005769305054598341,-9.055692426992602e-05,-0.014037544285360746,-0.003930694656947723,-0.0003482607711213312,-0.00034376749187040533,-0.058355280976984114,-0.030684377497854624,0.002816760636345258,0.017830798145561363,0.0015677202000815111
0.79005873,0.015599197,0.89764494,0.94,0.99229723,0.8166729,0.88,0.3576068,0.31491208,1.0,1.0,1.0,0.2553341,0.2553341,0.60824054,0.3934863,0.4791263,0.0018395110100478864,0.0031576547663456356,-0.0016916854877306279,0.0015295414784102762,0.0033886660481691634,0.00025946101877853694,-0.00034748496470584397,-0.0008781755573414889,-0.009152272022030386,-0.003803568712591398,-0.0004199513205092667,-2.9477418736357924e-05,-0.053964671843581995,-0.020986951154878933,-0.00415099078293551,0.004388472904531416,0.0018482351273052828
0.7681472,0.7205859,0.74478036,0.72988474,0.8916575,0.88,0.88,0.25775832,0.45598376,0.93697226,1.0,1.0,0.36971655,0.8084108,0.3582405,0.27530435,0.38468182,-6.204972802328567e-05,-0.0005518690649745459,-0.0030068246058171932,-0.0012553153171745446,0.0027502457282273045,-0.0008768951883251349,-0.0026474654102191463,-0.007996280642461336,0.006785719533190144,-0.0005676078267897618,3.0016025818440927e-05,0.0001447328373890433,-0.02465368141712137,0.00843216232778063,0.006235389364978468,0.010171822099925872,-0.005654580036015957
0.72554815,0.71275836,0.857474,0.94,0.87324166,0.6792382,0.88,0.53975844,0.52360356,0.93697226,1.0,1.0,0.42454344,0.9141007,0.33574045,0.62257713,0.44023737,-0.0008981052107543496,-0.0006245769454269046,-0.0033006309921943945,0.005447716082650291,0.001495098340419187,0.0028422004055986536,-0.0021788926422176215,0.0016112659262863627,0.003608847952760782,-0.0008402153506615462,0.00017312709305201623,-0.0003298037527942063,-0.02368740608753087,0.006797177877679483,0.0025806521570495523,-0.0060054437529105855,-0.0010827243869582686
0.59064144,0.59923846,0.8286161,0.8120438,0.94,0.88,0.45511663,0.17750992,0.16721696,0.93697226,0.93697226,0.9169722,1.0,1.0,0.14199054,0.13712259,0.35690403,-0.0040564932378159115,-0.006981917515392931,-0.0060789528707133585,0.0015121335957665077,0.011776298392677497,-0.0007534758993043259,0.020950335597229853,-0.011673690645281924,0.02225701821365302,-9.898533220434558e-05,0.0005925045348881953,-0.00011594297118216008,0.07339118620120975,-0.02701872330706633,0.005829379399945029,0.019370867165864707,-0.008956770642958587
0.7329491,0.8306761,0.72616327,0.94,0.94,0.8727212,0.8091359,0.5137585,0.49334106,0.9169722,1.0,1.0,0.8846436,0.40799606,0.6282405,0.5343953,0.45023748,-0.0010831896443343734,0.00030663193168158125,-0.004149181933796426,0.002900318188711515,0.008230264781532841,-0.0010843669571519387,0.0006615008380650364,-0.0014033587183793802,0.007389123559115114,6.411565328180782e-06,0.00029488757407342467,-0.00017618847380528575,0.08149411750716844,0.010092046919240299,-0.003038340939703385,-0.0017763845628197114,0.0017914208063133622
0.92228466,0.8341046,0.55443525,0.94,0.5969056,0.7275613,0.88,0.31200698,0.27570271,1.0,1.0,1.0,0.22354273,0.22354273,0.19699049,0.52621347,0.5635708,0.003135580083909775,-0.00010593973751339302,-4.342852118656516e-05,0.002733908276390688,-0.0015271114648471632,0.002444728861951403,8.266041932047722e-05,-0.002178242749373746,-0.007674319733011737,-0.00424829947103578,-0.0007078758444910566,-0.00010273160576246665,-0.06998522089598239,-0.021359630319481453,0.01379858627968462,-0.00199679057761056,-0.0018719854773540262
0.7450702,0.77198356,0.7714923,0.75606245,0.9742972,0.88,0.88,0.41495842,0.4159853,0.9169722,1.0,1.0,0.9534251,0.33218086,0.48199052,0.441668,0.38468182,-0.0010380026294508238,0.00040971078470911955,-0.006533994388677166,0.0030725350301471833,0.010045085840637416,-0.0015407203542153205,-0.0006892051869966579,-0.0022384087765494136,0.003352882213302932,0.0009934738331988323,0.0004673732337379921,0.0001141440976612776,0.10710044388463807,0.006479118863447423,0.0012087115245341608,0.004026681038724974,0.0038083206544503685
0.9231587,0.9655172,0.3652894,0.3579836,0.3579836,0.88,0.88,0.6881584,0.62313825,0.9169722,1.0,1.0,0.50524724,0.9262127,0.6157405,0.6443954,0.78357077,0.007831386977940969,0.002163569647361303,0.00336664623185712,-0.00851201225366132,-0.003239419619174372,-0.0009284091612484056,-0.0013852004317002587,0.006135002744553052,0.004273766224318763,-0.00018386735844777124,-0.00012364373016927028,0.0003313885488514852,-0.009599010524302676,0.014476665058983344,-0.0027142644288276063,-0.004330104200056193,0.006955788172737421
0.656026,0.57907915,0.82805187,0.94,0.881113,0.43173182,0.88,0.4949585,0.56424516,0.9169722,1.0,1.0,0.7040499,0.5907787,0.18324041,0.4553044,0.8024596,-0.002686080472748309,-0.00722751128057469,-0.0044571823949337945,0.0005514527195406001,0.0068791201693311635,0.0056310677516514815,-0.0013981858291773185,-0.0007754260627267996,0.006030804402272467,0.00022525296859915764,0.00010973607237357158,-0.00017074999619221627,0.03440714461673127,0.013258650835217529,0.005781743033806575,0.0015440720850893148,0.00039182338831384946
0.9231587,0.9655172,0.26738012,0.2620325,0.2620325,0.88,0.88,0.6285585,0.59291285,0.9169722,1.0,1.0,0.8794391,0.51634413,0.64199054,0.5053044,0.755793,0.0038540992932041425,0.004088471567124857,0.008706035917234267,-0.0031468465671734796,-0.013308315925156767,-0.001121226664150429,-0.0010748370802852614,0.0015833551428141945,0.01101630648512123,0.0002917089077475744,9.19450297798724e-05,4.964767784854621e-05,0.06880581920151622,0.01803229128862173,-0.0029850369512064556,-0.000640378613420548,-0.0027333831439411106
0.8492077,0.9137103,0.7029235,0.9742972,0.7416854,0.88,0.88,0.45695838,0.5909081,0.93697226,1.0,1.0,0.80912346,0.46089616,0.39449054,0.5053045,0.44579282,0.001983256318897828,0.0031339377648865307,-0.0027751724077860755,0.0024497419222634905,0.0015699373935146863,-0.0005545634708471585,-0.000650479177779219,-0.003815924581780058,0.008684593392425386,-0.000931725095032357,0.00029107184529428813,-3.763699625640743e-05,0.0521027871198855,0.021268285960151494,0.0027941587262519402,-0.0014333783495452319,-0.0021131758301495785
0.9231587,0.9655172,0.07090388,0.0694858,0.0694858,0.88,0.88,0.38575843,0.33773655,0.93697226,1.0,0.93697226,0.27384043,1.0,0.2657404,0.62985,0.41912618,0.0076157311187678945,0.0011890001857002128,0.004955665295103867,-0.02262933762125253,-0.002169035571347908,-0.000528664458120899,-0.002064010454638573,-0.007535053733166537,0.012550711842997917,-0.0006331746299805592,-0.00017827796652159994,-0.00026502906765283197,-0.04360800575284138,-0.010097322490444992,0.013906639295596442,-0.0022097360138005682,-0.008599698906646728
0.8524712,0.8528219,0.48805845,0.94,0.47829726,0.7492734,0.88,0.7601585,0.9397724,0.93697226,1.0,1.0,0.7619776,0.7079667,0.7944905,0.8280318,0.545793,0.0021812051764688585,0.0008607349284246451,-3.966201008682342e-05,0.0037047871862526797,-0.0007743539895788968,0.001815590090719999,-0.0013149544898926155,0.01563432357068766,-0.01485288995785028,-0.0003074771882632809,-0.00016450168851566742,-0.00029429677115666927,0.034318680110625076,0.00538672451250826,-0.0051737795667035425,-0.013584101859061946,0.0006316108808254578
0.9069,0.73367774,0.7956865,0.77977276,0.8091856,0.88,0.88,0.40320694,0.350472,1.0,1.0,1.0,0.28416649,0.28416649,0.5132405,0.5153045,0.5880152,0.0021545633175349284,-0.0002867871513144649,-0.0027204014721029534,-0.0004892307092845675,0.0021948962639831127,-0.0004678219614164025,-0.00039777595712376377,-0.0012857424942757994,-0.012019130663289862,-0.004991794239619093,-0.0004190445568302863,-0.0004931254610995561,-0.059646689427063776,-0.03026762097532354,0.0004678488516522763,-0.0010297447524633236,-0.0012580819261350682
0.9231587,0.9655172,0.31155005,0.30531904,0.30531904,0.88,0.88,0.5596069,0.47638234,1.0,1.0,1.0,0.38625595,0.38625595,0.5969905,0.51348627,0.80245966,0.0026766478664786205,0.0026068416052074123,0.004896257340852948,0.0005700487996904146,-0.006694536648894566,-0.0016686031755027797,-0.0002767318068631119,-0.0008733385061892401,-0.00277887398016743,-0.0053240809281180105,-3.785659889541437e-05,-0.0010314954098517687,-0.03796852126897926,-0.016734693250651106,-0.0025926016056034965,-0.0010586936109013153,-0.0038876376673585055
0.8211193,0.84414625,0.7958593,0.94,0.94,0.8986786,0.8836999,0.57415843,0.6436677,0.93697226,1.0,1.0,0.5218927,0.81082255,0.4632405,0.5634863,0.5502374,0.0015032821417312924,0.0005365882097468276,-0.0026578447691208568,0.00576417784653923,0.0025742646363428765,-0.0011701157784396582,-0.001642947429491658,0.0024246591007723133,0.002462637102835149,-0.0006126822615119159,0.00027153424221645846,-0.00033805474820147534,-0.004967814648365673,0.008765725780103872,0.000869813673804576,-0.0037921512568046306,-0.0006874047889765357
0.748625,0.43698278,0.6404772,0.9742972,0.59717965,0.88,0.88,0.43935844,0.7030651,0.93697226,1.0,1.0,0.7217646,0.56258,0.39699054,0.4816681,0.41912618,-0.0009790276387857397,-0.0035144414819553867,-0.0017253635860643368,0.0024388090327492474,-0.001874239593370239,-0.0001529851670619073,-0.0024264991043582355,-0.0033905386627933504,0.0021801374756835533,-0.00046570256503579877,0.0002727963811720528,0.00014706669640184204,0.026092428704923405,0.013257335836236206,0.0014127287465446011,-0.00030610823080548375,-0.0018981590174582974
0.9231587,0.9655172,0.23171763,0.22708328,0.22708328,0.88,0.88,0.6473585,0.6772338,0.9169722,1.0,1.0,0.5491085,0.83440775,0.5794906,0.5416681,0.68134856,0.008869817471755527,0.0037958451551419305,0.0056747183513393105,-0.011631580867243429,-0.005765013525597086,-0.0007700889622840166,-0.0025049994908196375,0.0039794342382301505,0.0012369129999295644,0.00017041630438541407,-0.00016492298767929096,0.0003487301559630912,-0.004495160087219729,0.0020957323203188286,-0.0015208580458472955,-0.0015931601499782485,0.009787015480792138
0.78766924,0.54027957,0.6341642,0.94,0.80772734,0.94859445,0.88,0.29895842,0.583934,0.9169722,1.0,1.0,0.61743426,0.5848418,0.10074043,0.56439537,0.40245956,0.00035361754461857146,-0.002065302174529839,-0.0022431048215366877,0.0010522981714202414,0.0015979975466613244,0.0005545814463195192,-0.0015611376075711763,-0.007205818714586834,0.005780511926493382,-0.00024355075561707137,0.0003761248468733898,2.1163280716604144e-05,0.012182712442828226,0.01158729852676902,0.009186608702616086,-0.004270005532101247,-0.0015972227365301788
0.5524712,0.6100941,0.60349447,0.9363606,0.94,0.88,0.5273442,0.44791,0.39030886,0.54207706,1.0,0.54207706,0.31646663,1.0,0.27949047,0.6580317,0.29690403,-0.014336998042313505,-0.00020326832179626806,-0.00100754303156034,0.008131821053919054,0.0017637404761841708,-0.0008761284878053261,0.011476822401788479,-0.004524867945062662,0.009322407486432175,0.012720084652484153,0.00013494269520706855,0.0007833348543919004,-0.03376321623590348,0.005595218873362769,0.007319824155374604,-0.007794419775729806,-0.012367350572706192
0.67968565,0.7727125,0.79051334,0.96814126,0.74405915,0.88,0.88,0.32870987,0.2892771,0.6553457,1.0,0.6553457,0.23454902,1.0,0.37324047,0.34712264,0.37245962,-0.004299856754605786,-0.0005385187165555083,-0.0015454360248071599,0.007121885773825739,-0.0001851134381600245,-0.0017056278423542752,-0.0016477725703189772,-0.007146891311281749,0.008705634809444734,0.010085937445993027,2.126219158653783e-05,0.0018052655574579274,-0.05104893685494831,0.018400449729267646,0.005094118333838732,0.006080281869322579,-0.004681048828863828
0.82082796,0.077220045,0.68141747,0.909952,0.802858,0.88,0.88,0.39295837,0.34605652,0.9169722,0.9169722,1.0,1.0,0.28058636,0.14699042,0.4971226,0.6613486,0.001361225742339244,-0.020759326003797388,-0.0030343025067119072,-0.0006231806458959695,0.0047030072260068065,-0.0006831325253510562,-0.0006561235401285419,-0.0025559046362428604,0.0001787445683361459,-0.00016257763137441581,0.0014446581466304297,-0.00023006354149082039,0.08740144579935145,-0.004555470173778543,0.00858631189934017,1.5915789873357096e-05,-0.0035736708658025283
0.91132885,0.682166,0.3461836,0.99229723,0.35523129,0.88,0.88,0.3341584,0.4041339,0.93697226,1.0,1.0,0.8971085,0.30903906,0.47324055,0.13712259,0.46912628,0.004540909999407811,-0.003976611774406735,0.00544878701729569,0.0023328192129711146,-0.012214288146382306,-0.0006065330702526663,-0.0017557427898630548,-0.004352172860427103,0.0007629212560734478,-0.0006430683899302282,-0.00023470115267973713,-0.00017182087060461885,0.07853118565318937,-0.0022957554475527817,0.0017533954848853942,0.02304163636477411,0.002406188557315387
0.85247123,0.73816216,0.75277126,0.94,0.6935538,0.7661498,0.88,0.6469585,0.84604335,0.9169722,1.0,1.0,0.7703785,0.62004566,0.61949056,0.70075905,0.50023735,0.0022948852793824755,-0.0013263930744637023,-0.0018188125525521758,0.0038558486115026548,-0.0004674562650564682,0.0009916818062507523,-0.0018126709724750236,0.009165238800892477,-0.01168968911706525,-0.00022551877785572687,2.7977235686281672e-05,-7.265175715198386e-05,0.03645805959205966,0.005915995111418355,-0.0010942149143737697,-0.009396647400748328,-0.0009276977420495141
0.8069,0.8341046,0.56291676,0.9742972,0.84154665,0.88,0.88,0.43575835,0.3190154,0.9169722,1.0,1.0,0.9381185,0.3141183,0.24824047,0.43621358,0.44023737,0.0014700992615592377,0.0007985828367600686,0.00020711902446364158,0.0014866597600886966,0.005966170253134151,-0.0010311937291590733,0.0001243518816156495,-0.0024908453216217984,-0.006609435679360681,-0.0011248265844350396,0.00038782522058036117,-0.0008247169333129604,0.0914484419885381,-0.009578075001718896,0.011188037600916183,0.004842195900217855,0.004674724338094408
0.5983337,0.5517484,0.66662973,0.94184995,0.94,0.88,0.49132845,0.37615845,0.7281831,0.9169722,1.0,1.0,0.5904187,0.6064844,0.3019905,0.6053045,0.23468177,-0.005686196161720969,-0.0005565680937496794,-0.0018283213023672562,0.0027479957658186204,0.0028304985012853607,-0.00029317117389235614,0.013309984286425878,-0.0051836192059924405,-0.0007670801127026888,0.0004533350764750964,0.00039218415962454596,0.0002447386044527614,0.005992504282347876,0.010416960494767147,0.0030897651047279385,-0.007079264172190241,-0.008913391674177087
0.8989164,0.87916917,0.8454047,0.8284966,0.94,0.88,0.7078924,0.6469585,0.8501943,0.93697226,1.0,1.0,0.68934673,0.7187081,0.6982405,0.6580317,0.49468178,0.004718371456443057,0.0015409257582426875,-0.004029845633947328,0.0009407013875766686,0.003855047460774294,-0.0005586488495071159,0.004063643683428129,0.007273305503090272,-0.005943634935176891,0.00010732564651215339,4.204917439835792e-05,-0.0002090019826459518,0.02469783635236942,0.004501322476730091,-0.0024481585735987134,-0.011083139029396944,-0.002201768380052677
0.7865039,0.79574364,0.85670185,0.94,0.9742972,0.77157223,0.88,0.5885585,0.75735366,0.9169722,1.0,1.0,0.61407053,0.7817667,0.4269905,0.7216681,0.69801515,0.0009918649722823949,0.00012646707613566205,-0.001651617806711196,0.0039229985091122545,0.002172705760247433,0.000795549731336731,-0.001513103275011747,0.003669743041874672,-0.005350473172671798,-0.00047884955842531136,0.0001269477474155686,-0.0005338015225980897,0.009543218477621029,0.004698927812590216,0.0009585327252304523,-0.011551015762687342,0.005457123311797575
0.8521799,0.29205373,0.9481089,0.94,0.94,0.713937,0.09878234,0.6277585,0.80963075,0.93697226,1.0,1.0,0.65645736,0.7553976,0.6594905,0.6798499,0.4502374,0.0016230538971454397,0.004885981112507847,-0.0006609988549207542,0.0046021368066080275,-0.0007180133943892848,0.0006655522612981518,0.02406021892530964,0.004408015638541057,0.0035657561529394703,-9.398484266775326e-05,0.00019631264851242302,0.00017980626288045603,0.021695869594272343,0.018007751873823547,-0.0016289059544028178,-0.012184469721554958,-0.002705045173640876
0.8412241,0.82385707,0.68808764,0.81901574,0.94,0.88,0.71567416,0.47200698,0.4111775,1.0,1.0,1.0,0.33338714,0.33338714,0.52449054,0.64984995,0.6035707,0.0014942824726337956,6.453623709141752e-05,-0.002535396437762839,0.0002522512819722961,0.006908867178619423,-0.0011357048109787277,6.300698262063541e-05,-0.002184903459613009,-0.006625841775085569,-0.003758782960427747,-0.0002080997221486114,-0.0008123144276738887,-0.06003217209903019,-0.021850970766419123,-0.0007578984240729433,-0.008900351001807418,-0.001499041615034648
0.54005873,0.5267661,0.9081867,0.94,0.94,0.3710487,0.7562161,0.42200685,0.36875764,1.0,1.0,1.0,0.29899266,0.29899266,0.64824057,0.6571227,0.38468182,-0.003300521244951191,-0.0015465865643795945,-0.0019334796295295861,0.0011593946464105698,0.0030540279710362284,0.016950287858823302,-0.00026113635518033824,-0.0032804547239139253,-0.004725023299259124,-0.004004447685311847,-0.0005345049099195515,-0.0010219689576073353,-0.057862848354572664,-0.020587860821617152,-0.004346845301321561,-0.006488346913486946,0.002872596228204635
0.19833373,0.530268,0.68307525,0.94,0.9742972,0.37511092,0.88,0.23335831,0.6062546,0.9169722,1.0,1.0,0.49155775,0.6178725,0.10074043,0.42348626,0.073570676,-0.02411471703292916,-0.004891392593132539,-0.0010045914395666294,0.006634775722764952,0.005434495740793731,0.012087089096651498,-0.002443355943533818,-0.009630250357936672,-0.0015274838872081432,-0.0003780628603356341,0.00010267467578500088,-1.8496461930345155e-05,-0.013008841542521337,0.0015308525731912276,0.01310212422116032,0.0023792548144109453,-0.02366860849214146
0.6640097,0.35937986,0.9233832,0.94,0.79771954,0.72358423,0.88,0.39215842,0.5634791,0.9169722,1.0,1.0,0.45687497,0.749656,0.26199043,0.24530436,0.4380151,-0.005572227399068176,-0.0033625461542470397,-0.0028212941396776837,0.003996804339495744,0.0017523096504859653,0.0006304063435921468,-0.0014277297696042657,-0.0041649612472211455,0.004279508715677845,-1.676373622650884e-05,0.0001812330108098799,0.00014832993666911266,-0.0174307257730132,0.010564190777146588,0.004191051075530771,0.011748699393397961,-0.0009220643448165931
0.821702,0.48739475,0.7916001,0.94,0.9216745,0.75608623,0.88,0.4581584,0.74141985,0.93697226,1.0,1.0,0.6011512,0.6686737,0.42699057,0.6071226,0.38579294,0.0009991457872073088,-3.976305956494494e-05,-0.0017491608058936858,0.004578783992308188,0.000266366122959142,0.000167816997229208,-0.0016716504324653448,-0.003831344341319442,-0.003001909289813706,-0.0011602191719200918,0.00024524014541140663,-1.3885533100598274e-05,0.0067416974058911215,0.008300321213601282,0.0010236926454982077,-0.005758254948398108,-0.004304470591722561
0.9231587,0.9655172,0.30223358,0.2961889,0.2961889,0.88,0.88,0.512007,0.444435,1.0,1.0,1.0,0.3603527,0.3603527,0.6357405,0.7071227,0.44579282,0.002860859072031605,0.002331899102842831,0.00666559667536744,0.0007141942719834376,-0.005294957250801666,-0.0010447090912614786,0.00011118278461508889,-0.0017330255895349862,-0.004792852151122992,-0.004442100293956583,0.00018207818769751694,-0.00035094692989207684,-0.0514004757464288,-0.013012509222818571,-0.004803738807285209,-0.007888121089174804,0.002068486257576912
0.6566087,0.9690646,0.78129745,0.9742972,0.82141984,0.88,0.88,0.3421585,0.2978473,0.93697226,1.0,1.0,0.98878,0.2639005,0.14199054,0.5043953,0.5335707,-0.0025399678197772046,0.003590403255511445,-0.004112545170174783,0.001304908442963274,0.004503592312624531,-0.0014914985840675924,0.00035211212443528984,-0.003043587853371768,-0.009603782217589445,-0.0021496504024371295,-0.00023034693192690468,-0.0009931724229263832,0.10711379611528493,-0.019576357337895315,0.015916604074024652,-0.0007541577850834161,-6.354721348848638e-05
0.24833377,0.57589054,0.94917023,0.9476599,0.909952,0.88,0.88,0.2977584,0.74394405,0.93697226,1.0,1.0,0.66216624,0.5232948,0.5807405,0.22166799,0.25912625,-0.027304994990948562,-0.002153841914931115,-0.00515341289771666,0.005121651475461579,0.005716679247791039,-0.0005613279727295357,-0.004693591682031048,-0.00608100063236499,0.00257368440029118,-3.8058601882454345e-05,2.7835963921619305e-05,0.0002373159957958304,0.022697843100170045,0.01115365785593888,-0.002413056068203194,0.01514695974491246,-0.01331359244886391
0.9231587,0.9655172,0.13188042,0.12924281,0.12924281,0.88,0.88,0.3801584,0.5407286,0.93697226,1.0,1.0,0.8157291,0.41287577,0.5669905,0.13712259,0.5246819,0.006200785828053907,0.003976333132259958,0.011366030452786753,-0.012974563541800098,-0.02344685275150361,-0.001626466846080283,-0.001265317538598167,-0.005351516347814028,0.009834000608165621,0.00012739278250765358,0.00017155293023657036,0.0002765160459756977,0.05932910341005417,0.017706227266953093,-0.0021763886736184393,0.01867632792953331,-0.0005322699288811466
0.9231587,0.9655172,0.25086656,0.24584925,0.24584925,0.88,0.88,0.503607,0.42872745,1.0,1.0,1.0,0.34761685,0.34761685,0.78074056,0.43348616,0.6724597,0.002133491671739432,0.0018297092364826162,0.006265446357976392,0.0011556118915738477,-0.007388881528357403,-0.0009010958303396488,0.00020092744144899926,-0.0016308292754658963,-0.00471610836451181,-0.005345492459034393,-4.510855113899771e-05,-0.0007545775293296255,-0.05255623206932042,-0.01732442782399134,-0.007095844278155798,0.002126215300810574,-0.0031779325325400846
0.9231587,0.9655172,0.24057153,0.2357601,0.2357601,0.88,0.88,0.50870985,0.44003692,0.6756142,0.6756142,1.0,1.0,0.3567867,0.54574054,0.6343954,0.48468176,0.0012769120594832402,0.0033871850461619666,0.011690059869402115,-0.009172497639815362,-0.012075261124239236,-0.0007048192586848885,-0.00013568638946214387,-0.00046766517901824996,0.0034415163302474756,0.008622801925246176,0.001314135664211547,-9.786421323674736e-05,0.10349241833997944,0.005835050219870437,-0.0010622337671478041,-0.010772599624628797,0.00016023551901979651
0.74034995,0.36392403,0.74789774,0.7329398,0.94,0.88,0.88044995,0.33680695,0.296653,1.0,1.0,1.0,0.24052945,0.24052945,0.53574055,0.48803174,0.4035707,-0.00011371948815235427,0.0026369877080709148,-0.0015248835065575872,-0.001623349965718917,0.0016631408951116944,-0.0002781271097404383,-9.296281490737552e-05,-0.0009507494922866912,-0.00780162335420601,-0.004233585951993721,-0.00020633492346656742,-0.00011219676738472934,-0.048442800419876975,-0.019896780854198867,-0.000956929953762416,-0.00035360456347496323,0.001993429994140041
0.72141063,0.7068375,0.8728752,0.94,0.8219249,0.57993144,0.88,0.51495844,0.5753394,0.9169722,1.0,1.0,0.83225983,0.48717996,0.45824057,0.52439535,0.5880152,-0.0011583947877557112,-0.003983122437257104,-0.005518637590332693,0.0005513879824627033,0.003606466892165824,0.0026903312659754754,-0.001500746320488408,-0.00043355931105935224,0.007174328341623346,-2.9410410747414354e-05,0.00023605926104011715,-0.00012381339373141232,0.05078122684064163,0.016815352726324805,0.001261247153356843,-0.002728022091377049,0.00011990993531391426
0.43265775,0.6720197,0.8773962,0.94,0.94,0.52771604,0.39956564,0.26240686,0.23835123,1.0,1.0,1.0,0.19325775,0.19325775,0.3019904,0.46894082,0.34579298,-0.003925887956114305,-0.0018138154746248757,-0.0048651626313930465,-7.62727846106797e-06,0.005690368131815335,0.006679959783627913,0.0032456481945141074,-0.0008224808637027957,-0.008027211590893275,-0.0026601044731135765,-0.0005417986269072302,-0.0001118071484527651,-0.06446731914992415,-0.023437804176994863,0.007268574476066411,0.0009447647813428062,0.0035856154787833106
0.43265775,0.6720197,0.8773962,0.94,0.94,0.52771604,0.39956564,0.38535836,0.3945775,0.9169722,1.0,1.0,0.31992772,0.9381185,0.3019904,0.46894082,0.43357074,-0.011061439847734788,-0.0017929135544255614,-0.0012559251223885877,0.005470061941514222,0.0026447830294784327,0.006208075225935619,0.011364558985063118,-0.00695958079763359,0.008643520822947863,-0.00045167891431468934,-5.709712252699603e-05,-0.00043865228350782604,-0.042645514730811705,0.016243919505084012,0.0038400071385790813,0.0008248260853912688,-0.002332808366787062
0.4483337,0.6236855,0.8859103,0.9476599,0.94,0.88,0.54346406,0.36320695,0.31459597,1.0,1.0,1.0,0.2550778,0.2550778,0.7269905,0.32984993,0.5313485,-0.005920018158621243,-0.0005867056162749402,-0.004861237154657403,0.0009040641892228815,0.004849113056620381,-0.0002874681913923188,0.002298791049517296,-0.0012239461416868635,-0.00903141791494807,-0.0033646336546628076,-0.00028858922894032775,-0.0003052410294134345,-0.049634686215294294,-0.020289134974895706,-0.005262409453921699,0.009145298564629837,-0.0005088498916037944
0.9098722,0.741936,0.8060739,0.8539462,0.94,0.88,0.59104073,0.54495835,0.71100926,0.93697226,1.0,1.0,0.57649404,0.8166936,0.48199058,0.6198499,0.47357062,0.004367562177822405,-0.0009149130478100613,-0.00315034208151818,0.002123418275641332,0.0010226337753029635,-0.00015072275418938257,0.009423206617475645,0.0003911353643908905,0.0031687678609769016,-5.2489854891825535e-05,0.00042915363610118766,-0.00015495058403538708,0.0034214979921693782,0.008469286499771831,0.0003559567280137793,-0.008387194392891557,-0.003583576258869211
0.83708656,0.763016,0.8554791,0.9433281,0.96716094,0.88,0.88,0.77655846,0.8077029,0.93697226,1.0,1.0,0.6548943,0.8185264,0.75949055,0.7216682,0.736904,0.0021599833033848085,-0.001168201382805826,-0.0017460521439217524,0.005012312361210926,0.0019940510224372605,-0.0006188262944810241,-0.0028736940879911894,0.015119383258078094,-0.004350303147445426,-0.00021973977881495902,-6.4306525855939e-05,-0.00013421192382146848,0.016531237707847347,0.009994218661551839,-0.0021801244329221017,-0.00959692060914266,0.005916926031650706
0.7950703,0.8421699,0.83617324,0.86768097,0.94022495,0.88,0.88,0.48495856,0.5293607,0.9169722,1.0,1.0,0.8655786,0.4140153,0.69199055,0.32166803,0.47579288,0.0004173988821680079,0.0014813725208323947,-0.006364711722860938,0.0021902044831142754,0.009405491716245527,-0.0013669747583637455,-0.0008241579744712487,-0.002123842654599718,0.008628546184683578,0.0003400892802091542,-9.395016402005407e-06,2.5656540595093978e-05,0.06355932258079261,0.01312945964569192,-0.005553589313621377,0.012770363929827076,3.562143382559991e-05
0.5524712,0.6583782,0.4849553,0.9742972,0.94,0.88,0.5237187,0.3177584,0.45036745,0.9169722,1.0,1.0,0.3651628,0.86579114,0.24074042,0.3889408,0.4824596,-0.00895088576640858,-0.001322027797665456,0.0011269071932335619,0.005420692888903791,0.005874984586941034,-0.0002932494839597026,0.010586701178315158,-0.006482765118828083,0.007825987042015066,5.2425587132318845e-05,0.00022518964304165417,-2.7905414863351325e-05,-0.038152427016052766,0.017552492858170912,0.007385067147183508,0.006429468607550936,-0.0020107287530996987
0.7566087,0.7449027,0.512947,0.96716094,0.94,0.88,0.6240871,0.42175835,0.65488267,0.9169722,1.0,1.0,0.7195437,0.5649105,0.46949053,0.45803174,0.49468178,-0.0006121091115399546,-0.0011552074164145915,0.002394121516349831,0.002729567230559033,0.006038428777077162,-0.00017571490699924255,0.008406477005857055,-0.005592804232798922,0.005056242777675393,0.0005868123469062177,0.00012268296547636632,-2.5744656308149814e-05,0.03389891829496046,0.018904023779874643,0.0006646698092034671,0.0021069224215522543,-0.0017487931351803415
0.7749654,0.41040152,0.76278937,0.94,0.94,0.78728664,0.23606576,0.4575099,0.3978774,0.7603034,1.0,0.7603034,0.32260332,1.0,0.48324054,0.3834863,0.5602374,7.382967829591611e-05,0.003030239885072869,-0.0020447584014217485,0.00434977072162953,0.002632080308073802,0.00017223329651819955,0.020195689771422356,-0.002795889904129043,0.006763339323322508,0.006465479026584304,0.00028842047944857015,0.001154504788148737,-0.03427839196177986,0.027762577422949013,0.0003294896266048043,0.006730354174482259,0.00032435625070463135
0.032657824,0.48557875,0.8248791,0.94,0.878108,0.32327133,0.88,0.18480697,0.16892102,1.0,1.0,1.0,0.136963,0.136963,0.41199058,0.28621352,0.38912624,-0.007154029894315335,-0.002819878469978542,-0.0028793594243068186,0.0002657271580868217,0.002896335208797447,0.013643143371738537,-0.0003354943870500903,-0.0013541777763637064,-0.007833039154572771,-0.0037107930604098893,-0.0013109747681356119,-0.0005461083065307027,-0.06415754272799569,-0.02255301628057109,0.002818839520545578,0.006253990858109728,1.4392280603692919e-05
0.35987213,0.646919,0.82793486,0.94,0.8395678,0.49595353,0.88,0.5049584,0.79908156,0.93697226,1.0,1.0,0.647904,0.65433854,0.3019905,0.6753045,0.55023736,-0.01152582763884505,-0.003698951730437213,-0.0011258026948245898,0.001656233265401778,8.8663713343521e-05,0.0038653398813578432,-0.0018803546521986953,-0.0005254791608784554,-0.0041160924282189724,-0.000499964549051579,-4.51720808234499e-05,-0.0003321339495064743,0.016517665975099623,0.005891702608314187,0.0031771360845127394,-0.008562741209049114,0.0003990226232144506
0.60544336,0.6132467,0.87128735,0.94,0.9742972,0.47136617,0.88,0.52935845,0.7862282,0.93697226,1.0,1.0,0.63748235,0.68188655,0.6307405,0.5043953,0.49468178,-0.00577804427333895,-0.003564863544756214,-0.0020326665837270014,0.0021427076444212032,0.004480927369185031,0.005178199785500552,-0.001694761536312005,-0.0002966728547393183,-0.0021780836411371923,-0.0003769185591731913,9.834462387091361e-05,-0.0005604128758115853,0.011632827974363895,0.008237053349161088,-0.0013830388511658852,-0.000830747534771783,-0.001254022054171955
0.70958084,0.73375285,0.8755021,0.9742972,0.94184995,0.88,0.88,0.2816069,0.25167838,1.0,1.0,1.0,0.20406355,0.20406355,0.5982405,0.22712256,0.4257929,-0.0014739301545391944,-0.0008343982267899312,-0.004457599079948105,0.002853171044741994,0.005080656414491759,-0.0006230312736820108,-0.000581343352627232,-0.0014189385614735246,-0.011413270227604194,-0.0034677345371686074,-6.370617585441697e-06,5.5158018548304714e-05,-0.06887924228004243,-0.02167843983757508,-0.0027211888531549575,0.014240846891395393,0.0020248102211302987
0.9231587,0.9655172,0.50185746,0.4918203,0.4918203,0.88,0.88,0.8734129,0.7431066,0.29499024,0.29499024,1.0,1.0,0.60251886,0.6744905,0.8580318,0.6713486,0.003479241266847223,0.007887804805313219,0.0004399594074009365,-0.0029062840693010543,-0.003925270526462676,-0.0006881065056516713,-0.0014668758910997824,0.014099054141115659,0.004711873798520306,0.011806915162160016,0.00574761198622906,4.497583358907958e-05,0.07652725676022606,0.014938704814375004,-0.002940318411584791,-0.02098402271842484,0.0031020066826196115
0.86045486,0.7205859,0.9283506,0.9097836,0.8916575,0.88,0.88,0.40175843,0.630253,0.9169722,1.0,1.0,0.51101595,0.7380117,0.7944905,0.21530437,0.38468182,0.004346629564190914,-0.00048263072931140874,-0.003162754588871602,0.005569629828681937,0.004585950711815221,-0.0010023977538490961,-0.002220652548213036,-0.0060003002021734655,0.0017497030982383188,-0.0005816500888630812,0.00010896611177117585,0.00010839771073523644,-0.006931257724593601,0.004728108526643402,-0.007486177723287356,0.01598395242286739,-0.006386118206914283
0.922576,0.9105279,0.67858946,0.66501766,0.99229723,0.88,0.88,0.41935837,0.8823995,0.93697226,1.0,1.0,0.76281106,0.48703906,0.61574054,0.5216681,0.15912639,0.007156857856653554,0.002673237711437829,-0.0012873382930832628,-0.000637449720418373,0.007278916701828576,-0.0005774193985493221,-0.0031600894012363302,-0.0059031999055512,-0.008150840871619993,9.609229705552249e-05,-6.874546847457052e-05,-0.0002552403612257284,0.0352602801086493,0.014056570226270377,-0.002719333939241241,-0.0025311417589727212,-0.022638707984778916
0.8373779,0.90331304,0.25805923,0.94,0.25289807,0.8078431,0.88,0.51215845,0.5259705,0.9169722,1.0,1.0,0.4264626,0.9034137,0.4632405,0.5153044,0.5891263,0.002058014258136362,0.0013115493874670966,0.00493004944612878,0.006642818626010707,-0.004964753409749893,0.0006751871125580429,-0.001477335337734439,-0.001440200138583135,0.0055389056468737215,-0.0004555861071639056,4.147014720142228e-06,-6.655323186163811e-05,-0.024207200386241367,0.014298061262935244,0.001701363727563411,-0.0011110673795700896,0.0021659649373225653
0.7758395,0.68955535,0.779319,0.8732453,0.94,0.88,0.5598842,0.4801584,0.65762234,0.93697226,1.0,1.0,0.5332073,0.76462305,0.61824054,0.48348626,0.3624596,0.000641956618734352,0.0005415441005167369,-0.003611410837811847,0.0036120540235606135,0.0031999429310984075,-0.00035395076705525467,0.011563827616902516,-0.0026722834324053348,0.001803889462855622,-0.0006693838239070648,0.0002059464854230314,-9.828602298410701e-05,-0.003408000845626513,0.006629561553421988,-0.002198041382728018,0.00032343752203708705,-0.007985548378193853
0.9231587,0.9655172,0.09577088,0.09385546,0.09385546,0.88,0.88,0.30880693,0.27361795,1.0,1.0,1.0,0.2218524,0.2218524,0.51699054,0.4198499,0.3946818,0.0025771281195381434,0.0019285773476693314,0.010769870479990255,0.0003676577264007655,-0.00534632562206443,-0.0006001628577461181,-0.00045088914405724725,0.0003068206548222869,-0.009160207827444177,-0.0032736228460127415,-0.00024073480876181386,-0.00025867992537392684,-0.04811191131488418,-0.014723805237308249,-3.161412693045554e-05,0.0022006217506522173,0.00244593590728486
0.9231587,0.9655172,0.44500914,0.43610898,0.43610898,0.88,0.88,0.7175099,0.61359566,0.6756142,0.6756142,1.0,1.0,0.49751,0.58699054,0.7434863,0.6435708,0.0029242867474052587,0.00480883290813462,0.0017871268918865277,-0.0031800218022684473,-0.005024080585985017,-0.0011438652294227434,-0.0013577816856603074,0.006120021608674706,0.00979354902589878,0.006743046406325988,0.0025287866056601456,0.0003549883321274485,0.08547900768270143,0.0196089173310419,-0.0018651158728076234,-0.015620347818931015,0.002379566671454032
0.9231587,0.9655172,0.35629925,0.34917325,0.34917325,0.88,0.88,0.71351004,0.604856,0.48083293,1.0,0.48083293,0.4904238,1.0,0.6919905,0.6753045,0.70023733,0.011030390573413831,0.0015358938427102887,0.002552055411988148,-0.013489993345665998,-0.0037246613954751294,-0.001671036065469765,-0.002858743208832389,0.009601669845778822,0.0006037407424366824,0.010501820353407902,-0.0005048435265774039,-0.0006467377890475088,-0.008743897416957299,-0.006860610010867947,-0.005805761128739333,-0.0032790414416479603,0.00842546431789676
0.9231587,0.9655172,0.3652894,0.3579836,0.3579836,0.88,0.88,0.60190994,0.51143163,0.93697226,0.93697226,0.93697226,1.0,1.0,0.5744905,0.6443954,0.6535708,0.005507328816994216,0.0061921943825499716,0.004614238587774194,-0.008017669843382537,-0.004448800788535853,-0.00045233860868412555,-0.0021218945343732974,0.0034418190222158416,0.005135846927725496,0.00010589056913589425,0.0012395868184606668,-2.5823944658379498e-05,0.0751224325619155,-0.009309923960896145,-0.0006854673620079809,-0.005016599040411752,0.005086512418523584
0.9107462,0.54708195,0.7355127,0.99229723,0.94,0.88,0.39461508,0.60295844,0.5188455,0.93697226,0.93697226,1.0,1.0,0.42068553,0.70449054,0.60894084,0.635793,0.002730947159525783,-0.004276138247818079,-0.003453781400851656,0.0030155112960494547,0.007583757311520956,-0.0011629305407753335,0.007264804513322183,0.002279621042780431,0.006043031882838332,-0.001277004213753853,0.0018210704194392916,0.0001306627209789853,0.10808705765724787,0.0004156578264954114,-0.006635596514982261,-0.009887954044395613,-0.0022178898642060255
0.9231587,0.9655172,0.38072103,0.37310663,0.37310663,0.88,0.88,0.7429584,0.7954359,0.93697226,1.0,1.0,0.64494807,0.81476384,0.5544905,0.78984994,0.7035708,0.006326971412637273,0.004382849101216463,0.002269161875345577,-0.006844736721172254,-0.0016501968876554312,-0.0008197358563959989,-0.0014406542918188434,0.009312092956467885,-0.0012691378936517562,-0.00016685780698904099,0.00018905399275959708,1.1485045600553023e-05,0.012527292882568214,0.006403810830133504,-0.0012160056342754827,-0.009490876931402855,0.0058611087812386374
0.9098722,0.741936,0.8060739,0.8539462,0.94,0.88,0.59104073,0.5901584,0.78278005,0.93697226,1.0,1.0,0.7552468,0.6190376,0.48199058,0.5962135,0.5591263,0.0037040973416848483,-0.0012773504990186801,-0.0038616167348955403,0.0016512324017152525,0.004505183645316354,-0.0005256057192238279,0.00963928134768599,0.00325078357575073,-0.0007705526429664067,0.00010610005494159595,0.00021709731318376828,0.0001239592402489726,0.04535514535319326,0.014868048430520737,0.00033926689759506876,-0.008484296328751832,0.00030429437466350935
0.6752568,0.60346764,0.71229124,0.99229723,0.9742972,0.88,0.88,0.4813584,0.67012787,0.93697226,1.0,1.0,0.7800104,0.543595,0.37824053,0.5898499,0.47801515,-0.0032617536002886864,-0.006065835631964836,-0.0031183131686096034,0.003267816028156335,0.008870731663959353,-0.0001528177414752245,-0.0028646565992245226,-0.0019601919607093554,0.0008132400293657555,-0.0005502370507879644,0.00022038195932415363,0.00011766489566947091,0.0484864594048567,0.012795631580341985,0.0012456321087219913,-0.006441454349219706,-0.0017125409755846452
0.9231587,0.9655172,0.22724737,0.22270243,0.22270243,0.88,0.88,0.5545585,0.76375127,0.93697226,1.0,1.0,0.61925775,0.72371674,0.58699054,0.53712267,0.45912626,0.008138100167036796,0.0023377620539814536,0.00394634223151964,-0.01159421296051938,-0.004572845398910229,-0.0014225009599221849,-0.0016748756673578501,0.00045452260895993566,-0.0013609042022586276,-0.0001358400294805142,-6.077545475129741e-05,0.0005179713502497732,0.010962058641063466,0.005005433879899095,-0.002308859777117904,-0.0016690492071824966,-0.00495947286891553
0.8107461,0.52363324,0.6640068,0.94,0.70375025,0.98459446,0.88,0.6241585,0.80590564,0.93697226,1.0,1.0,0.653437,0.72900003,0.49824053,0.7289409,0.5502374,0.001835644796017184,-0.004009084585375958,-0.0006864402224090833,0.0032607938897559786,-0.001217460883892346,-0.00020728791440197402,-0.0017461910903367678,0.0041747826727454584,-0.002758322232303012,-0.00080585142718059,0.00025315166117017207,0.0002083500817623471,0.008613856240193965,0.006875570471196487,-4.760957047693397e-05,-0.010173086546858527,0.000383042654395842
0.9074827,0.7023657,0.7483245,0.94,0.7720219,0.94859445,0.88,0.5403099,0.4672379,0.6553457,0.6553457,1.0,1.0,0.37884155,0.6094905,0.59894085,0.5335707,0.002517458360229727,-0.00219593095115388,-0.0038611302639434764,0.002934167533556327,0.003058560645097908,-0.0026341832303678615,-0.0009959012281519671,0.00042784113568267634,0.00785125331663504,0.00873740357381641,0.0033537118328378383,0.00014861288331307677,0.09984981039328733,0.013075996440316042,-0.0028267317401242747,-0.008105034346301861,0.00045025908339666495
0.80247116,0.7549603,0.6976605,0.6837073,0.96716094,0.88,0.88,0.69535846,0.7697542,0.93697226,1.0,1.0,0.7878577,0.6438109,0.58449054,0.670759,0.7869041,0.00019828683680552843,-0.00132996625550319,-0.002535763574905059,-0.00024126429787705856,0.006807280634115216,-0.0003965006480471635,-0.002692931189212877,0.0050330471494466535,0.0026146049545697526,-0.0010903457729611137,0.00015859893849585167,0.0006062057515654429,0.043450170063186876,0.016477269288549548,-0.0008962529909302033,-0.010191057652424123,0.006281610567105732
0.8640097,0.85539395,0.7587257,0.9420575,0.99229723,0.88,0.88,0.36760712,0.32127437,1.0,1.0,1.0,0.2604927,0.2604927,0.4007405,0.5625772,0.45579296,0.0017779676957937094,-0.00017462409805220016,-0.0044790224143812455,0.0018973189018731756,0.007732721880924374,-0.00031845667777283314,-0.0006013214951840338,-0.002139662553057174,-0.008955055255475013,-0.0034375522935875384,-0.000633123368132739,-0.0005444743163232026,-0.06717967154691924,-0.023203981671790656,0.00478849263551949,-0.003291016329245158,0.00231311657440071
0.8489164,0.79244673,0.7342412,0.71955633,0.94,0.88,0.75121176,0.4467099,0.38707778,0.63139063,0.63139063,1.0,1.0,0.31384686,0.45074052,0.47530434,0.44690406,0.0009615092733439548,-0.00019959373128828307,-0.004414085876209291,-8.286649414501836e-05,0.007410992293986915,-0.001019682006996589,0.0016728329142406612,-0.002342507988922516,0.0024119236593807642,0.009627926910193886,0.0006398795143790096,-4.201680483633882e-05,0.10089693685265186,0.004976925740057309,0.0012983930684563657,0.0007465330816532139,-0.0003271472837750776
0.57852024,0.60173833,0.83944523,0.82265633,0.94,0.88,0.8350971,0.3749585,0.32858732,0.93697226,1.0,0.93697226,0.26642215,1.0,0.5394905,0.31621352,0.49357066,-0.012690026616196108,2.8475776391630745e-05,-0.003212552199308165,0.005263485187051077,0.004619829252681188,-0.0008095624512134862,2.8299853190594734e-05,-0.005747562808099503,0.007819337125658452,-0.0015524194417950948,-3.3446202142086156e-05,-8.918245635446682e-05,-0.05389549003073833,0.014506075418984734,-0.0015685920295702926,0.0068387073824846874,-0.000842810596835112
0.9231587,0.9655172,0.20363067,0.19955805,0.19955805,0.88,0.88,0.46935835,0.4069282,0.9169722,1.0,0.9169722,0.32994178,1.0,0.6594905,0.5425772,0.31357065,0.009077664147278829,0.00038994959180364884,0.0014062650104781685,-0.02021203214900423,-0.003790609590290529,-0.000658166930720206,-0.0015860620260225455,-0.0026518114628076737,0.008642705343701604,6.343677687056841e-05,-0.0005988815849487969,-0.00014242409730462122,-0.03480944391972843,-0.008243078282091632,-0.0064512833105732185,-0.001999882703367337,-0.01370766773230768
0.8101635,0.43698278,0.8812692,0.8636438,0.82974553,0.88,0.88,0.4288069,0.37183368,1.0,1.0,1.0,0.30148676,0.30148676,0.7969905,0.43894082,0.44579294,0.0011534437907287933,0.001414320898565432,-0.002489649715987999,0.0007511368113705036,0.002145227398874815,-0.0006234432562332215,-0.0004108048032500636,-0.001587569873775504,-0.007421433402042262,-0.004420915338220515,-0.0003393322641025781,2.1113415629993028e-05,-0.06179512585967042,-0.017781440724102066,-0.010204163300333628,0.0031419580887006716,0.0020290329209593934
0.83708656,0.71088034,0.8471353,0.90456796,0.92046905,0.88,0.88,0.5065585,0.6001734,0.93697226,1.0,1.0,0.48662707,0.8217328,0.5982405,0.4071226,0.31023735,0.004597832526178964,-0.0005591858934489172,-0.0013202879867048297,0.007534212195611218,0.0014668016419538644,-0.0013916997856099167,-0.001985238781529792,-0.0006852258579111987,0.0026802572956538956,-0.0006765163493181468,-5.419567566068567e-05,1.5681304471935333e-05,-0.01230019835303068,0.006793579388956678,-0.0031038722911810417,0.0038240334984269565,-0.008812137246412482
0.7406414,0.8163323,0.846755,0.94,0.96514356,0.6885826,0.88,0.6217584,0.55718166,0.9169722,1.0,1.0,0.4517689,0.91905713,0.3644905,0.63439536,0.7680152,-0.001491545609771884,-5.385151725955616e-05,-0.0011222021334882108,0.004553065616276356,0.0017170428881343707,0.003299855506248034,-0.0018229116554616584,0.006499538445115019,0.004842656034473466,-4.118597868307261e-05,-0.00011062399723108056,-0.00030368505150116633,-0.020261178028964547,0.016553350392521756,0.0013591411605948134,-0.007635115562759432,0.0046949575237727175
0.9231587,0.9655172,0.2309625,0.22634326,0.22634326,0.88,0.88,0.49175844,0.42581466,0.93697226,0.93697226,1.0,1.0,0.34525514,0.5632405,0.64166814,0.39912626,0.0029068396561603006,0.0019849562790935234,0.014471396954133802,-0.012095414247158418,-0.014466037549730606,-0.0010135947877094,-0.00011421199756592102,-0.0011405145531296597,0.00019024510170319726,-0.0012650082200082887,0.0013716157399826677,0.0001301142284076691,0.09557303722027796,0.0023311112926175668,-0.0013278307741245625,-0.010063350860470714,0.00041605362841127993
0.69093275,0.8341046,0.8894457,0.8716568,0.9742972,0.88,0.88,0.11040695,0.10819806,1.0,1.0,1.0,0.08772816,0.08772816,0.27949047,0.26894084,0.266904,-0.0010294753021194084,-9.285272121077868e-05,-0.0036991012739438604,7.895555461285373e-06,0.0036785261357296707,-0.0002187446636747895,-0.00015492722878307882,0.0038031875682587274,-0.014568437078668804,-0.0024972793125810854,-0.0002993350032982411,-7.061040853144133e-05,-0.0653299040544603,-0.024979919486834104,0.00752698351018521,0.009708575527476431,0.005985834880230565
0.60987216,0.7483317,0.69746125,0.94,0.9742972,0.94859445,0.88,0.40295836,0.43447095,0.9169722,1.0,1.0,0.82252216,0.40991703,0.4257406,0.25530443,0.585793,-0.005887221138346413,-0.0014784124912925723,-0.0028456354292426705,0.0029322224354726757,0.011395955271025772,-0.0032707128965704735,-0.00038171246720482277,-0.0032672672185536837,0.002240440478617424,-0.00047542047109682393,-0.0008141043750511867,2.3099527908057584e-05,0.06526515033345047,0.005634870411378589,0.0027427061746743676,0.016521894773549626,-0.0010155501808325267
0.87170196,0.70705116,0.8610537,0.89002293,0.99229723,0.88,0.88,0.42640686,0.37247917,1.0,1.0,1.0,0.30201015,0.30201015,0.5132405,0.54530436,0.54468185,0.0025130752991848453,-0.00040911033374645546,-0.0037404745574049535,0.001409845486294489,0.0063921829101394765,-0.0009532305523579792,-6.826747720530289e-05,-0.002292984030318197,-0.006485014075651261,-0.004759515188955532,-0.0005534187178083966,-0.0009380667050217149,-0.05986000074019365,-0.02396090882545554,-2.0992689855112086e-05,-0.003745634039010108,-0.0011682339513453123
0.7678558,0.7564161,0.87958616,0.879692,0.9420575,0.88,0.88,0.63535845,0.75758076,0.93697226,1.0,1.0,0.88147324,0.53815925,0.6894905,0.68712264,0.4380152,0.0002165590765733544,-0.0005779504151015116,-0.005710099781980684,0.0018945885956267636,0.006529298975664155,-0.0003507290715674315,-0.001515999562030909,0.005829703724389328,-0.0023644681981955917,8.951908089313821e-05,0.0002852177067023554,-9.032330123717982e-05,0.06567052289302983,0.014069136264494684,-0.0031184376452569394,-0.012712551254643559,-0.0032073051426267595
0.779103,0.85560083,0.84689593,0.9742972,0.94,0.88,0.82929426,0.45575845,0.45780122,0.9169722,1.0,1.0,0.3711902,0.8972487,0.29074037,0.39712265,0.7091263,-0.0014220369528583137,0.0006473758972919675,-0.004027052882853151,0.005284043816879612,0.0056831801159683585,-0.0005406111953937998,5.333407269406242e-05,-0.0033655793859566326,0.004900146147570136,-0.0010924716246308384,-0.00011916364082736038,-0.0004235688687956312,-0.0369087149455479,0.021683544282535657,0.005874682241759885,0.005376710141869514,0.0009630368707845263
0.81459236,0.8000316,0.6878632,0.9363606,0.8154835,0.88,0.88,0.33535844,0.76087505,0.9169722,1.0,1.0,0.68359005,0.50572747,0.2707405,0.68166804,0.073570676,0.0012245381166190823,-0.0005308713597136337,-0.002081910382048692,0.004780548745135712,0.00024547461973178155,-0.00044542251688814124,-0.0026192916417772764,-0.009061179907648372,-0.00584493558857786,0.0003124258828163544,4.995314698647866e-05,-5.608522576699138e-06,0.0218983349148841,0.012401363448429544,0.00758908337311071,-0.008587041021126163,-0.016572640689817328
0.9231587,0.9655172,0.3393129,0.33252665,0.33252665,0.88,0.88,0.6501584,0.7387746,0.93697226,1.0,1.0,0.79370064,0.63307756,0.57199055,0.4562136,0.75023746,0.0053699208729264935,0.004200823845770197,0.00535743374904929,-0.004509159252614651,-0.009115672723064353,-0.0006007670953419639,-0.001649379457268374,0.003928248968438643,0.0033457393585617458,-0.0005249458406472691,0.00012435315204039132,0.00012754536334504314,0.04680508303074302,0.014497165783209177,-0.0007215536031632438,0.0025615918159523974,0.0070538062330855085
0.9231587,0.9655172,0.34653127,0.33960065,0.33960065,0.88,0.88,0.7081585,0.86657244,0.9169722,1.0,1.0,0.7026263,0.7646031,0.7657405,0.8089408,0.49468178,0.007463087887148695,0.003162723555372607,0.0012098145753026883,-0.007154682791534247,-0.0017721057909149312,-0.000709603079483185,-0.003083227191426245,0.007977477511304175,-0.007065622823673536,0.0005977237390071759,-0.0002824697157709606,9.695276831328675e-06,0.026244930440739344,0.0010132664324855442,-0.0053739954215217215,-0.009676918178935663,-0.0025110552313651648
0.8947789,0.73463863,0.50864667,0.94,0.4984737,0.61218077,0.88,0.6845585,0.78141934,0.93697226,1.0,1.0,0.63358325,0.801857,0.60824054,0.46439525,0.9269041,0.004105104834621886,-0.0028080624293245777,0.0003897569725466036,0.002419122925312974,-0.004107963447271021,0.0032556698890033346,-0.0021747733781824724,0.00785873252636262,0.0023075345321836734,-0.00024014804628682835,-1.6679929812791866e-05,-0.00015977210171344556,0.014749850941949529,0.01436327840129711,-0.0012197925393787634,0.0001271544151865736,0.004306950238390943
0.5447789,0.6897898,0.80390114,0.94,0.903209,0.5601561,0.88,0.5625584,0.44752753,0.9169722,1.0,1.0,0.9031782,0.41330338,0.4494905,0.45439538,0.57245964,-0.007904678243097419,-0.004292575111144323,-0.006091379496822778,0.0012431950219197678,0.01016266942392169,0.005744893246963208,-0.00019653968578600925,-0.0006637311163657708,0.008784517067256024,0.0003598342380287895,-1.5340786683204767e-05,2.6956544451593318e-05,0.08777758293162506,0.018008609591519006,0.0015817557282501737,0.002117130332507047,-0.0013969691612849685
0.60987216,0.7483317,0.69746125,0.94,0.9742972,0.94859445,0.88,0.40006134,0.3495189,0.19019449,0.19019449,1.0,1.0,0.2833937,0.27949047,0.25530443,0.585793,-0.0028012483583664764,-0.0006985171378365324,-0.0030679996103686303,0.0023236194240753728,0.010736686384378438,-0.0019307302573867383,-0.0015669743630216024,-0.0038167278924885677,0.007130800540344793,0.018097315168865716,0.008799878072393099,9.578810663262563e-05,0.08993458928945518,0.015318259136137706,0.004199594985426263,0.017410525175201867,0.000342416922377088
0.9231587,0.9655172,0.3652894,0.3579836,0.3579836,0.88,0.88,0.5657585,0.4842589,0.93697226,0.93697226,1.0,1.0,0.39264235,0.6019906,0.68985,0.53134847,0.0031464720956164947,0.0029524230119017236,0.0071869183410908696,-0.006400748029882901,-0.008736949722664412,-0.0011459650006183193,0.00017787674963920717,0.00024227071584335695,0.0046776125241634525,-0.0011788985312442988,0.001459165267033334,0.00014712255779758654,0.09987161400815803,0.00828915298122772,-0.0029212109967966917,-0.01314615152641113,-0.0003814926523249148
0.9231587,0.9655172,0.24222633,0.2373818,0.2373818,0.88,0.88,0.6528615,0.55733466,0.41621378,0.41621378,1.0,1.0,0.45189297,0.48824054,0.60439545,0.6235708,0.002658228329242226,0.00728719876076033,0.009802912946888122,-0.005456104314845305,-0.01494744085443726,-0.0009156426772013028,-0.00116462617767294,0.004016594581238634,0.008924032326023656,0.013178420760288143,0.0007109937020561477,0.00030277811848494307,0.09026322542207038,0.018508508004140764,0.001096354743585446,-0.007866641859843235,0.0019372597311793397
0.90690005,0.9816195,0.4828806,0.94,0.47322297,0.8986786,0.88,0.7569585,0.86489326,0.93697226,1.0,1.0,0.7012648,0.8043412,0.71324056,0.60984993,0.80245966,0.004913432351713004,0.005668409015242484,-1.0020967444339216e-06,0.0033485793486709024,-0.0028749721163336844,-0.000706423444769457,-0.0015524985547002755,0.012219575572454549,-0.002916137845068827,-0.00016372770207431206,-0.00014720388261761628,4.970364133494734e-05,0.027127947996260816,0.012136431039778241,-0.0033030865604576367,-0.00449062792717955,0.005839588492519005
0.9231587,0.9655172,0.23487106,0.23017363,0.23017363,0.88,0.88,0.48960695,0.42560017,1.0,1.0,1.0,0.3450812,0.3450812,0.46949053,0.72803175,0.5680152,0.0022097566275226595,0.002273705120096868,0.009541297466665474,0.002903373568105545,-0.00617686820005082,-0.0009017654707954961,-0.0001610264707309958,-0.0015684713774784637,-0.006587518211528548,-0.005315557678399467,5.349273648295155e-05,-0.00036351354144409874,-0.054126288459363806,-0.017645644122383952,0.002315701491740552,-0.008699471176940124,-0.0018901953927466502
0.9231587,0.9655172,0.27196795,0.26652858,0.26652858,0.88,0.88,0.6089584,0.7196436,0.93697226,1.0,1.0,0.75102365,0.6213346,0.4057405,0.6134863,0.56245965,0.005506763484523649,0.004695542939171701,0.006514326539176729,-0.0049892010762832475,-0.007240146910413648,-0.0007949874053729904,-0.0019706601605323885,0.0015312484045878118,0.0058785034771942045,-0.0005113976752722187,0.00014537802801727444,0.0006712638457914996,0.04547455691316908,0.018782064581656835,0.0021489598092374975,-0.005809326867081534,-0.00020219024644206496
0.5711193,0.7449196,0.7304754,0.94,0.94,0.8091359,0.71241957,0.34855852,0.32803017,0.93697226,1.0,1.0,0.9501879,0.26660174,0.38699055,0.271668,0.55134845,-0.006067635895782617,-0.0006313576657020675,-0.0033403251765109572,0.003470682779106451,0.009234211981327255,0.0007547447217900754,0.0006994063169150821,-0.002893827899127831,-0.006640634958482194,-0.002086044255056584,-6.038582241284868e-05,-0.00026230915099607454,0.10179588985301749,-0.013953932281068388,0.005208027941633015,0.014726428272148791,-0.0010845749477201034
0.9231587,0.9655172,0.0840901,0.082408294,0.082408294,0.88,0.88,0.38135856,0.37133446,0.9169722,1.0,1.0,0.301082,0.98878,0.6794905,0.32984984,0.2902373,0.009138594651093613,0.00128284567266486,0.005086870695277905,-0.023542179549341572,-0.011080054811804584,-0.001060640285352456,-0.0019530876302768035,-0.006853358602648486,0.010882782852176405,-0.00048418562275817477,-0.0008457428569999909,0.00014316892577774507,-0.03759288517707904,-0.014402263197626048,-0.008149846104681287,0.003865704656766235,-0.019574471347778108
0.6752568,0.6517021,0.90088284,0.9476599,0.9742972,0.88,0.88,0.5284069,0.45377678,1.0,1.0,1.0,0.36792713,0.36792713,0.73324054,0.5343954,0.60468185,-0.001212032476472077,-0.0010276610787092186,-0.002930994805564351,0.0029347480633892887,0.005757824001126692,-0.0014507633167310922,-0.00037184351664542426,-0.001385240872693118,-0.0026654952829860854,-0.004836234269457494,-0.0005046312138282583,-0.0011432495685686798,-0.05298089625319351,-0.014893386948737606,-0.007946146589789004,-0.00310542242593253,-0.0022515551696767376
0.7406414,0.8163323,0.846755,0.94,0.96514356,0.6885826,0.88,0.439207,0.37593403,1.0,1.0,1.0,0.3048114,0.3048114,0.3644905,0.63439536,0.6746819,-5.720833402544073e-05,5.193964518061036e-05,-0.003116912575158026,-0.00036903614283542355,0.005929424809163181,0.0047758496163888275,0.0003036204750144774,-0.0019936075966106954,-0.0075451893655608835,-0.003919363470620346,-0.00083863874495449,-0.0008734744580765341,-0.05468653450581014,-0.024080041670556728,0.0055736699469596755,-0.006445531070976511,-0.0031571062815232954
0.8048607,0.2582032,0.9253455,0.9068386,0.94,0.88,0.38454586,0.5837584,0.4649227,0.9169722,1.0,1.0,0.9280214,0.43395618,0.6982406,0.30348623,0.82801515,0.0007758334125516969,-0.011783550909891593,-0.007090360761576372,0.00203156136707364,0.010781426211032553,-0.0013116709724846,0.010459549413204655,0.0006267782148990659,0.002376374901058615,-0.0009044141331920562,-0.0009173350633519306,-0.0006976739009830796,0.08886790375447876,-0.003497961177909057,-0.006884497991447374,0.013775035339527522,-0.00880159526646905
0.92286736,0.7561357,0.67148685,0.94,0.65805715,0.6371174,0.88,0.68000686,0.5853533,1.0,1.0,1.0,0.4746108,0.4746108,0.6707405,0.84712267,0.6713486,0.0028682075635701253,-0.0005734148065839593,-0.001554523424420064,0.0010417399199325337,-0.00038673498235017144,0.007243823925037776,-1.3586769744517446e-05,0.0052050247215490505,0.006649243392934291,-0.004090756847807507,-0.0008004795977829198,-0.00046321966297419693,-0.021499468470553708,-0.0044789819149556155,-0.0053397839311037235,-0.018914678349882537,-0.005098307955080447
0.9231587,0.9655172,0.3490298,0.3420492,0.3420492,0.88,0.88,0.7061585,0.70061535,0.9169722,1.0,1.0,0.8473121,0.5895202,0.58699054,0.70257723,0.6802374,0.005492054898171827,0.004780762683219721,0.005134575818758237,-0.004249199484179674,-0.007054793521800709,-0.0008216465474734227,-0.0012651959765461961,0.003853880507950374,0.009193853525934338,0.0003839302220199081,0.00026678634782193426,0.0007901898828743983,0.058978951650143836,0.02099688246394853,-0.0014949544205490487,-0.00977546366997592,0.0021364884427297194
0.52939427,0.6583782,0.84689593,0.829958,0.9049155,0.88,0.88,0.2816069,0.25186276,1.0,1.0,1.0,0.20421304,0.20421304,0.1982404,0.49621347,0.5146818,-0.003683842786134972,-0.0010035059180039697,-0.003238184568960001,3.01143673597267e-05,0.002644729490040231,-0.000584876149970931,-3.8189218484209426e-05,-0.0004540686101849465,-0.008742416343919113,-0.003360081250327293,-0.0002475616726686725,-4.975837234113257e-05,-0.05326127960487215,-0.021571779999044836,0.011486495158054843,-0.0006446817577757233,-6.907423217125734e-05
0.8418067,0.5969735,0.5004746,0.94,0.49046507,0.45248923,0.88,0.5557584,0.5582002,0.9169722,1.0,1.0,0.86579114,0.51015544,0.54574054,0.490759,0.75245965,0.0011599529306429322,-0.00791932028905259,0.001401428470434128,-0.0014403387659864856,-0.007386101183936284,0.005372019183802857,-0.0019764202390153544,-9.464592737007927e-05,0.008007016624557769,7.79440344816169e-05,8.3837924154323e-06,-0.00030075833829550753,0.07117960455749918,0.016356422671034508,-0.0007638726677444417,0.0003099518531866248,-0.0027340195213511388
0.7021799,0.8238199,0.73950064,0.94,0.94,0.71563107,0.7081618,0.5653584,0.7218832,0.9169722,1.0,1.0,0.7215795,0.64805514,0.5307405,0.610759,0.49579293,-0.002514912869727717,0.0013026787913214815,-0.00270623020431179,0.002213435080446324,0.005428048763381008,0.001429871459789954,0.004275060488640202,0.002227829879713511,-0.0006819578867594712,0.00026210526503598063,0.00041908812514846133,-8.212637980256732e-05,0.03288846792058821,0.007601306889317784,-0.0005737316576964576,-0.009017996303423488,-0.0013515627163858607
0.74034995,0.36392403,0.74789774,0.7329398,0.94,0.88,0.88044995,0.5417584,0.7764657,0.9169722,1.0,1.0,0.6295668,0.68629277,0.53574055,0.5043953,0.4035707,-0.0022327252150053252,-0.0037884230897448357,-0.001999242468875773,0.0009251122461299382,0.0034287823570101324,-0.0001848763366625493,-0.002285918801711242,-0.00012543040011528725,-0.0018759800519064509,-0.0009687559203035335,0.00021686828130132674,0.0005733182827350314,0.011268405920464767,0.007080432821003251,-0.00015481467497576725,-0.0006185926315829662,-0.0052661546460885215
0.78382313,0.8000316,0.71538633,0.96814126,0.7146003,0.88,0.88,0.445607,0.38238695,1.0,1.0,1.0,0.31004348,0.31004348,0.43449056,0.4816681,0.73468184,0.0005880088041703979,-0.00018107620191384717,-0.0014699316102792786,0.002004103684606699,-0.00020928025914414297,-0.0011355367562904388,-0.0005499547183884724,-0.0017810041217148833,-0.008158051871177985,-0.0043427523118386956,-0.0009514892751776474,-0.00044148789034740177,-0.06125435150398602,-0.021793989546662465,0.002721834791806289,0.0010104954315878904,-0.004423163278810955
0.77525675,0.6517021,0.8648059,0.94,0.99229723,0.5159744,0.88,0.50680697,0.4364727,1.0,1.0,1.0,0.3538968,0.3538968,0.48199052,0.7025772,0.5835708,0.000873166519517795,-0.0006412417489365357,-0.0024966513009322443,0.00031288165487429085,0.005452078906259808,0.010700440115939392,4.98805761817055e-05,-0.0012442082653450867,-0.0031229002471068884,-0.004403331681138207,-0.001424526101690361,-0.001088289864609232,-0.047786317092953626,-0.018082964035020195,0.0007652412198059003,-0.009699823097535497,-0.0008978588015912392
0.87199336,0.76509607,0.71524674,0.9742972,0.6863146,0.88,0.88,0.52135843,0.7923486,0.93697226,1.0,1.0,0.7036397,0.61761266,0.40324056,0.5580318,0.4502374,0.0027919937111900374,-0.0021860521894138413,-0.0023398848894647887,0.006764648817427663,0.0006113991948794201,-0.00010578033881561999,-0.0013358039261099402,-0.0009507973921351263,-0.004151740742355648,-0.0008737774337117174,2.5332710567938928e-05,-0.00012281624086371283,0.022642026564628378,0.012001966896682238,0.0018478150099873938,-0.0036026536748418546,-0.003165370483825516
0.8947789,0.90442747,0.75072765,0.94,0.96814126,0.98459446,0.88,0.67246157,0.578629,0.5246136,1.0,0.5246136,0.46915865,1.0,0.5807405,0.6962136,0.5635708,0.0057053433598038,0.0006126073045733661,-0.002650296540874294,0.006173588886773825,0.003425238368148293,-0.003831207462800627,-0.0006307056429458427,0.008778238275541693,0.003365480020819645,0.008348898905505569,0.0003271778583031874,0.006610529321949491,-0.013650867953183385,0.004330742047172464,-0.0011207692223831006,-0.009258378598176334,0.0005870793472116825
0.8453616,0.8000316,0.56358635,0.94,0.5974611,0.6880367,0.88,0.33720696,0.2990305,1.0,1.0,1.0,0.24245718,0.24245718,0.46949053,0.34348628,0.615793,0.0008422061423034034,-0.000541697218594353,-0.0009104654456706262,0.001774386843447488,-0.0009976684353723358,0.002912904715221031,-0.0003329104355353545,-0.0020676001977563683,-0.009338821034666956,-0.003962702802006934,-0.0005565144275369699,-0.0005658018194101963,-0.05771945022415349,-0.025140030323250403,0.0020111634685795673,0.008074111790122442,-0.0019674748029754226
0.60987216,0.68910867,0.59757316,0.9742972,0.94,0.88,0.94859445,0.34935844,0.54763067,0.9169722,1.0,1.0,0.6952625,0.49973732,0.24074054,0.30530444,0.3746818,-0.005751140600386831,-0.0039018138537253934,-0.001111191222435873,0.0031980683670228055,0.01091906844303594,-0.0005716201684477254,-0.004936797424186791,-0.006255004394441336,0.006669366565319652,0.00023215667970572827,0.0001883322818057599,0.00019069099105530743,0.024454911324182742,0.0174058216761086,0.0050507778291497595,0.010832647302452834,-0.004496571764816943
0.7678558,0.6860161,0.757393,0.9363606,0.77620715,0.88,0.88,0.31160697,0.27734047,1.0,1.0,1.0,0.22487064,0.22487064,0.31449044,0.4916681,0.5391263,-0.0003002773428219317,-0.0003711725895217592,-0.0027748382538486495,0.0013043102624965305,0.0008419985644459723,-0.00035102510332044707,0.00024346004145567576,-0.00041144132261981646,-0.0117485914023702,-0.004174027011266368,-0.0009888877005029308,-0.00016008383751309196,-0.06228135953493501,-0.025278416790336246,0.007655406530921801,-0.00030998970697854113,-0.000197606852627212
0.656026,0.60041946,0.7815125,0.94,0.82974553,0.7275613,0.88,0.3817585,0.6404872,0.9169722,1.0,1.0,0.51931393,0.6850374,0.10074043,0.53075904,0.44579294,-0.005075192394153907,-0.002076540242574176,-0.00164158543720845,0.004087421818421627,-0.00032792064580622457,0.0003738890834663377,-0.0015475176421137283,-0.005534438033215481,0.0009669421754683973,-0.0009517191369961726,8.121277205904421e-05,0.00011461786740643218,-0.006281624191662807,0.008653772793462798,0.00989604011583006,-0.0020234868686326343,-0.0004587116342680319
0.6900587,0.523739,0.93331337,0.94,0.9742972,0.36753723,0.88,0.34415847,0.3047762,0.9169722,1.0,0.9169722,0.24711584,1.0,0.2607404,0.44530442,0.4824596,-0.0023919353933348183,-0.00396742639555957,-0.0017718890889947179,0.005647733075969508,0.0040294662973048515,0.009678902535611007,-0.0014916191914912027,-0.007940129400657477,0.011742104850680203,-0.0002954483957043955,-0.00014795666877674278,0.0007759297854389619,-0.04347831035402553,0.020142677610302577,0.004734475269748894,0.0015097681905429153,-0.0003830672380674345
0.829977,0.5995237,0.43214905,0.94,0.42350608,0.45544752,0.88,0.60695845,0.7903657,0.9169722,1.0,1.0,0.7759272,0.5680248,0.58449054,0.7516681,0.28801516,0.001461696747155218,-0.004384110786409617,0.0014216853434939603,0.004529770340390941,-0.0021623436349976336,0.003263893564113153,-0.0019302543250457227,0.004572970293728611,-0.008685527636547992,-0.0001261343178782299,0.0003760582836469493,-0.00022828914125926393,0.030766458349332067,0.0076379897080567785,-0.0006642689383751016,-0.010545289086416823,-0.006654972699239332
0.6450702,0.79244673,0.754594,0.94,0.7813604,0.6792382,0.88,0.3520069,0.3092078,1.0,1.0,1.0,0.25070903,0.25070903,0.32449055,0.3589408,0.6746819,-0.001463085448691548,-6.387110932534832e-05,-0.0025623078795432336,0.0005730056398105585,0.0010314978011895383,0.0030945637865473796,-0.0004118913244768301,-0.0020247435942488162,-0.00737835759172067,-0.0031838382189318453,-0.00030320001627750614,-0.000634228128098174,-0.048982994506279715,-0.02323967585940279,0.005900590024482759,0.005450512292157769,-0.0026764038993082606
0.8829491,0.60060406,0.78137165,0.94,0.8902408,0.94859445,0.88,0.43415847,0.40836176,0.93697226,1.0,1.0,0.98878,0.30960745,0.05074036,0.78803176,0.30801508,0.002880460044307557,-0.004770196506616701,-0.004872055496956527,0.0019173862696016267,0.005082183879584023,-0.0023516798468567798,-0.0005152769852772475,-0.002203492489687637,0.007586146086179829,-0.00040134486334734217,0.0006655135884273361,1.2556990826720834e-05,0.09174418311864656,0.010491744629658694,0.010408341323947821,-0.02019454656053127,0.002467410801740231
0.8027625,0.68955535,0.7214484,0.81928974,0.9742972,0.88,0.88,0.3648069,0.314803,1.0,1.0,1.0,0.2552457,0.2552457,0.5657405,0.30712268,0.6702374,0.000561429837479047,-0.0009399832405324973,-0.002637456352449792,-0.0003848543274550026,0.007092180798810695,-0.0009299828566267352,-0.0003505819651785329,-0.0009558832450725046,-0.009010109073424206,-0.004375443751895794,-0.0010723762875549363,-0.0002809389048493051,-0.058499316171156196,-0.023227358535650455,-0.0019312856575544192,0.010070132524439829,-0.0016943301465353262
0.77583945,0.7337688,0.797397,0.94,0.94,0.98459446,0.6441137,0.29430985,0.26245537,0.6584483,1.0,0.6584483,0.21280165,1.0,0.3169905,0.2362135,0.54468185,-0.0006696700148044138,0.00040308566993559725,-0.0024037571980031233,0.007174697555949199,0.004154563557755002,-0.003915402811453081,0.005824935309131913,-0.008437513481373284,0.0051266495560188296,0.012131880720760064,-3.510147387702216e-05,0.0026739452580213387,-0.056903230039312955,0.02675027643147898,0.006339714881361119,0.016838692625763575,0.0003502665691073479
0.24833377,0.57589054,0.94917023,0.9476599,0.909952,0.88,0.88,0.26230994,0.23468813,0.6756142,0.6756142,1.0,1.0,0.19028768,0.46949047,0.34803164,0.25912625,-0.016867176949926205,-0.00537167202311595,-0.01149895510006802,0.0021824177066374116,0.009679203068388398,-0.0014459191438185215,-8.211450883756702e-06,-0.004840572888872161,-0.004866830743429577,0.008354048107553603,0.008522618362903404,-0.0001696883484727461,0.10290240823603465,-0.010890640974015741,0.0021884528757510164,0.012218573341254068,0.004778690357453571
0.8832404,0.82983136,0.9511276,0.93210506,0.915161,0.88,0.88,0.456007,0.39384696,1.0,1.0,1.0,0.31933537,0.31933537,0.71324056,0.4680317,0.53245956,0.002844036750235448,-0.00010903593571915972,-0.00315485361982251,0.0013794862344499296,0.004191785083123704,-0.0006520666188173389,-0.0002879476090029282,-0.002360408404143222,-0.005522276386341019,-0.0044655723091511414,-0.0007784531280827961,-0.001225465095004582,-0.05920882617857095,-0.018914818260074955,-0.0069144528619708955,0.0004562788163023369,-0.0005337891387393018
0.87199324,0.70681417,0.8087175,0.85661787,0.8812402,0.88,0.88,0.57071,0.4938881,0.7253458,0.7253458,1.0,1.0,0.4004498,0.41449058,0.61712265,0.7735708,0.0020677887206327922,-0.0017505177547811903,-0.004496149118909897,0.0021899985863910697,0.00712725448627544,-0.0009082251947449035,-0.000981197955056569,0.0007460608664993682,0.006443869536410118,0.0062210304225883304,0.0032710479243404987,7.445587318964067e-05,0.0968854850387517,0.010864966496332253,0.0023044010848941427,-0.00955908883135328,0.0003556279875371614
0.4397673,0.3752249,0.8793797,0.94,0.94,0.8199039,0.19526088,0.25575843,0.29099548,0.9169722,1.0,1.0,0.8260841,0.310127,0.30324054,0.1498498,0.44579294,-0.01258881999295528,-0.004492537334891364,-0.006968715644935995,0.003155530535621622,0.008224311077622126,0.0005048735990871671,0.0054098989529494665,-0.0024516500737551176,-0.012261946846634389,-0.0007362265609755528,-0.0007645328438991439,-0.0001599123157116375,0.05836897961838563,-0.017297911464723655,0.007965982427152853,0.025614561659039907,0.0032662861893259596
0.90690005,0.9763592,0.5348876,0.99229723,0.46577093,0.88,0.88,0.6647099,0.5570041,0.6756142,0.6756142,1.0,1.0,0.45162493,0.7119905,0.5580317,0.6846819,0.002200924310840672,0.006848000725090393,0.0002984563717013735,-0.00034143427131050905,-0.007490229052811743,-0.0004551107659486414,-0.0008302896746514779,0.004349822350584785,0.0080147539083633,0.006336054497029076,0.004593913624605725,1.3549783987536202e-06,0.0823878081170031,0.010867796667879775,-0.005893103915832392,-0.004056698624731114,-0.0010987940062045388
0.72554815,0.71275836,0.857474,0.94,0.87324166,0.6792382,0.88,0.53630996,0.46110064,0.63139063,1.0,0.63139063,0.3738654,1.0,0.33574045,0.62257713,0.5735707,-0.0017761507016352707,-0.0002497555050074514,-0.0024077417740973137,0.005181356932462763,0.002032277953433581,0.004360211033849762,-0.001723538742728681,0.0010830083048902223,0.006132384533223159,0.009967080141298452,0.00011375396702226749,0.005597185347997038,-0.023892976871297024,0.01452440383782223,0.002819589273694354,-0.00599348679570971,0.0018799383092977459
0.08265779,0.4887467,0.8894457,0.91754854,0.94,0.88,0.3269462,0.32015845,0.6826393,0.9169722,1.0,1.0,0.5534913,0.63062817,0.32074058,0.50166804,0.22245958,-0.03299988371428579,0.002046745154220709,-0.004337803225831663,0.005805216958173728,0.003070061966863362,-0.0006512589007672048,0.025725877591339916,-0.0063891999633354435,0.0025184823108317677,0.00020921820172952306,7.055995637939609e-05,0.0005935718115404129,0.002088564135087853,0.011385696373234746,0.008226522687178118,-0.000976675534766905,-0.015423529855197977
0.9231587,0.9655172,0.1555458,0.15243489,0.15243489,0.88,0.88,0.3856069,0.33940378,1.0,1.0,1.0,0.27519223,0.27519223,0.4894905,0.3934862,0.73468184,0.002331915105270601,0.0019109068097104146,0.01089557871907151,0.0010076623395857364,-0.008177461325207348,-0.0006427918350694543,-0.00017536106946746617,-0.0013915988139642857,-0.008454354006027091,-0.00519832543895545,-0.00030184549545163807,-1.1744674787625941e-05,-0.056487515736191075,-0.018029847027795375,0.0010434337922036853,0.0035894677241196772,-0.0045658134556172455
0.8521799,0.7163369,0.8615217,0.94022495,0.9420575,0.88,0.88,0.6033584,0.60701317,0.93697226,1.0,1.0,0.49217284,0.8763037,0.5544905,0.58530444,0.49912623,0.003332675456818031,-0.0009309148349868751,-0.004093485517541254,0.004687359045943066,0.0032422834860603923,-0.0011740999082250493,-0.0018521948090322712,0.004163312929396307,0.0048714265482394025,-0.0004875572512288921,0.0002834929476522448,-0.00031678557410313584,-0.009938529460790652,0.012047658768934244,-0.0006031649472025567,-0.004763219243816295,-0.001690154454860089
0.8412241,0.82385707,0.68808764,0.81901574,0.94,0.88,0.71567416,0.6365585,0.60478836,0.93697226,1.0,1.0,0.49036893,0.87721175,0.52449054,0.64984995,0.5391263,0.0018315372855324012,-0.00047692295587926085,-0.0019019521341722123,0.0011803384159926745,0.0011636930941597654,-0.00047482839523572593,0.0021589546508440456,0.005532712755336357,0.004648034689084397,-0.00039317919138291723,0.00034323755722440814,-0.0005896839232215101,-0.006379062965723973,0.012040337717411878,-0.00021145592080907104,-0.007749126144204246,-9.787785239555987e-05
0.72082794,0.66354823,0.92299783,0.94,0.9363606,0.52971596,0.88,0.6028069,0.5118952,1.0,1.0,1.0,0.41505018,0.41505018,0.7269905,0.6198499,0.7291263,-0.0013133689405760284,-0.0012154972980515108,-0.0029470355123416853,-0.0005078428283341715,0.004876580159374723,0.013570994776705408,-0.00016115128055452544,0.0015440744303094026,3.6669226278079476e-05,-0.003973878462506735,-0.0009057300498590221,-1.862592388750861e-05,-0.04525364039570373,-0.010623720918923505,-0.005696540158248489,-0.0063678677606429646,-0.0046757938265575925
0.90690005,0.9763592,0.32025927,0.99229723,0.17662375,0.88,0.88,0.5321584,0.725525,0.9169722,1.0,1.0,0.83997273,0.469519,0.8232405,0.36621353,0.26023737,0.005583703035562595,0.004569581940365,0.0068770647577392156,0.005335575418865773,-0.014177739515865841,-0.0005018224680607943,-0.002121577408275,-0.00015117094021814228,0.002172465743712388,0.0008135819815562788,-6.6137005396832424e-06,0.0001322168210612143,0.051136260043656595,0.017955475912010285,-0.00929053459940839,0.006263633460526508,-0.009168270567192773
0.032657824,0.48557875,0.8248791,0.94,0.878108,0.32327133,0.88,0.27310988,0.24545649,0.93697226,0.93697226,0.93697226,1.0,1.0,0.42699057,0.28621352,0.40801513,-0.018674581577828323,-0.01038534549419563,-0.006158350052531451,0.0038312980952986036,0.00826843134763709,0.006646514898957001,-0.002904943498271807,-0.005505326739397014,0.01412046482648424,7.554059051835434e-06,0.0008213934317279612,-0.00037629385118694426,0.08093521510137368,-0.013721696515798265,0.0011829715288583613,0.010894682509167742,-0.004841223542465739
0.6447789,0.7340104,0.82805187,0.81149083,0.99229723,0.88,0.88,0.54335845,0.7438533,0.93697226,1.0,1.0,0.60312426,0.731465,0.45074058,0.60075897,0.5235707,-0.005202867534508502,-0.000660408868443469,-0.0038070138642855664,0.00037873037518212747,0.00474416550954042,-0.00033350333860235353,-0.002594634743737845,0.0010191613598896474,-0.0030041699152987796,-0.0004227145127791115,0.0003607292442258851,-0.00024266594935850938,0.011114093644073286,0.004687765799744556,0.0009448372384981895,-0.006743491622408166,-0.0009029436847864115
0.4397673,0.3752249,0.8793797,0.94,0.94,0.8199039,0.19526088,0.28615838,0.43104076,0.9169722,1.0,1.0,0.34949252,0.8098609,0.16824055,0.1498498,0.5313485,-0.012854966852468876,-0.0008720167101337998,-0.003669785206560278,0.0030813415985485753,0.006454996896844947,0.00012450576614745002,0.023454029546486236,-0.005641612893294876,0.004509987182109219,-0.001590403689441308,-0.00023659139884939839,-4.177974595192397e-06,-0.04047942991224563,0.01919172661596996,0.007362157793970607,0.02381971449706972,-0.00017977593785878794
0.9101635,0.9268078,0.8894457,0.9742972,0.96514356,0.88,0.88,0.44255844,0.66541153,0.9169722,1.0,1.0,0.5395229,0.78556705,0.4344905,0.31166795,0.8280152,0.004656437463887956,0.0036088751701391286,-0.0042814554439007755,0.002659228265246092,0.0073501271845292735,-0.00041148951668846384,-0.00173891888070278,-0.0035479727523399164,0.006020095228101363,0.00046443544618128075,-0.00012775067937900855,-0.0002841593664102863,0.005636910951240652,0.0150927815051068,0.0011527783728011872,0.010183273640168964,0.004907530280780365
0.9231587,0.9655172,0.18377309,0.18009762,0.18009762,0.88,0.88,0.52535844,0.6383788,0.93697226,1.0,1.0,0.8853825,0.4253361,0.74074054,0.4434862,0.40912628,0.006939540624796125,0.004093970772695958,0.009218982974985966,-0.014039876392992463,-0.018862638606942355,-0.0020917315698283766,-0.0009992602524344087,-0.0014095269071808458,0.009332771275250312,0.00013147885217052195,-4.407916801029262e-05,0.0006559016866754258,0.06911211888759725,0.02494462151517599,-0.008885965808692936,0.002045672685808759,-0.008227661824061849
0.71814716,0.7692748,0.74055374,0.7257427,0.94,0.88,0.6523588,0.5185585,0.669013,0.93697226,1.0,1.0,0.81721306,0.46704566,0.56449056,0.41257718,0.3146818,-0.0021447505340820524,-0.0002235117785804971,-0.003669616903771847,0.0005414061724872977,0.006417497371632759,-0.0004310146562869454,0.007004725642221547,-0.0007109069304275842,0.006703211973772629,0.00048761109810583833,0.00016174075038782377,0.00015998787217810589,0.06667001120087593,0.025297492085133166,-0.0010590862659002262,0.0050426059556654464,-0.006970856897550743
0.9231587,0.9655172,0.25737986,0.25223225,0.25223225,0.88,0.88,0.54895854,0.47540906,0.9169722,1.0,0.9169722,0.3854668,1.0,0.61824054,0.5680317,0.6380153,0.006800984631461019,0.0016033377628323882,0.0030787531101871286,-0.013807897435415177,-0.0022133725936346756,-0.0009718999422694071,-0.0005925371152554086,-0.0002042671876241966,0.006697474827531216,-0.0008768302173376017,-0.0012845145155982772,-6.17516902829848e-05,-0.03335762371506567,0.007638698662058121,-0.003923277845055779,-0.002090221135521787,0.004078927535346336
0.5249654,0.37273678,0.93101233,0.9123921,0.90392154,0.88,0.88,0.7168614,0.61088026,0.5246136,1.0,0.5246136,0.49530828,1.0,0.82324046,0.65166813,0.475793,-0.015550945261163929,-0.0018620234375681735,-0.00041726067862128143,0.00537824526056376,0.0017894496375622496,-0.0014943501172980838,-0.0035358365985371384,0.00896681314215407,0.0010215645148117832,0.012875036858278845,-9.670717167258374e-06,-0.0005648963092463576,-0.002719047115553169,0.004267015942267934,-0.00734430089680052,-0.005223749876839434,-0.0029774006470413093
0.9231587,0.9655172,0.05962804,0.058435477,0.058435477,0.88,0.88,0.41375846,0.69047534,0.93697226,1.0,1.0,0.68821824,0.5507371,0.30949044,0.3880317,0.48912632,0.006601637450936477,0.0033717351903693026,0.009941401673120354,-0.014137530962978295,-0.014714193393835609,-0.0008299303749134397,-0.00214369783936752,-0.0044346348683710745,0.001804291546136076,-0.0008524993939640385,-4.126454888027577e-05,0.001137037336738994,0.02056447510423146,0.013425294494689242,0.007393721764406442,0.004067110695831278,-0.0034025184760086073
0.8373779,0.90331304,0.5097353,0.94,0.49954057,0.8078431,0.88,0.54440695,0.46680823,1.0,1.0,1.0,0.37849316,0.37849316,0.7269905,0.79803175,0.34801516,0.0019310417869575092,0.0006221718542797289,0.0005998569787034315,0.001387721888505595,-0.0014788421182624844,0.0008267756772572809,0.00022065164418654345,-0.000911533071083095,-0.0006260266465932481,-0.0030492593443809295,-0.0002625730268002885,-0.000463255833229958,-0.04721205705537005,-0.010392456741097306,-0.008409740429535508,-0.012073976528646519,0.0045467458296738015
0.24833377,0.57589054,0.94917023,0.9476599,0.909952,0.88,0.88,0.33295846,0.3867397,0.93697226,1.0,1.0,0.9280214,0.24927132,0.40699047,0.34803164,0.25912625,-0.022729588541150595,-0.0035222242180742575,-0.011466310754560685,0.0037663688251919924,0.010075131269207758,-0.001762826324310781,-0.0003317355065993688,-0.0037579934258798386,0.002330326339136211,-0.001628313461339338,-0.00035179960586097513,0.0002770034017004267,0.0887353893414657,-0.0001544784848965561,0.004898904884276275,0.00926150316320265,0.0018122796258294405
0.8027625,0.823821,0.77291715,0.99229723,0.80772734,0.88,0.88,0.3609584,0.31497604,0.9169722,1.0,0.9169722,0.25538597,1.0,0.40699047,0.38530445,0.5502374,0.0019641735923241524,-0.0007011624267663193,-0.0024549927118489743,0.007480531112470466,0.0008885337586464752,-0.0007861180515911617,-0.0024695962160248912,-0.008107856261151075,0.008324174062490615,-0.00020974150460191876,-0.00024044670490872436,0.0006217927703220979,-0.05432700174872,0.021149992517237037,0.0034340343785426216,0.005018177967094053,0.0005339519356606021
0.79862505,0.8341046,0.72174406,0.94,0.94184995,0.94859445,0.88,0.36655846,0.6865763,0.9169722,1.0,1.0,0.7364342,0.54194623,0.40574056,0.35894072,0.5569041,-0.00033771478309010174,0.001082038182323528,-0.003366849562985732,0.003626266125312164,0.008401190448052724,-0.001104543525909847,-0.0018284753802601627,-0.007135974342309777,0.004054355577054286,0.0003490422069985169,0.00033090579581607134,0.00026414860630401217,0.03816001373352526,0.01768758371739032,0.0024811391544777156,0.00900528074590057,-0.0005533276177566452
0.8530539,0.68607277,0.8064409,0.9742972,0.8696024,0.88,0.88,0.5385584,0.601264,0.9169722,1.0,1.0,0.79690194,0.5176462,0.4494905,0.46530437,0.5491263,0.002883403170421051,-0.0037841490925977052,-0.004849243015667123,0.002279025279729284,0.00588675920192276,-0.0008893110722046865,-0.0017321761830317761,7.565060945923414e-06,0.008185067997577115,0.0005903108795700615,0.0002256146759737246,-1.2063675149215636e-05,0.05528577583771316,0.01996986948984407,0.0012374986238348957,0.000685907967444306,0.00044688809652180384
0.9231587,0.9655172,0.2537661,0.24869077,0.24869077,0.88,0.88,0.57190984,0.4890892,0.6330234,0.6330234,1.0,1.0,0.39655882,0.64199054,0.5389408,0.6435707,0.0017375811995536381,0.004517929383770758,0.011670745152147029,-0.008697203998176344,-0.01356679914387115,-0.0019441801516499669,-0.0011579891556557323,0.0007074065897105661,0.006617186688661495,0.009412426586967955,0.0012771815572861995,0.00012472733074544136,0.09414328190654779,0.008296570660313064,-0.004879179759115515,-0.0035948536571486474,0.0005288065922630583
0.87199336,0.76509607,0.71524674,0.9742972,0.6863146,0.88,0.88,0.382007,0.33917043,1.0,1.0,1.0,0.27500305,0.27500305,0.40324056,0.5343954,0.4502374,0.0024368307263453876,-0.0005036814159392954,-0.0027419738409168426,0.0026656972313889487,-5.0391954164939855e-05,-0.0003584574335389484,-0.0001275178383223084,-0.002092405451439136,-0.008429447544305352,-0.004008101658795818,-0.0005280063279151648,-0.00017665319862985343,-0.06412868100435551,-0.021717945130347322,0.004688692388609137,-0.0023496177269530303,0.002094084303982412
0.9231587,0.9655172,0.065708406,0.064394236,0.064394236,0.88,0.88,0.28360704,0.25444582,1.0,1.0,1.0,0.20630741,0.20630741,0.3869906,0.41439533,0.43357074,0.0017016340593700504,0.0020492362822115777,0.012561851938566048,0.0021587595611594996,-0.006217834023150142,-0.00037442160886220425,7.164116608398265e-06,0.0005498294670379323,-0.011294468846300667,-0.0035015806756587805,0.0002391715931406567,-0.00014863552394432585,-0.05392869218662977,-0.01665146448096331,0.004067305612642962,0.0020626716561280233,0.0016173837664077088
0.15899818,0.36477852,0.85670185,0.94,0.94,0.2947134,0.1831431,0.21600693,0.19761091,1.0,1.0,1.0,0.16022506,0.16022506,0.2819904,0.4253044,0.3080152,-0.011352723076667062,-0.0030738541759189903,-0.002396167579877642,0.0010134961273902962,0.006200692032668631,0.013650476120484376,0.007223941556551897,-0.0005555641308057227,-0.010570998982719775,-0.0037991387554885737,-0.0010893517565319874,-0.0002468453163777942,-0.07115036723812299,-0.029623548508633156,0.007259635940343909,0.0036771262935392833,0.0040752416970000795
0.67881155,0.60129654,0.8984822,0.94,0.94,0.1057238,0.6596402,0.5941585,0.76042974,0.9169722,1.0,1.0,0.6165647,0.7426193,0.6294905,0.5516681,0.5057929,-0.0030921650880797067,-0.0042774472019571925,-2.631817132106586e-05,0.003486820064888364,0.0023446247694441174,0.010875279086081985,0.005030697846583785,0.005547262881741871,-0.0053225707395274805,6.70360936242595e-05,-0.00013630472792515767,-0.0001492820744563311,0.012150733757029549,0.005706994867271475,-0.0010944073358524643,-0.0032565950110187785,6.0761969655737624e-05
0.8793943,0.85539395,0.872072,0.99229723,0.84428704,0.88,0.88,0.2652069,0.2344571,1.0,1.0,1.0,0.19010036,0.19010036,0.37324047,0.37439528,0.48468176,0.002094705302425512,-1.8867371957637743e-05,-0.0035474612286029057,0.0028173318702076943,0.0011642037006118966,-0.0006176600016555116,-0.00012908798719596742,-0.0010686037776425912,-0.01406170625600666,-0.003294468566956003,-3.46529429671609e-05,-0.00021978941831937382,-0.0689817708035582,-0.028065989450559672,0.005271513196926603,0.006832291101413918,0.0013688035852525804
0.9231587,0.9655172,0.1127401,0.1104853,0.1104853,0.88,0.88,0.4389586,0.6481219,0.9169722,1.0,1.0,0.52550423,0.753268,0.52324057,0.4498499,0.45579296,0.008428669228920282,0.0018207980289128615,0.00588311765268169,-0.018012854862975887,-0.008566874311386953,-0.0011133906636732434,-0.0027658335386864215,-0.003162449544688256,-0.00012577790726308108,-2.436862724868285e-05,-0.00020269309222668854,0.0007030031120985914,-0.0011942411828765075,0.0016960421321904249,-0.0011329468975199127,0.0007290269002331581,-0.006527640828985099
0.756026,0.5716432,0.9669999,0.9476599,0.909952,0.88,0.88,0.3324069,0.29267308,1.0,1.0,1.0,0.23730251,0.23730251,0.57199055,0.31348628,0.58468187,0.00014308506716466336,-0.0004399745938910098,-0.0044508372506501335,0.0013761729853553118,0.0037737912857864152,-0.0005487907413762878,-0.00017744276287942506,-0.0016514844138752738,-0.011032081475766245,-0.003935510992343616,-0.00010962167671185658,-0.0001793028115056869,-0.06528976633488191,-0.025897618162506096,-0.0027105402869768073,0.00916906627625978,-0.0016918093717607698
0.15899818,0.36477852,0.85670185,0.94,0.94,0.2947134,0.1831431,0.2681584,0.24283138,0.93697226,1.0,0.93697226,0.19689031,1.0,0.2819904,0.4253044,0.22245958,-0.02676705107113366,0.0010847775165673818,-0.0007635245796620292,0.007014271868730082,0.002842933543577604,0.00873011952646329,0.025561614936999842,-0.007890362204312993,0.010703089036078332,-0.0007661952176277595,-0.00010380496070798662,0.0002569221058021623,-0.058048146559162156,0.01564877492565329,0.004876012818432545,0.0034893732827991552,-0.007670148087956054
0.7569,0.35455328,0.7734606,0.99229723,0.82974666,0.88,0.88,0.26695848,0.23986773,0.9169722,1.0,0.9169722,0.19448735,1.0,0.45199054,0.4062135,0.29690403,-0.0012851987026595705,0.0002824061041883482,-0.002343582431172724,0.009224122421056824,0.0030372713011465506,-0.0007886236472651914,-0.0017885964900098076,-0.009450848948622317,0.010531934048423862,-0.0006152934677004769,-9.695678091912818e-05,-0.00015254716160034883,-0.06221855516983452,0.014961372522696961,0.0032044225656174814,0.0039057812083612585,-0.005841946978161063
0.6098722,0.77204144,0.84304017,0.94,0.9083231,0.72358423,0.88,0.27150995,0.24205409,0.6330234,1.0,0.6330234,0.19626006,1.0,0.10074043,0.42894086,0.44912624,-0.008700197706173297,-0.0005446451205189378,-0.003502506529663032,0.008491895192723331,0.004357760114269553,0.004000279229318681,-0.0017840091239550349,-0.010247922727624788,0.011835623674431521,0.008385177408126053,-0.0001268544149373016,0.004089825824133277,-0.05766704453969314,0.016062317433663674,0.013767227761642272,0.002960405690788876,-0.0014638334023899593
0.89151543,0.9339215,0.13988893,0.94,0.13709114,0.8433489,0.88,0.235607,0.2152567,1.0,1.0,1.0,0.17453246,0.17453246,0.56074053,0.26257715,0.38912624,0.002405856585099325,0.000971831519893639,0.008940668507899558,0.0022909383489174103,-0.004608119558521759,-0.0004000033493644216,-0.0008057252052600479,0.0003707239409464147,-0.011645764453970078,-0.003033268460417398,-0.00021932378049015558,0.00035845575090310086,-0.0687849562220939,-0.022819329496125865,-0.002339261047504773,0.009625513302465433,0.004450041048839198
0.64005876,0.6008999,0.8446504,0.94,0.94,0.7078924,0.45704383,0.49375838,0.5946388,0.93697226,1.0,1.0,0.76806253,0.55491966,0.31449044,0.41257718,0.69023746,-0.003985180164008688,-0.0051875165746300515,-0.005359139981944127,0.001356880446264687,0.0077804526015672745,0.0023102118989847134,0.012809002545968853,-0.0011566908769628185,0.008632146844474702,-0.0007258518543696252,0.0003299697889133249,1.3876720515075824e-05,0.04396904210041058,0.019171632985045407,0.005024811750775794,0.00489175049181794,-0.000699759592181137
0.8453616,0.8000316,0.56358635,0.94,0.5974611,0.6880367,0.88,0.49575844,0.6862678,0.93697226,1.0,1.0,0.5564333,0.73239064,0.46949053,0.26712263,0.615793,0.002755888751023208,-0.00036165736801647275,-5.5149929866985e-05,0.0029960411758500126,-0.002335707546988859,0.002359137269656954,-0.0024184091868573636,-0.0015391856269678043,0.0016993229477067792,-0.0009191762142065598,-2.631874849369175e-05,-0.00011699318867690461,-0.0024090787809939295,0.0059501550627967395,0.0002608982728369004,0.009938820639148766,0.0015076447703540289
0.571702,0.85560083,0.76266897,0.9420575,0.9742972,0.88,0.88,0.4101584,0.6861931,0.93697226,1.0,1.0,0.5563728,0.7021889,0.45074052,0.4316681,0.3713485,-0.008493023817464012,0.00010023222265749563,-0.004090543693155152,0.00488743945721342,0.008235783156022148,-0.0016202187556981964,-0.002408187495418335,-0.004645309295166682,-0.0020948533428750736,-0.0003064573025700457,8.273065626564127e-05,-0.00046121873256986886,0.003472503506345442,0.004756878056659324,0.0010733999482815835,0.0029496266689601064,-0.0067967216254412
0.7876693,0.8000316,0.62474513,0.94,0.6772387,0.6880367,0.88,0.4509584,0.39367977,0.9169722,0.9169722,1.0,1.0,0.31919983,0.5032406,0.39166805,0.6546818,-0.00038722258886360507,0.00013822098820747176,-0.0017387462345645574,0.0007887641930827302,0.0014949899652179632,0.005154268187953646,-0.00021685215396355893,-0.0023359000074417487,-0.0004062610191969686,0.0004335621601035199,0.0021055903471448117,-0.00034535627662453215,0.12586749011976509,-0.00779422389620176,0.00039401275393530097,0.008189197622380264,-0.004846180162296716
0.79005873,0.015599197,0.89764494,0.94,0.99229723,0.8166729,0.88,0.5485584,0.81855386,0.9169722,1.0,1.0,0.66369236,0.6679194,0.60824054,0.5153045,0.4791263,0.001299914503652532,-0.003203618898749197,-0.0018510097978276909,0.003933051470068849,0.0038903224248671674,0.0002475831117110043,-0.003256943654212694,-0.00018766523177963796,9.53459529700293e-05,-5.787392071338861e-05,0.00012173441829258301,0.00043194476771972424,0.016899276182767965,0.01026019151988407,-0.00183785207519873,-0.0015820261396762537,-0.0013687526083631448
0.90690005,0.9763592,0.6264132,0.99229723,0.60746866,0.88,0.88,0.8963099,0.7559321,0.6756142,1.0,0.6756142,0.6129179,1.0,0.8907405,0.9071227,0.7469041,0.005282803715132538,0.0018542162475927943,-0.0008169072757388654,0.005140543003051726,-0.001802781337335814,-0.0010381071248406885,-0.0016079193127583554,0.024694553594136838,0.000668878064828278,0.004244606681216355,-2.276450109510657e-05,0.004464940802204967,0.012784039969250977,0.01621215624900053,-0.007852144965093942,-0.01769038047035926,0.006620930047358587
0.571702,0.85560083,0.76266897,0.9420575,0.9742972,0.88,0.88,0.2868068,0.25823256,1.0,1.0,1.0,0.20937775,0.20937775,0.45074052,0.45984986,0.3713485,-0.0023420785279821632,0.0006354938862618751,-0.0032255852973543547,0.0008503960538740846,0.005289462402895058,-0.0008686315008099249,7.240434307969071e-05,-0.0007659297013851862,-0.012280558931123333,-0.0037646902727980517,-5.581152081042963e-05,-0.0008732914463271432,-0.06452076421956934,-0.027107613664853168,0.0014733652800886518,0.0011415328921552022,0.004209121603803703
0.81016356,0.79845303,0.9191001,0.9007181,0.89401305,0.88,0.88,0.59975845,0.7800653,0.93697226,1.0,1.0,0.6324854,0.73164874,0.56074053,0.7280318,0.36579302,0.002625732158935942,-1.5351456778843197e-05,-0.002392922891912348,0.002840767233559795,0.0006670416997811906,-0.0006378577302105815,-0.002417927910284193,0.00490900361034026,-0.002678058562974038,-5.6082692425998574e-05,8.095676915171324e-06,-0.00047965342302855096,0.013618097904478241,0.007492341171419666,-0.0011648714341402433,-0.010973621246202825,-0.006124772331108387
0.7959442,0.630085,0.60966146,0.74365777,0.74581176,0.88,0.88,0.37240693,0.32056326,1.0,1.0,1.0,0.25991616,0.25991616,0.3644904,0.45439538,0.7091263,-2.0065704341911543e-06,-0.0012033036787712926,-0.0013589867521098737,-0.00043674722422414644,0.001378137373283235,-0.0006372568207216807,-0.00017918305749323098,-0.0007482408910559784,-0.01026214688288993,-0.004282032496578039,-4.46676385230519e-05,-0.00010039958605992772,-0.06177666458464125,-0.023038876903958446,0.00540999248218156,0.002284467204157605,-0.004260265462401951
0.59064144,0.59923846,0.8286161,0.8120438,0.94,0.88,0.45511663,0.1885585,0.43378082,0.93697226,1.0,1.0,0.35171416,0.74872994,0.19699049,0.13712259,0.22245958,-0.009579456267918623,-8.969307562538831e-05,-0.005725803591313303,0.0027791406603091236,0.007425301654476043,-0.0007985167996585954,0.016845398699559005,-0.007088664496341792,0.007041729307303349,-0.0012396294835879597,0.0001870286963429976,0.0002829737995041054,-0.042186095202305686,0.01007167886760213,0.010930553070893705,0.024142709954821186,-0.011654659983171589
0.9231587,0.9655172,0.15943937,0.15625058,0.15625058,0.88,0.88,0.39000687,0.3435969,1.0,1.0,1.0,0.27859208,0.27859208,0.6182405,0.21984984,0.7369041,0.002330272089582636,0.0011777536840405151,0.009000433278691692,-0.00020401828871288616,-0.008355495364719611,-0.0008579650878776559,-0.0002877780240687364,-0.001005331831885646,-0.0104471042458974,-0.005657701236186355,-0.00016898811153263804,-0.00021077810471811898,-0.05883043266318064,-0.02134909616984562,-0.0022547352839953007,0.012359057474430796,-0.003166702039836039
0.84891635,0.6338731,0.5517458,0.9742972,0.6140398,0.88,0.88,0.6861584,0.73965913,0.93697226,1.0,1.0,0.59972364,0.8305963,0.5107405,0.7516681,0.6535708,0.0029416097044131697,-0.003920298096257141,-0.0008014696079353189,0.003496715920109117,-0.0014793255469235296,-0.0004069827589115127,-0.001209683919223514,0.007791068191950345,-0.0006490678200413797,-0.00046138054342991696,-1.4093887892188406e-05,-0.00032659004465574295,0.0068346893540724655,0.014443209523267959,-0.00018798648203537555,-0.008463343708600564,0.0007756486957802454
0.85247123,0.73816216,0.75277126,0.94,0.6935538,0.7661498,0.88,0.5796614,0.49653265,0.4539741,1.0,0.4539741,0.40259403,1.0,0.61949056,0.55439544,0.40134844,0.005038005132032694,-0.00074339103166745,-0.0022055159099594593,0.006525278198181105,0.0004243393134771254,0.00219771997586863,-0.0013059791341029578,0.0034527927442008196,0.007072433075817858,0.013165508956298507,-0.00019665250552865644,0.005762888016297061,-0.017476034558023254,0.00953334675270545,-0.0030491383786772175,-0.002481652222722876,-0.003964760035348397
0.9231587,0.9655172,0.21679433,0.21245845,0.21245845,0.88,0.88,0.5585584,0.8121435,0.93697226,1.0,1.0,0.6584948,0.6797031,0.4269905,0.53166807,0.68245965,0.005323463419268411,0.0034241157184833905,0.007167309080093758,-0.004598110496820197,-0.008073553320637979,-0.0003833975244845518,-0.0019456741724724136,-0.0007979286054466561,0.005521652787758256,-0.00010517496772354001,1.72268673020165e-05,0.0004545638626899917,0.02294972634783886,0.013564161153536139,0.0022231061049064063,-0.0017245371161116435,0.004520873060880026
0.90690005,0.9816195,0.34884447,0.94,0.34186757,0.8986786,0.88,0.67615855,0.66117334,0.9169722,1.0,1.0,0.5360865,0.89310074,0.8382405,0.61985,0.54357076,0.00536582136680368,0.0003924275356259586,0.0030560127489472023,0.00594014642695898,-0.003572914402838878,-0.001458498964187493,-0.00095841189057234,0.007986383535822105,0.0024063207719091768,0.00014443410054428924,-0.00022943268273846075,-1.3144750260168924e-05,7.486379948183463e-05,0.012975205525738165,-0.009067467545137382,-0.004417869134440946,-0.0007419755720145843
0.7663991,0.8528219,0.9043474,0.94,0.9742972,0.7492734,0.88,0.45160714,0.3945116,1.0,1.0,1.0,0.31987426,0.31987426,0.80949056,0.5225771,0.47801515,0.00031840361346970714,0.0002948996383598626,-0.0047659382714839845,0.0016527347321205806,0.006766132620222996,0.0022427408335043276,-0.0003854865764953836,-0.002788617127178517,-0.007912710040344766,-0.00426566501264818,-0.0003166256342069658,-0.0010219056399681055,-0.06533297466418886,-0.018534268691226177,-0.008553169367490428,-0.001335268475579952,0.0014390569232313882
0.89151543,0.9339215,0.36953422,0.94,0.36214355,0.8433489,0.88,0.47960693,0.4140591,1.0,1.0,1.0,0.3357236,0.3357236,0.5419905,0.50894076,0.7269041,0.001273891975707403,0.0012888350642068147,0.0020316820901723973,0.0017318025137402868,-0.003228744829095095,0.00024048803806583517,-6.367870066749297e-05,-0.001457215759954415,-0.006959192212578496,-0.004602640167573944,-0.0006645961573968925,-0.0003437823512931465,-0.056748051003140176,-0.019558607087054595,-0.0006649511917147536,-0.0006997921270081909,-0.0054356942753243775
0.6604548,0.72020614,0.59944284,0.82974666,0.9742972,0.88,0.88,0.19720703,0.18240513,1.0,1.0,1.0,0.14789605,0.14789605,0.26074052,0.39257717,0.3457929,-0.0017867962642798317,-0.000709754723637788,-0.0018890164070159698,0.000984998113029281,0.005149897865881203,-0.0005578974540764448,-0.00012196549914265986,0.0013305921913321836,-0.01279812106192578,-0.00367058816663504,1.8662209825534882e-05,0.00019535802128892505,-0.06886673824602417,-0.02585773467354364,0.010168966155251837,0.003949830969849037,0.0035623971074429544
0.7175645,0.5486881,0.78137136,0.94,0.7443053,0.7562161,0.88,0.24230996,0.22164457,0.93697226,0.93697226,0.93697226,1.0,1.0,0.29074037,0.24984984,0.40801513,-0.0017905141326316197,-0.007744014211722565,-0.006267328428942304,0.0030994243604500686,0.0022727655317536085,0.0010268159341621321,-0.0037856076717255054,-0.007244192893061957,0.017090147295191427,-0.000540272898159997,0.0006309159776494274,-0.0002971603925827186,0.07025901484807803,-0.018555667581716884,0.0022443636492848894,0.010810818021361735,-0.005850536656920123
0.922576,0.9105279,0.816986,0.86447406,0.7570418,0.88,0.88,0.40695846,0.49071383,0.9169722,1.0,1.0,0.89484924,0.36041212,0.7944905,0.047122523,0.5457929,0.004132962461614217,0.0026453144804182193,-0.00735497229194541,0.0028784633961945914,0.005197095467655042,-0.0014718358808692136,-0.0007094447254451892,-0.004297402556725729,0.005887958118286497,0.0006823187044732054,2.4571790265593662e-05,-0.0001167496625766081,0.08461235454079954,0.002585405578648029,-0.011619525958073982,0.02987364793910411,-0.00033777046794943136
0.63265777,0.63651246,0.7486054,0.94,0.85146534,0.40333498,0.88,0.31726134,0.28106552,0.47723356,1.0,0.47723356,0.22789097,1.0,0.2182405,0.26712263,0.4502374,-0.0067066118547464545,-0.0036627633131168335,-0.0018327989191158575,0.006440978689726983,0.00255734887755288,0.010814246962159858,-0.0019071121946729508,-0.009179997913353603,0.013850925204795963,0.016459529023791043,0.00026791140750505316,0.01138149180603399,-0.0511728416430309,0.01551380261876459,0.006167111264226981,0.01142715531603682,-0.001026711944613172
0.78382313,0.8000316,0.71538633,0.96814126,0.7146003,0.88,0.88,0.51791,0.43963036,0.6756142,1.0,0.6756142,0.35645705,1.0,0.43449056,0.4816681,0.635793,-0.0013964492630934829,7.865148517890247e-05,-0.003057635033176266,0.007415557976012629,0.0010395111820784805,-0.0010296135317451438,-0.0007027586983740999,-0.0013696222598220448,0.007838277846955823,0.008010712444980396,0.00014151215577543557,0.0035174069793773616,-0.02970426101662178,0.021974699652228424,0.002159548793813366,-0.0005609512527605992,0.001387194774809102
0.7758395,0.79398036,0.77226907,0.9742972,0.88438386,0.88,0.88,0.54335845,0.7039691,0.9169722,1.0,1.0,0.57078576,0.8238377,0.5519905,0.39166805,0.74245965,-0.00018697452269634374,-0.00013888324360045105,-0.002816001177588274,0.005168277621832221,0.004679452499012309,-0.0005694387787831874,-0.0021534871231353512,0.0007747085798047622,0.002779787701402777,-0.00014126002799657366,-3.7355549296665334e-05,-5.135897025343825e-05,0.007150031635063904,0.010064576632822142,-0.0008749653313759148,0.004527334934174035,0.004869346732783121
0.9231587,0.9655172,0.2577599,0.2526047,0.2526047,0.88,0.88,0.6245584,0.7278341,0.93697226,1.0,1.0,0.59013575,0.83081317,0.58699054,0.6662136,0.5335707,0.008394329369666383,0.002930800742423444,0.0036969977277802857,-0.012149161804536773,-0.0021295788460718927,-0.0013784905656075352,-0.0027735119809247856,0.0038295507357475975,-0.0019706888559931942,-0.0001140402096712094,1.4886364487246562e-05,0.00018023683627992255,0.008991056739653726,-0.00019393752704172483,-0.002029608035989307,-0.005046052394095063,0.00012316803710906855
0.78737795,0.77555186,0.6917388,0.96716094,0.94,0.88,0.6596402,0.3437584,0.30074525,0.93697226,0.93697226,1.0,1.0,0.24384749,0.38449055,0.7116681,0.17801517,0.0002939713756475325,0.00044726890046272605,-0.003472335872017209,0.004488499733809706,0.006689313835885442,-0.0017950155455266487,-0.0026637636620663197,-0.0036713640347357597,-0.009183319833487727,-0.0009503989427196627,0.0008902455162419829,-0.00011342656756149996,0.10806995694787477,-0.016285793017601864,0.006640067739836103,-0.0186464911152295,0.008829983828111239
0.7601635,0.7687495,0.94917023,0.9301868,0.915161,0.88,0.88,0.49390993,0.4227997,0.6330234,1.0,0.6330234,0.34281057,1.0,0.70824057,0.44439533,0.3402374,5.0059413908970435e-05,-0.0004207128494638013,-0.0004959784602049985,0.0067632755786033935,0.0024479420781803687,-0.0013705160191341832,-0.0028334532639671534,-0.0013790940045411086,0.008524336009496198,0.009483725123740653,2.336155229815201e-05,0.003375340860158366,-0.030669509175384527,0.0038200104891744154,-0.005864893296158418,0.0014608879078795594,-0.007586246965140188
0.8941962,0.8406271,0.9143618,0.99229723,0.94,0.88,0.79250413,0.65735847,0.7886973,0.9169722,1.0,1.0,0.83997273,0.6227841,0.8232405,0.4316681,0.80245966,0.0032549929217911477,0.0015650905736831332,-0.006132472788816015,0.0019072634631267505,0.008617597987680746,-0.00022028216203676197,0.0017981574465065339,0.0044922521035738044,0.00844843084328034,0.0008702354344028981,-5.071118455088813e-05,6.931429729249772e-05,0.058851898463415785,0.022067370213948827,-0.0058774830373068895,0.004116078157501963,0.003054913106109015
0.9231587,0.9655172,0.17605205,0.17253101,0.17253101,0.88,0.88,0.45950988,0.39963123,0.6756142,1.0,0.6756142,0.32402533,1.0,0.33699048,0.31803176,0.6746819,0.01043975863672713,0.0032804425149942913,0.006611002602066176,-0.017115708888463373,-0.010503815565294488,-0.001225215840184945,-0.004760232484601536,-0.0026494415273902393,0.009350831221274008,0.01043670832581576,5.922708797017478e-06,-0.0021223311035292246,-0.042788674343709816,-0.0004771905031336282,0.006997042408093882,0.00443643079428828,0.008455583087749284
0.7104549,0.76963824,0.5444532,0.94,0.695965,0.7275613,0.88,0.3016069,0.26704907,1.0,1.0,1.0,0.21652628,0.21652628,0.2182405,0.32166812,0.75023746,-2.086119239903315e-05,-0.0006764454234578693,-0.000894188159427218,0.0003857395018766907,0.000798896013388111,0.0018979011215769605,-0.00041909888225690123,-0.0009417177794778643,-0.009652869334656165,-0.0034732461462011702,-0.0006531419355018339,-0.0007906239007381049,-0.067588259499368,-0.02589592083757714,0.010133638759208852,0.008357778031645198,-0.004858146684200518
0.7563173,0.6863665,0.68118244,0.6675588,0.94,0.88,0.6230168,0.16640702,0.15902445,1.0,1.0,1.0,0.12893873,0.12893873,0.46949053,0.1689408,0.4291262,-0.00031957900672151816,-0.00039202124565299203,-0.0019570926327735784,-0.0013991659361684227,0.005150866255476828,-0.0006041246918513077,0.001294457581538881,0.0016781996670649445,-0.015355520344208302,-0.004681611687311813,-0.0007789613984381545,-4.18653757998938e-05,-0.07737240957863854,-0.028871379509898824,0.0018168509767169183,0.01680189754051214,0.0016117166964744508
0.90690005,0.9816195,0.36325303,0.94,0.35598797,0.8986786,0.88,0.6681585,0.80531454,0.93697226,1.0,1.0,0.69291437,0.68852705,0.5682405,0.51984984,0.63357073,0.005100130480518103,0.006657291024298524,0.0020539943052573007,0.0031972960133161703,-0.005055910252120666,-0.0013515858648679695,-0.0017542479305038933,0.007047488667041537,-0.003983285000140773,9.101147661758215e-05,1.5163317066736312e-05,-0.0001671100136117723,0.02500929535619654,0.009314162730152113,-0.000776777095244324,-0.001985932534981778,0.002489192964687397
0.6906414,0.73036975,0.6831891,0.94,0.94,0.64439845,0.6072289,0.6997585,0.8015935,0.9169722,1.0,1.0,0.64994067,0.7866226,0.5932405,0.62166804,0.695793,-0.0022036622560477935,-0.00135137570814462,-0.0012690705449515804,0.0024568443896503664,0.003259704594799299,0.0013839516083532382,0.00927588959423944,0.008701591832500875,-0.004681182978128724,0.0006027259748760909,0.00020712689101640155,-0.00023375818821690187,0.023247665415566027,0.0066635956267650275,-0.00046811843723296734,-0.007361194748057925,0.00700259929521689
0.38679525,0.55460006,0.81374633,0.92339027,0.94,0.88,0.48732066,0.35935837,0.5356257,0.93697226,1.0,1.0,0.43429112,0.77886,0.5619905,0.18530439,0.3080152,-0.023775702095773572,0.001247199776324827,-0.001846387342959499,0.006862346933444816,0.006077977332765763,-0.0013587436541006013,0.02073513216131918,-0.006325000940850447,0.004781098501360147,-0.0018184998450150216,-0.0001902068099606402,0.00035142512903679063,-0.020404472484988733,0.011515868229835993,-0.0019916531461576666,0.02117758658942285,-0.013946056100385492
0.81459236,0.8306761,0.83763885,0.8208861,0.89401305,0.88,0.88,0.34480706,0.30289304,1.0,1.0,1.0,0.24558896,0.24558896,0.8532405,0.290759,0.27134842,0.001106310415460581,-0.0003151016448411703,-0.004223421664213493,0.0005002009633124201,0.004146451202420158,-0.000442626268373167,-0.0004828084109059691,-0.002201980458312741,-0.00877494283033918,-0.0043692683148683605,-0.00025253335964185345,-0.0005890597414495974,-0.06959124164013174,-0.01799685917564784,-0.01090734821132031,0.010740107375756138,0.004782509664833277
0.8415154,0.8000316,0.7704997,0.8012955,0.94,0.88,0.75249696,0.5321585,0.5262515,0.9169722,1.0,1.0,0.42669043,0.9504086,0.65074056,0.37803173,0.6880152,0.0025726646787177366,-0.0005055708152129665,-0.0035123026891394652,0.0014858367208928002,0.004883454061770799,-0.0011766016304887974,0.0035317096625396586,0.0006944668832223689,0.006437571795001885,0.00034139684798136573,-9.6618801233338e-05,-1.609635853590599e-05,-0.020196603695328302,0.01319445708114938,-0.002983785875218948,0.00607810383868579,0.005794997984551719
0.764301,0.630085,0.6231068,0.61064464,0.94,0.88,0.8342003,0.5185585,0.48075077,0.93697226,1.0,1.0,0.38979793,0.95384437,0.58699054,0.5898499,0.4291262,-0.001124374950618826,0.0004470637729520946,-0.0007474602199251973,-0.005257755987585488,0.0006909074755677816,-0.0013366377142946082,-0.0007281126656839836,-0.0004979059549141442,0.0063554698590492145,-0.00030324405759957586,-7.014201833651583e-05,6.438837390462502e-05,-0.030234014888923487,0.01089391655232681,-0.00300049996228296,-0.003955982606984636,-0.004362042907088637
0.85159713,0.6205071,0.8940087,0.94,0.9420575,0.47978827,0.88,0.5973584,0.6449638,0.9169722,1.0,1.0,0.5229436,0.82811195,0.52574056,0.4680317,0.7124596,0.0028874776159887095,-0.004765295652300327,-0.0013541407337818643,0.0031668782874864753,0.003550392570099745,0.006428275652141677,-0.0022431340278229583,0.004315755074687489,0.0036288280726263916,0.00013333415956412597,-0.00015104928765499902,-0.00037034192484159496,0.0007652970451234453,0.016204927513973153,-0.0007242600736022736,0.0004807480506550678,0.0010404692633472338
0.85247123,0.73816216,0.75277126,0.94,0.6935538,0.7661498,0.88,0.4885585,0.42353696,0.93697226,0.93697226,1.0,1.0,0.34340835,0.5632406,0.55439544,0.50023735,0.0016036333952818302,-0.0018128032648146363,-0.00539901268711128,0.0016187087912934248,0.0012936098166644655,0.0021185658647816575,-0.00018958991464384744,-0.0011559124158966594,0.0038577214576736183,-0.000592025682338087,0.0014545065862663232,-0.00016582520331582002,0.11043915887189903,0.0037393957378945224,-0.0014493408209427816,-0.00564795156305858,3.796208730935446e-05
0.9231587,0.9655172,0.3068187,0.30068234,0.30068234,0.88,0.88,0.6609584,0.7550139,0.93697226,1.0,1.0,0.61217344,0.78052396,0.5994905,0.48348626,0.6435707,0.007091071254703591,0.0037275355731821286,0.0040598411648312665,-0.008084880250467573,-0.005340853769918882,-0.0009985565155948535,-0.002055417667890952,0.004352001441367544,-0.0011227969231153143,-0.0003597381302237689,-7.664966200074444e-05,0.0003305901929926128,0.00748328519394873,0.0027197348041668973,-0.002100136006139506,-5.946272794971924e-05,0.0061240740384937405
0.37141064,0.5549811,0.8733042,0.88772357,0.96814126,0.88,0.88,0.5425584,0.5974671,0.9169722,1.0,1.0,0.80500317,0.52327317,0.4894905,0.5180317,0.4891262,-0.013603342229009281,-0.006157470068966996,-0.005888340123804562,0.0013620844339365373,0.008557847940782523,-0.0005066966084245421,-0.0019624862349662156,-0.00016226787103090122,0.00586903904287138,0.0002571124721596004,-0.00012640063513770026,0.00022682505066344615,0.04822539276645554,0.01557426253776242,0.0001233299510925345,-0.0022761510450663596,-0.0013142176919455717
0.55928946,0.66265035,0.9656004,0.99229723,0.9742972,0.88,0.88,0.7457584,0.83490205,0.93697226,1.0,1.0,0.7784669,0.66955066,0.77574056,0.6198499,0.63245964,-0.007401128302317496,-0.003039202638308691,-0.0057029668453538315,0.004159870114432804,0.007081512240852787,-0.0003805825047385012,-0.0023973283711525516,0.010206556603991229,-0.003312700135235791,-0.000151936921492965,-7.054517624755466e-05,0.00011677809840234171,0.039270411789481215,0.009602934964393408,-0.0039429616709837564,-0.00596458171519348,0.002479507131637833
0.90690005,0.9763592,0.318319,0.99229723,0.29451334,0.88,0.88,0.4116069,0.35377643,1.0,1.0,1.0,0.28684577,0.28684577,0.77574056,0.29348624,0.7313486,0.00278125044568839,0.0019176242697271405,0.0037449826656546508,0.0025915929342186683,-0.0049472928923075124,-0.0004738770138770622,-0.00015386395993043594,-0.002045378481764152,-0.0065215555499855095,-0.003937598407834488,-0.000568310913816501,-0.00026360332281627014,-0.058799384290098795,-0.01735496822300435,-0.007823013058319372,0.011121030231721977,-0.005141682775202474
0.9231587,0.9655172,0.15731469,0.1541684,0.1541684,0.88,0.88,0.53415847,0.6552524,0.9169722,1.0,1.0,0.78724,0.51422954,0.59324056,0.29348624,0.5713485,0.006644532193833108,0.004433838743880616,0.010490026494658362,-0.011706195107193212,-0.019001758834344632,-0.0009854746651974102,-0.0016539234006255324,-0.0007341297547921218,0.010597530667478833,0.0006778888486740034,0.00023040843329970732,0.0006540437658263016,0.04938234250699483,0.023262515178734386,-0.00228811259025469,0.01043382984174533,0.0010711942632864282
0.5169818,0.6330081,0.8256996,0.94,0.94,0.5067407,0.4942894,0.5196068,0.44785917,1.0,1.0,1.0,0.36312908,0.36312908,0.6282405,0.5043953,0.7469041,-0.003508614326658023,-0.001366785487892106,-0.0029199611580116996,-0.0013063355804520582,0.005241692337554123,0.011347718997265189,0.0027920839695866496,-0.0008085575992116625,-0.004547981645135944,-0.0034952230243249977,-0.0006237514877086297,-0.0004885958283568692,-0.051998957184334366,-0.018754804272374734,-0.002959392699547536,-0.0012444034871084148,-0.003584705084526939
0.9231587,0.9655172,0.29477245,0.28887698,0.28887698,0.88,0.88,0.6861584,0.60259736,0.93697226,1.0,1.0,0.48859245,0.93539226,0.7294905,0.54530436,0.5057929,0.008782839870346844,0.002112325300406769,0.0016745975298535925,-0.017075143753458245,-0.002358520441845281,-0.0010990493807931,-0.0030884714883029395,0.008892655307933518,0.004196159392345498,-0.0006056453377398507,-0.0002352959591022316,0.00025103333836215937,-0.015374556504144831,-0.0034395569604662147,-0.007790937005780068,-0.0019511417909533794,-0.0016962124771983597
0.8329491,0.6750289,0.875322,0.94,0.8558381,0.77157223,0.88,0.52950996,0.45937604,0.6330234,0.6330234,1.0,1.0,0.37246707,0.33574045,0.71075904,0.53023744,0.0006680861819859176,-0.004273816763317053,-0.006610096007007674,0.0020176316071347654,0.005085465165323369,0.0014106629817414547,-0.000514660220696917,-0.00040337054334274814,0.0070221276901716876,0.007992559923837197,0.0014556421089502996,-0.00010728479643166034,0.09205618812402826,0.014020450457443047,0.0039400206272230615,-0.01709181257718088,-0.0006604059775072878
0.90690005,0.9763592,0.49801224,0.99229723,0.4148252,0.88,0.88,0.6916615,0.58995813,0.22418888,1.0,0.22418888,0.4783444,1.0,0.71199054,0.77075905,0.31023735,0.007646518480802097,0.0014325006078182824,0.000924791282220683,0.010047155132534933,-0.004050618322441761,-0.001965444987867409,-0.0012476305216472378,0.011541091716507279,0.0016362569763654245,0.01151147232089439,-0.0004670215094916134,0.010926181783412989,-0.00468718698159539,0.001395100562897849,-0.006703430616426962,-0.010084114784744788,-0.010072365100540897
0.9231587,0.9655172,0.37525317,0.3677481,0.3677481,0.88,0.88,0.65895844,0.64616424,0.93697226,1.0,1.0,0.90125996,0.5387081,0.5394905,0.5862135,0.78357077,0.004775434429881934,0.005120095222458114,0.005917019345407187,-0.002388533317176888,-0.009881570777319906,-0.0009663016030850385,-0.001526798778187394,0.001983058602326667,0.012378360231053013,-0.00018570450036105497,0.0001070941727283517,0.0002587143563189859,0.07532045467086115,0.020052719437095145,-0.0001685851058514706,-0.0053916143408267855,-0.0015007965877440856
0.6752568,0.6517021,0.90088284,0.9476599,0.9742972,0.88,0.88,0.6537584,0.8072972,0.93697226,1.0,1.0,0.65456533,0.7430676,0.73324054,0.3880317,0.60468185,-0.004354884175033161,-0.002974626658132257,-0.006064023181070782,0.004447404172952711,0.00881477227092152,-0.0005195576647056423,-0.0019305495781854185,0.005238585461238561,-0.0009423729664584152,-0.00018365386773252061,8.807691065726389e-05,-7.690700407359347e-05,0.02478649503996125,0.00790128829333153,-0.003968938969229306,0.005269175748746306,0.0021305748425051725
0.9231587,0.9655172,0.353069,0.34600765,0.34600765,0.88,0.88,0.552407,0.47121012,1.0,1.0,1.0,0.38206226,0.38206226,0.8382405,0.6453045,0.45579296,0.002942237108023951,0.0019040554663801697,0.003913412747390158,-0.0006392700688180259,-0.003910425094915374,-0.0011649771133937497,0.00015165682461920925,-0.0009063161772911623,-0.003103095008580501,-0.004166622987197557,0.00018379477269048184,-0.0002592897121701055,-0.04947515536062066,-0.012716905422770047,-0.009687330038040613,-0.0059116388019730855,0.0010555966203879442
0.79862505,0.646919,0.69551754,0.9363606,0.6140924,0.88,0.88,0.33480704,0.29657403,1.0,1.0,1.0,0.24046543,0.24046543,0.6282405,0.5453045,0.2424595,8.757883263875358e-05,-0.00021891737271527548,-0.0019350969467441118,0.001711198790974665,-0.00025001677487201116,-0.000142100034900566,2.45825921925355e-05,-0.0019219189507456574,-0.008599316187063803,-0.0038591842189036373,-0.0003636021331533691,-9.95188362608182e-05,-0.05544879595757687,-0.020562727033563984,-0.0031000522147422555,-0.001583194523022069,0.008985828955340662
0.5252568,0.744903,0.7772655,0.94022495,0.94,0.88,0.6883087,0.2869583,0.62070996,0.93697226,1.0,1.0,0.73801297,0.4433813,0.33699048,0.37166804,0.31023735,-0.009954715021255944,-0.0004903525385304762,-0.0052610165764998724,0.004395803866187616,0.008450921445952896,9.514272357687664e-05,0.006567438945900596,-0.010811891744136859,0.0041811185732079465,1.5044408821826985e-05,3.9220071332366494e-05,4.2162850430599864e-05,0.031134054496692057,0.02041996019931555,0.004028284477775569,0.00840749123256403,-0.00928155572541004
0.7104548,0.7385888,0.44271904,0.94,0.50849444,0.6917444,0.88,0.34495842,0.4279117,0.93697226,1.0,1.0,0.34695542,0.8632026,0.32949042,0.21348624,0.6535708,-0.0018063997242572841,-0.0009701622083214531,0.001932374497815489,0.0026827577063925144,-0.004462110575365244,0.0012029482701698538,-0.001912346541991141,-0.005708086596954506,0.005817553162615514,-0.001570154313296761,9.028230198542465e-05,0.00020569367161465027,-0.037380865783463994,0.009222316574921546,0.0033279317251937324,0.011415518537388704,0.00036108797825726085
0.856026,0.66513085,0.9251504,0.94,0.96514356,0.5315518,0.88,0.6977585,0.6757249,0.9169722,1.0,1.0,0.8473121,0.5657483,0.63949054,0.67985,0.6535708,0.002429807087147969,-0.00639385223488756,-0.005193224670609811,0.002781792324567376,0.0064157825009806,0.0034075395462951894,-0.0009561781864078321,0.007116071135985712,0.0018590250752034897,0.00023171647017411847,0.00036502143936966,-7.989999971361766e-05,0.05553394113744821,0.013334862601269738,-0.001470125664282018,-0.009687881188596157,0.0013465396680532892
0.8873779,0.9318432,0.78979886,0.99229723,0.909952,0.88,0.88,0.30000702,0.26840746,1.0,1.0,1.0,0.21762769,0.21762769,0.45699054,0.5343953,0.25245953,0.0021318131734773087,0.0004114172443911026,-0.0029747782995955584,0.002526784679151188,0.002512821559678762,-0.00047014256184574777,-0.0001612357865486416,-0.001389461770927864,-0.008555147485231123,-0.002685355354676202,-0.0003818295684563744,-0.00045913704124754957,-0.050537090018220876,-0.021278640922443328,0.0016802448412477444,-0.002466926771409533,0.007312423495508311
0.437378,0.68953896,0.79325825,0.7773931,0.9742972,0.88,0.88,0.28735846,0.55093026,0.93697226,1.0,1.0,0.44670022,0.73178303,0.61824054,0.14984989,0.20357068,-0.02169498483846604,-0.0004065799960680479,-0.003250440160898207,0.0011430941616666463,0.007670057973675457,-0.0008389690616671529,-0.002526371702380574,-0.009288871574031216,0.0038385979027955376,-0.0010787088676913156,-0.0001264260408716124,9.943586724988594e-06,-0.018147389828985665,0.0009634816384267591,-0.002976451620155077,0.020187288479964358,-0.024754041233063982
0.4557346,0.5461003,0.81399953,0.79771954,0.8597547,0.88,0.88,0.41135848,0.5464693,0.9169722,1.0,1.0,0.4430832,0.8241111,0.2182405,0.5489407,0.3813485,-0.020008736522081298,0.0017046399394239267,-0.0019185397692326246,0.003220676702240995,0.00017966929082222105,-0.0007810588805168655,-0.001336438881307472,-0.004481568930567936,0.0037781160580204233,-0.00021999354802303305,4.450004664333429e-05,0.0005029966393199095,-0.013126024623244503,0.006168075384434802,0.011141463492649628,-0.002571359094462751,-0.007364492831398489
0.7912241,0.77542526,0.68279463,0.6691387,0.99229723,0.88,0.88,0.31200698,0.27737108,1.0,1.0,1.0,0.22489546,0.22489546,0.2232405,0.57348627,0.3913485,0.0005353748922302119,-0.000568840789582806,-0.001989168969690238,-0.00086312084537803,0.005419729160893536,-0.0010361643213916425,-3.0928488893690355e-05,-3.880190343208544e-05,-0.008025235834485299,-0.0034664618157127475,-0.000492483422696965,-0.00022206662285648908,-0.06162809614940284,-0.017639817172268722,0.011144095853293054,-0.00409697815899352,0.0031136002005178274
0.5524712,0.6100941,0.60349447,0.9363606,0.94,0.88,0.5273442,0.29240692,0.2618267,1.0,1.0,1.0,0.21229191,0.21229191,0.27949047,0.6580317,0.29690394,-0.004689589329703158,-0.000818682736231069,-0.0012251938623336841,0.0017701430936694113,0.0021554108548155577,-0.0006001913625077849,0.0014771174189140849,-0.0012696562847511197,-0.00840022821777144,-0.0035677509637679463,-0.0011860353046929527,-0.0002579207419031394,-0.06115019245088028,-0.020127687790774736,0.008201931951896028,-0.007353970712664249,0.004408611386605912
0.84920776,0.85560083,0.7686922,0.862766,0.99229723,0.88,0.88,0.55910987,0.47621447,0.63139063,0.63139063,1.0,1.0,0.38611984,0.7819905,0.47803167,0.4891262,0.0023069622016475165,0.001591169188842453,-0.005431288735218305,0.0030561564601114476,0.009809181501181301,-0.0009589614527112211,-0.0006167483377005098,0.0007188434325543578,0.006481937560324713,0.009062837976648128,0.003714819473983476,0.00013997082930916588,0.09729129468941584,0.013209299155763448,-0.0076442292903128,0.001241753774947331,-0.00040632644187808863
0.9231587,0.9655172,0.25159997,0.24656796,0.24656796,0.88,0.88,0.6548614,0.55638456,0.39593345,1.0,0.39593345,0.45112264,1.0,0.5319905,0.52439535,0.69357085,0.009856354815675164,0.0022534560352980787,0.004515906523571475,-0.018867679427833673,-0.010692189284644492,-0.0013751096086053389,-0.001993978398402349,0.005638567450198505,0.0036849082880344676,0.016746258174497458,-0.00046114271639464824,-0.0030562632634121077,-0.016897352870583547,-0.002250519488856495,-0.001097468654459794,-0.0016183570605590241,0.008808709820723749
0.9231587,0.9655172,0.08174553,0.08011062,0.08011062,0.88,0.88,0.44766137,0.38367903,0.39593345,1.0,0.39593345,0.3110911,1.0,0.44699055,0.3816681,0.39579296,0.010204368115248713,0.0008564689340421858,0.0030351252563046603,-0.030601236342950595,-0.01230768171891396,-0.0017716147825559744,-0.00214636758178185,-0.002988711124633937,0.0077859287259230865,0.020257855308197646,-0.0007510952980795871,-0.003796223448053625,-0.033554218350071593,-0.005489693275865369,0.00428584366207998,0.0021112582248305352,-0.009544918163075435
0.6447789,0.87972546,0.77527285,0.81396896,0.94,0.88,0.85529643,0.13415848,0.37674356,0.9169722,1.0,1.0,0.8265508,0.26715574,0.42574054,0.05803169,0.22245958,-0.00519993771142363,0.0009000793822842969,-0.005956993386739304,0.0012269808468590615,0.010441771987404355,-0.001492401584897945,0.0006880805827569948,-0.012165778108629392,0.005543419007820547,-0.0006309364923907338,-0.0005579919717189355,-0.0002454239283240063,0.06335586794129788,0.007187689285267236,0.00388091852752393,0.02880599236303932,-0.0009511862485387993
0.9231587,0.9655172,0.18971875,0.18592438,0.18592438,0.88,0.88,0.48190993,0.41683385,0.6756142,0.6756142,1.0,1.0,0.3379734,0.6482405,0.39712265,0.44579282,0.0016617959071979398,0.0026151370915822357,0.015724769874591437,-0.010508969893908917,-0.01729063024724534,-0.0016693957815267265,-0.00013373174040174642,-0.0017895550774965122,0.0035358221491616267,0.010569551184235108,0.0031537994315420036,0.00011167763675298051,0.11450820790102594,0.00769613202953217,-0.006563700714365779,0.006847369676627659,-0.00010493779632480115
0.537378,0.68953896,0.79146564,0.82185423,0.903209,0.88,0.88,0.2345584,0.2407063,0.93697226,1.0,1.0,0.9298423,0.23336406,0.14199042,0.28621352,0.44023746,-0.006627112173949881,-0.0017964926737934679,-0.0053863574064946795,0.0009012494305679619,0.008531774523371581,-0.0018059743582497223,-7.915619459333834e-07,-0.00141114697984214,-0.015774271407249404,-0.001974782436783853,-0.0002067324146711823,-0.0007327015028526199,0.0904494023484443,-0.024920938505787076,0.016946341132970933,0.013439249302228467,0.004502432958638516
0.8862126,0.7411257,0.8773503,0.878108,0.94,0.88,0.75938404,0.594007,0.5124641,1.0,1.0,1.0,0.41551146,0.41551146,0.57449055,0.7753045,0.73801523,0.0028996784897548206,-0.0007894007699694805,-0.0016498422775864724,-0.00012452536701198054,0.00409459997943591,-0.001497291692515989,-7.78435915213381e-05,0.00010382310677559397,-0.001045923552842401,-0.004803381662264665,-0.0006276404574736361,-0.0007290560278872553,-0.039261752515140975,-0.014025904400136902,-0.0020264270690094517,-0.01434402416785161,-0.006085543187827377
0.90690005,0.9763592,0.4750949,0.99229723,0.33098337,0.88,0.88,0.5013584,0.43114626,0.93697226,0.93697226,1.0,1.0,0.34957805,0.8382405,0.41439533,0.53468186,0.0025200095777245736,0.004233021985187749,0.0031638660485895837,0.00343942637952209,-0.014033052883484333,-0.0006968388277621353,-0.0004741029431720847,-0.0015265596021395652,-0.003296954649510725,-0.0012860595903267035,0.0014015758544613155,-1.7544333619787002e-05,0.10851809704475858,-0.01123399478258416,-0.015500452095301119,0.0055907247257465644,0.0005319805645212838
0.9181472,0.7201887,0.671269,0.6578436,0.99229723,0.88,0.88,0.3805584,0.49726236,0.93697226,1.0,1.0,0.4031857,0.8520479,0.4844905,0.23712263,0.53245956,0.007337495939407004,-0.0002856683904650766,-0.002526098196368317,-0.001173796542402897,0.007905438325626046,-0.0005533031702696307,-0.0021375091833773464,-0.005017102110578017,0.006956459814332949,-0.001397037619576525,0.00035263519022182095,0.0003309076303312426,-0.02714392069920067,0.01148956016856748,0.0007898422108514871,0.0145154890463875,-0.0007223359446489999
0.9231587,0.9655172,0.0840901,0.082408294,0.082408294,0.88,0.88,0.28680703,0.2568081,1.0,1.0,1.0,0.20822278,0.20822278,0.6794905,0.32984984,0.3713485,0.0017094189068701815,0.001662600708273236,0.01181935091803939,0.0006194993998221898,-0.007921933030701864,-0.0006974465576826227,6.696923430206739e-05,-0.0006183651956984137,-0.010218879147905202,-0.00442550647461096,-0.0001573919170226286,9.327206673176505e-06,-0.05161557194644919,-0.013598602533962474,-0.004424888453379714,0.004492563302179946,0.0020813023091060677
0.7296856,0.7449196,0.86690027,0.94,0.7155985,0.75249696,0.88,0.52135855,0.5995383,0.93697226,1.0,1.0,0.9034137,0.41509044,0.58449054,0.57439536,0.2924596,-0.0018402203513048214,-0.001002820119086317,-0.006481151463907858,0.0027393520580098873,0.000291935242899188,0.0023770549979565156,-0.0016946643057157574,-0.0002880711651207828,0.00786715417356588,0.0005430005256618643,0.0003074486801603972,0.00015302581292004632,0.07962523916723702,0.021250285063884065,-0.001508876120679301,-0.005171538936598053,-0.0032970989547847144
0.9231587,0.9655172,0.13680868,0.13407251,0.13407251,0.88,0.88,0.57935846,0.5087829,0.9169722,1.0,1.0,0.84338856,0.49472046,0.46699053,0.5053044,0.70023745,0.004352344210440783,0.004020484277695028,0.012604041416068973,-0.005163020305436957,-0.0188834520168676,-0.0012898900122727324,-0.0009455630082755445,-0.00035853985714133946,0.005819541888303208,-5.622057468450523e-05,9.199111368252542e-05,0.0003567632785271213,0.06075070353744038,0.014358322553317277,0.002518055958407729,0.0001887705254652434,-0.0022399668875656203
0.90690005,0.9816195,0.6244244,0.94,0.6119359,0.8986786,0.88,0.7856069,0.66278136,1.0,1.0,1.0,0.5373903,0.5373903,0.8382405,0.7671227,0.9269041,0.003481399849765873,0.0015422340134522467,-0.0013743236174392195,5.7795265905119e-05,-0.001362251519962196,-0.002674057367039989,-0.0009115980405305874,0.0071678808291220615,0.010736143576324401,-0.005427804985883416,-0.0007987787200409488,-0.001438313116061391,-0.010510988441000261,-0.0016329619282733233,-0.009114849180005248,-0.015017595642791471,-0.011756517222058055
0.8439049,0.7374608,0.91160023,0.89336824,0.99229723,0.88,0.88,0.55320704,0.47432214,1.0,1.0,1.0,0.38458553,0.38458553,0.8382405,0.6134863,0.4224596,0.002455928803285666,-0.00104049337126445,-0.0017432562887722527,0.0007252659232823074,0.0050129253324908965,-0.0012089056303955733,-0.0008026914228921152,-0.000567728817600765,-0.0017213265902292774,-0.004517443003166278,-0.0007768509119501912,-0.001329522465970015,-0.0433364584784173,-0.016906732636325795,-0.011020670359880406,-0.006370358136372746,0.003337185108161028
0.76843846,0.7025828,0.8123325,0.94,0.94,0.8199039,0.4877567,0.45695832,0.37187847,0.9169722,1.0,1.0,0.98878,0.34115478,0.46949053,0.54348636,0.43690407,0.00030887521252845747,-0.0009964205195755833,-0.0060170506537606284,0.004496356152137803,0.007956408898274063,0.0006215995878877811,0.0002463207537015236,-0.0026857252428638683,-0.0038535265001832797,-0.0010083362766261613,0.0007651289316689236,-0.00019105521415946667,0.10109599169186496,-0.004906336071329772,0.002076597692142268,-0.004508308146208002,0.0014718727731990071
0.7166904,0.8195018,0.9125177,0.9742972,0.85998434,0.88,0.88,0.6184071,0.53148067,1.0,1.0,1.0,0.4309303,0.4309303,0.77699053,0.62803173,0.7313485,-0.000636838212927757,-0.0001652613464751881,-0.0033521034034081566,0.0011969487906173407,0.002623222299231694,-0.0011459378747743195,-0.0004997895816428354,0.000675878961653026,0.001102054166529253,-0.003702777880358857,-0.00032766681459702964,-0.0007347032715348156,-0.03839440688260765,-0.014057226210189145,-0.007797194459373407,-0.007561986547900861,-0.006270499747690627
0.54005873,0.5267661,0.9081867,0.94,0.94,0.3710487,0.7562161,0.47135833,0.4049245,0.9169722,0.9169722,1.0,1.0,0.32831717,0.6282405,0.6571227,0.38468182,-0.0056064197282566,-0.007984106017449645,-0.005876001804695872,0.0010158965822324839,0.0075474196474168646,0.009708506154457121,0.0020856472868110267,-0.0023834957967193353,0.006152895109374284,0.0005483836376826771,0.002196538567585471,-5.511995490795917e-05,0.11238708623897559,0.0072593018280861284,-0.0034966969694577156,-0.010511662692653951,0.00040979413646706833
0.7486251,0.7235907,0.79739684,0.8298199,0.909952,0.88,0.88,0.3172069,0.2845843,1.0,1.0,1.0,0.23074405,0.23074405,0.33449054,0.5653044,0.3902374,-0.00020415032269555648,-0.0005973022741838347,-0.003139232837422907,-1.6717412295905437e-05,0.0027984568377898787,-0.0005602955060890843,-8.503725448266352e-05,-0.000857246962454921,-0.010294470809433895,-0.0035338258380792965,-5.813635616763683e-05,-0.0002670337780572468,-0.05788516670657049,-0.024191601467011794,0.007108342778477761,-0.0041514504148582945,0.003521606236356814
0.8439049,0.7374608,0.91160023,0.89336824,0.99229723,0.88,0.88,0.6049585,0.51865655,0.93697226,1.0,0.93697226,0.42053235,1.0,0.8382405,0.6134863,0.37245962,0.0037684904175190994,-0.001041949771592988,-0.0005847296655687183,0.00664875503247031,0.0025125185227758513,-0.0015350315536695463,-0.0021523993310890387,0.004646473524266859,0.005272149187558015,-0.0006141829920336927,-0.0004337475441124346,0.00033664774913591636,-0.024222747638478682,0.005409755562122234,-0.007883494471569047,-0.004183473700899737,-0.00776101493027291
0.9231587,0.9655172,0.24098422,0.23616453,0.23616453,0.88,0.88,0.6153584,0.68289304,0.93697226,1.0,1.0,0.55369705,0.8163144,0.7044905,0.5043953,0.6291263,0.008491107590706082,0.0030949560405931255,0.005751123567568021,-0.00982661261908566,-0.006824945637797335,-0.0019024478012061319,-0.003006895142502155,0.002206933589528407,0.003022036155456753,-0.0007703113258249832,-4.7991458464697516e-05,0.00044129688421243904,-0.00324578575114592,0.005101148299613261,-0.006173598841488656,-0.0011866557757997441,0.00544956727618259
0.5524712,0.67892903,0.6586233,0.8916575,0.94,0.88,0.60724634,0.37935853,0.4535688,0.93697226,1.0,1.0,0.36775848,0.84279704,0.4082405,0.21894082,0.39134842,-0.011440804784703157,0.0003971172718050328,-0.0022777571541059394,0.004224677588771608,0.00694225509111523,-0.000754757698773452,0.01161476138661073,-0.004519557101258077,0.006883925999099709,-0.0005410371390031052,0.00019154857331120655,9.956899151497403e-05,-0.04332163212979742,0.010802383791788857,0.003746656211409338,0.017311518473252536,-0.004955732205607303
0.5447789,0.57959986,0.7482165,0.8762485,0.78521043,0.88,0.88,0.42120683,0.36828348,1.0,1.0,1.0,0.2986082,0.2986082,0.5032406,0.39894077,0.6435708,-0.004387449285571574,0.00014528625875081795,-0.0018710585375292207,0.00045327287194536493,0.0007341649521107485,-0.0007565771589099739,-0.0009389981313274404,-0.0014207207475618589,-0.009907546678161062,-0.004437047626409733,-0.0006618140478547336,-8.969704184284506e-05,-0.04965343968551506,-0.025797036477047782,0.0008906629636559948,0.0042509139595960435,-0.0026081231520671154
0.8219933,0.9592424,0.7567361,0.9420575,0.73188376,0.88,0.88,0.23240691,0.21113369,1.0,1.0,1.0,0.17118949,0.17118949,0.43949056,0.34348634,0.37245962,0.0014518442893625447,0.0011372686499739242,-0.002338185435758959,0.0015825272947196617,9.70350418334301e-05,-0.0007882522826071724,-0.0005565373996540206,0.0001875408942713666,-0.01041357908427529,-0.0032415065015320432,-0.0006487004258422201,-0.00018081870696523436,-0.06817532566721297,-0.018647355345764678,0.0021787755220830708,0.006963027368144783,0.0034858644826246837
0.9231587,0.9655172,0.19445392,0.19056484,0.19056484,0.88,0.88,0.5577584,0.6183442,0.93697226,1.0,1.0,0.78932583,0.5377522,0.1919905,0.65075904,0.5502374,0.0050350587591788875,0.005150518581249671,0.009787205045779597,-0.006366795817125539,-0.010938405130931734,-0.0009881119439076331,-0.0022397479447596453,-0.00014233280083159392,0.008167681314472135,-7.15176287377569e-05,-2.333990481507328e-05,0.0003734086930209582,0.04163514982308159,0.016483094756618803,0.005343612499160889,-0.007678010555047956,-0.0001995296322259007
0.7329491,0.87280303,0.8142243,0.94,0.9742972,0.7724515,0.88,0.47381294,0.4068729,0.2189507,1.0,0.2189507,0.32989696,1.0,0.5319905,0.1689408,0.6691263,-0.0009864057111302052,0.0014802007762042247,-0.0032248427410699345,0.009410193049906949,0.01204505043733655,0.0021038820081555557,-0.0027186268837685566,-0.0017987079618824611,0.010001332529473154,0.0248773830846645,1.967317452006619e-06,0.007481842593700894,-0.027697222010936395,0.00536171544203649,-0.0007248755050434244,0.015100601541538378,0.006434068608783987
0.922576,0.9105279,0.67858946,0.66501766,0.99229723,0.88,0.88,0.30120683,0.26825622,1.0,1.0,1.0,0.21750505,0.21750505,0.61574054,0.57439536,0.15912639,0.002112863809089551,0.00039361670301507157,-0.0028910078268242494,-0.0006961407649737182,0.006935400523352856,-0.0005913398116164173,-0.0003100566176059849,-0.0010617059649234764,-0.011611038001965487,-0.0031363616295661035,-0.00023629190430006185,-0.00039670804467964227,-0.0627612892385179,-0.022939232188602988,-0.0032022157935615897,-0.004109946751813044,0.010642746053484649
0.89151543,0.9339215,0.31261718,0.94,0.30636483,0.8433489,0.88,0.63126147,0.5444269,0.37864074,1.0,0.37864074,0.44142726,1.0,0.68949056,0.6471226,0.5680152,0.00788498227764155,0.0010613733152746295,0.004618319584597045,0.005682772972510312,-0.0072319552459200595,-0.000115546919828401,-0.0018396628281527611,0.007447601504035632,0.0038191353360096463,0.013831536212458482,-0.00019106120147176716,0.006509166147171325,-0.013889314362319652,0.0074469336164910615,-0.005960638926585755,-0.005413104780026041,0.0022300601068460622
0.15602608,0.5176363,0.8428371,0.85980326,0.94,0.88,0.36045814,0.27310988,0.24545649,0.6756142,0.6756142,1.0,1.0,0.19901878,0.58449054,0.31621343,0.26468182,-0.017627024645258286,-0.0020940761628480487,-0.0087331826545196,0.004400373721655235,0.00980439076032082,-0.001545807573470993,-0.002708913357293174,-0.004287599513918165,-0.013727063439796397,0.01039224216451791,0.011359125780945367,-0.00010469638392250486,0.1221185188461725,-0.02789539876806981,-0.003190197758188147,0.01550132725171201,0.010249496235703188
0.8918068,0.6642838,0.47003168,0.94,0.46063104,0.53056926,0.88,0.42640686,0.37199995,1.0,1.0,1.0,0.3016216,0.3016216,0.6894905,0.39166814,0.5457929,0.0024431578720466507,-0.0015086785926998576,0.0008090498758896676,0.001499900039321355,-0.0027177880995000775,0.007619787461539272,-0.00018887390799752566,-0.0024771707605362103,-0.006018012432438242,-0.00468731941512685,-0.0006826550708691182,-0.000685067715449314,-0.05711865502378236,-0.02177193588968094,-0.005737763318591597,0.004662844017538524,-0.0010570119605152583
0.8601635,0.91387534,0.38813183,0.94,0.3803692,0.8200954,0.88,0.65511,0.55700755,0.63139063,1.0,0.63139063,0.45162776,1.0,0.8532405,0.4734863,0.60468185,0.0041871079673217425,0.0010514048009119489,0.0025169579805551733,0.006646231401728832,-0.005855950850207689,0.0004441960835999452,-0.0008660332747596691,0.0061853608494065035,0.005040651416419922,0.007913843152956157,-0.00012002345826122481,0.0033908350094941663,-0.012868890828153847,0.017744721896570014,-0.010648923870499141,0.0004359696820509627,0.0020488810893311395
0.9231587,0.9655172,0.22026235,0.21585709,0.21585709,0.88,0.88,0.45655838,0.39480987,0.93697226,1.0,0.93697226,0.3201161,1.0,0.6594905,0.30712268,0.6502374,0.007729260609697157,0.0021364754576041977,0.0045052912658021,-0.013271226038773377,-0.007994680543860795,-0.001168329823398756,-0.0021608940481310786,-0.00322176014004531,0.0072431877198582935,-0.0005704185651466953,-0.0002996220343874218,-0.00022766977629274155,-0.03949941415871221,0.00419707485558918,-0.0053530953129581026,0.004871869293244164,0.006745766506410097
0.87228465,0.8000316,0.58282423,0.8301926,0.94,0.88,0.75249696,0.5385584,0.50466037,0.93697226,1.0,1.0,0.98878,0.38272277,0.43949056,0.55075896,0.6746819,0.001964307743371105,0.00019105071234617652,-0.0007875829605449312,0.002057619567037051,0.008539004080346966,-0.00126152287922551,0.002009108845764592,-0.0008755947063645866,0.007691933910048947,-0.0009369249505062702,0.00044478234520806126,-0.00042534468303650206,0.11136846389482712,0.003753854433014373,0.0023438941575845335,-0.004950631197925866,-0.005100260235305932
0.7758395,0.79398036,0.75467396,0.8120528,0.8780431,0.88,0.88,0.5913585,0.6208095,0.9169722,1.0,1.0,0.5033591,0.84138674,0.48074055,0.55439544,0.43023735,-0.0002309926483724249,-0.0006517762551962046,-0.0030540878158354145,0.002939610893426245,0.002235093018739739,-0.001254160350543051,-0.0016774147991445302,0.003307932002526701,0.0032963600231244385,-0.00013907949716597786,0.000190175582610441,-0.0002826014362853664,-0.007992907375935743,0.010514994638201942,0.0006255894712543896,-0.0031414772581206184,-0.0035949834216437064
0.89891636,0.7624124,0.96257967,0.94,0.94,0.8841149,0.6596881,0.63871,0.5484102,0.6553457,1.0,0.6553457,0.4446569,1.0,0.72824055,0.6034863,0.6691263,0.006036487867807737,-0.0005527584896371194,-0.0034983310649363986,0.006681391646662059,0.0031471470989714056,-0.0011297879871016475,0.005594705688635033,0.007145616447968885,0.0038230231704963744,0.007332968173240718,-5.9151542466306314e-05,0.0034214623930903893,-0.019519279276659654,0.013536069536868443,-0.003940514473094962,-0.006029886118345047,0.0046595823803141645
0.9231587,0.9655172,0.20526178,0.20115654,0.20115654,0.88,0.88,0.4676068,0.40561786,1.0,1.0,1.0,0.32887933,0.32887933,0.73324054,0.5098499,0.52134854,0.0029831139902841896,0.0014541584893152117,0.008781068250860127,0.0007485000156385904,-0.006726362190328676,-0.0007324920069512314,-0.00017433162632881063,-0.0011768435792484057,-0.005529406281887251,-0.004163747878438235,2.179704305693725e-05,-0.00030593160203748926,-0.05368090120088629,-0.012082194777848974,-0.007693516586931204,-0.0011823448717983246,8.181176078304669e-05
0.90217984,0.73999125,0.69784784,0.94,0.99229723,0.9343218,0.88,0.5097585,0.7771744,0.9169722,1.0,1.0,0.63014144,0.7006036,0.44824052,0.5962136,0.57801515,0.003884827105625527,-0.001937601000210567,-0.0026722504537344993,0.0022410661720932436,0.005258890068029151,-0.000817075970293261,-0.0013300097235103032,-0.0012819646425446096,-0.0011669041295185134,0.00047552282451159765,0.00019893002772882102,-0.0003418250672489606,0.018196576493426667,0.009276042601150612,0.0009708541645443095,-0.006671448203399476,0.0013412495058603645
0.76371837,0.7402117,0.77944696,0.94,0.94,0.7655684,0.773659,0.6133586,0.63135463,0.9169722,1.0,1.0,0.86241007,0.5085949,0.5982405,0.51348627,0.54468185,-0.0003381764530857188,-0.0022368962606539654,-0.005006554424923136,0.0023592021914326787,0.00958996803908212,0.0016822160399202035,0.002658725190178556,0.0027387168451834926,0.007696602568237284,0.0004986681775505296,0.00023291273819162143,0.0003211882474607229,0.06424960513904786,0.019962519899749336,-0.0016217760931658348,-0.0018222518632646564,-0.0002180217164958248
0.7912241,0.79398036,0.5360478,0.94,0.47746706,0.75608623,0.88,0.29975837,0.74808395,0.9169722,1.0,1.0,0.6850374,0.51931393,0.46949053,0.52985,0.11801508,0.0005953345192166118,-0.0004537155563500901,0.0009499380407588262,0.003819341947506636,-0.0026288153153338624,0.0011964843108441536,-0.002779756212171665,-0.01284376845623604,-0.006296756392963726,-0.00020221184684786792,0.00012704216614192176,-0.000205212874151237,0.016409986869925078,0.010143460370796822,0.0017055729996647007,-0.0020413150717489303,-0.02073723524455982
0.7483337,0.4652682,0.8615217,0.84429127,0.8512532,0.88,0.88,0.49335837,0.5071796,0.93697226,1.0,1.0,0.41122672,0.8855387,0.3582405,0.4198499,0.67468184,-0.0009036013662372191,-0.0019741859557468756,-0.002508851710549367,0.002658773329094794,0.0007689583003615387,-0.00011071098044814688,-0.002699821988045185,-0.0020193554384113728,0.0047786810198808885,-0.0008328130436311156,0.0002008292375744438,0.000186599362215902,-0.02099240362736849,0.018321277685091092,0.0026996826083010243,0.0031896845413713925,-0.0005856340061607831
0.7370866,0.7068212,0.7447902,0.72989434,0.9742972,0.88,0.88,0.33960694,0.29994345,1.0,1.0,1.0,0.2431974,0.2431974,0.3069905,0.48984987,0.61801517,-0.0005026451130253719,-0.0008004513786402655,-0.003578531772181838,-0.0013510784002991486,0.0066890446873044615,-0.0009568041687291373,-0.00014385519860212734,-0.0008696653060157977,-0.009736401527776769,-0.004338989621935772,-0.0007629285905022364,-0.00020703072074542596,-0.06742661712774184,-0.02224383516410081,0.007591870219145722,-0.0007317668296137102,-0.002061108032731825
0.8219933,0.85428894,0.39735106,0.94,0.38940403,0.7509752,0.88,0.5537584,0.4892307,0.93697226,1.0,1.0,0.9504086,0.40549785,0.5369906,0.5580317,0.7113486,0.0014945671560721125,0.0018842673853108965,0.003727925471364296,0.0011153793488577353,-0.010511632250894092,0.0029494611708264272,-0.0006209295514549827,-0.00037513080857698694,0.0054988714596167845,-0.0011010522697605578,1.9816197214667375e-05,-6.997836514357564e-05,0.08859842766445972,0.0030319802250766024,-0.0012794619039432895,-0.004997677624455271,-0.007548830862586009
0.5711193,0.7449196,0.7304754,0.94,0.94,0.8091359,0.71241957,0.22520691,0.20435052,1.0,1.0,1.0,0.1656896,0.1656896,0.42574054,0.271668,0.55134845,-0.0040610002663959,-0.0003868961053860008,-0.002526200829519135,0.001370989546233058,0.004688152747786367,0.00022257371261311676,0.0007887181933152282,-0.0004416975194307809,-0.007717460613278856,-0.003523572493127542,-0.0005955854467518574,-0.00016115053332776705,-0.07251470552629144,-0.01817470456352325,0.002517213321350351,0.011339913261126959,-0.0004138506645757397
0.4397673,0.3752249,0.8793797,0.94,0.94,0.8199039,0.19526088,0.064806975,0.072384596,1.0,1.0,1.0,0.058690213,0.058690213,0.16824055,0.1498498,0.44579294,-0.005452677872594971,-0.002555700136893852,-0.002488606986964151,0.0015712960892518342,0.004685887692724545,5.987938757720742e-05,0.008095705607978761,0.003198232594756275,-0.01223309494365114,-0.00313650278069197,-0.0005040445908713752,0.00019057935794264153,-0.07097572634369699,-0.028596702250796815,0.011255576986461464,0.017568165286935503,0.0010775978708518269
0.7175645,0.5486881,0.78137136,0.94,0.7443053,0.7562161,0.88,0.1440068,0.13670708,1.0,1.0,1.0,0.11084358,0.11084358,0.38699055,0.24984984,0.42357075,-0.0014740385600491021,0.00026941459694563213,-0.0023171281403368536,0.0014687573099415663,0.0002469391013109587,0.0007703104476489773,8.374554347468e-05,0.0021973220403549588,-0.013306004033589504,-0.0035030161586975693,-0.0004501912532930258,-0.0002349506661947675,-0.062225985767578845,-0.026630778030948158,0.004519366393908233,0.010216370743045124,0.002808633852908085
0.856026,0.8239842,0.80166125,0.94,0.77313286,0.93028706,0.88,0.78141296,0.66080034,0.2880742,0.2880742,1.0,1.0,0.53578407,0.6282405,0.67530453,0.63912636,0.0017988596126626518,0.0016599191139404987,-0.003627368046836604,0.002748112329438241,0.0019017797464783476,-0.0015467683464802972,-0.003072355295357007,0.011107893427405655,0.003466292018297288,0.012090157810361928,0.0035932484991815982,-3.5796783631658614e-05,0.07717052960648328,0.014171507777358691,-0.0010283887410876052,-0.010649608837281579,0.003449752772213425
0.7110375,0.59239334,0.8036257,0.94,0.8676017,0.71567416,0.88,0.51455843,0.63130915,0.9169722,1.0,1.0,0.5118723,0.8066455,0.39449054,0.5353044,0.5680153,-0.002719214937673112,-0.004112995666192164,-0.0022005803114092774,0.005332821266013088,0.0018204686023229294,0.001981699021377721,-0.0015675157494020187,-0.0014633349122009829,0.002954499407046526,-0.0002854569669345967,-0.00013083108898992058,-0.0005118474320735931,-0.007298881587903063,0.013279085487074824,0.001677829555515437,-0.0027811480372298726,0.0010483240130585152
0.76342696,0.75829464,0.666765,0.94,0.64008796,0.6396218,0.88,0.62655854,0.9118761,0.9169722,1.0,1.0,0.739359,0.6670958,0.8532405,0.5389408,0.44579282,-0.001732067620596104,-0.0010565163656242782,-0.0017520031813896583,0.00403082630665046,-0.0002284103616384535,0.004587813954254694,-0.0014756426203492066,0.006393841465824024,-0.008512070853618225,0.0002840390303785795,-9.94454152508091e-05,-1.2949158898188374e-05,0.03246158007344105,0.007448516031623261,-0.005670865590938657,-0.002569625242752108,-0.002363904073046793
0.8107462,0.5789841,0.86522084,0.94,0.7338649,0.8836999,0.88,0.5445584,0.8097049,0.93697226,1.0,1.0,0.80904406,0.518304,0.6357405,0.64984995,0.26023737,-1.1159666484308675e-05,-0.0008954332282392432,-0.003841071081050713,0.005864763837509066,-0.000262737026667646,-0.0005724247008170158,-0.001792045837866989,0.0006078323591916521,-0.0028038349317066175,-0.0006005554661584264,0.00034323811168390604,0.00025158621186945984,0.039289408687254494,0.014113694746691772,-0.002825305777148425,-0.008384639054872838,-0.011037612201141118
0.7876693,0.8000316,0.62474513,0.94,0.6772387,0.6880367,0.88,0.52070993,0.45013615,0.48083293,0.48083293,1.0,1.0,0.36497527,0.56449056,0.39166805,0.6546818,0.0002266559932791147,-9.078011795231589e-05,-0.002029414176401078,0.002591766844342054,0.001296602111341299,0.0025826725599986822,-0.0012162005928768689,-0.000695130935838039,0.00712640305037855,0.011427499582952323,0.0061942772877968295,-0.00022232218817895625,0.09063571291334771,0.016038586662836023,-0.0008362246959991735,0.006371831290350635,0.0015381362426957748
0.72496545,0.6547713,0.8466803,0.94,0.9742972,0.6523588,0.88,0.45390984,0.3964368,0.49397412,0.49397412,1.0,1.0,0.32143524,0.54574054,0.47803167,0.4635707,-0.0006149477238925056,-0.004238119030355565,-0.005742404922433345,0.0021971317200077003,0.010669923823001852,0.0030108356719537183,-0.0016627828635016686,-0.0019054234428904373,0.007832808876239092,0.010764341922391247,0.0025288878882269196,4.0654333653141195e-05,0.08785995500005489,0.017327680009319793,-0.0007102652115354681,-0.00013884760332314388,-0.0005599175452603051
0.0829491,0.530268,0.56901675,0.9742972,0.94,0.88,0.37511092,0.03800705,0.052603353,1.0,1.0,1.0,0.042651366,0.042651366,0.05074036,0.42712262,0.07357078,-0.011306441374302605,-0.0018778443409540274,-0.0014255279929095074,0.0023623307339092235,0.003368915581259253,-0.00036387906877857366,0.0021671055630176294,0.004529534600263485,-0.01569826295301178,-0.0026683360805665147,-0.0007319200968017584,3.719766157010973e-05,-0.07287073384078072,-0.030027225329754277,0.017149799755089623,0.00314998860829662,0.010904953299164544
0.9231587,0.9655172,0.249637,0.24464425,0.24464425,0.88,0.88,0.47920707,0.41414496,1.0,1.0,1.0,0.33579323,0.33579323,0.5657406,0.5043953,0.66912633,0.0019907846565593206,0.0019359021480254274,0.007200407575387494,0.0008442619976562314,-0.007013895979392151,-0.001352511095659937,-0.0001129991284154885,-0.0015903591530102982,-0.005958002803291273,-0.005068209107136049,0.00010625839912084253,-0.0003192910921910352,-0.05336613315667371,-0.017983326717774663,-0.0018468238846468437,-0.0006813825671187392,-0.003099569311197173
0.9231587,0.9655172,0.16525267,0.16194761,0.16194761,0.88,0.88,0.5640614,0.47842392,0.20894541,0.20894541,1.0,1.0,0.3879113,0.5719905,0.4380318,0.62468183,0.0016833664902310159,0.005646474017744283,0.011820935444577105,-0.004804695912353327,-0.01809593771263338,-0.00045386320080367375,-0.0009726627442283796,0.00036772398847031247,0.005948142709007815,0.01774613789211931,-0.00045693478826835693,0.0001590855166916591,0.07688321123184746,0.012234644438095839,-0.0010212493460061921,0.0034503343979987383,0.0019605397894642998
0.5947789,0.7296301,0.8604439,0.843235,0.94,0.88,0.52795166,0.22880691,0.20975238,1.0,1.0,1.0,0.1700695,0.1700695,0.6469905,0.35530445,0.19801511,-0.003380008997891608,-0.000392097266213289,-0.004209367169313004,0.00019953636285916093,0.0031958354087849587,-8.680522939721918e-05,0.0007801999309853401,0.00011657503550266208,-0.01616770645930749,-0.003278462367825568,-0.0003494325133245421,-0.00033655163145330516,-0.06827642157722515,-0.024477902977598415,-0.0035376633078486376,0.007380106769794209,0.007096517280521807
0.9231587,0.9655172,0.10035297,0.09834591,0.09834591,0.88,0.88,0.33415854,0.32382512,0.93697226,1.0,1.0,0.9534251,0.26621273,0.37574053,0.340759,0.3902374,0.004385332078072137,0.00266240313824254,0.01584139111477002,-0.009649230038950239,-0.023109019766399355,-0.0018597670608046968,-0.000617655107867013,-0.004555560386423547,-0.009162660277030964,-0.0005878352635972446,0.00020058560006371237,-0.00020104529298468982,0.09202046082002006,-0.01222234594623052,0.00883792435963868,0.010325168165702725,0.0026616239309559552
0.90690005,0.9816195,0.23370847,0.94,0.2290343,0.8986786,0.88,0.53895843,0.79357904,0.9169722,1.0,1.0,0.71648705,0.6170957,0.6744905,0.540759,0.4257929,0.006153876912821219,0.003834337101330623,0.006280027133971595,0.004896681733749057,-0.008643124135683787,-0.0010506077786228034,-0.001953406317036676,0.0005678561324294737,-0.005088927775183463,0.00038770619430871607,-0.00023468958429132634,-0.00013679449681580885,0.028008912613977532,0.01185979662470633,-0.004151205180332747,-0.00294553881461001,-0.005021249927699859
0.7178558,0.7384865,0.75337887,0.7383113,0.94,0.88,0.6166444,0.4792614,0.41500542,0.45162007,1.0,0.45162007,0.33649087,1.0,0.7132405,0.32166803,0.61801517,-0.002597777386176025,-0.0005381794736530895,-0.0027832975076992074,-0.0001406441700502985,0.006695844894563294,-0.0018946600205198211,0.005953184677143445,-0.0017925563617643273,0.007212537398489729,0.020482392633461223,-0.00029525559349224983,0.004780296523323579,-0.02932560959994006,0.018752645271068343,-0.006257604553899683,0.00947186108957563,0.003534619818581424
0.7876693,0.85880697,0.7441995,0.7293155,0.94,0.88,0.7562161,0.61806154,0.5321427,0.28351858,1.0,0.28351858,0.4314671,1.0,0.5969905,0.4562136,0.6380152,0.0009161524615267844,0.00022034112694749474,-0.00251481438149613,-0.0009946393225394236,0.005430880961356655,-0.0011628879375674137,0.0017393708518339721,0.005851697753818285,0.00447823617840142,0.020045535203390422,-8.228974950404812e-06,0.0074865944676386275,-0.011290389720163581,0.006674940915375476,-0.002659048531623215,0.0009963707771105529,0.005565027810307096
0.25515202,0.5683466,0.8242116,0.94,0.94,0.8433489,0.47706518,0.4321585,0.67967266,0.9169722,1.0,1.0,0.7937433,0.5252299,0.59824055,0.4180317,0.37579283,-0.019677983462303598,-0.003032219696780267,-0.004320236997411721,0.003181437099127414,0.006451228080313131,-0.0001481486213336512,0.012144401824410256,-0.0033280574467158103,0.00690877249976658,0.0007680444631531279,3.4324260585721775e-05,0.00026600680572661835,0.05876774304913437,0.01779833803235816,-0.001956334150887216,0.00484736099629483,-0.004789524418244172
0.8175645,0.8793482,0.73061424,0.94,0.94,0.78004396,0.7081618,0.38200682,0.3351464,1.0,1.0,1.0,0.27174032,0.27174032,0.61824054,0.47894078,0.6069041,0.00042604733385191056,0.0006189767168614348,-0.0031191577872683963,0.0004506644867271095,0.006133738637430641,0.0012350859922050166,5.2084853807535094e-05,-0.0022710190843068896,-0.009195918366172846,-0.003385015701444555,-0.000611691999156595,-0.000543303410375135,-0.05945037981164979,-0.02472874248591494,-0.0034382679601949206,0.0007895368166658932,-0.0020707681916786263
0.8415154,0.85560083,0.787977,0.7722174,0.90833646,0.88,0.88,0.45735848,0.53927374,0.9169722,1.0,1.0,0.87953687,0.40164283,0.52449054,0.40439528,0.39579296,0.001450312011671076,0.0012669629349311045,-0.006230654758668236,0.0019767222147073172,0.00806156316812373,-0.0009537258762392285,-0.0012173617967502232,-0.0031939791228574226,0.00867194076378016,0.0002596916069544069,0.0006841669856266033,0.00021723992393792995,0.07601201626738596,0.01897493345461805,0.00043484868452249093,0.005774302246603575,-0.0010747975220981975
0.8332404,0.6856538,0.6181519,0.94,0.65186876,0.5994112,0.88,0.40095848,0.6583544,0.9169722,1.0,1.0,0.5338009,0.72509354,0.10074043,0.48894075,0.615793,0.0018766358674291179,-0.002613929489484958,-0.0005573191194549341,0.0026993343563554485,-0.0021896630470074297,0.0022042294738927708,-0.0008965342661849754,-0.005166474504098504,0.00022739503091852325,-0.0007373493943454844,0.00019436842318428044,-0.000649167448405267,-0.002320067406221901,0.0077534055962184744,0.0071717089146039895,-0.0007710823189697171,0.0011277396133112664
0.90690005,0.9816195,0.23370847,0.94,0.2290343,0.8986786,0.88,0.45950997,0.39721107,0.7253458,0.7253458,1.0,1.0,0.32206303,0.5694906,0.45984986,0.4257929,0.0032215237699548017,0.006055304176827675,0.00902204090327906,0.0013041728885015607,-0.016220157240869604,-0.001175584078268626,-0.0011729976475995235,-0.002994685194798409,0.0038907389421801468,0.005836730034590015,0.004080081522239997,-0.00028950203055974,0.09976321162266288,0.003064251819337624,-0.001622633237371322,0.0017599164070180892,0.0017283604763568563
0.7672731,0.7632302,0.8707975,0.94,0.8382191,0.6194941,0.88,0.6232069,0.53507596,1.0,1.0,1.0,0.43384537,0.43384537,0.70449054,0.75166816,0.64134854,0.0004960469879746259,-0.00027487276104458684,-0.0018597019410641147,0.0001891905544899379,0.0012483292896458614,0.00841633141470792,0.00017219172993419464,0.001811998455623995,0.0011219092175524087,-0.004521786394607207,-0.0007429551643983768,-0.000454723878209041,-0.05259978898789521,-0.009460683788687467,-0.007039932250135699,-0.014352312267523917,-0.0036504958531386016
0.92286736,0.7561357,0.67148685,0.94,0.65805715,0.6371174,0.88,0.7913585,0.86168253,0.93697226,1.0,1.0,0.6986615,0.80629987,0.6707405,0.80257726,0.6713486,0.005651018071200443,-0.0010191560165259135,-0.0008529268981436423,0.0033030309775122463,-0.0011788634615589938,0.0022810383470843023,-0.0022132343774818783,0.01899004477654858,-0.00946966450448795,-0.00047753480477373403,0.00011757062183589941,-0.00027798847787391113,0.025801390490043697,0.007832730017529573,-0.001255735595809709,-0.01278423289467045,0.0040491623035178595
0.65987223,0.68462896,0.8567542,0.8857861,0.96716094,0.88,0.88,0.61415845,0.65009594,0.93697226,1.0,1.0,0.5271048,0.8523706,0.25949037,0.7662136,0.62801516,-0.004362981005105881,-0.0014431815214581629,-0.0018148400379496901,0.002942158063192602,-0.0002167774529205236,-0.000640785132462918,-0.0016419376998487467,0.003949765398644307,0.00028438876509099187,-0.0009479608774307216,-0.00016901465933527696,-0.00047367739560237544,-6.494128179347247e-05,0.006710460058239556,0.0020838921700176596,-0.011698170052609019,0.001992793476442565
0.5915154,0.53363603,0.7895212,0.94,0.7778893,0.94859445,0.88,0.31960702,0.28322122,1.0,1.0,1.0,0.22963881,0.22963881,0.3757406,0.47894078,0.44023737,-0.004242062902211613,0.0003997250977882151,-0.002291982605287092,0.002414942217847944,0.000695622068645249,-0.0010764960783110756,0.00030635856168363776,-0.0010621734026845695,-0.010577553916060594,-0.0034374915268221696,-0.0004245455127642172,8.330319696046806e-05,-0.05606335604714245,-0.022017769263909928,0.00485170379832955,0.0010619561439691914,0.0019300857049341358
0.9231587,0.9655172,0.078392334,0.076824486,0.076824486,0.88,0.88,0.34560692,0.30711097,1.0,1.0,1.0,0.2490089,0.2490089,0.48199058,0.6353045,0.25245965,0.0028880901800677583,0.0016894417895573436,0.011422949142097008,-0.0005505968136514214,-0.004688512015226924,-0.000607114727396494,-0.000477914270791481,-0.0004366403425669112,-0.01003646715115887,-0.004096792645188868,-2.8988633255261008e-05,-9.262024976596776e-05,-0.05336016158115148,-0.014124004008496808,0.0015753132885414783,-0.004498984367505657,0.00646986267623983
0.9231587,0.9655172,0.09372453,0.091850035,0.091850035,0.88,0.88,0.47855842,0.6990976,0.93697226,1.0,1.0,0.820047,0.45929563,0.5844905,0.51894075,0.32134852,0.008184093784652536,0.005277415075494199,0.009531936641037112,-0.017554196317983346,-0.019642827993644536,-0.0017248623383005158,-0.0023597995888446376,-0.0027531905109072575,0.002253504937666347,0.0001254111642914196,-0.00024776839279335176,0.0005876448908444223,0.054280011535698086,0.02195858564819872,-0.0028200940942536856,-0.0014481170727838066,-0.017438498935730032
0.9231587,0.9655172,0.26564935,0.26033637,0.26033637,0.88,0.88,0.6537584,0.7192704,0.93697226,1.0,1.0,0.8244518,0.5770224,0.5807405,0.5598499,0.67801523,0.0060973033982711965,0.005489344569193914,0.008045661389277793,-0.004565638208685719,-0.010915809153513804,-0.0006419951872193935,-0.0014168941187693632,0.0024510815888029412,0.008389610952355945,-0.00015719840026845664,0.00013380201817963456,0.0004371454896484095,0.05184513418887704,0.01836177233158778,-0.0012821007307271801,-0.002949970244621422,0.0025710277856264563
0.49833375,0.55447465,0.80236065,0.9045379,0.94,0.88,0.40319058,0.4275099,0.3741751,0.6553457,0.6553457,1.0,1.0,0.30338523,0.63949054,0.5325773,0.34134844,-0.003542162932067115,-0.0029628877639836875,-0.0072627134234967364,0.005794930435450145,0.007226544988699985,-0.001346001779019245,0.0008269223640517829,-0.003013606105461176,-0.003025727251119798,0.010606682637521425,0.004352228859447482,-2.5743512826679455e-05,0.10062253865007247,-0.003911899461452446,-0.004192697582910462,-0.0027120296207144255,0.0011236559086077011
0.8412241,0.7755516,0.58572215,0.94,0.61156476,0.7833149,0.88,0.41470993,0.36081085,0.7253458,1.0,0.7253458,0.29254934,1.0,0.68324053,0.19984983,0.53468186,0.004003174441565238,-0.0004339123614301768,-0.0006586684270750957,0.007330851450674175,-0.0013214837336353188,0.0020791985093420408,-0.0022589149304353827,-0.005818658270246461,0.008216950022488937,0.008041849586062298,-0.0005319803002818151,0.0010064918369509764,-0.045261224658180214,0.014325416903727257,-0.005690530762122451,0.011902841917398727,-0.0005542395807702287
0.06727312,0.4921982,0.77787274,0.9742972,0.99229723,0.88,0.88,0.23375839,0.425339,0.9169722,1.0,1.0,0.8037967,0.35936132,0.38574058,0.27166808,0.34245956,-0.036202722608821895,-0.008411134323248302,-0.004954253999214692,0.004477661447526423,0.013267301205386535,-0.0012162779972664745,-0.0010989308854759447,-0.006099817946844489,0.007549904733623483,-0.00054297829182604,-0.00046405397133342046,0.00044723547343067746,0.05553227421834239,0.016210401376209157,0.00511953605421016,0.013263039583079096,-0.0030590517018073433
0.9231587,0.9655172,0.22026235,0.21585709,0.21585709,0.88,0.88,0.49270996,0.42541006,0.6756142,1.0,0.6756142,0.34492707,1.0,0.6594905,0.30712268,0.74690413,0.008894429801166427,0.0027480044736558833,0.005102977501896498,-0.012721960202510835,-0.01014038955813482,-0.0014509308378457153,-0.001965113188498295,-0.0026830559064017967,0.008512849382266693,0.00951176865541322,-0.0007538729411121345,-0.0017960818449719905,-0.03922711392693024,0.0020500891954242,-0.004667245150341711,0.004601449347139493,0.01163282656887638
0.7749654,0.41040152,0.76278937,0.94,0.94,0.78728664,0.23606576,0.40200698,0.3455836,1.0,1.0,1.0,0.28020293,0.28020293,0.48324054,0.3834863,0.69023734,0.0005064518947721706,6.77905979548837e-05,-0.0018326266867336998,0.0009684191040091436,0.0038885611818675536,0.0004791246929108979,0.007299971872575025,-0.0013631982346112867,-0.010075961621648581,-0.004943467554298639,-0.0009069846099380883,-0.0005318440846487584,-0.055053773908623815,-0.025928858923273807,0.0003675582727764262,0.006384992896987852,-0.0043788952596450145
0.9231587,0.9655172,0.17113277,0.16771013,0.16771013,0.88,0.88,0.4200071,0.36464033,1.0,1.0,1.0,0.29565433,0.29565433,0.69199055,0.37894085,0.55134845,0.0023942646702417476,0.0014657632488716803,0.010104042051696611,0.001756868713870677,-0.008490158177771318,-0.0010761481745415833,-0.00033739479346891316,-0.0009805569659345156,-0.009770260494964867,-0.005042640894588679,-0.0003087050726055951,-0.00029066994673067196,-0.05879063171092204,-0.017782747861220104,-0.005667674466120353,0.00441896774883403,-2.121802111761162e-05
0.84507024,0.5969897,0.7381693,0.9742972,0.94,0.88,0.48360902,0.28560707,0.25427228,1.0,1.0,1.0,0.20616673,0.20616673,0.4807405,0.45348626,0.3269041,0.0016249111904235506,-1.3338935894520177e-05,-0.003139911053345088,0.002392181988669998,0.003972450354256044,-0.00019983886666686233,0.0015170810910725247,-0.0008346204011742795,-0.012163181582480018,-0.004864699659272001,-0.0005036856903607667,-0.00023781132751875356,-0.06829668832907856,-0.029971454910622995,0.0011295210998863573,0.0018194503696221413,0.004702176502662507
0.85247123,0.73816216,0.75277126,0.94,0.6935538,0.7661498,0.88,0.45720702,0.39439622,1.0,1.0,1.0,0.31978074,0.31978074,0.61949056,0.55439544,0.50023735,0.0007138563484249652,-0.0007004386984201137,-0.0021011115122821777,0.0028968125961710183,-5.42229684555023e-05,0.001445228957955997,-0.00010899591001143388,-0.0027911246453770438,-0.00542946907499064,-0.0034409491343811477,0.00010309957693156846,-0.000578307756149849,-0.053717049389654506,-0.018629357448539944,-0.004388699754259541,-0.0029322591469189887,0.0006675661461975588
0.9231587,0.9655172,0.29762664,0.2916741,0.2916741,0.88,0.88,0.71726143,0.60822356,0.5219028,0.5219028,1.0,1.0,0.49315426,0.8294905,0.7662136,0.5735707,0.0015685543544070037,0.005491434814048147,0.008950725318638553,-0.005838137895873019,-0.010892381642254954,-0.0010304708092951575,-0.0006098312065931327,0.006345911483576368,0.012975618562578218,0.011158428624350021,0.0015893705033921549,0.0003358832859951981,0.09055558323943941,0.02057022710617407,-0.009289398136311943,-0.01992553838436673,0.00024820530512192554
0.9231587,0.9655172,0.20597981,0.2018602,0.2018602,0.88,0.88,0.56855834,0.80460405,0.93697226,1.0,1.0,0.76737744,0.59382945,0.73324054,0.30621356,0.615793,0.007753140122283289,0.004043199095014832,0.007238735525302348,-0.009224457475268132,-0.01244032097134733,-0.0014086761281687707,-0.0025100986739685287,0.0009542790574463168,0.004267387427127393,-3.6944519732683334e-05,-4.058263471227974e-05,0.0007220124107985684,0.04734587055059346,0.013098631363130941,-0.006288349266364981,0.0072944589822985465,0.0038120982878284927
0.86045486,0.7205859,0.77725494,0.8916575,0.9097836,0.88,0.88,0.34631005,0.3002851,0.6330234,0.6330234,1.0,1.0,0.24347441,0.37574053,0.16348623,0.73468184,0.0013708864187163539,-0.002233188744907977,-0.003718833738645758,0.0025798765944196255,0.009729736076935617,-0.0013047641347899847,-0.00016980482371157298,-0.003648230373511058,-0.0068306681269829994,0.012592035308040692,0.010747315690430182,-0.0003367934278260087,0.11076420817783386,-0.016334157133922174,0.005367221017811058,0.026205573867816016,-0.00539269439271517
0.7554433,0.5751965,0.93925416,0.92046905,0.878108,0.88,0.88,0.4528615,0.39460042,0.45162007,0.45162007,1.0,1.0,0.3199463,0.6744905,0.4071227,0.38912624,-0.00042686061430131255,-0.006119674302088408,-0.007852240383374523,0.0035835512791216233,0.008083083090738002,-0.0006508337734738449,-0.0014764896836559705,-0.0024266014678683777,0.005703979796441045,0.013458772090176836,0.0016723242955209627,5.238544289255333e-05,0.09209413808932666,0.013168487025947277,-0.003263518184375886,0.0069409024327432576,-0.002026920857271012
0.72496545,0.6547713,0.8466803,0.94,0.9742972,0.6523588,0.88,0.45815834,0.47047433,0.93697226,1.0,1.0,0.88395417,0.39024195,0.2182405,0.47803167,0.4635707,-0.0009030108092703251,-0.0047172895770693805,-0.005741555313265665,0.0013052337126400182,0.008970201460884104,0.0033773650481422357,-0.0017040824121310916,-0.0024261184006001755,0.008794895487452747,-0.0008846163942108632,0.0006226978084865865,-0.0003529363455622204,0.07671978865781737,0.01826530994762404,0.005319327600225091,0.0006438269455254267,-0.0007267429054631053
0.8453616,0.8000316,0.56358635,0.94,0.5974611,0.6880367,0.88,0.4697584,0.46640536,0.93697226,1.0,1.0,0.3781665,0.89846236,0.46949053,0.34348628,0.43023735,0.003250586430392135,-0.00021325326612522244,-0.0005011542034619532,0.007072879630826664,-0.000569315408898289,0.0033030019048781623,-0.001123643792447744,-0.003204137381118708,0.009251597346004066,-0.0004723517071761625,7.751747959594074e-05,-0.00021347762006030863,-0.02115748982531802,0.00828640047758113,0.0007404872406331205,0.004710656572755685,-0.0028685808577760476
0.72141063,0.7068375,0.8728752,0.94,0.8219249,0.57993144,0.88,0.37360695,0.3280155,1.0,1.0,1.0,0.26595852,0.26595852,0.43949056,0.52439535,0.5880152,-0.0010765448088181355,-0.0008046743406508024,-0.002688675034117584,0.0010353882003666039,0.00211697385140783,0.006386558791485295,0.0003902583660758819,-0.002807231090731993,-0.008625172633029497,-0.002867131736618981,-0.0002073184174856968,-0.0005054328498351799,-0.055264219032726276,-0.02493332041350021,0.0024280108464889683,-0.0013904978961740782,-0.0018178771380104276
0.54833376,0.7097082,0.76268595,0.94,0.8412292,0.64698213,0.88,0.5165585,0.60558337,0.93697226,1.0,1.0,0.80325145,0.51554525,0.48824054,0.351668,0.665793,-0.007319090057947594,-0.0030466478137635027,-0.003050722804132209,0.002140057395968541,0.004947197965504776,0.0022400867040528643,-0.001896312711460174,-0.0015302754559399362,0.007309254902207951,-0.0008852287340844284,-4.3057464361427875e-05,0.000397714655228589,0.0439083157972,0.017387896376606093,0.00022560070779021861,0.008703445751333992,0.0018323856768118056
0.7104548,0.77555186,0.71621484,0.909952,0.8015751,0.88,0.88,0.48846146,0.41876012,0.28351858,1.0,0.28351858,0.33953524,1.0,0.2182405,0.5343953,0.70023745,-0.00321743407738353,1.4476710700913574e-05,-0.0029781584849623887,0.005887475151407506,0.0027575224066860382,-0.0012217202943195287,-0.001191002752590154,-0.0017192824025549019,0.008013805835929417,0.023695807442612526,0.00017501488755522623,0.007073416609602213,-0.029236840402463517,0.012027601534407064,0.006092375327720671,-0.0029835857523270713,0.005104441355122919
0.90690005,0.9816195,0.6244244,0.94,0.6119359,0.8986786,0.88,0.9501584,0.80933803,0.93697226,1.0,1.0,0.8946305,0.6698275,0.7969905,0.7671227,0.9269041,0.004969132789592929,0.006600145485005502,-0.0008437138647970618,0.0005620432742412667,-0.0020965320412330343,-0.0014112167331349478,-0.0014085736721512487,0.017450846223296342,0.007553054130651453,0.00018120251538943414,-0.00023943973076350378,0.00010699119736789859,0.07162272635899292,0.021943135368471447,-0.005321238476881087,-0.014437797952829552,-0.0007086873249155029
0.9231587,0.9655172,0.23847942,0.23370984,0.23370984,0.88,0.88,0.40640685,0.3523987,1.0,1.0,1.0,0.2857287,0.2857287,0.70824057,0.62894076,0.32023737,0.0020034820126206884,0.0018523518500251825,0.007058280061746476,-0.00010451994447154188,-0.00363520845212161,-0.0005483246532705814,-2.2601521136650607e-05,-0.0022013056941046546,-0.00809888770400993,-0.00453813565651889,-6.613874722911999e-05,-0.0006566912096530234,-0.057807569584536506,-0.01636372219208929,-0.006447870921743664,-0.004646059229755218,0.0056339604463409325
0.4483337,0.6236855,0.8859103,0.9476599,0.94,0.88,0.54346406,0.44550994,0.38585573,0.6756142,1.0,0.6756142,0.312856,1.0,0.7269905,0.32984993,0.5624597,-0.01628626929782522,-0.00014249835890956688,-0.0015092691188355815,0.005740567458334452,0.005658978973095807,-0.001611025526578782,0.013546606814580586,-0.004238000924631911,0.006482461734385353,0.010378509603555066,-0.00029535853949097773,0.0016439671195677505,-0.0609441344693833,0.019771706357078124,-0.005562985374449829,0.009243454348651082,0.001014539105666321
0.8101635,0.43698278,0.8812692,0.8636438,0.82974553,0.88,0.88,0.55375844,0.74635416,0.93697226,1.0,1.0,0.605152,0.7548878,0.7969905,0.45166805,0.44579294,0.001958155186151758,-0.0005285591267870454,-0.0024397646224463966,0.004479202627012484,0.002398541203321226,-0.0008728335905098282,-0.00262082519983915,0.0012580732201150913,-0.002711268110302201,-0.0006262365551216871,-2.1783187936962072e-05,0.00025070085367546855,0.00705128728456418,0.0012687977045688194,-0.006031172689117319,0.0013115581245268953,-0.004159116485375135
0.76785576,0.7885991,0.9024473,0.92914677,0.8329455,0.88,0.88,0.55615836,0.6112757,0.9169722,1.0,1.0,0.49562895,0.8632026,0.6269905,0.46075898,0.69245964,0.0002711952323487841,8.322073405843381e-05,-0.003447834628020577,0.004923287601466931,0.0022050684324736985,-0.0011231771168251537,-0.0022186508331891275,0.0020846936566167066,0.0054433549723293525,2.3789686741207126e-05,-0.0001589587242037703,-0.00014552420764277457,-0.011538028341674582,0.014484862128972098,-0.003367479302406504,0.0007330513452359356,0.0036675398638828117
0.8219933,0.85428894,0.29745376,0.94,0.29150468,0.7509752,0.88,0.43255836,0.71821755,0.93697226,1.0,1.0,0.7211561,0.5937933,0.49324054,0.290759,0.5180152,0.0013111947895577069,0.0016858005226644483,0.007544569734369965,0.0007166898586370345,-0.011754505126833775,0.0009593441453285894,-0.0018416497587706126,-0.003413906625714156,0.006039338471417454,0.0002556005126520696,0.00017568244653169772,-3.484913144825616e-05,0.043035171398198166,0.01742676609388139,-8.655942214345039e-05,0.010593085064039737,-0.0011588811448265722
0.78382313,0.8000316,0.3703053,0.9742972,0.94,0.88,0.6880367,0.38695848,0.4807063,0.9169722,1.0,1.0,0.38976187,0.81270075,0.15699053,0.37166795,0.32023737,0.00017211429490488189,-0.0004209429791044376,0.004897818744863502,0.004296249208407793,0.004372231433447476,-0.0004589974403143719,0.003048614810104433,-0.005200745104351383,0.008193682220974623,0.00043590861530165277,8.580518942154516e-05,-0.00012506725318834412,-0.023988579865353726,0.013647363748755623,0.009657400520389046,0.00649061219755527,-0.004309991300224406
0.9095808,0.6753124,0.9086987,0.9476599,0.8624762,0.88,0.88,0.65751,0.5545197,0.63139063,1.0,0.63139063,0.4496106,1.0,0.55324054,0.6625772,0.8591263,0.006391750723167434,-0.0017593188570369871,-0.003625587632233693,0.004518558712587869,0.0019358193117154571,-0.0013741378882876662,-0.001617736259707579,0.006483005463123972,0.004568513578998529,0.009291497980479426,9.824109464700304e-05,0.00508814883615867,-0.013637974984389178,0.024461205789766037,-0.0008339836840888348,-0.007221626933274732,0.0018345331824751118
0.90690005,0.9763592,0.56152916,0.99229723,0.49427375,0.88,0.88,0.8159645,0.6944629,0.1448154,0.1448154,1.0,1.0,0.56307805,0.73324054,0.6962136,0.7002374,0.0024794622922555626,0.006921843229857744,0.00010492714405280948,0.0032536896677976446,-0.004319981315815434,-0.0006470684166598725,-0.0013824326889953298,0.012240237532656245,0.005028291229750305,0.016382662707741975,0.006506111024736316,0.00010255488064944613,0.07902198639460485,0.015541624704579681,-0.003732362636739729,-0.012005059871033943,0.003464064904895725
0.71016353,0.87972546,0.7263099,0.94,0.78945607,0.8199039,0.88,0.2316069,0.20926508,1.0,1.0,1.0,0.1696744,0.1696744,0.17449045,0.37166804,0.5146818,-0.0010470310200480666,0.00035140946506686475,-0.002956401036918045,0.0011290601963452214,0.0017177363934533538,0.0003318960948550649,-0.00023629668147999571,-6.715542943279057e-05,-0.012865457937423401,-0.003181040504517825,-0.0003376560225628991,-0.00017368279974456501,-0.07092432344826496,-0.02566728889455883,0.01297192267233719,0.005339711207277149,-9.217174710640049e-05
0.68353176,0.77198356,0.70359474,0.8899269,0.99229723,0.88,0.88,0.67255837,0.71851903,0.9169722,1.0,1.0,0.8235386,0.5678381,0.58699054,0.6134863,0.3869041,-0.0027264577049629295,-0.0006234698275431387,-0.0022808109047177,0.002752939092611551,0.006528746641079719,-2.8875648120927285e-05,-0.0020614163706561494,0.006873864094748227,-0.00235601808233909,0.0006671250270731869,0.00018220194854514784,0.0001287313178333581,0.05547911928508193,0.012192960668715344,-0.0007172760264036594,-0.008198093016531245,-0.006747506558271168
0.9231587,0.9655172,0.49559563,0.48568374,0.48568374,0.88,0.88,0.77175844,0.75502604,0.9169722,1.0,1.0,0.8773688,0.6166033,0.70949054,0.6898499,0.7502374,0.0057498028372969445,0.006047810745367763,0.002170380700585252,-0.0020127059256144168,-0.004379548390228045,-0.0004354418671626753,-0.0024933182208965263,0.007516766586252579,0.0060342966332389905,0.0002925764438408679,0.00021965727022187716,0.0010249061668354512,0.06420767695014364,0.019728401660884468,-0.0030796712019885352,-0.009630197825085625,0.005122719308745768
0.87170196,0.78933704,0.7320319,0.94,0.9420575,0.6756309,0.88,0.49415833,0.5475792,0.93697226,1.0,1.0,0.9141007,0.40543953,0.46074057,0.6216681,0.3280152,0.0025081021933047714,-0.0003454684540202309,-0.003196742090960922,0.0026299904770846344,0.006592395855632273,0.002725975272023881,-0.0013310530486746153,-0.0026900917724489858,0.010577925710573796,0.0002496257088304708,0.00031089747756809865,-0.00011568956996323606,0.07784071619802241,0.023478927951297433,0.001252623510007289,-0.008197033051714916,-0.005132225812290245
0.9184385,0.85539395,0.7553652,0.8684399,0.9420575,0.88,0.88,0.46855867,0.61945415,0.93697226,1.0,1.0,0.89057773,0.38522378,0.74199057,0.48348626,0.1724596,0.00501978650452371,0.001002807916701607,-0.003395175323570374,0.0020665014596989513,0.007437076687811846,-0.001314557061158013,-0.0011459429990555792,-0.0032930106725966675,0.007982211543965166,0.0005497601446426174,0.0002507120100333349,-0.0001371534803991087,0.0748180236211619,0.027438746490731948,-0.007514875141750783,-0.0002560627056608267,-0.016397239051688165
0.7912241,0.79398036,0.5360478,0.94,0.47746706,0.75608623,0.88,0.18200698,0.17139037,1.0,1.0,1.0,0.13896516,0.13896516,0.46949053,0.42803174,0.11801508,0.00048385642420828635,-0.0006029005273567411,-2.4256492553917896e-05,0.0010939878646817288,-0.0012434752990865788,0.0008343690378389768,-4.6459361333379325e-05,-0.000693493434914399,-0.01340956644442704,-0.0035251127478861466,2.680100497179115e-05,-0.00021239134632537778,-0.07486059645556101,-0.027948918759108463,0.0011738626646615462,0.0021187424928214922,0.013752977165118039
0.8483337,0.37967256,0.6466303,0.909952,0.99229723,0.88,0.88,0.5253585,0.7136032,0.93697226,1.0,1.0,0.5785972,0.7259796,0.2819904,0.39894086,0.7091263,0.0033608220910844562,-0.004782716720063522,-0.001076725878013887,0.0019042005607961057,0.006812019404176495,0.0001854516836710644,-0.001545597832379561,-0.0002383303598292445,0.001517379914785134,-0.001210647391264957,1.778140228086332e-05,0.0004081817158007123,0.00015484510252354312,0.008187374236407833,0.0022649922662048606,0.004972279696366041,0.0014737140557984153
0.7566087,0.7449027,0.512947,0.96716094,0.94,0.88,0.6240871,0.2844069,0.25088024,1.0,1.0,1.0,0.2034164,0.2034164,0.46949053,0.30621356,0.49468178,-4.433193969602817e-06,-0.000543843392257424,0.0004558817580823374,0.0019547033931985587,0.004321188927305297,-0.00016274163130427025,0.0012512541080832264,-0.0008927820453762656,-0.01138087035605339,-0.0036563961232611787,-6.647210827677899e-05,-0.0003573360940050299,-0.06686156826217317,-0.025843608091725728,0.0014733421444737649,0.010414232420876277,0.00016380324176392438
0.9231587,0.9655172,0.38632023,0.37859383,0.37859383,0.88,0.88,0.73335844,0.6833285,0.93697226,1.0,1.0,0.55405015,0.89631534,0.8382405,0.5962135,0.7124596,0.008519328180272578,0.004024965170280379,0.002215857357311193,-0.00861652353025558,-0.004856457807897149,-0.0006594277454163642,-0.0035225931827720753,0.008876632911844722,0.002066002585843899,-0.0006790406196817917,-0.00026425156639050423,0.00040860235750473164,-0.0038290137133385384,0.004861000995450574,-0.007839639068410297,-0.003725352820506103,0.008697284132908836
0.7865039,0.79574364,0.85670185,0.94,0.9742972,0.77157223,0.88,0.60935855,0.52928114,0.9169722,1.0,1.0,0.91580623,0.48496652,0.5932405,0.6289408,0.69801515,0.00017470909222671322,-0.0004362800154548746,-0.006209905695014892,0.002600532795985573,0.008670447671660466,0.0014275001322055505,-0.0004892587515319365,0.0023256108007749915,0.008820867432407365,-0.000357039687727205,0.0004890545780258247,-1.1674060029708277e-05,0.07831913123269858,0.015935531792279835,-0.0024517309920276636,-0.010212005915692442,-0.002360097934849572
0.73737794,0.7618177,0.5871898,0.94022495,0.94,0.88,0.5598842,0.34975845,0.39728004,0.9169722,1.0,1.0,0.8951607,0.30467486,0.4707405,0.540759,0.15468185,-0.0007535902072460455,-0.00014657857036135327,-0.000238394888089904,0.0030493064363822844,0.007061302614396692,-0.002091333268366185,-0.00019637309937457076,-0.005301724905319075,0.004061752176591827,0.00014268296023577294,0.0003949555670603286,-0.00041233072819083725,0.09329677135098884,4.985010273716381e-05,0.001495071191082206,-0.003870762526605398,0.0022318998373730497
0.9231587,0.9655172,0.18819912,0.18443514,0.18443514,0.88,0.88,0.5073585,0.61646086,0.93697226,1.0,1.0,0.49983314,0.83678174,0.58699054,0.54984987,0.28690392,0.008355347604318865,0.0014581890884334953,0.003292796949945665,-0.017448970790281907,-0.0047260010894698175,-0.0009720967443721069,-0.0021334587879414295,-0.0015606950404506586,0.0016234399400204156,-0.00017423926918215128,-0.0005582068866996859,0.00016721250475894796,-0.011772755468051739,-0.003975007796818527,-0.0029692868178667594,-0.0017040837673182533,-0.01946450282142581
0.9231587,0.9655172,0.16609108,0.16276926,0.16276926,0.88,0.88,0.38200706,0.3290842,1.0,1.0,1.0,0.26682502,0.26682502,0.7657406,0.39166805,0.43468177,0.002493419975541283,0.001506763335501406,0.009519333654955928,0.0004415181045109634,-0.005706162594400523,-0.000629245451432732,-0.00035702079716836484,-0.0012480631145146087,-0.009514109824050931,-0.003765456323121421,-5.329644720357992e-05,-0.00017266485825097859,-0.047917194183110086,-0.018841606140210704,-0.007663948690436382,0.0030859068958617336,0.002049903816066082
0.86045486,0.7205859,0.9283506,0.9097836,0.8916575,0.88,0.88,0.23840699,0.20875454,1.0,1.0,1.0,0.16926044,0.16926044,0.7944905,0.16984983,0.38468182,0.001484955716382997,-0.0008552848994520798,-0.0037654314677062046,0.0007198799530027197,0.0031751285486807126,-0.0002387942573798809,-0.00034661194635817903,-0.0012602204082938478,-0.012602628429582437,-0.005089846857002642,-0.0009550632417748533,-0.0004510779001087191,-0.06594605887731093,-0.021509838383021326,-0.008317977230400867,0.01615479165395497,0.0025075876662776653
0.19833373,0.530268,0.68307525,0.94,0.9742972,0.37511092,0.88,0.038006745,0.052603353,1.0,1.0,1.0,0.042651366,0.042651366,0.10074043,0.4734863,0.073570676,-0.007083087571100105,-0.002905009367389198,-0.0029119625406454487,0.001169300822363095,0.004233753651176796,0.009887607871556115,-0.00038915295551326614,-0.00023876699398969409,-0.010255377570209188,-0.003102954289773799,-0.001145640197859088,-0.00018862707988175867,-0.08024047501640666,-0.026132613928638262,0.014970332779658136,0.0006111009778910674,0.007605009403511938
0.9231587,0.9655172,0.36079505,0.35357913,0.35357913,0.88,0.88,0.583207,0.4961891,1.0,1.0,1.0,0.40231547,0.40231547,0.6794905,0.6825772,0.73468184,0.0017294018313361104,0.0024090239911745007,0.003106613022008482,0.0010819287446344422,-0.004794958581842204,-0.0010334526386947115,-0.0004532808546183606,-0.0002834996388596398,-0.003466931038355432,-0.005298726372252299,-1.3062631882742593e-05,-0.000829539977576842,-0.0467931185619313,-0.016517913436450763,-0.004664104018494967,-0.007939422107280332,-0.0028824095023767993
0.756026,0.5479022,0.8087397,0.7925649,0.94,0.88,0.6240871,0.3677584,0.6806893,0.9169722,1.0,1.0,0.5519102,0.6535513,0.38574052,0.20348626,0.32023737,0.00030548540445977734,-0.0011731316510851062,-0.0036992349739519963,0.0015749327616037957,0.005059029057843802,0.00023926419033432975,0.009671367043995573,-0.005602759111248513,0.0017006223457605493,0.0003032619229445201,0.00016066805682025425,0.0002603221678379619,0.008203440686632315,0.008861656887060138,0.002139192557350735,0.02041321036869025,-0.008214067328495086
0.8175645,0.5717941,0.9157526,0.94628835,0.94,0.88,0.42328116,0.47615844,0.76448536,0.93697226,1.0,1.0,0.619853,0.67558956,0.6069906,0.5543953,0.266904,0.0017597421490570969,0.0006869006110633317,-0.0029252103299235656,0.004788716272433691,0.001528592234560102,0.00036162594691708274,0.018120569930061045,-0.002828600251729837,-0.00194044977965301,-0.0005979710516940101,0.00016841130618190712,0.00015026003964489236,0.004270129731665961,0.007447225939161017,-0.0014733647475657474,-0.004268256110595,-0.012516233398587963
0.75305396,0.80322796,0.59182656,0.909952,0.61933976,0.88,0.88,0.29615843,0.5561775,0.93697226,1.0,1.0,0.76175433,0.44805542,0.28824043,0.28984997,0.38023725,-0.0002953913057342707,-0.00010469138976387168,-0.0010305935486217216,0.0015550870512932246,-0.0007546662043850486,-0.0006518891591856231,-0.0018381925512278613,-0.007306207045915553,0.00785352379635618,-0.00012060620619398236,0.00033012858412532527,-0.00012161716512863776,0.04580422870301321,0.022067206477680935,0.0036408277943932297,0.011843624219435212,-0.002370530875366164
0.6906414,0.8088155,0.9347385,0.93248975,0.79608583,0.88,0.88,0.48615846,0.41838148,0.93697226,0.93697226,1.0,1.0,0.33922824,0.72324055,0.5534863,0.34690413,-0.0020976288228837636,0.00018975125127632691,-0.011269383906761155,0.0035315386818889957,0.0055537040168061255,-0.001712859614144966,-0.000341538234748395,-0.0017224464334492271,0.004860646029002863,-0.0009776537665543371,0.0017102708452951673,-9.233608388470983e-05,0.10493750091361552,0.005830750351485215,-0.009520098458724527,-0.005383317254046232,0.00028484395216364227
0.8066087,0.800266,0.77634114,0.96716094,0.7609906,0.88,0.88,0.6185584,0.66775155,0.9169722,1.0,1.0,0.8138578,0.56948966,0.54574054,0.60712266,0.5780152,0.0010679895237364907,-0.0002226599973319113,-0.004465668987725559,0.0022472261024525744,0.0023930744877720925,-0.00033900870193875996,-0.001491518492420884,0.003308364920165641,0.006722235571487916,0.0004701229167344461,0.00047652149899339217,-5.0263903685893176e-05,0.0529509815499381,0.018757016353034187,-0.0007430724112186382,-0.007961074781316383,0.00028151382697162204
0.806026,0.6588317,0.8567423,0.99229723,0.94184995,0.88,0.88,0.5377584,0.8328959,0.93697226,1.0,1.0,0.675321,0.67155755,0.49324054,0.5043953,0.58912635,0.00037423741984567117,-0.003478105559742643,-0.004146327845229895,0.004294904005658851,0.005961862233004871,-0.00019656032992787915,-0.002069662326605812,0.0012283230933944206,-0.005781161728638733,-0.0008226399245935549,0.0001484307972765885,-5.9664830374783206e-05,0.018102951161903524,0.005924336734657681,6.636750295087864e-05,-0.0015518276821922415,0.0016290429370747015
0.9231587,0.9655172,0.06124622,0.060021296,0.060021296,0.88,0.88,0.21240692,0.19087614,1.0,1.0,1.0,0.15476444,0.15476444,0.4344905,0.25348628,0.40912628,0.0019324771731267804,0.0012779397737076158,0.013052531520416268,0.0003788987243337439,-0.006863132483247782,-0.0004853956669697062,-0.0001492764524161959,0.001822667876561921,-0.016041027625155913,-0.004486304420819597,-0.00015165701263390702,-6.130254606643414e-05,-0.06762944515703932,-0.024829927513210403,0.002929517445209521,0.008665943049773243,0.0026153706031519204
0.89151543,0.9339215,0.13988893,0.94,0.13709114,0.8433489,0.88,0.39615846,0.574645,0.93697226,1.0,1.0,0.8207106,0.41339108,0.56074053,0.18530455,0.38912624,0.004990145758736225,0.005281232488711979,0.012567930169927348,0.0019159594324832377,-0.02053211712123111,0.00026408990239908163,-0.0030345931628088215,-0.00406482938386994,0.0075455360462665325,-7.511282261546154e-05,0.0001597319665548181,-2.1531448307631206e-05,0.05081364954156289,0.014358808202107765,-0.001236472992033614,0.016604908152560088,-7.200440339163922e-05
0.9231587,0.9655172,0.24222633,0.2373818,0.2373818,0.88,0.88,0.51200694,0.43963295,1.0,1.0,1.0,0.35645914,0.35645914,0.6257405,0.60439545,0.6235708,0.0022222999283882496,0.0022882833038775897,0.007132317617648625,0.0011295154592360866,-0.006898051268462044,-0.0009836435602527615,-0.0003954611550285825,-0.0014512927333977016,-0.004592114964183902,-0.00494965648358999,-0.00030741870058531676,-0.0003761953648787128,-0.05762571449207368,-0.014385018407418454,-0.00423076208886234,-0.0044363436097870045,-0.001409143732584089
0.5249654,0.37273678,0.93101233,0.9123921,0.90392154,0.88,0.88,0.59720695,0.50729394,1.0,1.0,1.0,0.41131943,0.41131943,0.82324046,0.65166813,0.58912635,-0.005984721344321119,-0.00047908878565059007,-0.002650858366346156,0.00047834694770565537,0.003213937061242728,-0.0007679968598081253,-0.0006391958499722614,-0.0003446150602370798,-0.00051526372059655,-0.00493154013240981,-6.783611840725234e-06,-0.00032852256993771436,-0.042838384097636864,-0.010419397903304914,-0.008122362865621926,-0.006440648632179377,-0.0005416335337319066
0.9231587,0.9655172,0.41782212,0.40946567,0.40946567,0.88,0.88,0.7180614,0.6104194,0.46735832,0.46735832,1.0,1.0,0.49493465,0.70949054,0.6580317,0.6746819,0.0021557378949776246,0.006536905313157379,0.0033455564374654185,-0.004491113851898465,-0.007299763795466718,-0.0007140116736406904,-0.0016591487518348835,0.005596790393467032,0.008373942380443953,0.011161429962716525,0.00037404073747364445,1.1053388742718208e-05,0.08369637002524613,0.01687997138247169,-0.004195790294553471,-0.010688926978745534,0.002886793300396399
0.5947789,0.7296301,0.8604439,0.843235,0.94,0.88,0.52795166,0.35895842,0.35028905,0.9169722,1.0,1.0,0.28401816,0.98878,0.6469905,0.35530445,0.36690405,-0.009615042897133386,-9.585837830606513e-05,-0.0006534128448699335,0.004727300301730576,0.0034080753393320572,-0.0019507842718769822,0.01356287729938941,-0.007033208707945734,0.006750350169806051,-0.0009160832139258965,-0.0002999349200419804,4.642042673345635e-06,-0.047888322439636824,0.013508778279275425,-0.004750200930509801,0.006724221879196119,-0.006919055946414388
0.79891646,0.6927512,0.6669824,0.909952,0.68389136,0.88,0.88,0.19200699,0.17977336,1.0,1.0,1.0,0.14576218,0.14576218,0.23324049,0.4916681,0.2791263,0.000687348796785761,-0.00034174545697555984,-0.0017128337192045193,0.0014373487027186601,-0.0002540371343080398,-0.0002914242787329043,-0.000294263181187072,0.0004409755980300381,-0.013164258370089913,-0.003410659800986417,3.226294687322415e-05,-2.483191164181893e-05,-0.06471709048087801,-0.0289053188226251,0.010725262529573731,-0.0003164582389305022,0.0074547271953228625
0.77525675,0.67322963,0.7324397,0.94,0.909952,0.54094636,0.88,0.33935836,0.654985,0.93697226,1.0,1.0,0.5310689,0.6867998,0.4594906,0.24621357,0.30801508,0.00016999601867985416,-0.0020870181333972402,-0.001968087202149365,0.0012379565060566282,0.0028647068474879417,0.002863837115989185,-0.0014607183828426352,-0.007813603365808481,0.0012902624143239574,9.875191837505615e-05,1.888449424023268e-05,-0.0002479868970614568,0.004471582047762801,0.007138173030420291,0.00010564811469368683,0.015351490607641523,-0.006211199008732801
0.82939434,0.882168,0.9481089,0.92914677,0.9742972,0.88,0.88,0.35040694,0.30354387,1.0,1.0,1.0,0.24611664,0.24611664,0.73324054,0.34166813,0.40134844,0.0019117562599063086,0.00044085759306208226,-0.005871243302573686,0.0016448433437635781,0.007175157494724096,-0.0006216058321234578,-0.00013028318722209595,-0.001975391076332332,-0.010563637129633747,-0.0035777669565733527,-0.00010047307966896069,-0.0006323162110886777,-0.06515584500788446,-0.021958204871148038,-0.007289783963475067,0.007564512542050092,0.0029808424325102906
0.764301,0.630085,0.6231068,0.61064464,0.94,0.88,0.8342003,0.44360703,0.38315386,1.0,1.0,1.0,0.31066528,0.31066528,0.58699054,0.5898499,0.5880152,-9.332402074510477e-06,-0.0009796915725026232,-0.000782011588602512,-0.0009374968046399368,0.005695696548168725,-0.0007946602738430583,-0.0006242297361615239,-0.001640900584853605,-0.0060692991653353975,-0.005052816783214506,-0.0002850586205430408,-0.0005591494943462038,-0.054226980927612495,-0.019064875320260053,-0.002347857462153517,-0.004665115690984459,-0.00069791598738624
0.9231587,0.9655172,0.09577088,0.09385546,0.09385546,0.88,0.88,0.38110992,0.33605883,0.6756142,0.6756142,1.0,1.0,0.27248013,0.40574056,0.4198499,0.3946818,0.0026640480087653773,0.00364839422084237,0.020027040816548842,-0.01402353155669913,-0.0215597154257814,-0.0011495814824856877,0.0001063601481275158,-0.003389499496103183,-2.996024713301723e-05,0.009401125470054603,0.0036461249483005632,-2.8196208327636584e-05,0.09783078283345784,0.0010927452223585604,0.003534738532626115,0.004815422240031069,0.0010840894928811943
0.59448755,0.87204504,0.7776567,0.94,0.90833646,0.8727212,0.88,0.4285585,0.49179778,0.9169722,1.0,1.0,0.8609426,0.45786875,0.21824038,0.4053044,0.65690404,-0.0048175344338489525,0.002635641880491242,-0.0045799888070624595,0.000942235587086676,0.008151962936689322,-0.0007585065782337036,-0.0006513075194339804,-0.0026087289681951493,0.007506647945254704,0.00014622314111340968,0.00011134281266080584,-0.00018140462768202067,0.0768701686513488,0.01528868878230374,0.006898515045328243,0.0055299415879739135,-0.0026758671714158266
0.9231587,0.9655172,0.23171763,0.22708328,0.22708328,0.88,0.88,0.5693585,0.7376445,0.93697226,1.0,1.0,0.5980901,0.7661226,0.5794906,0.48803174,0.6446819,0.008028989727660096,0.003635131835900565,0.005840135240958427,-0.008016397620689775,-0.008169970739879545,-0.001094405528886813,-0.002233815284174724,0.00038286711792505693,0.0030433237158845627,-2.976752768903426e-05,7.594764120123943e-05,0.0005031834829947788,0.010280347299559496,0.008121334229224224,-0.002284446976499351,-0.0003912991173220129,0.006518296198877729
0.9101635,0.9268078,0.8894457,0.9742972,0.96514356,0.88,0.88,0.31880692,0.2775732,1.0,1.0,1.0,0.22505936,0.22505936,0.4344905,0.24530436,0.8280152,0.0032809666768580507,0.0014734812395654597,-0.004621683718608461,0.0011502301564366652,0.0061560824651877635,-0.000994413286569762,-0.001020022338417566,-0.0018364643163074463,-0.01082505029825349,-0.004528679738980326,-0.00038785295201840606,-0.0007607081908499319,-0.06608240992328093,-0.024798834935172626,0.002551891032716749,0.014065564821972298,-0.004541401554009966
0.87170196,0.7727125,0.86512816,0.94,0.91604376,0.6563465,0.88,0.47440705,0.40970588,1.0,1.0,1.0,0.33219394,0.33219394,0.3732406,0.5053044,0.8669041,0.0020963351067783014,-0.0007578126656437652,-0.0030119574706351402,-0.00025858363559358796,0.005418733105021873,0.005632594113274564,-7.327158811742569e-06,-0.0024161997997606383,-0.005938471295648402,-0.004250659916733902,-0.0003973144531172285,-0.0013567372135800107,-0.05176259337443707,-0.021947292602521998,0.004642166799355782,-0.0009553240540756424,-0.005599724705433677
0.86045486,0.7168669,0.66685843,0.6535213,0.92764825,0.88,0.88,0.39375848,0.34625947,0.9169722,1.0,0.9169722,0.28075093,1.0,0.46949053,0.4062135,0.5313485,0.006064255362728912,-0.0006867526982256819,-0.0018130898957172297,-0.002311433138139421,0.0032280910761457145,-0.0010645311643428656,-0.0024226809788254174,-0.005201116838890487,0.0066756369712297646,-0.0008504957233921315,2.7590254391591795e-05,9.863411572324376e-05,-0.05423324730735472,0.019706626499552567,0.0021639583724040678,0.00270222907306553,0.0005112949870568428
0.8063174,0.7632009,0.73023653,0.915161,0.94,0.88,0.6660365,0.6869584,0.7905977,0.93697226,1.0,1.0,0.7462472,0.673948,0.5157405,0.7034863,0.655793,0.001131722284695482,-0.0010338008201565309,-0.003308151685815983,0.002762262262912234,0.005279257523504845,-0.0003865991936165762,0.0066820901487882455,0.007096760243286506,-0.00023814017202874348,-0.00023792333483082996,0.0002373871025479529,9.568170856285266e-05,0.040956903349883673,0.014409649375903695,-7.212090033724849e-05,-0.01414973716330941,0.00435115296927745
0.7365039,0.5689234,0.85766536,0.94,0.9235884,0.7522566,0.88,0.44215834,0.6042313,0.93697226,1.0,1.0,0.7808779,0.49974483,0.37824053,0.45166805,0.47801515,-0.0017806289540522248,-0.009397145314194779,-0.006104286849565213,0.0019798186854442738,0.008404389598301159,0.000882734732466769,-0.0010027739050447097,-0.004290252097893074,0.005243487361154446,-0.0006904811476627873,0.00042083069687516876,-8.543304186387735e-05,0.041756462895893895,0.016661546323903386,0.0009223927678828942,0.0020520489388772367,-0.0026636363552787565
0.53324044,0.6344439,0.875344,0.8578371,0.9068386,0.88,0.88,0.5117585,0.54650295,0.9169722,1.0,1.0,0.44311053,0.8627244,0.5419905,0.38257712,0.47357062,-0.012421876250846509,-0.001548692169941484,-0.002570652449017215,0.004692560823316527,0.0029652076623681665,-0.0008590582194054808,-0.003535829534811372,-0.0012992542967118217,0.00603640266564733,6.377194610147456e-06,-0.0004497881010028218,0.0002776840853282016,-0.025258734090237985,0.005550301437396091,-0.0009264246446607699,0.00350754288065677,-0.0023869389642803113
0.5601635,0.5167425,0.8391961,0.94,0.9433281,0.81621236,0.88,0.388807,0.33799773,1.0,1.0,1.0,0.2740522,0.2740522,0.41949052,0.34166804,0.7869041,-0.003700434663935127,-0.002246166402773276,-0.003717984189423409,0.00010635425483601555,0.0059829869069906675,0.00023727945441444256,-0.0005406914567623468,-0.0015693816544041861,-0.0067903649404210285,-0.004010194715752638,-0.0007638364562043942,-0.00021622969758654763,-0.05628504291245913,-0.0162154077708585,0.002977539081922755,0.007209000906074448,-0.0042494695850146015
0.8483337,0.37967256,0.6466303,0.909952,0.99229723,0.88,0.88,0.5637585,0.43972024,0.93697226,1.0,1.0,0.9381185,0.39275235,0.18324041,0.47530442,0.7091263,0.0023405423995565043,-0.012056315294489202,-0.0014496675405429654,0.0010792216019052576,0.010510410265815001,-0.000790061508263322,-0.0008900456911035866,0.0003313545075736961,0.004192020688532298,-0.0010485686181114845,0.00023205801950404613,-0.00021792703075706188,0.08219407885888906,0.008730641823045495,0.007527034341873085,0.00033258480047278216,-0.003603051043251533
0.74477893,0.7573961,0.8281031,0.829958,0.96716094,0.88,0.88,0.5437584,0.4225581,0.9169722,1.0,1.0,0.98878,0.38274667,0.51074046,0.52712256,0.51579297,-0.0009182689000175689,-0.0009190686433849227,-0.0062622723704031736,0.003493660790965903,0.0091472044555891,-0.0009011231727550026,-0.0005172323484989356,-0.000550174185773054,0.004242374989969608,-0.00013065676569791088,0.0005190360363449607,4.5284946649404856e-05,0.11333593080866672,0.008369852325244325,7.551931603541742e-05,-0.002671233178375504,0.00011594848050818192
0.871702,0.65232253,0.80599976,0.87612826,0.94628835,0.88,0.88,0.5225585,0.44730002,0.93697226,0.93697226,1.0,1.0,0.3626757,0.45199054,0.520759,0.76579297,0.002289170808157856,-0.002855424814590653,-0.004658369199321765,0.0010196427003709026,0.008487392958639414,-0.0008016877087695365,-0.0004614024417680325,-0.0004223518036428967,0.0036071790664651353,-0.001225374029525364,0.0016218024326066214,-0.0003142851217635667,0.11550734174406863,-0.0011952104399752426,0.0021238395393452015,-0.003198982864010691,-0.008903456115084743
0.5915154,0.53363603,0.7895212,0.94,0.7778893,0.94859445,0.88,0.5141584,0.81434464,0.9169722,1.0,1.0,0.66027945,0.6188049,0.3757406,0.45075902,0.44023737,-0.0075444188948448,-0.0026010370353816994,-0.0019470763899346924,0.003469955373581987,0.0007330402367923227,-0.00033727936298827936,-0.002673523963602584,-0.0004213444262435095,-0.00464039417478056,4.0590473654758227e-05,0.00037517968054484764,0.0003321426454675955,0.01726808604900982,0.004770138539213842,0.0018404064839898568,0.002157484079266704,-0.0033547594864238423
0.9231587,0.9655172,0.16731808,0.16397172,0.16397172,0.88,0.88,0.3949585,0.3440076,0.93697226,0.93697226,1.0,1.0,0.2789251,0.6507405,0.54621357,0.34579298,0.002947495410124117,0.0017110199827537248,0.019742240145142226,-0.016238260155872323,-0.022063651070811083,-0.002773103848650978,0.0007285448529617544,-0.003367709699144382,-0.008015835747906534,-0.0007863100374524898,0.0016648780246349348,0.00015118999314338148,0.1036991385469414,-0.010990973818154575,-0.008755464487526008,-0.003844552586394964,0.0010263251010976665
0.7672731,0.7385888,0.93101233,0.99229723,0.94,0.88,0.6810172,0.43880698,0.37908003,1.0,1.0,1.0,0.30736217,0.30736217,0.8232405,0.30348632,0.61245966,0.0007002621416081456,-6.9644555943044e-05,-0.00422586933205109,0.0018451869438509967,0.004386136911410266,-0.0007254173575823934,0.0007465202944475358,-0.0019048361035598628,-0.009243018592949405,-0.005035531236610918,-0.000779337327467392,-0.00018318822838163908,-0.06439026217098136,-0.02250897764308106,-0.009528869267039561,0.012609356523553576,-0.002683176529399692
0.5447789,0.6897898,0.80390114,0.94,0.903209,0.5601561,0.88,0.47975844,0.74934006,0.93697226,1.0,1.0,0.6705179,0.61739576,0.41949052,0.50803167,0.57245964,-0.009365880897144189,-0.003657062257765868,-0.004214376469621686,0.0030665080726458684,0.005119800496402106,0.003183925120716582,-0.001196447057076888,-0.002515142430554711,-0.001988343536451037,-0.0008953249568415814,0.0001745243302305588,-0.0002703376151262436,0.018608207287497812,0.008426762563275878,0.000907200243285578,-0.0008340910214596025,0.0002317362547689213
0.9231587,0.9655172,0.19627942,0.19235383,0.19235383,0.88,0.88,0.42040694,0.36876616,1.0,1.0,1.0,0.2989996,0.2989996,0.4919905,0.50894076,0.60468185,0.002133248542786568,0.001749216317923119,0.009029127096929563,0.001633161823225093,-0.006940170391701122,-0.0008002213488553584,-0.0005538142252853533,-0.000975264792045401,-0.009326765199680107,-0.005027344185405801,-0.00020804233792945625,-0.0002706412185553701,-0.06244329793112998,-0.018239654887062532,0.0013682448132540206,-0.00025768321132015835,-0.0016793205458205617
0.9231587,0.9655172,0.34652314,0.3395927,0.3395927,0.88,0.88,0.566407,0.48497763,1.0,1.0,1.0,0.3932251,0.3932251,0.54574054,0.6189408,0.78912634,0.0019425791737769874,0.002470348417414683,0.00440656309834877,0.0018322869745242695,-0.005698123733146106,-0.0007461605802348871,-0.0003078614741076128,-0.000932788379674053,-0.0014777923253404763,-0.004796606710111853,-8.414013107539059e-05,-0.00040624516938166566,-0.04508002191670278,-0.00959050481219158,-0.0011248546598719173,-0.005189087048323042,-0.005895260187200117
0.90631735,0.7857681,0.8950603,0.926172,0.9363606,0.88,0.88,0.8145585,0.7275756,0.9169722,1.0,1.0,0.91905713,0.5702165,0.8532405,0.6753045,0.67801523,0.003792074975285199,-0.0013474296876009556,-0.0072961769501273385,0.003476860324801766,0.008735454245890752,-0.0007708142244124437,-0.000992872875800936,0.00979233969001584,0.008413372054385583,0.0007672725161387228,0.0001673002765432087,0.0002459952422791758,0.07558591061589208,0.02047887591348438,-0.00663637751924136,-0.011360722827314748,0.0014995948200383891
0.9231587,0.9655172,0.02217903,0.021735448,0.021735448,0.88,0.88,0.38455832,0.63680553,0.93697226,1.0,1.0,0.5163288,0.70371616,0.40574056,0.047122523,0.5702374,0.008645117735971302,0.004040084354234916,0.008313915784532543,-0.01698529702776611,-0.021154286114077457,-0.0009787108525932536,-0.0037990167013484733,-0.004926690852819713,0.004037854597883134,-0.0008503043942266228,-0.0004307396596812166,0.0008422127680399305,-0.008649312951545593,0.006498872902672017,0.004766619912639035,0.016899066285432737,0.0019675657193625865
0.37111932,0.55864865,0.8286161,0.94,0.82775754,0.5787676,0.88,0.4890129,0.42503452,0.2189507,0.2189507,1.0,1.0,0.34462258,0.7207405,0.33803168,0.48690403,-0.008758592476294041,-0.0072238979690950325,-0.005084027969605892,0.0015091512748632476,0.005581295640024655,0.00411315431121958,-0.0028922835814558954,-0.0016171232589784368,0.007865112402509386,0.016271444639360474,0.009872351005182883,7.055781821087448e-05,0.07860454526308551,0.01662801453891036,-0.0029369361432951633,0.009266927145815094,-0.0017017595416871079
0.73737794,0.7236303,0.55269206,0.7799421,0.99229723,0.88,0.88,0.34895843,0.5748118,0.9169722,1.0,1.0,0.7322619,0.53423214,0.14199054,0.56439537,0.406904,-0.0012253892096274841,-0.0019231187764082033,0.0018633749642395048,0.0009888998377413794,0.008336831816038058,-0.00020517147200024575,-0.001004101870171686,-0.006075964482461968,0.004758918019556069,0.00048151045142902674,0.00026785788178330467,1.8257589345861692e-05,0.03367949228777785,0.013555605487553643,0.006006328680719448,-0.0049178228394434744,-0.005118638651896774
0.771702,0.4578592,0.5556557,0.99229723,0.6640248,0.88,0.88,0.63575846,0.56771433,0.9169722,1.0,1.0,0.96288455,0.4582114,0.68574053,0.7116681,0.615793,6.877739415269229e-05,-0.011019874471147405,0.00012001605257409946,-0.0009562860890541126,2.4751527606115658e-05,-0.0007739663054747311,-0.0014095948008861273,0.0016842246379955195,0.010162301576898191,0.0005819261314393471,0.0002383966299094107,6.859615687271864e-05,0.08867683116549221,0.01389307330520181,-0.00392922372704752,-0.015023882023651552,-0.001717812273310455
0.7563173,0.8553936,0.7035773,0.99229723,0.94,0.88,0.81621236,0.57295835,0.6181776,0.9169722,1.0,1.0,0.864485,0.46263885,0.45199054,0.60894084,0.3591262,0.0005961757231294533,0.0014430178888357036,-0.00210649388479912,0.0025126228749115897,0.004786831815564253,-0.00021075728545404576,-0.00011746721968371875,0.00045682970568182576,0.00861286455474681,0.0008455103564451742,0.00022213282327377938,-0.00013081728663974452,0.06934832217943554,0.02407017803394015,0.0014978383701192608,-0.008363195365177272,-0.00489903935250826
0.9231587,0.9655172,0.18951918,0.1857288,0.1857288,0.88,0.88,0.5181585,0.555015,0.93697226,1.0,1.0,0.45001218,0.8595094,0.69199055,0.39803168,0.5391263,0.009356599797599778,0.0028625573800954386,0.005030921880830328,-0.015404262322524107,-0.008972221519654298,-0.0008141346350067814,-0.0023409291856924274,-0.00035277584408357614,0.00549552642576385,-0.00027023214533540243,-8.109915561539793e-05,0.00037866011405020354,-0.016232359947112765,0.007389956282397431,-0.008722676381712757,0.002576948761152614,-0.0003073590214799022
0.6447789,0.6622424,0.7629079,0.7476498,0.9742972,0.88,0.88,0.27760687,0.24901234,1.0,1.0,1.0,0.2019019,0.2019019,0.58699054,0.36712256,0.39134842,-0.0027160086088577405,-0.0010778288802906597,-0.0025785382749362257,-0.0006172371257590667,0.004877596991400064,-0.0005966052456653497,-0.000244890935721942,-0.0005653388959185114,-0.011960352918433061,-0.0031619309342832552,-0.0002929428431001135,-0.00027178746627601525,-0.0685333284039689,-0.022283525610089932,-0.0018740968367724053,0.006302837866994343,0.0027281767115135435
0.7104548,0.77578974,0.59338593,0.94,0.94,0.6599161,0.6599161,0.4084069,0.3576122,1.0,1.0,1.0,0.28995582,0.28995582,0.3219905,0.7243954,0.40245956,-0.0004035755988676542,-0.0005376112664432213,-0.0022793003277035402,4.1497553208352485e-05,0.0058988110353144375,0.004640157498664951,-0.0008748284627119421,-0.0021530790042233704,-0.005730927386218292,-0.0033972973987185175,-0.0005159221351135506,-0.0008456293495526687,-0.05321189885885549,-0.019792523076985015,0.0074720254387539995,-0.009350433516142509,0.0038972097636041396
0.92170197,0.91387534,0.52287406,0.99229723,0.4786222,0.88,0.88,0.6493585,0.6236318,0.9169722,1.0,1.0,0.50564736,0.9022669,0.8382405,0.36166808,0.8669041,0.00535398739163926,0.0031509143930263717,0.0006448867751332791,0.0045269812334548,-0.005433896397194758,-0.000528728040571635,-0.0025785889191464006,0.00526269400943573,0.006193710949210455,-0.00034467834759798,-0.00025103236910440697,-6.320050299752115e-05,-0.013261328220031999,0.02036135575455475,-0.0057873206994249705,0.004867777468170471,0.0020599044156569967
0.8953616,0.85560083,0.6367093,0.8724562,0.8637807,0.88,0.88,0.43895835,0.63809127,0.9169722,1.0,1.0,0.5173713,0.7274754,0.3219905,0.4480317,0.34245956,0.006920160381957459,-0.0001919607733634851,-0.0009090319543684261,0.003164175832694385,0.002181423534315616,-0.0008385918869090083,-0.0019987757730526527,-0.0033522973886400513,0.001430321012684792,0.0005738153687561504,0.00021309646168280003,-0.0001373662997650746,-0.0026715381664543895,0.007612769635413694,0.00507881550313541,0.0009755531220331559,-0.00577080976338072
0.7554433,0.5751965,0.93925416,0.92046905,0.878108,0.88,0.88,0.34495848,0.30467802,0.93697226,0.93697226,1.0,1.0,0.24703622,0.5069906,0.4071227,0.38912624,0.001126170480404064,-0.005213178794748444,-0.009130767523582337,0.0021637979159058844,0.008343032443895487,-0.0010568573971802555,-0.00013127087972052717,-0.0035499089260101267,-0.008180798399351487,-0.0011364540120473998,0.0020088823950642474,-0.0004654103131754478,0.10025776297527121,-0.01913345150094896,9.927117018660117e-05,0.005449089833451762,0.004050412168402788
0.49448758,0.5030653,0.88697034,0.94,0.92914677,0.34355572,0.88,0.3772069,0.32589093,1.0,1.0,1.0,0.26423588,0.26423588,0.1919905,0.6543954,0.5757929,-0.0029589488004313695,-0.0021520800456760847,-0.0025017972040541282,-0.0005071051550543342,0.0037265357664402242,0.017249142734278702,0.0002609690651935019,-0.0030596372423065134,-0.008526778355749913,-0.00279679381970977,-0.0005807377175492833,-0.000613951101302056,-0.05867066677921057,-0.025756495716094313,0.012268404667989764,-0.00590310862328615,-0.00027850503886388706
0.9231587,0.9655172,0.23611964,0.23139726,0.23139726,0.88,0.88,0.65166146,0.5575545,0.5219028,1.0,0.5219028,0.4520712,1.0,0.58699054,0.6480318,0.526904,0.009591991517882587,0.0030317313192075664,0.0028557292151717463,-0.020458751178835194,-0.007123260245330836,-0.0016916768449540638,-0.001079396653850067,0.00835875634639897,0.0018217056041989936,0.009845950997489927,-0.0007612670590708538,-0.00010560557814039716,-0.02288340514129781,-0.0170807508660359,-0.002180456732272173,-0.0030660819501346004,0.0006001317690218159
0.9231587,0.9655172,0.35900214,0.3518221,0.3518221,0.88,0.88,0.67495847,0.5778204,0.9169722,0.9169722,1.0,1.0,0.46850303,0.5757405,0.7434863,0.6624596,0.0027374463697599333,0.003172966526784988,0.006605067104139266,-0.005837490784906657,-0.008116440766079334,-0.0013663779440895507,-0.00036129166141177324,0.002833778976059078,0.009995864824026661,-0.0001973875153412746,0.002013629278431336,0.00034138102529368314,0.09248782032122187,0.014691203301048797,-0.00198548720263314,-0.01700961975186382,-0.0008491100615124629
0.9231587,0.9655172,0.091898285,0.090060316,0.090060316,0.88,0.88,0.28640687,0.25513795,1.0,1.0,1.0,0.2068686,0.2068686,0.5807405,0.12348617,0.6635707,0.0020138582067174646,0.0012692382755362338,0.011922564207673004,0.0003713628710544253,-0.008990097375667663,-0.0006001514787279823,-3.295918437707116e-05,0.00030754151437119,-0.011513140798321447,-0.004447119733645663,5.527052966772948e-05,-5.564932628451383e-05,-0.056355762418266814,-0.022549297295397796,-0.0025779172404580652,0.013814896359240776,-0.0031756786081456488
0.814301,0.94290984,0.44782406,0.94,0.43886757,0.85377544,0.88,0.6717584,0.8789433,0.9169722,1.0,1.0,0.71265674,0.7269695,0.7657406,0.47530442,0.70801526,0.0014182214826773847,0.0038236985094786437,0.001730984042133151,0.004241355738775607,-0.004568634736384841,-6.911242967023931e-05,-0.002056173213181246,0.006497042551000884,-0.006509666396558315,-5.592863421641031e-05,0.00021668552982376964,0.00036691907914804283,0.027457709863620696,0.008016554745824293,-0.004660287704302415,-6.338208458450249e-05,0.005081237372263257
0.71756446,0.6922083,0.76497334,0.9081062,0.99229723,0.88,0.88,0.292807,0.26038116,1.0,1.0,1.0,0.21111986,0.21111986,0.39699054,0.34166813,0.57801515,-0.0012005219193229795,-0.00042429426197970917,-0.003727208030011709,0.0008639535606404143,0.007226955611815605,-0.00039529748277716804,-0.00031028030626064474,-0.00013796331854327916,-0.009535352086111728,-0.0049259196763351085,-0.000856602821177025,-0.0005094925342287254,-0.0649830394854515,-0.024483701557052314,0.0044264636457665716,0.007739675566486503,-0.0008547614839901788
0.821702,0.82981414,0.87074816,0.8696024,0.94,0.88,0.64558834,0.5545585,0.6290352,0.93697226,1.0,1.0,0.51002854,0.8673499,0.6769905,0.51348627,0.41468185,0.002541594881085103,-0.0004359703553512221,-0.0024612191853994395,0.0033301429615736774,0.0015853626642079622,-0.0009492901199196918,0.0058103397418324595,0.002397861095603853,0.0032724906718365225,-0.00025836689275137716,4.1700119670305956e-05,-0.00026886699477000203,-0.002595941422824608,0.004370373704052158,-0.0038145960531960443,-0.0018488840205971096,-0.0051704835639040355
0.7566087,0.7483317,0.6613655,0.94,0.99229723,0.6917444,0.88,0.5693585,0.46070272,0.9169722,1.0,1.0,0.98878,0.40827325,0.44199055,0.67257714,0.5813486,-0.001153789195748711,-0.0023282491652199524,-0.0031892717777765337,0.0021956677285802956,0.01204259830658314,0.0037083765139964,-0.0006843942643805517,0.00035645043995922483,0.006374819040972297,0.00012681533937549658,0.00048653132082141626,8.163566029054278e-05,0.09222268647871937,0.011960415275061819,0.002066795492962133,-0.013132886562832074,-0.0003500058156138547
0.8950702,0.8163323,0.7138843,0.6996066,0.79373175,0.88,0.88,0.43375838,0.52232206,0.93697226,1.0,1.0,0.834961,0.4548998,0.14199054,0.5262136,0.5202374,0.0029743052229601464,0.0006073540706019194,-0.0031374306317278546,0.0012317081879522796,0.003197549793764574,-0.0003737514976288608,-0.00039063217356603716,-0.003150422961448092,0.008811231174562758,-0.0008101438735686312,0.0004775066250555491,-2.9372992909501224e-05,0.06802840705828721,0.02085549931707634,0.006884329269154982,-0.0030031631606318382,-0.0009906600916582957
0.81785583,0.785743,0.7357044,0.94,0.99229723,0.6714619,0.88,0.5368071,0.46437627,1.0,1.0,1.0,0.37652132,0.37652132,0.64449054,0.62985,0.51579297,0.0004012319662327358,-0.0001994205504205747,-0.0030859008479636576,0.0017051629102472151,0.006447793240254338,0.004627437374691537,-0.0002751987092859512,-0.0006715445688341386,-0.0021234917054741317,-0.0036329730452208703,-0.0002876130927033849,-0.0010743230823959363,-0.040256045068398257,-0.015356406203317234,-0.005656375110403012,-0.007161073126468319,0.0005248446147110347
0.56045485,0.72020614,0.6322026,0.8916575,0.909952,0.88,0.88,0.08560699,0.09016598,1.0,1.0,1.0,0.073107556,0.073107556,0.29074037,0.4116681,0.073570676,-0.0038628653714096618,-0.0008814755644693528,-0.0015381252062211847,0.0007363423241042964,0.0017862424649074525,-0.0004146330893714269,-8.5892583032842e-05,0.00044450198195567425,-0.013875476599197049,-0.0033102326092385352,-7.748610474951623e-07,-0.0002903471620594247,-0.07263075995609561,-0.02489320498319684,0.007737656232800871,0.002882982149371955,0.011751539983562763
0.8219933,0.68955535,0.82088846,0.91262275,0.94,0.88,0.8199039,0.53215843,0.7904215,0.93697226,1.0,1.0,0.71128285,0.6369119,0.7819905,0.3516681,0.44023737,0.0018122901355914546,-0.001395128972575671,-0.00459278551961105,0.004092939294873758,0.007940778388077413,-0.0003531307877715083,0.0008768962977679122,0.0003430178847300569,-0.002028862176989382,-4.0183515649862766e-05,0.00014183798880060012,7.864349901917887e-05,0.03509556528970003,0.011204755633652,-0.005642018377111275,0.008437564175308101,-0.004269482293693307
0.25515202,0.5683466,0.8242116,0.94,0.94,0.8433489,0.47706518,0.30840698,0.27092585,1.0,1.0,1.0,0.21966961,0.21966961,0.59824055,0.351668,0.37579283,-0.009575926538091483,-0.0010310661486936793,-0.0037175934388555777,0.0010365847778733145,0.0035957958983720327,-2.721534861034722e-05,0.0025085008913874863,-0.00014703496254532403,-0.0090999180360363,-0.0031545960009885187,-0.0006108951798355752,-0.00026859946183257154,-0.05015195427296982,-0.01940088463098076,-0.0027518555508122644,0.006401665465959676,0.0024960088133880566
0.9231587,0.9655172,0.35382286,0.34674639,0.34674639,0.88,0.88,0.7093585,0.62018365,0.93697226,1.0,1.0,0.5028516,0.9534251,0.48199052,0.7325772,0.635793,0.006935388457598034,0.0022084849101231636,0.0026273225864402337,-0.00911611232671468,-0.0008908084192681482,-0.0009816234704877374,-0.0006477286782450803,0.008643612445619111,0.0023518996257123298,-0.00079550392161849,0.000275489349085942,0.0001656339976768402,-0.00922011241427722,0.005936420652441461,0.001068484603916197,-0.006249023246612238,0.0035074210583187254
0.5249654,0.37273678,0.93101233,0.9123921,0.90392154,0.88,0.88,0.6285584,0.5348549,0.93697226,1.0,0.93697226,0.4336661,1.0,0.82324046,0.65166813,0.5213484,-0.015582567354145196,0.0003871212262754448,-0.0015517952018332462,0.006149210593697151,0.0012390961124420618,-0.001381034087441135,-0.002918066235153764,0.004113620858731425,0.00530761866793042,-0.0012434456903327562,-0.00045189367638580493,-0.00015007827055548792,-0.016203854461769477,0.0146297334618335,-0.008451633943943819,-0.004856412986587458,-0.0001054074227837648
0.821702,0.80322796,0.8432553,0.9363606,0.915161,0.88,0.88,0.53935844,0.5563909,0.9169722,1.0,1.0,0.8509524,0.5301344,0.38324058,0.61166817,0.6413486,0.0018126243532034824,7.662557479366991e-05,-0.005356419931248321,0.0036629968063014526,0.007785562704347458,-0.0007529571413129674,-0.001038855296317145,-2.1440911270417166e-05,0.009365144811945251,0.0004179293501306946,0.00039468606132837423,0.00021752675528384057,0.0689976465719704,0.019933468434310334,0.002635940865879706,-0.008184600058236046,-0.0003258452790273843
0.9231587,0.9655172,0.5034334,0.49336472,0.49336472,0.88,0.88,0.9445584,0.80816114,0.93697226,1.0,1.0,0.6552658,0.9230812,0.9582405,0.7943954,0.6802374,0.0072376520525138655,0.0024402135237802615,0.0005179031556649669,-0.006546044493493514,-0.0007267242746779888,-0.0013051786922073272,-0.0016337892099227268,0.027195911684889332,-0.005934513281989209,0.00011982586485350514,-0.000279504511547526,9.609764689530814e-05,0.014606616799956184,-0.0022908098791564148,-0.007965771776445885,-0.006462885610600491,0.009419182719944345
0.5752568,0.57854813,0.8450748,0.9742972,0.9216745,0.88,0.88,0.30566138,0.27558804,0.4308011,1.0,0.4308011,0.22344975,1.0,0.41949052,0.16348623,0.3913485,-0.0158538831095962,-0.0025500482725547124,-0.0005818402395212701,0.010857234764679525,0.00672389579247951,-0.0018083372425414352,-0.002885521228356605,-0.008226301316886384,0.012156518620076636,0.02401509288332614,5.9663924992269244e-05,0.0019234093522181085,-0.04995252925254251,0.011713309528112519,0.0041691878591564695,0.013730241038238873,-0.005860706162833546
0.8640097,0.6649489,0.48870504,0.94,0.94,0.71241915,0.5313407,0.28975838,0.25905472,0.9169722,1.0,0.9169722,0.21004437,1.0,0.48199052,0.23712263,0.30134848,0.0033132996673281216,-0.00019895878951244866,-0.00014591039775663936,0.009350244895959457,0.004579492659653021,0.0026103036606398462,0.01021279514795597,-0.008501454893887326,0.011312517127299198,-0.000634102483685338,0.00016432673732162879,-4.879156368280639e-05,-0.060266738432306254,0.01742397081234867,0.0011724887810162516,0.014269855457007288,-0.006469103441491594
0.38679525,0.55460006,0.81374633,0.92339027,0.94,0.88,0.48732066,0.39126146,0.3425789,0.28351858,1.0,0.28351858,0.27776664,1.0,0.5619905,0.18530439,0.5424596,-0.02609058205247918,0.0006158297260901026,-0.0016800424938416738,0.008595076124117609,0.010314539347067227,-0.0017262253819142215,0.01797293560543114,-0.005151684435924133,0.008339293258852708,0.029890877449174545,-0.0002587720508984652,-0.0013817824027210273,-0.034611670631971195,0.010616342094173826,-0.0010898629013060158,0.01707295381030412,0.0004201105124995136
0.9231587,0.9655172,0.3718341,0.3643974,0.3643974,0.88,0.88,0.7189584,0.61837643,0.93697226,1.0,1.0,0.9504086,0.5051507,0.3219905,0.7025772,0.7180152,0.004452106280928724,0.0058364283526604775,0.006527422755119998,-0.0038806069998268324,-0.009213648629328101,-0.0008289335731282807,-0.0015273518915305182,0.0041544794378704794,0.009860678530870044,3.204091756452282e-05,0.00016125804894674272,0.0003308694939899984,0.0840577541464681,0.018912695906664827,0.003504418895456478,-0.01240355170576719,0.0006963644449801022
0.7835318,0.77198356,0.59647083,0.94,0.5972122,0.65550095,0.88,0.48175827,0.51825,0.93697226,1.0,1.0,0.8296359,0.4345268,0.45074052,0.2771226,0.61468184,0.0004419565863447095,-0.0004895774916530549,-0.0003345517719981416,-0.0007182437479371633,-0.0037422476681845695,0.0034421272282615595,-0.00030964459786500255,-0.0017380053333005806,0.010482690304890073,0.0003541936295460402,5.240215407450205e-05,-0.0002440376206090774,0.07360249215632553,0.015615884202257008,0.0012300667137993971,0.012083679540659618,-0.0017673928969341576
0.8172731,0.7102664,0.92299783,0.94,0.94,0.8836999,0.76669204,0.7321584,0.6467762,0.93697226,1.0,1.0,0.52441317,0.9317883,0.70949054,0.6734863,0.7124596,0.001544981076005688,-0.001255789966606129,-0.0019312370263438292,0.006318284736115065,0.0009835811404843102,-0.0005593186520609402,0.002175878182714755,0.013737577142090953,0.004396269951014929,-0.0005698726201421892,5.5729394839145396e-05,4.413296193963231e-06,-0.0018219277216743413,0.016930483299907484,-0.002653250955411002,-0.008854345175099497,0.005885696991113452
0.80602604,0.5272195,0.87132376,0.9045379,0.94,0.88,0.7562161,0.3809584,0.61714345,0.93697226,1.0,1.0,0.5003866,0.7231688,0.38574046,0.3934862,0.55134857,0.0003925379994925287,-0.0008756274012539593,-0.004493835581419485,0.0031948546585559056,0.00386763474646947,0.0001099816886373952,0.0029227281970425983,-0.004907469422579062,0.006741467281393505,-0.001412365115782275,0.00023807758322314125,0.00026915638785343226,-0.010191469895280919,0.016630236577675005,0.0023796427103169927,0.005107394027482486,-0.0002594949963986449
0.8953616,0.85880697,0.5849975,0.94,0.56753373,0.8199039,0.88,0.40615854,0.41191018,0.9169722,1.0,1.0,0.33398122,0.95384437,0.23824048,0.4434863,0.60690415,0.0055400438296240384,0.0007365561555194729,-0.0011772509881278657,0.004482022995609414,-0.0010228145268864023,-0.00014297819427916295,-0.0010497544403779155,-0.005242665998358952,0.006552381003205452,-0.0007069721480984667,-0.00036057194728747417,-8.905713335542274e-06,-0.04178247084485544,0.01477372058869475,0.006865049035100198,0.0013285285939888519,0.0008073606056935321
0.50247127,0.64036226,0.6301495,0.94,0.64233285,0.59543914,0.88,0.3513585,0.29542965,0.9169722,1.0,1.0,0.9298423,0.2641936,0.48074055,0.17348628,0.38690397,-0.008052454596124546,-0.004239798051203942,-0.00141538894061521,0.0029281196889193515,-0.00011962421722356675,0.007178962133128055,-0.0011588586677861849,-0.003550064666410343,-0.0023949923622853943,0.00015143304247283647,9.5011066664763e-08,8.043738439338353e-05,0.0894737798596116,-0.0011142966244002434,0.0016955628618911542,0.0187908010175998,0.004141096186016193
0.31371835,0.6022891,0.79145443,0.8396191,0.94,0.88,0.45865533,0.10680695,0.10972003,1.0,1.0,1.0,0.08896219,0.08896219,0.26824045,0.2907589,0.24023734,-0.006947900074021772,-0.0007584962605285501,-0.00287258255932091,0.00014211139810475413,0.0031490355946165016,-0.00047576677821123257,0.0021476189205869665,0.003057319166739722,-0.011624717006819697,-0.002858508513571373,-0.0002632502267543441,-6.361769862770413e-05,-0.06217414131320363,-0.023414092874333513,0.007728559566585621,0.008255296199777286,0.004095842396935002
0.75276256,0.7719955,0.7866539,0.7709208,0.94,0.88,0.5958796,0.22495835,0.20607746,0.9169722,0.9169722,1.0,1.0,0.16708982,0.56699055,0.28984988,0.18357065,-2.2957428364826616e-05,0.00017919013597774883,-0.0062086447805710775,0.0021407240727794913,0.007336278723312512,-0.0013449053537819221,-0.0017259714147036997,-0.005043085774333587,-0.018469018659313104,-0.0007590632167376577,0.002210041937263393,5.517850943564731e-06,0.10745270855654863,-0.029215287612554732,-0.0026729046498224934,0.016288874971041766,0.010020618581398799
0.8761308,0.8306761,0.6363518,0.94,0.85710233,0.72358423,0.88,0.38655838,0.67067707,0.9169722,1.0,1.0,0.54379225,0.74876744,0.24074042,0.42166796,0.6535708,0.0031875628528973314,0.0006476817354120523,-0.0011973685548851939,0.0021168746656925813,0.0032344153159323554,0.0015435572000341766,-0.001347362456029725,-0.0053621393621914835,0.002579355711586578,8.884166835873855e-05,0.00027638088917876356,-0.000256374625401756,-0.003677481073388468,0.008019452173217097,0.004395181511229961,0.004861373121233081,0.0038551819729229935
0.74477893,0.7573961,0.8281031,0.829958,0.96716094,0.88,0.88,0.39600685,0.346762,1.0,1.0,1.0,0.2811584,0.2811584,0.51074046,0.52712256,0.51579297,-0.0006088404364656576,-0.0009639121426943592,-0.004513305377048121,8.143800940472734e-05,0.005722989414091707,-0.0008986329939893817,-0.0004344763464087927,-0.001862504764966613,-0.005142713708716947,-0.004292548685918299,-0.0005636223904937987,-0.00060347244750922,-0.0531408231930798,-0.01673889215309359,0.0006582289604296212,-0.0015632824636719516,-0.00020843605755051133
0.806026,0.6588317,0.8567423,0.99229723,0.94184995,0.88,0.88,0.43280694,0.3747281,1.0,1.0,1.0,0.3038336,0.3038336,0.49324054,0.580759,0.58912635,0.0003020985675822423,-0.00022451539283368176,-0.003191499622521963,0.003890463393486992,0.003972383645044021,-0.0005913374758148021,-0.0002971167457411626,-0.00200822733790299,-0.006441217176693197,-0.003994933260589557,-0.0004613442688590727,-0.00044817646413869037,-0.05077865303371849,-0.020979760666358267,0.001061952831324561,-0.00436722741581726,-0.0014929146981668762
0.42082793,0.5924356,0.9656004,0.96514356,0.94,0.88,0.35127318,0.44200692,0.37634203,1.0,1.0,1.0,0.30514216,0.30514216,0.6569905,0.5234863,0.5013485,-0.0073249327270373385,0.0001284208871139234,-0.0033807759800239616,0.000526790335653103,0.0032785211654621583,-0.0008850380281579762,0.004166865990099448,-0.0016062562153767819,-0.006402206862011825,-0.004205860405119565,-0.0012999104151611201,-0.00015698358482958198,-0.054731263847474114,-0.01653848807287119,-0.00432158131985508,-0.0017995658334571463,0.0005662429192171216
0.8645923,0.8553936,0.7547392,0.8857861,0.8064431,0.88,0.88,0.36655846,0.4985065,0.93697226,1.0,1.0,0.7909007,0.44684893,0.41949052,0.12439528,0.6435707,0.0028718980165688274,0.0016725439707053072,-0.003817848413325418,0.0010917723947507965,0.00503570260386062,-0.0009332971036472379,-0.0012321965164541788,-0.004208109389651954,0.007310233721323406,-0.0013372212450479379,-0.0003029230254270021,-0.00014002973542398282,0.0478581306819751,0.012794071192887321,0.002765795952451643,0.024269877436398742,-0.001847877806967468
0.8856299,0.69215333,0.95546997,0.99229723,0.94,0.88,0.61521024,0.3248069,0.2863676,1.0,1.0,1.0,0.23218994,0.23218994,0.33449042,0.43439534,0.5569041,0.0024484820190747813,-0.0003785865507038359,-0.0037287010762604733,0.0027472442181950434,0.0033944980541266135,-0.0006065180670519804,0.0013339088746585675,-0.001085943169919861,-0.01057247531195007,-0.004109861973775545,-0.0008213008030283476,-0.00025247163491280553,-0.06158818158043028,-0.026331581503220854,0.006305318687714889,0.002891032065072844,-0.0003313276427954555
0.9231587,0.9655172,0.21631882,0.21199244,0.21199244,0.88,0.88,0.5580614,0.48181537,0.45720813,0.45720813,1.0,1.0,0.39066112,0.55574054,0.6925772,0.286904,0.002456007833215418,0.00371762807004898,0.01266541471283783,-0.010041370085961647,-0.011739273702947407,-0.0008273053209392908,-0.00028505529225504367,0.0010456020080975032,0.009122275809381221,0.01071191836690446,0.0016093163860157167,0.0003752454657921092,0.08620735409447329,0.018554981303826816,-0.0010747567142157944,-0.012446800107733911,-0.0059678472384420145
0.6903501,0.69371706,0.92918444,0.94,0.909952,0.5647118,0.88,0.72735846,0.6192682,0.9169722,1.0,0.9169722,0.50210935,1.0,0.6019905,0.84712267,0.63357073,-0.003375208239097028,-0.001257886440952673,-0.0008221112883563497,0.005825509781311626,0.0006702615209608491,0.0065631806983687336,-0.0013580454504551257,0.01355000550960611,0.0010116115801210117,1.0092103075410828e-05,-4.018687353295154e-05,0.0008622717146039392,-0.0029053839063582264,0.014918836990168487,-0.0009284348689977484,-0.014301682247646483,0.0025694886163837166
0.60573465,0.62737674,0.78748494,0.94,0.99229723,0.48775703,0.88,0.46015853,0.62961805,0.93697226,1.0,1.0,0.77835816,0.502991,0.3644905,0.49984992,0.42134845,-0.005392292562482878,-0.005163235452792534,-0.0046042452594602145,0.0021294014529213085,0.00875403526320894,0.0031597242593661024,-0.0014700838261306214,-0.0027451256873415094,0.0011377828303463181,-0.0006406212477910797,0.00020972168113766386,-0.00036086945446288425,0.046173470837513164,0.013820590022999162,0.0018318609293857101,-0.0005179700763929663,-0.003884723913948267
0.9231587,0.9655172,0.35647863,0.34934905,0.34934905,0.88,0.88,0.7497585,0.8654502,0.93697226,1.0,1.0,0.75441766,0.69709057,0.5882405,0.6034863,0.78134847,0.005487804214702097,0.004102631726881832,0.004325283733329004,-0.0026380127057347735,-0.006021671509246785,-0.0004670431794525365,-0.00227498402624497,0.006531578251771238,0.0017226712009156214,6.36193455300933e-05,-5.805430490005141e-05,0.00034224377395150054,0.04073413123764084,0.012302497847855597,-0.0012260048035076946,-0.00507264689989363,0.007901745570966075
0.8989164,0.87916917,0.8454047,0.8284966,0.94,0.88,0.7078924,0.535607,0.46106532,1.0,1.0,1.0,0.37383676,0.37383676,0.6982405,0.6834863,0.49468178,0.0027400839746892958,9.246610738207795e-05,-0.004357448744737536,0.0003878318559870731,0.005981312383690565,-0.0010445019526952267,5.804494939827109e-05,-0.001226458594446202,-0.004587569470467051,-0.004145633085689732,-0.00013949028066242265,-0.0007750867771509476,-0.04545171949246787,-0.017145805478534296,-0.005591607110570806,-0.010310605801759392,0.000994493904203857
0.91430104,0.96590513,0.7443399,0.87612826,0.99229723,0.88,0.88,0.36255845,0.6282784,0.93697226,1.0,1.0,0.5094149,0.74024487,0.46324056,0.27984992,0.39579296,0.004522446040953193,0.0023630829294806967,-0.0046552511773535424,0.003522900152696563,0.009772916437260826,-0.0005267278835451282,-0.0018852416610244743,-0.009251220175720144,0.0006825677108560873,-0.0009267866992529347,0.00038075542805201883,-0.00037623831748891443,-0.007805476859992482,0.00037810814990062587,0.001215802794398499,0.014529547638745827,-0.008137229727105517
0.8640097,0.6649489,0.48870504,0.94,0.94,0.71241915,0.5313407,0.31855842,0.5179201,0.93697226,1.0,1.0,0.83808875,0.3722385,0.37574053,0.23712263,0.34579298,0.0023924220280844956,-0.003209794414257912,0.001982521793364474,0.0019107101838419236,0.006931890649701593,0.0019569597367248737,0.006994959211023651,-0.008111635732091067,0.009293426021365498,3.2163967046944764e-05,0.0002682952123800833,-0.0004299183082265718,0.061313290992202306,0.014161476061509588,0.0029959392337906786,0.0189519079975344,-0.00029775514520443807
0.9231587,0.9655172,0.29415467,0.28827158,0.28827158,0.88,0.88,0.63951,0.54326546,0.6553457,0.6553457,1.0,1.0,0.44048554,0.7269906,0.57530457,0.5335707,0.0030581925253423876,0.005631301640354164,0.010771999535866694,-0.0072110196907627854,-0.013464549181074504,-0.0009548669894777188,-0.0008130989723007204,0.003862680489557224,0.010492472717273023,0.007059630214420472,0.0018431018822189953,0.00013987010230808415,0.08932056045066364,0.018071290152176178,-0.006399151725096761,-0.005690561157721387,0.00034795032118713106
0.9148837,0.9105279,0.6358777,0.6231602,0.99229723,0.88,0.88,0.2808069,0.25057688,1.0,1.0,1.0,0.20317043,0.20317043,0.6357405,0.1689408,0.58023745,0.002434371070632732,0.001303125886895948,-0.0013753143332178596,-0.0013263071142722669,0.00887106132861177,-0.0006777100148354163,-0.0006898342797143744,-0.001861900773901018,-0.009125072284372199,-0.004370848792081151,-0.0005971411109441894,-0.0006990928327061419,-0.062377136489752606,-0.019767056539789017,-0.003614911018840838,0.016298427726220394,-0.00046441989901965954
0.6637183,0.67980164,0.75715244,0.7420094,0.94,0.88,0.5918975,0.4577585,0.5900079,0.9169722,1.0,1.0,0.7787124,0.49361253,0.36574054,0.51894087,0.4291262,-0.0027040397571304535,-0.002568308259651929,-0.004141410232807157,0.0007896808489728055,0.0059507851406146025,-0.0009457078798900129,0.0078012751473516715,-0.003474066834175951,0.009468640498612138,0.0005970503420115508,0.0001831892076573674,0.00012755793226900487,0.04696882715470304,0.020715199717294484,0.002400244119349422,-0.002311647072452312,-0.002914432869898666
0.813427,0.6934851,0.86105454,0.94,0.7933999,0.6031408,0.88,0.44200692,0.3836297,1.0,1.0,1.0,0.3110511,0.3110511,0.57699054,0.65166813,0.37134838,0.0007117801617937181,-0.0006967548796231526,-0.0028602950800968824,0.001455371483844978,0.0010507482448960546,0.005639873111276178,-0.00015517657318444845,-0.0023174204513487246,-0.005774016966233396,-0.0035401881116523485,-0.0004463071683998654,-0.0005040835658179744,-0.06252339333440973,-0.020137111570316578,-0.0032009410949010953,-0.007586746483032775,0.004938822038786532
0.87228465,0.85869503,0.7432656,0.7284003,0.94,0.88,0.75608623,0.46055838,0.3961955,0.93697226,0.93697226,1.0,1.0,0.3212396,0.54324055,0.5053044,0.5391263,0.002103242246251002,0.0014659480742768118,-0.0038925153926594068,0.00048028728361506164,0.006890236621349049,-0.001566191016861931,9.072405514572918e-05,-0.0017865400404490808,-0.0029409027152853674,-0.0007740898118649519,0.0014351626010451284,0.00012836654332365387,0.12579269991233336,-0.010383637455600135,-0.001782633195621755,-0.002041774795214802,0.00035354850972035346
0.8687298,0.6976521,0.5509063,0.94,0.94,0.98459446,0.56927645,0.6545585,0.86341125,0.93697226,1.0,1.0,0.7399803,0.6843574,0.6019906,0.4116681,0.7946818,0.0041163108490134895,-0.0022878840463562305,-0.00016209824720964035,0.002007333156988971,0.007338607488462659,-0.0013344999745735977,0.011158913313353199,0.004216408595602188,0.0010812861763462203,-0.00035529701263206106,-0.00016826987905665087,8.822490425536316e-05,0.035401086933752456,0.015172988748648057,-0.0013983795290161388,0.004289208541961646,0.007469441624874239
0.9231587,0.9655172,0.37965107,0.37205806,0.37205806,0.88,0.88,0.7365584,0.8815512,0.93697226,1.0,1.0,0.81633306,0.6340301,0.74824053,0.72803175,0.5080152,0.0054971927016860475,0.004141998613705655,0.003599812656717558,-0.004688681032842391,-0.004254590642093281,-0.0007685711188492193,-0.001998957034404676,0.01089146694530785,-0.008615175781736423,0.0001482727250109558,8.932313725306257e-05,0.0002485873551722312,0.04404368330894773,0.0054879387049957705,-0.004593153793239127,-0.00817981947799163,-0.001027335135017896
0.5749655,0.6373093,0.8941311,0.94,0.84401834,0.6596399,0.88,0.27295837,0.5375168,0.9169722,1.0,1.0,0.7063344,0.46455374,0.19699049,0.35530445,0.5313485,-0.005746148665314257,-0.005015470475910624,-0.005579048421160808,0.001329162621438014,0.004806023459419283,0.0025931672775864716,-0.0026416864485879345,-0.00672444076445883,0.00805847696125895,0.0005470076890278394,-0.0001896760247656859,7.701642755518892e-05,0.030319687551954123,0.015830793377245772,0.006903137536658975,0.008297778439200461,-0.000604321410713033
0.7104548,0.7385888,0.44271904,0.94,0.50849444,0.6917444,0.88,0.34870994,0.30023554,0.54207706,0.54207706,1.0,1.0,0.24343422,0.42824048,0.21348624,0.6191263,-0.00040963580986417924,-0.0021168112889112262,0.0021382738107306727,0.0002293833986488917,-0.008515813028662562,0.003299952859497317,-0.001524031442589362,-0.004051346460039523,-0.0013996391052319046,0.013000465346816242,0.008095089430472817,-0.00014573722949064893,0.10221433495624228,-0.00477957019018744,0.0029206373334633,0.020579909561186237,-0.0019118735830395866
0.7749654,0.41040152,0.76278937,0.94,0.94,0.78728664,0.23606576,0.558613,0.48278213,0.33505124,1.0,0.33505124,0.39144498,1.0,0.48324054,0.3834863,0.7835707,-0.0005331516087841698,-0.0017698772302856963,-0.0031850968856116453,0.0026613491861756265,0.006538674113385298,0.0004194498421537143,0.023601668215474544,0.0005273892192421179,0.005517515010280607,0.023888639267931562,0.0006190886819426461,0.004901469733662346,-0.02132750523055192,0.021843925727059257,0.00010906385055687607,0.007784826343166469,0.005756876746700883
0.656026,0.57907915,0.82805187,0.94,0.881113,0.43173182,0.88,0.4521585,0.45750797,0.9169722,1.0,1.0,0.3709524,0.9119482,0.18324041,0.37894085,0.9269041,-0.004277185708036555,-0.006178189133414148,-0.0009954983818207302,0.0029513486397774393,0.004654833929371433,0.010379000126612086,-0.0015138853893584853,-0.0026779524541858616,0.005046579786455645,-0.00045588787800799626,-0.0005324128443222726,-0.00030314285521039144,-0.03076658886822993,0.02198509786199004,0.005273284720698604,0.004694895871211363,-0.0002902266783630661
0.89151543,0.9339215,0.31261718,0.94,0.30636483,0.8433489,0.88,0.4440069,0.38742608,1.0,1.0,1.0,0.31412926,0.31412926,0.68949056,0.6471226,0.41912618,0.0023079336456338934,0.0007186910615341308,0.004972604211351173,0.0014367747640730922,-0.003678707704169302,-0.0007450332787112827,0.00022575206444291882,-0.0023401747769964303,-0.005525277770871024,-0.003531976146482297,-0.00036977774783523043,-0.0006110850123998806,-0.05769463139974075,-0.020102591622994628,-0.007034745212933006,-0.006330991931150124,0.003182486424884089
0.52939427,0.6583782,0.84689593,0.829958,0.9049155,0.88,0.88,0.37055832,0.69613487,0.93697226,1.0,1.0,0.5644337,0.6858709,0.1982404,0.40348625,0.5146818,-0.00919335665725776,-0.001765523636508903,-0.004206573561069955,0.0017490538392425908,0.0040677898052497875,-2.5341847529872333e-05,-0.0021711093280323782,-0.00484633223782266,0.0013736088109520194,-0.0008556445419231881,0.00018082495794440653,0.00040840452533825436,-0.0022671556979694655,0.007263909696037574,0.006808214760140543,0.00434760762053429,3.9653924975580066e-05
0.8521799,0.29205373,0.9481089,0.94,0.94,0.713937,0.09878234,0.61630994,0.52450156,0.63139063,1.0,0.63139063,0.42527154,1.0,0.6594905,0.69257724,0.5491262,0.002766414729686959,0.005358979963533517,-0.00015756267292507851,0.0049997381261662095,0.00034413522725271916,0.0007622955260744763,0.023722465851710527,0.0035231602671281716,0.006905474975482266,0.010061189606017349,0.00029488770452208593,0.001688784427907713,-0.019182908950237405,0.025245236045043765,-0.0009514370906920634,-0.013267812383387988,0.0006537384589331999
0.8758395,0.81766593,0.7314889,0.94,0.70460886,0.70849246,0.88,0.54480696,0.47119415,1.0,1.0,1.0,0.3820493,0.3820493,0.52574056,0.65984994,0.69245964,0.0024325083395548407,-0.00016148713788754582,-0.0019829365701134498,0.0010602988663219097,0.00027431715792767473,0.0033711098383872678,-0.00046078569555262495,3.354488799636287e-05,-0.0013757741271299287,-0.004834011268588285,-0.0004291780728956457,-0.0011084490828237635,-0.043334270168223325,-0.017518663628033365,-0.0009562171827001985,-0.009414849740756053,-0.00449359910536626
0.86045486,0.7205859,0.77725494,0.8916575,0.9097836,0.88,0.88,0.23840699,0.20875454,1.0,1.0,1.0,0.16926044,0.16926044,0.3369906,0.16348623,0.73468184,0.0020608083662785413,-0.0004730420461449359,-0.00345447177965681,4.579957671020332e-05,0.004502395806151071,-0.00026641500754896193,-0.00015224988468944586,0.0004723020424867903,-0.01289586846781002,-0.004142976954415036,-0.00037254826232774465,-0.0007085324022411773,-0.06547073546352732,-0.028904638294698793,0.00546375470176802,0.01701796168778934,-0.004740969283532139
0.4057347,0.47498518,0.79154646,0.94,0.9742972,0.8199039,0.88,0.39335847,0.34391972,0.9169722,1.0,0.9169722,0.27885383,1.0,0.26824045,0.48166803,0.5724596,-0.019954374758309797,-0.0026295577629489907,-0.0019074965464006583,0.005913385813832109,0.005127485879380031,0.00047634514733848216,-0.0027303289214366676,-0.003329321882369059,0.006129921055626965,-0.0008964402049864526,-0.0005958730696342011,0.00022831553226861933,-0.05250986214571991,0.023587244355510406,0.008165460334241452,-0.000285036478402164,0.0009289126327066877
0.8912241,0.86782813,0.66495264,0.94,0.5154298,0.830322,0.88,0.39040697,0.3411394,1.0,1.0,1.0,0.27659953,0.27659953,0.5157406,0.61712265,0.3813485,0.003116115734665326,0.0002883563633578272,-0.0018261646978002932,0.002143441456049727,-0.0023189531196348753,0.00031049795693188634,-0.00011180820097451128,-0.002262887117356792,-0.008642807800663687,-0.004565631236143356,-0.00039791699186716105,-0.00036280495711467673,-0.07162781271650205,-0.022242852232688817,-0.0007009751718149679,-0.006209048203016712,0.005107397501812241
0.6870866,0.8000316,0.81399953,0.94,0.93248975,0.85529643,0.88,0.28615853,0.27674595,0.93697226,1.0,1.0,0.2243886,0.95616406,0.05074036,0.30984992,0.5580151,-0.004853726243471507,-0.0007406133858988104,-0.005253891768107553,0.006186468809632585,0.005371767686452245,-0.00018319562875456928,-0.0019613885163111385,-0.007681550399835633,0.007717318088041156,-0.000967064042434045,-8.187555509039407e-05,9.592989914465461e-05,-0.06417955897235796,0.017796657911333797,0.01667978716410097,0.009807503018936231,0.0007380825671720565
0.8373779,0.90331304,0.5097353,0.94,0.49954057,0.8078431,0.88,0.6469584,0.824837,0.93697226,1.0,1.0,0.8478499,0.55631185,0.7269905,0.7680317,0.34801516,0.00205325195388129,0.003043401471731576,0.000980807943106286,0.003768656899730347,-0.002281310230252331,0.0014725834260589988,-0.0018308977081015862,0.009365926365178827,-0.010947917611566431,0.00012652740429358337,-0.00017393497111672297,-0.00014561744815145785,0.05352928822458102,0.007494713322109721,-0.005610579254960899,-0.01435746669254358,-0.009128198615630087
0.9030539,0.85880697,0.800329,0.96716094,0.8549716,0.88,0.88,0.5400069,0.46222666,1.0,1.0,1.0,0.3747784,0.3747784,0.5544905,0.5816681,0.7213485,0.0027672310291150964,9.669307095830312e-05,-0.00351772676576072,0.0021629574242467055,0.003414116696619279,-0.0009255941617914299,-0.0005526996597042115,-0.00012155845090362386,-0.002423098317551154,-0.004407994316126438,-0.00019501026075448126,-0.0011411965071130513,-0.04198590127144255,-0.019585189356268917,-0.0015914970101571068,-0.00534569741125573,-0.004840335582528722
0.8953616,0.85880697,0.5849975,0.94,0.56753373,0.8199039,0.88,0.47175843,0.73618853,0.9169722,1.0,1.0,0.67872685,0.6004769,0.23824048,0.51984996,0.545793,0.004362657708013879,0.0029048970710819043,-0.00029007828996707974,0.002210458423305246,-0.0018999105969140985,0.00014745348940921395,-0.002244519621610617,-0.0035143714785028112,0.0017889476003600253,0.0006325106860974847,0.0001210790502163541,5.5598856760198655e-06,0.021699371271490575,0.010637936022201411,0.003938714809061477,-0.002402563863380067,-0.0007503705453294291
0.6714106,0.7384865,0.81810784,0.9742972,0.8258747,0.88,0.88,0.23960693,0.21393582,1.0,1.0,1.0,0.17346148,0.17346148,0.37824053,0.340759,0.466904,-0.0017954172440564902,-0.0007276280233274061,-0.003380538395877192,0.002055556366505439,0.0018674388967536216,-0.00013017294178640717,-0.00024427164005783866,-0.00013271634381229684,-0.011844307382833597,-0.0033854758378441467,-0.0005535910085974112,0.00013605595594020153,-0.06616268413563872,-0.021536616757530665,0.004243548531227929,0.007328599215646651,0.0014788988788780274
0.9231587,0.9655172,0.2739559,0.26847678,0.26847678,0.88,0.88,0.5605585,0.5387631,0.9169722,1.0,1.0,0.43683493,0.9357586,0.37574053,0.6216681,0.7313486,0.0071889526818939686,0.0015989797398182485,0.0046961926957822375,-0.010621246666791168,-0.001807024369995031,-0.0011099143875872091,-0.0017106548817456852,0.0005181014177341941,0.007627717315058485,0.0002723453580383503,0.0002305281998269369,0.00018137252482540903,-0.019121697738097673,0.01508036570005339,0.0047069534987445455,-0.0037037278520527126,0.005887051283133798
0.8906414,0.77048427,0.7890518,0.94,0.9420575,0.65376174,0.88,0.57871,0.4966739,0.93697226,0.93697226,0.93697226,1.0,1.0,0.5619905,0.5816681,0.6713485,0.0031166548920444712,-0.0009470376585608302,-0.003837140173369184,0.004315007109588295,0.005794665818389719,0.0028908688993789155,-0.002121386338160216,0.003088399028662588,0.00429461073078097,8.323606745493415e-05,0.0009214026940089365,0.00036863293246078196,0.08347000423678792,-0.007867528838006182,-0.0007014287917180937,-0.004482486990676849,0.004472501412416149
0.84507024,0.5969897,0.7381693,0.9742972,0.94,0.88,0.48360902,0.40935844,0.4334186,0.9169722,1.0,1.0,0.3514205,0.95384437,0.4807405,0.45348626,0.40801513,0.002299796055581148,0.0015203004693949752,-0.0018319493479937064,0.007379254104829463,0.002020160168249391,-0.0004232619198860127,0.01169712569613403,-0.005944608047774049,0.007283560384363157,-0.00043576582126831894,0.00026208991293049955,-0.00019627088124458367,-0.03215460298568391,0.01613714035576246,0.0005248906009861063,0.0015805975838328757,-0.004052050569395319
0.8687299,0.63384575,0.5609527,0.94,0.9742972,0.98459446,0.88,0.6269585,0.5667437,0.93697226,1.0,1.0,0.45952192,0.9381185,0.52449054,0.7034863,0.555793,0.005670316865245593,-0.001907039346561344,0.00026412596360428744,0.00479158368425632,0.0010246725317424232,-0.0030714948259793723,-0.0015154835168981193,0.005311528353552772,0.004278559500408117,-0.0007929950808022723,0.00019156591824296808,-0.00014469907987210554,-0.01584356679842835,0.017226334675020348,-0.0009574926628385087,-0.010694792712135288,0.0010847238610289802
0.9231587,0.9655172,0.49559563,0.48568374,0.48568374,0.88,0.88,0.66000694,0.5606224,1.0,1.0,1.0,0.4545587,0.4545587,0.7294905,0.6898499,0.7502374,0.0029861250199811973,0.0016563186696926155,0.0007148378986434886,-4.3388531243954614e-05,-0.0024762665422587288,-0.001420681108288757,0.0001464278890849286,0.0015357077754051698,0.0034403556847030837,-0.005139287621432601,-6.786036140707608e-05,-0.0007870402548123229,-0.035439923771642005,-0.010022014934696137,-0.006683152946800184,-0.010005560052071458,-0.005052461661065043
0.9231587,0.9655172,0.36045253,0.3532435,0.3532435,0.88,0.88,0.7269585,0.84232664,0.93697226,1.0,1.0,0.68296754,0.7630068,0.74449056,0.6434863,0.6524596,0.005847442325115525,0.004364152114386695,0.004105549555467514,-0.004994829315770888,-0.005043242377690903,-0.0009449462352061202,-0.0022281617422833604,0.008136230345730666,-0.0009475495210958429,-0.00035984263649730427,6.592119071140622e-05,0.00030143199186753646,0.025523868825569337,0.007505235511652546,-0.005019939141582063,-0.005728065971561872,0.005890669827025218
0.9231587,0.9655172,0.23827668,0.23351115,0.23351115,0.88,0.88,0.519813,0.44733635,0.3704504,0.3704504,1.0,1.0,0.36270514,0.7507405,0.44439533,0.31023735,0.002177409161028902,0.003383426596657084,0.013632563722817109,-0.008635187392649004,-0.01585485439864521,-0.0015335887905053574,-0.000883250208366788,-0.00017679439745751672,0.00866994915560305,0.017528361170347742,0.0014840627680337284,0.00014551230960724664,0.09888961929627732,0.015064153832838505,-0.008730792641967182,0.0031103842980224465,-0.0044297858892488355
0.87613076,0.54186964,0.57865536,0.9420575,0.5930844,0.88,0.88,0.42640686,0.37199995,1.0,1.0,1.0,0.3016216,0.3016216,0.5057405,0.5043954,0.69801515,0.002766611426638157,-0.0003660170438528068,-0.00017296233938083396,0.0009238341914540965,-0.002366411583348053,-0.000247634614743191,-0.00036305682962296603,-0.0014627172070491357,-0.005349924673631866,-0.003887285059515412,-0.0005545650288084269,-0.00017825522282329114,-0.04253567279882081,-0.01866854643840346,1.4460555914121154e-07,-0.0014116813974409468,-0.004984724994698365
0.81459236,0.8306761,0.83763885,0.8208861,0.89401305,0.88,0.88,0.41975853,0.4569972,0.93697226,1.0,1.0,0.37053826,0.9316181,0.8532405,0.290759,0.122459516,0.0019161336958655115,-0.0007340253652612215,2.5625200188987873e-05,0.0046076138826150834,0.0022636623773888242,-0.0013252301212749926,-0.0017768465226021873,-0.005971593002176759,0.007651771816122315,-0.0005279774641833475,9.865217183791783e-05,-0.000227424619468507,-0.029764335041258763,-0.00023916701926489036,-0.011722858694572989,0.008856230180201765,-0.021784067038064337
0.9231587,0.9655172,0.1903342,0.18652752,0.18652752,0.88,0.88,0.5389586,0.486191,0.93697226,1.0,1.0,0.9316181,0.39988253,0.5957405,0.37439537,0.62245965,0.0039010285145818957,0.004255984461904465,0.012956347497038605,-0.005335952188211764,-0.01920200869885873,-0.0011545017285940656,-0.00026260578891692437,-0.0007126271952156739,0.0058877263569973685,-0.00044501730122118344,7.02192751755966e-05,-0.00018672267129832832,0.09672340965026623,0.0037064037237210085,-0.003155574003946582,0.007282468442486752,-0.0035086453083615914
0.8489164,0.81714875,0.7307501,0.7161351,0.8617921,0.88,0.88,0.37320685,0.33013985,1.0,1.0,1.0,0.26768097,0.26768097,0.36574054,0.700759,0.3269041,0.0013213408279003093,-0.000623661944259379,-0.002900748503474925,-0.0008145433447518524,0.001794845869923309,-0.0005722129141182448,-0.00024985875507212754,-0.0018189797841189279,-0.008619841068021862,-0.003247701046765022,-0.000334454034259851,-0.0004372757713907485,-0.05979833412266263,-0.021168515581565996,0.006144056781611931,-0.008514345176459309,0.0072413796630609074
0.6640097,0.35937986,0.9233832,0.94,0.79771954,0.72358423,0.88,0.17040695,0.16292119,1.0,1.0,1.0,0.13209826,0.13209826,0.26199043,0.20894076,0.4380151,-0.0020575868580674076,0.0010796028164194952,-0.002840214130562491,0.0016687285678400044,0.001078718319343694,0.0011420702464315523,0.0002603425543071657,0.0010275418160894587,-0.014379864751996853,-0.0037254130155767377,-2.3122871878467068e-05,3.133141122114677e-05,-0.0671857170405545,-0.028842449008420333,0.009053155847117038,0.013123412480301582,0.0025447033440275115
0.8323664,0.68202657,0.85139656,0.8343686,0.9742972,0.88,0.88,0.47640708,0.41560528,1.0,1.0,1.0,0.33697724,0.33697724,0.7032405,0.4725771,0.52134854,0.001754512859145212,-0.0012784890880114066,-0.003123231185440459,-0.0002572302852171601,0.00587186980261496,-0.001227769603904139,-0.0004528296861176362,-0.0013077451227508957,-0.007583452543792592,-0.004207878463797689,-0.0006513399061032838,-0.0004552171697833856,-0.0554290986870644,-0.017556833760456567,-0.006698975112776321,0.001079694541783182,0.0002852602927519098
0.06727312,0.4921982,0.77787274,0.9742972,0.99229723,0.88,0.88,0.10600693,0.106273815,1.0,1.0,1.0,0.08616796,0.08616796,0.32949054,0.27166808,0.34245956,-0.010376885797275697,-0.000286608340752234,-0.0026536665703394673,0.0008543533635540951,0.003014212325908618,6.118319362138448e-05,-0.00023536897939180207,0.002159338159501559,-0.014425334913878598,-0.0025280816188504984,-0.00026513055727770107,0.00020306466094132379,-0.06657913372038832,-0.026632778946746382,0.006544801390795713,0.009203899019636618,0.003909555144031277
0.9231587,0.9655172,0.16540235,0.16209431,0.16209431,0.88,0.88,0.5069585,0.73046416,0.93697226,1.0,1.0,0.5922682,0.7093752,0.40074056,0.39803168,0.5935707,0.007573340425413419,0.002770433880674136,0.007443811197242869,-0.008625601618334167,-0.008532135874377908,-0.0008515644748368085,-0.002882346730888072,-0.0016457316320744031,0.0026399331483077993,-0.00095130455008095,-0.00014744922750640037,0.0008852467046406112,0.008789569016262131,0.00814905125074341,0.00451114087598696,0.0036986255495243046,0.004080114117061328
0.9231587,0.9655172,0.40431088,0.39622465,0.39622465,0.88,0.88,0.8073585,0.78910786,0.93697226,1.0,1.0,0.6398172,0.87119126,0.70449054,0.9071227,0.61468184,0.007031115232116431,0.0012066643335993537,0.00024323521764014995,-0.006607626379493788,0.0016197590851410354,-0.0009355580651189158,-0.0011707115319424756,0.016472215712634544,-0.003172186869992679,-0.00029733415603907116,0.00012473163817180728,-1.9780714720093185e-05,0.015292448121336216,0.00495500535748116,-0.004114751106340285,-0.009469327271371538,0.005265979482542957
0.9030539,0.8318556,0.7566451,0.94,0.9235884,0.8166462,0.88,0.64126146,0.54674894,0.42911217,1.0,0.42911217,0.44330996,1.0,0.4869905,0.6453045,0.8169041,0.00447507504097737,0.0008988181617123172,-0.003200577850025305,0.005356239728435758,0.004209708595843743,0.0008422928009022301,-0.0012256619440843383,0.005776792693637466,0.005870161484587604,0.016623194678669212,9.027144101215707e-05,0.009560418999676402,-0.010450616734816535,0.01884605420058169,0.0005292487104199879,-0.0075797535769575085,0.005235861011780676
0.9231587,0.9655172,0.12500864,0.12250847,0.12250847,0.88,0.88,0.38120696,0.33499503,1.0,1.0,1.0,0.2716176,0.2716176,0.38074052,0.5962136,0.5291263,0.0025305801949822453,0.0023962100239462328,0.01235808339585766,0.0025095969889590065,-0.0066450289337321375,-0.0006273045989982429,-3.723604394064994e-05,-0.001132422217830271,-0.0067314018549739126,-0.0034667845100660203,-3.212896742332827e-06,-1.9568350273946254e-05,-0.049412722515618776,-0.01309434549235256,0.0037609256798625955,-0.004052446066334269,2.965405762411749e-05
0.90690005,0.9763592,0.32025927,0.99229723,0.17662375,0.88,0.88,0.5329584,0.68452257,0.9169722,1.0,1.0,0.5550183,0.7561322,0.8232405,0.36621353,0.31023747,0.007909788767323726,-0.0004305879650081655,0.0019193073781598438,0.010125333686604319,-0.004821816250641059,-0.001030854407833687,-0.002265307507344888,0.000187612530831415,0.0019801713240086443,0.0004982179691478726,4.693088274951511e-05,8.195156285423805e-05,0.003610455568881753,0.00980353894373909,-0.013006826829462364,0.004465898244512146,-0.010773134289857031
0.9211193,0.72924906,0.94917023,0.99229723,0.99229723,0.88,0.88,0.46040687,0.3910472,1.0,1.0,1.0,0.3170653,0.3170653,0.6594905,0.41257718,0.6413485,0.0031532444150876283,-0.00043749112094122066,-0.0045162916932658,0.0033448720000270942,0.006891666865879771,-0.001011232903176564,-0.0004426916966361242,-0.0015964383731895233,-0.005990451346098214,-0.0046970592288405125,-0.0006289840117701795,-0.0007892943574387428,-0.05258145363811545,-0.021297292806928003,-0.004641535367713397,0.004895950351396069,-0.0022315337966217095
0.5749655,0.6373093,0.8941311,0.94,0.84401834,0.6596399,0.88,0.14120696,0.136337,1.0,1.0,1.0,0.11054351,0.11054351,0.19699049,0.22530442,0.5313485,-0.002447343240814885,-0.00029493734128769136,-0.0030359745954046833,0.0007498258791315578,0.0018388396183890285,0.0020069280461558208,-0.00025017550262274214,0.001203136254845612,-0.014252238317338682,-0.0027003895559539522,-0.0002887790181363185,-0.00025067806618190414,-0.07225069858719503,-0.025555711671075444,0.010535035390795615,0.011833463256166875,-0.0006198822729241223
0.38708663,0.6557171,0.7866522,0.94,0.73911226,0.5206318,0.88,0.40575835,0.46711677,0.9169722,1.0,1.0,0.84061617,0.39222324,0.39074057,0.2771226,0.4513485,-0.014544869982085902,-0.006267634632133927,-0.005357628124255082,0.0005986761028201712,0.0033919959395220787,0.005241794944896842,-0.0006165719806718202,-0.0036484785284168044,0.008535579064198339,0.0002226665749300648,-0.00012050507969612295,3.4015603274005355e-05,0.05918756338287328,0.017189720303700348,0.002120214627016481,0.01146749679437921,-0.00010189584181378445
0.7678558,0.7564161,0.87958616,0.879692,0.9420575,0.88,0.88,0.7105584,0.85843724,0.93697226,1.0,1.0,0.74713635,0.6677487,0.7657405,0.6343954,0.4380152,0.0002741725455999321,-0.0005860982700342193,-0.003929392959867598,0.0026963708828776954,0.004251944070692633,-0.0006453746661739266,-0.002519555591357686,0.010876384382509841,-0.009074155598831587,-0.00016782157783591187,-5.070331576001369e-05,-0.0005239154225611728,0.024428942223170446,0.003074920039646942,-0.00377027976058531,-0.007317694849575415,-0.005310523463982492
0.77525675,0.6517021,0.8648059,0.94,0.99229723,0.5159744,0.88,0.59695846,0.8644594,0.93697226,1.0,1.0,0.74145013,0.6326812,0.48199052,0.5962135,0.5835708,1.7906911345607155e-05,-0.004195620294075388,-0.0034734297109120064,0.00286393081539095,0.005992333367269109,0.002952819155835184,-0.0027424975803484464,0.0034740558454542476,-0.009248664024273316,-0.0006859854464620352,0.000254138537948087,-0.0008465973531244701,0.0247325867790642,0.0046703064162231505,-0.00027023116782033923,-0.006771140084377968,0.0022839878290389286
0.79862505,0.646919,0.69551754,0.9363606,0.6140924,0.88,0.88,0.41630995,0.3594618,0.6553457,0.6553457,1.0,1.0,0.29145554,0.59574056,0.5453045,0.2424595,0.0006018190803693957,-0.00455553733437398,-0.00449202331347081,0.0032345500020719985,-0.0022514555319774906,-0.0006459335039007453,-0.0013128377388594008,-0.0027744167282277477,0.001120352046891035,0.00870380056875369,0.001743871136791827,0.00015119937521098208,0.09874124670083159,0.003740842496971456,-0.002342264493403936,-0.004345113723296434,0.001755942254071216
0.81400967,0.7686939,0.8225866,0.96814126,0.80595535,0.88,0.88,0.39400688,0.34093043,1.0,1.0,1.0,0.27643007,0.27643007,0.5394905,0.4680317,0.58912635,0.00041780810080636486,-0.0009462880649740265,-0.003384874162761027,0.0025186492083030033,0.002366263155437623,-0.00037911845705617634,-0.000170118079545659,-0.0022699289242816213,-0.008877008105573491,-0.0040663611982228965,-0.00047017706797581634,-0.0004920169298345804,-0.05799037378197362,-0.020611370566064432,-0.0010939366036504256,9.81645553610589e-05,-0.0018950071974275587
0.9231587,0.9655172,0.25969166,0.25449783,0.25449783,0.88,0.88,0.6003101,0.509808,0.6553457,1.0,0.6553457,0.41335785,1.0,0.47449046,0.5898499,0.7391263,0.007922913224206664,0.002160440304108903,0.004187889740244285,-0.013567298798704603,-0.0032098655116069006,-0.0007717636412045931,-0.0018414461863876152,0.0026567994521677673,0.006109315081827533,0.0094084949994857,-0.00016490774184604138,-0.0002841919496697949,-0.01785337753697466,0.005313045372190661,0.0017220249394552594,-0.0018665815986857518,0.010095097807506427
0.7021799,0.8238199,0.73950064,0.94,0.94,0.71563107,0.7081618,0.5505584,0.6359889,0.9169722,1.0,1.0,0.51566666,0.8496535,0.5307405,0.5943954,0.6180152,-0.002868407052910592,-0.00020647930698250707,-0.002382609868311114,0.005065439826905354,0.0022432086713956014,0.0024969794837001753,0.0024984843541120687,0.0014138499551344128,0.0020981366244269706,1.8270466574648765e-05,0.0002853633798832883,-0.0004414312845264687,-0.0063689571284816825,0.013104705214378353,-9.755368970424603e-05,-0.005071946649281711,0.002587667131577243
0.9231587,0.9655172,0.101180285,0.09915668,0.09915668,0.88,0.88,0.45231003,0.39080256,0.6584483,1.0,0.6584483,0.31686693,1.0,0.56449056,0.4498498,0.49690405,0.009389862949516376,0.0016624679592822475,0.00241411976784628,-0.024224649205986944,-0.008716983401566538,-0.001311614353520029,-0.0015576251146831406,-0.0033703069866929266,0.008472651163375687,0.00884196515261757,-0.0012046260425729622,-0.002495107106556231,-0.038231302224293745,-0.011285794040987982,-0.002383201549129777,0.00031597258220293677,-0.0034666920130435306
0.51756454,0.78923166,0.88530785,0.9363606,0.9742972,0.88,0.88,0.336007,0.2966622,1.0,1.0,1.0,0.24053693,0.24053693,0.6482405,0.31803167,0.5213484,-0.003375584250051261,1.3961222830068137e-05,-0.003969537059303443,0.000455870382987554,0.005963561674910578,-0.0007330496868262729,-0.0007845473404456499,-0.0012899455069795025,-0.006595241246904805,-0.004498879793571626,-0.0015478232295219022,-0.00039411122311152713,-0.05830768014189218,-0.01603827391605939,-0.0041415006095791625,0.008530062322564867,0.0004980010616249621
0.8249654,0.72212046,0.9278407,0.94,0.94,0.84678054,0.5140837,0.6285585,0.5354729,0.93697226,1.0,0.93697226,0.43416727,1.0,0.7657406,0.7280318,0.50690407,0.00161552873091484,3.7138055802524645e-05,-0.0030565730717184015,0.0068011843377569926,0.0004248474741569278,-1.5698002526925332e-05,0.007636390633472098,0.006029151280074168,0.006798101534681144,-0.0002930638915913386,-0.00024724336454863256,0.00040737381971009856,-0.018799314288933708,0.025246362247298468,-0.005000222041778057,-0.011327906396539567,-0.0007029609840614955
0.51756454,0.78923166,0.88530785,0.9363606,0.9742972,0.88,0.88,0.46966147,0.4081751,0.47723356,0.47723356,1.0,1.0,0.3309528,0.5494905,0.31803167,0.5213484,-0.003523760567487598,0.0009073689159013039,-0.006185154823661327,0.002276158402443583,0.01021008083023583,-0.0006507512155211556,-0.0003201092285486348,-0.0020711407489873743,0.007904547705124691,0.013879347768549634,0.0059377683060375976,7.651404474836642e-05,0.09362367325339793,0.016874128751253843,-0.0013376736482110208,0.013464380800444256,-0.000878040840203792
0.9104548,0.74822235,0.72044456,0.9363606,0.9007181,0.88,0.88,0.59375846,0.5381963,0.9169722,1.0,1.0,0.43637538,0.9280214,0.47574055,0.5362135,0.6591263,0.004899649054790862,-0.0003631982367767632,-0.0020213023225860074,0.0040057028707156704,0.001557225096384317,-0.0006513191732335821,-0.000507261190563721,0.0031191854636261757,0.007426160097816683,4.327359389990078e-05,3.86836575540507e-05,-0.0003777184718651344,-0.017892697406091677,0.029309258432456797,0.001079849593289385,-0.002371042488180199,0.00020278806135141204
0.7950703,0.8421699,0.83617324,0.86768097,0.94022495,0.88,0.88,0.4733584,0.46019927,0.9169722,1.0,1.0,0.37313452,0.9034137,0.6157405,0.32166803,0.6546819,-5.024380021244286e-05,-0.00016343831857187048,-0.004949877323436923,0.004160021812562365,0.006130879921410457,-0.0011051255098482415,-0.0017475565126867138,-0.003805468154115513,0.005694238268202741,-0.0008265590237552538,-1.891949852001848e-05,-0.00040369155220461734,-0.04159650910148516,0.015687896970906837,-0.002848171739119333,0.009222609819899993,0.0017783990504313437
0.76342696,0.75829464,0.666765,0.94,0.64008796,0.6396218,0.88,0.49000695,0.42158774,1.0,1.0,1.0,0.3418279,0.3418279,0.8532405,0.46257713,0.44579282,0.0002305427489858566,-0.0006018849580270444,-0.0016879940155877424,0.001488749747845281,-0.00022916739195462166,0.006221468638336475,-2.960378170958405e-05,-0.0014282412506321724,-0.005476185184631056,-0.003330761809350788,-0.0005143890848713712,-0.00035871308034766876,-0.05447118838588629,-0.018604953596743842,-0.01028381606001031,0.0018391096844648574,0.0015053028961663929
0.46016338,0.71000147,0.78983104,0.94,0.9742972,0.72358423,0.88,0.42895845,0.6790999,0.9169722,1.0,1.0,0.63617814,0.6142234,0.09199035,0.62985,0.4502374,-0.009923299183544643,-0.0025790896709235018,-0.0031703374758964274,0.002503066509483669,0.004455255077868822,0.0015804499027096209,-0.0014148855278662642,-0.003961016153218882,-0.001813755479324818,0.00012280487085300468,9.585452782202901e-05,-0.00031790372160631465,0.013624862230024657,0.006070306275756269,0.007889326132540089,-0.007703409904740459,-0.002468210594214426
0.887378,0.7449027,0.55250895,0.909952,0.94,0.88,0.71567416,0.5349584,0.4787572,0.93697226,1.0,1.0,0.9381185,0.39641187,0.3019904,0.63530445,0.55023736,0.0021989512731183797,0.00015335504388488852,0.0013315848337903896,0.0014785119275393414,0.004839830931496172,-0.0013506055951062095,0.0008857831460629162,-0.0005097421670659527,0.005865923707042173,-0.00028720186582198394,0.00038805315325629445,-3.255422882187331e-05,0.10167076546918707,0.006238538153175746,0.006478812307376724,-0.012907608170619124,-0.0006228068455362962
0.9231587,0.9655172,0.19249669,0.18864675,0.18864675,0.88,0.88,0.5833584,0.6366101,0.9169722,1.0,1.0,0.5161703,0.8292254,0.58199054,0.3816681,0.6691263,0.007696990684471202,0.002502788961940295,0.0054058697877215674,-0.010325949289959552,-0.007045862047477499,-0.000866200157956873,-0.0029395698649237858,0.0007884495215176643,0.004145191656026925,0.0006243397114709924,6.07176062531152e-05,0.0006362464140865086,-0.0001359122077524394,0.006275376902468796,-0.0017446165852586205,0.003449351819799926,0.008383448945757009
0.82968557,0.7755516,0.7340206,0.94,0.6636487,0.752257,0.88,0.39535844,0.687701,0.9169722,1.0,1.0,0.5575954,0.69404274,0.21074045,0.66803175,0.29690403,0.003274557631440304,-0.0010759489902541022,-0.002369322643927923,0.0050251396256924185,0.000345554072143007,0.0014647478816980917,-0.001397479512461501,-0.005548078348779878,-0.002993168096921267,-0.0003320892770673928,0.000315033941793956,0.00018945841464680985,-0.004428087747639746,0.006165115739736571,0.008046803086569916,-0.007255926461409162,-0.00559962650857643
0.78679526,0.62016755,0.77324414,0.88772357,0.94,0.88,0.7199687,0.422007,0.36840177,1.0,1.0,1.0,0.29870415,0.29870415,0.37574053,0.5716681,0.6180152,0.00023428118498864726,-0.00046833601080391654,-0.0038817192457460824,9.777846453926685e-05,0.004977127963926496,-0.0006956149079283007,-0.0007138981438215048,-0.0013722543282324445,-0.008912833733301942,-0.00452876575232512,-0.0007608917327615297,-0.0006709722993819534,-0.05689730260304101,-0.027299961813843136,0.005664338289390363,-0.004567102188036454,-0.0029150751516801797
0.5793942,0.70743465,0.7955449,0.94,0.74566424,0.65550095,0.88,0.2644069,0.23973769,1.0,1.0,1.0,0.19438191,0.19438191,0.40824056,0.37803173,0.36468178,-0.003134809894191602,-0.0006828208680832133,-0.0027920033030866486,0.0018094850903415604,0.0003201014169041944,0.0025711419757250987,-9.173054557608133e-05,-0.001051046103378269,-0.01077580630995074,-0.0031774902766875386,-0.0003932982919089628,-0.00014456538291339913,-0.06879522967784965,-0.022215517238911527,0.0037140221425185325,0.004949744920503752,0.004171593663343302
0.9231587,0.9655172,0.18819912,0.18443514,0.18443514,0.88,0.88,0.5801585,0.54794586,0.9169722,1.0,1.0,0.44428042,0.9381185,0.58699054,0.54984987,0.55134845,0.009317027276835971,0.002346012455133202,0.003610221219452383,-0.019166695850211534,-0.0034187671025480305,-0.0017523158924507842,-0.002335126907608077,0.0017025162980464875,0.005151165069061878,-0.0003735841681025928,-0.0003059454486991896,0.00042865820128454524,-0.024163111078818654,-0.0036952962344186384,-0.0026853725786029087,-0.001247837880594507,7.985496108708773e-06
0.437378,0.68953896,0.79325825,0.7773931,0.9742972,0.88,0.88,0.28775856,0.60908824,0.9169722,1.0,1.0,0.795174,0.41236064,0.61824054,0.22166806,0.22245958,-0.017960695672717544,-0.002519470259097097,-0.004737807434537997,0.0008507579577505655,0.01003922533053483,-0.0007780110282992895,-0.0025807294443663076,-0.010241217948417498,0.0037133408644471023,0.00014892400308215737,-0.000161437011339743,0.0006725146408989078,0.05467912976419893,0.022461572547366762,-0.0028848090600943717,0.01837748718952372,-0.017410927801335685
0.7178558,0.7384865,0.75337887,0.7383113,0.94,0.88,0.6166444,0.3100071,0.26913303,1.0,1.0,1.0,0.21821596,0.21821596,0.7132405,0.32166803,0.43245962,-0.0011158313685076158,-0.0004110055865967964,-0.0027028962598190437,-0.000434794242508653,0.004517180077565093,-0.0004326238515789685,0.001740462809954534,-0.0012676887308191538,-0.011434965968226393,-0.004414988242660867,-0.0006217918320018413,-0.00037514097713013396,-0.0631216109120438,-0.02172062874955481,-0.005434240222117462,0.008723472365548912,0.0018161440503596154
0.81045485,0.7686094,0.803458,0.91710013,0.7705256,0.88,0.88,0.46270996,0.39869502,0.6584483,0.6584483,1.0,1.0,0.32326624,0.55574054,0.4062135,0.57912636,0.001260342542184453,-0.00018901540341443058,-0.0048452542195388465,0.002197269776664038,0.0035193207693322,-0.0005618029446563701,0.00029013080798281644,-0.002429746331366405,0.0034242716167952225,0.009137819042689274,0.005861275330205254,-0.0002903107371813499,0.097054552985821,0.004638491965451204,-0.0012533475662623813,0.006498653414844443,-0.0015505577605437104
0.8415154,0.85560083,0.787977,0.7722174,0.90833646,0.88,0.88,0.31600702,0.2809428,1.0,1.0,1.0,0.22779144,0.22779144,0.5244906,0.40439528,0.39579296,0.0009315346493557696,0.00040864810152542257,-0.0028936597351511915,-0.0004284682906301106,0.002984122026898216,-0.0006467205884722278,-0.000529256997691298,-0.0012204755264862397,-0.009716139778231365,-0.0037081466973334855,-0.0006900286371297823,-0.00025928432021090465,-0.06155989117352093,-0.021398964543540268,-0.00036421167381058754,0.004753625351073193,0.00391331533846357
0.9231587,0.9655172,0.42868227,0.42010862,0.42010862,0.88,0.88,0.7325584,0.7132097,0.93697226,1.0,1.0,0.5782781,0.86624116,0.6594905,0.6934863,0.59468186,0.006680305680887772,0.0015577186236695399,0.0012626711904971813,-0.00791472161466852,-0.0008845851831894227,-0.0011661921969632625,-0.00217110863154436,0.010839483820344038,-0.0007098459196913054,-0.000492765726151409,-0.00016891804960059715,4.422944854388766e-05,0.004883296474541821,0.004633322042796342,-0.003757275698182472,-0.005169595568375398,0.0028512549293546728
0.6870865,0.8528219,0.7443372,0.94,0.99229723,0.8841149,0.88,0.6573584,0.6358533,0.9169722,1.0,1.0,0.80927384,0.58101296,0.41324055,0.71166813,0.6746819,-0.0029771699647727357,0.0011912563227442507,-0.003388046960002343,0.002966441145770541,0.007946115084089928,-0.0004857588293323742,-0.0017797699703870518,0.0035005084153729156,0.008514706059856467,-1.2909187679675804e-05,0.000362355276212678,-8.929854452593977e-07,0.05608918793223563,0.018970950114540343,0.0011544126618925454,-0.014770842468539465,0.0014928283996176117
0.7365039,0.5689234,0.85766536,0.94,0.9235884,0.7522566,0.88,0.4581584,0.4025698,0.93697226,1.0,1.0,0.32640794,0.9501879,0.37824053,0.46712258,0.50690407,-0.0023832512476204127,-0.0003931761478886165,-0.0018293941723133203,0.005593566168135326,0.0016865881773364634,0.0012776091719470862,-0.0011968833234852142,-0.003699392634197204,0.006253321994276517,-0.0022673945926308435,-6.655487368847766e-05,0.00014113791948618893,-0.03755976816345854,0.02014682905032033,0.0030589729906179168,0.0008648810979537219,-0.00026576279945500465
0.66430104,0.5264494,0.85472697,0.94,0.90392154,0.8199039,0.88,0.65750986,0.5553443,0.54207706,0.54207706,1.0,1.0,0.45027915,0.70449054,0.6753045,0.57245964,-0.001763359667409086,-0.009402220244782558,-0.006156165541298217,0.001629446648424619,0.007226530447714187,0.0004374904199868819,-0.0017393569361148142,0.00433570996120673,0.008617534981923603,0.00889689571985386,0.0020716209132392058,0.00011966522078332417,0.08706657368098535,0.020174943826020742,-0.0026002010126471254,-0.013969616633437343,0.0013311441464042425
0.7302683,0.5140839,0.51981014,0.8857861,0.66832465,0.88,0.88,0.48255843,0.6162618,0.9169722,1.0,1.0,0.8196203,0.5205351,0.56449056,0.4189408,0.5046818,-0.0009836951428431203,-0.00843768703243701,0.0015472389504381453,0.0016198870043728378,-0.0007425701538480551,-0.00023786699560243656,-0.0028127991029547705,-0.0019399877867769778,0.005384964189136456,0.0005191661418507471,5.226011556094198e-05,5.448116045937975e-05,0.04618865058666131,0.018017998515161913,-0.0012073180878875486,0.003849247412903273,-0.0002691592844121785
0.6900587,0.523739,0.93331337,0.94,0.9742972,0.36753723,0.88,0.258407,0.23406382,1.0,1.0,1.0,0.18978147,0.18978147,0.2607404,0.44530442,0.4380151,-0.0012517960587368285,-0.001532919386261386,-0.0027644994349842254,0.0005996784346856771,0.005280895792787566,0.01256374674221866,3.894260271420868e-05,-0.003492902462176281,-0.010636855401254515,-0.0034309350823606157,-0.0007054407218218245,-0.0009039823967998123,-0.07122002366910354,-0.029466321842047814,0.009798601504615857,0.001412208673891941,0.0019399620782944074
0.9030539,0.85880697,0.800329,0.96716094,0.8549716,0.88,0.88,0.67735845,0.86827946,0.93697226,1.0,1.0,0.70401037,0.70143,0.5544905,0.5053044,0.7213485,0.003851670193551684,0.0015951253432318652,-0.0037035987939928448,0.002022122329592967,0.0035395474156684815,-0.000324091789323932,-0.0014468022865418884,0.00570831138970237,-0.001319885282187313,0.000115224708168855,0.00016773848530666352,-0.00029654747155122036,0.02965235422804789,0.01141953589381279,-0.00018946788991217582,-0.0003167049654266603,0.00458175844561636
0.9101635,0.7892309,0.82946867,0.99229723,0.8859696,0.88,0.88,0.5048068,0.43137833,1.0,1.0,1.0,0.34976622,0.34976622,0.6894905,0.43984994,0.72357076,0.003045350678511993,1.4908501051150037e-05,-0.0030245407684136518,0.002554806580733175,0.003913655175567133,-0.0007775270740727479,-0.0007639968271153618,-0.0018774631665605113,-0.003697233486429229,-0.004183969051991462,-0.00014087280392345136,-0.0005968599283154044,-0.050933966226047914,-0.016723228308701488,-0.005734002015327798,0.0035639412876535322,-0.004030341136367719
0.66400963,0.79577017,0.754412,0.96716094,0.663326,0.88,0.88,0.37280685,0.32678008,1.0,1.0,1.0,0.26495683,0.26495683,0.58699054,0.39166805,0.48801517,-0.0013614354134796696,-0.0005398500645397233,-0.0022673117911395447,0.0018251016064995023,-0.0008126201941503091,-0.001442988105911448,0.00012799535349987813,-0.0019184240528098073,-0.008972061351039208,-0.003982672284117282,-0.0003748562026615032,-0.00015863255066805686,-0.05822478148813159,-0.019772676687472804,-0.003340444053472574,0.004487088327309645,0.0008959219979969698
0.9066087,0.7719958,0.7047054,0.6906113,0.94,0.88,0.7509752,0.45655853,0.74921334,0.9169722,1.0,1.0,0.6074703,0.7292372,0.5969905,0.33075896,0.5880152,0.00509356457524071,-0.0005727216493616675,-0.001874116477823956,-0.000678021977400078,0.004894861454607859,-0.000274763971606829,0.0037536510090415962,-0.002374670064619778,0.00040515201784620833,0.00019220253285938987,-3.51226967050549e-05,5.353318410259034e-05,0.012560394690706817,0.0075451111414533,-0.0012357748900453075,0.010629274928545858,0.0022145530862715244
0.9231587,0.9655172,0.5205018,0.5100918,0.5100918,0.88,0.88,0.84446144,0.7166906,0.57678866,1.0,0.57678866,0.58110046,1.0,0.7657405,0.85803175,0.80245966,0.007751892675527168,0.002539679392128789,7.878025851102647e-06,-0.005101245689476697,-0.001830653402519764,-0.001416745524689891,-0.002637869854545691,0.018477835042512315,-0.002441677625918342,0.007040933498711257,5.188006448177615e-06,0.0020437295733018584,0.0028808620566468245,-0.002184140308616704,-0.004860383490071437,-0.00909787218693091,0.012103525249260125
0.8249654,0.72212046,0.9278407,0.94,0.94,0.84678054,0.5140837,0.592407,0.505521,1.0,1.0,1.0,0.40988192,0.40988192,0.7657406,0.7280318,0.545793,0.001655694657967049,-0.0005463944857431762,-0.0020972792458987754,0.0017677076747122504,0.003812735848768162,-0.000983781130100621,0.002758831605620987,0.0009368636327772394,-0.0006495740081363349,-0.003934061388172457,-0.0001494052505680503,-0.0004986660935900009,-0.039844187930591406,-0.01357009059034954,-0.007541655459442904,-0.013572202842987623,0.0005188860340633491
0.78382313,0.8000316,0.71538633,0.96814126,0.7146003,0.88,0.88,0.5357585,0.67041284,0.93697226,1.0,1.0,0.7636704,0.5688544,0.43449056,0.3753045,0.73468184,0.0008826962271457805,0.0005365140031796648,-0.0025902814620137322,0.00066477463417796,0.0008497629729904707,-0.0006028975380264969,-0.0018437910448148096,0.00027720760885950114,0.008220694204231044,-0.00041163039118740074,0.0002751401349991181,-1.954021269033046e-06,0.04155704002682489,0.017825333421408355,0.0010317220212668634,0.006233263785840839,0.0010336057170367491
0.86843854,0.7670435,0.716094,0.94,0.6996066,0.8199039,0.88,0.3575099,0.31770167,0.6584483,1.0,0.6584483,0.25759596,1.0,0.28824043,0.48075894,0.36468178,0.0046713207974101775,-0.0002687418338889293,-0.001818282949431632,0.00753434694956909,-0.0004333053780233611,0.00025349467580619784,-0.001644515068564442,-0.0074383668554475245,0.008909713165961307,0.010306342735233693,4.00722424468871e-05,0.0022022956164294344,-0.042865106393134476,0.015473137190188547,0.007195144270807059,0.0005408194078082929,-0.003914029340623091
0.26371837,0.5716596,0.81219167,0.9081062,0.9433281,0.88,0.88,0.4145585,0.6159182,0.9169722,1.0,1.0,0.6480164,0.63316464,0.2294904,0.4434862,0.74801517,-0.0164037518103172,-0.0060036164890770296,-0.004910171181904634,0.0007895431549621612,0.008382434323198545,-0.0005312061461770894,-0.001953904443841705,-0.0026896467976837857,0.004516484513801861,-0.000222267775054638,-3.2418259928879975e-05,-8.514000056147705e-05,0.020504301711676942,0.012607751211767887,0.005144172671585997,0.002216013604754613,0.0039033794499388798
0.9219933,0.8170642,0.789141,0.81964123,0.94,0.88,0.7013654,0.46960685,0.40307233,1.0,1.0,1.0,0.3268154,0.3268154,0.5319905,0.5943954,0.6013486,0.002509368973143705,-0.00032655772536426626,-0.0037042893803143273,-0.000352966733412955,0.0055099555712890165,-0.0006801911933024058,-0.00032000479604021013,-0.001976508092506715,-0.006180477205319355,-0.00392996289326983,-0.0006293101798627765,-0.0010023389929432814,-0.0573387266409799,-0.018325060680786612,-0.0011729584703510732,-0.006607237123049226,-0.00222126445743876
0.8373779,0.8002667,0.6916461,0.94,0.825016,0.72358423,0.88,0.46055847,0.42168924,0.93697226,1.0,1.0,0.34191018,0.91492575,0.05074036,0.47803175,0.6613485,0.0014602511366607212,-0.0005075445833777273,-0.002541980359405245,0.0040641909150335685,0.0018365505504696405,0.001777448782439827,-0.0007160059134340801,-0.0032151330001194585,0.007483534236892735,-0.001093206212541482,-3.63265653242828e-05,-0.00034777539994997,-0.032970208534610995,0.016272990403579834,0.01198332130794467,-9.36686877217709e-06,-1.3065396081075806e-05
0.9231587,0.9655172,0.33080605,0.32418993,0.32418993,0.88,0.88,0.71375847,0.6958305,0.93697226,1.0,1.0,0.5641869,0.86351377,0.5244906,0.6198499,0.76245964,0.0062186200235298415,0.00460245276173254,0.003702737116899777,-0.006376665140152313,-0.003943141012275859,-0.0006291071070544008,-0.00131446863353053,0.006444461636845299,0.0029009342854837018,-0.0009112256015923301,-0.0002803867239880711,0.0004199784384937197,-0.0013645509843040998,0.007028420578691285,0.00028926791874201525,-0.004139199441169712,0.007045279652647658
0.8912241,0.7618177,0.7279542,0.7133951,0.99229723,0.88,0.88,0.24720688,0.2207033,1.0,1.0,1.0,0.17894863,0.17894863,0.41949058,0.21348624,0.58801526,0.002804446906219108,-0.0001605111464349768,-0.00278864576215088,-0.0007470513612834205,0.006660818959310617,-0.0007848858611471815,-0.0006018027931137701,-2.8118402432391923e-05,-0.01015566137026604,-0.004232225067027417,-0.0005658993327180233,-0.00017507520110227195,-0.06551479083555693,-0.02248487636271637,0.0027251790006095717,0.015168630445780856,-0.0011237103964552326
0.6447789,0.87972546,0.77527285,0.81396896,0.94,0.88,0.85529643,0.19326156,0.1795207,0.19019449,0.19019449,1.0,1.0,0.14555733,0.26824045,0.05803169,0.22245958,-0.0008658891446530075,0.0016930326576965404,-0.004886358340321638,0.0021134615054486075,0.008570974371089118,-0.000790308218139088,0.0011806623561377192,-0.006942749934887014,-0.002307649801179851,0.0234685624987638,0.0046040938900660825,-0.00023049369437967455,0.09464329525561883,0.0015050377537585236,0.008327816548472682,0.037899257681815006,-0.0026697952015564165
0.66430104,0.5264494,0.85472697,0.94,0.90392154,0.8199039,0.88,0.63855845,0.7488985,0.93697226,1.0,1.0,0.8213752,0.5704146,0.56699055,0.6643954,0.57245964,-0.003468374844781178,-0.007959151552883088,-0.003957316652729176,0.0028467281432139157,0.005259815225020894,0.00018045889503869733,-0.0027122324138190816,0.0044611985757817265,0.0024330652003656276,0.00012636702105817265,0.00020853807098353326,-5.559280421066764e-06,0.049540267564832964,0.013252320316865842,-0.0008258468690473474,-0.009293914883630666,0.00048049456109630325
0.713427,0.45055565,0.84301686,0.94,0.94,0.6880367,0.5832516,0.61095846,0.6934551,0.9169722,1.0,1.0,0.56226087,0.7870148,0.33699048,0.35348633,0.8202374,-0.001610474179590268,-0.006142692224368813,-0.003544000172325118,0.0007964674789070737,0.0055535004266234235,0.0006024416478834149,0.01113039139754414,0.0027232135383462547,0.006473161066535511,0.0006866538460279087,0.00015365571744796193,4.680364736262266e-05,0.002303655037703675,0.014477609313676849,0.0011639845940154844,0.00725200499534187,0.00286165543391406
0.60987216,0.68910867,0.59757316,0.9742972,0.94,0.88,0.94859445,0.28655845,0.6594247,0.93697226,1.0,1.0,0.60054934,0.56605744,0.24074054,0.2053044,0.3746818,-0.007632498207250855,-0.00254460297056497,-0.001218260304265774,0.0057197246383949105,0.009926516521615773,-0.0004006375924599698,-0.00523928672334604,-0.006478097562008413,0.002213213712561387,-2.021837786481389e-05,0.00010640141187501035,0.0001222056632148015,0.008534040026967444,0.011191627348475954,0.007683855009810297,0.018678702977579894,-0.006874766746975156
0.8829491,0.60060406,0.78137165,0.94,0.8902408,0.94859445,0.88,0.55095845,0.6293322,0.9169722,1.0,1.0,0.51026934,0.82434744,0.27949047,0.78803176,0.456904,0.003953115286878908,-0.0016199485311468706,-0.0024958367129497686,0.005359835862997897,-0.0010911122302933755,2.0773153983804012e-05,-0.0007019824540523844,9.105925730848092e-05,0.0024846278408142343,-0.00015124856559921299,0.0003280428848461431,2.4615225748259168e-05,-0.006679850545038843,0.010216203565373514,0.003967055235377495,-0.01306304639081721,-0.0016362082459722672
0.92228466,0.8341046,0.55443525,0.94,0.5969056,0.7275613,0.88,0.43886146,0.3847895,0.47723356,1.0,0.47723356,0.31199148,1.0,0.19699049,0.52621347,0.6280152,0.00737124814738172,0.0013313566312400805,-0.0003734255720450524,0.006351294350565392,-0.0015364168040372026,0.002712897615123702,-0.0015216686958286541,-0.0038346776019838975,0.009222738709730427,0.014946934348596907,0.00015074475659959956,0.00710072417689267,-0.04450793176766718,0.01026652072293935,0.006165834984148211,-0.0020797685222639535,0.0019809032916720897
0.8645924,0.85869503,0.7176213,0.7834645,0.99229723,0.88,0.88,0.6153584,0.71793866,0.9169722,1.0,1.0,0.58211243,0.8013386,0.5894905,0.5289408,0.6624596,0.0037609012293693942,0.0016977094804375924,-0.0020445649420696814,0.0009562327009300631,0.006222483500708084,-0.0003886135748835235,-0.0013347749401185348,0.0042604986695106714,0.001141034822549433,5.0514746021002865e-05,0.00020121557862872618,-0.00026050394616679767,0.008486456292545146,0.009142882003932717,-0.0008620444807473558,-0.0033828616619909543,0.004421806472753104
0.032657824,0.48557875,0.8248791,0.94,0.878108,0.32327133,0.88,0.31855842,0.6455431,0.9169722,1.0,1.0,0.68402904,0.53299874,0.41199058,0.38621348,0.38912624,-0.022561750832442464,-0.007326714692417363,-0.003398710039798467,0.001675135308566955,0.004660822700318882,0.006438792396349715,-0.0019378068315159137,-0.006839477205540431,0.00025207709389360927,-0.00043989868507793566,-7.367486239108351e-06,0.0003964972065382206,0.026269811962833522,0.009772428113970447,0.002010195242797605,0.005594595232111678,-0.00457895037441191
0.6906414,0.8088155,0.9347385,0.93248975,0.79608583,0.88,0.88,0.45000693,0.38902104,1.0,1.0,1.0,0.31542248,0.31542248,0.78574055,0.5534863,0.34690413,-0.001130055617339661,-0.0005544081100574831,-0.002385434304243266,0.0014910807424492788,0.0007237651257704561,-0.0011680723876642618,-0.00046210663420509864,-0.0022401187085903315,-0.009258848021820665,-0.003810760858197823,-0.0004198181524396313,-0.0004245169601337529,-0.05644526563785072,-0.020131250621923513,-0.008529406438307978,-0.0025035191129485633,0.005253449595656529
0.7678558,0.5306856,0.71263474,0.94,0.698382,0.3755953,0.88,0.66720694,0.5660345,1.0,1.0,1.0,0.45894688,0.45894688,0.74824053,0.65894085,0.7891263,0.00016460642778621298,-0.00451430886940671,-0.002176535658914766,-0.0025103793024391268,0.0010499638014116605,0.01939575046301663,0.00014762640005500164,0.004375494757765637,0.0038881375818596597,-0.0036886114899522702,-0.0008033661028811212,-0.0007447856554566223,-0.033185890067800344,-0.0059454563460211675,-0.006564399530260216,-0.007047578199743539,-0.007021604712134639
0.37111932,0.55864865,0.8286161,0.94,0.82775754,0.5787676,0.88,0.30120698,0.26773125,1.0,1.0,1.0,0.2170794,0.2170794,0.5744905,0.33803168,0.48690403,-0.005336205479863629,-0.0020403207837938657,-0.004026904870903231,-7.342680157001961e-06,0.0025680216144899327,0.006519169386383011,-2.1237358195936447e-05,-0.0012340327475851536,-0.009455746191993197,-0.0034039401862471542,-0.0005702316610138741,-0.00015927320274593506,-0.0696018387467178,-0.021291116435549734,-0.0020007958688321938,0.005968233939071843,0.0003811047892227754
0.7906414,0.5969897,0.9091034,0.8909213,0.9742972,0.88,0.88,0.50760686,0.43893003,1.0,1.0,1.0,0.35588923,0.35588923,0.59824055,0.69075906,0.5335708,0.000899313795876035,0.0001354907053026007,-0.002727463731603359,0.0003597469447734961,0.004438279181175989,-0.0007513879271080284,-0.0002582252861439917,-0.001604493169927779,-0.004366716195085004,-0.004988684264188949,-0.000314476340489811,-0.0006852352428659314,-0.05379013438009024,-0.017284886741302904,-0.00250514568775481,-0.009534361601178789,3.801206192341075e-05
0.8373779,0.8087463,0.92723864,0.94,0.8116441,0.9343218,0.88,0.6771099,0.57757884,0.6330234,1.0,0.6330234,0.4683072,1.0,0.89074045,0.68621355,0.346904,0.004286637929961933,-0.00046661706955403946,-0.0011541467371711728,0.0073539512322918785,0.0013531979349820688,-0.003255729360742932,-0.0020881200889036537,0.009003034507519879,0.002379870542741888,0.00486191660715211,-0.0005351575327688431,0.00336714940330058,-0.016779772412471958,-0.0027472456608015044,-0.00913951100994483,-0.006913806863075131,-0.009992466120921887
0.9231587,0.9655172,0.34499073,0.33809093,0.33809093,0.88,0.88,0.7253584,0.86172444,0.93697226,1.0,1.0,0.763233,0.67571896,0.78574055,0.47803167,0.67245966,0.00624868888192094,0.003237632813970293,0.005646195158602357,-0.0060589206536343955,-0.0073782240568518245,-0.0010513913340666802,-0.0026069022250930353,0.006682612559522773,0.0027241574102487786,-0.00018012505747266386,-0.0001151143721288768,0.0007213446174548602,0.04995929664251563,0.013399641899046617,-0.00676660887634201,-0.0004769186461842151,0.005448661286245413
0.84920776,0.85869503,0.6993713,0.68538386,0.94,0.88,0.75608623,0.6313585,0.7690641,0.93697226,1.0,1.0,0.7671756,0.60151535,0.6357405,0.39894077,0.5780152,0.002647240840084665,0.002076973364676339,-0.0021563667869973547,-0.0013087250167463749,0.005891592609024834,-0.00013676095346993933,0.0036775145285020245,0.004822144674404612,-0.0026966268059984825,-0.00023937672967314983,0.0001565812392137532,0.00017809320700506754,0.040878301449421214,0.01258202039933241,-0.0014046844828993715,0.006320089524147549,0.0017335120615451106
0.8069,0.8341046,0.56291676,0.9742972,0.84154665,0.88,0.88,0.22320694,0.20209855,1.0,1.0,1.0,0.16386369,0.16386369,0.24824047,0.43621358,0.44023737,0.0005568749684130735,-3.295938284603114e-05,-0.0005584933824747489,0.002571742884352151,0.00249818905082813,-0.0003917316266339967,-0.0005235008092354039,-6.982521245827523e-05,-0.010479545508327972,-0.0034714434121822534,-0.0005762900061195337,-6.18247550496856e-05,-0.06915295590023122,-0.02447416149596809,0.010704639629691792,0.0026957030826123994,0.0025917880734817903
0.8992078,0.8341046,0.7379343,0.94,0.71178365,0.7275613,0.88,0.3817585,0.3533807,0.93697226,1.0,1.0,0.2865249,0.9298423,0.41449052,0.45803174,0.11023744,0.006867307945673365,-0.0003751111240919414,-0.0026683114292975663,0.007114043555498173,-0.0004188610599502285,0.0031869173428681298,-0.001846102437042827,-0.007224399780295437,0.012211531985905884,-0.0009094213861501805,0.0004964138385793378,-3.9886067856658156e-05,-0.049706222680661855,0.0037128831810773083,0.00353308930216521,0.0011009593792436628,-0.0139895506563023
0.9181472,0.82724696,0.72450596,0.8899269,0.94,0.88,0.6527804,0.4644615,0.40103832,0.39593345,0.39593345,1.0,1.0,0.3251662,0.5757405,0.45166805,0.24912623,0.001493913758024578,0.0003631140114449521,-0.003940706443769125,0.002209000321893582,0.005986515047678951,-0.0008769863622260605,0.0027451078827453045,-0.0022149246167706277,0.005626350610278155,0.016075784651016688,-0.0017800174802358993,-0.0004116815287130557,0.10200140965033054,0.010473490765371664,-0.001976281192831931,0.004892643664290397,-0.003666589605489401
0.2554434,0.433635,0.8412255,0.94,0.9742972,0.81621236,0.88,0.17295852,0.1633724,0.9169722,1.0,0.9169722,0.13246411,1.0,0.12449038,0.34439528,0.3080152,-0.02854791468708156,0.0011063798148491346,-0.0017469737448430767,0.006602579695039301,0.0043028549760978545,0.0006788680340635855,-0.0028224316976777214,-0.008251907534529595,0.012171292035482497,-0.0009693709624391414,2.5408857672699972e-05,0.00015615098219276194,-0.06751526573206312,0.013928191435592817,0.018478442504674664,0.005736320131509738,-0.00670745662861584
0.75305396,0.80322796,0.6632834,0.65001774,0.94,0.88,0.6917444,0.5067098,0.4387018,0.54207706,1.0,0.54207706,0.3557042,1.0,0.54574054,0.46894082,0.3080152,-0.0021244879875107906,-0.00040047714850430683,-0.0005488656221715966,-0.002258911235256583,0.003687842321884656,-0.0019251338584541904,0.004552146368020583,-0.001219952982827514,0.008871647662257261,0.013072222135349336,-0.00010307561553192346,0.004447213207701428,-0.025111733047428763,0.002278474083005057,-0.0010497727820498013,0.0005214130414580374,-0.012507724542586703
0.5439049,0.81714875,0.89602864,0.94,0.94,0.77157223,0.7973995,0.6753584,0.6746198,0.9169722,1.0,1.0,0.546989,0.8451256,0.46949053,0.63075906,0.70023745,-0.0094021814163642,0.00010080378070948248,-0.0016286419975524674,0.005982599507330984,0.0018853786808822883,0.0014241995883104651,0.0010802811095500418,0.008853970755881646,0.0005074101897105002,-3.912549918641244e-06,8.545962244109084e-05,-0.00011091863946313834,-0.004963093038270855,0.008958300824586273,0.0005917188641514366,-0.0066127396756465485,0.004177125468767788
0.81843853,0.85880697,0.7525832,0.86768097,0.96716094,0.88,0.88,0.44575852,0.3840617,0.93697226,1.0,0.93697226,0.31140137,1.0,0.69199055,0.45984986,0.42134845,0.0005667252211607964,-0.0008508138788157428,-0.0033014840350170855,0.006569963346069943,0.004479525009752476,-0.0012255491595166746,-0.0013799349179256864,-0.004473561028047701,0.007823044521343823,-0.0006796221631542237,-6.781192135634384e-05,0.000587286173027507,-0.051633412528584534,0.019039218268197225,-0.005910837349390446,0.001253589049452508,-0.003579922296911049
0.806026,0.14510055,0.6482276,0.9420575,0.64358175,0.88,0.88,0.36855835,0.6280121,0.9169722,1.0,1.0,0.6824676,0.5703151,0.2607404,0.5280317,0.41134855,0.0008351108308534256,-0.005366197639341369,-0.0019600489171965802,0.0039076646455483265,-0.00034049604579733356,-0.00019970397070241192,-0.002364660614808916,-0.004018043164782039,0.003638928811190505,-0.00021498717480545576,0.0004900061127722492,0.00015857691333295845,0.021475758723603643,0.011387317202496463,0.003793936124556847,-0.002204471280530837,-0.0003283686743148416
0.57583946,0.7205859,0.66728294,0.9742972,0.72751796,0.88,0.88,0.31190994,0.2782893,0.54207706,0.54207706,1.0,1.0,0.22563995,0.19949043,0.361668,0.5446818,-0.0044988550116223,-0.0031304807871428155,-0.0030663052961795055,-0.0004127524191442402,0.0032900347415649573,-0.0006973620659590188,-0.0005531867586710841,-0.004435917196871293,-0.002901915718723228,0.01298848804451987,0.009099420395582198,-0.0001800505736178605,0.10372155403107332,-0.007895493983360605,0.011001876704241265,0.011025655628020624,-0.0004984329036888887
0.85690004,0.62760824,0.67473644,0.6612417,0.99229723,0.88,0.88,0.65255845,0.5646145,0.9169722,1.0,1.0,0.92935586,0.45370936,0.7657405,0.67712265,0.39134842,0.0019288646292118163,-0.004253141820371888,-0.0018948099359889134,-0.0015650750343118491,0.0070471629559824426,-0.0007069828261925528,-0.001255550319578347,0.0034784824625614472,0.008767344788521817,0.00025255656095991385,0.00040621776375200647,0.00029176293299367975,0.07564855912667458,0.019761446627434596,-0.00587645740868713,-0.013273268956229838,-0.0033164553141839994
0.8524712,0.8528219,0.48805845,0.94,0.47829726,0.7492734,0.88,0.645607,0.5539279,1.0,1.0,1.0,0.4491307,0.4491307,0.7944905,0.8280318,0.545793,0.0014815093198501895,0.0002949229819065862,0.00041847758686622277,0.0002853346035900243,-0.0017931698557130881,0.0033193007764236583,-0.00012347448297719303,0.002653783713207591,0.002403197778938564,-0.004076146427731736,-0.00025005700699496036,-0.0005264850735812881,-0.029919697097255,-0.01216846452809976,-0.007642655425222081,-0.014704152050914356,-0.00040450120728511863
0.8211193,0.84414625,0.7958593,0.94,0.94,0.8986786,0.8836999,0.4520069,0.389764,1.0,1.0,1.0,0.31602487,0.31602487,0.4632405,0.5634863,0.61801517,0.0010729635566278587,9.730518841591596e-05,-0.003000731924745297,0.0010763043168723222,0.004998603186631286,-0.0011999240352283695,-0.0005809135681466553,-0.0017507297359607608,-0.005998916969768563,-0.0031399146080411627,-0.0008095065879279468,-0.0002274986015099778,-0.056621669970092305,-0.0170015988394246,0.002184359034888868,-0.004353689689629299,-0.0011066375004125633
0.64005876,0.6008999,0.8446504,0.94,0.94,0.7078924,0.45704383,0.57255846,0.4750338,0.9169722,1.0,1.0,0.9141007,0.4284223,0.5157405,0.4980317,0.69023746,-0.0032621798165074958,-0.00420749094040265,-0.005548011416001539,0.0019473317861149766,0.008693298507994602,0.005054124816521493,0.006016127905357663,0.0001102466443721023,0.003242101437438501,-0.0007181080411048283,-0.0002995863291914058,-0.00025617332200413847,0.08921852251673976,0.001587760563147183,-0.00021419833774216434,0.0001320509929764879,-0.005468139123050686
0.8373779,0.8087463,0.92723864,0.94,0.8116441,0.9343218,0.88,0.585207,0.50093514,1.0,1.0,1.0,0.40616363,0.40616363,0.89074045,0.68621355,0.466904,0.0026989772148805725,-0.0002348852823027725,-0.0014429365828280256,0.001771776016432417,0.0005644057379409087,-0.003174537140909381,-0.0006012772198069352,0.0006938420905064373,0.001202422033026134,-0.003575839880907075,-0.00045582576666904935,-0.0004400067362858567,-0.04381873407847674,-0.008569698964529424,-0.012446078003157874,-0.010745934065280436,0.0015224895858080515
0.86727315,0.6365083,0.77291626,0.99229723,0.74741954,0.88,0.88,0.5109585,0.4828942,0.9169722,1.0,1.0,0.9534251,0.42155477,0.48824054,0.6571227,0.4291262,0.002587539530072048,-0.005495519554837042,-0.005148449652751597,0.0013086422454613325,0.002829563483341406,-0.00048597578125380973,-0.0008398348139811146,-0.0016020428704675896,0.008456972962344784,0.0005485065248287277,0.00016792236188085794,2.1073131499159404e-05,0.08467203988012464,0.01294993468441419,0.0009153937354042618,-0.011286877598336737,0.0010392204129843318
0.9231587,0.9655172,0.13319853,0.13053456,0.13053456,0.88,0.88,0.53735846,0.6298021,0.9169722,1.0,1.0,0.8319032,0.5322344,0.4607405,0.6153045,0.5391263,0.004862067082499998,0.002461374801215451,0.0114435679440364,-0.008265353895947253,-0.013231576726851109,-0.00047109343441250826,-0.0014182161463351202,-0.001024506949856173,0.008962327389188613,0.00017328900598077943,-2.8989681116018546e-05,0.0005425749567509852,0.05578698541221671,0.020054476174882582,0.0019043681225512738,-0.005462123356663395,-0.00045011013193300655
0.4933222,0.5319987,0.9687136,0.9493393,0.9742972,0.88,0.88,0.43015838,0.37267408,0.93697226,0.93697226,1.0,1.0,0.30216816,0.70949054,0.31803176,0.44579294,-0.009060206846641078,-0.007807454645463499,-0.010617005557903838,0.0035272733358233887,0.012910025237305027,-0.0014559506506689303,-0.00015221486491112318,-0.002717897117585991,-0.0007280364601135506,-0.0009235466348445846,0.001551305953367977,2.507674790287899e-05,0.09954963930469912,-0.004365039496958673,-0.0070464635935422425,0.011910623602803316,0.00214687398495416
0.90690005,0.9816195,0.260924,0.94,0.25570554,0.8986786,0.88,0.6313585,0.54314166,0.9169722,1.0,1.0,0.44038513,0.92111,0.63699055,0.4071226,0.65912634,0.006976498889805073,0.00310662654012381,0.004702198223889308,0.004478714034540809,-0.00781382339019346,-0.0012013573839322396,-0.0019646730367850473,0.004752976105258286,0.006343545803943453,-0.00010422100502797113,-0.0003262634482688474,-6.723245980375266e-05,-0.027136134411310867,0.012421948934682611,-0.0031875138298750987,0.0022407951967248836,0.0021615267467546746
0.6675645,0.81766593,0.8728752,0.94,0.9420575,0.88044995,0.88,0.51255846,0.6531262,0.93697226,1.0,1.0,0.52956176,0.79834247,0.6157405,0.5098499,0.4480152,-0.0044995735575003686,-6.121271887281392e-05,-0.003505838973529658,0.006702015443833986,0.003185520610443917,-0.0014373610106397617,-0.0017102520346608096,0.0005710826678434206,-0.0005029587182384173,-0.0003966190555151213,7.807804808467044e-07,-0.00026991339867628197,-0.0012993657144596794,0.005431266740209099,-0.0033000628672111253,-0.0019953519141473123,-0.0031160938928201836
0.6450702,0.79244673,0.754594,0.94,0.7813604,0.6792382,0.88,0.53415847,0.6908851,0.9169722,1.0,1.0,0.56017715,0.7679787,0.32449055,0.4798499,0.6746819,-0.003968305812615141,-1.1854193435379238e-05,-0.0018780208769089222,0.003256482627218039,0.0007951193592022446,0.0030568203953244976,-0.0016431963674875094,0.0004749617691606653,0.0027046367883805417,-0.0003666451243893092,-0.00012479645275172805,-0.00041986617202782907,-0.00018346948046510603,0.011293022155629922,0.0031788581667450445,-7.607604763003727e-05,0.0024165341547891547
0.7959442,0.630085,0.60966146,0.74365777,0.74581176,0.88,0.88,0.42791,0.37276515,0.7603034,1.0,0.7603034,0.302242,1.0,0.3644904,0.45439538,0.57912636,0.0010439616531106343,-0.0006004562377779452,-0.0010650377073172677,0.0023087606166015124,-0.00036877154811309793,-0.0011114497705506168,-0.0011499100750773932,-0.0036655166015415624,0.007189557282236381,0.006051969914266522,0.0002489312603801152,-0.00017252530809836958,-0.039272401154846495,0.017017562468947853,0.004295843111473187,0.0007161689552870319,0.0001113545509999496
0.7832404,0.4950851,0.8307466,0.9476599,0.69383574,0.88,0.88,0.6053585,0.646391,0.9169722,1.0,1.0,0.5241008,0.87066287,0.69199055,0.5262136,0.56579304,0.0012262285252280696,-0.0013612033546573244,-0.0019285030475484535,0.004575963811864446,-0.000918812990688778,-0.0006061698584734067,-0.002493433403841652,0.003132787611963339,0.002659423366957072,0.0005244699434137341,0.00018537322432551692,0.00014666805472508037,-0.0044475970004514715,0.01269220647091705,-0.002910685254539406,-0.0017264538174991762,0.0007851226326785203
0.9231587,0.9655172,0.09372453,0.091850035,0.091850035,0.88,0.88,0.5073584,0.76890266,0.93697226,1.0,1.0,0.6234346,0.6673249,0.5844905,0.5125771,0.32134852,0.008838338651907064,0.001343198368601531,0.0034352714950250172,-0.017515386802208467,-0.008166772804443456,-0.0012899605114767027,-0.0013976383932923697,-0.00011794940923698857,-0.003673759527331133,-0.0006072535066324642,-0.0006315830907537081,0.0006154456999118976,0.014794195067522548,0.001980070843228982,-0.0031625745259970884,-0.0014450166814844335,-0.015269685525042513
0.9231587,0.9655172,0.13680868,0.13407251,0.13407251,0.88,0.88,0.48911002,0.42278287,0.9169722,0.9169722,0.93697226,1.0,1.0,0.36199057,0.5053044,0.6446819,0.005632781867326946,0.006380983780941802,0.012704321004795427,-0.012290941477037408,-0.01583516971340847,-0.0005471153144170997,-0.0030159757935129027,-0.0018104561780631803,0.010716219938217603,0.0007737016540293787,0.002233701321242462,-0.00020683758505865034,0.07252702809682753,-0.01643661966691316,0.0033452747238076996,-0.00036999054878380567,0.007122789244530395
0.8296856,0.7923583,0.6590259,0.9420575,0.6473567,0.88,0.88,0.39366135,0.3472725,0.34822258,1.0,0.34822258,0.28157228,1.0,0.31449044,0.3953044,0.32690397,0.004675386469497429,-0.0004716665528152168,-0.001032599976670729,0.009069554916099159,-4.263890439439887e-05,-0.001581795669091315,-0.002602233078881843,-0.00724673831950027,0.012378255982100234,0.024291033318437245,3.5784707294008106e-05,0.0036120179583162275,-0.030060326718757704,0.006328504033859677,0.0075068947793244046,0.004300204006817005,-0.010040322340998362
0.81074625,0.84906244,0.5357838,0.94,0.5910868,0.8199039,0.88,0.37360686,0.32944286,1.0,1.0,1.0,0.26711583,0.26711583,0.38574058,0.47257718,0.57579297,0.00025198368640639006,-0.00019592719622635148,-0.0004030984935081623,0.00255168195103716,-0.0008946260210441809,0.0005831831326941689,0.00012645180386158263,-0.002444966561589383,-0.007368069808935088,-0.003315615554851558,-0.00028056045708839796,-0.0003560244669358736,-0.05771189188372197,-0.01963218746577321,0.004699724600071852,8.943750207609784e-05,-0.0007831089169731201
0.5095809,0.6892182,0.8412255,0.94,0.99229723,0.8350971,0.88,0.481607,0.41504157,1.0,1.0,1.0,0.3365202,0.3365202,0.38449055,0.66075903,0.6713485,-0.004281661662502833,-0.0010619219900799442,-0.003931710480416191,0.0003139608934617153,0.006952153027261175,0.00035882690233615276,-0.00022233731292962044,-0.0015391385739753172,-0.00443936033487036,-0.0040695506700553045,-0.0007585603061392576,-0.0009602359656521453,-0.05231150199838137,-0.02080063050666289,0.004706627816231542,-0.008863836632141228,-0.001820507695880519
0.9231587,0.9655172,0.45719135,0.44804752,0.44804752,0.88,0.88,0.8029584,0.79752517,0.93697226,1.0,1.0,0.646642,0.8462018,0.69199055,0.7562136,0.69801515,0.006189579189315605,0.002931045461811951,9.067531333423692e-05,-0.00568177239582219,-0.0010544850715433125,-0.0010546347558555644,-0.0018197402806467231,0.013685254262482547,-0.001307123080227925,-0.0003533339551889317,-0.00015514788109075218,7.45027425281547e-05,0.014200391473755718,0.006393568641199016,-0.004037760029915404,-0.006954959239139611,0.0056011535592081375
0.85690004,0.62760824,0.67473644,0.6612417,0.99229723,0.88,0.88,0.5829585,0.85701525,0.93697226,1.0,1.0,0.7440852,0.61136115,0.66074055,0.6243954,0.39134842,0.0033061267273140522,-0.004352032968629494,-0.0010317706694476002,-0.0016636299404176361,0.00659976566901338,-0.00037582730318173164,-0.0032287859369415388,0.0029540357521079946,-0.00996466843015974,1.3090417091683737e-06,4.703447588337625e-05,3.254454177084476e-05,0.03234567443004915,0.0035867820077885464,-0.0016830305689016305,-0.009299876702045011,-0.008353199667893963
0.9231587,0.9655172,0.40431088,0.39622465,0.39622465,0.88,0.88,0.8053585,0.76653486,0.9169722,1.0,1.0,0.84641445,0.67154354,0.6269905,0.8689409,0.7480152,0.0051000497432738875,0.006121337824970088,0.0019169973067505739,-0.0029388296363144196,-0.0028551918839256007,-0.001030873908685576,-0.0011685104683926203,0.008682336294022599,0.0038057965272275435,0.00014535011113274237,7.190622376437194e-05,0.0006507374355401935,0.04697115763657532,0.012912211794814337,-0.0020617545470372075,-0.016182504424796754,0.004674037560720941
0.9231587,0.9655172,0.27182853,0.26639196,0.26639196,0.88,0.88,0.60615844,0.58888555,0.9169722,1.0,1.0,0.92111,0.48973617,0.6082405,0.61075896,0.58690405,0.005312750630823249,0.0036725792141631243,0.009221899428542438,-0.007208831443149076,-0.011971353836386946,-0.0008091884649010732,-0.0010390188572380013,0.0012319601759760673,0.010732824711291089,0.0004671962425958582,0.0001169817460262912,0.0002626597172299536,0.07705042022409972,0.01997498774120576,-0.0026452335796921874,-0.007759071818229789,0.0003732212270285017
0.90690005,0.9816195,0.34884447,0.94,0.34186757,0.8986786,0.88,0.63175845,0.5489161,0.93697226,1.0,1.0,0.9357586,0.4450671,0.6919905,0.61985,0.4502374,0.004091849568819144,0.005248885115827832,0.006369791142902661,0.002027375172826605,-0.012129403697617263,-0.0018575808597454519,-0.0013005757211964751,0.002520955202164772,0.010514180633608185,-0.00012854878148885448,0.00017939972999451518,-0.00015748520008300655,0.09074781225514542,0.01489925042037197,-0.00585771389908777,-0.008330792406467294,0.0011359206790431493
0.9231587,0.9655172,0.104408346,0.10232018,0.10232018,0.88,0.88,0.49855843,0.47045112,0.9169722,1.0,1.0,0.38144687,0.98878,0.46949053,0.5898499,0.49468178,0.006968985542805925,0.0003284530522722268,0.0033005955413110415,-0.02230761490248888,-0.0020276561065150074,-0.0010365622332980313,-0.0019478375981047114,-0.001884589722900638,0.007283034401203494,0.0005579693819107703,-1.8457250219583998e-05,0.00025320541699974804,-0.02804301017257371,-0.005422194206410709,0.0027165776419540446,-0.0019080350634238458,-0.003961000714031951
0.78737795,0.77555186,0.6917388,0.96716094,0.94,0.88,0.6596402,0.30760688,0.2702164,1.0,1.0,1.0,0.21909438,0.21909438,0.42824048,0.7116681,0.17801517,0.0005708632300116473,-0.0008014685019352912,-0.003583898428534238,0.0013762875689138853,0.003668927959813653,-0.0007972235173984728,-0.0016935100618208276,-0.0009484880152899601,-0.014949904399677496,-0.0032086632732188543,-0.00017741583603960261,-0.0003725298711368996,-0.0716100709745338,-0.02725511252128432,0.00402229130174775,-0.009492977893022883,0.01419265874783999
0.8557347,0.87690103,0.875344,0.9742972,0.94,0.88,0.81621236,0.40335846,0.49974138,0.93697226,1.0,1.0,0.4051957,0.83730525,0.6044905,0.29984996,0.346904,0.004815617198981346,-0.0012670435360929364,-0.004044198990438251,0.007002952022153362,0.0039951312938538664,-0.0011083437861341325,5.137082063196463e-05,-0.006214715137060457,0.005360527899162271,-0.000850055315858197,-0.0003793445230198847,-0.0002000729115229793,-0.02954684184496216,0.005246787189163007,-0.0026320494407222877,0.010132020502060062,-0.005487900541466793
0.8829491,0.60060406,0.78137165,0.94,0.8902408,0.94859445,0.88,0.5629585,0.49934512,0.9169722,1.0,1.0,0.91904813,0.41454846,0.27949047,0.78803176,0.30801508,0.002926013568380934,-0.005689658814970403,-0.00549780643735942,0.0020284287300431883,0.005103560361029376,-0.001718650569541862,-0.0011278162878136226,-9.503687612917663e-05,0.008376426092991177,0.00014851664975922048,0.0006872487684246248,0.00012372915781841743,0.07426700327361278,0.014920497045279042,0.005354759116369401,-0.01855124531185738,-0.0004602917912259935
0.6255481,0.7344889,0.88054985,0.94,0.8939058,0.61200714,0.88,0.60071,0.5144432,0.6756142,1.0,0.6756142,0.4171161,1.0,0.5232405,0.5243954,0.7369041,-0.005722954557547153,-0.0009407586754889027,-0.0017527828312416355,0.004533884841750876,0.0029432243575286,0.006373995997738118,-0.0016647766686594698,0.003943294474015821,0.006081907977596223,0.0071681111155615365,2.950923160328217e-05,0.005223218106499498,-0.021127058414285325,0.014244557569231708,-0.00030383027199072356,-0.0022245540266439155,0.0035263358888615055
0.86313564,0.5232055,0.95152014,0.94,0.94,0.8350971,0.8166729,0.6645584,0.56786436,0.9169722,0.9169722,1.0,1.0,0.4604306,0.72324055,0.7025772,0.6435707,0.0017207032041070753,-0.007705277133285782,-0.0077750150622946925,0.0017481138021021162,0.008304988749513804,0.0006080581086959432,0.0005460024063803962,0.0030860509125297192,0.010264585295862516,0.0005753112122788924,0.0020751847109710124,7.426033363546393e-05,0.10596956814334581,0.017221784981816673,-0.004960202321012797,-0.015866037141290572,-0.0011305616149794228
0.70602596,0.7306042,0.8040881,0.94,0.723968,0.67118216,0.88,0.6301585,0.60124576,0.9169722,1.0,1.0,0.48749655,0.90420765,0.6307405,0.52984995,0.60690415,-0.0035590494649510944,-0.0013278706536895845,-0.0015611835552034566,0.006409080104115854,5.419407742256337e-05,0.004478953192080144,-0.0020390190763762447,0.005745320968283829,0.002041114742857641,-0.0009365998100580754,-6.0874158782540935e-06,-0.00014270650715676988,-0.012403808981598066,0.008573908343624053,-0.0018555214187323727,-0.0022641836746787893,0.0016988975916290274
0.7178558,0.7384865,0.75337887,0.7383113,0.94,0.88,0.6166444,0.34135857,0.29772037,0.93697226,0.93697226,1.0,1.0,0.24139489,0.6369905,0.32166803,0.43245962,-0.0005978596539551936,-0.0005406794727092501,-0.006298444283737266,0.0005345902690811357,0.010037754691743856,-0.0013939009869059172,8.377131563747433e-06,-0.0031319887460903727,-0.014309438059866241,-0.0022152226419524844,0.0022566771874212325,-0.0005038848025361895,0.12142670834898624,-0.028008171786923833,-0.006261457952798882,0.013222551683904786,0.003700588886107809
0.9231587,0.9655172,0.20455724,0.2004661,0.2004661,0.88,0.88,0.6001584,0.5413617,0.9169722,1.0,1.0,0.8109959,0.5560055,0.34699047,0.48894083,0.7735708,0.004978990688281953,0.004731460908186179,0.01057975101465925,-0.0036173010524391262,-0.015534914580143562,-0.0007977492108637052,-0.001500125206920233,0.0009227281488827099,0.010498008844679172,0.00046233549949453376,0.0002672279650290271,0.00016826618544235034,0.05605768544159937,0.02214415208020745,0.004110900620068416,0.0005983763696864725,-0.0039643815229880594
0.756026,0.9339215,0.7302092,0.94,0.94,0.8433489,0.75249696,0.3465584,0.36640933,0.93697226,1.0,1.0,0.9504086,0.27068406,0.46949053,0.21530437,0.4791263,9.261933063095397e-05,0.0020586790703168776,-0.003917965235896712,0.0012425299978001164,0.010079636826673006,-0.0005224717656981529,0.0010180299011180627,-0.0025927226930938852,-0.010491253280426358,-0.0012828042620277667,0.00012303833616703286,-0.00036737193617823017,0.10543123384175328,-0.02561131205097622,0.0015346961899676131,0.023007249347921227,0.004422414369078147
0.8832404,0.46419144,0.7119639,0.96716094,0.57748395,0.88,0.88,0.5465584,0.7534966,0.93697226,1.0,1.0,0.6109432,0.74317884,0.58699054,0.5453045,0.406904,0.0041694276921612865,-0.0038631846084264494,-0.0012320274927349825,0.0057701880438037235,-0.0010823142166005912,0.0001093419483023339,-0.0021159286986554586,-0.0003687989986413903,-0.001687351293409438,-0.0010153397768978619,1.0704462589672115e-05,0.00025506324849230907,0.003911731824797731,0.006244753165461974,-0.0007503685682080859,-0.00182728892567631,-0.0032013648968249563
0.72554815,0.85539395,0.71418405,0.94,0.8531271,0.98459446,0.88,0.32760698,0.289313,1.0,1.0,1.0,0.2345781,0.2345781,0.14699042,0.31984988,0.84134847,-0.0007165688795362432,0.0007546363704214111,-0.002444724474488969,0.0007613846784956022,0.0034048702481223173,-0.002455028358303111,-0.00037625765204467407,-0.0006789097397707536,-0.009160352144637687,-0.0036240215598927835,-0.0002523464888424615,-0.0004950867217645627,-0.050583439144335454,-0.02463869292033967,0.012316228614824629,0.009003789283861323,-0.005195338845689198
0.9231587,0.9655172,0.13712776,0.1343852,0.1343852,0.88,0.88,0.4145584,0.49521095,0.93697226,1.0,1.0,0.7789274,0.49229014,0.19699049,0.39439532,0.6613486,0.003572718908358022,0.004015115706397913,0.012204145167840097,-0.0028156339233176854,-0.01742720327463215,-0.0009847544663171164,-0.0010733422093079374,-0.0033004164073427754,0.00829723371284674,-0.0010867851805242614,0.0001894985650157241,0.00025521133055768835,0.04536977655259834,0.017761202531735992,0.010107715326944895,0.004932899998889836,-0.0008946657093246737
0.8175645,0.5717941,0.9157526,0.94628835,0.94,0.88,0.42328116,0.35360688,0.30954182,1.0,1.0,1.0,0.25097984,0.25097984,0.6069906,0.5289408,0.266904,0.0013570435346447502,0.000484666791399411,-0.003246264934509809,0.0030982473869101135,0.002813566374089026,-0.0005611091382954206,0.002734340796251451,-0.0014086398018848007,-0.009929788213976845,-0.004188633407288688,-0.0008215039071141389,-0.0005653313348540251,-0.05707907552346961,-0.023139211039192756,-0.0032499206996961473,-0.0019205567069745353,0.006244409482585031
0.8326577,0.72536564,0.7138737,0.94,0.94,0.60142416,0.66884995,0.5185585,0.52748466,0.93697226,1.0,1.0,0.42769027,0.91603255,0.65074056,0.35984993,0.4791263,0.0016368541283871341,-0.0014436676562870668,-0.002028119381607325,0.006602390953585142,0.00413802559288199,0.00581984480509941,0.004493673634463565,-0.0004327169109713815,0.006687705411586411,-0.0008071395794906985,0.00043290434353543487,-0.0006597232721992852,-0.018895732378337072,0.013574833210021127,-0.002577283639882919,0.0062999616500494906,-0.0013579254993697104
0.9231587,0.9655172,0.24544115,0.24053234,0.24053234,0.88,0.88,0.6637585,0.6124309,0.9169722,1.0,1.0,0.89057773,0.50092167,0.74199057,0.5280317,0.6535708,0.005101645495028824,0.003203929092300546,0.0112065243601688,-0.005795645298469998,-0.015961820773261134,-0.0011067848925616,-0.001976413317471028,0.0027307171020458077,0.012974216004971317,0.0005201290858363059,-3.0888760093202436e-05,0.00039562531920318383,0.08153979550170093,0.02175900768292328,-0.007919162540097072,-0.0021372694126372857,0.0005754261903091908
0.15899818,0.36477852,0.85670185,0.94,0.94,0.2947134,0.1831431,0.43935835,0.46762434,0.9169722,1.0,1.0,0.8657678,0.38454837,0.4494905,0.4253044,0.3080152,-0.021414078061518058,-0.008843009734909297,-0.005280200919206727,0.0012298075221805365,0.007360505696830611,0.013638721591757903,0.017956831373663686,-0.0036258252247157773,0.007197521877069968,-0.00014049631106598608,1.2445495967786241e-05,-0.00021760427624923585,0.06762568731911381,0.012262747706296106,0.0010656136763230253,0.0036202160773682944,-0.001975443417037212
0.922576,0.9105279,0.816986,0.86447406,0.7570418,0.88,0.88,0.26600692,0.23112814,1.0,1.0,1.0,0.18740119,0.18740119,0.77574056,0.047122523,0.5457929,0.004083547709204552,0.0007347087217105565,-0.0026104944657757327,0.00035108532535079736,0.00040545433482153825,-0.0008658213895934955,-0.0005391808889628238,-0.001504780868655345,-0.011312290105598947,-0.0035554859000275097,0.00013118364378187752,-0.00019610129716224716,-0.05647958873992565,-0.021002552372646015,-0.0068052973693037535,0.023992134389251275,0.00023065608774411442
0.764301,0.6819784,0.92686033,0.94,0.99229723,0.55109495,0.88,0.29400688,0.26134565,1.0,1.0,1.0,0.21190189,0.21190189,0.38324058,0.4434862,0.43023735,0.0003418806229515421,-0.0010467705850460076,-0.0034325125897308978,0.0018115565083995386,0.006067263814050423,0.00667289915225596,-0.00046769947452093526,-0.0037558141701188015,-0.008033277144924609,-0.0029837172593104155,-0.000698183511999705,-0.0001148212519800434,-0.07037158292113807,-0.026703060665280165,0.0051365195993091075,0.0023286480962139656,0.0022140852856310208
0.8832404,0.82983136,0.9511276,0.93210506,0.915161,0.88,0.88,0.6553585,0.7735316,0.9169722,1.0,1.0,0.6271878,0.7731213,0.71324056,0.5453045,0.53245956,0.004401103392452914,0.00020874996176318278,-0.0024791931597436534,0.005136539606452626,0.00226262726109208,-0.0010648761310633253,-0.0014412945157329876,0.008836101139931949,-0.005173807838911368,-1.2034676622091276e-05,-0.00015009045285983402,-0.0002627376013385799,0.013227906503207798,0.004733830232212715,-0.00391514693017329,-0.002776192342283419,-0.0007784888891672792
0.8447789,0.8553936,0.861382,0.99229723,0.85424626,0.88,0.88,0.5400615,0.46680838,0.34822258,1.0,0.34822258,0.37849328,1.0,0.5244905,0.580759,0.40134853,0.0032554795661756553,7.513953605791652e-05,-0.0029331524611031622,0.008302835930291316,0.0022824613301643064,-0.0015789451618174668,-0.0013693075661900238,0.0003955211246566945,0.0074204774782144186,0.016879147468384717,-0.00014168176502440215,0.008713981939467786,-0.01837594198255673,0.010779204467100744,-0.00048315479088795643,-0.004469716438038182,-0.005633581265886711
0.75305396,0.80322796,0.59182656,0.909952,0.61933976,0.88,0.88,0.222807,0.20537528,1.0,1.0,1.0,0.1665205,0.1665205,0.28824043,0.35984993,0.38023725,-0.0005290125840510403,-0.0006451490717959666,-0.0011408795544109167,0.0017406610579412227,-0.0004857537066749746,-0.00031283771496882053,-0.0002652618315400491,0.00011065426977397822,-0.011406003638935864,-0.0030764490496136567,-0.0003737022037324467,-7.810589471317682e-05,-0.059538030994569155,-0.02374307739421311,0.008520280165387518,0.005396095809022013,0.004046621998740829
0.9231587,0.9655172,0.16431805,0.16103171,0.16103171,0.88,0.88,0.42615846,0.6042812,0.93697226,1.0,1.0,0.48995772,0.7774541,0.2969905,0.5443954,0.42134845,0.007846154808718397,0.002013437081033748,0.0063179056429105125,-0.014926283025882002,-0.004619549538227086,-0.001003421449090102,-0.0024565774795324174,-0.004454506908853306,0.00215627178670642,-0.0005257530667418232,-5.500297555237732e-05,0.00033746548704047843,-0.00921656365645683,0.00014827823600370438,0.008353156550166616,-0.0019936921505296066,-0.009347891268537733
0.8832404,0.46419144,0.7119639,0.96716094,0.57748395,0.88,0.88,0.4340068,0.37656343,1.0,1.0,1.0,0.3053217,0.3053217,0.58699054,0.560759,0.406904,0.0022577033159460816,0.0019316314161531955,-0.001543480893128238,0.003157960565354033,-0.0005424387518635146,-0.00023529731758912813,-1.4129524653807152e-05,-0.0026222028903108135,-0.007857530634225496,-0.0041486896404484865,-0.000386482763168764,4.007713166112238e-05,-0.05457617328156536,-0.023220781452732046,-0.003063590650057257,-0.0026158770622778157,0.004234177656583603
0.9211193,0.63183475,0.7188153,0.99229723,0.6316008,0.88,0.88,0.68295836,0.65886664,0.93697226,1.0,1.0,0.5342162,0.91603255,0.58699054,0.7516681,0.5391263,0.0058710519113096505,-0.0017559493656231554,-0.0017872671815227492,0.006904118829323836,-0.0005704428447966698,-7.881378167740801e-06,-0.001874093371503958,0.008112668600614756,0.0016275154819591212,-0.0008094572506764068,6.784528186664793e-05,0.0002763634312937396,-0.006640576547431121,0.007677291537743673,-0.0009423802843324672,-0.008227719924845245,-4.330969553834919e-06
0.9231587,0.9655172,0.25493032,0.24983172,0.24983172,0.88,0.88,0.5855099,0.50147897,0.6584483,0.6584483,1.0,1.0,0.4066046,0.46949053,0.5862135,0.7891263,0.0017880712729732046,0.005021367416339109,0.012297270743929391,-0.007893670182203348,-0.014460592065944033,-0.0014456809410755126,-2.7472599938978417e-05,0.0010758866223870183,0.005092004091572965,0.008807901596487162,0.0015372920055721584,-6.221944347657119e-05,0.09530223962403633,0.006064869189511645,0.0019487763258001821,-0.006304162088703036,-0.001358698658958527
0.5439049,0.81714875,0.89602864,0.94,0.94,0.77157223,0.7973995,0.5677584,0.6166049,0.9169722,1.0,1.0,0.8471226,0.559193,0.41949052,0.63075906,0.7180152,-0.008609922990317667,0.0001484863409668365,-0.006228116847033575,0.0013100198186906489,0.008064692165224392,0.0014223652960615246,0.0026018436044282773,0.00023453956341972442,0.007530052650268503,-0.00011021964915260341,8.675820241799969e-05,0.00023046766239688085,0.062375727528538615,0.017595839667334755,0.0020330144505535065,-0.008404115956040915,0.000794231680332845
0.89151543,0.9339215,0.37418544,0.94,0.36670172,0.8433489,0.88,0.60935843,0.5609345,0.9169722,1.0,1.0,0.45481175,0.98878,0.66574055,0.56621355,0.5624597,0.005584590910837869,3.828994714372973e-05,0.0031762622147976215,0.006076041649521779,-0.0034739189508366897,0.00014579250891078504,-0.000909968769569251,0.0051375820676596426,0.003694765277141774,-0.00024255690131238638,0.0003558008874251593,-4.264755071158671e-05,-0.016911000674997442,0.008288291698340325,-0.0031732883765692756,-0.0022599482177992807,0.0015312774267215612
0.9231587,0.9655172,0.19297007,0.18911067,0.18911067,0.88,0.88,0.55086136,0.46299988,0.42911217,1.0,0.42911217,0.3754053,1.0,0.7619905,0.34348628,0.5880152,0.011300286275406109,0.0015272092421165925,0.004481514655482164,-0.020962147948179567,-0.013010416389741241,-0.002063126096252489,-0.002527158660652471,0.0011793182056241912,0.005544082869156372,0.018377552516020093,-0.0005817786904690093,-0.005829824219963746,-0.02154794256971428,-0.008595818530516346,-0.011845052100563273,0.002884646312295676,0.004449037548540826
0.7959442,0.630085,0.60966146,0.74365777,0.74581176,0.88,0.88,0.49735856,0.56540173,0.93697226,1.0,1.0,0.45843384,0.8459487,0.3644904,0.45439538,0.72468185,0.0003498268524975064,-0.0016308899073627743,-0.0002661775718807208,-0.0001372737468585587,4.624481829149617e-05,-0.00033283067333274947,-0.002245593645936824,-0.0011690663329456312,0.004542142406732967,-0.00044508823886773544,0.0001693720204911338,4.012245595390686e-05,-0.01808518859663238,0.012313963295081049,0.0021007228278558973,0.0015050023671796984,0.0022471306917036323
0.92286736,0.7561357,0.67148685,0.94,0.65805715,0.6371174,0.88,0.80591005,0.68613315,0.54207706,1.0,0.54207706,0.5563242,1.0,0.6707405,0.84712267,0.6513485,0.0063675768619140816,-0.0006289241347051375,-0.0011431619434280407,0.003795881907741995,-0.0005131177338088695,0.00501736269303624,-0.0010030708766692203,0.017873232030122546,-0.0009271822144132005,0.009132140195464752,-4.608583402248429e-06,0.008317533222827335,0.004666046605434475,0.013170033721100758,-0.0012059725497268377,-0.012835765012799183,0.0036707223449698534
0.72496545,0.79244673,0.904928,0.94,0.94,0.6792382,0.6792382,0.41975844,0.8202012,0.93697226,1.0,1.0,0.665028,0.5883619,0.5032405,0.42348626,0.35357073,-0.002125519021921505,-0.00015985462521751978,-0.004747113573364183,0.003289793112393211,0.005621572725154647,0.0023297610732220726,0.007344327916729855,-0.005519352652079325,-0.005690172314201312,-0.00046862533938624775,0.0002739592240828881,-0.0003877562799275053,0.025484408092978993,0.011127747832923135,-9.245747629718744e-05,0.004516244557119959,-0.008157199835776181
0.64833367,0.4611191,0.7187794,0.94,0.99229723,0.94859445,0.88,0.5284069,0.4518968,1.0,1.0,1.0,0.3664028,0.3664028,0.71449053,0.4925772,0.6935708,-0.001838945378514396,-0.0013985295978533993,-0.0019961855789864744,0.0006756347724121214,0.006132409060376298,-0.003065582051222816,-0.00035570942787080043,-0.0008582605414392746,-0.0029244755741789784,-0.0039190948133314436,-0.0008085958437608359,-0.000170088694546394,-0.05321797210673071,-0.011795578268038313,-0.0071260711121860975,0.0001305091933029577,-0.004378727596341768
0.78382313,0.8000316,0.3703053,0.9742972,0.94,0.88,0.6880367,0.2985585,0.2939202,0.9169722,1.0,1.0,0.98878,0.248646,0.24824047,0.37166795,0.346904,0.0007576610978812396,0.00038640972188825755,0.004651406033755471,0.00011843387373724392,0.007997515789489762,-0.0015612808026722524,0.0005300259452221696,-0.004634054200085901,-0.009397554900342716,0.00023464134651187408,5.642971339207409e-05,-0.0003433275259706385,0.11805668554999241,-0.0208839477164011,0.011107139333666813,0.010217316851926532,0.007484017177355874
0.85690004,0.62760824,0.67473644,0.6612417,0.99229723,0.88,0.88,0.4648069,0.39855894,1.0,1.0,1.0,0.3231559,0.3231559,0.66074055,0.67712265,0.39134842,0.0020269126874755653,-0.0009596503938840674,-0.001959342987249651,-0.0015251963101914517,0.005564040359605286,-0.0007516733964157759,-0.00042740225497263666,-0.002026976022336094,-0.005570391039053519,-0.003993069022533238,-0.00020788642944079172,-0.0005047748257710025,-0.051923474674975406,-0.01681693917031427,-0.00499890451946899,-0.0084650201383671,0.0035879633220516705
0.5829491,0.80107045,0.84068096,0.96716094,0.7449124,0.88,0.88,0.61591005,0.5210939,0.6756142,0.6756142,1.0,1.0,0.42250854,0.7269905,0.63439536,0.5591264,-0.00431711238512545,7.558753801800266e-05,-0.0070261333024173615,0.002720603452830932,0.003262735398935859,-0.0005266918768133905,-0.0009996748856810882,0.002596973787935291,0.00976236669071367,0.00827748989608337,0.0055510431531747085,0.00025551992960369166,0.0995567782859229,0.015996040383111827,-0.006379499661991228,-0.011042476304497029,-0.0008470544341691081
0.87939423,0.77542526,0.7062035,0.94,0.9742972,0.7522566,0.88,0.4961585,0.76807094,0.93697226,1.0,1.0,0.74831635,0.543679,0.48074055,0.39712256,0.40245956,0.0028690634921283652,-0.0008172855100146693,-0.003302792860137218,0.003625784730933289,0.008930822209995838,0.0010645249185104093,-0.0015401881494829406,-0.0020128820082659852,-0.0007894090274738768,-3.3583196248445615e-05,0.00019881088265306178,-0.0005027916424804005,0.042410876994860826,0.01646835708783658,0.00010527511327485271,0.0060004805402624735,-0.006043907984629266
0.8521799,0.29205373,0.9481089,0.94,0.94,0.713937,0.09878234,0.508407,0.44064134,1.0,1.0,1.0,0.35727677,0.35727677,0.6594905,0.69257724,0.4502374,0.002379976274945083,0.006269952528427669,-0.0014561679016257736,0.0018937252672177431,0.003562666221092583,0.002478856027011446,0.00876314118289126,-0.0013599470611067022,-0.002594678303468343,-0.004697595024572353,-0.0007339790858505432,-0.00019760825507713159,-0.047511064435856926,-0.02138091637627616,-0.0039796938751232875,-0.012603457038824366,0.0019163484797861583
0.8947789,0.73463863,0.50864667,0.94,0.4984737,0.61218077,0.88,0.693013,0.5889317,0.40102297,1.0,0.40102297,0.47751218,1.0,0.60824054,0.48803166,0.7969041,0.005718018587722352,-0.0011972781216239056,-0.00012991231106293286,0.004326004116288949,-0.003679690875180642,0.004755441075263339,-0.0030308112723180488,0.009406767480473031,0.002535604137480914,0.014269373245941453,-4.8704712230852075e-05,0.009548578471194164,-0.007467042388523688,0.009212288712635498,-0.0009396034605698954,-0.0005056644895888291,0.0043076700545932175
0.806026,0.6588317,0.8567423,0.99229723,0.94184995,0.88,0.88,0.5745583,0.49838626,0.93697226,1.0,1.0,0.40409696,0.95384437,0.49324054,0.580759,0.58912635,0.0022702354663830075,-0.00013898971633439366,-0.002847167703557532,0.007141845824611639,0.0020817734830427008,-0.0007832366690099757,-0.0019026360097884854,0.0020940416492966317,0.0046449706459937845,-0.0014604668207940197,5.4486867240923985e-05,-0.0003118664413519179,-0.026549658396549783,0.019285940021629432,0.00030484378019617867,-0.003826799695334871,0.0004619299190740983
0.9231587,0.9655172,0.22026235,0.21585709,0.21585709,0.88,0.88,0.42040694,0.36456135,1.0,1.0,1.0,0.29559028,0.29559028,0.6594905,0.30712268,0.6869041,0.0021874899447841597,0.0012608420699913414,0.00781556552298536,0.0015936716217463014,-0.006977908724970945,-0.000894599791254928,0.00021031710158944805,-0.0010006087996101698,-0.010631079132365696,-0.004692193701482038,-0.000253293452855672,-0.00016872432053440862,-0.05470697321823129,-0.019732560651669243,-0.0035272332598405166,0.0077184219604504965,-0.003427682391658158
0.53324044,0.6344439,0.875344,0.8578371,0.9068386,0.88,0.88,0.2992069,0.26774466,1.0,1.0,1.0,0.21709026,0.21709026,0.5419905,0.38257712,0.47357062,-0.004659232075994746,-0.0004254461582458543,-0.002890149686458849,-1.600662284700509e-05,0.002495087448700106,-0.0005753105087515875,6.571208796861371e-06,-0.0017614746955966537,-0.009640165495051862,-0.004022676895437346,-0.0002472139131766658,-0.00025275862065873205,-0.05995663642159755,-0.021594413700014973,-0.0009500664518578798,0.0046108020607678905,0.0010481133122228416
0.9231587,0.9655172,0.27198797,0.26654822,0.26654822,0.88,0.88,0.5765585,0.7945116,0.93697226,1.0,1.0,0.8244059,0.56233746,0.6982405,0.54530436,0.42912632,0.007183959390058756,0.004906322424243941,0.006946113162565449,-0.009387658891873154,-0.00992066577799578,-0.0010761265513526189,-0.002764251132413804,0.0017060905066093634,-0.0033568576612899785,-0.00043387722008650473,8.306195887506085e-05,0.0005149670011333526,0.0453023033819234,0.011961134627058405,-0.004759194765872438,-0.0027702445828206375,-0.007680383753780083
0.7870866,0.74512535,0.8466791,0.82974553,0.99229723,0.88,0.88,0.3313584,0.58805263,0.93697226,1.0,1.0,0.47679943,0.716062,0.35199046,0.3753044,0.3080152,0.0011303475101106068,-0.00046662231283844615,-0.005324039738047777,0.0006273223080044951,0.005436104518592546,-0.000453486400658952,-0.0019954771602001737,-0.0076009620956473374,0.0034462528533577507,-0.0003339245437085969,0.000271244201891504,6.730852872470633e-06,-0.010048868017884493,0.006622909105745079,0.004321792503347503,0.005287164185061871,-0.008007959694608354
0.8326577,0.72536564,0.7138737,0.94,0.94,0.60142416,0.66884995,0.5705586,0.4983066,0.9169722,1.0,1.0,0.9501879,0.40349084,0.72324055,0.35984993,0.6013485,0.0012700946495946383,-0.0018314311242966853,-0.0033387363423125027,0.0006941045737857264,0.0082230422569348,0.00604344065808508,0.002795951004430081,0.0005519895133000334,0.0062352602862695205,0.0001876220040650023,-2.4653970219906675e-06,-0.0001779220846843567,0.09653215202554166,0.006065235009925201,-0.007447638268454374,0.00919087210386789,-0.00250093689276493
0.9231587,0.9655172,0.17155133,0.1681203,0.1681203,0.88,0.88,0.3808068,0.3343471,1.0,1.0,1.0,0.27109224,0.27109224,0.65699047,0.55985,0.24245961,0.0024977287294910334,0.0023067125231051567,0.00987788349168437,-0.000492606987853912,-0.006494405904788989,-0.0007875815431714424,-0.0005108654087750517,-0.001324532787879499,-0.008538465120004099,-0.0037930140907159525,6.060606432221921e-05,-0.0001497605008426875,-0.06108707170237881,-0.012766890303689686,-0.005390038725473771,-0.0028581572184395864,0.006449974376622039
0.906026,0.7193132,0.81704265,0.99229723,0.99229723,0.88,0.88,0.58271,0.5001248,0.7253458,0.7253458,1.0,1.0,0.4055066,0.60824054,0.56439537,0.49579293,0.001730620841149315,-0.0020562115143142436,-0.006300389346018466,0.0036371426936991284,0.010795832819813849,-0.00044056547493010053,-0.0008267703328663661,0.0016055959378439375,0.008324734049618459,0.005851221597730184,0.0022029139721003715,0.00019200970795495167,0.09843300986783803,0.015589121166807602,-0.0018355718290002248,-0.005203365485865621,-0.00033519606404611645
0.806026,0.14510055,0.6482276,0.9420575,0.64358175,0.88,0.88,0.23480682,0.21298173,1.0,1.0,1.0,0.17268789,0.17268789,0.2607404,0.42803174,0.41134855,0.0010321839772095235,0.0031624560898209086,-0.0012235068289271006,0.0018433978740976062,9.686534472556368e-05,-0.000215802431378763,0.00014450272522341254,0.0013899485352873414,-0.015113891674524663,-0.004287968268031169,-0.0006141589302123968,-0.00027804401681024907,-0.06467591411280664,-0.02912661439112072,0.010794371901926211,0.0035767066276353376,0.005022859224069962
0.8219933,0.85428894,0.39735106,0.94,0.38940403,0.7509752,0.88,0.5745585,0.65591145,0.9169722,1.0,1.0,0.7982707,0.5893856,0.46324056,0.63530445,0.7113486,0.0011263115231199556,0.0021891080606081166,0.002761346745730761,0.0008294006021980037,-0.007681897506332462,0.0014190712308563937,-0.0014388926639354726,0.0007254840494907625,0.005862137971637157,5.2420314481081905e-05,-2.004055199085794e-05,-0.00021398318860738023,0.04967575523027727,0.017066982450411584,0.0007570441861077245,-0.0070188497927108195,0.0003728905542968708
0.7678558,0.5306856,0.71263474,0.94,0.698382,0.3755953,0.88,0.7773585,0.73206294,0.93697226,1.0,1.0,0.9109951,0.5846773,0.74199057,0.65894085,0.7891263,-0.0006396929944810667,-0.009311791264215791,-0.0023027106115446777,0.0006325237620774332,0.00046585870816059054,0.0041060782856497495,-0.0023381261417658463,0.009956788450635554,0.0013785294686280236,-0.0002791310735652018,2.3378220587388086e-05,1.4840665738201945e-05,0.06350262113778236,0.012507389968906239,-0.0009320671083984566,-0.007657693950748936,0.004280149014079533
0.78294915,0.8023299,0.92411965,0.926172,0.94,0.88,0.6907027,0.81551003,0.68587357,0.63139063,1.0,0.63139063,0.5561137,1.0,0.79074055,0.740759,0.9735707,0.0006481196438189455,0.00015455851840130908,-0.0030473879066924324,0.004693806479864262,0.0036193795615669967,-0.0007443343659195163,0.0047542121826547636,0.01602363173863123,0.002904433624307282,0.00680533261890631,9.398188643877703e-05,0.0035146967579911693,0.001333526377249411,0.01164043067660158,-0.003500742512431103,-0.011236068204070275,0.012760584483765375
0.9231587,0.9655172,0.09219104,0.09034722,0.09034722,0.88,0.88,0.4589585,0.5383331,0.93697226,1.0,1.0,0.43648633,0.8213752,0.27949047,0.38984984,0.5869041,0.007508147491773958,0.0034238786553433963,0.009138728808179057,-0.015767036997082574,-0.009424815744078961,-0.0007322536018226033,-0.0029491997400553503,-0.003073508811079759,0.005641424695344505,-0.0005351644704717429,0.00017996501304229638,0.0005628250647334095,-0.019056206690529345,0.0019449460116102264,0.010164339411631827,0.002178664245923249,0.0020157338651192605
0.6906414,0.8088155,0.9347385,0.93248975,0.79608583,0.88,0.88,0.5237585,0.5181557,0.93697226,1.0,1.0,0.42012623,0.9504086,0.78574055,0.5534863,0.20468193,-0.0055911849552565404,-0.0007903656103389328,0.0006561911446117539,0.006947952825547938,0.00016758472760633697,-0.0011441034621761615,-0.0022978222955235355,-0.0003348587465447153,0.005737127835634359,-0.0005391835838696159,-0.00018801209803255808,-0.00010100298559266807,-0.01961059647098751,0.002145113746163002,-0.007400670443778812,-0.002942113874265071,-0.015978601684269338
0.9231587,0.9655172,0.29563308,0.28972042,0.28972042,0.88,0.88,0.65735847,0.80616117,0.93697226,1.0,1.0,0.71825427,0.70328975,0.58699054,0.5153045,0.81245965,0.005002709080586394,0.004110378024307702,0.005301324024704219,-0.003259649714359364,-0.007643490806980774,-0.001188923112717261,-0.001700230803259423,0.003169462444494146,0.0029721686375871444,-3.3178307425127706e-05,-3.6394878452746665e-05,0.0004003999050873057,0.03599225930394444,0.013584841983485396,-0.0015405855178479116,-0.0016695101850077115,0.009424965136208708
0.51371837,0.7025828,0.85766184,0.99229723,0.8973531,0.88,0.88,0.51775855,0.5418786,0.93697226,1.0,1.0,0.87462515,0.4349525,0.60824054,0.37348616,0.60468185,-0.009775223520554707,-0.0017857821794529905,-0.006188694079492768,0.002364182581708251,0.009396726349041035,-0.0008742845187349776,-0.0013837291549823741,-0.0012654421969153543,0.007722825222526316,-0.00043184780431472573,-8.385275854823404e-05,0.00025940189412383436,0.07310867494952808,0.012737342958121558,-0.002371151826549694,0.007749253112605575,-0.0007184966263223986
0.8989164,0.87916917,0.72126865,0.94,0.69929415,0.77983624,0.88,0.36600694,0.32391977,1.0,1.0,1.0,0.26263765,0.26263765,0.71199054,0.42803174,0.3746819,0.001422602422417058,0.00012149313039987696,-0.00244762606348192,0.0024047975791340564,0.0006521758764771433,0.0009660809535335687,-0.00041171965543720967,-0.0028134033759380683,-0.006494039510726612,-0.0035992373510835185,-0.00048582479278606427,-0.0006397585844018834,-0.05870659698535054,-0.017625786709281617,-0.006428103258146915,0.003407642912530193,0.002999803869838444
0.829977,0.5995237,0.43214905,0.94,0.42350608,0.45544752,0.88,0.41080704,0.35855174,1.0,1.0,1.0,0.29071763,0.29071763,0.58449054,0.64530444,0.28801516,0.0005227960988781403,-0.0013579559523954198,0.0010014503160674156,0.0018465428540161693,-0.0015692132400398273,0.01160756509771834,0.0004766701250007133,-0.0028677790011941524,-0.007104453099175163,-0.004366122405891033,-0.0005085919846246509,-0.000682528669919607,-0.061361658588043634,-0.028649427550810236,-0.0025317239636874047,-0.006643499721907277,0.00986864060469271
0.9107462,0.85560083,0.7579234,0.9433281,0.870054,0.88,0.88,0.70655847,0.67870486,0.93697226,1.0,1.0,0.55030125,0.87892807,0.7244905,0.4798499,0.8769041,0.005560430462291301,0.000949120397866711,-0.001880805404961837,0.003461894873931361,0.002775531524030822,-0.0006797329343186851,-0.0039669910477047035,0.008917675227947926,0.003934650495955061,-0.0002955418238243494,-0.0002872440655668107,-0.0002667159598293177,0.00027791040205556785,0.014639003110848895,-0.0022017310961476074,-8.159289702786288e-05,0.005211588781448351
0.7758395,0.79398036,0.77226907,0.9742972,0.88438386,0.88,0.88,0.4488069,0.39006844,1.0,1.0,1.0,0.3162717,0.3162717,0.5519905,0.42803165,0.74245965,-0.00023522097598380038,-0.0006336480405077136,-0.004442947163194074,0.0018114779665322834,0.006528358851112679,-0.0009423564356327653,-0.0009582767022635904,-0.002058444805289153,-0.007269223030935186,-0.005425461944731572,-0.0012042312200545944,-0.001071053565350792,-0.06098036224956248,-0.020417314526216982,-0.0015017700878626583,0.003536743049909221,-0.003786325001434529
0.69093275,0.7687495,0.75788,0.94022495,0.99229723,0.88,0.88,0.5000069,0.43078557,1.0,1.0,1.0,0.3492856,0.3492856,0.49324054,0.610759,0.6746819,-0.0011898175589536322,-0.00026707093345986946,-0.0037097266260417206,0.0013517181540142092,0.007853947581714574,-0.0009923381285031343,-0.00014349030973722713,-0.0015433231574920976,-0.004281071219409713,-0.00407924393303901,-0.0008283742311328801,-0.0005675213834765628,-0.05864438367406944,-0.015667287095155472,0.0010793443116415887,-0.006819775646345236,-0.00345616051991641
0.9148837,0.9105279,0.6456484,0.96514356,0.68690497,0.88,0.88,0.31440705,0.27006254,1.0,1.0,1.0,0.21896963,0.21896963,0.32574046,0.44712266,0.5524596,0.0037222739711121433,0.00015876000678065463,-0.0015236849688846613,0.0025746807637765184,-0.0007001974152291567,-0.0007835329675917785,-0.0004987482446197478,-0.0017449221162461844,-0.010321171379933405,-0.00480029878627677,-0.00042616251099080073,-0.000372955763472928,-0.06652842418314318,-0.027915024958826,0.006931445500189533,0.0015211207889209225,-0.001593016757306009
0.8048607,0.2582032,0.9253455,0.9068386,0.94,0.88,0.38454586,0.49270996,0.42081597,0.6756142,0.6756142,1.0,1.0,0.34120214,0.45199054,0.30348623,0.82801515,0.0013025424887125666,-0.014559149306853026,-0.006817414454958847,0.003117388064801605,0.010631809507168475,-0.0014194887970119018,0.008661566537002554,-0.001182207383766125,-0.001768370655264379,0.011073883729522789,0.010877593404192415,-0.00048323178018552993,0.09863654025778437,-0.00824384672174597,0.0027317656150585394,0.014653222300921658,-0.007052533826033749
0.8024712,0.85880697,0.86035544,0.96716094,0.94,0.88,0.8841149,0.33590996,0.29679072,0.93697226,0.93697226,0.93697226,1.0,1.0,0.58699054,0.29166812,0.25245953,0.0007708713858782008,0.0013654694219760375,-0.007393881053465272,0.007590724898521151,0.009698391242798657,-0.0009625687771716112,-0.003195463622388466,-0.008984190870560587,0.02129736578051235,7.535196201296425e-05,0.0008566497257742959,-0.0001231937145342168,0.07649886696446724,-0.025190239053734256,-0.0014586345251949534,0.009792118218844726,-0.018055705282374015
0.75660866,0.82724696,0.69133705,0.8396191,0.99229723,0.88,0.88,0.36846146,0.32530108,0.46735832,1.0,0.46735832,0.26375765,1.0,0.4707405,0.2298499,0.40134853,-0.0006919815871010734,-4.9291167262399026e-05,-0.0012209301115616044,0.0038501904229284265,0.006070046697432963,-0.0020720288142744205,-0.002325844640228022,-0.006728366832652885,0.012456573216367301,0.018848216479445744,-8.610499269417364e-05,0.00656005660500073,-0.043038031510518424,0.013440471550004829,0.0013182907777520042,0.012974811857205273,-0.005863324930216839
0.24833377,0.57589054,0.76271963,0.94,0.7135519,0.5028202,0.88,0.09640701,0.10117133,1.0,1.0,1.0,0.08203081,0.08203081,0.17449045,0.16075897,0.3713485,-0.006362232509988951,-0.0007868485431953089,-0.0025617888997071033,0.0003052089467481077,0.0002037065606673904,0.004162148714374412,0.00011102411038545845,0.002131625456314885,-0.01704295014253275,-0.0033459930580432245,-0.0005639249423204513,-9.10600179881452e-05,-0.07812825334373966,-0.03215240474768511,0.013443270518451981,0.014361791691589423,0.0038112754219346455
0.9074827,0.7023657,0.7483245,0.94,0.7720219,0.94859445,0.88,0.54335845,0.80693334,0.93697226,1.0,1.0,0.65427023,0.7053676,0.5744905,0.49894083,0.5335707,0.005436181802282154,-0.0016191976104871458,-0.002362348164680976,0.003607514467346663,0.00097391864095681,-0.0004995140553459007,-0.002344011620008672,0.001085303850073214,-0.0030435765256070506,-0.00039470084261909955,0.0003917880284598246,0.000173053124098558,0.01640540578770433,0.005783355684403184,-0.0008256402871757033,-0.0013934381325481783,-0.0005480739331503195
0.87613076,0.54186964,0.57865536,0.9420575,0.5930844,0.88,0.88,0.48215836,0.41263875,0.9169722,1.0,0.9169722,0.33457196,1.0,0.5057405,0.5043954,0.75245965,0.0038751525819086807,-0.0026359558334085585,-0.00025039600439619994,0.0030338564562458824,-0.0017640159482494994,-0.00041582606035730677,-0.0020860533331551767,-0.002030818165918017,0.005140060188402699,7.389934689120213e-05,3.464172838570062e-05,0.0004861035056272667,-0.035764091516167794,0.033542425745450785,0.00028509685026022023,-0.0002432855816921018,-0.0010349529197132424
0.54005873,0.5267661,0.9081867,0.94,0.94,0.3710487,0.7562161,0.5360614,0.4653264,0.5219028,0.5219028,1.0,1.0,0.37729168,0.46949053,0.6571227,0.38468182,-0.0044283814397487655,-0.009614786824978662,-0.006295173395394276,0.00198311878078535,0.007569591940106062,0.004652626842852388,0.003259936325312476,0.0006883823654971978,0.0068642100554110845,0.007249040389824091,0.003626136981830621,-0.00022455251719839453,0.09130480905816114,0.015780680469589164,0.0007582805303316409,-0.011671118190748266,-0.005613398832345342
0.9231587,0.9655172,0.28630158,0.28057557,0.28057557,0.88,0.88,0.73486143,0.62310344,0.20894541,0.20894541,1.0,1.0,0.505219,0.6069905,0.6734863,0.6435707,0.002034885199989247,0.007668460083607259,0.006553322486122828,-0.004090243755993968,-0.011562548764396935,-0.0007435498300867261,-0.0015925317462661165,0.006875768484380521,0.00678658638155445,0.0165864200728301,-0.00010760905806009954,5.2816348180601406e-05,0.07614143683735289,0.015380604532626886,-0.0012431789385459848,-0.010952642950181739,0.0036949135261817785
0.9101635,0.7892309,0.82946867,0.99229723,0.8859696,0.88,0.88,0.61966133,0.5311716,0.5219028,0.5219028,1.0,1.0,0.4306797,0.8294905,0.43984994,0.72357076,0.0026433094675868585,0.0002473472245017936,-0.0059082936521379845,0.003324890204606624,0.008850571022822565,-0.0006035136906616485,-0.0018129103209783134,0.003150918478261905,0.007684794872756465,0.011726396904347337,0.004225802744660853,4.115910896934669e-05,0.09335171550719712,0.015774544113589417,-0.005802950765770678,0.0045436410032129,0.0020148731263973795
0.9231587,0.9655172,0.2795193,0.2739289,0.2739289,0.88,0.88,0.6089585,0.51789576,0.93697226,0.93697226,1.0,1.0,0.41991547,0.68324053,0.50894076,0.7035707,0.004719157555276393,0.0041232164895814,0.010157714106511782,-0.004926566460355611,-0.015572629570058507,-0.00177574863011759,-0.0014294064080178227,0.0016544798057175247,0.008289802271705954,-0.00029716990464681244,0.0021799123976861197,0.00021737926444984177,0.10922131361108736,0.0104642965857288,-0.006807459408026179,-0.0007100055431647874,-0.003298761054404537
0.9231587,0.9655172,0.30580792,0.29969177,0.29969177,0.88,0.88,0.5556069,0.47649643,1.0,1.0,1.0,0.38634846,0.38634846,0.7419905,0.5580318,0.6546819,0.002102134291001804,0.001955122335420705,0.004698439847540645,0.000963556816413508,-0.006067263282812583,-0.0014441558211192211,1.5723448516395815e-05,-0.0008086008596801397,-0.0034433982647247736,-0.004740344774809196,-0.0004074026048002161,-0.00036996392858645546,-0.04775171723334303,-0.012807017666587215,-0.006093122905926548,-0.0028607553315270957,-0.00267611149635614
0.7524712,0.7573643,0.77944696,0.763858,0.9420575,0.88,0.88,0.47015846,0.6490903,0.93697226,1.0,1.0,0.52628946,0.7492505,0.37824053,0.5516681,0.4502374,-0.00021044092051859163,-0.0008163592734677303,-0.003210966036431905,0.0005447777996652271,0.0029331217657535907,-0.0005657656007246517,-0.0021334262948289186,-0.0026528550983847994,0.0005520830599685435,-0.0007726007360015906,0.00021333723252615414,-0.00014693213407257995,-0.01203471503944526,0.005938252294726095,0.003770501216546169,-0.003590772436423329,-0.0019208272715886343
0.7566087,0.7483317,0.6613655,0.94,0.99229723,0.6917444,0.88,0.445607,0.3867351,1.0,1.0,1.0,0.313569,0.313569,0.3432405,0.67257714,0.5813486,-0.0005843736833466958,-0.0009146899146742117,-0.00260441644820523,0.0010823166060792665,0.007891101515217302,0.004356676270682205,7.165554798356913e-05,-0.002096654498498202,-0.004069642729463313,-0.00387368212503522,-0.00042162922688687184,-0.0011201297880371922,-0.05372110033872873,-0.02115689881137008,0.0069410243961186705,-0.008560536481904161,-0.001158444395155722
0.72141063,0.5268383,0.85870546,0.8902408,0.94,0.88,0.37113243,0.2877584,0.49461278,0.9169722,1.0,1.0,0.4010374,0.8261404,0.35574055,0.42166805,0.22023742,-0.0022448582178580525,0.004503550043715751,-0.005117642075719679,0.0052157276505103945,0.003219076950350104,-0.00028440039229381183,0.015343969249232198,-0.008987882210594175,0.00629221715044674,-0.0007594061709912025,0.00041514597929019766,4.106851058400536e-05,-0.021874898058100688,0.010059634792112526,0.003858901621304379,0.0028882593168474157,-0.011584745749723855
0.7104548,0.77555186,0.71621484,0.909952,0.8015751,0.88,0.88,0.43295845,0.65667343,0.93697226,1.0,1.0,0.7090536,0.54933846,0.2182405,0.5089409,0.60690415,-0.00281120388069795,-0.0016131159514150553,-0.0035330967373679565,0.0017763326799895137,0.004560928173593,-0.0005557897491948715,-0.001755667925728665,-0.0032476278514434703,0.0044026755703626096,-0.0009152894060814473,0.00032034560826316616,6.656825104576224e-05,0.03407001226986751,0.016764267830858777,0.005390398392441708,-0.00189905260811879,0.0009336872682187345
0.721702,0.7719955,0.77944696,0.9742972,0.87612826,0.88,0.88,0.4621583,0.45552415,0.9169722,1.0,1.0,0.8700623,0.39910328,0.3019904,0.4562135,0.3746818,-0.00010773336818561429,0.000928792251297939,-0.004433429044506548,0.0012524134672401899,0.0062732258035913665,-0.0014622706443714122,-0.000962179010004459,-0.0019039520741811456,0.005782019406295688,0.0006222910332622873,0.00026916498762022953,7.181382653270111e-05,0.07704341810068492,0.013348863680754554,0.004798403365224236,0.0022947896492111364,0.001974279856668714
0.922576,0.861538,0.6938433,0.9045379,0.5072649,0.88,0.88,0.5205584,0.5318804,0.9169722,1.0,1.0,0.8954736,0.38679886,0.6982405,0.4053044,0.37245962,0.005265278270592961,0.0023438952038533486,-0.0043429099737528586,0.0025713045101417174,-0.006570889923714041,-0.001259132407735325,-0.0014828032459492885,-0.00098343538567359,0.00981781233475586,0.0006064511560118065,8.474069088470426e-05,-7.5453332782833e-05,0.07749477778653353,0.01349841588270379,-0.006829918670133178,0.005801755025959947,-0.0005565726063209285
0.64833367,0.4611191,0.7187794,0.94,0.99229723,0.94859445,0.88,0.6309584,0.5682427,0.93697226,1.0,1.0,0.9317883,0.46334767,0.6094905,0.4925772,0.6935708,-0.0039200799225632375,-0.01036447021252732,-0.0029397189603486223,0.0018329951556894147,0.011028907326472721,-0.0020735259309982838,-0.0004894984249852677,0.0019015867372512024,0.009935737848178245,0.00023403906967783348,8.941911761116028e-05,4.919446919729245e-06,0.096943220016742,0.017262847975724766,-0.002893606656871065,-0.001075173338155889,-0.0015629867928053849
0.9231587,0.9655172,0.5620456,0.5508047,0.5508047,0.88,0.88,0.8801585,0.7474286,0.93697226,1.0,1.0,0.6060232,0.9676086,0.8532405,0.7943954,0.8335707,0.006318638697487723,0.002224854441444018,-0.0007033587653143513,-0.0054400376543890985,-0.0007278314547778153,-0.0012661921921648528,-0.0018499374203115207,0.020684981864394377,0.001719238154908349,-5.9308619981177476e-05,-0.00018812793773993926,0.00012230507981746269,0.007762107066803306,0.009271492544547316,-0.006677940371576596,-0.009247298338038876,0.0100521734303807
0.9231587,0.9655172,0.12304742,0.12058647,0.12058647,0.88,0.88,0.4813585,0.5122327,0.9169722,1.0,1.0,0.8905668,0.39303145,0.5132406,0.69621354,0.14134842,0.0055024437163694005,0.0027995905125456594,0.012296743655916707,-0.01716674484688055,-0.017407201401788447,-0.0019192869450112325,-0.0004331773927449134,-0.002176132582522916,0.009720319401644391,0.0006894866102516257,-3.22187072236052e-05,0.0001467325924364811,0.06594770543746323,0.021643361547149628,-0.00010914942224608548,-0.008330154354210086,-0.016536231746930037
0.9231587,0.9655172,0.31270626,0.30645216,0.30645216,0.88,0.88,0.51560694,0.44349703,1.0,1.0,1.0,0.35959217,0.35959217,0.68074054,0.580759,0.5591264,0.0025184584469503946,0.0013055201441179152,0.004596848393296352,7.15264060363166e-06,-0.004750433404748792,-0.0010879929345085455,-0.0006020908124408658,-0.0014142000911137491,-0.0036736654978441535,-0.0036162602682154833,-1.5694811849044506e-05,-0.0004378861903177164,-0.04029375992025844,-0.015109678090949532,-0.006172254575342978,-0.003714496074678098,-0.001321618411755684
0.78737795,0.7483317,0.83509797,0.81839603,0.9135261,0.88,0.88,0.49710992,0.42791146,0.6756142,1.0,0.6756142,0.34695524,1.0,0.6257405,0.4543953,0.6824596,0.00099440539031375,-0.0008397894258799554,-0.004879450224228721,0.001734148947042927,0.005271557087038927,-0.0017008197602071675,-0.0017609702339217478,-0.0013532065338525444,0.005627517552264811,0.009825980963466907,-0.0001017374100539975,0.004230626282143681,-0.0363460136760389,0.026078880242791577,-0.00339169999569861,0.0013955430938121021,0.002453688555786829
0.7672731,0.7632302,0.8707975,0.94,0.8382191,0.6194941,0.88,0.72055846,0.8805961,0.93697226,1.0,1.0,0.76737905,0.70321083,0.70449054,0.63075906,0.64134854,-0.0005543436593655386,-0.0009419337071999604,-0.0020166562483826954,0.004248215658059789,0.0017907878965305784,0.003320038709646551,-0.002323511139468568,0.012847837180815868,-0.01388327477068557,-0.0009461190402485374,6.953014950160645e-05,-0.00034109149769075934,0.03304481412258189,0.003449728757663471,-0.0013799617649762322,-0.005886269809470679,0.0029140640048473847
0.50247127,0.64036226,0.6301495,0.94,0.64233285,0.59543914,0.88,0.24095841,0.37661937,0.93697226,1.0,1.0,0.8265215,0.32301,0.14699054,0.17348628,0.38690397,-0.009100591204394272,-0.004397370015703315,-0.0010080046546460757,0.0011018353678214719,-0.0011304616797920782,0.004834672253902471,-0.0011644123780274272,-0.005347479663575715,0.006297172350963062,-0.000531881599233521,-3.5085932516890765e-06,-0.00040649196998502333,0.0652388132062758,0.012203097392619086,0.009954294098283247,0.01729540489899036,0.0024435363070759186
0.87228465,0.85560083,0.7224635,0.94022495,0.74156934,0.88,0.88,0.39295837,0.34601086,0.9169722,0.9169722,1.0,1.0,0.28054935,0.45074052,0.48348626,0.50023735,0.0015783527821755456,0.001059206252175538,-0.00414487429175318,0.0016237197405257733,0.003165883145920906,-0.0013572643978134338,4.1054064425333216e-06,-0.0038699488640188116,-0.009906321747872671,5.159632960897921e-05,0.001973873854439213,-0.0003685504857575711,0.12091484825248151,-0.015578687259481989,0.005033514890092573,0.0016742935134801107,0.0033948181940950083
0.79862505,0.78421056,0.69353455,0.67966384,0.94,0.88,0.6696843,0.37080687,0.3275807,1.0,1.0,1.0,0.26560596,0.26560596,0.2657405,0.48894083,0.66801524,-0.00010900442367749604,-0.0007146814896657517,-0.0027652902886147724,-8.81993236462102e-05,0.006022162932791089,-0.0006661763791807504,0.00037657211008486845,-0.0014085737952185629,-0.008140838849861616,-0.004703125198624966,-0.0006109401482493228,-0.00018969211181394662,-0.06021286078322659,-0.02172486146106913,0.008912389905317878,-0.00033088689748627645,-0.0014473400178058279
0.032657824,0.48557875,0.8248791,0.94,0.878108,0.32327133,0.88,0.33686143,0.2992693,0.4539741,0.4539741,1.0,1.0,0.24265078,0.3432405,0.28621352,0.38912624,-0.021228394371888254,-0.012078364459216444,-0.005164345052208858,0.0002478001295407095,0.008006451082588248,0.0066070358525743885,-0.0013172520021159028,-0.004829303456494773,0.008264971252027641,0.013228044281874353,0.011871127119932823,0.00013224222191508158,0.08684076001849124,0.01582804407989694,0.0030007889696280028,0.012541970895441967,-0.0025711615874645473
0.9231587,0.9655172,0.2657989,0.26048294,0.26048294,0.88,0.88,0.56895846,0.6054578,0.93697226,1.0,1.0,0.49091172,0.89310074,0.5107405,0.64984995,0.43023735,0.008484171389353977,0.0003623726900272757,0.00223709910785363,-0.013153747375158086,0.00026911185377626875,-0.0006922104370580972,-0.0025783662925581772,0.002460925525669175,0.004442885403295893,-2.139584110147901e-05,3.777321527394372e-05,0.00011542888155279659,-0.012091237684935965,0.004843661268499818,0.00042813124976503027,-0.004730042657546929,-0.004237145111712728
0.5829491,0.80107045,0.84068096,0.96716094,0.7449124,0.88,0.88,0.6509585,0.7678256,0.93697226,1.0,1.0,0.8529018,0.55842376,0.7269905,0.60439533,0.5591264,-0.007827292804906238,-0.00013919340692688354,-0.0066687740308040665,0.0039296087686649704,0.002771786881225194,-0.0005550925828569238,-0.0016939672326937874,0.005179299643023617,-0.0002944585851318512,-2.628827156451013e-05,0.00014550582409463163,0.0004799103559917277,0.058055532860224135,0.017034117784096622,-0.004611897321879139,-0.006203886965699787,0.0007074187390249531
0.49448758,0.5030653,0.88697034,0.94,0.92914677,0.34355572,0.88,0.5669585,0.6204675,0.9169722,1.0,1.0,0.50308174,0.8359124,0.1919905,0.6543954,0.6802374,-0.009646053440183851,-0.007419159876194577,-0.0005268979890903396,0.002954971731992323,0.0017935506351630362,0.010524447469551914,-0.0012233044621114406,0.0025043065637082107,0.0003962665112396659,-0.00044428101079558473,-0.00017991824654570472,-0.00018716591614047865,-0.006413962658989318,0.009932954199113058,0.004483353270383066,-0.006439765374214034,0.0023507531733519965
0.7483337,0.4652682,0.8615217,0.84429127,0.8512532,0.88,0.88,0.36440697,0.31490028,1.0,1.0,1.0,0.25532454,0.25532454,0.3582405,0.4198499,0.6802374,-0.00014824602515814368,-0.0001136345928389161,-0.002569373696717546,0.0004638535252988002,0.001456411680010593,-0.0006794066534009121,-3.498168220446198e-05,-0.0014990655116250916,-0.01000783906085311,-0.005366403507165441,-0.0007027774211568094,-0.0003880301574782594,-0.057964807222885016,-0.02608847511771964,0.006023635680059492,0.003039307610514549,-0.0036335553256921175
0.7569,0.35455328,0.7734606,0.99229723,0.82974666,0.88,0.88,0.31335846,0.697467,0.93697226,1.0,1.0,0.73759043,0.47745374,0.45199054,0.4062135,0.26023737,6.198113304995132e-05,-0.0046523902724432045,-0.0034935204166122503,0.003806233491818221,0.0029599709895865144,-0.000173164445177216,-0.003603233663863775,-0.006101774542940942,0.0008216396353762808,-0.0008273089600212108,0.0004351698117273001,0.00047826491631538945,0.029854772526259735,0.011534453175608313,0.0008994474518404495,0.0045172381333698185,-0.00602693118788078
0.49833375,0.55447465,0.80236065,0.9045379,0.94,0.88,0.40319058,0.45695838,0.68590754,0.93697226,1.0,1.0,0.55614126,0.7295548,0.49949056,0.54348636,0.34134844,-0.010272770557633575,0.0015064448155768732,-0.0034100384664976615,0.004476812929528147,0.0020674208955617284,0.00015714452250040255,0.018734514068457365,-0.00325379594507981,0.0016729260465469437,-0.00037287635018829276,0.0003581166571916843,0.00018829483488666602,-0.0008339087007774427,0.008689934447771138,0.00015388741569211128,-0.0032605495841787724,-0.008136461718331222
0.656026,0.57907915,0.82805187,0.94,0.881113,0.43173182,0.88,0.43886146,0.38325158,0.5246136,1.0,0.5246136,0.31074452,1.0,0.18324041,0.37894085,0.8024596,-0.005141418491799248,-0.006688956596035292,-0.0009824739929453952,0.004179663028254759,0.0039003548069997964,0.009371891973095197,-0.001597007974030415,-0.0031448965802835056,0.0072637398957269535,0.01567287511908646,0.00013198138838320739,0.009598562315802573,-0.03400175378952918,0.021024190807698004,0.00502209344096078,0.004454118120413101,0.0005967156398420129
0.8524712,0.8528219,0.4270772,0.94,0.41853565,0.7492734,0.88,0.542407,0.4678401,1.0,1.0,1.0,0.3793298,0.3793298,0.73324054,0.5343954,0.6546819,0.0016917649159608858,0.0003559180042236735,0.0017062498281775838,0.0007393098114257871,-0.0029794006008235212,0.002587977301820443,-0.00036751905739895307,-0.0003062731507183564,-0.0044265938798091695,-0.003835491029360875,-0.0003496174976794114,-0.0008636944310790629,-0.04932386329401108,-0.02003756837786673,-0.0074422042943951125,-0.002487911818849743,-0.0031871641377321756
0.54687697,0.63205415,0.98789924,0.96814126,0.9742972,0.88,0.88,0.64015853,0.72097725,0.9169722,1.0,1.0,0.58457613,0.82154894,0.5682405,0.65166813,0.5824597,-0.010071281998380905,-0.002207799069156717,-0.0037754485147863874,0.00676687212857317,0.004606378740493922,-0.0007625817751554467,-0.0027500515519405674,0.006851337088730758,-0.002299016416524262,-0.00013001204349971735,6.984771888025258e-05,7.95980921958241e-05,0.004245672236943274,0.0032257289229885655,-0.0009906702458455036,-0.006621024134770996,0.004026474419052488
0.9066087,0.96590513,0.74478006,0.99229723,0.7756883,0.88,0.88,0.45535842,0.7599294,0.93697226,1.0,1.0,0.6844868,0.5793108,0.3582405,0.3771227,0.47801515,0.00471939633006303,0.005091552231010425,-0.0030484068853803116,0.00325382265123751,0.0019682012897881828,-0.000356952087325684,-0.0014057705512134165,-0.0038769529983397394,-0.0002565435837497347,0.0001382649289838655,0.0004797677237483486,-0.0002562741053005689,0.03185909619973421,0.013550993277829519,0.002858774241850806,0.006894508911346948,-0.00310423595697342
0.60987216,0.68910867,0.59757316,0.9742972,0.94,0.88,0.94859445,0.14640701,0.1417708,1.0,1.0,1.0,0.114949286,0.114949286,0.24074054,0.37166804,0.3746818,-0.002381093384557743,-0.00042698380697085583,-0.0009761965443464686,0.0015608716213509994,0.0033204407515531466,-0.0007177775968738375,-0.00022909086337561925,0.0016886311425278252,-0.011098706100251923,-0.0029537481604946527,-0.0002517906093523917,4.915946760502249e-05,-0.06679604582512992,-0.02525875743546467,0.009006312816347218,0.00478994057423208,0.0033044416358801922
0.3793943,0.6557171,0.67485404,0.94,0.7231646,0.5954189,0.88,0.44535843,0.5855561,0.9169722,1.0,1.0,0.47477522,0.7974473,0.32324052,0.36621353,0.62468183,-0.015333405077938407,-0.003957941921731772,-0.00169736103502736,0.004282176385089416,0.0014676419357415199,0.004130730243472023,-0.0012642485379777313,-0.0036966635528983887,0.004269127318095224,-0.0005313339398916911,-0.00019341314838843088,-0.00016549429185838034,-0.011951943821963351,0.0093613039676325,0.0031706359407464063,0.0052689641244958564,0.0015294317299549692
0.7569,0.35455328,0.7734606,0.99229723,0.82974666,0.88,0.88,0.3888614,0.34271255,0.37864074,1.0,0.37864074,0.27787504,1.0,0.45199054,0.4062135,0.41912618,-0.0023286503691282083,-0.0026259614809597226,-0.0010703348599866464,0.008968342699105174,0.002320945301050778,-0.0016715827208238555,-0.0018047808074438904,-0.004741739803335472,0.005896581981274207,0.02741635503432535,0.0001757821512704126,0.0009556092847813802,-0.03452759226014423,0.025732685521079438,0.0020741940787512682,0.0026569032489033068,-0.0034479010243391394
0.71400964,0.7374609,0.73527795,0.7205724,0.94,0.88,0.6441142,0.30560684,0.26469937,1.0,1.0,1.0,0.21462111,0.21462111,0.5157405,0.3434862,0.54468185,-0.0008068072782476556,-0.00033584882161241686,-0.0024117989671988155,-0.0008798113716326137,0.004427807535311071,-0.0003733183429005402,0.0007346089740256729,-0.00036381317107608965,-0.011454309365631158,-0.004763940428100703,-0.0008822170042842823,-0.0004828982483487723,-0.06296110487580248,-0.02719490991716613,-9.933173114716105e-05,0.007225331114209696,-0.0007102101398724909
0.81045485,0.77204144,0.8418077,0.82497156,0.99229723,0.88,0.88,0.6469584,0.7933449,0.9169722,1.0,1.0,0.81762403,0.61374426,0.82324046,0.4862135,0.6191263,0.0012380715288095217,-0.0004276237753867438,-0.005635331333864485,0.0019379796985975978,0.010038270533542252,-0.00018770554646390416,-0.003521211835443706,0.005539686896036606,-0.003685436561462908,0.0004599252028699447,-2.795569953863538e-05,0.00042023064152322794,0.051082877047037636,0.0114038358013842,-0.004273767053476468,-0.00042955657339444937,0.0029601956819295585
0.7944875,0.43081942,0.79782116,0.90456796,0.66370684,0.88,0.88,0.34560683,0.306942,1.0,1.0,1.0,0.2488719,0.2488719,0.6482405,0.6062135,0.22245958,0.0005280584384440406,0.0025029455228423713,-0.002158884618151009,0.001258556527888348,0.0001903934017394573,-0.00018571816260589888,3.961232022987357e-05,-0.0015650897119041933,-0.011430702198418517,-0.003764421121913254,-0.00036717661545941307,1.709396655148493e-05,-0.05473383057964543,-0.024902019957161677,-0.004776158793168554,-0.004073848548400107,0.010777920696080152
0.9231587,0.9655172,0.16770014,0.16434614,0.16434614,0.88,0.88,0.40400696,0.35549146,1.0,1.0,1.0,0.28823632,0.28823632,0.3644905,0.7243954,0.35245958,0.00239607851029677,0.002031938132345751,0.008662155076160133,0.001433966254156119,-0.004925058361158577,-0.0006653221222923547,-0.0005481946865610076,-0.001523962916347237,-0.007922939241424502,-0.0035706766327005257,-9.30158606501403e-05,-6.34989382126519e-05,-0.05452324213881804,-0.013311155848928828,0.005700693413211119,-0.007650223336864359,0.004841939332565878
0.91132885,0.682166,0.3461836,0.99229723,0.35523129,0.88,0.88,0.32950988,0.29220155,0.6584483,0.6584483,1.0,1.0,0.23692018,0.56949055,0.13712259,0.46912628,0.0028932841269405755,-0.004006852688880858,0.005415168788808583,0.0027018629374966473,-0.014816343286201074,-0.0012280563143634083,-0.0008933140002619146,-0.004408538378452462,-0.004252592919878957,0.01037406605066631,0.005779186288734894,4.887568952590765e-05,0.10385596615273261,-0.008502768456102497,-0.0028604787849727973,0.02596040566803838,0.0007692806437167442
0.26371837,0.5716596,0.81219167,0.9081062,0.9433281,0.88,0.88,0.28080696,0.24812989,1.0,1.0,1.0,0.2011864,0.2011864,0.2294904,0.34348628,0.74801517,-0.00755773640936703,-0.002171460825219165,-0.0033398109562424194,-0.0003058123297266293,0.0055876000438088245,-0.000585309673354293,-0.0005725774616314468,0.00044422652422737845,-0.010596503866362374,-0.0037793453294385597,-0.0006352964287786845,-0.00019693013693421267,-0.06349185300947,-0.021006454281537756,0.009029543127569942,0.005929172350991749,-0.00254742652609185
0.9231587,0.9655172,0.25493032,0.24983172,0.24983172,0.88,0.88,0.49000686,0.4215603,1.0,1.0,1.0,0.34180564,0.34180564,0.39699054,0.5862135,0.7891263,0.002313771253139943,0.0025131110546873807,0.008097939305496082,0.0020427160795006088,-0.007997032480222363,-0.001210835347046423,-0.00015827016807029652,-0.0009715284258082189,-0.004973132848686656,-0.005689869457266643,-0.0005791238345184026,-0.0005596951608816686,-0.05174589212826932,-0.017326493327431792,0.0041655539638112745,-0.004035914151491041,-0.006315472498956054
0.8906414,0.77048427,0.7890518,0.94,0.9420575,0.65376174,0.88,0.6085584,0.772074,0.93697226,1.0,1.0,0.74461544,0.6344262,0.60324055,0.5289408,0.6524596,0.0038209468424725735,-0.0013830728805820352,-0.003995855761509845,0.0024827267104488115,0.006318989844259402,0.001850740018598276,-0.0017677665400333076,0.0040616526750795676,-0.0021807134873672133,-0.00015171490315427416,0.0002955024603882998,-0.0002717755961885693,0.04355436123072507,0.011928110747588103,-0.0008590316733022124,-0.0025607142628130053,0.004988483191928929
0.7601635,0.7687495,0.94917023,0.9301868,0.915161,0.88,0.88,0.54975843,0.49680755,0.93697226,1.0,1.0,0.40281692,0.9317883,0.70824057,0.44439533,0.53134847,-0.001053878059512825,-0.00048714781281262277,-0.003139615179875199,0.008258386754953937,0.0027806980229762666,-0.0010938745502554982,-0.0021379814392747357,0.0007319308398947916,0.006255049923879714,-0.0009896785291667422,6.267040059304022e-05,-0.0002452305225472789,-0.03318019601060207,0.012592883670451846,-0.005026603735710726,0.0014096647335825462,0.0003965712363673863
0.9231587,0.9655172,0.24523398,0.2403293,0.2403293,0.88,0.88,0.6617584,0.7969999,0.93697226,1.0,1.0,0.7350476,0.6492657,0.5132405,0.63439536,0.60468185,0.0061008279834418155,0.004458806362501715,0.006992817124567766,-0.00724600728470525,-0.008250709675283964,-0.0008621409954799814,-0.0018557321992315222,0.003677058365128244,0.003020953083334339,-0.000475327842962961,0.0003009413102134756,0.000447622855215061,0.03505580648916631,0.01368770514417794,-0.0003148235008954082,-0.006577982934771988,0.0023470093565493306
0.89151543,0.9339215,0.13988893,0.94,0.13709114,0.8433489,0.88,0.2913585,0.25901413,0.9169722,0.9169722,1.0,1.0,0.21001147,0.62199056,0.26257715,0.38912624,0.004000491712160822,0.003556918946360401,0.013108197607401591,0.0031916548363831875,-0.019097228752905614,-0.0001348447852027149,-0.0006823661671934298,-0.004279394697717117,-0.016117252726557358,-0.000806114487197388,0.0022865310152079426,-0.0002655966356741925,0.10762406368816131,-0.028037077608888582,-0.004810951879003355,0.0159302225951454,0.006715513998647409
0.7876693,0.7023657,0.5897489,0.94,0.71018296,0.8841149,0.88,0.71615845,0.7453277,0.93697226,1.0,1.0,0.74383366,0.6870611,0.58824056,0.4553044,0.8280152,0.0005030310000387162,-0.003215695742383711,-9.790340657902793e-05,0.002317258263082025,0.0003302618462849842,-0.000511527646642911,-0.0025901143285444773,0.006796452639528396,0.002922870092005621,-0.0002761477752267267,2.640074336375836e-05,8.277662352080703e-05,0.03535518233082141,0.0120591304148877,-0.0009719751398640539,0.001449337659757121,0.005548989466158795
0.9181472,0.7719958,0.45624352,0.94,0.96514356,0.7522566,0.88,0.42655846,0.6720562,0.93697226,1.0,1.0,0.54491043,0.7030842,0.3582405,0.290759,0.4502374,0.005800138600489033,-0.0010993234676283216,0.0027260052421867603,0.0032035486694792833,0.00832211136436682,0.0007301806592458095,-0.0016986134399318592,-0.003779569817556289,-0.00020935175148539112,-0.00015934625456322409,0.0003158184663218627,-0.00024090526564721034,-0.0012783224771049906,0.006901724406137174,0.002093548102412429,0.012768913775194478,-0.0020663146762376562
0.43265775,0.6720197,0.8773962,0.94,0.94,0.52771604,0.39956564,0.33215836,0.29492754,0.9169722,0.9169722,1.0,1.0,0.23913044,0.25199044,0.46894082,0.34579298,-0.011195942150255973,-0.0021414494494836553,-0.008665390731102255,0.004305866999249444,0.009731108174704645,0.013125166716035374,0.002081597914101622,-0.004848492475373899,-0.006568639632474969,-0.0007977199960647889,0.0033483690377239784,-0.0004765414433014456,0.11725482648255771,-0.01647674933824727,0.013202212526821824,0.002358146963838497,0.0036894678564621287
0.82525676,0.6954121,0.8838953,0.94,0.9742972,0.8166462,0.88,0.566807,0.48938087,1.0,1.0,1.0,0.3967953,0.3967953,0.6744905,0.5871227,0.7124596,0.001047427569570542,-0.0009148235691209491,-0.0032158358331608483,0.000608501446861407,0.005469167699975099,0.0008911002065865412,0.00010502860174416734,-0.00046520314694878015,-0.002465824967550978,-0.004670978903623423,-0.00040301559380750474,-0.0009334926410323249,-0.04800846655954895,-0.016290382905249846,-0.005131885047641797,-0.0056434545642965505,-0.005196002426702699
0.81400967,0.7686939,0.8225866,0.96814126,0.80595535,0.88,0.88,0.46335837,0.58645594,0.93697226,1.0,1.0,0.47550482,0.8599224,0.5394905,0.4680317,0.42023733,0.0016983941058173082,-0.0004096128080108838,-0.0027942173330778464,0.006650168611467183,0.00028798106819043543,-0.0005253643433945788,-0.0019722498594491322,-0.004629345368735131,0.003977549386166505,-0.00025849865988843124,-0.00017734607895852805,2.0759813270165224e-05,-0.011042264028984481,0.004555205914275789,-0.0007524451762701597,0.00010855814828211761,-0.005273317597280034
0.59448755,0.87204504,0.7776567,0.94,0.90833646,0.8727212,0.88,0.33400697,0.2944155,1.0,1.0,1.0,0.23871526,0.23871526,0.30949044,0.4053044,0.65690404,-0.0025188780750703232,0.0010756967583011668,-0.003232305202877416,0.0013471795604172764,0.004612233867653198,-0.0005969519667440954,-0.0004415825174851429,-0.0014089965164674311,-0.006816567904816371,-0.0045069879655716995,-0.0005571403242223857,-0.0008365456454497883,-0.06247998015506849,-0.020965010036510422,0.0070387594532698525,0.003937512520304515,-0.0022192890329522205
0.7518885,0.85428894,0.8174673,0.94,0.94,0.7509752,0.6917444,0.53735846,0.62593496,0.93697226,1.0,1.0,0.8411645,0.48839468,0.5107406,0.53257716,0.5269041,-0.0004576928670243151,0.0011185899250359154,-0.004732070394231437,0.0028876785965188416,0.005954032439069722,0.001846732458284569,0.003800299425767649,-0.0005352254102979866,0.011151816243544065,0.0004485932582723236,0.0004816111704614667,-7.246171893756509e-05,0.0685565628829213,0.021571304316678107,0.0007345032143987245,-0.0021579833038852273,-0.0007374362046438142
0.9231587,0.9655172,0.3699106,0.3625124,0.3625124,0.88,0.88,0.6904614,0.5901289,0.4539741,0.4539741,1.0,1.0,0.47848287,0.42699057,0.7407591,0.6013486,0.003103603298493641,0.006498336626997975,0.003994835864942648,-0.004610096074428821,-0.007064818595677217,-0.0011003840350968038,-0.0018308313576281246,0.005748925348152556,0.006721490232782509,0.010539022321748259,0.0022705330161721625,0.00022331711202976971,0.0810653076668326,0.017384731581180073,0.0019995369647204863,-0.0147288307089526,0.0016445927170215021
0.7302683,0.5140839,0.51981014,0.8857861,0.66832465,0.88,0.88,0.365607,0.31930554,1.0,1.0,1.0,0.25889638,0.25889638,0.56449056,0.38257712,0.5046818,-0.0010610269636934543,0.00035864540554045326,0.00026979295646368373,0.0009404665917513357,-0.0003287538242823728,-0.00016851312642003762,7.664139793677193e-06,-0.0011844929522989416,-0.009215910291677594,-0.0032630543025432028,-0.0004796163791210133,4.265708109113881e-05,-0.05486670070979699,-0.021829319187463888,-0.001283093445924156,0.0055340394632375734,0.0007847228692938106
0.9231587,0.9655172,0.26286337,0.25760612,0.25760612,0.88,0.88,0.6193584,0.6152177,0.93697226,1.0,1.0,0.49882513,0.8907482,0.71324056,0.37439537,0.7469041,0.007615838393456162,0.003683160699089835,0.0047227644952925725,-0.008265642818672729,-0.007667532252314456,-0.0013874272794386897,-0.0033949360925985385,0.001755998176843872,0.00641601835379997,-0.0004045212180159327,-0.0003734739569093165,0.0003020264496776473,-0.011066643097935622,0.010872336813001666,-0.005856353159071517,0.0043399772038534646,0.00880139300819132
0.57583946,0.7205859,0.66728294,0.9742972,0.72751796,0.88,0.88,0.31375846,0.54966897,0.9169722,1.0,1.0,0.6865085,0.49848998,0.10074043,0.361668,0.5446818,-0.006191533956814308,-0.002839770291880177,-0.0026847350873498233,0.0016668513302955867,0.002006477700762323,-0.0003817792406427771,-0.0013520410435763988,-0.0051768505917179075,0.0072744371522218635,0.00024848166978850937,0.00020578380368993024,0.00017406716829664422,0.023480270493566227,0.016346236935359977,0.008575889391637915,0.007305142761256488,0.0009707865379624037
0.4557346,0.5461003,0.81399953,0.79771954,0.8597547,0.88,0.88,0.27040696,0.24198072,1.0,1.0,1.0,0.19620058,0.19620058,0.2182405,0.5489407,0.40134844,-0.004018130802490663,0.00031704895112315225,-0.0030064913292362043,-0.0003579565583026079,0.0016221903700290856,-0.00029767272248262767,-4.5922446720571747e-05,0.0005492404140652738,-0.01213951966993533,-0.004158003230612451,-0.0005428428814376442,-3.3958289894827127e-05,-0.06598394517406059,-0.024940930268942677,0.011386820796890821,-0.0027515032208004753,0.004425573034354085
0.5601635,0.5167425,0.8391961,0.94,0.9433281,0.81621236,0.88,0.61055857,0.6914103,0.9169722,1.0,1.0,0.7223364,0.6277773,0.41949052,0.3634863,0.7869041,-0.007456570249455547,-0.009302142072243183,-0.004872194751467083,0.00195254652243106,0.009196496547428065,0.00032035575288536606,-0.003015630332702938,0.0018036758861516183,0.004411901107417255,-7.844182479538317e-05,2.6101983869517286e-05,6.091802306444627e-05,0.0338913884397547,0.012011599122251346,0.001100351012941712,0.0074316433831718536,0.004382741815126982
0.84035003,0.7311876,0.90584034,0.94,0.92764825,0.94859445,0.88,0.372807,0.33138356,1.0,1.0,1.0,0.26868936,0.26868936,0.5082405,0.43894082,0.47468174,0.0020060890773118778,-0.0002789592999831699,-0.0033444383171948454,0.0016888443667047203,0.003104674631024266,-0.0014035933136606765,0.00014126511843182602,-0.0020317934590315364,-0.01071988588883916,-0.004581862584366488,-0.0007736067420543169,-0.0005400356303396256,-0.0626384832199632,-0.025987661629794337,-0.00019261508083002026,0.0029889048851560207,0.0015228014422199675
0.7681472,0.7205859,0.74478036,0.72988474,0.8916575,0.88,0.88,0.37535843,0.546837,0.9169722,1.0,1.0,0.72097427,0.5032784,0.3582405,0.44166806,0.38468182,-0.0002329240451393894,-0.0013269881325496638,-0.003934389221448752,0.0008742137091939179,0.005321376887952553,-0.00012852043972254315,-0.0016708260163758998,-0.006598076457364748,0.0071502475579180835,-0.0001151528194423069,0.0006624274710166364,0.0002184210321692446,0.03411937461034251,0.019925978403060964,0.003532441943761187,0.0029759296854978416,-0.00475601342672258
0.7060261,0.62010324,0.6672626,0.94,0.99229723,0.6787521,0.88,0.5645585,0.76315814,0.93697226,1.0,1.0,0.61877686,0.7297664,0.61824054,0.54348624,0.49579293,-0.0019503498056967045,-0.003015821465392205,-0.0015474575482952771,0.0029821593634256753,0.004860667537305154,0.0015526295208151742,-0.002109917189214713,0.0028384212036359447,-0.001462730956599044,0.00014617924751603715,0.00011854462279487902,-0.00014980959314961185,0.015995020036751094,0.008288106065463095,-0.0021618821896514234,-0.003936945727393306,-0.000759957048577976
0.7876693,0.7023657,0.5897489,0.94,0.71018296,0.8841149,0.88,0.577207,0.49125946,1.0,1.0,1.0,0.39831847,0.39831847,0.58824056,0.5853045,0.8280152,0.0007059576938945154,-0.0013355562400219347,-0.0009194738903735323,7.731886267588295e-05,0.0009158421976846382,-0.0011134545765639848,2.6769141156416514e-06,-0.00048260874515436403,-0.0032189557336341668,-0.0044915625757501855,-0.000575446709302973,-0.0007346313327183924,-0.04826565626631087,-0.01789483573923075,-0.0029098093571669707,-0.00583361455320863,-0.009637755987007772
0.90602607,0.8341046,0.85670185,0.94022495,0.94,0.88,0.78728664,0.5629585,0.63286287,0.93697226,1.0,1.0,0.51313204,0.8474998,0.36574042,0.6543954,0.5335707,0.004717191366531778,-0.00013025132790220304,-0.00315521885754084,0.005275887767359528,0.0005559822258406315,-0.00041273919977343886,0.0012243174318351954,0.0024461319334540895,0.0018322888685539849,-0.0009408260591659845,0.00033341288411446496,-0.0006217912085902137,-0.006085135854708945,0.0077408783840349415,0.0028421263882766894,-0.008257928061265345,-0.00012542516460407188
0.67939425,0.7755932,0.8417247,0.82489026,0.94,0.88,0.5799126,0.5001583,0.52537686,0.9169722,1.0,1.0,0.42598125,0.9176782,0.57449055,0.4971226,0.5502374,-0.004802595491822703,-0.00023090658519579462,-0.00437875736136837,0.002846087587241913,0.00267366931081231,-0.0009199984612540133,0.010465484530488976,-0.0024513148495982034,0.007158467771808596,-0.00043475678169258236,0.0002267721745050687,-0.00022168858377485321,-0.02517840360345274,0.01149556872228701,-0.0013759642733287042,-5.264832262717858e-05,0.00025274657633820615
0.8918068,0.6642838,0.47003168,0.94,0.46063104,0.53056926,0.88,0.54895836,0.5893112,0.93697226,1.0,1.0,0.90172124,0.4412667,0.7244905,0.39166814,0.5457929,0.0038205701403143753,-0.005766195274345892,0.0027827699501966475,-0.00020901196217074547,-0.008038010414769193,0.003768039249980243,-0.0018317928525296207,0.0006643009521249585,0.007002288433817495,-0.00010832872446552535,-8.126175540597914e-05,-5.6149023993974885e-05,0.07520476935506915,0.01708731403469488,-0.004056810997694012,0.005568216739477145,3.338343928145148e-05
0.656026,0.57907915,0.82805187,0.94,0.881113,0.43173182,0.88,0.3352069,0.29476717,1.0,1.0,1.0,0.23900041,0.23900041,0.18324041,0.37894085,0.8024596,-0.0009432103661017907,-0.0027725171711428043,-0.0032339671675767163,-0.001178592216167922,0.004738748739036921,0.013064685908441578,0.00048397154143409974,-0.002113479031162338,-0.010265839914507585,-0.0041778514527403,-0.0009607580550600014,-0.001278272457513574,-0.06722285174608957,-0.02859969409568943,0.012606653234711013,0.0055413767266748815,-0.005408738425737469
0.8175644,0.7719955,0.77925724,0.94,0.86448,0.8166729,0.88,0.5197583,0.5431181,0.93697226,1.0,1.0,0.77742016,0.5287409,0.3582405,0.2662135,0.78357077,0.0018406053867633019,-0.001097421923908822,-0.004888800891744218,0.0011205886425352067,0.008617794902546222,0.0001363762102643301,-0.001611280930992717,-0.0008702840599332101,0.010018138000623926,-0.00037523764122687916,8.496825131383876e-05,4.4767137929208054e-05,0.05465828104927829,0.02016921171875553,0.0026744553188246356,0.0150493533412069,-0.004209857871272944
0.8048607,0.2582032,0.9253455,0.9068386,0.94,0.88,0.38454586,0.54055846,0.4649227,0.93697226,1.0,1.0,0.37696436,0.94074255,0.52449054,0.30348623,0.82801515,0.0021088651152647775,-0.0029791364836837947,-0.004220987666199769,0.00218979119448236,0.004498081365406879,-0.0003303173122011992,0.019606818830135823,-0.0006103708603314257,0.005263050300308139,-0.001324193208611743,0.0003754453685055688,1.2305554663675778e-05,-0.040814443154983115,0.02976257951999839,-0.00032210646707225686,0.010614752133203875,-0.001507973804016292
0.67939425,0.7755932,0.8417247,0.82489026,0.94,0.88,0.5799126,0.5253584,0.82020026,0.93697226,1.0,1.0,0.72011906,0.59413767,0.57449055,0.3753044,0.45690408,-0.003627065923430255,-0.00030107625569965367,-0.005778988457796219,0.002229091628624161,0.006218385101650111,-0.0003414444951928131,0.011270974008790586,0.00039569683006449795,-0.003744569676807218,0.00016410225616654073,4.0917489736068195e-05,8.450175314163644e-05,0.03865515400344923,0.013527722146314652,-0.0010015076337272753,0.00760595453952429,-0.0036983369131142873
0.806026,0.14510055,0.6482276,0.9420575,0.64358175,0.88,0.88,0.45655838,0.40884382,0.9169722,1.0,1.0,0.331495,0.9176782,0.2607404,0.42803174,0.4380152,0.0019749785617694648,-0.011112593069468595,-0.0007828530412104989,0.005644859644205936,-0.0005238215693486376,-0.0006225911404052338,-0.002598090150023844,-0.0028526259967582702,0.006004057201973712,-0.0004967107615899878,3.521633183714394e-06,0.0004464183779235814,-0.04092546099661561,0.013316243467529515,0.006568464662173226,0.002140261230026455,0.00014026451664406238
0.571702,0.71334743,0.6489318,0.94,0.7905706,0.58748305,0.88,0.35560685,0.3110942,1.0,1.0,1.0,0.25223854,0.25223854,0.41949058,0.28166807,0.7413485,-0.0031521974373252153,-0.0011301199796522011,-0.0011044723368961718,0.0011401675696638585,0.0020063647212092608,0.006544898302253199,-0.0006375374155138737,-0.0021042003394213422,-0.006739086313910692,-0.004574894704947393,-0.0011731227115071826,-0.0005256832941557305,-0.062226499312174326,-0.0190429854894155,0.0021590245111070194,0.010281248347558471,-0.001853711972182544
0.75305396,0.80322796,0.59182656,0.909952,0.61933976,0.88,0.88,0.29255852,0.26350504,0.9169722,0.9169722,1.0,1.0,0.21365273,0.23824048,0.35984993,0.38023725,-0.0008730155370765305,-0.0001281044450140679,-0.001288001156492558,0.0021235675654853433,0.0003513892010288323,-0.0017006496617855494,-0.0005346821318081408,-0.005010679735251022,-0.010005685054858857,0.00015690211595100547,0.0028395349608756094,-7.910193912277541e-05,0.11348344650931319,-0.01549346084349211,0.01242318688256165,0.009442200314095851,0.006783611112069066
0.9030539,0.80322796,0.64268893,0.99229723,0.6876982,0.88,0.88,0.44855842,0.38094425,0.9169722,1.0,1.0,0.99148273,0.319935,0.3219905,0.4298499,0.6235708,0.003330060662587821,-0.00023592896990040155,-0.0028095385673951095,0.0020808666743854657,0.0021053209659664426,-0.0013380023297974435,9.010198115425639e-05,-0.0019080144314619187,-0.0026530602965014775,0.00042266428471666735,5.5187915865726465e-05,9.732021140297364e-06,0.11264723849373165,-0.006139556321375064,0.008395372553342124,0.004212338384607397,-0.0037533376092715367
0.26371837,0.5716596,0.81219167,0.9081062,0.9433281,0.88,0.88,0.3676615,0.3253115,0.57678866,1.0,0.57678866,0.26376608,1.0,0.2294904,0.34348628,0.6180152,-0.033756610792439815,-0.0031001317837517878,-0.0013512186500502185,0.007179305777096626,0.006782629791928976,-0.0012934759293208786,-0.0015964283291031803,-0.005301334162193998,0.008092258812853345,0.013945623063445534,-0.0005491943719367515,-0.00014190545404473476,-0.04915790858068402,0.013178764209785756,0.010221971492796236,0.005291925264570547,0.0032278679097496243
0.9219933,0.86782813,0.87192553,0.94628835,0.8134048,0.88,0.88,0.4477584,0.38310748,0.93697226,0.93697226,1.0,1.0,0.31062767,0.7144905,0.31803176,0.58023745,0.003404465789480359,0.0017504444325412232,-0.008644518679200582,0.001832494276842077,0.00801977143737895,-0.0013393708731742945,-0.00028620442618559184,-0.0025200661745437623,-0.00251814411954167,-0.0011472679127752692,0.0017127946616923156,-0.00025466261387429803,0.10513717781276714,-0.013932241730519778,-0.00907124565402492,0.013819441722335419,-0.0027450540952668485
0.771702,0.7875982,0.75802916,0.94,0.92764825,0.5635914,0.88,0.57215846,0.58865756,0.93697226,1.0,1.0,0.47728992,0.87714225,0.3069905,0.72803175,0.39134842,-0.0006259910966124513,-0.00041647958275677316,-0.0028009786149991835,0.004730854910877129,0.0012645085745642693,0.004691742416626252,-0.0015386526716671934,0.0024603754357229554,0.002779360109931359,-0.0002556211492645419,9.729956849784047e-06,-0.00020332057752630846,-0.009118850651435827,0.005706725621333053,0.003414351553323664,-0.009903111768801558,-0.0033654046457380956
0.756026,0.71298456,0.84264636,0.94022495,0.81403244,0.88,0.88,0.38960692,0.34343106,1.0,1.0,1.0,0.2784576,0.2784576,0.44199055,0.53257716,0.46579298,0.00023234974957800066,-0.00034833841582734387,-0.0025676835634716433,0.001824957821824688,0.0009817339168306368,-0.0007077980989448431,-0.000173041846152244,-0.002044914135048689,-0.0073156260164932985,-0.005247680704131592,-0.0009528822408297783,-0.0003766814535326755,-0.06093481844728197,-0.022434015694375472,0.0026171895813221313,-0.002737479156360572,0.0017513592321732772
0.48679525,0.5718807,0.77332795,0.9742972,0.87612826,0.88,0.88,0.17720704,0.16789587,1.0,1.0,1.0,0.1361318,0.1361318,0.27949047,0.40712252,0.3746818,-0.004098992175265902,-0.00047640647687255936,-0.002644690461605549,0.0007631810370092945,0.0018139922682792464,-7.158168962730969e-05,7.46258762259782e-05,0.0017957003335625575,-0.012266934176289863,-0.002651874458338957,-0.00039669659645751645,-6.810907398570071e-05,-0.05736494037422821,-0.023665152738663094,0.00833477506467393,0.002993870488376282,0.0031441969725422847
0.9231587,0.9655172,0.3578997,0.3507417,0.3507417,0.88,0.88,0.58600694,0.5043703,1.0,1.0,1.0,0.4089489,0.4089489,0.6982405,0.79439545,0.45023727,0.003281803658032281,0.0024402237470937042,0.003889045570332273,-0.0008195540637542866,-0.004402160445925607,-0.0013687337941297008,-0.00023356931191159078,-0.00039414007945958856,0.0005622460812771696,-0.004483455625053129,7.974039859868935e-05,-0.0005070063230998175,-0.04500082358483917,-0.006884621114549873,-0.007529530850133255,-0.011693957671558834,0.0018980095184657525
0.61727315,0.62688017,0.8160261,0.94,0.96716094,0.6862055,0.88,0.272007,0.24209288,1.0,1.0,1.0,0.19629152,0.19629152,0.5807405,0.1998499,0.56912637,-0.0026806329050047023,-0.0016546217605504646,-0.003991701316210205,0.0013258342255560449,0.0071306803261620266,0.0031835229726988757,-0.00012893744783150723,-0.0012988281993616898,-0.011212409421199013,-0.004737558477461293,-0.00023468573343712884,-0.0007402435680934741,-0.07299845391550834,-0.02568289826850272,-0.002040557936566015,0.016487205589414668,-0.0010505369107052553
0.5947789,0.70785475,0.74129534,0.9742972,0.77375364,0.88,0.88,0.45735854,0.5639867,0.9169722,1.0,1.0,0.45728654,0.8125735,0.3582406,0.33803168,0.64134854,-0.008417103562687364,-0.000698165564036012,-0.0024452617367054213,0.004335488365822613,0.001185980649464064,-0.0003732411008798804,-0.0013243298840653883,-0.0024104672503171137,0.0046128247287993175,-0.00040020267462664925,3.134588869632776e-05,0.00023144301438168585,-0.01785391921624657,0.010010152572051845,0.002936589720176793,0.007338601918644164,0.0014327997298868135
0.73737794,0.8002667,0.6907904,0.94,0.5885435,0.752257,0.88,0.5913585,0.6015005,0.9169722,1.0,1.0,0.8692886,0.46778157,0.47449058,0.6143954,0.3813485,-0.0022177343679177152,0.0005265616619125626,-0.0022101681014388016,0.00268561535442838,-0.001434997508424161,0.0016734785195663185,-0.0023380205074778663,0.001957056393615451,0.00694938029813326,0.0005574258320713838,0.00022022177885454256,-0.00011423773677767507,0.057493719837780934,0.01858452489433017,0.0013175834123628782,-0.005529106203017842,-0.0013572143235020557
0.9231587,0.9655172,0.2309625,0.22634326,0.22634326,0.88,0.88,0.4556069,0.3941068,1.0,1.0,1.0,0.31954607,0.31954607,0.6044906,0.64166814,0.39912626,0.0026123360161784993,0.0018017931830113035,0.007697964033006643,0.0007757240511156869,-0.003642487796287474,-0.0007868991546537294,-0.00035896192396760765,-0.0012827339985021582,-0.007236909818940231,-0.003744421760864332,7.277758018761717e-05,-0.00017677929510139968,-0.044474683470095505,-0.018579785954030783,-0.0037381418422415343,-0.005606501124207678,0.0036270146139019428
0.9184385,0.85880697,0.8039729,0.7878934,0.94,0.88,0.7562161,0.6851099,0.5885584,0.6756142,0.6756142,1.0,1.0,0.47720948,0.6019906,0.64075905,0.7313486,0.00240278431125822,0.0011543595164350932,-0.005598216500657853,0.001527408512642108,0.007221572906504024,-0.001110123044394755,0.002389548979101495,0.0052695043411707275,0.00904031182178329,0.007746081285642803,0.0030990173725979815,2.4653268936934547e-05,0.09562393051286035,0.014935403514535917,-0.002358758793727651,-0.012661584961336266,0.0013319474387293508
0.81785583,0.785743,0.7357044,0.94,0.99229723,0.6714619,0.88,0.6593585,0.7294689,0.93697226,1.0,1.0,0.8587738,0.5365443,0.5882405,0.62985,0.51579297,0.00021582140054811485,-0.001138027931181537,-0.0035297861897640014,0.003101009159975834,0.007742497723737727,0.0021304027361640724,-0.0013571172133835876,0.005675059061798148,0.0023132228067757983,8.222191219611888e-05,0.0002543357367112821,-9.132773618817508e-05,0.059266121340237635,0.01699206961644676,-0.0010546752577886827,-0.00967633286074464,0.0006487348461708488
0.56785583,0.68978965,0.75219977,0.94,0.6195014,0.62410563,0.88,0.44895843,0.6519103,0.93697226,1.0,1.0,0.79936844,0.43731502,0.46949053,0.42803174,0.31579292,-0.007172191309110914,-0.0034856046414357173,-0.003827998500758971,0.002352831817662848,-0.002817954328409993,0.0028539250222918665,-0.0009480331179861326,-0.0027175906883698756,0.0029542920643103234,0.00019895892156292848,0.00014177174939534218,0.00015827222395865538,0.05056608011212145,0.01730650633415535,0.0005019199296682093,0.002321230605609447,-0.005322540297473579
0.7681472,0.7652451,0.67679363,0.6632578,0.99229723,0.88,0.88,0.5361584,0.5772207,0.9169722,1.0,1.0,0.84769917,0.44708195,0.53949046,0.3753045,0.45245966,-0.0006781421552439409,-0.000504762532743483,-0.001967563187950074,-0.00023334882175163926,0.00837141013829885,-0.0008040937787316947,-0.0008867159246232186,-0.0005146645641927022,0.00857818511738099,-4.13965430567651e-05,0.0005467945822707318,0.0001736514903651732,0.06002200503869057,0.02060865076683428,-0.0006167638629460191,0.007243021192138829,-0.0008037616706294836
0.7989164,0.89430994,0.47157744,0.94,0.46214586,0.7973995,0.88,0.68991,0.5874604,0.9169722,0.9169722,0.93697226,1.0,1.0,0.8382405,0.59984994,0.61245966,0.0005302477079241817,0.0036975976166461265,0.001365398277184384,0.004397130055618206,-0.004730077227510881,0.0015502688679479722,-0.003402186055902181,0.009591077782222,0.0016196106814475896,0.00046867199978099626,0.0015034901376903382,0.0003125597497765999,0.07456841057277325,-0.009343847916714982,-0.004089788257837466,-0.003932568764006129,0.003449692758258782
0.4933222,0.5319987,0.9687136,0.9493393,0.9742972,0.88,0.88,0.53255844,0.6317363,0.9169722,1.0,1.0,0.5122186,0.8480836,0.78574055,0.31803176,0.5680152,-0.01612564036551388,-0.0016344620859428608,-0.003508379539242909,0.008096361938506587,0.007031097794948893,-0.0010965467520415591,-0.001941405008552568,-0.0003092876776709599,0.004322731583009641,1.674250725863795e-05,-0.00032929547982340324,0.00019954561109360766,-0.00928714710037517,0.006000730347283929,-0.007941722371116986,0.007039670385274048,0.0007459847754848879
0.90690005,0.9816195,0.260924,0.94,0.25570554,0.8986786,0.88,0.44120696,0.38025206,1.0,1.0,1.0,0.30831248,0.30831248,0.63699055,0.4071226,0.65912634,0.0018678599491856003,0.002194921372343221,0.0046962114424726805,0.0027442041827087605,-0.0039682626329169204,-0.0009328236749554699,-0.0004805264107372002,-0.001433411970174789,-0.007443536547237104,-0.004251029472608373,-0.0006808170225640875,-0.00043146212218941437,-0.06400648617188817,-0.0174487426974875,-0.0037911409844714004,0.004962479168719356,-0.003079828123775268
0.7832404,0.4950851,0.8307466,0.9476599,0.69383574,0.88,0.88,0.4812069,0.4148729,1.0,1.0,1.0,0.33638346,0.33638346,0.69199055,0.5262136,0.5313485,0.00023021745850658262,0.0011511428615757358,-0.001440928352347811,0.0024409993286789696,-0.0005746649592534308,-0.0006682060493829445,-0.0006385995204613712,-0.0017820118436146983,-0.005872022629729559,-0.005647668721091499,-0.0007210383187890557,0.00016289757043667463,-0.06013989237500722,-0.015622878349406783,-0.005768458898531148,-0.0014087825271132017,0.0006808318683949996
0.9231587,0.9655172,0.11663028,0.11429767,0.11429767,0.88,0.88,0.47375846,0.5149069,0.9169722,1.0,1.0,0.7686584,0.5080363,0.14699054,0.5816681,0.48468176,0.005326870790346621,0.003521140338582123,0.014014080469103494,-0.007681146188275376,-0.01512004300805355,-0.0005961370854344171,-0.0014667198048947314,-0.002124832029565568,0.006745349230814383,6.356960739456151e-06,-4.574464549761311e-05,0.000557550642773965,0.035942060035612934,0.019216003032729433,0.009655100396119096,-0.004263035176295851,-0.0009919644064513174
0.913427,0.8571708,0.8619735,0.94,0.94,0.88044995,0.8166729,0.5673585,0.49115327,0.93697226,0.93697226,1.0,1.0,0.3982324,0.4594906,0.6753045,0.5813486,0.0016801977367803284,0.0016068168867973051,-0.007280961346794805,0.003975603354699323,0.006979858694823723,-0.001034367754704154,0.0005674544974979938,-7.267427551389427e-05,0.0054102417144483985,-0.0005835098705073753,0.0011168531052502969,8.273650328833315e-06,0.1056208264071148,0.005841152563934509,0.0021965399231159057,-0.014392475637218335,-0.0004672727054530503
0.9231587,0.9655172,0.25320357,0.24813949,0.24813949,0.88,0.88,0.5868615,0.49729204,0.5246136,1.0,0.5246136,0.40320978,1.0,0.5132405,0.51348627,0.8280152,0.009200986853183284,0.0024768175593708323,0.006276725561249121,-0.012349664573951868,-0.007319349623261042,-0.0015142439429396068,-0.002934318759221374,0.002258275634735038,0.006536548209619086,0.016692467726151915,7.152061705067575e-05,-0.0012730763747682416,-0.02165227896898414,0.004926012881011673,-0.00015187482047530204,-0.0013754475486128983,0.013879242845546593
0.8867952,0.7441406,0.6976261,0.9742972,0.9742972,0.88,0.88,0.4409584,0.49674457,0.9169722,1.0,1.0,0.8301506,0.4565603,0.4557405,0.3516681,0.6435707,0.003226228717913231,-0.0017877109450859096,-0.0027066642278140802,0.0005274053959943715,0.009323354884344222,-0.0011985796848423052,-0.0008077437392589914,-0.002484081288607365,0.0071215254764377504,0.0006447960300835888,0.00027911149036038946,-0.00016467923575531036,0.07521474442800324,0.013827321156563538,0.001299230833326755,0.010032710000300711,-0.003595729656263117
0.3793943,0.6557171,0.67485404,0.94,0.7231646,0.5954189,0.88,0.26320687,0.23776594,1.0,1.0,1.0,0.19278319,0.19278319,0.32324052,0.32166812,0.62468183,-0.004730887941299809,-0.0021661953938489887,-0.00132709499108051,0.0003986698784822282,0.00014733561661321406,0.005421097057645352,-0.00028277646088996486,-0.0011274057408308968,-0.007902811141208688,-0.0028711602691124816,-0.0003467962110161697,-0.00032826249354999114,-0.06793818181007626,-0.02032598060480641,0.005924671614817581,0.006953987118365669,-0.0009248353746518794
0.8362125,0.64916545,0.88933957,0.87155277,0.94,0.88,0.6810241,0.63575846,0.7014388,0.93697226,1.0,1.0,0.8600377,0.54918957,0.5932405,0.57439536,0.69023746,0.0010052986631086847,-0.00429419004586127,-0.006126750433660397,0.0017467461809094697,0.006824877831236847,-0.00024419619565760846,0.005876244559542712,0.003390181776929022,0.009301553389677275,-0.00012565901940602016,0.00023990040418045444,0.00034727057832768734,0.07285029486296647,0.021652922091336943,-0.0017910188627196517,-0.005182981714574644,0.0007716290207609106
0.6447789,0.87972546,0.77527285,0.81396896,0.94,0.88,0.85529643,0.004407196,0.02392534,1.0,1.0,1.0,0.019398924,0.019398924,0.32949042,0.05803169,0.22245958,-0.0015400397539657349,0.00032224210409418307,-0.003387793977432901,-0.0003221318991941666,0.0038001107944739087,-0.00016120769315739112,-0.00035061086054238627,0.004354777701980087,-0.015305790815682657,-0.0038661260733285074,-0.0002612654904516471,-7.974748580496953e-05,-0.07645271383596804,-0.02517469091880103,0.005374111896975231,0.020019586215215622,0.005131030116700708
0.89151543,0.9339215,0.15836369,0.94,0.15519641,0.8433489,0.88,0.36190996,0.3182466,0.6330234,1.0,0.6330234,0.2580378,1.0,0.4919905,0.32894084,0.5691263,0.006981294254791951,0.0011819029253920994,0.0050357618450349514,0.006464574002754622,-0.008845766004958957,0.00036706216240735447,-0.0009538323702354334,-0.006620454378185406,0.006038806518525939,0.01044865797674873,-0.00034624806236292744,0.0014325683143654954,-0.04802173976909855,0.020668162147171487,0.0015708134301603382,0.0051120092752772826,0.0006169867697703487
0.9231587,0.9655172,0.06124622,0.060021296,0.060021296,0.88,0.88,0.24855834,0.22140504,0.93697226,1.0,0.93697226,0.1795176,1.0,0.4344905,0.25348628,0.37023735,0.00831528062865044,0.0017570632114835118,0.008062420531898066,-0.021467461102592945,-0.010898553205937673,-0.000997945861938151,-0.002402751123909487,-0.01220768461757466,0.016537968394850232,-0.0005559441732619481,-0.0004010729792797299,-0.0005591316187000222,-0.05781351926198322,-0.01065151818927145,0.0034785086281177214,0.005691370545457014,-0.010799412923039845
0.61727315,0.62688017,0.8160261,0.94,0.96716094,0.6862055,0.88,0.3417585,0.29829064,0.9169722,0.9169722,1.0,1.0,0.24185728,0.5307405,0.1998499,0.56912637,-0.0039004190960784386,-0.00486808098132952,-0.006824388090936498,0.002646267685260277,0.012607968201799888,0.0050079172388511894,8.812369286724415e-05,-0.005074412688573535,-0.005272450307301737,-4.809957491404143e-06,0.0026233946450627227,-0.0002300103872699061,0.11313733412259232,-0.014380176490825814,-0.00043540911662684034,0.021784198522442833,-0.000542992809481778
0.6521799,0.67931527,0.87167984,0.85424626,0.99229723,0.88,0.88,0.43120697,0.37075052,1.0,1.0,1.0,0.30060852,0.30060852,0.41949052,0.7280317,0.43245962,-0.0020344767000706025,-0.0007927185115681602,-0.0032223173880019627,0.0004993765035166633,0.00412175946314598,-0.0014894045148827987,0.00032872333367870105,-0.001843110831743091,-0.008615120039908185,-0.0038515210773385085,-0.0002624066869520859,-0.0005939855407903727,-0.054759061898598055,-0.024760915174038955,0.0040316282310735516,-0.009338074985725954,0.00329327169587628
0.6761308,0.42998976,0.84038705,0.94,0.77078164,0.94859445,0.88,0.32360688,0.28480652,1.0,1.0,1.0,0.2309242,0.2309242,0.5807405,0.4071226,0.475793,-0.001928021050565003,0.0005514217102401153,-0.0024899362363282277,0.0011741899962064862,0.0006447815265850662,-0.00091187662569766,0.000132358383252345,2.912813397183977e-05,-0.011062515684570005,-0.004281299282164486,-7.80950662371823e-05,0.00010599347163237904,-0.05374908796205124,-0.022172527835197076,-0.002214888534567399,0.0030642492070966794,0.0015282149250149615
0.7104548,0.77578974,0.59338593,0.94,0.94,0.6599161,0.6599161,0.57055837,0.5281294,0.9169722,1.0,1.0,0.42821303,0.9504086,0.3219905,0.7243954,0.5446818,-0.0027587766480739475,-0.0003588822528395964,-0.0010983718896989145,0.004927949687172161,0.0012103746402951673,0.0025093129673168183,0.003921007511374141,0.0016415591235100693,0.005421958720091012,-0.0005152363165416073,1.8024476620506492e-05,-0.0003177549556180759,-0.021065760256748212,0.009078726305588985,0.0029347664779492324,-0.009023304030432966,-0.00016546280589296804
0.6992078,0.8000316,0.6693321,0.6559454,0.9045379,0.88,0.88,0.45206147,0.39443663,0.39081845,0.39081845,1.0,1.0,0.31981346,0.17449045,0.4480317,0.41134846,-0.0013149814670287885,-8.809292727809267e-05,-0.0030257008459457124,5.8442028207227346e-05,0.007686413110297291,-0.0007310929392910038,-0.0013668449793219407,-0.003605680199662747,0.010998859826103309,0.012446105177029545,0.0032407469097686164,-1.9401928498828572e-06,0.08471398743377258,0.02129606716892559,0.006114254987056586,0.0030778132469756374,-0.003644535933322488
0.37141064,0.5549811,0.8733042,0.88772357,0.96814126,0.88,0.88,0.3212069,0.2807179,1.0,1.0,1.0,0.22760911,0.22760911,0.4894905,0.4480317,0.4891262,-0.005045779493374361,-0.0005239378208819816,-0.0026963137719056523,-0.0010654072023349968,0.0031095096893589856,-0.0009673774535763122,5.971552308261949e-05,-0.00013267170259239348,-0.0085666015376274,-0.0036563003290735964,-0.0010808597722357612,-6.830457515514976e-05,-0.05533433425789504,-0.017609170312133007,0.00010866475636933215,0.0015312390995504096,0.0006876766444732724
0.9231587,0.9655172,0.13315625,0.13049313,0.13049313,0.88,0.88,0.5573584,0.5354032,0.93697226,1.0,1.0,0.4341107,0.906656,0.23324049,0.6671227,0.5946819,0.00747611024181772,0.0016045749733314735,0.0046737047958774,-0.01475651060148883,-0.0003751041755146792,-0.0008548402258692986,-0.002429821307369286,0.0005401942699595648,0.004710639717520618,-0.0007490289454557755,9.15292435220967e-05,0.0006303320127317773,-0.02005491858992232,0.008339847027914439,0.011214214266923497,-0.0033165572273878884,0.00398220601302752
0.67881155,0.60129654,0.8984822,0.94,0.94,0.1057238,0.6596402,0.39480683,0.3458973,1.0,1.0,1.0,0.28045726,0.28045726,0.6294905,0.3998499,0.5057929,-0.001999024650875576,-0.0014789523213864617,-0.0029306031201446316,5.702286692090023e-05,0.005785264224521771,0.02856162106851196,0.0006864208027564159,-0.004119903037922332,-0.006081003012241855,-0.004594608590559505,-0.0007233785716801069,-0.0011900500801076703,-0.06561729747240432,-0.022502889211826197,-0.0031091097611309826,0.005090427425462665,0.0002567120256802197
0.9231587,0.9655172,0.30431238,0.29822615,0.29822615,0.88,0.88,0.58495843,0.49952295,0.93697226,0.93697226,1.0,1.0,0.4050186,0.42574054,0.6816681,0.73468184,0.003086862993246825,0.0027830220912262492,0.008403801145813303,-0.005632815713987451,-0.01037365859814428,-0.001005678830346919,-0.0003839677564486542,-8.308348669713392e-05,0.005978406756416029,-0.0009086798401227242,0.001408972694663936,-0.00028123080100348337,0.10726515299091592,0.0054221480484138666,0.003947087841659743,-0.013390620780589058,-0.006108595656529493
0.78737795,0.7483317,0.83509797,0.81839603,0.9135261,0.88,0.88,0.5557584,0.8214676,0.93697226,1.0,1.0,0.6660548,0.6676781,0.6257405,0.5034863,0.6224596,-0.0002092815194849064,-0.001356288176823116,-0.005177774258060292,0.0017636430756556682,0.006027227946351465,-0.00016420866654528386,-0.0027627887257795454,0.0008640453462727682,-0.004881468644148872,-0.0005611691126602955,0.00030272927309894863,-0.0002540910470205165,0.02001456370844177,0.008280955049635563,-0.0015763316792264802,-0.00013475837598222012,0.0034994389682904293
0.81785583,0.785743,0.7357044,0.94,0.99229723,0.6714619,0.88,0.726613,0.61754405,0.21287264,0.21287264,1.0,1.0,0.5007114,0.79074055,0.62985,0.51579297,0.000995128294227948,-0.000580997650240896,-0.002469042910928839,0.0020900195058689884,0.006364147288917505,0.002354528995362491,-0.0014338005600306124,0.009148868838248139,0.0024740757110464917,0.009674972558719852,0.007955047567392917,-0.00020676106447978877,0.07221135518966211,0.013612650469579187,-0.0023385287782058096,-0.008883074567792608,-0.0008027922815775029
0.91400963,0.76216745,0.7740803,0.94,0.73045075,0.6441142,0.88,0.68655854,0.78332907,0.93697226,1.0,1.0,0.63513166,0.7732856,0.5657405,0.55621356,0.6069041,0.00531517426616431,-0.0006299550943386872,-0.0010418248630264422,0.003711531429641749,0.0001682541672709356,0.0038777774040589814,-0.0017653320909342535,0.009786787514399294,-0.003992248411436565,-0.00045006761990592034,-3.16346488638268e-05,-0.00038297265724111004,0.01315595138030423,0.007188397047267366,-0.00051701786914954,-0.003115333630504304,0.001335238078721318
0.8862126,0.7411257,0.8773503,0.878108,0.94,0.88,0.75938404,0.72295845,0.6846452,0.93697226,1.0,1.0,0.87697566,0.57779545,0.54199046,0.7753045,0.73801523,0.0031354632454156446,-0.001189833079090068,-0.004785277509441548,0.001579136999545346,0.0052909604267027885,-0.0007058344616309884,0.002003578980996473,0.005582345426460545,0.010502365654791491,1.1733458320095022e-05,0.0003625946921254218,0.00020422952563220798,0.07559642239846495,0.020690825830146073,-0.0007052585282901025,-0.02176338629522578,0.0009833955254191396
0.87170196,0.7727125,0.86512816,0.94,0.91604376,0.6563465,0.88,0.6141584,0.70492,0.93697226,1.0,1.0,0.57155675,0.8148293,0.3732406,0.5053044,0.8669041,0.0022471645542780938,-0.0012357919649765943,-0.002918355173386365,0.003055726902051045,0.004284009121502667,0.0030476545390719628,-0.0022939434832664448,0.003599905238949826,0.002233584044743419,-0.0010715763692667113,-0.0002701791787503706,-0.0004543089584315774,0.007221436245966301,0.013158823788559539,0.0017113303256020426,-0.0012985318210737384,0.0036219049177899938
0.73737794,0.7618177,0.5871898,0.94022495,0.94,0.88,0.5598842,0.2533584,0.39728004,0.9169722,1.0,1.0,0.32211894,0.882135,0.33574057,0.540759,0.073570676,-0.0033203493307751727,-0.0005639681856411578,-0.0009591360205205203,0.009792746738494758,0.003589885069736341,-0.0010216847276887967,0.00921258770582235,-0.011667641243463587,0.011053735438711567,6.286034621558462e-05,-9.671829801971933e-05,-1.510489522216947e-05,-0.0399730508861217,0.00731390242027088,0.007377749301849694,-0.0028432534144641397,-0.02201439281920784
0.6447789,0.87972546,0.77527285,0.81396896,0.94,0.88,0.85529643,0.22575836,0.6579152,0.9169722,1.0,1.0,0.53344476,0.5876142,0.32949042,0.19621354,0.22245958,-0.0067834911328033595,0.00027443462405511715,-0.004631879179203592,0.002693303941273774,0.008657683332115645,-0.0009809295194711431,-0.00042451676481095046,-0.011279186834553902,0.00042385837262731333,7.164044107523783e-05,-1.2459744908017435e-05,0.0001837030147031371,-0.004402720729161622,0.00974348939657789,0.005826170353182218,0.02005416450499891,-0.019643336274618076
