0.01599086236
0.44704928879999994
0.4597494575
0.00252597817
0.5486018642
0.5019154134
-0.00048038036999999996
0.44571945560000004
0.2732663786
0.4258639911
0.4264150943
0.4460629532
0.3851351351
0.5176621897
0.01019946561
0.0
0.0899888729
0.48343559880000003
0.48134822219999995
0.00102827763
0.006178287730000001
0.1517040081
0.012130401820000001
0.453739055
0.44603870489999997
0.3107676695
0.3904191617
0.3731049762
0.5212239909
0.01004464286
0.00947982499
0.34692394120000003
0.47065364260000003
0.010273185780000001
0.10869504640000001
0.3443431833
0.4700980725
0.5071428571
0.35060669949999995
0.42874275679999996
0.5396825397
0.02879078695
0.37732453509999997
0.4796899839
0.3537148517
0.5159631791
0.6273544646
0.5970796782
0.5004948812
0.1704729472
0.4565961652
0.3775100402
0.371257485
0.1135135135
0.2752161383
0.4601354633
0.2069826115
0.26842347910000003
0.4260043319
0.44510514120000005
0.25332950060000003
0.3796992481
0.1231060606
0.5101589145
0.2609225148
0.0381807973
0.01728383607
0.4845535631
0.00563202335
0.01893320459
0.18709677419999998
0.3203860215
0.01663061535
0.5270048065
0.0046056475200000006
0.4444458107
0.2974963181
0.00015823634
0.028365136670000003
0.009569377989999999
0.3023254487
0.4040058795
0.219370698
0.012176560119999999
0.48652316040000004
0.04853890435
0.07093381971
0.03100887981
0.3154143258
0.1642503072
0.4490329469
0.4758057979
0.4505195525
0.4943596549
0.4774861208
0.3472001707
0.03164556962
0.38019220449999996
0.5113016368000001
0.37025602910000005
0.5318460335999999
0.6027131367999999
0.43790306819999997
0.01854577687
0.2830188679
0.4693413238
0.0066353789600000004
0.09593023256000001
0.0050509822800000005
0.42657433079999996
0.4786418182
0.4759152216
0.0476058677
0.00468880842
0.0420279952
0.03174903075
0.538597314
0.4669687473
0.36983767700000003
0.5370090822
0.4716088328
0.4292539456
0.5038446196999999
0.4230959368
0.4807798895
0.18887357770000002
0.47610121839999997
0.00673357063
0.05407544554
0.3467614534
0.47720612180000005
0.00492298903
0.40762254529999997
0.05905475967
0.06842105262999999
0.1456692913
-0.00311015424
0.00033435032000000005
0.48703784759999996
0.4040143878
0.00634078438
0.01841321443
0.2861563595
0.0062538779
0.4756199935
0.4020299145
0.0016720258599999998
0.29351737310000003
0.22222222219999999
0.4873265918
0.005233467899999999
0.5616755898
0.01058843951
0.01359516616
0.2216748768
0.4573132833
0.02721117046
0.5369764051
0.024200776820000002
0.19702675020000002
0.5588558856
0.4503242551
0.5024115043999999
0.490536273
-0.013142760140000001
0.00235868204
-0.00389105058
0.5339832999
0.4964266064
0.5700440529
0.2704590818
0.018924883649999998
0.4955595027
0.4466326686
0.2037037037
0.5193836978
0.457125257
0.44043932570000005
0.5513307985
0.023816288229999996
0.4296528003
0.033016449340000004
0.3328292365
0.00553505535
0.0127030404
0.44872363829999995
0.4365274069
0.4730059987
0.1440851092
0.4285714286
0.0007861331000000001
0.3717377166
0.3064028883
0.03184768651
0.39950062420000004
0.3266832918
-0.0011761201
0.5217246231
0.004626952
0.4377097156
0.4281216339
0.3998935037
0.3885135135
0.1781479305
0.35698292379999996
0.2473626976
0.20830467519999998
0.1420534459
0.4768211921
0.5296440401
0.6259541985
0.01779094091
0.4151362418
0.016260162600000003
0.47472106459999996
0.45696068009999996
0.45117694989999996
0.3178504831
0.19637883009999998
0.4449648712
0.14699313849999998
0.4411177645
0.024135156879999998
0.3123809524
0.4824306385
0.04245073914
0.41323105179999997
0.23258306539999998
0.5122755076
0.4781130628
0.30357142859999997
0.3059526627
0.5002563624999999
0.36117135300000003
0.34820169980000004
0.42654311440000003
0.00248723953
0.01173249902
0.01424731183
0.4842362327
0.4717412268
0.45657120390000006
0.4625876786
0.4794144833
0.01019233072
0.5106382979
0.1768401697
0.03108076242
0.4676797164
0.44297520660000006
0.27547345830000003
0.2409356725
0.48912453040000003
0.5772058823999999
0.4878090659
0.5190096782
0.013513513509999998
0.01913642635
0.4622928137
0.42419388269999997
0.0814858635
0.4665391969
0.3573487032
0.00375769517
0.4148838816
0.00859707133
0.06207869059
0.02078891258
0.3072215422
0.3829113924
0.2830568829
0.4334570223
0.08590308370000001
0.5763421267
0.5679287304999999
0.5326529583
0.5238853503
0.02006244053
0.4890512855
0.3069290574
0.0018380911999999999
0.2725890144
0.5505402161
0.01132715279
0.4763514113
0.02076077502
0.02523512507
0.3817049987
0.5136502248
0.4562745683
0.35045905580000003
0.6532921765
0.41686262339999997
0.35922330100000005
0.4970527858
0.07196885301
-0.00478452789
0.5114373928
0.5784061697
0.4885708563
0.3840125392
0.012462231550000001
0.5112218974
0.4101338432
0.4311926606
0.137083394
0.05302300894
0.4481290986
0.36502127360000003
0.3342594183
0.45140502169999996
0.1436382161
0.4687672366
0.4802535005
0.1830116231
0.376443418
0.2783157895
0.6210676787
0.39222262630000004
0.4183629945
0.03135135135
0.44270076469999997
0.5169946333
0.1606774445
0.4318706697
0.3308274249
0.00450864925
0.25216222720000003
0.5343035343
0.4298898916
0.03139795899
0.5711111111
0.42337917490000004
0.4639830508
0.5052721995
0.1287128713
0.00624645088
0.21794207
0.4706202647
0.56875
0.33091962350000004
0.253334094
0.06624681122000001
0.0
0.3452323027
0.33874986970000004
0.43347193349999996
0.5016260162999999
0.4009438447
0.0171957672
0.4125866183
0.4119363037
0.4791344668
0.5714285713999999
0.05761090558
0.00847457627
0.1655405405
0.4065124477
0.00886262925
0.01732556768
0.5182849937
0.44508670520000004
0.5467377666000001
-0.00166679683
0.00484467921
0.02610350201
0.4930488974
0.5467332656
0.4222222222
0.0057397959200000005
0.4021803706
-0.00101626016
0.34025559110000003
0.12263420359999999
0.2826785895
0.49063810779999995
0.005656040300000001
0.5869904743
0.03501791427
0.298765018
0.4112041635
0.0023640661900000003
0.4023018211
0.08338520131999999
0.5291262136
0.01017390088
0.04187817259
0.45486935870000006
0.45447087779999995
0.5256035362
0.5929487179
0.01681957187
0.46487626830000006
0.4123515141
0.5076660988
0.36658622090000004
0.00847104569
0.5165927602
0.5376044568
0.38040353590000003
0.3668051948
0.01037821584
-0.00011831826
0.2382939095
0.28125
0.03241131757
0.4775691184
0.4535056713
0.5450588338
0.3633841886
0.4783118406
0.45589989699999994
0.46983411869999997
0.4640984055
0.4655883574
0.1820702403
0.4715380642
0.4144111582
0.016085997169999998
0.3601364914
0.5126404494
0.4606118268
0.056949135899999996
0.48456586440000005
0.2563237774
0.00086298406
0.3010526316
0.3392324901
0.3698902629
0.05904059041
0.07765652186
0.5076924972
0.30056919099999996
0.42547477190000005
0.03676610903
0.4370485087
0.2182282699
0.49819100040000003
0.5894039735
0.05528846154
0.0057929512
0.11859672240000001
0.02915001485
0.2158065905
0.3691297136
0.4903880043
0.18946229779999998
0.4423705407
0.4532751092
0.0
0.37551112000000003
0.352743561
0.33215083149999997
0.00840252046
0.5169369916000001
0.2299896207
0.3933986654
0.04015110065
0.46666666669999995
0.4250292843
0.049765258220000004
0.5316635084
0.5611702128
0.1098381003
0.46019677999999997
0.5250821401
0.3087596797
0.4539608818
0.4501403429
0.2721891126
0.36192884909999995
0.6356589147
0.0030041962900000004
0.4245742452
0.39288383680000005
0.5556457295
0.49040066779999997
0.4108766612
0.1258992806
0.03607251021
0.4165293114
0.4903772488
0.5341648354
0.5
0.00456232659
0.05244122966
0.07493009114
0.48175726750000003
0.47076023390000005
0.0778128286
0.4307759644
0.0008242215899999999
0.03025773776
0.2142853737
0.4801178203
-0.00064727926
0.03797771556
0.44839523909999995
0.03074141049
0.3546673135
0.3291122462
0.4859423456
0.00211737629
0.1986230637
0.1029585799
0.5216693419
0.01493237599
0.43097988299999995
0.6126237624
0.013088699660000001
0.4445200519
0.014783526929999999
0.02105924092
0.5230694252
0.35636057289999995
0.3233465235
0.41020284850000005
0.3482625134
0.4333670683
0.2759235075
0.00422092501
0.5403242055999999
0.32810457120000003
0.480978507
0.00429012049
0.4911147011
0.3240301724
0.4265743803
0.01351707266
0.04302670623
0.5674303639
0.0
0.1513149765
0.5847854214
0.00738363146
0.1189973932
0.45262158309999995
0.07249649894
0.48098159510000005
0.00954993679
0.0709760736
0.1712977451
0.48390954729999996
0.007013838140000001
0.426853205
0.2285661846
0.1071296823
0.03355139702
0.43455497379999997
0.3893083661
0.5139813582
0.48140043759999995
0.5807447420999999
0.4991212224
0.00556328234
-0.00180831826
-0.00015568116
0.4387706223
0.4288677929
0.4201030928
0.00503222191
0.1301571987
0.016286644949999998
0.36305039110000004
0.3622725458
0.5209942774999999
0.41085271319999994
0.3749191984
0.5441606676
0.014388489209999999
0.12182741829999999
0.37881873730000004
0.0028093451000000005
0.401066517
0.1000657731
0.08847402597000001
0.1055956679
0.5203718506
0.4373831776
0.41877798130000005
0.38178719520000004
-0.00010518613
0.5947888589
0.5122191383
0.02079305079
0.533787832
-0.0050977060299999995
0.00738688827
0.02845233793
0.4938149179
0.32667089650000003
0.5179041783
0.00207039337
0.3959815974
0.2409297936
0.5329309941
0.6607142856999999
0.148967093
0.26446280990000004
0.5037128037
0.44325153370000003
0.4766193722
0.04734273118
0.02463010487
0.35129737110000003
0.01697498606
0.4506571873
0.5027083661
0.4524007906
0.5376166686
0.3837739731
0.33809523810000003
0.00080064051
0.49349442379999997
0.36263250300000005
0.4252427184
0.0
0.44190166840000006
0.00593189711
0.00054614965
0.517584353
0.45837957819999997
0.2490810178
0.39826086959999996
0.47813209120000005
0.5535563465
0.4032924069
0.2554853199
0.18411806039999998
0.0289036087
0.4273525083
0.014851053670000001
0.4643008314
0.2875341785
0.4722222222
0.2681857834
0.19071319290000002
0.3791571666
0.4352262807
0.43192833550000004
0.014976958529999999
0.5115103754
0.4460947152
0.5130252842
0.40748031500000004
0.5
0.04781704782
0.4348370927
0.4822107509
0.05986650509
0.00994292307
0.010349288489999999
0.3254310345
0.4881510009
0.03850332058
0.43751181699999997
0.2866173896
0.015503944530000001
0.48107255520000003
0.3344051447
0.01696527065
0.46564731049999997
0.08486238532
0.0648753143
0.00237781366
0.01712324408
0.345844504
0.4475703325
0.4811827443
0.0799807483
0.5152667075
0.00479041916
-0.00796884764
0.08714839851
0.0024793639
0.025540275050000002
0.5288461538
0.509992266
0.4683854281
0.5103054598
0.43243884530000004
0.4335443038
0.4629898403
0.4761642214
0.37595710590000003
0.00627185752
0.45640512520000004
0.4530066952
0.4652956298
0.3459037711
0.44213221599999997
0.00334067407
0.5361635220000001
0.01145038168
0.3092307692
0.5696798493
0.4365914484
0.3191813946
0.5172413793
0.4412592239
0.4032846715
0.4369931115
0.5749407981
0.45539906100000005
0.4431239389
0.1929287918
0.03368706987
0.3576923077
-0.0018704706500000002
0.499139116
0.5450819672
0.40297188300000003
0.4804719634
0.2726664721
0.4060848521
0.01348250143
0.1961113008
0.4979853501
0.028120998039999998
0.02588367163
0.0040253019
0.44057193920000004
0.0180359199
0.1509430778
0.3406364111
0.5513605253
0.06789945607
0.4110966149
0.4635124298
0.02866111732
0.4295552856
0.5599287424
0.00443925234
0.4738027657
0.5002997628
0.2889647327
0.5295846628
0.02076677316
0.09735420831000001
0.3227848101
0.05345209551
0.2287079283
0.5327592903
0.5064604759
0.3150672148
0.4172853338
0.1799591002
0.00324939074
0.5643829767999999
0.1583097537
0.2963038567
0.00394867951
0.07198412442
0.4888576981
0.3951650395
0.020950704230000002
0.5332640332999999
0.0014650570900000002
0.47368421050000004
0.38467781819999997
0.501297725
0.2962655602
0.491387126
0.07930931092
0.43204708760000005
0.00532319392
0.07440100883
0.2699422378
0.350068707
0.04882459313
0.49248981000000003
0.38381410260000004
0.4432485323
0.41694352160000003
0.03207885885
0.3997526786
0.2065292439
0.005029320739999999
0.08430793704999999
0.4430670378
0.03570490664
0.48386873350000004
0.2622467074
0.09203894312
0.5545406649
0.47780851329999996
0.00959479459
0.38541666669999997
0.5054861883
0.45734359410000003
0.4532855971
0.5547313214999999
0.08220818939999999
0.3995471741
0.06844106464000001
0.500819401
0.4446941389
0.537394978
0.5864500807
0.5922611271
0.00945088859
0.4007569433
0.015302444
0.3832943013
0.5486321909
0.00249643749
0.40157607
0.057225167380000004
0.18496388060000002
0.4658064516
0.32763202020000004
0.09719222461999999
0.03036308607
0.04810004492
0.11497864079999999
0.374216792
0.09451320655
0.09586414681000001
0.01225759423
0.4363411619
0.40285204989999995
0.4065934066
0.4664377105
0.45997458700000005
0.00072793449
0.01122684687
0.020062015500000002
0.4944709284
0.01961041782
0.2697994757
0.320189606
0.02481992967
0.2589264944
0.49054078500000003
0.452991453
0.28696653980000003
0.32580424370000005
0.0025438265999999997
0.33518648659999994
0.21671080799999998
0.152570922
0.429671024
0.2365379021
0.5747417913
0.0046934414200000005
0.45401903920000003
0.4708082411
0.03091343708
0.4916307092
0.5116238634
0.05288359285
0.0
0.5095238095
0.5319516408
0.2713227443
0.5760365099
0.4298143852
0.01599488164
0.059337572869999994
-0.00024549018
0.5118114677
0.00344424449
0.1673103585
0.3330201973
0.3733254255
0.02676399027
0.2238568588
0.3904017915
0.11836354760000001
0.00463730764
0.4654519173
0.48824060410000003
0.5225160829
0.49878345500000004
0.00171821306
0.49283478940000003
0.00450351996
-0.00168350168
0.3946015424
0.009546824459999999
0.44509134959999996
0.050288825040000006
0.051684629329999995
0.3138421443
0.32716762950000006
0.5548011639
0.01173020528
0.012658227849999999
0.332382311
0.3399731284
0.4208445596
0.4615379337
0.02164403569
0.055846402419999996
0.4885772572
0.008464649979999999
0.11475409839999999
0.6369565217000001
0.0010020040099999999
0.3956127906
1.899456e-05
0.40533980579999995
0.32246166870000004
0.04907343924
0.37020358870000003
0.3006134969
0.046170973010000005
0.4347057648
0.00130597958
0.00672514655
0.04444590868
0.00835235834
0.19858957119999998
-0.00304869025
0.00140016674
0.00241375058
0.37309995389999995
0.0037788528399999998
0.00742574257
0.4495763415
0.5331821999999999
0.3216869569
0.30310837549999997
0.00196461435
0.01088097379
0.06227446179
0.34981360549999996
0.1206690562
0.4251781473
0.6388069623
0.3625509169
0.5143072289
0.06382545691
0.49451318809999995
0.5024311183
0.41533864540000004
0.0
0.01947173766
0.03144436766
0.5696202532
0.08642944265000001
0.3137931034
0.33380822190000004
0.4579673777
0.5339506173
0.5157480315
0.24112734859999999
0.4837476099
0.637943503
0.5531300161
0.1074076129
0.3969503882
0.00687627268
0.00556514743
0.2062203895
0.4726477024
0.5615942029
0.06661799065
0.5562972663
0.4329228775
0.1790510295
0.01732517002
0.5210443759000001
0.4544408432
0.018390804599999998
0.00256739409
0.482873593
0.4476509616
0.5203574019
0.4815217391
0.4876015828
0.43832997059999995
0.07703927492
0.0340546293
0.2818181818
0.05508072175
0.49950202920000003
0.497528704
0.027956989249999998
0.4495738636
1.976282e-05
0.22578123819999998
0.3802464202
0.3880397094
0.4159292035
0.02553191489
0.00161077501
0.02906031317
0.04618473896
0.4327272727
0.49673141889999994
0.5768879124
0.1271078241
0.2791730328
0.0058666798
0.5144554455
0.4694323144
0.022946720150000002
0.06309978165999999
0.5873893805
0.42414426390000004
0.5
0.35590421139999995
0.06114667805
0.4349775785
0.2119047619
0.4360385144
0.3740902649
0.47596412379999997
0.4786845311
0.5361121594
0.4955118275
0.00817098508
0.47026242850000005
0.013422818789999999
0.49122807020000003
0.46769978450000005
0.4965613397
0.05052950076
0.3164685841
0.419650532
0.49156688260000003
0.512345679
0.567206292
0.02893320235
0.01468773873
0.42775253919999995
0.2913169358
0.3886843133
0.058017379169999994
0.02523345299
0.05415162455
0.5194188106
0.19761807269999998
0.4507411386
0.5631786237
0.3093709519
0.6346087176999999
0.01290882069
0.06552794142
0.3063241107
0.00369458128
0.0188781014
0.4082533882
0.6095909903
0.41141141140000004
0.071875
0.5037089368000001
0.48226950350000003
0.2341717259
0.01556388422
0.559466027
0.45770078230000005
0.3106617647
0.011550708190000002
0.0091386208
0.02815886895
0.0303657695
0.4328429991
0.4097166412
0.00684242302
0.45730948419999995
0.014598540149999999
0.2784522003
0.4808109443
0.45381597999999995
0.54816096
0.12323943659999999
0.42482100240000004
-0.00704934542
0.4965092156
0.47035175879999996
0.013137151869999999
0.4745713667
0.3805746445
0.0005703275399999999
0.011142061279999999
0.007010050909999999
0.41557632650000004
0.3307197095
0.4801969812
0.3780168577
0.5094263762
0.5062271428999999
0.23915461619999998
0.005795574289999999
0.44176988809999995
0.5229998324999999
0.47005988019999995
0.40138184619999995
0.6297010608
0.5331858407
0.277258567
0.4314009662
0.061896823999999996
0.08809002300999999
0.01483435606
0.0
0.023811600519999997
0.550144616
0.0008807891900000001
0.00742311771
0.042490987620000004
0.1672879776
0.5503411248
0.466507177
0.5303969479
0.06833495303
0.2231562061
0.4430107527
0.3236017079
0.5358724535
0.19590113039999998
0.21173428090000002
0.1227247359
0.3698908524
0.01546391753
0.007642284419999999
0.02919069397
0.4694539115
0.4967032967
0.03195488722
0.01878453302
0.18731396660000002
0.5071562634
0.0073586577900000005
0.3913822652
0.4460789938
0.3485915493
0.4749289325
0.3997966021
0.6029108255
0.5721973094
0.06746820242
0.33422030820000004
0.48322147649999997
0.354408925
0.08173679602
0.46489563570000003
0.23991728380000002
0.021494870540000002
0.5354877095
0.03799654577
0.4489009997
0.02616970658
0.2297734628
0.1006762404
0.24655284949999998
0.4851694915
0.01343634531
0.0055524708499999995
0.5045676185
0.365644784
0.35362997659999995
0.1884188027
0.42061480349999997
0.37291851600000003
0.4412573522
0.49498069499999997
0.2110319558
0.506562996
0.5311541788
0.5184378251999999
0.032691744269999996
0.5005152908
0.21465968589999998
-0.00118498972
0.00627028267
0.03312135665
0.5161258175
0.48200833439999996
0.40025120370000006
0.005203121349999999
0.2728839069
0.2215346535
0.471849866
0.4398959249
0.01032161375
0.5187493412999999
0.22044588099999998
0.1340996169
0.5165478862
0.07257005767
0.4821428571
-0.0019723865900000003
0.5095628415
0.3814659916
0.4333323531
0.5272771622
0.08280241715
0.47708805839999996
0.0038167938899999997
0.5370246831
0.1101449275
0.5016493942
0.061980186799999996
0.5984732824000001
0.2424682396
0.197301855
0.09311522828999999
0.0025207948899999997
0.5377861119
0.0034942173999999997
0.2923076923
0.4028726116
0.00362918045
0.00736885837
0.4409340659
0.00886056963
0.5433670083
0.1371810549
0.056427975899999996
0.4348715488
0.16540404039999998
0.458345597
0.00722736626
0.4418938307
0.43209219089999995
0.4495530013
0.058588880579999995
0.00531197194
0.5608606702
0.6012759171
0.00980253212
0.4339622642
0.4719957724
0.2919109027
0.4332965821
0.45567762829999997
0.43985231900000005
0.1686609687
0.35921043820000004
0.00235710077
0.2721165673
0.5316901408
0.044637748090000005
0.06756109248
0.26515644559999996
0.3994728916
0.44031280250000004
0.4900173806
0.02169625247
0.0342405619
0.023047099090000002
0.2220968551
0.48430493269999997
0.4795918367
0.08273469992
0.48175182479999995
0.3814428087
0.2390450928
0.2969273594
0.01139410188
0.43187347930000003
0.1589815937
0.01861483722
0.5087163232999999
0.00344216678
0.01162790698
0.023964730809999998
0.3438171267
0.544
0.00537241497
0.546379343
0.07134936996
0.00268431527
0.02715731237
0.3668926111
0.5043851513
0.347254651
0.26266831679999997
0.47137442890000003
0.4805622237
0.0010513212500000001
0.5751631382
0.010488100039999998
0.4224137931
0.02393162393
0.4686202686
0.2874987781
0.4127801592
0.504867872
0.5408560311
0.5842631033
0.46706586829999996
0.02899788204
0.5146476643
0.5094026549
0.00973460926
0.201383457
0.013091509619999999
0.01251254077
0.431213399
0.03094041015
0.5543478261
0.4894154576
0.3780175859
0.1781206171
0.5408209988
0.45634709139999996
0.5496183206
0.0034692107500000004
0.5041238803
0.4330924246
0.2751842752
0.47065425769999997
0.011029411760000002
0.5041353383
0.3302879715
0.0150494352
0.03249984415
0.08062234795
0.2447618144
0.35747303539999997
0.41655129700000004
0.4275295421
0.5513498023
0.5057471264
0.2787185796
0.031384787659999996
0.4947190148
0.39571150099999997
0.44731610340000005
0.1672278339
0.00505050505
0.00200772201
0.03341374073
0.39923664119999996
0.04432146011
0.0033348955000000002
0.2945914845
0.006741638290000001
0.49593495930000003
0.5359120251
0.07760616685999999
0.01225490196
0.00357349733
0.0
0.5652650133
0.3764367816
0.00428612125
0.04324168126
0.01354679803
0.0
0.4978193693
0.00114209894
0.48
0.006862133500000001
0.35259408909999995
0.09218377044
0.00111317254
0.00266749045
0.4927467443
-0.00091080667
0.3271162123
0.46249696630000003
0.0
0.5668937983
0.00100871594
0.3972789116
0.1089792732
0.43822067410000004
0.11915877500000001
0.4329181078
0.4796057772
0.01943844492
0.338314348
0.3714810282
0.4811242317
0.2910081744
0.0
0.1334414854
0.4386793521
0.0176706651
0.2285786477
-0.00045045636
-0.0023524211
0.22813633549999998
0.5119740416999999
0.5047171656
0.5528350515
0.4367346939
0.2016283174
0.04125141805
0.4362661148
0.4618736383
0.4130146082
0.024899702580000002
0.00421940928
0.03784606742
0.5131894484
0.6088348271
0.4028985507
0.01359542603
0.01315653462
0.3521815872
0.449376875
0.16618075799999998
0.1939902493
0.38620680069999996
0.4995570844
0.5271469956
0.042922488019999996
0.00107434646
0.4342055618
0.5893967343
0.5070224719
-0.0040081990000000005
0.00977959422
0.3837733437
0.2912932138
0.0009459799900000001
0.01012066983
-0.0013786564000000002
0.4075200872
0.422999261
0.5024546539
0.17147192719999999
0.2800485633
0.5124500716
0.018292682929999998
0.4834400414
0.3604118993
0.5038650304
0.0018298261699999999
0.02584876543
0.5390890651
0.00206975433
0.482958601
0.02941176471
0.37002138770000004
0.014603878260000001
0.508814147
0.06465517241
0.0061538461499999995
0.4437926854
0.1098625533
0.4647783347
0.44504896629999996
0.1306607978
0.45166080979999995
0.09127416822000001
0.2688586654
0.3927228531
0.509791149
0.3551020408
0.4740267
0.2278920593
0.4610106487
0.01421381289
0.1017378271
0.5091106076999999
0.34782608699999995
0.0
0.09409594096
0.2924281984
0.04251210406
0.3470447284
0.0350140056
0.4376578136
0.00285375755
-0.00187936809
0.2783143108
0.43389232759999996
0.4851072419
0.0072383529400000006
0.09403871923000001
0.3182926829
0.0071942446
0.4556701031
0.02044141775
0.08132909472
0.3587016702
0.00748728198
0.3075440185
0.22853812569999998
0.03140703518
-0.00328933525
0.07592182868
0.00674536256
0.00229880142
0.5232665638999999
0.4391408115
0.3607127336
0.08700980392
0.22190444150000002
0.03638495137
0.08833333333
0.00523560209
0.5166472768
0.00938903342
0.00648287645
0.5434314214
0.41446431939999995
0.07942329227
0.4465867328
0.4735449735
0.00680272109
0.382079459
0.5046082949
-0.00075555451
0.4134120993
0.00303437022
0.36177321990000005
0.39790102670000005
0.00438596491
0.5220529398
0.45671736279999997
0.36886993599999995
0.0191771871
0.01539266844
0.4288133202
0.00639300397
0.5416624258
0.03384050265
0.4340043939
0.36811814179999996
0.3745475029
0.4455194466
0.2436669548
0.46612497140000003
0.2872745991
0.3706597222
0.011997177130000002
0.00307692308
0.2864772727
0.5734597156
0.06754902653
0.00093434563
0.4839652211
0.017993367950000002
0.4177449168
0.19298245609999998
0.143601426
0.00037249980000000004
0.024567788899999998
0.4194977843
0.5041817907
0.036255099
0.2956810989
0.3308167801
0.02106149958
-0.00028728287
0.4306092923
0.4536401099
0.4361111111
0.47666666669999996
0.05497382199
0.4653658537
0.2593804092
-0.0006782046599999999
0.4461167882
0.4679552391
0.4909274071
0.4937824691
0.4650974026
0.3904862085
0.0068493150700000005
0.4589823468
-0.0048159612400000005
0.36807095339999996
0.5701583171
0.5981674623
0.5326191585
0.3329762067
0.3157005339
0.4696714965
0.2962447844
0.2530120482
0.5363828757
0.47025369429999997
0.48507462689999997
0.5646258503
0.0075245593300000005
-3.04226e-06
0.3648393195
0.5034811525
0.5045442968
0.4
0.5176151762
0.5142121121000001
0.07760174811
0.5256232039
0.48212215049999996
0.1650763359
0.4526605347
0.0192799255
0.5300048008
0.1532846715
0.01249729527
0.5331343804
0.1317609075
0.4449077341
0.4874784502
0.5654087358000001
0.0
0.3330932251
0.3469373431
0.0105413963
0.2112722531
0.01216685979
0.4372637624
0.0745705029
0.4798215661
0.2891637803
0.5274949314
-0.00202828344
0.1329787234
0.47525799329999996
0.319133574
0.5201429698
0.024585012179999997
0.1843107624
0.15075337749999998
0.5247802849
0.428721174
0.3430083309
0.5911006415
0.40787018740000003
0.3995234313
0.415929761
0.4458679372
0.02718454686
0.07805516073
0.4260441857
0.00066622627
0.00941780822
0.3701067616
0.4737131091
0.4163245647
0.4269829503
0.39473684210000004
0.412109375
0.5942736696
0.03982930299
0.5809061489
0.2906104654
0.471583095
0.08108108107999999
0.314688716
0.3784930816
0.4509337733
0.310970046
0.06736239951
0.48126033900000004
0.4057894737
0.39770011949999995
-0.00472341954
0.46445706059999997
0.1925550296
0.3598651678
0.01775956284
0.01318681319
0.4779651523
0.49180245640000003
-0.00050281963
0.011713851420000001
0.4759218307
0.00163641773
0.3733494011
0.23683163570000001
0.4420017318
0.3522522523
0.5183994238999999
0.3634790134
0.421319797
0.47169730029999996
0.02327397912
0.48751115030000003
0.282171507
0.3501398458
0.49958828359999996
0.1417483267
0.18543274629999998
0.19304152640000002
0.00027007007999999997
0.6228813559
0.38149957479999996
0.1581687789
0.40420668239999996
0.5418282893
0.00588393626
0.219047619
0.06804113008
0.09864372060999999
0.06030319702
0.3537479447
0.4557418568
0.4842827845
0.00223627896
0.38770310739999997
0.5063028393
0.08678756477
0.4572274334
0.5721060676999999
0.5334323923000001
0.09108457753
0.2533783784
0.38627533059999997
0.028195838530000003
0.25572892410000003
0.4235886782
0.39237505910000003
0.5017526022
0.49178644759999995
0.4342105263
0.4844664797
0.21995612250000002
0.045726958990000004
0.07972145002
0.02048217113
0.024359550560000002
0.5253164557000001
0.09154025485
0.383923445
0.47943676869999996
0.0121235333
0.4041466424
0.02154142798
0.060615789309999994
0.46058732609999997
0.0217155266
0.4752223634
-0.0010342193299999998
0.5463344567
0.01872901632
0.00566037736
0.5263260912
0.5081743869
0.46053189240000003
0.00571051191
0.5615452259
0.4138888889
0.4263657957
0.419462705
0.41619970209999996
0.43007172670000005
0.1905959562
0.0277712305
0.5724020443
0.4075470731
0.4611474219
0.3292646621
0.3185003754
0.0603743776
0.42172574160000004
0.4744972699
0.5097210482
0.4200727013
0.22995610360000002
0.4393896988
0.00841159428
0.5128603433
0.195505618
0.1831572061
0.06054054054
0.5752427184
0.45127118639999997
0.45248375510000005
0.00974025974
0.4480932203
0.4606980677
0.1696636775
0.5307692308
0.3355367932
0.33535108960000004
0.38542734230000003
0.4489375503
0.2173039033
0.00649713804
0.0013865437499999999
0.48397435899999997
0.5815899582
0.2954226964
0.030118734100000003
0.00962488978
0.4648594378
0.3175182482
0.4745970424
0.36530358669999996
0.4162487296
0.464870342
0.4320504385
0.1729409319
0.0028583288899999997
0.494166343
0.03423906284
0.3944844125
0.5144012906
0.3091436865
0.5088293125
0.5742711708
0.0429428495
0.01581404333
0.16925940239999998
0.4160630991
0.1800692839
-0.0013490110299999999
0.00659307395
0.5069942582
0.05901144802
0.18713158270000002
0.32706374089999996
0.47941445559999996
0.1242159706
0.46616541349999996
0.03252561563
0.4970618375
0.00224047797
0.00705742982
0.16318154459999998
0.38173463239999994
0.0
0.01694466508
0.4866514997
0.2363636364
0.511600416
0.43160884260000004
0.3840762694
0.4571434838
0.5264662721
0.3969528535
0.45354276159999996
0.35828211349999994
0.5377855592
0.4985199464
0.3691135734
0.00077041602
0.061197873400000005
0.5049172446
0.014380530970000001
0.4553571429
0.007373271890000001
0.5901010899
0.37928184950000005
0.3938547486
0.01349623161
0.5895552475
0.4635920763
0.6003289474
0.5031668213
0.00029504742
0.29075235110000003
0.05040420847
0.6607245314
0.1252336449
0.5186197927
0.5170842824999999
0.5387093833000001
0.08737204392
0.03299101412
0.03657095182
0.4542006646
0.34080717489999995
0.5113402062
0.4791845393
0.00667034096
0.1292706637
0.3733333333
0.04030085442
0.012372582759999999
0.359053265
0.47251585620000003
0.5113727603
0.442150422
0.5362318841
0.3748799972
0.00349361352
0.2671253123
0.005661632840000001
0.2738948626
0.5084351367
0.2205128205
0.3532399496
0.4233576642
0.49375
0.5970030902
0.0122591944
0.1693851985
0.46257977339999995
0.1750088991
0.2534474582
0.1570680628
0.6135770235
0.3829787234
0.0
0.39156626510000003
0.4870194858
0.3723118351
0.4946647634
0.4416475973
0.5245234044
0.41958041960000003
0.1437802908
0.43886723930000004
0.3966355814
0.27073986099999997
0.3953488372
0.422459893
0.1213617464
0.4783724411
0.2303523035
0.43892395729999995
0.5003299979
0.2579522722
0.4691261926
0.4990654206
0.4440677126
0.45248447929999996
0.006470616639999999
0.01103121589
0.2149113838
0.237927238
0.00626570756
0.2430278884
0.01219512195
0.00506970849
0.49032258059999995
0.027447392499999997
0.32399669449999996
0.4585737823
0.0345855818
0.01581027668
0.1805057838
0.5044691324
0.44554050599999995
0.0049947276
0.2426440951
0.02476425909
0.5161912104999999
0.4504157754
0.5090325181
0.571692607
0.5212765957
0.4575316203
0.3043478261
0.1357208255
0.08008898776000001
0.33633093529999997
0.4550315331
0.00668477338
0.5500725689
0.02653927813
0.4507756538
0.07890742107
0.01446901447
0.012102874429999999
0.206689987
0.16499827920000001
0.02391755702
0.00964187328
0.01936799185
0.5669724771
0.03025061708
0.27003048209999997
0.1395759717
0.44705178619999997
0.4476156069
0.01134981329
0.060188053889999996
0.0
0.4846189271
0.0
0.09603288717
0.00704304099
0.45455082490000004
0.00408788963
0.06229658732
0.06036636137
0.00430760127
0.015929203540000002
0.48537986969999997
0.0
0.057499320359999995
0.5313092979
0.4320715217
0.00450975566
0.0349463352
0.6293956638
0.5905963303
0.4825802406
0.3593314763
0.46302996030000004
0.20883421049999998
0.40468201319999997
0.3643659711
0.02814927751
0.4813432836
0.01248799232
0.6350384158
0.00840336134
0.4933333333
0.47833065810000003
0.213916414
0.040131578949999996
0.053691034750000005
0.4766456001
0.4615384615
0.40997211229999997
0.4762379935
0.4466308885
0.3839114231
0.3255556709
0.3274336283
0.00835228371
0.18017241380000001
0.01071708434
0.07344572418
0.2277486911
0.1990072202
0.5191210750999999
0.0020855057399999997
0.47317899490000004
0.4544250132
0.4857168649
0.3434316624
0.4539768302
0.1016313706
0.02112625393
0.4678318136
0.00798078145
0.0875440658
0.518325279
0.00254467069
0.32954405389999997
0.035157682430000003
0.471127259
0.331183137
0.4348081466
0.5587573164999999
0.09890529732999999
0.46666666669999995
0.43464642140000004
0.02164797239
0.3157984852
0.4595515787
0.6150027579
0.37713483170000006
0.4835886214
0.476325225
0.007062146889999999
0.07518742208
0.01144227686
0.2349165597
0.4817202788
0.011453199899999999
0.04898370352
0.33891840019999997
0.38396206380000003
0.428318449
0.5246294467
0.5231391440000001
0.4398251305
0.015077094650000001
0.00268967267
0.0019046349100000002
0.01868234461
0.1800766284
0.03174603175
0.4928425358
0.01120943953
0.00782997763
0.1507460086
0.1506584043
0.481981982
0.3124267038
0.014209624300000001
0.4741248835
0.51796875
0.4036697248
0.05160509819
0.49980121320000004
0.4518716578
0.02109248242
0.3270893372
0.1894918174
0.5826727408
0.3872024749
0.44261705910000004
0.03626585725
0.3552486095
0.0013505384800000001
0.00852399107
0.49711695499999997
0.43710318659999997
0.00100204098
0.43307082710000006
0.5285393156
0.40353057280000004
0.5003415489999999
0.5069114874
0.22063329929999997
0.2224448898
0.5062875609999999
0.4065981148
0.45459770110000003
0.145782688
0.2744675252
0.4238285818
0.3859160127
0.021032504780000003
0.0040004161
0.00646551724
0.5170382574
0.4941975578
0.00904662491
0.01083670511
0.550599262
0.4002110372
0.44783983139999994
0.02170843245
0.01057579318
0.5593525180000001
0.42226719510000005
0.00388694907
0.4349648853
0.00892988503
0.08182387787999999
0.049082946190000004
0.4889409539
0.3938428875
0.571875
0.40697674419999996
0.40607734809999996
0.09156074671
0.01331368199
0.1929351507
0.27447150260000003
0.02339040874
0.1464502649
0.5755208333
0.00814552006
0.5267032987
0.4629291614
0.007986931689999999
0.1284916201
0.09020969606
0.02833592794
0.2983726008
0.060491493380000004
0.4542124542
0.00533910602
0.4842332032
0.19956543
0.4672131148
0.3198085407
0.3705345542
0.5787967642
0.39329267960000003
0.5481481481
0.1624536173
0.4090447664
0.3517584411
0.3500805932
0.035222052069999996
0.00020423411999999998
0.3117330763
0.3664412188
0.2765124951
0.5186003982999999
-0.00902922698
0.023088995969999998
0.2985074627
0.3001199133
0.48020887469999995
0.5202702703
0.495893946
0.3617688478
0.06621691534
0.4650793443
0.5100758029
0.49470787889999995
0.0033096926700000003
0.486385677
0.00029930742
0.3985570739
0.20583523320000002
0.6358490566
0.1516183986
0.47902555300000005
0.5625
0.23929262229999998
0.4521987894
0.00045563026
0.08530183727000001
0.5211066405
0.3845778809
0.00070027774
0.00796394139
0.08357200233
0.005154122129999999
0.07547659774
0.4048162413
0.01008208342
0.2844534004
0.2401652772
0.09797979798
0.5252770083
0.3272979233
0.5158184838
0.5785180512
0.38365620489999996
0.02249488753
0.5704761905
0.00696553247
0.09457900807
0.4005550416
0.00643016745
0.1487111699
0.023217654150000003
0.47331639080000004
0.00758951534
0.1343032445
0.44522829399999997
0.5354223433
0.05970149254
0.2441240147
0.42975198210000004
0.4589178357
0.1337931034
0.03100142235
0.4313394454
0.00318574144
0.3107419081
0.4057971014
0.4463197375
0.2695346795
0.5250403877
0.01261101926
0.03046782763
0.4876170341
0.12291168409999999
0.4619422572
0.4933773327
0.5383155785
0.5805860805999999
0.42599277979999994
0.31114808650000003
0.01726052591
0.5197368421
0.014974836279999999
0.2868632708
0.0925756568
0.1481481481
0.2117467495
-0.00173010381
0.5029411764999999
0.4653565302
0.00842710566
0.3463935886
0.23327099
0.3904680092
0.4646464646
-0.0024251002599999997
0.430547422
0.3471615721
0.3914373089
0.5771812081000001
0.3236231224
0.5356258265
0.007188169519999999
0.5441767068
0.00297070397
0.06881405564
0.4361968497
0.06769228479
0.4417582418
0.24679237950000002
0.393711025
0.2800470431
0.41763241479999996
0.4596887878
0.00818454806
0.5397731836999999
0.05274115198
0.4141616566
0.3490343197
0.00110857976
0.4091467531
0.4965829335
0.00353595675
0.00437605657
0.45307214449999994
0.34850863420000006
0.4883875249
0.3366107577
0.009655172410000001
0.4608784723
0.5655608422
0.3405915114
0.374780722
0.07160842741
-0.00233100233
0.02846468994
0.01162326994
0.0243902439
0.29655172409999997
0.11270047679999999
0.5594489269999999
0.037395548939999995
0.1929251304
0.3213939981
0.3529819695
0.00463646922
0.4276672199
0.006469862349999999
0.009194159
0.3725490196
0.6184971098
0.2635879331
0.4548892608
0.5174943924000001
0.3363455812
0.00474898236
0.3691173429
0.1571045536
0.5102697614
0.4677419355
0.4935064935
0.49668508289999996
0.01369419135
0.4488292983
0.011052643840000001
0.47357528960000006
0.5739189236
0.00092678406
0.5390893718
0.059261933989999994
0.03522580889
0.01957362908
0.4621212121
0.4248537356
0.5390302551
0.07513675058
0.5346769413
0.4673930396
0.24742559620000001
0.4953350297
0.06808760376
0.4474956868
0.01831501832
0.1022815243
0.00939784172
0.46377423819999997
0.43732567029999997
0.38718662950000005
0.5018579617000001
0.4445010165
0.0059031877200000004
0.39206859299999997
0.02791878173
0.00659291719
0.38471861599999996
0.48991242389999995
0.4175257732
0.2683020448
0.45031509649999996
0.07432950192
0.49815498150000004
0.006682970769999999
0.4401184821
0.031395348840000004
0.3488843813
0.4101171221
0.2924446944
0.00819672131
0.3147860106
0.02870545963
0.4870349854
0.0
0.1816345556
0.00166917716
0.3103282593
0.1233986928
0.06571267921
0.5176961016
0.4932684121
0.512947358
0.3601031748
0.5850320149
0.0289017341
0.1982116876
0.03557782742
0.00145714934
0.1076923077
0.4821428571
0.1261564615
0.46607142860000006
0.1377118644
0.2913580247
0.4758497317
0.5199005147
0.484036943
0.47582697199999996
0.45826235089999995
0.44226579520000003
0.140013369
0.4101303205
0.02129390218
0.01444301293
0.48087330219999996
0.018679950190000003
0.5106837607
0.41062079279999997
0.06177402323
0.5239652258999999
0.2655440415
0.4753212844
0.3877716111
0.2998405104
0.46696696699999996
0.1297786758
0.3566164307
0.41877708230000005
0.00419086432
0.33241776819999996
0.026839906139999998
0.1000161623
0.09197082556
0.01917256879
0.00859106529
0.00686390319
0.01292517007
0.4768218618
0.5259059252
-0.00555399769
0.2907972753
0.5458574797
0.4006954575
0.4680438993
0.4809318072
0.03848027277
0.02050424457
0.051978389500000007
0.04307130366
0.3290879908
0.04071457063
0.3282436017
0.3608695652
0.3788928596
0.5405462185
0.5147774224
0.3707639466
0.46464234179999997
0.35537190080000003
0.03206923284
0.6476951086
0.2727802501
0.041666666670000005
0.45649948819999997
0.41128084610000004
0.3497224425
0.15696649029999998
-0.00473214286
0.3964578158
0.4654276348
0.5806861727
0.3895818131
0.5226820223
0.3221595913
0.00754410295
0.5149413288
0.0235726235
0.42760416669999995
0.5250984251999999
-0.00298396812
0.0332166323
0.0012739607
0.24869109949999998
0.5176336746
0.1619690334
0.2624433445
0.4522968198
0.019597024810000002
0.00224592925
0.3947841727
0.4874301676
0.3695628445
0.0111265345
0.1949559365
0.44887992420000006
0.5660104417
0.0016385334900000002
0.21029967360000001
0.41814739240000004
0.34038263290000004
0.5612374981
0.4624595593
0.016801493469999998
0.4771048744
0.420212766
0.2455594902
0.0035971223
0.15856625940000002
0.5373563218
0.4621004566
0.07466340268999999
0.012187719029999999
0.46829268290000003
0.2060850797
0.0049718557200000004
0.00367266792
0.0053908355799999995
0.1864404675
0.47338031370000005
0.1770023844
0.00483566956
0.5492846525
0.08795338707999999
0.4178100229
0.5036207749
0.011799410029999999
0.3275862069
0.4698380489
-0.00260151929
0.03763221659
0.045167031760000004
0.04229166827
0.4076923077
0.12444773270000001
0.5171198389
0.373066448
0.3411521289
0.40836599399999995
0.4864998163
0.1733668342
0.047449409899999996
0.44961244479999996
0.16611683700000002
0.4651898734
0.369947978
0.6022052587000001
0.5243201636
0.1704182914
0.42975448790000004
0.01007019996
0.01163166397
0.2193809391
0.5297652156
0.00396825397
0.015758500209999998
0.4664148271
-0.00216450216
0.49082945520000004
0.0013275190500000001
0.3892151214
0.5053102292
0.4522058824
-0.00178332047
0.01120448179
0.3727105381
0.441270602
0.020889149809999997
0.00545851528
0.07701078252
0.36495618129999996
0.3419421599
0.1627395686
0.3101953648
0.4441329838
0.01962809917
0.4543269231
0.18099892709999998
0.5036416077
0.5386498662
0.05833969787
0.0
0.4300252476
0.02482796257
0.1267605634
0.5098777318
0.4554803722
0.4907899836
0.01131221719
0.1277108434
0.005971805970000001
0.1267155009
0.1771058315
0.3486174685
0.1360456023
0.512345679
0.4951755472
0.06143292081
0.08611691023000001
0.3542078248
0.5287745429999999
0.5508409242
0.4751381215
0.3624524614
0.2353998203
0.0
0.11453277099999999
0.1580419305
0.3164556962
0.02535822021
0.369039791
0.527638191
0.01420525142
0.4851344969
0.4111724151
0.04240282685999999
0.4570903782
0.00329877474
0.4497831658
0.1400189215
0.457141165
0.00279454656
0.37419354839999996
0.5496366797000001
0.4800531915
0.00895093126
0.4926800424
0.0
0.4138344337
0.006338159909999999
0.41663072980000004
0.5813528336
0.48445841479999996
0.247451681
0.024
0.00012701075
0.022463206819999998
0.3781408784
0.4204716508
0.4163225172
0.5729347477000001
0.40281030440000004
0.26196183430000003
0.4810606061
0.4443703387
0.3520710059
0.558739255
0.47863685609999995
0.6263360121
0.015290519879999999
0.01831158532
0.1330631474
0.5062413315
0.5751552795
0.1649748408
0.5179505893999999
0.04536489152
0.4504528962
0.017712177120000002
0.2674387026
0.33835314699999997
0.48683404779999995
0.07516949458
0.5774511781
0.485097197
0.5085927067
0.4181818182
0.36130200459999995
0.20362341829999997
0.01430722892
0.4711773827
0.31419544120000004
0.013308735430000001
0.5454088987
0.4743777452
0.5370033764
0.20395256920000002
0.06023166023
0.5457875458
0.43462094030000004
0.1310694607
0.3667209747
0.4417418596
0.013553578989999999
0.00480769231
0.1417741262
0.01976128147
0.01860231272
0.4489834714
0.01024691441
0.2732278924
-0.00219113588
0.09202958094
0.3925950883
0.345754562
0.44730273089999995
0.4722222222
0.5098566308
0.0683573542
0.4594036292
0.47494033410000003
0.603406326
0.342981461
0.3934707904
0.00642398287
0.08326016051
0.3403136492
0.396808291
0.4443874354
0.17634738939999997
0.5878378378
0.4204451942
0.00658895084
0.3499775358
0.2741763325
0.027543250010000003
0.2702793025
0.5143169399
0.38977110940000004
0.46077414939999994
0.10117302049999999
0.3092979127
0.01907304804
0.45123049989999997
0.467552592
0.5801785087
0.3018399027
0.061196105699999996
0.1188009711
0.5868460648
0.4936085988
0.3470490046
0.07352941176
0.4684703482
0.4376443418
0.11710329359999999
0.35611510789999995
-0.0060199120200000004
0.5094063063000001
-0.00056683987
0.4758100624
0.4448921557
0.00238746101
0.22796106989999998
0.3383248873
0.3690851735
0.01945525292
0.08882543285000001
0.4603553229
0.2181818182
0.39615994890000006
0.4879969765
0.01796407186
0.3714574899
0.01149629226
0.3820447796
0.01420374857
0.4840720222
0.2317875855
0.4901185771
0.16804871640000002
0.32197303580000003
0.4900990099
0.5529031257
0.01213835918
0.015590200450000001
0.5413711584
0.49609375
0.0
0.5378925837
0.1404109589
0.47430830039999994
0.3649510301
0.5196232339
0.04473557536
0.40718562869999997
0.5115384615
0.6127571922
0.3736016289
0.4846096347
0.2156240803
0.46133749799999996
0.1378918871
0.5668599788
0.5094833289
0.5239294864
0.4947986377
0.2916969522
0.03388813915
0.1564094197
0.02364441682
0.00792751982
0.4783993647
0.08339692132
0.0
0.02300977565
0.0
0.3844047518
0.4524961222
-0.00524246396
0.3603655054
0.20333333329999997
0.5225791208
0.021654359909999997
0.5374858660999999
0.1986577181
0.4099772115
0.08762540668
0.0076190476200000004
0.3607293775
0.5018660707
0.00253368879
0.4257854821
0.05021663011
0.41682283210000004
0.4154490179
0.05016506117
0.05980861244
0.561929184
0.48873996470000003
0.028546504979999998
0.6638644419999999
0.01240728482
0.4853762462
-0.00232018561
0.48268072289999997
0.02016783298
0.5237201504
0.00069677187
0.1281453883
0.2613240418
0.00085319162
0.33639705880000004
0.00426609785
0.3729662078
0.00243631403
0.2728712546
0.02069993517
0.4912370715
0.00518660503
0.4311550221
0.011749347260000001
0.4867875921
0.01504890895
0.359458397
0.19757111049999998
0.4054016512
0.43792408279999995
0.4002242152
0.146920977
0.4949048196
0.43731170589999996
0.5162439441
0.4965453306
0.1513812155
0.004750593819999999
0.09198390664
0.43041001549999997
0.2257639816
0.1105520474
0.03582146249
0.5831485588
0.0037239756099999998
0.42963698800000005
0.5863205604
0.41023671129999995
0.40360163720000003
0.08219178082
0.437852135
0.2529062729
0.23441119019999998
0.43966965080000003
0.00243309002
0.06607142857000001
0.0200617284
0.47461392770000005
0.01285347044
0.055488699950000005
-0.00089742715
0.4916666667
-0.02493400749
0.0065142212799999995
0.4262295082
0.33659487140000005
0.3412698413
0.6020408163
0.403812825
0.3126666667
0.1615830526
0.3467823373
0.03834654608
0.11541325390000001
0.35071090050000003
0.03700801742
0.5293840949999999
0.0009460737900000001
0.27451108
0.1363591177
0.0
0.01453790239
-0.00037353026
0.4967835683
0.0197821993
0.4765625
0.2483130013
0.00039920160000000006
0.4047619048
0.4362745098
0.17924528299999998
0.40288684420000004
0.0044402374
0.5789844852
0.5297493963000001
-0.00615162544
0.00071110876
0.00982628531
0.2455516014
0.49993766780000004
0.3835514889
-0.012058983459999999
-0.00013855336
0.23770085030000002
0.0163523922
0.01309328969
0.4436684728
0.5699658703
0.5677256503
0.03798441142
0.5465635597
0.2102487902
0.38051399170000005
0.48290845079999994
0.4723735266
0.1067073171
0.4125412541
0.03640800742
0.0
0.43064325179999996
0.03216123499
0.38824763900000003
0.4769230769
0.2024710622
0.00805750985
0.5648535565
0.00408719346
0.2869800198
0.09943786666
0.011099497350000001
0.3913043478
0.36104775320000004
0.00745859529
0.00442477876
0.4688385269
0.3250047753
0.3501092538
0.4917149082
0.01041388518
0.00927094553
0.2937984496
0.3316045627
0.4296961513
-6.551541e-05
0.1242424242
0.45750452080000004
0.5647176412
0.39756517459999996
0.42365651550000005
0.01446334768
0.00270594508
0.00176195163
0.4490398818
0.4698987758
0.4167164846
0.3712806129
0.034074790460000004
0.031125299279999998
0.2778637378
0.37149532710000005
0.4509177973
0.4386319029
0.2763729768
0.2976430976
0.0
0.0044492349599999995
0.2835249042
0.027072611580000003
0.0065150437100000005
0.49454084530000003
0.0
0.04105762031
0.4570831872
0.1293441532
0.28212795549999997
0.01272264631
0.2512481412
0.4704966198
0.4568359375
0.5589061715
0.377703827
-0.00427350427
0.5004424642
0.17617904289999997
0.3747902014
0.0253869969
0.03636363636
0.4510978044
0.3887500386
-0.00246171654
0.5093650838
0.3198880261
0.21333101889999997
0.5665859564
0.00448321138
0.5185550908
0.5530864198
0.48321408920000003
0.5110403442
-0.010429160049999999
0.4340991536
0.44660194169999995
0.40433925049999997
0.0006298764599999999
0.41823237919999995
0.1021773177
0.4774859287
0.4608412613
0.08609294028
0.3817361442
0.10279152899999999
0.3933720967
0.5202020202
0.44117647060000004
0.48055987559999996
0.5369638572000001
0.42418738050000004
0.46321692400000003
0.00353735399
0.44690265490000003
0.02796544393
0.4678196584
0.4941018586
0.38480587569999997
0.4317803661
0.4636986301
0.2258479135
0.2650377888
0.4860465116
0.07270794714
0.00309278351
0.00892544961
0.33208676140000004
0.00084388186
0.38037634410000004
0.01585270591
0.5573922859
0.389000203
0.453776485
0.06534954407
0.01699152824
0.35667024150000004
0.35076775429999996
0.3384615385
0.29955527249999997
0.42240215919999996
0.29632690440000004
0.40169649049999995
0.2608044006
0.4716713881
0.01281245826
0.4257608293
0.4465049929
0.1109498449
0.1713600852
0.213572035
0.1196358908
0.04953861098
0.0035894933899999998
0.2860750931
0.48620218190000003
0.4664310954
0.3151412365
0.41677710920000005
0.4147893657
0.00524352843
0.1462179141
0.5617754748
0.39603995830000005
0.004079031229999999
0.01688527659
0.02243108035
0.4257425743
0.01929975089
0.02505063426
0.3739237392
0.01971959563
0.00127713921
0.4211893986
0.042477673869999996
0.4798964362
0.5038978563
0.46503985909999995
0.2991190319
0.5446872167
0.48518041240000004
0.5137863999000001
0.28119608970000004
0.027322175400000002
0.00762527233
0.1323807248
0.08216300308999999
0.5705144579
0.0015181361700000002
0.46225918569999996
0.03738910013
0.2870662461
0.04868270332
0.3908715833
0.5945362951
0.20926037279999998
0.5018154738
0.2566929134
0.01543726903
0.02979611998
0.02487199712
-0.00847701346
0.00438585162
0.4778067885
0.32055879400000004
0.44006999129999996
0.00103594997
0.4432077449
0.2180841589
0.5451761419000001
0.4381210229
0.2391007862
-0.00031140854
0.4362683044
0.044670846390000005
0.030500893379999998
0.5212081155
0.4661687307
0.1363020618
0.4873520662
0.00917649155
0.0088100262
0.5240210848
0.2136134997
0.00404563856
0.08246009912
0.3170656405
0.011536614919999999
0.0052742616
0.05981558493
0.45271556850000005
0.5183752418
0.00909955423
0.023829906850000002
0.4731085662
0.40922189189999997
0.04866923827
0.23848
0.4647785645
0.1916663754
0.034056057599999995
0.34002352119999996
0.44037160389999996
0.4141791045
0.06502636204
0.37483355529999995
0.3845470693
0.01562968561
0.345703125
0.0132460545
0.2458715596
0.0
-0.0026799387400000003
0.060021060019999996
0.5359273583
0.4141221374
-0.00206512103
0.0168620671
0.0034797542799999996
0.1413149229
0.3421516755
0.4723320158
0.00453514739
0.00307062436
0.4908380208
0.23217247100000002
0.2141227428
0.4929654668
0.00769961502
0.00574440264
0.0076909950999999995
0.5295748614
0.38135441929999997
0.4943741624
-0.00012383395
0.0
0.2935483871
0.45852459019999997
-0.005144170460000001
0.03584626296
0.007684986929999999
0.2707849512
0.4229771838
0.4017595308
0.29075434640000003
0.03615604186
0.00519211796
0.3752107746
0.4949702904
0.08221626452000001
0.3530092292
0.16829268290000002
0.5192642323
0.3474636806
0.0059954823199999995
0.4544460745
0.00446827525
0.5036701733000001
0.02595567557
0.00197560976
0.4154296851
0.4935260677
0.40812330189999996
0.22368421049999998
0.0002036563
0.03092955387
0.5401347405
0.5812832446
0.5266393442999999
0.4975574485
0.0870806936
0.32458405050000005
0.4575985418
0.4877424107
0.3705719609
0.3698338304
0.5026682788
0.5020902645
0.4773401754
0.01076812635
0.5186915888
0.02414045355
0.2772543742
0.02553763441
0.00443814068
0.00191389426
0.05975903614
0.4496105147
0.07565789474
0.15275029869999998
0.4553316131
0.2484216949
0.47299035869999995
0.029545214729999998
0.4593850368
0.4221678892
0.41686159609999995
0.3644227153
-0.00025489931
0.4418300654
0.3258067489
0.5550897329
0.4439946019
0.03106947697
0.022096920779999998
0.028956750150000002
0.006773920409999999
0.00266666667
0.00309597523
0.5554969217
0.0231806497
0.0
0.01111164457
0.3167372881
0.39969079
0.2915208902
0.32804614280000005
0.3157479338
0.1306122449
0.43303684060000003
0.01416443001
0.608091024
0.00441289372
0.01293565112
0.44764790169999996
0.26270136310000003
0.00473339807
0.00459036756
0.324853229
0.4506688366
0.5117512827
0.3615861151
0.541218638
0.02628044336
0.32584072579999995
0.46078631610000004
0.5093240093
0.3986013986
0.40001395
0.0
0.1918936035
0.1254644327
0.5187969925
0.00282423329
0.5314738748
0.1419008123
0.04895558223
0.4934731031
-8.837749e-05
0.00017546001
0.00037979490999999997
0.00646846814
0.10907269400000001
0.41955835960000004
0.4810464217
0.4548183453
0.5147948717999999
0.464165146
0.5028052975
0.01419878296
0.4247692021
0.5857037825
0.46915395340000005
0.4858188944
0.47787610620000004
0.4933227069
0.5730897742
0.4126287653
0.01689317254
0.44970414200000003
0.45052059499999997
0.33714400320000004
0.4886034203
0.00510464523
0.4285714286
0.0031110990100000004
0.564233744
0.45631067960000005
0.2419127989
0.02302924981
0.4756558804
0.03568673846
0.2893825918
0.00787486003
0.5089728306
0.03326312434
0.3624850857
0.459197787
0.00643953439
0.34453602920000004
0.4059080963
0.01292067308
0.5081566069
0.2751677852
0.0010020040099999999
0.4448621554
0.40061310730000005
0.5061436673
0.3137452797
0.5058742225
0.5335396454
0.21858558949999998
0.014827995259999999
0.1305530372
0.5640350877
0.01870117739
0.2003148281
0.00370676458
0.00787815126
0.49786716599999997
0.0073043627300000006
0.4047244094
0.33382643
0.0
0.2883019039
0.4334106318
0.1498995476
0.554613275
0.43370786520000004
0.39
0.3093738222
0.2775238774
0.524137931
-0.00066755674
0.49898605760000003
0.10066006599999999
0.4905660377
0.007087127479999999
0.4036208733
0.471471831
0.4852686308
0.0062111801200000006
0.2033492823
0.01456610588
0.4984771846
0.3943227067
0.43968636910000003
0.3903177005
0.12124192360000001
0.0587977183
0.11373532750000001
0.4678511787
0.3632605476
0.00165721971
0.4838968359
0.016690870229999998
0.01359654711
0.4362680683
0.5391033287
0.00348892496
0.4539473684
0.09179997979
0.45902335460000004
0.4179775281
0.08450704225000001
0.3952622177
0.49669724960000006
0.01931891407
0.1301348605
0.3856382979
0.01754928648
0.0225514731
0.4
0.139869281
0.41052631580000004
-0.00121782754
0.02250660586
0.01301602354
0.5254076988
0.457847585
0.4346773333
0.13805522209999999
0.1784511785
0.00836113286
0.5062006764
0.015054894210000001
0.4632516704
0.46927313400000004
0.5371755519
0.00509168568
0.32300357570000005
0.33979591839999995
0.5168542404
0.5312924207999999
0.00416171225
0.021820522109999997
0.3836193159
0.4299164755
0.03202963643
0.5329707682
0.16588525659999998
0.3787978899
0.4632054293
-0.00607902736
0.01420114222
0.2517105913
0.00382202173
0.00660205085
0.2517659462
0.4248120301
0.5299638989000001
0.050125762170000004
0.2887243736
0.40384086170000005
0.3513513514
0.19879791789999998
0.03452375628
0.12309597280000001
0.36383103099999997
0.01560141635
0.00133570793
0.364806867
0.03285005225
0.5041337539
0.018292682929999998
0.5047846890000001
0.05106961407
0.4387755102
0.5223286308
0.4348104044
0.00580783396
-0.01011123016
0.4034228692
0.1003548809
0.05407608696
0.4979605558
0.0271468144
0.5272716219
0.3932783292
0.056756945639999994
0.454368792
0.41111589629999995
0.384965222
0.5366218236
0.02073365231
0.4109983336
0.07059155217
0.3528482782
0.02620064899
0.4790652386
0.08803118626
0.2578947368
0.04451063686
0.49142257800000005
0.1820566481
0.5539121578
0.07869219377
0.07576615185999999
0.2853496682
0.01332832865
0.38943682269999996
0.5626043406
0.1950509461
0.036399402
0.3072164948
0.4819229337
0.5050691244
0.4915003912
0.5420494699999999
0.03857550779
0.5370256541
-0.0009900990099999999
0.28846871960000003
0.38901869159999997
0.4296875
0.00234674558
0.2351765375
0.03259529888
0.1961538462
0.4477692801
0.31094147580000003
0.4828375286
-0.0015797788300000002
0.45199764659999997
0.0436938824
0.5512048193
0.01792746288
0.4927345507
0.4527631052
0.2101837112
0.01307189542
0.00504531388
0.447935368
0.4443190526
0.0257931566
0.2959699341
-0.0043408565
0.1092436975
0.4306524193
0.32525951560000005
0.43049399299999996
-0.0011142761399999999
0.519047619
0.44809136279999995
0.47175572520000003
0.01126461447
0.39739413679999996
0.444982925
0.3080208659
0.04934186094
0.2070707071
0.294197031
0.0189293646
0.4680272109
0.061440677969999996
0.41662236059999996
0.4049835135
0.4324817518
0.2893271038
0.1713951718
0.00885826772
0.04386386124
0.03184480234
0.1187156738
0.5313225058
0.3762755102
0.162936713
0.3936170213
0.182300885
0.3855888727
0.42064180399999995
0.4827883581
0.5296718187
0.18509865420000002
0.01032041383
0.010688450030000001
0.03121005978
0.32401425240000004
0.5282462888
0.06567950368
0.2013826815
0.07749467503
0.38324481749999995
0.0002666203
0.5250549076
0.4215871575
0.00922025057
0.2688172043
0.48873491360000004
0.323238712
0.5622732769000001
0.21920919000000003
0.4394739661
0.5002820079
0.39725384249999995
0.32028473150000003
0.0010737858599999999
0.0632157374
0.4540370697
0.00790513834
0.0049833887
0.45025301149999997
0.335641552
0.00651658768
0.5039001559999999
0.42684844759999996
0.14232192030000002
0.39239697380000005
0.0037592542899999998
0.3817172593
0.01807583366
0.3963414634
0.47226408919999996
0.4731188571
0.3609174764
0.5071942446
0.03432832823
0.21875
0.4933286474
0.2929832883
0.09436092487
0.215346804
0.043859649120000004
0.4800469484
0.1687882971
0.43489880810000003
0.22770562770000002
0.5480395841
0.4521322591
0.30006769769999997
0.45510733449999996
0.46411565959999995
0.0036319612600000002
0.1557767383
0.029553264600000004
0.5275098066
0.07776065252
0.01946107784
0.39400894010000004
0.0734410868
0.4454947637
0.3835880023
0.3411144578
0.04120645024
-0.00472579992
0.5125816092000001
0.5316446761
0.5598849372
0.047226521320000006
0.5204494291999999
0.532801962
0.4918414918
0.18660812289999998
0.39914163090000004
0.0750296927
0.1591429853
0.03154019545
0.4536290323
0.18782383419999998
0.37080953710000003
0.33914728680000006
0.4307432432
0.386687638
0.459587728
0.00080094515
0.4857180242
0.4358365372
0.00833754346
0.00801779563
0.5745052185
0.5400658617
0.5450295555
0.23185483869999998
0.4475409836
0.4763121708
0.5214723926
-0.00214495388
0.2954876274
0.16261312220000002
0.385381235
0.1395663957
0.41702127660000005
0.00445867766
0.40833333330000005
0.5421702404
0.3267921415
0.5398601398999999
0.1155378486
0.4552458975
0.1423707338
0.048011755569999995
0.0014084507
0.4387114846
0.21664788810000002
0.349864743
0.13260762
0.42837078650000004
0.01229366147
0.05480895916
0.00053937433
0.35133273109999996
0.5096418733
0.4683829691
0.0074825021999999995
0.00824340101
0.5160680529
0.5989424726
0.45897466119999997
0.06728298875
0.394984326
0.05887556142
-0.00178190344
0.4880991152
0.00029435573
0.46811116480000003
0.01012127441
0.6142857143
0.453125
0.0685392194
0.35166732430000003
0.38757396450000003
0.3882352941
0.4756637168
0.011928429419999999
0.012020561919999999
0.4686563913
0.0432587641
0.4753662547
0.01429871715
0.4122779968
0.38888888889999995
0.4407682336
0.3824026264
0.4507531866
0.31019991529999996
0.2829546652
0.212936376
0.4949217097
0.01319648094
0.495398773
0.5365467861
0.49725391729999996
0.4769230769
0.5175879396999999
0.5475741933
0.1573640743
0.5700658641999999
0.417416324
0.2832244927
0.00102827763
0.00682335102
0.00995079796
0.1537739264
0.021943573669999997
0.00127801298
0.4343410104
0.36424731180000003
0.3364633229
0.3870422535
0.45586123759999997
0.04692680638
0.36134899060000003
0.5005807201
0.40193343499999995
0.163232367
0.4309449637
0.26749677110000003
0.2929436921
0.00027366453
0.03039215686
0.4688894692
0.021325648410000002
0.4313407577
0.4359643661
0.4600991087
0.05653829851
0.4156116505
0.5186943858
0.00251256281
0.6467354591
0.522875817
0.05795560488
0.20145660410000002
0.4209245742
0.37126097129999996
0.402148075
0.5436554133
0.3922448861
0.5472564262
0.39976745960000004
0.1389473684
0.01547147838
0.012280279179999999
0.4698843847
0.4366682024
0.3919916616
0.3244706087
0.037899489360000004
0.5448135238999999
0.5950464674
0.349755376
0.39055978690000004
0.4155758131
0.45679012350000003
0.42702702700000006
0.33576825650000003
0.41675686679999996
0.5449330784
0.3219535325
0.04109589041
0.4958696656
0.41954480689999996
0.1901397031
0.4009272324
0.4861477573
0.38286718039999995
0.5481986368
0.5790219702
0.41581497640000004
0.448757976
0.3103448276
0.0049834807800000006
0.4873512563
0.13169845589999998
0.0893597076
0.0044345898
0.42193308549999997
0.3243967828
0.3854351687
0.011261261259999999
0.272698551
0.346385901
0.3815937149
0.03447824873
0.26750804840000003
0.06815470646999999
0.1926961927
0.40861968400000004
-0.00362861739
0.00194798702
0.445916717
-0.00151639468
0.00863603989
0.443364713
0.42498490629999996
0.024107850910000003
0.44425956739999994
0.1368713155
0.5415251775000001
0.08577878104
0.00586510264
0.4302721088
0.3942390553
0.07932202401999999
0.5479323236
0.3228450665
0.35120689149999995
0.47884461180000004
0.01264222503
0.5346810968
0.5611333333
0.02113100544
0.360628976
0.4748283753
0.228030581
0.3428950292
0.5062977415000001
0.4698261915
0.5460064047000001
0.4081671303
0.6483516484
0.48147020220000003
0.5383469844
0.006237006240000001
0.4271800603
0.43256578949999996
-0.0035335689
0.41571050309999996
0.5702975906000001
0.0018191906899999999
0.00814384967
0.3401741294
0.2859183403
0.4772393539
0.4405522216
0.30631767249999997
0.5520918786
0.00267379679
0.4850894632
0.46666666669999995
0.49205203760000005
0.04872346534
0.0015049947
0.5431403054
0.00531349628
0.5234741784
0.03745459962
0.04719101124
0.4983801296
0.05981179784
0.4198895028
0.42382123819999995
0.47053494409999996
-0.007315445980000001
0.28
-0.00131736622
0.00617013235
0.1224678158
0.5682662647
0.01606425703
0.5022795845
0.6114043164
0.3587254427
0.1153559581
0.3063450607
0.3392380653
0.3139822011
0.01658989851
0.47667621590000003
0.013558623530000001
0.2249782419
0.00552919339
0.5027777778
0.012199698830000001
0.2347359458
0.5465204457
0.04772146198
0.4803458613
0.5646731572
0.426518102
0.0
0.019958908129999998
0.07976041667
0.4300518135
-0.00434782609
0.22777280619999998
0.6025459689
0.5083280792
0.5580482593
0.0054200542
0.08771104352
0.00540592026
0.3978393387
-0.00422147837
0.44968134839999996
-0.00467553479
0.4586150508
0.4615384615
0.32308244369999994
0.4778336351
0.4071245696
0.33654190730000005
0.5589173017
0.0050462573600000005
0.44247787610000006
0.0028963474500000004
0.053497503780000004
0.0046339203
0.4115693191
0.0322797579
0.5309885636
0.6062091503
0.48804963700000004
0.36308068460000004
0.1538461538
0.3925667
0.4175391973
0.40884965790000005
0.5335546789
0.01234445729
0.00840873881
0.5121772569
0.6065996866
0.00169451932
0.01833976834
0.0069621147999999996
0.379785077
0.00758864366
0.4838840699
0.4319210674
0.4925864909
0.00494307575
0.43041943699999996
0.00722673893
0.4650750523
0.23040935669999998
0.339553477
0.030739906430000002
0.00969590128
0.5018716578
0.4516336248
0.01516875237
0.0204447418
-0.00608127556
0.5032243893
0.06303609046
0.4032288295
0.03733121525
0.4468297705
0.5180260047
0.5024067908
0.01445633247
0.4428703596
0.4963396779
0.0016236355199999999
0.5050722043
0.5399966571
0.0035150157999999996
0.5460436173000001
0.5066225166
0.012864513840000001
0.5186309779
0.39191831909999997
0.0
0.5419706253
0.0533124069
0.4513274336
0.5382775120000001
0.6094468943
0.33320246179999996
0.45652173910000005
0.4078520328
-0.0006278942
0.36654041569999996
0.6207253886
0.4038176819
0.3651638559
0.4324370114
0.4822504152
0.05479764501
0.0045454545499999995
0.06222222222
0.3780663781
0.3256073067
0.3603944971
0.0060543351599999995
0.49750482939999996
0.338790932
0.00118779121
0.05746672689000001
0.1482042344
0.4030867506
0.00950779078
0.3853012104
0.43830219849999996
0.03875134553
0.4626112483
0.00325027086
0.1625232719
0.4674634794
0.45568255690000004
0.08141311918
0.05679012346
0.6157894737
0.3434490038
0.45270270269999996
0.3419814847
0.5092565383000001
0.4388152767
0.1389236546
0.3086150491
0.4193420732
0.2960526316
0.17051159370000002
-0.00137362637
0.48865978179999997
0.5710227273
0.5217960204
0.1859777276
0.5265124579
0.00752055024
0.2191381345
0.0073349633299999994
0.02916160389
0.3735177866
0.4909502262
0.00420737835
-0.00711458158
0.6015488082
0.38534482760000005
0.1680440771
0.3618146487
0.01634472511
0.5803571429000001
0.4336174862
0.01113801453
0.4798362348
0.339945486
0.3992095135
0.4193138501
0.36300456779999996
0.2467495343
0.47586502119999996
0.3301358615
0.40707964599999996
0.4778942875
0.5509259259
0.10620915030000001
0.09581881533
0.5201693464
0.5076815642
0.5
0.004672897200000001
0.5262406283
0.5693581781
0.00823636235
0.3502822761
0.3756521739
0.4313149585
0.10042976599999999
0.04229323308
0.20705165279999999
0.2311459354
0.4698340305
0.4814286147
0.0042263121999999995
0.4154974488
0.2824663601
0.3436692506
0.21058360960000003
0.4542772861
0.2368664524
0.4541726216
0.387254902
0.46586939899999996
0.37088456960000005
0.46121357770000004
0.5887445887
0.01132004322
0.0
0.4533489229
0.34298612640000004
0.02537874081
0.0
0.45057007749999994
0.04209494247
0.464375
0.01059934781
0.00842514582
0.09004450586999999
0.4204957729
0.581852028
0.07745010426
0.4833314319
0.264484127
0.00510204082
0.3398644741
0.1582968553
0.5195855035
2.7209349999999997e-05
0.1225533413
0.5729069461
0.00748362956
0.19917331130000002
0.0
0.421084412
0.4106238705
0.3418923672
0.5023976601
0.2727544271
0.13326056
0.01497599806
0.00908059024
0.5145834711
0.490192063
0.1889956964
0.0074606838099999994
0.06436815303
0.005994358250000001
-0.0017634524300000002
0.0030154393600000003
0.4854898111
0.5534192326
0.03921305595
0.5095464949
0.1691732939
0.442436523
0.00872093023
0.4583428868
0.4582806574
0.4274774806
0.5361258942
0.0091275238
0.5049954587
0.00555898703
-0.0006871887000000001
0.00644122383
0.4318782544
0.4309825491
0.3924322971
0.4885245902
0.5096199531
0.01639344262
0.0
0.33701037110000004
0.00771734772
0.1861403422
0.028604118989999996
0.47579144370000004
0.3341523342
0.0011306886500000001
0.48240469210000003
0.3099626755
0.03739665161
0.5045771739
0.43
0.35438291829999996
0.00650087333
0.35560232820000004
0.4303949358
0.06206527555
0.4135022334
0.00414937759
0.5438615856
0.4184141676
0.5162638924
0.49119803300000003
0.08050911933
-0.00018517723999999998
0.00126903553
0.00606659265
0.10444184910000001
0.5011804659
0.33619250289999997
0.3364012522
0.4301520358
0.4423020336
0.29787152720000004
0.5269598114
0.4602317102
0.01603654158
0.49734748009999996
0.4499700368
0.04910443682000001
0.4531884529
0.1820033506
0.384347622
0.2483370288
0.1876071303
0.4777070064
0.03356750304
0.30788932809999997
0.00142155695
0.05774810315
0.40418118470000003
0.4369277721
0.5505786015999999
0.48607369429999997
0.4685605276
0.5431044697
0.2615095756
0.5090088981
0.4848966614
0.1902834008
0.5456570156
0.4440433213
0.4264705882
0.1728092913
0.00172670083
0.00020091088
0.5214105793
0.2045152722
0.5834411503
0.6247644595
0.46977124179999996
0.105034931
0.09080851128
0.4696188453
0.5024561404
0.01212291047
0.5659722222
0.43487394960000003
0.4318873287
0.4136125654
0.5947400611
0.5602360747
0.09378605037
0.4476247378
0.03590788088
0.00884955752
0.1912418505
0.4999910356
0.55243195
0.3433759993
0.42532775770000003
0.00816218637
0.4041013269
0.0064102564100000006
0.032967032970000004
0.01097861348
-0.00356940398
0.03714285714
0.5371942058
0.3314765267
0.4606936957
0.01041319767
0.1159090909
0.07242115648
0.4335097889
0.1346990007
0.4562907361
0.004048583
0.046082949309999996
0.46855345909999996
0.2165047622
0.00174825175
0.01133244338
0.2840377825
0.2933809785
0.42434977760000003
0.07128810226
0.3986536008
0.020184173269999998
0.013433221390000001
0.02363284996
0.5696594427
0.07826017548
0.03632148377
0.418556701
0.34696969699999997
0.4067304463
0.33315464050000004
0.3798543689
0.0067775724
0.45144356960000004
0.447806354
0.47916666669999997
0.01310861423
0.41471959490000004
0.2805755396
0.4859926918
0.4420006059
0.5330669432
0.22085677
0.5118790497
0.4830016035
0.4780461032
0.4901237674
0.4503012048
0.2937765752
-0.0044966492
0.0029239766099999997
0.2921819422
0.1714821764
0.1770905553
0.44744744740000003
0.42373727840000003
0.00399876519
0.5161767445000001
0.4629668885
0.4701670644
0.1296863614
0.48502876819999996
0.02990543735
0.07277828483
0.01285742767
0.4886457113
0.4949712644
0.11090408189999999
0.5359638033
0.35831041579999995
0.46912442400000004
0.4808483697
0.03670700663
0.19378343520000002
0.1402590116
0.3689091394
0.03738383904
0.05596374273
0.1408825093
0.2088455604
0.5088195387
0.5310925754
0.1012290419
0.115129225
0.4156404442
0.4079264375
0.00813767114
0.02756750765
0.3895117541
0.4138958995
0.528556594
0.02728290746
0.4150589343
0.1152389242
0.4
0.45795918370000005
0.44862155389999997
0.06498966671
0.39175257729999996
0.00929732465
0.4728532955
0.3664290384
0.4962517662
0.32513906230000006
0.42841880340000005
0.5828402367000001
0.2777303057
-0.00884955752
0.5411117434
0.4163892148
0.5132013201
0.0933378988
0.2722233218
0.501610899
0.3814616756
0.40941910589999997
0.415851396
0.19048218760000002
0.3144329897
0.03300025181
0.2588003218
0.3728678847
0.5343727853
0.02581544466
0.4485285068
0.2476334246
0.2085889571
0.40094711920000004
0.5678415995999999
0.02559329387
0.36425120769999997
0.48796492630000005
0.5265399386
0.1306631366
0.08320373249999999
0.03278688525
0.47725948170000004
0.2170571429
0.3587561213
0.5005279791
0.5182724251999999
0.458118177
-0.0034513088200000003
0.4705868706
0.4964600884
0.014867995929999999
0.58611102
0.3798055325
0.01056154622
0.2867132867
0.09913078721
0.4734490381
0.4780391461
0.4198682264
0.33745845199999996
0.34417175180000004
-0.0028246383400000004
0.14919216540000002
0.3614719984
0.0
0.2455140041
0.05296308834999999
0.5227218853
0.5022377463000001
0.44522748819999997
0.42538564719999994
0.4516362619
0.0103179563
0.45378151260000005
0.08700155056
0.049457177320000004
0.39915522699999995
0.02997275204
0.0182866486
0.03884990495
0.4939969413
0.35018886969999996
0.3875181422
0.00391389432
0.00356040826
0.5920608142
0.06339627151
0.4569732938
0.05547425306
0.42446914560000004
0.07962019044
0.01004688547
0.1408955224
0.09236830831000001
0.4603643768
0.00868579104
0.3151372966
0.0048848569400000005
0.4312112409
0.42375327339999996
0.0073810036700000005
0.47663551400000004
0.37604456820000004
0.02961544089
0.37867024530000004
0.30264910749999996
0.1103231985
0.39669246029999994
0.03655877152
0.4915996231
0.01415726973
0.3148594679
0.488700565
0.48147613640000003
0.2165267601
0.03476317022
0.3906762601
0.4131082518
0.013553976050000001
0.4858657244
-0.00456100342
0.34650670429999997
0.4176245211
0.5547985192
0.0
0.00128040973
0.22123893809999998
0.3546516495
0.56
0.00953599361
0.2494780322
0.3976197458
0.3696639419
0.08214849921
0.0187673772
0.02917603644
0.4078575292
0.5032258065
0.5121502524
0.5128982267
0.3863636364
0.44596541790000005
0.2988095238
0.4802527646
0.25873613219999997
0.00835247484
0.00371900826
0.46118231270000004
0.03528931573
0.48822202169999995
0.3052761509
0.5099077702
0.4380123932
0.4292508096
0.02927202614
0.0006765127799999999
0.504017531
0.2186666667
0.2444877666
0.5069393718
0.36034482760000003
0.4721189591
0.4597207419
0.013203482099999999
0.3958927553
0.00139037077
0.483735005
0.1485788358
0.43843072980000003
0.03351360509
-0.0008987360899999999
0.4964788732
0.00637649386
0.424988058
0.2514849509
0.4430590191
0.02684889231
0.06813037574
0.47911634280000004
0.467032967
0.43432343230000003
0.5641139804
-0.00289558284
0.42205980930000003
0.35679691869999997
0.00958158794
0.4942676569
0.00240480962
0.502469562
0.4895545492
0.00516539312
-0.0013381022100000001
0.0057217432499999995
0.5222148062
0.4678077516
-0.0011296105300000001
0.3600090299
0.00890207715
0.00543433596
0.5186303517
0.4583687341
0.3810691515
0.04997372168
0.4382735639
0.4494112258
0.0027573529400000004
0.4885813149
0.3716951788
0.38170940719999996
0.4170033378
0.2405134371
0.4009077156
0.48572110780000005
0.20853302599999998
0.4769998012
0.49959499719999995
0.5599539215
0.01465798046
0.4653550043
0.583903908
0.42111801239999996
0.00119064511
0.4261262225
0.4991558807
0.08264671879
0.3381088825
-0.00137450307
0.1438629781
0.2990252435
0.00326825151
0.04467482318
0.02006930301
0.5553433137
0.3627919605
0.5231277533
0.4807779285
0.44475138119999996
-0.00129198966
0.5507693625000001
0.3376438236
0.3233847163
0.0102739726
0.374340949
0.1293422025
0.5844311377
0.32911803689999997
0.00147301348
0.4110020368
0.3483405607
0.01315240681
0.5856231998
0.07975940562
0.5327727051
0.5217571708
0.4553308738
0.06992382875
0.4515188154
0.2434387254
0.5427289646
0.5146229833
0.1778557399
0.6266730402
0.021280144889999998
0.49740932639999996
0.5400340716
0.5827500908
0.44156449449999996
0.5477203714000001
0.44173118359999997
0.036491868159999996
0.3281990521
0.028859726979999997
0.5378947253999999
0.00504220175
0.011229631900000002
0.00049255877
0.02372479241
0.1346227792
0.47161572049999995
0.00772626932
0.4189550072
0.4558346664
0.004065040650000001
0.1361161525
0.4434670828
0.012935323379999999
0.2823529412
0.4408523145
0.439424298
0.006435416659999999
0.00733911318
0.02248365368
0.48159057439999997
0.1506669208
0.2358490566
0.4476947536
0.02292553191
0.028265016150000002
0.2376913055
0.3924951573
0.5163019753
0.01650793651
0.01071661845
0.5902232950999999
-0.0076467101400000004
0.5013534775
0.00059241706
0.06569663515
0.1556082107
0.03965707146
0.3796014228
0.4718294634
0.06966185348
0.4458259325
0.5191489362
0.6639618154
0.47001150799999997
0.5281615303
0.4848993289
0.3803921569
0.43708442220000004
0.3498628839
0.4992680868
0.43058823529999996
0.40560593570000003
0.2338097738
0.00516055046
0.5251406816
0.5601542543
0.00178329874
0.5322427208
0.38420856870000003
0.4611354842
0.5179643005
0.01087490329
0.0015060241
0.1678664148
0.00536760137
0.01633677599
0.38784541580000004
0.034874290349999996
0.42882712419999997
0.5318457724000001
0.3226331314
0.00144927536
0.4925273589
0.3860565218
0.05816333887
0.0058069199100000005
0.5438962992999999
0.044811320749999994
0.4785075269
0.4887490784
0.1757679181
0.49312824390000004
0.5304644282000001
0.01166965889
-0.0005451508
0.45504304679999996
0.2939940105
0.5143900057999999
0.4760051881
0.4741306192
0.4762658228
0.5008644995
0.06538895152
0.5671352351
0.4235821453
0.4082191781
0.45803413210000005
0.3588957055
0.4355240995
0.02593010147
0.528854496
0.01056168987
0.024296964289999997
0.3668061367
0.1171778411
0.00527917764
0.1389295333
0.411376631
0.4050300687
0.6523827582
0.125
0.01235128734
0.0011700527800000001
0.3838812301
0.4521067606
0.2951134536
0.01322825781
0.10087173099999999
0.01371386212
0.5435080977
0.3911342894
0.4528193326
0.49601560489999996
0.4236217949
0.4988412908
0.5405904059000001
0.41706247949999997
0.0625
0.027201995019999998
0.2074074074
0.429844098
0.3760185984
0.2011467172
0.46684831969999996
0.00428265525
0.33555929980000004
0.3415132924
0.4135454079
0.2407752231
0.2810045462
0.5814524444
0.4109589041
0.00793254532
0.04820627803
0.5612004865
0.00849514563
0.2976094023
0.4635165921
0.5349390085
-0.0007782101199999999
0.019420712979999998
0.505785124
-3.357969e-05
0.4573804574
0.0070432709699999995
0.4228110599
0.1416595624
0.5617626923
0.00431373825
0.02437407652
0.08975170152
0.3585308961
0.535876986
0.4805212424
0.26849500200000004
0.1423638411
0.5379999999999999
-0.00431965443
0.2166033961
0.02985074627
0.414834523
0.05710705335
0.5472481366
0.018271859079999998
0.1906866212
0.3379571051
0.3956937535
0.5923240953
0.47263164529999996
0.3601368691
0.5267538643999999
0.5053078556
0.2962071042
0.29335660350000003
0.3443579767
0.43150077420000005
0.1503026528
0.4084181763
0.12524038170000001
0.491393127
0.28098591549999996
0.3565033864
0.02174602753
0.6497880748999999
0.4891961971
0.4973167993
0.00770791075
0.00206185567
0.5783475783
0.3662111084
0.48049798029999996
0.1955739849
0.38576161919999996
0.39197041730000004
0.07400967889
0.01607624651
0.472168906
0.5088475057
0.3209007741
0.02060035315
0.2213453836
0.29562120140000003
0.5751342812
0.43755458519999996
0.00818058023
0.02478855817
0.47594936709999996
0.5035941877
0.18235336060000001
0.4738708784
-0.0021769233499999998
0.430983236
0.49067226239999995
0.10303262090000001
0.3005328597
0.02592580212
0.00228924977
0.08693777496999999
0.4582132565
0.00119878435
0.1873015873
0.4646433109
0.5536455245999999
0.4304808667
0.07302533532
0.4411920215
0.2943262411
0.2564441507
-0.00157232704
0.3878551551
0.4362139918
0.5312896071000001
0.4265466582
0.496763387
0.044459400100000004
0.3347169941
0.2788944724
0.5937136205
0.021018846639999998
0.4262709703
-0.00722236947
0.07496815853
0.5211287214
0.0008833922299999999
0.4679425837
0.5504950494999999
0.5351823817
0.11410788379999999
0.03815789474
0.24860022399999998
0.01971881597
0.051218752549999996
0.060277583520000004
0.5128605115
0.03649446148
0.44906166220000004
0.036554684489999996
0.0725388601
0.043254688449999995
0.2527189998
0.2529410259
0.02882691894
0.34782608699999995
0.6232164187
0.374732334
0.01968503937
0.1646786956
0.02202130664
0.4265522463
0.01211479674
0.4351032448
0.429645549
0.3855615616
0.3819266451
0.05247022559
0.48953188670000003
0.06259146587
0.3038585209
0.2406143345
0.4430992736
0.00493421053
0.4560474651
0.5452898550999999
0.5245612003
0.5614365307
0.4769188224
0.2020129448
0.4107950617
0.38943307509999997
0.00237847019
0.43337129840000005
0.492973476
0.01610572319
0.3082085351
0.4655396005
0.07562568009
0.5130910901
0.0
0.03885310897
0.1490174672
0.03518387553
0.4893501236
0.03981773424
0.3056141863
0.01072117879
-0.000424502
0.1176583035
0.4136460554
0.00118623962
0.00514880633
0.0048048048
0.00530584788
0.27902538060000004
0.36441628639999996
-0.00188905589
0.03378755612
0.01132075472
0.054506227069999996
0.00766550244
0.07014852157
0.06236729564
0.5027322404
0.35335689049999996
0.37288314159999997
0.042533840950000006
0.392815759
0.17461346379999998
0.5146245707
0.1809260222
0.4103041589
0.4393315222
0.5428177311
0.01788280224
0.42979929980000003
0.0092924988
0.2540078326
0.008903728440000001
0.00248938773
0.5576131687
0.132137031
0.5211254762
0.1281829731
0.2871625841
0.5346666667000001
0.00752820434
0.1386748844
0.1143948362
0.3833356281
0.5329738562
0.4469923739
0.49901018469999997
0.015212919739999999
0.03930461073
0.429492215
0.4839180932
0.016702586210000002
0.25815799980000004
0.00876232202
0.5186721941
0.46920240290000004
0.2777352716
0.2267297132
0.00172115461
0.42835684960000003
0.4389721627
0.00056824025
0.40305932099999997
0.1994931524
0.4326309544
0.43323442139999996
0.37952430200000004
0.5380878863
0.01258992806
0.49997351549999997
0.01312151314
0.0017921147
0.47711630499999996
0.06024096386
0.1975635831
0.3663679447
0.4606741573
0.3209532654
0.4162826421
0.2908121852
0.06788094505
0.3859527885
0.21572580649999998
0.4581968065
0.4159693928
-0.00038627817
0.4727272727
0.4264529144
0.2248002438
0.010848602130000001
0.2693236525
0.4159482759
0.3909090909
0.44906316269999996
0.5223492240000001
0.3768635484
0.4730672014
0.4656791627
0.35700934580000004
0.1112454655
0.07837837838
0.04240695111
0.1051546392
0.1285550735
0.4674211143
0.4027016633
0.45999372450000003
0.20969163000000002
0.01961722084
0.486273164
0.4483468259
0.1315990459
0.6239600973
0.0498488665
0.026859280920000003
-0.0019386825
0.0038226299699999997
0.18166878090000002
0.4135769319
0.5274725275000001
0.47322688059999996
0.5582922824
0.02898550725
0.5959453769999999
0.00874235729
0.053383726840000006
0.2773722628
0.00712617208
0.4454713494
0.02054414214
0.5679567957
0.11619718309999999
-0.02048493458
0.43360049279999996
0.4264850338
0.00718119714
0.42410602
0.12965517240000002
0.04376501252
0.5186813187
0.225152597
0.010586378649999999
0.5100822493
0.4468906582
0.49189009759999996
0.4797350803
0.32452224739999996
0.587088916
0.3253150057
0.3625244019
0.00999060805
0.05406427221000001
0.3655274889
0.01605862077
0.30113540660000004
0.09483227413
0.3946696068
0.0
0.6004153809999999
0.146339203
0.4169306886
0.04302536892
0.1758491623
0.05941993676
0.4381509541
0.3789496309
0.5059143108
0.36639439179999994
8.791209e-05
0.01369154945
0.01541425819
0.5000171032
0.00492125984
0.4867498517
0.4943554739
0.5029956427
0.5017553074
0.45126344500000004
0.42635829039999995
0.0
0.456265991
0.01096242564
0.0456847815
0.20149253730000002
0.4683495146
0.42031771290000003
0.021388593820000003
0.00199296865
0.4651229296
0.21279304
0.4784920865
0.5704717903000001
0.5324302135
0.01610701611
0.2817208135
0.42187474979999995
0.4914334251
0.5060977759
0.05139949109
0.01696969697
0.31801436240000003
0.41493456510000004
0.02056271341
0.150877193
0.00374638637
-0.00057847212
0.3756097561
0.46873966580000004
0.00857588358
0.0
0.45890541910000004
0.4370848334
0.5317869903
0.5525311412
0.01042751359
0.08769840848999999
0.5676156584000001
0.00941698335
0.13061799699999999
0.3389696121
0.3981151784
0.00309707888
0.40301931809999997
0.42761487090000005
-3.56737e-05
0.38020408240000003
-0.00116531832
0.4464285714
0.01587301587
0.00815635975
0.5362458058
0.0
-0.00063162812
0.01729192929
0.009450534980000001
0.134007732
0.551211094
0.01480126771
0.33182844240000003
0.394553551
0.16498797540000001
0.5189189189
0.174579147
0.2996576748
0.2091388401
0.16410783569999998
0.1797931853
0.0847273013
0.4735541275
0.36478593779999996
0.00849858357
0.4132816823
0.5604898626
0.4048442907
0.331900258
0.40421909
0.02385685885
0.5202517797
0.3489816195
0.02818375863
0.2807069909
0.43593519880000003
0.00458364744
0.5515548282
0.5299625468
0.4747158772
0.5348837209
0.01237305691
0.4246268657
0.01702089445
0.47436956109999995
0.22744211069999998
0.5412330495
0.4726867118
0.00113820316
0.1648841355
0.4338422392
0.00165289256
0.01829669031
0.5108608206
0.04508039629
0.4701784602
0.4142287234
0.42402025600000004
0.517580872
0.4614350258
0.00944206009
0.06171854753
0.00127603778
0.00663285213
0.3003731343
0.47258485640000003
0.0019437206000000001
0.05978898007
0.34872298620000003
0.44412932499999996
0.3272589107
0.5572840252
0.2706106118
-0.00120048019
0.5693612056
0.02349411437
0.1647687861
0.00440960314
0.030638852669999998
0.5382427592
0.00231438043
0.43190877559999996
0.4670886005
0.1074380165
0.3757225434
0.0057892705499999995
0.01185110045
0.2480388149
0.15316117540000002
0.06445645231000001
0.4677304965
0.4005301074
0.3999077491
0.012112058299999999
0.5197153766
0.42281582630000003
0.08795962509000001
0.06907717215
0.3710472715
0.04201555949
0.40761441460000003
0.33935389720000003
0.47985244039999997
0.00944510035
0.5045381175
0.01973981204
0.4644165093
0.22453049879999998
0.23237179489999998
0.5053180987
0.03783020308
0.16806142030000001
0.1449152369
0.4579754905
0.01287956544
0.42971645430000005
0.00961538462
0.5423728814
0.3533509471
0.512568306
0.4381016949
0.4016383346
0.00591715976
0.00363911502
0.3758038474
0.5547284208
0.10518731989999999
0.4854464007
0.4454047497
0.0093431272
0.3538461538
0.4969245224
0.2906867192
0.408386078
0.2714018226
0.35724533719999996
0.5169948594
0.5217693489999999
0.01016255662
0.4303405573
0.010314341849999999
0.4973170355
0.3853202924
0.44
0.07076949861
-0.0031496892199999998
0.48755437980000005
0.5258467023
0.11439241839999999
0.493604863
0.2858363084
0.4769383031
0.0533454343
0.0
0.011143353170000002
0.389083422
0.443977591
0.027901078
0.07700424888
0.00952533315
0.2029234583
0.01629502573
0.3824561404
0.1116449721
0.2607879925
0.17158022639999998
0.49128919860000003
0.4003267974
0.0
0.4891059354
-0.00505789215
0.00169324549
0.4896207739
0.02304570546
-0.0005916112300000001
0.45939445399999995
0.5545023697
0.0
0.6081419113
0.595
0.41928696000000004
0.32509832099999997
0.01064079319
0.2287176415
0.5928338496
0.3624288425
0.4656865569
0.1375356053
0.01353357366
0.2847484925
0.4447115385
0.4920245399
0.5319430529
0.45581937359999997
0.2554280845
0.02886606731
0.45599798640000005
0.20860466819999998
-0.0034754707299999997
0.012014497930000001
0.2191600757
0.580348944
-0.00422832981
0.08979716919
0.36828177510000004
0.1657291088
0.5394619080999999
0.5042846998
0.4207844868
0.3940330398
0.2700877785
0.47414741470000005
0.44701583429999997
0.5530474041
0.3549590302
0.36556242930000005
0.0570487518
0.3421709234
0.4542513979
0.03068312898
0.0008955993099999999
0.4353566681
0.4701986755
0.4153846154
0.00587694952
0.5328562465000001
0.41937999189999997
0.4795447892
0.5700794484
0.35909572590000005
0.431443299
0.6228651098
0.01929175891
0.008495689610000001
0.00514089871
0.00426682825
0.5772174564
0.4265232975
0.4002900014
0.5222038864
0.0271531608
0.3161993769
0.005033557050000001
0.4371657754
0.3139426022
0.00554235946
0.2704791345
0.00968821504
0.5604198827
0.6389891697
0.4944731024
0.45900214660000005
0.010271542540000001
0.054262234459999996
0.4795663053
0.3810828651
-0.00211013152
0.5965746908
0.46816124360000005
0.1423539184
0.36317946370000004
0.3521481106
0.423562405
0.2199349946
0.399825784
0.4096578298
0.49559414609999997
0.02025456829
0.5280594305999999
0.01178992497
0.1894273128
0.3630750392
0.5161881693
0.5053658537
0.00752153117
0.0637945319
0.37676767679999995
0.00677032762
0.4401840881
0.04347826086999999
0.3004926108
0.03143768297
0.46455770360000004
0.5533896626
0.201005622
0.5268148450000001
0.36608160640000004
0.41461006910000003
0.2931139137
0.31987691009999997
0.5019708169
0.02207660224
0.01983173138
0.3017200678
0.35504885989999996
0.4827030275
0.23188180819999998
0.5274201682999999
0.00308617814
0.4015741771
0.4953358984
0.17792421749999998
0.3630573248
0.024096385539999998
0.02440039593
0.476427671
0.5155209071
0.2757516129
0.00793688583
0.5007832841
0.4428794992
0.37129485180000005
0.0163132137
0.5985746306
0.0157665213
-0.00396278147
0.4584178499
0.34243323340000004
0.00300435612
0.4620414223
0.470034487
0.08188472095
0.44011142059999997
0.4377258604
-0.00108813928
0.2454621447
0.3726146544
0.07997823721
0.00997211362
0.3448275862
0.011391171149999999
0.0
0.00379916044
0.00453780734
0.00290835302
0.5123935243
0.015085504960000001
0.5192585956
0.1284634761
0.4781199352
0.5562347411999999
0.0201511335
0.05794400724
0.2206745606
0.5823863636
0.34912717909999996
0.16860612190000002
0.5369318182
0.445398353
0.2478393889
0.631431686
0.03144232799
0.492637789
0.3803571429
0.00254883812
0.01342098273
0.4913461538
0.44262241799999996
0.000756343
0.4777580071
0.2649379932
0.5100606835
0.38474970900000005
0.4207525656
0.4313045364
0.26580459770000003
0.3526700239
0.00406009069
0.03460972018
0.5834951456
0.4898172324
0.00095730724
0.00599627128
0.02100875259
0.0
0.45473979389999997
0.06006208257
0.3391599867
0.4958502024
0.4465517241
0.00070467112
0.400584922
0.3475929602
0.19506875969999998
0.05271298386
0.1140808556
0.10535714289999999
0.4782601131
0.43192423239999994
0.00306748466
0.4902884263
0.09303376814
0.0050112859499999995
0.4908391837
0.3843283582
0.427205101
0.40918161810000003
0.45752840910000003
0.38218314319999996
0.6592019544
0.01810619036
0.3991773573
0.38868388680000004
0.462806408
0.02126043165
0.1488673331
0.2962980387
0.00783545544
0.461670423
0.34729316439999997
0.09036398548999999
0.41299810540000004
0.3202432067
0.06293567509
0.5381853569
0.17460848510000002
0.4390485606
0.4492155244
0.07823038172
0.10801826480000001
0.056074699289999995
0.4647026575
0.02022118302
0.47689001179999996
0.5535353535
0.46829268290000003
0.05750798722
0.48702422149999997
0.027470331799999997
0.4051535088
0.5631509267
0.00188841202
0.4818791939
0.01789470118
0.36139406970000004
0.36738197419999996
0.47456564090000003
0.3615436314
0.4631094417
0.5241221311
0.03090309031
0.5280135823
0.06163382673
0.4735071489
0.48190799050000005
0.19851898869999998
-0.00201226863
0.4241824998
0.01701128259
0.06901261861
0.07346149134
0.09038322487
0.4928125508
0.00761113128
0.09794745311
0.013209877830000001
0.07372224668
0.49464012250000006
0.007393244100000001
0.4177083333
0.2459433262
0.03284705387
-0.00224588441
0.16496853609999998
0.512946886
0.3108494497
0.304730473
0.00854700855
0.2832512315
0.283566502
0.0367534502
0.49800130600000003
0.05168998625000001
0.2398255814
0.04634831461
0.00308241927
0.47696588679999996
0.3091595394
0.4490793434
0.05642420122
0.07365309139
0.4926101035
0.11279938619999999
0.2468331056
0.4626573052
0.5154553049
0.00450315221
0.1315538608
0.01322482197
0.08476141391
0.438547486
0.4019337896
0.06349959779
0.1822933714
-0.01068828455
0.2775302878
0.4400060491
0.4774774775
0.46725239620000003
0.308869159
0.0014219718800000001
0.05985195123
0.44247787610000006
0.4570502431
0.4764565993
-0.0047741095
0.40710121790000003
0.3066544743
0.47699530520000005
0.1384991274
0.45417561630000003
0.4670050761
0.06262359920999999
0.4199029126
0.4295900178
0.2790178571
0.2519037106
0.4953170713
0.5144329897
0.0031772102000000003
0.5743272171
0.4371498008
0.3131578947
0.00091233259
0.46056543040000003
0.4093137255
0.01308900524
0.5037898391
0.01168614357
0.0178041543
0.5435288088
0.564469914
0.6315737366999999
0.4694835681
0.4146836398
0.43996569469999997
0.5227110378
0.0
0.2998065764
0.485444845
0.3608873724
0.486431479
0.02161383285
0.4909794059
0.5195804581
0.5436573901
0.0
0.5804921435
0.012985732480000001
0.00075377337
0.49108343140000005
0.01207135635
0.01111111111
0.1422903781
0.4396703352
0.02323838081
0.07206941692
0.1333333333
0.33213617689999997
0.5187436677
0.4629265956
0.4767678628
0.04002001001
0.47928489620000003
0.01047230455
0.43791136459999996
0.5251141553
0.49706674399999995
0.49997030000000003
-0.00335195531
0.4759223509
0.009648518259999999
0.4415011038
0.2080540635
0.01469857116
0.6054957361000001
0.44579208610000004
6.072506e-05
0.01304155615
0.00113122172
0.47906921189999996
0.047165316820000004
0.30268577409999997
0.4362039171
0.37980006950000006
0.18518518520000002
0.5329566855
0.5945280360999999
0.4965986395
0.4062934844
-0.006152006989999999
0.24738675959999998
0.012180313810000001
0.44006967189999996
0.5243393601999999
0.4931235141
0.5405644485
0.5391705069
0.45032429120000006
0.00549468085
0.5752688172
0.413958317
-0.00703865584
0.4611953613
0.4891924959
0.5334611718
0.4373414504
0.4137824606
0.3419689119
0.4162826421
0.4058962543
0.4549763033
0.3676268311
0.4396782842
0.36928286559999995
0.17596055230000002
0.3401442308
0.0
0.5112146895
0.03508849095
0.0396226011
0.0759546157
0.44615298099999995
0.522914574
0.0
0.08128931797
0.49284928489999996
0.00249790582
0.41080729169999997
0.5704379191000001
0.04093264249
0.5012461999
0.2219597649
0.2697368421
0.5374080665000001
0.0
0.5104477892
0.395780466
0.07944854401
0.5949781326
0.5120760708000001
0.194047619
0.24406320990000002
0.3927125506
0.4544953623
0.00646767536
0.4387661611
0.01170734889
0.5449350748
0.00427515589
0.3845873897
-0.00126103405
0.5165373893999999
0.3435052263
0.33985944160000003
0.1558515892
0.42633969569999997
0.534
0.5784114053
0.5013684413
0.4038133462
0.044558697509999995
0.01185539406
0.4768740032
0.42012475870000004
0.04376948395
0.01949142136
0.4803258667
0.422489083
0.5001167835
0.00304359773
0.2226927246
0.00423314703
0.037975371130000005
0.1901565996
0.1452367456
0.06819454330000001
0.543370021
0.4319355306
0.4876309924
-0.00580813311
0.02504816956
0.4356955381
0.012258805230000001
0.4752404036
0.5340690209000001
0.00252095903
0.31810631229999997
0.5488069414000001
0.4781510446
0.5736813306999999
0.5862068965999999
0.40944881889999996
0.5626337577
0.1594571671
0.1078679534
0.4697443275
0.4540878404
0.47611646679999997
0.4084177708
0.5186822941
0.5075787078
0.4445980666
-0.0066281970400000004
0.4687567258
0.5083237343
0.4946428571
0.469924812
0.5523809524
0.4154460719
0.4861660079
0.248
0.1475409836
0.03427743804
0.3921411408
0.5211740341
0.22413359360000001
0.4854431375
0.0
0.1574298124
0.45353043839999996
0.00836319885
0.1148836762
0.28143961430000003
0.01587301587
0.24390243900000003
0.01911667765
0.30815528140000004
0.01752336449
0.5507093189
0.4032371105
0.3830928302
0.5097313329
0.00765623751
0.01060358891
0.03252984295
0.0960591133
0.41517540760000005
0.2399215283
0.059587800760000004
0.07755684989
0.44307511740000005
0.4705882353
0.1013916501
0.1861313869
0.6238003839
0.18592895439999998
0.2893081761
0.46550919399999996
0.3599729894
0.570182531
0.1621689155
0.49663455570000004
0.4342968825
0.00518378888
0.5109127321
0.4874084658
0.538405267
0.5980861244
0.4844540853
0.4415733894
0.0075234696
0.45009412169999996
0.3757257631
0.014301983590000001
0.4480769231
0.03010359163
0.4879742701
-0.0012517415100000001
0.1222862902
0.48452508
-0.00013955445
0.011200000000000002
0.5315425817
0.2999620504
0.4267932798
0.28385899810000004
0.1227348372
0.556442243
0.4954954955
0.5121994689
0.265625
0.4240239578
0.3745387454
0.00469483568
0.01178524662
0.019903128109999998
0.055630306989999996
0.055
0.36491988220000005
0.5759775938
0.45180722889999997
-0.00120627262
0.3540856031
0.26537143950000003
-7.759480000000001e-06
0.5052781740000001
-0.0064752937799999995
0.04076699741
0.00651371713
0.07826830249
0.5040369089
0.1445946154
0.37274465030000004
0.5568167486
0.539974489
0.21668029440000003
0.0043165467600000005
0.46550048590000004
0.01201602136
0.34988962469999996
0.160410621
0.4662820106
0.00747013413
0.2312930214
0.01976284585
0.41096459500000004
0.1102362339
0.5205221302
0.033226353560000005
0.37986196739999994
0.3870525849
0.1361934984
0.45698037059999996
-0.0036552293400000002
0.4315249707
0.4785992218
0.1480738363
0.07269846837
0.0567116576
0.5633024092
0.45703125
0.00352858151
0.5341614907000001
0.0025906735800000002
0.49914402080000003
0.5521064301999999
0.4688115606
0.5122112211000001
0.4432508362
0.40558710480000004
0.01326312983
0.021084242139999997
0.4395421415
0.2369746503
0.5431914561
0.2490483047
0.5359195769
0.01302357985
0.5251141553
0.03007518797
0.5892751954
0.41863133210000003
0.2544666048
0.1470864137
0.18238993709999998
0.46959459459999997
0.589172617
0.48520433150000003
0.08082026537999999
0.16782037670000002
0.44713656389999995
0.48756926640000003
0.0
0.02365591398
0.04046387847
0.40968125839999997
0.5105807205
0.4506635341
0.4705420267
-0.0015151515199999998
0.5843558282
0.5098367518
0.04252514964
0.5648714923
0.2799939668
0.44559585490000003
0.36470588239999996
0.5703324808
0.023646325460000003
0.45048559439999997
0.48030690909999996
0.3819188192
0.06297875373
0.4164786325
0.02071563089
0.02290703769
0.4550359271
0.00625216964
0.008261637990000001
0.5100612422999999
0.38004640180000004
0.2159398044
0.047979416
0.02384737679
0.01963355508
0.34079481800000005
0.447826087
0.6012224384
0.03003875969
0.45609945609999997
0.01351901922
0.41813261160000004
0.5229532274
0.3368713912
0.03661971831
0.4656964657
0.45248443180000003
0.4936533944
0.00945378151
0.47929903819999997
0.20194375080000002
0.13747954169999999
0.289276808
0.5119977833
0.3507882883
0.4638833967
0.43490642350000003
0.3925778643
0.008086876160000001
0.4191489362
0.2264826622
0.52181987
0.03589420655
0.48484976160000004
0.023980815350000004
0.00829875519
0.5902594925
0.2978600347
0.4460664279
-0.00478990944
0.42286874150000003
0.5147686644
0.1001824624
0.2320730117
0.00894187779
0.3308531855
0.44398340249999996
0.01374570447
0.00506101532
0.7071428571
0.3988703432
0.1335673203
0.00746283189
0.011804645410000002
0.01656626506
0.5175274986
0.344605475
0.059760956180000005
0.4885526368
0.46491228069999996
0.00601951499
0.5199240897
0.2223400495
0.5317562381
0.4311926606
0.006433250729999999
0.01755485893
0.4924924925
0.5286486485999999
0.5877192982
0.01521876982
0.5512333966
0.00271618953
0.5276164090000001
0.4997954061
0.08790190418
0.4324710546
-0.00025161001
0.07952250937
0.0620328849
0.07654836464999999
0.07692149197
0.00754351802
0.295035233
0.43251607890000004
0.112661646
0.49470691569999997
0.0037116048899999998
0.5655921404
0.3490589365
0.3157496487
0.5037037037000001
0.468889095
0.09177067644999999
0.5597866223
0.03150665124
0.02581369248
0.07861161896999999
0.3247951325
3.632363e-05
0.10644267069999999
0.3768656716
0.1099340869
0.3689064987
0.3824685513
0.5673057731
0.15815074369999998
0.38859244930000003
0.047327150180000006
0.4720685
0.4950341686
0.44538289839999995
0.4648390942
0.23890175840000002
0.4125604424
0.12083876959999999
0.399251737
0.5478615071
0.31913855420000004
0.24303202540000002
0.009466295940000001
0.10355029589999999
0.010025672800000001
0.03249967704
0.4501519143
0.05276339957
0.00835945664
0.0059832309400000006
0.02363367799
0.00530332504
0.4297655428
0.442563704
0.04110321236
0.500587044
0.1436464088
0.40005853090000004
0.04725948758
0.2648609035
0.012594458440000001
0.5219512195
0.5141174199
0.00626959248
0.1771300448
0.0037257824099999996
0.45808434480000004
0.1931436879
0.1151936666
0.3521174814
0.5188643953
0.3827560742
0.009143194220000001
0.020148558429999998
0.4875093483
0.01741052299
0.2297342351
0.5576142477
0.01400662028
0.40838057839999997
0.2641653199
0.4210846272
0.03701658828
0.4039829303
0.4889357218
0.3642105263
0.00013409961999999998
0.34057971010000004
0.0003241307
0.4037628789
0.0225136612
0.042851435789999996
0.00286342521
0.4226917273
0.00967117988
0.3715164773
0.2499203433
0.00618760129
0.4018875629
0.49761578129999995
0.1520926163
0.5970442161
0.1744777019
0.05929464521
0.16752731839999999
0.5468693612
0.2786697248
0.5026041029
0.3836851849
0.21029597490000002
0.01082677165
0.49176172370000004
-0.009569377989999999
0.2755474453
0.3417159763
0.5091489423
0.024523066899999998
0.03171247357
0.01190166927
0.5572848516
0.5911590383
0.1678082192
0.5132850242
0.5766020529
0.24267512100000002
0.00234268491
0.02488724664
0.4202279202
0.4383827111
0.61
0.5439043266
0.48626294389999997
0.2207977208
0.2103144391
0.5112350759000001
0.4371323915
0.5660660661
0.0266289897
0.3468672605
0.01720380712
0.0378759542
0.4494400411
0.3360566654
0.42490842489999997
0.5386845422
0.2988994929
0.3564013841
-0.0048322849800000005
0.01352003863
0.4868637874
0.3045977011
0.1047577362
0.2980426029
-0.00030917874000000004
0.1007093856
0.43944195669999997
0.39271633520000004
0.4525502203
0.2123232509
0.5521782453
0.5207877462
0.4430126002
0.3443427029
0.27352016020000003
0.05086555327
0.00532283101
0.1417354828
0.00314201414
0.2964006213
0.4545495994
0.00600051356
0.2211596843
0.03643413684
0.365199404
0.4868748314
0.3010098308
0.4628907735
0.2477750323
0.5218950162
0.00354914989
0.5323698898
0.4652911217
0.1653689455
0.00571428571
0.5131313131
0.382549519
-0.00864553314
0.4851637218
0.6254107002
0.00248756219
0.6517147442
0.2604559707
0.1159904854
0.5992809693000001
0.06902815622
0.1015561016
0.4445511524
0.45870076429999995
0.19724745389999998
0.4434175532
0.04007652695
0.3685572561
0.2256341789
0.027707754520000002
0.279766326
0.5581649832
0.4208754209
0.5873276637
0.39051332029999997
0.4893063839
0.4505169867
0.4810662254
-0.0066194932699999995
0.5167299962
0.5279570962
0.5250400907
0.00987306065
0.4065743945
0.02354082296
0.25944785060000003
0.3519707597
0.023384615379999998
0.02552816901
0.1982144616
0.5567363184
0.198083524
0.02482131553
0.3827562491
0.1558152815
0.6147817386
0.1601490131
0.00026205451000000003
0.0
0.5090699376
0.3367442922
0.3761208147
0.415058615
0.46103180600000004
0.01269038726
0.4735632184
0.2691512619
0.019666734749999998
0.514953271
0.472359466
0.0060483871
0.476457292
0.4444853012
0.0
0.3720610524
0.38042285579999996
0.13820271979999998
0.4357941711
0.03963546115
0.46054125960000003
0.01148021934
0.44026740150000004
0.4198798875
0.4510813594
0.06414682690000001
0.02864736405
0.2882231405
0.07493382166
0.38518488069999995
0.09326103407
0.4206847962
0.06471450853
0.2861710631
0.5496762549
0.2993437658
0.4978723404
0.47824513009999997
0.5031851652
0.20100502509999998
0.058375551559999996
0.43622237849999995
0.55574281
0.04364537348
0.4604212055
0.00367376929
0.4232924528
0.41864256169999997
0.4978354174
0.3849296537
0.3980752406
0.02171343643
0.02142794845
0.3900023244
0.40175976939999997
0.4759006128
0.01131541726
0.03830578896
0.3952944787
0.07912113153
0.03208367385
0.4749250866
0.543152807
0.0094191874
0.5308033926
0.4198988196
0.3957183516
0.41198224850000004
0.2760555828
0.3512541633
0.45357788509999997
0.1377293453
0.5014143968
0.44680851060000004
0.2959183673
0.012254941699999999
0.3505159406
0.2368909499
0.157981354
0.411773574
0.00134561466
0.4263090587
0.2465940054
0.3943407882
0.4703196347
0.3610356669
0.00546416393
0.5244151763
0.10133712900000001
0.5144644105
0.4633065112
0.4664516129
-0.0013293175600000001
0.494258036
0.5046639675
0.4728457639
0.00794332148
0.42286090719999997
0.5418084589
0.2352941176
0.4716015151
0.1913541004
0.1036391599
0.00371747212
0.005282968369999999
-0.00350466634
0.3287722032
0.29870641540000004
0.00219954577
0.6002478943
0.48227848100000004
0.05848794285
0.00780031201
0.45241847989999995
0.4135410045
0.4465647372
0.01471696083
0.46779417209999996
0.4063967751
0.00420168067
0.39312977099999996
0.2906574394
0.34378809670000005
0.4441034036
0.449170413
0.336
0.4603658537
0.01829115491
0.1671070013
0.03018108652
0.5334538879
0.3648858652
0.4440497336
0.43602688970000003
0.407817865
0.47817460320000005
0.006356369979999999
0.0054749766499999995
0.2977550063
0.5196476496
0.5117647059
0.00556243169
0.4787322769
0.1281706625
0.5049283816
0.23822640239999998
0.014302388919999999
0.3892215569
0.43193549
0.08051124579999999
0.4174939747
0.022193211490000003
0.4103966955
0.09045141470000001
0.5137818867
0.4560038892
0.4824561404
0.03836897158
0.39696969699999995
0.006494699309999999
0.35687732339999995
0.4972527473
0.4920534011
0.47100457030000004
0.40563380279999994
0.2848074829
0.5078864353
-8.232015000000001e-05
0.02275939342
0.249096809
0.43668908879999996
0.45560747659999995
0.5079162769
0.3565891473
0.5092807425
0.00759878419
0.44274809159999995
0.4347375248
0.01849398775
0.43951612900000003
0.438538206
0.00794473911
0.0046317523999999995
0.07226148410000001
0.4011918317
0.4420509674
0.42011834319999997
0.2307592134
0.5113385114
0.39150943400000005
0.3852785847
0.1326418782
0.189516129
0.3418493549
0.03605769231
0.09921537852000001
0.00373097019
0.06463878327
0.5997797047
0.3834365168
0.4411410917
0.3247863248
0.45136186770000003
0.1016326531
0.03559322034
0.30874329
0.08733624454
0.332103321
0.01579394119
0.019735805749999998
0.3360824742
0.38474065779999994
0.4002751032
0.00154202005
0.00028920103
0.2192243522
0.3735024821
0.5286162625
-0.00228029858
0.6618707651
0.07482646008999999
0.4523537894
0.3302991857
0.4884318766
0.5107855655
0.3280935547
0.00149588631
0.44983985390000003
0.5241670128
0.40127020809999997
0.1345707657
0.6452842964
0.17973639519999998
0.00837064896
0.4668016967
0.1260273973
0.4549564426
0.01694557822
0.4949818502
0.14412416849999998
0.0043715847
0.5450874832
0.44101490779999997
0.02759055118
0.407387563
0.05408116474
0.4894346824
-0.00106837607
-0.00080352442
0.5554871863999999
0.148617098
0.051282051280000004
0.00569486451
0.3814689266
0.45762711860000005
0.1654047233
0.3125098961
0.4294692967
0.5447894977
0.00538428551
0.00663663143
0.00888099467
0.054757015740000005
0.6332703214
0.6270992486
0.2504368084
0.49014084510000006
0.5829728933
0.00500715308
0.34327518290000003
0.6266819142
0.4296888226
0.5574503588999999
0.3364299546
0.017857142859999998
0.00182423855
0.4480109534
0.3178836904
0.01274147428
0.5704534373
0.2616391339
0.010124388980000001
0.2731332647
0.4786150713
0.3285248937
0.44527041590000005
0.4451294698
0.3137931034
0.08195917896999999
0.0174179927
0.5132971351
0.5095238095
0.1947244996
0.1333007276
0.2957939554
0.0030110024
0.5196006662
0.0
0.3999878534
0.01098901099
0.40005761739999995
-0.007042253520000001
0.4269662921
0.4783802334
0.00442853083
0.3817904789
0.09598193163999999
0.1831226512
0.3321443294
0.00276557281
0.05019956112
0.5269657362
0.33100618330000003
0.2433192686
0.5145985401000001
0.42189938120000003
0.00071123755
0.00209065377
0.0367253844
0.5130997589999999
0.3419036647
0.00917965246
0.2539983971
0.4229080142
0.021634932349999997
0.530464641
0.5977653631
0.09216589861999999
0.37941176470000004
0.39472030760000004
0.6434446393000001
0.486535136
0.13838664809999998
0.5420167345
0.08462575859999999
0.44662268060000004
0.0063717314199999995
0.02029769959
0.012961335679999998
0.4588178032
0.0004889975600000001
0.23575501710000002
0.03424657534
0.5715341921
0.3252704058
0.01534561323
0.4530751623
0.04591403543
0.3425759743
0.3131500089
0.4727180157
0.38897893029999997
0.46478669949999996
0.054514126899999994
0.02966806688
0.43933566339999996
0.44391320759999997
0.0024154589400000002
0.4648127231
0.2537319961
0.0268082954
0.5
0.008658008659999999
0.4223213883
0.481195757
0.3637992832
0.022962249410000003
0.5778824216
0.3563872654
0.46928025560000003
0.07030957104999999
0.02098408104
0.047369708829999996
0.5660194175000001
0.00787638288
0.4961249817
0.4050367261
0.41785714290000003
0.0
0.4064782191
0.19119440869999998
0.4037735849
0.5164960182
0.10413701310000001
0.4450958229
0.19766423970000002
0.5565225633
0.483005272
0.14128162319999998
0.0019047619
0.03629764065
0.3339639537
0.3216044984
0.2993464052
0.0848873792
0.1702103518
0.4570575739
0.027600538889999998
0.4716983812
0.4781998342
0.047703180209999994
0.4471290852
0.3988912677
0.2609308001
0.2275510204
0.03000917526
0.5142354504
0.2269341635
0.0009784935699999999
0.0
0.5346790889999999
0.08782983489
0.1526717557
-0.00542491
0.42057761730000004
0.5706585488
0.3771043771
0.4079717631
0.5461479786000001
0.1370056497
0.3881064163
0.0251486054
0.5903840988
0.4754082039
0.01452081317
0.4984631148
0.01617901086
0.4155579264
0.572260139
0.4712211537
0.47210782190000006
0.3912095654
0.49266199810000005
0.3365804579
0.10041424510000001
0.014238342900000001
0.5008291169
0.3005836576
0.01084128361
0.5443078513999999
0.494135094
0.03083700441
0.3032448837
0.4887903917
0.4781738341
0.47923215560000004
0.5025377588
0.45417074069999996
0.47425530899999996
0.45283992310000004
0.011942160479999998
0.45883534140000004
-0.00797990112
0.464336779
0.3672534346
0.3247106875
0.007351727
0.01099420735
0.0071210579900000005
0.4577926035
0.01941475995
0.12764586960000002
0.3098196393
0.228978979
0.3709198813
0.4360329444
0.07102803738
0.3887592377
0.5352142299
0.5019252694
0.00879043601
0.00705467372
0.056969696970000004
0.5045535193
0.3992869875
0.5364947802
0.4206328182
0.3792248498
0.5079265491
0.4753523044
0.5250790646
0.3081283245
0.417562724
0.4275870206
0.00152354271
0.0007288629700000001
0.3522447499
0.00469043152
0.029187817260000002
0.5542051983
0.4264500081
0.1205148827
0.02431955356
0.2437137331
0.01306532663
0.5369458128
0.01040876164
0.01383526384
0.4740948728
0.4186046512
0.01188455008
0.26544735540000003
0.4567540724
0.3452655889
0.5332390382
0.4726657866
0.07041939425
0.023697564610000003
0.471147986
0.4193670288
0.5113774888
0.5031374557
0.216080402
0.43617106759999996
0.4333204019
0.5234622022
0.4821422993
0.00374208194
0.44871794870000004
0.6091215946999999
0.0
0.4841628959
0.41697449839999995
0.1181651376
0.3773221291
0.02512592201
-0.00131406045
0.26038314419999997
0.4413843025
0.42677448339999996
0.6596610169
0.5871787787
0.5051403490999999
0.0
0.17703703699999998
0.40366164740000005
0.0
0.5766961652
0.00249045202
0.3957863055
0.3680154143
0.4642407816
0.09812409812
0.5572260721
0.00720575836
0.5358851674999999
0.5250377596
0.021739130430000003
0.44537883489999996
0.01049214146
0.02988979927
0.4203885811
0.459483834
0.00204129679
0.2465867592
0.4223834532
0.01737619461
0.5277149321
0.08394160584
0.38303432979999996
0.00679717633
0.4122169222
0.00475311705
0.4942028986
0.0
0.00581949
0.42555974640000005
0.18312533169999998
0.2413419913
0.0017694017000000001
0.4751434837
0.5525606469000001
0.01516120725
0.5169406996
0.5545767113
0.5149700599
0.5554178794
0.03101503759
0.5197313182
0.5559604474000001
0.005765458970000001
0.36833046469999997
0.3308716973
0.35976214069999995
0.502204676
0.5320139696999999
0.5362237558
0.48628167070000006
0.5561357702
0.5292468886999999
0.4209976831
0.1671192814
0.5139270785
0.2826800503
0.5093228656000001
0.4802727563
0.07939584669000001
0.4077212806
0.00213675214
0.3290598291
0.42299503520000004
0.3568830232
0.3900226757
0.11514563109999999
0.212881632
0.37516512550000003
0.4302293786
0.4303636743
0.02727037958
0.1486145932
0.5624706414
0.5478178331
0.5091486687
0.5575757576
0.4685382381
0.4839357488
0.3525270528
0.2525687427
0.2743249036
0.5001832497
0.23688747729999998
0.01523747771
0.34921485160000004
0.3539232053
0.3923220974
0.01038307438
0.03370723671
0.3459426858
0.021316381
-0.00893022309
0.0
0.4467394646
0.42276218839999996
0.46919431279999996
-0.00456442175
0.3003924867
0.27876505149999997
0.39211123039999995
0.03816174586
0.4293747941
0.0008135041699999999
0.010869565219999999
0.49369771419999997
0.5275193798
0.00464321175
0.4178233959
0.46732696490000003
0.23275862069999997
0.42255639100000003
0.43007897030000003
0.0023764258599999998
0.0038240917800000003
0.014836795250000001
0.1097754293
0.0537383696
0.0
0.36324041809999996
0.00433862616
0.425862069
0.5218316185999999
0.3599213818
0.4556438377
0.3975638382
0.45772955359999995
0.5073684211
0.153299896
0.00480829016
0.43814885150000005
0.00071820147
0.4388714734
-0.00017187615
0.4226568992
0.1438705465
0.5330564667000001
0.4275092937
-0.00046599598
0.00294193995
-0.0002405601
0.4263523392
0.4839057314
0.46422628949999994
0.5115987835
0.47681212180000004
0.030332681020000002
0.04223534659
0.02597402597
0.1721333942
0.2476039952
0.4145420208
0.4488655774
0.00954779444
0.4962779156
0.38235294119999996
0.37102922489999995
0.06972111553999999
0.41210374639999997
0.4357606606
0.00994900453
0.41319444439999997
0.2226562318
0.1393038251
0.5923623446
0.5373883929000001
0.4340256498
0.45191794450000006
0.04754981797
0.4431554524
0.5371380336
0.5737184824
0.045544554460000004
0.2777777778
0.4120513381
0.4311399444
0.48420693559999994
0.355492529
0.4961685824
0.429883544
0.01590457256
0.3163069613
0.49374538710000004
0.5682995495000001
0.1745417571
0.1481942715
0.6038274269
0.00402151639
0.4813107345
0.5121633959999999
0.06679609462
0.4825013193
0.01138486369
0.4300168634
0.5173301002
0.01957101903
0.2847501899
0.03102544702
0.44866381959999996
0.02628597945
0.46636970079999995
0.3648960739
0.01565984897
0.41931540339999995
0.028397133550000002
0.3127125382
0.5480546812
0.1166894108
0.027118879040000002
0.033810720929999996
0.0690316857
0.4983242945
-0.00079645011
0.4880374852
0.02426160338
0.04285714286
0.48799856839999994
0.5546504555
0.5555265902
0.01742797693
0.4109684612
0.06874879232
0.04504969126
0.5034072421
0.2760223048
0.3357918885
0.48940055889999995
0.020797227039999998
0.45105924020000004
0.3179216241
0.044974982670000004
0.00091239127
0.3956807275
0.3601646091
0.06007302487
0.4663226639
0.07365182708
0.467219917
0.3100303951
0.00112047492
-0.00258397933
0.5043437079
0.48091337510000004
0.2751900955
0.4737277917
0.10621761660000001
0.00684882744
0.04657534247
0.2109473757
0.06390328152000001
0.00288352421
0.5330520394
0.4976275208
0.4530936975
0.028939961809999998
0.4177858005
0.35088099429999997
0.5454264333
0.492481203
0.32748538009999995
0.4492629674
0.5401851852
0.01219508966
0.5083713851
0.07361279282
0.01066350711
0.5419027762999999
0.3493506494
0.3228837198
0.5168621701
0.5800927266
0.5067264574
0.4548564854
0.016955657040000002
0.5375843202
0.00068841342
0.4001911733
0.1891304348
0.45382395379999996
0.04250996267
0.3190460268
0.4968971697
0.4412532637
0.45150687840000003
0.1627953519
0.3999844374
0.006779661019999999
0.5604938272
0.07781380268999999
0.5787815126
0.30866141729999996
0.4791424877
0.4789026114
0.38992250669999995
0.3248657127
0.00179684454
0.00127038128
0.009523809519999999
0.1296436836
0.08167202572000001
0.0122324159
0.1192842942
-0.00044647557
0.5531177829
0.5683962264
0.5033887043
0.488340192
0.5332302937
0.4970326409
0.5132105257
0.3950177936
0.297752809
0.2784604463
0.00630252276
0.5266084194
0.4812014283
0.4397537379
0.4925137527
0.5132850242
0.2048178377
0.14584663779999998
0.576427256
0.020596752509999997
0.3914141414
0.02587519026
0.008050089449999999
0.02243727134
0.00446428571
0.4974835023
0.4644808743
0.4948789762
0.4099554035
0.45180706549999994
0.4268867925
0.00620973588
0.01207381716
0.0018038299699999999
0.5490566038
0.06210691824
0.040276920890000005
0.03412948429
0.05147247637999999
0.1016884985
0.497756877
0.3636767391
0.561290239
0.4547952088
0.42975446959999997
0.5631437844
0.01625239006
0.011168831169999999
0.4702629509
0.3867069486
0.5323590814
0.463351167
0.019059601580000002
0.46570808290000004
0.4684499314
0.5234846853
0.2615098314
0.431735402
0.00383399209
0.3327922078
0.4908475242
0.40299277609999995
0.3872113255
0.00149816796
0.01014248823
0.3731351528
0.5826911028
0.01341719078
0.37063695539999997
0.458713174
0.5903758762
0.2252930535
0.4771294244
0.01090112298
0.00592345498
0.3213275093
0.4077216206
0.37699213200000004
0.41601110599999996
0.5471370528
0.4488348531
0.0
0.01724324386
0.044538209100000004
0.42018132710000006
0.4578853047
0.4454149127
0.3948850969
0.01367365542
0.3521126761
0.3282473715
0.02095772361
0.5466266626
0.3376196763
0.020404798249999998
0.1427175926
-0.007397271989999999
0.0171487717
0.00374120294
0.00449456034
0.26411657559999996
0.4138321995
0.1183399719
0.5082485082
0.43608466069999996
0.09686098655
0.5130927291999999
0.1027027027
-0.0015797788300000002
0.4393459087
0.2502367949
0.2505876769
0.3687423687
0.01175318785
0.010825764659999999
0.5509518452
0.47154471540000004
0.4576592536
0.204010843
0.49781186320000004
0.3069505826
0.40397617539999997
0.4117262756
0.01906213114
0.1308992347
0.01197843054
0.40083054590000006
0.5161680361
0.4972596693
0.4325531915
0.2427360775
0.43389136139999995
0.1898177247
0.5032684636
0.00494974109
0.3571216373
0.4729869297
0.5383275261
0.1112255407
0.4705505209
0.0
-0.00035221007
0.1486740002
0.4642857143
0.266874353
0.4640227375
0.03180172654
0.5027335724
0.01200760262
0.3972868217
0.0871743487
0.35229172849999996
0.06411304369
0.0017119625299999999
0.5034531874
0.1921641791
0.3690830813
0.4212132254
0.44744883110000006
0.4771885889
0.225549853
0.4234452055
0.00210748156
0.6294384449
0.031936284110000004
0.4227466888
0.4044623801
0.02819307988
0.185546875
0.485777442
0.357095957
0.5760328227
0.3643617021
0.5047329556
0.14902499889999998
0.3707307229
0.4720288575
0.00448121787
0.365
0.05216607761
0.2993318848
0.0120695309
0.028135990620000002
0.01621223287
0.4899908731
0.21760353699999999
0.5458403318
0.5276916261
-0.00216249409
0.420928137
0.2721109189
0.43713733079999995
0.3142173257
0.33694605510000003
0.1086448598
0.3203950834
0.4150107491
0.4708290246
0.2523957244
0.3058491896
0.18020238200000002
0.3835048862
0.02312431144
0.24807563349999998
0.01739817723
0.4066809791
0.4659949622
0.49238578680000006
0.00026151014
0.49480968859999996
-0.0039767777599999995
0.019697964539999998
0.3652802893
0.00960219479
0.05208247478
0.5731673793000001
0.37343656940000003
0.37527912409999997
0.015544041449999999
0.02816128788
0.5070965466
0.0269121813
0.3626434827
0.3768786127
0.22049131219999998
0.6088362922
0.01798063624
0.0073189447699999995
0.45249656520000003
0.4683501494
0.0324923657
0.115101397
0.5616016427
0.00281888654
0.3809754993
0.5526682135000001
0.5553711272999999
0.4822463498
0.1494334278
0.03076923077
0.00125628141
0.4481387551
0.4066819087
0.3715455476
0.4580802424
0.4712543554
-0.00047058824
0.3169646993
-0.00209506529
0.09124709831000001
0.4611295681
0.1345218801
0.4812992126
0.47924713750000003
0.2846975089
0.3986013986
0.4380692404
0.4086185448
0.44597418040000003
0.015682859270000002
0.38494623660000005
0.21839080460000002
0.01006795872
0.4884507042
0.4192231569
0.4498979381
0.4588491475
0.08460989776
0.00429799427
0.00697768199
0.49550132210000003
0.2469287254
0.38632162659999997
0.4074074074
0.4852448589
0.4938313342
0.4684937143
0.5166541436
0.4390555948
0.01429808743
0.058858471440000004
0.44653633
0.4328835053
0.0039927404700000006
0.45503583470000003
0.4901625909
0.6191284404
0.018894133179999998
0.47773279350000003
0.4825771421
0.2797585626
0.4245069455
0.4688919968
0.06549183958
0.0060453400499999995
0.2835164835
0.06624506344
0.05226720178
0.3177842566
0.01344086022
0.4318811951
0.00210526316
0.4156171285
0.0095851787
0.3107518797
0.403050996
0.01955000231
0.140627478
0.010461061599999998
0.5233160621999999
0.4842334731
0.6247975583
0.4442508711
0.00115874855
0.451000933
0.3973748339
0.0920008462
0.013812154699999999
0.4078549849
0.0066504502
0.4281690141
0.00159234544
0.2698276094
0.4659926471
-0.00307687842
0.0393258427
0.011510327019999999
0.49830508469999996
0.013228418669999999
0.40678482940000005
0.4079078636
0.00086234376
0.02227268181
0.40869163389999996
0.3983935871
0.254603912
0.01348314607
0.4910179641
0.5288461538
0.5188949536999999
0.05944055944
0.3577991687
0.3819779357
0.4104768122
0.433631217
0.4128463296
0.3555194805
0.2674418605
0.4926178308
0.4546899841
0.3818699966
0.5130434783
0.00353937161
-0.0006625397800000001
0.4784482759
0.0020855057399999997
0.4165872259
0.48847583640000003
0.0017439705899999999
0.4796747967
0.03412322275
0.1146312397
0.01181078532
0.42597310219999995
0.036834685459999995
0.2634525403
0.46056782329999996
0.5382685069
0.4488246802
0.145112782
0.24866071430000003
0.00634584876
0.01109652786
0.5218179275
0.43392342130000006
-0.0032625223599999998
0.0065476441100000005
0.01788521535
0.4955968653
0.05346505959
0.053990610329999994
0.3528530534
0.03370786517
0.3743119266
0.4910921766
0.00913354298
0.4310148578
0.02314568139
0.4979238949
0.36917562719999997
0.1935483871
0.2628951747
0.022844890000000003
0.4541110511
0.5008863514
0.06324111957
0.23341921540000002
0.00122324159
0.5329534403
0.0523432745
0.40481509359999995
0.41950191080000004
0.4065398176
0.0377580646
0.4499122031
0.09041936398
0.4076539101
0.4247585688
0.5483193277
0.5237315876
0.3276244726
0.45057970869999997
0.39298245610000004
0.09162240786
0.08371096858999999
0.4264212704
0.03463734828
0.0016000851999999999
0.01251956182
0.02032613968
0.33571192009999995
0.45240006979999997
0.34044160339999996
0.4034782609
0.5461111335
0.4331210191
0.018849841540000002
0.5485564304
0.5660191716
0.4612272702
0.2158882147
0.2003490089
0.45855804999999994
0.43664118080000003
0.09733161596
0.0577854967
0.5282685511999999
0.5119760479
0.4580310881
0.1700518101
0.5262888018999999
0.0318762746
0.3744075829
0.010583854109999999
0.36660122780000004
0.005192108
0.00373569663
0.19321361939999998
0.08329605473999999
0.41653919019999996
0.45804913290000004
0.009000000000000001
0.17863619790000002
0.03687910438
0.27658305110000003
0.00719129709
-0.00138871473
0.5213823506
0.2048956528
0.454185271
0.06553241069
0.3649602824
0.09438021479
0.41511033750000004
0.5225334957
0.47416137810000003
0.3233038151
0.01587790893
0.5593869732000001
0.011733406390000001
0.21272803440000002
-0.00022557647
0.2517497869
0.40585774059999996
0.00354123103
0.03160511364
0.2748061589
0.0991627907
0.0378188468
0.5327485983
0.5514254075
0.49123581260000004
0.5154320988
0.4130268199
0.4101265823
0.3282629713
0.2606924644
0.45014245010000004
0.1301534091
0.028921023360000003
0.5153372999
0.4981438196
0.5157728707
0.35
0.42683801629999996
0.060292457390000005
-0.0010251820600000001
0.02684157947
0.6066411239
0.5390835580000001
0.2618782945
0.5293532338
0.05018802637
0.5285382708
0.4765784114
0.00343309968
0.1477475912
0.0
0.2368837654
0.006156405029999999
0.5057872918
0.0121108742
0.01600144014
-0.00535844867
0.5441419410999999
0.29443705179999996
0.03890362511
0.4517125032
0.5023479216
0.2262417061
0.04877668693000001
0.3887240356
0.022921857870000003
0.07070893815
0.0118303092
0.3030728458
0.4218499927
0.5486877242
0.2690794245
0.0259916736
0.4898843931
0.4374433913
0.5210858303
0.4246841594
0.04131599082
0.3848868887
0.5155412647
0.4340543868
0.5238558126
0.5212285626
0.5240549828000001
0.2094058144
0.3068181818
0.3001855643
0.4403323263
0.5000463177000001
0.41862344370000004
0.5326806936
0.03971103787
0.32926829269999996
0.446728972
0.47875177809999997
0.006732276200000001
0.008060849450000001
0.00606060606
0.05713873232
0.00143031916
0.00644945625
0.0048049930099999996
0.04120904691
0.3461321287
0.4945909657
0.2157803496
0.20577617329999998
0.4174649111
0.01723788507
0.4719782697
0.41885148510000003
0.09576009999
0.5880503145
0.484375
0.4211572374
0.00323575234
0.20495003050000002
0.5440970595
0.3240547748
0.00822068061
0.3944487425
0.4768639012
0.4015345269
0.5341263209
0.5456774985
0.3833151581
0.00212037849
0.4670125285
0.34731184919999997
0.4370025639
0.45984799639999996
0.1512537289
0.33333333330000003
0.2824786325
0.46740660759999997
0.3067942584
0.3585664204
0.01875814195
0.4186046512
0.5201400712
0.5333333333
0.00267342667
0.5186500888
0.4896086659
0.5028735632
0.4240100566
0.00194931774
0.5455834982
0.0030228013
0.3530171326
0.4386104218
0.1717328255
0.2412451362
0.3623082542
0.4377961363
0.00715137068
0.02218933771
0.5437042519999999
0.4334144531
0.46507592189999997
0.4342762063
0.558968059
0.01088169643
0.44225718
0.5088753684999999
0.4344262295
0.17335766419999998
0.00198967202
0.5508880597
0.014998957680000001
0.5305554315
0.28885630500000004
0.3391136802
0.11840796020000001
0.03832335329
0.37137212140000003
0.42910945030000003
0.5401631068
0.462046352
0.39459207
0.02138492872
0.518018018
-0.009185280220000001
0.37269021739999997
0.4125164908
0.4991134752
0.5151057402
0.06274007681999999
-0.00163551938
0.1275180363
0.3687447257
0.06349206349
0.4966146962
0.5296662951
0.4906666667
0.46652719670000004
0.5107733626000001
0.04509432327
0.4656357388
0.4771356243
0.6480225137
0.4943977591
0.5152603232
0.08257858284
0.5017195337
0.00331439394
0.5297447845
0.4587458746
0.5597345133
0.40453148650000004
0.3353735235
-0.0029112726
0.4542936288
0.4814814815
0.48994920729999997
0.06506311883999999
0.4699758439
0.4715754143
0.42190962519999997
0.48851832539999995
0.547818013
0.02119799256
0.43636791340000003
0.3374593391
0.02590673575
0.5257352941
0.42419698009999995
0.0055005500600000005
0.020942408380000003
0.3945720251
0.490711232
0.03445229682
0.3654173765
0.1810985719
0.00605017792
0.4047815334
0.4903943377
0.00712418003
0.5031568139
0.4875
0.5028218207999999
0.3205787186
0.01497230007
0.3307151966
0.2933299621
0.4425256383
0.36398616250000004
0.3195265158
0.20189008730000002
0.4541666667
0.0302436623
0.1671542302
0.5904990489
0.4271110854
0.02678776691
0.010326086960000001
0.3898305085
0.6215943839
0.03626892717
0.01420959147
0.53438707
0.01950931671
0.3141993958
0.49754500819999997
0.06818181818
0.4251992145
0.2774796697
0.4491792497
0.5093795094
0.36085790879999996
0.4511943108
0.5704649828
0.4652947544
0.00346320346
0.4814459475
0.22067763280000002
0.3676988253
0.39693021430000003
0.3459675989
0.4455040872
0.5284304511
0.2641465138
0.0464392804
0.524520568
0.04015997191
0.4736820299
0.00209944186
0.4908886804
0.46382275129999995
0.4048696151
0.45682058859999997
0.3860519211
0.0095675392
0.05193854537
0.00366231189
0.02145898899
0.3463414634
0.042938632229999996
0.5513434447000001
0.49121811919999997
0.5687639132000001
0.00819938951
0.00145434589
0.39287028139999997
0.013009992409999999
0.5335440815
0.33922261480000004
0.0024434064
0.2108843537
0.39990590449999996
0.4160756501
0.5145991139
0.07245939369
0.03142183818
0.4667259162
0.5128205128
0.0105557995
0.01618122977
0.41844550589999996
0.5320290107000001
0.3673595754
0.0160623496
0.3312101911
0.03319053448
0.0487804878
0.36856579289999997
0.4398164525
0.1034482759
0.3930207197
0.02241849267
0.16302521009999998
-0.0006703201400000001
0.5147370097
0.5081563725
0.47641675990000004
-0.00059808612
0.01212548814
0.490806998
0.45423143349999995
0.03630393948
0.38993322480000003
0.35161646859999995
0.4903474903
0.4162383324
0.5183830623
0.4561403509
0.2833480369
0.49656357389999994
0.3124293785
0.5534696761
0.05929363907
0.00237717908
0.06839378238
0.058587933249999995
0.5940721649
0.4315789474
0.3296533841
0.2219229438
0.1975446429
0.4122567807
0.3631253245
0.48715979410000004
0.4649487677
0.0049727806699999995
0.3757485021
0.5404977282
0.5798333929999999
0.43103201910000005
0.4815627752
0.5030624748
0.1033391136
0.45680247970000004
0.09268441663
0.08833562426000001
0.4603174603
0.4493040139
0.00385235732
0.2124433325
0.5139812574
0.04937886816
0.4133297099
0.5897435897
0.0025070714999999998
0.02825888788
0.3888426311
0.5726413226
0.5293134661
0.051430415070000006
0.05631770918
0.3962446699
-0.00378787879
0.1506675143
0.5220417633000001
0.45213574199999995
0.4880910612
0.3955447514
-0.0051173046300000006
0.2974735126
0.311699422
0.5167200806000001
0.11479591839999999
0.065152291
0.2167630058
0.5413043478
0.2537643933
0.5113928134
0.47265221879999997
0.010002678490000002
0.236691206
0.1041484391
0.49914740430000004
0.4717960707
0.10842564619999999
0.4585256073
0.5201729106999999
0.443254818
0.36773923760000005
0.4231920391
0.00967508105
0.4581658029
0.3435775842
0.02642702694
0.4981132075
0.06116276494
0.5320754717
0.40758813959999995
-0.00163919205
0.01193139448
0.2063291139
0.4658778
0.4804623005
0.449134956
0.03962703963
0.4438409647
0.5098048112
0.4326887861
0.0
0.40947546529999995
0.19897143109999998
0.4294720252
0.35321751
0.424097991
0.03801478353
0.4688488689
0.2334515366
0.4457906502
0.013827831370000002
-0.0027016129
0.4244633264
0.00241999567
0.5555020254
0.00798934754
0.04265529192
0.3720664021
0.0
0.21874288249999999
0.4923122531
0.3875371483
0.0034909066100000004
0.41361337519999997
0.00970873786
0.4515050167
0.5218476904
0.4207911201
0.1986714976
0.5632446656
0.5106382979
0.48860631419999995
0.3033247025
0.16424850970000002
0.5294762889
0.5194446652
0.01223491028
0.0777053455
0.4327706058
0.4345832061
0.00304878049
0.4829122132
0.46900269539999995
0.4053672316
0.4789372313
0.00536881955
0.00108527037
0.44412808189999997
0.2702479339
0.4222351672
0.38164451
0.46671677500000003
0.00165700083
0.07536649352000001
0.3690515836
0.4051096661
0.3912846119
0.009635974299999999
0.4135770881
0.3126843658
0.3878329624
0.3804878049
0.45412844040000006
0.22413793099999998
0.029453015429999996
0.4829931973
0.5133885729
0.2148750226
0.4518518519
0.39330543929999995
0.18606811969999998
0.08969867376
0.4000778109
0.01182321974
0.4183194771
0.00178890877
0.461674823
0.33333333330000003
0.008928571429999999
0.02939782647
0.00559505525
0.00565747562
0.0020132450299999998
-0.0010929946000000001
0.5022459086
0.32010846299999995
0.1378021582
0.5165876777
0.2307692308
0.4462151394
0.023342881910000002
0.01198600175
0.1543829443
0.49898989899999996
0.3623804463
0.00941465411
0.0042052589699999995
0.36121673
0.5083713851
0.3733017436
0.03021621171
0.06041666667
0.41610738259999996
0.4568616608
0.04369918328
0.45504504500000004
0.652173913
0.17327331399999998
0.2743612151
0.05861058172
-0.0062305296
0.1307506053
0.4811715481
0.443148688
0.4805368361
-0.00406145675
0.22511867630000001
0.06228042749
0.2215106574
0.00329844502
0.06056527591
0.4049074137
0.6003845581
0.00223849848
0.5040128411
0.08795536593
0.3825396825
0.4731090577
0.45728643220000004
0.1217059325
0.01636724724
0.248250679
0.5366614665
0.00571984909
0.5614046673
0.1007838746
0.02064961034
0.5022146304
0.0407472818
0.5474809547
0.41779125229999997
0.218913795
0.01831501832
0.1236978706
0.4750808501
0.10982181840000001
0.00713454271
0.4776101403
0.5615384615
0.5803416017
0.02835293223
0.3867521368
0.031031075650000003
0.3293276395
0.4162162162
0.18421052629999998
0.00340311979
0.33641850349999997
0.04137860929000001
0.42321531739999996
0.3440860215
0.45015756770000004
0.33855566000000004
0.4584198424
0.4537444934
0.5273023627
0.3776223776
0.5826841492
0.3287119274
0.4650639762
0.2293873395
0.399087678
0.4567647456
0.01095899913
0.40235774139999997
0.41582009870000003
0.006028076570000001
0.6251795911
0.5702001985999999
0.5748792271
-0.0004070675
0.3211162255
0.01445701469
0.46901044480000004
0.010207611370000001
0.5143921095
0.5457884279999999
0.3053720303
0.5459688826
0.5746771329
0.3519553073
0.4022580092
0.01169590643
0.40997447610000004
0.49092658980000003
0.1718526617
0.2427593744
0.48539944900000004
0.41115702480000005
0.20978734729999998
0.4439083233
0.5248059944
0.5719633644000001
0.3175247657
0.4254693661
0.2990375874
0.4358962256
0.591983556
0.00718181347
0.5231160794
0.4168125305
0.10791366910000001
0.3941997852
0.318537859
0.04765395894
0.028423772610000002
0.0009009008999999999
0.37328749279999995
0.343003413
-0.033641867730000004
0.5234978202
0.04289544236
0.3884057971
0.00966542751
0.3112287721
0.6504065041
0.5186059105999999
0.1587933035
0.23288627120000002
0.4819237172
0.11607720869999999
0.4175901513
0.44907856449999994
0.1184661801
0.47174254320000003
0.30948905109999997
0.5369261477
0.11403478010000001
0.5079872204
0.0047807477999999995
0.4427916166
0.468013468
0.4314381271
0.2805824583
0.4203320631
0.1278960449
0.4363283775
0.2655270019
0.4885386819
0.45162065679999996
0.3261250731
0.4774535809
0.06242905789
0.5083705193
0.01159849351
0.07327522412000001
0.01915991157
0.04444444444
0.4740292477
0.390223346
0.041539978240000004
0.4669117647
0.00985221675
0.019217574969999998
0.5104620626999999
0.04934433862
0.04228615563
0.1647823873
0.3856976803
0.0658115434
0.08079143525999999
0.5419664269
0.4130434783
0.27304347830000003
0.4091710758
0.46053465520000003
0.2892809879
0.4653847245
0.01654368932
0.05970763055
0.39335180059999997
0.47826086959999997
0.4293831169
0.23350253810000002
0.5105691057
0.08712810436
0.2090265798
0.1823886695
0.00269439421
0.450161673
0.07273497478
0.01091008396
0.01011194205
0.5986754967
0.1255631505
0.23745219680000001
0.4971363116
0.45485190699999994
0.3060465116
0.34030197440000004
0.5760000000000001
0.3434782609
0.0
0.00712250712
0.1129785247
0.4931754621
0.531771105
0.33187999220000003
0.2674583121
0.2733486188
0.44875162879999997
0.5072963349999999
0.4338086557
0.0
0.07933409214
0.4368928084
0.3195269671
0.2829268293
0.2714157196
0.0017183557399999998
0.09585419412
0.2381721928
0.2481800132
0.3474226804
0.025352112679999997
0.4238611177
0.5566256943
0.00763314868
0.5123486826
0.39322033900000003
0.1167023555
0.013232514179999998
0.24647887319999998
0.00431499461
0.4202056346
0.009182424409999999
0.057196264450000006
0.4796137339
0.3500537406
0.3403976784
0.08205594682999999
0.00792951542
0.5134730539
0.00320876545
0.4865716919
0.0013159127
0.1532567578
0.5942000897999999
0.5262775554
0.00677674836
0.04716564804
0.00278936205
0.2073435062
0.00160409953
0.143799955
0.3629612857
0.3595827049
0.4530608311
0.1764315628
0.6141045959
0.4296153264
0.00056828187
0.4012555934
0.2995099847
0.4890775818
0.00933488915
0.053740595610000004
0.5554151983
0.4541862122
0.4396967944
0.4548960769
0.02771362587
0.5238346580000001
0.5764482431
0.02447163515
0.47893596530000004
0.2039918976
0.4516971279
0.00936642244
0.0
0.3307174888
0.04166723234
0.0026476714400000003
0.5605201653999999
0.2977724741
0.4758842444
0.4053571429
0.00521920668
0.01273227628
0.3757668712
0.1894273128
0.00745773927
0.24749163880000002
0.1743187259
0.00449271944
0.0161046922
0.01066925315
0.4597638465
0.16401474459999998
0.02037896212
0.5879695627
0.4220999153
0.4555555556
0.006717850290000001
0.5405372474
0.5264270294
0.2593748992
0.4604847208
0.3140890132
0.4426180389
0.02684445994
0.0022961147200000003
0.4381155148
0.00089525515
0.00532623169
0.447592068
0.01561004671
0.4693300267
0.06880375293
0.01904318064
0.0035252643900000004
0.05451759589
0.3728997974
0.00945626478
0.4736440616
0.01474547595
0.024380159749999998
0.19677857580000002
-0.00033711419
0.4347826087
0.4544456641
0.3051874139
0.18806740959999999
0.4611138529
0.5512780763
0.5322580645
0.4829068291
0.49056445400000004
0.4206896552
0.425160494
0.06931794895
0.02420051858
0.40817254480000004
0.04314720812
0.5662498387
0.46741963509999995
0.00480109739
0.2679859347
0.045721713309999995
0.1323632574
0.3321931644
0.4634326941
0.3770848935
0.46004803699999997
0.00899031812
0.5103785104
0.4343517754
0.09169884169999999
0.05970149254
0.4513955103
0.1211201176
0.32944376830000005
0.48534201950000005
0.2490859232
0.4487241213
0.01937406855
0.4108756449
0.36822157429999997
0.3787734753
0.043257533290000004
0.00907804378
0.06788968354
0.4223884193
0.3976412682
0.287469241
0.00302473854
0.00941955127
0.5256541775
0.00711025089
0.4178782372
0.00550530128
0.02427264996
0.01615798923
0.2010300239
0.21695595480000002
0.015113350130000001
0.021262002739999997
0.524678004
0.5214785215
0.2654165315
0.4777986241
0.01042292124
0.1537345903
0.05082212257
0.0033102668200000003
0.06337320676
0.056256062079999995
0.43642611680000004
0.01782472928
0.5607300189
0.5714285713999999
0.4220253842
