0.059828925877809525
0.37809184193611145
0.19613975286483765
0.03097381815314293
0.4227581322193146
0.20907172560691833
0.365936279296875
0.8340276479721069
0.4075421094894409
0.2059422731399536
0.44216153025627136
0.39500200748443604
0.209512397646904
0.47552743554115295
0.28215929865837097
0.6767249703407288
0.3970668613910675
0.3883279263973236
0.6262051463127136
0.3292312026023865
0.4533596336841583
0.6647389531135559
0.5216017961502075
0.1656242161989212
0.23970764875411987
0.21579083800315857
0.5823718309402466
0.4802079200744629
0.2620071470737457
0.38214680552482605
0.48525354266166687
0.13306963443756104
0.6000438928604126
0.4797706604003906
0.3309252858161926
0.3820682466030121
0.4263952672481537
0.40243056416511536
0.3565668761730194
0.5543896555900574
0.5827801823616028
0.3933815658092499
0.594007670879364
0.5325508117675781
0.3373870253562927
0.050856608897447586
-0.015182603150606155
0.4180157780647278
0.5116209983825684
0.40785646438598633
0.2057155966758728
0.8206941485404968
0.19286835193634033
0.4988255202770233
0.3123609721660614
0.4766887128353119
0.3533746600151062
0.5847206711769104
0.43170633912086487
0.5164641737937927
0.20523180067539215
0.510205864906311
0.5181332230567932
0.5822514891624451
0.5554037690162659
0.27274179458618164
0.3262721002101898
0.5582625269889832
0.4295087158679962
0.03653603792190552
0.061768244951963425
0.14245764911174774
0.6643157005310059
0.4847473204135895
0.144929900765419
-0.017101317644119263
0.5720013976097107
0.6342037320137024
0.6522981524467468
0.5153899192810059
0.22195005416870117
0.018071545287966728
0.4423578679561615
0.49198052287101746
0.5259189009666443
0.22764208912849426
0.4489189684391022
0.2895643413066864
0.6010153293609619
0.5433299541473389
0.06950369477272034
0.3533377945423126
0.4673096537590027
0.029658202081918716
0.38443347811698914
0.4717009365558624
0.3937486410140991
0.5831511616706848
0.1277531236410141
0.5572463274002075
0.09115061163902283
0.6733306050300598
-0.05890021100640297
0.33684852719306946
0.0813530683517456
0.19309644401073456
0.3905300796031952
0.5111744999885559
0.39217981696128845
0.5698244571685791
0.48024794459342957
0.6568157076835632
0.3510356843471527
0.5658231377601624
0.2661954164505005
0.6369337439537048
0.3812544643878937
0.3829856812953949
0.6612715125083923
0.542770266532898
0.40874308347702026
0.5455278158187866
0.07359449565410614
0.614310622215271
0.43038463592529297
0.23633348941802979
0.04167146608233452
0.4798106849193573
0.1731119155883789
0.030776485800743103
0.6618601083755493
0.5443740487098694
0.13585594296455383
0.4516581594944
0.3885398805141449
0.4297168552875519
0.22155781090259552
0.4373787045478821
0.40370526909828186
0.25460514426231384
0.1778712272644043
0.3414558172225952
0.5173073410987854
0.24062764644622803
0.4134317636489868
0.17424282431602478
0.5712980628013611
0.3755505084991455
0.25347715616226196
0.26174497604370117
0.02352990210056305
0.4735538959503174
0.25548818707466125
0.7070660591125488
0.6450175046920776
0.1865687370300293
0.5369310975074768
0.3477180302143097
0.06579655408859253
0.0016474360600113869
0.20262908935546875
0.5275929570198059
0.5105788111686707
0.2554287314414978
0.2544194459915161
0.6362298130989075
0.7264266610145569
0.3981688618659973
0.47807076573371887
0.29390692710876465
0.5784192681312561
0.3891134560108185
0.4672161340713501
0.41863173246383667
0.5656893849372864
0.4330184757709503
0.6048123240470886
0.36613112688064575
0.6015276908874512
0.6100919842720032
0.28500211238861084
0.0735221803188324
0.6248437762260437
0.5675203204154968
0.5689092874526978
0.17048823833465576
0.6519377827644348
0.19688662886619568
0.2508609890937805
0.4514297544956207
0.5865946412086487
0.09700870513916016
0.04213997349143028
0.44319596886634827
0.3168541491031647
0.46432510018348694
0.3430338203907013
0.44699808955192566
0.3894382417201996
0.40834563970565796
0.20824220776557922
0.10116299986839294
0.5034543871879578
0.38121941685676575
0.4599413275718689
0.17032672464847565
-0.004211362451314926
0.7972038984298706
0.6260208487510681
0.5618156790733337
0.42008867859840393
0.21807938814163208
0.48263266682624817
0.4773012697696686
0.39245471358299255
0.6001711487770081
0.166340172290802
0.27759218215942383
0.4457761347293854
0.7189981341362
0.5796633362770081
0.4680357873439789
0.41360458731651306
-0.0036728624254465103
0.6302695870399475
0.33896222710609436
0.6204963326454163
0.4271753132343292
0.3378092646598816
0.7189621925354004
0.08298340439796448
0.5620352625846863
0.20877178013324738
0.4458080232143402
0.3661923110485077
0.00868253968656063
0.5034928917884827
0.5712066292762756
0.3082585632801056
0.41780397295951843
0.5004287362098694
0.3329284191131592
0.18951532244682312
0.5500555038452148
0.5565036535263062
0.43486884236335754
0.35392287373542786
0.5148886442184448
0.24698129296302795
0.13093337416648865
0.3320962190628052
0.13095474243164062
0.39169254899024963
0.01680590957403183
0.2194264531135559
-0.04926246032118797
0.5268755555152893
0.019164688885211945
0.6156861186027527
0.2614278495311737
0.5154522657394409
0.29033058881759644
0.5430948138237
0.5527141690254211
0.1963871419429779
0.35011354088783264
0.6253504157066345
0.6505988836288452
0.6538174748420715
0.5022742748260498
0.38290634751319885
0.09857499599456787
0.5704148411750793
0.6537283658981323
0.3682458698749542
0.3051705062389374
0.5489240288734436
0.5784019231796265
0.21302533149719238
0.4315008819103241
0.1632615178823471
0.7192406058311462
0.4924788773059845
0.3675113618373871
0.5108328461647034
0.4570850431919098
0.38040128350257874
-0.0031088069081306458
0.48244938254356384
0.27047285437583923
0.5979447364807129
0.443636029958725
0.6097877621650696
0.20070701837539673
0.3890760838985443
0.22959807515144348
0.02482609450817108
0.4483291208744049
0.25166842341423035
0.4637005627155304
0.44420191645622253
7.550418376922607e-05
0.5412285327911377
0.8596026301383972
0.22681328654289246
0.12202227115631104
0.2573685646057129
0.30058416724205017
0.5288035869598389
0.21064352989196777
0.08369918167591095
0.43799009919166565
0.3235466778278351
0.45742085576057434
0.2363644540309906
0.5823609828948975
0.3676724135875702
-0.04877756908535957
0.3104858100414276
0.13850417733192444
0.3870212435722351
0.33691683411598206
0.6670190691947937
0.646144688129425
0.2548564672470093
0.5740458369255066
0.9175934791564941
0.4429396688938141
0.0764722228050232
0.4656536281108856
0.10066445171833038
0.14598411321640015
0.5336542129516602
0.2226056456565857
0.5917462110519409
0.5760071277618408
0.3998701870441437
0.6224074363708496
0.5626905560493469
-0.014957362785935402
0.6250987648963928
0.41906046867370605
0.44335779547691345
0.5286099314689636
0.293264240026474
0.3399919271469116
0.5050666332244873
0.4949835240840912
0.4623905420303345
0.7330361008644104
0.38880208134651184
0.37388086318969727
0.005878519266843796
0.5283365845680237
0.4293893873691559
0.36505183577537537
0.45757463574409485
0.5422796607017517
0.24396908283233643
0.5858038067817688
0.4577435851097107
0.4654425382614136
0.46868762373924255
0.1619967371225357
0.22690165042877197
0.23233407735824585
0.24153664708137512
0.2654636800289154
0.05471460148692131
-0.0009430628269910812
0.5850370526313782
0.5385757088661194
0.23031029105186462
0.15680581331253052
0.5117621421813965
0.5558105111122131
0.5788241028785706
0.30024322867393494
0.6436289548873901
0.46848154067993164
0.2964443564414978
0.6151657104492188
0.570702850818634
0.654292643070221
0.8276834487915039
0.10008113086223602
0.5796561241149902
0.2730421721935272
0.5073024034500122
0.13074305653572083
0.5423445701599121
0.3885396420955658
0.7162207365036011
0.3731940686702728
0.21405425667762756
0.6057999134063721
0.09102633595466614
0.5243690609931946
0.3812841475009918
0.43645140528678894
0.392629474401474
0.44638749957084656
0.050080981105566025
0.7709653973579407
0.12797322869300842
0.6925894618034363
0.5970475673675537
0.5094255805015564
0.4098548889160156
0.4962088167667389
0.3015310764312744
0.5978237986564636
0.4694070518016815
0.195269376039505
0.22689838707447052
0.50776606798172
0.40690985321998596
0.5097315311431885
-0.016241826117038727
0.4190971255302429
0.06693992018699646
0.19640123844146729
0.013669434934854507
0.45402634143829346
0.3903135061264038
0.35474520921707153
0.43277421593666077
0.11627602577209473
0.5802258849143982
0.5975014567375183
0.1709887832403183
0.44165897369384766
0.4991295635700226
0.3404502868652344
0.3522586524486542
0.36044299602508545
0.6394986510276794
0.238072007894516
0.6059087514877319
0.3210717737674713
0.18620999157428741
0.474407821893692
0.421407550573349
0.5365972518920898
0.5044297575950623
0.4515916109085083
0.49843981862068176
0.22657933831214905
0.41133227944374084
0.1414046287536621
0.16294732689857483
0.5180503726005554
0.1611531376838684
0.03888961672782898
0.25331050157546997
0.5344220399856567
0.5857045650482178
0.37192389369010925
0.5017271637916565
0.5539624691009521
0.17132824659347534
0.2979418933391571
0.5433809757232666
0.26434871554374695
0.169257253408432
0.38556721806526184
0.49663010239601135
0.14572980999946594
0.5829864144325256
0.11956082284450531
0.4250146150588989
0.2238147109746933
0.4517301023006439
0.29112741351127625
0.20224307477474213
0.6650810837745667
0.48372867703437805
0.062119510024785995
0.4189557731151581
0.37039345502853394
0.3006412088871002
0.4828657805919647
0.5573903918266296
0.10972866415977478
0.41138193011283875
0.44357940554618835
0.5692012906074524
0.5454891920089722
0.6730272173881531
0.5567395091056824
0.5578352808952332
0.0622732974588871
0.09251327812671661
0.6013410687446594
0.5592861771583557
0.28641530871391296
0.27729788422584534
0.5329678058624268
0.4776996374130249
0.38757678866386414
0.4213508665561676
0.33174028992652893
0.5968098640441895
0.4981174170970917
0.45519503951072693
0.29571640491485596
0.19049212336540222
0.3220449388027191
0.43542835116386414
0.5461122393608093
0.5615910887718201
0.5724233984947205
0.20578542351722717
0.3766566812992096
0.0040721893310546875
0.7045365571975708
0.44379326701164246
0.42879518866539
0.31085512042045593
0.6515244245529175
0.05900781974196434
0.5608737468719482
0.3039742410182953
0.16985918581485748
0.2885339558124542
0.33124005794525146
0.48698103427886963
0.32470473647117615
0.3782905340194702
0.40534067153930664
0.504275381565094
0.6098637580871582
0.6090123057365417
0.18841023743152618
0.2961219847202301
0.4970795810222626
0.4268510043621063
0.03540149703621864
0.0514676459133625
0.532130241394043
0.4372824728488922
0.2720057964324951
0.5634704232215881
0.42822936177253723
0.36679989099502563
0.36936384439468384
0.3441203832626343
0.3184638023376465
0.48083576560020447
0.6873793005943298
0.533329427242279
0.403728187084198
0.4119112491607666
0.2892923057079315
0.3354077637195587
0.6177396178245544
0.4980992376804352
0.5944803357124329
0.1497391313314438
0.36527517437934875
-0.021422704681754112
0.45824411511421204
0.7998412847518921
0.18110880255699158
0.4563375413417816
0.6028723120689392
0.6363113522529602
0.5543761849403381
0.2726967930793762
0.19809943437576294
-0.004516901448369026
0.49388226866722107
0.6027109026908875
0.5430170297622681
0.28769227862358093
-0.005201861262321472
0.4280422031879425
0.49169668555259705
0.5034719705581665
0.5261767506599426
0.40217846632003784
0.3686411678791046
0.5443065762519836
0.5154487490653992
0.05838804319500923
0.6199941039085388
0.43562716245651245
0.2433077096939087
0.4225141108036041
0.26220399141311646
0.5307924151420593
0.053211089223623276
0.45372846722602844
0.38832002878189087
0.5044891238212585
0.37685003876686096
0.4800400137901306
0.32907918095588684
0.24255898594856262
-0.0186694897711277
0.42765524983406067
0.6035704612731934
0.41891369223594666
0.533266007900238
0.3651980459690094
0.5725244879722595
0.5729139447212219
0.023513492196798325
0.05250691995024681
0.04684535413980484
-0.01729792356491089
0.6063094735145569
0.6335077881813049
0.05478883907198906
0.4632185101509094
0.6780733466148376
0.37482723593711853
0.12508997321128845
0.1302264928817749
0.7347092628479004
0.26227372884750366
0.40600821375846863
0.22646428644657135
0.3207714259624481
0.7377345561981201
0.4819304049015045
0.31036242842674255
0.6261010766029358
0.1272066831588745
0.6131499409675598
0.5623589158058167
0.6275822520256042
0.5775774121284485
0.1752842664718628
0.16625097393989563
0.3176439106464386
0.13071098923683167
0.1770276427268982
0.06467321515083313
0.3630833923816681
0.4926551878452301
0.43284907937049866
0.03774496540427208
0.13538187742233276
0.3235730230808258
0.6362496018409729
0.2888503670692444
0.4744391143321991
0.46578270196914673
0.48857638239860535
0.32640910148620605
0.34475019574165344
0.2544519603252411
0.3166772723197937
0.07511655986309052
0.4775899350643158
0.15495336055755615
0.08681152760982513
0.41273823380470276
0.4253171384334564
0.3912939727306366
0.20841306447982788
0.24769994616508484
0.5837898850440979
0.062403690069913864
0.02422485500574112
0.17698590457439423
0.32815003395080566
0.1402658075094223
0.12084195017814636
0.3383159935474396
0.5330892205238342
0.29540035128593445
0.30127444863319397
0.444560170173645
0.4629593789577484
0.08994656801223755
0.07323594391345978
0.03312286362051964
0.1526980996131897
0.41951385140419006
0.3845057785511017
0.49987706542015076
0.21997931599617004
0.19465196132659912
0.2346341758966446
-0.010184625163674355
0.49756094813346863
0.5621197819709778
0.040913935750722885
0.4571135938167572
0.33566391468048096
0.4494512379169464
0.12029586732387543
0.8221332430839539
0.562143862247467
0.2375570684671402
0.8287979960441589
0.302671879529953
0.4251794219017029
0.4680003523826599
0.5804955363273621
0.2803991734981537
0.4373423159122467
0.6106788516044617
0.15419727563858032
0.24883365631103516
0.4606766998767853
0.03658169135451317
0.5458808541297913
0.5738372802734375
0.06635911762714386
0.38838091492652893
0.38199836015701294
0.48041239380836487
0.26036208868026733
0.6206806898117065
0.34618499875068665
0.24711358547210693
0.4224540889263153
0.4055282771587372
0.3437453508377075
0.3486054539680481
0.6326568722724915
0.21487054228782654
0.11403298377990723
0.10904313623905182
0.1265641748905182
0.19159746170043945
0.006209224462509155
0.5924239158630371
0.5131104588508606
0.31246417760849
0.5583978891372681
0.40554213523864746
0.4686778485774994
0.4708435833454132
0.0597078762948513
0.5206530094146729
0.3292558491230011
0.4243030548095703
0.42880144715309143
0.5421597957611084
0.25059351325035095
0.5595613121986389
0.17538636922836304
0.5829489827156067
0.4161381721496582
0.19487044215202332
0.34733256697654724
0.0020287372171878815
0.29014772176742554
0.5322442650794983
0.5387823581695557
0.2987477779388428
0.2085447460412979
0.48310065269470215
0.27885356545448303
0.24630925059318542
0.45724302530288696
0.17725516855716705
0.30233681201934814
0.48122814297676086
0.4753918945789337
0.41820117831230164
0.020858746021986008
0.31088677048683167
0.5417705774307251
0.38032159209251404
0.3707990348339081
0.6255627274513245
0.5445401072502136
0.2552811801433563
0.5124427676200867
0.5018948912620544
0.23233754932880402
0.09434208273887634
0.17251555621623993
0.5595896244049072
0.410923570394516
0.5472363829612732
0.38158443570137024
0.002392102964222431
0.47204071283340454
0.5979418754577637
0.3476100564002991
0.6388053297996521
0.6044567227363586
0.5645936131477356
0.4237019419670105
0.3551449477672577
0.5803354382514954
0.11358349025249481
0.19875824451446533
0.6234869360923767
0.40322646498680115
0.42626339197158813
0.6666170954704285
0.4375952184200287
0.3067089319229126
0.5163388848304749
0.6512397527694702
0.4433008134365082
0.5469027161598206
0.6176199913024902
0.20338329672813416
0.5186801552772522
0.28532806038856506
-0.014958657324314117
0.6869441866874695
0.06317423284053802
0.415396511554718
0.355167031288147
0.3366749584674835
0.6338457465171814
0.297731876373291
0.11461170017719269
0.31656554341316223
0.28736788034439087
0.10901911556720734
0.6772450804710388
0.3864656388759613
0.11917769908905029
0.16329766809940338
0.5775877237319946
0.30132463574409485
0.5272451043128967
0.5475320219993591
0.6541339159011841
0.6596285700798035
0.4742424190044403
0.44064861536026
0.13978272676467896
0.5721558332443237
0.37254855036735535
0.33765751123428345
0.48366910219192505
0.322996586561203
0.5936633944511414
0.4180956780910492
0.6503995060920715
0.5898317694664001
0.4688378870487213
0.2823656499385834
0.020689185708761215
0.17730186879634857
0.3512006103992462
0.5430840849876404
0.47720518708229065
0.031976357102394104
0.1596882939338684
0.18495455384254456
0.5080925822257996
0.2512734830379486
0.3016144335269928
0.522047221660614
0.38634321093559265
0.2661997675895691
0.1959729641675949
0.43178316950798035
0.5536770224571228
0.3362133204936981
0.21660548448562622
0.34258177876472473
0.7722805142402649
0.16684579849243164
0.7576771378517151
0.2507576644420624
0.27440014481544495
0.49553367495536804
0.22485873103141785
0.18200407922267914
0.3654441833496094
0.28620797395706177
0.583547055721283
0.25719600915908813
0.409823477268219
0.4922250211238861
0.324841171503067
0.5205103754997253
0.45773300528526306
0.30962079763412476
0.5223022103309631
0.10301610827445984
0.03591276332736015
0.2538139224052429
0.18141667544841766
0.6019564270973206
0.45422786474227905
0.3858729600906372
0.4795205891132355
0.3729003667831421
0.5138529539108276
0.648705244064331
0.5511646270751953
0.4197714924812317
0.14635464549064636
0.501918613910675
0.6215146780014038
0.2663153111934662
0.13231147825717926
0.18351829051971436
0.5699313282966614
0.3042463958263397
0.4772854745388031
0.39845922589302063
0.5946808457374573
0.008164044469594955
0.527953028678894
0.5960427522659302
0.34804674983024597
0.4478044807910919
0.4697714149951935
0.6645364165306091
0.6002808213233948
0.4063100516796112
0.4768315255641937
0.40116360783576965
0.4091032147407532
0.5423776507377625
0.13630720973014832
0.32179540395736694
0.4680939316749573
0.19092118740081787
0.25892841815948486
0.14477774500846863
0.1820802390575409
0.46891525387763977
0.30801430344581604
0.6281514167785645
0.391854465007782
-0.0071583762764930725
0.18317849934101105
0.4130363464355469
0.1772288680076599
0.3067978322505951
0.5619952082633972
0.17538617551326752
0.5972145199775696
0.6650888323783875
0.5643096566200256
0.019309651106595993
0.35132184624671936
0.4743480980396271
0.17500582337379456
0.44874048233032227
0.10061657428741455
0.5085628628730774
0.6527061462402344
0.3914288282394409
0.38317176699638367
0.22468248009681702
0.4002133905887604
0.40029025077819824
0.08559933304786682
0.35863977670669556
0.5066098570823669
0.3541891276836395
0.3484664559364319
0.727315366268158
0.3107481896877289
0.534275233745575
0.37928178906440735
0.5487139821052551
0.5028403401374817
0.28180646896362305
0.25694242119789124
0.34605705738067627
0.5780540108680725
0.3548322021961212
0.2045566439628601
0.5220593810081482
0.26784029603004456
0.08700767159461975
0.01999613642692566
0.4754045605659485
0.18724152445793152
0.6248170137405396
0.6439442038536072
0.29489409923553467
0.24960815906524658
0.3531033396720886
0.31176793575286865
0.13905155658721924
0.6282010674476624
0.04750513657927513
0.15829673409461975
0.7325710654258728
0.7756372094154358
0.33557307720184326
0.31789538264274597
0.4919602572917938
0.3369109332561493
0.5192843079566956
0.2438289225101471
0.16602620482444763
0.24492818117141724
0.11037278175354004
0.08789502084255219
0.34011125564575195
0.5387700200080872
0.10069490969181061
0.4730446934700012
0.33052247762680054
0.4158231317996979
0.4082270562648773
0.04180081561207771
0.46026384830474854
0.08154287934303284
0.6351780295372009
0.5520034432411194
0.5028168559074402
0.358288437128067
0.4236641526222229
0.1934630572795868
0.5732042193412781
0.7224699258804321
0.19289033114910126
0.5393397212028503
0.5484825968742371
0.5483609437942505
0.5883918404579163
0.29976925253868103
0.5090755224227905
0.21868087351322174
0.5896536111831665
0.20872461795806885
0.47082650661468506
-0.01110778097063303
0.3857588469982147
0.5498967170715332
0.12018661201000214
0.0882466733455658
0.7379670739173889
0.2578672170639038
0.438496470451355
0.3628647029399872
0.49649569392204285
0.27090755105018616
0.5115614533424377
-0.028520097956061363
0.3510303497314453
0.2451634705066681
0.696507453918457
0.7373026013374329
0.5619319081306458
0.258579283952713
0.513929545879364
0.4967949688434601
0.5880226492881775
0.764441192150116
0.5377978682518005
0.5643158555030823
0.0931849479675293
0.3903650939464569
0.08434243500232697
0.01973339356482029
0.5881940126419067
0.4001862704753876
0.5919811129570007
0.565222442150116
0.44287243485450745
0.2786140441894531
0.012811658903956413
0.4050966203212738
0.7807878255844116
0.15177017450332642
0.19670554995536804
0.38145849108695984
0.4358213245868683
0.7482667565345764
0.20242223143577576
0.1836269199848175
0.07715128362178802
0.486299604177475
0.45388785004615784
0.264995813369751
0.3636837601661682
0.43308380246162415
0.3048993945121765
0.3930322229862213
0.1880912035703659
0.4828389286994934
0.5014020800590515
0.2104261815547943
0.4490165412425995
0.531583845615387
0.12055423855781555
0.2736188471317291
0.4714530110359192
0.26373887062072754
0.08110691606998444
0.6095107197761536
0.5824358463287354
0.6683014035224915
0.6598970293998718
0.5535776615142822
0.2296868860721588
0.5060205459594727
0.5405202507972717
0.5129640698432922
0.4339679181575775
0.7353209257125854
0.526786744594574
0.3793298304080963
0.4957684576511383
0.02573385462164879
0.43951401114463806
0.18774664402008057
0.48826488852500916
0.44432103633880615
0.1853756606578827
0.32167112827301025
0.3556624948978424
0.5559870600700378
0.033051472157239914
0.6218733191490173
0.327241450548172
0.3149307072162628
0.5705882906913757
0.25072216987609863
0.4812139570713043
0.5786115527153015
0.35046568512916565
0.624722421169281
0.004427792504429817
0.41656816005706787
0.5183027982711792
0.4890426695346832
0.49452123045921326
0.5426241159439087
0.370579332113266
0.40259960293769836
0.2339884638786316
0.4934128224849701
0.20463325083255768
0.5915647745132446
0.5449295043945312
0.35187381505966187
0.39987388253211975
0.6711361408233643
0.4792664647102356
0.24488940834999084
0.6206679344177246
0.08157266676425934
0.2361469864845276
0.14479385316371918
-0.003995079547166824
0.4674094021320343
0.31384971737861633
0.5991135239601135
0.25750571489334106
0.245973140001297
0.5262913703918457
0.028707217425107956
0.20603381097316742
0.3429361879825592
0.368467777967453
0.5130700469017029
0.49515387415885925
-0.006295483559370041
0.20583473145961761
0.5352533459663391
0.6209213733673096
0.41193217039108276
0.26314032077789307
0.4132455885410309
0.009344758465886116
0.30945059657096863
0.10482639074325562
0.5283904075622559
0.3598933517932892
0.2892400622367859
0.7475970387458801
0.722257673740387
0.6272789835929871
0.6890949010848999
0.38567274808883667
0.03174501284956932
0.2475586235523224
0.19121572375297546
0.634277880191803
0.1709984689950943
0.6010233163833618
0.48010191321372986
0.5566520094871521
0.02532428875565529
0.29722824692726135
0.478972852230072
-0.0375899113714695
0.02669443190097809
0.3841221332550049
0.5707622766494751
0.016223754733800888
0.42053231596946716
0.290626585483551
0.3546430766582489
0.39655259251594543
0.4999524652957916
0.6393381357192993
0.47055232524871826
0.6430467963218689
0.657320499420166
0.7153936624526978
0.37995025515556335
0.5579342246055603
0.35781118273735046
0.33263739943504333
0.5510348677635193
0.552195131778717
0.2789801359176636
0.3588451147079468
0.13096794486045837
0.6921747326850891
0.5200701355934143
0.27376875281333923
0.5321844220161438
0.3728042542934418
0.11433324217796326
0.3657499849796295
0.5528802871704102
0.4226516783237457
0.18328416347503662
0.46516722440719604
0.3611038625240326
0.23909229040145874
0.7492659687995911
0.26563209295272827
0.48977407813072205
0.4855504631996155
0.578443169593811
0.6351453065872192
0.31122949719429016
0.18866659700870514
0.2457103431224823
0.4917282164096832
0.4897385537624359
0.6533602476119995
0.10759182274341583
0.18408744037151337
0.026032302528619766
0.3006291687488556
0.5681568384170532
0.12273387610912323
0.3396550714969635
0.5631766319274902
0.0466565303504467
0.5707374215126038
0.3234972059726715
0.26451972126960754
0.20284338295459747
0.4269396662712097
0.17153270542621613
0.5451828241348267
0.4651857316493988
0.542897641658783
0.33337754011154175
0.10347937047481537
0.3859489858150482
0.5304974913597107
0.1707213819026947
0.036462828516960144
0.7327805757522583
0.6800122857093811
0.1865588128566742
0.4274638891220093
0.1381160467863083
0.1455017626285553
0.028539877384901047
0.35017773509025574
0.5046212077140808
0.6544149518013
0.15102574229240417
0.6301793456077576
0.42338356375694275
0.11980436742305756
0.44670915603637695
0.3237748146057129
0.13373732566833496
0.359517902135849
0.5159137845039368
0.16987808048725128
0.5272305607795715
0.5050128102302551
0.46936270594596863
0.5181218981742859
0.08606632053852081
0.019949913024902344
0.22492393851280212
0.4380354583263397
0.6334826946258545
0.11808307468891144
0.2713668644428253
0.29833635687828064
0.6878086924552917
0.4814130961894989
-0.0248328298330307
0.16992928087711334
0.2815089523792267
0.39292237162590027
0.37215813994407654
0.32398590445518494
0.34095844626426697
0.6421865820884705
0.5834639072418213
0.7021722197532654
0.7156975269317627
0.5555903315544128
0.03705061599612236
0.45805689692497253
0.3812611401081085
0.09583796560764313
0.5397117733955383
0.2894183099269867
0.012485278770327568
0.6210122108459473
0.3285751938819885
0.5473488569259644
0.5814762711524963
0.4972563087940216
0.2461920976638794
0.0723612904548645
0.5768306851387024
0.29567623138427734
0.6604136824607849
0.4518987536430359
0.6965002417564392
0.2958991825580597
0.10647150874137878
0.13845044374465942
0.4742060601711273
0.450527161359787
0.49345144629478455
0.292571097612381
0.5113499164581299
0.04165776073932648
0.5208502411842346
0.26113417744636536
0.025619003921747208
0.004823686555027962
0.7037481665611267
0.45274871587753296
0.470327764749527
0.41662493348121643
0.5860896706581116
0.11045819520950317
0.6231979727745056
0.6091464757919312
0.306466668844223
0.03047969564795494
0.2065127044916153
0.10019873082637787
0.4202602207660675
0.22296421229839325
0.5728021264076233
0.4962453544139862
0.18800178170204163
0.5987991690635681
0.05997120216488838
0.5235093235969543
0.2782925069332123
0.4614241421222687
0.42076852917671204
0.4761117398738861
0.48489171266555786
0.44258469343185425
0.21558862924575806
0.49906203150749207
0.37937405705451965
0.09319035708904266
0.4796392023563385
0.36232197284698486
0.4322565495967865
0.16242249310016632
0.6043222546577454
0.22069287300109863
0.1436188817024231
0.2806681990623474
0.6515942215919495
0.40673717856407166
-0.024644508957862854
0.4363483488559723
0.19502058625221252
0.6425854563713074
0.010818272829055786
0.6468274593353271
0.46262186765670776
0.6987982392311096
0.5124717354774475
0.5344122648239136
0.4697808623313904
0.6859980225563049
0.3033064305782318
0.426423043012619
0.4383387863636017
0.49407240748405457
0.5920739769935608
0.34029626846313477
0.3134670555591583
0.3073669373989105
0.10237827897071838
0.3708818256855011
0.29914218187332153
0.40342238545417786
0.22357921302318573
0.48987677693367004
0.4028746783733368
0.5032069683074951
0.6870228052139282
0.15975981950759888
0.49062278866767883
0.5959309935569763
0.3805887699127197
0.33959129452705383
0.30265575647354126
0.15643195807933807
0.5163143277168274
0.24647626280784607
0.5384336113929749
0.6565954089164734
0.18036317825317383
0.19700655341148376
0.4054734408855438
0.4061264097690582
0.658351480960846
0.2425573766231537
0.6605080962181091
0.4612274467945099
0.3634261190891266
0.17901059985160828
0.3250724971294403
0.5385772585868835
0.46272292733192444
0.5656863451004028
0.6522484421730042
0.19541096687316895
0.782213568687439
0.22657766938209534
0.5459206700325012
0.5071125626564026
0.182195782661438
0.720783531665802
0.4129265248775482
0.1644434928894043
0.7169592380523682
0.2930673658847809
0.25158557295799255
0.6524414420127869
0.263531357049942
0.4645686447620392
0.5392817854881287
0.10864289104938507
0.6017753481864929
0.4717055559158325
0.33822134137153625
0.5778477787971497
0.6061581373214722
0.3850202262401581
0.40484461188316345
0.001982981339097023
0.41006043553352356
0.43881818652153015
0.4699806869029999
0.3636082410812378
0.39012449979782104
0.3074605166912079
0.3760944902896881
0.847585916519165
0.3268836438655853
0.02745838835835457
0.25522103905677795
0.28107959032058716
0.37318548560142517
0.5088638663291931
0.5122670531272888
0.24302825331687927
0.29516127705574036
0.3324412405490875
0.5030390620231628
0.45085200667381287
-0.026035506278276443
0.5329721570014954
0.5277864336967468
0.6331251859664917
-0.0005629360675811768
0.5450695157051086
0.5743926167488098
0.4876079857349396
0.6056792736053467
0.4478754699230194
0.6380981802940369
0.593493640422821
0.6558542847633362
0.5932900309562683
0.46903789043426514
0.4049623906612396
0.6532163619995117
0.21904753148555756
0.5834504961967468
0.5426850914955139
0.5291979908943176
0.4614340662956238
0.2107713222503662
0.4178066551685333
-0.022567518055438995
0.5573204159736633
0.41267964243888855
0.6723436117172241
0.6358718276023865
0.345949649810791
0.2905866801738739
0.17512023448944092
0.37567731738090515
0.37505415081977844
0.6283265948295593
0.5555413961410522
0.41950082778930664
0.4146628677845001
0.28705012798309326
0.5796679854393005
0.3876679837703705
0.4446796774864197
0.3982599079608917
0.01993192732334137
0.2978888750076294
0.20354518294334412
0.5433694124221802
0.23530180752277374
-0.005069945007562637
0.6460489630699158
0.06820102035999298
0.41131481528282166
0.34358206391334534
0.6079958081245422
0.056608106940984726
0.3547498285770416
0.43890681862831116
0.38883551955223083
0.056074727326631546
0.06456904113292694
0.46338069438934326
0.5437007546424866
0.20467790961265564
0.12129798531532288
-0.018941577523946762
0.3287089467048645
0.6428657174110413
0.5663881897926331
0.42854031920433044
0.26293668150901794
0.31412971019744873
0.10198338329792023
0.4680468440055847
0.17291605472564697
0.22051477432250977
0.1262209564447403
0.7271779179573059
0.2376755028963089
0.15204620361328125
0.5499419569969177
0.3585117757320404
0.35793426632881165
0.21894942224025726
0.4364882707595825
0.4663519263267517
0.6279846429824829
0.4324824810028076
-0.001742236316204071
0.32711997628211975
-0.005909111350774765
0.3960372507572174
0.6557527184486389
0.2349078357219696
0.5926017761230469
0.08820748329162598
0.5316383838653564
0.24747052788734436
0.2877766191959381
0.4128495156764984
0.2740336060523987
0.021666057407855988
0.3287851810455322
0.022165421396493912
0.5173221826553345
0.4344892203807831
0.4120040833950043
0.2121138572692871
0.27429696917533875
0.48329779505729675
0.5481696128845215
0.5168249011039734
0.20907673239707947
0.4471975862979889
0.353746235370636
0.4510256052017212
0.3197764456272125
0.5196561217308044
0.09542854130268097
0.37397661805152893
0.1471913754940033
0.22755470871925354
0.1593378186225891
0.544542133808136
0.2426632046699524
0.5900704264640808
0.6770175099372864
0.09155695140361786
0.30266690254211426
0.08726969361305237
0.2795133590698242
0.4789101183414459
0.48142287135124207
0.021230444312095642
0.2674095928668976
0.4409920871257782
0.15162880718708038
0.42421025037765503
0.5331984162330627
0.19879475235939026
0.1405397355556488
0.4552168548107147
0.4453798830509186
0.42382046580314636
0.2144334614276886
0.4479919970035553
0.5141467452049255
0.3560374081134796
0.38743487000465393
0.7079549431800842
0.4296357333660126
0.5870018005371094
0.5674230456352234
0.4878793954849243
0.09440335631370544
0.5058695077896118
0.3127938210964203
0.649730384349823
0.5160121321678162
0.1158306896686554
0.24524977803230286
0.48567214608192444
0.4977528750896454
0.02022787556052208
0.1078139990568161
0.25528618693351746
0.36541932821273804
0.3226452171802521
0.36840930581092834
0.3746836185455322
0.557694137096405
0.5032715201377869
0.4524063467979431
0.5196462869644165
0.5744679570198059
0.7344971299171448
0.517352819442749
0.6725221872329712
0.38320496678352356
0.21511274576187134
0.38572248816490173
0.16850882768630981
0.544019877910614
-0.0010701920837163925
0.4950354993343353
0.5581549406051636
0.4812532365322113
0.2756090462207794
0.592080295085907
0.41136637330055237
0.11651252210140228
0.4912223517894745
0.31142160296440125
0.0464925654232502
0.4051845371723175
0.35824549198150635
0.21149083971977234
0.7763316035270691
0.32068878412246704
0.48911798000335693
0.35272085666656494
0.22330662608146667
0.35321244597435
0.6274683475494385
0.32658717036247253
0.6142125725746155
0.4933346211910248
0.2628817856311798
0.4777776300907135
0.3765110373497009
0.6620582342147827
0.7527226209640503
0.529646635055542
0.5487086176872253
0.6381658911705017
0.011760823428630829
0.2838841378688812
0.4499313533306122
0.005594611167907715
0.303271621465683
0.5702298879623413
0.5365679264068604
0.5042316317558289
0.01599530316889286
0.14131730794906616
0.5862403512001038
0.20424719154834747
0.31003934144973755
0.0767427384853363
0.018891599029302597
0.055208105593919754
0.3444274663925171
0.02546052634716034
0.42032864689826965
0.06127767637372017
0.07164838910102844
0.49433550238609314
0.4747472107410431
0.10473193228244781
0.4578764736652374
0.35310354828834534
0.5230221152305603
0.39735129475593567
0.31654277443885803
0.41369059681892395
0.5124386548995972
0.20910155773162842
0.26530298590660095
0.452963262796402
0.4115059971809387
0.5163418650627136
0.5048240423202515
0.6880231499671936
0.3817439079284668
0.33820468187332153
0.33382555842399597
0.20617012679576874
0.19759871065616608
0.3996867537498474
0.2756797969341278
0.5112720131874084
0.5196689963340759
0.42210856080055237
0.22846153378486633
0.448708176612854
0.12806668877601624
0.3366767466068268
0.531686007976532
0.3146906793117523
0.7137874960899353
0.6216548085212708
0.5648699998855591
0.565774142742157
0.37119778990745544
0.5715357661247253
0.5673308372497559
0.13529251515865326
0.32089102268218994
-0.01396464928984642
0.30919232964515686
0.5184893012046814
0.25827690958976746
0.5158731341362
0.03151475638151169
0.679541289806366
0.5286176800727844
0.47609949111938477
0.340130478143692
0.6104092001914978
0.3174324631690979
0.4228504002094269
0.4611715078353882
0.6563436388969421
0.03781112655997276
0.7165890336036682
0.2990664541721344
-0.0029946230351924896
0.44820287823677063
0.6314548850059509
0.5276806354522705
0.20817257463932037
0.23016119003295898
0.3441340923309326
0.07132801413536072
0.6653000712394714
0.5523014664649963
0.6897487044334412
0.07150393724441528
0.6382039785385132
0.4443317949771881
0.2942019999027252
0.47443142533302307
0.4815089702606201
0.2068130373954773
0.18295912444591522
0.49187180399894714
0.3255399167537689
0.5985902547836304
0.46348240971565247
0.25313541293144226
0.30287739634513855
0.308151513338089
0.28601279854774475
0.7588626146316528
0.08215552568435669
0.5965041518211365
0.36554375290870667
0.6554414629936218
0.1023210883140564
-0.01894979365170002
0.1517813354730606
0.1437462568283081
0.38862499594688416
0.6204712390899658
0.3357713520526886
0.1911400854587555
0.526021420955658
0.6642822623252869
0.43235889077186584
0.48749223351478577
0.4569379985332489
0.4146139621734619
0.3910151720046997
0.22088295221328735
0.17013923823833466
0.022658593952655792
0.4761256277561188
0.22621476650238037
-0.04358198866248131
0.3513873219490051
0.5339818596839905
0.3720923960208893
-0.016129886731505394
0.06610548496246338
0.4276261627674103
0.35809221863746643
0.3629152476787567
0.5504128336906433
0.4195535480976105
0.0307127945125103
0.5223807096481323
0.024192627519369125
0.5352597832679749
0.49795588850975037
0.012731928378343582
0.2070639431476593
0.21923941373825073
0.4024651050567627
0.45210281014442444
0.32308879494667053
0.6880425810813904
0.6655274629592896
0.4663008153438568
0.7771429419517517
0.06439505517482758
0.5290570855140686
0.47628888487815857
0.4669954776763916
0.49040696024894714
0.10075652599334717
0.22396034002304077
0.44711431860923767
0.1964845359325409
0.6903519630432129
0.7381157279014587
0.4586235582828522
0.31302350759506226
0.1099768877029419
0.2510155141353607
0.5526238679885864
0.06814247369766235
-0.0017932672053575516
0.17226524651050568
0.7190812826156616
0.5889835953712463
0.4829919636249542
0.5032915472984314
0.4230720102787018
0.3826880156993866
0.017140666022896767
0.7015658020973206
0.24630624055862427
0.37325218319892883
0.6011974215507507
0.3471190631389618
0.6685929894447327
0.531703770160675
0.5438830256462097
0.5813402533531189
0.45345214009284973
0.6641616225242615
0.12575224041938782
0.1034010648727417
0.5186433792114258
0.5393001437187195
0.5800170302391052
0.40132954716682434
0.3376661241054535
0.1274968981742859
0.6826733350753784
0.5407063364982605
0.17928923666477203
0.4638155400753021
0.4868800938129425
0.4794873595237732
0.3278464078903198
0.3341008424758911
0.5621272921562195
0.23001782596111298
0.4447685480117798
0.2615710198879242
0.15080402791500092
0.44299957156181335
0.4871253967285156
0.4124930202960968
0.4278374910354614
0.5588112473487854
0.08620353043079376
0.5059992074966431
0.5847278237342834
0.3135429322719574
0.022355172783136368
0.05874132737517357
0.6048529148101807
0.520775318145752
0.5251360535621643
0.09108680486679077
0.41653305292129517
0.07242707908153534
0.38556528091430664
0.07876425981521606
0.42065712809562683
0.1993420422077179
0.6870376467704773
0.5036258697509766
0.18429303169250488
0.5941082835197449
0.4006561040878296
0.48493266105651855
0.6508750319480896
0.5211328864097595
0.04050542041659355
0.5210496783256531
0.4308716952800751
0.3492920696735382
0.2525846064090729
0.5467584729194641
0.41122183203697205
-0.006780387833714485
0.472885400056839
0.18438611924648285
0.5790732502937317
0.4407957196235657
0.34261369705200195
0.6422046422958374
0.4737977087497711
0.33445069193840027
0.33214321732521057
0.49662259221076965
0.3777637481689453
0.30827486515045166
0.6204661130905151
0.3496677279472351
0.5242671370506287
0.011436793953180313
0.38739505410194397
0.48894646763801575
0.43376868963241577
0.5551809668540955
0.4725225865840912
0.5846332907676697
0.6794456839561462
0.041149016469717026
0.44774529337882996
0.5046125054359436
0.2549080550670624
0.43812093138694763
0.6703726649284363
0.10708534717559814
0.33423519134521484
0.47410640120506287
0.325191855430603
0.5461833477020264
0.42169255018234253
0.51410973072052
0.13564619421958923
0.5254726409912109
0.3801598846912384
0.547056257724762
0.3423767387866974
0.3665197789669037
0.5707102417945862
0.5769532322883606
0.23713645339012146
0.4746139645576477
0.5351879596710205
0.37412407994270325
0.45494064688682556
0.6193196177482605
0.22713574767112732
0.6127511858940125
0.09977337718009949
0.5237023830413818
0.45208239555358887
0.029967747628688812
0.07397548854351044
0.3620959520339966
0.6155272126197815
0.6852229237556458
0.5521419644355774
0.3450740873813629
0.045758675783872604
0.5070800185203552
0.529352605342865
0.0914020985364914
0.6166056990623474
0.4135160744190216
0.5446776151657104
0.14267413318157196
0.18069282174110413
0.5249074697494507
0.2387600690126419
0.21916747093200684
0.590671718120575
0.07341939210891724
0.34583601355552673
0.33891865611076355
0.40135207772254944
0.005234085023403168
0.30864694714546204
0.283928781747818
0.4730045795440674
0.02201489359140396
0.30785250663757324
-0.002720475196838379
0.3996083438396454
0.39072185754776
0.5552543997764587
0.4633166193962097
0.5968732237815857
0.4705829918384552
0.4779260754585266
0.3152213990688324
0.2623928189277649
0.4515477120876312
0.5169366002082825
0.02818235009908676
0.4095727503299713
0.576741635799408
0.48950454592704773
0.2964443564414978
0.4594281017780304
0.6157312989234924
0.33066263794898987
0.2924291789531708
0.6177599430084229
0.23474368453025818
0.5436679720878601
0.40332016348838806
0.024434152990579605
0.46796417236328125
0.3221201002597809
0.5390493273735046
0.39546728134155273
0.5349792838096619
0.555480420589447
0.580563485622406
0.6454113125801086
0.5039172768592834
0.24076825380325317
0.26614347100257874
0.2536504864692688
0.0044838786125183105
0.36562809348106384
0.4742855131626129
0.36026740074157715
0.4466869533061981
0.49398866295814514
0.521801769733429
0.529959499835968
0.10091091692447662
0.44588324427604675
0.249362975358963
0.5611987709999084
0.5290142893791199
0.05703744664788246
0.43642622232437134
0.3808308243751526
0.4921928346157074
0.4636261761188507
0.037669092416763306
0.5888354182243347
0.3411964476108551
0.28974753618240356
0.014749795198440552
0.5657978057861328
0.17887157201766968
0.6331622004508972
0.43023988604545593
0.32388174533843994
0.5858876705169678
0.564521074295044
0.180156409740448
0.19251544773578644
0.5603981614112854
0.46413061022758484
0.206385999917984
0.5673953890800476
0.04018724709749222
0.43979665637016296
0.4902518689632416
0.6471275091171265
0.6364893317222595
0.0783877819776535
0.3876751661300659
0.4992159903049469
0.5228033661842346
0.48885712027549744
0.2727819085121155
0.4306844174861908
0.599382221698761
0.2851350009441376
0.439682275056839
0.3328169882297516
0.009000206366181374
0.2952253520488739
0.4420550465583801
0.5395824313163757
0.08346617221832275
0.41059622168540955
0.5755450129508972
0.48311954736709595
0.13502375781536102
0.266905277967453
0.31060317158699036
0.5096409320831299
0.5505919456481934
0.1580338478088379
0.4972763955593109
0.12718690931797028
0.540240466594696
0.3538964092731476
0.6305865049362183
0.5537152290344238
0.5092964768409729
0.4887332022190094
0.35411587357521057
0.4811348617076874
0.48933255672454834
0.1096780002117157
0.4801652729511261
0.26833871006965637
0.6311331391334534
0.49499842524528503
0.5383606553077698
0.6404677033424377
0.5268223881721497
0.17658649384975433
0.14707249402999878
0.1537187397480011
0.5371306538581848
0.34164026379585266
0.11807240545749664
0.32347479462623596
0.08608528971672058
0.5288891196250916
-0.003741540014743805
0.5116350650787354
0.02286425605416298
0.18612231314182281
0.18830549716949463
0.11590820550918579
0.4201884865760803
0.47786375880241394
0.3262590765953064
0.5312542915344238
0.4740983545780182
0.6401329636573792
0.11474518477916718
0.4818933606147766
0.1393725425004959
0.5010653138160706
0.03598274663090706
0.09480559825897217
0.32880738377571106
0.19841089844703674
0.18709003925323486
0.3061070740222931
0.4320843517780304
0.4024454653263092
0.764992892742157
0.13120059669017792
0.5418596267700195
0.14558987319469452
0.09276506304740906
-0.011311981827020645
0.581242024898529
0.5207199454307556
0.5809404253959656
0.333655446767807
0.47442835569381714
0.4615700840950012
-0.005815573036670685
0.4031135141849518
-0.012704171240329742
0.35087063908576965
0.31733354926109314
-0.02193734236061573
0.4965708553791046
0.09031198918819427
0.2505494952201843
0.3338596820831299
0.6194638609886169
0.4884707033634186
0.24205729365348816
0.18499267101287842
0.532220721244812
0.07349702715873718
0.5658379197120667
0.22158946096897125
0.5241630673408508
0.24714449048042297
0.6938349604606628
0.4464220702648163
0.006629344075918198
0.520061194896698
0.6301198601722717
0.3046586513519287
0.4457261264324188
0.655360758304596
0.4175947606563568
0.1410757303237915
0.3297751247882843
0.3999877870082855
-0.013904890045523643
0.72365802526474
0.6145159602165222
0.5595434308052063
0.4160998463630676
0.5306535959243774
0.2261069118976593
0.48333287239074707
0.1954391598701477
0.004243239760398865
0.28255435824394226
0.19034352898597717
0.017839649692177773
0.029114723205566406
0.4868015646934509
0.3281742036342621
0.3447786271572113
0.48901811242103577
0.42328083515167236
0.5290582776069641
0.7411412596702576
0.7098236680030823
0.24243095517158508
0.6109107136726379
0.6640223860740662
0.5163465738296509
0.1341182440519333
0.41811105608940125
0.570951521396637
0.13817821443080902
0.39504265785217285
0.6351150274276733
0.3002813756465912
0.5215151309967041
-0.0034409677609801292
0.5284886956214905
0.4399664103984833
0.1945578157901764
0.2378806471824646
0.5174601078033447
0.33528584241867065
0.4479106366634369
0.5707773566246033
0.3891167938709259
0.4589817225933075
0.5699578523635864
0.4720446765422821
0.5601074695587158
0.4361693263053894
0.05591033026576042
0.5633202195167542
0.45809271931648254
0.3847378194332123
0.41383567452430725
0.31633463501930237
0.42859727144241333
0.5508576035499573
-0.005553698167204857
0.5506383776664734
0.5033501982688904
0.28882208466529846
0.4672791361808777
0.4666861593723297
0.6351385712623596
0.5604009628295898
0.18185865879058838
0.2687288224697113
0.3594749867916107
0.6202150583267212
0.4609523415565491
0.2561469078063965
0.3437718152999878
0.047996677458286285
0.12288054823875427
0.04631953686475754
0.24436473846435547
0.5296555757522583
0.17642530798912048
0.41913965344429016
0.49284204840660095
0.7401524186134338
0.4988195598125458
0.29581478238105774
0.3352420926094055
0.6371116042137146
0.3403654396533966
0.41301867365837097
0.45673009753227234
0.7296913266181946
0.3505706489086151
0.61136394739151
0.08796708285808563
0.3772573471069336
0.40022343397140503
0.2569854259490967
0.5663996338844299
0.7224144339561462
0.4053330719470978
0.5502344965934753
0.459751158952713
0.7382557392120361
0.5682545304298401
0.10763740539550781
0.465175598859787
0.07245095074176788
0.693383514881134
0.034579094499349594
0.5680429935455322
0.6021718382835388
0.3292611539363861
0.5617790818214417
0.41914430260658264
0.5074970722198486
0.23442047834396362
0.48662498593330383
0.034172188490629196
0.5877886414527893
0.29162245988845825
0.17826507985591888
0.4078752100467682
0.10916021466255188
0.27060794830322266
-0.014249147847294807
0.5127696394920349
0.43542811274528503
0.4099487364292145
0.554580569267273
0.05981553718447685
0.43400007486343384
0.47308093309402466
0.193852961063385
0.5870129466056824
0.4122526943683624
0.32503968477249146
0.4041520059108734
0.30576056241989136
0.3788657486438751
0.3022765517234802
0.5308975577354431
0.044166091829538345
0.35993385314941406
0.30222591757774353
0.4319875240325928
0.15176811814308167
0.14070047438144684
0.05341044440865517
0.281292587518692
0.6437419652938843
0.29575690627098083
0.5767280459403992
0.35469576716423035
0.5372657179832458
0.4234814941883087
0.6160584092140198
0.6283921599388123
0.5778204798698425
0.4230353534221649
0.20867371559143066
0.4129049479961395
0.29001739621162415
0.1848628968000412
0.24656954407691956
0.2062605619430542
0.5730577111244202
0.38126131892204285
0.45491823554039
0.502717912197113
0.17982080578804016
0.6821420192718506
0.2671443521976471
0.15390636026859283
0.5070671439170837
0.511540412902832
0.02353794500231743
0.39230236411094666
0.22555327415466309
0.606955349445343
0.5336301326751709
0.3468341529369354
0.1458350569009781
0.48477357625961304
0.183818057179451
0.35466518998146057
0.3172953426837921
0.40308383107185364
0.19197848439216614
0.3321094810962677
0.412832647562027
0.5915918350219727
0.007880641147494316
-0.009839138016104698
0.5968373417854309
0.021898727864027023
0.6326994299888611
0.25107476115226746
0.24631211161613464
0.5449351072311401
0.63031405210495
0.37682172656059265
0.45662012696266174
0.35216304659843445
0.5542822480201721
0.42954710125923157
0.004505204036831856
0.01986234448850155
0.028241463005542755
0.2938055098056793
0.2763066291809082
0.026381097733974457
0.6312838196754456
0.4898487627506256
0.16710907220840454
0.14873144030570984
0.5128657221794128
0.13965074717998505
0.3758135437965393
0.3969677984714508
0.43772658705711365
0.6953132152557373
0.10784970223903656
0.3529050052165985
0.5549296140670776
0.5324094891548157
0.4338816702365875
0.6270986199378967
0.30276817083358765
0.6204165816307068
0.1321067065000534
0.5484566688537598
0.5928753018379211
0.06267572939395905
0.45909300446510315
0.2757277488708496
0.5576172471046448
0.6809805035591125
0.5266379714012146
0.41571375727653503
0.734124481678009
0.5138841271400452
0.18425792455673218
0.5994589924812317
0.6759788393974304
0.30220818519592285
0.30898717045783997
0.6819185614585876
0.10931305587291718
0.5262983441352844
0.2421974241733551
0.10129605233669281
0.21794572472572327
0.2200089395046234
0.26256150007247925
0.2850828468799591
0.01682121306657791
0.4711045026779175
0.6412374377250671
0.3849697411060333
0.568680465221405
0.14648957550525665
0.30615106225013733
0.2504767179489136
0.13850237429141998
0.21364393830299377
0.6475757956504822
0.1926904022693634
0.6458339095115662
0.6330784559249878
0.27921274304389954
0.01771163009107113
0.01572534255683422
0.36068078875541687
0.20764634013175964
0.04140002653002739
0.4886908233165741
0.07565928995609283
0.6433258056640625
0.48776349425315857
0.7259575128555298
0.4810192883014679
0.3832276165485382
0.2920364439487457
0.03685301914811134
0.22503113746643066
0.6293914914131165
0.5199890732765198
0.44042298197746277
0.21463650465011597
0.5737199783325195
0.2994087040424347
0.48194757103919983
0.32002392411231995
0.5723445415496826
0.3716476857662201
0.6268017888069153
0.31539252400398254
0.6650915145874023
0.5072669982910156
0.34137943387031555
0.6191999316215515
0.14482471346855164
0.3575631082057953
0.40951085090637207
0.3724164664745331
0.02085214853286743
0.4023294746875763
0.19769519567489624
0.08178688585758209
0.488473504781723
0.39661744236946106
0.5863153338432312
0.5524982213973999
0.5281866192817688
0.25391000509262085
0.40083006024360657
0.5367865562438965
0.2600795030593872
0.2999036908149719
0.46359577775001526
0.14011144638061523
0.4443087875843048
0.6585302352905273
0.46846166253089905
0.6776670217514038
0.577172040939331
0.348035991191864
0.5788617730140686
0.5821718573570251
0.34487223625183105
0.7225815057754517
0.5641506314277649
0.34179192781448364
0.4669792354106903
0.38897034525871277
0.33889368176460266
0.4881581664085388
0.630918025970459
0.2665448486804962
0.5298687219619751
0.6153081059455872
0.4443361163139343
0.45587870478630066
0.23937761783599854
0.557904839515686
0.5127737522125244
0.41365182399749756
0.39222103357315063
0.4359882175922394
0.41525378823280334
0.532002329826355
0.5587816834449768
0.13634297251701355
0.1155662089586258
0.6691985726356506
0.2623290717601776
0.5804795622825623
0.27540209889411926
0.39107105135917664
0.5538397431373596
0.026354070752859116
0.43939879536628723
0.3667297065258026
0.1703871637582779
0.4528487026691437
0.08083488047122955
0.2771355211734772
0.6535764336585999
0.3266575038433075
0.33290255069732666
0.6519729495048523
0.2982419729232788
-0.03249405696988106
0.6876909732818604
0.44035208225250244
0.19975340366363525
0.43939316272735596
0.176235631108284
0.16016797721385956
0.12662191689014435
0.401673287153244
0.4577697813510895
0.591103196144104
0.4843381345272064
0.04098879173398018
0.5429961681365967
0.3543153703212738
0.14189431071281433
0.3856163024902344
0.40495169162750244
0.5355539917945862
0.6138554215431213
0.5603421330451965
0.37152984738349915
0.08820964395999908
0.2302037477493286
0.17619524896144867
0.5329559445381165
0.3045616149902344
0.6613559126853943
0.5704342722892761
0.6205764412879944
0.30359897017478943
0.4020213186740875
0.3579040467739105
0.024172980338335037
0.06808812916278839
0.2890900671482086
0.07143010199069977
0.5931727886199951
0.040074463933706284
0.874596118927002
0.6064348220825195
0.4383392930030823
0.32581645250320435
0.1488177478313446
0.45201799273490906
0.027305904775857925
0.5181307792663574
0.3824765384197235
0.4327503740787506
0.4583660066127777
0.5892089009284973
0.04867887124419212
0.10127058625221252
0.28762683272361755
0.3303280770778656
0.21367314457893372
0.42878222465515137
0.19571058452129364
0.46445533633232117
0.1980002373456955
0.5068348050117493
0.41615402698516846
0.5484369397163391
0.3360763490200043
0.6792308688163757
0.5814248323440552
0.39801332354545593
0.22018766403198242
0.5527846217155457
0.5962510108947754
0.18873083591461182
0.4363740384578705
0.5691683888435364
0.21697328984737396
0.43080511689186096
0.2094058245420456
0.3680517375469208
0.33807191252708435
0.6205189824104309
0.4610392153263092
0.6166937947273254
0.5048608183860779
0.5431382060050964
0.10916703939437866
0.5969570875167847
0.374930739402771
0.2510629892349243
0.3841194808483124
0.12877601385116577
0.08534839749336243
0.41013428568840027
0.4832456707954407
0.5326766967773438
0.12133342027664185
0.44728389382362366
0.5071967244148254
-0.012060564011335373
0.5267624258995056
0.15198101103305817
0.2094283550977707
0.2791033387184143
0.24650418758392334
0.5511631369590759
0.4590764343738556
0.19049395620822906
0.37859758734703064
0.02882278710603714
0.42885488271713257
0.2190045267343521
0.150325745344162
0.32687899470329285
0.3337966501712799
0.4410429298877716
0.4855530560016632
0.40842869877815247
0.4385034143924713
0.03967027738690376
0.27750304341316223
0.4339890778064728
0.2802864611148834
0.5135015845298767
0.3417420983314514
0.14426490664482117
0.11947187781333923
0.06238897517323494
0.31926417350769043
0.6371952891349792
0.2914607524871826
0.10317982733249664
0.2351355403661728
0.5089696049690247
0.6231766939163208
0.6527012586593628
0.10044547915458679
0.6512897610664368
0.5034555196762085
0.31189265847206116
0.3558894991874695
0.3190929591655731
0.47622647881507874
0.77545565366745
0.5478556752204895
0.5041395425796509
0.5575559139251709
0.013623818755149841
0.6961411237716675
0.43730428814888
0.5608817934989929
0.41806527972221375
0.5363759398460388
0.4233565628528595
0.5071073770523071
0.4303130507469177
0.44706830382347107
0.1521715372800827
0.29063746333122253
0.08609665930271149
0.4366391599178314
0.4441588819026947
0.1798383891582489
0.3633846640586853
0.45591020584106445
0.24655446410179138
0.25954321026802063
0.8291317820549011
0.3961391746997833
0.7563249468803406
0.46553513407707214
0.16696500778198242
0.43896445631980896
0.6996170878410339
0.2908497154712677
0.20936456322669983
0.4700924754142761
0.10373394191265106
0.04504331573843956
0.1367214471101761
0.6046746373176575
0.4092327058315277
0.2777034342288971
0.3625236451625824
0.4700591266155243
0.3201787769794464
0.6552020907402039
0.2498290240764618
0.39610275626182556
0.45294004678726196
0.03497413545846939
0.48189932107925415
0.27305516600608826
0.5256776213645935
0.24233734607696533
0.4159493148326874
0.09271620213985443
0.42955246567726135
0.2197389453649521
0.07538044452667236
0.508709728717804
0.6736443042755127
0.7035724520683289
0.2441326379776001
0.37705451250076294
0.29189929366111755
0.47848451137542725
0.5193724632263184
0.59335857629776
0.4396283030509949
0.7181940674781799
0.1380167007446289
0.5661567449569702
0.2407505214214325
0.4837181568145752
0.24941539764404297
0.11648274958133698
0.27112504839897156
0.410488098859787
0.1485861837863922
0.1957128793001175
0.6210148334503174
0.6312338709831238
0.5366415977478027
0.3460219204425812
0.35635045170783997
0.2235649824142456
0.32130005955696106
0.20593608915805817
0.7554837465286255
0.05358413979411125
0.2308546006679535
0.5331891775131226
0.11848568916320801
0.6247804164886475
0.5138197541236877
0.3884034752845764
0.5145286917686462
0.009756051003932953
0.7632178664207458
0.2930051386356354
0.5742844939231873
0.3939659893512726
0.7364563345909119
0.2581537961959839
0.5996029376983643
0.1951727271080017
0.43059149384498596
0.13163694739341736
0.05103875696659088
0.5259923934936523
0.5062223672866821
0.09332555532455444
0.6102295517921448
0.3251229524612427
0.6515236496925354
0.4352133274078369
0.5135899186134338
0.4844302535057068
0.312002569437027
0.44925037026405334
0.31591978669166565
0.6223474144935608
0.44814786314964294
0.2675434648990631
0.3784557282924652
0.35971125960350037
0.11419245600700378
0.011840876191854477
0.07805745303630829
0.11242009699344635
0.45386239886283875
0.0623759888112545
0.3914150297641754
0.5903978943824768
0.5787240862846375
0.31452396512031555
0.5570255517959595
0.5930522084236145
0.28090032935142517
0.6049844026565552
0.48854461312294006
0.32801151275634766
0.36540380120277405
0.5647178292274475
0.5295481085777283
0.1780700385570526
0.4046773612499237
0.12175993621349335
0.616511881351471
0.4998859465122223
0.05685920640826225
0.2800661325454712
0.5537825226783752
0.08185602724552155
0.5339010953903198
0.8268629312515259
0.5000379681587219
0.25211167335510254
0.2023613452911377
0.1255170702934265
0.724604070186615
0.32420411705970764
0.3315450847148895
0.6336649656295776
0.33020082116127014
0.38524818420410156
0.5029867887496948
0.4662972390651703
0.1660490334033966
0.01830565370619297
0.2509137690067291
0.6708490252494812
0.1655942052602768
0.5346341729164124
0.36226725578308105
0.4190463125705719
0.4737564027309418
0.5975565910339355
0.3357585370540619
0.18310189247131348
0.597396194934845
0.34065350890159607
0.4310881793498993
0.41642120480537415
0.3690204918384552
0.2819598913192749
0.45600759983062744
0.5090240836143494
0.4670518934726715
0.40665459632873535
-0.002380644902586937
0.6289269328117371
0.3325258493423462
0.07318000495433807
0.07018272578716278
0.1324794441461563
0.47902628779411316
0.356784850358963
0.487394243478775
0.012303533032536507
0.5187456011772156
0.4418587386608124
0.22598591446876526
0.5168972015380859
0.42859941720962524
0.37587079405784607
0.058469828218221664
0.41355249285697937
0.6285777688026428
0.4564686119556427
0.33290988206863403
0.0038300957530736923
0.4088893234729767
0.19648844003677368
0.30991509556770325
0.2963424623012543
0.31195446848869324
0.016344338655471802
0.32962360978126526
0.47399672865867615
0.5681328773498535
0.3184076249599457
0.1725950986146927
0.6669371724128723
0.011483605951070786
0.3121055066585541
0.5322719812393188
0.4610125720500946
0.32370123267173767
0.6006597876548767
0.48909202218055725
0.45541712641716003
0.6134727597236633
0.3583288788795471
0.2327541559934616
0.38086172938346863
0.7557105422019958
0.536859929561615
0.23941537737846375
0.4488146901130676
0.40826502442359924
0.34357979893684387
0.7977980971336365
0.004958469420671463
0.5885928869247437
0.27403703331947327
0.27131542563438416
0.5993232131004333
0.5242670178413391
0.06889329850673676
0.42053285241127014
0.36628034710884094
0.4253775179386139
0.167491614818573
0.6416007876396179
0.6722094416618347
0.6100189685821533
0.2494928538799286
0.3151184916496277
0.30111631751060486
0.5929136872291565
0.3395937979221344
0.4549802243709564
0.5929105877876282
0.2370671033859253
0.47039344906806946
0.056310076266527176
0.244522362947464
0.5187658667564392
0.19899818301200867
-0.007852904498577118
0.13953560590744019
0.14351381361484528
0.4778654873371124
0.4947885572910309
0.1297188103199005
0.5357797145843506
0.47842147946357727
-0.008061500266194344
0.2741798758506775
0.5655148029327393
-0.04470029100775719
0.48484089970588684
0.6444743275642395
0.39755377173423767
0.1687641590833664
0.08272846043109894
0.31835421919822693
0.6171903610229492
-0.034447330981492996
0.5209926962852478
0.6394892930984497
0.0008283257484436035
0.3817485272884369
0.3749752342700958
0.386333167552948
0.5854149460792542
0.2547523081302643
0.0640733540058136
0.4569554328918457
0.31304752826690674
-0.012441540136933327
0.4379270374774933
0.5719385743141174
0.41654154658317566
0.23647835850715637
0.44104012846946716
0.10246177017688751
-0.01529611460864544
0.09647788107395172
0.3535156548023224
0.1372826099395752
0.19328728318214417
0.4354013502597809
0.47566530108451843
0.09577156603336334
0.1756102442741394
0.23264466226100922
0.28265905380249023
0.47768571972846985
0.4384266436100006
0.2148199826478958
0.44312813878059387
0.22727584838867188
0.6350887417793274
0.12844261527061462
0.04075471684336662
0.14482975006103516
0.2883213758468628
0.3908037841320038
0.5044022798538208
0.37867259979248047
0.32603365182876587
0.40702953934669495
0.3789924681186676
0.18675774335861206
0.44427669048309326
0.10834169387817383
-0.002117607742547989
0.18412846326828003
0.7300107479095459
0.24226778745651245
0.5123139023780823
0.5009335279464722
0.32638710737228394
0.5193136930465698
0.6674284338951111
0.19123676419258118
0.23947052657604218
0.34462273120880127
0.27076712250709534
0.3702775239944458
0.22135218977928162
0.2153119146823883
0.5790983438491821
0.061624955385923386
0.45065054297447205
0.007944507524371147
0.3737792670726776
0.4246567189693451
0.5983786582946777
0.3715434968471527
0.20813053846359253
0.2925966680049896
0.10164360702037811
0.09169003367424011
0.7332480549812317
0.07085928320884705
0.5203099846839905
0.08237940073013306
0.057020898908376694
0.4065115749835968
0.6191072463989258
0.11242564022541046
0.5299127697944641
0.33191439509391785
0.1735633909702301
0.1926659196615219
0.4327799677848816
0.051677536219358444
0.3205612599849701
0.19795764982700348
0.22425992786884308
0.627314031124115
0.4998380243778229
0.23183366656303406
0.5637457966804504
0.26568886637687683
0.47172775864601135
0.4832529127597809
0.39199838042259216
0.5123072266578674
0.08101512491703033
0.622344434261322
0.2989482283592224
0.6797459721565247
0.0227975957095623
0.4735976457595825
0.48529091477394104
0.3398442268371582
0.05985790118575096
0.674949586391449
0.47714319825172424
0.5403046011924744
0.7447919249534607
0.009516261518001556
0.6742771863937378
0.5788000226020813
0.03431476652622223
0.4809553921222687
0.5041153430938721
0.6637000441551208
0.41513243317604065
0.009351598098874092
0.06696738302707672
0.5194073915481567
0.6517373919487
0.43508464097976685
0.37148627638816833
0.46371909976005554
0.3905964493751526
0.3545777201652527
0.45802295207977295
0.45105865597724915
0.5222899317741394
0.6181557774543762
-0.014301110059022903
0.39831939339637756
0.32675081491470337
0.6378075480461121
0.3876074552536011
0.10214541852474213
0.5979216694831848
0.3436019718647003
0.6123014092445374
0.0534803681075573
0.5649530291557312
0.1063617616891861
0.5533298254013062
0.6247023344039917
-0.01997077837586403
0.1094212532043457
0.12507364153862
0.1390763372182846
0.2639247179031372
0.173620343208313
0.45043107867240906
0.31026867032051086
0.11636321246623993
0.44828423857688904
0.0472051165997982
0.6003569960594177
0.28655901551246643
0.5420330166816711
0.46913591027259827
0.021388046443462372
0.019178923219442368
0.5645130276679993
0.6045727133750916
0.43338432908058167
0.49833258986473083
0.5507268309593201
0.16647185385227203
0.4978679120540619
0.21233394742012024
0.16151174902915955
0.5870928764343262
0.535642683506012
0.1748427152633667
0.46001136302948
0.3133808672428131
0.09197713434696198
0.5761423707008362
0.40927502512931824
0.6100978255271912
0.013723406940698624
0.39181748032569885
0.18414059281349182
0.7459341883659363
0.5365631580352783
0.4478802978992462
0.5338230133056641
0.616091251373291
0.22580501437187195
0.653948962688446
0.5586146116256714
0.010508449748158455
0.6773719787597656
0.055648770183324814
0.6461494565010071
0.4798401892185211
0.14707404375076294
0.26804324984550476
0.5915206074714661
0.6818129420280457
0.3381815254688263
0.3824319541454315
0.6254457831382751
0.8472273945808411
0.3603655695915222
0.49306604266166687
0.13245825469493866
0.14975666999816895
0.5229780077934265
0.1476513147354126
0.5056019425392151
0.25135329365730286
0.5521854162216187
0.703025221824646
0.4044642746448517
0.24671068787574768
0.5454616546630859
0.03436337411403656
0.3051531910896301
0.5354253649711609
0.0502563901245594
0.15299874544143677
0.18246473371982574
0.390074223279953
0.27827367186546326
0.4328964650630951
0.4636998176574707
0.6034136414527893
0.43341782689094543
0.11431066691875458
0.36359280347824097
0.4780249297618866
0.3326112926006317
0.5923834443092346
0.18523626029491425
0.13962692022323608
0.2515355050563812
0.10201933979988098
0.27824828028678894
0.578247606754303
0.4927780330181122
0.38868609070777893
0.0660560131072998
0.5861197710037231
0.3211106061935425
0.2904399335384369
0.24925756454467773
0.413176566362381
0.18204425275325775
0.4347839951515198
0.29536089301109314
0.43502792716026306
0.6769793629646301
0.6971655488014221
0.09639681875705719
0.5197693109512329
0.20391523838043213
0.3049905300140381
0.35077109932899475
0.5128671526908875
0.31653550267219543
0.36866870522499084
0.39328452944755554
0.1975730061531067
0.062347423285245895
0.08751891553401947
0.5406490564346313
0.2724476456642151
0.19408686459064484
0.6131837368011475
0.01986079290509224
0.19495923817157745
0.5058584809303284
0.640834391117096
0.38667771220207214
0.18243145942687988
0.44543588161468506
0.5156377553939819
0.6033903956413269
0.023749027401208878
0.40547922253608704
0.34900006651878357
0.08012475073337555
0.42704227566719055
0.4237082302570343
0.27718570828437805
0.10306420922279358
0.33519646525382996
0.16859236359596252
0.6118327379226685
0.561570942401886
0.5225391983985901
0.5346886515617371
0.5546960234642029
0.3475014567375183
0.17417842149734497
0.02300373464822769
0.31947025656700134
0.0589173398911953
0.34035149216651917
0.27994465827941895
0.24465548992156982
0.4204520583152771
0.29997730255126953
0.5925357937812805
0.5147213339805603
0.19090861082077026
0.3582553565502167
0.1687784194946289
0.34409645199775696
0.5132917761802673
0.6086748242378235
0.3552083671092987
0.45166316628456116
0.5663012862205505
0.011777795851230621
0.13987411558628082
0.2920551896095276
0.6740148663520813
0.6855317950248718
0.32876309752464294
0.179169163107872
0.08784912526607513
0.7434403300285339
0.24045875668525696
0.6569319367408752
0.8002932071685791
0.19340476393699646
-0.0015034349635243416
0.06571917235851288
0.3942216634750366
0.5690539479255676
0.5213088989257812
0.2673439383506775
0.36415615677833557
0.5171626210212708
0.5080673694610596
0.2012142539024353
0.4442528188228607
0.5844240784645081
0.6378093361854553
0.059434253722429276
0.5580911040306091
0.30723580718040466
0.004118310287594795
0.4636678397655487
-0.008077748119831085
0.4937339723110199
0.2946479618549347
0.16356126964092255
0.16914184391498566
0.13450492918491364
0.4477196931838989
-0.005403419956564903
0.4649907052516937
0.335001140832901
0.47669535875320435
0.4702915847301483
0.6910962462425232
0.5772537589073181
0.21115556359291077
0.443963885307312
0.5853444337844849
0.4390976130962372
0.24239346385002136
-0.0014208797365427017
0.5203719735145569
0.13455802202224731
0.15363159775733948
0.6137866973876953
0.5240495800971985
0.3549935519695282
0.49884554743766785
0.6433987021446228
0.48759934306144714
0.19815918803215027
0.0005912380293011665
0.8169031739234924
0.14048312604427338
0.08996352553367615
0.46754178404808044
0.43157923221588135
0.24946242570877075
0.5438857078552246
0.28887808322906494
0.43265363574028015
0.4541136920452118
0.48211321234703064
0.5708144307136536
0.08430038392543793
0.5030671954154968
0.5665732622146606
0.3714604079723358
0.30594661831855774
0.39023375511169434
0.6400037407875061
0.4265749752521515
0.8798840045928955
0.31591570377349854
0.5348628759384155
0.4619264304637909
0.13874515891075134
0.0628599226474762
0.08213397860527039
0.64961838722229
0.33880338072776794
0.5223401784896851
0.4836871922016144
0.058426473289728165
0.44379714131355286
0.49004098773002625
0.5901459455490112
0.35507598519325256
0.40767017006874084
0.47359898686408997
0.6425096392631531
0.516508162021637
0.2259005606174469
0.6811947822570801
0.492113322019577
0.4879988729953766
0.4049968421459198
0.5552242398262024
0.4371705949306488
0.017379920929670334
0.3179486095905304
0.585647463798523
0.36062535643577576
0.2840471863746643
0.2962554395198822
0.08509008586406708
0.35088005661964417
0.5340902209281921
0.6242818832397461
0.5487387776374817
0.43053528666496277
0.5416741967201233
0.2743348181247711
0.5916517376899719
0.5111234784126282
0.3427759110927582
0.5296235680580139
0.5007935762405396
0.6942513585090637
0.24980831146240234
0.40977659821510315
0.21044227480888367
0.6635153889656067
0.07454703748226166
0.5623388290405273
0.521497905254364
0.330617755651474
0.39345264434814453
0.06741994619369507
0.3427446782588959
0.38086506724357605
0.5229864120483398
0.23492154479026794
0.5143042802810669
0.5270116925239563
0.44576531648635864
0.6016377210617065
0.5062200427055359
0.4561542868614197
0.4859081506729126
0.5368795990943909
0.5802021622657776
0.5200369954109192
0.3160097002983093
0.32539650797843933
0.43085357546806335
0.13920699059963226
0.4610236585140228
0.16400396823883057
0.48539623618125916
0.30905160307884216
0.4203965365886688
0.6499516367912292
0.3315369486808777
0.25521597266197205
0.3876412510871887
0.2545384168624878
0.1928403377532959
0.12680423259735107
0.21190553903579712
0.06668902933597565
0.5668438076972961
0.18770760297775269
0.5482239723205566
0.11820511519908905
0.05312154069542885
0.13658872246742249
0.38281500339508057
0.5090285539627075
0.05473190173506737
0.12799006700515747
0.6489909291267395
0.4573941230773926
0.3904968202114105
0.4279903471469879
0.5796695351600647
0.4160131812095642
0.6485966444015503
0.381137490272522
0.45695236325263977
0.18101653456687927
0.3973959982395172
0.6173407435417175
0.33933570981025696
0.5590029358863831
0.5613839626312256
0.44317373633384705
0.4365400969982147
0.5265159010887146
0.5133774876594543
0.4473431706428528
0.37996169924736023
0.22235551476478577
0.4428289830684662
0.438612699508667
0.6000533699989319
0.3301527798175812
0.4646990895271301
0.42209914326667786
0.5436925888061523
0.5209388136863708
0.4751301109790802
0.5231797695159912
0.3789222538471222
0.17157384753227234
0.6636923551559448
0.3358224928379059
0.4183148443698883
0.4099119007587433
0.4304007887840271
0.5768395662307739
0.44001761078834534
0.5944547057151794
0.23840554058551788
0.3987109661102295
0.5687615275382996
0.4303535223007202
0.3349872827529907
0.4359944760799408
0.5175434350967407
0.48416513204574585
0.3709729015827179
0.5477623343467712
0.6246066689491272
0.5694220662117004
0.0640241801738739
0.3692406713962555
0.25686120986938477
0.16186413168907166
0.4780067801475525
0.5108699202537537
0.6983885765075684
0.5431028008460999
0.5232388973236084
0.18925970792770386
0.4850468337535858
0.23464131355285645
0.6431916952133179
0.3028988242149353
0.4270721971988678
0.042113423347473145
0.4703000783920288
0.5711308717727661
0.3852780759334564
0.17019769549369812
0.39900246262550354
0.5992315411567688
0.48008012771606445
0.26035553216934204
0.4531855881214142
0.3869856595993042
0.24108299612998962
0.34797486662864685
0.2860442101955414
0.3410262167453766
0.4763064682483673
0.3367631733417511
0.7102378010749817
0.4285856783390045
0.5488788485527039
0.2026994824409485
0.279776930809021
0.047847930341959
0.5504291653633118
0.39693954586982727
0.26286718249320984
0.5302079916000366
0.776119589805603
0.6075124740600586
0.18882018327713013
0.11274367570877075
0.24377313256263733
0.06699147820472717
0.46355918049812317
0.6905344128608704
0.6028129458427429
0.14913906157016754
0.20143207907676697
0.6048914194107056
0.25840815901756287
0.45705562829971313
0.7798052430152893
0.6095908880233765
0.3858022689819336
0.3723733127117157
0.3370320200920105
0.19897252321243286
0.2551572322845459
0.38379183411598206
0.09948262572288513
0.6020375490188599
0.18927380442619324
0.10725599527359009
0.361239492893219
0.2681625783443451
0.08014681935310364
0.5664542317390442
0.45427635312080383
0.6430208683013916
0.45251986384391785
0.02322138473391533
0.23869216442108154
0.1414666473865509
0.11692124605178833
0.6157137751579285
0.44311240315437317
0.11265361309051514
0.24019595980644226
0.5232027769088745
0.594733476638794
0.5077729821205139
0.017705636098980904
0.5532217621803284
0.7076084613800049
0.16984149813652039
0.21634449064731598
0.35568755865097046
0.719539999961853
0.004672974348068237
0.49349913001060486
0.22656011581420898
0.541742742061615
0.1460762768983841
0.17544755339622498
0.4521770775318146
0.6881375312805176
0.6818912029266357
0.5011284351348877
0.4210059344768524
0.40862837433815
0.24682483077049255
0.6483493447303772
0.6048779487609863
0.6004282236099243
0.48233363032341003
0.4145590662956238
0.08463378250598907
0.2998352348804474
-0.0017124451696872711
0.5169822573661804
0.51531982421875
0.4502668082714081
0.12397493422031403
0.6534302234649658
0.12444677948951721
0.014621112495660782
0.013399070128798485
0.6259793639183044
0.612244188785553
0.2450403869152069
0.46199560165405273
0.5515931248664856
0.44869789481163025
0.609814465045929
0.4631847143173218
0.5846989154815674
0.6348140835762024
0.47115078568458557
0.12334661185741425
0.7385863661766052
0.20722895860671997
0.6299896240234375
0.7233543395996094
0.5253064632415771
0.4428575336933136
0.4046996533870697
0.4227306842803955
0.5854878425598145
0.26030951738357544
0.49344274401664734
0.20978595316410065
0.30224254727363586
0.22328060865402222
0.277133971452713
-0.02889595739543438
0.5476093292236328
0.4903647005558014
0.0378873385488987
0.007209045812487602
0.3932991325855255
0.6445204019546509
0.17758619785308838
0.6918473839759827
0.707924485206604
0.4866620600223541
0.02930452674627304
0.3743568956851959
0.41437652707099915
0.43408969044685364
0.1630570888519287
0.06794580817222595
0.5275400280952454
0.35569068789482117
0.504324734210968
0.5048492550849915
0.16532394289970398
0.272683322429657
0.6980541348457336
0.5193527936935425
0.6208536624908447
0.03256335109472275
0.30277761816978455
0.0864836722612381
-0.015488853678107262
-0.033774614334106445
0.5380864143371582
0.5705269575119019
0.1982409954071045
0.3302892744541168
0.6824043393135071
0.1782403588294983
0.7517080307006836
0.26876696944236755
0.4250890910625458
-0.002156205475330353
0.37288352847099304
0.1278151273727417
0.3309958875179291
0.0029925331473350525
0.7548320293426514
0.05570550635457039
0.34582972526550293
0.08043861389160156
0.09226968884468079
0.2624128758907318
0.3827604055404663
0.612119734287262
0.3310354948043823
0.2557889521121979
0.42946532368659973
0.17841020226478577
0.4226190149784088
0.3598608672618866
0.13993903994560242
0.10506373643875122
0.4860321581363678
0.3792857825756073
0.22937628626823425
0.8253267407417297
0.13930363953113556
0.33027973771095276
0.5557164549827576
0.4531405568122864
0.5641488432884216
0.025923628360033035
0.4856583774089813
0.5388198494911194
0.34543702006340027
0.6284094452857971
0.4691462516784668
0.4008915424346924
0.5192285180091858
0.387935608625412
0.4321257174015045
0.39500632882118225
0.5948808789253235
0.3333878815174103
0.37568700313568115
0.04332801327109337
0.584624707698822
0.116126149892807
0.5024203062057495
0.1495497077703476
0.36472612619400024
0.035134147852659225
0.5441796779632568
0.3281802237033844
0.16985216736793518
0.07910966873168945
0.47131744027137756
0.5139968991279602
0.455034464597702
0.3670218288898468
0.5151009559631348
0.5419609546661377
0.5689888000488281
0.3754342496395111
0.547967791557312
0.229167640209198
0.4443054795265198
0.04015081748366356
0.4493805468082428
0.7462647557258606
0.2738852798938751
0.6302281022071838
0.7425649762153625
0.19073396921157837
0.37815454602241516
0.5164011120796204
0.07732957601547241
0.4996470510959625
0.5271302461624146
0.5481287837028503
0.2957090735435486
0.2753368616104126
0.4084884226322174
0.43247100710868835
0.41122639179229736
0.6504247188568115
0.05438236519694328
0.25816136598587036
0.4549471139907837
0.5837980508804321
0.20321932435035706
0.6364172101020813
0.4019681513309479
0.5978403687477112
0.44145455956459045
0.3293783664703369
0.03627759963274002
-0.012478139251470566
0.16274309158325195
0.15521085262298584
0.301312118768692
0.49046555161476135
0.38675275444984436
0.38890042901039124
0.34375301003456116
0.3061571419239044
0.16731838881969452
0.23860955238342285
0.25407329201698303
0.45269283652305603
0.509118914604187
0.009158695116639137
0.48128652572631836
0.5700373649597168
0.28011175990104675
0.5070126056671143
0.05248695984482765
0.7622540593147278
0.5584266185760498
0.17391256988048553
0.45692774653434753
0.36990585923194885
0.41016870737075806
0.035508666187524796
0.10999780893325806
0.3742401599884033
0.4391409456729889
0.01902630738914013
0.4180515706539154
0.43321290612220764
0.6189852356910706
0.1489061713218689
0.6602228283882141
0.6324170231819153
0.16813510656356812
0.4981655180454254
0.4699699282646179
0.06328880786895752
0.4923339784145355
0.619230329990387
0.28751298785209656
0.4349595308303833
0.22030241787433624
0.2319919914007187
0.5432460308074951
0.620701014995575
0.6531223654747009
0.04353327676653862
0.7091538310050964
0.3474864959716797
0.41843587160110474
0.44967496395111084
0.16040094196796417
-0.0018658638000488281
0.4220264256000519
0.17889833450317383
0.1095351129770279
0.32779189944267273
0.4696255326271057
0.7011358141899109
0.608267605304718
0.12552186846733093
0.47706788778305054
0.3050152063369751
0.5833929181098938
0.3207418918609619
0.21607574820518494
0.3351048231124878
0.5629993081092834
0.27803894877433777
0.5834096074104309
0.3549825847148895
0.43236199021339417
0.6125026345252991
0.3651284873485565
0.3155030906200409
0.46824100613594055
-0.0382317453622818
0.10913403332233429
0.07698141038417816
0.5700169205665588
0.33618196845054626
0.5079784393310547
0.16633130609989166
0.3536306321620941
0.40627381205558777
0.5047604441642761
0.36154207587242126
0.6043046116828918
0.008467696607112885
0.4399619996547699
0.5667460560798645
0.608404815196991
0.385358989238739
0.5083593726158142
0.24347969889640808
0.5585032105445862
0.4665232002735138
0.20326828956604004
0.13791868090629578
0.3616766035556793
0.03269406035542488
0.2102312445640564
0.020242394879460335
0.4124075472354889
0.39405736327171326
0.1574873924255371
0.08003199100494385
0.45411840081214905
0.5041492581367493
0.41419127583503723
0.2865901589393616
0.5196376442909241
0.3982757031917572
0.6168394684791565
0.3380616009235382
0.2235807180404663
0.17759498953819275
0.3802030682563782
0.6310521960258484
0.45048266649246216
0.4254736602306366
0.004385517910122871
0.4040476977825165
0.3106077015399933
0.4920051395893097
0.6532911658287048
0.42674559354782104
0.06809252500534058
0.5389590263366699
0.2932582199573517
0.5655477046966553
0.07076719403266907
0.42894455790519714
0.4424571096897125
0.3755680024623871
0.44747886061668396
0.44361892342567444
0.011981941759586334
0.1872020661830902
0.6713343262672424
0.19248603284358978
0.05097541958093643
0.3943427801132202
0.62922203540802
0.6362994313240051
0.29348990321159363
0.3506690561771393
0.5031129121780396
0.5344366431236267
-0.011882113292813301
0.3555140197277069
0.47774508595466614
0.556061327457428
0.12138497829437256
0.35880371928215027
0.18809197843074799
0.4003796875476837
0.2158213108778
0.014290623366832733
0.3726787269115448
0.2305324673652649
0.6422768235206604
0.5069853067398071
0.2581479251384735
0.5519315600395203
0.04962978884577751
0.4810914397239685
0.18521520495414734
0.5236441493034363
0.039235543459653854
0.33897864818573
0.30312472581863403
0.5452389717102051
0.18426190316677094
0.45500418543815613
0.5690829157829285
0.5390356183052063
0.6320621371269226
0.08482541143894196
0.45570117235183716
0.6142349243164062
0.5345935225486755
0.08033807575702667
0.41728439927101135
0.3008660078048706
0.06927438080310822
0.4314754903316498
0.5093972086906433
0.39538899064064026
0.15936976671218872
0.35653141140937805
0.18782265484333038
0.5877623558044434
0.0338580347597599
0.5801745653152466
0.5204654335975647
0.16388089954853058
0.2497522532939911
0.21093422174453735
0.5637062788009644
0.2575395405292511
0.5804123282432556
0.2139199674129486
0.38836708664894104
0.35725265741348267
0.4511789083480835
0.6040170788764954
0.16173386573791504
0.15713438391685486
0.728711724281311
0.5664969086647034
0.40584588050842285
0.6356554627418518
0.2587158679962158
0.24270543456077576
0.12637640535831451
0.40252485871315
0.4744623899459839
-0.015702176839113235
0.8798661231994629
0.6362107396125793
0.39590469002723694
0.12251612544059753
0.7100942730903625
0.14444245398044586
0.19329075515270233
0.08237278461456299
0.5271922945976257
0.20228993892669678
0.4681744873523712
0.4055865705013275
0.2526502013206482
0.40739575028419495
0.36324480175971985
0.18292084336280823
0.017637018114328384
0.4604284465312958
0.5906797051429749
0.15553823113441467
0.6497984528541565
0.5255383253097534
0.11063186824321747
0.33094242215156555
0.4054271876811981
0.4882735311985016
0.03689979016780853
0.4800824224948883
0.017139814794063568
0.4590359628200531
0.2011069655418396
-0.034595999866724014
0.22673456370830536
-0.018987393006682396
0.7035279870033264
0.1240680068731308
0.6584989428520203
0.05165886506438255
0.12214262783527374
0.23213064670562744
-0.01333850808441639
0.12805765867233276
0.37658601999282837
0.3457101285457611
0.6099365949630737
0.0493791438639164
0.2810940742492676
0.4128953516483307
0.08064351975917816
0.5979945063591003
0.4955080449581146
0.7213447690010071
0.33480602502822876
-0.03478870913386345
0.592103123664856
0.3774442672729492
0.25004255771636963
0.42486074566841125
0.25549259781837463
0.3661966323852539
0.029591377824544907
0.1572335660457611
0.19925546646118164
0.2814345359802246
0.6242683529853821
0.0186921339482069
0.37366169691085815
0.19614183902740479
0.3761562705039978
0.6890528798103333
0.5418736934661865
0.14195376634597778
0.23055481910705566
0.6036346554756165
0.2457510530948639
0.3504978120326996
0.22359409928321838
0.24546796083450317
0.03621383383870125
0.41162368655204773
0.0883152186870575
0.26063719391822815
0.0443793348968029
0.0067627914249897
0.5750590562820435
0.41821417212486267
0.3954288065433502
0.3259454071521759
0.5502912402153015
0.5966861844062805
0.3046536445617676
0.20492878556251526
0.4039181172847748
0.06416153907775879
0.5004729628562927
0.4124840199947357
0.14387467503547668
-0.016895316541194916
0.23713988065719604
0.24045538902282715
0.19918900728225708
0.3391415476799011
0.36681464314460754
0.5438039898872375
0.22396254539489746
0.6074621081352234
0.3887346386909485
0.4826779365539551
0.08055295050144196
0.6816186904907227
0.14120319485664368
-0.0028387755155563354
0.3878750205039978
0.48462751507759094
0.3615529239177704
0.3312298655509949
0.0426153726875782
-0.0011183302849531174
0.5715504288673401
0.26071715354919434
-0.02761894464492798
-0.03070853091776371
0.23435506224632263
0.4727882742881775
0.23469078540802002
0.6282640695571899
0.3534221947193146
0.05063977465033531
0.48249420523643494
0.21158960461616516
0.1360158771276474
0.12400811910629272
0.5616990327835083
0.43795493245124817
0.6196100115776062
0.33882084488868713
0.5045786499977112
0.5498502850532532
0.4021545946598053
0.7890618443489075
0.3844800293445587
0.1136971265077591
0.17786256968975067
0.5661996006965637
0.5303117632865906
0.39759185910224915
0.2135622352361679
0.7611989378929138
0.5335832238197327
0.5144628882408142
0.48623648285865784
0.1919497847557068
0.6641944050788879
0.2801949679851532
0.42310598492622375
0.2964114248752594
0.4327391982078552
0.5237084031105042
0.16077010333538055
0.1014803797006607
0.25217828154563904
0.45596083998680115
0.5764567255973816
0.5362700819969177
0.15395748615264893
0.5450112223625183
0.5966668128967285
0.5059821009635925
0.04159246385097504
0.5290507674217224
0.19861505925655365
0.40960291028022766
0.3430752158164978
0.2361319214105606
0.39893442392349243
0.5525854825973511
0.014733333140611649
0.4014362096786499
0.02341638132929802
0.21221065521240234
0.36901363730430603
0.42729660868644714
0.5375677943229675
0.6146109104156494
0.3193727433681488
0.11512696743011475
0.4551924169063568
0.5965105295181274
0.5296942591667175
0.6396239399909973
0.672745406627655
0.5937961935997009
0.7204894423484802
0.5804948210716248
0.25409218668937683
0.32783564925193787
0.34526708722114563
0.02733413502573967
0.2300339639186859
0.16370227932929993
0.12739752233028412
0.480459600687027
0.2359490543603897
0.6067140102386475
0.5244625806808472
0.17336873710155487
0.3027333915233612
0.42512640357017517
0.07531814277172089
0.03582869470119476
0.21780431270599365
0.28716742992401123
0.38528722524642944
0.4666964113712311
0.1634005904197693
0.009025339037179947
0.20217901468276978
0.3435390889644623
0.5047096610069275
0.5571513772010803
-0.01248100958764553
0.032453205436468124
0.5072960257530212
0.3216926157474518
0.4230036735534668
0.39855530858039856
0.3122853636741638
0.6256345510482788
0.4978066384792328
0.3505411446094513
0.6954178810119629
0.6187583804130554
0.5649837851524353
0.412438303232193
0.5944656729698181
0.41306576132774353
0.15437957644462585
0.42698103189468384
0.3577267825603485
0.35784363746643066
0.382095068693161
0.4789620339870453
0.49578002095222473
0.49124953150749207
0.14467929303646088
0.09899874031543732
0.5661401748657227
0.690418541431427
0.7278261184692383
0.49824199080467224
0.771885335445404
0.4932946264743805
0.32649925351142883
0.7075394988059998
0.039746712893247604
0.34906110167503357
0.5076819062232971
0.5629732012748718
0.5226338505744934
0.47546443343162537
0.35990074276924133
0.5368899703025818
0.4963333308696747
0.37474238872528076
0.022691689431667328
0.23406830430030823
0.3785995543003082
0.647182047367096
0.5005067586898804
0.2843686044216156
0.09868504106998444
0.09602108597755432
0.4270215928554535
0.29425057768821716
0.7037550210952759
0.31428012251853943
0.396765798330307
0.5949724912643433
0.05699782446026802
0.22721219062805176
0.5627414584159851
0.39738619327545166
0.3953782021999359
0.03501955047249794
0.2863966226577759
0.43448466062545776
0.5111109018325806
0.5253953337669373
0.5816704630851746
0.4351792335510254
0.42898353934288025
0.23594215512275696
0.19171951711177826
0.4062288999557495
0.3462822139263153
0.6647678017616272
0.47220733761787415
0.7685266137123108
0.5692090392112732
0.16190022230148315
0.5066214203834534
0.3851774036884308
0.5229735374450684
0.6138433218002319
0.16432741284370422
0.3880956768989563
0.5387816429138184
0.5914415717124939
0.42404744029045105
0.2035915106534958
0.5657899975776672
0.18803156912326813
-0.02134985849261284
0.2409220039844513
0.5412459969520569
0.24389824271202087
0.3442836105823517
0.06290362775325775
0.21072784066200256
0.11442877352237701
0.5507150888442993
0.3882218301296234
0.6364421248435974
0.06603437662124634
0.16615067422389984
0.23290672898292542
0.7285515666007996
0.4831589162349701
0.49998125433921814
0.4611840844154358
0.5112465023994446
0.6300262212753296
0.20200595259666443
0.36663055419921875
0.27551329135894775
0.4809950292110443
0.5565652847290039
0.5185188055038452
0.5284155011177063
0.03907717391848564
0.38528916239738464
0.1321694552898407
0.6875719428062439
0.6267279982566833
0.40178582072257996
0.3944897949695587
0.20917865633964539
0.5063823461532593
-0.030112918466329575
0.3932419717311859
0.5661584138870239
0.3495542109012604
0.28167620301246643
0.2965335249900818
0.09059837460517883
0.5403303503990173
0.06309434771537781
0.48059558868408203
0.4868289828300476
0.3285406827926636
0.6006485223770142
0.3497755229473114
0.4410644769668579
0.044252119958400726
0.33965471386909485
0.3409214913845062
0.33157703280448914
0.47115859389305115
0.28300905227661133
0.0991300493478775
0.45858848094940186
0.37360408902168274
0.6235225796699524
0.5454030632972717
0.3079811632633209
0.16452062129974365
0.42441675066947937
0.1704736351966858
0.3655111491680145
0.1648971438407898
0.5770955681800842
0.015598507598042488
0.4068981111049652
0.29681599140167236
0.24196162819862366
0.41425687074661255
0.07728032767772675
0.1264457106590271
0.7810587286949158
0.38584619760513306
0.501541793346405
0.3200981914997101
0.623762845993042
0.6324885487556458
0.5280104279518127
0.2062753438949585
0.4981221854686737
0.26142728328704834
0.5445343852043152
0.422993540763855
0.20000797510147095
0.535329282283783
0.604971170425415
0.5764737725257874
0.48677998781204224
0.34594282507896423
0.5224828124046326
0.5759877562522888
0.1781444549560547
0.6444106698036194
0.13158062100410461
0.6843191981315613
0.3845766484737396
0.5678947567939758
0.23646514117717743
0.5690956711769104
0.4426857531070709
0.4098444879055023
0.5695560574531555
0.6298878788948059
0.03199678286910057
0.4034060835838318
0.29399004578590393
0.5857941508293152
0.32484641671180725
0.4371488690376282
0.6080513596534729
0.6883910298347473
0.15790241956710815
0.4697238802909851
0.7291414141654968
0.6117852330207825
0.5783181190490723
0.4115201532840729
0.41989216208457947
0.5066328644752502
0.07684576511383057
0.4081319570541382
0.42890939116477966
0.42998507618904114
0.27251341938972473
0.5408173203468323
0.1513453722000122
0.312521368265152
0.2590330243110657
0.04237406700849533
0.14380161464214325
0.5477388501167297
0.33041882514953613
0.6947281956672668
0.16232208907604218
0.49161210656166077
0.5965095162391663
0.45893028378486633
0.07635119557380676
0.5445863008499146
0.3113042414188385
0.19300034642219543
-0.054103948175907135
0.22913050651550293
0.17371638119220734
0.06602713465690613
0.40530070662498474
0.32674717903137207
0.42608484625816345
0.2609816789627075
0.45153701305389404
0.44928303360939026
0.38846471905708313
0.1737738847732544
0.46611279249191284
0.3819408714771271
0.7541785836219788
0.47497323155403137
0.4634363353252411
0.4223490059375763
0.5913158059120178
0.605070948600769
0.4200117290019989
0.5109642148017883
0.49481382966041565
0.432839959859848
0.30501922965049744
0.7406737208366394
0.0010169409215450287
0.33894258737564087
0.31474846601486206
0.2926933169364929
0.41855642199516296
0.45607635378837585
0.456146776676178
0.4714049994945526
0.09083551168441772
0.07151128351688385
0.16358640789985657
0.37490877509117126
0.6117551922798157
0.4064162075519562
0.5637969374656677
0.06718364357948303
0.23848719894886017
0.39687463641166687
0.28859227895736694
0.4919043481349945
0.5995060801506042
0.01684274896979332
0.22957119345664978
0.6236022710800171
0.6437156796455383
0.556256115436554
0.08005359768867493
0.4269113838672638
0.4301736652851105
0.02644391730427742
0.36763516068458557
0.5076097846031189
0.5791327357292175
0.33421817421913147
0.057670820504426956
0.30037322640419006
0.2111736536026001
0.31500861048698425
0.6175578832626343
0.5016888976097107
0.5119733214378357
0.3489675223827362
0.416414350271225
0.2722271680831909
0.42483627796173096
0.0636109858751297
0.4467175304889679
0.21153350174427032
0.5112159848213196
0.09827916324138641
0.30117884278297424
0.5203225016593933
0.2818896472454071
0.17680948972702026
0.20937561988830566
0.33602428436279297
0.5067634582519531
0.6008186936378479
0.5617877840995789
0.1937253773212433
0.2769431471824646
0.05870811268687248
0.6121923327445984
0.28791019320487976
0.5595136284828186
0.4473890960216522
0.3437340557575226
0.0645657479763031
0.21148796379566193
0.42788949608802795
0.4687698781490326
0.47988051176071167
0.6494700908660889
0.04370041564106941
0.43307510018348694
0.4131186902523041
0.3028307855129242
0.3879351317882538
0.06892479956150055
0.368670254945755
0.12121924757957458
0.5416688323020935
0.2808525562286377
0.4052773714065552
0.5645795464515686
0.7341389656066895
0.5146226286888123
0.2808559536933899
0.29936161637306213
0.49077942967414856
0.1035953015089035
0.2161279171705246
0.5607480406761169
0.3323776423931122
0.6324695944786072
0.6021645069122314
0.5888109803199768
0.28786978125572205
0.008727401494979858
0.2048911154270172
0.596378743648529
0.17605307698249817
0.4125147759914398
0.45414111018180847
0.23040522634983063
0.311250239610672
0.5236889719963074
0.546221137046814
0.6895748972892761
0.4134833514690399
0.4142513573169708
0.28919517993927
0.4847732484340668
0.32293701171875
0.6187050342559814
0.26173290610313416
0.6103208661079407
-0.010293073952198029
0.6323385834693909
0.4352492392063141
0.16463150084018707
0.15834195911884308
0.4928681552410126
0.11877276003360748
0.2546773850917816
0.5235185027122498
0.4858931601047516
0.6254871487617493
0.5270339250564575
0.829216480255127
0.46080735325813293
0.17296913266181946
0.4999602735042572
0.6009083390235901
0.5845511555671692
0.049808528274297714
0.5557945370674133
0.5631228089332581
0.28808221220970154
0.190659761428833
0.39805495738983154
0.41688796877861023
0.35320165753364563
0.02889591082930565
0.41142868995666504
0.16704316437244415
0.010366257280111313
0.35630348324775696
0.5394327044487
0.6057892441749573
0.5642226338386536
0.4873858392238617
0.3286854326725006
0.15365798771381378
0.4115596413612366
0.11140471696853638
0.6965169906616211
0.6009886264801025
0.09732459485530853
0.6919506788253784
0.2705398201942444
0.22301563620567322
0.2994254231452942
0.5325585603713989
0.7164856791496277
0.14867165684700012
0.3526550829410553
0.15521468222141266
0.3683857321739197
0.15295177698135376
0.7214428782463074
0.01245282031595707
0.3055171072483063
0.6448112726211548
0.39762184023857117
0.5537882447242737
0.11596868932247162
0.511119544506073
0.5272437930107117
0.36098524928092957
0.255127489566803
0.015093985944986343
0.288289338350296
0.6064733862876892
0.4317173361778259
0.726306140422821
0.5276007652282715
0.25285959243774414
0.449847012758255
0.5699409246444702
0.520806610584259
0.3615424931049347
0.3262661397457123
0.37841519713401794
-0.0020045870915055275
0.3025876581668854
0.4363432824611664
0.3793109357357025
0.5117927193641663
0.6293789744377136
0.3832571804523468
0.328614205121994
0.8931240439414978
0.362846314907074
0.2754242420196533
0.3935220539569855
0.05461009964346886
0.2110287994146347
0.5521469712257385
0.04780467599630356
0.5760464668273926
-0.014231845736503601
0.33820584416389465
0.2828312814235687
0.6552672982215881
0.5517407059669495
0.5925350785255432
0.33188149333000183
0.30430078506469727
0.5127184987068176
0.6125882267951965
0.4024425148963928
0.056938376277685165
0.6261345148086548
0.17003023624420166
0.29099681973457336
0.5938389301300049
0.1677687019109726
0.3527410924434662
0.05545919016003609
0.5327832102775574
0.7214656472206116
0.4216119945049286
0.36427849531173706
0.5427022576332092
0.7125309109687805
0.018623730167746544
0.5583210587501526
0.5570548176765442
0.4240148961544037
0.3146425187587738
0.652191162109375
0.1803434193134308
0.1065153032541275
0.7512856125831604
0.2046990692615509
0.5286413431167603
0.32853180170059204
0.2018582969903946
0.19179484248161316
0.5926856398582458
0.361471563577652
0.6306117177009583
0.3404518961906433
0.3058273196220398
0.3659961521625519
0.3598994016647339
0.4087356925010681
0.6173722147941589
0.42889824509620667
0.049103785306215286
0.19793304800987244
0.45147764682769775
0.4922133982181549
0.01717425137758255
0.5117493867874146
0.643009603023529
0.49989309906959534
0.09410551190376282
0.4899890124797821
0.10621193051338196
0.42662346363067627
0.49887165427207947
0.5389903783798218
0.42189541459083557
0.6502311825752258
0.6383755803108215
0.11359535157680511
0.3382878601551056
0.5592645406723022
0.6095899939537048
0.2969560921192169
0.5543088316917419
0.5536035299301147
0.6361142992973328
0.18311363458633423
0.5075846910476685
0.4084203541278839
0.40220746397972107
0.6229262948036194
0.6968112587928772
0.3615703880786896
0.5286999940872192
0.6456746459007263
0.2594916820526123
0.6377076506614685
0.5797209143638611
0.35370904207229614
0.42377209663391113
0.42652836441993713
0.25156739354133606
0.5824601650238037
0.3928757905960083
0.5415762662887573
0.4465954303741455
0.3597288727760315
0.5690237879753113
0.332398921251297
0.32149383425712585
0.07565325498580933
0.229313462972641
0.545886218547821
0.2747114896774292
0.00886746495962143
0.5313113331794739
0.2505435645580292
0.6852800250053406
0.5247887969017029
0.09836907684803009
0.5403024554252625
0.3283538818359375
0.64023357629776
0.7896503806114197
0.588864266872406
0.5760897397994995
0.5455830693244934
0.16184258460998535
0.14859052002429962
0.6461679339408875
0.5098717212677002
0.2045966386795044
0.42516952753067017
0.3809417188167572
0.4952645003795624
0.07855023443698883
0.3355492651462555
0.10064369440078735
0.25710853934288025
0.20892468094825745
0.7396695613861084
0.14510409533977509
0.37901487946510315
0.11524370312690735
0.454973042011261
0.39300647377967834
0.012655338272452354
0.3573051989078522
0.20159147679805756
0.5477513074874878
0.6012750267982483
0.3347911536693573
0.34758761525154114
0.20268216729164124
0.6274051070213318
0.26727715134620667
0.1951936036348343
0.3810761570930481
0.12400779128074646
0.08733858168125153
0.6579342484474182
0.3763176202774048
0.35927602648735046
0.5651394724845886
0.36743247509002686
0.06915915012359619
0.4854137897491455
0.4951244294643402
0.16103380918502808
0.13060998916625977
0.49643072485923767
-0.005790844559669495
0.34115132689476013
0.49139055609703064
0.002711014822125435
0.16093917191028595
0.510347306728363
0.40551042556762695
0.5995852947235107
0.7250484824180603
0.5139139890670776
0.28731444478034973
0.42377808690071106
0.5825764536857605
0.7315890192985535
0.4457184374332428
0.005844175815582275
0.3853228986263275
0.014883618801832199
0.6849426627159119
0.44819357991218567
0.36473795771598816
0.5171778202056885
0.45962265133857727
0.6774670481681824
0.16279858350753784
0.6066343188285828
0.4954710900783539
0.5278660655021667
0.09684492647647858
-0.003061305731534958
0.4821277856826782
0.44784224033355713
0.18549802899360657
0.4259350597858429
0.5685139894485474
0.5822960734367371
0.23252399265766144
0.22153623402118683
0.5019238591194153
0.5412306189537048
0.24709105491638184
0.3986833691596985
0.23593749105930328
0.22331741452217102
0.2545192241668701
0.31279072165489197
0.3046836256980896
0.389955997467041
0.6204525232315063
0.5371807217597961
0.35420215129852295
0.4659382998943329
0.12637309730052948
0.5993985533714294
0.3804374039173126
0.5553336143493652
0.023415856063365936
0.5125855803489685
0.2135295867919922
0.26351723074913025
0.23322537541389465
0.20346659421920776
0.5137462019920349
0.38361236453056335
0.3849541246891022
0.3682250380516052
0.6371779441833496
-0.014894343912601471
0.1208411455154419
0.4635486900806427
0.2815258800983429
0.3966478407382965
0.4226263761520386
0.3761431872844696
0.647952675819397
0.574519157409668
0.26314693689346313
0.12730970978736877
0.20708803832530975
0.4395015835762024
0.4421056807041168
0.13864198327064514
0.43547889590263367
0.48823049664497375
0.46649378538131714
0.03336607292294502
0.06312711536884308
0.4126758575439453
0.3032228648662567
0.6145313382148743
0.2926294207572937
0.6480831503868103
0.4426319897174835
0.5682181715965271
0.5895617008209229
0.4341059625148773
0.6204999685287476
0.021495189517736435
0.20347362756729126
0.5643446445465088
0.39563313126564026
0.3063364326953888
0.10199779272079468
0.11692820489406586
0.4961468279361725
0.012747246772050858
0.48453083634376526
0.2734900116920471
0.5078048706054688
0.4685932695865631
0.10923252999782562
0.1633857637643814
0.32025840878486633
0.45442160964012146
0.06196269020438194
0.31956052780151367
0.3883014917373657
0.44121211767196655
0.5628951191902161
0.6587314009666443
0.6603634357452393
0.12143358588218689
0.3446795642375946
0.35275208950042725
0.608557403087616
0.29024946689605713
0.32713714241981506
0.5034821033477783
0.07514895498752594
0.09293487668037415
0.4775739014148712
0.457228422164917
0.6797907948493958
0.6152893900871277
0.472341924905777
0.01768757402896881
0.6542091369628906
0.5134742856025696
0.050176020711660385
0.08383511006832123
0.3270317018032074
0.22185087203979492
0.2730262577533722
0.5061808228492737
0.40768396854400635
0.5485253930091858
0.7561265230178833
0.6376463770866394
0.1573140174150467
0.490427702665329
0.5989369750022888
0.5224320292472839
0.03894286975264549
0.4440591633319855
0.39971673488616943
0.4922398030757904
0.1288662999868393
0.4098416566848755
0.7011107802391052
0.46005746722221375
0.44113096594810486
0.3797043263912201
0.2936387360095978
0.2528737783432007
0.10470810532569885
0.06982174515724182
0.16834589838981628
0.14020448923110962
0.29191944003105164
0.3750058114528656
0.6645791530609131
0.6902082562446594
0.5374820828437805
0.217988520860672
0.5259509682655334
0.11132769286632538
0.5346543788909912
0.2921024262905121
0.2685055434703827
0.5234933495521545
0.49879828095436096
-0.009273188188672066
0.7159166932106018
0.1861315220594406
0.24390819668769836
0.5975430607795715
0.5757914781570435
0.509976327419281
0.6278970241546631
0.24992361664772034
0.31821495294570923
-0.030840162187814713
0.05715937539935112
0.3653077185153961
0.518362820148468
0.48126375675201416
0.33454766869544983
0.3549087941646576
0.23170852661132812
0.5140379071235657
0.446473091840744
0.5369438529014587
0.514824628829956
0.6106228232383728
0.44874995946884155
0.492318719625473
0.5668924450874329
0.5050204396247864
0.03198941424489021
0.2739429175853729
0.07808828353881836
0.05573092773556709
0.16704443097114563
0.6444060206413269
0.15959013998508453
-0.012267215177416801
0.15514972805976868
0.10461816191673279
0.2981945872306824
0.48518627882003784
0.6338716745376587
0.44083184003829956
0.5294952392578125
0.045429717749357224
0.1568068563938141
0.3846764862537384
0.6336439847946167
0.2586548626422882
0.2645234763622284
0.1760382503271103
0.37029340863227844
0.43261292576789856
0.41860899329185486
0.2708229720592499
0.7414363026618958
0.3708343207836151
0.5567967295646667
0.25558149814605713
0.41036728024482727
0.5320529937744141
0.2418598234653473
0.5212687849998474
0.7731530070304871
0.27373751997947693
0.44777911901474
0.2593897879123688
0.5552313923835754
0.6455143094062805
0.6083287596702576
0.07048974931240082
0.5193504095077515
0.5434568524360657
0.203421488404274
0.4187850058078766
0.4183223843574524
0.4510970413684845
0.17329049110412598
0.244358092546463
0.14932961761951447
0.3692249655723572
0.185637965798378
0.48766157031059265
0.38021084666252136
0.3519933521747589
0.46737465262413025
0.08845974504947662
0.46083876490592957
0.19088363647460938
0.47650378942489624
0.2565942108631134
0.4771387279033661
0.03136444836854935
0.27896353602409363
0.5429320335388184
-0.00972931832075119
0.5080655813217163
0.6472217440605164
0.4322068393230438
0.5435088276863098
0.5577377676963806
0.4536268711090088
0.16213899850845337
0.6290936470031738
0.42602989077568054
0.31887444853782654
0.16236190497875214
0.24281546473503113
0.3418470621109009
0.16536086797714233
0.5183572173118591
0.5970937609672546
0.2568548321723938
0.5593986511230469
0.3704395294189453
0.5303757190704346
0.029260877519845963
0.5765454173088074
0.1251104772090912
0.41993916034698486
0.6961989998817444
0.30641159415245056
0.4290839731693268
0.4653645157814026
0.550540030002594
0.5296414494514465
0.5779037475585938
0.6112586855888367
0.3258710205554962
0.6297686696052551
-0.0049928463995456696
0.4155486822128296
0.2839043140411377
0.6661278009414673
0.5079823136329651
0.17618729174137115
0.053769465535879135
0.6558409333229065
0.4258773624897003
0.3710912764072418
0.38166484236717224
0.3450903296470642
0.20022279024124146
0.551176905632019
0.6164540648460388
0.06612195074558258
0.5062807202339172
0.552436888217926
0.22605222463607788
0.013928411528468132
0.005676960572600365
0.5938720107078552
0.3368389904499054
0.5023804306983948
0.05871124193072319
0.0864877998828888
0.4515247642993927
0.45354509353637695
0.2574458420276642
0.4558331072330475
0.3259797692298889
0.2799210250377655
0.30732372403144836
0.4692385494709015
0.4048021137714386
0.6118195056915283
0.04039645195007324
0.045476220548152924
0.011801853775978088
0.2515449821949005
0.2717432677745819
0.29770657420158386
0.5243505835533142
-0.00023176521062850952
0.13949790596961975
0.2531450092792511
0.6855250000953674
0.5096144676208496
0.53106290102005
0.15145337581634521
0.4026343524456024
0.3847734034061432
0.5143486857414246
0.04547138884663582
0.1977173388004303
0.6032036542892456
0.5764559507369995
0.5264002680778503
0.11503249406814575
0.10722434520721436
0.17159055173397064
0.40258029103279114
0.2559150755405426
0.10427866876125336
0.3998382091522217
0.510254979133606
0.4839160144329071
0.015741869807243347
0.5206679105758667
0.3032131493091583
0.5168712139129639
0.5389485359191895
0.4509844481945038
0.25733739137649536
0.3630787432193756
0.5820231437683105
0.3156528174877167
0.38565078377723694
0.3497929871082306
0.5573822259902954
0.11692704260349274
0.5042241215705872
0.4335635304450989
0.5043073296546936
0.1946084201335907
0.5526494383811951
0.06996744871139526
0.3582153618335724
0.3684842586517334
0.54545658826828
0.6715959906578064
0.15644866228103638
0.5392836332321167
0.3119121789932251
0.6342658400535583
0.12067420780658722
0.4052284061908722
0.20115521550178528
0.5916034579277039
0.3378719687461853
0.30175137519836426
0.37946459650993347
0.5207147598266602
0.5491291880607605
0.3527419865131378
0.4892735779285431
0.33413633704185486
0.012560147792100906
0.2818797528743744
0.28780224919319153
0.1256466507911682
0.16915518045425415
0.4117222726345062
0.5033885836601257
0.22542235255241394
0.22742730379104614
0.4840613901615143
0.7415938973426819
0.20248448848724365
0.35939058661460876
0.29721903800964355
0.43998095393180847
0.6066703200340271
0.28494566679000854
0.17860037088394165
0.6404959559440613
0.4140245318412781
0.48164838552474976
0.1863495409488678
0.050630390644073486
0.013508137315511703
0.48254480957984924
0.43266797065734863
0.5371863842010498
0.4362230598926544
0.01202196441590786
0.3134710490703583
0.3878006339073181
0.43638110160827637
0.37188252806663513
0.12674185633659363
0.1280464380979538
0.0011797472834587097
0.45256534218788147
0.03871646150946617
0.24997881054878235
0.17425450682640076
0.6379641890525818
0.4954828917980194
0.45814740657806396
0.36975541710853577
0.4238682687282562
0.5748733282089233
0.46993908286094666
0.03975934162735939
0.45299267768859863
0.45434507727622986
0.4532899260520935
0.5973946452140808
0.14953970909118652
0.3806884288787842
0.598649263381958
0.11494885385036469
0.5007909536361694
0.26652011275291443
0.18936675786972046
0.12052492797374725
0.5357685685157776
0.26839280128479004
0.6347748041152954
0.49188295006752014
0.4629935622215271
0.7646248936653137
0.5253303647041321
0.28441983461380005
0.43668901920318604
0.4910998046398163
0.5826911330223083
0.5399296879768372
0.2921849191188812
0.12354253232479095
0.26495233178138733
0.27625754475593567
0.4075978398323059
0.5256572961807251
0.45399489998817444
0.4014449417591095
0.21153290569782257
0.11567620933055878
0.6990413069725037
0.08711232244968414
0.30820977687835693
0.12515534460544586
0.11330008506774902
0.42094454169273376
0.07982757687568665
0.12841500341892242
0.5157631039619446
0.36248013377189636
0.3891714811325073
0.5063201785087585
0.510391891002655
0.37358999252319336
0.021997768431901932
0.4665258228778839
0.1025860458612442
0.2738734483718872
0.5487144589424133
-0.04189362749457359
0.5778727531433105
0.35790547728538513
0.41884854435920715
0.7313008904457092
0.5203502774238586
0.475816547870636
0.5061889290809631
0.40030816197395325
0.2696704566478729
0.21995039284229279
0.2498483657836914
0.23736539483070374
0.40389367938041687
0.5628638863563538
0.5106063485145569
0.5445061326026917
0.24723723530769348
0.07834835350513458
0.2549462616443634
0.03123589977622032
0.6545165181159973
0.12790648639202118
0.4043795168399811
0.4879409670829773
0.565440833568573
0.35781583189964294
0.16256093978881836
0.4836021363735199
0.245781809091568
0.5126567482948303
0.7394368052482605
0.6097659468650818
0.40502846240997314
0.09913243353366852
0.32580921053886414
0.43789955973625183
0.2710209786891937
0.14471639692783356
0.644308865070343
0.12337888777256012
0.43439921736717224
0.1360587328672409
0.1344636082649231
0.2516419589519501
0.2999275028705597
0.47558966279029846
0.5426598191261292
0.5409465432167053
0.16405653953552246
0.22292180359363556
0.3017372488975525
0.6269326210021973
0.6660793423652649
0.266668438911438
0.3663172423839569
0.1584976464509964
0.23650576174259186
0.09391085803508759
0.2504749000072479
0.633765459060669
0.6295284628868103
0.6977033019065857
0.44860580563545227
0.273213654756546
0.48737141489982605
0.6223001480102539
0.7006953358650208
0.5599173903465271
0.3856305181980133
0.39255985617637634
0.4961338937282562
0.19512717425823212
0.3976355493068695
-0.023798441514372826
0.3246113359928131
0.31248709559440613
0.28049206733703613
0.5353770852088928
0.48102864623069763
0.5035818815231323
0.2163001298904419
0.37229159474372864
0.052417170256376266
0.625275731086731
0.6549986004829407
0.34829890727996826
0.38199761509895325
0.5034835934638977
0.3195449411869049
0.30010002851486206
0.030420921742916107
0.43439581990242004
0.2537148892879486
0.6054983139038086
0.4889293611049652
0.21571959555149078
0.5118198394775391
0.0905117392539978
0.3791188895702362
0.4379349648952484
0.14341004192829132
0.3731441795825958
0.5928754210472107
0.06075137481093407
0.5857564210891724
0.5145366787910461
0.36162492632865906
0.5146773457527161
-0.00970517098903656
0.50508052110672
0.4351542890071869
0.3991349935531616
0.5724989771842957
0.45101651549339294
0.4750707149505615
0.41317906975746155
0.27523601055145264
0.2330024540424347
0.03743623569607735
-0.017669938504695892
0.4247836172580719
0.40114450454711914
0.5021048188209534
0.3916638195514679
0.06184723600745201
0.6104015111923218
0.17481742799282074
0.16213034093379974
0.30619314312934875
0.3699229657649994
0.3713283836841583
0.5323284268379211
0.14786812663078308
0.04848840460181236
0.7018728256225586
0.16917234659194946
0.2825809419155121
0.6109734773635864
0.5781446099281311
0.5645269751548767
-0.017159080132842064
0.455817848443985
0.1336267590522766
0.19464172422885895
0.017647987231612206
0.0423421710729599
0.19419550895690918
0.06654906272888184
0.26162999868392944
0.4281139671802521
0.14345532655715942
0.5367969274520874
0.701747477054596
0.5970397591590881
0.14439287781715393
0.38107067346572876
0.6139762997627258
0.22296923398971558
0.33480873703956604
0.6781469583511353
0.6583967804908752
0.5768168568611145
0.5154153108596802
0.014604201540350914
0.14058712124824524
0.4233267605304718
0.2716984748840332
0.03736013546586037
0.6470458507537842
0.24343076348304749
0.5046820640563965
0.5991019606590271
0.4710465967655182
0.6009508967399597
0.45142999291419983
0.3378034830093384
0.20261290669441223
0.3139090836048126
0.42596307396888733
0.23096174001693726
0.5223652720451355
0.2985314428806305
0.30453556776046753
0.04465261474251747
0.16892218589782715
0.4263809323310852
0.07212796807289124
0.6039385199546814
0.3988353908061981
0.4044373333454132
0.3772585093975067
0.32215416431427
0.5681493282318115
0.5410186648368835
0.4797237813472748
0.48020467162132263
0.11222489178180695
0.12171059846878052
0.5960157513618469
0.393923282623291
0.21769927442073822
0.18173697590827942
0.10255023837089539
0.5787889957427979
0.3590031564235687
0.31331685185432434
0.5111435055732727
0.5520341992378235
0.20027950406074524
0.4520762264728546
0.5944601893424988
0.40724921226501465
0.3975493013858795
0.20285072922706604
0.44557538628578186
0.5489885807037354
0.14192187786102295
0.2699275314807892
0.2592066824436188
0.3829534351825714
0.46690741181373596
0.49685630202293396
0.3590644299983978
0.27019068598747253
0.587459146976471
0.6363858580589294
0.353616327047348
0.46984073519706726
0.0446697399020195
0.3805992901325226
0.4240632951259613
0.5031108260154724
0.29482653737068176
0.5510526299476624
0.46103933453559875
0.42502883076667786
0.2759459614753723
0.4545978605747223
-0.03383583202958107
0.4401640295982361
0.4553442895412445
0.44918906688690186
0.7165951132774353
0.4573964774608612
0.19534799456596375
0.3545760214328766
0.4906880557537079
0.20934395492076874
0.553959846496582
0.5267804265022278
0.4601092040538788
0.6256306767463684
-0.03503606095910072
0.03374376520514488
0.34909310936927795
0.46311596035957336
0.7634747624397278
0.08035849034786224
0.3979320824146271
-0.03495585918426514
0.21036113798618317
0.6131945848464966
0.2981817126274109
0.12316879630088806
0.31461167335510254
0.3987192213535309
0.07084989547729492
0.5892868638038635
0.39478936791419983
0.13756468892097473
0.4951835572719574
0.42424166202545166
0.10418182611465454
0.26693567633628845
0.5698881149291992
0.3525375723838806
0.5678920745849609
0.2091580629348755
0.5163788795471191
0.26786065101623535
0.3411047160625458
0.3185555040836334
0.17795205116271973
0.22345605492591858
0.006678406149148941
0.4846065044403076
0.5121795535087585
0.5196667313575745
0.42546772956848145
0.5290122032165527
0.41221264004707336
0.233862042427063
0.1000792533159256
0.5020477175712585
0.5943596363067627
0.5192636847496033
0.6478103995323181
0.18683138489723206
0.3948984146118164
0.4658786952495575
0.36474326252937317
0.40082189440727234
0.6652353405952454
0.11704711616039276
0.09665946662425995
0.4637811481952667
0.23741018772125244
0.10656890273094177
0.6652846336364746
0.4702936112880707
0.6227039694786072
0.48595693707466125
0.07967780530452728
0.541870653629303
0.25379326939582825
0.37901321053504944
0.3046252727508545
0.6285306811332703
0.11885952949523926
0.46880534291267395
0.565800666809082
0.17588365077972412
0.5353992581367493
0.29315298795700073
0.34544137120246887
0.29106011986732483
-0.041792187839746475
0.4898342788219452
0.4804183542728424
0.3857456147670746
0.5216059684753418
0.7984406352043152
0.19189220666885376
0.18758101761341095
0.31030455231666565
0.3806860148906708
0.5398586988449097
0.005727449432015419
0.5043198466300964
-0.017142802476882935
0.28837665915489197
0.5915970206260681
0.500796914100647
0.25244423747062683
0.06132645532488823
0.4678814113140106
0.3321668207645416
0.3864592909812927
0.3872503340244293
0.2120330035686493
0.3810889720916748
0.4990653693675995
0.047357913106679916
0.4158635437488556
0.19953791797161102
0.5304844975471497
0.32497429847717285
0.008910266682505608
0.6338514685630798
0.7322614789009094
0.4456455707550049
0.5838714241981506
0.2535233199596405
0.5882615447044373
0.226613387465477
0.435086190700531
0.5683650970458984
0.5370026230812073
0.046560321003198624
0.27069684863090515
0.37945136427879333
0.15993289649486542
0.38126441836357117
0.7894437909126282
0.3728012144565582
0.4882276654243469
0.1808571070432663
0.022312860935926437
0.5808616280555725
0.456635057926178
0.33628955483436584
0.48456501960754395
0.18804273009300232
0.35456833243370056
0.726100742816925
0.16737429797649384
0.01633484661579132
0.578196108341217
0.6269095540046692
0.21764947474002838
0.5333971977233887
0.4441855251789093
0.15866494178771973
0.5331403613090515
0.3899082541465759
0.3720047175884247
0.05119427666068077
0.33457496762275696
0.6085163950920105
0.39634495973587036
0.1735725998878479
0.12583664059638977
0.6502301096916199
0.3994555175304413
0.4683723449707031
0.3928857147693634
0.05712931230664253
0.605462372303009
0.5289838314056396
0.07014389336109161
0.668087363243103
0.7582820057868958
0.4994792640209198
0.4567583501338959
0.4272770583629608
0.4329124689102173
0.40670421719551086
0.2853172719478607
0.15651705861091614
0.3270362913608551
0.43026211857795715
0.5351289510726929
0.12175983190536499
0.5307688117027283
0.4533478915691376
0.3673565983772278
0.43865904211997986
0.20193880796432495
0.3657486140727997
0.023496363312005997
0.5844377279281616
0.5758757591247559
0.461544394493103
0.5435282588005066
0.4405859112739563
0.4953005611896515
0.5121463537216187
0.6341552138328552
0.016720397397875786
0.589180052280426
0.0037716981023550034
0.7788662314414978
0.11705683171749115
0.13100561499595642
0.18548384308815002
0.19065748155117035
0.22395598888397217
0.5494841933250427
0.624923586845398
0.3865395784378052
0.6957522034645081
0.15330173075199127
0.5405808687210083
0.42733025550842285
0.20610010623931885
0.37950149178504944
0.18814727663993835
0.8081695437431335
0.17907415330410004
0.3452467620372772
0.6124618649482727
0.503089427947998
0.32183900475502014
0.48168912529945374
0.5256497859954834
0.5716321468353271
0.39550724625587463
0.7372114062309265
0.5509400963783264
0.24945592880249023
0.595719575881958
0.26523351669311523
0.3993088901042938
0.5584172606468201
0.05367134138941765
0.3252171576023102
0.1492730975151062
0.13334375619888306
0.3287186324596405
0.4623415172100067
0.25530990958213806
0.3344796895980835
0.36175504326820374
0.2822982668876648
0.026949305087327957
0.5022888779640198
0.409778356552124
0.5446980595588684
0.04865482449531555
0.043335508555173874
0.531171977519989
0.6719160676002502
0.27524054050445557
0.07018591463565826
0.6387414932250977
0.36287862062454224
0.10886479914188385
0.23102566599845886
0.3761757016181946
0.672258198261261
0.5210027098655701
0.12394669651985168
0.13910701870918274
0.5877261161804199
0.11196453869342804
0.4473484456539154
0.4641598165035248
0.07300029695034027
0.16854168474674225
0.5521873831748962
0.5304735898971558
0.4994148910045624
0.18358534574508667
0.3136647343635559
0.3444015085697174
0.43690475821495056
0.368756502866745
0.5942953824996948
0.48527052998542786
0.6255207657814026
0.26036521792411804
0.4366743564605713
0.014612255617976189
0.1741136908531189
0.283890038728714
0.3714424967765808
0.0633140504360199
0.3170545697212219
0.07026632130146027
0.32025957107543945
0.5508250594139099
0.2074047029018402
0.5009507536888123
0.2550864517688751
0.3824059069156647
0.5737842321395874
0.4030371606349945
0.47651636600494385
0.2519168555736542
0.1439008116722107
0.05276549980044365
0.3932509124279022
0.2691583037376404
0.5081233978271484
0.5446378588676453
0.17844341695308685
0.32460957765579224
0.02342316135764122
0.2010674625635147
0.6000701785087585
0.39747992157936096
0.4588466286659241
0.514522910118103
0.5774036049842834
0.16575448215007782
0.1898188591003418
0.48304593563079834
0.6324535012245178
0.06769557297229767
0.2508855164051056
0.16532984375953674
0.49652937054634094
0.5344005227088928
0.040848392993211746
-0.006873026490211487
0.48317787051200867
0.5233058333396912
0.41374900937080383
0.5337720513343811
0.6475198864936829
0.6357706785202026
0.4953005611896515
0.43133217096328735
0.18379832804203033
0.46131691336631775
0.5596014261245728
0.1991022378206253
0.39530399441719055
0.478325754404068
0.4022945463657379
0.032753415405750275
0.08123624324798584
0.7959740161895752
0.39058706164360046
0.0939568281173706
0.3520052134990692
0.39584916830062866
0.5875604748725891
0.38499876856803894
0.10046714544296265
0.619687020778656
0.2093316912651062
0.23655089735984802
0.36875656247138977
0.27742284536361694
0.35597148537635803
0.5219254493713379
0.6347674131393433
0.46540889143943787
0.20859543979167938
0.11047802865505219
0.18796564638614655
0.515442430973053
0.3801485598087311
0.4728069007396698
0.25728729367256165
0.012095095589756966
0.575543224811554
0.5341339111328125
0.47494789958000183
0.35273727774620056
0.06516042351722717
0.5399248003959656
0.6412867903709412
0.6098420023918152
0.20636284351348877
0.3837917149066925
0.19020266830921173
0.45443829894065857
0.5187181830406189
0.22766849398612976
0.1593865305185318
0.2871237099170685
-0.017315413802862167
0.14282642304897308
0.31957098841667175
0.2916044294834137
0.5919037461280823
0.4278637766838074
0.6647312045097351
0.24385538697242737
0.562655508518219
0.6810657978057861
0.223738431930542
0.2593328654766083
0.5309923887252808
0.5896983742713928
0.2646993398666382
0.5730301141738892
0.4384644329547882
0.400604248046875
0.45212167501449585
0.6699873805046082
0.48976442217826843
0.4303008019924164
0.19668471813201904
0.3895108997821808
0.45690813660621643
0.4730348289012909
0.5108770132064819
0.6145167946815491
0.4268170893192291
0.3412720561027527
0.20292797684669495
0.3520333468914032
0.5101041793823242
0.5962945818901062
0.26157864928245544
0.2918109893798828
0.22262561321258545
0.373440146446228
0.017447184771299362
0.15831580758094788
0.12889161705970764
0.42568960785865784
0.17197036743164062
0.32935550808906555
0.7582821846008301
0.7623782753944397
0.1854531466960907
0.41574880480766296
0.6575748324394226
0.6461116075515747
0.3723307251930237
0.14657998085021973
0.021752987056970596
0.28073379397392273
0.1220947802066803
0.05048024281859398
0.19223010540008545
0.36138489842414856
0.0324813574552536
0.10734395682811737
0.5266767144203186
0.12018245458602905
0.4154801070690155
0.6724197268486023
0.6141900420188904
0.6773741841316223
0.15696144104003906
0.5853587985038757
0.42184919118881226
0.5877386927604675
0.49267449975013733
0.15451310575008392
0.4699273407459259
0.26447317004203796
0.4459955394268036
0.6834520697593689
0.5153657793998718
0.23105978965759277
0.45262256264686584
0.15498952567577362
0.12531903386116028
0.3159957528114319
0.4972091019153595
0.5200954079627991
0.09624965488910675
0.004818216897547245
0.7898263335227966
0.2243485450744629
0.5543012022972107
0.0966247171163559
0.6471499800682068
0.6680498719215393
0.41667690873146057
0.12428103387355804
0.5087160468101501
0.5049278140068054
0.01127311959862709
0.5259326100349426
0.10455089807510376
-0.0001088269054889679
0.393047571182251
-0.0006818138062953949
0.43610164523124695
0.4636320173740387
0.3513735234737396
0.058198075741529465
0.5437124371528625
0.3902643322944641
0.524003803730011
0.5145646929740906
0.5767662525177002
0.3866783678531647
0.39846834540367126
0.3683614432811737
0.2938308119773865
0.7173586487770081
0.24721670150756836
0.08029329776763916
-0.03597857058048248
0.5230183005332947
0.31975629925727844
0.17558953166007996
0.5968340039253235
0.3453041613101959
0.09912404417991638
0.17354397475719452
0.1580079197883606
0.17747840285301208
0.4365594685077667
0.43890663981437683
0.6206057071685791
0.19812577962875366
0.40249887108802795
0.04115205630660057
0.40380093455314636
0.5126851201057434
0.09014512598514557
0.4225512444972992
0.3865116536617279
0.6122671961784363
0.1759694516658783
0.4695885479450226
0.23982864618301392
0.6250795125961304
0.2971339523792267
0.10439467430114746
0.4522639214992523
0.5529904365539551
0.040461860597133636
0.38131168484687805
0.002113095484673977
-0.017312917858362198
0.16606397926807404
0.3479899764060974
0.6055595278739929
0.33317431807518005
0.2647324502468109
0.319520503282547
0.3039299547672272
0.5339139699935913
0.17391544580459595
0.4335668981075287
0.48514169454574585
0.5582407116889954
0.07577046751976013
0.45879101753234863
0.17305675148963928
0.7290571928024292
0.5436393022537231
0.4674725830554962
0.1052602082490921
0.11225657165050507
0.4366985857486725
-0.0007703546434640884
0.022320926189422607
0.036058854311704636
0.2283686399459839
0.6829645037651062
0.57110196352005
0.06612654030323029
0.5364638566970825
0.3684670627117157
0.19210249185562134
0.5312190055847168
0.37226608395576477
0.47446325421333313
0.27259910106658936
0.019368812441825867
0.5542855262756348
0.1946570724248886
0.3847944140434265
0.45523062348365784
0.5998848080635071
0.1456916332244873
0.47042593359947205
0.30879876017570496
0.4605443775653839
0.37662607431411743
0.3695589005947113
0.46089670062065125
0.23632507026195526
0.39955052733421326
0.36945414543151855
-0.03664594143629074
0.2779920697212219
0.5507829785346985
0.5070374608039856
0.4658820331096649
0.5149641633033752
0.05433070287108421
0.48978641629219055
0.05429978296160698
0.26233407855033875
0.15699921548366547
0.2635849416255951
0.337814599275589
0.24253389239311218
0.20758689939975739
0.06018230691552162
0.48720768094062805
0.409139484167099
0.5957517027854919
0.5853351354598999
0.4621300995349884
0.5782827138900757
0.5039461255073547
0.013291863724589348
0.4394291937351227
0.5923188924789429
0.2439117729663849
0.6236020922660828
0.2880958616733551
0.4263835549354553
0.3994600772857666
0.0980919748544693
0.4846547245979309
0.6197764277458191
0.5794974565505981
0.7208250761032104
0.5490872859954834
0.21201662719249725
0.5097933411598206
0.6077210903167725
0.4667325019836426
0.44919705390930176
0.46049314737319946
0.5524131655693054
0.24527141451835632
0.5971940755844116
0.5479289889335632
0.18683555722236633
0.5574423670768738
0.278115838766098
0.47142234444618225
0.35019853711128235
0.1208869069814682
0.42304709553718567
0.2872396409511566
0.5609953999519348
0.5189770460128784
0.07748782634735107
0.4092746675014496
0.1810894012451172
0.15749004483222961
0.15213820338249207
0.6092551946640015
0.2151084840297699
0.4896616041660309
0.25225016474723816
0.3847760856151581
0.7208473086357117
0.5375999808311462
0.21249309182167053
0.5567492842674255
0.5667584538459778
0.28505316376686096
0.5682224631309509
0.530701220035553
0.6423816680908203
0.2375946044921875
0.46264341473579407
0.7747704386711121
0.22283993661403656
0.42829546332359314
0.42894187569618225
0.10359790921211243
0.4061019718647003
0.5152533054351807
0.4063757658004761
0.7198245525360107
0.08982972800731659
0.7253820300102234
0.24985724687576294
0.41771310567855835
0.4399050772190094
0.5340206027030945
0.03439060226082802
0.29307129979133606
0.379370778799057
0.6617471575737
0.3944186866283417
0.6279366612434387
0.13701215386390686
0.1271848827600479
0.3892194926738739
0.3720643222332001
0.6019484400749207
0.1599527895450592
0.592652440071106
0.48784583806991577
0.5878007411956787
0.06923277676105499
0.1123565286397934
0.5392541289329529
0.6175485849380493
0.3637320101261139
0.36304011940956116
0.7242383360862732
0.48338761925697327
0.18344399333000183
0.45917823910713196
0.5176036953926086
0.1464887261390686
0.27567407488822937
0.10352770984172821
0.25469598174095154
0.5049380660057068
0.4536093473434448
0.471431702375412
0.4328489303588867
0.5335090756416321
0.5608418583869934
0.5954638719558716
0.7455798983573914
0.24460896849632263
0.4698296785354614
0.3414559066295624
0.5599899888038635
0.6397679448127747
0.4615805149078369
0.08748815953731537
0.4759775996208191
0.25492385029792786
0.1790648251771927
0.4820721447467804
0.2976294457912445
0.09897316992282867
0.22903892397880554
0.47895580530166626
0.15305250883102417
0.40400430560112
0.33287930488586426
0.2681867480278015
-0.01060548983514309
0.5253954529762268
0.40426313877105713
0.2782059907913208
0.6744851469993591
0.1500118374824524
0.7099952101707458
0.34742602705955505
0.4359290599822998
0.5772735476493835
0.16782371699810028
0.4411894977092743
0.11286291480064392
0.19866344332695007
0.6759235858917236
0.5289455056190491
0.2540731728076935
0.3169933259487152
0.1496943235397339
0.32065698504447937
0.5199252963066101
0.18057388067245483
0.1878882348537445
0.6474509835243225
0.5776509642601013
0.11180262267589569
0.5007877945899963
0.4705389440059662
0.667943000793457
0.3494413495063782
0.49678513407707214
0.09154628217220306
0.7267946600914001
0.6131012439727783
0.4346812069416046
0.5193867683410645
0.06799699366092682
0.4776485860347748
0.5923661589622498
0.6245142221450806
0.5125200748443604
0.37899813055992126
0.598736047744751
0.32057836651802063
0.3763815462589264
0.29427599906921387
0.07463665306568146
0.414537638425827
0.5264524221420288
0.3259936273097992
0.3372204303741455
0.47297757863998413
0.3906993865966797
0.2480616271495819
0.42473748326301575
0.6910147070884705
0.1934935450553894
0.4838958978652954
-0.05026987940073013
0.4988233149051666
0.7337142825126648
0.7828370928764343
0.5267725586891174
0.03308984637260437
0.33645978569984436
0.48552241921424866
0.38366028666496277
0.2371285855770111
0.4133852422237396
0.3482755720615387
0.5201160907745361
0.41710710525512695
0.03431910276412964
0.5793686509132385
0.7419846057891846
0.1696235090494156
0.25254175066947937
0.5511418581008911
0.7807831764221191
0.4163915812969208
0.6401156187057495
0.031902264803647995
0.5533835887908936
0.5388496518135071
0.1276492178440094
0.5335356593132019
0.4189523756504059
0.2504689693450928
0.3963111340999603
0.504338800907135
0.7155768275260925
-0.0013116784393787384
0.5295791625976562
0.4489050507545471
0.5740755796432495
0.7269162535667419
0.08043313026428223
0.48743125796318054
0.4416291415691376
0.4067365229129791
0.5438181757926941
0.4663213789463043
0.41385892033576965
-0.03424716368317604
0.009005429223179817
0.24706736207008362
0.35813137888908386
0.20555362105369568
0.3821128308773041
0.055935975164175034
0.2810046374797821
0.5156905055046082
0.24032384157180786
0.6150047183036804
0.48956868052482605
0.13459078967571259
0.5801168084144592
0.005694368854165077
0.17662131786346436
0.557558000087738
0.520419716835022
0.365677148103714
0.4398403763771057
0.419771283864975
0.007810760289430618
0.5346030592918396
0.4951643645763397
0.6155509352684021
0.19612888991832733
0.4491109251976013
0.4713962972164154
0.39359334111213684
0.6373947858810425
0.5439023971557617
-0.008477220311760902
0.09921292960643768
0.6282198429107666
0.5034465193748474
0.33523955941200256
0.6125667095184326
0.10409986972808838
0.5102483034133911
0.38406410813331604
0.45453906059265137
0.5039584636688232
0.5714084506034851
0.006874756887555122
0.37193986773490906
0.5105640292167664
0.39016255736351013
0.6726858019828796
0.5074213147163391
0.17792487144470215
0.3922483026981354
0.4051521122455597
0.09093865752220154
0.28517475724220276
0.5118362903594971
0.4819541275501251
0.6064921021461487
0.05774270370602608
0.6064565777778625
0.6901206970214844
0.5293934941291809
0.5839812755584717
0.7308277487754822
0.11890201270580292
0.5710582137107849
0.5160756707191467
0.7136566638946533
0.6629498600959778
0.0010404381901025772
0.048358917236328125
0.15163768827915192
0.29299649596214294
0.6114626526832581
0.09895052015781403
-0.012652793899178505
0.2263621687889099
0.10253167152404785
0.5651693940162659
0.63609379529953
0.40965309739112854
0.41416507959365845
0.5501003861427307
0.6059827208518982
0.4771497845649719
0.22766759991645813
0.47530075907707214
0.16137546300888062
0.4622686505317688
0.4468933343887329
0.46935418248176575
-0.013846142217516899
0.4295675754547119
0.25014573335647583
0.020286764949560165
0.3891948163509369
0.4536765217781067
0.16266605257987976
0.7222117185592651
0.4391528367996216
0.2940022647380829
0.5484543442726135
0.4133652448654175
0.5687916874885559
0.5402907729148865
0.5497228503227234
0.4289047122001648
0.7825434803962708
0.6627034544944763
0.45245078206062317
0.4738336503505707
0.2073330283164978
0.42118698358535767
0.3753184676170349
0.5495110154151917
0.42324477434158325
0.26243913173675537
0.3890586793422699
0.21106700599193573
0.24564823508262634
0.1332213282585144
0.35925912857055664
0.6265525221824646
-0.07662691175937653
0.4267718195915222
0.6999788284301758
-0.00216498039662838
0.22221639752388
0.6722717881202698
0.5406501293182373
0.40287479758262634
0.7245995402336121
0.5288851857185364
0.48346802592277527
0.4483092129230499
0.24561670422554016
0.595937192440033
0.2650866210460663
0.03403773158788681
0.08466136455535889
0.24899837374687195
0.1643979549407959
0.3451436161994934
0.0967683345079422
0.33877599239349365
0.4646342098712921
0.4918825328350067
0.14474286139011383
0.3865828514099121
0.3853047788143158
0.5274997353553772
0.3092598021030426
0.513242781162262
0.33837416768074036
0.19607388973236084
0.3917106091976166
-0.000606287270784378
0.18731915950775146
0.6845177412033081
0.3557446002960205
0.6071041822433472
0.13415971398353577
0.28475621342658997
0.29430148005485535
0.5263087153434753
0.4997149407863617
0.5606019496917725
0.33556321263313293
0.4219963848590851
0.6256380677223206
0.7399209141731262
0.5691540837287903
0.5134891271591187
0.5429010391235352
0.5322408676147461
0.45059260725975037
0.24545159935951233
0.24144414067268372
0.5031338334083557
0.5619892477989197
0.21026501059532166
0.385272353887558
0.29575565457344055
0.15786154568195343
0.5910229682922363
0.13320820033550262
0.301501601934433
0.07698965072631836
0.5419517159461975
0.033390309661626816
0.6848317384719849
0.09772093594074249
-0.004114178940653801
0.32623836398124695
0.13627061247825623
0.2109713852405548
0.54090416431427
0.21271201968193054
0.4856185019016266
0.3790780007839203
0.42062506079673767
0.5102898478507996
0.007947437465190887
0.13335014879703522
0.2809424102306366
0.5273405313491821
0.5122379064559937
0.391814261674881
0.3210758864879608
0.5033146739006042
0.6249670386314392
0.5898019075393677
0.0007035546004772186
0.6133319139480591
0.6213096976280212
0.18120883405208588
0.12028342485427856
0.7005981802940369
0.5498701930046082
0.13601753115653992
0.33690646290779114
0.4325575530529022
0.5094900727272034
0.6038939356803894
0.5925233960151672
0.05953357741236687
0.49401381611824036
0.5266171097755432
0.10080547630786896
0.7009314894676208
0.3298399746417999
0.3858902156352997
0.332055926322937
0.08966955542564392
0.26258814334869385
0.491473525762558
0.39010894298553467
0.4585988223552704
0.5007566213607788
0.6600435376167297
0.4272662401199341
0.28801050782203674
0.37950021028518677
0.5795215964317322
-0.012873992323875427
0.382301390171051
0.34396690130233765
0.20695289969444275
-0.0395754873752594
0.44268110394477844
0.49470826983451843
0.14281269907951355
0.2504391074180603
0.4864906072616577
0.6197140216827393
0.24962332844734192
0.17985817790031433
0.4893471300601959
0.39570146799087524
0.7710103988647461
0.43551820516586304
0.45017382502555847
0.7353772521018982
0.17189759016036987
0.33746474981307983
0.2200469970703125
0.4021696448326111
0.1447390764951706
0.10834181308746338
0.196769118309021
0.485684335231781
0.47470054030418396
0.3716401159763336
0.442616730928421
0.562667965888977
0.47612327337265015
0.390826016664505
0.7045018076896667
0.4478367269039154
0.11546492576599121
0.42655864357948303
0.16985684633255005
0.20130082964897156
0.051183443516492844
0.5772159695625305
0.3422170579433441
0.613247275352478
0.569072425365448
0.25444409251213074
0.31528738141059875
0.6498202681541443
0.034774620085954666
0.4075034260749817
0.001275399699807167
0.6198121309280396
0.5911125540733337
0.48251962661743164
0.45345255732536316
0.383493036031723
0.25720182061195374
0.21409086883068085
0.3454658091068268
0.3390204608440399
0.5458258390426636
0.13794855773448944
0.3440895974636078
0.24440306425094604
0.074822798371315
0.23540128767490387
0.29569563269615173
0.22497564554214478
0.5979527831077576
0.41132110357284546
0.38033655285835266
0.5053053498268127
0.1406111717224121
0.20483921468257904
0.4636310338973999
0.25736215710639954
0.7179441452026367
0.33271506428718567
-0.0117054283618927
0.6418330669403076
0.5071695446968079
-0.007998766377568245
0.036490555852651596
0.619026243686676
0.2629433572292328
0.27429381012916565
0.6502016186714172
0.11086970567703247
0.1445799171924591
0.01974283531308174
0.3862077295780182
0.29998117685317993
0.27257975935935974
0.2714633047580719
0.21013179421424866
0.6813848614692688
0.5800491571426392
0.5164345502853394
0.1948920041322708
0.11160485446453094
0.3869340419769287
0.5442069172859192
0.06298205256462097
0.16778309643268585
0.45885416865348816
0.34540995955467224
0.3269316256046295
0.512481153011322
0.4354705512523651
0.03630698099732399
0.5005128383636475
0.40544936060905457
0.5407570004463196
0.08288472890853882
0.08578568696975708
0.26302042603492737
0.19146828353405
0.5183225274085999
0.16097873449325562
0.4795771539211273
0.6055174469947815
0.3196377456188202
0.5426294803619385
0.20808370411396027
0.5271945595741272
0.4392755329608917
0.5855250954627991
0.26426976919174194
0.34393027424812317
0.147115096449852
0.4406033158302307
0.04951919987797737
0.4114072322845459
0.5565182566642761
0.564123809337616
0.13382211327552795
0.5003613233566284
0.4088481366634369
0.5482283234596252
0.3761637210845947
0.34710457921028137
0.14805617928504944
0.5382811427116394
-0.0170835480093956
0.1996440589427948
0.004212770611047745
0.09826871752738953
0.3631154000759125
0.4970838129520416
0.07024618983268738
0.18304914236068726
0.05127766728401184
0.09192201495170593
0.292825847864151
0.7778113484382629
0.4124327301979065
0.05989063158631325
0.21036896109580994
0.5838947296142578
0.4768534004688263
0.6560390591621399
0.363018661737442
0.647313117980957
0.6290256381034851
0.28312698006629944
0.18590080738067627
0.30017906427383423
0.06307157874107361
0.36349979043006897
0.556162416934967
0.24327221512794495
0.5674724578857422
0.030698958784341812
0.34113413095474243
0.42888692021369934
0.6598818898200989
0.5400444269180298
0.5032050013542175
0.6264990568161011
0.37774354219436646
0.0380733422935009
0.24047225713729858
0.17443756759166718
0.11863073706626892
0.46429553627967834
0.6845836043357849
0.3642881214618683
0.03309539332985878
0.35502561926841736
0.4983496367931366
0.5124099850654602
0.3603441119194031
0.12290239334106445
0.6186525225639343
0.10243028402328491
0.5665780901908875
0.5888420343399048
0.5558950901031494
0.6527642607688904
0.35649165511131287
0.017766043543815613
0.2269156575202942
0.1610763669013977
0.5513772368431091
0.28625062108039856
0.46849825978279114
0.3250291347503662
0.4672512710094452
0.5452246069908142
0.6187568306922913
0.4572122395038605
0.24099066853523254
0.2965542674064636
0.5905203223228455
0.7158463001251221
0.5888601541519165
0.48921966552734375
0.1407921016216278
0.14345261454582214
0.29507309198379517
0.49392780661582947
0.6740402579307556
0.08446665108203888
0.3611140549182892
0.6284695267677307
0.5172918438911438
0.43535542488098145
0.3328101634979248
0.2599748373031616
0.26797613501548767
0.48844829201698303
0.11124071478843689
0.5763273239135742
0.5106437802314758
0.5348042249679565
0.21753400564193726
0.2613922357559204
0.09083397686481476
0.14773665368556976
0.1132020503282547
0.4290405511856079
0.14453744888305664
0.315922349691391
0.2527216374874115
0.3548608124256134
0.5057225227355957
0.5243323445320129
0.34993067383766174
0.1760210245847702
0.42285382747650146
0.3637593686580658
0.22339096665382385
0.018840907141566277
0.32316145300865173
0.5179629325866699
0.40627700090408325
0.2933911681175232
0.3529183566570282
0.12260439991950989
0.3660387098789215
0.31220743060112
0.5334306359291077
0.2541387975215912
0.508593738079071
0.6187029480934143
0.17623454332351685
0.21179348230361938
0.05598887428641319
0.05360347405076027
0.691526472568512
0.5739104747772217
0.5266861319541931
0.5838678479194641
0.6352677941322327
0.6966299414634705
0.5477003455162048
0.4466423988342285
0.5553666949272156
0.032290585339069366
0.3769840896129608
0.6180977821350098
0.32076141238212585
0.40396648645401
0.19848594069480896
0.4628449082374573
0.23310738801956177
0.1300269216299057
0.4221481382846832
0.42149439454078674
0.133809894323349
-0.011309807188808918
0.09629186987876892
0.32365721464157104
0.705043613910675
0.36808034777641296
0.04497171938419342
0.275212824344635
0.5410657525062561
0.35604673624038696
0.5786618590354919
0.2431519329547882
0.23628082871437073
0.48196420073509216
0.444398432970047
0.3404524028301239
0.2521800696849823
0.6821338534355164
0.34304529428482056
0.11743888258934021
0.44460150599479675
0.3757965862751007
0.6117714643478394
0.21564139425754547
0.34915974736213684
0.2627619504928589
0.6382051110267639
0.5910404324531555
0.6168909072875977
0.2839656174182892
0.1595676839351654
0.13381876051425934
0.3074254095554352
-0.012891221791505814
0.2385154664516449
0.6739127039909363
0.2389463633298874
0.4377305209636688
0.10264882445335388
0.08644434809684753
0.47023847699165344
0.31300806999206543
0.4590049982070923
0.6995849013328552
0.38206323981285095
0.42056116461753845
0.43751260638237
0.3578834533691406
0.5553200840950012
0.4059467017650604
0.4567658007144928
0.33658498525619507
0.22082781791687012
0.7160651087760925
0.3810788691043854
0.2802712619304657
0.3012458086013794
0.6145090460777283
0.6357325315475464
0.25507286190986633
0.6517578363418579
0.4644368290901184
0.009508604183793068
0.17116738855838776
0.1434614658355713
0.18017500638961792
0.5032815933227539
0.1180928647518158
0.2977440655231476
0.1730043590068817
0.5897965431213379
0.3929123878479004
0.34968918561935425
0.3068857192993164
0.2714105546474457
0.1688033640384674
0.0663444846868515
0.08876153826713562
0.20122022926807404
0.5042223334312439
0.5518479347229004
0.16064992547035217
0.18714424967765808
0.48022013902664185
0.44407138228416443
0.5065768361091614
0.4670945703983307
0.3567342162132263
0.7400476336479187
0.3883158266544342
0.23195329308509827
0.40883466601371765
0.10064063966274261
0.051342785358428955
0.2266453206539154
0.05375848338007927
0.2661113142967224
0.021722789853811264
0.305565744638443
0.5007778406143188
0.40415748953819275
0.48991939425468445
0.5980876088142395
0.015895023941993713
0.4092155992984772
0.5276660323143005
0.1953841745853424
0.16782397031784058
0.48132115602493286
0.17592798173427582
0.694598376750946
0.14330975711345673
0.3894096314907074
0.4213881194591522
0.6426893472671509
0.40939727425575256
0.03311637416481972
0.4459032714366913
0.03628377243876457
0.37167081236839294
0.1681673377752304
0.5316405892372131
0.055031027644872665
0.5028348565101624
0.5864195227622986
0.4314398467540741
0.46659165620803833
0.2502421438694
0.3538873493671417
0.39480987191200256
0.1222425252199173
0.2903648614883423
0.20541252195835114
0.3938884139060974
0.6276662349700928
0.7983306050300598
0.022040989249944687
0.14874275028705597
0.6611424684524536
0.2995282709598541
0.475070595741272
0.44139721989631653
0.1424126774072647
0.592087984085083
0.13429927825927734
0.16787010431289673
0.3203973174095154
0.49365153908729553
0.42567411065101624
0.6436687111854553
0.3298112154006958
0.5715352296829224
0.40270909667015076
0.5071940422058105
0.4028794765472412
0.14405222237110138
0.49957844614982605
0.4996638596057892
0.33802565932273865
0.5295793414115906
0.5783393383026123
0.6702269911766052
0.0238480307161808
0.10352826118469238
0.3747849762439728
0.24776184558868408
0.5522319674491882
0.3241161108016968
0.7313328385353088
0.46043306589126587
0.1296762377023697
0.46116402745246887
0.7739632725715637
0.37981081008911133
0.22008058428764343
0.3921688497066498
0.005534440279006958
0.012551344931125641
0.5319693684577942
0.40849265456199646
0.15808305144309998
0.297167032957077
0.6061809659004211
0.020465992391109467
0.4952807128429413
0.2214072346687317
0.5128057599067688
0.473245769739151
0.43945279717445374
0.40833234786987305
0.636747419834137
0.026309475302696228
0.2513004541397095
0.3807162344455719
0.5232280492782593
0.30486878752708435
0.3829841613769531
0.48018351197242737
0.2599211633205414
0.481672078371048
0.3503936529159546
0.1559659242630005
0.6604450345039368
0.3313077986240387
0.27216866612434387
0.7636775374412537
0.5577162504196167
0.6768458485603333
0.7055638432502747
0.460720419883728
0.27333247661590576
0.3959653079509735
0.5151706337928772
0.24322816729545593
0.21809078752994537
0.14623810350894928
0.115826815366745
0.27243754267692566
0.542378842830658
0.6284038424491882
0.26101747155189514
0.329374223947525
0.3175908923149109
0.3097321689128876
0.2838449776172638
0.46019765734672546
0.30928489565849304
0.32567206025123596
0.37137940526008606
0.5152477025985718
0.41016948223114014
0.48238101601600647
0.705739438533783
0.5256052017211914
-0.016483670100569725
0.5239484310150146
0.49965164065361023
0.45458802580833435
0.3567483425140381
0.20971617102622986
0.25429296493530273
0.7128104567527771
0.4666595757007599
0.3248288929462433
0.30750370025634766
0.4665185511112213
0.3699837625026703
0.5967535376548767
0.39673057198524475
0.6837818026542664
0.5140023827552795
0.3344574272632599
0.5105544924736023
0.41813525557518005
0.3921029269695282
0.26871976256370544
0.4662875831127167
0.07637433707714081
0.4750140905380249
0.6025548577308655
0.17003625631332397
0.45363205671310425
-0.0024316683411598206
0.5130126476287842
0.46816858649253845
0.03210834041237831
0.4508450925350189
0.056299831718206406
0.30323150753974915
-0.059499744325876236
0.025306303054094315
0.40479913353919983
0.5571190118789673
0.26965346932411194
0.7234047055244446
0.4854797422885895
0.2032724767923355
0.7144555449485779
0.15546482801437378
0.4099934697151184
0.2963183522224426
0.1554243117570877
0.05061818286776543
-0.02208448201417923
0.4193151295185089
0.6562994718551636
-0.006495056673884392
0.5116667151451111
0.8081886172294617
0.44070589542388916
0.5051552653312683
0.4086986482143402
0.4052389860153198
0.16229626536369324
0.35938170552253723
0.5311669111251831
0.36311838030815125
0.11208951473236084
0.5456222295761108
0.42556026577949524
0.6151959300041199
0.6014837622642517
0.5537324547767639
0.2475183606147766
0.24915018677711487
0.5706636905670166
0.44365194439888
0.24820849299430847
0.4379827082157135
0.42601436376571655
0.4336758852005005
0.45428481698036194
0.3752480447292328
0.04076879471540451
0.37720799446105957
0.23620961606502533
0.6986985206604004
0.014998126775026321
0.18939977884292603
0.6099724173545837
0.4058162271976471
0.15980684757232666
0.40422388911247253
0.4684099555015564
0.3584980368614197
0.5709590911865234
0.40172305703163147
0.39623817801475525
0.6543497443199158
0.008384991437196732
0.5462778210639954
0.6706830859184265
0.3339795768260956
0.48230573534965515
0.20507670938968658
0.4256958067417145
0.24594604969024658
0.3058280348777771
0.3693225085735321
0.4252784252166748
0.0024301856756210327
0.5089025497436523
0.4533730745315552
0.4286082088947296
0.5107411742210388
0.5116795897483826
0.532654345035553
0.08756847679615021
0.22733622789382935
0.26124581694602966
0.560357391834259
0.5671652555465698
0.3272661566734314
0.31202083826065063
0.1265852451324463
0.23104804754257202
0.006731141358613968
0.6602733731269836
0.2535645067691803
0.5631227493286133
0.55130535364151
0.45833316445350647
0.06958368420600891
0.2809407413005829
0.569486677646637
0.2304564118385315
0.21984338760375977
0.33771660923957825
0.44948452711105347
0.5829496383666992
0.6067909598350525
0.4436742961406708
0.14984144270420074
0.11710888147354126
0.4633503258228302
0.23665247857570648
0.3795608580112457
0.29173609614372253
0.14907123148441315
0.2632787227630615
0.16249939799308777
0.343246191740036
0.6870173215866089
0.288717657327652
0.20831841230392456
0.06485730409622192
0.37796226143836975
0.04317081347107887
0.6192743182182312
0.616198718547821
0.4072937071323395
0.4380718171596527
0.43533429503440857
0.014585709199309349
0.4364113509654999
0.43867620825767517
0.2957410514354706
0.4738469421863556
0.20250824093818665
0.44438931345939636
0.009092237800359726
0.4645136892795563
0.42081817984580994
0.5426239967346191
0.5307956337928772
0.1048450618982315
0.16322502493858337
0.07213142514228821
0.320387601852417
0.5016588568687439
0.0761193335056305
0.6463844776153564
0.38358962535858154
0.24460262060165405
0.6827905774116516
0.7131316661834717
0.021248802542686462
-0.00754275918006897
0.4193904399871826
0.28009718656539917
0.5368636846542358
0.3302657902240753
0.04624272882938385
0.45060575008392334
0.5311108231544495
0.2773796617984772
0.5754262208938599
0.1719055324792862
0.628723680973053
0.3382433354854584
0.13844388723373413
0.5875547528266907
0.03246602788567543
0.528269350528717
0.07339470088481903
0.6076620221138
0.23968562483787537
0.24958086013793945
0.33353152871131897
0.43372583389282227
0.2302679419517517
0.22000698745250702
0.46055516600608826
0.3956349492073059
0.477199524641037
0.3910232186317444
0.4777001440525055
0.6138710379600525
0.3858102262020111
0.07805149257183075
0.39931443333625793
0.4556728005409241
0.6107701659202576
0.16482847929000854
0.14405208826065063
0.33490538597106934
0.40415146946907043
0.452688604593277
0.04496259242296219
0.5896556973457336
0.7334442734718323
0.5539757013320923
0.2955816090106964
0.4188011884689331
0.6922282576560974
0.09546114504337311
0.3759000897407532
0.37876853346824646
0.047032590955495834
0.16713847219944
0.29351702332496643
0.47211167216300964
0.5026751160621643
0.3807911276817322
0.18581679463386536
0.16884559392929077
0.6205477118492126
0.2308962047100067
0.47744014859199524
0.2639581859111786
0.5259979963302612
0.43409642577171326
0.41754013299942017
0.4905531108379364
0.3036917448043823
0.4496089816093445
0.49455133080482483
0.3921598494052887
0.17940063774585724
0.15029095113277435
0.031518321484327316
0.3291453421115875
0.14915049076080322
0.24543720483779907
0.5027773976325989
0.7000246047973633
0.49578341841697693
0.5797683596611023
0.18646976351737976
0.5185984373092651
0.25782907009124756
0.10897497832775116
0.1279854029417038
0.541694700717926
-0.011057814583182335
0.5410019159317017
0.46119579672813416
0.2924562394618988
0.24496740102767944
0.5609756112098694
0.447476863861084
0.05653749778866768
0.37778013944625854
0.6730210781097412
0.16761155426502228
0.49283382296562195
-0.0035288333892822266
0.6860136389732361
0.2782290577888489
0.2659515142440796
0.4034603536128998
0.0009505171328783035
0.3372669219970703
-0.010143797844648361
0.31724682450294495
0.6572731137275696
0.10855625569820404
0.4236273467540741
0.553672194480896
0.27086976170539856
0.19527789950370789
0.5719987750053406
0.6365112066268921
0.34970584511756897
0.3628750741481781
0.23608863353729248
0.6194234490394592
0.3644300401210785
0.46785369515419006
0.2873159646987915
0.5097341537475586
0.3391590714454651
0.4897013008594513
0.6077913045883179
0.18279406428337097
0.6718424558639526
0.643456757068634
0.4740005135536194
0.4447348713874817
0.11310572922229767
0.23410500586032867
0.059976909309625626
0.026426568627357483
0.5682989954948425
0.45158544182777405
0.5229892134666443
0.11740852892398834
0.18102455139160156
0.060320477932691574
0.24089375138282776
0.29197266697883606
0.43460240960121155
0.2757771909236908
0.5894350409507751
0.07316102087497711
0.49967512488365173
0.0565650500357151
0.474457710981369
0.5596405863761902
0.5611700415611267
0.5528111457824707
0.0605178140103817
0.37008634209632874
0.34585466980934143
0.6243777871131897
0.515895426273346
0.4950643479824066
0.6179782748222351
0.11396005749702454
0.45901215076446533
0.14775890111923218
0.26675349473953247
0.5697391033172607
0.6930906772613525
0.5774421095848083
0.27966493368148804
0.2893536388874054
0.2367624193429947
0.2963646352291107
0.044428735971450806
0.21792320907115936
0.4942738115787506
0.464523583650589
0.023742903023958206
0.4131014049053192
0.3802894949913025
0.10512587428092957
0.2077026665210724
0.12196864187717438
0.6053680777549744
0.6637733578681946
0.5637156367301941
0.46008872985839844
0.6492264866828918
0.4864940345287323
0.17668676376342773
0.4423183500766754
0.3718343675136566
0.43490153551101685
0.005911383777856827
0.41957974433898926
0.32113704085350037
0.598972737789154
0.616976797580719
0.27013877034187317
0.6573284268379211
0.6000993847846985
0.37917760014533997
0.2307247519493103
0.3853093981742859
0.10074321925640106
0.027006592601537704
0.3274601101875305
0.31472522020339966
0.580259382724762
0.5195729732513428
0.7169016599655151
0.004340078681707382
0.3674885928630829
0.5669553875923157
0.3969164192676544
0.3465372323989868
0.6706553101539612
0.4107930362224579
0.5830959677696228
0.5296165347099304
0.5688471794128418
0.40490373969078064
0.32273054122924805
0.06892608106136322
0.5583816170692444
0.5646906495094299
0.4619186222553253
0.45134997367858887
0.5189105868339539
0.277024507522583
0.05679580196738243
0.46311500668525696
0.20528791844844818
0.15913434326648712
0.263345330953598
0.5017679333686829
0.3911069929599762
0.1553800404071808
0.5533769726753235
0.31267061829566956
0.48451998829841614
0.0559123270213604
0.2938251197338104
0.5022339224815369
0.1770188808441162
0.2587604820728302
0.11950114369392395
0.4287940263748169
0.4507121741771698
0.07552824914455414
0.6323472261428833
0.13268819451332092
0.5918677449226379
0.08645735681056976
0.13323920965194702
0.22233155369758606
0.15917378664016724
0.5922832489013672
0.5895729660987854
0.217642679810524
0.27552419900894165
0.08238495886325836
0.3822666108608246
0.4833747446537018
0.5100352168083191
0.16713711619377136
0.09681461751461029
0.7550472617149353
0.16423723101615906
0.49929991364479065
0.35904330015182495
0.31964996457099915
0.22062328457832336
0.5408252477645874
0.1522803008556366
0.1947602927684784
0.5464202165603638
0.4369584023952484
0.3269363343715668
0.5587884783744812
0.5511417388916016
0.21465256810188293
0.47170647978782654
0.4718330204486847
0.46710625290870667
0.1209544837474823
0.34992167353630066
0.4415607452392578
0.48570117354393005
0.6030048727989197
0.5534389615058899
0.6719629764556885
0.23704953491687775
0.2544266879558563
0.2425585687160492
0.5343850255012512
0.436036080121994
0.05294593796133995
0.46229320764541626
0.25507548451423645
0.6000967621803284
0.07097674906253815
0.2987724840641022
0.6972655653953552
0.5356935858726501
0.46002355217933655
0.30925458669662476
0.23160797357559204
0.6068984270095825
0.740879476070404
0.518919050693512
0.17417624592781067
0.6015846729278564
0.4611746072769165
0.40519124269485474
0.5342466235160828
0.027813810855150223
0.3875088393688202
0.5848883986473083
0.46901625394821167
0.7684808373451233
0.6954740881919861
0.561662495136261
-0.002328256145119667
0.47181347012519836
-0.002702604979276657
0.3709814250469208
0.24088922142982483
0.38844719529151917
0.5795103311538696
0.47160592675209045
0.35561224818229675
0.6251509785652161
0.24551281332969666
0.18168577551841736
0.5581004023551941
0.08889396488666534
0.3863051235675812
0.5170802474021912
0.41840803623199463
0.5842887163162231
0.1598101705312729
0.2532215416431427
0.336363822221756
0.41362154483795166
0.6263360977172852
0.26234984397888184
0.5265074968338013
0.11178816854953766
0.5438554883003235
0.37914469838142395
0.12087932229042053
0.5616639256477356
0.6199241280555725
0.010084498673677444
0.519027590751648
0.4704035818576813
0.49972227215766907
0.3542128801345825
0.41934478282928467
0.287235826253891
0.47500064969062805
0.6344088315963745
0.3789961040019989
0.35842764377593994
0.20667405426502228
0.28750914335250854
0.31564995646476746
0.08560535311698914
0.07603645324707031
0.6388099789619446
0.28636690974235535
0.5395476818084717
-0.0008989069610834122
0.5172445774078369
0.47186732292175293
0.14498314261436462
0.5003637671470642
0.39322420954704285
0.4964767396450043
0.6956812739372253
0.4580923914909363
-0.005148095078766346
0.40815067291259766
0.4294511079788208
0.056533169001340866
0.45536309480667114
0.4937014877796173
0.41257718205451965
0.5843203067779541
0.28412100672721863
0.3453294336795807
0.553719699382782
0.4560280740261078
0.42517581582069397
0.36922287940979004
0.03460453823208809
-0.006466357037425041
0.47040143609046936
0.5243251323699951
0.36238160729408264
0.2102956473827362
0.1756276786327362
0.27583444118499756
0.4878683090209961
0.5346742868423462
0.5613042116165161
0.07689407467842102
0.32214775681495667
0.48285987973213196
0.20897772908210754
0.13716676831245422
0.3213767111301422
0.260804146528244
0.38027358055114746
0.3246971666812897
0.5408862233161926
0.15889281034469604
0.4656103551387787
0.5237968564033508
0.4681343138217926
0.6501864790916443
0.5520598292350769
0.3724532723426819
0.5561451315879822
0.3929591178894043
0.006921704858541489
0.36399608850479126
0.2006005048751831
0.3340654671192169
0.36763086915016174
0.1787574291229248
0.5187063217163086
0.5681760311126709
0.36106574535369873
0.29166778922080994
0.04047853499650955
0.44444283843040466
0.6594467163085938
0.2767094373703003
0.04534082114696503
0.5135654807090759
0.05782999470829964
0.03018171712756157
0.39621469378471375
0.519153892993927
0.6150441765785217
0.12977351248264313
0.09520523250102997
0.14667348563671112
0.4192480146884918
0.4454817473888397
0.29446107149124146
0.5271439552307129
0.0041196346282958984
0.6605638861656189
0.48120805621147156
0.6880060434341431
0.15072306990623474
0.12231698632240295
0.33812272548675537
0.09493525326251984
0.23767244815826416
0.2442423701286316
0.6103296875953674
0.5333968997001648
0.5957749485969543
0.0815078467130661
0.5914084315299988
0.621992290019989
0.34428367018699646
0.4167844355106354
0.2872137129306793
0.2165992259979248
0.4890213906764984
0.21654526889324188
0.16798943281173706
0.07452259957790375
0.2774413526058197
0.5693514943122864
0.41935670375823975
0.017501428723335266
0.024286489933729172
0.717110812664032
0.5498304963111877
0.8036283254623413
0.38444480299949646
0.5249430537223816
0.4672887623310089
0.29596224427223206
0.42946699261665344
0.6352737545967102
0.349222868680954
0.39216962456703186
0.5128895044326782
0.07433794438838959
0.07102730870246887
0.5701032280921936
0.3358328938484192
0.528121829032898
0.42606446146965027
0.6191301941871643
0.6616124510765076
0.37512531876564026
0.5006905198097229
0.6463446617126465
0.44820359349250793
0.17794787883758545
0.598504364490509
0.45708218216896057
0.40565499663352966
0.16379237174987793
0.2269471287727356
0.3841650187969208
0.5808886885643005
0.616456151008606
0.48100218176841736
0.7029781937599182
0.6390577554702759
0.41119709610939026
0.4184887707233429
-0.02399212308228016
0.04942650720477104
0.19887322187423706
0.6033526062965393
0.6463663578033447
0.2866876721382141
0.4412701427936554
0.638610303401947
0.3095119893550873
0.06662486493587494
0.6517245173454285
0.4421277344226837
0.28238925337791443
0.4914468228816986
0.22202710807323456
0.3686140477657318
0.43995484709739685
0.30296823382377625
0.3548981845378876
0.4752720594406128
0.6807484030723572
0.29567229747772217
0.14956143498420715
0.48070597648620605
0.28788861632347107
0.2546808421611786
0.6281973123550415
0.4456724524497986
0.13580071926116943
0.5680579543113708
0.5149851441383362
0.4489310085773468
0.3924025297164917
0.47024014592170715
0.47228047251701355
0.6621180176734924
0.5190526247024536
0.36562076210975647
0.3497920036315918
0.31670933961868286
0.3693614900112152
0.5458349585533142
0.41410592198371887
0.5669215321540833
0.27173367142677307
0.3507252037525177
0.4717046320438385
0.625465452671051
0.3908693492412567
0.7116928696632385
0.5939972996711731
0.33715543150901794
0.3709697425365448
-0.0008939281105995178
0.17628920078277588
0.07495416700839996
0.6547285914421082
0.024215757846832275
0.268317848443985
0.4688469171524048
0.5122378468513489
0.5232383608818054
0.5039056539535522
0.43017879128456116
0.550683319568634
0.45020827651023865
0.2213909924030304
0.3706064522266388
0.47829386591911316
0.3120627999305725
0.08052337169647217
0.5750026702880859
0.15717963874340057
0.08104081451892853
0.45456430315971375
0.4470079839229584
0.568922221660614
0.6854416728019714
0.03677734360098839
0.5315214395523071
0.15266858041286469
0.652032732963562
0.4285595715045929
0.052495818585157394
0.498045414686203
0.46833336353302
0.4598705470561981
0.228447824716568
0.42759326100349426
0.501217782497406
0.48292186856269836
0.48284217715263367
0.5772353410720825
0.35208702087402344
0.2169913798570633
0.08716852962970734
0.6021584868431091
0.5556753277778625
0.27971509099006653
0.4081742465496063
0.2114526629447937
0.2695138156414032
0.5442414879798889
0.20292550325393677
0.5593965649604797
0.2723965048789978
-0.009405657649040222
0.4428582191467285
0.36095795035362244
-0.013699378818273544
0.5470269918441772
0.25524550676345825
0.6654261946678162
0.47231563925743103
0.6034147143363953
0.42343878746032715
0.3651873767375946
0.5158844590187073
0.578339159488678
0.5833701491355896
0.14237834513187408
0.1981515884399414
0.10760651528835297
0.40153324604034424
0.5332140922546387
-0.033589426428079605
0.5832234025001526
0.4721531867980957
0.3330126404762268
0.1335717737674713
0.10343120992183685
0.36857515573501587
0.46748608350753784
0.5051508545875549
0.33371099829673767
0.3652913272380829
0.10007236897945404
0.5790449380874634
-0.030307773500680923
0.5855662226676941
0.04000133275985718
0.2940329909324646
0.7542569041252136
0.1300479918718338
0.6720569729804993
0.6745256781578064
0.0693703293800354
0.45117223262786865
0.618755578994751
0.5504415035247803
0.38713571429252625
0.6877343058586121
0.1338575780391693
0.29148605465888977
0.4657175540924072
0.18101352453231812
0.21019195020198822
0.13058000802993774
0.6303274035453796
0.4236925542354584
0.31986331939697266
0.4668538272380829
0.4653014838695526
0.3781357407569885
0.3939901292324066
0.5410203337669373
0.16808870434761047
0.29115432500839233
0.5951319932937622
0.5298594236373901
0.22455179691314697
0.5506516098976135
0.6966113448143005
0.24769628047943115
0.5837647914886475
0.10885582864284515
0.7192907333374023
0.059107307344675064
0.4798365533351898
0.28301823139190674
0.07845991849899292
0.12376755475997925
0.042712751775979996
0.07002115249633789
0.3751835525035858
0.3768915832042694
0.17739588022232056
0.46171045303344727
0.3656154274940491
0.47354158759117126
0.4974144399166107
0.4359683096408844
0.15367016196250916
0.09722250699996948
0.3988024890422821
0.3910294473171234
0.6177717447280884
0.4597308933734894
0.4865835905075073
0.36844485998153687
0.5827304720878601
0.25837016105651855
0.5204054117202759
0.5372554659843445
0.4212850034236908
0.4901157319545746
0.36394569277763367
0.36080923676490784
0.016034875065088272
0.42474082112312317
0.1999589204788208
0.27743011713027954
0.09038664400577545
0.5176315307617188
0.49311742186546326
0.3253194987773895
0.4743199646472931
0.2875049114227295
0.47573915123939514
0.024483036249876022
0.23921321332454681
0.7830401062965393
0.41973307728767395
0.4063851535320282
0.5768468976020813
0.46990966796875
0.44560202956199646
0.2598607838153839
0.29781973361968994
0.4777335822582245
0.5062759518623352
0.14433617889881134
0.5764248967170715
0.042204175144433975
0.46552425622940063
0.23638597130775452
0.10493947565555573
0.46536344289779663
0.7035238146781921
0.334870308637619
0.12364242970943451
0.632700502872467
0.1574658751487732
0.45387548208236694
0.2751949727535248
0.18822742998600006
0.331481009721756
0.45462557673454285
-0.03002743050456047
0.39730122685432434
0.07783694565296173
0.5044712424278259
0.39129433035850525
0.4551648497581482
0.2097960114479065
0.5936911702156067
0.152374267578125
0.5809547901153564
0.2237459123134613
0.056587349623441696
0.15103679895401
0.5077528357505798
0.31322333216667175
0.29917430877685547
0.34446659684181213
0.5037010312080383
0.3851386606693268
0.403577595949173
0.02218697965145111
0.4000304639339447
0.46592703461647034
0.49222835898399353
0.05607278272509575
0.20986595749855042
0.5777656435966492
0.5998104214668274
0.4860232174396515
0.6753368973731995
0.17067500948905945
0.18046103417873383
0.48772475123405457
0.3544037342071533
0.541469395160675
0.6526616215705872
0.1952088475227356
0.42896273732185364
0.3849048316478729
0.3948576748371124
0.46740972995758057
0.5810886025428772
0.7634775638580322
0.5254603624343872
0.2608639597892761
0.28748631477355957
0.5935950875282288
0.4422703683376312
0.24912872910499573
0.29141324758529663
0.12691989541053772
0.5619552135467529
0.4656122624874115
0.5456512570381165
0.4051033556461334
0.43344107270240784
0.39756909012794495
0.4891568124294281
0.345052570104599
0.2588483989238739
0.24334174394607544
0.21452708542346954
0.2807610332965851
0.19166749715805054
0.5570934414863586
0.13516545295715332
0.5840774178504944
0.5137558579444885
0.4273122251033783
0.24299725890159607
0.09987755119800568
0.24493080377578735
0.48194512724876404
0.5012242197990417
0.4512823820114136
0.6567662358283997
0.25017470121383667
0.502918541431427
0.09579797089099884
0.5347424745559692
0.6527852416038513
0.3639526069164276
0.6362237930297852
0.46221622824668884
0.4239521622657776
0.4374968111515045
0.20989778637886047
0.3459307849407196
0.6188660264015198
0.10746066272258759
0.38913264870643616
0.5328521132469177
0.525164783000946
0.40038207173347473
0.473749041557312
0.4416768252849579
0.23715217411518097
0.008109357208013535
0.418796181678772
0.4285328686237335
0.18650463223457336
0.45694413781166077
-0.013337988406419754
0.11311417818069458
-0.017828986048698425
0.4313219487667084
0.40486231446266174
0.14730942249298096
0.0967504233121872
0.5681906342506409
0.3377772569656372
0.0012399516999721527
0.005601316690444946
0.02229924127459526
0.6062983274459839
0.09643661975860596
0.5656459331512451
0.2608798146247864
0.5461040139198303
0.15416964888572693
0.597933828830719
0.6407296657562256
0.5066449642181396
0.569624662399292
0.35207757353782654
0.5267954468727112
0.08756084740161896
0.4666408598423004
0.35286930203437805
0.43754419684410095
0.5123604536056519
0.34366586804389954
0.4709753692150116
0.6273614168167114
0.39336326718330383
0.5401620864868164
0.6180893182754517
0.6683169007301331
0.6643590331077576
0.46845248341560364
0.5576828122138977
0.4123142659664154
0.5481879711151123
0.6233294606208801
0.6049214601516724
0.12825673818588257
0.3967447280883789
0.4799274802207947
0.23427441716194153
0.4295234978199005
0.6646972298622131
0.6477023959159851
0.3640892803668976
0.5725375413894653
0.4368099272251129
0.5823723673820496
0.2890925705432892
0.32542434334754944
0.2923073470592499
0.23758135735988617
0.35205328464508057
0.17057597637176514
0.3160841166973114
0.3965105414390564
0.5774083137512207
0.09728257358074188
0.5377792119979858
0.7011070251464844
0.24856752157211304
0.058753740042448044
0.2974848449230194
0.7438059449195862
0.6510986685752869
0.6733750104904175
0.3827570378780365
0.47686824202537537
0.4653133451938629
0.5718887448310852
0.01247616857290268
0.6053202748298645
0.523252010345459
0.3702852725982666
0.3899153172969818
0.290242999792099
0.6085765361785889
0.6279798746109009
0.5297821164131165
0.5884615778923035
-0.007390191778540611
0.32071346044540405
0.0639667958021164
0.3160094916820526
0.49091359972953796
0.3683069050312042
0.16542156040668488
0.5323713421821594
0.3656313419342041
0.2788252830505371
0.417434424161911
0.21258464455604553
0.42456939816474915
0.5574378967285156
0.14119598269462585
0.20013853907585144
0.08727580308914185
0.30405285954475403
0.6473529934883118
0.33576008677482605
0.3123375475406647
0.4161963164806366
0.38092169165611267
0.0019444487988948822
0.42533478140830994
0.49931541085243225
0.17413227260112762
0.21184495091438293
0.3823989927768707
0.359600305557251
0.28497475385665894
0.13523873686790466
0.7272998690605164
0.5122717618942261
0.020697325468063354
0.4615339934825897
0.4345305562019348
0.0015223817899823189
0.13464541733264923
0.4486410617828369
0.3605465292930603
0.7011039853096008
0.5857506394386292
0.5685141682624817
0.21874484419822693
0.3179907500743866
0.4088972806930542
0.2823554575443268
0.4644351303577423
0.6157925724983215
0.24337083101272583
0.6071908473968506
0.037077996879816055
0.4114624559879303
0.5237091183662415
0.4529523551464081
0.6021009087562561
0.10400409996509552
0.6292731165885925
0.5323604941368103
0.06190165504813194
0.23202523589134216
0.48785021901130676
0.4063901901245117
0.6278404593467712
0.1621444970369339
0.556895911693573
0.3524428904056549
0.36820152401924133
0.435384064912796
0.05403131619095802
0.3758358657360077
0.5905346870422363
0.47287699580192566
0.5434660315513611
0.013992942869663239
0.06790101528167725
0.5521835088729858
0.39934858679771423
0.20619432628154755
0.3921346068382263
0.20973852276802063
0.5017206072807312
0.6360715627670288
0.19056913256645203
0.3379817306995392
0.006676416844129562
0.03526536747813225
0.4017833173274994
0.4068882167339325
0.20048029720783234
0.06219283863902092
0.37150099873542786
0.311735600233078
0.04509493336081505
0.6108530759811401
0.13330130279064178
0.18510106205940247
0.603181779384613
0.30158481001853943
0.08072608709335327
0.5380821228027344
0.38443803787231445
0.04203927516937256
0.3765733540058136
0.43436235189437866
0.6327337622642517
0.3545050621032715
0.4601718485355377
0.08331829309463501
0.35847464203834534
0.3289162516593933
0.14847229421138763
0.8021721839904785
0.5278425812721252
0.011888856068253517
0.49462077021598816
0.3898060619831085
0.26952752470970154
0.19007976353168488
0.7003695964813232
0.39166775345802307
0.6141360998153687
0.39032554626464844
0.3621567189693451
0.5950599312782288
0.4771600663661957
0.6824516654014587
0.6178267598152161
0.32487091422080994
0.36241185665130615
0.5490434765815735
0.2532798647880554
0.42905834317207336
0.4571448266506195
0.5808114409446716
0.1193530261516571
0.4043596684932709
0.4849306643009186
0.5616819262504578
0.12605313956737518
0.5691842436790466
0.09677305817604065
0.36987459659576416
0.5443469882011414
0.08280803263187408
-0.03143877908587456
0.2872421145439148
0.4591039717197418
0.33112964034080505
0.01126624085009098
0.14001582562923431
0.045192901045084
0.2585875988006592
0.5972676873207092
0.07281328737735748
0.5756646990776062
0.2380553036928177
0.3406287431716919
0.5369507670402527
0.4476819932460785
0.39728549122810364
0.553443968296051
0.23564858734607697
0.38117459416389465
0.45210573077201843
0.4320111572742462
0.31969359517097473
0.5012004375457764
0.5251615643501282
0.4104340970516205
0.43760427832603455
0.5453510880470276
0.2416382133960724
0.3789338767528534
0.42641448974609375
0.33463117480278015
0.16888976097106934
0.43499666452407837
0.39679262042045593
0.400147408246994
0.4839850068092346
0.47947031259536743
0.5668467879295349
-0.007384831085801125
