0.5593463182449341
0.47358614206314087
0.3870092034339905
0.44191038608551025
0.36040353775024414
0.3054125905036926
0.2654933035373688
0.42561477422714233
0.5346598625183105
0.4621933698654175
0.5980726480484009
0.5388739109039307
0.46567076444625854
0.332878053188324
0.5478320121765137
0.4957372546195984
0.35575294494628906
0.49050527811050415
0.3169625401496887
0.10256955772638321
0.6628478765487671
0.4621933698654175
0.4021907448768616
0.5239719748497009
0.4189413785934448
0.5126226544380188
0.2103479653596878
0.46916741132736206
0.32260334491729736
0.22264067828655243
0.5597777366638184
0.3859809637069702
0.9068744778633118
0.29404759407043457
0.654613196849823
0.6405559182167053
0.3256489634513855
0.4633157253265381
0.5704110264778137
0.46129173040390015
0.46167755126953125
0.5344107151031494
0.10396012663841248
0.4025838375091553
0.6492155194282532
0.36660152673721313
0.6396140456199646
0.6091823577880859
0.32382047176361084
0.6198017001152039
0.3540732264518738
0.25501179695129395
0.7017914056777954
0.5404099225997925
0.33348792791366577
0.39127010107040405
0.4256545901298523
0.4304344058036804
0.5250855088233948
0.5699512362480164
0.5264260172843933
0.36624765396118164
0.5912870168685913
0.2941281795501709
0.6752607226371765
-0.03659793734550476
0.3134358525276184
0.4173817038536072
0.2937468886375427
0.51607346534729
0.24854470789432526
0.34195977449417114
0.5782175660133362
0.1596161276102066
0.5124292373657227
0.5641242265701294
0.14766468107700348
0.5186771750450134
0.49550026655197144
0.6334018111228943
0.4412890672683716
0.4007277488708496
0.5581439137458801
0.4178866147994995
0.5227973461151123
0.5497965216636658
0.1801978051662445
0.5698806047439575
0.6282621026039124
0.25038301944732666
0.4926331043243408
0.5986082553863525
0.2025822252035141
0.24444927275180817
0.540216326713562
0.1694856882095337
0.2858165204524994
0.29393088817596436
0.2808559834957123
0.1732083261013031
0.45614802837371826
0.48432815074920654
0.3435766100883484
0.4926874041557312
0.42315196990966797
0.1647213101387024
0.5912721753120422
0.33445626497268677
0.2735055387020111
0.6099320650100708
0.2792412042617798
0.7649873495101929
0.41162216663360596
0.40259069204330444
0.2314368039369583
0.320770800113678
0.3465404510498047
0.4926132559776306
0.5500208735466003
0.5046693086624146
0.38199174404144287
0.5177815556526184
0.22621652483940125
0.1265806257724762
0.5312712788581848
0.3975270390510559
0.3848356008529663
0.1265806257724762
0.5127346515655518
0.5341044664382935
0.43481844663619995
0.32399290800094604
0.6954730153083801
0.2698522210121155
0.08688174933195114
0.12582525610923767
0.4453972578048706
0.15435171127319336
0.3972822427749634
0.7640122771263123
0.2025822252035141
0.6385317444801331
0.3757448196411133
0.5582676529884338
0.45428216457366943
0.16778092086315155
0.16486580669879913
0.6062632203102112
0.4914480447769165
0.4630357623100281
0.6068249344825745
0.18038888275623322
0.6361151337623596
0.6014952063560486
0.5487430095672607
0.1426355242729187
0.5553330183029175
0.5115264058113098
0.2312789410352707
0.47080057859420776
0.5573006868362427
0.39559972286224365
0.737739086151123
0.5626482367515564
0.23619039356708527
0.6694139838218689
0.5172101855278015
0.4915141463279724
0.42455047369003296
0.4075472950935364
0.3242878317832947
0.30178868770599365
0.6535515189170837
0.11057889461517334
0.47981005907058716
0.5401141047477722
0.400412917137146
0.46023643016815186
0.7897234559059143
0.42729610204696655
0.5918868780136108
0.19588103890419006
0.2755669355392456
0.4686902165412903
0.6091793775558472
0.7013767957687378
0.25043708086013794
0.14628368616104126
0.5024197101593018
0.5858126878738403
0.4070730209350586
0.5039693713188171
0.38029009103775024
0.4847612977027893
-0.021202489733695984
0.44692909717559814
0.5321142077445984
0.4131200313568115
0.19468741118907928
0.5913129448890686
0.7296857237815857
0.515836238861084
0.5252166390419006
0.7442674040794373
0.4741348624229431
0.4942624568939209
0.6196498274803162
0.2607000470161438
0.39471864700317383
0.33179980516433716
0.5871621966362
0.3984883427619934
0.6895473599433899
0.4459136128425598
0.5832729935646057
0.3360639214515686
0.4168092608451843
0.6786739230155945
0.3064911961555481
0.5002185702323914
0.22644127905368805
0.6091793775558472
0.6039072871208191
0.6634047627449036
0.6709622740745544
0.5495182871818542
0.4773856997489929
0.5957105159759521
0.6716813445091248
0.3680148124694824
0.18641990423202515
0.5636008381843567
0.5611599683761597
0.26511961221694946
0.6831933856010437
0.24655559659004211
0.3328862190246582
0.4373641610145569
0.5880445837974548
0.6066111922264099
0.4621933698654175
0.37527453899383545
0.48141026496887207
0.23672036826610565
0.7041352987289429
0.46776145696640015
0.4607014060020447
0.5417307019233704
0.6437494158744812
0.6291559338569641
0.2608790993690491
0.18001709878444672
0.6933588981628418
0.2692333459854126
0.31700563430786133
0.30399250984191895
0.5249680876731873
0.41162216663360596
0.17454305291175842
0.6800909638404846
0.5141470432281494
0.5012148022651672
0.2735137343406677
0.4216464161872864
0.6124182343482971
0.31051045656204224
0.534028947353363
0.32806462049484253
0.6119676232337952
0.22960104048252106
0.42271894216537476
0.3146894574165344
0.5221408009529114
0.46193230152130127
0.31816935539245605
0.5151596069335938
0.6087838411331177
0.5878744721412659
0.5309869050979614
0.3133516311645508
0.3322654366493225
0.4069816470146179
0.4857668876647949
0.4379909038543701
0.3959096074104309
0.4000205993652344
0.6712218523025513
0.5786640644073486
0.6571072936058044
0.2982209324836731
0.1810380071401596
0.586883008480072
0.4551900029182434
0.16983909904956818
0.6091793775558472
0.4511755108833313
0.21020786464214325
0.5401732325553894
0.579443097114563
0.35276931524276733
0.6394947171211243
0.5190489292144775
0.5423087477684021
0.585648238658905
0.2847052216529846
0.48290663957595825
0.5439384579658508
0.5667279362678528
0.6251883506774902
0.3450862169265747
0.3750564455986023
0.4399843215942383
0.4770272970199585
0.18358829617500305
0.6018652319908142
0.24103428423404694
0.6272687315940857
0.33693063259124756
0.5875148177146912
0.02419978752732277
0.5793576836585999
0.19855107367038727
0.5172114968299866
0.6913349032402039
0.5911383032798767
0.454923152923584
0.3936845064163208
0.34789538383483887
0.5116226673126221
0.4876762628555298
0.2128686159849167
0.21624241769313812
0.6562245488166809
0.5064327120780945
0.5024918913841248
0.5447814464569092
0.6091793775558472
0.5853615403175354
0.3840141296386719
0.19719380140304565
0.5172114968299866
0.23625339567661285
0.6514999270439148
0.19740048050880432
0.6685655117034912
0.3140851855278015
0.5884556174278259
0.28761565685272217
-0.0104575976729393
0.3625984787940979
0.24331386387348175
0.41616541147232056
0.45209866762161255
0.20968596637248993
0.38656407594680786
0.5172114968299866
0.42172396183013916
0.5880995392799377
0.27770641446113586
0.2874925136566162
0.6099416613578796
0.39331942796707153
0.573802649974823
0.3062860071659088
0.5327256917953491
0.45881372690200806
0.7125013470649719
0.6895421147346497
0.26790428161621094
0.546791672706604
0.5006769895553589
0.5364458560943604
0.5297127366065979
0.5075907707214355
0.4659733176231384
0.39564597606658936
0.35062307119369507
0.4109121561050415
0.6320897340774536
0.6902983784675598
0.14076390862464905
0.49944478273391724
0.27739864587783813
0.14513558149337769
0.11221390962600708
0.3381993770599365
0.3467976450920105
0.4516910910606384
0.49755603075027466
0.671915590763092
0.17002449929714203
0.43926936388015747
0.5884461402893066
0.14462153613567352
0.5769436359405518
0.4531388282775879
0.23950140178203583
0.47423267364501953
0.7463778853416443
0.6106405854225159
0.4481596350669861
0.21734429895877838
0.20547114312648773
0.4983997941017151
0.41162216663360596
0.5097880363464355
0.2103205770254135
0.7044597268104553
0.6985189318656921
0.6287044882774353
0.48607414960861206
0.4708317518234253
0.5720154047012329
0.5827394127845764
0.7138718366622925
0.4621933698654175
0.3490975499153137
0.32541048526763916
0.4944106936454773
0.4265650510787964
0.3408023715019226
0.19360272586345673
0.4621933698654175
0.48727160692214966
0.5201056599617004
0.5814942717552185
0.5388948917388916
0.43777167797088623
0.5082254409790039
0.37248629331588745
0.3728315234184265
0.5215460658073425
0.5336578488349915
0.24444927275180817
0.504073441028595
0.5455998778343201
0.30383384227752686
0.7829117178916931
0.6472567915916443
0.46631520986557007
0.6285341382026672
0.6691237092018127
0.40243983268737793
0.6318276524543762
0.4555578827857971
0.6968836784362793
0.3377169966697693
0.6186529397964478
0.4635968804359436
0.5407764315605164
0.31000006198883057
0.5290672183036804
0.5642334818840027
0.21542306244373322
0.4261700510978699
0.41128212213516235
0.4455309510231018
0.2261236310005188
0.19716201722621918
0.4396657943725586
0.5017066597938538
0.6776885390281677
0.5185043811798096
0.38199174404144287
0.4192469120025635
0.42152899503707886
0.15610647201538086
0.725127637386322
0.4926874041557312
0.6207851767539978
0.38199174404144287
0.35222113132476807
0.5443897843360901
0.20341697335243225
0.5567572712898254
0.5062932968139648
0.5802733898162842
0.22169576585292816
0.5927438735961914
0.33342355489730835
0.5067585110664368
0.39448827505111694
0.20422278344631195
0.5636284947395325
0.4954901337623596
0.5226567387580872
0.49582475423812866
0.23335038125514984
0.3352053761482239
0.4694640636444092
0.5060269832611084
0.5378510355949402
0.37895089387893677
0.20610247552394867
0.3593868017196655
0.7189775109291077
0.6896917223930359
0.16598404943943024
0.43582475185394287
0.49685603380203247
0.23067767918109894
0.5161276459693909
0.6851114630699158
0.1265806257724762
0.6903999447822571
0.47569018602371216
0.5961762070655823
0.3242086172103882
0.2203485518693924
0.5264260172843933
0.22129850089550018
0.46488797664642334
0.19593022763729095
0.6143658757209778
0.46341902017593384
0.3054966926574707
0.12194207310676575
0.3758893609046936
0.30110710859298706
0.23023758828639984
0.5305543541908264
0.2858145236968994
0.49196159839630127
0.22609251737594604
0.480471670627594
0.3932497501373291
0.3012608289718628
0.5438052415847778
0.5326934456825256
0.4588528871536255
0.6420660018920898
0.4498986601829529
0.36938148736953735
0.29665008187294006
0.565845787525177
0.38202065229415894
0.18109503388404846
0.30748289823532104
0.33221590518951416
0.6125859618186951
0.24846987426280975
0.40805286169052124
0.2025822252035141
0.6257936358451843
0.44212061166763306
0.38712888956069946
0.164479061961174
0.2772376537322998
0.346244752407074
0.1787278801202774
0.570863664150238
0.43262434005737305
0.29876548051834106
0.6997186541557312
0.39230167865753174
0.5048360228538513
0.5222703218460083
0.3346087336540222
0.3227965235710144
0.5597519874572754
0.38412755727767944
0.3427724242210388
0.40148913860321045
0.464935839176178
0.47155851125717163
0.628574013710022
0.2811321020126343
0.5898998379707336
0.10152976214885712
0.38098031282424927
0.31259989738464355
0.3064911961555481
0.2082873433828354
0.7479124069213867
0.7250003218650818
0.6416904330253601
0.5473650693893433
0.1642463058233261
0.34849560260772705
0.2820724844932556
0.5341206192970276
0.5992690920829773
0.15162259340286255
0.379319429397583
0.41162216663360596
0.4112456440925598
0.45936882495880127
0.6073344349861145
0.4500458836555481
0.6100203990936279
0.5264260172843933
0.3168320059776306
0.38059568405151367
0.5244153738021851
0.41162216663360596
0.5979369878768921
0.36240077018737793
0.2942958474159241
0.4775182008743286
0.5666409134864807
0.39554399251937866
0.5198563933372498
0.6926247477531433
0.644437313079834
0.5841248631477356
0.584217369556427
0.14917907118797302
0.5963360071182251
0.6017746329307556
0.4667426347732544
0.5372503995895386
0.4552740454673767
0.19018037617206573
0.5737554430961609
0.2913503646850586
0.40358978509902954
0.5722074508666992
0.5863813161849976
0.5898319482803345
0.5142101645469666
0.2764321565628052
0.37906813621520996
0.24714919924736023
0.4139949083328247
0.11867281049489975
0.3602718114852905
0.44228798151016235
0.6395103335380554
0.2822025418281555
0.6805210709571838
0.43096405267715454
0.4684765338897705
0.6957142353057861
0.5214955806732178
0.3457412123680115
0.39086204767227173
0.1412491798400879
0.3670920729637146
0.3300672173500061
0.5750439763069153
0.6252780556678772
0.6525477766990662
0.23011501133441925
0.7616609930992126
0.42692917585372925
0.26974910497665405
0.4555702209472656
0.6668501496315002
0.3000977635383606
0.5758664011955261
0.1265806257724762
0.5921447277069092
0.18063725531101227
0.38841456174850464
0.374748170375824
0.45182180404663086
0.27046701312065125
0.18723125755786896
0.44438791275024414
0.5248547196388245
0.5113562345504761
0.21340221166610718
0.5115509629249573
0.6547626852989197
0.40235280990600586
0.2242272049188614
0.575801432132721
0.5607238411903381
0.4696528911590576
0.3807932734489441
0.6137247085571289
0.5949378609657288
0.509832501411438
0.5709407329559326
0.33736222982406616
0.5302930474281311
0.5481680631637573
0.44468241930007935
0.4126889109611511
0.31200480461120605
0.4184848666191101
0.6334471106529236
0.34780073165893555
0.185180202126503
0.3782625198364258
0.37044113874435425
0.5045989751815796
0.44139987230300903
0.2962103486061096
0.4477396011352539
0.5660467743873596
0.5377214550971985
0.4706661105155945
0.11764214932918549
0.584405779838562
0.30555129051208496
0.48353904485702515
0.28492802381515503
0.11863471567630768
0.23638726770877838
0.24674053490161896
0.5172114968299866
0.38254469633102417
0.6811744570732117
0.5683291554450989
0.37854838371276855
0.5894579291343689
0.5260897278785706
0.5963865518569946
0.20975343883037567
0.6856332421302795
0.5705124735832214
0.2537655830383301
0.6269363760948181
0.24444927275180817
0.4538727402687073
0.5194244384765625
0.4935011863708496
0.26398831605911255
0.4159795045852661
0.300173282623291
0.1659930944442749
0.6196538805961609
0.23315127193927765
0.41484570503234863
0.25985854864120483
0.3467976450920105
0.6523053050041199
0.4029446840286255
0.4943975806236267
0.6418260931968689
0.21849964559078217
0.3231450319290161
0.32972419261932373
0.26041796803474426
0.35941195487976074
0.0046496763825416565
0.20539484918117523
0.3972738981246948
0.5510497689247131
0.3750307559967041
0.3522690534591675
0.44998979568481445
0.34228748083114624
0.482341468334198
0.3313649296760559
0.47713518142700195
0.3172268867492676
0.35841912031173706
0.4484398365020752
0.45800840854644775
0.6369205713272095
0.38787031173706055
0.2947849631309509
0.5897342562675476
0.6087561249732971
0.30225303769111633
0.4709552526473999
0.3141324520111084
0.5992470979690552
0.5890248417854309
0.4832225441932678
0.47380930185317993
0.4328054189682007
0.13853630423545837
0.5881930589675903
0.2001141905784607
0.4444805979728699
0.2025822252035141
0.1838403195142746
0.35094553232192993
0.4078420400619507
0.46477752923965454
0.41486865282058716
0.4360045790672302
0.161614790558815
0.4885789752006531
0.5186777114868164
0.33309406042099
0.4501149654388428
0.458702027797699
0.4553581476211548
0.3959653377532959
0.15664689242839813
0.47446078062057495
0.1733962595462799
0.27864283323287964
0.5086255073547363
0.31525325775146484
0.12568071484565735
0.5763364434242249
0.4161211848258972
0.5458916425704956
0.06009966880083084
0.46226876974105835
0.6586217284202576
0.6154946684837341
0.24480150640010834
0.3087967038154602
0.5403012633323669
0.5914461016654968
0.61956787109375
0.45263534784317017
0.5621871948242188
0.3932303190231323
0.503451406955719
0.6135467886924744
0.3096632659435272
0.43912023305892944
0.3008437752723694
0.19388222694396973
0.3060324192047119
0.3264574408531189
0.22070731222629547
0.5848153829574585
0.1265806257724762
0.5193262100219727
0.40949106216430664
0.4339022636413574
0.35551828145980835
0.38172781467437744
0.28967535495758057
0.14951439201831818
0.28957056999206543
0.482374370098114
0.30119872093200684
0.34649115800857544
0.3826591372489929
0.42907100915908813
0.31609827280044556
0.5299558043479919
0.36244457960128784
0.4637162685394287
0.5930909514427185
0.523187518119812
0.24223269522190094
0.37387096881866455
0.3848356008529663
0.2921072244644165
0.5402944087982178
0.5726822018623352
0.5373085141181946
0.4526464343070984
0.5451406836509705
0.326260507106781
0.46447038650512695
0.4047277569770813
0.3676740527153015
0.6010427474975586
0.15055358409881592
0.4266396760940552
0.5923653841018677
0.5732554197311401
0.41184377670288086
0.5880051255226135
0.36798757314682007
0.49635523557662964
0.6220304369926453
0.5093720555305481
0.6160151958465576
0.5215825438499451
0.08617258071899414
0.2810589671134949
0.49915963411331177
0.5766659379005432
0.6189550757408142
0.2449910193681717
0.3166491985321045
0.1014695093035698
0.3604786992073059
0.20167936384677887
0.6173033714294434
0.6583058834075928
0.5587306022644043
0.3185414671897888
0.5416661500930786
0.28957056999206543
0.34572678804397583
0.6025814414024353
0.3996034860610962
0.32888156175613403
0.5329757332801819
0.6611283421516418
0.41226881742477417
0.44863784313201904
0.4885321855545044
0.4455258846282959
0.23390606045722961
0.5508580803871155
0.44598275423049927
0.27489930391311646
0.4621933698654175
0.4828420877456665
0.7250542044639587
0.5828782916069031
0.7692105174064636
0.3769264817237854
0.33048903942108154
0.35757768154144287
0.26975512504577637
0.4902064800262451
0.7374606728553772
0.4598298668861389
0.42354339361190796
0.42697250843048096
0.7739395499229431
0.09180034697055817
0.7209769487380981
0.420143187046051
0.46779865026474
0.43188220262527466
0.23734907805919647
0.5632726550102234
0.49677443504333496
0.2983950674533844
0.23876787722110748
0.5132701396942139
0.4950220584869385
0.4426712989807129
0.4060085415840149
0.6527872085571289
0.5559476017951965
0.24140812456607819
0.5172114968299866
0.5985733866691589
0.4143308401107788
0.5417985916137695
0.44442176818847656
0.10957115143537521
0.6448473334312439
0.4253658652305603
0.6245880126953125
0.4044976830482483
0.4993462562561035
0.5392059087753296
0.1253146231174469
0.2641094923019409
0.5656541585922241
0.550629198551178
0.43061745166778564
0.3215562105178833
0.5510201454162598
0.1985824853181839
0.3974236249923706
0.16977590322494507
0.5057926177978516
0.5912331938743591
0.22751754522323608
0.5328901410102844
0.6523634791374207
0.48829346895217896
0.6320897340774536
0.5077314972877502
0.4001229405403137
0.5785595178604126
0.6594064831733704
0.4286760091781616
0.3226609230041504
0.2311076819896698
0.350841224193573
0.49763280153274536
0.4661778211593628
0.29522544145584106
0.40949809551239014
0.5890296101570129
0.4503123164176941
0.33189845085144043
0.5353615283966064
0.4814038872718811
0.4850108027458191
0.26711606979370117
0.6182003021240234
0.6600757837295532
0.2859596014022827
0.7331423163414001
0.21575848758220673
0.4353468418121338
0.2034686952829361
0.422774076461792
0.2053002268075943
0.4158481955528259
0.4125320315361023
0.5147082805633545
0.21870814263820648
0.44571369886398315
0.39622050523757935
0.3833709955215454
0.5356264710426331
0.2693190276622772
0.5354295372962952
0.505081295967102
0.482441782951355
0.5225522518157959
0.6417396664619446
0.6579360365867615
0.6398449540138245
0.37370914220809937
0.15435005724430084
0.4770963191986084
0.2025822252035141
0.2702924609184265
0.5198790431022644
0.4336456060409546
0.5495225787162781
0.35662388801574707
0.2614864110946655
0.20642955601215363
0.6318420767784119
0.41162216663360596
0.47721636295318604
0.5027357935905457
0.6091793775558472
0.15208116173744202
0.44090622663497925
0.21824273467063904
0.25806164741516113
0.5976444482803345
0.212792307138443
0.620940625667572
0.06859055161476135
0.4651338458061218
0.6972616314888
0.23003554344177246
0.49042707681655884
0.3752782344818115
0.27696818113327026
0.30262768268585205
0.5853442549705505
0.5862058997154236
0.4960002899169922
0.6076862215995789
0.3173893094062805
0.2852761447429657
0.10143283009529114
0.5580644011497498
0.3302159309387207
0.20126749575138092
0.3894631862640381
0.6382507681846619
0.5909209847450256
0.37850725650787354
0.645465075969696
0.37366431951522827
0.2187088280916214
0.3243963122367859
0.3890726566314697
0.4263397455215454
0.3806784152984619
0.35375678539276123
0.4791104197502136
0.21976202726364136
0.45451629161834717
0.484380841255188
0.2449081689119339
0.5192520618438721
0.28134363889694214
0.5899444222450256
0.315804123878479
0.297383189201355
0.28957056999206543
0.42623066902160645
0.4900229573249817
0.36669427156448364
0.1690000742673874
0.6616997122764587
0.3235817551612854
0.3336765766143799
0.31800371408462524
0.31242644786834717
0.4607692360877991
0.37381333112716675
0.19297495484352112
0.38261955976486206
0.6766088604927063
0.2999550998210907
0.23426009714603424
0.2435445636510849
0.5094067454338074
0.542340874671936
0.299588143825531
0.411903440952301
0.6292443871498108
0.1265806257724762
0.6426209807395935
0.21420733630657196
0.32337820529937744
0.3502301573753357
0.409862756729126
0.30387037992477417
0.4811171889305115
0.3754153847694397
0.6550398468971252
0.31572484970092773
0.4870416522026062
0.644800066947937
0.1644984483718872
0.5461586117744446
0.7053764462471008
0.7335236072540283
0.3169780969619751
0.3545876145362854
0.47024786472320557
0.42659300565719604
0.4757786989212036
0.3024618923664093
0.22608979046344757
0.46298354864120483
0.4705120325088501
0.6320897340774536
0.2682848572731018
0.28580325841903687
0.418820858001709
0.3308295011520386
0.4232032299041748
0.4817473888397217
0.4401549696922302
0.6772130727767944
0.569296658039093
0.32982003688812256
0.5331652760505676
0.5106457471847534
0.17702500522136688
0.41420161724090576
0.4691116213798523
0.514445960521698
0.2300408035516739
0.27810028195381165
0.5673162341117859
0.752328097820282
0.44413697719573975
0.5517823696136475
0.5723019242286682
0.2642896771430969
0.6670956015586853
0.34700822830200195
0.5283515453338623
0.19683919847011566
0.20938323438167572
0.09205904603004456
0.3651450276374817
0.44363731145858765
0.3452949523925781
0.5793490409851074
0.12404575198888779
0.34014004468917847
0.5524967312812805
0.29988378286361694
0.6344276070594788
0.49898695945739746
0.4621933698654175
0.5687253475189209
0.13324663043022156
0.5691382884979248
0.10946628451347351
0.5774202942848206
0.6393175721168518
0.7832677960395813
0.5006845593452454
0.4580909013748169
0.4518982172012329
0.34843748807907104
0.30028992891311646
0.6343461871147156
0.4621933698654175
0.5059835910797119
0.4299454092979431
0.4807083010673523
0.5086797475814819
0.32751262187957764
0.42029356956481934
0.4421399235725403
0.40943217277526855
0.5462299585342407
0.40857481956481934
0.41162216663360596
0.7517729997634888
0.5403609871864319
0.7271448373794556
0.6101075410842896
0.1873873621225357
0.5036036372184753
0.5416285991668701
0.24444927275180817
0.39464443922042847
0.22543825209140778
0.5009617209434509
0.5912099480628967
0.2259264439344406
0.5172114968299866
0.6133394837379456
0.5473238229751587
0.2692715525627136
0.392974853515625
0.36076706647872925
0.17410165071487427
0.1265806257724762
0.5332287549972534
0.3681749701499939
0.543164074420929
0.6126345992088318
0.2819124460220337
0.6810223460197449
0.2901572585105896
0.44547033309936523
0.5094067454338074
0.5151596069335938
0.3417755961418152
0.40188539028167725
0.11681433767080307
0.42553573846817017
0.538921058177948
0.4998229742050171
0.42632150650024414
0.6231393218040466
0.2143383026123047
0.4788825511932373
0.46558070182800293
0.6267533898353577
0.6766354441642761
0.5224348902702332
0.5178870558738708
0.34886282682418823
0.5961169600486755
0.22241489589214325
0.40407854318618774
0.5700419545173645
0.042608994990587234
0.530647873878479
0.4570627212524414
0.4911996126174927
0.3812751770019531
0.3090071678161621
0.5778798460960388
0.5642623901367188
0.4243355989456177
0.5280436277389526
0.5455591678619385
0.6884132623672485
0.3976965546607971
0.5151596069335938
0.6662344336509705
0.43114954233169556
0.2742481231689453
0.4015313982963562
0.6057558655738831
0.20312809944152832
0.47878170013427734
0.24061577022075653
0.6168401837348938
0.2107371836900711
0.36038273572921753
0.24825479090213776
0.5466455817222595
0.4394915699958801
0.3758545517921448
0.3121368885040283
0.4824957847595215
0.3529544472694397
0.2693302631378174
0.18655432760715485
0.36076706647872925
0.6432218551635742
0.16346155107021332
0.5166952013969421
0.4621933698654175
0.4700682759284973
0.6063374876976013
0.4187750220298767
0.6006139516830444
0.6431365013122559
0.28957056999206543
0.18754778802394867
0.4935041069984436
0.6088473200798035
0.5871034264564514
0.6052159667015076
0.4700930714607239
0.4262617230415344
0.5358929634094238
0.5369951725006104
0.5240212082862854
0.4985039234161377
0.4627993702888489
0.36397266387939453
0.6726394891738892
0.6475514769554138
0.2610066533088684
0.5110426545143127
0.28957056999206543
0.06745193898677826
0.5815516114234924
0.0988834947347641
0.31573206186294556
0.5397643446922302
0.12370549887418747
0.3241904377937317
0.41662853956222534
0.5160017609596252
0.6715672612190247
0.2609182596206665
0.46734195947647095
0.2617334723472595
0.14783544838428497
0.4621933698654175
0.6581472754478455
0.35299152135849
0.6587364673614502
0.54288250207901
0.24809134006500244
0.456582248210907
0.3064911961555481
0.6128852367401123
0.08253373205661774
0.35314393043518066
0.3504869341850281
0.23153015971183777
0.44082289934158325
0.3848356008529663
0.34740668535232544
0.16717487573623657
0.22127489745616913
0.6463969349861145
0.4873164892196655
0.46257299184799194
0.5151596069335938
0.48829346895217896
0.6991440057754517
0.6415388584136963
0.3696560263633728
0.18750518560409546
0.6371613144874573
0.2408531904220581
0.4300415515899658
0.3257485032081604
0.5640330910682678
0.2723003625869751
0.5265421271324158
0.34421324729919434
0.39564597606658936
0.7517436146736145
0.3771471381187439
0.38635069131851196
0.4660753011703491
0.6073936223983765
0.06033431738615036
0.2606356739997864
0.3678432106971741
0.3249828815460205
0.599075436592102
0.6527219414710999
0.2954336702823639
0.5445982813835144
0.4313480854034424
0.5384390950202942
0.37794625759124756
0.515789270401001
0.5514550805091858
0.26671719551086426
0.32544124126434326
0.15460021793842316
0.37106913328170776
0.4936301112174988
0.5056778192520142
0.4784541130065918
0.27516698837280273
0.28957056999206543
0.42641204595565796
0.6627302765846252
0.5172114968299866
0.5687183737754822
0.33445626497268677
0.6697839498519897
0.5984584093093872
0.32667386531829834
0.578659176826477
0.26912349462509155
0.21995069086551666
0.5854466557502747
0.5172114968299866
0.3364853262901306
0.3896731734275818
0.585366427898407
0.587641716003418
0.3076656460762024
0.3863096237182617
0.3513674736022949
0.1510617434978485
0.35891592502593994
0.3848356008529663
0.3992347717285156
0.5639799237251282
0.7056582570075989
0.690185010433197
0.7945403456687927
0.3549729585647583
0.5127357244491577
0.2532636523246765
0.47063660621643066
0.564396321773529
0.4218958020210266
0.22791670262813568
0.50388103723526
0.44865918159484863
0.1265806257724762
0.45445549488067627
0.49065375328063965
0.38199174404144287
0.5514929294586182
0.1860561966896057
0.37992197275161743
0.469083309173584
0.42056894302368164
0.6582179665565491
0.5634360313415527
0.3293772339820862
0.6271122694015503
0.5010780096054077
0.5382763147354126
0.39316052198410034
0.3828645944595337
0.5460801720619202
0.4899933934211731
0.2196369618177414
0.4754425883293152
0.32164257764816284
0.12770821154117584
0.2820536494255066
0.5000216364860535
0.4348846673965454
0.16255125403404236
0.326482355594635
0.5772798657417297
0.3559116721153259
0.2901585102081299
0.5716578364372253
0.1405029296875
0.5116562843322754
0.17951466143131256
0.3633468747138977
0.272391676902771
0.3587775230407715
0.2508559226989746
0.7023581862449646
0.522551417350769
0.03874509036540985
0.32489854097366333
0.6135337948799133
0.5254471898078918
0.6375147104263306
0.5011018514633179
0.43169015645980835
0.29715031385421753
0.5607478618621826
0.6925778985023499
0.6030316948890686
0.41162216663360596
0.39564597606658936
0.4292212724685669
0.45135068893432617
0.6141049265861511
0.7683071494102478
0.29093652963638306
0.5986228585243225
0.22772830724716187
0.5162700414657593
0.5892888903617859
0.38199174404144287
0.6320897340774536
0.3550475239753723
0.7243302464485168
-0.01862863451242447
0.27583491802215576
0.2795525789260864
0.24726298451423645
0.6229649186134338
0.5856147408485413
0.27844569087028503
0.19684146344661713
0.15583552420139313
0.23928989470005035
0.48639947175979614
0.5212135314941406
0.30321311950683594
0.5017099380493164
0.7741477489471436
0.5125311017036438
0.3876988887786865
0.5459359288215637
0.6463201642036438
0.5995407700538635
0.5391550660133362
0.19049979746341705
0.2987886667251587
0.5935317873954773
0.5857389569282532
0.49709248542785645
0.48531579971313477
0.28711995482444763
0.528278648853302
0.5605706572532654
0.25140106678009033
0.3644977807998657
0.6141369938850403
0.6838347315788269
0.44696223735809326
0.18829019367694855
0.21161599457263947
0.29651880264282227
0.31094199419021606
0.2633768916130066
0.22179649770259857
0.5264260172843933
0.49588197469711304
0.44272059202194214
0.628153920173645
0.26136016845703125
0.1797083020210266
0.1522674560546875
0.39564597606658936
0.44024479389190674
0.4488365054130554
0.4664716124534607
0.6367000937461853
0.46752703189849854
0.44289952516555786
0.4868919849395752
0.6011322140693665
0.39223891496658325
0.501045286655426
0.400288462638855
0.343844473361969
0.6957142353057861
0.4290006756782532
0.4412223696708679
0.8211413025856018
0.2283737063407898
0.20096008479595184
0.6798059344291687
0.4430152177810669
0.536329984664917
0.13856084644794464
0.6091793775558472
0.30318641662597656
0.559082567691803
0.3709908127784729
0.7723392844200134
0.28581321239471436
0.4720093011856079
0.5395333170890808
0.3578207492828369
0.289279580116272
0.38199174404144287
0.5189595818519592
0.6397356986999512
0.18965213000774384
0.394233763217926
0.559639036655426
0.3834652900695801
0.38784921169281006
0.2789347171783447
0.5851335525512695
0.6957142353057861
0.4969549775123596
0.6317163109779358
0.5321982502937317
0.6109278202056885
0.426666796207428
0.7169889807701111
0.47235333919525146
0.3174580931663513
0.5275425910949707
0.36873573064804077
0.48829346895217896
0.3308032155036926
0.38497626781463623
0.5723493695259094
0.3987959027290344
0.5498915314674377
0.5288435220718384
0.5612892508506775
0.5812227725982666
0.6034305691719055
0.6397568583488464
0.20089314877986908
0.6104429364204407
0.5537412762641907
0.30033713579177856
0.5898287296295166
0.3928259015083313
0.17336195707321167
0.23252800107002258
0.466302752494812
0.43683212995529175
0.6264156103134155
0.4712687134742737
0.4755176305770874
0.34844785928726196
0.43025511503219604
0.6035894751548767
0.3231635093688965
0.24947069585323334
0.6609785556793213
0.5153822302818298
0.5172114968299866
0.5150588154792786
0.3242260217666626
0.41513484716415405
0.3769422769546509
0.4443097710609436
0.2654189467430115
0.48340845108032227
0.314964234828949
0.316153883934021
0.45902806520462036
0.30729955434799194
0.5530866384506226
0.44471418857574463
0.6919978260993958
0.30801740288734436
0.4023299813270569
0.3954203128814697
0.3291739225387573
0.4723864197731018
0.7296847701072693
0.6838330626487732
0.5260781645774841
0.5477951169013977
0.6987835168838501
0.3075767159461975
0.7027156949043274
0.4423366189002991
0.343436062335968
0.2907259464263916
0.5561289191246033
0.3914961814880371
0.5415850877761841
0.13659535348415375
0.5865287184715271
0.24565933644771576
0.6310713887214661
0.5521271228790283
0.7200955748558044
0.5620094537734985
0.34942197799682617
0.38199174404144287
0.6057684421539307
0.5253832936286926
0.5110822916030884
0.7899483442306519
0.43352675437927246
0.48544442653656006
0.2613947093486786
0.29395389556884766
0.49491000175476074
0.27125030755996704
0.2566024661064148
0.40172386169433594
0.24969661235809326
0.3540669083595276
0.5455877780914307
0.24160461127758026
0.6288029551506042
0.645102858543396
0.6484233736991882
0.39564597606658936
0.4888874292373657
0.2025822252035141
0.6313638687133789
0.26624661684036255
0.3848356008529663
0.39914947748184204
0.4734635353088379
0.5544785261154175
0.5198023319244385
0.6621541380882263
0.47007298469543457
0.5050376653671265
0.37669557332992554
0.6195167899131775
0.7251785397529602
0.25281113386154175
0.579443097114563
0.4639013409614563
0.1608922779560089
0.4603133797645569
0.1380704641342163
0.45823031663894653
0.3463817834854126
0.6039267182350159
0.5763819217681885
0.3419308066368103
0.20925424993038177
0.32721471786499023
0.19485938549041748
0.5822544693946838
0.6655282378196716
0.5225862860679626
0.15596017241477966
0.6267094016075134
0.3821600079536438
0.12535789608955383
0.4631100296974182
0.48894232511520386
0.2409994751214981
0.23896102607250214
0.49684828519821167
0.44072580337524414
0.6168617606163025
0.5463889837265015
0.2655649781227112
0.5738008618354797
0.4456186890602112
0.4934731125831604
0.3182966709136963
0.7196985483169556
0.4098179340362549
0.2642896771430969
0.2748516798019409
0.5592505931854248
0.5591627955436707
0.6889813542366028
0.511540949344635
0.4501931071281433
0.24499614536762238
0.10160087049007416
0.6012668609619141
0.49745941162109375
0.6453448534011841
0.2937832474708557
0.32062894105911255
0.5222148299217224
0.2615363597869873
0.2789347171783447
0.33755916357040405
0.4443727135658264
0.5984598398208618
0.6628105044364929
0.5411562323570251
0.40804970264434814
0.3986049294471741
0.364166259765625
0.4663224220275879
0.5151596069335938
0.5001550912857056
0.39476245641708374
0.2529239356517792
0.5784146785736084
0.3385787010192871
0.5878444314002991
0.6113972067832947
0.35902684926986694
0.521221399307251
0.4296920895576477
0.4466663599014282
0.676603376865387
0.4441923499107361
0.6009567379951477
0.41444486379623413
0.6127848625183105
0.3802991509437561
0.5464722514152527
0.3727031946182251
0.28227609395980835
0.22614406049251556
0.2172345519065857
0.541728138923645
0.24842898547649384
0.40800005197525024
0.3670639991760254
0.3114625811576843
0.7377233505249023
0.455970823764801
0.5151596069335938
0.446927547454834
0.5015389919281006
0.47555065155029297
0.42187660932540894
0.5658309459686279
0.43972378969192505
0.3691924214363098
0.6051362156867981
0.3548886179924011
0.33961600065231323
0.6293728351593018
0.3150927424430847
0.6064744591712952
0.46341538429260254
0.2639703154563904
0.5771304965019226
0.4174709916114807
0.499081552028656
0.29648709297180176
0.426666796207428
0.6546160578727722
0.43944740295410156
0.3496978282928467
0.5199933648109436
0.6422399878501892
0.28927528858184814
0.5480937361717224
0.2837715148925781
0.5927935838699341
0.2923601269721985
0.48089826107025146
0.13370338082313538
0.46543407440185547
0.6210305094718933
0.38199174404144287
0.23438660800457
0.3244548439979553
0.4576534628868103
0.3669412136077881
0.4533655643463135
0.4720005989074707
0.3219744563102722
0.5883346796035767
0.5079956650733948
0.471545934677124
0.2457266002893448
0.48542922735214233
0.49967920780181885
0.15278689563274384
0.5970146059989929
0.5156303644180298
0.6739494204521179
0.22111915051937103
0.7036139369010925
0.434809148311615
0.5172114968299866
0.3719012141227722
0.3239451050758362
0.2894517183303833
0.42975330352783203
0.4613223075866699
0.29132235050201416
0.23148663341999054
0.3754236102104187
0.45206284523010254
0.547865092754364
0.5597996115684509
0.7369247674942017
0.43203580379486084
0.3972390294075012
0.4102308750152588
0.2798176407814026
0.2750450372695923
0.4889566898345947
0.5889847874641418
0.468544602394104
0.446641743183136
0.550049901008606
0.22299031913280487
0.7181198000907898
0.2463669329881668
0.3680802583694458
0.37469303607940674
0.540462851524353
0.14025063812732697
0.5293120741844177
0.2813107967376709
0.4260886311531067
0.5898343324661255
0.6379984021186829
0.5009647011756897
0.2787383198738098
0.5297548174858093
0.20108069479465485
0.2879359722137451
0.4174708127975464
0.5986335277557373
0.5514878630638123
0.4188953638076782
0.5151596069335938
0.5843595862388611
0.39564597606658936
0.7904027700424194
0.49717336893081665
0.47515225410461426
0.643509566783905
0.18956513702869415
0.5186560153961182
0.38199174404144287
0.5269784927368164
0.44194865226745605
0.17765581607818604
0.6053977012634277
0.3541727066040039
0.4045007824897766
0.5914388298988342
0.41424691677093506
0.4711846709251404
0.38172757625579834
0.12136663496494293
0.2118101269006729
0.4761918783187866
0.1265806257724762
0.5229542851448059
0.3850024938583374
0.2250550389289856
0.24444927275180817
0.440524697303772
0.5585171580314636
0.2649146318435669
0.2695288062095642
0.4621933698654175
0.17962655425071716
0.36481451988220215
0.13444887101650238
0.507435142993927
0.6403010487556458
0.5470491051673889
0.22951684892177582
0.2353879064321518
0.25117409229278564
0.763767659664154
0.25719475746154785
0.36662518978118896
0.5418156981468201
0.37442469596862793
0.6279215216636658
0.5263156890869141
0.645639955997467
0.5974965691566467
0.2207440584897995
0.5717131495475769
0.6236189603805542
0.4991230368614197
0.4563214182853699
0.4408278465270996
0.6320897340774536
0.5147855281829834
0.5176838636398315
0.6823863387107849
0.40408754348754883
0.40686237812042236
0.4499831795692444
0.19199489057064056
0.37070608139038086
0.20251470804214478
0.5209957957267761
0.5988176465034485
0.6103519797325134
0.614912211894989
0.44561129808425903
0.5988597273826599
0.3976929783821106
0.10269109159708023
0.09626762568950653
0.3833981156349182
0.5954763889312744
0.22129495441913605
0.1822119653224945
0.23327195644378662
0.6200948357582092
0.37548744678497314
0.527907133102417
0.5201447010040283
0.3146894574165344
0.7507203221321106
0.5806530117988586
0.371787965297699
0.3524073362350464
0.36495059728622437
0.6199900507926941
0.21192912757396698
0.5690634846687317
0.6313480734825134
0.5161836743354797
0.38199174404144287
0.3097652792930603
0.35153728723526
0.39564597606658936
0.2435445636510849
0.5264260172843933
0.23059944808483124
0.40992307662963867
0.6355053782463074
0.5411741137504578
0.6701830625534058
0.4469985365867615
0.28574395179748535
0.39872515201568604
0.2652326226234436
0.5356141924858093
0.6073811650276184
0.16130194067955017
0.24690832197666168
0.16163665056228638
0.13223367929458618
0.305364727973938
0.47217464447021484
0.3604915142059326
0.5695669054985046
0.5975618958473206
0.6194472312927246
0.4621933698654175
0.5394024848937988
0.3813571333885193
0.3921630382537842
0.27585071325302124
0.4143418073654175
0.4693300127983093
0.5232515335083008
0.5328180193901062
0.3597138524055481
0.3685306906700134
0.3933471441268921
0.3931950330734253
0.36365777254104614
0.3204960227012634
0.36028385162353516
0.4322606325149536
0.27945631742477417
0.7581744194030762
0.5510112047195435
0.500006914138794
0.6602104902267456
0.49445438385009766
0.4090123772621155
0.26979029178619385
0.2875787615776062
0.6622356176376343
0.5487428903579712
0.6644723415374756
0.30105364322662354
0.441201388835907
0.7068868279457092
0.6761084198951721
0.46389585733413696
0.27741727232933044
0.35991591215133667
0.6003782153129578
0.3902810215950012
0.6825845837593079
0.3803490400314331
0.6082639098167419
0.41162216663360596
0.5292505025863647
0.5264942646026611
0.35817408561706543
0.49647700786590576
0.31548011302948
0.6619086265563965
0.2026543766260147
0.19408543407917023
0.5618269443511963
0.37286853790283203
0.44082289934158325
0.5200230479240417
0.5238288044929504
0.5532240271568298
0.3678547739982605
0.23216994106769562
0.1493891477584839
0.3140714168548584
0.49311912059783936
0.5441601276397705
0.5046071410179138
0.5800267457962036
0.6123483180999756
0.23786453902721405
0.5789961218833923
0.24521727859973907
0.2025822252035141
0.5739366412162781
0.4692232608795166
0.5930909514427185
0.5097095966339111
0.5265105366706848
0.6592958569526672
0.5385513305664062
0.2583526372909546
0.5959638953208923
0.37692123651504517
0.6610859036445618
0.2865251302719116
0.38749223947525024
0.6171154379844666
0.5330522656440735
0.189395934343338
0.46194785833358765
0.24283647537231445
0.13405556976795197
0.515925407409668
0.1761498749256134
0.6203423142433167
0.5276811122894287
0.2696989178657532
0.30472812056541443
0.4814291000366211
0.418636679649353
0.3318498730659485
0.29132235050201416
0.3848356008529663
0.24936522543430328
0.4163813591003418
0.36999183893203735
0.5856437683105469
0.6213847994804382
0.4727575182914734
0.5264260172843933
0.5172114968299866
0.3940073847770691
0.5424071550369263
0.45453912019729614
0.6138185858726501
0.5109438300132751
0.31397438049316406
0.6091793775558472
0.276938796043396
0.46708011627197266
0.44030702114105225
0.3490380644798279
0.2610780894756317
0.24627666175365448
0.3336412310600281
0.14466015994548798
0.08351294696331024
0.8103883862495422
0.5913428068161011
0.5801002383232117
0.5682535767555237
0.4982711672782898
0.25776955485343933
0.2154795527458191
0.38173186779022217
0.31922751665115356
0.5068869590759277
0.4873495101928711
0.5413079261779785
0.6079110503196716
0.3841925263404846
0.545444905757904
0.5542888641357422
0.20963521301746368
0.21855442225933075
0.35961514711380005
0.16388139128684998
0.5510273575782776
0.5371107459068298
0.46369844675064087
0.43239903450012207
0.3213263750076294
0.3647223711013794
0.452101469039917
0.6751331686973572
0.5188544392585754
0.18026679754257202
0.1265806257724762
0.3913974165916443
0.4555244445800781
0.5374886989593506
0.3301476836204529
0.11297587305307388
0.5182434320449829
0.6704391837120056
0.5574107766151428
0.512622594833374
0.6117348670959473
0.5636338591575623
0.4785766005516052
0.36495059728622437
0.6658696532249451
0.673538327217102
0.49534809589385986
0.7135298848152161
0.32259517908096313
0.10690085589885712
0.5153182148933411
0.17207276821136475
0.3101779818534851
0.4437491297721863
0.543522298336029
0.43521708250045776
0.414856493473053
0.23739762604236603
0.645639955997467
0.10033011436462402
0.5323569774627686
0.4829704165458679
0.34178298711776733
0.5490868091583252
0.5332919359207153
0.3621112108230591
0.3167520761489868
0.3458214998245239
0.5326329469680786
0.3311699628829956
0.3745541572570801
0.4249511957168579
0.3720797300338745
0.5010544657707214
0.3655291199684143
0.18947100639343262
0.6287999749183655
0.5666133761405945
0.39564597606658936
0.21338246762752533
0.570146918296814
0.371870219707489
0.20573773980140686
0.11734172701835632
0.6044484972953796
0.5277150273323059
0.08253052085638046
0.6999585628509521
0.6475144624710083
0.6843395233154297
0.19803747534751892
0.353934109210968
0.5880407691001892
0.6424193978309631
0.2127029150724411
0.6506249308586121
0.49302583932876587
0.06440482288599014
0.4994494318962097
0.31428223848342896
0.42453664541244507
0.6771184802055359
0.5897815823554993
0.2477012723684311
0.42156994342803955
0.6932038068771362
0.35377734899520874
0.544248640537262
0.22872786223888397
0.4860427975654602
0.3144921660423279
0.5031798481941223
0.45837247371673584
0.3739725351333618
0.48663049936294556
0.3467690348625183
0.43091005086898804
0.36076706647872925
0.38127344846725464
0.3365364074707031
0.3326040506362915
0.24909530580043793
0.22988717257976532
0.6449189782142639
0.3848356008529663
0.5699657797813416
0.48182713985443115
0.19229625165462494
0.31165534257888794
0.17448687553405762
0.5678334832191467
0.2592346668243408
0.6201849579811096
0.3420582413673401
0.5376068949699402
0.6895567774772644
0.6043590903282166
0.5434581637382507
0.1761726588010788
0.3535459637641907
0.2431172877550125
0.582893967628479
0.47146791219711304
0.4888891577720642
0.3773248791694641
0.5208393335342407
0.5704205632209778
0.5167020559310913
0.5940321087837219
0.5495828986167908
0.5569854974746704
0.41184890270233154
0.3884013295173645
0.383796751499176
0.5826519727706909
0.48369163274765015
0.5920146107673645
0.5310888886451721
0.5305688977241516
0.4982696771621704
0.468994140625
0.6587902903556824
0.30784550309181213
0.6277684569358826
0.5701717734336853
0.37584608793258667
0.34981685876846313
0.22614406049251556
0.21651098132133484
0.22839154303073883
0.27956265211105347
0.5073044300079346
0.37066298723220825
0.23887379467487335
0.7853090167045593
0.16467663645744324
0.6239275336265564
0.1457158774137497
0.6737881302833557
0.5732645988464355
0.6420149207115173
0.16673409938812256
0.5511908531188965
0.32648420333862305
0.4956609606742859
0.33329761028289795
0.18465110659599304
0.44173187017440796
0.6533833146095276
0.5805906653404236
0.3688148260116577
0.4292610287666321
0.5628780722618103
0.6011237502098083
0.18577903509140015
0.1539650410413742
0.6604422330856323
0.4020366072654724
0.6772347092628479
0.5777127742767334
0.42501795291900635
0.2584882974624634
0.4666330814361572
0.41458046436309814
0.18448506295681
0.40859484672546387
0.3493868112564087
0.29837602376937866
0.6669233441352844
0.5486021637916565
0.3659709095954895
0.5030806660652161
0.5030643939971924
0.4305371046066284
0.47951340675354004
0.4080764651298523
0.43251538276672363
0.10141003876924515
0.619777262210846
0.6986821293830872
0.39564597606658936
0.4999011158943176
0.2224045693874359
0.3137776851654053
0.4620653986930847
0.5429766774177551
0.6816685199737549
0.3001942038536072
0.3969596028327942
0.4771626591682434
0.20373620092868805
0.2796037793159485
0.3169625401496887
0.31924647092819214
0.4947081208229065
0.6741423606872559
0.6091793775558472
0.6701902747154236
0.5151596069335938
0.28957056999206543
0.6582270264625549
0.5140153765678406
0.5844647288322449
0.5323072075843811
0.6191979050636292
0.2874296307563782
0.39830076694488525
0.5917343497276306
0.1521419733762741
0.4578326940536499
0.6091793775558472
0.33742767572402954
0.48749518394470215
0.24444927275180817
0.36867982149124146
0.21048231422901154
0.5308964848518372
0.2219817340373993
0.6424450874328613
0.3838576078414917
0.3065483868122101
0.4495641589164734
0.39168626070022583
0.5318429470062256
0.5396530032157898
0.37790101766586304
0.3119996190071106
0.5264260172843933
0.5807790160179138
0.5387816429138184
0.41430383920669556
0.24401850998401642
0.16271471977233887
0.39744824171066284
0.37728339433670044
0.6184244751930237
0.15171360969543457
0.45287972688674927
0.4259253740310669
0.10515634715557098
0.2553567886352539
0.27546483278274536
0.2539057731628418
0.46862274408340454
0.322595477104187
0.22015835344791412
0.24500836431980133
0.24017474055290222
0.3725844621658325
0.3351052403450012
0.4496927857398987
0.474765419960022
0.44876307249069214
0.5365023016929626
0.5960537791252136
0.5603840947151184
0.2901585102081299
0.45414018630981445
0.36088502407073975
0.6784815192222595
0.2468172162771225
0.6749866604804993
0.47872233390808105
0.33628761768341064
0.5010955929756165
0.2920795977115631
0.08937306702136993
0.6134902834892273
0.2103337049484253
0.12937816977500916
0.4854874014854431
0.37171614170074463
0.6091793775558472
0.6238710880279541
0.4431260824203491
0.542861819267273
0.3529634475708008
0.17890198528766632
0.5332479476928711
0.3314317464828491
0.5701938271522522
0.4313494563102722
0.2748767137527466
0.4430363178253174
0.2422848343849182
0.5274084806442261
0.28322166204452515
0.5616816878318787
0.488886296749115
0.5904960036277771
0.689222514629364
0.576023280620575
0.5462890863418579
0.25884944200515747
0.4044906497001648
0.3899614214897156
0.36104893684387207
0.4766295552253723
0.4709751009941101
0.37706470489501953
0.42418748140335083
0.5509061217308044
0.1544465869665146
0.5782793164253235
0.5785109400749207
0.31432998180389404
0.20097579061985016
0.11732503026723862
0.35922080278396606
0.4621933698654175
0.4296834468841553
0.2025822252035141
0.11206024885177612
0.47456973791122437
0.40606147050857544
0.2619112432003021
0.37525081634521484
0.10528932511806488
0.7926326394081116
0.6366237998008728
0.4345925450325012
0.6957142353057861
0.46707987785339355
0.6725969910621643
0.14590096473693848
0.40795260667800903
0.6566814184188843
0.5127648711204529
0.3181647062301636
0.5928725600242615
0.37474220991134644
0.6662322878837585
0.19276311993598938
0.5849258899688721
0.4769901633262634
0.5657863020896912
0.44737958908081055
0.4790189862251282
0.6923908591270447
0.5412067770957947
0.3739839792251587
0.2262275665998459
0.2928071618080139
0.5330783724784851
0.4299691915512085
0.08279919624328613
0.4659956097602844
0.42473816871643066
0.3177928328514099
0.19390492141246796
0.06672191619873047
0.39597517251968384
0.25370246171951294
0.7080838084220886
0.6347198486328125
0.5014951825141907
0.2137678861618042
0.1348906010389328
0.5099859833717346
0.2087712436914444
0.495693564414978
0.518671989440918
0.4313414692878723
0.10153795033693314
0.583405613899231
0.31583499908447266
0.48914313316345215
0.5146878957748413
0.7285534739494324
0.29544228315353394
0.5172114968299866
0.28309088945388794
0.38076817989349365
0.41695404052734375
0.18246394395828247
0.2425757497549057
0.29132235050201416
0.582420825958252
0.4113540053367615
0.5151596069335938
0.7154611945152283
0.6778250336647034
0.47151583433151245
0.6516320109367371
0.24283261597156525
0.5317237973213196
0.6264006495475769
0.1756928563117981
0.48122066259384155
0.24444927275180817
0.3743295669555664
0.420265793800354
0.6447083353996277
0.450489342212677
0.4633447527885437
0.3508806824684143
0.3294602036476135
0.6289069652557373
0.5521949529647827
0.5020201802253723
0.33445626497268677
0.5350620746612549
0.14130419492721558
0.3826131224632263
0.4495677351951599
0.5910097360610962
0.527783215045929
0.37622976303100586
0.3315088748931885
0.5343716144561768
0.5208831429481506
0.49202579259872437
0.6509284973144531
0.35684704780578613
0.25437745451927185
0.6471258997917175
0.17971457540988922
0.3853533864021301
0.2954549789428711
0.5193688273429871
0.6002159714698792
0.5534927248954773
0.44562941789627075
0.6660681962966919
0.5694274306297302
0.5458496809005737
0.5295993089675903
0.3339204788208008
0.5484523773193359
0.2844986319541931
0.512944221496582
0.5124089121818542
0.4819796085357666
0.47730308771133423
0.6389573216438293
0.5493693947792053
0.6144477725028992
0.5154932737350464
0.18997885286808014
0.5344364643096924
0.3914339542388916
0.18460220098495483
0.5304602980613708
0.4726094603538513
0.4006504416465759
0.5755513310432434
0.6263942122459412
0.42872339487075806
0.5835762619972229
0.4751952886581421
0.44212090969085693
0.26200684905052185
0.6129749417304993
0.29544246196746826
0.6215596795082092
0.5851117968559265
0.3503224849700928
0.3992154002189636
0.4855644106864929
0.40120869874954224
0.6172782778739929
0.24175748229026794
0.3735423684120178
0.3869217038154602
0.6149677038192749
0.604056179523468
0.5313146114349365
0.7366442084312439
0.5000922083854675
0.49875932931900024
0.2338653951883316
0.6270086169242859
0.6045153737068176
0.42112451791763306
0.271598756313324
0.7922473549842834
0.5151596069335938
0.4520285725593567
0.17733238637447357
0.2903255224227905
0.5151596069335938
0.34488576650619507
0.3106134533882141
0.3099662661552429
0.14243686199188232
0.4949914216995239
0.6117726564407349
0.2511135935783386
0.35264647006988525
0.6157939434051514
0.4631369709968567
0.44194865226745605
0.694073498249054
0.5572633743286133
0.24444927275180817
0.3873780369758606
0.6311138868331909
0.4481002688407898
0.1975409835577011
0.5139747858047485
0.3150012493133545
0.07799606025218964
0.5012385845184326
0.284942090511322
0.3439483642578125
0.2440713793039322
0.4332262873649597
0.623562753200531
0.28957056999206543
0.26160699129104614
0.5303552150726318
0.518704891204834
0.3757448196411133
0.43951213359832764
0.5745546817779541
0.7020180821418762
0.5982401967048645
0.7134371399879456
0.4501352906227112
0.6616538166999817
0.42937254905700684
0.5317348837852478
0.37489551305770874
0.42937326431274414
0.4644957184791565
0.4675578474998474
0.4397814869880676
0.28779417276382446
0.36050283908843994
0.38544732332229614
0.45561838150024414
0.33546018600463867
0.43976378440856934
0.1654072403907776
0.562610924243927
0.45784127712249756
0.47874683141708374
0.6392397880554199
0.4862983226776123
0.28957056999206543
0.3064911961555481
0.5553021430969238
0.27458587288856506
0.44082289934158325
0.22910036146640778
0.6799085736274719
0.7012255191802979
0.47383296489715576
0.591065526008606
0.296968936920166
0.5919690728187561
0.39036107063293457
0.38090646266937256
0.6317649483680725
0.5731327533721924
0.1265806257724762
0.3909251093864441
0.40231162309646606
0.6647881269454956
0.22614406049251556
0.40128618478775024
0.1952163130044937
0.6425947546958923
0.2866401672363281
0.06382639706134796
0.35613125562667847
0.40927577018737793
0.7033922672271729
0.38834089040756226
0.560070276260376
0.5216824412345886
0.39316266775131226
0.30487507581710815
0.6124375462532043
0.1715114712715149
0.1585492044687271
0.22491204738616943
0.5695533156394958
0.3879455327987671
0.4790453314781189
0.3922480344772339
0.41380029916763306
0.18714305758476257
0.28480929136276245
0.43291109800338745
0.47741764783859253
0.49303776025772095
0.6320694088935852
0.4598076343536377
0.5290911197662354
0.743176281452179
0.5569562911987305
0.12326858192682266
0.22428396344184875
0.31816935539245605
0.539678156375885
0.16048364341259003
0.2889214754104614
0.4589396119117737
0.3592802882194519
0.3424904942512512
0.5866145491600037
0.5757030844688416
0.5961285829544067
0.5159968733787537
0.1121678352355957
0.19459481537342072
0.4506435990333557
0.49902915954589844
0.707211434841156
0.30087578296661377
0.5332300662994385
0.42307770252227783
0.5612134337425232
0.2507733702659607
0.4918591380119324
0.19401060044765472
0.2677861452102661
0.48829346895217896
0.46458983421325684
0.6375507712364197
0.7198171615600586
0.417774498462677
0.39638054370880127
0.2586789131164551
0.25710171461105347
0.5850749611854553
0.2970389127731323
0.46404725313186646
0.7461151480674744
0.3579922914505005
0.4975660443305969
0.4600897431373596
0.17322710156440735
0.3933308720588684
0.4413101077079773
0.4270596504211426
0.5592570304870605
0.3455768823623657
0.5799430012702942
0.5253536701202393
0.7910082936286926
0.30639028549194336
0.5073187947273254
0.45478129386901855
0.9375297427177429
0.3042147159576416
0.18286770582199097
0.24444927275180817
0.5120150446891785
0.19049488008022308
0.3757448196411133
0.46013420820236206
0.27918535470962524
0.31727880239486694
0.2025822252035141
0.3848356008529663
0.3957846164703369
0.593087375164032
0.48951417207717896
0.33109521865844727
0.5698652863502502
0.3950343728065491
0.5795102715492249
0.2124813050031662
0.6058156490325928
0.5762335062026978
0.6693066954612732
0.2424972504377365
0.5048952102661133
0.37699317932128906
0.5389648079872131
0.4943895936012268
0.10849268734455109
0.4084402918815613
0.45631152391433716
0.6291869282722473
0.16192464530467987
0.4330942630767822
0.4334186315536499
0.26154980063438416
0.39040422439575195
0.37248605489730835
0.5848219990730286
0.5009111762046814
0.4929504990577698
0.694183886051178
0.42678844928741455
0.22945386171340942
0.43226563930511475
0.5128634572029114
0.5273803472518921
0.4669780731201172
0.4638946056365967
0.637052059173584
0.6201726794242859
0.3848356008529663
0.24257664382457733
0.38211590051651
0.519573450088501
0.5158976316452026
0.27053284645080566
0.40136730670928955
0.29136401414871216
0.2916165590286255
0.1502234935760498
0.34178298711776733
0.529169499874115
0.40787649154663086
0.4896876811981201
0.6319076418876648
0.48394066095352173
0.20732833445072174
0.44867902994155884
0.454414427280426
0.3713723421096802
0.4642360806465149
0.29827359318733215
0.43615609407424927
0.31694668531417847
0.3626328110694885
0.6046509742736816
0.517875075340271
0.5745863318443298
0.5763980150222778
0.41823065280914307
0.6049830317497253
0.6117925047874451
0.37667739391326904
0.46106165647506714
0.5827333331108093
0.38842952251434326
0.48365628719329834
0.41162216663360596
0.2025822252035141
0.4733580946922302
0.1265806257724762
0.36076706647872925
0.5202858448028564
0.30536216497421265
0.29180753231048584
0.45286136865615845
0.17408600449562073
0.7755990028381348
0.42422938346862793
0.5782614946365356
0.3066200017929077
0.5013328790664673
0.39035093784332275
0.13632476329803467
0.6731367707252502
0.4438614845275879
0.26494500041007996
0.4513225555419922
0.22430233657360077
0.14572302997112274
0.53835129737854
0.3108219504356384
0.3359144926071167
0.31810319423675537
0.22738192975521088
0.47221505641937256
0.47822052240371704
0.30712443590164185
0.6104546189308167
0.2648591995239258
0.23971082270145416
0.17730197310447693
0.21592356264591217
0.28078705072402954
0.4975132942199707
0.4625593423843384
0.6719304919242859
0.2025822252035141
0.6009663343429565
0.25858378410339355
0.40767067670822144
0.6061307191848755
0.5344302654266357
0.3860512971878052
0.44562381505966187
0.2912946939468384
0.22585086524486542
0.5827022194862366
0.49842774868011475
0.21984489262104034
0.1799134612083435
0.4125576615333557
0.28957056999206543
0.6754831671714783
0.21160562336444855
0.24381005764007568
0.2295082062482834
0.5790243148803711
0.47088003158569336
0.5604294538497925
0.5154314041137695
0.4244117736816406
0.6878369450569153
0.27402445673942566
0.6574339270591736
0.6119911670684814
0.5790475010871887
0.2624129056930542
0.4587462544441223
0.5494739413261414
0.4828745722770691
0.5579860210418701
0.26919299364089966
0.4300381541252136
0.5123293399810791
0.47457510232925415
0.5383779406547546
0.40927499532699585
0.6276493072509766
0.45796990394592285
0.2573665976524353
0.3610244393348694
0.552888035774231
0.3586004972457886
0.6592176556587219
0.37528812885284424
0.3360108733177185
0.21136076748371124
0.3947908878326416
0.518806517124176
0.4844621419906616
0.06737177819013596
0.34956568479537964
0.4558142423629761
0.5287459492683411
0.4673876166343689
0.5106460452079773
0.5555759072303772
0.6145817041397095
0.5527803897857666
0.3576478362083435
0.3188222050666809
0.12297143042087555
0.3864048719406128
0.42440205812454224
0.30343711376190186
0.17148879170417786
0.5132782459259033
0.5753400921821594
0.4962615966796875
0.18734097480773926
0.49265164136886597
0.5804594159126282
0.27741727232933044
0.21292485296726227
0.32311105728149414
0.6676319241523743
0.46343928575515747
0.6774610877037048
0.2147403508424759
0.23141388595104218
0.3264949321746826
0.23657454550266266
0.6238863468170166
0.1153566911816597
0.5108814835548401
0.32064807415008545
0.27739864587783813
0.36536383628845215
0.24479292333126068
0.1976485699415207
0.23420538008213043
0.3991570472717285
0.363399863243103
0.3204845190048218
0.41162216663360596
0.2013343721628189
0.6800116300582886
0.547472357749939
0.2813602089881897
0.29952073097229004
0.5528810620307922
0.5235641598701477
0.32727915048599243
0.35164201259613037
0.26614823937416077
0.3828902244567871
0.20934778451919556
0.39564597606658936
0.5264260172843933
0.6114695072174072
0.30404937267303467
0.3394623398780823
0.2507197856903076
0.24444927275180817
0.5008773803710938
0.13314518332481384
0.5705308318138123
0.24444927275180817
0.5809245705604553
0.48874443769454956
0.45181238651275635
0.5192424654960632
0.6491034626960754
0.4887356162071228
0.34415096044540405
0.4989318251609802
0.6887372136116028
0.3557034730911255
0.4305320382118225
0.426666796207428
0.6168121695518494
0.24444927275180817
0.40215086936950684
0.7663915753364563
0.38838690519332886
0.1693205088376999
0.2661786675453186
0.597862184047699
0.3568875789642334
0.24854598939418793
0.625222384929657
0.2538491487503052
0.5140770673751831
0.1669791042804718
0.48387765884399414
0.48129212856292725
0.23559658229351044
0.2131831794977188
0.5191929936408997
0.5761430859565735
0.13952958583831787
0.5443899035453796
0.4511529207229614
0.3598713278770447
0.5203914046287537
0.4209473133087158
0.49808162450790405
0.222710981965065
0.35314643383026123
0.2576521635055542
0.24366135895252228
0.16141627728939056
0.20671986043453217
0.37233608961105347
0.20765814185142517
0.3940652012825012
0.6405854225158691
0.38405221700668335
0.28957056999206543
0.33853238821029663
0.26912349462509155
0.25382018089294434
0.3205944895744324
0.4013359546661377
0.4751262068748474
0.20852966606616974
0.3259546160697937
0.5480443239212036
0.5347747206687927
0.5561272501945496
0.5264260172843933
0.18791057169437408
0.14738322794437408
0.5448414087295532
0.47455549240112305
0.41014373302459717
0.5265485048294067
0.5099919438362122
0.2890799641609192
0.5201250910758972
0.14583101868629456
0.22127489745616913
0.4504951238632202
0.39672034978866577
0.21247147023677826
0.3087717890739441
0.15934762358665466
0.5579025745391846
0.495494544506073
0.24611027538776398
0.566835343837738
0.3798481225967407
0.25441473722457886
0.5460909008979797
0.4949471354484558
0.5237293243408203
0.44093412160873413
0.5639903545379639
0.39331942796707153
0.4773494601249695
0.5842645168304443
0.29581981897354126
0.5014711022377014
0.5553461909294128
0.3405648469924927
0.29211997985839844
0.24444927275180817
0.3048135042190552
0.38085901737213135
0.5635538101196289
0.5031304955482483
0.3166511654853821
0.266238808631897
0.5306257009506226
0.4725877046585083
0.5458751916885376
0.5200636386871338
0.4265791177749634
0.1585884541273117
0.5431811809539795
0.39564597606658936
0.44978010654449463
0.2640784680843353
0.40287506580352783
0.8436675071716309
0.21836362779140472
0.2516326904296875
0.38199174404144287
0.3169780969619751
0.2947849631309509
0.4659962058067322
0.5340195894241333
0.2844364643096924
0.42503565549850464
0.3848356008529663
0.5088239312171936
0.7570390105247498
0.6641728281974792
0.4961484670639038
0.5921869874000549
0.23094896972179413
0.5064818263053894
0.7027120590209961
0.14366964995861053
0.024574317038059235
0.6256260871887207
0.07699688524007797
0.6421529054641724
0.39564597606658936
0.4894499182701111
0.46460795402526855
0.5000922083854675
0.2514733076095581
0.7826833128929138
0.6686117649078369
0.30309540033340454
0.6755140423774719
0.5341296792030334
0.5338125824928284
0.46007388830184937
0.21979975700378418
0.1265806257724762
0.1265806257724762
0.3446502685546875
0.22876869142055511
0.5079410076141357
0.5372499823570251
0.7645918726921082
0.17900803685188293
0.4392814636230469
0.42937129735946655
0.40615350008010864
0.31473642587661743
0.6048213839530945
0.5477436184883118
0.6646047830581665
0.5575568675994873
0.29261839389801025
0.49910229444503784
0.24234254658222198
0.4898843765258789
0.468824565410614
0.17602016031742096
0.6416775584220886
0.4828653931617737
0.3647112250328064
0.4985678791999817
0.5418480634689331
0.3144921660423279
0.2567752003669739
0.19036966562271118
0.47907447814941406
0.4713493585586548
0.47781306505203247
0.46461498737335205
0.650061845779419
0.657806932926178
0.5928348898887634
0.4125124216079712
0.7047112584114075
0.408139169216156
0.26407819986343384
0.2850838899612427
0.410247802734375
0.5190902352333069
0.46163803339004517
0.45637333393096924
0.27123555541038513
0.19147901237010956
0.30725622177124023
0.6324489712715149
0.4783240556716919
0.5021528601646423
0.34579408168792725
0.40691161155700684
0.5387952923774719
0.17230316996574402
0.41674506664276123
0.47496509552001953
0.21440769731998444
0.40746355056762695
0.3926771283149719
0.15974780917167664
0.5023804306983948
0.5615841746330261
0.5618828535079956
0.23944257199764252
0.3256409168243408
0.2864038944244385
0.375805139541626
0.1113489642739296
0.37427669763565063
0.23368105292320251
0.41785115003585815
0.5729405283927917
0.5898957848548889
0.38585495948791504
0.5413085222244263
0.544480562210083
0.4777541756629944
0.482848584651947
0.643069863319397
0.5000007152557373
0.42552047967910767
0.2025822252035141
0.5939810872077942
0.4557816982269287
0.42889612913131714
0.48172229528427124
0.08506010472774506
0.39564597606658936
0.2498629242181778
0.5320730209350586
0.1726357638835907
0.5623807907104492
0.41087597608566284
0.5716444849967957
0.6529694199562073
0.4770199656486511
0.5183946490287781
0.5428090691566467
0.1373751014471054
0.07260099053382874
0.48724067211151123
0.2434542179107666
0.330191969871521
0.3301476836204529
0.3798123598098755
0.3500702381134033
0.5627169013023376
0.33751338720321655
0.6455814242362976
0.35713404417037964
0.3064911961555481
0.1928274780511856
0.5898957848548889
0.43973612785339355
0.4982284903526306
0.5151596069335938
0.2234039157629013
0.32844287157058716
0.3064911961555481
0.22128058969974518
0.4244234561920166
0.3087967038154602
0.3967219591140747
0.5991286635398865
0.5227205157279968
0.4528295397758484
0.33976638317108154
0.5232714414596558
0.27072441577911377
0.28216972947120667
0.490420937538147
0.6656616926193237
0.3848356008529663
0.44714558124542236
0.4296376705169678
0.5161097645759583
0.16463781893253326
0.4970296621322632
0.426666796207428
0.39864957332611084
0.7003198266029358
0.5962134599685669
0.16249653697013855
0.3663681745529175
0.25432562828063965
0.32087260484695435
0.44404345750808716
0.24607455730438232
0.5477207899093628
0.5320355892181396
0.3331214189529419
0.48642396926879883
0.5079242587089539
0.5585188269615173
0.2003108412027359
0.21697664260864258
0.24076056480407715
0.25698959827423096
0.3137736916542053
0.29398414492607117
0.3745192289352417
0.6088353991508484
0.48435360193252563
0.5510209798812866
0.2665151357650757
0.4279511570930481
0.6028392910957336
0.39666515588760376
0.43043601512908936
0.5560298562049866
0.1945786327123642
0.5601341128349304
0.6395017504692078
0.31157660484313965
0.5591353178024292
0.29132235050201416
0.3716556429862976
0.5176786780357361
0.5932760834693909
0.44543713331222534
0.1044272854924202
0.6408929228782654
0.5252150297164917
0.5512679815292358
0.25445276498794556
0.45364946126937866
0.6091793775558472
0.21765698492527008
0.4920210838317871
0.2802359163761139
0.3027688264846802
0.5636405348777771
0.7018598914146423
0.5686023831367493
0.4133782386779785
0.33998578786849976
0.2809883952140808
0.4162057042121887
0.27627071738243103
0.3306009769439697
0.446048378944397
0.25995105504989624
0.7539837956428528
0.5199950933456421
0.2589380741119385
0.4209803342819214
0.279222309589386
0.6067643165588379
0.3125409483909607
0.6126900911331177
0.5145720839500427
0.4794841408729553
0.23160116374492645
0.32719874382019043
0.42469120025634766
0.3539177179336548
0.4298914670944214
0.4972805976867676
0.33036160469055176
0.794073760509491
0.37223106622695923
0.4107491970062256
0.1337880790233612
0.15109041333198547
0.39564597606658936
0.31466352939605713
0.6728079915046692
0.30225664377212524
0.19606493413448334
0.6624436974525452
0.36759114265441895
0.40824228525161743
0.6370496153831482
0.5092955827713013
0.6278634071350098
0.6366633772850037
0.3242507576942444
0.17775224149227142
0.644752562046051
0.40897810459136963
0.5163763165473938
0.2856239080429077
0.5994681119918823
0.5437732338905334
0.47476738691329956
0.3118754029273987
0.38147813081741333
0.37819385528564453
0.1458311676979065
0.5655292272567749
0.5559661388397217
0.2793155908584595
0.32744884490966797
0.33260631561279297
0.38990724086761475
0.5096380114555359
0.5987484455108643
0.45779794454574585
0.5293245911598206
0.5786104798316956
0.2067793905735016
0.2863103449344635
0.5966024994850159
0.6204909086227417
0.5221071839332581
0.5151596069335938
0.5423404574394226
0.5197930335998535
0.4072086811065674
0.24231146275997162
0.23447081446647644
0.39170902967453003
0.38379573822021484
0.46720558404922485
0.3968679904937744
0.37073707580566406
0.655509352684021
0.5761865377426147
0.6039931774139404
0.511448860168457
0.4276348948478699
0.38139283657073975
0.2556101083755493
0.45852458477020264
0.5025154948234558
0.22174537181854248
0.2981245517730713
0.16615262627601624
0.665241539478302
0.6122201085090637
0.5155195593833923
0.3428311347961426
0.11765366047620773
0.23389200866222382
0.32382136583328247
0.4711858034133911
0.2607315480709076
0.13389593362808228
0.6429781913757324
0.3841647505760193
0.5082135200500488
0.418826162815094
0.14132782816886902
0.6605730652809143
0.18174269795417786
0.5206133723258972
0.6940745711326599
0.17653408646583557
0.5728685855865479
0.22909492254257202
0.39173048734664917
0.4395948648452759
0.12303175032138824
0.40637463331222534
0.5631146430969238
0.3824465870857239
0.6301349997520447
0.6007087230682373
0.4958764910697937
0.7907007336616516
0.7146438956260681
0.6687066555023193
0.1651073694229126
0.382032573223114
0.6510820388793945
0.5937442183494568
0.3346909284591675
0.3749581575393677
0.4613068103790283
0.43384212255477905
0.34606993198394775
0.41238898038864136
0.1915467232465744
0.43139100074768066
0.36680471897125244
0.2165372371673584
0.5070659518241882
0.21444235742092133
0.17519737780094147
0.6299747824668884
0.23791711032390594
0.3159138560295105
0.34060174226760864
0.5110672116279602
0.19593022763729095
0.37941330671310425
0.22798894345760345
0.5836058259010315
0.4540235996246338
0.37215518951416016
0.4299761652946472
0.5885956287384033
0.16553495824337006
0.5039946436882019
0.2132367342710495
0.24538640677928925
0.45912599563598633
0.1268831342458725
0.2987130880355835
0.38600367307662964
0.3449004292488098
0.5987377762794495
0.585648238658905
0.5010195970535278
0.3936837315559387
0.2652322053909302
0.3183860182762146
0.5887057781219482
0.6957142353057861
0.35536253452301025
0.6126014590263367
0.5484390258789062
0.4553985595703125
0.7214357852935791
0.3218339681625366
0.4709222912788391
0.34794163703918457
0.37875717878341675
0.3848356008529663
0.6626728773117065
0.2025822252035141
0.3848356008529663
0.5362948775291443
0.3411865234375
0.6189774870872498
0.619571328163147
0.587162971496582
0.6430360078811646
0.5302136540412903
0.5578153729438782
0.6966881155967712
0.2601000964641571
0.3367024064064026
0.21610285341739655
0.2687602639198303
0.337497353553772
0.5483015775680542
0.38199174404144287
0.3541392683982849
0.24853907525539398
0.10967469960451126
0.38862258195877075
0.1477833092212677
0.22779481112957
0.5227972269058228
0.5794872641563416
0.6966338157653809
0.16876865923404694
0.4959472417831421
0.6596274971961975
0.6543550491333008
0.47328847646713257
0.5440567135810852
0.4955361485481262
0.5006607174873352
0.49190229177474976
0.6157527565956116
0.6434146761894226
0.5968779921531677
0.3339653015136719
0.5715805888175964
0.5237648487091064
0.4626542329788208
0.6018801331520081
0.26177477836608887
0.02594778686761856
0.7386971116065979
0.1994147151708603
0.32948410511016846
0.5521023273468018
0.3105396628379822
0.44768714904785156
0.562879204750061
0.5232714414596558
0.463584303855896
0.12789586186408997
0.6108850240707397
0.3139498233795166
0.3997992277145386
0.7498432993888855
0.5683994889259338
0.3572120666503906
0.3972592353820801
0.640995979309082
0.6000522971153259
0.483565092086792
0.17459477484226227
0.30787521600723267
0.3645150065422058
0.34666264057159424
0.2685402035713196
0.39870208501815796
0.4007585048675537
0.5930909514427185
0.7277902960777283
0.1757168471813202
0.5264260172843933
0.5138951539993286
0.33707642555236816
0.461966335773468
0.4770817756652832
0.5160905122756958
0.6776669025421143
0.12549199163913727
0.4254072308540344
0.491970419883728
0.24234507977962494
0.48670530319213867
0.38149046897888184
0.6092528700828552
0.27031129598617554
0.31682461500167847
0.41466009616851807
0.5729873776435852
0.28476136922836304
0.3349319100379944
0.25318166613578796
0.38216614723205566
0.29132235050201416
0.7229103446006775
0.5114271640777588
0.5051368474960327
0.5877768993377686
0.5032556653022766
0.3822520971298218
0.5248339772224426
0.5607932806015015
0.7543178796768188
0.430076003074646
0.4959977865219116
0.44551312923431396
0.3916817307472229
0.41947728395462036
0.6335151791572571
0.5392046570777893
0.24092091619968414
0.5546697378158569
0.5039752721786499
0.485967755317688
0.551788866519928
0.3903917074203491
0.4967591166496277
0.45371586084365845
0.2846643328666687
0.2551499605178833
0.6079977750778198
0.21894843876361847
0.5143359303474426
0.22614406049251556
0.4711477756500244
0.40980833768844604
0.49793052673339844
0.32369428873062134
0.40094560384750366
0.25087523460388184
0.3987870216369629
0.39321810007095337
0.6138699650764465
0.5232601165771484
0.6000383496284485
0.3892192244529724
0.17033430933952332
0.4959714412689209
0.28221067786216736
0.4001789689064026
0.2074619084596634
0.5264151692390442
0.6000879406929016
0.272014856338501
0.6681827902793884
0.2725089192390442
0.6417874693870544
0.438923716545105
0.5008142590522766
0.6447785496711731
0.19034667313098907
0.4194813370704651
0.40272730588912964
0.5242416262626648
0.5464577674865723
0.24444927275180817
0.5635744333267212
0.42313605546951294
0.48129379749298096
0.4239106774330139
0.2971268892288208
0.2606910467147827
0.4621933698654175
0.03834380954504013
0.3064911961555481
0.16647273302078247
0.495907187461853
0.49515384435653687
0.10078535974025726
0.5459178686141968
0.49164289236068726
0.2218373864889145
0.3064911961555481
0.4431353211402893
0.5428932905197144
0.3072490096092224
0.41260772943496704
0.6957142353057861
0.3201909065246582
0.6479335427284241
0.1812601238489151
0.16062414646148682
0.30811917781829834
0.38199174404144287
0.5301439166069031
0.5216655135154724
0.33018678426742554
0.17407050728797913
0.6436426043510437
0.41344958543777466
0.2202429324388504
0.5779501795768738
0.582870602607727
0.5436420440673828
0.44248902797698975
0.481869101524353
0.35035133361816406
0.5219791531562805
0.39631587266921997
0.5511612892150879
0.5113428235054016
0.4772127866744995
0.46474093198776245
0.2850878834724426
0.33514100313186646
0.32467955350875854
0.3955647945404053
0.6086363792419434
0.3126375675201416
0.5461030602455139
0.47840631008148193
0.05829792469739914
0.3667633533477783
0.344160258769989
0.5952772498130798
0.4404805302619934
0.438690721988678
0.3221731185913086
0.43081140518188477
0.2793816924095154
0.5201449990272522
0.16691096127033234
0.25437745451927185
0.41162216663360596
0.22690710425376892
0.6566014289855957
0.2719341218471527
0.3440883755683899
0.3934420943260193
0.46880537271499634
0.4228549003601074
0.5401400923728943
0.3325326442718506
0.6091793775558472
0.42759251594543457
0.14620515704154968
0.7027046084403992
0.4621933698654175
0.6864629983901978
0.5032992959022522
0.5448750853538513
0.5184374451637268
0.5746752023696899
0.19450633227825165
0.47781306505203247
0.6976748108863831
0.2577647566795349
0.46631354093551636
0.2525874674320221
0.4100823402404785
0.3140679597854614
0.4152040481567383
0.45552659034729004
0.663985550403595
0.7657794952392578
0.4252365827560425
0.5450294613838196
0.45727336406707764
0.2836962938308716
0.539752185344696
0.4765986204147339
0.216499462723732
0.617805540561676
0.26813870668411255
0.35137832164764404
0.5811498165130615
0.6695637106895447
0.40246039628982544
0.30631744861602783
0.521702229976654
0.5739008188247681
0.6395200490951538
0.4551128149032593
0.651573657989502
0.6155899167060852
0.5396987795829773
0.3254547119140625
0.4589897394180298
0.32596445083618164
0.5527245402336121
0.7002198100090027
0.34440892934799194
0.44092053174972534
0.7349942326545715
0.5183845162391663
0.47160232067108154
0.40622764825820923
0.32992249727249146
0.3430734872817993
0.5350367426872253
0.21137703955173492
0.5779010057449341
0.17037305235862732
0.5564199686050415
0.3183111548423767
0.5932604670524597
0.3910865783691406
0.3052573800086975
0.4301278591156006
0.6114439368247986
0.4953001141548157
0.4998186230659485
0.5083888173103333
0.554031252861023
0.6996752619743347
0.6350341439247131
0.5189007520675659
0.6929914355278015
0.21982140839099884
0.6091793775558472
0.40533125400543213
0.7866508364677429
0.18429861962795258
0.3838050365447998
0.6255473494529724
0.2025822252035141
0.2127501517534256
0.2102867066860199
0.5483883023262024
0.6062757968902588
0.3046950101852417
0.12829789519309998
0.616534411907196
0.3547014594078064
0.5842439532279968
0.4647953510284424
0.39296841621398926
0.44064176082611084
0.30748289823532104
0.6530744433403015
0.1375483274459839
0.2673308253288269
0.4330202341079712
0.7155140042304993
0.4913827180862427
0.551263153553009
0.5580683946609497
0.5747206807136536
0.4621933698654175
0.31772029399871826
0.37962549924850464
0.24362361431121826
0.4222043752670288
0.4038337469100952
0.3935059905052185
0.35747069120407104
0.4195009469985962
0.24795828759670258
0.5151596069335938
0.17775359749794006
0.1339666247367859
0.29231640696525574
0.3353726863861084
0.565708339214325
0.626255452632904
0.4210277199745178
0.2772376537322998
0.5412341952323914
0.44793063402175903
0.4341997504234314
0.493249773979187
0.21764640510082245
0.30512577295303345
0.747127890586853
0.22380363941192627
0.24032346904277802
0.641137421131134
0.2261265367269516
0.27276182174682617
0.2165111005306244
0.21640048921108246
0.2095980942249298
0.5178028345108032
0.31909066438674927
0.44565802812576294
0.41162216663360596
0.5827640295028687
0.7734969854354858
0.18474999070167542
0.35812169313430786
0.6094072461128235
0.7074539065361023
0.21058641374111176
0.500232458114624
0.5267559885978699
0.3952682614326477
0.529498815536499
0.3487932085990906
0.3513374924659729
0.6502195000648499
0.3816172480583191
0.26897138357162476
0.34217333793640137
0.4608404040336609
0.18719656765460968
0.2677249312400818
0.426666796207428
0.15689592063426971
0.40829288959503174
0.3008975386619568
0.3541021943092346
0.35817408561706543
0.5632742047309875
0.501722514629364
0.20416635274887085
0.4625645875930786
0.6681026816368103
0.5396673679351807
0.23850838840007782
0.6440597772598267
0.10869105905294418
0.5272058248519897
0.3529024124145508
0.1265806257724762
0.49128293991088867
0.37156546115875244
0.16498979926109314
0.15645840764045715
0.6050413250923157
0.4899718761444092
0.5944258570671082
0.47753894329071045
0.4612744450569153
0.6790960431098938
0.5159669518470764
0.31752800941467285
0.33944612741470337
0.15334737300872803
0.5071640014648438
0.42574310302734375
0.46748632192611694
0.5707207322120667
0.6393808722496033
0.6088698506355286
0.4929925799369812
0.4721696376800537
0.5172114968299866
0.3133777379989624
0.5679110884666443
0.08753250539302826
0.4254705309867859
0.579355001449585
0.30578190088272095
0.5737398862838745
0.5615354776382446
0.49567657709121704
0.5813401341438293
0.3888705372810364
0.6045964360237122
0.6159287691116333
0.376406729221344
0.6747166514396667
0.34065890312194824
0.5828303098678589
0.3761647939682007
0.3132370114326477
0.48788195848464966
0.6685978770256042
0.482896625995636
0.7656728029251099
0.43126237392425537
0.7109719514846802
0.5727329254150391
0.5156733393669128
0.3764105439186096
0.6309687495231628
0.6148750185966492
0.5427511930465698
0.3421992063522339
0.1809750199317932
0.37166911363601685
0.452910840511322
0.38029009103775024
0.45556217432022095
0.5085499882698059
0.22937117516994476
0.5236634016036987
0.1797083020210266
0.5162752270698547
0.5157278776168823
0.6287645697593689
0.45539599657058716
0.39564597606658936
0.6507660746574402
0.36463141441345215
0.4033393859863281
0.5909032225608826
0.2476094514131546
0.37150824069976807
0.6752427220344543
0.7442116737365723
0.6871146559715271
0.5863147974014282
0.5388793349266052
0.542797327041626
0.22909322381019592
0.2491966038942337
0.2973303198814392
0.34718745946884155
0.42698222398757935
0.18829019367694855
0.4854382872581482
0.3344014883041382
0.565550684928894
0.4700220227241516
0.11929858475923538
0.4561954140663147
0.2129371166229248
0.5227603316307068
0.1265806257724762
0.380463182926178
0.39467179775238037
0.39265763759613037
0.39268559217453003
0.20143571496009827
0.5015610456466675
0.3673631548881531
0.14860378205776215
0.3326736092567444
0.32049232721328735
0.26963692903518677
0.3848356008529663
0.5097524523735046
0.12613609433174133
0.7097764015197754
0.31551629304885864
0.4066562056541443
0.366741418838501
0.46526849269866943
0.6006431579589844
0.13399872183799744
0.36008161306381226
0.27523982524871826
0.30820947885513306
0.3006421625614166
0.32865673303604126
0.62444669008255
0.24444927275180817
0.5520427227020264
0.3668942451477051
0.6781244874000549
0.6031749844551086
0.6091793775558472
0.2905741333961487
0.631145179271698
0.17032469809055328
0.24033306539058685
0.5737670063972473
0.19593022763729095
0.48017793893814087
0.13336925208568573
0.37921643257141113
0.42765337228775024
0.5542560815811157
0.14721548557281494
0.35418277978897095
0.4083103537559509
0.5037397742271423
0.41082632541656494
0.5255297422409058
0.6003798842430115
0.6420981287956238
0.31519925594329834
0.47498226165771484
0.44048047065734863
0.6957632899284363
0.5626217722892761
0.47536003589630127
0.3184088468551636
0.4808351397514343
0.4419812560081482
0.4877539873123169
0.43528878688812256
0.7211212515830994
0.1405174732208252
0.5052704811096191
0.32225263118743896
0.5380781292915344
0.5664560198783875
0.6717931032180786
0.5151596069335938
0.5490932464599609
0.3573194146156311
0.38685423135757446
0.49010151624679565
0.38677817583084106
0.41328907012939453
0.5249672532081604
0.23368105292320251
0.13174454867839813
0.47230231761932373
0.5430812835693359
0.20197539031505585
0.6274572014808655
0.27979275584220886
0.21600539982318878
0.34340763092041016
0.615139901638031
0.642872154712677
0.585673987865448
0.3790118098258972
0.49149924516677856
0.4483413100242615
0.2993277907371521
0.409285306930542
0.26432299613952637
0.5019223093986511
0.6950051188468933
0.21043801307678223
0.24540671706199646
0.08776751160621643
0.3354160785675049
0.4090675115585327
0.40808701515197754
0.6949838399887085
0.7140771746635437
0.6980113983154297
0.40602433681488037
0.1397884488105774
0.47668564319610596
0.5712313055992126
0.41020911931991577
0.36025822162628174
0.6205951571464539
0.4740452170372009
0.30503663420677185
0.4675799608230591
0.36076706647872925
0.4621933698654175
0.6660792231559753
0.2414797693490982
0.5298233032226562
0.31733012199401855
0.2364053875207901
0.3567159175872803
0.4446542263031006
0.48448020219802856
0.5165991187095642
0.5479853749275208
0.1265806257724762
0.5066283345222473
0.2887552082538605
0.5604225397109985
0.4438328742980957
0.7024930119514465
0.5564781427383423
0.5565490126609802
0.3662474751472473
0.5055395364761353
0.5264260172843933
0.294563889503479
0.30264782905578613
0.5688647627830505
0.722680926322937
0.4590555429458618
0.5161386728286743
0.43512076139450073
0.5874972343444824
0.3837519884109497
0.480060338973999
0.4529924988746643
0.12119200825691223
0.38825321197509766
0.6893481612205505
0.36742228269577026
0.381827175617218
0.4920658469200134
0.136788010597229
0.39827340841293335
0.3608424663543701
0.5329910516738892
0.42681586742401123
0.18057331442832947
0.2440875619649887
0.6320897340774536
0.3155980110168457
0.32743215560913086
0.6192682385444641
0.5504583120346069
0.3757551312446594
0.5413384437561035
0.39352381229400635
0.5167009830474854
0.2579958438873291
0.4735300540924072
0.7469039559364319
0.5045928359031677
0.6529257893562317
0.585648238658905
0.28935688734054565
0.40356767177581787
0.30453985929489136
0.14714398980140686
0.5972362756729126
0.5771642327308655
0.29181498289108276
0.6371323466300964
0.5530632734298706
0.2436417192220688
0.24980932474136353
0.5874013304710388
0.6526317000389099
0.649989902973175
0.6281557083129883
0.44767212867736816
0.4620024561882019
0.5539000034332275
0.15576553344726562
0.2247382551431656
0.45035552978515625
0.4349183440208435
0.42440205812454224
0.49235910177230835
0.2656156122684479
0.42039328813552856
0.5650586485862732
0.46677738428115845
0.5839968323707581
0.45598262548446655
0.24538007378578186
0.3001704216003418
0.09923690557479858
0.5385610461235046
0.6905840039253235
0.5929429531097412
0.38199174404144287
0.624119222164154
0.6704420447349548
0.21440769731998444
0.7288559079170227
0.4280513525009155
0.229162335395813
0.2963098883628845
0.5280495285987854
0.2476358860731125
0.34430867433547974
0.5151596069335938
0.27429136633872986
0.318176805973053
0.729315459728241
0.2715175151824951
0.46991944313049316
0.5000522136688232
0.41043639183044434
0.3834304213523865
0.36076706647872925
0.5151596069335938
0.4037821292877197
0.15975287556648254
0.6989327073097229
0.6189362406730652
0.020966894924640656
0.4109950661659241
0.3215562105178833
-0.009512946009635925
0.5620790123939514
0.428575336933136
0.1843620240688324
0.5622230172157288
0.2662961483001709
0.509175717830658
0.3126375675201416
0.5088225603103638
0.24551059305667877
0.6908000707626343
0.381527841091156
0.3421049118041992
0.44776344299316406
0.20466147363185883
0.594460666179657
0.4387861490249634
0.5264260172843933
0.43273699283599854
0.650890052318573
0.2800617218017578
0.42881035804748535
0.6473903059959412
0.39678847789764404
0.20955632627010345
0.496059775352478
0.26834625005722046
0.36791765689849854
0.18973994255065918
0.4357753396034241
0.6373093724250793
0.32412785291671753
0.5497167706489563
0.6878050565719604
0.4558612108230591
0.3527044653892517
0.18259528279304504
0.19565872848033905
0.483143150806427
0.43445879220962524
0.296322226524353
0.3859424591064453
0.28299587965011597
0.49233347177505493
0.5336900949478149
0.5625658631324768
0.5779212117195129
0.5008798241615295
0.623741090297699
0.4293035864830017
0.1658853143453598
0.40522992610931396
0.361258327960968
0.5041349530220032
0.4504151940345764
0.45078837871551514
0.6091793775558472
0.6799575686454773
0.3010573387145996
0.15402556955814362
0.3204801678657532
0.335662841796875
0.4424586296081543
0.3064911961555481
0.596673309803009
0.5516486167907715
0.5264260172843933
0.5262171030044556
0.2025822252035141
0.37730371952056885
0.3711806535720825
0.4288204312324524
0.16593487560749054
0.4840503931045532
0.5911178588867188
0.5619462132453918
0.4363856911659241
0.7753328084945679
0.3883845806121826
0.5996617674827576
0.6622450947761536
0.39265555143356323
0.3181835412979126
0.3972347378730774
0.3041703701019287
0.1301346719264984
0.4142279028892517
0.42526471614837646
0.31833750009536743
0.24414314329624176
0.43735015392303467
0.6957142353057861
0.5567060112953186
0.3540787100791931
0.428993821144104
0.18000437319278717
0.1590045988559723
0.3010389804840088
0.35029786825180054
0.33878254890441895
0.45989614725112915
0.09996017068624496
0.3137664198875427
0.4621933698654175
0.20087769627571106
0.7219799160957336
0.3939521908760071
0.2875790297985077
0.5404321551322937
0.5319019556045532
0.28935688734054565
0.5295367240905762
0.31846362352371216
0.41564226150512695
0.2510375380516052
0.4927446246147156
0.4579293727874756
0.5549910664558411
0.30842098593711853
0.6993491053581238
0.5172114968299866
0.5708571076393127
0.505719780921936
0.1900535672903061
0.7390937805175781
0.3032914996147156
0.5518329739570618
0.40750211477279663
0.7719613909721375
0.6547845005989075
0.2393757402896881
0.14211414754390717
0.34138554334640503
0.350841224193573
0.4428521394729614
0.3687276244163513
0.6957142353057861
0.44898128509521484
0.4059743285179138
0.579443097114563
0.17525747418403625
0.5703017115592957
0.35356032848358154
0.1451123058795929
0.29090821743011475
0.35842734575271606
0.41879308223724365
0.20196683704853058
0.35882556438446045
0.28786933422088623
0.3154263496398926
0.1333378255367279
0.1967298835515976
0.38688623905181885
0.14685477316379547
0.31255102157592773
0.3010748028755188
0.229141965508461
0.27723991870880127
0.3471764922142029
0.40897810459136963
0.4329395890235901
0.4625796675682068
0.24524208903312683
0.5033026933670044
0.3651232123374939
0.5344167947769165
0.324323832988739
0.48829346895217896
0.6817916035652161
0.5506358742713928
0.6471456289291382
0.5274516344070435
0.18335330486297607
0.37030088901519775
0.20500639081001282
0.19783572852611542
0.6154117584228516
0.3941637873649597
0.5374847650527954
0.5462377667427063
0.38329893350601196
0.5300514101982117
0.6594097018241882
0.5616835951805115
0.660832405090332
0.7975190281867981
0.1500241458415985
0.6227050423622131
0.5062256455421448
0.6500624418258667
0.4134477972984314
0.5297892093658447
0.24274541437625885
0.6610651016235352
0.711243212223053
0.47138214111328125
0.36880844831466675
0.340475857257843
0.4826849699020386
0.4023488759994507
0.5172114968299866
0.5961011052131653
0.45558059215545654
0.6377101540565491
0.5783154368400574
0.4947219491004944
0.28822579979896545
0.5373530387878418
0.3985031843185425
0.5211862325668335
0.6035483479499817
0.3581112027168274
0.2379220724105835
0.6341917514801025
0.6968995928764343
0.46793055534362793
0.5194264054298401
0.35402101278305054
0.5243138670921326
0.3270390033721924
0.1265806257724762
0.4125920534133911
0.6638450026512146
0.43654870986938477
0.309059202671051
0.5006028413772583
0.5845618844032288
0.5416135191917419
0.2866906523704529
0.5172114968299866
0.4225913882255554
0.3846413493156433
0.3484620451927185
0.23390606045722961
0.36426717042922974
0.6729267239570618
0.41379672288894653
0.43327391147613525
0.5094067454338074
0.4811686873435974
0.34795480966567993
0.3640444874763489
0.5820724368095398
0.4983680248260498
0.48627769947052
0.5336823463439941
0.49228352308273315
0.4907410740852356
0.44807541370391846
0.4618125557899475
0.27415168285369873
0.42902547121047974
0.4709509015083313
0.092366524040699
0.6647693514823914
0.5058547854423523
0.42409205436706543
0.5075668096542358
0.35884666442871094
0.639940083026886
0.3693132996559143
0.6479135155677795
0.6483964920043945
0.6496241688728333
0.5027093887329102
0.6868742108345032
0.1822921186685562
0.5837181210517883
0.2925124168395996
0.5809850692749023
0.48110848665237427
0.3215620517730713
0.2735137343406677
0.5332913994789124
0.29265549778938293
0.5721124410629272
0.06809383630752563
0.5216571092605591
0.4236864447593689
0.1688244342803955
0.35106176137924194
0.42273038625717163
0.37898123264312744
0.5867036581039429
0.572043240070343
0.39761286973953247
0.648078978061676
0.4704201817512512
0.19922809302806854
0.28003501892089844
0.29591113328933716
0.19713249802589417
0.2793687582015991
0.6869545578956604
0.432900607585907
0.18089398741722107
0.39564597606658936
0.17131999135017395
0.3373764157295227
0.3215734362602234
0.4491744637489319
0.5634663701057434
0.23278741538524628
0.62265944480896
0.09626901149749756
0.4623974561691284
0.35295742750167847
0.24019956588745117
0.6295463442802429
0.47967708110809326
0.41140300035476685
0.16655516624450684
0.18742690980434418
0.5832675695419312
0.2041793316602707
0.060288265347480774
0.6343415975570679
0.621471643447876
0.37415218353271484
0.3091225028038025
0.35295742750167847
0.2555833160877228
0.4340333938598633
0.25787869095802307
0.5169336795806885
0.42513126134872437
0.599327802658081
0.6429664492607117
0.3787747025489807
0.5637796521186829
0.32189494371414185
0.5151596069335938
0.47868067026138306
0.4509868621826172
0.5992044806480408
0.30997976660728455
0.3409513235092163
0.682346522808075
0.10264284908771515
0.614653468132019
0.6063360571861267
0.5554873943328857
0.33277660608291626
0.6316210627555847
0.5413690805435181
0.5272358059883118
0.3399210572242737
-0.013352803885936737
0.41019874811172485
0.49841558933258057
0.783611536026001
0.42485499382019043
0.700481116771698
0.5564055442810059
0.3622612953186035
0.569206714630127
0.33142513036727905
0.5716829299926758
0.3092339038848877
0.3407493233680725
0.47138381004333496
0.4343111515045166
0.4758227467536926
0.48130643367767334
0.6398484706878662
0.44194865226745605
0.556045651435852
0.5629088878631592
0.1968979388475418
0.34761470556259155
0.5794476270675659
0.5151596069335938
0.4863811731338501
0.739247739315033
0.487160325050354
0.3759579062461853
0.3382747173309326
0.4440283179283142
0.4133010506629944
0.4100823402404785
0.34252017736434937
0.6636316776275635
0.3508092761039734
0.6636010408401489
0.5556643605232239
0.42901843786239624
0.5135437846183777
0.45553910732269287
0.2758960723876953
0.24294762313365936
0.5172114968299866
0.33229494094848633
0.4088665246963501
0.2789347171783447
0.22947180271148682
0.5291275382041931
0.43536895513534546
0.5811849236488342
0.49740028381347656
0.7283616065979004
0.40392005443573
0.436561644077301
0.549986720085144
0.5264260172843933
0.4513927698135376
0.32800018787384033
0.481869101524353
0.5091517567634583
0.58645099401474
0.4962061047554016
0.6692677736282349
0.5875816345214844
0.21052256226539612
0.59778892993927
0.6380060315132141
0.6850407719612122
0.12644347548484802
0.3714759349822998
0.28957056999206543
0.5720149874687195
0.30742043256759644
0.6643614768981934
0.36655688285827637
0.5193622708320618
0.4393881559371948
0.5346811413764954
0.21884772181510925
0.5227047801017761
0.5200991630554199
0.29424846172332764
0.4876823425292969
0.24849897623062134
0.5481628179550171
0.5041746497154236
0.21287153661251068
0.5564303994178772
0.4318094849586487
0.2025822252035141
0.6360114216804504
0.36813098192214966
0.6007920503616333
0.46443766355514526
0.6644766926765442
0.28957056999206543
0.5117259621620178
0.3697119355201721
0.18742690980434418
0.5222662687301636
0.23963025212287903
0.5151596069335938
0.350580096244812
0.6758952140808105
0.22946088016033173
0.44275355339050293
0.511965811252594
0.5949150919914246
0.48679548501968384
0.27255725860595703
0.1565656065940857
0.426666796207428
0.726848304271698
0.4249275326728821
0.25543659925460815
0.2704300880432129
0.5927814841270447
0.45419842004776
0.3701086640357971
0.3141610622406006
0.4724121689796448
0.4139792323112488
0.513258695602417
0.6264201998710632
0.30280908942222595
0.3020034432411194
0.5007076263427734
0.42249709367752075
0.4347732663154602
0.42531317472457886
0.3840944170951843
0.16271984577178955
0.4932396411895752
0.3344213366508484
0.48578864336013794
0.5490621328353882
0.28681427240371704
0.42845380306243896
0.5863307118415833
0.18835674226284027
0.5151596069335938
0.3064911961555481
0.42731767892837524
0.40340113639831543
0.290801465511322
0.41980183124542236
0.705025851726532
0.4048891067504883
0.3285151720046997
0.2355257123708725
0.5068053007125854
0.5951436161994934
0.4687420129776001
0.23983319103717804
0.33715349435806274
0.2882028818130493
0.41567397117614746
0.43579936027526855
0.28957056999206543
0.3461224436759949
0.4448961615562439
0.3365834951400757
0.5264260172843933
0.3864956498146057
0.3474542498588562
0.6217697262763977
0.3369869589805603
0.21034649014472961
0.496910035610199
0.6324595212936401
0.5160398483276367
0.34056538343429565
0.5385732650756836
0.3414344787597656
0.25367796421051025
0.6924803853034973
0.3531346321105957
0.6439746022224426
0.5618377327919006
0.6326795220375061
0.17326173186302185
0.3761477470397949
0.6688969135284424
0.2627057135105133
0.35554057359695435
0.5573582649230957
0.21592843532562256
0.25776687264442444
0.5571542382240295
0.3574349284172058
0.4191773533821106
0.4855470061302185
0.3164953589439392
0.4826014041900635
0.2672920823097229
0.6012415289878845
0.3263111114501953
0.6507459282875061
0.39564597606658936
0.5151596069335938
0.5143775939941406
0.5666142106056213
0.25357967615127563
0.3849397897720337
0.4301178455352783
0.6515712738037109
0.1628538966178894
0.6766553521156311
0.39564597606658936
0.592842698097229
0.4621933698654175
0.7687836289405823
0.2660742402076721
0.3777405619621277
0.6180456876754761
0.23785348236560822
0.27038484811782837
0.4222095012664795
0.28264063596725464
0.6957382559776306
0.3355938196182251
0.5081079602241516
0.4849078059196472
0.38199174404144287
0.3700375556945801
0.4454461932182312
0.49103647470474243
0.23198996484279633
0.3352903127670288
0.20623897016048431
0.1731850504875183
0.23017571866512299
0.3259814381599426
0.6413172483444214
0.3064911961555481
0.3677856922149658
0.23543955385684967
0.3357967734336853
0.32671284675598145
0.535153329372406
0.26513540744781494
0.37965893745422363
0.3889361023902893
0.4667247533798218
0.3542092442512512
0.6320897340774536
0.3342610001564026
0.54226154088974
0.27074217796325684
0.39675790071487427
0.26035434007644653
0.4871923327445984
0.3247368335723877
0.3788016438484192
0.44529563188552856
0.6134507656097412
0.6403801441192627
0.5755544900894165
0.5819223523139954
0.5151596069335938
0.45378577709198
0.24160461127758026
0.183778777718544
0.6047804951667786
0.48829346895217896
0.38644808530807495
0.4992213845252991
0.3676498532295227
0.6089746356010437
0.6680653691291809
0.5103811621665955
0.43564367294311523
0.271903932094574
0.5218524932861328
0.4969831705093384
0.6723591089248657
0.5172114968299866
0.5210475325584412
0.5990570783615112
0.35510706901550293
0.514392614364624
0.7597123980522156
0.21431733667850494
0.14860397577285767
0.3679695129394531
0.4799460172653198
0.41465258598327637
0.40996527671813965
0.4886890649795532
0.12497276067733765
0.6102065443992615
0.31046944856643677
0.3473116159439087
0.5790241360664368
0.22908170521259308
0.48389917612075806
0.446247935295105
0.6314145922660828
0.4252392053604126
0.466447651386261
0.5087990164756775
0.627634584903717
0.40871357917785645
0.2737031877040863
0.5024303197860718
0.5577398538589478
0.33742618560791016
0.5414040088653564
0.3122807741165161
0.23435014486312866
0.6074904799461365
0.48048722743988037
0.5993816256523132
0.3427724242210388
0.3499426245689392
0.6347764134407043
0.4131544232368469
0.41643577814102173
0.3984452486038208
0.4700402617454529
0.5467422008514404
0.5295171737670898
0.6002175211906433
0.5156381130218506
0.7313379645347595
0.3810890316963196
0.5588909983634949
0.36757516860961914
0.47177654504776
0.5613493919372559
0.39606809616088867
0.5365391373634338
0.2494616061449051
0.4549402594566345
0.305505633354187
0.6495862007141113
0.44690197706222534
0.6636566519737244
0.427460253238678
0.5533789992332458
0.6091793775558472
0.6352910399436951
0.2166416347026825
0.2621685862541199
0.23188714683055878
0.5738169550895691
0.4878995418548584
0.34668266773223877
0.5834779143333435
0.2819897532463074
0.3913111090660095
0.44167888164520264
0.35087859630584717
0.39564597606658936
0.4292871952056885
0.34249675273895264
0.37416601181030273
0.6061830520629883
0.12182214856147766
0.35574501752853394
0.48903292417526245
0.4985729455947876
0.11565814167261124
0.5596752762794495
0.3098614811897278
0.5991988182067871
0.3864328861236572
0.36794477701187134
0.44164103269577026
0.5021017789840698
0.7832698822021484
0.5391490459442139
0.3549128770828247
0.7465077638626099
0.41466009616851807
0.35442978143692017
0.49472206830978394
0.7426697611808777
0.5208704471588135
0.39789915084838867
0.4758778214454651
0.5279757976531982
0.5172114968299866
0.5955938696861267
0.5550764203071594
0.0683620423078537
0.5780705213546753
0.5723001956939697
0.5409084558486938
0.48237383365631104
0.5927743911743164
0.522010326385498
0.5902709364891052
0.46584373712539673
0.3140191435813904
0.46798211336135864
0.51714688539505
0.4759761095046997
0.6755712032318115
0.22460617125034332
0.16427969932556152
0.21108455955982208
0.6611359715461731
0.1884232610464096
0.36515843868255615
0.5990974307060242
0.2497163861989975
0.4621933698654175
0.6116073131561279
0.5344424843788147
0.42709678411483765
0.6098102331161499
0.45822298526763916
0.4150876998901367
0.40991681814193726
0.4418313503265381
0.28309088945388794
0.3356490135192871
0.37574660778045654
0.4146943688392639
0.731317937374115
0.1583830714225769
0.5888075232505798
0.5962163209915161
0.5909213423728943
0.5760046243667603
0.3360106348991394
0.5742162466049194
0.4978424906730652
0.33445626497268677
0.5369825959205627
0.37414824962615967
0.20037010312080383
0.4076669216156006
0.18063725531101227
0.5713813900947571
0.4157366156578064
0.4792831540107727
0.6455258727073669
0.3043351471424103
0.3252110481262207
0.67584627866745
0.29513537883758545
0.7006910443305969
0.6120429039001465
0.4304600954055786
0.5709268450737
0.2401100993156433
0.41865676641464233
0.4577917456626892
0.7012841105461121
0.28959161043167114
0.36314618587493896
0.26346367597579956
0.4995698928833008
0.33965134620666504
0.3723415732383728
0.29305118322372437
0.4469670057296753
0.641233503818512
0.3662462830543518
0.6957142353057861
0.6382057070732117
0.6091793775558472
0.3385831117630005
0.4325498342514038
0.440341591835022
0.431266725063324
0.32273250818252563
0.389162540435791
0.47692805528640747
0.4843571186065674
0.4767823815345764
0.5033261775970459
0.5492867827415466
0.5980609059333801
0.6138890385627747
0.37011075019836426
0.46006011962890625
0.4614354372024536
0.6397272944450378
0.24444927275180817
0.6006646752357483
0.4750427007675171
0.43252354860305786
0.5155056715011597
0.39315176010131836
0.6264371871948242
0.21779502928256989
0.3077707290649414
0.5993135571479797
0.5232714414596558
0.33210140466690063
0.4778755307197571
0.4285266399383545
0.5075327754020691
0.5264260172843933
0.5088981986045837
0.5266330242156982
0.519048273563385
0.7254675030708313
0.6964772343635559
0.24107626080513
0.4090895652770996
0.5816027522087097
0.2912539839744568
0.6875032782554626
0.5834217667579651
0.2005000114440918
0.43109065294265747
0.6019700765609741
0.6187809109687805
0.6211581230163574
0.2212507277727127
0.2954869866371155
0.2025822252035141
0.5271151065826416
0.2221660017967224
0.4842243194580078
0.34370726346969604
0.5463613271713257
0.5034244656562805
0.5444291234016418
0.3848356008529663
0.24444927275180817
0.4699750542640686
0.2550513744354248
0.6937956213951111
0.6091793775558472
0.4831240773200989
0.4585225582122803
0.1265806257724762
0.31259989738464355
0.3696485757827759
0.44270724058151245
0.5876548886299133
0.27541062235832214
0.6018773317337036
0.20416635274887085
0.4485470652580261
0.6578466892242432
0.5444440841674805
0.5264260172843933
0.33815115690231323
0.28957056999206543
0.3440844416618347
0.1265806257724762
0.5014991164207458
0.3830466866493225
0.16116686165332794
0.6075384020805359
0.16613458096981049
0.24450881779193878
0.34397006034851074
0.26636219024658203
0.27960526943206787
0.4148651361465454
0.443600058555603
0.23023758828639984
0.5555713772773743
0.34387946128845215
0.5045691132545471
0.32365280389785767
0.5891861319541931
0.23360313475131989
0.31112873554229736
0.5632944703102112
0.13571076095104218
0.4185832142829895
0.6026679873466492
0.3438805341720581
0.492301881313324
0.6761023998260498
0.6942088007926941
0.4982539415359497
0.40591132640838623
0.5172114968299866
0.2872391939163208
0.7230132222175598
0.15896357595920563
0.4615354537963867
0.5338185429573059
0.5955934524536133
0.4387636184692383
0.5724281668663025
0.6220559477806091
0.21746981143951416
0.5601102709770203
0.5583917498588562
0.35002124309539795
0.7034043669700623
0.6262078881263733
0.4439418911933899
0.38199174404144287
0.3373764157295227
0.3279646039009094
0.1999642699956894
0.6286580562591553
0.5887889266014099
0.5649399161338806
0.4501352310180664
0.5286075472831726
0.27743685245513916
0.2748391628265381
0.44034063816070557
0.5236086249351501
0.4475902318954468
0.3457072377204895
0.029285453259944916
0.4028246998786926
0.46071839332580566
0.5872899293899536
0.3795022964477539
0.500423014163971
0.450328528881073
0.4913903474807739
0.3660692572593689
0.33701086044311523
0.22713856399059296
0.36802083253860474
0.48829346895217896
0.5197789072990417
0.4851420521736145
0.5228530168533325
0.3358933925628662
0.5101684927940369
0.4535999298095703
0.228019580245018
0.5201073884963989
0.5025675892829895
0.08661691099405289
0.374748170375824
0.6593579649925232
0.5715586543083191
0.5235415697097778
0.39132368564605713
0.49586814641952515
0.27048689126968384
0.2815432548522949
0.4847506284713745
0.43120574951171875
0.42284148931503296
0.3895707130432129
0.3990834355354309
0.3063850402832031
0.32441091537475586
0.21906472742557526
0.29496198892593384
0.2789347171783447
0.5509942173957825
0.5463245511054993
0.5392492413520813
0.29132235050201416
0.41374897956848145
0.42946332693099976
0.6289510726928711
0.2533341646194458
0.6070076823234558
0.1900470107793808
0.5671023726463318
0.48276591300964355
0.48432886600494385
0.5216264724731445
0.08987297117710114
0.33416450023651123
0.526221513748169
0.3144981861114502
0.25695520639419556
0.2689512372016907
0.18003292381763458
0.34046000242233276
0.6367784142494202
0.3321307897567749
0.6264172196388245
0.4477487802505493
0.21816502511501312
0.5881562232971191
0.6003543734550476
0.19754762947559357
0.5439192056655884
0.35104286670684814
0.3757448196411133
0.7484476566314697
0.704632043838501
0.35229259729385376
0.23017571866512299
0.39074188470840454
0.46887779235839844
0.4757987856864929
0.655963122844696
0.2884178161621094
0.35077035427093506
0.5452131628990173
0.26089608669281006
0.5747721791267395
0.694670557975769
0.5138208866119385
0.49295783042907715
0.5363313555717468
0.7170501351356506
0.3842201828956604
0.4471452236175537
0.2822566628456116
0.2810724973678589
0.5668808221817017
0.15704888105392456
0.7376366257667542
0.33998721837997437
0.37332040071487427
0.6849000453948975
0.44430452585220337
0.1265806257724762
0.710189700126648
0.23894672095775604
0.5062223076820374
0.6376065611839294
0.6957142353057861
0.4481382966041565
0.4198307394981384
0.22738192975521088
0.10932566225528717
0.23939888179302216
0.09678769111633301
0.4593956470489502
0.6779879927635193
0.5874356031417847
0.4461875557899475
0.21644292771816254
0.3615213632583618
0.4400622844696045
0.5414955019950867
0.27017682790756226
0.6390000581741333
0.24538007378578186
0.3501202464103699
0.6470832824707031
0.38358408212661743
0.5446432828903198
0.2747422456741333
0.4144221544265747
0.31883394718170166
0.5630689263343811
0.7139953374862671
0.5215848088264465
0.6517602205276489
0.38199174404144287
0.3081217408180237
0.4027850031852722
0.37071335315704346
0.3755820393562317
0.4750109910964966
0.25776687264442444
0.4062897562980652
0.7467569708824158
0.3212572932243347
0.45651257038116455
0.42505383491516113
0.2947428822517395
0.5137524604797363
0.33944612741470337
0.5201486945152283
0.5430271029472351
0.3807039260864258
0.5172114968299866
0.15327848494052887
0.4132918119430542
0.400288462638855
0.29132235050201416
0.2742481231689453
0.5473656058311462
0.3848046064376831
0.49065375328063965
0.5783624053001404
0.3034506142139435
0.06590238213539124
0.46029919385910034
0.5349132418632507
0.6640685796737671
0.2663898468017578
0.5615805983543396
0.2481623739004135
0.3803403377532959
0.12159845232963562
0.3009074330329895
0.3505711555480957
0.4370577931404114
0.6261171698570251
0.6411789059638977
0.5534253716468811
0.26033490896224976
0.5486363172531128
0.4363502264022827
0.7813766002655029
0.2021409124135971
0.6443786025047302
0.5622652173042297
0.5242457985877991
0.20444975793361664
0.38838428258895874
0.10081818699836731
0.49582839012145996
0.512137234210968
0.4145990014076233
0.4607076644897461
0.2961995601654053
0.21317319571971893
0.5600897669792175
0.43383336067199707
0.6191746592521667
0.15060573816299438
0.6621601581573486
0.21733888983726501
0.4655771851539612
0.6631694436073303
0.6090088486671448
0.5172114968299866
0.23993776738643646
0.2812620997428894
0.6031628251075745
0.17529010772705078
0.6356657147407532
0.41933441162109375
0.5211443901062012
0.737480103969574
0.5845368504524231
0.3231450319290161
0.36076706647872925
0.70819091796875
0.47486412525177
0.35881471633911133
0.5902947187423706
0.5443937182426453
0.21161599457263947
0.36386483907699585
0.10928163677453995
0.19309042394161224
0.17236918210983276
0.1965525597333908
0.5023203492164612
0.2652322053909302
0.3191900849342346
0.2859768867492676
0.19042113423347473
0.3736523985862732
0.09487184882164001
0.6292778253555298
0.4845261573791504
0.587493896484375
0.4297778010368347
0.4152151942253113
0.3163865804672241
0.5036795735359192
0.5581184029579163
0.18904940783977509
0.5598422884941101
0.2804509401321411
0.43740999698638916
0.2639409303665161
0.5288780927658081
0.4364246726036072
0.6149951815605164
0.5639737248420715
0.6956852674484253
0.44189977645874023
0.43239420652389526
0.25756019353866577
0.41162216663360596
0.49051278829574585
0.3877636194229126
0.5564447045326233
0.3905371427536011
0.444274365901947
0.6001296043395996
0.4215971827507019
0.6377398371696472
0.5264260172843933
0.17737428843975067
0.5906668305397034
0.5336681008338928
0.5268426537513733
0.6045264005661011
0.674034595489502
0.48431867361068726
0.29850274324417114
0.16632604598999023
0.4824185371398926
0.21545229852199554
0.24546413123607635
0.6643032431602478
0.03168812394142151
0.4303126335144043
0.48260563611984253
0.6062673926353455
0.4621933698654175
0.13049420714378357
0.4209543466567993
0.5735700726509094
0.5055221915245056
0.5518339276313782
0.578394889831543
0.37527167797088623
0.4716373085975647
0.51450115442276
0.43520045280456543
0.28957056999206543
0.5044465661048889
0.43976062536239624
0.4712594151496887
0.19124774634838104
0.39564597606658936
0.5006108283996582
0.384305477142334
0.6206339001655579
0.24764694273471832
0.6381704211235046
0.6516693830490112
0.47757381200790405
0.5931124091148376
0.479946494102478
0.8032534718513489
0.4840761423110962
0.5975328087806702
0.5512291193008423
0.3126375675201416
0.47910672426223755
0.44150102138519287
0.5172114968299866
0.37417298555374146
0.44660818576812744
0.6594268083572388
0.5392394661903381
0.43062156438827515
0.4795181155204773
0.16691096127033234
0.4581815004348755
0.3294840455055237
0.3000754117965698
0.5868955254554749
0.585648238658905
0.4810916781425476
0.3026861548423767
0.34882599115371704
0.5441746115684509
0.3224128484725952
0.24033454060554504
0.25426384806632996
0.4826686382293701
0.4901276230812073
0.6794543266296387
0.5488818287849426
0.4453427195549011
0.42833930253982544
0.5703756213188171
0.44930022954940796
0.500379204750061
0.37284523248672485
0.3540651798248291
0.6978306174278259
0.43081051111221313
0.2865251302719116
0.5172114968299866
0.40223830938339233
0.31530702114105225
0.1921084225177765
0.32671284675598145
0.2799831032752991
0.5436870455741882
0.3657655715942383
0.6484412550926208
0.3484541177749634
0.676375687122345
0.5475077033042908
0.25482553243637085
0.7098132371902466
0.5581498146057129
0.4272949695587158
0.5764008164405823
0.3672606945037842
0.43669718503952026
0.7423854470252991
0.5623640418052673
0.49447816610336304
0.5795006155967712
0.20212678611278534
0.5293692946434021
0.5915117859840393
0.4190673828125
0.48138725757598877
0.40550917387008667
0.4795513153076172
0.36141765117645264
0.41162216663360596
0.21556782722473145
0.5033239126205444
0.2859173119068146
0.3820399045944214
0.1938469558954239
0.6855081915855408
0.2990514636039734
0.42372602224349976
0.49456286430358887
0.3167155981063843
0.50675368309021
0.5434223413467407
0.31205683946609497
0.49209409952163696
0.36772119998931885
0.18621399998664856
0.7296577095985413
0.30171412229537964
0.2231634110212326
0.47081416845321655
0.25377577543258667
0.6205593943595886
0.3488653302192688
0.25174546241760254
0.6228740811347961
0.3653671145439148
0.5521343350410461
0.5262756943702698
0.3655322790145874
0.5563298463821411
0.46306461095809937
0.5094705820083618
0.30948370695114136
0.3427901864051819
0.39687055349349976
0.17292287945747375
0.605661928653717
0.38199174404144287
0.5734556913375854
0.4659397006034851
0.5411838889122009
0.42919135093688965
0.4804707169532776
0.5259485244750977
0.6083009839057922
0.199754998087883
0.5128316283226013
0.3425180912017822
0.4434216022491455
0.4430786967277527
0.40057992935180664
0.6169132590293884
0.3274056911468506
0.3372707962989807
0.5718051791191101
0.5059418678283691
0.47789061069488525
0.6625840067863464
0.290365993976593
0.2515732944011688
0.29200708866119385
0.6325421929359436
0.5080060362815857
0.6010783314704895
0.4955292344093323
0.29977309703826904
0.5245541334152222
0.2791247069835663
0.4696871042251587
0.2886509895324707
0.678077220916748
0.3517310619354248
0.41315019130706787
0.34058666229248047
0.586292564868927
0.4356655478477478
0.33280032873153687
0.17804935574531555
0.5485411882400513
0.5172114968299866
0.1906861811876297
0.5186235308647156
0.5381319522857666
0.4555578827857971
0.49188345670700073
0.32050466537475586
0.3136654496192932
0.6447228789329529
0.381941556930542
0.32110512256622314
0.40216630697250366
0.32089877128601074
0.3579632639884949
0.5709329843521118
0.36424481868743896
0.38241463899612427
0.47440391778945923
0.5404489636421204
0.6715894341468811
0.4709407091140747
0.4169188141822815
0.45850545167922974
0.4795111417770386
0.6091793775558472
0.3466795086860657
0.4103001356124878
0.5508000254631042
0.3659883737564087
0.18990302085876465
0.3218024969100952
0.4834614396095276
0.23252800107002258
0.6391476988792419
0.27956336736679077
0.40029048919677734
0.4949273467063904
0.49370503425598145
0.41359567642211914
0.35878658294677734
0.6378980875015259
0.35924428701400757
0.3391856551170349
0.6114508509635925
0.5682328939437866
0.6351975202560425
0.5552316904067993
0.16999654471874237
0.37275761365890503
0.243589386343956
0.4331396818161011
0.35193371772766113
0.23705828189849854
0.3033140003681183
0.7204363942146301
0.599334180355072
0.4521092176437378
0.24444927275180817
0.43027347326278687
0.16283971071243286
0.24114160239696503
0.42757195234298706
0.520767331123352
0.4553191661834717
0.6632136702537537
0.22920124232769012
0.526246964931488
0.3897528052330017
0.5494881272315979
0.48803311586380005
0.21064822375774384
0.565094530582428
0.47314542531967163
0.37354356050491333
0.4869064688682556
0.1713002622127533
0.33861416578292847
0.5222451090812683
0.2741604447364807
0.2652871608734131
0.7413119673728943
0.3658166527748108
0.21618294715881348
0.539598822593689
0.42434215545654297
0.4602898955345154
0.25341227650642395
0.28957056999206543
0.31575095653533936
0.28476136922836304
0.4987945556640625
0.5286758542060852
0.3741437792778015
0.5870960354804993
0.43021160364151
0.28431516885757446
0.3740953803062439
0.4364962577819824
0.5496792197227478
0.3870043158531189
0.4392564296722412
0.2599525451660156
0.5197723507881165
0.22190560400485992
0.448677122592926
0.30415135622024536
0.6322528123855591
0.49429184198379517
0.3697980046272278
0.6783319711685181
0.3788016438484192
0.6161136627197266
0.45424884557724
0.3336603045463562
0.548628568649292
0.3669437766075134
0.5402436852455139
0.5219419598579407
0.6044166684150696
0.3157626986503601
0.5832803845405579
0.38372284173965454
0.2977375388145447
0.6271082758903503
0.5022579431533813
0.6491029858589172
0.6195979118347168
0.5051899552345276
0.546415388584137
0.40081316232681274
0.5668759346008301
0.3879861831665039
0.6219507455825806
0.4065703749656677
0.4232664108276367
0.5632573962211609
0.5545591711997986
0.3170250654220581
0.49277931451797485
0.32396334409713745
0.4476778507232666
0.3225896954536438
0.47988206148147583
0.6936346888542175
0.6441789269447327
0.4526931643486023
0.35282081365585327
0.4409847855567932
0.22968073189258575
0.7053084969520569
0.343716561794281
0.4621933698654175
0.43081051111221313
0.4282785654067993
0.4879317879676819
0.28797006607055664
0.4651597738265991
0.29448360204696655
0.47782379388809204
0.3925594687461853
0.4806634187698364
0.41923171281814575
0.5936963558197021
0.3825293183326721
0.3773147463798523
0.6250080466270447
0.2574753165245056
0.2703220546245575
0.5511861443519592
0.6969855427742004
0.3543475270271301
0.6299713253974915
0.38429808616638184
0.25151658058166504
0.3299584984779358
0.5278289318084717
0.4357290267944336
0.6057456135749817
0.5651015043258667
0.43514585494995117
0.5568433403968811
0.3848356008529663
0.6825533509254456
0.6327288746833801
0.41162365674972534
0.64955735206604
0.49171435832977295
0.4657013416290283
0.5028488039970398
0.11474944651126862
0.2025822252035141
0.49299418926239014
0.2506975531578064
0.5253115296363831
0.2543879449367523
0.5820029377937317
0.255755752325058
0.30436092615127563
0.2993704676628113
0.42857182025909424
0.25524067878723145
0.2966200113296509
0.2685962915420532
0.7311548590660095
0.5989406704902649
0.1323653757572174
0.3616418242454529
0.6382592916488647
0.3945063352584839
0.4680621027946472
0.17149066925048828
0.6037535071372986
0.20060241222381592
0.36647969484329224
0.20420122146606445
0.3339381217956543
0.4832560420036316
0.4860062599182129
0.20966030657291412
0.39564597606658936
0.4136778712272644
0.48973315954208374
0.3549651503562927
0.5046002864837646
0.3318168520927429
0.44905269145965576
0.39057767391204834
0.22626380622386932
0.7233457565307617
0.3232196569442749
0.37963467836380005
0.21533934772014618
0.6333592534065247
0.4858773350715637
0.39325159788131714
0.5542001128196716
0.4153997302055359
0.55751633644104
0.5482454299926758
0.5807712078094482
0.20734663307666779
0.2813602089881897
0.49273568391799927
0.49549925327301025
0.5055439472198486
0.3326258659362793
0.21406926214694977
0.2303788959980011
0.5505801439285278
0.42001211643218994
0.5090876221656799
0.25331637263298035
0.1798534244298935
0.510190486907959
0.46372145414352417
0.5354734063148499
0.3153496980667114
0.6207659244537354
0.5423200130462646
0.6311138868331909
0.4801371693611145
0.0916132777929306
0.23131915926933289
0.1846545785665512
0.4242130517959595
0.38076215982437134
0.5087242126464844
0.23162944614887238
0.4168317914009094
0.4902566075325012
0.5280362963676453
0.28207650780677795
0.6671348214149475
0.3948368430137634
0.22182469069957733
0.7283766865730286
0.3547688126564026
0.6060195565223694
0.4621933698654175
0.17310313880443573
0.253072589635849
0.22927029430866241
0.3462432026863098
0.3868299126625061
0.37720781564712524
0.5426734685897827
0.3757217526435852
0.5583531260490417
0.140893816947937
0.1265806257724762
0.6309848427772522
0.3858049511909485
0.382623553276062
0.33478212356567383
0.15484462678432465
0.4700654149055481
0.49182963371276855
0.35994720458984375
0.6409563422203064
0.5258777141571045
0.4896388053894043
0.4132738709449768
0.4575095772743225
0.49145764112472534
0.470742404460907
0.4642765522003174
0.26160699129104614
0.6904374361038208
0.23771806061267853
0.07202936708927155
0.7505488991737366
0.4296071529388428
0.5592755079269409
0.434353232383728
0.4180890917778015
0.28643572330474854
0.41563254594802856
0.473844051361084
0.7068812251091003
0.22703154385089874
0.38699620962142944
0.2266010046005249
0.3432825803756714
0.5637092590332031
0.7094005942344666
0.10732503980398178
0.4895695447921753
0.4560582637786865
0.42494726181030273
0.6845254302024841
0.507466733455658
0.22388072311878204
0.21775831282138824
0.3282632827758789
0.3064911961555481
0.613780677318573
0.4488530158996582
0.3669632077217102
0.4931837320327759
0.45354366302490234
0.24911268055438995
0.48443806171417236
0.461103618144989
0.29286909103393555
0.4787447452545166
0.7722150683403015
0.3342379927635193
0.46954113245010376
0.3189327120780945
0.30894365906715393
0.3850024938583374
0.3356092572212219
0.12636929750442505
0.40123701095581055
0.240069180727005
0.16030429303646088
0.30782854557037354
0.30761080980300903
0.5928601026535034
0.4721683859825134
0.1418209671974182
0.280377596616745
0.7019066214561462
0.582715630531311
0.533253014087677
0.5253192186355591
0.5342926383018494
0.13274815678596497
0.1130257099866867
0.4950736165046692
0.46916377544403076
0.2647867202758789
0.49141478538513184
0.4256461262702942
0.4382689595222473
0.6830645203590393
0.4064767360687256
0.52103590965271
0.07814373075962067
0.41564851999282837
0.5622836351394653
0.5408694744110107
0.3926878571510315
0.2025822252035141
0.4959073066711426
0.38171178102493286
0.6463525891304016
0.38184744119644165
0.3769652843475342
0.5107695460319519
0.44088542461395264
0.38199174404144287
0.5851021409034729
0.21968957781791687
0.4480106234550476
0.46133118867874146
0.27801617980003357
0.2496873289346695
0.26809361577033997
0.3064911961555481
0.5600115656852722
0.5595144629478455
0.4665132164955139
0.31865018606185913
0.17391809821128845
0.28168565034866333
0.40831178426742554
0.2859272360801697
0.3357278108596802
0.5572569370269775
0.7037613987922668
0.25356829166412354
0.4849403500556946
0.4177693724632263
0.6830088496208191
0.13484159111976624
0.5057185292243958
0.4807279706001282
0.31646430492401123
0.5092688202857971
0.6938257813453674
0.13095110654830933
0.39716285467147827
0.24431809782981873
0.4877461791038513
0.5007321834564209
0.443260133266449
0.6338610053062439
0.5190737843513489
0.5916531682014465
0.21296460926532745
0.3430749773979187
0.6318749785423279
0.3848356008529663
0.3280923366546631
0.11715639382600784
0.3663533329963684
0.3422524929046631
0.6088747382164001
0.3919107913970947
0.4408814311027527
0.3064911961555481
0.5898957848548889
0.18063725531101227
0.433324933052063
0.5558788776397705
0.33560389280319214
0.5465043187141418
0.42665934562683105
0.628726065158844
0.4154077172279358
0.48828011751174927
0.6563664078712463
0.5430210828781128
0.4872400760650635
0.3351616859436035
0.40120643377304077
0.5938392281532288
0.3399273157119751
0.22437171638011932
0.6719638705253601
0.361240029335022
0.5159040689468384
0.24803709983825684
0.4355504512786865
0.522598385810852
0.6653693318367004
0.5377153754234314
0.6445209383964539
0.4094202518463135
0.48582881689071655
0.44120198488235474
0.6528292298316956
0.3401750922203064
0.3695012331008911
0.7008513808250427
0.5329391956329346
0.34019285440444946
0.3486107587814331
0.6631165742874146
0.6496975421905518
0.29432356357574463
0.3353372812271118
0.5410599708557129
0.4160032868385315
0.4116165041923523
0.5127434134483337
0.4874303340911865
0.22140635550022125
0.17399051785469055
0.10993346571922302
0.5813526511192322
0.4560853838920593
0.5023855566978455
0.4126322865486145
0.4360763430595398
0.6054683923721313
0.44662195444107056
0.28060734272003174
0.645641028881073
0.23572151362895966
0.5129774808883667
0.2502438426017761
0.44470465183258057
0.7346131205558777
0.4844711422920227
0.5101925134658813
0.5151596069335938
0.794726550579071
0.7405100464820862
0.47324925661087036
0.6803498864173889
0.4378145933151245
0.29975250363349915
0.34226465225219727
0.15365946292877197
0.58069908618927
0.45371806621551514
0.5490285158157349
0.5839374661445618
0.3064911961555481
0.3540732264518738
0.36680757999420166
0.42381495237350464
0.36053699254989624
0.36501139402389526
0.4473237991333008
0.16597160696983337
0.44610726833343506
0.28957056999206543
0.5249967575073242
0.5532547235488892
0.4491291642189026
0.5490707159042358
0.41162216663360596
0.25511831045150757
0.6091793775558472
0.426666796207428
0.6068949103355408
0.645639955997467
0.35229605436325073
0.42409420013427734
0.3984421491622925
0.5026497840881348
0.7219246029853821
0.42308759689331055
0.1265806257724762
0.5436550378799438
0.5048299431800842
0.6192664504051208
0.28622162342071533
0.41162216663360596
0.5906119346618652
0.5276919603347778
0.40095025300979614
0.2465624362230301
0.271871417760849
0.5527942776679993
0.3981519937515259
0.1678546667098999
0.5378454327583313
0.3951096534729004
0.26267027854919434
0.5643199682235718
0.3302583694458008
0.2939424514770508
0.23362676799297333
0.168177992105484
0.3064911961555481
0.46963101625442505
0.5264260172843933
0.6070269346237183
0.41162216663360596
0.7010098099708557
0.5265980958938599
0.24061577022075653
0.24444927275180817
0.4192580580711365
0.41464316844940186
0.47781306505203247
0.33045291900634766
0.39564597606658936
0.41725867986679077
0.36012715101242065
0.3548792600631714
0.44635701179504395
0.45161592960357666
0.502196729183197
0.4938133955001831
0.3785315752029419
0.4041825532913208
0.4566115140914917
0.5035033226013184
0.32767242193222046
0.29059797525405884
0.4046739339828491
0.351253867149353
0.65712571144104
0.3126375675201416
0.4998461604118347
0.1587771624326706
0.5079498887062073
0.6230804324150085
0.20207364857196808
0.5211866497993469
0.330191969871521
0.3913520574569702
0.5545322895050049
0.4491569399833679
0.6109078526496887
0.3336954712867737
0.5605660676956177
0.5078265070915222
0.4621933698654175
0.29671716690063477
0.7004284262657166
0.6916166543960571
0.5115923285484314
0.30518901348114014
0.40335381031036377
0.43578481674194336
0.2025822252035141
0.4769548773765564
0.5663385987281799
0.4502209424972534
0.49760234355926514
0.3463701009750366
0.11772046983242035
0.4861103892326355
0.24444927275180817
0.3457428812980652
0.41162216663360596
0.48239248991012573
0.561137855052948
0.1777036488056183
0.4767451286315918
0.5063442587852478
0.32992249727249146
0.4621933698654175
0.39450520277023315
0.2615702748298645
0.34734976291656494
0.6311138868331909
0.5296210050582886
0.18794257938861847
0.6143909096717834
0.5441609025001526
0.6469867825508118
0.42132776975631714
0.572554886341095
0.4150603413581848
0.5790517926216125
0.43848681449890137
0.5913721323013306
0.4863467812538147
0.7028066515922546
0.2800079882144928
0.47304123640060425
0.3930865526199341
0.3133968114852905
0.5542141795158386
0.5523722171783447
0.27534574270248413
0.5992606282234192
0.47705602645874023
0.2670171856880188
0.4621933698654175
0.6985142230987549
0.5730664134025574
0.6010887026786804
0.5171121954917908
0.5142121315002441
0.4651530981063843
0.47012966871261597
0.24622461199760437
0.35379719734191895
0.6762197613716125
0.3410506248474121
0.543768048286438
0.33937615156173706
0.28957056999206543
0.3539177179336548
0.3678188920021057
0.3607419729232788
0.4961130619049072
0.28540652990341187
0.4335646629333496
0.45773887634277344
0.19753430783748627
0.6177046895027161
0.3839002251625061
0.3046930432319641
0.3908047080039978
0.5151596069335938
0.31004661321640015
0.36424320936203003
0.4545881152153015
0.28298527002334595
0.22738192975521088
0.580888569355011
0.5213490128517151
0.3462103009223938
0.31717848777770996
0.354880690574646
0.5495495796203613
0.2286527305841446
0.5469014644622803
0.6673861145973206
0.6069301962852478
0.35503876209259033
0.5025550127029419
0.5264260172843933
0.28247928619384766
0.4656004309654236
0.6413727402687073
0.1782635599374771
0.27456629276275635
0.3672131896018982
0.4575139284133911
0.16909398138523102
0.5055816769599915
0.400556743144989
0.43520045280456543
0.2303788959980011
0.6232277750968933
0.5869185328483582
0.443647563457489
0.2255060374736786
0.4276696443557739
0.2663603723049164
0.2834753394126892
0.2692715525627136
0.34014004468917847
0.3326525092124939
0.5542609691619873
0.5837399959564209
0.3898121118545532
0.4824894666671753
0.4791114926338196
0.3206515908241272
0.47781306505203247
0.21161599457263947
0.5797300934791565
0.15247872471809387
0.40404289960861206
0.6518281102180481
0.42944544553756714
0.3529217839241028
0.3492082953453064
0.591489315032959
0.6144596934318542
0.3371542692184448
0.45808112621307373
0.661893367767334
0.5370951294898987
0.4425090551376343
0.4892265200614929
0.1952715367078781
0.2191840559244156
0.5811938643455505
0.3064911961555481
0.4772776961326599
0.6434439420700073
0.46599429845809937
0.3473225235939026
0.3834846615791321
0.4348689913749695
0.5799177289009094
0.37433695793151855
0.392555296421051
0.39855045080184937
0.5322564244270325
0.6407583951950073
0.6189323663711548
0.5171616673469543
0.5548604726791382
0.6686641573905945
0.6170422434806824
0.6622421145439148
0.6405969262123108
0.12201419472694397
0.5685370564460754
0.5378603339195251
0.3436466455459595
0.21818818151950836
0.3506966233253479
0.404435396194458
0.5368021130561829
0.45764583349227905
0.3250581622123718
0.4659709930419922
0.4410058856010437
0.3330027461051941
0.5507429838180542
0.36739927530288696
0.44194865226745605
0.3500790596008301
0.26832115650177
0.6251962780952454
0.4811304807662964
0.37804967164993286
0.5581144690513611
0.3848356008529663
0.4237387776374817
0.4355953335762024
0.544286847114563
0.4069210886955261
0.3910841941833496
0.3513401746749878
0.5217936038970947
0.5007055997848511
0.5183791518211365
0.4788825511932373
0.4645688533782959
0.5367929339408875
0.5734013319015503
0.07314621657133102
0.5647483468055725
0.24352356791496277
0.4890090227127075
0.5898957848548889
0.5353554487228394
0.5151596069335938
0.39707350730895996
0.4721980690956116
0.27113693952560425
0.543013870716095
0.23636768758296967
0.41162216663360596
0.5177795886993408
0.2406366616487503
0.39976179599761963
0.5353517532348633
0.3281353712081909
0.35899436473846436
0.3848356008529663
0.5340185165405273
0.634306788444519
0.2019203156232834
0.3391039967536926
0.4082835912704468
0.39564597606658936
0.2774547338485718
0.1697879433631897
0.16578027606010437
0.5959863066673279
0.5579453110694885
0.7216511368751526
0.2482040524482727
0.5269219875335693
0.24954509735107422
0.1671997606754303
0.3492555022239685
0.4025580883026123
0.5172114968299866
0.28026294708251953
0.3312379717826843
0.1116555705666542
0.2748453617095947
0.4296215772628784
0.31909066438674927
0.3063545227050781
0.6883717179298401
0.2050161510705948
0.39106833934783936
0.3353864550590515
0.6194842457771301
0.3493029475212097
0.4824981689453125
0.4492712616920471
0.5829043984413147
0.4951170086860657
0.38199174404144287
0.24910517036914825
0.27757787704467773
0.27476638555526733
0.30135491490364075
0.6570851802825928
0.22617191076278687
0.6935566663742065
0.3842296004295349
0.6626273989677429
0.287234902381897
0.1227462887763977
0.531133234500885
0.37331855297088623
0.42333734035491943
0.6468499302864075
0.37600624561309814
0.25789904594421387
0.5110830664634705
0.5015981197357178
0.6809588670730591
0.6775239109992981
0.5161985754966736
0.28957056999206543
0.5245066285133362
0.46290123462677
0.5653848052024841
0.21843115985393524
0.3848356008529663
0.3464101552963257
0.3852956295013428
0.728145956993103
0.6033756136894226
0.15234136581420898
0.17556217312812805
0.4680885076522827
0.17117194831371307
0.5998089909553528
0.3405604362487793
0.4456881880760193
0.3025205135345459
0.2621685862541199
0.5743497014045715
0.46674519777297974
0.5159247517585754
0.29091328382492065
0.13103479146957397
0.4960782527923584
0.6066829562187195
0.4080299735069275
0.68695467710495
0.49758481979370117
0.5168212652206421
