0.1615944802761078
0.548824667930603
0.5622209310531616
0.5262629985809326
0.04733503237366676
0.3361467123031616
0.6165252923965454
0.5646330118179321
0.24603088200092316
0.2545611262321472
0.4127742052078247
0.39678677916526794
0.5751769542694092
0.5470587611198425
0.22826670110225677
0.2016359269618988
0.6373646259307861
0.5179467797279358
0.5602357387542725
0.4411785900592804
0.27113962173461914
0.41070738434791565
0.337692528963089
0.25718969106674194
0.3525323271751404
0.3915596902370453
0.5886354446411133
0.33879873156547546
0.6469208002090454
0.6849809885025024
0.46165338158607483
0.1750931292772293
0.5267370939254761
0.5126941204071045
0.6837908029556274
0.345800518989563
0.1452850103378296
0.14653050899505615
0.34170642495155334
0.5819562077522278
0.22676806151866913
0.13494107127189636
0.4919174611568451
0.386523962020874
0.30588337779045105
0.481609046459198
0.44651034474372864
0.5154558420181274
0.13436350226402283
0.2092287838459015
0.28267204761505127
0.525164783000946
0.5967652797698975
0.3392792046070099
0.6072156429290771
0.5810086727142334
0.41856661438941956
0.4645569622516632
0.4140793979167938
0.4749802052974701
0.3846522867679596
0.4667775332927704
0.585471510887146
0.21180248260498047
0.6028610467910767
0.47210830450057983
0.5113913416862488
0.27229923009872437
0.5990370512008667
0.09622608125209808
0.5852075815200806
0.4808761775493622
0.17629733681678772
0.12689217925071716
0.5407352447509766
0.2977933883666992
0.40536734461784363
0.1532580852508545
0.5521845817565918
0.6081225872039795
0.4751410186290741
0.6073708534240723
0.4506143629550934
0.5340573191642761
0.188177689909935
0.30598878860473633
0.5099343061447144
0.12476374953985214
0.55792236328125
0.35385265946388245
0.5924413204193115
0.470247358083725
0.3615831732749939
0.5156903862953186
0.4101111590862274
0.4661807119846344
0.5100449919700623
0.419961541891098
0.31714969873428345
0.4668542444705963
0.42449674010276794
0.5874361991882324
0.4057442247867584
0.5557948350906372
0.717907190322876
0.46730461716651917
0.5102779865264893
0.4966132342815399
0.5762268304824829
0.2372918277978897
0.6723905801773071
0.3040800988674164
0.2305818796157837
0.4235801100730896
0.34860047698020935
0.3322198688983917
0.15873460471630096
0.3381139934062958
0.4140886664390564
0.28861188888549805
0.5251433849334717
0.5690838098526001
0.29814404249191284
0.5423851013183594
0.47943273186683655
0.31056976318359375
0.5739926099777222
0.6009016036987305
0.3155127763748169
0.6645649671554565
0.32718533277511597
0.42331570386886597
0.2802274227142334
0.44724783301353455
0.3411664068698883
0.3993736207485199
0.3882942497730255
0.6375308036804199
0.5998979806900024
0.27896958589553833
0.3342311680316925
0.5038801431655884
0.3016251027584076
0.3525734841823578
0.5093449354171753
0.24485953152179718
0.537412166595459
0.593402624130249
0.38283321261405945
0.5902566909790039
0.5798459053039551
0.6001967191696167
0.5822123289108276
0.6267499923706055
0.32014036178588867
0.567359447479248
0.0778450146317482
0.17719024419784546
0.5854175090789795
0.623427152633667
0.6102582216262817
0.42045316100120544
0.5316648483276367
0.37271648645401
0.15210069715976715
0.529608964920044
0.10263202339410782
0.2698032259941101
0.15108460187911987
0.2976730763912201
0.5321710109710693
0.5228948593139648
0.2907628118991852
0.6150155067443848
0.5243658423423767
0.5311568379402161
0.6777706146240234
0.061769310384988785
0.553234875202179
0.4322294592857361
0.51048743724823
0.5779874920845032
0.4336693584918976
0.5533570647239685
0.30413177609443665
0.37329238653182983
0.4034408628940582
0.3577890992164612
0.6059318780899048
0.45172491669654846
0.27624666690826416
0.32256630063056946
0.5565005540847778
0.11124200373888016
0.6756031513214111
0.5066142678260803
0.5251325964927673
0.43885570764541626
0.5561542510986328
0.16898393630981445
0.4487629532814026
0.5580873489379883
0.41870883107185364
0.5770623683929443
0.5076237916946411
0.39168867468833923
0.393661230802536
0.2867414951324463
0.3061635196208954
0.2858749330043793
0.4576318562030792
0.5859659910202026
0.13306552171707153
0.3880350887775421
0.28257718682289124
0.6327527761459351
0.5077956914901733
0.25515538454055786
0.14552849531173706
0.5312302708625793
0.3883996605873108
0.5287480354309082
0.27830401062965393
0.15386895835399628
0.3868709206581116
0.49674633145332336
0.4977494180202484
0.5490745306015015
0.1603175550699234
0.49564746022224426
0.1724727600812912
0.4328167140483856
0.38946256041526794
0.5667453408241272
0.42942771315574646
0.02910391241312027
0.45133689045906067
0.5564016103744507
0.5673421621322632
0.6368589401245117
0.25387561321258545
0.47009390592575073
0.6097593307495117
0.4927603304386139
0.40504029393196106
0.5751322507858276
0.48080769181251526
0.6250917911529541
0.5446299910545349
0.05923974886536598
0.515546441078186
0.5957455635070801
0.6824263334274292
0.7182574272155762
0.5435181856155396
0.6284275054931641
0.6089712381362915
0.49087584018707275
0.23759251832962036
0.06970652937889099
0.6472753286361694
0.4794307053089142
0.4548695385456085
0.6141860485076904
0.5791056156158447
0.7274012565612793
0.3076517879962921
0.517767071723938
0.47989919781684875
0.35671520233154297
0.35821378231048584
0.5020663738250732
0.4097636044025421
0.5327377319335938
0.3107321858406067
0.38075029850006104
0.46703675389289856
0.5087028741836548
0.34738582372665405
0.23247727751731873
0.38189151883125305
0.4969150424003601
0.5757980346679688
0.2622467279434204
0.31153565645217896
0.14516206085681915
0.2752530872821808
0.5094711780548096
0.5647271871566772
0.549653172492981
0.5024338960647583
0.4919819235801697
0.4168509840965271
0.5852439403533936
0.5333929061889648
0.32232701778411865
0.09100250154733658
0.5554366707801819
0.34102699160575867
0.38947775959968567
0.389173686504364
0.5792158842086792
0.571326732635498
0.4744513928890228
0.520018458366394
0.5555896759033203
0.6198742389678955
0.35803961753845215
0.5798068046569824
0.6044330596923828
0.404305636882782
0.522278368473053
0.2511339485645294
0.5316670536994934
0.3320293128490448
0.43862733244895935
0.2510477304458618
0.0998150110244751
0.3501409590244293
0.3770730197429657
0.45340779423713684
0.509372353553772
0.36547449231147766
0.5320101380348206
0.4203457534313202
0.59053635597229
0.6260793209075928
0.43890199065208435
0.22721713781356812
0.4255613386631012
0.6976982355117798
0.38592246174812317
0.2519352436065674
0.4331800639629364
0.17946752905845642
0.40496763586997986
0.3459832966327667
0.34676456451416016
0.627827525138855
0.6439604759216309
0.24031786620616913
0.16307765245437622
0.3754774332046509
0.34426790475845337
0.35804179310798645
0.518258810043335
0.4162338674068451
0.45674535632133484
0.1378287672996521
0.34616711735725403
0.4072484076023102
0.2603769898414612
0.5366984605789185
0.2698390781879425
0.6294630765914917
0.5521751642227173
0.3507002592086792
0.33994242548942566
0.6735806465148926
0.5584783554077148
0.5949629545211792
0.21048349142074585
0.48035895824432373
0.4364534914493561
0.4267326295375824
0.29424017667770386
0.1481909602880478
0.6409702301025391
0.5400460958480835
0.4822939932346344
0.243679940700531
0.4698988199234009
0.32047027349472046
0.5621500015258789
0.5153937935829163
0.3667545020580292
0.5622239112854004
0.6149992942810059
0.25005343556404114
0.18061380088329315
0.1492190659046173
0.35599756240844727
0.07526839524507523
0.3807172477245331
0.5505084991455078
0.4428105354309082
0.32993265986442566
0.5829508304595947
0.24866652488708496
0.545862078666687
0.6320222616195679
0.3607175648212433
0.550564169883728
0.6183327436447144
0.38567402958869934
0.5120558738708496
0.5618593692779541
0.5223528146743774
0.5889760255813599
0.4892149865627289
0.2897395193576813
0.33057889342308044
0.39367586374282837
0.4235435426235199
0.3235422670841217
0.5462660789489746
0.21039150655269623
0.4544069468975067
0.7756226062774658
0.5007196664810181
0.5612448453903198
0.2353777140378952
0.5769033432006836
0.11189111322164536
0.5372428894042969
0.504788875579834
0.484291672706604
0.5021997690200806
0.25417569279670715
0.6337137222290039
0.5268769860267639
0.5995986461639404
0.47975629568099976
0.6344059705734253
0.5692571401596069
0.31713318824768066
0.5299102067947388
0.5644645690917969
0.2244204580783844
0.34707292914390564
0.14126163721084595
0.49643149971961975
0.2500081956386566
0.4342343807220459
0.3578573763370514
0.5479754209518433
0.5571475028991699
0.22837994992733002
0.7162840366363525
0.5075770020484924
0.531590461730957
0.46348893642425537
0.6174204349517822
0.22706544399261475
0.5562392473220825
0.23762744665145874
0.28766608238220215
0.6266000270843506
0.3109964430332184
0.504135251045227
0.6178123950958252
0.38446784019470215
0.6072006225585938
0.540717601776123
0.31496042013168335
0.30635499954223633
0.48104026913642883
0.5495481491088867
0.4778093993663788
0.1946510672569275
0.36837252974510193
0.3064981698989868
0.46970134973526
0.5091202855110168
0.3579884171485901
0.4859050214290619
0.07346601039171219
0.41196244955062866
0.5746780633926392
0.5396472811698914
0.5079816579818726
0.4700298011302948
0.40086254477500916
0.49168717861175537
0.37513598799705505
0.5438023805618286
0.4071299135684967
0.2610531747341156
0.2024088054895401
0.5434122681617737
0.24724137783050537
0.37848278880119324
0.15987491607666016
0.4663040041923523
0.3860243260860443
0.6798101663589478
0.42416271567344666
0.34404894709587097
0.2526041865348816
0.30292361974716187
0.16011172533035278
0.3822791576385498
0.5942124128341675
0.36445119976997375
0.588584303855896
0.17686916887760162
0.5389677882194519
0.7025318145751953
0.43725264072418213
0.3307320177555084
0.44276830554008484
0.6847095489501953
0.5703977346420288
0.6057791709899902
0.279224693775177
0.509607195854187
0.6509799957275391
0.3124522268772125
0.4222957193851471
0.2942725121974945
0.6082748174667358
0.6225941181182861
0.2808612585067749
0.6420621871948242
0.2540236711502075
0.6784147024154663
0.31926366686820984
0.6755684614181519
0.385821133852005
0.5961641073226929
0.512975811958313
0.3391808569431305
0.5067765712738037
0.6645784378051758
0.1250390112400055
0.40085235238075256
0.10864606499671936
0.22171320021152496
0.5853348970413208
0.24959376454353333
0.5060158967971802
0.5810160040855408
0.44571444392204285
0.48310476541519165
0.5672669410705566
0.4604125916957855
0.424509733915329
0.4053316116333008
0.2753928005695343
0.5168288946151733
0.0162627175450325
0.5018845796585083
0.177216038107872
0.439775288105011
0.4340392053127289
0.14551766216754913
0.13490234315395355
0.37322163581848145
0.5183050632476807
0.5449280142784119
0.17566771805286407
0.21910129487514496
0.3936358690261841
0.2685789465904236
0.20060741901397705
0.4798135757446289
0.4018913209438324
0.5204118490219116
0.48932743072509766
0.5174558162689209
0.5807751417160034
0.5693480968475342
0.0036550089716911316
0.6700147390365601
0.46353641152381897
0.5563899278640747
0.6268327236175537
0.23727181553840637
0.5920319557189941
0.4711257517337799
0.2633768320083618
0.31923341751098633
0.6438075304031372
0.3888685703277588
0.46928635239601135
0.6248128414154053
0.40391042828559875
0.1635911762714386
0.3367306888103485
0.5582485795021057
0.2654322683811188
0.3792603611946106
0.6224077939987183
0.3289492428302765
0.38175514340400696
0.3787880539894104
0.3275793194770813
0.5202641487121582
0.5708496570587158
0.47554877400398254
0.5430428981781006
0.5360671281814575
0.30190545320510864
0.4142257273197174
0.043043822050094604
0.524431586265564
0.2436806857585907
0.113873191177845
0.4845328629016876
0.3634168207645416
0.3561951816082001
0.6572744846343994
0.6588190793991089
0.6236350536346436
0.21669241786003113
0.27902594208717346
0.1935139298439026
0.32685041427612305
0.2194228172302246
0.3752239942550659
0.5193286538124084
0.6317839622497559
0.2926485538482666
0.5640602111816406
0.5604963302612305
0.1985378861427307
0.6604558229446411
0.5018594264984131
0.2851518392562866
0.44625404477119446
0.5352565050125122
0.20018070936203003
0.5167191028594971
0.2135562300682068
0.37245744466781616
0.31203097105026245
0.40425002574920654
0.18016886711120605
0.2553790211677551
0.35381895303726196
0.1840905398130417
0.3555847704410553
0.482718825340271
0.17146801948547363
0.5882581472396851
0.40873804688453674
0.4914412200450897
0.6425176858901978
0.6744441986083984
0.31344252824783325
0.5775504112243652
0.49920591711997986
0.48597756028175354
0.4178538918495178
0.5629196763038635
0.4079087972640991
0.6067204475402832
0.14844420552253723
0.053001731634140015
0.1302160620689392
0.44008928537368774
0.4868433177471161
0.3408558666706085
0.5048093795776367
0.40045127272605896
0.5881798267364502
0.5250722169876099
0.613487720489502
0.3965040445327759
0.17372316122055054
0.350100040435791
0.28610801696777344
0.4793432056903839
0.4250625669956207
0.48751309514045715
0.47971391677856445
0.4833430349826813
0.2969362139701843
0.2831217348575592
0.2613216042518616
0.41288748383522034
0.5876339673995972
0.38080471754074097
0.06456189602613449
0.5249360799789429
0.6015714406967163
0.5075714588165283
0.6266177892684937
0.3923424780368805
0.5835292339324951
0.4943866431713104
0.632487416267395
0.5578621625900269
0.4809202253818512
0.5343591570854187
0.559951901435852
0.32075661420822144
0.46153524518013
0.5636398792266846
0.515243649482727
0.3680781424045563
0.45651522278785706
0.4876891076564789
0.4143303334712982
0.3771493136882782
0.6268627643585205
0.5043541193008423
0.5463662147521973
0.5870726108551025
0.5478542447090149
0.5307769775390625
0.5744904279708862
0.1433497667312622
0.6203542947769165
0.5766487717628479
0.6232118606567383
0.6571751832962036
0.5422375202178955
0.5712672472000122
0.5068826675415039
0.32313185930252075
0.5375531315803528
0.14571061730384827
0.4556744694709778
0.5357773303985596
0.6943594217300415
0.24191617965698242
0.31727442145347595
0.43349841237068176
0.3566490709781647
0.6965290307998657
0.5994625091552734
0.0040978193283081055
0.030162088572978973
0.3745248019695282
0.40585964918136597
0.396948903799057
0.39774230122566223
0.45186349749565125
0.3600396513938904
0.4856847822666168
0.5115295648574829
0.052433960139751434
0.3982408940792084
0.4945848882198334
0.6010819673538208
0.5984658002853394
0.5920604467391968
0.6138149499893188
0.3002817630767822
0.39258530735969543
0.6187130212783813
0.1305582970380783
0.17718826234340668
0.6493992805480957
0.1944708526134491
0.5097513198852539
0.20121647417545319
0.3770388066768646
0.563082218170166
0.34946373105049133
0.35815510153770447
0.34425047039985657
0.6864508390426636
0.38956794142723083
0.5509571433067322
0.46507129073143005
0.2168305516242981
0.4064563810825348
0.11480321735143661
0.13672879338264465
0.36803004145622253
-0.009912252426147461
0.37430039048194885
0.44648465514183044
0.2800745368003845
0.40549567341804504
0.6029676198959351
0.626396656036377
0.3822697401046753
0.5198644995689392
0.4405842125415802
0.40413475036621094
0.3511093258857727
0.30709850788116455
0.42186620831489563
0.4911636412143707
0.14625713229179382
0.5734502077102661
0.158516064286232
0.36053401231765747
0.526159405708313
0.2605170011520386
0.43323376774787903
0.3971553146839142
0.6317100524902344
0.02732185274362564
0.46043118834495544
0.2626489996910095
0.5448827743530273
0.44984474778175354
0.5297277569770813
0.5781764984130859
0.06813304126262665
0.6332659721374512
0.5714308023452759
0.4327165484428406
0.5472662448883057
0.4930376708507538
0.3638627231121063
0.6157641410827637
0.45018818974494934
0.5581650733947754
0.4687461853027344
0.588394284248352
0.5723693370819092
0.49749013781547546
0.4897252023220062
0.34080466628074646
0.47803422808647156
0.5715889930725098
0.4899137318134308
0.2350953370332718
0.40537405014038086
0.5804330110549927
0.6178649663925171
0.5849171876907349
0.3603905737400055
0.5516271591186523
0.4232597053050995
0.44822171330451965
0.46559277176856995
0.6798605918884277
0.5071390867233276
0.3741159737110138
0.46312186121940613
0.5418398380279541
0.23023073375225067
0.37449023127555847
0.2870306968688965
0.5936615467071533
0.5827901363372803
0.4335291385650635
0.3404379189014435
0.448606938123703
0.2695228159427643
0.2516058683395386
0.4891238808631897
0.1130700334906578
0.15581151843070984
0.39674559235572815
0.24175730347633362
0.4160377085208893
0.454036682844162
0.21385237574577332
0.22487473487854004
0.21615228056907654
0.4451093077659607
0.43950554728507996
0.5097147226333618
0.48121848702430725
0.2655424177646637
0.44037899374961853
0.33735665678977966
0.7024275064468384
0.5867753028869629
0.1799861192703247
0.57607102394104
0.600854754447937
0.5528682470321655
0.18589144945144653
0.20042216777801514
0.5850071907043457
0.3722759783267975
0.5883468389511108
0.5986204147338867
0.3820072114467621
0.49541106820106506
0.42470782995224
0.38093042373657227
0.5392483472824097
0.26427632570266724
0.5425714254379272
0.2794763445854187
0.5198925137519836
0.3571588099002838
0.6044298410415649
0.32823336124420166
0.5451905131340027
0.5391689538955688
0.44638076424598694
0.4496362507343292
0.13521385192871094
0.16609445214271545
0.4856124222278595
0.614431619644165
0.5119736194610596
0.5535359382629395
0.507339358329773
0.41324952244758606
0.08548762649297714
0.6940732002258301
0.21363887190818787
0.5106413960456848
0.4056764543056488
0.38486018776893616
0.20597220957279205
0.1560421884059906
0.6116193532943726
0.3654946982860565
0.5868552923202515
0.2907136380672455
0.5787858963012695
0.15950827300548553
0.4209250509738922
0.043864089995622635
0.44493260979652405
0.5568915605545044
0.1641337275505066
0.5885710716247559
0.3608061969280243
0.569664716720581
0.48576101660728455
0.5100698471069336
0.6365407705307007
0.564159631729126
0.5021147727966309
0.3900897800922394
0.3316168189048767
0.43692025542259216
0.24712787568569183
0.5435488224029541
0.4194549024105072
0.25597718358039856
0.29333609342575073
0.5298177599906921
0.36498138308525085
0.6117677688598633
0.4664967656135559
0.20786231756210327
0.34861722588539124
0.603649377822876
0.35869958996772766
0.4997763931751251
0.4921562969684601
0.6252182722091675
0.17016436159610748
0.4391134977340698
0.3749406635761261
0.5485571622848511
0.2759718596935272
0.2448672652244568
0.30480024218559265
0.625964879989624
0.6235460042953491
0.41326773166656494
0.6984312534332275
0.20873811841011047
0.46224215626716614
0.33103689551353455
0.3956867754459381
0.5682581663131714
0.27963805198669434
0.4962692856788635
0.30972355604171753
0.6188230514526367
0.5057181715965271
0.5704153180122375
0.675723671913147
0.19481892883777618
0.39920976758003235
0.3870500922203064
0.1485610008239746
0.4941694438457489
0.2454383671283722
0.1666831374168396
0.47972896695137024
0.5393599271774292
0.5013637542724609
0.5576408505439758
0.6180217266082764
0.37711235880851746
0.5729749202728271
0.1301470249891281
0.4152012765407562
0.4774046838283539
0.5295430421829224
0.6790481805801392
0.5389273166656494
0.25195038318634033
0.2007434219121933
0.5104208588600159
0.6179076433181763
0.5757976770401001
0.5364722013473511
0.5833761692047119
0.5363911390304565
0.25917482376098633
0.5567084550857544
0.4853704571723938
0.4823022186756134
0.4140739440917969
0.29015451669692993
0.5360757112503052
0.3963984549045563
0.3511441648006439
0.6180660724639893
0.33603399991989136
0.5429325103759766
0.603896975517273
0.3283501863479614
0.5667657852172852
0.5117299556732178
0.5338894128799438
0.3657161593437195
0.31371548771858215
0.6538083553314209
0.24817390739917755
0.21549390256404877
0.42003899812698364
0.6743578910827637
0.6043268442153931
0.2886970043182373
0.17258544266223907
0.4898358881473541
0.24902504682540894
0.23703086376190186
0.6209357976913452
0.531139612197876
0.27945858240127563
0.6735563278198242
0.3125304877758026
0.5767847299575806
0.5529260635375977
0.26319268345832825
0.49852195382118225
0.3957025110721588
0.44065412878990173
0.5605101585388184
0.20002521574497223
0.09415249526500702
0.11454856395721436
0.5676354169845581
0.2539343535900116
0.6038395166397095
0.5574046969413757
0.30605238676071167
0.21585848927497864
0.5387917757034302
0.48354002833366394
0.4071067273616791
0.5884286165237427
0.5714328289031982
0.3916369676589966
0.38552209734916687
0.6075727939605713
0.3681960999965668
0.5549749135971069
0.4137076437473297
0.45951786637306213
0.40549805760383606
0.5251672267913818
0.4454858601093292
0.5189980268478394
0.506439208984375
0.3259233832359314
0.27454015612602234
0.5412070751190186
0.17627306282520294
0.5247490406036377
0.41103529930114746
0.43538805842399597
0.323922723531723
0.20413607358932495
0.4902983605861664
0.4252154231071472
0.34009748697280884
0.7180590629577637
0.3583560287952423
0.6438248157501221
0.13308307528495789
0.5114150047302246
0.10890044271945953
0.3390713036060333
0.5328731536865234
0.5325684547424316
0.6128977537155151
0.19483859837055206
0.34799081087112427
0.695502758026123
0.4330593943595886
0.47793805599212646
0.5518909692764282
0.4321924149990082
0.6226376295089722
0.39680832624435425
0.6373424530029297
0.6029298305511475
0.4060424566268921
0.2594122886657715
0.4675009250640869
0.49419382214546204
0.53645259141922
0.4126761853694916
0.5209360122680664
0.538414478302002
0.3865308165550232
0.4205508530139923
0.49659857153892517
0.1545172780752182
0.511614203453064
0.40446028113365173
0.5132904052734375
0.6457692384719849
0.42502427101135254
0.7610164880752563
0.2581169009208679
0.24053825438022614
0.5221419334411621
0.5616986751556396
0.5385912656784058
0.39776456356048584
0.4644186794757843
0.31330758333206177
0.7045143842697144
0.31832438707351685
0.28111162781715393
0.3052884340286255
0.5803087949752808
0.3274090588092804
0.5214203596115112
0.5888830423355103
0.17196574807167053
0.590927243232727
0.3489055931568146
0.5752202272415161
0.693772554397583
0.42688894271850586
0.655420184135437
0.1765064001083374
0.19965150952339172
0.24889308214187622
0.06094067543745041
0.4271950423717499
0.29014915227890015
0.27598515152931213
0.5574325919151306
0.5434525012969971
0.6178653240203857
0.4189475476741791
0.4233227074146271
0.4598882496356964
0.454492449760437
0.5347838997840881
0.02759430930018425
0.5422857999801636
0.587099552154541
0.7295979261398315
0.6367690563201904
0.6389424800872803
0.5274431705474854
0.3547041118144989
0.23443855345249176
0.475772887468338
0.4886217713356018
0.3562184274196625
0.20088601112365723
0.6084851026535034
0.6196666955947876
0.4606212377548218
0.34699323773384094
0.5634168386459351
0.6795835494995117
0.613571286201477
0.45432981848716736
0.4608395993709564
0.12759245932102203
0.19281911849975586
0.5317345857620239
0.2714400589466095
0.18155454099178314
0.5958795547485352
0.6143695116043091
0.1707909107208252
0.5507850050926208
0.5233694314956665
0.295917809009552
0.30730581283569336
0.33306747674942017
0.6328753232955933
0.2296610325574875
0.4783986210823059
0.40974971652030945
0.5670315027236938
0.12088331580162048
0.6330016851425171
0.28296220302581787
0.47785571217536926
0.545413613319397
0.4976383447647095
0.40265828371047974
0.4420848786830902
0.21763260662555695
0.5814718008041382
0.5689345598220825
0.5986785888671875
0.41955071687698364
0.27012425661087036
0.4632428288459778
0.337919682264328
0.4852094352245331
0.2597510814666748
0.18725880980491638
0.4536910355091095
0.04862837493419647
0.29408013820648193
0.09179878979921341
0.507561445236206
0.5613701343536377
0.41219595074653625
0.2409224808216095
0.44941022992134094
0.3302996754646301
0.49885037541389465
0.5794203281402588
0.23639550805091858
0.36806586384773254
0.5520039796829224
0.493013858795166
0.046449944376945496
0.4975147247314453
0.4639575183391571
0.6261258125305176
0.4076516926288605
0.6448595523834229
0.5733641386032104
0.07888902723789215
0.47085681557655334
0.5355727672576904
0.399717777967453
0.26246899366378784
0.3315664231777191
0.438638836145401
0.4847705662250519
0.44568774104118347
0.12489403039216995
0.6474796533584595
0.4567061960697174
0.5022422671318054
0.42055097222328186
0.34865304827690125
0.44080138206481934
0.08602478355169296
0.5110118389129639
0.5402522087097168
0.534194827079773
0.5236488580703735
0.22869646549224854
0.4313720464706421
0.590722918510437
0.20962202548980713
0.6272680759429932
0.5640677213668823
0.22258919477462769
0.5514312982559204
0.5870442390441895
0.44713863730430603
0.4357494115829468
0.3523356020450592
0.5556291341781616
0.30121010541915894
0.3089752495288849
0.4925449788570404
0.5675860643386841
0.3393271863460541
0.6074626445770264
0.2715860605239868
0.45845434069633484
0.33583125472068787
0.5584662556648254
0.48497042059898376
0.042752861976623535
0.442349374294281
0.4581470489501953
0.15880492329597473
0.30564719438552856
0.11846083402633667
0.5040979385375977
0.39881524443626404
0.2673272490501404
0.586100697517395
0.5928314924240112
0.18808463215827942
0.5890952348709106
0.24623189866542816
0.1147172823548317
0.6388025283813477
0.24245373904705048
0.5896985530853271
0.5979933738708496
0.4299784302711487
0.5048012137413025
0.23969462513923645
0.387123167514801
0.12565428018569946
0.19816841185092926
-0.01147519052028656
0.34161558747291565
0.04958449304103851
0.5227323770523071
0.23236805200576782
0.5047122240066528
0.7219196557998657
0.6715394258499146
0.3689979612827301
0.6074905395507812
0.620975136756897
0.5774427056312561
0.6289995908737183
0.20743630826473236
0.5528180599212646
0.5470719337463379
0.5429840087890625
0.090296670794487
0.3666592240333557
0.517585039138794
0.05477607995271683
0.5652332305908203
0.4104718267917633
0.23385867476463318
0.5608267784118652
0.6425389051437378
0.47949501872062683
0.3486795723438263
0.45744141936302185
0.4095103442668915
0.5313899517059326
0.6567915678024292
0.03596906363964081
0.32084500789642334
0.19373716413974762
0.0837242528796196
0.20822674036026
0.5477588176727295
0.3245536684989929
0.628902792930603
0.6851691007614136
0.4783235490322113
0.3326287269592285
0.06278501451015472
0.39017513394355774
0.4609508812427521
0.4106256067752838
0.40226584672927856
0.5170345306396484
0.6301591396331787
0.46115514636039734
0.32200485467910767
0.2905804216861725
0.41107043623924255
0.6450140476226807
0.16268719732761383
0.49705973267555237
0.5835452079772949
0.0826914981007576
0.48700881004333496
0.5437362194061279
0.36184051632881165
0.5460659265518188
0.49597373604774475
0.5560521483421326
0.6692341566085815
0.6499000787734985
0.4557298421859741
0.38532114028930664
0.1591741442680359
0.4093380868434906
0.5760351419448853
0.4128188490867615
0.6429647207260132
0.5936028957366943
0.5790398120880127
0.573957085609436
0.6109033823013306
0.3024740219116211
0.5335358381271362
0.22135141491889954
0.6311187744140625
0.21049419045448303
0.5506580471992493
0.43755778670310974
0.44687458872795105
0.46307986974716187
0.4646759629249573
0.7382984161376953
0.6398125886917114
0.5776755809783936
0.4161514937877655
0.2326182723045349
0.6215600967407227
0.102728933095932
0.21733859181404114
0.5880461931228638
0.6291848421096802
0.44230011105537415
0.41456857323646545
0.21077486872673035
0.5833397507667542
0.5312923192977905
0.36116155982017517
0.5728431940078735
0.08552750200033188
0.6689609289169312
0.4391953647136688
0.5444552302360535
0.5428850650787354
0.36953142285346985
0.44159725308418274
0.6049562692642212
0.5505503416061401
0.7192251682281494
0.5920194387435913
0.45051389932632446
0.11063492298126221
0.25051403045654297
0.4607298970222473
0.5124154090881348
0.3530563414096832
0.43042752146720886
0.5769873261451721
0.5300694704055786
0.386079877614975
0.5488491058349609
0.5811558961868286
0.28465497493743896
0.19288477301597595
0.31098759174346924
0.5565366744995117
0.3230423927307129
0.6841946840286255
0.5272840261459351
0.558037281036377
0.6141318082809448
0.6245993375778198
0.2648039758205414
0.5716232061386108
0.53641277551651
0.3661281168460846
0.28558290004730225
0.397880882024765
0.39268410205841064
0.4946478009223938
0.26829925179481506
0.5311479568481445
0.2758338451385498
0.22843685746192932
0.6859484910964966
0.49123287200927734
0.4815434515476227
0.46263739466667175
0.47137153148651123
0.48564425110816956
0.5791655778884888
0.45870324969291687
0.5292452573776245
0.36056259274482727
0.5836420059204102
0.38866010308265686
0.4661281406879425
0.47616803646087646
0.6171711683273315
0.39454612135887146
0.5541640520095825
0.6230068206787109
0.36891403794288635
0.542732834815979
0.3439328074455261
0.39903369545936584
0.4807761609554291
0.4463009834289551
0.2040092647075653
0.503915548324585
0.4408017098903656
0.3127208650112152
0.5501636266708374
0.5257830619812012
0.1812278777360916
0.4391486942768097
0.2786100506782532
0.39645254611968994
0.6241581439971924
0.4989764094352722
0.5421329736709595
0.005844622850418091
0.5222833156585693
0.3627065122127533
0.5179553031921387
0.415859192609787
0.2570405900478363
0.18635469675064087
0.555176854133606
0.6762679815292358
0.17279089987277985
0.610222578048706
0.5233333110809326
0.4117788076400757
0.1095956489443779
0.3247995376586914
0.6446157693862915
0.44541871547698975
0.5317641496658325
0.5326998233795166
0.5722415447235107
0.4750966429710388
0.6804598569869995
0.5448884963989258
0.2687239944934845
0.23137995600700378
0.5012302994728088
0.4162425100803375
0.4905620515346527
0.1445668488740921
0.4510349929332733
0.5735310316085815
0.47117218375205994
0.5574910640716553
0.4738202393054962
0.5474543571472168
0.3042885661125183
0.255426287651062
0.5771840810775757
0.42371833324432373
0.46083399653434753
0.21115857362747192
0.5107244253158569
0.25522491335868835
0.5964298248291016
0.48047563433647156
0.6985790729522705
0.44420936703681946
0.6050441265106201
0.6038978099822998
0.10855003446340561
0.5706037282943726
0.13482539355754852
0.4318167269229889
0.5528650283813477
0.4216891825199127
0.5590301752090454
0.39485928416252136
0.5291410684585571
0.3101152181625366
0.5448710918426514
0.6504151821136475
0.49098101258277893
0.5977789163589478
0.27675187587738037
0.5055288076400757
0.5658450126647949
0.20497876405715942
0.49910470843315125
0.5253868103027344
0.12428716570138931
0.5085683465003967
0.6814521551132202
0.5621018409729004
0.35570797324180603
0.23794598877429962
0.3240022659301758
0.5104035139083862
0.5650830864906311
0.4202579855918884
0.5176101922988892
0.31616732478141785
0.5626856088638306
0.5908406972885132
0.3881258964538574
0.5757793188095093
0.2579021453857422
0.23162508010864258
0.6919757127761841
0.40116384625434875
0.20609381794929504
0.39552512764930725
0.1272841989994049
0.11738859117031097
0.5273996591567993
0.3446819484233856
0.42094850540161133
0.14972537755966187
0.5537577867507935
0.6044846773147583
0.5729195475578308
0.5162580013275146
0.510761022567749
0.5904195308685303
0.3364325165748596
0.14850029349327087
0.5112212300300598
0.21814651787281036
0.2442866414785385
0.5127023458480835
0.007705792784690857
0.2428876757621765
0.20980370044708252
0.3846226930618286
0.1571834683418274
0.6195911169052124
0.03765998035669327
0.21203728020191193
0.3395569324493408
0.6711677312850952
0.5778502821922302
0.21275058388710022
0.4637180268764496
0.48931097984313965
0.6953743696212769
0.4527650773525238
0.5219822525978088
0.6215463876724243
0.42600947618484497
0.5985540151596069
0.15611542761325836
0.25946640968322754
0.5504859685897827
0.30432114005088806
0.45427992939949036
0.539090633392334
0.40114638209342957
0.6261769533157349
0.481964647769928
0.02271200716495514
0.11863328516483307
0.5247477293014526
0.4803849160671234
0.03481164947152138
0.5070499777793884
0.4907446503639221
0.34715792536735535
0.5401025414466858
0.1385204792022705
0.4335978925228119
0.18220557272434235
0.583034873008728
0.10381518304347992
0.6631695032119751
0.6223893165588379
0.3318985104560852
0.5326262712478638
0.2944387197494507
0.4742799699306488
0.4911300837993622
0.41552624106407166
0.4774681031703949
0.5155651569366455
0.3125319480895996
0.6032534837722778
0.6687688827514648
0.5315128564834595
0.3068479001522064
0.11922162771224976
0.501808762550354
0.4742763936519623
0.312558650970459
0.5029457807540894
0.4963385760784149
0.21190215647220612
0.5625088214874268
0.17311716079711914
0.3162245750427246
0.5435854196548462
0.36829566955566406
0.4021296203136444
0.47891223430633545
0.49063026905059814
0.5586069822311401
0.5847761631011963
0.1452247053384781
0.1912153661251068
0.4625222384929657
0.23584771156311035
0.6685723066329956
0.5864319801330566
0.6054551601409912
0.6125705242156982
0.502967357635498
0.05923599377274513
0.221432164311409
0.22116351127624512
0.6505159139633179
0.3485349118709564
0.19217586517333984
0.5086432695388794
0.2871132493019104
0.4200623035430908
0.4832337498664856
0.5073015689849854
0.5238609313964844
0.06559266149997711
0.3038809597492218
0.2520182132720947
0.5305994153022766
0.2997647225856781
0.677495002746582
0.4806371033191681
0.5942399501800537
0.4464627206325531
0.32135897874832153
0.2352885752916336
0.28759700059890747
0.4927498400211334
0.39053013920783997
0.3525194823741913
0.3891979157924652
0.4786202013492584
0.18312183022499084
0.3623162806034088
0.07041752338409424
0.18454903364181519
0.6347833871841431
0.2100488841533661
0.5254837274551392
0.47170326113700867
0.48853224515914917
0.44741010665893555
0.5126385688781738
0.5654478073120117
0.5309610962867737
0.16669979691505432
0.0900479182600975
0.5508348941802979
0.4455410838127136
0.44973430037498474
0.18242394924163818
0.2999296188354492
0.6417983770370483
0.388060599565506
0.5592559576034546
0.548379123210907
0.32650476694107056
0.5124746561050415
0.5559289455413818
0.09499285370111465
0.26486819982528687
0.5029751062393188
0.4892351031303406
0.48297566175460815
0.1185939833521843
0.6531497240066528
0.55223548412323
0.4164237380027771
0.32626640796661377
0.5335292816162109
0.6037667989730835
0.13844849169254303
0.40569642186164856
0.6797212362289429
0.3290996551513672
0.18330144882202148
0.20387554168701172
0.24205780029296875
0.52056884765625
0.29440248012542725
0.5212736129760742
0.40548405051231384
0.5373915433883667
0.313700795173645
0.5357734560966492
0.6238535642623901
0.3331759572029114
0.21429596841335297
0.5354158282279968
0.34433066844940186
0.6092654466629028
0.3351650834083557
0.5252953767776489
0.5217046737670898
0.5200529098510742
0.6387851238250732
0.37654075026512146
0.3088187873363495
0.5821702480316162
0.5934118032455444
0.3759947717189789
0.5655789375305176
0.438674658536911
0.5301283597946167
0.3905443251132965
0.5770643949508667
0.32698220014572144
0.6353238821029663
0.551347017288208
0.2970794439315796
0.43501392006874084
0.18127252161502838
0.4576997458934784
0.37487056851387024
0.08827362209558487
0.4149864912033081
0.46030232310295105
0.652756929397583
0.4557364284992218
0.6800073385238647
0.33293628692626953
0.6156636476516724
0.557019829750061
0.5953124761581421
0.5087188482284546
0.35270604491233826
0.5413861274719238
0.21348685026168823
0.010466106235980988
0.4574744403362274
0.3985738456249237
0.24457669258117676
0.34263476729393005
0.6361066102981567
0.3481225073337555
0.5819302797317505
0.18818926811218262
0.47217273712158203
0.5211310386657715
0.15664060413837433
0.20194098353385925
0.624096155166626
0.38532161712646484
0.622976541519165
0.4607330560684204
0.5431774854660034
0.6137517690658569
0.4950388967990875
0.42701008915901184
0.5371274948120117
0.490019291639328
0.6777166128158569
0.1702040731906891
0.5574707984924316
0.6709249019622803
0.5840067863464355
0.4159736931324005
0.2770630121231079
0.3228817880153656
0.2998638153076172
0.6203231811523438
0.5957889556884766
0.45892927050590515
0.05447426438331604
0.4232618510723114
0.18468672037124634
0.6017550230026245
0.18549518287181854
0.6373780965805054
0.6914170980453491
0.6571146249771118
0.5910122394561768
0.48586663603782654
0.4937400817871094
0.3139112591743469
0.3770768940448761
0.49638959765434265
0.4309939742088318
0.4657048285007477
0.19208167493343353
0.5938938856124878
0.5387687683105469
0.4389759600162506
0.587367057800293
0.31338149309158325
0.47988423705101013
0.2819440960884094
0.5362710952758789
0.59828782081604
0.4957485496997833
0.3677368462085724
0.20618072152137756
0.3118789792060852
0.4850827157497406
0.5617793798446655
0.5797195434570312
0.17516815662384033
0.19780752062797546
0.3916691839694977
0.48537614941596985
0.46147724986076355
0.5609346628189087
0.3474043309688568
0.45847058296203613
0.421954870223999
0.507655143737793
0.36437711119651794
0.5478361248970032
0.37225034832954407
0.18327343463897705
0.38684383034706116
0.3162235617637634
0.6739635467529297
0.5621051788330078
0.4819210469722748
0.3907605707645416
0.4612963795661926
0.32915985584259033
0.639388918876648
0.41658154129981995
0.5006718635559082
0.18989858031272888
0.5842080116271973
0.5175713300704956
0.500880241394043
0.5844330787658691
0.30486688017845154
0.012650817632675171
0.6693868637084961
0.577292263507843
0.09877757728099823
0.5033700466156006
0.5277724266052246
0.1584593802690506
0.5302857160568237
0.3643290102481842
0.5648418664932251
0.21533828973770142
0.6212307214736938
0.47761520743370056
0.10181393474340439
0.47749122977256775
0.34365251660346985
0.5786222219467163
0.2896794080734253
0.46152034401893616
0.4575608968734741
0.4574607014656067
0.5861396789550781
0.3844958245754242
0.5548674464225769
0.5318719148635864
0.5757776498794556
0.6093778610229492
0.5822088718414307
0.31132587790489197
0.4672301113605499
0.08991963416337967
0.6144345998764038
0.20187518000602722
0.5096486806869507
0.5251632928848267
0.17643244564533234
0.33593305945396423
0.3556213676929474
0.319430947303772
0.586965799331665
0.13792684674263
0.5408825874328613
0.5804233551025391
0.08306241035461426
0.3582007884979248
0.3475355803966522
0.4033074975013733
0.5245012044906616
0.2619691491127014
0.49901413917541504
0.5693702697753906
0.48526713252067566
0.3300390839576721
0.5470718145370483
0.38311800360679626
0.10356900095939636
0.6560690402984619
0.6063587665557861
0.4475603699684143
0.43222421407699585
0.5827696323394775
0.5447317361831665
0.3353792130947113
0.5588711500167847
0.5630636811256409
0.6246429681777954
0.34917011857032776
0.4711584746837616
0.17406214773654938
0.5802731513977051
0.5574474334716797
0.5370621681213379
0.23652246594429016
0.5062363743782043
0.34235814213752747
0.5047664642333984
0.5618358850479126
0.3013714551925659
0.5605193376541138
0.5060857534408569
0.4609210193157196
0.3096175193786621
0.5663592219352722
0.33064568042755127
0.1523618996143341
0.34551921486854553
0.10461154580116272
0.4032323658466339
0.4015055000782013
0.1321268081665039
0.5340181589126587
0.5714304447174072
0.627203106880188
0.6291887760162354
0.5814676284790039
0.5392705202102661
0.33068224787712097
0.5008381605148315
0.32552972435951233
0.4459131360054016
0.519684910774231
0.42920544743537903
0.280469685792923
0.34001997113227844
0.5764530897140503
0.6310466527938843
0.5111619234085083
0.5216066837310791
0.6114757061004639
0.1473955512046814
0.3351415991783142
0.43502214550971985
0.18670567870140076
0.365240216255188
0.30335986614227295
0.5650091171264648
0.29329249262809753
0.33821043372154236
0.4369105100631714
0.3854091465473175
0.3648407757282257
0.6428401470184326
0.6206620931625366
0.538654088973999
0.2835468053817749
0.4592180848121643
0.6558105945587158
0.3115465044975281
0.4995483458042145
0.5303417444229126
0.5029423236846924
0.13306057453155518
0.2416604608297348
0.27888962626457214
0.6148966550827026
0.24891439080238342
0.5510731935501099
0.3552716076374054
0.3940972089767456
0.5196698904037476
0.43841198086738586
0.16317319869995117
0.5979009866714478
0.4944494664669037
0.3620341122150421
0.4471071660518646
0.6024292707443237
0.18235467374324799
0.5757509469985962
0.5075358748435974
0.3497565984725952
0.3666093945503235
0.4493720531463623
0.2990992069244385
0.6707440614700317
0.42772918939590454
0.1204710379242897
0.3745284378528595
0.25950777530670166
0.45791739225387573
0.5936633348464966
0.03513023257255554
0.46162787079811096
0.3876535892486572
0.5341085195541382
0.17466621100902557
0.6364378929138184
0.49112996459007263
0.09016701579093933
0.5825637578964233
0.340213418006897
0.4888944923877716
0.6511616706848145
0.5870368480682373
0.5325645208358765
0.4428935945034027
0.17489340901374817
0.40206167101860046
0.22930768132209778
0.34107691049575806
0.13940265774726868
0.16372452676296234
0.38114628195762634
0.33222535252571106
0.4618028998374939
0.5447008609771729
0.5498132705688477
0.2654021680355072
0.5418741703033447
0.4882701337337494
0.231262668967247
0.4901801347732544
0.5533727407455444
0.5348201990127563
0.5364296436309814
0.3258076608181
0.31195420026779175
0.2498052418231964
0.5478265285491943
0.5126410722732544
0.6644995212554932
0.5774232745170593
0.5667189359664917
0.4418694078922272
0.47083598375320435
0.2582441568374634
0.6831241846084595
0.15144823491573334
0.15656912326812744
0.4003879725933075
0.3631719648838043
0.018633447587490082
0.6100952625274658
0.16337507963180542
0.4614342451095581
0.35520613193511963
0.5372089147567749
0.4296383559703827
0.41702988743782043
0.43132075667381287
0.56564861536026
0.13009625673294067
0.49237436056137085
0.5884257555007935
0.16955789923667908
0.3609589636325836
0.6168930530548096
0.4475196301937103
0.21313093602657318
0.6068066358566284
0.5450165271759033
0.5380676984786987
0.5898944139480591
0.3788811266422272
0.5431492328643799
0.40927252173423767
0.2974068820476532
0.49911701679229736
0.5822590589523315
0.1782485842704773
0.06440292298793793
0.11611577868461609
0.5721577405929565
0.3422323763370514
0.16349126398563385
0.6973768472671509
0.26210910081863403
0.4357375204563141
0.30108776688575745
0.4156246483325958
0.6402068138122559
0.42692136764526367
0.353538453578949
0.2720807194709778
0.41769465804100037
0.417136549949646
0.3461345136165619
0.42717382311820984
0.6398439407348633
0.4795736074447632
0.5105025768280029
0.5066419839859009
0.16252651810646057
0.25451183319091797
0.541748583316803
0.5022401213645935
0.5218046307563782
0.4556804597377777
0.4352727234363556
0.05903186649084091
0.5951292514801025
0.5327147245407104
0.38958078622817993
0.563012957572937
0.17775338888168335
0.35968372225761414
0.5370209813117981
0.35985609889030457
0.6873750686645508
0.4227616488933563
0.6263850927352905
0.584406852722168
0.33155953884124756
0.04119641333818436
0.40327757596969604
0.5606443881988525
0.1953403353691101
0.2681976854801178
0.4727156460285187
0.45473936200141907
0.2429240643978119
0.6304054260253906
0.5147452354431152
0.32865458726882935
0.41073334217071533
0.6276835203170776
0.49411240220069885
0.508255124092102
0.1267596334218979
0.2032688856124878
0.6398059129714966
0.471272736787796
0.305066853761673
0.4140606224536896
0.47033265233039856
0.28925615549087524
0.6680790185928345
0.1218298003077507
0.4228012263774872
0.4673796594142914
0.5426371097564697
0.31453627347946167
0.5860968828201294
0.517996072769165
0.3324717581272125
0.5419926643371582
0.5258516073226929
0.32122498750686646
0.4396631419658661
0.5934855937957764
0.5939152240753174
0.6357392072677612
0.04341789335012436
0.5630007982254028
0.4675179421901703
0.5118917226791382
0.4983944594860077
0.47731339931488037
0.15455608069896698
0.40986141562461853
0.484547883272171
0.2598395347595215
0.37748295068740845
0.4726887047290802
0.5869454145431519
0.16642706096172333
0.46919217705726624
0.15128307044506073
0.2714768648147583
0.5275625586509705
0.3202723264694214
0.5094995498657227
0.6406948566436768
0.3091161251068115
0.35194098949432373
0.4750613570213318
0.4175572693347931
0.5319737792015076
0.5438452959060669
0.5662511587142944
0.44551220536231995
0.5931820869445801
0.16299889981746674
0.5072301030158997
0.5635890364646912
0.4415438771247864
0.2244778424501419
0.21745167672634125
0.6304017305374146
0.5442365407943726
0.30473506450653076
0.5829156637191772
0.475790411233902
0.25325578451156616
0.5267641544342041
0.2053648680448532
0.4923090636730194
0.5894205570220947
0.4271930158138275
0.23533496260643005
0.27524155378341675
0.30996495485305786
0.30897367000579834
0.6145840883255005
0.46336182951927185
0.5345631241798401
0.5148525834083557
0.2769668698310852
0.5750846862792969
0.5136053562164307
0.6103178262710571
0.5497963428497314
0.4913090169429779
0.6327015161514282
0.365438312292099
0.5073400735855103
0.534056544303894
0.5799170732498169
0.4217332899570465
0.49811121821403503
-0.005337521433830261
0.5113860368728638
0.3397146761417389
0.5320134162902832
0.37970277667045593
0.3419463634490967
0.4472619891166687
0.34708404541015625
0.5930463075637817
0.615953803062439
0.18780013918876648
0.18107661604881287
0.1695328950881958
0.22292521595954895
0.5186154842376709
0.48457103967666626
0.11442740261554718
0.423325777053833
0.3502626121044159
0.3363759219646454
0.5934494733810425
0.6180208921432495
0.34639933705329895
0.29925552010536194
0.6430506706237793
0.33998724818229675
0.5491381287574768
0.4215911328792572
0.311085969209671
0.5239584445953369
0.5544284582138062
0.5073115825653076
0.5064091682434082
0.5165940523147583
0.1797211766242981
0.31979596614837646
0.5066437721252441
0.2627657949924469
0.510044276714325
0.583459198474884
0.15490379929542542
0.47101709246635437
0.18741698563098907
0.6424030065536499
0.4509560763835907
0.20398183166980743
0.41398346424102783
0.6272714138031006
0.416003555059433
0.4205235540866852
0.5332387685775757
0.5979627370834351
0.6605327129364014
0.6118671894073486
0.3266831338405609
0.5712553262710571
0.4061633050441742
0.19924259185791016
0.28747472167015076
0.19285006821155548
0.560789942741394
0.6327530145645142
0.5159993171691895
0.6424084901809692
0.4907608926296234
0.5889832973480225
0.33535292744636536
0.6165851354598999
0.13262967765331268
0.6084685325622559
0.4777367413043976
0.5908936262130737
0.5714364051818848
0.5765998363494873
0.37804150581359863
0.44290855526924133
0.6364501714706421
0.46927616000175476
0.5284176468849182
0.4701865613460541
0.630439043045044
0.08480707556009293
0.5140783786773682
0.32500410079956055
0.2929500937461853
0.3191933333873749
0.25385427474975586
0.24729391932487488
0.5072606801986694
0.6110608577728271
0.49186524748802185
0.6296658515930176
0.4928034245967865
0.459166020154953
0.4815705418586731
0.35517314076423645
0.4980282485485077
0.28367963433265686
0.5155496001243591
0.16978543996810913
0.5569095611572266
0.38626566529273987
0.7210500240325928
0.05173657834529877
0.5591135025024414
0.6272059679031372
0.5205554962158203
0.37585851550102234
0.43531957268714905
0.5759170055389404
0.5899772644042969
0.16210822761058807
0.40533819794654846
0.5955861806869507
0.6928480863571167
0.3009340465068817
0.2481820434331894
0.549687385559082
0.5105173587799072
0.4031011462211609
0.4895285964012146
0.5489457845687866
0.45390763878822327
0.3612094521522522
0.09734595566987991
0.5994136333465576
0.5381581783294678
0.5169589519500732
0.3396889567375183
0.28987157344818115
0.5219537019729614
0.3215462565422058
0.5722060203552246
0.17320752143859863
0.5720058679580688
0.0866520032286644
0.5415136814117432
0.2941305935382843
0.5873841047286987
0.4983585774898529
0.4487643837928772
0.40977907180786133
0.5629231333732605
0.2698390483856201
0.6769967079162598
0.33762142062187195
0.5467079877853394
0.5268236398696899
0.4861055910587311
0.42428264021873474
0.512606143951416
0.5752429962158203
0.08410739153623581
0.547986626625061
0.2678478956222534
0.2495628297328949
0.1065647304058075
0.5635651350021362
0.6018917560577393
0.2891714870929718
0.44988927245140076
0.4294220507144928
0.3278743624687195
0.610271692276001
0.03969547152519226
0.5391162633895874
0.3301053047180176
0.6235076189041138
0.2590331435203552
0.5845444202423096
0.3546654284000397
0.3610069453716278
0.5394464731216431
0.2866509258747101
0.5866668224334717
0.3874896466732025
0.36172276735305786
0.5346622467041016
0.3247654139995575
0.2717670798301697
0.29151877760887146
0.24303211271762848
0.17916619777679443
0.5985774993896484
0.5423270463943481
0.26777559518814087
0.27488067746162415
0.5788487195968628
0.4798520505428314
0.5995206832885742
0.582189679145813
0.5936992168426514
0.4213179349899292
0.4906763434410095
0.3327389359474182
0.4482010304927826
0.3160368800163269
0.5314458608627319
0.16240474581718445
0.1975545436143875
0.5297116041183472
0.2651711106300354
0.4729597866535187
0.5964289903640747
0.5481686592102051
0.570858359336853
0.468432754278183
0.3399406671524048
0.5740498304367065
0.27642709016799927
0.3597104847431183
0.32459259033203125
0.6227688789367676
0.20557114481925964
0.5752366781234741
0.23125122487545013
0.4664655327796936
0.6120299100875854
0.4192909002304077
0.3974986970424652
0.4317495822906494
0.5390838384628296
0.22991712391376495
0.5623977780342102
0.6636381149291992
0.5853246450424194
0.6015204191207886
0.39634767174720764
0.16041100025177002
0.6244066953659058
0.25546228885650635
0.3298801779747009
-0.011661425232887268
0.5757900476455688
0.5373256206512451
0.3938857614994049
0.5784530639648438
0.18979977071285248
0.48964884877204895
0.5165287256240845
0.6470692157745361
0.6183555126190186
0.4350486993789673
0.2788061797618866
0.5549323558807373
0.4355306923389435
0.391066312789917
0.021799907088279724
0.5242139101028442
0.6358911991119385
0.3043641149997711
0.6421335935592651
0.48092493414878845
0.47665098309516907
0.24740368127822876
0.283759742975235
0.3870849907398224
0.4899638593196869
0.5016771554946899
0.45321953296661377
0.6037074327468872
0.5622447729110718
0.5544074773788452
0.477406769990921
0.4438656270503998
0.429951012134552
0.4738122522830963
0.1603628695011139
0.4261091649532318
0.42089056968688965
0.30642175674438477
0.46966472268104553
0.39172860980033875
0.535266637802124
0.3247038722038269
0.6304068565368652
0.01820361614227295
0.47778987884521484
0.31051379442214966
0.6554936170578003
0.23014605045318604
0.5673863887786865
0.1667075753211975
0.4846763014793396
0.2115187793970108
0.7032541036605835
0.5673038363456726
0.2824922204017639
0.3387508690357208
0.5476745963096619
0.6146312952041626
0.19644223153591156
0.3987533152103424
0.5343596935272217
0.30324113368988037
0.3174232840538025
0.25610822439193726
0.11803609132766724
0.4601723253726959
0.5872236490249634
0.3598029315471649
0.3559255599975586
0.38061729073524475
0.4663974940776825
0.21329116821289062
0.741916298866272
0.511681079864502
0.6635181903839111
0.503792405128479
0.5091567039489746
0.4823269546031952
0.5600729584693909
0.5266733169555664
0.568875253200531
0.3018045127391815
0.5326493978500366
0.260694295167923
0.1278173327445984
0.43887439370155334
0.48148319125175476
-0.0010843127965927124
0.5786765813827515
0.3061257600784302
0.42493125796318054
0.5010826587677002
0.06256216019392014
0.4551522731781006
0.18416476249694824
0.5911943912506104
0.5565681457519531
0.05080259591341019
0.5582304000854492
0.5698848962783813
0.6302319765090942
0.49888160824775696
0.4161774516105652
0.28446367383003235
0.402472585439682
0.5253758430480957
0.5337450504302979
0.10826054215431213
0.38339176774024963
0.3065515458583832
0.29726213216781616
0.6140344142913818
0.4366799294948578
0.5640321373939514
0.09755660593509674
0.5437995791435242
0.13566765189170837
0.67267906665802
0.5217801332473755
0.43443426489830017
0.1796877682209015
0.5755045413970947
0.14883014559745789
0.13851651549339294
0.472251832485199
0.535788893699646
0.4642689526081085
0.3307967782020569
0.46456074714660645
0.10754171013832092
0.46086451411247253
0.48192575573921204
0.11210622638463974
0.43660208582878113
0.3275928497314453
0.5169076919555664
0.4395059645175934
0.6630090475082397
0.41282621026039124
0.2048397660255432
0.5564913749694824
0.3230992257595062
0.6224828958511353
0.4480654299259186
0.5029131174087524
0.521272599697113
0.48661139607429504
0.16948917508125305
0.6056429147720337
0.17664283514022827
0.6011734008789062
0.6115709543228149
0.6505837440490723
0.5544801950454712
0.2602629065513611
0.301832914352417
0.46907106041908264
0.16800320148468018
0.40387383103370667
0.4548754096031189
0.4803066551685333
0.4348897635936737
0.6055532693862915
0.6690245866775513
0.5501580834388733
0.178900808095932
0.6142810583114624
0.5453305244445801
0.3011862337589264
0.22424910962581635
0.44508135318756104
0.6240760087966919
0.5281767845153809
0.4415235221385956
0.7426021099090576
0.41977646946907043
0.30712512135505676
0.446340948343277
0.1435605138540268
0.1601705402135849
0.30723315477371216
0.5817504525184631
0.301883339881897
0.5794252157211304
0.39014801383018494
0.691550612449646
0.6147581338882446
0.15302912890911102
0.5128805637359619
0.25395408272743225
0.5115600824356079
0.5061824917793274
0.5495619773864746
0.43574368953704834
0.32641786336898804
0.4374163746833801
0.48048099875450134
0.48278555274009705
0.5984318256378174
0.3845070004463196
0.5562453269958496
0.5650783777236938
0.47621950507164
0.3276415169239044
0.27357423305511475
0.2525409758090973
0.40783965587615967
0.4188029170036316
0.4993715286254883
0.04932454228401184
0.37489086389541626
0.1798039674758911
0.22543880343437195
0.37970390915870667
0.45034825801849365
0.7117828130722046
0.15669980645179749
0.6385561227798462
0.605004072189331
0.593666672706604
0.0975181832909584
0.15278513729572296
0.605726957321167
0.27488836646080017
0.40812912583351135
0.5823445320129395
0.25442516803741455
0.583848237991333
0.6734589338302612
0.555861234664917
0.2809770405292511
0.5917521715164185
0.6627843379974365
0.7074971199035645
0.4963570535182953
0.3794092833995819
0.5982369184494019
0.42647799849510193
0.10645600408315659
0.39939844608306885
0.5874968767166138
0.41360151767730713
0.47332650423049927
0.4876185953617096
0.5764894485473633
0.37826019525527954
0.6424565315246582
0.5744853615760803
0.2745634913444519
0.4639853537082672
0.4834218919277191
0.1334553360939026
0.19712285697460175
0.5659962296485901
0.6256762742996216
0.6578518152236938
0.46938779950141907
0.6017574071884155
0.30592188239097595
0.28706756234169006
0.5765546560287476
0.4306778013706207
0.18103507161140442
0.557964026927948
0.09417790174484253
0.3671528995037079
0.6314222812652588
0.3779725730419159
0.3857002854347229
0.5267473459243774
0.3994281589984894
0.434479683637619
0.6092797517776489
0.33427706360816956
0.5589343309402466
0.4620715081691742
0.17455585300922394
0.5492631793022156
0.4588349461555481
0.6866168975830078
0.4992760121822357
0.5502637624740601
0.04165719822049141
0.4642654359340668
0.10950011759996414
0.5607486963272095
0.574958086013794
0.646721363067627
0.38065752387046814
0.0429081916809082
0.12727883458137512
0.21806663274765015
0.6065521240234375
0.6202414035797119
0.3704642951488495
0.2743247151374817
0.5952256917953491
0.6304967403411865
0.5029929876327515
0.26531994342803955
0.6119637489318848
0.5349002480506897
0.25729894638061523
0.619168758392334
0.5079881548881531
0.46348872780799866
0.4825221002101898
0.3868260383605957
0.4801637530326843
0.6154017448425293
0.3939724862575531
0.45963093638420105
0.5745530724525452
0.2562604248523712
0.37181058526039124
0.36602410674095154
0.5536109209060669
0.3714298605918884
0.14544472098350525
0.29731324315071106
0.5749679803848267
0.4599969685077667
0.09102647006511688
0.4951481521129608
0.6558096408843994
0.08060389757156372
0.3248366713523865
0.4854375422000885
0.22490918636322021
0.4531894028186798
0.4706991910934448
0.45786938071250916
0.22910213470458984
0.6134880781173706
0.5238143801689148
0.5252301692962646
0.2785787582397461
0.3879227340221405
0.20024707913398743
0.6434874534606934
0.6053587198257446
0.34978440403938293
0.3820611834526062
0.06064613163471222
0.15903456509113312
0.3160652816295624
0.5305544137954712
0.6530798673629761
0.5420293807983398
0.42024579644203186
0.486529141664505
0.2223055064678192
0.2018774151802063
0.5530526638031006
0.4400624632835388
0.12168339639902115
0.645177960395813
0.4351290762424469
0.5062505006790161
0.35659751296043396
0.5369094610214233
0.6707186698913574
0.5848972797393799
0.5274863243103027
0.4085950553417206
0.5354135036468506
0.27518516778945923
0.525497317314148
0.5206804275512695
0.5571446418762207
0.3805311620235443
0.3678669035434723
0.3015328347682953
0.2545923590660095
0.5292878150939941
0.45211508870124817
0.44637331366539
0.2748325765132904
0.3894520699977875
0.0787026584148407
0.6072393655776978
0.5721398591995239
0.3340890407562256
0.2290586531162262
0.49575749039649963
0.6096957921981812
0.4038694202899933
0.4857618510723114
0.45854175090789795
0.15491926670074463
0.36454495787620544
0.33500537276268005
0.49729084968566895
0.2649799883365631
0.18388307094573975
0.40262410044670105
0.37911882996559143
0.10159570723772049
0.22672216594219208
0.30216121673583984
0.32913345098495483
0.5102872848510742
0.36446693539619446
0.2043079137802124
0.2790740132331848
0.21089500188827515
0.25865113735198975
0.3339334726333618
0.32727301120758057
0.3369387090206146
0.4433581829071045
0.5973339080810547
0.5423045754432678
0.6800264120101929
0.3760443925857544
0.4099946618080139
0.4784092605113983
0.5251411199569702
0.49463680386543274
0.40572044253349304
0.35247257351875305
0.1504283845424652
0.5175416469573975
0.608015775680542
0.3581075966358185
0.22314754128456116
0.4501775801181793
0.3108416199684143
0.3842775523662567
0.21246090531349182
0.3519595265388489
0.443835586309433
0.2759772837162018
0.2130437195301056
0.5881955623626709
0.5917400121688843
0.3655419647693634
0.32602572441101074
0.6098736524581909
0.3939281404018402
0.5241438150405884
0.6061136722564697
0.622896671295166
0.43574342131614685
0.48633089661598206
0.2505648136138916
0.21610373258590698
0.2975148558616638
0.4421103000640869
0.06452082842588425
0.3449857532978058
0.4242497384548187
0.3491610586643219
0.4555765986442566
0.33172887563705444
0.39830145239830017
0.5542607307434082
0.6439676284790039
0.510130763053894
0.571233868598938
0.5810058116912842
0.36682599782943726
0.3409418761730194
0.42185118794441223
0.6071386337280273
0.2276926338672638
0.6708688735961914
0.48918235301971436
0.35135987401008606
0.4087649881839752
0.5562227964401245
0.6380878686904907
0.21702322363853455
0.380167156457901
0.38338813185691833
0.5279853343963623
0.24632743000984192
0.3254527151584625
0.6277002096176147
0.5227470397949219
0.21951639652252197
0.4857751429080963
0.6828197240829468
0.5241326689720154
0.3074347972869873
0.4899022579193115
0.23345452547073364
0.43618372082710266
0.26330459117889404
0.6028076410293579
0.4263222813606262
0.56560218334198
0.2995816469192505
0.06115805357694626
0.26954779028892517
0.6013056039810181
0.21586990356445312
0.4944020211696625
0.18141980469226837
0.18092022836208344
0.2185007780790329
0.2979363799095154
0.3304535448551178
0.3039013743400574
0.4223925769329071
0.44209548830986023
0.26943260431289673
0.24245931208133698
0.278225839138031
0.612260103225708
0.5132580995559692
0.4553181827068329
0.5888675451278687
0.12455027550458908
0.5235576629638672
0.4026351869106293
0.2817792296409607
0.6583534479141235
0.3577173054218292
0.5053293704986572
0.5780624747276306
0.5989154577255249
0.46239346265792847
0.03071729838848114
0.366468608379364
0.40245068073272705
0.4096193015575409
0.14477431774139404
0.6122051477432251
0.5379064083099365
0.5557323694229126
0.7424865961074829
0.5946691036224365
0.49868255853652954
0.199866384267807
0.1661696434020996
0.3088110089302063
0.5618484020233154
0.4278707206249237
0.5026440620422363
0.16894644498825073
0.5020744204521179
0.41301894187927246
0.6466246843338013
0.6122053861618042
0.6314833164215088
0.41672518849372864
0.5912504196166992
0.6608787775039673
0.16534523665905
0.4662211835384369
0.5237338542938232
0.3458412289619446
0.5513156652450562
0.7852697372436523
0.47798725962638855
0.2661621570587158
0.5230700969696045
0.39520394802093506
0.6393618583679199
0.48694512248039246
0.23068079352378845
0.40250545740127563
0.24077391624450684
0.35320845246315
0.5749232769012451
0.5180215239524841
0.5781353712081909
0.3051445484161377
0.411710649728775
0.4224312901496887
0.6221119165420532
0.5647459626197815
0.5802195072174072
0.6152533292770386
0.39949437975883484
0.40991663932800293
0.331190288066864
0.12754401564598083
0.3097964823246002
0.08765919506549835
0.4629543721675873
0.06691918522119522
0.23559099435806274
0.3354910910129547
0.5889451503753662
0.42798835039138794
0.5443203449249268
0.15221211314201355
0.3974749743938446
0.5239454507827759
0.5311217904090881
0.651914119720459
0.4355166256427765
0.5603177547454834
0.17029590904712677
0.3616196811199188
0.3202655017375946
0.336185097694397
0.5429574251174927
0.2569963335990906
0.47700175642967224
0.41796088218688965
0.664821982383728
0.5877654552459717
0.5274701118469238
0.6289432048797607
0.5428652763366699
0.5792427062988281
0.5395826101303101
0.31304270029067993
0.24862909317016602
0.5221548080444336
0.5248205661773682
0.6533181667327881
0.15915490686893463
0.5137956142425537
0.33708763122558594
0.12089689075946808
0.606005072593689
0.594632625579834
0.13623568415641785
0.5062596797943115
0.30321556329727173
0.3313891589641571
0.4356774687767029
0.2545938491821289
0.564363956451416
0.4894005358219147
0.2470359206199646
0.40646204352378845
0.21199636161327362
0.24640816450119019
0.4218762218952179
0.2992936372756958
0.5628929138183594
0.4920375645160675
0.44427818059921265
0.15625810623168945
0.31578153371810913
0.23679623007774353
0.5115504264831543
0.5841455459594727
0.6174355745315552
0.14892515540122986
0.5077669620513916
0.213835209608078
0.4402497410774231
0.5103516578674316
0.531534731388092
0.6162171363830566
0.4529665410518646
0.5741226673126221
0.1537923961877823
0.5782917737960815
0.31849032640457153
0.5056936740875244
0.3343318700790405
0.5616017580032349
0.3572881519794464
0.5686484575271606
0.15680277347564697
0.5724272727966309
0.39403095841407776
0.3751242458820343
0.5641441941261292
0.5163447260856628
0.36105549335479736
0.5158255100250244
0.6366233825683594
0.5003223419189453
0.24681156873703003
0.42378586530685425
0.34880006313323975
0.34606093168258667
0.5804966688156128
0.25126808881759644
0.48866400122642517
0.43407249450683594
0.47674450278282166
0.6297837495803833
0.5281968116760254
0.5900287628173828
0.2900168299674988
0.5865287780761719
0.5309706926345825
0.5346181392669678
0.5679858922958374
0.5608450174331665
0.07241660356521606
0.37906578183174133
0.2689587473869324
0.5848842859268188
0.08053639531135559
0.46663883328437805
0.19603869318962097
0.6395459175109863
0.34069427847862244
0.15597425401210785
0.368134081363678
0.5304423570632935
0.11003679037094116
0.37456783652305603
0.3604910671710968
0.5444015264511108
0.21199557185173035
0.42613622546195984
0.5203276872634888
0.15211591124534607
0.23978929221630096
0.5013829469680786
0.4241904020309448
0.561365008354187
0.5721724033355713
0.657227635383606
0.559149980545044
0.4389045536518097
0.1995616853237152
0.2627328038215637
0.2115938365459442
0.19697292149066925
0.444032222032547
0.20592567324638367
0.09697715938091278
0.1985083818435669
0.6077200174331665
0.2941403090953827
0.4109175205230713
0.07944969087839127
0.23561513423919678
0.43693122267723083
0.14022192358970642
0.1251572221517563
0.5135948657989502
0.3066917061805725
0.5901758670806885
0.5137521028518677
0.5702958106994629
0.4698001444339752
0.4115165174007416
0.22226691246032715
0.5116327404975891
0.4695194661617279
0.3741765320301056
0.6234464645385742
0.3944055736064911
0.5731403231620789
0.17966485023498535
0.4674149453639984
0.60563063621521
0.6031527519226074
0.5224882364273071
0.23152558505535126
0.5629266500473022
0.5280189514160156
0.4509134590625763
0.26226863265037537
0.5617604851722717
0.46099913120269775
0.5550729036331177
0.3374830186367035
0.3660643696784973
0.587550163269043
0.3096941411495209
0.24311953783035278
0.5160223245620728
0.38212159276008606
0.5961682796478271
0.15677839517593384
0.5026081800460815
0.5645716190338135
0.39052125811576843
0.4442974925041199
0.40175122022628784
0.5340806245803833
0.27487218379974365
0.29360830783843994
0.48124992847442627
0.6835794448852539
0.2639223337173462
0.3291758894920349
0.545093297958374
0.6681644916534424
0.5259362459182739
0.3957618772983551
0.31921517848968506
0.513280987739563
0.44849294424057007
0.4859086871147156
0.13602735102176666
0.602088451385498
0.28254956007003784
0.4645759165287018
0.5218323469161987
0.5175725221633911
0.5250964164733887
0.3281504213809967
0.4950365126132965
0.5953336954116821
0.5817083120346069
0.5824922323226929
0.4035581052303314
0.5275214910507202
0.5980149507522583
0.440255343914032
0.6000630855560303
0.5116857290267944
0.24937553703784943
0.36612755060195923
0.5116620063781738
-0.01859782636165619
0.4395225942134857
0.18643081188201904
0.4305513799190521
0.48319366574287415
0.48795536160469055
0.15812835097312927
0.3899078965187073
0.49297478795051575
0.1174134612083435
0.4303440749645233
0.3181047737598419
0.5152751207351685
0.6557778120040894
0.21916109323501587
0.2764529883861542
0.4334440231323242
0.3122047781944275
0.503673791885376
0.538306713104248
0.270539253950119
0.5746103525161743
0.47636330127716064
0.570321798324585
0.40281325578689575
0.09862946718931198
0.5356191992759705
0.7103725671768188
0.37861040234565735
0.03281253203749657
0.41893598437309265
0.5610088109970093
0.2062595635652542
0.31191715598106384
0.5385861992835999
0.5065715312957764
0.36230096220970154
0.5433415174484253
0.5031065940856934
0.508023202419281
0.5528874397277832
0.5359768867492676
0.5915384292602539
0.24432706832885742
0.6089566946029663
0.06973952054977417
0.2963625192642212
0.2817081809043884
0.34374770522117615
0.6859253644943237
0.06936246901750565
0.4514535069465637
0.582856297492981
0.5755048990249634
0.5983030796051025
0.40042826533317566
0.3916502296924591
0.2328380048274994
0.35555049777030945
0.6756337881088257
0.6190131902694702
0.3306817412376404
0.4546297490596771
0.5935612916946411
0.5881133079528809
0.6199369430541992
0.646651029586792
0.3936012089252472
0.38137438893318176
0.3046998977661133
0.07440346479415894
0.4236842691898346
0.3777381479740143
0.34654858708381653
0.442587286233902
0.6161855459213257
0.46512892842292786
0.5520750284194946
0.3436814844608307
0.47235986590385437
0.632522702217102
0.32304179668426514
0.6416012048721313
0.256547212600708
0.23931759595870972
0.23059436678886414
0.31247827410697937
0.29245254397392273
0.43944433331489563
0.5645676851272583
0.5113996267318726
0.20647776126861572
0.6152615547180176
0.30672743916511536
0.6213456392288208
0.5672866106033325
0.1814051866531372
0.11762590706348419
0.543805718421936
0.4809788465499878
0.388280987739563
0.6737161874771118
0.4554905295372009
0.6519148349761963
0.5220397710800171
0.582087516784668
0.29310518503189087
0.1886499673128128
0.23053984344005585
0.43518581986427307
0.528307318687439
0.5564705729484558
0.5460779666900635
0.15818116068840027
0.5720954537391663
0.5981721878051758
0.44281935691833496
0.06657775491476059
0.5533275604248047
0.1619693636894226
0.6111927032470703
0.5680396556854248
0.5607365369796753
0.535419225692749
0.1696152687072754
0.4105508625507355
0.485774964094162
0.43768975138664246
0.5453336238861084
0.41823917627334595
0.5905412435531616
0.1783355474472046
0.280009925365448
0.5339622497558594
0.42262449860572815
0.12220237404108047
0.5308573246002197
0.3571719527244568
0.24759677052497864
0.3347510099411011
0.5644533634185791
0.2790786921977997
0.005423039197921753
0.2611672580242157
0.06847535073757172
0.5647256374359131
0.34280192852020264
0.033572718501091
0.6784635782241821
0.4340023100376129
0.31444767117500305
0.5425528287887573
0.45365479588508606
0.4639829099178314
0.5129951238632202
0.08898679912090302
0.24662888050079346
0.3222608268260956
0.4746769964694977
0.5837336778640747
0.047313518822193146
0.2730769217014313
0.6177843809127808
0.35363543033599854
0.6227384805679321
0.0502488911151886
0.6380307674407959
0.6210657358169556
0.4366881251335144
0.5598090887069702
0.3949566185474396
0.4778484106063843
0.44035863876342773
0.6245801448822021
0.54609215259552
0.14492911100387573
0.6545431613922119
0.6218912601470947
0.3713732659816742
0.3030145764350891
0.5320777297019958
0.2005815953016281
0.5729916095733643
0.656601071357727
0.4773624837398529
0.09987179934978485
0.6392225027084351
0.27960604429244995
0.5416164398193359
0.24263378977775574
0.593280553817749
0.5786133408546448
0.30580025911331177
0.6839720010757446
0.33383694291114807
0.19010575115680695
0.39471331238746643
0.46807482838630676
0.163325697183609
0.260664701461792
0.35526227951049805
0.11329196393489838
0.5460754036903381
0.5657994747161865
0.4393714368343353
0.4603925049304962
0.4358755648136139
0.40392231941223145
0.19699998199939728
0.15363213419914246
0.31611400842666626
0.25065580010414124
0.5075886249542236
0.36514803767204285
0.5165528059005737
0.34269654750823975
0.6068440675735474
0.3368690311908722
0.3397597372531891
0.3913048207759857
0.37174925208091736
0.2134258896112442
0.40070104598999023
0.19664205610752106
0.3217361569404602
0.4204478859901428
0.3317723274230957
0.5189639329910278
0.5638024806976318
0.6704283952713013
0.5301952362060547
0.4786994159221649
0.3183134198188782
0.5562922358512878
0.4626806080341339
0.6237504482269287
0.44730767607688904
0.5333322286605835
0.24158975481987
0.028954435139894485
0.435989111661911
0.4821816086769104
0.46674904227256775
0.4512120485305786
0.5540968775749207
0.5143994092941284
0.3229083716869354
0.46285489201545715
0.1325884610414505
0.5171064138412476
0.5620744228363037
0.058476079255342484
0.5670714378356934
0.6293156147003174
0.3323841989040375
0.4893206059932709
0.43158477544784546
0.3593715727329254
0.6083352565765381
0.4435650110244751
0.37537455558776855
0.647964358329773
0.6795369386672974
0.4860009253025055
0.5400197505950928
0.5617061853408813
0.27428513765335083
0.3299787640571594
0.4065883457660675
0.4628809988498688
0.10438662767410278
0.28708094358444214
0.5200982093811035
0.4299827516078949
0.2152247279882431
0.5207415819168091
0.0449189729988575
0.3504355251789093
0.41936591267585754
0.42652884125709534
0.34425804018974304
0.25944605469703674
0.2175799459218979
0.7710423469543457
0.6571533679962158
0.5732539892196655
0.41418761014938354
0.5695193409919739
0.25776660442352295
0.593363881111145
0.7174620628356934
0.6693514585494995
0.46034666895866394
0.21106556057929993
0.2219773530960083
0.33393681049346924
0.394515722990036
0.45063164830207825
0.1770467311143875
0.12553229928016663
0.32706475257873535
0.6957511901855469
0.31555691361427307
0.4360179305076599
0.5320879817008972
0.5666009187698364
0.4660760462284088
0.07537652552127838
0.26818859577178955
0.2984049320220947
0.5409505367279053
0.608669638633728
0.578346848487854
0.3338623046875
0.22741639614105225
0.5911864042282104
0.2569350600242615
0.20190086960792542
0.19896551966667175
0.6557250022888184
0.09898602217435837
0.5366116762161255
0.34333351254463196
0.1980009227991104
0.3945499360561371
0.5190852284431458
0.4113512337207794
0.5458313226699829
0.30229032039642334
0.3558594882488251
0.4693446457386017
0.471872478723526
0.2357455939054489
0.4575580656528473
0.5255473852157593
0.4995569884777069
0.3733994662761688
0.19163405895233154
0.43519896268844604
0.44122806191444397
0.5184592008590698
0.5398118495941162
0.3976236879825592
0.5239005088806152
0.31415826082229614
0.2952820658683777
0.2864471673965454
0.5465801954269409
0.5104272365570068
0.5388532876968384
0.21930119395256042
0.19980818033218384
0.5987401008605957
0.23692727088928223
0.6101284027099609
0.494086354970932
0.10384219139814377
0.6815733909606934
0.27483344078063965
0.5356308221817017
0.35491499304771423
0.5594824552536011
0.5037668943405151
0.48913708329200745
0.609775185585022
0.5565801858901978
0.547164797782898
0.15570500493049622
0.5306127071380615
0.3380986154079437
0.37596675753593445
0.6030189990997314
0.5389518737792969
0.19055379927158356
0.40023496747016907
0.3452722132205963
0.5376404523849487
0.2670833468437195
0.46366801857948303
0.5035418272018433
0.46098005771636963
0.2941589653491974
0.5712785124778748
0.15462233126163483
0.3823045790195465
0.44788452982902527
0.4175132215023041
0.48356005549430847
0.2441454529762268
0.5826691389083862
0.6779206991195679
0.5483378171920776
0.26313748955726624
0.1980358064174652
0.30852895975112915
0.4543295204639435
0.24899914860725403
0.5023240447044373
0.3463686406612396
0.1990884244441986
0.4468451142311096
0.4438836872577667
0.5029991865158081
0.45594272017478943
0.2257460355758667
0.43728649616241455
0.16203829646110535
0.5994017124176025
0.3628043234348297
0.5391212701797485
0.25652623176574707
0.2492211014032364
0.6075564622879028
0.06622835993766785
0.5469764471054077
0.3307998776435852
0.49576443433761597
0.6110883951187134
0.5351678729057312
0.48659467697143555
0.20668531954288483
0.4631941020488739
0.4432249367237091
0.14551687240600586
0.5280691385269165
0.05577707290649414
0.008456863462924957
0.49224263429641724
0.1615661084651947
0.3513198792934418
0.7449043989181519
0.480974406003952
0.20846837759017944
0.2724897861480713
0.5362931489944458
0.5609370470046997
0.17056123912334442
0.4762929677963257
0.5855674743652344
0.6134903430938721
0.542771577835083
0.543114185333252
0.5957705974578857
0.6471244096755981
0.45869526267051697
0.2462799847126007
0.2638533115386963
0.4670579135417938
0.2870389223098755
0.2861042022705078
0.5159717798233032
0.5575160980224609
0.620654821395874
0.5327929258346558
0.5415244102478027
0.4381133019924164
0.48255208134651184
0.6666460037231445
0.4706721603870392
0.25990015268325806
0.4670705497264862
0.5254184007644653
0.171981543302536
0.4987257719039917
0.6294608116149902
0.6736665964126587
0.2228856086730957
0.25680261850357056
0.4638819992542267
0.18407368659973145
0.5588827729225159
0.674936056137085
0.5881311893463135
0.6027822494506836
0.16366519033908844
0.2217225581407547
0.2828286290168762
0.5340044498443604
0.6193587779998779
0.5426024198532104
0.509516716003418
0.47618886828422546
0.24162977933883667
0.6672130823135376
0.6590244770050049
0.27669984102249146
0.5088590383529663
0.25856906175613403
0.48436203598976135
0.5275417566299438
0.44491496682167053
0.30070367455482483
0.4312642216682434
0.4736146628856659
0.43591755628585815
0.22813114523887634
0.4672642946243286
0.025755539536476135
0.3603920638561249
0.626244306564331
0.30066293478012085
0.48785287141799927
0.5733826160430908
0.4438078999519348
0.3241039216518402
0.598822832107544
0.26141631603240967
0.6546247005462646
0.4475332498550415
0.5196369886398315
0.21505379676818848
0.5767835974693298
0.44898197054862976
0.508726954460144
0.5067654848098755
0.4628243148326874
0.5608760714530945
0.603533148765564
0.5210410356521606
0.605513334274292
0.6483001708984375
0.658416748046875
0.4785550832748413
0.5446838140487671
0.6134828329086304
0.49604031443595886
0.43644478917121887
0.6599081754684448
0.6612231731414795
0.5482231378555298
0.2773788571357727
0.36899662017822266
0.22717803716659546
0.11739914864301682
0.4862152338027954
0.15745806694030762
0.09908740222454071
0.26303786039352417
0.31578850746154785
0.13369029760360718
0.3516971170902252
0.17363110184669495
0.485628604888916
0.3197306990623474
0.26346704363822937
0.37485572695732117
0.4230313301086426
0.47697457671165466
0.6294053792953491
0.32203227281570435
0.5082145929336548
0.5054817199707031
0.596623420715332
0.18796691298484802
0.4002598524093628
0.3819942772388458
0.578061580657959
0.5863844156265259
0.41957077383995056
0.5214923620223999
0.2875992953777313
0.38085833191871643
0.5462020635604858
0.40241381525993347
0.27768152952194214
0.26188015937805176
0.669732928276062
0.44439592957496643
0.46081721782684326
0.05846105143427849
0.48220294713974
0.49741634726524353
0.5745940208435059
0.5261314511299133
0.4347628355026245
0.39503273367881775
0.6328012943267822
0.298676460981369
0.5913608074188232
0.5460360050201416
0.4290134012699127
0.5192710161209106
0.4201659858226776
0.30195942521095276
0.49382492899894714
0.30550864338874817
0.08546669781208038
0.49440887570381165
0.420396625995636
0.4239870607852936
0.05853293836116791
0.6424270868301392
0.5838596224784851
0.5548583269119263
0.20554807782173157
0.5500222444534302
0.3910183608531952
0.5198242664337158
0.4363672435283661
0.4924061596393585
0.700092077255249
0.20623692870140076
0.5260748863220215
0.3975767195224762
0.4302360713481903
0.6674597263336182
0.3475380837917328
0.5925557613372803
0.2845821678638458
0.43315431475639343
0.48712918162345886
0.5221617221832275
0.3515768349170685
0.14871615171432495
0.48490825295448303
0.5312663316726685
0.2481592297554016
0.4672573506832123
0.5542430281639099
0.6048257350921631
0.4849824607372284
0.3350556194782257
0.39780935645103455
0.5467173457145691
0.3514083921909332
0.5482356548309326
0.5859054327011108
0.4830467402935028
0.5590976476669312
0.6284369230270386
0.1965588927268982
0.6350581645965576
0.5335878729820251
0.7267439365386963
0.3965582251548767
0.5411289930343628
0.1374940127134323
0.5599775314331055
0.5400980710983276
0.23779669404029846
0.6831368207931519
0.5765025019645691
0.39221903681755066
0.6374374628067017
0.4695642292499542
0.4319615662097931
0.6086187362670898
0.5112243890762329
0.43336302042007446
0.01805049180984497
0.4185991585254669
0.41057536005973816
0.5229365825653076
0.04893728718161583
0.6747541427612305
0.2776407301425934
0.44276222586631775
0.427791029214859
0.3668106496334076
0.525597095489502
0.6309300661087036
0.4739009439945221
0.538834810256958
0.6560002565383911
0.2625589072704315
0.5611335039138794
0.6291067600250244
0.5463378429412842
0.33655890822410583
0.3424031138420105
0.5488919615745544
0.5471751689910889
0.6547316312789917
0.11952756345272064
0.4816487431526184
0.546950101852417
0.6004781723022461
0.5312964916229248
0.1069941595196724
0.5297914743423462
0.18774408102035522
0.5678462982177734
0.3636353313922882
0.541765570640564
0.5662487745285034
0.45022180676460266
0.450704962015152
0.5263593196868896
0.526474118232727
0.528778612613678
0.5066670775413513
0.383049339056015
0.1722390353679657
0.4305589497089386
0.5557950735092163
0.5060110092163086
0.18101264536380768
0.4177645146846771
0.4602326452732086
0.22866596281528473
0.3369366526603699
0.36023539304733276
0.472793847322464
0.3233112096786499
0.2139868289232254
0.5575540661811829
0.4811089336872101
0.1981639564037323
0.5184019804000854
0.4675203859806061
0.4887405037879944
0.5379108190536499
0.22589309513568878
0.429214209318161
0.21453292667865753
0.0008128434419631958
0.5533542633056641
0.5051873922348022
0.5507630109786987
0.03477012366056442
0.5652053356170654
0.5030384063720703
0.18408934772014618
0.6064461469650269
0.055020906031131744
0.44017067551612854
0.5565661191940308
0.3061750829219818
0.09088438004255295
0.27264684438705444
0.469999223947525
0.6140635013580322
0.3611077666282654
0.48024246096611023
0.49706849455833435
0.1515258550643921
0.6066896915435791
0.49402791261672974
0.3440974950790405
0.5434324741363525
0.33775538206100464
0.38262036442756653
0.27608487010002136
0.3061717748641968
0.5268139839172363
0.24684181809425354
0.5852991342544556
0.3208547532558441
0.43861016631126404
0.4505959153175354
0.5237449407577515
0.22269907593727112
0.6368486881256104
0.6491127014160156
0.19263824820518494
0.3271571397781372
0.5462210178375244
0.6189922094345093
0.3099656403064728
0.5545554161071777
0.4067206084728241
0.6863107681274414
0.5446571111679077
0.31803810596466064
0.15994635224342346
0.12940147519111633
0.5497708320617676
0.5373836755752563
0.20448137819766998
0.2511018216609955
0.5654453039169312
0.5505118370056152
0.6559344530105591
0.4935801327228546
0.5840232372283936
0.2311992645263672
0.45799991488456726
0.5476131439208984
0.0783715695142746
0.5187015533447266
0.6468590497970581
0.616883397102356
0.06696070730686188
0.399817556142807
0.3292323350906372
0.5759111642837524
0.39060166478157043
0.5797922611236572
0.5392202138900757
0.4818720519542694
0.5952390432357788
0.5493026971817017
0.10636556148529053
0.5998481512069702
0.52254718542099
0.6483421325683594
0.16060763597488403
0.4689849615097046
0.20258828997612
0.3590279519557953
0.6523312330245972
0.5002866983413696
0.5657110214233398
0.5657793283462524
0.14030757546424866
0.5636420249938965
0.5606014132499695
0.37293562293052673
0.4154181182384491
0.09299594908952713
0.42269429564476013
0.3082731366157532
0.5336077213287354
0.3193230926990509
0.2023247480392456
0.1723153293132782
0.4561510384082794
0.598435640335083
0.3521929681301117
0.2522750496864319
0.6576141119003296
0.3812474310398102
0.5788733959197998
0.19291803240776062
0.44461551308631897
0.257556676864624
0.47033917903900146
0.5624339580535889
0.4440431296825409
0.40171554684638977
0.42988118529319763
0.42154544591903687
0.3141685128211975
0.2713121771812439
0.3822822868824005
0.399892121553421
0.2455672323703766
0.5845236778259277
0.3983984589576721
0.6789112091064453
0.5355831384658813
0.3724466860294342
0.4994009733200073
0.4594036638736725
0.5733715295791626
0.13134148716926575
0.6310518980026245
0.48576778173446655
0.5937491655349731
0.4345279037952423
0.6030397415161133
0.44025877118110657
0.4206206798553467
0.59071946144104
0.41306135058403015
0.24756646156311035
0.2418837994337082
0.6319197416305542
0.38207152485847473
0.28774523735046387
0.6397093534469604
0.5884902477264404
0.25515902042388916
0.2977801263332367
0.42855551838874817
0.40460237860679626
0.5819640755653381
0.44133973121643066
0.40180179476737976
0.6442441940307617
0.25190848112106323
0.33795568346977234
0.578251838684082
0.4124172329902649
0.4856022298336029
0.26686805486679077
0.5072399377822876
0.7065756320953369
0.5393726825714111
0.5072711706161499
0.27795034646987915
0.188297301530838
0.4190174639225006
0.4654196798801422
0.5212509632110596
0.43161433935165405
0.5449994206428528
0.4461345970630646
0.28217795491218567
0.39727964997291565
0.37139222025871277
0.36624041199684143
0.16064006090164185
0.5533368587493896
0.3424516022205353
0.6073259115219116
0.533076286315918
0.22530660033226013
0.5087153911590576
0.6385412216186523
0.39997977018356323
0.061750996857881546
0.38286641240119934
0.6319111585617065
0.5587819814682007
0.4036674201488495
0.6395527124404907
0.42556190490722656
0.38098788261413574
0.4308776557445526
0.5784108638763428
0.39322537183761597
0.4140290915966034
0.18986117839813232
0.19859568774700165
0.36737585067749023
0.20410631597042084
0.20237568020820618
0.19823484122753143
0.20277813076972961
0.5013026595115662
0.48359689116477966
0.1882389783859253
0.3819303810596466
0.5048738718032837
0.4629203975200653
0.6501498222351074
0.412229061126709
0.6728025674819946
0.4640280604362488
0.37750983238220215
0.31861862540245056
0.38422226905822754
0.5273908376693726
0.44988957047462463
0.3129446804523468
0.3165566623210907
0.238210067152977
0.1491038203239441
0.5879313945770264
0.129104882478714
0.1513587087392807
0.4723294675350189
0.38525721430778503
0.5061284303665161
0.30387333035469055
0.5447876453399658
0.5306367874145508
0.21541881561279297
0.3736008405685425
0.45078229904174805
0.5590375661849976
0.5108951330184937
0.2546142041683197
0.15391016006469727
0.5192843675613403
0.48432227969169617
0.4230818450450897
0.40426960587501526
0.454952597618103
0.18170936405658722
0.38243162631988525
0.42677199840545654
0.5098179578781128
0.10039716958999634
0.24205568432807922
0.5634792447090149
0.25758039951324463
0.36108991503715515
0.3273133635520935
0.5529448986053467
0.10555676370859146
0.46628496050834656
0.4876159131526947
0.501969575881958
0.12156202644109726
0.6410354375839233
0.4640192687511444
0.6514710187911987
0.4276348650455475
0.6095832586288452
0.5449346303939819
0.6237397193908691
0.561152458190918
0.419145792722702
0.4131724536418915
0.677749514579773
0.40271052718162537
0.6291589736938477
0.6114630699157715
0.4940554201602936
0.4594272971153259
0.6579060554504395
0.47979339957237244
0.5604891777038574
0.20554913580417633
0.6439396142959595
0.4634682834148407
0.41868942975997925
0.6703054904937744
0.32289591431617737
0.28386390209198
0.47582682967185974
0.3130114674568176
0.5095796585083008
0.558393120765686
0.4946819543838501
0.35577312111854553
0.21140412986278534
0.19708722829818726
0.5823682546615601
0.534656822681427
0.17865347862243652
0.47280606627464294
0.4813883602619171
0.5715985298156738
0.5426549911499023
0.3032916486263275
0.29119038581848145
0.31481626629829407
0.2943015396595001
0.6497784852981567
0.44488146901130676
0.5582323670387268
0.4122579097747803
0.5775942802429199
0.27261045575141907
0.5957584381103516
0.184245303273201
0.1466854214668274
0.5836119651794434
0.41527074575424194
0.27294009923934937
0.45677050948143005
0.16581514477729797
0.44290754199028015
0.4853767454624176
0.4843931198120117
0.2971559464931488
0.6197234392166138
0.2211836874485016
0.34937819838523865
0.18038728833198547
0.2461482584476471
0.4072858989238739
0.1464669108390808
0.5115554928779602
0.5945394039154053
0.5432402491569519
0.6019316911697388
0.5647727251052856
0.5082045793533325
0.6225745677947998
0.3705098628997803
0.5916194915771484
0.3829706907272339
0.5865890979766846
0.495225727558136
0.6287969350814819
0.38506942987442017
0.5464866161346436
0.3860812187194824
0.2570638060569763
0.2907296419143677
0.7223684787750244
0.18833640217781067
0.6415724754333496
0.31066545844078064
0.38512492179870605
0.09621404111385345
0.18565621972084045
0.632035493850708
0.32390642166137695
0.2728753983974457
0.5811469554901123
0.5193476676940918
0.2934480905532837
0.5020993947982788
0.24665597081184387
0.33629265427589417
0.3179183006286621
0.3543130159378052
0.6469337940216064
0.6200261116027832
0.5763261318206787
0.09915269166231155
0.20792697370052338
0.2662453055381775
0.2740841805934906
0.1507743000984192
0.3395719826221466
0.4041157066822052
0.6055676937103271
0.1904078722000122
0.5743287205696106
0.23100799322128296
0.5617413520812988
0.455679714679718
0.35621392726898193
0.7244371175765991
0.44675740599632263
0.3424372375011444
0.2747080326080322
0.10541249811649323
0.057676248252391815
0.5578323602676392
0.4372076988220215
0.5285991430282593
0.49862802028656006
0.6159722805023193
0.5021239519119263
0.46385079622268677
0.5962725877761841
0.29737430810928345
0.18179243803024292
0.43768927454948425
0.39561864733695984
0.5244119167327881
0.23715755343437195
0.24370630085468292
0.2585485577583313
0.6860718727111816
0.10248169302940369
0.3900509774684906
0.5668137073516846
0.1717924177646637
0.6361393928527832
0.28135669231414795
0.18352234363555908
0.5136319398880005
0.24999405443668365
0.5652104020118713
0.5272966623306274
0.28516051173210144
0.05653779208660126
0.5312142372131348
0.6512606143951416
0.23035410046577454
0.4874023497104645
0.16015425324440002
0.35021382570266724
0.6644189357757568
0.6243627071380615
0.49285438656806946
0.47391435503959656
0.12074349075555801
0.2212536484003067
0.4058675467967987
0.4420611560344696
0.5834512710571289
0.5335937738418579
0.43719837069511414
0.4060073792934418
0.23315221071243286
0.258317232131958
0.08440511673688889
0.29447120428085327
0.3976723253726959
0.4151318371295929
0.5071184635162354
0.4435354173183441
0.35065874457359314
0.2641802430152893
0.42565152049064636
0.3624538481235504
0.35811272263526917
0.5532339811325073
0.5280067920684814
0.14848271012306213
0.2382165640592575
0.3841553330421448
0.39359208941459656
0.4972464442253113
0.5023480653762817
0.144481360912323
0.2490164339542389
0.6723514795303345
0.421432763338089
0.393449991941452
0.3652404546737671
0.49689632654190063
0.3536478579044342
0.4209013879299164
0.3748641312122345
0.5695315599441528
0.6459997892379761
0.5710201859474182
0.5170727968215942
0.5318268537521362
0.5116825103759766
0.3097655475139618
0.4626271426677704
0.044895149767398834
0.07624121010303497
0.592448353767395
0.4816540777683258
0.528468668460846
0.39822396636009216
0.24017857015132904
0.3694970905780792
0.3754006326198578
0.14568884670734406
0.5699681043624878
0.3962186276912689
0.6673243045806885
0.30618035793304443
0.61130690574646
0.43388646841049194
0.4597837030887604
0.6249175071716309
0.06974730640649796
0.5223561525344849
0.20516201853752136
0.5286035537719727
0.5886348485946655
0.5343422889709473
0.3220089375972748
0.49401167035102844
0.5024666786193848
0.07273522764444351
0.5468240976333618
0.46429529786109924
0.27025938034057617
0.5200614929199219
0.0915265828371048
0.5187447667121887
0.529434084892273
0.3496340811252594
0.618301510810852
0.5906425714492798
0.3910607099533081
0.19954408705234528
0.25276926159858704
0.2981535792350769
0.20745781064033508
0.578333854675293
0.3090765178203583
0.23129013180732727
0.10650421679019928
0.47764989733695984
0.47245538234710693
0.6512507200241089
0.15686675906181335
0.2785055637359619
0.4011683166027069
0.21020522713661194
0.45147863030433655
0.47201022505760193
0.423277348279953
0.20646750926971436
0.30910682678222656
0.3916926085948944
0.524773120880127
0.07468786835670471
0.12649908661842346
0.5873695611953735
0.5995975732803345
0.6222902536392212
0.5558284521102905
0.6019268035888672
0.19390031695365906
0.22254669666290283
0.29228922724723816
0.4003276824951172
0.50506591796875
0.5510280132293701
0.6788184642791748
0.3527805209159851
0.5208649635314941
0.11576979607343674
0.4485357105731964
0.2676914930343628
0.15890300273895264
0.6283209323883057
0.2526674270629883
0.5833560824394226
0.4239843189716339
0.6043219566345215
0.3479796350002289
0.5815891027450562
0.4147922694683075
0.38213178515434265
0.62809157371521
0.3381200432777405
0.26297393441200256
0.5723010301589966
0.614057183265686
0.5640119910240173
0.5162481069564819
0.3848384916782379
0.5821912288665771
0.14851170778274536
0.5529561042785645
0.5922386646270752
0.40874528884887695
0.27977198362350464
0.38877221941947937
0.6358814239501953
0.4094872772693634
0.04521619528532028
0.45145007967948914
0.41396406292915344
0.4391133487224579
0.6381087303161621
0.1552155613899231
0.27984800934791565
0.4855041205883026
0.5978418588638306
0.5807726383209229
0.6127675771713257
0.44560810923576355
0.6643856763839722
0.5748835802078247
0.27681589126586914
0.48585575819015503
0.5535649657249451
0.21988490223884583
0.6721248626708984
0.5543216466903687
0.3848162293434143
0.34690800309181213
0.3907959759235382
0.39151427149772644
0.28991737961769104
0.4320356547832489
0.15465869009494781
0.16647115349769592
0.580826997756958
0.35099396109580994
0.5921357870101929
0.6101398468017578
0.34233638644218445
0.450097918510437
0.4030180871486664
0.17897987365722656
0.520268440246582
0.5780019760131836
0.3194030225276947
0.5578356981277466
0.06897616386413574
0.5711849927902222
0.5329426527023315
0.46290168166160583
0.16179007291793823
0.15587706863880157
0.08237572759389877
0.3920643627643585
0.33407410979270935
0.3733363747596741
0.4875147342681885
0.6248472929000854
0.5745248794555664
0.4408932626247406
0.5661078691482544
0.5863382816314697
0.3631459176540375
0.41812455654144287
0.4390121102333069
0.18272653222084045
0.49183088541030884
0.6209399700164795
0.5316015481948853
0.6091117858886719
0.39265432953834534
0.6068722009658813
0.5282504558563232
0.188177689909935
0.4228956401348114
0.5714131593704224
0.4003949463367462
0.05077783763408661
0.2875635325908661
0.6245565414428711
0.523004412651062
0.2358296811580658
0.4264383018016815
0.39364901185035706
0.5606053471565247
0.5202475190162659
0.3670078217983246
0.18018990755081177
0.3035702407360077
0.29594987630844116
0.25782984495162964
-0.005674578249454498
0.03985705226659775
0.4907156825065613
0.40358540415763855
0.3650411069393158
0.5249414443969727
0.425405353307724
0.04003426060080528
0.16449499130249023
0.50152587890625
0.12624606490135193
0.3653320372104645
0.39268046617507935
0.5693626403808594
0.3797774016857147
0.25858792662620544
0.3495299816131592
0.49149492383003235
0.6474460363388062
0.23385080695152283
0.1715686023235321
0.362897127866745
0.39804038405418396
0.354324609041214
0.40696993470191956
0.13540838658809662
0.4709640443325043
0.039002932608127594
0.48256754875183105
0.602699875831604
0.47541892528533936
0.478173166513443
0.4126809239387512
0.5375379920005798
0.6024109125137329
0.5358448028564453
0.2224561870098114
0.38460949063301086
0.48065274953842163
0.20797361433506012
0.4735353887081146
0.6185640096664429
0.18236461281776428
0.19326642155647278
0.5335524082183838
0.40184900164604187
0.5651034116744995
0.4036097824573517
0.42056024074554443
0.15190915763378143
0.6621105670928955
0.5630306005477905
0.539443850517273
0.568526029586792
0.40215203166007996
0.4711472690105438
0.43505048751831055
0.4420682489871979
0.2104160189628601
0.37439393997192383
0.7475895881652832
0.5432655215263367
0.4720931351184845
0.20975656807422638
0.3966998755931854
0.5391151905059814
0.6061413288116455
0.5486515760421753
0.09980925917625427
0.49437788128852844
0.5633165836334229
0.5233272314071655
0.6293677091598511
0.5116406679153442
0.4041712284088135
0.41324564814567566
0.3644556701183319
0.02670886740088463
0.3905310034751892
0.23138639330863953
0.5453170537948608
0.48031824827194214
0.5896569490432739
0.2542683780193329
0.6430692672729492
0.3812492787837982
0.5326489210128784
0.46509769558906555
0.16929678618907928
0.41515153646469116
0.4494308829307556
0.5313476324081421
0.4773162007331848
0.19994878768920898
0.4872221052646637
0.22404330968856812
0.5903739929199219
0.3462129533290863
0.352705717086792
0.3161430358886719
0.2237067073583603
0.3604103624820709
0.49465587735176086
0.1474587321281433
0.502974271774292
0.5779199600219727
0.49888309836387634
0.045210812240839005
0.5216206312179565
0.6617271900177002
0.27559608221054077
0.6078506708145142
0.6242361068725586
0.4215714633464813
0.40984129905700684
0.4886054992675781
0.1795130968093872
0.48343566060066223
0.6365277767181396
0.09533411264419556
0.5691249370574951
0.22717030346393585
0.4983857572078705
0.6485261917114258
0.5318120718002319
0.166519895195961
0.35607263445854187
0.3181489408016205
0.06717538833618164
0.5207706689834595
0.3817332684993744
0.19661296904087067
0.14237026870250702
0.46541833877563477
0.5060138702392578
0.28808557987213135
0.2868333160877228
0.32095974683761597
0.20658168196678162
0.2557821273803711
0.5561902523040771
0.4271135628223419
0.641930103302002
0.4440913200378418
0.11495140194892883
0.041782017797231674
0.41274937987327576
0.6299017667770386
0.4785822331905365
0.4325474202632904
0.42752668261528015
0.5706394910812378
0.35444679856300354
0.5326861143112183
0.21779584884643555
0.40746796131134033
0.5406216979026794
0.510601282119751
0.4667048752307892
0.41328689455986023
0.5344110727310181
0.48661962151527405
0.6289011240005493
0.5714167952537537
0.06595057249069214
0.6089000701904297
0.39294135570526123
0.2332201898097992
0.647140383720398
0.3025780916213989
0.0464739166200161
0.5465831756591797
0.6201409101486206
0.17738482356071472
0.3786831200122833
0.5739455819129944
0.22213435173034668
0.1029726043343544
0.5494247674942017
0.5792884230613708
0.1741705983877182
0.10849874466657639
0.5825245380401611
0.10335299372673035
0.598884105682373
0.3785005509853363
0.6692901849746704
0.6296517848968506
0.4974565804004669
0.4561433792114258
0.6495710611343384
0.613046407699585
0.5481388568878174
0.40995728969573975
0.07492128014564514
0.42229798436164856
0.5681479573249817
0.3880406320095062
0.21133831143379211
0.4366496801376343
0.4994034469127655
0.35871031880378723
0.3499404788017273
0.5715346336364746
0.5759434700012207
0.6002978086471558
0.3400367200374603
0.30526620149612427
0.3647514879703522
0.16887010633945465
0.648363471031189
0.42790332436561584
0.6726963520050049
0.3107779026031494
0.6433649063110352
0.6475541591644287
0.5842891931533813
0.43016383051872253
0.42675474286079407
0.3741750419139862
0.37884363532066345
0.5240355134010315
0.3553882837295532
0.5321630239486694
0.5428616404533386
0.5976604223251343
0.5731101036071777
0.511775016784668
0.5932935476303101
0.3877811133861542
0.676841139793396
0.6169135570526123
0.5688958168029785
0.6324934959411621
0.4655197858810425
0.6071416139602661
0.5452508926391602
0.482367604970932
0.5942143201828003
0.491860568523407
0.6055043935775757
0.21166560053825378
0.5310959219932556
0.5035257339477539
0.6582026481628418
0.418852835893631
0.6285752058029175
0.3972010314464569
0.233505979180336
0.4579885005950928
0.15188702940940857
0.5059464573860168
0.24921023845672607
0.31261423230171204
0.4872007966041565
0.5976271629333496
0.45269057154655457
0.25108999013900757
0.5968977212905884
0.19370593130588531
0.20967966318130493
0.5751753449440002
0.5094903707504272
0.6478866338729858
0.24712245166301727
0.3758215606212616
0.6025218963623047
0.17568247020244598
0.6306121349334717
0.5724960565567017
0.6159183979034424
0.4237975478172302
0.5299431085586548
0.6341229677200317
0.4726904332637787
0.5144306421279907
0.45243409276008606
0.485878586769104
0.534736156463623
0.20059126615524292
0.23588135838508606
0.42583245038986206
0.5458731651306152
0.6261125802993774
0.591231107711792
0.5706993341445923
0.15919671952724457
0.3896235525608063
0.322399377822876
0.11081644147634506
0.38469675183296204
0.5912313461303711
0.37452033162117004
0.5483267307281494
0.26302388310432434
0.577613115310669
0.4915750324726105
0.3221474885940552
0.37402334809303284
0.5647200345993042
0.26721036434173584
0.5346168279647827
0.4286278188228607
0.30008071660995483
0.2575002908706665
0.613848090171814
0.5039305686950684
0.43077245354652405
0.3928474485874176
0.4570763409137726
0.5102758407592773
0.4966110289096832
0.6011917591094971
0.5778793096542358
0.5127869844436646
0.031658679246902466
0.48909705877304077
0.5867048501968384
0.49999168515205383
0.4770527184009552
0.09161149710416794
0.6189619302749634
0.2240515947341919
0.3931015431880951
0.6116745471954346
0.4706842303276062
0.14728619158267975
0.17304596304893494
0.14009079337120056
0.300656259059906
0.14593863487243652
0.3822616636753082
0.27554798126220703
0.14779964089393616
0.48057231307029724
0.5789124965667725
0.4954669773578644
0.37404897809028625
0.36759576201438904
0.18228887021541595
0.5763932466506958
0.5462489128112793
0.5998444557189941
0.4221275746822357
0.5079119205474854
0.672511100769043
0.3783864378929138
0.5106014013290405
0.5760269165039062
0.6583077907562256
0.5940003395080566
0.4771081209182739
0.377162903547287
0.33288633823394775
0.5794071555137634
0.11760566383600235
0.5331230163574219
0.36036646366119385
0.5610648989677429
0.4368712902069092
0.17846907675266266
0.6643960475921631
0.5271552801132202
0.5478296279907227
0.6138463020324707
0.5789275169372559
0.28858524560928345
0.4577864408493042
0.5211421847343445
0.5591577291488647
0.24836236238479614
0.5859005451202393
0.6056046485900879
0.5514926910400391
0.5267632007598877
0.6148964166641235
0.4326609671115875
0.40572917461395264
0.31623438000679016
0.5410594940185547
0.3147221505641937
0.5540049076080322
0.4659724533557892
0.683504581451416
0.45148661732673645
0.5058395266532898
0.3834604322910309
0.11307451128959656
0.17658445239067078
0.2442958503961563
0.4539862871170044
0.5064063668251038
0.5978268384933472
0.1917656660079956
0.27051982283592224
0.5727877616882324
0.3953341543674469
0.5605778694152832
0.5621247291564941
0.6102163791656494
0.5607626438140869
0.19892838597297668
0.3477374017238617
0.4965369701385498
0.5221942067146301
0.17196501791477203
0.6610655784606934
0.2649310827255249
0.5864324569702148
0.5049346685409546
0.4631043076515198
0.37024882435798645
0.30555465817451477
0.3018973171710968
0.3538413941860199
0.5953469276428223
0.47259801626205444
0.2661169767379761
0.5215452909469604
0.14778009057044983
0.440506249666214
0.3443647027015686
0.36381199955940247
0.4089122414588928
0.293991357088089
0.23092058300971985
0.4676752984523773
0.1537475883960724
0.491142600774765
0.3961568772792816
0.32974502444267273
0.25019124150276184
0.3934580981731415
0.5333690643310547
0.6281312704086304
0.5467274785041809
0.6092483997344971
0.5823706388473511
0.49816715717315674
0.5231353044509888
0.5063773393630981
0.28878867626190186
0.395548552274704
0.6622600555419922
0.45149925351142883
0.3395286500453949
0.27247995138168335
0.42132896184921265
0.5783714652061462
0.5984256267547607
0.4718526303768158
0.7114272117614746
0.17418986558914185
0.6201506853103638
0.6072595119476318
0.5704940557479858
0.4064094126224518
0.6099814176559448
0.48848044872283936
0.6174960136413574
0.32288897037506104
0.27739349007606506
0.05222279578447342
0.32467952370643616
0.15068447589874268
0.4582826495170593
0.17534539103507996
0.5688580274581909
0.6120599508285522
0.31643176078796387
0.19712936878204346
0.4229538142681122
0.21110475063323975
0.29489827156066895
0.5391132831573486
0.2895124852657318
0.15246514976024628
0.5357534885406494
0.463148295879364
0.5695290565490723
0.5308691263198853
0.5130329132080078
0.2499743103981018
0.4463975131511688
0.2686620354652405
0.4777417480945587
0.36882466077804565
0.34410861134529114
0.25522586703300476
0.5326294898986816
0.24234512448310852
0.5605406761169434
0.3047839403152466
0.44737929105758667
0.06588231027126312
0.5459922552108765
0.5219773054122925
0.35556161403656006
0.3302665948867798
0.2915099859237671
0.45302537083625793
0.6217688322067261
0.4842122495174408
0.4180099666118622
0.44150951504707336
0.17020457983016968
0.43700048327445984
0.6516803503036499
0.491759330034256
0.45161202549934387
0.46227240562438965
0.5355029702186584
0.23284882307052612
0.5134885311126709
0.47129249572753906
0.3033667206764221
0.2466774433851242
0.580540120601654
0.5464344024658203
0.6052073240280151
0.3534596860408783
0.4709565043449402
0.3953210413455963
0.39573368430137634
0.48246970772743225
0.4957815408706665
0.48244962096214294
0.5572231411933899
0.4582904279232025
0.26051363348960876
0.10188218951225281
0.41287603974342346
0.49424293637275696
0.14981472492218018
0.3530246317386627
0.5697568655014038
0.54880690574646
0.5788766741752625
0.5759658813476562
0.20870132744312286
0.564839243888855
0.31872421503067017
0.6590344905853271
0.4155486822128296
0.39448660612106323
0.5402610898017883
0.28008532524108887
0.510440468788147
0.6323513984680176
0.48343709111213684
0.6415866613388062
0.17089247703552246
0.4671050012111664
0.4847746193408966
0.3512496054172516
0.420107364654541
0.6454758644104004
0.3647480607032776
0.4583751857280731
0.26981765031814575
0.5679766535758972
0.4083050787448883
0.29573583602905273
0.4234568178653717
0.49708518385887146
0.38178184628486633
0.18661783635616302
0.45815983414649963
0.24498243629932404
0.47560518980026245
0.5731454491615295
0.41038432717323303
0.39224007725715637
0.6282713413238525
0.46537187695503235
0.1794148087501526
0.5283457040786743
0.3013003468513489
0.506274938583374
0.1442207545042038
0.7438523769378662
0.06327106058597565
0.26778995990753174
0.5072389841079712
0.5832915306091309
0.5533406138420105
0.4479001462459564
0.6377896070480347
0.6731176376342773
0.3264859914779663
0.4888145625591278
0.22007796168327332
0.42864736914634705
0.5244314670562744
0.5377049446105957
0.12241942435503006
0.1941993534564972
0.5289278030395508
0.05139847472310066
0.6336508989334106
0.5611753463745117
0.5823234915733337
0.536943793296814
0.2102065086364746
0.5687158107757568
0.05946628749370575
0.39172133803367615
0.5077633261680603
0.5741219520568848
0.16937372088432312
0.5363109111785889
0.5688862204551697
0.5553800463676453
0.24387919902801514
0.04492180421948433
0.5933548212051392
0.5482045412063599
0.603762149810791
0.0437452606856823
0.42636606097221375
0.5640034675598145
0.4976988732814789
0.4510755240917206
0.3796990215778351
0.30370137095451355
0.6100431680679321
0.5379456281661987
0.5392918586730957
0.4877985417842865
0.2121802270412445
0.34831172227859497
0.280992329120636
0.6117597818374634
0.4677092432975769
0.43118521571159363
0.5215997695922852
0.5572664141654968
0.5734192132949829
0.500261664390564
0.33734002709388733
0.5336183309555054
0.5918251276016235
0.5199105739593506
0.2205175757408142
0.4759191870689392
0.3076494634151459
0.6698611974716187
0.5592193603515625
0.4170970618724823
0.3723442256450653
0.56626957654953
0.6931354999542236
0.5304380655288696
0.5938644409179688
0.20229080319404602
0.3653008043766022
0.5031736493110657
0.5786007642745972
0.6476484537124634
0.631318211555481
0.42638400197029114
0.5968751907348633
0.22512592375278473
0.233250230550766
0.22329190373420715
0.4264383018016815
0.503004252910614
0.22634662687778473
0.4534606337547302
0.33343303203582764
0.5036953687667847
0.5041370391845703
0.5001363754272461
0.6312166452407837
0.5431721210479736
0.3969261944293976
0.5586584806442261
0.558086097240448
0.21775592863559723
0.20647193491458893
0.3686307370662689
0.48095425963401794
0.5541762113571167
0.5982151031494141
0.31442978978157043
0.3720468580722809
0.6673588752746582
0.391011506319046
0.5492452383041382
0.23877814412117004
0.5327293872833252
0.5149747133255005
0.3908650875091553
0.6132817268371582
0.29999643564224243
0.538368821144104
0.07510664314031601
0.5662703514099121
0.6187119483947754
0.6447111368179321
0.6349304914474487
0.412844717502594
0.47970709204673767
0.5457015037536621
0.34682682156562805
0.1406521499156952
0.5509079694747925
0.36246541142463684
0.5704733729362488
0.14091822504997253
0.49904268980026245
0.37682315707206726
0.32503536343574524
0.4683418273925781
0.4972291886806488
0.3691265285015106
0.43780964612960815
0.7126057147979736
0.3810321092605591
0.532380223274231
0.5488026142120361
0.4648090898990631
0.5166879892349243
0.2528436779975891
0.3928961455821991
0.4839564561843872
0.4265327751636505
0.1478518843650818
0.5925154685974121
0.32148152589797974
0.6241878271102905
0.09311516582965851
0.5615576505661011
0.3621436059474945
0.5456996560096741
0.6246768236160278
0.5364841222763062
0.3133973479270935
0.5462024211883545
0.42336559295654297
0.4473486542701721
0.49202242493629456
0.47919702529907227
0.17829115688800812
0.2644729018211365
0.4957856833934784
0.32392197847366333
0.15322963893413544
0.5448432564735413
0.3924504816532135
0.3199750781059265
0.35178303718566895
0.4722007215023041
0.48667749762535095
0.42158493399620056
0.6908036470413208
0.5770823359489441
0.6566245555877686
0.16937591135501862
0.11038921773433685
0.4640635550022125
0.6467585563659668
0.39913955330848694
0.2690919041633606
0.5660314559936523
0.39598438143730164
0.287955105304718
0.34862127900123596
0.5541234016418457
0.5618799924850464
0.4360281229019165
0.6101758480072021
0.6043221950531006
0.33809611201286316
0.28324609994888306
0.06509901583194733
0.5140249729156494
0.5101412534713745
0.4851283133029938
0.24508333206176758
0.2997913360595703
0.5519793033599854
0.3262045383453369
0.5990365743637085
0.6037427186965942
0.21602222323417664
0.7156728506088257
0.35864928364753723
0.2993684411048889
0.5302486419677734
0.354999303817749
0.37695416808128357
0.2296801060438156
0.5951703786849976
0.5162475109100342
0.4960932731628418
0.030431345105171204
0.20418548583984375
0.6112357378005981
0.555711030960083
0.6208391189575195
0.3494046926498413
0.5706302523612976
0.5132002830505371
0.5755139589309692
0.5970691442489624
0.6542338132858276
0.5545673370361328
0.5099048614501953
0.441951185464859
0.22223584353923798
0.3446272015571594
0.5350215435028076
0.5466830730438232
0.33450689911842346
0.562346339225769
0.4351976215839386
0.34503594040870667
0.6268305778503418
0.3982076346874237
0.33624687790870667
0.5493874549865723
0.44132381677627563
0.5356763601303101
0.4943436086177826
0.5798313617706299
0.45037439465522766
0.49215248227119446
0.5361576080322266
0.5397905111312866
0.5786943435668945
0.24799656867980957
0.2168457806110382
0.45674529671669006
0.4864456355571747
0.4871067702770233
0.3287528157234192
0.44655972719192505
0.5728430151939392
0.28247737884521484
0.460830956697464
0.5297399759292603
0.5539219379425049
0.4307612478733063
0.6296119689941406
0.5226951241493225
0.32786449790000916
0.40918123722076416
0.33647438883781433
0.47085508704185486
0.4737098515033722
0.17622745037078857
0.40593716502189636
0.7078636884689331
0.4560767114162445
0.40859487652778625
0.1701943278312683
0.3453640639781952
0.267357736825943
0.2359955906867981
0.14683634042739868
0.20773440599441528
0.6069014072418213
0.5022239685058594
0.484135240316391
0.3283597230911255
0.5925358533859253
0.5382577180862427
0.29587751626968384
0.5302633047103882
0.5134797096252441
0.44644686579704285
0.23639050126075745
0.27361753582954407
0.5584284067153931
0.5263978242874146
0.6269840002059937
0.34188327193260193
0.3094872236251831
0.4337780773639679
0.6109937429428101
0.4323517382144928
0.4560079276561737
0.37504807114601135
0.4909067451953888
0.126761332154274
0.42673465609550476
0.6449588537216187
0.5591413974761963
0.6114052534103394
0.6849721670150757
0.4869450032711029
0.09153607487678528
0.39316344261169434
0.5780959129333496
0.2326168268918991
0.4950309097766876
0.3891577124595642
0.5537389516830444
0.35615143179893494
0.5524013638496399
0.42429688572883606
0.572232723236084
0.27784407138824463
0.47381165623664856
0.4864811897277832
0.08596635609865189
0.5689868927001953
0.5735780000686646
0.30173659324645996
0.3472989797592163
0.6092078685760498
0.25677067041397095
0.015135139226913452
0.4769321382045746
0.5273964405059814
0.5327440500259399
0.5238696336746216
0.5660067796707153
0.5849401950836182
0.4555729925632477
0.6201611757278442
0.6218733787536621
0.6315513849258423
0.5650407075881958
0.6363054513931274
0.5003424882888794
0.472341388463974
0.4878082573413849
0.5438932180404663
0.31149619817733765
0.336264967918396
0.26423579454421997
0.1500980257987976
0.14298208057880402
0.35306665301322937
0.514794647693634
0.3463216722011566
0.5738611817359924
0.4395134150981903
0.529766321182251
0.11699675023555756
0.4281791150569916
0.5419319868087769
0.350401371717453
0.535125195980072
0.42163434624671936
0.6228001117706299
0.6436169147491455
0.6187174320220947
0.16518792510032654
0.4742821753025055
0.4422653317451477
0.4964551627635956
0.44170528650283813
0.6375268697738647
0.28297311067581177
0.2624082565307617
0.5347467660903931
0.4373931586742401
0.6425974369049072
0.5927151441574097
0.5877667665481567
0.4663752615451813
0.5139341354370117
0.6080831289291382
0.5245383977890015
0.5539055466651917
0.38241323828697205
0.19769592583179474
0.5191010236740112
0.1329505741596222
0.4229896068572998
0.47226572036743164
0.2588731646537781
0.6282153129577637
0.5021770000457764
0.3937123715877533
0.23071378469467163
0.4002404510974884
0.40683335065841675
0.04666736721992493
0.2931925356388092
0.32871001958847046
0.18445375561714172
0.43340811133384705
0.41125068068504333
0.07398750633001328
0.3822014629840851
0.20368380844593048
0.5882881879806519
0.6697534322738647
0.5068155527114868
0.4011698365211487
0.5910731554031372
0.5804280042648315
0.3705376088619232
0.5329962968826294
0.4838258624076843
0.6092746257781982
0.052341390401124954
0.12582896649837494
0.5755218863487244
0.2771050035953522
0.4325730800628662
0.2576568126678467
0.5423917770385742
0.3558092713356018
0.31391504406929016
0.5292425155639648
0.5044782757759094
0.5058319568634033
0.4117603600025177
0.34230563044548035
0.5294221639633179
0.4579429030418396
0.5155723094940186
0.6859393119812012
0.2493809461593628
0.17691069841384888
0.28288549184799194
0.5079859495162964
0.6129258871078491
0.0981016457080841
0.32497185468673706
0.5765286684036255
0.4559706151485443
0.3967803120613098
0.2813843786716461
0.54847252368927
0.4408048689365387
0.5485562086105347
0.5247894525527954
0.3926349878311157
0.5843220949172974
0.2556564211845398
0.2920662760734558
0.34766247868537903
0.20873746275901794
0.6563552618026733
0.346367746591568
0.16317911446094513
0.5578311681747437
0.5082663297653198
0.4706447720527649
0.566170334815979
0.6912586688995361
0.2487548589706421
0.5576106309890747
0.14876890182495117
0.6723313331604004
0.5904288291931152
0.3689185082912445
0.5016015768051147
0.058341339230537415
0.38402292132377625
0.4323910176753998
0.5245898365974426
0.5147933959960938
0.5357818603515625
0.5767510533332825
0.33043932914733887
0.32471799850463867
0.5564643144607544
0.3816935122013092
0.6619430780410767
0.418499618768692
0.5364655256271362
0.674358606338501
0.5052618980407715
0.41959860920906067
0.6020029783248901
0.34514591097831726
0.5300800800323486
0.4538037180900574
0.30382293462753296
0.4504576027393341
0.523404598236084
0.1919206976890564
0.5887782573699951
0.5908148288726807
0.5115593671798706
0.5461760759353638
0.49952784180641174
0.36176759004592896
0.47232764959335327
0.4311510920524597
0.44266799092292786
0.4005213975906372
0.3506028950214386
0.4172185957431793
0.5597445964813232
0.17077839374542236
0.5481138825416565
0.3216162919998169
0.36991366744041443
0.515592634677887
0.5701261758804321
0.40994444489479065
0.27487683296203613
0.3762376010417938
0.07903917878866196
0.512168824672699
0.41511955857276917
0.19263878464698792
0.2980264723300934
0.4907788336277008
0.5371876955032349
0.37011900544166565
0.3621663749217987
0.16880132257938385
0.34739869832992554
0.6819576025009155
0.5054218769073486
0.5488097667694092
0.2640726864337921
0.4262365400791168
0.40513524413108826
0.3423514664173126
0.4974338114261627
0.6741160154342651
0.587378978729248
0.5485358238220215
0.5595234632492065
0.511649489402771
0.3030846416950226
0.5257112979888916
0.4629029631614685
0.35433635115623474
0.2026742398738861
0.3516228497028351
0.5935536623001099
0.4047674238681793
0.14953731000423431
0.09693828970193863
0.44263049960136414
0.6301602125167847
0.33960506319999695
0.5136295557022095
0.13526734709739685
0.3346047103404999
0.44663527607917786
0.050123538821935654
0.4176330268383026
0.39155682921409607
0.4366675913333893
0.40085193514823914
0.3717363178730011
0.4006642997264862
0.14171838760375977
0.45307067036628723
0.4879459738731384
0.0846792533993721
0.1506660431623459
0.35989096760749817
0.47384408116340637
0.2608760595321655
0.16256338357925415
0.3287472724914551
0.1658967286348343
0.23839427530765533
0.260864794254303
0.6128348112106323
0.5201324820518494
0.40191036462783813
0.20945706963539124
0.5635043382644653
0.1691361665725708
0.2612854242324829
0.3336070477962494
0.33843734860420227
0.5525556802749634
0.45063021779060364
0.5396941304206848
0.5214446783065796
0.5618023872375488
0.5316632986068726
0.39378300309181213
0.4831547439098358
0.5954225063323975
0.013756737112998962
0.5376509428024292
0.5741943120956421
0.49314162135124207
0.3142387270927429
0.38460448384284973
0.3266153335571289
0.41645798087120056
0.18361172080039978
0.6181463003158569
0.690330982208252
0.6299471855163574
0.2725761830806732
0.43510791659355164
0.6065858602523804
0.3569801151752472
0.5870029926300049
0.5248922109603882
0.24911659955978394
0.6437748670578003
0.38443657755851746
0.5151480436325073
0.6705044507980347
0.07981604337692261
0.5687963962554932
0.3435661196708679
0.3663713037967682
0.4709433615207672
0.19054950773715973
0.3531222343444824
0.31740888953208923
0.5540610551834106
0.5430604219436646
0.7251567840576172
0.4205983579158783
0.5483379364013672
0.5557525157928467
0.6122690439224243
0.22849196195602417
0.5730956792831421
0.24822378158569336
0.21178242564201355
0.5293087959289551
0.24652329087257385
0.11560068279504776
0.42045485973358154
0.20861956477165222
0.3273923397064209
0.5858068466186523
0.5097469091415405
0.3316437005996704
0.44696763157844543
0.4647694230079651
0.5475900173187256
0.7142856121063232
0.5545929074287415
0.5458877086639404
0.4759313464164734
0.15727517008781433
0.4015474021434784
0.659730076789856
0.5225018262863159
0.6747872829437256
0.5179735422134399
0.31399065256118774
0.38162702322006226
0.6201672554016113
0.11370307952165604
0.280628502368927
0.3862174451351166
0.5406490564346313
0.10033704340457916
0.6859719753265381
0.5167259573936462
0.6196982860565186
0.15542419254779816
0.6853619813919067
0.5985450744628906
0.4499189555644989
0.0658838227391243
0.37380775809288025
0.3222200572490692
0.10332951694726944
0.5156795978546143
0.40785539150238037
0.48210451006889343
0.559470534324646
0.07253909856081009
0.06761544942855835
0.4791976511478424
0.5538535118103027
0.6159218549728394
0.47971487045288086
0.16163063049316406
0.4161897301673889
0.4591319262981415
0.4408700168132782
0.5332769155502319
0.5498151779174805
0.39026132225990295
0.5788466930389404
0.35566070675849915
0.6113598346710205
0.40034183859825134
0.05412768945097923
0.5858010053634644
0.6888171434402466
0.37111619114875793
0.1629299521446228
0.5494075417518616
0.5480999946594238
0.4311888515949249
0.5590087175369263
0.21688053011894226
0.27905037999153137
0.7559796571731567
0.18450689315795898
0.604123592376709
0.4711924195289612
0.6078187227249146
0.32510659098625183
0.4967372417449951
0.19085484743118286
0.5548040866851807
0.533244252204895
0.4576275050640106
0.4785163700580597
0.3271026015281677
0.2627996802330017
0.6803728342056274
0.49885496497154236
0.4870619475841522
0.2099425196647644
0.559586763381958
0.2208194136619568
0.47575828433036804
0.5252162218093872
0.6535364389419556
0.43939754366874695
0.443525105714798
0.5238169431686401
0.4579813778400421
0.6330742835998535
0.5558935403823853
0.5328315496444702
0.17693325877189636
0.30699437856674194
0.37814095616340637
0.6333702802658081
0.4914068579673767
0.3485758602619171
0.3396691083908081
0.19632217288017273
0.685164213180542
0.19448727369308472
0.39608222246170044
0.22710631787776947
0.5491055250167847
0.6326545476913452
0.4582948386669159
0.21727973222732544
0.10502097010612488
0.24025383591651917
0.4893392026424408
0.5991770029067993
0.2319108545780182
0.5772009491920471
0.5345687866210938
0.08274511247873306
0.5692319869995117
0.581017017364502
0.5505070686340332
0.6024562120437622
0.672397255897522
0.5267103910446167
0.398622065782547
0.06589660793542862
0.5312343835830688
0.2676529586315155
0.30236080288887024
0.5630624294281006
0.6120404005050659
0.5416965484619141
0.5589651465415955
0.2240782380104065
0.25958460569381714
0.5721093416213989
0.5383020639419556
0.4142927825450897
0.42047318816185
0.5950688123703003
0.23881769180297852
0.4685620367527008
0.5468121767044067
0.4664865732192993
0.24925875663757324
0.25450918078422546
0.591856837272644
0.607144832611084
0.4145161211490631
0.5901632308959961
0.3514966666698456
0.17397062480449677
0.4256795346736908
0.5917717218399048
0.53816819190979
0.40147122740745544
0.4819945991039276
0.32246705889701843
0.4842027425765991
0.4228437840938568
0.6930909156799316
0.33428943157196045
0.5309634208679199
0.3344676196575165
0.4553992748260498
0.4242449104785919
0.6154931783676147
0.5428938269615173
0.1957165002822876
0.40428921580314636
0.23278161883354187
0.42009052634239197
0.04258716106414795
0.4748452305793762
0.3802698254585266
0.5797399282455444
0.4420601427555084
0.7004208564758301
0.1569846272468567
0.3773248493671417
0.4843205213546753
0.615902304649353
0.4546920955181122
0.45112481713294983
0.6168738603591919
0.5407353639602661
0.655105710029602
0.20500674843788147
0.17685401439666748
0.40876367688179016
0.4762299954891205
0.4455726146697998
0.531781792640686
0.4750851094722748
0.3905741274356842
0.6133322715759277
0.4384092390537262
0.1193961501121521
0.19436736404895782
0.2771815061569214
0.1611080765724182
0.3412863314151764
0.3603770434856415
0.5254479646682739
0.40216538310050964
0.08273550122976303
0.6828664541244507
0.18458379805088043
0.2873463034629822
0.40690919756889343
0.38809895515441895
0.6158555746078491
0.017474330961704254
0.5069669485092163
0.1672162413597107
0.27661237120628357
0.18973077833652496
0.3831389546394348
0.15791355073451996
0.2687438726425171
0.30828428268432617
0.2788906693458557
0.45477405190467834
0.5477732419967651
0.21442623436450958
0.19249874353408813
0.1982342153787613
0.26882413029670715
0.5443828105926514
0.5269098877906799
0.3154371380805969
0.5914967060089111
0.28848206996917725
0.45894891023635864
0.478320837020874
0.2791859209537506
0.5397087335586548
0.5900088548660278
0.18521034717559814
0.5269996523857117
0.16116973757743835
0.188177689909935
0.3155316710472107
0.6084743738174438
0.6055577993392944
0.6292842626571655
0.1920270025730133
0.4672110378742218
0.44076165556907654
0.17190811038017273
0.20774921774864197
0.2624490261077881
0.47086793184280396
0.2756776511669159
0.6360750198364258
0.40507376194000244
0.6018580198287964
0.3873755633831024
0.4801826477050781
0.35023555159568787
0.16563741862773895
0.5839616060256958
0.5594400763511658
0.13150061666965485
0.6588723659515381
0.1413131058216095
0.27757906913757324
0.4972212314605713
0.4914991557598114
0.2761586606502533
0.44653692841529846
0.6038315296173096
0.43485474586486816
0.4673188626766205
0.5861103534698486
0.46905651688575745
0.5223642587661743
0.2970684766769409
0.4376508593559265
0.1674571931362152
0.17163100838661194
0.3403336703777313
0.6517090797424316
0.5855745077133179
0.23108896613121033
0.5284289717674255
0.32879552245140076
0.3919253647327423
0.54146808385849
0.4346170425415039
0.3836553394794464
0.5067270994186401
0.5092453956604004
0.654707670211792
0.6555682420730591
0.49715277552604675
0.33289819955825806
0.4028874933719635
0.6060529947280884
0.44812020659446716
0.4114224910736084
0.42361870408058167
0.5591378211975098
0.47951310873031616
0.6430907249450684
0.19456154108047485
0.4250572919845581
0.3297727108001709
0.4698968827724457
0.14190086722373962
0.5758212804794312
0.23257531225681305
0.17484816908836365
0.4725135266780853
0.22105345129966736
0.48467639088630676
0.5251057147979736
0.5447862148284912
0.14886851608753204
0.5247081518173218
0.2785719931125641
0.43933045864105225
0.36147168278694153
0.5718539953231812
0.37755143642425537
0.25559866428375244
0.3142736256122589
0.1280531883239746
0.27425312995910645
0.4822273552417755
0.30996382236480713
0.2020403891801834
0.5033732652664185
0.5247405767440796
0.29960790276527405
0.21597522497177124
0.33213010430336
0.25996243953704834
0.49009770154953003
0.5231502056121826
0.6334196329116821
0.22212328016757965
0.5152313709259033
0.48601189255714417
0.32644063234329224
0.3014034032821655
0.45265015959739685
0.5250239372253418
0.3301520347595215
0.3838888704776764
0.48042282462120056
0.5859322547912598
0.2462753802537918
0.4674820601940155
0.38930362462997437
0.47741207480430603
0.5069279670715332
0.3219394385814667
0.26071953773498535
0.49671483039855957
0.43067416548728943
0.2858348488807678
0.4610777199268341
0.45023593306541443
0.4962252378463745
0.43663641810417175
0.5412799119949341
0.5083496570587158
0.5613604784011841
0.643391489982605
0.37143442034721375
0.42243650555610657
0.3749615252017975
0.4255678951740265
0.5166938304901123
0.4729447066783905
0.3730413019657135
0.04144211485981941
0.5344687700271606
0.6013199090957642
0.4866865873336792
0.38273581862449646
0.5582380890846252
0.015337012708187103
0.5386640429496765
0.4986525774002075
0.11899779736995697
0.5500171184539795
0.5362340211868286
0.4636818468570709
0.3211076557636261
0.27256089448928833
0.28771543502807617
0.5376355648040771
0.40021786093711853
0.4545595049858093
0.5887994766235352
0.1369878649711609
0.4771654009819031
0.4954985976219177
0.46846726536750793
0.6161199808120728
0.2717992067337036
0.3322139382362366
0.4791441261768341
0.5730974674224854
0.630765438079834
0.5807015895843506
0.17582136392593384
0.18682461977005005
0.35120853781700134
0.5034891366958618
0.31816399097442627
0.5046085119247437
0.48331210017204285
0.5948094129562378
0.5296355485916138
0.5210533142089844
0.587175726890564
0.5821139812469482
0.45909035205841064
0.4461404085159302
0.5104484558105469
0.6080491542816162
0.14385682344436646
0.5593208074569702
0.6891926527023315
0.44865331053733826
0.6436188220977783
0.5159921646118164
0.39282116293907166
0.3373282849788666
0.31246834993362427
0.46192288398742676
0.4496273398399353
0.4743165075778961
0.09400725364685059
0.17494185268878937
0.44048547744750977
0.6215769052505493
0.5616577863693237
0.324452668428421
0.3330087661743164
0.5451035499572754
0.29585397243499756
0.4742855727672577
0.23276785016059875
0.17350727319717407
0.3819408714771271
0.3011167645454407
0.3005889654159546
0.333651065826416
0.502098560333252
0.5627528429031372
0.5959343910217285
0.5670465230941772
0.512189507484436
0.5047199130058289
0.1992095708847046
0.5312526822090149
0.36081358790397644
0.6333659887313843
0.4332287907600403
0.4216862618923187
0.49697843194007874
0.343636155128479
0.2276369333267212
0.5371794700622559
0.4031146764755249
0.2860059440135956
0.5305800437927246
0.3050277531147003
0.5234918594360352
0.15294252336025238
0.6921807527542114
0.40305083990097046
0.41229432821273804
0.1903054416179657
0.2917082905769348
0.2945965528488159
0.562643826007843
0.13221412897109985
0.6796294450759888
0.6361809968948364
0.49859878420829773
0.6720114946365356
0.35882124304771423
0.5105187892913818
0.5864208936691284
0.24784789979457855
0.5482536554336548
0.6410064697265625
0.7160314321517944
0.3638244569301605
0.4420105218887329
0.42044687271118164
0.3407149612903595
0.42817923426628113
0.5544630289077759
0.5135016441345215
0.28213658928871155
0.26027554273605347
0.19025352597236633
0.4460086524486542
0.41071179509162903
0.5615614652633667
0.41688522696495056
0.627142071723938
0.45409390330314636
0.461763858795166
0.6226524114608765
0.6692630052566528
0.6069955825805664
0.443874716758728
0.5163568258285522
0.4298371374607086
0.6131888628005981
0.533003568649292
0.5636223554611206
0.37174734473228455
0.20507317781448364
0.42770639061927795
0.4034862220287323
0.4815063178539276
0.6013861894607544
0.418610543012619
0.45292195677757263
0.25226250290870667
0.37594684958457947
0.36363282799720764
0.19005286693572998
0.462397962808609
0.2617797255516052
0.6698615550994873
0.6275944709777832
0.4290684759616852
0.6483404636383057
0.3210545778274536
0.5604605674743652
0.4680256247520447
0.43808409571647644
0.4363097548484802
0.39783886075019836
0.45080575346946716
0.28485107421875
0.5164209604263306
0.3254295587539673
0.5475295782089233
0.19239002466201782
0.501468300819397
0.4452013075351715
0.2098885178565979
0.1278953105211258
0.5405974388122559
0.20708203315734863
0.5366259813308716
0.45430099964141846
0.55391526222229
0.4805898368358612
0.5266100168228149
0.2679474651813507
0.6384109258651733
0.645732045173645
0.5210229158401489
0.2819141745567322
0.21614663302898407
0.606494665145874
0.5448007583618164
0.17165537178516388
0.5225009322166443
0.5285570621490479
0.6472524404525757
0.6334860324859619
0.4017379581928253
0.6550575494766235
0.4159387946128845
0.4788194000720978
0.6979769468307495
0.41579750180244446
0.3292081654071808
0.48994070291519165
0.6305615901947021
0.498033344745636
0.6889438629150391
0.3077213764190674
0.4056682288646698
0.5364117622375488
0.3815312683582306
0.44080063700675964
0.42005133628845215
0.6527303457260132
0.5131505727767944
0.5266866683959961
0.5068938732147217
0.5445283055305481
0.27896761894226074
0.5432466268539429
0.5612314343452454
0.4658392369747162
0.5140060186386108
0.548370361328125
0.5711944103240967
0.4876420795917511
0.4569876492023468
0.4966077208518982
0.6248354911804199
0.6088953018188477
0.1869617998600006
0.43164095282554626
0.5844099521636963
0.4954383671283722
0.15320774912834167
0.3498469293117523
0.45615240931510925
0.3984745740890503
0.35621383786201477
0.29128316044807434
0.2317512035369873
0.40652456879615784
0.42821240425109863
0.33841457962989807
0.042733825743198395
0.25651222467422485
0.4578609764575958
0.5534107685089111
0.2854270935058594
0.2738073170185089
0.519485592842102
0.5077112913131714
0.46073105931282043
-0.018971264362335205
0.5819815397262573
0.6100306510925293
0.07934968173503876
0.5940142869949341
0.4599651098251343
0.6838873624801636
0.1609218716621399
0.5096131563186646
0.4703068435192108
0.4430379569530487
0.41760244965553284
0.17189081013202667
0.2718600332736969
0.24869707226753235
0.2597256898880005
0.6106129884719849
0.5796794891357422
0.3649575710296631
0.16881346702575684
0.5064959526062012
0.6091090440750122
0.45490312576293945
0.570115327835083
0.4031262695789337
0.4901455044746399
0.301012247800827
0.5959099531173706
0.4585084021091461
0.35633552074432373
0.49905166029930115
0.2842162251472473
0.6157432794570923
0.720659613609314
0.18679146468639374
0.5924042463302612
0.5592252016067505
0.2284006029367447
0.5173033475875854
0.3379111588001251
0.25877124071121216
0.5249985456466675
0.556024432182312
0.33331358432769775
0.409172385931015
0.5666886568069458
0.5742493867874146
0.0919836163520813
0.5462690591812134
0.545771062374115
0.32803645730018616
0.16012388467788696
0.49916723370552063
0.6265220642089844
0.24524299800395966
0.293122261762619
0.37830638885498047
0.6196634769439697
0.6934882402420044
0.50220787525177
0.5818474292755127
0.12700343132019043
0.4856263995170593
0.35253724455833435
0.4711989164352417
0.6697618961334229
0.6359258890151978
0.5953266620635986
0.44681355357170105
0.4049311578273773
0.14287617802619934
0.36247941851615906
0.5279501676559448
0.45237502455711365
0.558672308921814
0.19758406281471252
0.5880424976348877
0.5010331869125366
0.393672913312912
0.11843039095401764
0.6939563751220703
0.5614028573036194
0.37908920645713806
0.48208555579185486
0.5142366886138916
0.5722991228103638
0.4389321208000183
0.23157724738121033
0.2215089052915573
0.561575174331665
0.5564389228820801
0.5262852907180786
0.11553595215082169
0.24484692513942719
0.18562781810760498
0.7060933113098145
0.4281149208545685
0.533798098564148
0.1859314739704132
0.5362526178359985
0.34191030263900757
0.6040676832199097
0.5793103575706482
0.47201862931251526
0.5748302936553955
0.5795055627822876
0.5545604228973389
0.4300157129764557
0.4938048720359802
0.5795224905014038
0.21140724420547485
0.49515029788017273
0.5828856229782104
0.4295118451118469
0.28457605838775635
0.5444279909133911
0.40254661440849304
0.5589592456817627
0.4623977839946747
0.09855929762125015
0.5038577318191528
0.4277326166629791
0.42423248291015625
0.47876885533332825
0.48435255885124207
0.16360332071781158
0.5285375118255615
0.22564616799354553
0.35988426208496094
0.38467028737068176
0.22240659594535828
0.3270188570022583
0.6299988031387329
0.579258382320404
0.26183098554611206
0.5420297384262085
0.28692513704299927
0.20680391788482666
0.5725393295288086
0.4221016466617584
0.5664198398590088
0.3292583227157593
0.5355499982833862
0.38971850275993347
0.3801441490650177
0.5673244595527649
0.053468622267246246
0.46597105264663696
0.4538550078868866
0.6601848602294922
0.48159119486808777
0.3624543845653534
0.6181732416152954
0.43761205673217773
0.4127981960773468
0.5777462720870972
0.4612175524234772
-0.009893089532852173
0.4632374048233032
0.5025575160980225
0.34074294567108154
0.4699452817440033
0.5076539516448975
0.1921994537115097
0.559463620185852
0.5078665018081665
0.5684806108474731
0.4390348494052887
0.5851922035217285
0.5121186971664429
0.5962443351745605
0.5819641351699829
0.5806130170822144
0.4930323660373688
0.3302414119243622
0.37611714005470276
0.4593581259250641
0.3293842673301697
0.4592081606388092
0.21746590733528137
0.529385507106781
0.599880576133728
0.5483847856521606
0.5303110480308533
0.5701090693473816
0.43472403287887573
0.44029656052589417
0.5480788946151733
0.5186601877212524
0.7023507356643677
0.400424987077713
0.5046818256378174
0.26712024211883545
0.17190682888031006
0.44442006945610046
0.24462537467479706
0.2344217747449875
0.43986445665359497
0.1826547086238861
0.6389987468719482
0.5050461292266846
0.33411940932273865
0.10850688815116882
0.543828547000885
0.48918649554252625
0.07412172108888626
0.22976315021514893
0.1294194757938385
0.4137350618839264
0.5094772577285767
0.40038204193115234
0.278041809797287
0.5964038372039795
0.5965981483459473
0.36348477005958557
0.21287107467651367
0.5368973612785339
0.3814341127872467
0.05328284204006195
0.604110836982727
0.3988041877746582
0.4944261908531189
0.57462477684021
0.457720011472702
0.42438673973083496
0.1040714830160141
0.41038602590560913
0.5752729177474976
0.5779521465301514
0.34353992342948914
0.4112827181816101
0.07785797119140625
0.5329458713531494
0.22211702167987823
0.4776971638202667
0.23999249935150146
0.4668717682361603
0.4119349420070648
0.5423704981803894
0.3270236849784851
0.5845630168914795
0.5099794268608093
0.6192166805267334
0.5525262355804443
0.645941972732544
0.5113430619239807
0.5796521902084351
0.5850527286529541
0.44721096754074097
0.42200466990470886
0.3697914183139801
0.6055600643157959
0.6185294389724731
0.1693730503320694
0.5565983057022095
0.5368430614471436
0.5600486993789673
0.43009665608406067
0.4129979908466339
0.48084136843681335
0.25620633363723755
0.5824304819107056
0.09207003563642502
0.3969513475894928
0.36395499110221863
0.619827389717102
0.5709719657897949
0.38867419958114624
0.48773208260536194
0.5310531854629517
0.5807458162307739
0.556477427482605
0.640803337097168
0.5338623523712158
0.40857037901878357
0.40437933802604675
0.6138478517532349
0.5629421472549438
0.4727604389190674
0.21571879088878632
0.591428279876709
0.6927833557128906
0.23784001171588898
0.3288487195968628
0.2882835566997528
0.4622594118118286
0.6261245012283325
0.43174365162849426
0.37991225719451904
0.26062002778053284
0.6090505123138428
0.5856711864471436
0.29774144291877747
0.43564751744270325
0.5135706067085266
0.2141013741493225
0.5410051345825195
0.6062487363815308
0.5438328981399536
0.4706142842769623
0.34148260951042175
0.43472906947135925
0.5581080913543701
0.4480631947517395
0.4075866937637329
0.5360152125358582
0.5636423826217651
0.6744935512542725
0.34602317214012146
0.5463651418685913
0.23628374934196472
0.5766264200210571
0.5381512641906738
0.2717127203941345
0.18148492276668549
0.35241207480430603
0.25692522525787354
0.13261637091636658
0.2388252466917038
0.46491727232933044
0.2632765769958496
0.5395010709762573
0.34427133202552795
0.43277546763420105
0.5388375520706177
0.4186190068721771
0.5586161613464355
0.14443819224834442
0.5666577816009521
0.6331638097763062
0.639682412147522
0.535575270652771
0.3779478371143341
0.7360765933990479
0.5587998628616333
0.2644250690937042
0.3311096131801605
0.3151589035987854
0.08434049785137177
0.4438300132751465
0.3408227860927582
0.2446030080318451
0.4187423884868622
0.530697226524353
0.1834610402584076
0.35011065006256104
0.14190298318862915
0.4329545795917511
0.21384041011333466
0.20040491223335266
0.4825723171234131
0.5226444005966187
0.3266332149505615
0.5321546792984009
0.5710007548332214
0.1894131302833557
0.5754164457321167
0.4742661714553833
0.3319190740585327
0.644851803779602
0.5872070789337158
0.5768554210662842
0.5724100470542908
0.5314254760742188
0.5497686862945557
0.6160545349121094
0.6084195375442505
0.2843698561191559
0.5460101366043091
0.37479159235954285
0.30230674147605896
0.2970828413963318
0.27700820565223694
0.41869670152664185
0.22840802371501923
0.5589141845703125
0.4500182271003723
0.1342531144618988
0.2047322541475296
0.2064215987920761
0.6548469066619873
0.5053880214691162
0.6278191804885864
0.5722755193710327
0.603154182434082
0.5174224376678467
0.2595205008983612
0.37118229269981384
0.49862805008888245
0.24716943502426147
0.3160359561443329
0.37882375717163086
0.47383126616477966
0.15144315361976624
-0.0015202239155769348
0.5968259572982788
0.22089138627052307
0.5589075088500977
0.3118477761745453
0.5565183162689209
0.2793639898300171
0.51265949010849
0.41017860174179077
0.587795615196228
0.5781106352806091
0.4126341640949249
0.29636985063552856
0.5510720014572144
0.2305213361978531
0.6012886762619019
0.2619439363479614
0.5999758243560791
0.6508758068084717
0.36933982372283936
0.46512582898139954
0.5498337149620056
0.6056792736053467
0.4676474630832672
0.5590068101882935
0.658306360244751
0.23652520775794983
0.4332302510738373
0.1509513109922409
0.40618643164634705
0.3152574300765991
0.2773817777633667
0.5446605682373047
0.5800305604934692
0.36792296171188354
0.5961461067199707
0.5158077478408813
0.6216129064559937
0.668159008026123
0.62885582447052
0.3718869388103485
0.15391670167446136
0.1130354255437851
0.5078996419906616
0.5111175775527954
0.46564212441444397
0.39557161927223206
0.2658717632293701
0.543748140335083
0.25307697057724
0.5723733901977539
0.5681880712509155
0.27871260046958923
0.36837562918663025
0.5585557222366333
0.5436983108520508
0.40951502323150635
0.46053528785705566
0.3366059958934784
0.42856696248054504
0.5851720571517944
0.21425284445285797
0.24181140959262848
0.2643563151359558
0.6875494718551636
0.5106185674667358
0.4637072682380676
0.691726803779602
0.4230930507183075
0.23600181937217712
0.2766249477863312
0.21482990682125092
0.2871212363243103
0.3749066889286041
0.4975956380367279
0.2603375315666199
0.39956429600715637
0.4826662242412567
0.6435414552688599
0.3939101994037628
0.709295392036438
0.583207368850708
0.05122710391879082
0.5593653917312622
0.39269211888313293
0.23885604739189148
0.603809118270874
0.4341484606266022
0.37856224179267883
0.478712260723114
0.5282682776451111
0.19172874093055725
0.5385314226150513
0.5711344480514526
0.30955731868743896
0.5377612113952637
0.5640995502471924
0.37388285994529724
0.31313347816467285
0.5726172924041748
0.47088396549224854
0.5940810441970825
0.5521590709686279
0.31292974948883057
0.24271413683891296
0.5654849410057068
0.29685938358306885
0.5897845029830933
0.6033152341842651
0.04456412047147751
0.6652295589447021
0.4178624451160431
0.5755023956298828
0.2574402987957001
0.25251296162605286
0.5997463464736938
0.5227584838867188
0.3275333046913147
0.247744619846344
0.401224285364151
0.5646224021911621
0.45323169231414795
0.6404250860214233
0.4689970910549164
0.6793487071990967
0.5511937141418457
0.2588638961315155
0.295261949300766
0.5513805150985718
0.5570248365402222
0.7041796445846558
0.2367185652256012
0.22868958115577698
0.5301476120948792
0.2729513645172119
0.5249172449111938
0.1572224199771881
0.6043567657470703
0.188177689909935
0.6768672466278076
0.12847405672073364
0.5477073192596436
0.362519234418869
0.5779421329498291
0.5520665645599365
0.2648671865463257
0.30385804176330566
0.17455239593982697
0.0974491536617279
0.6285570859909058
0.45428746938705444
0.43318819999694824
0.5355658531188965
0.2646266222000122
0.38259997963905334
0.2291199415922165
0.5572312474250793
0.5488511323928833
0.46369126439094543
0.4381582736968994
0.3164368271827698
0.5716369152069092
0.33304351568222046
0.250405490398407
0.5609263181686401
0.5424429774284363
0.6060678958892822
0.4048805832862854
0.05225105211138725
0.48056724667549133
0.4953005313873291
0.5160076022148132
0.5290229320526123
0.5084813833236694
0.5483163595199585
0.5801527500152588
0.5763748288154602
0.08509781956672668
0.15272504091262817
0.19933143258094788
0.5051043033599854
0.23673993349075317
0.18909966945648193
0.5357004404067993
0.49400433897972107
0.19488316774368286
0.41781243681907654
0.46660205721855164
0.5948209762573242
0.5530591607093811
0.15845179557800293
0.4387335777282715
0.39332452416419983
0.6246422529220581
0.5204224586486816
0.45857593417167664
0.345630943775177
0.5697467923164368
0.5544513463973999
0.33546045422554016
0.45852720737457275
0.39917847514152527
0.547549307346344
0.378741592168808
0.38634201884269714
0.501104474067688
0.4367297291755676
0.5818933248519897
0.2667049169540405
0.4036625921726227
0.5552947521209717
0.5245401859283447
0.6071746349334717
0.40990757942199707
0.5475063323974609
0.5160249471664429
0.4124097526073456
0.3946959972381592
0.5539047718048096
0.4368410110473633
0.44758716225624084
0.37202706933021545
0.3649175465106964
0.32225245237350464
0.36453893780708313
0.40289783477783203
0.37767988443374634
0.45838651061058044
0.5216891765594482
0.23549909889698029
0.39625224471092224
0.3609444797039032
0.35266992449760437
0.5674444437026978
0.44299015402793884
0.30122414231300354
0.32859209179878235
0.7372753620147705
0.4218277931213379
0.27392858266830444
0.5707080364227295
0.4438975155353546
0.08207634091377258
0.6281867027282715
0.5150333046913147
0.5277680158615112
0.3248596787452698
0.22239387035369873
0.6486145257949829
0.4795355498790741
0.2061629295349121
0.5024411082267761
0.4695342183113098
0.3507935106754303
0.5393918752670288
0.18972191214561462
0.5885695219039917
0.15469133853912354
0.5281379222869873
0.48724618554115295
0.5176831483840942
0.01776251196861267
0.4148443639278412
0.30388641357421875
0.5346681475639343
0.5113319158554077
0.6104565858840942
0.4858168661594391
0.19300755858421326
0.06845712661743164
0.048138052225112915
0.6644752025604248
0.5106368064880371
0.6975095272064209
0.3057200014591217
0.5131280422210693
0.5983976125717163
0.5869656801223755
0.2700590193271637
0.5950843095779419
0.2804707884788513
0.5599391460418701
0.2853049635887146
0.18452602624893188
0.5283712148666382
0.4210451543331146
0.4406541585922241
0.5088386535644531
0.039281800389289856
0.4378007650375366
0.48364946246147156
0.21050521731376648
0.48190465569496155
0.47751957178115845
0.504193902015686
0.5925467014312744
0.3878614008426666
0.3959203064441681
0.48509088158607483
0.30756375193595886
0.2529318034648895
0.4669165313243866
0.5350178480148315
0.4599529206752777
0.31552284955978394
0.42878592014312744
0.61747145652771
0.7005771398544312
0.3134213984012604
0.41590800881385803
0.1601177304983139
0.3680574297904968
0.271364688873291
0.07239735871553421
0.5508849620819092
0.5123844742774963
0.6097850799560547
0.4397634267807007
0.6341444253921509
0.5984810590744019
0.4646310806274414
0.550094723701477
0.3192378282546997
0.5999579429626465
0.18905052542686462
0.519904375076294
0.6329531669616699
0.6566603183746338
0.48640620708465576
0.41073623299598694
0.5291903018951416
0.5944770574569702
0.58097243309021
0.5040034055709839
0.4279043972492218
0.4926196336746216
0.533524751663208
0.41260334849357605
0.5412635803222656
0.16589181125164032
0.05532905459403992
0.4454512894153595
0.30562376976013184
0.5969734191894531
0.4533928632736206
0.5436568856239319
0.5167226195335388
0.5619709491729736
0.1931161880493164
0.5527877807617188
0.41029924154281616
0.41042396426200867
0.556454062461853
0.6027295589447021
0.5222435593605042
0.1597236692905426
0.5124151110649109
-0.0008093491196632385
0.49701380729675293
0.5242666006088257
0.12509147822856903
0.2570180296897888
0.4540844261646271
0.48731932044029236
0.5202364921569824
0.4418424367904663
0.19875898957252502
0.601250171661377
0.37388747930526733
0.4515424966812134
0.5757491588592529
0.1611865758895874
0.5678673982620239
0.6591582298278809
0.27642834186553955
0.1615009903907776
0.22316844761371613
0.3702126145362854
0.4453215003013611
0.6113355159759521
0.5016169548034668
0.6204347610473633
0.5761167407035828
0.5604366064071655
0.5519380569458008
0.4441227614879608
0.1966971457004547
0.2862282991409302
0.5935506820678711
0.40743476152420044
0.29334741830825806
0.4998426139354706
0.3886391222476959
0.5772455930709839
0.5300082564353943
0.46526578068733215
0.20863258838653564
0.5837261080741882
0.5814398527145386
0.38543346524238586
0.3392026424407959
0.48842325806617737
0.21333569288253784
0.7033360004425049
0.052821096032857895
0.6299548149108887
0.373631089925766
0.5287904739379883
0.5747114419937134
0.4390515983104706
0.279791921377182
0.5992529392242432
0.07094820588827133
0.5037846565246582
0.5981308221817017
0.5993622541427612
0.3877239227294922
0.3591880202293396
0.2884107828140259
0.32301363348960876
0.574654221534729
0.5510468482971191
0.5185763835906982
0.4425612986087799
0.5836877822875977
0.2716348469257355
0.4249912202358246
0.3613264858722687
0.431309312582016
0.1390828639268875
0.504297137260437
0.5215396285057068
0.5090657472610474
0.17888441681861877
0.4123794734477997
0.23760344088077545
0.49477261304855347
0.6157656908035278
0.5434973835945129
0.338746577501297
0.5632400512695312
0.40251219272613525
0.14363865554332733
0.5079770088195801
0.6125625371932983
0.31154847145080566
0.19366005063056946
0.5430260896682739
0.47767624258995056
0.43024396896362305
0.0730295181274414
0.5006229877471924
0.396183580160141
0.3257811963558197
0.5930403470993042
0.6152225732803345
0.5298951864242554
0.5883097648620605
0.30121123790740967
0.454409122467041
0.5081315040588379
0.6205242872238159
0.6154747009277344
0.5816653966903687
0.44125157594680786
0.4336809813976288
0.3699384033679962
0.29036304354667664
0.5342006683349609
0.6236170530319214
0.37910857796669006
0.38517412543296814
0.13706819713115692
0.4940260946750641
0.4463939368724823
0.552798867225647
0.33854544162750244
0.5706707239151001
0.5190523266792297
0.4799281656742096
0.6041418313980103
0.5652698278427124
0.6255743503570557
0.6199808120727539
0.4846290946006775
0.6085594892501831
0.5498776435852051
0.4158391058444977
0.3712376654148102
0.14992889761924744
0.29354023933410645
0.40721938014030457
0.4913950264453888
0.607326865196228
0.5690637826919556
0.19863447546958923
0.48775237798690796
0.5535750389099121
0.5871766805648804
0.6073884963989258
0.5827322602272034
0.5356749296188354
0.34979063272476196
0.43539196252822876
0.5468253493309021
0.5548171997070312
0.5405582189559937
0.5263365507125854
0.34212052822113037
0.6503057479858398
0.6044201850891113
0.35192033648490906
0.6998467445373535
0.5254261493682861
0.41706010699272156
0.19518420100212097
0.4521726071834564
0.37891116738319397
0.2003539800643921
0.5137608647346497
0.33120977878570557
0.47219640016555786
0.06394316256046295
0.5810039043426514
0.20677903294563293
0.44374939799308777
0.628007173538208
0.5834004282951355
0.6141470670700073
0.35798051953315735
0.5891603231430054
0.3407721221446991
0.546678364276886
0.4493875801563263
0.5283491611480713
0.05099434405565262
0.4038252532482147
0.47923898696899414
0.5054924488067627
0.3797013461589813
0.5773296356201172
0.44122809171676636
0.2138974815607071
0.4238140285015106
0.06724150478839874
0.3532067835330963
0.5373110771179199
0.42650482058525085
0.6638035774230957
0.5221368074417114
0.3787519335746765
0.2655274271965027
0.30317312479019165
0.5124154090881348
0.3222958445549011
0.4878797233104706
0.4226032793521881
0.32503238320350647
0.6244854927062988
0.6859556436538696
0.19331853091716766
0.652222752571106
0.29269152879714966
0.5611371994018555
0.4792059361934662
0.4630486071109772
0.23072485625743866
0.32135769724845886
0.4791039824485779
0.18322686851024628
0.33999940752983093
0.4856358468532562
0.4618678390979767
0.1879015564918518
0.3346332907676697
0.3323787450790405
0.5406486988067627
0.2491137683391571
0.48370182514190674
0.14372801780700684
0.22521281242370605
0.433329313993454
0.5573452711105347
0.19508978724479675
0.36095696687698364
0.48210060596466064
0.28148582577705383
0.47017768025398254
0.46066007018089294
0.20012012124061584
0.44641831517219543
0.24884375929832458
0.6085216999053955
0.4285562038421631
0.5983266830444336
0.5684105157852173
0.2954702377319336
0.2600824236869812
0.5687720775604248
0.6133824586868286
0.5560859441757202
0.3966257870197296
0.458985298871994
0.047757625579833984
0.5033026933670044
0.4804445207118988
0.46493080258369446
0.5114618539810181
0.21269463002681732
0.525216817855835
0.21546635031700134
0.36226555705070496
0.5886478424072266
0.40640994906425476
0.5396754741668701
0.5684597492218018
0.34347978234291077
0.203009694814682
0.32176125049591064
0.5265425443649292
0.37153592705726624
0.4438955783843994
0.6110012531280518
0.313148558139801
0.38957300782203674
0.6998767852783203
0.42573195695877075
0.4400319755077362
0.423292875289917
0.5226513147354126
0.020401671528816223
0.16959378123283386
0.3210446834564209
0.6017614603042603
0.5720912218093872
0.3862839639186859
0.5004130601882935
0.6054885387420654
0.5793782472610474
0.027984444051980972
0.2776074707508087
0.48345014452934265
0.23368319869041443
0.6585531234741211
0.14368495345115662
0.28645575046539307
0.11162561178207397
0.2356293499469757
0.49748727679252625
0.5235882997512817
0.49481818079948425
0.47427335381507874
0.3423498570919037
0.37790974974632263
0.5626572370529175
0.565146803855896
0.5465313196182251
0.3217478096485138
0.17341578006744385
0.6234005689620972
0.2302456796169281
0.22618646919727325
0.42028966546058655
0.6429119110107422
0.40179643034935
0.5198878049850464
0.4817989766597748
0.17500217258930206
0.5369560122489929
0.18522422015666962
0.49057328701019287
0.4181751310825348
0.26130929589271545
0.5021975040435791
0.45338013768196106
0.6430208683013916
0.6925979852676392
0.621800422668457
0.635883092880249
0.6934661865234375
0.4518671929836273
0.15456423163414001
0.4768558144569397
0.3363945484161377
0.03304325416684151
0.2134874165058136
0.20341552793979645
0.06693116575479507
0.2534102499485016
0.31914082169532776
0.26750919222831726
0.5740013122558594
0.622817873954773
0.5342620611190796
0.614883542060852
0.49657168984413147
0.5391099452972412
0.03728058934211731
0.484487920999527
0.5741267204284668
0.5650264024734497
0.4896985590457916
0.6618272066116333
0.6920450925827026
0.2139587104320526
0.2470276802778244
0.6197662353515625
0.42137381434440613
0.4224860370159149
0.42803600430488586
0.4108474552631378
0.6094386577606201
0.18524453043937683
0.5661332607269287
0.6087615489959717
0.5065268278121948
0.43900519609451294
0.34746748208999634
0.613638162612915
0.4268442690372467
0.10414723306894302
0.21480995416641235
0.49061301350593567
0.02019500732421875
0.28619441390037537
0.4049367606639862
0.5905970335006714
0.4203743636608124
0.6152353286743164
0.4775029718875885
0.06504698097705841
0.46361973881721497
0.14164398610591888
0.47372856736183167
0.6206839084625244
0.17070341110229492
0.15158891677856445
0.12434178590774536
0.2553776204586029
0.37796449661254883
0.2496684044599533
0.6123799085617065
0.5132420063018799
0.07229305803775787
0.5506685972213745
0.36121389269828796
0.2984190583229065
0.5127319097518921
0.36893028020858765
0.4832007586956024
0.20371201634407043
0.4090571701526642
0.3939899504184723
0.2847765386104584
0.4562917649745941
0.5323585271835327
0.6007140874862671
0.45446786284446716
0.6608612537384033
0.3822620213031769
0.3001022934913635
0.20170381665229797
0.27354010939598083
0.5137926936149597
0.4838625490665436
0.3211999535560608
0.5345827341079712
0.41215917468070984
0.48780161142349243
0.07179173082113266
0.5986957550048828
0.12316925823688507
0.3539890944957733
0.11391860246658325
0.3526982367038727
0.5460171699523926
0.4697067439556122
0.5126343965530396
0.23863264918327332
0.5712862014770508
0.513667106628418
0.1589535027742386
0.16715659201145172
0.4815051853656769
0.5598949193954468
0.5631146430969238
0.510028064250946
0.6291137933731079
0.23206251859664917
0.06583616882562637
0.551025390625
0.16758903861045837
0.6347306966781616
0.234723761677742
0.5718604326248169
0.5589126348495483
0.46277329325675964
0.5500490665435791
0.44093722105026245
0.13768073916435242
0.43066510558128357
0.41694268584251404
0.4989300072193146
0.3444567024707794
0.3845600187778473
0.32627183198928833
0.5345137119293213
0.6139909029006958
0.3585532605648041
0.4847235381603241
0.1395222544670105
0.21561525762081146
0.5514440536499023
0.576174259185791
0.4360559284687042
0.19940727949142456
0.12321117520332336
0.31239208579063416
0.18338517844676971
0.5009012222290039
0.3574584424495697
0.6112611293792725
0.6173851490020752
0.5417648553848267
0.5572905540466309
0.674056887626648
0.3416644036769867
0.5925947427749634
0.3834981620311737
0.5046175718307495
0.4456411898136139
0.6362409591674805
0.567571222782135
0.5103576183319092
0.46236810088157654
0.413956880569458
0.31778180599212646
0.057285938411951065
0.5988844633102417
0.226194828748703
0.48828059434890747
0.21156546473503113
0.5422677993774414
0.32496801018714905
0.6040544509887695
0.4384750425815582
0.5449416637420654
0.013480722904205322
0.5884416103363037
0.4716171622276306
0.6880416870117188
0.4681660830974579
0.46116599440574646
0.6426138877868652
0.22518470883369446
0.462089478969574
0.18530353903770447
0.22798171639442444
0.4834035336971283
0.32739126682281494
0.4307403862476349
0.37315717339515686
0.49516406655311584
0.5823081731796265
0.48961690068244934
0.6756497621536255
0.3059942126274109
0.2990207076072693
0.4645931124687195
0.5505955219268799
0.1352033168077469
0.418441504240036
0.297332763671875
0.5658582448959351
0.45832476019859314
0.39647653698921204
0.4839436709880829
0.44705477356910706
0.15872225165367126
0.4862111508846283
0.5409191846847534
0.3182397484779358
0.29225796461105347
0.20057237148284912
0.4065733850002289
0.13945932686328888
0.434457391500473
0.3744960129261017
0.6153802871704102
0.7007147073745728
0.31545764207839966
0.43311476707458496
0.5589169263839722
0.3143880367279053
0.4525313079357147
0.5724080801010132
0.5625828504562378
0.47323277592658997
-0.005007453262805939
0.3919695019721985
0.39654412865638733
0.5730150938034058
0.3922809958457947
0.16093826293945312
0.48901960253715515
0.6926928758621216
0.5200237035751343
0.5375270843505859
0.667100191116333
0.19027617573738098
0.12129616737365723
0.6254193782806396
0.23203152418136597
0.5234796404838562
0.47249728441238403
0.34375762939453125
0.27334946393966675
0.46380433440208435
0.11128369718790054
0.5341843366622925
0.47737589478492737
0.6554925441741943
0.5633372068405151
0.2686554193496704
0.38271015882492065
0.42215079069137573
0.44905707240104675
0.5732444524765015
0.44395554065704346
0.5988739728927612
0.3205586075782776
0.3806277811527252
0.27664387226104736
0.26595139503479004
0.2831088900566101
0.4553961753845215
0.6935347318649292
0.4252173602581024
0.5262110233306885
0.5784386396408081
0.28363609313964844
0.46785756945610046
0.10751120746135712
0.5371856689453125
0.39585670828819275
0.17281579971313477
0.48871466517448425
0.5377241373062134
0.5440950393676758
0.6579229831695557
0.20963361859321594
0.5673267245292664
0.49772369861602783
0.6029057502746582
0.2481202334165573
0.49682414531707764
0.585739016532898
0.25673016905784607
0.34506461024284363
0.49398431181907654
0.009963005781173706
0.5158159732818604
-0.002652302384376526
0.6287487745285034
0.4328460097312927
0.43063417077064514
0.5379314422607422
0.3592427670955658
0.6814429759979248
0.17182567715644836
0.7051831483840942
0.5196694135665894
0.13826358318328857
0.4799994230270386
0.6348651647567749
0.4670266807079315
0.382638156414032
0.40932807326316833
0.43624088168144226
0.32908138632774353
0.20219308137893677
0.5821954011917114
0.20560261607170105
0.6097424030303955
0.2587845027446747
0.609044075012207
0.4307224750518799
0.5682874321937561
0.52057945728302
0.6368042230606079
0.5731232762336731
0.2810642719268799
0.15595601499080658
0.33460935950279236
0.5817993879318237
0.1926720291376114
0.551213264465332
0.5955735445022583
0.5062123537063599
0.4765608608722687
0.40855103731155396
0.5932941436767578
0.5573340654373169
0.5398653745651245
0.33500099182128906
0.4112672507762909
0.5755698084831238
0.49113914370536804
0.5129749774932861
0.26869553327560425
0.5380531549453735
0.3825971484184265
0.4837115705013275
0.07842016965150833
0.6262599229812622
0.5231149196624756
0.4791419208049774
0.6426831483840942
0.6364322900772095
0.48333048820495605
0.38948023319244385
0.3439886271953583
0.1173621267080307
0.47980010509490967
0.5495692491531372
0.4656325876712799
0.5518864393234253
0.5818145275115967
0.3641948401927948
0.6026948690414429
0.49595901370048523
0.03021133691072464
0.5672162771224976
0.3884941041469574
0.4110053777694702
0.6884245872497559
0.4437883496284485
0.27500391006469727
0.533134937286377
0.502068042755127
0.20814642310142517
0.49875113368034363
0.11206777393817902
0.3432675302028656
0.5394322872161865
0.13437704741954803
0.5117769241333008
0.3694112002849579
0.46840059757232666
0.21440917253494263
0.4026894271373749
0.043446652591228485
0.5583267211914062
0.7164134979248047
0.3349444270133972
0.3292674124240875
0.5637661218643188
0.5215058326721191
0.21902987360954285
0.535104513168335
0.3891690671443939
0.6409239768981934
0.546851396560669
0.1576015055179596
0.3697819113731384
0.5751528739929199
0.6205919981002808
0.37905246019363403
0.4838082790374756
0.5830817222595215
0.4264316260814667
0.5622648000717163
0.29194843769073486
0.2574574649333954
0.5667519569396973
0.02906060591340065
0.3292827904224396
0.1773303598165512
0.3937269151210785
0.6678345203399658
0.6331619024276733
0.5530264377593994
0.5282363295555115
0.6010396480560303
0.169813334941864
0.35059645771980286
0.4369196593761444
0.03433644026517868
0.49909088015556335
0.2947474420070648
0.6594889163970947
0.5203279256820679
0.12008227407932281
0.3357055187225342
0.41098716855049133
0.5849597454071045
0.2754817605018616
0.6977649927139282
0.1932041049003601
0.41710802912712097
0.0526927150785923
0.5742359161376953
0.15863625705242157
0.407571405172348
0.5303480625152588
0.3472345173358917
0.37888622283935547
0.4761790335178375
0.08869776874780655
0.1817585825920105
0.6235967874526978
0.5523284673690796
0.10512697696685791
0.5106979608535767
0.5816938877105713
0.3784615695476532
0.23630942404270172
0.5482382774353027
0.2363886684179306
0.2858330011367798
0.27632251381874084
0.5961748361587524
0.6390434503555298
0.29085007309913635
0.5392262935638428
0.430244117975235
0.5361040830612183
0.4611354470252991
0.5448551177978516
0.587007999420166
0.5160280466079712
0.09792430698871613
0.3544715344905853
0.5063539743423462
0.5691720247268677
0.551453173160553
0.5062165260314941
0.3732713758945465
0.5114392042160034
0.2585398852825165
0.04905885457992554
0.464653342962265
0.6219015121459961
0.5263395309448242
0.2502151131629944
0.5703413486480713
0.147992342710495
0.2665824592113495
0.6366169452667236
0.21588703989982605
0.47394904494285583
0.52433842420578
0.4995209872722626
0.5480077266693115
0.5851020812988281
0.4500977098941803
0.3910219669342041
0.532705545425415
0.5921435356140137
0.45411089062690735
0.5710415840148926
0.6061520576477051
0.4112970530986786
0.5395920872688293
0.13562284409999847
0.5978624820709229
0.3059701919555664
0.6345376968383789
0.5395071506500244
0.3716799020767212
0.5751760601997375
0.3952168822288513
0.39198896288871765
0.6127912998199463
0.5864163637161255
0.21854142844676971
0.49018415808677673
0.5351228713989258
0.4793725609779358
0.44581177830696106
0.41095250844955444
0.5052688121795654
0.49414634704589844
0.5194400548934937
0.03033434972167015
0.5252889394760132
0.506659746170044
0.5095235109329224
0.5766001343727112
0.40065160393714905
0.42253848910331726
0.625860333442688
0.45615217089653015
0.31032079458236694
0.016560927033424377
0.3531019389629364
0.5397149324417114
0.48716920614242554
0.697805643081665
0.5987483263015747
0.4367953836917877
0.2058647871017456
0.5182978510856628
0.5612368583679199
0.5283095836639404
0.27861109375953674
0.5784806609153748
0.5032882690429688
0.11598873138427734
0.31729573011398315
0.5444918870925903
0.4279903173446655
0.5119785070419312
0.5559215545654297
0.570541262626648
0.24494624137878418
0.22875156998634338
0.35508087277412415
0.20509973168373108
0.464883953332901
0.604081392288208
0.3950195014476776
0.38014721870422363
0.3967372477054596
0.5076970458030701
0.6491332054138184
0.30525243282318115
0.4991011321544647
0.4574987590312958
0.5718883872032166
0.32465100288391113
0.4193017780780792
0.672368049621582
0.5189695358276367
0.5989722013473511
0.6364113092422485
0.43662258982658386
0.5509032011032104
0.5375442504882812
0.5052516460418701
0.5646110773086548
0.3492385447025299
0.4947381317615509
0.39487770199775696
0.47977086901664734
0.33289146423339844
0.48310157656669617
0.6021289825439453
0.3790223002433777
0.039994750171899796
0.36099669337272644
0.5573285818099976
0.45636746287345886
0.49690935015678406
0.20457640290260315
0.37518373131752014
0.47401222586631775
0.4838395118713379
0.14166836440563202
0.5010515451431274
0.48905786871910095
0.1604343056678772
0.5076476335525513
0.20768465101718903
0.5278148055076599
0.28794121742248535
0.11863160133361816
0.47584500908851624
0.545708179473877
0.3516312837600708
0.11009702831506729
0.5847271680831909
0.5750482082366943
0.6949855089187622
0.41496577858924866
0.5151300430297852
0.5934406518936157
0.5571281909942627
0.14923954010009766
0.527509868144989
0.5061718225479126
0.5528168678283691
0.4625931978225708
0.6047629117965698
0.36924615502357483
0.49691975116729736
0.5514875650405884
0.5171007513999939
0.5836279392242432
0.6162334680557251
0.5698715448379517
0.506450891494751
0.6190059185028076
0.3734804689884186
0.1745503842830658
0.43096423149108887
0.5380860567092896
0.18716034293174744
0.07851502299308777
0.575060248374939
0.33301547169685364
0.38647112250328064
0.3557204306125641
0.1643737256526947
0.3519146144390106
0.3905075490474701
0.6222891807556152
0.6150766611099243
0.6864571571350098
0.41013434529304504
0.5259438753128052
0.2700265049934387
0.49848151206970215
0.43508920073509216
0.608696460723877
0.6126241683959961
0.5755511522293091
0.5516875982284546
0.45209816098213196
0.3641752600669861
0.10965976119041443
0.09044036269187927
0.3341904878616333
0.3203493356704712
0.41722211241722107
0.35128363966941833
0.36763501167297363
0.22315417230129242
0.16489170491695404
0.0961231142282486
0.453348845243454
0.23558463156223297
0.048245619982481
0.11340994387865067
0.7053128480911255
0.33914315700531006
0.38374727964401245
0.04242563247680664
0.4591684639453888
0.61598801612854
0.581695020198822
0.4906923174858093
0.3219161331653595
0.04928198084235191
0.4138338267803192
0.5094397664070129
0.5096256732940674
0.33702513575553894
0.6200275421142578
0.44740429520606995
0.4343591630458832
0.487822562456131
0.6193304061889648
0.5579735636711121
0.6106216907501221
0.5873466730117798
0.6083459854125977
0.1261134147644043
0.3077087998390198
0.09648209065198898
0.5890817642211914
0.28382739424705505
0.5806259512901306
0.6166255474090576
0.2467237412929535
0.6096440553665161
0.673831582069397
0.5237724781036377
0.39809098839759827
0.6923929452896118
0.4243060052394867
0.494015634059906
0.4302629828453064
0.5259738564491272
0.39656391739845276
0.5795578956604004
0.49317726492881775
0.26626676321029663
0.6274515390396118
0.56056809425354
0.4592258334159851
0.5227301120758057
0.36245307326316833
0.5633561015129089
0.3968559503555298
0.34203559160232544
0.07729756832122803
0.4079815149307251
0.07467789947986603
0.5897103548049927
0.48398739099502563
0.4225746691226959
0.5903627872467041
0.5751571655273438
0.5627387762069702
0.6279878616333008
0.4417663514614105
0.5238600969314575
0.6156384944915771
0.3332501947879791
0.4295231103897095
0.46584823727607727
0.2087002694606781
0.5156601667404175
0.09839436411857605
0.03754004091024399
0.6732228994369507
0.35688015818595886
0.5774291753768921
0.5012353658676147
0.5965518951416016
0.35555359721183777
0.4222300052642822
0.26900485157966614
0.5700705051422119
0.32967105507850647
0.3579975962638855
0.21789422631263733
0.3492763340473175
0.13675479590892792
0.4180000126361847
0.5595860481262207
0.3559879958629608
0.5761852264404297
0.6375283002853394
0.4289681017398834
0.46869635581970215
0.21609348058700562
0.3999464511871338
0.2905939221382141
0.0782955065369606
0.4282969534397125
0.5681976079940796
0.30995506048202515
0.6256264448165894
0.4728333652019501
0.7150048017501831
0.2768383026123047
0.4321543872356415
0.36737021803855896
0.2764780819416046
0.5719795227050781
0.214363694190979
0.5811711549758911
0.18004970252513885
0.2288665920495987
0.3101101517677307
0.19215507805347443
0.6903228759765625
0.4167550504207611
0.5100573301315308
0.5124642848968506
0.41168221831321716
0.6061885356903076
0.49348732829093933
0.49550119042396545
0.35849735140800476
0.4725073575973511
0.24352164566516876
0.48559558391571045
0.3295380473136902
0.47493138909339905
0.6816747188568115
0.5413135886192322
0.14983618259429932
0.6001150608062744
0.16056275367736816
0.4396836459636688
0.5133486986160278
0.452411413192749
0.5072804689407349
0.25743794441223145
0.37991786003112793
0.6004190444946289
0.6301240921020508
0.22016946971416473
0.41237789392471313
0.548984944820404
0.5304449796676636
0.574417233467102
0.32267576456069946
0.4438175857067108
0.5105180740356445
0.4061069190502167
0.4095575511455536
0.2862057089805603
0.6870107650756836
0.15878771245479584
0.5665680170059204
0.0568012110888958
0.6096433401107788
0.4991941750049591
0.4961075186729431
0.6370395421981812
0.5405194759368896
0.48146572709083557
0.3577422499656677
0.04511527344584465
0.5800266265869141
0.626346230506897
0.5889195203781128
0.5869840383529663
0.25296688079833984
0.6403541564941406
0.22631660103797913
0.5932188034057617
0.4505663812160492
0.29442161321640015
0.22729599475860596
0.5664548873901367
0.15450362861156464
0.3235871195793152
0.5287545323371887
0.5395277738571167
0.17275071144104004
0.4631075859069824
0.3162004351615906
0.39816269278526306
0.4746120274066925
0.320626437664032
0.5658275485038757
0.45563748478889465
0.34495314955711365
0.7103047370910645
0.4422018826007843
0.5057095885276794
0.534390926361084
0.4060468375682831
0.19911770522594452
0.1303558051586151
0.4315221309661865
0.4489549994468689
0.4502025544643402
0.46176081895828247
0.5343688726425171
0.4681650698184967
0.36684665083885193
0.3498725891113281
0.4644984304904938
0.03409474343061447
0.38848283886909485
0.4466550350189209
0.49684223532676697
0.5321102142333984
0.6253206729888916
0.6361567974090576
0.5850095748901367
0.38682428002357483
0.025367189198732376
0.5275070667266846
0.5909267663955688
0.5514672994613647
0.10874229669570923
0.6255244016647339
0.35794150829315186
0.5436091423034668
0.5731233358383179
0.6190288066864014
0.19254712760448456
0.6755551099777222
0.403725266456604
0.4613848328590393
0.22017645835876465
0.5872987508773804
0.5080275535583496
0.49818307161331177
0.5889809131622314
0.43782687187194824
0.4955461323261261
0.26968252658843994
0.36640289425849915
0.6767306327819824
0.4342501759529114
0.1762019693851471
0.5395036935806274
0.38015303015708923
0.4681141674518585
0.15030398964881897
0.6490806341171265
0.2901874780654907
0.3902773857116699
0.5484029054641724
0.098965585231781
0.23858189582824707
0.5871264934539795
0.21049174666404724
0.46265798807144165
0.010650694370269775
0.2747712731361389
0.3255687952041626
0.4803203046321869
0.5409550666809082
0.6431137323379517
0.4335273802280426
0.5909863710403442
0.48388049006462097
0.46574118733406067
0.36822018027305603
0.23233535885810852
0.2940756678581238
0.45887982845306396
0.4273155629634857
0.48986461758613586
0.5473619103431702
0.16964277625083923
0.16734153032302856
0.369147390127182
0.4548083245754242
0.6213219165802002
0.6043376922607422
0.27772095799446106
0.5945920944213867
0.33893516659736633
0.4610946774482727
0.36976495385169983
0.6545419692993164
0.4958760738372803
0.2876965403556824
0.11916407942771912
0.40390995144844055
0.34244051575660706
0.514374852180481
0.5193970203399658
0.787168025970459
0.48447003960609436
0.3491903245449066
0.3152393400669098
0.5771695375442505
0.24794761836528778
0.4232020080089569
0.6752315759658813
0.5318628549575806
0.5319664478302002
0.26535212993621826
0.40364617109298706
0.5209583044052124
0.36036285758018494
0.6423248052597046
0.4764940142631531
0.5195180177688599
0.4151090085506439
0.35662373900413513
0.47117626667022705
0.5847244262695312
0.5031172037124634
0.6635235548019409
0.5537865161895752
0.5852698087692261
0.6844367980957031
0.6692836284637451
0.5756264925003052
0.5958173274993896
0.3568480312824249
0.5153981447219849
0.6242562532424927
0.6132043600082397
0.29532936215400696
0.625657320022583
0.6312894821166992
0.6491124629974365
0.23264965415000916
0.016403645277023315
0.533445417881012
0.5642293691635132
0.27298492193222046
0.7145477533340454
0.3564525544643402
0.6110227108001709
0.61607825756073
0.17864590883255005
0.37306126952171326
0.28852689266204834
0.6663367748260498
0.5688725709915161
0.6971181631088257
0.6085582971572876
0.509731650352478
0.3873409926891327
0.6461381912231445
0.4337172210216522
0.151558980345726
0.5892729759216309
0.14817650616168976
0.06806443631649017
0.6177773475646973
0.4015685021877289
0.5407060384750366
0.49572786688804626
0.6427448987960815
0.29606133699417114
0.24747228622436523
0.7006362676620483
0.48345255851745605
0.32100313901901245
0.44576019048690796
0.24104687571525574
0.4556562602519989
0.3536420166492462
0.4758567214012146
0.6323959827423096
0.5323585271835327
0.4293545186519623
0.21426790952682495
0.5718990564346313
0.5659481287002563
0.40184494853019714
0.19418549537658691
0.33336150646209717
0.7340760231018066
0.2151833325624466
0.5690100193023682
0.3703300654888153
0.6116856336593628
0.4759146273136139
0.6600265502929688
0.6519904136657715
0.418974906206131
0.5475603938102722
0.4297632873058319
0.29744791984558105
0.30868053436279297
0.583060622215271
0.10408644378185272
0.3027248680591583
0.6135426759719849
0.547761082649231
0.5322830677032471
0.38058221340179443
0.2952579855918884
0.5067522525787354
0.5873165130615234
0.4347844421863556
0.292874813079834
0.5294773578643799
0.4555921256542206
0.3409956991672516
0.10239724814891815
0.49667423963546753
0.28537437319755554
0.5995705127716064
0.5228940844535828
0.2482895851135254
0.6063282489776611
0.3926492929458618
0.4125930070877075
0.4703831374645233
0.44510892033576965
0.13262221217155457
0.5432143211364746
0.10582314431667328
0.5926235914230347
0.5849939584732056
0.26167061924934387
0.5622141361236572
0.3545999825000763
0.29841452836990356
0.2620586156845093
0.4064296782016754
0.40058794617652893
0.15195925533771515
0.5978256464004517
0.2682560086250305
0.47226059436798096
0.6156741380691528
0.2697843909263611
0.49393579363822937
0.43899157643318176
0.19994738698005676
0.4955027401447296
0.2791697680950165
0.3872886896133423
0.5911355018615723
0.5152022242546082
0.442881315946579
0.5380184650421143
0.3715009093284607
0.4028991758823395
0.13942080736160278
0.0007250607013702393
0.5006140470504761
0.21900200843811035
0.49013999104499817
0.4695464074611664
0.43515774607658386
0.19004473090171814
0.4803641736507416
0.403489351272583
0.5118841528892517
0.15791770815849304
0.41166213154792786
0.4361667037010193
0.5131530165672302
0.538421094417572
0.28339242935180664
0.5119564533233643
0.5836689472198486
0.3007904291152954
0.46136802434921265
0.16046398878097534
0.132554292678833
0.24069523811340332
0.22304390370845795
0.5782448053359985
0.409047394990921
0.5867617130279541
0.44808945059776306
0.2352575808763504
0.030491914600133896
0.4419192969799042
0.4492682218551636
0.23221692442893982
0.48317572474479675
0.207315132021904
0.40090277791023254
0.23713861405849457
0.4436538517475128
0.22319084405899048
0.1251264214515686
0.4096706807613373
0.5546679496765137
0.3039778470993042
0.5099015235900879
0.5273550152778625
0.5680400133132935
0.03769741952419281
0.6006582975387573
0.42944738268852234
0.2940240502357483
0.5162551403045654
0.5288295745849609
0.272856205701828
0.427006334066391
0.5947173833847046
0.44717541337013245
0.3980289399623871
0.3045879602432251
0.5711219310760498
0.5065059661865234
0.2301385998725891
0.5629467964172363
0.48856160044670105
0.5805484056472778
0.4477095305919647
0.35892346501350403
0.23823371529579163
0.546541690826416
0.4583090543746948
0.2176494002342224
0.09461687505245209
0.4406346082687378
0.3954078257083893
0.5133342742919922
0.0396609865128994
0.5464690923690796
0.05338665843009949
0.34817060828208923
0.13743790984153748
0.509602427482605
0.6239074468612671
0.5405998229980469
0.22148485481739044
0.5664296746253967
0.6404567956924438
0.5791944265365601
0.22595182061195374
0.6054803133010864
0.526713490486145
0.5050128698348999
0.22708362340927124
0.598793625831604
0.11718419194221497
0.5316671133041382
0.26861274242401123
0.462807834148407
0.6044371128082275
0.23685060441493988
0.5699418783187866
0.5432878732681274
0.34669044613838196
0.0962725579738617
0.31841909885406494
0.5216571092605591
0.21819210052490234
0.4965798556804657
0.45312944054603577
0.08997473120689392
0.4843733012676239
0.5012792348861694
0.5821361541748047
0.36801859736442566
0.23248521983623505
0.2634943723678589
0.4364248216152191
0.5217813849449158
0.41277042031288147
0.24973388016223907
0.22162868082523346
0.5753443837165833
0.613492488861084
0.483493447303772
0.18679441511631012
0.36665284633636475
0.20876091718673706
0.4587724506855011
-0.01387302577495575
0.31897202134132385
0.2967630624771118
0.5606318712234497
0.30197176337242126
0.3829377591609955
0.1870189756155014
0.44658342003822327
0.2918028235435486
0.6150001287460327
0.5771971940994263
0.1834314465522766
0.5038583278656006
0.5389517545700073
0.41699668765068054
0.42836105823516846
0.4809291660785675
0.19346892833709717
0.5416206121444702
0.14600294828414917
0.17540130019187927
0.4079147279262543
0.37517276406288147
0.4185594320297241
0.47114941477775574
0.4009847044944763
0.15515291690826416
0.15589456260204315
0.5987980365753174
0.3998139202594757
0.14203107357025146
0.03355839475989342
0.5769639015197754
0.32523804903030396
0.4073708653450012
0.6009914875030518
0.10663551837205887
0.444831520318985
0.08938971161842346
0.32152941823005676
0.472262978553772
0.30072858929634094
0.2650828957557678
0.4914488196372986
0.27278268337249756
0.343414306640625
0.6693786382675171
0.5805034637451172
0.3489231765270233
0.6411583423614502
0.2588210105895996
0.3905923664569855
0.6327085494995117
0.5769126415252686
0.3161030113697052
0.1940019279718399
0.4163998067378998
0.5189335346221924
0.15239115059375763
0.3093108534812927
0.11671944707632065
0.35491475462913513
0.649911642074585
0.5360704064369202
0.14970973134040833
0.474547415971756
0.16163188219070435
0.5734622478485107
0.17101694643497467
0.4631889760494232
0.35410407185554504
0.6425601243972778
0.6386786699295044
0.43485620617866516
0.5202463865280151
0.5529458522796631
0.5922210216522217
0.5070197582244873
0.334818571805954
0.15480123460292816
0.6121566295623779
0.1807120144367218
0.5697172284126282
0.5247292518615723
0.5127924680709839
0.2925882637500763
0.2747315764427185
0.6175442934036255
0.333456814289093
0.6108839511871338
0.2648163437843323
0.5460383892059326
0.6163289546966553
0.4969453811645508
0.524551272392273
0.1625300943851471
0.5480024218559265
0.3220857083797455
0.4870472550392151
0.3987639248371124
0.38993752002716064
0.39319908618927
0.549627423286438
0.17166754603385925
0.23069053888320923
0.25213974714279175
0.3767038881778717
0.30981841683387756
0.41401180624961853
0.44646239280700684
0.1983516663312912
0.4005891978740692
0.4882897138595581
0.36351636052131653
0.24938097596168518
0.4642687141895294
0.3472606837749481
0.6051334142684937
0.5854650735855103
0.24112722277641296
0.49575474858283997
0.6505159139633179
0.5560961365699768
0.412363201379776
0.2944379150867462
0.29331180453300476
0.12042615562677383
0.03292617201805115
0.7121469974517822
0.4601229429244995
0.44734346866607666
0.4629277288913727
0.5725029706954956
0.330190509557724
0.36762064695358276
0.7439148426055908
0.3958439230918884
0.22036828100681305
0.48451200127601624
0.44323548674583435
0.5398834347724915
0.23759204149246216
0.08052492141723633
0.331723690032959
0.5071781277656555
0.26653510332107544
0.6961138248443604
0.292414128780365
0.29318368434906006
0.5219643115997314
0.4833908677101135
0.4203263521194458
0.3203375041484833
0.5865590572357178
0.4392026960849762
0.42739027738571167
0.3213931620121002
0.4167110323905945
0.5458421111106873
0.45333030819892883
0.2938068211078644
0.4108003079891205
0.3939579725265503
0.08106735348701477
0.3678027093410492
0.3423590660095215
0.6252529621124268
0.4589838683605194
0.28590095043182373
0.5369387865066528
0.6172217130661011
0.6327089071273804
0.5133471488952637
0.5782918930053711
0.16788756847381592
0.6006242036819458
0.5539896488189697
0.18282504379749298
0.30939167737960815
0.6010500192642212
0.2376023828983307
0.6311365365982056
0.42807579040527344
0.5391861796379089
0.5189484357833862
0.19302557408809662
0.2276412546634674
0.5353214740753174
0.01716563105583191
0.39090028405189514
0.4255248010158539
0.221750408411026
0.2853161096572876
0.5702946186065674
0.41318923234939575
0.3695305585861206
0.32232746481895447
0.644133448600769
0.4656906723976135
0.3896256983280182
0.5377771854400635
0.3629583418369293
0.44997668266296387
0.6605674028396606
0.3350720703601837
0.46230876445770264
0.5957702398300171
0.43530622124671936
0.29569318890571594
0.3778219521045685
0.5565485954284668
0.4861055910587311
0.24557024240493774
0.5007622241973877
0.5238202810287476
0.4985586106777191
0.6653656959533691
0.3805144429206848
0.618830680847168
0.5490951538085938
0.10152125358581543
0.40266475081443787
0.5912688970565796
0.4675860106945038
0.5590972900390625
0.3198593854904175
0.7122262716293335
0.24135497212409973
0.647529125213623
0.05787795037031174
0.5881767272949219
0.4898250997066498
0.5062882900238037
0.5277078151702881
0.5971708297729492
0.5136337280273438
0.6113889217376709
0.3552986681461334
0.4443429410457611
0.6964467763900757
0.43881121277809143
0.5617138147354126
0.32587605714797974
0.5659118890762329
0.36771437525749207
0.2872324287891388
0.2608090341091156
0.37129899859428406
0.3720644414424896
0.4267677366733551
0.44985613226890564
0.5296245813369751
0.4081438481807709
0.5428133010864258
0.020590975880622864
0.1552385687828064
0.5712577104568481
0.5740915536880493
0.5871566534042358
0.10828164219856262
0.5593059062957764
0.08110710233449936
0.2604440748691559
0.35783320665359497
0.5481529235839844
0.5425435304641724
0.38455280661582947
0.5755599141120911
0.5863698720932007
0.46527934074401855
0.5428547859191895
0.26746830344200134
0.2921202480792999
0.5978600978851318
0.7225970029830933
0.5821866393089294
0.22494924068450928
0.5435028076171875
0.39499959349632263
0.18584033846855164
0.17925234138965607
0.3914555609226227
0.30433380603790283
0.35200121998786926
0.49745503067970276
0.547344446182251
0.5393320322036743
0.18635159730911255
0.48931050300598145
0.3579074442386627
0.3632304072380066
0.2755691409111023
0.31621259450912476
0.2490958869457245
0.6523557901382446
0.3353535830974579
0.5280167460441589
0.4330997169017792
0.6258375644683838
0.6330858469009399
0.4423846900463104
0.22983933985233307
0.46372678875923157
0.38852497935295105
0.607435941696167
0.6279622316360474
0.5123275518417358
0.3322860598564148
0.3030461072921753
0.36685678362846375
0.3858986794948578
0.055231593549251556
0.3838721811771393
0.525860071182251
0.5743767023086548
0.514999508857727
0.300584077835083
0.3790642321109772
0.45547717809677124
0.22874245047569275
0.40068063139915466
0.6170581579208374
0.44501984119415283
0.3250846266746521
0.5518852472305298
0.4287520945072174
0.6333975791931152
0.5137701034545898
0.5074152946472168
0.7586163282394409
0.15713857114315033
0.5188199281692505
0.4418388307094574
0.5214865207672119
0.3645837604999542
0.41081222891807556
0.5974186658859253
0.5312609672546387
0.6073240041732788
0.596348762512207
0.03257054090499878
0.379646360874176
0.5893703699111938
0.27537524700164795
0.35774147510528564
0.5774271488189697
0.5497555732727051
0.08211396634578705
0.421380877494812
0.44420403242111206
0.25019219517707825
0.5996048450469971
0.09667869657278061
0.14966179430484772
0.31807786226272583
0.4572177231311798
0.5495926141738892
0.22672519087791443
0.395193487405777
0.34937137365341187
0.32281798124313354
0.6950722932815552
0.6398353576660156
0.22296620905399323
0.6140106916427612
0.37699195742607117
0.43709737062454224
0.23743361234664917
0.13201630115509033
0.6183171272277832
0.28171512484550476
0.6838474273681641
0.7272939682006836
0.4231905937194824
0.27371853590011597
0.5601192116737366
0.3729660212993622
0.19883942604064941
0.6174815893173218
0.46519696712493896
0.21726641058921814
0.25063803791999817
0.5153405666351318
0.5470225811004639
0.03963624686002731
0.39446738362312317
0.18671423196792603
0.5247868895530701
0.3716079294681549
0.31420400738716125
0.36919504404067993
0.18309834599494934
0.06780769675970078
0.09213199466466904
0.46703577041625977
0.1999308168888092
0.2623935639858246
0.5331563949584961
0.5768722295761108
0.5319685935974121
0.2016817182302475
0.1770903468132019
0.19895431399345398
0.4871150553226471
0.6893893480300903
0.449824720621109
0.25793910026550293
0.4200322926044464
0.031659457832574844
0.3849533498287201
0.41713419556617737
0.1446211189031601
0.5525687336921692
0.45784154534339905
0.4313497245311737
0.29567429423332214
0.5254491567611694
0.4168866276741028
0.5155133008956909
0.44459912180900574
0.5857288837432861
0.3704843819141388
0.3903738558292389
0.31493130326271057
0.664587140083313
0.6265240907669067
0.48289820551872253
0.48080870509147644
0.02038787305355072
0.12251387536525726
0.47359687089920044
0.5431286692619324
0.5567070245742798
0.5286931991577148
0.3965083956718445
0.4172849953174591
0.5611766576766968
0.6303086280822754
0.49516093730926514
0.5673892498016357
0.47155317664146423
0.25203728675842285
0.5576239228248596
0.46137580275535583
0.3309973180294037
0.5809317231178284
0.4819314479827881
0.43534910678863525
0.3647017776966095
0.5596293807029724
0.35786280035972595
0.6560914516448975
0.2763352394104004
0.6322193145751953
0.6822574138641357
0.5714662075042725
0.5846580266952515
0.5304646492004395
0.24663013219833374
0.4521905481815338
0.4177117645740509
0.5184775590896606
0.26359543204307556
0.19522923231124878
0.5126192569732666
0.6701363325119019
0.5162647366523743
0.46892014145851135
0.6306453943252563
0.16145099699497223
0.5564624667167664
0.4827135503292084
0.39280304312705994
0.27713459730148315
0.6942112445831299
0.39684543013572693
0.4632890522480011
0.3071330189704895
0.3453669548034668
0.4657650291919708
0.2718696594238281
0.32257747650146484
0.23647712171077728
0.1847301721572876
0.5785425901412964
0.6286889314651489
0.42808297276496887
0.16957274079322815
0.6347376108169556
0.24891266226768494
0.46258309483528137
0.5808266401290894
0.3996443450450897
0.2602425813674927
0.594273567199707
0.41412630677223206
0.6054455041885376
0.1113119125366211
0.5083638429641724
0.699066162109375
0.40721985697746277
0.6213655471801758
0.5299012660980225
0.4289992153644562
0.47558149695396423
0.25351253151893616
0.4244094789028168
0.2258521467447281
0.3912825286388397
0.1738998144865036
0.4566938281059265
0.3611423075199127
0.4822665750980377
0.4869932234287262
0.5929793119430542
0.5045273303985596
0.5329277515411377
0.4597691595554352
0.3606928884983063
0.48023003339767456
0.5764204263687134
0.5351273417472839
0.5638222694396973
0.5866425037384033
0.5805045366287231
0.43727752566337585
0.23976604640483856
0.43688055872917175
0.5439789295196533
0.15256595611572266
0.45721760392189026
0.6957371234893799
0.23171338438987732
0.5781427621841431
0.6965534687042236
0.28785958886146545
0.6489037275314331
0.4830026924610138
0.4858340322971344
0.21929094195365906
0.6149252653121948
0.29801759123802185
0.4515363276004791
0.4629082977771759
0.4953543245792389
0.5356841087341309
0.24104510247707367
0.26313695311546326
0.5201061964035034
0.1972832828760147
0.6629917621612549
0.4230826199054718
0.5161354541778564
0.4998084008693695
0.3300663232803345
0.5461773872375488
0.5726274251937866
0.2563844323158264
0.2883989214897156
0.337934285402298
0.2865464985370636
0.46224159002304077
0.1950700283050537
0.6018508672714233
0.5122549533843994
0.5626933574676514
0.26636865735054016
0.6220133304595947
0.3448167145252228
0.2087552547454834
0.6281566619873047
0.5713233947753906
0.37399056553840637
0.37965935468673706
0.581999659538269
0.19657588005065918
0.18722182512283325
0.5170420408248901
0.34948140382766724
0.014425486326217651
0.6861004829406738
0.571302056312561
0.6220146417617798
0.4715123176574707
0.6094892024993896
0.1881178915500641
0.5416250228881836
0.6211165189743042
0.5016928911209106
0.33998194336891174
0.2919057607650757
0.3147781193256378
0.484049528837204
0.6517560482025146
0.5823873281478882
0.14990654587745667
0.17063318192958832
0.17953874170780182
0.4178245961666107
0.5527239441871643
0.5044188499450684
0.16642089188098907
0.6712828874588013
0.617539644241333
0.5599391460418701
0.6512494087219238
0.13533316552639008
0.2387649565935135
0.24146190285682678
0.5305485725402832
0.5809673070907593
0.4153383672237396
0.6271809339523315
0.49686965346336365
0.6892268657684326
0.21376633644104004
0.3231559991836548
0.20914463698863983
0.5278101563453674
0.2307956963777542
0.5800013542175293
0.3849792778491974
0.5195239782333374
0.31269484758377075
0.5595623254776001
0.21485888957977295
0.39415720105171204
0.46490588784217834
0.2734166085720062
0.4211369454860687
0.49685484170913696
0.5590847134590149
0.0541478767991066
0.20448294281959534
0.4999120831489563
0.5248481035232544
0.5632334351539612
0.6605068445205688
0.2776813209056854
0.5277584195137024
0.44575968384742737
0.5784860849380493
0.6649713516235352
0.5517928600311279
0.6426519155502319
0.09981539100408554
0.2627924084663391
0.5592429637908936
0.1300179362297058
0.5400575399398804
0.6100565195083618
0.7588564157485962
0.10844747722148895
0.5986325740814209
0.1612529456615448
0.5101341009140015
0.48947209119796753
0.3124963343143463
0.6267547607421875
0.3585578501224518
0.5636186599731445
0.4943859875202179
0.47316256165504456
0.5601779818534851
0.39499199390411377
0.24863988161087036
0.5604243278503418
0.5383439064025879
0.5338542461395264
0.4785337448120117
0.19691836833953857
0.21606719493865967
0.36979392170906067
0.34795406460762024
0.35101091861724854
0.4633471667766571
0.5492070317268372
0.4050092399120331
0.5714490413665771
0.2622677683830261
0.5418120622634888
0.4792887270450592
0.25701165199279785
0.3222419321537018
0.5445637702941895
0.6296831369400024
0.5313565731048584
0.5155417323112488
0.521337628364563
0.49722787737846375
0.5095123052597046
0.5971429347991943
0.281564325094223
0.13483110070228577
0.46886682510375977
0.48607173562049866
0.41052669286727905
0.30665016174316406
0.35985538363456726
0.2584603428840637
0.6441733837127686
0.19248124957084656
0.46764659881591797
0.34333905577659607
0.6400278806686401
0.271639347076416
0.5142674446105957
0.5118910074234009
0.5808417797088623
0.21053415536880493
0.5627450346946716
0.10372127592563629
0.5200538635253906
0.3727644979953766
0.2622789442539215
0.19943365454673767
0.48945245146751404
0.6322616338729858
0.42485782504081726
0.6284422874450684
0.29385906457901
0.3765648901462555
0.6069871187210083
0.0891057476401329
0.0654398649930954
0.19638516008853912
0.47419658303260803
0.3725269138813019
0.3427000045776367
0.5428811311721802
0.6028802394866943
0.42313429713249207
0.5823367834091187
0.3511369824409485
0.6960200071334839
0.458578497171402
0.3652145564556122
0.6055070161819458
0.14776644110679626
0.43178343772888184
0.426081120967865
0.36515364050865173
0.5994013547897339
0.6993712186813354
0.38117715716362
0.5524349212646484
0.1423427015542984
0.26671117544174194
0.06179220974445343
0.4992336332798004
0.09137162566184998
0.2950945496559143
0.593895673751831
0.349880576133728
0.5499775409698486
0.6021517515182495
0.07526329159736633
0.48719435930252075
0.4696856737136841
0.5737199783325195
0.3935869634151459
0.48204222321510315
0.6191830635070801
0.43278008699417114
0.2568497061729431
0.5629231929779053
0.48763152956962585
0.3351573646068573
0.5146999359130859
0.06425429880619049
0.37472638487815857
0.3415108621120453
0.6396150588989258
0.515790581703186
0.49950742721557617
0.4996117651462555
0.4802604615688324
0.30422067642211914
0.2350669503211975
0.47121402621269226
0.549597978591919
0.22122161090373993
0.42337682843208313
0.6247817277908325
0.4457704722881317
0.5801749229431152
0.3764511048793793
0.5638381242752075
0.3247967064380646
0.20361383259296417
0.4678865671157837
0.5863845348358154
0.4518650472164154
0.13871276378631592
0.6233992576599121
0.32786768674850464
0.2451907992362976
0.4110904037952423
0.41124579310417175
0.34383589029312134
0.5952243804931641
0.43822598457336426
0.6170026063919067
0.5811251401901245
0.1588047742843628
0.5385946035385132
0.21887820959091187
0.3127462863922119
0.347197562456131
0.41807428002357483
0.2598539888858795
0.40017086267471313
0.5830568075180054
0.3786395490169525
0.3537505567073822
0.6215875148773193
0.28081363439559937
0.4933426082134247
0.36002540588378906
0.5950567722320557
0.5572348833084106
0.44457682967185974
0.5633586645126343
0.17078742384910583
0.21581445634365082
0.5418441295623779
0.4680032432079315
0.4931797683238983
0.18934224545955658
0.43335530161857605
0.2522256672382355
0.34592217206954956
0.6123224496841431
0.379910409450531
0.5694624185562134
0.3543514907360077
0.15588796138763428
0.47830167412757874
0.45453885197639465
0.2926006615161896
0.26931679248809814
0.39421147108078003
0.5645920038223267
0.6138743162155151
0.6267441511154175
0.4075891971588135
0.5234375596046448
0.21088960766792297
0.334077924489975
0.5410091876983643
0.1909816861152649
0.5898314714431763
0.5646228790283203
0.5428468585014343
0.3698684275150299
0.6117465496063232
0.5964100360870361
0.13624180853366852
0.47259998321533203
0.23649947345256805
0.4056609869003296
0.1875062882900238
0.19269874691963196
0.4873484671115875
0.4336717128753662
0.5049500465393066
0.4509607255458832
0.1541035771369934
0.24910512566566467
0.4876886308193207
0.20051243901252747
0.23939260840415955
0.38348424434661865
0.26876100897789
0.25706028938293457
0.6678580045700073
0.25091391801834106
0.5150420665740967
0.4010986089706421
0.27498871088027954
0.21674375236034393
0.5038233995437622
0.36565542221069336
0.6385959386825562
0.32109832763671875
0.3829975426197052
0.12648612260818481
0.5050735473632812
0.625870943069458
0.648296594619751
0.4609549343585968
0.44994303584098816
0.5926014184951782
0.5494391918182373
0.17455121874809265
0.17875270545482635
0.246427521109581
0.1616837978363037
0.64594566822052
0.372759073972702
0.3602624833583832
0.4743388593196869
0.4775737524032593
0.5361765623092651
0.7015775442123413
0.23197923600673676
0.5885536670684814
0.5750877857208252
0.5903047323226929
0.23362629115581512
0.44557902216911316
0.46246981620788574
0.39971885085105896
0.08393873274326324
0.5130375027656555
0.5647833347320557
0.44718798995018005
0.18161992728710175
0.5470032095909119
0.3497028946876526
0.33404216170310974
0.3807360529899597
0.5054029226303101
0.4108891785144806
0.22879531979560852
0.42023539543151855
0.341426283121109
0.46979501843452454
0.5439221858978271
0.3234139084815979
0.5700246095657349
0.24309760332107544
0.4221133291721344
0.19482427835464478
0.43546614050865173
0.5652695298194885
0.47076931595802307
0.4834872782230377
0.2052919864654541
0.04899166524410248
0.24398627877235413
0.252905935049057
0.5995166301727295
0.2059900164604187
0.5590350031852722
0.3565431535243988
0.5542906522750854
0.02198495715856552
0.5014747381210327
0.5829066038131714
0.5519015192985535
0.5222100019454956
0.09656218439340591
0.3262956738471985
0.32463228702545166
0.4837212860584259
0.609174370765686
0.10458537191152573
0.2977827489376068
0.33190447092056274
0.6703108549118042
0.32016316056251526
0.18367624282836914
0.4070766866207123
0.35980162024497986
0.6516320705413818
0.22801299393177032
0.2598104476928711
0.39357948303222656
0.28673791885375977
0.18154416978359222
0.5843391418457031
0.6098735332489014
0.3926730453968048
0.1105165109038353
0.6324455738067627
0.4607696533203125
0.45877712965011597
0.49415478110313416
0.6349184513092041
0.24677874147891998
0.42168810963630676
0.12552869319915771
0.17484977841377258
0.20788788795471191
0.4916703999042511
0.5650652647018433
0.6487163305282593
0.5510457754135132
0.6319887638092041
0.5132250785827637
0.24402612447738647
0.2101476788520813
0.7139699459075928
0.35628846287727356
0.37516480684280396
0.5525505542755127
0.17760276794433594
0.28294140100479126
0.5151008367538452
0.33718371391296387
0.3330942392349243
0.14427578449249268
0.4356355667114258
0.5192332863807678
0.159407839179039
0.3960437476634979
0.47566473484039307
0.5222204923629761
0.5306137800216675
0.24636660516262054
0.5582431554794312
0.48707249760627747
0.3204560875892639
0.1934121698141098
0.3295004963874817
0.4533568322658539
0.6305835247039795
0.3970103859901428
0.6654692888259888
0.4076407849788666
0.6730471849441528
0.6007298231124878
0.19403083622455597
0.3324323296546936
0.20245850086212158
0.5371601581573486
0.5397952795028687
0.68198561668396
0.3758518397808075
0.6835324764251709
0.6374081373214722
0.1136939749121666
0.5826817750930786
0.21314816176891327
0.1828254759311676
0.445203572511673
0.4291326701641083
0.4433688223361969
0.4091150462627411
0.6828001737594604
0.33139505982398987
0.43539559841156006
0.40076586604118347
0.19363386929035187
0.5392105579376221
0.45200586318969727
0.20031467080116272
0.5107792615890503
0.5387262105941772
0.4944207966327667
0.40944305062294006
0.5760521292686462
0.2011803537607193
0.1875065267086029
0.0879906564950943
0.41163885593414307
0.6403554677963257
0.19729992747306824
0.3915032148361206
0.4154804050922394
0.6315433979034424
0.6980448961257935
0.10469996184110641
0.5634114146232605
0.5038304328918457
0.5909059047698975
0.4876757562160492
0.43606433272361755
0.37209203839302063
0.5852292776107788
0.46315500140190125
0.5928378105163574
0.5079301595687866
0.27228081226348877
0.448039174079895
0.5657458305358887
0.36248117685317993
0.4991736114025116
0.5078011751174927
0.20826107263565063
0.4491632282733917
0.37483376264572144
0.3352351486682892
0.5646215081214905
0.25853461027145386
0.22548192739486694
0.5743160247802734
0.40312036871910095
0.27128976583480835
0.5469735860824585
0.463943213224411
0.5814814567565918
0.6190253496170044
0.22212940454483032
0.565963864326477
0.4512684643268585
0.4636813700199127
0.5097122192382812
0.6254675388336182
0.43362879753112793
0.6199532747268677
0.35498955845832825
0.2045106291770935
0.546034574508667
0.44059237837791443
0.4625729024410248
0.5047906041145325
0.23245984315872192
0.4989471435546875
0.6288403272628784
0.16861528158187866
0.5013564825057983
0.5864682197570801
0.40508973598480225
0.3069247901439667
0.5052306652069092
0.5926388502120972
0.17151759564876556
0.13889409601688385
0.32531487941741943
0.21890223026275635
0.22515571117401123
0.2660253643989563
0.5079033374786377
0.49822136759757996
0.35476693511009216
0.5268881320953369
0.6131347417831421
0.547713041305542
0.4415002763271332
0.39284348487854004
0.5663425922393799
0.6084918975830078
0.24684292078018188
0.5234940648078918
0.4596357047557831
0.5183007121086121
0.15651848912239075
0.4646032154560089
0.4277476370334625
0.09980960190296173
0.14135369658470154
0.4169117212295532
0.5710667371749878
0.6895140409469604
0.5661059617996216
0.5443826913833618
0.48678627610206604
0.2593790888786316
0.4642688035964966
0.4607468843460083
0.5091954469680786
0.5527127981185913
0.5469055771827698
0.45863401889801025
0.5599050521850586
0.3102102279663086
0.43551239371299744
0.47526541352272034
0.4931875765323639
0.5703258514404297
0.5691702365875244
0.6487594842910767
0.389666348695755
0.3020741939544678
0.5334212779998779
0.5221293568611145
0.46142223477363586
0.25397753715515137
0.21974186599254608
0.16638237237930298
0.4374904930591583
0.4999026656150818
0.16163843870162964
0.4754423201084137
0.6123059988021851
0.47532662749290466
0.15810205042362213
0.43804875016212463
0.19830699265003204
0.5594052672386169
0.4408554136753082
0.12346547842025757
0.5313117504119873
0.521329939365387
0.41384100914001465
0.4793780446052551
0.38573700189590454
0.4938780963420868
0.5974010229110718
0.03482002019882202
0.44935745000839233
0.12294621765613556
0.6059538125991821
0.4002514183521271
0.607245683670044
0.3113912343978882
0.4584958851337433
0.06323312222957611
0.2872292995452881
0.2562864422798157
0.33979225158691406
0.2659696042537689
0.3475811779499054
0.5493369102478027
0.5682933330535889
0.48271873593330383
0.5485254526138306
0.38209155201911926
0.5151737928390503
0.19176895916461945
0.6633733510971069
0.4065535366535187
0.571108341217041
0.42789426445961
0.3605329692363739
0.3511061668395996
0.40730467438697815
0.5106223821640015
0.4844296872615814
0.2783556878566742
0.3184032440185547
0.19646750390529633
0.5211579203605652
0.5010223388671875
0.3221700191497803
0.11086329072713852
0.3971796929836273
0.3855859637260437
0.4906992018222809
0.300113320350647
0.3560516834259033
0.1998276561498642
0.40216943621635437
0.20023778080940247
0.42889586091041565
0.49865779280662537
0.4543851912021637
0.5185091495513916
0.4789585471153259
0.672677755355835
0.5974551439285278
0.1910128891468048
0.40544527769088745
0.2841465473175049
0.19576434791088104
0.23088033497333527
0.6740454435348511
0.4788394570350647
0.1990114003419876
0.5195865631103516
0.5746382474899292
0.6101922988891602
0.6153948307037354
0.2697359323501587
0.3024898171424866
0.3612286448478699
0.5848702192306519
0.4953489601612091
0.11661669611930847
0.31892430782318115
0.5578780174255371
0.5796147584915161
0.32742059230804443
0.5221565961837769
0.35033050179481506
0.26463741064071655
0.2420520782470703
0.25712746381759644
0.24564555287361145
0.2683093249797821
0.6036529541015625
0.12726068496704102
0.3061237335205078
0.3406403958797455
0.36073997616767883
0.331348180770874
0.2694869637489319
0.58977210521698
0.4583252966403961
0.6082897186279297
0.5664339661598206
0.5529158115386963
0.1317632496356964
0.5584638118743896
0.31693482398986816
0.14503106474876404
0.5075844526290894
0.38468244671821594
0.4732917249202728
0.34525272250175476
0.4815218150615692
0.35949569940567017
0.44908761978149414
0.4825238883495331
0.4665908217430115
0.4764963686466217
0.5974829196929932
0.22953109443187714
0.4042823612689972
0.603649377822876
0.3394325077533722
0.5806221961975098
0.559922456741333
0.6235407590866089
0.30400699377059937
0.5921288728713989
0.6511681079864502
0.14359183609485626
0.5340914726257324
0.20242825150489807
0.2955111861228943
0.36137694120407104
0.3390008509159088
0.293580025434494
0.5343551635742188
0.2301226109266281
0.6124682426452637
0.46407967805862427
0.5745178461074829
0.27561014890670776
0.20748567581176758
0.6006529331207275
0.6197834014892578
0.676896333694458
0.7319473028182983
0.3814845681190491
0.5841543674468994
0.3584555983543396
0.43810635805130005
0.531933069229126
0.47767719626426697
0.1289130449295044
0.38670244812965393
0.13102997839450836
0.366486519575119
0.7123135328292847
0.6184004545211792
0.732140064239502
0.56105637550354
0.2769424617290497
0.36909928917884827
0.5523008108139038
0.5718581676483154
0.5111498832702637
0.5767046213150024
0.5192790031433105
0.27123039960861206
0.5280889272689819
0.28251737356185913
0.2977493107318878
0.628726601600647
0.2601322531700134
0.49524131417274475
0.23793230950832367
0.6022974252700806
0.5468248128890991
0.48833850026130676
0.5067729949951172
0.41162109375
0.23803715407848358
0.13366557657718658
0.5082731246948242
0.6168789863586426
0.6246483325958252
0.3836834132671356
0.3350716829299927
0.41561171412467957
0.6224327087402344
0.5066794157028198
0.4878990948200226
0.3927055299282074
0.5665236711502075
0.47526514530181885
0.45027956366539
0.383929580450058
0.4711645245552063
0.4243466258049011
0.38915276527404785
0.37073081731796265
0.608368992805481
0.6020610332489014
0.29568347334861755
0.5172262191772461
0.5543641448020935
0.1959933340549469
0.6157786846160889
0.5483187437057495
0.5765067338943481
0.42543140053749084
0.2997817397117615
0.6184861660003662
0.037275709211826324
0.17126762866973877
0.4785754978656769
0.5909686088562012
0.09449810534715652
0.24898473918437958
0.5334668159484863
0.7422564029693604
0.21722248196601868
0.6077321767807007
0.3150532841682434
0.28640231490135193
0.6525319814682007
0.5181611776351929
0.4293403923511505
0.15317167341709137
0.4313758611679077
0.17419520020484924
0.392854243516922
0.5078185796737671
0.41542312502861023
0.593142032623291
0.509617805480957
0.2632831931114197
0.26764291524887085
0.3363696038722992
0.22048404812812805
0.658896803855896
0.5956151485443115
0.4944477081298828
0.3302413821220398
0.20861491560935974
0.6056355237960815
0.18450003862380981
0.34392547607421875
0.6561793088912964
0.3041863739490509
0.5595877170562744
0.5476343631744385
0.5070841312408447
0.3932916224002838
0.22429974377155304
0.6360478401184082
0.4078122079372406
0.41460368037223816
0.4840962588787079
0.5885202884674072
0.35699334740638733
0.42245930433273315
0.479933500289917
0.5199716091156006
0.554450273513794
0.5414260625839233
0.2787087559700012
0.3257918953895569
0.36088162660598755
0.6507444381713867
0.3041267395019531
0.24374154210090637
0.4766303598880768
0.5589386224746704
0.27018964290618896
0.27408140897750854
0.4537200927734375
0.33702149987220764
0.4614630937576294
0.5618038177490234
0.5062294602394104
0.3126031160354614
0.2346310019493103
0.6475021839141846
0.3137221038341522
0.5869429111480713
0.46296730637550354
0.6385762691497803
0.3798818588256836
0.24034638702869415
0.5515804290771484
0.4376467168331146
0.06569919735193253
0.46087536215782166
0.19602885842323303
0.609788179397583
0.4079083502292633
0.6199772357940674
0.4598860442638397
0.16538923978805542
0.03905348479747772
0.6587060689926147
0.5900866985321045
0.6426877975463867
0.5298917293548584
0.21865634620189667
0.6412268877029419
0.6292637586593628
0.21825647354125977
0.4487079679965973
0.26701968908309937
0.24296413362026215
0.08987914770841599
0.44145330786705017
0.6159991025924683
0.6024291515350342
0.524345338344574
0.5754055976867676
0.25913330912590027
0.48211905360221863
0.2685369849205017
0.6073646545410156
0.23519940674304962
0.19845882058143616
0.5629301071166992
0.47314897179603577
0.4645024240016937
0.3407137095928192
0.39317476749420166
0.3726448118686676
0.580270528793335
0.43333473801612854
0.6335272789001465
0.5771522521972656
0.4800180494785309
0.40773120522499084
0.5481622219085693
0.5302773714065552
0.6361260414123535
0.5641610622406006
0.4872921109199524
0.4945283532142639
0.6498831510543823
0.5899585485458374
0.4090445637702942
0.48330506682395935
0.3437131345272064
0.24803201854228973
0.6748812198638916
0.17642955482006073
0.2147044688463211
0.4998888671398163
0.538187563419342
0.17279867827892303
0.23027154803276062
0.5630686283111572
0.40040677785873413
0.638496994972229
0.3274584710597992
0.5569965839385986
0.31024473905563354
0.5380196571350098
0.372346431016922
0.3957667648792267
0.5306127071380615
0.6278456449508667
0.267158180475235
0.5360386371612549
0.5626945495605469
0.496832937002182
0.300156831741333
0.4291386306285858
0.26868247985839844
0.4140026271343231
0.10348539799451828
0.6283683776855469
0.22901375591754913
0.24179142713546753
0.11104981601238251
0.4428674280643463
0.30752646923065186
0.19087712466716766
0.5555529594421387
0.50835120677948
0.5075172185897827
0.5126041769981384
0.31091782450675964
0.5430132150650024
0.45197007060050964
0.4885968863964081
0.3948795795440674
0.18530581891536713
0.5423401594161987
0.4442277252674103
0.32752031087875366
0.6416852474212646
0.32313042879104614
0.47813040018081665
0.3693476617336273
0.13549357652664185
0.4685892164707184
0.6259585618972778
0.645654559135437
0.2743779420852661
0.47649654746055603
0.03150621056556702
0.6266448497772217
0.4447937607765198
0.53875732421875
0.5367276668548584
0.38143858313560486
0.5730040073394775
0.5791652202606201
0.2849174439907074
0.5420169830322266
0.5197339057922363
0.624259352684021
0.1342199146747589
0.5177217721939087
0.46889063715934753
0.19178566336631775
0.2250572144985199
0.43729689717292786
0.5122410655021667
0.5753430128097534
0.3506697416305542
0.27444446086883545
0.4449369013309479
0.3607441782951355
0.5708752870559692
0.4643348455429077
0.6527563333511353
0.38680604100227356
0.3486314117908478
0.21390967071056366
0.5434589982032776
0.4941922426223755
0.1929122805595398
0.3699568212032318
0.6231144666671753
0.1952843964099884
0.5464041233062744
0.10587989538908005
0.3736230432987213
0.525596022605896
0.26674020290374756
0.30825287103652954
0.4904158115386963
0.3335627615451813
0.4269504249095917
0.39896222949028015
0.5154416561126709
0.5558938384056091
0.33538076281547546
0.06854142993688583
0.5770593881607056
0.2320142686367035
0.5715197324752808
0.13446073234081268
0.5974318981170654
0.4574403166770935
0.5075136423110962
0.41351136565208435
0.32515478134155273
0.18637889623641968
0.518042802810669
0.5216551423072815
0.08503266423940659
0.45564138889312744
0.5615439414978027
0.16198116540908813
0.2507867217063904
0.45530346035957336
0.48339128494262695
0.39331918954849243
0.39668887853622437
0.2945249080657959
0.4267800450325012
0.5686345100402832
0.11578337103128433
0.4287552237510681
0.20730555057525635
0.5279271602630615
0.5638546943664551
0.526975154876709
0.4385146200656891
0.25634434819221497
0.5036920309066772
0.5423450469970703
0.33578190207481384
0.23867350816726685
0.49066591262817383
0.24041499197483063
0.11472432315349579
0.6216846704483032
0.6342666149139404
0.2268284559249878
0.3747803270816803
0.5950078964233398
0.5228825211524963
0.602542519569397
0.18631191551685333
0.5591676831245422
0.5439188480377197
0.524245023727417
0.5585946440696716
0.5774612426757812
0.31832948327064514
0.642886757850647
0.14534133672714233
0.5466233491897583
0.5670857429504395
0.41138947010040283
0.5297574996948242
0.01802581548690796
0.0919836014509201
0.6386430263519287
0.27051228284835815
0.3790972828865051
0.5769330263137817
0.4658980965614319
0.2923857867717743
0.4975605905056
0.29532861709594727
0.5597068071365356
0.4507960379123688
0.41638585925102234
0.43826547265052795
0.44468721747398376
0.604506254196167
0.12878379225730896
0.6218321323394775
0.321702241897583
0.3822857439517975
0.06160919368267059
0.3782091736793518
0.5054633617401123
0.24303019046783447
0.19661986827850342
0.3022628426551819
0.2782769203186035
0.6560533046722412
0.4781769812107086
0.33961185812950134
0.3887440860271454
0.5385701656341553
0.34748491644859314
0.3907798230648041
0.431856244802475
0.542807936668396
0.2311360388994217
0.5721454620361328
0.6298773288726807
0.12995557487010956
0.04416736215353012
0.4751826226711273
0.5475351810455322
0.5190435647964478
0.23399971425533295
0.5515375137329102
0.49729251861572266
0.42389819025993347
0.328574001789093
0.45791155099868774
0.6194525957107544
0.4955200254917145
0.24951183795928955
0.17165666818618774
0.323905885219574
0.3660663664340973
0.06835678964853287
0.6524345874786377
0.17488746345043182
0.5992851257324219
0.10695628821849823
0.605751633644104
0.42228999733924866
0.23199015855789185
0.25848373770713806
0.588282585144043
0.4574616253376007
0.28098398447036743
0.20690907537937164
0.45505210757255554
0.5761851668357849
0.551912784576416
-0.016328468918800354
0.23001231253147125
0.23340794444084167
0.5986685752868652
0.36152032017707825
0.25635331869125366
0.32623013854026794
0.3133910596370697
0.4608214497566223
0.3393577039241791
0.10657724738121033
0.3809075951576233
0.5686043500900269
0.4217875301837921
0.2836417853832245
0.401782363653183
0.5917856693267822
0.4120868742465973
0.41187313199043274
0.5837768912315369
0.5877960920333862
0.41727378964424133
0.4310193359851837
0.6289794445037842
0.6089403629302979
0.3985871970653534
0.3648463189601898
0.6300886869430542
0.4453539550304413
0.5019553899765015
0.45418402552604675
0.21889138221740723
0.15491800010204315
0.16620495915412903
0.5067489147186279
0.5697031021118164
0.3352590799331665
0.544815182685852
0.26405051350593567
0.568774938583374
0.11130417883396149
0.12567377090454102
0.5225352048873901
0.3009094297885895
0.41480207443237305
0.2769404649734497
0.6691814661026001
0.5646659731864929
0.4070195257663727
0.03991522639989853
0.41195616126060486
0.4108392894268036
0.6449284553527832
0.03953568637371063
0.5656932592391968
0.5164499282836914
0.188177689909935
0.5384619235992432
0.3506995439529419
0.25113600492477417
0.4620608985424042
0.585128664970398
0.580034613609314
0.42554399371147156
0.5754941701889038
0.2580064535140991
0.4621398150920868
0.47791722416877747
0.43589529395103455
0.22212666273117065
0.536594569683075
0.15108047425746918
0.4242858588695526
0.4848172068595886
0.41360267996788025
0.5128508806228638
0.5262844562530518
0.26594647765159607
0.20087213814258575
0.5156840085983276
0.39486780762672424
0.14544321596622467
0.3609444200992584
0.4494599997997284
0.5578012466430664
0.48865535855293274
0.15619003772735596
0.5585384964942932
0.5493161678314209
0.2031041979789734
0.664004921913147
0.6413558721542358
-0.015559881925582886
0.5392311811447144
0.3403240144252777
0.26256340742111206
0.7119171619415283
0.4524403214454651
0.5862478017807007
0.03296029567718506
0.3919406533241272
0.5289359092712402
0.48373177647590637
0.5511167645454407
0.6796283721923828
0.3860376179218292
0.49496278166770935
0.43530917167663574
0.5387794375419617
0.619533896446228
0.6731287240982056
0.37143474817276
0.5988404750823975
0.5552566647529602
0.06196126341819763
0.5287420749664307
0.189254492521286
0.5418394804000854
0.4191112816333771
0.523343563079834
0.4134153127670288
0.5310059785842896
0.5062336921691895
0.586578369140625
0.11707724630832672
0.2944605350494385
0.4703998565673828
0.18930713832378387
0.4936322867870331
0.43685996532440186
0.3927074074745178
0.4304151237010956
0.4949077069759369
0.5782842636108398
0.5061352252960205
0.39100709557533264
0.4052595794200897
0.4351794421672821
0.5013474225997925
0.4042717516422272
0.3607701361179352
0.6044449806213379
0.5756599307060242
0.3670991063117981
0.6627585887908936
0.4531148076057434
0.45944586396217346
0.5064438581466675
0.5151234865188599
0.5891261100769043
0.46634846925735474
0.13000920414924622
0.6082606315612793
0.28195542097091675
0.5836867094039917
0.5831969380378723
0.29900461435317993
0.4239442050457001
0.4555932283401489
0.592331051826477
0.5406383275985718
0.3078043460845947
0.6635134220123291
0.6026195287704468
0.18614104390144348
0.3396720588207245
0.2547176480293274
0.30571791529655457
0.37344852089881897
0.4350970685482025
0.4634808599948883
0.5287185907363892
0.08369490504264832
0.5608469247817993
0.5734292268753052
0.6018564701080322
0.4331643879413605
0.3333631753921509
0.20905636250972748
0.46273675560951233
0.5217393636703491
0.5856561660766602
0.4976556599140167
0.551598310470581
0.46431711316108704
0.5554662346839905
0.44290927052497864
0.5085436105728149
0.3423880636692047
0.5245238542556763
0.5493590235710144
0.4667164087295532
0.4210841953754425
0.507115364074707
0.6223410367965698
0.46744388341903687
0.5908585786819458
0.2676616907119751
0.5759375095367432
0.24609163403511047
0.44163206219673157
0.4655636250972748
0.2774026393890381
0.5271643400192261
0.45697689056396484
0.521146297454834
0.6153736114501953
0.2616417706012726
0.18327084183692932
0.4120664894580841
0.20707273483276367
0.5765116214752197
0.5891391038894653
0.5849127769470215
0.3844391703605652
0.353750616312027
0.5550100207328796
0.49875956773757935
0.23891985416412354
0.27367663383483887
0.6021959781646729
0.1363423764705658
0.2984407842159271
0.23005492985248566
0.48180797696113586
0.5110214948654175
0.42020031809806824
0.7300281524658203
0.42549920082092285
0.3775681257247925
0.6264103651046753
0.6537579298019409
0.49152082204818726
0.4472426176071167
0.6560016870498657
0.726277232170105
0.3435496389865875
0.47623148560523987
0.39832159876823425
0.5611181259155273
0.2787083387374878
0.6922165155410767
0.48950499296188354
0.45707109570503235
0.6457542181015015
0.27478837966918945
0.6263372898101807
0.48738959431648254
0.5742943286895752
0.17248323559761047
0.4574827253818512
0.19708117842674255
0.5384435653686523
0.48482510447502136
0.40645572543144226
0.5375747680664062
0.3158573508262634
0.12269434332847595
0.4410887062549591
0.5517929792404175
0.43050286173820496
0.35033082962036133
0.30687353014945984
0.6064944267272949
0.21297815442085266
0.21322250366210938
0.6764304637908936
0.12204238772392273
0.6456269025802612
0.5154622793197632
0.43607810139656067
0.5719584226608276
0.206321120262146
0.2685988247394562
0.6109820604324341
0.3575555980205536
0.5752896070480347
0.6054673194885254
0.6029504537582397
0.21239519119262695
0.23703476786613464
0.6531336307525635
0.5609617233276367
0.2760036587715149
0.5572084188461304
0.4881390631198883
0.3611489534378052
0.18079106509685516
0.42357686161994934
0.5888758897781372
0.13104307651519775
0.23687288165092468
0.2729259729385376
0.32363343238830566
0.37326160073280334
0.5225098133087158
0.5489252805709839
0.5375577211380005
0.6042437553405762
0.6453232765197754
0.2260695993900299
0.44008663296699524
0.3577255606651306
0.1101800873875618
0.4521463215351105
0.5173304080963135
0.5512703657150269
0.3779365122318268
0.4158245027065277
0.2881210446357727
0.5810426473617554
0.4824272096157074
0.21499086916446686
0.4669191837310791
0.5648738145828247
0.6297180652618408
0.5572134256362915
0.24263238906860352
0.4992040693759918
0.5000896453857422
0.21909883618354797
0.6312878131866455
0.2581956386566162
0.2589159607887268
0.46604490280151367
0.5483088493347168
0.5376365184783936
0.4365375339984894
0.10985437035560608
0.3040521740913391
0.3358841836452484
0.5099167227745056
0.4877694249153137
0.46969911456108093
0.6218441724777222
0.3016711175441742
0.39884325861930847
0.44853803515434265
0.4310488998889923
0.4019394814968109
0.5002353191375732
0.6166644096374512
0.30769872665405273
0.5924620628356934
0.5801715850830078
0.5968763828277588
0.49561676383018494
0.6683520078659058
0.5583772659301758
0.560716450214386
0.6683666706085205
0.33762890100479126
0.579423189163208
0.379620224237442
0.5164332985877991
0.48129361867904663
0.2435377985239029
0.600925087928772
0.20900198817253113
0.6068892478942871
0.5273991823196411
0.364616721868515
0.36755701899528503
0.45972415804862976
0.4288375675678253
0.5464836955070496
0.4925389587879181
0.2367682307958603
0.4246167540550232
0.49267449975013733
0.038815926760435104
0.5059412717819214
0.6185318231582642
0.1508169323205948
0.28434139490127563
0.38066384196281433
0.19289745390415192
0.105003722012043
0.636671781539917
0.41542425751686096
0.3248981833457947
0.45595869421958923
0.47630396485328674
0.5607210993766785
0.5494024753570557
0.311215877532959
0.5014418363571167
0.40545472502708435
0.46512457728385925
0.40551966428756714
0.5695271492004395
0.4752659201622009
0.37026163935661316
0.4506091773509979
0.19239380955696106
0.49800416827201843
0.3066420555114746
0.4475418031215668
0.3533388376235962
0.21948057413101196
0.6568151712417603
0.6209659576416016
0.3768479824066162
0.5793536901473999
0.30365145206451416
0.636948823928833
0.37844714522361755
0.3079950213432312
0.3739717900753021
0.5524719953536987
0.5373706817626953
0.5136846303939819
0.5051426887512207
0.6433404684066772
0.3677162528038025
0.5477907657623291
0.5512579083442688
0.5585785508155823
0.2011394053697586
0.6076663732528687
0.3826027512550354
0.2752480208873749
0.6327250003814697
0.42028212547302246
0.6919151544570923
0.33384984731674194
0.39383453130722046
0.4960527718067169
0.3248313069343567
0.5498874187469482
0.48813536763191223
0.4398574233055115
0.4291175603866577
0.24754202365875244
0.2046820968389511
0.5904543399810791
0.39388492703437805
0.6324012279510498
0.4705972969532013
0.5977815389633179
0.1672227829694748
0.6093015670776367
0.33356064558029175
0.6010524034500122
0.24308805167675018
0.4504348933696747
0.5981245040893555
0.6334743499755859
0.5587761998176575
0.5648002624511719
0.5733646154403687
0.5165790319442749
0.39416828751564026
0.5293405055999756
0.40523561835289
0.48790350556373596
0.6058310270309448
0.4937313199043274
0.5943573713302612
0.07880225777626038
0.5248278379440308
0.3398633301258087
0.5228725075721741
0.5455218553543091
0.5931062698364258
0.4451928436756134
0.5100027918815613
0.5964170694351196
0.34432411193847656
0.3687489330768585
0.30177929997444153
0.5766916871070862
0.6004791259765625
0.47267279028892517
0.5236252546310425
0.4417612552642822
0.41820839047431946
0.40199577808380127
0.49527156352996826
0.2761651575565338
0.6036450862884521
0.5476502776145935
0.5735528469085693
0.4648650586605072
0.10257881879806519
0.40824395418167114
0.5307281017303467
0.45531290769577026
0.6101691722869873
0.48717570304870605
0.4438364803791046
0.519428014755249
0.5577585697174072
0.41575944423675537
0.5744110345840454
0.4509750306606293
0.34359288215637207
0.29965806007385254
0.4954370856285095
0.6538463830947876
0.48060521483421326
0.3690721094608307
0.6126022338867188
0.39607372879981995
0.5512794852256775
0.4988393485546112
0.4158977270126343
0.4298931360244751
0.4189358055591583
0.5147916674613953
0.607711672782898
0.548787534236908
0.5756082534790039
0.5183441638946533
0.3335397243499756
0.4000808894634247
0.5998601913452148
0.44669780135154724
0.3239055573940277
0.48889032006263733
0.21268193423748016
0.38333413004875183
0.32725611329078674
0.3179783225059509
0.6632710695266724
0.5565162897109985
0.5936460494995117
0.19409045577049255
0.5421321392059326
0.62174391746521
0.5754021406173706
0.38482150435447693
0.5045949220657349
0.5338983535766602
0.641822338104248
0.26113778352737427
0.22726762294769287
0.5786697864532471
0.37404027581214905
0.5626739263534546
0.3743025064468384
0.5724501609802246
0.6267229318618774
0.37588629126548767
0.585904598236084
0.624150276184082
0.6280622482299805
0.4410734474658966
0.46826085448265076
0.43109822273254395
0.4551044702529907
0.6590356826782227
0.5692678689956665
0.18419066071510315
0.5444540977478027
0.1201699897646904
0.43724194169044495
0.6701189279556274
0.5221562385559082
0.26670727133750916
0.4568617641925812
0.550223708152771
0.47070032358169556
0.4995043873786926
0.21299664676189423
0.4458788335323334
0.39425432682037354
0.4920135736465454
0.45229700207710266
0.3531654477119446
0.37905198335647583
0.07512829452753067
0.13790513575077057
0.26966771483421326
0.27875620126724243
0.42732709646224976
0.40114742517471313
0.5255070924758911
0.4815489649772644
0.41087475419044495
0.06727886945009232
0.28980502486228943
0.5733380317687988
0.5673195123672485
0.3773725926876068
0.4168871343135834
0.5911678075790405
0.5228186845779419
0.5126837491989136
0.25168371200561523
0.35734862089157104
0.24614956974983215
0.5620946884155273
0.4596463143825531
0.21920892596244812
0.4695030748844147
0.485669881105423
0.528840184211731
0.4305146038532257
0.44770440459251404
0.4211447536945343
0.6745736598968506
0.31128549575805664
0.23728027939796448
0.36426082253456116
0.1532721221446991
0.4582871198654175
0.5704983472824097
0.5738945007324219
0.5337737202644348
0.5330039262771606
0.5569338202476501
0.32161611318588257
0.19911643862724304
0.5071183443069458
0.35536298155784607
0.4768199026584625
0.32076844573020935
0.502674400806427
0.368336021900177
0.19524243474006653
0.3041113317012787
0.5946295261383057
0.46038350462913513
0.5684726238250732
0.6069549322128296
0.450687974691391
0.5630154609680176
0.15488950908184052
0.46234095096588135
0.5609422922134399
0.6786967515945435
0.3087555766105652
0.5328695774078369
0.6841089725494385
0.30833643674850464
0.23058930039405823
0.5812481641769409
0.31020665168762207
0.3161448538303375
0.5348926782608032
0.06376924365758896
0.4503849446773529
0.46779099106788635
0.5595996379852295
0.4821695387363434
0.5490955114364624
0.5187066793441772
0.4705648124217987
0.3359227478504181
0.5709145069122314
0.3091620206832886
0.30975884199142456
0.5873876810073853
0.4268926680088043
0.5807437896728516
0.2138272225856781
0.23640809953212738
0.5617650747299194
0.5431209802627563
0.4556785225868225
0.5937769412994385
0.5251776576042175
0.5869226455688477
0.4093864858150482
0.5732876062393188
0.4474165141582489
0.343090295791626
0.3940466046333313
0.41274696588516235
0.5754454135894775
0.7093023061752319
0.1343192756175995
0.6206514835357666
0.5207464694976807
0.5785621404647827
0.5386995077133179
0.6081081628799438
0.5221524238586426
0.3948242664337158
0.5510761141777039
0.6397144794464111
0.612594723701477
0.19112418591976166
0.09745471179485321
0.6179198026657104
0.5468447208404541
0.5320351123809814
0.40290382504463196
0.6084790229797363
0.5978800058364868
0.5061293840408325
0.5695517063140869
0.5458254814147949
0.4461241662502289
0.5409942269325256
0.34259316325187683
0.5535135269165039
0.4495874047279358
0.5528525710105896
0.6856191158294678
0.24844318628311157
0.5194327235221863
0.3818871080875397
0.5467644929885864
0.1058049201965332
0.2588280141353607
0.2999969720840454
0.21649490296840668
0.5688647031784058
0.05661722272634506
0.32566580176353455
0.3878723978996277
0.4995889365673065
0.48369207978248596
0.621950626373291
0.381062388420105
0.5997042655944824
0.364658385515213
0.5434349775314331
0.6661149263381958
0.11433020234107971
0.5567042827606201
0.6466003656387329
0.6141886711120605
0.45482337474823
0.6415379047393799
0.293941855430603
0.46578463912010193
0.6838712692260742
0.2669464647769928
0.46780475974082947
0.5189350247383118
0.7019253969192505
0.15049874782562256
0.4330575466156006
0.37288448214530945
0.578192949295044
0.5670181512832642
0.5949968099594116
0.5485348701477051
0.5893248319625854
0.6233159303665161
0.4395616352558136
0.4890548884868622
0.1022559106349945
0.17488369345664978
0.57555091381073
0.025814086198806763
0.4962364733219147
0.30610817670822144
0.32996416091918945
0.23119968175888062
0.45430782437324524
0.4586867690086365
0.5439954996109009
0.7104053497314453
0.5950150489807129
0.25404879450798035
0.23411476612091064
0.18363797664642334
0.17499232292175293
0.576867938041687
0.5424802303314209
0.37347841262817383
0.2927771508693695
0.5894367694854736
0.45420023798942566
0.19028276205062866
0.5905411243438721
0.27067938446998596
0.37592455744743347
0.5768924951553345
0.46318358182907104
0.43502235412597656
0.5881071090698242
0.24912309646606445
0.010060422122478485
0.621982216835022
0.08590751141309738
0.2807152271270752
0.5241421461105347
0.26890164613723755
0.18211008608341217
0.33629241585731506
0.548214316368103
0.5094815492630005
0.3853454887866974
0.5354317426681519
0.2088363915681839
0.308513343334198
0.535854697227478
0.5114402770996094
0.3509562313556671
0.6114844083786011
0.6381442546844482
0.5990393161773682
0.2519416809082031
0.6232460737228394
0.49100595712661743
0.18547643721103668
0.26863157749176025
0.4096442759037018
0.5542646646499634
0.4011937081813812
0.6686676740646362
0.5237956047058105
0.5721553564071655
0.551085352897644
0.22907060384750366
0.2742733657360077
0.5719640254974365
0.507042407989502
0.5577993392944336
0.5876461267471313
0.45620813965797424
0.06724336743354797
0.15732623636722565
0.2277502566576004
0.5438910722732544
0.6347626447677612
0.5643112659454346
0.38570985198020935
0.12819501757621765
0.3436724543571472
0.1843942403793335
0.7138925790786743
0.3067423105239868
0.17482583224773407
0.07960169017314911
0.36917534470558167
0.4476976692676544
0.2625482976436615
0.21030232310295105
0.533672571182251
0.07552410662174225
0.6132484674453735
0.6174997091293335
0.24847780168056488
0.4907054305076599
0.05187758430838585
0.426266074180603
0.5976225137710571
0.49409008026123047
0.47547447681427
0.5601677894592285
0.4504219591617584
0.5553995370864868
0.5160180330276489
0.17525167763233185
0.5887188911437988
0.5726096630096436
0.40435752272605896
0.4087086021900177
0.39294925332069397
0.28415781259536743
0.5024498105049133
0.28305429220199585
0.3098118305206299
0.339595764875412
0.3756153881549835
0.4519806504249573
0.5658347606658936
0.45738956332206726
0.3858813941478729
0.3719637095928192
0.43688759207725525
0.338322252035141
0.4732312262058258
0.4411437213420868
0.4735008776187897
0.4499568045139313
0.4531334936618805
0.25272324681282043
0.5842437744140625
0.4919176399707794
0.08467085659503937
0.5143693685531616
0.2672610878944397
0.6101976633071899
0.539344310760498
0.23057326674461365
0.52544105052948
0.5375009775161743
0.5857574939727783
0.5000237226486206
0.5148328542709351
0.5668354034423828
0.4868217706680298
0.3585050106048584
0.15442880988121033
0.35530856251716614
0.5722576379776001
0.4224085509777069
0.5486688613891602
0.25925084948539734
0.5615698099136353
0.418868750333786
0.3667796552181244
0.41022756695747375
0.40305259823799133
0.392067551612854
0.5287967920303345
0.5656092166900635
0.6595656871795654
0.46653154492378235
0.6497253179550171
0.5121836066246033
0.5937681198120117
0.45559564232826233
0.34319013357162476
0.5235333442687988
0.4644589126110077
0.4992614686489105
0.13621586561203003
0.17163217067718506
0.581629753112793
0.3382634222507477
0.30730360746383667
0.41957971453666687
0.5594557523727417
0.5408809185028076
0.5080325603485107
0.31466203927993774
0.5624994039535522
0.4143328368663788
0.539671778678894
0.4237486720085144
0.30783432722091675
0.4195123612880707
0.2829783260822296
0.5484760999679565
0.467180460691452
0.5057541728019714
0.5854414701461792
0.5834771394729614
0.4302757978439331
0.7398159503936768
0.5074742436408997
0.27190840244293213
0.22568795084953308
0.23689532279968262
0.15648680925369263
0.5103740096092224
0.3340495526790619
0.3247820734977722
0.3390989601612091
0.42849043011665344
0.4951508343219757
0.6261914968490601
0.5434975624084473
0.4893101751804352
0.6462136507034302
0.38318127393722534
0.519345223903656
0.41472139954566956
0.5741686820983887
0.3103143572807312
0.21641500294208527
0.4348292648792267
0.3869260549545288
0.6863812208175659
0.6746693849563599
0.3562917113304138
0.21807236969470978
0.37203726172447205
0.5105651617050171
0.44036707282066345
0.5362547636032104
0.590133786201477
0.5143417119979858
0.22483046352863312
0.5543866157531738
0.6026071310043335
0.3963209092617035
0.46867021918296814
0.5747150182723999
0.2608654797077179
0.4809723198413849
0.5083428621292114
0.514649510383606
0.40462562441825867
0.5626489520072937
0.3988501727581024
0.6702078580856323
0.5714754462242126
0.47167107462882996
0.16608291864395142
0.5261759757995605
0.1243998110294342
0.5108658075332642
0.3813057839870453
0.2929621934890747
0.6657273769378662
0.07268208265304565
0.46465641260147095
0.5006527900695801
0.47218772768974304
0.5547084212303162
0.4422314763069153
0.4381142556667328
0.3713412582874298
0.5726615190505981
0.4162551164627075
0.5491095781326294
0.5060566663742065
0.04599549621343613
0.3759513795375824
0.5157192349433899
0.4348423182964325
0.5833399295806885
0.5403995513916016
0.31328797340393066
0.4448622167110443
0.6449050903320312
0.2836703956127167
0.350883424282074
0.08750138431787491
0.5947622060775757
0.4821018874645233
0.5081228017807007
0.5135712623596191
0.007410719990730286
0.6164717674255371
0.5048568844795227
0.6062376499176025
0.16526779532432556
0.4744371771812439
0.3552437126636505
0.2891795337200165
0.23608508706092834
0.6583507061004639
0.3804763853549957
0.20186492800712585
0.6307753324508667
0.6176728010177612
0.20127610862255096
0.20828144252300262
0.48594269156455994
0.5343323945999146
0.6157444715499878
0.4709916412830353
0.40654152631759644
0.3390636444091797
0.6426211595535278
0.10499812662601471
0.08019836246967316
7.787346839904785e-05
0.3689478039741516
0.485674113035202
0.04473690316081047
0.6091667413711548
0.2802450656890869
0.5914833545684814
0.5337622761726379
0.4691867530345917
0.24420392513275146
0.6412363052368164
0.25159722566604614
0.30255356431007385
0.43998774886131287
0.4776231348514557
0.5417501926422119
0.1570253074169159
0.2437593638896942
0.3828549087047577
0.5237534046173096
0.6386983394622803
0.553307056427002
0.4325437545776367
0.5898538827896118
0.6235215663909912
0.5877337455749512
0.35816726088523865
0.47426024079322815
0.5200110673904419
0.4772181212902069
0.6266900300979614
0.5859290361404419
0.598171591758728
0.14824143052101135
0.3712714612483978
0.5445390939712524
0.6148624420166016
0.20842969417572021
0.5533074140548706
0.4164923131465912
0.04905511438846588
0.5097095370292664
0.20021072030067444
0.33182603120803833
0.5710991621017456
0.6953307390213013
0.36789670586586
0.21978136897087097
0.43525442481040955
0.5610430240631104
0.6614141464233398
0.5659815073013306
0.188177689909935
0.4242863357067108
0.26300284266471863
0.5999854803085327
0.2929842472076416
0.6617342233657837
0.275921493768692
0.27132493257522583
0.6147537231445312
0.25957608222961426
0.5517847537994385
0.597977876663208
0.3970452845096588
0.7146759033203125
0.2094360589981079
0.3483692407608032
0.5366620421409607
0.4572807848453522
0.4972033202648163
0.5309140682220459
0.25648340582847595
0.4418213963508606
0.5119134187698364
0.5648150444030762
0.5122970342636108
0.5573035478591919
0.52571702003479
0.3392956852912903
0.6720294952392578
0.21631252765655518
0.5665560960769653
0.4811950922012329
0.3541424572467804
0.5874917507171631
0.538669228553772
0.30151817202568054
0.6157181262969971
0.4575553834438324
0.5531160831451416
0.6461896896362305
0.23483850061893463
0.6139819622039795
0.5709984302520752
0.4870597720146179
0.44679370522499084
0.7135707139968872
0.4145050346851349
0.289563924074173
0.4502065181732178
0.3028489351272583
0.4218303859233856
0.29519185423851013
0.566298246383667
0.32002225518226624
0.6085625886917114
0.4973103106021881
0.3867901861667633
0.24157997965812683
0.35425853729248047
0.4742093086242676
0.23495060205459595
0.47448065876960754
0.3100416958332062
0.6452549695968628
0.12617981433868408
0.2891979217529297
0.10393616557121277
0.6151024103164673
0.6245056390762329
0.25695306062698364
0.2609959840774536
0.07352755963802338
0.46921607851982117
0.619339108467102
0.17895649373531342
0.4766480624675751
0.16230960190296173
0.3482598066329956
0.5484688878059387
0.2396213561296463
0.5138121843338013
0.5666035413742065
0.47340330481529236
0.42896440625190735
0.20841392874717712
0.35785040259361267
0.24945029616355896
0.5082907676696777
0.2721451222896576
-0.0070252567529678345
0.2646085321903229
0.3917805552482605
0.28801995515823364
0.524253249168396
0.3428027927875519
0.3153582215309143
0.44316646456718445
0.1726890206336975
0.49686238169670105
0.6432591676712036
0.5018330812454224
0.31407368183135986
0.4075210988521576
0.2596908211708069
0.44663771986961365
0.2700846791267395
0.4492909014225006
0.3164820671081543
0.5076366662979126
0.5092178583145142
0.4558924436569214
0.37087467312812805
0.5110375285148621
0.40862220525741577
0.48274797201156616
0.3351227343082428
0.4837949275970459
0.18893572688102722
0.43184342980384827
0.2958277463912964
0.5559124946594238
0.5087668895721436
0.491128534078598
0.5202219486236572
0.45142772793769836
0.05089341104030609
0.4682372510433197
0.28979793190956116
0.38968709111213684
0.29403239488601685
0.5889922380447388
0.6590148210525513
0.6496819257736206
0.3974612057209015
0.24857734143733978
0.06733088195323944
0.5947474241256714
0.6656064987182617
0.17716115713119507
0.4397224485874176
0.5449379682540894
0.16745534539222717
0.25777965784072876
0.22229814529418945
0.2600020170211792
0.5129579305648804
0.6209230422973633
0.3741462826728821
0.5740545988082886
0.38580402731895447
0.6230810880661011
0.42001640796661377
0.2830513119697571
0.24029189348220825
0.4444224536418915
0.5434079170227051
0.1574399173259735
0.34477856755256653
0.41176679730415344
0.6989034414291382
0.37593385577201843
0.4929039776325226
0.4623246490955353
0.44535985589027405
0.506877601146698
0.2685105800628662
0.28919345140457153
0.39806118607521057
0.5797762870788574
0.5660467147827148
0.26909640431404114
0.27749696373939514
0.48024341464042664
0.5995279550552368
0.35751011967658997
0.26583653688430786
0.4695405662059784
0.4228629469871521
0.2847817540168762
0.5816810131072998
0.3974190056324005
0.25360381603240967
0.21007102727890015
0.5147793292999268
0.22187364101409912
0.3351960778236389
0.3206946849822998
0.6786853075027466
0.4793230891227722
0.5405887365341187
0.31496724486351013
0.4590149223804474
0.22803455591201782
0.5966821908950806
0.03343622386455536
0.1772146075963974
0.1671130657196045
0.4862197935581207
0.3726632297039032
0.5315766334533691
0.49017980694770813
0.06894182413816452
0.543155312538147
0.1288003772497177
0.1996428668498993
0.17909599840641022
0.5614607334136963
0.4710984230041504
0.38774779438972473
0.1042732372879982
0.7428754568099976
0.5867952108383179
0.067665696144104
0.5120021104812622
0.5489809513092041
0.6339582204818726
0.4281308948993683
0.558322548866272
0.40084508061408997
0.5352523326873779
0.4696970283985138
0.42137056589126587
0.45512840151786804
0.4622516930103302
0.4212883412837982
0.3501080572605133
0.39702680706977844
0.4604737460613251
0.06649643927812576
0.6469930410385132
0.20226196944713593
0.5078054666519165
0.47659751772880554
0.6775274276733398
0.6264424324035645
0.3086647093296051
0.5089563131332397
0.24135684967041016
0.33887264132499695
0.6390644311904907
0.4745160937309265
0.7146580219268799
0.5033146142959595
0.49918583035469055
0.57785964012146
0.6189831495285034
0.15274956822395325
0.5496051907539368
0.1477002501487732
0.5539465546607971
0.5747320652008057
0.4121030271053314
0.28236454725265503
0.6031687259674072
0.28932666778564453
0.16342350840568542
0.5340299606323242
0.46026381850242615
0.22326236963272095
0.2864544093608856
0.6186130046844482
0.5805568695068359
0.3312787413597107
0.19428442418575287
0.2672053277492523
0.45078685879707336
0.3195721209049225
0.4033450186252594
0.2113819718360901
0.48606371879577637
0.2646915912628174
0.36201760172843933
0.6252821683883667
0.28980445861816406
0.48607945442199707
0.5963869094848633
0.34792688488960266
0.49067291617393494
0.12836474180221558
0.20769816637039185
0.34092316031455994
0.23951226472854614
0.30080974102020264
0.11161155998706818
0.021760374307632446
0.18032129108905792
0.48897624015808105
0.49123162031173706
0.07318770885467529
0.3203026354312897
0.5051159262657166
0.49007847905158997
0.10125034302473068
0.37957149744033813
0.5737839937210083
0.1864793300628662
0.507868230342865
0.42731180787086487
0.5990900993347168
0.31673139333724976
0.18491575121879578
0.420877069234848
0.3681947588920593
0.38067522644996643
0.3198506236076355
0.5345841646194458
0.4317389726638794
0.44168344140052795
0.5215753316879272
0.44802048802375793
0.6107109785079956
0.34577688574790955
-0.005514234304428101
0.42289021611213684
0.4833076596260071
0.5125323534011841
0.3532477915287018
0.3319961428642273
0.4121769964694977
0.5746350884437561
0.5941280126571655
0.4545332193374634
0.5296288728713989
0.5255484580993652
0.34390988945961
0.4420972168445587
0.5708115100860596
0.3686288893222809
0.7415698766708374
0.24100175499916077
0.5489538908004761
0.2922323942184448
0.4859226644039154
0.5205405950546265
0.5011177062988281
0.1636289656162262
0.552520751953125
0.4124545753002167
0.18674957752227783
0.18957465887069702
0.09923432022333145
0.6185981035232544
0.5859899520874023
0.4990018904209137
0.6281687021255493
0.5706267952919006
0.4758778512477875
0.48316726088523865
0.2401941418647766
0.1903001368045807
0.38462209701538086
0.33455243706703186
0.4988541007041931
0.6046136617660522
0.4622742831707001
0.6483907699584961
0.028758496046066284
0.5562257766723633
0.3781026005744934
0.08450624346733093
0.5991092920303345
0.35218241810798645
0.1798783838748932
0.484752893447876
0.30262166261672974
0.5880855321884155
0.5509626865386963
0.6696301698684692
0.20727668702602386
0.6124284267425537
0.15974664688110352
0.20065292716026306
0.6299833059310913
0.45219266414642334
0.4283210337162018
0.3249673843383789
0.41399288177490234
0.4550308883190155
0.28078392148017883
0.5861328840255737
0.4255543649196625
0.5198066234588623
0.5260096788406372
0.21816736459732056
0.5595568418502808
0.5318407416343689
0.558279275894165
0.20430362224578857
0.265299528837204
0.04155496507883072
0.5977933406829834
0.5186172723770142
0.5002213716506958
0.33726921677589417
0.10174834728240967
0.5182543992996216
0.06682465970516205
0.5401782989501953
0.41439470648765564
0.21234795451164246
0.40857836604118347
0.43610385060310364
0.1312677562236786
0.43354764580726624
0.2635191082954407
0.46866413950920105
0.607932448387146
0.5355868339538574
0.5631064176559448
0.020853780210018158
0.3570449650287628
0.5072669982910156
0.39021506905555725
0.27271461486816406
0.5801979303359985
0.20356304943561554
0.34388282895088196
0.27663934230804443
0.48342224955558777
0.5907787084579468
0.59788978099823
0.492607444524765
0.1713876873254776
0.6004030704498291
0.22530889511108398
0.5002723932266235
0.6113966703414917
0.37735316157341003
0.5530943870544434
0.6030402183532715
0.5287201404571533
0.607529878616333
0.5366047620773315
0.463255912065506
0.5100005865097046
0.46423032879829407
0.5307804346084595
0.32040321826934814
0.44546493887901306
0.40904510021209717
0.4002486765384674
0.2921462655067444
0.23116089403629303
0.17246830463409424
0.3650203049182892
0.16602827608585358
0.5628030300140381
0.3476347029209137
0.387552410364151
0.5374199748039246
0.2185995727777481
0.47267696261405945
0.2627962827682495
0.5741876363754272
0.5024093389511108
0.590801477432251
0.4817884862422943
0.15204766392707825
0.36110663414001465
0.500074028968811
0.5329965949058533
0.4655023217201233
0.3725912868976593
0.49767154455184937
0.4298604428768158
0.6817935705184937
0.45337799191474915
0.31889981031417847
0.5811404585838318
0.33677318692207336
0.3336787819862366
0.29839757084846497
0.23686566948890686
0.3086899220943451
0.19093157351016998
0.44759777188301086
0.5978153944015503
0.610924243927002
0.5062813758850098
0.5212266445159912
0.5891345739364624
0.3643665015697479
0.5038602352142334
0.5851162672042847
0.04437651485204697
0.4707266688346863
0.5586113929748535
0.5295525789260864
0.18486955761909485
0.32668131589889526
0.5073903799057007
0.5255708694458008
0.45573660731315613
0.2512543201446533
0.34696927666664124
0.3706858158111572
0.31325405836105347
0.3191445469856262
0.4209800064563751
0.527671217918396
0.5943926572799683
0.2528458833694458
0.23354098200798035
0.1511780172586441
0.5470278263092041
0.6023141145706177
0.2011125385761261
0.5407236814498901
0.3422428369522095
0.21136164665222168
0.37607046961784363
0.23668703436851501
0.4470285475254059
0.6017725467681885
0.4155241549015045
0.5163862705230713
0.25485581159591675
0.5495786666870117
0.6046652793884277
0.32160407304763794
0.3613801896572113
0.6907278299331665
0.3344574570655823
0.4787428081035614
0.15560245513916016
0.5990879535675049
0.367391437292099
0.5524579286575317
0.669211745262146
0.6372220516204834
0.4959734082221985
0.3407447040081024
0.2658914625644684
0.6637930870056152
0.3370916247367859
0.5339915752410889
0.5812305212020874
0.6183745861053467
0.5189521312713623
0.568959653377533
0.3884905278682709
0.5689001679420471
0.4409284293651581
0.1610463559627533
0.26212018728256226
0.6541265249252319
0.07174815237522125
0.3883809447288513
0.5616961717605591
0.3359144330024719
0.23753607273101807
0.5191702842712402
0.2900555729866028
0.25393587350845337
0.342000275850296
0.24667447805404663
0.5200940370559692
0.5318785905838013
0.17470683157444
0.4872005581855774
0.5039365291595459
0.4113299250602722
0.0951194167137146
0.22316192090511322
0.5174710750579834
0.38157859444618225
0.42462506890296936
0.6002076864242554
0.08973506093025208
0.5065567493438721
0.5988118648529053
0.3044169843196869
0.48404937982559204
0.5206831693649292
0.556517481803894
0.5837957859039307
0.5691019296646118
0.46127215027809143
0.5165092945098877
0.2566015422344208
0.4173884391784668
0.3099727928638458
0.3829459249973297
0.26631495356559753
0.5171815156936646
0.5665251016616821
0.5190036296844482
0.20908206701278687
0.3767399787902832
0.16205593943595886
0.5624373555183411
0.2717474102973938
0.09794051945209503
0.5904580354690552
0.20623135566711426
0.4250257909297943
0.6095871925354004
0.37659451365470886
0.659305214881897
0.2901266813278198
0.4267028868198395
0.1720215380191803
0.6033008098602295
0.5401021242141724
0.5415738224983215
0.47572290897369385
0.5683883428573608
0.22869369387626648
0.675449013710022
0.6387850046157837
0.2830927073955536
0.5758808255195618
0.32494813203811646
0.07035379111766815
0.1962863653898239
0.5671229362487793
0.45019200444221497
0.5871005058288574
0.5454164743423462
0.5486990213394165
0.5621238946914673
0.11106808483600616
0.5527963638305664
0.3506270945072174
0.668860912322998
0.6201244592666626
0.3200206458568573
0.6354957818984985
0.48211511969566345
0.22396114468574524
0.5960822105407715
0.487467497587204
0.5252960920333862
0.18433555960655212
0.5808335542678833
0.4720887839794159
0.5897176265716553
0.6047602891921997
0.41670694947242737
0.647246241569519
0.14200250804424286
0.437712699174881
0.6373652219772339
0.491962194442749
0.20690368115901947
0.5697396993637085
0.4405527710914612
0.5640503168106079
0.4210972487926483
0.6379090547561646
0.379312664270401
0.4095754325389862
0.3636822998523712
0.34284746646881104
0.2232426553964615
0.25784772634506226
0.31112709641456604
0.199008971452713
0.28267213702201843
0.6847493648529053
0.5211119651794434
0.516041100025177
0.6016795635223389
0.2981998324394226
0.5758284330368042
0.3730485737323761
0.5143580436706543
0.39294615387916565
0.10890170931816101
0.651023268699646
0.6903378963470459
0.1756257861852646
0.5237736701965332
0.47867804765701294
0.5692296028137207
0.4877016246318817
0.35607606172561646
0.32500141859054565
0.32723575830459595
0.1962694525718689
0.5856583118438721
0.3042052388191223
0.38278114795684814
0.5862586498260498
0.6258745193481445
0.5096899271011353
0.6346743106842041
0.34668052196502686
0.20067405700683594
0.3452920615673065
0.4232633411884308
0.30368173122406006
0.29239848256111145
0.5465052127838135
0.597725510597229
0.5285148620605469
0.49064525961875916
0.2794947624206543
0.4620475471019745
0.2769686281681061
0.3598419427871704
0.04800758138298988
0.4855901300907135
0.26655077934265137
0.5023772120475769
0.4015914797782898
0.5911867618560791
0.39737948775291443
0.29403841495513916
0.6061863899230957
0.5989826917648315
0.19954843819141388
0.700522780418396
0.47011858224868774
0.35845881700515747
0.5016005039215088
0.6935136318206787
0.5022538900375366
0.5978894233703613
0.5702095031738281
0.6080065965652466
0.24893832206726074
0.5365151166915894
0.2898426353931427
0.4064793288707733
0.5306832790374756
0.5563936233520508
0.24523182213306427
0.5358666181564331
0.6555840969085693
0.4933108389377594
0.30320411920547485
0.34980830550193787
0.4642638862133026
0.127030611038208
0.3509901165962219
0.43501511216163635
0.30655938386917114
0.6344915628433228
0.5123353004455566
0.3875170946121216
0.6223374605178833
0.477885365486145
0.668912410736084
0.543897271156311
0.42181774973869324
0.45435458421707153
0.4503057301044464
0.39799943566322327
0.5265107154846191
0.24393531680107117
0.43726208806037903
0.17648056149482727
0.6790051460266113
0.5670837759971619
0.20113974809646606
0.17474162578582764
0.23050352931022644
0.726346492767334
0.6582778692245483
0.6151732206344604
0.4511895179748535
0.46579495072364807
0.29035139083862305
0.4003277122974396
0.3580186069011688
0.24810341000556946
0.644473671913147
0.47320470213890076
0.6283141374588013
0.285326212644577
0.48643484711647034
0.5428663492202759
0.5569374561309814
0.3202091157436371
0.44493725895881653
0.5221388339996338
0.5210362672805786
0.2160961627960205
0.752932071685791
0.4669717252254486
0.43305715918540955
0.32318949699401855
0.3740513026714325
0.34024208784103394
0.3278528153896332
0.5764755010604858
0.5293931365013123
0.5087647438049316
0.055672064423561096
0.5413013696670532
0.6116712093353271
0.14235517382621765
0.5571863651275635
0.4392326772212982
0.6115590333938599
0.5760608911514282
0.5391553640365601
0.2219696044921875
0.667021632194519
0.44231513142585754
0.5222404599189758
0.5113255381584167
0.5369452238082886
0.06854201853275299
0.5025068521499634
0.46555235981941223
0.5724244117736816
0.4866523742675781
0.6948103904724121
0.5533352494239807
0.11012481898069382
0.1615011990070343
0.4991033971309662
0.41847720742225647
0.44724974036216736
0.5653539896011353
0.20950046181678772
0.17375721037387848
0.43240219354629517
0.5055770874023438
0.493825227022171
0.3836859166622162
0.5383602976799011
0.5056778788566589
0.5413858294487
0.3278791308403015
0.7201908826828003
0.24261505901813507
0.5694986581802368
0.43434175848960876
0.3046209514141083
0.35225924849510193
0.6133466958999634
0.10137689113616943
0.26253336668014526
0.515069842338562
0.5546066761016846
0.4336071312427521
0.5458776950836182
0.45854857563972473
0.6053277254104614
0.5590699911117554
0.4516291618347168
0.7218676805496216
0.1626400649547577
0.5180200934410095
0.47654345631599426
0.5776115655899048
0.26491671800613403
0.6068360805511475
0.497765451669693
0.5825278162956238
0.6229503154754639
0.5329333543777466
0.3388013243675232
0.21116168797016144
0.49295392632484436
0.48173150420188904
0.633393406867981
0.3898511826992035
0.473110169172287
0.5797694325447083
0.5540403127670288
0.6495658159255981
0.6295013427734375
0.5486284494400024
0.589916467666626
0.664337158203125
0.3483142554759979
0.19427384436130524
0.30336451530456543
0.27602335810661316
0.4652085602283478
0.5767682790756226
0.5764762163162231
0.2854576110839844
0.4908740818500519
0.6599647998809814
0.2612619698047638
0.49888986349105835
0.5230877995491028
0.6140027046203613
0.6467363834381104
0.5476255416870117
0.2480228841304779
0.5270650386810303
0.49587634205818176
0.5266219973564148
0.5800304412841797
0.5374906063079834
0.5265017747879028
0.3567574620246887
0.30380576848983765
0.25028786063194275
0.42247915267944336
0.5057314038276672
0.3687605559825897
0.11337046325206757
0.2068074643611908
0.4785672724246979
0.44154149293899536
0.666175365447998
0.5329785346984863
0.39628300070762634
0.5855892896652222
0.38531580567359924
0.2819417715072632
0.4111606180667877
0.3504919707775116
0.5790541768074036
0.3365442454814911
0.5915437936782837
0.3976646363735199
0.3713252544403076
0.49137017130851746
0.7459412813186646
0.5253493785858154
0.5734630227088928
0.3893319368362427
0.613156795501709
0.521918535232544
0.5691127777099609
0.5035446882247925
0.22657857835292816
0.5636345744132996
0.6515812873840332
0.16418972611427307
0.5331155061721802
0.5003880858421326
0.5572025775909424
0.36106857657432556
0.6362432241439819
0.47675183415412903
0.43328025937080383
0.46713289618492126
0.3603913486003876
0.49431535601615906
0.23807445168495178
0.3311131000518799
0.5879136323928833
0.590479850769043
0.43691787123680115
0.7060468196868896
0.5185235738754272
0.3056291341781616
0.45922723412513733
0.6153428554534912
0.602210283279419
0.49640825390815735
0.5768160820007324
0.6310187578201294
0.5240588188171387
0.5593457221984863
0.6731709241867065
0.38504645228385925
0.43419837951660156
0.19292989373207092
0.4887906014919281
0.6162941455841064
0.5870834589004517
0.4558856785297394
0.3206895589828491
0.736825704574585
0.18216750025749207
0.2728610038757324
0.45377078652381897
0.4699060022830963
0.48169955611228943
0.48638954758644104
0.23614376783370972
0.26413393020629883
0.27977675199508667
0.6111032962799072
0.519626259803772
0.14162716269493103
0.5337468385696411
0.10020213574171066
0.4237883985042572
0.5367552042007446
0.6994051933288574
0.2139669954776764
0.49514153599739075
0.3568178117275238
0.3964351415634155
0.5456333160400391
0.7466894388198853
0.3685264587402344
0.4286307692527771
0.2198721170425415
0.7168927192687988
0.1409735530614853
0.6067957878112793
0.5490696430206299
0.5802320241928101
0.05466490611433983
0.19297969341278076
0.3791446387767792
0.5772280693054199
0.19375334680080414
0.48475825786590576
0.4101904332637787
0.4940060079097748
0.5561060905456543
0.41743725538253784
0.6129474639892578
0.3499599099159241
0.5325980186462402
0.323118656873703
0.5689975023269653
0.3310958743095398
0.5989165306091309
0.5176865458488464
0.6078314781188965
0.3510194718837738
0.2953537702560425
0.5935235023498535
0.41057828068733215
0.5428866147994995
0.4455517828464508
0.36901336908340454
0.4490862488746643
0.37554267048835754
0.4471149742603302
0.5561782121658325
0.4067458212375641
0.3342885673046112
0.2455255687236786
0.5357717275619507
0.5731171369552612
0.5193608999252319
0.5861897468566895
0.31177622079849243
0.5539852976799011
0.33299940824508667
0.40713274478912354
0.12995241582393646
0.5051127672195435
0.6487009525299072
0.11224962770938873
0.41098588705062866
0.6040449142456055
0.1438053399324417
0.6271858215332031
0.4974006116390228
0.1634487807750702
0.41362330317497253
0.3774687945842743
0.5541565418243408
0.3070526719093323
0.6610351800918579
0.5441813468933105
0.4442429542541504
0.47803643345832825
0.48487523198127747
0.48946335911750793
0.668104887008667
0.6053158044815063
0.45664677023887634
0.3660239577293396
0.3487374484539032
0.4966603219509125
0.39761075377464294
0.5028002262115479
0.5710668563842773
0.25064319372177124
0.3715965747833252
0.5823363065719604
0.3169615864753723
0.5541497468948364
0.3096388578414917
0.3527149558067322
0.2353276163339615
0.5231658220291138
0.197872132062912
0.31958937644958496
0.2838529944419861
0.5418828725814819
0.5250979661941528
0.3746047616004944
0.23421719670295715
0.409951388835907
0.5419829487800598
0.607092022895813
0.46365639567375183
0.532387375831604
0.4562227427959442
0.3407406508922577
0.601830244064331
0.39159366488456726
0.40576794743537903
0.16149301826953888
0.4275849759578705
0.4957573115825653
0.1735563576221466
0.3538108468055725
0.5222785472869873
0.31847450137138367
0.510961651802063
0.5986864566802979
0.4080955684185028
0.6330329179763794
0.5746734142303467
0.2623637318611145
0.45566895604133606
0.4946748614311218
0.35534945130348206
0.5237714052200317
0.5568399429321289
0.36970552802085876
0.2869557738304138
0.24784795939922333
0.6139062643051147
0.5186964273452759
0.45497122406959534
0.19022595882415771
0.5636371374130249
0.4337192177772522
0.26662135124206543
0.5183773040771484
0.19723086059093475
0.1722549945116043
0.3744296133518219
0.16740036010742188
0.4519836902618408
0.3638603985309601
0.21614880859851837
0.40586549043655396
0.39395833015441895
0.6708858013153076
0.016529850661754608
0.5624407529830933
0.5595470666885376
0.4182272255420685
0.4508042633533478
0.40723952651023865
0.311290979385376
0.35855475068092346
0.4819238781929016
0.5197615027427673
0.3557238280773163
0.6381120681762695
0.629824161529541
0.27621299028396606
0.5556987524032593
0.5759376287460327
0.5804595351219177
0.5143536329269409
0.6100866794586182
0.5901153087615967
0.5726887583732605
0.6272249221801758
0.2845506966114044
0.5218416452407837
0.39373692870140076
0.5489313006401062
0.046625301241874695
0.16600556671619415
0.273390531539917
0.4811548888683319
0.22225263714790344
0.23091793060302734
0.36228179931640625
0.5321912169456482
0.4900168478488922
0.5883526802062988
0.2571137547492981
0.42181840538978577
0.5779750347137451
0.14359232783317566
0.39974313974380493
0.44078686833381653
0.27543020248413086
0.7533978223800659
0.1261279284954071
0.3922058045864105
0.526785135269165
0.6725194454193115
0.5854761600494385
0.5234718322753906
0.41516515612602234
0.16101306676864624
0.5468354821205139
0.2865062654018402
0.4806339740753174
0.20732858777046204
0.1408548504114151
0.4351119101047516
0.09832452237606049
0.5090023279190063
0.45105263590812683
0.45126697421073914
0.5435749292373657
0.5152231454849243
0.3989203870296478
0.6605772972106934
0.2729955315589905
0.4803065061569214
0.5601656436920166
0.4794161021709442
0.582821249961853
0.2144930213689804
0.46467873454093933
0.12836912274360657
0.17484240233898163
0.46725398302078247
0.3863697648048401
0.6026519536972046
0.6074782609939575
0.5091638565063477
0.19366756081581116
0.492938369512558
0.4728018641471863
0.5701711177825928
0.6310521364212036
0.5419776439666748
0.5535435676574707
0.29641982913017273
0.29745572805404663
0.13655725121498108
0.5022883415222168
0.6570249795913696
0.5135904550552368
0.1484922170639038
0.18005535006523132
0.7111108303070068
0.46903350949287415
0.23072004318237305
0.5715875625610352
0.41439324617385864
0.4708482325077057
0.11937874555587769
0.5956845283508301
0.4460180401802063
0.3904145061969757
0.3407614529132843
0.2722781300544739
0.7139891386032104
0.22569598257541656
0.5897731781005859
0.3176909387111664
0.5479491949081421
0.6512210369110107
0.1356753557920456
0.42967578768730164
0.35986194014549255
0.41248658299446106
0.5392919182777405
0.2235795110464096
0.5009705424308777
0.47414395213127136
0.6146246194839478
0.6187230348587036
0.46151742339134216
0.03729547560214996
0.3099934756755829
0.49491086602211
0.5618408918380737
0.26080113649368286
0.4728802740573883
0.46100255846977234
0.24853181838989258
0.48892495036125183
0.39955660700798035
0.6159520149230957
0.5676296949386597
0.5014903545379639
0.505743145942688
0.5928276777267456
0.4753122627735138
0.5903189182281494
0.527471661567688
0.5408026576042175
0.6142264604568481
0.6479201316833496
0.2704497277736664
0.33675917983055115
0.6471519470214844
0.44436946511268616
0.04794834926724434
0.47541460394859314
0.4613264501094818
0.615497350692749
0.2863854169845581
0.7047988176345825
0.2668006420135498
0.21381762623786926
0.65278160572052
0.09866766631603241
0.5534411668777466
0.54872065782547
0.3718967139720917
0.46725842356681824
0.15675362944602966
0.5045830607414246
0.3819809556007385
0.18904539942741394
0.38237646222114563
0.5212935209274292
0.19358763098716736
0.4568008482456207
0.32509735226631165
0.3119048774242401
0.5763585567474365
0.5991281270980835
0.35306352376937866
0.5101190209388733
0.555996298789978
0.3578599989414215
0.11898758262395859
0.22294981777668
0.4714715778827667
0.5119152069091797
0.11332741379737854
0.5770705938339233
0.22774945199489594
0.5297669768333435
0.23502925038337708
0.3646252453327179
0.32438668608665466
0.43822816014289856
0.29504284262657166
0.5930407047271729
0.7003000974655151
0.10086660087108612
0.7040778398513794
0.2735414505004883
0.4283226430416107
0.12906432151794434
0.3288310766220093
0.5426120758056641
0.5808912515640259
0.29807737469673157
0.5594450235366821
0.3061193525791168
0.4535272717475891
0.26207566261291504
0.2756853699684143
0.26325854659080505
0.37019115686416626
0.5801332592964172
0.6073206663131714
0.30523860454559326
0.33142411708831787
0.5349370241165161
0.745241641998291
0.597021222114563
0.13242840766906738
0.5630711913108826
0.412182092666626
0.33607032895088196
0.6368519067764282
0.5946909189224243
0.4401964247226715
0.6060085296630859
0.30646201968193054
0.5794166326522827
0.5837836265563965
0.5836489200592041
0.3314186930656433
0.3734331727027893
0.5641471147537231
0.3027535080909729
0.4278411269187927
0.5431962609291077
0.4600653350353241
0.6533643007278442
0.42218929529190063
0.5853331089019775
0.37387698888778687
0.5621380805969238
0.526004433631897
0.3827151954174042
0.5441100597381592
0.5191130638122559
0.5751277208328247
0.5210381150245667
0.3631605803966522
0.1602908968925476
0.363813191652298
0.47019943594932556
0.27450811862945557
0.1789248287677765
0.5408618450164795
0.20389126241207123
0.15311452746391296
0.23226766288280487
0.43180128931999207
0.6642327308654785
0.5180773735046387
0.22302445769309998
0.25382471084594727
0.40496745705604553
0.5433476567268372
0.4482835829257965
0.4720732271671295
0.33709537982940674
0.23424240946769714
0.6057333946228027
0.28738296031951904
0.2655884325504303
0.43839529156684875
0.41838741302490234
0.15932101011276245
0.6380113363265991
0.45893147587776184
0.606318473815918
0.4515379071235657
0.5896095037460327
0.4243781268596649
0.34318360686302185
0.3569493591785431
0.5241633057594299
0.5455843210220337
0.642214298248291
0.1991237848997116
0.503101646900177
0.5356605052947998
0.36449918150901794
0.48068767786026
0.6002845764160156
0.4657408595085144
0.5347166061401367
0.41500839591026306
0.43502679467201233
0.3471868336200714
0.20918485522270203
0.7780704498291016
0.4609622359275818
0.5750052332878113
0.4908839762210846
0.5524121522903442
0.2908102571964264
0.12869198620319366
0.6203969717025757
0.5974663496017456
0.2574414014816284
0.3205122649669647
0.45451366901397705
0.3472232520580292
0.49540185928344727
0.5642369985580444
0.7066137790679932
0.20948615670204163
0.20131772756576538
0.5843803882598877
0.2931114137172699
0.3321901559829712
0.554148256778717
0.46314507722854614
0.4779573380947113
0.5395225286483765
0.32017192244529724
0.5711281299591064
0.27042439579963684
0.6284825801849365
0.29912325739860535
0.5274454951286316
0.6734954118728638
0.23812581598758698
0.49588876962661743
0.3282635807991028
0.5571485757827759
0.5211063623428345
0.3464880585670471
0.20004910230636597
0.5741710066795349
0.5151656866073608
0.23361098766326904
0.30700308084487915
0.2017991542816162
0.43660327792167664
0.6417115926742554
0.6862154006958008
0.46217501163482666
0.4754111170768738
0.4634294807910919
0.5565676689147949
0.373993843793869
0.03452610224485397
0.5220122933387756
0.548025369644165
0.49263736605644226
0.3409380316734314
0.40632715821266174
0.4620670676231384
0.6883680820465088
0.4913257658481598
0.4868907034397125
0.47972431778907776
0.33473876118659973
0.5656471252441406
0.31877678632736206
0.4309065639972687
0.6474599838256836
0.18907910585403442
0.43548545241355896
0.5492550134658813
0.3865118622779846
0.4147051274776459
0.345765084028244
0.14375129342079163
0.4250616431236267
0.5720680952072144
0.2571917772293091
0.4489276707172394
0.5575189590454102
0.2616885304450989
0.3122372031211853
0.4829528033733368
0.5288090109825134
0.18724794685840607
0.6146011352539062
0.23204614222049713
0.4285539388656616
0.521935760974884
0.5126324892044067
0.29533159732818604
0.4981611669063568
0.30197542905807495
0.44415760040283203
0.0236903578042984
0.44401511549949646
0.2550262212753296
0.4420093595981598
0.4935896396636963
0.5664299726486206
0.557644248008728
0.33449310064315796
0.4266810417175293
0.4504137933254242
0.5372716784477234
0.6623574495315552
0.3408854007720947
0.558361828327179
0.3673703372478485
0.04322317987680435
0.24817276000976562
0.16254910826683044
0.10531874746084213
0.1771431416273117
0.3011668920516968
0.5696246027946472
0.5801330804824829
0.46817126870155334
0.3692784607410431
0.45569106936454773
0.5144569873809814
0.4682452976703644
0.5608237981796265
0.3670211732387543
0.16327659785747528
0.43048691749572754
0.45289212465286255
0.5146647691726685
0.2973421812057495
0.7030919790267944
0.536724328994751
0.3849339187145233
0.5960309505462646
0.46223214268684387
0.5192182064056396
0.21557959914207458
0.22914272546768188
0.2667798697948456
0.49624648690223694
0.4393225610256195
0.6022356748580933
0.5016305446624756
0.5327218770980835
0.5965635776519775
0.4145428240299225
0.5302255153656006
0.6713371276855469
0.5982788801193237
0.23682652413845062
0.27533984184265137
0.5218268036842346
0.41406407952308655
0.3765016198158264
0.614517331123352
0.38379615545272827
0.5577284097671509
0.4710436165332794
0.573553740978241
0.6041430234909058
0.6067243814468384
0.21729715168476105
0.5426080226898193
0.6994922161102295
0.5214259624481201
0.4555036127567291
0.45382145047187805
0.5292195081710815
0.48516133427619934
0.5873422622680664
0.5410488843917847
0.5225181579589844
0.46324947476387024
0.24966976046562195
0.39551278948783875
0.5474989414215088
0.4751652181148529
0.12426573783159256
0.15798276662826538
0.5225855708122253
0.6113594770431519
0.460414856672287
0.3400095999240875
0.6180627346038818
0.49220073223114014
