crRNA spacer,bh_maximal consecutive paired bases,bh_maximal consecutive unpaired bases,bh_5' overhang,bh_3' overhang,bh_5' stem,bh_3' stem,dsDNA target,ah_maximal consecutive paired bases,ah_maximal consecutive unpaired bases,ah_5' overhang,ah_3' overhang,ah_5' stem,ah_3' stem,PAM-proximal region,central region,PAM-distal region,crRNA spacer,bh_maximal consecutive paired bases,bh_maximal consecutive unpaired bases,bh_5' overhang,bh_3' overhang,bh_5' stem,bh_3' stem,dsDNA target,ah_maximal consecutive paired bases,ah_maximal consecutive unpaired bases,ah_5' overhang,ah_3' overhang,ah_5' stem,ah_3' stem,PAM-proximal region,central region,PAM-distal region
0.7683188,0.84891015,0.5740613,0.5740613,0.97322625,0.94736844,0.94736844,0.49730286,0.5071639,0.9375,1.0,1.0,0.5071639,0.5071639,0.6694905,0.34801516,0.47221366,0.00217362804951174,-9.85163117421162e-06,0.0009878035302125902,0.00033209245628857786,-0.0008027493222506312,9.606325893685902e-05,0.0006003034687098824,0.0006360103719369184,-7.323783271662184e-05,0.0,0.0,0.0,0.00015989068430921952,0.0003438601617161069,7.16911595279729e-05,-0.00198684945828544,-0.0003122881494417488
0.7075613,0.6924521,0.93773437,0.93773437,0.97322625,0.94736844,0.94736844,0.5330721,0.5430645,0.9375,1.0,1.0,0.5430645,0.5430645,0.43949056,0.51245964,0.6912137,0.0006718344513308866,-0.00042139151926470666,-0.0014102015395515905,-1.441955830909429e-05,-0.0007594405511043021,0.0002828969052258244,0.0016625715003632513,0.0006376983666951697,0.0001880351198949159,0.0,0.0,0.0,-5.020594641476653e-05,0.0006992367613857677,0.0005139175103653276,0.0010415723154262937,0.001664559899071492
0.73062944,0.83814347,0.7542858,0.93773437,0.76627636,0.94736844,0.94736844,0.36037958,0.37312913,0.9375,1.0,1.0,0.37312913,0.37312913,0.38324052,0.38468182,0.31021357,0.0008118940993644186,-8.289323605436837e-05,-0.00025553120626907103,0.00010050144185701341,0.0009031876344403816,0.00013625297982044316,0.0007192259443214985,0.0016557051872311537,-0.0008512628087222513,0.0,0.0,0.0,0.0013778833382166026,-0.0003361244189831705,0.0003511004254735491,-0.0020672207826328086,-0.002192911059335615
0.68388695,0.8351259,0.43870023,0.43870023,0.9375,0.94736844,0.99324316,0.42461058,0.43596566,0.9375,1.0,1.0,0.43596566,0.43596566,0.40824062,0.6446819,0.3492136,-0.0001131576613584817,2.5732825348151433e-05,0.0017966399486380152,3.3097348606293706e-05,-0.0004154633727774051,5.4210689385556024e-05,0.0026191442463200758,0.0016713337453171655,-0.0002974220046701937,0.0,0.0,0.0,0.0007934928160101654,0.00034405648780159765,0.0006465079226322954,0.003472249350639256,-0.001168456498008689
0.95157635,0.8752768,0.6269677,0.6269677,0.9027577,0.94736844,0.94736844,0.7123029,0.7148437,0.9375,1.0,1.0,0.7148437,0.7148437,0.7819905,0.62690413,0.6742137,0.007165204316403191,0.0002760932775316159,0.00039969576061754116,0.0001761318771996207,-8.029961639097777e-05,9.483785535957932e-05,0.001214192149109553,-0.0025420160177751705,0.0014032306366049774,0.0,0.0,0.0,-0.0016785238448602919,0.0006073722335126687,-0.00021905069831485886,0.0029029250120514096,0.0015445867900602016
0.5908188,0.8351259,0.7518398,0.7518398,0.9062,0.94736844,0.94736844,0.3530721,0.36325526,0.9375,1.0,1.0,0.36325526,0.36325526,0.2594905,0.32579294,0.4952136,-0.0037848660807697624,-3.7043328870996e-05,-0.00022682123367102067,0.00013641629779633784,-7.848312502681396e-05,6.437501843424411e-05,0.0007439717728086401,0.0010873772417537156,-0.000729292737090475,0.0,0.0,0.0,0.0010932404532217497,-0.0006183122859368976,-0.0004931817273869207,-0.003587290225182641,0.0002061377788622372
0.69850826,0.81568396,0.8205808,0.97322625,0.9375,0.94736844,0.9774537,0.5592261,0.5682623,0.9375,1.0,1.0,0.5682623,0.5682623,0.7332405,0.5569041,0.47721368,0.0005860626608981143,-0.00018575598546345212,-0.0006127643557537545,-5.9520497779983925e-05,-0.00039388955419427475,0.0001729269971631381,0.002166044299796314,-0.00015929170387113403,0.0003205830987435547,0.0,0.0,0.0,-0.0004555332618589822,0.0006295251974428378,-2.900760366066877e-05,0.001873848821029445,-0.00011093284272125233
0.8360083,0.8718827,0.8134541,0.8134541,0.84817314,0.94736844,0.94736844,0.5484566,0.5577707,0.9375,1.0,1.0,0.5577707,0.5577707,0.3644905,0.53023744,0.6852137,0.0038788400092542026,7.805930285959512e-05,-0.0005521309300437853,0.00011268186254264343,0.0004771274690133957,0.00012384896085778605,0.0008251340814224187,0.0003197241214816703,0.00034984421849852324,0.0,0.0,0.0,-7.801585708741399e-05,0.0006213729345298769,0.000499814958666854,0.0013958477416493376,0.0016510422718241304
0.73581886,0.8924943,0.83766073,0.9375,0.9375,0.8924943,0.91811174,0.6242259,0.631398,0.9375,1.0,1.0,0.631398,0.631398,0.6369905,0.6435707,0.5612137,0.001102826654650658,-4.779605419712729e-06,-0.0006180832883655091,-5.152228618183702e-06,-0.00038789380641297204,0.0001289213312745544,0.0004937082144980345,-0.000941748721459956,0.0005619284093687193,0.0,0.0,0.0,-0.0007598007525440648,0.0007067724318898989,7.647344756602773e-05,0.0033123865827812417,0.00037728422789020966
0.9998338,0.94736844,0.27422413,0.27422413,0.27422413,0.94736844,0.94736844,0.6649953,0.6633461,0.9375,1.0,1.0,0.6633461,0.6633461,0.7269905,0.6169041,0.5952137,0.00813800668310229,0.0009512760968487959,0.00124037292857333,0.00034955634582729855,0.005258893499978854,8.509527352121522e-05,0.0013147302280889245,-0.002122207665860035,0.0012905039606076725,0.0,0.0,0.0,-0.0013930641848169674,9.035212977364707e-05,-0.00036234802874631373,0.002098544256232731,0.0008594159737768777
0.8621445,0.82957757,0.4131878,0.4131878,0.9375,0.94736844,0.82957757,0.5696106,0.57863283,0.9375,1.0,1.0,0.57863283,0.57863283,0.4557405,0.6013486,0.6182137,0.004079725907867231,3.3020536952342445e-05,0.0013590468035351514,1.6604911720784297e-05,-0.00042617759522286104,6.323436254017614e-05,-0.0019834662281053845,-0.0004596477732084868,0.00039689732650932647,0.0,0.0,0.0,-0.00044267303966479904,0.00028447015973806066,0.0002855244723568672,0.0018505585516632873,0.0008948394632412927
0.574872,0.7257598,0.83945024,0.9375,0.9375,0.92512906,0.99324316,0.47153357,0.48130038,0.9375,1.0,1.0,0.48130038,0.48130038,0.5069906,0.46023738,0.4832136,-0.0037373569808436934,-0.00010611127952625134,-0.0009818304432201858,-0.00016302920895857294,-0.00046981534004940324,7.263822742359538e-05,0.002027920259642284,0.0010136203880726237,-7.063686677190545e-05,0.0,0.0,0.0,0.0004745194240348451,0.0002616249774487733,0.0005729614029712555,-0.00021219396002456064,-9.781156703875727e-05
0.6560082,0.83021325,0.7536796,0.7536796,0.9375,0.94736844,0.90702903,0.5296106,0.5440395,0.9375,1.0,1.0,0.5440395,0.5440395,0.5544905,0.5724597,0.44721365,-0.0015194885715230316,-0.00010783030204446907,-5.862168163752131e-05,0.00022134364306648755,-0.00047682178788831795,0.00021105874193138468,0.000251043351790492,0.0005798471046416627,1.4816608320307786e-05,0.0,0.0,0.0,1.896027942063075e-05,0.0003983284596324811,0.00024188962674654603,0.0014716681123725067,-0.000556561035493957
0.93657637,0.87214583,0.6826044,0.97322625,0.7455921,0.94736844,0.94736844,0.56884134,0.5790624,0.9375,1.0,1.0,0.5790624,0.5790624,0.5744905,0.6435708,0.46821365,0.006977337077767198,0.00016152365012843907,0.0003067236401228276,7.007904518389514e-06,0.0015680509880078622,0.00010428083406880707,0.0008987125463150908,-0.00026453807918025467,0.0004970935499927732,0.0,0.0,0.0,-0.00032923011888867377,0.0006699287342004948,0.00041279875985988023,0.003417460864181055,-0.0001253999234486653
0.62581897,0.56959426,0.97322625,0.97322625,0.9375,0.94736844,0.56987965,0.12653351,0.14183477,0.9375,1.0,1.0,0.14183477,0.14183477,0.1919905,0.21579286,0.13321352,-0.002749054953404112,-0.00022460663386746595,-0.0029029988327515534,0.00032750051736190293,-0.00011573398020961592,4.4841191381669796e-05,-0.007423281449123888,-0.0008375882660530603,-0.0024774289251449804,0.0,0.0,0.0,0.0011662467424962024,-0.00359601161891322,-0.002097644927724516,-0.006450191167481982,-0.0051520412929222745
0.636387,0.7757064,0.8181043,0.8662008,0.97322625,0.94736844,0.94736844,0.45537978,0.46701276,0.9375,1.0,1.0,0.46701276,0.46701276,0.3069905,0.60245967,0.47321367,-0.0021117297513747546,-0.00023244505909640883,-0.0007216951225157997,9.415552876325388e-05,-0.000883572030310421,0.000224664008105279,0.000995049846928921,0.0013260032425350754,-0.000408345032498738,0.0,0.0,0.0,0.000707726518226763,0.000107741057080683,0.00025605213393886526,0.0021271617569118516,-0.00044864191366562526
0.90062946,0.76566553,0.6846224,0.6846224,0.9375,0.94736844,0.99324316,0.74191844,0.7460457,0.9375,1.0,1.0,0.7460457,0.7460457,0.52074057,0.8246819,0.71721375,0.005089210784422435,-0.00015706336136346276,0.00017939143147929372,0.00019785044237166261,-0.0003390761033002718,1.4011685223257464e-05,0.002408817583177726,-0.00367421692716401,0.0016611175991927745,0.0,0.0,0.0,-0.002211278295093449,-0.00010070741189539985,3.4377330751760805e-05,0.005257033944422458,0.0013085997799488131
0.70081884,0.71388745,0.5495407,0.5495407,0.85603344,0.94736844,0.94736844,0.3453799,0.35880116,0.9375,1.0,1.0,0.35880116,0.35880116,0.21074045,0.45912626,0.43421364,0.00042695871199599137,-0.0004927803064042581,0.0016774293206641743,-0.0006781523800399466,0.00027685464758651435,-4.605198826651516e-05,0.000277943180507184,0.0016430043609910918,-0.0013386242913590036,0.0,0.0,0.0,0.0009963389924023836,-0.00029065006256392826,-0.0014658952151783767,-0.00013497606012274107,-0.0010737226203748566
0.4329402,0.8051949,0.7276048,0.7276048,0.9375,0.94736844,0.8769778,0.6734566,0.67201686,0.9375,1.0,1.0,0.67201686,0.67201686,0.59324056,0.53245956,0.78421366,-0.008151019865460588,-0.0002568089384462,2.4970199604252008e-05,0.0003448344917522228,-0.0004424879812103291,0.0002164456029637775,-0.0007616114801324297,-0.0013040674490664783,0.0006348608678369217,0.0,0.0,0.0,-0.0012216305082413301,0.0008214651166883677,-0.00011363929113949762,0.0009859473745221566,0.0018308606650092312
0.86388695,0.90907145,0.7408806,0.7408806,0.9375,0.94736844,0.90907145,0.90576434,0.90123993,0.9375,1.0,1.0,0.90123993,0.90123993,0.8232405,0.8669041,0.8802137,0.004128452576864082,0.0005640855044629751,-2.0181160638401143e-05,0.0001111398262091281,-0.0002768465943308098,3.7416934522316386e-05,-0.00018623600837897687,-0.006890489223645555,0.0033905664691103155,0.0,0.0,0.0,-0.00432757186784684,-0.0006902745796039135,-0.0011774761072437295,0.0055738480327409716,0.002421287731795373
0.47044012,0.80695844,0.770773,0.9375,0.99197626,0.80695844,0.94736844,0.1899954,0.20332722,0.9375,1.0,1.0,0.20332722,0.20332722,0.37574053,0.11801508,0.23921356,-0.008720150150402983,-0.000130640747192871,-0.0006993169611346881,0.00011337731896971594,-0.00029472703225860947,-0.0002198589532556071,0.0008304997312321635,-0.0008512196253884308,-0.0019521044438940837,0.0,0.0,0.0,0.0009172075350898939,-0.003127479005710529,-0.0002136002783155225,-0.009107854215772575,-0.0037808986930650936
0.752372,0.8632936,0.9396432,0.9375,0.97322625,0.9491732,0.94736844,0.52999526,0.5410171,0.9375,1.0,1.0,0.5410171,0.5410171,0.61824054,0.40134844,0.5492137,0.0016887575779209114,-0.00019202322704271502,-0.0016684671368880778,-0.00029024491329124194,-0.0008463052473093733,0.00029428273741543854,0.0009427518723725558,0.000686583604761654,0.0001189027646322377,0.0,0.0,0.0,9.471503679342534e-06,0.0005132711210522397,0.0004788233974134152,-0.0015592609566750016,0.0003593449245961925
0.7535082,0.8209835,0.78727376,0.939427,0.93773437,0.94736844,0.94736844,0.5546105,0.56332964,0.9375,1.0,1.0,0.56332964,0.56332964,0.6282405,0.5135708,0.47321367,0.001520603569782499,-0.00015399553084089756,-0.00037956976349809305,3.037051937388552e-05,-0.0003338893401323419,0.0001653154293834449,0.0007133415671307492,0.00021849784760038905,0.00016649102700520322,0.0,0.0,0.0,-0.00015617773380446412,0.0004963432860326735,0.00019762337008679402,0.0006503590626111678,-0.00023677173404636583
0.7685082,0.7470019,0.57233816,0.57233816,0.9396432,0.94736844,0.94736844,0.5334568,0.5447539,0.9375,1.0,1.0,0.5447539,0.5447539,0.48074055,0.36912632,0.6622137,0.001801868322690403,-0.0003918072968826446,0.0009074519054676153,0.00032640472003841255,-0.00033724632218907493,0.000140149951850478,0.0010767265603644565,0.0004460076209087083,0.00010090776440779925,0.0,0.0,0.0,-3.766205865848915e-05,0.0004698599238016747,0.0003946251359922718,-0.0019571664499346995,0.0012972191031481023
0.49562952,0.4278065,0.7430101,0.7430101,0.9375,0.94736844,0.4278065,0.44499528,0.4588876,0.9375,1.0,1.0,0.4588876,0.4588876,0.32074046,0.3691262,0.62721366,-0.006497693722823303,-0.0006481472724196773,-0.00021533143226803598,0.0003747211200980569,-0.00045758340259777577,0.0002483365544766566,-0.012800100929956178,0.0009941804958457942,-0.0003414111313467587,0.0,0.0,0.0,0.0005484412654642186,0.00030173978239356967,0.0003452089784537439,-0.0019463392325913898,0.0012336618315100308
0.81388694,0.8770204,0.5434421,0.5434421,0.9062,0.94736844,0.94736844,0.5742258,0.5851618,0.9375,1.0,1.0,0.5851618,0.5851618,0.33199048,0.58468187,0.70521367,0.003028603875593629,0.00017214388701236038,0.0009153277473508358,0.00018266433059544606,-0.00026020297078366283,8.299304945763517e-06,0.0006821253687858042,-0.0005456891863415672,0.0004861160582870062,0.0,0.0,0.0,-0.00039003706251863787,0.00044957504285362236,0.0004452148692371303,0.0018534800264650578,0.0016867950172234705
0.92176574,0.86317396,0.22373772,0.22373772,0.9375,0.94736844,0.86317396,0.45076445,0.4652022,0.9375,1.0,1.0,0.4652022,0.4652022,0.33574057,0.38912624,0.58021367,0.005949249755773139,0.00010510900681411302,0.002838289952296813,9.195140491180778e-05,-0.00036431004828494057,0.00010516714419755782,-0.0008567370857537708,0.001322650466778324,-0.00019129456347886958,0.0,0.0,0.0,0.0005992039801344967,0.00030188762644048545,0.000559486738539121,-0.0016597687544184661,0.0007781452899831569
0.7883189,0.80151427,0.7066275,0.7066275,0.9375,0.94736844,0.9195934,0.65307206,0.66190165,0.9375,1.0,1.0,0.66190165,0.66190165,0.5694905,0.49690405,0.74221367,0.0024993473087236324,-0.0001821253436508481,0.0001390763101840544,0.0001806508624798775,-0.0004507908698438367,7.399066800376435e-05,0.000322230194061548,-0.001271064952632486,0.000890081876919023,0.0,0.0,0.0,-0.0010197698363209053,0.000686360170619294,0.0002908054315593866,0.0005186986993184875,0.0019694068940939156
0.8483189,0.8468666,0.76737887,0.9375,0.9375,0.8468666,0.9210105,0.70807207,0.7180923,0.9375,1.0,1.0,0.7180923,0.7180923,0.68949056,0.6069041,0.7042137,0.003964454431097042,0.00010221501365690355,-7.517298831265253e-05,-0.00020439292903580327,-0.0004497084205889064,2.6360731855259305e-06,0.00025645098498257383,-0.002779567265256226,0.0013735516775901394,0.0,0.0,0.0,-0.0018101230382960892,0.000378262404653411,-0.00028966467843133284,0.002422583754457736,0.001290790968877143
0.7602507,0.8412419,0.83318925,0.93773437,0.9375,0.94736844,0.9210105,0.51922596,0.53128433,0.9375,1.0,1.0,0.53128433,0.53128433,0.48824048,0.47801515,0.59021366,0.0017723732795363928,-0.00018348848401891746,-0.0008011349865426453,-0.00024024148269176664,-0.00043268805463971894,0.00027887464709156477,0.0004155403779162764,0.0005665799218927036,-6.635025387929407e-07,0.0,0.0,0.0,2.2885955592098705e-05,0.00034784515579206816,0.00020194467600641582,8.676701824718691e-05,0.0005676339532848336
0.61081886,0.86317396,0.5621379,0.5621379,0.9375,0.94736844,0.9540876,0.45268747,0.4619895,0.9375,1.0,1.0,0.4619895,0.4619895,0.5757405,0.32579294,0.4612136,-0.0029156862455658144,-9.681570045395122e-05,0.0013477216138911175,0.0006264709400828927,-0.000378327802097517,0.00014766855911188482,0.0008671675370504284,0.0013792208914744284,-0.0003681659345436919,0.0,0.0,0.0,0.0006811282992315943,0.00011490185847684831,0.00027059945678241273,-0.003087241016894732,-0.00046689648869388973
0.7225613,0.83513457,0.82265157,0.9375,0.84983134,0.83513457,0.94736844,0.477303,0.4877373,0.9375,1.0,1.0,0.4877373,0.4877373,0.43949056,0.6180152,0.4112137,0.0008806279973452924,-0.0003663591103212971,-0.0007370358760492158,-0.00013145500710471452,0.00037954163188917705,-6.152262003258822e-05,0.0016939771199911962,0.0009282360063134771,-0.0001785088828977735,0.0,0.0,0.0,0.0002427998381246717,0.0003150688359522603,0.0002942477061683489,0.0032628202555999007,-0.0008584051294042384
0.56294006,0.84372455,0.8003784,0.8003784,0.9375,0.94736844,0.835134,0.48999506,0.49604934,0.9375,1.0,1.0,0.49604934,0.49604934,0.29199052,0.41468185,0.65621364,-0.004339813880066263,-0.0002421944212070001,-0.0005920542459906175,0.0001224793575979263,-0.00047284659708456535,0.0003124846442054091,-0.001986088103370595,0.000709855845532385,-7.11507175092092e-05,0.0,0.0,0.0,0.00019090506537531777,0.00023425092651726295,0.0002527253324809042,-0.0014165474554385016,0.0013510675270074573
0.53794,0.82255214,0.653947,0.653947,0.97322625,0.94736844,0.94736844,0.08999531,0.10536918,0.9375,1.0,1.0,0.10536918,0.10536918,0.14199042,0.11023733,0.1662136,-0.006386753606178761,-3.303733153760759e-05,0.0006100095636539093,-0.00015992090630815136,-0.00012044823541464838,4.8306626178914386e-05,0.000603294535268101,-0.0020469561277224957,-0.0032102294921468534,0.0,0.0,0.0,0.000254493540198663,-0.0047771794970655,-0.00356394801116984,-0.009729567164631029,-0.005310509884029046
0.6685082,0.8351259,0.6939778,0.9375,0.99197626,0.86317396,0.94736844,0.37230316,0.3850211,0.9375,1.0,1.0,0.3850211,0.3850211,0.41949058,0.34801516,0.3822136,-0.0015220945010181153,-0.00017085788515174813,0.00019696522314352775,-0.00041965785967130234,-0.0012548270999492095,-0.0003110171769527479,0.0007673141130695132,0.0014456276437817147,-0.0006155734467761017,0.0,0.0,0.0,0.0012190817113631222,-0.0004550619750246088,0.00033942083727645916,-0.0032282163137306186,-0.001200344967035817
0.781387,0.8011119,0.6537548,0.6537548,0.9375,0.94736844,0.94417596,0.62461054,0.6356612,0.9375,1.0,1.0,0.6356612,0.6356612,0.5044905,0.63245964,0.67721367,0.0018666395153594452,-0.00017272580886028627,0.0003687333392685461,0.00014371459104078505,-0.0005149866515495997,8.258322814743196e-05,0.0008895012910293217,-0.0011593864344026329,0.0006340655348061286,0.0,0.0,0.0,-0.0008648193571857494,0.0003628659362605146,0.00016322347159951198,0.0025517426968158763,0.0011839051064199881
0.73426574,0.7452866,0.5324621,0.93370897,0.5289172,0.94736844,0.94736844,0.54307187,0.55282694,0.9375,1.0,1.0,0.55282694,0.55282694,0.4469905,0.54468185,0.57621366,0.0009228506677611475,-0.0003766879099658981,0.0009050782162609891,0.00011279542110368384,0.0034830259652573773,8.102781410075116e-05,0.0009737604173575331,0.00014727327900444909,0.000234995801671668,0.0,0.0,0.0,-9.774088773936049e-05,0.0004384418437454204,0.0003848265461145929,0.0012144297088171204,0.0007323115549037696
0.73907644,0.5962926,0.97322625,0.9375,0.9375,0.5962926,0.9774537,0.35461074,0.36740124,0.9375,1.0,1.0,0.36740124,0.36740124,0.40824056,0.47801515,0.28321362,0.0016648432221735504,9.825567389766701e-05,-0.002389200639354858,-0.00019245626325340077,-0.00038782650976794104,-0.00169937043293552,0.0019092660877249718,0.0013629463292352797,-0.0006168551240681532,0.0,0.0,0.0,0.001277410485259831,-0.00045488394627808985,0.0004243885143545839,2.215356768283272e-05,-0.0021835526937342927
0.56619763,0.66441905,0.63742185,0.63742185,0.9375,0.94736844,0.90371996,0.38037974,0.39293024,0.9375,1.0,1.0,0.39293024,0.39293024,0.4082405,0.34690413,0.39421368,-0.0043796887337693826,-0.0004163807473712122,0.0005776734663063883,0.00036260743084286646,-0.00040903422831742894,0.0001764854282169176,5.887151541895674e-06,0.001663003870726771,-0.0005871368283877807,0.0,0.0,0.0,0.0012290287224514878,0.00010206658814746294,0.0006987767505704334,-0.002436087972352667,-0.0011281114011431476
0.87657636,0.8718827,0.4053604,0.4053604,0.9375,0.94736844,0.8718827,0.6188413,0.6304975,0.9375,1.0,1.0,0.6304975,0.6304975,0.5932405,0.53023744,0.6022136,0.004246428675145019,0.00023357355108090828,0.0013108538772008958,0.00010546820923613726,-0.0005002337758503763,-1.836574543451326e-05,-0.0008688056076468167,-0.001106442578840222,0.0006326087663584938,0.0,0.0,0.0,-0.0008229466592688839,0.0003380975778658183,-3.736303211026519e-05,0.0008706333688631149,0.0006523342575464329
0.8660082,0.90702903,0.45746052,0.45746052,0.9375,0.94736844,0.9210105,0.38037974,0.39514127,0.9375,1.0,1.0,0.39514127,0.39514127,0.4307406,0.40912616,0.4282136,0.003919050544529666,2.8429910538209716e-05,0.0018279457653559668,0.0002542923898381835,-0.0004974613161106964,0.00017519161208416942,0.0004778326397730609,0.00246298386588273,-0.0008782512058383285,0.0,0.0,0.0,0.0012153799465484062,0.00011086841321917552,0.0004450036504634119,-0.0016009576711880484,-0.0007902934549146417
0.35794014,0.8031801,0.93773437,0.9375,0.97322625,0.9210105,0.94736844,0.3457643,0.35867777,0.9375,1.0,1.0,0.35867777,0.35867777,0.21074045,0.34245956,0.4832136,-0.012669052552954661,-0.00013189689150059004,-0.0026275765054906176,4.924683464101491e-05,-0.00043693012224485414,3.723284412509548e-05,0.0011016811428709425,0.000379113542970939,-0.0007751702393681946,0.0,0.0,0.0,0.0008456507358330228,-0.0011715845043560442,-0.0011479351394414325,-0.003637870134423664,-0.0002803912103237669
0.5027507,0.63652635,0.7727039,0.9375,0.97322625,0.878765,0.94736844,0.111149274,0.12716095,0.9375,1.0,1.0,0.12716095,0.12716095,0.21074045,0.03690402,0.23921356,-0.007267835626597052,-0.00028602660075898253,-0.0008176144713765769,0.0005821122612795492,-0.00015107951422446705,-2.156386692226675e-05,0.0006875278178316533,-0.003140229643860378,-0.002843395452305965,0.0,0.0,0.0,-7.782118210849347e-05,-0.0050769146497743655,-0.002876082184996611,-0.011715957223353017,-0.004415526405002991
0.9998338,0.94736844,0.5164872,0.5164872,0.5164872,0.94736844,0.94736844,0.85730296,0.85531735,0.9375,1.0,1.0,0.85531735,0.85531735,0.8382405,0.81134856,0.81721365,0.00808608316336635,0.000837908787261865,0.00041268515223544613,0.0005079828379356191,0.003105819948625896,7.48477211498369e-05,0.0006800655772801284,-0.005463216491620391,0.003096532109931232,0.0,0.0,0.0,-0.0036042205549706623,-0.00039862439511474624,-0.0007624670896952975,0.004874006341904111,0.0021304426371809644
0.8986976,0.8695136,0.6853223,0.6853223,0.84719163,0.94736844,0.94736844,0.5315335,0.5402722,0.9375,1.0,1.0,0.5402722,0.5402722,0.6982406,0.4380152,0.45621365,0.005891603731204231,-1.1103377613456751e-05,0.0003788490377934886,0.00020555638676069402,0.0006978940747805437,0.00015081145804383438,0.0012624399943269669,0.00023394139597570547,0.00022034910401536297,0.0,0.0,0.0,-0.0001715153205812222,0.0004429617847938818,0.0002967448153800154,-0.000376805506915366,-0.0002961832845511194
0.6077507,0.84372455,0.9068758,0.9068758,0.9375,0.94736844,0.9540876,0.58768743,0.5895054,0.9375,1.0,1.0,0.5895054,0.5895054,0.5682405,0.466904,0.7632137,-0.0030735679879730234,-0.000151163566868956,-0.0012664567457467846,-0.00045076610313741274,-0.0004432483948530634,0.00012577368935619954,0.0010271201518783845,-5.3922629870415e-05,0.0001983136397237511,0.0,0.0,0.0,-0.0003647566675117991,0.0008184488556769593,0.00012139400947733764,-4.015119296297554e-06,0.0015752437112861034
0.6917657,0.708707,0.5650631,0.5650631,0.9375,0.94736844,0.70636094,0.46961066,0.4831883,0.9375,1.0,1.0,0.4831883,0.4831883,0.27949047,0.63690406,0.53421366,0.00018246938548773046,-0.0004895539361196207,0.0013069182901722458,9.903144630637049e-05,-0.00037228313473701446,5.675379477306994e-05,-0.005453748061648418,0.0009911771814448272,-0.0001727444056815148,0.0,0.0,0.0,0.00041555937164845845,0.0003489631582481991,0.00045506913048119156,0.0031987598181009973,0.0003845875327062284
0.8263869,0.89307725,0.67867607,0.9375,0.9375,0.9210105,0.9210105,0.4869184,0.5006331,0.9375,1.0,1.0,0.5006331,0.5006331,0.37824053,0.5724596,0.4622136,0.0036732616686984275,-5.217683007781276e-05,0.00046407857287616197,-3.8932496699467234e-05,-0.000530422872786083,0.00015211510610038865,0.00041171066566253494,0.0010269069132655716,-6.19524309974366e-05,0.0,0.0,0.0,0.00019738910850434867,0.0003162892093786465,0.00039319230818763486,0.0019863391001830395,-0.0003346569693091439
0.6054401,0.6504524,0.844046,0.9375,0.8662008,0.6504524,0.94736844,0.43576446,0.44734588,0.9375,1.0,1.0,0.44734588,0.44734588,0.3844905,0.4257929,0.55421364,-0.0038453033687871657,0.00012050876499684329,-0.001405801457975849,-0.0004694988998783232,0.0002769428758141813,-0.0015329093383706794,0.0004264477943490852,0.0009750088206852941,-0.00034589064250154574,0.0,0.0,0.0,0.0007897663928288648,-0.00016792591681736655,0.0002512425103226415,-0.0015842047878831893,0.0002933415017932794
0.3825615,0.75039107,0.7892912,0.7892912,0.9062,0.94736844,0.94736844,0.37691835,0.3915745,0.9375,1.0,1.0,0.3915745,0.3915745,0.48824054,0.30357075,0.39421368,-0.010492823094923052,-7.169135379647291e-05,-0.0006274535645956813,0.00011305820088783733,0.00016207803921631625,0.00024514068551056403,0.0010167889738568856,0.0010613813266151474,-0.0004575757373950916,0.0,0.0,0.0,0.0011605819414022129,-0.0004222919784599655,0.0006882235106352625,-0.004243133886267279,-0.0011202981343225705
0.4483189,0.822561,0.8205806,0.8709672,0.99197626,0.94736844,0.94736844,0.23153378,0.24524695,0.9375,1.0,1.0,0.24524695,0.24524695,0.19699049,0.33579287,0.2942136,-0.009322532646747891,-9.308347493252655e-05,-0.0012906915974140436,0.00042208033439759,-0.0003234006502221396,6.064059525832999e-05,0.0008820564238999709,-0.00035207097060132675,-0.0017198007732541823,0.0,0.0,0.0,0.0008204570356170782,-0.0025493432048866527,-0.0018280356960143395,-0.0037915772963959143,-0.0028665897083727404
0.8552508,0.7995279,0.92967683,0.92967683,0.89658135,0.94736844,0.94736844,0.6792258,0.6821478,0.9375,1.0,1.0,0.6821478,0.6821478,0.6769905,0.48468176,0.79121363,0.004028031822894537,-0.00023753373633798197,-0.0009414437392779704,-9.438341364127955e-05,3.028741785791232e-05,0.0001283339223366412,0.0015930284142470896,-0.0016880513368111123,0.0007394966473738552,0.0,0.0,0.0,-0.0012189460234132514,0.0006344644436901428,-0.00011687179457646436,-1.642041791457563e-05,0.002021832906176313
0.92176574,0.8913406,0.4337813,0.4337813,0.9375,0.94736844,0.8913406,0.7061491,0.7174115,0.9375,1.0,1.0,0.7174115,0.7174115,0.6269905,0.7335708,0.6492137,0.006197245100980622,0.00041127593226872517,0.0011193929788015106,0.00026283331870996014,-0.00037435128339225956,2.6485006732473934e-05,-0.0001402625504502117,-0.002678654005485301,0.0013984095667976077,0.0,0.0,0.0,-0.0019176529816626973,0.0002860494182419252,-0.0001761830841714221,0.004410932614488612,0.0011178153492585915
0.60119754,0.7789187,0.9045032,0.9045032,0.9062,0.94736844,0.94736844,0.32461065,0.33740696,0.9375,1.0,1.0,0.33740696,0.33740696,0.29074037,0.26912636,0.3952136,-0.003129338578919334,-0.00011885432245831169,-0.002268634403183554,0.00012366571679953424,6.357825055281971e-05,0.0001386799866617426,0.0012119033840604877,0.0006335863401300337,-0.0008764305651081027,0.0,0.0,0.0,0.00100376914010384,-0.001150892077345724,-0.0003857324097083048,-0.004822047614869621,-0.0012917869275909765
0.78619766,0.8838278,0.813979,0.97322625,0.90427727,0.94736844,0.94736844,0.5965337,0.60992485,0.9375,1.0,1.0,0.60992485,0.60992485,0.30324042,0.6380152,0.6562137,0.0024425642823402505,9.706359634839588e-05,-0.00038803683831722046,-8.395822417383257e-05,-0.00012045718848929451,0.00010033598496312454,0.0007366892325789281,-0.000223373885364336,0.0004798237881605641,0.0,0.0,0.0,-0.00042167263808262975,0.0006744822608849715,0.0004978744420637047,0.00320897588390134,0.0011879328700441097
0.8233189,0.82982767,0.7120869,0.7120869,0.9657926,0.94736844,0.94736844,0.5130721,0.51872176,0.9375,1.0,1.0,0.51872176,0.51872176,0.46199054,0.56134856,0.50221366,0.00311011660167432,-3.871012214996385e-05,-4.0607612517016206e-05,0.00025206721994331266,-0.0007722361822003862,0.00010270452105853264,0.001017459244306958,0.0005890247015823536,0.0001419643927154101,0.0,0.0,0.0,0.00012091374496201006,0.0003441642601495156,0.0004321124483915664,0.0016042361745260635,9.588752737438582e-05
0.65487194,0.79066306,0.870967,0.9375,0.9375,0.79066306,0.99324316,0.6261492,0.6351949,0.9375,1.0,1.0,0.6351949,0.6351949,0.61824054,0.5080151,0.6902137,-0.0018964934378446962,-0.0001668312979914535,-0.0008966039561169544,-0.0003611661127145635,-0.0005574587276671979,-0.00040120653498945316,0.0018818282493984404,-0.00033483942837038053,0.00034249017568051596,0.0,0.0,0.0,-0.0007057214803837639,0.0011513575787200881,0.00012728470671651958,0.0009525522546274329,0.0012586412263875318
0.56350815,0.76654816,0.35762897,0.35762897,0.9375,0.94736844,0.77891827,0.21999505,0.23299456,0.9375,1.0,1.0,0.23299456,0.23299456,0.2182405,0.276904,0.26021367,-0.00488131067735441,-0.0002012101458392206,0.003901821847899536,-0.0005882145314546149,-5.283784280722497e-05,6.645243186010965e-05,-0.0027627767947893804,0.000317409402131969,-0.002181300758762647,0.0,0.0,0.0,0.0010847060363370316,-0.00212662441326744,-0.0017743689886112442,-0.00441074910237291,-0.0036751005463056307
0.51294017,0.06016798,0.9375,0.9375,0.9375,0.06016798,0.06016798,0.22384144,0.23770326,0.9375,1.0,1.0,0.23770326,0.23770326,0.29324055,0.2424595,0.20621356,-0.006111509405944393,0.0028846903900299438,-0.001763075164983471,-0.001185907493650747,-0.0003253215029399401,-0.003256827093073027,-0.02427792843618124,0.00028866558812969844,-0.0006661665848304754,0.0,0.0,0.0,0.003038358255441911,-0.001093448774520768,-9.184919273055226e-05,-0.004916665565152875,-0.0027718001943091413
0.95157635,0.851229,0.7723233,0.92267436,0.7934771,0.94736844,0.94736844,0.7646105,0.7673569,0.9375,1.0,1.0,0.7673569,0.7673569,0.6794905,0.80245966,0.6832137,0.006849063914797551,0.00011473758554423961,-0.00011365495970987856,-9.365022978257579e-05,0.0009510965469396351,0.000128987467513072,0.0007099956693175189,-0.0040538692954301785,0.0022935329854018895,0.0,0.0,0.0,-0.0027493807732943652,-0.00011837227357181213,-0.0003394012003450325,0.005178716734095609,0.0013562032070316072
0.5479401,0.82386917,0.9062,0.9062,0.9375,0.94736844,0.76814896,0.57191837,0.58315814,0.9375,1.0,1.0,0.58315814,0.58315814,0.48824048,0.6013485,0.61821365,-0.005022432761629245,-0.00019540898094159623,-0.0013735727544027104,-0.00031745001793659453,-0.00041236349219273173,0.00019620965500054355,-0.0035607813190766473,0.00023820508022034476,0.00020973474482902845,0.0,0.0,0.0,-0.0005274527984132017,0.0007108194598095549,0.00027997559401685737,0.002376420538286279,0.0009776316784497472
0.60044,0.836121,0.90427727,0.90427727,0.97322625,0.94736844,0.94736844,0.64345676,0.65437114,0.9375,1.0,1.0,0.65437114,0.65437114,0.35699046,0.7969041,0.6222137,-0.0028841118925617953,-0.00015076165821937984,-0.0009308478409762691,5.3941451698262165e-05,-0.0009272886318184302,0.00017949054755643805,0.001068770317524972,-0.0009602356859051137,0.0007130178188681681,0.0,0.0,0.0,-0.00096327702279899,0.0007381318399262462,0.0004629804306467936,0.005846981170469847,0.0009031854299182314
0.52081895,0.81568533,0.6810789,0.6810789,0.90427727,0.94736844,0.94736844,0.45037988,0.46275482,0.9375,1.0,1.0,0.46275482,0.46275482,0.25199044,0.51357067,0.5702137,-0.005203607779029014,-0.00019290124628501722,0.0005975629787738267,0.0005364270572116644,-9.781078955727995e-05,0.00018886605396836566,0.0010396049144630447,0.0013048836195058717,-0.0002486059971049635,0.0,0.0,0.0,0.0006933063470711444,0.0001992233457842156,0.0002018254871844495,0.0005268971926178812,0.0007384393088472959
0.61756134,0.6520113,0.7555928,0.7555928,0.9375,0.94736844,0.92728084,0.531149,0.5390925,0.9375,1.0,1.0,0.5390925,0.5390925,0.5257405,0.36468178,0.6952137,-0.0018776522107080338,-0.000543192125769715,-0.0001120651282244757,0.00028426903688315785,-0.00038231087957271833,0.00029621772298151064,0.0006372191658489392,0.00045441578828151705,0.00018087727268112613,0.0,0.0,0.0,-0.00012921604441831742,0.0006284196470280199,0.00037904575571909933,-0.0016346065834158647,0.0016750757181005751
0.7733189,0.83687055,0.5994909,0.5994909,0.9396432,0.94736844,0.94736844,0.41307214,0.42598483,0.9375,1.0,1.0,0.42598483,0.42598483,0.48074055,0.4824596,0.3492136,0.001967105648232964,2.752618374937676e-07,0.001025105535055209,3.9886022591397805e-05,-0.00035587291533349197,7.290505716769328e-05,0.0005388560967450224,0.00183102835366859,-0.000517760371754227,0.0,0.0,0.0,0.0009713339241731489,0.00024586825804791745,0.0006286187368034063,0.0001592421414728465,-0.0017329990732330536
0.80812955,0.83134204,0.87109214,0.87109214,0.85603344,0.94736844,0.94736844,0.3565335,0.36983806,0.9375,1.0,1.0,0.36983806,0.36983806,0.15699041,0.406904,0.5462136,0.00284511342598161,-9.687842671657516e-05,-0.00170036987912558,0.0002861586165885721,0.0004642277179908383,0.00017754283232457495,0.0004796761658571425,0.0014117328585625817,-0.0008604930095555344,0.0,0.0,0.0,0.0012132142212040401,-0.0005252653235158115,-0.0008181379511900841,-0.0018145118185641511,0.0003713722389843479
0.64987206,0.6083681,0.8871432,0.8871432,0.8671419,0.94736844,0.94736844,0.43653357,0.44739226,0.9375,1.0,1.0,0.44739226,0.44739226,0.5107406,0.38912624,0.4372136,-0.001162946138711889,-0.0001795768364023446,-0.0015536210879397074,-4.313885231996967e-07,0.0005565857903288829,0.0002595174891525712,0.0012387387117654453,0.001023710816542809,-0.0003221400429740655,0.0,0.0,0.0,0.0006255254063371246,0.00017990664598428825,0.00038446718166666055,-0.0017289034046127935,-0.0006846899251065668
0.92676574,0.9210105,0.3154498,0.3154498,0.9375,0.94736844,0.99324316,0.5253796,0.53209835,0.9375,1.0,1.0,0.53209835,0.53209835,0.58699054,0.3713485,0.60021365,0.006319449460939195,0.0002831251651756249,0.0022028031313138185,0.00047109108891858016,-0.00029436365253849233,9.966956025515165e-05,0.0026915520561429907,-2.0437937114326813e-05,0.00014939947517170617,0.0,0.0,0.0,-0.00014542931830417835,0.0002694386056769589,3.553731670542635e-05,-0.0016307855714742861,0.0007583752429351472
0.8985082,0.7348976,0.5312666,0.8671419,0.62589455,0.94736844,0.94736844,0.43268746,0.43623564,0.9375,1.0,1.0,0.43623564,0.43623564,0.50449055,0.4946819,0.39321366,0.004950674653885268,-0.000413468999110598,0.0011093875771434692,0.00027912421140191134,0.0024818719069208063,9.819078801280488e-05,0.001009399329439411,0.0016926700874484982,-0.000488806275473742,0.0,0.0,0.0,0.0009027259823459869,0.00023245929006318367,0.0005148050910432112,0.0002481054494964685,-0.0009938332645927491
0.3525614,0.8610319,0.9005916,0.9396432,0.939427,0.94736844,0.94736844,0.53076434,0.5409976,0.9375,1.0,1.0,0.5409976,0.5409976,0.37824053,0.5680152,0.6292137,-0.011500132743859685,-0.0001833575972776521,-0.0016175620477503932,-0.00036143655722165784,-0.0004475102297179956,0.00021354664776949465,0.0006017569285249668,0.0005363833365068384,0.00013411298713103217,0.0,0.0,0.0,-1.2384303615214366e-05,0.0004963712119542136,0.00036203193095471514,0.002042397349710689,0.0010390048589609658
0.54794,0.73675466,0.78061694,0.78061694,0.9062,0.94736844,0.94736844,0.39422593,0.40685606,0.9375,1.0,1.0,0.40685606,0.40685606,0.30949044,0.17801517,0.64421374,-0.004743216165018902,-4.587443207388901e-05,-0.0006836381628643484,0.00020219908036432248,-0.0002140502118633431,0.00018973359872180218,0.0013018223368032543,0.0011191224750249935,-0.0003188567338657721,0.0,0.0,0.0,0.000966956174180651,-0.00023293142738564868,0.000203989063172603,-0.006722117806805423,0.0015000248266462918
0.6602508,0.8718826,0.913646,0.913646,0.9657926,0.94736844,0.94736844,0.56884134,0.5752508,0.9375,1.0,1.0,0.5752508,0.5752508,0.4807405,0.49357066,0.6882137,-0.00042192617290957244,-0.0002957683276752689,-0.0012524264036921846,-0.00030454650833836375,-0.0007013712038134728,0.0003243393692999399,0.0015825108746912876,0.0003023650959558938,0.0002587912821405185,0.0,0.0,0.0,-0.00035982927245454014,0.0008420114790996529,0.00041530448588545667,0.0006277614674347061,0.0014789130926375837
0.66775066,0.83134204,0.7064155,0.9375,0.6682432,0.83134204,0.94736844,0.4157643,0.42796353,0.9375,1.0,1.0,0.42796353,0.42796353,0.3582405,0.34468186,0.5112136,-0.0006441429412729832,-0.0002086891854122886,0.00037996285310209474,-0.000347866066233649,0.0026735265097776032,-0.0004955577681089959,0.00068982727806744,0.0010497817151978903,-0.0003397727916787827,0.0,0.0,0.0,0.0008427900702837342,-0.00022958987858660477,0.00022296729969396384,-0.002953478953338738,5.2515550297714265e-05
0.5586975,0.7504831,0.7169497,0.9375,0.9375,0.7504831,0.7504831,0.41845703,0.43206048,0.9375,1.0,1.0,0.43206048,0.43206048,0.24074042,0.60468185,0.37721357,-0.004090217995271274,-4.943902533761103e-05,-6.34423384326269e-05,-0.0002848245744378686,-0.0004683595990734344,-0.0008212823034470083,-0.0042227226662834615,0.0010831477402903356,-0.00017030862057427993,0.0,0.0,0.0,0.0006809886491606484,0.00019365946994327892,0.00015493399720777586,0.003456750565942264,-0.0008991813666159246
0.8783188,0.8609924,0.83766073,0.9375,0.9375,0.9365335,0.91174996,0.63345677,0.6432066,0.9375,1.0,1.0,0.6432066,0.6432066,0.69199055,0.56579304,0.5362137,0.004720712655241671,7.648534713975322e-05,-0.0005887074608644741,-6.344334918097284e-05,-0.0003962309779808311,9.474626334964757e-05,1.0394368013788847e-05,-0.0015204102244571454,0.0007546715350416105,0.0,0.0,0.0,-0.0009550336930961812,0.0005426671965666232,-0.00010701684752247616,0.0019299250394695857,0.0001040128814193235
0.75544006,0.8065975,0.94547904,0.94547904,0.9201982,0.94736844,0.94736844,0.7207644,0.726292,0.9375,1.0,1.0,0.726292,0.726292,0.7094905,0.6713485,0.7302137,0.0017545674426526256,-0.00012460432979073885,-0.0006347493422705497,-9.713336597790807e-05,-0.0001657581428082573,0.00014424866997111345,0.0014367324649420849,-0.0026685732633101506,0.0012998717725028744,0.0,0.0,0.0,-0.001879734794355308,0.0003226976402832914,-0.0004248081749659297,0.0031480628160645645,0.0014918087107807843
0.7290764,0.8351259,0.34936094,0.34936094,0.97322625,0.94736844,0.94736844,0.47384146,0.4860038,0.9375,1.0,1.0,0.4860038,0.4860038,0.3644905,0.5169041,0.47921363,0.0007526239146735408,1.0827499915976452e-05,0.0019819332848201076,5.612159016939413e-05,-0.0007970384651091534,9.592053866953762e-05,0.0010130984482055556,0.0012456264714902972,-0.00014606916827444806,0.0,0.0,0.0,0.0005354435268676397,0.00041632289903178825,0.0005939820736130752,0.0007577235614379333,-0.0001097532868691463
0.5406295,0.33122015,0.9375,0.9375,0.9375,0.33122015,0.33122015,0.55807215,0.5647961,0.9375,1.0,1.0,0.5647961,0.5647961,0.48199052,0.48912632,0.58921367,-0.006112974217487184,0.00015106453769949817,-0.0012776597994213989,-0.0008894498642786319,-0.00044194341307738966,-0.0034968113867372376,-0.017474450845510872,0.0003819747369570697,-4.340780464904466e-05,0.0,0.0,0.0,-0.00013378260065273088,0.00036776758583478413,0.0002615384517688868,-0.00034965422483045625,0.000425593096880438
0.7765763,0.7311599,0.6809361,0.8812183,0.71821624,0.94736844,0.94736844,0.64461046,0.65345407,0.9375,1.0,1.0,0.65345407,0.65345407,0.66074055,0.6046819,0.6292137,0.0017728058788416367,-0.0004477864279692811,0.00020692174255205543,1.1692002989239797e-06,0.0016378382348590844,0.00011410961757287716,0.0007173846284216801,-0.0016430231054635818,0.0009669380217708664,0.0,0.0,0.0,-0.0011700754630250688,0.000249002353816203,-0.00022619955874281325,0.00210383126768154,0.0008915758176427977
0.74062943,0.8718826,0.7723428,0.9375,0.83086413,0.94417596,0.94736844,0.44730288,0.45519873,0.9375,1.0,1.0,0.45519873,0.45519873,0.5307405,0.43023735,0.4282136,0.0011234729198707633,-0.00021051479354605075,-0.00034875499446462296,-0.00025062500076021284,0.0006177642242295892,0.00021523957360835956,0.000678402665086823,0.0013498987867319717,-0.0003200860389231622,0.0,0.0,0.0,0.0007110700339261625,0.0001947936458441874,0.0005269888012458231,-0.0009753424209989002,-0.0006510796108810367
0.70331883,0.8067395,0.54534835,0.54534835,0.93773437,0.94736844,0.94736844,0.31345674,0.32641408,0.9375,1.0,1.0,0.32641408,0.32641408,0.40074056,0.20579296,0.42621365,0.0003214303476169622,-0.00013541319798861145,0.0016425582256061216,0.00024590557676847335,-0.0002943408429259962,0.00012462956393271372,0.0009368996429417906,0.0016075294494706676,-0.0011520083740079324,0.0,0.0,0.0,0.001295771578637508,-0.0007393100404843749,0.0003317788479670815,-0.005827328638701607,-0.0008980075665867645
0.55581886,0.8069667,0.7661402,0.7661402,0.7727039,0.94736844,0.94736844,0.1976876,0.21106984,0.9375,1.0,1.0,0.21106984,0.21106984,0.1919905,0.15468185,0.3732136,-0.005941715055476049,-7.78419841427487e-05,-0.000690843296296576,0.00025212355363129195,0.00025434648084911776,9.332189556283482e-05,0.000561174773818886,-0.001437354317104057,-0.00217355850159211,0.0,0.0,0.0,0.0003434104561272068,-0.0035349324162161078,-0.0026346354616429086,-0.008535935673271829,-0.002100452869659053
0.30506137,0.65253717,0.93773437,0.9375,0.9396432,0.65253717,0.94736844,0.5692257,0.5808485,0.9375,1.0,1.0,0.5808485,0.5808485,0.5619905,0.6069041,0.5202136,-0.013306809151248645,-0.00017513632165308486,-0.001687596842153213,-0.000410399117743638,-0.0003065467728698543,-0.00135535488650675,0.0011603456214819606,0.0005295916084471055,0.00010991439284388792,0.0,0.0,0.0,-0.00017827216813250558,0.0006578907565605023,0.00035617180718416365,0.002408670012913942,1.5695033516360953e-05
0.7379401,0.85512465,0.68974626,0.68974626,0.9375,0.94736844,0.99324316,0.47999528,0.48904103,0.9375,1.0,1.0,0.48904103,0.48904103,0.5319905,0.41468185,0.5602137,0.0009272834913851996,-0.00010633241164002548,0.0003829459720400418,0.0002473352638128245,-0.0004567998389910989,0.0001920661216743761,0.002261394511023295,0.0010359853405661527,-0.0001675170409503786,0.0,0.0,0.0,0.00032313424032439877,0.00035665802148384746,0.0003226015721191841,-0.0011312333327125417,0.0004939397920745476
0.7735083,0.86129063,0.68500817,0.68500817,0.9375,0.94736844,0.87386805,0.68114895,0.69025606,0.9375,1.0,1.0,0.69025606,0.69025606,0.5632405,0.6069041,0.73521364,0.0018716273963360352,0.0001599383978355591,0.00020375242377227484,0.0001200804436792496,-0.00034671109364512847,3.538458561839069e-05,-0.0008201061436281026,-0.0018058443195963936,0.0010176943195678572,0.0,0.0,0.0,-0.0012967688184210412,0.0006121216451851548,0.0001281263213668505,0.002299473063930357,0.0016768493529419188
0.8233189,0.86480016,0.7041689,0.939427,0.9375,0.94736844,0.99324316,0.40345675,0.41311568,0.9375,1.0,1.0,0.41311568,0.41311568,0.52074057,0.29690403,0.4282137,0.004355648177096685,-0.00019896494548584471,0.00010609691881815074,-0.00017564845154743338,-0.0004024317452687342,0.0002341643935297462,0.002267014007072132,0.0012757714645976054,-0.0003308980250734117,0.0,0.0,0.0,0.0008205439834577271,-0.00011644641010769508,0.0005151518379202035,-0.0037937322994090537,-0.0004360421484127131
0.86100817,0.59421164,0.88211405,0.9375,0.9375,0.59421164,0.88325834,0.62422585,0.62569517,0.9375,1.0,1.0,0.62569517,0.62569517,0.71199054,0.54468185,0.47321367,0.004636001423961748,-0.0007997283186434015,-0.0005879494475186479,-0.0001531108368854257,-0.00035604202191819387,-0.0005332834687641925,-0.00019688516980453623,-0.0007264237689981648,0.0006764788703569947,0.0,0.0,0.0,-0.0009105451621170451,0.0005523059099926257,0.00011183693437931786,0.0015472044476930427,-0.000138018483321354
0.6610082,0.76161695,0.8810272,0.97322625,0.9375,0.94736844,0.99324316,0.38384116,0.39542285,0.9375,1.0,1.0,0.39542285,0.39542285,0.42699057,0.29690403,0.50121367,-0.0012676415615959968,-0.00012968017544510372,-0.0017892276650502228,-0.0005714412878853206,-0.00039480605507814516,0.00024616607358714715,0.0024850978955585313,0.0011881638363861198,-0.0004739041082030809,0.0,0.0,0.0,0.000980379110078154,-0.00032422244414811167,0.00036816475511404506,-0.0039075523120496855,-6.186980778529958e-06
0.78869754,0.8714673,0.8349759,0.9396432,0.8197494,0.94736844,0.94736844,0.55114895,0.5625913,0.9375,1.0,1.0,0.5625913,0.5625913,0.68949056,0.35801518,0.66921365,0.0026735367819111728,-0.00018979982548076956,-0.0006183343666203087,-0.00024556932393954685,0.0008587248295403072,0.0001507667778799013,0.000685776268250676,0.0002761419378985745,0.00015652546207369555,0.0,0.0,0.0,-0.00020397057860312712,0.0006991162065341492,9.296691528699775e-05,-0.0020984896368693453,0.0012803191789691026
0.7275614,0.775138,0.8709672,0.8709672,0.9375,0.94736844,0.99324316,0.49884123,0.50551724,0.9375,1.0,1.0,0.50551724,0.50551724,0.70699054,0.36468178,0.52121365,0.0005242360741524182,-0.00026789234919462985,-0.0010240022203495108,-9.546059090362078e-05,-0.0005500371432621499,0.00026450599761200836,0.002469382330431949,0.0008936438518298319,-0.0001854394750453613,0.0,0.0,0.0,0.00023644515753391577,0.0002578561375309591,8.194175841201537e-05,-0.0024919851745226706,0.00017876421622391918
0.7421444,0.81568396,0.44445586,0.44445586,0.9375,0.94736844,0.81568396,0.6003798,0.609282,0.9375,1.0,1.0,0.609282,0.609282,0.50199056,0.535793,0.6802137,0.0008186276109565679,-4.399152812419323e-05,0.0012538815638257685,6.581337600244514e-05,-0.00046470618444421517,2.0494194415610762e-06,-0.002444278960965409,-0.0005435947951764148,0.0005685799033829864,0.0,0.0,0.0,-0.0005172535069509779,0.0005447052698289366,0.0003315678195290124,0.0012182981722068643,0.0013855785478942763
0.83407634,0.8610319,0.6930288,0.6930288,0.9375,0.94736844,0.9193914,0.51537985,0.52560276,0.9375,1.0,1.0,0.52560276,0.52560276,0.19074047,0.6435707,0.6352137,0.0035722307928997884,0.00012509499298767848,0.00029953563376099315,0.00013354295391265948,-0.000339140967980879,3.7934340885366904e-05,0.00010413843818474433,0.0007300158226279438,9.135399409929155e-05,0.0,0.0,0.0,0.00018546530827492753,0.00041684812128547216,0.0005205243674631684,0.003074503747208039,0.0011568002663233153
0.7460082,0.8180359,0.4489669,0.4489669,0.9375,0.94736844,0.9774537,0.506149,0.51967335,0.9375,1.0,1.0,0.51967335,0.51967335,0.32949054,0.6435707,0.50121367,0.0009845580513309952,-3.251982380844568e-05,0.0012607637619992734,7.602613492335372e-05,-0.0004697493824823307,9.147188472423268e-05,0.002045822087787036,0.0005795494284736967,0.00019788471408758377,0.0,0.0,0.0,0.00017475842548834704,0.0004126960599393138,0.0006409831596119877,0.003068753305250834,0.00021237517415756275
0.82025075,0.8437318,0.8205806,0.9375,0.9657926,0.94417596,0.94736844,0.46614897,0.4741344,0.9375,1.0,1.0,0.4741344,0.4741344,0.46699053,0.5113485,0.4372136,0.003148323093777207,-0.00018580744225026052,-0.0005431390611638663,-8.367086863212552e-06,-0.0006961608351516822,0.00023653604942842763,0.0012523216690083967,0.0012088095326509467,-0.0004071475808955374,0.0,0.0,0.0,0.0005370630843603725,0.0001933232470427176,0.0002457588923090564,0.0004957577618663408,-0.0009013247550103111
0.8836976,0.8695136,0.64844203,0.64844203,0.9201982,0.94736844,0.94736844,0.5807645,0.5886421,0.9375,1.0,1.0,0.5886421,0.5886421,0.5132405,0.6480152,0.43821365,0.0052701515508798025,0.0001909785291096445,0.0005015423744566627,0.00012139411262757305,-0.0003020649805065148,4.9844377140250276e-05,0.0010929093266833024,-0.0007405303022155897,0.0005378807234483026,0.0,0.0,0.0,-0.0005841889839477062,0.00039433931569672967,0.00022238499349131176,0.003355912909555128,-0.000505599803320807
0.34737208,0.77514195,0.9045171,0.939427,0.97322625,0.94736844,0.94736844,0.33691832,0.3488614,0.9375,1.0,1.0,0.3488614,0.3488614,0.28199053,0.2769041,0.5462136,-0.012332934787523913,-0.00014720846955065215,-0.0020592383641203534,-3.823442881625493e-05,-0.0004107632445884448,0.00017339782965069688,0.0011454439046606974,0.0008214209215120509,-0.0006522880406250801,0.0,0.0,0.0,0.001066171940999172,-0.000847337640284363,-0.0003102143291977107,-0.0045135818342851766,0.0007591257066826518
0.8635082,0.8838278,0.8139552,0.9375,0.7642575,0.92728084,0.94736844,0.6215337,0.6301606,0.9375,1.0,1.0,0.6301606,0.6301606,0.53199047,0.54357076,0.72821367,0.004681817778456356,6.377168503117984e-05,-0.0003869358165115256,-7.220860097149374e-05,0.0014566579722052875,7.078183546093338e-05,0.0007941352327219286,-0.0009653602805119976,0.0005958604095935715,0.0,0.0,0.0,-0.0007481353881087791,0.0005949421823423255,0.0001946593198077111,0.0012926125511733425,0.0016917839473786374
0.66831875,0.6977503,0.844046,0.9375,0.9375,0.9210105,0.97205377,0.6276874,0.6347241,0.9375,1.0,1.0,0.6347241,0.6347241,0.70699054,0.5013485,0.57721364,-0.0008576273323332107,-0.0005355760764399249,-0.00055233010373595,5.121981558193627e-05,-0.00038022034938143233,0.00019315798260543664,0.0020085554644657983,-0.0007725468478133854,0.000583591758118187,0.0,0.0,0.0,-0.0009009114699412535,0.0006354296943983511,-0.00021024883144033516,0.00047849514424134305,0.0005987844207456399
0.44600824,0.69613296,0.83908564,0.9396432,0.9375,0.94736844,0.66796553,0.1569183,0.17101628,0.9375,1.0,1.0,0.17101628,0.17101628,0.05074036,0.26023737,0.28521356,-0.009419529557102107,-0.00019919232453493172,-0.0014235040157521725,0.0003293000581761629,-8.012673242335421e-05,7.648046166031853e-05,-0.004888626947948626,-0.0009350472430807335,-0.002253661286818548,0.0,0.0,0.0,0.0008338196907107018,-0.0034494960086579375,-0.0034833777741394047,-0.005467261502362482,-0.003005054321106525
0.74506134,0.86952037,0.83945024,0.97322625,0.9396432,0.94736844,0.94736844,0.64268744,0.6531116,0.9375,1.0,1.0,0.6531116,0.6531116,0.52449054,0.65357083,0.70521367,0.0012232021067741384,1.0400855904209097e-05,-0.0005215019712261294,-0.0001523678957472476,-0.0003939995272869083,0.00013507546051821112,0.0010585615075838955,-0.001021669275911933,0.0005028830754646816,0.0,0.0,0.0,-0.0008028315136764817,0.0006408621745135845,0.0001805370464608292,0.003210096370129615,0.0012007025394013258
0.5629401,0.77194875,0.913646,0.913646,0.9375,0.94736844,0.9774537,0.3526874,0.3638087,0.9375,1.0,1.0,0.3638087,0.3638087,0.10074043,0.41912618,0.6112137,-0.004623629812782723,-4.245685251055049e-05,-0.0020132446029610205,9.406339233079982e-05,-0.0001735999756804638,0.00012668461543556103,0.0015189274449004479,0.0009408239934126805,-0.0006652355748142662,0.0,0.0,0.0,0.0009897976592702854,-0.000824496242985545,-0.0017079240047226782,-0.0012244615306723165,0.0014420526443876495
0.8742657,0.86317396,0.44720644,0.44720644,0.9184109,0.94736844,0.94736844,0.54307204,0.5527429,0.9375,1.0,1.0,0.5527429,0.5527429,0.3869905,0.7035707,0.49621361,0.0048537169297243575,0.0002128286608266808,0.0013854290237635262,0.00014566888130252364,-0.0001863761187633988,3.7526758956911433e-06,0.0010564796810741577,-0.00020637737994940502,0.0003081611277081499,0.0,0.0,0.0,-0.00021706135621690588,0.0002878701753172353,0.0003707732834898042,0.003974931076641552,-5.6443337948126895e-05
0.7283188,0.83642805,0.9230959,0.9636912,0.92384136,0.94736844,0.94736844,0.8073029,0.8024399,0.9375,1.0,1.0,0.8024399,0.8024399,0.8532405,0.62690413,0.8642137,0.0009273327316697469,3.9488437296698613e-05,-0.0005041191669844767,-0.00020571410240474345,-0.00014663197174788158,7.116677424460635e-05,0.000684597596007886,-0.004334466317041295,0.0022924046969986416,0.0,0.0,0.0,-0.0029275040496942327,0.00011081638240391457,-0.0009272333492617897,0.002457996385383223,0.0024462947805166902
0.8061976,0.84891015,0.46151853,0.46151853,0.9375,0.94736844,0.9210105,0.47307205,0.4873568,0.9375,1.0,1.0,0.4873568,0.4873568,0.46949053,0.4291262,0.58521354,0.0031221106276871973,7.556613461850791e-05,0.0015926083585227355,0.0002477943887270936,-0.00028045787907458734,6.071385727074087e-05,0.00012323471617412123,0.0009583435538791087,-9.303064326551908e-05,0.0,0.0,0.0,0.0003176829154748921,0.0002401075054238482,0.0002874652974891741,-0.0006226836909123396,0.0005965270510586678
0.83407634,0.8069667,0.68751466,0.93773437,0.9375,0.94736844,0.9774537,0.4953798,0.5073495,0.9375,1.0,1.0,0.5073495,0.5073495,0.5257405,0.5846819,0.3452137,0.0038116319107238594,-0.00013622083694348174,0.00046486612409114137,-3.6169038549645164e-05,-0.0004255242305221728,0.00016673537107626563,0.0018700524367609387,0.0005658388214639675,-3.9204636535624766e-05,0.0,0.0,0.0,9.88455438432083e-05,0.00018783675693656766,0.00019441375208756586,0.002108943408291324,-0.0013864182387078388
0.65062946,0.73648775,0.6931185,0.9440504,0.759666,0.94736844,0.94736844,0.5484566,0.5547441,0.9375,1.0,1.0,0.5547441,0.5547441,0.63074046,0.4502374,0.54321367,-0.0014495513237468354,-0.0004205471758423569,0.00021369092685349746,1.2841048351829474e-05,0.0013834676953653497,0.0001462291284971029,0.0013993245023632473,0.00022878530378048385,0.00013667289901009088,0.0,0.0,0.0,-0.00018442531493437935,0.0004908128088897036,8.187316871802925e-05,-0.00028654908006409645,0.0002958258732547557
0.9998338,0.94736844,0.34870526,0.34870526,0.34870526,0.94736844,0.94736844,0.7123028,0.72031474,0.9375,1.0,1.0,0.72031474,0.72031474,0.72824055,0.6780152,0.6622137,0.007960109625559519,0.000960570948164368,0.0007397333802562116,0.0005298757777984892,0.004914245135897728,2.6598337124440416e-05,0.0011450640786638039,-0.0034463706720771663,0.0017272476789172548,0.0,0.0,0.0,-0.002230259660760016,-0.00032944262907397726,-0.0008172722257132986,0.0028640659601870894,0.0009959673057289532
0.9742657,0.84890395,0.8452313,0.8452313,0.9375,0.94736844,0.90371996,0.67191815,0.68155557,0.9375,1.0,1.0,0.68155557,0.68155557,0.58699054,0.7313486,0.6622137,0.0071870475855065775,7.97619217294895e-05,-0.0005704878267757742,1.9086552110560358e-05,-0.0003860808887399093,7.515769444425252e-05,-0.00032107138488737363,-0.0020173198748399306,0.0010315140727386648,0.0,0.0,0.0,-0.0012665330675086118,0.0006293272604403219,0.00011520848793056935,0.004927712753821198,0.0011995244029838895
0.6960082,0.85525674,0.8931641,0.9375,0.9375,0.9489912,0.8913406,0.51961046,0.53155243,0.9375,1.0,1.0,0.53155243,0.53155243,0.3282405,0.43245962,0.7132137,5.4933733649309426e-05,-0.00028849376562378384,-0.00131730190926415,-0.0003079714789090895,-0.0004760832904047653,0.00037682277591817185,-0.0003476311964299975,0.0006126024087387909,0.0001284832705434942,0.0,0.0,0.0,-9.39056841348443e-06,0.00039833286606830024,0.00033705031941867465,-0.0008801807777698234,0.001783638214340579
0.41737196,0.77160454,0.91715527,0.91715527,0.9375,0.94736844,0.9711938,0.48499534,0.49335825,0.9375,1.0,1.0,0.49335825,0.49335825,0.45199054,0.3524595,0.6242137,-0.009333770311206585,-9.327004913319063e-05,-0.0018974188488110808,-0.00033165040883103983,-0.000658170901145794,0.00026563393146701,0.0016619722897302444,0.0008723787064808187,-8.623137357400528e-05,0.0,0.0,0.0,0.0004484110215854423,0.00020200514333379674,0.0003989929552835607,-0.0028544048798526045,0.001018502908483091
0.8531295,0.80859274,0.74762225,0.9375,0.9062,0.9774537,0.94736844,0.66576445,0.6774585,0.9375,1.0,1.0,0.6774585,0.6774585,0.61824054,0.7735708,0.4502136,0.00424088498985663,-9.216776118347008e-05,8.269483645600245e-05,8.248462300655913e-06,-0.0002026527744199908,0.00016138118553262062,0.0009570984619196723,-0.0015485789631155393,0.0010689468202293134,0.0,0.0,0.0,-0.001271318492429059,0.0005674986559115357,0.00015870315165717104,0.00507365343774536,-0.0002131531606026025
0.7510083,0.77323216,0.56130964,0.56130964,0.9375,0.94736844,0.77323216,0.66230273,0.6709184,0.9375,1.0,1.0,0.6709184,0.6709184,0.61574054,0.6435707,0.72821367,0.001078983080207404,-0.0002433792958893235,0.0005572143065514,0.0002577615623451667,-0.0004460532878245983,7.611053031925177e-06,-0.003674524119369919,-0.001701765121865325,0.0009614780658872799,0.0,0.0,0.0,-0.0012184696854880906,0.0003619970285423789,-8.569856175122937e-05,0.002765180907139919,0.0015557250119909737
0.55062944,0.78758913,0.8452764,0.8452764,0.9375,0.94736844,0.99324316,0.576149,0.5817152,0.9375,1.0,1.0,0.5817152,0.5817152,0.6082406,0.5057929,0.58521366,-0.004282890461506413,-0.000199657576776615,-0.0005609404740023671,5.103041035846436e-05,-0.00045750513046930244,0.00013147001310901866,0.002126326722849875,-0.0001326093915997268,0.0001286235040744056,0.0,0.0,0.0,-0.0003177460141239404,0.0004885609480775092,-0.00011435095775622067,0.0004300660742854484,0.0004023344221087731
0.8308189,0.8507194,0.62901676,0.62901676,0.9375,0.94736844,0.8913406,0.41845658,0.43146658,0.9375,1.0,1.0,0.43146658,0.43146658,0.3019905,0.4035707,0.5462136,0.004177261406147065,-9.714777913440926e-05,0.0009929309153214904,0.0002753903811148149,-0.0004979089087878364,0.00032160931531241907,-0.00033418863938108054,0.0016225590522598876,-0.0004995291793635997,0.0,0.0,0.0,0.000768670119467566,0.00020109453971843178,0.0001819321064195808,-0.0012523178509487045,0.0004207173688450601
0.5356295,0.5433929,0.71590936,0.71590936,0.9375,0.94736844,0.5433929,0.5038413,0.5134482,0.9375,1.0,1.0,0.5134482,0.5134482,0.42699057,0.49468178,0.60121363,-0.005150222264204902,-0.0010422328516856536,7.697885931592166e-05,0.0002816297686019686,-0.0005444074339863759,0.0001527665535931722,-0.009970984702180538,0.0010829527091893332,-0.0001773722043525291,0.0,0.0,0.0,0.000329598145570808,0.0005415423023999643,0.0004148166879448316,0.0005054216485182599,0.0008439253857103861
0.6558189,0.7663541,0.7477723,0.7477723,0.85595393,0.94736844,0.94736844,0.34884116,0.36131096,0.9375,1.0,1.0,0.36131096,0.36131096,0.52074057,0.24245961,0.3492136,-0.0011109864873130827,-0.00013654126963900435,-0.0003744614288020138,0.0002472876118664678,0.00015762717979346142,0.00014862660708891702,0.0006610904138200224,0.0015927745067557256,-0.0007767793109529173,0.0,0.0,0.0,0.00133798328317835,-0.0002450041933569756,0.0012058769263154705,-0.005088086831414008,-0.0015684520943412834
0.7988869,0.82819337,0.5888144,0.97322625,0.99197626,0.94736844,0.94736844,0.51999515,0.5300241,0.9375,1.0,1.0,0.5300241,0.5300241,0.59199053,0.4413485,0.44321355,0.0032553686885791705,-9.27151544164986e-05,0.0009529557077409604,-0.0001426292003215042,-0.0009667866789673388,0.0001127628661102216,0.0007310045754799422,0.0007007006757855388,-4.55314475976418e-06,0.0,0.0,0.0,0.00013292903626100472,0.0005148870676008604,0.000254917648016285,-0.00036540792794296785,-0.0005525826085178637
0.79619765,0.8436782,0.50234264,0.50234264,0.97322625,0.94736844,0.94736844,0.5276874,0.53659964,0.9375,1.0,1.0,0.53659964,0.53659964,0.5332405,0.5113485,0.51121366,0.0023024898404598584,8.976961648533225e-05,0.000986713909387854,9.932714949134632e-05,-0.0008331266020549966,4.5241353597906404e-05,0.0009618016158186757,0.0004072178664626197,5.053446023057524e-05,0.0,0.0,0.0,0.00012530812964590846,0.0003868597267212587,0.0003009827662482617,0.0006032529971294928,-7.073562644583372e-05
0.5756295,0.8735611,0.57850677,0.57850677,0.9375,0.94736844,0.9210105,0.42999503,0.44221818,0.9375,1.0,1.0,0.44221818,0.44221818,0.35074055,0.4191263,0.52121365,-0.003884328053660846,-0.00021950086649415043,0.0012074354494503693,0.0007152222980074053,-0.0006443466387266657,0.0002040420912473946,0.00020793906424172254,0.0013337886971533056,-0.00038629083930323175,0.0,0.0,0.0,0.0007233784879546639,7.953559006029212e-05,0.0003132222004949972,-0.001165793228184349,0.0002192298623574561
0.49100822,0.7469744,0.8892118,0.9396432,0.9375,0.94736844,0.94417596,0.47037977,0.48076877,0.9375,1.0,1.0,0.48076877,0.48076877,0.5244906,0.46912628,0.47721368,-0.006812059578829153,-0.0001278307660170845,-0.001461509569652983,-0.0003227697035759401,-0.0003801537889752883,0.00024134268093666984,0.0012108208443593767,0.0010083468794860509,-0.0001672984212660648,0.0,0.0,0.0,0.00047248404564803175,0.00027228886707340356,0.0004436149285006591,-1.1429868807977528e-05,-0.000292140286197436
0.4333189,0.8600983,0.6200615,0.6200615,0.939427,0.94736844,0.94736844,0.32576445,0.3363073,0.9375,1.0,1.0,0.3363073,0.3363073,0.3019905,0.40134844,0.33821362,-0.009607469987531122,-4.005456854286993e-05,0.00126291975310193,0.00014254807375861965,-7.493502871950688e-05,0.00011398318835111381,0.000809219112391149,0.0004956910202238284,-0.0010254602320384568,0.0,0.0,0.0,0.0008969112494252396,-0.0012172714457618662,-0.0006003282196072593,-0.0018309786150007613,-0.001974704729209444
0.8485082,0.85590434,0.5683212,0.93773437,0.9375,0.94736844,0.9711938,0.6076874,0.6144674,0.9375,1.0,1.0,0.6144674,0.6144674,0.6307405,0.6046819,0.6412137,0.003737381209933576,6.43362197579012e-05,0.0007868676309653938,-2.270084123805355e-05,-0.0003400560882043805,9.036447450844225e-05,0.0016334232772486062,-0.0010126771708788178,0.0005187616451076784,0.0,0.0,0.0,-0.0006338383732171899,0.0005342049777843343,1.5365190789003725e-05,0.0021748796799180327,0.0009815433320230493
0.77562946,0.8600983,0.7332066,0.7332066,0.9396432,0.94736844,0.94736844,0.61037976,0.6215843,0.9375,1.0,1.0,0.6215843,0.6215843,0.58699054,0.6235708,0.5182136,0.002530703968168991,2.855090814939431e-05,8.798777075321032e-05,0.00018479642376907423,-0.0004508752330299777,0.00020641926391944885,0.001265183851338324,-0.0010721495295555495,0.0006351019518935584,0.0,0.0,0.0,-0.0008722845779563881,0.00047714959339256144,2.4528722473118162e-05,0.002828563500067813,0.00015491243756790527
0.54544014,0.6890926,0.75035006,0.75035006,0.9375,0.94736844,0.86317396,0.22461055,0.24051224,0.9375,1.0,1.0,0.24051224,0.24051224,0.18324053,0.30357063,0.3492136,-0.004997379809493685,-0.00026176024320466657,-0.00034977784685956854,0.00012923573390825115,-0.00014157478966496262,1.8674095233604248e-05,-0.0008479768572550744,-0.000680855181818757,-0.0018023739394105107,0.0,0.0,0.0,0.0005769694491770019,-0.0025755116883499087,-0.002418391401502671,-0.0040500606473856515,-0.0021783930574223167
0.8090763,0.84372455,0.16789144,0.16789144,0.9062,0.94736844,0.94736844,0.23153378,0.24675637,0.9375,1.0,1.0,0.24675637,0.24675637,0.35074055,0.29690403,0.1992137,0.003734415180688792,0.00015906771151803545,0.004852142584803185,-0.0022017932927694576,8.734495032417785e-05,1.4653382391742049e-05,0.0006113046865525296,0.0016476110549280749,-0.0024716153238763076,0.0,0.0,0.0,0.0011258335429566826,-0.00118451498987338,-0.00021558042841509625,-0.0038712453801528213,-0.004576698528229519
0.9998338,0.94736844,0.5785886,0.5785886,0.5785886,0.94736844,0.94736844,0.91768754,0.91897744,0.9375,1.0,1.0,0.91897744,0.91897744,0.8382405,0.85357076,0.91121376,0.007665804180761793,0.000845458137941307,0.00025759029851686843,0.0004249098211576647,0.0024726243002025166,6.426463538787147e-05,0.0007349727985948778,-0.0074326217109676575,0.003864291344635137,0.0,0.0,0.0,-0.004788650434238095,-0.001056843198283422,-0.0012408744580553325,0.0052581683213569035,0.002403096147641867
0.5733188,0.695977,0.82265157,0.9375,0.9375,0.695977,0.9193914,0.48230287,0.49631986,0.9375,1.0,1.0,0.49631986,0.49631986,0.39699054,0.34690413,0.5692137,-0.00413699758018183,-1.127815155180279e-05,-0.0011030041840017772,-0.0003924080198440519,-0.0005161054439237352,-0.0012715078361512644,0.0003874236428227648,0.0006763317716780957,-6.902184411814018e-05,0.0,0.0,0.0,0.0002704077350616373,0.0002235986301111398,0.00024508572740526604,-0.0030025098671282203,0.0005858369016365474
0.8108189,0.85385627,0.77998596,0.77998596,0.93370897,0.94736844,0.94736844,0.5507644,0.5600506,0.9375,1.0,1.0,0.5600506,0.5600506,0.45949054,0.67245966,0.44821367,0.002723514253159742,-7.108532494385106e-06,-0.000357103501640204,0.0001545710410877783,-0.0003259242054463678,0.00016627407245908019,0.0013494271975602067,0.0003386916020355846,0.00017474642252157815,0.0,0.0,0.0,-6.67818430338201e-05,0.00045763885305089,0.00039777458581012116,0.0036375312918036098,-0.00040575491199445617
0.63100815,0.82430315,0.44101804,0.44101804,0.97322625,0.94736844,0.94736844,0.32307214,0.3377483,0.9375,1.0,1.0,0.3377483,0.3377483,0.27949047,0.38912624,0.32721367,-0.0026677774620252163,-6.859880064903685e-05,0.002541895728447875,-0.0007081080784114331,-0.0003147645753425177,3.822595867183989e-06,0.0003360829263122608,0.0017898972991426793,-0.0015837935152722964,0.0,0.0,0.0,0.0010735338603755497,-0.0005496144384203219,-0.000833296143403671,-0.0021492892180626786,-0.002646755034285383
0.76869756,0.7313826,0.41969705,0.41969705,0.9375,0.94736844,0.7313826,0.5038413,0.51572126,0.9375,1.0,1.0,0.51572126,0.51572126,0.35074055,0.5502374,0.52121365,0.0022607315793390617,-0.00036318426310756895,0.0017650938418247403,8.96129133463994e-05,-0.00044894757962123523,2.210882304218141e-05,-0.004478166028396119,0.0006443957449892919,2.7541803303638563e-05,0.0,0.0,0.0,0.0001374551248072342,0.0003410804005563785,0.0005283654349855221,0.0013428145071220819,0.0001851534405045164
0.80062944,0.81938297,0.8254219,0.8254219,0.9396432,0.94736844,0.94736844,0.46537986,0.47616926,0.9375,1.0,1.0,0.47616926,0.47616926,0.6357405,0.29134846,0.5402137,0.0026528282220034754,-0.0002077381992486996,-0.000681340504532612,0.0001265223451743566,-0.0006657775380913253,0.00027604232684945565,0.0009267265651445494,0.0009677865257047541,-0.0002720748721254634,0.0,0.0,0.0,0.00040686018806415425,0.00011015241139136337,0.00018162814501711518,-0.0036574864404722023,0.00015936272816861587
0.6981295,0.859315,0.74557936,0.74557936,0.97322625,0.94736844,0.94736844,0.53845686,0.5496455,0.9375,1.0,1.0,0.5496455,0.5496455,0.4757405,0.5013484,0.6292137,-0.0001248489522732743,-9.383462451430809e-06,-2.5155051394338823e-05,0.0002166575966646924,-0.0008763610988705339,0.00016112113103351554,0.0009442420980699098,0.00035021655095338695,0.00020544590344865574,0.0,0.0,0.0,-0.00013227559829045706,0.0006144519976992073,0.000405585567319026,0.0007939111949949457,0.0010798255484434501
0.8761976,0.8118903,0.5278071,0.9636912,0.49348748,0.94736844,0.94736844,0.6457643,0.6498153,0.9375,1.0,1.0,0.6498153,0.6498153,0.5644905,0.5291263,0.7542137,0.005117017904183943,2.9133982685763775e-06,0.000650009283437772,-0.00016078946025686877,0.00346293297461451,0.00016957030851972525,0.0012183321788893592,-0.001679457557935123,0.001132577533551691,0.0,0.0,0.0,-0.001263402977187687,0.0002535078227296572,0.0001295694381350985,0.0011339310435526024,0.0018122512669803143
0.8354401,0.85104614,0.9201982,0.9657926,0.93773437,0.94736844,0.94736844,0.64922595,0.6568742,0.9375,1.0,1.0,0.6568742,0.6568742,0.59824055,0.5735708,0.7052137,0.0032906903085219417,-7.808453659652978e-05,-0.0008887321280341008,-7.90162366196653e-05,-0.0004616173127477846,0.00013616207092919142,0.0011619850817542205,-0.0009888387275501288,0.0006238983890257167,0.0,0.0,0.0,-0.0008228417754323471,0.0007477896031255978,0.00021642851566404123,0.0015918570804302106,0.0014966752741784376
0.78407633,0.8351259,0.68546623,0.68546623,0.8702996,0.94736844,0.94736844,0.4973027,0.5082724,0.9375,1.0,1.0,0.5082724,0.5082724,0.59824055,0.38468182,0.48021364,0.002120198452814892,-2.7443797405779737e-05,0.0003725028905734075,0.0001946759639458928,0.0002463755112661666,0.0001635629570644314,0.0006636364344863727,0.0007615740753426635,7.43940600337075e-05,0.0,0.0,0.0,0.0001747533741058581,0.00035592207812179213,0.00046391060244203164,-0.0016590078187919974,-2.1153003859397044e-05
0.8061976,0.69355667,0.88959694,0.93773437,0.9375,0.94736844,0.8697119,0.5838413,0.5937497,0.9375,1.0,1.0,0.5937497,0.5937497,0.6294905,0.63245964,0.50621367,0.0028982233424841727,-0.0005414157916624289,-0.0008669606559581469,0.00013060076084049592,-0.0003474102399728094,0.0001247978586294808,-0.0008591850681065957,-0.0003905391289418399,0.0004915714520636483,0.0,0.0,0.0,-0.0005606860298387256,0.0004252571818780968,9.583476085262409e-05,0.0029104227093934005,5.263890980746935e-05
0.7167657,0.77892697,0.7685695,0.9375,0.9375,0.77892697,0.86480016,0.45037988,0.4650005,0.9375,1.0,1.0,0.4650005,0.4650005,0.45699054,0.43468177,0.44321364,0.0006620016333654799,-0.00010397863206649312,-0.0004951096855317019,-0.0004230276707126626,-0.0005274102534268097,-0.0007332151078923213,-0.0011876450646823272,0.000913525220023598,-0.00012911806259842236,0.0,0.0,0.0,0.00048377130969507636,0.00017990502383797376,0.0004676175352470167,-0.0007412167424292444,-0.0003786992845673671
0.39544013,0.8468666,0.7995887,0.9375,0.9375,0.8468666,0.85578114,0.59422594,0.6019629,0.9375,1.0,1.0,0.6019629,0.6019629,0.49074054,0.5502374,0.66921365,-0.010228354292374923,-0.00012788666050211054,-0.00040768515490918533,-0.0006074501001960131,-0.0006135928077468499,-0.0003388306708565331,-0.001540976707837427,3.2135491896062805e-05,0.0002390930501189615,0.0,0.0,0.0,-0.0004835356238150634,0.000838919143377975,0.0003248305663571672,0.0016533827758610535,0.0010517069690313768
0.80600816,0.8998124,0.616002,0.616002,0.97322625,0.94736844,0.94736844,0.5023029,0.5142011,0.9375,1.0,1.0,0.5142011,0.5142011,0.41449052,0.4946819,0.59021366,0.0028900713035278037,0.00019087111631375795,0.0005114967194374942,0.0001966377532095587,-0.0008797780614875231,0.00012791466625540037,0.001088344358670518,0.0007040140784460363,1.2252046482763325e-05,0.0,0.0,0.0,0.0001641009407413798,0.000311621557202721,0.0003861068296599829,0.00033803810687172363,0.0006757590262584053
0.38350824,0.32527205,0.90427727,0.9375,0.9375,0.32527205,0.8351259,0.1649952,0.1781252,0.9375,1.0,1.0,0.1781252,0.1781252,0.16824043,0.30357075,0.1662136,-0.011612973290162327,0.0009198349643381895,-0.0019513426255928946,-0.00019825965314865365,3.271355353635545e-05,5.427093674235484e-05,-0.0016461407164317554,-0.00257475329040891,-0.001612886221573524,0.0,0.0,0.0,0.0010558348354223208,-0.0037487380087447746,-0.003306292466367664,-0.00428114703203821,-0.00488014436674639
0.6606295,0.65756077,0.753657,0.753657,0.85603344,0.94736844,0.94736844,0.4657647,0.47864288,0.9375,1.0,1.0,0.47864288,0.47864288,0.38449055,0.44579294,0.6202137,-0.0005991740379807891,-0.000473110047763702,-0.00026481063538896034,0.00032759643067696435,0.0004297403422521336,0.0002277176923123199,0.0014662296763553607,0.0011104088354070886,-6.88631416032487e-05,0.0,0.0,0.0,0.00034414667001380646,0.00044383307735283137,0.0004305566325949482,-0.00017429764877588476,0.0014098377859218141
0.9998338,0.94736844,0.20388187,0.20388187,0.20388187,0.94736844,0.94736844,0.6119181,0.61506313,0.9375,1.0,1.0,0.61506313,0.61506313,0.6369905,0.5135708,0.6232137,0.008075620031941306,0.0007617000187863715,0.0017858070867846504,0.00019370241699687632,0.006118762019758905,-8.061672196887914e-06,0.0011101023115015348,-0.0007803782010363272,0.0006444405837264226,0.0,0.0,0.0,-0.0005869110509119295,0.0003963421028493473,3.863546869068172e-05,0.0007682229711027332,0.0009215674785399966
0.95464444,0.99324316,0.60390764,0.60390764,0.9375,0.94736844,0.99324316,0.8926875,0.8943912,0.9375,1.0,1.0,0.8943912,0.8943912,0.71324056,0.8669041,0.8922137,0.006717413895030211,0.0009907873384196028,0.00032635713937073917,0.0003437618227776528,-0.00030164487134591475,7.614850458197667e-05,0.0022064959979824477,-0.0060350061229056395,0.003305011063708231,0.0,0.0,0.0,-0.003983031133154199,-0.0004382100215759295,-0.0004545882741758191,0.0056713305115656705,0.0025199303175821126
0.66426563,0.75739694,0.73914635,0.9375,0.9375,0.75739694,0.75985676,0.5526874,0.5612026,0.9375,1.0,1.0,0.5612026,0.5612026,0.40574056,0.6169041,0.61821365,-0.0011555398282602403,-0.0001506191550175915,5.605429296248396e-07,-0.0003246852577586464,-0.0003810988298341236,-0.0006162352760340532,-0.004097651216629147,0.00016815494238462178,0.00016870376627717252,0.0,0.0,0.0,-0.0003446004752197403,0.0006076703243788358,0.00030583574461183016,0.003165126890721367,0.0010160353742055116
0.55756134,0.8351261,0.8892118,0.8892118,0.9375,0.94736844,0.99324316,0.43653372,0.44687673,0.9375,1.0,1.0,0.44687673,0.44687673,0.44699055,0.51912624,0.4112137,-0.004611158497568248,-0.0001919590389131783,-0.0014980392589274635,-6.165439464155406e-05,-0.0005583171880369339,0.00023423500098720455,0.0022092085906152597,0.0009509868215330522,-0.00024016830657111652,0.0,0.0,0.0,0.0006267983352907969,2.3223012362824277e-05,0.00035187400629093464,0.0012470123097997002,-0.0008177173156884223
0.87176573,0.8998124,0.5232759,0.5232759,0.9396432,0.94736844,0.94736844,0.654995,0.6612447,0.9375,1.0,1.0,0.6612447,0.6612447,0.46074057,0.6435707,0.74721366,0.004201077809241987,0.0002860215524320908,0.0008111204875752962,0.0002448016424681668,-0.0005817441494478093,7.025170191130553e-05,0.0013392749779318818,-0.001777725167361315,0.0008084269516694595,0.0,0.0,0.0,-0.0010879762237352105,0.00038105167340188166,0.00023365793408169658,0.0025834661576212316,0.001820381678302336
0.42506135,0.68054795,0.79970235,0.9375,0.9375,0.82255214,0.48534012,0.19422604,0.20740467,0.9375,1.0,1.0,0.20740467,0.20740467,0.19699049,0.18357065,0.26021367,-0.010732289884230419,-4.078523468763428e-05,-0.001056929827807902,0.00014985220336146015,-0.00021712020516857544,-0.0002346332299533723,-0.010083734165826825,4.1136720388911095e-05,-0.0016567179587039249,0.0,0.0,0.0,0.0015878183350425622,-0.0026082190447984776,-0.0013789832784285338,-0.007468919152100639,-0.002986735129317165
0.79638696,0.81568396,0.6936915,0.9375,0.6534932,0.81568396,0.94736844,0.61653364,0.6261402,0.9375,1.0,1.0,0.6261402,0.6261402,0.50449055,0.6235707,0.5832137,0.002675118523247288,-8.641398493175925e-05,0.0001459136555517588,-9.111278063460591e-05,0.002159334459557061,-5.293104315603342e-06,0.001428042807697788,-0.00071630818488391,0.0007744161286559075,0.0,0.0,0.0,-0.0007535963374883395,0.0006574421791359883,0.0005009534243316117,0.0028461973690354653,0.000756431114878836
0.87176573,0.8266318,0.81436783,0.8810272,0.9375,0.94736844,0.86916417,0.7253798,0.73387814,0.9375,1.0,1.0,0.73387814,0.73387814,0.73324054,0.78357077,0.5462136,0.004830855447218665,3.705787589094149e-05,-0.0002797300260251952,7.370414671251499e-05,-0.00032694827168496616,0.00014367542167598654,-0.0009771834802335586,-0.0030500440394828072,0.0016828818172663696,0.0,0.0,0.0,-0.002091977303380222,0.00020269827651974264,-0.0005200027493294093,0.004890976652368876,0.0004095159038500792
0.3708189,0.31850886,0.97322625,0.9375,0.9375,0.9195934,0.29034817,0.39307198,0.4056747,0.9375,1.0,1.0,0.4056747,0.4056747,0.3582405,0.4291262,0.45221367,-0.011020034553218675,2.405080438916452e-05,-0.002211336001372206,-0.00037479930039532275,-0.0004940633377648221,5.0914918421659796e-05,-0.017550615136644906,0.0010539820976808076,-0.0006364058252445375,0.0,0.0,0.0,0.0013679948730599418,-9.225455644119244e-05,0.0002240623293242388,-0.0011643324860118296,-0.0006838197760886687
0.7461975,0.7977757,0.73914635,0.9375,0.97322625,0.7977757,0.94736844,0.5526876,0.558455,0.9375,1.0,1.0,0.558455,0.558455,0.46949053,0.635793,0.5672137,0.002007120319267937,-0.00021694171988771542,1.7537691449609935e-05,-0.00019112058603259368,-0.0009375417598961257,-0.00018985309963887392,0.0012142465004588508,7.778929717192578e-05,0.00018192287776583785,0.0,0.0,0.0,-0.0002912919017085507,0.0006877926139866315,0.000255564788026614,0.0035094207828331157,0.0004957430218123544
0.7035082,0.6665046,0.3949008,0.3949008,0.9375,0.94736844,0.6665046,0.36730295,0.37761155,0.9375,1.0,1.0,0.37761155,0.37761155,0.18324041,0.41468185,0.47921363,-0.00011025288846350067,-0.0006735467085103295,0.0027210859425847327,-0.00022306160787708584,-0.0003843641602891346,4.9073792848594585e-06,-0.005789958729635046,0.0021914542659937837,-0.0010811383167389909,0.0,0.0,0.0,0.0015732474651804895,0.0002326247628408986,1.1520747370496395e-05,-0.0011479710398459048,-0.0004543036294947675
0.55812955,0.6240734,0.70312303,0.94547904,0.7042455,0.94736844,0.94736844,0.39345697,0.40056604,0.9375,1.0,1.0,0.40056604,0.40056604,0.45949054,0.21579286,0.5242136,-0.004963542818398389,-1.2177955526619602e-05,1.7800410482471038e-05,-0.00010164935348745993,0.0014932847487302047,0.00014932763024972067,0.0011109407050385628,0.0010858455659176988,-0.00027049889718644453,0.0,0.0,0.0,0.0010233174522963943,-0.00014285187175491025,0.0008956906794324309,-0.006076904152632745,0.000556125716958694
0.56794006,0.7897599,0.7246219,0.7246219,0.93370897,0.94736844,0.94736844,0.45653358,0.46688384,0.9375,1.0,1.0,0.46688384,0.46688384,0.5657406,0.40912628,0.4832136,-0.004081095202147362,-0.00018985268967992383,-7.142135462612169e-05,0.0003887659236222068,-0.00056265575509688,0.00015495464052070828,0.0007255489871840998,0.0011676141630627046,-0.00025782712572092686,0.0,0.0,0.0,0.0006504022740251125,0.00019980832358693776,0.00048394658468629365,-0.0014752765910865733,-0.00011335420272430354
0.86081886,0.75233996,0.68058556,0.68058556,0.9184109,0.94736844,0.94736844,0.5057644,0.5148516,0.9375,1.0,1.0,0.5148516,0.5148516,0.7007405,0.14134853,0.6702137,0.003915714019731809,-0.00037277228375854005,0.0002989928158027169,0.0002878778633259233,-0.0003025930124235393,0.00021027340164274066,0.001093034503266242,0.0008880473159902171,-0.0001241524179513164,0.0,0.0,0.0,0.00024589717139372877,0.00039831053120656574,0.0001839828488916033,-0.0060265785313814305,0.0013160455694426582
0.8079401,0.8971791,0.8682235,0.9396432,0.8629776,0.94736844,0.94736844,0.48230302,0.49473697,0.9375,1.0,1.0,0.49473697,0.49473697,0.37824053,0.3746818,0.72521365,0.0036238589263940585,-0.0003010713807179606,-0.00118658797851128,-0.00029631415287384444,8.075720453121084e-05,0.00028005030923025496,0.0010328083770965541,0.0010415487988667178,-2.4318991437237642e-05,0.0,0.0,0.0,0.00032232264920684886,0.00036478961274210436,0.00045713205602802143,-0.0018022417594837756,0.0020330394181756247
0.79619753,0.9015119,0.59307647,0.59307647,0.9375,0.94736844,0.99324316,0.67384124,0.6791044,0.9375,1.0,1.0,0.6791044,0.6791044,0.66074055,0.6069041,0.63821375,0.002589942673385137,0.0003598523108439689,0.0005419036575833781,0.0002245110995833624,-0.00045991243957460933,7.320930504914627e-05,0.0020475086259563124,-0.0020437867646986635,0.0010588083024383995,0.0,0.0,0.0,-0.0013369667572506023,0.0004280405343362663,-0.00015922380565877052,0.002189905415606883,0.0010816793569852735
0.6633189,0.81568533,0.41371578,0.41371578,0.9375,0.94736844,0.8208621,0.38614905,0.39827716,0.9375,1.0,1.0,0.39827716,0.39827716,0.45199054,0.35245958,0.35121363,-0.0014093110751820725,7.3683406428228655e-06,0.002415851885489895,-0.00010951758535892386,-0.00021666426830219105,5.720791901137327e-05,-0.002104262393288364,0.002110253714537313,-0.0009196988452320936,0.0,0.0,0.0,0.0014025571713274301,0.0003340173603661032,0.0004513638365298739,-0.0022925694305856495,-0.0018804853921692525
0.58794004,0.70859635,0.6142705,0.9375,0.63086224,0.70859635,0.94736844,0.20576447,0.21923263,0.9375,1.0,1.0,0.21923263,0.21923263,0.30949044,0.30357075,0.1662136,-0.004251021410352075,-0.0001630832709094563,0.001488670449758894,0.00018811832557600849,0.0011168133554114537,-0.00034898278430265176,0.000645709838035376,-0.0004777259458705922,-0.001977883475097284,0.0,0.0,0.0,0.0009485006088050976,-0.0028943546109785894,-0.0009075554960215446,-0.00470026153658806,-0.004701552416745925
0.8086975,0.8326858,0.75496167,0.75496167,0.9375,0.94736844,0.94756573,0.7861491,0.7935868,0.9375,1.0,1.0,0.7935868,0.7935868,0.58699054,0.8669041,0.7462137,0.0029151000075874622,6.90002312225054e-05,-2.642328630528448e-05,0.00012949215451102898,-0.00032772601713371955,2.1232927948728816e-05,0.0007848376261114465,-0.004195218996889592,0.002220424950170174,0.0,0.0,0.0,-0.002817725602420581,-0.00012671218347891974,-0.00012831441352334207,0.005847894140903944,0.0015648532732554165
0.5358189,0.8436782,0.8431397,0.8431397,0.93773437,0.94736844,0.94736844,0.5369182,0.54564846,0.9375,1.0,1.0,0.54564846,0.54564846,0.28199053,0.6713485,0.6292137,-0.004751779698606156,-0.00017342560005998702,-0.0008474763150767764,3.717393800476772e-05,-0.0004469290240627289,0.00018182718003557314,0.0012371842991662951,0.00035940358994279373,0.00015624976652525295,0.0,0.0,0.0,-0.00016628290126558608,0.000481594057471236,0.0003929372639326418,0.003921665901954591,0.0011274889180005298
0.71256125,0.7237084,0.74584246,0.9375,0.9375,0.7237084,0.99324316,0.54076445,0.54310006,0.9375,1.0,1.0,0.54310006,0.54310006,0.6432405,0.39801514,0.5202136,0.0008569971392316522,-0.0001232649638662272,-0.0002160551036859847,-0.00043526602662696416,-0.0005870130150363243,-0.000879545356027206,0.0026034470204530447,0.0005003688763068616,0.00011365407926953816,0.0,0.0,0.0,-9.518331936830008e-05,0.0005876422945107643,0.0002465202693472033,-0.001304935111422799,0.00018214885943050423
0.5656296,0.5355733,0.7611989,0.7611989,0.97322625,0.94736844,0.94736844,0.5130721,0.51723367,0.9375,1.0,1.0,0.51723367,0.51723367,0.32074046,0.53023744,0.6042137,-0.003985243541413202,-0.0012149396857184466,-7.811781629682653e-05,0.00011793851482583392,-0.0007015008530767567,0.0001118148223295834,0.0009487866210997145,0.0009982466199669198,-9.798605879447393e-05,0.0,0.0,0.0,0.00034610783628434506,0.0004488489499889952,0.0006220161284700323,0.0009545135092250898,0.0008468598441382975
0.9548338,0.8437318,0.33026895,0.9375,0.33026895,0.8437318,0.94736844,0.53884125,0.5517628,0.9375,1.0,1.0,0.5517628,0.5517628,0.6094906,0.5391263,0.5052136,0.006668306327288631,0.00011968635421123766,0.0009450356177065577,-0.00017103463266726724,0.0049125560985308955,4.657784794930349e-05,0.0009601534409154195,-8.048161383168873e-05,0.00020906750696190327,0.0,0.0,0.0,-0.00021525430208267215,0.0002627592250482588,-0.0002245413966386036,0.001010473339867319,1.160534873594958e-05
0.8406295,0.7871955,0.58808863,0.58808863,0.9375,0.94736844,0.9491732,0.5826877,0.5936992,0.9375,1.0,1.0,0.5936992,0.5936992,0.5332405,0.7035708,0.4832136,0.004312548256155181,-6.003752299215622e-05,0.0007143884802063922,7.22816576479511e-05,-0.00038666849081833536,2.1843952888477082e-05,0.0015554931801872087,-0.0007966873185139818,0.000579992227562941,0.0,0.0,0.0,-0.000724482766577338,0.0003203293649082227,0.0001407850351209657,0.004047356560285068,-0.00011110072544330058
0.68044007,0.80499166,0.8871432,0.9375,0.9375,0.9195934,0.7716642,0.48922598,0.50129807,0.9375,1.0,1.0,0.50129807,0.50129807,0.41949052,0.43023735,0.57621366,-0.0007351173377858744,-0.00011605173412516016,-0.0016295084011354378,-0.0003253040343353908,-0.0004442387705705018,4.462616230899927e-06,-0.004076388944708049,0.0007498531178814431,-0.00012027776470694198,0.0,0.0,0.0,0.0003381607593196016,0.0002009524237229787,0.0003070369289077369,-0.001260287215016645,0.0005138088230754299
0.853887,0.86317396,0.62481505,0.62481505,0.88148516,0.94736844,0.94736844,0.5188412,0.52431995,0.9375,1.0,1.0,0.52431995,0.52431995,0.48074055,0.34579298,0.7142136,0.003662380289040716,6.602273226276324e-05,0.0004392811819579177,0.00027328335550056657,0.00020391183590293732,8.835111524466928e-05,0.0006494335173571128,0.00026019263429186276,8.911718447226866e-05,0.0,0.0,0.0,-3.300097755055409e-06,0.0002870901446920334,0.00019146341683491376,-0.002320838994471353,0.0016953234940854545
0.88714445,0.9002285,0.48600087,0.48600087,0.9375,0.94736844,0.9002285,0.7073028,0.71351373,0.9375,1.0,1.0,0.71351373,0.71351373,0.6044905,0.6013486,0.8032137,0.004532522073858249,0.00033669280040032266,0.0009354690514389569,0.0001774142930335575,-0.000616215247776834,7.635808745077307e-05,-0.0004390384458288654,-0.0022912878675569568,0.0011416859759769357,0.0,0.0,0.0,-0.0014419524619582024,0.0004520446661585922,-2.8336352279522137e-05,0.0017065433251027761,0.0021385102576138523
0.7742657,0.7032694,0.72924525,0.77998596,0.9375,0.94736844,0.9489912,0.5034567,0.513065,0.9375,1.0,1.0,0.513065,0.513065,0.5632405,0.3624596,0.5072137,0.0017739215814451476,-0.00041226923277867133,8.959696322501893e-05,9.607582553699803e-05,-0.0005269327783908065,0.00013666454122102234,0.0008929658757820418,0.0009982540403772157,-0.00014485314406941947,0.0,0.0,0.0,0.00032981486293312843,0.00036342843264821115,0.0003789359185884428,-0.002231546282915722,-8.329268086754958e-05
0.8192658,0.86317396,0.2345638,0.2345638,0.9375,0.94736844,0.86317396,0.4023028,0.41438878,0.9375,1.0,1.0,0.41438878,0.41438878,0.30324042,0.42801517,0.4622136,0.003341908539241033,0.0001747601931222436,0.0030933519190281845,-0.00018457068048559303,-0.00046362805219977597,7.079621269399976e-05,-0.0011000378204003224,0.0021105718460155123,-0.00044623843190810526,0.0,0.0,0.0,0.001061218818106002,0.0002884682658710781,0.000672203455226962,-0.0005714971435028235,-0.000248361512003203
0.73294014,0.70859635,0.6581612,0.9375,0.69357467,0.70859635,0.94736844,0.41691825,0.42923665,0.9375,1.0,1.0,0.42923665,0.42923665,0.45949054,0.5113485,0.24321365,0.0011274666908213321,-0.0002324890858690263,0.0006181537905153004,-6.794486559744936e-05,0.0021069591492289246,-0.0005677675460177713,0.0015207684914235998,0.001353381280620943,-0.00036883241838542004,0.0,0.0,0.0,0.0008329010626210258,0.0001902097671162905,0.0005535112257044612,0.0010291249510081483,-0.0024975022827144274
0.80081886,0.8475258,0.5493399,0.9062,0.9375,0.94736844,0.9193914,0.5399951,0.55375075,0.9375,1.0,1.0,0.55375075,0.55375075,0.5682405,0.6535708,0.38921365,0.0026572816874148183,5.165376354289165e-05,0.0008635627705827615,7.955855354503691e-05,-0.00031263005517173696,1.1088594235089955e-05,2.3319710054915677e-05,-0.00010047510478740896,0.00022646672501254074,0.0,0.0,0.0,-0.00019394978688528657,0.00039631012071075945,0.00010064310408297931,0.0033034301378359115,-0.0009403499825147512
0.80831885,0.81563896,0.6620508,0.90427727,0.66661197,0.94736844,0.94736844,0.48307198,0.497333,0.9375,1.0,1.0,0.497333,0.497333,0.32949054,0.6380152,0.46121368,0.0031619396100756327,-8.840566284936648e-05,0.0006070860660834371,0.00016147918719673548,0.002419187509334673,0.00015212988633555877,0.0011070746895808824,0.0007786137831439915,-4.820817511519735e-05,0.0,0.0,0.0,0.00017692139787243307,0.00021337853110102307,0.00023379288817286327,0.0031748577661824245,-0.0003705797677749685
0.5225613,0.7819381,0.7522104,0.7522104,0.97322625,0.94736844,0.94736844,0.5357643,0.5452702,0.9375,1.0,1.0,0.5452702,0.5452702,0.42574054,0.6535707,0.5072137,-0.004873052493843746,-0.00018813706624269636,-0.00015175121044591077,0.00017254164107474005,-0.0006761273457487707,4.979554984443878e-05,0.0008604479985510402,0.0002464264960622382,0.00028728453683035454,0.0,0.0,0.0,-0.00012345121071953777,0.0005039536943027087,0.0003973402446272314,0.0032560136635829875,0.00027765767038010294
0.5050614,0.7643409,0.87109214,0.9375,0.90427727,0.7643409,0.94736844,0.38961044,0.40128273,0.9375,1.0,1.0,0.40128273,0.40128273,0.3582405,0.20468171,0.5712136,-0.006442563771267261,-7.432657717987886e-05,-0.0016730344116923227,-0.0005965231566383868,-9.046862133241712e-05,-0.0010370860298432325,0.0013796351804406424,0.0009443878683755389,-0.00038926865196063713,0.0,0.0,0.0,0.0010220308813950636,-0.0004578411626318442,0.0002348385419457083,-0.0063885488286224154,0.000566295281008058
0.88714445,0.9002285,0.36138663,0.36138663,0.9375,0.94736844,0.9002285,0.54461056,0.55191964,0.9375,1.0,1.0,0.55191964,0.55191964,0.6044905,0.63801515,0.36121368,0.0050587211811042795,0.00046307910846820385,0.0015173898154831227,-0.00011344026535267032,-0.0003184352119147601,3.7666569029258454e-05,-4.409080915687424e-05,-9.704502884807717e-06,0.0003447078185567935,0.0,0.0,0.0,-0.00014391731184432467,0.0003260488624073324,0.00016570960565441426,0.0026101363175753314,-0.0010782378189736746
0.8165763,0.835134,0.50145847,0.50145847,0.82265276,0.94736844,0.94736844,0.4499952,0.46029812,0.9375,1.0,1.0,0.46029812,0.46029812,0.4894905,0.26579297,0.61721367,0.0038175413705315874,-5.280569087906277e-05,0.001566539810194825,0.00025729736633024004,0.0007980032163622749,9.314522160280107e-05,0.0012369477562921005,0.0013088875639313397,-0.00020369765886504355,0.0,0.0,0.0,0.0005049273234716921,0.00032014089177640766,0.00048480493649616526,-0.00351552627560792,0.0011835116548614712
0.7985083,0.8468666,0.69735223,0.97322625,0.9375,0.94736844,0.82946116,0.54345673,0.5551665,0.9375,1.0,1.0,0.5551665,0.5551665,0.46949053,0.5335707,0.6202136,0.002929950367594949,-0.00015177955502575813,0.0003493863016878196,-0.00014303139830577764,-0.00035233498406240154,0.0003086885098798369,-0.0021885268995208997,0.00030388580000040977,6.696296958884053e-05,0.0,0.0,0.0,-8.913087951065324e-05,0.0005736744969413545,0.0002212737728469799,0.0011022612800681967,0.0007765330229042145
0.29044002,0.694327,0.8581048,0.9375,0.9375,0.9774537,0.9489912,0.2830721,0.29611716,0.9375,1.0,1.0,0.29611716,0.29611716,0.31449044,0.29690415,0.31821364,-0.014832810659279367,-0.0002714779515366536,-0.0016463301357352213,0.0002514790091769124,-2.6317587072738312e-05,1.268593797096318e-05,0.001551537698325517,-0.0003099242035518638,-0.0012703316171947287,0.0,0.0,0.0,0.000611938030595151,-0.0019117168420615105,-0.0007591349083318507,-0.004277928715677684,-0.002473334661397206
0.46907637,0.6084794,0.9062,0.9062,0.9375,0.94736844,0.86317396,0.21653366,0.23107846,0.9375,1.0,1.0,0.23107846,0.23107846,0.18324041,0.20357068,0.29421368,-0.009621316103961075,-0.0003095687326187627,-0.0024090241131691273,0.0005051209168680288,-0.00010920176303287756,-1.3988057156042454e-05,-0.0011131259823942488,-0.0008048368546129478,-0.0019836261497089415,0.0,0.0,0.0,0.0006923083934522365,-0.0029502914091812426,-0.0025068089082029513,-0.007245134032772229,-0.0031209240063318493
0.8761976,0.90670466,0.5544903,0.5544903,0.9375,0.94736844,0.99324316,0.604995,0.61423475,0.9375,1.0,1.0,0.61423475,0.61423475,0.66074055,0.55134845,0.59021366,0.004592858559610938,0.00033356606642659956,0.0007809354514396826,0.00017619926085557513,-0.0005171681901173759,6.895207133353072e-05,0.0022636208703451454,-0.0009701859811481751,0.0005260379073048728,0.0,0.0,0.0,-0.0006776439777326703,0.00035365784701620967,-0.00014063872248080305,0.0011602879064511783,0.0006146072437038607
0.8635082,0.8913406,0.73919296,0.8898619,0.7139182,0.94736844,0.94736844,0.55614895,0.56482434,0.9375,1.0,1.0,0.56482434,0.56482434,0.5132405,0.43357074,0.6342137,0.004583716458442867,0.00014541866038983106,-1.5059058427374824e-05,6.584170982455547e-05,0.0018795941606297988,9.202189592515349e-05,0.0008752551538216447,0.00010334206421427086,0.00030576460597111756,0.0,0.0,0.0,-0.00014686648261435237,0.0005254239923545869,0.0003867998069729116,-0.0006083036706413545,0.0011107072348897208
0.5983189,0.8409836,0.76796275,0.76796275,0.93370897,0.94736844,0.94736844,0.6649953,0.66461474,0.9375,1.0,1.0,0.66461474,0.66461474,0.3532405,0.6569041,0.8992137,-0.0029235473365914503,-5.5385595906247855e-05,-0.00010228889345813139,0.00015161958463532165,-0.00031551254947937075,0.00010962458813165425,0.0007596073814346338,-0.0014043472319268519,0.0005945975805541743,0.0,0.0,0.0,-0.0009159433594861423,0.000699517167683511,0.00047225923516304517,0.0030517959565525394,0.002634450384967259
0.71294004,0.8276937,0.7710579,0.7710579,0.97322625,0.94736844,0.94736844,0.43537977,0.4461904,0.9375,1.0,1.0,0.4461904,0.4461904,0.37074053,0.40801513,0.49721366,0.0007537355701387455,-0.00019371992197263584,-0.0002828427654402757,0.0002637833687493391,-0.0008437032008627345,0.00027688394373289897,0.0010645579409842565,0.0010648707832078708,-0.00023852202814961552,0.0,0.0,0.0,0.0005835002818085904,6.517631119894438e-05,0.0002750995948462801,-0.0012223729069014782,-8.728707163725028e-05
0.63794017,0.76654816,0.7959796,0.9375,0.8853314,0.76654816,0.94736844,0.36268762,0.37602237,0.9375,1.0,1.0,0.37602237,0.37602237,0.4919905,0.44579294,0.33321363,-0.0021660788526688362,-0.0001504718010096592,-0.0006206051792126328,-0.00037895134330576027,6.942846679654898e-05,-0.0008172304013942422,0.0014858654920443528,0.0011615241318447206,-0.000631502671305637,0.0,0.0,0.0,0.0012883974928159507,-0.000738771390183883,0.00021000564098626367,-0.0012692096465189327,-0.0016851768004127875
0.5915762,0.7486346,0.939427,0.939427,0.9375,0.94736844,0.94417596,0.69191813,0.6991138,0.9375,1.0,1.0,0.6991138,0.6991138,0.58699054,0.78357077,0.5992137,-0.0030111285038871435,-0.00031458411285459017,-0.0007688182232909571,-6.464011674913566e-05,-0.00031291729213409546,0.00028466799280833907,0.0014760949622199208,-0.0018229932979092589,0.0012524411716439037,0.0,0.0,0.0,-0.0015612741687637962,0.0005759493139726062,0.00010440228790451735,0.005317597055053453,0.0007569298351702523
0.28237194,0.7124461,0.97322625,0.97322625,0.9375,0.94736844,0.75087833,0.45268747,0.46321902,0.9375,1.0,1.0,0.46321902,0.46321902,0.31449044,0.4513485,0.59621364,-0.013628915991164883,-2.9938811841981987e-05,-0.0025105478939608495,-0.0005515929572176813,-0.0003834072332700878,0.0002487189688898872,-0.004531386834315219,0.0006674390830689989,-0.00017974227941259995,0.0,0.0,0.0,0.0005515594278700823,6.28674628972968e-06,0.0002674543336041719,-0.0005535480377043983,0.0007660639195133018
0.831387,0.84891,0.7371203,0.7371203,0.9375,0.94736844,0.93297225,0.5819183,0.5910077,0.9375,1.0,1.0,0.5910077,0.5910077,0.66074055,0.4502374,0.6892137,0.003922981604945508,1.2893723868467737e-05,-8.135747841724283e-05,0.00023573238453334193,-0.0004916434210510244,0.00011219747398284082,0.0006450024021927778,-0.0004225231641156764,0.0006692792435651672,0.0,0.0,0.0,-0.0004629309727008184,0.0008593541984090465,0.0005438806692244792,0.0002101759388803627,0.0018827585070781017
0.62294006,0.89997333,0.88959694,0.92463356,0.870967,0.94736844,0.94736844,0.42461058,0.43976954,0.9375,1.0,1.0,0.43976954,0.43976954,0.3069905,0.4257929,0.5362136,-0.002857312791055767,-0.00019802500903909359,-0.0018362908079784979,-0.0003171560787547659,0.00029698098537113513,0.00025218359623816773,0.0007273035631029745,0.0010793073036984284,-0.00027411184364367397,0.0,0.0,0.0,0.0008117374720396969,-6.64085570511485e-05,0.0001843099744152759,-0.0012621123376530792,0.0003807664733973895
0.8111976,0.769977,0.51346034,0.51346034,0.9375,0.94736844,0.769977,0.6215337,0.632073,0.9375,1.0,1.0,0.632073,0.632073,0.46074057,0.68134856,0.6462137,0.003049204578957895,-0.00029178040830026724,0.0009344804792378744,0.0001720774640787892,-0.0005435853167553618,4.88396385708257e-05,-0.003417497998044234,-0.0010012476872070747,0.0007650795104916156,0.0,0.0,0.0,-0.0008881250012542223,0.00048452315102080724,0.000392299025952201,0.003532888729784632,0.0012094558546898873
0.5675614,0.71944743,0.82925797,0.93370897,0.75194645,0.94736844,0.94736844,0.3915338,0.40391952,0.9375,1.0,1.0,0.40391952,0.40391952,0.3069905,0.36468178,0.5052136,-0.004293111313961545,-3.684187716048408e-05,-0.0012739865741161769,3.6180849606509775e-05,0.0009869085008625414,0.00015540122989886475,0.0006024002327712902,0.0010742750929846727,-0.00041305874520982766,0.0,0.0,0.0,0.0009430351516641003,-0.00021539865882428723,-2.6324634119933646e-05,-0.002627835374599212,0.0002906839905866992
0.9017657,0.8176691,0.6417513,0.6417513,0.9184109,0.94736844,0.94736844,0.5984566,0.60880077,0.9375,1.0,1.0,0.60880077,0.60880077,0.6157405,0.5680152,0.5782137,0.00535373696721128,-1.3299441417809962e-05,0.00041331275416517393,0.00014606945744269516,-0.00015498419531438572,5.44904132246251e-05,0.0011821082963694928,-0.0010028922476785075,0.0006054062936703228,0.0,0.0,0.0,-0.000727660724492983,0.0003440505129408076,1.576050225524997e-06,0.0016295026546661903,0.0005996240554516528
0.6942656,0.7350172,0.7148479,0.8671419,0.9375,0.94736844,0.8351259,0.4253797,0.43504876,0.9375,1.0,1.0,0.43504876,0.43504876,0.2594905,0.5057929,0.4702137,-0.0004014359807517359,-0.0002698128118248388,-0.00010180749990184329,0.00012430210275878332,-0.00046328035605352986,0.00031979930732679867,-0.0015637920838883804,0.001397218608156871,-0.0004681833775922979,0.0,0.0,0.0,0.0008459981470707628,0.00012979965939577062,7.082538060219226e-05,0.0006470465860112928,-0.0003772241372926732
0.66275066,0.90702903,0.73746544,0.9375,0.90427727,0.90702903,0.94736844,0.27614886,0.28984568,0.9375,1.0,1.0,0.28984568,0.28984568,0.3019904,0.21579297,0.3942136,-0.0006673969207586916,-0.00014192001571435042,-0.000264967312826004,8.617747329083495e-06,-8.628181980073233e-05,-2.0850631033834387e-05,0.0008556227013930606,0.0007382981184714076,-0.00112229873025189,0.0,0.0,0.0,0.0012792830609100283,-0.0015216926848957474,-0.00021123487991481061,-0.006213686366015947,-0.0011725746275357946
0.866387,0.8913408,0.25948194,0.25948194,0.9375,0.94736844,0.8913406,0.33345664,0.34630165,0.9375,1.0,1.0,0.34630165,0.34630165,0.35699046,0.3624596,0.3492136,0.004755757168799442,0.00032345684147906217,0.0038487434939943476,-0.0011120142559357738,-0.000301480013390566,-1.785286074202294e-06,-0.0005772583462730424,0.00239686732263939,-0.0012404829944395925,0.0,0.0,0.0,0.0013348740762941266,-0.00010302105680347699,0.00024314156966557317,-0.002210241664291407,-0.001749251247185467
0.6531294,0.77707666,0.56617236,0.56617236,0.9375,0.94736844,0.79133517,0.4507646,0.4622483,0.9375,1.0,1.0,0.4622483,0.4622483,0.43449056,0.40134844,0.50621367,-0.0015568642896563831,-0.0002558547280096984,0.001124729109675702,0.00022038234893695345,-0.0005312257533131593,0.00010675072552276989,-0.003226112170029925,0.0013640731534936867,-0.0002989668050387353,0.0,0.0,0.0,0.000679953208481434,0.0003388373651681425,0.00048519424096640605,-0.001326090661991517,6.991494621604609e-05
0.53331894,0.7647942,0.5809668,0.5809668,0.97322625,0.94736844,0.94736844,0.2569184,0.2702391,0.9375,1.0,1.0,0.2702391,0.2702391,0.19699049,0.122459516,0.42621365,-0.00548957374330519,-0.00014619062797045795,0.0016724194629293711,-0.00013432361989835736,-0.00019173731097835102,5.859560054924024e-05,0.000980037666162859,-0.0002417489919992575,-0.001595987048243526,0.0,0.0,0.0,0.0006572101876910714,-0.0022873939751944868,-0.0021418128456743486,-0.00859886481985747,-0.0012550113633695197
0.53525066,0.7223318,0.7727039,0.9375,0.9375,0.7223318,0.8351259,0.31922606,0.33211175,0.9375,1.0,1.0,0.33211175,0.33211175,0.32074046,0.24023734,0.45121366,-0.005373679550509816,7.05226016165357e-05,-0.0005484721823794952,-0.0004571469057252478,-0.0004822667309775831,-0.0013128242810441415,-0.0019841493418183715,0.001020683655295392,-0.000627941921102681,0.0,0.0,0.0,0.0014671971064614464,-0.0009308047557001106,0.00016726082775345464,-0.00550725659503834,-0.000571596430101184
0.88044006,0.9276742,0.81464255,0.9375,0.9005603,0.94417596,0.94736844,0.5796104,0.5881287,0.9375,1.0,1.0,0.5881287,0.5881287,0.4307406,0.565793,0.64421374,0.004599155111753395,0.00015260466617709356,-0.0005746938408516623,-7.522333883024599e-05,-9.595582000552529e-05,0.00016118284109638793,0.001241065837403946,-0.0004292948353964019,0.0003505389159325559,0.0,0.0,0.0,-0.00048284692237801163,0.000491267490483225,0.0002950376283059355,0.0016740592862453892,0.0011115217517125222
0.7421444,0.81568396,0.33189487,0.33189487,0.9375,0.94736844,0.81568396,0.47345674,0.4840011,0.9375,1.0,1.0,0.4840011,0.4840011,0.4582405,0.38245964,0.5462136,0.0011028160020997884,-6.391151363004162e-05,0.0019336640436487748,7.698658270154008e-05,-0.00044953618002200875,6.102354684045304e-05,-0.0022950082872743986,0.0008701648202025539,-0.0001452674095527428,0.0,0.0,0.0,0.0003398152657635085,0.000247134011101333,0.00030655731533165716,-0.0012532122416128774,0.0003240954406719331
0.3908189,0.65204835,0.97322625,0.97322625,0.9375,0.94736844,0.6469075,0.38614905,0.39894122,0.9375,1.0,1.0,0.39894122,0.39894122,0.42824048,0.30134848,0.4282136,-0.01051974188077954,0.00010694798697436177,-0.0025671664537259475,-0.0005164791109250858,-0.0004564148452693742,0.00015737683292633558,-0.007712338062301653,0.0008010488958289797,-0.00045904115057662597,0.0,0.0,0.0,0.0011153553446982781,-0.00042879836463425024,0.0002846800519057718,-0.0040054711619510516,-0.0008075491012850093
0.50025064,0.80859274,0.79136,0.97322625,0.92463356,0.94736844,0.94736844,0.44345665,0.4581231,0.9375,1.0,1.0,0.4581231,0.4581231,0.38574058,0.5935707,0.37321368,-0.006348110953426434,-0.00014331993925908028,-0.0005020504261045218,-0.0003653520759805752,-0.00035188603365669173,0.00021700132979230445,0.0007242677989611271,0.001209380582690279,-0.00028300082983149025,0.0,0.0,0.0,0.000698633248879648,0.00015114135566172342,0.0003705692860885791,0.0027064923163166985,-0.0011478542083575396
0.57600826,0.71544886,0.5435766,0.5435766,0.99197626,0.94736844,0.94736844,0.5549953,0.56592983,0.9375,1.0,1.0,0.56592983,0.56592983,0.35699058,0.6169041,0.6302137,-0.0035727973890948466,-0.0005155648407179248,0.0007314463052366391,0.00016543109188310118,-0.0009937200563306216,4.3580027692530844e-05,0.0009774676092593538,4.992243567042724e-06,0.0003361235289224004,0.0,0.0,0.0,-0.000244130140547116,0.00044011593085719567,0.0005658232932337641,0.002460138842303338,0.0010829279763491671
0.67812943,0.7085881,0.68934596,0.82265276,0.766342,0.94736844,0.94736844,0.27922615,0.29411772,0.9375,1.0,1.0,0.29411772,0.29411772,0.4632405,0.11023733,0.36721373,-0.0006897594162147347,-0.00010358447215337563,0.0004430618053048274,0.00023315912478204115,0.0004944225636324748,8.279255494095035e-05,0.0005268017834577079,0.00034995528191462033,-0.0013582157533866745,0.0,0.0,0.0,0.001065774617544883,-0.0017573873738839238,0.0005767328527532517,-0.008993634724180376,-0.0019408569126355911
0.86294013,0.7734092,0.84672004,0.93370897,0.8784795,0.94736844,0.94736844,0.6434567,0.6523662,0.9375,1.0,1.0,0.6523662,0.6523662,0.71199054,0.6824596,0.5272137,0.004102862457946895,-0.0002319395833545231,-0.0005707127243642589,9.124146789454679e-05,0.00019591789708754603,7.220260651569021e-05,0.0007157734153227607,-0.0012739033402856404,0.0008124366026671977,0.0,0.0,0.0,-0.0009413745760581479,0.0005518401685086822,-0.00011305169042155689,0.0033500126559077993,0.0002281379680950492
0.95464444,0.99324316,0.4329154,0.4329154,0.9375,0.94736844,0.99324316,0.80807185,0.8101298,0.9375,1.0,1.0,0.8101298,0.8101298,0.8532405,0.76801515,0.6722137,0.0064202634382610905,0.0009940759376394302,0.0007392156126244631,0.00047905249292941093,-0.0006070396617393318,3.4662580982336365e-05,0.0022319203224719798,-0.004381364360645141,0.0022702817520648057,0.0,0.0,0.0,-0.0029065847067041217,-0.00010709922313603104,-0.0010021679464098541,0.004361400088610152,0.0010809377942894505
0.8690763,0.93876034,0.7246668,0.7246668,0.9375,0.94736844,0.93876034,0.84807205,0.83798236,0.9375,1.0,1.0,0.83798236,0.83798236,0.77074057,0.8069041,0.8262137,0.004081057188649099,0.0007829050773512953,3.2790503338518756e-05,0.00014583367889241938,-0.0002692250066292052,2.135744364060069e-05,0.0006308335205210891,-0.005906053277497234,0.002723363386266321,0.0,0.0,0.0,-0.003493735995901106,-0.0006334522324389303,-0.0010002026670714393,0.004563399204184686,0.001915626679210809
0.50775075,0.70859635,0.6894695,0.99197626,0.9062,0.94736844,0.94736844,0.33499512,0.34775957,0.9375,1.0,1.0,0.34775957,0.34775957,0.42574054,0.44357067,0.24321365,-0.006379127795948752,-7.711587612101163e-05,0.00020764678680860842,-6.951026478980883e-05,-8.646309004084769e-05,0.00014194117096677576,0.00071925800656364,0.0012363496595207118,-0.0007863071850234979,0.0,0.0,0.0,0.0013447737651604854,-0.0006997202802372582,0.0005609445339510672,-0.000756441217075523,-0.002772957859286333
0.33312953,0.76654816,0.6206399,0.6206399,0.90427727,0.94736844,0.94736844,0.17307223,0.18836269,0.9375,1.0,1.0,0.18836269,0.18836269,0.25199044,0.11023733,0.26021367,-0.013925263693249954,-0.00014622940150595468,0.0007625847038712526,8.75946180639611e-05,-1.1528544401918812e-05,5.04869318777787e-07,0.0006823289970492735,-0.0018070735623969018,-0.002148145655075511,0.0,0.0,0.0,0.00041694159554057626,-0.003686957950937175,-0.0020402773669623135,-0.009332811496186387,-0.003594388451077201
0.63619757,0.81906277,0.82265157,0.9375,0.9375,0.81906277,0.8998124,0.43730295,0.44953844,0.9375,1.0,1.0,0.44953844,0.44953844,0.5257405,0.30801508,0.4662136,-0.0028326950892438372,-0.00013145729289142322,-0.0008659650552739292,-0.0004044616649068734,-0.0006728317910209969,-0.0006045804383311847,-0.0006733413588307813,0.0010420258008462275,-0.0002941563351678903,0.0,0.0,0.0,0.0007348429822123182,-0.00014283321396883848,0.00041502022878043887,-0.003954157991061885,-0.00045638490926960243
0.81907636,0.6768097,0.6165656,0.97322625,0.9375,0.94736844,0.9015119,0.33807212,0.34912258,0.9375,1.0,1.0,0.34912258,0.34912258,0.57449055,0.29023743,0.2612136,0.003428191641059458,-0.00014953427600365452,0.0010513470617056376,-0.00023035663105708108,-0.0005321863837756701,0.00022875595861808164,-0.0003680850245968406,0.0018592398008627942,-0.0009206381034220566,0.0,0.0,0.0,0.0015950688323608194,-0.0004445501201816765,0.000561166631782115,-0.0043116586816592676,-0.0024399628936706695
0.7035082,0.6437145,0.85415035,0.99197626,0.8853314,0.94736844,0.94736844,0.49230283,0.5027837,0.9375,1.0,1.0,0.5027837,0.5027837,0.44199055,0.6202374,0.5462136,-0.00018694952216477656,-0.0005441151587299528,-0.0007810568605999612,8.339113339383567e-05,2.312879674572839e-05,5.162420186743233e-05,0.0005974632947914263,0.0010295058770659709,-0.00010523754292020545,0.0,0.0,0.0,0.00034349706900793685,0.00026699733320277244,0.00038641551475033543,0.0024248818822865904,0.000404761258022137
0.6060082,0.8838611,0.58546025,0.58546025,0.97322625,0.94736844,0.94736844,0.57461065,0.58389324,0.9375,1.0,1.0,0.58389324,0.58389324,0.4807405,0.65579295,0.5452137,-0.0023565928992318563,9.651468614698903e-05,0.0007875697636333342,0.00031491905375382364,-0.0006572565271154974,0.00014103488800175208,0.0010946660295884547,-0.00024568629948664377,0.0003400380512853687,0.0,0.0,0.0,-0.00042963884785685003,0.00047714826399581815,0.00025619306791320207,0.0030704424137190578,0.0003405497327466218
0.8604401,0.81586814,0.9062,0.9375,0.9062,0.9195934,0.94736844,0.5776875,0.5893107,0.9375,1.0,1.0,0.5893107,0.5893107,0.56449056,0.51912624,0.61221373,0.004673481335320472,-7.033705542167796e-05,-0.0009741966532970247,-2.687222102948096e-05,-1.0665044814382948e-05,0.00010553184000748741,0.0011544520708336042,-0.00026615269686677806,0.0003967467865288067,0.0,0.0,0.0,-0.0004656234411218638,0.0005249843411209357,0.0001949424151525355,0.0010224141860710745,0.0007957090423818731
0.73812944,0.76640093,0.83105767,0.83105767,0.8892118,0.94736844,0.94736844,0.60191816,0.6104313,0.9375,1.0,1.0,0.6104313,0.6104313,0.42574054,0.53134847,0.7732137,0.0011801703057357877,-0.00027256776861027735,-0.0005417377896087764,0.00011158438469070265,-7.732555437648073e-05,0.00020989543632265065,0.0011548731271974189,-0.0005139879260910876,0.00048523217852719763,0.0,0.0,0.0,-0.0006081032444306965,0.0006396286527934039,0.00029744321562307017,0.0011814321748980492,0.002163970219455417
0.81369764,0.8368149,0.7538285,0.9396432,0.9045032,0.94736844,0.94736844,0.39268744,0.4042667,0.9375,1.0,1.0,0.4042667,0.4042667,0.33699048,0.36468178,0.50121367,0.003418785417975914,-0.00018744867239646335,-0.0004156677825202708,-0.000214633881100151,-8.174813805230031e-05,0.0001937238294046162,0.0009289340439185462,0.0013559028624896441,-0.000534026142179662,0.0,0.0,0.0,0.0009243709415605491,-0.00022961257970357176,0.0001246316175631748,-0.0023115730988998513,-4.231394511547949e-05
0.831387,0.80151814,0.5786787,0.9062,0.9375,0.94736844,0.8998124,0.52807206,0.54042256,0.9375,1.0,1.0,0.54042256,0.54042256,0.50449055,0.49468178,0.58521366,0.0037671602569677113,-0.00013460832551115645,0.0009059477499307151,-7.5018615554276175e-06,-0.0004128735496932223,0.00011813836493263375,-0.0003616804667617168,0.0003627949898316278,8.120137591274785e-05,0.0,0.0,0.0,-3.9260624940419956e-05,0.0004870275508878551,0.0002692191297509614,0.0006140918613498091,0.000610729075870439
0.559872,0.8065975,0.939427,0.9375,0.939427,0.8065975,0.94736844,0.58730286,0.59531265,0.9375,1.0,1.0,0.59531265,0.59531265,0.6294905,0.5391263,0.6392137,-0.004338955311382177,-0.00014933922296301688,-0.0015474255786282988,-0.00043611950563539754,-0.00039942039783732064,-0.0004522965515073242,0.000744351611953551,4.36132943020233e-05,0.0002623085599291815,0.0,0.0,0.0,-0.00041332544083429125,0.0007786527982147399,0.0001415478810140301,0.0011317528664653324,0.000917759400604107
0.70525074,0.8820939,0.7592404,0.7592404,0.97322625,0.94736844,0.94736844,0.6269182,0.6381262,0.9375,1.0,1.0,0.6381262,0.6381262,0.40824056,0.7646819,0.6292137,0.0008122294055813539,9.235496410991917e-05,-6.427598451214392e-05,0.0001534893771179805,-0.0010132298752532777,0.00010365026491420286,0.0010723526146495343,-0.0010853057722160673,0.0007967958971551185,0.0,0.0,0.0,-0.0009196459991606585,0.000806593002013732,0.00038984625708633866,0.005841728236450417,0.0011023374217322655
0.5779401,0.8280433,0.77467537,0.77467537,0.9375,0.94736844,0.9711938,0.5803796,0.584004,0.9375,1.0,1.0,0.584004,0.584004,0.30324054,0.58801526,0.74921364,-0.003366819387739707,-0.00016375831641524404,-0.0002233101061247769,0.00020374191630354927,-0.0005623519673355924,0.0001471884220593607,0.001576442173584493,-0.00011956024338584413,0.00032975803519685377,0.0,0.0,0.0,-0.0003684542104446613,0.0007426534682591729,0.0004537927478677782,0.0025910631982438387,0.001947592395706614
0.44525072,0.7735105,0.9005603,0.9005603,0.9375,0.94736844,0.8930203,0.62845665,0.63699657,0.9375,1.0,1.0,0.63699657,0.63699657,0.48199052,0.65912634,0.64621365,-0.007712922578663786,-0.0003411006867627615,-0.0009667508785218807,-4.768045757566374e-05,-0.000357007389415767,0.00031022958783265573,0.0001535982327390445,-0.0003228033160945279,0.0004692638918997746,0.0,0.0,0.0,-0.0009514416433207337,0.0009815014882963106,0.0002970460260838554,0.0036655105677983212,0.0011674497908872924
0.8056295,0.834876,0.8205808,0.8205808,0.9375,0.94736844,0.9210105,0.54961044,0.5616228,0.9375,1.0,1.0,0.5616228,0.5616228,0.5432405,0.5946819,0.53021365,0.002682845847525654,-3.135412171012826e-05,-0.0005587743305134779,0.0001361214916746048,-0.0003584451211819714,0.00010384995534637113,0.0002527457450964171,0.00011584255732554595,0.0003208956326995231,0.0,0.0,0.0,-0.00021343378950940698,0.0004225097677062447,0.0003547059130660326,0.0020275288681295784,0.000225398938643728
0.78850824,0.8718084,0.8502183,0.9005603,0.9062,0.94736844,0.94736844,0.51153344,0.5225391,0.9375,1.0,1.0,0.5225391,0.5225391,0.27949047,0.59468186,0.6092137,0.003002102869687192,-5.55714906691686e-05,-0.0008842504476710543,0.00010161816745711946,-9.837950028263848e-05,0.0002536314517403844,0.0013005183888185417,0.0003776864289038739,0.0001354120983502236,0.0,0.0,0.0,-0.00013028938057735342,0.0002854589503876464,0.00021490732861882204,0.002485956121472844,0.0009545024353330212
0.9033189,0.81908965,0.6288841,0.6288841,0.8810272,0.94736844,0.94736844,0.46114892,0.472584,0.9375,1.0,1.0,0.472584,0.472584,0.41949052,0.48468187,0.5052136,0.005389581365631894,-0.00012925060551824202,0.0005331800764584556,0.00019633220438491987,2.864981101146781e-05,7.544196351343658e-05,0.0009908092750948302,0.0010604333930614221,-5.45083151868427e-05,0.0,0.0,0.0,0.00033555577806707287,0.00024496741849248114,0.0004600697085421965,0.00046775778990898215,0.00021327792374247617
0.46157628,0.6102168,0.78928065,0.97322625,0.9375,0.94736844,0.9365335,0.049226027,0.06524308,0.9375,1.0,1.0,0.06524308,0.06524308,0.10074043,0.07357057,0.1662136,-0.009407876398943521,-0.00032929333497258345,-0.000766586709700588,0.00052052370645557,-6.829231383206208e-05,1.268518946241179e-05,0.0005269516368803967,-0.0029185281218023097,-0.0033610848718318466,0.0,0.0,0.0,0.00019981655384749988,-0.0056192038210829765,-0.0040489808236558985,-0.010806793126280322,-0.005445751866213798
0.4658189,0.8069667,0.8704228,0.8704228,0.9375,0.94736844,0.5961648,0.2873029,0.29774132,0.9375,1.0,1.0,0.29774132,0.29774132,0.09199035,0.4635707,0.36821356,-0.008701825368336089,-0.00010284528453502173,-0.0019428474231684787,0.00011641063076692566,-0.0002495253785870726,0.00019513904897219603,-0.00717645634611361,0.0005380201209535811,-0.0011518079275009837,0.0,0.0,0.0,0.0012284292751103174,-0.0015048178662979883,-0.0017819511233206253,-0.0005053391571875179,-0.0016195227794392893
0.67638695,0.7507512,0.76836,0.88566744,0.9657926,0.94736844,0.94736844,0.42768744,0.43605796,0.9375,1.0,1.0,0.43605796,0.43605796,0.52199054,0.5080151,0.3492136,-0.00020658753747183233,-0.00013211736317704265,-0.0003208918002419565,6.643949651728968e-05,-0.0007432246064989051,0.0002371592039722059,0.0009972154452973434,0.0012284326172356769,-0.0003351389822993872,0.0,0.0,0.0,0.0007244279550396895,0.0001217323418854068,0.0005087704298632306,0.0011186325576015505,-0.0014882203040124603
0.5731295,0.71033305,0.72458863,0.72458863,0.90427727,0.94736844,0.94736844,0.33961046,0.3525716,0.9375,1.0,1.0,0.3525716,0.3525716,0.37824053,0.20468181,0.45921364,-0.0039409865136104776,-0.00024434483537373337,0.00019104932753602228,0.0003181654104705216,-3.525237159331097e-05,0.00019386233672681616,0.0010636470842570922,0.0012797887256148239,-0.000858924261917237,0.0,0.0,0.0,0.0012161962434090775,-0.0007088895353425994,0.00043482777419261577,-0.006569146828174468,-0.0003319224771368503
0.48794004,0.8475258,0.8254219,0.8254219,0.93370897,0.94736844,0.94736844,0.51922596,0.5288687,0.9375,1.0,1.0,0.5288687,0.5288687,0.43074054,0.52134854,0.5622136,-0.00626284655300123,-0.0002772682305490356,-0.0005984344336729551,3.783196779398633e-05,-0.0004289072636730035,0.00021647780133119744,0.0015648592296317982,0.0007987982553693892,6.046136723318673e-05,0.0,0.0,0.0,8.419322327041886e-05,0.0005294297754191663,0.0004835573007344594,0.0012312636848907244,0.00047287131912263
0.87407637,0.81349695,0.68119776,0.9657926,0.7352298,0.94736844,0.94736844,0.71422577,0.7195255,0.9375,1.0,1.0,0.7195255,0.7195255,0.7032405,0.6091263,0.7212137,0.004849374918075575,-7.417523181582915e-05,0.00010465439419874208,-0.00021000566149050707,0.00152503304342056,4.401267045448631e-05,0.0007842651057434555,-0.0029941618522710727,0.0017020347070198542,0.0,0.0,0.0,-0.002002503858777268,0.00024263559611923576,-0.00035365115259780816,0.0023557152667536686,0.0015450179359241347
0.5908188,0.792695,0.8581048,0.9062,0.97322625,0.94736844,0.94736844,0.16730294,0.18200961,0.9375,1.0,1.0,0.18200961,0.18200961,0.14199042,0.15468174,0.33421364,-0.004471488146592133,-0.00010136235507276783,-0.0017203233584997713,0.00038486912722034144,-0.00011280985636174974,-1.0657171198482848e-05,0.0006882859122220803,-0.0012567977849403042,-0.0023661299758380386,0.0,0.0,0.0,0.0005191961923507131,-0.003726538241045281,-0.0030543370602460563,-0.008562269098638022,-0.0027009772790347174
0.6027506,0.8211281,0.85675997,0.9668138,0.78727716,0.94736844,0.94736844,0.5488412,0.55395395,0.9375,1.0,1.0,0.55395395,0.55395395,0.4607405,0.51357067,0.6742137,-0.0030088373035501124,-0.00027253280375229305,-0.0008446314620192568,-0.00039331746058406775,0.0011342867507297158,0.000289492237228503,0.001264415370287979,0.0004943258096638204,4.648167118595148e-05,0.0,0.0,0.0,-8.399529223354227e-05,0.0005599580486609043,0.0003224094105350637,0.0006729166156885572,0.0011474122330138927
0.7717657,0.86317396,0.27610615,0.27610615,0.939427,0.94736844,0.94736844,0.39537972,0.40755102,0.9375,1.0,1.0,0.40755102,0.40755102,0.2607404,0.5391263,0.43521366,0.002123446097200388,0.0002755000637910496,0.0028534458754139154,-0.001022843538370462,-0.00022897497524336814,-6.02680941123649e-05,0.0007348917629640079,0.0020962598099790123,-0.0006520642947295881,0.0,0.0,0.0,0.0009784834576292555,7.802807078264407e-05,-3.558225978434592e-05,0.0010871433556054956,-0.00051272181274487
0.7627506,0.8838611,0.83129877,0.83129877,0.9375,0.94736844,0.9210105,0.5446107,0.55665976,0.9375,1.0,1.0,0.55665976,0.55665976,0.46949053,0.5880152,0.57721364,0.0018030527176679451,2.0203535361489298e-05,-0.0006634386691529366,2.2744392743186376e-05,-0.0004872075079752866,0.00010346836402564466,0.0004108776909304837,0.0001491262997182282,0.0003133606080251972,0.0,0.0,0.0,-0.00031380093407232674,0.0005406743008399919,0.00037973711575846726,0.0024631842971004074,0.0007773438555412712
0.8508189,0.8718827,0.7431909,0.97322625,0.6872738,0.94736844,0.94736844,0.4984565,0.5130397,0.9375,1.0,1.0,0.5130397,0.5130397,0.3019905,0.5546819,0.5442136,0.004543280896188113,2.899093999120403e-05,-0.00011901368101572281,0.0001261248033354169,0.0022093543502433644,0.00016876290028038768,0.0015217256086916043,0.0007947838300878305,3.524367290009108e-05,0.0,0.0,0.0,0.00010822925204315388,0.0004052022359195742,0.0002469528140505934,0.0019199821570202388,0.00048021855201477696
0.8786976,0.8439094,0.7342686,0.9375,0.9375,0.8439094,0.99324316,0.86037964,0.8608496,0.9375,1.0,1.0,0.8608496,0.8608496,0.8382405,0.92690414,0.69621366,0.004590423133093603,0.00014091580584224827,-0.00011878388958884167,-8.707621911268243e-05,-0.00048606155630708317,5.257697700142172e-05,0.002133895693899122,-0.006061439289292536,0.0032520685651549284,0.0,0.0,0.0,-0.003972360777036611,-0.0006582238075906802,-0.0010943862429620358,0.006434205745175503,0.001252689024745346
0.8994551,0.82978517,0.69497114,0.77865386,0.67853695,0.94736844,0.94736844,0.61768734,0.6262296,0.9375,1.0,1.0,0.6262296,0.6262296,0.42074054,0.6880152,0.6622137,0.005009375633477635,-6.187367359363844e-05,0.0001416904646105871,0.00010442284709721508,0.0022185997476581684,7.219283903845852e-05,0.0008538488641036818,-0.0009241310682794223,0.0006036275053534072,0.0,0.0,0.0,-0.0006476259244018095,0.00045755671175449645,0.00041497344373384764,0.0036125298723388983,0.0011983311940767885
0.47544006,0.65673494,0.48050833,0.9375,0.48050833,0.65673494,0.94736844,0.43922585,0.45128784,0.9375,1.0,1.0,0.45128784,0.45128784,0.1982404,0.59357077,0.4612136,-0.006997657524697079,-0.00046351534237923554,0.0022843421591899464,7.318986093817121e-05,0.002411343637208884,-0.0006636867289563058,0.0010614143153435832,0.0013617523663975364,-0.0005260086203429294,0.0,0.0,0.0,0.0009796872173775428,0.00031077451386610027,-0.0002946548527569112,0.0026951942280457734,-0.0005027883342293058
0.5731295,0.6522407,0.5852811,0.93773437,0.5995892,0.94736844,0.94736844,0.3873027,0.39989468,0.9375,1.0,1.0,0.39989468,0.39989468,0.45074052,0.4291262,0.45221367,-0.0044304248738703785,-0.000635963015569825,0.0010789882586530889,0.0005009442313316366,0.0017717753160168348,0.00012148337452118296,0.0009083083117423982,0.001302348123178767,-0.0006585455019641088,0.0,0.0,0.0,0.0010900168667044466,-0.00013074323372176935,0.0006685521890909809,-0.0009852368893965308,-0.0005453002520117372
0.6102507,0.8137169,0.7954408,0.7954408,0.93370897,0.94736844,0.94736844,0.57691807,0.58653283,0.9375,1.0,1.0,0.58653283,0.58653283,0.5307405,0.7402374,0.45221367,-0.002006026579847697,-0.0001329231776328354,-0.00023806722821934464,0.00012646648502588143,-0.0004220043924366425,8.515982878437682e-05,0.0010396422935758922,-0.00012713875319071227,0.0005237942285197588,0.0,0.0,0.0,-0.0005320636053598045,0.0006440312605824681,0.00035529986434716264,0.005377482865009611,-0.00035361416417700075
0.8067658,0.86317396,0.03833921,0.03833921,0.97322625,0.94736844,0.94736844,0.08999531,0.10536918,0.9375,1.0,1.0,0.10536918,0.10536918,0.09199035,0.15468174,0.20621356,0.003520142615801431,0.0002801570272320506,0.007847735845111807,-0.004111769894380565,0.0001616554692892874,-0.00016359934647713743,0.000552629397503857,-0.00039838708615941515,-0.0044035382872309745,0.0,0.0,0.0,0.00025333646366541493,-0.0033529524013856033,-0.004601624415247382,-0.007583292124226065,-0.005431389125948083
0.56294006,0.7665391,0.7727039,0.83945024,0.9375,0.94736844,0.99324316,0.3496107,0.3622266,0.9375,1.0,1.0,0.3622266,0.3622266,0.38574058,0.5702374,0.23921366,-0.0043690510507064925,-0.0001506884057995508,-0.0004242823090380609,0.00010670490099895462,-0.0003343808799798905,0.00011214704869532182,0.0020593972634227325,0.0015590249549880047,-0.0008245920252324733,0.0,0.0,0.0,0.0013341511824542529,-0.0003487983183643005,0.0005454774732159659,0.0022446119700833874,-0.0029156031865094313
0.6836975,0.7101381,0.6309476,0.9375,0.9375,0.86317396,0.7101381,0.18230292,0.19703205,0.9375,1.0,1.0,0.19703205,0.19703205,0.14199042,0.30134848,0.1662136,-0.0005554984702587567,-0.0001748817227392866,0.0009370455902054088,0.0003479688895623205,-0.00018593639452625882,-6.317099743906318e-05,-0.004065064698014347,4.1173640797959705e-05,-0.002297332109417307,0.0,0.0,0.0,0.0013429661493314423,-0.002673833171349296,-0.0022476396643069745,-0.004693036694301113,-0.0045917507264570685
0.9229401,0.8573264,0.6271421,0.6271421,0.9375,0.94736844,0.94417596,0.5442258,0.5531661,0.9375,1.0,1.0,0.5531661,0.5531661,0.58699054,0.68801516,0.39721364,0.005863860480849133,3.35368947809825e-05,0.00040460071046726545,0.00019774092266001657,-0.00042324862199346366,4.252748957689477e-05,0.0010631342131819745,-0.00016013668677151126,0.0003571105429134419,0.0,0.0,0.0,-0.00023910302677833235,0.0003779085899508916,0.00021892990187527737,0.0038651544499021828,-0.0007883148089563109
0.783887,0.6226218,0.9062,0.9375,0.9375,0.8471872,0.63982743,0.33691832,0.35175753,0.9375,1.0,1.0,0.35175753,0.35175753,0.46949053,0.40801513,0.2782136,0.0028825323186334696,9.591038911211127e-05,-0.002193751769067247,-0.0003502413531888125,-0.000416259969980963,-0.00038619793606840716,-0.007214713901323833,0.0011853778891915243,-0.0007236469148186651,0.0,0.0,0.0,0.0013885309010975406,-0.0005812425734263779,0.00035295294964677215,-0.0016210204726167113,-0.0023017308972509854
0.81812954,0.8048283,0.89991826,0.9375,0.97322625,0.8048283,0.94736844,0.70614904,0.71482867,0.9375,1.0,1.0,0.71482867,0.71482867,0.63699055,0.7813486,0.58521366,0.0027620527864957987,-0.00017548103133268233,-0.00047814448538858014,-0.00024366521848018406,-0.0008041895265483772,-5.6010445768410534e-05,0.0007240420686165344,-0.0020710538817341876,0.0011388250920804275,0.0,0.0,0.0,-0.0014588462171208078,0.00041730463432969415,4.532710680968152e-05,0.00476348433174971,0.0004231193881931096
0.439872,0.41862458,0.823088,0.823088,0.88959694,0.94736844,0.94736844,0.34037971,0.35393304,0.9375,1.0,1.0,0.35393304,0.35393304,0.24074042,0.44579294,0.36921367,-0.009356121326919244,-0.0013434590284744413,-0.0011021130023431151,0.0003720566942838738,5.630898930831407e-05,5.406494377786342e-05,0.0010611854647177446,0.0008866385305711564,-0.001210427242361197,0.0,0.0,0.0,0.0010307100841991357,-0.0005328217371071505,-0.0010187121964338125,-0.00020559571227637464,-0.0018883081980474697
0.6558189,0.6986292,0.8119265,0.8119265,0.9375,0.94736844,0.66965574,0.55345684,0.5627299,0.9375,1.0,1.0,0.5627299,0.5627299,0.3582405,0.52245957,0.69621366,-0.001725478591822401,-0.0005797596592543196,-0.0007615863135096639,0.0001792252147267908,-0.0005616834206485506,0.0002371456447911261,-0.006163320811944201,0.0004505551074212262,0.00019534431627533277,0.0,0.0,0.0,-0.00017611375883721102,0.0005877385533966581,0.0004281943859738955,0.0009532650837891075,0.0018721086420075723
0.40562958,0.6346084,0.5407582,0.5407582,0.9375,0.94736844,0.6346084,0.4849952,0.49477252,0.9375,1.0,1.0,0.49477252,0.49477252,0.5132405,0.43468177,0.5622136,-0.00962872792598199,-0.00047647906895430936,0.0014636004301488584,0.0006776172476270978,-0.0006144499541993504,0.00019999940612892362,-0.007979065576318724,0.0009471931439148635,-0.00021227386298553475,0.0,0.0,0.0,0.0003796149056198605,0.0003190429805187012,0.00028090867878202805,-0.0008452954275712131,0.00045263143009930914
0.65562946,0.7897599,0.87302923,0.9396432,0.9375,0.94736844,0.9711938,0.50922596,0.517366,0.9375,1.0,1.0,0.517366,0.517366,0.5482405,0.6069041,0.34221363,-0.0013213672168457553,-0.00018818238841567718,-0.0010779075992784545,1.421495243794601e-05,-0.000356734927919058,0.0001919085081242969,0.0020043222021170525,0.0006518887431719101,-0.000141250964701653,0.0,0.0,0.0,0.0001614194201579621,0.0002662440349633893,0.00025936231532668925,0.00243941102717933,-0.0019751593266556615
0.7650614,0.81021345,0.8871432,0.97322625,0.9005603,0.94736844,0.94736844,0.436149,0.44649115,0.9375,1.0,1.0,0.44649115,0.44649115,0.5244906,0.2835707,0.5622136,0.0014057137979815704,-0.00015003463282157846,-0.001569272182649417,-0.0003770257140456969,-0.0001643227404461195,0.00022563427181394868,0.0008568738112106161,0.001396432817491208,-0.0004614482038068442,0.0,0.0,0.0,0.0009000426715787991,-2.1430779944703257e-05,0.00039544503403305786,-0.004417928462966332,0.00035551411751705037
0.5229401,0.6398222,0.7815751,0.84817314,0.97322625,0.94736844,0.94736844,0.37884125,0.3912027,0.9375,1.0,1.0,0.3912027,0.3912027,0.37824053,0.3624596,0.41721353,-0.006182957334862202,-2.868833961663611e-05,-0.0006181450978804205,3.522329495306729e-06,-0.0009491819931269307,0.0001917245225742563,0.0008699292825252064,0.0014256610334267116,-0.0006790131323667278,0.0,0.0,0.0,0.0012945976178467742,-0.0003775883830758187,0.0002786474593399444,-0.0030323695868234198,-0.0009737242132542968
0.85176575,0.8930203,0.4007622,0.4007622,0.90427727,0.94736844,0.94736844,0.49422586,0.50282913,0.9375,1.0,1.0,0.50282913,0.50282913,0.3019904,0.43468177,0.69021374,0.0034971911178482452,0.0002256903550261704,0.0017468907113126722,0.00013167073079084021,-0.00021897209690634355,3.544946848902227e-05,0.0006317498727538079,0.0008840254132964306,-8.10609135957647e-05,0.0,0.0,0.0,0.00038683204693161483,0.00028541599167079254,0.000524449271057347,-0.0008490363413120683,0.0014596661120078566
0.78775066,0.7715334,0.732981,0.97322625,0.73290676,0.94736844,0.94736844,0.4911489,0.50354475,0.9375,1.0,1.0,0.50354475,0.50354475,0.4894905,0.55134845,0.4522136,0.002628084134482884,-0.0001954928991608061,6.576016506735133e-05,9.044114511501557e-05,0.001651215433725813,7.14001890836806e-05,0.0008034828182051745,0.000989335466976425,1.0612361488118935e-05,0.0,0.0,0.0,0.0002708265352398956,0.00042414801013193214,0.0005095187227718607,0.0018286798037516763,-0.000459119400659007
0.702372,0.86370254,0.84504735,0.9375,0.9375,0.91509557,0.99324316,0.64191824,0.6476132,0.9375,1.0,1.0,0.6476132,0.6476132,0.7269905,0.45245966,0.75821364,0.00023254094604982067,-0.00018969619223614293,-0.0004779810113457711,-0.0002849204344764722,-0.00046624231781141153,0.0001623202085019497,0.0018699177119715976,-0.0005222183733961949,0.00027597058526148446,0.0,0.0,0.0,-0.0005770463089179524,0.0011432192401199086,-0.0001146550814462839,-0.0005993937573682933,0.0015024789793148601
0.82157636,0.8769778,0.34894568,0.34894568,0.97322625,0.94736844,0.94736844,0.55345666,0.56304634,0.9375,1.0,1.0,0.56304634,0.56304634,0.5494905,0.5335707,0.5452137,0.00343688801928448,0.0002912825664501187,0.0017774422908425364,6.698519110981237e-05,-0.0006587621311503816,7.750669040197458e-06,0.0007597782162275438,-0.00019904208458912438,0.00038511474460584984,0.0,0.0,0.0,-0.00029773041069787356,0.00040569932625122485,0.00028068327557611417,0.0012346100504964047,0.00036797402231916564
0.6404402,0.86967397,0.9045171,0.9375,0.97322625,0.93129337,0.94736844,0.51114887,0.52104324,0.9375,1.0,1.0,0.52104324,0.52104324,0.5082405,0.3746818,0.6972137,-0.0022823660481318103,-0.0002986853120538049,-0.0014279207512232616,-0.0004664547913312264,-0.0009199246567919156,0.00021055444866928673,0.0011600686360179599,0.0008053590108807776,4.897881497519018e-05,0.0,0.0,0.0,0.00017084366852171247,0.000375203634815353,0.0005021750487059682,-0.0023003631981609036,0.0015447743909583111
0.7683189,0.8533903,0.8755339,0.8755339,0.9375,0.94736844,0.94417596,0.6365337,0.6378655,0.9375,1.0,1.0,0.6378655,0.6378655,0.48824054,0.5891263,0.8052137,0.0020084377375304964,-2.165425671684743e-05,-0.0006143853967160258,1.1590377898612961e-05,-0.0003566476113931708,0.00013880159748824608,0.0010764506004925796,-0.0012790338955803065,0.0005871899743077323,0.0,0.0,0.0,-0.0008372165077980298,0.0006254619474345532,0.00021061796078916553,0.0018866606651971054,0.0021643954810323606
0.7286976,0.7733344,0.7892912,0.8375191,0.9375,0.94736844,0.94756573,0.41037986,0.42360145,0.9375,1.0,1.0,0.42360145,0.42360145,0.34699047,0.6202374,0.30921364,0.0006697453440576151,-0.00021800079037335152,-0.00039726623692791166,0.00016412334763809394,-0.0003976894541137798,0.00020307888432367325,0.000849683145837922,0.0016954642087429628,-0.0006656596515907539,0.0,0.0,0.0,0.0009642193687119224,0.00014959714304922796,0.00021646160165821716,0.002898428726154564,-0.0022849640612720174
0.6829401,0.8065975,0.6287354,0.6287354,0.9375,0.94736844,0.92728084,0.5746105,0.5778537,0.9375,1.0,1.0,0.5778537,0.5778537,0.7032405,0.5246818,0.4622136,-0.0001418392295951959,-9.048406592159058e-05,0.000572000328229104,0.0001880723526510198,-0.00041761677431373384,0.00012597430174468043,0.0003308302672037303,-9.951926603926221e-05,0.0002758440257619049,0.0,0.0,0.0,-0.0002483951667912985,0.00039663049978631235,-0.00014124337470361296,0.0007257078014535022,-0.00047983460831492757
0.50775075,0.6349,0.82686067,0.9045032,0.82226443,0.94736844,0.94736844,0.49345663,0.5040243,0.9375,1.0,1.0,0.5040243,0.5040243,0.46949047,0.32023737,0.6572136,-0.006174439449468941,-0.0002052915311553094,-0.0008104806317866067,-9.659017040022871e-05,0.0008035350324926931,0.00020992393551785152,0.0010619568861549578,0.0008700567787552491,-5.10655178927232e-05,0.0,0.0,0.0,0.00027518947261040357,0.0004166504466243714,0.0004827939181777022,-0.0032835713509135845,0.0013611080828159381
0.6986975,0.89307725,0.6705293,0.6705293,0.90427727,0.94736844,0.94736844,0.4719181,0.48476103,0.9375,1.0,1.0,0.48476103,0.48476103,0.3069905,0.4291262,0.6722137,-0.0003636573171887736,-0.00021934126815531272,0.0003947831996576039,0.0005136023093797257,-0.00025482890634919016,0.00028761721670528246,0.0012829223068730824,0.0013158427760016508,-0.00018558210278155359,0.0,0.0,0.0,0.0004085439727821552,0.0003527452803795316,0.0004429655405780487,-0.0006418907516474513,0.0015024036755592644
0.6454401,0.76316774,0.8206084,0.9375,0.9375,0.8368149,0.76316774,0.49153358,0.502754,0.9375,1.0,1.0,0.502754,0.502754,0.3582405,0.64134854,0.45221367,-0.0016181878324383375,-0.00020047320213426118,-0.0006828776133370462,-0.00023178439579400203,-0.0004944062068717271,-0.0002214757295989539,-0.0037147754326072226,0.0011054186304289004,-0.00015517641868644942,0.0,0.0,0.0,0.0003800342066583681,0.000516430728867772,0.0003846351781670547,0.0037088031065543488,-0.0004637035545823234
0.7725613,0.8350073,0.913646,0.939427,0.9375,0.94736844,0.9128261,0.5880721,0.5890627,0.9375,1.0,1.0,0.5890627,0.5890627,0.6707405,0.4891262,0.58021367,0.0021309051548460073,-0.00013619738362380393,-0.0010910661284268077,-9.563968395689012e-05,-0.0003957723592082372,0.00016297193419768355,2.2330005735662906e-05,-0.00012513243343297502,0.0002503066827116252,0.0,0.0,0.0,-0.00044673578434738974,0.0006008570701722071,8.723597863435281e-05,0.0002769456315122537,0.0005110800050630924
0.73081875,0.8718827,0.79113096,0.79113096,0.9375,0.94736844,0.93876034,0.7673029,0.77021086,0.9375,1.0,1.0,0.77021086,0.77021086,0.77074057,0.65690404,0.75121367,0.00044737909014342823,0.00024400222657301748,-0.00021443099155533815,0.0001318407748380028,-0.0004317781776257254,4.0218908259158496e-05,0.00019659141521971208,-0.003814768153653672,0.0019022498666537776,0.0,0.0,0.0,-0.00246541258794899,3.126132568259843e-05,-0.000738615538051637,0.0028898891055301563,0.0016236679299127905
0.5881295,0.73138237,0.73690873,0.73690873,0.88959694,0.94736844,0.94736844,0.44345665,0.4582334,0.9375,1.0,1.0,0.4582334,0.4582334,0.4082405,0.52134854,0.41821367,-0.0025696492208992523,-0.0003701185169942167,6.305120590278861e-05,0.00020735408060609938,0.00015594476773175318,0.00012646396382746548,0.0011787054342469738,0.0014843001231279872,-0.00032666000958995475,0.0,0.0,0.0,0.0007470330816403383,0.00046106705314911343,0.00045917645369377547,0.00132233233213986,-0.0009474996484760559
0.69350815,0.7789276,0.6956186,0.6956186,0.8144315,0.94736844,0.94736844,0.42884123,0.44204876,0.9375,1.0,1.0,0.44204876,0.44204876,0.41949052,0.3080152,0.5292136,0.0004295402540272042,-0.00026123433832837123,0.0002962917600684855,0.00018387425438451865,0.0009251469237532438,0.00016806326193980883,0.0011675176394156516,0.0015678199891858932,-0.00042475962927136524,0.0,0.0,0.0,0.0008182300093090269,0.00033125676004180216,0.0005293949687902869,-0.003418603151118424,0.00020701803396907
0.61312944,0.7594771,0.79543257,0.79543257,0.93773437,0.94736844,0.94736844,0.5715336,0.57942617,0.9375,1.0,1.0,0.57942617,0.57942617,0.52574056,0.3813485,0.6672137,-0.0019573986105933844,-0.00024073682500699414,-0.00035641870674768734,0.00013923218569425198,-0.000517845108460324,0.00013298988503501668,0.0010631778235088455,0.00017850997846424009,0.00026278079034239505,0.0,0.0,0.0,-0.0003248770295634348,0.0009239773036548689,0.00039092014184965274,-0.0012322713342005228,0.0013110498255676612
0.49756128,0.68563116,0.8003974,0.9375,0.8779002,0.68563116,0.94736844,0.4753798,0.48513806,0.9375,1.0,1.0,0.48513806,0.48513806,0.5982405,0.35801518,0.4612136,-0.007062228902925376,-4.703120410057944e-05,-0.0007754365905213209,-0.00044353866640154337,0.00022261634122758536,-0.00133148076649905,0.0012874499552300827,0.0009487540230158193,-0.0002570206177292534,0.0,0.0,0.0,0.0004858473915591263,6.939896976709921e-05,0.00031029215494557486,-0.0029763082149320916,-0.00047222038466829464
0.6810083,0.84539974,0.65436137,0.9005916,0.61812305,0.94736844,0.94736844,0.36961058,0.38273326,0.9375,1.0,1.0,0.38273326,0.38273326,0.31699038,0.17801517,0.57621366,-0.00010828812868152349,-0.00011906499530488365,0.0007268025416488459,0.00019582327699978642,0.0019726601981794735,0.0002314040914003869,0.0010467579950330138,0.0009080721236389758,-0.0004904057366444021,0.0,0.0,0.0,0.0008945245184628249,-0.0005077895873149217,-0.0002460842756084637,-0.006729522352065781,0.0011778118026797158
0.7483189,0.84890395,0.8581048,0.9062,0.8810272,0.94736844,0.94736844,0.43576446,0.44841096,0.9375,1.0,1.0,0.44841096,0.44841096,0.2594905,0.6669041,0.40321368,0.0008390003177139433,-0.00012476379570027654,-0.0013769577790455148,0.00015054538493855534,5.592944954817006e-05,0.0002223272453088083,0.0006518088785287521,0.0013682968646494108,-0.00039503462529149816,0.0,0.0,0.0,0.0006448905372763902,0.0002945483576412148,-2.1559186748830797e-07,0.004065782220884048,-0.0009834728057156771
0.8785082,0.8913408,0.85675997,0.85675997,0.8810272,0.94736844,0.94736844,0.63884133,0.64340144,0.9375,1.0,1.0,0.64340144,0.64340144,0.46949047,0.755793,0.6342137,0.00428217349391222,0.00013104565743126442,-0.0006954380639407803,-1.2605923939528734e-05,0.0001425257597645216,7.644275571301408e-05,0.0011712436510187257,-0.0014871719853221887,0.0007049303689716909,0.0,0.0,0.0,-0.000927677339028395,0.00044351269395595137,0.00018975313090019202,0.004899200103475149,0.000940779902591253
0.29218274,0.55745375,0.9409667,0.9409667,0.9375,0.94736844,0.9162613,0.55345666,0.5565962,0.9375,1.0,1.0,0.5565962,0.5565962,0.54574054,0.40134844,0.7192137,-0.012941173086961745,-0.00020838522265737347,-0.0014532143906799552,-0.0004908849002265031,-0.00036193351182468755,0.00019753413894983744,0.0005971497381681673,0.0005483738820423159,0.00014560489770682576,0.0,0.0,0.0,-0.0002780831680458686,0.0005642753494077955,0.0003718634026847833,-0.0013713246337509312,0.0018142995567063834
0.7446444,0.774755,0.4654583,0.4654583,0.9375,0.94736844,0.774755,0.5165336,0.52918154,0.9375,1.0,1.0,0.52918154,0.52918154,0.5744905,0.62357074,0.41821367,0.0009496035822264023,-0.00025857944772178195,0.0011340075317024204,6.289191219191673e-05,-0.0005286020074296337,4.416254519926097e-05,-0.0028901478541607534,0.000492140433442397,0.00010829584482317435,0.0,0.0,0.0,2.4969987541265116e-05,0.0003565769405084217,0.00018089147195999488,0.0025171839824094954,-0.0006076384881121564
0.8531295,0.91628766,0.789103,0.913646,0.9375,0.94736844,0.9711938,0.6576874,0.65716136,0.9375,1.0,1.0,0.65716136,0.65716136,0.71324056,0.51245964,0.7212137,0.004020193226726634,9.939805259813208e-05,-0.000263299591460117,-9.485348178583583e-05,-0.0005557273204991361,0.00016902016932452614,0.0015600919534078063,-0.0015877352202519025,0.0006402654194819235,0.0,0.0,0.0,-0.0010165057203213187,0.000634979382303105,-0.00017628178706979503,0.0007440422635417543,0.0015165649958025567
0.7208188,0.87200075,0.633392,0.633392,0.93370897,0.94736844,0.94736844,0.48845673,0.50003827,0.9375,1.0,1.0,0.50003827,0.50003827,0.43074054,0.5135708,0.49121362,0.001255782576819725,8.263546545185787e-05,0.0006003473256097382,0.0002969145253340717,-0.00031089651704530383,8.053464198183035e-05,0.0013019824855093022,0.0007583681148729725,5.72212335079574e-05,0.0,0.0,0.0,0.00012050905007179722,0.00040500680510589094,0.0003968361720557076,0.001199471272539352,0.00014035368289701464
0.56775075,0.8632933,0.89658135,0.89658135,0.99197626,0.94736844,0.94736844,0.50114894,0.510945,0.9375,1.0,1.0,0.510945,0.510945,0.31449056,0.49579293,0.6342137,-0.0039250790316123696,-0.00029097989884075196,-0.001507307594310598,-0.0002182882031370755,-0.0011826561804966502,0.0001809289343374571,0.0012233390581290005,0.000812294236049956,-2.7558769310572694e-05,0.0,0.0,0.0,0.00013250795247954125,0.0004232915466036438,0.00033063125146507957,0.0007083404113473177,0.001067831559405733
0.5035082,0.4641964,0.93773437,0.9375,0.9375,0.4641964,0.7733345,0.31461054,0.3275831,0.9375,1.0,1.0,0.3275831,0.3275831,0.43949056,0.49468178,0.1992137,-0.006448549383208092,0.001001714787986092,-0.0020100668295148947,-0.0005657082165099894,-0.0004915354950331309,-0.002533757855339222,-0.003750156523289887,0.000887459081338262,-0.0006069590512094537,0.0,0.0,0.0,0.0017799560207507725,-0.0009005523087720411,0.00025417854212969165,0.0003740345452538231,-0.0030211929245663694
0.90407634,0.899959,0.6972463,0.97322625,0.9375,0.94736844,0.94756573,0.5723029,0.5813019,0.9375,1.0,1.0,0.5813019,0.5813019,0.6094906,0.46468183,0.6852137,0.005508827681670144,-3.37769899119135e-05,0.00014819960564030866,-0.00012686281631803698,-0.0005992670151543888,0.00018163433796327324,0.0013985732980193466,-0.0005080954791585351,0.0002540458539054847,0.0,0.0,0.0,-0.0004885011872404242,0.00045722012126641313,-8.513937966450112e-05,-0.0001884950624334554,0.001196388510506672
0.781387,0.8192614,0.7296838,0.99197626,0.939427,0.94736844,0.94736844,0.56691843,0.5731012,0.9375,1.0,1.0,0.5731012,0.5731012,0.55574054,0.6613485,0.53521365,0.0017189222728591408,-0.00011513520331910698,-8.633707993462588e-05,-2.691715542093612e-05,-0.00046205289830060915,0.00018241696886067235,0.000800345108917602,-0.00021425211724604272,0.00018738713513925107,0.0,0.0,0.0,-0.0002366812692703382,0.0003458649759779596,4.615413284186194e-05,0.00274068989034121,0.00014234616446380646
0.5727507,0.8208621,0.8502183,0.8892118,0.8682235,0.94736844,0.94736844,0.53845686,0.5493632,0.9375,1.0,1.0,0.5493632,0.5493632,0.62949055,0.44579282,0.5212137,-0.0037702169195538305,-0.0002682753083979386,-0.0009330411440375954,-0.00011239990857599178,0.00012968986670764356,0.00022402389256094438,0.0012636951829741482,0.0005711941409027618,0.0001560054769565978,0.0,0.0,0.0,-0.00011104383321931956,0.0006344544586998203,0.0004142401571528198,-0.0004909534167717889,0.0002910152952399906
0.6277507,0.8492748,0.87302923,0.9062,0.87302923,0.94736844,0.94736844,0.35691833,0.36952293,0.9375,1.0,1.0,0.36952293,0.36952293,0.23824048,0.5024595,0.3622136,-0.0023799345161990538,-9.490768182913534e-05,-0.0016792008362385958,9.567018893884647e-05,0.00031229053026856344,0.00019636527252166454,0.0007198185052496958,0.000800656390289782,-0.0006853101128932909,0.0,0.0,0.0,0.0010310298469926545,-0.0008288397460425459,-0.0006614385750189172,0.00033945894684452444,-0.00156759585997079
0.73600817,0.80151427,0.5264964,0.5264964,0.9375,0.94736844,0.9193914,0.4107644,0.4236719,0.9375,1.0,1.0,0.4236719,0.4236719,0.2969905,0.34801516,0.5452137,0.0012209920550188514,-0.00017135555357709027,0.001643607938447114,0.00015436407164802726,-0.0004822682685844827,0.0001342237875700926,0.00019717621288639297,0.0019338454937290034,-0.0005096581341564426,0.0,0.0,0.0,0.0009832636061560954,0.00028538196879536785,0.0002536038169256722,-0.002345155062341752,0.0004337224118562576
0.7483189,0.8507194,0.7514318,0.7514318,0.9375,0.94736844,0.99324316,0.5311489,0.5375588,0.9375,1.0,1.0,0.5375588,0.5375588,0.47699058,0.33912626,0.7232137,0.0011809101568366531,-0.0001491400956185316,-0.00017833957416332088,0.00028168045298629206,-0.0004402861933272721,0.00019200223382822963,0.0021175901937527134,0.0004921722899879797,5.7083251160474724e-05,0.0,0.0,0.0,-3.126589129646348e-06,0.00048708033502438153,0.00033574709000537816,-0.002583782103687761,0.0016329805488439772
0.6025614,0.8230889,0.8729616,0.9062,0.9375,0.94736844,0.8913406,0.42422602,0.43848035,0.9375,1.0,1.0,0.43848035,0.43848035,0.51199055,0.22245958,0.59621364,-0.003114358103127769,-0.0002199285463507445,-0.0015042526687126226,-0.0002720690476990085,-0.0008003622574448278,0.00024133089511062543,-0.0003246506286275172,0.0010723149551147935,-0.00035179127432985116,0.0,0.0,0.0,0.0007381740998923267,-7.8462552035576e-05,0.000422113725384226,-0.00572283796385255,0.0008793490291735599
0.43294004,0.7930617,0.6869947,0.6869947,0.97322625,0.94736844,0.94736844,0.2738414,0.28887096,0.9375,1.0,1.0,0.28887096,0.28887096,0.19699049,0.19801521,0.4372136,-0.010380176964165475,-0.00010286373950832088,0.0002750121579036206,0.0001062921213387788,-0.00032917559801420794,7.884430281935e-05,0.00045195110160302365,-6.300968906914298e-05,-0.001435677664174439,0.0,0.0,0.0,0.000707218633678387,-0.0019920136834226153,-0.0019135884864796508,-0.006753523919027104,-0.0009572136046763869
0.63525087,0.8742262,0.8682235,0.97322625,0.97322625,0.94736844,0.94736844,0.47422585,0.48602116,0.9375,1.0,1.0,0.48602116,0.48602116,0.2594905,0.5980152,0.56521356,-0.002389615962709345,-0.000257917288062357,-0.0013347646700253987,-0.0003469307026063494,-0.0008971922534056738,0.0002616986907980041,0.0010462352916639555,0.0008993701062417058,-0.0001256273131355679,0.0,0.0,0.0,0.0003833531650695282,0.0002446167857808923,0.00016545674016471912,0.0026951477540516377,0.0006711978750886095
0.8867657,0.8998124,0.3757207,0.3757207,0.9062,0.94736844,0.94736844,0.4761492,0.49031463,0.9375,1.0,1.0,0.49031463,0.49031463,0.30949044,0.54468185,0.5122136,0.004886015839369605,0.00018171208908829306,0.0018420372348507807,0.0002720174733241638,-0.0003511857493970557,0.0001299419282790947,0.0011607833160055595,0.0010987442940043623,-0.00013049508019902676,0.0,0.0,0.0,0.00041366423808103514,0.00031301050858522175,0.0004967359406330361,0.0011969188592998218,0.00015874108921001427
0.8892657,0.9540876,0.55178744,0.55178744,0.9375,0.94736844,0.9540876,0.78461045,0.7895008,0.9375,1.0,1.0,0.7895008,0.7895008,0.8382405,0.7702374,0.6652137,0.004546376724667039,0.0007746901692878016,0.0004124217476237977,0.0003720098154773538,-0.000333042666346339,9.143354100967616e-05,0.0014681865770358054,-0.004410391407921247,0.002062253767661072,0.0,0.0,0.0,-0.002838507792174204,-0.00027178455241004643,-0.001135148741391788,0.004189870155267449,0.0009659312138229457
0.9358189,0.8955952,0.8760193,0.99197626,0.9375,0.94736844,0.8951864,0.84961045,0.85353446,0.9375,1.0,1.0,0.85353446,0.85353446,0.7757405,0.8069041,0.8262137,0.0066684178588326225,0.00048420970282244595,-0.0003038940346116874,-0.0002862745904095089,-0.00041391336375699134,0.00018677580084497638,-7.887501773634453e-05,-0.005477233316641299,0.0030700241936838196,0.0,0.0,0.0,-0.0037853249252805758,-0.00044915912470224763,-0.000677124487366716,0.004921176580716592,0.002151696379534982
0.9998338,0.94736844,0.30433244,0.30433244,0.30433244,0.94736844,0.94736844,0.67114896,0.6775244,0.9375,1.0,1.0,0.6775244,0.6775244,0.6569905,0.5113485,0.7632137,0.008374429175667943,0.0008042697592400645,0.001305088413955222,0.0003933875215788867,0.005005442361168074,4.416292909295162e-05,0.0007986294484093451,-0.002009070057279358,0.0012356049081923377,0.0,0.0,0.0,-0.0014016747500634284,0.0002590588635642911,-0.0001578114833288855,0.000796151846007794,0.001945166173347661
0.5131295,0.7757064,0.7484219,0.9375,0.9375,0.7757064,0.6248269,0.46422592,0.47096616,0.9375,1.0,1.0,0.47096616,0.47096616,0.56449056,0.3913485,0.48121366,-0.006215089317278651,-0.00020034348190627472,-0.00040231283379013713,-0.00042492952338134027,-0.00045054763786506804,-0.0006596846966832728,-0.007509194922592829,0.0006878460240643104,-0.00018813478065998933,0.0,0.0,0.0,0.00046734029525472503,2.8318804495653504e-05,0.0002499252078733792,-0.0019230339091083576,-0.00021958057591830914
0.6738869,0.89144605,0.6224818,0.6224818,0.9396432,0.94736844,0.94736844,0.5384567,0.5506851,0.9375,1.0,1.0,0.5506851,0.5506851,0.29324055,0.6635707,0.58021367,-0.0005678166902926135,0.00010914089046318062,0.0005754486393344799,0.00021660093719107654,-0.00038082499876127625,8.043162709402619e-05,0.0006290658488987519,0.0001735246594849617,0.00034829930304538826,0.0,0.0,0.0,-0.0001405737722198617,0.0006149335795683707,0.00048516458098111554,0.0038452734200951732,0.0008682671082150786
0.60525066,0.719126,0.7954408,0.9375,0.90427727,0.719126,0.94736844,0.42499498,0.43795416,0.9375,1.0,1.0,0.43795416,0.43795416,0.2969905,0.49579293,0.41721362,-0.003082283564384009,-6.294943703807136e-05,-0.0007012776841193694,-0.0004201652942849759,-0.00020391833692498017,-0.0010121294759464416,0.0017252233012930165,0.0009813678689636505,-0.0002485504469531096,0.0,0.0,0.0,0.0006911469498255607,-6.352194241230896e-05,0.0001877124974054333,0.0003226833443258253,-0.0007296936240604813
0.9286976,0.93765557,0.5184007,0.5184007,0.9375,0.94736844,0.9128261,0.68114907,0.6845213,0.9375,1.0,1.0,0.6845213,0.6845213,0.7332405,0.82801515,0.42621365,0.006126993727841628,0.0005890433865584331,0.0008764900310238417,7.840937591283878e-05,-0.0003346223157568299,1.091055713815653e-06,-6.661647073225613e-05,-0.0021322152222775993,0.00112338566760912,0.0,0.0,0.0,-0.0013714655846281192,0.0003918288558160848,-0.0003816687290227876,0.005816445730104392,-0.0006160646575764931
0.5738869,0.66575044,0.81464255,0.81464255,0.9375,0.94736844,0.99324316,0.6061488,0.6124448,0.9375,1.0,1.0,0.6124448,0.6124448,0.57199055,0.5980152,0.64621365,-0.003186146108668485,-0.000738360018269271,-0.00035797130535113674,0.0001061201897533033,-0.0006444305634252598,0.00021184366643179665,0.0027026903873220375,-0.0006668456219445065,0.0005572412799264004,0.0,0.0,0.0,-0.000804468549513026,0.0005623602946298513,0.00010668061223692881,0.0023426957996539348,0.0011830150994756776
0.6463869,0.73138237,0.74966764,0.97322625,0.9375,0.94736844,0.8227542,0.2519182,0.2663973,0.9375,1.0,1.0,0.2663973,0.2663973,0.10074043,0.32579294,0.3822136,-0.002360827046282368,-0.00019658457299269686,-0.0003457621930412622,0.0003750089532237808,-0.0002996034149410395,0.00014972711801948,-0.001911087371614153,6.896526237025271e-05,-0.0016574642798732368,0.0,0.0,0.0,0.0009615109804179233,-0.002172004928073472,-0.002849186962636312,-0.004101695761393122,-0.0015722218690919648
0.95331883,0.8913406,0.7107002,0.91109073,0.9375,0.94736844,0.99324316,0.58076435,0.58225423,0.9375,1.0,1.0,0.58225423,0.58225423,0.79074055,0.5013485,0.48921365,0.006670449104915117,0.00013456707478107628,4.6317446658477e-05,7.478152835253056e-05,-0.0006253656146555345,0.00013982400083265573,0.0018315827935710524,-0.000808923184687737,0.0004475569467248961,0.0,0.0,0.0,-0.0004931898870157418,0.00043421365522699264,-0.00012264769894504914,0.0006423139383164336,-3.7426530588790735e-05
0.753887,0.69607145,0.7018597,0.9375,0.9375,0.69607145,0.8319136,0.4984565,0.50765604,0.9375,1.0,1.0,0.50765604,0.50765604,0.4257406,0.55912626,0.5532136,0.0016782498659217526,-5.405817129276189e-05,0.00039670290269274995,-0.00024719098013760015,-0.0005343356411254103,-0.0010254674799911726,-0.00251110996968645,0.0007734524594352104,-7.849981835238062e-05,0.0,0.0,0.0,0.00022006326824487935,0.0002625361719205548,0.0003579664388594595,0.0017466797891873447,0.00037498303164731873
0.9371445,0.8347755,0.52137,0.9375,0.52137,0.8347755,0.94736844,0.6323027,0.64177144,0.9375,1.0,1.0,0.64177144,0.64177144,0.61324054,0.70801526,0.5202137,0.006659078432690361,0.00011684077371418473,0.0005518655898031587,-0.00015703961167682793,0.003159465102755433,-3.07301494687634e-07,0.0010416328878572179,-0.0014413829100505655,0.0010351651144568748,0.0,0.0,0.0,-0.0010740467350341992,0.0002008837396554479,1.3691400316758785e-06,0.003541835677191445,0.000114111072845932
0.5738869,0.80708575,0.44164836,0.44164836,0.97322625,0.94736844,0.94736844,0.54038006,0.5468609,0.9375,1.0,1.0,0.5468609,0.5468609,0.39699054,0.5824597,0.6412137,-0.0031550851797304868,-0.00016650063959916886,0.0013966133811217421,0.0002367970267047298,-0.0006726255582132107,4.910603577958417e-05,0.0011805590911339852,0.00034757120671651144,0.00018931674804984803,0.0,0.0,0.0,-2.7301512399311984e-05,0.0004962843596294702,0.0005512027045833789,0.0019465295665443444,0.0011982740898227615
0.43794006,0.6523812,0.7227652,0.7227652,0.97322625,0.94736844,0.94736844,0.08999546,0.10541482,0.9375,1.0,1.0,0.10541482,0.10541482,0.10074043,0.11801508,0.23921366,-0.009947650443662555,-0.00032026807155535893,3.8479396706718076e-05,8.936077585789362e-05,-6.820802737518252e-05,3.507102868227481e-05,0.000521873574581114,-0.0021604197236850227,-0.003106696868977738,0.0,0.0,0.0,0.000550905093690417,-0.0047707440191177035,-0.004011037032443604,-0.009548889066061326,-0.0041847023967812634
0.77195513,0.8752768,0.67118835,0.9375,0.97322625,0.9193914,0.94736844,0.40691832,0.4221379,0.9375,1.0,1.0,0.4221379,0.4221379,0.2594905,0.55023736,0.4662136,0.00228201372974201,-0.00020643417577837533,0.00034977811473342705,-0.0002112207109357575,-0.0010238903097543875,0.00010862797783058133,0.001129533856705495,0.0016936450675696401,-0.0004982664228907681,0.0,0.0,0.0,0.000952055585718581,2.329677003945642e-05,0.0002899428193916694,0.0013311367100880198,-0.00029060881141826383
0.6735083,0.6031065,0.6653186,0.6653186,0.9375,0.94736844,0.6031065,0.58768743,0.59825903,0.9375,1.0,1.0,0.59825903,0.59825903,0.3582405,0.6302374,0.6632137,-0.0009210992845941097,-0.0010155443703462165,0.00035264026240878793,0.00017745221426830558,-0.0003374118124916283,5.953241372033125e-05,-0.008132454975925092,-0.0005439222522339075,0.0005491813861458205,0.0,0.0,0.0,-0.0006789079177909906,0.0002410416714755065,0.0004369639443539026,0.0025914124768278324,0.0013821226815497018
0.65275073,0.8208621,0.8205806,0.90427727,0.90427727,0.94736844,0.94736844,0.37230286,0.3878172,0.9375,1.0,1.0,0.3878172,0.3878172,0.37574053,0.3402374,0.42221364,-0.0008699721942181265,-0.0001187006245055544,-0.0010121952197596653,-0.00010553016708698841,-6.815132368286653e-05,0.00014741439524942565,0.0008949247102408711,0.0014460347420461235,-0.000552045799937764,0.0,0.0,0.0,0.0011624340924262155,-0.0002587520200864417,0.000314136050789428,-0.0028567743205730523,-0.0008296114234027336
0.753887,0.63978386,0.694811,0.9636912,0.9375,0.94736844,0.9210105,0.52230275,0.52742964,0.9375,1.0,1.0,0.52742964,0.52742964,0.44699055,0.45690408,0.5782137,0.0013397767880857531,-0.0006157544639866653,0.0001768014807264554,-3.721668310361066e-05,-0.00038492444217023817,8.323359741849959e-05,0.00018915700847579737,0.0007630380320982283,-0.00011070737107561729,0.0,0.0,0.0,0.0002979907897139438,0.00039686671424121126,0.0003923224865025843,-0.0004475520592198977,0.00038898826002517527
0.6658188,0.859315,0.6650034,0.6650034,0.9062,0.94736844,0.94736844,0.40537995,0.41979775,0.9375,1.0,1.0,0.41979775,0.41979775,0.3019905,0.55801517,0.33921367,-0.000875682403408638,-3.978728588886241e-05,0.0005043218681732445,0.00015948634216351906,-7.139815920223634e-05,0.00011775124528503815,0.0009314422988771425,0.0018510642770655115,-0.0006118606226646514,0.0,0.0,0.0,0.0010085453446485517,0.0002496354741313781,0.00023177730863300044,0.001349564656446721,-0.001780689556458994
0.75081885,0.78024423,0.8746792,0.8746792,0.9375,0.94736844,0.77864015,0.65345675,0.66192394,0.9375,1.0,1.0,0.66192394,0.66192394,0.58699054,0.66912633,0.67021364,0.0017550734670130097,-0.00022835029456929465,-0.0006739162858447375,9.403721014400495e-05,-0.0002264924061577092,9.515622155762321e-05,-0.0030195651828051895,-0.001391221301629284,0.0009087427564569843,0.0,0.0,0.0,-0.0012437365306703972,0.000504903630746056,4.871106278073105e-05,0.00333837240827877,0.0014406383553985701
0.7361976,0.7732529,0.79159266,0.9062,0.9375,0.94736844,0.6117038,0.4646106,0.4766144,0.9375,1.0,1.0,0.4766144,0.4766144,0.43949056,0.58912635,0.38921365,0.0011383307139764987,-0.00028351167184486903,-0.00047128627568907813,-1.79053860853586e-05,-0.0005270193522247445,0.0003227110375754,-0.00796617500803549,0.0009757857340615067,-0.00032997828275401967,0.0,0.0,0.0,0.0005028884562925176,0.00023392613470689342,0.00029149650994067067,0.0024536016541549742,-0.0013379410644906683
0.6735083,0.68952364,0.7966327,0.9375,0.9375,0.86317396,0.99324316,0.593072,0.6038647,0.9375,1.0,1.0,0.6038647,0.6038647,0.6257406,0.6435708,0.45121366,-0.0005171571372781727,-0.00058074239338033,-0.0003260494259232075,2.7429286544549195e-05,-0.0005262832842460677,0.00011182557632148864,0.0021082828105660595,-0.0003311486404564777,0.00047930784070528886,0.0,0.0,0.0,-0.0005423742993728359,0.0005963287282822231,0.00014545002020154078,0.0030192505421052685,-0.00045630423021429016
0.90388703,0.90670466,0.45961985,0.45961985,0.9375,0.94736844,0.9210105,0.5707644,0.5826946,0.9375,1.0,1.0,0.5826946,0.5826946,0.46949053,0.60468185,0.59021366,0.005277913776396304,0.000259044032057837,0.0012460292733809555,0.00020689330661391992,-0.00037104888399768594,2.8580248509962324e-05,0.00010384714413147144,-0.0005584845611608772,0.00038737808970854665,0.0,0.0,0.0,-0.0003875279875427328,0.00035415564042924846,0.00025583056257210394,0.0022532294968201252,0.0006145625870637043
0.79388696,0.81568396,0.75194645,0.90427727,0.9375,0.94736844,0.89144605,0.44807214,0.462523,0.9375,1.0,1.0,0.462523,0.462523,0.54574054,0.40912628,0.4372136,0.0033242324801429847,-0.0002105823758726229,-0.00022993849788975035,-0.00015417123868669352,-0.00048616151058261697,0.00026045385759522927,-0.00018993066208647185,0.0011762771032983366,-0.00021447953290055,0.0,0.0,0.0,0.0004613164835710803,0.00027821756153946145,0.00047164377869301333,-0.0009116090712805235,-0.0005874936566039373
0.7436976,0.79102314,0.4138025,0.97322625,0.4385532,0.94736844,0.94736844,0.5203797,0.52393705,0.9375,1.0,1.0,0.52393705,0.52393705,0.47949058,0.4546818,0.5122137,0.0009837503590509182,-0.0002221974653425262,0.001118649162941305,0.00010671160265783515,0.004073390777614606,0.00010438194328673094,0.0011776302347442308,0.000743717817712763,-6.679533105076133e-05,0.0,0.0,0.0,0.00029821737023334326,0.0005834938410437169,0.0005202159615336378,-0.0003796542330622156,0.00021005192175958302
0.034871887,0.7073685,0.97322625,0.9375,0.97322625,0.8924943,0.94736844,0.5465337,0.558486,0.9375,1.0,1.0,0.558486,0.558486,0.42824048,0.5769041,0.55021363,-0.02173013109922374,-2.1756821282325096e-05,-0.00224038747668191,-0.0005057336762233429,-0.0007562955334423787,-0.0001437908066138882,0.0014595282752799992,0.00045871676400075124,0.00023508081881767288,0.0,0.0,0.0,-0.0004304671554020879,0.0006166062180064697,0.00041115954528611663,0.0022805530187316307,0.0005380265490518689
0.54544014,0.55238473,0.5680502,0.5680502,0.9375,0.94736844,0.55238473,0.34230277,0.3557348,0.9375,1.0,1.0,0.3557348,0.3557348,0.19824052,0.38468182,0.46321362,-0.005096486794971083,-0.0008209897832474436,0.001409155827312199,0.0001423269495200043,-0.000292624091555769,5.022663778841085e-05,-0.009274451587407785,0.0016016485670506616,-0.001106271748218963,0.0,0.0,0.0,0.001647652433811067,-0.00020628282482744293,5.364044948823676e-06,-0.0022814672698366497,-0.0005869134347414645
0.86081886,0.82523173,0.72071224,0.7540088,0.780687,0.94736844,0.94736844,0.4899952,0.5015468,0.9375,1.0,1.0,0.5015468,0.5015468,0.5744905,0.46912616,0.4702136,0.004752473591400634,1.5947852144530728e-05,6.111459502692283e-05,3.51741461108555e-05,0.0012361318733562013,5.574528894913569e-05,0.0008570881940786243,0.0007238220778089373,9.279364367601476e-05,0.0,0.0,0.0,0.0001328219099325001,0.0003442800215510347,0.00048182990725442726,0.0002446063907617188,-0.00017525814533395496
0.79676574,0.7227112,0.7099247,0.9375,0.9375,0.7227112,0.8930203,0.46307212,0.4767331,0.9375,1.0,1.0,0.4767331,0.4767331,0.37824053,0.6191264,0.3822136,0.00290451720274638,-0.00023524806442644223,0.00017193263277352853,-0.00011102069964306885,-0.0005116551008447202,-0.0006242534577764493,-0.0008563836831993768,0.0012205791657809036,-0.0002941811594516436,0.0,0.0,0.0,0.0005030438590215689,0.0003152047475224257,0.0002905202654189319,0.003164130233159296,-0.0011568196486510314
0.7706294,0.7893426,0.8729616,0.9375,0.9375,0.9210105,0.9193914,0.28537986,0.30038938,0.9375,1.0,1.0,0.30038938,0.30038938,0.10699046,0.24245961,0.46721363,0.002827497013413877,-2.7486022024046443e-05,-0.0016726422560335611,0.00020116644058043373,-0.0002221000609143065,3.0070910413000432e-05,8.640589347832711e-05,0.0007156651508254945,-0.0012352447738529417,0.0,0.0,0.0,0.0011881558310288965,-0.0013751167421769983,-0.0017502887930882574,-0.005881342223327071,-0.00040728040497926707
0.8640764,0.83513457,0.6252064,0.6252064,0.8930762,0.94736844,0.94736844,0.68384135,0.69091207,0.9375,1.0,1.0,0.69091207,0.69091207,0.52449054,0.8246819,0.6122137,0.00455422190556873,1.7603765064910706e-05,0.0005336334643433428,0.00026117259268567056,1.3250353957633548e-05,0.00011692298062588043,0.0011109919441853588,-0.0021561587832957824,0.0011274482162733494,0.0,0.0,0.0,-0.0015057868632613674,0.00038464328295823925,0.00018167775582099595,0.00598417310986464,0.000774563118455945
0.8585082,0.77325475,0.80790836,0.80790836,0.9375,0.94736844,0.93784803,0.6642259,0.66318804,0.9375,1.0,1.0,0.66318804,0.66318804,0.8382405,0.4380152,0.6492137,0.0040504342370758185,-0.0002512403481739699,-0.00031668524465957844,0.0001035071626627802,-0.00040920281830844445,3.634733688150704e-05,0.0005260279984744606,-0.001798014284960641,0.0007638776866828863,0.0,0.0,0.0,-0.0011313881016103687,0.00036968717894193543,-0.0007275913677338483,-0.00048600654445965703,0.0009169517001375235
0.4602508,0.7719894,0.87109214,0.9375,0.9375,0.7719894,0.8913406,0.5373026,0.54905325,0.9375,1.0,1.0,0.54905325,0.54905325,0.41949052,0.45690408,0.5952136,-0.008045668901365249,-0.00017648750927159367,-0.0014647709498451988,-0.00036277247720740356,-0.00048384248288274,-0.0006077830368241108,-0.00041960308943835207,0.0007265202900104842,0.0002443296351978396,0.0,0.0,0.0,1.779046126664033e-05,0.0007278066738048422,0.0005206103498764,-0.0002670961074562718,0.001057212459615381
0.9998338,0.94736844,0.17967325,0.17967325,0.17967325,0.94736844,0.94736844,0.56422585,0.57548624,0.9375,1.0,1.0,0.57548624,0.57548624,0.6307405,0.6435707,0.46121368,0.008158064379423706,0.0007032459654519766,0.00240197790895222,-0.0005044377865634763,0.006264203396723206,1.7957797880028754e-05,0.0007742164901196704,-0.0001228238318194858,0.0005913971596950581,0.0,0.0,0.0,-0.000229840121608029,0.0004617534181589147,0.000398987684406283,0.003074647291661129,-0.00025738391753297817
0.6610082,0.82098347,0.66771626,0.66771626,0.9375,0.94736844,0.9711938,0.7084566,0.7108904,0.9375,1.0,1.0,0.7108904,0.7108904,0.77699053,0.6246819,0.6962137,-0.0009458609520117955,-1.0749078684616602e-05,0.000269616603457786,0.00025531810900345035,-0.00044196525372192715,8.423419482641872e-05,0.001636406635842236,-0.0026410385463656516,0.0013927340689384165,0.0,0.0,0.0,-0.0018825601013684635,0.00039817993651280537,-0.0005370912364755202,0.002872521831896012,0.0014994283983396917
0.9417657,0.9002285,0.4973101,0.4973101,0.9375,0.94736844,0.93129337,0.6157643,0.62563753,0.9375,1.0,1.0,0.62563753,0.62563753,0.59324044,0.74801517,0.49721366,0.00612211960979792,0.0003740707809744852,0.0009230597021351955,9.328939434704366e-05,-0.0005314462307780712,2.7483279170789216e-05,0.0006266715326826222,-0.0012357490147390034,0.0007423836055057578,0.0,0.0,0.0,-0.0008557444236501467,0.00033725888632389454,3.813393912544184e-05,0.004346539311694634,4.279100182214141e-05
0.7156294,0.8021666,0.62441576,0.62441576,0.9375,0.94736844,0.81195873,0.60807216,0.6188218,0.9375,1.0,1.0,0.6188218,0.6188218,0.52449054,0.4513485,0.7822137,-0.00023124555948675685,-0.00015141101452457935,0.00044407768096594593,0.00010429925403091355,-0.0005131084432955562,6.634822251527388e-05,-0.0027810857032365605,-0.0006789553071699115,0.000442634789810884,0.0,0.0,0.0,-0.000584269664529639,0.0004062966457056215,0.0001634219347177155,-0.0006327575236709932,0.0018886818586719544
0.90100825,0.81329846,0.7204713,0.7204713,0.85114825,0.94736844,0.94736844,0.61076427,0.6185118,0.9375,1.0,1.0,0.6185118,0.6185118,0.6594905,0.6280153,0.49121362,0.006023245323646147,2.5838417043315686e-05,2.598215878898552e-05,0.00014621901417724535,0.0003923576457094679,3.595202514384492e-05,0.0008666915830472455,-0.001192672998386857,0.0008354495965176171,0.0,0.0,0.0,-0.000882639389826389,0.0004089610138327453,4.763710258194817e-05,0.0028597049543360336,7.86156801128439e-05
0.44062942,0.6804354,0.643165,0.643165,0.97322625,0.94736844,0.94736844,0.43076426,0.44397518,0.9375,1.0,1.0,0.44397518,0.44397518,0.46949053,0.29690403,0.55521363,-0.008658013429659526,-0.0002699734022871118,0.0006964255657442484,0.000598166181318013,-0.0007288673775618441,0.00020919834653175353,0.001494694130482705,0.001121745709044318,-0.00028221233459408253,0.0,0.0,0.0,0.0008090406853748026,6.445152083031915e-05,0.0005048093264273665,-0.003761768575177117,0.0005249602067694642
0.946387,0.8600983,0.81442285,0.9062,0.8931641,0.94736844,0.94736844,0.55999523,0.56772536,0.9375,1.0,1.0,0.56772536,0.56772536,0.5669905,0.56023747,0.50121367,0.005934446910514935,3.2437876077210276e-05,-0.000548973009044722,0.00012120725393031122,-5.067011925164316e-05,0.00011848259264967243,0.000930051550695068,-2.0227029477529156e-05,0.000337794605579537,0.0,0.0,0.0,-0.00021402063159759602,0.00043344647385776134,0.00032049349937917504,0.0016637124972050557,-2.742082179839275e-06
0.7081295,0.8507194,0.81442285,0.81442285,0.90427727,0.94736844,0.94736844,0.4199951,0.43274254,0.9375,1.0,1.0,0.43274254,0.43274254,0.2969905,0.46912628,0.4612136,0.00016627586928622594,-0.00011754117813342676,-0.0009159989577500565,0.00019618532730107205,-6.760878482101434e-05,0.00015038965751764443,0.0006471849875046481,0.0012671260059614602,-0.0003082082329908816,0.0,0.0,0.0,0.000797483562823851,0.0001438120061692676,0.00010396510794040364,0.0001222480434280776,-0.0003225317280452716
0.8656295,0.8838611,0.80795383,0.80795383,0.93370897,0.94736844,0.94736844,0.6269184,0.63574004,0.9375,1.0,1.0,0.63574004,0.63574004,0.5657406,0.50912625,0.7082137,0.004314913574016347,0.00014760767948528549,-0.00039080349796602465,7.27457584167311e-05,-0.0005071425818746937,4.961499437826977e-05,0.0007488688752201212,-0.0009755411495100486,0.0005666262338554631,0.0,0.0,0.0,-0.0007237710207430434,0.0005369914183238326,0.0001394387880808758,0.00010854858061289621,0.0015334571339163565
0.6081295,0.76654816,0.7895206,0.9062,0.8600092,0.94736844,0.94736844,0.23614913,0.24847475,0.9375,1.0,1.0,0.24847475,0.24847475,0.4494905,0.22245948,0.20621356,-0.002833572878403471,-5.3593996698499335e-05,-0.001004215171999238,0.0003794993297330503,0.00022049151097091788,0.00011430420475571655,0.0006474553634258296,-0.0007310746611649585,-0.0015423445726489601,0.0,0.0,0.0,0.0005459787110251026,-0.0025128195102542524,0.0007146190169902242,-0.006016458730458834,-0.004100430071263806
0.6608189,0.46065044,0.99197626,0.9375,0.9375,0.46065044,0.85799044,0.47499526,0.48728505,0.9375,1.0,1.0,0.48728505,0.48728505,0.62074053,0.50245965,0.4032136,-0.0010627059252341958,0.0008575027981739949,-0.002465313575924371,-0.0006718670024757349,-0.0004067477679647151,-0.002533090326361572,-0.0016344687706076756,0.0006299954542055381,-0.00012493777927287305,0.0,0.0,0.0,0.0003329654269474174,0.00017292132564730348,0.000626192540373347,0.0005125754230651297,-0.0010082434973301127
0.83407634,0.8209835,0.49692997,0.9375,0.9375,0.8209835,0.86317396,0.43268746,0.44603196,0.9375,1.0,1.0,0.44603196,0.44603196,0.23824048,0.40801513,0.53121364,0.004072394878775119,-0.0002538170295416085,0.0020513751830708252,-0.00020904648365150793,-0.00038559021543772875,-0.00027543156939576776,-0.0012583464404851002,0.001336151960407529,-0.00033280588855873547,0.0,0.0,0.0,0.0006338137721416046,6.970141812301497e-05,0.0002600147969321693,-0.001571057413329294,0.0003576607760234335
0.9719551,0.9210105,0.39269775,0.39269775,0.99197626,0.94736844,0.94736844,0.596149,0.60645187,0.9375,1.0,1.0,0.60645187,0.60645187,0.4607405,0.7424596,0.5052136,0.00684297601248907,0.000425297538453946,0.0015059833091474349,0.0001935858035289429,-0.0008894208346007685,8.251127933654123e-05,0.0013226293182659037,-0.0008880551073105837,0.0004954508981472702,0.0,0.0,0.0,-0.0006292985859648693,0.00024493077363686765,0.00021893420693233572,0.004095444822767364,-5.020666239788342e-05
0.60294,0.7328806,0.6497953,0.6497953,0.97322625,0.94736844,0.94736844,0.44345695,0.45512253,0.9375,1.0,1.0,0.45512253,0.45512253,0.5932405,0.30357063,0.4832136,-0.0029486744207448436,-0.000287411972206523,0.0007509500899888647,0.0005087712116505956,-0.00090867352800648,0.0001700320052378304,0.0006995139150630528,0.001150838414381266,-0.00029119334672381516,0.0,0.0,0.0,0.0006698082249541272,0.00013651410670888217,0.00043665812500328646,-0.0035671936325591793,-0.00017976919796514618
0.32256147,0.7617207,0.64320916,0.9375,0.9375,0.7617207,0.73648787,0.37691805,0.3890546,0.9375,1.0,1.0,0.3890546,0.3890546,0.3019905,0.5335707,0.41021365,-0.012565743411713086,-3.136708001789595e-05,0.0008261265560443826,-0.0003669643561685683,-0.00046171346532973876,-0.0009479133373458135,-0.004451949694747189,0.0009249816004099548,-0.0004091370963658093,0.0,0.0,0.0,0.0010942825840027281,-0.00037949771125828953,0.00023547958584026334,0.0014465313888771753,-0.0008906213964538333
0.6254401,0.7752806,0.8539617,0.8539617,0.9375,0.94736844,0.73830575,0.44961065,0.46198002,0.9375,1.0,1.0,0.46198002,0.46198002,0.19699049,0.47690403,0.65921366,-0.0024109965565622736,-0.00010142386131367867,-0.0013892273570815022,-6.935264784909605e-05,-0.0004036207566044833,0.00026890140212226674,-0.00471673736990791,0.0008024639192241615,-0.00017590012447923212,0.0,0.0,0.0,0.0004849339518549092,4.80552450157639e-05,5.2659468860012696e-05,0.00018351570982013204,0.0014204001087308404
0.6735083,0.8600983,0.50559086,0.50559086,0.90427727,0.94736844,0.94736844,0.3426876,0.35752088,0.9375,1.0,1.0,0.35752088,0.35752088,0.27324045,0.5135708,0.23921366,-1.7756131334012436e-06,0.00014199109006384305,0.0023430406603309442,-0.0007328120998214496,-5.423933959700901e-05,5.812281109822785e-05,0.0012128934188003623,0.001462573729672624,-0.0013419577629815698,0.0,0.0,0.0,0.000981960324315487,-0.00024711587015282117,-0.0008053565603192503,0.0008612196531918617,-0.003809525221302822
0.7088869,0.7929614,0.6453347,0.6453347,0.9375,0.94736844,0.9365335,0.3280722,0.34343898,0.9375,1.0,1.0,0.34343898,0.34343898,0.21824038,0.23468177,0.49621361,0.0003542633481250373,-0.00017186744377931196,0.0007243168396787849,0.00032481843417627386,-0.00018302126394590057,0.0001374945595534313,0.0004383530401037819,0.0009081488422553752,-0.001042885229485701,0.0,0.0,0.0,0.0009973090988163763,-0.0009713521869586745,-0.0011619058416531185,-0.0058844167747081795,-5.161234572535707e-05
0.8042656,0.8079648,0.57152593,0.57152593,0.939427,0.94736844,0.94736844,0.6273029,0.63320875,0.9375,1.0,1.0,0.63320875,0.63320875,0.66074055,0.41468185,0.7182137,0.002282148473694595,-0.00010639570858243845,0.0006861578937894203,0.00015328320368939875,-0.0006351245522829269,-9.569471116556844e-06,0.0005679214321987541,-0.0010623366095642455,0.0005778963103024587,0.0,0.0,0.0,-0.000750835251345186,0.000394901897115416,-0.00016450442868497646,-0.001328572288371272,0.0015473590514317
0.5058188,0.48031428,0.92463356,0.92463356,0.9375,0.94736844,0.9491732,0.42576423,0.43919826,0.9375,1.0,1.0,0.43919826,0.43919826,0.52449054,0.43912622,0.31821355,-0.006582798065725196,-0.0006265981633026446,-0.0018299828173696838,-3.1816218622459615e-05,-0.0003988063774207837,0.00017615113901539546,0.0007873906978501199,0.0011858602485678791,-0.0005493694590099685,0.0,0.0,0.0,0.0009388862745663047,0.00010717949979926523,0.00027935884431692096,-0.0010665408981113274,-0.001961066873063181
0.71869755,0.7732529,0.8042217,0.90427727,0.9375,0.94736844,0.9774537,0.37191832,0.38454548,0.9375,1.0,1.0,0.38454548,0.38454548,0.5932405,0.22245958,0.38821363,0.0005897986579458603,-1.4262272861539204e-05,-0.000606576754650446,-0.00032177515221092106,-0.0004971789551435658,0.00022564560567633833,0.0016743410024157698,0.0012311459741230612,-0.0005129859053066505,0.0,0.0,0.0,0.0011305559007317484,-0.00046685059981885137,0.0005208942641388931,-0.005887467884602814,-0.0010733585539884558
0.87331885,0.8529869,0.77733135,0.8328831,0.8098216,0.94736844,0.94736844,0.59345686,0.6056919,0.9375,1.0,1.0,0.6056919,0.6056919,0.62949055,0.53468186,0.5472137,0.00428887379249574,4.2373875444596585e-05,-0.0001970829942801444,3.284105141054119e-05,0.0008095249758108636,8.14002116927711e-05,0.0007674482077348937,-0.0007820711895187235,0.00044484548892767566,0.0,0.0,0.0,-0.0006327949749407833,0.000382628473308828,-5.169462662643065e-05,0.0009402736680767268,0.00026586753612330876
0.70869756,0.835134,0.5325989,0.5325989,0.97322625,0.94736844,0.94736844,0.46499518,0.4763918,0.9375,1.0,1.0,0.4763918,0.4763918,0.46199048,0.346904,0.55421364,0.00017109397688907512,-7.905798630667808e-05,0.0011535686917800226,0.00036202903184208977,-0.0009331737973811235,0.00012838205801224314,0.0010682338877339703,0.0014682042873523835,-0.00033859351832577503,0.0,0.0,0.0,0.0006056565277796507,0.0003275873260780769,0.0004180988867730382,-0.002075159081959528,0.00030666735802167963
0.7861976,0.7939373,0.8197494,0.9375,0.99197626,0.7939373,0.94736844,0.58114916,0.5918229,0.9375,1.0,1.0,0.5918229,0.5918229,0.5244906,0.5135708,0.6652137,0.0027834782258381236,-0.00012966458624054093,-0.0006112944975288517,-0.00033823987005635574,-0.0010398736069687966,-0.00036809264838723733,0.0008240783691250037,-0.00013938492960420442,0.0001864452794070176,0.0,0.0,0.0,-0.00042287434684522084,0.0007600675955618016,0.00011646383290943436,0.0008716373407278821,0.0010092248098535004
0.7706295,0.7244003,0.5763002,0.5763002,0.9375,0.94736844,0.7989009,0.5588411,0.56131387,0.9375,1.0,1.0,0.56131387,0.56131387,0.5519905,0.5135708,0.5452136,0.002084006436883358,-0.0003643344552092518,0.0008811253125442946,0.0001222397930922047,-0.0005040163818782682,4.107317622272441e-05,-0.0028701785759194577,-0.0003323830888789689,0.000324682470110077,0.0,0.0,0.0,-0.0003829074945000937,0.0002018455157873246,5.771730702333691e-05,0.0006688744288505358,0.0002921061296956943
0.8690763,0.93876034,0.50712186,0.50712186,0.9375,0.94736844,0.93876034,0.75576437,0.75873715,0.9375,1.0,1.0,0.75873715,0.75873715,0.7294905,0.7135708,0.75121367,0.004321999947837448,0.0007301692269067256,0.0004914754610866706,0.0003657039154999046,-0.00037545648909168494,3.561752277769614e-05,0.0007745431083061522,-0.003741524868008024,0.0018580782628379042,0.0,0.0,0.0,-0.0023749667560353342,-6.816225040831431e-06,-0.0005694363830669216,0.0035831351189179426,0.0017205977912618025
0.95464444,0.99324316,0.3360089,0.3360089,0.9375,0.94736844,0.99324316,0.69691825,0.70709777,0.9375,1.0,1.0,0.70709777,0.70709777,0.6282405,0.5946819,0.76121366,0.006682702878279407,0.0007736364346574608,0.0015854138976925355,0.00015896908475511868,-0.00041782897309779784,8.060288183777547e-06,0.002633386154569674,-0.0024133771737138987,0.0011827480936749866,0.0,0.0,0.0,-0.0015945323047138824,0.00047894489503110476,-7.609302586480912e-05,0.0020645966395074506,0.0019992690660629586
0.8885082,0.899959,0.87848544,0.91162604,0.89376885,0.94736844,0.94736844,0.73576427,0.73380196,0.9375,1.0,1.0,0.73380196,0.73380196,0.71324056,0.6591263,0.73821366,0.004842503265780278,0.00021711420950975364,-0.0006858372924613201,-6.812500907768435e-05,-7.003084173105502e-05,0.00011067524960088746,0.0014541011270499627,-0.0027862995359599907,0.0014254472413101921,0.0,0.0,0.0,-0.0017344878892282451,0.0006025406144473445,-9.962159339223592e-05,0.0032111799975914207,0.0017661634808902413
0.6781295,0.6049634,0.37002733,0.37002733,0.9375,0.94736844,0.6049634,0.26461074,0.27958673,0.9375,1.0,1.0,0.27958673,0.27958673,0.32074046,0.4191263,0.1992136,-0.0003945419560241645,-0.0012476602882131953,0.003262906428950964,-0.001454752422269881,1.0389025508428379e-05,-6.004510493832937e-05,-0.006140025642315522,0.001322593190988712,-0.0020190253687746053,0.0,0.0,0.0,0.0013922271050306359,-0.0005478130633801793,-0.00030168947383472255,-0.0011340323032877132,-0.004384162654771531
0.50544006,0.510831,0.68934596,0.68934596,0.9375,0.94736844,0.510831,0.48807204,0.5000683,0.9375,1.0,1.0,0.5000683,0.5000683,0.3219905,0.5780152,0.45221367,-0.0060306096298893075,-0.0013808757429340213,0.0003966974201899141,0.00012357863251057655,-0.0004933843825200631,0.00011535541335611133,-0.010779208527323258,0.0009241732178005832,-0.0002728034679519787,0.0,0.0,0.0,0.0003514888720712999,0.0003960442532508175,0.0003073573544533295,0.0019385987084673888,-0.0006691223371953977
0.9042657,0.8913406,0.36738133,0.36738133,0.9657926,0.94736844,0.94736844,0.5638413,0.5712072,0.9375,1.0,1.0,0.5712072,0.5712072,0.4807405,0.4791263,0.69321364,0.004720199271581662,0.0002495320286795111,0.0015593453382080375,0.00020444558730356514,-0.0007507747027607392,6.940468674268583e-05,0.0006335740910033224,-0.0004169245401312927,0.0002731782770372056,0.0,0.0,0.0,-0.0002307972405998065,0.00037341068128281057,0.0002974342640578597,-9.702352428025571e-05,0.0013927645099783986
0.36756155,0.6805482,0.7410522,0.9375,0.90427727,0.89307725,0.94736844,0.29230294,0.30594417,0.9375,1.0,1.0,0.30594417,0.30594417,0.24074042,0.5213484,0.24321356,-0.012045300084341784,-0.000188101356483459,-0.00016954053548584063,0.00028616805860493053,5.5956656118476e-05,3.0076583373157203e-05,0.0010529155044273057,0.000165512964692115,-0.0013330143005941175,0.0,0.0,0.0,0.0009797514484099403,-0.001791264207963754,-0.0010248168278262928,0.0006649832145560109,-0.0035601294581051024
0.7561976,0.89144605,0.60486203,0.60486203,0.97322625,0.94736844,0.94736844,0.36537963,0.37741494,0.9375,1.0,1.0,0.37741494,0.37741494,0.14199042,0.5113485,0.47721368,0.0014046772778074628,0.00011152410923847326,0.0010771867435555916,-8.716315942864778e-05,-0.0006091853922609165,0.00014823752457129502,0.0009221618972602028,0.0021281533475432045,-0.0009291539732117145,0.0,0.0,0.0,0.0012729665415388155,9.739922359301073e-05,-0.0007058077508597852,0.0007343940429817195,-0.00011331927319386474
0.48831886,0.7663541,0.5036922,0.5036922,0.9375,0.94736844,0.86317396,0.17653377,0.19127584,0.9375,1.0,1.0,0.19127584,0.19127584,0.14199042,0.15468185,0.31821364,-0.008088576980804955,-0.00014592885122827084,0.002861035703378465,-0.00018200447827779247,-8.434301712576627e-05,0.00011749498786978341,-0.0010115747599683184,-0.001441147851953421,-0.00227967854504947,0.0,0.0,0.0,0.0005473404797181791,-0.0036380508210563257,-0.0031925742180357753,-0.008406126262596956,-0.002870932626489232
0.7665763,0.8913406,0.48263988,0.48263988,0.9375,0.94736844,0.99324316,0.60461056,0.61356276,0.9375,1.0,1.0,0.61356276,0.61356276,0.3169905,0.7680152,0.6392137,0.00199322026163835,0.0002951013150874146,0.0012292773248944702,0.00018122192289635376,-0.0003066488510207288,2.059336120740163e-05,0.001832715221023566,-0.0008944630884648091,0.0007514854464516219,0.0,0.0,0.0,-0.0006199940665906564,0.0005201531712367992,0.00047429351514491005,0.005323500168292697,0.0011844273387474284
0.58794004,0.76654816,0.7542607,0.93773437,0.7559833,0.94736844,0.94736844,0.28614908,0.297771,0.9375,1.0,1.0,0.297771,0.297771,0.2707405,0.4191263,0.25121364,-0.004045110539815403,-0.00011441804466790734,-0.0002611195941537113,0.00034580751791392773,0.0005926101913638938,0.0001441236793128319,0.0007308627105029355,0.0001383636025368067,-0.001468136764564953,0.0,0.0,0.0,0.0009185118858127557,-0.0018090960558800628,-0.0010045165522718084,-0.001834990021394478,-0.003630711617986214
0.3471827,0.7347666,0.9657926,0.9657926,0.9375,0.94736844,0.99324316,0.4253798,0.43036368,0.9375,1.0,1.0,0.43036368,0.43036368,0.5869906,0.26023728,0.47921363,-0.010929862428784519,-0.0001419884741953265,-0.0022313339948104856,-0.0006369867612343689,-0.0004108718478364648,0.0002819639644200398,0.002680427449769112,0.0009869386089470043,-0.00028348186299753393,0.0,0.0,0.0,0.0007593128176001996,-0.00011057698159085872,0.0007271307428776733,-0.00450140975773666,-0.0001695417735204803
0.7481295,0.7910505,0.6494677,0.92463356,0.67267495,0.94736844,0.94736844,0.45268747,0.4652225,0.9375,1.0,1.0,0.4652225,0.4652225,0.56449056,0.3280152,0.45721358,0.001328210252335878,-0.00024055121345511918,0.0008325279247683181,3.5966684597948594e-06,0.0023368294137879634,0.00032056636396684526,0.0007841801581861688,0.001326774306532153,-0.0004026524492201821,0.0,0.0,0.0,0.0006306789104563972,0.00020074992795907645,0.0003590003110256407,-0.002976539278157047,-0.0005848233448122552
0.8111976,0.8998124,0.39284575,0.39284575,0.9375,0.94736844,0.9195934,0.51114887,0.52380943,0.9375,1.0,1.0,0.52380943,0.52380943,0.5694905,0.52245957,0.41721362,0.0029274369807452344,0.00033971520906154426,0.001718593479281824,-1.929355392066833e-05,-0.0004380069542093212,1.1439345585325112e-05,0.0003047381926562115,0.0005812947739431809,0.00010236047517343836,0.0,0.0,0.0,0.00012363395364116305,0.00033434049927683106,0.00033949470324725933,0.00063827187773057,-0.0006822290887353857
0.65275073,0.7998803,0.7954408,0.7954408,0.9062,0.94736844,0.94736844,0.5203797,0.53284466,0.9375,1.0,1.0,0.53284466,0.53284466,0.5132406,0.43468177,0.58021367,-0.001289923180363685,-0.00024809653725181373,-0.0004572008684364394,0.000197254322847344,-0.00022140423469331163,0.00017200512806710242,0.0009099175845677143,0.0006673153899347462,9.89342086500657e-05,0.0,0.0,0.0,-3.633281841575367e-05,0.0005350473619884144,0.0004097790908135808,-0.0006736190354896035,0.0007405373642560859
0.70331883,0.82100767,0.81907797,0.81907797,0.9375,0.94736844,0.9711938,0.69730276,0.6980541,0.9375,1.0,1.0,0.6980541,0.6980541,0.77699053,0.41468185,0.8222137,0.00018363046548856233,-4.9239226353974525e-05,-0.00041094792645201514,0.00019837787295325096,-0.00045156506669378907,5.352267639748935e-05,0.001507389681438677,-0.0022808551517147627,0.0009685446262249807,0.0,0.0,0.0,-0.0014510271877068584,0.00048410334751305533,-0.0006606570964492253,-0.0010615096403457486,0.0021732538062815415
0.58025074,0.63826305,0.733391,0.9375,0.72658116,0.63826305,0.94736844,0.3619184,0.37412915,0.9375,1.0,1.0,0.37412915,0.37412915,0.5082405,0.36468178,0.31821355,-0.004036200131729079,-1.1999197485015496e-05,-9.544425166621357e-05,-0.00021980064924339876,0.0017012387201908073,-0.0013970810014746582,0.0009510781250819581,0.0014687471813153302,-0.0006141946412961452,0.0,0.0,0.0,0.0013262688770237765,-0.0003454215375647763,0.0007082829796046934,-0.0023910012649026573,-0.0017862107355129551
0.76907635,0.7013229,0.8709226,0.9375,0.9375,0.7013229,0.94756573,0.597303,0.6083497,0.9375,1.0,1.0,0.6083497,0.6083497,0.54574054,0.7813486,0.37721366,0.0016098744646763712,-0.0003701872072642152,-0.0009620918307740951,-1.9344352324996082e-05,-0.0003625727353383679,-0.00013888346171334317,0.0007789158378376232,-0.0006188011792854998,0.0005233955932792549,0.0,0.0,0.0,-0.0007204763982382342,0.00037735003594071393,0.00018502769833346776,0.005456758229969555,-0.001034928501719813
0.6454401,0.78976846,0.7165472,0.9375,0.9375,0.78976846,0.9711938,0.4457644,0.45534074,0.9375,1.0,1.0,0.45534074,0.45534074,0.49074054,0.45579296,0.43321362,-0.002382186574976498,-8.082741211107415e-05,-0.0001709018045054353,-0.0003567497291748723,-0.0005188451632198674,-0.000703431099096998,0.0015076038318939668,0.0007899329627139728,-0.00019153803993493263,0.0,0.0,0.0,0.0005297816363226297,-7.915391412952505e-05,0.00033907859089133655,-0.0003846097039360694,-0.0005815415926855011
0.7758188,0.819141,0.8539793,0.99197626,0.9375,0.94736844,0.8930203,0.5923029,0.601262,0.9375,1.0,1.0,0.601262,0.601262,0.59324056,0.7124596,0.49021357,0.001823946165021846,-0.00013206958540777088,-0.0006387561191384066,-3.490488808296685e-05,-0.0005789589655586001,0.00013049627081029017,-0.00031174758067811976,-0.00046660372369933603,0.0004101144031901599,0.0,0.0,0.0,-0.000447914806102773,0.0005070927275580571,0.00017199050189734547,0.004032333015631647,-0.0001789799056312031
0.5173719,0.82112795,0.8062177,0.9375,0.9375,0.94756573,0.8364885,0.48307198,0.4940133,0.9375,1.0,1.0,0.4940133,0.4940133,0.5307405,0.49468178,0.41221362,-0.005407287085661425,-0.00017679017571347908,-0.0005975703848619476,-0.0002971383238191005,-0.00041905004292506196,0.00023311975403078492,-0.0016668012052628647,0.0006713220923588577,-7.394159728889592e-05,0.0,0.0,0.0,0.00023703522978595008,0.0002670772796950734,0.0003183133698650375,0.00045374193987575195,-0.0007882882164865064
0.75525075,0.87200075,0.939427,0.9375,0.9375,0.9195934,0.8998124,0.6030719,0.61362725,0.9375,1.0,1.0,0.61362725,0.61362725,0.52574056,0.5535706,0.63821375,0.001063662762334196,-0.00016091963149739806,-0.0013731709415434287,-5.946259178036966e-05,-0.000601179674221839,0.00020612555313679893,-0.00012438614909697886,2.371371636422405e-06,0.00034502508675331953,0.0,0.0,0.0,-0.000462641467202026,0.0008533845074001453,0.00034545567853156356,0.0014173517391978254,0.0011018197922613576
0.792372,0.8928739,0.913646,0.9636912,0.9375,0.94736844,0.93876034,0.75499505,0.7531929,0.9375,1.0,1.0,0.7531929,0.7531929,0.74199057,0.5813486,0.85021365,0.0019510333234559962,0.00018631382878019548,-0.000633164378237482,-0.00016070004283181893,-0.0005627564951437382,0.00012270582001366152,0.0002062569961472266,-0.0035063120959737304,0.0015058477746322668,0.0,0.0,0.0,-0.002006400193088356,0.00041506510404989495,-0.0004789176624644325,0.0017358862362903634,0.0021806787662236498
0.7602507,0.7590793,0.87848544,0.9375,0.9375,0.7590793,0.99324316,0.531149,0.5392197,0.9375,1.0,1.0,0.5392197,0.5392197,0.34449053,0.67468184,0.50121367,0.002146420043557214,-0.00013688395388523935,-0.0011082525793950605,-5.021034978380933e-05,-0.0005636415862051153,-0.0003578164978522167,0.001972106354653825,0.0005926404788113859,0.00016164997611585596,0.0,0.0,0.0,5.023870240549733e-06,0.0005691533697360802,0.0003204256499173662,0.004217776632983339,-3.491845033128979e-05
0.9998338,0.94736844,0.52432805,0.52432805,0.52432805,0.94736844,0.94736844,0.88768756,0.8906153,0.9375,1.0,1.0,0.8906153,0.8906153,0.6769905,0.9269041,0.8422137,0.007926365077099908,0.0008315795315643723,0.0002863505052598551,0.0005704333334378587,0.0029550917933313394,4.214549357271773e-05,0.0011509742771999604,-0.0064734416597572704,0.0035963184188493994,0.0,0.0,0.0,-0.004386944609912508,-0.0009222439096479368,-0.0004802381136592359,0.006208828484021964,0.002102703409187448
0.7644551,0.8153146,0.86808443,0.92267436,0.9375,0.94736844,0.8577328,0.7749952,0.77769405,0.9375,1.0,1.0,0.77769405,0.77769405,0.58699054,0.84912634,0.7722137,0.0013988162449880977,2.2238119346263113e-05,-0.0003779700383425579,-0.00012453328744250648,-0.0004458731473302298,6.157220183657871e-05,-0.001532128341301452,-0.004016403886480063,0.0021744014515577984,0.0,0.0,0.0,-0.0026256247004132725,-0.00011519160702358998,-8.461880367733992e-05,0.005382147569347485,0.0017720273683366938
0.83025074,0.8717879,0.88566744,0.97322625,0.91411304,0.94736844,0.94736844,0.6849953,0.6935334,0.9375,1.0,1.0,0.6935334,0.6935334,0.58699054,0.6669041,0.7402137,0.0033485840466438398,9.258615725481537e-05,-0.0006196012262154691,-0.00011665413056741601,-0.00013566375857236414,0.0001659689464496579,0.0011363890334749973,-0.0021459377869169154,0.0009275254137694786,0.0,0.0,0.0,-0.0013571670845495864,0.0004990758456711889,-3.8031129046793565e-05,0.003263336223392751,0.0015439114182575582
0.53426576,0.82255214,0.7895206,0.97322625,0.9375,0.94736844,0.86317396,0.08999531,0.10548225,0.9375,1.0,1.0,0.10548225,0.10548225,0.09199059,0.11801508,0.20621356,-0.006297012156834392,-3.4269709996704746e-05,-0.0008519574604983011,0.0005109801612200833,-3.8434030570005035e-05,5.509222504983209e-05,-0.0005277535482783091,-0.002701352203384432,-0.002944375815812673,0.0,0.0,0.0,0.00019334090639369647,-0.005158540837235703,-0.004143739334137652,-0.009524716798408848,-0.004718068110829044
0.6983189,0.81563896,0.46832275,0.46832275,0.9375,0.94736844,0.9195934,0.39730293,0.41039574,0.9375,1.0,1.0,0.41039574,0.41039574,0.5069906,0.50023735,0.2942136,-6.905149821640783e-05,-4.3946774165161456e-05,0.0019081841203036386,-6.307878784067518e-05,-0.0004226492265638548,4.338610342926409e-05,6.0723935801761386e-05,0.001905306551244959,-0.0007125017144748124,0.0,0.0,0.0,0.001163848649177822,0.00022836265847403812,0.0004740968653909809,0.0004281708246040139,-0.0022327085758300264
0.78869766,0.61191386,0.91715527,0.9668138,0.9375,0.94736844,0.94756573,0.61999524,0.62623066,0.9375,1.0,1.0,0.62623066,0.62623066,0.5694906,0.62468183,0.5832137,0.001920203806418426,-0.0008991838389899008,-0.0008402373483047299,2.4694194503596234e-05,-0.0004409604389774124,5.1152571222459545e-05,0.0010038003913947881,-0.000909659031351653,0.0006722943584797859,0.0,0.0,0.0,-0.0007855177007229777,0.00040497812748903556,0.00018623487244170457,0.0024387983959110087,0.0007195526634196775
0.4827507,0.81908965,0.8857674,0.8857674,0.97322625,0.94736844,0.94736844,0.6003798,0.6066062,0.9375,1.0,1.0,0.6066062,0.6066062,0.39699054,0.48468187,0.7682137,-0.006914148345666675,-0.0002890614819687075,-0.001169082712283268,-0.0001980071003183314,-0.0009294337295043684,0.00022337993823468786,0.0014699522590789626,-1.0540926246757681e-05,0.0002944330006669868,0.0,0.0,0.0,-0.0006280797693882769,0.000994304367240177,0.0004346587895126016,0.00044675744430124997,0.0019218560730035743
0.8836976,0.8261166,0.6846827,0.6846827,0.8641764,0.94736844,0.94736844,0.69537985,0.7048662,0.9375,1.0,1.0,0.7048662,0.7048662,0.59324044,0.665793,0.7302137,0.004656998072510534,5.0313003670695384e-05,0.00019841929536434287,0.00013197412556915718,0.00023316657380335656,4.7709563363625905e-05,0.0010405210856317159,-0.002486016306619469,0.0012699418033122261,0.0,0.0,0.0,-0.0016266175571482675,0.0002617020450719106,-3.079143060725251e-05,0.002861445461081318,0.0016534934413519797
0.63275075,0.6716068,0.84786063,0.84786063,0.9062,0.94736844,0.94736844,0.5146106,0.5263026,0.9375,1.0,1.0,0.5263026,0.5263026,0.37074053,0.5413486,0.5452136,-0.001621768246869033,-0.0005153259687812313,-0.0008883939139205887,0.00014732744625586564,-4.704433567512462e-05,0.0002426032084434491,0.0014000560227565098,0.0008923139936167099,4.271589421535214e-06,0.0,0.0,0.0,0.00013989034384695703,0.0005413070741393171,0.00040552172411127143,0.001386573436794095,0.00046321355141623214
0.80850816,0.89307725,0.7412827,0.7412827,0.8514094,0.94736844,0.94736844,0.44922608,0.46148178,0.9375,1.0,1.0,0.46148178,0.46148178,0.6294905,0.48912632,0.28521365,0.0027139542308629795,4.8754370101654586e-05,-0.00018137114476117456,0.00017411640503936697,0.00044485556634679305,0.00015078407049581903,0.0006166825170755597,0.0015271518526571437,-0.0005249096409084245,0.0,0.0,0.0,0.0007724002560783292,0.0002503660391722979,0.0005093844765156412,9.500290770908526e-07,-0.0024880241749601815
0.2348719,0.73489845,0.8671419,0.8671419,0.90427727,0.94736844,0.94736844,0.3957644,0.4104888,0.9375,1.0,1.0,0.4104888,0.4104888,0.3282405,0.36468178,0.50121367,-0.015751140211439914,-0.00015272262461786383,-0.0014356828478956272,0.00011272038317260816,-0.00011325565157937201,0.00012823005029926357,0.001028944766014849,0.0010179019268970527,-0.000450208053241056,0.0,0.0,0.0,0.0009158036450867154,-0.00029696221285745026,9.358054184067654e-06,-0.0024700944163191683,1.1567648767659491e-05
0.63331884,0.8030655,0.67193174,0.67193174,0.9375,0.94736844,0.8913406,0.48114893,0.48729646,0.9375,1.0,1.0,0.48729646,0.48729646,0.42574054,0.41801515,0.54421365,-0.0022245249002663787,-0.000221714822791682,0.00048452830405857906,0.0003257811819396772,-0.00034761516294088535,0.00012690344657208025,-0.0004304273551108867,0.0011952997359670923,-0.000197488273172062,0.0,0.0,0.0,0.00046454259600095456,0.0003988169439968334,0.00039473640037351854,-0.001374926021444709,0.00048782496973089095
0.45794013,0.71033305,0.7895206,0.7895206,0.79136,0.94736844,0.94736844,0.23076454,0.24597931,0.9375,1.0,1.0,0.24597931,0.24597931,0.32949054,0.35801518,0.1992136,-0.008273821273559176,-0.00021579058669456857,-0.0006983184585713237,0.00017604117169607133,0.00039137172872753025,2.7145163720092986e-05,0.0004967043069181587,-0.00046791756544493424,-0.0018007559949169494,0.0,0.0,0.0,0.0007174346514554913,-0.0025183176286721707,-0.0007265425221282486,-0.002808548735583191,-0.004495628623903067
0.71831876,0.81563896,0.7999112,0.83492845,0.8829964,0.94736844,0.94736844,0.4019181,0.4122634,0.9375,1.0,1.0,0.4122634,0.4122634,0.66074055,0.16801517,0.46821356,0.0004971391907002603,-0.00020676985549184963,-0.0008634562434693638,-1.7953245910523955e-06,0.00022551212648117761,0.00029736205646809476,0.0012773753608855715,0.0010325922032437002,-0.0004214391297614037,0.0,0.0,0.0,0.0008255798109662376,-0.0003376182371841907,0.00029806476604332,-0.007005045512953176,-0.0003582662127235065
0.8865764,0.8769778,0.6386629,0.6386629,0.9005916,0.94736844,0.94736844,0.7642261,0.76798105,0.9375,1.0,1.0,0.76798105,0.76798105,0.6357405,0.8413485,0.71721375,0.004700861851013101,0.0003719346157149119,0.0001836125252855301,0.0002757845920675664,-6.827350675887155e-05,0.00011042727725425028,0.0009842549307345347,-0.004120468876845851,0.002229164314228375,0.0,0.0,0.0,-0.0026346079270368546,-0.00011064188442961175,-0.0002823026912585552,0.005542127530646293,0.0016110082520852365
0.7733189,0.73675555,0.62498003,0.62498003,0.9657926,0.94736844,0.94736844,0.4542257,0.46197608,0.9375,1.0,1.0,0.46197608,0.46197608,0.6294905,0.26023737,0.5602137,0.0023052266248423433,-0.00026135657665129347,0.000668809522398243,0.00035269344392839535,-0.0006927651743763594,0.00011111316187115555,0.0009566816930726435,0.0010809810221216799,-0.0002487268824786658,0.0,0.0,0.0,0.00042418371981578897,0.0002513253879903667,0.0002082479490824353,-0.003684879161568686,0.000477256315595575
0.86081886,0.8632933,0.4094479,0.4094479,0.9375,0.94736844,0.8718826,0.41114897,0.42419913,0.9375,1.0,1.0,0.42419913,0.42419913,0.52449054,0.50023735,0.3162136,0.004851241588031803,0.00014716127038437075,0.002146339270550288,-4.809391630333452e-06,-0.00027380422858011496,5.069483593724812e-05,-0.0006823849599554493,0.0018094676851318498,-0.00048498432489142983,0.0,0.0,0.0,0.0008915428915811107,0.0001867258745517441,0.0004926603473778576,0.0005641917808567254,-0.0017097404083413026
0.87388694,0.84723014,0.52076083,0.52076083,0.8328831,0.94736844,0.94736844,0.50922585,0.5192191,0.9375,1.0,1.0,0.5192191,0.5192191,0.48824054,0.37023735,0.6612137,0.004649552056238377,0.00010154689941694104,0.0011864351620895803,0.00020974440678186014,0.0006204589133238545,5.604282209243652e-05,0.0010769849018222684,0.00042220028620875734,2.6005780318130186e-05,0.0,0.0,0.0,0.0001235193262799414,0.0002691182245160795,0.00032179563123954625,-0.0017336601025424484,0.0011581195667347529
0.9998338,0.94736844,0.1581069,0.1581069,0.1581069,0.94736844,0.94736844,0.5707644,0.57792693,0.9375,1.0,1.0,0.57792693,0.57792693,0.7507405,0.5224597,0.4902137,0.007937791114821277,0.000708931294059205,0.002279072918289844,-0.0002948590697819767,0.006777598451508549,4.313057761176964e-05,0.0007871185698526742,-0.00013853967057096808,0.0004431826210052914,0.0,0.0,0.0,-0.00021784965809123555,0.0004878741210107684,-3.2794860750423734e-05,0.0007570735094703601,-1.628806493648098e-05
0.81850827,0.84891015,0.61441565,0.61441565,0.93773437,0.94736844,0.94736844,0.53884137,0.5484669,0.9375,1.0,1.0,0.5484669,0.5484669,0.5844905,0.5546818,0.42621356,0.003680370144048325,8.7346962592627e-05,0.0007385561009324706,0.0001831253586838059,-0.00031820413405034693,0.0001062454106773357,0.0006090890709697211,-0.00027329797864810454,0.0003212033190274302,0.0,0.0,0.0,-0.0003002557579768227,0.00027037606578916455,0.00011367277004333867,0.0014245349159899268,-0.0005469704059458877
0.7025614,0.8971791,0.9005603,0.9375,0.9375,0.8971791,0.99324316,0.54307204,0.5522854,0.9375,1.0,1.0,0.5522854,0.5522854,0.55199057,0.3269041,0.70521367,2.1089837811055223e-05,-0.0003116779813563544,-0.001286328178199178,-0.0005442587536494811,-0.0005320175919826723,-2.4828542433939156e-05,0.001994122303880574,0.0004401336664017232,7.837780553373985e-05,0.0,0.0,0.0,-0.0001581219170827973,0.000546720682620107,0.00020617481571949783,-0.0029595108880328754,0.0013563218848516368
0.64600825,0.64301634,0.62432593,0.9375,0.62432593,0.64301634,0.94736844,0.54537994,0.5561765,0.9375,1.0,1.0,0.5561765,0.5561765,0.5244905,0.43912634,0.66921365,-0.0017827503490695806,-0.00048359705985701577,0.0005723313721596383,-0.0004420230366460664,0.0027789821726202433,-0.001138176425362155,0.001248282725421288,0.0004401223003388437,0.0001592461107876949,0.0,0.0,0.0,-0.00021808386677987083,0.0007426912486858107,0.0003110292789310424,-0.00023505142412759305,0.0012536828000162012
0.7656294,0.83134204,0.73150533,0.73150533,0.8830454,0.94736844,0.94736844,0.4657644,0.4753722,0.9375,1.0,1.0,0.4753722,0.4753722,0.40324056,0.53023744,0.43821365,0.0019458082835525647,-3.824604413342111e-05,-0.00016474452620896015,0.0001991888229476884,0.0001663988573011084,0.00012579297440274431,0.0009159376632690446,0.0009253552058511682,-4.646089120877957e-05,0.0,0.0,0.0,0.00031581933771682863,0.00031764336855118924,0.00031600229100387856,0.0012708266527456558,-0.00040800513958927506
0.76812947,0.79285794,0.7648803,0.9668138,0.7473536,0.94736844,0.94736844,0.5346106,0.5419763,0.9375,1.0,1.0,0.5419763,0.5419763,0.4082405,0.6491263,0.5072136,0.002527088914688061,-9.283800663752414e-05,-0.00013944088032599697,8.586037518646426e-05,0.0015087882143814642,8.279894503057834e-05,0.0011370142316598653,0.0005920106820550197,0.00022264965262481986,0.0,0.0,0.0,4.325459302576593e-05,0.0005890558655824787,0.0005930703995299593,0.003398118747985901,0.00012100572730918247
0.74062943,0.66650456,0.83945024,0.9375,0.9375,0.9774537,0.91628766,0.4169184,0.42880422,0.9375,1.0,1.0,0.42880422,0.42880422,0.50449055,0.4346819,0.3162137,0.0008954872883902842,-0.0003571982124643881,-0.0009166594211885506,9.50946222341929e-05,-0.0004561591159213729,0.0002693337696017907,-0.00010506923214563008,0.0015350351680923529,-0.0006848319383042212,0.0,0.0,0.0,0.000956683245825414,0.000155686376604541,0.00031448641731131793,-0.0010812690340637702,-0.0021970706338818227
0.7102507,0.7101834,0.870967,0.9375,0.8830454,0.7101834,0.94736844,0.6138413,0.6246828,0.9375,1.0,1.0,0.6246828,0.6246828,0.6069905,0.5980152,0.67321366,3.958077344639488e-05,-0.00033530380364182725,-0.0007445943420196885,-0.0004364397865791214,0.00016940380596010336,-0.0006566247722471386,0.0009692708351187257,-0.00046650871742866403,0.0003063501159445467,0.0,0.0,0.0,-0.0007515557785858039,0.0008066492426519295,-6.818687916027361e-05,0.0023486629730097752,0.0010369528583239354
0.7171444,0.72956717,0.7644058,0.7644058,0.9375,0.94736844,0.8695136,0.58537984,0.59717077,0.9375,1.0,1.0,0.59717077,0.59717077,0.64199054,0.49468178,0.60721374,0.0007691636911327204,-0.0004116160968123141,-2.3474931431196056e-05,0.00011592748028832127,-0.00041688242095304216,0.00011905384397513804,-0.0007787926683828083,-0.0004080529585799733,0.00039845162684018357,0.0,0.0,0.0,-0.0005924950873574502,0.000403940981645237,-7.232841856097622e-05,0.00034857394588321157,0.0007246942194364002
0.86275077,0.8838611,0.80123603,0.80123603,0.9375,0.94736844,0.9193914,0.5419184,0.5512017,0.9375,1.0,1.0,0.5512017,0.5512017,0.44074053,0.5180152,0.5792136,0.00408873578319499,7.789807136153653e-05,-0.0003391013013133574,7.17995772570339e-05,-0.0004269552146829024,0.00017362481239269743,7.868896761361598e-05,7.61105380484872e-05,0.0001921630397507431,0.0,0.0,0.0,-0.00021647597737817998,0.00021249982112188793,0.0002444499334641585,0.0006775704080961714,0.0004974237837878818
0.7290764,0.80695844,0.36575451,0.36575451,0.97322625,0.94736844,0.94736844,0.4442259,0.45755875,0.9375,1.0,1.0,0.45755875,0.45755875,0.2594905,0.40134844,0.6972137,0.0007512018428409958,-0.0001417572379198137,0.0020239550792062726,0.00025481517500849856,-0.0008846899122829769,7.409246812536692e-05,0.0008224187444476027,0.001824273959555226,-0.00040902549879488786,0.0,0.0,0.0,0.0008326989609361681,0.0002980423731727264,0.0005222092454256175,-0.0015981427790500145,0.0015363575649503703
0.5331295,0.8412419,0.7119168,0.7119168,0.93370897,0.94736844,0.94736844,0.36345688,0.37155813,0.9375,1.0,1.0,0.37155813,0.37155813,0.12449038,0.5135708,0.4612136,-0.005518051912447317,-6.761844888700638e-05,0.0002318570670046573,0.00025883645002180435,-0.00022756889717400662,0.00013828923419199383,0.0011723387060428607,0.0012931503527550522,-0.0007532441559035318,0.0,0.0,0.0,0.0010403335155359781,-0.00048471785427666223,-0.0012760675790503028,0.0011134252005769291,-0.00039816735278403527
0.61388683,0.774354,0.9440504,0.9440504,0.9375,0.94736844,0.9694241,0.678072,0.67585117,0.9375,1.0,1.0,0.67585117,0.67585117,0.71199054,0.6113485,0.6042137,-0.0027533664834461817,-0.0002759680981613363,-0.0008075750370001611,-1.5842484222700963e-05,-0.0005094236560161318,9.378706419592833e-05,0.0012090852281816209,-0.001509308729489667,0.0007059312375245698,0.0,0.0,0.0,-0.0011526291546485976,0.0005588663643319652,-0.00033553494506601786,0.0020810914266149484,0.0005946959892804256
0.8810082,0.82819384,0.69272876,0.9375,0.93773437,0.82819384,0.94736844,0.55999506,0.5696734,0.9375,1.0,1.0,0.5696734,0.5696734,0.52574056,0.336904,0.67921364,0.004706015533034798,-0.00013995636274910278,0.00019594751473336867,-0.0001939087160664066,-0.0005450302049295186,-0.00013317505871304433,0.0007447534229795471,4.200146399976741e-05,0.0001362864920627851,0.0,0.0,0.0,-0.00029379208316689754,0.000625811248365577,0.0001851572374766429,-0.0025617395304526336,0.0011747979999747885
0.5302508,0.7315101,0.7035526,0.7035526,0.97322625,0.94736844,0.94736844,0.30768746,0.32154068,0.9375,1.0,1.0,0.32154068,0.32154068,0.14199054,0.44579294,0.36321372,-0.0060993378977363625,-0.0002071146778716789,0.0002806258966129456,0.00023118447012144457,-0.00034722964123795315,0.00013395560652858316,0.00047941534316659764,0.0006975812870529122,-0.0014146188099852918,0.0,0.0,0.0,0.001052410158168926,-0.0013740347112426365,-0.002113919371153159,-0.0010261504867951946,-0.0021205238173375206
0.63331884,0.5814072,0.91162604,0.97322625,0.9375,0.94736844,0.9774537,0.46384123,0.47557557,0.9375,1.0,1.0,0.47557557,0.47557557,0.42574054,0.32023737,0.6042137,-0.0023572118248966424,-0.00013031223931998342,-0.001818569826377049,-0.00037486099700595097,-0.000507098195964746,0.00032550490358806744,0.001937701097957637,0.0009469799173368248,-0.0002297093954963212,0.0,0.0,0.0,0.00043934654762421905,0.00011690178940899589,0.00027647232693874625,-0.003474164529098324,0.0007396188274197987
0.56794006,0.80311185,0.85415035,0.85415035,0.84446114,0.94736844,0.94736844,0.5442257,0.55595857,0.9375,1.0,1.0,0.55595857,0.55595857,0.5432405,0.56801516,0.5462136,-0.0034467537015385125,-0.0002581886989267554,-0.0006884222494095848,0.00010843370932591296,0.0005954160961773116,0.0001935700078653285,0.0011606566220259795,0.0008083161757749534,0.00015795809303075257,0.0,0.0,0.0,-2.9057961774900525e-05,0.0008051099287638909,0.0005375097843737593,0.002104403328847147,0.0005550566262646915
0.5031294,0.3976569,0.74762225,0.74762225,0.9375,0.94736844,0.4116913,0.24076432,0.2559936,0.9375,1.0,1.0,0.2559936,0.2559936,0.09199059,0.32357067,0.3732136,-0.007536774380414459,-0.0008772918367194347,-0.0004184675741540953,0.00023486568518210627,-0.00012978866937186695,3.817822009588884e-05,-0.011403661840433075,2.4648730809606534e-05,-0.0017686410840261825,0.0,0.0,0.0,0.0015457306675070379,-0.0018135089051072473,-0.002036928504677324,-0.0039007359449381323,-0.002090794001800045
0.7311976,0.80323535,0.8620851,0.8620851,0.97322625,0.94736844,0.94736844,0.5630721,0.57429403,0.9375,1.0,1.0,0.57429403,0.57429403,0.39699054,0.73468184,0.48921365,0.0010251467933573995,-0.0001673964710131117,-0.0006876648630092667,6.525417299224308e-05,-0.0007445015556148118,0.00018728172755714764,0.0012455113364879314,-7.985062973495476e-05,0.00026925376300067876,0.0,0.0,0.0,-0.0003453587036802923,0.00034202927087892036,0.000308960774944575,0.0045777858055308165,-0.00021158328191780317
0.8590763,0.87386805,0.7115459,0.7115459,0.9201982,0.94736844,0.94736844,0.52230275,0.5251972,0.9375,1.0,1.0,0.5251972,0.5251972,0.5944905,0.5169041,0.5202136,0.00469339630298026,-3.1655767663771974e-05,0.00016940583394985508,0.00015684930865319545,-0.0002186684962994829,0.00021252211045158834,0.0011435409338303698,0.00019803286404250617,0.000184608298408354,0.0,0.0,0.0,-0.00013518209667465385,0.00043911902554843036,0.000260708376300582,0.0014889463947886277,0.00018899369996930448
0.7079401,0.7651412,0.8534942,0.9184109,0.79755384,0.94736844,0.94736844,0.6138414,0.6239993,0.9375,1.0,1.0,0.6239993,0.6239993,0.51074046,0.6069041,0.66921365,0.0003125204986101754,-0.00023558369117448116,-0.0005908376635354471,0.00010654820448105456,0.0011041216985598094,5.091274107088588e-05,0.0008583043439600041,-0.0008511584971472087,0.0006914170125629434,0.0,0.0,0.0,-0.0007299999162911633,0.0006106892677795948,0.00030167384913528826,0.0024246707360674174,0.0013672085042997324
0.4406295,0.61002934,0.56618863,0.56618863,0.8581048,0.94736844,0.94736844,0.27653387,0.29161558,0.9375,1.0,1.0,0.29161558,0.29161558,0.27949047,0.22245969,0.32421368,-0.00932008553624395,-0.0005686133192741194,0.0015465423775716575,-9.523230305449778e-05,0.00014198984241550899,6.550686237968465e-05,0.0006402697454965653,3.2346614563359334e-05,-0.0016317404099554988,0.0,0.0,0.0,0.000760919564052766,-0.0018405086353206605,-0.001048797959405596,-0.0064023548650236715,-0.0027268613317862787
0.836387,0.9327985,0.61909586,0.61909586,0.9396432,0.94736844,0.94736844,0.69499516,0.6967272,0.9375,1.0,1.0,0.6967272,0.6967272,0.46074057,0.6413486,0.8502137,0.0036651038815626374,0.00027313393536125747,0.0005117413564032471,0.0002471434005401725,-0.00038340150278364904,5.480750691801553e-05,0.0010997363336515183,-0.0025435077473503188,0.0010556848611174767,0.0,0.0,0.0,-0.0014714936859305707,0.0005459628650540515,0.00017900373813303381,0.0032205871423005928,0.002562731480902681
0.7081294,0.7732563,0.8871432,0.9375,0.9201982,0.9015119,0.94736844,0.53230286,0.541863,0.9375,1.0,1.0,0.541863,0.541863,0.46199054,0.55134857,0.5462136,0.001011592467704488,-0.0002487529509017156,-0.0011232859708817807,-6.96124475102426e-05,-0.0001980061067849763,-1.2925408783276416e-06,0.001390597193364427,0.0007315178745375499,9.685090038966197e-05,0.0,0.0,0.0,-3.384937374397594e-05,0.0006072560075159582,0.0004132514069357378,0.0019202430318493906,0.00029921647525350467
0.60869753,0.79284954,0.4684514,0.4684514,0.9062,0.94736844,0.94736844,0.43922585,0.45200673,0.9375,1.0,1.0,0.45200673,0.45200673,0.3019905,0.5135708,0.46721363,-0.002003235694062437,-0.0001281552884309935,0.0020637411780891363,3.659623762500268e-05,4.963169296031966e-05,8.21275527094658e-05,0.0010965559464404507,0.0014515741187113326,-0.00020956267535031687,0.0,0.0,0.0,0.0006944428084786024,0.0004111575382131123,0.0004812446005280268,0.001245766364960326,-0.0001256231999386493
0.5798721,0.56853276,0.9409667,0.9375,0.9375,0.56853276,0.9711938,0.73307216,0.73427147,0.9375,1.0,1.0,0.73427147,0.73427147,0.79074055,0.68690413,0.7182137,-0.003738274749174696,-0.0009549341426360993,-0.0006383122635524281,-0.00028805781404211826,-0.0005383104757499343,-0.0011362505026249583,0.0013269062021006404,-0.00245420162138958,0.0014638823057997771,0.0,0.0,0.0,-0.0022403957852370916,0.000506983184531234,-0.0009051113272023526,0.0035696013261437374,0.001141957507605284
0.584872,0.8160632,0.84777254,0.84777254,0.9375,0.94736844,0.99324316,0.56268734,0.5745069,0.9375,1.0,1.0,0.5745069,0.5745069,0.4644906,0.63245964,0.5512136,-0.003567461898895355,-0.00014989747360895364,-0.0007861313798340469,0.00014146190674925078,-0.000527996625824777,0.00019573963321110034,0.002138580774835891,7.791143406181359e-05,0.00028998210201014533,0.0,0.0,0.0,-0.0003417525671086242,0.0005401083367998137,0.0003412258207397948,0.002942258678545623,0.00045262346049411016
0.554872,0.57506734,0.8830454,0.93370897,0.8892118,0.94736844,0.94736844,0.5588413,0.56825894,0.9375,1.0,1.0,0.56825894,0.56825894,0.5944905,0.49245963,0.56021357,-0.0036174590956550923,-0.0008480334692514451,-0.0008874383030985041,5.967532185414768e-05,6.961986635917232e-05,0.00017219843507457075,0.0011028244020973646,0.00029130680092056,0.00036130858071018525,0.0,0.0,0.0,-0.0003694713661128242,0.0006303219719751884,0.0003196584808883414,0.0005814094862344,0.0006174779552974194
0.4904401,0.74535227,0.8830454,0.93370897,0.83945024,0.94736844,0.94736844,0.17461044,0.18719947,0.9375,1.0,1.0,0.18719947,0.18719947,0.10074031,0.11801508,0.45921364,-0.008394788767387619,-0.00017732353312796954,-0.0022283420152834953,0.0006683405174942294,0.0002169606812602032,3.6623550363246924e-05,0.000499843372953186,-0.0009777677253377107,-0.0023451120377661495,0.0,0.0,0.0,0.0006420220958569613,-0.0034092364921233433,-0.0033027720906297795,-0.009373077762418327,-0.0006031902258407914
0.901387,0.8998124,0.76379675,0.76379675,0.84446114,0.94736844,0.94736844,0.6288413,0.6394387,0.9375,1.0,1.0,0.6394387,0.6394387,0.46949053,0.55023736,0.7672137,0.005793893335753727,0.0001794048860038505,-0.0001687097452841629,0.0002339551779376864,0.0007661164000563138,0.00010754221087730665,0.0008386596163774138,-0.0015107362044621453,0.0008050748279413348,0.0,0.0,0.0,-0.0009511033537910458,0.0005293790901199781,0.0001447932411360457,0.0014514154682969476,0.0021405425823567744
0.6829401,0.81563896,0.662041,0.9062,0.9375,0.94736844,0.86317396,0.48037985,0.4936842,0.9375,1.0,1.0,0.4936842,0.4936842,0.16824043,0.7313485,0.48521367,-0.0005841822256023468,-0.00010776619301552805,0.0005680038708043731,2.170420177541044e-06,-0.0004244051659435066,0.0002084903482968103,-0.001157906874447045,0.0011388806323642355,-0.0001305966027227641,0.0,0.0,0.0,0.000379256270517686,0.0004519738840859816,0.0001913096245002127,0.005015148615245517,-1.8652774043140392e-05
0.7385082,0.81563896,0.65610886,0.65610886,0.9657926,0.94736844,0.94736844,0.58307207,0.59027165,0.9375,1.0,1.0,0.59027165,0.59027165,0.6294905,0.5113485,0.59021366,0.0008763528583317762,-6.0708724716716924e-05,0.0003202593166121721,0.00015960527446551583,-0.0007759776368715427,0.00013002789505358567,0.0010045765193786008,-0.0007352700270755931,0.000489953694767355,0.0,0.0,0.0,-0.0006071649779641349,0.0003830325732920631,-8.081654089939719e-05,0.000595315057145102,0.0007248284137393577
0.81638694,0.8208624,0.6016908,0.90427727,0.7804182,0.94736844,0.94736844,0.49384132,0.50655067,0.9375,1.0,1.0,0.50655067,0.50655067,0.66074055,0.45579296,0.42221364,0.003222887646366186,-9.137544114150925e-05,0.0008181464470910816,8.396708079289149e-05,0.0012685698207526228,0.0001431800248898607,0.0012293127515390467,0.001015217896104357,-8.124634720104573e-05,0.0,0.0,0.0,0.00031069926860532955,0.0005067608757591654,0.0003418115856286022,-0.00025611244775225846,-0.0006044172876450086
0.80062944,0.86867034,0.8366128,0.8366128,0.99197626,0.94736844,0.94736844,0.52422595,0.53587925,0.9375,1.0,1.0,0.53587925,0.53587925,0.59199053,0.31357065,0.6342137,0.0032356096853114946,-0.00018694938740218051,-0.0007837294359349821,0.00012390206965026302,-0.0013220143470780048,0.0001760495591395661,0.0009987598351763217,0.0005752521868391115,5.622649684288151e-05,0.0,0.0,0.0,-8.37008269617246e-05,0.0005114069146834152,0.00021259647758757578,-0.003146320787313439,0.0010414941760662198
0.20468275,0.6031983,0.97322625,0.9375,0.97322625,0.6031983,0.94736844,0.4211489,0.43288943,0.9375,1.0,1.0,0.43288943,0.43288943,0.40574056,0.2424595,0.5952136,-0.015260416791768762,0.0007453983232034268,-0.00213324172868383,-0.0013457027906670798,-0.0008927422915276156,-0.0013501849899858747,0.001161986644421316,0.0006733334652812783,-0.00014592076457505622,0.0,0.0,0.0,0.0009374128423795927,-0.0002450480568370564,0.00025057621772665075,-0.0050367677043530006,0.0008503690560453892
0.5981295,0.81563896,0.75612736,0.79136,0.92463356,0.94736844,0.94736844,0.39076453,0.40596893,0.9375,1.0,1.0,0.40596893,0.40596893,0.38449055,0.42134845,0.3582136,-0.003009047832034725,-0.00025700720555248325,-0.0001642923342062218,0.0001159932317833489,-0.00037203867854553827,0.000255393586673425,0.0011277475863425313,0.0015957000398458391,-0.0006388660308404272,0.0,0.0,0.0,0.0011782772371964603,-7.742037865042212e-05,0.0003750804283654601,-0.001262522991444503,-0.001417649196345609
0.9998338,0.94736844,0.3504076,0.3504076,0.3504076,0.94736844,0.94736844,0.71537983,0.72389114,0.9375,1.0,1.0,0.72389114,0.72389114,0.61949056,0.6369041,0.7132137,0.0082087218515798,0.0008333575140690133,0.000970969714654501,0.0006845088500788285,0.004799786729277263,4.118468781350249e-05,0.0007498945360350909,-0.003121215817539275,0.0017886091658313513,0.0,0.0,0.0,-0.0021546135172104265,-6.412473382255112e-05,-0.00024110754451087306,0.002481697449535489,0.0014909805745808391
0.29987204,0.71368283,0.86951035,0.86951035,0.9375,0.94736844,0.66399765,0.6153799,0.61375505,0.9375,1.0,1.0,0.61375505,0.61375505,0.46949053,0.57245964,0.7722137,-0.013484356058891294,-0.00022613172254862872,-0.0009400928332058782,-0.0002469648016428021,-0.00047457763916333365,0.00015406851437686642,-0.006751074821351974,5.462993015655499e-05,0.00033136969638806156,0.0,0.0,0.0,-0.0006490909530888411,0.0008282042134978854,0.00043862541600490093,0.0019289336369940552,0.001877320738935454
0.8336976,0.7716642,0.3738928,0.3738928,0.97322625,0.94736844,0.94736844,0.37114906,0.38324177,0.9375,1.0,1.0,0.38324177,0.38324177,0.46949053,0.32801512,0.44621363,0.0038630441656435244,-0.00019519446670713232,0.0022742334359362433,0.0001490976505473973,-0.0006371755713626074,2.8273675067847226e-05,0.0009178149028731874,0.0023283939481109944,-0.0007356135084731026,0.0,0.0,0.0,0.0011620060641065399,7.651242898999151e-05,0.0004935541631612217,-0.0027332698853166776,-0.0004214217976007966
0.7908188,0.8318976,0.8729616,0.8729616,0.939427,0.94736844,0.94736844,0.57037985,0.5816114,0.9375,1.0,1.0,0.5816114,0.5816114,0.54574054,0.49579293,0.6292137,0.002346204157078162,-6.291850205015218e-05,-0.0007401044384481004,4.320300544063643e-05,-0.00033553357234770883,0.00010869745317423913,0.0007131550561781783,-5.679489690814391e-05,0.00022668039953830394,0.0,0.0,0.0,-0.00032913729872005994,0.00042361129592582064,0.00014624776518341247,0.0002328045177326235,0.0007576532709837433
0.85176575,0.8930203,0.509322,0.509322,0.90427727,0.94736844,0.94736844,0.5907644,0.6029518,0.9375,1.0,1.0,0.6029518,0.6029518,0.37574053,0.736904,0.48221368,0.0037286795709513833,0.00016264910499219992,0.0009799759978149042,0.00019119735655856278,-0.00014167245427692093,6.925060971876624e-05,0.001069408495615608,-0.0006071817767894585,0.0006021294886231654,0.0,0.0,0.0,-0.0005559032465587234,0.0004854289695293084,0.00047906933910799694,0.0045185337883023235,-1.7195414703981767e-05
0.65138686,0.5026599,0.83492845,0.9375,0.9375,0.5026599,0.8913406,0.41884142,0.4340942,0.9375,1.0,1.0,0.4340942,0.4340942,0.4582405,0.3946818,0.4612136,-0.0016704567387690599,0.0005785895322463035,-0.0013223723188582781,-0.0005127576608760594,-0.000576192147206821,-0.0029172024766973346,-0.0007906622598719468,0.0007673332589223239,-0.0002911787622016836,0.0,0.0,0.0,0.0008039337996413647,-0.00027777584796769315,0.0003036141894127583,-0.002139765103993013,-0.0005252214153575497
0.9442657,0.93784803,0.38879323,0.38879323,0.9375,0.94736844,0.93784803,0.6384567,0.6398602,0.9375,1.0,1.0,0.6398602,0.6398602,0.73324054,0.5602374,0.61321366,0.006142478182040306,0.0005340160704627347,0.0014289991653960437,0.00014413151329235885,-0.0005204422824155461,-1.6291153373028874e-05,0.0005114927744293118,-0.0015386419743747915,0.0007685549813643429,0.0,0.0,0.0,-0.0009958679119139483,0.0003958030928381488,-0.0003252994805440826,0.0013559488367646088,0.0009341630462869145
0.87657636,0.8507194,0.6351208,0.90427727,0.7671673,0.94736844,0.94736844,0.45653358,0.46918398,0.9375,1.0,1.0,0.46918398,0.46918398,0.5982405,0.5702374,0.25421363,0.004888680430886847,-6.487829904851806e-05,0.0008026823263561334,0.00010302595314665677,0.0013136548556070954,0.00022694243683239737,0.001002291333702629,0.0013060337776516725,-0.0002889028570240827,0.0,0.0,0.0,0.000494633819269061,0.0002946965322313316,0.000500625948144923,0.0019276397825511134,-0.002450837971528104
0.623887,0.6697169,0.6046579,0.6046579,0.9396432,0.94736844,0.94736844,0.49499512,0.50548464,0.9375,1.0,1.0,0.50548464,0.50548464,0.43074054,0.5291263,0.5272137,-0.0016900941711853088,-0.0006044336421629986,0.0006594321725969451,0.0001327688078471624,-0.0003268433849331539,-2.5320189348811554e-05,0.0008343513393037371,0.0006742621441492591,7.27747462138025e-05,0.0,0.0,0.0,0.00022580913874872404,0.00035635644338451113,0.00042113189780463645,0.001138792408569043,0.00029399309774782154
0.8067658,0.86317396,0.3537998,0.3537998,0.97322625,0.94736844,0.94736844,0.53730273,0.5480265,0.9375,1.0,1.0,0.5480265,0.5480265,0.28199053,0.6535708,0.6442136,0.0029397290912939857,0.0001981349136654026,0.0018082063975492588,0.00013398794839126777,-0.0007842897916154518,2.6038447992974e-05,0.0012995774610472161,0.00015310231132120375,0.0002777758151568354,0.0,0.0,0.0,-4.7559447667205257e-05,0.0004080120504009785,0.000638005190928027,0.0029859421608914973,0.0012858700583843923
0.45081884,0.43449423,0.88566744,0.9375,0.97322625,0.43449423,0.94736844,0.2799951,0.29559487,0.9375,1.0,1.0,0.29559487,0.29559487,0.2182405,0.15468185,0.47721368,-0.008196543115457602,0.0008117318164960024,-0.001542251770171531,-0.00041427212739586613,-0.000381509179440917,-0.0008750414453461414,0.0007205980419219743,-2.896914735042097e-06,-0.0008031982533061227,0.0,0.0,0.0,0.001331185929873119,-0.0014764841744133934,-0.0013212485894735586,-0.007020715773971516,-0.00017699841262246488
0.64600825,0.82430315,0.5702537,0.5702537,0.8810272,0.94736844,0.94736844,0.29153368,0.3028351,0.9375,1.0,1.0,0.3028351,0.3028351,0.2594905,0.3713485,0.2942136,-0.0015162777782239628,-5.532488704750947e-05,0.0016723382310482682,-1.6512139466888837e-05,0.00020472315872157115,8.206856789977555e-05,0.0005733455545795943,0.0008762084500169421,-0.0015203507257200788,0.0,0.0,0.0,0.0009407544130623929,-0.0012461293193264306,-0.000932614059464075,-0.002719691933679339,-0.0029619117941152534
0.8067658,0.86317396,0.42766526,0.42766526,0.99197626,0.94736844,0.94736844,0.58730304,0.59668374,0.9375,1.0,1.0,0.59668374,0.59668374,0.2707405,0.4946819,0.8422137,0.0022959136616198276,4.509565840183199e-05,0.0014183350331955827,0.0003229388351116705,-0.0010470304544728496,0.00010322920848165606,0.0013542926776566025,-0.00023081296573320266,0.00022494115866483863,0.0,0.0,0.0,-0.0002820433627838426,0.0004055420299449493,0.000582959170940191,-0.00015927094940170042,0.0023116421667796093
0.7333188,0.7631863,0.5825191,0.93773437,0.69867265,0.94736844,0.94736844,0.6034566,0.6148016,0.9375,1.0,1.0,0.6148016,0.6148016,0.5432405,0.7546818,0.44621363,0.0002904362333301422,-0.0003353922397773074,0.0003044073069600314,7.01568168939224e-05,0.001697493487744217,3.1651934185438e-05,0.0012146126690428228,-0.0008686235570722436,0.0007251457845883347,0.0,0.0,0.0,-0.0007825679124744046,0.00029930729455702733,0.00011312937764274795,0.004313546462115522,-0.0002876399492274949
0.29275078,0.65393114,0.770773,0.9375,0.97322625,0.80859274,0.94736844,0.13345689,0.14877371,0.9375,1.0,1.0,0.14877371,0.14877371,0.14199054,0.118015185,0.27921352,-0.015244824335029654,-6.101788253469886e-05,-0.0007458505152683939,0.000266047101247542,4.056725267549133e-05,-4.682541493909155e-05,0.0005991918097971415,-0.002659686464639618,-0.0022266900006206753,0.0,0.0,0.0,0.00043169567770674045,-0.00448397313599586,-0.003490114110226421,-0.009416948370576298,-0.003413626812674312
0.8336976,0.76316774,0.6788356,0.6788356,0.7479076,0.94736844,0.94736844,0.50884145,0.5208632,0.9375,1.0,1.0,0.5208632,0.5208632,0.48199058,0.44023737,0.58521366,0.0040865363341723695,-0.0003683359751838247,0.000490680647787574,0.0002521191592795859,0.0015056004009436905,0.00021416475648264704,0.0014514393577758505,0.0007782932183214798,7.533875547252798e-05,0.0,0.0,0.0,8.348580551968347e-05,0.0005235878942783552,0.0005080504855839191,-0.00016120739076157047,0.0007955225443030607
0.6106295,0.80859274,0.7940731,0.7940731,0.939427,0.94736844,0.94736844,0.4369181,0.4465805,0.9375,1.0,1.0,0.4465805,0.4465805,0.35699046,0.29690403,0.66021365,-0.0034759753218268495,-8.183088858436483e-05,-0.0007676848560241089,0.00013640863456544525,-0.0004521922519294292,0.00020289646817483317,0.0005784206963421479,0.0010920366042198773,-0.0002185959116170462,0.0,0.0,0.0,0.0007222579083432615,-7.84714458108008e-05,0.00029147928711194905,-0.003937919236277114,0.0013903858871707195
0.5654401,0.8033053,0.82265157,0.82265157,0.9375,0.94736844,0.8351259,0.43922585,0.45264417,0.9375,1.0,1.0,0.45264417,0.45264417,0.42574054,0.4380152,0.50121367,-0.005027799711497005,-0.00016577884851289124,-0.000995363370968469,2.693900356989332e-05,-0.0006534457029383162,0.00019457413346550718,-0.0019863043633120085,0.001138277969483567,-0.0002646365505782362,0.0,0.0,0.0,0.0007013243382835255,8.806411431677832e-05,0.0004525254416403054,-0.000848177064519498,-7.033614299671816e-05
0.5285082,0.84547555,0.770773,0.9375,0.97322625,0.9015119,0.94736844,0.23076454,0.24399094,0.9375,1.0,1.0,0.24399094,0.24399094,0.27949047,0.15468174,0.38221368,-0.0064558352240636505,-6.916089269906916e-05,-0.0007720270351677916,0.00018614094714309955,-0.00038275357262997756,-1.4145568805738403e-05,0.0007875041963088489,0.0002077743368657346,-0.0014845474393751126,0.0,0.0,0.0,0.001060651464805143,-0.002186742426300264,-0.0005118033871530212,-0.007999580596834793,-0.0013523502154152837
0.5083189,0.6243401,0.4366196,0.4366196,0.9375,0.94736844,0.6243401,0.3003798,0.3126087,0.9375,1.0,1.0,0.3126087,0.3126087,0.2594905,0.16134845,0.5732137,-0.006276884492619729,-0.00039606634813011234,0.0029024773267318643,0.00029334856490464566,-0.00014725783602474938,4.8406684380501235e-05,-0.006656044358406163,0.0008926445099676412,-0.0011097183831251824,0.0,0.0,0.0,0.0014740524950649448,-0.000934255826357411,-0.000222591242767234,-0.0070045752905157355,0.0011067417503739783
0.7158188,0.8261166,0.73016423,0.73016423,0.9375,0.94736844,0.9193914,0.6765337,0.686811,0.9375,1.0,1.0,0.686811,0.686811,0.49574047,0.7180152,0.69321364,-7.848286803669169e-06,5.264342129712184e-05,-0.0001390069371624024,0.0001873015394994479,-0.0005555672896742253,6.039774030240065e-05,0.0005631021050977939,-0.001977601582994708,0.0010159086598291699,0.0,0.0,0.0,-0.0013611581063865598,0.0003537286842561842,0.00015108497862908026,0.00390674512935765,0.00140285720156473
0.7333188,0.82982767,0.72253466,0.72253466,0.799716,0.94736844,0.94736844,0.31768754,0.33113065,0.9375,1.0,1.0,0.33113065,0.33113065,0.3644905,0.40134844,0.31821364,0.0011882315113725106,-0.00013807324475701162,-0.00024747143509314335,0.00043450013226585164,0.0005003915205293144,0.0001340285080308133,0.0008385443557190225,0.0011955683515872154,-0.0012309543579728578,0.0,0.0,0.0,0.0011681515164413336,-0.0008175888440921362,2.703173467884552e-05,-0.0016639962349101188,-0.0024517632544258957
0.8240763,0.8718827,0.3571844,0.3571844,0.92463356,0.94736844,0.94736844,0.4476876,0.46279216,0.9375,1.0,1.0,0.46279216,0.46279216,0.38574058,0.59357077,0.3492136,0.0034398723669389246,0.00020689943714503355,0.0020154929086871223,-3.9803028656156256e-05,-0.00037422462691355784,2.0796024619165605e-05,0.000998167680973856,0.001473913537319901,-0.00021185867194605418,0.0,0.0,0.0,0.000709205967334331,0.0003813874085797542,0.000660829161275805,0.002254242612203633,-0.0012888689230594952
0.83157635,0.90702903,0.66254646,0.66254646,0.84446114,0.94736844,0.94736844,0.55537987,0.56098294,0.9375,1.0,1.0,0.56098294,0.56098294,0.46949053,0.40912628,0.80321366,0.004052376307405404,0.00013821910067102853,0.0003998806787397175,0.00023782205184099488,0.0006309919949944974,0.00010779841853449524,0.0009552794780965537,-5.0152422821978896e-05,0.00033482072849606577,0.0,0.0,0.0,-0.0002373673590893318,0.0006182353746115672,0.0003594014268785642,-0.0008987489789248165,0.0024272524931835708
0.7102507,0.68510425,0.9045032,0.9045032,0.9375,0.94736844,0.65904737,0.5499951,0.5619915,0.9375,1.0,1.0,0.5619915,0.5619915,0.42574054,0.53023744,0.57621366,0.0005769739222146772,-0.0005226912686000424,-0.001442320386086808,0.00010078056005416398,-0.0003984339343791166,0.00017209516188896912,-0.006542894419923347,0.0003925713352317097,0.00025772899140158586,0.0,0.0,0.0,-0.00023878270399393955,0.0006337120165874002,0.0003999133101482902,0.001481865007062316,0.0006310829524278861
0.7242657,0.71704596,0.4622385,0.93773437,0.5680075,0.94736844,0.94736844,0.52422595,0.5341089,0.9375,1.0,1.0,0.5341089,0.5341089,0.60824054,0.545793,0.41221362,0.0007522273064780965,-0.00055993011924083,0.0011661961028848972,0.00013425534345473756,0.0029552691664031516,0.0001332775770230544,0.0010940269560654205,0.0002493161246673585,0.00016277832782689284,0.0,0.0,0.0,-6.252631329907058e-05,0.0004256958524865315,8.18069611738999e-05,0.0015073820564368934,-0.0005782700425279826
0.9369551,0.9210105,0.36879972,0.36879972,0.939427,0.94736844,0.94736844,0.60461056,0.6144531,0.9375,1.0,1.0,0.6144531,0.6144531,0.5132405,0.5313485,0.67221373,0.0064679463829135165,0.00047088675971733234,0.001568076332683968,0.00018176856834911523,-0.0003594289256948671,-2.3509510587947646e-05,0.0011070285572899396,-0.0012485351059052423,0.0005619708107551797,0.0,0.0,0.0,-0.0007626417195049091,0.00021595558992725889,4.6992876722194314e-05,0.0009879914416306293,0.0010293486194850373
0.7081295,0.8500637,0.7738056,0.97322625,0.7308244,0.94736844,0.94736844,0.44730276,0.461487,0.9375,1.0,1.0,0.461487,0.461487,0.46949053,0.32023737,0.5952136,-0.00040009533097296935,-0.0001223207224111105,-0.0006690449932785273,-0.0005677269534459094,0.0018039155842317633,0.00014796728217484823,0.0007033866521748472,0.0011950187660236446,-0.0002472677804352008,0.0,0.0,0.0,0.000677460778756125,0.00012164113179885229,0.0005049250382070654,-0.0035049706348959852,0.0008448694476773099
0.95464444,0.99324316,0.5314233,0.5314233,0.9375,0.94736844,0.99324316,0.8134568,0.81932133,0.9375,1.0,1.0,0.81932133,0.81932133,0.6194905,0.82023746,0.8452137,0.006880645648203964,0.000991237821418192,0.0005362328303342299,0.0005175698162027409,-0.0003983236674814345,0.00010626298914518405,0.002385220673236875,-0.005047092178796418,0.0024680964920029457,0.0,0.0,0.0,-0.003315301995309117,-0.0004059171628168012,-0.0003557659054726221,0.005192539699745658,0.0020872012646998873
0.6908188,0.7927039,0.85021853,0.9375,0.93370897,0.86480016,0.94736844,0.37653366,0.38875425,0.9375,1.0,1.0,0.38875425,0.38875425,0.2707404,0.3402374,0.51721364,-0.00042326273094509757,-0.0001009549280692525,-0.001295191526274564,-0.0002935325513461165,-0.000392067589391931,-0.00016906206245598902,0.000989377772952362,0.0011638847548546274,-0.0005177198772240798,0.0,0.0,0.0,0.0011781998430739544,-0.000453708827499574,7.480548044344844e-05,-0.0032771111762502315,0.0001931696167701149
0.70100826,0.8259394,0.8311981,0.9375,0.90427727,0.8259394,0.94736844,0.45768723,0.4702455,0.9375,1.0,1.0,0.4702455,0.4702455,0.2594905,0.48023742,0.6112136,0.00023120452136430103,-0.0001508469094479591,-0.0012105377653132707,-0.0004015410437177988,-5.8492827060488694e-05,-0.0005342315898498798,0.000854886515381374,0.000783967758109521,-0.00014558329744877592,0.0,0.0,0.0,0.0003823511793903164,0.00010084628597174176,0.00012061608269739738,0.00012152870290831175,0.0010404834920191555
0.5175614,0.66119677,0.9396432,0.9375,0.939427,0.9276742,0.94736844,0.5419184,0.5493239,0.9375,1.0,1.0,0.5493239,0.5493239,0.37824053,0.54357076,0.6092137,-0.005741250413337531,-0.00013568232869907429,-0.0019724266819534154,-0.0002660130979611197,-0.0004845078435167063,0.00010198865832381915,0.0010664025832199963,0.0004308496413460348,6.127642471921981e-05,0.0,0.0,0.0,-0.00016540101843221888,0.0005494132176788716,0.00027537437754550256,0.0017395695147069889,0.000787913155460246
0.8486976,0.9195934,0.6956438,0.6956438,0.88959694,0.94736844,0.94736844,0.6061488,0.6180083,0.9375,1.0,1.0,0.6180083,0.6180083,0.41949052,0.6713485,0.6652137,0.004393271072323416,0.0002202559805756211,0.00019465797598978505,0.00012847436666667034,2.764212095038139e-05,6.734248451653831e-05,0.0010562861068892646,-0.0009229750658188837,0.0006816823796805629,0.0,0.0,0.0,-0.0007481911498440873,0.0006135076525918632,0.00037358358855103064,0.004161187388247091,0.0013025810910917619
0.8061976,0.822608,0.7839535,0.9375,0.6935529,0.8695136,0.94736844,0.72461057,0.7259016,0.9375,1.0,1.0,0.7259016,0.7259016,0.52449054,0.7680152,0.7252137,0.002559601008284241,4.462470228173075e-05,-0.00016049863777976972,-9.623075965817003e-05,0.0018330056629617202,7.166667434754567e-05,0.0008453511282066201,-0.0034927120178488624,0.0018434562817259594,0.0,0.0,0.0,-0.002231591828936647,-0.00024656656714158173,7.52045093820926e-05,0.004236763927853526,0.0014339096380451071
0.7431295,0.8276937,0.70667255,0.9668138,0.97322625,0.94736844,0.94736844,0.601149,0.60765463,0.9375,1.0,1.0,0.60765463,0.60765463,0.54324055,0.5502374,0.6252137,0.0013904617230927308,1.6784294824549808e-05,0.00015494430554744513,-6.294197829917887e-05,-0.0008368296951061022,6.870739082122517e-05,0.000800536295512927,-0.000874500788367694,0.0005052622164359128,0.0,0.0,0.0,-0.0006348928726133566,0.0005879566229988127,0.0001428683275379857,0.001309274510123312,0.0010154568583414006
0.62062955,0.7663541,0.5058971,0.9375,0.61617154,0.7663541,0.94736844,0.29153368,0.30611843,0.9375,1.0,1.0,0.30611843,0.30611843,0.5432405,0.15912628,0.23921356,-0.00335034590771779,-8.667537376335847e-05,0.0022533243152055124,0.0002542405920228745,0.0017947285746201325,-0.00041199538366774196,0.0006906047608440647,0.000480725173716941,-0.0010826187002593592,0.0,0.0,0.0,0.0010020729592580058,-0.0015698145587705358,0.0011857645385451334,-0.0077302268366482105,-0.0031803506606634035
0.5475613,0.78358746,0.90427727,0.9375,0.9375,0.8975317,0.71730584,0.36345688,0.36915916,0.9375,1.0,1.0,0.36915916,0.36915916,0.27449048,0.21579286,0.62721366,-0.00499808652240067,-1.339768732239198e-05,-0.0020954287189201516,-0.000492555068890124,-0.0005171719781581442,-0.00010225458495873966,-0.005353900817754387,0.0011611329958058176,-0.0004976763922010784,0.0,0.0,0.0,0.001275929834364828,-0.00043508612767070474,0.00020400643236625156,-0.005898446033782731,0.0013701647540050085
0.901387,0.9098156,0.81150985,0.81150985,0.9375,0.94736844,0.9489912,0.811149,0.8155014,0.9375,1.0,1.0,0.8155014,0.8155014,0.6357405,0.8069041,0.8382137,0.0052248969100856775,0.00048576206597483756,-0.00018245797480863303,-4.937530887395942e-06,-0.00038342482090701006,2.780065667464436e-05,0.0008574873454208526,-0.0046182764495757015,0.002391934545223283,0.0,0.0,0.0,-0.002912514093759204,-4.877882167566502e-05,-0.00014394702137580535,0.00499866633964581,0.002212916039234434
0.73312944,0.9002285,0.91715527,0.91715527,0.97322625,0.94736844,0.94736844,0.6749953,0.68486917,0.9375,1.0,1.0,0.68486917,0.68486917,0.5882405,0.68134856,0.71321374,0.0007391954252579181,6.389102011939697e-05,-0.0009477341083055295,6.412995916950009e-06,-0.000892406459594483,0.00015766508063066225,0.0011265967104170781,-0.001909189019696976,0.0008868489777560062,0.0,0.0,0.0,-0.0013126783724789638,0.0006738894109399774,4.0842187123344454e-05,0.0038016359457564886,0.0015424051264375622
0.6715763,0.78751653,0.8539617,0.8539617,0.9375,0.94736844,0.9210105,0.46076453,0.47441146,0.9375,1.0,1.0,0.47441146,0.47441146,0.5519905,0.3691262,0.45121366,-0.0013786566497539154,-0.00013311696502805038,-0.0012945875820984376,3.328091764692712e-05,-0.0004050799453943305,0.00022356915282216005,0.00010724527944798196,0.0009032418067741049,-0.00023023192115162043,0.0,0.0,0.0,0.00045871812958700865,6.497215173678759e-05,0.00030873165898334795,-0.002460583536942689,-0.000575618674119827
0.8158188,0.43617374,0.99197626,0.9375,0.9375,0.75053066,0.53247994,0.47191826,0.4853546,0.9375,1.0,1.0,0.4853546,0.4853546,0.6719905,0.34690413,0.33921367,0.003188074816869176,-0.0005037956077300426,-0.0025890271814918418,-0.0002094861985288049,-0.0004640005438261165,-0.0005497331634484761,-0.010655562102038343,0.000651997152630706,-0.00022929847496105577,0.0,0.0,0.0,0.0003140465360470494,0.0002521541080690492,0.00022767899767017457,-0.002779898037654662,-0.0016292104147163625
0.80062944,0.7947065,0.7058273,0.97322625,0.93773437,0.94736844,0.94736844,0.43153352,0.44309938,0.9375,1.0,1.0,0.44309938,0.44309938,0.40574056,0.5502374,0.2942136,0.0031232387101574575,-0.00013086760162790505,0.0001295938785801981,1.1253163352707118e-05,-0.00037502922535163864,0.00015276010922917415,0.001061618298115708,0.0012495595830859872,-0.00039557009761555223,0.0,0.0,0.0,0.0006152601031693077,0.00016773082943864664,0.00020104981867687506,0.0018423895957492423,-0.002174035789837278
0.6329401,0.5730281,0.8170844,0.97322625,0.97322625,0.94736844,0.94736844,0.39384124,0.40621343,0.9375,1.0,1.0,0.40621343,0.40621343,0.5319905,0.16801517,0.39421368,-0.0020049223499968866,7.810297052304477e-05,-0.0008273090600329818,-0.0003904687939398208,-0.0008823160566976237,0.00015661432553134278,0.0010882960658891421,0.0012720038524791138,-0.000555850768294721,0.0,0.0,0.0,0.0011020144007194135,-0.00036156714612033125,0.00037312603515413177,-0.007129870942978967,-0.0012402301977905803
0.913887,0.8609924,0.69721,0.9375,0.9375,0.8609924,0.9210105,0.6015335,0.61508167,0.9375,1.0,1.0,0.61508167,0.61508167,0.5082405,0.6846819,0.56721365,0.00618116663951897,8.32414174803364e-05,0.00010582428378157895,2.0455541493011417e-05,-0.00043258589747748066,1.9749652534644808e-05,1.6775092475992126e-05,-0.000934623994482126,0.0006304876150900741,0.0,0.0,0.0,-0.0006868191026019271,0.0006114301315797409,0.00021661116961526141,0.0038759419111939314,0.0006060935142654243
0.5183189,0.63456243,0.49916497,0.49916497,0.9375,0.94736844,0.63456243,0.43961054,0.44955486,0.9375,1.0,1.0,0.44955486,0.44955486,0.32074046,0.32134852,0.6742137,-0.005601221996197217,-0.0005347119281425009,0.001889088846022839,0.0007402317774984544,-0.00048175391471536326,0.0002460705773131556,-0.007260646630923045,0.0012016382306510524,-0.00032236006549056143,0.0,0.0,0.0,0.0007481004080787067,0.0001918815046539037,0.00046763063521798544,-0.0031704527126042966,0.0016337299991491634
0.2902508,0.7264289,0.8620851,0.8620851,0.9396432,0.94736844,0.94736844,0.4465338,0.45744726,0.9375,1.0,1.0,0.45744726,0.45744726,0.19699049,0.5335707,0.6752137,-0.014108714098659445,-0.00014821670370296196,-0.00134569117924361,-3.6489142122236074e-05,-0.0005096404239428122,0.00016689796386541063,0.0011198949279823958,0.001366163880109337,-0.0003070009118092367,0.0,0.0,0.0,0.000896856024766855,0.00022516028297094536,0.00022501248154114026,0.001242730559161435,0.0016076054313682803
0.90445507,0.8473484,0.7445528,0.99197626,0.9375,0.94736844,0.9327985,0.6476875,0.65024805,0.9375,1.0,1.0,0.65024805,0.65024805,0.5944905,0.62245965,0.6622137,0.005396559857303878,7.199089595832e-05,-9.709856196241022e-05,-3.0757977461932407e-06,-0.0003048681905005739,5.964997113472079e-05,0.0006114576507830593,-0.0013166695076709883,0.000751607213663663,0.0,0.0,0.0,-0.0008043055490895931,0.0006230260367876735,0.00022342205549714383,0.0026154123509333003,0.0012171255035294953
0.6152507,0.72259116,0.6200648,0.97322625,0.9375,0.94736844,0.8718397,0.5926875,0.60141826,0.9375,1.0,1.0,0.60141826,0.60141826,0.6019905,0.7135708,0.37921363,-0.0026557230494650115,-0.0004960188414757907,0.0004960009968221176,8.367376617835227e-06,-0.0005139661139565871,0.0001400455317399954,-0.0012045963635044965,-0.000611420433069482,0.0004913399102375003,0.0,0.0,0.0,-0.0006051449036704712,0.00042366546045366894,-5.9646022827295214e-05,0.004005176013541052,-0.0008648842709013858
0.76812947,0.7986598,0.69819623,0.8709672,0.69624597,0.94736844,0.94736844,0.42384148,0.43707073,0.9375,1.0,1.0,0.43707073,0.43707073,0.3069905,0.45579296,0.42121363,0.0022749286189406403,-0.00011344475209819646,0.00019267187838323068,0.00025160242008680824,0.0017328637290375706,0.00011649262020841808,0.0012248603102357964,0.0016164713578976744,-0.0004182610983896304,0.0,0.0,0.0,0.0008363709996012965,0.00029538291082835703,0.00021670092425041262,-0.00020693448912528236,-0.0008800472411735082
0.20256141,0.581871,0.8062838,0.99197626,0.9375,0.94736844,0.41344488,0.3619184,0.37492678,0.9375,1.0,1.0,0.37492678,0.37492678,0.25199044,0.19912624,0.62321365,-0.01576142643879383,-8.572108855838364e-05,-0.0005381719801133502,-0.0007778325693215653,-0.00037374560751917937,0.0003737962604227726,-0.012653079799724935,0.0006975072760537284,-0.0005831506719067449,0.0,0.0,0.0,0.0012970336138609761,-0.0006619943008191945,0.0005431576470052698,-0.005505871178236963,0.0011127896863194256
0.7831295,0.8507194,0.8170844,0.85603344,0.88148516,0.94736844,0.94736844,0.42268753,0.4345125,0.9375,1.0,1.0,0.4345125,0.4345125,0.48074055,0.59357077,0.27621356,0.0026189791311320345,-6.666658512819882e-05,-0.0007988677065095328,0.00015208599715249137,0.000212391439497363,0.0002574410842146721,0.001379891258595748,0.0015157732492194704,-0.0006404117503149737,0.0,0.0,0.0,0.000865662582085097,0.00016269293875451158,0.0002592317035416055,0.0021988689020651826,-0.002557026397283991
0.7333188,0.7892696,0.8498538,0.99197626,0.9375,0.94736844,0.90702903,0.50345653,0.51592344,0.9375,1.0,1.0,0.51592344,0.51592344,0.5432405,0.40801513,0.51121366,0.0012235934437616553,-0.00017952303243121592,-0.0009004689623260458,-0.0003809632577901337,-0.00047089075532839246,0.0003344005286893258,-0.00029453652051046527,0.0005861885747111145,3.011610476159013e-05,0.0,0.0,0.0,1.4591156131979546e-05,0.000351383977362043,0.0003024360788014935,-0.0011427097799476035,9.554575144163233e-05
0.6275614,0.89307725,0.8871432,0.97322625,0.9045032,0.94736844,0.94736844,0.50499505,0.51565176,0.9375,1.0,1.0,0.51565176,0.51565176,0.4132405,0.46801513,0.5382136,-0.002468255802074065,-0.00029915675214022935,-0.0015861864160983945,-0.0005218025575804123,-6.15129873238842e-05,0.0003010411731209584,0.0013096301486750519,0.0005150957629440725,-2.775937207546465e-07,0.0,0.0,0.0,2.9573529693526223e-05,0.00031253395804440914,0.00020047215455018254,-0.00026505155277802255,0.00023021572977812314
0.66256124,0.65037185,0.72070384,0.72070384,0.9657926,0.94736844,0.94736844,0.48653367,0.4966946,0.9375,1.0,1.0,0.4966946,0.4966946,0.6357405,0.59912634,0.29421368,-0.0010254419429721329,-0.0007965790263756261,0.00014629323803692462,6.476554363737612e-05,-0.0008221986501820393,5.659895457715523e-05,0.0006397814424567588,0.0009302537075318525,-8.050671295129271e-05,0.0,0.0,0.0,0.00032922432521243606,0.00038740549281555595,0.0004201099470463056,0.002485644027731709,-0.002083625977722288
0.7871445,0.81568396,0.5358205,0.5358205,0.939427,0.94736844,0.94736844,0.5657645,0.5729161,0.9375,1.0,1.0,0.5729161,0.5729161,0.43949056,0.48357064,0.69621366,0.0016344510735078475,-2.6301667841369738e-05,0.0008285362866763154,0.00017318609633820093,-0.00047151355912590655,3.900475960648173e-05,0.000830888705147193,-0.00042394711386126963,0.0002618091738432796,0.0,0.0,0.0,-0.00024228150895985818,0.00037264742540775735,0.0003242269823250681,3.8751651599684686e-05,0.0013719488547156273
0.3973719,0.8070862,0.755983,0.9375,0.9375,0.83513457,0.99324316,0.34653372,0.35680556,0.9375,1.0,1.0,0.35680556,0.35680556,0.49074054,0.22245958,0.41121358,-0.009928784094765452,-0.00016554559031056648,-0.00025734300897611363,-0.000306986433584942,-0.0004971170042766438,-0.00039099287151878243,0.002351539500344081,0.001216267486119282,-0.0005362571480045305,0.0,0.0,0.0,0.0013822457100877712,-0.0006837214415797967,0.0006914051849196866,-0.0057322483751573875,-0.0008429806635725651
0.35756153,0.46767563,0.9062,0.97322625,0.9062,0.94736844,0.94736844,0.45345673,0.46706793,0.9375,1.0,1.0,0.46706793,0.46706793,0.49199057,0.38357067,0.50121367,-0.011106170785111402,-0.00031317016372082074,-0.0019575260336649864,-0.00018979723628056094,1.3536297340334819e-05,0.00012881170186268047,0.0008405644263451278,0.0008895804280350913,-9.137002912484072e-05,0.0,0.0,0.0,0.0006051051826050063,0.0002452877634563057,0.0005571996857799987,-0.0017724193375332317,0.00014350902529307048
0.7561976,0.87464094,0.6876111,0.6876111,0.9375,0.94736844,0.90670466,0.69345665,0.7019221,0.9375,1.0,1.0,0.7019221,0.7019221,0.53074056,0.7735708,0.64621365,0.0011816899442931065,0.00027501700792798294,0.00015662439994602536,0.00016944605047267234,-0.0004284206978642703,4.392796826500643e-05,-0.00013819467585266004,-0.0021282573850532533,0.001182228056886967,0.0,0.0,0.0,-0.0014919842533263515,0.00037112289303459667,0.00016088694180041842,0.004554687953800287,0.0010247294661311238
0.5631294,0.75087833,0.8036355,0.8036355,0.88596326,0.94736844,0.94736844,0.48961052,0.49747247,0.9375,1.0,1.0,0.49747247,0.49747247,0.6769905,0.25245965,0.5652137,-0.004414967005491697,-0.0002330656511333987,-0.0005028831671732147,0.00015241762853092567,0.0002878768614644225,0.00025083107181240793,0.0011545350170013844,0.0009285849773120027,-0.0001709529508234286,0.0,0.0,0.0,0.0004151984781651528,0.00023437004381286514,0.0003764787039370969,-0.004975194730217297,0.0005058363201029333
0.47138694,0.5926183,0.7331813,0.7331813,0.9375,0.94736844,0.5926183,0.59614915,0.5970909,0.9375,1.0,1.0,0.5970909,0.5970909,0.48324054,0.4946819,0.7212137,-0.006549242871117341,-0.0006584180748341674,0.00012673329344168934,0.0002954370761097133,-0.0004049025894490746,0.00017581291836970354,-0.008510909447440896,-0.00017110749557446473,0.00036061507200404715,0.0,0.0,0.0,-0.0007383688037783862,0.0006661788629797577,0.000178059762701452,0.00040319421698790757,0.0017752932348939748
0.87081885,0.8069667,0.5811853,0.9375,0.56339103,0.8069667,0.94736844,0.5080723,0.51925737,0.9375,1.0,1.0,0.51925737,0.51925737,0.5119905,0.5113485,0.46121368,0.004902365490369118,-0.00010278233028345273,0.0009696558835804295,9.390461209009834e-06,0.00352069655187612,-3.1994771656911057e-06,0.0009155502209658889,0.0008991140262326276,-2.401823840533824e-05,0.0,0.0,0.0,0.0002559983319573246,0.0005085769464723998,0.00042992888164927745,0.0008441764960326203,-0.0002807620055315399
0.46756136,0.82931,0.8205808,0.8205808,0.9375,0.94736844,0.8278509,0.53653365,0.5446812,0.9375,1.0,1.0,0.5446812,0.5446812,0.60824054,0.38468182,0.5912137,-0.007776738526183399,-0.00014205928442765126,-0.0007460998239538389,-3.057031608106525e-05,-0.0005368487370141403,0.000159434816800854,-0.002496002579994287,0.0005660787357474962,-3.964768851403358e-06,0.0,0.0,0.0,-1.7901765121721978e-05,0.00046671391667724236,0.00015191105192519737,-0.0017895034199217348,0.0006099576993309373
0.82812953,0.859315,0.8898619,0.8898619,0.90427727,0.94736844,0.94736844,0.45768753,0.46513134,0.9375,1.0,1.0,0.46513134,0.46513134,0.2294904,0.5113485,0.6402136,0.004139694888549879,-0.00011211967805191594,-0.001469098753623224,-6.922855577081522e-06,-0.00025451301127693614,0.00018660594878479035,0.000542784107411646,0.0013001784532867752,-0.00022350593548638284,0.0,0.0,0.0,0.0005750318709971985,0.0004024417034833591,0.00028151491161564556,0.0007766108075081896,0.0014791134204472237
0.8440764,0.90496266,0.6706239,0.6706239,0.9375,0.94736844,0.90702903,0.569226,0.58081937,0.9375,1.0,1.0,0.58081937,0.58081937,0.48449045,0.57245964,0.5912136,0.0035210151801293383,6.384790247780367e-05,0.00036113806858514125,0.00022877451760774698,-0.0004959332964482631,0.0001385024525496486,5.825064281385545e-05,-0.0005779520250660032,0.0002851550516172104,0.0,0.0,0.0,-0.0005015701374391475,0.00033575297740737116,0.00010322837637653228,0.0018158878022646202,0.0004904108732773642
0.7835081,0.7460798,0.85064363,0.87302923,0.84777254,0.94736844,0.94736844,0.5907644,0.6033372,0.9375,1.0,1.0,0.6033372,0.6033372,0.63699055,0.406904,0.7042137,0.0021705006281454433,-0.00026202741673331476,-0.0007649304184500691,5.1616856747740076e-05,0.0005985929920946357,0.00011329165488880091,0.0006093985451446404,-0.0008301105663869918,0.0005760862787320993,0.0,0.0,0.0,-0.0007227899547072677,0.0006030148841323802,9.387787358457102e-05,-0.0009399253533786233,0.0017040173003043796
0.6056294,0.7099091,0.5351873,0.5351873,0.97322625,0.94736844,0.94736844,0.3026877,0.3156096,0.9375,1.0,1.0,0.3156096,0.3156096,0.4832405,0.17801507,0.35121363,-0.0033351119082108364,-0.0002849009453884519,0.0016273994708511752,0.00021257370535879036,-0.0005217111696309332,8.538331348174832e-05,0.0007865202403149616,0.0009169301977893789,-0.001358056683309193,0.0,0.0,0.0,0.0011905487769713666,-0.0012595357119722511,0.0006268087393835697,-0.0070476043070474515,-0.0021093299307948913
0.5277508,0.7947065,0.8662008,0.93370897,0.90427727,0.94736844,0.94736844,0.41114897,0.42357314,0.9375,1.0,1.0,0.42357314,0.42357314,0.35699046,0.43690407,0.43321362,-0.005526023179754533,-0.00016049915467562182,-0.001671741795101368,-0.00015600139363244336,-9.82508927458172e-05,0.0002475300829358715,0.0012791970729790789,0.0012121169806838888,-0.0002913288239473701,0.0,0.0,0.0,0.000884042427324786,-4.156315707484037e-05,0.00036119823813070886,-0.000786811856700781,-0.0006290689638644687
0.87926567,0.8260413,0.73024917,0.73024917,0.9375,0.94736844,0.90371996,0.72884125,0.7375339,0.9375,1.0,1.0,0.7375339,0.7375339,0.6069905,0.66357076,0.8892137,0.004786816831996347,-3.334177973525346e-05,-3.290592708017362e-05,0.00025358848432385144,-0.00034329919725441797,0.0001054868321859527,0.00028993190223824126,-0.003097263472672116,0.0016805253437349168,0.0,0.0,0.0,-0.002130359516892182,0.00016806888693440082,-0.0001377570437237373,0.002978705569914839,0.0026669647672758917
0.87195504,0.9276742,0.48642677,0.48642677,0.9375,0.94736844,0.8913406,0.6334568,0.6435026,0.9375,1.0,1.0,0.6435026,0.6435026,0.4807405,0.49134848,0.78421366,0.004041726572318425,0.0003942550771986425,0.0011537586054829075,0.00017485531725004526,-0.00046511671601388334,-4.116468425538963e-06,-0.0006713688577001872,-0.0011828823757034886,0.0007656096497709413,0.0,0.0,0.0,-0.0007732038175590259,0.0006370557890272344,0.00035765514458031107,0.00044673667254136726,0.0022347279672966223
0.6608189,0.7986598,0.84983134,0.97322625,0.9375,0.94736844,0.9774537,0.4211489,0.4325053,0.9375,1.0,1.0,0.4325053,0.4325053,0.09199047,0.60912627,0.54421365,-0.0004125369882665009,-0.00030898038595752575,-0.000982776381936704,-0.00035810044652172024,-0.00042917848249568284,0.00029851272727375887,0.0027240743382265396,0.00114518541417847,-0.00029157075499647696,0.0,0.0,0.0,0.0006774391385930769,5.9028178878047646e-05,-0.0002308858095307667,0.0034745179018057766,0.0005177745617992935
0.77119756,0.7735127,0.39716095,0.39716095,0.9062,0.94736844,0.94736844,0.34499535,0.35904884,0.9375,1.0,1.0,0.35904884,0.35904884,0.27949047,0.48023733,0.28321362,0.0024198959676944493,-0.00011515506810967773,0.002976736530400081,-0.0011045021324665293,3.121526801126158e-05,-4.136420576773027e-05,0.000764595272050044,0.0015698750863757118,-0.0013449507677803277,0.0,0.0,0.0,0.0009926207300718852,-0.00034222485879078655,-0.0009132231097517103,0.00020048354616001408,-0.0032198870941364706
0.893887,0.81938297,0.50735,0.50735,0.84446114,0.94736844,0.94736844,0.4726875,0.48506343,0.9375,1.0,1.0,0.48506343,0.48506343,0.41949058,0.5102374,0.37921363,0.005105506836301992,-3.145583852527945e-05,0.001567383799703784,3.493539589096315e-05,0.0005115158550686873,5.4177294643808355e-05,0.0008845055925049847,0.001221435515868534,-0.00013072108611792246,0.0,0.0,0.0,0.00044075966991026353,0.00031446079898175106,0.00044228214218325313,0.0007014278119650992,-0.0010755772009901792
0.39294016,0.6205577,0.79136,0.9062,0.9375,0.94736844,0.57680464,0.2611492,0.2756644,0.9375,1.0,1.0,0.2756644,0.2756644,0.32074046,0.1791262,0.32421368,-0.010817345003440525,-1.8602122606389114e-05,-0.0009149697963674185,1.9726902764686465e-05,-0.0002812321288781023,6.151274888111125e-05,-0.007628529022702994,-3.235028547007587e-05,-0.0012166540730048643,0.0,0.0,0.0,0.0013502030706619434,-0.0017821091533148118,-0.0003202488297716037,-0.007226229338987018,-0.0022168700681327426
0.8210082,0.8076136,0.7449942,0.939427,0.9375,0.94736844,0.8856222,0.716149,0.7232419,0.9375,1.0,1.0,0.7232419,0.7232419,0.6307405,0.7835708,0.6162137,0.00276851053039805,-7.391490439453773e-05,-2.4379915909668663e-05,-0.00020118015161576616,-0.0002253876741823975,4.871291475251949e-05,-0.0009667466716490563,-0.0029888968679589356,0.0015046949848389335,0.0,0.0,0.0,-0.0019506815663660458,-1.4560569866870584e-05,-0.000317173514172627,0.004622778311870631,0.0005612590276646372
0.5825613,0.7470993,0.85757273,0.9375,0.93370897,0.7470993,0.94736844,0.49922577,0.50854987,0.9375,1.0,1.0,0.50854987,0.50854987,0.53074056,0.57579297,0.41821367,-0.004170130946773292,-9.089562536122995e-05,-0.00106777086438777,-0.00040276570681817834,-0.0003591886712490149,-0.0009056286158954324,0.0006416120040521994,0.0006464511377695827,-0.0001653341213050736,0.0,0.0,0.0,0.00024050532479399713,0.0002356220319699509,0.0002263337705249947,0.0016809991384359488,-0.0008424371871637394
0.81850827,0.86317396,0.7246553,0.7246553,0.9005603,0.94736844,0.94736844,0.4634568,0.47367534,0.9375,1.0,1.0,0.47367534,0.47367534,0.4257406,0.30801508,0.66421366,0.0040687689826536646,-0.0002478612281281038,1.8372191815431634e-05,0.00035662560840548794,-0.0002637557532973771,0.00024832866998735604,0.0014700553867983465,0.0012731050628552298,-0.00017089611814121754,0.0,0.0,0.0,0.0003796345183598136,0.0003500007902398629,0.00041777703289818524,-0.0031549078292520895,0.0015868767700003453
0.42275068,0.5801893,0.70401704,0.70401704,0.8729616,0.94736844,0.94736844,0.2188414,0.23331846,0.9375,1.0,1.0,0.23331846,0.23331846,0.37074053,0.11023744,0.28421372,-0.010216689417813663,-0.00031488450425548695,-0.00010620854039766605,0.0003572780937333587,0.00014086625319129656,1.398057375053899e-06,0.0009559848878317806,-0.0010137429064373336,-0.0017608850182441037,0.0,0.0,0.0,0.000783208459740896,-0.0025820399701268685,-0.0005063690684892109,-0.008404703686245341,-0.0031917524440342126
0.40775073,0.64211553,0.67461044,0.67461044,0.9375,0.94736844,0.9774537,0.47461054,0.48512676,0.9375,1.0,1.0,0.48512676,0.48512676,0.5082405,0.39134842,0.5712136,-0.00905305927566609,-0.00035172697029541575,0.0005412488467847728,0.0004484776686709692,-0.0003303083884139496,0.00019963079256627748,0.001944204181410824,0.0009451733115999544,-1.1045412100771182e-05,0.0,0.0,0.0,0.0002894928476290288,0.00030808634267530464,0.0005292430136189331,-0.0013355766724520409,0.0006660689279178124
0.47081894,0.6381118,0.97322625,0.9375,0.9375,0.84890395,0.68779665,0.37961066,0.3901357,0.9375,1.0,1.0,0.3901357,0.3901357,0.52449054,0.40134844,0.31821364,-0.007350742651657634,-9.751559582775494e-06,-0.0025925572869979537,-0.0003753775648932641,-0.0002961775755107184,-0.0003085862753748058,-0.0059215604111583445,0.0007354892154694464,-0.0004515625815902664,0.0,0.0,0.0,0.0011152470211577268,-0.00037831476879012784,0.0003863029866520701,-0.0017446093603752405,-0.0017546994991232926
0.74581885,0.8079648,0.8871432,0.8871432,0.9375,0.94736844,0.9774537,0.6880721,0.6962011,0.9375,1.0,1.0,0.6962011,0.6962011,0.7032405,0.65357083,0.61521375,0.0006237556645895503,-9.834246095582673e-05,-0.000681224764224432,1.2626257937871053e-05,-0.0005629258270581087,2.5794318145999153e-05,0.0013083201716061654,-0.0019644923242835804,0.0009794500336239127,0.0,0.0,0.0,-0.001412158454776556,0.0004892910122164325,-0.0003272433874147653,0.002664482047201155,0.0007977673060413581
0.77619755,0.73138237,0.8671419,0.9375,0.9375,0.86317396,0.79976654,0.54691845,0.55873317,0.9375,1.0,1.0,0.55873317,0.55873317,0.50449055,0.6435707,0.42621365,0.0028319714583413145,-0.0003631353389389573,-0.0009429194004033809,0.0001245140509121068,-0.0004109828446017856,0.00012095615579158898,-0.002157020725420995,0.00023082897064005014,0.000359112302616254,0.0,0.0,0.0,-0.0003029192565940052,0.0005676180870512281,0.0004992412181852243,0.0034869503960827924,-0.0007431783796499469
0.8940763,0.7911047,0.60156465,0.9375,0.9375,0.7911047,0.9774537,0.5480721,0.560736,0.9375,1.0,1.0,0.560736,0.560736,0.6357405,0.48023733,0.49621373,0.006162585521822636,-0.00015924037405127005,0.0008397775024193598,-3.804330287817751e-05,-0.00032448504747994956,-5.499236470441267e-05,0.002113213682264483,-0.00015685573023045002,0.00027632304927215507,0.0,0.0,0.0,-0.0004226502625128813,0.000582763910333179,3.356667042168866e-05,0.0007151810678803523,-8.309340300938356e-06
0.6231295,0.80859274,0.5890426,0.9375,0.61626565,0.9774537,0.94736844,0.21653381,0.23110802,0.9375,1.0,1.0,0.23110802,0.23110802,0.30949044,0.15468174,0.27221364,-0.0027315335538795286,-3.9479417536803925e-05,0.0015795824083694198,0.0006223918021856583,0.00055817013590773,7.23182152374309e-05,0.0003984667082658386,-0.0011432764001893393,-0.0019688236981482785,0.0,0.0,0.0,0.00035912603391036906,-0.003010172093874098,-0.001029799173909513,-0.008321500437950127,-0.0033911624022614885
0.80850816,0.8742325,0.6143633,0.6143633,0.93773437,0.94736844,0.94736844,0.5069184,0.518788,0.9375,1.0,1.0,0.518788,0.518788,0.33699048,0.65468186,0.4112137,0.0025617008665462437,0.00011081835516611627,0.00071901414334558,9.090214631500706e-05,-0.0005775381075216251,8.997519612213685e-05,0.0009790919102215792,0.0009728016781815461,-3.652917814921379e-05,0.0,0.0,0.0,0.0003057577727533063,0.0003996844216441746,0.0005423757971182768,0.0030662966423757655,-0.0007887551315098339
0.5927508,0.8351259,0.83386314,0.83386314,0.97322625,0.94736844,0.94736844,0.3323027,0.34445277,0.9375,1.0,1.0,0.34445277,0.34445277,0.18324053,0.37245962,0.44321364,-0.0035628283953112877,7.135210462017385e-06,-0.0013866354695241843,0.00020177957334454363,-0.00045188027335903326,7.099041474377072e-05,0.0005943557379196637,0.0005250990748428911,-0.0007324314845297511,0.0,0.0,0.0,0.0009201443475120431,-0.0009829298018342219,-0.0013341387886072662,-0.0023677365047619124,-0.0004725883423473348
0.3656294,0.80094016,0.5480402,0.5480402,0.9375,0.94736844,0.8326188,0.49037963,0.4970255,0.9375,1.0,1.0,0.4970255,0.4970255,0.5457405,0.50023746,0.42621365,-0.010807838001577596,-0.0002043824354180139,0.0013814311831108735,0.0006978609199153037,-0.0004909987341854568,0.00020149249544264053,-0.0025428680307703726,0.0009653159192689434,-0.00012066918696845143,0.0,0.0,0.0,0.0003526238888267285,0.0002999218029953605,0.00029575016248979967,0.0005316116028827345,-0.0007114326265644053
0.5533188,0.7715527,0.7623617,0.7623617,0.9375,0.94736844,0.9711938,0.5796105,0.5863589,0.9375,1.0,1.0,0.5863589,0.5863589,0.6044905,0.54134846,0.5462136,-0.003643281349334529,-0.00026877887755625234,-0.00014050190736026056,0.00021634298800435323,-0.00041686548986893577,0.00012925154553620845,0.001533856063608286,-0.0002736857404633953,0.0003829546878309832,0.0,0.0,0.0,-0.0005384589158962486,0.0005276970551167328,7.183490110025026e-05,0.0014808094524892737,0.0002874155226400918
0.7708188,0.6644762,0.40752566,0.9375,0.40752566,0.6644762,0.94736844,0.32961053,0.34209144,0.9375,1.0,1.0,0.34209144,0.34209144,0.4269905,0.3624596,0.26021367,0.0019041827281633284,-0.00043260175263141483,0.0032508434138126653,0.0003194841690365924,0.002488912137272318,-0.00013178783018764768,0.0006601159450878466,0.0013162504165737871,-0.001158003757250822,0.0,0.0,0.0,0.001198545096836855,-0.0006329541366486522,0.0005064395831396621,-0.0024453608119047957,-0.0028638385222589224
0.6433189,0.64873195,0.7619966,0.81436783,0.7441156,0.94736844,0.94736844,0.5392258,0.5492758,0.9375,1.0,1.0,0.5492758,0.5492758,0.52074057,0.44023737,0.58521366,-0.0014538134039118941,-0.0007665125034017829,-7.629763962962554e-05,0.00018855347574550042,0.001395539554447525,0.00011778867543040389,0.001210771883877165,0.0004405843685985346,0.00023980124476198592,0.0,0.0,0.0,-0.00013583798065935497,0.0005194252435090443,0.0004192811345522179,-0.00011687842687791897,0.0007443038691962299
0.8229401,0.77358353,0.7756861,0.9375,0.93773437,0.77358353,0.94736844,0.6534567,0.6642348,0.9375,1.0,1.0,0.6642348,0.6642348,0.6719906,0.70023745,0.5202136,0.0035256336535352036,-0.0002419236077799428,-2.9246142753715615e-05,-0.00013567176855074564,-0.00035946309213102695,-4.608179769783803e-05,0.0006545355773721847,-0.0014697670498431562,0.0009412037123576034,0.0,0.0,0.0,-0.001122935142114539,0.0005056627748606045,-6.997492625666665e-05,0.0037406203815723623,7.228888408499771e-05
0.7283188,0.8771792,0.7498443,0.7498443,0.9396432,0.94736844,0.94736844,0.5076876,0.5198941,0.9375,1.0,1.0,0.5198941,0.5198941,0.36199057,0.57912636,0.50121367,0.0013494847283976308,-4.192006784180798e-05,7.2019019901821e-05,0.00020573824746938126,-0.0004007991743374529,0.0002569393916370174,0.0016345366022273828,0.0008115521777081439,0.00010524239859985957,0.0,0.0,0.0,8.084640991777158e-05,0.0005194681469798812,0.00037060863792421337,0.0025791748943854885,0.00015800550993007507
0.65600824,0.4167528,0.9062,0.9375,0.9375,0.7259256,0.38538057,0.08999531,0.10480061,0.9375,1.0,1.0,0.10480061,0.10480061,0.18324053,0.073570676,0.1662136,-0.002330941865435145,0.00034310892544508976,-0.002114124304718374,3.6678095237966544e-05,2.0226502711353962e-05,-0.00017447979385645248,-0.010656563530012883,-0.002257705283376417,-0.002285291362602734,0.0,0.0,0.0,0.0013608410607991602,-0.004315228127423645,-0.0027441890689911363,-0.009836651992664229,-0.004841316770712254
0.7363869,0.8544867,0.6483263,0.9375,0.97322625,0.88811946,0.94736844,0.45807222,0.4716243,0.9375,1.0,1.0,0.4716243,0.4716243,0.37574053,0.4257929,0.58521366,0.0012602717320197203,-0.00021144839922908936,0.0007397734819023163,-0.00028993326450186223,-0.0009910473019909935,-4.267461982157293e-05,0.0008735799693707358,0.001195202636740293,-0.00016000720087605363,0.0,0.0,0.0,0.00046872905001389405,8.682224302688838e-05,0.00039502724616578263,-0.0011634298878020453,0.0006673504218773077
0.75025076,0.7756545,0.7046373,0.7046373,0.9375,0.94736844,0.759558,0.43307203,0.43968105,0.9375,1.0,1.0,0.43968105,0.43968105,0.3969906,0.36023745,0.5282137,0.0017587705395306636,-0.00022648481012043837,0.00035537439215397855,0.0003753117464772009,-0.0005134056297767363,0.0003078280958599886,-0.0035924535836878925,0.0012683164911767913,-0.0004791674113224648,0.0,0.0,0.0,0.0008211947545517934,3.605548073189877e-05,0.0002846750890495768,-0.00273261052807762,0.00013979968861220124
0.45794013,0.73675555,0.6473994,0.6473994,0.9375,0.94736844,0.99324316,0.36576447,0.37368262,0.9375,1.0,1.0,0.37368262,0.37368262,0.47699058,0.23245949,0.50521356,-0.007759174509186566,-0.00021733733467184165,0.0007451818939546956,0.000501506211504372,-0.0001880035816759394,0.00019100767250181027,0.0027197059310501946,0.001000852826042438,-0.0005594833760644058,0.0,0.0,0.0,0.0010335746491850152,-0.0004652814085574328,0.0008872551300502597,-0.0052751851952077215,0.0003300593891996252
0.45525068,0.6451188,0.939427,0.9375,0.9375,0.9210105,0.7630649,0.439226,0.45108187,0.9375,1.0,1.0,0.45108187,0.45108187,0.3282405,0.5235707,0.45121366,-0.008318944199399006,-5.688591912318899e-05,-0.0021048575387486164,-0.0002779167276080999,-0.0004596152566663147,0.0001037979123181914,-0.00419643914136815,0.0009850613526211295,-0.0003453008872283158,0.0,0.0,0.0,0.0008653635488328365,4.66056207523794e-06,0.0002980973863118944,0.0008624837085605436,-0.0006712920817997322
0.7479402,0.3128432,0.8871432,0.8871432,0.9375,0.94736844,0.3128432,0.43153366,0.44328758,0.9375,1.0,1.0,0.44328758,0.44328758,0.38074058,0.4191263,0.55221355,0.0019226279271458853,-0.0017804026332495096,-0.0014010091401073235,0.00019470128410032725,-0.00011513859403941118,0.0001394368527400809,-0.01633260512034865,0.0012182525884577556,-0.0005607417701951602,0.0,0.0,0.0,0.0007789204129200417,0.00038769147349064807,0.00027760001094155585,-0.0009701662640372728,0.00036324475147598683
0.7827507,0.851229,0.7077908,0.7077908,0.9375,0.94736844,0.9491732,0.53807217,0.54785776,0.9375,1.0,1.0,0.54785776,0.54785776,0.50699055,0.46912628,0.60021365,0.002711415449876038,-2.5712094605372748e-05,0.0001963453731773827,0.00025776258155433196,-0.00044819593088630096,0.00018025055206779362,0.001620774507059023,7.334356862175364e-05,0.0002205513233055635,0.0,0.0,0.0,-0.00022752487817932792,0.00041953386705832123,0.0002995709984611983,-3.833239021728801e-05,0.0008261956643790722
0.83350825,0.878765,0.6682469,0.6682469,0.91411304,0.94736844,0.94736844,0.40153372,0.41037807,0.9375,1.0,1.0,0.41037807,0.41037807,0.46949053,0.32690397,0.4702136,0.0036172415806250903,-8.501764664382578e-05,0.00039635082963520625,0.00037986444825884464,-0.0003756178901677317,0.00022049530026402517,0.0009847739498606487,0.0018633028697084477,-0.0007056543777574577,0.0,0.0,0.0,0.0010776923545671958,0.00016286320146593258,0.00046270115468081643,-0.0030167846252354778,-0.0003507796671318024
0.83907634,0.8437318,0.6620937,0.9657926,0.7848083,0.94736844,0.94736844,0.63768744,0.63839793,0.9375,1.0,1.0,0.63839793,0.63839793,0.8644905,0.5546819,0.5102137,0.0036088813958513126,0.0001430111591493939,0.00014300413661520874,4.6108956160252516e-05,0.0011408135849317919,7.967395198940561e-05,0.0011365523318469855,-0.0015290632087860657,0.0008209589391709141,0.0,0.0,0.0,-0.0010534417816758274,0.0003382384475276286,-0.0007753148158847399,0.0015587609816446254,5.2140396396791814e-05
0.67581886,0.83601564,0.79343295,0.9375,0.9375,0.9276742,0.9774537,0.5565335,0.5634494,0.9375,1.0,1.0,0.5634494,0.5634494,0.6894905,0.40912616,0.64421374,-0.0005237291463653549,-0.00024118604802938204,-0.00029452632084010923,-0.000357617842055905,-0.0006095682657367696,0.00020496244880291906,0.0017764290674368063,0.00035732758381417485,4.40641614949157e-06,0.0,0.0,0.0,-8.372308689834899e-05,0.0006120225603693744,-4.436916487706135e-05,-0.0013438620181573536,0.0008020497289436713
0.5800614,0.83313066,0.913646,0.9375,0.9045032,0.8908824,0.94736844,0.42691833,0.43508834,0.9375,1.0,1.0,0.43508834,0.43508834,0.33699048,0.38468182,0.55521363,-0.0040221347750451645,-0.00011536341922749023,-0.002230953648824494,-0.00035764413487616287,-0.0002911451618299253,-0.0001738275294853408,0.000603529394937741,0.0010345266289658037,-0.00022463052124752048,0.0,0.0,0.0,0.0008209926655141056,-0.00011264556310288493,0.000268204433293978,-0.0021859425400127526,0.0005524728666988533
0.7638869,0.68363684,0.64620376,0.9375,0.64620376,0.68363684,0.94736844,0.6342259,0.6423359,0.9375,1.0,1.0,0.6423359,0.6423359,0.5032405,0.70912635,0.58521366,0.0018341939820344846,-0.0006328130201451172,0.00044549874556888263,-6.653280179434768e-05,0.002263986082421745,-0.0001089266021806877,0.0010701400241564362,-0.0012385043390759493,0.001077006036100665,0.0,0.0,0.0,-0.0011325354938538622,0.0004152074275117039,0.00037780611418192103,0.004209794961779959,0.0007714431683726143
0.811387,0.79269487,0.5220085,0.5220085,0.870967,0.94736844,0.94736844,0.48845658,0.50294054,0.9375,1.0,1.0,0.50294054,0.50294054,0.25199044,0.56912637,0.5602137,0.002950528444758091,-0.00016251535840087724,0.0012966647542801187,0.00011899988303027145,0.0001337056992121613,4.025836036899454e-05,0.0009795747442535529,0.0010666453727433132,-5.412034637807294e-05,0.0,0.0,0.0,0.0003638792060863503,0.00041591177130327747,0.000547669052401957,0.001632573006597146,0.0006141807389675577
0.63812953,0.8475258,0.6663165,0.9062,0.99197626,0.94736844,0.94736844,0.47153383,0.4836949,0.9375,1.0,1.0,0.4836949,0.4836949,0.39824057,0.5113485,0.42221364,-0.0021317326683253195,-0.0002020017226946488,0.0005131373419491717,-0.0001665796640320536,-0.0012122672545841525,0.0001993075867530131,0.000945557195843744,0.0012505361612194182,-0.0002573150798125073,0.0,0.0,0.0,0.0005427854175662282,0.00016888288290864577,0.00044066020474224253,0.0006244187181163208,-0.0007913411904384229
0.68006134,0.8437318,0.8671419,0.8671419,0.97322625,0.94736844,0.94736844,0.50653356,0.51617086,0.9375,1.0,1.0,0.51617086,0.51617086,0.6257405,0.50245965,0.4082137,-0.0006820238096797587,-0.00016718631416137567,-0.0012755331245536002,5.2692940916430114e-05,-0.0009555192438018883,0.00022893680969302306,0.0008191581998832781,0.0007874050844695617,3.659742333801657e-05,0.0,0.0,0.0,0.00015966075108925787,0.0005398059765182048,0.0006028025021013867,0.0008377873525943917,-0.0007832792669885029
0.7858189,0.82946134,0.75137764,0.8924765,0.71401167,0.94736844,0.94736844,0.5984566,0.6081236,0.9375,1.0,1.0,0.6081236,0.6081236,0.56074053,0.49468178,0.72321373,0.001612193227527563,-5.7892640688613423e-05,-9.225558917075358e-05,5.58654907773473e-05,0.0018661549782475653,5.948220381987723e-05,0.0008086085879679447,-0.0005251471287969719,0.00035106521602562763,0.0,0.0,0.0,-0.0004547868815762201,0.0004636088728280405,0.00014395546634086675,6.164608964495693e-05,0.001569144040967964
0.644872,0.77160966,0.88566744,0.93370897,0.9375,0.94736844,0.9210105,0.6142258,0.62467724,0.9375,1.0,1.0,0.62467724,0.62467724,0.6482405,0.70023745,0.47621363,-0.0012166100921334013,-0.0002810112308793173,-0.0006724400826487667,6.98813987544902e-05,-0.00037903224239182,6.734714741019103e-05,0.00024453990665001006,-0.0007208403121971694,0.000510531828265875,0.0,0.0,0.0,-0.0007891636326150111,0.00045088416956159374,-0.00013056049463416275,0.0038717452432954448,-0.0003513863546345496
0.67350817,0.84891015,0.7661869,0.7661869,0.90427727,0.94736844,0.94736844,0.61499524,0.61892396,0.9375,1.0,1.0,0.61892396,0.61892396,0.3582405,0.53245956,0.84521365,-0.0006549516304805314,-4.948016903690675e-05,-5.033309689068472e-05,0.0001387480539041898,-3.5103881208235904e-05,0.00016414918931218248,0.001157660013891866,-0.0008211170818782811,0.00037216576951714736,0.0,0.0,0.0,-0.0006022322255934785,0.0005589364964983296,0.00040147256389037487,0.0008613512990565428,0.002303590851863774
0.7604401,0.6927084,0.8709672,0.97322625,0.97322625,0.94736844,0.94736844,0.45345673,0.46600905,0.9375,1.0,1.0,0.46600905,0.46600905,0.5319905,0.42801517,0.44621363,0.001827220057255276,-0.00026616038747062783,-0.0012362240599959088,-0.00010199908571390056,-0.0007898519205039933,0.00022559158148681896,0.0012014796883653997,0.0011520350013034348,-0.00023265367480501412,0.0,0.0,0.0,0.0004657263573990085,0.00026740623087528306,0.00044026689484041843,-0.0010649096726430684,-0.0004256083394535067
0.6450613,0.84957707,0.93370897,0.93370897,0.9375,0.94736844,0.77891886,0.63268757,0.6417361,0.9375,1.0,1.0,0.6417361,0.6417361,0.31449056,0.74245965,0.6872137,-0.001776158803212084,-8.825491059950908e-05,-0.0012353363515550664,-1.4951363922828428e-05,-0.0006347756478154498,0.00020722075467210685,-0.003179091744580335,-0.0008190656684759831,0.0006390398731698436,0.0,0.0,0.0,-0.0008620860806684115,0.0006869606077624762,0.00041903508151602315,0.004989788694201373,0.0014971589570061008
0.5763869,0.78751653,0.70369864,0.9375,0.9375,0.78751653,0.9365335,0.31268752,0.32766402,0.9375,1.0,1.0,0.32766402,0.32766402,0.2657405,0.40912616,0.3492136,-0.004178665121413327,-5.703733487689083e-05,-0.00013130801682258254,-0.00013875216026863166,-0.00018614761311695595,-0.00065890829496875,0.0009311931189828268,0.0007947355979407378,-0.0007090524415440194,0.0,0.0,0.0,0.001243265834932375,-0.000974967446457193,-0.0004244905313800571,-0.0013996869414075555,-0.0014679149773855122
0.554872,0.65064144,0.85391116,0.85391116,0.9375,0.94736844,0.70296246,0.45576447,0.46815172,0.9375,1.0,1.0,0.46815172,0.46815172,0.5307405,0.2791263,0.5702136,-0.004741401680597681,-0.00014055584278483682,-0.0011925543489323467,-2.828734218153495e-07,-0.0003931428449648409,0.00021269600050700013,-0.00589023918813818,0.0007731508722765507,-0.00015755205089111263,0.0,0.0,0.0,0.00043253510986279915,0.00018797993182903164,0.0003414379357865219,-0.004039140956094823,0.0006874528488902071
0.6958189,0.8368149,0.8830454,0.8830454,0.9375,0.94736844,0.99324316,0.38230264,0.3931788,0.9375,1.0,1.0,0.3931788,0.3931788,0.40574056,0.22245958,0.53221357,-0.0008226193102407392,-0.00021800003913837566,-0.001689758107438779,-0.00020450526259104085,-0.0006281099217795233,0.0003094129429711712,0.0019130391700085247,0.0015138962063281011,-0.0006018080895831186,0.0,0.0,0.0,0.0012564337859644543,-0.00040208056124747403,0.000341842636456251,-0.006119096528128591,0.0001679148293904397
0.7631295,0.83912176,0.6283708,0.6283708,0.9375,0.94736844,0.86317396,0.45961043,0.4716601,0.9375,1.0,1.0,0.4716601,0.4716601,0.14199042,0.7546819,0.4282136,0.001789295333818314,8.661975672888148e-05,0.0007013105269627891,-1.6270420003423099e-06,-0.0003410516947831824,0.0001101217731456381,-0.0009631227017899435,0.001303296784195051,-8.767317596076351e-05,0.0,0.0,0.0,0.0005850252342786015,0.00043323749717925333,2.9285132593053312e-05,0.005758643745399869,-0.000532012691415499
0.5279402,0.8176692,0.90427727,0.97322625,0.93773437,0.94736844,0.94736844,0.5438413,0.5561194,0.9375,1.0,1.0,0.5561194,0.5561194,0.6019905,0.57579297,0.47721368,-0.004915777548195734,-0.00022693318631516218,-0.0013239892926984389,-0.00038202596360700986,-0.0004813993590388316,0.0001925325258071571,0.0013229472292657105,0.0004935495422210166,0.0002136767123867779,0.0,0.0,0.0,-0.00021950780052446743,0.0006886514550878789,0.00041650331245746976,0.0023619056612399973,-9.99324851605958e-05
0.68331873,0.8227542,0.8210138,0.8210138,0.8729616,0.94736844,0.94736844,0.29614905,0.309042,0.9375,1.0,1.0,0.309042,0.309042,0.37824053,0.39134842,0.1782136,-0.00021995899401369202,-6.471658100413679e-05,-0.0012294633627603479,0.0003654821725347554,0.0001383790824534468,0.00010243279045885775,0.0007466247119440025,0.0007251081133113838,-0.0012096181124512393,0.0,0.0,0.0,0.0010949641256998406,-0.0012003175737786518,0.00024141559537954903,-0.0018787906425439065,-0.004089553395680816
0.756387,0.37453312,0.90427727,0.90427727,0.93773437,0.94736844,0.94736844,0.38307205,0.39658856,0.9375,1.0,1.0,0.39658856,0.39658856,0.40074056,0.4891262,0.2782136,0.0020387880584008945,-0.0014269727535200772,-0.001660711996821824,0.00031469655628665145,-0.00020860958742972724,6.270087094040907e-05,0.000994405049072815,0.001684804135932231,-0.0006976320895668262,0.0,0.0,0.0,0.0011266711473036895,0.00024245822544959297,0.000410593512635848,0.0006006451296502944,-0.0026696548496364736
0.8658189,0.8261166,0.62833226,0.62833226,0.9375,0.94736844,0.99324316,0.6369182,0.64339286,0.9375,1.0,1.0,0.64339286,0.64339286,0.6482405,0.70023745,0.5452137,0.004358080599595452,-3.695991226205821e-05,0.00041772862676271033,0.00012865372818818207,-0.0006088166334244543,7.042197481970977e-05,0.002640354807232992,-0.0012089427350777818,0.0008007389198252193,0.0,0.0,0.0,-0.000987102789554953,0.000548416739105732,6.782114659644622e-05,0.003967470197600357,0.0004239439411381856
0.8977508,0.8838611,0.9045032,0.9045032,0.9375,0.94736844,0.9489912,0.4784568,0.48823878,0.9375,1.0,1.0,0.48823878,0.48823878,0.6507405,0.20579284,0.6412137,0.005961630944023233,-0.00019094925939132728,-0.0015045946351939232,-0.00017964809156245366,-0.0006038357445659816,0.00019966905015335212,0.0011134290363178504,0.000935538559963949,-0.00012536812214868594,0.0,0.0,0.0,0.00038326512068059495,9.120208311650597e-05,0.0003156428842864657,-0.00602764683082909,0.0011092442406039204
0.7979401,0.8210069,0.8518919,0.9657926,0.8518919,0.94736844,0.94736844,0.41384155,0.4197657,0.9375,1.0,1.0,0.4197657,0.4197657,0.5032405,0.45245954,0.2942136,0.0030640454547393083,-0.00014748126889822547,-0.0011710689769132865,-0.00017430541879358955,0.0004108924130847162,0.00021948941677431145,0.0005354127126663854,0.001559777615717291,-0.0005619881645251318,0.0,0.0,0.0,0.0009789223513453679,7.83935245908127e-05,0.0004987961882740122,-0.00042210133951215296,-0.0021932814026103258
0.8540764,0.8436782,0.25139165,0.25139165,0.9375,0.94736844,0.8436782,0.44191816,0.45305654,0.9375,1.0,1.0,0.45305654,0.45305654,0.4694906,0.396904,0.47921363,0.0036751911102241197,9.756058088319537e-05,0.0021264342482696947,-0.00017566149587735813,-0.0005136944555013907,2.837805250222453e-06,-0.0017050886240386246,0.0012359188667387595,-0.00014820026331950089,0.0,0.0,0.0,0.0005873660084180152,0.00030523970233268605,0.0005450158905095306,-0.0011469668184385937,0.00011017048014586077
0.6211975,0.622394,0.84817314,0.9375,0.92463356,0.622394,0.94736844,0.3799952,0.39317748,0.9375,1.0,1.0,0.39317748,0.39317748,0.24074042,0.3080152,0.5452136,-0.002392041206526315,0.00022855825515511648,-0.001332271491759865,-0.00039111196529380434,-0.0004155803889203528,-0.001872737671194926,0.0011515237232660048,0.001061773602471522,-0.00043404956692505393,0.0,0.0,0.0,0.001089030708872723,-0.000427712300443604,-9.250250954710247e-06,-0.003966285352327919,0.0003952625750913745
0.81331885,0.8998124,0.74827814,0.74827814,0.9062,0.94736844,0.94736844,0.3726874,0.38461623,0.9375,1.0,1.0,0.38461623,0.38461623,0.35074055,0.21801513,0.52121365,0.003888290033021673,-0.00024575147221114367,-0.0001361844422617265,0.00025459749368309935,-3.8198372141823104e-05,0.00027509208251513443,0.0010972371847496878,0.001417900362590177,-0.0005851974754612992,0.0,0.0,0.0,0.0011886010909620372,-0.00037022235711386725,0.0002224565561721341,-0.006075010571362694,0.00022446467687897175
0.6736975,0.7630649,0.59212,0.59212,0.90427727,0.94736844,0.94736844,0.5203799,0.531732,0.9375,1.0,1.0,0.531732,0.531732,0.3069905,0.36468178,0.80521363,-0.0010058786285949864,-0.0002748488417941701,0.000749148007142228,0.0004428332356481916,-7.157663982586576e-05,0.00017887028245483112,0.0009277995636948011,0.0004239475127005908,5.175062999013854e-05,0.0,0.0,0.0,4.7522547647044084e-05,0.00039158705555049117,0.00043216759066317024,-0.0021117253472983334,0.002432009429134013
0.90619755,0.9129106,0.6228569,0.91109073,0.6159053,0.94736844,0.94736844,0.4965336,0.50375,0.9375,1.0,1.0,0.50375,0.50375,0.53574055,0.25245953,0.6612137,0.00599568767275575,-1.3231429447985097e-05,0.000788765882933399,9.749325067421036e-06,0.00314521129211768,0.0003160166094296276,0.0015280307974631325,0.0009809212794442772,-6.230191521222374e-05,0.0,0.0,0.0,0.0002607600268550099,0.0004971835584107506,0.0003932115721563404,-0.003887048759860819,0.0012646690218665066
0.6740763,0.80695844,0.28866863,0.28866863,0.9062,0.94736844,0.94736844,0.31114915,0.32137957,0.9375,1.0,1.0,0.32137957,0.32137957,0.18324053,0.30357063,0.53421366,-0.0013648770744361866,-0.00011316028714132669,0.0038162061392497133,-0.0017358659289085435,2.8475340003094527e-05,-2.0620979692665896e-05,0.0004760528905266313,0.0016539426175388192,-0.0018564401165827539,0.0,0.0,0.0,0.0008713550641408344,-0.0009813993558849192,-0.002024629156492579,-0.004084460074028639,0.00014406989219596162
0.63331884,0.7948154,0.6272185,0.6272185,0.9375,0.94736844,0.8930203,0.5457645,0.55191857,0.9375,1.0,1.0,0.55191857,0.55191857,0.5319905,0.3524595,0.7022137,-0.0017931937560634911,-0.00019655324778470923,0.0005493284137159615,0.00040227216292799863,-0.0003881106077917499,0.00012880194465697735,-0.0006194333692942616,0.00014084470140444426,0.0001452521662051484,0.0,0.0,0.0,-0.00016294969737878071,0.0004613668995805405,0.00017299848125339794,-0.002136860881335335,0.0014803591018836936
0.7086976,0.8436782,0.52652323,0.52652323,0.9375,0.94736844,0.9210105,0.5069181,0.5201763,0.9375,1.0,1.0,0.5201763,0.5201763,0.41449052,0.45690408,0.5362137,0.00029145770291833016,2.1282377562522222e-05,0.0011784414759304946,0.00022193625922111853,-0.0005826884870705437,0.00012026399697317468,0.0003356413699871347,0.0007543824206308335,0.00013304450742613463,0.0,0.0,0.0,0.0001620934722425592,0.0005423601734211656,0.0005586268067339304,6.988019872630813e-05,0.0004781079542861351
0.9998338,0.94736844,0.31683168,0.31683168,0.31683168,0.94736844,0.94736844,0.6965336,0.7047291,0.9375,1.0,1.0,0.7047291,0.7047291,0.6357405,0.71690404,0.6442137,0.008212112709061066,0.0008702961864136627,0.0008365162609860115,0.0007236012189001732,0.0047624868860693306,7.589642602005522e-05,0.0014116580834028123,-0.0030164590561416516,0.0017168905160388475,0.0,0.0,0.0,-0.002098664273984233,-0.0002498983579404296,-0.0003788044534472645,0.003568891763127281,0.0008935094802319435
0.6033188,0.8811228,0.8829964,0.9668138,0.9375,0.94736844,0.9540876,0.6519183,0.6543358,0.9375,1.0,1.0,0.6543358,0.6543358,0.5757405,0.5146818,0.7752137,-0.0020845019194194393,-0.00025734398886937375,-0.0009215512974347355,-0.0004712708352985175,-0.0004249476387131719,0.00021944141071290806,0.0017834938164116544,-0.0009922429973253466,0.0004374276557314212,0.0,0.0,0.0,-0.00112588356276209,0.0011568825469696442,-5.1547318178932074e-05,0.0011541718514804157,0.001693782779916944
0.76369756,0.84891015,0.4845311,0.4845311,0.9375,0.94736844,0.99324316,0.451149,0.46187484,0.9375,1.0,1.0,0.46187484,0.46187484,0.4707405,0.37579292,0.4502136,0.0021726720974756487,5.653078509714492e-05,0.0017374495938934263,0.00011262051330304792,-0.0003709117448075939,0.00013219328414874456,0.0023576981811954576,0.0011240320899122077,-0.00010079922307040708,0.0,0.0,0.0,0.0004064407610910183,0.00033881641424423,0.0004891915339118107,-0.0013377721824902858,-0.00023245384547820782
0.7119551,0.84891,0.5539048,0.9375,0.97322625,0.9193914,0.94736844,0.2646106,0.27970782,0.9375,1.0,1.0,0.27970782,0.27970782,0.14199042,0.39912626,0.3272136,0.0006123741998301291,-7.93455076950542e-05,0.0017897557673595523,0.00027869621628232163,-0.00028787482934931224,0.00011512139701876027,0.001035880344025796,0.00031893337934253056,-0.001305328293070699,0.0,0.0,0.0,0.0009520234198017362,-0.0018756639979926979,-0.0020126404640772523,-0.0016669291280833518,-0.002232317381612728
0.5054402,0.61518335,0.8830454,0.8830454,0.99197626,0.94736844,0.94736844,0.40422586,0.41493282,0.9375,1.0,1.0,0.41493282,0.41493282,0.4607405,0.27134842,0.4502136,-0.006686101520547458,1.702104842102363e-05,-0.0015854269885265315,-1.4601562592514196e-05,-0.0011201772004737253,0.00022945332525769406,0.0010218818029981299,0.001158826647830534,-0.00042786489735649984,0.0,0.0,0.0,0.0009624273732047775,-0.0002333937288767819,0.0004284953470543316,-0.00487240512807367,-0.0004774594104314257
0.74312955,0.7523853,0.7395377,0.99197626,0.74966764,0.94736844,0.94736844,0.44614908,0.45679194,0.9375,1.0,1.0,0.45679194,0.45679194,0.42574054,0.5880152,0.3162136,0.001283408733153135,-0.0003387279020233244,-0.0002727911136697193,0.00012539398400503504,0.0013777650818971093,0.00012126831165790004,0.0010475914812386653,0.0012531082279642473,-0.000372711040836482,0.0,0.0,0.0,0.0006161740315846476,0.00028785396466089475,0.0003609529829596199,0.0021893725017512896,-0.001997064584290184
0.33388692,0.5681248,0.79439354,0.9375,0.9375,0.5681248,0.6945524,0.2526876,0.2677693,0.9375,1.0,1.0,0.2677693,0.2677693,0.18324053,0.43245962,0.1992136,-0.013166921395906726,8.844274977479e-05,-0.0008627147166554835,-3.295405249758646e-05,-0.00012660141662664475,-0.0009857198731220787,-0.004906070567991613,-0.00016687296520441911,-0.0011227940668310842,0.0,0.0,0.0,0.0011907967442654497,-0.0019337058748041128,-0.0013998232035936085,-0.0010618298300450182,-0.003755559972929724
0.61275065,0.74885076,0.7723428,0.97322625,0.81479084,0.94736844,0.94736844,0.3896106,0.40032423,0.9375,1.0,1.0,0.40032423,0.40032423,0.53074056,0.30134848,0.35521364,-0.002918910808702149,-0.00014979775272750233,-0.0004679546815673428,-0.0002798777420222672,0.0007763142359100817,0.00029469035839512674,0.0013977032719376362,0.0011506252509426863,-0.0005414998535770864,0.0,0.0,0.0,0.0011049584854594071,-0.00038179201412344655,0.00043777354941067437,-0.004167690259371791,-0.0015139102204298539
0.9994551,0.9193914,0.6278792,0.6278792,0.9375,0.94736844,0.9193914,0.7842259,0.78988063,0.9375,1.0,1.0,0.78988063,0.78988063,0.5682405,0.7424596,0.8802137,0.007983787258174753,0.0005337850342829833,0.00037051913957606477,0.0002948804345507903,-0.0004455086399811598,7.776251028434468e-05,0.0006705798417888381,-0.003954742674700704,0.0021450192224230307,0.0,0.0,0.0,-0.00260930620215346,0.00016546454392123345,0.00012423857082660754,0.0042678719040414835,0.002699393112057592
0.5858189,0.73814213,0.45772105,0.45772105,0.9375,0.94736844,0.73814213,0.51153374,0.5264337,0.9375,1.0,1.0,0.5264337,0.5264337,0.48449045,0.56690407,0.46121368,-0.002849044072766563,-0.0004544609780736011,0.0015393583757124618,0.00024016107159098354,-0.00040497233475615105,0.0001667577585058199,-0.0034227905498086797,0.0005722159274462293,0.0001699898593925223,0.0,0.0,0.0,-7.467772209922879e-05,0.0004168117819123288,0.0003985510460457579,0.0020449679707149958,-0.00018179674886932922
0.7556295,0.72605455,0.5323686,0.9375,0.9375,0.72605455,0.99324316,0.57422596,0.5849888,0.9375,1.0,1.0,0.5849888,0.5849888,0.6432405,0.4502374,0.6002137,0.0017748931085876157,-0.0002569664737275551,0.0011088518562114254,-0.00030891931608888185,-0.00045747302833221344,-0.00042547871919263824,0.0021136422550782955,-3.0012800512556633e-05,0.00011563851883179759,0.0,0.0,0.0,-0.0003204194793954656,0.0007975238308043568,-5.873940629324432e-05,-0.00046470605784965384,0.0005505270568887674
0.7835081,0.75566226,0.8144315,0.8144315,0.8635679,0.94736844,0.94736844,0.618072,0.63145703,0.9375,1.0,1.0,0.63145703,0.63145703,0.6307405,0.5980151,0.57621366,0.001974859571706439,-0.0002955829729265618,-0.0004146783208791361,0.00018556543173828933,0.00042193768554287035,2.8588575589726108e-05,0.0006355714564252135,-0.0009259364962386249,0.0006456493873849532,0.0,0.0,0.0,-0.0008220957738672508,0.00048373536828729124,-2.763459123068349e-05,0.0022172023075968804,0.0004542031920723146
0.61562943,0.7733259,0.5081172,0.9375,0.9375,0.9210105,0.99324316,0.46999505,0.4786357,0.9375,1.0,1.0,0.4786357,0.4786357,0.5869906,0.40912628,0.50121367,-0.002358847309982862,-0.00014074386949742174,0.0015081525750734904,-0.00042208023694392165,-0.00034842282294519705,9.163157326751707e-05,0.002100096164141979,0.0008858334812234175,-0.0001884023418212602,0.0,0.0,0.0,0.0004378046115926317,0.00011582516760419655,1.7124997083781314e-05,-0.0015354023011372076,-4.97828629188559e-05
0.7433188,0.8771792,0.7207017,0.7207017,0.9396432,0.94736844,0.94736844,0.58576435,0.5972758,0.9375,1.0,1.0,0.5972758,0.5972758,0.48199058,0.62468183,0.5782137,0.0015354731654542459,0.00013994123626226922,0.00013708468056649567,9.75780381947945e-05,-0.0006351737300487894,9.031904868941398e-05,0.000968982153633772,-0.00031288525010189096,0.0005927493429393561,0.0,0.0,0.0,-0.0004819076717402911,0.0007892950510782774,0.0004550213154766805,0.0034125551482751277,0.0007057362439929627
0.9240763,0.8209835,0.57636803,0.8871432,0.9375,0.94736844,0.8998124,0.5399952,0.551214,0.9375,1.0,1.0,0.551214,0.551214,0.59324056,0.565793,0.44621363,0.006303226925651832,-7.66044860966918e-06,0.00089563492563114,0.0001242531517577047,-0.00047881192708690263,9.96657531527631e-05,-0.0002687327476284351,-0.0001328509797412422,0.00032979567617386155,0.0,0.0,0.0,-0.00027558873428111015,0.0004267695561779892,0.00021741548965642372,0.0018126740200917735,-0.00033458047687625134
0.5406295,0.79854006,0.9396432,0.97322625,0.90427727,0.94736844,0.94736844,0.4457644,0.45888084,0.9375,1.0,1.0,0.45888084,0.45888084,0.14699042,0.5180152,0.5272136,-0.004737701462526176,-0.0001967154863396756,-0.0019370696743476854,-0.0003364667615980019,7.596724838214206e-05,0.0002539870820367154,0.00096472988749823,0.0011394535160787873,-0.0002994776761807425,0.0,0.0,0.0,0.0007155524271474421,5.9635567960928547e-05,5.1904185952584226e-05,0.0003334348522719824,0.00019034706568465314
0.80294013,0.83468515,0.73649275,0.9375,0.9375,0.8805094,0.9711938,0.72691816,0.7339848,0.9375,1.0,1.0,0.7339848,0.7339848,0.78574055,0.7180152,0.6182136,0.0027884289897306008,0.00011655142348976642,1.5946991073147245e-05,-0.00013666061772824132,-0.00027353853017111587,4.7703214470525555e-05,0.001186822680662705,-0.0030469166930634783,0.0016627584237303655,0.0,0.0,0.0,-0.002037030540753299,0.00021347569238843727,-0.000664664951488583,0.003867355347900581,0.0007482439962020376
0.73138696,0.8160714,0.72658116,0.9375,0.97322625,0.8913406,0.94736844,0.3569182,0.36938286,0.9375,1.0,1.0,0.36938286,0.36938286,0.3844905,0.26579297,0.47721368,0.0010144697807613035,-0.00019005177386915864,-9.543653840094972e-05,-0.00030287418526379656,-0.0008847245457464797,-9.161080887292284e-05,0.0015160302272703339,0.001494262281306504,-0.0006416692161810833,0.0,0.0,0.0,0.0012829136069083856,-0.0005221159634567715,0.0002948611574837356,-0.004947528596664729,-0.0003164832217244635
0.7785082,0.83523923,0.5534358,0.9396432,0.9375,0.94736844,0.99324316,0.5865336,0.5911446,0.9375,1.0,1.0,0.5911446,0.5911446,0.79074055,0.6691263,0.44221362,0.0022493876012331577,2.661454343153038e-05,0.0008518398130228253,6.206118732008439e-05,-0.0003191901989554875,8.58694269392582e-05,0.00264871560880621,-0.00040785262796588887,0.0003454870744933849,0.0,0.0,0.0,-0.00040929249701549604,0.0005265811591127927,-0.00033243983304941577,0.0034344619160982816,-0.00048547706090941076
0.878887,0.8412419,0.54631627,0.54631627,0.9375,0.94736844,0.8412419,0.7092258,0.71299833,0.9375,1.0,1.0,0.71299833,0.71299833,0.52449054,0.6391263,0.7962137,0.005243489211010258,0.0001884616991327394,0.0005941139893248472,0.00021610421308690934,-0.0003938696054076429,5.4635213281851376e-05,-0.0016109728661821904,-0.002874537380179598,0.0014169561399480935,0.0,0.0,0.0,-0.0017848985892897175,0.00027353912617274705,0.0001392638413889783,0.002790777512374153,0.002126489236584601
0.80294013,0.867957,0.8784795,0.99197626,0.9657926,0.94736844,0.94736844,0.5442258,0.55201197,0.9375,1.0,1.0,0.55201197,0.55201197,0.5307405,0.4191263,0.6902136,0.0038329077815496553,-0.0001862725312996817,-0.001054216787345598,-0.00043643314650341954,-0.0008778843427031499,0.0002878469021731926,0.0010396573231652812,0.00016884495929950837,0.00016642644909358815,0.0,0.0,0.0,-0.00025199917885840897,0.0006539173467923744,0.00017163206457945052,-0.0010031299517317522,0.0013889539427715686
0.5479401,0.77039593,0.60149735,0.60149735,0.97322625,0.94736844,0.94736844,0.39807203,0.4115265,0.9375,1.0,1.0,0.4115265,0.4115265,0.2182405,0.5569041,0.42221364,-0.004229306952542196,-0.00014974127977514224,0.00145106235056712,0.00012199488820415496,-0.0004094806907017752,0.00015041860393378849,0.0009413656366918471,0.0017221914681852144,-0.000650264777862562,0.0,0.0,0.0,0.0010349393845057665,0.00012825808849465392,-0.00042900600177939174,0.0018932455486004565,-0.0009999216976976815
0.83369756,0.8977777,0.6256485,0.6256485,0.97322625,0.94736844,0.94736844,0.75230277,0.7569445,0.9375,1.0,1.0,0.7569445,0.7569445,0.68949056,0.6202374,0.7912137,0.0031637977467705186,0.0004225777966885599,0.000322264950662965,0.00026471270866266377,-0.0007054364302462218,6.717500891426912e-05,0.0010824722361441371,-0.0037249401199691856,0.001711349092228013,0.0,0.0,0.0,-0.002271721630474167,1.188006303411841e-05,-0.0004572231505623418,0.0019112088048485125,0.00199885272303776
0.49218246,0.5281686,0.7746283,0.9375,0.9375,0.5281686,0.9711938,0.5284566,0.5323147,0.9375,1.0,1.0,0.5323147,0.5323147,0.7132405,0.38245964,0.5622137,-0.006370003211186907,0.00032943791084465076,-0.00011889550255274651,-0.000705215107611214,-0.00039955452730325454,-0.001738414031338553,0.001820234512130096,0.0005966920435683833,-2.9382706265581464e-05,0.0,0.0,0.0,-0.00015867230222986099,0.0004402293319924181,0.00039480941319947613,-0.0018530722352472632,0.0005359729987272289
0.6033188,0.7503629,0.8539793,0.9375,0.9375,0.8600983,0.6044592,0.5865338,0.5919184,0.9375,1.0,1.0,0.5919184,0.5919184,0.7094905,0.5391263,0.59021366,-0.003346426909138452,-0.00025745585010871906,-0.0008381446354526845,-0.0004802834813605819,-0.0004679789707397962,-0.000153644652864948,-0.008769183706018849,0.0001963069785759897,0.00018452699466317435,0.0,0.0,0.0,-0.0005387274186687281,0.0006725517680483851,-0.0001644124152290905,0.0014156947589827058,0.0006768104709499056
0.69600815,0.8330302,0.92384136,0.92384136,0.9396432,0.94736844,0.94736844,0.50422597,0.5068531,0.9375,1.0,1.0,0.5068531,0.5068531,0.38699055,0.28134844,0.79121363,0.00010753703938249149,-0.00014883304082073318,-0.0018722215148556267,-0.0003593035787947307,-0.0006006647706313578,0.0003320328146157213,0.0011258558075028194,0.0005753137538206511,7.595739966286233e-05,0.0,0.0,0.0,0.00010682729925400259,0.00028762322776362185,0.00035317031237845604,-0.004260751867658898,0.002631340418740281
0.4725613,0.8230923,0.88566744,0.88566744,0.92463356,0.94736844,0.94736844,0.48614898,0.50072205,0.9375,1.0,1.0,0.50072205,0.50072205,0.27949047,0.45690408,0.6392137,-0.006791126314135468,-0.00018568917227422335,-0.0017080659636588894,-0.00029192768986600177,-0.00026393072296084945,0.00020608857040478712,0.0013037463290909424,0.0008728308755044028,1.4522939223522262e-05,0.0,0.0,0.0,0.0002908301000287988,0.0004690777339546804,0.0002539646192633719,-8.2123812757149e-05,0.0012688188344276905
0.5854401,0.6665043,0.5557464,0.97322625,0.9375,0.94736844,0.9210105,0.37191832,0.38650414,0.9375,1.0,1.0,0.38650414,0.38650414,0.36574054,0.5135708,0.23921366,-0.003516474247168498,-0.00018846248983030888,0.0015372492158672246,-4.213828369651758e-05,-0.0003472374586240931,0.0002018485523584556,0.00033977001931375706,0.0016394550503971252,-0.0006465655749593221,0.0,0.0,0.0,0.0012529886346335103,-0.0001489804006386574,0.00033418464373541004,0.0010584036008328538,-0.002541778629094722
0.78812945,0.7131598,0.76426995,0.76426995,0.9375,0.94736844,0.8913406,0.59961057,0.611069,0.9375,1.0,1.0,0.611069,0.611069,0.4632405,0.6802374,0.58021367,0.002299130520105279,-0.00037910355183065695,-0.00011314695393359657,8.452223586798506e-05,-0.0003736144337082903,3.368525868444508e-05,-0.0005965195836661033,-0.0006026306687542779,0.0006718346234121564,0.0,0.0,0.0,-0.0005742793253929939,0.0005662403137035138,0.0004026313477951647,0.00381286235526073,0.0007317563823086633
0.7942657,0.6910182,0.7811247,0.97322625,0.9375,0.94736844,0.8634134,0.5396105,0.55002666,0.9375,1.0,1.0,0.55002666,0.55002666,0.4644906,0.5702374,0.5612136,0.002917780115323058,-0.00040955712092935107,-0.0002564179502967912,1.8658191323444663e-05,-0.00032375222202371545,3.9354722856549116e-05,-0.0012977043337232697,0.00039668571111853865,0.00022520299307300908,0.0,0.0,0.0,-3.8280611882000606e-05,0.0006128150423088629,0.0004619936682902216,0.0019627199134442806,0.0006238061073917502
0.50581884,0.73830557,0.4659616,0.4659616,0.97322625,0.94736844,0.94736844,0.26807213,0.28197232,0.9375,1.0,1.0,0.28197232,0.28197232,0.32949042,0.15468174,0.3952136,-0.006488407931022736,-0.00025815034033533225,0.0027875450755933135,-0.00011207062798004545,-0.0003300413170148708,2.8585021622753448e-05,0.0006802524709221511,0.000488998729691237,-0.0015507466896554582,0.0,0.0,0.0,0.0009951074262241246,-0.0017158467128087884,-0.0003860978080295972,-0.007723174293533069,-0.0013848894891008105
0.65619755,0.73490673,0.48431793,0.48431793,0.9375,0.94736844,0.73490673,0.508072,0.52285194,0.9375,1.0,1.0,0.52285194,0.52285194,0.25199044,0.6069041,0.6022137,-0.0011110593547341186,-0.00041421073451821695,0.0012907532223362373,8.756854420021904e-05,-0.00041006025653158375,6.787819292800035e-05,-0.004167178664593176,0.0002788257675922894,0.0003003949723681978,0.0,0.0,0.0,-0.00016216197087506954,0.00031722086142675415,0.0006022006761809684,0.0027545177020835278,0.0011657103921262563
0.9031295,0.89766693,0.74128044,0.9396432,0.79273754,0.94736844,0.94736844,0.68999493,0.7001597,0.9375,1.0,1.0,0.7001597,0.7001597,0.63699055,0.70023745,0.64121366,0.005342221571733148,0.0002860408616510315,-1.2745023745820601e-05,-8.362366283491602e-05,0.0009275128031095797,8.469099917377606e-05,0.001189150147948334,-0.002351949048976148,0.0012665066217062476,0.0,0.0,0.0,-0.0016106835210032233,0.0002618752915090163,-0.00011226711786311373,0.003505259953621739,0.0009871572830545583
0.8117657,0.8349639,0.8620455,0.939427,0.9375,0.94736844,0.90702903,0.637303,0.6453153,0.9375,1.0,1.0,0.6453153,0.6453153,0.45199054,0.81023747,0.58021367,0.002881469296040807,-7.046122432399993e-05,-0.0008025615645315925,-1.302190388164739e-05,-0.0004986008208451295,8.01199763512142e-05,0.0001694628364721984,-0.001206191135734176,0.0006900881562196595,0.0,0.0,0.0,-0.0009181390029000271,0.0004868240528671295,0.0002787539632773863,0.0057707016543671495,0.0005786115428974204
0.8540763,0.87386805,0.6128318,0.99197626,0.5724234,0.94736844,0.94736844,0.6015336,0.6081614,0.9375,1.0,1.0,0.6081614,0.6081614,0.4607405,0.6102374,0.65621364,0.004117064686077671,0.00010866467123840012,0.0005754922818402118,-0.00019423125994425013,0.003186483855740461,0.00026738961480980727,0.0012371518589431138,-0.0009260989846748776,0.0006861564533548492,0.0,0.0,0.0,-0.0007799802447305974,0.0005847959524482415,0.0003516131470114015,0.002706024156941104,0.001358612971172935
0.5204401,0.65029335,0.82265157,0.9375,0.9375,0.8907786,0.99324316,0.6496106,0.65258324,0.9375,1.0,1.0,0.65258324,0.65258324,0.9057405,0.5113485,0.53021365,-0.005783363245870807,-0.0008336804564822723,-0.00023197027576944685,3.082082359876978e-05,-0.00045976797638722365,4.8300765358067696e-05,0.0018394325647852444,-0.0007943093050777137,0.0005472284657169575,0.0,0.0,0.0,-0.0008141214394595587,0.0006111226677013791,-0.0008900302993918588,0.00022131188501201923,7.890832799214782e-05
0.8285082,0.86445147,0.82189626,0.97322625,0.9057682,0.94736844,0.94736844,0.81268746,0.8161719,0.9375,1.0,1.0,0.8161719,0.8161719,0.8382405,0.6902374,0.76121366,0.0035135088846225825,0.0002486454330636912,-0.00028848382429173125,-0.00019940123721591803,-6.12374189197825e-05,0.0001250018920080563,0.001033922865821228,-0.004751565714684045,0.002510231315664758,0.0,0.0,0.0,-0.0032536417367007697,-0.0002471106008269534,-0.000994751853095893,0.0031268713616306983,0.0017319680639296675
0.5279401,0.7806076,0.7953863,0.7953863,0.93773437,0.94736844,0.94736844,0.4142258,0.42593896,0.9375,1.0,1.0,0.42593896,0.42593896,0.4082405,0.31357065,0.58021367,-0.005285903499670778,-0.0001822647391611293,-0.0005913448985779008,8.733845067355227e-05,-0.00040547961571670135,0.00031354894067999904,0.0012190164140925596,0.0011625722431492724,-0.0003362878106566567,0.0,0.0,0.0,0.0008807087867103145,-0.00013780882068715545,0.00039941760454791504,-0.00371288952686309,0.0007323365983896573
0.936387,0.8500637,0.72653353,0.72653353,0.9375,0.94736844,0.8856161,0.6584568,0.66749084,0.9375,1.0,1.0,0.66749084,0.66749084,0.6357405,0.635793,0.6742137,0.006332155876279539,0.00011448844075752426,7.83601683121193e-05,0.00010950872895267444,-0.000408431102540328,7.017207146224426e-05,-0.0004304839476766786,-0.0016265419256812103,0.0010050402529002854,0.0,0.0,0.0,-0.0010971986306530666,0.0005836928813607605,0.00010875291396342123,0.0028521913919604424,0.0014093756752421086
0.43775076,0.7385005,0.7538251,0.8375191,0.9375,0.94736844,0.99324316,0.33461058,0.3468712,0.9375,1.0,1.0,0.3468712,0.3468712,0.39699054,0.37357077,0.2942136,-0.009345786661337969,-0.00021405769606145763,-0.0003518690565360795,0.00021911509430957925,-0.00032089905020255406,0.00019537609998997418,0.002094581340056248,0.0010476728968812816,-0.0009237587515926459,0.0,0.0,0.0,0.0011684989302092952,-0.0009536457811133782,0.00024929843435960336,-0.002447343205411514,-0.0025039581056444916
0.62294006,0.859315,0.8662008,0.8662008,0.90427727,0.94736844,0.94736844,0.471149,0.48340493,0.9375,1.0,1.0,0.48340493,0.48340493,0.33574045,0.5113485,0.56721365,-0.0020011039418723515,-0.0002640888957584531,-0.0014370831061995373,0.0001587041968884114,-8.607201224994906e-05,0.0003521004662377737,0.001241414993316589,0.0010139016594280037,-4.03887536048371e-06,0.0,0.0,0.0,0.0003744099987274531,0.0004045135933459611,0.0002897643921772826,0.0013803886490793586,0.0008108634723057073
0.70294,0.859315,0.8018427,0.8018427,0.93773437,0.94736844,0.94736844,0.2919184,0.3011265,0.9375,1.0,1.0,0.3011265,0.3011265,0.19074047,0.2835707,0.3942136,0.00028195327610341605,-1.4143901337225624e-05,-0.0010697263682261703,0.00024680746242303377,-0.00020228230049236572,0.00010537663632914189,0.0004544478465447652,0.00035668622406270735,-0.001269576695345352,0.0,0.0,0.0,0.0009224728234754689,-0.0014811808565864575,-0.001643302422218994,-0.004454964496665458,-0.0014119359666633618
0.35006145,0.52749974,0.9045032,0.9045032,0.9375,0.94736844,0.5362282,0.5296104,0.5414822,0.9375,1.0,1.0,0.5414822,0.5414822,0.5657405,0.4502374,0.58021367,-0.01132640924356805,-0.00018314388471858,-0.0014366910248866955,-0.00033164644599017307,-0.0002652446382893322,0.00016349229476826793,-0.010960477518256245,0.0006584211790375423,-5.12735058065789e-06,0.0,0.0,0.0,-0.0002170234166421286,0.0005299992054162333,0.0003313010207578677,-0.00022003390719376638,0.0006077751787781529
0.7190764,0.7789187,0.8205808,0.97322625,0.9375,0.94736844,0.9210105,0.491149,0.5035796,0.9375,1.0,1.0,0.5035796,0.5035796,0.30949044,0.69801515,0.4112137,0.0007506916818408382,-0.0002514554422587191,-0.0008662923789407387,0.00011323005795149258,-0.0005235478828201054,0.00020552383639296394,0.0004140868567019981,0.0008050888234976194,-0.0001528117100396934,0.0,0.0,0.0,0.00023624443103172006,0.0003005080456384621,0.00014451830584386464,0.004190943297232043,-0.0009700790921678377
0.68831885,0.7876349,0.7812146,0.7812146,0.9375,0.94736844,0.8288922,0.56999516,0.5816671,0.9375,1.0,1.0,0.5816671,0.5816671,0.49574047,0.6435707,0.4702137,-0.0003671140536192957,-0.00020235820520883588,-0.00037552539187910467,0.0001651130076776013,-0.00043237397709710196,9.857378428769895e-05,-0.002006170578366037,-0.0002474341873089435,0.0004782224956529285,0.0,0.0,0.0,-0.0005226527566857556,0.00036906456053939615,0.0002875307727701421,0.003068773894184721,-0.00020026104637154408
0.7111976,0.73181665,0.7872742,0.8709672,0.9375,0.94736844,0.9774537,0.4846105,0.4947909,0.9375,1.0,1.0,0.4947909,0.4947909,0.64824057,0.44023737,0.37121361,-4.093740454058026e-05,-0.00036901358588196264,-0.0005311507364718153,0.00021780623197354367,-0.00047916492444574095,0.00015949956719642916,0.001629686217917444,0.001013665016916805,-0.00015665558597850192,0.0,0.0,0.0,0.0003706495027824104,0.00034139150327618925,0.0005442458732130715,-0.0009016829405185462,-0.0013576058969833483
0.64987206,0.77864015,0.94547904,0.9375,0.9375,0.77864015,0.8913406,0.5823028,0.59454256,0.9375,1.0,1.0,0.59454256,0.59454256,0.3844905,0.6624597,0.6392136,-0.0012256843820212448,-0.00015822044282523678,-0.0017321852728603485,-0.0003920257943172592,-0.00040623106275394956,-0.0006776443836324024,-0.00046458451204761886,0.00023354892505443806,0.00021754178402493617,0.0,0.0,0.0,-0.0005037370980936222,0.0008085321484489151,0.00032761598348309126,0.00417058968602263,0.0009930652192668065
0.88638693,0.8463965,0.6382716,0.6382716,0.9375,0.94736844,0.91628766,0.61922586,0.62622374,0.9375,1.0,1.0,0.62622374,0.62622374,0.6044906,0.45690408,0.7182137,0.004733752798442023,4.455545477450959e-05,0.0004432036887947895,0.00020113326633957741,-0.0005559482707085191,0.00010084777279676508,-4.150222913711088e-05,-0.0010410605974882428,0.0006083983495737111,0.0,0.0,0.0,-0.0007452028344334863,0.0004917465590166479,8.717894325744837e-05,-0.0003750857807352229,0.0015807248621755696
0.9583188,0.90899307,0.70864344,0.70864344,0.9375,0.94736844,0.9694241,0.6849953,0.68624973,0.9375,1.0,1.0,0.68624973,0.68624973,0.47949058,0.86245966,0.6242137,0.006512261548274175,0.0002294197024208475,1.8908517933520358e-05,9.521525126560277e-05,-0.00046642171685917495,1.880627043333173e-05,0.00134420253523592,-0.0024976030231641266,0.0011072125488568341,0.0,0.0,0.0,-0.0013305425957824588,0.0004987048981483729,0.00022274779253587937,0.006701996982920297,0.0009663132003223801
0.57619756,0.73648787,0.5844474,0.5844474,0.8871432,0.94736844,0.94736844,0.4984565,0.5089307,0.9375,1.0,1.0,0.5089307,0.5089307,0.28199053,0.6246819,0.5462136,-0.003423964069006064,-0.00037812442591744695,0.0008326019158842719,0.00015724870257185418,-0.00015882993425081162,7.915978739689411e-05,0.0009564499372282511,0.0009213982333208207,6.50660549178855e-05,0.0,0.0,0.0,0.0002896223509572874,0.00044213197650571197,0.0006083135705940072,0.002880033496041619,0.0004863633112926406
0.69869757,0.63003874,0.93370897,0.93370897,0.9375,0.94736844,0.6411682,0.6919183,0.6976881,0.9375,1.0,1.0,0.6976881,0.6976881,0.6594905,0.5491263,0.75221366,-0.00012842700548094667,-0.0009467508189080716,-0.0006491840703976937,-0.00015703753062178475,-0.0004161473250074286,0.00017642780646807957,-0.007034960206871705,-0.0019174956839334407,0.0012772029712974126,0.0,0.0,0.0,-0.0018677444689581563,0.00039470602010380635,-0.00023082780859953904,0.0013865250832972176,0.0018829550636919007
0.8515763,0.75368416,0.8072918,0.93370897,0.9375,0.94736844,0.9774537,0.51961064,0.5299861,0.9375,1.0,1.0,0.5299861,0.5299861,0.38949054,0.396904,0.7452136,0.003633732509765939,-0.0003468305965060868,-0.0005935171375415752,-3.989091851232425e-05,-0.0005172794816071754,0.000238809702679722,0.0018208523488157417,0.0004814731457060329,-8.730363024442509e-06,0.0,0.0,0.0,-6.569870133496122e-05,0.00040450421166077243,0.000307052044755409,-0.0014894435681720856,0.00190207021192182
0.42218268,0.5749498,0.91109073,0.9375,0.9396432,0.5749498,0.94736844,0.44807214,0.4590629,0.9375,1.0,1.0,0.4590629,0.4590629,0.31449056,0.59912634,0.43521366,-0.009838313441056276,0.00026821868868952953,-0.0021616249680802523,-0.0003266191517926872,-0.0005270311768538605,-0.002159245383111807,0.000720772023100448,0.0008294004286426338,-0.00017460830918633458,0.0,0.0,0.0,0.0006019249241247059,4.851697210241861e-05,0.00020432750463018887,0.00277318395225579,-0.0005375942237352419
0.8636976,0.83523923,0.75881577,0.75881577,0.7998723,0.94736844,0.94736844,0.48768747,0.4922938,0.9375,1.0,1.0,0.4922938,0.4922938,0.5482405,0.22245958,0.59021366,0.004655118874181775,-0.00010132553012760528,-0.00030754442793254154,0.0002594900795321643,0.0009503922939664106,0.00019951257553682224,0.0008851953837166435,0.0008889803130453654,-3.3603740564425427e-05,0.0,0.0,0.0,0.0002707155306131366,0.00045404642655472237,0.0005702836402255855,-0.004667327891433658,0.0009986247903399437
0.82157636,0.85684824,0.4729155,0.4729155,0.9375,0.94736844,0.85684824,0.6669182,0.6654345,0.9375,1.0,1.0,0.6654345,0.6654345,0.6457405,0.53468186,0.7402137,0.0032573814248380677,0.0002104944078509293,0.0010117301548417646,0.00018868366781502006,-0.0004357992442054927,5.856187763479674e-05,-0.001028402445931242,-0.0020122214030204584,0.0009217597792158424,0.0,0.0,0.0,-0.0012863614048044584,0.0003267255812224951,-0.00031748525116305287,0.0008418381705481232,0.0017780616167759411
0.9083189,0.8752957,0.6448185,0.6448185,0.93773437,0.94736844,0.94736844,0.48307198,0.48748234,0.9375,1.0,1.0,0.48748234,0.48748234,0.50449055,0.44023737,0.4832136,0.005766004000968126,7.001559075061156e-05,0.0005794763771309856,0.00018044925015440214,-0.0003633739792624489,0.00011879054858187791,0.001113822298732189,0.0010347299139585792,-8.17941483810397e-05,0.0,0.0,0.0,0.00033467304367099007,0.00029857299930560017,0.000411833023574539,-0.0004929150590549485,-0.00016494986074056547
0.4529402,0.55227244,0.6645246,0.6645246,0.8810272,0.94736844,0.94736844,0.33461058,0.3477457,0.9375,1.0,1.0,0.3477457,0.3477457,0.41949058,0.24245961,0.39421368,-0.008546776255805117,-0.0007932641032020898,0.0006539961052375491,0.00023436679325580407,0.00013850176262292805,6.303446163075696e-05,0.0007623671104315266,0.0008682141529323191,-0.0010232238362657396,0.0,0.0,0.0,0.0011025379289984019,-0.000711616778265245,0.0006455388707385041,-0.005418705042224413,-0.001246506363370165
0.77888703,0.71526366,0.7621449,0.7621449,0.8268606,0.94736844,0.94736844,0.58730286,0.59435356,0.9375,1.0,1.0,0.59435356,0.59435356,0.6094906,0.5491263,0.5712137,0.0023764050327110494,-0.00046851368566900664,-0.0001552796429210128,0.00021740428383856293,0.0006522829340280791,8.070596420965318e-05,0.0008931189304401648,-0.00044211952727293613,0.0005742743842242058,0.0,0.0,0.0,-0.0005563378129860244,0.000538710638308513,0.0002028213710335451,0.0015895431195924565,0.0006920581381105037
0.8306296,0.81359476,0.7521912,0.92463356,0.83129877,0.94736844,0.94736844,0.5169182,0.5267365,0.9375,1.0,1.0,0.5267365,0.5267365,0.58449054,0.42801517,0.5182136,0.00358287605470468,-0.00013514342356247405,-0.00016908358749764628,7.044541727025374e-05,0.0007861204714639886,0.00015057902823404794,0.0010613369338425172,0.0007150778783181829,7.99884667459969e-05,0.0,0.0,0.0,8.10446897226845e-05,0.0004965405655792363,0.00041051349387381933,-0.0006510017976280168,0.0001339205803944833
0.79831886,0.78559095,0.66210204,0.66210204,0.97322625,0.94736844,0.94736844,0.6499951,0.65880835,0.9375,1.0,1.0,0.65880835,0.65880835,0.6694905,0.55023736,0.58121365,0.002506255702177971,-0.00017322825722429624,0.0001965542660354529,0.00010386190543980556,-0.0008629175455631757,1.8784997780463692e-05,0.0006642859528629691,-0.0014543006656881647,0.0008758813683017535,0.0,0.0,0.0,-0.001036125728903496,0.0004615427790550559,-6.05880643120684e-05,0.0011758220230501427,0.0006115952849799
0.5325613,0.71577054,0.8709672,0.9375,0.9375,0.86301184,0.9193914,0.5434569,0.5561342,0.9375,1.0,1.0,0.5561342,0.5561342,0.40699053,0.66690415,0.53021365,-0.004718435981520146,-0.000221699634927576,-0.0010138418912891713,-0.00013681963309893194,-0.00040741318588233245,-7.840423644325765e-05,5.56569363506626e-05,0.0005525377665487591,0.00014126163904263034,0.0,0.0,0.0,-6.514397922423705e-05,0.0006333591314051353,0.00036547585235323024,0.004079427235802516,0.0002109643740653424
0.64388686,0.8414659,0.4354453,0.4354453,0.90427727,0.94736844,0.94736844,0.5484566,0.55969465,0.9375,1.0,1.0,0.55969465,0.55969465,0.3282405,0.7313486,0.4662136,-0.0012047334736052292,0.00014675234346913648,0.0014939860609572066,3.9633269693695515e-05,6.422763286976066e-05,4.187200313519254e-06,0.000923828473797598,3.99864923229643e-05,0.0003009499646931451,0.0,0.0,0.0,-0.00014517891217489477,0.0004047649859736177,0.0005980529871580552,0.004536339429181369,-0.00040073121127949307
0.21756136,0.66105264,0.9201982,0.939427,0.8709672,0.94736844,0.94736844,0.3476875,0.35835263,0.9375,1.0,1.0,0.35835263,0.35835263,0.14699054,0.47690403,0.41821367,-0.01805038063170521,-0.00023457951421018792,-0.002296090061096815,0.00035340416381156434,-3.7585314192516703e-05,1.1517871545888847e-05,0.0005854737719386932,0.00048318468314148094,-0.0009218378211189642,0.0,0.0,0.0,0.0008546896514043994,-0.0010100774524804494,-0.002113895941533675,-8.567965363952657e-05,-0.0008321716399218919
0.73775065,0.64860916,0.6957614,0.6957614,0.9375,0.94736844,0.64860916,0.62153375,0.629847,0.9375,1.0,1.0,0.629847,0.629847,0.6307406,0.59357077,0.6062137,0.0009278714807331726,-0.0008906433022626138,0.00017940132680197877,0.00012096408679946512,-0.0003694019539227724,8.588193404988246e-05,-0.006550742573513928,-0.0009165174961876917,0.0006902446039376619,0.0,0.0,0.0,-0.0008488490470345601,0.0004073825619204327,-6.974174162482462e-05,0.0019257935889225454,0.0008217047908195596
0.78907627,0.8913406,0.43130815,0.43130815,0.9375,0.94736844,0.99324316,0.63191825,0.6393873,0.9375,1.0,1.0,0.6393873,0.6393873,0.5394906,0.6746819,0.5492137,0.0023774508845960103,0.0004317350180287485,0.001146977989557141,-1.4683548883370106e-05,-0.00033300945493220215,-2.368908964885744e-06,0.0022134266474231378,-0.001540734455467984,0.0009101906613908113,0.0,0.0,0.0,-0.0010239278775434643,0.0003049678761951781,0.0001437633605592562,0.003352220776931469,0.0004228470785927365
0.74062943,0.6761753,0.5821605,0.99197626,0.518268,0.94736844,0.94736844,0.4484567,0.45859677,0.9375,1.0,1.0,0.45859677,0.45859677,0.40074056,0.61245966,0.38821363,0.0018000781242547442,-0.000593073840557999,0.0011342795706114244,0.0003415988296376302,0.0030973702960391002,5.759466306974603e-07,0.000870337453492476,0.0013202795011029683,-0.00016514351957192184,0.0,0.0,0.0,0.0006608056861047422,0.0004213337810831552,0.0005623888286074206,0.0031609294012765517,-0.0010775363197330563
0.8131294,0.7697248,0.9201982,0.9375,0.9409667,0.7697248,0.94736844,0.6911488,0.6905834,0.9375,1.0,1.0,0.6905834,0.6905834,0.74449056,0.5624597,0.70721376,0.0032652756976393887,-0.0002982200592911991,-0.0008111777032192131,-0.00013782161862623096,-0.00038789662945912717,-8.88135089371548e-05,0.0009678559350931545,-0.0015744694782043886,0.0009392911371309794,0.0,0.0,0.0,-0.0012110891913559684,0.0007722402794934557,2.1533706274935344e-05,0.0015920690548891035,0.0014828422881770908
0.90062946,0.8752957,0.80394256,0.80394256,0.9375,0.94736844,0.9210105,0.6903797,0.693278,0.9375,1.0,1.0,0.693278,0.693278,0.46949053,0.6802375,0.8102137,0.0057395872741983775,0.00017090564102127003,-0.00030871469255208564,8.367106307148321e-05,-0.0004637579715305167,0.00010799218380070044,0.0005241320002192112,-0.0019893589681302124,0.0009614729108171384,0.0,0.0,0.0,-0.0012501994640587589,0.0007367684175337788,0.00031167910660909924,0.003735585002113079,0.002269795741871802
0.67562944,0.7877081,0.5427764,0.9375,0.9375,0.7877081,0.8913406,0.50268745,0.51568496,0.9375,1.0,1.0,0.51568496,0.51568496,0.40074056,0.5602374,0.5452136,-0.0005576965327810507,-0.00021458781284089425,0.0013618833004084467,-0.00036388824086538486,-0.0004872287862324284,-0.00033961441113966676,-0.00046549547069452525,0.0008692998562148554,-0.00015421546893387247,0.0,0.0,0.0,0.00025291094972876716,0.00041908758916010244,0.00043802837990757526,0.0014781366464722738,0.00029591037249288786
0.87638694,0.843404,0.7812375,0.8746792,0.9375,0.94736844,0.93023604,0.748072,0.7548721,0.9375,1.0,1.0,0.7548721,0.7548721,0.79074055,0.5880152,0.7872137,0.0045080801834928574,2.5431873370601372e-05,-0.00011368616646652424,-1.878686021124602e-05,-0.0004896488381744162,0.00011631695014734877,0.0003489645951397838,-0.003021985597262847,0.0016795783070424708,0.0,0.0,0.0,-0.0021280337780675163,0.00039312760927255635,-0.0005315556450071771,0.0020534977842153767,0.0019643614472964724
0.7013869,0.81907153,0.48273498,0.48273498,0.9396432,0.94736844,0.94736844,0.5192258,0.52959865,0.9375,1.0,1.0,0.52959865,0.52959865,0.53074056,0.47468174,0.61521363,8.227671056508539e-05,-5.886701439902614e-05,0.0012214813040197711,0.00028511156762261823,-0.00042119299793691055,2.115130014241025e-05,0.0011867635839279578,0.0003375792347348086,2.069799044478518e-05,0.0,0.0,0.0,1.8098010153493743e-05,0.00028615577372739423,0.00010691001664743192,9.216865872790456e-05,0.0006779872371158882
0.5729401,0.84891,0.8812014,0.8812014,0.9396432,0.94736844,0.94736844,0.52422595,0.53208405,0.9375,1.0,1.0,0.53208405,0.53208405,0.31449056,0.6491263,0.5542137,-0.0034204603528230917,-0.00024524965556345824,-0.0013363765070980645,-1.2630654870045658e-05,-0.00045937392516810327,0.00026293315676639584,0.001218837523287094,0.0006193512671261909,0.0001436833902072248,0.0,0.0,0.0,-2.614860960570356e-06,0.0005720066473873288,0.0002907660655705863,0.004016308138543336,0.0006001039866649283
0.5565764,0.6365271,0.80779535,0.97322625,0.9375,0.94736844,0.84891015,0.2815336,0.29708847,0.9375,1.0,1.0,0.29708847,0.29708847,0.40074056,0.33579287,0.2612136,-0.00486789873120224,-0.000136098945470353,-0.001146248822340484,6.95421058523496e-05,-0.000233737537121959,0.00013629327118014505,-0.001006765388360009,0.000570443730160881,-0.0010754024348889283,0.0,0.0,0.0,0.0012544752003283617,-0.0013127200263425938,0.0003950409164780713,-0.0030339722704831994,-0.00288629130257775
0.49831888,0.73830557,0.55765027,0.55765027,0.9375,0.94736844,0.9193914,0.4496105,0.45975617,0.9375,1.0,1.0,0.45975617,0.45975617,0.35699046,0.3713485,0.5452137,-0.005824174400272672,-0.00032137649524192175,0.0014546878177778236,0.0006577190293607816,-0.0004579593030648737,0.0002210499764367868,0.0006086956441611599,0.0012631772811651338,-0.00031683270032150995,0.0,0.0,0.0,0.0006562871296675602,0.00025605804387306505,0.00042615825125266645,-0.0020928654328598705,0.00032566093324079814
0.906387,0.90670466,0.5062028,0.5062028,0.9201982,0.94736844,0.94736844,0.5399949,0.549408,0.9375,1.0,1.0,0.549408,0.549408,0.5307405,0.55134845,0.5602137,0.005103604304036208,0.0002896753152137888,0.001141844550385855,0.00019783131648721576,-4.1738675269435216e-05,9.41085146042324e-05,0.001163763102500522,-0.00013879356409326725,0.0002301869380231128,0.0,0.0,0.0,-0.00017697581874558986,0.0002659316618537046,0.00011089862161753575,0.0011995836409042877,0.0004102741706713383
0.7783188,0.8527257,0.8671419,0.93370897,0.87109214,0.94736844,0.94736844,0.676149,0.6861807,0.9375,1.0,1.0,0.6861807,0.6861807,0.5107405,0.74690413,0.6682137,0.002073706753416702,3.899091836381546e-05,-0.0004207939759223779,-0.00017097303618289996,0.0003353894992711315,0.00018967616803806464,0.0014721275152461111,-0.0019619837791276127,0.0009680936338870964,0.0,0.0,0.0,-0.0013729949074805035,0.000480074788087327,0.00018933640185032512,0.004541547167468705,0.0011371033038774794
0.81388694,0.8443414,0.7579719,0.9375,0.8863764,0.8443414,0.94736844,0.62191826,0.62956345,0.9375,1.0,1.0,0.62956345,0.62956345,0.7657405,0.45579296,0.6042137,0.003354985701567886,-7.991218052001815e-05,-9.025755315328746e-05,-6.779303855719062e-05,0.00012400647537544655,5.669998169504156e-06,0.000845944792019157,-0.0010432493710198936,0.00046735565000381084,0.0,0.0,0.0,-0.000873228554567809,0.0006565194576768752,-0.00035615531517471454,-0.00010945516967253835,0.0005884156559175643
0.6661976,0.8362133,0.9292761,0.9292761,0.9375,0.94736844,0.94417596,0.73037976,0.73418844,0.9375,1.0,1.0,0.73418844,0.73418844,0.6369905,0.7291263,0.7452137,-0.0002936319058895734,3.878428013854906e-05,-0.0006443008616592355,-0.00010263080449214238,-0.0003668168853359782,0.0002046020063673451,0.0012491607064979329,-0.002655337895964981,0.001444800980739237,0.0,0.0,0.0,-0.0019893483993491286,0.0005103693382202119,-0.00012409303188780057,0.004526763536509902,0.0016428239544165682
0.6981295,0.8210078,0.71564275,0.71564275,0.9375,0.94736844,0.9489912,0.5499953,0.5564092,0.9375,1.0,1.0,0.5564092,0.5564092,0.62199056,0.42134845,0.56321365,-0.00010023473674109163,-0.00010498758184104139,-7.88650298078019e-06,0.00023135611196998848,-0.0004379079514109246,0.00013063581152763154,0.0009777943161883257,-0.0001683470854807825,0.00026427883465764807,0.0,0.0,0.0,-0.00031515231049089257,0.0004445544295062123,0.0001349858591742322,-0.0006505895271003183,0.0004932355722993979
0.9190764,0.8351259,0.6185879,0.6185879,0.6598239,0.94736844,0.94736844,0.41268745,0.42516226,0.9375,1.0,1.0,0.42516226,0.42516226,0.44949055,0.40134853,0.3952136,0.006254228105929698,-3.08983713832115e-05,0.0007621921313110289,6.80697928558428e-05,0.0018488965498768154,8.329467022816255e-05,0.001199096473387876,0.001645075974422071,-0.0004799799059193637,0.0,0.0,0.0,0.0009196841269051252,0.0003422462368304586,0.0006681844596803663,-0.001417179000151667,-0.0012356414499614242
0.6402508,0.7207812,0.6682471,0.97322625,0.6205188,0.94736844,0.94736844,0.36614916,0.38044465,0.9375,1.0,1.0,0.38044465,0.38044465,0.33199048,0.36468178,0.4702136,-0.0018400592382674147,-0.0002248465147678053,0.00045251385882563266,0.0004792558641243748,0.0016239172025174595,0.00017079652230478386,0.001079618089292002,0.0009681262898408384,-0.0005584347545628003,0.0,0.0,0.0,0.0007869952690464932,-0.00044412959295614716,-3.443987005147501e-05,-0.002034591922207431,-0.0001917733693632913
0.77888703,0.86329323,0.58626425,0.58626425,0.9375,0.94736844,0.99324316,0.64307225,0.6517956,0.9375,1.0,1.0,0.6517956,0.6517956,0.3969906,0.7291263,0.72521365,0.0018672320816201092,0.00024253418059737422,0.0005675489625396608,0.00011765437561926885,-0.00046479830769572626,-6.621090800129417e-06,0.002316195352708747,-0.0014938577984497708,0.000786368225240364,0.0,0.0,0.0,-0.00088580683655772,0.00040441995524992044,0.0004002845108987956,0.003970897036266647,0.0015228558992758118
0.75600815,0.88555,0.5286937,0.83945024,0.62842125,0.94736844,0.94736844,0.5165336,0.529858,0.9375,1.0,1.0,0.529858,0.529858,0.44949055,0.5680152,0.55021363,0.001484316849331328,0.0001512261924754896,0.0011764961963699977,5.6535164236813995e-05,0.002875667445328683,7.645660094409437e-05,0.000504059787720354,0.00047212345237075443,0.00010587057774048986,0.0,0.0,0.0,7.315395717364649e-05,0.000424440398858112,0.0003949072797335712,0.0017439804177175609,0.0004343625489381868
0.7752507,0.84891015,0.8205806,0.939427,0.9375,0.94736844,0.9711938,0.51768744,0.5254288,0.9375,1.0,1.0,0.5254288,0.5254288,0.6744905,0.47579288,0.42221364,0.002703368100335561,-7.472920956763432e-05,-0.000510545510855998,-2.6321117873148075e-05,-0.00034317313237812864,0.0001961818944995425,0.0016258886373657535,0.0007267955809056712,1.5275817431480535e-05,0.0,0.0,0.0,4.540110995686068e-05,0.0004480609407888918,0.0002391977581708906,0.0002065015062002834,-0.0007120028652514298
0.5310082,0.6523718,0.5572741,0.5572741,0.9657926,0.94736844,0.94736844,0.39691824,0.40560135,0.9375,1.0,1.0,0.40560135,0.40560135,0.3019905,0.26468182,0.6302137,-0.005509187997114756,-0.00024261164905918956,0.0015974301910355421,0.0005530371622785871,-0.0005962281187139702,0.0001889595372867163,0.0010799484575483315,0.0012711041820159788,-0.0005408952201956276,0.0,0.0,0.0,0.0009182182695652816,-0.00034577817993251353,1.4207601132229208e-05,-0.004679646337761487,0.0012716301493523974
0.34294015,0.76654816,0.79748535,0.79748535,0.97322625,0.94736844,0.94736844,0.39845672,0.41001162,0.9375,1.0,1.0,0.41001162,0.41001162,0.3019905,0.5113485,0.4282136,-0.012057864505888178,-7.378678589687397e-05,-0.0010333027783950904,0.00012941453687524858,-0.0005635078709206395,0.00014510710474391266,0.0010772486882219135,0.0012972890886200014,-0.00033435708200771136,0.0,0.0,0.0,0.0010130633890000707,-8.724859144278986e-05,0.0001347251521571883,0.0013555337341405154,-0.0005972309690558986
0.8331295,0.8188177,0.82597405,0.82597405,0.9657926,0.94736844,0.94736844,0.65114903,0.65294385,0.9375,1.0,1.0,0.65294385,0.65294385,0.71199054,0.38579294,0.7632137,0.003327452574472167,-7.07268734747736e-05,-0.0004179762639137758,9.815428566608426e-05,-0.0007547741404716413,1.561021373459946e-05,0.0005018759516655191,-0.001537080969355008,0.0006624430482624186,0.0,0.0,0.0,-0.0009065918914758413,0.0005387209298643392,-0.0001446405590350358,-0.0016929096254047658,0.001809883868284993
0.843887,0.86301184,0.66640204,0.66640204,0.9375,0.94736844,0.91114014,0.616918,0.62652576,0.9375,1.0,1.0,0.62652576,0.62652576,0.77699053,0.5891263,0.45621365,0.003809349167580865,0.0001953139491679162,0.0002774479949244071,0.00013224166763973043,-0.000449816878960193,2.6874259508268966e-05,-9.267558137839499e-05,-0.001303393644066968,0.0006436090745823267,0.0,0.0,0.0,-0.0009375742108393292,0.000252428494430698,-0.0006822362172570803,0.001742487870443625,-0.0004271297349697573
0.36794016,0.6523812,0.72070384,0.72070384,0.78928065,0.94736844,0.94736844,0.061918404,0.07801339,0.9375,1.0,1.0,0.07801339,0.07801339,0.05074036,0.11801508,0.16621351,-0.013423641950372576,-0.0003824811420877656,-0.00046683161851788336,0.0001526536081714651,2.541414613360764e-06,-5.742672109681171e-05,0.0005860776173715115,-0.0036208165987566083,-0.0034594291010585187,0.0,0.0,0.0,-0.0003411805256432935,-0.005630173688831996,-0.005600108127148364,-0.009369318735768862,-0.005483012105427536
0.8736976,0.84890395,0.87302923,0.97322625,0.9375,0.94736844,0.9193914,0.57730293,0.59080106,0.9375,1.0,1.0,0.59080106,0.59080106,0.4807405,0.6535708,0.5192137,0.004492561673799167,-3.70822723344104e-05,-0.0008377886184539746,9.600752046632396e-05,-0.0005325274626511149,0.00021461996285850312,0.00046391254466948944,-0.0003716125092566952,0.0004607750875190244,0.0,0.0,0.0,-0.00047321077546211293,0.0004143523407667417,0.0002794700775597545,0.0030335656942693822,0.00019188281436703487
0.85119754,0.8597005,0.8620851,0.9396432,0.913646,0.94736844,0.94736844,0.68076444,0.68806094,0.9375,1.0,1.0,0.68806094,0.68806094,0.8494905,0.5680152,0.68021363,0.003934907439084908,2.394207734960012e-05,-0.0004803015023540952,-2.86113910531075e-05,-0.00020280679349611973,0.00012378564152596493,0.0009123354540568662,-0.0020589493110870828,0.0009364766493732647,0.0,0.0,0.0,-0.0014083097740108452,0.0005045969360749028,-0.0006282400855553102,0.0016950364885479582,0.0012419726569838315
0.58062947,0.80478805,0.56628436,0.9062,0.62017804,0.94736844,0.94736844,0.2876876,0.30257836,0.9375,1.0,1.0,0.30257836,0.30257836,0.34574044,0.26023737,0.38921365,-0.004947852732585047,-7.671617707431161e-05,0.0011402331713660794,0.0005255188996860605,0.0009143211046574665,9.542483386223516e-05,0.0005654054324589219,-4.637623392015969e-06,-0.0012233977549199564,0.0,0.0,0.0,0.0006399847350300493,-0.0016602900063823955,-0.00047689815616156026,-0.005037266265101159,-0.0013374392774996554
0.9067657,0.8930203,0.27617794,0.27617794,0.83945024,0.94736844,0.94736844,0.38153356,0.3945253,0.9375,1.0,1.0,0.3945253,0.3945253,0.37074053,0.24023744,0.52221364,0.005699763923630341,0.0002578191714203459,0.0028383141767926363,-0.00037214070355138325,0.00042877577295849663,3.1461116249408905e-05,0.0009621804569921194,0.0021233700271081814,-0.0006918287942458059,0.0,0.0,0.0,0.0010316192364568317,4.5581789704248035e-05,0.00037384984090637057,-0.004119034282587572,0.0002512835389055564
0.71312946,0.799888,0.8478607,0.99197626,0.9375,0.94736844,0.67846555,0.5819181,0.5911882,0.9375,1.0,1.0,0.5911882,0.5911882,0.58699054,0.4702374,0.60721374,0.00020165812570827112,-0.0002816385575982185,-0.0010530923359944474,-0.0003986292504557903,-0.0006346507326276005,0.00026664024768265076,-0.0059853451671169075,2.681528429858691e-05,0.000360925792287984,0.0,0.0,0.0,-0.0007006206886288071,0.0007136955516964151,0.0001729282181609193,0.00032730730719762887,0.0010508283194576589
0.83794016,0.7579542,0.762279,0.8810272,0.7622188,0.94736844,0.94736844,0.6119182,0.6222693,0.9375,1.0,1.0,0.6222693,0.6222693,0.50449055,0.6624596,0.58021367,0.0035329070315940083,-0.0002811935549110278,-8.370058684899727e-05,8.011281837734538e-05,0.0013519880290684702,4.527867647726905e-05,0.0005777929993128378,-0.0008861929888168965,0.0005287470591598879,0.0,0.0,0.0,-0.000653609477774936,0.0003993606718546082,0.00019543178178922947,0.003031784983072333,0.0004527009226118194
0.5777507,0.74885076,0.82265276,0.9062,0.85391116,0.94736844,0.94736844,0.36691827,0.3808023,0.9375,1.0,1.0,0.3808023,0.3808023,0.45699054,0.43912622,0.29421368,-0.00398422727035995,-0.00010156906386420974,-0.0011679981837266597,4.31123522338743e-05,0.00034660362345791226,0.00016683207093453952,0.0009160576406529397,0.0015762423634035328,-0.0005850070337257891,0.0,0.0,0.0,0.0013519457713162314,-0.0001737798493124631,0.0006847264926069916,-0.0005959275477176154,-0.0021132951508862578
0.7415763,0.835134,0.51841104,0.51841104,0.91109073,0.94736844,0.94736844,0.59461063,0.603149,0.9375,1.0,1.0,0.603149,0.603149,0.64824057,0.5224597,0.66021365,0.0010309444340240385,-0.00015700555657784793,0.0008670586188907002,0.0001971820926501683,-0.00011594460590910335,0.00011939304371454267,0.0015547147386858872,-0.0003665747096705581,0.0004026798011642951,0.0,0.0,0.0,-0.0005138906396169956,0.0004448111192329943,-1.609061944169223e-05,0.00045081451248240434,0.001138310186232732
0.73388696,0.8492748,0.8328831,0.8810272,0.9375,0.94736844,0.9774537,0.4776874,0.48847008,0.9375,1.0,1.0,0.48847008,0.48847008,0.58824056,0.54357076,0.3452136,0.0006056555739160971,-5.554108036224151e-05,-0.0010234381803714495,0.00015877730956206134,-0.0004612566764097152,0.0001451143795614527,0.0012837482603359467,0.0010211988590518473,-0.00017921632715348868,0.0,0.0,0.0,0.00036549798462924137,0.00035452297857588305,0.0004351966408668304,0.0013870394293959516,-0.001595776778121964
0.62062943,0.7789187,0.7834822,0.7834822,0.97322625,0.94736844,0.94736844,0.4188413,0.43142307,0.9375,1.0,1.0,0.43142307,0.43142307,0.38574046,0.4191263,0.4662136,-0.002348215741308046,-0.00023160130656660143,-0.0005770115940266951,0.00015569310864047497,-0.001005630178913912,0.0002668589614230208,0.0011802062355762738,0.0013958181488325095,-0.00031302118537654704,0.0,0.0,0.0,0.0007508713201120837,0.00020991091161343342,0.00047344419352113505,-0.0010111847507753597,-0.00011212489056524694
0.75119764,0.87200075,0.5472192,0.5472192,0.97322625,0.94736844,0.94736844,0.53230286,0.54429644,0.9375,1.0,1.0,0.54429644,0.54429644,0.28199053,0.58801526,0.64121366,0.0015028757861876307,0.00013566332097419983,0.0009353738713476634,0.00024478115273990716,-0.000753157976614869,3.369401956324021e-05,0.0007961007500069603,0.0002648869791298256,0.0002027066633840122,0.0,0.0,0.0,-2.0559544191689413e-05,0.00039901289892290234,0.00042855744418384924,0.0018400557741006212,0.001134331182106686
0.93138695,0.787518,0.4739039,0.4739039,0.9005603,0.94736844,0.94736844,0.4696105,0.48158804,0.9375,1.0,1.0,0.48158804,0.48158804,0.4257406,0.50023735,0.5472137,0.00578372829828078,-0.0001672171071036519,0.0012450391822636684,0.00014546728509095487,-0.0002188317890840804,9.434971840757977e-06,0.0006938149883882175,0.0010738725486287035,-3.1608532052604495e-05,0.0,0.0,0.0,0.00040531554481136064,0.00031460394634168757,0.00043502308946264805,0.000538102232211119,0.0005241270575763471
0.81638694,0.792695,0.6000853,0.9062,0.6809359,0.94736844,0.94736844,0.47191826,0.48552752,0.9375,1.0,1.0,0.48552752,0.48552752,0.5132405,0.55134845,0.33421364,0.003634159295087317,-0.00014678007073751204,0.0009984839292715543,0.00012517470882719174,0.0019872958583089877,0.00021084634160652198,0.0016147040456835368,0.0009222604980310938,-4.570180602150121e-05,0.0,0.0,0.0,0.0003029267734935634,0.00038059163869587484,0.0005055986351636067,0.0018444185257476928,-0.0015049969121465451
0.6760082,0.822561,0.57452554,0.57452554,0.99197626,0.94736844,0.94736844,0.36537978,0.3764361,0.9375,1.0,1.0,0.3764361,0.3764361,0.19699049,0.24023734,0.67921364,-0.0006189165646739764,-0.0001292679153309784,0.001333364671647136,0.0003754226691335204,-0.0007325395231793885,0.00017326477748808467,0.0010856713221355204,0.0014993037095393097,-0.0005689720926248625,0.0,0.0,0.0,0.0010706231340897507,-0.00036001236360007794,-0.0005058252989413132,-0.005082568776095249,0.002231015924786078
0.77331877,0.81574774,0.8506511,0.9375,0.9375,0.81574774,0.90702903,0.49614906,0.5102042,0.9375,1.0,1.0,0.5102042,0.5102042,0.50449044,0.42801517,0.5952137,0.001849179390247973,-0.00020606906393579247,-0.001170792254674184,-0.00027031276250023573,-0.00044749252671468507,-0.00027527520145355166,0.0001050871208971138,0.0006835759850895657,1.8643891190819865e-05,0.0,0.0,0.0,0.00015973675832088704,0.0002573396158115724,0.00034026865938513543,-0.0013325171067740576,0.0009212277234211556
0.7752507,0.79284954,0.7727039,0.9062,0.8205734,0.94736844,0.94736844,0.49076447,0.5034408,0.9375,1.0,1.0,0.5034408,0.5034408,0.4082405,0.6524597,0.3912136,0.0026845726813016168,-7.526854876032251e-05,-0.0001946924422990636,9.310646328352343e-05,0.0008643902220639974,0.00013456097197605933,0.0012301610441278726,0.0008281172570125675,-5.454609749016818e-05,0.0,0.0,0.0,0.00025209350628055426,0.00031045468865139637,0.0003282340231911772,0.0035286890002755333,-0.0012098775361771726
0.5569551,0.7647942,0.6019585,0.9375,0.9375,0.7647942,0.86317396,0.1915336,0.20751987,0.9375,1.0,1.0,0.20751987,0.20751987,0.18324053,0.41134846,0.12621355,-0.005359036145231747,-0.00012592804850682148,0.0013322392419355294,0.0003535844961831721,-0.0001544068238513701,-0.00014612981793339508,-0.0007381367697156069,-0.0007391633953767999,-0.002164926929407354,0.0,0.0,0.0,0.0007901387776823064,-0.0030817039461574,-0.002280864156242633,-0.001715592271794441,-0.005459726652553776
0.24468271,0.6857224,0.8581048,0.9375,0.9375,0.6857224,0.9711938,0.40499526,0.41314718,0.9375,1.0,1.0,0.41314718,0.41314718,0.5132405,0.2769041,0.5452136,-0.0147292726582386,0.0002082072311424024,-0.0012868363321407626,-0.0008401950573457307,-0.0005531597511546471,-0.0010966438898385804,0.0016948736602084775,0.0008282996297948811,-0.00024075987504508983,0.0,0.0,0.0,0.001067578901210545,-0.000415653514964798,0.000508073612470797,-0.004524467803865814,0.00028584827214875894
0.67062944,0.73130935,0.6869458,0.9375,0.68696386,0.7789187,0.94736844,0.54307216,0.5541689,0.9375,1.0,1.0,0.5541689,0.5541689,0.62199056,0.6613485,0.3822136,-0.0008464211760207437,-0.00045647954395017264,0.00016576812866422647,-5.1424196487723194e-05,0.0018907745699005742,-8.156247971319308e-06,0.0011458879411667083,0.00041122071788593186,0.00012371841623656462,0.0,0.0,0.0,-0.00016573832527820584,0.0005657790958175815,0.00010491919393377011,0.003494646176857679,-0.0008078101797791984
0.80157626,0.7661778,0.63017243,0.63017243,0.90427727,0.94736844,0.94736844,0.5307645,0.54357404,0.9375,1.0,1.0,0.54357404,0.54357404,0.3644905,0.6624597,0.52121365,0.0026136542656719163,-0.00024884864927171937,0.0006666129694020462,0.0001552969729942947,-0.00017412315618544526,6.979469794816381e-05,0.000796829488568794,0.00036607075943239725,0.0001025882347564057,0.0,0.0,0.0,2.8411316775797115e-05,0.00033674676779860623,0.0004935584558700505,0.0032928592204318607,-3.145599003124e-05
0.5952507,0.7947065,0.7872769,0.9375,0.99197626,0.7947065,0.94736844,0.34537962,0.35591185,0.9375,1.0,1.0,0.35591185,0.35591185,0.19699049,0.5702374,0.3042136,-0.0037183844121461995,-6.309720743782576e-05,-0.0007376815146375569,-0.0002637162860615731,-0.001160424332139259,-0.0007129283637471715,0.0007601001674655569,0.0012423728011613537,-0.0006169870877780404,0.0,0.0,0.0,0.001424062082973616,-0.0007275582033648631,-0.0002141941487995005,0.0018173158309747037,-0.0020236405247699464
0.95869756,0.8913406,0.7872742,0.9375,0.7959258,0.9489912,0.94736844,0.48961052,0.49897623,0.9375,1.0,1.0,0.49897623,0.49897623,0.47699058,0.5213484,0.4322136,0.007445178704356926,3.2953672348239035e-05,-0.00036573567843481257,4.876896858719067e-05,0.0009604128450037744,0.0002624171445087676,0.001239760034998742,0.0008894016336759402,-1.4026467413966528e-05,0.0,0.0,0.0,0.00021364226009576415,0.0004245746814117281,0.00047880891956169366,0.0013426791124600487,-0.0007162925537986084
0.8621445,0.82957757,0.3259245,0.3259245,0.9375,0.94736844,0.82957757,0.47614905,0.48575473,0.9375,1.0,1.0,0.48575473,0.48575473,0.41449046,0.49690405,0.6112137,0.004112327020329018,-1.9852400774595293e-05,0.001770402141845575,-3.238293500370016e-05,-0.0003790241298659487,3.253434275896028e-05,-0.0019521927337416364,0.0011832528413278185,-0.00015991718313738463,0.0,0.0,0.0,0.0005468999404388983,0.00038666191187620725,0.0006267630420323234,0.00027648441113740165,0.000948035926473988
0.7436976,0.63747525,0.9045032,0.9375,0.9375,0.76465535,0.67766637,0.6096105,0.6184882,0.9375,1.0,1.0,0.6184882,0.6184882,0.5107405,0.68134856,0.5542137,0.000753069664332607,-0.0007995692845391843,-0.0011803219643344697,-0.00010802782882671402,-0.00038876606476712,-0.00027821247119570497,-0.0067466944863118885,-0.0004219357958666489,0.0005837642359930507,0.0,0.0,0.0,-0.0008309163563918348,0.00048115696324496144,0.0002775676290144482,0.0036510950903258827,0.000380549482546973
0.7529402,0.7469744,0.83908564,0.83908564,0.9375,0.94736844,0.90702903,0.36076444,0.37431893,0.9375,1.0,1.0,0.37431893,0.37431893,0.34699047,0.36468187,0.34421358,0.002461458827490341,-0.0002464676342328247,-0.0010509040020102497,0.00020124001996880324,-0.0003675077720172344,0.00023542196413472958,0.0005203451622271485,0.0015579252851191125,-0.0005766123365062862,0.0,0.0,0.0,0.0011810083897801477,-0.00010311586991201202,0.00037125339682367477,-0.0019122396305293584,-0.0014496141773757947
0.6977507,0.85104614,0.8502183,0.8502183,0.87109214,0.94736844,0.94736844,0.52614903,0.53713584,0.9375,1.0,1.0,0.53713584,0.53713584,0.5669905,0.3746818,0.62121373,-0.00019418869074460388,-0.00023754588049163018,-0.0010278577481722547,7.365030186600878e-05,0.00029248226265229883,0.00020629658950135674,0.0011386597778113604,0.000656519422127722,0.0001440299013898823,0.0,0.0,0.0,-1.2138476772288812e-05,0.000495431925530056,0.0004377309949036564,-0.002102775592410723,0.0011187292587611583
0.6254401,0.5890726,0.7572951,0.9668138,0.7187617,0.94736844,0.94736844,0.5799951,0.58733743,0.9375,1.0,1.0,0.58733743,0.58733743,0.3582405,0.74801517,0.54421365,-0.002271777877656489,-0.0012380563114565313,-0.00010535603660256042,6.136364837571373e-05,0.0015533884632834471,0.0001114973916861544,0.0009645138925089846,0.0001080869467430183,0.00035829868903929584,0.0,0.0,0.0,-0.00022200641947528585,0.0005778009973103984,0.0006991371637239416,0.0046061067365168904,0.0004181528099902601
0.73062944,0.7789276,0.6870902,0.97322625,0.91715527,0.94736844,0.94736844,0.48576444,0.4959246,0.9375,1.0,1.0,0.4959246,0.4959246,0.40074056,0.5624597,0.4112137,0.0007181029293925548,-0.00027917262845538534,0.00038022318665276877,-1.9743480747816468e-05,-0.00021155384645982447,0.00018285886872005628,0.0011838855141414267,0.0012351336321464474,-0.00014023035880396224,0.0,0.0,0.0,0.00036920085729896107,0.0004809703538821346,0.000485786372322828,0.0019080930262020469,-0.0007002089139839071
0.56794006,0.73830557,0.724848,0.9062,0.9062,0.94736844,0.94736844,0.20614932,0.22066201,0.9375,1.0,1.0,0.22066201,0.22066201,0.29074037,0.18357065,0.23921366,-0.005169996430557147,-0.00013757248110206837,-0.00044665520148448124,0.00035373563601536325,-1.2631837099087232e-05,6.235126246051472e-05,0.0009102436814879633,-0.00023907055506401613,-0.0018559664364259578,0.0,0.0,0.0,0.000908747561004447,-0.002585175153748367,-0.0010482814773382914,-0.007012874836282253,-0.003405714254890769
0.97983384,0.93297225,0.26955456,0.26955456,0.9375,0.94736844,0.93297225,0.53884137,0.54837364,0.9375,1.0,1.0,0.54837364,0.54837364,0.5969905,0.49579293,0.47321358,0.007120910883043503,0.0005881779110235204,0.0018102802432277704,-1.0585870441666344e-05,-0.00043869090247999405,-2.366347367914301e-05,0.00015128659929828593,1.6433039669206534e-06,0.00011713042753628181,0.0,0.0,0.0,-3.3542660667071206e-05,0.00022680095457213508,-7.802588117913733e-05,5.287940145940695e-05,-0.0003712225964464981
0.8894551,0.88555,0.61716455,0.9375,0.66581017,0.88555,0.94736844,0.76114905,0.76755977,0.9375,1.0,1.0,0.76755977,0.76755977,0.77699053,0.7502374,0.6442137,0.005334526279817862,0.00039064036188880976,0.0003273370233376483,-0.0002749140476142563,0.0018405183518334638,0.0001826413669364594,0.00159920542692362,-0.004094067322660808,0.0023119737483327262,0.0,0.0,0.0,-0.002998435998260601,-0.0003382156882497425,-0.0008736288091110082,0.004214733743336929,0.0008605279546980561
0.87869763,0.7347666,0.70401704,0.97322625,0.9375,0.94736844,0.99324316,0.58153355,0.589115,0.9375,1.0,1.0,0.589115,0.589115,0.5469906,0.78912634,0.35121363,0.0053432849072128814,-0.00023198394327709137,0.00023852070772318275,8.5466208448488e-05,-0.00043590687157412137,4.2715313384876914e-05,0.002392929692494829,-0.0007587936232544592,0.0005860773398735889,0.0,0.0,0.0,-0.0005507380391313756,0.0004212416661939101,0.0002426459593901714,0.005929729811447904,-0.0011813942883528263
0.92350817,0.87717986,0.64501965,0.64501965,0.9375,0.94736844,0.9528845,0.6953796,0.6966881,0.9375,1.0,1.0,0.6966881,0.6966881,0.7269905,0.4791263,0.7422137,0.006130884208048751,0.00012502356380260086,0.000551784655062781,0.00016732670086776557,-0.0005229912752091675,9.429024955019565e-05,0.0013748597911895693,-0.002005151408815904,0.001048549327134224,0.0,0.0,0.0,-0.0013362443936433765,0.000680510353673639,-0.00010781143985113417,0.0003368824675394616,0.001811957738662328
0.46926576,0.65412605,0.6873974,0.9375,0.9375,0.65412605,0.9774537,0.12653396,0.14183477,0.9375,1.0,1.0,0.14183477,0.14183477,0.05074048,0.21579297,0.23921366,-0.009217015431435875,-0.00024292512130071143,0.00017967198459563946,0.0005100879133471144,-3.0266319014186186e-05,-0.00021955876594835665,0.0013687331072667224,-0.002202680780605046,-0.002627401152655839,0.0,0.0,0.0,0.00026986950088926117,-0.004566177677323544,-0.004496247988063448,-0.006703545308178743,-0.004099089453300468
0.6029401,0.7735111,0.844046,0.844046,0.9375,0.94736844,0.99324316,0.68422604,0.6875627,0.9375,1.0,1.0,0.6875627,0.6875627,0.6307405,0.6746819,0.6702137,-0.003138857914201032,-0.0002676170010438481,-0.0005149325065370758,0.00013479174512044442,-0.00037026341280833706,7.742139108791519e-05,0.001799556893941361,-0.002102909772008194,0.000988970092134405,0.0,0.0,0.0,-0.0013834325066786803,0.00037027731099032916,-0.00019498587063134995,0.003347910928718827,0.001143422180993777
0.4485083,0.17080055,0.85603344,0.85603344,0.9375,0.94736844,0.17080055,0.1288414,0.14468408,0.9375,1.0,1.0,0.14468408,0.14468408,0.30949044,0.11801508,0.13321352,-0.008769765175926371,-0.00023554700752316263,-0.0012378075090150513,0.00018521010882446035,2.5173602685788775e-05,-4.0987106802742315e-05,-0.015148735515429975,-0.002136336968047776,-0.0019118897361896786,0.0,0.0,0.0,0.0019447636634429449,-0.0029650670371656695,-0.0007599255829793905,-0.0076431383395440915,-0.005220426966989422
0.6231295,0.7593898,0.59946394,0.59946394,0.9396432,0.94736844,0.94736844,0.4099953,0.4234411,0.9375,1.0,1.0,0.4234411,0.4234411,0.40574056,0.5335707,0.37121361,-0.0021553882295939648,-0.00026099259678366587,0.001090223748436076,0.0002518305505096618,-0.00032463958579623036,0.00012150380558801667,0.0010837989281514233,0.0017402122282698695,-0.0005400544214460879,0.0,0.0,0.0,0.0009932518818489239,0.0003095183426248051,0.00046026731668539377,0.0013432806159877713,-0.0014007431309826957
0.57581884,0.8153123,0.82265157,0.9375,0.97322625,0.8153123,0.94736844,0.40037978,0.41557264,0.9375,1.0,1.0,0.41557264,0.41557264,0.26074052,0.4191263,0.56721365,-0.004086856105553021,-0.0001318507563787519,-0.000980286071962565,-0.0003197687235473577,-0.001119256954399537,-0.0005351632644238682,0.000897772734268128,0.0012076893560471183,-0.00040966205481888574,0.0,0.0,0.0,0.0009624925355608215,-0.00033321684396336746,0.00014828967607323417,-0.0016350394222923127,0.0005161976148148575
0.5658188,0.76128936,0.81853485,0.9375,0.9375,0.76128936,0.9491732,0.5569182,0.5671623,0.9375,1.0,1.0,0.5671623,0.5671623,0.46949053,0.39579296,0.72821367,-0.0039773487881677476,-0.00014662058222385604,-0.0005555905296144044,-0.00052438039279544,-0.0006535822663792726,-0.000701387293849785,0.0012814236537729178,0.0005218215607996615,0.00013526378711038137,0.0,0.0,0.0,-0.00014989485178369623,0.0007607111120236446,0.0004643848043550863,-0.0015206973953535243,0.0015856017464741465
0.64275074,0.78975075,0.755983,0.99197626,0.93773437,0.94736844,0.94736844,0.42191827,0.43219045,0.9375,1.0,1.0,0.43219045,0.43219045,0.38824052,0.46023738,0.41021356,-0.0014296059477502138,-0.0002179778332104325,-0.00047065438305242955,-0.0004086920875578644,-0.0004073101580111536,0.0002781288383370246,0.0016087991588492404,0.0011125034675428054,-0.00026817302820338485,0.0,0.0,0.0,0.0007076852308467898,-4.512501207829613e-05,0.00038986137750054257,-0.00020002409712529618,-0.000794913452411428
0.63157636,0.8769778,0.32390597,0.32390597,0.9375,0.94736844,0.8769778,0.56422573,0.5740745,0.9375,1.0,1.0,0.5740745,0.5740745,0.5757405,0.49468178,0.5732137,-0.0016347670428757905,0.0002891785100816696,0.0018945155082124954,0.00024932018192720673,-0.0003820809993173579,6.686410409406907e-05,-0.0006420621991557144,-0.0004952582424585307,0.0004066784742210221,0.0,0.0,0.0,-0.0005765557915575014,0.0003024855983490953,-8.105302724637684e-05,0.0006262751773943813,0.0005921895211293515
0.866387,0.787518,0.4115544,0.4115544,0.93773437,0.94736844,0.94736844,0.44268754,0.4554381,0.9375,1.0,1.0,0.4554381,0.4554381,0.38824052,0.35357073,0.5502137,0.003790184208596939,-0.00017330974585157588,0.0016912543671998165,0.0001296191498172593,-0.0005279990186532682,0.00011893734011498299,0.0007837345202177232,0.0014012048523180131,-0.0003562701226471124,0.0,0.0,0.0,0.0006234556243615581,0.0001834915537999652,0.0003762672100948847,-0.0023337148195017097,0.00039457371936786584
0.69869757,0.8069667,0.80421203,0.9375,0.9375,0.8069667,0.8069667,0.17999531,0.19600226,0.9375,1.0,1.0,0.19600226,0.19600226,0.14199054,0.15468174,0.32721367,0.0005653242571126777,-8.649760233915907e-05,-0.001056074918025485,0.00014996429274981036,-9.475025079928596e-05,-0.0002131874322916573,-0.001979638844672689,-0.00016656378549849443,-0.0018412288201898796,0.0,0.0,0.0,0.0011528400554376508,-0.002826298178275968,-0.001786212194550716,-0.008008510688021697,-0.002279632425064916
0.66888696,0.6700168,0.5926204,0.5926204,0.9375,0.94736844,0.6700168,0.57076424,0.58179945,0.9375,1.0,1.0,0.58179945,0.58179945,0.43949056,0.60690415,0.6152137,-0.0006895075380836496,-0.0006337948235890106,0.000782861745603293,0.00020028396879113588,-0.0002947768430984488,6.791350163990636e-05,-0.005817296654675444,-0.00041165021432670076,0.000520962039518499,0.0,0.0,0.0,-0.0006158049631247725,0.0004222319913185841,0.00037414907866825095,0.002607035576693003,0.0010734331888494796
0.47312948,0.8558539,0.9005603,0.99197626,0.97322625,0.94736844,0.94736844,0.3957643,0.40782294,0.9375,1.0,1.0,0.40782294,0.40782294,0.24074054,0.27912617,0.69621366,-0.00746778398363564,-0.00017430731875130634,-0.00216612341666237,-0.0006546222613281051,-0.000966233525830293,0.0001979411846749292,0.000723191059573735,0.0011301559613476134,-0.0003349243410437007,0.0,0.0,0.0,0.0009436113562315552,-0.00028250879991707035,5.1139998341251397e-05,-0.004419991948964336,0.0019074014472719677
0.3979401,0.6943237,0.64464533,0.64464533,0.9375,0.94736844,0.9327985,0.40576452,0.41614792,0.9375,1.0,1.0,0.41614792,0.41614792,0.5869905,0.25245953,0.3452137,-0.009644475768372658,-0.0002037791139898869,0.0005582517427487876,0.0005700796964561414,-0.00045795613298322413,0.00019016000175582472,0.0004755060810285733,0.0012549042467736927,-0.00036676358878295873,0.0,0.0,0.0,0.0010341880988503597,4.506325399559565e-06,0.000897347500501815,-0.00444792642241867,-0.0014184121167565944
0.58062947,0.82841027,0.78269964,0.78269964,0.93370897,0.94736844,0.94736844,0.62691826,0.63478875,0.9375,1.0,1.0,0.63478875,0.63478875,0.53074056,0.55023736,0.7732137,-0.0034226685739475104,-0.00015124666614448222,-0.000140813427223891,0.0001656608213096348,-0.00035936298706503757,0.00018060758566237214,0.0010397592232591845,-0.0007010465024996538,0.0005785995858277782,0.0,0.0,0.0,-0.0007862768825739239,0.0007760007049889468,0.0002730634682832162,0.001425545901316394,0.002080735437806171
0.7392657,0.7315042,0.54519343,0.8892118,0.68040115,0.94736844,0.94736844,0.6096105,0.61849463,0.9375,1.0,1.0,0.61849463,0.61849463,0.7332405,0.6435707,0.44621363,0.0012398989284053976,-0.000347764063533062,0.0005429159583931883,6.792469004981347e-05,0.002035761066934165,0.00010009828617609983,0.0009129314217507522,-0.0012563531149822767,0.0008388789148195487,0.0,0.0,0.0,-0.0009872824667712268,0.00016966332608822916,-0.0005431493827087018,0.002723782292674085,-0.0003220471006635014
0.56331885,0.80859274,0.70401704,0.70401704,0.85603344,0.94736844,0.94736844,0.16037999,0.17567661,0.9375,1.0,1.0,0.17567661,0.17567661,0.05074048,0.31357065,0.23921366,-0.004936845809319667,-0.00012640839419569814,0.00011762492564795828,1.7174985238355752e-05,0.0001818994226985204,6.110303090627677e-05,0.0009361306196067837,-0.0010428802005153853,-0.0024244768723777456,0.0,0.0,0.0,0.0006123427603531778,-0.0035125451355290027,-0.0039853275062286244,-0.004233556421674378,-0.003890101525843616
0.6354401,0.8546253,0.9161427,0.9161427,0.9375,0.94736844,0.9774537,0.57268745,0.57270586,0.9375,1.0,1.0,0.57270586,0.57270586,0.32949054,0.6069041,0.7822136,-0.0019360395462651857,-0.00017219357642492533,-0.0012341953533407978,-0.00025094865007022933,-0.0005204808139957051,0.00023692684499936056,0.0018186329513605745,0.00017574975346782332,0.00016376403911156858,0.0,0.0,0.0,-0.0002308679313457848,0.0007694211243945759,0.0004704866911490708,0.0025604288688415855,0.0019735186041993664
0.80831885,0.6907785,0.8288198,0.8288198,0.90427727,0.94736844,0.94736844,0.48845673,0.4984933,0.9375,1.0,1.0,0.4984933,0.4984933,0.49574047,0.45579296,0.50121367,0.0029468379737530043,-0.00048388567834194775,-0.0006654822604957212,9.567472714646733e-05,-6.204455876027408e-05,0.00016023771084741934,0.0008486670768468188,0.0011886074415853893,-9.135740882677528e-05,0.0,0.0,0.0,0.0004067919016625244,0.0005553843469598524,0.0005924014885562341,-0.00023275932746448806,9.476644349320752e-05
0.12468264,0.4028507,0.72052866,0.72052866,0.9375,0.94736844,0.4028507,0.349226,0.36211637,0.9375,1.0,1.0,0.36211637,0.36211637,0.25199044,0.36468178,0.45621365,-0.018893148537898287,4.084184015616074e-05,-0.00011597197183451445,0.00040875113173652995,-0.000170333472233742,0.00014611289824663004,-0.012500452204950005,0.000809226598982301,-0.0005686308957580606,0.0,0.0,0.0,0.0015382775536999427,-0.0003253393016849571,-8.33682209767738e-05,-0.0025059225285472262,-0.00022048412528364092
0.5646826,0.84890395,0.8709672,0.9375,0.9375,0.84890395,0.8930203,0.4065336,0.41834715,0.9375,1.0,1.0,0.41834715,0.41834715,0.48199052,0.346904,0.43021363,-0.004683542485447661,-0.00030217994572833936,-0.00161907691576753,-0.0004368918467131182,-0.0005002833312121255,-0.0004128229272602033,-0.00033143707783151957,0.0008711117871250937,-0.00037145345348780145,0.0,0.0,0.0,0.0008313527228572245,-0.00042535173938937235,0.00023632992038430208,-0.0029779203246802564,-0.0007818952753476929
0.87638694,0.85578114,0.53655756,0.53655756,0.9027577,0.94736844,0.94736844,0.60653365,0.61447924,0.9375,1.0,1.0,0.61447924,0.61447924,0.7819905,0.5135708,0.55021363,0.00449427757846509,0.00016509642756774745,0.000782832752843036,0.00010440211868850355,-0.00013346374829199952,4.258009896778922e-06,0.0008841374991109852,-0.0009362050068906285,0.0005857789279117997,0.0,0.0,0.0,-0.0006784870484468877,0.0003358412310701542,-0.0004323172991908758,0.0004889686032718156,0.0003284523514143953
0.96945506,0.86329323,0.66622186,0.7998041,0.7207582,0.94736844,0.94736844,0.60461044,0.6151331,0.9375,1.0,1.0,0.6151331,0.6151331,0.6307405,0.69801515,0.5572136,0.007266725984229594,0.00011685533722949294,0.00020673210719428716,0.00018498679955501702,0.0015133974262287317,0.00012975426201103154,0.0011142122317765514,-0.0006208185118212879,0.0006918988505130903,0.0,0.0,0.0,-0.0006027597681443246,0.0005888041106038031,0.0003014984639210266,0.004026977126800029,0.0006156679045563091
0.7533188,0.82776797,0.55137354,0.93773437,0.9375,0.94736844,0.8930203,0.46422592,0.4744175,0.9375,1.0,1.0,0.4744175,0.4744175,0.5319905,0.22690402,0.58921367,0.0018020899007861546,-0.00020697586439994266,0.00115164780916247,-0.0004253802787502713,-0.0005646348344875731,0.00020721269881370324,-0.0002731493620119993,0.0011724293863807564,-0.00011978874516441655,0.0,0.0,0.0,0.0004455117402373564,0.00023812510425679498,0.00042499124147251125,-0.004956192261000557,0.0007407799835835637
0.7361975,0.8351259,0.7777012,0.7777012,0.9375,0.94736844,0.9711938,0.5992259,0.6034709,0.9375,1.0,1.0,0.6034709,0.6034709,0.6507405,0.38468182,0.7542137,0.0008199598366204158,-7.000624702161476e-05,-0.0003324533124507318,0.00021831435301538943,-0.000542328841057437,6.725032697743042e-05,0.001264301514993778,-0.00043133968279780656,0.0004037848877688565,0.0,0.0,0.0,-0.000438571183756558,0.0007340438273140042,0.000155502107155921,-0.0016397044441100682,0.0019475604433653593
0.5979401,0.7877081,0.8729616,0.8729616,0.91715527,0.94736844,0.94736844,0.43076456,0.44301757,0.9375,1.0,1.0,0.44301757,0.44301757,0.3594905,0.44357067,0.55021363,-0.0027206574320141758,-0.0001816421772234438,-0.0015033065927189245,4.8953730252119445e-05,-0.00013601944525368248,0.00023078127661808515,0.001012133419134159,0.0011376064507502839,-0.0002637801978826858,0.0,0.0,0.0,0.0006871829989494521,2.8270982291460447e-05,0.0002887697848260347,-0.0006445023960446704,0.0006167572829977424
0.43794024,0.73649716,0.9062,0.9062,0.97322625,0.94736844,0.94736844,0.28345695,0.29840776,0.9375,1.0,1.0,0.29840776,0.29840776,0.42824048,0.15468185,0.4072137,-0.008977314485578133,-9.65903138532449e-05,-0.001975250426592078,-9.402413519909562e-05,-0.00033498363523019816,0.00017877658325700548,0.0011962102412514022,0.00021843920066086478,-0.0009778451083107922,0.0,0.0,0.0,0.0011324028372043562,-0.0016810158406587198,0.000276114601055481,-0.007709789066470279,-0.0010575374074908517
0.9035082,0.80109125,0.8287943,0.93370897,0.9396432,0.94736844,0.94736844,0.56807196,0.5781469,0.9375,1.0,1.0,0.5781469,0.5781469,0.58699054,0.40801513,0.6442137,0.00562436800408456,-0.0001934407872002263,-0.00038180305925012716,-7.82707698381836e-05,-0.0005786189249113552,0.000127571981981061,0.0009976529119430416,-0.00020169030564405935,0.00021853003453193277,0.0,0.0,0.0,-0.00034229650660572977,0.0004099008894414613,6.853420882788025e-05,-0.0012992528965109036,0.0009298435804886735
0.37006134,0.66305715,0.99197626,0.9375,0.9375,0.66305715,0.8472302,0.61961055,0.6268455,0.9375,1.0,1.0,0.6268455,0.6268455,0.46324056,0.82801515,0.6052137,-0.011162807548561395,-0.0003439392895870867,-0.001896709112019899,-0.0005795048952481215,-0.00044156928595605105,-0.0014784720915122895,-0.002055779784638793,-0.00019180245218456605,0.0005370933158148864,0.0,0.0,0.0,-0.0010130289462420175,0.0007396487789435742,0.0003073824666869424,0.006979973522778154,0.0008254291179260584
0.41562942,0.64505315,0.75559264,0.75559264,0.9375,0.94736844,0.64505315,0.7115336,0.71926713,0.9375,1.0,1.0,0.71926713,0.71926713,0.7532405,0.6435707,0.6952137,-0.008148259990621565,-0.0009582803194815395,1.9927556117098725e-05,0.00027129457807253016,-0.00022013770739678375,0.0002762280310872375,-0.0069018359952110085,-0.002369633034676273,0.0014095186522871768,0.0,0.0,0.0,-0.0022456514487504474,0.00017824105653516638,-0.0007851196027238777,0.002635071640500415,0.0012056748974845768
0.65831894,0.86301184,0.91411304,0.91411304,0.9375,0.94736844,0.9210105,0.48422593,0.49372607,0.9375,1.0,1.0,0.49372607,0.49372607,0.41949058,0.406904,0.6342137,-0.0009314512707431704,-0.0002848689558438594,-0.001803578644167308,-0.0002839889209001848,-0.0004846014250939022,0.000359256389913562,0.00036142783559616224,0.0008271175085044992,2.23673894646091e-05,0.0,0.0,0.0,0.00024945880052466417,0.0004099013091208771,0.0003838014046496661,-0.0012485315880085574,0.0013781970992989287
0.6236975,0.79102314,0.44691816,0.44691816,0.90427727,0.94736844,0.94736844,0.4107644,0.42584375,0.9375,1.0,1.0,0.42584375,0.42584375,0.40699053,0.276904,0.59421366,-0.0017763644535761147,-0.00020140146071314695,0.0018318954077120517,0.0004082498975312418,-0.00014705155124986803,0.00013862098602486245,0.0011923965470228876,0.001983217520093037,-0.0004993007715269285,0.0,0.0,0.0,0.0009551299218001907,0.00023251757627199582,0.0005521836710047223,-0.003669882899946648,0.0009178390626963085
0.49525073,0.7538843,0.9062,0.97322625,0.9375,0.94736844,0.9774537,0.5149953,0.52843285,0.9375,1.0,1.0,0.52843285,0.52843285,0.5657405,0.39134842,0.5602137,-0.006896851792818972,-0.00013513504550553658,-0.001608002072099611,-0.0006204897724174201,-0.0005168488046180314,0.00023523363437145083,0.0017787706889233258,0.000720427508168838,-0.00010672597947395079,0.0,0.0,0.0,0.00015272096299768655,0.0003167594931400439,0.00024251228701811935,-0.002227738281964809,0.00032620414985792394
0.9998338,0.94736844,0.436073,0.436073,0.436073,0.94736844,0.94736844,0.7538414,0.7597081,0.9375,1.0,1.0,0.7597081,0.7597081,0.6982405,0.7369041,0.6992136,0.007851613935878212,0.0007813919581641842,0.0008248162466937392,0.0005032127797193172,0.003905761845707139,5.5149830820600546e-05,0.0013865420970336705,-0.0037637477466100633,0.0020504615642710374,0.0,0.0,0.0,-0.002570363340595478,-0.00019936677722135797,-0.0004893479672720241,0.0038977351376308007,0.0012520392610177835
0.6156295,0.8805094,0.6704016,0.6704016,0.9062,0.94736844,0.94736844,0.44922578,0.46344042,0.9375,1.0,1.0,0.46344042,0.46344042,0.44449055,0.49579293,0.35521364,-0.0021267611461529322,-9.040100803669412e-05,0.0005866348947888168,0.00031343343827267884,-5.489065489627458e-05,0.0002063236993773384,0.0012231264417501115,0.0013036175916883014,-0.0002839404668476872,0.0,0.0,0.0,0.0005647822903856753,0.000339163121849681,0.0004187878840754759,0.0005095821441019096,-0.001461446694180297
0.80525076,0.862741,0.91411304,0.91411304,0.93370897,0.94736844,0.94736844,0.637303,0.64560807,0.9375,1.0,1.0,0.64560807,0.64560807,0.3532406,0.6824596,0.7872137,0.0030583989001728767,-8.602867692415643e-05,-0.000916293079701479,-1.4212871375879959e-05,-0.00025802795433294825,0.0002467086327093666,0.0014853917866039868,-0.001116614238361091,0.0006803360026367923,0.0,0.0,0.0,-0.0009096679118518691,0.0007087764027064827,0.0004121907529929151,0.0035738506087958904,0.0023411947085453678
0.8486976,0.89144605,0.82265157,0.8892118,0.90095365,0.94736844,0.94736844,0.37230286,0.38362223,0.9375,1.0,1.0,0.38362223,0.38362223,0.54199046,0.16801506,0.50121367,0.0047445320256194225,-0.00021333752481605102,-0.0010174055974631053,-3.369274315340679e-05,-0.00011540808069644214,0.00020242362654358727,0.0005071202174722378,0.0012360064804819624,-0.0005182245784661484,0.0,0.0,0.0,0.0010814072035164068,-0.00043994859373558474,0.0004829409110672219,-0.006838681839940197,8.646757770556928e-06
0.48256132,0.752163,0.9292761,0.9292761,0.97322625,0.94736844,0.94736844,0.5880721,0.5945133,0.9375,1.0,1.0,0.5945133,0.5945133,0.42074054,0.57912636,0.6992136,-0.006422405100433004,-0.0001463573826436401,-0.001404821032112502,-0.0002120558364491886,-0.0010274548125891012,0.000252243241891089,0.0006698008090074853,6.201151847628447e-05,0.00029797478055191944,0.0,0.0,0.0,-0.00044287076614250387,0.0009681201585740423,0.0004268309141582001,0.002444801514744578,0.001457170933955152
0.76369756,0.78751653,0.67837816,0.9375,0.6612934,0.78751653,0.94736844,0.5865336,0.5947018,0.9375,1.0,1.0,0.5947018,0.5947018,0.6982405,0.5391263,0.44321364,0.0017119552769983132,-0.00020206134328367573,0.00036317253478797815,1.0189817538331066e-05,0.002233078670180169,-4.542940441657553e-06,0.0006595250338463419,-0.0001683685282979783,0.0004777346472408564,0.0,0.0,0.0,-0.00043344554924532914,0.0007123338266042647,8.598963840431489e-05,0.0015397381862234936,-0.0004029488804985948
0.42544013,0.6822928,0.8581048,0.8581048,0.9375,0.94736844,0.71552885,0.34999526,0.36493662,0.9375,1.0,1.0,0.36493662,0.36493662,0.41949052,0.41134846,0.3492137,-0.008968730717425141,-0.00010281395903233839,-0.0015679430719075394,-9.172452224627612e-05,-0.00040137517572512264,0.00017117153489519852,-0.0049839407343942,0.0010379645094340155,-0.0006172984084515259,0.0,0.0,0.0,0.001417436878887971,-0.00042199507991819027,0.0004386216019908903,-0.001526793170826217,-0.0014659677878119323
0.9406295,0.8770352,0.81891304,0.9396432,0.91109073,0.94736844,0.94736844,0.5734568,0.58316094,0.9375,1.0,1.0,0.58316094,0.58316094,0.58699054,0.6380152,0.4742136,0.006256289761252001,0.00011935130730967969,-0.0004731045963442542,2.9024936962845393e-06,-0.00016097803218567076,4.48597406850107e-05,0.0011048806587827548,-0.000516949730042097,0.0003907251701658335,0.0,0.0,0.0,-0.000483298917337674,0.00032208401766812834,0.00010370589535174772,0.0026620541656248464,-0.0002810174784697247
0.72100824,0.8167491,0.38092184,0.38092184,0.9375,0.94736844,0.8167491,0.57691824,0.5825305,0.9375,1.0,1.0,0.5825305,0.5825305,0.74824053,0.3869041,0.5422136,0.0007237726646812065,-0.00014119243215032556,0.0014183109012875156,0.00018269450595757963,-0.0004817786484185637,5.145979501519293e-05,-0.0020157630688081214,-0.00040820198308616815,0.00039360250718026166,0.0,0.0,0.0,-0.00048763758934635006,0.00035164628569498145,-0.00036971507703179696,-0.001470825426875827,0.00023317780322036714
0.75081885,0.822561,0.7522105,0.7522105,0.90427727,0.94736844,0.94736844,0.3599952,0.37273017,0.9375,1.0,1.0,0.37273017,0.37273017,0.21574044,0.34690413,0.5222136,0.0019799946593753877,-0.00011469839035732743,-0.00041486059888624525,0.00023235413561160427,6.290386428766056e-05,0.00016464251303582866,0.0009587168910542129,0.0013771373954677946,-0.0007071488103869298,0.0,0.0,0.0,0.0012204006841019083,-0.0003871715386917744,-0.00042903053207909406,-0.002886191994940857,0.0003459910980007172
0.2021826,0.7909826,0.9396432,0.9396432,0.97322625,0.94736844,0.94736844,0.31153372,0.32345656,0.9375,1.0,1.0,0.32345656,0.32345656,0.3019905,0.24023734,0.44621363,-0.01819106080068169,-0.00012734835542020954,-0.002434934720695521,-9.358140667652218e-05,-0.00021949444581543593,1.4896594475323974e-05,0.00064518630190046,0.00023248852401712642,-0.0010242233086445941,0.0,0.0,0.0,0.0010683536131524116,-0.00152454829945411,-0.0006823199760447028,-0.006056605131157955,-0.0007749176749303367
0.6990763,0.7505975,0.7224034,0.8498538,0.6518434,0.94736844,0.94736844,0.5480719,0.5574029,0.9375,1.0,1.0,0.5574029,0.5574029,0.15699053,0.7002374,0.6952137,8.137262060441297e-05,-0.0002941981395361642,0.00025270015157741134,4.704113735138409e-05,0.0024576507692280003,8.234287019585313e-05,0.0008261308279006238,0.0003947496629372131,0.00029555864079205377,0.0,0.0,0.0,-3.018501702333559e-05,0.0006072814753382273,0.0005280050849225689,0.004321177313598474,0.001909940276403409
0.8665763,0.8769778,0.41227117,0.41227117,0.93773437,0.94736844,0.94736844,0.578072,0.5837576,0.9375,1.0,1.0,0.5837576,0.5837576,0.6157405,0.3624595,0.7222137,0.0042171071678285404,0.00016904540360544642,0.0013521657588137909,0.00022721954965461926,-0.0004721442081875283,1.5818568276068506e-05,0.000981181983211033,-0.0004973005994695157,0.00036921674956964313,0.0,0.0,0.0,-0.0004201117516765758,0.00036464264667589364,-1.3066906461570867e-05,-0.0019683087398156373,0.0016221832780575422
0.831387,0.81907153,0.34675086,0.9375,0.34675086,0.81907153,0.94736844,0.46268743,0.4776868,0.9375,1.0,1.0,0.4776868,0.4776868,0.47449046,0.36023733,0.5272137,0.0038248309055355354,-9.171235124477681e-05,0.0021010522388386897,0.0001315376600411554,0.005211530777314828,0.00015094817029142338,0.0011475953587437278,0.001413997967263537,-0.00025694108744424147,0.0,0.0,0.0,0.0006275924142979146,0.0005440443074144008,0.0005075798532588195,-0.0016464476731092247,0.0003662579699773993
0.77119756,0.8157594,0.83717763,0.9375,0.97322625,0.8157594,0.94736844,0.54922587,0.5639102,0.9375,1.0,1.0,0.5639102,0.5639102,0.52449054,0.5102374,0.5362137,0.0018622236045221596,-0.00015347951552579728,-0.0008420081843539376,-0.00026826963446765166,-0.0008174281397401628,-0.0003413255878018542,0.0009082383352401108,0.00045027558432385225,7.879801953361838e-05,0.0,0.0,0.0,-0.0001357171556259365,0.0005014160335507521,0.00020027498118989004,0.0005040872794940774,0.00016186923485668415
0.34775087,0.5573057,0.9062,0.9062,0.9375,0.94736844,0.5399664,0.13076459,0.1455822,0.9375,1.0,1.0,0.1455822,0.1455822,0.18324041,0.118015185,0.23921366,-0.01325359055065161,0.00024168057856413036,-0.0020265470863542233,5.3857279292734525e-05,-6.335785311084044e-05,1.7666577668227628e-05,-0.007666077253182071,-0.0021894900192753076,-0.002001349003368147,0.0,0.0,0.0,0.001323231546681057,-0.003969567132725822,-0.0027544288151019084,-0.00917500092434004,-0.003827057751775916
0.6536976,0.7522788,0.8170844,0.8170844,0.97322625,0.94736844,0.94736844,0.24230282,0.2574639,0.9375,1.0,1.0,0.2574639,0.2574639,0.14199054,0.40134844,0.30021352,-0.0009212316986857383,-0.0001755270341711345,-0.0008118306257115372,8.823705797890723e-05,-0.00012968166933090394,0.00011105338429702107,0.0005972743419249912,-0.0002249433688690841,-0.0015452464665109747,0.0,0.0,0.0,0.0006242279148091624,-0.0020538832511242684,-0.002553315095031068,-0.0010216012076512105,-0.002553338865700585
0.49562952,0.7034205,0.8729616,0.9062,0.9375,0.94736844,0.71008945,0.37961066,0.39359468,0.9375,1.0,1.0,0.39359468,0.39359468,0.3644905,0.32579285,0.46821356,-0.007049147227633402,5.17260162072887e-05,-0.0018616185743309094,-0.00033670781539858253,-0.00038455849806255367,0.00015848930423858473,-0.005412006098861087,0.0011222784396053658,-0.000449245489430111,0.0,0.0,0.0,0.0012434657375532216,-0.00033965794328455647,0.00041637575781526396,-0.003646237531600437,-0.0003340728305175936
0.5854401,0.62749356,0.6432804,0.939427,0.59958476,0.94736844,0.94736844,0.47999498,0.4919075,0.9375,1.0,1.0,0.4919075,0.4919075,0.41449058,0.5135708,0.4832136,-0.0031062744076635713,-0.0007559314865873818,0.000773447538088462,0.0001558774135892767,0.0026316629544592095,9.736920134398738e-05,0.0008961684313821108,0.001078445903852199,-6.040767295025824e-05,0.0,0.0,0.0,0.00040971812704909303,0.00047600867589557924,0.0005450012773313659,0.0011944904141010172,-0.00010194399212263505
0.56718254,0.70685923,0.9062,0.9062,0.9375,0.94736844,0.99324316,0.29461068,0.30755174,0.9375,1.0,1.0,0.30755174,0.30755174,0.24824047,0.276904,0.4702136,-0.004697289275110871,-9.613818116052893e-05,-0.0022921577249551423,0.00022121184821690662,-2.8949106907983876e-05,0.0001435083661808921,0.002109167961934991,5.309273838723368e-05,-0.0011411371546171422,0.0,0.0,0.0,0.000928101516113004,-0.0017675358247375187,-0.0011917841858006015,-0.005264551288909165,-0.00039653061880429163
0.9169551,0.9210105,0.030137805,0.030137805,0.97322625,0.94736844,0.94736844,0.23422608,0.24933861,0.9375,1.0,1.0,0.24933861,0.24933861,0.2657405,0.2424595,0.23921366,0.007437351208295537,0.0006992925447490126,0.006729287337570411,-0.0035276726689367236,-0.00011093259056751015,-0.00015817133839363473,0.0009458929939868945,0.0013403650706949443,-0.0023287882795595912,0.0,0.0,0.0,0.0007648772723095846,-0.0012864548145932759,-0.001350345692169248,-0.004633145076923211,-0.003825474699891248
0.78331876,0.8845964,0.7974869,0.7974869,0.86482304,0.94736844,0.94736844,0.6176875,0.626544,0.9375,1.0,1.0,0.626544,0.626544,0.7469905,0.49468178,0.6412137,0.0024655358785014288,0.00012949226758563213,-0.000197800846487556,0.00013100954497324968,0.00036051356171500683,0.00019592932407676476,0.0013129863717322393,-0.0007343166723340886,0.0005414226564041766,0.0,0.0,0.0,-0.000687541903838194,0.0005980311770107823,-0.00010651532923567134,6.867089317922404e-05,0.0010577617509011368
0.32062954,0.7469763,0.66424805,0.66424805,0.9062,0.94736844,0.94736844,0.37076452,0.38474092,0.9375,1.0,1.0,0.38474092,0.38474092,0.3019905,0.3713485,0.4662136,-0.014124535029434693,-0.000203664094675335,0.0005230763592232199,0.00022012284678099017,-2.0463186433161695e-05,0.00011041893820723487,0.0007501833617687012,0.0005179588136182362,-0.0006992264568373291,0.0,0.0,0.0,0.0006669080240531456,-0.0007838484239820107,-0.0006726563187118151,-0.002493281446216107,-0.0004274502449402809
0.7558188,0.8471872,0.79748535,0.9375,0.9375,0.8471872,0.99324316,0.4792259,0.4911681,0.9375,1.0,1.0,0.4911681,0.4911681,0.58699054,0.35690403,0.44621363,0.0025825500590058803,-0.00017550470942561146,-0.0005541925348095221,-0.00033319616946752407,-0.00033795354867765685,-0.00033085082926955373,0.0022515858848759177,0.0008569808789571429,-6.985261274765543e-05,0.0,0.0,0.0,0.0002873059428242636,0.00032254992513990776,0.0004908612898905916,-0.002580138268019406,-0.0005008534682069258
0.65544015,0.859315,0.7895206,0.7895206,0.90427727,0.94736844,0.94736844,0.24037991,0.25617576,0.9375,1.0,1.0,0.25617576,0.25617576,0.30324042,0.17801507,0.33321363,-0.0011361659446604505,-0.00012603673034846316,-0.0008978296849456502,0.0002851153127860529,1.1105749476145941e-05,6.224877957560507e-05,0.0012048463881374565,-0.00015138048115218288,-0.0016396725932615625,0.0,0.0,0.0,0.000848912150760451,-0.0023024234051922748,-0.0009300850100680759,-0.007539125700521621,-0.0023303193465676456
0.3531296,0.76809597,0.83945024,0.9375,0.9062,0.76809597,0.94736844,0.21653381,0.23110904,0.9375,1.0,1.0,0.23110904,0.23110904,0.18324053,0.26468182,0.23921356,-0.014082806601029351,-0.00011199518676498762,-0.0018749358589147385,0.00038948802887829316,-4.999661311522428e-05,-0.00027680977306385966,0.000770726172928799,-0.0008284196138613412,-0.001961526002942068,0.0,0.0,0.0,0.0006592157016688788,-0.0031345662574176394,-0.0023411738787784287,-0.006169634037415343,-0.003815087075989715
0.8660082,0.90702903,0.52146137,0.52146137,0.93773437,0.94736844,0.94736844,0.514226,0.5221893,0.9375,1.0,1.0,0.5221893,0.5221893,0.52574056,0.40912616,0.5622136,0.00445953995979826,0.00020272307490022657,0.0011989881375407577,0.0002541243414459971,-0.0005064823322621899,0.00012544058965369365,0.0010993217077809936,0.00028681199678200783,6.390318332332154e-05,0.0,0.0,0.0,-1.4773186133549692e-05,0.00025574800396683265,0.00016907936085460416,-0.001180944675167193,0.00046073715878301345
0.8681295,0.867957,0.77242273,0.77242273,0.9375,0.94736844,0.99324316,0.6992258,0.7019907,0.9375,1.0,1.0,0.7019907,0.7019907,0.6744906,0.66357076,0.7102137,0.004417422024696951,0.00014514353882389918,-9.355876596508287e-05,0.0001197900065206933,-0.00037520537746875643,2.8815099797389402e-05,0.0021150245391578578,-0.0022839818902162952,0.000977838351304479,0.0,0.0,0.0,-0.001336081855377338,0.0004342204729903741,-0.0002060425551017053,0.0029298896280250696,0.0013401056542489676
0.7975613,0.85590434,0.91715527,0.9396432,0.9062,0.94736844,0.94736844,0.42614907,0.43848166,0.9375,1.0,1.0,0.43848166,0.43848166,0.29074037,0.26912627,0.6752137,0.0029816675507569794,-0.00017555322078459555,-0.002002650525188549,-0.0003760267722403768,-0.00016459518946238268,0.00016622097798081554,0.001026952323143443,0.0011487295131717376,-0.00034835238939705314,0.0,0.0,0.0,0.000779245583507627,-5.769912397891652e-05,0.00020528844914851951,-0.004571122329456175,0.0014406326151785067
0.8831294,0.8276937,0.71184886,0.939427,0.9375,0.94736844,0.99324316,0.6946106,0.6999141,0.9375,1.0,1.0,0.6999141,0.6999141,0.7657405,0.67245966,0.58021367,0.004635162577573266,4.097916507205188e-06,7.172278018859377e-05,-0.00016081666862753668,-0.0005233028368636645,9.215985342599265e-05,0.0018212386810667097,-0.002491938478248108,0.0013273060017703839,0.0,0.0,0.0,-0.0016757170833998005,0.00027108007983310257,-0.0004913590559735375,0.003420912117133587,0.0005176107879539382
0.923887,0.80708575,0.49094927,0.97322625,0.5366084,0.94736844,0.94736844,0.47191826,0.48447478,0.9375,1.0,1.0,0.48447478,0.48447478,0.5257405,0.48912632,0.47721368,0.00595790774041417,-0.00010899427921622094,0.0012931594311844962,8.389775483102168e-05,0.0034885322208930906,8.347837913417068e-05,0.0010340817186008237,0.0013377057902288852,-0.0002508882912459339,0.0,0.0,0.0,0.0005689705237280605,0.0004133204043582986,0.0004432793349311634,0.0004471088477788215,-0.00029723871359136554
0.489872,0.73513865,0.7205277,0.7205277,0.9375,0.94736844,0.6907785,0.3796105,0.3931545,0.9375,1.0,1.0,0.3931545,0.3931545,0.32074046,0.42801508,0.45621365,-0.006788922896114677,-0.00015624954383051444,0.00015663792901310378,0.0003501253636619232,-0.0003633360219474146,0.00033876749839373055,-0.005871736507135284,0.001070396782966441,-0.0004917134435514541,0.0,0.0,0.0,0.001110633571127481,-0.00018282839843262937,0.0003309255581061328,-0.000784661905013158,-0.0003102116066903378
0.8131294,0.8351261,0.7703345,0.7703345,0.9657926,0.94736844,0.94736844,0.5480722,0.55618167,0.9375,1.0,1.0,0.55618167,0.55618167,0.6294905,0.46912628,0.5622136,0.0033099662088117905,-9.856452145876472e-05,-9.26836084405482e-05,0.000158778359662521,-0.0008600881305017705,0.00015687916802521393,0.0008177606527325557,0.00010853923658747061,0.00018236738007096654,0.0,0.0,0.0,-0.0002415402545415641,0.0005151539487437559,0.0001328237921938694,0.00021827611807227976,0.0004909732418162205
0.7185082,0.658744,0.6065549,0.6065549,0.9375,0.94736844,0.658744,0.5426875,0.5495756,0.9375,1.0,1.0,0.5495756,0.5495756,0.58699054,0.46468183,0.64121366,0.000660641863333529,-0.0007080032679538281,0.0005831178128241617,0.000186405019304662,-0.0004068856214353215,7.075470269490771e-05,-0.00620633454689477,0.00012212127303506986,0.00020064195133551657,0.0,0.0,0.0,-0.0002305998388425346,0.00036997969721440317,9.243666881917504e-06,-3.218103232283123e-05,0.0010433917834669327
0.75369763,0.83513457,0.5118601,0.5118601,0.97322625,0.94736844,0.94736844,0.4930722,0.5068365,0.9375,1.0,1.0,0.5068365,0.5068365,0.42824048,0.6091263,0.4522136,0.0013206245730562173,1.6098151279768935e-05,0.0010014212119543128,0.00016605625853362093,-0.0008724581337740112,1.582109035820234e-05,0.0010802089706644128,0.0006685979447678621,-6.908817101816783e-05,0.0,0.0,0.0,0.0002386853702492856,0.0002557844299329111,0.0003349889335030309,0.0021823765075437446,-0.00046771367071821694
0.92945504,0.7732529,0.5394236,0.8338667,0.65165097,0.94736844,0.94736844,0.5369182,0.54818964,0.9375,1.0,1.0,0.54818964,0.54818964,0.6044905,0.4946819,0.5452136,0.005477907604452753,-0.00019915751700434156,0.0008850651141331878,8.315746775137506e-05,0.002615338551773484,4.507889254364433e-06,0.0005262524951695813,0.00012915958357757957,0.00012005591541244832,0.0,0.0,0.0,-6.425605733945982e-05,0.0003197293695082888,-4.881425797554963e-05,6.641939406242595e-05,0.00026461252553689374
0.7440764,0.80695844,0.52429575,0.52429575,0.83945024,0.94736844,0.94736844,0.4699949,0.48142222,0.9375,1.0,1.0,0.48142222,0.48142222,0.14199054,0.47468185,0.75821364,0.0016115564242314044,-6.353722734752148e-05,0.001184877950406633,0.00014553303829547626,0.0005658628901883203,5.260138132437572e-05,0.0009685127103500815,0.0011508028339006135,-2.7162590592241743e-05,0.0,0.0,0.0,0.00042666495894333646,0.0004415330710532808,0.00033993122225328486,0.0004759005155944938,0.0025377285953783013
0.7817657,0.8913406,0.32166678,0.32166678,0.90427727,0.94736844,0.94736844,0.41999525,0.43511,0.9375,1.0,1.0,0.43511,0.43511,0.21074045,0.6869041,0.3822136,0.0013151060758255864,0.0003437847422214071,0.0019832051215103257,-0.0005589921682447447,-0.00014791779483772929,-7.621316339585168e-05,0.0005391149913357634,0.0023166128812456147,-0.0007055074089771036,0.0,0.0,0.0,0.001176671781380591,0.00023319707012374403,0.00030301878621841736,0.003459083160815021,-0.0013159237648313836
0.39256138,0.7082575,0.90295684,0.9375,0.9375,0.7082575,0.80593956,0.6142258,0.6213676,0.9375,1.0,1.0,0.6213676,0.6213676,0.6982405,0.5491263,0.5702136,-0.010221286323934544,-0.00015781566761045016,-0.001285215261024488,-0.0006379959528786435,-0.00043078192508590527,-0.0013392550660979552,-0.003332666692895095,-3.983686042441261e-05,0.0004747615529328264,0.0,0.0,0.0,-0.0009713511891350647,0.0008120131693255609,-8.944005108347703e-05,0.0015779863916432202,0.0005887616773125284
0.5600613,0.83095527,0.8289015,0.8289015,0.97322625,0.94736844,0.94736844,0.62614894,0.63575673,0.9375,1.0,1.0,0.63575673,0.63575673,0.5069905,0.6246819,0.6372137,-0.003636092630151825,-7.145747321569005e-05,-0.0005746030451993503,0.00015914422352551549,-0.0008322994695413205,4.612757096130057e-05,0.0010005955145746335,-0.0005598199512480586,0.0006558407408248408,0.0,0.0,0.0,-0.0007642807865707641,0.0009783066979807387,0.00042740999975642637,0.003209719745585618,0.0011579319280846055
0.81831884,0.8209835,0.7540188,0.97322625,0.9375,0.94736844,0.9210105,0.4965336,0.5107667,0.9375,1.0,1.0,0.5107667,0.5107667,0.44699055,0.58801526,0.44621363,0.0036028406677628693,-0.0001213456829462026,-0.000181185546380509,-8.55490928677797e-05,-0.0004340178861567599,0.0001384808588179208,0.0006073321801648732,0.0005658216017032431,0.00010917236734806469,0.0,0.0,0.0,-4.6107309613307795e-05,0.0004019612085919093,0.00033525433496310765,0.00252295500494576,-0.0002828220853710077
0.6306295,0.81574756,0.6746687,0.9375,0.9657926,0.81574756,0.94736844,0.439226,0.44898298,0.9375,1.0,1.0,0.44898298,0.44898298,0.3019905,0.48023733,0.58521366,-0.0019823514513643585,-0.00015596508769192898,0.00041226012238022207,-0.0005080574068137284,-0.0008629321080087046,-0.0005254988342007535,0.0010385692327367995,0.0010895086744266878,-0.000212872266591157,0.0,0.0,0.0,0.0006594813755388917,-1.8896434471245127e-05,0.0003804656253371659,0.00017396372368460477,0.0007519732062959059
0.5731295,0.683934,0.94547904,0.9657926,0.8709672,0.94736844,0.94736844,0.54537976,0.55438983,0.9375,1.0,1.0,0.55438983,0.55438983,0.46324056,0.30134848,0.8032137,-0.004748041682565736,-5.466150978241853e-05,-0.0018216900856655794,-0.0005817141209200589,0.00022115329920155942,0.0002347111328993886,0.0006490764163032814,0.0005206768795729454,2.785388459104114e-05,0.0,0.0,0.0,-9.28784220405661e-06,0.00045559306897319,0.0003309597729205433,-0.004003030085550358,0.0021264597491583285
0.61369765,0.6351644,0.84781015,0.9375,0.9375,0.6351644,0.89307725,0.36576447,0.37852356,0.9375,1.0,1.0,0.37852356,0.37852356,0.3644905,0.56357074,0.1662136,-0.0027127570990833957,0.00016053106700673656,-0.0015259334581234768,-0.00031498674007205226,-0.00021482691904692124,-0.0016032147323970416,-0.0005994198952257412,0.0010607800120579756,-0.000440315260300768,0.0,0.0,0.0,0.0010655965632400774,-0.0003183181184248623,0.0002484699861178491,0.002574568108352431,-0.0033123615139055984
0.69331884,0.8770204,0.9191301,0.9191301,0.97322625,0.94736844,0.94736844,0.5719182,0.57619303,0.9375,1.0,1.0,0.57619303,0.57619303,0.45074052,0.40134844,0.8422137,-2.7159893050981986e-05,-0.00030642730022206006,-0.0013843409206048451,-0.0003600520545320445,-0.0011522461842270882,0.00023645620017731414,0.0012651458476151407,0.0002693733861906038,0.00024724543622058574,0.0,0.0,0.0,-0.0003068193133150206,0.0009525180536973044,0.0004575451206478684,-0.0011744761840093859,0.002463193631761545
0.4406295,0.76634496,0.80096567,0.80096567,0.90427727,0.94736844,0.94736844,0.3957643,0.40178636,0.9375,1.0,1.0,0.40178636,0.40178636,0.25199044,0.29690403,0.70521367,-0.008649808719723841,-0.00011422487506746525,-0.0005759982610407078,9.896851778283528e-05,-2.1616932112420785e-05,0.0001688789784193595,0.0008417346040296233,0.0012685604378630685,-0.00044177292571964314,0.0,0.0,0.0,0.0010932607644357154,-0.0003569310908152616,3.9780732477740444e-05,-0.004196729474482786,0.0019905342538037167
0.7790762,0.86329323,0.5154887,0.5154887,0.93773437,0.94736844,0.94736844,0.6684568,0.6768613,0.9375,1.0,1.0,0.6768613,0.6768613,0.53699046,0.785793,0.6442137,0.002090275875244146,0.00019754282989983447,0.0009009461817319991,4.5350274080494877e-05,-0.0004411338620529942,-3.7459850191359083e-06,0.0012975061297935276,-0.0019768177964247383,0.0011207568737421098,0.0,0.0,0.0,-0.00134881692384206,0.0004792360583958633,0.0001525244635849294,0.005437353012797512,0.0011599640548332494
0.5731295,0.5750672,0.8671419,0.9375,0.9375,0.89307725,0.99324316,0.42345664,0.4347973,0.9375,1.0,1.0,0.4347973,0.4347973,0.2969905,0.44023737,0.49421367,-0.003984469563653997,2.860518715878165e-06,-0.0014999448222457322,-0.00012704737036420283,-0.00035014945428910233,-8.622985548577538e-05,0.002049719426884164,0.0011596793933784334,-0.00032403170863849957,0.0,0.0,0.0,0.0008403868113641857,-6.417566003071689e-05,0.00016341172529221176,-0.0009070481266838024,-8.743712396543945e-05
0.37062943,0.23570623,0.9375,0.9375,0.9375,0.23570623,0.23570623,0.4469182,0.45834497,0.9375,1.0,1.0,0.45834497,0.45834497,0.58699054,0.34690413,0.41821367,-0.010778376038095276,0.0015905627147334547,-0.0012333007679166711,-0.0016210256516513174,-0.00025461510684746764,-0.003505940898065046,-0.02011563656515511,0.0006811646464686223,-0.00046170046617336873,0.0,0.0,0.0,0.0008946322988265091,0.0001955438362010003,0.00038540311393941014,-0.0025497604952671566,-0.000640183793204838
0.19737189,0.724698,0.8709672,0.8709672,0.83945024,0.94736844,0.94736844,0.38345674,0.39755744,0.9375,1.0,1.0,0.39755744,0.39755744,0.14199054,0.36468187,0.67321366,-0.018224328787863585,-0.0001101268540247408,-0.0018714070050409504,0.00037062128197799235,0.0004240429609006322,0.000161391056778879,0.0007899465826563406,0.0003842523261029148,-0.0004055832403321959,0.0,0.0,0.0,0.0006312570911653565,-0.0007069562713571813,-0.0018025562208210896,-0.00258747303897946,0.0023678932530903354
0.7208188,0.82990384,0.82925797,0.82925797,0.9375,0.94736844,0.9774537,0.5334568,0.5441929,0.9375,1.0,1.0,0.5441929,0.5441929,0.43949056,0.5013485,0.68021363,0.0006103846025427534,-0.00018810756192501733,-0.0004667800191967672,0.00013447452541103785,-0.0005801345551577453,0.00026290507045909474,0.0018286830722556997,0.000615266450680389,5.4563381808762686e-05,0.0,0.0,0.0,-2.2109998100203128e-05,0.0005510996295279509,0.0003938854004092519,0.0004811656268015568,0.001374496676438532
0.03138716,0.5399673,0.8042223,0.9375,0.9375,0.5399673,0.65393114,0.16730309,0.18322371,0.9375,1.0,1.0,0.18322371,0.18322371,0.14199054,0.26023737,0.23921366,-0.023069539422473674,0.0003821386287350552,-0.00062065986919526,-0.00015841101074259915,-1.0787852233928168e-06,-0.0002658267179617863,-0.005311022598850473,-0.0016846950017264718,-0.0015141276539791708,0.0,0.0,0.0,0.0013916705815276266,-0.0033377977255071682,-0.00304933831658243,-0.0050817082599166645,-0.0036677739700352115
0.7360083,0.66443866,0.72919947,0.72919947,0.9375,0.94736844,0.9365335,0.5573028,0.56970495,0.9375,1.0,1.0,0.56970495,0.56970495,0.52574044,0.51912624,0.59021366,0.0007051307783915656,-0.0007027144003258338,1.1110922581112834e-05,0.0001326528535402514,-0.0003815320328348902,4.356982535529345e-05,0.0008739537152263613,-5.055683019339549e-06,0.0003157548663618295,0.0,0.0,0.0,-0.00023987218403625178,0.00032078030437009147,0.00023120974132790988,0.0005969420078319772,0.0006346891074677842
0.55119765,0.8998124,0.47861987,0.47861987,0.90427727,0.94736844,0.94736844,0.23614913,0.25201046,0.9375,1.0,1.0,0.25201046,0.25201046,0.05074048,0.3691262,0.31821364,-0.006255675382952401,0.00014498073157075264,0.0027228849715285586,-0.00039513078862905756,5.984629146706017e-05,6.261883211640097e-05,0.0003605004580266127,-0.00031487684034464593,-0.0021934191237938465,0.0,0.0,0.0,0.0005845320515934193,-0.0025490674569894666,-0.003985620298408377,-0.0029027997582426845,-0.0031923192606056524
0.5527508,0.6433701,0.6059504,0.6059504,0.9375,0.94736844,0.59144014,0.2526876,0.26779,0.9375,1.0,1.0,0.26779,0.26779,0.18324041,0.50690407,0.1662136,-0.004902258735297454,-0.0006283535315480142,0.00115531033635993,0.00012250020206547863,-5.780543917144651e-05,0.00010063995399965802,-0.006821580345269025,0.0003081763135492873,-0.0018438356657811085,0.0,0.0,0.0,0.0013241650241613623,-0.0014758676658232855,-0.0016720533421807772,0.0007217136284873354,-0.004675919490559281
0.6323719,0.7854286,0.8871432,0.93773437,0.9375,0.94736844,0.9711938,0.4849952,0.49255288,0.9375,1.0,1.0,0.49255288,0.49255288,0.56449056,0.3402374,0.5972136,-0.0018929694631648053,-0.00011302642073151271,-0.0013353384238574955,-0.00035145666145988463,-0.0003351231214839867,0.0002599817412311235,0.0016270470099046155,0.0008973563072984683,-9.62418311700786e-05,0.0,0.0,0.0,0.00038455884374957,0.00025018724073055834,0.00045167282858056627,-0.003075213558770143,0.0007508378290132557
0.69756126,0.882015,0.88148516,0.9375,0.81442285,0.8971791,0.94736844,0.5469183,0.5585798,0.9375,1.0,1.0,0.5585798,0.5585798,0.44949055,0.43912622,0.70521367,-0.0001642838352934073,-0.00026709651451599825,-0.0009748327464028302,-0.00031137356213010764,0.0008059550377933488,7.090753360774804e-05,0.0009297485630621227,0.0006682795659696202,0.0001249769636642039,0.0,0.0,0.0,-3.861417673401174e-05,0.0006448366606506291,0.00048046058565958587,-0.000767233294189746,0.0015780572281055255
0.8640764,0.8718827,0.33423135,0.33423135,0.97322625,0.94736844,0.94736844,0.47037977,0.48461565,0.9375,1.0,1.0,0.48461565,0.48461565,0.48824054,0.67245966,0.25421363,0.005035919465031974,0.000371599844172358,0.0021616009853162544,-0.00013071081259655057,-0.0006266431654079494,-6.5105590481645544e-06,0.0015479986780405689,0.0005822856329641949,0.00013542786446244778,0.0,0.0,0.0,0.00014578552240374881,0.00030487220767601156,0.00041636424510240654,0.003987597555568286,-0.0019521138171756597
0.3606295,0.0059869145,0.9375,0.9375,0.9375,0.0059869145,0.0059869145,0.09807205,0.11073427,0.9375,1.0,1.0,0.11073427,0.11073427,0.09199035,0.073570676,0.22721358,-0.010609393215181197,0.0032368377451899703,-0.0016785574279358755,-0.0009946693233604431,-0.0002112542068542266,-0.0016266054902772198,-0.022449310578033007,-0.001290252494664425,-0.0009736902745633471,0.0,0.0,0.0,0.003686843429655775,-0.0025618904548291976,-0.0019877658357184058,-0.00822706124267888,-0.0030975520380780225
0.43275082,0.76634496,0.7727039,0.9375,0.9375,0.76634496,0.76634496,0.11807236,0.13347368,0.9375,1.0,1.0,0.13347368,0.13347368,0.14199042,0.11023744,0.23921356,-0.009273848219459714,-7.244080469267899e-05,-0.00038341920283837774,0.0001166229225372963,-0.0002301799183010468,-0.00036302200619518695,-0.0030262367414861206,-0.001611573586099376,-0.002440850904497333,0.0,0.0,0.0,0.0008810926888445513,-0.004195648119109097,-0.002647303692633655,-0.009432048487431515,-0.0038987738356236097
0.64275074,0.59594864,0.6471408,0.9375,0.6138655,0.59594864,0.94736844,0.38307205,0.39844432,0.9375,1.0,1.0,0.39844432,0.39844432,0.21074045,0.5113485,0.4282136,-0.0018963665895806248,-0.00018623019991550956,0.0008409156342092759,9.017132278387523e-05,0.0018823374741908827,-0.0009798873082175414,0.0008539333883603568,0.001112741591946425,-0.0006337278212295838,0.0,0.0,0.0,0.0010455279346443505,-0.0003509452487048388,-0.0006022660705970619,0.0005303290151347839,-0.0008507754289113216
0.7485082,0.8227542,0.57646275,0.57646275,0.9657926,0.94736844,0.94736844,0.42614892,0.43661797,0.9375,1.0,1.0,0.43661797,0.43661797,0.6294905,0.21801513,0.4372136,0.0015573601936147853,-0.0001290652471336557,0.0013045291489969541,0.00039040637317282694,-0.0007188302337316251,0.0001666727477033162,0.0013893456307387192,0.0015158170821472125,-0.0004571160659926518,0.0,0.0,0.0,0.0007025101501660967,0.00021330492017574348,0.0004925843956007969,-0.004968058846979306,-0.0005747135163943873
0.84657633,0.81568396,0.59141517,0.939427,0.5953256,0.94736844,0.94736844,0.39307198,0.40529892,0.9375,1.0,1.0,0.40529892,0.40529892,0.10699046,0.51245964,0.5532136,0.004565559648977802,-2.5852270117667965e-05,0.0012329154193777524,0.0004900578905370013,0.0017168371862191772,8.910344108873148e-05,0.0008782605282978292,0.0018693281345858765,-0.0008224890756011533,0.0,0.0,0.0,0.000995412730623522,8.880199697914665e-05,-0.0013102188622210146,0.0008626052045568705,0.0007360703160803879
0.88025075,0.87869805,0.88566744,0.88566744,0.93773437,0.94736844,0.94736844,0.48614913,0.49918354,0.9375,1.0,1.0,0.49918354,0.49918354,0.50449055,0.40134853,0.5932137,0.005266303588748296,-0.00016863877880258574,-0.0013263729783428507,3.55667034138437e-05,-0.000553077284025593,0.00021661351314767466,0.0008924518794558361,0.001036708002612231,-0.00010897819966518814,0.0,0.0,0.0,0.00028467061927962486,0.00036174982775483,0.0003602132593705859,-0.001326295376920962,0.0007701252061233015
0.95657635,0.91811174,0.5751527,0.5751527,0.97322625,0.94736844,0.94736844,0.7480721,0.7554052,0.9375,1.0,1.0,0.7554052,0.7554052,0.65449053,0.7369041,0.7222137,0.006716636905221219,0.0004454973746640037,0.00049475116667046,0.00031427377674806003,-0.000826577984596164,0.00010077704054321207,0.001139565015756344,-0.0034845815080492538,0.001640112539357571,0.0,0.0,0.0,-0.002220031879894512,0.00019335373397656047,-0.0002909085759187811,0.004142408385594489,0.0015401014023809381
0.7781294,0.81733686,0.7453616,0.870967,0.789554,0.94736844,0.94736844,0.55153364,0.5637255,0.9375,1.0,1.0,0.5637255,0.5637255,0.6194905,0.46912628,0.5202136,0.002445829612668557,-4.709881323130593e-05,2.229139998740106e-05,9.664101226301965e-05,0.0011498266143907003,0.00012074668168624097,0.000861340720662146,0.00019089454774153945,0.0001921764279677442,0.0,0.0,0.0,-0.000187332429433069,0.0004427752663713005,0.00013610268608712177,-0.0001735566829035355,0.00010766780370193379
0.7158188,0.8436782,0.62001824,0.62001824,0.97322625,0.94736844,0.94736844,0.34653372,0.36200276,0.9375,1.0,1.0,0.36200276,0.36200276,0.4082405,0.30357063,0.37921363,0.0005551704108683486,-0.0001735832720200231,0.001141297113725692,0.0004605867027852337,-0.0007859774803537769,0.00015403224055381116,0.001072539758014619,0.0017499017613455952,-0.0007448463145616095,0.0,0.0,0.0,0.0014455114302525346,-0.00033170300700781694,0.0005087859705818091,-0.0038858685281823475,-0.001321723969550318
0.56062937,0.57497066,0.92463356,0.97322625,0.9375,0.94736844,0.547049,0.30499518,0.32053196,0.9375,1.0,1.0,0.32053196,0.32053196,0.14699042,0.51912624,0.25121364,-0.00497761630338266,-0.0001659121067942113,-0.002435385719942367,5.400540683277492e-05,-0.0004022639262312612,0.00011394552359678963,-0.009113524694964266,0.001149568080562564,-0.0011232386836967955,0.0,0.0,0.0,0.0016567746824002632,-0.0009004779605008431,-0.0008237031765303498,0.0007575794190156874,-0.0030370805682694694
0.8411976,0.8998124,0.6384723,0.6384723,0.97322625,0.94736844,0.94736844,0.59191835,0.5997517,0.9375,1.0,1.0,0.5997517,0.5997517,0.30949044,0.78357077,0.62821364,0.003539202159559181,0.00023601399158839343,0.00046951952940066404,8.937669194261171e-05,-0.0008607838869098061,4.211901543499229e-05,0.0007582573986050273,-0.0006788274076774923,0.0005839489701612528,0.0,0.0,0.0,-0.0005176584447251699,0.000491882366901549,0.0004273723445468754,0.005709963545480352,0.0010384735834762706
0.72869754,0.70685816,0.6962456,0.9375,0.9375,0.70685816,0.8913408,0.42461044,0.43945438,0.9375,1.0,1.0,0.43945438,0.43945438,0.3582405,0.43468177,0.38821363,0.000829731390781982,-5.7146746330350024e-05,0.00027036390778343254,-0.0003810574868969534,-0.0005772908869678159,-0.0012348019196750225,-0.0003759514147430065,0.001193179059602466,-0.0004183969596360291,0.0,0.0,0.0,0.0008256947543281465,-2.1424568143837688e-05,0.0002333872161731158,-0.0008269126604265489,-0.0011462302175286358
0.956387,0.9358664,0.6268069,0.6268069,0.9375,0.94736844,0.9358664,0.9438414,0.9400369,0.9375,1.0,1.0,0.9400369,0.9400369,0.9057405,0.92690414,0.81721365,0.007062279176895789,0.0008128909911962637,0.00015219761732622445,0.00045570814595908047,-0.00029311971736520706,0.00013684480783067332,0.000684370767195816,-0.008138755781206077,0.004187747333291468,0.0,0.0,0.0,-0.005301422076650286,-0.0014284996259597324,-0.0016361062811652341,0.005989251298205723,0.0018445763070628343
0.8731295,0.8735422,0.7642164,0.99197626,0.8196676,0.94736844,0.94736844,0.63884133,0.64275324,0.9375,1.0,1.0,0.64275324,0.64275324,0.6032405,0.6013485,0.6262137,0.003929246479061449,0.0001371786561723597,-9.520547614877122e-05,-0.00011534988472808205,0.0009294581062441356,5.576687491551588e-05,0.00047636851721171493,-0.0014941211822056288,0.0006394086140094221,0.0,0.0,0.0,-0.000835027760355783,0.0004813692662006533,8.279214645137969e-06,0.002054370522236314,0.0008041737078192906
0.2731295,0.6189766,0.9062,0.9375,0.90427727,0.9210105,0.94736844,0.17307223,0.18838495,0.9375,1.0,1.0,0.18838495,0.18838495,0.09199047,0.11801508,0.42221364,-0.016381427280454445,-0.00011039743911300963,-0.0022308231721432426,0.0003003120632018606,4.619498984970303e-05,-1.5211393441445578e-05,0.0006062125598846737,-0.0023192845325041363,-0.0020950541170940405,0.0,0.0,0.0,0.00034589913266571277,-0.003950739080714364,-0.004392924090233005,-0.008976191509805758,-0.0013984313240243337
0.8383188,0.82098347,0.4536995,0.4536995,0.9375,0.94736844,0.99324316,0.40845665,0.41718203,0.9375,1.0,1.0,0.41718203,0.41718203,0.69199055,0.4291262,0.1992136,0.0036419852844512667,-6.868432633279284e-05,0.001779221328932011,-2.2593403792155683e-05,-0.00039049153312508946,7.339120529682795e-05,0.0018764364265100337,0.0018126689908690519,-0.0005199288665379356,0.0,0.0,0.0,0.0009811498865063563,0.0002449878584331256,0.0005620410002327735,-0.0008015384872471468,-0.0027987677403630428
0.8033188,0.7909826,0.87233704,0.92040455,0.9375,0.94736844,0.6749841,0.42807227,0.44060716,0.9375,1.0,1.0,0.44060716,0.44060716,0.29074037,0.45912626,0.5702137,0.003209789150036893,-0.00022465128225433023,-0.0013603876065331434,-0.00028689500070481675,-0.00046575255027973275,0.0002588609276726335,-0.005765549451377035,0.001050905497454519,-0.0004315368529306008,0.0,0.0,0.0,0.0006968114168150574,-7.290812199788079e-05,0.00010666868958941731,-0.00037500095196789764,0.0003995041514111601
0.95657635,0.8769778,0.6843366,0.6843366,0.71264225,0.94736844,0.94736844,0.5865336,0.59255916,0.9375,1.0,1.0,0.59255916,0.59255916,0.5082405,0.59468186,0.6612137,0.00718603200807277,5.059595495167449e-06,0.00035610990897975883,0.000249644701068754,0.001933940718808224,0.0001752286121417248,0.0018868783883231209,-0.00048451727719960757,0.0005243195974626326,0.0,0.0,0.0,-0.0005221258590444916,0.0005492958137146883,0.0003372168049235142,0.0022369705284025704,0.0014759149559638446
0.9240764,0.80859274,0.7818182,0.91715527,0.9005603,0.94736844,0.94736844,0.51961046,0.5258715,0.9375,1.0,1.0,0.5258715,0.5258715,0.52074057,0.61245966,0.41221362,0.005882694323465061,-0.00010035671249260119,-0.00017031698308021294,-1.193529851818368e-05,-4.8147098911153626e-05,7.283714388197332e-05,0.001033768221868246,0.000780454695447939,-5.8438161198011453e-05,0.0,0.0,0.0,0.00019606471532312444,0.0003579532218366801,0.00037540540198835253,0.0023070658978751224,-0.000838843631207876
0.9036976,0.82774734,0.40695822,0.40695822,0.9375,0.94736844,0.82774734,0.569995,0.58051765,0.9375,1.0,1.0,0.58051765,0.58051765,0.54574054,0.42245972,0.66921365,0.004614597974149975,-9.610258407878483e-05,0.0013556515626362196,0.00021388121802604697,-0.0007645892741210394,4.036979981756062e-05,-0.0017702570193110381,-0.00026174052947143463,0.0002722767592871885,0.0,0.0,0.0,-0.0003538854468461358,0.0002882777238220489,0.00011130029231604025,-0.001067498322469169,0.0010995341811557591
0.6681294,0.74535435,0.6935381,0.6935381,0.9657926,0.94736844,0.94736844,0.48345667,0.48921534,0.9375,1.0,1.0,0.48921534,0.48921534,0.6894905,0.30801508,0.52221364,-0.0009094769867152363,-0.0003793087786072081,0.0003436478055720739,0.0004207403265582527,-0.0008152396982866269,0.00023925721948576972,0.001424471236123802,0.0010551475823603988,-0.00022433658505660267,0.0,0.0,0.0,0.00035767779479622936,0.0003335273698019321,8.004427551584577e-05,-0.0029916616794917537,0.0002012405328998594
0.9417657,0.8998124,0.46647584,0.46647584,0.99197626,0.94736844,0.94736844,0.6780723,0.6873046,0.9375,1.0,1.0,0.6873046,0.6873046,0.5657405,0.7813485,0.59621364,0.006349517796719459,0.00034365888785621953,0.0011466873194988375,0.00011611874889266135,-0.0008685035666781565,1.133951202806717e-05,0.0009807516122643562,-0.002258512333034748,0.001101632879919326,0.0,0.0,0.0,-0.0014854640998023813,0.00037345035176974186,1.1411803427536514e-05,0.005213409175427738,0.0006958377015291123
0.8742657,0.8913406,0.64730847,0.64730847,0.9184109,0.94736844,0.94736844,0.7249952,0.72704625,0.9375,1.0,1.0,0.72704625,0.72704625,0.46324044,0.7424596,0.8102137,0.0040700440481375,0.00033005393916672336,0.00019365107152578977,0.0002092123112388248,-0.000398990617489091,5.4740645828129725e-05,0.00035984948537966076,-0.0032140519927865217,0.0014430509351823254,0.0,0.0,0.0,-0.001868080818635356,0.00016161522823550164,0.0002336111924658022,0.004014579292684723,0.002083213233937843
0.7986975,0.6507534,0.87109214,0.9375,0.9375,0.6507534,0.95028776,0.47614905,0.4801674,0.9375,1.0,1.0,0.4801674,0.4801674,0.5994905,0.4824596,0.36721364,0.003108385360252669,-7.454467103167968e-05,-0.0013245042096527116,-0.00022199411234811474,-0.00040940490975853005,-0.0013861615231480539,0.0010913942409143374,0.0008659529126476825,-0.00019362013950791009,0.0,0.0,0.0,0.00039761183130457246,0.0003130324286324793,0.000446540494971785,0.00028851072679295846,-0.0011725688433550884
0.67006135,0.7986297,0.8750629,0.8750629,0.9375,0.94736844,0.79255164,0.676149,0.6838822,0.9375,1.0,1.0,0.6838822,0.6838822,0.5119905,0.49579293,0.8892137,-0.0006294642850892826,-0.00021604247866956457,-0.000709722737149423,6.417494634971602e-05,-0.00045149216210043356,0.0001700425802449431,-0.003352511984307021,-0.001355737281475854,0.0007776724227005223,0.0,0.0,0.0,-0.001215835230532634,0.0009708607626123127,0.00023352450364157396,0.000689052278014499,0.002716769758834703
0.7011976,0.8907786,0.83766073,0.83766073,0.97322625,0.94736844,0.94736844,0.31537965,0.32755625,0.9375,1.0,1.0,0.32755625,0.32755625,0.2594905,0.11023733,0.5572136,-0.0009010820309149243,-0.00015108518062679002,-0.0014421483517318525,0.00018531680412109085,-0.0005622523956031857,0.00022383574159459303,0.0007821718540362654,0.0009240082694388745,-0.0009504985999979129,0.0,0.0,0.0,0.001283916495529081,-0.001340725421039827,-0.0005487830547153436,-0.009199459019204376,0.0004788589000053859
0.80831885,0.71545756,0.58659995,0.9375,0.5612305,0.71545756,0.94736844,0.5103797,0.522891,0.9375,1.0,1.0,0.522891,0.522891,0.34449053,0.73468184,0.4612136,0.00321074061919894,-0.00044421711011348247,0.0007642292243121139,3.714892668859968e-05,0.003081772519495475,2.7180101233352725e-05,0.0011480306213097454,0.0006614955766814546,0.00016455930416038627,0.0,0.0,0.0,0.0001044140694379763,0.000582472774166933,0.0006171111515659189,0.004939696835106115,3.3661917241211006e-05
0.6535081,0.83474416,0.54087377,0.54087377,0.97322625,0.94736844,0.94736844,0.512303,0.5252929,0.9375,1.0,1.0,0.5252929,0.5252929,0.54574054,0.5046819,0.4282136,-0.0016725142296891366,-1.3316630905299623e-05,0.001037926657309272,0.0001570392849776734,-0.0010180100051345434,8.854697623811518e-05,0.0006127551056248604,0.0007203742987756767,5.3924852459397155e-06,0.0,0.0,0.0,0.00019899616598671754,0.00035717712288180594,0.00030806870012542074,0.00035184860835649076,-0.0006474521077020705
0.8502507,0.887327,0.88959694,0.93773437,0.9184109,0.94736844,0.94736844,0.6284567,0.63864994,0.9375,1.0,1.0,0.63864994,0.63864994,0.5744905,0.6513486,0.57721364,0.003915613738128826,6.200257279669829e-05,-0.0007199535520719208,-8.209490649635058e-05,-0.0002345547517557494,8.359711838851625e-05,0.0010869665498172854,-0.0010943686220630056,0.0006336518506996608,0.0,0.0,0.0,-0.0008245647624314556,0.0005233433459528687,0.00014407770421559374,0.0030269641150607028,0.0004946948333131641
0.66350824,0.8437318,0.6681185,0.6681185,0.939427,0.94736844,0.94736844,0.50345653,0.5155186,0.9375,1.0,1.0,0.5155186,0.5155186,0.37824053,0.4191263,0.6722137,-0.0004110916981717688,-6.550952160598221e-05,0.00045685338550437203,0.0003040360053758077,-0.0005477756581513546,8.860403966196972e-05,0.0010275502477782056,0.000681237644119637,6.484477561132766e-05,0.0,0.0,0.0,7.000560660110518e-05,0.0005242832106199803,0.00035787610557997627,-0.0007542550689709571,0.001478337201686048
0.68888694,0.89144605,0.49300566,0.49300566,0.90427727,0.94736844,0.94736844,0.31537965,0.32853356,0.9375,1.0,1.0,0.32853356,0.32853356,0.05074048,0.44023737,0.4612136,-0.0006786989162597595,0.0002587814280749587,0.0022051989069211283,-0.0006840671124526678,7.554737084766374e-05,6.097431964301451e-05,0.0005697031084134556,0.0012054567199505505,-0.00164246378108627,0.0,0.0,0.0,0.0007670830068999908,-0.0007937111472224812,-0.003419770949602386,-0.0006737810618445622,-0.0006839539535901762
0.7288869,0.6698327,0.6015071,0.6015071,0.8830454,0.94736844,0.94736844,0.4399951,0.45259663,0.9375,1.0,1.0,0.45259663,0.45259663,0.58199054,0.3524597,0.37121361,0.00098417300248729,-0.0007634910025557291,0.0010029046690369302,3.069016811037167e-05,2.9242066674280906e-05,0.00010662863380783455,0.0011878577496333932,0.0014304803954410014,-0.00040906682759581705,0.0,0.0,0.0,0.0007656380003880813,0.00037247360986941767,0.0005844678432619559,-0.0021828536228967804,-0.0014369419489306198
0.74157643,0.85584825,0.622334,0.622334,0.9375,0.94736844,0.78751653,0.55999523,0.5698282,0.9375,1.0,1.0,0.5698282,0.5698282,0.27949047,0.67245966,0.67021364,0.0013692829941728104,1.0039052256984593e-05,0.0006940333480075603,0.00024646731324930464,-0.0003827250097063223,0.00011663111628802146,-0.0029264501616892025,-7.035990201284603e-05,0.0003555078799964782,0.0,0.0,0.0,-0.00031133286187021554,0.0005155627168386949,0.0005094603860823016,0.003672618509666733,0.0014327834155896271
0.37506145,0.7646549,0.70401704,0.70401704,0.9375,0.94736844,0.86317396,0.31384146,0.3288265,0.9375,1.0,1.0,0.3288265,0.3288265,0.39699054,0.21579286,0.36721364,-0.01097415012205658,-0.00023085168701551264,0.00018985926149894572,0.00036635192570521875,-0.00013950995516316081,0.00012480651641639162,-0.0007764581958092543,0.0007027810124706968,-0.0010394468714445472,0.0,0.0,0.0,0.0011882079032401746,-0.0012015906914895275,9.513840333217884e-05,-0.006028706094477771,-0.0017252381743098739
0.68888694,0.78038543,0.7181058,0.8830454,0.99197626,0.94736844,0.94736844,0.2865335,0.29735592,0.9375,1.0,1.0,0.29735592,0.29735592,0.10574043,0.5335707,0.27621365,-0.00027065956201714146,-0.00016111671245418353,-0.0002167741053375822,0.00043749400072452143,-0.00026671679912201434,0.0001113351551676596,0.0009028747857623013,0.0006315587170681704,-0.0013549488171579627,0.0,0.0,0.0,0.0009928793477832676,-0.0013688394787504021,-0.0023385849792531776,0.0016067958394799442,-0.0028680089127750778
0.68331885,0.8328921,0.85415107,0.9396432,0.9375,0.94736844,0.9711938,0.6007645,0.6088167,0.9375,1.0,1.0,0.6088167,0.6088167,0.5469906,0.66912633,0.5652137,-0.0006589356458767564,-5.3592919556158836e-05,-0.0005897382433657907,-4.030313156441787e-05,-0.00047940485619920816,0.00011943180702439805,0.0013313631784523836,-0.0006472035782397352,0.0003989428234350567,0.0,0.0,0.0,-0.000591673071194571,0.00048215319744675966,0.0001220059362086783,0.0035174385549416563,0.00028276997686848773
0.7481295,0.7503603,0.7685695,0.85415035,0.99197626,0.94736844,0.94736844,0.4296106,0.4404202,0.9375,1.0,1.0,0.4404202,0.4404202,0.48074055,0.27245966,0.5652137,0.00194932665480215,-0.0001017999862207425,-0.0002523737650605175,6.945278400036633e-05,-0.0011392603066355702,0.00023541714534379407,0.0009151738185419469,0.0011696590362332859,-0.0002892357824500917,0.0,0.0,0.0,0.0006962032917040298,4.952266818963002e-05,0.00047307334049802085,-0.004170888887943112,0.0005995555616646798
0.60756135,0.6291792,0.90427727,0.97322625,0.9375,0.94736844,0.6468933,0.51999533,0.53207374,0.9375,1.0,1.0,0.53207374,0.53207374,0.5032406,0.5680152,0.46721363,-0.002572193287105466,-0.00032391469314181084,-0.0014209643828280378,-0.0001658653612670655,-0.00036889075618971986,0.00026387018639170603,-0.00763044987577055,0.0004577319611142115,3.4278608567656595e-05,0.0,0.0,0.0,-9.556746223668949e-05,0.0003869018258241447,0.00021300431500941963,0.002156743395997228,-0.0004325622011632295
0.85176575,0.86317396,0.4947372,0.4947372,0.8062838,0.94736844,0.94736844,0.4696105,0.48004952,0.9375,1.0,1.0,0.48004952,0.48004952,0.28824043,0.48468176,0.6722137,0.004312825568577541,6.435446054243924e-05,0.0012907993055746017,0.00014815068665274925,0.0009407514581350546,0.00010845677908656641,0.0008398533970775141,0.0012408712255594127,-6.474537289190918e-05,0.0,0.0,0.0,0.0004761761680937699,0.0003778568339726217,0.0004453268637104281,0.00016288801795147218,0.0017417123269819164
0.66369766,0.27968428,0.939427,0.99197626,0.90427727,0.94736844,0.94736844,0.34576446,0.3585004,0.9375,1.0,1.0,0.3585004,0.3585004,0.44199055,0.11023744,0.47321367,-0.0005631879096814312,-0.00020523629142777704,-0.002245895488231508,7.185541594031513e-05,-8.620739712760055e-05,0.00012069584274818142,0.001041843893435222,0.0009998606063217814,-0.000781724023708945,0.0,0.0,0.0,0.0012380453402381262,-0.0005091077909500345,0.0005721010140727585,-0.00841138542901313,-0.00022476660770950175
0.53737205,0.5304826,0.97322625,0.97322625,0.97322625,0.94736844,0.94736844,0.4984568,0.5111377,0.9375,1.0,1.0,0.5111377,0.5111377,0.15699041,0.5880152,0.6302137,-0.004847227263409676,-0.0002910590970104221,-0.0023520210485586577,-0.00018690082837488858,-0.0007253117746854086,0.00019829238347749195,0.000908010567990401,0.0008865046130646505,-5.1727871075009644e-05,0.0,0.0,0.0,0.0002525052684215252,0.0004728163008101804,-2.557584250103821e-05,0.0025628406188863318,0.0011827277031492428
0.861387,0.8998124,0.5663579,0.5663579,0.90427727,0.94736844,0.94736844,0.523072,0.5358602,0.9375,1.0,1.0,0.5358602,0.5358602,0.4394905,0.6180152,0.53021353,0.004245574666662807,0.0003030625329255946,0.0009005075491289094,0.00011062113241159239,-5.597852394980847e-05,2.9712279337380104e-05,0.0010002340279125998,0.0001796508912780994,0.00020113172970564932,0.0,0.0,0.0,-4.4352639125402326e-05,0.00035383691189159447,0.00033685602858139345,0.0025373136973920463,0.0003312507625072713
0.5427508,0.8409836,0.7834821,0.97322625,0.73746574,0.94736844,0.94736844,0.5015338,0.51178986,0.9375,1.0,1.0,0.51178986,0.51178986,0.29324055,0.49468178,0.61121374,-0.004966547570336996,-0.0001577797262249636,-0.0006079608396643784,-0.0003686413713660112,0.0016371365561251897,0.0002852432620583101,0.0008113431592076848,0.0006783365809954631,9.679038332649702e-05,0.0,0.0,0.0,0.00013279900688721493,0.0004306125959813724,0.0002482305053595076,0.0007490568957428448,0.0011055194536101706
0.64407617,0.60461307,0.770773,0.770773,0.9375,0.94736844,0.5592427,0.43884146,0.4513806,0.9375,1.0,1.0,0.4513806,0.4513806,0.43949056,0.52579296,0.3942136,-0.0011820491280332699,-0.0006895736458972932,-0.0004854465724745083,0.00026520839177598883,-0.00028863717028449506,0.0001598796288622574,-0.009367256670562265,0.001165804906410637,-0.0003729558176743037,0.0,0.0,0.0,0.0006570749419089384,0.0004746164836647567,0.00034778801612414377,0.0015871014960854599,-0.001190288619338985
0.8319551,0.80868304,0.86627865,0.86627865,0.9375,0.94736844,0.84372455,0.57845676,0.58576214,0.9375,1.0,1.0,0.58576214,0.58576214,0.46949053,0.58468187,0.7472136,0.0036545497355756425,-7.222926856986275e-05,-0.0006607477850913479,7.88522076160294e-06,-0.0005168026664901938,0.00011540610896036169,-0.001556973480182991,-0.0003877931059826625,0.00040355388611273675,0.0,0.0,0.0,-0.00048048532350750193,0.0005811625817713869,0.0003119404708055775,0.0021221801220534815,0.0020150143584630143
0.7985083,0.71419036,0.84786063,0.9396432,0.87820303,0.94736844,0.94736844,0.60614896,0.6153528,0.9375,1.0,1.0,0.6153528,0.6153528,0.69199055,0.5291263,0.6242137,0.003006920094786286,-0.0004895936179074375,-0.0005265038673557363,6.150805740721508e-05,0.0001400011083449898,9.688715942442868e-05,0.0011366268598572745,-0.0004917660817825842,0.0006146425514261579,0.0,0.0,0.0,-0.0006289605904646451,0.0006389641105989985,0.00011723171502123656,0.001089388796915837,0.001039833670287798
0.3896828,0.7804157,0.80779535,0.9375,0.9375,0.92512906,0.86317396,0.3692257,0.38101247,0.9375,1.0,1.0,0.38101247,0.38101247,0.33699048,0.35357073,0.41021356,-0.010484706236073867,-0.0001338543555058242,-0.001013386976952973,-0.00026100725717219663,-0.0004922278068893664,0.00017524370782433748,-0.0009037424479293732,0.0013308049093841896,-0.000540663170616466,0.0,0.0,0.0,0.0012309762389397505,-0.00036707220688150864,0.00032067219389933304,-0.0029312246830085474,-0.0007821785116864842
0.82581884,0.8581892,0.5345827,0.5345827,0.9375,0.94736844,0.7911128,0.51768756,0.5298418,0.9375,1.0,1.0,0.5298418,0.5298418,0.3069905,0.5169041,0.71221364,0.002846814017589179,-8.424833204429241e-05,0.0011444350514748828,0.0003937788202569087,-0.0005749197512522317,0.00014579557258144422,-0.0028160393777947597,0.00039019900756171204,-3.3833923909835135e-06,0.0,0.0,0.0,-1.4441914047931617e-05,0.00029809348272425226,0.0004069920401145834,0.0007255626080883053,0.0016261465813548015
0.51294005,0.4837513,0.7521912,0.7521912,0.7227652,0.94736844,0.94736844,0.17576438,0.19101407,0.9375,1.0,1.0,0.19101407,0.19101407,0.10074043,0.15468185,0.38921365,-0.006513809688072347,-0.0007502919147580497,-0.0004119373101303108,0.00022546702314775764,0.00019261767888153117,1.735994257799238e-05,0.0006286901270173312,-0.0015342629217674935,-0.0024538814674450824,0.0,0.0,0.0,0.00023482787357449923,-0.003535602100334107,-0.003989079502446114,-0.007922947897539499,-0.001949202498093241
0.92714447,0.8517378,0.4166399,0.4166399,0.9396432,0.94736844,0.94736844,0.51576453,0.5274877,0.9375,1.0,1.0,0.5274877,0.5274877,0.63949054,0.47579288,0.4282136,0.006154075885822126,9.85645847913623e-05,0.0015976764542573164,8.048379904686746e-05,-0.0004331163505659933,1.3663473765023263e-05,0.0009801004872021122,0.0004940534708196008,0.0001457463195903929,0.0,0.0,0.0,6.826340694649047e-05,0.0004228188892389105,0.0002549553132735075,0.00035210776465757656,-0.0006913099486919896
0.8902507,0.8634134,0.8600353,0.9375,0.9375,0.89307725,0.99324316,0.6669181,0.6755807,0.9375,1.0,1.0,0.6755807,0.6755807,0.6694906,0.6435707,0.64621365,0.004979666931439471,6.301445582632874e-05,-0.000564944734193209,-5.1689113865192434e-05,-0.0003206092237440629,0.00010622383328104723,0.002276259573388682,-0.0018296229567008764,0.0008542564409425486,0.0,0.0,0.0,-0.001109779001842981,0.0005554565524475345,-4.5271810249625546e-05,0.002842860876790175,0.000993642641985171
0.59294015,0.8258177,0.6388374,0.6388374,0.9375,0.94736844,0.93876034,0.6523028,0.6572491,0.9375,1.0,1.0,0.6572491,0.6572491,0.77074057,0.46912628,0.72821367,-0.0029457498676473595,-4.73357951788698e-05,0.0004549049564378776,0.0001985153509069356,-0.00039702724958677946,7.818759911469027e-05,0.0007706123316551203,-0.001375528602236155,0.0007403042656498506,0.0,0.0,0.0,-0.0011093173141572719,0.0005390764207538339,-0.0005047616412759869,-0.000188694846417284,0.0015901494354604077
0.80214447,0.81568396,0.4930269,0.4930269,0.793424,0.94736844,0.94736844,0.39807203,0.40992904,0.9375,1.0,1.0,0.40992904,0.40992904,0.44949055,0.2835707,0.4832136,0.002824129250259352,-5.0341021523807596e-05,0.0019210236506544858,-5.653293390898101e-05,0.0005620417483628913,6.54723624068479e-05,0.0004661634716634955,0.0017913569715944924,-0.0004449332152587308,0.0,0.0,0.0,0.0010147106338727334,0.00029962989688278336,0.0008154054933229937,-0.0033750310962777108,7.183364925635768e-05
0.77600825,0.29350808,0.9657926,0.9375,0.9375,0.29350808,0.9489912,0.34730294,0.35950768,0.9375,1.0,1.0,0.35950768,0.35950768,0.60824054,0.38468182,0.1662136,0.0021301072716912763,0.0013380965410323487,-0.00215542517938577,-0.0006354242050672662,-0.00037418837744981204,-0.0031137179129521707,0.0015949541041835763,0.0011444300510151182,-0.0006291026717219889,0.0,0.0,0.0,0.0014969918506965907,-0.00045614418260866085,0.0007152066173290422,-0.0018995396364026099,-0.0032219498905557524
0.6575613,0.7085881,0.61891973,0.9375,0.9375,0.7665391,0.77325475,0.3576876,0.3699046,0.9375,1.0,1.0,0.3699046,0.3699046,0.46949053,0.46468183,0.1992137,-0.0017374512504622068,1.2900711783146516e-05,0.0010393134863762815,-0.0004527268682803154,-0.0003979500681954827,-0.000823978006197325,-0.0036524554289234863,0.0011372667275066333,-0.0006117969346817616,0.0,0.0,0.0,0.0012349270102121601,-0.0005860239760335543,0.0002888924295306181,-0.00033742685397063763,-0.002849712898883165
0.6350614,0.68510723,0.91162604,0.91162604,0.9375,0.94736844,0.7945127,0.5596105,0.5632146,0.9375,1.0,1.0,0.5632146,0.5632146,0.2707405,0.53468186,0.76121366,-0.0020014306347806345,-0.0002643465512803891,-0.001560034010201262,-0.00011025015897458378,-0.000545097126576075,0.000287878134606829,-0.0029085582478698678,0.0004947137305261747,0.00017763446310235616,0.0,0.0,0.0,-0.00014842673459392476,0.0006528192651472755,0.0003132992330428247,0.0011285342603251209,0.0024156043716803367
0.69119763,0.64519244,0.6764474,0.6764474,0.9375,0.94736844,0.9365335,0.4357643,0.44833526,0.9375,1.0,1.0,0.44833526,0.44833526,0.39574045,0.45579296,0.4832136,0.0003165754022202605,-0.0005104454660982315,0.000676844371159603,0.0002477102536626899,-0.00044873016796935923,0.00010979710595922648,0.0006923594688797482,0.0014071584119114513,-0.000385318623474848,0.0,0.0,0.0,0.0007387653425630471,0.00034346022620184607,0.000395045378117695,-0.00016291481855329443,-0.00012885890084757227
0.75369763,0.8017846,0.45935053,0.45935053,0.97322625,0.94736844,0.94736844,0.4765339,0.4892564,0.9375,1.0,1.0,0.4892564,0.4892564,0.3019905,0.42134857,0.6102137,0.0013968007711351715,-0.00012782372630049365,0.0014944681060876364,0.0001791565357685851,-0.000798971148043785,3.2429629643176414e-05,0.0009104966000200432,0.001023725618083665,-5.263002454891941e-05,0.0,0.0,0.0,0.00034509992099387196,0.0003334137116697306,0.0004771169554267029,-0.000795362219583791,0.0010079510960383634
0.41775078,0.7423462,0.8534942,0.8534942,0.97322625,0.94736844,0.94736844,0.5649951,0.57553685,0.9375,1.0,1.0,0.57553685,0.57553685,0.5132405,0.43690407,0.65421367,-0.008912183697507221,-0.0001660779576468162,-0.0007637131091783512,6.984989818070193e-05,-0.0009200423625620854,0.00025307913075169844,0.0011138693531904198,-4.63396734704751e-05,0.0002520188335468149,0.0,0.0,0.0,-0.0005517311746214321,0.0005717027146531918,0.00013427001013470593,-0.000505899723759612,0.0011583226543258466
0.9998338,0.94736844,0.33436084,0.33436084,0.33436084,0.94736844,0.94736844,0.7457643,0.7542097,0.9375,1.0,1.0,0.7542097,0.7542097,0.7657406,0.54468185,0.7582137,0.007659951430084455,0.000814322329099206,0.0007878880832472973,0.000640756250598972,0.004728033831010751,7.675482214739737e-05,0.0007025879438845506,-0.003209174503738257,0.0018536758954245682,0.0,0.0,0.0,-0.0021971757742730485,-7.928597848786906e-05,-0.0006479543657066337,0.0009622177226623515,0.0015563231709907657
0.75850815,0.8114099,0.6571793,0.6571793,0.9375,0.94736844,0.8114099,0.773072,0.7722403,0.9375,1.0,1.0,0.7722403,0.7722403,0.6369905,0.63357073,0.8922137,0.0011440055580644454,-8.202678662435608e-05,0.00018711163800685086,0.0002508947138137817,-0.00040271828992358095,0.00012045946052099056,-0.0028142749852082733,-0.004189235101044669,0.00197956602846681,0.0,0.0,0.0,-0.0027286363373264983,-0.00024066018015951872,-0.0005300965517512061,0.0021020906472137358,0.0024277639581427946
0.8540763,0.8173615,0.72453576,0.8810272,0.9375,0.94736844,0.94417596,0.5888412,0.598385,0.9375,1.0,1.0,0.598385,0.598385,0.68324053,0.56912637,0.5162136,0.003989733951075816,-8.516195031622908e-05,-5.0375243459225597e-05,5.8433638550899813e-05,-0.000617767182285889,5.6823295873268256e-05,0.0005442604969368748,-0.0008141113753001726,0.0005184977134918012,0.0,0.0,0.0,-0.0006108949058736383,0.0005147759279898782,1.3922534398238626e-05,0.001676619763859829,0.00018874677030460225
0.9535082,0.87731713,0.78055173,0.78055173,0.97322625,0.94736844,0.94736844,0.9176875,0.9184555,0.9375,1.0,1.0,0.9184555,0.9184555,0.7269905,0.91357076,0.93421376,0.0068218966246827925,0.0005070817220306008,-7.189948803694873e-05,6.74488340768025e-05,-0.0005456398506290143,6.219580400102439e-05,0.0012815064645311778,-0.007173864715134294,0.0037281392429398025,0.0,0.0,0.0,-0.004611891187157975,-0.0009171329776213692,-0.0007584178579851838,0.005961862050067198,0.0026724788915878112
0.9998338,0.94736844,0.24862228,0.24862228,0.24862228,0.94736844,0.94736844,0.633072,0.644151,0.9375,1.0,1.0,0.644151,0.644151,0.62949055,0.8146818,0.43521366,0.006881873115667518,0.0008366916763684072,0.0009705082332421909,0.0005566011523832386,0.00537360874118266,1.8638729032241856e-05,0.0006812989376184325,-0.0015159567619260034,0.0009337285427912228,0.0,0.0,0.0,-0.0010680553031220542,-1.3428233246298385e-05,-0.00026763334981692773,0.0045380125319274735,-0.0005166279243565006
0.86331886,0.8822528,0.7258914,0.9062,0.7284972,0.94736844,0.94736844,0.6215334,0.6317248,0.9375,1.0,1.0,0.6317248,0.6317248,0.6482405,0.43023735,0.6622137,0.00500368582781149,0.0001138261411233342,0.00010136498283956654,-2.07042641299654e-05,0.0019318731421102556,0.0001235852881434306,0.0009345169500298362,-0.0012400285252869756,0.0006445223760695777,0.0,0.0,0.0,-0.0009273857670342073,0.000588301925119658,-1.4726058741483597e-05,-0.0004008902636432148,0.0012180226163942451
0.6000614,0.8437318,0.8709672,0.9375,0.93370897,0.94417596,0.94736844,0.48807204,0.4976796,0.9375,1.0,1.0,0.4976796,0.4976796,0.42574054,0.6524597,0.4372136,-0.00302470589621647,-0.0002031762261350007,-0.0012538613590319214,-0.00014803401755778762,-0.0005962620600401845,0.00017953949392970848,0.0009988289612305418,0.0007511461030797928,-0.00013213731063190133,0.0,0.0,0.0,0.00023880653869538915,0.00023685708249650882,0.0002705060969582096,0.0037913893585896285,-0.0006127960773014326
0.89714444,0.81568396,0.3990874,0.99197626,0.42786166,0.94736844,0.94736844,0.5634568,0.5716679,0.9375,1.0,1.0,0.5716679,0.5716679,0.50449055,0.56579304,0.5272137,0.005597791397747664,7.922500899821306e-05,0.0012748990298711666,-7.696379097450489e-05,0.004108653293389249,0.00017826501736272247,0.001160123103180967,-0.0003623562306460172,0.0005604235198004713,0.0,0.0,0.0,-0.00041091538859678873,0.00043797899201618697,0.00027073250870013755,0.0019125620735791474,0.0003047505482325669
0.79312956,0.625891,0.5204677,0.90427727,0.9375,0.94736844,0.9491732,0.35691833,0.37072104,0.9375,1.0,1.0,0.37072104,0.37072104,0.48574048,0.4635707,0.23921366,0.0031433849951632547,-0.000629654845880839,0.0018148208194698977,0.0001423362749423794,-0.00045409212361723224,8.84611885324288e-05,0.0010705884954415191,0.0023279987290309905,-0.0008699888342165744,0.0,0.0,0.0,0.0013476902475209396,0.00019966446648585312,0.0006511785379212695,3.9218958529036454e-05,-0.0026672101389936293
0.9186976,0.85756975,0.8367765,0.8367765,0.99197626,0.94736844,0.94736844,0.8846106,0.8772423,0.9375,1.0,1.0,0.8772423,0.8772423,0.8382405,0.67245966,0.9342137,0.005913507440220718,0.0002446666006787547,-0.0002536330166416701,-2.4178496918890667e-05,-0.0008188855046750684,0.00012133608611965677,0.0011598054765208233,-0.005993909313683249,0.0029575506132749653,0.0,0.0,0.0,-0.003773296297877966,-0.00027516525705263673,-0.0008947977276373739,0.003061740097457918,0.002730209760840404
0.40506136,0.5803119,0.85603344,0.9375,0.97322625,0.86317396,0.94736844,0.1330722,0.14780651,0.9375,1.0,1.0,0.14780651,0.14780651,0.23824048,0.11801508,0.1662136,-0.011253814651533139,-9.307540624484232e-05,-0.0015691804458054285,0.00011080795981227522,-7.638715706969511e-05,-1.7408880515534102e-05,0.0005870012670320098,-0.002138174874719824,-0.002359329063820422,0.0,0.0,0.0,0.0006734429676449025,-0.004132997983739565,-0.002312272882592743,-0.008893914947367684,-0.005101865114173
0.8186977,0.9555608,0.48045713,0.48045713,0.9045032,0.94736844,0.94736844,0.39922598,0.41217393,0.9375,1.0,1.0,0.41217393,0.41217393,0.33699048,0.5391263,0.4282136,0.0035144071500646697,0.0003075166272289236,0.0016864014723235363,0.00015410170776419642,8.451674998147821e-05,0.00013918818425167213,0.0011663522069048301,0.0020841926377928766,-0.0005228734153303263,0.0,0.0,0.0,0.000940812701695655,0.00015878370829569446,0.0004647791571915235,0.0013226945735289627,-0.000547233066629395
0.5908189,0.5838406,0.8365654,0.8365654,0.9375,0.94736844,0.64344484,0.36537978,0.37473553,0.9375,1.0,1.0,0.37473553,0.37473553,0.46949053,0.24912633,0.46821365,-0.0037408098848806946,-0.00013950963915679523,-0.0010471913672184707,2.8975082591656492e-05,-0.0005848470367737544,0.000276890235660441,-0.007187340090699334,0.0011383657685004672,-0.0006899366380767275,0.0,0.0,0.0,0.0013448790525992667,-0.0003249823148153802,0.0002919705585934019,-0.005120213445795277,-0.0003147836261887815
0.88812953,0.8742262,0.781915,0.781915,0.9375,0.94736844,0.91572064,0.6476873,0.6538125,0.9375,1.0,1.0,0.6538125,0.6538125,0.55574054,0.67468184,0.6212137,0.00439963170323934,0.00016217212872996793,-0.0002869972331187165,5.720789116190703e-05,-0.0004560510218717647,7.30126766045494e-05,-2.3151817026324518e-05,-0.001688595800309206,0.0008011272335017802,0.0,0.0,0.0,-0.0009500500088005298,0.00045192753190379957,0.0001120596063922574,0.0033135715915443968,0.0007907320289695881
0.5481295,0.7598561,0.92463356,0.97322625,0.97322625,0.94736844,0.94736844,0.38307205,0.39818302,0.9375,1.0,1.0,0.39818302,0.39818302,0.21074045,0.5502374,0.39321357,-0.0045080116750899,-0.0001332819823266243,-0.002027272430532052,-0.00020776078185739678,-0.0008868783924352774,0.0003124776893358619,0.001168518551651833,0.0014467785799509479,-0.00047784070048943576,0.0,0.0,0.0,0.0011792193247200226,-4.73614633919236e-05,-4.6747908353998415e-05,0.0018703040571865725,-0.001010225667615713
0.9719551,0.9210105,0.30029956,0.30029956,0.99197626,0.94736844,0.94736844,0.53268754,0.54011434,0.9375,1.0,1.0,0.54011434,0.54011434,0.38699055,0.58912635,0.5832137,0.0067457102597163025,0.000298543028720299,0.002101700733454883,0.00024182477456568475,-0.0011261244846775024,3.5071845157622074e-07,0.0007471332787769469,0.0003530664187680747,5.38957091699772e-05,0.0,0.0,0.0,0.00010780963490677205,0.0003298781959683796,0.00039223814385533205,0.0018471188371656175,0.00040804875446596875
0.86831886,0.8209835,0.72878647,0.72878647,0.9375,0.94736844,0.9195817,0.41922584,0.43063515,0.9375,1.0,1.0,0.43063515,0.43063515,0.2957405,0.45690408,0.48521367,0.004156082158247195,-5.435126110816903e-05,-0.00027883077337808546,0.00017269636449642882,-0.0004107431957679843,4.074413221857413e-05,-3.145119023575893e-05,0.0016155451367092413,-0.00047770527495330945,0.0,0.0,0.0,0.0008372052538861217,0.00028763573158503523,0.00014438594105417054,-9.425332623149374e-05,-0.00015175659134050447
0.83812946,0.85074043,0.6206507,0.6206507,0.93773437,0.94736844,0.94736844,0.3915339,0.40309522,0.9375,1.0,1.0,0.40309522,0.40309522,0.40074056,0.616904,0.24321365,0.003610698979049918,-4.482876924101383e-06,0.000962233140214555,8.172137631166785e-05,-0.00036538504428777746,0.00010081488884593745,0.0009265674340160004,0.0019300519277026806,-0.0007768822457446166,0.0,0.0,0.0,0.0010987193597942497,0.0001436892904537187,0.00034555326607185993,0.00249115554927755,-0.002832932725260182
0.52600825,0.59975326,0.8189369,0.9375,0.9375,0.59975326,0.7875977,0.43537977,0.44713,0.9375,1.0,1.0,0.44713,0.44713,0.39699054,0.4257929,0.49421358,-0.006079948624908808,0.0003883697696395233,-0.0010681271430882204,-0.0005105410706164626,-0.0005229013472230022,-0.002339598591791324,-0.003719818544303497,0.0005826929500451451,-0.000280510362404154,0.0,0.0,0.0,0.0006669103550780112,-0.00029663838617758985,0.00011197877238488285,-0.001455176895430411,-0.0002488806753522104
0.72850823,0.813847,0.6200158,0.6200158,0.9375,0.94736844,0.813847,0.7488413,0.75444126,0.9375,1.0,1.0,0.75444126,0.75444126,0.6569905,0.7969041,0.70721376,0.0006936440762081758,4.2125542354747614e-05,0.00020761713834438166,0.00033183473032547624,-0.0002744780976775227,6.208586491143579e-05,-0.0026413421894949537,-0.0037410257764670914,0.001930398343587475,0.0,0.0,0.0,-0.0025152044278842,-0.0001867948418336099,-0.0004620384837221387,0.004706090678860142,0.001358728236219543
0.73812944,0.7437375,0.69770503,0.99197626,0.9005603,0.94736844,0.94736844,0.65076435,0.6590652,0.9375,1.0,1.0,0.6590652,0.6590652,0.66074055,0.73468184,0.5452136,0.0007374710145826879,-0.00048437116934244034,0.0001487356647474699,-0.00017132078574113322,1.5642654559611252e-05,0.00011581431652129776,0.0012441721478043748,-0.0015090360866280672,0.000853718945258486,0.0,0.0,0.0,-0.0011651375398002836,0.0002675450539532754,-0.0002662583249963158,0.003788300565895452,0.00025249892922316774
0.6783188,0.79307073,0.5763072,0.5763072,0.97322625,0.94736844,0.94736844,0.3742259,0.38724726,0.9375,1.0,1.0,0.38724726,0.38724726,0.36574054,0.2924596,0.46121368,-0.0006193285124265796,-0.00020338263986067247,0.001363858216151483,0.0005190896114790925,-0.0007712340136161637,0.00020205384253039915,0.0010993905899352211,0.0017485045294579754,-0.0006926133718130977,0.0,0.0,0.0,0.0012303216418638981,-9.046248072369465e-05,0.0003804385149081432,-0.004223414739976847,-0.00042996151747889516
0.5808189,0.84723014,0.8812014,0.9375,0.9375,0.8913406,0.9491732,0.5703797,0.58033085,0.9375,1.0,1.0,0.58033085,0.58033085,0.57199055,0.5335707,0.5882136,-0.004025158170584619,-0.00022197899922785856,-0.0009347017993978701,-0.0004396714508437813,-0.0004228895875704657,-8.017115952835864e-05,0.000785776740659434,0.0001538245709527681,0.0001223698063182358,0.0,0.0,0.0,-0.0002682456386891383,0.0005707555707033797,0.00011289751826275064,0.0009774072782741058,0.00048228130890201447
0.8135083,0.8500904,0.6667912,0.6667912,0.9375,0.94736844,0.8500904,0.8007643,0.80311596,0.9375,1.0,1.0,0.80311596,0.80311596,0.7969905,0.7424596,0.77921367,0.0034776658531394107,0.0002797065364967658,0.000174170317130833,0.00032638062410002435,-0.0005130151516310087,0.0001159389031811249,-0.0015580910638950138,-0.004437172601649787,0.0024294966163104586,0.0,0.0,0.0,-0.0030996510345633575,-0.00023243468900684288,-0.0009061618474003201,0.0040014461414670625,0.0017537369412022785
0.6908188,0.84372455,0.51459104,0.9375,0.93370897,0.9210105,0.94736844,0.36807206,0.3799817,0.9375,1.0,1.0,0.3799817,0.3799817,0.3757406,0.34134844,0.4612136,-0.000387747143876313,-0.00019189893596769647,0.001978063976884131,-0.0002820790819475341,-0.0004129337116390017,9.393576694645785e-05,0.000910056009918705,0.0016949129645238783,-0.0005115005005845227,0.0,0.0,0.0,0.0011834525578652338,-0.000417234100121744,0.0004904657466903834,-0.002903300589236595,-0.00027490024711914856
0.6160082,0.8628931,0.7523545,0.7523545,0.9375,0.94736844,0.9193914,0.39114892,0.40418488,0.9375,1.0,1.0,0.40418488,0.40418488,0.19074047,0.33579296,0.6232137,-0.0022002359745106675,-0.00016693488330906704,-7.39934229200417e-05,0.0002004196851935242,-0.0003091299706537378,0.0001373759010794058,0.00021420503939724862,0.001481792208298309,-0.0004806792819479302,0.0,0.0,0.0,0.001113408654512372,-0.00014137752597426462,0.00011945071057293051,-0.0031730580456172442,0.0011764755605261972
0.55812943,0.7647942,0.8581048,0.9062,0.97322625,0.94736844,0.94736844,0.35807213,0.36987644,0.9375,1.0,1.0,0.36987644,0.36987644,0.5494905,0.40912628,0.1662136,-0.004681533688792669,-0.00018953747994204914,-0.001428761316274072,-0.00030558016788630703,-0.0008795032005795129,0.0002337000722836851,0.001169212344429723,0.0015573815456496126,-0.0007355193222574204,0.0,0.0,0.0,0.0013974212387228278,-0.0003639797932089033,0.0005941470928572289,-0.0016090070076989495,-0.0032904769327470984
0.8208189,0.85385627,0.6919922,0.8871432,0.7473433,0.94736844,0.94736844,0.49499542,0.5063439,0.9375,1.0,1.0,0.5063439,0.5063439,0.4869905,0.35023743,0.5462136,0.00318833253891128,-1.882355406623232e-05,0.00021739587485730642,5.8591014389365244e-05,0.001371445916935886,0.0001396311814608188,0.0007393823978843203,0.0010909063087583984,-2.4298349648844654e-05,0.0,0.0,0.0,0.00029179117703510116,0.00044040583014586204,0.0005062370358330348,-0.0023067391091999736,0.0004889861793628793
0.4575613,0.77902895,0.7485208,0.7485208,0.9375,0.94736844,0.70685744,0.4707646,0.47983766,0.9375,1.0,1.0,0.47983766,0.47983766,0.3782406,0.4502374,0.5822137,-0.008338357028351976,-0.00015579880236091113,-0.00022188091976905195,0.0002828277462507552,-0.00033063523442012943,0.0002606736907072662,-0.005720021406648214,0.0008842131010848738,-0.00022750470278949151,0.0,0.0,0.0,0.000576866205289844,0.00011291259338207318,0.0003740304614647836,-0.0006585194445279266,0.0003833446410032328
0.9667657,0.8998124,0.70890784,0.70890784,0.8591455,0.94736844,0.94736844,0.7707644,0.7779722,0.9375,1.0,1.0,0.7779722,0.7779722,0.7419905,0.72912633,0.75821364,0.006862507407636899,0.0005614379450733976,0.00010625897946321978,0.0001868773293416523,0.0003884584104546625,4.139074218289358e-05,0.0008842531399728448,-0.004347809103818148,0.002032352634554054,0.0,0.0,0.0,-0.0026878196375738107,-0.000326188591598687,-0.0008268751764561994,0.0036750950253935455,0.0014392669726974352
0.54100823,0.6907696,0.6496491,0.6496491,0.90427727,0.94736844,0.94736844,0.51153374,0.5226411,0.9375,1.0,1.0,0.5226411,0.5226411,0.19824052,0.5113485,0.6882137,-0.004911119868926887,-0.000516209602728188,0.000456834690218515,0.00020920697624866457,-0.00013015906543979646,6.292441899491755e-05,0.0007280925091239726,0.0009543188507180101,1.4749560085784152e-05,0.0,0.0,0.0,0.00031017714710908665,0.0005442503916646611,0.0007351081683208426,0.0006240331923577713,0.0016191406387921841
0.6531295,0.85621727,0.73746616,0.73746616,0.9375,0.94736844,0.80318975,0.4676876,0.48203528,0.9375,1.0,1.0,0.48203528,0.48203528,0.27949047,0.6380152,0.46121368,-0.0009613923704027199,-0.00010699901881984919,0.00011410773150683445,0.00020994627508318694,-0.0003818072092307036,0.0002687448278613685,-0.0021089671146196165,0.0012427151694171322,-0.0002326056609037163,0.0,0.0,0.0,0.0004879434369500066,0.0004118036401790525,0.000191417097555872,0.0031173616519256453,-0.00042820391319564084
0.82544017,0.75567883,0.6786049,0.9375,0.77689874,0.75567883,0.94736844,0.5623028,0.5729419,0.9375,1.0,1.0,0.5729419,0.5729419,0.6982406,0.3624596,0.58021367,0.004304017509717328,-0.000297399881014287,0.00043158794245046634,-0.00014235003701096804,0.0014312981333056498,-0.00027344895914896146,0.0015336057320619626,0.00021521317889559678,0.00023328670211723984,0.0,0.0,0.0,-0.0003393029406935477,0.0008315848491132097,0.00022855622024215927,-0.0018035947105109426,0.0007347857163854119
0.90214443,0.8738682,0.33006102,0.33006102,0.9375,0.94736844,0.8738682,0.5676876,0.577545,0.9375,1.0,1.0,0.577545,0.577545,0.5882405,0.6013485,0.49021357,0.0053958598178370345,0.00032239909231466835,0.001607438051792979,-7.034669271758916e-05,-0.000472129367246052,1.6173669200305676e-05,-0.0005583462681627783,-0.0005753102826523773,0.000454746368082687,0.0,0.0,0.0,-0.0005002631467512863,0.00021868475382042359,-4.077168548283598e-05,0.0022246496626734543,-0.0001577657775769352
0.5979401,0.79462165,0.7337263,0.99197626,0.79131204,0.94736844,0.94736844,0.6334569,0.6401658,0.9375,1.0,1.0,0.6401658,0.6401658,0.6157405,0.54468185,0.6562137,-0.0023702199503042205,-0.0001012684385935699,9.313397769507439e-05,-4.126689252754775e-05,0.0011468204955608124,0.00018560507042994105,0.001068495589578846,-0.0009261699887771467,0.000727549455777453,0.0,0.0,0.0,-0.0009633861167888655,0.0007903989913284237,1.4917991129881173e-05,0.0019359414511067358,0.0011820137484704076
0.90426564,0.8527257,0.5868361,0.9062,0.63112617,0.94736844,0.94736844,0.638072,0.6481741,0.9375,1.0,1.0,0.6481741,0.6481741,0.68324053,0.58912635,0.66021365,0.006042613951539357,0.0002073027066651225,0.0004571519622664041,2.0413918910562123e-05,0.0023909341978424646,0.00018033585715971544,0.001124204943812472,-0.0015603678030818918,0.0009614667019450363,0.0,0.0,0.0,-0.001186592905225587,0.00034658539490438914,-0.0002584733868560037,0.0021475541973256145,0.0011648209147661936
0.8406295,0.7945402,0.68093294,0.9375,0.6822148,0.92512906,0.94736844,0.56999516,0.57649356,0.9375,1.0,1.0,0.57649356,0.57649356,0.5244905,0.49468178,0.6442137,0.004408028341029343,-0.00017351860446718448,0.0003850745364090386,6.496819385143831e-05,0.0023945953082374623,0.00011631036608701615,0.0008889972415812397,-0.0002404685318554063,0.00038254548034381987,0.0,0.0,0.0,-0.00034659119349580736,0.0005575329363808955,0.00030993213335536154,0.00024661424973702954,0.0012914173083073968
0.7636976,0.82941514,0.9292761,0.9375,0.9375,0.82941514,0.8913406,0.6076876,0.6199857,0.9375,1.0,1.0,0.6199857,0.6199857,0.3532405,0.68579304,0.6442137,0.0025210005555544646,-0.00018723639908802027,-0.001344076610697872,-0.00013014631273956963,-0.00046045204871960905,-3.7697439104433446e-05,0.00026903139972234537,-0.00034764468394090086,0.0005598198329405267,0.0,0.0,0.0,-0.0008320963747451742,0.0008663821259494477,0.0003504674502424919,0.004419266205505093,0.001336582082570585
0.78775066,0.8407169,0.85207504,0.85207504,0.939427,0.94736844,0.94736844,0.55153346,0.5613235,0.9375,1.0,1.0,0.5613235,0.5613235,0.2607404,0.73468184,0.59021366,0.0030081838908905885,4.733960234830966e-05,-0.0006652157855237184,6.366171524453466e-05,-0.0005349374164039099,9.479023791434025e-05,0.0010880100667145743,6.275102741936368e-05,0.00033297648486887586,0.0,0.0,0.0,-0.000243806067251194,0.000513294907401576,0.00045700927421826694,0.005164474166357354,0.0008110445404352351
0.70044017,0.87214583,0.87233704,0.9375,0.9375,0.91628766,0.8069667,0.5588413,0.57050544,0.9375,1.0,1.0,0.57050544,0.57050544,0.2594905,0.70023745,0.62921363,8.19270552564394e-05,-0.00014217322073038872,-0.001247027333354903,-0.00017806161364481302,-0.0004496979762689067,0.0001450915805836653,-0.002874375506870696,0.000234228962304512,0.00029682855678109433,0.0,0.0,0.0,-0.0003533102330386177,0.0007100146478629957,0.0003517223914050291,0.00471692450757644,0.0012553091748612626
0.9998338,0.94736844,0.12541771,0.12541771,0.12541771,0.94736844,0.94736844,0.52614903,0.53599143,0.9375,1.0,1.0,0.53599143,0.53599143,0.5082405,0.44579294,0.6232137,0.008612528669339476,0.0009196727793567394,0.002676745973010068,-0.0015700732875289856,0.004824314070558431,-7.297951293921433e-05,0.0012938253931868197,0.0006967371440161191,0.0002810009967223281,0.0,0.0,0.0,0.0002835286872989799,0.0005198185808151719,0.0006854059919663265,-0.0005849156238048265,0.0012576392331541681
0.25218278,0.40700352,0.92040455,0.92040455,0.9375,0.94736844,0.40700352,0.5173029,0.5272593,0.9375,1.0,1.0,0.5272593,0.5272593,0.26824045,0.60690415,0.70221364,-0.014598687815683166,-0.0007675037300139636,-0.001486850685049188,-0.00023104478333787392,-0.00034500177509094976,0.00025270553640427586,-0.013622572524394062,0.0007064917276269611,-6.208886078614643e-06,0.0,0.0,0.0,0.0001389645340688317,0.0005204616937819541,0.0006346191287049399,0.0027251112450732105,0.0018946597458537268
0.48756126,0.769977,0.74557936,0.74557936,0.9375,0.94736844,0.7348976,0.4349952,0.44907504,0.9375,1.0,1.0,0.44907504,0.44907504,0.25199044,0.4380151,0.6292137,-0.005777112278155949,-0.0001758735399982113,-0.0002772474549675673,0.0002080205808265357,-0.00047200473038006257,0.00023176574304152272,-0.004452352631665406,0.0009524286116865928,-0.00015179521923679694,0.0,0.0,0.0,0.0005178660658377928,0.00022021526986902028,0.0001595488373608002,-0.000276307303745857,0.0013756661935355608
0.66831875,0.91114014,0.8354783,0.87848544,0.9062,0.94736844,0.94736844,0.5646104,0.5688832,0.9375,1.0,1.0,0.5688832,0.5688832,0.18324053,0.62245965,0.8382137,-0.0007229254400376367,-0.00016136641156493063,-0.0006503162381305258,-0.00011702566392817702,-1.7261462428534297e-05,0.00011461386245745289,0.0006008421258588653,0.00012778183923537262,0.00011506907596471678,0.0,0.0,0.0,-0.0002115296976931716,0.0006284845579793728,0.0005507149505085683,0.002882251824063376,0.0021403851119091524
0.78869766,0.8156842,0.7477723,0.97322625,0.93370897,0.94736844,0.94736844,0.5419182,0.55298716,0.9375,1.0,1.0,0.55298716,0.55298716,0.3219905,0.7646819,0.47721356,0.0026887599085844717,-2.221513807372913e-05,-9.465518064431557e-06,-1.5773330880493113e-05,-0.000445723433766124,6.529012114723793e-05,0.0011918810997118322,0.00017439341510084138,0.0003085522096384464,0.0,0.0,0.0,-0.00020002754228714122,0.0005275473349306615,0.0004238539130476866,0.005628024141813659,-6.418057763121883e-05
0.38756144,0.8407169,0.91715527,0.9396432,0.90427727,0.94736844,0.94736844,0.5361491,0.5487033,0.9375,1.0,1.0,0.5487033,0.5487033,0.5157405,0.40912628,0.6552137,-0.009725927087587167,-0.00020722764640622538,-0.0015282855220887992,-0.00029802749058182416,-7.52316329654936e-05,0.00022330400930751547,0.001220181711052201,0.0006446759421891951,0.0002479522165840251,0.0,0.0,0.0,-3.1115133811501636e-05,0.0006672909426184901,0.0005552756293359497,-0.0014279748216058533,0.0014261634290115063
0.6608188,0.8459658,0.870967,0.9375,0.9375,0.878765,0.8507194,0.39191818,0.4038096,0.9375,1.0,1.0,0.4038096,0.4038096,0.2182405,0.61912626,0.3532136,-0.001002080491402571,-0.00012210289881220605,-0.0017450501981604743,-0.0001738246560844115,-0.0004298622844343292,-0.00011496532400712925,-0.0017304949488008204,0.0012506904743800717,-0.0003837064749967336,0.0,0.0,0.0,0.001044938944472575,-0.00012473314832385098,1.4331519003457343e-05,0.0034771574230547052,-0.0013715142375839882
0.40756133,0.7385005,0.73484683,0.9375,0.9375,0.7385005,0.99324316,0.3765335,0.38649574,0.9375,1.0,1.0,0.38649574,0.38649574,0.40824056,0.47690403,0.30021363,-0.009553123857738911,1.0847770167404964e-06,-0.00010746032720624198,-0.0002720590358112451,-0.0005120327559457055,-0.0010280017891750842,0.002168163891364403,0.0011044531530946177,-0.0003352095687225611,0.0,0.0,0.0,0.0010618880361407844,-0.00030617374991399453,0.0005206555219235006,0.00038788174313960256,-0.0016952725195272455
0.6904401,0.7845167,0.93370897,0.9375,0.9375,0.9489912,0.7698866,0.41230276,0.42471445,0.9375,1.0,1.0,0.42471445,0.42471445,0.41949052,0.2902373,0.5932137,-0.00013382960562418722,-9.356701315241977e-05,-0.0020453400332180066,-0.0004675041035194819,-0.0003913341311831042,0.00026325987150595145,-0.004026116273126559,0.0010721457851084607,-0.0004013469689098059,0.0,0.0,0.0,0.0008581691576352062,-0.00012841300239315305,0.0003224761097797097,-0.004267722554159859,0.0008469911066686486
0.6150612,0.89307547,0.9668138,0.9668138,0.9375,0.94736844,0.99324316,0.708072,0.70637417,0.9375,1.0,1.0,0.70637417,0.70637417,0.46324056,0.6802375,0.8852137,-0.0019307383272109786,-1.5377374780987005e-05,-0.00104694206577248,-0.00019367338588161616,-0.00046221652961685454,0.0002732291583242133,0.002355569544678249,-0.002118574839470319,0.0009059403829447384,0.0,0.0,0.0,-0.0014331436461226283,0.0010284039899067271,0.00020757425122066694,0.004035341082741842,0.0024255616894844666
0.70331883,0.8273557,0.45139492,0.45139492,0.99197626,0.94736844,0.94736844,0.26576453,0.2793125,0.9375,1.0,1.0,0.2793125,0.2793125,0.41324055,0.25579295,0.1662137,3.029970913068225e-06,-3.4691979459781534e-05,0.0028324498723518265,-0.0006050782197709649,-0.0001249657458129534,4.4897673971071444e-05,0.0005256015245655016,0.001020440063316533,-0.0019166619735113627,0.0,0.0,0.0,0.0009431849941972109,-0.0012799044105852456,0.00020328744710026295,-0.0052561485960289,-0.004851646120235021
0.39256138,0.81568533,0.8871432,0.97322625,0.9396432,0.94736844,0.94736844,0.5065337,0.51694894,0.9375,1.0,1.0,0.51694894,0.51694894,0.29324055,0.7035708,0.45221367,-0.00951925077479781,-0.0001733374413414688,-0.0014102390151435995,-0.00039937670024244335,-0.0003478537364685978,0.0002871034640299318,0.0014533281474987747,0.000724828219291828,-2.879072038755622e-05,0.0,0.0,0.0,0.0002614585398209941,0.00036462988723802187,0.0003334619381930302,0.005054278575641975,-0.0006143216210274043
0.6715763,0.83642805,0.6058769,0.6058769,0.9668138,0.94736844,0.94736844,0.6123028,0.6188538,0.9375,1.0,1.0,0.6188538,0.6188538,0.52574056,0.65912634,0.60421365,-0.0008915039970842142,-6.23624219648176e-05,0.0006158209172603869,0.00021458667363063975,-0.0008253013190205427,0.00015793086383442616,0.0010795000486667702,-0.0008435558728052523,0.0005060165502954708,0.0,0.0,0.0,-0.0007179957133345369,0.0004281216170700222,0.00010028220365934213,0.002907193613231871,0.0006929714926607564
0.69350815,0.8210069,0.77626085,0.77626085,0.9375,0.94736844,0.91811174,0.5223029,0.5295999,0.9375,1.0,1.0,0.5295999,0.5295999,0.5757405,0.29134846,0.67921364,-0.00038318349844148556,-0.00017188847386401007,-0.00043309590835243004,0.00025669970386423045,-0.0005912070141825998,0.00016328793376188866,-3.245594173034549e-05,0.0006697480222274484,9.135801409583577e-05,0.0,0.0,0.0,8.08001599500191e-05,0.0004927592475824574,0.00036032472518316485,-0.0037251357851063784,0.0014146086997796183
0.55525076,0.7567372,0.7374765,0.9396432,0.9375,0.94736844,0.6021517,0.39499533,0.3982658,0.9375,1.0,1.0,0.3982658,0.3982658,0.51074046,0.32579294,0.42621356,-0.00534618531283937,-0.00010033441789382334,-3.607365108206521e-05,-0.00034186346198999143,-0.0005942018149169479,0.0002370014120398904,-0.008924594340580815,0.0010780005670474686,-0.0005463340160727811,0.0,0.0,0.0,0.0013003564387769318,-0.0002806675662165889,0.0005032112162310583,-0.0036215476710607787,-0.0007957493403961042
0.61081886,0.82430315,0.75427145,0.75427145,0.8581048,0.94736844,0.94736844,0.31461054,0.3301026,0.9375,1.0,1.0,0.3301026,0.3301026,0.14199054,0.5735707,0.30021363,-0.0029727873468858718,-0.00012325813260507065,-0.0006181578414562093,0.0005373852573618979,0.0002767310479492164,0.00012680491483810105,0.0008161315782919334,0.0005166332944440356,-0.001195959554841417,0.0,0.0,0.0,0.0007618988677813363,-0.0011489214878470878,-0.002204325270715193,0.0026089741090638864,-0.002757965706079384
0.779455,0.78771156,0.7284649,0.8181532,0.66856337,0.94736844,0.94736844,0.5511491,0.5593547,0.9375,1.0,1.0,0.5593547,0.5593547,0.44199055,0.51245964,0.6792137,0.002196678227767569,-0.0001172229040568918,0.00011505435843569657,0.00011154113097437079,0.0022974829651220747,5.980267576378137e-05,0.0006545612097603862,6.139464176856234e-05,0.00035494019649289226,0.0,0.0,0.0,-0.00014466926327308643,0.0005529178300590315,0.0004231885680512949,0.0007777354273765632,0.001617464846167947
0.24256137,0.5211729,0.9396432,0.9396432,0.9375,0.94736844,0.9193914,0.5173029,0.52975976,0.9375,1.0,1.0,0.52975976,0.52975976,0.3582405,0.37134838,0.7532137,-0.015314048071543152,9.557852113969842e-05,-0.0019874191323195024,-0.0005171269839643748,-0.0004275265355669155,0.00011219446787273519,0.00046939701523954685,0.0005637050534174506,8.133451843200752e-05,0.0,0.0,0.0,-1.921486995737416e-05,0.00045146439902962504,0.00036154171987794556,-0.0022578747221599967,0.002241196782828195
0.79388696,0.8913408,0.5330013,0.5330013,0.8830454,0.94736844,0.94736844,0.30191818,0.31478,0.9375,1.0,1.0,0.31478,0.31478,0.27949047,0.46912628,0.21021357,0.002851194770806024,0.00020629249820624648,0.0017343013229720828,-0.0004067445911051472,0.00010419127459411217,6.980587081579747e-05,0.0008459291236557917,0.0017517768112758297,-0.0017547230175178224,0.0,0.0,0.0,0.0011264636379438567,-0.0006064375488026364,-0.0008497297610925865,-0.00018540983367265688,-0.004287646914317256
0.67350817,0.7914564,0.7370743,0.97322625,0.9375,0.94736844,0.7753088,0.5073028,0.51579124,0.9375,1.0,1.0,0.51579124,0.51579124,0.5132405,0.4502374,0.53121364,-0.0009809726557021869,-0.00015013368701453637,8.49607885100392e-05,-0.000418913479668645,-0.0006458480688925678,0.0002487175030439396,-0.004032221521140309,0.0006895713536247713,1.1599511156694854e-05,0.0,0.0,0.0,9.825249139764021e-05,0.0004247148272501479,0.0003934887452931646,-0.0003371398173477537,0.0003633694825521706
0.86737204,0.80308527,0.91162604,0.9375,0.91411304,0.80308527,0.94736844,0.6076874,0.61662257,0.9375,1.0,1.0,0.61662257,0.61662257,0.7419905,0.49357074,0.58521354,0.004376914659724756,-0.00023920108639334205,-0.0009778305159575617,-5.905481101037101e-05,-0.00027687433746085335,-1.6453976020100457e-06,0.0008915160187713603,-0.0003928332449301493,0.00046078641780760034,0.0,0.0,0.0,-0.0006199629179220632,0.0008419147605335382,0.00016395981336663862,0.0005391240356746011,0.0007389388137560363
0.87119764,0.9015119,0.61798036,0.61798036,0.97322625,0.94736844,0.94736844,0.6249952,0.63647205,0.9375,1.0,1.0,0.63647205,0.63647205,0.48574048,0.62245965,0.6672136,0.004359273377930223,0.00022239490256154942,0.0004886764458406117,0.0001477298551711316,-0.0011087534095716137,7.97217574788741e-05,0.0007531082456521082,-0.0012807865436430135,0.0007872803973114679,0.0,0.0,0.0,-0.0007789826657639143,0.0006547053349750093,0.00040143036994712646,0.002779410841683737,0.0014294447002900057
0.6031294,0.7873666,0.5935195,0.5935195,0.9375,0.94736844,0.73512757,0.51922596,0.52893776,0.9375,1.0,1.0,0.52893776,0.52893776,0.3782406,0.59357077,0.55521363,-0.0029756096401004923,-0.00031153913005266243,0.0007990606132058347,0.0002539457146029418,-0.0005293493650170205,0.0001436967393528746,-0.003907460869750078,0.0007317183089283493,6.840260542120835e-06,0.0,0.0,0.0,6.984700880609082e-05,0.0004243802161509982,0.0005111729074400402,0.0018972778390038564,0.0005784375507749858
0.8581295,0.878765,0.7804181,0.7804181,0.9375,0.94736844,0.9711938,0.62845683,0.63385177,0.9375,1.0,1.0,0.63385177,0.63385177,0.80949056,0.43245962,0.6242137,0.004027816843948379,4.8541457663964575e-05,-0.00018153031117955901,0.00012677591009399957,-0.00046970841250937984,0.00012738869098588137,0.001962118387895802,-0.0011507184438684208,0.0005980706521740108,0.0,0.0,0.0,-0.0008787863703312499,0.0005759583831524956,-0.00026228686095589737,-0.0006199385397188209,0.000906934541524924
0.53945506,0.7257318,0.6366758,0.9375,0.9375,0.7257318,0.76634496,0.2865338,0.301336,0.9375,1.0,1.0,0.301336,0.301336,0.09199035,0.6235707,0.20621356,-0.005231629530409877,-7.514675754636914e-05,0.0009341394731932431,1.4088422391806297e-05,-0.0002158155283327313,-0.0006965511746475153,-0.0033126988261318437,0.0008934903199955404,-0.000957491650223461,0.0,0.0,0.0,0.0013401319968571771,-0.0012308982715788382,-0.0012018182460176517,0.0037180760310927185,-0.0032895855127530794
0.73062944,0.81568533,0.71703213,0.99197626,0.9375,0.94736844,0.6537903,0.46037966,0.47002006,0.9375,1.0,1.0,0.47002006,0.47002006,0.44949055,0.456904,0.48521367,0.0009053365862877961,-0.00022840704037826288,0.00012648475441086007,-0.00047921205950466944,-0.0005113015501114626,0.000201818805853724,-0.007065252303116942,0.0010424741828383571,-0.00032598105310381375,0.0,0.0,0.0,0.0005601649723846621,3.441527993998713e-05,0.0002914961532879582,-0.00047644222766867405,-0.00029988609192176997
0.8629401,0.8117626,0.79545,0.79545,0.9375,0.94736844,0.9489912,0.6049953,0.613392,0.9375,1.0,1.0,0.613392,0.613392,0.80074054,0.51357067,0.51321363,0.004364263062212439,-9.2755392953338e-05,-0.00035488035109598845,0.0001319835636353456,-0.000439255233795369,6.326720435348154e-05,0.0013137280032703986,-0.0011397117166668824,0.0006146279441131253,0.0,0.0,0.0,-0.0008946731036068607,0.00036472214338908917,-0.0004780942538604389,0.0008902007306645287,0.00015189214986576882
0.9998338,0.94736844,0.23209769,0.23209769,0.23209769,0.94736844,0.94736844,0.61076444,0.6201605,0.9375,1.0,1.0,0.6201605,0.6201605,0.61949056,0.63801515,0.5222136,0.007591299192863799,0.000850150121416942,0.001354838707644552,0.00022143285411950793,0.005851676934382971,-1.790341555390755e-05,0.0012653101646231688,-0.001040468408806311,0.0007231516688598913,0.0,0.0,0.0,-0.0007329870966143233,0.0002494319258211773,-7.059858438842459e-05,0.002289221600381321,0.00013276313600097628
0.7408188,0.7786411,0.70417655,0.70417655,0.939427,0.94736844,0.94736844,0.5499953,0.5603717,0.9375,1.0,1.0,0.5603717,0.5603717,0.52449054,0.41468185,0.6642137,0.0008556841728217798,-0.00023814466427520212,3.2729687951470155e-05,0.0001982483527067546,-0.0006228260225226497,9.187266565551474e-05,0.0010176983423213868,0.0003571590633499258,0.0003026183815037228,0.0,0.0,0.0,-6.204707666919447e-05,0.0006929540063039218,0.000518674497338136,-0.000799598791018194,0.0014605966898076806
0.5854401,0.573208,0.92463356,0.9375,0.92463356,0.9210105,0.94736844,0.51114905,0.52464974,0.9375,1.0,1.0,0.52464974,0.52464974,0.55199045,0.66579294,0.28421372,-0.0035400097928464554,-0.0010478011359613432,-0.0014587003658750955,0.0002183144065102456,-0.0002931928963209572,0.00011018708387931488,0.0006958166180273246,0.0008418180595967331,-9.47752830682616e-06,0.0,0.0,0.0,0.0002758229969607963,0.00046896897719361146,0.0004928169221186424,0.0032404410316858954,-0.0023072460131844637
0.65850824,0.84891015,0.59769744,0.9375,0.9375,0.84891015,0.86317396,0.34422582,0.35917512,0.9375,1.0,1.0,0.35917512,0.35917512,0.25199044,0.32579294,0.4612136,-0.0015385116233164837,-0.00013570030763145798,0.001134145766983606,-0.00043023509573875157,-0.00035884898524480647,-0.0004405496082343506,-0.0013492265493226774,0.0013467541239555816,-0.0005828749966188893,0.0,0.0,0.0,0.001394506405185232,-0.0007564819165164968,0.0001562862797245218,-0.0036690321613790365,-0.0005117899780160846
0.9042657,0.8913406,0.7137352,0.7137352,0.9657926,0.94736844,0.94736844,0.83461064,0.83536094,0.9375,1.0,1.0,0.83536094,0.83536094,0.52449054,0.8669041,0.8922137,0.0045209403157233504,0.00042298767594279685,-0.00010615135735531147,0.000204228107359362,-0.0008499913867037499,3.904874564600327e-05,0.00039021102877233484,-0.0055479354564041536,0.002741731481578186,0.0,0.0,0.0,-0.0033004491241817526,-0.0005120619516089196,4.998500530582668e-05,0.00519768918916817,0.002425799047237776
0.7761977,0.5750669,0.6723881,0.9375,0.9375,0.5750669,0.9210105,0.47153372,0.48534632,0.9375,1.0,1.0,0.48534632,0.48534632,0.5132405,0.4635707,0.42621365,0.002009960002333617,7.061115651834855e-05,0.0004859914695490877,-0.0003622340436944754,-0.00047189562387925724,-0.0017692699439178512,0.000424589802217738,0.0008752844476794942,-0.00018235981151713248,0.0,0.0,0.0,0.00039673848953870395,9.672857603107372e-05,0.00034668210675766473,-0.0006425838541728392,-0.0007339841371706831
0.9067657,0.8930203,0.3450775,0.3450775,0.9062,0.94736844,0.94736844,0.491149,0.5034055,0.9375,1.0,1.0,0.5034055,0.5034055,0.42699057,0.5246819,0.46721363,0.00518081986469526,0.00024043133599123813,0.0017768012928361936,0.000183189239800546,-8.73126052854644e-05,5.098596085475401e-05,0.0008698296893115564,0.0007215134414295924,4.59642310228732e-05,0.0,0.0,0.0,0.00026297435669001446,0.000332604128380203,0.0004267663523483324,0.0009638615673883441,-0.0001946924735832866
0.7911976,0.7612107,0.99197626,0.9375,0.97322625,0.7891587,0.94736844,0.51345676,0.52747256,0.9375,1.0,1.0,0.52747256,0.52747256,0.48449045,0.52579296,0.51821357,0.0024815382742281707,-0.00011244929866779656,-0.002324548141028344,-0.00029854700814843497,-0.0007432145237945344,-0.0005673475927916498,0.0006933006349930659,0.0007472181156703134,-6.056474607926659e-05,0.0,0.0,0.0,9.152135915325224e-05,0.0004665784738715571,0.0003174452662881646,0.0010067112023544884,7.98846662765161e-06
0.69275075,0.54672694,0.6836053,0.8671419,0.778606,0.94736844,0.94736844,0.38037974,0.38640934,0.9375,1.0,1.0,0.38640934,0.38640934,0.51074046,0.42023742,0.26521367,-0.0008822790209984738,-0.001341856551048109,0.0002935560222524837,0.00033624037149438557,0.0005809017422161763,-1.8603667966370155e-05,0.0009236866463899798,0.002115794265685498,-0.00108789135486633,0.0,0.0,0.0,0.0015409701127505053,0.0002599028656527239,0.0007541127139144383,-0.001483509918738444,-0.0029027867615882357
0.9467657,0.8913406,0.5577674,0.5577674,0.89658135,0.94736844,0.94736844,0.64691824,0.6499837,0.9375,1.0,1.0,0.6499837,0.6499837,0.6357405,0.5880152,0.7222137,0.006403405819979418,0.0001676852265678705,0.000847397737502589,0.00027216208961862567,-0.00012276820084921133,0.00015585858694523779,0.0013235394965333642,-0.001539629286411301,0.0007355217567041304,0.0,0.0,0.0,-0.0010864209683293926,0.0004290187922073959,-0.00015759598807278614,0.0018005125590683899,0.0016717335587482635
0.24350837,0.65237975,0.7727039,0.97322625,0.97322625,0.94736844,0.94736844,0.24576466,0.2601669,0.9375,1.0,1.0,0.2601669,0.2601669,0.14199054,0.5235707,0.23921366,-0.0176329389408305,-0.0003000770847223722,-0.0006628351299568361,0.0004556729656735507,-0.00031705157919723786,0.00011674188457846839,0.0007005307726600013,-0.0004122722228026697,-0.0018054563019213477,0.0,0.0,0.0,0.0007583366554806268,-0.0026072068627506924,-0.002849746571030492,0.0009230729491819265,-0.0038291385900842538
0.4275613,0.42516115,0.93773437,0.93773437,0.9375,0.94736844,0.42516115,0.55576444,0.5678333,0.9375,1.0,1.0,0.5678333,0.5678333,0.35699046,0.8669041,0.40621367,-0.008078151159764638,-0.0021401935563610127,-0.0014501005781415199,2.877503274419787e-05,-0.00031287453951296717,0.0002095589088347026,-0.013138151902401928,0.00031819704739831687,0.00023289209146921556,0.0,0.0,0.0,-0.00031019617185924704,0.0004127062410682772,0.0003702649238092579,0.006699198439974379,-0.0011854280459721784
0.8479401,0.7459324,0.7923199,0.9375,0.7923199,0.7459324,0.94736844,0.8042259,0.8089118,0.9375,1.0,1.0,0.8089118,0.8089118,0.5807405,0.8669041,0.7682136,0.0033900184038774778,-0.0004984456545884719,-1.9954560009641936e-07,-0.00036675542228479927,0.000794229948425349,3.047602000087392e-05,0.0011666903201267963,-0.004995709550753371,0.0026279204105798077,0.0,0.0,0.0,-0.0034381275024193796,-0.000667093490883688,-0.0002482773140390746,0.005311265532015381,0.0015219285251810793
0.68350816,0.7911128,0.5919532,0.5919532,0.9375,0.94736844,0.9711938,0.57076424,0.574903,0.9375,1.0,1.0,0.574903,0.574903,0.5182406,0.57690406,0.6112137,-0.0005039749186513281,-0.00013695619271595664,0.0005301742930019228,0.0001411744663789799,-0.0005650225564418038,3.148657487739216e-05,0.001726589707397191,-0.00044486812862225473,0.0002564355303044914,0.0,0.0,0.0,-0.0003358154858297729,0.00021035829418630906,5.597266171676347e-05,0.0014493242423536303,0.0005815224752458363
0.6861976,0.3184384,0.8375191,0.9375,0.8375191,0.3184384,0.94736844,0.33884123,0.3509652,0.9375,1.0,1.0,0.3509652,0.3509652,0.16824043,0.3080152,0.47321358,-0.0008588559682484032,0.00035908756495529615,-0.0015699185383646736,-0.00022966442976607635,0.00042491744487371135,-0.003053860873873892,0.0009972939813878996,0.0012889231282744477,-0.0006656584155361376,0.0,0.0,0.0,0.0014278450471627174,-0.000626469379270004,-0.00039741647161236043,-0.004012726594461526,-0.00010183006143928884
0.95464444,0.99324316,0.26716563,0.26716563,0.9375,0.94736844,0.99324316,0.6292258,0.6353989,0.9375,1.0,1.0,0.6353989,0.6353989,0.6194905,0.7180152,0.48521367,0.006124797236350541,0.0008116413070397054,0.001788599743837397,0.00013672736429373066,-0.0005411391744909212,2.0643467318663676e-07,0.0020346405199754,-0.0012875936137622895,0.0006225165695191974,0.0,0.0,0.0,-0.0008342456261687034,0.0002759849677959277,-0.00013968597004384371,0.0036191713724263576,-0.00023554593458306503
0.7408188,0.8543607,0.6370813,0.6370813,0.91109073,0.94736844,0.94736844,0.6157644,0.6250962,0.9375,1.0,1.0,0.6250962,0.6250962,0.59824055,0.59912634,0.64421374,0.0009752487066403895,0.00014724310432596405,0.00042476817643382925,6.395383158420218e-05,-0.00013203257651196176,-1.9986584217208324e-05,0.0013592807453677652,-0.0008677813889287868,0.0006410794181843727,0.0,0.0,0.0,-0.0007689208787145909,0.0005607987735633921,8.087715208185322e-05,0.002174343637962618,0.001146078573875717
0.8292657,0.87386805,0.41223076,0.41223076,0.9375,0.94736844,0.87386805,0.6423029,0.64751434,0.9375,1.0,1.0,0.64751434,0.64751434,0.7032405,0.67245966,0.49421367,0.0028781911440589124,0.00018349992172264886,0.0012127417401522462,0.00012970896353560948,-0.000568850618398009,4.065395498539702e-05,-0.0008863578469837908,-0.0016264182639343905,0.0008147792566173842,0.0,0.0,0.0,-0.0011286184081761878,0.00028162970447323884,-0.0004251717010892175,0.003253425117670523,-0.00011050413086241641
0.5465763,0.6382714,0.7818182,0.9375,0.9375,0.6382714,0.9774537,0.30191833,0.3175523,0.9375,1.0,1.0,0.3175523,0.3175523,0.3019905,0.40134853,0.2942136,-0.0052606008011019225,5.1481571590914415e-05,-0.0006340578610272166,-7.361352139429126e-05,-0.0002667812463350792,-0.0011083994073362937,0.0015011009159563342,0.0008940256443306261,-0.0008419748059753532,0.0,0.0,0.0,0.001318187340033001,-0.001125733543383332,-0.00014255012652052683,-0.0015608455110015912,-0.002240970810550934
0.75025076,0.5999421,0.83908564,0.9375,0.9375,0.8913406,0.9210105,0.48345667,0.497306,0.9375,1.0,1.0,0.497306,0.497306,0.58449054,0.47468174,0.4282137,0.0008513283222663781,-0.0006852316952509412,-0.0008645580657465917,7.758259112864833e-05,-0.0005438986734556448,3.6245841782627174e-05,-9.332252476512232e-05,0.0010404316129719589,-0.00023766020070173247,0.0,0.0,0.0,0.0004155312494720487,0.00035257540020556724,0.0003772754261299871,-9.922897651972712e-05,-0.000853617228815417
0.6708188,0.7734092,0.74744076,0.9201982,0.9396432,0.94736844,0.94736844,0.4696105,0.47995228,0.9375,1.0,1.0,0.47995228,0.47995228,0.40574056,0.40134844,0.64621365,-0.0011721845046086588,-0.00012936802509776521,-0.00014109899355110772,-0.00030131172686295103,-0.0006061540498697149,0.000277706796235786,0.0008197068451115738,0.0010358283457674203,-5.2823958324407784e-05,0.0,0.0,0.0,0.00037377572919320405,0.00014509539794282014,0.000455561012446092,-0.0015131629436961594,0.0011266293372905374
0.3858189,0.8436782,0.6178863,0.6178863,0.9062,0.94736844,0.94736844,0.40999514,0.42257655,0.9375,1.0,1.0,0.42257655,0.42257655,0.18324053,0.5502374,0.45121366,-0.010119719278721866,-6.751179349299311e-05,0.0012650132161648481,0.00021283881070998138,-7.695896615870335e-05,0.00012476163893356936,0.0012322444244145883,0.0011339263298501304,-0.0004651911857973972,0.0,0.0,0.0,0.0008002520736620794,-0.00016008978926841506,-0.0009839016963288203,0.0019203081901884129,-0.0005831400170253497
0.95464444,0.99324316,0.613449,0.613449,0.9375,0.94736844,0.99324316,0.85114896,0.85144114,0.9375,1.0,1.0,0.85144114,0.85144114,0.8382405,0.8069041,0.7802137,0.0069190243725856535,0.001114680671992393,0.00019550238838646867,0.00043326626191700514,-0.0003748220498253682,9.50525388982109e-05,0.0028445395924869997,-0.005907142978857047,0.002973118360136061,0.0,0.0,0.0,-0.0037636636699157422,-0.0004859307941595405,-0.0010866915945074711,0.005019670612896764,0.0018601390490890946
0.4358188,0.8436782,0.6353548,0.6353548,0.9062,0.94736844,0.94736844,0.25691825,0.26933712,0.9375,1.0,1.0,0.26933712,0.26933712,0.3019905,0.30357063,0.26521358,-0.00970323693146113,-4.085055674163788e-05,0.0009092386169255491,0.00020408529953742046,-2.1731225336674466e-05,0.00013076833228992308,0.0006525914502601496,-0.0003617644201033383,-0.0015966155298527246,0.0,0.0,0.0,0.0007657777858947551,-0.0023283936669329847,-0.000915236599023633,-0.004397537438122518,-0.003306967873211285
0.92176574,0.8913406,0.41217637,0.41217637,0.9375,0.94736844,0.8913406,0.6253798,0.6340914,0.9375,1.0,1.0,0.6340914,0.6340914,0.43949056,0.6980152,0.7072137,0.0062357140281751435,0.00032717402744742065,0.0014436523733818963,0.00021722089895225214,-0.00041549850160614024,6.379653731761775e-05,-0.00038274051906080726,-0.0014715735396154317,0.0007981588377188846,0.0,0.0,0.0,-0.0009908922088052963,0.00045121702903597877,0.0002312365371203041,0.0038670876620156545,0.0016819846412967304
0.7133188,0.8227542,0.7818182,0.7818182,0.9062,0.94736844,0.94736844,0.43345687,0.44691476,0.9375,1.0,1.0,0.44691476,0.44691476,0.5319905,0.4069041,0.40621367,0.0008113441943961913,-0.00018618080022739833,-0.0004631449139471923,0.00023530212554632725,-2.9873466702387484e-05,0.00023248222492321135,0.0010809597173866156,0.0013443842228826788,-0.0003962838154945665,0.0,0.0,0.0,0.000739640325996331,0.00016468800858614004,0.000487726568409171,-0.0013273710986914573,-0.0010676622331445183
0.7025614,0.8260488,0.88566744,0.9375,0.87109214,0.8260488,0.94736844,0.54461056,0.55565083,0.9375,1.0,1.0,0.55565083,0.55565083,0.5457405,0.5502374,0.46121368,0.00032953370217627564,-0.0002548333212338829,-0.0012255130926595067,-0.0001991542967824494,0.00014804978033221367,-0.00029869601257679604,0.0013985848745937245,0.0005674424626652624,7.947708783102591e-05,0.0,0.0,0.0,-0.00013534659644519643,0.0005707302487764517,0.0003099512975194545,0.0014664737290861446,-0.000398927837290344
0.7481295,0.8507194,0.89956987,0.89956987,0.939427,0.94736844,0.94736844,0.5734567,0.57406276,0.9375,1.0,1.0,0.57406276,0.57406276,0.53074056,0.2835707,0.8892137,0.0017809054638195287,-0.00014564868462327245,-0.001131265781357365,-0.00023191932711435367,-0.0004435762575978967,0.00014515156037757658,0.0005244339932106867,0.00014663960109171037,0.00018558151632919602,0.0,0.0,0.0,-0.0001842756485535,0.0007156495092269816,0.00027878942140678993,-0.003982564270124758,0.002537023549098899
0.8617657,0.78386325,0.9272779,0.9272779,0.9375,0.94736844,0.85870224,0.80153364,0.7975432,0.9375,1.0,1.0,0.7975432,0.7975432,0.77949053,0.8146819,0.7182137,0.004243839858610305,-0.00013797799466073687,-0.00026587974805914556,-0.0002542013704245947,-0.0003939771511973191,0.0001158111657465638,-0.0013336781278173594,-0.004804826033873977,0.0023471560204611124,0.0,0.0,0.0,-0.00318087950534923,-0.000493738359773017,-0.0010075459831844847,0.004754530252613286,0.0011680580909624045
0.68044007,0.82430315,0.6141803,0.9375,0.9375,0.82430315,0.9540876,0.44114906,0.45082152,0.9375,1.0,1.0,0.45082152,0.45082152,0.68074054,0.4824596,0.20621367,-0.0003725678589285097,-0.0001878611983408311,0.0011277961603773372,-0.0003587367526855059,-0.000446945147254612,-0.000426988239240296,0.000970703928554558,0.0009673418152744327,-0.00029477921303860884,0.0,0.0,0.0,0.0005654828683713582,-2.2139090227878523e-05,0.00026795517711087236,0.00037984355926899027,-0.0025614446299965315
0.66312945,0.70859635,0.7723632,0.9375,0.7187738,0.70859635,0.94736844,0.41768762,0.4320338,0.9375,1.0,1.0,0.4320338,0.4320338,0.38824058,0.59801525,0.1992136,-0.001022744392027128,-0.000189708614302567,-0.000525010084964968,0.00011138696202745024,0.001765673764726655,-0.0006528712400395614,0.0008683213572524545,0.001328662741401028,-0.00034860384153497756,0.0,0.0,0.0,0.0009111214605771325,0.0002387860605703388,0.0003919001291835502,0.0031187263435249594,-0.0030705123957405754
0.818887,0.7241807,0.8581048,0.9375,0.9375,0.7241807,0.77858645,0.25153366,0.26476404,0.9375,1.0,1.0,0.26476404,0.26476404,0.45074052,0.27134842,0.12621355,0.003434675412508482,5.983080194100491e-05,-0.001628172571448588,-0.0003503618307241077,-0.0005041089012163604,-0.0011581625320570515,-0.003591904546468104,0.0015169593323047224,-0.001151823746581812,0.0,0.0,0.0,0.0021575160778523933,-0.0013897888077912157,0.0003998033969313585,-0.0054522605241844,-0.004048379325868826
0.74968266,0.6912088,0.97322625,0.97322625,0.9375,0.94736844,0.9774537,0.6719183,0.6826936,0.9375,1.0,1.0,0.6826936,0.6826936,0.5232405,0.626904,0.79321367,0.0014066987751774828,-0.000527073653259078,-0.0011445809658424983,-8.915433040993224e-05,-0.0005037682042807153,0.00015238799570131106,0.0016787663244021386,-0.001674765587220243,0.0008819849884197123,0.0,0.0,0.0,-0.0011821579383462539,0.0006555148126847468,0.00023074434827642293,0.0027062325894913514,0.002087180353153245
0.44812948,0.7257318,0.8581048,0.9375,0.97322625,0.7257318,0.94736844,0.049226172,0.0652193,0.9375,1.0,1.0,0.0652193,0.0652193,0.05074036,0.07357057,0.1662136,-0.010042084394362362,-0.00016816016200522165,-0.0018550934960205158,0.00047048280668020455,5.504318893379344e-05,-3.878099602791584e-05,0.0004831262033815503,-0.0032663157968570093,-0.0032648240747450963,0.0,0.0,0.0,0.00025684257103078875,-0.005824986183504726,-0.0051721340753561554,-0.010582969618937222,-0.005467820746864901
0.7231295,0.8210069,0.6393887,0.9062,0.69547725,0.94736844,0.94736844,0.2984568,0.308688,0.9375,1.0,1.0,0.308688,0.308688,0.5107405,0.26023737,0.21021366,0.0008950855603977375,-0.00010708582386220787,0.0005733354551504296,0.00044407479196247464,0.0008428001132963775,9.422128476053025e-05,0.0011033817290495567,0.0006848069430977593,-0.001319246055861732,0.0,0.0,0.0,0.0009445080997759204,-0.0013243796256391886,0.001068854639685439,-0.005149337111231545,-0.003866071822082886
0.928887,0.8913408,0.47396109,0.47396109,0.93370897,0.94736844,0.94736844,0.4746104,0.4849213,0.9375,1.0,1.0,0.4849213,0.4849213,0.5869906,0.19801511,0.6302137,0.006059526712599704,0.00015540060509672374,0.001359915606484311,0.0004102587085817127,-0.0003013413863452502,5.6325261723724345e-05,0.001006103543478825,0.0006841848827794235,-0.00013239222275419825,0.0,0.0,0.0,0.0002207896238466482,0.0001482280965869268,2.8795239631164305e-05,-0.00482591162750519,0.0008966836555656003
0.78850824,0.89307725,0.8237621,0.8237621,0.9062,0.94736844,0.94736844,0.5973028,0.6052782,0.9375,1.0,1.0,0.6052782,0.6052782,0.40824056,0.4380152,0.7962137,0.002724432160925976,0.00010917559936602004,-0.0005688460814244857,0.00010789546634335512,8.688214099788364e-05,0.00013496326891243763,0.0009998813246765137,-0.0003501572300091075,0.0004232077731516914,0.0,0.0,0.0,-0.00043118757217257557,0.0006423486832399986,0.0004048615090745844,-0.0007116446677006,0.002182356210765724
0.8115763,0.8735422,0.7970931,0.9375,0.9375,0.8735422,0.89307725,0.65153354,0.6618994,0.9375,1.0,1.0,0.6618994,0.6618994,0.5132406,0.5502374,0.73521364,0.003559296192254837,-0.00010286007682137707,-0.0002781746413555656,-7.169963487138523e-05,-0.00048170072606067745,0.00011230594923933266,0.0003580166674739782,-0.0011992875680301711,0.0006974454324492399,0.0,0.0,0.0,-0.0010514611191350743,0.0008379269633090517,0.00022083312175162701,0.0015577164011907863,0.0017600465130402552
0.4725613,0.83513457,0.9396432,0.9396432,0.9062,0.94736844,0.94736844,0.26461074,0.2774624,0.9375,1.0,1.0,0.2774624,0.2774624,0.14199042,0.24690406,0.44621363,-0.0075943880308458125,-0.00011163224314632986,-0.0024861610967074487,0.0003559158228461666,-1.949769115956443e-05,4.0169625268599715e-05,0.0009150642998138916,-0.00037342537488844503,-0.0014086991480784794,0.0,0.0,0.0,0.0006166677191274994,-0.0020661693991504914,-0.0024328879665514768,-0.005655200259583099,-0.0006295177299976834
0.77195513,0.7598652,0.6749562,0.6749562,0.68727374,0.94736844,0.94736844,0.4157643,0.4283497,0.9375,1.0,1.0,0.4283497,0.4283497,0.3019905,0.46912628,0.5282136,0.002069191868282597,-0.00024835206329958733,0.00036887329670267835,0.0001223975890948302,0.0015560933020433612,5.6845297568638914e-05,0.000708240416644118,0.0017909079155340362,-0.0006172453856545266,0.0,0.0,0.0,0.001025992661999296,0.00025468879679287835,6.243048939697437e-05,-0.0002550708543553036,0.00029504557645646803
0.51794004,0.70858693,0.74966764,0.9375,0.9375,0.8210069,0.70858693,0.11691827,0.13297112,0.9375,1.0,1.0,0.13297112,0.13297112,0.09199047,0.14134842,0.16621351,-0.007055219649792273,-0.00011741101822459977,-0.0005028491578495667,0.0002895866048322315,-0.00013342031025987143,-0.00014455228327875012,-0.003875225434821573,-0.0018879522437564614,-0.002620911296288818,0.0,0.0,0.0,0.0005617480991396728,-0.004349899453813843,-0.0035530036468990316,-0.008679753348512996,-0.004959349993563237
0.63487196,0.81248885,0.8812014,0.9375,0.97322625,0.81248885,0.94736844,0.54461056,0.55132663,0.9375,1.0,1.0,0.55132663,0.55132663,0.50199056,0.52134854,0.57221365,-0.001984628063710575,-0.00018865938380852734,-0.0012650922222096062,-0.00031247490161334147,-0.0008324507098897868,-0.00045510767582176813,0.0008811471246832792,0.0004028025005752979,6.811255215272892e-05,0.0,0.0,0.0,-0.00013337211137435905,0.00044940155201243103,0.00023191982717230494,0.0006431367100684179,0.0005077361221703144
0.6931295,0.85910183,0.78948855,0.78948855,0.93370897,0.94736844,0.94736844,0.66037977,0.6681924,0.9375,1.0,1.0,0.6681924,0.6681924,0.5657406,0.5891263,0.76121366,0.00015061018265072223,4.7308202217563876e-05,-0.00022477812787088407,0.00013843336733063036,-0.0003547649603549074,7.741250812540651e-05,0.000955957714054364,-0.0015312493359627938,0.000775500383093256,0.0,0.0,0.0,-0.001094008451939593,0.000636177321590566,5.7312712202686416e-05,0.0018579563982585201,0.001870423099531965
0.5154401,0.73648775,0.6537827,0.9396432,0.83430797,0.94736844,0.94736844,0.5346106,0.5418847,0.9375,1.0,1.0,0.5418847,0.5418847,0.7082405,0.48690414,0.4282137,-0.005997223552738382,-0.0003452835302275327,0.00034106891760783074,-7.146432372429095e-05,0.0006960169214472143,8.608297207070508e-05,0.0008226926278168073,0.0004924950682979796,-1.3371428400960976e-05,0.0,0.0,0.0,5.290850907436013e-05,0.0004184670681991068,-0.00026922950714294196,-0.00018498706045396273,-0.0005718598356082993
0.5350613,0.5944454,0.67246455,0.9375,0.73073786,0.5944454,0.94736844,0.2569184,0.2681146,0.9375,1.0,1.0,0.2681146,0.2681146,0.4394905,0.029126167,0.43521366,-0.005679948131252036,-2.350370615533193e-05,0.0003212868863583542,7.751697655022158e-05,0.0010869227436963672,-0.0011283262495365345,0.0007613933310153176,0.00039386061152318577,-0.0011997190575858642,0.0,0.0,0.0,0.0012675365921502573,-0.0018859775130004657,0.0006308505686753065,-0.010872672876009938,-0.0007720746409959076
0.82157636,0.8930203,0.33422875,0.33422875,0.9375,0.94736844,0.99324316,0.47691816,0.48695955,0.9375,1.0,1.0,0.48695955,0.48695955,0.4082405,0.2924596,0.64621365,0.003992014051234702,0.0002202952145867674,0.0021895975346135728,0.00021668506528031616,-0.00039443850432415584,6.624324925271194e-05,0.0024838258220554353,0.0006836606704018352,6.425911837918097e-05,0.0,0.0,0.0,0.00019449432414692143,0.00038985983693646235,0.0004341614737307628,-0.002813154549267541,0.001440831685739684
0.55888695,0.6187483,0.8189369,0.8671419,0.9375,0.94736844,0.84891015,0.2534567,0.26642105,0.9375,1.0,1.0,0.26642105,0.26642105,0.21074045,0.26023728,0.40821362,-0.004709250067445981,-0.00021084515964671805,-0.0010972665637588872,0.0001487332218690857,-0.00015542265985540597,7.95011186174019e-05,-0.001480915271372952,-4.9790823716444e-05,-0.0015347848492073336,0.0,0.0,0.0,0.0008948507909592446,-0.0020889159386876795,-0.0015243100024919104,-0.00538157694639138,-0.0012395461454956292
0.2271826,0.7399975,0.84710926,0.9375,0.8164122,0.876369,0.94736844,0.5865336,0.5951779,0.9375,1.0,1.0,0.5951779,0.5951779,0.53074056,0.29690403,0.8592137,-0.01600979303105261,-9.334988325194533e-05,-0.0007489715503971824,-0.0005577852855298853,0.0009842060987167703,-0.0001512989255185243,0.0010603638469228421,0.00011269340924611859,0.0002454708588468336,0.0,0.0,0.0,-0.000530320614962958,0.0007989146211807627,0.00018248530177950237,-0.003774152780384296,0.002306830084420681
0.64812946,0.8575698,0.9062,0.9062,0.93370897,0.94736844,0.94736844,0.33461058,0.346686,0.9375,1.0,1.0,0.346686,0.346686,0.17449045,0.24690406,0.58521366,-0.00221565396122595,-0.00010392015612652148,-0.002165791492198267,-4.161801331899998e-05,-0.0003082807869336083,0.00010468981641313324,0.0007760758240567375,0.0009199360805777948,-0.0007695563732191515,0.0,0.0,0.0,0.0012935494526382823,-0.0011164262528406412,-0.0007468766875646071,-0.005931272021894716,0.0008798637147516361
0.8135083,0.8507194,0.6645251,0.6645251,0.90550405,0.94736844,0.94736844,0.39384124,0.40077,0.9375,1.0,1.0,0.40077,0.40077,0.77574056,0.14134842,0.3942136,0.0030207312797892348,-0.00019519376736854094,0.00031980161968468235,0.0005171935758590757,-0.0002082134462586198,0.0001886660978147369,0.0011187690854568136,0.001363924757475544,-0.0005638407362215792,0.0,0.0,0.0,0.0009791087183664488,-0.00022684159436160145,0.0005683300397934,-0.007179878980563525,-0.0011195752707118542
0.56331885,0.8913406,0.7377567,0.7377567,0.93370897,0.94736844,0.94736844,0.4880722,0.4999998,0.9375,1.0,1.0,0.4999998,0.4999998,0.2707404,0.46912628,0.63421375,-0.0042834510391748706,-0.0002701047730980772,-2.5865922777557685e-05,0.0002687505820896646,-0.0003476956045775097,0.00029003306146298794,0.001262572932970464,0.0009107019182762821,-7.34959400855885e-05,0.0,0.0,0.0,0.00028666273350612485,0.00028219123943866957,0.0002996924945307091,-0.0003508811297537021,0.0011418224763131036
0.7525614,0.82659304,0.79743046,0.79743046,0.97322625,0.94736844,0.94736844,0.61037976,0.620399,0.9375,1.0,1.0,0.620399,0.620399,0.58449054,0.56912637,0.59621364,0.0015884458383049885,-6.964727430818937e-05,-0.000247095598245935,0.00010362495197817555,-0.0008025140167489314,9.63646605661489e-05,0.0016230180244589394,-0.0007667623356359864,0.000513758265140329,0.0,0.0,0.0,-0.0007387176963054305,0.0004965201387736993,0.00012475045213768558,0.0017157127786261647,0.0005869173028057665
0.6467657,0.7786453,0.4989879,0.4989879,0.9375,0.94736844,0.7786453,0.6188412,0.6327589,0.9375,1.0,1.0,0.6327589,0.6327589,0.5544905,0.6435707,0.58921367,-0.0020198989274935178,-0.0003001653380511471,0.0008305102676868019,0.0001569087189163238,-0.00033969065789652466,6.80503898236158e-06,-0.003030122919864669,-0.0011415931948084508,0.0006509222846792297,0.0,0.0,0.0,-0.0009529352046446802,0.00023351129685659147,-1.046423215439643e-05,0.0025216347034714374,0.0005599939928495494
0.86888695,0.83464044,0.9230959,0.9230959,0.91715527,0.94736844,0.94736844,0.5869183,0.5931776,0.9375,1.0,1.0,0.5931776,0.5931776,0.5682405,0.41468185,0.74221367,0.004655672052827323,-0.00011021819319068095,-0.001021611982517658,-7.173653543576421e-05,-0.00020187588157754324,0.00017643578954957176,0.0011191883967392158,-0.00048336136319612316,0.0003267026424801028,0.0,0.0,0.0,-0.0005233364774962223,0.0005486890582110957,0.00010834903359417099,-0.0009868998053951896,0.0017338409119840243
0.3983187,0.7631863,0.57019824,0.57019824,0.9375,0.94736844,0.9711938,0.5542259,0.5619778,0.9375,1.0,1.0,0.5619778,0.5619778,0.49324054,0.5546819,0.5512136,-0.008008731063591396,-0.0003676468105228911,0.0008870687585464465,0.00023915028195073233,-0.0003488786322809287,0.00014991079738986654,0.0020682440101029236,0.0003421271093474191,0.0003333840389767524,0.0,0.0,0.0,-0.00021942924211706673,0.0006581947348485578,0.00046481021735332513,0.0013994343763046183,0.00051073079519114
0.6304402,0.8178163,0.91715527,0.91715527,0.9375,0.94736844,0.9193914,0.44884124,0.4584247,0.9375,1.0,1.0,0.4584247,0.4584247,0.24074042,0.45579296,0.64121366,-0.002099184266588686,-0.0002305859691145403,-0.0020319580963282236,-0.00030290784444365047,-0.0005222108178455331,0.0002701215579100646,0.0006748995550396791,0.0010246415475239359,-0.00030553002910110134,0.0,0.0,0.0,0.0006694987124202522,-1.5625124970462395e-05,6.92235774403252e-05,-0.0008542979033513972,0.0012063356709836564
0.9542657,0.8998124,0.23017694,0.23017694,0.9375,0.94736844,0.8998124,0.43537992,0.44582945,0.9375,1.0,1.0,0.44582945,0.44582945,0.38324058,0.5402374,0.41721362,0.006999511780186084,0.00030915832265236893,0.002592614724897115,-2.846371126106541e-05,-0.0004750309588560951,4.0158978217486456e-05,-1.1547374343626182e-05,0.001641927582425402,-0.00035520377127043305,0.0,0.0,0.0,0.0007976633502977602,0.0002570286096785608,0.0005690149904107396,0.0012513470674334205,-0.0007466425829006629
0.72062945,0.84890395,0.610631,0.610631,0.9375,0.94736844,0.99324316,0.51576424,0.522344,0.9375,1.0,1.0,0.522344,0.522344,0.66324055,0.41468185,0.48121366,0.000694816661552849,4.0896246212399396e-05,0.0007518307637034933,0.0003332504057052922,-0.0004112632213976363,0.00013683772202293076,0.0024254620345053775,0.0004997609538743544,0.00011570020597565867,0.0,0.0,0.0,9.852525863306025e-05,0.00045172901797437963,0.00023685789651697368,-0.0008609375254744939,-1.917882445137506e-05
0.74275076,0.8276937,0.81915647,0.81915647,0.9375,0.94736844,0.9711938,0.497303,0.50715625,0.9375,1.0,1.0,0.50715625,0.50715625,0.60824054,0.40801513,0.46821365,0.0014780821372131108,-0.00020944741387652285,-0.0008698479045236235,0.00010676432801321325,-0.000411952386426303,0.00021945211538872112,0.0018971701447989067,0.0009466010705026017,2.4480647893786865e-05,0.0,0.0,0.0,0.00018150398023201065,0.0005451801973077978,0.0006344627995691954,-0.0009637476016812594,-0.00023549110942590456
0.7585082,0.75331444,0.68153167,0.68153167,0.9375,0.94736844,0.7810282,0.51345646,0.524304,0.9375,1.0,1.0,0.524304,0.524304,0.5244905,0.48468187,0.4702137,0.0014732039141643178,-0.0004574148978694547,0.00044619257577297177,0.00015088048102085422,-0.00043259852164121587,0.00011111281454452295,-0.0030468841193221235,0.000873357236474613,-1.8957959868186272e-05,0.0,0.0,0.0,0.00016047805515552647,0.00044768105865547117,0.0004565162139940944,0.00043642330694545665,-0.00033670384811376714
0.3321827,0.71964157,0.8581048,0.9375,0.9375,0.71964157,0.9327985,0.28268754,0.28773582,0.9375,1.0,1.0,0.28773582,0.28773582,0.50199056,0.15468185,0.37921363,-0.011592105501648416,9.724843600008998e-05,-0.0011961158120064987,-0.000536793420580524,-0.0002145569735351429,-0.0008284075346634134,0.0007137982617351777,0.0003731235394421832,-0.0006577599404946977,0.0,0.0,0.0,0.0015485559298930537,-0.0015472135944937355,0.0009307405050987938,-0.007403594281012946,-0.0011383414319792854
0.4350614,0.64322436,0.8671419,0.9375,0.8871432,0.64322436,0.94736844,0.6426877,0.652106,0.9375,1.0,1.0,0.652106,0.652106,0.5744905,0.6491263,0.70521367,-0.008929163199352198,-0.00032852191772971787,-0.0006430189807575459,-0.0007029114857081849,4.647749481690909e-05,-0.0014365013190905263,0.001254928042935814,-0.0006256739874977463,0.0005993666887103698,0.0,0.0,0.0,-0.0012254671208089562,0.0008497027482483005,-1.4794048938919156e-06,0.00345011186493477,0.0012238860232239353
0.49294016,0.78975075,0.6620348,0.6620348,0.92463356,0.94736844,0.94736844,0.34307215,0.35671386,0.9375,1.0,1.0,0.35671386,0.35671386,0.27949047,0.3269041,0.48521358,-0.007002922541385127,-0.00015803237652992186,0.0005026708942627604,0.00037892201737239976,-4.260965831863896e-05,0.00014541387264694852,0.001098323595363136,0.0007250042898608719,-0.0007867827144797674,0.0,0.0,0.0,0.0008607955470665057,-0.0009134918201414379,-0.0006765814680901355,-0.0029278425597070072,-0.00020224048028818616
0.7060082,0.8500637,0.49747497,0.49747497,0.93773437,0.94736844,0.94736844,0.5888414,0.59957415,0.9375,1.0,1.0,0.59957415,0.59957415,0.7044905,0.5135708,0.50121367,0.0006231375576487272,0.00020541119938217208,0.0011645904321965002,9.930453101293601e-05,-0.0003817591805325008,5.463868742171807e-06,0.0006568407738954773,-0.0007231177651556822,0.0006580840544857897,0.0,0.0,0.0,-0.000679709553223327,0.0004823939489082713,-6.070894379034166e-05,0.0008867343393514338,6.81167548021866e-05
0.29218256,0.8632936,0.9668138,0.99197626,0.9375,0.94736844,0.9327985,0.43268746,0.4375539,0.9375,1.0,1.0,0.4375539,0.4375539,0.44074053,0.26023737,0.5662137,-0.012988396810632383,-0.0002820765010534297,-0.002732354963234157,-0.0005875564829427608,-0.0004516116514764873,0.00022625645855214426,0.000820659656696868,0.0008009132417591519,-0.0001098914366881401,0.0,0.0,0.0,0.0006107629188367276,6.448991127900034e-05,0.0005071131308605717,-0.004390329073185388,0.000885866083784069
0.87657636,0.8752768,0.5069315,0.5069315,0.9201982,0.94736844,0.94736844,0.6449953,0.6499062,0.9375,1.0,1.0,0.6499062,0.6499062,0.7407405,0.62690413,0.62121373,0.004472236766191306,0.00019850599040768815,0.0008976608054599323,0.00014784210015185144,-0.00025462572140578523,5.333293272630088e-05,0.0011473081223528315,-0.001303512244922572,0.0006640832199707369,0.0,0.0,0.0,-0.0009498738516945612,0.00034183995748777063,-0.00046823320969887434,0.0022398298059776024,0.0006539142378455022
0.40775073,0.82966906,0.76138407,0.9668138,0.9375,0.94736844,0.81907153,0.54076445,0.5450151,0.9375,1.0,1.0,0.5450151,0.5450151,0.41949052,0.61245966,0.52221364,-0.009639709912286043,-0.00011825699820644376,-0.00017185609454024596,-0.00041678607743713346,-0.0005324823072753988,0.00019673915708704075,-0.00257660490557949,0.0003745618683304622,0.00016127577637327053,0.0,0.0,0.0,-9.174263734618847e-05,0.00046957582655388866,0.00041792365012713925,0.003018053180894274,0.00024195591341601293
0.91100824,0.8805094,0.74966764,0.74966764,0.8853314,0.94736844,0.94736844,0.39691824,0.40752497,0.9375,1.0,1.0,0.40752497,0.40752497,0.5107406,0.3280152,0.38921365,0.005626984319834031,1.3487913668217278e-05,-0.000346018371904069,0.00017858448728962255,0.00010625535318221982,8.718099129064405e-05,0.0006589835895529347,0.0020009584167775545,-0.0006959062272985034,0.0,0.0,0.0,0.0010919507591675903,0.00019790853448507036,0.0005401023373577922,-0.002898133636679996,-0.0012113958985888833
0.4783188,0.65541947,0.8478607,0.8478607,0.8830454,0.94736844,0.94736844,0.38768739,0.3975025,0.9375,1.0,1.0,0.3975025,0.3975025,0.27949047,0.42801508,0.49321365,-0.007460176683192849,-0.00015135430598502573,-0.001342225861256019,0.00020756117370443597,8.656075473309003e-05,0.00012985519523672843,0.000880720987218048,0.001221737518453597,-0.0005447164085810515,0.0,0.0,0.0,0.0010848962228422467,-0.00028769081513480954,2.3751272585699913e-05,-0.001364972959175712,-8.75751773648916e-05
0.2946827,0.57538056,0.83945024,0.97322625,0.83945024,0.94736844,0.94736844,0.38153368,0.39576358,0.9375,1.0,1.0,0.39576358,0.39576358,0.37074053,0.49468178,0.35121354,-0.014903252185593775,-0.00047777285711666297,-0.001313134657435898,0.00031414141825677604,0.00034099637326160434,0.00016976919165489164,0.0010618823678226453,0.0008119041008019968,-0.0006031975179272656,0.0,0.0,0.0,0.0010284949438334001,-0.0004201881044624174,0.00032268675800629747,0.00021440394076542482,-0.001771717625444828
0.47312948,0.6942844,0.6767858,0.6767858,0.90427727,0.94736844,0.94736844,0.3134566,0.32719377,0.9375,1.0,1.0,0.32719377,0.32719377,0.09199047,0.30134848,0.58021367,-0.007181929132476967,-0.00024188098108647344,0.0006093221323915262,7.117010286769437e-05,4.995984657115076e-05,4.796216471254944e-05,0.0007716295357580455,0.0007171537384678673,-0.0010688207100289432,0.0,0.0,0.0,0.0008458823494885805,-0.001116399638356372,-0.0025392970060756437,-0.0038309050335060706,0.0012723828746656041
0.82657635,0.76611954,0.72711676,0.72711676,0.7540188,0.94736844,0.94736844,0.55153364,0.56346905,0.9375,1.0,1.0,0.56346905,0.56346905,0.3582405,0.6046819,0.60721374,0.0025707843604673535,-0.00023971307292251247,3.7050655732688254e-05,9.982627966564553e-05,0.001393847836479509,8.85504230337717e-05,0.0006422077128478584,0.00024082481512064866,0.00021422726017652854,0.0,0.0,0.0,-3.015839136840802e-05,0.0004260664520249552,0.0005111595676143132,0.002029394941697321,0.000767048265598308
0.7556295,0.76654816,0.67453796,0.97322625,0.939427,0.94736844,0.94736844,0.35807213,0.37100384,0.9375,1.0,1.0,0.37100384,0.37100384,0.35199046,0.43023735,0.25121355,0.0018364685519945973,-0.0001692457106812602,0.0005405341228295507,-0.0002003573490618702,-0.0004993799591844966,0.00032715077823934543,0.001447368086470753,0.0015795002173826028,-0.0006823999342797705,0.0,0.0,0.0,0.0012912023555168661,-0.0003955285237680936,0.0002809785884685677,-0.0011856810714517445,-0.0025530274393793183
0.80312943,0.8210069,0.8170844,0.93370897,0.8854405,0.94736844,0.94736844,0.4388413,0.4463326,0.9375,1.0,1.0,0.4463326,0.4463326,0.67074054,0.40134844,0.26921368,0.0036179176592501167,-0.0002930465341062721,-0.0005508615520507267,-9.69595373238108e-05,0.00018078612306873064,0.00028563626461584386,0.0013366621909776679,0.0012279222513031957,-0.0004559837924849363,0.0,0.0,0.0,0.0007142590142441635,0.0001197337579067745,0.0004292966950337784,-0.0018112492401006497,-0.0023187074348937266
0.6231295,0.81563896,0.7286409,0.97322625,0.7727039,0.94736844,0.94736844,0.34230277,0.35538885,0.9375,1.0,1.0,0.35538885,0.35538885,0.1919905,0.44579282,0.4522136,-0.0027160949367484185,-7.582261804835576e-05,-9.151049081513453e-05,0.00021491092959234168,0.0007179816629322444,0.00013866740481121098,0.0006731490196062278,0.0005524589788032321,-0.0008581421394145744,0.0,0.0,0.0,0.0008451273426030626,-0.001110391528279817,-0.0015059641011341508,-0.0006683689179396765,-0.0006677301367172073
0.898887,0.8632933,0.71427613,0.9375,0.9375,0.8913406,0.94756573,0.4923027,0.5027638,0.9375,1.0,1.0,0.5027638,0.5027638,0.4869905,0.4413484,0.5222136,0.0060282266014449306,-3.989715711733503e-05,0.00023984921412725137,-1.353313592141493e-05,-0.0005042604314249716,4.394198286704447e-05,0.0007156598996742127,0.000962442626548351,-9.32330572349649e-05,0.0,0.0,0.0,0.0002805508398444791,0.0003547832265555135,0.00038430967484584674,-0.0007439952019966975,0.00021556565919601171
0.8192658,0.86317396,0.18044063,0.18044063,0.9375,0.94736844,0.86317396,0.28922594,0.3013859,0.9375,1.0,1.0,0.3013859,0.3013859,0.35574055,0.20579296,0.3992137,0.0033824661238446773,0.00028331776526587617,0.004923102244990136,-0.001964189759727784,-0.00013225620857112584,-0.00013796527717577459,-0.0007294710871051796,0.0018194657134666533,-0.0017986704267976567,0.0,0.0,0.0,0.0010837732327417119,-0.0007853172093835181,-0.00013258622177900523,-0.005787413134481738,-0.0014102488559653154
0.70850813,0.82255214,0.8581048,0.97322625,0.91411304,0.94736844,0.94736844,0.13230294,0.14338031,0.9375,1.0,1.0,0.14338031,0.14338031,0.32074058,0.15468174,0.13321361,0.0003013889464058112,-7.920816995889498e-05,-0.0013782384117739408,0.0002880726356698921,-9.395504722182785e-05,0.00010288230289906802,0.0006307685287995443,-0.000764313746184839,-0.0024592674174042633,0.0,0.0,0.0,0.0010388950778092213,-0.0038008426023385684,-0.0007672040567926714,-0.00823343736005709,-0.005343408774260359
0.3158189,0.4027184,0.97322625,0.9375,0.9375,0.66991276,0.52401435,0.2553799,0.26746798,0.9375,1.0,1.0,0.26746798,0.26746798,0.41949058,0.17801517,0.20621356,-0.012315668377627962,0.0008565766129133909,-0.002120320604254317,-0.0005285435839812532,-0.00020111626412337998,-0.00023096860515469864,-0.00950217051694386,-0.00014398341327085315,-0.0006906589696757723,0.0,0.0,0.0,0.002097595450963836,-0.0012787700809013592,0.0006739062625143387,-0.006262143361741122,-0.003208760059113814
0.539872,0.7419293,0.8892118,0.97322625,0.9375,0.94736844,0.80695844,0.47576448,0.48759708,0.9375,1.0,1.0,0.48759708,0.48759708,0.3644905,0.50245965,0.5962137,-0.004891927980978259,-9.816243077047471e-05,-0.001805577784843504,-0.0005935365919072996,-0.0005247615473238765,0.0003271722269436622,-0.002357192927126526,0.0005384858138345043,-3.060597035890732e-05,0.0,0.0,0.0,0.00013696586532940951,0.00023185534594967187,0.00023082593020172222,0.000974338207025954,0.0008709524336381047
0.65062946,0.822561,0.77021277,0.77021277,0.9375,0.94736844,0.9489912,0.44922608,0.4604829,0.9375,1.0,1.0,0.4604829,0.4604829,0.48199052,0.22245958,0.6432136,-0.0016044095920086721,-0.0001920414756312427,-0.0004254443969307566,0.00017355873641908853,-0.00044841910644105966,0.0002822986562561041,0.0011565567633525272,0.0010192636318619775,-0.00012059222799428591,0.0,0.0,0.0,0.0004869651062262144,0.00014532118797738438,0.0004793094794931108,-0.00549897423715396,0.0014202613888948952
0.5358189,0.68572,0.5162119,0.5162119,0.9062,0.94736844,0.94736844,0.36499506,0.3767349,0.9375,1.0,1.0,0.3767349,0.3767349,0.23824048,0.3624596,0.49121362,-0.0046717771079022655,-0.0005791886471033897,0.0021353649659552206,-0.00047492065739177663,5.709835186172796e-05,5.730426938074601e-05,0.0010416982518625878,0.0013422317988372712,-0.0008275950197025178,0.0,0.0,0.0,0.0007894664484248996,-6.91376620868077e-05,-0.0009624188946290854,-0.0017317983058837319,0.00019231905822564733
0.7511976,0.7875001,0.79192877,0.79192877,0.9375,0.94736844,0.7875001,0.84922594,0.85191435,0.9375,1.0,1.0,0.85191435,0.85191435,0.67699057,0.7869041,0.8802137,0.001496961747478738,-0.00016871590116089756,-5.3489165484402815e-05,0.00010420407256484829,-0.0002993204270179187,0.00017612280252453822,-0.0027831225444107017,-0.005387295626787464,0.003064692232359556,0.0,0.0,0.0,-0.0037859242456255147,-0.0004844206754115533,-0.00035356060320052577,0.004561478732912089,0.0024966556546213766
0.21794017,0.5820644,0.7413176,0.7413176,0.92463356,0.94736844,0.94736844,0.36845648,0.3806015,0.9375,1.0,1.0,0.3806015,0.3806015,0.30949044,0.17801517,0.66121364,-0.016087724293471682,-0.00013981939063436677,-6.676712504568132e-06,0.0003518480442668452,-5.989830563374439e-05,9.400445077904495e-05,0.0012390973094011182,0.0006069920971759836,-0.0004769542397648736,0.0,0.0,0.0,0.0009444093203086089,-0.000501244454305072,-0.00033528529711034213,-0.006291557118072113,0.002130742454898546
0.38775083,0.77115107,0.7644125,0.7644125,0.9375,0.94736844,0.99324316,0.5080719,0.51445603,0.9375,1.0,1.0,0.51445603,0.51445603,0.4957406,0.47690403,0.59621364,-0.009931951509280475,-0.00022194056573548237,-0.00012951827329762784,0.0002087349646540792,-0.0005527256543717503,0.0003197003271332656,0.002359838284919643,0.0008359390750402669,-1.3077080058315656e-05,0.0,0.0,0.0,0.00021618211559118196,0.00041982251868980116,0.0004384181010001647,0.00029720793589859253,0.0007317811336941722
0.82581884,0.71927613,0.6956184,0.6956184,0.8602414,0.94736844,0.94736844,0.5826874,0.59122574,0.9375,1.0,1.0,0.59122574,0.59122574,0.69199055,0.5680152,0.5462136,0.003072770639191575,-0.0004292948873130092,0.00013513669814163782,9.396974948336108e-05,0.00030474131937389243,4.9238486794987504e-05,0.0010627729604819464,-0.0006421844757625649,0.0004873764965860046,0.0,0.0,0.0,-0.0006052699569448358,0.0003330610365523626,-0.00022465751448678842,0.0017068500694449493,0.00033143269259341653
0.8083189,0.878765,0.8205808,0.870967,0.9184109,0.94736844,0.94736844,0.38576448,0.39892206,0.9375,1.0,1.0,0.39892206,0.39892206,0.3869905,0.5369041,0.25421363,0.0035018618729310384,-0.00012177243070612755,-0.001149301906025591,0.00020911896838533847,-0.0004305915932731961,0.00019563397627552542,0.0010632619883280006,0.001577755062567341,-0.0006184983359713967,0.0,0.0,0.0,0.0009993137871303994,0.00014669049152550253,0.0003249692733760378,0.0013192798944063428,-0.0025474111561304253
0.8027507,0.78975075,0.7410522,0.97322625,0.82811755,0.94736844,0.94736844,0.5603799,0.56578034,0.9375,1.0,1.0,0.56578034,0.56578034,0.63949054,0.66579294,0.3492136,0.0023951974530170613,-0.00024501250527970774,-4.2070353471912664e-05,9.60531634447114e-05,0.0006226297347831762,0.00013961054820366928,0.000980396951000521,-8.517590889030016e-05,0.00028523014525411443,0.0,0.0,0.0,-0.0002493987676398079,0.0004196172380472282,7.16795532217927e-05,0.0032712737372447643,-0.0012144640621390929
0.5983189,0.68889123,0.8812183,0.9375,0.9375,0.68889123,0.94756573,0.56691813,0.5770649,0.9375,1.0,1.0,0.5770649,0.5770649,0.48199052,0.5213484,0.6462137,-0.002867365911627136,-5.8582336088013433e-05,-0.0013429328919840155,-0.0005716456702763089,-0.0007413736827826014,-0.0012478865987794374,0.0013402722262504795,0.0003680327077330868,0.00025880959279003633,0.0,0.0,0.0,-0.00040802026385499746,0.0008685204105873103,0.00043602775514824436,0.0012060808946380438,0.001357844178900774
0.6904401,0.6785591,0.97322625,0.97322625,0.9375,0.94736844,0.81574774,0.39230287,0.40687457,0.9375,1.0,1.0,0.40687457,0.40687457,0.5257405,0.38245964,0.2832137,-0.0005517999536689139,-0.00014261472797645047,-0.002816525221143661,-0.0003315677053401247,-0.00038808427367841936,0.00021963084986857776,-0.0023324877094272577,0.0012598006352694873,-0.00047229763954483484,0.0,0.0,0.0,0.0009955578717098048,-0.00010464835607820066,0.0005571628727813996,-0.00210502735947528,-0.0020590431304466183
0.3519932,0.74357045,0.90427727,0.90427727,0.99197626,0.94736844,0.94736844,0.5592258,0.5639203,0.9375,1.0,1.0,0.5639203,0.5639203,0.5982405,0.6202374,0.44621363,-0.011341568564581737,-0.00022263216838877542,-0.0011257121817905141,-0.00014126440647450848,-0.0008156313013805198,0.000273846327246742,0.00099124190755511,0.0003160146135437232,0.00014810125236687039,0.0,0.0,0.0,-0.00023212647464255075,0.000400856647861274,0.00013296160956748724,0.0026948092902412558,-0.0005329525948132779
0.61275065,0.75216824,0.9396432,0.9396432,0.9375,0.94736844,0.99324316,0.58961046,0.59435505,0.9375,1.0,1.0,0.59435505,0.59435505,0.69199055,0.45690408,0.59621364,-0.0027557135679232734,-0.0002972417591480037,-0.001349424362487497,-0.0002916161584020622,-0.0005870334712455246,0.0002456956442061912,0.0023979927301517583,0.00015011668652026972,0.00013684551648246717,0.0,0.0,0.0,-0.00036388337567611604,0.0008330182593654445,3.251909355989e-05,-0.0002791993087129556,0.0006123575261652705
0.83407634,0.8209835,0.4679929,0.9375,0.9375,0.8209835,0.8913406,0.47153372,0.48471397,0.9375,1.0,1.0,0.48471397,0.48471397,0.37574053,0.5235707,0.44621363,0.0036077959958033135,-0.00015553584000081507,0.0016055080159938146,-7.300607647103393e-05,-0.0005931808753743093,-8.304970140595045e-05,-0.0007395358936244428,0.0012689090945637873,-0.00023859096527579994,0.0,0.0,0.0,0.0004286082773488716,0.00031231447589040033,0.0004024685318941848,0.0009146411265800821,-0.00044878029296945503
0.6410082,0.8771792,0.3803894,0.3803894,0.9375,0.94736844,0.835134,0.36268747,0.37539777,0.9375,1.0,1.0,0.37539777,0.37539777,0.3582406,0.3913485,0.42221364,-0.0014171655226406605,6.834848666702823e-05,0.003014985080692346,-7.735294251530621e-05,-0.0002669098177223985,8.278843424670265e-05,-0.0018650670921785033,0.002295036158285744,-0.0009456807444078334,0.0,0.0,0.0,0.0013899769105537752,0.00017523097114146901,0.0004494260939418831,-0.0018042234585781485,-0.0008292859694596404
0.61369765,0.66711223,0.76235783,0.9375,0.9375,0.66711223,0.8873925,0.59845674,0.6070454,0.9375,1.0,1.0,0.6070454,0.6070454,0.68074054,0.635793,0.44321364,-0.003003136672670253,-0.0005126898862873235,5.4704453243329366e-05,-0.0003260170571154673,-0.00038486493544427766,-0.0008382682098702171,-0.0005967643536853328,-4.8045687824181426e-05,0.00027005047408106106,0.0,0.0,0.0,-0.0006967690429529896,0.0007741196277865274,-0.0002145801580411539,0.003027392934637413,-0.0003164868970902418
0.65506136,0.769977,0.8892118,0.9396432,0.91162604,0.94736844,0.94736844,0.52614903,0.5301894,0.9375,1.0,1.0,0.5301894,0.5301894,0.5232405,0.46801513,0.6292137,-0.0012537496141971933,-0.00023396844881392028,-0.0012424916345873532,-0.0001960117498738353,-0.0004143844579856882,0.00029752357910421,0.0013906640325767044,0.0005593362479406664,0.00012046714383802708,0.0,0.0,0.0,-6.966205363991618e-05,0.0005043439827888219,0.0003454346556255198,-0.00031683461555732305,0.001152829060758117
0.8958189,0.7682041,0.7618631,0.7618631,0.8857674,0.94736844,0.94736844,0.6853799,0.6936167,0.9375,1.0,1.0,0.6936167,0.6936167,0.7819905,0.58912635,0.66921365,0.00527024051958227,-0.00025581683196798324,-0.00014941613330125256,0.0001631086978834203,0.00014203815829681618,4.230606551402595e-05,0.0010447971818132392,-0.0019708789740225745,0.001011788075187813,0.0,0.0,0.0,-0.0014265228150143216,0.0004229667236159075,-0.0005692726876141643,0.0018644126102647612,0.0012118087511940282
0.91350824,0.8351259,0.5012156,0.99197626,0.9375,0.94736844,0.8913406,0.5988414,0.60930455,0.9375,1.0,1.0,0.60930455,0.60930455,0.5544905,0.7969041,0.38821363,0.0058500040261120255,8.501942351042265e-05,0.0008547613190567447,-4.055740349182022e-05,-0.00036061549102664177,7.747799156680404e-05,-0.0005444288158200669,-0.0009185100383025295,0.0005795555237017683,0.0,0.0,0.0,-0.0006576893017602682,0.00039897906657878685,9.80063917225956e-05,0.005370762940969689,-0.0008487508518888957
0.73869765,0.77891827,0.39080268,0.99197626,0.9375,0.94736844,0.99324316,0.58076435,0.58325267,0.9375,1.0,1.0,0.58325267,0.58325267,0.8644905,0.37357065,0.4782137,0.0010158398580425,-0.00023598968566863098,0.0013473098940982643,-2.8807811645508616e-05,-0.00038832077204960057,3.672218907952794e-05,0.0021520650618173922,-0.00044126730394111665,0.0002285396154127795,0.0,0.0,0.0,-0.0003855421604251074,0.000391115607642587,-0.0009906249142644008,-0.0019880402758870423,-0.0003239930182016985
0.5533189,0.100779936,0.97322625,0.97322625,0.9375,0.94736844,0.100779936,0.23768762,0.2510434,0.9375,1.0,1.0,0.2510434,0.2510434,0.09199035,0.32023737,0.33421364,-0.005430337891962071,-0.0004810116873928445,-0.002053822506541319,-0.0002929521203820691,-0.0003449268376188325,8.682098251341114e-05,-0.019701906261395206,0.0007415379966333063,-0.001328189961602113,0.0,0.0,0.0,0.002283498712770587,-0.0011346150035272647,-0.0009207908192874144,-0.003068509826144271,-0.0019440403383646095
0.86888695,0.7238057,0.6974212,0.8871432,0.676595,0.94736844,0.94736844,0.5542259,0.56489396,0.9375,1.0,1.0,0.56489396,0.56489396,0.5657405,0.5502374,0.5362136,0.00459369954469828,-0.00039097863453793754,0.0002405009607035208,0.00012406497251409316,0.0022997776660603647,0.00010640799376956646,0.0009793977132582735,5.79480063555144e-06,0.0003084558708574477,0.0,0.0,0.0,-0.0002270074084060067,0.0004499488884970044,0.0002667531011882086,0.0014764663399566005,0.0003361841292824898
0.555819,0.55018866,0.7037092,0.7037092,0.90427727,0.94736844,0.94736844,0.34345686,0.35899183,0.9375,1.0,1.0,0.35899183,0.35899183,0.3069905,0.44023737,0.27821368,-0.004904502126801611,-0.0014081639380926182,0.00012570184916821782,0.00012991079915913306,-0.00011344697951095252,1.659160707848384e-06,0.000972024837602441,0.001636177400978025,-0.001417999757911084,0.0,0.0,0.0,0.0011912774050598525,-0.00023411969022721308,-0.00037096325031882977,-0.0009750153000477576,-0.0032980335965205943
0.56275064,0.73675466,0.65603024,0.9375,0.9375,0.73675466,0.99324316,0.19653365,0.20970714,0.9375,1.0,1.0,0.20970714,0.20970714,0.2182405,0.15468174,0.30921355,-0.00522631420801213,-0.00010582754337000108,0.0010071890543229874,0.00013748799168822066,-0.0001533546013073917,-0.0002943373392605291,0.0015700074422847203,-0.00037161567087779846,-0.0020360375199043705,0.0,0.0,0.0,0.0010024991836972016,-0.003011342408077197,-0.0017054851441533942,-0.008195490353652657,-0.0028131658674551505
0.31218264,0.7644819,0.9045032,0.9375,0.88959694,0.8230889,0.94736844,0.5057644,0.51806706,0.9375,1.0,1.0,0.51806706,0.51806706,0.46949047,0.40912628,0.68821365,-0.01280162449599973,-0.00010829106108422668,-0.001622079063703163,-0.0005965673988609461,0.00013668748817403597,-0.0005680654223830236,0.0016328746178876261,0.0007077632816401467,0.00014490927135568508,0.0,0.0,0.0,0.00012530309897437877,0.0005230285443712504,0.0005909883636530991,-0.0010398802383028984,0.001802898599447273
0.71256137,0.8276937,0.8042123,0.8042123,0.9062,0.94736844,0.94736844,0.5184568,0.5316764,0.9375,1.0,1.0,0.5316764,0.5316764,0.48824054,0.6380152,0.44621363,0.0005141975582161265,-3.17378424577075e-05,-0.0005321985486010807,0.00019230343878230062,-0.00021587028762703187,9.680933931817577e-05,0.0006508814858207049,0.0004706186289757384,0.00017749347882341433,0.0,0.0,0.0,-6.284134977341094e-05,0.00040921566022366593,0.0003513456854730104,0.003221997087607053,-0.0004316759423580135
0.8633188,0.74542916,0.87109214,0.9375,0.91109073,0.74542916,0.94736844,0.5330721,0.5442188,0.9375,1.0,1.0,0.5442188,0.5442188,0.52074057,0.49579293,0.5102137,0.00479520190178098,-0.000299460009948701,-0.0011868611317702154,-4.248364578114179e-05,-0.0004454847568046087,-0.0003536044353711783,0.0006167667540047627,0.0006043720694786127,4.579272906788154e-05,0.0,0.0,0.0,-7.362841646614771e-05,0.0005823475705563209,0.000348354016054008,0.0005822634584755984,6.942353409798846e-06
0.5229401,0.76654816,0.78120434,0.78120434,0.97322625,0.94736844,0.94736844,0.30730277,0.319628,0.9375,1.0,1.0,0.319628,0.319628,0.26824045,0.41690403,0.3942136,-0.006620527298847124,-0.0002234706837473864,-0.0008576991967528351,0.0003408112926858112,-0.0004479909913334132,0.00014188756136381222,0.0009178012026097418,0.0007175057088853866,-0.0012497309206285854,0.0,0.0,0.0,0.0010775409698581427,-0.0014465837301793846,-0.0008045623447968921,-0.001960014817968447,-0.0014520360139949617
0.7035082,0.71904445,0.8376608,0.99197626,0.9375,0.94736844,0.7504913,0.3488413,0.361645,0.9375,1.0,1.0,0.361645,0.361645,0.21074045,0.3713485,0.5072136,-0.00047800813223473573,-4.205742483369579e-05,-0.001363399768661337,-0.00034403976586265295,-0.0005579766065500288,0.00021392848965045834,-0.004342129738344122,0.0013712174086675446,-0.0007359124296694163,0.0,0.0,0.0,0.001401663922016127,-0.0006202948794246139,-7.413659404866853e-05,-0.002668125018815146,-8.865472498986713e-05
0.7011976,0.8634134,0.41988984,0.41988984,0.9375,0.94736844,0.8351259,0.43153366,0.4455145,0.9375,1.0,1.0,0.4455145,0.4455145,0.3019905,0.5824597,0.47321358,-0.0001978062115958143,0.00012836325336665577,0.0017077556390344168,0.00012603526183332622,-0.00034704281783329196,5.149941064377654e-05,-0.0016712328987415568,0.0016551529403495005,-0.0004397856652520512,0.0,0.0,0.0,0.0008218589560093581,0.00024508842833219265,0.0005686759106071954,0.0018431355492893743,-0.00023184326884948363
