0.662353515625
0.669286847114563
0.5939664244651794
0.5328580737113953
0.28918832540512085
0.7614155411720276
0.7145819067955017
0.6146641969680786
0.7122527360916138
0.6613266468048096
0.5027197599411011
0.6498165726661682
0.713557243347168
0.5478058457374573
0.8079701662063599
0.6447856426239014
0.49267226457595825
0.5677353143692017
0.6567071080207825
0.4934335947036743
0.5421062111854553
0.5443304777145386
0.6132002472877502
0.34798189997673035
0.5116114616394043
0.617439866065979
0.4624086618423462
0.5895791053771973
0.6922140121459961
0.5862261652946472
0.6575024127960205
0.5327922105789185
0.5802884101867676
0.6874996423721313
0.5834522247314453
0.6152324080467224
0.48534730076789856
0.5148051977157593
0.560613751411438
0.5367186069488525
0.5292022228240967
0.5752475261688232
0.6191750764846802
0.48732081055641174
0.5322802066802979
0.6341168284416199
0.5613752603530884
0.6562662124633789
0.7038285136222839
0.6497089862823486
0.6066514253616333
0.6316395998001099
0.7174297571182251
0.6173208951950073
0.6954089403152466
0.6203542947769165
0.6087079048156738
0.6897332072257996
0.5631261467933655
0.6225996017456055
0.5985023975372314
0.5278306603431702
0.5305706858634949
0.7530929446220398
0.5365991592407227
0.5474198460578918
0.5536659955978394
0.5051333904266357
0.5807538032531738
0.40410351753234863
0.5909846425056458
0.5745460987091064
0.5946062803268433
0.4435039758682251
0.6058758497238159
0.6833779811859131
0.6063237190246582
0.6045186519622803
0.5349738597869873
0.6234675645828247
0.40544843673706055
0.6532608270645142
0.5735167264938354
0.5938519239425659
0.5681788325309753
0.6103801727294922
0.5708267688751221
0.5987386703491211
0.5966060161590576
0.7451727390289307
0.5818613171577454
0.6874129176139832
0.4997323155403137
0.4176385998725891
0.5494248270988464
0.6916695237159729
0.5538113117218018
0.432280957698822
0.5979838371276855
0.5725985765457153
0.643071711063385
0.6141828298568726
0.6543627977371216
0.7212235927581787
0.6935509443283081
0.755882203578949
0.6533877849578857
0.6819764971733093
0.6643762588500977
0.5177844762802124
0.5130491256713867
0.5676738619804382
0.42212769389152527
0.5334669351577759
0.648804783821106
0.7046622037887573
0.6249004006385803
0.5297063589096069
0.5227566957473755
0.7490701079368591
0.6269445419311523
0.7536394596099854
0.7188115119934082
0.5234346389770508
0.6432191133499146
0.4970797002315521
0.49478399753570557
0.7766700983047485
0.52808678150177
0.6372392177581787
0.47989851236343384
0.4965217411518097
0.49980539083480835
0.5101339817047119
0.5706909894943237
0.5934785008430481
0.6860498189926147
0.6481069326400757
0.640708327293396
0.5549759864807129
0.4429391622543335
0.7032204866409302
0.33060264587402344
0.5214961767196655
0.5521864891052246
0.637615442276001
0.48389968276023865
0.6073551177978516
0.5324991345405579
0.4868803322315216
0.6113250255584717
0.5589331388473511
0.7355393767356873
0.4889577031135559
0.6332218647003174
0.7102806568145752
0.5235984325408936
0.6043440699577332
0.6573277115821838
0.6031929850578308
0.5553748607635498
0.6647359132766724
0.6316267848014832
0.6181453466415405
0.5248239040374756
0.8084185123443604
0.5928301811218262
0.6548963189125061
0.5512515306472778
0.7032378315925598
0.5622463226318359
0.6270304918289185
0.4740164279937744
0.578708291053772
0.5135202407836914
0.7855692505836487
0.634871244430542
0.656292200088501
0.7801625728607178
0.6367300748825073
0.5528337955474854
0.5657637119293213
0.6245714426040649
0.537395179271698
0.4197103977203369
0.5448997020721436
0.6954237818717957
0.7610481977462769
0.7712767124176025
0.7306753993034363
0.616560697555542
0.5035071969032288
0.685063362121582
0.4553230106830597
0.6259946823120117
0.7557740807533264
0.5572259426116943
0.8170042037963867
0.4994562864303589
0.5339838266372681
0.7734100818634033
0.48658785223960876
0.7198157906532288
0.6881674528121948
0.5836070775985718
0.739036500453949
0.5860865116119385
0.7281156778335571
0.42381909489631653
0.6879146099090576
0.7288863062858582
0.5926567316055298
0.8225959539413452
0.5173976421356201
0.6498327255249023
0.5684404373168945
0.4312867522239685
0.7076232433319092
0.5620465278625488
0.5726275444030762
0.6050362586975098
0.649564266204834
0.5704288482666016
0.45571768283843994
0.5143996477127075
0.7048743963241577
0.7054691314697266
0.5233989953994751
0.5112202167510986
0.627230167388916
0.5599275827407837
0.5363349914550781
0.4848215579986572
0.6034562587738037
0.5492948293685913
0.5351212620735168
0.6373075842857361
0.6487266421318054
0.6025859117507935
0.772237241268158
0.6310425996780396
0.6035088300704956
0.5938835740089417
0.48052552342414856
0.5224129557609558
0.5274471640586853
0.72760009765625
0.5454629063606262
0.6910016536712646
0.5114797353744507
0.7090354561805725
0.4519069194793701
0.4792737364768982
0.8471906185150146
0.6776831150054932
0.7041828632354736
0.6515357494354248
0.3217754364013672
0.5582467317581177
0.5001154541969299
0.6400020122528076
0.4193449020385742
0.5951526761054993
0.7480889558792114
0.7869800329208374
0.7508809566497803
0.4503464698791504
0.5313485860824585
0.6693558096885681
0.5881279706954956
0.5284954309463501
0.5593469142913818
0.7358183860778809
0.7223671674728394
0.42357420921325684
0.7027789950370789
0.6819696426391602
0.7981505393981934
0.4940153956413269
0.5836460590362549
0.4394562542438507
0.5755605697631836
0.6045050621032715
0.5388005971908569
0.6370217800140381
0.53828364610672
0.5436441898345947
0.630915105342865
0.5664397478103638
0.5832115411758423
0.7441430687904358
0.6257451176643372
0.4749683737754822
0.7202611565589905
0.7167646288871765
0.5696916580200195
0.4303400218486786
0.5695667862892151
0.5074344873428345
0.5123177766799927
0.5857621431350708
0.508100152015686
0.7026940584182739
0.5238292217254639
0.5544348955154419
0.6379739046096802
0.6365219950675964
0.8721256256103516
0.6410200595855713
0.5333308577537537
0.6838113069534302
0.6571195721626282
0.5443803668022156
0.6655619144439697
0.5818102359771729
0.6225706338882446
0.6318446397781372
0.5178821086883545
0.6112957000732422
0.7283660173416138
0.7716339230537415
0.699539840221405
0.6046011447906494
0.5363925099372864
0.659384548664093
0.560198187828064
0.6760952472686768
0.45440685749053955
0.5715432167053223
0.6924415826797485
0.4675011932849884
0.680912971496582
0.5549772381782532
0.6103783845901489
0.7177525758743286
0.7419211864471436
0.7233132123947144
0.6585260629653931
0.615385890007019
0.6606165766716003
0.43080276250839233
0.6238807439804077
0.6395379304885864
0.6658262610435486
0.7463127374649048
0.5316438674926758
0.6989530324935913
0.7299422025680542
0.5718435049057007
0.5859600901603699
0.6097310781478882
0.5780467987060547
0.5354204177856445
0.6539766192436218
0.7740530371665955
0.5134055614471436
0.7127557396888733
0.7176728248596191
0.6234719753265381
0.6337321400642395
0.5276936888694763
0.6738282442092896
0.561158299446106
0.6878540515899658
0.70302814245224
0.5867838859558105
0.5476117134094238
0.4895700216293335
0.6340621709823608
0.7422872185707092
0.44755488634109497
0.6256654262542725
0.6587704420089722
0.6469320058822632
0.5789722204208374
0.6123566627502441
0.6490788459777832
0.5010036826133728
0.42071694135665894
0.6227274537086487
0.4631454646587372
0.554662823677063
0.4334758222103119
0.5377272367477417
0.5538582801818848
0.5731943249702454
0.5516138672828674
0.7077784538269043
0.6440114378929138
0.6938338279724121
0.5731709599494934
0.6597452163696289
0.6205860376358032
0.582067608833313
0.8384690880775452
0.5382727980613708
0.6498585939407349
0.6965988874435425
0.47887173295021057
0.7211711406707764
0.6779494285583496
0.6320134401321411
0.6402899622917175
0.6715283393859863
0.6154919862747192
0.4843180477619171
0.5687437057495117
0.6177076101303101
0.70594322681427
0.527024507522583
0.5619446039199829
0.44773250818252563
0.557694673538208
0.6020005941390991
0.6685907244682312
0.7196012139320374
0.696428656578064
0.6152739524841309
0.5750844478607178
0.6449724435806274
0.6990638375282288
0.7185461521148682
0.7132732272148132
0.5562207698822021
0.554141640663147
0.5893081426620483
0.40933871269226074
0.6748746037483215
0.7787273526191711
0.6618602275848389
0.6107735633850098
0.6169842481613159
0.5338168144226074
0.5491940975189209
0.679434061050415
0.749157190322876
0.636370062828064
0.6097302436828613
0.4749996066093445
0.570320725440979
0.6847398281097412
0.3974263668060303
0.4929768443107605
0.660552978515625
0.6731278896331787
0.4346678853034973
0.7516592144966125
0.5249856114387512
0.5871639251708984
0.6098819971084595
0.6653075218200684
0.6352925896644592
0.6291992664337158
0.6501016616821289
0.5634649991989136
0.6074243783950806
0.5863819122314453
0.7130064964294434
0.5612019300460815
0.39372971653938293
0.4137306213378906
0.5145145654678345
0.5980682373046875
0.5132690668106079
0.6064808368682861
0.4812311828136444
0.16825006902217865
0.6512801647186279
0.5543467998504639
0.34056732058525085
0.5403610467910767
0.7103648781776428
0.580195426940918
0.5249407291412354
0.7027925848960876
0.6565908193588257
0.7280843257904053
0.42104899883270264
0.5825361013412476
0.6540967226028442
0.7310218214988708
0.7922966480255127
0.6202248930931091
0.6064916849136353
0.6496932506561279
0.6283056735992432
0.6174025535583496
0.5454641580581665
0.6628899574279785
0.5811033844947815
0.5271704196929932
0.5058861970901489
0.6163447499275208
0.6921034455299377
0.6431246995925903
0.6230140924453735
0.5990787744522095
0.7035598754882812
0.737525999546051
0.5951144695281982
0.7431149482727051
0.6320875883102417
0.520559549331665
0.73298579454422
0.6032019853591919
0.3312132656574249
0.617822527885437
0.6775089502334595
0.6315428018569946
0.511831521987915
0.6742293834686279
0.6531121134757996
0.6338931322097778
0.6466912627220154
0.5498003363609314
0.6543623805046082
0.4961759150028229
0.681188702583313
0.4363318085670471
0.5307432413101196
0.6578008532524109
0.6140611171722412
0.5329257249832153
0.6723861694335938
0.7272500991821289
0.6692169904708862
0.40137526392936707
0.659156084060669
0.5456870198249817
0.617712676525116
0.4964669644832611
0.7643009424209595
0.6110017895698547
0.5681321620941162
0.7290173172950745
0.7513271570205688
0.5721219778060913
0.7563494443893433
0.578494668006897
0.5162860155105591
0.37869420647621155
0.6967074871063232
0.6942426562309265
0.5639184713363647
0.4883366823196411
0.4361167252063751
0.6246129274368286
0.6477357149124146
0.5849970579147339
0.5844662189483643
0.5386328101158142
0.514685869216919
0.6570727825164795
0.5447905659675598
0.31508514285087585
0.6015702486038208
0.7072650194168091
0.5364357829093933
0.6655744314193726
0.6419239044189453
0.49157166481018066
0.7006714344024658
0.5399775505065918
0.6487557888031006
0.6767895817756653
0.7356125116348267
0.7157595753669739
0.5569032430648804
0.6202967762947083
0.7868643999099731
0.6190406680107117
0.4989895224571228
0.7266632914543152
0.6076371669769287
0.5724365711212158
0.8018220663070679
0.6406583786010742
0.6669279932975769
0.6339755058288574
0.5647439956665039
0.5920116901397705
0.5172034502029419
0.5897340774536133
0.5971850156784058
0.6099663376808167
0.6236554384231567
0.716111421585083
0.785205066204071
0.6396492719650269
0.859259307384491
0.7309409379959106
0.4145199656486511
0.5385700464248657
0.8296506404876709
0.40535929799079895
0.8121711611747742
0.2614172101020813
0.5609655380249023
0.5973930358886719
0.68192458152771
0.653975248336792
0.6096242666244507
0.6202178001403809
0.5601716637611389
0.6893638372421265
0.6993964910507202
0.7970209121704102
0.48391515016555786
0.4050745964050293
0.6367754936218262
0.5427605509757996
0.783621609210968
0.6402159929275513
0.5038453340530396
0.4216054379940033
0.7171566486358643
0.6116716265678406
0.5158253908157349
0.6073034405708313
0.5845898985862732
0.510749101638794
0.5684216022491455
0.6298952698707581
0.5301710367202759
0.5153653621673584
0.585395097732544
0.5748249292373657
0.6053131222724915
0.5965718030929565
0.7507399320602417
0.5756236910820007
0.5642381906509399
0.7007786631584167
0.5021385550498962
0.5362080931663513
0.6516394019126892
0.5419451594352722
0.5515830516815186
0.6910260915756226
0.6721465587615967
0.5725544691085815
0.6274538040161133
0.7351573705673218
0.5589309334754944
0.6175379753112793
0.7117029428482056
0.6930695176124573
0.40893304347991943
0.5713937878608704
0.5331922173500061
0.7478742599487305
0.6157649755477905
0.6531201004981995
0.6593763828277588
0.675337016582489
0.5933952331542969
0.6087236404418945
0.6546351909637451
0.6091579794883728
0.5181536674499512
0.41104334592819214
0.40802210569381714
0.5796787738800049
0.5939012765884399
0.563205897808075
0.7388436794281006
0.5766065120697021
0.6459505558013916
0.7284306287765503
0.45658332109451294
0.6318762898445129
0.673192024230957
0.46765458583831787
0.49950486421585083
0.6619516611099243
0.4981401562690735
0.6194280385971069
0.7215970158576965
0.6426006555557251
0.7040902376174927
0.5140519142150879
0.6001638174057007
0.6840007305145264
0.6541858911514282
0.5672518014907837
0.657016932964325
0.6199343204498291
0.5454515218734741
0.6516599059104919
0.6799309253692627
0.6112617254257202
0.6084223389625549
0.5789363384246826
0.3824739456176758
0.5903738141059875
0.7309042811393738
0.5095604658126831
0.5154520273208618
0.6244281530380249
0.5436274409294128
0.6909987926483154
0.6199634671211243
0.4277322292327881
0.6892474889755249
0.5168207287788391
0.7380038499832153
0.6800797581672668
0.5696845054626465
0.6696324348449707
0.516610860824585
0.5804812908172607
0.5677744150161743
0.5959028005599976
0.5266398787498474
0.7515177726745605
0.4968351423740387
0.5265567302703857
0.5541099309921265
0.5721648931503296
0.7721282839775085
0.5347861051559448
0.7339478135108948
0.5183190107345581
0.3469352126121521
0.4029162526130676
0.767921507358551
0.5493180751800537
0.6365959048271179
0.6121872663497925
0.6130489110946655
0.48656582832336426
0.7791892290115356
0.5503338575363159
0.692471981048584
0.7000575661659241
0.7286069393157959
0.6289669871330261
0.6491138935089111
0.5912774801254272
0.48648887872695923
0.5535009503364563
0.6303550004959106
0.6487957239151001
0.5631967782974243
0.7280911207199097
0.6781301498413086
0.5263381600379944
0.4520696699619293
0.7489004135131836
0.6767392754554749
0.5836677551269531
0.6084386110305786
0.5090488791465759
0.4923444986343384
0.7314000129699707
0.5354942083358765
0.7200477123260498
0.6256544589996338
0.6169700026512146
0.33309394121170044
0.5456817150115967
0.4464539885520935
0.49925166368484497
0.758851170539856
0.5255041122436523
0.6082005500793457
0.6310200691223145
0.6358720064163208
0.5268643498420715
0.6027098298072815
0.5693627595901489
0.6052449941635132
0.5241039395332336
0.5559906363487244
0.7020996809005737
0.6371756792068481
0.5532405972480774
0.5734366774559021
0.6965838670730591
0.810627818107605
0.5895318984985352
0.49700766801834106
0.6579668521881104
0.5610541105270386
0.6611912250518799
0.6756576299667358
0.3545989990234375
0.6501443386077881
0.581645667552948
0.5281679034233093
0.6202520132064819
0.551653265953064
0.6724036931991577
0.48580145835876465
0.6073223948478699
0.7085953950881958
0.6372254490852356
0.522804856300354
0.6016185283660889
0.5483874678611755
0.4891153872013092
0.6844599843025208
0.6987775564193726
0.5545986294746399
0.5838054418563843
0.7534911036491394
0.5777409076690674
0.3393780589103699
0.7493513226509094
0.6107933521270752
0.7788639664649963
0.7372956275939941
0.49985361099243164
0.5588766932487488
0.5641483068466187
0.4744858145713806
0.6515457630157471
0.42961734533309937
0.616925835609436
0.7362806797027588
0.498426616191864
0.6745551824569702
0.676063060760498
0.5637768507003784
0.6046397686004639
0.5495219826698303
0.7197506427764893
0.5221214890480042
0.5094271302223206
0.5845338106155396
0.6642394065856934
0.6220228672027588
0.539921224117279
0.6624258160591125
0.5465757846832275
0.35034650564193726
0.647762656211853
0.5749839544296265
0.7188154458999634
0.7574750185012817
0.47986364364624023
0.5366665124893188
0.4033817648887634
0.6041334867477417
0.6240751147270203
0.6831927299499512
0.551968514919281
0.6592458486557007
0.681102454662323
0.43375253677368164
0.44703859090805054
0.4467838406562805
0.7835735082626343
0.6130717992782593
0.6575284004211426
0.804675817489624
0.6530330181121826
0.6302825212478638
0.6551561951637268
0.6932158470153809
0.6473891735076904
0.5276235938072205
0.712172269821167
0.6827116012573242
0.5288557410240173
0.6940732002258301
0.5586248636245728
0.5162345170974731
0.5874603986740112
0.5992454886436462
0.6596840023994446
0.45151129364967346
0.5374426245689392
0.6205542683601379
0.6122477054595947
0.6471314430236816
0.6187066435813904
0.7304713129997253
0.7059977054595947
0.6500781774520874
0.8514034748077393
0.7405123710632324
0.7405991554260254
0.6036025285720825
0.5863075256347656
0.7085721492767334
0.5188773274421692
0.5300991535186768
0.5479825139045715
0.6380547285079956
0.6034884452819824
0.6683489084243774
0.42854976654052734
0.6390426158905029
0.6250401735305786
0.7400718927383423
0.6711629033088684
0.5888386368751526
0.5848771333694458
0.5887117981910706
0.4604271352291107
0.4940527677536011
0.6960546970367432
0.5109025239944458
0.5879955291748047
0.23817682266235352
0.541499137878418
0.6430169939994812
0.46131134033203125
0.6303904056549072
0.5479990243911743
0.45828327536582947
0.5465210676193237
0.5708433389663696
0.7390749454498291
0.7802269458770752
0.5446493625640869
0.5518838763237
0.658033013343811
0.4780736565589905
0.5731884241104126
0.5096007585525513
0.5345919728279114
0.5725787281990051
0.6598080992698669
0.6053304672241211
0.5135053396224976
0.6262975335121155
0.7242397665977478
0.8617782592773438
0.4323044419288635
0.5319815874099731
0.5038641691207886
0.5533298850059509
0.5965494513511658
0.6545562744140625
0.7343661189079285
0.7396383285522461
0.5011906027793884
0.5356417894363403
0.516854465007782
0.6858464479446411
0.7065564393997192
0.817846417427063
0.5744984149932861
0.7381515502929688
0.5199507474899292
0.6106598377227783
0.6740111708641052
0.6678175926208496
0.5496561527252197
0.6775369644165039
0.6021357774734497
0.660001277923584
0.6382572650909424
0.49457502365112305
0.7583608627319336
0.6389637589454651
0.5362861156463623
0.4610094130039215
0.5586990714073181
0.5167965888977051
0.5507739782333374
0.5854582786560059
0.4954255223274231
0.5458104610443115
0.5211827754974365
0.681739091873169
0.574467658996582
0.6424561738967896
0.5979620218276978
0.5300525426864624
0.5547329783439636
0.6520923376083374
0.485740065574646
0.9131321907043457
0.6369673013687134
0.6632519364356995
0.4839916527271271
0.48000866174697876
0.635822057723999
0.5426316857337952
0.5057306289672852
0.4203158915042877
0.6536358594894409
0.623833954334259
0.7393998503684998
0.6272557973861694
0.7161647081375122
0.4874611496925354
0.5103319883346558
0.5955736637115479
0.7024708986282349
0.47652333974838257
0.45811551809310913
0.6847348809242249
0.6027774810791016
0.6269106864929199
0.5309724807739258
0.4177168011665344
0.6567147970199585
0.5048729181289673
0.608240008354187
0.5685148239135742
0.6182894706726074
0.7690627574920654
0.5688241124153137
0.5047211050987244
0.5003440976142883
0.6963395476341248
0.5079164505004883
0.6613926887512207
0.4965302050113678
0.6078916788101196
0.6659978628158569
0.4970405101776123
0.6590102910995483
0.7438425421714783
0.6525009870529175
0.6225059032440186
0.557201623916626
0.567878246307373
0.6012985706329346
0.5998706817626953
0.6003525853157043
0.6273356676101685
0.570854663848877
0.7205924391746521
0.5973323583602905
0.6238600611686707
0.5630180835723877
0.791599690914154
0.5723379850387573
0.5513817667961121
0.717445969581604
0.6050628423690796
0.4609030783176422
0.4489719867706299
0.5788478851318359
0.5981075167655945
0.5458911657333374
0.5690609812736511
0.6076751947402954
0.6190656423568726
0.5938222408294678
0.5187137126922607
0.4742204546928406
0.5173672437667847
0.5660564303398132
0.737532377243042
0.5862672328948975
0.6077054738998413
0.6037311553955078
0.5587331652641296
0.5653239488601685
0.5890406370162964
0.5510507822036743
0.6956663131713867
0.5527662038803101
0.5569623708724976
0.5498373508453369
0.6141858696937561
0.47772839665412903
0.4744153618812561
0.5646705627441406
0.4463162422180176
0.5868465900421143
0.4733029901981354
0.6479658484458923
0.6105161905288696
0.6196843385696411
0.8055624961853027
0.6677497029304504
0.6009117960929871
0.6955915093421936
0.6972342729568481
0.6276869773864746
0.6084491014480591
0.7198349237442017
0.627468466758728
0.7529948949813843
0.5937989950180054
0.5581836700439453
0.6361007690429688
0.6508183479309082
0.5475009679794312
0.6753314733505249
0.6466938257217407
0.6515014171600342
0.6365571022033691
0.7840980887413025
0.7101075649261475
0.7071325182914734
0.6000698804855347
0.667896032333374
0.5961108207702637
0.5608944892883301
0.7376618981361389
0.4902918338775635
0.6355218887329102
0.5126535892486572
0.5261139273643494
0.6183265447616577
0.7363065481185913
0.5995224118232727
0.5963857173919678
0.5349841713905334
0.5162129402160645
0.5879805088043213
0.7755343914031982
0.7487229108810425
0.5401501655578613
0.6587522029876709
0.6075400114059448
0.5578567981719971
0.6761302947998047
0.3758377730846405
0.7175017595291138
0.5681447386741638
0.42151880264282227
0.5713077783584595
0.629085898399353
0.5136526823043823
0.6823194026947021
0.7298096418380737
0.5449661016464233
0.5353386402130127
0.4553482234477997
0.6789345145225525
0.6130589246749878
0.5944696664810181
0.6067591905593872
0.519133448600769
0.6241991519927979
0.7697612643241882
0.4969649612903595
0.5681813359260559
0.4728560447692871
0.5345360636711121
0.5033142566680908
0.5533484220504761
0.6813144683837891
0.6041072010993958
0.6621886491775513
0.45686203241348267
0.5690357685089111
0.6344399452209473
0.599027693271637
0.5463141798973083
0.6570119857788086
0.7072904109954834
0.5258840322494507
0.6834043860435486
0.5834444761276245
0.6077501177787781
0.5687927007675171
0.5116958618164062
0.6576804518699646
0.6296682357788086
0.6956567168235779
0.5249800682067871
0.6439474821090698
0.7218890190124512
0.5469120144844055
0.6940159797668457
0.7512515187263489
0.5153967142105103
0.7350175976753235
0.5875402688980103
0.5336245894432068
0.40602487325668335
0.652114987373352
0.7175097465515137
0.540874719619751
0.7374815940856934
0.54513019323349
0.9516746997833252
0.3606306314468384
0.5999605655670166
0.6392814517021179
0.5460704565048218
0.5955760478973389
0.6630468964576721
0.5016982555389404
0.3626871407032013
0.4709387421607971
0.5703517198562622
0.5932868719100952
0.6548870801925659
0.6796064376831055
0.4828668236732483
0.6144276261329651
0.5368258953094482
0.7554197311401367
0.7037417888641357
0.6810179948806763
0.48518070578575134
0.700592041015625
0.6359739303588867
0.5869944095611572
0.6852026581764221
0.5859448909759521
0.5016226768493652
0.6599007844924927
0.5019947290420532
0.618019700050354
0.47932523488998413
0.4702528715133667
0.6755783557891846
0.6009058952331543
0.6802281141281128
0.5476847887039185
0.7035963535308838
0.5431032180786133
0.561387836933136
0.5901692509651184
0.5694906115531921
0.5294961929321289
0.7003278136253357
0.6768498420715332
0.6132982969284058
0.4830739498138428
0.7259352207183838
0.5786126852035522
0.7295156717300415
0.612586259841919
0.3556077480316162
0.5394077301025391
0.7629207372665405
0.6706163883209229
0.5176711082458496
0.6863961219787598
0.5128183960914612
0.7411357164382935
0.40737420320510864
0.4916800856590271
0.5506619811058044
0.5307040810585022
0.7298513054847717
0.6047711372375488
0.529639482498169
0.5879552364349365
0.4634265899658203
0.641755223274231
0.5988125801086426
0.38135695457458496
0.5239940881729126
0.4714427590370178
0.5687575340270996
0.6387412548065186
0.5007849335670471
0.5445787906646729
0.4909442067146301
0.332868367433548
0.63468337059021
0.7304645776748657
0.5723649263381958
0.6277320384979248
0.6682655811309814
0.6327881813049316
0.5867100954055786
0.6253869533538818
0.6693673729896545
0.5691967010498047
0.5164979696273804
0.6307462453842163
0.5201188325881958
0.5630472898483276
0.5523419976234436
0.7484833002090454
0.752527117729187
0.5978752374649048
0.5190105438232422
0.6019774079322815
0.41610199213027954
0.5539660453796387
0.6309197545051575
0.48918014764785767
0.6722797155380249
0.5328489542007446
0.6226893663406372
0.6506121754646301
0.6650503873825073
0.5943325757980347
0.8491462469100952
0.3925360441207886
0.645533561706543
0.7051476240158081
0.5728468894958496
0.5531512498855591
0.6518104672431946
0.7234171628952026
0.631360650062561
0.5700793862342834
0.6522415280342102
0.5018638372421265
0.38258683681488037
0.6188337802886963
0.30330777168273926
0.5459848046302795
0.5499716997146606
0.5149481892585754
0.7645936012268066
0.516026496887207
0.43408310413360596
0.6140971183776855
0.6260824203491211
0.6350580453872681
0.5472479462623596
0.7348760366439819
0.6762394905090332
0.8270890712738037
0.7316938638687134
0.35749301314353943
0.5311203598976135
0.600405752658844
0.4225546419620514
0.6869617700576782
0.6849544644355774
0.7968572378158569
0.6479215025901794
0.6651082038879395
0.38528168201446533
0.6182731986045837
0.5386079549789429
0.538336992263794
0.4792476296424866
0.6487419605255127
0.3746767044067383
0.6504918336868286
0.32801732420921326
0.6926227807998657
0.5086867809295654
0.6121639013290405
0.6547161340713501
0.5539937615394592
0.6686719655990601
0.5154216289520264
0.6107550859451294
0.6676567196846008
0.640082836151123
0.6806206703186035
0.7091293931007385
0.6072524189949036
0.6632981300354004
0.4325602948665619
0.5060429573059082
0.5752032995223999
0.5674737095832825
0.5952969789505005
0.47634756565093994
0.6690921187400818
0.5444115400314331
0.7671508193016052
0.45744138956069946
0.5149258375167847
0.5845451354980469
0.48495373129844666
0.623670756816864
0.6569331884384155
0.5218343138694763
0.6244955658912659
0.718575119972229
0.44153645634651184
0.46071165800094604
0.5371968746185303
0.7266470193862915
0.6213886737823486
0.671931266784668
0.6618436574935913
0.5814096927642822
0.6055138111114502
0.6558005213737488
0.5747612714767456
0.5843654870986938
0.5633406639099121
0.5345674753189087
0.6127505302429199
0.5871385931968689
0.5774818658828735
0.6427536606788635
0.6088505983352661
0.5002641677856445
0.5517700910568237
0.5731686949729919
0.6176572442054749
0.6123447418212891
0.7682140469551086
0.8191388845443726
0.6432244777679443
0.7577271461486816
0.5453322529792786
0.7035931348800659
0.6453653573989868
0.5311992168426514
0.5089740753173828
0.34089547395706177
0.4951740503311157
0.6433562636375427
0.5709782838821411
0.4266892075538635
0.2698204517364502
0.702325701713562
0.6091558337211609
0.6581113934516907
0.762306272983551
0.5170078277587891
0.6983324289321899
0.7457401752471924
0.497440904378891
0.7495353817939758
0.7300997972488403
0.547096848487854
0.41533178091049194
0.46136146783828735
0.6826609969139099
0.7378130555152893
0.6822513341903687
0.6117837429046631
0.7421568632125854
0.6502736210823059
0.6290045976638794
0.5470976829528809
0.5628095865249634
0.7210529446601868
0.6072604656219482
0.5341005921363831
0.6653925180435181
0.6100354790687561
0.559369683265686
0.6334340572357178
0.6397143006324768
0.5455459952354431
0.6608333587646484
0.4851531386375427
0.6426316499710083
0.6231165528297424
0.5653219223022461
0.7187758684158325
0.6827092170715332
0.5392137765884399
0.842822790145874
0.5586234331130981
0.6584060192108154
0.45996785163879395
0.5224594473838806
0.5660355091094971
0.5704267024993896
0.6766161918640137
0.5888489484786987
0.6397117376327515
0.39613986015319824
0.5845876932144165
0.6161677837371826
0.47857165336608887
0.5933640003204346
0.6817150115966797
0.585756778717041
0.521215558052063
0.6988344788551331
0.567865788936615
0.614903450012207
0.5801461935043335
0.7568914890289307
0.6603231430053711
0.6724382638931274
0.5952188968658447
0.6966493129730225
0.7484232187271118
0.5474061369895935
0.7004656195640564
0.4543240964412689
0.7619460225105286
0.5230832099914551
0.47995659708976746
0.7675048112869263
0.6744904518127441
0.6830512881278992
0.5498472452163696
0.5448493361473083
0.5894469618797302
0.6254582405090332
0.7153218388557434
0.45690423250198364
0.532874584197998
0.7493170499801636
0.4780358076095581
0.6700142025947571
0.6544247269630432
0.5242717862129211
0.4101795554161072
0.6883887052536011
0.7039961814880371
0.5565512776374817
0.7428829073905945
0.6990206241607666
0.6065449118614197
0.6190763711929321
0.5346354246139526
0.7495825886726379
0.39761149883270264
0.49462324380874634
0.6382320523262024
0.7977945804595947
0.7374371886253357
0.438818097114563
0.6998116374015808
0.5268979668617249
0.43522852659225464
0.8117181062698364
0.6080265641212463
0.6158632040023804
0.49067774415016174
0.599856972694397
0.47839921712875366
0.5701905488967896
0.6323907375335693
0.653335452079773
0.732623815536499
0.6770795583724976
0.7359858155250549
0.7197173833847046
0.6472552418708801
0.6451888084411621
0.7137162685394287
0.6521856784820557
0.6086456775665283
0.598686933517456
0.5920976996421814
0.6594866514205933
0.7428263425827026
0.6993457674980164
0.3870820105075836
0.6097484827041626
0.4728746712207794
0.5993103384971619
0.7493314743041992
0.5995933413505554
0.7100893259048462
0.6191823482513428
0.6892474889755249
0.7253149151802063
0.8191558122634888
0.5423331260681152
0.6389317512512207
0.6744344830513
0.6836525201797485
0.7186768054962158
0.6606549024581909
0.591826856136322
0.5546388626098633
0.5288081169128418
0.5895317792892456
0.7891871333122253
0.6620415449142456
0.6826491951942444
0.5807950496673584
0.7229505777359009
0.4107567369937897
0.5592411160469055
0.681170642375946
0.6785107851028442
0.746971607208252
0.6606162190437317
0.5202569961547852
0.5017269849777222
0.5037381649017334
0.651679277420044
0.6153218746185303
0.5980408787727356
0.716334342956543
0.4019749164581299
0.4762652814388275
0.49511146545410156
0.7040994763374329
0.6269904375076294
0.5640045404434204
0.7282309532165527
0.5323088765144348
0.46242982149124146
0.6615498065948486
0.6421182155609131
0.5403138399124146
0.6013803482055664
0.5003712177276611
0.7751470804214478
0.5767301321029663
0.4598885774612427
0.6887949705123901
0.5320762395858765
0.5533871650695801
0.7985166907310486
0.5045408010482788
0.6545850038528442
0.4904443621635437
0.4892536997795105
0.6182230710983276
0.6550942659378052
0.32808566093444824
0.4837121069431305
0.6448065042495728
0.6532718539237976
0.6745126247406006
0.49894845485687256
0.5351117849349976
0.6065428256988525
0.5732504725456238
0.6233904957771301
0.5583112239837646
0.49392253160476685
0.6847506761550903
0.5851613283157349
0.5313507318496704
0.5891119241714478
0.7001544237136841
0.5643960237503052
0.6062568426132202
0.6273545026779175
0.5341665148735046
0.5489212274551392
0.5104514956474304
0.543014407157898
0.5001220703125
0.534534215927124
0.5975178480148315
0.28534460067749023
0.7318943738937378
0.5966550707817078
0.6983740925788879
0.5537336468696594
0.5785146355628967
0.5834329724311829
0.6655938625335693
0.7074301242828369
0.5172669887542725
0.43729645013809204
0.7418168783187866
0.5664269924163818
0.7005660533905029
0.6985483765602112
0.6697615385055542
0.6053255796432495
0.549056887626648
0.6178148984909058
0.5910060405731201
0.5796929597854614
0.5358750820159912
0.7120457291603088
0.5234925746917725
0.5168393850326538
0.32260268926620483
0.5707374215126038
0.6106131672859192
0.6065152883529663
0.6837661266326904
0.4953150153160095
0.5864224433898926
0.6227227449417114
0.4616992473602295
0.5604082345962524
0.6138760447502136
0.5790718793869019
0.779144287109375
0.5953346490859985
0.6211711764335632
0.5895235538482666
0.5166338086128235
0.5040324926376343
0.642363429069519
0.560989499092102
0.5755925178527832
0.5910680294036865
0.6744024753570557
0.6608103513717651
0.5150778889656067
0.50461745262146
0.4074445366859436
0.6227819919586182
0.6068775653839111
0.5844448804855347
0.4852719306945801
0.539973258972168
0.6902770400047302
0.48423537611961365
0.7728319764137268
0.717165470123291
0.4750644564628601
0.48226022720336914
0.35208404064178467
0.4987572431564331
0.5979018211364746
0.7253614664077759
0.6446244716644287
0.521045446395874
0.5165603160858154
0.7809848785400391
0.7455594539642334
0.6061455011367798
0.6230818033218384
0.5521814823150635
0.655142068862915
0.7346213459968567
0.6412478685379028
0.6085063219070435
0.7667092680931091
0.5008867383003235
0.6331661939620972
0.6385154724121094
0.5560773015022278
0.6955877542495728
0.8042671084403992
0.6703572273254395
0.7242546081542969
0.6570967435836792
0.6091068983078003
0.5910007357597351
0.6764951348304749
0.641207754611969
0.4507789611816406
0.5034976005554199
0.6942567825317383
0.7163401246070862
0.5766575932502747
0.6742854118347168
0.5066466927528381
0.5724472999572754
0.6003952026367188
0.6522087454795837
0.5802600383758545
0.6432490348815918
0.7590858936309814
0.7166962623596191
0.5713970065116882
0.6866658926010132
0.7256215214729309
0.5117144584655762
0.5536330342292786
0.5692061185836792
0.5498468279838562
0.4794662594795227
0.556214451789856
0.7529833316802979
0.5577725768089294
0.6861200332641602
0.5568064451217651
0.5484634637832642
0.6923704147338867
0.5050769448280334
0.6564434170722961
0.4153789281845093
0.6309298276901245
0.5727118253707886
0.5847331285476685
0.6100306510925293
0.6559891700744629
0.526171088218689
0.7748627662658691
0.6985685229301453
0.6324981451034546
0.5075815916061401
0.6590994596481323
0.608315110206604
0.5316699743270874
0.5519446134567261
0.43259522318840027
0.6579904556274414
0.6190015077590942
0.635090708732605
0.5682626962661743
0.4634144902229309
0.42687851190567017
0.5794491767883301
0.5719197988510132
0.5372249484062195
0.5770756006240845
0.7864326238632202
0.5454440116882324
0.6450417041778564
0.753116250038147
0.5857724547386169
0.5101752281188965
0.4424600601196289
0.6775596141815186
0.5622539520263672
0.8214225769042969
0.7194792032241821
0.6511268615722656
0.6151957511901855
0.39254555106163025
0.6257473230361938
0.6651337146759033
0.6648577451705933
0.5297397375106812
0.6003587245941162
0.5807582139968872
0.5094194412231445
0.5228210687637329
0.5551785230636597
0.6517809629440308
0.6078684329986572
0.6274843811988831
0.4903181791305542
0.6186429858207703
0.55443274974823
0.7598682641983032
0.5036964416503906
0.606134831905365
0.6402877569198608
0.6207789778709412
0.7156839966773987
0.5743420124053955
0.5369199514389038
0.499128520488739
0.33721792697906494
0.4516226053237915
0.49560657143592834
0.5174466371536255
0.6128138899803162
0.5502570867538452
0.5215515494346619
0.5904973745346069
0.6025780439376831
0.5839972496032715
0.6133812069892883
0.6351947784423828
0.6098864078521729
0.5955295562744141
0.5376907587051392
0.47658970952033997
0.6186050176620483
0.6369891166687012
0.5015305280685425
0.38722193241119385
0.5003860592842102
0.7846901416778564
0.7004799842834473
0.5529938340187073
0.7547821998596191
0.5422798991203308
0.4993168115615845
0.7192094922065735
0.6470853090286255
0.6108628511428833
0.7049912214279175
0.5875886678695679
0.5747125744819641
0.520136833190918
0.7768814563751221
0.6187456846237183
0.6435704231262207
0.7406311631202698
0.6759052276611328
0.5035946369171143
0.5283835530281067
0.7299596071243286
0.6520634889602661
0.5512311458587646
0.7210450172424316
0.815893292427063
0.6109973788261414
0.5179541110992432
0.6796239614486694
0.5755480527877808
0.43388229608535767
0.466418594121933
0.5742501020431519
0.5640609264373779
0.526992917060852
0.6070817112922668
0.6070324182510376
0.5276798605918884
0.5278474688529968
0.5306142568588257
0.6888952255249023
0.7561617493629456
0.5509573221206665
0.47265514731407166
0.6528212428092957
0.7071794271469116
0.45118507742881775
0.734553337097168
0.5500538349151611
0.7933616042137146
0.4163249135017395
0.4211882948875427
0.6540699005126953
0.482719749212265
0.8093124628067017
0.6200225353240967
0.6181639432907104
0.6864145994186401
0.6628080606460571
0.5621383190155029
0.5221000909805298
0.5371863842010498
0.722189724445343
0.6285321712493896
0.6507258415222168
0.5704483985900879
0.6392408609390259
0.25705116987228394
0.61579430103302
0.5496901273727417
0.46457570791244507
0.5044432878494263
0.4646804928779602
0.6654247641563416
0.500243604183197
0.498186856508255
0.558696985244751
0.5496623516082764
0.5301811099052429
0.556312084197998
0.46620574593544006
0.659148097038269
0.5101789832115173
0.586748480796814
0.5784956216812134
0.6575714349746704
0.4457935094833374
0.7658309936523438
0.6094167232513428
0.6695250272750854
0.6942776441574097
0.616714358329773
0.5668970942497253
0.5884149074554443
0.49485740065574646
0.49736207723617554
0.5183640718460083
0.2772831320762634
0.6778919100761414
0.5014803409576416
0.5041736960411072
0.6320356726646423
0.5895067453384399
0.6807681322097778
0.6497445106506348
0.5774909853935242
0.7917798161506653
0.4402041733264923
0.6153334379196167
0.6138488054275513
0.48296475410461426
0.4791439175605774
0.5236577987670898
0.5420966148376465
0.539848804473877
0.7758599519729614
0.5637339353561401
0.6812563538551331
0.7211835384368896
0.7613924741744995
0.529413104057312
0.5015694499015808
0.5579242706298828
0.6083882451057434
0.6570279598236084
0.6134463548660278
0.7044730186462402
0.6115754842758179
0.6674122214317322
0.6586636304855347
0.6150736212730408
0.5630137324333191
0.4190082252025604
0.6348049640655518
0.6501245498657227
0.4360118508338928
0.6126399636268616
0.706811249256134
0.7792249321937561
0.46314817667007446
0.7439398169517517
0.610741138458252
0.489432692527771
0.642530620098114
0.6105726361274719
0.6159882545471191
0.6958475708961487
0.5897122621536255
0.6835356950759888
0.5142900943756104
0.5088759064674377
0.5403738617897034
0.6466777324676514
0.49247926473617554
0.5334962606430054
0.7020243406295776
0.5189465880393982
0.6059054732322693
0.603786051273346
0.6199452877044678
0.6635534167289734
0.5439064502716064
0.7776923179626465
0.5964500904083252
0.5427416563034058
0.4888876676559448
0.6603304743766785
0.6167416572570801
0.6252950429916382
0.5236446261405945
0.6186689734458923
0.5637293457984924
0.5676276683807373
0.6269665956497192
0.6059508323669434
0.644434928894043
0.570617139339447
0.48038387298583984
0.5352004766464233
0.5424480438232422
0.6302937269210815
0.6071003675460815
0.5866703987121582
0.6693307161331177
0.3897196650505066
0.5657175779342651
0.5304036736488342
0.47836828231811523
0.5112277269363403
0.6719328761100769
0.7143635749816895
0.8238308429718018
0.5898256301879883
0.5047668218612671
0.5078365802764893
0.6722259521484375
0.6157024502754211
0.7789667248725891
0.7403659820556641
0.6846551895141602
0.5859032869338989
0.6473833322525024
0.6378531455993652
0.47995585203170776
0.687340259552002
0.6437593698501587
0.5557879209518433
0.6475542783737183
0.49866265058517456
0.606248676776886
0.5813628435134888
0.7362748384475708
0.6090983152389526
0.685289740562439
0.5607646703720093
0.5681688785552979
0.5590400695800781
0.7024432420730591
0.6001995801925659
0.7109140753746033
0.6016542911529541
0.5832542181015015
0.4223593473434448
0.6636707782745361
0.576405942440033
0.6225966215133667
0.5656825304031372
0.6503326892852783
0.41997700929641724
0.6973932981491089
0.6462033987045288
0.6122816205024719
0.5022616982460022
0.6465708017349243
0.6273909211158752
0.582859218120575
0.6910440921783447
0.7125129699707031
0.6502280831336975
0.8234984278678894
0.6229132413864136
0.6602484583854675
0.49476122856140137
0.412331759929657
0.46901005506515503
0.47725850343704224
0.5909465551376343
0.5109431743621826
0.5456812381744385
0.48278874158859253
0.6253042817115784
0.6411296725273132
0.6423454880714417
0.5712475180625916
0.665351390838623
0.5807751417160034
0.6124143004417419
0.721382737159729
0.7763240337371826
0.7101982831954956
0.5357753038406372
0.6178686022758484
0.518440842628479
0.5169171690940857
0.618833065032959
0.5349146127700806
0.7546631097793579
0.6840089559555054
0.6851664781570435
0.5754784345626831
0.6118654012680054
0.7314370274543762
0.47524702548980713
0.8159641027450562
0.7272270917892456
0.6466593742370605
0.5898017883300781
0.7253651022911072
0.8251775503158569
0.6450819373130798
0.6005594730377197
0.6018021106719971
0.7103943824768066
0.7145693302154541
0.4929213523864746
0.7207546234130859
0.541182816028595
0.6589041948318481
0.7022889852523804
0.5832675695419312
0.5978086590766907
0.47141405940055847
0.6536774039268494
0.615609884262085
0.6220532059669495
0.5824540853500366
0.5895750522613525
0.6656562089920044
0.6764370203018188
0.6117433905601501
0.7341798543930054
0.41239356994628906
0.7584081888198853
0.598757266998291
0.5842010974884033
0.5694022178649902
0.7132300138473511
0.5165497660636902
0.6365631818771362
0.7091517448425293
0.48144617676734924
0.6586840748786926
0.6011162996292114
0.4313626289367676
0.7901766896247864
0.47798454761505127
0.502781867980957
0.6092404127120972
0.6741189956665039
0.43389415740966797
0.7462720274925232
0.5425189733505249
0.8260807991027832
0.5481837391853333
0.6759232878684998
0.5367468595504761
0.6441463232040405
0.4729970693588257
0.7680181264877319
0.63716721534729
0.5783900022506714
0.5551493167877197
0.5484683513641357
0.7284919023513794
0.48773956298828125
0.6533708572387695
0.5618991851806641
0.6732276678085327
0.7166100740432739
0.5777729749679565
0.6476744413375854
0.4579660892486572
0.6258286237716675
0.6603744029998779
0.6331188678741455
0.4370172619819641
0.609810471534729
0.441444993019104
0.6285891532897949
0.5455852746963501
0.2750828266143799
0.604526162147522
0.5592366456985474
0.5091294646263123
0.3976813852787018
0.6764968633651733
0.5984930992126465
0.587427020072937
0.6394668817520142
0.5508506298065186
0.6486570835113525
0.6068345308303833
0.7103613615036011
0.6805920004844666
0.45160573720932007
0.6823179125785828
0.6570949554443359
0.6065428256988525
0.5942121744155884
0.48320019245147705
0.4723640978336334
0.5319236516952515
0.5778241157531738
0.6366368532180786
0.637371301651001
0.6901828050613403
0.6778416633605957
0.6708931922912598
0.6161154508590698
0.640116810798645
0.6135585308074951
0.728779673576355
0.612987756729126
0.6055325269699097
0.6948913931846619
0.5261390805244446
0.6212335824966431
0.6173122525215149
0.6332505941390991
0.3311242461204529
0.535197377204895
0.7456721067428589
0.5013612508773804
0.7397081255912781
0.6585332751274109
0.6486620903015137
0.5875219106674194
0.5492397546768188
0.6106388568878174
0.526763916015625
0.58790123462677
0.5893586874008179
0.6788380742073059
0.7245321273803711
0.5902895927429199
0.6964086890220642
0.5943043231964111
0.6733418703079224
0.608074426651001
0.701974093914032
0.6324694156646729
0.6791538000106812
0.6544797420501709
0.7096026539802551
0.5529944896697998
0.6675959825515747
0.49607130885124207
0.6149140000343323
0.5846538543701172
0.6010761260986328
0.6898907423019409
0.6339821815490723
0.5876820087432861
0.5907110571861267
0.563696026802063
0.628856360912323
0.6961632966995239
0.7092794179916382
0.5165393352508545
0.5563409328460693
0.4542880058288574
0.7514876127243042
0.4664143919944763
0.6227480173110962
0.4344142973423004
0.40319907665252686
0.637549877166748
0.5780336260795593
0.7323439121246338
0.8099395036697388
0.6453922390937805
0.6508703231811523
0.6278265714645386
0.6202431917190552
0.7141038775444031
0.5953627228736877
0.6536552906036377
0.6511999368667603
0.6710478067398071
0.3687300384044647
0.7189216613769531
0.5807626247406006
0.5988500714302063
0.6304848194122314
0.7741272449493408
0.6418646574020386
0.6321440935134888
0.4334416687488556
0.6084246635437012
0.6905686855316162
0.8192099928855896
0.6322211027145386
0.6992669105529785
0.7065136432647705
0.5878217220306396
0.37346938252449036
0.612245500087738
0.6112875938415527
0.5434551239013672
0.375084787607193
0.46914970874786377
0.5098451375961304
0.6101642847061157
0.6337947845458984
0.6392325162887573
0.39448249340057373
0.6169270277023315
0.5748392939567566
0.5041464567184448
0.46543049812316895
0.6296213269233704
0.5760524272918701
0.8590679168701172
0.5296645760536194
0.6504172086715698
0.566278874874115
0.5932433605194092
0.5598324537277222
0.6765902042388916
0.6358672976493835
0.3978724479675293
0.6184731125831604
0.5506548881530762
0.5979081392288208
0.4948512315750122
0.7500429749488831
0.62724769115448
0.6831355094909668
0.5216525793075562
0.65528804063797
0.6137574911117554
0.6135927438735962
0.6140961647033691
0.7804034352302551
0.3885260820388794
0.6297879219055176
0.5924525856971741
0.6329981684684753
0.5716769695281982
0.6475086212158203
0.7385871410369873
0.6160895228385925
0.6786010265350342
0.5827284455299377
0.4896896183490753
0.8353781700134277
0.603722870349884
0.4955865144729614
0.6999188661575317
0.5443053245544434
0.7225466966629028
0.693030834197998
0.4509006142616272
0.5673351287841797
0.5736716389656067
0.5743736028671265
0.6052055358886719
0.4900868535041809
0.6483373641967773
0.5669293403625488
0.539458155632019
0.740547239780426
0.6964257955551147
0.6203657388687134
0.727495551109314
0.6458438634872437
0.45952045917510986
0.8631708025932312
0.6126409769058228
0.5864198207855225
0.5801229476928711
0.5928347110748291
0.6714056730270386
0.6720373034477234
0.6076503396034241
0.7580896615982056
0.773591160774231
0.6509218215942383
0.6817063093185425
0.6949814558029175
0.6290532350540161
0.5442115068435669
0.6751587390899658
0.43308502435684204
0.6904426217079163
0.6400498747825623
0.5490635633468628
0.6190056800842285
0.6063140630722046
0.5030890703201294
0.2910745441913605
0.5927184820175171
0.6530210375785828
0.6596418023109436
0.7469804286956787
0.7684674263000488
0.6380281448364258
0.5569154024124146
0.6366037130355835
0.46397119760513306
0.6446139812469482
0.6809945106506348
0.5172047019004822
0.6040345430374146
0.6575139164924622
0.4895431399345398
0.6118942499160767
0.6219444870948792
0.5982863903045654
0.6769261360168457
0.6276894807815552
0.36486363410949707
0.5562096834182739
0.4834786355495453
0.634364128112793
0.6422145962715149
0.6707586050033569
0.7818676233291626
0.5526113510131836
0.3999174237251282
0.6145620346069336
0.7018142938613892
0.5517402291297913
0.5408861637115479
0.5187190771102905
0.6109528541564941
0.4251873791217804
0.6184711456298828
0.5181824564933777
0.6016364693641663
0.5605325102806091
0.7109077572822571
0.72686767578125
0.6979668140411377
0.4860813617706299
0.7080092430114746
0.5427963733673096
0.5671176910400391
0.5451831817626953
0.5062540769577026
0.6110457181930542
0.5568018555641174
0.798550009727478
0.39318370819091797
0.6608222723007202
0.8210928440093994
0.5495022535324097
0.6094387173652649
0.5661272406578064
0.7500962615013123
0.6473809480667114
0.4326232075691223
0.6304171085357666
0.38316482305526733
0.7297186255455017
0.6234157085418701
0.626363217830658
0.6616566181182861
0.6462787389755249
0.5140907168388367
0.6851496696472168
0.5335441827774048
0.6781690120697021
0.7211321592330933
0.7250879406929016
0.5665390491485596
0.5920424461364746
0.588798463344574
0.6238043904304504
0.5358929634094238
0.6800983548164368
0.4391340911388397
0.4874912202358246
0.5600564479827881
0.6401970982551575
0.45088544487953186
0.5456116199493408
0.5618167519569397
0.5600611567497253
0.6952884793281555
0.755053699016571
0.6110835075378418
0.5396198034286499
0.6438654661178589
0.6321608424186707
0.5335850715637207
0.7813191413879395
0.5842424631118774
0.48144569993019104
0.6717113852500916
0.6654915809631348
0.5573101043701172
0.612510085105896
0.8527671098709106
0.7026731967926025
0.5783780813217163
0.6900861263275146
0.5595203638076782
0.5268228054046631
0.41152533888816833
0.573036789894104
0.8157641887664795
0.5090299844741821
0.6333842277526855
0.6990908980369568
0.5925445556640625
0.475313663482666
0.6131988763809204
0.6566803455352783
0.617141604423523
0.5230172276496887
0.7092474102973938
0.6968386769294739
0.583828330039978
0.5846185684204102
0.28150224685668945
0.5767972469329834
0.6164869666099548
0.704596757888794
0.32261985540390015
0.6079341173171997
0.5596458315849304
0.6853492856025696
0.5276386141777039
0.6125205159187317
0.5294328331947327
0.6959784030914307
0.765028715133667
0.5206513404846191
0.5349503755569458
0.657017707824707
0.647045373916626
0.6463021039962769
0.6271017789840698
0.41382071375846863
0.6469689607620239
0.5598840713500977
0.6663118600845337
0.7213910818099976
0.6572797298431396
0.6610437631607056
0.4455793797969818
0.616753339767456
0.5843853950500488
0.6904603838920593
0.5574871897697449
0.49113237857818604
0.6778384447097778
0.571833610534668
0.6465975046157837
0.7066625356674194
0.5367878079414368
0.4776238203048706
0.4576932191848755
0.7529326677322388
0.5126848220825195
0.5649067163467407
0.5969526767730713
0.5512878894805908
0.5159469842910767
0.6937956809997559
0.6112397909164429
0.695042610168457
0.6475576162338257
0.6378371119499207
0.5338945984840393
0.7586072683334351
0.4446946382522583
0.4615211486816406
0.4439692497253418
0.6655300855636597
0.562955379486084
0.49583929777145386
0.5954688191413879
0.812322735786438
0.5543349981307983
0.5329697132110596
0.6875704526901245
0.5417253375053406
0.6853046417236328
0.7833982706069946
0.61021888256073
0.4181239604949951
0.3987075090408325
0.8368966579437256
0.443972110748291
0.6101916432380676
0.6475192308425903
0.6138052940368652
0.6750981211662292
0.5641263723373413
0.4615049958229065
0.5973811149597168
0.6863399744033813
0.588692843914032
0.5779826641082764
0.6681720018386841
0.681087851524353
0.6472181677818298
0.5576358437538147
0.4899125397205353
0.5152020454406738
0.5859129428863525
0.6346757411956787
0.5480777025222778
0.7779831886291504
0.46230581402778625
0.429815411567688
0.5170249938964844
0.5972332954406738
0.7353240251541138
0.4530506730079651
0.42013034224510193
0.5753369331359863
0.6462045907974243
0.5247009992599487
0.6427669525146484
0.4427381157875061
0.7493470311164856
0.5165503025054932
0.5743434429168701
0.7223373651504517
0.6622713804244995
0.8525316715240479
0.5573647022247314
0.4505680203437805
0.6467767953872681
0.730303168296814
0.542201817035675
0.4276481568813324
0.6596381664276123
0.6842365264892578
0.6315267086029053
0.6023076772689819
0.5060338973999023
0.5774965286254883
0.7145974636077881
0.48478808999061584
0.46670621633529663
0.5588814616203308
0.6720014810562134
0.5787454843521118
0.6483137607574463
0.6262266039848328
0.44029250741004944
0.5805993676185608
0.47539064288139343
0.732509970664978
0.5157455801963806
0.4853503108024597
0.5896328687667847
0.6403548717498779
0.37431687116622925
0.5497057437896729
0.5048010945320129
0.6552087068557739
0.5414389967918396
0.6412307024002075
0.4537985920906067
0.5989630818367004
0.4352808892726898
0.46817633509635925
0.40202802419662476
0.611670970916748
0.5098305940628052
0.55406653881073
0.540807843208313
0.48488616943359375
0.58768630027771
0.6650645732879639
0.7203543186187744
0.6165547966957092
0.6894791126251221
0.6793184876441956
0.5930390954017639
0.5759658813476562
0.5560934543609619
0.6496361494064331
0.6033942699432373
0.745333194732666
0.5521367788314819
0.7947013974189758
0.5970163345336914
0.6766018271446228
0.5501880645751953
0.5651378631591797
0.5665507316589355
0.607708215713501
0.5886807441711426
0.5587738752365112
0.526321291923523
0.48790597915649414
0.6439082026481628
0.640674352645874
0.5818682312965393
0.5061355233192444
0.6230303645133972
0.5526151061058044
0.7021245956420898
0.629125714302063
0.7466709613800049
0.5540979504585266
0.5317677855491638
0.7153841853141785
0.6056303977966309
0.5178501605987549
0.6653128266334534
0.6130305528640747
0.7288616299629211
0.6991878747940063
0.5687277317047119
0.6542165875434875
0.522060751914978
0.501980721950531
0.6744587421417236
0.7511579990386963
0.5395848751068115
0.5496989488601685
0.5412675738334656
0.5108293890953064
0.5799664855003357
0.7243939638137817
0.7350317239761353
0.47828882932662964
0.42845210433006287
0.6258900165557861
0.5390937924385071
0.7188175320625305
0.6247143745422363
0.4694007933139801
0.7469241619110107
0.6470162868499756
0.5108463764190674
0.6298724412918091
0.41203773021698
0.7114006876945496
0.6123701333999634
0.6132519245147705
0.4856146275997162
0.7323746681213379
0.6462281942367554
0.4853891134262085
0.5541223883628845
0.5179660320281982
0.5443699359893799
0.6704664826393127
0.3623679280281067
0.5742887258529663
0.406314492225647
0.5782110691070557
0.6257293224334717
0.64388108253479
0.7118642330169678
0.6785831451416016
0.5559639930725098
0.4808554947376251
0.6816176176071167
0.6387693285942078
0.4198581278324127
0.5866962671279907
0.6156665086746216
0.6343478560447693
0.6237101554870605
0.5795636177062988
0.7400960326194763
0.5213437080383301
0.7100969552993774
0.6077785491943359
0.5383228659629822
0.6651409268379211
0.5486755967140198
0.6756324768066406
0.5684288740158081
0.648529589176178
0.7098242044448853
0.6932386755943298
0.6479766368865967
0.802024245262146
0.6076986789703369
0.5437419414520264
0.5327877402305603
0.5587555170059204
0.6015423536300659
0.7388185262680054
0.6547585725784302
0.4148179888725281
0.7443982362747192
0.6253876686096191
0.6765248775482178
0.6612116098403931
0.5149327516555786
0.37759217619895935
0.52227383852005
0.6138592958450317
0.6628430485725403
0.6348439455032349
0.5514544248580933
0.7350271344184875
0.5082700848579407
0.6993176341056824
0.6916432976722717
0.5645989179611206
0.5190480947494507
0.6504048109054565
0.4258997440338135
0.6400792598724365
0.6260424852371216
0.6088482141494751
0.5748744010925293
0.38232094049453735
0.4485589861869812
0.5725968480110168
0.5882525444030762
0.6681228876113892
0.44456595182418823
0.6719293594360352
0.6444526314735413
0.6782342195510864
0.706817626953125
0.6713216304779053
0.6312334537506104
0.5519571304321289
0.7097852826118469
0.7222610712051392
0.7109628915786743
0.6278256177902222
0.5018044710159302
0.5278339982032776
0.38452908396720886
0.7940328121185303
0.4684557020664215
0.7264003157615662
0.5994703769683838
0.5630683898925781
0.7037104964256287
0.5972199440002441
0.5617472529411316
0.7728222608566284
0.5614222288131714
0.6467152237892151
0.5457370281219482
0.6277838349342346
0.508522629737854
0.4481925368309021
0.5030865669250488
0.5382635593414307
0.5387504696846008
0.6927899718284607
0.7015097737312317
0.7106391191482544
0.6129763126373291
0.4918307065963745
0.6075795888900757
0.5125053524971008
0.5639073848724365
0.5335737466812134
0.5529303550720215
0.6997405290603638
0.6225837469100952
0.9214164018630981
0.65375155210495
0.6013614535331726
0.7639031410217285
0.37844082713127136
0.406629741191864
0.603258490562439
0.7322484254837036
0.5706273913383484
0.6564152240753174
0.4940604567527771
0.5773358941078186
0.639193058013916
0.5676454305648804
0.560860276222229
0.7044501304626465
0.6215207576751709
0.5698871612548828
0.8133442997932434
0.5594833493232727
0.618891716003418
0.659870982170105
0.5540425777435303
0.7390404939651489
0.49984651803970337
0.506732702255249
0.587871253490448
0.625664472579956
0.6768913269042969
0.5811688303947449
0.5287693738937378
0.6113691329956055
0.5227988958358765
0.4563714563846588
0.5997115969657898
0.5757954716682434
0.4280019700527191
0.6496552228927612
0.6367059946060181
0.5514477491378784
0.48042160272598267
0.7006545066833496
0.6207616329193115
0.63055419921875
0.5828379392623901
0.6426693201065063
0.5385830402374268
0.6497676372528076
0.5740488171577454
0.5683342218399048
0.4806783199310303
0.45811039209365845
0.7329421043395996
0.47539222240448
0.5613769292831421
0.3972630500793457
0.6555227041244507
0.5863238573074341
0.5158864259719849
0.5371491312980652
0.5602664351463318
0.5056523680686951
0.6409879922866821
0.6567299365997314
0.7998173236846924
0.5168058276176453
0.7000630497932434
0.6186546087265015
0.5774478912353516
0.5322625637054443
0.5211997032165527
0.7379623651504517
0.5292229652404785
0.6954011917114258
0.4708872437477112
0.5279746055603027
0.5830252170562744
0.5084910988807678
0.43520575761795044
0.7014777660369873
0.4498894512653351
0.6695294976234436
0.4778916835784912
0.6531471014022827
0.5896738767623901
0.6241552233695984
0.45352858304977417
0.6637551784515381
0.7373042106628418
0.5737148523330688
0.5642523765563965
0.6764341592788696
0.5943129062652588
0.6383753418922424
0.5428919792175293
0.5727394223213196
0.7330738306045532
0.5637869238853455
0.37743300199508667
0.5633295774459839
0.47356486320495605
0.6912851929664612
0.6153104305267334
0.6452316641807556
0.7189545035362244
0.5150725841522217
0.6934269666671753
0.6287047863006592
0.7706059813499451
0.6193115711212158
0.29805999994277954
0.8096240758895874
0.5474452972412109
0.7490085363388062
0.7146265506744385
0.6125075817108154
0.5421030521392822
0.38444918394088745
0.7463390827178955
0.551608681678772
0.645371675491333
0.5657438039779663
0.7496091723442078
0.8939653635025024
0.6765586733818054
0.631601095199585
0.5583980083465576
0.47045475244522095
0.6617097854614258
0.5784803628921509
0.6555072069168091
0.634524405002594
0.575529932975769
0.6347209811210632
0.6063082814216614
0.5971381664276123
0.5595869421958923
0.5364090204238892
0.6326163411140442
0.48982805013656616
0.6053962111473083
0.6719900369644165
0.6940263509750366
0.5279698371887207
0.6302840709686279
0.6163972020149231
0.5374236106872559
0.6158746480941772
0.5681412220001221
0.6660956144332886
0.4718788266181946
0.5714380741119385
0.6254459619522095
0.5202640891075134
0.48936787247657776
0.6364731788635254
0.6763280034065247
0.5803067684173584
0.6582490801811218
0.5633224248886108
0.7304455637931824
0.65875643491745
0.6306777000427246
0.5326902866363525
0.7309043407440186
0.6001836061477661
0.4335182309150696
0.5969798564910889
0.5444507598876953
0.677360475063324
0.4089270234107971
0.5245797634124756
0.5211104154586792
0.6234221458435059
0.6723964214324951
0.7697924375534058
0.6396788358688354
0.6932064294815063
0.8019224405288696
0.5727837681770325
0.6272332668304443
0.6385632157325745
0.5945997834205627
0.49610912799835205
0.5255718231201172
0.7197015285491943
0.5313738584518433
0.5813922882080078
0.43202537298202515
0.640038788318634
0.6245827674865723
0.6559842824935913
0.6595131158828735
0.6233279705047607
0.5877549648284912
0.6043079495429993
0.45042091608047485
0.6935254335403442
0.4807959198951721
0.42890864610671997
0.6900244355201721
0.7312930226325989
0.5743459463119507
0.5769392848014832
0.7243375778198242
0.5628947019577026
0.6371451020240784
0.6751227378845215
0.6627604961395264
0.6231962442398071
0.5585099458694458
0.7330458164215088
0.48316627740859985
0.5935138463973999
0.79254549741745
0.5388020277023315
0.5218273401260376
0.7682615518569946
0.6393142938613892
0.6512418985366821
0.7215642333030701
0.42101556062698364
0.6809355020523071
0.5785990357398987
0.47798025608062744
0.5125166177749634
0.6886281967163086
0.7149084210395813
0.6922519207000732
0.5024609565734863
0.6450356245040894
0.6165027618408203
0.5089249014854431
0.6582388877868652
0.5204540491104126
0.6461778879165649
0.5986500382423401
0.6239709854125977
0.4487091302871704
0.602332592010498
0.6594027280807495
0.5789740085601807
0.5270439982414246
0.5616693496704102
0.6296453475952148
0.5615260601043701
0.5268643498420715
0.4556001126766205
0.675284743309021
0.5047364234924316
0.4592306613922119
0.6586000323295593
0.654163658618927
0.6490377187728882
0.5967400670051575
0.5919702053070068
0.6546320915222168
0.511146068572998
0.611017107963562
0.7328821420669556
0.7662701606750488
0.6439827084541321
0.6110765337944031
0.6181445121765137
0.723487138748169
0.8415495157241821
0.6175161600112915
0.6917312741279602
0.6670594215393066
0.6695119142532349
0.5006566047668457
0.4038185477256775
0.6362342834472656
0.6231380701065063
0.6015207171440125
0.740409255027771
0.7490148544311523
0.7598179578781128
0.5364551544189453
0.5720592141151428
0.6507112979888916
0.6856821179389954
0.43874403834342957
0.6657617092132568
0.7492981553077698
0.6704289317131042
0.5514549612998962
0.4463551640510559
0.5500738620758057
0.7012178897857666
0.6696667671203613
0.661629319190979
0.6813504695892334
0.6435824632644653
0.6044563055038452
0.4276798665523529
0.531287431716919
0.5470362901687622
0.5618071556091309
0.7335691452026367
0.765177845954895
0.5657541751861572
0.46684709191322327
0.7686216235160828
0.6465326547622681
0.7307053804397583
0.4688432216644287
0.5972981452941895
0.5937834978103638
0.689420223236084
0.6188762187957764
0.5166311264038086
0.723624587059021
0.5094704031944275
0.5779945850372314
0.538446843624115
0.6950275897979736
0.5389182567596436
0.5859017968177795
0.6014286279678345
0.4884827733039856
0.5195087194442749
0.613439679145813
0.6990855932235718
0.8637629151344299
0.632407546043396
0.6324852108955383
0.6745806932449341
0.5283453464508057
0.582042396068573
0.854917049407959
0.6162787675857544
0.632084310054779
0.6950705647468567
0.49112722277641296
0.6847569942474365
0.7018331289291382
0.5552382469177246
0.6523526906967163
0.6077003479003906
0.5371184349060059
0.7050223350524902
0.6301546096801758
0.5659612417221069
0.5732895135879517
0.6334302425384521
0.5620259046554565
0.7719741463661194
0.7659234404563904
0.5581333637237549
0.4406891465187073
0.44043079018592834
0.6587983965873718
0.6257480978965759
0.581830620765686
0.4048316776752472
0.6118365526199341
0.5315563678741455
0.5367007851600647
0.6028974056243896
0.5822988748550415
0.6533347368240356
0.5120985507965088
0.6202740669250488
0.7281757593154907
0.5297772884368896
0.6087442636489868
0.5176175832748413
0.5812163352966309
0.5290436744689941
0.7115688920021057
0.6340508460998535
0.756511926651001
0.5557039976119995
0.6438179016113281
0.6245083808898926
0.6265716552734375
0.633211612701416
0.47910720109939575
0.6299614906311035
0.5477272868156433
0.5242310762405396
0.5397276282310486
0.6168338060379028
0.4537757635116577
0.5906811952590942
0.5246908664703369
0.5266846418380737
0.5476994514465332
0.4514937698841095
0.7176224589347839
0.5909960865974426
0.6570430397987366
0.3700600862503052
0.6827300786972046
0.7087677717208862
0.6090620160102844
0.4910188615322113
0.6791870594024658
0.6171220541000366
0.5927298069000244
0.7092576026916504
0.5415371656417847
0.5938540697097778
0.5663349628448486
0.509039044380188
0.5727705955505371
0.6418323516845703
0.7232224941253662
0.5245102643966675
0.6532322764396667
0.5155245065689087
0.5936262607574463
0.5992782711982727
0.6283701658248901
0.5586998462677002
0.6273219585418701
0.5759629011154175
0.5514476299285889
0.5132236480712891
0.5163527727127075
0.6146658658981323
0.6085286736488342
0.5219694375991821
0.7392895817756653
0.6738022565841675
0.5102065801620483
0.7862961888313293
0.6564692258834839
0.5330370664596558
0.6235802173614502
0.620837926864624
0.5071709752082825
0.5364316701889038
0.5976048707962036
0.7416242361068726
0.4558761715888977
0.6156252026557922
0.6028482913970947
0.6808042526245117
0.6563352346420288
0.5335543155670166
0.5087754726409912
0.5229252576828003
0.5833044052124023
0.8123346567153931
0.48128238320350647
0.5766823887825012
0.6329406499862671
0.5112496614456177
0.5416489839553833
0.6337242722511292
0.532531201839447
0.5237942934036255
0.5766241550445557
0.6131917238235474
0.6346628665924072
0.7388722896575928
0.6730904579162598
0.5093318223953247
0.5860022306442261
0.5311874747276306
0.5964707732200623
0.670513927936554
0.5165561437606812
0.6174180507659912
0.5960198640823364
0.5882536172866821
0.7678879499435425
0.8152236342430115
0.5505285263061523
0.3892936706542969
0.6456154584884644
0.5996094942092896
0.5963922739028931
0.6300350427627563
0.5465400218963623
0.6217828989028931
0.5945836901664734
0.5927783250808716
0.6377139091491699
0.5474876761436462
0.5164803266525269
0.6027833819389343
0.6007053852081299
0.6343743801116943
0.5994735360145569
0.7428857088088989
0.5192334055900574
0.4655987024307251
0.7220046520233154
0.6431683301925659
0.7334640026092529
0.5484984517097473
0.6352365016937256
0.6389518976211548
0.4270497262477875
0.5492135286331177
0.7701160907745361
0.6403934955596924
0.3487708270549774
0.576866626739502
0.6694028377532959
0.5328080058097839
0.6890385150909424
0.6960729360580444
0.5229862928390503
0.5297637581825256
0.4672319293022156
0.6162471771240234
0.45886197686195374
0.5513063073158264
0.4786530137062073
0.5598307847976685
0.612544596195221
0.637642502784729
0.7393984794616699
0.6925514340400696
0.48787569999694824
0.6011831164360046
0.5628279447555542
0.5509759187698364
0.5898251533508301
0.5978724956512451
0.5381456613540649
0.4978269934654236
0.6138066053390503
0.6367237567901611
0.6428781747817993
0.6516350507736206
0.47660133242607117
0.5106867551803589
0.5362182855606079
0.8017532229423523
0.7011739015579224
0.5178287029266357
0.6198227405548096
0.557465136051178
0.4822050631046295
0.5980063080787659
0.5750440359115601
0.49533846974372864
0.4154001474380493
0.6617611646652222
0.7856848239898682
0.5965007543563843
0.7837901711463928
0.6137259006500244
0.5117621421813965
0.5765448808670044
0.5544459819793701
0.5438934564590454
0.5534200072288513
0.5481339693069458
0.6190932989120483
0.5906341075897217
0.6074600219726562
0.5176792144775391
0.5352683067321777
0.4651726484298706
0.6206534504890442
0.4322003126144409
0.5934818983078003
0.5274959802627563
0.5184692740440369
0.5728912353515625
0.41839349269866943
0.6895252466201782
0.39661046862602234
0.7014230489730835
0.5512388944625854
0.48893624544143677
0.6025612354278564
0.6572567224502563
0.6087104082107544
0.7221298217773438
0.6295403242111206
0.5774644613265991
0.5846076011657715
0.49139249324798584
0.7457324266433716
0.6785738468170166
0.710027277469635
0.6176682710647583
0.5704604387283325
0.6216272115707397
0.5441410541534424
0.6529156565666199
0.45144543051719666
0.6545042395591736
0.7567890882492065
0.8350157141685486
0.577928364276886
0.6161792278289795
0.5147764682769775
0.6287899017333984
0.6495411396026611
0.6662344932556152
0.4937402009963989
0.7677202224731445
0.7745509147644043
0.6180609464645386
0.46307286620140076
0.7228686809539795
0.7144395709037781
0.7499786615371704
0.5788518190383911
0.5146362781524658
0.6983464956283569
0.50385582447052
0.45686352252960205
0.4795089066028595
0.5726127624511719
0.4276556968688965
0.686536967754364
0.4871618151664734
0.6862353086471558
0.4843188524246216
0.40648752450942993
0.4616377353668213
0.5353784561157227
0.6433850526809692
0.5078988075256348
0.6067774295806885
0.7431764006614685
0.587714433670044
0.5564388036727905
0.5838556289672852
0.6464514136314392
0.5806575417518616
0.46274375915527344
0.4644160866737366
0.6244342923164368
0.7198450565338135
0.5789573788642883
0.5843244791030884
0.329825222492218
0.7008339166641235
0.5156242251396179
0.5386924743652344
0.6702865362167358
0.5848343968391418
0.5466458201408386
0.509697437286377
0.6044366955757141
0.6003198623657227
0.5757258534431458
0.6241762042045593
0.5858911871910095
0.5929476022720337
0.7764368653297424
0.6659803986549377
0.7102341651916504
0.5938424468040466
0.7020168304443359
0.6817348003387451
0.7709226608276367
0.7778178453445435
0.722442090511322
0.5924627780914307
0.679736852645874
0.690510630607605
0.5537148714065552
0.590181827545166
0.5650283098220825
0.614311695098877
0.41550129652023315
0.6400727033615112
0.5431979298591614
0.6558009386062622
0.5083856582641602
0.6656378507614136
0.4377043843269348
0.6572027206420898
0.5558615922927856
0.7446465492248535
0.7421526908874512
0.6279841661453247
0.4496530294418335
0.6382958292961121
0.7774845361709595
0.5222516059875488
0.6987649202346802
0.6205642223358154
0.5042437314987183
0.6470279097557068
0.5464469194412231
0.5495165586471558
0.7315177917480469
0.5373218059539795
0.6077196598052979
0.675957202911377
0.5740889310836792
0.5380426645278931
0.5232323408126831
0.5981714725494385
0.3924928307533264
0.5865768194198608
0.5537089109420776
0.6370197534561157
0.8391740322113037
0.6167935132980347
0.5921729803085327
0.7147283554077148
0.624792218208313
0.4665883481502533
0.5739094018936157
0.7351045608520508
0.6325113773345947
0.5952893495559692
0.643266499042511
0.5964548587799072
0.6312751770019531
0.6445277333259583
0.4801797866821289
0.5978267788887024
0.7620823979377747
0.6084970831871033
0.7379589080810547
0.6850943565368652
0.6841269731521606
0.5650416016578674
0.5762304067611694
0.749545693397522
0.6201473474502563
0.5940908193588257
0.460836797952652
0.6025258898735046
0.5114071369171143
0.6997398138046265
0.4902755618095398
0.6525102853775024
0.6289522647857666
0.5851426124572754
0.5638517141342163
0.3622584939002991
0.5007040500640869
0.5749540328979492
0.6433888673782349
0.6378492116928101
0.5083207488059998
0.5383373498916626
0.49440696835517883
0.6602164506912231
0.4971783459186554
0.4940294921398163
0.7640264630317688
0.5610406994819641
0.5697576999664307
0.48127350211143494
0.6708105802536011
0.6583627462387085
0.5471325516700745
0.5690028667449951
0.6700630187988281
0.4832490384578705
0.6273720264434814
0.6466432213783264
0.5690149068832397
0.7051922678947449
0.5745871067047119
0.650123655796051
0.5175347328186035
0.573542058467865
0.6592626571655273
0.552739143371582
0.5564305782318115
0.46582698822021484
0.518147349357605
0.4763472080230713
0.5210500955581665
0.6692301034927368
0.7044771909713745
0.49149778485298157
0.6077197790145874
0.6989160776138306
0.7596476078033447
0.6813854575157166
0.3953653573989868
0.5852988958358765
0.5859668254852295
0.6539286375045776
0.620602011680603
0.5514237880706787
0.5214155316352844
0.5019665956497192
0.6322904825210571
0.535050630569458
0.6659098863601685
0.48203277587890625
0.6207144260406494
0.5588952898979187
0.6650543212890625
0.6239584684371948
0.6540975570678711
0.7180122137069702
0.6765173077583313
0.6796529293060303
0.6465035676956177
0.4693993926048279
0.5530484914779663
0.7775349617004395
0.5997198224067688
0.5572125911712646
0.5044965744018555
0.4668220579624176
0.5603362321853638
0.7412916421890259
0.5606234073638916
0.6423326134681702
0.7219846248626709
0.8206474781036377
0.7172027826309204
0.6600229740142822
0.6504309773445129
0.7296665906906128
0.5037652850151062
0.5010073184967041
0.5625754594802856
0.5776119232177734
0.597213625907898
0.5576750040054321
0.700289785861969
0.5834181308746338
0.7474260926246643
0.7034977674484253
0.662139892578125
0.48644739389419556
0.6652095317840576
0.5935922861099243
0.5160402655601501
0.6770495176315308
0.6558434367179871
0.626676082611084
0.7033723592758179
0.6978894472122192
0.5675584077835083
0.5922399759292603
0.6150445938110352
0.5516098141670227
0.4670349955558777
0.71544349193573
0.7162880301475525
0.5095772743225098
0.4376499652862549
0.7047675848007202
0.5344125032424927
0.4294084906578064
0.6367313861846924
0.5873638391494751
0.43049708008766174
0.5823033452033997
0.5965179204940796
0.6659455299377441
0.474015474319458
0.6121439933776855
0.6350508332252502
0.6629597544670105
0.679275393486023
0.6078620553016663
0.5194956660270691
0.564262330532074
0.6405861377716064
0.6854418516159058
0.6757628917694092
0.5978188514709473
0.6629213094711304
0.6512662172317505
0.5473229885101318
0.7652066946029663
0.606909453868866
0.46573305130004883
0.6811679005622864
0.4468541741371155
0.5944023728370667
0.6087366938591003
0.6599004864692688
0.5166934728622437
0.5751889944076538
0.46711868047714233
0.579866886138916
0.505517840385437
0.7530351281166077
0.6135067343711853
0.4620552062988281
0.6712734699249268
0.44023337960243225
0.6092643141746521
0.5743182897567749
0.7603495121002197
0.6346335411071777
0.7151153683662415
0.8566083908081055
0.6355507373809814
0.6344213485717773
0.6180816888809204
0.4880073070526123
0.33686983585357666
0.524722158908844
0.7521988153457642
0.6324666738510132
0.6831415295600891
0.6668210029602051
0.5855600833892822
0.6680558919906616
0.7082720398902893
0.5967434644699097
0.5915120244026184
0.4327731728553772
0.4926512837409973
0.5980367660522461
0.6093199849128723
0.6468491554260254
0.5763945579528809
0.7107714414596558
0.6074180006980896
0.5108147859573364
0.5095819234848022
0.5782772302627563
0.48782020807266235
0.2434931844472885
0.47998344898223877
0.6570929288864136
0.6467930674552917
0.5450608730316162
0.6566239595413208
0.5194028615951538
0.570279598236084
0.6324503421783447
0.6116058826446533
0.756231427192688
0.5391695499420166
0.5883623957633972
0.49315446615219116
0.5097314119338989
0.4896164536476135
0.6461200714111328
0.6239597797393799
0.5621487498283386
0.578260064125061
0.6153249740600586
0.6665937900543213
0.6928561925888062
0.6908549070358276
0.7523194551467896
0.5692600607872009
0.5393401384353638
0.44498729705810547
0.7056595683097839
0.7005277872085571
0.5502981543540955
0.46270036697387695
0.5315511226654053
0.6121660470962524
0.6850152015686035
0.6520893573760986
0.44831252098083496
0.6443940997123718
0.6986249685287476
0.6407428979873657
0.6278576850891113
0.5583878755569458
0.5400151014328003
0.5122441649436951
0.44263866543769836
0.6694051027297974
0.5973687171936035
0.7351315021514893
0.5105354189872742
0.5665487051010132
0.43369346857070923
0.4964275658130646
0.6676933169364929
0.6833622455596924
0.41660842299461365
0.5667506456375122
0.798405647277832
0.5457907319068909
0.5351583957672119
0.6149081587791443
0.3572937846183777
0.48759177327156067
0.5633974671363831
0.6806552410125732
0.5980875492095947
0.6915208101272583
0.5743352174758911
0.5456400513648987
0.6986982822418213
0.8830999135971069
0.6121948957443237
0.6556538343429565
0.7626529335975647
0.6547125577926636
0.6002908945083618
0.6700639724731445
0.6280176639556885
0.3596729040145874
0.5891950130462646
0.5861278176307678
0.44941964745521545
0.7040746212005615
0.43194207549095154
0.7213284969329834
0.33149203658103943
0.5905621647834778
0.5659506916999817
0.4774628281593323
0.6733249425888062
0.5655382871627808
0.6672219038009644
0.502274215221405
0.8197222948074341
0.6940904259681702
0.5455600023269653
0.7122819423675537
0.6935677528381348
0.5633074045181274
0.7337695360183716
0.6009970903396606
0.7112002372741699
0.6536060571670532
0.4610522985458374
0.5969420671463013
0.6738170981407166
0.7088806629180908
0.6681082248687744
0.6718147397041321
0.6380677223205566
0.464591383934021
0.45586222410202026
0.5187411904335022
0.5235449075698853
0.6054248809814453
0.6519155502319336
0.5844020843505859
0.6728686690330505
0.6865347027778625
0.5426174998283386
0.7047637104988098
0.5382587909698486
0.5856137871742249
0.5679357051849365
0.640279233455658
0.7308744192123413
0.6359646320343018
0.43347474932670593
0.7032572031021118
0.6096590757369995
0.6854447722434998
0.7925004363059998
0.6664060354232788
0.5964012145996094
0.5190703868865967
0.6362979412078857
0.626242995262146
0.7083930969238281
0.8144659996032715
0.7381327152252197
0.6022894382476807
0.6417571306228638
0.49239420890808105
0.587578535079956
0.6648373603820801
0.5683118104934692
0.576095461845398
0.5164501667022705
0.5594120025634766
0.45072847604751587
0.5682210922241211
0.6962236762046814
0.48726963996887207
0.68658447265625
0.48325300216674805
0.6830188035964966
0.6858423352241516
0.6507983207702637
0.4815777540206909
0.675555408000946
0.4762008488178253
0.7835477590560913
0.6966961026191711
0.6011959314346313
0.5739712715148926
0.533686637878418
0.5958621501922607
0.6826951503753662
0.5692621469497681
0.6799471378326416
0.6203924417495728
0.5534583330154419
0.5076165795326233
0.6486103534698486
0.5419698357582092
0.651368260383606
0.6089651584625244
0.6225160360336304
0.6387178301811218
0.5355144739151001
0.5798602104187012
0.5677372217178345
0.5534849762916565
0.7866041660308838
0.8286228179931641
0.49898624420166016
0.6304845809936523
0.6095987558364868
0.6268160343170166
0.6316269040107727
0.47709333896636963
0.660089373588562
0.6389058828353882
0.5000869631767273
0.5683836936950684
0.5656722784042358
0.4683281183242798
0.5479545593261719
0.5965858101844788
0.6204342842102051
0.5463049411773682
0.5902892351150513
0.588388204574585
0.6543267965316772
0.5933451652526855
0.43576502799987793
0.670960545539856
0.6254332065582275
0.5426559448242188
0.6718744039535522
0.49104201793670654
0.6157727241516113
0.5886212587356567
0.5974109172821045
0.6697789430618286
0.530919075012207
0.382399320602417
0.4338931441307068
0.5966199040412903
0.5946235656738281
0.7080484628677368
0.4340885877609253
0.6573196649551392
0.4377981424331665
0.6601075530052185
0.5505427122116089
0.6015267968177795
0.6854912042617798
0.6177079081535339
0.5135747194290161
0.7180890440940857
0.7778157591819763
0.6818900108337402
0.6194034814834595
0.8055578470230103
0.6205728054046631
0.6470234394073486
0.5982755422592163
0.5856423377990723
0.5945154428482056
0.5980159044265747
0.503881573677063
0.652802586555481
0.5312895178794861
0.7196493744850159
0.6655184030532837
0.6130569577217102
0.5583903789520264
0.6068130731582642
0.6289194822311401
0.569968581199646
0.6625982522964478
0.5972773432731628
0.6424233913421631
0.6080344915390015
0.581122875213623
0.6106231212615967
0.6076720952987671
0.38807451725006104
0.7327519655227661
0.5221192836761475
0.7092447876930237
0.7030007839202881
0.48260927200317383
0.6147962808609009
0.5653958916664124
0.4571850001811981
0.33978915214538574
0.7484438419342041
0.7437760829925537
0.627799391746521
0.15187567472457886
0.7557740807533264
0.588991641998291
0.6095790266990662
0.710590124130249
0.28555065393447876
0.5397040843963623
0.5777014493942261
0.7218734622001648
0.4237561821937561
0.7511550188064575
0.6842018961906433
0.5784884691238403
0.7050497531890869
0.5535213351249695
0.8179200291633606
0.6531423330307007
0.6781384944915771
0.5462584495544434
0.3840235769748688
0.8334834575653076
0.6804507374763489
0.5571659207344055
0.7324109077453613
0.3983376920223236
0.6629308462142944
0.7155860066413879
0.6153299808502197
0.5432672500610352
0.6103105545043945
0.7953729033470154
0.6440438032150269
0.5773317217826843
0.5592641830444336
0.7160755395889282
0.6119912266731262
0.6081110239028931
0.7581979036331177
0.6314601898193359
0.47392958402633667
0.49222731590270996
0.5749208331108093
0.6361202001571655
0.7722218632698059
0.4877155125141144
0.43056485056877136
0.5494195222854614
0.5314461588859558
0.4324203133583069
0.6425607204437256
0.5647112131118774
0.6323276162147522
0.702602744102478
0.6523174047470093
0.5248881578445435
0.6291210651397705
0.7131930589675903
0.6410607099533081
0.7329658269882202
0.4168044924736023
0.6558054685592651
0.483736127614975
0.7442002296447754
0.6821436882019043
0.5065304040908813
0.4826388955116272
0.49090397357940674
0.7708498239517212
0.6766168475151062
0.6692264080047607
0.44396957755088806
0.6836494207382202
0.7635372877120972
0.29716619849205017
0.6536819934844971
0.6054874658584595
0.6165438890457153
0.5836788415908813
0.6629705429077148
0.6208846569061279
0.40186020731925964
0.4248371422290802
0.5490207672119141
0.7342498898506165
0.6492711901664734
0.4680434465408325
0.5432568192481995
0.7865920066833496
0.6741123199462891
0.536465048789978
0.48186445236206055
0.6272904872894287
0.5732243657112122
0.7070844173431396
0.7009795308113098
0.6392557621002197
0.5995044112205505
0.48704689741134644
0.5654448866844177
0.7070155143737793
0.631375789642334
0.5358272790908813
0.5133424401283264
0.8469226360321045
0.6330127716064453
0.6789660453796387
0.5316680669784546
0.728785514831543
0.8036423325538635
0.6259580850601196
0.5675986409187317
0.6389011144638062
0.6228216886520386
0.5323648452758789
0.6112796664237976
0.715126633644104
0.6129383444786072
0.4064268469810486
0.5626480579376221
0.46256619691848755
0.582239031791687
0.6268596649169922
0.5332759618759155
0.6165397763252258
0.4690653681755066
0.6558324694633484
0.5638287663459778
0.5837196707725525
0.7301440238952637
0.6860015392303467
0.39807942509651184
0.4146171510219574
0.46650588512420654
0.6150696873664856
0.537610650062561
0.6280809044837952
0.7493119239807129
0.5596503019332886
0.6034035086631775
0.6747775077819824
0.7296867370605469
0.46701914072036743
0.6532418727874756
0.5503455400466919
0.5914044380187988
0.7508514523506165
0.7110766172409058
0.6848209500312805
0.8067734241485596
0.5396416187286377
0.5992231369018555
0.5850756168365479
0.5791036486625671
0.6299049854278564
0.5524899959564209
0.6345740556716919
0.4882410168647766
0.6268419623374939
0.7598942518234253
0.6324528455734253
0.6113741397857666
0.5637166500091553
0.6905845403671265
0.6697272062301636
0.7344693541526794
0.655198335647583
0.6716911792755127
0.6398119330406189
0.6354751586914062
0.6050453782081604
0.5423850417137146
0.5676141977310181
0.6791666746139526
0.5344300270080566
0.6003305912017822
0.6038309335708618
0.5840843915939331
0.9160118103027344
0.5280156135559082
0.5453758835792542
0.677646279335022
0.575505256652832
0.402974396944046
0.5305023193359375
0.6582556962966919
0.6802490949630737
0.5978302359580994
0.4865495562553406
0.6202649474143982
0.5941469669342041
0.6620660424232483
0.4121739864349365
0.47541213035583496
0.5922479033470154
0.7102349996566772
0.5049732327461243
0.6592193841934204
0.5682260990142822
0.48039770126342773
0.6756771802902222
0.5158826112747192
0.9405392408370972
0.47574350237846375
0.5075657367706299
0.6666784286499023
0.6576653718948364
0.7442045211791992
0.5068193078041077
0.7679698467254639
0.6405067443847656
0.5568242073059082
0.5591685175895691
0.5877041816711426
0.503113865852356
0.4973949193954468
0.7156784534454346
0.5892560482025146
0.532204270362854
0.6944136619567871
0.6554173231124878
0.5759066939353943
0.5444372296333313
0.5930396318435669
0.649082601070404
0.5124589800834656
0.6276434659957886
0.544811487197876
0.7184187173843384
0.7673579454421997
0.5957772731781006
0.6139928698539734
0.4067949056625366
0.6916602849960327
0.4624282419681549
0.4125138521194458
0.6640551090240479
0.6521396040916443
0.4402138292789459
0.4768761098384857
0.6142643094062805
0.5579395294189453
0.6005643606185913
0.49402257800102234
0.6599820256233215
0.42305997014045715
0.556641697883606
0.49540042877197266
0.6475308537483215
0.5130802989006042
0.4779948890209198
0.8948308825492859
0.44400811195373535
0.5867708921432495
0.5586893558502197
0.628280758857727
0.5099180936813354
0.475727379322052
0.5494235157966614
0.7470299005508423
0.6441207528114319
0.6112819314002991
0.4734798073768616
0.5663299560546875
0.8298527002334595
0.5095310211181641
0.6743568181991577
0.6396583914756775
0.5922995805740356
0.5428764820098877
0.6307371854782104
0.5155668258666992
0.6581099033355713
0.5647189617156982
0.6591432094573975
0.5873310565948486
0.5814034938812256
0.5019215941429138
0.6462814807891846
0.6553575992584229
0.47874385118484497
0.600192666053772
0.49532338976860046
0.5611257553100586
0.629020631313324
0.6613229513168335
0.7226966619491577
0.658785343170166
0.6726630926132202
0.5379071235656738
0.7515755891799927
0.6369866132736206
0.5838829874992371
0.5479861497879028
0.536338210105896
0.759208083152771
0.5712933540344238
0.6696287393569946
0.7293839454650879
0.5480477809906006
0.546349823474884
0.7046363353729248
0.7445626258850098
0.5714771747589111
0.6150724291801453
0.5301212072372437
0.6779099106788635
0.5922641754150391
0.48535871505737305
0.8180520534515381
0.6075424551963806
0.6682591438293457
0.7162981033325195
0.7698209285736084
0.47428828477859497
0.5111998319625854
0.6747050881385803
0.706032395362854
0.7347573041915894
0.6078220009803772
0.49888914823532104
0.6917822360992432
0.6092526912689209
0.46849754452705383
0.4656330645084381
0.7336239814758301
0.6398658752441406
0.5245803594589233
0.4055684506893158
0.5016883611679077
0.5850890874862671
0.6803368330001831
0.5894205570220947
0.6592563390731812
0.778720498085022
0.47967517375946045
0.5792691707611084
0.7075333595275879
0.5896365642547607
0.6640206575393677
0.6482855081558228
0.5508229732513428
0.6982600092887878
0.7305793762207031
0.6523627042770386
0.7567343711853027
0.6678189039230347
0.5532123446464539
0.5182192921638489
0.4574456810951233
0.5700482726097107
0.5809848308563232
0.5420540571212769
0.5726152062416077
0.5109684467315674
0.7140132188796997
0.7383021116256714
0.5942877531051636
0.39310377836227417
0.7022792100906372
0.77864670753479
0.7116479277610779
0.7617254257202148
0.574700117111206
0.603324294090271
0.6959145069122314
0.6737708449363708
0.4114728569984436
0.5416897535324097
0.5338711142539978
0.6244163513183594
0.7705643773078918
0.4329720735549927
0.49181538820266724
0.7438153028488159
0.6020109057426453
0.6947051286697388
0.7334915399551392
0.59569251537323
0.6272484064102173
0.395180344581604
0.818519115447998
0.4059387147426605
0.5143537521362305
0.6503479480743408
0.413370817899704
0.316098690032959
0.5394093990325928
0.6144474148750305
0.6328893899917603
0.45859581232070923
0.7709681391716003
0.5731104612350464
0.6812808513641357
0.5902842283248901
0.6373933553695679
0.5955015420913696
0.5049846172332764
0.5282424688339233
0.690392017364502
0.5155132412910461
0.5255758762359619
0.7900245785713196
0.5958365201950073
0.6481205224990845
0.6380545496940613
0.571662962436676
0.540022611618042
0.7203992605209351
0.6726689338684082
0.7208638191223145
0.5872153639793396
0.4372677206993103
0.7709959745407104
0.6984150409698486
0.6751656532287598
0.5018404722213745
0.5727429389953613
0.494396448135376
0.6487898826599121
0.45493215322494507
0.6621620655059814
0.5599467158317566
0.69642573595047
0.520960807800293
0.7504734396934509
0.6075393557548523
0.4726315140724182
0.6956035494804382
0.5615782737731934
0.5014094114303589
0.47046947479248047
0.6639441251754761
0.7658640146255493
0.5685411691665649
0.43756788969039917
0.724669337272644
0.395869642496109
0.4791087508201599
0.47338080406188965
0.5803155899047852
0.6107271909713745
0.5125806927680969
0.49814561009407043
0.5893153548240662
0.5469235181808472
0.6389764547348022
0.6805280447006226
0.57267165184021
0.6364457607269287
0.5213086009025574
0.500313937664032
0.6951132416725159
0.5968070030212402
0.6100512742996216
0.6609865427017212
0.40175706148147583
0.5035699605941772
0.5920778512954712
0.5933844447135925
0.5814602375030518
0.39075103402137756
0.46344369649887085
0.547083854675293
0.743040919303894
0.5284556746482849
0.6166349649429321
0.5522826910018921
0.6475808620452881
0.5473955273628235
0.5796729326248169
0.726059079170227
0.529268741607666
0.5129674077033997
0.3868141174316406
0.4815426170825958
0.5497040152549744
0.4965679943561554
0.565924882888794
0.5143558979034424
0.5110481977462769
0.6278290748596191
0.6358646154403687
0.7557536363601685
0.6427739858627319
0.7930859327316284
0.5914597511291504
0.5368351936340332
0.6669751405715942
0.6138074398040771
0.587386965751648
0.6380554437637329
0.7881790399551392
0.5343355536460876
0.5304330587387085
0.5143807530403137
0.5816286206245422
0.5567066073417664
0.8105807304382324
0.5896041393280029
0.7106006741523743
0.7766413688659668
0.5736926794052124
0.6057647466659546
0.7229070663452148
0.5247759222984314
0.523113489151001
0.7083553671836853
0.6597216129302979
0.6440484523773193
0.6295228004455566
0.7054558992385864
0.7813063263893127
0.551883339881897
0.5703399181365967
0.4145160913467407
0.4673895239830017
0.6591289639472961
0.516891598701477
0.4630614221096039
0.3648613691329956
0.4771707057952881
0.6026015877723694
0.6101263165473938
0.6236902475357056
0.4382716715335846
0.4645687937736511
0.5830104351043701
0.6234859228134155
0.6809204816818237
0.6092057228088379
0.5613350868225098
0.41695380210876465
0.503544807434082
0.6428539752960205
0.5531635284423828
0.6675046682357788
0.5973157286643982
0.6858881711959839
0.6777228116989136
0.677669882774353
0.679970383644104
0.7514514923095703
0.5920702219009399
0.605107843875885
0.5286521911621094
0.7616750001907349
0.6352462768554688
0.5088901519775391
0.5817580223083496
0.47503066062927246
0.6298741102218628
0.6094961166381836
0.6511775255203247
0.5760151147842407
0.5222151279449463
0.7001755237579346
0.6477247476577759
0.5431517958641052
0.5524259805679321
0.573301374912262
0.6439527273178101
0.642425537109375
0.6294339299201965
0.6774725914001465
0.5319267511367798
0.5633415579795837
0.5408082604408264
0.6576484441757202
0.5820555686950684
0.7690310478210449
0.5657114386558533
0.7710795402526855
0.5637562274932861
0.73853600025177
0.48565301299095154
0.6692191362380981
0.8065335154533386
0.5134791731834412
0.5857455730438232
0.6060267090797424
0.3232351243495941
0.6959820985794067
0.6522235870361328
0.6457556486129761
0.5964261293411255
0.5785195231437683
0.6168667078018188
0.5970582962036133
0.7547101378440857
0.6757442951202393
0.7668545842170715
0.5776286125183105
0.5833597183227539
0.5608055591583252
0.5835216045379639
0.6479263305664062
0.559809148311615
0.6339852809906006
0.6349987387657166
0.5954198837280273
0.663861870765686
0.5907791256904602
0.49092769622802734
0.5128196477890015
0.6875051259994507
0.5411731004714966
0.7171511054039001
0.5326712727546692
0.5142408013343811
0.6631485223770142
0.7301692962646484
0.6484763026237488
0.5971215963363647
0.5231111645698547
0.545730710029602
0.6250053644180298
0.7778132557868958
0.408691942691803
0.42710334062576294
0.686282753944397
0.5269677042961121
0.513625979423523
0.527719259262085
0.582444429397583
0.5520642399787903
0.7612640857696533
0.6023034453392029
0.5491670966148376
0.6461190581321716
0.5235406160354614
0.6856746673583984
0.7119708061218262
0.632839560508728
0.532806932926178
0.6630580425262451
0.6860450506210327
0.5908950567245483
0.7392984628677368
0.6227058172225952
0.5364447832107544
0.639630913734436
0.6917368173599243
0.5755255818367004
0.7822995185852051
0.5637096166610718
0.6806283593177795
0.5224723815917969
0.7068362236022949
0.6485731601715088
0.5899496078491211
0.5433579683303833
0.5500718951225281
0.5478346347808838
0.521540641784668
0.4579092264175415
0.6952253580093384
0.532690703868866
0.5360209941864014
0.640479326248169
0.49218833446502686
0.5958917140960693
0.6130255460739136
0.6874977350234985
0.7019579410552979
0.6699097156524658
0.3658645749092102
0.2810118794441223
0.7459907531738281
0.5947296023368835
0.6881988048553467
0.6418027877807617
0.5948136448860168
0.3889961242675781
0.7450408935546875
0.6434983015060425
0.6585391759872437
0.5235061645507812
0.5680937767028809
0.6540130972862244
0.6376194953918457
0.46691885590553284
0.49349385499954224
0.6426829099655151
0.5751774907112122
0.5226837396621704
0.578460693359375
0.528870165348053
0.6815435886383057
0.6665654182434082
0.6975513696670532
0.46955549716949463
0.6406487226486206
0.4278242588043213
0.4572555422782898
0.5828284025192261
0.5737947225570679
0.5680646300315857
0.8370361328125
0.536855936050415
0.518783450126648
0.6977825164794922
0.7600283026695251
0.6568021774291992
0.677506148815155
0.7474972009658813
0.5485643148422241
0.6046721935272217
0.7284622192382812
0.40125104784965515
0.6576720476150513
0.52665114402771
0.4447755217552185
0.6914738416671753
0.581424355506897
0.5201889276504517
0.6169116497039795
0.5351182222366333
0.6513657569885254
0.5905076265335083
0.6441287398338318
0.5987412333488464
0.3942614197731018
0.5715420246124268
0.6331737041473389
0.7191306948661804
0.727767825126648
0.6658003330230713
0.6745754480361938
0.6367520689964294
0.6466192007064819
0.7591269016265869
0.6857281923294067
0.5543140172958374
0.41902488470077515
0.6267386078834534
0.7203418016433716
0.5269792079925537
0.6611330509185791
0.5973911881446838
0.582282543182373
0.6077522039413452
0.744691014289856
0.3387621343135834
0.7053322196006775
0.5862410068511963
0.751509428024292
0.5192388296127319
0.4439035654067993
0.6671845316886902
0.655224621295929
0.8241373896598816
0.7056500315666199
0.5666904449462891
0.6940017342567444
0.6668835878372192
0.6649059057235718
0.6413004398345947
0.6535771489143372
0.7501997947692871
0.448577344417572
0.3608289361000061
0.7560732364654541
0.6313772201538086
0.6688940525054932
0.540250301361084
0.648699939250946
0.5932400226593018
0.5507832765579224
0.43152350187301636
0.6698185205459595
0.5880924463272095
0.6592109799385071
0.3752378523349762
0.5358440279960632
0.585857629776001
0.5260798931121826
0.6907944679260254
0.7085691094398499
0.440460205078125
0.5284211039543152
0.6496925354003906
0.5568302273750305
0.6804317235946655
0.568335771560669
0.5256731510162354
0.4993206858634949
0.6060957908630371
0.5151766538619995
0.5502784252166748
0.6147940158843994
0.46712440252304077
0.5935064554214478
0.5378766655921936
0.5626294612884521
0.4754643440246582
0.6060484647750854
0.6929863691329956
0.5936211347579956
0.7493449449539185
0.6520198583602905
0.6655381917953491
0.6881811022758484
0.7002935409545898
0.505600094795227
0.8120230436325073
0.5427669286727905
0.7118313312530518
0.5798565745353699
0.5464997291564941
0.5143523812294006
0.46708571910858154
0.6177178621292114
0.6572068929672241
0.49725013971328735
0.4851745069026947
0.6284749507904053
0.6658831238746643
0.5154057145118713
0.7510124444961548
0.6119430065155029
0.6554160118103027
0.6474360227584839
0.6324656009674072
0.5821713805198669
0.5385833978652954
0.7309019565582275
0.7577992677688599
0.6899880170822144
0.5372334718704224
0.42103707790374756
0.762009859085083
0.7061167359352112
0.5571928024291992
0.5971537232398987
0.6406275033950806
0.4734302759170532
0.5526825189590454
0.49590539932250977
0.7049068212509155
0.6338196992874146
0.45989203453063965
0.6178003549575806
0.5316687822341919
0.6105818152427673
0.5599962472915649
0.5116648077964783
0.5623706579208374
0.6080603003501892
0.5613477230072021
0.6338092088699341
0.5873317718505859
0.6895343661308289
0.535556972026825
0.6674211025238037
0.5613968372344971
0.6604251861572266
0.7044563293457031
0.5838853120803833
0.7419425249099731
0.5468801259994507
0.5738345384597778
0.7343353629112244
0.6003820896148682
0.6430228352546692
0.6082427501678467
0.7659477591514587
0.7027788758277893
0.488046258687973
0.666348934173584
0.5236498117446899
0.8340415358543396
0.6385667324066162
0.6629931330680847
0.5306988954544067
0.613609254360199
0.5367705821990967
0.6415454149246216
0.5780496597290039
0.6075574159622192
0.7032004594802856
0.5347765684127808
0.6706975698471069
0.5703632831573486
0.6686928272247314
0.5349907875061035
0.5048812627792358
0.6233273148536682
0.4769926369190216
0.4917774200439453
0.5257309079170227
0.5464903116226196
0.6401036977767944
0.5733910799026489
0.7054406404495239
0.677091658115387
0.5237250328063965
0.5928499698638916
0.665285587310791
0.5373778343200684
0.6843358874320984
0.6258647441864014
0.6038529872894287
0.6790405511856079
0.7684370875358582
0.5094059705734253
0.6236002445220947
0.5736912488937378
0.4931711256504059
0.7251545786857605
0.5997090339660645
0.5550369024276733
0.6626909971237183
0.5384700298309326
0.554679274559021
0.8471378684043884
0.6715797185897827
0.7174755334854126
0.7102364301681519
0.4896174669265747
0.5588633418083191
0.5922366380691528
0.5708048939704895
0.6014710068702698
0.45993858575820923
0.6119029521942139
0.4644608497619629
0.6096205711364746
0.6412367224693298
0.6555013656616211
0.6002503633499146
0.6173008680343628
0.6145036220550537
0.5736267566680908
0.43675366044044495
0.6776722073554993
0.5940302610397339
0.5502680540084839
0.6256730556488037
0.7256317734718323
0.7556870579719543
0.5395748019218445
0.5901156663894653
0.6084359884262085
0.4911133646965027
0.46371591091156006
0.6140350103378296
0.5584633350372314
0.8206465244293213
0.5768283605575562
0.6558985710144043
0.6425213813781738
0.44272515177726746
0.5574065446853638
0.5471476912498474
0.7896226048469543
0.6901787519454956
0.6093406677246094
0.7532579898834229
0.5227398872375488
0.5235729813575745
0.5736739635467529
0.5423709154129028
0.51008141040802
0.5964964628219604
0.8335907459259033
0.641991376876831
0.6333153247833252
0.6902143955230713
0.7757598161697388
0.6851541996002197
0.6273272037506104
0.5921429395675659
0.5581930875778198
0.7407503128051758
0.6206817626953125
0.5727366209030151
0.6803115606307983
0.5807698965072632
0.8239654302597046
0.5040684938430786
0.3036218583583832
0.633857011795044
0.5557876229286194
0.6364421844482422
0.6780619621276855
0.4243769943714142
0.6488946080207825
0.4953266978263855
0.6960084438323975
0.626907229423523
0.682759702205658
0.7026806473731995
0.5894342064857483
0.42518237233161926
0.6473878622055054
0.4645605683326721
0.5113489627838135
0.651526689529419
0.8143129348754883
0.5690356492996216
0.7654596567153931
0.6713755130767822
0.5705387592315674
0.6323213577270508
0.635704517364502
0.5630723237991333
0.6401563882827759
0.5402540564537048
0.784359335899353
0.5898609161376953
0.5284371376037598
0.6274375915527344
0.5638103485107422
0.7471799850463867
0.5995570421218872
0.6181521415710449
0.4205910563468933
0.7035850882530212
0.6839038133621216
0.6144886016845703
0.5453583002090454
0.6089277863502502
0.5433536767959595
0.648942768573761
0.5651030540466309
0.5783553719520569
0.5488243103027344
0.552560567855835
0.646772563457489
0.7237064838409424
0.4790286421775818
0.6582512259483337
0.6300467848777771
0.6242798566818237
0.537764847278595
0.7003405690193176
0.6714731454849243
0.5833495259284973
0.5038071870803833
0.6886931657791138
0.5620887875556946
0.797893762588501
0.6126525402069092
0.5791444778442383
0.7290611863136292
0.7060019969940186
0.6383327841758728
0.636206328868866
0.5682367086410522
0.6753982305526733
0.7644003629684448
0.6296415328979492
0.3912639915943146
0.5159661769866943
0.4386802315711975
0.6663907766342163
0.6163589954376221
0.5963940620422363
0.5612181425094604
0.6045408248901367
0.4941548705101013
0.4930136203765869
0.6851511001586914
0.7194671630859375
0.47930800914764404
0.39579904079437256
0.6771645545959473
0.4276856482028961
0.5802290439605713
0.662721574306488
0.7140730619430542
0.8019770383834839
0.4744904637336731
0.5917098522186279
0.5292035341262817
0.5142210721969604
0.41591203212738037
0.48639869689941406
0.5712624192237854
0.4080289602279663
0.5887816548347473
0.5697746872901917
0.5760194063186646
0.6478900909423828
0.5482819080352783
0.5155983567237854
0.5806541442871094
0.6958824992179871
0.5777562856674194
0.6604743003845215
0.5894556045532227
0.48612505197525024
0.5873480439186096
0.5687591433525085
0.6701294779777527
0.6285885572433472
0.6491396427154541
0.7960637807846069
0.7624377608299255
0.5364692211151123
0.6326025128364563
0.5154001712799072
0.6434619426727295
0.5887595415115356
0.5765587091445923
0.36459141969680786
0.41211938858032227
0.6692137718200684
0.6274389624595642
0.6888553500175476
0.7098623514175415
0.5410397052764893
0.5443574786186218
0.7013264894485474
0.6925803422927856
0.7353572845458984
0.6128654479980469
0.7590420246124268
0.6464664936065674
0.6368896961212158
0.6601938009262085
0.4224214255809784
0.5305953025817871
0.6803234219551086
0.6155344843864441
0.664121150970459
0.5211350917816162
0.5882562398910522
0.6089376211166382
0.7605293989181519
0.6900812387466431
0.4339666962623596
0.5779643058776855
0.49647557735443115
0.7216860055923462
0.8885011672973633
0.5752993822097778
0.6848808526992798
0.4054662585258484
0.5757942795753479
0.6424073576927185
0.689476728439331
0.5308852195739746
0.5875436067581177
0.6257754564285278
0.6416525840759277
0.6958121061325073
0.45462262630462646
0.6542559862136841
0.5626734495162964
0.5952319502830505
0.6409322023391724
0.5038825869560242
0.5950289368629456
0.6252556443214417
0.7523819804191589
0.6080126762390137
0.7249752283096313
0.6682552099227905
0.3954738974571228
0.5632069110870361
0.6177999973297119
0.6015871167182922
0.7002482414245605
0.7310078144073486
0.5051747560501099
0.6080752611160278
0.6351090669631958
0.5825831890106201
0.6156469583511353
0.563454270362854
0.5721814632415771
0.6639816164970398
0.6730900406837463
0.5396938323974609
0.648597240447998
0.5733820796012878
0.6411417126655579
0.6134029030799866
0.7900851964950562
0.6771031618118286
0.5569257736206055
0.6127729415893555
0.6041734218597412
0.5762735605239868
0.5359922051429749
0.7181589007377625
0.6596221923828125
0.5683152079582214
0.5503453612327576
0.6588308811187744
0.49153512716293335
0.7933260202407837
0.5674953460693359
0.6818265914916992
0.4090413749217987
0.4569508135318756
0.715009331703186
0.6185197830200195
0.6152140498161316
0.5369313955307007
0.6461275219917297
0.690710186958313
0.6213176846504211
0.6428173780441284
0.782873272895813
0.5692905187606812
0.6669387817382812
0.865911602973938
0.5424550771713257
0.5810275077819824
0.5304105877876282
0.5983583331108093
0.668363094329834
0.7161415219306946
0.5195419788360596
0.6427628993988037
0.6359726786613464
0.43849778175354004
0.4763260781764984
0.6740460395812988
0.600635290145874
0.522851824760437
0.6810460686683655
0.5467556118965149
0.6344325542449951
0.506955623626709
0.522914707660675
0.5822728276252747
0.8373247981071472
0.718747615814209
0.6146958470344543
0.5707389712333679
0.6660654544830322
0.5676958560943604
0.47178882360458374
0.6407454013824463
0.5889867544174194
0.6663497686386108
0.6465646028518677
0.4904581308364868
0.564857542514801
0.783972978591919
0.6352673172950745
0.5140702128410339
0.6906731128692627
0.5999724864959717
0.5846877098083496
0.8320432305335999
0.6267366409301758
0.42681366205215454
0.6543242931365967
0.6164737939834595
0.5608041286468506
0.8650345206260681
0.5500096678733826
0.6606006622314453
0.6211969256401062
0.7016444206237793
0.7100979089736938
0.5707012414932251
0.5034842491149902
0.5817040205001831
0.4039642810821533
0.48780557513237
0.7086130380630493
0.44091397523880005
0.6609948873519897
0.5213342905044556
0.805312991142273
0.514143705368042
0.43154650926589966
0.6228255033493042
0.7904524803161621
0.6169223785400391
0.6742191314697266
0.7995359897613525
0.5764986276626587
0.5144559144973755
0.5916481018066406
0.5780761241912842
0.5903587341308594
0.7198081612586975
0.49531620740890503
0.7310933470726013
0.5763335227966309
0.6247251033782959
0.5903445482254028
0.3953510522842407
0.668341875076294
0.7632635831832886
0.49954116344451904
0.549328625202179
0.40661919116973877
0.6022788286209106
0.5827916264533997
0.5795892477035522
0.4764607548713684
0.5726572275161743
0.7470916509628296
0.7015036344528198
0.6560637950897217
0.5416548252105713
0.7459322810173035
0.4273839592933655
0.7046937942504883
0.5561889410018921
0.451271653175354
0.7183259725570679
0.65926194190979
0.5186446905136108
0.608291506767273
0.6203165650367737
0.5864778757095337
0.5000638961791992
0.6525837182998657
0.5927029848098755
0.6780891418457031
0.5208119750022888
0.7289059162139893
0.6580830216407776
0.5685924291610718
0.5885224342346191
0.5060169696807861
0.6802414655685425
0.7212826013565063
0.5429091453552246
0.5649030208587646
0.267702579498291
0.6541949510574341
0.34323811531066895
0.5741159915924072
0.5813874006271362
0.5399659872055054
0.5541191101074219
0.695298433303833
0.48385682702064514
0.5937821865081787
0.6313778162002563
0.6062538027763367
0.6519927978515625
0.576781690120697
0.5628999471664429
0.40546005964279175
0.2847968339920044
0.5355148315429688
0.5091406106948853
0.6454294919967651
0.5939930081367493
0.5788449048995972
0.5818993449211121
0.6614111065864563
0.6991727948188782
0.6040193438529968
0.5514739751815796
0.6723499298095703
0.7064365148544312
0.6389180421829224
0.6714740991592407
0.5811676979064941
0.6825183629989624
0.5420435667037964
0.49418896436691284
0.6597113609313965
0.7138299942016602
0.6404051780700684
0.5521684288978577
0.5287458300590515
0.6951473951339722
0.6285533905029297
0.6074725389480591
0.768344521522522
0.6287469267845154
0.6400653123855591
0.57166588306427
0.5376125574111938
0.4732522666454315
0.530330240726471
0.5318444967269897
0.5550563335418701
0.4426093101501465
0.5981658101081848
0.7040703892707825
0.6226558685302734
0.621458888053894
0.5927044749259949
0.7190439701080322
0.6691809892654419
0.6933303475379944
0.5994426608085632
0.5334052443504333
0.5319709777832031
0.5916022658348083
0.5865157842636108
0.6143496036529541
0.6598684191703796
0.4801158010959625
0.600243091583252
0.6253003478050232
0.6881338357925415
0.5896258354187012
0.6826139688491821
0.6868466138839722
0.5402841567993164
0.5312271118164062
0.6139177083969116
0.511566698551178
0.5730346441268921
0.5473815202713013
0.7454758882522583
0.5208386182785034
0.6352275609970093
0.5654911994934082
0.4801979660987854
0.4881017208099365
0.6051830649375916
0.710045576095581
0.6092768907546997
0.5083170533180237
0.5727947950363159
0.6255260705947876
0.4663711190223694
0.6857542991638184
0.7681572437286377
0.579744279384613
0.8111331462860107
0.6850515604019165
0.536412239074707
0.5577341318130493
0.6769917011260986
0.6182126998901367
0.5183626413345337
0.720683217048645
0.7013204097747803
0.6954107284545898
0.7480570077896118
0.5766156911849976
0.5586024522781372
0.6815974712371826
0.6169530153274536
0.38257914781570435
0.5644055604934692
0.5342918038368225
0.5794230699539185
0.6982721090316772
0.6083374619483948
0.5104598999023438
0.5291128158569336
0.7092703580856323
0.577913224697113
0.607418417930603
0.569762110710144
0.5594102740287781
0.5647275447845459
0.7410383224487305
0.5316274166107178
0.7392497658729553
0.5582315921783447
0.61225426197052
0.5848610401153564
0.615505039691925
0.4275549650192261
0.41741660237312317
0.685354471206665
0.6334810853004456
0.636276364326477
0.5001040697097778
0.5817501544952393
0.6637811064720154
0.6420886516571045
0.5659345984458923
0.5808265209197998
0.6427100896835327
0.6948513984680176
0.5391334295272827
0.5683761835098267
0.7037628889083862
0.5865094065666199
0.4449530243873596
0.5393346548080444
0.7435030341148376
0.4276813864707947
0.668070912361145
0.770269513130188
0.788088321685791
0.6060240268707275
0.7488532662391663
0.7199705839157104
0.6491245031356812
0.5892156362533569
0.760928750038147
0.7027186751365662
0.6320405006408691
0.6595182418823242
0.6048069596290588
0.6243118047714233
0.7318727970123291
0.6700417995452881
0.6189286112785339
0.5840421915054321
0.5955125093460083
0.5626497864723206
0.6340035200119019
0.7506416440010071
0.5543370246887207
0.5854198336601257
0.6648046970367432
0.7095953226089478
0.5064846277236938
0.5633222460746765
0.5732912421226501
0.6287523508071899
0.9387470483779907
0.5140478610992432
0.6281051635742188
0.5293188095092773
0.7192656397819519
0.5810014009475708
0.6444934606552124
0.38613492250442505
0.5671341419219971
0.6705135107040405
0.6068720817565918
0.5815107226371765
0.8358331918716431
0.6424403190612793
0.5826747417449951
0.517859160900116
0.49323952198028564
0.5010271668434143
0.5432412624359131
0.6418356895446777
0.7131772637367249
0.684989333152771
0.46048763394355774
0.6454231142997742
0.5594369173049927
0.5051525831222534
0.7730294466018677
0.6934648752212524
0.5689426064491272
0.6344932913780212
0.5853732228279114
0.6020805835723877
0.619728684425354
0.6341283321380615
0.6783949136734009
0.5147942900657654
0.6875945329666138
0.6361746788024902
0.6133172512054443
0.6285454034805298
0.5522053241729736
0.6808832883834839
0.7280591726303101
0.7270993590354919
0.6086475849151611
0.5773906111717224
0.4535210132598877
0.7650601863861084
0.4867960810661316
0.6885437965393066
0.5901682376861572
0.6347986459732056
0.4347585439682007
0.6478752493858337
0.6749595999717712
0.44294750690460205
0.6228174567222595
0.676985502243042
0.5725253224372864
0.5556398034095764
0.5886743664741516
0.6931235790252686
0.5421605110168457
0.6424762010574341
0.6069387197494507
0.45645231008529663
0.3205668330192566
0.5585300326347351
0.7033601999282837
0.5776733756065369
0.593529462814331
0.5509827136993408
0.7181673645973206
0.4878251552581787
0.46687355637550354
0.5170953273773193
0.5221070647239685
0.6494925022125244
0.6408815979957581
0.6745988130569458
0.6185802817344666
0.6108388900756836
0.726813554763794
0.7124127745628357
0.45154470205307007
0.5528534650802612
0.4354928433895111
0.6101786494255066
0.4646452069282532
0.6611799001693726
0.5982277393341064
0.5318053960800171
0.4684372842311859
0.593037486076355
0.5975253582000732
0.526729166507721
0.7273712754249573
0.7301056385040283
0.7543851137161255
0.4762304723262787
0.7166436314582825
0.6589699983596802
0.7104048132896423
0.6571950316429138
0.6276977062225342
0.7205330729484558
0.5206097960472107
0.6738296747207642
0.5762319564819336
0.5280020236968994
0.6911097764968872
0.6451799869537354
0.6339771151542664
0.5334653854370117
0.5121880173683167
0.5569851398468018
0.5880550146102905
0.6418919563293457
0.6148922443389893
0.5710757970809937
0.6214264035224915
0.6392778158187866
0.39363184571266174
0.6375625133514404
0.6905298233032227
0.6923906803131104
0.73796546459198
0.587157666683197
0.8968596458435059
0.6842244267463684
0.6162347197532654
0.6320105791091919
0.5432612895965576
0.6415086984634399
0.47764432430267334
0.6051700711250305
0.5231884717941284
0.5203871726989746
0.7621104717254639
0.650383472442627
0.3533620834350586
0.6466119289398193
0.6505459547042847
0.4983716607093811
0.7258417010307312
0.5521241426467896
0.7392755746841431
0.7221801280975342
0.5338143110275269
0.49813544750213623
0.663646936416626
0.6630356311798096
0.5818515419960022
0.4087669849395752
0.7483118772506714
0.6672683954238892
0.5834901332855225
0.5154523849487305
0.5273985862731934
0.6340008974075317
0.40007734298706055
0.4313494861125946
0.7367810606956482
0.5385351181030273
0.5950616598129272
0.7450330257415771
0.5345832109451294
0.5285559892654419
0.5640081167221069
0.5734542012214661
0.6778509616851807
0.8112282156944275
0.5935671925544739
0.5412636995315552
0.643602728843689
0.7398816347122192
0.6308014392852783
0.48778092861175537
0.49901247024536133
0.6361200213432312
0.5712604522705078
0.5734352469444275
0.6266350150108337
0.6792067289352417
0.6654824018478394
0.640617847442627
0.6671097874641418
0.8055915832519531
0.5144373774528503
0.38648030161857605
0.4718673825263977
0.5397989153862
0.4521216154098511
0.6187368631362915
0.3038404881954193
0.6766133308410645
0.6599056720733643
0.5979560017585754
0.7482128143310547
0.5920811295509338
0.7898927927017212
0.5957133769989014
0.6551100015640259
0.6690100431442261
0.6134738922119141
0.5624043941497803
0.48211896419525146
0.5132737755775452
0.5221463441848755
0.5794261693954468
0.780232310295105
0.5348925590515137
0.588074266910553
0.7068608403205872
0.6073936223983765
0.5479525923728943
0.6548323631286621
0.667549729347229
0.7495554685592651
0.7627964615821838
0.5586354732513428
0.6320263743400574
0.6035401225090027
0.6881188154220581
0.5983049869537354
0.5652725696563721
0.6344901919364929
0.584424614906311
0.6304156184196472
0.5671290755271912
0.6472195386886597
0.6233126521110535
0.6394314765930176
0.5521986484527588
0.7155711054801941
0.5755242705345154
0.7652897238731384
0.5146392583847046
0.8410735130310059
0.7263943552970886
0.5489628314971924
0.6360909938812256
0.5432745218276978
0.7200403809547424
0.73896324634552
0.5260514616966248
0.4945456385612488
0.5702885389328003
0.5594839453697205
0.6665236353874207
0.6412747502326965
0.6696930527687073
0.5061695575714111
0.6288745403289795
0.531067967414856
0.6675956845283508
0.5171182155609131
0.39930468797683716
0.6702802181243896
0.4746578335762024
0.5984067916870117
0.7811414003372192
0.7485039830207825
0.5958473086357117
0.5627604722976685
0.6265478730201721
0.731605589389801
0.5357033610343933
0.5619686245918274
0.5609568953514099
0.6993961930274963
0.6132820844650269
0.7269562482833862
0.5212770700454712
0.7250281572341919
0.6695623397827148
0.6792781352996826
0.5885300636291504
0.5795096755027771
0.5044628381729126
0.7301711440086365
0.459050714969635
0.42707574367523193
0.5940611362457275
0.7041149139404297
0.501136064529419
0.571916937828064
0.31733566522598267
0.6125980615615845
0.7151416540145874
0.5959637761116028
0.6084737777709961
0.5809162855148315
0.5685847401618958
0.6144338250160217
0.5143802165985107
0.5605704188346863
0.6545065641403198
0.827236533164978
0.7292423248291016
0.5377987027168274
0.5643266439437866
0.5479501485824585
0.47090089321136475
0.6046314239501953
0.6494531631469727
0.4667675197124481
0.6318381428718567
0.526637077331543
0.4476110637187958
0.7467228770256042
0.535119354724884
0.6407246589660645
0.6128991842269897
0.6613664627075195
0.5987808704376221
0.6636378765106201
0.5724973678588867
0.629448652267456
0.5569119453430176
0.49790024757385254
0.6642569303512573
0.8063455820083618
0.5555026531219482
0.6914132833480835
0.6332998871803284
0.49953049421310425
0.8482409715652466
0.6020714044570923
0.7127128839492798
0.405519038438797
0.5936533808708191
0.6665941476821899
0.5788426399230957
0.5937659740447998
0.6190080642700195
0.45625945925712585
0.6506176590919495
0.8126301765441895
0.5114551782608032
0.6739622950553894
0.6232768297195435
0.5919610261917114
0.5649054050445557
0.6950973272323608
0.47916173934936523
0.6598606705665588
0.6699771881103516
0.5786817073822021
0.5546499490737915
0.6798619031906128
0.6005887985229492
0.665851354598999
0.5862824320793152
0.5361419320106506
0.7484828233718872
0.7148463726043701
0.4008668065071106
0.617116391658783
0.7547699213027954
0.5661265254020691
0.5729695558547974
0.703906238079071
0.6856973767280579
0.7800025343894958
0.768464207649231
0.6676483154296875
0.650296688079834
0.45867377519607544
0.523618221282959
0.6878232955932617
0.5562266111373901
0.6006103754043579
0.6933859586715698
0.6363446712493896
0.6949807405471802
0.5309906601905823
0.6361826658248901
0.5175713896751404
0.371336430311203
0.5247809886932373
0.682691752910614
0.7858550548553467
0.6703720092773438
0.6301261186599731
0.8105332851409912
0.7047267556190491
0.6808443069458008
0.5636259913444519
0.5268972516059875
0.5282654166221619
0.5775332450866699
0.6482770442962646
0.6584771871566772
0.5912622213363647
0.4228624701499939
0.6369380950927734
0.6157020926475525
0.6982372999191284
0.35052481293678284
0.5412425398826599
0.5182775259017944
0.5936871767044067
0.5038613677024841
0.42945292592048645
0.626200795173645
0.6043494939804077
0.7022449374198914
0.6485408544540405
0.5934958457946777
0.5967473983764648
0.6535017490386963
0.6715874075889587
0.5918169021606445
0.6194812059402466
0.6232733726501465
0.5489422082901001
0.594092845916748
0.502701997756958
0.602256178855896
0.5356196761131287
0.5772788524627686
0.37673720717430115
0.666361927986145
0.5509814023971558
0.552788257598877
0.411979079246521
0.5833560228347778
0.5626857280731201
0.6803886890411377
0.5888417959213257
0.5506458282470703
0.870589017868042
0.638592004776001
0.4019845724105835
0.6534372568130493
0.48745203018188477
0.5098989009857178
0.5010687112808228
0.7068244814872742
0.602552056312561
0.4416542053222656
0.7991650104522705
0.6407609581947327
0.39597654342651367
0.5269941091537476
0.6481899619102478
0.47650986909866333
0.6718177795410156
0.6327230930328369
0.5951666235923767
0.5255427360534668
0.5419138669967651
0.7670912146568298
0.5222702026367188
0.7390199899673462
0.6360881328582764
0.631177544593811
0.8335754871368408
0.6001660823822021
0.6845904588699341
0.5771809816360474
0.4478378891944885
0.5944475531578064
0.6641476154327393
0.48893240094184875
0.6813783049583435
0.5295491218566895
0.6761980652809143
0.3884006142616272
0.634626567363739
0.37889692187309265
0.7546501755714417
0.6033394932746887
0.7927284240722656
0.6299927234649658
0.5272796154022217
0.5722835063934326
0.6083924174308777
0.6041402816772461
0.6957417726516724
0.38051363825798035
0.6329246759414673
0.6525948643684387
0.54778653383255
0.6446524858474731
0.6107001304626465
0.5323222875595093
0.6244736909866333
0.4894014894962311
0.7862323522567749
0.5115101337432861
0.5622075796127319
0.5325806736946106
0.5266590118408203
0.5400828123092651
0.5958832502365112
0.5898483991622925
0.6148489117622375
0.549128532409668
0.4918442368507385
0.49309179186820984
0.5555300116539001
0.8267513513565063
0.535265326499939
0.7067710161209106
0.6802475452423096
0.6063565015792847
0.6756711006164551
0.5036711692810059
0.7112461924552917
0.36982566118240356
0.6688333749771118
0.7871525287628174
0.6588721871376038
0.6684330701828003
0.7693023085594177
0.5996699333190918
0.6338688135147095
0.6645257472991943
0.6153188943862915
0.6549035310745239
0.7546805143356323
0.6386309862136841
0.6633018255233765
0.6224480867385864
0.5683708786964417
0.45805585384368896
0.6925325393676758
0.630382776260376
0.6918630599975586
0.7777996063232422
0.4950284957885742
0.7604465484619141
0.5846648216247559
0.5485867261886597
0.6443161964416504
0.6464109420776367
0.5448118448257446
0.753040075302124
0.7255987524986267
0.5014091730117798
0.6465897560119629
0.6156200170516968
0.617498517036438
0.43951863050460815
0.4400210678577423
0.6806159615516663
0.6832953691482544
0.571397066116333
0.5812662839889526
0.7025357484817505
0.7210034132003784
0.6886624097824097
0.49508243799209595
0.5963019132614136
0.5705978870391846
0.49759602546691895
0.6034351587295532
0.6713804006576538
0.5387038588523865
0.7232186794281006
0.6388522386550903
0.6794660687446594
0.7058519124984741
0.5537739992141724
0.6968767642974854
0.660529375076294
0.715134859085083
0.6282446384429932
0.6572080850601196
0.7191437482833862
0.5032107830047607
0.5088295936584473
0.8408071994781494
0.7150565385818481
0.7470505237579346
0.5030278563499451
0.6056004762649536
0.4628736972808838
0.6902652978897095
0.41007867455482483
0.4476704001426697
0.5393103957176208
0.5136464834213257
0.6754574775695801
0.5751897692680359
0.7167971134185791
0.7279400825500488
0.7378082871437073
0.6994689702987671
0.5277649760246277
0.6652509570121765
0.5715444087982178
0.6801297664642334
0.5639381408691406
0.357616126537323
0.5217289924621582
0.35226547718048096
0.5413068532943726
0.5936149954795837
0.6873189806938171
0.6959801912307739
0.5593026280403137
0.6700485348701477
0.6251469254493713
0.5603272914886475
0.616917610168457
0.7709935903549194
0.7101370096206665
0.4683613181114197
0.6448933482170105
0.42579010128974915
0.5687850117683411
0.5664823055267334
0.5419747829437256
0.635191798210144
0.7264292240142822
0.5211968421936035
0.7241328358650208
0.7563525438308716
0.6020991802215576
0.6380354166030884
0.5989083051681519
0.7912130355834961
0.6858543157577515
0.6739639043807983
0.782129168510437
0.6037428975105286
0.583355724811554
0.5180474519729614
0.6327548027038574
0.6945327520370483
0.6915631294250488
0.6176762580871582
0.7279514074325562
0.5713200569152832
0.7414479851722717
0.6098250150680542
0.28092676401138306
0.5628736019134521
0.7302101850509644
0.49448931217193604
0.5902738571166992
0.5743323564529419
0.5616012811660767
0.7385423183441162
0.7400402426719666
0.7462996244430542
0.49991899728775024
0.5153784155845642
0.5760600566864014
0.419654905796051
0.6170578002929688
0.44095033407211304
0.5969715118408203
0.6791481971740723
0.6456555128097534
0.5576563477516174
0.5642313957214355
0.5648970007896423
0.5955376625061035
0.5723514556884766
0.6004354953765869
0.5449658632278442
0.518092155456543
0.8011620044708252
0.5049523115158081
0.5819472074508667
0.522018551826477
0.6079480648040771
0.6815263032913208
0.6391828656196594
0.5666429400444031
0.5418627858161926
0.685045599937439
0.5870963931083679
0.5859817266464233
0.6897150278091431
0.5081616640090942
0.5290191173553467
0.6641653776168823
0.5678569078445435
0.5138062238693237
0.7654343843460083
0.5344580411911011
0.7301357984542847
0.6862014532089233
0.5792908072471619
0.6127533912658691
0.7360509037971497
0.6394705772399902
0.559596061706543
0.626510500907898
0.7551583647727966
0.7707748413085938
0.49264830350875854
0.5691096186637878
0.5706882476806641
0.6230137348175049
0.6194480657577515
0.6073446273803711
0.537285327911377
0.5718732476234436
0.5003734827041626
0.7658013701438904
0.5598195195198059
0.6489511728286743
0.6091203093528748
0.562396228313446
0.47994565963745117
0.5918201804161072
0.5786819458007812
0.5837063789367676
0.6828348636627197
0.540937602519989
0.7723277807235718
0.6282875537872314
0.5434300899505615
0.49451419711112976
0.8147494792938232
0.68702232837677
0.5387457609176636
0.6853985786437988
0.6787158250808716
0.6303472518920898
0.6665467619895935
0.7700694799423218
0.5714715123176575
0.638586163520813
0.6432254314422607
0.8009573221206665
0.5789811611175537
0.4902886748313904
0.5007745027542114
0.5973092317581177
0.5420982837677002
0.688788652420044
0.7718253135681152
0.6843209266662598
0.605197548866272
0.6279632449150085
0.6120913624763489
0.6837599873542786
0.8445075154304504
0.4453546702861786
0.6817248463630676
0.520361602306366
0.5066816806793213
0.6225255727767944
0.576880931854248
0.7063219547271729
0.6241025328636169
0.5705366134643555
0.6671388745307922
0.49692073464393616
0.38610923290252686
0.5854183435440063
0.5297521352767944
0.6278014183044434
0.4860301613807678
0.41216033697128296
0.6643569469451904
0.7704403400421143
0.5101594924926758
0.8204267621040344
0.46294671297073364
0.4335654675960541
0.636003851890564
0.7220337390899658
0.5527727007865906
0.5884948968887329
0.691993236541748
0.48285627365112305
0.6445317268371582
0.4164075553417206
0.6111227869987488
0.5225446224212646
0.4928320050239563
0.597620964050293
0.7413505911827087
0.6381741762161255
0.6296555399894714
0.7388285398483276
0.6107591390609741
0.6770354509353638
0.6412685513496399
0.4885678291320801
0.5480642318725586
0.6256265640258789
0.5566175580024719
0.6192909479141235
0.6991736888885498
0.5433781147003174
0.3997814953327179
0.5446887016296387
0.4936802387237549
0.6740822792053223
0.6223436594009399
0.48250922560691833
0.6133253574371338
0.4700917601585388
0.6124535799026489
0.624466598033905
0.5598558783531189
0.5268739461898804
0.6783430576324463
0.5148892402648926
0.6127332448959351
0.5754753351211548
0.5085504055023193
0.6713134050369263
0.6562678217887878
0.6064155101776123
0.5483031272888184
0.6631250381469727
0.5334134101867676
0.6357578039169312
0.7096239328384399
0.5311576724052429
0.5870788097381592
0.5981870889663696
0.5488169193267822
0.6614052057266235
0.5342323184013367
0.5752943158149719
0.5001713037490845
0.58588707447052
0.7669383883476257
0.7786705493927002
0.5957624912261963
0.3860172629356384
0.6564750671386719
0.5406896471977234
0.6919183135032654
0.5318719148635864
0.6361535787582397
0.5426149368286133
0.6570724248886108
0.7290266156196594
0.5307928919792175
0.6342413425445557
0.6236042976379395
0.726479709148407
0.7370380163192749
0.645743727684021
0.6864689588546753
0.6022656559944153
0.6848323345184326
0.6024852991104126
0.5744933485984802
0.6018171310424805
0.7237764000892639
0.6444405317306519
0.6525718569755554
0.45289021730422974
0.572515606880188
0.6584850549697876
0.6229121088981628
0.6545672416687012
0.6702461242675781
0.5785306692123413
0.6539391279220581
0.504869818687439
0.49743780493736267
0.46452152729034424
0.5484164953231812
0.6665726900100708
0.6552002429962158
0.5981174111366272
0.47861695289611816
0.5902855396270752
0.5544427037239075
0.526707112789154
0.6738362908363342
0.5875361561775208
0.5815185308456421
0.6413785815238953
0.5272269248962402
0.7126054167747498
0.6310561895370483
0.6753076314926147
0.4670449495315552
0.8563174605369568
0.5488247871398926
0.5167202353477478
0.5176987648010254
0.6753935217857361
0.6061364412307739
0.7162584662437439
0.5183082818984985
0.6426917314529419
0.48009738326072693
0.5873806476593018
0.6647279262542725
0.717529296875
0.5777361989021301
0.740119218826294
0.42077210545539856
0.6286751627922058
0.6385588049888611
0.3957485258579254
0.5894333124160767
0.5754198431968689
0.4255746603012085
0.6218856573104858
0.46440979838371277
0.67475426197052
0.6397939920425415
0.6507883071899414
0.5164486169815063
0.6115260124206543
0.44680720567703247
0.46970027685165405
0.7461650371551514
0.6333315372467041
0.3960648775100708
0.6688381433486938
0.6041742563247681
0.5278468132019043
0.6759273409843445
0.6565476655960083
0.5949320793151855
0.504197359085083
0.5392023324966431
0.6220411658287048
0.7978447675704956
0.5077186822891235
0.6284453868865967
0.6516450643539429
0.43509620428085327
0.6067590713500977
0.5114052891731262
0.5690481662750244
0.4929850697517395
0.7907646298408508
0.5526447296142578
0.665524959564209
0.7203362584114075
0.7451605796813965
0.6691282987594604
0.6508306860923767
0.7609519958496094
0.550316333770752
0.6323935985565186
0.615161657333374
0.6272141337394714
0.7912224531173706
0.6101111173629761
0.6250584125518799
0.6282660365104675
0.6754831075668335
0.6554920673370361
0.5425036549568176
0.5792314410209656
0.44650623202323914
0.60332852602005
0.7417660355567932
0.6016021370887756
0.8196401596069336
0.6182619333267212
0.6393824815750122
0.6833544969558716
0.616381049156189
0.6500109434127808
0.5726398229598999
0.46570834517478943
0.6328078508377075
0.5455894470214844
0.6892825365066528
0.6346915364265442
0.4642946720123291
0.55593341588974
0.6755256652832031
0.6155747175216675
0.5355737805366516
0.6820001602172852
0.739155650138855
0.7962567806243896
0.7197668552398682
0.5850163102149963
0.6788142919540405
0.6905454397201538
0.6538355350494385
0.4893101751804352
0.6903398036956787
0.6333087682723999
0.7606804370880127
0.6200518608093262
0.6428942680358887
0.6922445893287659
0.5615253448486328
0.5903326869010925
0.555406928062439
0.44776397943496704
0.5097311735153198
0.7024538516998291
0.5772205591201782
0.5774930715560913
0.6622934341430664
0.4609299600124359
0.6888607740402222
0.6683146953582764
0.5614895820617676
0.6750237941741943
0.33816397190093994
0.5091649293899536
0.5837529897689819
0.3983882665634155
0.5289064645767212
0.5672293901443481
0.5486949682235718
0.6326743364334106
0.6817440986633301
0.2648639976978302
0.7296709418296814
0.5799071788787842
0.48614442348480225
0.648082971572876
0.4964900016784668
0.7093430757522583
0.5728867053985596
0.6411974430084229
0.6468708515167236
0.43972891569137573
0.6649774312973022
0.5248079299926758
0.4671894907951355
0.6718817353248596
0.6028562784194946
0.6324433088302612
0.5675597190856934
0.47523438930511475
0.5504423379898071
0.6838153600692749
0.5895370841026306
0.4739331603050232
0.7319378852844238
0.6391453742980957
0.5176298022270203
0.41986119747161865
0.6308261752128601
0.3813951313495636
0.626065731048584
0.628337025642395
0.6577936410903931
0.5817221999168396
0.6247528195381165
0.5754590630531311
0.5921258926391602
0.6785547733306885
0.5923903584480286
0.6148439645767212
0.7508382797241211
0.6024667024612427
0.5615249872207642
0.36929988861083984
0.5563989877700806
0.6543399095535278
0.6082607507705688
0.6775335073471069
0.5822713375091553
0.5625802278518677
0.6244100332260132
0.39530396461486816
0.6261159777641296
0.5426334142684937
0.631147027015686
0.5897729396820068
0.6152225732803345
0.5106015801429749
0.47653520107269287
0.7092837691307068
0.46318280696868896
0.5796530842781067
0.29208388924598694
0.5360103845596313
0.7701374888420105
0.5202734470367432
0.5738894939422607
0.6318469047546387
0.6790428161621094
0.6115167737007141
0.633525013923645
0.6445931196212769
0.5690175890922546
0.5442284345626831
0.7305698394775391
0.4776487648487091
0.6956290006637573
0.7151259183883667
0.5846534967422485
0.6716341972351074
0.4465683102607727
0.5837984085083008
0.7593166828155518
0.4871228337287903
0.6826767325401306
0.5562559962272644
0.67807936668396
0.5550684332847595
0.5312398672103882
0.6919045448303223
0.6630852222442627
0.6218132972717285
0.6473296880722046
0.419231653213501
0.5281627178192139
0.5965940952301025
0.6239304542541504
0.6055490970611572
0.6379644870758057
0.539436399936676
0.651343822479248
0.49353155493736267
0.651684045791626
0.6025819778442383
0.6880407333374023
0.5714089274406433
0.5012009739875793
0.7083190679550171
0.6732757091522217
0.524838924407959
0.6335453987121582
0.562695324420929
0.6096600890159607
0.5583059787750244
0.5778864026069641
0.7220685482025146
0.6470766663551331
0.6534135341644287
0.595751166343689
0.8386579751968384
0.47651100158691406
0.502784252166748
0.6135917901992798
0.7702687978744507
0.5785789489746094
0.579784631729126
0.7104162573814392
0.6311839818954468
0.6991234421730042
0.416823148727417
0.6416573524475098
0.6554545164108276
0.5022748708724976
0.6490796208381653
0.7528483867645264
0.5724005103111267
0.5850865840911865
0.5743803381919861
0.6211250424385071
0.7233519554138184
0.7497928738594055
0.6492301225662231
0.6621537804603577
0.7649703025817871
0.4698111116886139
0.5976535081863403
0.6618711948394775
0.5491296648979187
0.660961389541626
0.5717419385910034
0.7129224538803101
0.7250890731811523
0.634976863861084
0.5899680852890015
0.6748737692832947
0.48475736379623413
0.674094557762146
0.6454534530639648
0.4171881079673767
0.569475531578064
0.7063419222831726
0.6766180992126465
0.5784428119659424
0.5846453905105591
0.5729224681854248
0.5108423233032227
0.4394921362400055
0.6390881538391113
0.7713638544082642
0.6294531226158142
0.584584653377533
0.5892292261123657
0.4509285092353821
0.5567344427108765
0.5213783383369446
0.5558570027351379
0.576998233795166
0.6288799047470093
0.43488574028015137
0.48038530349731445
0.5844410061836243
0.647943377494812
0.504752516746521
0.6953725218772888
0.4592411518096924
0.6106125116348267
0.6005029082298279
0.5234613418579102
0.5344209671020508
0.5709782838821411
0.5663546919822693
0.45293474197387695
0.5883399248123169
0.5704323053359985
0.8125133514404297
0.6008704304695129
0.565375804901123
0.6621757745742798
0.6204128265380859
0.6857898235321045
0.6292499303817749
0.6357474327087402
0.6412857174873352
0.6351115107536316
0.6148661375045776
0.5284690856933594
0.5987341403961182
0.5442255735397339
0.39173299074172974
0.5898949503898621
0.7184319496154785
0.595740795135498
0.4783037304878235
0.6675315499305725
0.4666399657726288
0.6282529234886169
0.7332039475440979
0.724220335483551
0.7065590620040894
0.43742597103118896
0.8980975151062012
0.627723217010498
0.5247381925582886
0.644035279750824
0.7032436728477478
0.6801427602767944
0.6610908508300781
0.5336405038833618
0.7222319841384888
0.5560166835784912
0.5788135528564453
0.6666663885116577
0.5307985544204712
0.7505917549133301
0.5710815787315369
0.5581229329109192
0.47461748123168945
0.7307736873626709
0.5870952606201172
0.579513669013977
0.6480138301849365
0.6639928817749023
0.564045786857605
0.7000291347503662
0.702364981174469
0.5773535966873169
0.6156673431396484
0.709222674369812
0.6860811710357666
0.6764594316482544
0.7025357484817505
0.5653082132339478
0.6574971675872803
0.6279944777488708
0.7055693864822388
0.5256955623626709
0.6510131359100342
0.6337968111038208
0.6644336581230164
0.6258727312088013
0.5875425338745117
0.5951773524284363
0.5587937831878662
0.6421108841896057
0.4543878436088562
0.6703293323516846
0.49050647020339966
0.5687486529350281
0.6213905811309814
0.5933743715286255
0.5275397300720215
0.6232848167419434
0.5496092438697815
0.5028042197227478
0.7063124179840088
0.7180517911911011
0.8447918891906738
0.6970424056053162
0.5920733213424683
0.6549941301345825
0.507084310054779
0.7487443685531616
0.6996418833732605
0.6586843729019165
0.5836222767829895
0.5657753348350525
0.48127615451812744
0.6854039430618286
0.7516477108001709
0.6043307781219482
0.419550359249115
0.6841684579849243
0.7462313175201416
0.767554521560669
0.6120055913925171
0.4576410949230194
0.576302707195282
0.5897707939147949
0.6299464702606201
0.4387848675251007
0.6689894795417786
0.7109236717224121
0.4827476739883423
0.6599463224411011
0.44130539894104004
0.4809086322784424
0.6048131585121155
0.7058377265930176
0.6299394369125366
0.6565966606140137
0.622670590877533
0.4845794141292572
0.7253535389900208
0.7402111887931824
0.6573373079299927
0.6862843632698059
0.6275807619094849
0.7299435138702393
0.5043693780899048
0.5937514305114746
0.505640983581543
0.4910092353820801
0.6226910352706909
0.5249601602554321
0.5716218948364258
0.5389622449874878
0.721368670463562
0.6117554306983948
0.6099255084991455
0.6946538686752319
0.7459521293640137
0.6812210083007812
0.7163423299789429
0.6188337802886963
0.5003900527954102
0.7283129692077637
0.44731664657592773
0.556624174118042
0.491712361574173
0.6294286847114563
0.5808627009391785
0.6926209926605225
0.6207166910171509
0.5863295197486877
0.7092499732971191
0.583114743232727
0.6652876138687134
0.5293503403663635
0.764224648475647
0.45735934376716614
0.7022097706794739
0.5286427140235901
0.6865578889846802
0.8207992315292358
0.7018239498138428
0.698036789894104
0.5629496574401855
0.5709136724472046
0.5181034803390503
0.7175282835960388
0.5728033185005188
0.5892590284347534
0.45092877745628357
0.7342652082443237
0.714155912399292
0.503270149230957
0.46588271856307983
0.5121631026268005
0.6217800378799438
0.6501680612564087
0.6189090013504028
0.6629238128662109
0.49819907546043396
0.5380227565765381
0.6698229908943176
0.5567468404769897
0.6836657524108887
0.5309268832206726
0.4438178241252899
0.5359758138656616
0.7097216844558716
0.6484330296516418
0.5880972146987915
0.7050142288208008
0.5654404759407043
0.6061590909957886
0.6566463708877563
0.5824633836746216
0.561307430267334
0.6829040050506592
0.49006277322769165
0.5514340400695801
0.6325991749763489
0.7579669952392578
0.5363907814025879
0.4371944069862366
0.6010509729385376
0.42384427785873413
0.49984657764434814
0.5567734241485596
0.6172916293144226
0.7858495712280273
0.6248682737350464
0.36207449436187744
0.6094080209732056
0.6149955987930298
0.5276972055435181
0.564128041267395
0.6234473586082458
0.6067773103713989
0.7051340341567993
0.5499671697616577
0.5155227184295654
0.6587211489677429
0.4330615699291229
0.5907384157180786
0.7430624961853027
0.6369178295135498
0.5312702655792236
0.6051812171936035
0.5722155570983887
0.7435094118118286
0.6246247291564941
0.562245786190033
0.5121163129806519
0.492798388004303
0.5947647094726562
0.8032491207122803
0.6258045434951782
0.7476239800453186
0.8393363356590271
0.5180336236953735
0.6020315289497375
0.5615606307983398
0.5279492139816284
0.5513362884521484
0.376680850982666
0.6685197353363037
0.5793730020523071
0.5513064861297607
0.703405499458313
0.6508496403694153
0.3193069100379944
0.5268082618713379
0.3883850574493408
0.6128487586975098
0.5286176204681396
0.5312317609786987
0.37267017364501953
0.7647157311439514
0.5415782332420349
0.6029013395309448
0.6173126101493835
0.4586564302444458
0.49932658672332764
0.636073887348175
0.5631412267684937
0.6952238082885742
0.5927154421806335
0.47628217935562134
0.614823043346405
0.6034682989120483
0.7048523426055908
0.7196298837661743
0.48884695768356323
0.6352317333221436
0.5828444957733154
0.40415632724761963
0.5887387990951538
0.5065146684646606
0.6008868217468262
0.6896249651908875
0.6217416524887085
0.5536845922470093
0.6214984655380249
0.7164005041122437
0.5132592916488647
0.5108252167701721
0.5093549489974976
0.6401625871658325
0.5129491090774536
0.5927191376686096
0.6884638071060181
0.6452418565750122
0.6323913335800171
0.7285609245300293
0.42814409732818604
0.6842603087425232
0.5914234519004822
0.4755890369415283
0.5463570356369019
0.582791268825531
0.5422695875167847
0.7019888162612915
0.6979054808616638
0.6870879530906677
0.4297041893005371
0.6966103315353394
0.7871366739273071
0.6521368622779846
0.710268497467041
0.6976408958435059
0.5661818981170654
0.562553882598877
0.28147315979003906
0.552143394947052
0.597592830657959
0.5323299765586853
0.6739954352378845
0.5915610194206238
0.8196172118186951
0.49793875217437744
0.7500954866409302
0.6086245775222778
0.480962336063385
0.5861658453941345
0.6401947736740112
0.554686427116394
0.4857867956161499
0.7197603583335876
0.5334791541099548
0.6689053773880005
0.6052082180976868
0.5654133558273315
0.575613796710968
0.7532423734664917
0.6831380128860474
0.667725682258606
0.6632757186889648
0.6098576784133911
0.7333023548126221
0.4743642807006836
0.582996129989624
0.7046732902526855
0.5624914765357971
0.6131953597068787
0.5439478754997253
0.6739173531532288
0.7076098918914795
0.7165094614028931
0.5624746084213257
0.8377418518066406
0.378656804561615
0.3722113370895386
0.7005537748336792
0.5708832740783691
0.5505083203315735
0.5879323482513428
0.5332527160644531
0.6492155194282532
0.5052707195281982
0.6485735774040222
0.6185811758041382
0.5648439526557922
0.7093680500984192
0.5781387090682983
0.6592360138893127
0.615553617477417
0.7594794034957886
0.7995204925537109
0.5805619359016418
0.7157772183418274
0.6032603979110718
0.5343307256698608
0.5685024857521057
0.6621743440628052
0.7058559656143188
0.7408140897750854
0.486625999212265
0.6919442415237427
0.7920727729797363
0.7346271276473999
0.39983242750167847
0.5359704494476318
0.6203049421310425
0.6761445999145508
0.40369176864624023
0.6055071353912354
0.4541032910346985
0.6673839688301086
0.49907851219177246
0.6779425144195557
0.6007059812545776
0.7311215996742249
0.6053641438484192
0.5619548559188843
0.7783619165420532
0.6200433373451233
0.6336401104927063
0.7702205777168274
0.5784696936607361
0.6060914993286133
0.7767802476882935
0.8339055776596069
0.766670823097229
0.7183043360710144
0.7674566507339478
0.4785545766353607
0.5445093512535095
0.7314062118530273
0.7586063146591187
0.6158230304718018
0.644646406173706
0.49109992384910583
0.5011970400810242
0.5956860780715942
0.5591766834259033
0.5729904174804688
0.6177481412887573
0.5238515138626099
0.5397754311561584
0.6425751447677612
0.3406411409378052
0.5962644815444946
0.6079254150390625
0.640591561794281
0.5928118228912354
0.5348115563392639
0.7039161920547485
0.5724952220916748
0.6064086556434631
0.5397967100143433
0.5645039081573486
0.5320080518722534
0.470467746257782
0.5563132762908936
0.7653102278709412
0.7193434238433838
0.7253246307373047
0.7494127750396729
0.5955816507339478
0.6413799524307251
0.65845787525177
0.6571551561355591
0.4649012088775635
0.6964762806892395
0.5463302135467529
0.5062628984451294
0.5976346731185913
0.5357155203819275
0.720415472984314
0.561490535736084
0.4108095169067383
0.657439112663269
0.5733119249343872
0.5042147636413574
0.5350525975227356
0.5840491056442261
0.5442053079605103
0.6390126943588257
0.5424560308456421
0.5158746242523193
0.6789467930793762
0.3987501859664917
0.5127540826797485
0.5563552379608154
0.35869741439819336
0.6621334552764893
0.6621266007423401
0.3798641562461853
0.6352927088737488
0.5483049154281616
0.7810927629470825
0.6530768871307373
0.39493057131767273
0.3904399275779724
0.8491759300231934
0.5464090704917908
0.5681880712509155
0.7425054311752319
0.59794682264328
0.6052619814872742
0.5337250232696533
0.45054078102111816
0.5146663188934326
0.7078882455825806
0.5489367246627808
0.482002854347229
0.6321405172348022
0.6046173572540283
0.4782768189907074
0.58336341381073
0.611910343170166
0.34902238845825195
0.6451578736305237
0.7497190237045288
0.5117418169975281
0.6662378311157227
0.626378059387207
0.7133980989456177
0.6355888843536377
0.5298668146133423
0.74751216173172
0.487226665019989
0.7883962392807007
0.6710207462310791
0.5296265482902527
0.6019703149795532
0.6908783912658691
0.52889484167099
0.5351190567016602
0.40311741828918457
0.7457989454269409
0.6850416660308838
0.6758506894111633
0.4825619161128998
0.6928117275238037
0.6220437288284302
0.49404019117355347
0.46623632311820984
0.6725722551345825
0.5571391582489014
0.48639148473739624
0.5873870849609375
0.5875078439712524
0.6555457711219788
0.5200573801994324
0.6393855810165405
0.642560601234436
0.6360499858856201
0.5296188592910767
0.7074166536331177
0.5677366256713867
0.5728620290756226
0.5765681862831116
0.7490625381469727
0.6403694152832031
0.5343592166900635
0.5095590949058533
0.6611597537994385
0.5754715204238892
0.6065504550933838
0.6327308416366577
0.6526085138320923
0.6513951420783997
0.4780726730823517
0.8157567977905273
0.6394030451774597
0.6648033857345581
0.6357245445251465
0.6633516550064087
0.6391241550445557
0.6716280579566956
0.6108721494674683
0.5890309810638428
0.6245383024215698
0.5517760515213013
0.6602076292037964
0.530779242515564
0.579649806022644
0.43436944484710693
0.5448468923568726
0.47173288464546204
0.6838239431381226
0.7081001996994019
0.584359347820282
0.6693528890609741
0.6622974872589111
0.6765822768211365
0.5894120931625366
0.4548290967941284
0.7648007869720459
0.6231050491333008
0.6573840975761414
0.5874818563461304
0.508742094039917
0.6417999267578125
0.5408999919891357
0.6066773533821106
0.6276583075523376
0.5811899900436401
0.6061587929725647
0.5658230781555176
0.7316287755966187
0.5667940378189087
0.6869980096817017
0.6273846626281738
0.732927680015564
0.5835115909576416
0.6541368365287781
0.49733787775039673
0.7022196054458618
0.5396537780761719
0.6319713592529297
0.5491082668304443
0.6232562065124512
0.5592410564422607
0.5703473687171936
0.5873051881790161
0.813052237033844
0.7298409938812256
0.5858681201934814
0.6315635442733765
0.7508543729782104
0.4240841269493103
0.6611182689666748
0.5956010818481445
0.5073017477989197
0.5166114568710327
0.3786051571369171
0.5453067421913147
0.6181160807609558
0.514055073261261
0.5935945510864258
0.6202477216720581
0.5829210877418518
0.6240905523300171
0.6150791645050049
0.5653514862060547
0.6840825080871582
0.47735175490379333
0.5787469148635864
0.5666451454162598
0.657915472984314
0.635151743888855
0.6710339188575745
0.5050522089004517
0.6085354089736938
0.45839858055114746
0.4937179684638977
0.6029496192932129
0.7134442925453186
0.6107113361358643
0.576682448387146
0.729668378829956
0.6068849563598633
0.5799001455307007
0.762904942035675
0.5269274115562439
0.5397026538848877
0.44876548647880554
0.5828971266746521
0.5126679539680481
0.6785266995429993
0.6773228645324707
0.5444229245185852
0.5473031997680664
0.6183434724807739
0.7329161763191223
0.6004923582077026
0.6090856194496155
0.4510330557823181
0.51817786693573
0.43610841035842896
0.7759121656417847
0.5105687379837036
0.4253268241882324
0.5598556995391846
0.5920689105987549
0.5698910355567932
0.6344229578971863
0.6484231948852539
0.5990641117095947
0.6484470963478088
0.5630244612693787
0.7081282734870911
0.6012322902679443
0.6577895879745483
0.5369760394096375
0.42062580585479736
0.5405372381210327
0.3941602110862732
0.6977949142456055
0.4719421863555908
0.6329960823059082
0.752856969833374
0.6218256950378418
0.7060725092887878
0.5207988619804382
0.5924869775772095
0.569088339805603
0.5522754192352295
0.5723670721054077
0.6734863519668579
0.7066771984100342
0.6033698916435242
0.571688175201416
0.5850849151611328
0.658413290977478
0.7122665643692017
0.4852031171321869
0.5297141075134277
0.7338987588882446
0.44976311922073364
0.7495310306549072
0.6117200255393982
0.7060704231262207
0.5918045043945312
0.7322317361831665
0.6464341282844543
0.6627404689788818
0.48949217796325684
0.5758663415908813
0.6828708052635193
0.6043171882629395
0.5789064168930054
0.6793291568756104
0.6462790369987488
0.6851392984390259
0.569631814956665
0.5397390127182007
0.7498728036880493
0.5427510738372803
0.5323984026908875
0.4324404001235962
0.7173348665237427
0.5425130724906921
0.6358219385147095
0.686920166015625
0.6858702898025513
0.5472316741943359
0.5985610485076904
0.5218923687934875
0.6554836630821228
0.587816596031189
0.5326988697052002
0.5845956802368164
0.35564807057380676
0.6483920216560364
0.508513331413269
0.6842922568321228
0.5240250825881958
0.6070950031280518
0.6145424246788025
0.7047629356384277
0.5570993423461914
0.4927048087120056
0.5764333009719849
0.7330812811851501
0.5659509301185608
0.4387827515602112
0.6725854873657227
0.48846495151519775
0.6058230400085449
0.7965309023857117
0.6430456638336182
0.662469744682312
0.6019833087921143
0.5616739988327026
0.5934772491455078
0.5862190127372742
0.6151965856552124
0.5294371843338013
0.6896229982376099
0.7823852300643921
0.6971706748008728
0.6427100896835327
0.5939150452613831
0.5038576722145081
0.791944682598114
0.6026514172554016
0.6844838261604309
0.515465259552002
0.6265209913253784
0.7234626412391663
0.7093948721885681
0.6032066345214844
0.616950273513794
0.5706601142883301
0.6841696500778198
0.55118727684021
0.5227214097976685
0.5268057584762573
0.5666083693504333
0.6629236936569214
0.4228653013706207
0.46438461542129517
0.7629916667938232
0.6367568969726562
0.5099575519561768
0.6818033456802368
0.6535467505455017
0.5708983540534973
0.5776391625404358
0.3105221092700958
0.523106038570404
0.4527091085910797
0.7666485905647278
0.7006670832633972
0.6470044851303101
0.6840471625328064
0.6079642176628113
0.5868064761161804
0.6583175659179688
0.629724383354187
0.5768691301345825
0.6636895537376404
0.5647030472755432
0.626331090927124
0.6754565834999084
0.5650794506072998
0.5970956087112427
0.4184218645095825
0.6552589535713196
0.5214470028877258
0.6458234786987305
0.6498963832855225
0.7624673843383789
0.2674860954284668
0.6773911714553833
0.5521304607391357
0.7107517719268799
0.37361961603164673
0.5666329860687256
0.7085232138633728
0.54897540807724
0.5092251300811768
0.558289647102356
0.5033804774284363
0.6211731433868408
0.7451388835906982
0.6288092136383057
0.4496007561683655
0.4040102958679199
0.48817169666290283
0.3541528582572937
0.5972859859466553
0.6498288512229919
0.4733828902244568
0.7095680236816406
0.6983597278594971
0.623699426651001
0.651823878288269
0.6667234301567078
0.7616194486618042
0.390485554933548
0.7103301286697388
0.7063681483268738
0.48886311054229736
0.5683818459510803
0.5976426601409912
0.4871130883693695
0.6090919375419617
0.6866437196731567
0.5919601917266846
0.47852998971939087
0.47452670335769653
0.5336183309555054
0.8531012535095215
0.6078575849533081
0.5963345766067505
0.336655855178833
0.7520307302474976
0.5762002468109131
0.7274103760719299
0.5958690643310547
0.7369729280471802
0.696628987789154
0.5848779678344727
0.5552475452423096
0.5401721000671387
0.681128740310669
0.7860143184661865
0.6450619697570801
0.6193271279335022
0.3551366329193115
0.5300599932670593
0.6611782312393188
0.6942377090454102
0.6073000431060791
0.46676570177078247
0.577419102191925
0.6243512034416199
0.6101999282836914
0.45837533473968506
0.4425157308578491
0.5579060912132263
0.4875086545944214
0.4852955639362335
0.42982572317123413
0.5092061758041382
0.7712138891220093
0.5708770751953125
0.6404085755348206
0.7456490993499756
0.7428996562957764
0.49422603845596313
0.4707627296447754
0.7673636674880981
0.42681753635406494
0.5662674903869629
0.6512524485588074
0.4578227400779724
0.5971236228942871
0.5436124801635742
0.5802587866783142
0.46481287479400635
0.6442895531654358
0.5458522439002991
0.5296212434768677
0.5356824398040771
0.5581413507461548
0.4180670976638794
0.5032511949539185
0.7999770641326904
0.6355850696563721
0.5590413212776184
0.5607672333717346
0.5955973267555237
0.6275577545166016
0.5891383290290833
0.7120370268821716
0.7088474631309509
0.6273376941680908
0.6772826910018921
0.6515969634056091
0.6775311231613159
0.6006465554237366
0.5555124282836914
0.6592584848403931
0.6325687170028687
0.5312626361846924
0.7077909708023071
0.6077637672424316
0.6038604974746704
0.4395793676376343
0.6708829402923584
0.5424994230270386
0.48709046840667725
0.6789842247962952
0.608248770236969
0.5823633670806885
0.6047052145004272
0.6873087882995605
0.6578735113143921
0.4348197281360626
0.5646109580993652
0.6796066164970398
0.5526192784309387
0.6106536388397217
0.5450040102005005
0.5925835371017456
0.37163686752319336
0.6398400068283081
0.5875967741012573
0.6719918251037598
0.7116372585296631
0.4262775182723999
0.5913489460945129
0.4936761260032654
0.6150778532028198
0.3756236433982849
0.6879922151565552
0.66170734167099
0.7057532072067261
0.49180275201797485
0.5880451798439026
0.5621844530105591
0.49182164669036865
0.5458297729492188
0.5868862271308899
0.6073158979415894
0.5844069123268127
0.5994352102279663
0.6832156181335449
0.5278798937797546
0.7302447557449341
0.6066035032272339
0.4911557734012604
0.7836233377456665
0.7679593563079834
0.5727009177207947
0.561829686164856
0.545127809047699
0.5089908838272095
0.7422094345092773
0.5427162051200867
0.7772551774978638
0.6198602914810181
0.45450639724731445
0.5134904980659485
0.694530725479126
0.6985751390457153
0.4310265779495239
0.6111524105072021
0.4419795572757721
0.6036062240600586
0.47398096323013306
0.6831568479537964
0.6270484924316406
0.6004173755645752
0.45570096373558044
0.7556498050689697
0.581477165222168
0.6771138906478882
0.6425833702087402
0.526256263256073
0.7138327956199646
0.6639249324798584
0.8064461946487427
0.608607292175293
0.7121369242668152
0.5726542472839355
0.5491949319839478
0.6356509923934937
0.4678006172180176
0.5174275636672974
0.4882223308086395
0.6814857721328735
0.6978786587715149
0.6709728240966797
0.7664668560028076
0.5819786787033081
0.5338993072509766
0.6638011336326599
0.4739258289337158
0.7607384920120239
0.6169211864471436
0.5994649529457092
0.8246228694915771
0.6352561116218567
0.5130279064178467
0.5168197154998779
0.6820396184921265
0.6835245490074158
0.536655068397522
0.5689249038696289
0.6963558793067932
0.5354161858558655
0.5018728971481323
0.6888444423675537
0.4868369996547699
0.6558643579483032
0.6997478008270264
0.6985169649124146
0.5580587387084961
0.5646696090698242
0.6984168291091919
0.5393365621566772
0.6252042651176453
0.6346855163574219
0.6305040121078491
0.3570019602775574
0.6205609440803528
0.4894445538520813
0.47911450266838074
0.45427820086479187
0.6259213089942932
0.8555281758308411
0.7534096837043762
0.44354528188705444
0.5305403470993042
0.23557700216770172
0.7140721082687378
0.6173458099365234
0.5917913317680359
0.4640210270881653
0.663787305355072
0.572677493095398
0.502768874168396
0.643803596496582
0.644293487071991
0.6040462255477905
0.649027943611145
0.44326668977737427
0.6203866004943848
0.4139483571052551
0.669048547744751
0.5970433354377747
0.6242340803146362
0.6070032119750977
0.6685943603515625
0.5389621257781982
0.6254150867462158
0.5845945477485657
0.5481739044189453
0.4520244896411896
0.6587079763412476
0.6220721006393433
0.5870766639709473
0.546470582485199
0.463731050491333
0.7950559854507446
0.46710002422332764
0.4516533315181732
0.6263226270675659
0.5941123962402344
0.4858759641647339
0.7637558579444885
0.6847020387649536
0.5516323447227478
0.7628200054168701
0.5901085138320923
0.53586345911026
0.6590635180473328
0.6655006408691406
0.5317978262901306
0.6277410984039307
0.6544691920280457
0.6595541834831238
0.6303243637084961
0.5615807175636292
0.7759110927581787
0.4551438093185425
0.6268916726112366
0.5854306221008301
0.5933525562286377
0.5697115659713745
0.27624017000198364
0.6281346082687378
0.4791766107082367
0.7731328010559082
0.5946015119552612
0.5490913391113281
0.6497055292129517
0.5403667688369751
0.5587427616119385
0.6584972143173218
0.46646037697792053
0.6221672296524048
0.4489268660545349
0.5513328909873962
0.6253200769424438
0.5662524700164795
0.9007850885391235
0.7422391176223755
0.6035956144332886
0.7339354157447815
0.4292299449443817
0.6490981578826904
0.9049100875854492
0.7135473489761353
0.5225898623466492
0.7190578579902649
0.6368038058280945
0.44334495067596436
0.5269075632095337
0.46035951375961304
0.5932620167732239
0.6076592206954956
0.4991559386253357
0.6575674414634705
0.7321152687072754
0.6617339849472046
0.7347492575645447
0.5924343466758728
0.43424534797668457
0.5559810400009155
0.5189075469970703
0.6572314500808716
0.5933356285095215
0.5500128269195557
0.5666224956512451
0.5714894533157349
0.6237077713012695
0.439209520816803
0.7154284119606018
0.5869812965393066
0.37120723724365234
0.708350419998169
0.6389241218566895
0.5939479470252991
0.6895627975463867
0.7803778648376465
0.6213982701301575
0.26187464594841003
0.5665956139564514
0.16290922462940216
0.5503811836242676
0.6703817844390869
0.7034589052200317
0.6483210325241089
0.4267590343952179
0.701962947845459
0.4292585551738739
0.4986320734024048
0.6612930297851562
0.656538724899292
0.697242259979248
0.6315770149230957
0.609447717666626
0.5174685716629028
0.5621629357337952
0.6423505544662476
0.6259249448776245
0.6859480142593384
0.549967348575592
0.4834400415420532
0.6070849895477295
0.7412239909172058
0.5738903284072876
0.7289355397224426
0.7087353467941284
0.5729998350143433
0.4925168752670288
0.5601624250411987
0.5814257860183716
0.6855894327163696
0.695326566696167
0.5762126445770264
0.7179622650146484
0.6298478841781616
0.67723548412323
0.6069997549057007
0.6897895932197571
0.4819958806037903
0.6272523999214172
0.6104955673217773
0.6297534704208374
0.6428744792938232
0.6158787608146667
0.4348924160003662
0.6632592678070068
0.5040525197982788
0.4875034689903259
0.5303338766098022
0.47264862060546875
0.7422136664390564
0.4523725211620331
0.6270310878753662
0.5618635416030884
0.7698158025741577
0.5795903205871582
0.7867535948753357
0.6677808165550232
0.6327030658721924
0.5472169518470764
0.5961525440216064
0.5108238458633423
0.6749613285064697
0.6257026195526123
0.5919862389564514
0.6411911845207214
0.6423754692077637
0.7560588717460632
0.6281236410140991
0.40438976883888245
0.7053382396697998
0.6269910335540771
0.6520906686782837
0.6131471991539001
0.6846213340759277
0.5458723306655884
0.5054351091384888
0.8171457648277283
0.6473891735076904
0.6105564832687378
0.4877893328666687
0.5886269807815552
0.5406452417373657
0.5769927501678467
0.6092237234115601
0.6785697340965271
0.6333633661270142
0.610438346862793
0.6408092975616455
0.3764054775238037
0.7059777975082397
0.6038452386856079
0.5962910056114197
0.6112056970596313
0.5733395218849182
0.4655379056930542
0.5191843509674072
0.6853914260864258
0.5564243793487549
0.6714571714401245
0.6196246147155762
0.5031442642211914
0.630149245262146
0.6966944932937622
0.5973135232925415
0.6090776920318604
0.6223522424697876
0.7014929056167603
0.5768207907676697
0.5946694612503052
0.6644362807273865
0.42628905177116394
0.6105135679244995
0.6220411658287048
0.5662728548049927
0.6225610971450806
0.40277159214019775
0.554196298122406
0.6740657091140747
0.6008825302124023
0.6036712527275085
0.8294878005981445
0.6488999724388123
0.6087299585342407
0.5577930212020874
0.6019622087478638
0.6628418564796448
0.5492956042289734
0.5987391471862793
0.5604045391082764
0.5716508626937866
0.4921721816062927
0.5357035398483276
0.5905094742774963
0.6451741456985474
0.6316910982131958
0.5328097939491272
0.5403904914855957
0.5461515188217163
0.6317393779754639
0.7614007592201233
0.6626750230789185
0.6064233779907227
0.5451778769493103
0.6590717434883118
0.6993920803070068
0.4664008319377899
0.5978812575340271
0.6094068288803101
0.6087754368782043
0.47573122382164
0.6004347801208496
0.8451509475708008
0.6857399940490723
0.5405546426773071
0.6560180187225342
0.4494907855987549
0.5946429967880249
0.649154543876648
0.6517711877822876
0.5490968227386475
0.6069978475570679
0.6044334173202515
0.6003382205963135
0.4619944393634796
0.7264509797096252
0.6179459095001221
0.6680614948272705
0.56882244348526
0.5604296326637268
0.4420834183692932
0.6139415502548218
0.5303653478622437
0.6136043667793274
0.8312585353851318
0.5767136216163635
0.6535931825637817
0.6399058103561401
0.494937002658844
0.6330937147140503
0.6467427015304565
0.5548489689826965
0.5972964763641357
0.6526139974594116
0.5487780570983887
0.564720630645752
0.5805832147598267
0.6757863759994507
0.5706814527511597
0.640621542930603
0.42813557386398315
0.6884051561355591
0.6909940242767334
0.719832181930542
0.6369680166244507
0.7255501747131348
0.6943910121917725
0.7099109888076782
0.6725670099258423
0.6961492896080017
0.47853702306747437
0.6571056842803955
0.41202980279922485
0.6282142400741577
0.48568469285964966
0.540347158908844
0.5667814612388611
0.7335963845252991
0.5963971018791199
0.7133557796478271
0.44367778301239014
0.6463651657104492
0.582453727722168
0.6175132989883423
0.6592178344726562
0.5872119069099426
0.39747482538223267
0.6709870100021362
0.6608457565307617
0.6571433544158936
0.5690221190452576
0.623263418674469
0.20563168823719025
0.523959219455719
0.6108024716377258
0.5121862292289734
0.5234866738319397
0.6034679412841797
0.6719287037849426
0.6676914691925049
0.666191816329956
0.6099686622619629
0.25035935640335083
0.534128725528717
0.6218094825744629
0.7217193841934204
0.7708070874214172
0.6752797365188599
0.6090459823608398
0.7315431833267212
0.49875110387802124
0.8290618658065796
0.7824509143829346
0.7942309379577637
0.705604612827301
0.6087636947631836
0.5398646593093872
0.6918179392814636
0.7198375463485718
0.5792362689971924
0.6835677027702332
0.7571583986282349
0.7500784993171692
0.7271839380264282
0.5079763531684875
0.6041607856750488
0.49485042691230774
0.6623095273971558
0.5202698707580566
0.7226479053497314
0.5631787776947021
0.5788532495498657
0.43994924426078796
0.5849407911300659
0.5058546662330627
0.7981292605400085
0.6676856279373169
0.5433531999588013
0.484597772359848
0.666262686252594
0.5089181661605835
0.738045871257782
0.5899748206138611
0.5945512056350708
0.51378333568573
0.5010116100311279
0.651150107383728
0.6786420345306396
0.8171824216842651
0.664810299873352
0.6701657176017761
0.4964134395122528
0.3150378465652466
0.6132171154022217
0.7236054539680481
0.5830837488174438
0.5542721748352051
0.596859335899353
0.6464275121688843
0.660893976688385
0.6114451885223389
0.6730320453643799
0.43354368209838867
0.6610941886901855
0.519001841545105
0.6786155104637146
0.5087753534317017
0.6051456928253174
0.6139375567436218
0.642406165599823
0.5945042371749878
0.5474653840065002
0.6790473461151123
0.570429801940918
0.5904756784439087
0.6399574875831604
0.7078401446342468
0.4277704954147339
0.4187449514865875
0.5271142721176147
0.49319079518318176
0.6395027041435242
0.5321729183197021
0.565056324005127
0.600813627243042
0.6167618632316589
0.4126168489456177
0.6023547649383545
0.5177516937255859
0.588740348815918
0.6554126143455505
0.647419273853302
0.5998716354370117
0.472162663936615
0.8224257230758667
0.7547791004180908
0.682341456413269
0.6360371708869934
0.6155977249145508
0.6771514415740967
0.6315683126449585
0.6448796987533569
0.44031310081481934
0.5425007343292236
0.7774121761322021
0.8273981213569641
0.6050658226013184
0.6864516735076904
0.6051366329193115
0.4766192138195038
0.48898571729660034
0.5422825813293457
0.5839573740959167
0.5589855313301086
0.7620701789855957
0.7141175270080566
0.8129348754882812
0.504760205745697
0.6258919835090637
0.464067280292511
0.6609070897102356
0.6808657050132751
0.7191609144210815
0.645002007484436
0.6179335713386536
0.7318428754806519
0.5225246548652649
0.6574930548667908
0.41634291410446167
0.36144018173217773
0.7227267026901245
0.5902880430221558
0.6546119451522827
0.5587145090103149
0.5324668288230896
0.6160906553268433
0.6216167211532593
0.3856434226036072
0.4248947203159332
0.5296715497970581
0.2923988103866577
0.48602133989334106
0.5724977850914001
0.47025805711746216
0.6188178062438965
0.3523124158382416
0.5969309210777283
0.5567086338996887
0.7640790343284607
0.5265859365463257
0.6848386526107788
0.6124544143676758
0.580016553401947
0.4569752812385559
0.7412875294685364
0.7145296335220337
0.6459490656852722
0.5443124175071716
0.5277606248855591
0.7035541534423828
0.6295651197433472
0.8085858821868896
0.6934151649475098
0.6821911931037903
0.6566197872161865
0.5295202732086182
0.6070596575737
0.479386568069458
0.3783804178237915
0.6389296650886536
0.6575380563735962
0.6779582500457764
0.5147149562835693
0.7039029598236084
0.645002007484436
0.7640345096588135
0.5588288307189941
0.6770405769348145
0.5924123525619507
0.5768024921417236
0.6666882634162903
0.7165614366531372
0.4749070405960083
0.5924608707427979
0.6808486580848694
0.4940493106842041
0.6370116472244263
0.7194668054580688
0.5533313751220703
0.42724180221557617
0.6274440288543701
0.5518985986709595
0.5008230209350586
0.5264750719070435
0.5462626218795776
0.45500826835632324
0.4926978051662445
0.5549138784408569
0.6193065643310547
0.7208884358406067
0.6184687614440918
0.5772236585617065
0.7287911176681519
0.552444338798523
0.4707186818122864
0.7453188896179199
0.550841748714447
0.665107250213623
0.7386095523834229
0.5850762128829956
0.8507905602455139
0.6527245044708252
0.6076738238334656
0.4988515377044678
0.6373093128204346
0.6710289120674133
0.613289475440979
0.6933799982070923
0.5461064577102661
0.7284968495368958
0.6013756990432739
0.5927473902702332
0.5990787744522095
0.5693787336349487
0.613065779209137
0.5665521621704102
0.6457995176315308
0.5875270366668701
0.5999630689620972
0.7043548226356506
0.516832709312439
0.49952030181884766
0.6262403726577759
0.6570156812667847
0.6007436513900757
0.6498485803604126
0.8051493763923645
0.594292163848877
0.4972129464149475
0.564246416091919
0.6957129836082458
0.488391637802124
0.582161545753479
0.5152291059494019
0.7744790315628052
0.7170789241790771
0.7031879425048828
0.5345939993858337
0.5538079738616943
0.7109999656677246
0.706428587436676
0.5918924808502197
0.4976392984390259
0.4504692852497101
0.5938607454299927
0.4834739863872528
0.6180849671363831
0.5100836157798767
0.6534634232521057
0.5752218961715698
0.7882797718048096
0.6136429309844971
0.6778273582458496
0.6231290102005005
0.6185020208358765
0.625381588935852
0.6870944499969482
0.6545392870903015
0.6072556376457214
0.5215445756912231
0.6853184700012207
0.6966164112091064
0.5367499589920044
0.545470118522644
0.4562928080558777
0.6710953116416931
0.4445257782936096
0.5039947628974915
0.5078795552253723
0.5294555425643921
0.5610637664794922
0.6893307566642761
0.6151367425918579
0.7116335034370422
0.7026302814483643
0.5833324193954468
0.4921436309814453
0.6578876972198486
0.6068575382232666
0.6112725734710693
0.7163481116294861
0.6429915428161621
0.5757887363433838
0.6618553400039673
0.6941680908203125
0.6007624864578247
0.6886486411094666
0.46614551544189453
0.6710996627807617
0.7106149196624756
0.5733781456947327
0.8346686363220215
0.5721530914306641
0.6529515981674194
0.5601522922515869
0.3134797215461731
0.8354449272155762
0.6294407844543457
0.7447613477706909
0.5619911551475525
0.5809545516967773
0.49337130784988403
0.5941873788833618
0.5155198574066162
0.5225385427474976
0.7925018072128296
0.7422353625297546
0.48402994871139526
0.4142865240573883
0.6945681571960449
0.6814543604850769
0.6066595315933228
0.5003210306167603
0.6418429613113403
0.7100358009338379
0.4623608887195587
0.6467556953430176
0.5582729578018188
0.481592059135437
0.8118556141853333
0.6756401062011719
0.5915744304656982
0.6935444474220276
0.5922500491142273
0.5436007976531982
0.5609809160232544
0.6876242160797119
0.43346065282821655
0.6274582147598267
0.7151104807853699
0.6858221292495728
0.5072364211082458
0.9002577066421509
0.5767562985420227
0.6416979432106018
0.5053883194923401
0.6226679086685181
0.3921428918838501
0.5825251340866089
0.5263818502426147
0.6912251114845276
0.6109483242034912
0.5909085273742676
0.6513003706932068
0.6135098934173584
0.6172703504562378
0.42032390832901
0.7484887838363647
0.6172507405281067
0.6384719610214233
0.4668334722518921
0.5340847969055176
0.6762919425964355
0.5335907936096191
0.5534558296203613
0.5294256210327148
0.45578017830848694
0.8690028786659241
0.6027626991271973
0.7369917631149292
0.47259247303009033
0.6703017354011536
0.7910945415496826
0.7240020036697388
0.6337781548500061
0.5427355766296387
0.6238318681716919
0.7366245985031128
0.5013693571090698
0.5349066257476807
0.7359009981155396
0.5876821279525757
0.6101727485656738
0.507838249206543
0.5621963143348694
0.5626662969589233
0.6282470226287842
0.6992594599723816
0.5913271903991699
0.6480016112327576
0.5386518836021423
0.564315140247345
0.6743801236152649
0.42097729444503784
0.6961390972137451
0.30514276027679443
0.7362038493156433
0.7232425212860107
0.5776364803314209
0.5374132394790649
0.7323875427246094
0.7942160367965698
0.573351263999939
0.6459826231002808
0.5844735503196716
0.7193104028701782
0.5603458285331726
0.35807186365127563
0.6347504258155823
0.6850902438163757
0.7982233762741089
0.7087091207504272
0.4984164237976074
0.5425457954406738
0.7915164232254028
0.6921567916870117
0.6558249592781067
0.6326577663421631
0.7004884481430054
0.6284003257751465
0.6172757148742676
0.6001057624816895
0.5272279381752014
0.5658984780311584
0.7186644673347473
0.617117702960968
0.5282193422317505
0.5928266048431396
0.6554575562477112
0.617694079875946
0.509104311466217
0.6887633800506592
0.6444888114929199
0.6603463888168335
0.5826656818389893
0.4598985016345978
0.7273086309432983
0.575191855430603
0.614487886428833
0.7147953510284424
0.7435188293457031
0.7324081659317017
0.5881998538970947
0.7749243974685669
0.48412251472473145
0.8626317977905273
0.5503731369972229
0.5659382343292236
0.6329188346862793
0.5288405418395996
0.6142429113388062
0.5675863027572632
0.582013726234436
0.77680504322052
0.630568265914917
0.5320965051651001
0.5911015868186951
0.7223412990570068
0.5409933924674988
0.7008755803108215
0.7172346115112305
0.6527358293533325
0.7657762765884399
0.6471449136734009
0.562293291091919
0.5381349325180054
0.6861959099769592
0.6743168830871582
0.5174453258514404
0.47940677404403687
0.6509997844696045
0.5449656248092651
0.47615256905555725
0.6070882081985474
0.715398907661438
0.6839878559112549
0.5985546708106995
0.5238738059997559
0.6153733134269714
0.6923853158950806
0.6481783390045166
0.7367757558822632
0.5621669292449951
0.7134506702423096
0.6681355237960815
0.6179926991462708
0.5917379856109619
0.6062046885490417
0.6226178407669067
0.6703720688819885
0.702669620513916
0.4776822328567505
0.5242310762405396
0.40443360805511475
0.7593152523040771
0.5782037973403931
0.6417651176452637
0.613677978515625
0.7346276044845581
0.7543420195579529
0.6314926743507385
0.6426792144775391
0.9359748363494873
0.7244250774383545
0.5469503402709961
0.41798704862594604
0.624194324016571
0.6117690801620483
0.4678034484386444
0.6672841906547546
0.5112831592559814
0.48178210854530334
0.6942915916442871
0.7729042768478394
0.5666944980621338
0.6910790205001831
0.5977728962898254
0.48826518654823303
0.7130645513534546
0.7400590181350708
0.562761127948761
0.6313474178314209
0.6361890435218811
0.699170708656311
0.6656550765037537
0.59987473487854
0.5932101607322693
0.7068507671356201
0.6306840777397156
0.5768744945526123
0.5719034075737
0.644601583480835
0.5808650851249695
0.549931526184082
0.6359219551086426
0.6346681714057922
0.5794044733047485
0.626008152961731
0.5918011665344238
0.7036039233207703
0.5998141765594482
0.5100832581520081
0.6705282926559448
0.6614939570426941
0.5260512828826904
0.6311962604522705
0.5023325681686401
0.49489134550094604
0.6326221227645874
0.5653806924819946
0.5523316860198975
0.5472628474235535
0.5311535596847534
0.576396107673645
0.5431451201438904
0.6488891839981079
0.739641547203064
0.5853601694107056
0.5793818235397339
0.6603357195854187
0.522282600402832
0.6827806234359741
0.6176862716674805
0.6448925137519836
0.6382071375846863
0.6679278612136841
0.686610758304596
0.5771268010139465
0.6688636541366577
0.6191222667694092
0.6269752979278564
0.6253311038017273
0.43314802646636963
0.3899952471256256
0.5095558166503906
0.5321235060691833
0.6405583620071411
0.48725536465644836
0.61925208568573
0.5455990433692932
0.6384902596473694
0.6891136169433594
0.5907835960388184
0.47356534004211426
0.5431671738624573
0.4629219174385071
0.4553702473640442
0.5052277445793152
0.6596534848213196
0.6880096197128296
0.8179094791412354
0.6023828983306885
0.47407543659210205
0.6111305356025696
0.7746490240097046
0.4629095792770386
0.39359861612319946
0.718005895614624
0.6394649147987366
0.7161239385604858
0.7420669198036194
0.6091240644454956
0.6944382786750793
0.5202691555023193
0.5657798051834106
0.6176554560661316
0.42998525500297546
0.611042320728302
0.4277578592300415
0.6908664107322693
0.7850455045700073
0.6452521085739136
0.5752372741699219
0.6157494187355042
0.8438714146614075
0.38433361053466797
0.6044279932975769
0.39578568935394287
0.6802157163619995
0.6356935501098633
0.6633557081222534
0.6072670221328735
0.7670150995254517
0.619696855545044
0.6141147613525391
0.6299601793289185
0.7442046999931335
0.6764328479766846
0.6071565747261047
0.5423813462257385
0.7110989689826965
0.7256088256835938
0.5479070544242859
0.5690536499023438
0.6017899513244629
0.6207311153411865
0.613672137260437
0.6760962009429932
0.5431959629058838
0.47409504652023315
0.519204318523407
0.6664085984230042
0.6872448921203613
0.6308544874191284
0.486552357673645
0.6550319194793701
0.5879747867584229
0.7517041563987732
0.6299411058425903
0.6658737659454346
0.6329637169837952
0.561200737953186
0.6014567613601685
0.6279450058937073
0.5381437540054321
0.5559322237968445
0.6602602005004883
0.6824964284896851
0.5600097179412842
0.6541070938110352
0.5142152309417725
0.407188355922699
0.3437429368495941
0.5727357864379883
0.48833736777305603
0.5807571411132812
0.7314960956573486
0.7253333330154419
0.8281480073928833
0.6408485174179077
0.5907431840896606
0.5499551296234131
0.499872624874115
0.6514956951141357
0.6303949356079102
0.6960495710372925
0.6682126522064209
0.632624626159668
0.473685622215271
0.5636276006698608
0.6096041202545166
0.6860394477844238
0.7149529457092285
0.4896884560585022
0.5759340524673462
0.6046513319015503
0.7509472370147705
0.5146605372428894
0.6787089109420776
0.5847793221473694
0.6368556618690491
0.6224801540374756
0.631009578704834
0.5048843026161194
0.753236711025238
0.7876663208007812
0.6504759788513184
0.5998727679252625
0.48443472385406494
0.6575354933738708
0.5488595962524414
0.6386123895645142
0.6067448854446411
0.5850592255592346
0.5219012498855591
0.5944722294807434
0.7231694459915161
0.7389401197433472
0.4721648097038269
0.5502043962478638
0.5474322438240051
0.6292016506195068
0.3637758195400238
0.7689220905303955
0.5974481105804443
0.5886932015419006
0.7002078890800476
0.46867623925209045
0.6094792485237122
0.6276187300682068
0.5720815658569336
0.487566202878952
0.6575924754142761
0.5555118322372437
0.607337236404419
0.6618963479995728
0.5892667770385742
0.45929592847824097
0.6034829020500183
0.6299706697463989
0.7610431909561157
0.687221884727478
0.6022248268127441
0.48040658235549927
0.5565798878669739
0.5755574107170105
0.5303032398223877
0.641553521156311
0.6129007339477539
0.49130779504776
0.7530902028083801
0.7488512396812439
0.6831221580505371
0.4220508337020874
0.5964770317077637
0.4030935764312744
0.6938939094543457
0.4177672863006592
0.5645046234130859
0.6264278888702393
0.6350317001342773
0.5626490116119385
0.7226793169975281
0.7864106893539429
0.4097161591053009
0.6405339241027832
0.4957985281944275
0.6905288696289062
0.6293046474456787
0.6561241745948792
0.6916404962539673
0.7025352120399475
0.5864741802215576
0.5978142023086548
0.6826815605163574
0.6613019704818726
0.5547580122947693
0.5473065972328186
0.4883521795272827
0.6228068470954895
0.4434398412704468
0.6426274180412292
0.4082675874233246
0.6758037805557251
0.7437849044799805
0.5618093013763428
0.5006669759750366
0.5431854724884033
0.4248388409614563
0.6978013515472412
0.6340177059173584
0.7595045566558838
0.6214406490325928
0.6221405267715454
0.6620883345603943
0.5421909689903259
0.6615530252456665
0.38638055324554443
0.6799914836883545
0.6778369545936584
0.4839494526386261
0.6587989330291748
0.5072266459465027
0.6843676567077637
0.719415545463562
0.7212909460067749
0.5916768908500671
0.5578842759132385
0.6557447910308838
0.5286837816238403
0.6205364465713501
0.7802156209945679
0.7038373351097107
0.5233432054519653
0.5402042865753174
0.44870516657829285
0.5925824642181396
0.6778452396392822
0.6713001728057861
0.44353389739990234
0.5679707527160645
0.38755321502685547
0.501435399055481
0.7209195494651794
0.6293962001800537
0.5574451088905334
0.676479697227478
0.8562940359115601
0.5729921460151672
0.3793930411338806
0.6907116770744324
0.6189718246459961
0.5576575398445129
0.8011233806610107
0.5892756581306458
0.7720744013786316
0.6460623741149902
0.6841914653778076
0.6551095247268677
0.5609006881713867
0.7134566903114319
0.662144660949707
0.4145187735557556
0.7138612866401672
0.7245492935180664
0.9025386571884155
0.7397496700286865
0.7358250617980957
0.6151695847511292
0.3721230924129486
0.5845563411712646
0.704254150390625
0.6672065258026123
0.5625070929527283
0.6354930996894836
0.7797043919563293
0.530950665473938
0.6317014098167419
0.5191070437431335
0.8122787475585938
0.49468791484832764
0.6143320798873901
0.5336133241653442
0.6362268924713135
0.5520990490913391
0.6475470662117004
0.704329252243042
0.5682077407836914
0.5136850476264954
0.6735952496528625
0.5316084623336792
0.7024226188659668
0.6464265584945679
0.6962124109268188
0.5762439370155334
0.571257472038269
0.6435974836349487
0.6641316413879395
0.4941917657852173
0.6954212188720703
0.6248539686203003
0.740940272808075
0.5095503330230713
0.5985393524169922
0.42597222328186035
0.4809271991252899
0.6188808679580688
0.7513039112091064
0.5839323997497559
0.6052719354629517
0.589012622833252
0.545257031917572
0.5847042202949524
0.6811448335647583
0.6238300800323486
0.6206367015838623
0.5721732378005981
0.6414861679077148
0.6484922170639038
0.5475093126296997
0.6732012033462524
0.6297478079795837
0.42840710282325745
0.5338001847267151
0.4729829728603363
0.561454713344574
0.7226724028587341
0.5413268208503723
0.5051582455635071
0.4884892404079437
0.264823317527771
0.5847338438034058
0.6633069515228271
0.6175919771194458
0.6079795956611633
0.7005198001861572
0.5356684923171997
0.48417073488235474
0.5223445892333984
0.642029881477356
0.5886191129684448
0.5585073828697205
0.6082143783569336
0.64365154504776
0.780826210975647
0.6543171405792236
0.6627322435379028
0.6643339395523071
0.5699894428253174
0.7937598824501038
0.6134593486785889
0.4805988669395447
0.5977733135223389
0.5651347637176514
0.4421478509902954
0.5958908796310425
0.6412296295166016
0.6124539375305176
0.5249974727630615
0.5827196836471558
0.5542014241218567
0.5221542716026306
0.6238696575164795
0.48465874791145325
0.6300793886184692
0.6948332786560059
0.739707887172699
0.6503059267997742
0.7684661149978638
0.6081831455230713
0.6012954711914062
0.5456346273422241
0.7388892769813538
0.7381570339202881
0.3949736952781677
0.6314619779586792
0.5492062568664551
0.5994235277175903
0.4997752904891968
0.6181247234344482
0.6034864783287048
0.7337117195129395
0.6370124816894531
0.7213431596755981
0.5524008870124817
0.45358532667160034
0.6764553785324097
0.5583734512329102
0.4198765754699707
0.4805220067501068
0.5996640920639038
0.5605822801589966
0.7930148839950562
0.5671663284301758
0.6541640758514404
0.7124274373054504
0.555975615978241
0.4719654321670532
0.6423026323318481
0.7366566061973572
0.5523456335067749
0.6116839647293091
0.7532122135162354
0.42964911460876465
0.5378358364105225
0.7895852327346802
0.3831765353679657
0.6294734477996826
0.6384760141372681
0.536400318145752
0.7229311466217041
0.5668253898620605
0.7032694816589355
0.5169268846511841
0.6392264366149902
0.7642120122909546
0.775481641292572
0.5361545085906982
0.5607242584228516
0.6858158111572266
0.8287492394447327
0.6359071731567383
0.39026206731796265
0.6365251541137695
0.5517239570617676
0.7198038101196289
0.651424765586853
0.4299262762069702
0.6660577058792114
0.35684990882873535
0.5008531808853149
0.5256128907203674
0.5459169149398804
0.3797360062599182
0.5031910538673401
0.6661128401756287
0.6584794521331787
0.5458016395568848
0.4749845862388611
0.6092284321784973
0.6153217554092407
0.6127097606658936
0.6016939282417297
0.6565370559692383
0.5614309310913086
0.7861708998680115
0.6744028925895691
0.6140789985656738
0.6867324113845825
0.5142222046852112
0.6591963768005371
0.5395326614379883
0.6419477462768555
0.5130646228790283
0.6211456656455994
0.49773359298706055
0.49282652139663696
0.6378234028816223
0.6109722852706909
0.6158422231674194
0.5477677583694458
0.6484071016311646
0.5690155029296875
0.49055027961730957
0.38464927673339844
0.5528028011322021
0.5464732646942139
0.588169515132904
0.7190207242965698
0.6410465836524963
0.5824228525161743
0.6468562483787537
0.7410445213317871
0.5636142492294312
0.5405967235565186
0.6684294939041138
0.707971453666687
0.4711335599422455
0.5384304523468018
0.6393073797225952
0.538335919380188
0.605661153793335
0.3988160789012909
0.6287667155265808
0.7089627385139465
0.571090579032898
0.6191637516021729
0.6224262714385986
0.49853646755218506
0.3393796682357788
0.7376980185508728
0.663528561592102
0.6766700744628906
0.5070793628692627
0.6279075741767883
0.6476771831512451
0.6027774214744568
0.5285401940345764
0.607829213142395
0.672792911529541
0.7862686514854431
0.7351921796798706
0.48341163992881775
0.5051555633544922
0.7556451559066772
0.5439103841781616
0.5912854671478271
0.5889647006988525
0.6638028621673584
0.5914863348007202
0.5328474044799805
0.6236321926116943
0.5270930528640747
0.7170004844665527
0.6571791172027588
0.44474634528160095
0.6751312613487244
0.5518600940704346
0.7603719830513
0.6751986742019653
0.5597304701805115
0.5901455879211426
0.43683546781539917
0.5345041751861572
0.6280357241630554
0.49560531973838806
0.5631366968154907
0.5607880353927612
0.6912200450897217
0.6889111399650574
0.7260967493057251
0.5648947954177856
0.7009924650192261
0.5774362087249756
0.5717800855636597
0.309837281703949
0.5126364231109619
0.4965517520904541
0.6445468068122864
0.576253354549408
0.54449462890625
0.4978221654891968
0.38219887018203735
0.664415717124939
0.4207950234413147
0.7040250301361084
0.5019729137420654
0.6735625267028809
0.40868037939071655
0.5631367564201355
0.31131070852279663
0.5762953162193298
0.8143380880355835
0.40780243277549744
0.6235978007316589
0.622281551361084
0.5007126331329346
0.5141564011573792
0.5991986989974976
0.6473315954208374
0.499752402305603
0.641758143901825
0.6622719764709473
0.6144881248474121
0.7440954446792603
0.819343090057373
0.5257339477539062
0.44255757331848145
0.5931884050369263
0.6626993417739868
0.6415854692459106
0.6677693128585815
0.6762596964836121
0.6580402851104736
0.6363875269889832
0.6352552175521851
0.5512288808822632
0.6630932092666626
0.49226194620132446
0.6803940534591675
0.5435613393783569
0.576341450214386
0.6210591793060303
0.5708084106445312
0.7252558469772339
0.6399286985397339
0.6713683605194092
0.6652886867523193
0.6207515597343445
0.467995285987854
0.625561535358429
0.7014578580856323
0.5525309443473816
0.4801889657974243
0.6290740966796875
0.5638774633407593
0.6230871677398682
0.7114930748939514
0.5378873348236084
0.4843499958515167
0.607718825340271
0.6779857873916626
0.5434039235115051
0.6678571701049805
0.7003820538520813
0.6726819276809692
0.5252431631088257
0.49231991171836853
0.5816671252250671
0.5333284735679626
0.4494125247001648
0.46369993686676025
0.5339424014091492
0.7161921262741089
0.559028148651123
0.7466992735862732
0.5629413723945618
0.6605337858200073
0.670731782913208
0.6236083507537842
0.39208275079727173
0.7512005567550659
0.6449892520904541
0.5738586187362671
0.5189969539642334
0.7883654236793518
0.5776419043540955
0.735202431678772
0.5516461133956909
0.5735790133476257
0.8128447532653809
0.6651574969291687
0.5256607532501221
0.4861832857131958
0.7009915113449097
0.609091579914093
0.7404248714447021
0.7398697137832642
0.6999281644821167
0.5106768608093262
0.5561429262161255
0.7222887277603149
0.6574816703796387
0.7424451112747192
0.5196897983551025
0.6795825958251953
0.6579179763793945
0.5005325675010681
0.48776841163635254
0.5422487258911133
0.6122314929962158
0.7994104623794556
0.5522998571395874
0.4882044792175293
0.7012829780578613
0.5867826342582703
0.6748849749565125
0.5797789096832275
0.6645070910453796
0.6101458072662354
0.5739805698394775
0.48053449392318726
0.6184467673301697
0.5353246927261353
0.6408315896987915
0.6735435128211975
0.7575169801712036
0.6997303366661072
0.7055752873420715
0.6288827657699585
0.5276034474372864
0.4781084656715393
0.586530327796936
0.6199092864990234
0.476723849773407
0.509718656539917
0.7184327244758606
0.67617267370224
0.5957165956497192
0.6101166605949402
0.5661879181861877
0.50965815782547
0.5983256101608276
0.4094369113445282
0.6431471109390259
0.6013824343681335
0.5811751484870911
0.5206135511398315
0.6641358137130737
0.6402332782745361
0.7236735820770264
0.5666016340255737
0.542521595954895
0.6821117997169495
0.7317095398902893
0.6788017153739929
0.5668892860412598
0.4938742220401764
0.5253534317016602
0.6411576867103577
0.650039792060852
0.6685168147087097
0.5366971492767334
0.4806475043296814
0.5668689012527466
0.6144772171974182
0.5861599445343018
0.4719427227973938
0.474172443151474
0.6046826839447021
0.750402569770813
0.3380400538444519
0.6595383882522583
0.6934510469436646
0.5709253549575806
0.6350528597831726
0.5992132425308228
0.5576597452163696
0.6174459457397461
0.6254947185516357
0.6133229732513428
0.5669240951538086
0.6284672021865845
0.4914563298225403
0.646943211555481
0.6625618934631348
0.550938606262207
0.5003167986869812
0.6442824602127075
0.5999071598052979
0.5330278873443604
0.6332978010177612
0.5622134208679199
0.5270313024520874
0.6273956894874573
0.570940375328064
0.52325439453125
0.6263546347618103
0.46746617555618286
0.6147367358207703
0.5444802641868591
0.5718706846237183
0.6079365015029907
0.6083582043647766
0.5445226430892944
0.681817889213562
0.5441473126411438
0.6203625202178955
0.42787593603134155
0.5577067136764526
0.5960550904273987
0.40096044540405273
0.6560928821563721
0.5208290219306946
0.6861189603805542
0.6886963844299316
0.5959993004798889
0.36309269070625305
0.6541454792022705
0.39369481801986694
0.578613817691803
0.7122907638549805
0.4022083282470703
0.5236084461212158
0.7502603530883789
0.5780410766601562
0.5663017630577087
0.5288140773773193
0.6605775356292725
0.6541889905929565
0.4922409653663635
0.5674917101860046
0.5465811491012573
0.61590576171875
0.2806776762008667
0.4411435127258301
0.7134794592857361
0.5036027431488037
0.6963753700256348
0.6315411329269409
0.6046780347824097
0.6403061151504517
0.6449028253555298
0.5865769982337952
0.6860232949256897
0.511067271232605
0.6755229234695435
0.6245932579040527
0.5862143039703369
0.5449544787406921
0.5406016707420349
0.5298179388046265
0.5659284591674805
0.643913984298706
0.4388841688632965
0.417341947555542
0.6925631761550903
0.5229041576385498
0.4710010290145874
0.4510963261127472
0.6942369937896729
0.7198047637939453
0.5553756952285767
0.7352868318557739
0.5492877960205078
0.6112494468688965
0.5350896120071411
0.587597131729126
0.6850621700286865
0.6676228046417236
0.6668851971626282
0.667542040348053
0.6747565269470215
0.6573675870895386
0.4192565679550171
0.5850547552108765
0.6442601084709167
0.624625563621521
0.7339856624603271
0.4728919267654419
0.6409398317337036
0.4956819415092468
0.5742796659469604
0.618524432182312
0.5949740409851074
0.7109107971191406
0.8172602653503418
0.6163042783737183
0.48992758989334106
0.5178982019424438
0.6936087012290955
0.6395161747932434
0.5521348714828491
0.6176937222480774
0.6165033578872681
0.5055404305458069
0.6414725184440613
0.7053718566894531
0.5973731279373169
0.5532603859901428
0.576729953289032
0.6208827495574951
0.7244769930839539
0.6952012777328491
0.546997606754303
0.8343055248260498
0.6021153926849365
0.3626558184623718
0.6896829009056091
0.5206319689750671
0.5691995620727539
0.6273664236068726
0.557111382484436
0.41174763441085815
0.8016549348831177
0.7140165567398071
0.567020058631897
0.5319953560829163
0.7777708172798157
0.5449236631393433
0.6360235214233398
0.5844327807426453
0.6705806255340576
0.5985312461853027
0.6925046443939209
0.4126420021057129
0.40157410502433777
0.5593655109405518
0.6041423082351685
0.4621046185493469
0.4575965702533722
0.5558732151985168
0.6533105373382568
0.6465592980384827
0.5628055334091187
0.6636376976966858
0.6213310360908508
0.6287769675254822
0.6852827072143555
0.6135086417198181
0.6502331495285034
0.5021044015884399
0.6883172988891602
0.6579546928405762
0.6495843529701233
0.46378469467163086
0.5091490745544434
0.5552763938903809
0.5299123525619507
0.5580626726150513
0.40683984756469727
0.5265457630157471
0.44772109389305115
0.6010445356369019
0.6670002937316895
0.6530473828315735
0.8014411926269531
0.5132876634597778
0.3611021339893341
0.505247950553894
0.5499939918518066
0.6398426294326782
0.44672727584838867
0.5713504552841187
0.7048512697219849
0.44911623001098633
0.5234454870223999
0.601958155632019
0.5807455778121948
0.6778839826583862
0.5635337233543396
0.6007825136184692
0.5504021644592285
0.4949793219566345
0.5342280268669128
0.7661141157150269
0.6628110408782959
0.802399754524231
0.6014038324356079
0.5469430685043335
0.768031895160675
0.48551517724990845
0.7534968852996826
0.47853559255599976
0.6819056868553162
0.5495736598968506
0.6026418209075928
0.665556013584137
0.5544291734695435
0.46998125314712524
0.6951662302017212
0.4205417037010193
0.571945309638977
0.9317348003387451
0.569483757019043
0.5736498832702637
0.5042055249214172
0.6310126781463623
0.607699453830719
0.6836249828338623
0.8018401861190796
0.5974286794662476
0.6839870810508728
0.6544045805931091
0.5815719366073608
0.45083850622177124
0.5394881963729858
0.6545200347900391
0.5912843942642212
0.6213858127593994
0.5525193810462952
0.548227846622467
0.48264142870903015
0.707058310508728
0.635478138923645
0.548006534576416
0.6297944784164429
0.4393450617790222
0.6804239749908447
0.6228122711181641
0.46005159616470337
0.7189387083053589
0.5007479190826416
0.593165397644043
0.8045145273208618
0.545576810836792
0.5828478336334229
0.6431118249893188
0.6409343481063843
0.4354754686355591
0.6483948230743408
0.5198017358779907
0.6006456613540649
0.6551235318183899
0.6787994503974915
0.5703383684158325
0.8086593151092529
0.5302149057388306
0.5887478590011597
0.587688684463501
0.597701907157898
0.6435191035270691
0.5993584990501404
0.5549631118774414
0.6570920944213867
0.6318359375
0.5352188944816589
0.6021836996078491
0.6653919816017151
0.6666755676269531
0.7094148993492126
0.5303207635879517
0.7180184125900269
0.7110856771469116
0.7056604027748108
0.6614463925361633
0.43851256370544434
0.7101262807846069
0.44779491424560547
0.5681107044219971
0.4914277195930481
0.6081845760345459
0.5367977023124695
0.4108541011810303
0.6533282995223999
0.4507451057434082
0.5771311521530151
0.5980961322784424
0.6132334470748901
0.5520678758621216
0.7441881895065308
0.4680492877960205
0.6611650586128235
0.6603497266769409
0.4292483925819397
0.5452380180358887
0.5488220453262329
0.567660927772522
0.6526384949684143
0.5291092395782471
0.6077960729598999
0.5161533951759338
0.6009702682495117
0.7383176684379578
0.5144299268722534
0.36170947551727295
0.5939408540725708
0.5538424849510193
0.44229844212532043
0.6760985851287842
0.5751296281814575
0.5763659477233887
0.642571747303009
0.6418440937995911
0.570288896560669
0.69577956199646
0.308023065328598
0.5533032417297363
0.5436679124832153
0.5312328338623047
0.6292598247528076
0.5078173875808716
0.43223488330841064
0.5133445858955383
0.5926820039749146
0.7228291034698486
0.7159968614578247
0.5187875032424927
0.6429182291030884
0.6162240505218506
0.5627576112747192
0.7139257192611694
0.6260542869567871
0.6875373125076294
0.7438623905181885
0.6333819627761841
0.6639328002929688
0.6095894575119019
0.612862229347229
0.49888646602630615
0.6928897500038147
0.6550987958908081
0.5003540515899658
0.6575164794921875
0.705765426158905
0.6419742107391357
0.6170229315757751
0.6037415862083435
0.45163673162460327
0.53528892993927
0.5261738300323486
0.5543392896652222
0.691746175289154
0.5061773061752319
0.48621779680252075
0.3956449031829834
0.6432806849479675
0.575446605682373
0.5416755676269531
0.5026465058326721
0.6710830926895142
0.36400505900382996
0.7030208110809326
0.5702606439590454
0.5522326827049255
0.6737348437309265
0.4972133934497833
0.5778770446777344
0.6795865297317505
0.4186529517173767
0.6459766030311584
0.6410385370254517
0.5982261896133423
0.7345036268234253
0.5556185245513916
0.5414401292800903
0.6040447950363159
0.5293126106262207
0.5321458578109741
0.5440151691436768
0.538913369178772
0.5271922945976257
0.5851855874061584
0.6837321519851685
0.561205267906189
0.5974133014678955
0.5491596460342407
0.6186515092849731
0.6182466745376587
0.5892900228500366
0.475796639919281
0.6207422018051147
0.5772694945335388
0.6095738410949707
0.49460113048553467
0.4757584035396576
0.5607844591140747
0.45606309175491333
0.5192869305610657
0.7627794742584229
0.7379263043403625
0.4891586899757385
0.7435562610626221
0.6826587319374084
0.6956298351287842
0.6248149871826172
0.5893180966377258
0.575701117515564
0.7041347622871399
0.6231318712234497
0.6295609474182129
0.7662820816040039
0.5289629697799683
0.6348886489868164
0.4444149136543274
0.5567281246185303
0.6105097532272339
0.6605401635169983
0.6306395530700684
0.4657424986362457
0.6171553134918213
0.6816759705543518
0.7088536024093628
0.504586935043335
0.8337202072143555
0.5445460081100464
0.6210803985595703
0.5337316393852234
0.673981249332428
0.7069004774093628
0.6632921695709229
0.42619723081588745
0.46132025122642517
0.7396954298019409
0.6359764933586121
0.662184476852417
0.4498416781425476
0.7575490474700928
0.8150054812431335
0.5355769991874695
0.5203098058700562
0.6497191190719604
0.6265966892242432
0.45918920636177063
0.5343600511550903
0.6040963530540466
0.586060106754303
0.5865733623504639
0.5599873661994934
0.4801906943321228
0.5435436367988586
0.7251607179641724
0.5248101949691772
0.6264495849609375
0.6534578204154968
0.5198442339897156
0.6492548584938049
0.26286494731903076
0.6456115245819092
0.6111648082733154
0.5187751650810242
0.6984876990318298
0.5402010083198547
0.5335911512374878
0.5605928301811218
0.5019452571868896
0.5025680065155029
0.7276296615600586
0.7316248416900635
0.6794735789299011
0.7114111185073853
0.574386715888977
0.7074241042137146
0.5632458925247192
0.5064462423324585
0.5247613191604614
0.4651463031768799
0.558996319770813
0.6116564273834229
0.5149421691894531
0.7056822776794434
0.5856091976165771
0.7042774558067322
0.6276823878288269
0.6369799971580505
0.6335662007331848
0.4929933249950409
0.7055659294128418
0.5125529766082764
0.5811632871627808
0.7510383129119873
0.5592719912528992
0.6450408697128296
0.5735515356063843
0.7797097563743591
0.6607749462127686
0.5419551134109497
0.5484573841094971
0.6098232269287109
0.708677351474762
0.7442183494567871
0.6175835728645325
0.7643347978591919
0.6923124194145203
0.47328218817710876
0.8328315615653992
0.705214262008667
0.5794978141784668
0.4118085205554962
0.5809552073478699
0.6553713083267212
0.6433944702148438
0.6184216737747192
0.6772298812866211
0.5357697010040283
0.6599987745285034
0.7124860882759094
0.6791949272155762
0.7349553108215332
0.4339851140975952
0.6899983286857605
0.6383793354034424
0.7993816137313843
0.6778737306594849
0.6424477696418762
0.5882768630981445
0.5372878313064575
0.7773388624191284
0.6024730205535889
0.5379820466041565
0.4533833861351013
0.5813823938369751
0.6755098700523376
0.6664397716522217
0.5372562408447266
0.6095267534255981
0.5418004989624023
0.5218507051467896
0.7631709575653076
0.5418563485145569
0.6139798164367676
0.44542109966278076
0.5832294821739197
0.5759549140930176
0.5316406488418579
0.5020831227302551
0.5018161535263062
0.549880862236023
0.4379260241985321
0.5936744213104248
0.5947302579879761
0.6147304177284241
0.6283766031265259
0.6082299947738647
0.6276417970657349
0.6168206930160522
0.5192875862121582
0.49774011969566345
0.5924474000930786
0.6241676211357117
0.4695989787578583
0.4787512719631195
0.47295597195625305
0.7071253061294556
0.6219347715377808
0.5057361125946045
0.7279452085494995
0.6508326530456543
0.6989052295684814
0.504943311214447
0.7007347345352173
0.49862682819366455
0.6644492149353027
0.6809660196304321
0.60462486743927
0.8031865358352661
0.6224406957626343
0.5803526639938354
0.714936375617981
0.535689115524292
0.5804725289344788
0.7700207233428955
0.5347612500190735
0.47404730319976807
0.6343581080436707
0.6499493718147278
0.6461540460586548
0.6048033237457275
0.6266011595726013
0.5730377435684204
0.7401952743530273
0.5977677702903748
0.5854038000106812
0.5224088430404663
0.6168349385261536
0.660321056842804
0.42062389850616455
0.5702430009841919
0.6693705916404724
0.665174126625061
0.5105952024459839
0.6270225644111633
0.7235411405563354
0.7843711376190186
0.5379921197891235
0.48467230796813965
0.6684704422950745
0.6138428449630737
0.5190362930297852
0.6379985213279724
0.693703293800354
0.565861701965332
0.5768675804138184
0.3384771943092346
0.7198598384857178
0.5348674058914185
0.6534386873245239
0.4933907687664032
0.6214632391929626
0.5092812776565552
0.5596994757652283
0.6033318042755127
0.5945630669593811
0.6798776984214783
0.3941187858581543
0.6859496831893921
0.5978322625160217
0.5532426834106445
0.4970283806324005
0.6980915665626526
0.5722523927688599
0.5872341394424438
0.6979606747627258
0.47853508591651917
0.509671688079834
0.7354314923286438
0.573606014251709
0.5206314325332642
0.4728146195411682
0.5213009119033813
0.6221804618835449
0.6034720540046692
0.5649757385253906
0.5934259295463562
0.5364532470703125
0.7020281553268433
0.5206084251403809
0.5298237800598145
0.7127365469932556
0.3499915599822998
0.6897517442703247
0.49217087030410767
0.4488106369972229
0.6050163507461548
0.46530672907829285
0.5882483720779419
0.5567045211791992
0.5038778185844421
0.6751062870025635
0.4393632113933563
0.658385157585144
0.6125538349151611
0.666542649269104
0.6378570795059204
0.6589621305465698
0.657483696937561
0.494549959897995
0.8446415662765503
0.7270251512527466
0.5958552360534668
0.6054003238677979
0.379646897315979
0.5768262147903442
0.653363823890686
0.7171206474304199
0.5914008617401123
0.5528247356414795
0.725396990776062
0.4525113105773926
0.34779781103134155
0.6154369711875916
0.6816122531890869
0.7129322290420532
0.5694930553436279
0.39541754126548767
0.6097513437271118
0.5068718791007996
0.5447527170181274
0.5687132477760315
0.676302433013916
0.5334339737892151
0.7716444730758667
0.6320304870605469
0.5063052177429199
0.6896408796310425
0.5823949575424194
0.5479245185852051
0.3238564729690552
0.5933440923690796
0.4949190616607666
0.5928025841712952
0.7740455865859985
0.6611180305480957
0.6669632196426392
0.6888219118118286
0.7085022926330566
0.43525612354278564
0.44241300225257874
0.7588372826576233
0.5526699423789978
0.6876882910728455
0.6921062469482422
0.5725540518760681
0.5822286009788513
0.5856449604034424
0.6616116166114807
0.6392674446105957
0.630995512008667
0.6021925806999207
0.5809711217880249
0.5881974697113037
0.5982105731964111
0.6136200428009033
0.5537475347518921
0.53444504737854
0.5096108913421631
0.5072575807571411
0.5331900119781494
0.677567183971405
0.5282593965530396
0.6784189939498901
0.5979869365692139
0.5884513854980469
0.7100491523742676
0.595426082611084
0.5483124256134033
0.5620322823524475
0.6121309995651245
0.46834227442741394
0.6149106025695801
0.5523169636726379
0.6846854090690613
0.7435513138771057
0.47710874676704407
0.6196377277374268
0.791663408279419
0.5058273077011108
0.6612155437469482
0.5813034772872925
0.5975633263587952
0.6444069147109985
0.5673109889030457
0.7491840124130249
0.5498809814453125
0.7393260598182678
0.41512274742126465
0.6815218925476074
0.6906136274337769
0.6602106094360352
0.8767924904823303
0.6333206295967102
0.535030722618103
0.6677513122558594
0.7571426630020142
0.6959204077720642
0.7143889665603638
0.5268471240997314
0.7379471063613892
0.508699893951416
0.7235208749771118
0.5916739106178284
0.602048397064209
0.49779850244522095
0.6774216890335083
0.6630153059959412
0.578682005405426
0.4805646240711212
0.4788823127746582
0.709324300289154
0.6545009016990662
0.6608454585075378
0.6428466439247131
0.5464810729026794
0.6745457053184509
0.3582471013069153
0.7821370363235474
0.7603477239608765
0.7295160293579102
0.47576677799224854
0.6692654490470886
0.5897892117500305
0.7012869715690613
0.6258555054664612
0.628466010093689
0.5435441732406616
0.7653989791870117
0.6873308420181274
0.48234403133392334
0.7159438729286194
0.6268808841705322
0.6789048910140991
0.5229853391647339
0.6336410641670227
0.5344744324684143
0.5802938938140869
0.6876928806304932
0.6985032558441162
0.6197643280029297
0.5765654444694519
0.5700414180755615
0.6679567694664001
0.6884220242500305
0.792770504951477
0.5848417282104492
0.6590417623519897
0.5861449241638184
0.7580467462539673
0.5633116960525513
0.4668506383895874
0.5076782703399658
0.7619805335998535
0.6554992198944092
0.5020849108695984
0.7629643082618713
0.5381133556365967
0.4668927788734436
0.6616590023040771
0.750760018825531
0.6536686420440674
0.7354851961135864
0.5998499393463135
0.44189703464508057
0.6761572360992432
0.5726060271263123
0.6725063920021057
0.5821208357810974
0.6027603149414062
0.5225105881690979
0.46425721049308777
0.5934525728225708
0.8430313467979431
0.5436034202575684
0.524480938911438
0.5688848495483398
0.4900708794593811
0.3813491463661194
0.6851481199264526
0.6484265327453613
0.5923676490783691
0.6585954427719116
0.6735939383506775
0.6249575614929199
0.6654825210571289
0.6895919442176819
0.5651488304138184
0.6891430616378784
0.42551904916763306
0.5320167541503906
0.5581624507904053
0.5549471974372864
0.6012598276138306
0.5684404373168945
0.6374187469482422
0.5622024536132812
0.6361536979675293
0.7059873342514038
0.6705315113067627
0.5236518383026123
0.6573348641395569
0.6664695739746094
0.642141580581665
0.6301199197769165
0.6642647981643677
0.7087683081626892
0.72746741771698
0.5826850533485413
0.5644528865814209
0.6100144386291504
0.43537062406539917
0.5542834997177124
0.6078667640686035
0.5908149480819702
0.5716196298599243
0.7261146306991577
0.5721416473388672
0.5361717343330383
0.5807591676712036
0.5770390033721924
0.662093997001648
0.7691137790679932
0.6856024265289307
0.6235523223876953
0.6193272471427917
0.5046332478523254
0.4635615944862366
0.5897588729858398
0.5956048965454102
0.593772828578949
0.4694554805755615
0.5931198596954346
0.7372009754180908
0.5056553483009338
0.3935779333114624
0.5655823945999146
0.5243223309516907
0.4628738760948181
0.6050888299942017
0.575228214263916
0.6339154243469238
0.5969416499137878
0.6727991104125977
0.7618410587310791
0.6258711814880371
0.5203152894973755
0.6366584300994873
0.65244060754776
0.7064530253410339
0.5773167014122009
0.5376245975494385
0.7432437539100647
0.41469842195510864
0.660367488861084
0.549857497215271
0.6654307842254639
0.6849219799041748
0.6130218505859375
0.6558805704116821
0.7288763523101807
0.7247904539108276
0.46284860372543335
0.5884354114532471
0.611594557762146
0.701160192489624
0.7615951895713806
0.7198103666305542
0.5708990097045898
0.5741287469863892
0.5101308226585388
0.6072918176651001
0.6736345291137695
0.5190834999084473
0.8499337434768677
0.7392635345458984
0.7621790766716003
0.6700648069381714
0.7419750690460205
0.6772706508636475
0.6603877544403076
0.5919125080108643
0.6361163258552551
0.4647395610809326
0.7365984916687012
0.5007861256599426
0.6538735628128052
0.4912063181400299
0.7389086484909058
0.6012319326400757
0.594581127166748
0.4785093069076538
0.6659224033355713
0.6244676113128662
0.511091947555542
0.43275484442710876
0.7737975716590881
0.5564217567443848
0.7117304801940918
0.6268782615661621
0.6167525053024292
0.5754728317260742
0.5129594206809998
0.5950568318367004
0.6969093680381775
0.6314572691917419
0.6698136925697327
0.7038936018943787
0.4970180094242096
0.6360609531402588
0.6841755509376526
0.4663015604019165
0.5855017304420471
0.6235106587409973
0.5597405433654785
0.5738340020179749
0.424795925617218
0.6039539575576782
0.7010800838470459
0.6393598318099976
0.5928775668144226
0.41286835074424744
0.5446747541427612
0.5636448264122009
0.5424017906188965
0.42663395404815674
0.6027451753616333
0.6725642681121826
0.6355506181716919
0.4686676859855652
0.6735655069351196
0.7038825154304504
0.6773217916488647
0.5402305126190186
0.6815119981765747
0.7746405005455017
0.51421058177948
0.5733306407928467
0.5044699907302856
0.6390272378921509
0.504045844078064
0.5280605554580688
0.6307458877563477
0.6175627708435059
0.6715870499610901
0.4692181348800659
0.6877301931381226
0.5271332263946533
0.5578513145446777
0.7571947574615479
0.454425573348999
0.6001245975494385
0.5808501839637756
0.6661831140518188
0.6201059818267822
0.4826357662677765
0.47976356744766235
0.4783453941345215
0.49721696972846985
0.5281466245651245
0.5649420022964478
0.5828197002410889
0.6248328685760498
0.7446112632751465
0.6651293039321899
0.5968525409698486
0.492504358291626
0.59122234582901
0.6062873601913452
0.6235076189041138
0.511867880821228
0.6161026358604431
0.5841017961502075
0.5788788795471191
0.5494358539581299
0.5980030298233032
0.6640176177024841
0.49354082345962524
0.7645539045333862
0.4830872714519501
0.7153337001800537
0.7068243026733398
0.6016132235527039
0.7003178000450134
0.6172159910202026
0.6328562498092651
0.8872695565223694
0.6467215418815613
0.5020344853401184
0.23443658649921417
0.5516040325164795
0.7084147930145264
0.6387768983840942
0.4535205066204071
0.6957958936691284
0.4486854672431946
0.6455439329147339
0.4766239821910858
0.7770459651947021
0.5893327593803406
0.5943366289138794
0.649799644947052
0.36159417033195496
0.6274061799049377
0.5787205696105957
0.5377888083457947
0.5829793214797974
0.7322273254394531
0.6398295164108276
0.5508521795272827
0.5847063660621643
0.6980305910110474
0.5840449333190918
0.6284892559051514
0.38152748346328735
0.5878162384033203
0.4334601163864136
0.4017186164855957
0.6436834335327148
0.5900793075561523
0.5319622159004211
0.5637947916984558
0.687857985496521
0.806549072265625
0.6260401010513306
0.3682093620300293
0.4956943392753601
0.5447424650192261
0.5200783014297485
0.5161780118942261
0.6876570582389832
0.576352596282959
0.6279489994049072
0.44071996212005615
0.5847548842430115
0.6143029928207397
0.6272047758102417
0.7177163362503052
0.6862856149673462
0.5858632326126099
0.6450687646865845
0.7778148651123047
0.7330688238143921
0.6308518648147583
0.5647109746932983
0.6227417588233948
0.5854719877243042
0.8015410900115967
0.48438072204589844
0.503864049911499
0.9269521236419678
0.46897757053375244
0.44192320108413696
0.5553320646286011
0.6143124103546143
0.6384159326553345
0.6779833436012268
0.6853926181793213
0.6394343972206116
0.6025035381317139
0.4989895820617676
0.7102454900741577
0.7076093554496765
0.5391775369644165
0.5337460041046143
0.4024120569229126
0.5316826701164246
0.7208985090255737
0.6862587928771973
0.4863163232803345
0.5847238302230835
0.65657639503479
0.6424984931945801
0.5169540643692017
0.6074191331863403
0.7077051997184753
0.6830494999885559
0.5386382341384888
0.6985337734222412
0.6216222643852234
0.7211222052574158
0.6211400628089905
0.6899082064628601
0.5754072666168213
0.5491722822189331
0.4418144226074219
0.6673222184181213
0.6183998584747314
0.34630775451660156
0.49122190475463867
0.5523471832275391
0.4487597942352295
0.6950357556343079
0.48146873712539673
0.5240422487258911
0.5664889812469482
0.7747249603271484
0.6053447127342224
0.6097435355186462
0.6082710027694702
0.7107124328613281
0.5469629764556885
0.6791142821311951
0.6093254089355469
0.7635626196861267
0.6524767875671387
0.40944695472717285
0.452579140663147
0.6249157190322876
0.45309463143348694
0.5728474855422974
0.6568681001663208
0.5149628520011902
0.5470826625823975
0.3853018581867218
0.6250593066215515
0.3925946056842804
0.6393554210662842
0.7089827060699463
0.6373393535614014
0.6128054857254028
0.2849002778530121
0.43602895736694336
0.6040318012237549
0.6043672561645508
0.590357780456543
0.43045657873153687
0.3923574388027191
0.6542621850967407
0.4810674488544464
0.650759220123291
0.5203832387924194
0.4710870683193207
0.5785257816314697
0.6981065273284912
0.5479744672775269
0.5278605222702026
0.6882116794586182
0.5184096097946167
0.6193976402282715
0.6172367930412292
0.5473538041114807
0.5974568724632263
0.6589400768280029
0.6959717869758606
0.6330819129943848
0.6811650991439819
0.5226031541824341
0.6487129926681519
0.3856695890426636
0.5118294358253479
0.5344433188438416
0.44419223070144653
0.6950184106826782
0.6128380298614502
0.5197323560714722
0.4784722328186035
0.6249586343765259
0.7126962542533875
0.5197322368621826
0.6518985033035278
0.5486758947372437
0.6534196734428406
0.6986902952194214
0.6028995513916016
0.5552594661712646
0.577786922454834
0.7021908760070801
0.4805341362953186
0.653817892074585
0.34613853693008423
0.6598052978515625
0.4884321391582489
0.5896555185317993
0.34446799755096436
0.6103475689888
0.4322393238544464
0.5528842210769653
0.6724575757980347
0.6089171767234802
0.6907635927200317
0.6567135453224182
0.5562541484832764
0.42784398794174194
0.5885732173919678
0.6973021030426025
0.5426714420318604
0.6272061467170715
0.6725859642028809
0.5143714547157288
0.6224178671836853
0.5398610830307007
0.6132165193557739
0.7531194686889648
0.7281329035758972
0.5997381210327148
0.6385936141014099
0.8746789693832397
0.6528153419494629
0.647736668586731
0.5646265149116516
0.6622582077980042
0.5466363430023193
0.5061172842979431
0.5652585029602051
0.6544588208198547
0.5649528503417969
0.740332305431366
0.6000986695289612
0.6944551467895508
0.7020343542098999
0.56291663646698
0.6355290412902832
0.3014797568321228
0.46399712562561035
0.5447640419006348
0.5787035226821899
0.5402456521987915
0.40084028244018555
0.5960869789123535
0.16242991387844086
0.6535179018974304
0.587128758430481
0.7188258767127991
0.5747020840644836
0.6276965141296387
0.455557256937027
0.5850683450698853
0.6029146313667297
0.5932271480560303
0.731528639793396
0.6328515410423279
0.5123106241226196
0.6813912391662598
0.638670027256012
0.49664437770843506
0.6634132862091064
0.5687432289123535
0.6857345700263977
0.5523968935012817
0.586647093296051
0.631386399269104
0.7220286130905151
0.6752239465713501
0.6920974850654602
0.7786964178085327
0.582021951675415
0.4932977259159088
0.4544340968132019
0.6009548902511597
0.7839339971542358
0.6246905326843262
0.6819524168968201
0.6679472923278809
0.5616081357002258
0.5555476546287537
0.6203361749649048
0.6540275812149048
0.645994246006012
0.6443674564361572
0.5666840076446533
0.7261900901794434
0.7826181650161743
0.47112977504730225
0.7020820379257202
0.6471023559570312
0.6025106310844421
0.5575932264328003
0.6626261472702026
0.7729616165161133
0.5852946043014526
0.6131313443183899
0.8040329217910767
0.5435400009155273
0.5805656909942627
0.5253093242645264
0.45002394914627075
0.6897239685058594
0.6159328818321228
0.5236819386482239
0.6585909724235535
0.4302235245704651
0.513800859451294
0.60761559009552
0.6639221906661987
0.7746372222900391
0.8176167607307434
0.5076430439949036
0.45113858580589294
0.5688861012458801
0.6499093174934387
0.7034597396850586
0.6523072719573975
0.6170464754104614
0.6825004816055298
0.7691447138786316
0.5498464703559875
0.6351176500320435
0.508811891078949
0.5972954034805298
0.47786009311676025
0.6180220246315002
0.7403981685638428
0.4924529194831848
0.5742162466049194
0.40608084201812744
0.6198467016220093
0.639945924282074
0.6162750124931335
0.4832918047904968
0.4368772804737091
0.567533016204834
0.5964943170547485
0.611534595489502
0.5923187732696533
0.6981601715087891
0.6037479639053345
0.7338029742240906
0.5758454203605652
0.7600101232528687
0.5376815795898438
0.5439012050628662
0.7108049392700195
0.594226598739624
0.6021136045455933
0.5609110593795776
0.5274759531021118
0.7228555679321289
0.5236486196517944
0.6288193464279175
0.6946184635162354
0.8601585626602173
0.698581874370575
0.5058653950691223
0.5216542482376099
0.6839249134063721
0.6416756510734558
0.7619752883911133
0.6999821662902832
0.5773252248764038
0.6538981795310974
0.7779074907302856
0.5989055037498474
0.5621064305305481
0.5092189908027649
0.4573792815208435
0.4484792947769165
0.550234317779541
0.498049795627594
0.650063157081604
0.6237071752548218
0.5732545852661133
0.7623164653778076
0.5863713622093201
0.5582616329193115
0.4124944806098938
0.5448170304298401
0.40232330560684204
0.5836068987846375
0.6300667524337769
0.5377441644668579
0.5746968984603882
0.6238437294960022
0.6359649300575256
0.5060800313949585
0.5259062647819519
0.517521321773529
0.566875159740448
0.6917526125907898
0.4898327887058258
0.6005442142486572
0.5448561310768127
0.48823320865631104
0.5878071188926697
0.4658251404762268
0.6148603558540344
0.6583865880966187
0.5206372737884521
0.4673709273338318
0.681282639503479
0.6084209680557251
0.6523836851119995
0.6511361598968506
0.5330250859260559
0.622016191482544
0.5425342321395874
0.6916905641555786
0.7383899092674255
0.5436359643936157
0.4394567906856537
0.6069943904876709
0.5754928588867188
0.7142799496650696
0.617468535900116
0.8078380823135376
0.6510119438171387
0.5578440427780151
0.6604281663894653
0.3951939642429352
0.624332845211029
0.5780148506164551
0.635978639125824
0.8246771097183228
0.6212090253829956
0.5895676612854004
0.7014681696891785
0.779889702796936
0.4937022924423218
0.5650659799575806
0.6291264295578003
0.6465463638305664
0.5620632767677307
0.6304795145988464
0.6795293092727661
0.5253244042396545
0.5521224737167358
0.7485462427139282
0.7136098146438599
0.5861964225769043
0.5236035585403442
0.5492535829544067
0.6659270524978638
0.5908850431442261
0.6969352960586548
0.6829390525817871
0.6711869239807129
0.5379241108894348
0.32422977685928345
0.5736843347549438
0.6222851872444153
0.5511771440505981
0.6138426661491394
0.40895357728004456
0.3713088035583496
0.573691725730896
0.5839266777038574
0.5320059657096863
0.6362779140472412
0.4887693524360657
0.6935082077980042
0.6702454090118408
0.5777500867843628
0.5975089073181152
0.6649210453033447
0.7791165113449097
0.5501755475997925
0.5369529724121094
0.6130962371826172
0.568981945514679
0.41999900341033936
0.6168862581253052
0.6409466862678528
0.6540716290473938
0.5424385070800781
0.743802011013031
0.5608121156692505
0.7174853086471558
0.614365816116333
0.6079024076461792
0.48703745007514954
0.5258744359016418
0.7206554412841797
0.8528501987457275
0.5820367932319641
0.6444386839866638
0.6878523826599121
0.6160918474197388
0.5355615019798279
0.6546647548675537
0.7838038206100464
0.6476322412490845
0.5846483111381531
0.4846808910369873
0.7848267555236816
0.46851760149002075
0.554585337638855
0.5973406434059143
0.5905812382698059
0.697212815284729
0.45438048243522644
0.6929327249526978
0.592720627784729
0.4746364951133728
0.5830676555633545
0.5132156610488892
0.6807399988174438
0.7595044374465942
0.6423853635787964
0.6554818749427795
0.7634000182151794
0.7079188823699951
0.45506787300109863
0.6834806203842163
0.5502623319625854
0.4805164039134979
0.5374071002006531
0.6759459972381592
0.5167080163955688
0.5074195861816406
0.6162482500076294
0.5387866497039795
0.4434228539466858
0.46999064087867737
0.5811846256256104
0.7071459293365479
0.42042380571365356
0.5587722063064575
0.5759464502334595
0.657473623752594
0.7196036577224731
0.5427249670028687
0.5330759286880493
0.4857856035232544
0.768178403377533
0.6781033277511597
0.5671331882476807
0.5582835674285889
0.6581138372421265
0.5966466665267944
0.5887302160263062
0.6011983156204224
0.5679700374603271
0.6146871447563171
0.5815429091453552
0.490176796913147
0.6277822852134705
0.5853949785232544
0.6774868369102478
0.4687260091304779
0.634650468826294
0.41631752252578735
0.6306568384170532
0.4488760828971863
0.7242482900619507
0.6268675327301025
0.5473711490631104
0.5186499953269958
0.6728165745735168
0.6799050569534302
0.4734666049480438
0.7001112103462219
0.6434284448623657
0.5941098928451538
0.585573136806488
0.5406991243362427
0.6978646516799927
0.5739154815673828
0.6465038061141968
0.682985782623291
0.8277847766876221
0.6667729616165161
0.6431858539581299
0.7007514834403992
0.6058460474014282
0.5046021938323975
0.7290034890174866
0.7234715819358826
0.608391523361206
0.6718499660491943
0.6075485944747925
0.56447833776474
0.7914581298828125
0.574586033821106
0.5550513863563538
0.6675729751586914
0.7875813841819763
0.6473221778869629
0.7715725898742676
0.7414312958717346
0.3977167308330536
0.5854924321174622
0.7022342681884766
0.5284206867218018
0.7478522062301636
0.6252862811088562
0.6195363402366638
0.6133860945701599
0.6470246315002441
0.48977428674697876
0.5371851921081543
0.5402653217315674
0.5709434747695923
0.749058187007904
0.6951274871826172
0.6721099019050598
0.5559353232383728
0.5953742265701294
0.709895133972168
0.5250637531280518
0.6787264347076416
0.588970422744751
0.6764598488807678
0.6761458516120911
0.6686655282974243
0.5699220299720764
0.8661922216415405
0.5537071228027344
0.6498819589614868
0.5966930389404297
0.5494622588157654
0.41268783807754517
0.649833619594574
0.6417520046234131
0.5059295892715454
0.5905818939208984
0.46876242756843567
0.46118253469467163
0.6040704250335693
0.515941858291626
0.6833945512771606
0.6856840252876282
0.6125519871711731
0.7396327257156372
0.6819193959236145
0.7049352526664734
0.5163342952728271
0.6127476692199707
0.5969176292419434
0.5506400465965271
0.7516154050827026
0.6387012004852295
0.58405601978302
0.6784707307815552
0.6977590322494507
0.7058754563331604
0.5512778759002686
0.6507594585418701
0.7329342365264893
0.6168171167373657
0.6086972951889038
0.5376803874969482
0.5231951475143433
0.6331149935722351
0.6260683536529541
0.5328860282897949
0.5881427526473999
0.7465332746505737
0.6788180470466614
0.6182806491851807
0.7112057209014893
0.7050325870513916
0.8507602214813232
0.6245700716972351
0.5919479727745056
0.6838425397872925
0.601880669593811
0.5399523973464966
0.6782146692276001
0.3187490403652191
0.5776157379150391
0.5182938575744629
0.5438106060028076
0.7540974617004395
0.5772899389266968
0.6497412323951721
0.6622684001922607
0.6843796968460083
0.758979320526123
0.5410394072532654
0.4843226969242096
0.5878814458847046
0.5422496795654297
0.7458373308181763
0.644950270652771
0.6643033027648926
0.5788310766220093
0.3749992847442627
0.5537518262863159
0.6299883723258972
0.573348343372345
0.6054720878601074
0.7452042698860168
0.6914969682693481
0.6242484450340271
0.7307424545288086
0.6354045867919922
0.4461781680583954
0.43984344601631165
0.6684654355049133
0.6159858107566833
0.5873537659645081
0.5983959436416626
0.6198296546936035
0.6193187236785889
0.47936129570007324
0.6118166446685791
0.5970228314399719
0.5630382895469666
0.5821350812911987
0.6033715009689331
0.5340908765792847
0.7065221071243286
0.6538876295089722
0.48480620980262756
0.4554249942302704
0.5500717163085938
0.5708496570587158
0.5815261602401733
0.7016481161117554
0.6663771867752075
0.4978378713130951
0.6121624112129211
0.5540101528167725
0.5568771362304688
0.5867253541946411
0.48632311820983887
0.6338962912559509
0.47674089670181274
0.6325159668922424
0.7035813331604004
0.6832626461982727
0.5693597197532654
0.7543238997459412
0.6799662113189697
0.605119526386261
0.529556393623352
0.5753923654556274
0.7406694889068604
0.6563289165496826
0.6527498364448547
0.6773064732551575
0.7597004175186157
0.8198578357696533
0.46631622314453125
0.4990614652633667
0.5534896850585938
0.654639482498169
0.5828164219856262
0.4380815625190735
0.5221567153930664
0.6613819599151611
0.3050934374332428
0.6443889737129211
0.6966719627380371
0.4879900813102722
0.5604139566421509
0.49454402923583984
0.5380385518074036
0.593787670135498
0.6213746070861816
0.6482037305831909
0.5728132724761963
0.5494489073753357
0.5861390233039856
0.6226974725723267
0.5892952084541321
0.7483738660812378
0.5771260857582092
0.6222696900367737
0.5250136852264404
0.7271512150764465
0.4976222515106201
0.6942239999771118
0.6872215270996094
0.5211243629455566
0.6349092125892639
0.49344050884246826
0.7161296606063843
0.5542504787445068
0.5803213119506836
0.720045804977417
0.6869907975196838
0.5107696056365967
0.6200483441352844
0.5149179100990295
0.5502938628196716
0.7235659956932068
0.653300404548645
0.8548514246940613
0.717032253742218
0.725749671459198
0.6721826791763306
0.6457106471061707
0.7333375215530396
0.6539134979248047
0.5750366449356079
0.6485159397125244
0.5785874724388123
0.613005518913269
0.6587699055671692
0.7567428350448608
0.7425724267959595
0.47227364778518677
0.6100726127624512
0.6128988862037659
0.5299554467201233
0.47599437832832336
0.6292577981948853
0.5770289897918701
0.5640019774436951
0.5252710580825806
0.7833954095840454
0.7550894618034363
0.5376636981964111
0.8416047096252441
0.49305421113967896
0.7439610958099365
0.527085542678833
0.6212830543518066
0.5172205567359924
0.6981453895568848
0.6020330190658569
0.5646823644638062
0.5635553002357483
0.5263814926147461
0.4669530987739563
0.5867455005645752
0.6582417488098145
0.6048809289932251
0.6421704292297363
0.49173009395599365
0.46810609102249146
0.46823322772979736
0.6620551943778992
0.540174126625061
0.68885338306427
0.5457243323326111
0.5572019815444946
0.5170931816101074
0.681082010269165
0.697971761226654
0.5110791921615601
0.5816839933395386
0.6560603976249695
0.5823134183883667
0.6387929916381836
0.5088635683059692
0.6169665455818176
0.5634454488754272
0.769393801689148
0.5399692058563232
0.6789842844009399
0.4805995523929596
0.7029730677604675
0.35541513562202454
0.6372580528259277
0.7435660362243652
0.7060408592224121
0.5659694075584412
0.5015851259231567
0.40661439299583435
0.7281556725502014
0.40246129035949707
0.5598713159561157
0.7207487225532532
0.567562460899353
0.5251853466033936
0.5935875177383423
0.5388928651809692
0.6110529899597168
0.542462944984436
0.5332677960395813
0.6840745806694031
0.6776915788650513
0.7545534372329712
0.4915305972099304
0.6761265993118286
0.6136451959609985
0.6748653054237366
0.6747184991836548
0.6982207298278809
0.49676504731178284
0.7351880073547363
0.4735363721847534
0.528547465801239
0.6308577060699463
0.5206021070480347
0.6465444564819336
0.8022863864898682
0.49272555112838745
0.6061750650405884
0.7066463232040405
0.5831943154335022
0.6631128787994385
0.4704579710960388
0.565153956413269
0.6474393010139465
0.5534050464630127
0.5774155855178833
0.5173826813697815
0.5352897047996521
0.3523107171058655
0.5689607262611389
0.640683650970459
0.6179256439208984
0.8080002069473267
0.4800189137458801
0.5214613676071167
0.5977535247802734
0.7325564622879028
0.5067369937896729
0.5193589925765991
0.5889368057250977
0.47552990913391113
0.6650875210762024
0.47503480315208435
0.6140531301498413
0.49537602066993713
0.43942150473594666
0.4746575653553009
0.5704376697540283
0.4408423900604248
0.5617185831069946
0.5703486204147339
0.5659754276275635
0.5279886722564697
0.6490035653114319
0.567474901676178
0.5843517780303955
0.5121687650680542
0.7938570976257324
0.576503336429596
0.5672128796577454
0.7184590697288513
0.5716530084609985
0.592349648475647
0.6916290521621704
0.6287996768951416
0.7069734930992126
0.7194292545318604
0.5097583532333374
0.6305867433547974
0.680630087852478
0.7077564001083374
0.5575591921806335
0.5742319822311401
0.5606040358543396
0.45730966329574585
0.5692670345306396
0.6352985501289368
0.5454036593437195
0.6626418828964233
0.552675724029541
0.6844238638877869
0.7011364698410034
0.6522580981254578
0.42838382720947266
0.4693360924720764
0.49589988589286804
0.5447625517845154
0.5770450234413147
0.6783708333969116
0.5626000165939331
0.6199608445167542
0.5376087427139282
0.43445247411727905
0.6058003902435303
0.5451422929763794
0.6119333505630493
0.4469168484210968
0.38235026597976685
0.787902295589447
0.6484705805778503
0.4763350784778595
0.3357197046279907
0.6255364418029785
0.5413972735404968
0.6582037210464478
0.6097419261932373
0.544373631477356
0.6600925922393799
0.5001599788665771
0.5789124965667725
0.8325201272964478
0.6103195548057556
0.5293569564819336
0.5411472320556641
0.7045353055000305
0.49163517355918884
0.5774573683738708
0.5610572099685669
0.6072431802749634
0.66785728931427
0.6093020439147949
0.5753035545349121
0.5189216732978821
0.4961850047111511
0.658743143081665
0.5807981491088867
0.49773257970809937
0.6377488374710083
0.40597695112228394
0.7772585153579712
0.6754355430603027
0.538856565952301
0.5583221912384033
0.8505362272262573
0.6261303424835205
0.4914970099925995
0.7597881555557251
0.674301028251648
0.6096969842910767
0.3577876091003418
0.7429310083389282
0.4622079133987427
0.6178300380706787
0.4651937484741211
0.3624575138092041
0.7159228324890137
0.5709433555603027
0.5258817672729492
0.4343070983886719
0.6317785978317261
0.6761963963508606
0.5578111410140991
0.6354547739028931
0.5555216073989868
0.5317428112030029
0.5991634130477905
0.4987914562225342
0.6425513029098511
0.5453873872756958
0.6450920104980469
0.5179404020309448
0.6488668918609619
0.498828649520874
0.7427399158477783
0.7096386551856995
0.5682549476623535
0.7394677400588989
0.6080843806266785
0.5114247798919678
0.669015645980835
0.5780932903289795
0.5696040391921997
0.6044600009918213
0.5642027854919434
0.6573433876037598
0.6010692119598389
0.46268802881240845
0.5602683424949646
0.4863101840019226
0.7224964499473572
0.5659470558166504
0.6162692308425903
0.5226767659187317
0.6836340427398682
0.6037642955780029
0.5574131011962891
0.7799127101898193
0.6146894693374634
0.6462442874908447
0.6048176288604736
0.7054734230041504
0.6414573192596436
0.579361081123352
0.5805680751800537
0.6383037567138672
0.6308799982070923
0.6182969808578491
0.6428720951080322
0.5380449295043945
0.5369415283203125
0.5954879522323608
0.4525252878665924
0.66355299949646
0.6973567008972168
0.7414416074752808
0.5188243389129639
0.7555123567581177
0.5544264316558838
0.8006287217140198
0.6081823110580444
0.6035842299461365
0.5514557361602783
0.5355368852615356
0.6307215690612793
0.6255886554718018
0.6655905246734619
0.6077064871788025
0.6227754354476929
0.588412880897522
0.7443100810050964
0.5254363417625427
0.5284508466720581
0.588998019695282
0.44186514616012573
0.5792218446731567
0.6397976279258728
0.7275530099868774
0.625281572341919
0.5275589227676392
0.5523147583007812
0.5816061496734619
0.4857058525085449
0.5233993530273438
0.6599111557006836
0.535450279712677
0.7445933818817139
0.670939564704895
0.6504288911819458
0.6942987442016602
0.6005018949508667
0.7497108578681946
0.6453280448913574
0.7481604814529419
0.5119113922119141
0.6517215371131897
0.6054468154907227
0.7209720611572266
0.5423491597175598
0.6501872539520264
0.5862864851951599
0.49950504302978516
0.5121976733207703
0.6157963275909424
0.43198728561401367
0.7658782601356506
0.6561574935913086
0.5109612941741943
0.42600351572036743
0.5489581823348999
0.43267548084259033
0.588146448135376
0.5722679495811462
0.4785471558570862
0.679634690284729
0.6842509508132935
0.5169727802276611
0.6539884209632874
0.7207930088043213
0.6366779804229736
0.7400099635124207
0.48524731397628784
0.5814265012741089
0.6052656173706055
0.6264541149139404
0.7792805433273315
0.6347335577011108
0.6056889295578003
0.5684202313423157
0.44130682945251465
0.6180799007415771
0.6544640064239502
0.5861012935638428
0.47993093729019165
0.6418911814689636
0.4521891474723816
0.6192736625671387
0.5905485153198242
0.6387766599655151
0.5601617097854614
0.42133378982543945
0.4519008994102478
0.76186603307724
0.6543701887130737
0.5770887136459351
0.6978400945663452
0.44015589356422424
0.4874856472015381
0.30808335542678833
0.4291340708732605
0.6594196557998657
0.5823279619216919
0.7840445041656494
0.5199700593948364
0.7144047021865845
0.5931313037872314
0.3627368211746216
0.5893291234970093
0.7342135906219482
0.6587533950805664
0.7211182117462158
0.715898334980011
0.6471092700958252
0.7368934154510498
0.40857598185539246
0.16362909972667694
0.4009075164794922
0.6413830518722534
0.6149736642837524
0.49449479579925537
0.44505614042282104
0.6263651847839355
0.6808278560638428
0.6333891749382019
0.5935304164886475
0.7136614322662354
0.5886789560317993
0.4197263717651367
0.5407435894012451
0.5269020199775696
0.5722572803497314
0.6805543899536133
0.6363815069198608
0.5070538520812988
0.5215370655059814
0.5305696725845337
0.4985906481742859
0.7723524570465088
0.6514658331871033
0.5693809986114502
0.589033305644989
0.7672021389007568
0.5659530162811279
0.5502088069915771
0.8254275321960449
0.49108415842056274
0.642364501953125
0.6009276509284973
0.6436928510665894
0.6463336944580078
0.5693187713623047
0.8125309348106384
0.593860387802124
0.6584186553955078
0.7573495507240295
0.6452136039733887
0.7009908556938171
0.5755336284637451
0.6124218106269836
0.7149367332458496
0.5790395736694336
0.5677154660224915
0.48784351348876953
0.49201980233192444
0.6101891994476318
0.527429461479187
0.6868401765823364
0.539061963558197
0.5844733119010925
0.7078197002410889
0.534986674785614
0.632597804069519
0.5398432612419128
0.5502327680587769
0.3032000660896301
0.64421546459198
0.7450317144393921
0.7850519418716431
0.6274546384811401
0.5965873599052429
0.6892356276512146
0.7511777877807617
0.6348150372505188
0.7136830687522888
0.6261129975318909
0.57420814037323
0.4807809591293335
0.659218430519104
0.6976379752159119
0.5769027471542358
0.5401625633239746
0.7036520838737488
0.4348943829536438
0.5480678081512451
0.6737702488899231
0.5334864854812622
0.6619860529899597
0.735832691192627
0.7425930500030518
0.6275140047073364
0.5840458869934082
0.694204568862915
0.564323365688324
0.6504982709884644
0.5759690999984741
0.49194616079330444
0.4243833124637604
0.4917435646057129
0.5884759426116943
0.6028594970703125
0.6663786768913269
0.49411672353744507
0.6302815079689026
0.6501044631004333
0.6600518226623535
0.491989403963089
0.7284219861030579
0.48377764225006104
0.6920259594917297
0.7541734576225281
0.6246428489685059
0.7387563586235046
0.8041914105415344
0.4845800995826721
0.49739205837249756
0.6404832005500793
0.5689393877983093
0.4665347635746002
0.5911774635314941
0.5995470285415649
0.6123213768005371
0.8049958944320679
0.5120116472244263
0.530742883682251
0.5614738464355469
0.7135884165763855
0.6684772372245789
0.5055257081985474
0.6636735200881958
0.4953838586807251
0.5732016563415527
0.622837483882904
0.494702011346817
0.630333662033081
0.4303974211215973
0.6407594084739685
0.6670786142349243
0.5790311098098755
0.6156858205795288
0.5202330350875854
0.7116363644599915
0.6053450107574463
0.5027658939361572
0.6908105611801147
0.7446258068084717
0.5625366568565369
0.5503020882606506
0.30423104763031006
0.8259885311126709
0.5979117155075073
0.6156132221221924
0.6003090143203735
0.6620232462882996
0.5876449346542358
0.6798257827758789
0.6436363458633423
0.5647226572036743
0.626573383808136
0.6558712124824524
0.6493840217590332
0.5440839529037476
0.6787052154541016
0.722856879234314
0.7653868198394775
0.6666714549064636
0.5536760091781616
0.510565459728241
0.6530647277832031
0.6135507822036743
0.5887906551361084
0.42203307151794434
0.6040462255477905
0.6947511434555054
0.5894037485122681
0.564659833908081
0.6690716743469238
0.7488455772399902
0.5875581502914429
0.4622788727283478
0.7097209692001343
0.6745450496673584
0.6649820804595947
0.5778104662895203
0.5037062168121338
0.6464660167694092
0.5566717982292175
0.5310646891593933
0.7228516936302185
0.6087199449539185
0.7470887899398804
0.5861049294471741
0.5881457328796387
0.567505955696106
0.5648543834686279
0.7084083557128906
0.6298263669013977
0.6482924222946167
0.5463471412658691
0.7129384875297546
0.4702264070510864
0.7566459774971008
0.7280603647232056
0.6393200159072876
0.5172752141952515
0.5613682270050049
0.4497775435447693
0.5239686369895935
0.7102285623550415
0.6648714542388916
0.5262500047683716
0.7094094753265381
0.6354888677597046
0.5028040409088135
0.4060191810131073
0.44238051772117615
0.7362229824066162
0.5532246828079224
0.689785361289978
0.7826269865036011
0.694347620010376
0.5525544881820679
0.5260175466537476
0.3939923644065857
0.6159729957580566
0.6423312425613403
0.7025001049041748
0.6236831545829773
0.46792367100715637
0.4811130166053772
0.6373517513275146
0.6868526935577393
0.59187912940979
0.7271426916122437
0.6976091861724854
0.678036630153656
0.5007034540176392
0.6206043362617493
0.659838855266571
0.7456628680229187
0.719208836555481
0.5922259092330933
0.556717038154602
0.5483447313308716
0.5423221588134766
0.44454288482666016
0.6968231201171875
0.7216688394546509
0.6812681555747986
0.5398440957069397
0.5247881412506104
0.6474499702453613
0.6540961265563965
0.45703327655792236
0.5587247014045715
0.7409443855285645
0.40320396423339844
0.5045452117919922
0.6352866888046265
0.7643948793411255
0.48584580421447754
0.7541669607162476
0.5203951597213745
0.6007130146026611
0.6096122860908508
0.6253849864006042
0.41134193539619446
0.6581007242202759
0.456682026386261
0.576812207698822
0.7178652286529541
0.6290642023086548
0.43124502897262573
0.6409987807273865
0.5946279764175415
0.6586933135986328
0.583459734916687
0.5509727001190186
0.7359727025032043
0.6351708173751831
0.8258940577507019
0.5219700336456299
0.6268442273139954
0.3988027572631836
0.4686070680618286
0.4424506723880768
0.713922381401062
0.452149361371994
0.7529922723770142
0.6697487235069275
0.44218337535858154
0.4733057916164398
0.5764904022216797
0.47942301630973816
0.5849426984786987
0.5607457160949707
0.6139625310897827
0.7773489952087402
0.5703198313713074
0.8461751937866211
0.6110631227493286
0.42945849895477295
0.6605993509292603
0.7367598414421082
0.6414905786514282
0.7733303308486938
0.712058961391449
0.5883066654205322
0.6655063629150391
0.5625025033950806
0.6282628774642944
0.589266300201416
0.6579389572143555
0.6033724546432495
0.7481124997138977
0.721591055393219
0.6739307641983032
0.6427818536758423
0.48683393001556396
0.6442103385925293
0.5392016172409058
0.5227809548377991
0.6765997409820557
0.47049450874328613
0.7684062719345093
0.593397855758667
0.7613379955291748
0.37118613719940186
0.5445688962936401
0.5774590969085693
0.6188915967941284
0.628732442855835
0.6015363335609436
0.5184381008148193
0.4617353677749634
0.514522910118103
0.6207693815231323
0.49947404861450195
0.44634103775024414
0.5143320560455322
0.6354989409446716
0.46500250697135925
0.5355188846588135
0.33039551973342896
0.5468220710754395
0.686296820640564
0.6208420991897583
0.6062769889831543
0.698672890663147
0.44806262850761414
0.749966025352478
0.6663538217544556
0.5869844555854797
0.6471458673477173
0.7326335310935974
0.6793975234031677
0.6453797817230225
0.5848925113677979
0.5684226155281067
0.7344874739646912
0.5648847818374634
0.7323465943336487
0.5599983334541321
0.6592469215393066
0.5263878107070923
0.5795962810516357
0.6687131524085999
0.5777435898780823
0.45022109150886536
0.6772420406341553
0.5356682538986206
0.5147693157196045
0.5719510316848755
0.5303489565849304
0.8643614053726196
0.5932838916778564
0.6301388144493103
0.7103114128112793
0.5230132937431335
0.7614027261734009
0.5041834115982056
0.6586912870407104
0.6641388535499573
0.7513070106506348
0.4948578178882599
0.7748911380767822
0.669364333152771
0.6364988684654236
0.5746394991874695
0.6807085871696472
0.5629554390907288
0.5412682294845581
0.6598234176635742
0.44613194465637207
0.6482512354850769
0.6841391324996948
0.6441301107406616
0.700890302658081
0.4737718999385834
0.4737296998500824
0.4852539896965027
0.6981425881385803
0.6545064449310303
0.7445617318153381
0.7619245052337646
0.6353157758712769
0.6217964887619019
0.6219446659088135
0.5499765872955322
0.6067070960998535
0.6143335103988647
0.760879635810852
0.6983157396316528
0.6475372910499573
0.6777527332305908
0.44644492864608765
0.6541680693626404
0.543239414691925
0.2833258807659149
0.6291985511779785
0.6171109080314636
0.5728769302368164
0.49724239110946655
0.588604748249054
0.6792446374893188
0.4071975350379944
0.5861655473709106
0.4238860011100769
0.5730668306350708
0.7185837030410767
0.5021257996559143
0.6884629130363464
0.6212989091873169
0.6376430988311768
0.5105315446853638
0.6323679685592651
0.6920715570449829
0.5719239711761475
0.6431704759597778
0.620815098285675
0.42347216606140137
0.6599286794662476
0.40592220425605774
0.7505521774291992
0.42033445835113525
0.6353611350059509
0.5381620526313782
0.6922022104263306
0.22724919021129608
0.6286220550537109
0.5440855026245117
0.6464402675628662
0.6545263528823853
0.7197678685188293
0.5152075290679932
0.4242490231990814
0.4850984513759613
0.582262396812439
0.3417641818523407
0.6204887628555298
0.6829774379730225
0.46078217029571533
0.5661729574203491
0.6629725694656372
0.6870520710945129
0.5999283790588379
0.6213712096214294
0.6585533618927002
0.4956218898296356
0.5084395408630371
0.5411361455917358
0.6216766834259033
0.6539624929428101
0.5278438925743103
0.4513164162635803
0.6592121124267578
0.6167693734169006
0.5378948450088501
0.6793980598449707
0.49862003326416016
0.48330122232437134
0.6276465654373169
0.6311736106872559
0.604571521282196
0.5670850276947021
0.4928550124168396
0.6837660670280457
0.67692631483078
0.6329599618911743
0.5746315717697144
0.7598966360092163
0.4555888772010803
0.5475594401359558
0.5561604499816895
0.6680406332015991
0.6016639471054077
0.5184593796730042
0.49704962968826294
0.2608136832714081
0.513733446598053
0.5404355525970459
0.6288044452667236
0.4416186213493347
0.582931399345398
0.46508944034576416
0.8246835470199585
0.5338960886001587
0.6934276819229126
0.658847987651825
0.6496649980545044
0.5969043970108032
0.5337701439857483
0.6204420328140259
0.7630113363265991
0.742888331413269
0.5791380405426025
0.719127893447876
0.615673303604126
0.6279542446136475
0.5998998880386353
0.6103895902633667
0.48827043175697327
0.7528863549232483
0.47736358642578125
0.6657317876815796
0.7089958786964417
0.6645564436912537
0.7444936037063599
0.6167417764663696
0.663885235786438
0.47370827198028564
0.6372226476669312
0.6014759540557861
0.4621863067150116
0.6922869682312012
0.7453988194465637
0.5937455892562866
0.8391349911689758
0.6909445524215698
0.6764613389968872
0.46183836460113525
0.821851372718811
0.5283403396606445
0.4139211177825928
0.7588402032852173
0.7155857086181641
0.4856751561164856
0.5963336825370789
0.725623369216919
0.6274992227554321
0.6210746765136719
0.5785971879959106
0.6862055063247681
0.7281509637832642
0.6342247724533081
0.5776822566986084
0.5374268293380737
0.598753035068512
0.5805714130401611
0.6584570407867432
0.5023407340049744
0.5993433594703674
0.5308353900909424
0.6967642903327942
0.7199327945709229
0.5542644262313843
0.6310111284255981
0.679076075553894
0.5350041389465332
0.5069681406021118
0.44247663021087646
0.6396275162696838
0.6566952466964722
0.6287857890129089
0.4843111038208008
0.6818965673446655
0.6881828308105469
0.49517202377319336
0.5641539692878723
0.5910270810127258
0.5422409772872925
0.5108820199966431
0.6665301322937012
0.2974983751773834
0.5944355726242065
0.5492599010467529
0.589834451675415
0.6067531704902649
0.6233736872673035
0.6837812662124634
0.5940610766410828
0.6908891201019287
0.5260982513427734
0.708355188369751
0.6682345271110535
0.5642394423484802
0.5982872247695923
0.4584023654460907
0.5173973441123962
0.5462386608123779
0.8031753301620483
0.5758857131004333
0.6621518731117249
0.5257680416107178
0.6548463106155396
0.7781585454940796
0.4675428867340088
0.6872358322143555
0.6125552654266357
0.45452749729156494
0.481720507144928
0.628250002861023
0.5921546220779419
0.6830481290817261
0.47734785079956055
0.5451117753982544
0.5028794407844543
0.40245258808135986
0.5339822173118591
0.6065252423286438
0.7130465507507324
0.38542622327804565
0.37553608417510986
0.7635675668716431
0.6238195896148682
0.6152770519256592
0.8133513927459717
0.6208646297454834
0.5785653591156006
0.5508652925491333
0.7248029708862305
0.5746452808380127
0.5704981088638306
0.7283749580383301
0.6259231567382812
0.7233840227127075
0.6181764602661133
0.5929596424102783
0.535517692565918
0.7470329999923706
0.5631533861160278
0.4653233289718628
0.5417457818984985
0.7061507701873779
0.5325394868850708
0.47973906993865967
0.4434048533439636
0.5747812986373901
0.7136245965957642
0.6789826154708862
0.6991710066795349
0.6666654944419861
0.48087602853775024
0.6187776327133179
0.5567904710769653
0.6969080567359924
0.5814909934997559
0.585695743560791
0.5366590619087219
0.6112227439880371
0.5808883905410767
0.6237961053848267
0.6141836047172546
0.6617870330810547
0.5846970081329346
0.6418263912200928
0.5632187724113464
0.7108052372932434
0.54253751039505
0.5689484477043152
0.5977326035499573
0.6091480255126953
0.553148627281189
0.7524064779281616
0.6550844311714172
0.7345184087753296
0.5406098961830139
0.7611069679260254
0.6848089098930359
0.6236129999160767
0.46121537685394287
0.6827313303947449
0.6928123235702515
0.6826245784759521
0.6456656455993652
0.5760634541511536
0.8572782874107361
0.48984789848327637
0.7237735986709595
0.7640151977539062
0.511023759841919
0.6677224636077881
0.629909873008728
0.5579636096954346
0.8934952020645142
0.7202432155609131
0.6097899079322815
0.5510331392288208
0.6017588376998901
0.8086027503013611
0.715491533279419
0.5812598466873169
0.5284832119941711
0.5577688813209534
0.5863115191459656
0.620699405670166
0.676155686378479
0.6753032207489014
0.6230014562606812
0.5363175868988037
0.6497719287872314
0.46432024240493774
0.5740154385566711
0.4355723559856415
0.5973483920097351
0.4324958622455597
0.6051343679428101
0.7163065075874329
0.7608131170272827
0.7083381414413452
0.6335676908493042
0.6335756778717041
0.6604630351066589
0.47253334522247314
0.5899778604507446
0.46418771147727966
0.6624215841293335
0.6292564272880554
0.6521919965744019
0.6759707927703857
0.7083649635314941
0.7118442058563232
0.525315523147583
0.4919644296169281
0.6106040477752686
0.5200814604759216
0.5604113340377808
0.562957763671875
0.6770354509353638
0.6552115082740784
0.4729483723640442
0.6294814348220825
0.5680843591690063
0.572822093963623
0.6066051721572876
0.5966737270355225
0.6686685085296631
0.6572536826133728
0.6704937219619751
0.5914665460586548
0.5239030122756958
0.5695515871047974
0.5468798875808716
0.7262508869171143
0.6820533275604248
0.5622661113739014
0.6287863254547119
0.6391881704330444
0.4043689966201782
0.622205376625061
0.47641414403915405
0.5824127197265625
0.39399150013923645
0.7153047919273376
0.6665217876434326
0.3397690951824188
0.5647510290145874
0.5100337266921997
0.6077706813812256
0.7065119743347168
0.7653579711914062
0.7128140926361084
0.6838120222091675
0.6570216417312622
0.5500196218490601
0.675202488899231
0.532686710357666
0.5590630173683167
0.7256309986114502
0.5542691946029663
0.7557311058044434
0.6760969758033752
0.5151761770248413
0.4167243540287018
0.4864441156387329
0.6653436422348022
0.6020814776420593
0.6675123572349548
0.6345256567001343
0.5843328237533569
0.3690882921218872
0.5233612656593323
0.6098923683166504
0.5494984984397888
0.4687119126319885
0.3710448443889618
0.7670125961303711
0.5746419429779053
0.6146525144577026
0.3989759683609009
0.7870743274688721
0.632864236831665
0.6710718274116516
0.6461629867553711
0.5683821439743042
0.38140302896499634
0.7533077001571655
0.4643282890319824
0.7775905728340149
0.5283765196800232
0.5378855466842651
0.6818675994873047
0.6468953490257263
0.6414271593093872
0.5014710426330566
0.5146573781967163
0.447801411151886
0.8331782817840576
0.670581579208374
0.5867684483528137
0.5130301713943481
0.5806509256362915
0.5679229497909546
0.5889244079589844
0.50360107421875
0.6972005367279053
0.5690828561782837
0.512649416923523
0.647363007068634
0.5622178912162781
0.48600947856903076
0.4489164650440216
0.7988024950027466
0.5608657598495483
0.6963833570480347
0.5467028617858887
0.6124969720840454
0.5980963706970215
0.7143071889877319
0.6694376468658447
0.6022162437438965
0.5040574669837952
0.7420954704284668
0.6635429263114929
0.6891155242919922
0.5380131006240845
0.672389566898346
0.6828085780143738
0.5048664212226868
0.5205115675926208
0.541573166847229
0.522580623626709
0.5816060900688171
0.588594377040863
0.679303765296936
0.721729576587677
0.6548596620559692
0.5071637630462646
0.6650004386901855
0.7535489797592163
0.5498957633972168
0.6720810532569885
0.4891391694545746
0.3250444233417511
0.6034659743309021
0.5157191753387451
0.726378321647644
0.507391095161438
0.5674502849578857
0.6066067218780518
0.6040778160095215
0.5569831132888794
0.5175806283950806
0.6158902049064636
0.5416594743728638
0.7252751588821411
0.38728514313697815
0.6195218563079834
0.610023021697998
0.618901252746582
0.5037609338760376
0.557094931602478
0.6489216089248657
0.5366122722625732
0.5892099738121033
0.693907618522644
0.6151021718978882
0.5493139028549194
0.5179245471954346
0.5945929288864136
0.2966614365577698
0.5808391571044922
0.6024210453033447
0.7225795984268188
0.7085406184196472
0.8551141023635864
0.7081329822540283
0.6329137086868286
0.6300348043441772
0.6884979009628296
0.6433452367782593
0.5603158473968506
0.6024483442306519
0.5865710377693176
0.5490648746490479
0.3852131962776184
0.47919875383377075
0.5381377935409546
0.5349456071853638
0.6185088157653809
0.5197335481643677
0.7977207899093628
0.6582067012786865
0.663087010383606
0.7436462640762329
0.6273406147956848
0.5359501838684082
0.6211139559745789
0.6875009536743164
0.4988272786140442
0.7024528384208679
0.5810353755950928
0.5650161504745483
0.6265193819999695
0.6460561752319336
0.5535867214202881
0.6756000518798828
0.6849311590194702
0.5465234518051147
0.8966771364212036
0.6457903385162354
0.7718100547790527
0.6596132516860962
0.6022611856460571
0.6251227855682373
0.5391561985015869
0.774043083190918
0.4258961081504822
0.5675751566886902
0.5631160736083984
0.7937607765197754
0.6807158589363098
0.7903622388839722
0.6338045597076416
0.5828952789306641
0.4667636454105377
0.6883912086486816
0.6042405962944031
0.6240462064743042
0.5763806104660034
0.6556236743927002
0.7394877672195435
0.5483750700950623
0.6259210109710693
0.6574966907501221
0.47532206773757935
0.6676961779594421
0.43438780307769775
0.5934835076332092
0.546383261680603
0.4787576198577881
0.6934496760368347
0.6690974235534668
0.6265450716018677
0.5897543430328369
0.5872073173522949
0.4434472322463989
0.6767970323562622
0.588465690612793
0.7174685001373291
0.6885354518890381
0.6372402906417847
0.5833160281181335
0.5595511198043823
0.5136598944664001
0.6485247611999512
0.4307023882865906
0.705791711807251
0.5894901156425476
0.5831503868103027
0.6067280769348145
0.6215217113494873
0.4500265121459961
0.5802344679832458
0.5737985372543335
0.738410472869873
0.5182203054428101
0.5855937004089355
0.6816251277923584
0.5346575975418091
0.3493010997772217
0.584616482257843
0.6456514596939087
0.5368363857269287
0.568530261516571
0.4915289282798767
0.7689989805221558
0.43095988035202026
0.6097197532653809
0.5311114192008972
0.7573584318161011
0.6177341938018799
0.6979389786720276
0.6924648880958557
0.659205973148346
0.6497516632080078
0.620772123336792
0.7124823331832886
0.652153491973877
0.7059952616691589
0.6720852851867676
0.49658453464508057
0.46879759430885315
0.5191390514373779
0.6431162357330322
0.7568838596343994
0.40126049518585205
0.6256723403930664
0.6840689182281494
0.6398078203201294
0.6729422807693481
0.5272919535636902
0.6248703598976135
0.5082709789276123
0.6945444345474243
0.7119332551956177
0.6576237678527832
0.5176427364349365
0.6476165056228638
0.49616941809654236
0.603456437587738
0.7205860018730164
0.6340889930725098
0.427388072013855
0.6414923667907715
0.5189228057861328
0.42510175704956055
0.6228467226028442
0.553066611289978
0.5459781885147095
0.5311018228530884
0.5357369780540466
0.410457968711853
0.7475504875183105
0.5555031299591064
0.6932254433631897
0.5562245845794678
0.6163330078125
0.5599903464317322
0.6683292388916016
0.42630067467689514
0.6403153538703918
0.610167384147644
0.788420557975769
0.2668291926383972
0.6744569540023804
0.42081418633461
0.7192498445510864
0.4625215530395508
0.5629252791404724
0.6759661436080933
0.45441126823425293
0.6388217210769653
0.5695209503173828
0.741717517375946
0.5480904579162598
0.7410620450973511
0.5275887846946716
0.5286750793457031
0.6256498098373413
0.5185641646385193
0.7633169889450073
0.6592296361923218
0.6458092927932739
0.5836066007614136
0.6298453211784363
0.4825643002986908
0.6261681914329529
0.7646531462669373
0.5088546276092529
0.5455577969551086
0.6368187665939331
0.47963178157806396
0.7846542596817017
0.6786894798278809
0.5975643992424011
0.615171492099762
0.7390135526657104
0.7915185689926147
0.5812808275222778
0.6012820601463318
0.5530519485473633
0.6601464748382568
0.6140602827072144
0.5945291519165039
0.6506218910217285
0.6792318820953369
0.5856847763061523
0.35506510734558105
0.6796623468399048
0.6604699492454529
0.47800737619400024
0.6952637434005737
0.5425961017608643
0.7289568185806274
0.6025510430335999
0.6717521548271179
0.5900583267211914
0.7244694232940674
0.6506708264350891
0.6465794444084167
0.628545880317688
0.5531487464904785
0.6160328388214111
0.6753131151199341
0.46359682083129883
0.569707989692688
0.5307008028030396
0.5431685447692871
0.6119077205657959
0.5839190483093262
0.5915734767913818
0.71593177318573
0.5980762243270874
0.5811974406242371
0.34517234563827515
0.6483588218688965
0.7434309124946594
0.5558769702911377
0.5599393248558044
0.6133703589439392
0.4444851875305176
0.5828701853752136
0.5099737048149109
0.5684736967086792
0.40546929836273193
0.7218782901763916
0.7238017320632935
0.6429813504219055
0.48599377274513245
0.5359174013137817
0.7142559289932251
0.7201104760169983
0.5496116876602173
0.6047506928443909
0.7303968071937561
0.6421058773994446
0.7594866156578064
0.5429764986038208
0.6772783398628235
0.649169921875
0.5688509941101074
0.5398759841918945
0.7650862336158752
0.5734161138534546
0.7812561392784119
0.708823561668396
0.6026043891906738
0.7104316353797913
0.6787030100822449
0.5214550495147705
0.7367428541183472
0.6120246648788452
0.7531595230102539
0.5941511392593384
0.5138178467750549
0.42637526988983154
0.70827317237854
0.5645602941513062
0.6777646541595459
0.5921042561531067
0.7746196985244751
0.7846028804779053
0.6984471082687378
0.6923558712005615
0.5645154714584351
0.7164191007614136
0.6454532146453857
0.6468642354011536
0.7544765472412109
0.46250250935554504
0.5652158260345459
0.5680463314056396
0.5479386448860168
0.44593626260757446
0.5942966938018799
0.5055445432662964
0.5211055874824524
0.5967907905578613
0.31138086318969727
0.5916032195091248
0.6757903099060059
0.45199811458587646
0.572627604007721
0.6035881042480469
0.565019965171814
0.49608665704727173
0.7551165819168091
0.5880627632141113
0.5326604843139648
0.5132918357849121
0.6620895266532898
0.6638115644454956
0.5801324844360352
0.7138844728469849
0.6953945755958557
0.6095361113548279
0.6583443284034729
0.692179262638092
0.5439311861991882
0.6767347455024719
0.6220741868019104
0.5923572778701782
0.46121746301651
0.6947541236877441
0.4278733730316162
0.6242032051086426
0.5417791604995728
0.5817212462425232
0.3626987338066101
0.5373619198799133
0.3409702777862549
0.6017107367515564
0.7141295075416565
0.7559198141098022
0.6483149528503418
0.473930299282074
0.7337963581085205
0.5504029393196106
0.7631728649139404
0.49957144260406494
0.5512824058532715
0.6322336792945862
0.46047061681747437
0.49314725399017334
0.6302807331085205
0.500713586807251
0.5977156162261963
0.5079496502876282
0.691280722618103
0.5527195930480957
0.6275784969329834
0.6384733319282532
0.4915429949760437
0.48589858412742615
0.4612756669521332
0.6109851598739624
0.7597174048423767
0.6244237422943115
0.49396631121635437
0.6656995415687561
0.7069576978683472
0.7144688367843628
0.43192028999328613
0.6421695947647095
0.6385742425918579
0.6627110242843628
0.5151105523109436
0.762697696685791
0.5169712901115417
0.6747787594795227
0.5285364985466003
0.47740107774734497
0.667310357093811
0.45048949122428894
0.48362573981285095
0.7668541073799133
0.6472358703613281
0.48642468452453613
0.6371605396270752
0.5588492155075073
0.5353890657424927
0.6792535781860352
0.5871182084083557
0.6115543842315674
0.6418687105178833
0.5766880512237549
0.48810335993766785
0.36412546038627625
0.5505832433700562
0.7167844772338867
0.7915204763412476
0.38449379801750183
0.7532379031181335
0.7475912570953369
0.68700110912323
0.48443764448165894
0.6541776657104492
0.5641554594039917
0.6075016856193542
0.46371573209762573
0.6236207485198975
0.6176539659500122
0.4817550778388977
0.5214674472808838
0.5058751702308655
0.565021276473999
0.5075807571411133
0.719815731048584
0.5977055430412292
0.5891826748847961
0.4840378761291504
0.6068110466003418
0.6373080611228943
0.6108790636062622
0.621691107749939
0.5845344066619873
0.6093150973320007
0.5651668310165405
0.4404730498790741
0.6616462469100952
0.610084593296051
0.5979804992675781
0.33457356691360474
0.7327934503555298
0.7438421249389648
0.6241441965103149
0.5654919147491455
0.5009673833847046
0.6130009889602661
0.7650454044342041
0.5745700597763062
0.579714834690094
0.6719239950180054
0.6019256711006165
0.6810148358345032
0.713690996170044
0.5972843170166016
0.6402913331985474
0.7692341804504395
0.6493698358535767
0.6727882027626038
0.6396808624267578
0.60117506980896
0.6635681390762329
0.47997015714645386
0.49803340435028076
0.6027209758758545
0.7605482339859009
0.5751825571060181
0.47634357213974
0.47347381711006165
0.683204710483551
0.5781664252281189
0.822327733039856
0.4114100933074951
0.6749104261398315
0.5237071514129639
0.5584970712661743
0.8018238544464111
0.5941256284713745
0.42402929067611694
0.5795291662216187
0.6612439751625061
0.7443533539772034
0.2917631268501282
0.4645969569683075
0.6046895980834961
0.5744342803955078
0.6128491163253784
0.4412921667098999
0.49996036291122437
0.622250497341156
0.6606065034866333
0.6062934398651123
0.6796691417694092
0.6993327736854553
0.5369299650192261
0.4964856505393982
0.6011523008346558
0.6602145433425903
0.5684348940849304
0.4510563611984253
0.5977889895439148
0.5362349152565002
0.6431831121444702
0.5758482217788696
0.7618217468261719
0.619364857673645
0.48474597930908203
0.6137681603431702
0.6081771850585938
0.47777241468429565
0.5780413150787354
0.689363956451416
0.5556552410125732
0.5167883634567261
0.6437574625015259
0.609271764755249
0.7562485337257385
0.6932457685470581
0.7118625044822693
0.6762136816978455
0.48588716983795166
0.49616873264312744
0.7352120876312256
0.5249185562133789
0.5414356589317322
0.6462042331695557
0.6786471605300903
0.5544731616973877
0.5214328765869141
0.4112780690193176
0.7547293901443481
0.7379897832870483
0.6904958486557007
0.5902542471885681
0.577909529209137
0.737046480178833
0.5731830596923828
0.6419802308082581
0.6114128828048706
0.5574737787246704
0.6206855177879333
0.42503100633621216
0.694682240486145
0.43020549416542053
0.6660977602005005
0.432333767414093
0.7659016847610474
0.6450340747833252
0.7313727736473083
0.5059236288070679
0.5422085523605347
0.588463544845581
0.5808485150337219
0.724428653717041
0.616607666015625
0.42894446849823
0.5752614736557007
0.6496737003326416
0.5644958019256592
0.47093063592910767
0.7677589058876038
0.4686466455459595
0.5991536378860474
0.6277252435684204
0.5836860537528992
0.5842275023460388
0.5291657447814941
0.6708828210830688
0.6413987278938293
0.4495120048522949
0.6504678726196289
0.5171369910240173
0.5077224373817444
0.5635929107666016
0.5831390619277954
0.5849664211273193
0.5556594133377075
0.5502289533615112
0.5687823295593262
0.4070136249065399
0.680243968963623
0.4108678698539734
0.4944523870944977
0.690146803855896
0.640194296836853
0.6291534900665283
0.5569931268692017
0.6869790554046631
0.6811975836753845
0.5656344294548035
0.5455453991889954
0.5283584594726562
0.680342435836792
0.6132909655570984
0.49089348316192627
0.4157123863697052
0.57918381690979
0.5350903868675232
0.5744649171829224
0.505719780921936
0.5531666278839111
0.6797844767570496
0.6571477651596069
0.7650077939033508
0.5888843536376953
0.7290088534355164
0.5963029265403748
0.6278106570243835
0.5760708451271057
0.5192263722419739
0.64549720287323
0.6947997808456421
0.6494615077972412
0.4330739378929138
0.5311019420623779
0.6665605306625366
0.6328606605529785
0.6529868245124817
0.5762506127357483
0.509943425655365
0.4983001947402954
0.5128281116485596
0.6755810976028442
0.6483692526817322
0.5873713493347168
0.6580556631088257
0.6447726488113403
0.7042071223258972
0.6090795993804932
0.6152206063270569
0.5789124965667725
0.7474551796913147
0.6895934343338013
0.6020675897598267
0.687358021736145
0.5532606840133667
0.7520043253898621
0.5393587350845337
0.5931396484375
0.5706888437271118
0.6194918155670166
0.6744813919067383
0.5884944200515747
0.6997509002685547
0.6071274280548096
0.5845266580581665
0.7411984801292419
0.7023884057998657
0.7152241468429565
0.6222482919692993
0.5330087542533875
0.5156189799308777
0.5942525863647461
0.5758883357048035
0.44921329617500305
0.5986255407333374
0.6800364255905151
0.4394901990890503
0.5518351197242737
0.6141020059585571
0.4905140995979309
0.651666522026062
0.616908609867096
0.645595908164978
0.5788347721099854
0.4801347851753235
0.6041329503059387
0.46903324127197266
0.6353299617767334
0.6365393400192261
0.69539475440979
0.5446227788925171
0.6678080558776855
0.7249431610107422
0.7158834934234619
0.5809171199798584
0.687947154045105
0.6432918310165405
0.6151458024978638
0.48684120178222656
0.6901823878288269
0.4890725016593933
0.5795735716819763
0.4330982565879822
0.5463369488716125
0.6016891598701477
0.6728889346122742
0.464862585067749
0.5404458045959473
0.6528709530830383
0.6729199886322021
0.6308817863464355
0.622087836265564
0.5281130075454712
0.6950472593307495
0.5818541049957275
0.6207990646362305
0.6355490684509277
0.7038280963897705
0.6373153924942017
0.5555204153060913
0.6225048303604126
0.6823568940162659
0.4418010711669922
0.5602259039878845
0.34915512800216675
0.5334596633911133
0.5008865594863892
0.5253649950027466
0.7169063091278076
0.7150739431381226
0.8444346189498901
0.814186155796051
0.4737474322319031
0.6992429494857788
0.6990123987197876
0.6297814846038818
0.683505654335022
0.6252176761627197
0.659473717212677
0.6378980875015259
0.6201058030128479
0.4739078879356384
0.44693246483802795
0.542738139629364
0.43408578634262085
0.4814872145652771
0.6587139964103699
0.5694073438644409
0.5141867399215698
0.44300204515457153
0.5766862034797668
0.5434746742248535
0.4266539216041565
0.7462829351425171
0.4473001956939697
0.41864919662475586
0.3850831985473633
0.6185817718505859
0.5949181318283081
0.5802688598632812
0.6350513100624084
0.6740018725395203
0.5194019079208374
0.7154269814491272
0.638213038444519
0.7951500415802002
0.6030015349388123
0.6892527937889099
0.4697653353214264
0.6215229630470276
0.520182728767395
0.5265836715698242
0.7888398170471191
0.6533283591270447
0.45206665992736816
0.6933081150054932
0.4833022654056549
0.7670958042144775
0.663131833076477
0.7170343399047852
0.5240845680236816
0.47163063287734985
0.45410895347595215
0.7282060384750366
0.7118979692459106
0.5354185104370117
0.6786119937896729
0.5808947682380676
0.5748943090438843
0.49834173917770386
0.8474806547164917
0.6001775860786438
0.643459141254425
0.624119758605957
0.55921471118927
0.6724817752838135
0.6680104732513428
0.4442749321460724
0.5722355246543884
0.4481579065322876
0.6224905252456665
0.4194362163543701
0.6584085822105408
0.6486112475395203
0.48630496859550476
0.6871641874313354
0.6595592498779297
0.5821263790130615
0.5423430800437927
0.6088474988937378
0.8025667071342468
0.7478610873222351
0.5880244970321655
0.4700514078140259
0.5923346281051636
0.4254002869129181
