0.00777521397
0.2216096599
0.1624140311
0.232900064
0.1774231689
0.1524748346
0.1658413774
0.01518851242
0.00402433661
0.3170822464
0.00943318131
0.03283102662
0.062170699249999996
0.03104530229
0.23015662209999999
0.1455362651
0.18923404089999998
0.11663780900000001
-5.400803e-05
0.1735561847
0.09388380559
0.04038313692
0.1252229828
0.07066973527
0.03173228936
0.03196247742
0.012406947889999999
0.1801214185
0.1133726564
0.1934545983
0.0
0.00139405204
0.21408788950000002
-0.0008912655999999999
0.00293551114
0.011355214119999998
0.06372484369999999
0.08321169903999999
0.1961485873
0.08718494323999999
0.17928679819999999
0.03722173723
0.1590096211
0.1596265912
0.028465547249999997
-0.00219298246
0.07219899631
0.2087493913
0.24930423820000003
0.0009191176500000001
0.1935958151
0.16881864289999998
0.08378778297
0.2592142806
0.012605042019999999
0.09479157873
0.09918921234999999
0.1190728689
0.05825762948
0.2920171597
0.00601243104
0.04450190023
0.01381847791
0.1246078906
0.08016761419
0.1838252443
0.04860390763
0.24107951849999998
0.2011306111
0.01652653419
0.0016350555899999999
0.043068284490000004
0.1537659177
0.1182389352
0.2290677197
0.00247194152
0.1906218548
0.3068863269
0.03926753074
0.005304406649999999
0.2273871354
0.00317475649
0.08493069098
0.07292516912
0.01932988152
0.039832607719999996
0.26461142639999996
0.07025440091
0.055291674799999996
0.1847689192
0.1325247193
0.1431982888
0.1958645678
0.00947351822
0.0602475999
0.08933945148
0.05855313407
0.0013986013999999999
0.05581117891
-5.069736e-05
0.22313578239999998
0.1360377857
0.2940868777
0.09972394508
0.2726283567
0.06281579093
0.07416739464
0.2195577595
0.00326624002
0.1160947793
0.0034786517300000003
0.1191464337
0.04911032160999999
0.14538097719999998
0.05460405364
0.02499982938
0.00467618665
0.287788629
0.04676427262
0.1662133964
-0.0017331022500000001
-0.0007065946500000001
0.03668534297
0.02455987478
0.031229686179999997
0.050348734039999996
0.05604678205
0.2122321535
0.00051975052
0.07878117903
0.2930626281
0.2552514259
0.00769984257
0.2564070732
0.09358163562999999
0.07986823086
0.00148809524
0.2059384066
0.24856630370000002
0.07620736743
0.03887020393
0.00174260038
0.0
0.10049668560000001
0.0
0.06794170818999999
0.1244504164
0.249124319
0.024120592
0.09042561043
0.0
0.2084101744
0.1002655172
0.049565426940000004
0.21547276
0.01182720981
0.00011899227000000001
0.0005624297
0.2245714486
0.0742770451
0.13711599100000002
0.059934638969999995
0.177082317
0.2452646948
0.19047500790000002
0.0055069062
0.1077413767
0.1206744395
0.12189488479999999
0.05144646669
0.08698616126999999
0.00574724986
0.00064184852
0.0
0.02336322804
0.09714150077
0.04941115044
0.1272855099
0.00521749672
0.06193129486
0.168567303
0.09384760879
0.027842555029999997
0.0010221239
0.1555655726
0.00878794951
0.015537440840000001
0.07799436311
0.17791345320000002
0.0663281343
0.11352308920000001
0.04647054157
0.01539082248
0.0
0.00143625932
0.029608440229999998
0.00034770515
0.07011064385
0.0
0.04276459854
0.00460000916
0.0
0.012042342059999999
0.2193825292
0.03655706068
0.06427533635999999
0.1230767767
0.016618701110000002
0.1922700652
0.1455944245
0.141511315
0.01878508061
0.2372019446
0.3124338406
0.006826546209999999
0.1967025966
0.0006226650100000001
0.2298488937
0.2133225544
0.04642867948
0.09135972583999999
0.061360054440000006
0.0308301454
0.01751648345
0.049101096489999996
0.18461502289999998
0.026592888440000004
0.00699133066
0.005832644289999999
0.04793905721
0.1130614119
0.0
0.09039511258999999
0.1117515957
0.0060698027300000006
0.09024933130999999
0.060394119110000005
0.057966531870000004
0.1013110745
0.1539219967
0.012949625870000002
0.2385709673
0.00837245636
0.2696958229
0.09309926198
0.0
0.0051682707500000005
0.2472135705
0.24767933849999998
0.2196710346
0.20249042150000002
0.23251869200000003
0.1945503442
0.2044416618
0.01079988852
0.07297042352
0.007866953650000001
0.0655026242
0.1434110631
0.23801083850000002
0.07482684572000001
0.059159085320000006
0.02250764526
0.00891460128
0.00759118414
0.054939825229999996
0.2607218292
0.16779716449999998
0.05890069678
0.03174832891
0.04129916444
0.01850940112
0.06890306659
0.00201459872
0.05141850753
0.24381220450000002
-0.00112612613
0.1665815015
0.0
0.1526022634
0.2035458425
0.0
0.08245243681
0.1730614389
0.2016836722
0.01862855474
0.062161256580000004
0.0
0.07383744568
0.3652556655
0.09233704637000001
0.00471530644
0.01123601426
0.0033428354
0.06722035567
0.07033934096
0.1017393976
0.01617509393
0.00985221675
0.02454608484
0.12248937039999999
0.04907534839
0.054376658349999996
0.005545320580000001
0.013210027550000001
0.02138393314
0.07245679473
0.0027048059800000002
0.1525759773
0.046857955660000006
0.1830510617
0.1501146035
0.03465389104
0.00551979734
0.24688383460000002
0.1261196749
0.1212888931
0.03857702745
0.20919652840000003
0.00960266619
0.049525817390000004
0.07339219943
0.1722779062
0.05833015205
0.04260572161
0.056770336500000004
0.17700912070000002
0.1394407906
0.229779025
0.00080138875
0.1893897759
0.00719269103
0.1758599031
0.10511727679999999
0.00775193798
0.2476240803
0.2363027532
0.228505176
0.0015527950300000001
0.01419520224
0.14067390400000002
0.06332191571
0.18496868760000001
0.00556142448
0.06103068797
0.1408567259
0.01360825339
-0.0007621951200000001
0.00363565388
0.03481198104
0.08055002825
0.00871920154
0.06038621321
0.13371023129999998
0.04376746208
0.0
0.0007552870100000001
0.2726375656
0.05360452785
0.028960466070000003
-0.00076452599
0.1523198958
0.06781502746
0.1704384079
0.009961045549999999
0.057894169700000005
0.05115265756
0.010318949340000001
0.1015554466
0.00932400932
0.054004329000000004
0.08942939303
0.10223209600000001
0.1473210399
0.0960732715
0.16690886989999998
0.1659603483
0.013753102120000001
0.00145031986
0.2668347976
0.0107692411
0.2865061491
0.2369981205
0.03160250012
0.00731473781
0.2071290222
0.01210918434
0.0878235174
0.2371532791
0.1484075035
0.1511922682
0.1928348956
0.06296632263
0.04088147695
0.04619935771
0.01426017433
0.2084889967
0.0
0.08345823383
0.00389663659
0.2000335871
0.02969272981
0.10235265610000001
0.00099800399
0.1534251449
0.03140327843
0.04021247753
0.1389008818
0.06151354835
0.04823317435
0.16493561159999998
0.1068161678
0.05085876912
0.042986018990000006
0.3150736294
0.3062015986
0.02094183384
0.2879737998
0.2077253039
0.08966273965999999
0.2901108813
0.05721742569
0.2167712968
0.00064050701
0.1119777439
0.07137884909
0.0016473163199999998
0.1706587369
0.07196809996
0.177374845
0.19933893439999997
0.01778222715
0.1395489441
0.2268518935
0.10673115250000001
0.0
0.2887259356
0.08386694502999999
0.020902684379999998
0.0
0.25349876120000003
0.0036697582699999997
0.0774915371
0.0
0.292838848
0.05865293713
0.012691035319999999
0.1099165941
-0.00013538238
0.00873999117
0.029230311289999998
0.005885481580000001
0.1524923274
0.1177198877
0.06575607446000001
0.00508774048
0.30468943979999996
0.2445140788
0.07957636229000001
0.07377412624
0.1080050737
0.2090120411
0.01426789598
0.00949993773
0.00829584762
0.01164891759
0.00089946314
0.13764052810000002
0.0656167103
0.0438598675
0.09790415521
0.2641781609
0.04316505051
0.02072528734
0.00436310519
0.25610304110000004
0.12367938110000001
0.1754264186
0.0
0.05256700273
0.23630816729999998
0.0
0.0015908572800000002
0.11974987629999999
0.09186232280000001
0.04632160452
0.1124845705
0.13923308280000002
0.03352901526
0.1805240449
0.01703789243
0.09029867744
0.02570202455
0.1746508068
-0.0012254902
0.1081634491
0.1195337145
0.02411696401
0.03712343746
0.04030112135
0.056602904089999996
0.1622563936
0.08040963525
0.20519185669999998
0.00044722719
0.0518710442
0.02563426841
0.22258009139999999
0.00470908974
0.02920106441
0.2006032372
0.02455687616
0.07138673143
0.2078039455
0.3330001393
0.1749197572
0.09418546604
0.04723583918
0.08951152588
0.05907888528
0.020208324910000002
0.06551335841
0.00781328998
0.1494435413
0.18555857809999998
0.21719727379999998
0.32095496939999996
-0.00022263743999999998
0.2461115999
0.00229621125
0.1079286045
0.016041749169999998
0.02238764819
0.01712374526
0.0009525523599999999
0.0041736227
0.1086348553
0.01830733415
0.00052631579
0.1206202992
0.08461933723
0.11014243069999999
0.05280205884
0.1321075367
0.09189436507
0.07223564462
0.06759863856
0.00095419847
0.0774842558
0.07945509912
-0.00024758216
0.06417043319
0.1143401539
0.2515769633
0.01721542948
0.1127650822
0.0077675218400000004
0.05477525673
0.01271914446
0.1024824402
0.01354963667
0.2784909316
0.1335201223
0.2442974659
0.2909989259
0.03981977444
0.06936313682
0.1560266822
0.03986638497
0.00948186863
0.06326025318
0.1633152158
0.0
0.1158152494
0.02211428571
0.02489366257
0.2884681978
0.1431945589
0.1132425023
0.0
0.2478791189
0.1636830253
0.00329609954
0.0010869565200000001
0.1945355956
0.12167554320000001
0.1419450825
0.10309550149999999
0.023941190560000002
0.29705326060000004
0.06943244800000001
0.011802994
0.06321763041
0.06354025386
0.0035326519299999997
0.028276998390000002
0.3646387122
0.0052787332
0.22376713680000002
0.3877622825
0.04475797573
0.05787536837
0.04156163407
0.03973806308
0.110577369
0.05797027199
0.0036687631
0.14915475920000001
-0.0020533880900000002
0.28437406190000003
0.1660838172
0.0122509113
0.1720629159
0.00285225328
0.09874260148
-0.0016129032300000001
0.1214230317
0.07856260983
0.01189915073
0.0
0.04057725579
0.1915933115
0.0231977901
0.0049645390099999995
0.2984575094
0.154352271
0.02373900588
0.1933901583
0.234922067
0.2221920705
0.247526839
0.02600282804
0.06648317806
0.11926147549999999
0.0
0.03201277723
0.1622185729
0.03414363947
0.09021259347999999
0.00228310502
0.09539613750999999
0.10292770470000001
0.08458653093
0.21255603839999998
0.41852061030000004
0.0482277707
0.06842529297
0.09473714899
0.07096010948
0.1336924491
0.057690301709999996
0.0367547432
0.050133090820000004
0.197671961
0.08217640533000001
0.07831158399
0.00242164783
-0.00085626464
0.1714467645
-0.0008510638299999999
0.05642672135
0.04228136726
0.3182668376
0.25146479769999996
0.05970283531
0.0810297005
0.1418569401
0.04163583901
0.1208028196
0.1397640929
0.0
0.1135259145
0.00802349472
0.00912408759
0.00076923077
0.2999639448
0.09932287149
0.3515919884
0.0025013068
0.00475111051
0.1075465194
0.0
0.11736506049999999
0.044347972719999997
0.03429000782
0.11600437489999998
0.0
0.3508064516
0.07381361069
0.00119123594
0.2777756569
0.03214893513
0.27992457309999996
0.054551916
0.1345337222
0.04896380744
0.3069168424
0.23638968670000002
0.18377103720000001
0.00235482957
0.1630408355
0.1476345229
0.18595254700000002
0.023169489369999997
0.0194371508
0.06805484804
0.0062427290899999995
0.0005736869399999999
-0.0006385696000000001
0.2452424469
0.08738891239999999
0.05634789806
0.30975943229999997
0.191846074
0.3318020197
0.07189004003
0.1173085653
0.05027483054
0.2068029547
0.2006631566
0.2588544217
0.03109966512
0.2150709398
0.08205196551
0.2970520665
0.08484005428
0.1632141212
0.210359053
0.01996671351
0.04127388008
-0.00048959608
0.19467057480000002
0.1376236443
-9.463371e-05
0.01217390672
-0.00025542783999999997
0.05914388246
0.06098059207999999
0.020139439000000002
0.2419813808
0.00113636364
0.2155586571
0.23818810589999997
0.2240573449
0.0428198327
0.251963537
0.00257069409
0.09271461483
0.00040453074
0.07274392734
0.12317257279999999
0.049821837550000005
0.1312691955
0.00076687117
0.07882604334
0.00367270712
0.275457618
0.37836188819999994
0.09452970754000001
0.1704103106
0.1463536333
0.06589877333
0.06946687808
0.0016808669000000001
0.0
0.1560892383
0.1070149929
-0.00115207373
0.04191707648
0.1590711909
0.1641661191
0.009382063389999999
0.23494787009999998
0.05530034619
0.148588645
0.03618658639
0.00358432875
0.17202094739999998
0.00091111784
0.050695978989999994
0.01808973191
0.09973283775000001
0.00426192744
0.1848289314
0.18215307379999998
0.0331715585
0.2106485919
0.04424832613
0.301051425
0.01920680782
0.3169414712
0.0594469304
0.08966301272999999
0.1711561202
0.09690982919999999
0.272735055
0.0
0.01142551948
0.0079457735
0.2881450404
0.04300216301
0.0008341223000000001
0.00290640591
0.1035197215
-0.00031575623999999995
0.1423974743
0.1477495769
0.01171164507
0.2347892152
0.2220785841
0.2203927617
0.1229363416
0.00491554034
0.01245250814
0.2413364804
-0.00028968714
0.0
0.05699102291
0.06185206431
0.2471147609
0.5478712915
0.17065009239999998
0.1567451111
0.2544597624
0.020519876460000003
0.2152654937
0.0117725923
0.03151792206
0.0488637203
0.21889706679999998
0.00085324232
0.0
0.04751986295
0.1989145104
0.0082202101
0.0
0.00429586681
0.1270360912
0.0036422652799999997
0.1574839861
0.2634665451
0.17910381560000002
0.1083855509
0.2564659893
0.1177764166
0.1521202357
0.1861152204
0.047434871760000004
0.34834855140000004
0.21282796510000002
0.057090636369999996
0.1120882772
0.030793264150000003
0.1801689725
0.1436380698
0.21141466
0.041688860700000004
0.1429082134
0.1606026133
0.00036258157999999996
0.1455810334
0.2454519068
0.07575457603
0.0669422035
0.03442340792
-0.00034402441999999996
0.1786069783
0.1926258626
0.1128585
0.04655161724
0.10121399419999999
0.00828246107
-0.0004972650399999999
0.1150562358
0.0477827698
0.08021818812999999
0.030949540240000004
0.00090160886
0.1043084271
0.00480769231
0.1476082851
0.2904523378
0.2050259364
0.11239408649999999
0.14716287420000002
0.0018140589600000002
0.03093902258
0.06774167104
0.08758475715
0.01595656779
0.1279159109
0.03457299899
0.00069589422
0.1710991979
0.01239796745
0.0045904729799999995
0.30526818099999997
-0.00115473441
0.16478180299999998
0.14766280569999998
0.2803820151
0.1538580107
0.01249382542
0.2596027582
0.016020850099999998
0.07348478961999999
0.11219851759999999
0.1594242314
0.03279330901
0.1668814806
0.2492497551
0.1542901541
0.19200514210000003
0.0017203849600000002
0.03244635401
0.050338691740000004
0.004018527599999999
0.08520495748
0.05912636183
0.022426097550000003
0.057009447680000006
0.00103234687
0.032491111419999996
0.24004700629999998
0.00283286119
0.1397704526
0.2033022486
0.00036656890999999995
0.1500109644
0.04239034371
0.1454987241
0.03647084642
0.010855001230000001
0.03409508883
0.09644162165999999
0.01535152268
0.3450314685
0.0298925897
0.24905819050000003
0.1874631618
0.0
0.22742296920000002
0.06549537881
0.0030872503099999998
0.03518534733
0.1996559284
0.21877485230000002
0.00088261253
0.1156043005
0.1006387941
0.006248722260000001
0.1077647823
0.00033803921
0.1580265728
0.01379310345
0.00622216653
0.2895205669
0.2596001723
0.05120715304
0.0
0.00746268657
0.028105661190000002
0.1155546993
0.0072799002400000005
0.02116368462
0.1439559806
0.023512627799999998
0.057489916790000005
0.0
0.1846918914
0.1402446933
0.01501642676
0.0481458702
0.00299973791
0.05341959138
0.04400533524
0.1875360463
0.04942573429
0.05087872057
0.1534839435
0.2960869975
0.00077639752
0.2316973364
0.136877745
0.1053806065
0.06320123839
0.048944827860000005
0.0365912748
0.2397338474
0.01476984176
0.1751009109
0.00114416476
0.1148432192
0.1709552049
0.2666484665
0.16462499730000002
0.04722873104
0.0
0.1072999292
0.1201077478
0.047249218290000006
0.1486970732
0.03095976049
0.1238344588
0.04179369811
0.02048195112
0.1816413119
0.013514008420000001
0.0
0.04011669159
0.058838927
-0.00126068096
0.00446998723
0.1385340011
0.2709523258
0.09927567060999999
0.16671632890000002
0.039592047400000004
0.03324199977
0.1549082426
0.04449485848
0.2129818158
0.00087648244
0.07858919886
0.2521537481
0.0027109031900000003
0.29314361
0.04327808189
0.2404678713
0.03028591691
0.28655357200000003
0.01145101911
0.09852365520999999
0.00025654182
0.00120616226
0.21731005020000002
0.042384210070000004
0.05962035813
0.1891638894
0.03015503016
0.05865588502999999
0.0343388539
0.26229997380000003
0.2150825102
0.0152027027
0.0017031616799999998
0.0
0.1927564674
0.3924867927
0.01425523701
0.03543791133
0.2598529704
0.0017307283900000001
0.2305175049
0.01637669698
0.03312703503
0.06617189948
0.02490853219
0.07026695388
0.1585849064
0.1336281073
0.01758161898
-0.00050787202
0.2649267892
0.2189390806
0.2511675367
0.07793276948
0.00889532119
0.1925627687
0.15690655939999998
0.05917593837
0.4133888293
0.17854961549999998
0.0015822784800000001
0.11247846830000001
0.01188011138
0.2016936935
0.00492084195
0.06784821434999999
-0.00118623962
0.03465201199
0.1990139846
0.09787816839999999
0.1043700224
0.1904678555
0.00544438969
0.01656637514
0.19941954679999999
0.02815251334
-0.00031833514
0.06783758206
-0.00043421624
0.4564990565
0.1702110836
0.04206610140000001
0.08181884614
0.1834235984
0.00425761743
0.00033341906
0.053883215299999995
0.00042480883999999994
0.0
0.1323969156
0.05154134163
0.2036971837
0.09911293242
0.1284107575
0.03762490095
0.21865439769999997
0.057474630490000005
0.04645430093
0.07778790376
0.05150167041
0.01718886427
0.1806885126
0.22332940359999998
0.006280906710000001
0.1322728116
0.00585259113
0.006241768920000001
0.0024565330399999997
0.01022857212
0.01925516433
0.1282371628
0.0406401854
0.0
0.1428868016
0.26302367
0.00230130785
0.1760174185
0.09575155350999999
0.1495302774
0.24628811809999998
0.1253059239
0.08068616355
0.01376936317
0.2308405968
0.01892892694
0.10688504480000001
0.1577593435
0.1191900725
0.24694444000000002
0.01747666597
0.09940967647000001
0.25773352
0.0136502849
0.047844976160000004
0.17641024949999998
0.0
0.1574196422
0.2866108851
0.06328634178999999
0.1111894127
0.1654745458
0.01164178938
0.17894001930000003
0.01909394885
0.009886821569999999
0.05262702821
0.0589376297
0.09020311498
0.03651252892
0.144451391
0.00069832402
0.32113780820000004
0.10399515570000001
0.1452928459
0.02217148917
0.01815609447
0.01641637518
0.2070566197
0.0026041666699999997
0.04368255772
0.2679879414
0.18310660420000002
0.0018332737800000002
0.02204858627
0.0993527148
0.15913875219999998
0.1502937912
0.00564073758
0.07091713443
0.1557942023
0.0
0.07596271058
0.00599605246
-4.930156e-05
0.08806691299000001
0.01830501971
0.039644955249999995
0.1989061028
0.06910980705
0.115455813
0.05939807334
0.0014743666
0.2653723951
0.00319545664
0.02078985328
0.2249170691
0.3268109926
0.06961662883
0.02088061812
0.12463316340000001
0.017508593
0.2010611082
0.100748953
0.01722567799
-0.00145825698
0.00581630517
0.2037629166
0.00548641174
0.1875602055
0.00612244898
0.3051518076
0.0070779766899999996
0.00576061466
0.023536479319999998
0.15695147739999998
0.0183665192
0.01603220556
0.011340199470000001
0.01240364286
0.1298196516
0.2990736412
0.0
0.03895069996
0.02385919939
0.24780664659999999
0.1578090651
0.1248768105
0.0008134008800000001
0.15256437820000002
0.2487319096
0.00851122562
0.08433062797
0.31549344479999997
0.275134272
0.1942745984
0.1426335707
0.01789937296
0.01630962939
0.00194552529
0.02653511373
0.00773694391
0.14747266579999999
0.35597033240000003
0.04189676133
0.0
0.0
0.03213457887
0.06234274919
0.01174101619
0.06100087905
0.1960914146
0.0
0.00658541624
0.07129228068
0.0445076186
0.07329969867
0.2514719542
0.03294519625
0.04458460963
0.23767066109999999
0.05569174608
0.2620560138
0.09177263023
0.1130087498
0.02209706605
0.08007266311
0.2103343301
0.2136668731
0.1515696949
0.03049197103
0.07237387077
0.06170653114
0.1028266566
0.0
0.040999452740000004
0.021935066719999997
0.05046768146
0.01658556848
0.07326721702
0.07246128841
0.04228974002
0.0042009937600000005
0.00884920378
0.2285933076
0.1132523381
0.44204284180000003
0.0
0.1801338969
0.26536303
0.19088906730000002
0.1288524248
0.0020096463
0.19520484629999998
0.1385746168
0.04778410367
0.18439326090000002
0.00800815385
0.00823483511
0.1889071026
0.01276283726
0.0029670411600000004
0.0027106701
0.1235205137
0.1411948841
0.2296359377
0.0
0.2841570781
0.011168443189999998
0.11372039340000001
0.192847349
0.0290111131
0.1428219387
0.1678464153
0.02144680803
0.1277954688
0.08714112263000001
0.034920531399999996
0.06240844681
0.02771121297
0.0104130449
0.06631080637
0.0
0.02826641025
0.041135000819999996
0.00693242055
0.12228829490000001
0.08819483758
0.0295508895
0.023378763060000002
0.22681470390000003
0.2755334477
0.1175816868
0.062456204450000004
0.2150915765
0.00142074458
0.08163532435000001
0.1123165247
0.08427278688999999
0.1655439513
0.013238741540000001
0.08639412855
0.01453655051
0.00340497414
0.00032067418
0.05518079256
0.0055868092999999995
0.00051020408
0.1500870283
0.16504812009999997
0.00336621714
0.16146082180000002
0.01186206597
0.06198173261
0.2249428365
0.02162063886
0.01428571429
0.2064751008
0.02695592092
0.1180569895
0.22349292550000002
0.2362427436
0.20816834190000003
0.1084239795
0.1463767756
0.1073485569
0.0123835072
0.02730125605
0.00989060534
0.08046917761
0.0993181073
-0.00013032712
0.03358898788
0.01016396401
0.03588150725
0.04424248253
0.07789947811
0.06305190178
0.02338206176
0.1566316431
0.029109734829999998
0.1576065036
0.1600769944
0.16893991530000002
0.2860963079
0.00023694144
0.1816494456
0.1937563589
0.2740086766
0.027530080510000002
0.05913788362
0.04076124654
-0.00036222197999999996
0.1076970245
0.17722334069999998
0.1285761969
0.0077749555500000005
0.050879409740000006
0.2027619725
0.00353535354
-0.0018484288400000002
0.1059883974
0.00674157303
0.03538803665
0.00066762932
0.1446261303
0.008403862
0.01001813086
0.2580866387
0.1671117006
0.03786296265
0.19383624659999998
0.0003615329
0.06783075741
0.007563987089999999
0.0957098297
0.0
0.05267467765
0.03970515183
0.00821018062
0.09945525731
0.0033116001099999996
0.1234888766
0.0552354574
0.0010977795
0.1480191375
0.03558272055
0.010416666670000001
0.00013049267
0.1638647251
0.2191789818
0.08804778983
0.22508979490000003
0.00191570881
0.0023378774699999998
0.1005271576
0.01616464349
0.00846895207
0.0122039353
0.0192341779
0.0965063734
0.15691367509999998
0.1470202203
0.1355415471
0.156015137
0.0032645399
0.19325478489999998
0.1425331068
0.00247524752
0.00028480163
0.00052356021
0.02712890517
-0.00046816479
0.1024505488
0.2622177125
0.00016319495
0.045900827670000005
0.1023491104
0.2280190306
0.1641656489
0.2691816192
0.03919650763
0.008427039079999999
0.03064025129
0.03229161193
0.09357709948
0.05555276598
0.1274836064
0.02004884481
0.013831492139999998
0.0016858964200000002
0.11355475179999999
0.1221278882
0.0534490546
0.00257731959
0.00205761317
0.03306069433
0.26825622
0.09557575541
0.00199152641
0.21329457529999998
0.03996617398
-0.00011220008
0.18599333690000003
0.03735695102
0.00148257969
0.05038601314
0.09956920535
0.00130480167
0.1012373481
0.17166912620000002
0.00759145776
0.02407014767
0.007867581660000001
0.1336934392
0.05035521673
0.0042975680999999995
0.00507614213
0.4375693457
-0.00172288951
0.22431219819999998
0.1576745395
0.0
0.2256619704
0.2706894198
0.01758148576
0.2549146784
0.09669376239
0.07612937413
0.273556396
0.014576823059999999
0.00036737693
0.186742595
0.06423318514
0.00168251111
0.04227221364
0.37050049440000005
0.06404794655
0.06010025934
0.1456862511
0.00902380336
0.00563128542
0.14139224849999998
0.01395603204
0.00236966825
0.09866910722
0.0
-0.0012618296500000001
0.07663316185
0.1294163685
0.1657245691
0.13158495679999999
0.05531706283
0.3734871777
0.1310845015
0.1233484571
0.05798721087
0.0
0.0032976998
0.07897418854999999
0.2313607671
0.01254544292
0.03163962019
0.13220650450000002
0.02056699176
0.0032310177699999996
0.21356375660000002
0.059045330529999995
0.01026512756
0.037801339020000005
0.00528541226
0.06617596403
-0.00115740741
-0.00020119021000000002
0.0013592601600000002
0.1466898095
0.06730011005
0.08913530932000001
0.10398469560000001
0.2240848539
0.0674314305
-0.00124533001
0.00214479797
0.02367298115
0.02485863796
0.206924958
-0.00013841348
0.2039592059
0.053735491700000006
0.061581368090000005
0.05528746843000001
0.03290291027
0.00105155952
0.1536825721
0.011762666429999999
0.06856507889999999
0.13700340649999998
0.00125313283
0.24989183
0.013508582469999999
-0.00116959064
0.06844669943000001
0.16426618990000003
0.245854786
0.2373541854
0.17439864589999998
0.1584920065
0.008678171049999999
0.1079097934
0.031240318500000003
0.0371552973
0.16727016379999998
0.09118039835
0.06161635018
0.1132388016
0.0
0.1485057622
0.03206641995
0.11534976629999999
0.00972110762
0.03460816947
0.0017713979399999998
0.1881949294
0.1703160982
0.04347971457
0.0003894081
0.10555580349999999
0.015138961820000001
0.06911846445
0.0015174506800000002
0.09340293848
0.03055445641
0.00215517241
0.054056991060000004
0.01053383838
0.09153819418999999
0.06358393972
0.012201672089999999
0.00324050507
0.1004771973
0.136476299
0.03840786677
0.1459754948
0.18375618859999998
0.17081802799999998
0.18175934659999998
0.2608318064
0.024968540419999997
0.01817890244
0.00627206182
0.14441150889999999
0.2737906075
0.09341443152000001
0.0138676961
0.138966973
0.059758844650000004
0.1768372171
0.2691798825
0.04770934534
0.01754012282
0.1370110511
0.1756878258
0.04993446701
0.0031257869799999997
0.03485243781
0.2130361019
0.045584723949999996
0.00747663551
0.059578932030000004
0.0842191582
0.00287448533
0.014555466880000001
0.00021068084
0.2251075065
0.05909402611
0.033934550099999995
0.0
0.00601984392
0.05956124233
0.09870138469
0.237558437
0.1727537683
0.00294196283
0.1851237441
0.01065073751
0.2503075667
0.0
0.08403040745
0.1828932777
0.00999067318
0.12366120820000001
0.1419095873
0.01698581784
0.08057031092000001
0.18259197019999998
0.01632695421
0.1609843413
0.04852630703
0.0018145741200000002
0.07053391062
0.30790323610000003
0.00624844971
0.05463709677
0.06469176508
0.03221814351
0.042114884010000006
0.2513038058
-0.00026435454
0.1297649141
0.1967616285
0.00659141229
0.1499228454
0.00032598364
0.025183094750000003
0.2530778291
0.02973598972
0.19302548149999998
0.0018292682900000001
0.2418164805
0.1998989831
0.0066050198199999995
0.01945850202
0.00158279465
0.059654762730000005
0.4268071454
0.053087350219999996
0.00148167049
0.0326422876
0.03807984636
0.03945933059
0.1324691005
0.030810162210000002
0.1731617121
0.07403387882
0.1802423151
-0.00119760479
0.01991071985
0.1593946367
0.01447304364
0.01159845732
0.01872341193
0.0777388308
0.2244364237
0.02271333234
0.03501242088
0.08254904635
0.03210755659
0.0267406889
0.00127388535
0.07610613879
0.1819419275
0.07931402245000001
0.08236318208
0.06116252726
0.16705255730000002
0.11201862950000001
0.2557568002
0.23062307480000002
0.008503541199999999
0.02921159709
0.2882543639
0.03552305911
0.00079629838
0.05190283401
0.07255882132
0.01500370808
0.03399143367
0.19980756530000002
0.054977719790000004
0.00046162826999999996
0.07139706555
0.1569295438
0.058052047350000004
0.2694201235
0.1889278189
0.05886905838
0.2284234142
0.02318446617
0.1037863681
0.13532721779999998
0.0116056462
0.0972974333
0.09155500762
0.04399560754
0.05668682477
0.041973488
0.1653977414
0.1594609441
0.3147232373
0.2741545281
0.1627542182
0.0496956009
0.2968368811
0.2125083841
0.3062969754
0.0399795634
0.04288391185
0.00192595498
0.01070677276
0.09253658443000001
0.03897809142
0.1506357
0.2260448119
0.02728919472
0.00407125995
0.04759199445
0.1896014449
0.211171585
0.04574718295
0.0028802182599999998
0.1758985523
0.022316919180000002
0.1311505991
0.00951374686
0.0407060041
0.2054397894
0.2211022152
0.08044400547000001
-0.00050317669
0.16051941630000002
0.11969663130000001
0.00249252243
0.09813788922000001
0.2879208916
0.03810838652
0.03440279993
0.12656438879999998
0.01071428571
0.1164672831
0.09815946504999999
0.024842210809999998
0.092806381
0.1956906361
0.1422069894
0.00772797527
0.0379524163
0.16504171320000002
0.02198033332
0.07142959774
0.025773773009999997
0.08860864342
0.09966849276999999
0.1423749815
0.2291776016
0.05977519199
0.07645502958
0.00094448684
0.0
0.03933203425
0.00050150451
0.09073347303
-0.00028892842
0.025894428980000002
0.032863409940000005
0.1730959992
0.2273195415
0.044450989319999995
0.00410305356
0.2748020906
0.2541867736
0.1185220057
0.01227364983
0.144843983
0.14050111040000002
0.0
0.16757680860000002
0.1213219958
0.02218416797
0.02219112575
0.1090205325
0.09039198344
0.05887894609
0.10150408620000001
0.058212071840000004
0.046642794429999995
0.05392217974
0.07258436236
0.1841672928
0.03367328369
0.323118448
0.2099695655
0.00129198966
0.1359840944
0.2181318419
0.1411396217
0.19838887759999999
0.1002768895
0.06663587221
0.02458546928
0.14661769079999998
0.229926393
0.09265706917
0.0
0.1959632658
0.03055047311
0.01710259654
0.0
0.00049603175
0.06108207964
0.00049701789
0.2883983296
0.09149263862
0.05384429301
0.035276264780000004
0.17058448469999998
0.07045634315
0.012413793099999999
0.0
0.02792047372
0.00355125101
0.02845512008
0.1464103772
0.1452042786
0.1504680851
0.1650190808
0.07765142383
0.1944019916
0.1588203771
0.2834751945
0.042461988039999995
0.09511300093
0.0040849857
0.025513619799999998
0.01061943274
0.24931863280000002
0.1373780487
-0.00055803571
0.0
-0.00152322925
0.0039189055
0.17313025110000002
0.2674516989
0.17497238710000002
0.01965354268
0.1962355947
0.01350594486
0.00453857791
0.046145169470000004
0.06375624590000001
0.038684892070000004
0.1692399354
0.01758436763
0.12768367149999998
0.00017532599999999998
0.09268869332
0.07220814055
0.0622451942
0.1216138202
0.0
0.1092094391
0.01003416837
0.0012254902
0.0
0.1847200411
0.0007653631299999999
0.1606191254
0.04083486296
0.1479485382
0.2145198877
0.01606447423
0.2747031125
0.0671582038
0.2068694098
0.18920611539999999
0.031357444139999996
0.09898522751
0.1921934117
0.16113763169999998
0.00156220119
0.00717525215
-0.00049083559
0.22956460320000002
0.12710886159999998
0.00292372672
0.031217011189999998
0.07226317154
0.01475323062
0.00290087197
0.06120771452
0.10767567100000001
0.33281991050000004
0.024393232249999997
0.282621805
0.121955341
0.02098947806
0.08614696103
0.03552586395
0.02050257814
0.08404011554
0.1899519325
0.1601099307
0.1683521129
0.06330091278
0.01942070275
0.01266313933
0.12279821739999999
-0.00777535215
0.2232754537
0.014438963229999999
0.04883908838
0.1123573339
0.0368893427
0.2067199598
0.07894870597999999
0.2658793033
-0.00021294062999999998
0.3078852428
0.0798327651
0.032495344350000004
0.02133369723
-0.00063653724
0.0023419203699999998
0.1297442519
0.20710320419999997
-0.00103465208
0.04967123708
0.0193936992
0.0531713567
0.008
-0.00038520801
0.02134146341
0.1249592372
0.1382440388
0.07860371207
0.03091217459
0.1368379034
0.03749262042
0.00752786003
0.004796163070000001
0.0065710749199999995
0.00115207373
0.1527010048
0.01190127792
0.1049851641
0.23426334229999998
-2.157259e-05
0.013601521169999999
-0.00056464243
0.056700194909999994
0.06710106206
0.1709896347
0.2164007847
0.05141280165999999
0.20194408509999998
0.00454304624
0.2312516805
0.11407994410000001
-0.00074183976
0.00498624643
0.1587661671
0.09594779382
0.01718085501
0.01613154471
0.00534626383
0.0
0.05640541289
0.06757816713999999
0.054990274650000004
0.1519818329
0.2041800795
0.26681954090000004
0.06325041577
0.1193232361
0.2145443885
0.03145790817
0.06415263242
0.021091066930000003
0.10416003959999999
0.1350853205
0.1703112044
0.01812351318
0.02962255136
0.158495218
0.2139321161
0.3388218826
0.13506607839999998
0.048137837880000006
0.1622427373
0.0
-0.0008064516100000001
0.2991767902
0.08659257942
0.00220264317
0.2364237998
0.00625044118
0.00558945575
0.045538247719999994
0.08160147124
0.03155773209
0.0060313053
0.07836306671
0.02043528263
0.1286818675
0.2850529752
0.05814137652
0.01616122895
0.1002260819
0.18396177730000002
0.1744251563
0.2124825754
0.09253082941
0.02392157328
0.14323272239999998
0.00026428617
0.10732953549999999
0.00062362262
0.02234325455
0.1592854039
0.05777879478
0.00073746313
0.13168967650000002
0.00446428571
0.0621198579
0.0804785458
0.03962619977
0.2545840077
0.1907001961
0.06821940939
0.1392462663
0.2328262951
0.03154246647
0.028024967209999998
0.2845205026
0.0
0.03202190033
0.038289451040000005
0.1544099503
0.00791139241
0.17488344179999998
0.15274013549999998
0.01237141345
0.1075905673
0.08382782471
0.01864705291
0.0071283302299999995
0.026631091040000002
0.04390416821
0.0766083999
0.0
0.07859468597000001
0.0
0.03971100898
0.03110436644
0.04763703524
0.1199105827
0.04625756553
0.06346547955
0.15477247330000002
0.0696791073
0.2423745982
0.19351947849999998
0.08867893175000001
0.06817510289
0.1469596864
0.01474208853
0.02335975227
0.0
0.1088300902
0.030294307479999998
0.3610198088
0.09115751068
0.044550025890000004
0.02915699321
0.00837231312
0.08678928854000001
0.0
0.00066991987
0.0
0.07210189769
0.21766730410000001
0.1912144829
0.02947938858
0.00102179837
0.1308136356
0.0
0.0
0.267892446
0.07297076895
0.08779560307
0.1804285795
0.166958847
-0.00073394495
0.01421231774
0.17573103280000002
0.014777548089999998
0.1041339074
0.23901326009999999
0.18011234129999998
0.10717060419999999
0.01257685562
0.11338904960000001
0.02341892792
0.04677577242
0.3164857775
0.18870625140000002
0.00090564352
0.07637075718
0.03064376453
0.00049067713
0.4148385056
0.00674165311
0.195845257
0.03997178121
0.0071434601099999995
-0.00038834951
0.2415173405
0.03371415771
0.1243214345
0.02707212953
0.0027203863099999996
0.05405646023
0.1741039503
0.07761505803999999
0.011760045269999998
0.01134170992
0.01901975821
0.02623423138
0.00937780074
0.1663617439
0.0024241017300000002
0.060899028120000004
0.11054578570000001
0.010622564539999999
0.08212534635
0.06364483043
0.06753323391
0.2259143826
0.00173442139
0.00027777778
0.08995755959
0.044308655530000005
0.24273223170000002
0.06701563971999999
0.2159747274
0.1855216523
0.00061349693
0.09445390805000001
-0.00100229946
0.01729559748
0.04118170304
0.0009022278000000001
0.01493204537
0.1441664077
0.0871988365
0.1704703939
0.06661025145
0.1019670535
0.09340537501
0.09254342863
0.2115041311
0.2988418953
0.1172225574
0.2159718625
0.04717747894
0.1834792766
0.134928155
0.08809809466000001
0.01298173783
0.09955480178000001
0.1999287691
0.00023307282
0.15011420579999998
0.2757148621
0.1362346699
0.1556900854
0.4739799332
0.00042662116
0.0387938617
0.05783363378
0.1418764561
0.117449119
0.0366624432
0.1635158101
0.0
0.0
0.18132005929999997
0.08871738271
0.18460762249999998
0.1587377666
0.00875145858
0.3291512307
0.2783759791
-0.00079927472
0.0017241379300000001
0.0
0.0
0.1047959322
0.021576295980000004
0.0070921985799999995
0.055111483229999994
0.00478119483
0.0210741569
0.12135859460000001
0.1756592955
0.1244716423
0.023436868070000002
0.2419581184
0.19348334139999998
0.0058868034000000005
0.2294903927
0.03478930008
0.1745177833
0.1759374352
0.027305957489999998
0.1462957527
0.0
0.00140646976
0.04613934352
0.0194785696
0.1531725581
0.2391713332
0.022510708579999997
0.00055432373
0.02578773523
0.15324117539999998
0.1395830478
0.1251840619
0.01968020685
0.11591175270000001
0.09124888433
0.02813774551
0.08774557455
0.01573326951
0.0686775354
0.01508397755
0.02798754782
0.041258501919999996
0.01344086022
0.08036865322
0.05821859595
0.2427498402
0.21291321270000002
0.1775447019
0.1770593623
0.01265104916
0.2684287808
0.042411281169999995
0.1895487991
0.2016497944
0.00452977303
0.10026243450000001
0.1084483071
0.27380847469999997
0.023348920930000003
0.021125655179999998
0.1791302849
0.0017271157200000001
0.22740284060000002
0.1042088328
0.2761227009
0.0067146600899999995
0.09249132628
0.02150346699
0.046678178810000005
0.02701051435
0.026457693679999998
0.00278206677
0.0227781252
0.1109954385
0.09887013392
0.15628775279999998
0.01238875062
0.018950335119999998
0.00992063492
0.24923736359999998
0.06998416743
0.00584883574
0.09294404757000001
0.3973863292
0.1395395094
0.271317505
0.10403913120000001
0.17692202699999998
0.28033709760000003
0.2187868314
0.02754164858
0.2129237153
0.2018186719
0.00756320642
0.00019274192
0.01331913294
0.09108921924
0.1323077036
0.2987503165
0.02688650054
-0.0009182736499999999
6.11717e-05
0.15250577469999999
0.04460945996000001
0.00033098692
0.121839227
0.0
0.2464301331
0.11911809359999999
0.2002661774
0.0
0.02789661321
0.1086206123
0.2102627383
0.020207408450000002
0.2246361996
0.01443469617
0.1461739671
0.1587365708
0.2355663046
0.054029209019999996
0.00407334148
0.1744996908
0.24894362709999998
0.00351531911
0.09606712764999999
0.2182649396
0.2576680925
0.00851348957
0.1794968712
0.1459560957
0.0360288393
0.057437663509999994
0.0
0.1022239497
0.00055948439
0.007682587669999999
0.046083517709999994
0.086131637
0.0035627461300000002
0.06464017768
0.026083414189999998
0.199043052
0.17954951300000002
0.02162554665
0.00408288492
0.2683766992
0.0021937247500000002
0.00790542165
0.08843677946
0.02383675557
0.1152096949
0.006442383940000001
0.1889785127
-0.00399201597
0.0275361431
0.04372959415
0.1273911774
0.036097642379999996
0.00111358575
0.0
0.07554056132
-0.00030175015
0.06673442317
0.0
0.1441126846
0.00700116686
0.3231707343
0.1965130306
0.01061268573
0.1487276481
0.0
0.085873738
0.01617076836
0.05748153691
0.1465483839
-0.0006234414
0.1502669448
0.07177581013
0.1335518174
0.09720181073999999
0.00060193587
0.03836989247
0.02015175893
0.25631861029999997
0.2547554366
0.22810813159999999
0.03248501307
0.03505927595
0.0288034188
0.0099912805
0.0002677889
0.03688919729
0.14565046040000001
0.040310148090000004
0.053586252779999996
0.1019703211
0.1626501248
0.07779514787
0.00028783439
0.08045166343
0.16797228050000002
0.1446262304
0.0031715948
0.02120573546
0.1803670958
0.00423932119
0.00113909913
0.1570289913
0.01969583985
0.2030791112
0.02072780809
0.2369097717
0.05874789317
0.3121310134
0.02434678559
0.03810281921
0.02302651886
0.18204755509999998
0.04892915304
0.06512888139
0.20314297969999998
0.1829378935
0.3000886901
0.20301748539999998
0.0410912359
0.076939461
0.05497504599
0.019361367929999998
0.00075127653
0.03558539274
0.2800690128
0.00090360568
0.01597189478
0.01052639767
0.01356289494
0.05808131529
0.4033452279
0.249805073
0.0003155201
0.00630455001
0.26341537979999996
0.04735326033
0.2284081393
0.0012502782000000001
0.00125
0.00076103501
0.03394015766
0.1018942152
-0.0012674271200000002
0.06706699078
0.1916536288
0.027214321639999997
0.3210336552
0.02542718174
0.08167588784999999
0.09798454123999999
0.1617271289
0.1227447442
0.1081389757
0.16541067909999999
0.00920954728
0.00769381875
0.24303859200000003
0.42501780429999997
0.00678476876
0.2443531145
0.3467019724
0.018989914429999998
0.01897390693
0.023367794929999998
0.02490286728
0.233491066
0.2700011214
0.010596441370000001
0.1167032565
0.06240135861
0.1257800513
0.0979473089
0.00369680731
0.07245198816000001
-0.00117319046
0.11462664800000001
0.1859026905
0.1058725242
-0.0008084074400000001
0.0049983881899999996
0.2093034944
0.16471297740000002
0.00523078748
0.1560033675
0.0045416230699999996
0.08686861813
0.05777450611
0.09117719848
0.00598272818
0.07876983271
0.0645045045
0.00069924498
0.19724128189999998
0.00521325559
0.0
0.1868715241
0.00124843945
0.02311543269
0.08378631709
0.05641822059
0.051362493120000005
0.07786749113
0.1623138521
0.0
0.19267452859999998
0.04872936017
0.18591718140000002
0.011038764329999999
0.00443589096
0.2267949453
0.2297144891
0.106366459
0.149191472
0.0
0.00033200530999999997
0.2213940642
0.03147857889
0.027595090130000003
0.1574617802
0.07176564574000001
0.00477539068
0.04526763645
-0.00031084862000000003
0.16382821379999998
0.2136674289
0.00137241975
0.00801936546
0.1136236179
0.00242606856
0.2203622702
0.01189515111
0.04602148831
0.04075318885
0.038674760419999996
0.05685869831
0.2439099339
0.2857749277
0.00303282801
0.00253580189
0.03710743732
0.01869319577
0.03558823429
0.12854396140000002
-0.00061312078
0.17773864369999998
0.1879471099
0.19858247240000002
0.1785070287
0.2907786608
0.0005775393899999999
0.056687288179999996
0.1942418403
0.21794166040000001
0.1918475558
0.1895208184
0.06459947548
0.07126095334999999
0.09004829307
0.029960611940000003
0.0315481731
0.01115661923
0.09082201812999999
0.02114335048
0.1163817176
0.1490042019
0.04738046033
0.089352932
0.020405670159999997
0.07477794992
0.4558070361
0.06779736735
0.1286581415
0.049319769859999994
0.02365664545
-0.0008227067100000001
0.2534100079
0.1560940928
0.1573067651
0.0024088815799999997
0.02308953684
0.012690769159999999
0.13829268949999998
0.01036515536
0.0484967542
0.09875048749
0.01183482478
0.03865526349
0.056616440170000004
0.0141229165
0.07692314803
0.1007367781
0.00525828464
0.1405045713
0.1664727836
0.14083359010000002
0.208390878
0.030008474509999997
0.2079893005
0.06173153092
0.18212442750000002
0.12568819879999998
0.1171284013
0.03660345756
0.3164111726
0.1756058788
0.25827040419999997
0.09870073898
0.0135316639
0.0
0.00082508251
0.10822961619999999
0.1445834208
0.143468876
0.2555332639
0.02270445723
0.027051100369999997
0.050671515109999996
0.2128995909
0.2405566632
0.09044121722
0.2700119628
0.24682104089999998
0.3486467854
0.05488750835
0.0
0.020732982940000002
0.00691116819
-0.00288184438
0.04764141249
0.05921944886
0.00863914523
0.00553709701
0.2046031703
0.09275656182
0.03353035354
0.10185424010000001
0.16374228209999997
0.00146139879
0.1739244093
0.07084154293
0.2367816214
0.013613482809999999
0.08455545062
0.058581731240000004
0.0009469697
0.0
0.03154106064
0.1008175569
0.09959739938
0.17782752429999998
0.0015995748400000002
0.1072284641
0.26075499
0.09189212625
0.1031498689
0.02759476878
0.047581547349999996
0.1145164186
0.023852254620000003
0.0021834061099999997
0.06094674985
0.008264223059999999
0.1737254307
0.1704572542
0.0034863194400000003
0.2092298324
0.1524297401
0.02058076381
0.1303857221
-0.00033886817999999997
0.18828816750000002
0.01402601666
0.0016493007300000001
0.09514607811999999
0.0160169894
0.00033311126
0.09452593091
0.00232991612
0.18963844340000002
0.20833246519999998
0.08628597725
0.03604777916
0.0
0.0422047583
0.1135732817
0.0018057572699999999
0.1596879544
0.03273215365
0.017623277950000002
0.08161527253999999
0.2512426968
0.00611232604
0.1216199302
0.0
0.029845446240000004
0.23378294
0.11143447919999999
0.1791056025
0.07542792289
0.06524584708
0.26339131439999997
0.03170075547
0.011755916239999999
0.1066525542
0.03741783129
0.392775808
0.0316188096
0.00113895216
0.00801919983
0.12402605380000001
0.027357135129999998
0.2149423327
0.0224437658
0.1948140898
0.05467498269
0.04918942927
0.1183216344
0.00724637681
0.18798851760000002
0.0
0.2831255957
0.0069464643
0.00206916371
0.0166948601
0.05145449194
0.02330648688
0.05218783949
0.1707519654
0.04907967774
0.06782695536
0.00866141732
0.05611783949
0.08028543664000001
0.1170024075
0.3859180895
0.1514603548
0.0016123331699999998
0.09851032454
0.1058224793
0.1739948832
0.08618598941
0.1800255378
0.01543209877
0.1268641107
0.05994516408
0.07931110156
0.053702090589999994
-0.00046168052
0.1125280163
0.06794062258
0.016281993130000002
0.23887513500000002
0.23216822310000002
0.10959945709999999
0.023845443999999997
0.2501319833
0.03842914158
0.09741863842000001
0.07582613372
0.47310104340000003
0.05688168725
0.0280358756
0.07971724579
0.22124142360000001
0.04061146661000001
0.2100946708
0.09641526658
0.20617937120000002
0.03865589622
0.00268457583
0.06667718503
0.1458475334
0.017547511959999998
0.11451643510000001
0.006965915059999999
0.1241286034
0.1012870165
0.08365606097
0.049002989149999995
0.1964782458
0.19598021599999998
0.2006443376
-5.945672e-05
0.11444818870000001
0.04411785549
0.1365431742
0.0003776435
0.0168872651
0.006319115320000001
0.027496240329999998
0.26731632699999996
0.2088127797
0.06015995104
0.01467591257
0.2065423035
0.02270630279
0.1476828274
0.00793155188
0.0511442754
0.04630361863
0.0
0.01686182327
0.00023180342999999998
0.00583657588
0.27219979899999996
0.1692639594
0.06668299562999999
0.1076186891
0.00074515648
0.21406263809999998
0.2200996466
0.0051739219000000005
0.02644377276
0.04605645568
0.1557417452
0.02684915392
-5.8037519999999996e-05
0.00284826515
-0.0003869969
0.08113697682
0.0
0.1716296793
0.3154782557
0.2618060493
0.050338795660000005
0.2513060068
0.2579502925
0.13694191619999999
0.03708628295
0.05678202781
0.00037313433
0.1714095551
0.08491284432
0.1926690208
0.3061844
0.1500531972
0.29803013759999997
0.025932116629999998
0.1800740851
0.0133223427
0.1147803906
0.1997834303
0.1425658397
0.055671143699999995
0.11100646149999999
0.24459639679999998
0.1438774706
0.1278689906
0.08425942315
0.005578525640000001
0.1129082559
0.2880121579
0.00769208219
0.034413949
0.16801846990000002
0.2500838289
0.02133895516
0.1793449987
0.01404715218
0.2460841359
0.00106382979
0.0715386026
0.07257553512
0.32881894770000003
0.0498290979
0.0067427543
0.142281815
0.0
0.0021657435899999997
0.024095617780000002
0.048095135100000005
0.02534401088
-0.00102880658
0.0016814373799999998
0.2444137939
0.2382307503
0.048679983079999996
0.1624022675
0.0412219797
0.02476177437
-0.00012386352999999999
0.10376906899999999
0.01069351034
0.175434039
0.1055673918
0.02657175508
0.3551123662
0.01017243822
0.132243802
0.02267891923
0.0027223959199999996
0.30454853709999996
0.05399525814
0.04396620313
0.0
0.03959869917
0.06258127132
0.04189080965
0.022615128869999997
0.11248152839999999
0.1201816966
0.20280396480000001
0.2940708663
0.2591466645
0.1120263272
0.09355930775999999
0.00397522166
0.01144951514
0.043991069349999995
0.23512541769999998
0.07211737373
0.0248656391
-0.00097991181
0.2632392419
0.03309307714
0.00790945995
-0.00103359173
0.01830107666
0.2041342311
0.16818674349999999
-0.00231481481
0.0049658989599999995
0.00255102041
0.138749694
0.058718553990000005
0.06011858264
0.05719805473
0.2084137488
0.07861196245
0.0032899946299999997
0.02340062045
0.07739677182
0.01041495881
0.16973543889999998
0.1430934763
0.010889292200000001
0.1199847505
0.00449169585
0.008499145559999999
0.06508374962999999
0.2217322075
0.0355013497
0.1712345308
0.00674157303
0.06322330526
0.1209719278
0.07855171451000001
0.14233718169999998
0.06620580452
0.0622866168
0.025704525189999997
0.2539270831
0.22087480339999999
0.37863421690000004
0.05939078286
0.00062729157
0.0005719797
0.20024685560000002
0.3709978044
0.013267643039999999
0.0147601274
0.181482426
0.0039060419099999997
0.2408537288
0.19589296990000002
0.09165771972
0.0013308831600000002
0.21688506019999998
0.020478827079999998
0.0256366453
0.03241893681
0.1673202826
0.041732377359999996
0.0140314685
0.022185373190000003
0.0
0.2166261412
0.00058215005
0.09725989695000001
0.0037574500900000004
0.03453009537
0.2662768318
0.28307331080000003
0.0037465538599999997
0.11445517649999999
0.1425814392
0.10830500750000001
0.06061199093
0.05375938228
0.1716740253
0.00016523078
0.07417145382
0.05636095572
0.01123861317
0.03992248062
0.01379254921
0.00467025886
0.149713422
0.04232815167
0.01331382155
0.07638474865
0.06800971039
0.0126745869
0.20844088849999998
0.016103059580000002
0.0013949319199999999
0.06388152375
0.0048048432000000005
0.03274842514
0.09998555992
0.0
0.01879743604
0.016270789379999998
0.1652756498
0.06805875024
0.054709271079999997
0.038906204459999996
0.0867514422
0.02954117052
0.20557985129999998
0.1767427322
0.06256906879
0.032043084199999995
0.1424955359
0.2651264694
0.07451661233000001
-0.00013956147
0.07711061398
0.0
0.00334857703
0.1293690549
0.05535398619
0.0
0.02701352292
0.1320204761
0.06368184903
0.2305953917
0.06038419254
-0.00010565464999999999
0.00371258211
0.01125143502
0.0
0.07515933776
0.1222046758
0.0096751966
0.1715378199
0.05019181894
0.1870804565
0.00350047978
0.00290065265
0.00471608546
0.2416824289
0.1929111696
0.09668527778
0.2203452901
0.0640964389
0.06263028709
0.11883669100000001
0.0014528153
0.01703250206
0.156160999
0.0089136514
0.07167193712
0.1510207865
0.11211501180000001
0.13932263239999998
0.03947368421
0.10846839879999999
0.02299128046
0.042828919140000005
0.05697323525
0.00039123631
0.00203652985
0.0148584925
0.07496237237
0.01291512915
0.01122391739
0.06880510349999999
0.02797877814
0.28023145320000004
0.0051186702100000005
0.00734259286
0.2387113686
0.047143933889999996
0.11327252809999999
0.2197321694
0.022506946530000002
0.1865144731
0.00350943016
0.1045352752
0.07599210603
0.08729213548
0.0092061382
0.1802987395
0.2184395357
0.0
0.019000629970000002
0.008928778469999999
0.08866553230999999
0.1101260186
0.00339925834
0.04347111026
0.15825373129999998
0.046832762959999996
0.12535154869999998
0.01197521746
0.02941126112
0.0015479876200000001
0.2635687593
0.283971545
0.1732344398
0.1014872222
0.02060502283
0.0385920987
0.041190341400000004
-5.513673e-05
0.04134025887
0.07751892313
0.1869944899
0.00580652901
0.09940375872000001
0.0538757362
0.02917114136
0.1733370853
0.1208457634
0.005163871909999999
0.1389509982
0.09383318487
-0.00100150225
0.027430032280000002
0.02929509735
0.0032863784600000003
0.06798662757
0.05480801339
0.01786362762
0.2868369857
0.3054494223
0.018504273499999998
0.01845902385
0.148257429
0.0032786885199999997
0.2368936507
0.130414724
0.03088047208
0.19034043180000002
0.1095509787
0.05036726236
0.07584637838
0.01399688958
0.09550000621
0.01658398777
0.0013685103000000002
0.1494707633
4.735532e-05
0.18527770570000002
-0.00046446818
0.00908617449
0.2179075585
0.3061076693
0.16837297750000002
0.09130370426000001
0.04206522493
0.1827746694
0.15258412270000002
0.08120849573
0.0
0.0505023593
0.08478747870999999
0.1754408801
0.00407608696
0.06545654051
0.005774044430000001
0.11349961199999999
0.04476075056
0.2600535944
0.1182384645
0.23460158979999998
0.07822121113
0.025877953279999998
0.0
0.03910444239
0.00694975485
-0.00015447555999999999
0.07688242055
0.00996412667
0.29185508590000003
0.0
0.06967710353
0.1544645603
-0.0008628127700000001
0.2081066419
-0.00027573182
0.06934441799
0.2245782874
0.17591170300000003
0.01936995883
0.08040588606
-0.00152679944
0.03545699304
0.04771367923
0.07821211524999999
0.1704904866
0.06073029064
0.01543397779
0.1849680983
0.13286943750000002
0.14718977490000001
0.1886137119
0.0
0.0012755102
0.008638968379999999
0.249667493
0.056342671280000006
0.02329846688
0.024223679310000003
0.06221730414
0.0
0.06703467998
0.0090752004
0.05846738944
0.2481958612
0.00154871779
0.0
0.040122384670000004
0.00045457171999999996
0.2339480727
0.17766733540000001
0.0
0.00523012552
0.1067644542
0.0026525198900000002
0.06843661366
0.1419336511
0.1403202589
0.0062449465
0.024787339880000002
0.2648236824
0.00444191793
0.3034634415
0.09555021469
0.01907347868
0.12398648529999999
0.1763734854
0.11888505179999999
0.07604983315
0.00041597338
0.060932846420000006
0.0026223776199999996
0.08921166085
0.21770094010000002
0.08159771544
0.05212522846
0.03269642406
0.1117327612
0.2206988057
0.0594171281
0.0024503551400000003
0.1055090201
-0.00161725067
0.054168551950000005
0.2602424241
0.12304740130000001
0.00255536627
0.06170369928
0.1463912822
0.07375448903
0.2508032206
0.0
0.0039184953
0.00967593774
0.021406423650000003
0.24354684869999998
0.04617225287
0.0483527777
0.07810472046
0.01999964493
0.03086288825
0.00024154589000000001
0.04356157518
0.2405306357
0.05478908489
0.0450010229
0.08364837465000001
0.1576633906
0.03463411959
0.1055132641
0.0805399012
0.22313016900000002
0.10750602719999999
0.0226961754
0.200703513
0.04616588782
0.00830740111
0.09522744779
0.1898852423
0.2486164306
0.02307786111
0.17125968960000001
4.655704e-05
0.152278577
0.045056787939999995
0.03633780502
0.1053566931
0.1523015889
0.05690230277
0.16077740299999999
0.00480414747
0.006682608
0.00488837183
0.010761464810000001
0.01784681429
0.2411981309
0.11583176610000001
0.0750569227
0.29293600659999997
0.12841441680000001
0.1274491828
0.0
0.3594489376
0.08013327815
0.110371561
0.07052290362
0.03719333962
0.0770673701
0.02260364343
-0.00042034468
0.0436435869
0.0367025332
0.00254129606
0.1040022647
0.1149852542
0.011147035869999999
0.2938698065
0.13885622050000002
0.2699887464
0.3355035461
0.01247401247
0.00079500046
0.3266847524
0.02632498257
0.006624878880000001
0.019322644689999998
-0.00063532402
0.08022990088
0.19059873
0.1110874117
0.03400928902
0.04571179253
-0.00012731599
0.23050678309999997
0.2168022295
-0.00042918455
0.1639533757
0.1170003619
0.2992623667
0.03708996831
0.04487004104
0.05921744449
0.05731396139
0.0506004455
0.01621900071
0.16600239779999998
0.2433643807
0.01223252717
0.09210452438000001
0.1770123065
0.023360762099999998
0.18105577239999998
0.05829867178
0.01367438331
0.00327341036
0.1494875314
0.08718386003
0.01936005795
-0.00029982553
0.27819120399999997
0.02006900129
0.03374496188
0.2127357027
0.1126519065
0.2183579585
0.2069733326
0.1444651114
0.1829044236
0.08865378020999999
0.1383122842
0.08831018867
0.030115773890000003
0.08261795462
0.031731906680000005
0.1550545913
0.057576096779999995
0.0037175345
0.045685702929999995
0.0
0.1109563647
0.1774409977
0.08316527134
0.03587076269
0.05275128241
0.09395976747000001
0.00625978091
0.01456794508
0.1605041454
0.07202732327
0.0006626905199999999
0.053330599320000005
0.00943988641
0.2304853498
0.2280698879
0.19269528919999998
0.23106916789999998
0.01426395944
0.107394797
0.1162730084
0.1302866343
0.00204658804
0.00052576236
0.17545974399999997
0.035799279839999996
0.00483087966
0.00062421973
0.058586112210000006
0.2813203605
0.00174059487
0.09734970062000001
0.1106730732
0.03040344214
0.1133662539
0.1932638411
0.171553728
0.1436675806
0.06898593361
0.23108014170000002
0.056914667190000004
0.06611305489000001
0.17158845679999998
0.01056478942
0.5093087674
0.0
0.08478202441
0.147247766
0.08855479556000001
0.0006680026699999999
0.2750792788
0.12489403149999999
0.1925035302
0.01410624882
0.0066893219599999994
0.00251125794
0.1831354537
0.09123300921000001
0.05133325168
0.2018469103
0.1776669514
0.1947704956
0.14359916820000002
0.012687047
0.06817853018
0.20758040909999997
0.05683431284
0.12333507040000001
0.00575407049
0.2041661247
0.012117329960000001
0.08407088523
0.2801380898
0.07820567865
0.00857598564
5.33578e-05
0.1006514465
0.07374512335
0.1120003201
0.0
0.01935144222
0.16786165109999998
0.00844683491
0.08220545019999999
0.18809708
0.02586065354
0.0020661157
0.1212414568
0.3844715447
0.00235294118
0.07238779711
0.00309108438
0.2700777841
0.1600602405
0.019229730270000002
0.07814052526
0.0
0.00454803018
0.01323026032
0.17612776749999998
0.18900211760000002
0.1111357763
0.01798149307
0.046041449119999994
0.0
0.00177304965
0.14341402779999998
0.174563415
0.15011529899999998
0.0
0.2230451683
0.0
0.218971893
0.1142605562
0.04349728189
0.2853438846
0.2210420326
0.1426474715
0.07780804704000001
0.15657779630000002
0.1612147548
0.03611486917
0.01774193548
0.01276658428
0.1137143873
0.08553866023
0.01962661705
0.043137510819999995
0.03534212373
0.024129791799999998
0.0520457443
0.34637529120000005
0.0015924529000000002
0.08430339906
0.1714438835
-0.00038834951
0.24376681949999998
0.04788245831
0.04172403249
0.08688184388
0.1510917303
0.0315937695
0.01741276282
0.1951486969
0.03080454812
0.11424350379999999
0.0
0.04450931262
0.03268825994
0.07320183731
0.09757380796
0.1986216159
0.09774188487
0.02644871445
0.00256299622
0.1011972568
0.03228501812
0.0014277253
0.03056892288
0.18831242310000001
0.00147758617
0.2702907348
0.02039801612
0.2133977414
0.03574327459
0.19597666319999998
0.006972303250000001
0.03121769712
0.1411207652
0.1062058644
0.1445169115
0.0005753739900000001
0.09698354716
0.08521063181
0.08337085299
0.25488879140000004
0.1308194013
0.1536528117
0.06640142364
0.08715559801
0.07389323108
0.06172861979
0.136750191
0.00468563054
0.2162065743
0.1086704498
0.027370111449999998
0.1294073737
0.00493057153
0.16539022930000002
0.1103566945
0.1896059201
0.2374364047
0.1068446148
0.025641025640000002
0.08397432062
0.0
0.2998296355
0.041622927250000004
0.1947590055
0.1597815296
0.1555680202
0.1247513836
0.03752970788
0.049499274489999995
0.01878966843
0.00230823814
0.05997544332
0.1028708127
0.322292161
0.00598547885
0.11486777670000001
0.07130453143
0.08623283648999999
0.1675472159
0.05893739082
0.2726440672
0.2933724081
0.1227961871
0.03717882888
-1.2034e-05
0.1566645036
0.0
0.041638740839999994
0.08963899598
0.00216342014
0.12901407669999998
0.1583808719
0.12750308759999998
0.1465538837
0.09705190617
0.006875786189999999
0.05863873539
0.10031931050000001
0.0508900796
0.2028703179
0.04973875166
0.1496951241
0.0722005489
0.1349311067
0.04959228627
0.1896424408
0.02346681555
0.0
0.01857969021
0.07303069765
0.1114114341
0.06187794705
0.1729249343
0.02393629373
0.01761208024
0.2383300831
0.2760889954
0.1762086514
0.010797094819999999
0.2057415463
0.09386338547999999
0.014157120649999999
0.2702530834
0.1492373682
0.06851939909999999
0.015743952699999997
0.17259983420000002
0.180729042
0.09434075732
0.36582308259999996
0.0
0.1414401617
0.10252419659999999
0.1318652296
0.0
0.00043195387
0.0
0.1662232242
0.00227389219
0.012181224550000001
0.2140267532
0.00036576444999999997
0.00621399437
0.1117198431
0.1140665211
0.06137339101
0.0
0.1437271336
0.10976595939999999
0.09304109539000001
0.00186766275
0.01099802696
0.03772716576
0.109718109
0.06307212183
0.20638941970000002
0.03769424432
0.1570116906
0.17000034660000002
0.1373178943
0.1102564216
0.06318410323
0.00250304506
0.38142748439999996
0.0008064516100000001
0.1500468824
0.21669080529999998
0.1209053366
0.03508999786
0.2571529611
0.1286892281
0.2645183191
0.02946975288
0.2040759086
0.2639223025
0.10335016
0.06252713851
0.1261474159
0.0013537906099999998
-0.00027753582999999997
0.30269968680000003
0.217234127
0.1577350322
0.028083480879999997
0.0294111148
0.2700046539
0.053920023500000004
0.005721016989999999
0.21414229299999998
0.09397141066999999
0.0
0.3693470335
0.01909955092
0.08189878872999999
0.042854947750000004
0.042299373009999995
0.23197525930000001
0.11035453070000001
0.2690321254
0.1578922758
0.01470088208
0.06481956212000001
0.01956658002
0.07939706123
0.02618973646
0.1538342621
0.09159642739000001
0.05809560493
0.1818457938
0.0609208788
0.1372308441
0.09274523194
0.09783835055000001
0.1234226043
0.00043859649
0.2967809197
0.2080332649
0.16687284189999999
0.1832983072
0.0
0.1350756415
0.21492562639999999
0.2412331785
0.13322395509999999
0.00367954626
0.00049875312
0.1732085498
0.00055126792
0.00905217362
0.00086575783
0.02372849336
0.12266543099999999
0.173455111
0.17644606110000002
0.02511872834
0.00058479532
0.1764888815
0.0025312329
0.00022569111
0.16357276880000002
0.2106263732
0.4423519793
0.02154421091
0.01718988819
0.1020813738
0.0279722575
0.2807765265
0.05039969547
0.08887484872
-0.0006939625300000001
0.1554100897
0.2066762882
-0.00011163135
0.1559293771
0.0
0.2736167442
0.09002156885
0.09214126921
0.0542828143
0.057633470459999996
0.3307438922
0.028008847710000003
0.24408011070000002
0.0038379257100000005
0.0072964056700000005
0.1559643266
0.1303611271
0.1237274455
0.00476300585
0.04747092848
0.2267813092
-0.00032320621
0.1758439058
0.021037144520000002
0.2405152713
0.1797607811
0.04097959511
0.011184196010000001
0.0005599104099999999
0.1271101117
0.1272964107
0.03528178854
-0.00033829499
0.07935251332
0.24995808549999998
0.02456067961
0.1673016711
0.2586044771
0.0144798348
0.01760735335
0.00276726966
0.1237994416
0.29109571
0.16069597170000002
0.15471424450000001
0.00159103265
0.11087330980000001
0.07955156539
0.16089672879999997
-0.00020673618000000002
0.0
0.04354435829
0.0119760479
0.0774523786
0.08299001645000001
0.04165373434
0.00037481259
0.2632087768
0.0
0.1038938754
0.1955648205
0.00269426687
0.06779484995
0.03417269185
0.01783448117
0.1022534085
0.0223164241
-0.00101897786
0.1233284234
0.07968059232
0.24655184330000002
0.0
0.05872022377
0.1613426168
0.0124196953
-0.0007564296500000001
0.050358809969999994
0.04150678086
0.06087286819
0.1728570513
0.03256812243
0.06129729127
-0.00029761905
0.00227272727
0.01965927322
0.02123586023
0.200608741
-0.00037740215
0.07198083848999999
0.1919805742
0.00272479564
0.3547178154
0.00041493776000000004
0.2044840899
0.1444037131
0.0013546533
-0.00074183976
0.0004995005
0.0110478556
0.1574092308
0.0191080688
0.18306402980000003
0.2295631311
0.0277286842
0.10618949920000001
0.11020353379999999
0.02265201659
0.061335403729999995
0.08229232346
0.1739893191
0.00483928879
0.13947227939999998
0.0015608740900000001
0.00037812288999999996
0.00106598343
0.10667953860000001
0.01627192982
0.03541199781
0.08916446253
0.1223883989
-0.00013371934
0.00021123785
0.03145904831
0.2422710532
0.05466392617
0.1800126949
0.1461727875
0.1889708945
0.01429752462
0.08594414208
0.1339064503
0.05474683021
0.00754348107
0.03431740573
0.259378171
0.00416714478
0.0008038730600000001
0.06038347789
0.28453149910000003
0.1126175349
0.02540482796
0.1658813106
0.06808453283
0.0
0.1719059734
0.1801594961
0.274918173
0.2447569916
0.2351760444
0.2976721719
0.03183874866
0.1620808255
-5.141768e-05
0.2232057422
0.0
0.01648351648
0.056104371349999994
0.1476915271
0.09783849006
0.295634199
0.0
0.00149355273
0.08327636662
0.05709275873
0.00200550301
0.02706175577
0.00187925562
0.08326504904
0.03310870815
0.06379711854
0.0335234408
0.0
0.1485794266
0.01920343724
0.01314621799
0.16587629320000002
0.15168298460000001
0.06687149058
0.11558268399999999
0.1640792977
0.19741387119999998
0.1608150156
0.1890901862
0.3726783642
0.1295418164
-0.00036643459000000004
0.08723246644999999
0.1670671184
0.04433844267
0.3166652474
0.24913509009999998
0.2808065697
0.0
0.0
0.19500736899999999
0.2373201528
0.00297796153
0.1283230183
0.1806637445
0.028155826460000002
0.2191778332
0.15070810229999998
0.02981303991
0.12157520520000001
0.3478334361
0.06188061108
0.1429411644
0.1691218975
0.22965760570000002
0.1476831876
0.2017403052
0.1751476367
0.2810378565
0.1679266374
0.049834975530000006
0.0022037119
-8.725983e-05
0.042568175039999996
0.07736676178
0.00166975881
0.02456313766
0.04546876131
0.201077108
0.11679606890000001
0.1579137554
0.02178627229
0.0519719228
0.2996202968
0.1555303949
0.21211012929999998
0.2618533312
0.16536504570000002
0.012024813910000001
0.241853343
0.03055882898
0.0
0.10956299010000001
0.2217791039
0.1369391386
0.05397176125
0.2832256574
0.19168141039999997
0.1988857111
0.0089945662
0.08349314223
0.07173464596
0.06351441985
0.2832293948
0.01307310646
0.0057404581700000006
0.00040387722
0.054849518980000005
0.04528497826
0.0
0.07315035609
0.0004180602
0.09407882059
0.00208817964
0.0774245776
0.06147617008
0.04477598248
0.00799884311
0.1205955398
0.0081418016
0.01414328563
0.1782251905
0.01396380542
0.1910679802
0.03765432099
0.01632769627
0.30940058659999997
0.08260650913999999
0.0022185736
0.1310963694
0.030826630330000004
0.045571256590000005
0.0
0.03674893125
0.2200201928
0.18349494360000002
0.00392866836
0.1549374714
0.1500904674
0.04546288528
0.1514650877
0.08308237243000001
0.1077947596
0.2468072901
0.24593061360000001
0.140720726
0.0167365357
0.3819346084
0.09208772722000001
0.133116457
0.1088198441
0.0
0.00167960898
0.14725726590000002
0.256226354
0.2036344828
0.2519517252
0.01807893515
0.00712573089
0.1254427821
0.04351643193
0.05499970567
0.1452316802
0.009283235800000001
0.057180352020000005
-0.00051599587
0.0029156197700000003
0.1100275422
0.09818429237
0.2060199593
0.1647994559
0.0011427368100000001
0.11660648439999999
0.1228867375
0.059157712949999997
0.00852514747
0.1988669387
0.00580461346
0.22337471390000002
0.01014653092
0.00110588632
0.12534913579999998
0.02904040404
0.06359327761
0.1493610594
-0.0005399568
0.1613488202
0.029018311959999998
0.06666666667
-0.0007719027400000001
0.07790493867
0.00109729334
0.0084709543
0.20265943539999998
0.1604680799
0.16824460659999999
0.2149401297
0.2442352458
0.00597845667
0.00134103333
0.07859305922
0.0347470876
0.042107885319999996
0.1357292496
0.010841703199999999
0.2288450214
0.09094507460000001
0.09245837507999999
0.1952937532
0.050411466950000004
0.02500454701
0.1921222899
0.12581084669999998
0.1730160916
0.036946844720000004
-0.00024319066
0.05278864858000001
0.00318471338
0.026594349839999996
0.08116349295999999
0.06929663464
0.043131780749999994
0.0058683091
0.00464931735
0.1676462132
0.1615584244
0.0445241204
0.07299026848
0.1516722114
0.125660182
0.00085529234
0.03905541844
0.2426686614
0.12248565019999999
0.07881652523999999
0.01962726187
0.1338756568
0.0126088786
0.00958261798
0.13411562
0.00548354935
0.2907780244
0.1116837405
0.026555040029999998
0.00095419847
0.2298797994
0.06545932348
0.059913538710000006
0.04717610883
0.0043459953200000005
0.0041486467199999995
0.3091858399
0.0
0.1039270174
0.1158431552
0.00066037844
0.029180587230000003
0.0
-0.0008643042400000001
0.0376019637
0.2233456017
0.09626425242
0.1712347366
0.1599524068
0.0
0.0
0.023970756689999997
0.06038733467
0.229272677
0.0
0.013259840030000001
0.03302264731
0.0
0.213076631
0.05817994424
0.09550095059000001
0.0252851493
0.13334867020000002
0.0028277990400000005
0.06415090617
0.032142051500000005
0.0009765625
0.1418021437
0.055684216360000004
0.05790234107
0.1110523998
0.1427110358
0.00107066381
0.04415299302
0.09070641549
0.1401200273
0.06436336315
0.180371867
0.05608166343
0.10602481080000001
0.04677097869
0.3086666308
0.010793586479999999
0.05151442145
0.0509467867
0.2615997004
0.3266706254
-0.00061538462
0.02929359924
0.2447042211
0.22392758950000002
0.242505855
0.00045703839
0.17009234639999998
0.008163715379999999
0.052797717779999996
0.2586595015
0.00472813239
0.0115968292
0.2920600498
0.0103626943
0.10509584200000001
0.12851405529999999
0.2217714441
-0.0007501875500000001
0.04758270558
0.00231051754
0.24434126169999998
0.1599164577
0.00670498084
0.12021179659999999
0.00799741565
0.2757047949
0.1458693733
0.1319538794
0.07814781718
0.11376273490000001
0.0030894919999999997
0.01587413685
0.04732310817
0.2160891152
0.018652208240000002
0.01675428843
0.00230797848
0.12439781119999999
0.08248588254
0.00550342898
0.26365652900000003
0.05484679772
0.06465543489
0.1517997603
0.09919107155000001
0.06852199113
0.2073301678
0.1193011852
0.07369400493
0.08698318764
0.0
0.1799686663
0.1521268169
0.0030885294
0.08196485486
0.1665384997
0.00128040973
0.00774350994
0.01743566449
0.14212778339999999
-0.00318977256
0.11798480959999999
0.2072712192
0.00251007276
0.0510437497
-0.00064998375
0.21679505379999997
0.1474076018
0.19273490100000001
0.08415802183
0.011962772219999999
0.1953398941
0.046302069550000005
0.109069404
0.00079239303
0.00430420745
0.00851244344
0.1167498108
0.048416358519999994
0.07719009302
0.01807707764
0.08776630289
0.2789597881
0.07067402876000001
0.00084131425
0.20337629450000003
0.1708865899
0.03118932792
0.06405130728
0.04337654655
0.1515945361
0.34462910389999996
0.1397736929
0.2502906527
0.0037846055099999996
0.03670245817
0.2884517081
0.00659676445
0.1479435379
-0.00193050193
0.4025206518
0.07958026641
0.01198446597
0.3364826769
0.01677895602
0.08489176034
0.07043113459
0.041567477889999996
0.015093732490000001
0.1736953176
0.1585148987
0.05200354959
0.23291284699999998
0.2596565436
0.1877201074
0.1108280794
0.015069742479999999
0.0085453493
0.00724603548
0.1992757416
0.03102396744
0.169867968
0.22367071859999998
0.04019246168999999
0.199136706
0.00812240555
0.07649724285
0.1440586229
0.03925915952
0.02414955624
0.0036486627
0.1255635507
0.00317124736
0.03359108046
0.1062114921
0.03717857355
-0.00049925112
0.03971364904
0.06179998949
0.22994877209999998
0.2619379172
0.06042017408000001
0.09698539433
0.19672429430000002
0.09286109655000001
0.06332538006
0.07924541657
0.1884020997
0.1256605384
0.22027161199999998
0.14263892079999999
0.03234409661
0.05048757846
0.15101009129999998
0.04277661714
0.02128550515
0.1063642068
0.08357351954
0.01317581726
0.307017566
0.1101584178
0.047458447970000005
0.1930275592
0.06473049217
0.2415451719
0.011984498500000001
0.00559744409
0.0
-0.00057208238
0.022567459749999998
0.0010493179399999998
-0.00029395297
0.1411314455
0.186737416
0.1151348166
0.1346283673
0.022979830790000003
0.18622929030000002
0.02775891077
0.08931416582000001
0.0234267794
0.0024727107
0.01717120947
0.184378432
0.1105974148
0.2047019539
0.046116331309999994
0.2939374467
0.1731002783
0.00645718719
0.0034376012
0.01224021719
0.143264646
0.0
0.09800111155999999
0.04612551063
0.1391416557
0.2066731871
0.03671815515
0.02354795464
0.1276118856
0.253469271
0.04738601262
0.1667585494
0.231383793
0.1117284858
0.11577104029999999
0.18054321510000002
-0.00228310502
0.00994152047
0.02073326073
0.05297621385
0.0036571815200000003
0.2216363649
0.02700356951
0.005569122239999999
0.1339303721
0.3028918403
0.02002662345
0.09675793351999999
0.04725686389
0.0108141321
0.01515340163
0.1688448956
0.12936032620000001
0.0029650117
0.1397978642
0.020919035699999998
0.05921745897
0.011627119560000001
0.1283785556
0.01858395533
0.23012949970000002
0.0010973129500000001
0.04138915845
0.023612811640000002
0.23803402559999998
0.0
0.2558503065
0.0
0.01131072327
0.08282162826
0.10595799700000001
0.02311365746
0.15697022260000001
0.1995121687
0.09330475921999999
0.01497292115
0.2170364429
0.07126303406
0.00405552101
0.00138999442
0.170552634
0.0
0.01649869815
0.1667502563
0.00748549762
0.01024328004
0.1269914778
0.26528983279999996
0.154363377
0.01800705279
0.2275430506
0.01388352796
0.2082081489
0.03017439553
0.1315103032
-4.615469e-05
0.1364889307
0.001298027
0.04995593504
0.2020081253
0.263015083
0.1867074318
0.08751872492
-0.00232919396
0.057888553290000005
0.05891276147
0.0
0.03618164945
0.06928575411
0.00037826441
0.1997859746
0.01223990208
0.1097324756
0.01321947697
0.09501420133999999
0.24207454899999997
0.08866189325000001
0.1857465586
0.07380649576
0.056756326589999996
0.1894821348
0.068684611
0.01874958387
0.03982763265
0.0
0.01336867032
0.1851943206
0.03319649411
0.01690768785
0.00164473684
0.17718225180000002
0.1752053245
0.0
0.16557622389999999
0.08604223693
0.010887829449999999
0.4007250213
0.02966786182
0.013549983199999999
0.01463586373
0.30170803
0.19267312239999998
0.281678293
0.2491002505
0.2581550735
0.01001580971
0.01281033693
0.28678084940000004
0.17264099300000002
0.1835515156
0.048321015999999994
0.00432692308
0.07500399445
0.1850530098
0.18603029029999998
0.1121967655
0.0
0.138870735
0.045202328730000005
0.1129864301
0.0059500601
0.05800517257
0.033890466359999996
0.2812156808
0.07132500264
0.0
0.1356512477
0.06961191727
0.10745071689999999
0.01861028865
0.07463480663000001
0.2155428946
0.01038789696
0.00174468686
0.02015378417
-0.0012360939399999999
0.0
0.00238663484
0.09215956152
0.04168593004
0.3500045591
0.07874850586
0.0
0.0044815125300000005
0.0023809523799999998
0.1393699223
0.1069347915
0.1354162156
0.01220165239
0.03048246738
0.00048971845
0.04959879628
0.0042221057
0.1188249413
0.00030376671
0.03433979167
0.06945869972
0.011397058819999998
0.03650704836
0.011068853359999999
0.02673924473
0.043695036810000004
0.05562307341
0.2719682861
0.08694490016999999
0.00352754864
0.05550761067
0.062497631729999996
0.1919251078
0.1133543635
0.00774963112
0.031605500439999996
0.03831697815
0.08546485540999998
0.08421332032
0.2001339555
0.1353916797
0.03662484857
0.06530176319
0.00054406964
0.09156858312
0.2735888841
0.1439139715
0.040252113390000004
0.2566240076
0.00781841213
0.00434153401
0.140967033
0.1117608549
0.1606560353
0.00068399453
-0.000456621
0.03895423372
0.2492108778
0.1840208579
0.00558997466
0.2028581311
0.1039053212
0.3037839557
0.0
0.07862704652
0.01045249458
0.06443074075
0.1354715345
0.20275822359999998
0.00042265427
0.1487320271
0.0143782561
0.0014910536799999999
0.0
0.0377488992
0.09256816715999999
0.12118552599999999
0.04203633908
0.03432251001
0.00408587201
0.10063571230000001
0.04844608054
0.02130531686
0.27597632440000003
0.03414372638
0.03911269871
0.03400173249
0.1515137908
0.09427186137
0.005492267659999999
0.05749652928
0.1092983149
0.1003237606
0.03744444457
0.1592061182
0.1272896098
0.2882402622
0.2270088977
0.03861212707
0.2936684468
0.2236567531
0.2266450639
0.043813216940000003
0.2212139334
0.23466790150000003
0.03238477654
0.03139377089
0.1732999251
0.011795983690000001
0.09423077734
0.00045207957
0.2134144485
0.0020045819
0.10734593930000001
0.1097224143
0.1814298351
0.18427978
0.03987071086
0.19716090149999999
-6.595723000000001e-05
0.10752911550000001
0.06421079841
0.048582734739999994
0.01598608725
0.05088215105
0.00481814137
-0.0015113115
0.049010130949999994
0.0
0.23714891389999998
0.02806194455
-0.00083056478
0.24931622099999998
0.09525932731999999
0.09023670502
0.0060449050100000006
0.08311408246999999
0.2465120902
0.02215281214
0.006779661019999999
0.19375226439999998
0.07867573576
0.03111385782
0.1618520534
0.2904167961
0.07874523846999999
0.031505007950000004
0.3140214705
0.0029785082200000004
0.2758925618
0.3623111496
-0.0009560229400000001
0.21622651229999998
0.025413268219999997
0.01961172914
0.05303029169
0.04779197944
0.11381489560000001
0.00111773472
0.0051405854699999995
0.01326444341
0.056377239169999996
0.20553542060000002
0.0
0.01147994174
0.06945313392000001
0.1766819609
0.042079141599999995
0.09074067264
0.0
0.1805582252
0.07792123085
0.18873894570000002
0.03465423033
0.07858235698999999
0.0564931916
0.07562728288
0.001382516
0.00655849809
0.19727443739999997
0.1908040841
0.0
0.0364137716
0.00579313033
0.01971095698
0.16793792700000001
0.3535218571
0.09760994647
0.03573972711
0.1013410928
0.042015460969999995
0.0
0.03284658485
0.07616795642
0.09691723505000001
0.2031225701
0.1737088889
0.1491146906
0.00531050951
0.11790926689999999
0.07553268436999999
0.007560718829999999
0.02699389371
0.00274190772
0.07175184404
0.11304407489999999
0.1722906792
0.1576956401
0.03579233231
0.023327146509999997
0.134992178
0.1737216264
0.1679570974
0.1257514154
0.1919650903
0.1310631307
0.05715470933
0.1814431123
0.2598862959
0.05504911081
0.0019723865900000003
0.05006802721
0.0
0.1394033272
0.06142818821
0.00444403952
0.0046914930100000005
0.19052041939999997
0.12160012390000001
0.07528272369
0.0
0.08859805865
0.1960528819
0.013256835360000002
0.1553892798
0.05083805934
0.2739831601
0.00212314225
0.030446345240000002
0.3336664064
0.1714346552
0.22985481149999998
0.06980761392
0.1193144887
0.2599091551
0.17953809620000002
0.0025389389400000003
0.182056255
0.0191507283
0.03704172321
0.00325979009
0.09529172453
0.03800977143
0.0
0.04569155517
0.01656215921
0.06013205524
0.08933712579
0.0035315712300000002
0.1449945215
0.01917294011
0.01634001969
0.0
0.2884750653
0.10921304550000001
0.00747477293
0.2751329127
0.014101563640000002
0.07732313048
0.2206037912
0.06854193118
0.0319887202
0.1440469955
0.2968080344
0.02397016254
0.2583151836
0.1805605169
-0.00134952767
0.1161869051
0.31438299189999996
0.04890395350000001
0.030706852599999997
0.1908079014
0.0
0.22560171910000001
0.19805334349999998
0.11779698529999999
0.1911868763
0.0013812154700000002
0.2428241304
0.11845041099999999
0.06898323533
0.04496155387
0.0253079601
0.0
-0.00011317028
0.05135810329
0.280094251
0.00581262025
0.0
0.027466361510000002
0.2870576662
0.17373663050000002
0.0740098276
0.05130619912
0.22282357149999998
0.00421402183
0.1438402267
0.1408672183
0.08327041187
0.2152694101
0.12327088630000001
0.05402599696
0.1113715547
0.02103986039
0.1494461553
0.18620912220000002
0.01440250677
0.24668910489999998
0.01953889729
0.3653301811
0.01765849363
0.03359493274
0.04643649471
0.178821975
0.07796112716999999
0.07785543813000001
0.1603553376
0.03522436912
0.1461957277
0.09292998894
0.02564730492
0.009541984730000001
0.01526736141
0.03364767287
0.1070050842
0.10170684530000001
0.00114547537
0.1150084236
0.19082011869999999
0.00468502966
0.0
0.08557094042999999
0.07033701811
0.20051269300000002
0.01116850254
0.1951063529
0.1645382746
0.0054262261599999995
0.23343781549999998
0.06536384668
0.1184258016
0.0038136174499999996
0.09354724063000001
0.1447586521
0.1864626469
0.04347183601
0.02608498617
0.3015930947
0.2109809793
0.2048295346
0.0
0.00786460946
0.1251140435
0.06677439186
0.020186477100000003
0.24690517639999998
0.00054824561
0.31352546530000003
0.15239608329999998
0.1383475623
0.00338218715
0.07891104864
0.011774439139999999
0.01350466996
0.3072858262
0.04974836485
0.1923652695
0.03744493392
0.1348678621
0.0025841522099999997
0.2132957309
0.1437978828
-0.00010313747999999999
-0.00025674959
0.0355562876
0.1381197866
0.2964180427
0.02696459129
0.0085813207
0.023718783139999998
0.02794942224
0.10209227430000001
-0.00076161462
0.20541864629999998
0.00166112957
0.00786209293
0.0414444848
0.03045735788
0.01213544479
0.09963803368
0.139250877
0.05945322208000001
0.2051570173
0.3103167826
0.248175591
0.0
0.00254857175
0.01383891679
0.2171127648
0.01637860528
0.02471317016
0.0
0.1443015248
0.1205128588
0.1361051235
0.0023336291
0.09401503681
0.1625912138
0.09225824796
-0.00159306847
0.057209480709999996
0.0
0.047733220970000004
0.1306150999
0.06911468443
0.1249216804
0.2428270435
0.15310893209999998
0.01199407275
0.04336837541000001
0.2037987708
0.1534691074
0.2112598138
0.1945805024
0.01540778751
0.0
0.2232533963
0.07023946552
0.1204800741
0.1262221237
0.07788260577
0.1316611622
0.1709200521
0.1528881392
0.031408390540000004
0.176260724
0.1448422566
0.2252795004
0.2895483165
0.01599379011
0.0
0.282694233
0.08914522664999999
0.00136612022
0.00550675038
0.00671013805
0.00645458737
0.07893249456000001
0.01888039545
0.2345344932
0.00060606061
0.22194768629999997
0.00156739812
0.03131830721
0.00307692308
0.08810866889999999
0.1047933924
0.19967932919999998
0.01111809198
0.01088244853
0.0
0.22596183109999998
0.03603900518
0.3664266768
0.009202273439999999
0.07470404984
0.09679477559
0.08046902217
0.01201866165
0.1885283879
0.04430267126
-0.00018496888
0.1743414943
0.2589863171
0.178815484
0.04057817506
0.03068537692
0.02557236193
0.00260567604
0.01477832512
0.44852717519999996
0.01560083726
0.1153599297
0.01065983541
0.00112359551
0.07961353582
0.00165751868
-0.00083507307
0.104760066
0.07709926554
0.16890753879999998
0.01895043732
0.00349162011
0.02164074371
0.05850826884
0.01564287695
-0.00092678406
-0.00081833061
0.013346645820000001
0.14428296429999998
0.2058017886
0.05206390599
0.06463735852000001
0.09794765862
0.09021893903
0.1403305833
0.016332442869999998
0.07115706215
0.3212535448
0.0
0.275462909
0.00572519084
0.0912544758
0.155215834
0.17455407390000002
0.06042333053
0.02000547614
0.10875530010000001
0.18469228529999998
0.1622417424
0.06198849495
0.059601993660000005
0.1269884133
0.028206739
0.07784943159
0.2135490636
0.1571947479
0.2016912743
0.118777686
0.02417234346
0.00846717588
0.07326939319
0.2921129243
0.0023084883
0.040852100079999995
0.13279745610000002
0.17706264010000003
0.07733706766
0.1552298593
0.02409421456
0.00164947419
0.01400880261
0.06158078603
0.22925657609999997
0.1626906803
0.02296323475
0.03867811649
0.043739184199999996
0.023951286829999998
0.128283532
0.2484042836
-0.00057603687
0.01253035425
0.0314811422
0.09232380667
0.0
0.09547289600999999
0.1424542551
0.07770705522
0.05396510113
0.1118562279
0.1351327704
0.21798641759999998
0.08006260502
0.0
0.1277137703
0.1878339033
0.01756933067
0.3032386073
0.05533552711
0.23397906549999997
0.06649105636
0.02592914242
0.00278361474
0.2162910179
0.3136758317
0.00743903803
0.1396628488
0.058274301169999994
0.00667670683
0.00697185136
0.00023685457
0.08003961244999999
0.0
0.1309675734
0.0
0.05616565574
0.1007481762
0.22552193410000002
0.02263802212
0.06137259336
0.02710019041
0.1029198543
0.0121018461
0.2847931355
0.056243043320000005
0.00224215247
0.00446428571
0.056450759460000006
0.1554681533
0.08733804993
0.03623495977
0.005440450959999999
0.13029508639999998
0.08727424976
0.05221144123
0.0
0.016988837729999998
0.00147492625
0.02147496293
0.2205337679
0.03748926786
0.01803174509
0.05102040088
0.00052155001
0.1513252969
-0.00065231572
0.02365911194
0.2555033653
0.1671021061
0.00554375373
0.1590069288
0.052494434429999993
0.00417972832
0.34017043379999995
0.04812159398
0.08937216339000001
0.1594067347
0.06567974231
0.04195042837
0.0932876602
0.19887990649999998
0.02270351876
0.00247369576
0.1803877233
0.00563316667
0.05181204089
0.2007753253
0.1906784796
0.049126673509999996
0.02634490299
0.01687105938
0.1495255283
0.054602149190000004
0.1069944009
0.3662860577
0.06601831512999999
0.2085162704
0.2229927451
0.08585850313
0.06354961182
0.00947285391
0.2127095611
0.06693763909
0.17815506160000003
0.1203147455
0.08476982431999999
0.2369599522
0.3731916907
0.03444197857
0.22838278750000002
0.15648049930000002
0.00835681804
0.08549335619000001
0.171859591
0.2636963707
0.00061449841
0.020222829400000003
0.02752919242
0.03095255959
0.2143663626
0.0
0.00154594496
0.08847291429
0.0
0.3214967286
0.1294506734
0.20815913290000002
0.00063291139
0.041947933070000006
0.06552214156
0.008373039970000001
0.09772346209
0.09747120749
0.04369836455
0.40518720729999996
0.01958491084
0.01617119805
0.07138657063
0.1024890698
0.3163836906
0.1062702644
0.007042253520000001
0.24947604380000002
0.1093463419
0.01800894855
0.23316695760000003
0.03100884051
0.1428018607
0.10879454320000001
0.08996417254000001
0.00590414408
0.0
0.0
0.00077041602
0.1433996182
0.01463462722
0.015150879749999999
0.1839294938
0.045036202110000007
0.12719804010000002
0.09170299481000001
0.03774928775
0.233453015
0.23260199180000002
0.07325987083
0.07280050515
0.03186980802
0.00692584097
0.2183175344
0.1699808951
0.07392581504
0.03447644674
0.131319834
0.012594458440000001
1.0564459999999999e-05
0.04170724692
0.1465417624
0.01416891266
0.06092740653
0.00035112360000000005
0.0
0.2423137208
-0.00016129269
0.046449565799999995
0.00036895799
0.1199116152
0.0127757317
0.04562627527
0.0049114121900000005
0.1684182878
0.00364462566
0.049587357809999996
0.00122350932
0.00052083333
0.1372201447
0.01672561147
0.01559682445
0.3150976271
0.01090909091
0.07754430788
0.1086294795
0.07361106958
0.1807396136
-0.00102249489
0.1643407358
0.18869697559999998
0.07851503558
0.00511186134
0.013351989580000001
0.08334151035
0.03315330599
0.04565507817
0.1600239277
0.00252632658
0.01019449816
0.01657483434
0.150715635
0.1550923933
0.113881911
0.2594877827
0.01985026715
0.0072174266
0.04176753441
0.1465186244
0.05606929581
0.1507536665
0.00885328836
0.0041458975599999994
0.18854969910000002
0.1844319397
0.104956832
0.1062766154
0.1268687842
0.054825890069999994
0.22726891389999998
0.0015873015900000002
0.08964081951000001
0.1743088638
0.04227062218
0.2091824635
0.01063213212
0.00335238818
0.00359834678
0.02153169717
0.00953424832
0.09370845386999999
0.02446027714
0.044529976199999995
0.0078058256900000005
0.0497473294
0.06818378728
0.21634692439999997
0.0136604788
0.0
0.03931281709
0.0
0.1273516424
0.40851484470000005
0.04355410128
0.003
0.2625261776
0.1219868905
0.22951464189999998
0.131965278
0.09919627799000001
0.036709603710000004
0.2482791438
0.00394736842
0.00389890951
0.2360708164
0.06433423676
0.1793425689
0.02977190337
0.04419893516
0.033133290180000004
0.0028789313799999997
0.21287994959999998
0.0
0.00597203258
0.24554196560000002
0.1118645667
0.2542658848
0.00408580184
0.19956603569999998
0.216304671
-0.0007902015
0.05518277797
0.0928000969
0.05036619898
0.01022727273
0.1792190444
0.06445298185000001
0.19441233489999998
0.059387988759999996
0.0
0.01639861042
0.020301974450000003
0.00658964383
0.09379512773
0.023225583890000002
0.2699551983
0.1092446884
0.08540599035
0.265552678
0.0
0.2407317424
0.18449557800000002
0.0
0.1303746197
0.21868856080000001
0.01518204709
0.00261986039
0.00111111111
0.009141922
0.01741034911
0.03084778992
0.2185560942
0.022937634029999997
0.00842098637
0.2773924775
0.3134287146
0.0035433070900000004
0.1348274572
0.022826086960000002
0.07209361374
0.015087193649999999
0.144372387
0.1846980499
0.00052083333
0.00633956111
0.1627575395
0.16756155799999997
0.0037993921000000004
0.02935942436
0.01743200233
0.1693247043
0.1330676193
0.08462138661999999
-0.000682387
0.03204238947
0.07212364643
0.1070069964
0.08097578530999999
0.09271996216
0.0026901940200000003
0.2196828578
0.2304362871
0.00711123619
0.03709513699
0.0035211267600000003
0.01611700403
0.01751166309
0.04445377617
-0.00106609808
0.1870405098
0.07948223251
0.2518692072
0.06928342714
0.06818122749
0.2818070962
0.1267568457
0.015032485980000001
0.05578394497
0.2360057919
0.0
0.0
0.2428732531
0.34172193630000003
0.12773039109999998
0.1529845453
0.0058848506899999995
0.06294169161
-0.000456621
0.1740429745
0.10700977630000001
0.0640781638
0.05745554924
0.2236938679
0.00248756219
0.02871027384
0.00770155661
0.20756447649999998
0.08074739333
0.00818941787
0.1323905225
-0.00054466231
0.02296668579
0.09754969018000001
0.04302974725
0.00670089897
0.001685479
0.04382889189
0.1787161871
0.02506468657
0.1697608611
0.0013864493899999998
0.020280481680000004
0.19320555620000002
0.1191329047
-0.0008635578600000001
0.0
0.00908292908
0.1408871152
0.00771245589
0.2614702292
0.1816270586
0.027207634449999997
0.111686253
0.160892842
0.005755344270000001
0.00383631714
0.1168233835
0.08380408877000001
-0.00052938062
0.0368223036
0.21918131540000002
0.02499279533
-0.00487729259
0.05233694893
0.00552464626
0.0783067929
0.00475244707
0.16363123059999998
0.0
0.1180611075
0.1312957794
0.059276368159999995
0.01136363636
0.05425399436
0.00697283416
0.04645880652
0.3099049148
0.0044473688099999995
0.1940029576
0.05146666371
0.3709476705
0.14568845
0.03054910277
0.12224095439999999
0.04866478605
0.014598540149999999
0.09814785106
0.03688129135
0.231654555
0.00089604322
5.7874759999999994e-05
0.07943747677
-0.00081566069
0.23348775459999999
0.1503992184
-0.00031867431
0.2922539771
0.05435670986
0.1267957772
0.0
0.03861158938
0.023490115500000002
0.1462943384
0.042513515939999996
-9.699381e-05
0.00487474028
0.0002554931
0.04227752947
0.00061236987
0.0077241599
0.2261133923
-0.0043559759399999995
0.2105780792
-0.00033852404000000004
0.1934183471
0.08677963152
0.22997569129999998
0.1334154979
0.0026556991800000002
0.34014521729999997
0.05193282942
0.1512176241
0.08416367535
0.0024596648600000003
0.04554188239
0.1449288644
-0.00083963056
0.1495099074
0.012790089099999999
0.1345559372
0.02905420905
0.03431372549
0.1577782567
0.07557931439
0.2427624378
0.021126760560000003
0.03951668053
0.2077663698
0.36242326929999996
0.058817367100000004
0.0078486926
0.1127534749
0.00392221061
0.0330977
0.062213636479999994
0.2207278956
0.2434563799
0.06671834625
0.0
-0.00092592593
0.05051564882
0.03087073111
0.06944614365
0.02494873869
0.2377209892
0.06272539379
0.07524045704
0.2193097672
0.1224564938
0.18211167490000002
0.010611035310000001
0.2256809723
0.02208679253
0.2028973821
0.059632269950000004
0.02032380212
0.07458994006
0.00647184604
0.0
0.32166720730000004
0.005136899780000001
0.09458916324000001
0.00643176734
0.03596203536
0.01457471743
0.00903387353
0.01890860585
0.029758518459999998
0.1190697242
0.00455834054
0.00156375436
0.00447882736
0.03885415741
0.02459948777
0.2711543659
0.0
0.0
0.2390928348
0.00793650794
0.05953407465
0.2242943061
0.1871283572
0.0010514986499999999
0.06389601915
0.11793349060000001
0.1777202089
0.00599754205
0.01005554313
0.01294947513
0.00631176767
0.00735294118
0.1242773363
0.012060085009999999
0.00207463757
0.0
0.02072904049
0.00770512361
0.2008377267
0.04984328481999999
0.07129850119
0.0021908573900000002
0.03943138676
0.01288781663
0.18262347909999999
0.1012625994
0.0067821678799999995
0.041067837440000005
0.1380764314
0.00037622272
0.20214650939999998
0.1346823641
0.01631195564
0.08025825077
0.1380921255
0.1709048594
0.08486573994
0.0335333936
0.13034632399999999
0.027022702540000002
0.13660227860000002
0.08863305997
0.25825974949999997
0.01602968664
0.03998756082
0.2957822972
0.021551386500000002
0.00704087388
0.03903156816
0.01523616443
0.1746478265
0.023978598
0.1253994923
0.02402215286
0.12219112839999999
0.1549459313
0.1075026641
0.06176488383
0.01302318313
0.031179867809999998
0.12188680400000002
0.10802036579999999
0.2306644465
0.014779899899999999
0.05680704798
0.016699221559999998
0.00270306643
0.03019698708
0.0340808644
0.06628895191
0.01846794216
0.015260541809999998
0.13188347520000002
0.2884187253
0.05566212213
0.010119940030000002
0.06376931075
0.1396480483
0.287142257
0.02454141556
0.01105444126
0.06045026968
0.00037230081999999997
0.1419148496
0.03829791406
0.0
0.03284978791
0.0758140037
0.028866902570000002
-0.00048598065
0.2029915541
0.07480977248000001
0.06913386871
0.057762648810000004
0.01857861316
0.00021635656
0.05848244259
0.5083182167
0.1488744183
0.231715378
0.09513648428
0.1634600278
0.2008393379
0.1191038584
0.00511651451
0.00229897574
0.245978273
0.2586910049
0.01426667874
0.20845032289999998
0.02865249897
0.2521961988
0.05166473956
0.24819220890000002
0.07400917341999999
0.1373589229
0.260601512
0.21687344800000002
0.06851366614
0.12744081969999999
0.0357975049
0.00233682389
0.170716593
0.00173766061
0.1499941993
0.0339394489
0.2556142872
0.1695679426
0.2358574427
0.08495935921999999
0.00519645101
0.144964912
0.1739917727
0.2199110781
0.1860857137
0.07880497352
0.00441176471
0.08902259552
0.053823096990000006
0.1029004365
0.0079952967
0.0
0.1410204176
0.00053475936
0.00054470089
0.00646872456
0.1409624619
0.1313587205
0.28633988169999997
0.007008605730000001
0.01505475541
0.1481875833
0.2729488593
0.0
0.1084182777
0.1566420038
0.17723504739999998
0.04128602155
0.026089822050000003
0.1591580613
0.04897273051
0.01250870171
0.12246254009999999
0.15488139609999999
0.00022865625000000002
-0.0010940919
0.00203735229
0.05066245403
0.025301481419999997
0.18221315140000002
0.1671119264
0.00052907702
0.0
0.0
0.2295977343
0.025406482060000003
0.05560591596
0.01134393494
0.03223375914
0.0
0.3003131925
0.1051255517
0.0
0.24991770989999998
0.00150061396
0.1939476625
0.2554067628
0.0229213814
0.01991981618
0.12864511909999998
0.1313146598
0.01013751756
0.18456734749999998
0.0
0.18721704790000002
0.05457570901
0.049763076870000006
0.019011522949999998
0.03419240252
0.0939085947
0.06814428290999999
0.1068790791
0.00493421053
0.00975645333
0.2754049028
0.0
0.08009312488
0.2478071614
0.020867437500000002
0.00212314225
0.12805738319999999
0.09246875754
0.1527343178
0.09654166384
0.1342897514
0.011151961370000001
0.017324558599999998
0.06583384478
0.09073521387
0.03799148038
0.03558616731
0.03489230912
0.09220768015000001
0.12135957940000001
0.1339895962
0.13264554580000001
0.1218885601
0.0
-0.00050250918
0.011323304119999999
0.0021948598
0.2017179656
0.1071759907
0.03261564703
0.1435984287
0.10388581520000001
0.01950039032
0.1419798589
0.014844413139999998
0.02490704784
0.005321248
0.04071106518
0.01566911951
0.00083001328
0.02038173855
0.0304765659
0.00074515648
0.00555515913
0.22766003
0.1781463333
0.1926217488
0.1383110541
0.07374546127
0.07216749833
0.20788975369999999
0.00487954868
-0.00051626226
0.1919596743
0.3339091038
0.038984693529999996
0.04135450768
0.1332127203
0.04363300734
0.03927212434
0.044915866930000006
0.02779871469
0.264850767
0.02107299574
0.2526692408
0.132522941
0.07359502609
0.2131882885
0.1077305583
0.12653273880000002
0.022963433050000003
0.02558755852
0.0637470369
0.03192053414
0.0
0.00525152018
0.12344665969999999
0.05570800364
0.05761814159
0.2791238336
0.0011213993399999999
0.0120013365
0.09256684970000001
0.2574288837
0.1969734986
0.00290215589
0.05220858896
0.0008275102600000001
0.14116303800000002
0.09709616154
0.243326034
0.06459305623
0.00049358342
0.27120517629999996
0.06116587103
0.06212432878
0.00686974007
0.01818953324
0.1861311202
0.08272043175
0.1001253089
0.09164760738
0.12925817520000002
0.1824454301
0.02100840336
0.00248482172
0.08641438146000001
0.00644517005
0.028694968549999998
0.0
0.050866852649999995
0.2365644287
0.19083342139999998
-0.00041152263
0.03981956181
0.1698138699
0.00297852857
0.07415621299
0.06168231025
0.160866975
0.2164924521
0.09628370989
0.14699617939999998
0.01673845799
0.02837758112
0.012884920740000002
0.02206206629
0.07176870748
0.21611736650000002
0.0
0.2075557753
0.21895452120000003
0.04356176843
0.1465675729
0.1059119661
0.08492486059999999
0.1300569668
0.0668088117
0.028018840990000002
0.010546900120000001
0.00089766607
0.1467264787
0.06580567192
0.09824813316
0.16083440899999998
0.01277353256
0.024937633039999997
0.00202953489
0.1834756396
0.1196047774
0.0
0.0
0.01779150579
0.13084577590000002
0.03997442085
-0.00114062158
0.00685474713
0.061975548619999994
-0.00122699387
0.194611893
0.006925577360000001
0.029983295879999997
0.09863008493
0.05562190392
0.00204220571
0.060061691890000005
-0.0006644518300000001
0.1254853377
0.09841744754000001
0.3005604903
0.0742523315
0.1741084554
0.1408930804
0.05997781564
0.008651771190000001
0.1134338307
0.012372654649999999
0.06273823534
0.01450794336
0.0
0.22824909040000002
0.04614051878
0.011570982430000001
0.00444505045
0.07383647799
0.020371417479999997
0.09783412113
0.01356967252
0.11612638410000001
0.1222869081
0.0
0.03273509769
0.1316904928
0.1013571481
0.08188819774
0.05015814442
0.0630796456
0.011794452989999999
0.2549432967
0.03700535606
0.26593257659999997
0.09236569221
0.00056818182
0.020380662150000003
-0.00070422535
0.00254129606
0.0
0.00523184676
0.06185925364
0.1845915857
0.10006095220000001
0.06667156965
0.06507744639
0.04244186356
0.07222138001
0.2610425162
0.00147015492
0.1114844279
0.2788482466
0.110693529
-0.00033932813
0.11296014709999999
0.0006480881400000001
0.044148959259999995
0.193743956
0.10589817740000002
0.19726195740000002
0.184821597
0.1072945423
0.04106828604999999
0.09615401471
0.043726069900000004
0.2378412787
0.019841596189999998
0.28929720540000003
0.01191511185
0.00677995428
0.0
0.1444826643
0.00144300144
0.2212747029
0.00769700234
0.2886761418
0.1032953113
0.029335360669999998
0.030387537720000003
0.1237913488
0.2008651055
0.07611964657999999
0.00856023456
0.158000702
0.14168549119999999
0.25341735060000004
0.05217483163
0.3594931661
0.0016628527200000002
0.03590810511
0.0030285814100000003
0.0002600104
0.1203835266
0.00040126069
0.00365078883
0.22824934060000002
0.1457565341
0.2537462064
0.0
0.19552712069999997
0.13375352599999998
0.0
0.1358753376
0.0677885279
0.0223688579
0.061928806759999996
0.01232734618
0.1658854782
0.08906864833
0.10801866560000001
0.3866162757
0.2522418981
-0.00085470085
0.1072380416
0.0
0.00128092144
0.23713152369999999
0.0019267792
0.119525177
0.025268305619999997
0.00294433003
0.00770876767
0.00973244383
0.22462366329999997
0.1437901666
0.03896300541
0.01654964848
0.00036523009000000004
0.00938086304
0.00669988926
0.1183901667
0.0
0.0422880681
0.00442477876
0.01115131832
0.2531873341
0.004602878590000001
0.03972209158
0.09211297938
0.013544906629999999
0.06067113642
0.1294238812
0.02833383826
0.015708724519999998
0.362622764
0.01730103806
0.21571839010000002
0.034744460479999996
0.2322762045
0.0
0.2919564537
0.1262737702
0.05626245083
0.1273945877
0.05764546494
0.0934344793
0.2040715472
0.00287907869
0.11097536050000001
0.1643513986
-0.00057057319
0.158520363
0.01001820559
0.09307623653000001
0.1240767542
0.049816944220000006
0.04241279897
0.24045137530000002
-0.00018506354
0.30501662150000003
0.31875893850000003
0.0077200794399999995
0.2194485645
0.12720584629999998
0.02782378484
-0.00155717234
0.02229742575
0.01017831736
0.05830364616
0.041737720109999994
0.01368727141
0.00855025249
0.01710228058
0.1182159004
0.020158430909999997
0.07468705406
0.03176465179
-0.00042462844999999996
0.034765836550000005
0.03669955646
0.01635630344
0.1577209424
0.06976790027
0.1561074406
0.03286954058
0.1070869014
0.10856939510000001
0.1828937071
0.028413045659999997
0.03994458341
0.026807251289999997
0.2802559857
0.02340997126
0.2014860149
0.16489865250000002
0.01650901629
0.3068004635
0.22621663290000002
0.1425748946
0.19978137610000002
0.0006756756799999999
0.01838829812
0.07187335235
0.0
0.00823476243
0.1088708462
0.0006640106199999999
0.0022343211
0.1459536581
0.00189366662
0.04217362081
0.252773684
0.029229813270000002
0.21535350179999999
0.2961710323
0.273333993
0.1007924482
-0.00040436716999999996
0.12045793070000001
0.19591744160000002
0.2195735715
0.01182589204
0.00522018966
0.1892894965
0.00476977011
9.005608e-05
0.1858578824
0.00934579439
0.05541978929
0.09059400936999999
0.0
0.18981304770000001
0.06481058462
-0.00065653214
0.03182072208
0.05139756658
0.02577877349
0.06600808168
0.0
0.2537568273
0.0812008741
0.01744323159
0.1583438248
0.120392002
0.181581176
0.02678531294
0.12985234099999998
0.00018512706
0.16649859150000001
0.1516831562
0.254214115
0.1315492328
0.02829559124
0.1503501552
0.0394897182
0.025371189489999998
0.1387699041
0.05636490065
0.09467156996
0.00058207218
0.2368875718
0.1488423012
0.04228384385
0.1283586464
0.1964488284
0.049889068329999994
0.2355097328
0.03633162438
0.2593194802
0.09746740286
0.0793157258
0.060960909120000004
0.029092942110000002
0.14212241309999998
0.1169921218
0.1854340594
0.0
0.01968266233
0.2628037412
0.2964621834
0.08971688794
0.05736950823
0.0037183380399999997
0.019843517550000002
0.16292484040000002
0.03075854572
0.046848307809999996
0.02886227238
0.01928533602
0.1418386788
0.2502795688
0.05024513638
0.1937244343
0.00414396263
0.09884048939
0.11065237950000001
0.1503622184
0.23291227469999998
0.06463144492
0.05083620033
0.0027886141199999995
0.2708746741
0.044392379919999995
0.1009578351
0.1212104488
0.127817027
0.14144139320000002
0.1514019863
0.2321647329
0.0
0.05457405993
0.00224332886
0.0
0.0
0.03056010403
0.3295058497
0.1373282351
0.16936142920000002
0.2256965773
0.06383685637
0.055981840619999994
0.02376303798
0.20688512450000002
0.0
0.0
0.1603040463
0.1419382175
0.05479104972
0.0612800752
0.03371298963
0.2537452209
0.2253364485
0.3017013455
0.07047244519000001
-0.00065423618
0.1329927301
0.01242102626
0.13799210609999998
0.01906688116
0.130790933
0.00816482369
0.2118044483
0.07467997347
0.3341419264
0.05688384827
0.06180758131
0.00038167938999999996
0.153864596
0.143091708
0.0
0.0642244464
0.1122108293
0.1204828597
-0.00015987616999999998
0.00673236118
0.11631420840000001
0.024064350970000002
0.1518780463
0.014090271590000002
0.01767015707
0.014564970960000001
0.2207881107
0.109724922
0.0011709601899999999
0.1883695299
0.06981630708
0.21569494250000001
0.05922768687
0.011144680709999999
0.01670743965
0.2130722982
0.09175536169000001
0.06905823978
0.0
0.178812437
0.1585462818
0.02200008718
0.06750165507
0.00792133241
0.14504407889999998
0.04189777031
0.10744623710000001
0.1240102126
0.005270472040000001
0.00603593904
0.048314880240000004
0.287694826
0.034155923910000004
0.0052448713099999995
0.00467237331
0.37090276279999995
7.508618e-05
0.01851304101
0.05734175865
0.056713411340000006
0.0
0.01180433559
0.00954173396
0.0
0.08918524169
0.08754335833
0.1982839529
0.2602622075
0.04744960399
0.11118639890000001
0.0832148083
0.1308232393
0.07721667238
0.08004856242000001
0.05092724612
0.2449061453
0.2939841121
0.00025782466
0.049385399249999996
0.1841806329
0.04719730608
0.041254057739999996
0.044511889609999994
0.1540373941
0.0
0.01714891674
0.024717297729999997
0.163290056
0.1172473763
0.3119631134
0.2136413019
0.014233820129999998
0.1606552594
0.02320675105
0.1260847379
0.04334816504
0.01883563117
0.2459150193
0.1492041895
0.07718856749
0.2869012752
0.12088707640000002
0.00056433409
0.061327330160000006
-0.00081499593
0.15448332450000002
0.1025692036
0.018108531889999998
0.28024705699999997
0.15664929430000002
0.1565329774
0.2586285848
0.010375851069999999
0.23340401889999998
0.1722192809
0.0
0.00981361834
0.07427226711
0.06354625551
0.1114188396
0.2701994399
0.06252809965
0.12012239879999999
0.006493506489999999
0.00951579849
0.1396282983
0.0468731311
0.22947832699999998
0.00619258409
0.1422349655
0.0
-0.00055463117
0.2130113665
0.12464716049999999
0.00779584072
0.06856351942
0.06982691864
0.06501028901
0.07939941283
0.1697234841
0.03713059252
0.09181125504000001
0.165176265
0.1898419693
0.06644557816
0.01500190873
0.02273102904
0.08212741481000001
0.255471709
0.2335117586
0.298995515
0.02050458079
0.2459937734
0.08471679706
0.11086605949999999
0.20108988830000002
0.1159367601
0.0024651878699999998
0.16003001220000002
0.040066929460000004
0.02074136184
0.2071133335
0.168825343
0.1458444463
0.1099575421
0.2010624529
0.00270356637
0.09396963287
0.00844919565
0.01222133673
0.00589143793
0.02910258202
0.2348486122
0.0914870271
0.060946975710000004
0.00382940596
0.14224610699999998
0.01080406456
0.0034965035
0.09579058474
0.03825529288
0.07236560749
0.09554278878
0.01781599436
-0.0031520882599999998
0.02321304189
0.03411384958
0.05354336220000001
0.04887137554
0.0005117707299999999
0.04149714265
0.06368540534
0.02128230032
0.08857614379999999
0.04639882185
0.10828121230000001
0.15421121940000002
0.00235465169
0.17526814680000002
0.0
0.0025188916900000004
0.1443558239
0.32861394509999997
0.00054406964
0.01019904999
0.05179447139
0.021197135500000002
0.09948759117
0.0411006463
0.08756281296999999
0.07589628873
0.132634752
0.21719717530000002
0.00205220598
0.1782610031
0.22648039749999999
0.08208738575
0.01208520454
0.1110472069
0.00695927529
0.10967472539999999
0.01554727704
0.0061158405599999995
0.09623987758000001
0.02372825658
0.10540415389999999
0.1177696776
0.0006016847200000001
0.01348215581
0.04075363549
0.17972760189999998
0.08795170883
0.13222841929999998
0.14974863600000002
0.01247449928
0.02603176008
0.0036408223499999996
0.03409244903
0.01062654783
0.04563431068
0.0014450867100000001
0.01729909435
0.0012345678999999999
0.2579891782
0.05422828119
0.07089911673999999
0.00498490388
0.12136336630000001
0.08784856597999999
0.00088613203
0.07302801052999999
0.03468150401
0.011496187369999999
0.08619677845
0.15186017229999998
0.07898965773
0.06975188435
0.0725640507
0.221672839
0.2675072371
0.22985467799999998
0.03570343455
0.00969716541
0.09321611368999999
0.02860040568
0.09864993789
0.1922375771
0.1344539776
0.01620972171
0.19021128910000001
0.06681316992
0.02433622094
0.1360843762
0.10577495580000001
0.058161839320000006
0.03363623556
0.2796479387
0.1154648096
0.1439234501
0.1439107123
0.02306540671
0.1146521013
0.00189155107
0.01358369766
0.057238169250000005
0.12390455510000001
0.1438780662
0.03358295947
0.00502004639
0.2102000028
0.2174751788
0.1044575226
0.00395812196
0.109091601
0.0
0.1100411461
0.197267527
0.00042122999
0.1289912352
0.0
0.051360440880000004
0.01992120355
0.2731178267
0.0295039403
-3.018672e-05
0.2131019602
0.029979478409999996
0.2446604923
0.023566428039999997
0.00751620363
0.11543757340000001
0.030307017539999998
0.1631178832
0.049774542080000005
0.1011881617
0.020696041690000003
0.09904660814999999
0.11811722250000001
0.02686691941
0.2765554162
0.20915971819999998
0.1100397921
0.1535192509
0.1622779109
0.1071971577
0.02401733791
0.07126588179
0.3149669177
0.09825686987999999
0.0
0.1243845915
0.2977718819
0.0759454306
0.259675855
0.16553190050000002
0.03569876501
0.0125385398
0.0
0.1665172697
0.2949748277
0.013346354170000001
0.1620397738
0.05333646114999999
0.2757178767
0.1807286405
0.22761076849999998
0.036526179650000004
0.0056193806199999995
0.01655905417
0.1859214313
0.04222237203
0.0
0.1561384382
0.1192291096
0.0610703723
0.0245549573
0.08106283645
0.0920581466
0.2026092795
0.012992845559999999
0.2438395539
0.2752736099
0.05613634791
0.2291322415
0.00210068501
0.04568526924000001
0.2816866044
0.00159842907
0.17728057840000003
0.07854657328
0.1539368259
0.187905552
0.3649170969
0.01158509666
0.01272961864
0.1310157377
0.0016286644999999999
0.1624753613
0.033174261079999996
0.1501780204
0.024311706489999998
0.02694784235
0.105716272
0.2400414562
0.060338280720000005
0.198801251
0.013570209159999999
0.06586472921
0.01596106741
-0.0006027727499999999
0.0035526600400000003
0.1303444885
0.1920090124
0.03204681066
0.0
0.0733413927
0.0
0.022980860970000003
0.01602259972
0.101304439
0.02983443206
0.00021720110000000002
0.21318973459999999
0.09645482541
0.01497088932
0.27399439610000004
0.4097022399
0.03583962911
0.1102025072
0.00504356046
0.02281188005
0.06799258306
0.00746869987
0.1828085239
0.00926381679
0.00842631582
0.00105513314
0.01072417667
0.2276337294
0.1344847124
0.1786849892
0.042915375080000005
0.00282353488
0.2660994677
0.00787568904
0.3023298319
0.04932644696
0.05157864191
0.1505085229
0.1769556162
0.200309077
0.00027762354
0.03695614939
0.1469010265
0.1414828786
0.00037993921
0.03929563171
0.06068994481
0.1841335334
0.02072006507
0.06105282996
0.27751754170000004
0.07378179865
0.041664319650000003
0.0006622516600000001
0.00158102767
0.2045926506
0.04184491979
0.1210332254
0.1457533909
0.13422582119999998
0.135537766
0.01270095406
0.3329985479
0.08237975433000001
0.00386100386
0.0
0.03943126172
0.02841945558
0.04917542322
0.0067103484599999996
0.06515129019
0.0107552837
0.055081914989999994
0.09336126611
0.06827212395
0.23657090719999999
0.1639236347
0.00050527957
0.00668084549
0.05056133375
0.00769761363
0.1719807187
0.09700063548999999
0.06581232244
0.00086818724
0.00875875186
0.2532173959
0.27893051010000003
0.00609205021
0.0
0.07277787499
0.09864712516999999
0.1717579146
0.1259381273
0.0292145161
0.061526383840000004
0.1512350677
0.0114053609
0.0
0.17004327090000002
0.01802587985
0.1736559678
0.0
0.00434997304
0.142655457
0.00816239548
0.1437745681
0.01519349508
0.0009191176500000001
0.20618501420000002
0.05224733117
0.3775783973
0.1008475935
0.09348890525
0.12162664270000001
0.015052643000000001
0.0976321572
0.059243635929999997
0.00544011544
0.3071101636
0.1464435629
0.14633569359999998
0.1285589381
0.0
0.01879024802
0.1496729451
0.00623095963
0.09198362961
0.07761616636
0.2585820527
0.1372056289
0.07157684201
0.0423671196
0.06138125148
0.05136241611
0.16487925099999998
0.09443737646
0.0068190814099999995
0.007434313580000001
0.06833786281
0.07374310629
0.1077077699
0.08103632068
0.07966891809
0.07167247932000001
0.01840618425
0.035552591009999995
-0.00456926333
0.30261247069999997
0.00373878365
0.042556135829999994
0.2965189752
0.1280779074
0.1933352872
0.03439758862
0.17699170939999997
0.27158861040000004
0.008542508669999999
0.023798965039999998
0.06597588703
0.1485499491
0.1537393302
0.1022011694
0.08000447167000001
0.12578952040000002
0.0
0.01962467612
0.08812844694000001
0.1257199239
0.10078975800000001
0.1119382656
0.08390230331
-0.00027184236000000003
0.1056388653
0.01044619539
0.01717838416
0.12193160669999999
0.08283281722
0.09587797093
0.2055959759
0.1060417511
-0.0002154039
0.268299129
0.13579935880000002
0.04233833792
0.12827574249999998
0.1825572271
0.06801151762
0.022669373460000003
0.0187812827
0.04771842115
0.1449174955
0.27074338659999997
0.08524520868
0.19722660720000001
0.00409575638
0.05405711505
0.3122882559
0.2526886559
0.20020677979999998
0.2065414436
0.1185498515
0.00044169611
0.2856706746
0.1341947932
0.2676357348
0.0421744101
0.07165539092999999
0.00990849342
0.00153846154
0.14484225439999998
0.028859935540000003
0.00079365079
0.07596243626
0.11110764570000001
0.0
-0.00082236842
0.2161008774
0.07404947754
0.041115047259999996
0.00255754476
0.1244110333
0.005106234560000001
0.1812404155
0.07225654903999999
0.07683897535
0.1322895529
0.00361153889
0.07005596665
0.0
0.05164580385
0.09113394927
0.0
0.04897715163
0.00025627883
0.00312778999
0.00039650865
0.1510469341
0.019112031890000002
0.0055219256699999995
0.00026907078
0.03319179099
0.1984144908
0.2184805155
0.1257398796
0.1644211532
0.0006938064500000001
0.04059419147
0.01432470439
0.00667860381
0.0100471393
0.18611865989999998
0.1530882412
0.1073414052
0.025022985310000002
0.04240896233
0.0029154519
0.2403410056
0.27643580409999996
0.09650257244
0.00946193052
0.00387068228
-0.0006821282400000001
0.01639606913
0.03345164098
0.1284443777
0.00385715983
0.020290944560000003
0.13467351360000002
0.07061800737
0.02843430034
0.04763948441
0.061713766909999995
0.018985523049999998
0.0
0.042206560360000006
0.03760745697
0.01405254876
0.2451660843
0.0045411414
0.1505130191
0.2104692897
0.1808255665
0.008161772040000001
0.1470950174
0.09070003114
0.06260223057
0.05129578715
0.0269297235
0.0029023408099999996
0.1081180925
0.00500124875
0.18033730909999998
0.0
0.05483225197
0.020257264799999997
0.2331133135
0.0
0.1811648563
0.0819604709
0.10246883990000001
0.05734402483
-0.00050301811
0.2202304515
0.06212749585
0.06898105937
0.06263511143
0.2157658817
0.09005209321
0.2044199102
0.00571258322
0.02159212794
0.09362938648000001
0.1471213809
0.0720756777
0.0
0.1704905404
0.1537836961
0.00414937759
0.14857812380000002
0.00305498982
0.00977125234
0.247045983
0.0
-0.00030978934
0.007987946059999999
0.0022675737
0.00098632447
0.00065627229
0.02049180328
0.015564289719999999
0.1840883221
0.2108056511
0.20986747009999998
0.01136455105
0.0006684492000000001
0.05407808957
0.00428222571
0.01855596267
0.0031055900600000003
0.2107386122
0.1561735558
0.0292163099
0.13686891040000002
0.3681382817
0.1734310749
0.04340605256
0.1987149561
0.1791196446
0.01650680065
-0.00111607143
0.027501500079999998
0.03702145531
0.3350830567
0.15142563579999999
0.1433844514
0.02604908461
0.1278511955
-0.0001444479
0.05948306514999999
0.1471573692
0.16401243969999998
0.12762508479999998
0.00057208238
0.1972704265
0.0
0.004484262419999999
0.05060009356
0.0461732588
-0.0012578616400000001
0.05472317743
0.0
0.1970576295
0.0063511706
0.0
0.18631291319999999
0.1397159721
0.06120488745
0.11789571049999999
0.09472098823
0.11238849990000001
0.2350565262
0.07397614923
0.27242376069999996
0.1566978805
0.1163506671
-0.00015520083
0.051375967659999994
0.0679701336
0.280661037
-0.00064226555
0.2125902795
0.1958589298
0.2651309437
0.0056205030300000005
0.03467576571
0.1086490876
0.04089806979
0.03721558548
0.07390571796999999
0.0046671772500000005
0.1092184959
0.3435170101
0.007042253520000001
0.1450299834
0.09822143116
0.11792816630000001
0.04961685824
0.18068807069999998
0.0005991611699999999
0.03996400835
0.08134342267
0.2609360109
0.0099715173
0.02696212544
0.1577867305
0.10794354330000001
0.01975169498
0.05133431479
0.06109980306
0.01574167891
0.2653539299
0.1756219729
0.0
0.06914450867000001
0.1621669257
0.02994690349
0.1526853268
0.1579495532
0.0
0.11632320030000001
0.2254237604
0.2145509203
0.03698866248
0.02749402628
0.2422511742
0.1762180687
0.0010411911699999999
0.1149374442
0.12897252979999999
-0.0006693227100000001
0.1411365746
0.1046911349
0.122435316
0.037077531989999996
0.3273580097
0.1196051874
0.08305099019
0.015286218009999998
0.0031000525400000003
0.00656109464
0.031973007299999995
0.09631764024
0.2254716458
-0.00010513200000000001
0.04418413995
0.2238840859
0.2747598636
0.050523779590000005
0.06952265694
0.08835580023
0.07582306443
0.1217839376
0.27005089179999997
0.11363216879999999
0.028078139539999998
0.33269751059999997
0.05515607568
0.2455514286
0.041538570090000004
0.00055066079
0.27521331320000003
0.08320884360000001
0.1644297499
0.0059599756
0.00138888889
0.09672169276
0.10114997860000001
0.052584546569999994
0.01735370793
0.17879123759999999
0.06108471677
0.205619601
0.1662952654
0.02187613623
0.0
0.03182650711
0.05890437781
0.1037193716
0.00076687117
0.02935645864
0.2172857944
0.01054222932
0.1106632721
0.00723827691
0.05793404715
0.1374232957
0.09569486984999999
0.039309847769999996
0.0
0.154673082
0.1776858226
0.15940345179999998
0.1429332411
0.1712463708
0.10225648429999999
0.3147389027
0.03929009599
0.00794936471
0.08994686718
0.03397856935
0.10252762060000001
0.03908196419
0.08208159463999999
0.1083786402
0.1569165697
0.1017134529
0.2083536851
0.010727790159999999
0.3159826463
0.0
0.1182586728
0.0
0.0747598577
0.0789636758
0.00491198407
0.02698691835
0.1479040591
0.1258371475
0.2665995834
0.02661933635
0.03866973582
0.25676574750000003
0.21639593699999998
0.00254555398
0.3828219661
0.027828056120000003
0.01477302219
0.046742037009999994
0.00336808321
0.15933060429999998
0.00790858252
0.02840557724
0.10578696989999999
0.0
0.07495747381000001
0.1758922174
0.044050165999999995
0.00418761927
0.1456189736
0.042911468849999995
0.2803906605
0.02199415732
0.3965965383
0.01417892385
-0.0065146579800000005
0.06427189524
0.20536665159999998
0.00344715447
0.0058016111
0.059828643970000005
0.046012904
0.1639555296
0.06229016997
0.02283179311
0.049745162780000005
0.00129776382
0.04346268324
0.02916826451
0.1107275152
0.0021691974
0.00126289984
0.2262272684
0.0
0.050703068350000005
0.0185487174
0.00397614314
0.24533833300000002
0.213177385
0.16761330929999999
0.06508292821
0.023073595949999998
0.08688480459999999
0.0097800593
0.06010266098
0.1214390775
0.07747745546
0.044347775570000005
0.1393456822
0.11743363970000001
0.2249089773
0.01566671305
0.1570742396
0.041484716160000004
0.04187215658000001
0.3375888747
0.187077712
0.0071618064999999995
0.14013078269999998
0.0
0.1947419336
0.06252929649
0.02255801167
0.0016233766199999999
0.01872727273
0.21539141950000001
0.21233640380000002
0.2664644847
3.0289039999999997e-05
-0.00018736603
0.18519409620000002
0.04073586564
0.10619494769999999
0.04261789368
0.052775050969999994
0.04315909968
0.1110969041
0.08910189158
0.09630818312
0.17480896349999997
0.03605212373
-9.908337999999999e-05
0.04199560129
0.2652191839
0.01415921667
0.0201332975
0.24006614939999998
0.1493769822
0.00219866561
0.02481825719
0.1280239368
0.1654583454
0.0030619083699999997
0.07390601147
0.03169725484
0.09821376154
0.14479626229999998
0.0208519383
0.1630324356
0.00385149033
0.028070781509999997
0.1881794377
0.09998563606
0.1611032175
0.1241868719
0.09893781361000001
0.1626098004
0.01680243645
0.03206921172
0.059270137509999994
0.1718558994
0.05090580641
0.2879960056
0.1132230982
-0.00164232301
0.03838292285
0.01183869143
-0.00012572661
0.20854419100000002
0.06995840118
0.0423345738
0.1471685923
0.06417237645
0.07989914929
0.09262969081
0.10180108510000001
0.2149534983
0.1180876481
0.09729049053000001
0.022431637929999998
0.013791569029999999
0.06096652325
0.19767815349999998
0.02177373134
0.1585271025
0.00295857988
0.01935483871
0.00766511508
0.2440910113
0.13836231570000002
0.2271793477
0.3326382065
0.05675931746
0.054024112889999996
0.07739423409
0.21571690329999998
0.0015873015900000002
0.03062892143
0.029849416650000002
0.02292548901
0.1359013304
0.0
0.02855180577
0.0222095359
0.08588653416
-0.0007930214100000001
0.025252584709999998
0.19785932890000002
0.22636834050000001
0.2120739086
0.206565194
0.158788899
0.08075452161999999
0.1461011175
0.00230946882
0.2643841796
0.06527645054
0.09998079872
0.027338651199999998
0.03703225987
0.03337885826
0.02219158427
0.1973965463
0.13124040450000002
0.17346012219999998
0.06945191139000001
0.12474575930000001
0.016984760510000002
0.059334289309999996
0.02771774497
0.01104464471
0.0299582133
0.2345181401
0.2133641883
0.19973976019999998
0.1831648894
0.05023136141
0.07904249177
0.014976698870000001
0.040679760380000006
0.00638609705
0.2516568951
0.01428531271
0.24738670549999997
0.126922812
0.22236694669999998
0.07191743001
0.175284539
0.00183823529
0.04805874655
0.2485881995
0.1630165415
0.03761312458
0.10054772370000001
0.0
-0.00029033663
0.11890543340000001
-0.00031959092000000003
0.017480682679999998
0.050610907239999996
0.2381477083
0.2172843097
0.04034241142
0.2731970868
0.00645888448
0.00035460993000000006
0.03107870506
0.04942802682
0.020732526799999998
0.1664394867
0.2190708939
0.09208579935
0.32929431379999996
0.03052932956
0.05678422113
-8.474941e-05
0.06083692065
0.0
0.02830311768
0.049435314220000005
0.1338089657
0.05312931237
0.0
0.00136239782
0.00520340866
0.2131689822
0.04699600281000001
0.00180995475
0.0
0.055229643360000004
0.00221565731
0.040401051939999995
0.15909225940000002
0.1124646577
0.1827870296
0.00059505941
0.140239414
0.1813262242
0.02795275631
0.05164178714
0.11460716039999999
0.00196831639
0.1617246162
0.2443250595
0.04661214389999999
0.07522655690999999
-6.565205e-05
0.1462676447
0.1155245228
0.2800558826
0.04641884377
0.1271437495
0.2435299639
0.015591045349999999
0.0
0.1355919619
0.04937873477
0.1888802853
0.08784660654
0.1944569905
0.08273745988
0.0
0.19528752770000002
0.343065456
0.1048508541
0.1402686395
0.00820961325
0.04217081802
0.00287254792
0.1323547647
0.0092480164
0.05507043535
0.09483340438000001
0.0014447299199999999
0.06718515019
0.02680329982
0.09615240619
0.141801633
-0.00019681165
0.009762503649999999
0.3119823879
0.1386194298
0.0926178512
0.09191983221
0.01551825161
0.041370653949999996
0.06629663858
0.045341899449999994
0.00194207928
0.04604377104
0.1221851994
0.02258905831
0.18542187670000002
-0.0017734503900000002
0.06285897823
0.0
0.022547960109999998
0.08358378673000001
0.03060910582
0.23532060359999998
0.01769466838
0.01027725065
0.01335830982
0.07640714831999999
0.2506630333
0.17913857400000002
0.08146146228
0.04356857555
0.00152771136
0.01034818711
0.3536343278
0.20485923620000002
0.03732634535
0.0041486953399999995
0.1951947972
0.1434965573
0.0
0.21613870899999998
0.06072731512
0.16500042650000002
0.016210819629999998
0.2789240397
0.00997718773
0.2749053851
0.10270407629999999
0.00250638419
0.1654778387
0.1073950407
0.06357097032999999
0.1008405433
0.00044843049000000004
0.09278254301000001
0.01118373348
0.101546466
0.0
0.08887644523
0.0002895194
0.1565591895
0.1230477338
0.00351553711
0.0006574238200000001
-0.00042087542
0.2530358463
0.021709245199999998
0.0213343337
0.12028037870000001
0.1760091841
0.05158475211
0.1219635906
0.1433651507
0.0
0.2144977077
0.01813373384
0.0918164615
0.22065956790000002
0.015035431319999999
0.08918081347
0.028239157129999998
0.0
0.0
0.03649835698
0.2319772112
0.09669774293
0.14655361790000002
0.01655186315
0.00797593339
0.1017885752
0.3434703775
0.2244069204
0.1944717337
0.09126235391
0.02456920308
0.03632863652
0.0
0.02490285118
0.1006588266
0.00440868107
0.02953073005
0.00321083324
0.09090138488999999
0.0052294197
0.09931961494
0.06955418726000001
0.04743378062
0.023519308200000002
0.0558040446
0.012329518429999999
0.1563400963
0.0
0.03641586582
0.2242706297
0.08729897471999999
0.04547837156
0.1704834258
0.09763485702000001
0.07389531876000001
0.02183589903
0.34930625740000004
0.1576411074
0.0
0.23745796500000002
0.08422158346
0.314818883
0.15598121880000002
0.10326660580000001
0.16611089610000002
0.02750892721
0.2991165735
0.033714888799999995
0.2264479699
0.05484635527
0.03239163171
0.055163165359999995
0.1754110392
0.2480895192
5.529058e-05
0.03054487059
0.20614700689999998
0.1594635787
0.11874969
0.1839157063
0.1790851695
0.1640722197
0.022996205770000003
0.03826522539
0.2305400101
0.00020980571
0.01852871922
0.174144197
0.2092965823
0.01561575771
0.01761039553
0.00122585465
0.0046410652
0.1380276445
0.176994846
0.03238661461
0.05355963255
0.05612989121
0.023754942739999996
0.044540541850000004
0.19662498490000002
0.01347231283
0.0003335557
0.2588268825
0.1422185624
0.03793696737
0.05580943617
0.2457941846
0.1430593325
-0.00016273615000000002
0.0014941237800000001
0.03896298713
0.01570778887
0.2189074061
0.09571577173
0.09392436175
0.0232149077
0.1339814705
0.1923298144
0.1380650914
0.2539732789
0.1292775776
0.23264422929999998
0.168308102
0.09465475380999999
0.16387090610000002
0.2235468428
0.01836671342
0.07398983022
0.2643668514
0.03074403022
0.1248928115
0.1483535714
-0.0005712211799999999
0.1331463144
0.026988745440000003
0.0276209223
0.232510199
0.0
0.06021751785
0.33724103440000003
0.13354793750000002
0.1118060408
0.00981053088
0.1366710464
0.040727343119999995
0.09057210207000001
0.034506183780000005
0.047063893950000005
0.10381188570000001
0.05873999778
0.020237944579999997
0.027890733499999997
0.010416666670000001
0.09519066509
0.1813781442
0.022969545390000002
0.0719430628
0.026087458049999998
0.0
0.2037937159
0.029979748179999998
-0.00031466294
0.1914439033
0.1345412432
0.12483243449999999
0.08676348627
0.14379857669999999
0.158064104
0.0
0.06246869161
-0.0008019246200000001
0.1505917651
0.1149529287
0.1964672202
0.0
0.029689086370000003
0.129757233
0.1098236756
0.1922096664
0.4365329394
0.0008038585199999999
0.08081789528
0.0022888628199999998
0.0
0.0003615329
0.1925606887
0.1087812474
0.1010683079
-8.889910000000001e-05
0.02309737105
0.18048951970000002
0.06445624604
0.01950973176
0.07235806119
0.07090185462
0.12011602469999999
0.0388700322
0.06481093533
0.05071391105
0.03002042231
0.1872582785
0.1632860417
0.02358787021
-0.00510204082
0.005490718570000001
0.1955256021
0.03720101531
0.00472762199
0.00456648801
0.0316265145
-3.22933e-05
0.051981346080000004
0.01520680792
0.03336154417
0.09290973933
0.1143981142
-0.00016770469
0.07117275736
0.1831399003
0.01281415344
0.34231050789999995
0.0360869074
0.01706009713
0.025840026869999998
0.16099878480000002
0.20442294879999998
0.2048839235
0.1069765365
0.1103297694
0.1228797102
0.03843987705
0.07759841179999999
0.03746211962
0.0008663664599999999
0.04023604667
0.13254860000000002
0.1608573341
0.2915094874
0.2127003207
0.0701154004
0.1668722695
0.21212757440000002
0.05030463761
0.1981827014
0.019543430139999998
0.2917888086
0.2396304121
0.1181604311
0.1002141478
0.10164516089999999
0.1698884649
0.00782423813
0.2250440511
0.2789589337
0.1549592386
0.17016612309999998
0.13627206449999998
0.0
0.011979692010000001
0.05113691415
0.01682325917
0.02833166274
0.1702381745
-0.00051599587
-1.758555e-05
0.03992603139
0.19665395
0.00851017639
0.00505482945
0.1417508132
0.1262223437
0.1628440522
0.06933328225
0.124055056
0.03452311366
0.27584794949999997
0.06025882104
0.11288587420000001
0.1292899904
8.814234000000001e-05
0.00174723355
0.0
0.10557468739999999
0.08872978994
0.00282179988
0.1662907585
0.1448504452
-0.0008399832
0.00895522388
0.07293304458
-3.643226e-05
0.00105176835
0.00046992481000000005
0.08007291965
0.17544256919999998
0.18325370889999998
0.00769902829
0.0029999599399999997
0.226317653
0.0020472973
0.07014372426
0.007936972490000001
0.1817019653
0.2288871121
0.0
-0.00299850075
0.1273244643
0.00797445244
0.005754908600000001
-0.00069252078
0.2403984041
0.1475992895
0.1310187288
0.03332544693
0.010739938440000001
0.2092796281
0.3145388575
0.1274709974
0.008182399299999999
0.03028010485
0.3108686321
0.1959896887
0.2128370583
0.2017375938
0.029164699120000002
0.082057091
0.04089368088
0.2918183195
0.01608009106
-0.00039210503
0.09275793651000001
0.1386004848
0.052009990320000005
0.03548698703
0.120122421
0.1606066644
0.03486007195
0.04096291066
0.2948972355
0.2167557777
0.03189340268
0.11435794530000001
0.00776583035
0.2240599109
0.013320231709999998
0.04504835905
0.00439960679
0.006160056590000001
0.04062068423
0.01359841461
0.1106958475
-0.00010190789
0.17117987769999998
0.3094583987
0.00177304965
0.22637647019999999
0.03841095082
0.11898424090000001
0.0095436122
0.3910883414
0.3112842243
0.1321353242
0.042068014290000004
0.1806773627
0.111841566
0.08605838183999999
0.0771437204
0.04787911469
0.01380725553
0.1268233831
-0.00022376938999999998
0.051214092759999996
0.054495170499999995
0.05973283688
0.1353287611
0.02183202801
0.14008355249999999
0.1550622178
0.01976744186
0.08125894863
0.2205175003
0.055325529199999994
0.0016754428
0.2048410516
0.24669294619999999
0.01582273572
0.08467589118999999
0.1640305796
0.0298321622
0.18910092809999998
0.0169441791
0.1148742837
0.01176431065
0.20924827489999998
0.0015182186200000001
0.25993293489999997
0.2080609039
0.01043083027
0.00982808374
0.23493032
0.086935904
0.0
0.21935332200000002
0.2724076245
0.1649477454
0.09038180975
0.18871481450000002
0.1503766457
0.2303787345
0.01895601508
0.06147291737
0.03529314872
0.04873744217
0.1716286865
0.16738105399999997
0.25324149760000003
0.01688665914
0.21529214259999999
0.015755915
0.03500815958
0.06457425917
0.01754580338
0.08579054606
0.06233810603
0.1157248984
0.3177724185
0.08612318547999999
0.02507678738
0.1797376633
0.02742388204
0.006022240250000001
0.06664350352
0.01648955139
0.006967609919999999
0.0011560693599999999
0.3598432833
-0.0002168303
0.07112471014999999
0.0409797469
0.0033595385700000003
0.07987442256999999
0.0
0.00146627566
0.2104078876
0.024379308210000002
0.1179566225
0.14509359489999998
0.0049723551900000005
0.2445600142
0.054801345359999996
0.05732223287
0.15490352400000001
0.01326259702
0.1851771097
0.03618886826
0.023377957020000003
0.00089260101
0.09969779935
0.00393426392
0.21920716890000003
0.22355652609999999
0.07405269313
0.06246321173
0.0
0.02578999182
0.20351568960000002
0.08374721633
0.00210816208
0.01886211671
0.1709172096
0.022986628090000003
0.0462773224
0.00927315548
0.207985529
0.1436881582
0.2269665846
0.07760061329
0.1501457954
0.13974772659999998
0.29166889139999996
8.39636e-06
0.01897296079
0.019626235569999997
0.03714826375
0.08467062966
0.035791279079999995
0.17696750420000001
0.05569844252
0.2458722017
0.08777540867000001
0.37853119069999996
0.00414760644
0.1513653063
0.0708031958
0.0568184295
0.00065703022
0.18394573279999998
0.1372234624
0.0130439186
0.00886648494
0.048852272130000006
0.10900756380000001
0.1623983325
0.06278489007
0.1042299041
0.1015511129
0.2901195958
0.1107090551
0.0035296136299999997
0.03829862537
0.05151636649
0.10353495069999999
0.2589389381
0.01858670375
0.07684355124
0.08646630596999999
0.1922565503
0.1679191105
0.21719745929999998
0.10281872010000001
0.00520833333
0.03006329114
0.029700671760000002
0.11502044809999999
0.19655058830000002
0.03235260061
0.02646299393
0.01491053678
0.071669652
0.04459380391
0.14077307490000002
0.1241920543
0.05729212852
0.08269041917999999
0.13846308470000002
0.15619088809999998
0.08286527484
0.10562620750000001
0.0
0.1344472755
0.13456359040000002
0.1630152847
0.01526507485
0.045276602070000005
0.1072297399
0.2483155282
0.1966062733
0.02509089773
0.013078012699999999
0.15833014139999999
-0.00035755968
0.01302045075
0.017218265610000002
0.2223184974
0.2186086461
0.03326073572
0.1038877465
0.01547281296
0.03058228594
0.00361789867
0.00015187300000000001
0.0029904750099999998
0.00074294205
0.03569991828
0.1857402249
0.35398969370000005
0.0
0.014764355600000001
0.0293335939
0.31369646079999997
0.03563771949
0.00022696323
0.0786184465
0.04289493575
0.01418230375
0.03875836362
0.01706693445
0.01512834153
0.0445238546
0.0035146614399999996
0.24712582019999998
0.22246424210000001
0.0039620268600000005
0.0
0.1538544536
0.1228866785
0.00435555325
0.0027700830999999996
0.00220594575
0.07902958565
0.08265307044
0.08899395454
0.02922733703
0.1357807957
0.07038574921
0.05337928294
0.00347222222
0.03827691951
0.326166447
0.09882450941
0.046857701499999994
0.0
0.110318172
0.0007144154299999999
0.00398366088
0.0
0.10973328710000001
0.15688333399999999
0.0
0.00036075036
0.01072652532
0.1478958941
0.00310915857
0.006248336439999999
0.1188191531
0.0
0.1348384237
0.00048262548
0.158468775
0.1348869519
0.0277953247
0.0126880733
0.08395275045
0.21740855039999998
0.2146794268
0.3031899796
0.033462682369999996
0.2056976882
0.2216484432
0.19968876359999999
0.0
0.01081438205
0.06083906314
0.00794256382
0.1617548249
0.103050917
0.2655315148
0.1317792195
0.0
0.08961551537
0.00126103405
0.0013817906799999998
0.04056856015
0.1633967614
0.01134846462
0.00490678723
0.08187838869
0.00804134456
0.01087985323
0.162523507
0.1654433786
0.3454669804
0.04806933399
0.02894244086
0.00586988713
0.19782119609999999
0.023683622589999998
0.1977144711
0.1597988095
0.1597051009
0.1264325512
0.1350458227
0.1789516648
0.08374003603
-0.00086580087
0.2926535493
0.1323310648
0.1252939505
0.00873362445
0.00170842825
0.1414717898
0.1011240152
0.0868627876
0.05408600687
0.1277710892
0.004357675389999999
0.19225509559999998
0.1276918815
0.0
0.2933493586
0.00401534459
0.01202758664
-0.00037608123
0.038028291969999996
0.00964649258
0.14108257670000002
0.1752674954
0.03965470835
0.05115353434
-0.00055586437
0.07423037512
0.17562668169999998
0.1011394816
0.236557077
0.1290259524
0.0
0.2078749466
0.00492972305
0.02710082103
0.05387709116
0.00860104979
0.02279227252
-0.00054495913
0.00048732943
0.1004473999
0.01258217001
0.06711441548
0.1591289205
0.2095346344
0.011060812639999999
0.045830914849999994
0.0
0.00027905826000000004
0.00136054422
0.06481063596
0.1937224766
-0.00011867608999999999
0.00803849291
0.07194464066
0.03176109774
0.040526120570000004
0.07435382462
0.2514575819
0.17326450510000002
0.09213033057
0.0061021543600000006
0.025364502469999998
0.1250721941
0.2202992155
0.02704353685
0.23740133870000002
0.1743182161
0.00079449487
0.01216605006
0.01333713336
0.005889495230000001
0.00326942468
0.00109101487
0.0
0.014229706419999998
0.0
0.01020092448
0.01630285509
0.041305299670000004
0.0028517110299999997
0.04367383039
0.061078680270000005
0.1036943772
0.02431225418
0.16646750470000002
0.19707185540000002
0.0018018017999999998
0.12241394180000001
0.052665164359999996
0.119931971
0.01207952589
0.0433593725
0.2010685617
0.05396246641
0.0037280017700000003
-0.0002585984
0.09607446431
0.23404612279999998
0.0703120077
0.0027700439500000004
0.2396473164
0.1908125654
0.019668444480000002
0.01556405487
0.01642616334
0.06957714679
0.26688282680000003
0.24211635999999997
0.1394047029
0.143390785
0.1402038153
0.015585164600000001
0.03930527936
0.01718856757
0.11330254990000001
0.01527066602
0.2959836154
0.00961538462
0.21972966240000003
0.02318395023
0.1257936037
0.2259992826
0.03850149009
0.0
0.01808875536
0.0
0.20930480410000002
0.1247549309
0.1446345137
0.1407583648
0.025721285370000003
0.08104641641
0.2381286864
0.08446381975
0.041266584999999995
0.1870348514
0.1674641061
0.1868364454
0.05532561605
0.33952450970000003
0.00985583595
0.025546578759999997
0.1766982226
0.0048510817
0.02991995247
-0.0020080321300000002
0.2845064254
0.051548545509999995
0.03187407532
0.1400730991
0.3120365764
0.1146647823
0.1055837076
0.00196463654
-0.00020300264
0.0
0.09658157479
0.0
0.360617579
0.06141148382
0.09746722609000001
0.03332697756
0.027822343279999998
0.2596006418
0.00413032539
0.00930826975
0.2886575908
0.03313964475
0.3277755753
0.06277044037
0.17273716090000002
0.00248176473
0.1962921861
0.24740758750000003
0.00212765957
0.2430802178
0.01482132968
0.2411607381
0.1365257246
0.1875597759
0.08771901588
0.19542764550000002
-0.0005841121500000001
0.02080675379
0.05857545116
0.03026890393
0.03716307107
0.02833039181
0.03568777071
0.03865709125
0.1923576507
0.00149454669
0.3530341942
0.2467420249
0.03102780933
0.1239736214
0.04523469803
0.20345462090000002
0.03925383483
0.08805639984000001
0.00560299558
0.08857494969999999
0.05223792695
0.14124371030000002
0.06509456485000001
0.08773710410999999
0.09637105132
0.1910134281
0.03294403484
0.00023628613
0.009883085219999999
0.28235126309999997
0.02400411086
0.013529268990000001
0.1539532746
0.1522667331
0.1352281058
0.14210478540000002
0.130926032
0.03418803419
0.07460628315000001
0.1788729884
0.2061802274
0.26262510710000003
0.045892683190000005
0.2871234737
0.053007217669999995
0.00124688279
0.00051645057
0.03818053153
0.1691798184
0.1478810246
0.1000937598
0.0007022752399999999
0.00233712512
0.3267592681
-0.0006583278500000001
0.02197931185
0.06506052504
0.0
0.1470951513
0.09136644038
0.13055784920000002
0.03290303574
0.07727604589
0.1182546865
0.1365992169
-0.0006295211100000001
0.02803155287
0.2722225388
0.1262922172
0.2623497426
0.16052077709999998
0.00061212291
0.1579053172
0.1050080165
0.2208812349
0.00214817202
0.05421193798
0.18917881690000002
0.01235483479
0.1705903777
0.0017198600699999999
0.06985095657
0.21722777189999998
0.23300775380000002
0.09394996827
0.03190804713
0.1490577304
0.06473066844
0.0062144270300000005
0.02676041057
0.0031951931700000004
0.22340374270000002
0.34646866660000003
0.0011106175000000001
0.08541620676
0.0677753005
0.1268445539
0.2611869832
0.0
0.028084820540000003
0.13950308449999999
0.2848326313
0.15023719359999999
0.01178781925
0.03652614037
0.07700662502
0.03559603083
0.00098522167
0.17989168209999998
0.2773256477
0.10244116710000001
-0.00215053763
0.14308435190000002
0.07912971788
0.1273115228
0.01524890624
-0.00014546676
0.01775924353
0.16660096700000002
0.1072626784
0.07167504745
0.07149378004
0.0465266852
0.19720974
0.202021427
0.3229813735
0.012211737
0.03535098146
0.2056914158
0.3483349383
0.08861654944
0.00101078167
0.0
0.16812040350000002
0.04925613663
0.011956715849999999
0.09509058057000001
0.1425429247
0.00029673591
0.36809060289999995
0.13939036700000002
0.32814234579999996
0.2264531025
0.01290852001
0.00123152709
0.0015117158
0.1826497755
0.015026271950000001
0.1726080241
0.08063290381
0.08840185272
0.07440879801
0.2146758345
0.01803256973
0.2613596381
0.0
0.00925790812
0.0
0.07410451763
0.050835437819999996
0.2018578531
0.0176646175
0.044606363360000005
0.029423844180000002
0.01719095397
0.07583264063
0.04399235864000001
0.09771585247
0.06551433505
0.00039154268
0.1356093075
0.09651680338
-0.00137551582
0.09265924043
0.0
0.0666426521
0.01536859318
0.06651917272999999
0.01538042114
0.00046583081
0.01947677235
0.19662611819999998
0.1561026181
0.026097137359999998
0.00848131574
0.16257641790000002
0.005782424
0.02768141076
0.00895503953
0.2282368163
0.12257372529999999
0.09986253949
0.06122962276
0.009752218580000001
0.2581117374
0.00120502092
0.03821059354
0.2994517123
0.00368768129
0.16648293809999998
0.4534236425
0.09463310644
0.1379561653
0.00206848333
0.0205815161
0.04972186936
0.01065762508
0.0
0.061553671879999994
0.16291704880000002
0.300261235
0.0
0.0298264506
0.1615352866
0.0469769465
0.2385194864
0.03175272925
0.05335232264
0.00686813187
0.03637082327
0.1616938773
-0.00029541283000000004
0.1438343943
0.09345319296
0.00265315967
0.02145306228
0.01139383006
0.0
0.08692721628
0.09677444660000001
0.01713395639
0.05875060474
0.00373134328
0.1113066886
0.00949106934
0.12982016659999998
0.017857345309999998
0.09043507513
0.09638147801000001
0.00417246175
0.0047440129199999995
0.059024475269999994
0.00378376871
0.2050965935
0.2985123815
0.02081057842
0.22569589659999997
0.07030719799
0.0015520216
0.00056947608
0.197495118
-0.00137931034
0.042188526690000006
-0.00013094533999999998
0.0
0.2080873066
0.0023364486000000003
0.0
0.191081962
0.02151708104
0.00028402992
0.004143792029999999
0.038944888920000004
0.2023968411
0.1226400181
0.2718183989
0.2232721459
0.00496595335
0.11165582589999999
0.00757287474
0.1571226224
0.00053893452
0.022749702049999997
0.07861025804999999
0.043667289250000005
6.565949e-05
0.09976623933
0.14969985360000002
0.23662895930000002
0.00300758656
0.09922689274
0.3150952776
0.00084889643
0.04319773954
0.0008975535900000001
0.22623566669999998
0.3995810209
0.2190386727
0.1731288894
0.02123493054
0.09856358069
0.0079920784
0.08541265546
0.1391128656
0.0073974472599999995
-0.00019343596
0.00976592187
0.03563260269
0.00825221705
0.1584996803
0.1517494462
0.3307140414
0.2486157562
0.17597387990000002
0.061210312010000004
0.04853719257
0.018272555
0.07409718303
0.1867910286
0.04989125707
0.01734614863
0.22070290199999998
0.1093214743
0.02931392931
0.1110492377
0.09164637819999999
0.05696828603
0.29103706339999996
0.01795693669
0.2590230575
0.13895874490000001
0.00752573923
0.0
0.1154448105
0.0005050505100000001
0.045509934110000004
0.039309273459999995
0.00555555556
0.00368324125
0.2078908304
0.3069286135
-0.00185356812
0.0
0.1136470486
0.1581622316
0.247953343
0.1143038098
0.1349603885
0.04093963881
0.06317027549
0.012478579620000001
0.0
0.0
0.01655673872
0.1711292997
0.06136965635
0.02271602422
0.0
0.01533829526
0.011026266739999999
0.017967393
0.12642500610000001
0.013302844680000002
0.01171628521
0.01754385965
0.023364485980000002
0.2052832952
0.042309918079999995
0.014699749790000001
0.23916163050000003
0.1628007765
0.09693474704999999
0.1390856181
0.01809665584
0.1705014156
-0.00051440329
-0.0005952381
0.2887858222
0.020152714999999998
0.01527746944
0.20931855370000002
0.1482221237
0.005319148940000001
0.1297758679
0.01045296167
0.09918128097000001
0.00444555979
0.027365197490000003
0.0
0.08551556486
0.13861159069999998
0.09431874930999999
0.07374403932
0.0
0.023923939590000002
0.05158124483
0.06363459194
0.1742705098
0.1392581319
0.23095019220000002
0.32257893719999997
0.1019581875
0.00155954945
0.02332611916
0.03210262942
0.03780534949
0.2891301167
0.00025987526
0.049614974070000005
0.0
0.07419059127
0.07052834886
0.2535508895
-0.00183823529
0.17185596400000003
0.01362346681
0.02869547481
0.02887394398
0.08527416361000001
0.18423630800000002
0.2710884722
0.3618596814
0.02082717091
0.02558123556
0.01672804205
0.11077249460000001
0.0
0.00039682540000000004
0.24513222890000003
0.1055701086
0.00348668862
0.0859398932
0.1255973088
0.00492726006
0.22027574260000002
0.07677291669
0.1490297322
0.1943702407
0.10195138740000001
0.147320736
0.0037035360499999997
0.05327082705
0.2540631283
0.1336497928
0.11634256750000001
0.16699275090000001
0.00300136704
0.1384345517
0.02782439769
0.1146935161
0.24733554259999999
0.0
0.02736098809
0.055212707800000003
-0.00016661069
0.027599029339999998
0.1897973147
0.1236310637
0.1139043813
0.040651341
0.1568283335
0.03471053815
0.2389533931
0.13999235240000002
0.061022256190000006
0.0006883964400000001
0.2952168046
0.06351386584
0.16470729590000002
0.04151822454
0.20876077550000002
0.06503779492
0.1588513691
0.28731091259999997
0.0735943949
0.054908229569999994
0.0
0.12625026350000002
0.04671094183
0.00017034022
0.1202764601
0.00322779411
0.04498486025
-0.00170940171
0.0
0.0
0.3521888983
0.2891328906
0.2553738684
0.0
0.2227676377
0.04596695805999999
0.01221721688
0.2167411405
0.0
0.051064343340000005
0.00022624433999999998
0.15244706989999998
0.20294713439999998
0.21583698070000001
0.0
0.0071094023
0.08168034402
-0.00038124285
0.0
0.1236484416
0.06056187117
0.05742581971
0.07831309471
0.05385287882
0.1473228649
0.012948134
0.00443384988
0.03017199889
0.07495208144
0.1693292514
0.1537095148
0.1240691152
0.0024636065
0.02930547951
0.00148107037
0.09579077921
0.1938073448
0.00624198072
0.02111832491
0.07228508262
0.23067956599999997
0.04478462196
0.01474926254
0.2908510005
0.05778119099
0.06373099576999999
0.1708224917
0.00047080979
0.1296293447
0.12075787010000001
0.0
0.2288975589
0.2596667195
0.08411349675
0.16454624710000001
0.07034733606
0.00126097662
0.07631205993
0.20429139970000001
0.01230478777
0.1721917278
0.02555640339
0.2331046291
0.1023150499
0.1763282589
0.10572650310000001
0.000501002
0.2166628346
0.2246909707
0.10063841829999999
0.0981798552
0.16559784560000002
0.0038823448
0.0165310767
0.08870007495
-0.00124921924
0.1497148665
0.0726262243
0.03553105334
0.1678268208
0.1554017616
0.0033265879999999997
0.0
0.02234845544
0.1009788687
0.061504593950000006
0.011181751890000001
0.3121837576
-0.00049689441
0.1657077896
0.1364992981
0.0
0.16471864320000001
0.005178857919999999
-0.00107066381
0.00726416454
0.061243923230000004
0.07850664275
0.07864434032
0.01909635221
0.1280442799
0.1691441967
0.035252973820000005
0.06174517007
0.33519356870000006
0.1257512892
0.03712912351
0.02068965517
0.31485855
0.06053381459
0.0
0.02535656816
0.0
0.07252385561
0.01530518761
0.0063930593
0.2629197756
0.04703678731
0.1430680128
0.052198707940000005
0.1511434707
-8.696443999999999e-05
0.03859591336
0.02658949484
0.07349342386
0.33561496329999996
0.0
0.1857742558
0.1221867342
0.2040478058
0.0528309396
0.01018878049
0.023732956660000002
0.2920661344
0.00549450549
0.00029127841
0.1290786988
0.0
0.1465774353
0.24058576769999998
0.2527368281
-0.00020607451
0.09954583484
0.023786579
0.1746734247
0.00361236464
0.1686199435
0.03834669023
0.1667176517
0.0911817561
0.0735459366
0.0683773522
0.08681188639
-0.00013059836999999998
0.16048971559999997
0.025016524630000002
0.01385707913
0.04373002672
0.00104601362
0.03137701013
0.02167705722
0.02003478638
0.16793788939999998
0.18045288639999998
0.0057474045
0.08734774511
0.2160632653
0.0
0.3209274111
0.0792610909
0.00463175216
0.01812382347
0.03599001567
0.2599103868
0.04091196875
0.06008024386
0.0053352645700000005
0.13803724380000001
0.02649275641
0.00274314214
0.00055096419
0.00833072338
0.23890127490000002
0.168954981
0.23898323130000002
0.041672862740000004
0.026321720979999998
0.00505129214
0.042527764130000006
0.06241382893
0.24895179550000002
0.09479498829
0.1053518256
0.0036427648
0.051751242419999996
0.1669257153
0.1286250372
0.1403570667
0.00864553314
0.00012285011999999999
0.031410314540000005
0.02185179823
0.3346907096
0.1018522477
0.2720999123
0.02350432861
0.03110781913
0.1055800128
0.01601274368
0.00410958904
0.00737463127
0.13349349289999998
0.0518276574
0.00380891576
0.07689871434
0.22556920609999997
0.15182514919999998
0.01238518944
0.2292542662
0.038433357859999996
0.20501712900000002
-0.00053763441
0.2760888469
0.00114766641
0.0
0.20999075730000002
0.00605115979
0.2476323257
0.006775312570000001
0.06358396855
0.0562439136
0.00191651569
0.01379037444
0.00242718447
0.1927884257
0.2668682477
0.02490588245
0.09666832886
0.1861717872
0.06418314168
0.0
0.02933923474
0.1162500623
0.1361746586
0.1983035165
0.09445242151000001
0.2008129247
0.024075410920000002
0.1730907002
0.13712997570000002
0.0
0.03736612451
0.07733731194
0.0
0.22642571230000003
0.00321012388
0.0122601572
0.23225238350000002
0.2741731898
0.0
0.23371431510000001
0.1417237451
0.08033264092999999
0.08049297027999999
0.05616112262
0.00904085696
0.11027615909999999
0.1596573141
0.08948204142999999
0.0621136005
0.02978563362
0.2136823174
0.1243603911
0.08620385976
0.00201537516
0.00435729847
0.02768832642
0.3416147536
0.05647276443
0.11874242110000001
-0.00013669083
-0.00082850041
0.2115877086
0.23543339530000001
0.031740499309999996
0.111460717
0.2787012594
0.00165888221
0.09260961901
0.046798095240000004
0.1948119475
0.23129861229999998
0.1461900431
0.0
0.1020763304
0.03895282595
0.10172808659999999
0.01882672324
0.24544692680000002
0.08828716384
0.00390859892
0.0
0.01678027146
0.0
0.06627864134
0.2830743673
0.01305853196
0.04729263129
0.00607392065
0.09994017082
0.06500425880999999
0.0
0.0137016699
0.00240847784
0.2495480154
0.022302450610000003
0.011477488899999999
0.10992600879999999
0.2181891525
0.00082258626
0.0073061609500000005
0.004996392499999999
0.09894795726
0.00177683014
0.0881024471
0.03792557238
0.07252253648
0.039537225679999996
0.07294080127
0.00802800698
0.1061570415
-0.00099108028
0.163700425
0.2407636086
0.00023551578
0.00125245769
0.176569629
0.0
0.1508888846
0.00114392485
0.10578567960000002
0.01587551802
0.04400105008
0.1932465875
0.1225059017
0.07375041572
0.05192859143
0.13633108289999998
0.022134968810000002
0.09128652058
0.02663186288
0.20424282330000001
0.08554030840999999
0.0085283263
0.04439108741
0.15226269609999998
0.2445483827
0.198819184
0.047898992290000005
0.2039866115
0.1651934021
0.00705911503
0.00038751134
0.06883012261
0.08869515357999999
0.0
0.0
0.3157442666
0.0030697307000000004
0.01937984496
0.1624632478
0.02792710882
0.1623116182
0.01453007492
0.1395408188
0.07520788353
0.26840226349999996
0.1519211201
0.1732316807
0.006329113920000001
0.00715065077
0.31871297179999997
0.014956836849999999
0.1179482227
0.11947321600000001
0.03762218964
0.127224842
0.07017645571
0.11044630829999999
0.1080222341
-0.00146412884
0.13529410349999998
0.01865251931
0.26463828240000004
0.00431499461
0.020471363729999997
0.1270025696
0.0060712546
0.1130558619
0.1642048031
0.02010089948
0.1034400511
0.2767074711
0.00113378685
0.241133022
0.09898096004
0.02108121333
0.37940478140000006
0.0566128216
0.08837111062
0.12144531909999999
0.02569503083
0.04827201505
0.1534274659
0.037052072219999996
0.01950478102
0.00836976643
0.021334996880000002
0.05651616904
0.00101175148
0.00065741283
0.1021273996
-0.00011069248
0.2326310003
0.00621883522
0.033965026179999996
0.01858646285
0.1492649971
0.2177429687
0.012982270110000001
0.007464113999999999
0.1600000803
0.006636060230000001
0.011777161380000001
0.2135264682
0.23195311759999998
0.01654730589
0.25569306189999996
0.00041771094
0.10170503419999999
0.01853209929
0.09567631711
0.18347782259999998
0.0
0.00532370181
-0.00033658700999999997
0.011406844110000001
0.08175256385000002
0.0009519307500000001
0.1407658219
0.02669682586
0.07765232731
0.00303363316
0.051142857140000005
0.00249287749
0.0022190011400000003
0.05522766571
0.1523386128
0.024305293739999997
0.060499412499999995
0.01053706085
0.1635677045
0.2113589829
0.01873589619
0.04921284891
0.03015199167
0.2996659094
0.00031725888
0.2302834128
0.05953323645
0.1438385238
0.00319908311
0.1839346774
0.2230608552
0.03496691272
0.07979638729
0.03222361617
0.08658352955
0.1004319834
0.048062832369999996
0.10040728830000001
0.04291034147
0.025929384280000002
0.00298901865
0.1497584747
0.00961218876
0.08076328765
0.00276461295
0.1782896002
0.1149527219
0.06585759951
0.23343817390000002
0.2526247699
0.00703574579
0.1775351563
0.15129838140000001
0.2011618967
0.02111938704
0.00353774851
0.008038075740000001
0.11150826650000001
0.06562962963
0.2371979438
0.230983102
0.1510629902
0.2372258875
0.06481311812
0.00052301255
0.412671871
0.1086735512
0.1334156404
0.00858708189
0.14160344419999998
0.03041898759
0.1300320683
0.08394626337
0.0006192431
0.191897017
0.1440252265
0.2960372838
0.1368947006
0.024711469460000003
0.05211599396
0.07925287931
0.00248756219
0.1877369447
0.142391808
0.1868313328
0.09044088635
0.0522859682
0.0822641233
0.30358313249999996
0.01895944234
0.1189719717
0.11318724819999999
0.07837223898000001
0.07976300733000001
0.1628927126
0.07653568046
0.00344570136
0.02899966033
0.2209858524
0.10229008779999998
0.017068019
0.14184164230000001
0.007104795739999999
0.01013887454
0.059822653719999994
0.006916215
0.04874291745
0.17251822719999999
0.01877792763
0.2420213133
0.02590636167
0.1542328498
0.02974848391
0.00312389523
0.0005688751
-2.922249e-05
0.03374797869
0.07838734397
0.16592482579999998
0.16893871310000003
0.00188860865
0.010924369750000001
0.07578966280999999
0.0952754753
0.00120481928
0.30279129099999996
0.1629339689
0.0
0.06370767896
0.05856346827
0.09595259957999999
0.032515419680000004
0.137543054
-0.00169779287
0.2301892797
0.04863454693
0.09461353623999999
0.01348817388
0.04773982349
0.02511038996
0.12323274290000001
0.07671409796
0.01376146401
0.00046511628
0.01010581417
0.00030637255
0.2091564974
0.1690571422
0.1319096713
0.00299115996
0.0070671378100000005
0.0005186722
0.19641451270000002
0.1571378139
0.00980336796
0.1853604507
0.1114267364
0.21667408089999998
0.05262502755
0.1448689198
0.1979967745
0.2390897324
0.011677168410000001
0.04867778506
0.2473903138
0.0
0.273867856
0.03185080901
0.223442718
0.01997231942
0.0043357165399999995
0.1176262105
0.05735347037999999
0.07091558558
0.2836151828
0.1482427532
0.1569251925
0.10726521659999999
0.02704800755
0.1077255277
-0.00227790433
0.08319042331
0.2625860601
0.12249312039999999
0.101394398
0.00462962963
0.35678678490000004
0.2249314502
0.1493451456
0.019577116699999998
0.1271700862
0.0008549119800000001
0.06964634412
0.06714172771
0.1050189658
0.05949027498000001
0.07032954445
0.10046609050000001
0.007509539440000001
0.02250010766
0.012687926519999998
0.24237072699999998
0.03110215475
0.06651218585
0.1010314561
0.09032768499999999
0.2564460762
0.1086420391
0.0237773922
0.02848877899
0.00171933763
0.2270786546
0.02892947845
0.159320237
0.00041118421
0.07208652404
0.06007627979999999
0.02189781022
0.00311965812
0.1731901215
0.01861045204
0.051181102359999994
0.1073950962
0.10801878079999999
0.03174879813
0.1474457814
0.09536741563
0.2118346445
0.00179856115
0.00024342745999999998
0.1852541475
-0.0008244023100000001
0.0
0.21803510459999997
0.0035714285699999996
0.30479347
0.3298117576
0.2031595457
0.1051063983
0.1882454528
0.27345162689999997
0.014237901859999999
0.07572789407
0.05365885947
0.014296600230000001
0.00085694566
0.005726894809999999
0.020295639560000002
0.05947880522
0.0054723622500000004
0.1339763887
0.18990341319999998
0.011283424680000001
-0.0009711888500000001
0.23270945229999998
0.0004053417
0.07700430268
0.1428300419
0.029306453399999998
0.05461135999
0.09100780765
0.11119985310000001
0.00457059917
0.00070422535
0.1919779334
0.03390318547
0.00209689358
0.01479308473
0.11232505740000001
0.01243093923
0.00599966063
0.1635482511
0.2935893129
0.1087367611
0.00909351446
0.2620751054
0.1844953392
0.24812308689999998
0.11058892390000001
0.1810635732
0.0
0.00084745763
0.1510487369
0.2005179626
0.00145772595
0.05517085074
0.06319517803000001
0.00223529946
0.06146032632
0.07062753167000001
0.01867233265
0.09406090129000001
0.1657549492
0.1438534862
0.01227836034
0.2915748296
0.08816170145999999
0.00034891835000000005
0.1951600744
0.21693555150000002
0.1753683294
0.0
0.20493885769999998
4.404333e-05
0.0021643976300000003
0.22122612149999998
0.29604414290000003
0.02455417448
0.00169630848
0.010791514609999999
0.09266228475
0.1413529839
-0.00053530427
0.21295719770000002
0.01177855147
0.00966856253
0.0
0.02127272847
0.1736609132
0.1934409867
0.03927074246
0.1631606757
0.1285006899
0.2655907769
0.17655065390000002
0.05731696894
0.05015816183
0.019658200509999998
0.013778127
0.1290544144
0.08163111305
0.17344765720000002
0.0854400137
0.3252605424
0.18010786620000002
0.06662237508999999
0.1646297432
0.00466140336
0.05206783261
0.17991485059999998
0.08233463644
0.1743051943
0.00577497116
0.27092062380000004
0.011036749379999999
0.00134274698
0.026995630679999997
0.0199287189
0.00530968666
0.0046484067
0.1472644092
0.02730164153
0.0548810028
0.07698040092
0.3969229687
0.289717572
-0.00028706877
0.08596459232
0.1974989783
0.01190492694
0.1248456649
0.12020344270000001
0.0150429894
0.036841814120000003
0.2888800891
0.1383652551
0.08183639725000001
0.01149746834
0.1028761281
0.06032854864
0.04378942027
0.07318387619
0.09646585599
0.0039441747599999995
0.008175397650000001
0.09547847701
-0.0008298755200000001
0.00083056478
0.21636545689999997
0.2781942434
0.1641271205
0.02469703066
0.12034941240000001
0.1824009681
0.0015448230099999998
0.054681653819999995
0.03776389152
0.00696594121
0.009081037870000001
0.013525838189999998
0.015852332650000002
0.1174534587
0.0
0.3208681842
0.08741878814
0.02601194899
0.1541560247
0.19846723659999999
0.3055364128
0.0
0.01395533454
0.27018053940000003
0.04387728513
0.2704265374
0.14204168620000002
0.11109508740000001
0.01834378986
0.14230038779999998
0.1409866896
0.07848754792
0.1924936315
0.06446949969
0.027697820970000002
0.02480496124
0.07719125449
0.00123228589
0.1962256734
0.01060606061
0.00172294912
0.2269921078
0.14858043099999999
0.07351059172
0.00886735044
0.1192585677
0.0035140968
0.011271470640000001
0.02082616179
0.056921858609999994
0.1174750924
0.155839248
0.19509414369999997
0.04450527228
0.1046046291
0.2304755441
0.0945855177
0.1629362803
0.2754988556
0.00018552097999999999
0.08968124759
0.00031407035
0.09736593622999999
0.03653293171
0.08341491338000001
0.0069124424
0.00476447026
0.1194768672
0.11201560969999999
0.1000311804
0.04873744856
0.00898028607
0.1198721942
0.01975035968
0.1151768987
0.00825518771
0.18941139459999998
0.3412995071
0.0826208703
0.05107155904
0.05652750732
0.10968294179999999
0.09351377572000001
0.041179123750000005
0.08519170013
0.049101690610000005
0.22317208
0.1477019901
0.010340362629999999
0.09463983902
0.00312348256
0.504231425
0.09576996995
0.10634656590000001
0.0032679738600000004
0.1478016519
0.1650184877
0.01403580997
0.1422161808
0.09992294508
0.234919042
0.07767693778
0.1492587115
