0.3818429708480835
0.26181313395500183
0.16114449501037598
0.3818429708480835
0.21014565229415894
0.1877337098121643
0.172346293926239
0.22519564628601074
0.3818429708480835
0.1855156421661377
0.1536770612001419
0.1720346361398697
0.39630749821662903
0.4006063938140869
0.33113130927085876
0.33113130927085876
0.3818429708480835
0.1274905949831009
0.17945308983325958
0.14556071162223816
0.3818429708480835
0.19122059643268585
0.1667361557483673
0.28548580408096313
0.2941880226135254
0.3818429708480835
0.19173479080200195
0.6045215129852295
0.39117491245269775
0.39814576506614685
0.21824906766414642
0.40355318784713745
0.3447395861148834
0.31527239084243774
0.20428261160850525
0.2903338670730591
0.33113130927085876
0.1505371332168579
0.33113130927085876
0.3818429708480835
0.35402268171310425
0.24526315927505493
0.15195578336715698
0.3818429708480835
0.3818429708480835
0.18290071189403534
0.2032596617937088
0.27865803241729736
0.23458388447761536
0.13324284553527832
0.13324284553527832
0.4012528657913208
0.1799858808517456
0.2072940319776535
0.21694155037403107
0.31255796551704407
0.20503473281860352
0.273517906665802
0.19423449039459229
0.3691585063934326
0.21533046662807465
0.3818429708480835
0.26334846019744873
0.1772543489933014
0.3818429708480835
0.2085103541612625
0.3818429708480835
0.20033012330532074
0.13617229461669922
0.15906615555286407
0.1758245825767517
0.3550397753715515
0.25958889722824097
0.19440516829490662
0.2590545117855072
0.18867287039756775
0.3818429708480835
0.13252660632133484
0.33113130927085876
0.2956177890300751
0.19329239428043365
0.15276262164115906
0.27558329701423645
0.3818429708480835
0.34789609909057617
0.3818429708480835
0.15591827034950256
0.387789249420166
0.312825471162796
0.41411060094833374
0.3818429708480835
0.22227059304714203
0.17454831302165985
0.23780131340026855
0.16720852255821228
0.24599461257457733
0.3818429708480835
0.1330210268497467
0.1880742609500885
0.2146953046321869
0.25787392258644104
0.41644152998924255
0.225416362285614
0.3818429708480835
0.2725588083267212
0.1822090744972229
0.2934717833995819
0.33113130927085876
0.184165358543396
0.2729770541191101
0.09591925144195557
0.3818429708480835
0.13324284553527832
0.0606505423784256
0.19303426146507263
0.2814820408821106
0.18096508085727692
0.21432840824127197
0.1468271017074585
0.40335267782211304
0.28033339977264404
0.2379438579082489
0.33113130927085876
0.2129126638174057
0.1504606008529663
0.1887529045343399
0.21796809136867523
0.1714901328086853
0.18068191409111023
0.31983911991119385
0.23120084404945374
0.17587873339653015
0.22610747814178467
0.17978140711784363
0.18066053092479706
0.3818429708480835
0.3818429708480835
0.17289888858795166
0.14419469237327576
0.1957186460494995
0.2165137082338333
0.23733606934547424
0.4012528657913208
0.3207719326019287
0.3818429708480835
0.31983911991119385
0.3818429708480835
0.19342605769634247
0.33113130927085876
0.33113130927085876
0.3742464780807495
0.22548808157444
0.14414215087890625
0.3512842655181885
0.33113130927085876
0.3818429708480835
0.3542040288448334
0.19941730797290802
0.17437908053398132
0.28247275948524475
0.24008925259113312
0.3818429708480835
0.2471388429403305
0.17273370921611786
0.16910392045974731
0.18744368851184845
0.3818429708480835
0.2870195209980011
0.3818429708480835
0.24712501466274261
0.33093810081481934
0.14102816581726074
0.3181590139865875
0.14888282120227814
0.14414215087890625
0.13663452863693237
0.23435388505458832
0.2074809968471527
0.19925671815872192
0.331254780292511
0.1839665025472641
0.19121140241622925
0.3818429708480835
0.20517507195472717
0.14971479773521423
0.33113130927085876
0.4012528657913208
0.19760528206825256
0.16437029838562012
0.19191837310791016
0.3818429708480835
0.18318624794483185
0.31983911991119385
0.2731512486934662
0.4174768030643463
0.12462612986564636
0.4243065416812897
0.3818429708480835
0.16732020676136017
0.18986698985099792
0.23762932419776917
0.31983911991119385
0.2749580442905426
0.3818429708480835
0.3075442314147949
0.23780131340026855
0.3818429708480835
0.3818429708480835
0.4168283939361572
0.28230592608451843
0.2699008285999298
0.1455545425415039
0.31983911991119385
0.18740400671958923
0.403957337141037
0.15907883644104004
0.34586575627326965
0.4738795757293701
0.2920929789543152
0.3818429708480835
0.18092285096645355
0.4012528657913208
0.2080569714307785
0.20513558387756348
0.16212856769561768
0.16645672917366028
0.15020111203193665
0.3723495900630951
0.3818429708480835
0.16797275841236115
0.39814576506614685
0.1497492790222168
0.19177736341953278
0.23545721173286438
0.16197830438613892
0.3818429708480835
0.17996279895305634
0.33113130927085876
0.14624303579330444
0.21340976655483246
0.2236073762178421
0.3818429708480835
0.15523871779441833
0.3758186399936676
0.2086564004421234
0.2435518503189087
0.17413008213043213
0.29939985275268555
0.3128344714641571
0.19621886312961578
0.20260900259017944
0.1684437245130539
0.3818429708480835
0.23570598661899567
0.3818429708480835
0.13890546560287476
0.3818429708480835
0.16390538215637207
0.31983911991119385
0.18118157982826233
0.1450890302658081
0.23700371384620667
0.3903760015964508
0.23882725834846497
0.08204801380634308
0.1401379555463791
0.255324125289917
0.25553953647613525
0.3818429708480835
0.23217347264289856
0.13556405901908875
0.33113130927085876
0.3181590139865875
0.11946819722652435
0.3818429708480835
0.1776580810546875
0.2099936455488205
0.23285220563411713
0.15319620072841644
0.3818429708480835
0.3691585063934326
0.35402268171310425
0.39832812547683716
0.3818429708480835
0.253174364566803
0.26579761505126953
0.19004231691360474
0.33113130927085876
0.3818429708480835
0.28412190079689026
0.2692849338054657
0.23780131340026855
0.35402268171310425
0.2073318064212799
0.3818429708480835
0.4012528657913208
0.2992272973060608
0.21312254667282104
0.3600425124168396
0.17273686826229095
0.1921335756778717
0.19288092851638794
0.21239131689071655
0.1394345611333847
0.18980517983436584
0.19802099466323853
0.3396793007850647
0.1985446810722351
0.33113130927085876
0.40361616015434265
0.20254787802696228
0.17873264849185944
0.3818429708480835
0.4012528657913208
0.2426692694425583
0.11198092997074127
0.2326856404542923
0.2765679657459259
0.2301228940486908
0.17234744131565094
0.2543953061103821
0.15351493656635284
0.20918837189674377
0.18800953030586243
0.26765626668930054
0.13345414400100708
0.32856714725494385
0.39814576506614685
0.24550381302833557
0.12088698148727417
0.31983911991119385
0.11024037003517151
0.33113130927085876
0.2953108251094818
0.3418843150138855
0.21757358312606812
0.18638485670089722
0.174965500831604
0.18185344338417053
0.12178926169872284
0.15444636344909668
0.4012528657913208
0.3818429708480835
0.21138080954551697
0.30617690086364746
0.1329616904258728
0.26861196756362915
0.334606796503067
0.36515098810195923
0.33113130927085876
0.33113130927085876
0.23961083590984344
0.2529679536819458
0.11024037003517151
0.2965462803840637
0.2718780040740967
0.3818429708480835
0.45131516456604004
0.21944618225097656
0.3818429708480835
0.18429876863956451
0.25519391894340515
0.15539519488811493
0.23159447312355042
0.3818429708480835
0.18816974759101868
0.20383194088935852
0.17530976235866547
0.39588525891304016
0.2232149839401245
0.3818429708480835
0.2570311427116394
0.4012528657913208
0.23785728216171265
0.13163287937641144
0.33113130927085876
0.3636632561683655
0.206481471657753
0.19655951857566833
0.19941730797290802
0.15968774259090424
0.20788602530956268
0.34789609909057617
0.3818429708480835
0.3818429708480835
0.1493227779865265
0.19029870629310608
0.20500922203063965
0.18464331328868866
0.18013650178909302
0.365922749042511
0.20475584268569946
0.16660013794898987
0.40228521823883057
0.18622790277004242
0.18240630626678467
0.32148757576942444
0.14481735229492188
0.18576882779598236
0.2411171942949295
0.15105298161506653
0.31983911991119385
0.31983911991119385
0.13446125388145447
0.17385172843933105
0.33113130927085876
0.3818429708480835
0.3947632610797882
0.14484718441963196
0.19026225805282593
0.3818429708480835
0.3818429708480835
0.14183995127677917
0.2657583951950073
0.24568653106689453
0.3818429708480835
0.19670268893241882
0.21062920987606049
0.2742348909378052
0.33113130927085876
0.3324240744113922
0.21625161170959473
0.19799374043941498
0.2383527308702469
0.3818429708480835
0.4124298095703125
0.4012528657913208
0.2422913908958435
0.1892392784357071
0.14507733285427094
0.1722550243139267
0.33113130927085876
0.374880850315094
0.22231480479240417
0.3228294849395752
0.21058979630470276
0.23780131340026855
0.15363527834415436
0.3818429708480835
0.10722166299819946
0.374880850315094
0.1799607276916504
0.17341119050979614
0.3070463538169861
0.2084444910287857
0.2247765064239502
0.15762686729431152
0.24668826162815094
0.3818429708480835
0.12473276257514954
0.3181590139865875
0.26056617498397827
0.3041268587112427
0.20278143882751465
0.3818429708480835
0.23780131340026855
0.13107439875602722
0.3818429708480835
0.12911637127399445
0.2198469340801239
0.3818429708480835
0.3818429708480835
0.25028935074806213
0.16477762162685394
0.13324284553527832
0.4012528657913208
0.15178096294403076
0.2270859181880951
0.2616695165634155
0.12648260593414307
0.19002202153205872
0.16197390854358673
0.283305287361145
0.3818429708480835
0.2931729555130005
0.12716586887836456
0.3818429708480835
0.23739230632781982
0.39758676290512085
0.1655435413122177
0.4012528657913208
0.331254780292511
0.33113130927085876
0.209843248128891
0.17871709167957306
0.2751859128475189
0.12423816323280334
0.14416110515594482
0.23780131340026855
0.3980976343154907
0.22103264927864075
0.4012528657913208
0.19561432301998138
0.3661317229270935
0.3494661748409271
0.4012528657913208
0.12244424223899841
0.24258527159690857
0.3818429708480835
0.17233963310718536
0.2285005748271942
0.5516064167022705
0.18448688089847565
0.2769737243652344
0.20925652980804443
0.1569730043411255
0.20638157427310944
0.183485209941864
0.19492429494857788
0.19671513140201569
0.2483905702829361
0.23780131340026855
0.3818429708480835
0.33113130927085876
0.12381763756275177
0.4124298095703125
0.19730162620544434
0.33113130927085876
0.31983911991119385
0.14982005953788757
0.22471515834331512
0.3818429708480835
0.24216815829277039
0.31983911991119385
0.3181590139865875
0.3818429708480835
0.20033535361289978
0.3818429708480835
0.15696831047534943
0.3818429708480835
0.2431860864162445
0.21828998625278473
0.15526187419891357
0.22011752426624298
0.13246354460716248
0.3151068091392517
0.3071940243244171
0.33113130927085876
0.193474680185318
0.2277449667453766
0.18716995418071747
0.19339856505393982
0.4012528657913208
0.22808502614498138
0.3818429708480835
0.12337890267372131
0.1080511212348938
0.33113130927085876
0.3818429708480835
0.1774996817111969
0.1330210268497467
0.1356806606054306
0.3341226577758789
0.3818429708480835
0.3818429708480835
0.3818429708480835
0.3818429708480835
0.14528506994247437
0.3181590139865875
0.3896515965461731
0.16846011579036713
0.3818429708480835
0.20651377737522125
0.17229674756526947
0.23167675733566284
0.3181590139865875
0.19941730797290802
0.3638535737991333
0.36401498317718506
0.13355469703674316
0.27500760555267334
0.31983911991119385
0.1823786199092865
0.3418843150138855
0.18047630786895752
0.4012528657913208
0.16159650683403015
0.33113130927085876
0.19707787036895752
0.31983911991119385
0.1810077577829361
0.233322873711586
0.38725072145462036
0.3181590139865875
0.31983911991119385
0.2414948046207428
0.12244424223899841
0.15948238968849182
0.3818429708480835
0.2273871749639511
0.17382235825061798
0.31983911991119385
0.1895548701286316
0.14713573455810547
0.3454268276691437
0.3818429708480835
0.5556238293647766
0.2708085775375366
0.17022117972373962
0.23892433941364288
0.33113130927085876
0.1522417515516281
0.1608269065618515
0.13228179514408112
0.12451443076133728
0.31983911991119385
0.2161291539669037
0.16418607532978058
0.26484215259552
0.20103496313095093
0.14391392469406128
0.3818429708480835
0.18722042441368103
0.20378908514976501
0.3818429708480835
0.20912539958953857
0.3818429708480835
0.21075645089149475
0.19656598567962646
0.1505972445011139
0.18617630004882812
0.14853624999523163
0.31983911991119385
0.22766785323619843
0.33113130927085876
0.24546152353286743
0.3818429708480835
0.18906152248382568
0.4012528657913208
0.1243559867143631
0.16429272294044495
0.20099885761737823
0.21586164832115173
0.3818429708480835
0.374880850315094
0.33113130927085876
0.10378655791282654
0.19545964896678925
0.15420788526535034
0.1869482398033142
0.34667474031448364
0.12879028916358948
0.3818429708480835
0.17790111899375916
0.3818429708480835
0.11340688169002533
0.1535492092370987
0.3818429708480835
0.11115136742591858
0.2920929789543152
0.3818429708480835
0.2565540075302124
0.19632698595523834
0.2025086134672165
0.3818429708480835
0.33113130927085876
0.2544611692428589
0.2004009187221527
0.1947861611843109
0.24628803133964539
0.2425605058670044
0.29146039485931396
0.33113130927085876
0.18264847993850708
0.1603941023349762
0.3113406300544739
0.2401237040758133
0.16908320784568787
0.31983911991119385
0.39814576506614685
0.32286733388900757
0.1607302725315094
0.3818429708480835
0.19233624637126923
0.39814576506614685
0.1839156150817871
0.1974857747554779
0.33113130927085876
0.1740626096725464
0.3818429708480835
0.3818429708480835
0.19037047028541565
0.3818429708480835
0.2885981798171997
0.1985800713300705
0.29976531863212585
0.15459434688091278
0.31983911991119385
0.1405223160982132
0.15891531109809875
0.16905030608177185
0.14048631489276886
0.3818429708480835
0.18253564834594727
0.3219454288482666
0.21597862243652344
0.20159375667572021
0.33113130927085876
0.16388007998466492
0.151010662317276
0.28942447900772095
0.33113130927085876
0.1401626169681549
0.205036461353302
0.2316204011440277
0.20620888471603394
0.3800355792045593
0.23780131340026855
0.23239871859550476
0.09924043715000153
0.39758676290512085
0.33113130927085876
0.31983911991119385
0.39814576506614685
0.16295380890369415
0.19627225399017334
0.3818429708480835
0.22288641333580017
0.35612642765045166
0.4026358723640442
0.33113130927085876
0.23778416216373444
0.43608081340789795
0.3818429708480835
0.2284291535615921
0.1069069355726242
0.3219454288482666
0.11024037003517151
0.18510010838508606
0.26486736536026
0.18153227865695953
0.2966430187225342
0.21634262800216675
0.16360707581043243
0.17804184556007385
0.34789609909057617
0.3818429708480835
0.21081092953681946
0.39204081892967224
0.23780131340026855
0.16660729050636292
0.15276262164115906
0.33113130927085876
0.31983911991119385
0.1548638492822647
0.17446215450763702
0.22094546258449554
0.1496366262435913
0.19615235924720764
0.22521235048770905
0.1344519406557083
0.31983911991119385
0.31983911991119385
0.19448325037956238
0.3818429708480835
0.2634376883506775
0.16451138257980347
0.31983911991119385
0.4012528657913208
0.3371453285217285
0.2480151504278183
0.39814576506614685
0.21240240335464478
0.27254772186279297
0.18015003204345703
0.3454268276691437
0.22384876012802124
0.3818429708480835
0.33113130927085876
0.22011713683605194
0.17381349205970764
0.2172691524028778
0.17674699425697327
0.19611698389053345
0.07848796248435974
0.33113130927085876
0.32161179184913635
0.22816863656044006
0.15114715695381165
0.38858598470687866
0.16102512180805206
0.33113130927085876
0.3395780026912689
0.3818429708480835
0.2140786200761795
0.20370973646640778
0.16055308282375336
0.21277543902397156
0.3818429708480835
0.17631348967552185
0.20377178490161896
0.19940990209579468
0.33113130927085876
0.21161258220672607
0.1952989399433136
0.24340441823005676
0.23780131340026855
0.23316842317581177
0.206481471657753
0.23357316851615906
0.19850514829158783
0.24618378281593323
0.16698803007602692
0.19541269540786743
0.13565881550312042
0.19136738777160645
0.22235539555549622
0.33135586977005005
0.21984705328941345
0.4039188027381897
0.2689547538757324
0.10189101099967957
0.1218506395816803
0.22123850882053375
0.27690571546554565
0.14590585231781006
0.25975501537323
0.39814576506614685
0.39814576506614685
0.32622992992401123
0.3818429708480835
0.14654099941253662
0.1386406272649765
0.20474854111671448
0.2145436853170395
0.14572006464004517
0.33113130927085876
0.3818429708480835
0.1942189633846283
0.17439453303813934
0.3181590139865875
0.1804891675710678
0.22066476941108704
0.3818429708480835
0.31983911991119385
0.1888377070426941
0.4012528657913208
0.10903473198413849
0.11493122577667236
0.15327656269073486
0.30581116676330566
0.31968337297439575
0.3818429708480835
0.12473276257514954
0.29033467173576355
0.17201882600784302
0.3181590139865875
0.5483450889587402
0.33920228481292725
0.31983911991119385
0.22454653680324554
0.21593055129051208
0.3397349417209625
0.3818429708480835
0.2653127610683441
0.4012528657913208
0.20058289170265198
0.3181590139865875
0.35402268171310425
0.3818429708480835
0.14112435281276703
0.18787047266960144
0.3818429708480835
0.17656046152114868
0.3818429708480835
0.33113130927085876
0.3818429708480835
0.24118821322917938
0.1901845782995224
0.23549868166446686
0.3710983395576477
0.3181590139865875
0.3818429708480835
0.11991927027702332
0.3818429708480835
0.3818429708480835
0.1914934366941452
0.40597498416900635
0.2759250998497009
0.18364587426185608
0.33113130927085876
0.1900400072336197
0.11778031289577484
0.3818429708480835
0.34182843565940857
0.25537699460983276
0.1581897884607315
0.2256850153207779
0.2979198694229126
0.19941730797290802
0.2549934387207031
0.23578622937202454
0.48523473739624023
0.3818429708480835
0.3181590139865875
0.4012528657913208
0.17090225219726562
0.25814536213874817
0.17571033537387848
0.3818429708480835
0.38725072145462036
0.14912265539169312
0.18829500675201416
0.3818429708480835
0.33113130927085876
0.3818429708480835
0.1684429794549942
0.0597851425409317
0.2607647478580475
0.32622992992401123
0.19157981872558594
0.08926369249820709
0.19308888912200928
0.3818429708480835
0.20561814308166504
0.2387736439704895
0.22810181975364685
0.22734063863754272
0.2749602794647217
0.33113130927085876
0.23780131340026855
0.3818429708480835
0.33113130927085876
0.33113130927085876
0.19898481667041779
0.143608957529068
0.1580716371536255
0.28669506311416626
0.20580369234085083
0.19087132811546326
0.24249295890331268
0.20597226917743683
0.2164597511291504
0.31983911991119385
0.15303444862365723
0.19021543860435486
0.2514824867248535
0.21701520681381226
0.19359995424747467
0.3818429708480835
0.1149599552154541
0.3818429708480835
0.4012528657913208
0.24054992198944092
0.09183651208877563
0.2984233498573303
0.20020444691181183
0.21252240240573883
0.4012528657913208
0.3818429708480835
0.1993546187877655
0.3818429708480835
0.3428550958633423
0.25179895758628845
0.31983911991119385
0.4012528657913208
0.3135279417037964
0.18368002772331238
0.15327200293540955
0.36136847734451294
0.1532793492078781
0.27110838890075684
0.18515948951244354
0.19246909022331238
0.18050122261047363
0.14864131808280945
0.3045240640640259
0.20847763121128082
0.20482127368450165
0.26291221380233765
0.33113130927085876
0.33113130927085876
0.36405253410339355
0.33113130927085876
0.33113130927085876
0.18618455529212952
0.2184372842311859
0.3818429708480835
0.33113130927085876
0.282244473695755
0.38876351714134216
0.3818429708480835
0.32357895374298096
0.2322232574224472
0.3818429708480835
0.19046111404895782
0.22096815705299377
0.20090976357460022
0.14761729538440704
0.1986910104751587
0.33113130927085876
0.3200090229511261
0.33113130927085876
0.12466838955879211
0.22883188724517822
0.31983911991119385
0.3818429708480835
0.3818429708480835
0.13324284553527832
0.31983911991119385
0.1497749388217926
0.2575269341468811
0.20485460758209229
0.3818429708480835
0.2570311427116394
0.31078681349754333
0.3818429708480835
0.21224498748779297
0.19894106686115265
0.3181590139865875
0.1642809361219406
0.3600231409072876
0.23212400078773499
0.135970801115036
0.2567985951900482
0.1709907352924347
0.3818429708480835
0.16818542778491974
0.40153664350509644
0.3818429708480835
0.19306069612503052
0.17290115356445312
0.16555532813072205
0.3356900215148926
0.19875197112560272
0.4012528657913208
0.20030254125595093
0.42336851358413696
0.36405253410339355
0.38845205307006836
0.3818429708480835
0.3818429708480835
0.39814576506614685
0.17445853352546692
0.21065783500671387
0.18072213232517242
0.31983911991119385
0.1719558984041214
0.2288021445274353
0.3818429708480835
0.12607112526893616
0.19983965158462524
0.09602706134319305
0.22871033847332
0.249507874250412
0.2594629228115082
0.18566197156906128
0.152366042137146
0.3818429708480835
0.16059759259223938
0.3818429708480835
0.1862504631280899
0.33329707384109497
0.19471222162246704
0.29438894987106323
0.22343721985816956
0.1699429452419281
0.20058733224868774
0.39814576506614685
0.2532868981361389
0.21784111857414246
0.3818429708480835
0.26181313395500183
0.38937368988990784
0.1522638201713562
0.28479915857315063
0.1966703236103058
0.17958217859268188
0.284635066986084
0.33113130927085876
0.33113130927085876
0.19689711928367615
0.13511182367801666
0.161867156624794
0.1691514253616333
0.16051603853702545
0.23113003373146057
0.4012528657913208
0.21455076336860657
0.3818429708480835
0.13806253671646118
0.11886611580848694
0.14619353413581848
0.24138323962688446
0.1178131103515625
0.23798006772994995
0.16345983743667603
0.221788689494133
0.1575276255607605
0.18217772245407104
0.3818429708480835
0.24148961901664734
0.15319731831550598
0.3181590139865875
0.3818429708480835
0.3454268276691437
0.16622018814086914
0.1896243393421173
0.31983911991119385
0.3945709764957428
0.4339138865470886
0.3818429708480835
0.3077312111854553
0.4012528657913208
0.13756708800792694
0.3818429708480835
0.19280655682086945
0.25499382615089417
0.18534664809703827
0.20344051718711853
0.3818429708480835
0.4012528657913208
0.21212704479694366
0.1618933081626892
0.23007015883922577
0.3495856821537018
0.2091815024614334
0.15272042155265808
0.3818429708480835
0.27095431089401245
0.3818429708480835
0.21927759051322937
0.4012528657913208
0.1479620635509491
0.2920929789543152
0.23447662591934204
0.3465039134025574
0.31983911991119385
0.1533413827419281
0.33113130927085876
0.19447851181030273
0.33113130927085876
0.33289170265197754
0.14961808919906616
0.3818429708480835
0.17137053608894348
0.3181590139865875
0.23413942754268646
0.33113130927085876
0.25375497341156006
0.3818429708480835
0.32209059596061707
0.23183952271938324
0.1982342004776001
0.24881196022033691
0.19347232580184937
0.3818429708480835
0.19239512085914612
0.18378955125808716
0.3851487934589386
0.14414215087890625
0.15966132283210754
0.15666311979293823
0.35962092876434326
0.31983911991119385
0.14836600422859192
0.17854326963424683
0.191749706864357
0.3818429708480835
0.15992137789726257
0.15608185529708862
0.2205529808998108
0.31983911991119385
0.39814576506614685
0.4012528657913208
0.09591925144195557
0.33113130927085876
0.2431342601776123
0.2880931794643402
0.33113130927085876
0.17882119119167328
0.16239863634109497
0.2173009216785431
0.3912475109100342
0.3747292757034302
0.13324284553527832
0.17572703957557678
0.3487395644187927
0.15839548408985138
0.16399961709976196
0.20159588754177094
0.3818429708480835
0.3818429708480835
0.3818429708480835
0.4012528657913208
0.15597295761108398
0.17491552233695984
0.26861464977264404
0.3818429708480835
0.32622992992401123
0.21509921550750732
0.22391901910305023
0.3818429708480835
0.18202906847000122
0.18898314237594604
0.3551216721534729
0.2000819742679596
0.23780131340026855
0.17568305134773254
0.39814576506614685
0.2749580442905426
0.36405253410339355
0.2690524458885193
0.1944798231124878
0.3818429708480835
0.12261328101158142
0.16128034889698029
0.15151745080947876
0.15325409173965454
0.13091115653514862
0.21026809513568878
0.3181590139865875
0.143777996301651
0.3818429708480835
0.23217347264289856
0.2288745641708374
0.38807785511016846
0.1825065016746521
0.3818429708480835
0.3818429708480835
0.3818429708480835
0.23780131340026855
0.19462567567825317
0.33113130927085876
0.25639036297798157
0.265672504901886
0.3818429708480835
0.22223222255706787
0.32286274433135986
0.33113130927085876
0.13324284553527832
0.23780131340026855
0.3818429708480835
0.17010068893432617
0.39866191148757935
0.21327705681324005
0.13398206233978271
0.33113130927085876
0.3818429708480835
0.21687284111976624
0.14971111714839935
0.23051926493644714
0.19765791296958923
0.2455158829689026
0.15343186259269714
0.29891157150268555
0.4016777575016022
0.20494550466537476
0.3818429708480835
0.3818429708480835
0.22944971919059753
0.23482012748718262
0.156484916806221
0.2231634110212326
0.12431496381759644
0.34586575627326965
0.15413182973861694
0.1613403558731079
0.23239871859550476
0.30889493227005005
0.34789609909057617
0.15631617605686188
0.24122139811515808
0.2520539462566376
0.17475590109825134
0.18663951754570007
0.3818429708480835
0.25438666343688965
0.30581218004226685
0.14517520368099213
0.3643471598625183
0.32077741622924805
0.2207484245300293
0.20411548018455505
0.22054198384284973
0.31983911991119385
0.3181590139865875
0.33113130927085876
0.24158313870429993
0.13550277054309845
0.21278300881385803
0.20920391380786896
0.3818429708480835
0.39814576506614685
0.2135390341281891
0.22472040355205536
0.1736239492893219
0.3090016841888428
0.27344515919685364
0.21154960989952087
0.33113130927085876
0.2238215208053589
0.12070515751838684
0.23846641182899475
0.3600880801677704
0.22487491369247437
0.2551649212837219
0.14857783913612366
0.2066051959991455
0.180270254611969
0.19941730797290802
0.19607672095298767
0.3818429708480835
0.17733700573444366
0.3818429708480835
0.25160524249076843
0.33113130927085876
0.2196340560913086
0.2395198941230774
0.21876691281795502
0.3818429708480835
0.22704772651195526
0.18528041243553162
0.18475231528282166
0.2420373558998108
0.20128414034843445
0.33113130927085876
0.33113130927085876
0.4012528657913208
0.2396995574235916
0.13582083582878113
0.16785886883735657
0.3818429708480835
0.31983911991119385
0.40153664350509644
0.15308476984500885
0.15142105519771576
0.20861993730068207
0.34394946694374084
0.18641935288906097
0.2232823669910431
0.27245643734931946
0.19992595911026
0.3789936900138855
0.22026249766349792
0.39814576506614685
0.2881203293800354
0.3818429708480835
0.2658279538154602
0.33113130927085876
0.3818429708480835
0.4124298095703125
0.20805290341377258
0.24093671143054962
0.33113130927085876
0.17451588809490204
0.15364553034305573
0.2247563600540161
0.19284862279891968
0.31983911991119385
0.19397017359733582
0.33113130927085876
0.2254839688539505
0.19600388407707214
0.18855778872966766
0.18187931180000305
0.2868804931640625
0.3137229382991791
0.33113130927085876
0.20554997026920319
0.13324284553527832
0.3818429708480835
0.2095726579427719
0.23127807676792145
0.31983911991119385
0.22808738052845
0.2644743025302887
0.4012528657913208
0.284694105386734
0.3818429708480835
0.34789609909057617
0.19440123438835144
0.20495480298995972
0.26181313395500183
0.2758636176586151
0.19386950135231018
0.3732842803001404
0.20165903866291046
0.17591159045696259
0.2133280634880066
0.2074410319328308
0.33113130927085876
0.2425682693719864
0.2766789197921753
0.2623194754123688
0.33113130927085876
0.11501193046569824
0.3818429708480835
0.36401498317718506
0.3818429708480835
0.08511559665203094
0.21564894914627075
0.3818429708480835
0.17116807401180267
0.31983911991119385
0.21591374278068542
0.3818429708480835
0.4664638638496399
0.2987617254257202
0.3818429708480835
0.17132757604122162
0.33878734707832336
0.20255416631698608
0.33113130927085876
0.12821760773658752
0.13324284553527832
0.15187162160873413
0.3818429708480835
0.34789609909057617
0.14027155935764313
0.16160479187965393
0.4012528657913208
0.20715850591659546
0.18085241317749023
0.22559133172035217
0.3818429708480835
0.3691585063934326
0.20106428861618042
0.31983911991119385
0.22215420007705688
0.33113130927085876
0.3818429708480835
0.12431496381759644
0.3818429708480835
0.12205454707145691
0.17525672912597656
0.286948561668396
0.29155057668685913
0.22727897763252258
0.24128520488739014
0.3818429708480835
0.3818429708480835
0.24258974194526672
0.31983911991119385
0.3818429708480835
0.3818429708480835
0.18983744084835052
0.19562067091464996
0.3512890338897705
0.3818429708480835
0.2822674512863159
0.23780131340026855
0.14358370006084442
0.20256440341472626
0.24967364966869354
0.3818429708480835
0.2015070915222168
0.21834956109523773
0.15636509656906128
0.31022393703460693
0.14414215087890625
0.2845337986946106
0.4012528657913208
0.3818429708480835
0.33113130927085876
0.20755231380462646
0.3818429708480835
0.31983911991119385
0.3818429708480835
0.3818429708480835
0.22462870180606842
0.18178170919418335
0.33057841658592224
0.20696868002414703
0.160413458943367
0.1548294723033905
0.33113130927085876
0.33113130927085876
0.19074679911136627
0.3041703402996063
0.22153520584106445
0.39814576506614685
0.3924514651298523
0.33113130927085876
0.10200962424278259
0.32622992992401123
0.2506277561187744
0.1501278579235077
0.16104000806808472
0.21159717440605164
0.3113778829574585
0.31983911991119385
0.21265088021755219
0.20599588751792908
0.16842475533485413
0.14952990412712097
0.1911238431930542
0.2816716432571411
0.23780131340026855
0.2096291184425354
0.33833280205726624
0.2488618791103363
0.2036612331867218
0.19227959215641022
0.2777469754219055
0.3818429708480835
0.22704443335533142
0.4012528657913208
0.16620314121246338
0.2771223783493042
0.2670254707336426
0.2600476145744324
0.3818429708480835
0.4012528657913208
0.3404678702354431
0.2356608659029007
0.3318977355957031
0.3818429708480835
0.20797540247440338
0.3818429708480835
0.3818429708480835
0.4012528657913208
0.3818429708480835
0.21529191732406616
0.328681617975235
0.3691585063934326
0.20612260699272156
0.4670584201812744
0.4012528657913208
0.18623310327529907
0.16551867127418518
0.3691585063934326
0.22783464193344116
0.2181231826543808
0.33113130927085876
0.18111315369606018
0.2860049605369568
0.24348150193691254
0.3818429708480835
0.16677618026733398
0.19731363654136658
0.19884219765663147
0.3784307837486267
0.3818429708480835
0.19294962286949158
0.18924497067928314
0.19973422586917877
0.1676543653011322
0.07648879289627075
0.190694659948349
0.3818429708480835
0.18168233335018158
0.1662924885749817
0.19194379448890686
0.35402268171310425
0.3818429708480835
0.2845337986946106
0.20224080979824066
0.4053916335105896
0.3420898914337158
0.1049170196056366
0.3219454288482666
0.1717420220375061
0.33113130927085876
0.14294743537902832
0.31983911991119385
0.3818429708480835
0.24522483348846436
0.11393697559833527
0.31983911991119385
0.16162526607513428
0.3818429708480835
0.3454268276691437
0.4012528657913208
0.1431925892829895
0.15165115892887115
0.046598851680755615
0.3924514651298523
0.2295183688402176
0.23472744226455688
0.14325390756130219
0.30813151597976685
0.20641401410102844
0.3818429708480835
0.31983911991119385
0.18588605523109436
0.39866191148757935
0.3818429708480835
0.213868647813797
0.20032954216003418
0.22032096982002258
0.20793503522872925
0.2693299353122711
0.33372068405151367
0.21062242984771729
0.3230072259902954
0.3816753625869751
0.15357272326946259
0.15178096294403076
0.3818429708480835
0.3818429708480835
0.24763935804367065
0.23780131340026855
0.3818429708480835
0.1024150550365448
0.208711177110672
0.3818429708480835
0.30119210481643677
0.3181590139865875
0.3181590139865875
0.16449394822120667
0.168205127120018
0.19941730797290802
0.19935135543346405
0.22930103540420532
0.17276394367218018
0.2260289192199707
0.14982005953788757
0.18366405367851257
0.2322537899017334
0.3818429708480835
0.23780131340026855
0.21681614220142365
0.18596157431602478
0.2959854006767273
0.22065378725528717
0.40492329001426697
0.13324284553527832
0.31983911991119385
0.2877601087093353
0.21025092899799347
0.3818429708480835
0.3266677260398865
0.39814576506614685
0.36608585715293884
0.13639867305755615
0.4124298095703125
0.25063249468803406
0.19834831357002258
0.3818429708480835
0.24226561188697815
0.38061782717704773
0.14284130930900574
0.16241538524627686
0.3818429708480835
0.19330774247646332
0.3818429708480835
0.143608957529068
0.16419139504432678
0.3818429708480835
0.29179883003234863
0.16965113580226898
0.23355209827423096
0.5246922373771667
0.39814576506614685
0.20732367038726807
0.3818429708480835
0.1641365885734558
0.31983911991119385
0.22730952501296997
0.2551044821739197
0.18272161483764648
0.18551066517829895
0.2231622040271759
0.10900311172008514
0.19862911105155945
0.3727472424507141
0.39814576506614685
0.16341686248779297
0.12739509344100952
0.16221773624420166
0.3818429708480835
0.3818429708480835
0.1894928216934204
0.18344035744667053
0.22870144248008728
0.09436655044555664
0.17688828706741333
0.3600231409072876
0.3181590139865875
0.4012528657913208
0.33113130927085876
0.4012528657913208
0.16834624111652374
0.28347912430763245
0.09265881776809692
0.20365287363529205
0.4012528657913208
0.183732271194458
0.2882847487926483
0.3691585063934326
0.1444745659828186
0.3815823495388031
0.1264970302581787
0.22634699940681458
0.3818429708480835
0.4012528657913208
0.3818429708480835
0.20875996351242065
0.3818429708480835
0.1913573145866394
0.24801920354366302
0.2176513373851776
0.26400479674339294
0.162431538105011
0.33113130927085876
0.33113130927085876
0.4012528657913208
0.2570311427116394
0.15365998446941376
0.15073522925376892
0.4016777575016022
0.39347055554389954
0.13324284553527832
0.33113130927085876
0.3818429708480835
0.4012528657913208
0.39758676290512085
0.20409782230854034
0.31159740686416626
0.18989932537078857
0.18097428977489471
0.18137870728969574
0.3818429708480835
0.3818429708480835
0.2901705503463745
0.4026358723640442
0.18767492473125458
0.1590372920036316
0.2772979140281677
0.26922550797462463
0.13324284553527832
0.3390008807182312
0.2132195085287094
0.3818429708480835
0.31502407789230347
0.30512261390686035
0.4664319157600403
0.3181590139865875
0.33113130927085876
0.3219454288482666
0.3818429708480835
0.14926128089427948
0.18174177408218384
0.16215947270393372
0.21585842967033386
0.3818429708480835
0.3818429708480835
0.22372011840343475
0.32265082001686096
0.21507763862609863
0.3818429708480835
0.2116892784833908
0.1587938666343689
0.3024803698062897
0.3185265064239502
0.1662438064813614
0.3818429708480835
0.19870540499687195
0.4012528657913208
0.33113130927085876
0.17196831107139587
0.38937368988990784
0.22078411281108856
0.2570311427116394
0.2510288655757904
0.31983911991119385
0.34956106543540955
0.24292075634002686
0.19545245170593262
0.21922853589057922
0.22082829475402832
0.33113130927085876
0.20259138941764832
0.19241474568843842
0.4012528657913208
0.2808676064014435
0.39814576506614685
0.15267157554626465
0.22569823265075684
0.18451496958732605
0.31983911991119385
0.1330210268497467
0.22515034675598145
0.19067414104938507
0.3181590139865875
0.15422236919403076
0.19646310806274414
0.23780131340026855
0.4012528657913208
0.23161721229553223
0.3818429708480835
0.13324284553527832
0.33113130927085876
0.24393309652805328
0.18184082210063934
0.18357565999031067
0.39814576506614685
0.15060213208198547
0.14692658185958862
0.19922783970832825
0.20998325943946838
0.33113130927085876
0.15743699669837952
0.3818429708480835
0.27262556552886963
0.25548219680786133
0.29735222458839417
0.31983911991119385
0.19443759322166443
0.13445036113262177
0.3818429708480835
0.19790005683898926
0.1347634643316269
0.2106606513261795
0.14982005953788757
0.31359636783599854
0.32809334993362427
0.2162349373102188
0.1738799661397934
0.20462508499622345
0.27133795619010925
0.3181590139865875
0.3389919400215149
0.3818429708480835
0.25528961420059204
0.2295297533273697
0.3818429708480835
0.17022749781608582
0.10921642184257507
0.23243898153305054
0.2637733817100525
0.31983911991119385
0.24856767058372498
0.17844276130199432
0.17321744561195374
0.20486781001091003
0.24318161606788635
0.11157292127609253
0.23239780962467194
0.1928800642490387
0.2002660036087036
0.1599532961845398
0.4012528657913208
0.15899434685707092
0.3818429708480835
0.16782501339912415
0.24748851358890533
0.3818429708480835
0.3735674023628235
0.3818429708480835
0.31983911991119385
0.15300977230072021
0.3399941325187683
0.19617275893688202
0.2659662961959839
0.2092323750257492
0.3457963168621063
0.22152668237686157
0.3818429708480835
0.3883861303329468
0.20474818348884583
0.2595269978046417
0.22960831224918365
0.3551216721534729
0.3818429708480835
0.15955740213394165
0.22825250029563904
0.3818429708480835
0.16875046491622925
0.20117324590682983
0.1765591949224472
0.3818429708480835
0.28665584325790405
0.38463294506073
0.23332621157169342
0.18516230583190918
0.2725813388824463
0.13696658611297607
0.1741841584444046
0.22874899208545685
0.33573752641677856
0.4012528657913208
0.33113130927085876
0.20391568541526794
0.21819031238555908
0.205936998128891
0.33113130927085876
0.3454268276691437
0.17766541242599487
0.13096106052398682
0.3853386342525482
0.21595484018325806
0.29702553153038025
0.39814576506614685
0.23473389446735382
0.1867302656173706
0.1298104226589203
0.33113130927085876
0.3285311460494995
0.22121816873550415
0.23239871859550476
0.299834668636322
0.22576217353343964
0.2106824815273285
0.2845337986946106
0.20753805339336395
0.15001612901687622
0.1843246966600418
0.22501766681671143
0.38937368988990784
0.2215755581855774
0.22972427308559418
0.4012528657913208
0.24663102626800537
0.31983911991119385
0.18807944655418396
0.21271789073944092
0.21301940083503723
0.33351975679397583
0.15753276646137238
0.23239871859550476
0.2421952188014984
0.3818429708480835
0.24827738106250763
0.3900250196456909
0.23197269439697266
0.21701660752296448
0.15251685678958893
0.24061161279678345
0.3397349417209625
0.23875880241394043
0.22631527483463287
0.14002017676830292
0.20564153790473938
0.3818429708480835
0.19175755977630615
0.1529833972454071
0.3181590139865875
0.2728022336959839
0.24367746710777283
0.3818429708480835
0.34789609909057617
0.3818429708480835
0.14827701449394226
0.383800745010376
0.20861203968524933
0.27655479311943054
0.19898277521133423
0.15807808935642242
0.3181590139865875
0.31983911991119385
0.4012528657913208
0.19877299666404724
0.3818429708480835
0.20939500629901886
0.10615852475166321
0.18236124515533447
0.16545742750167847
0.18681685626506805
0.20233270525932312
0.351768434047699
0.24756690859794617
0.27246806025505066
0.25661638379096985
0.33113130927085876
0.3883861303329468
0.2112056016921997
0.3818429708480835
0.33113130927085876
0.1988164186477661
0.2115938663482666
0.15130358934402466
0.33113130927085876
0.2287556529045105
0.22852830588817596
0.39814576506614685
0.3818429708480835
0.2575779855251312
0.25299960374832153
0.31983911991119385
0.18366527557373047
0.15573431551456451
0.3302561640739441
0.14744409918785095
0.18363291025161743
0.32680970430374146
0.2016499638557434
0.12499794363975525
0.38389429450035095
0.4344508647918701
0.11089341342449188
0.3818429708480835
0.24941256642341614
0.26085853576660156
0.19133849442005157
0.17520752549171448
0.18259811401367188
0.39814576506614685
0.2216012328863144
0.33113130927085876
0.12244424223899841
0.2783268690109253
0.26906031370162964
0.25404778122901917
0.18141603469848633
0.33113130927085876
0.22113199532032013
0.25876376032829285
0.20747964084148407
0.31983911991119385
0.18643753230571747
0.15956558287143707
0.3818429708480835
0.19357967376708984
0.2088569849729538
0.33113130927085876
0.19747671484947205
0.2201920747756958
0.34789609909057617
0.22489944100379944
0.3818429708480835
0.3818429708480835
0.1901465654373169
0.22258158028125763
0.1899544596672058
0.19180409610271454
0.2331368625164032
0.33113130927085876
0.1368466317653656
0.3181590139865875
0.20396533608436584
0.2355996072292328
0.15448535978794098
0.4026358723640442
0.4073939025402069
0.33113130927085876
0.33113130927085876
0.3818429708480835
0.4012528657913208
0.3181590139865875
0.3818429708480835
0.26181313395500183
0.3818429708480835
0.24601562321186066
0.1914697289466858
0.36405253410339355
0.4012528657913208
0.19305583834648132
0.27153974771499634
0.16230614483356476
0.3818429708480835
0.33113130927085876
0.27790266275405884
0.3512842655181885
0.3818429708480835
0.18914678692817688
0.4012528657913208
0.14167319238185883
0.15770889818668365
0.12389442324638367
0.17093247175216675
0.15911909937858582
0.3818429708480835
0.28085359930992126
0.18518632650375366
0.3357909321784973
0.16381287574768066
0.20491540431976318
0.2678971290588379
0.15331488847732544
0.1932266801595688
0.23019811511039734
0.21059459447860718
0.19956588745117188
0.38937368988990784
0.20710906386375427
0.19485874474048615
0.22008848190307617
0.3818429708480835
0.12532374262809753
0.20531052350997925
0.3818429708480835
0.33113130927085876
0.1807539016008377
0.31983911991119385
0.3818429708480835
0.3818429708480835
0.3073248863220215
0.22105231881141663
0.14646732807159424
0.39814576506614685
0.21497446298599243
0.20088133215904236
0.33113130927085876
0.3454268276691437
0.33113130927085876
0.4942293167114258
0.4012528657913208
0.12473276257514954
0.1879999190568924
0.31983911991119385
0.22808738052845
0.3181590139865875
0.33113130927085876
0.3818429708480835
0.2620255947113037
0.3631088137626648
0.2889658510684967
0.22596296668052673
0.33113130927085876
0.29552438855171204
0.3818429708480835
0.2806927561759949
0.15664434432983398
0.34372198581695557
0.32990819215774536
0.35449954867362976
0.2620236277580261
0.12741807103157043
0.2742500901222229
0.3818429708480835
0.21005301177501678
0.3983277678489685
0.4012528657913208
0.20967905223369598
0.25904786586761475
0.4012528657913208
0.2762982249259949
0.3818429708480835
0.1391916275024414
0.2780848741531372
0.19674062728881836
0.14997754991054535
0.15789835155010223
0.39814576506614685
0.20096924901008606
0.33113130927085876
0.2221996784210205
0.19497959315776825
0.3486591577529907
0.27668437361717224
0.3818429708480835
0.1489448994398117
0.3303808271884918
0.2152383178472519
0.2013600766658783
0.17599701881408691
0.18745097517967224
0.1961386501789093
0.15473803877830505
0.14918158948421478
0.3142584562301636
0.24522385001182556
0.19642910361289978
0.20605340600013733
0.20188042521476746
0.22701019048690796
0.3988412618637085
0.20080456137657166
0.12639251351356506
0.2838856279850006
0.16204732656478882
0.2020680159330368
0.23780131340026855
0.3818429708480835
0.23243600130081177
0.3512842655181885
0.20839565992355347
0.3818429708480835
0.3818429708480835
0.3818429708480835
0.2188967764377594
0.18047739565372467
0.33113130927085876
0.3446102738380432
0.15957856178283691
0.257619708776474
0.3551216721534729
0.20513856410980225
0.23780131340026855
0.4012528657913208
0.2638816833496094
0.18129396438598633
0.1721239686012268
0.2296813428401947
0.16067355871200562
0.2095940262079239
0.35612642765045166
0.2066141664981842
0.3818429708480835
0.3818429708480835
0.3818429708480835
0.36136847734451294
0.3818429708480835
0.17558468878269196
0.4587439298629761
0.12714122235774994
0.1838122308254242
0.19372797012329102
0.13165149092674255
0.16806533932685852
0.3135279417037964
0.12911637127399445
0.3818429708480835
0.23417513072490692
0.3454268276691437
0.20497703552246094
0.3818429708480835
0.39814576506614685
0.3181590139865875
0.16314512491226196
0.3961583375930786
0.45915597677230835
0.1849643588066101
0.21364295482635498
0.20133686065673828
0.5449764728546143
0.19126616418361664
0.2159455120563507
0.23062629997730255
0.1966714859008789
0.17250367999076843
0.17289122939109802
0.21387165784835815
0.33113130927085876
0.1842437982559204
0.17637532949447632
0.4012528657913208
0.23059780895709991
0.2496631145477295
0.16400235891342163
0.27865803241729736
0.3181590139865875
0.22992709279060364
0.2039564698934555
0.26791253685951233
0.33113130927085876
0.21348746120929718
0.1806008517742157
0.15756972134113312
0.37283578515052795
0.39814576506614685
0.10587388277053833
0.4012528657913208
0.29812175035476685
0.3818429708480835
0.2683987021446228
0.21388348937034607
0.33113130927085876
0.17832976579666138
0.2728956341743469
0.27673789858818054
0.1725776493549347
0.3818429708480835
0.2992272973060608
0.3554346561431885
0.27053821086883545
0.1750163733959198
0.31983911991119385
0.31983911991119385
0.3181590139865875
0.16000697016716003
0.3818429708480835
0.2231772392988205
0.3818429708480835
0.15958990156650543
0.33206290006637573
0.1814236342906952
0.13831734657287598
0.4644654393196106
0.3818429708480835
0.1676974892616272
0.19362978637218475
0.23780131340026855
0.11198662221431732
0.13191837072372437
0.34036368131637573
0.33113130927085876
0.3818429708480835
0.2736660838127136
0.31983911991119385
0.3818429708480835
0.4012528657913208
0.2363884449005127
0.33759576082229614
0.2583269476890564
0.15748493373394012
0.20746494829654694
0.37260910868644714
0.39814576506614685
0.45048174262046814
0.19402828812599182
0.19902744889259338
0.2383427619934082
0.18181408941745758
0.195488840341568
0.3818429708480835
0.3528028130531311
0.16234150528907776
0.23780131340026855
0.25808751583099365
0.2509470283985138
0.1935204118490219
0.13171795010566711
0.19295454025268555
0.19895902276039124
0.250261127948761
0.3181590139865875
0.15178096294403076
0.12244424223899841
0.14885127544403076
0.1663878709077835
0.15135644376277924
0.15367724001407623
0.23883000016212463
0.21132032573223114
0.12473276257514954
0.21595075726509094
0.3818429708480835
0.3818429708480835
0.13988542556762695
0.33113130927085876
0.2269275188446045
0.18779107928276062
0.3200991451740265
0.14957399666309357
0.1540646106004715
0.18094605207443237
0.1944100558757782
0.21037524938583374
0.23216500878334045
0.2020648866891861
0.3818429708480835
0.3005821108818054
0.4726109504699707
0.2162388265132904
0.33113130927085876
0.12554478645324707
0.20112265646457672
0.19930900633335114
0.20922450721263885
0.17092949151992798
0.3181590139865875
0.25140488147735596
0.22186113893985748
0.16548886895179749
0.22368527948856354
0.3924514651298523
0.18603402376174927
0.3818429708480835
0.15961000323295593
0.3818429708480835
0.20632849633693695
0.30871081352233887
0.33113130927085876
0.17487096786499023
0.18912002444267273
0.3818429708480835
0.3818429708480835
0.33113130927085876
0.16613036394119263
0.21936428546905518
0.1931491196155548
0.14414215087890625
0.3960018754005432
0.11879634857177734
0.31983911991119385
0.39894208312034607
0.18963754177093506
0.4012528657913208
0.4012528657913208
0.4012528657913208
0.4021648168563843
0.3818429708480835
0.15191206336021423
0.3818429708480835
0.16338971257209778
0.16927729547023773
0.3818429708480835
0.33113130927085876
0.1904934048652649
0.09591957926750183
0.12310834228992462
0.20548467338085175
0.4546494483947754
0.34789609909057617
0.16426528990268707
0.3818429708480835
0.22246220707893372
0.3835235834121704
0.3818429708480835
0.23173213005065918
0.2758116126060486
0.32176610827445984
0.16423553228378296
0.1738460808992386
0.2821657657623291
0.2006034106016159
0.19157685339450836
0.1670583039522171
0.1937382072210312
0.3818429708480835
0.1545211672782898
0.17805375158786774
0.34241020679473877
0.1525125801563263
0.1672050952911377
0.2576681673526764
0.39814576506614685
0.13933289051055908
0.4012528657913208
0.23303604125976562
0.3181590139865875
0.1914585530757904
0.10946004092693329
0.19409573078155518
0.3818429708480835
0.38807785511016846
0.3181590139865875
0.3818429708480835
0.3818429708480835
0.2248934507369995
0.2674771249294281
0.294208824634552
0.3818429708480835
0.254386305809021
0.2505764961242676
0.18103131651878357
0.3181590139865875
0.1510884165763855
0.3818429708480835
0.33113130927085876
0.1590346097946167
0.2334612011909485
0.12421327829360962
0.19073718786239624
0.2161816954612732
0.2431977093219757
0.1472812294960022
0.3818429708480835
0.15378421545028687
0.33113130927085876
0.3818429708480835
0.19690591096878052
0.21545660495758057
0.3818429708480835
0.15396611392498016
0.34629112482070923
0.331254780292511
0.15954230725765228
0.16251662373542786
0.1519620418548584
0.3929954171180725
0.1552034467458725
0.3818429708480835
0.26791253685951233
0.1261223405599594
0.23162807524204254
0.39814576506614685
0.2362995147705078
0.1983402669429779
0.29343894124031067
0.21140435338020325
0.24252648651599884
0.3818429708480835
0.18557333946228027
0.33113130927085876
0.3818429708480835
0.14969363808631897
0.18072213232517242
0.24628803133964539
0.24459683895111084
0.13431423902511597
0.2539668083190918
0.21625520288944244
0.219295933842659
0.15157964825630188
0.25065791606903076
0.20860879123210907
0.14538578689098358
0.23780131340026855
0.13096106052398682
0.3254595100879669
0.3039095997810364
0.23780131340026855
0.2771851420402527
0.35716676712036133
0.29816487431526184
0.3818429708480835
0.21562859416007996
0.25871580839157104
0.1978883445262909
0.33113130927085876
0.16250041127204895
0.1984233856201172
0.10746502876281738
0.4012528657913208
0.26428499817848206
0.33113130927085876
0.20481395721435547
0.38057321310043335
0.2806072235107422
0.2218707799911499
0.2184440791606903
0.2848588824272156
0.1750735342502594
0.3181590139865875
0.19251671433448792
0.3518204987049103
0.20953691005706787
0.3181590139865875
0.20131665468215942
0.2287927120923996
0.23003077507019043
0.15828374028205872
0.17265218496322632
0.21149751543998718
0.21077433228492737
0.22801899909973145
0.164474219083786
0.20242008566856384
0.3818429708480835
0.21376973390579224
0.33113130927085876
0.3050139248371124
0.22745710611343384
0.19184610247612
0.4174768030643463
0.2155880182981491
0.20213450491428375
0.14455223083496094
0.14678186178207397
0.23958873748779297
0.3818429708480835
0.21173831820487976
0.19623786211013794
0.14857791364192963
0.3818429708480835
0.2604714035987854
0.3818429708480835
0.3742464780807495
0.39814576506614685
0.11819744110107422
0.3454268276691437
0.39814576506614685
0.21154412627220154
0.2749580442905426
0.38618454337120056
0.2140749990940094
0.13228179514408112
0.3818429708480835
0.3818429708480835
0.3818429708480835
0.19515061378479004
0.17949655652046204
0.39814576506614685
0.24278439581394196
0.30282914638519287
0.33113130927085876
0.3818429708480835
0.18167565762996674
0.227183997631073
0.2504134774208069
0.18414393067359924
0.29227420687675476
0.1732666790485382
0.20860880613327026
0.16025488078594208
0.33113130927085876
0.2064661681652069
0.22365479171276093
0.2570311427116394
0.11603124439716339
0.33113130927085876
0.23226094245910645
0.3818429708480835
0.1396334022283554
0.2659716010093689
0.39814576506614685
0.21232645213603973
0.36405253410339355
0.15534251928329468
0.18067531287670135
0.28742170333862305
0.3482997715473175
0.31983911991119385
0.22129857540130615
0.25109347701072693
0.3818429708480835
0.33113130927085876
0.31983911991119385
0.3818429708480835
0.4312613606452942
0.23921461403369904
0.20025944709777832
0.4012528657913208
0.14398838579654694
0.4012528657913208
0.18616411089897156
0.11808103322982788
0.23844127357006073
0.3818429708480835
0.2652207016944885
0.27157753705978394
0.2641850709915161
0.2515738010406494
0.31983911991119385
0.1512877643108368
0.33113130927085876
0.18632139265537262
0.344391405582428
0.23115947842597961
0.13181354105472565
0.31983911991119385
0.4012528657913208
0.2728823125362396
0.33113130927085876
0.3818429708480835
0.4012528657913208
0.1363249123096466
0.3818429708480835
0.3818429708480835
0.17232142388820648
0.2792736291885376
0.2199070304632187
0.4012528657913208
0.17492425441741943
0.16274455189704895
0.13687804341316223
0.19805975258350372
0.464607834815979
0.2606458067893982
0.27625909447669983
0.2610394358634949
0.2185242623090744
0.23349818587303162
0.1667361557483673
0.19093284010887146
0.3818429708480835
0.23637700080871582
0.3818429708480835
0.3181590139865875
0.3818429708480835
0.39814576506614685
0.3818429708480835
0.3818429708480835
0.26605936884880066
0.2965375781059265
0.19474487006664276
0.3818429708480835
0.33113130927085876
0.31983911991119385
0.31983911991119385
0.3181590139865875
0.20826295018196106
0.16789954900741577
0.18441280722618103
0.3818429708480835
0.4097334146499634
0.19156870245933533
0.24591585993766785
0.19200488924980164
0.22041623294353485
0.28824669122695923
0.3107806444168091
0.19680064916610718
0.14393572509288788
0.26510119438171387
0.3818429708480835
0.27629250288009644
0.3181590139865875
0.2834862470626831
0.2521798014640808
0.2681676149368286
0.4012528657913208
0.3853386342525482
0.2840383052825928
0.3818429708480835
0.22455278038978577
0.3181590139865875
0.19391953945159912
0.33113130927085876
0.22866588830947876
0.4490794539451599
0.2173042893409729
0.14217442274093628
0.33325040340423584
0.20866841077804565
0.3818429708480835
0.15986691415309906
0.20210285484790802
0.14342156052589417
0.2548128366470337
0.26230114698410034
0.18591025471687317
0.25736066699028015
0.20732256770133972
0.18059413135051727
0.22537536919116974
0.13969245553016663
0.18885813653469086
0.2586524486541748
0.2972313165664673
0.32578229904174805
0.3818429708480835
0.3815823495388031
0.18303978443145752
0.31983911991119385
0.2505798935890198
0.23770253360271454
0.4012528657913208
0.23780131340026855
0.4012528657913208
0.374880850315094
0.22481609880924225
0.3818429708480835
0.17075681686401367
0.3818429708480835
0.2567876875400543
0.3691585063934326
0.33113130927085876
0.3818429708480835
0.31983911991119385
0.17245332896709442
0.18588605523109436
0.22817717492580414
0.256222128868103
0.3818429708480835
0.38515013456344604
0.14467838406562805
0.19085797667503357
0.2206939160823822
0.3404303789138794
0.199476420879364
0.38807785511016846
0.39814576506614685
0.2988567352294922
0.3818429708480835
0.4245503842830658
0.3818429708480835
0.1330210268497467
0.28033339977264404
0.17000365257263184
0.35402268171310425
0.14885330200195312
0.14414215087890625
0.15493030846118927
0.3818429708480835
0.16656142473220825
0.3397349417209625
0.15873752534389496
0.21125859022140503
0.3818429708480835
0.4012528657913208
0.16410502791404724
0.3151506781578064
0.39627647399902344
0.2992272973060608
0.2401631623506546
0.16503793001174927
0.23642972111701965
0.3818429708480835
0.33113130927085876
0.22026434540748596
0.22704799473285675
0.33113130927085876
0.21755468845367432
0.2489248365163803
0.3181590139865875
0.2209893763065338
0.14733414351940155
0.346599817276001
0.2864798605442047
0.39814576506614685
0.15481171011924744
0.35402268171310425
0.3818429708480835
0.17686836421489716
0.2397034913301468
0.4012528657913208
0.1902655065059662
0.2447250634431839
0.31983911991119385
0.29343074560165405
0.06491148471832275
0.31983911991119385
0.22575883567333221
0.3818429708480835
0.4012528657913208
0.3818429708480835
0.2352268397808075
0.2378503829240799
0.11157292127609253
0.42018985748291016
0.2657862901687622
0.3080071210861206
0.33113130927085876
0.15219110250473022
0.12244424223899841
0.0314008891582489
0.23096540570259094
0.22942915558815002
0.2015475183725357
0.17308636009693146
0.18767699599266052
0.22482094168663025
0.3181590139865875
0.33113130927085876
0.3818429708480835
0.2081807404756546
0.13830804824829102
0.15633359551429749
0.3534127175807953
0.20666247606277466
0.15425805747509003
0.4126907289028168
0.31983911991119385
0.3818429708480835
0.4012528657913208
0.1795411854982376
0.3818429708480835
0.17882168292999268
0.22295185923576355
0.2089143693447113
0.25155335664749146
0.3818429708480835
0.2661966383457184
0.3818429708480835
0.2079288363456726
0.22787392139434814
0.4012528657913208
0.22493135929107666
0.11147758364677429
0.3903760015964508
0.20932048559188843
0.28545767068862915
0.24880248308181763
0.24142882227897644
0.3818429708480835
0.15509508550167084
0.1988852620124817
0.17982053756713867
0.39814576506614685
0.17919616401195526
0.20466572046279907
0.23606234788894653
0.14193004369735718
0.16529200971126556
0.3818429708480835
0.10248741507530212
0.24405845999717712
0.3961583375930786
0.3818429708480835
0.3818429708480835
0.3818429708480835
0.2548348605632782
0.1148388683795929
0.23163148760795593
0.374880850315094
0.3818429708480835
0.23780131340026855
0.181980699300766
0.1509290635585785
0.19219964742660522
0.33113130927085876
0.38463294506073
0.2464880794286728
0.33113130927085876
0.33113130927085876
0.14651411771774292
0.2064734697341919
0.16367924213409424
0.14385372400283813
0.2749580442905426
0.4012528657913208
0.12712740898132324
0.21078908443450928
0.17605522274971008
0.23193718492984772
0.19924527406692505
0.14920145273208618
0.08262261748313904
0.1525120884180069
0.41159069538116455
0.3818429708480835
0.1772281378507614
0.20676831901073456
0.2418069690465927
0.33113130927085876
0.13670863211154938
0.24739347398281097
0.41106167435646057
0.24765753746032715
0.12689991295337677
0.1780993938446045
0.31983911991119385
0.3181590139865875
0.1979755461215973
0.17018342018127441
0.13324284553527832
0.16417819261550903
0.15670618414878845
0.18537868559360504
0.3545723557472229
0.23263123631477356
0.2508097290992737
0.15286381542682648
0.2209893763065338
0.2920929789543152
0.17767904698848724
0.2161477953195572
0.21304857730865479
0.23132061958312988
0.2928518056869507
0.33113130927085876
0.15599425137043
0.2182231843471527
0.3818429708480835
0.3815823495388031
0.20380495488643646
0.21333250403404236
0.15279313921928406
0.18775716423988342
0.12854719161987305
0.3691585063934326
0.23347634077072144
0.07207348942756653
0.4012528657913208
0.17531663179397583
0.17479746043682098
0.25819131731987
0.14868906140327454
0.33113130927085876
0.2362099289894104
0.28033339977264404
0.19238576292991638
0.33113130927085876
0.4012528657913208
0.15846438705921173
0.4136824905872345
0.15482263267040253
0.2987617254257202
0.3818429708480835
0.19632014632225037
0.1788843274116516
0.3029888868331909
0.19338473677635193
0.2140272855758667
0.14789319038391113
0.23874826729297638
0.3818429708480835
0.2685052752494812
0.33113130927085876
0.3818429708480835
0.30046990513801575
0.33003759384155273
0.2009895145893097
0.3691585063934326
0.22050148248672485
0.3818429708480835
0.3818429708480835
0.14982005953788757
0.23180389404296875
0.2651238441467285
0.3818429708480835
0.17601144313812256
0.2594491243362427
0.1764267534017563
0.15062351524829865
0.2552548050880432
0.39630749821662903
0.2570311427116394
0.19887897372245789
0.3818429708480835
0.3815823495388031
0.3818429708480835
0.33113130927085876
0.33102962374687195
0.4012528657913208
0.3017925024032593
0.16250713169574738
0.27124080061912537
0.33135586977005005
0.3818429708480835
0.19678395986557007
0.33113130927085876
0.3026527762413025
0.33113130927085876
0.3818429708480835
0.43274644017219543
0.1650644689798355
0.29211896657943726
0.13324284553527832
0.33113130927085876
0.2987617254257202
0.3818429708480835
0.20430037379264832
0.33113130927085876
0.15589353442192078
0.3818429708480835
0.15957948565483093
0.15631762146949768
0.3181590139865875
0.26997843384742737
0.2679639458656311
0.4449087977409363
0.16410502791404724
0.5515532493591309
0.3818429708480835
0.3397349417209625
0.1788843274116516
0.2623194754123688
0.28488776087760925
0.2612156569957733
0.5248411893844604
0.2749580442905426
0.35402268171310425
0.16226455569267273
0.1736266314983368
0.19852936267852783
0.31983911991119385
0.3294510841369629
0.424966961145401
0.3818429708480835
0.3818429708480835
0.3818429708480835
0.22906877100467682
0.3818429708480835
0.17029809951782227
0.13324284553527832
0.19059889018535614
0.20127636194229126
0.3818429708480835
0.13324284553527832
0.3818429708480835
0.18015038967132568
0.18689335882663727
0.15551123023033142
0.2783776521682739
0.1812368929386139
0.3818429708480835
0.29441380500793457
0.4012528657913208
0.2057245522737503
0.36405253410339355
0.3818429708480835
0.12360531091690063
0.2949875593185425
0.13473209738731384
0.3818429708480835
0.12176957726478577
0.18398599326610565
0.29702553153038025
0.2844289541244507
0.31983911991119385
0.20132315158843994
0.33113130927085876
0.17115634679794312
0.3818429708480835
0.1937401294708252
0.14647804200649261
0.39814576506614685
0.2418534755706787
0.14688783884048462
0.33113130927085876
0.2712482511997223
0.21649786829948425
0.26516807079315186
0.18775323033332825
0.23780131340026855
0.4012528657913208
0.2364700436592102
0.14094771444797516
0.2160835862159729
0.23317226767539978
0.31983911991119385
0.13657009601593018
0.31983911991119385
0.33113130927085876
0.3181590139865875
0.3818429708480835
0.3818429708480835
0.265887975692749
0.3816753625869751
0.24039706587791443
0.31983911991119385
0.3892572522163391
0.12244424223899841
0.24069449305534363
0.3818429708480835
0.1778930276632309
0.27108657360076904
0.21659012138843536
0.3818429708480835
0.09902673959732056
0.3818429708480835
0.18929632008075714
0.39814576506614685
0.3818429708480835
0.1885186731815338
0.15873903036117554
0.24536791443824768
0.14414215087890625
0.2130264937877655
0.33113130927085876
0.16621555387973785
0.18494069576263428
0.3818429708480835
0.24047592282295227
0.2267903983592987
0.3818429708480835
0.24461808800697327
0.2094232439994812
0.13632865250110626
0.2262929081916809
0.19449546933174133
0.3494661748409271
0.39814576506614685
0.22664335370063782
0.33430445194244385
0.3818429708480835
0.17864948511123657
0.24562868475914001
0.34824270009994507
0.20359066128730774
0.17026150226593018
0.3818429708480835
0.3181590139865875
0.3818429708480835
0.10950259864330292
0.3818429708480835
0.14984899759292603
0.33113130927085876
0.17804968357086182
0.3389667272567749
0.2618532180786133
0.21105915307998657
0.33113130927085876
0.164510577917099
0.31983911991119385
0.24160261452198029
0.22023166716098785
0.21486981213092804
0.3818429708480835
0.2262895405292511
0.3342589735984802
0.3818429708480835
0.31983911991119385
0.4012528657913208
0.3818429708480835
0.3818429708480835
0.3818429708480835
0.17767134308815002
0.22615572810173035
0.13675743341445923
0.16325344145298004
0.33113130927085876
0.35908275842666626
0.1557757556438446
0.3818429708480835
0.3818429708480835
0.15509340167045593
0.14233911037445068
0.14954160153865814
0.1852317452430725
0.31983911991119385
0.3818429708480835
0.16467741131782532
0.216462641954422
0.19719767570495605
0.18291476368904114
0.3219454288482666
0.20442545413970947
0.22041897475719452
0.10638171434402466
0.3742464780807495
0.28588780760765076
0.1769002228975296
0.18322303891181946
0.13322600722312927
0.23613710701465607
0.4346492886543274
0.28145653009414673
0.16752177476882935
0.18818283081054688
0.3818429708480835
0.39814576506614685
0.4174768030643463
0.3181590139865875
0.3818429708480835
0.1819460541009903
0.3181590139865875
0.20497220754623413
0.3989480435848236
0.3816753625869751
0.3818429708480835
0.29423093795776367
0.24584749341011047
0.3181590139865875
0.23816382884979248
0.19443124532699585
0.24458818137645721
0.2618532180786133
0.22397297620773315
0.3818429708480835
0.13725757598876953
0.154733344912529
0.3592972159385681
0.16918429732322693
0.39758676290512085
0.18081028759479523
0.33113130927085876
0.1381378173828125
0.08002930879592896
0.2120133936405182
0.22005032002925873
0.28103432059288025
0.2529057264328003
0.2654501795768738
0.12642130255699158
0.2485964596271515
0.17177319526672363
0.3818429708480835
0.16089192032814026
0.23452907800674438
0.23371003568172455
0.3818429708480835
0.16547971963882446
0.24456384778022766
0.1895943135023117
0.22857990860939026
0.31983911991119385
0.3818429708480835
0.23557627201080322
0.1941169947385788
0.3818429708480835
0.19857825338840485
0.31983911991119385
0.3818429708480835
0.21539199352264404
0.2114298939704895
0.2714494466781616
0.29954633116722107
0.4012528657913208
0.22852906584739685
0.2672947645187378
0.3283291459083557
0.17708563804626465
0.3818429708480835
0.33113130927085876
0.3818429708480835
0.4012528657913208
0.1800287365913391
0.15390825271606445
0.3818429708480835
0.1391088366508484
0.21092677116394043
0.21758922934532166
0.3818429708480835
0.18844354152679443
0.22524893283843994
0.26933741569519043
0.1501411497592926
0.38937368988990784
0.3828115165233612
0.31983911991119385
0.2037278562784195
0.23401378095149994
0.33113130927085876
0.13743063807487488
0.3818429708480835
0.16629385948181152
0.12244424223899841
0.23780131340026855
0.2288547307252884
0.35009390115737915
0.3818429708480835
0.33113130927085876
0.1455077975988388
0.1839802861213684
0.25947654247283936
0.4324256479740143
0.1511252224445343
0.17667779326438904
0.3818429708480835
0.33113130927085876
0.41014766693115234
0.3818429708480835
0.4012528657913208
0.36136847734451294
0.3818429708480835
0.09591925144195557
0.33756309747695923
0.27865803241729736
0.33113130927085876
0.19111444056034088
0.4012528657913208
0.3818429708480835
0.3537009358406067
0.19532129168510437
0.3124704360961914
0.1771923154592514
0.3818429708480835
0.3818429708480835
0.14982005953788757
0.13829001784324646
0.15725380182266235
0.292908251285553
0.23780131340026855
0.3518204987049103
0.23340699076652527
0.15428468585014343
0.2444055676460266
0.20438440144062042
0.12473276257514954
0.14714261889457703
0.19921794533729553
0.2727562189102173
0.3818429708480835
0.09591925144195557
0.39814576506614685
0.18331480026245117
0.23543265461921692
0.14486199617385864
0.2214842438697815
0.17602324485778809
0.33113130927085876
0.19608554244041443
0.21234479546546936
0.16074490547180176
0.2136279195547104
0.21897585690021515
0.18428248167037964
0.3818429708480835
0.19258172810077667
0.33113130927085876
0.1509871482849121
0.19592294096946716
0.16153541207313538
0.3382345736026764
0.3818429708480835
0.2032768428325653
0.3818429708480835
0.2401658445596695
0.3818429708480835
0.1649259328842163
0.22603851556777954
0.1838085949420929
0.337029367685318
0.16691340506076813
0.19155676662921906
0.43841642141342163
0.16347219049930573
0.12244424223899841
0.17387264966964722
0.25388428568840027
0.4012528657913208
0.29329395294189453
0.19343940913677216
0.4026358723640442
0.11731457710266113
0.16124685108661652
0.3818429708480835
0.31983911991119385
0.3818429708480835
0.19960546493530273
0.22464826703071594
0.4012528657913208
0.19366472959518433
0.28492358326911926
0.3638535737991333
0.2530120611190796
0.3818429708480835
0.195989191532135
0.2791571021080017
0.09591925144195557
0.3967769742012024
0.4026358723640442
0.19073893129825592
0.20148342847824097
0.21269968152046204
0.3818429708480835
0.1773195117712021
0.34586575627326965
0.20462170243263245
0.3818429708480835
0.14697958528995514
0.3818429708480835
0.24360737204551697
0.13324284553527832
0.15744653344154358
0.25344759225845337
0.27472782135009766
0.20226481556892395
0.3818429708480835
0.3883861303329468
0.11475113034248352
0.31764858961105347
0.18608665466308594
0.23162442445755005
0.17861376702785492
0.18023449182510376
0.182865172624588
0.1742682307958603
0.13324284553527832
0.26925066113471985
0.14969363808631897
0.305295467376709
0.18978962302207947
0.1942189633846283
0.33313384652137756
0.28033339977264404
0.30820345878601074
0.28992342948913574
0.3181590139865875
0.3818429708480835
0.24864107370376587
0.21432450413703918
0.18327584862709045
0.19268730282783508
0.4012528657913208
0.33113130927085876
0.18473076820373535
0.2137930691242218
0.13085034489631653
0.5417845845222473
0.3818429708480835
0.23561446368694305
0.4012528657913208
0.17718294262886047
0.21155326068401337
0.1346355378627777
0.2749580442905426
0.3818429708480835
0.4012528657913208
0.17171789705753326
0.12443256378173828
0.3818429708480835
0.1775241643190384
0.16079190373420715
0.3403087854385376
0.19213928282260895
0.11789827048778534
0.3818429708480835
0.161867156624794
0.17818674445152283
0.3853386342525482
0.2006434202194214
0.12807327508926392
0.4124298095703125
0.19207319617271423
0.26244115829467773
0.39814576506614685
0.23780131340026855
0.19835692644119263
0.3818429708480835
0.33113130927085876
0.321760356426239
0.3818429708480835
0.22444288432598114
0.15948385000228882
0.2485010027885437
0.1593288779258728
0.21687811613082886
0.15178096294403076
0.34069734811782837
0.4012528657913208
0.20387110114097595
0.21326987445354462
0.17439453303813934
0.19340293109416962
0.3141273260116577
0.4012528657913208
0.25096583366394043
0.121721550822258
0.16227906942367554
0.26370495557785034
0.20344454050064087
0.19784340262413025
0.3818429708480835
0.1671549379825592
0.31983911991119385
0.11157292127609253
0.16021466255187988
0.39814576506614685
0.1957186460494995
0.3818429708480835
0.33113130927085876
0.39814576506614685
0.1738954782485962
0.28324657678604126
0.27629250288009644
0.1292129009962082
0.16510964930057526
0.4012528657913208
0.27857503294944763
0.3294420838356018
0.3551216721534729
0.15318989753723145
0.18819484114646912
0.20493702590465546
0.3980976343154907
0.19274775683879852
0.29891860485076904
0.4012528657913208
0.25036439299583435
0.3181590139865875
0.1990937739610672
0.3818429708480835
0.15475009381771088
0.3600231409072876
0.21112439036369324
0.24854519963264465
0.18665924668312073
0.13324284553527832
0.2371305227279663
0.3818429708480835
0.21191813051700592
0.34667474031448364
0.18168415129184723
0.39758676290512085
0.12422274053096771
0.21347515285015106
0.19070395827293396
0.20468491315841675
0.18461036682128906
0.3818429708480835
0.3818429708480835
0.3636881709098816
0.19740910828113556
0.33113130927085876
0.20027761161327362
0.19979044795036316
0.41063037514686584
0.3818429708480835
0.3883861303329468
0.23278947174549103
0.1853410005569458
0.3818429708480835
0.16412504017353058
0.19561874866485596
0.19707287847995758
0.2638685703277588
0.20754685997962952
0.1572190374135971
0.21087487041950226
0.3433011770248413
0.31983911991119385
0.20756052434444427
0.3818429708480835
0.31983911991119385
0.22675985097885132
0.3181590139865875
0.16159971058368683
0.26743754744529724
0.4014716148376465
0.2221381515264511
0.3111136853694916
0.2225206047296524
0.16603603959083557
0.3461154103279114
0.25018325448036194
0.23780131340026855
0.21478867530822754
0.3818429708480835
0.17554590106010437
0.20309527218341827
0.21975502371788025
0.23266825079917908
0.3815823495388031
0.3818429708480835
0.31983911991119385
0.23217347264289856
0.37238532304763794
0.3818429708480835
0.33113130927085876
0.4016777575016022
0.3818429708480835
0.3818429708480835
0.2062726765871048
0.3691585063934326
0.3454268276691437
0.39880257844924927
0.1726926565170288
0.18746443092823029
0.3818429708480835
0.3818429708480835
0.2739841043949127
0.1726333498954773
0.10680599510669708
0.1854090392589569
0.2844289541244507
0.18659214675426483
0.16548234224319458
0.20275017619132996
0.2555931508541107
0.20110313594341278
0.2845337986946106
0.23789244890213013
0.18377810716629028
0.20325201749801636
0.33113130927085876
0.17506353557109833
0.19666308164596558
0.39951008558273315
0.39577579498291016
0.26540714502334595
0.4328773021697998
0.19668813049793243
0.33113130927085876
0.17722174525260925
0.10679686069488525
0.18837043642997742
0.1705087125301361
0.22999624907970428
0.3818429708480835
0.23217347264289856
0.1538078486919403
0.17549127340316772
0.4012528657913208
0.18654191493988037
0.21882791817188263
0.22429755330085754
0.2102721482515335
0.1735733449459076
0.17815259099006653
0.24123765528202057
0.16013136506080627
0.2790589928627014
0.2041129767894745
0.19765704870224
0.1659483015537262
0.2677059769630432
0.2651634216308594
0.21002614498138428
0.19936320185661316
0.3818429708480835
0.19293616712093353
0.3035464584827423
0.19372719526290894
0.3818429708480835
0.1603931337594986
0.3512842655181885
0.1606181263923645
0.18735557794570923
0.11904771625995636
0.31983911991119385
0.3818429708480835
0.3494661748409271
0.33113130927085876
0.31983911991119385
0.2003486603498459
0.13324284553527832
0.12923294305801392
0.12794125080108643
0.17668229341506958
0.1041421890258789
0.3818429708480835
0.3818429708480835
0.36476489901542664
0.39814576506614685
0.22868521511554718
0.18202224373817444
0.2667478322982788
0.5274648666381836
0.33113130927085876
0.3818429708480835
0.19011139869689941
0.15082164108753204
0.22404368221759796
0.31983911991119385
0.23655803501605988
0.22968170046806335
0.1536070704460144
0.1539076864719391
0.3818429708480835
0.27224668860435486
0.33113130927085876
0.4012528657913208
0.1412740796804428
0.14979863166809082
0.15397456288337708
0.24968230724334717
0.29483509063720703
0.28512442111968994
0.3818429708480835
0.40361616015434265
0.3818429708480835
0.4012528657913208
0.3818429708480835
0.255196213722229
0.26753661036491394
0.3181590139865875
0.3226117491722107
0.27865803241729736
0.13104552030563354
0.33113130927085876
0.18116971850395203
0.3219454288482666
0.24064332246780396
0.16875365376472473
0.2632675766944885
0.2729034423828125
0.3818429708480835
0.3712168335914612
0.3818429708480835
0.16849930584430695
0.18346168100833893
0.38937368988990784
0.278795450925827
0.1966523975133896
0.2772310972213745
0.3268243372440338
0.1762373447418213
0.17490024864673615
0.16851794719696045
0.2503786087036133
0.4012528657913208
0.234526589512825
0.33113130927085876
0.2463468611240387
0.37158501148223877
0.39814576506614685
0.3818429708480835
0.17352509498596191
0.13978882133960724
0.17861376702785492
0.20183217525482178
0.19784945249557495
0.39758676290512085
0.3818429708480835
0.24448838829994202
0.3818429708480835
0.39814576506614685
0.15037795901298523
0.12952850759029388
0.19992595911026
0.16135156154632568
0.26264822483062744
0.4012528657913208
0.1931408941745758
0.23780131340026855
0.2662229537963867
0.21730361878871918
0.199318528175354
0.1311395913362503
0.3818429708480835
0.3818429708480835
0.21509027481079102
0.1417946219444275
0.3818429708480835
0.10141390562057495
0.18472175300121307
0.21722295880317688
0.3818429708480835
0.21768274903297424
0.1816694736480713
0.18222765624523163
0.2426215410232544
0.2664411664009094
0.1560075581073761
0.13001686334609985
0.13614845275878906
0.4012528657913208
0.1307816058397293
0.19525232911109924
0.19822342693805695
0.19399337470531464
0.21106284856796265
0.3220973610877991
0.18936428427696228
0.2843819558620453
0.3181590139865875
0.3818429708480835
0.23557046055793762
0.3910818099975586
0.22917988896369934
0.15084639191627502
0.20222529768943787
0.3512568473815918
0.13324284553527832
0.2183268517255783
0.3818429708480835
0.3818429708480835
0.2258327454328537
0.19380821287631989
0.16907542943954468
0.25654709339141846
0.19550126791000366
0.21666964888572693
0.27874284982681274
0.39814576506614685
0.18758414685726166
0.3816753625869751
0.18229201436042786
0.3967694044113159
0.3818429708480835
0.15348020195960999
0.1854276806116104
0.22393237054347992
0.3818429708480835
0.25183337926864624
0.20611029863357544
0.1755094677209854
0.1765938401222229
0.22260040044784546
0.27525848150253296
0.2699919641017914
0.3818429708480835
0.143608957529068
0.1983073651790619
0.34565821290016174
0.3818429708480835
0.14979395270347595
0.3816753625869751
0.1980479508638382
0.2288006693124771
0.3818429708480835
0.3181590139865875
0.20129191875457764
0.4012528657913208
0.24854569137096405
0.14414215087890625
0.22788405418395996
0.23048217594623566
0.33897584676742554
0.4012528657913208
0.39814576506614685
0.32798925042152405
0.2322608232498169
0.18743127584457397
0.21073028445243835
0.20501795411109924
0.17103034257888794
0.23961172997951508
0.28551578521728516
0.33113130927085876
0.3818429708480835
0.11923158168792725
0.19903266429901123
0.3181590139865875
0.33113130927085876
0.39814576506614685
0.33113130927085876
0.19448880851268768
0.3818429708480835
0.3818429708480835
0.20617741346359253
0.3818429708480835
0.13647672533988953
0.2287055402994156
0.2103033810853958
0.3818429708480835
0.3282685875892639
0.39758676290512085
0.3818429708480835
0.3040136396884918
0.3818429708480835
0.2449638843536377
0.4012528657913208
0.3818429708480835
0.23780131340026855
0.3818429708480835
0.19360366463661194
0.21352334320545197
0.18697711825370789
0.18881447613239288
0.38937368988990784
0.3818429708480835
0.31519192457199097
0.17439818382263184
0.13402673602104187
0.16287805140018463
0.33113130927085876
0.31983911991119385
0.25801801681518555
0.23780131340026855
0.39814576506614685
0.14806468784809113
0.1742020547389984
0.175199493765831
0.374880850315094
0.3818429708480835
0.4012528657913208
0.1772974133491516
0.19839760661125183
0.13872665166854858
0.305078387260437
0.249507874250412
0.17404338717460632
0.1513180136680603
0.22586581110954285
0.33113130927085876
0.4012528657913208
0.22319355607032776
0.21359390020370483
0.1641557663679123
0.2357858270406723
0.22924962639808655
0.26796025037765503
0.3181590139865875
0.1791306734085083
0.3818429708480835
0.3818429708480835
0.3691585063934326
0.2247411012649536
0.12911637127399445
0.3818429708480835
0.09168276190757751
0.19558697938919067
0.23588228225708008
0.25951650738716125
0.18234030902385712
0.3818429708480835
0.5426363348960876
0.22427164018154144
0.19667595624923706
0.2090352475643158
0.16691148281097412
0.2442803680896759
0.22200952470302582
0.2387252002954483
0.17675189673900604
0.1422961801290512
0.3818429708480835
0.1589764952659607
0.2570311427116394
0.13427618145942688
0.3818429708480835
0.3412070870399475
0.20106449723243713
0.3818429708480835
0.2543981671333313
0.33113130927085876
0.3818429708480835
0.18739452958106995
0.19639402627944946
0.2093377411365509
0.24682548642158508
0.22995124757289886
0.19906288385391235
0.1481287181377411
0.1800803542137146
0.3818429708480835
0.33113130927085876
0.3818429708480835
0.22135332226753235
0.1428195685148239
0.31983911991119385
0.3818429708480835
0.22404421865940094
0.17046412825584412
0.274708092212677
0.31983911991119385
0.38172826170921326
0.202435702085495
0.3818429708480835
0.29939985275268555
0.3910524845123291
0.21676704287528992
0.17461103200912476
0.268327921628952
0.22223617136478424
0.2034483253955841
0.36515098810195923
0.3818429708480835
0.24184545874595642
0.23305873572826385
0.17720136046409607
0.3182363212108612
0.2588862478733063
0.3691585063934326
0.15013983845710754
0.07021042704582214
0.13324284553527832
0.19849632680416107
0.1906513273715973
0.2215265929698944
0.23613989353179932
0.14993509650230408
0.4012528657913208
0.2692512273788452
0.21780900657176971
0.33113130927085876
0.3444445729255676
0.1561128795146942
0.3390008807182312
0.39814576506614685
0.23780131340026855
0.33113130927085876
0.1910155862569809
0.21619391441345215
0.3818429708480835
0.19208946824073792
0.2570311427116394
0.17443522810935974
0.1974043846130371
0.3478294312953949
0.4012528657913208
0.2025947868824005
0.18960264325141907
0.3818429708480835
0.3818429708480835
0.18689179420471191
0.1636960655450821
0.24412894248962402
0.11964508891105652
0.18357184529304504
0.39814576506614685
0.3556614816188812
0.1683703362941742
0.22313296794891357
0.1820361316204071
0.33113130927085876
0.3818429708480835
0.20545320212841034
0.12837600708007812
0.3818429708480835
0.3752514719963074
0.274919718503952
0.21105414628982544
0.15467913448810577
0.33113130927085876
0.3818429708480835
0.39187973737716675
0.2100842446088791
0.4012528657913208
0.22861316800117493
0.3818429708480835
0.17295923829078674
0.15846090018749237
0.33113130927085876
0.328750342130661
0.3818429708480835
0.19155964255332947
0.0856463760137558
0.23780131340026855
0.20301786065101624
0.38937368988990784
0.22492045164108276
0.16205421090126038
0.11155888438224792
0.1768510937690735
0.2425016164779663
0.3818429708480835
0.24095118045806885
0.1797012984752655
0.19250449538230896
0.24572113156318665
0.3818429708480835
0.24134735763072968
0.14796987175941467
0.33135586977005005
0.26485276222229004
0.39814576506614685
0.17694847285747528
0.15146635472774506
0.2845337986946106
0.11246474087238312
0.2502475380897522
0.31159740686416626
0.1805909425020218
0.14166301488876343
0.17753344774246216
0.2073708325624466
0.3818429708480835
0.2124733328819275
0.374880850315094
0.3818429708480835
0.18479983508586884
0.19095510244369507
0.20718953013420105
0.25171899795532227
0.2826709747314453
0.18273672461509705
0.24263334274291992
0.23780131340026855
0.2916335463523865
0.18862853944301605
0.40361616015434265
0.33113130927085876
0.33113130927085876
0.3818429708480835
0.2145392745733261
0.20490823686122894
0.37058621644973755
0.3818429708480835
0.14179693162441254
0.33113130927085876
0.3818429708480835
0.3818429708480835
0.4012528657913208
0.20729641616344452
0.1742020547389984
0.3181590139865875
0.31691601872444153
0.2548414170742035
0.23780131340026855
0.20721417665481567
0.2309149205684662
0.3366342782974243
0.13314014673233032
0.12473276257514954
0.340823769569397
0.3818429708480835
0.3691585063934326
0.18190059065818787
0.3818429708480835
0.17697350680828094
0.33113130927085876
0.25808146595954895
0.29981791973114014
0.17399215698242188
0.23051540553569794
0.24572540819644928
0.17969518899917603
0.20889726281166077
0.18892315030097961
0.1357904076576233
0.23780131340026855
0.3390008807182312
0.16992516815662384
0.138605996966362
0.2722253203392029
0.2095244824886322
0.16843976080417633
0.29773131012916565
0.15585945546627045
0.4012528657913208
0.1335831582546234
0.22669953107833862
0.18118157982826233
0.2789686322212219
0.15289610624313354
0.2982238829135895
0.39814576506614685
0.10526034235954285
0.23127807676792145
0.3818429708480835
0.14470528066158295
0.14414215087890625
0.3818429708480835
0.13564981520175934
0.1897788643836975
0.15887728333473206
0.3818429708480835
0.3818429708480835
0.3818429708480835
0.33113130927085876
0.16588740050792694
0.2691708207130432
0.3818429708480835
0.17578524351119995
0.1414281129837036
0.2586442232131958
0.39814576506614685
0.3818429708480835
0.17788046598434448
0.3818429708480835
0.21919168531894684
0.33680260181427
0.17687447369098663
0.3818429708480835
0.33113130927085876
0.3818429708480835
0.22641189396381378
0.15217961370944977
0.23030507564544678
0.3287547528743744
0.1636885404586792
0.18086043000221252
0.19737160205841064
0.33113130927085876
0.2763597369194031
0.38937368988990784
0.3818429708480835
0.3818429708480835
0.3789936900138855
0.14601123332977295
0.1874026358127594
0.21566472947597504
0.15642394125461578
0.2898942828178406
0.22671619057655334
0.2422785460948944
0.20673245191574097
0.17467090487480164
0.20496845245361328
0.2140749990940094
0.3818429708480835
0.2522946894168854
0.23405103385448456
0.4006142020225525
0.19665181636810303
0.21529802680015564
0.2021474540233612
0.3818429708480835
0.3551216721534729
0.2352842390537262
0.21189166605472565
0.35402268171310425
0.3818429708480835
0.33113130927085876
0.3818429708480835
0.12309250235557556
0.24574923515319824
0.33113130927085876
0.18198689818382263
0.3390008807182312
0.2140786200761795
0.23774369060993195
0.1401275098323822
0.19142194092273712
0.3818429708480835
0.33113130927085876
0.3818429708480835
0.33113130927085876
0.3818429708480835
0.21259453892707825
0.3818429708480835
0.3818429708480835
0.2362988442182541
0.16066911816596985
0.3118552565574646
0.3818429708480835
0.2551405429840088
0.2410123348236084
0.36405253410339355
0.33113130927085876
0.2357858270406723
0.2072371393442154
0.1521925926208496
0.20510564744472504
0.22227169573307037
0.26059436798095703
0.3818429708480835
0.10123938322067261
0.33113130927085876
0.30028101801872253
0.23872488737106323
0.3418843150138855
0.23191431164741516
0.3818429708480835
0.3818429708480835
0.18136540055274963
0.4012528657913208
0.24146565794944763
0.24220949411392212
0.18077749013900757
0.3818429708480835
0.1411699652671814
0.2834213972091675
0.12974998354911804
0.17979365587234497
0.3818429708480835
0.12279455363750458
0.19351248443126678
0.17592452466487885
0.3013796806335449
0.4275740385055542
0.2749580442905426
0.10264787077903748
0.3181590139865875
0.3818429708480835
0.3181590139865875
0.2366105616092682
0.3818429708480835
0.21095994114875793
0.18130293488502502
0.2270686775445938
0.38937368988990784
0.27625909447669983
0.1981479823589325
0.4012528657913208
0.2901705503463745
0.08262261748313904
0.25090306997299194
0.33113130927085876
0.3818429708480835
0.31983911991119385
0.3512842655181885
0.19771361351013184
0.16195689141750336
0.34610456228256226
0.4012528657913208
0.20846664905548096
0.06265872716903687
0.3538331389427185
0.13324284553527832
0.20564806461334229
0.33113130927085876
0.12531080842018127
0.3851487934589386
0.3067322373390198
0.1876678168773651
0.3818429708480835
0.11024037003517151
0.33113130927085876
0.36977481842041016
0.2362532913684845
0.1578204333782196
0.1706458032131195
0.4012528657913208
0.3366273045539856
0.18713533878326416
0.39094746112823486
0.3818429708480835
0.18665477633476257
0.21840958297252655
0.22182346880435944
0.19684386253356934
0.42066943645477295
0.30815473198890686
0.2216395139694214
0.26717814803123474
0.22683368623256683
0.16134712100028992
0.29783153533935547
0.23944321274757385
0.2826606333255768
0.16926394402980804
0.33113130927085876
0.1667361557483673
0.09642930328845978
0.2501218914985657
0.15689349174499512
0.31983911991119385
0.4012528657913208
0.18915586173534393
0.2845337986946106
0.3818429708480835
0.22738835215568542
0.18129633367061615
0.2784423232078552
0.08898493647575378
0.33113130927085876
0.1896270513534546
0.1741906702518463
0.20525097846984863
0.12648260593414307
0.33113130927085876
0.3818429708480835
0.21955746412277222
0.3818429708480835
0.3818429708480835
0.2605553865432739
0.33113130927085876
0.1667361557483673
0.22400929033756256
0.47444286942481995
0.1971319019794464
0.1873496025800705
0.3818429708480835
0.2140999734401703
0.15431860089302063
0.13065215945243835
0.1738656461238861
0.3181590139865875
0.29324275255203247
0.18619376420974731
0.25752881169319153
0.29995211958885193
0.3818429708480835
0.22471600770950317
0.18753892183303833
0.15537837147712708
0.1476081907749176
0.19291165471076965
0.18898427486419678
0.12019217014312744
0.2581993341445923
0.13324284553527832
0.3520289659500122
0.14354750514030457
0.1921958327293396
0.3818429708480835
0.39962291717529297
0.19133920967578888
0.33113130927085876
0.19929170608520508
0.39814576506614685
0.14629366993904114
0.2316993772983551
0.23232817649841309
0.15703845024108887
0.13324284553527832
0.17419514060020447
0.20585781335830688
0.3295046091079712
0.23780131340026855
0.33113130927085876
0.16015338897705078
0.33113130927085876
0.3818429708480835
0.2012142837047577
0.2316291630268097
0.12911637127399445
0.19035623967647552
0.3818429708480835
0.3632618486881256
0.1873621940612793
0.3389570415019989
0.3818429708480835
0.39814576506614685
0.3724430799484253
0.17541205883026123
0.3818429708480835
0.31983911991119385
0.15862837433815002
0.15019471943378448
0.1939816027879715
0.2135787159204483
0.2390902191400528
0.12539885938167572
0.20154240727424622
0.16640236973762512
0.23347321152687073
0.38937368988990784
0.1676182746887207
0.16959917545318604
0.33113130927085876
0.34394946694374084
0.33113130927085876
0.24072265625
0.3818429708480835
0.20149917900562286
0.3818429708480835
0.19947367906570435
0.3818429708480835
0.3818429708480835
0.2147311568260193
0.3311063051223755
0.27329665422439575
0.28973957896232605
0.3818429708480835
0.21825756132602692
0.2225366234779358
0.30716800689697266
0.15980325639247894
0.14162161946296692
0.2749580442905426
0.19140663743019104
0.3961583375930786
0.16416864097118378
0.2570311427116394
0.209035724401474
0.18942797183990479
0.18655577301979065
0.21647343039512634
0.35127514600753784
0.14107228815555573
0.13587245345115662
0.30502140522003174
0.12552766501903534
0.17175033688545227
0.17329299449920654
0.3818429708480835
0.265771746635437
0.2558978796005249
0.3818429708480835
0.31983911991119385
0.23681867122650146
0.2078949362039566
0.3219454288482666
0.3818429708480835
0.23468174040317535
0.3818429708480835
0.17420877516269684
0.18686053156852722
0.21014991402626038
0.18529093265533447
0.1781858503818512
0.2365659773349762
0.1780347228050232
0.39814576506614685
0.5039044618606567
0.3818429708480835
0.1000535637140274
0.33113130927085876
0.4012528657913208
0.21348372101783752
0.29755768179893494
0.2288563996553421
0.39814576506614685
0.19149726629257202
0.2544955313205719
0.3852265775203705
0.30527257919311523
0.17612296342849731
0.1806180328130722
0.16390258073806763
0.1868053376674652
0.21320654451847076
0.3818429708480835
0.18547645211219788
0.19570747017860413
0.3818429708480835
0.38937368988990784
0.2942029535770416
0.2920929789543152
0.4146963655948639
0.3912475109100342
0.31983911991119385
0.27975836396217346
0.3853386342525482
0.4012528657913208
0.17848724126815796
0.25632384419441223
0.22397297620773315
0.2218625694513321
0.3949066400527954
0.2719295918941498
0.24018315970897675
0.22429168224334717
0.15294215083122253
0.3818429708480835
0.3818429708480835
0.1386139690876007
0.33113130927085876
0.26662546396255493
0.3818429708480835
0.2256413847208023
0.22587227821350098
0.3181590139865875
0.1658334881067276
0.22120653092861176
0.2903349995613098
0.3818429708480835
0.1649547517299652
0.3818429708480835
0.3818429708480835
0.3818429708480835
0.215921550989151
0.18278396129608154
0.34182843565940857
0.39814576506614685
0.2065604031085968
0.18787045776844025
0.19253826141357422
0.16147491335868835
0.2878515422344208
0.14850270748138428
0.2609596848487854
0.3818429708480835
0.18335330486297607
0.3818429708480835
0.18911799788475037
0.21961963176727295
0.33668872714042664
0.32973435521125793
0.3818429708480835
0.10670354962348938
0.21454524993896484
0.3818429708480835
0.21943117678165436
0.19193769991397858
0.33588171005249023
0.103181853890419
0.33113130927085876
0.21767203509807587
0.2429036647081375
0.18072883784770966
0.2029520720243454
0.3818429708480835
0.3082599639892578
0.2149476706981659
0.2155953347682953
0.3818429708480835
0.18946585059165955
0.33113130927085876
0.1565188765525818
0.13490495085716248
0.40153664350509644
0.3818429708480835
0.3818429708480835
0.2053069770336151
0.22193405032157898
0.3202546238899231
0.24599461257457733
0.2459288090467453
0.3818429708480835
0.21395203471183777
0.21080844104290009
0.10605663061141968
0.2466777265071869
0.18161611258983612
0.15370966494083405
0.2109302282333374
0.2935410141944885
0.16430291533470154
0.1344958394765854
0.33185285329818726
0.22361613810062408
0.40194153785705566
0.16629111766815186
0.21116334199905396
0.23979681730270386
0.21989163756370544
0.21767516434192657
0.2964157462120056
0.3853386342525482
0.3818429708480835
0.23835252225399017
0.3818429708480835
0.39814576506614685
0.3818429708480835
0.252934992313385
0.31983911991119385
0.21208226680755615
0.3818429708480835
0.23624175786972046
0.21318519115447998
0.14193308353424072
0.2642801105976105
0.1925557255744934
0.16688179969787598
0.27303028106689453
0.2477194368839264
0.18014919757843018
0.27012643218040466
0.33113130927085876
0.1612168252468109
0.3818429708480835
0.23130300641059875
0.22434939444065094
0.36401498317718506
0.17962071299552917
0.2455633133649826
0.20035549998283386
0.4009850025177002
0.24909864366054535
0.3818429708480835
0.3818429708480835
0.27865803241729736
0.14697958528995514
0.14347364008426666
0.1685703694820404
0.19520440697669983
0.4216252267360687
0.33113130927085876
0.17063000798225403
0.19959118962287903
0.23780131340026855
0.33113130927085876
0.19096796214580536
0.3818429708480835
0.2749580442905426
0.18260449171066284
0.39814576506614685
0.33135586977005005
0.20441484451293945
0.2638784348964691
0.4027121067047119
0.12871959805488586
0.28231385350227356
0.13513004779815674
0.20624950528144836
0.29177039861679077
0.33113130927085876
0.14254030585289001
0.19057238101959229
0.18957936763763428
0.2064799964427948
0.18785232305526733
0.369851678609848
0.3818429708480835
0.21274051070213318
0.24619171023368835
0.3691585063934326
0.17342813313007355
0.3818429708480835
0.33113130927085876
0.25553661584854126
0.14162161946296692
0.16548216342926025
0.23829808831214905
0.29027292132377625
0.374880850315094
0.3818429708480835
0.15504726767539978
0.18674398958683014
0.15845859050750732
0.3818429708480835
0.16919997334480286
0.1667361557483673
0.1510532796382904
0.3818429708480835
0.25289463996887207
0.3818429708480835
0.3818429708480835
0.2277449667453766
0.19585712254047394
0.2121969759464264
0.18287819623947144
0.3818429708480835
0.3818429708480835
0.33113130927085876
0.39814576506614685
0.1947389543056488
0.20948825776576996
0.22492378950119019
0.2554668188095093
0.15252822637557983
0.1330210268497467
0.16534852981567383
0.1385374218225479
0.3818429708480835
0.19611689448356628
0.3181590139865875
0.2665729522705078
0.2845776081085205
0.3818429708480835
0.34586575627326965
0.3512568473815918
0.3181590139865875
0.08262261748313904
0.2248707413673401
0.17660371959209442
0.33113130927085876
0.20429694652557373
0.3171953558921814
0.18737585842609406
0.2113279551267624
0.33113130927085876
0.3459175229072571
0.3818429708480835
0.33113130927085876
0.19627809524536133
0.2992272973060608
0.15282540023326874
0.19900266826152802
0.2624172568321228
0.20931369066238403
0.3135279417037964
0.17936581373214722
0.25815024971961975
0.1371852457523346
0.18627145886421204
0.1431877464056015
0.3818429708480835
0.24613326787948608
0.3024016320705414
0.15578512847423553
0.22741299867630005
0.23356851935386658
0.12473276257514954
0.22055739164352417
0.23403076827526093
0.13795989751815796
0.3818429708480835
0.3826903700828552
0.17569194734096527
0.18082988262176514
0.4012528657913208
0.16357895731925964
0.33113130927085876
0.1670057773590088
0.12911637127399445
0.31983911991119385
0.3818429708480835
0.3384106159210205
0.3818429708480835
0.20904381573200226
0.22917863726615906
0.39814576506614685
0.33113130927085876
0.18858087062835693
0.33113130927085876
0.16977126896381378
0.38937368988990784
0.34114599227905273
0.2596246004104614
0.15393313765525818
0.16064530611038208
0.17099334299564362
0.256510466337204
0.1499171108007431
0.19511105120182037
0.2920929789543152
0.2656590938568115
0.18843118846416473
0.2264646291732788
0.3818429708480835
0.23780131340026855
0.08130456507205963
0.21342968940734863
0.1507081687450409
0.3818429708480835
0.30913448333740234
0.15535642206668854
0.26369327306747437
0.3818429708480835
0.1904260516166687
0.249476820230484
0.23780131340026855
0.3818429708480835
0.18989861011505127
0.36405253410339355
0.23780131340026855
0.13163287937641144
0.3818429708480835
0.4012528657913208
0.17171311378479004
0.3818429708480835
0.16248205304145813
0.21777769923210144
0.21718108654022217
0.28252673149108887
0.2181163728237152
0.14957308769226074
0.13324284553527832
0.19758844375610352
0.39814576506614685
0.20901688933372498
0.19454652070999146
0.19420380890369415
0.21863345801830292
0.18139035999774933
0.21088550984859467
0.2143426537513733
0.39866191148757935
0.22808738052845
0.33402183651924133
0.4017708897590637
0.30979108810424805
0.31983911991119385
0.23413869738578796
0.16438698768615723
0.39814576506614685
0.26497751474380493
0.10922777652740479
0.3159356713294983
0.14246037602424622
0.33113130927085876
0.19744011759757996
0.2258690595626831
0.33329707384109497
0.2124660611152649
0.1947767734527588
0.24900740385055542
0.1755329817533493
0.17537811398506165
0.387789249420166
0.3003539443016052
0.3818429708480835
0.15327969193458557
0.06215505301952362
0.1970106065273285
0.1563461720943451
0.31983911991119385
0.26431816816329956
0.22233326733112335
0.4012528657913208
0.4012528657913208
0.3818429708480835
0.4012528657913208
0.23958757519721985
0.3056359887123108
0.1986897736787796
0.3181590139865875
0.33113130927085876
0.17695216834545135
0.2140749990940094
0.25735050439834595
0.12735824286937714
0.22103264927864075
0.39758676290512085
0.13324284553527832
0.1389559656381607
0.18072852492332458
0.2059512436389923
0.33113130927085876
0.20008178055286407
0.19447362422943115
0.1982901394367218
0.3781863749027252
0.3181590139865875
0.4012528657913208
0.4012528657913208
0.39814576506614685
0.3247109651565552
0.3853386342525482
0.13324284553527832
0.1783265620470047
0.2313729226589203
0.1550862044095993
0.22460520267486572
0.278654009103775
0.24051234126091003
0.2920929789543152
0.17063826322555542
0.1818244606256485
0.328750342130661
0.22389261424541473
0.1896648108959198
0.17914247512817383
0.190175399184227
0.19395603239536285
0.47353291511535645
0.3818429708480835
0.22634531557559967
0.22681425511837006
0.27968379855155945
0.3206428587436676
0.2484693080186844
0.3818429708480835
0.3676825165748596
0.14153355360031128
0.27473798394203186
0.40027907490730286
0.33113130927085876
0.16692468523979187
0.1653505563735962
0.3818429708480835
0.3181590139865875
0.3818429708480835
0.39814576506614685
0.2821219861507416
0.23878878355026245
0.22310614585876465
0.1902020126581192
0.24406588077545166
0.2901705503463745
0.17839649319648743
0.18278616666793823
0.19843736290931702
0.2760526239871979
0.39814576506614685
0.1330210268497467
0.3818429708480835
0.41106167435646057
0.16136495769023895
0.2452310174703598
0.1877276599407196
0.3818429708480835
0.33113130927085876
0.19130054116249084
0.40194153785705566
0.17162588238716125
0.2847239077091217
0.33113130927085876
0.24447426199913025
0.24487677216529846
0.22950531542301178
0.1707838475704193
0.27527132630348206
0.20275354385375977
0.28196990489959717
0.20010530948638916
0.1896822303533554
0.18395069241523743
0.3818429708480835
0.31661340594291687
0.38678693771362305
0.1993769109249115
0.15518805384635925
0.16425815224647522
0.14454129338264465
0.2639882564544678
0.12473276257514954
0.1648305505514145
0.23768247663974762
0.22452056407928467
0.36147552728652954
0.29362887144088745
0.21432247757911682
0.3818429708480835
0.4012528657913208
0.23068305850028992
0.21701040863990784
0.22873497009277344
0.3724566102027893
0.23177288472652435
0.4012528657913208
0.3818429708480835
0.3007105886936188
0.31199347972869873
0.27067869901657104
0.23218150436878204
0.22295646369457245
0.21928037703037262
0.3818429708480835
0.20600378513336182
0.17748257517814636
0.27731239795684814
0.3055361807346344
0.33113130927085876
0.4730067253112793
0.3181590139865875
0.2600945830345154
0.190292090177536
0.2514216899871826
0.15692061185836792
0.1689300388097763
0.4012528657913208
0.14093784987926483
0.19844865798950195
0.22326314449310303
0.19841420650482178
0.3818429708480835
0.15757840871810913
0.12473276257514954
0.2792619466781616
0.39814576506614685
0.1883954554796219
0.2033228874206543
0.31983911991119385
0.3818429708480835
0.27140530943870544
0.23239871859550476
0.21636749804019928
0.3818429708480835
0.14823032915592194
0.24668626487255096
0.36405253410339355
0.22830946743488312
0.1496557891368866
0.33113130927085876
0.21869073808193207
0.3818429708480835
0.2920929789543152
0.2724757194519043
0.15409249067306519
0.39814576506614685
0.21812976896762848
0.18396726250648499
0.14414215087890625
0.4016777575016022
0.3181590139865875
0.3818429708480835
0.33113130927085876
0.15662333369255066
0.3818429708480835
0.19989041984081268
0.15265768766403198
0.24801911413669586
0.24098119139671326
0.4012528657913208
0.35142722725868225
0.33113130927085876
0.22052611410617828
0.3176771402359009
0.3818429708480835
0.13780421018600464
0.17293739318847656
0.16645236313343048
0.4012528657913208
0.3818429708480835
0.14663833379745483
0.3418843150138855
0.13252660632133484
0.39814576506614685
0.2255144715309143
0.3512842655181885
0.18682710826396942
0.3512842655181885
0.16851362586021423
0.17804822325706482
0.12271583080291748
0.2393026202917099
0.1778738796710968
0.3818429708480835
0.2566360831260681
0.2153962105512619
0.16711464524269104
0.18281306326389313
0.23037345707416534
0.2730075716972351
0.2561919391155243
0.1979229748249054
0.2010703682899475
0.19397017359733582
0.24434787034988403
0.13802452385425568
0.053700923919677734
0.3447395861148834
0.17730024456977844
0.30610203742980957
0.19008317589759827
0.3818429708480835
0.24095386266708374
0.20788320899009705
0.1458618938922882
0.3851487934589386
0.18823975324630737
0.3818429708480835
0.38807785511016846
0.2819896936416626
0.16374683380126953
0.33113130927085876
0.18554523587226868
0.21617074310779572
0.21113669872283936
0.1812368929386139
0.18454858660697937
0.1895093023777008
0.3818429708480835
0.20204472541809082
0.19802159070968628
0.18088948726654053
0.19485056400299072
0.33113130927085876
0.18327005207538605
0.24901804327964783
0.33113130927085876
0.18094435334205627
0.3818429708480835
0.27811580896377563
0.2845337986946106
0.21206095814704895
0.12138575315475464
0.17413151264190674
0.23941658437252045
0.18916809558868408
0.16352331638336182
0.1882496178150177
0.2560025453567505
0.2518612742424011
0.39814576506614685
0.3818429708480835
0.31983911991119385
0.3106876015663147
0.21513350307941437
0.17596721649169922
0.10848212242126465
0.3818429708480835
0.14343923330307007
0.23780131340026855
0.2683456242084503
0.21546371281147003
0.16204243898391724
0.21840056777000427
0.20775410532951355
0.14174672961235046
0.3818429708480835
0.3818429708480835
0.3818429708480835
0.14386126399040222
0.1779962182044983
0.18181318044662476
0.3818429708480835
0.22764723002910614
0.3512842655181885
0.1960030198097229
0.22099101543426514
0.195686936378479
0.15884457528591156
0.33113130927085876
0.2951912581920624
0.3075442314147949
0.2826709747314453
0.23126614093780518
0.2851494550704956
0.3818429708480835
0.5425068140029907
0.08832564949989319
0.18801383674144745
0.2537006437778473
0.33113130927085876
0.14374159276485443
0.2031090259552002
0.18595442175865173
0.09691065549850464
0.21267886459827423
0.27044400572776794
0.11340688169002533
0.22190426290035248
0.23780131340026855
0.31983911991119385
0.06094291806221008
0.30451083183288574
0.18411174416542053
0.16814300417900085
0.33537858724594116
0.19867539405822754
0.3360864520072937
0.15212753415107727
0.15714263916015625
0.2366197407245636
0.1736806333065033
0.22427283227443695
0.33113130927085876
0.3818429708480835
0.33113130927085876
0.31215232610702515
0.18789657950401306
0.10983312129974365
0.13132524490356445
0.4017708897590637
0.3818429708480835
0.17918269336223602
0.21811941266059875
0.3818429708480835
0.20921148359775543
0.23905915021896362
0.353549599647522
0.33113130927085876
0.23816615343093872
0.1414976418018341
0.1648108959197998
0.09779682755470276
0.20959718525409698
0.25569555163383484
0.15865343809127808
0.23665279150009155
0.22028356790542603
0.1843128800392151
0.2570311427116394
0.33113130927085876
0.11875593662261963
0.27186456322669983
0.3818429708480835
0.151010662317276
0.12911637127399445
0.3896515965461731
0.12673258781433105
0.29379498958587646
0.2571845054626465
0.2233886420726776
0.4012528657913208
0.3638535737991333
0.31983911991119385
0.3818429708480835
0.33113130927085876
0.2313729226589203
0.3818429708480835
0.2049921154975891
0.3181590139865875
0.12431496381759644
0.2263323962688446
0.16164615750312805
0.3818429708480835
0.567840039730072
0.2160840928554535
0.20086297392845154
0.3818429708480835
0.39814576506614685
0.23407110571861267
0.31983911991119385
0.143608957529068
0.15788620710372925
0.25792020559310913
0.3818429708480835
0.33113130927085876
0.1852826178073883
0.16878002882003784
0.22394868731498718
0.31983911991119385
0.2016209065914154
0.12911637127399445
0.2844908833503723
0.12431496381759644
0.35402268171310425
0.33113130927085876
0.23775728046894073
0.3818429708480835
0.17809218168258667
0.23155206441879272
0.4012528657913208
0.184783473610878
0.21423856914043427
0.21046943962574005
0.18603038787841797
0.3818429708480835
0.3818429708480835
0.2566368877887726
0.12515391409397125
0.13406798243522644
0.28027278184890747
0.2529033422470093
0.19498533010482788
0.3818429708480835
0.2966357469558716
0.31983911991119385
0.358383446931839
0.3818429708480835
0.2172231376171112
0.3818429708480835
0.3818429708480835
0.3818429708480835
0.21816745400428772
0.2845640182495117
0.24528172612190247
0.16799086332321167
0.3540180027484894
0.23033681511878967
0.33113130927085876
0.29702553153038025
0.39710789918899536
0.12284387648105621
0.1240481436252594
0.24895811080932617
0.4012528657913208
0.2587743401527405
0.3547396659851074
0.23003077507019043
0.38722145557403564
0.19135838747024536
0.13324284553527832
0.18910427391529083
0.2734977602958679
0.3815823495388031
0.3181590139865875
0.21484945714473724
0.2704637944698334
0.4012528657913208
0.18670381605625153
0.3818429708480835
0.16609635949134827
0.15083405375480652
0.3818429708480835
0.15745142102241516
0.16972483694553375
0.4012528657913208
0.22250138223171234
0.3818429708480835
0.1552952527999878
0.3818429708480835
0.20046517252922058
0.3730512261390686
0.16117598116397858
0.20561540126800537
0.23371043801307678
0.3818429708480835
0.14704279601573944
0.3181590139865875
0.17326205968856812
0.27278703451156616
0.1434726119041443
0.23239871859550476
0.1053461879491806
0.2845337986946106
0.26613378524780273
0.30299249291419983
0.20392194390296936
0.151010662317276
0.22194334864616394
0.33113130927085876
0.20380087196826935
0.2429836094379425
0.4012528657913208
0.33113130927085876
0.2602611482143402
0.31983911991119385
0.3202570378780365
0.31983911991119385
0.1802845001220703
0.19494548439979553
0.3818429708480835
0.24934329092502594
0.20938515663146973
0.4016777575016022
0.1899319440126419
0.28033339977264404
0.33113130927085876
0.1342858076095581
0.21002967655658722
0.2780327796936035
0.2376972734928131
0.2364117056131363
0.22690163552761078
0.20066194236278534
0.23942621052265167
0.21991606056690216
0.3816753625869751
0.2054537534713745
0.3818429708480835
0.33593761920928955
0.25932133197784424
0.23780131340026855
0.21265822649002075
0.19199104607105255
0.17411315441131592
0.39065951108932495
0.17121857404708862
0.40162867307662964
0.21986210346221924
0.39814576506614685
0.31983911991119385
0.13324284553527832
0.18057340383529663
0.3818429708480835
0.1541757732629776
0.3181590139865875
0.33113130927085876
0.19019588828086853
0.18798765540122986
0.19087132811546326
0.20678526163101196
0.23326992988586426
0.2302735149860382
0.20865848660469055
0.0507962703704834
0.2576666474342346
0.21147829294204712
0.33113130927085876
0.3818429708480835
0.2746696472167969
0.3818429708480835
0.22370180487632751
0.09017662703990936
0.1911756694316864
0.18324626982212067
0.19978445768356323
0.16058266162872314
0.3155897259712219
0.14252634346485138
0.3818429708480835
0.39814576506614685
0.3181590139865875
0.20850153267383575
0.2727203369140625
0.28640416264533997
0.17311425507068634
0.39814576506614685
0.23780131340026855
0.2353598177433014
0.28290653228759766
0.29210519790649414
0.2757102847099304
0.34830811619758606
0.2949875593185425
0.128301203250885
0.3818429708480835
0.33113130927085876
0.34667474031448364
0.2994489073753357
0.33113130927085876
0.22099898755550385
0.4012528657913208
0.24569907784461975
0.2125471532344818
0.18969997763633728
0.3818429708480835
0.20457163453102112
0.3818429708480835
0.27198073267936707
0.221591979265213
0.24240799248218536
0.24867437779903412
0.33113130927085876
0.08053755760192871
0.3514486849308014
0.13324284553527832
0.21736879646778107
0.25070029497146606
0.19397017359733582
0.2307382971048355
0.3583151698112488
0.2138015627861023
0.16978082060813904
0.37624213099479675
0.3518374264240265
0.3818429708480835
0.185014009475708
0.31983911991119385
0.17667534947395325
0.143880695104599
0.3818429708480835
0.3763502836227417
0.2649371922016144
0.39814576506614685
0.3818429708480835
0.3181590139865875
0.3980976343154907
0.12203240394592285
0.3818429708480835
0.2450159788131714
0.3818429708480835
0.33113130927085876
0.3390008807182312
0.13324284553527832
0.2254333347082138
0.21793948113918304
0.20992505550384521
0.5439748764038086
0.21610069274902344
0.15695099532604218
0.16957204043865204
0.2054501175880432
0.27033770084381104
0.3818429708480835
0.1909797340631485
0.08553484082221985
0.3818429708480835
0.2783595621585846
0.3818429708480835
0.31983911991119385
0.12087574601173401
0.3181590139865875
0.22874730825424194
0.3818429708480835
0.28033339977264404
0.33220618963241577
0.2931702733039856
0.26812270283699036
0.33113130927085876
0.3818429708480835
0.14386826753616333
0.16919323801994324
0.3818429708480835
0.1855417788028717
0.3512842655181885
0.3181590139865875
0.14221957325935364
0.21175125241279602
0.12726178765296936
0.3818429708480835
0.10973721742630005
0.33113130927085876
0.24507522583007812
0.12473276257514954
0.3815333843231201
0.3181590139865875
0.15034157037734985
0.20372673869132996
0.15865685045719147
0.1221667230129242
0.3980976343154907
0.23734042048454285
0.3818429708480835
0.39814576506614685
0.33113130927085876
0.33113130927085876
0.18670985102653503
0.27627819776535034
0.18347473442554474
0.1859065294265747
0.13163287937641144
0.4876491129398346
0.3818429708480835
0.22548097372055054
0.33113130927085876
0.2077752947807312
0.21943852305412292
0.4512093961238861
0.3963831961154938
0.15935194492340088
0.1919781118631363
0.2084352672100067
0.25564736127853394
0.1330210268497467
0.2287675440311432
0.15694472193717957
0.23610419034957886
0.3219454288482666
0.25419074296951294
0.19084179401397705
0.19156938791275024
0.29764097929000854
0.20722904801368713
0.13701865077018738
0.33113130927085876
0.14669018983840942
0.16645649075508118
0.17397233843803406
0.26176196336746216
0.18327179551124573
0.18199492990970612
0.25556594133377075
0.20314811170101166
0.31983911991119385
0.16084328293800354
0.16440771520137787
0.31332090497016907
0.33113130927085876
0.19999133050441742
0.16508740186691284
0.4012528657913208
0.33113130927085876
0.13674382865428925
0.21308059990406036
0.3818429708480835
0.19398297369480133
0.18924248218536377
0.22276508808135986
0.24122139811515808
0.28002840280532837
0.27373769879341125
0.18076717853546143
0.23835539817810059
0.15204152464866638
0.16460886597633362
0.18854399025440216
0.25193923711776733
0.17618966102600098
0.19849783182144165
0.17874129116535187
0.19707804918289185
0.33113130927085876
0.1576276272535324
0.23136106133460999
0.3818429708480835
0.21955032646656036
0.2220005840063095
0.17076924443244934
0.18238939344882965
0.1391829550266266
0.19088155031204224
0.3818429708480835
0.14825844764709473
0.09783579409122467
0.2390148639678955
0.23494121432304382
0.39324915409088135
0.31983911991119385
0.3818429708480835
0.1742020547389984
0.1342858076095581
0.15408648550510406
0.21140453219413757
0.23656606674194336
0.12716202437877655
0.20006559789180756
0.22760653495788574
0.4012528657913208
0.19795507192611694
0.34789609909057617
0.18580172955989838
0.2881282567977905
0.2920929789543152
0.20358939468860626
0.2371990978717804
0.17066706717014313
0.33113130927085876
0.34586575627326965
0.1844266951084137
0.2762291431427002
0.23220297694206238
0.1227119117975235
0.18798717856407166
0.1775161325931549
0.111104816198349
0.3818429708480835
0.1821054220199585
0.24228131771087646
0.3181590139865875
0.25342631340026855
0.1646319329738617
0.33113130927085876
0.39627647399902344
0.3818429708480835
0.17029166221618652
0.2359200417995453
0.21870610117912292
0.3036457896232605
0.22526100277900696
0.25265398621559143
0.1386147141456604
0.14925861358642578
0.3181590139865875
0.39814576506614685
0.17917093634605408
0.3181590139865875
0.208934485912323
0.19795507192611694
0.2509414553642273
0.3818429708480835
0.20215526223182678
0.2107052206993103
0.4012528657913208
0.17060646414756775
0.19011440873146057
0.2803327739238739
0.132279634475708
0.19654551148414612
0.13669948279857635
0.2171160876750946
0.18878909945487976
0.3818429708480835
0.1993294060230255
0.38937368988990784
0.22165149450302124
0.3512842655181885
0.17684274911880493
0.1942189633846283
0.22230704128742218
0.4012528657913208
0.2313118577003479
0.2261471450328827
0.3181590139865875
0.3600231409072876
0.3078489601612091
0.39798110723495483
0.2235967069864273
0.3818429708480835
0.34182843565940857
0.4012528657913208
0.17239192128181458
0.20397016406059265
0.1573825180530548
0.38733965158462524
0.19640305638313293
0.33113130927085876
0.21688690781593323
0.2337987869977951
0.21992051601409912
0.2573053240776062
0.22722667455673218
0.15384945273399353
0.2398141324520111
0.1939956545829773
0.13915710151195526
0.2707068920135498
0.3625633716583252
0.19917374849319458
0.33113130927085876
0.39814576506614685
0.11397691071033478
0.2733588218688965
0.32622992992401123
0.16998526453971863
0.23780131340026855
0.2481100857257843
0.31983911991119385
0.3818429708480835
0.39814576506614685
0.33113130927085876
0.23099933564662933
0.374880850315094
0.2209893763065338
0.3600231409072876
0.27865803241729736
0.3186299502849579
0.39814576506614685
0.2521790564060211
0.38244250416755676
0.15948623418807983
0.23780131340026855
0.3818429708480835
0.19679047167301178
0.19129426777362823
0.2209893763065338
0.11579947173595428
0.4012528657913208
0.3818429708480835
0.39814576506614685
0.28002187609672546
0.38858598470687866
0.3818429708480835
0.22111597657203674
0.25755831599235535
0.1821523904800415
0.22199513018131256
0.12473276257514954
0.33113130927085876
0.2125445306301117
0.33113130927085876
0.3818429708480835
0.18094849586486816
0.25915879011154175
0.39758676290512085
0.39814576506614685
0.1997060775756836
0.33113130927085876
0.39814576506614685
0.3181590139865875
0.36176609992980957
0.33113130927085876
0.1985761523246765
0.2747986614704132
0.20207133889198303
0.33113130927085876
0.4012528657913208
0.38044047355651855
0.20806577801704407
0.3818429708480835
0.1799517720937729
0.38937368988990784
0.3818429708480835
0.20257456600666046
0.2572439908981323
0.2194271683692932
0.19760528206825256
0.39814576506614685
0.17361819744110107
0.22804667055606842
0.14540788531303406
0.1781754195690155
0.3818429708480835
0.19855248928070068
0.17156828939914703
0.1473093330860138
0.4012528657913208
0.20255497097969055
0.3818429708480835
0.1467091292142868
0.3818429708480835
0.20626014471054077
0.216030091047287
0.22877100110054016
0.21036985516548157
0.18254926800727844
0.1733173131942749
0.2884686291217804
0.2164422571659088
0.1531788408756256
0.20952457189559937
0.33113130927085876
0.12648260593414307
0.22122547030448914
0.20857715606689453
0.17035499215126038
0.33113130927085876
0.3818429708480835
0.25653505325317383
0.21297116577625275
0.33113130927085876
0.146185040473938
0.193633034825325
0.39814576506614685
0.21502192318439484
0.31983911991119385
0.20282205939292908
0.3909105956554413
0.1569875031709671
0.24479058384895325
0.2261088639497757
0.1196126937866211
0.198225736618042
0.21783412992954254
0.26930171251296997
0.22550950944423676
0.35013800859451294
0.31527239084243774
0.3818429708480835
0.33113130927085876
0.17221540212631226
0.2850545346736908
0.1979856789112091
0.2197159081697464
0.3818429708480835
0.3130163550376892
0.13782045245170593
0.39577579498291016
0.271287739276886
0.24628803133964539
0.23061934113502502
0.19122810661792755
0.24024711549282074
0.32622992992401123
0.2190578281879425
0.4012528657913208
0.3818429708480835
0.4012528657913208
0.1992233693599701
0.14347068965435028
0.3547396659851074
0.2553222179412842
0.13834413886070251
0.3818429708480835
0.13346417248249054
0.11939442157745361
0.23111531138420105
0.36405253410339355
0.374880850315094
0.17555701732635498
0.1345893293619156
0.19062678515911102
0.33113130927085876
0.25616180896759033
0.20856478810310364
0.17974650859832764
0.31983911991119385
0.23164863884449005
0.18883216381072998
0.22280269861221313
0.4012528657913208
0.16936245560646057
0.2319677472114563
0.3818429708480835
0.3033698797225952
0.13738948106765747
0.18759146332740784
0.324735552072525
0.10095572471618652
0.11015120148658752
0.20011499524116516
0.18716761469841003
0.33537858724594116
0.17554691433906555
0.1596512645483017
0.3818429708480835
0.3818429708480835
0.24207086861133575
0.11169564723968506
0.17444998025894165
0.2992272973060608
0.33113130927085876
0.38937368988990784
0.17586809396743774
0.33113130927085876
0.22103264927864075
0.2921125292778015
0.2867890000343323
0.21230432391166687
0.39814576506614685
0.23239871859550476
0.2350882589817047
0.3818429708480835
0.33113130927085876
0.25073716044425964
0.33268439769744873
0.2920929789543152
0.15158945322036743
0.15418782830238342
0.18891914188861847
0.2593638300895691
0.4133811593055725
0.22101537883281708
0.20726194977760315
0.13373209536075592
0.3818429708480835
0.29827064275741577
0.2998462915420532
0.16186180710792542
0.3980976343154907
0.1024150550365448
0.14982005953788757
0.3818429708480835
0.3818429708480835
0.3818429708480835
0.22226154804229736
0.13851597905158997
0.3509846329689026
0.14697958528995514
0.33113130927085876
0.21261972188949585
0.3181590139865875
0.2651786804199219
0.33113130927085876
0.3818429708480835
0.3181590139865875
0.15745583176612854
0.22698000073432922
0.21393746137619019
0.13177870213985443
0.1369483470916748
0.25003108382225037
0.19734522700309753
0.1649714708328247
0.2030351310968399
0.33113130927085876
0.143608957529068
0.4012528657913208
0.39814576506614685
0.3818429708480835
0.26446324586868286
0.3818429708480835
0.33113130927085876
0.251094251871109
0.30080825090408325
0.39627647399902344
0.23961758613586426
0.22346876561641693
0.16813358664512634
0.19071653485298157
0.14657224714756012
0.17940212786197662
0.18623435497283936
0.15791279077529907
0.3146379292011261
0.3818429708480835
0.34951910376548767
0.14451763033866882
0.25782153010368347
0.33113130927085876
0.28962981700897217
0.3818429708480835
0.3818429708480835
0.3181590139865875
0.3818429708480835
0.3818429708480835
0.15559446811676025
0.1937154233455658
0.13360944390296936
0.3818429708480835
0.3818429708480835
0.39814576506614685
0.14280714094638824
0.33113130927085876
0.20482861995697021
0.2179151177406311
0.3818429708480835
0.4012528657913208
0.3815823495388031
0.24887922406196594
0.2787754535675049
0.3818429708480835
0.29861974716186523
0.3818429708480835
0.33113130927085876
0.17760977149009705
0.3818429708480835
0.23280705511569977
0.3181590139865875
0.3818429708480835
0.32622992992401123
0.19836518168449402
0.17759175598621368
0.33113130927085876
0.12620343267917633
0.33113130927085876
0.16598087549209595
0.4687843322753906
0.25564292073249817
0.2949110269546509
0.16285139322280884
0.1464746743440628
0.4012528657913208
0.3189307153224945
0.1667342334985733
0.2926051914691925
0.2505987882614136
0.3818429708480835
0.3219454288482666
0.3818429708480835
0.16794154047966003
0.14762401580810547
0.19329598546028137
0.20492438971996307
0.3818429708480835
0.3818429708480835
0.21400049328804016
0.24121645092964172
0.3418843150138855
0.3818429708480835
0.19379448890686035
0.1384972333908081
0.31983911991119385
0.15298591554164886
0.2749580442905426
0.16704721748828888
0.14127101004123688
0.22066760063171387
0.19684459269046783
0.23886530101299286
0.22046740353107452
0.20079264044761658
0.33113130927085876
0.3475223183631897
0.14697958528995514
0.36405253410339355
0.31983911991119385
0.3818429708480835
0.3818429708480835
0.3512842655181885
0.3818429708480835
0.33113130927085876
0.16922417283058167
0.3818429708480835
0.294208824634552
0.13598348200321198
0.33756309747695923
0.23329634964466095
0.31983911991119385
0.1552368402481079
0.3818429708480835
0.17429158091545105
0.3818429708480835
0.3818429708480835
0.1635567545890808
0.34394946694374084
0.23780131340026855
0.19525393843650818
0.3172268569469452
0.25133216381073
0.21596288681030273
0.3818429708480835
0.18573294579982758
0.20125405490398407
0.3136333227157593
0.33113130927085876
0.3238808810710907
0.4012528657913208
0.2169073075056076
0.33113130927085876
0.1451006978750229
0.3818429708480835
0.27053138613700867
0.39814576506614685
0.18998581171035767
0.2729122042655945
0.3818429708480835
0.22887340188026428
0.13988688588142395
0.39814576506614685
0.20145991444587708
0.2698996663093567
0.3818429708480835
0.3818429708480835
0.29189932346343994
0.24909301102161407
0.33113130927085876
0.3818429708480835
0.24327456951141357
0.19243699312210083
0.11331318318843842
0.20717962086200714
0.3818429708480835
0.21453839540481567
0.3818429708480835
0.17830486595630646
0.12149295210838318
0.09586846828460693
0.33113130927085876
0.28284916281700134
0.3818429708480835
0.2071596384048462
0.3818429708480835
0.1960068643093109
0.17661809921264648
0.14627867937088013
0.3827277719974518
0.22261139750480652
0.23239871859550476
0.17295868694782257
0.29113107919692993
0.31983911991119385
0.13378629088401794
0.22002170979976654
0.25367820262908936
0.239010751247406
0.3851487934589386
0.1857907623052597
0.23780131340026855
0.2115887999534607
0.2749580442905426
0.22018054127693176
0.23396892845630646
0.1836540699005127
0.33113130927085876
0.23874469101428986
0.16057462990283966
0.14604343473911285
0.19457893073558807
0.3818429708480835
0.15758715569972992
0.33113130927085876
0.20745308697223663
0.4012528657913208
0.17401684820652008
0.33113130927085876
0.180659681558609
0.18772803246974945
0.13324284553527832
0.18455685675144196
0.1623162180185318
0.22624100744724274
0.33113130927085876
0.5267394185066223
0.09028041362762451
0.14193308353424072
0.26450127363204956
0.3818429708480835
0.18591323494911194
0.3818429708480835
0.37625807523727417
0.24060562252998352
0.16256073117256165
0.3818429708480835
0.12473276257514954
0.16433410346508026
0.33113130927085876
0.33113130927085876
0.3818429708480835
0.14369595050811768
0.18811453878879547
0.11371305584907532
0.206491619348526
0.21886992454528809
0.331254780292511
0.33113130927085876
0.1759938895702362
0.14853280782699585
0.19340428709983826
0.3454268276691437
0.20613369345664978
0.3390008807182312
0.47919195890426636
0.3818429708480835
0.13862168788909912
0.2308003306388855
0.1802728921175003
0.25940263271331787
0.39814576506614685
0.3818429708480835
0.2060212790966034
0.3389667272567749
0.23174631595611572
0.30016711354255676
0.14598190784454346
0.3191218972206116
0.19376003742218018
0.18241208791732788
0.39464467763900757
0.3818429708480835
0.22463485598564148
0.33556661009788513
0.16440339386463165
0.3818429708480835
0.2477680742740631
0.11114172637462616
0.3815823495388031
0.2072632908821106
0.38443127274513245
0.3818429708480835
0.22330451011657715
0.4012528657913208
0.34005042910575867
0.22452057898044586
0.41215765476226807
0.20270325243473053
0.2037440687417984
0.13095363974571228
0.3512842655181885
0.11822345852851868
0.3818429708480835
0.33113130927085876
0.19272547960281372
0.31983911991119385
0.2561115622520447
0.33113130927085876
0.24608495831489563
0.4012528657913208
0.2992272973060608
0.29973405599594116
0.21547621488571167
0.3818429708480835
0.21197721362113953
0.22550621628761292
0.3818429708480835
0.3418843150138855
0.39814576506614685
0.13458563387393951
0.3818429708480835
0.33113130927085876
0.17430832982063293
0.15463079512119293
0.2418200671672821
0.3818429708480835
0.29556185007095337
0.3818429708480835
0.3818429708480835
0.3061390519142151
0.17686372995376587
0.3181903660297394
0.27213430404663086
0.2514035105705261
0.3818429708480835
0.3818429708480835
0.1710546910762787
0.31983911991119385
0.40355318784713745
0.1955968290567398
0.23674333095550537
0.16445738077163696
0.15425288677215576
0.3818429708480835
0.10746774077415466
0.3818429708480835
0.2174677848815918
0.4124298095703125
0.18344299495220184
0.3176078200340271
0.15196944773197174
0.20090314745903015
0.22210457921028137
0.20600920915603638
0.18655747175216675
0.22413727641105652
0.25474637746810913
0.19383081793785095
0.33113130927085876
0.16274143755435944
0.08282846212387085
0.13906043767929077
0.2267477959394455
0.20679594576358795
0.19461476802825928
0.3818429708480835
0.32799839973449707
0.3818429708480835
0.3818429708480835
0.13631634414196014
0.18902236223220825
0.20730125904083252
0.1923201084136963
0.3818429708480835
0.3818429708480835
0.3818429708480835
0.2393835484981537
0.12922188639640808
0.21210183203220367
0.1908472180366516
0.21012744307518005
0.33113130927085876
0.3818429708480835
0.2609708309173584
0.3818429708480835
0.17185479402542114
0.3818429708480835
0.18726369738578796
0.1971287727355957
0.24661685526371002
0.2749580442905426
0.26921892166137695
0.17407749593257904
0.14598289132118225
0.15892064571380615
0.14789164066314697
0.23697245121002197
0.15929174423217773
0.15591520071029663
0.15015745162963867
0.4012528657913208
0.17576079070568085
0.22237198054790497
0.28685450553894043
0.225246399641037
0.20129069685935974
0.23217347264289856
0.3896515965461731
0.21675150096416473
0.3818429708480835
0.20800238847732544
0.1341351866722107
0.23013442754745483
0.15188530087471008
0.3052453398704529
0.33113130927085876
0.3818429708480835
0.20813149213790894
0.19006285071372986
0.33113130927085876
0.3818429708480835
0.3818429708480835
0.3181590139865875
0.21517272293567657
0.33113130927085876
0.4177701473236084
0.33113130927085876
0.12473276257514954
0.1701061725616455
0.2507704496383667
0.33113130927085876
0.16951362788677216
0.22312740981578827
0.23165881633758545
0.3818429708480835
0.3318062424659729
0.3818429708480835
0.3818429708480835
0.19055712223052979
0.2140749990940094
0.20014119148254395
0.15132686495780945
0.14414215087890625
0.14312249422073364
0.14327821135520935
0.16833271086215973
0.24605277180671692
0.3818429708480835
0.30506205558776855
0.18619683384895325
0.21149951219558716
0.25097334384918213
0.12675803899765015
0.4012528657913208
0.21136340498924255
0.4012528657913208
0.09166406095027924
0.1565885692834854
0.29169145226478577
0.16953982412815094
0.2488412708044052
0.20855310559272766
0.20320245623588562
0.20435994863510132
0.3818429708480835
0.3818429708480835
0.1661401391029358
0.3638535737991333
0.3724566102027893
0.15806663036346436
0.19300781190395355
0.13077464699745178
0.22808738052845
0.31983911991119385
0.2650507092475891
0.41175907850265503
0.3818429708480835
0.3402932286262512
0.39814576506614685
0.16189715266227722
0.4012528657913208
0.21146127581596375
0.24891258776187897
0.33113130927085876
0.25437062978744507
0.20126262307167053
0.2529016435146332
0.24728816747665405
0.3818429708480835
0.2453676462173462
0.1543584018945694
0.16950322687625885
0.19671456515789032
0.39814576506614685
0.2011411339044571
0.3818429708480835
0.3818429708480835
0.11665681004524231
0.23239871859550476
0.21698349714279175
0.11208800971508026
0.20608115196228027
0.40456855297088623
0.2068653702735901
0.13228179514408112
0.1435905247926712
0.3454268276691437
0.3303808271884918
0.31983911991119385
0.18518632650375366
0.09647980332374573
0.15304231643676758
0.1493421047925949
0.3219454288482666
0.39588525891304016
0.3818429708480835
0.22757968306541443
0.2179616391658783
0.21595075726509094
0.1577984094619751
0.24797555804252625
0.15969887375831604
0.3818429708480835
0.4012528657913208
0.17921993136405945
0.11138269305229187
0.3818429708480835
0.3075442314147949
0.39814576506614685
0.20605340600013733
0.13324284553527832
0.2059406340122223
0.15937267243862152
0.4053916335105896
0.21782808005809784
0.22062671184539795
0.25213974714279175
0.1909412145614624
0.19069427251815796
0.2729234993457794
0.11828403174877167
0.16315105557441711
0.1387922763824463
0.15899956226348877
0.1122768223285675
0.1400996744632721
0.341826468706131
0.39962291717529297
0.1826115846633911
0.4012528657913208
0.4012528657913208
0.3818429708480835
0.33113130927085876
0.17094820737838745
0.3818429708480835
0.15192818641662598
0.3181590139865875
0.2963951826095581
0.14210569858551025
0.28106820583343506
0.13324284553527832
0.3818429708480835
0.3383626341819763
0.20314928889274597
0.3181590139865875
0.15087155997753143
0.1723376363515854
0.31983911991119385
0.3818429708480835
0.24066796898841858
0.3181590139865875
0.36401498317718506
0.1877892017364502
0.22150829434394836
0.21579259634017944
0.3818429708480835
0.19685301184654236
0.3976171612739563
0.3818429708480835
0.27865803241729736
0.2047809660434723
0.3818429708480835
0.33135586977005005
0.2543603777885437
0.23217347264289856
0.3818429708480835
0.24455347657203674
0.22306868433952332
0.17494206130504608
0.34182843565940857
0.21207302808761597
0.13324284553527832
0.37277233600616455
0.23780131340026855
0.39814576506614685
0.2416941523551941
0.13097232580184937
0.11089847981929779
0.33113130927085876
0.2553803622722626
0.15214022994041443
0.17152339220046997
0.3181590139865875
0.298982709646225
0.16232463717460632
0.39814576506614685
0.33113130927085876
0.3818429708480835
0.3818429708480835
0.13304245471954346
0.16998983919620514
0.3818429708480835
0.13355349004268646
0.17306646704673767
0.2821219861507416
0.3825661540031433
0.14472483098506927
0.3181590139865875
0.1779058873653412
0.31983911991119385
0.3818429708480835
0.176031231880188
0.20072025060653687
0.23780131340026855
0.3818429708480835
0.1991327702999115
0.31658512353897095
0.35576412081718445
0.3818429708480835
0.4012528657913208
0.17657992243766785
0.31983911991119385
0.1915891319513321
0.3818429708480835
0.3818429708480835
0.3818429708480835
0.3818429708480835
0.3818429708480835
0.1722271889448166
0.3818429708480835
0.24786555767059326
0.3818429708480835
0.13196930289268494
0.23328229784965515
0.16773352026939392
0.15521787106990814
0.2703930139541626
0.33113130927085876
0.20521917939186096
0.2135787159204483
0.20816856622695923
0.14982005953788757
0.2119046002626419
0.4012528657913208
0.2409173548221588
0.3818429708480835
0.24089469015598297
0.3818429708480835
0.4174768030643463
0.21976958215236664
0.39814576506614685
0.3818429708480835
0.1832662671804428
0.1693120151758194
0.16671977937221527
0.15995283424854279
0.3818429708480835
0.23539841175079346
0.25177711248397827
0.20481795072555542
0.21436184644699097
0.21048378944396973
0.2176797091960907
0.2141922414302826
0.39814576506614685
0.17912155389785767
0.2071031779050827
0.14707490801811218
0.21583540737628937
0.1937931329011917
0.13452789187431335
0.33113130927085876
0.3818429708480835
0.2105589509010315
0.24721989035606384
0.38463294506073
0.17606720328330994
0.3883861303329468
0.36136847734451294
0.2131238728761673
0.12850114703178406
0.4012528657913208
0.22962331771850586
0.1543584018945694
0.33113130927085876
0.3818429708480835
0.3262954354286194
0.3818429708480835
0.21707531809806824
0.4012528657913208
0.2008247971534729
0.1961565762758255
0.17510415613651276
0.24340584874153137
0.19108760356903076
0.17513978481292725
0.3818429708480835
0.1951245665550232
0.3818429708480835
0.3818429708480835
0.31527239084243774
0.19853349030017853
0.2048288732767105
0.24238359928131104
0.34723976254463196
0.2623194754123688
0.21253947913646698
0.33113130927085876
0.3818429708480835
0.12975426018238068
0.1482878476381302
0.4012528657913208
0.22648108005523682
0.14579617977142334
0.3283812701702118
0.2657684087753296
0.3519325256347656
0.21905015408992767
0.33756309747695923
0.3418843150138855
0.2268131971359253
0.21354416012763977
0.22021585702896118
0.2690950036048889
0.1434844434261322
0.15968285501003265
0.18616986274719238
0.16239790618419647
0.20070746541023254
0.19996759295463562
0.32622992992401123
0.17078956961631775
0.14404360949993134
0.13715705275535583
0.3818429708480835
0.16749709844589233
0.3532230854034424
0.17530688643455505
0.16518491506576538
0.24346497654914856
0.3181590139865875
0.39814576506614685
0.2681840658187866
0.23798124492168427
0.26137202978134155
0.21849782764911652
0.2570311427116394
0.4009850025177002
0.20646509528160095
0.23333746194839478
0.12277758121490479
0.2112615406513214
0.2188277244567871
0.20149105787277222
0.39814576506614685
0.16154566407203674
0.19486314058303833
0.39814576506614685
0.2551376521587372
0.1818615049123764
0.31983911991119385
0.3818429708480835
0.3098130524158478
0.15805232524871826
0.1721009910106659
0.3961583375930786
0.3818429708480835
0.24844318628311157
0.2521798014640808
0.4012528657913208
0.23413163423538208
0.2619953751564026
0.3818429708480835
0.24916595220565796
0.23200595378875732
0.2289620339870453
0.33113130927085876
0.3818429708480835
0.48273202776908875
0.19988684356212616
0.1329965889453888
0.2831062972545624
0.4012528657913208
0.20598694682121277
0.21203434467315674
0.14542609453201294
0.14086684584617615
0.31194227933883667
0.2537005543708801
0.3818429708480835
0.3818429708480835
0.19966916739940643
0.1807580292224884
0.4324299991130829
0.24435989558696747
0.23100510239601135
0.3816753625869751
0.2484121471643448
0.24805191159248352
0.20188963413238525
0.240642249584198
0.3818429708480835
0.4012528657913208
0.14083103835582733
0.15425464510917664
0.15000641345977783
0.304726243019104
0.37148040533065796
0.23380997776985168
0.1764739453792572
0.2724757194519043
0.2837918996810913
0.3781064748764038
0.24868705868721008
0.18236663937568665
0.19997575879096985
0.13798005878925323
0.05025899410247803
0.38109004497528076
0.23667526245117188
0.3818429708480835
0.23487304151058197
0.17432183027267456
0.1928817480802536
0.40153664350509644
0.32936596870422363
0.2200053334236145
0.4012528657913208
0.20512861013412476
0.24530640244483948
0.39814576506614685
0.23123639822006226
0.1474243849515915
0.11554017663002014
0.3818429708480835
0.11590972542762756
0.36515098810195923
0.25443726778030396
0.15453483164310455
0.3460797667503357
0.22208569943904877
0.3818429708480835
0.14251942932605743
0.14830535650253296
0.2221471071243286
0.17232151329517365
0.21125394105911255
0.18937398493289948
0.12713326513767242
0.20029836893081665
0.23780131340026855
0.27129414677619934
0.16236835718154907
0.3912475109100342
0.3818429708480835
0.2631679177284241
0.3818429708480835
0.3818429708480835
0.2974468171596527
0.15411320328712463
0.4012528657913208
0.3307672441005707
0.24235528707504272
0.2505726218223572
0.2761268615722656
0.15387852489948273
0.18605458736419678
0.33113130927085876
0.23780131340026855
0.19815677404403687
0.3818429708480835
0.4012528657913208
0.15398064255714417
0.2312043458223343
0.3818429708480835
0.3818429708480835
0.3818429708480835
0.15167802572250366
0.21094892919063568
0.2450929880142212
0.21795307099819183
0.10437601804733276
0.24739216268062592
0.3454268276691437
0.2184372991323471
0.3818429708480835
0.07848770916461945
0.2920929789543152
0.19532734155654907
0.4863528907299042
0.21841396391391754
0.4012528657913208
0.3818429708480835
0.17477844655513763
0.2590014934539795
0.24540108442306519
0.3818429708480835
0.3989512622356415
0.131378173828125
0.20106449723243713
0.39814576506614685
0.38937368988990784
0.21771128475666046
0.3818429708480835
0.26941946148872375
0.19162686169147491
0.18454858660697937
0.2406846135854721
0.10177865624427795
0.17403317987918854
0.31983911991119385
0.2446141242980957
0.31983911991119385
0.09591925144195557
0.26116424798965454
0.20970579981803894
0.20658424496650696
0.24186475574970245
0.17853385210037231
0.3818429708480835
0.36356961727142334
0.27757030725479126
0.18373650312423706
0.3818429708480835
0.3815823495388031
0.39814576506614685
0.3732842803001404
0.38906651735305786
0.16315065324306488
0.2812426686286926
0.3454268276691437
0.3818429708480835
0.30711522698402405
0.14002560079097748
0.33113130927085876
0.3818429708480835
0.18305939435958862
0.2883991003036499
0.2306140959262848
0.3181590139865875
0.18542583286762238
0.33113130927085876
0.31983911991119385
0.18424773216247559
0.3818429708480835
0.1990828514099121
0.19781586527824402
0.15161898732185364
0.12698334455490112
0.23239871859550476
0.20143571496009827
0.4012528657913208
0.3818429708480835
0.22836047410964966
0.18172574043273926
0.3818429708480835
0.16965366899967194
0.07165592908859253
0.33113130927085876
0.31983911991119385
0.13591957092285156
0.31983911991119385
0.2072044461965561
0.2614438831806183
0.3701073229312897
0.20310291647911072
0.19652943313121796
0.1740105152130127
0.13324284553527832
0.3167634606361389
0.3818429708480835
0.4012528657913208
0.33113130927085876
0.22913846373558044
0.14994820952415466
0.23377898335456848
0.16771119832992554
0.12911637127399445
0.3818429708480835
0.2626754939556122
0.1263236701488495
0.1911413073539734
0.3181590139865875
0.3818429708480835
0.23388025164604187
0.35612642765045166
0.17896725237369537
0.3818429708480835
0.33113130927085876
0.3712168335914612
0.39814576506614685
0.1879236102104187
0.3694406747817993
0.19350697100162506
0.13324284553527832
0.21253210306167603
0.33113130927085876
0.4012528657913208
0.3818429708480835
0.31983911991119385
0.11713805794715881
0.30388784408569336
0.3179514706134796
0.33113130927085876
0.3818429708480835
0.22733211517333984
0.3818429708480835
0.33113130927085876
0.36298394203186035
0.3818429708480835
0.33113130927085876
0.25320178270339966
0.16090433299541473
0.14280271530151367
0.3818429708480835
0.31983911991119385
0.3818429708480835
0.33113130927085876
0.1683391034603119
0.20522856712341309
0.21560950577259064
0.3181590139865875
0.18966421484947205
0.1575363278388977
0.16204148530960083
0.20744973421096802
0.10480648279190063
0.4012528657913208
0.17524200677871704
0.2396276742219925
0.2900257706642151
0.16996422410011292
0.3818429708480835
0.3818429708480835
0.1752423495054245
0.30653077363967896
0.4012528657913208
0.21145324409008026
0.33113130927085876
0.4012528657913208
0.31983911991119385
0.18036311864852905
0.27452072501182556
0.23062455654144287
0.1880182921886444
0.3818429708480835
0.28865349292755127
0.2063450813293457
0.32817238569259644
0.12431496381759644
0.39814576506614685
0.170251727104187
0.39577579498291016
0.2534903287887573
0.2482060194015503
0.3818429708480835
0.3818429708480835
0.21346639096736908
0.19198065996170044
0.3912475109100342
0.33113130927085876
0.15174472332000732
0.22879521548748016
0.20930106937885284
0.39814576506614685
0.22380755841732025
0.25629013776779175
0.18737581372261047
0.2124653458595276
0.24819570779800415
0.17073240876197815
0.24313020706176758
0.17599689960479736
0.33113130927085876
0.3818429708480835
0.3818429708480835
0.3818429708480835
0.4026358723640442
0.19526973366737366
0.1850457787513733
0.2699202001094818
0.18394151329994202
0.3818429708480835
0.3818429708480835
0.13394109904766083
0.19578896462917328
0.17722401022911072
0.2761644721031189
0.24201121926307678
0.3818429708480835
0.3518204987049103
0.34586575627326965
0.34789609909057617
0.42704150080680847
0.4012528657913208
0.22240105271339417
0.267365038394928
0.3818429708480835
0.24407817423343658
0.17555564641952515
0.487493634223938
0.18355035781860352
0.4124298095703125
0.17082785069942474
0.34263747930526733
0.3181590139865875
0.18799462914466858
0.18228736519813538
0.33113130927085876
0.18891556560993195
0.09591925144195557
0.4182582199573517
0.3815823495388031
0.2535683512687683
0.15245011448860168
0.33113130927085876
0.33113130927085876
0.33113130927085876
0.29055118560791016
0.17229516804218292
0.1660747528076172
0.23780131340026855
0.4012528657913208
0.4012528657913208
0.154612734913826
0.39577579498291016
0.3818429708480835
0.34182843565940857
0.23780131340026855
0.4012528657913208
0.3721044659614563
0.3818429708480835
0.20942354202270508
0.33113130927085876
0.3818429708480835
0.23403818905353546
0.39161208271980286
0.14412224292755127
0.28148311376571655
0.39814576506614685
0.2541612386703491
0.24758774042129517
0.2690524458885193
0.2679940462112427
0.3818429708480835
0.11941555142402649
0.3818429708480835
0.16535671055316925
0.39814576506614685
0.33113130927085876
0.18652284145355225
0.1601971685886383
0.3861166834831238
0.15051914751529694
0.33113130927085876
0.29727333784103394
0.2619408369064331
0.11997589468955994
0.13324284553527832
0.19649051129817963
0.19924584031105042
0.20949089527130127
0.07572329044342041
0.15009742975234985
0.21504536271095276
0.21845045685768127
0.2028522491455078
0.1598232090473175
0.12911637127399445
0.4003591537475586
0.3818429708480835
0.14739510416984558
0.2723400294780731
0.3818429708480835
0.33113130927085876
0.10867366194725037
0.3264240026473999
0.3181590139865875
0.30787932872772217
0.28325513005256653
0.14162534475326538
0.331254780292511
0.33113130927085876
0.2646743357181549
0.2414735108613968
0.32391470670700073
0.3818429708480835
0.3818429708480835
0.2863009572029114
0.2338639497756958
0.2008698582649231
0.34789609909057617
0.2992272973060608
0.4012528657913208
0.2200903594493866
0.2358899563550949
0.39814576506614685
0.2236073762178421
0.08791869878768921
0.15892969071865082
0.31983911991119385
0.1711377501487732
0.33113130927085876
0.4012528657913208
0.2846337854862213
0.22386187314987183
0.31983911991119385
0.21168965101242065
0.18107040226459503
0.3818429708480835
0.12789075076580048
0.3818429708480835
0.17604686319828033
0.11468750238418579
0.4012528657913208
0.09490509331226349
0.17861376702785492
0.3691585063934326
0.3167843520641327
0.3207670748233795
0.2623194754123688
0.4012528657913208
0.1481843888759613
0.23051738739013672
0.2253938466310501
0.25759536027908325
0.16488561034202576
0.143608957529068
0.4012528657913208
0.1907949000597
0.23480936884880066
0.19883078336715698
0.1983380764722824
0.2419295608997345
0.15773305296897888
0.22278016805648804
0.21217244863510132
0.20378714799880981
0.20527943968772888
0.202965646982193
0.4204951524734497
0.20264720916748047
0.39814576506614685
0.33105069398880005
0.24289028346538544
0.11379517614841461
0.23780131340026855
0.1839061975479126
0.3818429708480835
0.38807785511016846
0.16597406566143036
0.1486533284187317
0.4174768030643463
0.147599458694458
0.3818429708480835
0.3853386342525482
0.26735323667526245
0.3818429708480835
0.2351747751235962
0.24182796478271484
0.17244014143943787
0.20945677161216736
0.050517886877059937
0.2138032168149948
0.12177851796150208
0.15338745713233948
0.3549647331237793
0.18024267256259918
0.19155137240886688
0.23120783269405365
0.1927230954170227
0.3566649556159973
0.4012528657913208
0.194551020860672
0.20158684253692627
0.3818429708480835
0.144427090883255
0.31735286116600037
0.3818429708480835
0.18117523193359375
0.3818429708480835
0.17278066277503967
0.30156952142715454
0.33113130927085876
0.25185626745224
0.33113130927085876
0.12431496381759644
0.31983911991119385
0.2845337986946106
0.27774709463119507
0.23239871859550476
0.17015217244625092
0.20761123299598694
0.16558873653411865
0.33113130927085876
0.20153039693832397
0.22457899153232574
0.25935399532318115
0.29041987657546997
0.17937520146369934
0.3818429708480835
0.16565026342868805
0.18424561619758606
0.12473276257514954
0.213317409157753
0.1522587239742279
0.3478701114654541
0.3181590139865875
0.32209059596061707
0.40070003271102905
0.13663089275360107
0.22810018062591553
0.2937096953392029
0.3816753625869751
0.33113130927085876
0.2446851134300232
0.2697935104370117
0.33113130927085876
0.2224247008562088
0.4012528657913208
0.33113130927085876
0.14778180420398712
0.2171035259962082
0.1854587197303772
0.15374478697776794
0.39814576506614685
0.3818429708480835
0.23035836219787598
0.374880850315094
0.2025897204875946
0.1831987500190735
0.21461105346679688
0.201664000749588
0.34069734811782837
0.33113130927085876
0.26141664385795593
0.3818429708480835
0.20486602187156677
0.31209078431129456
0.23239871859550476
0.12648260593414307
0.4012528657913208
0.13324284553527832
0.3818429708480835
0.18546053767204285
0.4012528657913208
0.3818429708480835
0.1656508445739746
0.17768831551074982
0.3659772276878357
0.3818429708480835
0.3818429708480835
0.3818429708480835
0.1595105230808258
0.2065996527671814
0.31983911991119385
0.4012528657913208
0.2061450183391571
0.16381007432937622
0.22686220705509186
0.33113130927085876
0.4012528657913208
0.1393759399652481
0.18760332465171814
0.13470152020454407
0.3818429708480835
0.39758676290512085
0.23463688790798187
0.20578289031982422
0.26998353004455566
0.17463836073875427
0.3818429708480835
0.4246731400489807
0.35402268171310425
0.3818429708480835
0.33113130927085876
0.20494793355464935
0.4012528657913208
0.39814576506614685
0.13121753931045532
0.33113130927085876
0.3512568473815918
0.39588525891304016
0.3818429708480835
0.18143460154533386
0.289361834526062
0.30358803272247314
0.31071847677230835
0.3818429708480835
0.16238991916179657
0.19354401528835297
0.2579861879348755
0.2821219861507416
0.1667361557483673
0.1510532796382904
0.1747594177722931
0.15162016451358795
0.1992422193288803
0.184935063123703
0.24799637496471405
0.3818429708480835
0.15300631523132324
0.21156802773475647
0.3818429708480835
0.3818429708480835
0.39814576506614685
0.39814576506614685
0.20058289170265198
0.23257698118686676
0.2371406853199005
0.3818429708480835
0.1836240142583847
0.18991480767726898
0.15887022018432617
0.19619064033031464
0.2038784921169281
0.23117941617965698
0.3629351854324341
0.18783512711524963
0.22429946064949036
0.33135586977005005
0.18154624104499817
0.18788433074951172
0.141009122133255
0.15901215374469757
0.3756338059902191
0.2569822371006012
0.33338525891304016
0.3818429708480835
0.1707477569580078
0.23614439368247986
0.18377622961997986
0.31570541858673096
0.3564870059490204
0.21319393813610077
0.19408249855041504
0.3600425124168396
0.3818429708480835
0.26772937178611755
0.33113130927085876
0.3818429708480835
0.2052723467350006
0.31983911991119385
0.1668729931116104
0.33113130927085876
0.31983911991119385
0.15573833882808685
0.13629290461540222
0.21500667929649353
0.3454268276691437
0.39580100774765015
0.31855887174606323
0.2570311427116394
0.39814576506614685
0.303080290555954
0.3181590139865875
0.16005641222000122
0.21184484660625458
0.3818429708480835
0.39580100774765015
0.1824023723602295
0.20823997259140015
0.2492784857749939
0.3818429708480835
0.1726909577846527
0.24631841480731964
0.18127267062664032
0.22077549993991852
0.35501718521118164
0.34927117824554443
0.22842484712600708
0.15743735432624817
0.1568579375743866
0.21802295744419098
0.33113130927085876
0.20025944709777832
0.22545231878757477
0.3818429708480835
0.3818429708480835
0.23605141043663025
0.1674075424671173
0.39814576506614685
0.22336162626743317
0.10225915908813477
0.28033339977264404
0.38937368988990784
0.21400731801986694
0.3818429708480835
0.3818429708480835
0.24628803133964539
0.33113130927085876
0.11020243167877197
0.3818429708480835
0.2313729226589203
0.23195776343345642
0.23360809683799744
0.1997258961200714
0.2447131872177124
0.3512842655181885
0.21395070850849152
0.14017383754253387
0.3181590139865875
0.17552867531776428
0.24555480480194092
0.1178494542837143
0.4174768030643463
0.10277272760868073
0.31570541858673096
0.17635731399059296
0.33113130927085876
0.10746502876281738
0.27695873379707336
0.29029926657676697
0.21025314927101135
0.3818429708480835
0.3961583375930786
0.14943093061447144
0.17872890830039978
0.31983911991119385
0.19246186316013336
0.18326693773269653
0.3802340626716614
0.3494661748409271
0.1964106261730194
0.1504664272069931
0.15187609195709229
0.15844351053237915
0.16207130253314972
0.13324284553527832
0.15042725205421448
0.23887483775615692
0.2535080015659332
0.15775257349014282
0.20996810495853424
0.21156823635101318
0.10760137438774109
0.19327418506145477
0.3181590139865875
0.3447395861148834
0.2414735108613968
0.3818429708480835
0.3818429708480835
0.3181590139865875
0.4012528657913208
0.18293339014053345
0.12838347256183624
0.19799663126468658
0.3705327808856964
0.10134953260421753
0.19021111726760864
0.26550838351249695
0.4012528657913208
0.21628338098526
0.24122139811515808
0.3818429708480835
0.2081640362739563
0.15178096294403076
0.3818429708480835
0.3818429708480835
0.2166227400302887
0.3818429708480835
0.17946913838386536
0.19703784584999084
0.33113130927085876
0.21069025993347168
0.3818429708480835
0.3286723792552948
0.1735769510269165
0.25252291560173035
0.22522231936454773
0.198238804936409
0.33147209882736206
0.3818429708480835
0.23553206026554108
0.25226670503616333
0.3818429708480835
0.23505890369415283
0.3818429708480835
0.1886507123708725
0.23780131340026855
0.16709010303020477
0.16309590637683868
0.4012528657913208
0.12179654836654663
0.3818429708480835
0.2347775399684906
0.10712102055549622
0.19635319709777832
0.33113130927085876
0.2828722894191742
0.3818429708480835
0.33113130927085876
0.16870342195034027
0.10482914745807648
0.19969379901885986
0.39814576506614685
0.1828845590353012
0.1792421042919159
0.15761682391166687
0.22851932048797607
0.3818429708480835
0.12505459785461426
0.09166406095027924
0.1681341677904129
0.15668125450611115
0.33113130927085876
0.2591594457626343
0.21858817338943481
0.33113130927085876
0.3181590139865875
0.13876929879188538
0.33113130927085876
0.21906593441963196
0.3366490602493286
0.22549866139888763
0.18863674998283386
0.19320125877857208
0.3500746786594391
0.27123740315437317
0.2609730064868927
0.19124218821525574
0.25548142194747925
0.14428964257240295
0.46613407135009766
0.3818429708480835
0.231069877743721
0.34789609909057617
0.2204778790473938
0.33113130927085876
0.25060129165649414
0.33920228481292725
0.39580100774765015
0.33113130927085876
0.31983911991119385
0.3816753625869751
0.177531898021698
0.3818429708480835
0.3181590139865875
0.31983911991119385
0.16319067776203156
0.19111457467079163
0.33153432607650757
0.2127414494752884
0.41117429733276367
0.17792703211307526
0.35500138998031616
0.2096599042415619
0.14026200771331787
0.24141760170459747
0.3818429708480835
0.22685453295707703
0.20711375772953033
0.12683939933776855
0.3818429708480835
0.33113130927085876
0.28033339977264404
0.3818429708480835
0.24628803133964539
0.167533740401268
0.20818780362606049
0.3818429708480835
0.3818429708480835
0.23861275613307953
0.24298635125160217
0.09346266090869904
0.3818429708480835
0.17067256569862366
0.24068135023117065
0.24740897119045258
0.15509122610092163
0.16142022609710693
0.21577654778957367
0.33113130927085876
0.5073721408843994
0.21847966313362122
0.3818429708480835
0.18833258748054504
0.20139285922050476
0.20614156126976013
0.21357698738574982
0.19451558589935303
0.21207323670387268
0.29586726427078247
0.20898088812828064
0.3989480435848236
0.33113130927085876
0.26178765296936035
0.14339345693588257
0.24763135612010956
0.24089469015598297
0.12244424223899841
0.4012528657913208
0.1895439624786377
0.1589207947254181
0.18429428339004517
0.16414053738117218
0.22684060037136078
0.19946247339248657
0.15600860118865967
0.22848200798034668
0.3818429708480835
0.2004823386669159
0.17868000268936157
0.33113130927085876
0.18229085206985474
0.1093243807554245
0.4717729687690735
0.3818429708480835
0.33113130927085876
0.33113130927085876
0.374880850315094
0.3818429708480835
0.28446534276008606
0.12244424223899841
0.3257311284542084
0.3818429708480835
0.185122549533844
0.27072179317474365
0.1577358841896057
0.2547622323036194
0.1330210268497467
0.3818429708480835
0.33113130927085876
0.3509846329689026
0.15673765540122986
0.2749580442905426
0.1872236728668213
0.2922775149345398
0.10746502876281738
0.16189144551753998
0.3818429708480835
0.33113130927085876
0.3818429708480835
0.29889827966690063
0.2397150844335556
0.20831529796123505
0.11997626721858978
0.18378859758377075
0.40183502435684204
0.17025761306285858
0.3818429708480835
0.3818429708480835
0.3818429708480835
0.15455257892608643
0.1722722053527832
0.2912372648715973
0.3181590139865875
0.33113130927085876
0.14915026724338531
0.20221161842346191
0.35801106691360474
0.33113130927085876
0.4012528657913208
0.2324064075946808
0.3818429708480835
0.3818429708480835
0.3568013310432434
0.23883689939975739
0.2473704069852829
0.2289855182170868
0.18327198922634125
0.16570329666137695
0.2228040099143982
0.24619844555854797
0.22518226504325867
0.4012528657913208
0.3181590139865875
0.4012528657913208
0.11245904862880707
0.37399786710739136
0.3818429708480835
0.21433253586292267
0.23607783019542694
0.2973327934741974
0.3924514651298523
0.19536063075065613
0.23780131340026855
0.20576691627502441
0.3818429708480835
0.1363779455423355
0.15544646978378296
0.3910818099975586
0.3818429708480835
0.19455501437187195
0.33113130927085876
0.2472044974565506
0.19596099853515625
0.23589599132537842
0.3818429708480835
0.15374648571014404
0.3818429708480835
0.31983911991119385
0.192079097032547
0.1611669659614563
0.24912959337234497
0.1828884780406952
0.2730395495891571
0.1214444637298584
0.3181590139865875
0.33113130927085876
0.3818429708480835
0.16506393253803253
0.18037565052509308
0.32117539644241333
0.184158593416214
0.3815823495388031
0.21146127581596375
0.14844776690006256
0.3181590139865875
0.19294460117816925
0.3418843150138855
0.23780131340026855
0.1987583339214325
0.33113130927085876
0.3851437568664551
0.3818429708480835
0.19661949574947357
0.1573106199502945
0.16455942392349243
0.21736323833465576
0.20124132931232452
0.33113130927085876
0.3181590139865875
0.33113130927085876
0.19995081424713135
0.193159818649292
0.3818429708480835
0.18517881631851196
0.40361616015434265
0.27369409799575806
0.3818429708480835
0.22817324101924896
0.2519390285015106
0.21198146045207977
0.2544274628162384
0.4012528657913208
0.33113130927085876
0.16037659347057343
0.17160648107528687
0.20779982209205627
0.38548561930656433
0.3818429708480835
0.3181590139865875
0.14477328956127167
0.18446657061576843
0.23157474398612976
0.18794894218444824
0.33540913462638855
0.19795718789100647
0.1787896454334259
0.3512568473815918
0.11646920442581177
0.3818429708480835
0.31983911991119385
0.3949066400527954
0.15883682668209076
0.14317816495895386
0.3818429708480835
0.21746236085891724
0.2363702356815338
0.33113130927085876
0.20984672009944916
0.22640079259872437
0.22754311561584473
0.14229716360569
0.25110161304473877
0.2904931902885437
0.2508735656738281
0.3818429708480835
0.14377470314502716
0.33113130927085876
0.18226280808448792
0.4012528657913208
0.23789110779762268
0.23780131340026855
0.3638535737991333
0.23171740770339966
0.2711726427078247
0.4012528657913208
0.3818429708480835
0.26329588890075684
0.3818429708480835
0.2357858270406723
0.3829416334629059
0.25808751583099365
0.4012528657913208
0.2286139726638794
0.22273215651512146
0.4012528657913208
0.2105439305305481
0.2325778603553772
0.35402268171310425
0.30090147256851196
0.2151864767074585
0.09036734700202942
0.15819793939590454
0.2462698221206665
0.1889273226261139
0.22614800930023193
0.180009663105011
0.23565159738063812
0.4012528657913208
0.20119470357894897
0.48677438497543335
0.18841774761676788
0.17351844906806946
0.22424599528312683
0.15750643610954285
0.40415289998054504
0.3818429708480835
0.3818429708480835
0.183840811252594
0.22033847868442535
0.3181590139865875
0.3818429708480835
0.18227863311767578
0.14252732694149017
0.2707546651363373
0.16824094951152802
0.4215375781059265
0.3818429708480835
0.24542126059532166
0.4012528657913208
0.3853386342525482
0.4012528657913208
0.1818753331899643
0.22093257308006287
0.19991770386695862
0.22642068564891815
0.22779421508312225
0.22650206089019775
0.28148311376571655
0.3818429708480835
0.3818429708480835
0.1023000180721283
0.3818429708480835
0.4012528657913208
0.28829991817474365
0.3818429708480835
0.17614759504795074
0.1968148946762085
0.18464159965515137
0.2571595013141632
0.26898157596588135
0.21057239174842834
0.375799298286438
0.4012528657913208
0.1949157863855362
0.1564173400402069
0.3818429708480835
0.2596256136894226
0.3818429708480835
0.19695252180099487
0.26669225096702576
0.33113130927085876
0.31079918146133423
0.2581818699836731
0.19335734844207764
0.23225921392440796
0.2161959707736969
0.3851487934589386
0.20067580044269562
0.1789458990097046
0.3853386342525482
0.260559618473053
0.2517029643058777
0.3433138132095337
0.33329707384109497
0.2551208436489105
0.3818429708480835
0.16650912165641785
0.17053349316120148
0.12052027881145477
0.20405426621437073
0.23173213005065918
0.26928678154945374
0.3818429708480835
0.31983911991119385
0.2344512641429901
0.13682673871517181
0.22446690499782562
0.18871459364891052
0.19446511566638947
0.17127646505832672
0.23769305646419525
0.15529459714889526
0.12648260593414307
0.13163287937641144
0.2334810197353363
0.33113130927085876
0.16383633017539978
0.32329002022743225
0.13252660632133484
0.3818429708480835
0.1666707694530487
0.21997521817684174
0.2332514226436615
0.18086117506027222
0.09591925144195557
0.15493100881576538
0.31983911991119385
0.23051047325134277
0.22428947687149048
0.1984253227710724
0.23259945213794708
0.21266776323318481
0.21005254983901978
0.19410115480422974
0.19484570622444153
0.2489442527294159
0.2682020664215088
0.2006710320711136
0.22187605500221252
0.29526984691619873
0.39814576506614685
0.18956699967384338
0.3818429708480835
0.3818429708480835
0.31983911991119385
0.1681920886039734
0.26062238216400146
0.1658664047718048
0.13272111117839813
0.16359612345695496
0.31260937452316284
0.17319253087043762
0.14480353891849518
0.21342217922210693
0.24704819917678833
0.3818429708480835
0.2992272973060608
0.31983911991119385
0.3818429708480835
0.13372844457626343
0.2050241231918335
0.2357739359140396
0.27862662076950073
0.1488126665353775
0.33113130927085876
0.19168469309806824
0.33113130927085876
0.33113130927085876
0.1996813714504242
0.3818429708480835
0.20663759112358093
0.3818429708480835
0.16714605689048767
0.19578564167022705
0.33113130927085876
0.2570311427116394
0.19698268175125122
0.15128818154335022
0.3818429708480835
0.19772867858409882
0.2234513759613037
0.216010183095932
0.39814576506614685
0.18998810648918152
0.14414215087890625
0.4124298095703125
0.15621636807918549
0.2371523678302765
0.18021073937416077
0.16217797994613647
0.31526732444763184
0.33329707384109497
0.19504116475582123
0.19215205311775208
0.3818429708480835
0.3740355968475342
0.2152673900127411
0.31122058629989624
0.1838969737291336
0.17989768087863922
0.13324284553527832
0.23828360438346863
0.19941730797290802
0.39814576506614685
0.22714824974536896
0.33113130927085876
0.3012702465057373
0.16515660285949707
0.13216052949428558
0.3135279417037964
0.4012528657913208
0.22087523341178894
0.2529996633529663
0.232438325881958
0.13324284553527832
0.1314360797405243
0.39814576506614685
0.2167639136314392
0.3818429708480835
0.23265603184700012
0.39814576506614685
0.33329707384109497
0.2979939877986908
0.3818429708480835
0.17349565029144287
0.20830264687538147
0.17594075202941895
0.2786177098751068
0.3818429708480835
0.12273025512695312
0.14735420048236847
0.374880850315094
0.2132217288017273
0.42428699135780334
0.25801801681518555
0.21375489234924316
0.18594703078269958
0.17122782766819
0.3818429708480835
0.16962218284606934
0.19727346301078796
0.1948663294315338
0.15009552240371704
0.3818429708480835
0.24515968561172485
0.21895089745521545
0.3818429708480835
0.3181590139865875
0.33113130927085876
0.3181590139865875
0.14745575189590454
0.12911637127399445
0.18000631034374237
0.15051914751529694
0.39814576506614685
0.40194153785705566
0.17351429164409637
0.3181590139865875
0.33113130927085876
0.20175814628601074
0.19698701798915863
0.3512568473815918
0.1545880287885666
0.269896537065506
0.13759848475456238
0.2216641902923584
0.16848860681056976
0.15842896699905396
0.23190082609653473
0.31983911991119385
0.2970946431159973
0.23038727045059204
0.1768897920846939
0.26314473152160645
0.17937520146369934
0.19263803958892822
0.2895810306072235
0.23667779564857483
0.21522149443626404
0.13324284553527832
0.2559026777744293
0.3818429708480835
0.16684870421886444
0.29835349321365356
0.3955298066139221
0.23780131340026855
0.3117324113845825
0.20834660530090332
0.3818429708480835
0.4012528657913208
0.3818429708480835
0.17069360613822937
0.36566221714019775
0.19618043303489685
0.14339987933635712
0.21595075726509094
0.26060396432876587
0.29702553153038025
0.4012528657913208
0.22057445347309113
0.2322712540626526
0.20288342237472534
0.22884342074394226
0.3818429708480835
0.2148672640323639
0.3818429708480835
0.3818429708480835
0.3821668028831482
0.21068371832370758
0.19308969378471375
0.39814576506614685
0.19473081827163696
0.39814576506614685
0.31983911991119385
0.3502042591571808
0.23840448260307312
0.298982709646225
0.3818429708480835
0.3818429708480835
0.12952850759029388
0.2749580442905426
0.33113130927085876
0.1612015813589096
0.22297000885009766
0.3818429708480835
0.3818429708480835
0.3818429708480835
0.3181590139865875
0.14814640581607819
0.33113130927085876
0.16301700472831726
0.1747034192085266
0.22561445832252502
0.34951910376548767
0.3818429708480835
0.33113130927085876
0.1527295708656311
0.21528661251068115
0.3818429708480835
0.39814576506614685
0.20864519476890564
0.23780131340026855
0.2946787476539612
0.3818429708480835
0.13324284553527832
0.18665428459644318
0.3818429708480835
0.23063163459300995
0.3818429708480835
0.2293953150510788
0.3616778552532196
0.1914222538471222
0.3818429708480835
0.3181590139865875
0.22061322629451752
0.21002614498138428
0.14230231940746307
0.3818429708480835
0.23780131340026855
0.21978789567947388
0.22028511762619019
0.1816810667514801
0.3818429708480835
0.2102281153202057
0.1382003277540207
0.13428647816181183
0.33113130927085876
0.33113130927085876
0.2996208071708679
0.4012528657913208
0.15471090376377106
0.11157292127609253
0.36855489015579224
0.3818429708480835
0.31983911991119385
0.19095642864704132
0.20983916521072388
0.39814576506614685
0.1843140721321106
0.3818429708480835
0.3818429708480835
0.24773067235946655
0.14504308998584747
0.18471109867095947
0.33113130927085876
0.3181590139865875
0.12473276257514954
0.20873774588108063
0.2097848355770111
0.1449064165353775
0.2692592144012451
0.3135279417037964
0.23458805680274963
0.3818429708480835
0.39117491245269775
0.14982005953788757
0.20109470188617706
0.32513225078582764
0.13122329115867615
0.3818429708480835
0.17047540843486786
0.1693807691335678
0.33113130927085876
0.3691585063934326
0.3818429708480835
0.23352819681167603
0.1765918880701065
0.3732842803001404
0.39814576506614685
0.3818429708480835
0.21448715031147003
0.13850881159305573
0.2840661406517029
0.20873774588108063
0.1863408386707306
0.19751793146133423
0.3818429708480835
0.34586575627326965
0.39814576506614685
0.14414215087890625
0.33113130927085876
0.17760595679283142
0.3474395275115967
0.2177661955356598
0.33113130927085876
0.3818429708480835
0.3818429708480835
0.30107682943344116
0.3818429708480835
0.10746502876281738
0.26588016748428345
0.22392764687538147
0.191530242562294
0.3818429708480835
0.20481285452842712
0.1963728666305542
0.18271693587303162
0.19190745055675507
0.2139931619167328
0.31033045053482056
0.21732082962989807
0.18000301718711853
0.36194875836372375
0.31317418813705444
0.2168571650981903
0.33113130927085876
0.3181590139865875
0.1603713482618332
0.1495019942522049
0.27030128240585327
0.10803233087062836
0.2155877649784088
0.2992272973060608
0.1367788165807724
0.3818429708480835
0.3181590139865875
0.14722904562950134
0.14956045150756836
0.23780131340026855
0.23871202766895294
0.11183501780033112
0.2666361927986145
0.4862501919269562
0.2523793876171112
0.20375105738639832
0.19410914182662964
0.1823667585849762
0.19832353293895721
0.29462289810180664
0.39814576506614685
0.2209893763065338
0.2070983201265335
0.17130689322948456
0.18085657060146332
0.0815947949886322
0.3735674023628235
0.1272122859954834
0.22403454780578613
0.09591925144195557
0.2477140873670578
0.33113130927085876
0.20580296218395233
0.3818429708480835
0.23281756043434143
0.20043277740478516
0.12100023031234741
0.2542092204093933
0.28148311376571655
0.3185715079307556
0.20222529768943787
0.2908167243003845
0.3818429708480835
0.18126116693019867
0.39814576506614685
0.16812118887901306
0.20416463911533356
0.22551792860031128
0.33113130927085876
0.20635327696800232
0.31983911991119385
0.12473276257514954
0.20184096693992615
0.17460420727729797
0.33113130927085876
0.17788638174533844
0.2948208749294281
0.17424502968788147
0.2416960597038269
0.2019413709640503
0.14615517854690552
0.2742737829685211
0.30085426568984985
0.3818429708480835
0.14181368052959442
0.30099308490753174
0.2606300711631775
0.2623194754123688
0.3815823495388031
0.25559452176094055
0.16371725499629974
0.22039368748664856
0.330770343542099
0.3942519426345825
0.2098272442817688
0.23127807676792145
0.23248516023159027
0.11862337589263916
0.34047383069992065
0.20191751420497894
0.2384738326072693
0.32281750440597534
0.11924806237220764
0.17833107709884644
0.2663879692554474
0.20247270166873932
0.2811430096626282
0.30337291955947876
0.23072558641433716
0.21965038776397705
0.2781383991241455
0.22007489204406738
0.151017427444458
0.39814576506614685
0.12082314491271973
0.3818429708480835
0.10826241970062256
0.13292814791202545
0.25882166624069214
0.23967255651950836
0.3818429708480835
0.4012528657913208
0.20441628992557526
0.1517094522714615
0.143608957529068
0.20112061500549316
0.22570908069610596
0.3818429708480835
0.3818429708480835
0.3086209297180176
0.3818429708480835
0.33113130927085876
0.3818429708480835
0.12473276257514954
0.3454268276691437
0.3818429708480835
0.23780131340026855
0.1912347972393036
0.1692856252193451
0.16745704412460327
0.39814576506614685
0.1627010852098465
0.3818429708480835
0.3818429708480835
0.09379827976226807
0.27865803241729736
0.3818429708480835
0.2826892137527466
0.3818429708480835
0.3818429708480835
0.3818429708480835
0.33828628063201904
0.18172404170036316
0.3818429708480835
0.16317573189735413
0.29522085189819336
0.2147151529788971
0.13541574776172638
0.2277449667453766
0.21485614776611328
0.3818429708480835
0.1723046898841858
0.33113130927085876
0.27309733629226685
0.3591420650482178
0.3222636878490448
0.3249627351760864
0.17860499024391174
0.20142117142677307
0.22897092998027802
0.15218235552310944
0.2140749990940094
0.3912475109100342
0.38937368988990784
0.18549302220344543
0.20762330293655396
0.3818429708480835
0.3818429708480835
0.24554063379764557
0.3818429708480835
0.1303216814994812
0.3818429708480835
0.15560129284858704
0.20176196098327637
0.17053866386413574
0.3034580647945404
0.3818429708480835
0.33113130927085876
0.18878264725208282
0.1802334487438202
0.2670043706893921
0.2185514271259308
0.13944077491760254
0.3251733183860779
0.3818429708480835
0.4012528657913208
0.20513001084327698
0.3818429708480835
0.19185958802700043
0.33113130927085876
0.3818429708480835
0.16552889347076416
0.31983911991119385
0.31983911991119385
0.4012528657913208
0.3818429708480835
0.12865430116653442
0.217777818441391
0.1924552470445633
0.28379690647125244
0.4490778148174286
0.3818429708480835
0.24595685303211212
0.33113130927085876
0.2701878547668457
0.17676284909248352
0.23026609420776367
0.21571999788284302
0.24374257028102875
0.3219454288482666
0.16452908515930176
0.16523127257823944
0.3818429708480835
0.13569559156894684
0.2414735108613968
0.12211751937866211
0.31983911991119385
0.19485247135162354
0.1830964982509613
0.3989480435848236
0.1940561980009079
0.22906026244163513
0.16738399863243103
0.38777947425842285
0.17007651925086975
0.1899452805519104
0.2120785117149353
0.1878003478050232
0.23102855682373047
0.3818429708480835
0.159207284450531
0.27154597640037537
0.3818429708480835
0.14982005953788757
0.33113130927085876
0.220699742436409
0.21963292360305786
0.2122361958026886
0.13999304175376892
0.21970771253108978
0.14158497750759125
0.14732131361961365
0.22002899646759033
0.32341134548187256
0.2259257584810257
0.4012528657913208
0.20238147675991058
0.23540839552879333
0.3818429708480835
0.14672836661338806
0.1983923316001892
0.2151932418346405
0.23872892558574677
0.3840601444244385
0.33113130927085876
0.24054992198944092
0.18763825297355652
0.18707981705665588
0.34081926941871643
0.23780131340026855
0.18898794054985046
0.3818429708480835
0.3818429708480835
0.16043823957443237
0.4169936180114746
0.21514219045639038
0.20527592301368713
0.12461629509925842
0.181080162525177
0.3181590139865875
0.2533513009548187
0.3497515320777893
0.4026634693145752
0.102918341755867
0.4012528657913208
0.21628189086914062
0.19788555800914764
0.39798110723495483
0.1256454437971115
0.2577810287475586
0.4012528657913208
0.16336993873119354
0.18072213232517242
0.14448916912078857
0.4012528657913208
0.3484920561313629
0.33113130927085876
0.19747193157672882
0.3818429708480835
0.40526318550109863
0.13324284553527832
0.09838201105594635
0.3021605312824249
0.2146356701850891
0.20300161838531494
0.31983911991119385
0.3818429708480835
0.4012528657913208
0.3818429708480835
0.23190420866012573
0.35491153597831726
0.15441541373729706
0.28142204880714417
0.3625309467315674
0.15974640846252441
0.13452133536338806
0.2789257764816284
0.27594393491744995
0.21629834175109863
0.3213200271129608
0.3818429708480835
0.17987769842147827
0.20065844058990479
0.31983911991119385
0.28033339977264404
0.22211873531341553
0.3818429708480835
0.23780131340026855
0.2446662038564682
0.33113130927085876
0.26218152046203613
0.3818429708480835
0.3181590139865875
0.21197578310966492
0.12206372618675232
0.16444548964500427
0.1365681290626526
0.33057841658592224
0.20856444537639618
0.1939258575439453
0.2209893763065338
0.2660999596118927
0.3818429708480835
0.22586077451705933
0.3818429708480835
0.2014465034008026
0.33113130927085876
0.13152337074279785
0.17934012413024902
0.15414541959762573
0.19646060466766357
0.15233293175697327
0.3818429708480835
0.24179263412952423
0.1899978220462799
0.1860624998807907
0.3818429708480835
0.249541237950325
0.2889658510684967
0.4012528657913208
0.3818429708480835
0.3818429708480835
0.39880257844924927
0.19354841113090515
0.39814576506614685
0.3454268276691437
0.1915425807237625
0.39814576506614685
0.20800912380218506
0.21123066544532776
0.2333831787109375
0.3818429708480835
0.2516171336174011
0.1815759539604187
0.1873038113117218
0.15436556935310364
0.16690939664840698
0.2482290267944336
0.24201121926307678
0.18411411345005035
0.3512842655181885
0.3818429708480835
0.2784693241119385
0.25858408212661743
0.2721213102340698
0.3091190457344055
0.18587425351142883
0.3818429708480835
0.26737865805625916
0.33113130927085876
0.16355803608894348
0.3045225739479065
0.33113130927085876
0.32724612951278687
0.3818429708480835
0.3818429708480835
0.3818429708480835
0.14312124252319336
0.19352807104587555
0.2055487185716629
0.33113130927085876
0.4215041995048523
0.17509421706199646
0.33113130927085876
0.3638535737991333
0.203772634267807
0.3818429708480835
0.3181590139865875
0.4012528657913208
0.3818429708480835
0.31983911991119385
0.15940895676612854
0.3818429708480835
0.18717730045318604
0.2154708355665207
0.13974417746067047
0.39814576506614685
0.31983911991119385
0.20589503645896912
0.28033339977264404
0.25652027130126953
0.23239871859550476
0.22302713990211487
0.3818429708480835
0.15260620415210724
0.3818429708480835
0.40815070271492004
0.14620205760002136
0.2956148087978363
0.2722805440425873
0.29239022731781006
0.2465287446975708
0.23780131340026855
0.18818368017673492
0.31983911991119385
0.19985581934452057
0.17823652923107147
0.17861376702785492
0.12087574601173401
0.24141106009483337
0.27629250288009644
0.31983911991119385
0.21747443079948425
0.4012528657913208
0.18195900321006775
0.28222689032554626
0.3818429708480835
0.10253417491912842
0.2433871477842331
0.3818429708480835
0.19703912734985352
0.5099108815193176
0.4012528657913208
0.22561657428741455
0.1662895828485489
0.20029611885547638
0.20543724298477173
0.3818429708480835
0.22291895747184753
0.20850643515586853
0.29702553153038025
0.17931148409843445
0.21573221683502197
0.3025554120540619
0.3853386342525482
0.1981063038110733
0.1981121450662613
0.16064785420894623
0.10438354313373566
0.23516419529914856
0.1304970383644104
0.3818429708480835
0.2036588191986084
0.2309727668762207
0.14162161946296692
0.22853288054466248
0.1823330521583557
0.20528016984462738
0.3818429708480835
0.2015230506658554
0.19641250371932983
0.27698439359664917
0.12913252413272858
0.18280181288719177
0.1926603764295578
0.2532309889793396
0.28335505723953247
0.2204800844192505
0.3818429708480835
0.33113130927085876
0.3003981113433838
0.2150649130344391
0.23944677412509918
0.2455662190914154
0.43085816502571106
0.11157292127609253
0.39814576506614685
0.4012528657913208
0.22306136786937714
0.2570185661315918
0.24157772958278656
0.3818429708480835
0.2777460515499115
0.1916981190443039
0.1711147427558899
0.19795507192611694
0.40153664350509644
0.39814576506614685
0.20281243324279785
0.33113130927085876
0.19053003191947937
0.217361181974411
0.21270138025283813
0.3727472424507141
0.3818429708480835
0.12303228676319122
0.2318304479122162
0.35034018754959106
0.3818429708480835
0.21932366490364075
0.18355129659175873
0.3818429708480835
0.3818429708480835
0.3206201195716858
0.1832619607448578
0.3818429708480835
0.16929398477077484
0.22868242859840393
0.3912475109100342
0.30308374762535095
0.2583998441696167
0.33113130927085876
0.18495798110961914
0.1347968578338623
0.15218141674995422
0.4251209497451782
0.24300986528396606
0.22925889492034912
0.2257561832666397
0.33113130927085876
0.3181590139865875
0.13263897597789764
0.19640058279037476
0.30815473198890686
0.14769116044044495
0.2920929789543152
0.1634978950023651
0.39814576506614685
0.3818429708480835
0.3818429708480835
0.17617936432361603
0.4012528657913208
0.28263068199157715
0.11991614103317261
0.3818429708480835
0.24272693693637848
0.4012528657913208
0.41593655943870544
0.12803782522678375
0.19608019292354584
0.3818429708480835
0.18798036873340607
0.16756410896778107
0.33113130927085876
0.3547396659851074
0.20440874993801117
0.3512842655181885
0.16744071245193481
0.18925713002681732
0.2633662223815918
0.15141023695468903
0.4609054923057556
0.3181590139865875
0.21351349353790283
0.2171376347541809
0.2209893763065338
0.33113130927085876
0.18442519009113312
0.3219454288482666
0.12714780867099762
0.33113130927085876
0.4012528657913208
0.17026686668395996
0.3512842655181885
0.23541709780693054
0.20126262307167053
0.28060221672058105
0.23102118074893951
0.32725727558135986
0.21643151342868805
0.31983911991119385
0.26181313395500183
0.3181590139865875
0.16740381717681885
0.3818429708480835
0.20906004309654236
0.3818429708480835
0.33113130927085876
0.33113130927085876
0.4027121067047119
0.17413988709449768
0.21775828301906586
0.39814576506614685
0.18646547198295593
0.031297534704208374
0.15043103694915771
0.31983911991119385
0.1886659562587738
0.34059423208236694
0.221134752035141
0.21461288630962372
0.25880223512649536
0.22255006432533264
0.199332594871521
0.3733803927898407
0.4012528657913208
0.4012528657913208
0.2466290295124054
0.3818429708480835
0.1291644275188446
0.3818429708480835
0.3181590139865875
0.3818429708480835
0.22678802907466888
0.3818429708480835
0.3815823495388031
0.2786790728569031
0.3818429708480835
0.3691585063934326
0.15526333451271057
0.24555480480194092
0.27495327591896057
0.2922775149345398
0.3596767783164978
0.33113130927085876
0.19027984142303467
0.2694616913795471
0.19878849387168884
0.18955036997795105
0.13324284553527832
0.2620491683483124
0.3818429708480835
0.23964066803455353
0.3818429708480835
0.19925671815872192
0.25569555163383484
0.4012528657913208
0.12911637127399445
0.3818429708480835
0.3818429708480835
0.22561004757881165
0.3818429708480835
0.143608957529068
0.3818429708480835
0.2356511652469635
0.17217305302619934
0.2074809968471527
0.3818429708480835
0.23780131340026855
0.14667969942092896
0.16598695516586304
0.33122095465660095
0.35365065932273865
0.2355130910873413
0.33113130927085876
0.21959242224693298
0.39866191148757935
0.13355469703674316
0.16331449151039124
0.10897640883922577
0.3389919400215149
0.3818429708480835
0.3763502836227417
0.35402268171310425
0.2845337986946106
0.23840655386447906
0.04878818988800049
0.2609068751335144
0.40442395210266113
0.14690858125686646
0.33113130927085876
0.3181590139865875
0.200547456741333
0.20849087834358215
0.2935028672218323
0.23780131340026855
0.3818429708480835
0.3818429708480835
0.31983911991119385
0.424551784992218
0.23889411985874176
0.27802878618240356
0.11386413872241974
0.3818429708480835
0.17259837687015533
0.18904787302017212
0.2426721751689911
0.19844847917556763
0.39814576506614685
0.17701475322246552
0.1496621072292328
0.15598665177822113
0.21522660553455353
0.3818429708480835
0.16211296617984772
0.1539520025253296
0.19524183869361877
0.33113130927085876
0.11710488796234131
0.31983911991119385
0.21443098783493042
0.16911199688911438
0.1793133020401001
0.2922775149345398
0.13681399822235107
0.4486684799194336
0.33113130927085876
0.3181590139865875
0.15018121898174286
0.28033339977264404
0.4707610309123993
0.15391287207603455
0.18033163249492645
0.3818429708480835
0.296735942363739
0.19922900199890137
0.2108624130487442
0.39814576506614685
0.36405253410339355
0.3818429708480835
0.3818429708480835
0.3818429708480835
0.21488739550113678
0.12968327105045319
0.21675513684749603
0.3454268276691437
0.27364015579223633
0.3818429708480835
0.39814576506614685
0.33113130927085876
0.24809515476226807
0.1742781102657318
0.4012528657913208
0.14104217290878296
0.24902744591236115
0.1907869130373001
0.37156611680984497
0.2888028621673584
0.36515098810195923
0.2749580442905426
0.25332462787628174
0.16655200719833374
0.3818429708480835
0.2743290662765503
0.2570311427116394
0.23577876389026642
0.19257065653800964
0.13324284553527832
0.1920778751373291
0.20570442080497742
0.21191200613975525
0.20886735618114471
0.4633960723876953
0.22831091284751892
0.3691585063934326
0.31033045053482056
0.25568529963493347
0.328750342130661
0.29939985275268555
0.3181590139865875
0.38937368988990784
0.33113130927085876
0.16624942421913147
0.15238134562969208
0.24216815829277039
0.33113130927085876
0.21274477243423462
0.33113130927085876
0.17654377222061157
0.4012528657913208
0.3814903497695923
0.4023425281047821
0.26189884543418884
0.21160513162612915
0.3818429708480835
0.1742020547389984
0.285207062959671
0.3818429708480835
0.3818429708480835
0.3818429708480835
0.3818429708480835
0.4204743504524231
0.2177755981683731
0.2992272973060608
0.22023801505565643
0.3219454288482666
0.3818429708480835
0.34394946694374084
0.29671990871429443
0.21276572346687317
0.20387960970401764
0.3818429708480835
0.33613401651382446
0.33113130927085876
0.203914612531662
0.2395314872264862
0.3818429708480835
0.39814576506614685
0.21901190280914307
0.2530604302883148
0.38014376163482666
0.18104077875614166
0.22679466009140015
0.3818429708480835
0.38109004497528076
0.15100941061973572
0.18930284678936005
0.13311026990413666
0.2882688641548157
0.3818429708480835
0.39814576506614685
0.31351858377456665
0.3380281627178192
0.1831899881362915
0.39814576506614685
0.1811879277229309
0.39630749821662903
0.1698981523513794
0.3818429708480835
0.280376672744751
0.2415568232536316
0.13747450709342957
0.19304345548152924
0.23780131340026855
0.34789609909057617
0.12792202830314636
0.2235519289970398
0.16237613558769226
0.3818429708480835
0.2089383602142334
0.3074929714202881
0.19774633646011353
0.2309657484292984
0.33113130927085876
0.40537935495376587
0.22973224520683289
0.3818429708480835
0.3818429708480835
0.241766557097435
0.3818429708480835
0.19122320413589478
0.2669054865837097
0.14738993346691132
0.28936922550201416
0.2260010540485382
0.1565086543560028
0.18899224698543549
0.28570184111595154
0.3818429708480835
0.21596330404281616
0.15653401613235474
0.3818429708480835
0.16303420066833496
0.11391083896160126
0.4012528657913208
0.20084784924983978
0.33920228481292725
0.3818429708480835
0.19284868240356445
0.31983911991119385
0.33113130927085876
0.14953352510929108
0.1570046991109848
0.1612827479839325
0.2143723964691162
0.20999202132225037
0.14428217709064484
0.17983201146125793
0.1807599663734436
0.19099245965480804
0.18929719924926758
0.33113130927085876
0.2594338059425354
0.18421292304992676
0.12867096066474915
0.16808581352233887
0.2570311427116394
0.20276452600955963
0.40194153785705566
0.45402565598487854
0.17183338105678558
0.19823521375656128
0.3818429708480835
0.199489027261734
0.16484305262565613
0.3818429708480835
0.17046308517456055
0.1519310176372528
0.17235055565834045
0.18171484768390656
0.1802862584590912
0.14766927063465118
0.3818429708480835
0.3818429708480835
0.4012528657913208
0.3818429708480835
0.1763288974761963
0.21845263242721558
0.18382245302200317
0.18297898769378662
0.13521258533000946
0.20126645267009735
0.3609464466571808
0.33113130927085876
0.1278403103351593
0.23585130274295807
0.33113130927085876
0.14034609496593475
0.21938185393810272
0.16931721568107605
0.21573638916015625
0.3818429708480835
0.2668430209159851
0.39814576506614685
0.39814576506614685
0.4174768030643463
0.19689711928367615
0.3818429708480835
0.3818429708480835
0.28279703855514526
0.2033422887325287
0.1586817055940628
0.3231832981109619
0.17693297564983368
0.1916247457265854
0.2208966612815857
0.14758403599262238
0.3818429708480835
0.38463294506073
0.1853034794330597
0.390231728553772
0.37588930130004883
0.18999862670898438
0.3436165750026703
0.29141944646835327
0.3818429708480835
0.18830397725105286
0.15920034050941467
0.3447395861148834
0.26115086674690247
0.31491386890411377
0.1654203236103058
0.13826768100261688
0.21509027481079102
0.19710853695869446
0.2295573353767395
0.1517302244901657
0.23588383197784424
0.39814576506614685
0.1719687581062317
0.14815326035022736
0.3017149865627289
0.33113130927085876
0.27205467224121094
0.19881905615329742
0.130011647939682
0.29378679394721985
0.21347352862358093
0.33113130927085876
0.06723105907440186
0.21580770611763
0.3818429708480835
0.14568710327148438
0.3691585063934326
0.15919890999794006
0.35402268171310425
0.20962686836719513
0.20708337426185608
0.4542103409767151
0.19910725951194763
0.18336394429206848
0.24708139896392822
0.20382675528526306
0.3818429708480835
0.13853615522384644
0.1518305540084839
0.2941262125968933
0.3818429708480835
0.20166802406311035
0.17730459570884705
0.3181590139865875
0.24375639855861664
0.331254780292511
0.3818429708480835
0.23011913895606995
0.24351637065410614
0.3556614816188812
0.23831520974636078
0.3818429708480835
0.3441518545150757
0.21689482033252716
0.39814576506614685
0.3691585063934326
0.39814576506614685
0.32036587595939636
0.19812068343162537
0.13310398161411285
0.21585842967033386
0.22382505238056183
0.2002558708190918
0.33113130927085876
0.17588427662849426
0.3818429708480835
0.3818429708480835
0.2996736764907837
0.14896109700202942
0.16513097286224365
0.1883964240550995
0.39814576506614685
0.21239331364631653
0.3403944969177246
0.21885909140110016
0.33113130927085876
0.19918395578861237
0.3818429708480835
0.17360085248947144
0.16506433486938477
0.3818429708480835
0.18827232718467712
0.2158600091934204
0.35219863057136536
0.3818429708480835
0.35612642765045166
0.2763078808784485
0.3818429708480835
0.18681879341602325
0.3219454288482666
0.2144409716129303
0.2692592144012451
0.1976989209651947
0.39814576506614685
0.3818429708480835
0.2060169279575348
0.3818429708480835
0.16454634070396423
0.3818429708480835
0.2054833471775055
0.39117491245269775
0.1650526225566864
0.12255299091339111
0.3818429708480835
0.2848872244358063
0.22148995101451874
0.25637009739875793
0.19459259510040283
0.33113130927085876
0.4012528657913208
0.16029097139835358
0.23424111306667328
0.24406149983406067
0.22594653069972992
0.21542492508888245
0.3818429708480835
0.3818429708480835
0.2681839168071747
0.33113130927085876
0.23802781105041504
0.2171097993850708
0.17563918232917786
0.17993466556072235
0.12244424223899841
0.3818429708480835
0.2335391491651535
0.39814576506614685
0.19812771677970886
0.39814576506614685
0.19082579016685486
0.3181590139865875
0.23780131340026855
0.26516711711883545
0.33113130927085876
0.2587243914604187
0.24172218143939972
0.3818429708480835
0.3818429708480835
0.3818429708480835
0.33113130927085876
0.3818429708480835
0.23786576092243195
0.3818429708480835
0.18494373559951782
0.20609302818775177
0.26634472608566284
0.21016690135002136
0.32280734181404114
0.209404855966568
0.3691585063934326
0.19469186663627625
0.3818429708480835
0.22649510204792023
0.2193237990140915
0.15547296404838562
0.3818429708480835
0.1347777396440506
0.3818429708480835
0.25124236941337585
0.1844654381275177
0.33113130927085876
0.195482075214386
0.1600940227508545
0.20356065034866333
0.2307087779045105
0.15836909413337708
0.18948176503181458
0.2787373661994934
0.33113130927085876
0.3818429708480835
0.33113130927085876
0.15276262164115906
0.14621996879577637
0.20915937423706055
0.24118486046791077
0.18316057324409485
0.11327685415744781
0.2064005732536316
0.33113130927085876
0.39787939190864563
0.33113130927085876
0.2789035439491272
0.11220741271972656
0.23864416778087616
0.4012528657913208
0.3818429708480835
0.18122008442878723
0.3818429708480835
0.3202934265136719
0.3477434813976288
0.34951910376548767
0.16068923473358154
0.33329707384109497
0.1705164760351181
0.15992924571037292
0.14651192724704742
0.3218417167663574
0.17799870669841766
0.20346498489379883
0.1857568323612213
0.3818429708480835
0.23438787460327148
0.18364371359348297
0.3181590139865875
0.2085595577955246
0.23325009644031525
0.31983911991119385
0.2088429182767868
0.31983911991119385
0.2552632689476013
0.22874629497528076
0.06831961870193481
0.3181590139865875
0.324989914894104
0.3020176887512207
0.3818429708480835
0.17642217874526978
0.29270127415657043
0.3818429708480835
0.15348932147026062
0.25792941451072693
0.19714988768100739
0.2318781167268753
0.20047105848789215
0.13515865802764893
0.16826215386390686
0.2806550860404968
0.1637669950723648
0.09591925144195557
0.4012528657913208
0.26301246881484985
0.22384634613990784
0.3818429708480835
0.15256157517433167
0.31983911991119385
0.22972489893436432
0.1765938401222229
0.33113130927085876
0.4012528657913208
0.3538471460342407
0.1427355706691742
0.23809680342674255
0.2789984941482544
0.1915443241596222
0.19308137893676758
0.10638171434402466
0.3818429708480835
0.33113130927085876
0.2467476725578308
0.219053253531456
0.3818429708480835
0.31983911991119385
0.14546257257461548
0.3818429708480835
0.39580100774765015
0.18945902585983276
0.31778591871261597
0.2796540856361389
0.4026358723640442
0.19966697692871094
0.17491693794727325
0.12283504009246826
0.39814576506614685
0.3818429708480835
0.3380146622657776
0.17702797055244446
0.1789407581090927
0.18173936009407043
0.4012528657913208
0.3928915560245514
0.3749459981918335
0.33113130927085876
0.15178096294403076
0.35652777552604675
0.3818429708480835
0.3795015811920166
0.28531932830810547
0.33113130927085876
0.3818429708480835
0.13112884759902954
0.23780131340026855
0.23986464738845825
0.1560414433479309
0.19673603773117065
0.20362599194049835
0.3818429708480835
0.19735267758369446
0.33113130927085876
0.2203892171382904
0.2009640336036682
0.11445358395576477
0.3181590139865875
0.1931491196155548
0.21883711218833923
0.21421487629413605
0.3818429708480835
0.27934449911117554
0.1922871619462967
0.33113130927085876
0.21093353629112244
0.31983911991119385
0.33113130927085876
0.31078681349754333
0.3164399266242981
0.3818429708480835
0.20642533898353577
0.15318989753723145
0.1465950757265091
0.34586575627326965
0.3818429708480835
0.3678759038448334
0.33113130927085876
0.31983911991119385
0.3818429708480835
0.39814576506614685
0.41906607151031494
0.33113130927085876
0.3818429708480835
0.157924085855484
0.31983911991119385
0.30932480096817017
0.23448526859283447
0.17441919445991516
0.3818429708480835
0.18686416745185852
0.24628803133964539
0.22268792986869812
0.21563079953193665
0.39919376373291016
0.12538620829582214
0.22704409062862396
0.19971519708633423
0.3818429708480835
0.21916165947914124
0.11862808465957642
0.33113130927085876
0.3818429708480835
0.1696096658706665
0.17005258798599243
0.15148824453353882
0.2707611918449402
0.2985464930534363
0.2733091115951538
0.3181590139865875
0.23239871859550476
0.28554239869117737
0.19618546962738037
0.2807302474975586
0.30892425775527954
0.3735674023628235
0.3818429708480835
0.31983911991119385
0.2207947075366974
0.2495770901441574
0.12514877319335938
0.3181590139865875
0.3818429708480835
0.19561150670051575
0.3818429708480835
0.23634174466133118
0.3457100987434387
0.3818429708480835
0.10875698924064636
0.31983911991119385
0.211369127035141
0.22055739164352417
0.20924875140190125
0.31694164872169495
0.30259329080581665
0.21814438700675964
0.3818429708480835
0.3818429708480835
0.3826439678668976
0.24677933752536774
0.4012528657913208
0.3912475109100342
0.3847190737724304
0.3181590139865875
0.14608299732208252
0.17442545294761658
0.4012528657913208
0.3090967535972595
0.13163287937641144
0.2398890256881714
0.21267738938331604
0.1842038631439209
0.27188342809677124
0.23780131340026855
0.22359800338745117
0.2846628725528717
0.13324284553527832
0.2864602208137512
0.2754916548728943
0.22109362483024597
0.2074388563632965
0.1772266924381256
0.3418843150138855
0.15598736703395844
0.3233780860900879
0.14968836307525635
0.25368720293045044
0.21391496062278748
0.23141911625862122
0.3818429708480835
0.2647533416748047
0.4012528657913208
0.1673014760017395
0.2522353231906891
0.3818429708480835
0.10638171434402466
0.2926265597343445
0.12244424223899841
0.3181590139865875
0.4012528657913208
0.3818429708480835
0.2577107846736908
0.39814576506614685
0.3818429708480835
0.4012528657913208
0.0846337378025055
0.3818429708480835
0.22415976226329803
0.33113130927085876
0.1558884084224701
0.20024684071540833
0.23780131340026855
0.3297526240348816
0.3818429708480835
0.21227534115314484
0.21548253297805786
0.18317539989948273
0.3818429708480835
0.40355318784713745
0.16764949262142181
0.2643292546272278
0.18837034702301025
0.13324284553527832
0.2051049917936325
0.4012528657913208
0.3181590139865875
0.22156688570976257
0.3689102828502655
0.33113130927085876
0.172678142786026
0.20942454040050507
0.14089839160442352
0.14320388436317444
0.35402268171310425
0.17284655570983887
0.2598015367984772
0.31983911991119385
0.20584851503372192
0.2854504883289337
0.20760852098464966
0.3818429708480835
0.28825631737709045
0.19617918133735657
0.12739509344100952
0.33113130927085876
0.15497756004333496
0.1404380202293396
0.23239871859550476
0.24122139811515808
0.17255853116512299
0.3181590139865875
0.1788843274116516
0.20613369345664978
0.33113130927085876
0.2589506208896637
0.24063095450401306
0.4012528657913208
0.22660347819328308
0.22519762814044952
0.3818429708480835
0.3818429708480835
0.2165849506855011
0.294208824634552
0.14876170456409454
0.19960153102874756
0.3818429708480835
0.17771971225738525
0.3815823495388031
0.31983911991119385
0.3818429708480835
0.3691585063934326
0.33936870098114014
0.33057841658592224
0.3818429708480835
0.19856545329093933
0.17929884791374207
0.3324095606803894
0.11371840536594391
0.15592263638973236
0.2595170736312866
0.1698153018951416
0.4012528657913208
0.2518487870693207
0.27865803241729736
0.3818429708480835
0.3818429708480835
0.19499588012695312
0.201016366481781
0.16054171323776245
0.33113130927085876
0.15441283583641052
0.1586287021636963
0.33113130927085876
0.31983911991119385
0.181993767619133
0.21333296597003937
0.17012828588485718
0.31983911991119385
0.31306734681129456
0.22993117570877075
0.19320671260356903
0.1697404980659485
0.25545912981033325
0.3691585063934326
0.2089296579360962
0.21688595414161682
0.36168020963668823
0.15655958652496338
0.23902812600135803
0.3181590139865875
0.3818429708480835
0.19605837762355804
0.21541854739189148
0.223428875207901
0.3638535737991333
0.18413247168064117
0.4012528657913208
0.3818429708480835
0.23242729902267456
0.18681594729423523
0.15342731773853302
0.20498384535312653
0.3818429708480835
0.2329212725162506
0.2640019655227661
0.32622992992401123
0.31983911991119385
0.1964268833398819
0.3033638000488281
0.49001219868659973
0.19087132811546326
0.19465892016887665
0.32176610827445984
0.20107880234718323
0.21675291657447815
0.22039894759655
0.24838638305664062
0.3818429708480835
0.17168956995010376
0.14982005953788757
0.31983911991119385
0.31983911991119385
0.49748218059539795
0.15433582663536072
0.39814576506614685
0.16146507859230042
0.22487086057662964
0.2052466869354248
0.3818429708480835
0.3646734952926636
0.19146044552326202
0.23173213005065918
0.3556614816188812
0.294177770614624
0.3818429708480835
0.359689325094223
0.13104377686977386
0.3818429708480835
0.3818429708480835
0.3818429708480835
0.3075442314147949
0.15276262164115906
0.48195093870162964
0.374880850315094
0.34789609909057617
0.15584063529968262
0.4012528657913208
0.3818429708480835
0.4012528657913208
0.3159624934196472
0.16688933968544006
0.1897885799407959
0.2264021337032318
0.1969890594482422
0.19814255833625793
0.3818429708480835
0.33113130927085876
0.33113130927085876
0.20740891993045807
0.23301947116851807
0.16253572702407837
0.31983911991119385
0.18348053097724915
0.17023232579231262
0.3818429708480835
0.2963443100452423
0.18884611129760742
0.10870973765850067
0.21796996891498566
0.12014123797416687
0.1330210268497467
0.23482508957386017
0.24585053324699402
0.3181590139865875
0.22086670994758606
0.33113130927085876
0.4012528657913208
0.4012528657913208
0.17942515015602112
0.19828471541404724
0.3244945704936981
0.20658713579177856
0.20374174416065216
0.21304446458816528
0.3818429708480835
0.31983911991119385
0.2699005603790283
0.2309800088405609
0.31983911991119385
0.3818429708480835
0.2554384469985962
0.1879245638847351
0.18352222442626953
0.16294986009597778
0.4089292287826538
0.3559196889400482
0.3818429708480835
0.44223564863204956
0.13609042763710022
0.18996219336986542
0.3181590139865875
0.2023538053035736
0.3818429708480835
0.1560266762971878
0.3691585063934326
0.1640850007534027
0.220722034573555
0.4012528657913208
0.31983911991119385
0.21270352602005005
0.4210830330848694
0.16310709714889526
0.3818429708480835
0.4733967185020447
0.20734062790870667
0.22769016027450562
0.2963625490665436
0.1878112256526947
0.1733870953321457
0.13993176817893982
0.18353064358234406
0.2158566564321518
0.14761589467525482
0.2920929789543152
0.14226087927818298
0.4012528657913208
0.1978950798511505
0.3691585063934326
0.3818429708480835
0.31422147154808044
0.387789249420166
0.22090031206607819
0.3818429708480835
0.20464690029621124
0.3560899794101715
0.3454268276691437
0.3691585063934326
0.39814576506614685
0.31693294644355774
0.15796372294425964
0.39814576506614685
0.23780131340026855
0.24548980593681335
0.21585842967033386
0.3818429708480835
0.39814576506614685
0.260719895362854
0.4012528657913208
0.3818429708480835
0.3818429708480835
0.23217347264289856
0.3181590139865875
0.2542123794555664
0.23780131340026855
0.17043191194534302
0.16611795127391815
0.2232646942138672
0.3818429708480835
0.3600425124168396
0.2877376079559326
0.22319135069847107
0.3818429708480835
0.21834507584571838
0.1470843255519867
0.2836320400238037
0.19568225741386414
0.3390008807182312
0.24628803133964539
0.2497449517250061
0.15933002531528473
0.21843074262142181
0.22280359268188477
0.36515098810195923
0.251865953207016
0.36136847734451294
0.3101844787597656
0.3818429708480835
0.463100790977478
0.15671245753765106
0.16551494598388672
0.20348431169986725
0.1924527883529663
0.2644122242927551
0.23213309049606323
0.162126362323761
0.1829032301902771
0.3818429708480835
0.3181590139865875
0.2221004068851471
0.4164542257785797
0.181387796998024
0.3162401020526886
0.2132590115070343
0.27623093128204346
0.18328864872455597
0.3980976343154907
0.19874656200408936
0.3912475109100342
0.1742020547389984
0.18031719326972961
0.1331782341003418
0.3818429708480835
0.33113130927085876
0.19053643941879272
0.33010202646255493
0.3559403121471405
0.2478960007429123
0.3818429708480835
0.39814576506614685
0.18279579281806946
0.33113130927085876
0.33113130927085876
0.22314336895942688
0.3348848223686218
0.22801713645458221
0.19257938861846924
0.2947283089160919
0.1950128674507141
0.15905465185642242
0.298982709646225
0.39814576506614685
0.3818429708480835
0.3181590139865875
0.1849665641784668
0.13517282903194427
0.3818429708480835
0.4012528657913208
0.3818429708480835
0.33113130927085876
0.2708122730255127
0.22639769315719604
0.22400334477424622
0.4124298095703125
0.23217347264289856
0.4308522939682007
0.17778906226158142
0.22587110102176666
0.4012528657913208
0.17621737718582153
0.2783077359199524
0.19573411345481873
0.23031246662139893
0.18938058614730835
0.20298099517822266
0.3818429708480835
0.3815823495388031
0.1891595870256424
0.2115696370601654
0.25010454654693604
0.3353806734085083
0.21724249422550201
0.16072595119476318
0.10774029791355133
0.13547910749912262
0.20878924429416656
0.33113130927085876
0.15523450076580048
0.4012528657913208
0.21391020715236664
0.11923378705978394
0.38618454337120056
0.3818429708480835
0.3924514651298523
0.17036432027816772
0.20823322236537933
0.3442874848842621
0.20226673781871796
0.1679084748029709
0.3045160174369812
0.12712836265563965
0.3818429708480835
0.2172243893146515
0.24628803133964539
0.33102962374687195
0.3181590139865875
0.3818429708480835
0.1525275707244873
0.33113130927085876
0.2659338712692261
0.4026358723640442
0.24930818378925323
0.2337881475687027
0.3818429708480835
0.14000144600868225
0.08342474699020386
0.20678389072418213
0.34426411986351013
0.3181590139865875
0.33113130927085876
0.3818429708480835
0.2436557412147522
0.3818429708480835
0.31983911991119385
0.31983911991119385
0.2363438755273819
0.22860589623451233
0.33113130927085876
0.2120048701763153
0.26128220558166504
0.20058289170265198
