[0.6586606304462139, 0.9541861644216088, 0.8130381710849436, 0.79271221680782, 0.9204507446296954, 0.8695652173913043, 0.8695652173913043, 0.33879493713378905, 0.32365645330136233, 1.0, 1.0, 1.0, 0.27308513247302446, 0.27308513247302446, 0.5422749519348145, 0.8003052983965192, 0.7915170788764954]
[0.6586606304462139, 0.9541861644216088, 0.8130381710849436, 0.79271221680782, 0.9204507446296954, 0.8695652173913043, 0.8695652173913043, 0.4806980133056641, 0.786494559676954, 0.9803038230583824, 1.0, 0.9803038230583824, 0.7426591388090336, 1.0, 0.5222749028887067, 0.8003052983965192, 0.7915170788764954]
[0.6586606304462139, 0.9541861644216088, 0.8130381710849436, 0.79271221680782, 0.9204507446296954, 0.8695652173913043, 0.8695652173913043, 0.7194008636474609, 0.9596971225714612, 0.8922955326692157, 0.8922955326692157, 1.0, 1.0, 0.8772420246224434, 0.7408463614327567, 0.8003052983965192, 0.7240170836448669]
[0.6465395766038161, 0.5191244708978995, 0.7172021548017592, 0.6992721009317152, 0.925, 0.8695652173913043, 0.9441243986493094, 0.6659525299072265, 0.6077777856918232, 0.8293669066477537, 0.8293669066477537, 1.0, 1.0, 0.5706730105699361, 0.6308463641575405, 0.7488766397748675, 0.4290170669555664]
[0.6465395766038161, 0.5191244708978995, 0.7172021548017592, 0.6992721009317152, 0.925, 0.8695652173913043, 0.9441243986493094, 0.7543524932861329, 0.9174985883898529, 0.8922955326692157, 0.8922955326692157, 1.0, 1.0, 0.8179128815376289, 0.5808463096618652, 0.6360194342476981, 0.299017071723938]
[0.6465395766038161, 0.5191244708978995, 0.7172021548017592, 0.6992721009317152, 0.925, 0.8695652173913043, 0.9441243986493094, 0.6486009979248046, 0.6120393974433298, 0.8922955326692157, 0.9740538230583824, 0.9740538230583824, 1.0, 1.0, 0.7151321002415248, 0.7703052929469517, 0.5565171241760254]
[0.6465395766038161, 0.5191244708978995, 0.7172021548017592, 0.6992721009317152, 0.925, 0.8695652173913043, 0.9441243986493094, 0.8348070526123047, 0.8968785719908138, 0.41336444005535244, 0.41336444005535244, 1.0, 1.0, 0.8179128815376289, 0.5808463096618652, 0.7703052929469517, 0.6865171194076538]
[0.6465395766038161, 0.5191244708978995, 0.7172021548017592, 0.6992721009317152, 0.925, 0.8695652173913043, 0.9441243986493094, 0.6910009002685547, 0.7061151473155562, 0.8922955326692157, 0.9740538230583824, 1.0, 1.0, 0.6385711967587667, 0.6308463641575405, 0.7774481773376465, 0.5565171241760254]
[0.6465395766038161, 0.5191244708978995, 0.7172021548017592, 0.6992721009317152, 0.925, 0.8695652173913043, 0.9441243986493094, 0.8770010375976562, 0.9641833513491489, 0.9740538230583824, 1.0, 1.0, 0.8779610479298815, 0.8179128815376289, 0.5808463096618652, 0.7774481773376465, 0.7190171480178833]
[0.6465395766038161, 0.5191244708978995, 0.7172021548017592, 0.6992721009317152, 0.925, 0.8695652173913043, 0.9441243986493094, 0.824600830078125, 0.7545389298459787, 0.9740538230583824, 0.9740538230583824, 1.0, 1.0, 0.6779211302945902, 0.6308463641575405, 0.7803052493504116, 0.7452670931816101]
[0.6465395766038161, 0.5191244708978995, 0.7172021548017592, 0.6992721009317152, 0.925, 0.8695652173913043, 0.9441243986493094, 0.7556494903564454, 0.7100400265265728, 0.9740538230583824, 1.0, 1.0, 0.8779610479298815, 0.6385711967587667, 0.6308463641575405, 0.7074481419154576, 0.7015171647071838]
[0.6465395766038161, 0.5191244708978995, 0.7172021548017592, 0.6992721009317152, 0.925, 0.8695652173913043, 0.9441243986493094, 0.26199493408203123, 0.25471566581344685, 1.0, 1.0, 1.0, 0.21491634303009577, 0.21491634303009577, 0.6308463641575405, 0.7703052929469517, 0.4727671146392822]
[0.6465395766038161, 0.5191244708978995, 0.7172021548017592, 0.6992721009317152, 0.925, 0.8695652173913043, 0.9441243986493094, 0.7269039916992187, 0.7980380083386933, 0.6270594054016886, 0.6270594054016886, 1.0, 1.0, 0.8179128815376289, 0.5808463096618652, 0.7703052929469517, 0.6765170693397522]
[0.6465395766038161, 0.5191244708978995, 0.7172021548017592, 0.6992721009317152, 0.925, 0.8695652173913043, 0.9441243986493094, 0.7106009674072266, 0.7545389298459787, 0.9740538230583824, 0.9740538230583824, 1.0, 1.0, 0.6779211302945902, 0.6308463641575405, 0.9874481473650251, 0.676517128944397]
[0.6465395766038161, 0.5191244708978995, 0.7172021548017592, 0.6992721009317152, 0.925, 0.8695652173913043, 0.9441243986493094, 0.6814555358886719, 0.6417674611825696, 0.6270594054016886, 0.6270594054016886, 0.8568990856723159, 1.0, 1.0, 0.7508463178362165, 0.7703052929469517, 0.5577670335769653]
[0.6465395766038161, 0.5191244708978995, 0.7172021548017592, 0.6992721009317152, 0.925, 0.8695652173913043, 0.9441243986493094, 0.86720703125, 0.948141717545416, 0.49747288499506215, 0.49747288499506215, 0.9740538230583824, 1.0, 1.0, 0.7151321002415248, 0.9745909827096122, 0.9027671217918396]
[0.6465395766038161, 0.5191244708978995, 0.7172021548017592, 0.6992721009317152, 0.925, 0.8695652173913043, 0.9441243986493094, 0.7165040588378906, 0.7621384447196596, 0.6270594054016886, 0.6270594054016886, 1.0, 1.0, 0.8537994933384543, 0.5108463423592704, 0.7703052929469517, 0.6627671122550964]
[0.5696164996807392, 0.8190042243744088, 0.8892863223423378, 0.925, 0.9044854714413837, 0.7121775864125294, 0.8695652173913043, 0.596849594116211, 0.8658196060056822, 0.8932650963317723, 1.0, 1.0, 0.7305352925672943, 0.8360660970530374, 0.6708463260105678, 0.5031623840332031, 0.5702670812606812]
[0.5696164996807392, 0.8190042243744088, 0.8892863223423378, 0.925, 0.9044854714413837, 0.7121775864125294, 0.8695652173913043, 0.21599502563476564, 0.2081823882687459, 1.0, 1.0, 1.0, 0.17565389010175436, 0.17565389010175436, 0.5494177682059151, 0.6117337090628487, 0.5702670812606812]
[0.5696164996807392, 0.8190042243744088, 0.8892863223423378, 0.925, 0.9044854714413837, 0.7121775864125294, 0.8695652173913043, 0.795303955078125, 0.9096223501011856, 0.8366354854859421, 0.9740538230583824, 0.821597548779377, 1.0, 1.0, 0.7165605681283134, 0.731733867100307, 0.7877670526504517]
[0.5696164996807392, 0.8190042243744088, 0.8892863223423378, 0.925, 0.9044854714413837, 0.7121775864125294, 0.8695652173913043, 0.46084945678710937, 0.5879456984770465, 0.8922955326692157, 0.8922955326692157, 1.0, 1.0, 0.8360660970530374, 0.6908463069370815, 0.6117337090628487, 0.5090169906616211]
[0.5696164996807392, 0.8190042243744088, 0.8892863223423378, 0.925, 0.9044854714413837, 0.7121775864125294, 0.8695652173913043, 0.5116494750976562, 0.5553437206430687, 0.8922955326692157, 0.9740538230583824, 1.0, 1.0, 0.4653748243488113, 0.5494177682059151, 0.6117337090628487, 0.49526703357696533]
[0.4267261563814604, 0.8190042243744088, 0.9513557319301807, 0.925, 0.8874399597839453, 0.7121775864125294, 0.8695652173913043, 0.6510010528564453, 0.9399688255755229, 0.9803038230583824, 1.0, 1.0, 0.9870269115291912, 0.928449542836158, 0.4879892213003976, 0.7517337799072266, 0.47151708602905273]
[0.4267261563814604, 0.8190042243744088, 0.9513557319301807, 0.925, 0.8874399597839453, 0.7121775864125294, 0.8695652173913043, 0.46149803161621095, 0.5801921566484916, 0.9740538230583824, 1.0, 1.0, 0.8365817921811199, 0.509563672792779, 0.6079891749790737, 0.5388766697474888, 0.705267071723938]
[0.4267261563814604, 0.8190042243744088, 0.9513557319301807, 0.925, 0.8874399597839453, 0.7121775864125294, 0.8695652173913043, 0.4654979705810547, 0.535471690767133, 0.9740538230583824, 1.0, 1.0, 0.9183177427429711, 0.928449542836158, 0.647989136832101, 0.5603051866803851, 0.6390171051025391]
[0.4267261563814604, 0.8190042243744088, 0.9513557319301807, 0.925, 0.8874399597839453, 0.7121775864125294, 0.8695652173913043, 0.44955245971679686, 0.4304740666314553, 0.6731635843622399, 0.6731635843622399, 1.0, 1.0, 0.3632124937202904, 0.6079891749790737, 0.5603051866803851, 0.689017117023468]
[0.4267261563814604, 0.8190042243744088, 0.9513557319301807, 0.925, 0.8874399597839453, 0.7121775864125294, 0.8695652173913043, 0.2079949951171875, 0.20458374058598086, 1.0, 1.0, 1.0, 0.17261753111942135, 0.17261753111942135, 0.6079891749790737, 0.5603051866803851, 0.6002670526504517]
[0.4267261563814604, 0.8190042243744088, 0.9513557319301807, 0.925, 0.8874399597839453, 0.7121775864125294, 0.8695652173913043, 0.5030009460449218, 0.8433634102171994, 0.8922955326692157, 0.8922955326692157, 1.0, 1.0, 0.7418945410576456, 0.6079891749790737, 0.4031622750418527, 0.5390170812606812]
[0.4267261563814604, 0.8190042243744088, 0.9513557319301807, 0.925, 0.8874399597839453, 0.7121775864125294, 0.8695652173913043, 0.6893038940429688, 0.8919964744282706, 0.8366354854859421, 0.8366354854859421, 1.0, 1.0, 0.8920710191415949, 0.4537034715924944, 0.5603051866803851, 0.4827669858932495]
[0.4267261563814604, 0.8190042243744088, 0.9513557319301807, 0.925, 0.8874399597839453, 0.7121775864125294, 0.8695652173913043, 0.6354010009765625, 0.8557035584577164, 0.9740538230583824, 0.9740538230583824, 1.0, 1.0, 0.7418945410576456, 0.6079891749790737, 0.2460193634033203, 0.6827670931816101]
[0.4267261563814604, 0.8190042243744088, 0.9513557319301807, 0.925, 0.8874399597839453, 0.7121775864125294, 0.8695652173913043, 0.5084494781494141, 0.8764667475330791, 0.9803038230583824, 1.0, 1.0, 0.9870269115291912, 0.7418945410576456, 0.6079891749790737, 0.5231622968401227, 0.43276703357696533]
[0.4267261563814604, 0.8190042243744088, 0.9513557319301807, 0.925, 0.8874399597839453, 0.7121775864125294, 0.8695652173913043, 0.5618009948730469, 0.797793487273804, 0.8922955326692157, 0.8922955326692157, 1.0, 1.0, 0.928449542836158, 0.647989136832101, 0.7517337799072266, 0.5877671241760254]
[0.4267261563814604, 0.8190042243744088, 0.9513557319301807, 0.925, 0.8874399597839453, 0.7121775864125294, 0.8695652173913043, 0.5194009399414062, 0.5654786967907407, 0.8922955326692157, 0.8922955326692157, 1.0, 1.0, 0.928449542836158, 0.4879892213003976, 0.5603051866803851, 0.5015170574188232]
[0.4267261563814604, 0.8190042243744088, 0.9513557319301807, 0.925, 0.8874399597839453, 0.7121775864125294, 0.8695652173913043, 0.6124495697021485, 0.8764667475330791, 0.9803038230583824, 1.0, 1.0, 0.8770113495393447, 0.7418945410576456, 0.6079891749790737, 0.5945908682686942, 0.5015170574188232]
[0.4267261563814604, 0.8190042243744088, 0.9513557319301807, 0.925, 0.8874399597839453, 0.7121775864125294, 0.8695652173913043, 0.5632494354248047, 0.8764667475330791, 0.9803038230583824, 1.0, 1.0, 0.9461477663346078, 0.8920710191415949, 0.4879892213003976, 0.5160194124494281, 0.4402669668197632]
[0.4267261563814604, 0.8190042243744088, 0.9513557319301807, 0.925, 0.8874399597839453, 0.7121775864125294, 0.8695652173913043, 0.46149803161621095, 0.5801921566484916, 0.9740538230583824, 1.0, 1.0, 0.8365817921811199, 0.509563672792779, 0.6079891749790737, 0.5388766697474888, 0.705267071723938]
[0.4267261563814604, 0.8190042243744088, 0.9513557319301807, 0.925, 0.8874399597839453, 0.7121775864125294, 0.8695652173913043, 0.5481039428710938, 0.6211433938272648, 0.6731635843622399, 0.6731635843622399, 1.0, 1.0, 0.8920710191415949, 0.4537034715924944, 0.5603051866803851, 0.3340170383453369]
[0.4267261563814604, 0.8190042243744088, 0.9513557319301807, 0.925, 0.8874399597839453, 0.7121775864125294, 0.8695652173913043, 0.5930009460449219, 0.6239537923415516, 0.8366354854859421, 0.9740538230583824, 1.0, 1.0, 0.5468491791408904, 0.6079891749790737, 0.6031623567853656, 0.5940170288085938]
[0.4267261563814604, 0.8190042243744088, 0.9513557319301807, 0.925, 0.8874399597839453, 0.7121775864125294, 0.8695652173913043, 0.3274980163574219, 0.43901470379360685, 0.9740538230583824, 0.9740538230583824, 1.0, 1.0, 0.3632124937202904, 0.6079891749790737, 0.5603051866803851, 0.45401692390441895]
[0.4267261563814604, 0.8190042243744088, 0.9513557319301807, 0.925, 0.8874399597839453, 0.7121775864125294, 0.8695652173913043, 0.6607524108886719, 0.735028987698776, 0.8366354854859421, 0.8922955326692157, 1.0, 1.0, 0.7847748607613783, 0.6079891749790737, 0.8017338344029018, 0.4827669858932495]
[0.7062712801419772, 0.6801088635573536, 0.45537047610066733, 0.44398621419815065, 0.7970369141037361, 0.8695652173913043, 0.8695652173913043, 0.6164494323730468, 0.7504666952904567, 0.9740538230583824, 0.9740538230583824, 1.0, 1.0, 0.5854680828381387, 0.6065606389726911, 0.6474479947771344, 0.739017128944397]
[0.7062712801419772, 0.6801088635573536, 0.45537047610066733, 0.44398621419815065, 0.7970369141037361, 0.8695652173913043, 0.8695652173913043, 0.6164494323730468, 0.7504666952904567, 0.9740538230583824, 0.9740538230583824, 1.0, 1.0, 0.5854680828381387, 0.6065606389726911, 0.6474479947771344, 0.739017128944397]
[0.7062712801419772, 0.6801088635573536, 0.45537047610066733, 0.44398621419815065, 0.7970369141037361, 0.8695652173913043, 0.8695652173913043, 0.5812495422363281, 0.8484521319009507, 0.9740538230583824, 0.9740538230583824, 1.0, 1.0, 0.6621872487337442, 0.6065606389726911, 0.4903052193777902, 0.5652670860290527]
[0.7062712801419772, 0.6801088635573536, 0.45537047610066733, 0.44398621419815065, 0.7970369141037361, 0.8695652173913043, 0.8695652173913043, 0.5770010375976562, 0.8018300223832945, 0.9740538230583824, 0.9740538230583824, 0.9803038230583824, 1.0, 1.0, 0.3765606198992048, 0.7703052248273577, 0.5090171098709106]
[0.7062712801419772, 0.6801088635573536, 0.45537047610066733, 0.44398621419815065, 0.7970369141037361, 0.8695652173913043, 0.8695652173913043, 0.6164494323730468, 0.7504666952904567, 0.9740538230583824, 0.9740538230583824, 1.0, 1.0, 0.5854680828381387, 0.6065606389726911, 0.6474479947771344, 0.739017128944397]
[0.7062712801419772, 0.6801088635573536, 0.45537047610066733, 0.44398621419815065, 0.7970369141037361, 0.8695652173913043, 0.8695652173913043, 0.5170010375976563, 0.7066553187784926, 0.8377602887168428, 0.9740538230583824, 0.8986294329317199, 1.0, 1.0, 0.4865606852940151, 0.7574481282915387, 0.5652670860290527]
[0.7062712801419772, 0.6801088635573536, 0.45537047610066733, 0.44398621419815065, 0.7970369141037361, 0.8695652173913043, 0.8695652173913043, 0.5710010528564453, 0.770852093971243, 0.8932650963317723, 1.0, 0.8986294329317199, 0.9188801443584214, 1.0, 0.6465606008257184, 0.7574481282915387, 0.4590170383453369]
[0.7062712801419772, 0.6801088635573536, 0.45537047610066733, 0.44398621419815065, 0.7970369141037361, 0.8695652173913043, 0.8695652173913043, 0.7582009887695312, 0.8878821342423698, 0.9740538230583824, 0.9740538230583824, 1.0, 1.0, 0.7286183281837316, 0.6065606389726911, 0.8017337662833077, 0.739017128944397]
[0.7062712801419772, 0.6801088635573536, 0.45537047610066733, 0.44398621419815065, 0.7970369141037361, 0.8695652173913043, 0.8695652173913043, 0.20719497680664062, 0.2027226437780552, 1.0, 1.0, 1.0, 0.1710472306877341, 0.1710472306877341, 0.6065606389726911, 0.6031623567853656, 0.4590170383453369]
[0.7062712801419772, 0.6801088635573536, 0.45537047610066733, 0.44398621419815065, 0.7970369141037361, 0.8695652173913043, 0.8695652173913043, 0.6164494323730468, 0.7504666952904567, 0.9740538230583824, 0.9740538230583824, 1.0, 1.0, 0.5854680828381387, 0.6065606389726911, 0.6474479947771344, 0.739017128944397]
[0.5101174926757813, 0.23926769019932115, 0.8073675032465965, 0.925, 0.925, 0.20805886104288795, 0.49059015148817864, 0.5559523773193359, 0.7039435921754771, 0.8377602887168428, 0.8377602887168428, 0.9740538230583824, 1.0, 1.0, 0.4294177464076451, 0.3431622641427176, 0.5627670288085938]
[0.5101174926757813, 0.23926769019932115, 0.8073675032465965, 0.925, 0.925, 0.20805886104288795, 0.49059015148817864, 0.3436493682861328, 0.6096510534300731, 0.8377602887168428, 0.8377602887168428, 1.0, 1.0, 0.7583532919934203, 0.48656061717442106, 0.6360195704868862, 0.3340170383453369]
[0.5101174926757813, 0.23926769019932115, 0.8073675032465965, 0.925, 0.925, 0.20805886104288795, 0.49059015148817864, 0.49355239868164064, 0.6725050872732643, 0.7274370902267702, 0.7274370902267702, 1.0, 1.0, 0.8734678888784764, 0.3037034443446568, 0.573162351335798, 0.5390169620513916]
[0.5101174926757813, 0.23926769019932115, 0.8073675032465965, 0.925, 0.925, 0.20805886104288795, 0.49059015148817864, 0.48364952087402346, 0.8639343839168637, 0.9803038230583824, 1.0, 1.0, 0.8091736766827444, 0.928449542836158, 0.6908463069370815, 0.5260195050920758, 0.17401695251464844]
[0.5101174926757813, 0.23926769019932115, 0.8073675032465965, 0.925, 0.925, 0.20805886104288795, 0.49059015148817864, 0.06359512329101563, 0.07389439387037819, 1.0, 1.0, 1.0, 0.06234839482813159, 0.06234839482813159, 0.48656061717442106, 0.5260195050920758, 0.3340170383453369]
[0.5101174926757813, 0.23926769019932115, 0.8073675032465965, 0.925, 0.925, 0.20805886104288795, 0.49059015148817864, 0.585303955078125, 0.7186896619255365, 0.6183473533654887, 0.6183473533654887, 1.0, 1.0, 0.6142298313569443, 0.48656061717442106, 0.5703051430838448, 0.6002670526504517]
[0.344150138268104, 0.39899048266293874, 0.35441961733382243, 0.34555912690047685, 0.925, 0.8695652173913043, 0.34694824579385974, 0.2575949096679688, 0.2534736714562111, 1.0, 1.0, 1.0, 0.2138684102911781, 0.2138684102911781, 0.3451320103236607, 0.8717338017054966, 0.6302671432495117]
[0.7432760444054237, 0.6352413714432463, 0.9252236740623635, 0.925, 0.8073402570310797, 0.5523838012549968, 0.8695652173913043, 0.46404937744140623, 0.8448673169293215, 0.8986294329317199, 1.0, 1.0, 0.712856798659115, 0.724778132852191, 0.5079892022269112, 0.0945908682686942, 0.489017128944397]
[0.7432760444054237, 0.6352413714432463, 0.9252236740623635, 0.925, 0.8073402570310797, 0.5523838012549968, 0.8695652173913043, 0.7526008605957031, 0.8029597024854821, 0.8377602887168428, 0.9740538230583824, 1.0, 1.0, 0.6457886036442062, 0.5079892022269112, 0.7774481092180524, 0.4965170621871948]
[0.7432760444054237, 0.6352413714432463, 0.9252236740623635, 0.925, 0.8073402570310797, 0.5523838012549968, 0.8695652173913043, 0.7707524108886719, 0.885920541136828, 0.8377602887168428, 0.9740538230583824, 1.0, 1.0, 0.724778132852191, 0.5079892022269112, 0.5388766697474888, 0.5065170526504517]
[0.7432760444054237, 0.6352413714432463, 0.9252236740623635, 0.925, 0.8073402570310797, 0.5523838012549968, 0.8695652173913043, 0.16839492797851563, 0.1708675491220159, 1.0, 1.0, 1.0, 0.14416949457170092, 0.14416949457170092, 0.5079892022269112, 0.5160194124494281, 0.489017128944397]
[0.004523385854867821, 0.6352413714432463, 0.8794273300218532, 0.925, 0.925, 0.5523838012549968, 0.6546918105168329, 0.15279495239257812, 0.1519369081265679, 1.0, 1.0, 1.0, 0.12819676623179166, 0.12819676623179166, 0.4894176891871861, 0.46030521392822266, 0.6002670526504517]
[0.004523385854867821, 0.6352413714432463, 0.8794273300218532, 0.925, 0.925, 0.5523838012549968, 0.6546918105168329, 0.2513465881347656, 0.4216145251277606, 0.9803038230583824, 1.0, 1.0, 0.8378767706669791, 0.34232327742264224, 0.4894176891871861, 0.46030521392822266, 0.4652670621871948]
[0.42905678969163163, 0.45899041409009156, 0.8510008461936053, 0.925, 0.925, 0.5173751156754335, 0.7687898509283121, 0.16239501953125, 0.16413051748488935, 1.0, 1.0, 1.0, 0.1384851241278754, 0.1384851241278754, 0.5279891831534249, 0.5260195050920758, 0.5565170049667358]
[0.6977049372746394, 0.6248805043573803, 0.7799762917764536, 0.9678715292233531, 0.925, 0.8695652173913043, 0.8042434083199047, 0.5592494964599609, 0.9422277042863622, 0.9803038230583824, 1.0, 1.0, 0.7950046254916181, 0.8213302702104825, 0.5865605899265834, 0.7445910317557198, 0.38276708126068115]
[0.6977049372746394, 0.6248805043573803, 0.7799762917764536, 0.9678715292233531, 0.925, 0.8695652173913043, 0.8042434083199047, 0.446697998046875, 0.6612727306943064, 0.9803038230583824, 1.0, 1.0, 0.7950046254916181, 0.5300475162401371, 0.4651320321219308, 0.7731625011989048, 0.48151707649230957]
[0.6977049372746394, 0.6248805043573803, 0.7799762917764536, 0.9678715292233531, 0.925, 0.8695652173913043, 0.8042434083199047, 0.8006010437011719, 0.9926610384635418, 0.9740538230583824, 1.0, 1.0, 0.8375577512036134, 0.862851000370642, 0.5437034879411969, 0.6160195214407784, 0.6252670884132385]
[0.6977049372746394, 0.6248805043573803, 0.7799762917764536, 0.9678715292233531, 0.925, 0.8695652173913043, 0.8042434083199047, 0.2591949462890625, 0.2542112250988349, 1.0, 1.0, 1.0, 0.21449072117714196, 0.21449072117714196, 0.4651320321219308, 0.9045910154070173, 0.5202670097351074]
[0.6977049372746394, 0.6248805043573803, 0.7799762917764536, 0.9678715292233531, 0.925, 0.8695652173913043, 0.8042434083199047, 0.6423526000976563, 0.7581269858363687, 0.8568990856723159, 0.9740538230583824, 0.8568990856723159, 1.0, 1.0, 0.5779891695295062, 0.7731625011989048, 0.5965170860290527]
[0.27760025024414064, 0.68492242866984, 0.5560346858770492, 0.5421338187301229, 0.925, 0.8695652173913043, 0.9441243986493094, 0.35684951782226565, 0.7354897142406235, 0.9740538230583824, 1.0, 0.9740538230583824, 0.9870269115291912, 1.0, 0.4865606852940151, 0.7045909336635044, 0.38276708126068115]
[0.27760025024414064, 0.68492242866984, 0.5560346858770492, 0.5421338187301229, 0.925, 0.8695652173913043, 0.9441243986493094, 0.3664494323730469, 0.4525325733907703, 0.8848095646447752, 1.0, 0.9740538230583824, 0.8091736766827444, 1.0, 0.4665607043675014, 0.5474480220249721, 0.3527669906616211]
[0.27760025024414064, 0.68492242866984, 0.5560346858770492, 0.5421338187301229, 0.925, 0.8695652173913043, 0.9441243986493094, 0.6014009857177735, 0.8632860407806812, 0.9740538230583824, 1.0, 1.0, 0.8734678888784764, 0.7283926731609479, 0.3451320103236607, 0.7545909200395856, 0.6602670550346375]
[0.27760025024414064, 0.68492242866984, 0.5560346858770492, 0.5421338187301229, 0.925, 0.8695652173913043, 0.9441243986493094, 0.27684951782226563, 0.6916711130219211, 0.8568990856723159, 0.8568990856723159, 1.0, 1.0, 0.5867904380993951, 0.3451320103236607, 0.6603052956717355, 0.4027670621871948]
[0.27760025024414064, 0.68492242866984, 0.5560346858770492, 0.5421338187301229, 0.925, 0.8695652173913043, 0.9441243986493094, 0.36749786376953125, 0.5619036889826334, 0.9740538230583824, 1.0, 1.0, 0.7283975969086998, 0.479349177390227, 0.3451320103236607, 0.6674481800624302, 0.3340170383453369]
[0.27760025024414064, 0.68492242866984, 0.5560346858770492, 0.5421338187301229, 0.925, 0.8695652173913043, 0.9441243986493094, 0.36244949340820315, 0.5619036889826334, 0.8848095646447752, 1.0, 0.9740538230583824, 0.7283975969086998, 1.0, 0.4865606852940151, 0.46030521392822266, 0.39026713371276855]
[0.27760025024414064, 0.68492242866984, 0.5560346858770492, 0.5421338187301229, 0.925, 0.8695652173913043, 0.9441243986493094, 0.6186009216308593, 0.7856862971955336, 0.9740538230583824, 1.0, 1.0, 0.8734678888784764, 0.6634593217237817, 0.3451320103236607, 0.5474480220249721, 0.5202670097351074]
[0.27760025024414064, 0.68492242866984, 0.5560346858770492, 0.5421338187301229, 0.925, 0.8695652173913043, 0.9441243986493094, 0.3166978454589844, 0.49732104032780927, 0.9740538230583824, 1.0, 0.9740538230583824, 0.7283975969086998, 1.0, 0.4022749492100307, 0.5474480220249721, 0.3340170383453369]
[0.27760025024414064, 0.68492242866984, 0.5560346858770492, 0.5421338187301229, 0.925, 0.8695652173913043, 0.9441243986493094, 0.4196495056152344, 0.6892486386374415, 0.9740538230583824, 1.0, 1.0, 0.5815535388503412, 0.9188801443584214, 0.502274921962193, 0.8245909554617745, 0.28401708602905273]
[0.27760025024414064, 0.68492242866984, 0.5560346858770492, 0.5421338187301229, 0.925, 0.8695652173913043, 0.9441243986493094, 0.013595123291015625, 0.027604699174831795, 1.0, 1.0, 1.0, 0.023291464928764327, 0.023291464928764327, 0.3451320103236607, 0.5474480220249721, 0.28401708602905273]
[0.27760025024414064, 0.68492242866984, 0.5560346858770492, 0.5421338187301229, 0.925, 0.8695652173913043, 0.9441243986493094, 0.37740097045898435, 0.7686392613288556, 0.7469357777569527, 0.7469357777569527, 1.0, 1.0, 0.6257679284502524, 0.3451320103236607, 0.6674480438232422, 0.5065170526504517]
[0.27760025024414064, 0.68492242866984, 0.5560346858770492, 0.5421338187301229, 0.925, 0.8695652173913043, 0.9441243986493094, 0.37740097045898435, 0.7686392613288556, 0.7469357777569527, 0.7469357777569527, 1.0, 1.0, 0.6257679284502524, 0.3451320103236607, 0.6674480438232422, 0.5065170526504517]
[0.27760025024414064, 0.68492242866984, 0.5560346858770492, 0.5421338187301229, 0.925, 0.8695652173913043, 0.9441243986493094, 0.33260101318359375, 0.7040566165542563, 0.7469357777569527, 0.7469357777569527, 1.0, 1.0, 0.6634593217237817, 0.3451320103236607, 0.2860194614955357, 0.40776705741882324]
[0.27760025024414064, 0.68492242866984, 0.5560346858770492, 0.5421338187301229, 0.925, 0.8695652173913043, 0.9441243986493094, 0.20709808349609374, 0.29895747821035656, 0.9740538230583824, 0.9740538230583824, 1.0, 1.0, 0.9188801443584214, 0.4579892158508301, 0.5474480220249721, 0.3602670431137085]
[0.27760025024414064, 0.68492242866984, 0.5560346858770492, 0.5421338187301229, 0.925, 0.8695652173913043, 0.9441243986493094, 0.4154010009765625, 0.7561539586424412, 0.8568990856723159, 0.8568990856723159, 1.0, 1.0, 0.9870269115291912, 0.5365606035505023, 0.7045909336635044, 0.517767071723938]
[0.27760025024414064, 0.68492242866984, 0.5560346858770492, 0.5421338187301229, 0.925, 0.8695652173913043, 0.9441243986493094, 0.4154010009765625, 0.7561539586424412, 0.8568990856723159, 0.8568990856723159, 1.0, 1.0, 0.9870269115291912, 0.5365606035505023, 0.7045909336635044, 0.4027670621871948]
[0.27760025024414064, 0.68492242866984, 0.5560346858770492, 0.5421338187301229, 0.925, 0.8695652173913043, 0.9441243986493094, 0.37260101318359373, 0.7040566165542563, 0.7469357777569527, 0.7469357777569527, 1.0, 1.0, 0.5867904380993951, 0.3451320103236607, 0.7045909336635044, 0.43276703357696533]
[0.27760025024414064, 0.68492242866984, 0.5560346858770492, 0.5421338187301229, 0.925, 0.8695652173913043, 0.9441243986493094, 0.24509796142578125, 0.7354897142406235, 0.9740538230583824, 1.0, 1.0, 0.620569446390526, 0.6257679284502524, 0.3451320103236607, 0.588876588003976, 0.28401708602905273]
[0.27760025024414064, 0.68492242866984, 0.5560346858770492, 0.5421338187301229, 0.925, 0.8695652173913043, 0.9441243986493094, 0.48020095825195314, 0.8652546651075789, 0.8568990856723159, 0.8568990856723159, 1.0, 1.0, 0.7283926731609479, 0.3451320103236607, 0.6117338453020368, 0.5090171098709106]
[0.27760025024414064, 0.68492242866984, 0.5560346858770492, 0.5421338187301229, 0.925, 0.8695652173913043, 0.9441243986493094, 0.33340103149414063, 0.6916711130219211, 0.8568990856723159, 0.8568990856723159, 0.9740538230583824, 1.0, 1.0, 0.4022749492100307, 0.4431623731340681, 0.4027670621871948]
[0.27760025024414064, 0.68492242866984, 0.5560346858770492, 0.5421338187301229, 0.925, 0.8695652173913043, 0.9441243986493094, 0.4112494659423828, 0.7354897142406235, 0.8848095646447752, 1.0, 1.0, 0.8091736766827444, 0.6257679284502524, 0.3451320103236607, 0.6674480438232422, 0.21526706218719482]
[0.27760025024414064, 0.68492242866984, 0.5560346858770492, 0.5421338187301229, 0.925, 0.8695652173913043, 0.9441243986493094, 0.5757038879394532, 0.75029752816516, 0.6183473533654887, 0.6183473533654887, 1.0, 1.0, 0.6257679284502524, 0.3451320103236607, 0.6603051594325474, 0.5565170049667358]
[0.27760025024414064, 0.68492242866984, 0.5560346858770492, 0.5421338187301229, 0.925, 0.8695652173913043, 0.9441243986493094, 0.3992494201660156, 0.7354897142406235, 0.8932650963317723, 1.0, 1.0, 0.6629228132587315, 0.6257679284502524, 0.3451320103236607, 0.7160195623125348, 0.28401708602905273]
[0.27760025024414064, 0.68492242866984, 0.5560346858770492, 0.5421338187301229, 0.925, 0.8695652173913043, 0.9441243986493094, 0.2646978759765625, 0.5619036889826334, 0.8932650963317723, 1.0, 1.0, 0.6629228132587315, 0.479349177390227, 0.3451320103236607, 0.573162351335798, 0.28401708602905273]
[0.27760025024414064, 0.68492242866984, 0.5560346858770492, 0.5421338187301229, 0.925, 0.8695652173913043, 0.9441243986493094, 0.48620086669921875, 0.6270884665996832, 0.8568990856723159, 0.8568990856723159, 1.0, 1.0, 0.9188801443584214, 0.502274921962193, 0.5474480220249721, 0.5715171098709106]
[0.27760025024414064, 0.68492242866984, 0.5560346858770492, 0.5421338187301229, 0.925, 0.8695652173913043, 0.9441243986493094, 0.44180099487304686, 0.8503063969011156, 0.9740538230583824, 0.9740538230583824, 1.0, 1.0, 0.8091736766827444, 0.1622749056134905, 0.6674480438232422, 0.20026695728302002]
[0.27760025024414064, 0.68492242866984, 0.5560346858770492, 0.5421338187301229, 0.925, 0.8695652173913043, 0.9441243986493094, 0.19509811401367189, 0.33009401229583196, 0.9803038230583824, 1.0, 0.9740538230583824, 0.2785168228746082, 1.0, 0.4865606852940151, 0.5474480220249721, 0.28401708602905273]
[0.27760025024414064, 0.68492242866984, 0.5560346858770492, 0.5421338187301229, 0.925, 0.8695652173913043, 0.9441243986493094, 0.3188493347167969, 0.8001109196681052, 0.9740538230583824, 0.9740538230583824, 1.0, 1.0, 0.8091736766827444, 0.3451320103236607, 0.5231622968401227, 0.3602670431137085]
[0.27760025024414064, 0.68492242866984, 0.5560346858770492, 0.5421338187301229, 0.925, 0.8695652173913043, 0.9441243986493094, 0.3700495147705078, 0.6910079113613863, 0.9740538230583824, 0.9740538230583824, 1.0, 1.0, 0.7673503678169336, 0.4094176973615374, 0.5474480220249721, 0.33901703357696533]
[0.27760025024414064, 0.68492242866984, 0.5560346858770492, 0.5421338187301229, 0.925, 0.8695652173913043, 0.9441243986493094, 0.3904494476318359, 0.7354897142406235, 0.8932650963317723, 1.0, 1.0, 0.8734678888784764, 0.6257679284502524, 0.3451320103236607, 0.7074480056762695, 0.49276697635650635]
[0.27760025024414064, 0.68492242866984, 0.5560346858770492, 0.5421338187301229, 0.925, 0.8695652173913043, 0.9441243986493094, 0.3498009490966797, 0.6265250316292152, 0.8568990856723159, 0.9740538230583824, 0.8377602887168428, 1.0, 1.0, 0.6065606389726911, 0.41316236768450054, 0.3602670431137085]
[0.27760025024414064, 0.68492242866984, 0.5560346858770492, 0.5421338187301229, 0.925, 0.8695652173913043, 0.9441243986493094, 0.4502009582519531, 0.7561539586424412, 0.8568990856723159, 0.8568990856723159, 1.0, 1.0, 0.6634593217237817, 0.3451320103236607, 0.5474480220249721, 0.299017071723938]
[0.27760025024414064, 0.68492242866984, 0.5560346858770492, 0.5421338187301229, 0.925, 0.8695652173913043, 0.9441243986493094, 0.4290010070800781, 0.4525325733907703, 0.8377602887168428, 1.0, 0.9740538230583824, 0.928449542836158, 1.0, 0.4665607043675014, 0.5474480220249721, 0.39026713371276855]
[0.27760025024414064, 0.68492242866984, 0.5560346858770492, 0.5421338187301229, 0.925, 0.8695652173913043, 0.9441243986493094, 0.3056494140625, 0.5171539162557303, 0.9740538230583824, 0.9740538230583824, 1.0, 1.0, 0.9188801443584214, 0.24084622519356863, 0.6117338453020368, 0.3602670431137085]
[0.27760025024414064, 0.68492242866984, 0.5560346858770492, 0.5421338187301229, 0.925, 0.8695652173913043, 0.9441243986493094, 0.250849609375, 0.8001109196681052, 0.9740538230583824, 0.9740538230583824, 1.0, 1.0, 0.6634593217237817, 0.3451320103236607, 0.2860194614955357, 0.20026707649230957]
[0.27760025024414064, 0.68492242866984, 0.5560346858770492, 0.5421338187301229, 0.925, 0.8695652173913043, 0.9441243986493094, 0.5650010681152344, 0.7856862971955336, 0.8568990856723159, 1.0, 1.0, 0.9870269115291912, 0.9870269115291912, 0.5365606035505023, 0.8245909554617745, 0.421517014503479]
[0.27760025024414064, 0.68492242866984, 0.5560346858770492, 0.5421338187301229, 0.925, 0.8695652173913043, 0.9441243986493094, 0.38644943237304685, 0.5619036889826334, 0.8058252282696382, 1.0, 1.0, 0.7283975969086998, 0.479349177390227, 0.3451320103236607, 0.41316236768450054, 0.40776705741882324]
[0.27760025024414064, 0.68492242866984, 0.5560346858770492, 0.5421338187301229, 0.925, 0.8695652173913043, 0.9441243986493094, 0.33380096435546874, 0.7686392613288556, 0.7469357777569527, 0.7469357777569527, 1.0, 1.0, 0.6257679284502524, 0.3451320103236607, 0.468876702444894, 0.5565170049667358]
[0.27760025024414064, 0.68492242866984, 0.5560346858770492, 0.5421338187301229, 0.925, 0.8695652173913043, 0.9441243986493094, 0.33164947509765624, 0.6263865713089758, 0.9803038230583824, 1.0, 0.9740538230583824, 0.8091736766827444, 1.0, 0.4665607043675014, 0.6674481800624302, 0.28401708602905273]
[0.27760025024414064, 0.68492242866984, 0.5560346858770492, 0.5421338187301229, 0.925, 0.8695652173913043, 0.9441243986493094, 0.3304494476318359, 0.5619423831311535, 0.8568990856723159, 0.9740538230583824, 1.0, 1.0, 0.479349177390227, 0.3451320103236607, 0.5960194723946708, 0.3602670431137085]
[0.20125994168795075, 0.6044892789539738, 0.7458919379251148, 0.925, 0.925, 0.9441243986493094, 0.6823853564985819, 0.37069786071777344, 0.493093866158405, 0.8986294329317199, 1.0, 1.0, 0.764413330112939, 0.4239532512776736, 0.6237034797668457, 0.38173389434814453, 0.4027670621871948]
[0.20125994168795075, 0.6044892789539738, 0.7458919379251148, 0.925, 0.925, 0.9441243986493094, 0.6823853564985819, 0.4754010009765625, 0.493093866158405, 0.8568990856723159, 1.0, 0.8932650963317723, 0.9870269115291912, 1.0, 0.7194177763802665, 0.38173389434814453, 0.7015171051025391]
[0.20125994168795075, 0.6044892789539738, 0.7458919379251148, 0.925, 0.925, 0.9441243986493094, 0.6823853564985819, 0.5120494079589843, 0.5575760823243014, 0.8853198019137842, 1.0, 1.0, 0.8189180078891154, 0.47750323420722973, 0.6237034797668457, 0.44601944514683317, 0.5015170574188232]
[0.20125994168795075, 0.6044892789539738, 0.7458919379251148, 0.925, 0.925, 0.9441243986493094, 0.6823853564985819, 0.5182009887695312, 0.493093866158405, 0.7160521454032722, 1.0, 1.0, 0.8734678888784764, 0.4239532512776736, 0.6237034797668457, 0.38173389434814453, 0.5427670478820801]
[0.20125994168795075, 0.6044892789539738, 0.7458919379251148, 0.925, 0.925, 0.9441243986493094, 0.6823853564985819, 0.607552490234375, 0.7311843164199117, 0.8568990856723159, 0.9740538230583824, 1.0, 1.0, 0.9466325481658862, 0.4322749546595982, 0.3245909554617746, 0.4290170669555664]
[0.20125994168795075, 0.6044892789539738, 0.7458919379251148, 0.925, 0.925, 0.9441243986493094, 0.6823853564985819, 0.5690010070800782, 0.8453006312274673, 0.8568990856723159, 0.8568990856723159, 1.0, 1.0, 0.7336892993197297, 0.6237034797668457, 0.573162351335798, 0.5140171051025391]
[0.20125994168795075, 0.6044892789539738, 0.7458919379251148, 0.925, 0.925, 0.9441243986493094, 0.6823853564985819, 0.4999524688720703, 0.622164712974692, 0.8568990856723159, 0.9740538230583824, 0.8932650963317723, 1.0, 1.0, 0.7065606117248535, 0.38173389434814453, 0.4790170192718506]
[0.20125994168795075, 0.6044892789539738, 0.7458919379251148, 0.925, 0.925, 0.9441243986493094, 0.6823853564985819, 0.49844947814941404, 0.8590236844377374, 0.9803038230583824, 1.0, 1.0, 0.7248012337443409, 0.9087834017523451, 0.7508463178362165, 0.5388766697474888, 0.3827669620513916]
[0.20125994168795075, 0.6044892789539738, 0.7458919379251148, 0.925, 0.925, 0.9441243986493094, 0.6823853564985819, 0.5742008972167969, 0.5575760823243014, 0.7766441544696081, 1.0, 1.0, 0.8734678888784764, 0.47750323420722973, 0.6237034797668457, 0.3245909554617746, 0.40776705741882324]
[0.20125994168795075, 0.6044892789539738, 0.7458919379251148, 0.925, 0.925, 0.9441243986493094, 0.6823853564985819, 0.36644950866699216, 0.622164712974692, 0.9740538230583824, 0.9740538230583824, 1.0, 1.0, 0.9466325481658862, 0.4322749546595982, 0.38173389434814453, 0.34651708602905273]
[0.20125994168795075, 0.6044892789539738, 0.7458919379251148, 0.925, 0.925, 0.9441243986493094, 0.6823853564985819, 0.551703872680664, 0.685016374242655, 0.7469357777569527, 0.9740538230583824, 0.8175668035046902, 1.0, 1.0, 0.4322749546595982, 0.38173389434814453, 0.4790170192718506]
[0.20125994168795075, 0.6044892789539738, 0.7458919379251148, 0.925, 0.925, 0.9441243986493094, 0.6823853564985819, 0.5150008392333985, 0.8590236844377374, 0.8986294329317199, 1.0, 0.9803038230583824, 0.764413330112939, 1.0, 0.5365606035505023, 0.573162351335798, 0.21526706218719482]
[0.20125994168795075, 0.6044892789539738, 0.7458919379251148, 0.925, 0.925, 0.9441243986493094, 0.6823853564985819, 0.5618010711669922, 0.685016374242655, 0.9740538230583824, 0.9740538230583824, 1.0, 1.0, 0.9087834017523451, 0.7508463178362165, 0.38173389434814453, 0.5052670240402222]
[0.20125994168795075, 0.6044892789539738, 0.7458919379251148, 0.925, 0.925, 0.9441243986493094, 0.6823853564985819, 0.43044952392578123, 0.6204277435860511, 0.9740538230583824, 1.0, 1.0, 0.928449542836158, 0.9466325481658862, 0.4322749546595982, 0.38173389434814453, 0.4290170669555664]
[0.20125994168795075, 0.6044892789539738, 0.7458919379251148, 0.925, 0.925, 0.9441243986493094, 0.6823853564985819, 0.47275238037109374, 0.685016374242655, 0.7469357777569527, 0.9740538230583824, 0.8175668035046902, 1.0, 1.0, 0.4322749546595982, 0.38173389434814453, 0.44026708602905273]
[0.20125994168795075, 0.6044892789539738, 0.7458919379251148, 0.925, 0.925, 0.9441243986493094, 0.6823853564985819, 0.11279510498046875, 0.11635547052919924, 1.0, 1.0, 1.0, 0.09817492825901186, 0.09817492825901186, 0.6237034797668457, 0.38173389434814453, 0.4265170097351074]
[0.20125994168795075, 0.6044892789539738, 0.7458919379251148, 0.925, 0.925, 0.9441243986493094, 0.6823853564985819, 0.553801040649414, 0.8433234424093412, 0.9740538230583824, 0.9740538230583824, 1.0, 1.0, 0.7336892993197297, 0.6237034797668457, 0.573162351335798, 0.5052670240402222]
[0.20125994168795075, 0.6044892789539738, 0.7458919379251148, 0.925, 0.925, 0.9441243986493094, 0.6823853564985819, 0.46020103454589845, 0.8433234424093412, 0.9740538230583824, 0.9740538230583824, 0.9803038230583824, 1.0, 1.0, 0.5994177545819964, 0.5388766697474888, 0.2502671480178833]
[0.20125994168795075, 0.6044892789539738, 0.7458919379251148, 0.925, 0.925, 0.9441243986493094, 0.6823853564985819, 0.4112493896484375, 0.4789501484919483, 0.9740538230583824, 0.9740538230583824, 1.0, 1.0, 0.4239532512776736, 0.6237034797668457, 0.38173389434814453, 0.4402669668197632]
[0.20125994168795075, 0.6044892789539738, 0.7458919379251148, 0.925, 0.925, 0.9441243986493094, 0.6823853564985819, 0.5224494934082031, 0.8232557737956069, 0.8986294329317199, 1.0, 1.0, 0.764413330112939, 0.8255450610772763, 0.6708463260105678, 0.38173389434814453, 0.4027670621871948]
[0.20125994168795075, 0.6044892789539738, 0.7458919379251148, 0.925, 0.925, 0.9441243986493094, 0.6823853564985819, 0.5430554962158203, 0.511598774281004, 0.528826660225878, 0.528826660225878, 0.8932650963317723, 1.0, 1.0, 0.7065606117248535, 0.38173389434814453, 0.7452670931816101]
[0.20125994168795075, 0.6044892789539738, 0.7458919379251148, 0.925, 0.925, 0.9441243986493094, 0.6823853564985819, 0.5330009460449219, 0.7496003988760885, 0.8568990856723159, 0.8568990856723159, 1.0, 1.0, 0.9466325481658862, 0.4322749546595982, 0.3245909554617746, 0.6077671051025391]
[0.20125994168795075, 0.6044892789539738, 0.7458919379251148, 0.925, 0.925, 0.9441243986493094, 0.6823853564985819, 0.5090010070800781, 0.685016374242655, 0.9740538230583824, 0.9740538230583824, 0.9803038230583824, 1.0, 1.0, 0.5365606035505023, 0.5017337799072266, 0.3677670955657959]
[0.20125994168795075, 0.6044892789539738, 0.7458919379251148, 0.925, 0.925, 0.9441243986493094, 0.6823853564985819, 0.4418009185791016, 0.5576824968466526, 0.8568990856723159, 0.9740538230583824, 0.9803038230583824, 1.0, 1.0, 0.5994177545819964, 0.38173389434814453, 0.520267128944397]
[0.20125994168795075, 0.6044892789539738, 0.7458919379251148, 0.925, 0.925, 0.9441243986493094, 0.6823853564985819, 0.4524494171142578, 0.5575760823243014, 0.8853198019137842, 1.0, 1.0, 0.8189180078891154, 0.47750323420722973, 0.6237034797668457, 0.3245909554617746, 0.34651708602905273]
[0.20125994168795075, 0.6044892789539738, 0.7458919379251148, 0.925, 0.925, 0.9441243986493094, 0.6823853564985819, 0.6662010192871094, 0.8433234424093412, 0.9740538230583824, 0.9740538230583824, 1.0, 1.0, 0.7866962531035688, 0.6237034797668457, 0.5031623840332031, 0.672767162322998]
[0.20125994168795075, 0.6044892789539738, 0.7458919379251148, 0.925, 0.925, 0.9441243986493094, 0.6823853564985819, 0.4260494995117188, 0.6665956855416093, 0.9740538230583824, 1.0, 1.0, 0.9870269115291912, 0.9466325481658862, 0.4322749546595982, 0.38173389434814453, 0.38776707649230957]
[0.20125994168795075, 0.6044892789539738, 0.7458919379251148, 0.925, 0.925, 0.9441243986493094, 0.6823853564985819, 0.5351524353027344, 0.9079074801429622, 0.8568990856723159, 0.8568990856723159, 0.9803038230583824, 1.0, 1.0, 0.5365606035505023, 0.573162351335798, 0.4102671146392822]
[0.20125994168795075, 0.6044892789539738, 0.7458919379251148, 0.925, 0.925, 0.9441243986493094, 0.6823853564985819, 0.5258010864257813, 0.795768339753116, 0.8568990856723159, 0.8568990856723159, 1.0, 1.0, 0.8255450610772763, 0.6879891668047223, 0.38173389434814453, 0.4102671146392822]
[0.46961655836838945, 0.5553067417238922, 0.49182340459176926, 0.47952781947697504, 0.925, 0.8695652173913043, 0.24300028452594663, 0.44795249938964843, 0.6309441949551455, 0.7766441544696081, 0.7766441544696081, 1.0, 1.0, 0.530130753472599, 0.20941775185721262, 0.7574481282915387, 0.2977670431137085]
[0.46961655836838945, 0.5553067417238922, 0.49182340459176926, 0.47952781947697504, 0.925, 0.8695652173913043, 0.24300028452594663, 0.4512493896484375, 0.7374816716263456, 0.9803038230583824, 1.0, 1.0, 0.928449542836158, 0.6144419230539695, 0.20941775185721262, 0.6374480383736747, 0.3340170383453369]
[0.46961655836838945, 0.5553067417238922, 0.49182340459176926, 0.47952781947697504, 0.925, 0.8695652173913043, 0.24300028452594663, 0.5126009368896485, 0.7374816716263456, 0.8418669097391583, 1.0, 0.8568990856723159, 0.7959207639484406, 1.0, 0.4094176973615374, 0.5931624003819057, 0.5015170574188232]
[0.46961655836838945, 0.5553067417238922, 0.49182340459176926, 0.47952781947697504, 0.925, 0.8695652173913043, 0.24300028452594663, 0.44244941711425784, 0.7374816716263456, 0.9803038230583824, 1.0, 1.0, 0.928449542836158, 0.6144419230539695, 0.20941775185721262, 0.6374480383736747, 0.270267128944397]
[0.46961655836838945, 0.5553067417238922, 0.49182340459176926, 0.47952781947697504, 0.925, 0.8695652173913043, 0.24300028452594663, 0.49844940185546877, 0.8026024460099994, 0.9740538230583824, 1.0, 1.0, 0.7959207639484406, 0.6578091488787305, 0.20941775185721262, 0.7245909827096122, 0.5015170574188232]
[0.46961655836838945, 0.5553067417238922, 0.49182340459176926, 0.47952781947697504, 0.925, 0.8695652173913043, 0.24300028452594663, 0.6445040130615234, 0.6871035155671031, 0.7766441544696081, 0.8568990856723159, 1.0, 1.0, 0.5734046672627497, 0.20941775185721262, 0.6374480383736747, 0.5752670764923096]
[0.46961655836838945, 0.5553067417238922, 0.49182340459176926, 0.47952781947697504, 0.925, 0.8695652173913043, 0.24300028452594663, 0.6054009246826172, 0.8788268429583165, 0.9740538230583824, 1.0, 1.0, 0.7959207639484406, 0.6996405533276526, 0.20941775185721262, 0.3560194287981306, 0.34151697158813477]
[0.46961655836838945, 0.5553067417238922, 0.49182340459176926, 0.47952781947697504, 0.925, 0.8695652173913043, 0.24300028452594663, 0.022794952392578127, 0.035392892679164824, 1.0, 1.0, 1.0, 0.029862753198045322, 0.029862753198045322, 0.20941775185721262, 0.5931624003819057, 0.3415170907974243]
[0.46961655836838945, 0.5553067417238922, 0.49182340459176926, 0.47952781947697504, 0.925, 0.8695652173913043, 0.24300028452594663, 0.37260093688964846, 0.572886531743834, 0.8922955326692157, 1.0, 0.8568990856723159, 0.928449542836158, 1.0, 0.3665605272565569, 0.5931624003819057, 0.270267128944397]
[0.46961655836838945, 0.5553067417238922, 0.49182340459176926, 0.47952781947697504, 0.925, 0.8695652173913043, 0.24300028452594663, 0.5059524536132812, 0.5378090646282152, 0.8568990856723159, 0.8568990856723159, 0.8568990856723159, 1.0, 1.0, 0.3222748892647879, 0.5931624003819057, 0.6390171051025391]
[0.46961655836838945, 0.5553067417238922, 0.49182340459176926, 0.47952781947697504, 0.925, 0.8695652173913043, 0.24300028452594663, 0.5930010223388672, 0.8788268429583165, 0.9803038230583824, 1.0, 1.0, 0.928449542836158, 0.8091736766827444, 0.3665605272565569, 0.3760194778442383, 0.3340170383453369]
[0.46961655836838945, 0.5553067417238922, 0.49182340459176926, 0.47952781947697504, 0.925, 0.8695652173913043, 0.24300028452594663, 0.3419525146484375, 0.6955639089538735, 0.6980118448332182, 0.6980118448332182, 1.0, 1.0, 0.5734046672627497, 0.20941775185721262, 0.5588767187935966, 0.27276694774627686]
[0.46961655836838945, 0.5553067417238922, 0.49182340459176926, 0.47952781947697504, 0.925, 0.8695652173913043, 0.24300028452594663, 0.4322979736328125, 0.6364291746758313, 0.8848095646447752, 1.0, 1.0, 0.6222501604347291, 0.530130753472599, 0.20941775185721262, 0.6374480383736747, 0.4590170383453369]
[0.46961655836838945, 0.5553067417238922, 0.49182340459176926, 0.47952781947697504, 0.925, 0.8695652173913043, 0.24300028452594663, 0.5214009094238281, 0.7506461435006578, 0.8568990856723159, 0.8568990856723159, 1.0, 1.0, 0.6144419230539695, 0.20941775185721262, 0.48030526297433035, 0.5215170383453369]
[0.46961655836838945, 0.5553067417238922, 0.49182340459176926, 0.47952781947697504, 0.925, 0.8695652173913043, 0.24300028452594663, 0.302049560546875, 0.7374816716263456, 0.9740538230583824, 1.0, 1.0, 0.9870269115291912, 0.6144419230539695, 0.20941775185721262, 0.5803052357264927, 0.31151700019836426]
[0.46961655836838945, 0.5553067417238922, 0.49182340459176926, 0.47952781947697504, 0.925, 0.8695652173913043, 0.24300028452594663, 0.45484947204589843, 0.8026024460099994, 0.8568990856723159, 1.0, 1.0, 0.7415101487460796, 0.8091736766827444, 0.3665605272565569, 0.6803052084786552, 0.38276708126068115]
[0.46961655836838945, 0.5553067417238922, 0.49182340459176926, 0.47952781947697504, 0.925, 0.8695652173913043, 0.24300028452594663, 0.5267525482177734, 0.6378429669370425, 0.8568990856723159, 0.8568990856723159, 1.0, 1.0, 0.530130753472599, 0.20941775185721262, 0.5588767187935966, 0.6040171384811401]
[0.46961655836838945, 0.5553067417238922, 0.49182340459176926, 0.47952781947697504, 0.925, 0.8695652173913043, 0.24300028452594663, 0.6445040130615234, 0.6871035155671031, 0.7766441544696081, 0.8568990856723159, 1.0, 1.0, 0.5734046672627497, 0.20941775185721262, 0.6374480383736747, 0.5752670764923096]
[0.46961655836838945, 0.5553067417238922, 0.49182340459176926, 0.47952781947697504, 0.925, 0.8695652173913043, 0.24300028452594663, 0.5048493957519531, 0.7374816716263456, 0.8418669097391583, 1.0, 1.0, 0.7959207639484406, 0.6144419230539695, 0.20941775185721262, 0.48030526297433035, 0.48151707649230957]
[0.46961655836838945, 0.5553067417238922, 0.49182340459176926, 0.47952781947697504, 0.925, 0.8695652173913043, 0.24300028452594663, 0.5762010192871094, 0.8026024460099994, 0.8853198019137842, 1.0, 1.0, 0.9870269115291912, 0.6578091488787305, 0.20941775185721262, 0.44601944514683317, 0.47151708602905273]
[0.46961655836838945, 0.5553067417238922, 0.49182340459176926, 0.47952781947697504, 0.925, 0.8695652173913043, 0.24300028452594663, 0.5034009552001953, 0.8788268429583165, 0.7766441544696081, 1.0, 1.0, 0.7415101487460796, 0.754167208829174, 0.2965605599539621, 0.7803052493504116, 0.43776702880859375]
[0.46961655836838945, 0.5553067417238922, 0.49182340459176926, 0.47952781947697504, 0.925, 0.8695652173913043, 0.24300028452594663, 0.681552505493164, 0.6881324766667924, 0.7841420382831898, 1.0, 1.0, 0.928449542836158, 0.5734046672627497, 0.20941775185721262, 0.6788766043526786, 0.3340170383453369]
[0.46961655836838945, 0.5553067417238922, 0.49182340459176926, 0.47952781947697504, 0.925, 0.8695652173913043, 0.24300028452594663, 0.6226008605957031, 0.8788268429583165, 0.8568990856723159, 1.0, 1.0, 0.888322077234804, 0.8734678888784764, 0.40084634508405415, 0.5588767187935966, 0.4465169906616211]
[0.46961655836838945, 0.5553067417238922, 0.49182340459176926, 0.47952781947697504, 0.925, 0.8695652173913043, 0.24300028452594663, 0.539400863647461, 0.8788268429583165, 0.9803038230583824, 1.0, 1.0, 0.928449542836158, 0.6996405533276526, 0.20941775185721262, 0.6574480874197823, 0.43776702880859375]
[0.46961655836838945, 0.5553067417238922, 0.49182340459176926, 0.47952781947697504, 0.925, 0.8695652173913043, 0.24300028452594663, 0.6006009674072266, 0.7515723840512046, 0.9740538230583824, 0.9740538230583824, 1.0, 1.0, 0.6144419230539695, 0.20941775185721262, 0.48030526297433035, 0.6127671003341675]
[0.46961655836838945, 0.5553067417238922, 0.49182340459176926, 0.47952781947697504, 0.925, 0.8695652173913043, 0.24300028452594663, 0.5923524475097657, 0.8788268429583165, 0.7766441544696081, 1.0, 1.0, 0.7415101487460796, 0.6996405533276526, 0.20941775185721262, 0.4031622750418527, 0.43776702880859375]
[0.46961655836838945, 0.5553067417238922, 0.49182340459176926, 0.47952781947697504, 0.925, 0.8695652173913043, 0.24300028452594663, 0.5386009979248046, 0.8009214586562993, 0.8568990856723159, 0.9740538230583824, 1.0, 1.0, 0.6578091488787305, 0.20941775185721262, 0.7974481582641602, 0.7565171122550964]
[0.46961655836838945, 0.5553067417238922, 0.49182340459176926, 0.47952781947697504, 0.925, 0.8695652173913043, 0.24300028452594663, 0.3856494903564453, 0.6881324766667924, 0.9740538230583824, 1.0, 1.0, 0.888322077234804, 0.5734046672627497, 0.20941775185721262, 0.5817338398524693, 0.4465169906616211]
[0.46961655836838945, 0.5553067417238922, 0.49182340459176926, 0.47952781947697504, 0.925, 0.8695652173913043, 0.24300028452594663, 0.4658009338378906, 0.5236259821609996, 0.8922955326692157, 1.0, 0.8568990856723159, 0.928449542836158, 1.0, 0.3665605272565569, 0.5931624003819057, 0.3340170383453369]
[0.46961655836838945, 0.5553067417238922, 0.49182340459176926, 0.47952781947697504, 0.925, 0.8695652173913043, 0.24300028452594663, 0.5126010131835937, 0.7374816716263456, 0.8418669097391583, 1.0, 0.8568990856723159, 0.7959207639484406, 1.0, 0.3222748892647879, 0.7974480901445661, 0.5015170574188232]
[0.46961655836838945, 0.5553067417238922, 0.49182340459176926, 0.47952781947697504, 0.925, 0.8695652173913043, 0.24300028452594663, 0.3804494476318359, 0.5236259821609996, 0.8418669097391583, 1.0, 0.8568990856723159, 0.7959207639484406, 1.0, 0.3665605272565569, 0.5931624003819057, 0.5015170574188232]
[0.46961655836838945, 0.5553067417238922, 0.49182340459176926, 0.47952781947697504, 0.925, 0.8695652173913043, 0.24300028452594663, 0.5502555084228515, 0.736928619414623, 0.483020297492159, 0.483020297492159, 1.0, 1.0, 0.5734046672627497, 0.20941775185721262, 0.7503052439008441, 0.5090169906616211]
[0.46961655836838945, 0.5553067417238922, 0.49182340459176926, 0.47952781947697504, 0.925, 0.8695652173913043, 0.24300028452594663, 0.5126009368896485, 0.7374816716263456, 0.8418669097391583, 1.0, 0.8568990856723159, 0.7959207639484406, 1.0, 0.4094176973615374, 0.5931624003819057, 0.5015170574188232]
[0.46961655836838945, 0.5553067417238922, 0.49182340459176926, 0.47952781947697504, 0.925, 0.8695652173913043, 0.24300028452594663, 0.5926554107666016, 0.7885081001885155, 0.483020297492159, 0.483020297492159, 1.0, 1.0, 0.6144419230539695, 0.20941775185721262, 0.48030526297433035, 0.6415171027183533]
[0.46961655836838945, 0.5553067417238922, 0.49182340459176926, 0.47952781947697504, 0.925, 0.8695652173913043, 0.24300028452594663, 0.6154010772705079, 0.8788268429583165, 0.9740538230583824, 1.0, 1.0, 0.7415101487460796, 0.928449542836158, 0.4879892213003976, 0.6374480383736747, 0.43776702880859375]
[0.46961655836838945, 0.5553067417238922, 0.49182340459176926, 0.47952781947697504, 0.925, 0.8695652173913043, 0.24300028452594663, 0.4658009338378906, 0.5236259821609996, 0.8922955326692157, 1.0, 0.8568990856723159, 0.928449542836158, 1.0, 0.3222748892647879, 0.5931624003819057, 0.3340170383453369]
[0.46961655836838945, 0.5553067417238922, 0.49182340459176926, 0.47952781947697504, 0.925, 0.8695652173913043, 0.24300028452594663, 0.4443524932861328, 0.5826032791920986, 0.7766441544696081, 0.7766441544696081, 1.0, 1.0, 0.4765560909759472, 0.20941775185721262, 0.6374480383736747, 0.43776702880859375]
[0.46961655836838945, 0.5553067417238922, 0.49182340459176926, 0.47952781947697504, 0.925, 0.8695652173913043, 0.24300028452594663, 0.43700088500976564, 0.6378429669370425, 0.8568990856723159, 0.8568990856723159, 1.0, 1.0, 0.8734678888784764, 0.20941775185721262, 0.5931624003819057, 0.5777671337127686]
[0.46961655836838945, 0.5553067417238922, 0.49182340459176926, 0.47952781947697504, 0.925, 0.8695652173913043, 0.24300028452594663, 0.44380096435546873, 0.6363264544552003, 0.7766441544696081, 0.9740538230583824, 1.0, 1.0, 0.530130753472599, 0.20941775185721262, 0.7003052575247628, 0.4177670478820801]
[0.46961655836838945, 0.5553067417238922, 0.49182340459176926, 0.47952781947697504, 0.925, 0.8695652173913043, 0.24300028452594663, 0.4266009521484375, 0.8026024460099994, 0.9803038230583824, 1.0, 1.0, 0.928449542836158, 0.6578091488787305, 0.20941775185721262, 0.42030511583600727, 0.270267128944397]
[0.45866074782151445, 0.7595836878889394, 0.7568103775515129, 0.7378901181127251, 0.925, 0.8695652173913043, 0.8334571082438862, 0.6836495971679688, 0.6312794279390297, 0.9740538230583824, 1.0, 1.0, 0.9870269115291912, 0.5639296334511685, 0.6708462578909737, 0.6131623131888253, 0.33901703357696533]
[0.45866074782151445, 0.7595836878889394, 0.7568103775515129, 0.7378901181127251, 0.925, 0.8695652173913043, 0.8334571082438862, 0.7466009521484375, 0.794305779232445, 0.8568990856723159, 0.8568990856723159, 1.0, 1.0, 0.6913895019068899, 0.6708462578909737, 0.8274481637137276, 0.8527671098709106]
[0.45866074782151445, 0.7595836878889394, 0.7568103775515129, 0.7378901181127251, 0.925, 0.8695652173913043, 0.8334571082438862, 0.294794921875, 0.28314293693560444, 1.0, 1.0, 1.0, 0.23890185303941625, 0.23890185303941625, 0.6708462578909737, 0.7003052575247628, 0.5365170240402222]
[0.31961649968073924, 0.6257802362254501, 0.5249351214721261, 0.925, 0.925, 0.5441567271525652, 0.6609094436980646, 0.569649429321289, 0.8493221109762564, 0.8922955326692157, 1.0, 1.0, 0.888322077234804, 0.7212553701134878, 0.4794178009033203, 0.7845909254891532, 0.5015170574188232]
[0.31961649968073924, 0.6257802362254501, 0.5249351214721261, 0.925, 0.925, 0.5441567271525652, 0.6609094436980646, 0.5770008850097657, 0.8995394006581391, 0.8568990856723159, 0.8568990856723159, 1.0, 1.0, 0.7938785780845151, 0.5294177191598075, 0.6574480874197823, 0.6390171051025391]
[0.31961649968073924, 0.6257802362254501, 0.5249351214721261, 0.925, 0.925, 0.5441567271525652, 0.6609094436980646, 0.5999524688720703, 0.8571977030513308, 0.7766441544696081, 0.7766441544696081, 1.0, 1.0, 0.8637185451133851, 0.48656061717442106, 0.6574480874197823, 0.6165170669555664]
[0.31961649968073924, 0.6257802362254501, 0.5249351214721261, 0.925, 0.925, 0.5441567271525652, 0.6609094436980646, 0.6610009765625, 0.6317263361047549, 0.8848095646447752, 1.0, 0.9740538230583824, 0.928449542836158, 1.0, 0.5665606771196637, 0.7517339161464146, 0.614017128944397]
[0.31961649968073924, 0.6257802362254501, 0.5249351214721261, 0.925, 0.925, 0.5441567271525652, 0.6609094436980646, 0.5816919708251953, 0.6317263361047549, 0.8922955326692157, 1.0, 1.0, 0.888322077234804, 0.8637185451133851, 0.5137034824916294, 0.7017338616507394, 0.5015170574188232]
[0.31961649968073924, 0.6257802362254501, 0.5249351214721261, 0.925, 0.925, 0.5441567271525652, 0.6609094436980646, 0.6268919372558593, 0.6130360081547995, 0.8568990856723159, 0.8568990856723159, 1.0, 1.0, 0.5178092945058758, 0.83798919405256, 0.7517339161464146, 0.5777671337127686]
[0.31961649968073924, 0.6257802362254501, 0.5249351214721261, 0.925, 0.925, 0.5441567271525652, 0.6609094436980646, 0.6455524444580079, 0.8571977030513308, 0.7766441544696081, 0.7766441544696081, 1.0, 1.0, 0.928449542836158, 0.6779892104012626, 0.8617338453020368, 0.5402669906616211]
[0.31961649968073924, 0.6257802362254501, 0.5249351214721261, 0.925, 0.925, 0.5441567271525652, 0.6609094436980646, 0.5579524230957031, 0.6187318851294896, 0.6896419971018741, 0.6896419971018741, 1.0, 1.0, 0.8637185451133851, 0.3665605272565569, 0.7017338616507394, 0.24276697635650635]
[0.31961649968073924, 0.6257802362254501, 0.5249351214721261, 0.925, 0.925, 0.5441567271525652, 0.6609094436980646, 0.7121039581298828, 0.9027612601928944, 0.7766441544696081, 0.7766441544696081, 0.9740538230583824, 1.0, 1.0, 0.5422749519348145, 0.7845909254891532, 0.7215170860290527]
[0.31961649968073924, 0.6257802362254501, 0.5249351214721261, 0.925, 0.925, 0.5441567271525652, 0.6609094436980646, 0.7361039733886718, 0.9474954898314136, 0.7766441544696081, 0.7766441544696081, 0.9740538230583824, 1.0, 1.0, 0.5422749519348145, 0.6674481800624302, 0.5402669906616211]
[0.31961649968073924, 0.6257802362254501, 0.5249351214721261, 0.925, 0.925, 0.5441567271525652, 0.6609094436980646, 0.6658009338378906, 0.7579788539222944, 0.9740538230583824, 0.9740538230583824, 1.0, 1.0, 0.8637185451133851, 0.48656061717442106, 0.7017338616507394, 0.4927670955657959]
[0.31961649968073924, 0.6257802362254501, 0.5249351214721261, 0.925, 0.925, 0.5441567271525652, 0.6609094436980646, 0.63340087890625, 0.8483347557890224, 0.9740538230583824, 0.9740538230583824, 1.0, 1.0, 0.8637185451133851, 0.48656061717442106, 0.7845909254891532, 0.5390169620513916]
[0.31961649968073924, 0.6257802362254501, 0.5249351214721261, 0.925, 0.925, 0.5441567271525652, 0.6609094436980646, 0.5718434906005859, 0.5726113281962893, 0.7766441544696081, 0.7766441544696081, 1.0, 1.0, 0.8637185451133851, 0.5579891204833984, 0.7017338616507394, 0.689017117023468]
[0.31961649968073924, 0.6257802362254501, 0.5249351214721261, 0.925, 0.925, 0.5441567271525652, 0.6609094436980646, 0.6535523986816406, 0.8493221109762564, 0.8853198019137842, 1.0, 0.8568990856723159, 0.9870269115291912, 1.0, 0.6708463260105678, 0.6731624603271484, 0.47151708602905273]
[0.31961649968073924, 0.6257802362254501, 0.5249351214721261, 0.925, 0.925, 0.5441567271525652, 0.6609094436980646, 0.5552495574951172, 0.7400615348509432, 0.9803038230583824, 1.0, 0.9740538230583824, 0.928449542836158, 1.0, 0.5422749519348145, 0.8145909990583148, 0.4027670621871948]
[0.31961649968073924, 0.6257802362254501, 0.5249351214721261, 0.925, 0.925, 0.5441567271525652, 0.6609094436980646, 0.6065039825439453, 0.70599134410422, 0.6157659343531825, 0.6157659343531825, 1.0, 1.0, 0.8213853871494472, 0.3222747530255999, 0.7017338616507394, 0.4890170097351074]
[0.31961649968073924, 0.6257802362254501, 0.5249351214721261, 0.925, 0.925, 0.5441567271525652, 0.6609094436980646, 0.6673464965820313, 0.6628832955636299, 0.6157659343531825, 0.6157659343531825, 1.0, 1.0, 0.8637185451133851, 0.6779891422816685, 0.7017338616507394, 0.4027670621871948]
[0.31961649968073924, 0.6257802362254501, 0.5249351214721261, 0.925, 0.925, 0.5441567271525652, 0.6609094436980646, 0.4900494384765625, 0.7579788539222944, 0.9740538230583824, 0.9740538230583824, 1.0, 1.0, 0.6466849029800663, 0.4794178009033203, 0.6731624603271484, 0.5777671337127686]
[0.31961649968073924, 0.6257802362254501, 0.5249351214721261, 0.925, 0.925, 0.5441567271525652, 0.6609094436980646, 0.6562008666992187, 0.8035493451475662, 0.8568990856723159, 0.9740538230583824, 1.0, 1.0, 0.8637185451133851, 0.48656061717442106, 0.6803053447178432, 0.6515171527862549]
[0.31961649968073924, 0.6257802362254501, 0.5249351214721261, 0.925, 0.925, 0.5441567271525652, 0.6609094436980646, 0.4599524688720703, 0.44026858313409045, 0.6157659343531825, 0.6157659343531825, 1.0, 1.0, 0.37147661701938883, 0.4794178009033203, 0.7017338616507394, 0.44026708602905273]
[0.31961649968073924, 0.6257802362254501, 0.5249351214721261, 0.925, 0.925, 0.5441567271525652, 0.6609094436980646, 0.696200942993164, 0.8493221109762564, 0.8848095646447752, 1.0, 1.0, 0.928449542836158, 0.8637185451133851, 0.3665605272565569, 0.6074480329241071, 0.5402669906616211]
[0.31961649968073924, 0.6257802362254501, 0.5249351214721261, 0.925, 0.925, 0.5441567271525652, 0.6609094436980646, 0.5679524993896484, 0.6157194434040361, 0.7766441544696081, 0.7766441544696081, 0.9740538230583824, 1.0, 1.0, 0.5422749519348145, 0.7017338616507394, 0.7540171146392822]
[0.31961649968073924, 0.6257802362254501, 0.5249351214721261, 0.925, 0.925, 0.5441567271525652, 0.6609094436980646, 0.6982009124755859, 0.7400615348509432, 0.8922955326692157, 1.0, 1.0, 0.888322077234804, 0.6466849029800663, 0.4794178009033203, 0.6731624603271484, 0.7215170860290527]
[0.31961649968073924, 0.6257802362254501, 0.5249351214721261, 0.925, 0.925, 0.5441567271525652, 0.6609094436980646, 0.659952392578125, 0.8091897503807004, 0.8568990856723159, 0.8568990856723159, 0.9740538230583824, 1.0, 1.0, 0.6165605953761509, 0.7017338616507394, 0.7877670526504517]
[0.31961649968073924, 0.6257802362254501, 0.5249351214721261, 0.925, 0.925, 0.5441567271525652, 0.6609094436980646, 0.6114009857177735, 0.6944909480756736, 0.7074650640617923, 1.0, 1.0, 0.7695537454650105, 0.6079765569631574, 0.4794178009033203, 0.8474481446402413, 0.5577670335769653]
[0.31961649968073924, 0.6257802362254501, 0.5249351214721261, 0.925, 0.925, 0.5441567271525652, 0.6609094436980646, 0.7322010040283203, 0.8493221109762564, 0.9803038230583824, 1.0, 0.9740538230583824, 0.928449542836158, 1.0, 0.4322748865400042, 0.617447989327567, 0.5077669620513916]
[0.31961649968073924, 0.6257802362254501, 0.5249351214721261, 0.925, 0.925, 0.5441567271525652, 0.6609094436980646, 0.6871524047851563, 0.8995394006581391, 0.8568990856723159, 0.8568990856723159, 1.0, 1.0, 0.8637185451133851, 0.3665605272565569, 0.8003052983965192, 0.6390171051025391]
[0.31961649968073924, 0.6257802362254501, 0.5249351214721261, 0.925, 0.925, 0.5441567271525652, 0.6609094436980646, 0.6766009521484375, 0.8493221109762564, 0.9740538230583824, 1.0, 1.0, 0.9870269115291912, 0.7938785780845151, 0.5294177191598075, 0.7017338616507394, 0.6915171146392822]
[0.31961649968073924, 0.6257802362254501, 0.5249351214721261, 0.925, 0.925, 0.5441567271525652, 0.6609094436980646, 0.6036493682861328, 0.8493221109762564, 0.9803038230583824, 1.0, 1.0, 0.8448209985509371, 0.8637185451133851, 0.48656061717442106, 0.7845909254891532, 0.3640170097351074]
[0.31961649968073924, 0.6257802362254501, 0.5249351214721261, 0.925, 0.925, 0.5441567271525652, 0.6609094436980646, 0.6447525024414062, 0.7944342817197065, 0.7766441544696081, 0.7766441544696081, 1.0, 1.0, 0.8213853871494472, 0.3222747530255999, 0.7017338616507394, 0.6902671456336975]
[0.31961649968073924, 0.6257802362254501, 0.5249351214721261, 0.925, 0.925, 0.5441567271525652, 0.6609094436980646, 0.5826008605957032, 0.8035493451475662, 0.9740538230583824, 0.9740538230583824, 0.9740538230583824, 1.0, 1.0, 0.5422749519348145, 0.911733899797712, 0.5777671337127686]
[0.31961649968073924, 0.6257802362254501, 0.5249351214721261, 0.925, 0.925, 0.5441567271525652, 0.6609094436980646, 0.6911524200439453, 0.7041866015627674, 0.7766441544696081, 0.7766441544696081, 1.0, 1.0, 0.928449542836158, 0.6779892104012626, 0.617447989327567, 0.5952670574188232]
[0.31961649968073924, 0.6257802362254501, 0.5249351214721261, 0.925, 0.925, 0.5441567271525652, 0.6609094436980646, 0.587400894165039, 0.5870328500425349, 0.8932650963317723, 1.0, 0.8568990856723159, 0.8448209985509371, 1.0, 0.4794177327837263, 0.7017338616507394, 0.43276703357696533]
[0.31961649968073924, 0.6257802362254501, 0.5249351214721261, 0.925, 0.925, 0.5441567271525652, 0.6609094436980646, 0.7286009216308593, 0.8493221109762564, 0.9803038230583824, 1.0, 1.0, 0.928449542836158, 0.928449542836158, 0.5579891886029925, 0.617447989327567, 0.6452670693397522]
[0.31961649968073924, 0.6257802362254501, 0.5249351214721261, 0.925, 0.925, 0.5441567271525652, 0.6609094436980646, 0.6703524780273438, 0.695214258578761, 0.8568990856723159, 0.9740538230583824, 0.8568990856723159, 1.0, 1.0, 0.6708463260105678, 0.6803053447178432, 0.44026708602905273]
[0.31961649968073924, 0.6257802362254501, 0.5249351214721261, 0.925, 0.925, 0.5441567271525652, 0.6609094436980646, 0.8232920837402343, 0.6505208378801112, 0.9740538230583824, 0.9740538230583824, 1.0, 1.0, 0.5549858176497309, 0.6708463260105678, 0.544590950012207, 0.7240170836448669]
[0.31961649968073924, 0.6257802362254501, 0.5249351214721261, 0.925, 0.925, 0.5441567271525652, 0.6609094436980646, 0.5010009765625, 0.7041866015627674, 0.7766441544696081, 0.7766441544696081, 1.0, 1.0, 0.6079765569631574, 0.4794178009033203, 0.8217338834490094, 0.47151708602905273]
[0.31961649968073924, 0.6257802362254501, 0.5249351214721261, 0.925, 0.925, 0.5441567271525652, 0.6609094436980646, 0.6219949340820312, 0.6187318851294896, 0.6896419971018741, 0.6896419971018741, 1.0, 1.0, 0.8637185451133851, 0.6408463205610003, 0.7017338616507394, 0.6677671074867249]
[0.31961649968073924, 0.6257802362254501, 0.5249351214721261, 0.925, 0.925, 0.5441567271525652, 0.6609094436980646, 0.765801010131836, 0.9574909240611452, 0.9803038230583824, 1.0, 1.0, 0.8448209985509371, 0.8637185451133851, 0.3665605272565569, 0.8217338153294155, 0.43776702880859375]
[0.31961649968073924, 0.6257802362254501, 0.5249351214721261, 0.925, 0.925, 0.5441567271525652, 0.6609094436980646, 0.5278009033203125, 0.54081468953574, 0.7766441544696081, 0.7766441544696081, 1.0, 1.0, 0.928449542836158, 0.6779892104012626, 0.7017338616507394, 0.5402669906616211]
[0.31961649968073924, 0.6257802362254501, 0.5249351214721261, 0.925, 0.925, 0.5441567271525652, 0.6609094436980646, 0.67650390625, 0.9033110030023559, 0.6896419971018741, 0.6896419971018741, 1.0, 1.0, 0.7569195613071553, 0.4794178009033203, 0.8017337662833077, 0.7527670860290527]
[0.31961649968073924, 0.6257802362254501, 0.5249351214721261, 0.925, 0.925, 0.5441567271525652, 0.6609094436980646, 0.7026010131835938, 0.7400615348509432, 0.9803038230583824, 1.0, 0.9740538230583824, 0.928449542836158, 1.0, 0.5422749519348145, 0.8217338834490094, 0.47651708126068115]
[0.31961649968073924, 0.6257802362254501, 0.5249351214721261, 0.925, 0.925, 0.5441567271525652, 0.6609094436980646, 0.7681039428710937, 0.8547594965737112, 0.7766441544696081, 0.8568990856723159, 1.0, 1.0, 0.928449542836158, 0.5579891886029925, 0.9317338807242257, 0.6390171051025391]
[0.31961649968073924, 0.6257802362254501, 0.5249351214721261, 0.925, 0.925, 0.5441567271525652, 0.6609094436980646, 0.5579524230957031, 0.6187318851294896, 0.6896419971018741, 0.6896419971018741, 1.0, 1.0, 0.8637185451133851, 0.3665605272565569, 0.7017338616507394, 0.4827669858932495]
[0.31961649968073924, 0.6257802362254501, 0.5249351214721261, 0.925, 0.925, 0.5441567271525652, 0.6609094436980646, 0.6016494750976562, 0.6317263361047549, 0.8922955326692157, 1.0, 1.0, 0.888322077234804, 0.8637185451133851, 0.3665605272565569, 0.7017338616507394, 0.5015169382095337]
[0.31961649968073924, 0.6257802362254501, 0.5249351214721261, 0.925, 0.925, 0.5441567271525652, 0.6609094436980646, 0.48389793395996095, 0.7848476538016821, 0.9740538230583824, 1.0, 1.0, 0.7695537454650105, 0.6825846523255786, 0.4794178009033203, 0.544590950012207, 0.5752670764923096]
[0.31961649968073924, 0.6257802362254501, 0.5249351214721261, 0.925, 0.925, 0.5441567271525652, 0.6609094436980646, 0.6380494689941406, 0.7848476538016821, 0.9803038230583824, 1.0, 1.0, 0.928449542836158, 0.8637185451133851, 0.48656061717442106, 0.544590950012207, 0.4027670621871948]
[0.31961649968073924, 0.6257802362254501, 0.5249351214721261, 0.925, 0.925, 0.5441567271525652, 0.6609094436980646, 0.597552490234375, 0.7041866015627674, 0.7766441544696081, 0.7766441544696081, 0.9740538230583824, 1.0, 1.0, 0.5422749519348145, 0.617447989327567, 0.5402669906616211]
[0.31961649968073924, 0.6257802362254501, 0.5249351214721261, 0.925, 0.925, 0.5441567271525652, 0.6609094436980646, 0.6495524597167969, 0.7041866015627674, 0.7766441544696081, 0.7766441544696081, 1.0, 1.0, 0.6079765569631574, 0.4794178009033203, 0.544590950012207, 0.6902671456336975]
[0.31961649968073924, 0.6257802362254501, 0.5249351214721261, 0.925, 0.925, 0.5441567271525652, 0.6609094436980646, 0.6742435455322265, 0.5726113281962893, 0.7766441544696081, 0.7766441544696081, 1.0, 1.0, 0.47890624060047127, 0.6708463260105678, 0.7017338616507394, 0.6902671456336975]
[0.31961649968073924, 0.6257802362254501, 0.5249351214721261, 0.925, 0.925, 0.5441567271525652, 0.6609094436980646, 0.6750009155273438, 0.9128074766348611, 0.9740538230583824, 0.9740538230583824, 1.0, 1.0, 0.928449542836158, 0.7179891722542899, 0.7274481228419712, 0.5777671337127686]
[0.31961649968073924, 0.6257802362254501, 0.5249351214721261, 0.925, 0.925, 0.5441567271525652, 0.6609094436980646, 0.6585039520263671, 0.7041866015627674, 0.7766441544696081, 0.7766441544696081, 0.8568990856723159, 1.0, 1.0, 0.4794177327837263, 0.7517339161464146, 0.5402669906616211]
[0.31961649968073924, 0.6257802362254501, 0.5249351214721261, 0.925, 0.925, 0.5441567271525652, 0.6609094436980646, 0.6613039398193359, 0.7497437093107868, 0.7766441544696081, 0.7766441544696081, 0.8568990856723159, 1.0, 1.0, 0.6708463260105678, 0.7845909254891532, 0.5777671337127686]
[0.31961649968073924, 0.6257802362254501, 0.5249351214721261, 0.925, 0.925, 0.5441567271525652, 0.6609094436980646, 0.7072920227050781, 0.5618246470559897, 0.8568990856723159, 0.9740538230583824, 1.0, 1.0, 0.47890624060047127, 0.780846391405378, 0.7017338616507394, 0.7915171384811401]
[0.31961649968073924, 0.6257802362254501, 0.5249351214721261, 0.925, 0.925, 0.5441567271525652, 0.6609094436980646, 0.7981039428710938, 0.8035493451475662, 0.8568990856723159, 0.9740538230583824, 0.8568990856723159, 1.0, 1.0, 0.6708463260105678, 0.6574480874197823, 0.7240170836448669]
[0.31961649968073924, 0.6257802362254501, 0.5249351214721261, 0.925, 0.925, 0.5441567271525652, 0.6609094436980646, 0.6662554931640625, 0.7513195005789809, 0.6157659343531825, 0.6157659343531825, 0.9740538230583824, 1.0, 1.0, 0.4322748865400042, 0.8217338834490094, 0.5015170574188232]
[0.31961649968073924, 0.6257802362254501, 0.5249351214721261, 0.925, 0.925, 0.5441567271525652, 0.6609094436980646, 0.49820098876953123, 0.5726113281962893, 0.7766441544696081, 0.7766441544696081, 1.0, 1.0, 0.47890624060047127, 0.4794178009033203, 0.7017338616507394, 0.6902671456336975]
[0.31961649968073924, 0.6257802362254501, 0.5249351214721261, 0.925, 0.925, 0.5441567271525652, 0.6609094436980646, 0.7050010681152343, 0.7400615348509432, 0.9740538230583824, 1.0, 1.0, 0.9870269115291912, 0.8637185451133851, 0.3665605272565569, 0.7017338616507394, 0.40776705741882324]
[0.31961649968073924, 0.6257802362254501, 0.5249351214721261, 0.925, 0.925, 0.5441567271525652, 0.6609094436980646, 0.69495849609375, 0.6577609690663477, 0.24885384006096656, 0.24885384006096656, 1.0, 1.0, 0.5549858176497309, 0.4794178009033203, 0.544590950012207, 0.7627670764923096]
[0.31961649968073924, 0.6257802362254501, 0.5249351214721261, 0.925, 0.925, 0.5441567271525652, 0.6609094436980646, 0.7757039642333985, 0.6310866790141682, 0.6157659343531825, 0.6157659343531825, 1.0, 1.0, 0.5178092945058758, 0.4794178009033203, 0.7374480792454311, 0.5077669620513916]
[0.31961649968073924, 0.6257802362254501, 0.5249351214721261, 0.925, 0.925, 0.5441567271525652, 0.6609094436980646, 0.6395524597167969, 0.8571977030513308, 0.7766441544696081, 0.7766441544696081, 1.0, 1.0, 0.7212553701134878, 0.4794178009033203, 0.7845909254891532, 0.6902671456336975]
[0.31961649968073924, 0.6257802362254501, 0.5249351214721261, 0.925, 0.925, 0.5441567271525652, 0.6609094436980646, 0.3941889190673828, 0.40989990429348133, 0.9803038230583824, 1.0, 1.0, 0.34585304424762486, 0.8637185451133851, 0.6779892104012626, 0.7017338616507394, 0.5015170574188232]
[0.31961649968073924, 0.6257802362254501, 0.5249351214721261, 0.925, 0.925, 0.5441567271525652, 0.6609094436980646, 0.7443524169921875, 0.8493221109762564, 0.8848095646447752, 1.0, 0.8568990856723159, 0.928449542836158, 1.0, 0.6937034470694405, 0.8717338698250907, 0.5402669906616211]
[0.31961649968073924, 0.6257802362254501, 0.5249351214721261, 0.925, 0.925, 0.5441567271525652, 0.6609094436980646, 0.5838009643554688, 0.5414753323382416, 0.8127988257569152, 1.0, 0.9740538230583824, 0.888322077234804, 1.0, 0.5422749519348145, 0.7017338616507394, 0.5427670478820801]
[0.31961649968073924, 0.6257802362254501, 0.5249351214721261, 0.925, 0.925, 0.5441567271525652, 0.6609094436980646, 0.5668919372558594, 0.7848476538016821, 0.9740538230583824, 1.0, 1.0, 0.9870269115291912, 0.8637185451133851, 0.5208462987627301, 0.6803053447178432, 0.47151708602905273]
[0.31961649968073924, 0.6257802362254501, 0.5249351214721261, 0.925, 0.925, 0.5441567271525652, 0.6609094436980646, 0.7103950500488281, 0.8571977030513308, 0.7766441544696081, 0.7766441544696081, 1.0, 1.0, 0.8637185451133851, 0.5137034824916294, 0.8217338153294155, 0.7415171265602112]
[0.31961649968073924, 0.6257802362254501, 0.5249351214721261, 0.925, 0.925, 0.5441567271525652, 0.6609094436980646, 0.5911524200439453, 0.7497437093107868, 0.7766441544696081, 0.7766441544696081, 1.0, 1.0, 0.7569195613071553, 0.4794178009033203, 0.8017338344029018, 0.5402669906616211]
[0.31961649968073924, 0.6257802362254501, 0.5249351214721261, 0.925, 0.925, 0.5441567271525652, 0.6609094436980646, 0.7055950164794922, 0.7497437093107868, 0.7766441544696081, 0.7766441544696081, 1.0, 1.0, 0.8637185451133851, 0.5137034824916294, 0.7017338616507394, 0.6902671456336975]
[0.31961649968073924, 0.6257802362254501, 0.5249351214721261, 0.925, 0.925, 0.5441567271525652, 0.6609094436980646, 0.8037039947509765, 0.9474954898314136, 0.7766441544696081, 0.7766441544696081, 1.0, 1.0, 0.928449542836158, 0.7179891722542899, 0.5945910045078823, 0.626517117023468]
[0.31961649968073924, 0.6257802362254501, 0.5249351214721261, 0.925, 0.925, 0.5441567271525652, 0.6609094436980646, 0.6535524749755859, 0.7497437093107868, 0.7766441544696081, 0.7766441544696081, 1.0, 1.0, 0.6466849029800663, 0.4794178009033203, 0.6645909718104771, 0.6902671456336975]
[0.31961649968073924, 0.6257802362254501, 0.5249351214721261, 0.925, 0.925, 0.5441567271525652, 0.6609094436980646, 0.6656494903564453, 0.7848476538016821, 0.9803038230583824, 1.0, 0.9740538230583824, 0.8448209985509371, 1.0, 0.5665606771196637, 0.7017338616507394, 0.3640170097351074]
[0.31961649968073924, 0.6257802362254501, 0.5249351214721261, 0.925, 0.925, 0.5441567271525652, 0.6609094436980646, 0.6682554626464844, 0.7704714153588699, 0.5391074909300211, 0.5391074909300211, 1.0, 1.0, 0.6466849029800663, 0.4794178009033203, 0.8217338153294155, 0.939017117023468]
[0.31961649968073924, 0.6257802362254501, 0.5249351214721261, 0.925, 0.925, 0.5441567271525652, 0.6609094436980646, 0.7138009643554688, 0.7848476538016821, 0.8848095646447752, 1.0, 1.0, 0.928449542836158, 0.8637185451133851, 0.3665605272565569, 0.7017338616507394, 0.47651708126068115]
[0.31961649968073924, 0.6257802362254501, 0.5249351214721261, 0.925, 0.925, 0.5441567271525652, 0.6609094436980646, 0.559649429321289, 0.7848476538016821, 0.8922955326692157, 1.0, 1.0, 0.888322077234804, 0.6825846523255786, 0.4794178009033203, 0.6574479511805943, 0.34151697158813477]
[0.31961649968073924, 0.6257802362254501, 0.5249351214721261, 0.925, 0.925, 0.5441567271525652, 0.6609094436980646, 0.6854009246826172, 0.9574909240611452, 0.9803038230583824, 1.0, 1.0, 0.928449542836158, 0.7938785780845151, 0.45798914773123606, 0.7774481092180524, 0.5402669906616211]
[0.31961649968073924, 0.6257802362254501, 0.5249351214721261, 0.925, 0.925, 0.5441567271525652, 0.6609094436980646, 0.7509039306640625, 0.8035493451475662, 0.7766441544696081, 0.9740538230583824, 0.8568990856723159, 1.0, 1.0, 0.6708463260105678, 0.7645910126822335, 0.5777671337127686]
[0.31961649968073924, 0.6257802362254501, 0.5249351214721261, 0.925, 0.925, 0.5441567271525652, 0.6609094436980646, 0.6995524597167969, 0.8995394006581391, 0.8568990856723159, 0.8568990856723159, 1.0, 1.0, 0.8637185451133851, 0.48656061717442106, 0.8717338698250907, 0.6827670931816101]
[0.31961649968073924, 0.6257802362254501, 0.5249351214721261, 0.925, 0.925, 0.5441567271525652, 0.6609094436980646, 0.6164494323730468, 0.9574909240611452, 0.9803038230583824, 1.0, 1.0, 0.928449542836158, 0.7938785780845151, 0.5294177191598075, 0.544590950012207, 0.5402669906616211]
[0.31961649968073924, 0.6257802362254501, 0.5249351214721261, 0.925, 0.925, 0.5441567271525652, 0.6609094436980646, 0.6930554962158203, 0.8157927764965228, 0.5391074909300211, 0.5391074909300211, 1.0, 1.0, 0.6825846523255786, 0.4794178009033203, 0.544590950012207, 0.5402669906616211]
[0.31961649968073924, 0.6257802362254501, 0.5249351214721261, 0.925, 0.925, 0.5441567271525652, 0.6609094436980646, 0.7845039367675781, 0.6628832955636299, 0.6157659343531825, 0.6157659343531825, 1.0, 1.0, 0.8637185451133851, 0.3665605272565569, 0.5945910045078823, 0.4027670621871948]
[0.31961649968073924, 0.6257802362254501, 0.5249351214721261, 0.925, 0.925, 0.5441567271525652, 0.6609094436980646, 0.6246554565429687, 0.6471736418754787, 0.5391074909300211, 0.5391074909300211, 1.0, 1.0, 0.5178092945058758, 0.4794178009033203, 0.6803053447178432, 0.4715169668197632]
[0.31961649968073924, 0.6257802362254501, 0.5249351214721261, 0.925, 0.925, 0.5441567271525652, 0.6609094436980646, 0.6233039855957031, 0.7944551238342386, 0.6157659343531825, 0.6157659343531825, 1.0, 1.0, 0.6825846523255786, 0.4794178009033203, 0.544590950012207, 0.46901702880859375]
[0.31961649968073924, 0.6257802362254501, 0.5249351214721261, 0.925, 0.925, 0.5441567271525652, 0.6609094436980646, 0.6457039642333985, 0.7944551238342386, 0.6157659343531825, 0.6157659343531825, 1.0, 1.0, 0.6825846523255786, 0.4794178009033203, 0.544590950012207, 0.6165170669555664]
[0.31961649968073924, 0.6257802362254501, 0.5249351214721261, 0.925, 0.925, 0.5441567271525652, 0.6609094436980646, 0.757552490234375, 0.7848476538016821, 0.8848095646447752, 1.0, 0.8568990856723159, 0.928449542836158, 1.0, 0.6708463260105678, 0.6645909718104771, 0.4027670621871948]
[0.31961649968073924, 0.6257802362254501, 0.5249351214721261, 0.925, 0.925, 0.5441567271525652, 0.6609094436980646, 0.5323523712158204, 0.75030672226495, 0.6896419971018741, 0.6896419971018741, 1.0, 1.0, 0.6466849029800663, 0.4794178009033203, 0.8617338453020368, 0.43276703357696533]
[0.31961649968073924, 0.6257802362254501, 0.5249351214721261, 0.925, 0.925, 0.5441567271525652, 0.6609094436980646, 0.6691525268554688, 0.7400615348509432, 0.8853198019137842, 1.0, 0.8568990856723159, 0.9870269115291912, 1.0, 0.6708463260105678, 0.6317337581089565, 0.47151708602905273]
[0.31961649968073924, 0.6257802362254501, 0.5249351214721261, 0.925, 0.925, 0.5441567271525652, 0.6609094436980646, 0.6954554748535157, 0.8846988995489563, 0.6157659343531825, 0.6157659343531825, 1.0, 1.0, 0.8637185451133851, 0.48656061717442106, 0.6574479511805943, 0.4027670621871948]
[0.31961649968073924, 0.6257802362254501, 0.5249351214721261, 0.925, 0.925, 0.5441567271525652, 0.6609094436980646, 0.5323523712158204, 0.75030672226495, 0.6896419971018741, 0.6896419971018741, 1.0, 1.0, 0.6466849029800663, 0.4794178009033203, 0.8617338453020368, 0.43276703357696533]
[0.31961649968073924, 0.6257802362254501, 0.5249351214721261, 0.925, 0.925, 0.5441567271525652, 0.6609094436980646, 0.6457039642333985, 0.7944551238342386, 0.6157659343531825, 0.6157659343531825, 1.0, 1.0, 0.6825846523255786, 0.4794178009033203, 0.544590950012207, 0.6165170669555664]
[0.31961649968073924, 0.6257802362254501, 0.5249351214721261, 0.925, 0.925, 0.5441567271525652, 0.6609094436980646, 0.6123523712158203, 0.6187318851294896, 0.6896419971018741, 0.6896419971018741, 1.0, 1.0, 0.5178092945058758, 0.4794178009033203, 0.7517339161464146, 0.5990170240402222]
[0.31961649968073924, 0.6257802362254501, 0.5249351214721261, 0.925, 0.925, 0.5441567271525652, 0.6609094436980646, 0.6797039031982421, 0.75030672226495, 0.6896419971018741, 0.6896419971018741, 1.0, 1.0, 0.6466849029800663, 0.4794178009033203, 0.7845909936087472, 0.5765171051025391]
[0.31961649968073924, 0.6257802362254501, 0.5249351214721261, 0.925, 0.925, 0.5441567271525652, 0.6609094436980646, 0.765952377319336, 0.7848476538016821, 0.7469357777569527, 1.0, 0.9740538230583824, 0.8078829671765912, 1.0, 0.5422749519348145, 0.8717338698250907, 0.6477670669555664]
[0.31961649968073924, 0.6257802362254501, 0.5249351214721261, 0.925, 0.925, 0.5441567271525652, 0.6609094436980646, 0.507552490234375, 0.5726113281962893, 0.7766441544696081, 0.7766441544696081, 0.9740538230583824, 1.0, 1.0, 0.35941764286586214, 0.7017338616507394, 0.31151700019836426]
[0.31961649968073924, 0.6257802362254501, 0.5249351214721261, 0.925, 0.925, 0.5441567271525652, 0.6609094436980646, 0.7833039855957031, 1.0119105106233532, 0.7766441544696081, 0.7766441544696081, 1.0, 1.0, 0.8213853871494472, 0.3222747530255999, 0.8217338153294155, 0.6902671456336975]
[0.31961649968073924, 0.6257802362254501, 0.5249351214721261, 0.925, 0.925, 0.5441567271525652, 0.6609094436980646, 0.7456494140625, 0.6505208378801112, 0.9740538230583824, 0.9740538230583824, 1.0, 1.0, 0.8637185451133851, 0.3665605272565569, 0.6317337581089565, 0.44026708602905273]
[0.31961649968073924, 0.6257802362254501, 0.5249351214721261, 0.925, 0.925, 0.5441567271525652, 0.6609094436980646, 0.5721039581298828, 0.6628832955636299, 0.6157659343531825, 0.6157659343531825, 1.0, 1.0, 0.8637185451133851, 0.48656061717442106, 0.7017338616507394, 0.4827669858932495]
[0.31961649968073924, 0.6257802362254501, 0.5249351214721261, 0.925, 0.925, 0.5441567271525652, 0.6609094436980646, 0.4536494445800781, 0.7017321453581327, 0.8568990856723159, 0.8568990856723159, 1.0, 1.0, 0.7212553701134878, 0.4794178009033203, 0.7845909254891532, 0.5777671337127686]
[0.31961649968073924, 0.6257802362254501, 0.5249351214721261, 0.925, 0.925, 0.5441567271525652, 0.6609094436980646, 0.6227524566650391, 0.6610480473448961, 0.7766441544696081, 0.7766441544696081, 1.0, 1.0, 0.928449542836158, 0.6079891749790737, 0.7017338616507394, 0.5952670574188232]
[0.31961649968073924, 0.6257802362254501, 0.5249351214721261, 0.925, 0.925, 0.5441567271525652, 0.6609094436980646, 0.6347525024414062, 0.7041866015627674, 0.7766441544696081, 0.7766441544696081, 1.0, 1.0, 0.6079765569631574, 0.4794178009033203, 0.8217338834490094, 0.6515171527862549]
[0.31961649968073924, 0.6257802362254501, 0.5249351214721261, 0.925, 0.925, 0.5441567271525652, 0.6609094436980646, 0.5648494720458984, 0.8493221109762564, 0.9740538230583824, 1.0, 1.0, 0.7166155311362163, 0.8213853871494472, 0.3222747530255999, 0.8003052983965192, 0.5015170574188232]
[0.31961649968073924, 0.6257802362254501, 0.5249351214721261, 0.925, 0.925, 0.5441567271525652, 0.6609094436980646, 0.7333039093017578, 0.8571977030513308, 0.7766441544696081, 0.7766441544696081, 1.0, 1.0, 0.928449542836158, 0.7179891722542899, 0.8003052983965192, 0.6165170669555664]
[0.31961649968073924, 0.6257802362254501, 0.5249351214721261, 0.925, 0.925, 0.5441567271525652, 0.6609094436980646, 0.5614009094238281, 0.6561746769923426, 0.8568990856723159, 0.8568990856723159, 1.0, 1.0, 0.5549858176497309, 0.4794178009033203, 0.6317337581089565, 0.6827670931816101]
[0.31961649968073924, 0.6257802362254501, 0.5249351214721261, 0.925, 0.925, 0.5441567271525652, 0.6609094436980646, 0.7471524047851562, 0.9755270189147703, 0.8568990856723159, 0.9740538230583824, 1.0, 1.0, 0.8637185451133851, 0.3665605272565569, 0.8217338834490094, 0.6827670931816101]
[0.31961649968073924, 0.6257802362254501, 0.5249351214721261, 0.925, 0.925, 0.5441567271525652, 0.6609094436980646, 0.6848494720458984, 0.7400615348509432, 0.8568990856723159, 1.0, 1.0, 0.8078829671765912, 0.8637185451133851, 0.3665605272565569, 0.7017338616507394, 0.5752670764923096]
[0.31961649968073924, 0.6257802362254501, 0.5249351214721261, 0.925, 0.925, 0.5441567271525652, 0.6609094436980646, 0.6848494720458984, 0.7400615348509432, 0.8568990856723159, 1.0, 1.0, 0.8078829671765912, 0.8637185451133851, 0.3665605272565569, 0.7017338616507394, 0.5752670764923096]
[0.31961649968073924, 0.6257802362254501, 0.5249351214721261, 0.925, 0.925, 0.5441567271525652, 0.6609094436980646, 0.1867950439453125, 0.18728515937062007, 1.0, 1.0, 1.0, 0.15802185321896067, 0.15802185321896067, 0.4794178009033203, 0.7017338616507394, 0.5015170574188232]
[0.31961649968073924, 0.6257802362254501, 0.5249351214721261, 0.925, 0.925, 0.5441567271525652, 0.6609094436980646, 0.5316494750976563, 0.5618246470559897, 0.9740538230583824, 0.9740538230583824, 1.0, 1.0, 0.47890624060047127, 0.4794178009033203, 0.7017338616507394, 0.6302671432495117]
[0.31961649968073924, 0.6257802362254501, 0.5249351214721261, 0.925, 0.925, 0.5441567271525652, 0.6609094436980646, 0.6842009735107422, 0.7848476538016821, 0.8848095646447752, 1.0, 1.0, 0.928449542836158, 0.6825846523255786, 0.4794178009033203, 0.6574480874197823, 0.5402669906616211]
[0.31961649968073924, 0.6257802362254501, 0.5249351214721261, 0.925, 0.925, 0.5441567271525652, 0.6609094436980646, 0.5095523834228516, 0.75030672226495, 0.6896419971018741, 0.6896419971018741, 1.0, 1.0, 0.6466849029800663, 0.4794178009033203, 0.6231622695922852, 0.3340170383453369]
[0.31961649968073924, 0.6257802362254501, 0.5249351214721261, 0.925, 0.925, 0.5441567271525652, 0.6609094436980646, 0.45829795837402343, 0.45300802389268174, 0.8922955326692157, 1.0, 1.0, 0.888322077234804, 0.37147661701938883, 0.4794178009033203, 0.7017338616507394, 0.3640170097351074]
[0.31961649968073924, 0.6257802362254501, 0.5249351214721261, 0.925, 0.925, 0.5441567271525652, 0.6609094436980646, 0.7715524291992187, 0.8035493451475662, 0.8568990856723159, 0.9740538230583824, 1.0, 1.0, 0.928449542836158, 0.7179891722542899, 0.7445910317557198, 0.6827670931816101]
[0.31961649968073924, 0.6257802362254501, 0.5249351214721261, 0.925, 0.925, 0.5441567271525652, 0.6609094436980646, 0.7030009460449219, 0.8493221109762564, 0.9740538230583824, 1.0, 1.0, 0.9870269115291912, 0.7938785780845151, 0.5294177191598075, 0.7017338616507394, 0.40776705741882324]
[0.31961649968073924, 0.6257802362254501, 0.5249351214721261, 0.925, 0.925, 0.5441567271525652, 0.6609094436980646, 0.7295524597167968, 0.5869352492695165, 0.6896419971018741, 0.6896419971018741, 1.0, 1.0, 0.47890624060047127, 0.4794178009033203, 0.7145910263061523, 0.6165170669555664]
[0.31961649968073924, 0.6257802362254501, 0.5249351214721261, 0.925, 0.925, 0.5441567271525652, 0.6609094436980646, 0.3820494079589844, 0.3671405846765212, 0.8568990856723159, 0.8568990856723159, 0.9740538230583824, 1.0, 1.0, 0.5422749519348145, 0.7017338616507394, 0.6390171051025391]
[0.31961649968073924, 0.6257802362254501, 0.5249351214721261, 0.925, 0.925, 0.5441567271525652, 0.6609094436980646, 0.6690010070800781, 0.8483347557890224, 0.8568990856723159, 0.9740538230583824, 1.0, 1.0, 0.7569195613071553, 0.4794178009033203, 0.573162351335798, 0.5565170049667358]
[0.31961649968073924, 0.6257802362254501, 0.5249351214721261, 0.925, 0.925, 0.5441567271525652, 0.6609094436980646, 0.6711524963378906, 0.8571977030513308, 0.7766441544696081, 0.7766441544696081, 1.0, 1.0, 0.8637185451133851, 0.3665605272565569, 0.544590950012207, 0.5015170574188232]
[0.31961649968073924, 0.6257802362254501, 0.5249351214721261, 0.925, 0.925, 0.5441567271525652, 0.6609094436980646, 0.7083950042724609, 0.7041866015627674, 0.7766441544696081, 0.7766441544696081, 1.0, 1.0, 0.8637185451133851, 0.5137034824916294, 0.7017338616507394, 0.7002670764923096]
[0.31961649968073924, 0.6257802362254501, 0.5249351214721261, 0.925, 0.925, 0.5441567271525652, 0.6609094436980646, 0.59650390625, 0.6187318851294896, 0.6896419971018741, 0.6896419971018741, 0.9740538230583824, 1.0, 1.0, 0.5494177682059151, 0.7017338616507394, 0.43901705741882324]
[0.31961649968073924, 0.6257802362254501, 0.5249351214721261, 0.925, 0.925, 0.5441567271525652, 0.6609094436980646, 0.5404920196533203, 0.34999658625807006, 0.7766441544696081, 0.7766441544696081, 1.0, 1.0, 0.2953096196552466, 0.7979891640799386, 0.7017338616507394, 0.6165170669555664]
[0.31961649968073924, 0.6257802362254501, 0.5249351214721261, 0.925, 0.925, 0.5441567271525652, 0.6609094436980646, 0.5701039123535157, 0.5385407318851798, 0.6896419971018741, 0.6896419971018741, 0.8568990856723159, 1.0, 1.0, 0.4794177327837263, 0.7017338616507394, 0.5127670764923096]
[0.31961649968073924, 0.6257802362254501, 0.5249351214721261, 0.925, 0.925, 0.5441567271525652, 0.6609094436980646, 0.8282554626464844, 0.9488354529450211, 0.6896419971018741, 0.6896419971018741, 1.0, 1.0, 0.7938785780845151, 0.5294177191598075, 0.8217338153294155, 0.6865171194076538]
[0.31961649968073924, 0.6257802362254501, 0.5249351214721261, 0.925, 0.925, 0.5441567271525652, 0.6609094436980646, 0.7492920684814454, 0.7400615348509432, 0.9803038230583824, 1.0, 1.0, 0.928449542836158, 0.6466849029800663, 0.780846391405378, 0.8217338153294155, 0.6390171051025391]
[0.31961649968073924, 0.6257802362254501, 0.5249351214721261, 0.925, 0.925, 0.5441567271525652, 0.6609094436980646, 0.6224494171142578, 0.7400615348509432, 0.9740538230583824, 1.0, 1.0, 0.7695537454650105, 0.6466849029800663, 0.4794178009033203, 0.6645909718104771, 0.5752670764923096]
[0.31961649968073924, 0.6257802362254501, 0.5249351214721261, 0.925, 0.925, 0.5441567271525652, 0.6609094436980646, 0.7633039855957031, 0.8571977030513308, 0.7766441544696081, 0.7766441544696081, 1.0, 1.0, 0.928449542836158, 0.7179891722542899, 0.8645909854343959, 0.6165170669555664]
[0.31961649968073924, 0.6257802362254501, 0.5249351214721261, 0.925, 0.925, 0.5441567271525652, 0.6609094436980646, 0.5701039123535157, 0.5385407318851798, 0.6896419971018741, 0.6896419971018741, 0.8568990856723159, 1.0, 1.0, 0.6937034470694405, 0.7017338616507394, 0.43901705741882324]
[0.31961649968073924, 0.6257802362254501, 0.5249351214721261, 0.925, 0.925, 0.5441567271525652, 0.6609094436980646, 0.5100494384765625, 0.5618246470559897, 0.9740538230583824, 0.9740538230583824, 1.0, 1.0, 0.8637185451133851, 0.5365606035505023, 0.7017338616507394, 0.5777671337127686]
[0.31961649968073924, 0.6257802362254501, 0.5249351214721261, 0.925, 0.925, 0.5441567271525652, 0.6609094436980646, 0.6013039398193359, 0.7513195005789809, 0.6157659343531825, 0.6157659343531825, 1.0, 1.0, 0.7938785780845151, 0.5294177191598075, 0.7017338616507394, 0.3840169906616211]
[0.31961649968073924, 0.6257802362254501, 0.5249351214721261, 0.925, 0.925, 0.5441567271525652, 0.6609094436980646, 0.7010009765625, 0.8493221109762564, 0.9740538230583824, 1.0, 1.0, 0.9870269115291912, 0.928449542836158, 0.6779892104012626, 0.8217338834490094, 0.5765171051025391]
[0.31961649968073924, 0.6257802362254501, 0.5249351214721261, 0.925, 0.925, 0.5441567271525652, 0.6609094436980646, 0.7325039672851562, 0.7041866015627674, 0.7766441544696081, 0.7766441544696081, 1.0, 1.0, 0.6079765569631574, 0.4794178009033203, 0.8003052983965192, 0.7502670884132385]
[0.31961649968073924, 0.6257802362254501, 0.5249351214721261, 0.925, 0.925, 0.5441567271525652, 0.6609094436980646, 0.6219949340820312, 0.6187318851294896, 0.6896419971018741, 0.6896419971018741, 1.0, 1.0, 0.8637185451133851, 0.5579891204833984, 0.7017338616507394, 0.7527670860290527]
[0.31961649968073924, 0.6257802362254501, 0.5249351214721261, 0.925, 0.925, 0.5441567271525652, 0.6609094436980646, 0.5711524963378907, 0.7497437093107868, 0.7766441544696081, 0.7766441544696081, 1.0, 1.0, 0.8637185451133851, 0.48656061717442106, 0.7017338616507394, 0.421517014503479]
[0.31961649968073924, 0.6257802362254501, 0.5249351214721261, 0.925, 0.925, 0.5441567271525652, 0.6609094436980646, 0.5985039520263672, 0.6310866790141682, 0.6157659343531825, 0.6157659343531825, 1.0, 1.0, 0.5178092945058758, 0.4794178009033203, 0.7517339161464146, 0.43901705741882324]
[0.31961649968073924, 0.6257802362254501, 0.5249351214721261, 0.925, 0.925, 0.5441567271525652, 0.6609094436980646, 0.7362008666992188, 0.8493221109762564, 0.8922955326692157, 1.0, 1.0, 0.888322077234804, 0.928449542836158, 0.6779892104012626, 0.6574480874197823, 0.6477670669555664]
[0.31961649968073924, 0.6257802362254501, 0.5249351214721261, 0.925, 0.925, 0.5441567271525652, 0.6609094436980646, 0.5627523803710938, 0.7017321453581327, 0.8568990856723159, 0.8568990856723159, 0.8568990856723159, 1.0, 1.0, 0.6208463396344867, 0.6803053447178432, 0.6390171051025391]
[0.31961649968073924, 0.6257802362254501, 0.5249351214721261, 0.925, 0.925, 0.5441567271525652, 0.6609094436980646, 0.5184494018554687, 0.7579788539222944, 0.9740538230583824, 0.9740538230583824, 1.0, 1.0, 0.6466849029800663, 0.4794178009033203, 0.7774481092180524, 0.5777671337127686]
[0.31961649968073924, 0.6257802362254501, 0.5249351214721261, 0.925, 0.925, 0.5441567271525652, 0.6609094436980646, 0.5297039794921875, 0.5054246446694264, 0.6157659343531825, 0.6157659343531825, 0.9740538230583824, 1.0, 1.0, 0.5422749519348145, 0.7017338616507394, 0.4027670621871948]
[0.31961649968073924, 0.6257802362254501, 0.5249351214721261, 0.925, 0.925, 0.5441567271525652, 0.6609094436980646, 0.4814009094238281, 0.8091897503807004, 0.8568990856723159, 0.8568990856723159, 1.0, 1.0, 0.8213853871494472, 0.28798907143729074, 0.6231622695922852, 0.6390171051025391]
[0.31961649968073924, 0.6257802362254501, 0.5249351214721261, 0.925, 0.925, 0.5441567271525652, 0.6609094436980646, 0.8145039367675782, 0.8995394006581391, 0.7766441544696081, 0.8568990856723159, 1.0, 1.0, 0.7569195613071553, 0.4794178009033203, 0.6803052084786552, 0.6390171051025391]
[0.31961649968073924, 0.6257802362254501, 0.5249351214721261, 0.925, 0.925, 0.5441567271525652, 0.6609094436980646, 0.6183523559570312, 0.8995394006581391, 0.8568990856723159, 0.8568990856723159, 0.9740538230583824, 1.0, 1.0, 0.5422749519348145, 0.7631624085562569, 0.6827670931816101]
[0.31961649968073924, 0.6257802362254501, 0.5249351214721261, 0.925, 0.925, 0.5441567271525652, 0.6609094436980646, 0.4770008850097656, 0.6561746769923426, 0.8568990856723159, 0.8568990856723159, 0.9740538230583824, 1.0, 1.0, 0.5422749519348145, 0.6803053447178432, 0.6390171051025391]
[0.31961649968073924, 0.6257802362254501, 0.5249351214721261, 0.925, 0.925, 0.5441567271525652, 0.6609094436980646, 0.675000991821289, 0.8493221109762564, 0.8922955326692157, 1.0, 1.0, 0.7166155311362163, 0.928449542836158, 0.7179891722542899, 0.8403053283691406, 0.5015170574188232]
[0.31961649968073924, 0.6257802362254501, 0.5249351214721261, 0.925, 0.925, 0.5441567271525652, 0.6609094436980646, 0.62650390625, 0.7958637745776058, 0.6896419971018741, 0.6896419971018741, 1.0, 1.0, 0.8637185451133851, 0.296560423714774, 0.7517339161464146, 0.7027671337127686]
[0.31961649968073924, 0.6257802362254501, 0.5249351214721261, 0.925, 0.925, 0.5441567271525652, 0.6609094436980646, 0.5830009460449219, 0.6944909480756736, 0.9740538230583824, 1.0, 0.9740538230583824, 0.9870269115291912, 1.0, 0.5494177682059151, 0.7017338616507394, 0.5765171051025391]
[0.31961649968073924, 0.6257802362254501, 0.5249351214721261, 0.925, 0.925, 0.5441567271525652, 0.6609094436980646, 0.7809040069580078, 0.9474954898314136, 0.7766441544696081, 0.7766441544696081, 1.0, 1.0, 0.7938785780845151, 0.5294177191598075, 0.8217338153294155, 0.8052670955657959]
[0.31961649968073924, 0.6257802362254501, 0.5249351214721261, 0.925, 0.925, 0.5441567271525652, 0.6609094436980646, 0.6395524597167969, 0.6157194434040361, 0.7766441544696081, 0.7766441544696081, 1.0, 1.0, 0.5178092945058758, 0.4794178009033203, 0.7517339161464146, 0.8465170860290527]
[0.31961649968073924, 0.6257802362254501, 0.5249351214721261, 0.925, 0.925, 0.5441567271525652, 0.6609094436980646, 0.5610009765625, 0.5414753323382416, 0.8848095646447752, 1.0, 0.8568990856723159, 0.928449542836158, 1.0, 0.6208463396344867, 0.7017338616507394, 0.31151700019836426]
[0.31961649968073924, 0.6257802362254501, 0.5249351214721261, 0.925, 0.925, 0.5441567271525652, 0.6609094436980646, 0.6447525024414062, 0.7944342817197065, 0.7766441544696081, 0.7766441544696081, 1.0, 1.0, 0.8213853871494472, 0.3222747530255999, 0.7017338616507394, 0.6902671456336975]
[0.31961649968073924, 0.6257802362254501, 0.5249351214721261, 0.925, 0.925, 0.5441567271525652, 0.6609094436980646, 0.49820098876953123, 0.5726113281962893, 0.7766441544696081, 0.7766441544696081, 1.0, 1.0, 0.47890624060047127, 0.4794178009033203, 0.7017338616507394, 0.6690171360969543]
[0.31961649968073924, 0.6257802362254501, 0.5249351214721261, 0.925, 0.925, 0.5441567271525652, 0.6609094436980646, 0.5208494567871094, 0.8035493451475662, 0.9740538230583824, 0.9740538230583824, 1.0, 1.0, 0.7938785780845151, 0.5294177191598075, 0.8145909990583148, 0.5777671337127686]
[0.31961649968073924, 0.6257802362254501, 0.5249351214721261, 0.925, 0.925, 0.5441567271525652, 0.6609094436980646, 0.7038009643554688, 0.8091897503807004, 0.8568990856723159, 0.8568990856723159, 1.0, 1.0, 0.6825846523255786, 0.4794178009033203, 0.7145910263061523, 0.6202670335769653]
[0.31961649968073924, 0.6257802362254501, 0.5249351214721261, 0.925, 0.925, 0.5441567271525652, 0.6609094436980646, 0.5199524688720704, 0.49242017132873267, 0.7766441544696081, 0.7766441544696081, 0.8568990856723159, 1.0, 1.0, 0.7408462933131627, 0.7017338616507394, 0.5215170383453369]
[0.31961649968073924, 0.6257802362254501, 0.5249351214721261, 0.925, 0.925, 0.5441567271525652, 0.6609094436980646, 0.6251524353027343, 0.7944342817197065, 0.7766441544696081, 0.7766441544696081, 1.0, 1.0, 0.928449542836158, 0.7179891722542899, 0.6574480874197823, 0.5952670574188232]
[0.31961649968073924, 0.6257802362254501, 0.5249351214721261, 0.925, 0.925, 0.5441567271525652, 0.6609094436980646, 0.5385890197753906, 0.3781032633952912, 0.9803038230583824, 1.0, 1.0, 0.928449542836158, 0.2953096196552466, 0.83798919405256, 0.7017338616507394, 0.4027670621871948]
[0.31961649968073924, 0.6257802362254501, 0.5249351214721261, 0.925, 0.925, 0.5441567271525652, 0.6609094436980646, 0.6032494354248047, 0.8493221109762564, 0.9740538230583824, 1.0, 1.0, 0.7166155311362163, 0.7938785780845151, 0.5294177191598075, 0.8717338698250907, 0.5015170574188232]
[0.31961649968073924, 0.6257802362254501, 0.5249351214721261, 0.925, 0.925, 0.5441567271525652, 0.6609094436980646, 0.5297039794921875, 0.5047500711357199, 0.5391074909300211, 0.5391074909300211, 1.0, 1.0, 0.4258828725207636, 0.4794178009033203, 0.7017338616507394, 0.9190170764923096]
[0.31961649968073924, 0.6257802362254501, 0.5249351214721261, 0.925, 0.925, 0.5441567271525652, 0.6609094436980646, 0.7102009582519532, 0.6610480473448961, 0.7766441544696081, 0.7766441544696081, 1.0, 1.0, 0.5549858176497309, 0.4794178009033203, 0.544590950012207, 0.6165170669555664]
[0.31961649968073924, 0.6257802362254501, 0.5249351214721261, 0.925, 0.925, 0.5441567271525652, 0.6609094436980646, 0.569649429321289, 0.7848476538016821, 0.8568990856723159, 1.0, 1.0, 0.7695537454650105, 0.6825846523255786, 0.4794178009033203, 0.7017338616507394, 0.5752670764923096]
[0.31961649968073924, 0.6257802362254501, 0.5249351214721261, 0.925, 0.925, 0.5441567271525652, 0.6609094436980646, 0.6027524566650391, 0.7944342817197065, 0.7766441544696081, 0.7766441544696081, 1.0, 1.0, 0.8637185451133851, 0.3665605272565569, 0.6803053447178432, 0.689017117023468]
[0.31961649968073924, 0.6257802362254501, 0.5249351214721261, 0.925, 0.925, 0.5441567271525652, 0.6609094436980646, 0.6447525024414062, 0.7944342817197065, 0.7766441544696081, 0.7766441544696081, 1.0, 1.0, 0.8213853871494472, 0.3222747530255999, 0.7017338616507394, 0.7002671360969543]
[0.31961649968073924, 0.6257802362254501, 0.5249351214721261, 0.925, 0.925, 0.5441567271525652, 0.6609094436980646, 0.5792494964599609, 0.6944909480756736, 0.8932650963317723, 1.0, 1.0, 0.8448209985509371, 0.8637185451133851, 0.3665605272565569, 0.7017338616507394, 0.46276700496673584]
[0.31961649968073924, 0.6257802362254501, 0.5249351214721261, 0.925, 0.925, 0.5441567271525652, 0.6609094436980646, 0.6794009399414063, 0.8035493451475662, 0.8568990856723159, 0.9740538230583824, 1.0, 1.0, 0.8637185451133851, 0.3665605272565569, 0.6803053447178432, 0.5277670621871948]
[0.31961649968073924, 0.6257802362254501, 0.5249351214721261, 0.925, 0.925, 0.5441567271525652, 0.6609094436980646, 0.6329039001464843, 0.75030672226495, 0.6896419971018741, 0.6896419971018741, 1.0, 1.0, 0.6466849029800663, 0.4794178009033203, 0.5788766316005162, 0.5077669620513916]
[0.31961649968073924, 0.6257802362254501, 0.5249351214721261, 0.925, 0.925, 0.5441567271525652, 0.6609094436980646, 0.48658897399902346, 0.5414753323382416, 0.9740538230583824, 1.0, 1.0, 0.7695537454650105, 0.47890624060047127, 0.9079892294747489, 0.7017338616507394, 0.5577670335769653]
[0.31961649968073924, 0.6257802362254501, 0.5249351214721261, 0.925, 0.925, 0.5441567271525652, 0.6609094436980646, 0.647552490234375, 0.9027612601928944, 0.7766441544696081, 0.7766441544696081, 1.0, 1.0, 0.8213853871494472, 0.3222747530255999, 0.8217338834490094, 0.6165170669555664]
[0.31961649968073924, 0.6257802362254501, 0.5249351214721261, 0.925, 0.925, 0.5441567271525652, 0.6609094436980646, 0.6867524719238282, 0.9640076230311659, 0.8568990856723159, 0.8568990856723159, 1.0, 1.0, 0.7938785780845151, 0.5294177191598075, 0.6803053447178432, 0.6390171051025391]
[0.31961649968073924, 0.6257802362254501, 0.5249351214721261, 0.925, 0.925, 0.5441567271525652, 0.6609094436980646, 0.5416494750976563, 0.7400615348509432, 0.9740538230583824, 1.0, 1.0, 0.9870269115291912, 0.8637185451133851, 0.3665605272565569, 0.7017338616507394, 0.5452671051025391]
[0.31961649968073924, 0.6257802362254501, 0.5249351214721261, 0.925, 0.925, 0.5441567271525652, 0.6609094436980646, 0.5579524230957031, 0.6187318851294896, 0.6896419971018741, 0.6896419971018741, 1.0, 1.0, 0.8637185451133851, 0.3665605272565569, 0.7017338616507394, 0.6990171074867249]
[0.31961649968073924, 0.6257802362254501, 0.5249351214721261, 0.925, 0.925, 0.5441567271525652, 0.6609094436980646, 0.5559523773193359, 0.7958637745776058, 0.6896419971018741, 0.6896419971018741, 1.0, 1.0, 0.7212553701134878, 0.4794178009033203, 0.7845909254891532, 0.5565170049667358]
[0.31961649968073924, 0.6257802362254501, 0.5249351214721261, 0.925, 0.925, 0.5441567271525652, 0.6609094436980646, 0.6571524047851562, 0.8091897503807004, 0.8568990856723159, 0.8568990856723159, 0.9740538230583824, 1.0, 1.0, 0.5665606771196637, 0.8217338153294155, 0.7727670669555664]
[0.31961649968073924, 0.6257802362254501, 0.5249351214721261, 0.925, 0.925, 0.5441567271525652, 0.6609094436980646, 0.7346434783935547, 0.7579788539222944, 0.9740538230583824, 0.9740538230583824, 1.0, 1.0, 0.8637185451133851, 0.6408463205610003, 0.7017338616507394, 0.7977671027183533]
[0.31961649968073924, 0.6257802362254501, 0.5249351214721261, 0.925, 0.925, 0.5441567271525652, 0.6609094436980646, 0.6355524444580078, 0.7041866015627674, 0.7766441544696081, 0.7766441544696081, 1.0, 1.0, 0.928449542836158, 0.7179891722542899, 0.7017338616507394, 0.7190171480178833]
[0.31961649968073924, 0.6257802362254501, 0.5249351214721261, 0.925, 0.925, 0.5441567271525652, 0.6609094436980646, 0.7172069549560547, 0.8157927764965228, 0.5391074909300211, 0.5391074909300211, 0.9740538230583824, 1.0, 1.0, 0.5665606771196637, 0.8617338453020368, 0.54401695728302]
[0.31961649968073924, 0.6257802362254501, 0.5249351214721261, 0.925, 0.925, 0.5441567271525652, 0.6609094436980646, 0.7091524505615234, 0.8493221109762564, 0.8932650963317723, 1.0, 0.8568990856723159, 0.8448209985509371, 1.0, 0.6708463260105678, 0.8617338453020368, 0.5015170574188232]
[0.31961649968073924, 0.6257802362254501, 0.5249351214721261, 0.925, 0.925, 0.5441567271525652, 0.6609094436980646, 0.4600494384765625, 0.6049633293770224, 0.9740538230583824, 0.9740538230583824, 0.9740538230583824, 1.0, 1.0, 0.5422749519348145, 0.7017338616507394, 0.6515171527862549]
[0.31961649968073924, 0.6257802362254501, 0.5249351214721261, 0.925, 0.925, 0.5441567271525652, 0.6609094436980646, 0.6843524169921875, 0.8483347557890224, 0.8568990856723159, 0.9740538230583824, 0.8568990856723159, 1.0, 1.0, 0.4794177327837263, 0.8217338153294155, 0.6515171527862549]
[0.31961649968073924, 0.6257802362254501, 0.5249351214721261, 0.925, 0.925, 0.5441567271525652, 0.6609094436980646, 0.6871524047851563, 0.8483347557890224, 0.8568990856723159, 0.9740538230583824, 0.8568990856723159, 1.0, 1.0, 0.6937034470694405, 0.8217338153294155, 0.6615170836448669]
[0.31961649968073924, 0.6257802362254501, 0.5249351214721261, 0.925, 0.925, 0.5441567271525652, 0.6609094436980646, 0.7628495025634766, 0.7513195005789809, 0.6157659343531825, 0.6157659343531825, 1.0, 1.0, 0.8637185451133851, 0.7279891967773438, 0.7017338616507394, 0.5015170574188232]
[0.31961649968073924, 0.6257802362254501, 0.5249351214721261, 0.925, 0.925, 0.5441567271525652, 0.6609094436980646, 0.8148069763183594, 1.0118311490736547, 0.5391074909300211, 0.5391074909300211, 1.0, 1.0, 0.8213853871494472, 0.3222747530255999, 0.8217338153294155, 0.5402669906616211]
[0.31961649968073924, 0.6257802362254501, 0.5249351214721261, 0.925, 0.925, 0.5441567271525652, 0.6609094436980646, 0.6403524780273437, 0.8571977030513308, 0.7766441544696081, 0.7766441544696081, 1.0, 1.0, 0.928449542836158, 0.7179891722542899, 0.8217338153294155, 0.645267128944397]
[0.31961649968073924, 0.6257802362254501, 0.5249351214721261, 0.925, 0.925, 0.5441567271525652, 0.6609094436980646, 0.7226009368896484, 0.7848476538016821, 0.8932650963317723, 1.0, 1.0, 0.8448209985509371, 0.6825846523255786, 0.4794178009033203, 0.50030517578125, 0.5015170574188232]
[0.31961649968073924, 0.6257802362254501, 0.5249351214721261, 0.925, 0.925, 0.5441567271525652, 0.6609094436980646, 0.7315524291992187, 0.8493221109762564, 0.8853198019137842, 1.0, 0.8568990856723159, 0.9870269115291912, 1.0, 0.6708463260105678, 0.8717338698250907, 0.6065170764923096]
[0.31961649968073924, 0.6257802362254501, 0.5249351214721261, 0.925, 0.925, 0.5441567271525652, 0.6609094436980646, 0.409097900390625, 0.45300802389268174, 0.9740538230583824, 1.0, 0.9740538230583824, 0.888322077234804, 1.0, 0.5665606771196637, 0.7017338616507394, 0.6477671265602112]
[0.31961649968073924, 0.6257802362254501, 0.5249351214721261, 0.925, 0.925, 0.5441567271525652, 0.6609094436980646, 0.8068495178222657, 0.7902055016375942, 0.4332310622724327, 0.4332310622724327, 1.0, 1.0, 0.8637185451133851, 0.5137034824916294, 0.7017338616507394, 0.8702670931816101]
[0.31961649968073924, 0.6257802362254501, 0.5249351214721261, 0.925, 0.925, 0.5441567271525652, 0.6609094436980646, 0.5674009704589844, 0.8035493451475662, 0.9740538230583824, 0.9740538230583824, 0.9740538230583824, 1.0, 1.0, 0.5665606771196637, 0.8174481391906738, 0.5565170049667358]
[0.31961649968073924, 0.6257802362254501, 0.5249351214721261, 0.925, 0.925, 0.5441567271525652, 0.6609094436980646, 0.7030010223388672, 0.7848476538016821, 0.8096307672378475, 1.0, 1.0, 0.928449542836158, 0.6825846523255786, 0.4794178009033203, 0.7845909936087472, 0.4027670621871948]
[0.31961649968073924, 0.6257802362254501, 0.5249351214721261, 0.925, 0.925, 0.5441567271525652, 0.6609094436980646, 0.6695524597167969, 0.6561746769923426, 0.8568990856723159, 0.8568990856723159, 0.9740538230583824, 1.0, 1.0, 0.5422749519348145, 0.6803053447178432, 0.8090171217918396]
[0.31961649968073924, 0.6257802362254501, 0.5249351214721261, 0.925, 0.925, 0.5441567271525652, 0.6609094436980646, 0.6164494323730468, 0.7848476538016821, 0.9803038230583824, 1.0, 1.0, 0.928449542836158, 0.7938785780845151, 0.5294177191598075, 0.544590950012207, 0.5402669906616211]
[0.31961649968073924, 0.6257802362254501, 0.5249351214721261, 0.925, 0.925, 0.5441567271525652, 0.6609094436980646, 0.597552490234375, 0.7041866015627674, 0.7766441544696081, 0.7766441544696081, 0.9740538230583824, 1.0, 1.0, 0.4322748865400042, 0.617447989327567, 0.31151700019836426]
[0.31961649968073924, 0.6257802362254501, 0.5249351214721261, 0.925, 0.925, 0.5441567271525652, 0.6609094436980646, 0.7591524505615235, 0.9120636983289013, 0.8096307672378475, 1.0, 1.0, 0.928449542836158, 0.7569195613071553, 0.4794178009033203, 0.46030521392822266, 0.6452670693397522]
[0.31961649968073924, 0.6257802362254501, 0.5249351214721261, 0.925, 0.925, 0.5441567271525652, 0.6609094436980646, 0.8583525085449218, 0.8400117707571987, 0.6157659343531825, 0.6157659343531825, 1.0, 1.0, 0.8637185451133851, 0.7679891586303711, 0.8717338698250907, 0.4027670621871948]
[0.31961649968073924, 0.6257802362254501, 0.5249351214721261, 0.925, 0.925, 0.5441567271525652, 0.6609094436980646, 0.5985039520263672, 0.6310866790141682, 0.6157659343531825, 0.6157659343531825, 1.0, 1.0, 0.5178092945058758, 0.4794178009033203, 0.7517339161464146, 0.34151697158813477]
[0.31961649968073924, 0.6257802362254501, 0.5249351214721261, 0.925, 0.925, 0.5441567271525652, 0.6609094436980646, 0.5434010314941407, 0.5414753323382416, 0.8853198019137842, 1.0, 0.8568990856723159, 0.9870269115291912, 1.0, 0.4794177327837263, 0.7017338616507394, 0.43276703357696533]
[0.31961649968073924, 0.6257802362254501, 0.5249351214721261, 0.925, 0.925, 0.5441567271525652, 0.6609094436980646, 0.6585039520263671, 0.7041866015627674, 0.7766441544696081, 0.7766441544696081, 0.8568990856723159, 1.0, 1.0, 0.6708463260105678, 0.7517339161464146, 0.7002671360969543]
[0.31961649968073924, 0.6257802362254501, 0.5249351214721261, 0.925, 0.925, 0.5441567271525652, 0.6609094436980646, 0.6430009460449219, 0.695214258578761, 0.9740538230583824, 0.9740538230583824, 1.0, 1.0, 0.6079765569631574, 0.4794178009033203, 0.6817338126046317, 0.6827670931816101]
[0.31961649968073924, 0.6257802362254501, 0.5249351214721261, 0.925, 0.925, 0.5441567271525652, 0.6609094436980646, 0.7634434509277344, 0.7464252807317754, 0.8568990856723159, 0.8568990856723159, 1.0, 1.0, 0.6466849029800663, 0.8051320484706334, 0.8217338153294155, 0.7440170645713806]
[0.31961649968073924, 0.6257802362254501, 0.5249351214721261, 0.925, 0.925, 0.5441567271525652, 0.6609094436980646, 0.7835523986816406, 0.9755270189147703, 0.8568990856723159, 0.9740538230583824, 1.0, 1.0, 0.8637185451133851, 0.3665605272565569, 0.8217338153294155, 0.5090171098709106]
[0.31961649968073924, 0.6257802362254501, 0.5249351214721261, 0.925, 0.925, 0.5441567271525652, 0.6609094436980646, 0.5376493835449219, 0.7579788539222944, 0.9740538230583824, 0.9740538230583824, 1.0, 1.0, 0.928449542836158, 0.6779892104012626, 0.8117338589259556, 0.5777671337127686]
[0.31961649968073924, 0.6257802362254501, 0.5249351214721261, 0.925, 0.925, 0.5441567271525652, 0.6609094436980646, 0.49820098876953123, 0.5726113281962893, 0.7766441544696081, 0.7766441544696081, 1.0, 1.0, 0.47890624060047127, 0.4794178009033203, 0.7017338616507394, 0.7190171480178833]
[0.31961649968073924, 0.6257802362254501, 0.5249351214721261, 0.925, 0.925, 0.5441567271525652, 0.6609094436980646, 0.7943524169921875, 0.8547594965737112, 0.8568990856723159, 0.8568990856723159, 1.0, 1.0, 0.8213853871494472, 0.4794178009033203, 0.7517339161464146, 0.6327670812606812]
[0.31961649968073924, 0.6257802362254501, 0.5249351214721261, 0.925, 0.925, 0.5441567271525652, 0.6609094436980646, 0.6118009948730468, 0.7848476538016821, 0.8848095646447752, 1.0, 0.8568990856723159, 0.928449542836158, 1.0, 0.6708463260105678, 0.44030516488211496, 0.4027670621871948]
[0.31961649968073924, 0.6257802362254501, 0.5249351214721261, 0.925, 0.925, 0.5441567271525652, 0.6609094436980646, 0.735303955078125, 0.9027612601928944, 0.7766441544696081, 0.7766441544696081, 1.0, 1.0, 0.928449542836158, 0.7179891722542899, 0.8003052983965192, 0.5952670574188232]
[0.31961649968073924, 0.6257802362254501, 0.5249351214721261, 0.925, 0.925, 0.5441567271525652, 0.6609094436980646, 0.7612069702148437, 0.727364343978689, 0.5391074909300211, 0.5391074909300211, 1.0, 1.0, 0.6079765569631574, 0.4794178009033203, 0.8003052983965192, 0.8290171027183533]
[0.31961649968073924, 0.6257802362254501, 0.5249351214721261, 0.925, 0.925, 0.5441567271525652, 0.6609094436980646, 0.6367524719238281, 0.7497437093107868, 0.7766441544696081, 0.7766441544696081, 1.0, 1.0, 0.6466849029800663, 0.4794178009033203, 0.8217338153294155, 0.7190171480178833]
[0.31961649968073924, 0.6257802362254501, 0.5249351214721261, 0.925, 0.925, 0.5441567271525652, 0.6609094436980646, 0.7801039886474609, 0.9474954898314136, 0.7766441544696081, 0.7766441544696081, 1.0, 1.0, 0.8637185451133851, 0.3665605272565569, 0.8217338153294155, 0.6902671456336975]
[0.31961649968073924, 0.6257802362254501, 0.5249351214721261, 0.925, 0.925, 0.5441567271525652, 0.6609094436980646, 0.7406009674072266, 0.9574909240611452, 0.8932650963317723, 1.0, 1.0, 0.8448209985509371, 0.7938785780845151, 0.5294177191598075, 0.544590950012207, 0.5015170574188232]
[0.31961649968073924, 0.6257802362254501, 0.5249351214721261, 0.925, 0.925, 0.5441567271525652, 0.6609094436980646, 0.6488494110107422, 0.7848476538016821, 0.9803038230583824, 1.0, 1.0, 0.8448209985509371, 0.928449542836158, 0.5579891886029925, 0.7274481909615653, 0.3640170097351074]
[0.31961649968073924, 0.6257802362254501, 0.5249351214721261, 0.925, 0.925, 0.5441567271525652, 0.6609094436980646, 0.49820098876953123, 0.5726113281962893, 0.7766441544696081, 0.7766441544696081, 1.0, 1.0, 0.47890624060047127, 0.4794178009033203, 0.7017338616507394, 0.7190171480178833]
[0.31961649968073924, 0.6257802362254501, 0.5249351214721261, 0.925, 0.925, 0.5441567271525652, 0.6609094436980646, 0.5579524230957031, 0.6187318851294896, 0.6896419971018741, 0.6896419971018741, 1.0, 1.0, 0.8637185451133851, 0.3665605272565569, 0.7017338616507394, 0.6177670955657959]
[0.31961649968073924, 0.6257802362254501, 0.5249351214721261, 0.925, 0.925, 0.5441567271525652, 0.6609094436980646, 0.6498009490966797, 0.8493221109762564, 0.7841420382831898, 1.0, 1.0, 0.7695537454650105, 0.8637185451133851, 0.48656061717442106, 0.6317337581089565, 0.5752670764923096]
[0.31961649968073924, 0.6257802362254501, 0.5249351214721261, 0.925, 0.925, 0.5441567271525652, 0.6609094436980646, 0.5819524383544922, 0.6157194434040361, 0.7766441544696081, 0.7766441544696081, 1.0, 1.0, 0.8637185451133851, 0.3665605272565569, 0.7017338616507394, 0.645267128944397]
[0.31961649968073924, 0.6257802362254501, 0.5249351214721261, 0.925, 0.925, 0.5441567271525652, 0.6609094436980646, 0.6074009704589843, 0.7400615348509432, 0.9740538230583824, 1.0, 0.9740538230583824, 0.9870269115291912, 1.0, 0.5665606771196637, 0.8217338834490094, 0.5765171051025391]
[0.31961649968073924, 0.6257802362254501, 0.5249351214721261, 0.925, 0.925, 0.5441567271525652, 0.6609094436980646, 0.6857039642333984, 0.7513195005789809, 0.6157659343531825, 0.6157659343531825, 1.0, 1.0, 0.6466849029800663, 0.4794178009033203, 0.6231622695922852, 0.4577670097351074]
[0.31961649968073924, 0.6257802362254501, 0.5249351214721261, 0.925, 0.925, 0.5441567271525652, 0.6609094436980646, 0.6402009582519531, 0.7579788539222944, 0.8568990856723159, 0.9740538230583824, 1.0, 1.0, 0.6466849029800663, 0.4794178009033203, 0.8217338153294155, 0.5090171098709106]
[0.31961649968073924, 0.6257802362254501, 0.5249351214721261, 0.925, 0.925, 0.5441567271525652, 0.6609094436980646, 0.7145039367675782, 0.7958637745776058, 0.6896419971018741, 0.6896419971018741, 1.0, 1.0, 0.6825846523255786, 0.4794178009033203, 0.6645909718104771, 0.5077669620513916]
[0.31961649968073924, 0.6257802362254501, 0.5249351214721261, 0.925, 0.925, 0.5441567271525652, 0.6609094436980646, 0.6778009796142578, 0.5726113281962893, 0.7766441544696081, 0.7766441544696081, 1.0, 1.0, 0.8637185451133851, 0.3665605272565569, 0.7517339161464146, 0.4027670621871948]
[0.31961649968073924, 0.6257802362254501, 0.5249351214721261, 0.925, 0.925, 0.5441567271525652, 0.6609094436980646, 0.6706009674072265, 0.7579788539222944, 0.9740538230583824, 0.9740538230583824, 1.0, 1.0, 0.8637185451133851, 0.3665605272565569, 0.7017338616507394, 0.7765170931816101]
[0.31961649968073924, 0.6257802362254501, 0.5249351214721261, 0.925, 0.925, 0.5441567271525652, 0.6609094436980646, 0.47389793395996094, 0.7848476538016821, 0.9740538230583824, 1.0, 1.0, 0.7695537454650105, 0.6825846523255786, 0.4794178009033203, 0.544590950012207, 0.5577670335769653]
[0.31961649968073924, 0.6257802362254501, 0.5249351214721261, 0.925, 0.925, 0.5441567271525652, 0.6609094436980646, 0.6411524963378906, 0.44026858313409045, 0.6157659343531825, 0.6157659343531825, 1.0, 1.0, 0.37147661701938883, 0.4794178009033203, 0.6317337581089565, 0.5077669620513916]
[0.6083694223257212, 0.6402146247470416, 0.8125464917610495, 0.9252812037177843, 0.9273124224133857, 0.8695652173913043, 0.8695652173913043, 0.41380096435546876, 0.589917283977099, 0.842260513586725, 0.842260513586725, 1.0, 1.0, 0.5396234871545815, 0.5994177545819964, 0.4945908955165318, 0.5090169906616211]
[0.6083694223257212, 0.6402146247470416, 0.8125464917610495, 0.9252812037177843, 0.9273124224133857, 0.8695652173913043, 0.8695652173913043, 0.45955238342285154, 0.5458287158280468, 0.7646891092475044, 0.7646891092475044, 1.0, 1.0, 0.902912614134819, 0.4079890932355608, 0.4945908955165318, 0.7177671194076538]
[0.6083694223257212, 0.6402146247470416, 0.8125464917610495, 0.9252812037177843, 0.9273124224133857, 0.8695652173913043, 0.8695652173913043, 0.19119491577148437, 0.1875624831988425, 1.0, 1.0, 1.0, 0.15825584519902336, 0.15825584519902336, 0.5994177545819964, 0.4945908955165318, 0.6415171027183533]
[0.7873318364070012, 0.8451078106562393, 0.058947669172372395, 0.05747397744306308, 0.925, 0.8695652173913043, 0.7348763570923821, 0.584449462890625, 0.6672507075673548, 0.9740538230583824, 0.9740538230583824, 1.0, 1.0, 0.7965473326625425, 0.6779892104012626, 0.6474479947771344, 0.4790170192718506]
[0.7873318364070012, 0.8451078106562393, 0.058947669172372395, 0.05747397744306308, 0.925, 0.8695652173913043, 0.7348763570923821, 0.6649039459228515, 0.9179458935730106, 0.6988564548404212, 0.6988564548404212, 1.0, 1.0, 0.7965473326625425, 0.6779892104012626, 0.557447978428432, 0.6690171360969543]
[0.7873318364070012, 0.8451078106562393, 0.058947669172372395, 0.05747397744306308, 0.925, 0.8695652173913043, 0.7348763570923821, 0.5815524291992188, 0.5972124618720698, 0.8053018617371086, 0.8053018617371086, 1.0, 1.0, 0.8550353208648266, 0.45370353971208843, 0.46601949419294086, 0.4102671146392822]
[0.7873318364070012, 0.8451078106562393, 0.058947669172372395, 0.05747397744306308, 0.925, 0.8695652173913043, 0.7348763570923821, 0.48220100402832033, 0.8343022611966256, 0.8853198019137842, 0.8853198019137842, 1.0, 1.0, 0.8251594894124014, 0.6308463641575405, 0.50030517578125, 0.3415170907974243]
[0.7873318364070012, 0.8451078106562393, 0.058947669172372395, 0.05747397744306308, 0.925, 0.8695652173913043, 0.7348763570923821, 0.44524948120117186, 0.48671141888540786, 0.9141705576972651, 1.0, 0.9803038230583824, 0.4106627596845629, 1.0, 0.5437034879411969, 0.4903052193777902, 0.4590170383453369]
[0.7873318364070012, 0.8451078106562393, 0.058947669172372395, 0.05747397744306308, 0.925, 0.8695652173913043, 0.7348763570923821, 0.564449462890625, 0.744095397365795, 0.9740538230583824, 0.9740538230583824, 1.0, 1.0, 0.6774249963135416, 0.6779892104012626, 0.46601949419294086, 0.4990171194076538]
[0.7873318364070012, 0.8451078106562393, 0.058947669172372395, 0.05747397744306308, 0.925, 0.8695652173913043, 0.7348763570923821, 0.42389793395996095, 0.6164744843976344, 0.8922955326692157, 1.0, 1.0, 0.703288416129978, 0.5565742655092996, 0.6779892104012626, 0.49173382350376676, 0.4590170383453369]
[0.7873318364070012, 0.8451078106562393, 0.058947669172372395, 0.05747397744306308, 0.925, 0.8695652173913043, 0.7348763570923821, 0.6391524505615235, 0.7759602977914107, 0.6988564548404212, 0.6988564548404212, 1.0, 1.0, 0.7306564391002253, 0.6779892104012626, 0.6231624058314732, 0.4102671146392822]
[0.7873318364070012, 0.8451078106562393, 0.058947669172372395, 0.05747397744306308, 0.925, 0.8695652173913043, 0.7348763570923821, 0.7574009704589844, 0.7387439371161049, 0.8922955326692157, 1.0, 1.0, 0.9870269115291912, 0.6774249963135416, 0.6779892104012626, 0.6574480874197823, 0.390267014503479]
[0.7873318364070012, 0.8451078106562393, 0.058947669172372395, 0.05747397744306308, 0.925, 0.8695652173913043, 0.7348763570923821, 0.6929039764404297, 0.6616930703408384, 0.6988564548404212, 0.6988564548404212, 1.0, 1.0, 0.6230054689591465, 0.6779892104012626, 0.4217338562011719, 0.390267014503479]
[0.7873318364070012, 0.8451078106562393, 0.058947669172372395, 0.05747397744306308, 0.925, 0.8695652173913043, 0.7348763570923821, 0.5469039916992188, 0.5187455936922918, 0.5900092509832362, 0.5900092509832362, 0.9803038230583824, 1.0, 1.0, 0.6537034852164132, 0.46601949419294086, 0.5477670431137085]
[0.7873318364070012, 0.8451078106562393, 0.058947669172372395, 0.05747397744306308, 0.925, 0.8695652173913043, 0.7348763570923821, 0.7442009735107422, 0.7895193527954597, 0.8853198019137842, 0.9740538230583824, 1.0, 1.0, 0.7306564391002253, 0.6779892104012626, 0.5788766316005162, 0.6627671718597412]
[0.7873318364070012, 0.8451078106562393, 0.058947669172372395, 0.05747397744306308, 0.925, 0.8695652173913043, 0.7348763570923821, 0.7566010284423829, 0.7895193527954597, 0.9740538230583824, 0.9740538230583824, 1.0, 1.0, 0.7306564391002253, 0.6779892104012626, 0.5788766316005162, 0.6127671003341675]
[0.7873318364070012, 0.8451078106562393, 0.058947669172372395, 0.05747397744306308, 0.925, 0.8695652173913043, 0.7348763570923821, 0.5412493896484375, 0.8332907777454053, 0.9740538230583824, 0.9740538230583824, 1.0, 1.0, 0.8550353208648266, 0.5508463723318917, 0.3088767187935965, 0.4790170192718506]
[0.7873318364070012, 0.8451078106562393, 0.058947669172372395, 0.05747397744306308, 0.925, 0.8695652173913043, 0.7348763570923821, 0.5031524658203125, 0.564663281748768, 0.8053018617371086, 0.8053018617371086, 0.9803038230583824, 1.0, 1.0, 0.590846334184919, 0.46601949419294086, 0.3690171241760254]
[0.7873318364070012, 0.8451078106562393, 0.058947669172372395, 0.05747397744306308, 0.925, 0.8695652173913043, 0.7348763570923821, 0.49284942626953127, 0.7387439371161049, 0.8932650963317723, 1.0, 0.9803038230583824, 0.660251312776671, 1.0, 0.6537034852164132, 0.6203051975795201, 0.4590170383453369]
[0.7873318364070012, 0.8451078106562393, 0.058947669172372395, 0.05747397744306308, 0.925, 0.8695652173913043, 0.7348763570923821, 0.6303524780273437, 0.8534655824939871, 0.8053018617371086, 0.8053018617371086, 1.0, 1.0, 0.8925962926292903, 0.5579892567225865, 0.3088767187935965, 0.4102671146392822]
[0.7873318364070012, 0.8451078106562393, 0.058947669172372395, 0.05747397744306308, 0.925, 0.8695652173913043, 0.7348763570923821, 0.7468495178222656, 0.7825200744019805, 0.9740538230583824, 1.0, 1.0, 0.9026509308685543, 0.7306564391002253, 0.6779892104012626, 0.7331624031066895, 0.5965170860290527]
[0.7873318364070012, 0.8451078106562393, 0.058947669172372395, 0.05747397744306308, 0.925, 0.8695652173913043, 0.7348763570923821, 0.4652494812011719, 0.7895193527954597, 0.9740538230583824, 0.9740538230583824, 1.0, 1.0, 0.7965473326625425, 0.6779892104012626, 0.5945908682686942, 0.5352671146392822]
[0.7873318364070012, 0.8451078106562393, 0.058947669172372395, 0.05747397744306308, 0.925, 0.8695652173913043, 0.7348763570923821, 0.5414009857177734, 0.5822761052160975, 0.8853198019137842, 0.8853198019137842, 1.0, 1.0, 0.8550353208648266, 0.5951320784432548, 0.4903052193777902, 0.29151713848114014]
[0.7873318364070012, 0.8451078106562393, 0.058947669172372395, 0.05747397744306308, 0.925, 0.8695652173913043, 0.7348763570923821, 0.4072495269775391, 0.6672507075673548, 0.9740538230583824, 0.9740538230583824, 1.0, 1.0, 0.6230054689591465, 0.6779892104012626, 0.50030517578125, 0.44401705265045166]
[0.7873318364070012, 0.8451078106562393, 0.058947669172372395, 0.05747397744306308, 0.925, 0.8695652173913043, 0.7348763570923821, 0.6553038787841797, 0.6616930703408384, 0.6988564548404212, 0.6988564548404212, 1.0, 1.0, 0.8550353208648266, 0.5751320975167411, 0.46601949419294086, 0.390267014503479]
[0.7873318364070012, 0.8451078106562393, 0.058947669172372395, 0.05747397744306308, 0.925, 0.8695652173913043, 0.7348763570923821, 0.1903948974609375, 0.18724664947399408, 1.0, 1.0, 1.0, 0.1579893604936825, 0.1579893604936825, 0.6779892104012626, 0.46601949419294086, 0.4590170383453369]
[0.7873318364070012, 0.8451078106562393, 0.058947669172372395, 0.05747397744306308, 0.925, 0.8695652173913043, 0.7348763570923821, 0.6453038787841797, 0.7113392220361492, 0.6988564548404212, 0.6988564548404212, 1.0, 1.0, 0.8251594894124014, 0.6951320511954171, 0.4903052193777902, 0.4965170621871948]
[0.7873318364070012, 0.8451078106562393, 0.058947669172372395, 0.05747397744306308, 0.925, 0.8695652173913043, 0.7348763570923821, 0.6878009796142578, 0.8776434030086657, 0.8848095646447752, 1.0, 1.0, 0.7405116212885617, 0.8550353208648266, 0.5951320784432548, 0.6703052520751953, 0.38276708126068115]
[0.7873318364070012, 0.8451078106562393, 0.058947669172372395, 0.05747397744306308, 0.925, 0.8695652173913043, 0.7348763570923821, 0.5524494934082032, 0.8332907777454053, 0.9740538230583824, 0.9740538230583824, 1.0, 1.0, 0.8925962926292903, 0.4794178009033203, 0.3088767187935965, 0.4790170192718506]
[0.7873318364070012, 0.8451078106562393, 0.058947669172372395, 0.05747397744306308, 0.925, 0.8695652173913043, 0.7348763570923821, 0.5031524658203125, 0.564663281748768, 0.8053018617371086, 0.8053018617371086, 0.9803038230583824, 1.0, 1.0, 0.590846334184919, 0.46601949419294086, 0.38901710510253906]
[0.7873318364070012, 0.8451078106562393, 0.058947669172372395, 0.05747397744306308, 0.925, 0.8695652173913043, 0.7348763570923821, 0.5509039306640625, 0.5206938034453384, 0.4810232425771235, 0.4810232425771235, 1.0, 1.0, 0.4393353966570043, 0.6779892104012626, 0.46601949419294086, 0.7390170693397522]
[0.7873318364070012, 0.8451078106562393, 0.058947669172372395, 0.05747397744306308, 0.925, 0.8695652173913043, 0.7348763570923821, 0.5469039916992188, 0.5187455936922918, 0.5900092509832362, 0.5900092509832362, 0.9803038230583824, 1.0, 1.0, 0.590846334184919, 0.46601949419294086, 0.7215171456336975]
[0.7873318364070012, 0.8451078106562393, 0.058947669172372395, 0.05747397744306308, 0.925, 0.8695652173913043, 0.7348763570923821, 0.4670008850097656, 0.5313961405591108, 0.8053018617371086, 0.8053018617371086, 1.0, 1.0, 0.8925962926292903, 0.5579892567225865, 0.46601949419294086, 0.5840171575546265]
[0.7873318364070012, 0.8451078106562393, 0.058947669172372395, 0.05747397744306308, 0.925, 0.8695652173913043, 0.7348763570923821, 0.43029792785644533, 0.6933192842424118, 0.9740538230583824, 1.0, 1.0, 0.703288416129978, 0.6230054689591465, 0.6779892104012626, 0.6103052411760602, 0.4590170383453369]
[0.7873318364070012, 0.8451078106562393, 0.058947669172372395, 0.05747397744306308, 0.925, 0.8695652173913043, 0.7348763570923821, 0.6785039520263672, 0.9179458935730106, 0.6988564548404212, 0.6988564548404212, 1.0, 1.0, 0.8925962926292903, 0.5579892567225865, 0.6203051975795201, 0.390267014503479]
[0.7873318364070012, 0.8451078106562393, 0.058947669172372395, 0.05747397744306308, 0.925, 0.8695652173913043, 0.7348763570923821, 0.6486008453369141, 0.5822761052160975, 0.8853198019137842, 0.8853198019137842, 1.0, 1.0, 0.8925962926292903, 0.5579892567225865, 0.4031622750418527, 0.44026708602905273]
[0.7873318364070012, 0.8451078106562393, 0.058947669172372395, 0.05747397744306308, 0.925, 0.8695652173913043, 0.7348763570923821, 0.6755524444580078, 0.8780414847619918, 0.8853198019137842, 0.8853198019137842, 1.0, 1.0, 0.8550353208648266, 0.5951320784432548, 0.50030517578125, 0.4590170383453369]
[0.7873318364070012, 0.8451078106562393, 0.058947669172372395, 0.05747397744306308, 0.925, 0.8695652173913043, 0.7348763570923821, 0.6391524505615235, 0.7759602977914107, 0.6988564548404212, 0.6988564548404212, 1.0, 1.0, 0.7306564391002253, 0.6779892104012626, 0.6231624058314732, 0.7015171051025391]
[0.7873318364070012, 0.8451078106562393, 0.058947669172372395, 0.05747397744306308, 0.925, 0.8695652173913043, 0.7348763570923821, 0.5794009399414063, 0.8780414847619918, 0.8853198019137842, 0.8853198019137842, 1.0, 1.0, 0.7965473326625425, 0.6779892104012626, 0.4060194832938058, 0.44026708602905273]
[0.7873318364070012, 0.8451078106562393, 0.058947669172372395, 0.05747397744306308, 0.925, 0.8695652173913043, 0.7348763570923821, 0.6030009460449218, 0.48784148948448935, 0.8053018617371086, 0.9740538230583824, 1.0, 1.0, 0.4798550944596791, 0.6779892104012626, 0.46601949419294086, 0.6515171527862549]
[0.7873318364070012, 0.8451078106562393, 0.058947669172372395, 0.05747397744306308, 0.925, 0.8695652173913043, 0.7348763570923821, 0.4930009460449219, 0.564663281748768, 0.8053018617371086, 0.8053018617371086, 1.0, 1.0, 0.8550353208648266, 0.7551320620945522, 0.46601949419294086, 0.6252671480178833]
[0.7873318364070012, 0.8451078106562393, 0.058947669172372395, 0.05747397744306308, 0.925, 0.8695652173913043, 0.7348763570923821, 0.6338008880615235, 0.7888830763778775, 0.8853198019137842, 0.8853198019137842, 1.0, 1.0, 0.8550353208648266, 0.5951320784432548, 0.6574480874197823, 0.29151713848114014]
[0.7873318364070012, 0.8451078106562393, 0.058947669172372395, 0.05747397744306308, 0.925, 0.8695652173913043, 0.7348763570923821, 0.559649429321289, 0.7825200744019805, 0.8932650963317723, 1.0, 1.0, 0.7950046254916181, 0.8550353208648266, 0.5951320784432548, 0.46601949419294086, 0.6165170669555664]
[0.4426933053823618, 0.6850810158135131, 0.8867403166047947, 0.9678715292233531, 0.8670541642837793, 0.8695652173913043, 0.8695652173913043, 0.19479507446289063, 0.19170649490186414, 1.0, 1.0, 1.0, 0.16175235507344787, 0.16175235507344787, 0.6565606253487724, 0.41887664794921875, 0.5577670335769653]
[0.4426933053823618, 0.6850810158135131, 0.8867403166047947, 0.9678715292233531, 0.8670541642837793, 0.8695652173913043, 0.8695652173913043, 0.6909040069580078, 0.8584702767675957, 0.5807668691292023, 0.5807668691292023, 1.0, 1.0, 0.7584931097424528, 0.6565606253487724, 0.617448125566755, 0.8440170884132385]
[0.4426933053823618, 0.6850810158135131, 0.8867403166047947, 0.9678715292233531, 0.8670541642837793, 0.8695652173913043, 0.8695652173913043, 0.5788494873046875, 0.816343126932417, 0.9803038230583824, 1.0, 1.0, 0.7903834345646011, 0.902912614134819, 0.5365606035505023, 0.46601949419294086, 0.390267014503479]
[0.4426933053823618, 0.6850810158135131, 0.8867403166047947, 0.9678715292233531, 0.8670541642837793, 0.8695652173913043, 0.8695652173913043, 0.6262010955810546, 0.8433205545432174, 0.8853198019137842, 0.8853198019137842, 1.0, 1.0, 0.7584931097424528, 0.6565606253487724, 0.8003052983965192, 0.5965170860290527]
[0.6240454805814303, 0.679110120999529, 0.9032537032338411, 0.925, 0.9204507446296954, 0.5905305399995905, 0.8695652173913043, 0.5626010131835938, 0.7189689151256615, 0.8853198019137842, 0.8853198019137842, 1.0, 1.0, 0.5808115707985709, 0.5508463723318917, 0.411733763558524, 0.5777671337127686]
[0.6240454805814303, 0.679110120999529, 0.9032537032338411, 0.925, 0.9204507446296954, 0.5905305399995905, 0.8695652173913043, 0.5662008666992188, 0.5902808422391315, 0.8853198019137842, 0.8853198019137842, 1.0, 1.0, 0.47817797019338537, 0.5508463723318917, 0.48173373086111887, 0.5702670812606812]
[0.6240454805814303, 0.679110120999529, 0.9032537032338411, 0.925, 0.9204507446296954, 0.5905305399995905, 0.8695652173913043, 0.4770010375976563, 0.49384309352484057, 0.8853198019137842, 0.8853198019137842, 0.9803038230583824, 1.0, 1.0, 0.6879891668047223, 0.531733785356794, 0.5952670574188232]
[0.6240454805814303, 0.679110120999529, 0.9032537032338411, 0.925, 0.9204507446296954, 0.5905305399995905, 0.8695652173913043, 0.5766009521484375, 0.8402175601535709, 0.8853198019137842, 0.8853198019137842, 1.0, 1.0, 0.6621806464309796, 0.5508463723318917, 0.6103052411760602, 0.47151708602905273]
[0.6240454805814303, 0.679110120999529, 0.9032537032338411, 0.925, 0.9204507446296954, 0.5905305399995905, 0.8695652173913043, 0.5174008178710937, 0.6678809016368235, 0.8853198019137842, 0.8853198019137842, 0.9803038230583824, 1.0, 1.0, 0.4665606362479074, 0.48173373086111887, 0.5015170574188232]
[0.6240454805814303, 0.679110120999529, 0.9032537032338411, 0.925, 0.9204507446296954, 0.5905305399995905, 0.8695652173913043, 0.4454010009765625, 0.8131731570116214, 0.822125341293295, 0.822125341293295, 1.0, 1.0, 0.6621806464309796, 0.5508463723318917, 0.531733785356794, 0.5402669906616211]
[0.6240454805814303, 0.679110120999529, 0.9032537032338411, 0.925, 0.9204507446296954, 0.5905305399995905, 0.8695652173913043, 0.4372494506835938, 0.5902808422391315, 0.8853198019137842, 0.8853198019137842, 1.0, 1.0, 0.8078829671765912, 0.5265606471470424, 0.531733785356794, 0.7352671027183533]
[0.6240454805814303, 0.679110120999529, 0.9032537032338411, 0.925, 0.9204507446296954, 0.5905305399995905, 0.8695652173913043, 0.5807525634765625, 0.8840315555630497, 0.8853198019137842, 0.8853198019137842, 0.9803038230583824, 1.0, 1.0, 0.4094176973615374, 0.34887668064662386, 0.3340170383453369]
[0.6240454805814303, 0.679110120999529, 0.9032537032338411, 0.925, 0.9204507446296954, 0.5905305399995905, 0.8695652173913043, 0.5741038513183594, 0.7636289018887128, 0.822125341293295, 0.8853198019137842, 0.8096307672378475, 1.0, 1.0, 0.4379892349243164, 0.5917337962559291, 0.47151708602905273]
[0.6240454805814303, 0.679110120999529, 0.9032537032338411, 0.925, 0.9204507446296954, 0.5905305399995905, 0.8695652173913043, 0.2055950927734375, 0.2010804943089655, 1.0, 1.0, 1.0, 0.16966166707318964, 0.16966166707318964, 0.5508463723318917, 0.531733785356794, 0.6065170764923096]
[0.6240454805814303, 0.679110120999529, 0.9032537032338411, 0.925, 0.9204507446296954, 0.5905305399995905, 0.8695652173913043, 0.5334008026123047, 0.7988858398818276, 0.8303775414625476, 1.0, 0.8096307672378475, 0.7401872807627764, 1.0, 0.5108463423592704, 0.48173373086111887, 0.6065170764923096]
[0.6240454805814303, 0.679110120999529, 0.9032537032338411, 0.925, 0.9204507446296954, 0.5905305399995905, 0.8695652173913043, 0.4655524444580078, 0.4424194372159687, 0.7392584068870289, 0.7392584068870289, 0.9803038230583824, 1.0, 1.0, 0.530846391405378, 0.531733785356794, 0.47151708602905273]
[0.6240454805814303, 0.679110120999529, 0.9032537032338411, 0.925, 0.9204507446296954, 0.5905305399995905, 0.8695652173913043, 0.665303955078125, 0.8897575789221134, 0.822125341293295, 0.822125341293295, 0.9803038230583824, 1.0, 1.0, 0.4665606362479074, 0.48173373086111887, 0.5015170574188232]
[0.6240454805814303, 0.679110120999529, 0.9032537032338411, 0.925, 0.9204507446296954, 0.5905305399995905, 0.8695652173913043, 0.7303524780273437, 0.8840315555630497, 0.8853198019137842, 0.8853198019137842, 1.0, 1.0, 0.7276473781778288, 0.5508463723318917, 0.4031622750418527, 0.6390171051025391]
[0.6394298612154448, 0.6474558467640475, 0.688920084918561, 0.671697082795597, 0.925, 0.8695652173913043, 0.4341242822829856, 0.5978981018066406, 0.851493285785065, 0.9803038230583824, 1.0, 1.0, 0.7184474598811486, 0.8763977204142813, 0.5994177545819964, 0.8260195595877511, 0.6415171027183533]
[0.6394298612154448, 0.6474558467640475, 0.688920084918561, 0.671697082795597, 0.925, 0.8695652173913043, 0.4341242822829856, 0.2979949951171875, 0.28880463320301564, 1.0, 1.0, 1.0, 0.24367890926504443, 0.24367890926504443, 0.4794177327837263, 0.8331624439784459, 0.6415171027183533]
[0.4639634704589844, 0.6801320169349206, 0.006411327341971047, 0.00625104415842177, 0.9678715292233531, 0.8695652173913043, 0.8695652173913043, 0.4724494171142578, 0.7684071441817458, 0.8568990856723159, 1.0, 1.0, 0.7945560145297567, 0.8537994933384543, 0.5365606035505023, 0.50030517578125, 0.5015170574188232]
[0.4639634704589844, 0.6801320169349206, 0.006411327341971047, 0.00625104415842177, 0.9678715292233531, 0.8695652173913043, 0.8695652173913043, 0.6943524932861328, 0.8641003263877638, 0.8922955326692157, 0.8922955326692157, 1.0, 1.0, 0.8537994933384543, 0.5365606035505023, 0.6574480874197823, 0.3527669906616211]
[0.4639634704589844, 0.6801320169349206, 0.006411327341971047, 0.00625104415842177, 0.9678715292233531, 0.8695652173913043, 0.8695652173913043, 0.6058433532714844, 0.605293739143499, 0.8922955326692157, 0.9740538230583824, 0.9740538230583824, 1.0, 1.0, 0.6937034470694405, 0.41601957593645367, 0.48151707649230957]
[0.4639634704589844, 0.6801320169349206, 0.006411327341971047, 0.00625104415842177, 0.9678715292233531, 0.8695652173913043, 0.8695652173913043, 0.5089038848876953, 0.8351667125593996, 0.6980118448332182, 0.6980118448332182, 1.0, 1.0, 0.8537994933384543, 0.5365606035505023, 0.41601957593645367, 0.5015170574188232]
[0.4639634704589844, 0.6801320169349206, 0.006411327341971047, 0.00625104415842177, 0.9678715292233531, 0.8695652173913043, 0.8695652173913043, 0.39924934387207034, 0.5265701681446647, 0.8922955326692157, 0.8922955326692157, 1.0, 1.0, 0.4198783131149266, 0.3194176810128348, 0.41601957593645367, 0.3640170097351074]
[0.4639634704589844, 0.6801320169349206, 0.006411327341971047, 0.00625104415842177, 0.9678715292233531, 0.8695652173913043, 0.8695652173913043, 0.36940093994140627, 0.46198511657976615, 0.8922955326692157, 0.8922955326692157, 1.0, 1.0, 0.9870269115291912, 0.3794176919119699, 0.50030517578125, 0.4590170383453369]
[0.4639634704589844, 0.6801320169349206, 0.006411327341971047, 0.00625104415842177, 0.9678715292233531, 0.8695652173913043, 0.8695652173913043, 0.2830009460449219, 0.6566883128958052, 0.8922955326692157, 0.9740538230583824, 0.8922955326692157, 1.0, 1.0, 0.27513190678187777, 0.41601957593645367, 0.4790170192718506]
[0.4639634704589844, 0.6801320169349206, 0.006411327341971047, 0.00625104415842177, 0.9678715292233531, 0.8695652173913043, 0.8695652173913043, 0.45425537109375, 0.43563246710680764, 0.6980118448332182, 0.6980118448332182, 0.8127988257569152, 1.0, 1.0, 0.4322748865400042, 0.50030517578125, 0.4577670097351074]
[0.4639634704589844, 0.6801320169349206, 0.006411327341971047, 0.00625104415842177, 0.9678715292233531, 0.8695652173913043, 0.8695652173913043, 0.5089038848876953, 0.8351667125593996, 0.6980118448332182, 0.6980118448332182, 1.0, 1.0, 0.8537994933384543, 0.5365606035505023, 0.41601957593645367, 0.5015170574188232]
[0.4639634704589844, 0.6801320169349206, 0.006411327341971047, 0.00625104415842177, 0.9678715292233531, 0.8695652173913043, 0.8695652173913043, 0.21924942016601562, 0.2155090580289205, 0.8053018617371086, 0.8053018617371086, 1.0, 1.0, 0.18183576771190169, 0.3194176810128348, 0.50030517578125, 0.21526706218719482]
[0.4639634704589844, 0.6801320169349206, 0.006411327341971047, 0.00625104415842177, 0.9678715292233531, 0.8695652173913043, 0.8695652173913043, 0.44060089111328127, 0.706234824439214, 0.8922955326692157, 0.9740538230583824, 1.0, 1.0, 0.9870269115291912, 0.16227476937430246, 0.31173365456717356, 0.3640170097351074]
[0.4639634704589844, 0.6801320169349206, 0.006411327341971047, 0.00625104415842177, 0.9678715292233531, 0.8695652173913043, 0.8695652173913043, 0.5289039611816406, 0.820127888271748, 0.8053018617371086, 0.8053018617371086, 1.0, 1.0, 0.9870269115291912, 0.3794176919119699, 0.41601957593645367, 0.5015170574188232]
[0.4639634704589844, 0.6801320169349206, 0.006411327341971047, 0.00625104415842177, 0.9678715292233531, 0.8695652173913043, 0.8695652173913043, 0.3972493743896484, 0.706234824439214, 0.9740538230583824, 0.9740538230583824, 1.0, 1.0, 0.6677432859849011, 0.3194176810128348, 0.544590950012207, 0.3640170097351074]
[0.4639634704589844, 0.6801320169349206, 0.006411327341971047, 0.00625104415842177, 0.9678715292233531, 0.8695652173913043, 0.8695652173913043, 0.65324951171875, 0.7222920318591425, 0.9740538230583824, 1.0, 1.0, 0.9026509308685543, 0.9063994128784576, 0.5108463423592704, 0.50030517578125, 0.5577670335769653]
[0.4639634704589844, 0.6801320169349206, 0.006411327341971047, 0.00625104415842177, 0.9678715292233531, 0.8695652173913043, 0.8695652173913043, 0.5393038940429687, 0.8351667125593996, 0.6980118448332182, 0.6980118448332182, 1.0, 1.0, 0.9870269115291912, 0.16227476937430246, 0.2831622532435826, 0.3527669906616211]
[0.4639634704589844, 0.6801320169349206, 0.006411327341971047, 0.00625104415842177, 0.9678715292233531, 0.8695652173913043, 0.8695652173913043, 0.40980087280273436, 0.8590236844377374, 0.9740538230583824, 0.9740538230583824, 1.0, 1.0, 0.8537994933384543, 0.5365606035505023, 0.30316230228969027, 0.3640170097351074]
[0.4639634704589844, 0.6801320169349206, 0.006411327341971047, 0.00625104415842177, 0.9678715292233531, 0.8695652173913043, 0.8695652173913043, 0.5182553863525391, 0.49765258095188497, 0.4801229583578822, 0.4801229583578822, 1.0, 1.0, 0.4198783131149266, 0.3194176810128348, 0.41601957593645367, 0.6190171241760254]
[0.4639634704589844, 0.6801320169349206, 0.006411327341971047, 0.00625104415842177, 0.9678715292233531, 0.8695652173913043, 0.8695652173913043, 0.6181038665771484, 0.8482486391173081, 0.5891120290595133, 0.5891120290595133, 1.0, 1.0, 0.6677432859849011, 0.3194176810128348, 0.7574481282915387, 0.5015170574188232]
[0.4639634704589844, 0.6801320169349206, 0.006411327341971047, 0.00625104415842177, 0.9678715292233531, 0.8695652173913043, 0.8695652173913043, 0.5317038726806641, 0.8351667125593996, 0.6980118448332182, 0.6980118448332182, 1.0, 1.0, 0.8537994933384543, 0.5365606035505023, 0.48030526297433035, 0.3140169382095337]
[0.4639634704589844, 0.6801320169349206, 0.006411327341971047, 0.00625104415842177, 0.9678715292233531, 0.8695652173913043, 0.8695652173913043, 0.44490394592285154, 0.5265736435849023, 0.8053018617371086, 0.8053018617371086, 0.8922955326692157, 1.0, 1.0, 0.4922748974391392, 0.50030517578125, 0.4490170478820801]
[0.4639634704589844, 0.6801320169349206, 0.006411327341971047, 0.00625104415842177, 0.9678715292233531, 0.8695652173913043, 0.8695652173913043, 0.5519524383544921, 0.9059713542079277, 0.8922955326692157, 0.8922955326692157, 1.0, 1.0, 0.8537994933384543, 0.5365606035505023, 0.5360194614955357, 0.44401705265045166]
[0.4639634704589844, 0.6801320169349206, 0.006411327341971047, 0.00625104415842177, 0.9678715292233531, 0.8695652173913043, 0.8695652173913043, 0.39620094299316405, 0.659448444221581, 0.8932650963317723, 1.0, 0.8922955326692157, 0.740061479178941, 1.0, 0.05798912048339844, 0.41601957593645367, 0.43776702880859375]
[0.4639634704589844, 0.6801320169349206, 0.006411327341971047, 0.00625104415842177, 0.9678715292233531, 0.8695652173913043, 0.8695652173913043, 0.6119523620605469, 0.9286904655725079, 0.8053018617371086, 0.8053018617371086, 1.0, 1.0, 0.7875609860722568, 0.4537034715924944, 0.4217338562011719, 0.17401695251464844]
[0.4639634704589844, 0.6801320169349206, 0.006411327341971047, 0.00625104415842177, 0.9678715292233531, 0.8695652173913043, 0.8695652173913043, 0.5089038848876953, 0.8351667125593996, 0.6980118448332182, 0.6980118448332182, 1.0, 1.0, 0.8537994933384543, 0.5365606035505023, 0.41601957593645367, 0.6065170764923096]
[0.4639634704589844, 0.6801320169349206, 0.006411327341971047, 0.00625104415842177, 0.9678715292233531, 0.8695652173913043, 0.8695652173913043, 0.6060919189453124, 0.19704731909485476, 0.8922955326692157, 0.8922955326692157, 0.9740538230583824, 1.0, 1.0, 0.3794176919119699, 0.6574480874197823, 0.3340170383453369]
[0.4639634704589844, 0.6801320169349206, 0.006411327341971047, 0.00625104415842177, 0.9678715292233531, 0.8695652173913043, 0.8695652173913043, 0.3314009094238281, 0.7059966755380735, 0.8922955326692157, 0.8922955326692157, 1.0, 1.0, 0.558720791579502, 0.3194176810128348, 0.30316230228969027, 0.265267014503479]
[0.4639634704589844, 0.6801320169349206, 0.006411327341971047, 0.00625104415842177, 0.9678715292233531, 0.8695652173913043, 0.8695652173913043, 0.22709793090820313, 0.659448444221581, 0.9803038230583824, 1.0, 1.0, 0.6855646399139789, 0.9870269115291912, 0.16227476937430246, 0.41601957593645367, 0.38276708126068115]
[0.4639634704589844, 0.6801320169349206, 0.006411327341971047, 0.00625104415842177, 0.9678715292233531, 0.8695652173913043, 0.8695652173913043, 0.5250554656982422, 0.6421669882510928, 0.4801229583578822, 0.4801229583578822, 1.0, 1.0, 0.9870269115291912, 0.3194176810128348, 0.19887651715959823, 0.43776702880859375]
[0.4639634704589844, 0.6801320169349206, 0.006411327341971047, 0.00625104415842177, 0.9678715292233531, 0.8695652173913043, 0.8695652173913043, 0.4211524200439453, 0.8183304554516847, 0.8922955326692157, 0.8922955326692157, 1.0, 1.0, 0.9870269115291912, 0.16227476937430246, 0.30316230228969027, 0.265267014503479]
[0.4639634704589844, 0.6801320169349206, 0.006411327341971047, 0.00625104415842177, 0.9678715292233531, 0.8695652173913043, 0.8695652173913043, 0.6061039733886718, 0.6556822427414822, 0.8053018617371086, 0.8053018617371086, 1.0, 1.0, 0.9870269115291912, 0.16227476937430246, 0.41601957593645367, 0.7540171146392822]
[0.4639634704589844, 0.6801320169349206, 0.006411327341971047, 0.00625104415842177, 0.9678715292233531, 0.8695652173913043, 0.8695652173913043, 0.5146554565429687, 0.5911559132003814, 0.6980118448332182, 0.6980118448332182, 0.8922955326692157, 1.0, 1.0, 0.4922748974391392, 0.50030517578125, 0.5252670049667358]
[0.4639634704589844, 0.6801320169349206, 0.006411327341971047, 0.00625104415842177, 0.9678715292233531, 0.8695652173913043, 0.8695652173913043, 0.36940086364746094, 0.8151525933083583, 0.9740538230583824, 0.9740538230583824, 1.0, 1.0, 0.9870269115291912, 0.16227476937430246, 0.30316230228969027, 0.3640170097351074]
[0.4639634704589844, 0.6801320169349206, 0.006411327341971047, 0.00625104415842177, 0.9678715292233531, 0.8695652173913043, 0.8695652173913043, 0.3508493041992187, 0.605293739143499, 0.8922955326692157, 0.9740538230583824, 1.0, 1.0, 0.4734920133567835, 0.3194176810128348, 0.528876713344029, 0.4790170192718506]
[0.4639634704589844, 0.6801320169349206, 0.006411327341971047, 0.00625104415842177, 0.9678715292233531, 0.8695652173913043, 0.8695652173913043, 0.3794009399414062, 0.6546024794915043, 0.8922955326692157, 0.8922955326692157, 1.0, 1.0, 0.9870269115291912, 0.16227476937430246, 0.35887650081089567, 0.4027670621871948]
[0.4639634704589844, 0.6801320169349206, 0.006411327341971047, 0.00625104415842177, 0.9678715292233531, 0.8695652173913043, 0.8695652173913043, 0.5918434143066407, 0.5910937177940445, 0.8922955326692157, 0.8922955326692157, 0.9740538230583824, 1.0, 1.0, 0.3794176919119699, 0.41601957593645367, 0.5640170574188232]
[0.4639634704589844, 0.6801320169349206, 0.006411327341971047, 0.00625104415842177, 0.9678715292233531, 0.8695652173913043, 0.8695652173913043, 0.31475234985351563, 0.3058301534161316, 0.8053018617371086, 0.8053018617371086, 0.8922955326692157, 1.0, 1.0, 0.27513190678187777, 0.50030517578125, 0.17401695251464844]
[0.4639634704589844, 0.6801320169349206, 0.006411327341971047, 0.00625104415842177, 0.9678715292233531, 0.8695652173913043, 0.8695652173913043, 0.5346009063720704, 0.8183304554516847, 0.8922955326692157, 0.8922955326692157, 1.0, 1.0, 0.7875609860722568, 0.4537034715924944, 0.50030517578125, 0.520267128944397]
[0.4639634704589844, 0.6801320169349206, 0.006411327341971047, 0.00625104415842177, 0.9678715292233531, 0.8695652173913043, 0.8695652173913043, 0.32084930419921875, 0.5265701681446647, 0.8922955326692157, 0.8922955326692157, 1.0, 1.0, 0.4198783131149266, 0.3194176810128348, 0.41601957593645367, 0.270267128944397]
[0.4639634704589844, 0.6801320169349206, 0.006411327341971047, 0.00625104415842177, 0.9678715292233531, 0.8695652173913043, 0.8695652173913043, 0.36524932861328124, 0.8125210547128638, 0.9803038230583824, 1.0, 1.0, 0.9870269115291912, 0.8537994933384543, 0.5365606035505023, 0.48030526297433035, 0.21526706218719482]
[0.4639634704589844, 0.6801320169349206, 0.006411327341971047, 0.00625104415842177, 0.9678715292233531, 0.8695652173913043, 0.8695652173913043, 0.4224494171142578, 0.659448444221581, 0.8932650963317723, 1.0, 1.0, 0.740061479178941, 0.9870269115291912, 0.16227476937430246, 0.41601957593645367, 0.5640170574188232]
[0.4639634704589844, 0.6801320169349206, 0.006411327341971047, 0.00625104415842177, 0.9678715292233531, 0.8695652173913043, 0.8695652173913043, 0.5382554626464844, 0.6556324401631876, 0.5891120290595133, 0.5891120290595133, 1.0, 1.0, 0.9870269115291912, 0.16227476937430246, 0.41601957593645367, 0.4902670383453369]
[0.4639634704589844, 0.6801320169349206, 0.006411327341971047, 0.00625104415842177, 0.9678715292233531, 0.8695652173913043, 0.8695652173913043, 0.654243392944336, 0.5910937177940445, 0.8922955326692157, 0.8922955326692157, 0.9740538230583824, 1.0, 1.0, 0.6937034470694405, 0.41601957593645367, 0.3640170097351074]
[0.4639634704589844, 0.6801320169349206, 0.006411327341971047, 0.00625104415842177, 0.9678715292233531, 0.8695652173913043, 0.8695652173913043, 0.49475242614746096, 0.6546024794915043, 0.8922955326692157, 0.8922955326692157, 0.8922955326692157, 1.0, 1.0, 0.27513190678187777, 0.41601957593645367, 0.43776702880859375]
[0.4639634704589844, 0.6801320169349206, 0.006411327341971047, 0.00625104415842177, 0.9678715292233531, 0.8695652173913043, 0.8695652173913043, 0.42475242614746095, 0.7202644833437986, 0.6980118448332182, 0.6980118448332182, 1.0, 1.0, 0.558720791579502, 0.3194176810128348, 0.544590950012207, 0.5815171003341675]
[0.4639634704589844, 0.6801320169349206, 0.006411327341971047, 0.00625104415842177, 0.9678715292233531, 0.8695652173913043, 0.8695652173913043, 0.568091812133789, 0.605293739143499, 0.9740538230583824, 0.9740538230583824, 0.9740538230583824, 1.0, 1.0, 0.3794176919119699, 0.41601957593645367, 0.5252670049667358]
[0.4639634704589844, 0.6801320169349206, 0.006411327341971047, 0.00625104415842177, 0.9678715292233531, 0.8695652173913043, 0.8695652173913043, 0.5767523956298828, 0.8183304554516847, 0.8922955326692157, 0.8922955326692157, 1.0, 1.0, 0.8537994933384543, 0.5365606035505023, 0.41601957593645367, 0.5402669906616211]
[0.4639634704589844, 0.6801320169349206, 0.006411327341971047, 0.00625104415842177, 0.9678715292233531, 0.8695652173913043, 0.8695652173913043, 0.6484069061279297, 0.8475034921505369, 0.4801229583578822, 0.4801229583578822, 1.0, 1.0, 0.8537994933384543, 0.5365606035505023, 0.41601957593645367, 0.580267071723938]
[0.4639634704589844, 0.6801320169349206, 0.006411327341971047, 0.00625104415842177, 0.9678715292233531, 0.8695652173913043, 0.8695652173913043, 0.4211524200439453, 0.8183304554516847, 0.8922955326692157, 0.8922955326692157, 1.0, 1.0, 0.9870269115291912, 0.16227476937430246, 0.30316230228969027, 0.3215169906616211]
[0.4639634704589844, 0.6801320169349206, 0.006411327341971047, 0.00625104415842177, 0.9678715292233531, 0.8695652173913043, 0.8695652173913043, 0.5761038970947265, 0.8847040110589601, 0.6980118448332182, 0.6980118448332182, 1.0, 1.0, 0.7875609860722568, 0.4537034715924944, 0.41601957593645367, 0.6165170669555664]
[0.4639634704589844, 0.6801320169349206, 0.006411327341971047, 0.00625104415842177, 0.9678715292233531, 0.8695652173913043, 0.8695652173913043, 0.4211524200439453, 0.8183304554516847, 0.8922955326692157, 0.8922955326692157, 1.0, 1.0, 0.9870269115291912, 0.16227476937430246, 0.30316230228969027, 0.265267014503479]
[0.4639634704589844, 0.6801320169349206, 0.006411327341971047, 0.00625104415842177, 0.9678715292233531, 0.8695652173913043, 0.8695652173913043, 0.3290009307861328, 0.6546024794915043, 0.8922955326692157, 0.8922955326692157, 1.0, 1.0, 0.9870269115291912, 0.16227476937430246, 0.41601957593645367, 0.265267014503479]
[0.4639634704589844, 0.6801320169349206, 0.006411327341971047, 0.00625104415842177, 0.9678715292233531, 0.8695652173913043, 0.8695652173913043, 0.43524932861328125, 0.7684071441817458, 0.9740538230583824, 1.0, 0.9740538230583824, 0.648343527903348, 1.0, 0.6465606008257184, 0.6203051975795201, 0.38276708126068115]
[0.4639634704589844, 0.6801320169349206, 0.006411327341971047, 0.00625104415842177, 0.9678715292233531, 0.8695652173913043, 0.8695652173913043, 0.4967523956298828, 0.5910937177940445, 0.8922955326692157, 0.8922955326692157, 0.9740538230583824, 1.0, 1.0, 0.36941773550851004, 0.41601957593645367, 0.5202670097351074]
[0.4639634704589844, 0.6801320169349206, 0.006411327341971047, 0.00625104415842177, 0.9678715292233531, 0.8695652173913043, 0.8695652173913043, 0.45500091552734373, 0.8125210547128638, 0.9803038230583824, 1.0, 1.0, 0.9870269115291912, 0.9870269115291912, 0.3794176919119699, 0.48030526297433035, 0.21526706218719482]
[0.4639634704589844, 0.6801320169349206, 0.006411327341971047, 0.00625104415842177, 0.9678715292233531, 0.8695652173913043, 0.8695652173913043, 0.3314009094238281, 0.7059966755380735, 0.8922955326692157, 0.8922955326692157, 1.0, 1.0, 0.558720791579502, 0.3194176810128348, 0.30316230228969027, 0.265267014503479]
[0.4639634704589844, 0.6801320169349206, 0.006411327341971047, 0.00625104415842177, 0.9678715292233531, 0.8695652173913043, 0.8695652173913043, 0.6406008911132812, 0.706234824439214, 0.9740538230583824, 0.9740538230583824, 1.0, 1.0, 0.558720791579502, 0.3194176810128348, 0.7045909336635044, 0.46276700496673584]
[0.4639634704589844, 0.6801320169349206, 0.006411327341971047, 0.00625104415842177, 0.9678715292233531, 0.8695652173913043, 0.8695652173913043, 0.6099949645996093, 0.7555398880389698, 0.8922955326692157, 0.8922955326692157, 0.9740538230583824, 1.0, 1.0, 0.6208463396344867, 0.544590950012207, 0.38276708126068115]
[0.4639634704589844, 0.6801320169349206, 0.006411327341971047, 0.00625104415842177, 0.9678715292233531, 0.8695652173913043, 0.8695652173913043, 0.40449188232421873, 0.19704731909485476, 0.8922955326692157, 0.8922955326692157, 0.9740538230583824, 1.0, 1.0, 0.6565605572291783, 0.50030517578125, 0.265267014503479]
[0.4639634704589844, 0.6801320169349206, 0.006411327341971047, 0.00625104415842177, 0.9678715292233531, 0.8695652173913043, 0.8695652173913043, 0.4890009307861328, 0.6546024794915043, 0.8922955326692157, 0.8922955326692157, 1.0, 1.0, 0.9870269115291912, 0.16227476937430246, 0.41601957593645367, 0.3640170097351074]
[0.4639634704589844, 0.6801320169349206, 0.006411327341971047, 0.00625104415842177, 0.9678715292233531, 0.8695652173913043, 0.8695652173913043, 0.547691879272461, 0.6099015581685, 0.8932650963317723, 1.0, 0.9740538230583824, 0.740061479178941, 1.0, 0.6937034470694405, 0.48030526297433035, 0.4590170383453369]
[0.4639634704589844, 0.6801320169349206, 0.006411327341971047, 0.00625104415842177, 0.9678715292233531, 0.8695652173913043, 0.8695652173913043, 0.4846009063720703, 0.7684071441817458, 0.9803038230583824, 1.0, 1.0, 0.9870269115291912, 0.9870269115291912, 0.16227476937430246, 0.5360194614955357, 0.21526706218719482]
[0.4639634704589844, 0.6801320169349206, 0.006411327341971047, 0.00625104415842177, 0.9678715292233531, 0.8695652173913043, 0.8695652173913043, 0.39060081481933595, 0.5265736435849023, 0.8053018617371086, 0.8053018617371086, 1.0, 1.0, 0.4198783131149266, 0.3194176810128348, 0.41601957593645367, 0.4577670097351074]
[0.4639634704589844, 0.6801320169349206, 0.006411327341971047, 0.00625104415842177, 0.9678715292233531, 0.8695652173913043, 0.8695652173913043, 0.4685039520263672, 0.6557409606558954, 0.6980118448332182, 0.6980118448332182, 1.0, 1.0, 0.9870269115291912, 0.16227476937430246, 0.41601957593645367, 0.6415171027183533]
[0.4639634704589844, 0.6801320169349206, 0.006411327341971047, 0.00625104415842177, 0.9678715292233531, 0.8695652173913043, 0.8695652173913043, 0.5861038970947265, 0.8351667125593996, 0.6980118448332182, 0.6980118448332182, 1.0, 1.0, 0.6677432859849011, 0.3194176810128348, 0.573162351335798, 0.12401700019836426]
[0.4639634704589844, 0.6801320169349206, 0.006411327341971047, 0.00625104415842177, 0.9678715292233531, 0.8695652173913043, 0.8695652173913043, 0.5145038604736328, 0.7555398880389698, 0.8053018617371086, 0.8922955326692157, 0.8127988257569152, 1.0, 1.0, 0.3951319285801479, 0.6603052956717355, 0.4027670621871948]
[0.4639634704589844, 0.6801320169349206, 0.006411327341971047, 0.00625104415842177, 0.9678715292233531, 0.8695652173913043, 0.8695652173913043, 0.37500091552734377, 0.7059966755380735, 0.8922955326692157, 0.8922955326692157, 1.0, 1.0, 0.558720791579502, 0.3194176810128348, 0.46030521392822266, 0.4027670621871948]
[0.4639634704589844, 0.6801320169349206, 0.006411327341971047, 0.00625104415842177, 0.9678715292233531, 0.8695652173913043, 0.8695652173913043, 0.5828493499755859, 0.8125210547128638, 0.8932650963317723, 1.0, 1.0, 0.740061479178941, 0.8537994933384543, 0.5365606035505023, 0.6203051975795201, 0.43776702880859375]
[0.4639634704589844, 0.6801320169349206, 0.006411327341971047, 0.00625104415842177, 0.9678715292233531, 0.8695652173913043, 0.8695652173913043, 0.35724945068359376, 0.8125210547128638, 0.9803038230583824, 1.0, 1.0, 0.6855646399139789, 0.9870269115291912, 0.3794176919119699, 0.41601957593645367, 0.38276708126068115]
[0.4639634704589844, 0.6801320169349206, 0.006411327341971047, 0.00625104415842177, 0.9678715292233531, 0.8695652173913043, 0.8695652173913043, 0.568091812133789, 0.605293739143499, 0.9740538230583824, 0.9740538230583824, 0.9740538230583824, 1.0, 1.0, 0.3794176919119699, 0.41601957593645367, 0.3140169382095337]
[0.4639634704589844, 0.6801320169349206, 0.006411327341971047, 0.00625104415842177, 0.9678715292233531, 0.8695652173913043, 0.8695652173913043, 0.5027523803710937, 0.706234824439214, 0.6980118448332182, 0.9740538230583824, 1.0, 1.0, 0.558720791579502, 0.3194176810128348, 0.30316230228969027, 0.580267071723938]
[0.4639634704589844, 0.6801320169349206, 0.006411327341971047, 0.00625104415842177, 0.9678715292233531, 0.8695652173913043, 0.8695652173913043, 0.5761038970947265, 0.8847040110589601, 0.6980118448332182, 0.6980118448332182, 1.0, 1.0, 0.7875609860722568, 0.4537034715924944, 0.41601957593645367, 0.3527669906616211]
[0.4639634704589844, 0.6801320169349206, 0.006411327341971047, 0.00625104415842177, 0.9678715292233531, 0.8695652173913043, 0.8695652173913043, 0.04759490966796875, 0.05482494027401791, 1.0, 1.0, 1.0, 0.04625854335620261, 0.04625854335620261, 0.3194176810128348, 0.50030517578125, 0.38276708126068115]
[0.4639634704589844, 0.6801320169349206, 0.006411327341971047, 0.00625104415842177, 0.9678715292233531, 0.8695652173913043, 0.8695652173913043, 0.5400918579101562, 0.605293739143499, 0.9740538230583824, 0.9740538230583824, 0.9740538230583824, 1.0, 1.0, 0.3794176919119699, 0.41601957593645367, 0.5252670049667358]
[0.4639634704589844, 0.6801320169349206, 0.006411327341971047, 0.00625104415842177, 0.9678715292233531, 0.8695652173913043, 0.8695652173913043, 0.5423523712158204, 0.3445678624733568, 0.5891120290595133, 0.5891120290595133, 1.0, 1.0, 0.2907291339618948, 0.3194176810128348, 0.5245909009660993, 0.5640170574188232]
[0.4639634704589844, 0.6801320169349206, 0.006411327341971047, 0.00625104415842177, 0.9678715292233531, 0.8695652173913043, 0.8695652173913043, 0.4685039520263672, 0.6557409606558954, 0.6980118448332182, 0.6980118448332182, 1.0, 1.0, 0.9870269115291912, 0.16227476937430246, 0.41601957593645367, 0.43776702880859375]
[0.4639634704589844, 0.6801320169349206, 0.006411327341971047, 0.00625104415842177, 0.9678715292233531, 0.8695652173913043, 0.8695652173913043, 0.41500091552734375, 0.24124162623510687, 0.8922955326692157, 0.8922955326692157, 0.8922955326692157, 1.0, 1.0, 0.05798912048339844, 0.41601957593645367, 0.4027669429779053]
[0.4639634704589844, 0.6801320169349206, 0.006411327341971047, 0.00625104415842177, 0.9678715292233531, 0.8695652173913043, 0.8695652173913043, 0.7747525024414063, 0.8641003263877638, 0.8922955326692157, 0.8922955326692157, 1.0, 1.0, 0.9063994128784576, 0.5108463423592704, 0.6574480874197823, 0.31401705741882324]
[0.4639634704589844, 0.6801320169349206, 0.006411327341971047, 0.00625104415842177, 0.9678715292233531, 0.8695652173913043, 0.8695652173913043, 0.4690009307861328, 0.3058301534161316, 0.8053018617371086, 0.8053018617371086, 1.0, 1.0, 0.9870269115291912, 0.16227476937430246, 0.528876713344029, 0.4590170383453369]
[0.4639634704589844, 0.6801320169349206, 0.006411327341971047, 0.00625104415842177, 0.9678715292233531, 0.8695652173913043, 0.8695652173913043, 0.4486008453369141, 0.6566883128958052, 0.8922955326692157, 0.9740538230583824, 1.0, 1.0, 0.9870269115291912, 0.16227476937430246, 0.41601957593645367, 0.3227670192718506]
[0.4639634704589844, 0.6801320169349206, 0.006411327341971047, 0.00625104415842177, 0.9678715292233531, 0.8695652173913043, 0.8695652173913043, 0.42155242919921876, 0.6556822427414822, 0.8053018617371086, 0.8053018617371086, 1.0, 1.0, 0.9870269115291912, 0.16227476937430246, 0.48030526297433035, 0.5227670669555664]
[0.4639634704589844, 0.6801320169349206, 0.006411327341971047, 0.00625104415842177, 0.9678715292233531, 0.8695652173913043, 0.8695652173913043, 0.35180091857910156, 0.6546024794915043, 0.8922955326692157, 0.8922955326692157, 1.0, 1.0, 0.9870269115291912, 0.16227476937430246, 0.48030526297433035, 0.265267014503479]
[0.4639634704589844, 0.6801320169349206, 0.006411327341971047, 0.00625104415842177, 0.9678715292233531, 0.8695652173913043, 0.8695652173913043, 0.6298434448242187, 0.7690730003575192, 0.9740538230583824, 0.9740538230583824, 0.9740538230583824, 1.0, 1.0, 0.6451320648193359, 0.50030517578125, 0.5640170574188232]
[0.4639634704589844, 0.6801320169349206, 0.006411327341971047, 0.00625104415842177, 0.9678715292233531, 0.8695652173913043, 0.8695652173913043, 0.43900093078613284, 0.7555398880389698, 0.8922955326692157, 0.8922955326692157, 1.0, 1.0, 0.9870269115291912, 0.16227476937430246, 0.19887651715959823, 0.4027669429779053]
[0.4639634704589844, 0.6801320169349206, 0.006411327341971047, 0.00625104415842177, 0.9678715292233531, 0.8695652173913043, 0.8695652173913043, 0.5200494384765625, 0.7684071441817458, 0.8932650963317723, 1.0, 1.0, 0.740061479178941, 0.9063994128784576, 0.5108462742396763, 0.41601957593645367, 0.4590170383453369]
[0.4639634704589844, 0.6801320169349206, 0.006411327341971047, 0.00625104415842177, 0.9678715292233531, 0.8695652173913043, 0.8695652173913043, 0.39500091552734373, 0.7191909964343383, 0.8053018617371086, 0.8053018617371086, 1.0, 1.0, 0.558720791579502, 0.3194176810128348, 0.46030521392822266, 0.4590170383453369]
[0.4639634704589844, 0.6801320169349206, 0.006411327341971047, 0.00625104415842177, 0.9678715292233531, 0.8695652173913043, 0.8695652173913043, 0.6484069061279297, 0.8475034921505369, 0.4801229583578822, 0.4801229583578822, 1.0, 1.0, 0.8537994933384543, 0.5365606035505023, 0.41601957593645367, 0.45151710510253906]
[0.4639634704589844, 0.6801320169349206, 0.006411327341971047, 0.00625104415842177, 0.9678715292233531, 0.8695652173913043, 0.8695652173913043, 0.4819524383544922, 0.8183304554516847, 0.8922955326692157, 0.8922955326692157, 1.0, 1.0, 0.9870269115291912, 0.3794176919119699, 0.48030526297433035, 0.33901703357696533]
[0.4639634704589844, 0.6801320169349206, 0.006411327341971047, 0.00625104415842177, 0.9678715292233531, 0.8695652173913043, 0.8695652173913043, 0.4685039520263672, 0.6557409606558954, 0.6980118448332182, 0.6980118448332182, 1.0, 1.0, 0.9870269115291912, 0.16227476937430246, 0.41601957593645367, 0.364017128944397]
[0.4639634704589844, 0.6801320169349206, 0.006411327341971047, 0.00625104415842177, 0.9678715292233531, 0.8695652173913043, 0.8695652173913043, 0.4685039520263672, 0.6557409606558954, 0.6980118448332182, 0.6980118448332182, 1.0, 1.0, 0.9870269115291912, 0.16227476937430246, 0.41601957593645367, 0.5015170574188232]
[0.4639634704589844, 0.6801320169349206, 0.006411327341971047, 0.00625104415842177, 0.9678715292233531, 0.8695652173913043, 0.8695652173913043, 0.39875244140625, 0.6556822427414822, 0.8053018617371086, 0.8053018617371086, 1.0, 1.0, 0.9870269115291912, 0.16227476937430246, 0.41601957593645367, 0.3965170383453369]
[0.4639634704589844, 0.6801320169349206, 0.006411327341971047, 0.00625104415842177, 0.9678715292233531, 0.8695652173913043, 0.8695652173913043, 0.4154009246826172, 0.7555398880389698, 0.8922955326692157, 0.8922955326692157, 1.0, 1.0, 0.8537994933384543, 0.5365606035505023, 0.544590950012207, 0.38276708126068115]
[0.4639634704589844, 0.6801320169349206, 0.006411327341971047, 0.00625104415842177, 0.9678715292233531, 0.8695652173913043, 0.8695652173913043, 0.4694008636474609, 0.5265701681446647, 0.8922955326692157, 0.8922955326692157, 1.0, 1.0, 0.4198783131149266, 0.3194176810128348, 0.48030526297433035, 0.5202670097351074]
[0.9675184748722957, 0.7852022100304049, 0.615140040811362, 0.925, 0.7296650049751324, 0.6827845304612217, 0.8695652173913043, 0.6880493927001953, 0.7965786757422395, 0.9740538230583824, 0.9740538230583824, 1.0, 1.0, 0.8120609639115238, 0.7479891777038574, 0.7045909336635044, 0.5227670669555664]
[0.9675184748722957, 0.7852022100304049, 0.615140040811362, 0.925, 0.7296650049751324, 0.6827845304612217, 0.8695652173913043, 0.7654010009765625, 0.8415351254097196, 0.8922955326692157, 1.0, 1.0, 0.9063994128784576, 0.7763274235088303, 0.7479891777038574, 0.6731623240879604, 0.4102669954299927]
[0.9675184748722957, 0.7852022100304049, 0.615140040811362, 0.925, 0.7296650049751324, 0.6827845304612217, 0.8695652173913043, 0.7290009307861328, 0.8875012327648774, 0.8922955326692157, 0.9740538230583824, 1.0, 1.0, 0.8120609639115238, 0.7479891777038574, 0.5388766697474888, 0.5640170574188232]
[0.9675184748722957, 0.7852022100304049, 0.615140040811362, 0.925, 0.7296650049751324, 0.6827845304612217, 0.8695652173913043, 0.26639495849609374, 0.2550268855508743, 1.0, 1.0, 1.0, 0.2151789346835502, 0.2151789346835502, 0.7479891777038574, 0.6731623240879604, 0.4790170192718506]
[0.9675184748722957, 0.7852022100304049, 0.615140040811362, 0.925, 0.7296650049751324, 0.6827845304612217, 0.8695652173913043, 0.5678009796142578, 0.5340933027863644, 0.7841420382831898, 1.0, 0.8293669066477537, 0.9063994128784576, 1.0, 0.7479891777038574, 0.6731623240879604, 0.31151700019836426]
[0.9675184748722957, 0.7852022100304049, 0.615140040811362, 0.925, 0.7296650049751324, 0.6827845304612217, 0.8695652173913043, 0.849801025390625, 0.9805703877187035, 0.8418669097391583, 1.0, 1.0, 0.8273562646376561, 0.94931471646586, 0.9079891613551548, 0.5531623022896903, 0.7540171146392822]
[0.9675184748722957, 0.7852022100304049, 0.615140040811362, 0.925, 0.7296650049751324, 0.6827845304612217, 0.8695652173913043, 0.6464495086669921, 0.7965786757422395, 0.9740538230583824, 0.9740538230583824, 1.0, 1.0, 0.7466935189258337, 0.7479891777038574, 0.6288765498570034, 0.6827670931816101]
[0.9675184748722957, 0.7852022100304049, 0.615140040811362, 0.925, 0.7296650049751324, 0.6827845304612217, 0.8695652173913043, 0.5710979461669922, 0.4988457547130736, 0.8568990856723159, 1.0, 1.0, 0.866619204642547, 0.48873222701684993, 0.7479891777038574, 0.6731623240879604, 0.7852670550346375]
[0.9675184748722957, 0.7852022100304049, 0.615140040811362, 0.925, 0.7296650049751324, 0.6827845304612217, 0.8695652173913043, 0.6466009521484375, 0.5773212656154515, 0.8922955326692157, 1.0, 0.8986294329317199, 0.9063994128784576, 1.0, 0.6279892240251813, 0.6731623240879604, 0.31151700019836426]
[0.9675184748722957, 0.7852022100304049, 0.615140040811362, 0.925, 0.7296650049751324, 0.6827845304612217, 0.8695652173913043, 0.5800495147705078, 0.5012192594879231, 0.8922955326692157, 0.8922955326692157, 1.0, 1.0, 0.48873222701684993, 0.7479891777038574, 0.6731623240879604, 0.5165170431137085]
[0.9675184748722957, 0.7852022100304049, 0.615140040811362, 0.925, 0.7296650049751324, 0.6827845304612217, 0.8695652173913043, 0.789303970336914, 0.8415351254097196, 0.5263418909649404, 1.0, 1.0, 0.710045262064451, 0.7763274235088303, 0.7479891777038574, 0.6645909718104771, 0.4790170192718506]
[0.6524252143272987, 0.474711927565441, 0.2629557855445908, 0.256381890905976, 0.925, 0.8695652173913043, 0.41279298049168783, 0.5676493835449219, 0.8858995316284443, 0.9803038230583824, 1.0, 1.0, 0.8920710191415949, 0.6985355729969781, 0.4094176973615374, 0.7774480410984584, 0.5202670097351074]
[0.6524252143272987, 0.474711927565441, 0.2629557855445908, 0.256381890905976, 0.925, 0.8695652173913043, 0.41279298049168783, 0.5676493835449219, 0.8858995316284443, 0.9803038230583824, 1.0, 1.0, 0.8920710191415949, 0.6985355729969781, 0.4094176973615374, 0.7774480410984584, 0.5202670097351074]
[0.6524252143272987, 0.474711927565441, 0.2629557855445908, 0.256381890905976, 0.925, 0.8695652173913043, 0.41279298049168783, 0.48484947204589846, 0.8839573445881828, 0.9740538230583824, 0.9740538230583824, 1.0, 1.0, 0.6985355729969781, 0.4094176973615374, 0.7303052629743304, 0.6802670955657959]
[0.6524252143272987, 0.474711927565441, 0.2629557855445908, 0.256381890905976, 0.925, 0.8695652173913043, 0.41279298049168783, 0.1879949951171875, 0.18822629003469832, 1.0, 1.0, 1.0, 0.1588159322167767, 0.1588159322167767, 0.4094176973615374, 0.6588766915457589, 0.6252671480178833]
[0.6524252143272987, 0.474711927565441, 0.2629557855445908, 0.256381890905976, 0.925, 0.8695652173913043, 0.41279298049168783, 0.5245039367675781, 0.6467353921013251, 0.6731256212404969, 0.6731256212404969, 1.0, 1.0, 0.5152173835289678, 0.4094176973615374, 0.5388765335083008, 0.4290170669555664]
[0.6524252143272987, 0.474711927565441, 0.2629557855445908, 0.256381890905976, 0.925, 0.8695652173913043, 0.41279298049168783, 0.40629798889160157, 0.6974425086077042, 0.9803038230583824, 1.0, 1.0, 0.8622552178005811, 0.5152173835289678, 0.4094176973615374, 0.4688765662057059, 0.4877671003341675]
[0.6524252143272987, 0.474711927565441, 0.2629557855445908, 0.256381890905976, 0.925, 0.8695652173913043, 0.41279298049168783, 0.6752069854736328, 0.8076308470856268, 0.600243737885195, 0.600243737885195, 1.0, 1.0, 0.633060099706516, 0.4094176973615374, 0.4688765662057059, 0.5565170049667358]
[0.6524252143272987, 0.474711927565441, 0.2629557855445908, 0.256381890905976, 0.925, 0.8695652173913043, 0.41279298049168783, 0.4490009307861328, 0.7439290807583849, 0.7841420382831898, 0.7841420382831898, 1.0, 1.0, 0.5516912444262352, 0.4094176973615374, 0.5388765335083008, 0.5577670335769653]
[0.3663529968261719, 0.11907331391210149, 0.6793257699066954, 0.662342625659028, 0.8874399597839453, 0.8695652173913043, 0.8695652173913043, 0.4056494903564453, 0.7503980099341031, 0.9740538230583824, 1.0, 0.9740538230583824, 0.6331483208818995, 1.0, 0.4094176973615374, 0.721733842577253, 0.43276703357696533]
[0.3663529968261719, 0.11907331391210149, 0.6793257699066954, 0.662342625659028, 0.8874399597839453, 0.8695652173913043, 0.8695652173913043, 0.41540084838867186, 0.5646684618034641, 0.7274370902267702, 0.7274370902267702, 1.0, 1.0, 0.5164378534464813, 0.4665606362479074, 0.5174480165754046, 0.6827670931816101]
[0.3663529968261719, 0.11907331391210149, 0.6793257699066954, 0.662342625659028, 0.8874399597839453, 0.8695652173913043, 0.8695652173913043, 0.3300495147705078, 0.7503980099341031, 0.9740538230583824, 1.0, 0.9740538230583824, 0.6331483208818995, 1.0, 0.27513190678187777, 0.5174480165754046, 0.43276703357696533]
[0.3663529968261719, 0.11907331391210149, 0.6793257699066954, 0.662342625659028, 0.8874399597839453, 0.8695652173913043, 0.8695652173913043, 0.5076493835449218, 0.8788358580063269, 0.9740538230583824, 1.0, 1.0, 0.9870269115291912, 0.791240729094169, 0.3794176919119699, 0.3817337581089565, 0.43276703357696533]
[0.3663529968261719, 0.11907331391210149, 0.6793257699066954, 0.662342625659028, 0.8874399597839453, 0.8695652173913043, 0.8695652173913043, 0.44764945983886717, 0.48492263718669154, 0.8853198019137842, 1.0, 1.0, 0.8637185451133851, 0.928449542836158, 0.2494175774710519, 0.33459077562604633, 0.2427670955657959]
[0.3663529968261719, 0.11907331391210149, 0.6793257699066954, 0.662342625659028, 0.8874399597839453, 0.8695652173913043, 0.8695652173913043, 0.5620494842529297, 0.8279720464883785, 0.9740538230583824, 1.0, 1.0, 0.6986014142245693, 0.928449542836158, 0.4237034661429269, 0.3817337581089565, 0.43276703357696533]
[0.3663529968261719, 0.11907331391210149, 0.6793257699066954, 0.662342625659028, 0.8874399597839453, 0.8695652173913043, 0.8695652173913043, 0.4024494171142578, 0.4338251354833628, 0.8058252282696382, 1.0, 1.0, 0.8213853871494472, 0.3971177041497307, 0.4665606362479074, 0.33459077562604633, 0.5065171718597412]
[0.3663529968261719, 0.11907331391210149, 0.6793257699066954, 0.662342625659028, 0.8874399597839453, 0.8695652173913043, 0.8695652173913043, 0.3166978454589844, 0.4338251354833628, 0.8848095646447752, 1.0, 1.0, 0.777960235840201, 0.3971177041497307, 0.4665606362479074, 0.33459077562604633, 0.3465169668197632]
[0.3663529968261719, 0.11907331391210149, 0.6793257699066954, 0.662342625659028, 0.8874399597839453, 0.8695652173913043, 0.8695652173913043, 0.3470008850097656, 0.5646684618034641, 0.7274370902267702, 0.7274370902267702, 1.0, 1.0, 0.791240729094169, 0.33227470942905973, 0.33459077562604633, 0.7465171217918396]
[0.3663529968261719, 0.11907331391210149, 0.6793257699066954, 0.662342625659028, 0.8874399597839453, 0.8695652173913043, 0.8695652173913043, 0.662200927734375, 0.8788358580063269, 0.8377602887168428, 1.0, 1.0, 0.9870269115291912, 0.791240729094169, 0.3794176919119699, 0.5960194723946708, 0.6002670526504517]
[0.3663529968261719, 0.11907331391210149, 0.6793257699066954, 0.662342625659028, 0.8874399597839453, 0.8695652173913043, 0.8695652173913043, 0.6031523895263672, 0.7503980099341031, 0.5233653370482396, 1.0, 1.0, 0.6986014142245693, 0.6621312691067618, 0.4665606362479074, 0.7874481337411063, 0.43276703357696533]
[0.3663529968261719, 0.11907331391210149, 0.6793257699066954, 0.662342625659028, 0.8874399597839453, 0.8695652173913043, 0.8695652173913043, 0.38115242004394534, 0.48492263718669154, 0.7251488215906761, 1.0, 0.6895879184924247, 0.8637185451133851, 1.0, 0.8922749246869769, 0.33459077562604633, 0.3340170383453369]
[0.3663529968261719, 0.11907331391210149, 0.6793257699066954, 0.662342625659028, 0.8874399597839453, 0.8695652173913043, 0.8695652173913043, 0.529801025390625, 0.8279720464883785, 0.9740538230583824, 1.0, 0.9740538230583824, 0.928449542836158, 1.0, 0.530846391405378, 0.1517336709158761, 0.4465169906616211]
[0.3663529968261719, 0.11907331391210149, 0.6793257699066954, 0.662342625659028, 0.8874399597839453, 0.8695652173913043, 0.8695652173913043, 0.4548493957519531, 0.8155662256143756, 0.9740538230583824, 0.9740538230583824, 1.0, 1.0, 0.7151547278214618, 0.4665606362479074, 0.5388765335083008, 0.5090169906616211]
[0.3663529968261719, 0.11907331391210149, 0.6793257699066954, 0.662342625659028, 0.8874399597839453, 0.8695652173913043, 0.8695652173913043, 0.4646979522705078, 0.6735649793454351, 0.9740538230583824, 1.0, 1.0, 0.6986014142245693, 0.6203263963588473, 0.4665606362479074, 0.5360194614955357, 0.43276703357696533]
[0.3663529968261719, 0.11907331391210149, 0.6793257699066954, 0.662342625659028, 0.8874399597839453, 0.8695652173913043, 0.8695652173913043, 0.6555523681640625, 0.9707820660415386, 0.8568990856723159, 0.8568990856723159, 1.0, 1.0, 0.791240729094169, 0.3794176919119699, 0.26173373631068636, 0.6440171003341675]
[0.3663529968261719, 0.11907331391210149, 0.6793257699066954, 0.662342625659028, 0.8874399597839453, 0.8695652173913043, 0.8695652173913043, 0.4722010040283203, 0.8279720464883785, 0.9803038230583824, 1.0, 0.9740538230583824, 0.777960235840201, 1.0, 0.4094176973615374, 0.2860194614955357, 0.27276694774627686]
[0.3663529968261719, 0.11907331391210149, 0.6793257699066954, 0.662342625659028, 0.8874399597839453, 0.8695652173913043, 0.8695652173913043, 0.322049560546875, 0.5766404267457405, 0.8568990856723159, 0.8568990856723159, 1.0, 1.0, 0.5164378534464813, 0.4665606362479074, 0.5174480165754046, 0.5815171003341675]
[0.3663529968261719, 0.11907331391210149, 0.6793257699066954, 0.662342625659028, 0.8874399597839453, 0.8695652173913043, 0.8695652173913043, 0.5890009307861328, 0.7503980099341031, 0.8568990856723159, 1.0, 0.9740538230583824, 0.6331483208818995, 1.0, 0.4637034961155483, 0.5517336981637138, 0.43276703357696533]
[0.3663529968261719, 0.11907331391210149, 0.6793257699066954, 0.662342625659028, 0.8874399597839453, 0.8695652173913043, 0.8695652173913043, 0.6318009948730469, 0.8931401790005258, 0.9740538230583824, 0.9740538230583824, 1.0, 1.0, 0.928449542836158, 0.4237034661429269, 0.3817337581089565, 0.5090169906616211]
[0.3663529968261719, 0.11907331391210149, 0.6793257699066954, 0.662342625659028, 0.8874399597839453, 0.8695652173913043, 0.8695652173913043, 0.6250009155273437, 0.7503980099341031, 0.9740538230583824, 1.0, 1.0, 0.928449542836158, 0.928449542836158, 0.4237034661429269, 0.33459077562604633, 0.6415171027183533]
[0.3663529968261719, 0.11907331391210149, 0.6793257699066954, 0.662342625659028, 0.8874399597839453, 0.8695652173913043, 0.8695652173913043, 0.44204933166503907, 0.7503980099341031, 0.8377602887168428, 1.0, 1.0, 0.7415177551928384, 0.888049778487743, 0.4322748865400042, 0.4445908410208566, 0.4515169858932495]
[0.3663529968261719, 0.11907331391210149, 0.6793257699066954, 0.662342625659028, 0.8874399597839453, 0.8695652173913043, 0.8695652173913043, 0.66875244140625, 0.8155662256143756, 0.8568990856723159, 0.9740538230583824, 1.0, 1.0, 0.7151547278214618, 0.4665606362479074, 0.7688766888209752, 0.5090169906616211]
[0.3663529968261719, 0.11907331391210149, 0.6793257699066954, 0.662342625659028, 0.8874399597839453, 0.8695652173913043, 0.8695652173913043, 0.5582010650634766, 0.7503980099341031, 0.8568990856723159, 1.0, 0.9740538230583824, 0.6331483208818995, 1.0, 0.6708463941301618, 0.6717338562011719, 0.43276703357696533]
[0.3663529968261719, 0.11907331391210149, 0.6793257699066954, 0.662342625659028, 0.8874399597839453, 0.8695652173913043, 0.8695652173913043, 0.34829795837402344, 0.7503980099341031, 0.9803038230583824, 1.0, 1.0, 0.8637185451133851, 0.6621312691067618, 0.4665606362479074, 0.1517336709158761, 0.2427670955657959]
[0.3663529968261719, 0.11907331391210149, 0.6793257699066954, 0.662342625659028, 0.8874399597839453, 0.8695652173913043, 0.8695652173913043, 0.4678009033203125, 0.8155662256143756, 0.9740538230583824, 0.9740538230583824, 1.0, 1.0, 0.928449542836158, 0.5108463423592704, 0.33459077562604633, 0.5265170335769653]
[0.3663529968261719, 0.11907331391210149, 0.6793257699066954, 0.662342625659028, 0.8874399597839453, 0.8695652173913043, 0.8695652173913043, 0.5034009552001953, 0.7503980099341031, 0.8568990856723159, 1.0, 0.9740538230583824, 0.6331483208818995, 1.0, 0.530846391405378, 0.5260193688528878, 0.43276703357696533]
[0.3663529968261719, 0.11907331391210149, 0.6793257699066954, 0.662342625659028, 0.8874399597839453, 0.8695652173913043, 0.8695652173913043, 0.6210009765625, 0.8931401790005258, 0.9740538230583824, 0.9740538230583824, 1.0, 1.0, 0.928449542836158, 0.4237034661429269, 0.4445908410208566, 0.5090169906616211]
[0.3663529968261719, 0.11907331391210149, 0.6793257699066954, 0.662342625659028, 0.8874399597839453, 0.8695652173913043, 0.8695652173913043, 0.6603524780273438, 0.8931401790005258, 0.8568990856723159, 0.9740538230583824, 0.9740538230583824, 1.0, 1.0, 0.5508463723318917, 0.3817337581089565, 0.5090169906616211]
[0.3663529968261719, 0.11907331391210149, 0.6793257699066954, 0.662342625659028, 0.8874399597839453, 0.8695652173913043, 0.8695652173913043, 0.5074009704589844, 0.7387334654622698, 0.9740538230583824, 0.9740538230583824, 1.0, 1.0, 0.928449542836158, 0.5108463423592704, 0.5174480165754046, 0.3490169048309326]
[0.3663529968261719, 0.11907331391210149, 0.6793257699066954, 0.662342625659028, 0.8874399597839453, 0.8695652173913043, 0.8695652173913043, 0.4666009521484375, 0.5296473025913782, 0.8853198019137842, 1.0, 0.8568990856723159, 0.8637185451133851, 1.0, 0.6708463260105678, 0.33459077562604633, 0.5340170860290527]
[0.3663529968261719, 0.11907331391210149, 0.6793257699066954, 0.662342625659028, 0.8874399597839453, 0.8695652173913043, 0.8695652173913043, 0.5782009887695313, 0.922026946180979, 0.9740538230583824, 1.0, 1.0, 0.9870269115291912, 0.791240729094169, 0.3794176919119699, 0.3817337581089565, 0.43276703357696533]
[0.3663529968261719, 0.11907331391210149, 0.6793257699066954, 0.662342625659028, 0.8874399597839453, 0.8695652173913043, 0.8695652173913043, 0.4336495208740234, 0.5296473025913782, 0.8932650963317723, 1.0, 1.0, 0.8213853871494472, 0.928449542836158, 0.5108463423592704, 0.33459077562604633, 0.3340170383453369]
[0.3663529968261719, 0.11907331391210149, 0.6793257699066954, 0.662342625659028, 0.8874399597839453, 0.8695652173913043, 0.8695652173913043, 0.4660493469238281, 0.7387334654622698, 0.9740538230583824, 0.9740538230583824, 1.0, 1.0, 0.888049778487743, 0.6237034116472516, 0.4445908410208566, 0.4877671003341675]
[0.3663529968261719, 0.11907331391210149, 0.6793257699066954, 0.662342625659028, 0.8874399597839453, 0.8695652173913043, 0.8695652173913043, 0.5622010040283203, 0.8788358580063269, 0.7527954408285628, 1.0, 1.0, 0.777960235840201, 0.7540589197855754, 0.4665606362479074, 0.5288765771048409, 0.390267014503479]
[0.3663529968261719, 0.11907331391210149, 0.6793257699066954, 0.662342625659028, 0.8874399597839453, 0.8695652173913043, 0.8695652173913043, 0.5636493682861328, 0.48492263718669154, 0.8848095646447752, 1.0, 1.0, 0.928449542836158, 0.46147113228045034, 0.4665606362479074, 0.4445908410208566, 0.6602671146392822]
[0.3663529968261719, 0.11907331391210149, 0.6793257699066954, 0.662342625659028, 0.8874399597839453, 0.8695652173913043, 0.8695652173913043, 0.5770008850097657, 0.6735649793454351, 0.8377602887168428, 1.0, 1.0, 0.9870269115291912, 0.888049778487743, 0.6237034116472516, 0.33459077562604633, 0.5365171432495117]
[0.3663529968261719, 0.11907331391210149, 0.6793257699066954, 0.662342625659028, 0.8874399597839453, 0.8695652173913043, 0.8695652173913043, 0.33269798278808593, 0.6084234721759982, 0.9740538230583824, 1.0, 1.0, 0.5133573046484985, 0.928449542836158, 0.2494175774710519, 0.3688765934535435, 0.43276703357696533]
[0.3663529968261719, 0.11907331391210149, 0.6793257699066954, 0.662342625659028, 0.8874399597839453, 0.8695652173913043, 0.8695652173913043, 0.48964950561523435, 0.7503980099341031, 0.9740538230583824, 1.0, 1.0, 0.9870269115291912, 0.6621312691067618, 0.4665606362479074, 0.4688765662057059, 0.6002670526504517]
[0.3663529968261719, 0.11907331391210149, 0.6793257699066954, 0.662342625659028, 0.8874399597839453, 0.8695652173913043, 0.8695652173913043, 0.4663524627685547, 0.5296473025913782, 0.7760995569754862, 1.0, 0.7760995569754862, 0.4468899115614753, 1.0, 0.5108463423592704, 0.3345909118652344, 0.43276703357696533]
[0.3663529968261719, 0.11907331391210149, 0.6793257699066954, 0.662342625659028, 0.8874399597839453, 0.8695652173913043, 0.8695652173913043, 0.30574630737304687, 0.4338251354833628, 0.9803038230583824, 1.0, 1.0, 0.8637185451133851, 0.928449542836158, 0.353703362601144, 0.33459077562604633, 0.47151708602905273]
[0.3663529968261719, 0.11907331391210149, 0.6793257699066954, 0.662342625659028, 0.8874399597839453, 0.8695652173913043, 0.8695652173913043, 0.5572493743896484, 0.8279720464883785, 0.9740538230583824, 1.0, 1.0, 0.6986014142245693, 0.791240729094169, 0.3794176919119699, 0.6603051594325474, 0.43276703357696533]
[0.3663529968261719, 0.11907331391210149, 0.6793257699066954, 0.662342625659028, 0.8874399597839453, 0.8695652173913043, 0.8695652173913043, 0.5612494659423828, 0.8788358580063269, 0.9740538230583824, 1.0, 1.0, 0.8213853871494472, 0.7540589197855754, 0.4665606362479074, 0.5288765771048409, 0.5377670526504517]
[0.3663529968261719, 0.11907331391210149, 0.6793257699066954, 0.662342625659028, 0.8874399597839453, 0.8695652173913043, 0.8695652173913043, 0.46835235595703123, 0.6123729711473606, 0.6427707742988944, 0.6427707742988944, 1.0, 1.0, 0.791240729094169, 0.3794176919119699, 0.33459077562604633, 0.4715169668197632]
[0.3663529968261719, 0.11907331391210149, 0.6793257699066954, 0.662342625659028, 0.8874399597839453, 0.8695652173913043, 0.8695652173913043, 0.6146009826660156, 0.6084234721759982, 0.9740538230583824, 1.0, 1.0, 0.9870269115291912, 0.5813708782623057, 0.4665606362479074, 0.6360194342476981, 0.44026708602905273]
[0.3663529968261719, 0.11907331391210149, 0.6793257699066954, 0.662342625659028, 0.8874399597839453, 0.8695652173913043, 0.8695652173913043, 0.6634009552001953, 0.8279720464883785, 0.8418669097391583, 1.0, 0.8568990856723159, 0.6986014142245693, 1.0, 0.5865605899265834, 0.693162373134068, 0.43276703357696533]
[0.3663529968261719, 0.11907331391210149, 0.6793257699066954, 0.662342625659028, 0.8874399597839453, 0.8695652173913043, 0.8695652173913043, 0.5592493438720703, 0.8788358580063269, 0.9740538230583824, 1.0, 1.0, 0.7415177551928384, 0.791240729094169, 0.3794176919119699, 0.48887647901262554, 0.49526703357696533]
[0.3663529968261719, 0.11907331391210149, 0.6793257699066954, 0.662342625659028, 0.8874399597839453, 0.8695652173913043, 0.8695652173913043, 0.37875244140625, 0.7269465340733814, 0.6427707742988944, 0.6427707742988944, 1.0, 1.0, 0.6621312691067618, 0.4665606362479074, 0.1517336709158761, 0.3340170383453369]
[0.3663529968261719, 0.11907331391210149, 0.6793257699066954, 0.662342625659028, 0.8874399597839453, 0.8695652173913043, 0.8695652173913043, 0.6410009002685547, 0.8279720464883785, 0.8418669097391583, 1.0, 1.0, 0.6986014142245693, 0.7151547278214618, 0.4665606362479074, 0.6603051594325474, 0.43276703357696533]
[0.3663529968261719, 0.11907331391210149, 0.6793257699066954, 0.662342625659028, 0.8874399597839453, 0.8695652173913043, 0.8695652173913043, 0.04159500122070312, 0.05284496916275309, 1.0, 1.0, 1.0, 0.044587942731072916, 0.044587942731072916, 0.4665606362479074, 0.33459077562604633, 0.43276703357696533]
[0.3663529968261719, 0.11907331391210149, 0.6793257699066954, 0.662342625659028, 0.8874399597839453, 0.8695652173913043, 0.8695652173913043, 0.4766980743408203, 0.6735649793454351, 0.9740538230583824, 1.0, 1.0, 0.6986014142245693, 0.6203263963588473, 0.4665606362479074, 0.5031622477940151, 0.43276703357696533]
[0.3663529968261719, 0.11907331391210149, 0.6793257699066954, 0.662342625659028, 0.8874399597839453, 0.8695652173913043, 0.8695652173913043, 0.3100494384765625, 0.5948157993665604, 0.9740538230583824, 0.9740538230583824, 1.0, 1.0, 0.928449542836158, 0.5108463423592704, 0.1517336709158761, 0.4877671003341675]
[0.3663529968261719, 0.11907331391210149, 0.6793257699066954, 0.662342625659028, 0.8874399597839453, 0.8695652173913043, 0.8695652173913043, 0.5522010803222657, 0.8155662256143756, 0.9740538230583824, 0.9740538230583824, 1.0, 1.0, 0.928449542836158, 0.5108463423592704, 0.7088767460414341, 0.5090169906616211]
[0.3663529968261719, 0.11907331391210149, 0.6793257699066954, 0.662342625659028, 0.8874399597839453, 0.8695652173913043, 0.8695652173913043, 0.4882008361816406, 0.5766404267457405, 0.8568990856723159, 0.8568990856723159, 0.9740538230583824, 1.0, 1.0, 0.530846391405378, 0.4445908410208566, 0.48276710510253906]
[0.3663529968261719, 0.11907331391210149, 0.6793257699066954, 0.662342625659028, 0.8874399597839453, 0.8695652173913043, 0.8695652173913043, 0.3578978729248047, 0.8279720464883785, 0.9740538230583824, 1.0, 1.0, 0.6986014142245693, 0.7540589197855754, 0.4665606362479074, 0.38744803837367464, 0.43276703357696533]
[0.3663529968261719, 0.11907331391210149, 0.6793257699066954, 0.662342625659028, 0.8874399597839453, 0.8695652173913043, 0.8695652173913043, 0.6351524353027344, 0.7387334654622698, 0.7274370902267702, 0.9740538230583824, 1.0, 1.0, 0.6621312691067618, 0.4665606362479074, 0.8031624385288784, 0.5090169906616211]
[0.3663529968261719, 0.11907331391210149, 0.6793257699066954, 0.662342625659028, 0.8874399597839453, 0.8695652173913043, 0.8695652173913043, 0.5666009521484375, 0.8931401790005258, 0.9740538230583824, 0.9740538230583824, 1.0, 1.0, 0.791240729094169, 0.3794176919119699, 0.4445908410208566, 0.5090169906616211]
[0.3663529968261719, 0.11907331391210149, 0.6793257699066954, 0.662342625659028, 0.8874399597839453, 0.8695652173913043, 0.8695652173913043, 0.3320494842529297, 0.6084234721759982, 0.9803038230583824, 1.0, 0.9740538230583824, 0.777960235840201, 1.0, 0.4094176973615374, 0.5174480165754046, 0.43276703357696533]
[0.3663529968261719, 0.11907331391210149, 0.6793257699066954, 0.662342625659028, 0.8874399597839453, 0.8695652173913043, 0.8695652173913043, 0.39844947814941406, 0.5296473025913782, 0.9740538230583824, 1.0, 1.0, 0.9870269115291912, 0.888049778487743, 0.6237034116472516, 0.2774479729788644, 0.6002670526504517]
[0.3663529968261719, 0.11907331391210149, 0.6793257699066954, 0.662342625659028, 0.8874399597839453, 0.8695652173913043, 0.8695652173913043, 0.40044944763183593, 0.5296473025913782, 0.9740538230583824, 1.0, 0.9740538230583824, 0.8213853871494472, 1.0, 0.37513201577322824, 0.33459077562604633, 0.43276703357696533]
[0.3663529968261719, 0.11907331391210149, 0.6793257699066954, 0.662342625659028, 0.8874399597839453, 0.8695652173913043, 0.8695652173913043, 0.5438008880615235, 0.8279720464883785, 0.8853198019137842, 1.0, 1.0, 0.8637185451133851, 0.7151547278214618, 0.4665606362479074, 0.3345909118652344, 0.43276703357696533]
[0.3663529968261719, 0.11907331391210149, 0.6793257699066954, 0.662342625659028, 0.8874399597839453, 0.8695652173913043, 0.8695652173913043, 0.5734010314941407, 0.7387334654622698, 0.8568990856723159, 0.9740538230583824, 1.0, 1.0, 0.791240729094169, 0.3794176919119699, 0.4545907974243164, 0.5090169906616211]
[0.3663529968261719, 0.11907331391210149, 0.6793257699066954, 0.662342625659028, 0.8874399597839453, 0.8695652173913043, 0.8695652173913043, 0.42700103759765623, 0.8931401790005258, 0.9740538230583824, 0.9740538230583824, 1.0, 1.0, 0.7540589197855754, 0.4665606362479074, 0.46030521392822266, 0.5090169906616211]
[0.3663529968261719, 0.11907331391210149, 0.6793257699066954, 0.662342625659028, 0.8874399597839453, 0.8695652173913043, 0.8695652173913043, 0.5759523773193359, 0.6735649793454351, 0.7527954408285628, 1.0, 0.9740538230583824, 0.777960235840201, 1.0, 0.530846391405378, 0.3817337581089565, 0.36901700496673584]
[0.3663529968261719, 0.11907331391210149, 0.6793257699066954, 0.662342625659028, 0.8874399597839453, 0.8695652173913043, 0.8695652173913043, 0.6070008850097657, 0.7503980099341031, 0.8377602887168428, 1.0, 1.0, 0.9870269115291912, 0.6621312691067618, 0.4665606362479074, 0.3817337581089565, 0.7152671217918396]
[0.3663529968261719, 0.11907331391210149, 0.6793257699066954, 0.662342625659028, 0.8874399597839453, 0.8695652173913043, 0.8695652173913043, 0.4840496063232422, 0.6735649793454351, 0.9803038230583824, 1.0, 1.0, 0.777960235840201, 0.6203263963588473, 0.4665606362479074, 0.5517336981637138, 0.43276703357696533]
[0.3663529968261719, 0.11907331391210149, 0.6793257699066954, 0.662342625659028, 0.8874399597839453, 0.8695652173913043, 0.8695652173913043, 0.3366010284423828, 0.922026946180979, 0.9803038230583824, 1.0, 0.9740538230583824, 0.777960235840201, 1.0, 0.49656057357788086, 0.1517336709158761, 0.27276694774627686]
[0.3663529968261719, 0.11907331391210149, 0.6793257699066954, 0.662342625659028, 0.8874399597839453, 0.8695652173913043, 0.8695652173913043, 0.48164939880371094, 0.8279720464883785, 0.9740538230583824, 1.0, 1.0, 0.6986014142245693, 0.888049778487743, 0.5865606580461774, 0.3817337581089565, 0.43276703357696533]
[0.3663529968261719, 0.11907331391210149, 0.6793257699066954, 0.662342625659028, 0.8874399597839453, 0.8695652173913043, 0.8695652173913043, 0.37604957580566406, 0.5296473025913782, 0.9803038230583824, 1.0, 1.0, 0.8637185451133851, 0.5164378534464813, 0.4665606362479074, 0.5174480165754046, 0.31151700019836426]
[0.3663529968261719, 0.11907331391210149, 0.6793257699066954, 0.662342625659028, 0.8874399597839453, 0.8695652173913043, 0.8695652173913043, 0.5236493682861328, 0.6735649793454351, 0.9803038230583824, 1.0, 1.0, 0.8637185451133851, 0.928449542836158, 0.5108463423592704, 0.4445908410208566, 0.47151708602905273]
[0.3663529968261719, 0.11907331391210149, 0.6793257699066954, 0.662342625659028, 0.8874399597839453, 0.8695652173913043, 0.8695652173913043, 0.48564949035644533, 0.6084234721759982, 0.7316439886717332, 1.0, 1.0, 0.6986014142245693, 0.5813708782623057, 0.4665606362479074, 0.7803052493504116, 0.43276703357696533]
[0.3663529968261719, 0.11907331391210149, 0.6793257699066954, 0.662342625659028, 0.8874399597839453, 0.8695652173913043, 0.8695652173913043, 0.6378009796142579, 0.8279720464883785, 0.8853198019137842, 1.0, 1.0, 0.8637185451133851, 0.7151547278214618, 0.4665606362479074, 0.468876702444894, 0.47151708602905273]
[0.3663529968261719, 0.11907331391210149, 0.6793257699066954, 0.662342625659028, 0.8874399597839453, 0.8695652173913043, 0.8695652173913043, 0.5608495330810547, 0.6735649793454351, 0.9740538230583824, 1.0, 1.0, 0.8213853871494472, 0.6203263963588473, 0.4665606362479074, 0.5260195050920758, 0.4515169858932495]
[0.3663529968261719, 0.11907331391210149, 0.6793257699066954, 0.662342625659028, 0.8874399597839453, 0.8695652173913043, 0.8695652173913043, 0.5376494598388671, 0.8279720464883785, 0.9803038230583824, 1.0, 1.0, 0.777960235840201, 0.8447939592462124, 0.5865606580461774, 0.4688765662057059, 0.27276694774627686]
[0.3663529968261719, 0.11907331391210149, 0.6793257699066954, 0.662342625659028, 0.8874399597839453, 0.8695652173913043, 0.8695652173913043, 0.2706980895996094, 0.48492263718669154, 0.9740538230583824, 1.0, 1.0, 0.8213853871494472, 0.928449542836158, 0.2494175774710519, 0.33459077562604633, 0.5377670526504517]
[0.3663529968261719, 0.11907331391210149, 0.6793257699066954, 0.662342625659028, 0.8874399597839453, 0.8695652173913043, 0.8695652173913043, 0.5394009399414063, 0.7503980099341031, 0.8377602887168428, 1.0, 1.0, 0.9870269115291912, 0.6621312691067618, 0.4665606362479074, 0.33459077562604633, 0.6415171027183533]
[0.3663529968261719, 0.11907331391210149, 0.6793257699066954, 0.662342625659028, 0.8874399597839453, 0.8695652173913043, 0.8695652173913043, 0.3510009765625, 0.922026946180979, 0.9740538230583824, 1.0, 1.0, 0.9870269115291912, 0.928449542836158, 0.2494175774710519, 0.33459077562604633, 0.27276694774627686]
[0.3663529968261719, 0.11907331391210149, 0.6793257699066954, 0.662342625659028, 0.8874399597839453, 0.8695652173913043, 0.8695652173913043, 0.6042008972167969, 0.7387334654622698, 0.9740538230583824, 0.9740538230583824, 0.9740538230583824, 1.0, 1.0, 0.530846391405378, 0.573162351335798, 0.5090169906616211]
[0.3663529968261719, 0.11907331391210149, 0.6793257699066954, 0.662342625659028, 0.8874399597839453, 0.8695652173913043, 0.8695652173913043, 0.597400894165039, 0.922026946180979, 0.9803038230583824, 1.0, 1.0, 0.8637185451133851, 0.928449542836158, 0.5108463423592704, 0.26173373631068636, 0.47151708602905273]
[0.3663529968261719, 0.11907331391210149, 0.6793257699066954, 0.662342625659028, 0.8874399597839453, 0.8695652173913043, 0.8695652173913043, 0.41924949645996096, 0.8279720464883785, 0.9740538230583824, 1.0, 1.0, 0.6986014142245693, 0.928449542836158, 0.2494175774710519, 0.411733763558524, 0.43276703357696533]
[0.3663529968261719, 0.11907331391210149, 0.6793257699066954, 0.662342625659028, 0.8874399597839453, 0.8695652173913043, 0.8695652173913043, 0.5674008178710938, 0.5296473025913782, 0.9740538230583824, 1.0, 0.9740538230583824, 0.9870269115291912, 1.0, 0.530846391405378, 0.4445908410208566, 0.6002670526504517]
[0.3663529968261719, 0.11907331391210149, 0.6793257699066954, 0.662342625659028, 0.8874399597839453, 0.8695652173913043, 0.8695652173913043, 0.5776494598388672, 0.8279720464883785, 0.8853198019137842, 1.0, 1.0, 0.8637185451133851, 0.928449542836158, 0.353703362601144, 0.1517336709158761, 0.2427670955657959]
[0.3663529968261719, 0.11907331391210149, 0.6793257699066954, 0.662342625659028, 0.8874399597839453, 0.8695652173913043, 0.8695652173913043, 0.5543524169921875, 0.9440029728070535, 0.9740538230583824, 0.9740538230583824, 0.9740538230583824, 1.0, 1.0, 0.5508463723318917, 0.6103051049368722, 0.5090169906616211]
[0.3663529968261719, 0.11907331391210149, 0.6793257699066954, 0.662342625659028, 0.8874399597839453, 0.8695652173913043, 0.8695652173913043, 0.5068494415283203, 0.8279720464883785, 0.9740538230583824, 1.0, 0.9740538230583824, 0.6986014142245693, 1.0, 0.3222747530255999, 0.3817337581089565, 0.43276703357696533]
[0.3663529968261719, 0.11907331391210149, 0.6793257699066954, 0.662342625659028, 0.8874399597839453, 0.8695652173913043, 0.8695652173913043, 0.42924942016601564, 0.5131643553626942, 0.8568990856723159, 0.8568990856723159, 1.0, 1.0, 0.46147113228045034, 0.4665606362479074, 0.3817337581089565, 0.48276710510253906]
[0.3663529968261719, 0.11907331391210149, 0.6793257699066954, 0.662342625659028, 0.8874399597839453, 0.8695652173913043, 0.8695652173913043, 0.695303955078125, 0.8931401790005258, 0.7274370902267702, 0.9740538230583824, 0.9740538230583824, 1.0, 1.0, 0.530846391405378, 0.648876598903111, 0.4452669620513916]
[0.3663529968261719, 0.11907331391210149, 0.6793257699066954, 0.662342625659028, 0.8874399597839453, 0.8695652173913043, 0.8695652173913043, 0.3670978546142578, 0.7503980099341031, 0.9740538230583824, 1.0, 1.0, 0.6331483208818995, 0.791240729094169, 0.3794176919119699, 0.5174480165754046, 0.43276703357696533]
[0.3663529968261719, 0.11907331391210149, 0.6793257699066954, 0.662342625659028, 0.8874399597839453, 0.8695652173913043, 0.8695652173913043, 0.4854010009765625, 0.8155662256143756, 0.8568990856723159, 0.9740538230583824, 1.0, 1.0, 0.8447939592462124, 0.5365606035505023, 0.5174480165754046, 0.5090169906616211]
[0.3663529968261719, 0.11907331391210149, 0.6793257699066954, 0.662342625659028, 0.8874399597839453, 0.8695652173913043, 0.8695652173913043, 0.36924957275390624, 0.8279720464883785, 0.9740538230583824, 1.0, 1.0, 0.9870269115291912, 0.7151547278214618, 0.4665606362479074, 0.721733842577253, 0.43276703357696533]
[0.3663529968261719, 0.11907331391210149, 0.6793257699066954, 0.662342625659028, 0.8874399597839453, 0.8695652173913043, 0.8695652173913043, 0.37604949951171873, 0.8279720464883785, 0.9740538230583824, 1.0, 1.0, 0.9870269115291912, 0.928449542836158, 0.5108463423592704, 0.5260193688528878, 0.43276703357696533]
[0.3663529968261719, 0.11907331391210149, 0.6793257699066954, 0.662342625659028, 0.8874399597839453, 0.8695652173913043, 0.8695652173913043, 0.5408493804931641, 0.8279720464883785, 0.9740538230583824, 1.0, 1.0, 0.6986014142245693, 0.7540589197855754, 0.4665606362479074, 0.6574480874197823, 0.43276703357696533]
[0.3663529968261719, 0.11907331391210149, 0.6793257699066954, 0.662342625659028, 0.8874399597839453, 0.8695652173913043, 0.8695652173913043, 0.42620101928710935, 0.7387334654622698, 0.9740538230583824, 0.9740538230583824, 1.0, 1.0, 0.888049778487743, 0.3451320103236607, 0.33459077562604633, 0.32776713371276855]
[0.3663529968261719, 0.11907331391210149, 0.6793257699066954, 0.662342625659028, 0.8874399597839453, 0.8695652173913043, 0.8695652173913043, 0.4726979064941406, 0.6735649793454351, 0.9740538230583824, 1.0, 1.0, 0.9870269115291912, 0.928449542836158, 0.353703362601144, 0.3817337581089565, 0.43276703357696533]
[0.3663529968261719, 0.11907331391210149, 0.6793257699066954, 0.662342625659028, 0.8874399597839453, 0.8695652173913043, 0.8695652173913043, 0.6210009765625, 0.8931401790005258, 0.9740538230583824, 0.9740538230583824, 1.0, 1.0, 0.928449542836158, 0.4237034661429269, 0.4445908410208566, 0.5090169906616211]
[0.3663529968261719, 0.11907331391210149, 0.6793257699066954, 0.662342625659028, 0.8874399597839453, 0.8695652173913043, 0.8695652173913043, 0.49340095520019533, 0.5296473025913782, 0.7527954408285628, 1.0, 0.9740538230583824, 0.777960235840201, 1.0, 0.5508463723318917, 0.4445908410208566, 0.47401702404022217]
[0.3663529968261719, 0.11907331391210149, 0.6793257699066954, 0.662342625659028, 0.8874399597839453, 0.8695652173913043, 0.8695652173913043, 0.5211524200439454, 0.7503980099341031, 0.598831034082203, 1.0, 0.6895879184924247, 0.6986014142245693, 1.0, 0.4408463069370815, 0.3817337581089565, 0.43276703357696533]
[0.3663529968261719, 0.11907331391210149, 0.6793257699066954, 0.662342625659028, 0.8874399597839453, 0.8695652173913043, 0.8695652173913043, 0.33124954223632813, 0.8155662256143756, 0.9740538230583824, 0.9740538230583824, 1.0, 1.0, 0.7540589197855754, 0.4665606362479074, 0.46030521392822266, 0.4877671003341675]
[0.3663529968261719, 0.11907331391210149, 0.6793257699066954, 0.662342625659028, 0.8874399597839453, 0.8695652173913043, 0.8695652173913043, 0.5778009796142578, 0.922026946180979, 0.9803038230583824, 1.0, 0.9740538230583824, 0.777960235840201, 1.0, 0.5508463723318917, 0.46601949419294086, 0.43276703357696533]
[0.3663529968261719, 0.11907331391210149, 0.6793257699066954, 0.662342625659028, 0.8874399597839453, 0.8695652173913043, 0.8695652173913043, 0.42004951477050784, 0.7503980099341031, 0.9740538230583824, 1.0, 1.0, 0.9870269115291912, 0.928449542836158, 0.5108463423592704, 0.5174480165754046, 0.6002670526504517]
[0.3663529968261719, 0.11907331391210149, 0.6793257699066954, 0.662342625659028, 0.8874399597839453, 0.8695652173913043, 0.8695652173913043, 0.4356493377685547, 0.5296473025913782, 0.9803038230583824, 1.0, 0.9740538230583824, 0.8637185451133851, 1.0, 0.530846391405378, 0.3817337581089565, 0.3340170383453369]
[0.3663529968261719, 0.11907331391210149, 0.6793257699066954, 0.662342625659028, 0.8874399597839453, 0.8695652173913043, 0.8695652173913043, 0.5590010833740234, 0.7503980099341031, 0.9740538230583824, 1.0, 1.0, 0.6331483208818995, 0.888049778487743, 0.5365606035505023, 0.5174480165754046, 0.43276703357696533]
[0.3663529968261719, 0.11907331391210149, 0.6793257699066954, 0.662342625659028, 0.8874399597839453, 0.8695652173913043, 0.8695652173913043, 0.5028495025634766, 0.8279720464883785, 0.9740538230583824, 1.0, 1.0, 0.6986014142245693, 0.888049778487743, 0.6237034116472516, 0.3817337581089565, 0.43276703357696533]
[0.3663529968261719, 0.11907331391210149, 0.6793257699066954, 0.662342625659028, 0.8874399597839453, 0.8695652173913043, 0.8695652173913043, 0.5199525451660156, 0.6724625929824442, 0.8568990856723159, 0.8568990856723159, 1.0, 1.0, 0.8447939592462124, 0.5365606035505023, 0.1517336709158761, 0.6965171098709106]
[0.3663529968261719, 0.11907331391210149, 0.6793257699066954, 0.662342625659028, 0.8874399597839453, 0.8695652173913043, 0.8695652173913043, 0.5799525451660156, 0.9440029728070535, 0.9740538230583824, 0.9740538230583824, 1.0, 1.0, 0.928449542836158, 0.16227476937430246, 0.5174480165754046, 0.34901702404022217]
[0.3663529968261719, 0.11907331391210149, 0.6793257699066954, 0.662342625659028, 0.8874399597839453, 0.8695652173913043, 0.8695652173913043, 0.3720494079589844, 0.43551756090084615, 0.9740538230583824, 0.9740538230583824, 1.0, 1.0, 0.928449542836158, 0.5108463423592704, 0.33459077562604633, 0.5477670431137085]
[0.6166443810096154, 0.7848656881703311, 0.6203733329815252, 0.6048639996569871, 0.817807790287987, 0.8695652173913043, 0.8695652173913043, 0.5780494689941407, 0.6318172791886876, 0.9740538230583824, 0.9740538230583824, 1.0, 1.0, 0.8614211132496683, 0.6708463941301618, 0.6031623567853656, 0.5477670431137085]
[0.6166443810096154, 0.7848656881703311, 0.6203733329815252, 0.6048639996569871, 0.817807790287987, 0.8695652173913043, 0.8695652173913043, 0.5038010406494141, 0.6528045816675245, 0.7274370902267702, 0.7274370902267702, 1.0, 1.0, 0.5296626696047702, 0.48084633690970285, 0.7231623785836356, 0.4715169668197632]
[0.6166443810096154, 0.7848656881703311, 0.6203733329815252, 0.6048639996569871, 0.817807790287987, 0.8695652173913043, 0.8695652173913043, 0.32044937133789064, 0.3099630746819078, 0.8568990856723159, 0.8568990856723159, 0.9803038230583824, 1.0, 1.0, 0.33941773005894255, 0.6031623567853656, 0.4827669858932495]
[0.6166443810096154, 0.7848656881703311, 0.6203733329815252, 0.6048639996569871, 0.817807790287987, 0.8695652173913043, 0.8695652173913043, 0.6509040832519531, 0.8385105952286825, 0.6173906628461714, 0.6173906628461714, 1.0, 1.0, 0.6468716025932679, 0.48084633690970285, 0.2631623404366629, 0.6002670526504517]
[0.6166443810096154, 0.7848656881703311, 0.6203733329815252, 0.6048639996569871, 0.817807790287987, 0.8695652173913043, 0.8695652173913043, 0.11879501342773438, 0.1221742317452764, 1.0, 1.0, 1.0, 0.10308450803507696, 0.10308450803507696, 0.48084633690970285, 0.6031623567853656, 0.3340170383453369]
[0.6166443810096154, 0.7848656881703311, 0.6203733329815252, 0.6048639996569871, 0.817807790287987, 0.8695652173913043, 0.8695652173913043, 0.6368070220947266, 0.6026314850151898, 0.5083344176583479, 0.7274370902267702, 0.5961677156031961, 1.0, 1.0, 0.7151321002415248, 0.6031623567853656, 0.577767014503479]
[0.6172271493765025, 0.7646805140621593, 0.8584243881773784, 0.925, 0.925, 0.6649395774453559, 0.9832548334319181, 0.42484939575195313, 0.7234497649667655, 0.8853198019137842, 1.0, 0.8853198019137842, 0.7426461727370446, 1.0, 0.6951320511954171, 0.46601949419294086, 0.6127669811248779]
[0.6172271493765025, 0.7646805140621593, 0.8584243881773784, 0.925, 0.925, 0.6649395774453559, 0.9832548334319181, 0.5388494110107422, 0.7234497649667655, 0.8922955326692157, 1.0, 1.0, 0.7793040843186139, 0.9901519115291911, 0.5751320975167411, 0.3245909554617746, 0.6540170311927795]
[0.6172271493765025, 0.7646805140621593, 0.8584243881773784, 0.925, 0.925, 0.6649395774453559, 0.9832548334319181, 0.5635405731201172, 0.6092923468317862, 0.9803038230583824, 1.0, 1.0, 0.8078785813559884, 0.9901519115291911, 0.6951320511954171, 0.44601944514683317, 0.5077669620513916]
[0.6172271493765025, 0.7646805140621593, 0.8584243881773784, 0.925, 0.925, 0.6649395774453559, 0.9832548334319181, 0.6892494964599609, 0.8801732417624232, 0.9740538230583824, 1.0, 1.0, 0.928449542836158, 0.9426599009568921, 0.6879891668047223, 0.5660194669451032, 0.717767059803009]
[0.6172271493765025, 0.7646805140621593, 0.8584243881773784, 0.925, 0.925, 0.6649395774453559, 0.9832548334319181, 0.6713038635253906, 0.7342159830217666, 0.7469357777569527, 0.7469357777569527, 0.8853198019137842, 1.0, 1.0, 0.6951320511954171, 0.3245909554617746, 0.7915170192718506]
[0.6172271493765025, 0.7646805140621593, 0.8584243881773784, 0.925, 0.925, 0.6649395774453559, 0.9832548334319181, 0.17079513549804687, 0.17115608441932467, 1.0, 1.0, 1.0, 0.14441294622880518, 0.14441294622880518, 0.5051320620945522, 0.44601944514683317, 0.6127669811248779]
[0.6172271493765025, 0.7646805140621593, 0.8584243881773784, 0.925, 0.925, 0.6649395774453559, 0.9832548334319181, 0.4224494171142578, 0.6589325924697823, 0.8922955326692157, 1.0, 0.8853198019137842, 0.7793040843186139, 1.0, 0.6708463260105678, 0.44601944514683317, 0.6690170764923096]
[0.3154790203387921, 0.5596212334661896, 0.9101948305476362, 0.9678715292233531, 0.8874399597839453, 0.8695652173913043, 0.8695652173913043, 0.5100494384765625, 0.6149944857830969, 0.8848095646447752, 1.0, 1.0, 0.8734678888784764, 0.6102482382451383, 0.4294177464076451, 0.7645910126822335, 0.4027670621871948]
[0.3154790203387921, 0.5596212334661896, 0.9101948305476362, 0.9678715292233531, 0.8874399597839453, 0.8695652173913043, 0.8695652173913043, 0.6894554901123047, 0.8634763080778782, 0.5808243973834601, 0.5808243973834601, 1.0, 1.0, 0.7889780416508687, 0.4537034715924944, 0.7317337989807129, 0.5840170383453369]
[0.3154790203387921, 0.5596212334661896, 0.9101948305476362, 0.9678715292233531, 0.8874399597839453, 0.8695652173913043, 0.8695652173913043, 0.635801010131836, 0.808754918576537, 0.7760995569754862, 1.0, 1.0, 0.8734678888784764, 0.7162151649924169, 0.4294177464076451, 0.5245909009660993, 0.43901705741882324]
[0.3154790203387921, 0.5596212334661896, 0.9101948305476362, 0.9678715292233531, 0.8874399597839453, 0.8695652173913043, 0.8695652173913043, 0.37069793701171877, 0.5246431246588644, 0.9803038230583824, 1.0, 1.0, 0.8734678888784764, 0.5184929414837842, 0.4294177464076451, 0.7074480056762695, 0.4027670621871948]
[0.3154790203387921, 0.5596212334661896, 0.9101948305476362, 0.9678715292233531, 0.8874399597839453, 0.8695652173913043, 0.8695652173913043, 0.48604957580566405, 0.808754918576537, 0.9740538230583824, 1.0, 1.0, 0.928449542836158, 0.7466467669962243, 0.4294177464076451, 0.5945908682686942, 0.6065170764923096]
[0.3154790203387921, 0.5596212334661896, 0.9101948305476362, 0.9678715292233531, 0.8874399597839453, 0.8695652173913043, 0.8695652173913043, 0.3890979766845703, 0.477030677374859, 0.9740538230583824, 1.0, 1.0, 0.928449542836158, 0.46408798821814223, 0.4294177464076451, 0.6445909227643695, 0.5752670764923096]
[0.3154790203387921, 0.5596212334661896, 0.9101948305476362, 0.9678715292233531, 0.8874399597839453, 0.8695652173913043, 0.8695652173913043, 0.6474554443359375, 0.7165252261351358, 0.473654191826379, 0.473654191826379, 1.0, 1.0, 0.6102482382451383, 0.4294177464076451, 0.7645910126822335, 0.8290171027183533]
[0.3154790203387921, 0.5596212334661896, 0.9101948305476362, 0.9678715292233531, 0.8874399597839453, 0.8695652173913043, 0.8695652173913043, 0.4938009643554688, 0.8075804627048622, 0.8568990856723159, 0.8568990856723159, 1.0, 1.0, 0.7162151649924169, 0.4294177464076451, 0.4903052193777902, 0.6715171337127686]
[0.3154790203387921, 0.5596212334661896, 0.9101948305476362, 0.9678715292233531, 0.8874399597839453, 0.8695652173913043, 0.8695652173913043, 0.21174652099609376, 0.28093492294220795, 0.9803038230583824, 1.0, 1.0, 0.23703884123248797, 0.928449542836158, 0.27227483476911274, 0.6445909227643695, 0.3640170097351074]
[0.3154790203387921, 0.5596212334661896, 0.9101948305476362, 0.9678715292233531, 0.8874399597839453, 0.8695652173913043, 0.8695652173913043, 0.5951524353027344, 0.670303022964319, 0.6676010336221093, 0.6676010336221093, 1.0, 1.0, 0.6102482382451383, 0.4294177464076451, 0.6531622750418526, 0.4027670621871948]
[0.3154790203387921, 0.5596212334661896, 0.9101948305476362, 0.9678715292233531, 0.8874399597839453, 0.8695652173913043, 0.8695652173913043, 0.6894554901123047, 0.8634763080778782, 0.5808243973834601, 0.5808243973834601, 1.0, 1.0, 0.7889780416508687, 0.4537034715924944, 0.7317337989807129, 0.5840170383453369]
[0.3154790203387921, 0.5596212334661896, 0.9101948305476362, 0.9678715292233531, 0.8874399597839453, 0.8695652173913043, 0.8695652173913043, 0.6050009918212891, 0.9377667900375336, 0.9740538230583824, 0.9740538230583824, 1.0, 1.0, 0.8920710191415949, 0.5837034497942243, 0.4903052193777902, 0.4965170621871948]
[0.3154790203387921, 0.5596212334661896, 0.9101948305476362, 0.9678715292233531, 0.8874399597839453, 0.8695652173913043, 0.8695652173913043, 0.4994009399414063, 0.6149944857830969, 0.8568990856723159, 1.0, 0.8568990856723159, 0.9870269115291912, 1.0, 0.5894176619393485, 0.7074480056762695, 0.5015170574188232]
[0.3154790203387921, 0.5596212334661896, 0.9101948305476362, 0.9678715292233531, 0.8874399597839453, 0.8695652173913043, 0.8695652173913043, 0.5688494873046875, 0.7441718490622669, 0.8568990856723159, 1.0, 1.0, 0.6278949976462876, 0.8537325320308962, 0.6679891858782087, 0.6445909227643695, 0.5015170574188232]
[0.3154790203387921, 0.5596212334661896, 0.9101948305476362, 0.9678715292233531, 0.8874399597839453, 0.8695652173913043, 0.8695652173913043, 0.33989791870117186, 0.6795833787897301, 0.9740538230583824, 1.0, 1.0, 0.9870269115291912, 0.6464382942310043, 0.4294177464076451, 0.6003051485334124, 0.27276694774627686]
[0.3154790203387921, 0.5596212334661896, 0.9101948305476362, 0.9678715292233531, 0.8874399597839453, 0.8695652173913043, 0.8695652173913043, 0.4510978698730469, 0.25523269981638697, 0.8568990856723159, 0.8568990856723159, 1.0, 1.0, 0.2153525904700765, 0.4294177464076451, 0.9117338316781181, 0.3640170097351074]
[0.3154790203387921, 0.5596212334661896, 0.9101948305476362, 0.9678715292233531, 0.8874399597839453, 0.8695652173913043, 0.8695652173913043, 0.12199508666992187, 0.12719915898480427, 1.0, 1.0, 1.0, 0.10732429039342861, 0.10732429039342861, 0.4294177464076451, 0.6445909227643695, 0.3640170097351074]
[0.45778674199030955, 0.6257802362254501, 0.8867403166047947, 0.925, 0.9678715292233531, 0.5441567271525652, 0.8695652173913043, 0.5679524993896484, 0.812982910642979, 0.7239514479723156, 1.0, 0.6701481845345987, 0.6859543308550136, 1.0, 0.5551319803510394, 0.6860194887433734, 0.32151710987091064]
[0.45778674199030955, 0.6257802362254501, 0.8867403166047947, 0.925, 0.9678715292233531, 0.5441567271525652, 0.8695652173913043, 0.4876495361328125, 0.7872035169894066, 0.9740538230583824, 0.9740538230583824, 1.0, 1.0, 0.5980707764726005, 0.337989125932966, 0.7303051948547363, 0.6302671432495117]
[0.45778674199030955, 0.6257802362254501, 0.8867403166047947, 0.925, 0.9678715292233531, 0.5441567271525652, 0.8695652173913043, 0.5679524993896484, 0.812982910642979, 0.7239514479723156, 1.0, 0.6701481845345987, 0.6859543308550136, 1.0, 0.5551319803510394, 0.6860194887433734, 0.47526705265045166]
[0.45778674199030955, 0.6257802362254501, 0.8867403166047947, 0.925, 0.9678715292233531, 0.5441567271525652, 0.8695652173913043, 0.6966009521484375, 0.8764590412320611, 0.8568990856723159, 0.9740538230583824, 1.0, 1.0, 0.8981597771341434, 0.5551319803510394, 0.7288767269679478, 0.6340171694755554]
[0.45778674199030955, 0.6257802362254501, 0.8867403166047947, 0.925, 0.9678715292233531, 0.5441567271525652, 0.8695652173913043, 0.41629806518554685, 0.723727014502181, 0.9740538230583824, 1.0, 1.0, 0.9870269115291912, 0.5570431259240209, 0.337989125932966, 0.8060195786612374, 0.6627671122550964]
[0.45778674199030955, 0.6257802362254501, 0.8867403166047947, 0.925, 0.9678715292233531, 0.5441567271525652, 0.8695652173913043, 0.34524940490722655, 0.6246440548770101, 0.8848095646447752, 1.0, 0.8848095646447752, 0.5270434213024773, 1.0, 0.22513198852539062, 0.4688765662057059, 0.5577670335769653]
[0.45778674199030955, 0.6257802362254501, 0.8867403166047947, 0.925, 0.9678715292233531, 0.5441567271525652, 0.8695652173913043, 0.7330010223388672, 0.9120636983289013, 0.8932650963317723, 1.0, 1.0, 0.8448209985509371, 0.8981597771341434, 0.5551319803510394, 0.6860194887433734, 0.5577670335769653]
[0.45778674199030955, 0.6257802362254501, 0.8867403166047947, 0.925, 0.9678715292233531, 0.5441567271525652, 0.8695652173913043, 0.5760494995117188, 0.6881205623242665, 0.9740538230583824, 0.9740538230583824, 1.0, 1.0, 0.8981597771341434, 0.5994177545819964, 0.7303052629743304, 0.6340171694755554]
[0.45778674199030955, 0.6257802362254501, 0.8867403166047947, 0.925, 0.9678715292233531, 0.5441567271525652, 0.8695652173913043, 0.6384494781494141, 0.723727014502181, 0.8932650963317723, 1.0, 1.0, 0.8448209985509371, 0.8981597771341434, 0.5551319803510394, 0.6860194887433734, 0.5577670335769653]
[0.45778674199030955, 0.6257802362254501, 0.8867403166047947, 0.925, 0.9678715292233531, 0.5441567271525652, 0.8695652173913043, 0.6546011352539063, 0.8326352246060841, 0.8568990856723159, 0.9740538230583824, 1.0, 1.0, 0.6413454397685601, 0.337989125932966, 0.6517338071550641, 0.47526705265045166]
[0.45778674199030955, 0.6257802362254501, 0.8867403166047947, 0.925, 0.9678715292233531, 0.5441567271525652, 0.8695652173913043, 0.47044960021972654, 0.6881205623242665, 0.9740538230583824, 0.9740538230583824, 1.0, 1.0, 0.5137703679104398, 0.337989125932966, 0.5288765771048409, 0.44401705265045166]
[0.45778674199030955, 0.6257802362254501, 0.8867403166047947, 0.925, 0.9678715292233531, 0.5441567271525652, 0.8695652173913043, 0.38934638977050784, 0.42483286265804415, 0.9740538230583824, 1.0, 1.0, 0.35845272786772475, 0.8981597771341434, 0.5551319803510394, 0.6860194887433734, 0.5577670335769653]
[0.45778674199030955, 0.6257802362254501, 0.8867403166047947, 0.925, 0.9678715292233531, 0.5441567271525652, 0.8695652173913043, 0.5960494995117187, 0.8326352246060841, 0.9740538230583824, 0.9740538230583824, 1.0, 1.0, 0.8981597771341434, 0.5551319803510394, 0.7360196113586426, 0.6127671003341675]
[0.45778674199030955, 0.6257802362254501, 0.8867403166047947, 0.925, 0.9678715292233531, 0.5441567271525652, 0.8695652173913043, 0.459097900390625, 0.488320452911243, 0.9740538230583824, 0.9740538230583824, 1.0, 1.0, 0.8981597771341434, 0.5551319803510394, 0.6860194887433734, 0.6340171694755554]
[0.45778674199030955, 0.6257802362254501, 0.8867403166047947, 0.925, 0.9678715292233531, 0.5441567271525652, 0.8695652173913043, 0.6314009094238281, 0.7396106079900409, 0.9740538230583824, 0.9740538230583824, 1.0, 1.0, 0.9424047823223877, 0.7594177382332938, 0.8903052466256278, 0.6127671003341675]
[0.45778674199030955, 0.6257802362254501, 0.8867403166047947, 0.925, 0.9678715292233531, 0.5441567271525652, 0.8695652173913043, 0.48604942321777345, 0.8644727321639597, 0.9740538230583824, 1.0, 0.9740538230583824, 0.729398867763341, 1.0, 0.4937035015651158, 0.7360196113586426, 0.5577670335769653]
[0.45778674199030955, 0.6257802362254501, 0.8867403166047947, 0.925, 0.9678715292233531, 0.5441567271525652, 0.8695652173913043, 0.5256494140625, 0.5395292927631012, 0.8568990856723159, 0.8568990856723159, 1.0, 1.0, 0.8981597771341434, 0.44227484294346403, 0.6860194887433734, 0.6765170693397522]
[0.45778674199030955, 0.6257802362254501, 0.8867403166047947, 0.925, 0.9678715292233531, 0.5441567271525652, 0.8695652173913043, 0.6224494934082031, 0.8764590412320611, 0.9740538230583824, 0.9740538230583824, 1.0, 1.0, 0.8981597771341434, 0.5551319803510394, 0.5288765771048409, 0.6127671003341675]
[0.45778674199030955, 0.6257802362254501, 0.8867403166047947, 0.925, 0.9678715292233531, 0.5441567271525652, 0.8695652173913043, 0.41684951782226565, 0.46187614966024604, 0.8568990856723159, 0.8568990856723159, 1.0, 1.0, 0.3548530373625871, 0.337989125932966, 0.6860194887433734, 0.5952670574188232]
[0.45778674199030955, 0.6257802362254501, 0.8867403166047947, 0.925, 0.9678715292233531, 0.5441567271525652, 0.8695652173913043, 0.6062008666992188, 0.7872035169894066, 0.8568990856723159, 0.9740538230583824, 1.0, 1.0, 0.9424047823223877, 0.5208463668823242, 0.7360196113586426, 0.6515171527862549]
[0.45778674199030955, 0.6257802362254501, 0.8867403166047947, 0.925, 0.9678715292233531, 0.5441567271525652, 0.8695652173913043, 0.9752614974975586, 0.9643523791809723, 0.14097627150921777, 0.14097627150921777, 1.0, 1.0, 0.8981597771341434, 0.3794176919119699, 0.6003051485334124, 0.42026710510253906]
[0.45778674199030955, 0.6257802362254501, 0.8867403166047947, 0.925, 0.9678715292233531, 0.5441567271525652, 0.8695652173913043, 0.9432615661621093, 0.9643523791809723, 0.14097627150921777, 0.14097627150921777, 1.0, 1.0, 0.8981597771341434, 0.3794176919119699, 0.5288765771048409, 0.42026710510253906]
[0.45778674199030955, 0.6257802362254501, 0.8867403166047947, 0.925, 0.9678715292233531, 0.5441567271525652, 0.8695652173913043, 0.9538555908203125, 0.9574909240611452, 0.6500482617896355, 1.0, 1.0, 0.8448209985509371, 0.8981597771341434, 0.5637034688677106, 0.5288765771048409, 0.46276700496673584]
[0.45778674199030955, 0.6257802362254501, 0.8867403166047947, 0.925, 0.9678715292233531, 0.5441567271525652, 0.8695652173913043, 0.522697982788086, 0.812982910642979, 0.9740538230583824, 1.0, 1.0, 0.729398867763341, 0.8981597771341434, 0.5994177545819964, 0.6645909718104771, 0.5577670335769653]
[0.45778674199030955, 0.6257802362254501, 0.8867403166047947, 0.925, 0.9678715292233531, 0.5441567271525652, 0.8695652173913043, 0.4158979034423828, 0.812982910642979, 0.9803038230583824, 1.0, 1.0, 0.6859543308550136, 0.9424047823223877, 0.5208463668823242, 0.6417337145124163, 0.5577670335769653]
[0.45778674199030955, 0.6257802362254501, 0.8867403166047947, 0.925, 0.9678715292233531, 0.5441567271525652, 0.8695652173913043, 0.6332494354248047, 0.812982910642979, 0.8848095646447752, 1.0, 1.0, 0.7695537454650105, 0.8981597771341434, 0.5551319803510394, 0.7360196113586426, 0.4515169858932495]
[0.45778674199030955, 0.6257802362254501, 0.8867403166047947, 0.925, 0.9678715292233531, 0.5441567271525652, 0.8695652173913043, 0.5060494995117187, 0.5399021552816614, 0.9740538230583824, 0.9740538230583824, 1.0, 1.0, 0.9424047823223877, 0.6465606008257184, 0.6860194887433734, 0.5165170431137085]
[0.45778674199030955, 0.6257802362254501, 0.8867403166047947, 0.925, 0.9678715292233531, 0.5441567271525652, 0.8695652173913043, 0.3610980224609375, 0.488320452911243, 0.9740538230583824, 0.9740538230583824, 1.0, 1.0, 0.3548530373625871, 0.337989125932966, 0.6860194887433734, 0.5952670574188232]
[0.45778674199030955, 0.6257802362254501, 0.8867403166047947, 0.925, 0.9678715292233531, 0.5441567271525652, 0.8695652173913043, 0.48380104064941404, 0.723727014502181, 0.8096307672378475, 1.0, 0.7963195542682868, 0.7695537454650105, 1.0, 0.337989125932966, 0.6860194887433734, 0.5752670764923096]
[0.45778674199030955, 0.6257802362254501, 0.8867403166047947, 0.925, 0.9678715292233531, 0.5441567271525652, 0.8695652173913043, 0.512697982788086, 0.6761340868202772, 0.9803038230583824, 1.0, 1.0, 0.8448209985509371, 0.8981597771341434, 0.5551319803510394, 0.6860194887433734, 0.5190171003341675]
[0.45778674199030955, 0.6257802362254501, 0.8867403166047947, 0.925, 0.9678715292233531, 0.5441567271525652, 0.8695652173913043, 0.37749786376953126, 0.6761340868202772, 0.9740538230583824, 1.0, 1.0, 0.9870269115291912, 0.7258195143228237, 0.337989125932966, 0.8174481391906738, 0.5277670621871948]
[0.45778674199030955, 0.6257802362254501, 0.8867403166047947, 0.925, 0.9678715292233531, 0.5441567271525652, 0.8695652173913043, 0.37644950866699217, 0.488320452911243, 0.9740538230583824, 0.9740538230583824, 1.0, 1.0, 0.9870269115291912, 0.12084620339529854, 0.6860194887433734, 0.3265169858932495]
[0.45778674199030955, 0.6257802362254501, 0.8867403166047947, 0.925, 0.9678715292233531, 0.5441567271525652, 0.8695652173913043, 0.5952494812011718, 0.7396106079900409, 0.9740538230583824, 0.9740538230583824, 1.0, 1.0, 0.8981597771341434, 0.5551319803510394, 0.6860194887433734, 0.739017128944397]
[0.45778674199030955, 0.6257802362254501, 0.8867403166047947, 0.925, 0.9678715292233531, 0.5441567271525652, 0.8695652173913043, 0.6382009887695312, 0.8838439349547932, 0.8568990856723159, 0.8568990856723159, 1.0, 1.0, 0.8981597771341434, 0.5551319803510394, 0.6417337145124163, 0.6952671408653259]
[0.45778674199030955, 0.6257802362254501, 0.8867403166047947, 0.925, 0.9678715292233531, 0.5441567271525652, 0.8695652173913043, 0.4010980224609375, 0.488320452911243, 0.9740538230583824, 0.9740538230583824, 1.0, 1.0, 0.3548530373625871, 0.337989125932966, 0.6860194887433734, 0.47526705265045166]
[0.45778674199030955, 0.6257802362254501, 0.8867403166047947, 0.925, 0.9678715292233531, 0.5441567271525652, 0.8695652173913043, 0.5143524169921875, 0.488320452911243, 0.6896419971018741, 0.9740538230583824, 0.6701481845345987, 1.0, 1.0, 0.7594177382332938, 0.6860194887433734, 0.6127671003341675]
[0.45778674199030955, 0.6257802362254501, 0.8867403166047947, 0.925, 0.9678715292233531, 0.5441567271525652, 0.8695652173913043, 0.4702008819580078, 0.509867876211112, 0.7766441544696081, 0.7766441544696081, 1.0, 1.0, 0.9424047823223877, 0.5208463668823242, 0.6860194887433734, 0.6727671027183533]
[0.45778674199030955, 0.6257802362254501, 0.8867403166047947, 0.925, 0.9678715292233531, 0.5441567271525652, 0.8695652173913043, 0.1679949951171875, 0.1687399785989872, 1.0, 1.0, 1.0, 0.14237435694289546, 0.14237435694289546, 0.337989125932966, 0.6860194887433734, 0.5577670335769653]
[0.45778674199030955, 0.6257802362254501, 0.8867403166047947, 0.925, 0.9678715292233531, 0.5441567271525652, 0.8695652173913043, 0.6318009948730469, 0.7393294174229732, 0.8568990856723159, 0.8568990856723159, 1.0, 1.0, 0.8981597771341434, 0.5994177545819964, 0.7303052629743304, 0.6952671408653259]
[0.45778674199030955, 0.6257802362254501, 0.8867403166047947, 0.925, 0.9678715292233531, 0.5441567271525652, 0.8695652173913043, 0.7130009460449219, 0.9279478369366734, 0.9740538230583824, 0.9740538230583824, 1.0, 1.0, 0.8981597771341434, 0.5994177545819964, 0.7803053174700055, 0.6340171694755554]
[0.45778674199030955, 0.6257802362254501, 0.8867403166047947, 0.925, 0.9678715292233531, 0.5441567271525652, 0.8695652173913043, 0.6264495086669922, 0.723727014502181, 0.8932650963317723, 1.0, 1.0, 0.8448209985509371, 0.8981597771341434, 0.5551319803510394, 0.6860194887433734, 0.6977671384811401]
[0.45778674199030955, 0.6257802362254501, 0.8867403166047947, 0.925, 0.9678715292233531, 0.5441567271525652, 0.8695652173913043, 0.5212493896484375, 0.3338316091943738, 0.8568990856723159, 0.9740538230583824, 0.8848095646447752, 1.0, 1.0, 0.36227485111781527, 0.6860194887433734, 0.6340171694755554]
[0.45778674199030955, 0.6257802362254501, 0.8867403166047947, 0.925, 0.9678715292233531, 0.5441567271525652, 0.8695652173913043, 0.528449478149414, 0.5882315152967048, 0.9740538230583824, 0.9740538230583824, 1.0, 1.0, 0.8981597771341434, 0.5551319803510394, 0.6860194887433734, 0.44401705265045166]
[0.6515510617769682, 0.6050280809083454, 0.475690239771465, 0.4637979837771784, 0.9678715292233531, 0.8695652173913043, 0.8695652173913043, 0.3911949920654297, 0.37414497796832474, 1.0, 1.0, 1.0, 0.315684825160774, 0.315684825160774, 0.6465606008257184, 0.9045910154070173, 0.6952671408653259]
[0.4639634704589844, 0.6801320169349206, 0.006411327341971047, 0.00625104415842177, 0.9678715292233531, 0.8695652173913043, 0.8695652173913043, 0.4724494171142578, 0.7684071441817458, 0.8568990856723159, 1.0, 1.0, 0.7945560145297567, 0.8537994933384543, 0.5365606035505023, 0.50030517578125, 0.5015170574188232]
[0.4639634704589844, 0.6801320169349206, 0.006411327341971047, 0.00625104415842177, 0.9678715292233531, 0.8695652173913043, 0.8695652173913043, 0.48820091247558595, 0.659448444221581, 0.7851925852585806, 1.0, 1.0, 0.7945560145297567, 0.9870269115291912, 0.16227476937430246, 0.41601957593645367, 0.5015170574188232]
[0.4639634704589844, 0.6801320169349206, 0.006411327341971047, 0.00625104415842177, 0.9678715292233531, 0.8695652173913043, 0.8695652173913043, 0.5251524353027344, 0.820127888271748, 0.8053018617371086, 0.8053018617371086, 1.0, 1.0, 0.8537994933384543, 0.5365606035505023, 0.46030521392822266, 0.4590170383453369]
[0.4639634704589844, 0.6801320169349206, 0.006411327341971047, 0.00625104415842177, 0.9678715292233531, 0.8695652173913043, 0.8695652173913043, 0.6943524932861328, 0.8641003263877638, 0.8922955326692157, 0.8922955326692157, 1.0, 1.0, 0.8537994933384543, 0.5365606035505023, 0.6574480874197823, 0.3527669906616211]
[0.4639634704589844, 0.6801320169349206, 0.006411327341971047, 0.00625104415842177, 0.9678715292233531, 0.8695652173913043, 0.8695652173913043, 0.6058433532714844, 0.605293739143499, 0.8922955326692157, 0.9740538230583824, 0.9740538230583824, 1.0, 1.0, 0.6937034470694405, 0.41601957593645367, 0.48151707649230957]
[0.4639634704589844, 0.6801320169349206, 0.006411327341971047, 0.00625104415842177, 0.9678715292233531, 0.8695652173913043, 0.8695652173913043, 0.5089038848876953, 0.8351667125593996, 0.6980118448332182, 0.6980118448332182, 1.0, 1.0, 0.8537994933384543, 0.5365606035505023, 0.41601957593645367, 0.5015170574188232]
[0.4639634704589844, 0.6801320169349206, 0.006411327341971047, 0.00625104415842177, 0.9678715292233531, 0.8695652173913043, 0.8695652173913043, 0.39924934387207034, 0.5265701681446647, 0.8922955326692157, 0.8922955326692157, 1.0, 1.0, 0.4198783131149266, 0.3194176810128348, 0.41601957593645367, 0.3640170097351074]
[0.4639634704589844, 0.6801320169349206, 0.006411327341971047, 0.00625104415842177, 0.9678715292233531, 0.8695652173913043, 0.8695652173913043, 0.36940093994140627, 0.46198511657976615, 0.8922955326692157, 0.8922955326692157, 1.0, 1.0, 0.9870269115291912, 0.3794176919119699, 0.50030517578125, 0.4590170383453369]
[0.4639634704589844, 0.6801320169349206, 0.006411327341971047, 0.00625104415842177, 0.9678715292233531, 0.8695652173913043, 0.8695652173913043, 0.2830009460449219, 0.6566883128958052, 0.8922955326692157, 0.9740538230583824, 0.8922955326692157, 1.0, 1.0, 0.27513190678187777, 0.41601957593645367, 0.4790170192718506]
[0.4639634704589844, 0.6801320169349206, 0.006411327341971047, 0.00625104415842177, 0.9678715292233531, 0.8695652173913043, 0.8695652173913043, 0.45425537109375, 0.43563246710680764, 0.6980118448332182, 0.6980118448332182, 0.8127988257569152, 1.0, 1.0, 0.4322748865400042, 0.50030517578125, 0.4577670097351074]
[0.4639634704589844, 0.6801320169349206, 0.006411327341971047, 0.00625104415842177, 0.9678715292233531, 0.8695652173913043, 0.8695652173913043, 0.5089038848876953, 0.8351667125593996, 0.6980118448332182, 0.6980118448332182, 1.0, 1.0, 0.8537994933384543, 0.5365606035505023, 0.41601957593645367, 0.5015170574188232]
[0.4639634704589844, 0.6801320169349206, 0.006411327341971047, 0.00625104415842177, 0.9678715292233531, 0.8695652173913043, 0.8695652173913043, 0.21924942016601562, 0.2155090580289205, 0.8053018617371086, 0.8053018617371086, 1.0, 1.0, 0.18183576771190169, 0.3194176810128348, 0.50030517578125, 0.21526706218719482]
[0.4639634704589844, 0.6801320169349206, 0.006411327341971047, 0.00625104415842177, 0.9678715292233531, 0.8695652173913043, 0.8695652173913043, 0.5289039611816406, 0.820127888271748, 0.8053018617371086, 0.8053018617371086, 1.0, 1.0, 0.9870269115291912, 0.3794176919119699, 0.41601957593645367, 0.5015170574188232]
[0.4639634704589844, 0.6801320169349206, 0.006411327341971047, 0.00625104415842177, 0.9678715292233531, 0.8695652173913043, 0.8695652173913043, 0.3972493743896484, 0.706234824439214, 0.9740538230583824, 0.9740538230583824, 1.0, 1.0, 0.6677432859849011, 0.3194176810128348, 0.544590950012207, 0.3640170097351074]
[0.4639634704589844, 0.6801320169349206, 0.006411327341971047, 0.00625104415842177, 0.9678715292233531, 0.8695652173913043, 0.8695652173913043, 0.65324951171875, 0.7222920318591425, 0.9740538230583824, 1.0, 1.0, 0.9026509308685543, 0.9063994128784576, 0.5108463423592704, 0.50030517578125, 0.5577670335769653]
[0.4639634704589844, 0.6801320169349206, 0.006411327341971047, 0.00625104415842177, 0.9678715292233531, 0.8695652173913043, 0.8695652173913043, 0.6080069732666016, 0.6421669882510928, 0.4801229583578822, 0.4801229583578822, 1.0, 1.0, 0.9870269115291912, 0.16227476937430246, 0.41601957593645367, 0.4340170621871948]
[0.4639634704589844, 0.6801320169349206, 0.006411327341971047, 0.00625104415842177, 0.9678715292233531, 0.8695652173913043, 0.8695652173913043, 0.5393038940429687, 0.8351667125593996, 0.6980118448332182, 0.6980118448332182, 1.0, 1.0, 0.9870269115291912, 0.16227476937430246, 0.2831622532435826, 0.3527669906616211]
[0.4639634704589844, 0.6801320169349206, 0.006411327341971047, 0.00625104415842177, 0.9678715292233531, 0.8695652173913043, 0.8695652173913043, 0.40980087280273436, 0.8590236844377374, 0.9740538230583824, 0.9740538230583824, 1.0, 1.0, 0.8537994933384543, 0.5365606035505023, 0.30316230228969027, 0.3640170097351074]
[0.4639634704589844, 0.6801320169349206, 0.006411327341971047, 0.00625104415842177, 0.9678715292233531, 0.8695652173913043, 0.8695652173913043, 0.5182553863525391, 0.49765258095188497, 0.4801229583578822, 0.4801229583578822, 1.0, 1.0, 0.4198783131149266, 0.3194176810128348, 0.41601957593645367, 0.6190171241760254]
[0.4639634704589844, 0.6801320169349206, 0.006411327341971047, 0.00625104415842177, 0.9678715292233531, 0.8695652173913043, 0.8695652173913043, 0.6181038665771484, 0.8482486391173081, 0.5891120290595133, 0.5891120290595133, 1.0, 1.0, 0.6677432859849011, 0.3194176810128348, 0.7574481282915387, 0.5015170574188232]
[0.4639634704589844, 0.6801320169349206, 0.006411327341971047, 0.00625104415842177, 0.9678715292233531, 0.8695652173913043, 0.8695652173913043, 0.5317038726806641, 0.8351667125593996, 0.6980118448332182, 0.6980118448332182, 1.0, 1.0, 0.8537994933384543, 0.5365606035505023, 0.48030526297433035, 0.3140169382095337]
[0.4639634704589844, 0.6801320169349206, 0.006411327341971047, 0.00625104415842177, 0.9678715292233531, 0.8695652173913043, 0.8695652173913043, 0.5051523590087891, 0.7059966755380735, 0.8053018617371086, 0.8922955326692157, 1.0, 1.0, 0.558720791579502, 0.3194176810128348, 0.46030521392822266, 0.17401695251464844]
[0.4639634704589844, 0.6801320169349206, 0.006411327341971047, 0.00625104415842177, 0.9678715292233531, 0.8695652173913043, 0.8695652173913043, 0.39620094299316405, 0.659448444221581, 0.8932650963317723, 1.0, 0.8922955326692157, 0.740061479178941, 1.0, 0.05798912048339844, 0.41601957593645367, 0.43776702880859375]
[0.4639634704589844, 0.6801320169349206, 0.006411327341971047, 0.00625104415842177, 0.9678715292233531, 0.8695652173913043, 0.8695652173913043, 0.5089038848876953, 0.8351667125593996, 0.6980118448332182, 0.6980118448332182, 1.0, 1.0, 0.8537994933384543, 0.5365606035505023, 0.41601957593645367, 0.6065170764923096]
[0.4639634704589844, 0.6801320169349206, 0.006411327341971047, 0.00625104415842177, 0.9678715292233531, 0.8695652173913043, 0.8695652173913043, 0.5151523590087891, 0.6556822427414822, 0.8053018617371086, 0.8053018617371086, 1.0, 1.0, 0.5171131178902084, 0.3194176810128348, 0.6603051594325474, 0.47651708126068115]
[0.4639634704589844, 0.6801320169349206, 0.006411327341971047, 0.00625104415842177, 0.9678715292233531, 0.8695652173913043, 0.8695652173913043, 0.3314009094238281, 0.7059966755380735, 0.8922955326692157, 0.8922955326692157, 1.0, 1.0, 0.558720791579502, 0.3194176810128348, 0.30316230228969027, 0.265267014503479]
[0.4639634704589844, 0.6801320169349206, 0.006411327341971047, 0.00625104415842177, 0.9678715292233531, 0.8695652173913043, 0.8695652173913043, 0.22709793090820313, 0.659448444221581, 0.9803038230583824, 1.0, 1.0, 0.6855646399139789, 0.9870269115291912, 0.16227476937430246, 0.41601957593645367, 0.38276708126068115]
[0.4639634704589844, 0.6801320169349206, 0.006411327341971047, 0.00625104415842177, 0.9678715292233531, 0.8695652173913043, 0.8695652173913043, 0.4211524200439453, 0.8183304554516847, 0.8922955326692157, 0.8922955326692157, 1.0, 1.0, 0.9870269115291912, 0.16227476937430246, 0.30316230228969027, 0.265267014503479]
[0.4639634704589844, 0.6801320169349206, 0.006411327341971047, 0.00625104415842177, 0.9678715292233531, 0.8695652173913043, 0.8695652173913043, 0.6061039733886718, 0.6556822427414822, 0.8053018617371086, 0.8053018617371086, 1.0, 1.0, 0.9870269115291912, 0.16227476937430246, 0.41601957593645367, 0.7540171146392822]
[0.4639634704589844, 0.6801320169349206, 0.006411327341971047, 0.00625104415842177, 0.9678715292233531, 0.8695652173913043, 0.8695652173913043, 0.5146554565429687, 0.5911559132003814, 0.6980118448332182, 0.6980118448332182, 0.8922955326692157, 1.0, 1.0, 0.4922748974391392, 0.50030517578125, 0.5252670049667358]
[0.4639634704589844, 0.6801320169349206, 0.006411327341971047, 0.00625104415842177, 0.9678715292233531, 0.8695652173913043, 0.8695652173913043, 0.36940086364746094, 0.8151525933083583, 0.9740538230583824, 0.9740538230583824, 1.0, 1.0, 0.9870269115291912, 0.16227476937430246, 0.30316230228969027, 0.3640170097351074]
[0.4639634704589844, 0.6801320169349206, 0.006411327341971047, 0.00625104415842177, 0.9678715292233531, 0.8695652173913043, 0.8695652173913043, 0.3508493041992187, 0.605293739143499, 0.8922955326692157, 0.9740538230583824, 1.0, 1.0, 0.4734920133567835, 0.3194176810128348, 0.528876713344029, 0.4790170192718506]
[0.4639634704589844, 0.6801320169349206, 0.006411327341971047, 0.00625104415842177, 0.9678715292233531, 0.8695652173913043, 0.8695652173913043, 0.3794009399414062, 0.6546024794915043, 0.8922955326692157, 0.8922955326692157, 1.0, 1.0, 0.9870269115291912, 0.16227476937430246, 0.35887650081089567, 0.4027670621871948]
[0.4639634704589844, 0.6801320169349206, 0.006411327341971047, 0.00625104415842177, 0.9678715292233531, 0.8695652173913043, 0.8695652173913043, 0.5918434143066407, 0.5910937177940445, 0.8922955326692157, 0.8922955326692157, 0.9740538230583824, 1.0, 1.0, 0.3794176919119699, 0.41601957593645367, 0.5640170574188232]
[0.4639634704589844, 0.6801320169349206, 0.006411327341971047, 0.00625104415842177, 0.9678715292233531, 0.8695652173913043, 0.8695652173913043, 0.31475234985351563, 0.3058301534161316, 0.8053018617371086, 0.8053018617371086, 0.8922955326692157, 1.0, 1.0, 0.27513190678187777, 0.50030517578125, 0.17401695251464844]
[0.4639634704589844, 0.6801320169349206, 0.006411327341971047, 0.00625104415842177, 0.9678715292233531, 0.8695652173913043, 0.8695652173913043, 0.5346009063720704, 0.8183304554516847, 0.8922955326692157, 0.8922955326692157, 1.0, 1.0, 0.7875609860722568, 0.4537034715924944, 0.50030517578125, 0.520267128944397]
[0.4639634704589844, 0.6801320169349206, 0.006411327341971047, 0.00625104415842177, 0.9678715292233531, 0.8695652173913043, 0.8695652173913043, 0.32084930419921875, 0.5265701681446647, 0.8922955326692157, 0.8922955326692157, 1.0, 1.0, 0.4198783131149266, 0.3194176810128348, 0.41601957593645367, 0.270267128944397]
[0.4639634704589844, 0.6801320169349206, 0.006411327341971047, 0.00625104415842177, 0.9678715292233531, 0.8695652173913043, 0.8695652173913043, 0.36524932861328124, 0.8125210547128638, 0.9803038230583824, 1.0, 1.0, 0.9870269115291912, 0.8537994933384543, 0.5365606035505023, 0.48030526297433035, 0.21526706218719482]
[0.4639634704589844, 0.6801320169349206, 0.006411327341971047, 0.00625104415842177, 0.9678715292233531, 0.8695652173913043, 0.8695652173913043, 0.4224494171142578, 0.659448444221581, 0.8932650963317723, 1.0, 1.0, 0.740061479178941, 0.9870269115291912, 0.16227476937430246, 0.41601957593645367, 0.5640170574188232]
[0.4639634704589844, 0.6801320169349206, 0.006411327341971047, 0.00625104415842177, 0.9678715292233531, 0.8695652173913043, 0.8695652173913043, 0.5382554626464844, 0.6556324401631876, 0.5891120290595133, 0.5891120290595133, 1.0, 1.0, 0.9870269115291912, 0.16227476937430246, 0.41601957593645367, 0.4902670383453369]
[0.4639634704589844, 0.6801320169349206, 0.006411327341971047, 0.00625104415842177, 0.9678715292233531, 0.8695652173913043, 0.8695652173913043, 0.654243392944336, 0.5910937177940445, 0.8922955326692157, 0.8922955326692157, 0.9740538230583824, 1.0, 1.0, 0.6937034470694405, 0.41601957593645367, 0.3640170097351074]
[0.4639634704589844, 0.6801320169349206, 0.006411327341971047, 0.00625104415842177, 0.9678715292233531, 0.8695652173913043, 0.8695652173913043, 0.42475242614746095, 0.7202644833437986, 0.6980118448332182, 0.6980118448332182, 1.0, 1.0, 0.558720791579502, 0.3194176810128348, 0.544590950012207, 0.5815171003341675]
[0.4639634704589844, 0.6801320169349206, 0.006411327341971047, 0.00625104415842177, 0.9678715292233531, 0.8695652173913043, 0.8695652173913043, 0.568091812133789, 0.605293739143499, 0.9740538230583824, 0.9740538230583824, 0.9740538230583824, 1.0, 1.0, 0.3794176919119699, 0.41601957593645367, 0.5252670049667358]
[0.4639634704589844, 0.6801320169349206, 0.006411327341971047, 0.00625104415842177, 0.9678715292233531, 0.8695652173913043, 0.8695652173913043, 0.5767523956298828, 0.8183304554516847, 0.8922955326692157, 0.8922955326692157, 1.0, 1.0, 0.8537994933384543, 0.5365606035505023, 0.41601957593645367, 0.5402669906616211]
[0.4639634704589844, 0.6801320169349206, 0.006411327341971047, 0.00625104415842177, 0.9678715292233531, 0.8695652173913043, 0.8695652173913043, 0.6484069061279297, 0.8475034921505369, 0.4801229583578822, 0.4801229583578822, 1.0, 1.0, 0.8537994933384543, 0.5365606035505023, 0.41601957593645367, 0.580267071723938]
[0.4639634704589844, 0.6801320169349206, 0.006411327341971047, 0.00625104415842177, 0.9678715292233531, 0.8695652173913043, 0.8695652173913043, 0.4211524200439453, 0.8183304554516847, 0.8922955326692157, 0.8922955326692157, 1.0, 1.0, 0.9870269115291912, 0.16227476937430246, 0.30316230228969027, 0.3215169906616211]
[0.4639634704589844, 0.6801320169349206, 0.006411327341971047, 0.00625104415842177, 0.9678715292233531, 0.8695652173913043, 0.8695652173913043, 0.5761038970947265, 0.8847040110589601, 0.6980118448332182, 0.6980118448332182, 1.0, 1.0, 0.7875609860722568, 0.4537034715924944, 0.41601957593645367, 0.6165170669555664]
[0.4639634704589844, 0.6801320169349206, 0.006411327341971047, 0.00625104415842177, 0.9678715292233531, 0.8695652173913043, 0.8695652173913043, 0.47425537109375, 0.7191909964343383, 0.8053018617371086, 0.8053018617371086, 0.8127988257569152, 1.0, 1.0, 0.3951319285801479, 0.41601957593645367, 0.4490170478820801]
[0.4639634704589844, 0.6801320169349206, 0.006411327341971047, 0.00625104415842177, 0.9678715292233531, 0.8695652173913043, 0.8695652173913043, 0.3290009307861328, 0.6546024794915043, 0.8922955326692157, 0.8922955326692157, 1.0, 1.0, 0.9870269115291912, 0.16227476937430246, 0.41601957593645367, 0.265267014503479]
[0.4639634704589844, 0.6801320169349206, 0.006411327341971047, 0.00625104415842177, 0.9678715292233531, 0.8695652173913043, 0.8695652173913043, 0.4967523956298828, 0.5910937177940445, 0.8922955326692157, 0.8922955326692157, 0.9740538230583824, 1.0, 1.0, 0.36941773550851004, 0.41601957593645367, 0.5202670097351074]
[0.4639634704589844, 0.6801320169349206, 0.006411327341971047, 0.00625104415842177, 0.9678715292233531, 0.8695652173913043, 0.8695652173913043, 0.45500091552734373, 0.8125210547128638, 0.9803038230583824, 1.0, 1.0, 0.9870269115291912, 0.9870269115291912, 0.3794176919119699, 0.48030526297433035, 0.21526706218719482]
[0.4639634704589844, 0.6801320169349206, 0.006411327341971047, 0.00625104415842177, 0.9678715292233531, 0.8695652173913043, 0.8695652173913043, 0.3314009094238281, 0.7059966755380735, 0.8922955326692157, 0.8922955326692157, 1.0, 1.0, 0.558720791579502, 0.3194176810128348, 0.30316230228969027, 0.265267014503479]
[0.4639634704589844, 0.6801320169349206, 0.006411327341971047, 0.00625104415842177, 0.9678715292233531, 0.8695652173913043, 0.8695652173913043, 0.5767524719238282, 0.6546024794915043, 0.8922955326692157, 0.8922955326692157, 1.0, 1.0, 0.9870269115291912, 0.3794176919119699, 0.50030517578125, 0.3527669906616211]
[0.4639634704589844, 0.6801320169349206, 0.006411327341971047, 0.00625104415842177, 0.9678715292233531, 0.8695652173913043, 0.8695652173913043, 0.6406008911132812, 0.706234824439214, 0.9740538230583824, 0.9740538230583824, 1.0, 1.0, 0.558720791579502, 0.3194176810128348, 0.7045909336635044, 0.46276700496673584]
[0.4639634704589844, 0.6801320169349206, 0.006411327341971047, 0.00625104415842177, 0.9678715292233531, 0.8695652173913043, 0.8695652173913043, 0.4846009063720703, 0.6566883128958052, 0.9740538230583824, 0.9740538230583824, 1.0, 1.0, 0.9870269115291912, 0.16227476937430246, 0.41601957593645367, 0.46276700496673584]
[0.4639634704589844, 0.6801320169349206, 0.006411327341971047, 0.00625104415842177, 0.9678715292233531, 0.8695652173913043, 0.8695652173913043, 0.4890009307861328, 0.6546024794915043, 0.8922955326692157, 0.8922955326692157, 1.0, 1.0, 0.9870269115291912, 0.16227476937430246, 0.41601957593645367, 0.3640170097351074]
[0.4639634704589844, 0.6801320169349206, 0.006411327341971047, 0.00625104415842177, 0.9678715292233531, 0.8695652173913043, 0.8695652173913043, 0.4846009063720703, 0.7684071441817458, 0.9803038230583824, 1.0, 1.0, 0.9870269115291912, 0.9870269115291912, 0.16227476937430246, 0.5360194614955357, 0.21526706218719482]
[0.4639634704589844, 0.6801320169349206, 0.006411327341971047, 0.00625104415842177, 0.9678715292233531, 0.8695652173913043, 0.8695652173913043, 0.39060081481933595, 0.5265736435849023, 0.8053018617371086, 0.8053018617371086, 1.0, 1.0, 0.4198783131149266, 0.3194176810128348, 0.41601957593645367, 0.4577670097351074]
[0.4639634704589844, 0.6801320169349206, 0.006411327341971047, 0.00625104415842177, 0.9678715292233531, 0.8695652173913043, 0.8695652173913043, 0.4685039520263672, 0.6557409606558954, 0.6980118448332182, 0.6980118448332182, 1.0, 1.0, 0.9870269115291912, 0.16227476937430246, 0.41601957593645367, 0.6415171027183533]
[0.4639634704589844, 0.6801320169349206, 0.006411327341971047, 0.00625104415842177, 0.9678715292233531, 0.8695652173913043, 0.8695652173913043, 0.5861038970947265, 0.8351667125593996, 0.6980118448332182, 0.6980118448332182, 1.0, 1.0, 0.6677432859849011, 0.3194176810128348, 0.573162351335798, 0.12401700019836426]
[0.4639634704589844, 0.6801320169349206, 0.006411327341971047, 0.00625104415842177, 0.9678715292233531, 0.8695652173913043, 0.8695652173913043, 0.5145038604736328, 0.7555398880389698, 0.8053018617371086, 0.8922955326692157, 0.8127988257569152, 1.0, 1.0, 0.3951319285801479, 0.6603052956717355, 0.4027670621871948]
[0.4639634704589844, 0.6801320169349206, 0.006411327341971047, 0.00625104415842177, 0.9678715292233531, 0.8695652173913043, 0.8695652173913043, 0.37500091552734377, 0.7059966755380735, 0.8922955326692157, 0.8922955326692157, 1.0, 1.0, 0.558720791579502, 0.3194176810128348, 0.46030521392822266, 0.4027670621871948]
[0.4639634704589844, 0.6801320169349206, 0.006411327341971047, 0.00625104415842177, 0.9678715292233531, 0.8695652173913043, 0.8695652173913043, 0.5828493499755859, 0.8125210547128638, 0.8932650963317723, 1.0, 1.0, 0.740061479178941, 0.8537994933384543, 0.5365606035505023, 0.6203051975795201, 0.43776702880859375]
[0.4639634704589844, 0.6801320169349206, 0.006411327341971047, 0.00625104415842177, 0.9678715292233531, 0.8695652173913043, 0.8695652173913043, 0.35724945068359376, 0.8125210547128638, 0.9803038230583824, 1.0, 1.0, 0.6855646399139789, 0.9870269115291912, 0.3794176919119699, 0.41601957593645367, 0.38276708126068115]
[0.4639634704589844, 0.6801320169349206, 0.006411327341971047, 0.00625104415842177, 0.9678715292233531, 0.8695652173913043, 0.8695652173913043, 0.5761038970947265, 0.8847040110589601, 0.6980118448332182, 0.6980118448332182, 1.0, 1.0, 0.7875609860722568, 0.4537034715924944, 0.41601957593645367, 0.3527669906616211]
[0.4639634704589844, 0.6801320169349206, 0.006411327341971047, 0.00625104415842177, 0.9678715292233531, 0.8695652173913043, 0.8695652173913043, 0.04759490966796875, 0.05482494027401791, 1.0, 1.0, 1.0, 0.04625854335620261, 0.04625854335620261, 0.3194176810128348, 0.50030517578125, 0.38276708126068115]
[0.4639634704589844, 0.6801320169349206, 0.006411327341971047, 0.00625104415842177, 0.9678715292233531, 0.8695652173913043, 0.8695652173913043, 0.5440068817138672, 0.7202644833437986, 0.6980118448332182, 0.6980118448332182, 0.8127988257569152, 1.0, 1.0, 0.3951319285801479, 0.41601957593645367, 0.5015170574188232]
[0.4639634704589844, 0.6801320169349206, 0.006411327341971047, 0.00625104415842177, 0.9678715292233531, 0.8695652173913043, 0.8695652173913043, 0.5400918579101562, 0.605293739143499, 0.9740538230583824, 0.9740538230583824, 0.9740538230583824, 1.0, 1.0, 0.3794176919119699, 0.41601957593645367, 0.5252670049667358]
[0.4639634704589844, 0.6801320169349206, 0.006411327341971047, 0.00625104415842177, 0.9678715292233531, 0.8695652173913043, 0.8695652173913043, 0.5423523712158204, 0.3445678624733568, 0.5891120290595133, 0.5891120290595133, 1.0, 1.0, 0.2907291339618948, 0.3194176810128348, 0.5245909009660993, 0.5640170574188232]
[0.4639634704589844, 0.6801320169349206, 0.006411327341971047, 0.00625104415842177, 0.9678715292233531, 0.8695652173913043, 0.8695652173913043, 0.4685039520263672, 0.6557409606558954, 0.6980118448332182, 0.6980118448332182, 1.0, 1.0, 0.9870269115291912, 0.16227476937430246, 0.41601957593645367, 0.43776702880859375]
[0.4639634704589844, 0.6801320169349206, 0.006411327341971047, 0.00625104415842177, 0.9678715292233531, 0.8695652173913043, 0.8695652173913043, 0.3775523376464844, 0.7222920318591425, 0.7766441544696081, 1.0, 0.8127988257569152, 0.9870269115291912, 1.0, 0.24084622519356863, 0.41601957593645367, 0.21526706218719482]
[0.4639634704589844, 0.6801320169349206, 0.006411327341971047, 0.00625104415842177, 0.9678715292233531, 0.8695652173913043, 0.8695652173913043, 0.7747525024414063, 0.8641003263877638, 0.8922955326692157, 0.8922955326692157, 1.0, 1.0, 0.9063994128784576, 0.5108463423592704, 0.6574480874197823, 0.31401705741882324]
[0.4639634704589844, 0.6801320169349206, 0.006411327341971047, 0.00625104415842177, 0.9678715292233531, 0.8695652173913043, 0.8695652173913043, 0.4690009307861328, 0.3058301534161316, 0.8053018617371086, 0.8053018617371086, 1.0, 1.0, 0.9870269115291912, 0.16227476937430246, 0.528876713344029, 0.4590170383453369]
[0.4639634704589844, 0.6801320169349206, 0.006411327341971047, 0.00625104415842177, 0.9678715292233531, 0.8695652173913043, 0.8695652173913043, 0.42155242919921876, 0.6556822427414822, 0.8053018617371086, 0.8053018617371086, 1.0, 1.0, 0.9870269115291912, 0.16227476937430246, 0.48030526297433035, 0.5227670669555664]
[0.4639634704589844, 0.6801320169349206, 0.006411327341971047, 0.00625104415842177, 0.9678715292233531, 0.8695652173913043, 0.8695652173913043, 0.6093039703369141, 0.7705851426614684, 0.8053018617371086, 0.8053018617371086, 0.9740538230583824, 1.0, 1.0, 0.29798902784075054, 0.19887651715959823, 0.12401711940765381]
[0.4639634704589844, 0.6801320169349206, 0.006411327341971047, 0.00625104415842177, 0.9678715292233531, 0.8695652173913043, 0.8695652173913043, 0.35180091857910156, 0.6546024794915043, 0.8922955326692157, 0.8922955326692157, 1.0, 1.0, 0.9870269115291912, 0.16227476937430246, 0.48030526297433035, 0.265267014503479]
[0.4639634704589844, 0.6801320169349206, 0.006411327341971047, 0.00625104415842177, 0.9678715292233531, 0.8695652173913043, 0.8695652173913043, 0.43900093078613284, 0.7555398880389698, 0.8922955326692157, 0.8922955326692157, 1.0, 1.0, 0.9870269115291912, 0.16227476937430246, 0.19887651715959823, 0.4027669429779053]
[0.4639634704589844, 0.6801320169349206, 0.006411327341971047, 0.00625104415842177, 0.9678715292233531, 0.8695652173913043, 0.8695652173913043, 0.5200494384765625, 0.7684071441817458, 0.8932650963317723, 1.0, 1.0, 0.740061479178941, 0.9063994128784576, 0.5108462742396763, 0.41601957593645367, 0.4590170383453369]
[0.4639634704589844, 0.6801320169349206, 0.006411327341971047, 0.00625104415842177, 0.9678715292233531, 0.8695652173913043, 0.8695652173913043, 0.4685039520263672, 0.6557409606558954, 0.6980118448332182, 0.6980118448332182, 1.0, 1.0, 0.9870269115291912, 0.16227476937430246, 0.41601957593645367, 0.364017128944397]
[0.4639634704589844, 0.6801320169349206, 0.006411327341971047, 0.00625104415842177, 0.9678715292233531, 0.8695652173913043, 0.8695652173913043, 0.4685039520263672, 0.6557409606558954, 0.6980118448332182, 0.6980118448332182, 1.0, 1.0, 0.9870269115291912, 0.16227476937430246, 0.41601957593645367, 0.5015170574188232]
[0.4639634704589844, 0.6801320169349206, 0.006411327341971047, 0.00625104415842177, 0.9678715292233531, 0.8695652173913043, 0.8695652173913043, 0.39875244140625, 0.6556822427414822, 0.8053018617371086, 0.8053018617371086, 1.0, 1.0, 0.9870269115291912, 0.16227476937430246, 0.41601957593645367, 0.3965170383453369]
[0.4639634704589844, 0.6801320169349206, 0.006411327341971047, 0.00625104415842177, 0.9678715292233531, 0.8695652173913043, 0.8695652173913043, 0.4154009246826172, 0.7555398880389698, 0.8922955326692157, 0.8922955326692157, 1.0, 1.0, 0.8537994933384543, 0.5365606035505023, 0.544590950012207, 0.38276708126068115]
[0.4639634704589844, 0.6801320169349206, 0.006411327341971047, 0.00625104415842177, 0.9678715292233531, 0.8695652173913043, 0.8695652173913043, 0.4694008636474609, 0.5265701681446647, 0.8922955326692157, 0.8922955326692157, 1.0, 1.0, 0.4198783131149266, 0.3194176810128348, 0.48030526297433035, 0.5202670097351074]
[0.8627982858511118, 0.6639647882480147, 0.7279343440076502, 0.9204507446296954, 0.8835482112768215, 0.8695652173913043, 0.8695652173913043, 0.314794921875, 0.2994747827341867, 1.0, 1.0, 1.0, 0.25268184793197, 0.25268184793197, 0.7265605926513672, 0.7574481282915387, 0.6390170454978943]
[0.5471224036583534, 0.4908339014137721, 0.6173368611155704, 0.6019034395876811, 0.9005863342160161, 0.8695652173913043, 0.8695652173913043, 0.5760496520996093, 0.7111946153729983, 0.9740538230583824, 0.9740538230583824, 1.0, 1.0, 0.63722553107707, 0.5994177545819964, 0.8445910045078823, 0.5502671003341675]
[0.5471224036583534, 0.4908339014137721, 0.6173368611155704, 0.6019034395876811, 0.9005863342160161, 0.8695652173913043, 0.8695652173913043, 0.22599502563476562, 0.22271632805077524, 1.0, 1.0, 1.0, 0.1879169017928416, 0.1879169017928416, 0.5994177545819964, 0.7317339352199009, 0.4027670621871948]
[0.5471224036583534, 0.4908339014137721, 0.6173368611155704, 0.6019034395876811, 0.9005863342160161, 0.8695652173913043, 0.8695652173913043, 0.7536494445800781, 0.696721753186346, 0.9740538230583824, 1.0, 1.0, 0.8378767706669791, 0.63722553107707, 0.5994177545819964, 0.8017339025224958, 0.47151708602905273]
[0.5471224036583534, 0.4908339014137721, 0.6173368611155704, 0.6019034395876811, 0.9005863342160161, 0.8695652173913043, 0.8695652173913043, 0.5726009368896484, 0.8199307240958825, 0.8377602887168428, 0.8377602887168428, 1.0, 1.0, 0.7520969678616015, 0.5994177545819964, 0.5403052738734654, 0.6415171027183533]
[0.5471224036583534, 0.4908339014137721, 0.6173368611155704, 0.6019034395876811, 0.9005863342160161, 0.8695652173913043, 0.8695652173913043, 0.6458009338378906, 0.8190154835878024, 0.8848095646447752, 1.0, 0.8848095646447752, 0.8378767706669791, 1.0, 0.48656061717442106, 0.8888767787388393, 0.5765171051025391]
[0.5471224036583534, 0.4908339014137721, 0.6173368611155704, 0.6019034395876811, 0.9005863342160161, 0.8695652173913043, 0.8695652173913043, 0.3134979248046875, 0.3038591758049982, 0.8848095646447752, 1.0, 0.8848095646447752, 0.25638117958546724, 1.0, 0.6065605708530971, 0.7317339352199009, 0.4027670621871948]
[0.5471224036583534, 0.4908339014137721, 0.6173368611155704, 0.6019034395876811, 0.9005863342160161, 0.8695652173913043, 0.8695652173913043, 0.5914010620117187, 0.7757876822808953, 0.8922955326692157, 1.0, 0.8848095646447752, 0.7300586236845197, 1.0, 0.48656061717442106, 0.851733888898577, 0.44401705265045166]
[0.5471224036583534, 0.4908339014137721, 0.6173368611155704, 0.6019034395876811, 0.9005863342160161, 0.8695652173913043, 0.8695652173913043, 0.6484495544433594, 0.7405401568119195, 0.8932650963317723, 1.0, 1.0, 0.7723951871201651, 0.6898727510997604, 0.5994177545819964, 0.8445910045078823, 0.4027670621871948]
[0.5471224036583534, 0.4908339014137721, 0.6173368611155704, 0.6019034395876811, 0.9005863342160161, 0.8695652173913043, 0.8695652173913043, 0.5158009338378906, 0.6983863719057063, 0.7620633996520554, 0.7620633996520554, 1.0, 1.0, 0.782005774376501, 0.5994177545819964, 0.6445909227643695, 0.4102669954299927]
[0.5471224036583534, 0.4908339014137721, 0.6173368611155704, 0.6019034395876811, 0.9005863342160161, 0.8695652173913043, 0.8695652173913043, 0.6818009948730469, 0.7111946153729983, 0.8377602887168428, 0.9740538230583824, 1.0, 1.0, 0.63722553107707, 0.5994177545819964, 0.851733888898577, 0.6240171194076538]
[0.5900126589261568, 0.24346788325371752, 0.7253127522565174, 0.925, 0.990371529223353, 0.21171120282931957, 0.8695652173913043, 0.650806884765625, 0.6932818844833043, 0.46871999514581464, 0.46871999514581464, 1.0, 1.0, 0.6437814888004741, 0.5737034933907645, 0.5431624821254185, 0.33901703357696533]
[0.5900126589261568, 0.24346788325371752, 0.7253127522565174, 0.925, 0.990371529223353, 0.21171120282931957, 0.8695652173913043, 0.541649398803711, 0.7767154114493438, 0.9803038230583824, 1.0, 1.0, 0.9188801443584214, 0.6437814888004741, 0.5737034933907645, 0.42173371996198383, 0.47151708602905273]
[0.5900126589261568, 0.24346788325371752, 0.7253127522565174, 0.925, 0.990371529223353, 0.21171120282931957, 0.8695652173913043, 0.5876494598388672, 0.7767154114493438, 0.9803038230583824, 1.0, 1.0, 0.8810316998260277, 0.6437814888004741, 0.5737034933907645, 0.42173371996198383, 0.47151708602905273]
[0.5900126589261568, 0.24346788325371752, 0.7253127522565174, 0.925, 0.990371529223353, 0.21171120282931957, 0.8695652173913043, 0.15159500122070313, 0.1532259077282274, 1.0, 1.0, 1.0, 0.12928435964569185, 0.12928435964569185, 0.5737034933907645, 0.32601942334856304, 0.5765171051025391]
[0.5900126589261568, 0.24346788325371752, 0.7253127522565174, 0.925, 0.990371529223353, 0.21171120282931957, 0.8695652173913043, 0.539649429321289, 0.7767154114493438, 0.9803038230583824, 1.0, 1.0, 0.8810316998260277, 0.6437814888004741, 0.5737034933907645, 0.5431624821254185, 0.6915171146392822]
[0.5900126589261568, 0.24346788325371752, 0.7253127522565174, 0.925, 0.990371529223353, 0.21171120282931957, 0.8695652173913043, 0.7273039245605468, 0.7767154114493438, 0.4975210438455, 1.0, 1.0, 0.8094457430248951, 0.6437814888004741, 0.5737034933907645, 0.6260196140834263, 0.43901705741882324]
[0.5900126589261568, 0.24346788325371752, 0.7253127522565174, 0.925, 0.990371529223353, 0.21171120282931957, 0.8695652173913043, 0.6651524353027344, 0.7142521273410438, 0.7620633996520554, 0.7620633996520554, 1.0, 1.0, 0.6437814888004741, 0.5737034933907645, 0.5088765280587333, 0.6390171051025391]
[0.5900126589261568, 0.24346788325371752, 0.7253127522565174, 0.925, 0.990371529223353, 0.21171120282931957, 0.8695652173913043, 0.650806884765625, 0.6932818844833043, 0.46871999514581464, 0.46871999514581464, 1.0, 1.0, 0.6437814888004741, 0.5737034933907645, 0.5431624821254185, 0.33901703357696533]
[0.5900126589261568, 0.24346788325371752, 0.7253127522565174, 0.925, 0.990371529223353, 0.21171120282931957, 0.8695652173913043, 0.45300094604492186, 0.7142521273410438, 0.7620633996520554, 0.7620633996520554, 1.0, 1.0, 0.6437814888004741, 0.5737034933907645, 0.5431624821254185, 0.5777671337127686]
[0.5900126589261568, 0.24346788325371752, 0.7253127522565174, 0.925, 0.990371529223353, 0.21171120282931957, 0.8695652173913043, 0.650806884765625, 0.6932818844833043, 0.46871999514581464, 0.46871999514581464, 1.0, 1.0, 0.6437814888004741, 0.5737034933907645, 0.5431624821254185, 0.33901703357696533]
[0.5900126589261568, 0.24346788325371752, 0.7253127522565174, 0.925, 0.990371529223353, 0.21171120282931957, 0.8695652173913043, 0.5260494232177735, 0.7767154114493438, 0.9803038230583824, 1.0, 1.0, 0.9188801443584214, 0.6437814888004741, 0.5737034933907645, 0.5431624821254185, 0.5127670764923096]
[0.5900126589261568, 0.24346788325371752, 0.7253127522565174, 0.925, 0.990371529223353, 0.21171120282931957, 0.8695652173913043, 0.650806884765625, 0.6932818844833043, 0.46871999514581464, 0.46871999514581464, 1.0, 1.0, 0.6437814888004741, 0.5737034933907645, 0.5431624821254185, 0.40776705741882324]
[0.5900126589261568, 0.24346788325371752, 0.7253127522565174, 0.925, 0.990371529223353, 0.21171120282931957, 0.8695652173913043, 0.47269798278808595, 0.7133049174124468, 0.9803038230583824, 1.0, 1.0, 0.9188801443584214, 0.5774028657118633, 0.5737034933907645, 0.5088766642979213, 0.47151708602905273]
[0.5900126589261568, 0.24346788325371752, 0.7253127522565174, 0.925, 0.990371529223353, 0.21171120282931957, 0.8695652173913043, 0.7138010406494141, 0.9157500648206687, 0.9803038230583824, 1.0, 1.0, 0.8810316998260277, 0.9466325481658862, 0.7279891967773438, 0.5431624821254185, 0.5127670764923096]
[0.5900126589261568, 0.24346788325371752, 0.7253127522565174, 0.925, 0.990371529223353, 0.21171120282931957, 0.8695652173913043, 0.4300495147705078, 0.8272353054882847, 0.9803038230583824, 1.0, 0.9803038230583824, 0.9188801443584214, 1.0, 0.48656061717442106, 0.5431624821254185, 0.47151708602905273]
[0.5900126589261568, 0.24346788325371752, 0.7253127522565174, 0.925, 0.990371529223353, 0.21171120282931957, 0.8695652173913043, 0.650806884765625, 0.6932818844833043, 0.46871999514581464, 0.46871999514581464, 1.0, 1.0, 0.6437814888004741, 0.5737034933907645, 0.5431624821254185, 0.40776705741882324]
[0.5900126589261568, 0.24346788325371752, 0.7253127522565174, 0.925, 0.990371529223353, 0.21171120282931957, 0.8695652173913043, 0.45300094604492186, 0.7142521273410438, 0.7620633996520554, 0.7620633996520554, 1.0, 1.0, 0.6437814888004741, 0.5737034933907645, 0.5431624821254185, 0.6390171051025391]
[0.5900126589261568, 0.24346788325371752, 0.7253127522565174, 0.925, 0.990371529223353, 0.21171120282931957, 0.8695652173913043, 0.5540494537353515, 0.7767154114493438, 0.9803038230583824, 1.0, 1.0, 0.8810316998260277, 0.6437814888004741, 0.5737034933907645, 0.5431624821254185, 0.43276703357696533]
[0.5900126589261568, 0.24346788325371752, 0.7253127522565174, 0.925, 0.990371529223353, 0.21171120282931957, 0.8695652173913043, 0.650806884765625, 0.6932818844833043, 0.46871999514581464, 0.46871999514581464, 1.0, 1.0, 0.6437814888004741, 0.5737034933907645, 0.5431624821254185, 0.33901703357696533]
[0.5900126589261568, 0.24346788325371752, 0.7253127522565174, 0.925, 0.990371529223353, 0.21171120282931957, 0.8695652173913043, 0.48524940490722657, 0.492628743826645, 0.8127988257569152, 1.0, 1.0, 0.851064896771497, 0.4159412643333946, 0.5737034933907645, 0.32601942334856304, 0.6527671217918396]
[0.5900126589261568, 0.24346788325371752, 0.7253127522565174, 0.925, 0.990371529223353, 0.21171120282931957, 0.8695652173913043, 0.6465039825439454, 0.6970124602764114, 0.702129793542994, 0.702129793542994, 1.0, 1.0, 0.6437814888004741, 0.5737034933907645, 0.5431624821254185, 0.6190171241760254]
[0.5900126589261568, 0.24346788325371752, 0.7253127522565174, 0.925, 0.990371529223353, 0.21171120282931957, 0.8695652173913043, 0.5100493621826172, 0.757705956464028, 0.8377602887168428, 0.8377602887168428, 1.0, 1.0, 0.6973041716267132, 0.5737034933907645, 0.5174480165754046, 0.7877671122550964]
[0.5900126589261568, 0.24346788325371752, 0.7253127522565174, 0.925, 0.990371529223353, 0.21171120282931957, 0.8695652173913043, 0.5720494842529297, 0.7767154114493438, 0.9803038230583824, 1.0, 1.0, 0.8810316998260277, 0.6437814888004741, 0.5737034933907645, 0.5431624821254185, 0.5127670764923096]
[0.5900126589261568, 0.24346788325371752, 0.7253127522565174, 0.925, 0.990371529223353, 0.21171120282931957, 0.8695652173913043, 0.5720494842529297, 0.7767154114493438, 0.9803038230583824, 1.0, 1.0, 0.8810316998260277, 0.6437814888004741, 0.5737034933907645, 0.5431624821254185, 0.5127670764923096]
[0.5900126589261568, 0.24346788325371752, 0.7253127522565174, 0.925, 0.990371529223353, 0.21171120282931957, 0.8695652173913043, 0.5720494842529297, 0.7767154114493438, 0.9803038230583824, 1.0, 1.0, 0.8810316998260277, 0.6437814888004741, 0.5737034933907645, 0.5431624821254185, 0.5127670764923096]
[0.5900126589261568, 0.24346788325371752, 0.7253127522565174, 0.925, 0.990371529223353, 0.21171120282931957, 0.8695652173913043, 0.650806884765625, 0.6932818844833043, 0.46871999514581464, 0.46871999514581464, 1.0, 1.0, 0.6437814888004741, 0.5737034933907645, 0.5431624821254185, 0.33901703357696533]
[0.5900126589261568, 0.24346788325371752, 0.7253127522565174, 0.925, 0.990371529223353, 0.21171120282931957, 0.8695652173913043, 0.650806884765625, 0.6932818844833043, 0.46871999514581464, 0.46871999514581464, 1.0, 1.0, 0.6437814888004741, 0.5737034933907645, 0.5431624821254185, 0.33901703357696533]
[0.5900126589261568, 0.24346788325371752, 0.7253127522565174, 0.925, 0.990371529223353, 0.21171120282931957, 0.8695652173913043, 0.650806884765625, 0.6932818844833043, 0.46871999514581464, 0.46871999514581464, 1.0, 1.0, 0.6437814888004741, 0.5737034933907645, 0.5431624821254185, 0.33901703357696533]
[0.5900126589261568, 0.24346788325371752, 0.7253127522565174, 0.925, 0.990371529223353, 0.21171120282931957, 0.8695652173913043, 0.650806884765625, 0.6932818844833043, 0.46871999514581464, 0.46871999514581464, 1.0, 1.0, 0.6437814888004741, 0.5737034933907645, 0.5431624821254185, 0.33901703357696533]
[0.5900126589261568, 0.24346788325371752, 0.7253127522565174, 0.925, 0.990371529223353, 0.21171120282931957, 0.8695652173913043, 0.7626009368896485, 0.7767154114493438, 0.9803038230583824, 1.0, 1.0, 0.8810316998260277, 0.6437814888004741, 0.5737034933907645, 0.7003052575247628, 0.5127670764923096]
[0.5900126589261568, 0.24346788325371752, 0.7253127522565174, 0.925, 0.990371529223353, 0.21171120282931957, 0.8695652173913043, 0.7138010406494141, 0.9157500648206687, 0.9803038230583824, 1.0, 1.0, 0.8810316998260277, 0.9466325481658862, 0.7279891967773438, 0.5431624821254185, 0.5127670764923096]
[0.5900126589261568, 0.24346788325371752, 0.7253127522565174, 0.925, 0.990371529223353, 0.21171120282931957, 0.8695652173913043, 0.650806884765625, 0.6932818844833043, 0.46871999514581464, 0.46871999514581464, 1.0, 1.0, 0.6437814888004741, 0.5737034933907645, 0.5431624821254185, 0.33901703357696533]
[0.5900126589261568, 0.24346788325371752, 0.7253127522565174, 0.925, 0.990371529223353, 0.21171120282931957, 0.8695652173913043, 0.44189796447753904, 0.492628743826645, 0.9803038230583824, 1.0, 1.0, 0.8810316998260277, 0.4159412643333946, 0.5737034933907645, 0.32601942334856304, 0.5127670764923096]
[0.02730886606069715, 0.7856155805759741, 0.8621233477948815, 0.8405702641000096, 0.8874399597839453, 0.8695652173913043, 0.8695652173913043, 0.48244949340820314, 0.6963744544640597, 0.9740538230583824, 1.0, 1.0, 0.9870269115291912, 0.7546730789533782, 0.2965605599539621, 0.5231622968401227, 0.5065170526504517]
[0.02730886606069715, 0.7856155805759741, 0.8621233477948815, 0.8405702641000096, 0.8874399597839453, 0.8695652173913043, 0.8695652173913043, 0.3882979583740234, 0.6963744544640597, 0.9740538230583824, 1.0, 1.0, 0.8920710191415949, 0.7546730789533782, 0.27227483476911274, 0.677448000226702, 0.6802670955657959]
[0.02730886606069715, 0.7856155805759741, 0.8621233477948815, 0.8405702641000096, 0.8874399597839453, 0.8695652173913043, 0.8695652173913043, 0.114794921875, 0.12053035802471994, 1.0, 1.0, 1.0, 0.10169748958335745, 0.10169748958335745, 0.20941775185721262, 0.677448000226702, 0.57526695728302]
[0.02730886606069715, 0.7856155805759741, 0.8621233477948815, 0.8405702641000096, 0.8874399597839453, 0.8695652173913043, 0.8695652173913043, 0.4154979705810547, 0.7608496579050607, 0.9803038230583824, 1.0, 1.0, 0.8537325320308962, 0.7546730789533782, 0.2965605599539621, 0.677448000226702, 0.47651708126068115]
[0.02730886606069715, 0.7856155805759741, 0.8621233477948815, 0.8405702641000096, 0.8874399597839453, 0.8695652173913043, 0.8695652173913043, 0.5856494903564453, 0.8690239469809791, 0.9803038230583824, 1.0, 1.0, 0.8537325320308962, 0.928449542836158, 0.3222747530255999, 0.7974480901445661, 0.614017128944397]
[0.02730886606069715, 0.7856155805759741, 0.8621233477948815, 0.8405702641000096, 0.8874399597839453, 0.8695652173913043, 0.8695652173913043, 0.6386009979248047, 0.8690239469809791, 0.8853198019137842, 1.0, 1.0, 0.8920710191415949, 0.699668342950298, 0.20941775185721262, 0.6445909227643695, 0.5815171003341675]
[0.02730886606069715, 0.7856155805759741, 0.8621233477948815, 0.8405702641000096, 0.8874399597839453, 0.8695652173913043, 0.8695652173913043, 0.524449462890625, 0.8690239469809791, 0.8848095646447752, 1.0, 1.0, 0.8537325320308962, 0.699668342950298, 0.20941775185721262, 0.6645909718104771, 0.614017128944397]
[0.45778674199030955, 0.6257802362254501, 0.8867403166047947, 0.925, 0.9678715292233531, 0.5441567271525652, 0.8695652173913043, 0.41629806518554685, 0.723727014502181, 0.9740538230583824, 1.0, 1.0, 0.9870269115291912, 0.5570431259240209, 0.337989125932966, 0.8060195786612374, 0.6627671122550964]
[0.45778674199030955, 0.6257802362254501, 0.8867403166047947, 0.925, 0.9678715292233531, 0.5441567271525652, 0.8695652173913043, 0.47044960021972654, 0.6881205623242665, 0.9740538230583824, 0.9740538230583824, 1.0, 1.0, 0.5137703679104398, 0.337989125932966, 0.5288765771048409, 0.44401705265045166]
[0.45778674199030955, 0.6257802362254501, 0.8867403166047947, 0.925, 0.9678715292233531, 0.5441567271525652, 0.8695652173913043, 0.38934638977050784, 0.42483286265804415, 0.9740538230583824, 1.0, 1.0, 0.35845272786772475, 0.8981597771341434, 0.5551319803510394, 0.6860194887433734, 0.5577670335769653]
[0.45778674199030955, 0.6257802362254501, 0.8867403166047947, 0.925, 0.9678715292233531, 0.5441567271525652, 0.8695652173913043, 0.5960494995117187, 0.8326352246060841, 0.9740538230583824, 0.9740538230583824, 1.0, 1.0, 0.8981597771341434, 0.5551319803510394, 0.7360196113586426, 0.6127671003341675]
[0.45778674199030955, 0.6257802362254501, 0.8867403166047947, 0.925, 0.9678715292233531, 0.5441567271525652, 0.8695652173913043, 0.459097900390625, 0.488320452911243, 0.9740538230583824, 0.9740538230583824, 1.0, 1.0, 0.8981597771341434, 0.5551319803510394, 0.6860194887433734, 0.6340171694755554]
[0.45778674199030955, 0.6257802362254501, 0.8867403166047947, 0.925, 0.9678715292233531, 0.5441567271525652, 0.8695652173913043, 0.9432615661621093, 0.9643523791809723, 0.14097627150921777, 0.14097627150921777, 1.0, 1.0, 0.8981597771341434, 0.3794176919119699, 0.5288765771048409, 0.42026710510253906]
[0.45778674199030955, 0.6257802362254501, 0.8867403166047947, 0.925, 0.9678715292233531, 0.5441567271525652, 0.8695652173913043, 0.3610980224609375, 0.488320452911243, 0.9740538230583824, 0.9740538230583824, 1.0, 1.0, 0.3548530373625871, 0.337989125932966, 0.6860194887433734, 0.5952670574188232]
[0.45778674199030955, 0.6257802362254501, 0.8867403166047947, 0.925, 0.9678715292233531, 0.5441567271525652, 0.8695652173913043, 0.512697982788086, 0.6761340868202772, 0.9803038230583824, 1.0, 1.0, 0.8448209985509371, 0.8981597771341434, 0.5551319803510394, 0.6860194887433734, 0.5190171003341675]
[0.45778674199030955, 0.6257802362254501, 0.8867403166047947, 0.925, 0.9678715292233531, 0.5441567271525652, 0.8695652173913043, 0.37749786376953126, 0.6761340868202772, 0.9740538230583824, 1.0, 1.0, 0.9870269115291912, 0.7258195143228237, 0.337989125932966, 0.8174481391906738, 0.5277670621871948]
[0.45778674199030955, 0.6257802362254501, 0.8867403166047947, 0.925, 0.9678715292233531, 0.5441567271525652, 0.8695652173913043, 0.5952494812011718, 0.7396106079900409, 0.9740538230583824, 0.9740538230583824, 1.0, 1.0, 0.8981597771341434, 0.5551319803510394, 0.6860194887433734, 0.739017128944397]
[0.45778674199030955, 0.6257802362254501, 0.8867403166047947, 0.925, 0.9678715292233531, 0.5441567271525652, 0.8695652173913043, 0.4010980224609375, 0.488320452911243, 0.9740538230583824, 0.9740538230583824, 1.0, 1.0, 0.3548530373625871, 0.337989125932966, 0.6860194887433734, 0.47526705265045166]
[0.45778674199030955, 0.6257802362254501, 0.8867403166047947, 0.925, 0.9678715292233531, 0.5441567271525652, 0.8695652173913043, 0.4702008819580078, 0.509867876211112, 0.7766441544696081, 0.7766441544696081, 1.0, 1.0, 0.9424047823223877, 0.5208463668823242, 0.6860194887433734, 0.6727671027183533]
[0.45778674199030955, 0.6257802362254501, 0.8867403166047947, 0.925, 0.9678715292233531, 0.5441567271525652, 0.8695652173913043, 0.1679949951171875, 0.1687399785989872, 1.0, 1.0, 1.0, 0.14237435694289546, 0.14237435694289546, 0.337989125932966, 0.6860194887433734, 0.5577670335769653]
[0.697996321458083, 0.7949801124414618, 0.7558936655528222, 0.7369963239140016, 0.8249804084375111, 0.8695652173913043, 0.8695652173913043, 0.30959487915039063, 0.2969481735357512, 1.0, 1.0, 1.0, 0.2505500214207901, 0.2505500214207901, 0.7194177763802665, 0.5560195105416434, 0.8227670788764954]
[0.697996321458083, 0.7949801124414618, 0.7558936655528222, 0.7369963239140016, 0.8249804084375111, 0.8695652173913043, 0.8695652173913043, 0.3589464569091797, 0.34292359279223655, 0.9740538230583824, 1.0, 0.9740538230583824, 0.2893417814184496, 1.0, 0.7665606226239886, 0.5560195105416434, 0.8227670788764954]
[0.11547913771409259, 0.3338625368478234, 0.6917283726484142, 0.6744351633322039, 0.925, 0.8695652173913043, 0.2948080512203545, 0.094794921875, 0.1004170239835493, 1.0, 1.0, 1.0, 0.08472686398611973, 0.08472686398611973, 0.4094176973615374, 0.46601949419294086, 0.4402669668197632]
[0.937040510911208, 0.40810755016633404, 0.5322766305219231, 0.9204507446296954, 0.603772008588264, 0.8695652173913043, 0.8695652173913043, 0.314794921875, 0.3016889307138221, 1.0, 1.0, 1.0, 0.25455003528978737, 0.25455003528978737, 0.9079891613551548, 0.47030517033168245, 0.6390171051025391]
[0.6551059194711539, 0.5494184262438092, 0.7408837424610658, 0.925, 0.925, 0.4777551532554863, 0.7307136614196691, 0.1703948974609375, 0.17087271894933348, 1.0, 1.0, 1.0, 0.14417385661350013, 0.14417385661350013, 0.5494177682059151, 0.4531623295375279, 0.5640170574188232]
[0.6551059194711539, 0.5494184262438092, 0.7408837424610658, 0.925, 0.925, 0.4777551532554863, 0.7307136614196691, 0.5294009399414062, 0.7046920386871101, 0.9740538230583824, 0.9740538230583824, 0.9740538230583824, 1.0, 1.0, 0.6065606389726911, 0.6360194342476981, 0.4102671146392822]
[0.9675184748722957, 0.7852022100304049, 0.615140040811362, 0.925, 0.7296650049751324, 0.6827845304612217, 0.8695652173913043, 0.26639495849609374, 0.2550268855508743, 1.0, 1.0, 1.0, 0.2151789346835502, 0.2151789346835502, 0.7479891777038574, 0.6731623240879604, 0.4790170192718506]
[0.9675184748722957, 0.7852022100304049, 0.615140040811362, 0.925, 0.7296650049751324, 0.6827845304612217, 0.8695652173913043, 0.5678009796142578, 0.5340933027863644, 0.7841420382831898, 1.0, 0.8293669066477537, 0.9063994128784576, 1.0, 0.7479891777038574, 0.6731623240879604, 0.31151700019836426]
[0.9675184748722957, 0.7852022100304049, 0.615140040811362, 0.925, 0.7296650049751324, 0.6827845304612217, 0.8695652173913043, 0.6464495086669921, 0.7965786757422395, 0.9740538230583824, 0.9740538230583824, 1.0, 1.0, 0.7466935189258337, 0.7479891777038574, 0.6288765498570034, 0.6827670931816101]
[0.9675184748722957, 0.7852022100304049, 0.615140040811362, 0.925, 0.7296650049751324, 0.6827845304612217, 0.8695652173913043, 0.5710979461669922, 0.4988457547130736, 0.8568990856723159, 1.0, 1.0, 0.866619204642547, 0.48873222701684993, 0.7479891777038574, 0.6731623240879604, 0.7852670550346375]
[0.9675184748722957, 0.7852022100304049, 0.615140040811362, 0.925, 0.7296650049751324, 0.6827845304612217, 0.8695652173913043, 0.789303970336914, 0.8415351254097196, 0.5263418909649404, 1.0, 1.0, 0.710045262064451, 0.7763274235088303, 0.7479891777038574, 0.6645909718104771, 0.4790170192718506]
[0.11903384868915268, 0.47371148092716053, 0.9440520457740467, 0.9204507446296954, 0.925, 0.8695652173913043, 0.9832548334319181, 0.5719525909423828, 0.8384729086709256, 0.8366354854859421, 0.8366354854859421, 1.0, 1.0, 0.756858630917224, 0.31370340074811665, 0.6031623567853656, 0.6202671527862549]
[0.11903384868915268, 0.47371148092716053, 0.9440520457740467, 0.9204507446296954, 0.925, 0.8695652173913043, 0.9832548334319181, 0.5648497009277343, 0.840202354859716, 0.9740538230583824, 1.0, 1.0, 0.9183177427429711, 0.9901519115291911, 0.4094178336007254, 0.5088766642979213, 0.8840171098709106]
[0.11903384868915268, 0.47371148092716053, 0.9440520457740467, 0.9204507446296954, 0.925, 0.8695652173913043, 0.9832548334319181, 0.49555259704589844, 0.6441108268346222, 0.8366354854859421, 0.8366354854859421, 1.0, 1.0, 0.9901519115291911, 0.3837035042898996, 0.44601944514683317, 0.6002670526504517]
[0.11903384868915268, 0.47371148092716053, 0.9440520457740467, 0.9204507446296954, 0.925, 0.8695652173913043, 0.9832548334319181, 0.6407099914550781, 0.8182848164894182, 0.41784147382577075, 0.41784147382577075, 1.0, 1.0, 0.8118841752388766, 0.3837033680507115, 0.14173357827322824, 0.6802671551704407]
[0.11903384868915268, 0.47371148092716053, 0.9440520457740467, 0.9204507446296954, 0.925, 0.8695652173913043, 0.9832548334319181, 0.5555525207519532, 0.948141717545416, 0.8922955326692157, 0.8922955326692157, 1.0, 1.0, 0.9901519115291911, 0.3837035042898996, 0.4531623295375279, 0.6202670335769653]
[0.11903384868915268, 0.47371148092716053, 0.9440520457740467, 0.9204507446296954, 0.925, 0.8695652173913043, 0.9832548334319181, 0.65945556640625, 0.720194422602001, 0.6804740966093863, 0.6804740966093863, 1.0, 1.0, 0.9426599009568921, 0.575132029397147, 0.44601944514683317, 0.7115170359611511]
[0.11903384868915268, 0.47371148092716053, 0.9440520457740467, 0.9204507446296954, 0.925, 0.8695652173913043, 0.9832548334319181, 0.10599502563476562, 0.10892877720067838, 1.0, 1.0, 1.0, 0.09190865576307239, 0.09190865576307239, 0.2265605926513672, 0.44601944514683317, 0.7377671003341675]
[0.11903384868915268, 0.47371148092716053, 0.9440520457740467, 0.9204507446296954, 0.925, 0.8695652173913043, 0.9832548334319181, 0.7134555053710937, 0.9958365016944511, 0.8366354854859421, 0.8366354854859421, 1.0, 1.0, 0.9901519115291911, 0.4965606416974749, 0.4531623295375279, 0.6452670693397522]
[0.5276002502441407, 0.5792047662930428, 0.6985990679864315, 0.9204507446296954, 0.6492869948631552, 0.8695652173913043, 0.8695652173913043, 0.8334554290771484, 0.8199243108675589, 0.647564317366417, 0.647564317366417, 1.0, 1.0, 0.673364474433729, 0.6237034797668457, 0.8574481010437012, 0.9990171194076538]
[0.5276002502441407, 0.5792047662930428, 0.6985990679864315, 0.9204507446296954, 0.6492869948631552, 0.8695652173913043, 0.8695652173913043, 0.6866009521484375, 0.8159604811371606, 0.8922955326692157, 0.8922955326692157, 1.0, 1.0, 0.8658776244265398, 0.7437034334455218, 0.7303052629743304, 0.5427670478820801]
[0.5276002502441407, 0.5792047662930428, 0.6985990679864315, 0.9204507446296954, 0.6492869948631552, 0.8695652173913043, 0.8695652173913043, 0.6782555389404297, 0.6380168752535306, 0.7540226990786894, 0.7540226990786894, 0.8058252282696382, 1.0, 1.0, 0.7908462796892438, 0.7303052629743304, 0.9377670884132385]
[0.5276002502441407, 0.5792047662930428, 0.6985990679864315, 0.9204507446296954, 0.6492869948631552, 0.8695652173913043, 0.8695652173913043, 0.6088494873046875, 0.8634823296273103, 0.9740538230583824, 0.9740538230583824, 1.0, 1.0, 0.7480664646040049, 0.6237034797668457, 0.693162373134068, 0.7590170502662659]
[0.5276002502441407, 0.5792047662930428, 0.6985990679864315, 0.9204507446296954, 0.6492869948631552, 0.8695652173913043, 0.8695652173913043, 0.7028495025634766, 0.9271169013805554, 0.8932650963317723, 1.0, 1.0, 0.7822548855398436, 0.8275213320779334, 0.502274921962193, 0.7803052493504116, 0.6002670526504517]
[0.5276002502441407, 0.5792047662930428, 0.6985990679864315, 0.9204507446296954, 0.6492869948631552, 0.8695652173913043, 0.8695652173913043, 0.8507526397705079, 0.97633441029121, 0.9141705576972651, 1.0, 1.0, 0.9870269115291912, 0.902912614134819, 0.4665606362479074, 0.573162351335798, 0.47151708602905273]
[0.5276002502441407, 0.5792047662930428, 0.6985990679864315, 0.9204507446296954, 0.6492869948631552, 0.8695652173913043, 0.8695652173913043, 0.8627525329589844, 0.9708978179938996, 0.8922955326692157, 0.9740538230583824, 1.0, 1.0, 0.8275213320779334, 0.502274921962193, 0.9345910208565849, 0.5065170526504517]
[0.5276002502441407, 0.5792047662930428, 0.6985990679864315, 0.9204507446296954, 0.6492869948631552, 0.8695652173913043, 0.8695652173913043, 0.7402011108398437, 0.9708978179938996, 0.9740538230583824, 0.9740538230583824, 1.0, 1.0, 0.902912614134819, 0.5794177055358887, 0.9345910208565849, 0.7240170836448669]
[0.5276002502441407, 0.5792047662930428, 0.6985990679864315, 0.9204507446296954, 0.6492869948631552, 0.8695652173913043, 0.8695652173913043, 0.7064495849609375, 0.8196964469718288, 0.9803038230583824, 1.0, 1.0, 0.9461477663346078, 0.673364474433729, 0.6237034797668457, 0.9345910208565849, 0.6065170764923096]
[0.5276002502441407, 0.5792047662930428, 0.6985990679864315, 0.9204507446296954, 0.6492869948631552, 0.8695652173913043, 0.8695652173913043, 0.5767524719238282, 0.6625355905927511, 0.8922955326692157, 0.8922955326692157, 0.8932650963317723, 1.0, 1.0, 0.4408463069370815, 0.7303052629743304, 0.4940171241760254]
[0.5276002502441407, 0.5792047662930428, 0.6985990679864315, 0.9204507446296954, 0.6492869948631552, 0.8695652173913043, 0.8695652173913043, 0.6987525177001953, 0.8196964469718288, 0.7760995569754862, 1.0, 0.8058252282696382, 0.9461477663346078, 1.0, 0.7908462796892438, 0.7088766098022461, 0.7215171456336975]
[0.5276002502441407, 0.5792047662930428, 0.6985990679864315, 0.9204507446296954, 0.6492869948631552, 0.8695652173913043, 0.8695652173913043, 0.3231951141357422, 0.30951044551588314, 1.0, 1.0, 1.0, 0.2611494384040264, 0.2611494384040264, 0.6237034797668457, 0.7303052629743304, 0.7152671217918396]
[0.6518422992412861, 0.7146058157465498, 0.5859757927662662, 0.5713263979471096, 0.925, 0.8695652173913043, 0.9832548334319181, 0.31399490356445314, 0.3041705273063325, 1.0, 1.0, 1.0, 0.256643882414718, 0.256643882414718, 0.6265606880187988, 0.7903052738734654, 0.6002670526504517]
[0.7494529195932242, 0.6246993629874038, 0.39644571609675394, 0.3865345731943351, 0.8053641233592291, 0.8695652173913043, 0.8695652173913043, 0.5601039123535156, 0.529146935508441, 0.4348920447706326, 0.4348920447706326, 1.0, 1.0, 0.44646772683524716, 0.5265605790274483, 0.6760195323399135, 0.6315170526504517]
[0.7494529195932242, 0.6246993629874038, 0.39644571609675394, 0.3865345731943351, 0.8053641233592291, 0.8695652173913043, 0.8695652173913043, 0.5414009094238281, 0.6665505592438137, 0.7527954408285628, 0.9740538230583824, 1.0, 1.0, 0.5413498432211994, 0.5265605790274483, 0.4945908955165318, 0.4665170907974243]
[0.7494529195932242, 0.6246993629874038, 0.39644571609675394, 0.3865345731943351, 0.8053641233592291, 0.8695652173913043, 0.8695652173913043, 0.161195068359375, 0.16286762304022562, 1.0, 1.0, 1.0, 0.13741955694019037, 0.13741955694019037, 0.5265605790274483, 0.6760195323399135, 0.33901703357696533]
[0.7494529195932242, 0.6246993629874038, 0.39644571609675394, 0.3865345731943351, 0.8053641233592291, 0.8695652173913043, 0.8695652173913043, 0.34844947814941407, 0.3362874997283915, 0.7527954408285628, 0.7527954408285628, 1.0, 1.0, 0.28374257789583035, 0.5265605790274483, 0.6760195323399135, 0.5040171146392822]
[0.7494529195932242, 0.6246993629874038, 0.39644571609675394, 0.3865345731943351, 0.8053641233592291, 0.8695652173913043, 0.8695652173913043, 0.6810009765625, 0.8782287305562323, 0.8377602887168428, 0.9740538230583824, 1.0, 1.0, 0.7660500490467615, 0.5265605790274483, 0.8845910344805036, 0.484017014503479]
[0.7494529195932242, 0.6246993629874038, 0.39644571609675394, 0.3865345731943351, 0.8053641233592291, 0.8695652173913043, 0.8695652173913043, 0.5745039367675782, 0.6907039632851862, 0.5447903742403302, 0.5447903742403302, 1.0, 1.0, 0.5413498432211994, 0.5265605790274483, 0.4374480928693499, 0.5740170478820801]
[0.7494529195932242, 0.6246993629874038, 0.39644571609675394, 0.3865345731943351, 0.8053641233592291, 0.8695652173913043, 0.8695652173913043, 0.6303524017333985, 0.6734624003847485, 0.6746870646962315, 0.6746870646962315, 1.0, 1.0, 0.8466233162156379, 0.6937035151890346, 0.6760195323399135, 0.6477671265602112]
[0.7494529195932242, 0.6246993629874038, 0.39644571609675394, 0.3865345731943351, 0.8053641233592291, 0.8695652173913043, 0.8695652173913043, 0.5598008728027344, 0.7598808950015744, 0.7527954408285628, 0.9740538230583824, 1.0, 1.0, 0.6251913966267497, 0.5265605790274483, 0.6360194342476981, 0.38901710510253906]
[0.7296395287146935, 0.033429835768613005, 0.7458919379251148, 0.925, 0.9204507446296954, 0.029069422407489567, 0.8695652173913043, 0.4717039489746094, 0.4453343756225134, 0.7274370902267702, 0.7274370902267702, 0.7651941783121988, 1.0, 1.0, 0.7879892076764788, 0.37173380170549664, 0.5565170049667358]
[0.7296395287146935, 0.033429835768613005, 0.7458919379251148, 0.925, 0.9204507446296954, 0.029069422407489567, 0.8695652173913043, 0.06719497680664062, 0.07524155368442412, 1.0, 1.0, 1.0, 0.06348506092123285, 0.06348506092123285, 0.5579892567225865, 0.37173380170549664, 0.28401708602905273]
[0.6471223449707032, 0.7154484517846443, 0.5737687217705822, 0.8851327290838993, 0.6352041606952076, 0.8695652173913043, 0.8695652173913043, 0.5777040100097657, 0.7708199487125861, 0.7274370902267702, 0.7274370902267702, 0.8922955326692157, 1.0, 1.0, 0.5551321165902274, 0.8131623268127441, 0.5777671337127686]
[0.6471223449707032, 0.7154484517846443, 0.5737687217705822, 0.8851327290838993, 0.6352041606952076, 0.8695652173913043, 0.8695652173913043, 0.482200927734375, 0.700810656895527, 0.7274370902267702, 0.7274370902267702, 1.0, 1.0, 0.6150649594431226, 0.5994178227015904, 0.8131623268127441, 0.5777671337127686]
[0.6471223449707032, 0.7154484517846443, 0.5737687217705822, 0.8851327290838993, 0.6352041606952076, 0.8695652173913043, 0.8695652173913043, 0.46875236511230467, 0.4438875570969119, 0.4889441171578591, 0.4889441171578591, 1.0, 1.0, 0.3745301263005194, 0.5994178227015904, 0.6560194832938058, 0.7502670884132385]
[0.6471223449707032, 0.7154484517846443, 0.5737687217705822, 0.8851327290838993, 0.6352041606952076, 0.8695652173913043, 0.8695652173913043, 0.4520494842529297, 0.7291720011958931, 0.8568990856723159, 1.0, 1.0, 0.6681971979805335, 0.6742262183866996, 0.5994178227015904, 0.4445908410208566, 0.3115171194076538]
[0.6471223449707032, 0.7154484517846443, 0.5737687217705822, 0.8851327290838993, 0.6352041606952076, 0.8695652173913043, 0.8695652173913043, 0.4443524932861328, 0.42419375702653955, 0.7274370902267702, 0.7274370902267702, 0.8922955326692157, 1.0, 1.0, 0.6822748865400042, 0.6560194832938058, 0.5215170383453369]
[0.6471223449707032, 0.7154484517846443, 0.5737687217705822, 0.8851327290838993, 0.6352041606952076, 0.8695652173913043, 0.8695652173913043, 0.11039505004882813, 0.11490269360441874, 1.0, 1.0, 1.0, 0.09694914772872831, 0.09694914772872831, 0.5994178227015904, 0.6560194832938058, 0.3115171194076538]
[0.7207819483830379, 0.6591386266402266, 0.4966318134603318, 0.925, 0.9252812037177843, 0.5731640231654144, 0.8695652173913043, 0.6500070190429688, 0.6139481481434633, 0.42523956518906736, 0.42523956518906736, 1.0, 1.0, 0.5180187499960471, 0.4637034961155483, 0.6717337199619838, 0.905267059803009]
[0.7207819483830379, 0.6591386266402266, 0.4966318134603318, 0.925, 0.9252812037177843, 0.5731640231654144, 0.8695652173913043, 0.6312494659423828, 0.8921415918772062, 0.9803038230583824, 1.0, 1.0, 0.8810316998260277, 0.7097837810535286, 0.4637034961155483, 0.5517336981637138, 0.47151708602905273]
[0.7207819483830379, 0.6591386266402266, 0.4966318134603318, 0.925, 0.9252812037177843, 0.5731640231654144, 0.8695652173913043, 0.2527949523925781, 0.24784562823996323, 1.0, 1.0, 1.0, 0.20911974882746898, 0.20911974882746898, 0.4637034961155483, 0.7560195241655622, 0.6502671241760254]
[0.42550193199744596, 0.1890843538056366, 0.8408180962459821, 0.925, 0.8019141533730002, 0.3076581207755223, 0.8695652173913043, 0.1315948486328125, 0.1373066784390731, 1.0, 1.0, 1.0, 0.11585250993296792, 0.11585250993296792, 0.46084628786359516, 0.6603051594325474, 0.4027670621871948]
[0.42550193199744596, 0.1890843538056366, 0.8408180962459821, 0.925, 0.8019141533730002, 0.3076581207755223, 0.8695652173913043, 0.4866010284423828, 0.6973563205695961, 0.9803038230583824, 1.0, 1.0, 0.9188801443584214, 0.6287649023286032, 0.46084628786359516, 0.3203051430838449, 0.4027670621871948]
[0.42550193199744596, 0.1890843538056366, 0.8408180962459821, 0.925, 0.8019141533730002, 0.3076581207755223, 0.8695652173913043, 0.3504493713378906, 0.33482944080226357, 0.8377602887168428, 0.9740538230583824, 0.8418669097391583, 1.0, 1.0, 0.7379891531808036, 0.6603051594325474, 0.5265170335769653]
[0.42550193199744596, 0.1890843538056366, 0.8408180962459821, 0.925, 0.8019141533730002, 0.3076581207755223, 0.8695652173913043, 0.354449462890625, 0.6973563205695961, 0.8922955326692157, 1.0, 0.8418669097391583, 0.6261022009773287, 1.0, 0.6065605708530971, 0.5031623840332031, 0.4027670621871948]
[0.398287588266226, 0.3176062806735923, 0.4248245273533433, 0.4142039141695097, 0.925, 0.8695652173913043, 0.27617937449877594, 0.21199493408203124, 0.21001675607838075, 1.0, 1.0, 1.0, 0.17720163794113375, 0.17720163794113375, 0.502274921962193, 0.8160195350646973, 0.4165170192718506]
[0.6276001915564904, 0.8446906328848695, 0.7765718534193407, 0.7571575570838571, 0.9678715292233531, 0.8695652173913043, 0.8695652173913043, 0.26959503173828125, 0.2627133626920876, 1.0, 1.0, 1.0, 0.22166439977144892, 0.22166439977144892, 0.6451320648193359, 0.7231623785836356, 0.4727671146392822]
[0.5432760150615986, 0.5649136154258306, 0.7201408076855167, 0.7021372874933788, 0.9678715292233531, 0.8695652173913043, 0.8695652173913043, 0.09959503173828126, 0.10718073965672356, 1.0, 1.0, 1.0, 0.0904337490853605, 0.0904337490853605, 0.5608462606157575, 0.4688765662057059, 0.43276703357696533]
[0.5432760150615986, 0.5649136154258306, 0.7201408076855167, 0.7021372874933788, 0.9678715292233531, 0.8695652173913043, 0.8695652173913043, 0.6626010131835938, 0.7503758588899824, 0.9740538230583824, 1.0, 0.9740538230583824, 0.9870269115291912, 1.0, 0.6708463260105678, 0.7074480056762695, 0.6415171027183533]
[0.7796394993708684, 0.5375700548483944, 0.3705350977647825, 0.3612717203206629, 0.925, 0.8695652173913043, 0.46745222160729943, 0.23559494018554689, 0.2331614891418599, 1.0, 1.0, 1.0, 0.1967300064634443, 0.1967300064634443, 0.5494177682059151, 0.8445909363882882, 0.34651708602905273]
[0.6125067549485427, 0.831140528200019, 0.7561386217444681, 0.9678715292233531, 0.7796946480776976, 0.8695652173913043, 0.8695652173913043, 0.4734980010986328, 0.6678735072692932, 0.9803038230583824, 1.0, 1.0, 0.8734678888784764, 0.5143248077098297, 0.4237034661429269, 0.5817337036132812, 0.41901707649230957]
[0.6125067549485427, 0.831140528200019, 0.7561386217444681, 0.9678715292233531, 0.7796946480776976, 0.8695652173913043, 0.8695652173913043, 0.44524948120117186, 0.5038331232743112, 0.8568990856723159, 0.9740538230583824, 1.0, 1.0, 0.3761658915118552, 0.4237034661429269, 0.6160195214407784, 0.4290170669555664]
[0.6125067549485427, 0.831140528200019, 0.7561386217444681, 0.9678715292233531, 0.7796946480776976, 0.8695652173913043, 0.8695652173913043, 0.153594970703125, 0.15645374305424903, 1.0, 1.0, 1.0, 0.13200784570202262, 0.13200784570202262, 0.4237034661429269, 0.6160195214407784, 0.5927670001983643]
[0.7163530848576473, 0.3145228175046145, 0.9926887479213877, 0.925, 0.925, 0.9441243986493094, 0.6233785287386745, 0.2839949035644531, 0.27562896546031773, 1.0, 1.0, 1.0, 0.2325619396071431, 0.2325619396071431, 0.7908463478088379, 0.6731623240879604, 0.36901700496673584]
[0.767227061345027, 0.6801334285052513, 0.5837825964503447, 0.5691880315390861, 0.8142853636273181, 0.8695652173913043, 0.8695652173913043, 0.1879949951171875, 0.18420005834790462, 1.0, 1.0, 1.0, 0.1554187992310445, 0.1554187992310445, 0.7665606226239886, 0.2774479729788644, 0.5640170574188232]
[0.5553973623422477, 0.24465080517040977, 0.5765416371723794, 0.5621280962430699, 0.925, 0.8695652173913043, 0.212739830582965, 0.3483950805664062, 0.3314100965673357, 1.0, 1.0, 1.0, 0.2796272689786895, 0.2796272689786895, 0.7037034715924945, 0.7931623458862305, 0.7302671074867249]
[0.6675183574969952, 0.7915625948212215, 0.7969597787391215, 0.7770357842706435, 0.9252812037177843, 0.8695652173913043, 0.8695652173913043, 0.2891950988769531, 0.27918957083102003, 1.0, 1.0, 1.0, 0.23556620038867315, 0.23556620038867315, 0.7279891286577497, 0.4688765662057059, 0.7677671313285828]
[0.8932761030930739, 0.6801334285052513, 0.8453262024994678, 0.9020930822108044, 0.8039353867822421, 0.8695652173913043, 0.8695652173913043, 0.2615948486328125, 0.25062539758670244, 1.0, 1.0, 1.0, 0.21146517921378016, 0.21146517921378016, 0.6537034170968192, 0.6874480928693499, 0.5240169763565063]
