crRNA spacer,bh_maximal consecutive paired bases,bh_maximal consecutive unpaired bases,bh_5' overhang,bh_3' overhang,bh_5' stem,bh_3' stem,dsDNA target,ah_maximal consecutive paired bases,ah_maximal consecutive unpaired bases,ah_5' overhang,ah_3' overhang,ah_5' stem,ah_3' stem,PAM-proximal region,central region,PAM-distal region,crRNA spacer,bh_maximal consecutive paired bases,bh_maximal consecutive unpaired bases,bh_5' overhang,bh_3' overhang,bh_5' stem,bh_3' stem,dsDNA target,ah_maximal consecutive paired bases,ah_maximal consecutive unpaired bases,ah_5' overhang,ah_3' overhang,ah_5' stem,ah_3' stem,PAM-proximal region,central region,PAM-distal region
0.90918756,0.96153843,0.06418013,0.061663263,0.061663263,0.88,0.88,0.41524768,0.39347637,0.97959185,1.0,1.0,0.39347637,0.39347637,0.70798916,0.35801518,0.38776708,0.017832053113897954,0.00023771954457220857,0.04925532516915334,-0.0024660365539166283,0.005114122834735373,-0.0006929641417260956,0.001887916446834337,-0.002271324597176746,0.01362768034118723,0.0,0.0,0.0,0.003296248871422823,0.0064243531882527925,-0.0011910724755006949,0.004109631157249846,-0.0036398083068735648
0.80292046,0.7686681,0.8658346,0.8318803,0.9429901,0.88,0.88,0.59149766,0.57538486,0.97959185,1.0,1.0,0.57538486,0.57538486,0.64513206,0.4824596,0.58901703,0.008363924685380865,0.0033040806905278814,-0.01710335166858767,0.004948430948605063,0.005873771060906074,-0.0012056314803420038,0.001261994921394069,0.004124620149159277,0.0034542161144850876,0.0,0.0,0.0,0.003782830743595725,0.007952580760619662,0.00031134681076097056,0.0017852968431751035,0.002006814691785753
0.90918756,0.96153843,0.27193165,0.26126766,0.26126766,0.88,0.88,0.6883726,0.68670076,0.97959185,1.0,1.0,0.68670076,0.68670076,0.5865606,0.62690413,0.69526714,0.01784040944595473,-0.0017857224309710035,0.03098542041070591,-0.003727211401778597,-0.01053196171959367,-0.0008192830085874872,0.0011088692536746186,0.0057043315217073665,-0.013442382028849263,0.0,0.0,0.0,-0.0003318322745295159,-0.003646992579402072,0.0008870393499909168,-0.002822858491214752,0.003248784816746011
0.5711023,0.59886557,0.7962407,0.9924483,0.9220285,0.88,0.88,0.17087245,0.12868683,0.97959185,1.0,1.0,0.12868683,0.12868683,0.19941767,0.3302374,0.37526703,-0.019807194900581773,-0.002507384717731499,-0.017168076340028558,-0.011280908783584969,-0.0015233586249654987,-0.0028213607725066036,0.00017415585253348313,-0.015913155183001147,-0.007507805837099528,0.0,0.0,0.0,-0.016313885521012424,-0.03207700799571836,-0.0014582068981799478,-0.0006039613983940615,-0.01012304599508433
0.61621255,0.5683737,0.73653704,0.9748012,0.9411765,0.88,0.47110862,0.48024762,0.46699437,0.97959185,1.0,1.0,0.46699437,0.46699437,0.2837034,0.41468185,0.5965171,-0.01748038462977602,0.0004363687406591738,-0.007495768641660385,-0.003380839949776229,0.008959015867379494,-0.0024096162206144454,-0.009129327627911795,-0.0017536953231651264,0.007208140525970182,0.0,0.0,0.0,0.0027587105967986103,0.006715842683788027,0.0007366694491764168,0.0010880941216581549,0.002906387859577364
0.8074659,0.65426075,0.7998552,0.909908,0.8380805,0.88,0.88,0.5002477,0.48974237,0.97959185,1.0,1.0,0.48974237,0.48974237,0.34513202,0.54468185,0.62151706,0.010149576820018453,0.001785587998799688,-0.013212063269837863,0.0009211717478904197,0.00439243354980242,-0.001661932342478583,0.0008794995043612035,-0.0004934898316783141,0.008560654913378256,0.0,0.0,0.0,0.003916754513760116,0.008209194482284805,-0.002494261979084963,0.0007095985588813497,0.004269225263998772
0.90918756,0.96153843,0.4184031,0.40199512,0.40199512,0.88,0.88,0.8627479,0.868705,0.97959185,1.0,1.0,0.868705,0.868705,0.54513204,0.8591263,0.78776705,0.019108968188611897,-0.0015505327451340064,0.01622661060948148,-0.003600032393677455,-0.01570104629725533,-0.0004361241018569289,0.0003150802692719626,0.0093274700491834,-0.03092907588947475,0.0,0.0,0.0,-0.0037386116343902766,-0.009690841042840646,0.0010150172068630972,-0.008575651558794832,0.004355489357557641
0.8172455,0.77695835,0.82790416,0.8408133,0.74617654,0.88,0.88,0.33774757,0.30058834,0.97959185,1.0,1.0,0.30058834,0.30058834,0.6794177,0.34134844,0.43776703,0.011013207717269005,0.0036331222806836993,-0.020263864016490073,0.0020954451267325047,-0.00021434376897895173,-0.002543718965912667,0.0015975998240837935,-0.008951788624531864,0.004737294103290285,0.0,0.0,0.0,-0.005951232889583519,-0.009673017813303528,0.0002407273139869731,-0.0016085565771789224,-0.005639639069817391
0.83962846,0.7997301,0.7441193,0.9411765,0.6937002,0.77544713,0.88,0.60587275,0.59625274,0.97959185,1.0,1.0,0.59625274,0.59625274,0.5494177,0.5135708,0.6577671,0.015575503047194841,0.0023739344872382813,-0.005184628238450152,0.0011413625364988086,-0.0035410001162166525,0.002006767483180981,0.002527294356851124,0.004259934747998278,0.0006010711090408564,0.0,0.0,0.0,0.0026360985254000597,0.0050964299562080715,0.00043398674696930263,0.001061966564159935,0.003825351462103228
0.7759921,0.7897744,0.793054,0.9924483,0.9220285,0.88,0.88,0.6864977,0.6808026,0.97959185,1.0,1.0,0.6808026,0.6808026,0.7551321,0.42357075,0.6765171,0.007060231184794679,0.0022967295301740344,-0.0071391827235627115,0.0027703438560930773,0.006018437089951572,-0.0011441226479052538,0.0025976366915468007,0.007119947074084852,-0.001700477399535438,0.0,0.0,0.0,0.002038602792243076,0.005496085796326417,-0.0008258439725603886,0.002295920759817119,0.0027405385930688725
0.64803076,0.634719,0.87807,0.84363586,0.9748012,0.88,0.88,0.47837257,0.46528348,0.97959185,1.0,1.0,0.46528348,0.46528348,0.6279892,0.5235707,0.33401716,-0.014021448798391543,-0.0009227544568106968,-0.024959991523130824,0.0030479993992399462,-0.00042633151637342173,-0.0016274674133606548,-1.5368616342634895e-06,-0.0015219856297510653,0.004151979126573096,0.0,0.0,0.0,0.0023960226412801312,0.0026783110856708693,0.0003646827067492451,0.0008506599625859753,-0.011483221961893142
0.90918756,0.96153843,0.2113296,0.20304215,0.20304215,0.88,0.88,0.5739975,0.54626006,0.97959185,1.0,1.0,0.54626006,0.54626006,0.4765606,0.53023744,0.77401704,0.01714979003388091,-0.0013459117793574113,0.03548216551831634,0.00011310125226701488,-0.009980882305857362,-0.00020669535985444332,0.0010124255822523654,0.0030107538251918173,0.0009967043602583199,0.0,0.0,0.0,0.0023764892748037733,0.003050317868122659,-0.00035240913644506654,9.269501396660228e-05,0.002626420431531121
0.90918756,0.96153843,0.18561278,0.17833385,0.17833385,0.88,0.88,0.5164975,0.49295738,0.97959185,1.0,1.0,0.49295738,0.49295738,0.6208463,0.406904,0.63026714,0.01724251990108287,-0.00013652536064467891,0.034585495529770804,-0.0006203098086966182,-0.004217766849742077,-0.0005248386710190215,0.0011871524005833858,0.0007018024517965971,0.005826699321165691,0.0,0.0,0.0,0.0024130724481454878,0.004512739366869223,0.00036634753403677264,0.004233609752597281,0.0026733653566632315
0.3801932,0.6224467,0.7938689,0.9411765,0.78416306,0.5273445,0.88,0.39962256,0.38427666,0.97959185,1.0,1.0,0.38427666,0.38427666,0.4094177,0.40134844,0.5877671,-0.05183635754132133,0.00035429525475043534,-0.015758713143107478,-0.0018910084678539485,0.0010717789279788294,0.009920908425168923,0.0008834998278909971,-0.004737583127900834,0.007129880929222441,0.0,0.0,0.0,0.0011703270056989822,0.0007396832781297859,0.0006437516232369187,0.0013396505328887598,0.004061311527850661
0.871791,0.92629707,0.38919768,0.9411765,0.373935,0.8433489,0.88,0.74212253,0.74126124,0.97959185,1.0,1.0,0.74126124,0.74126124,0.70370346,0.6180152,0.6577672,0.01675244465150664,0.00025534191602805047,0.023251705729821125,0.0032180755110002273,-0.014206483043698273,0.00017294936937956948,0.001525009912690839,0.008836937027378066,-0.011056170371511638,0.0,0.0,0.0,0.0017960217334110635,0.0011560390578548947,0.0013221766911775603,-0.0014778697326196643,0.00263961339658663
0.77984893,0.6315162,0.84845924,0.9429901,0.9748012,0.88,0.88,0.78462267,0.78586423,0.97959185,1.0,1.0,0.78586423,0.78586423,0.51513207,0.71134853,0.8552671,0.008320257392969018,0.001617692801467715,-0.01132415252426048,0.001966031322976177,0.009285286649423184,-0.000814139139596881,0.0010305368453559353,0.0111596832468727,-0.011972974505488248,0.0,0.0,0.0,-0.0029482603208651646,5.774572630279806e-05,0.00016127963823788888,-0.004711935402186765,0.003390701837012142
0.90918756,0.96153843,0.33574882,0.3225822,0.3225822,0.88,0.88,0.75774765,0.7586688,0.97959185,1.0,1.0,0.7586688,0.7586688,0.6879892,0.5791263,0.7490172,0.018502583332300256,-0.0007148083363611248,0.02454311937579961,-0.004462947327910653,-0.012494749986671666,-0.0007520101173058007,0.0014357749123529073,0.006700491177201718,-0.018735129412014103,0.0,0.0,0.0,-0.0010448623851729544,-0.00387062304876504,0.00042374163535326636,-0.0008820924341425725,0.004529575683057353
0.90918756,0.96153843,0.045569424,0.043782387,0.043782387,0.88,0.88,0.3146224,0.28813276,0.97959185,1.0,1.0,0.28813276,0.28813276,0.35941765,0.44579294,0.3677671,0.018192948363401462,0.000640734466284266,0.05392864750417588,0.006438304520024234,0.001408708856190706,-0.00026878310996693273,0.0029021359926741826,-0.007895739547857585,0.0205171032763158,0.0,0.0,0.0,0.002150292678227218,0.0075690702695904236,-0.00034273946198435626,0.0030417313328083805,-0.004569531596899506
0.53019327,0.6765232,0.7729775,0.74266464,0.9411765,0.88,0.55491674,0.41899765,0.40254146,0.97959185,1.0,1.0,0.40254146,0.40254146,0.5808463,0.3624596,0.4352671,-0.03495620281283941,0.0021254280307119733,-0.012515525452154863,0.007914067081401214,0.004859700125870915,-0.0023382663819489407,-0.006492200768498194,-0.006045840878217526,0.006470251835268476,0.0,0.0,0.0,-0.00027897536759488985,-0.0007348901335449504,1.9802811755628388e-05,-0.0011794091892898268,-0.001944278658197099
0.6584989,0.618978,0.69824,0.9411765,0.9411765,0.81621236,0.60349137,0.31524754,0.29155985,0.97959185,1.0,1.0,0.29155985,0.29155985,0.28798908,0.44357067,0.5702671,-0.010215735904670231,-0.000572744955330177,-0.0020851767528605354,-0.003606026566240964,0.0034869797689712095,0.000625150884644462,-0.002310250709500981,-0.009099392428801046,0.00284792046540176,0.0,0.0,0.0,-0.004994587780341648,-0.008438726804931558,0.0006978922187231651,0.0005846518247199393,0.003647406607282534
0.86201143,0.61983705,0.809953,0.9411765,0.87407136,0.52463055,0.88,0.4627477,0.44402906,0.97959185,1.0,1.0,0.44402906,0.44402906,0.36798912,0.555793,0.51276696,0.017112450779855178,-0.0012699485902469337,-0.011572284821695367,-0.0016737786808060015,0.0030785392249268306,0.0033172844983347044,-0.0016447692042160628,-0.0014378882093203432,0.007149270398082496,0.0,0.0,0.0,0.0020439402236544003,0.004254659096905022,-0.0006370443512256753,5.0982619260678713e-05,-0.0011942917743206155
0.90918756,0.96153843,0.18347883,0.17628358,0.17628358,0.88,0.88,0.53524756,0.51209646,0.97959185,1.0,1.0,0.51209646,0.51209646,0.4422749,0.52134854,0.61026704,0.017537676852888828,-0.0006229611864064922,0.03955010300735081,0.0017702685867169929,-0.009676449982364771,-0.00041728774925162707,0.0023169340910940764,0.0009369562866539646,0.004055651686078164,0.0,0.0,0.0,0.0023369719380108033,0.003917402223035665,-0.000325151427677537,0.0006020797182857528,0.00161772249139921
0.50257623,0.6381991,0.8650587,0.89572877,0.9748012,0.88,0.88,0.47712255,0.46434262,0.97959185,1.0,1.0,0.46434262,0.46434262,0.40798923,0.55023736,0.41901708,-0.03193289460753313,0.0009147030367679636,-0.019666880160081276,0.0025349104686504596,0.004495771141818301,-0.0023305579637959467,0.0006469218102737056,-0.0022374019908795346,0.007005442768106531,0.0,0.0,0.0,0.0028915059060147267,0.004625681548774721,0.0006990467055718977,0.001443736311661998,-0.004720214999402579
0.8665569,0.684464,0.9212083,0.88508254,0.9924483,0.88,0.88,0.75149775,0.74731123,0.97959185,1.0,1.0,0.74731123,0.74731123,0.78084624,0.6813485,0.6015171,0.01986396332266815,0.002494534997518681,-0.01974241152013544,0.004736914754334487,0.0074715642732409914,-0.0009653837833452287,0.0007225038174259571,0.009376102714730912,-0.005940989346620279,0.0,0.0,0.0,-0.00010272495820860997,0.006657849271347311,-0.00017171412555732076,-0.002774707639525751,0.002846299041957414
0.6029205,0.6841977,0.8751322,0.96780485,0.81725186,0.88,0.88,0.40024757,0.37512884,0.97959185,1.0,1.0,0.37512884,0.37512884,0.5494178,0.30134848,0.515267,-0.02177953212857229,0.002335826339521794,-0.028731096227880334,-0.0032187821277914093,0.0019357339120927121,-0.0024636513151386936,0.0009234891826140134,-0.007054138662348598,0.005502456460205828,0.0,0.0,0.0,-0.0018365938798603682,-0.004194661130666573,0.0009574801904892398,-0.0011955376973466633,-0.0003345287638091767
0.90918756,0.96153843,0.2495949,0.23980686,0.23980686,0.88,0.88,0.6002475,0.5862169,0.97959185,1.0,1.0,0.5862169,0.5862169,0.59941775,0.6802374,0.5090171,0.01882851172826566,-0.0007288268940695397,0.031156902423582267,-0.002453310656909715,-0.008242219520002161,-0.0003634670289639124,0.0014890827517667665,0.0029701079075269894,-0.0014867100811491584,0.0,0.0,0.0,0.002393802681174091,0.0029860600907154703,0.00019986950334471506,-0.0033550849302609316,-0.00016423992362400968
0.7441739,0.7456876,0.71002954,0.9924483,0.6526684,0.88,0.88,0.4414978,0.4222863,0.97959185,1.0,1.0,0.4222863,0.4222863,0.4922749,0.41912618,0.577767,0.004339917756365111,0.002877706147040478,-0.002361352080918162,-0.006404618023582346,-0.0013783229726726564,-0.0017009075508645382,0.0020984092227499616,-0.004233002158047654,0.0068686621699323835,0.0,0.0,0.0,0.0010064857561631723,0.00401652973471872,0.00041481035729576887,0.0016572197202099467,0.0024454038174547476
0.6896285,0.7495128,0.6870376,0.8664516,0.9376084,0.88,0.88,0.29899764,0.2745047,0.97959185,1.0,1.0,0.2745047,0.2745047,0.22513199,0.46912628,0.40776706,-0.004407747112462739,0.004507015161448736,0.0015119973968824602,0.000172289319507161,0.0014295496678630726,-0.002683695769860128,0.0011753416775629856,-0.009435655587289576,0.003385719826955903,0.0,0.0,0.0,-0.007251133809949015,-0.01146221200810394,-0.001038200176355902,0.001345214463923305,-0.006945531938168432
0.90918756,0.96153843,0.20508894,0.19704624,0.19704624,0.88,0.88,0.6246226,0.61448395,0.97959185,1.0,1.0,0.61448395,0.61448395,0.6279892,0.42245972,0.7152671,0.015218425435933743,-0.0005029556348412071,0.03279184396648108,-0.002709026547796121,-0.006397544955898972,-0.00032125773986401205,0.001699309675025244,0.004052667848876557,-0.005297086606950747,0.0,0.0,0.0,0.0014367629032059754,0.0008090361658846341,0.00020543313315532385,0.003800312646924942,0.004180911561007996
0.85257626,0.6301019,0.799676,0.9411765,0.8937818,0.535306,0.88,0.6108726,0.60327214,0.97959185,1.0,1.0,0.60327214,0.60327214,0.6279892,0.45801523,0.6615171,0.013663316524253552,0.0004833906105336512,-0.012098997819370672,0.0027851197061798676,0.004897417965001561,0.003571390886803517,0.0007481746198308547,0.0020204842521059836,0.00197952491825262,0.0,0.0,0.0,0.0014420332388642768,0.00441755734124958,0.00014232975388273888,0.002569016280059005,0.003558478312481618
0.7756478,0.70714283,0.65237707,0.9411765,0.9411765,0.74310553,0.6154285,0.6702477,0.66702974,0.97959185,1.0,1.0,0.66702974,0.66702974,0.7008463,0.4891262,0.6677671,0.0043895943046860985,0.0017166965020181308,0.0021909242040600145,0.0043318115575815665,0.0066068689974240116,0.0020646984066950984,-0.0019045619909293693,0.007139490378494757,-0.0036623008390494977,0.0,0.0,0.0,0.0012508714461378246,0.004252458733207949,-0.0012427915393862581,0.0008436999498507362,0.002539819286220024
0.9078103,0.7456876,0.65248674,0.9117176,0.9748012,0.88,0.88,0.40399766,0.38993874,0.97959185,1.0,1.0,0.38993874,0.38993874,0.34513202,0.60468185,0.33901703,0.023328989351745547,0.004408683272090184,0.004901363613385938,0.0007617768085889722,0.00038089978264748314,-0.0017047137584025552,-0.00025768036762859373,-0.001907477621033397,0.005869663906420856,0.0,0.0,0.0,-0.00011057196348564898,0.0009273173501328993,-0.000625238117492852,-0.00015428597730287311,-0.008951519687240578
0.5571217,0.6228039,0.87807,0.9411765,0.9748012,0.6436919,0.88,0.24649763,0.22246619,0.97959185,1.0,1.0,0.22246619,0.22246619,0.5579892,0.35801518,0.17901707,-0.02647191700394415,-0.0019209402886433361,-0.023021679014323313,-0.002234920219262162,-0.001154030689734839,0.00736004129229885,-8.955803930900188e-05,-0.010405348477382358,-0.0023368128445186535,0.0,0.0,0.0,-0.00880315501224002,-0.021861319931646302,0.0006225849205643165,-0.0004785118777450843,-0.025127231811704114
0.8899728,0.97363144,0.41693807,0.9748012,0.29715464,0.88,0.88,0.5333725,0.5221317,0.97959185,1.0,1.0,0.5221317,0.5221317,0.84656054,0.46468183,0.451517,0.019204182377743545,0.0018373066580976566,0.02586212609288845,-0.0023245484373770183,-0.013024624787141854,-0.001269807001358401,0.002935783783585927,0.00141001783634987,0.005284021710711977,0.0,0.0,0.0,0.0034755033454672703,0.006792813463305778,-0.002244409708014259,0.0016610731953522798,-0.001318095071381433
0.90918756,0.96153843,0.121440224,0.116677865,0.116677865,0.88,0.88,0.4946226,0.47737902,0.97959185,1.0,1.0,0.47737902,0.47737902,0.58370346,0.51912636,0.42901707,0.017420999565127403,0.0011336540396172537,0.04503141582803731,0.000548505918214135,-0.0003308712430584179,-0.0002888782318033375,0.0017606901391095543,0.0002178280461994614,0.007852797101986839,0.0,0.0,0.0,0.0033386435482812326,0.005857284855799572,0.00018082527450955063,0.0006427115306092036,-0.00226298038343149
0.90918756,0.96153843,0.36366022,0.34939903,0.34939903,0.88,0.88,0.8364978,0.8419196,0.97959185,1.0,1.0,0.8419196,0.8419196,0.9251321,0.6102374,0.6615171,0.015267645459492423,-0.002203348451014374,0.018522961389151913,-0.004260278243574799,-0.010354916597923494,-0.0010242459650034925,0.001298576609828704,0.008119631122501409,-0.029392317475419195,0.0,0.0,0.0,-0.0032628888482725714,-0.006034593647789496,-0.0016105964918564932,-0.0019513784570397968,0.001987405373779425
0.90918756,0.96153843,0.17195885,0.16521537,0.16521537,0.88,0.88,0.41024768,0.39210817,0.97959185,1.0,1.0,0.39210817,0.39210817,0.4265604,0.37023735,0.6577672,0.018486474905679978,0.0005323420478080945,0.040591192236692476,0.0057855780863507586,-0.00553369276680588,-0.000554082047617342,0.0016418071632091351,-0.0040856197584515684,0.015465168041251563,0.0,0.0,0.0,0.00348776488936733,0.008842090743216425,-0.0009993657836920977,0.004910630843800004,0.003136452392446587
0.90360916,0.84251547,0.7100232,0.68217915,0.9411765,0.88,0.7562161,0.5783725,0.5714619,0.97959185,1.0,1.0,0.5714619,0.5714619,0.5065607,0.5935707,0.5815171,0.020400531805219238,0.002756859165715973,-0.0013167664069115125,0.005235265035863321,0.007823788828726442,-0.0011686235417275397,0.00023105019120284707,0.002569401328219292,0.004228562633959001,0.0,0.0,0.0,0.004421115814075056,0.007289278457754762,0.000507385401652857,-0.0002494015704895009,0.0022448612774184093
0.7116671,0.64553654,0.8490341,0.9411765,0.87855715,0.7078924,0.88,0.4277476,0.40752867,0.97959185,1.0,1.0,0.40752867,0.40752867,0.47941774,0.4291262,0.5502671,0.00011688735017881369,0.0003102493036433685,-0.01980105053357352,-0.0016693302358218858,0.0032104717143226795,0.0043233937324892655,0.0007186184402624573,-0.002738601877056644,0.006206718810259733,0.0,0.0,0.0,0.0016593327368515226,0.0022621738293544247,0.0005522359719793358,0.0008043760901869825,0.0014667577462829599
0.3389398,0.12557127,0.84470606,0.87417334,0.81335855,0.88,0.88,0.4696226,0.44884294,0.97959185,1.0,1.0,0.44884294,0.44884294,0.5079893,0.5113485,0.43276703,-0.05015437912512779,-0.020818846758821542,-0.0186043409983323,0.000492965880755893,-0.0014372673886481474,-0.0015895325102215946,-0.00016955337636864924,-0.0015736833441913386,0.005111026668900775,0.0,0.0,0.0,0.00236421042772495,0.0029450919749383375,-0.00011148845493664458,0.0005390823763760572,-0.005986727337716431
0.885083,0.88080406,0.8567768,0.9411765,0.8231551,0.7960362,0.88,0.8021227,0.7968832,0.97959185,1.0,1.0,0.7968832,0.7968832,0.815132,0.5391263,0.7565171,0.017294883024939825,0.0015799978871397877,-0.014008373325761872,0.004053644209571321,0.001778942289643207,0.0008103467339058755,0.0010156742170007458,0.010923338313599474,-0.013795467943794448,0.0,0.0,0.0,-0.0010030954080194243,0.0002363034971310776,0.0013022534915374756,0.000507503652752257,0.004436795334928527
0.52916026,0.2987629,0.8917319,0.9411765,0.9411765,0.98459446,0.6810241,0.5846226,0.57398885,0.97959185,1.0,1.0,0.57398885,0.57398885,0.59941775,0.4502374,0.7152671,-0.029299923958512216,-0.004170467785434371,-0.02446773829066954,-0.000249015197283651,0.005782235595350933,-0.007273401024815221,-0.002463353429867862,0.004731819095041827,0.0038837899706356503,0.0,0.0,0.0,0.004787454472562446,0.009622621321847862,0.00015427022583572932,0.0006517701678668822,0.005500159478926598
0.7763364,0.69675034,0.8404408,0.9411765,0.8988014,0.8727212,0.88,0.67837274,0.6603536,0.97959185,1.0,1.0,0.6603536,0.6603536,0.67084634,0.64134854,0.64651716,0.009549330410818109,0.0016912756688885434,-0.012822576159046195,0.001503313418773965,0.004694245300711172,-0.0006841019666580036,0.0009016569577806488,0.007349842214319433,-0.0018334806647714655,0.0,0.0,0.0,0.00019380499662115336,0.0046229040732049,0.00010503445947806548,-0.0017761622407663474,0.0028944054684858136
0.7438296,0.6159921,0.6852348,0.9411765,0.71111256,0.6883087,0.88,0.2358725,0.20568533,0.97959185,1.0,1.0,0.20568533,0.20568533,0.4922749,0.13912614,0.41776693,0.00313162769082747,-0.0005543241660361152,-8.969351409438941e-05,-0.004274740484704959,0.0004760364469211796,0.005402642554078726,0.0013485343149840206,-0.014486304381428238,0.002476800650102201,0.0,0.0,0.0,-0.008468101466878252,-0.017783069510877866,0.0008694025690623921,-0.00216178745727163,-0.005003375018173999
0.83542734,0.8149628,0.71391875,0.9429901,0.68988407,0.88,0.88,0.29649758,0.2720291,0.97959185,1.0,1.0,0.2720291,0.2720291,0.3194177,0.46468174,0.43901706,0.012729196758910656,0.005225214254467905,-0.006517918028898642,-0.007338457935035828,-0.0005447117493423756,-0.002268532176557655,0.0007958545836937997,-0.011151872443224065,0.0019327235168008188,0.0,0.0,0.0,-0.006243053414464042,-0.009833013615318268,-0.001650023658270932,0.000704465701332872,-0.0038429564701588106
0.2522319,0.5572016,0.9284879,0.9411765,0.9411765,0.4594897,0.4594897,0.49774766,0.4841878,0.97959185,1.0,1.0,0.4841878,0.4841878,0.4094177,0.6691263,0.43276703,-0.06872513176337057,-0.0006662916969329008,-0.03001691145350935,-0.00144469812925154,0.004344514175019299,0.013147149629650207,-0.002779484963589046,-0.0005591078820037109,0.005293409381010166,0.0,0.0,0.0,0.0037244616984942708,0.00583312103816613,0.00019185510140678214,0.00245276224429199,-0.0024813986772838255
0.8305375,0.41722128,0.51356924,0.9411765,0.49342927,0.31391016,0.88,0.4114976,0.39103943,0.97959185,1.0,1.0,0.39103943,0.39103943,0.5279892,0.5524596,0.421517,0.013977439427248071,-0.005947822261930083,0.01632445254546752,-0.003436375549380463,0.00037200288488898996,0.0038715013742557725,-0.00019102444078708007,-0.003915739201886462,0.0065908521981077476,0.0,0.0,0.0,0.0011352811909839794,0.002350436396550841,0.0013959092802348521,-0.0004221077667891461,-0.0032119908225729183
0.90918756,0.96153843,0.34112853,0.32775092,0.32775092,0.88,0.88,0.7302475,0.73427355,0.97959185,1.0,1.0,0.73427355,0.73427355,0.5865606,0.8335707,0.515267,0.016665645910223518,-0.0007670751342268138,0.019377059612703237,-0.0045838757570245215,-0.012778855888610363,-0.00016756500282455886,0.0010339836315219034,0.005054195272525597,-0.016179471911146312,0.0,0.0,0.0,-0.0010083822029680455,-0.004016760474006012,0.000504857323426753,-0.007136994081780892,5.868176518541473e-05
0.90918756,0.96153843,0.2859791,0.27476424,0.27476424,0.88,0.88,0.6783726,0.6724461,0.97959185,1.0,1.0,0.6724461,0.6724461,0.8237034,0.5335707,0.65651715,0.01787468580150968,-0.0007901771321851499,0.026311504907619535,-0.0044323180187658484,-0.0072117607037203765,-0.000667398670325726,0.001829469288793254,0.0043797847522587365,-0.009994165110178197,0.0,0.0,0.0,0.00037797036704313903,-0.000955992744060659,-0.0010822013608828163,0.0006425686525286423,0.0026151569147386806
0.55712163,0.7080321,0.92472017,0.88845664,0.9411765,0.88,0.5326523,0.7514975,0.7532769,0.97959185,1.0,1.0,0.7532769,0.7532769,0.67084634,0.69245964,0.67401713,-0.024603772485174612,0.001928913607215653,-0.0258263942294042,0.002842496184032512,0.010444653579776917,-0.0013265971830360751,-0.004146857471094032,0.011257875136479235,-0.007643559532929782,0.0,0.0,0.0,-0.0007532929798325255,0.0017038751211556813,0.0002925675514715068,-0.0007216341372346964,0.001369285991742012
0.81270003,0.77695835,0.7688172,0.7386675,0.9411765,0.88,0.75249696,0.45024753,0.42820826,0.97959185,1.0,1.0,0.42820826,0.42820826,0.67084634,0.32579294,0.5452671,0.012445040211240854,0.0029405542971169024,-0.0072299985387306006,0.006540863541279096,0.0028332658970256592,-0.0019291983015547356,-0.0011238252715267789,-0.002688303759471779,0.007384622484842431,0.0,0.0,0.0,0.0019398604903673958,0.005007646772824017,-0.0011844804005441965,-0.0003975683408065201,0.0031180371863208435
0.90918756,0.96153843,0.422451,0.4058843,0.4058843,0.88,0.88,0.8808727,0.888447,0.97959185,1.0,1.0,0.888447,0.888447,0.7265606,0.72690415,0.7340171,0.017094760760402963,-0.000970961501071333,0.01500342583973686,-0.003721730257344959,-0.01187497401760945,-0.0007575890681086325,0.0009702309926193786,0.008435514628129241,-0.031058900899788352,0.0,0.0,0.0,-0.004651373776450126,-0.0070033671861703724,0.0006047388905181035,-0.004332813590040824,0.0039043995753522544
0.79417396,0.79605037,0.8015552,0.8334946,0.9376084,0.88,0.88,0.3921225,0.37325144,0.97959185,1.0,1.0,0.37325144,0.37325144,0.4522748,0.5291263,0.34651697,0.008721299017187515,0.004624693249383977,-0.012803387645070198,0.00403169186990572,0.0002469705301562259,-0.0026332622692757895,0.0011307512395660568,-0.004412365226623693,0.004770871557919066,0.0,0.0,0.0,-0.002809733469383696,-0.003744373399683847,0.0003779692967466214,0.0013354150047096883,-0.009207726273806435
0.7854273,0.83870864,0.7565866,0.9411765,0.83497816,0.81621236,0.88,0.6452477,0.63819516,0.97959185,1.0,1.0,0.63819516,0.63819516,0.5494178,0.3946818,0.8502671,0.004618318445164262,0.0018697936340195446,-0.00914267172055252,0.002661659687782713,0.0038391031716916314,0.00013181122576345035,0.0021387756988323816,0.005897794271759894,-0.0006209684408027266,0.0,0.0,0.0,0.0020335961212990107,0.004747739426344574,0.0005814708409246495,0.0027059840082420076,0.0052648222217877684
0.7941739,0.7959572,0.8259018,0.79351354,0.9411765,0.88,0.7077955,0.7864976,0.7875434,0.97959185,1.0,1.0,0.7875434,0.7875434,0.65656054,0.6824596,0.82026714,0.01007933537826148,0.002701353197107947,-0.009501416049319172,0.004143389687231273,0.008492720139071793,-0.0010632619256319648,-0.0006521807591839446,0.009069558483570862,-0.012693358114999493,0.0,0.0,0.0,-0.0009349537790286337,0.001310180130028843,0.0008498092145869101,-0.0028011806401274596,0.0036695968697320488
0.6714467,0.708426,0.765046,0.7350442,0.9431936,0.88,0.88,0.4339974,0.41587037,0.97959185,1.0,1.0,0.41587037,0.41587037,0.38513198,0.44579294,0.6677671,-0.006486426306411999,0.003366542217786253,-0.006865393943261305,0.008583930305602339,0.002180754828913132,-0.0022972845827958117,0.0014141743683705296,-0.0030828691079831405,0.006896093373823658,0.0,0.0,0.0,0.0019221168302106378,0.003770526662646112,0.00105668369698,0.0011601231541965016,0.007817669474465277
0.70292056,0.749654,0.8780735,0.88049805,0.9748012,0.88,0.88,0.18837261,0.15515305,0.97959185,1.0,1.0,0.15515305,0.15515305,0.42941776,0.15912628,0.44026697,-0.00604449424131847,0.002624181424437102,-0.027175998818837498,-0.0016997929142711426,-0.0005171744102133284,-0.002356631831996442,0.0003730894787462778,-0.013897097278240067,-0.0013632192619614447,0.0,0.0,0.0,-0.012836971697577495,-0.024449778090995508,0.0006193318270267663,-0.002551665940063534,-0.006006977353966711
0.88088185,0.86100686,0.7893414,0.9924483,0.6897178,0.88,0.88,0.5689976,0.5593027,0.97959185,1.0,1.0,0.5593027,0.5593027,0.6908463,0.58468187,0.452767,0.020032035749039386,0.00393754204370035,-0.010306820741485796,-0.002052338635333802,-0.0018367501952599686,-0.0018059908858470777,0.0020818816919707236,0.0022027290213064983,0.003111619992295102,0.0,0.0,0.0,0.0034783652691435163,0.006629407389999275,0.001198961930126332,0.00012804381134297536,-0.0010332163937542304
0.58997285,0.48812792,0.6409422,0.8749571,0.66943794,0.88,0.88,0.5796226,0.557429,0.97959185,1.0,1.0,0.557429,0.557429,0.59513205,0.5335707,0.5752671,-0.019582493305799146,0.00012668242282661197,0.00101365849468253,0.0035602848676967447,-0.0011746647404689283,-0.0008086661983476827,0.000859174312297422,0.002366838545447312,0.004599609610370663,0.0,0.0,0.0,0.004210733643258565,0.008806128047267194,0.0006522225606614764,0.0011932769348776081,0.002956948633285425
0.68997276,0.77695835,0.6342845,0.9429901,0.9486862,0.88,0.88,0.44649768,0.4224999,0.97959185,1.0,1.0,0.4224999,0.4224999,0.29798916,0.6091263,0.50151706,-0.005422994958063075,0.004127792993138448,0.0029169798147167265,-0.0015661750221289226,0.0025226071585303014,-0.0025023879303516495,0.0005150948240372578,-0.001833004148031181,0.007080056491890679,0.0,0.0,0.0,0.0006494563792246969,0.0026960608480625457,-0.0016556275757710693,-0.0002741545314980885,-0.0008526553988135458
0.90918756,0.96153843,0.25143284,0.24157271,0.24157271,0.88,0.88,0.60774744,0.60224676,0.97959185,1.0,1.0,0.60224676,0.60224676,0.77370346,0.6069041,0.410267,0.015861079640935357,-0.0006958316625665233,0.028689755599050765,-0.0037807620215282085,-0.005166782810963027,-0.0008748332388819084,0.001101205523910094,0.0025580429842944077,-0.002563073937516264,0.0,0.0,0.0,0.0018880453672930001,0.0022270860580234243,-0.0004895643159538722,-0.0013066830652682681,-0.0021817779455067018
0.2756478,0.6230304,0.7098879,0.9411765,0.91916525,0.5918957,0.88,0.30587268,0.2812315,0.97959185,1.0,1.0,0.2812315,0.2812315,0.31227478,0.40245956,0.515267,-0.06882593030077767,5.417350008607075e-05,-0.007284548647290002,-0.0037797970237539837,0.0005819646795668224,0.009013977985185618,0.00034264914494228587,-0.010338185755691499,0.0061707388759359525,0.0,0.0,0.0,-0.004759262227696194,-0.01130378085086213,0.0015660993391521194,0.0010119577051459839,-0.0008992988532253572
0.7938297,0.71845555,0.9073785,0.871795,0.9411765,0.88,0.58391035,0.6052476,0.5944067,0.97959185,1.0,1.0,0.5944067,0.5944067,0.7479892,0.4580151,0.62026703,0.012363784294718707,0.0025640208746188797,-0.02210187123005588,0.002329581973643478,0.006166877532763206,-0.002563869077110862,-0.005886420886580788,0.0061444957084976016,0.002563837231920102,0.0,0.0,0.0,0.004514873058124419,0.008864565289215049,-0.001949781419316588,0.0010795000669646998,0.0026953022757187557
0.45677733,0.48745736,0.7367484,0.9411765,0.9411765,0.5273442,0.38695565,0.24087238,0.21641825,0.97959185,1.0,1.0,0.21641825,0.21641825,0.42941782,0.20357078,0.4102671,-0.04027170109274646,-0.004627400845313212,-0.010463423446115581,-0.00436941872095076,0.0026616391831386847,0.014751989278266582,-0.005645500023396639,-0.013921548759754493,0.0012186038194447054,0.0,0.0,0.0,-0.010303980833688357,-0.019371071550239757,0.0017462076959922931,-0.002264465342088639,-0.006264521609847381
0.7379068,0.47150436,0.86708844,0.83308494,0.9411765,0.88,0.6507956,0.62274754,0.6184,0.97959185,1.0,1.0,0.6184,0.6184,0.6465606,0.4257929,0.7552671,0.0003042114958611197,-0.0008938384290556931,-0.018657043648635505,0.0035714927508325623,0.00831066505139083,-0.0019278709456342252,-0.0036150727275628598,0.004966223176519615,0.001177977419361092,0.0,0.0,0.0,0.003380060951884873,0.007087332947844312,0.0001418854843768023,0.0019154410828157047,0.004483554481873122
0.83542734,0.857281,0.7138546,0.8664516,0.79576015,0.88,0.88,0.50899756,0.49741557,0.97959185,1.0,1.0,0.49741557,0.49741557,0.35370335,0.47690403,0.70651716,0.012322900937148185,0.0019850437396394085,-0.005851505403959425,0.0028227244661925533,0.0039349555264909415,-0.0017340645381660749,0.0031127042354898837,0.0003106947829878454,0.006082012378599083,0.0,0.0,0.0,0.002490205519266583,0.005799427541742142,-0.00201975472778638,0.0013931482567369838,0.0035502791183310463
0.69837505,0.71845686,0.79341626,0.9064392,0.9411765,0.88,0.47170806,0.5402477,0.5304237,0.97959185,1.0,1.0,0.5304237,0.5304237,0.6708463,0.62357074,0.29776692,-0.0018857755186301806,0.0016196262373361773,-0.009787032062209095,0.0011153984573707993,0.006761240466848544,-0.00263889902657974,-0.008682983473502145,0.001411290418055906,0.004652828403568606,0.0,0.0,0.0,0.0037971187892919477,0.007859301405277809,-0.0007865599274445241,0.0021765624035457757,-0.004424063357816996
0.78577167,0.5299846,0.6883547,0.9411765,0.9411765,0.94859445,0.43118396,0.7433728,0.74884146,0.97959185,1.0,1.0,0.74884146,0.74884146,0.57941777,0.7502374,0.58901703,0.00783286544129787,0.0013113168175562667,0.0022878956060023836,0.003147111801115152,0.008089318063593576,-0.0033196699692985263,-0.0034667885260348625,0.010269415215921396,-0.005691272057471922,0.0,0.0,0.0,0.001009924695537402,0.0017780908932082716,0.0009076517965142839,-0.0041531037738874585,0.0014258657583163116
0.9078103,0.86100686,0.8010365,0.9168245,0.9748012,0.88,0.88,0.5408726,0.5211645,0.97959185,1.0,1.0,0.5211645,0.5211645,0.6679892,0.5702374,0.43276703,0.02230492560035699,0.004998748048148125,-0.009395668882900072,0.0044780220803856356,0.003268582385029562,-0.0015107942508776927,0.0012535169758138792,0.00130524323635108,0.006617643424244522,0.0,0.0,0.0,0.004246558218962226,0.008330300682222496,-0.0005950821811982268,0.00031373201604981805,-0.003518105223745197
0.8259921,0.90375376,0.7176934,0.8937818,0.9411765,0.88,0.8199039,0.25774765,0.23138292,0.97959185,1.0,1.0,0.23138292,0.23138292,0.4422749,0.36690405,0.29276693,0.014753307249705394,0.008912347503711882,-0.004083353628100015,-0.0006383901970578351,-0.001489627681968238,-0.0025587424619826116,-0.00020101308984442616,-0.009718396072615798,-0.0016732123683879576,0.0,0.0,0.0,-0.011112480470087725,-0.020341112033740328,0.0008094934299011599,-0.0008089936160390574,-0.015647689767184447
0.49837515,0.6228039,0.85897255,0.941397,0.88562775,0.88,0.88,0.59024763,0.57027537,0.97959185,1.0,1.0,0.57027537,0.57027537,0.5365606,0.60134864,0.63276714,-0.0334074484233561,0.0007086801770047306,-0.0194180499663591,0.0006854490776948586,0.003924426287731985,-0.001675868121776317,0.0014156424596365545,0.0036466005573508285,0.003760732003615951,0.0,0.0,0.0,0.004078116111021176,0.008550767208064702,8.913402531658572e-05,0.0007962553372273098,0.0032885519717269873
0.66166705,0.561542,0.96284527,0.96780485,0.965827,0.88,0.88,0.42712247,0.39018518,0.97959185,1.0,1.0,0.39018518,0.39018518,0.4794178,0.4502374,0.462767,-0.011802825301489456,-0.004734219202420989,-0.03806961305254433,-0.006861969263859442,0.00255463053174401,-0.003110040812923346,0.00038997835327112635,-0.0041893046435701785,0.002483114430835162,0.0,0.0,0.0,-0.0009818877657997106,-0.003505059138274751,0.00047580097506820274,0.0005023952901579246,-0.004854388516012902
0.8672455,0.77695835,0.7651982,0.84721017,0.8759751,0.88,0.88,0.35962272,0.33682835,0.97959185,1.0,1.0,0.33682835,0.33682835,0.3508463,0.36468178,0.60026705,0.018338967911881218,0.005106974656952587,-0.010030889429447099,0.0013663760244571493,0.0028781224097383148,-0.0017188380367233363,0.0018074724458862076,-0.008281334600637536,0.0049619752949208425,0.0,0.0,0.0,-0.004079216687295025,-0.004942820857500253,-4.539387752307562e-05,0.000779105441591735,0.0032987729952364876
0.7941739,0.71548724,0.77505755,0.81213874,0.9431936,0.88,0.88,0.48712265,0.47460538,0.97959185,1.0,1.0,0.47460538,0.47460538,0.5365606,0.48468187,0.536517,0.0121226656940851,0.0037069386183267578,-0.007531932608961879,0.006391539471289938,0.0033088902611943336,-0.0016518440982512686,0.001394264179864643,-0.0006727826253906313,0.008212189349544713,0.0,0.0,0.0,0.0039498990427557406,0.008330834257037574,0.0009394297694315378,0.001673921285379358,0.0013051194275952593
0.7892841,0.7763425,0.7225206,0.9411765,0.9168245,0.6883086,0.88,0.6189976,0.60994464,0.97959185,1.0,1.0,0.60994464,0.60994464,0.37513202,0.6380152,0.72651714,0.006544630090521127,0.0030301113766682485,-0.0019680081738994103,0.0025044203585679126,0.008639952081280546,0.0029264651661324408,0.001248473302960268,0.0024260436068956216,0.00020814323569237736,0.0,0.0,0.0,0.0015380843499131504,0.003153437603724334,-0.0012988396500871525,-0.002980261614408639,0.0029501198823627755
0.8120114,0.22723629,0.6440274,0.9748012,0.7571528,0.88,0.88,0.7183726,0.71510166,0.97959185,1.0,1.0,0.71510166,0.71510166,0.33227485,0.7035708,0.84151703,0.01151401784782997,-0.00127434830608525,0.004910613227928601,-0.0011132742801898041,0.0011725281635823316,-0.001629099578611601,0.0006007918113407946,0.009380298804089965,-0.002841210499554569,0.0,0.0,0.0,0.001415914107372284,0.005467194984125186,-0.0023790589190634346,-0.0063047952589786495,0.007365131768204929
0.39871937,0.68834573,0.6933734,0.8921784,0.9411765,0.88,0.5958796,0.1827476,0.1462381,0.97959185,1.0,1.0,0.1462381,0.1462381,0.6079892,0.21579286,0.27276695,-0.052612101705240555,0.001753315728814247,-0.0026977165684998233,-0.0020572690235699286,-0.0010489187221221295,-0.002941719130895946,-0.0022824977611893738,-0.01259745966903306,-0.0059170769352428106,0.0,0.0,0.0,-0.013715397492721805,-0.0281244610436672,0.00033537883359941665,-0.004460265418422361,-0.014359321161025207
0.7662126,0.6775204,0.89178187,0.9411765,0.83113486,0.5846212,0.88,0.40899742,0.38828856,0.97959185,1.0,1.0,0.38828856,0.38828856,0.4865606,0.5291263,0.33401704,0.0051315905332166255,0.0006964557076458244,-0.024651236468932688,0.00010274961566520461,0.0019820848864835856,0.005941761566545895,-0.0006380954333741037,-0.002092036029657676,0.008129069660690507,0.0,0.0,0.0,0.0027759370400273127,0.003132008672139955,0.0005083906183648929,0.0013297508536876937,-0.011267331587818168
0.73962843,0.79085666,0.5321062,0.9411765,0.87855715,0.7522566,0.88,0.2777475,0.25115484,0.97959185,1.0,1.0,0.25115484,0.25115484,0.33370346,0.26023728,0.567767,0.0001427607835384026,0.004261417611122899,0.014181766655742289,-0.004881908150098407,-8.850131042921755e-05,0.002276198821587261,0.0011031885320640612,-0.011115698862596,0.002858767061941474,0.0,0.0,0.0,-0.006327834751659227,-0.010852183823542156,-6.995008272190104e-05,0.0005576284258463005,0.0023066099218434703
0.90918756,0.96153843,0.17379086,0.16697553,0.16697553,0.88,0.88,0.60337245,0.5949573,0.97959185,1.0,1.0,0.5949573,0.5949573,0.7408463,0.48468176,0.52651703,0.014723933645945953,-0.0005871103750806231,0.03285138863404714,-0.0036920842782780555,-0.0006239432715475845,-0.0008047063375315785,0.0018279939053262814,0.0024576742796478352,-0.0016984474278680251,0.0,0.0,0.0,0.0018528921650992991,0.002491487237687598,-0.0008425381097837449,0.002302250967605405,0.00035717334932885476
0.90918756,0.96153843,0.38624823,0.37110123,0.37110123,0.88,0.88,0.8233726,0.82345575,0.97959185,1.0,1.0,0.82345575,0.82345575,0.6465606,0.7624596,0.75651705,0.01875594168976798,-0.001054998624510166,0.01999645565908886,-0.004860758152153655,-0.015138028745426491,-0.00020379759344777042,0.0008844202888901051,0.00770178748024575,-0.02352425632178266,0.0,0.0,0.0,-0.002189929298405872,-0.0060757729311091205,0.001341852398958932,-0.004907173956049152,0.004090659766300853
0.74031705,0.65388983,0.71144676,0.85676205,0.67907965,0.88,0.88,0.7821226,0.7839722,0.97959185,1.0,1.0,0.7839722,0.7839722,0.6779891,0.8146819,0.587767,0.0019027501741828844,0.0027022179821173903,-0.0028647164373643923,0.0040924207371918,-0.0020693906893903186,-0.000798304972114397,0.0004494759787204997,0.010343610134732627,-0.014041541179359034,0.0,0.0,0.0,-0.0020734302507404577,3.3651540807856336e-05,0.0017577980423515629,-0.00935275989753441,0.0013341283892571712
0.90918756,0.96153843,0.12244345,0.11764175,0.11764175,0.88,0.88,0.45712256,0.43204242,0.97959185,1.0,1.0,0.43204242,0.43204242,0.28798908,0.4413485,0.7027671,0.017687477649401005,-0.00027977712468678286,0.045899756501634054,0.005230922787858358,-0.010104490313617447,-0.0004152687551210034,0.0016972148337193165,-0.0016751094729644395,0.009962032394018971,0.0,0.0,0.0,0.002985212354735888,0.006597602038832639,-0.0032724518314518557,0.003023005318025428,0.0035625672728967816
0.49314094,0.5261619,0.88165134,0.84707683,0.9411765,0.88,0.41534057,0.34712267,0.32732067,0.97959185,1.0,1.0,0.32732067,0.32732067,0.34656063,0.32023737,0.536517,-0.03662811106647974,-0.001848594216156102,-0.027009275442192327,0.0021319115362887827,0.00539953258010616,-0.003634242105070965,-0.00817083417481473,-0.008772506759222467,0.0057785215727810535,0.0,0.0,0.0,-0.002730841872764983,-0.004917589372598689,0.0016321194077483106,-0.0012286006629330611,0.0014994664158592078
0.8490637,0.83164656,0.78588206,0.7550631,0.9411765,0.88,0.74491245,0.7096225,0.71299666,0.97959185,1.0,1.0,0.71299666,0.71299666,0.5965606,0.60468185,0.6865171,0.01221740477266924,0.001934070440050595,-0.00941133528932785,0.004567601030540201,0.008611472404791392,-0.0005995480038084914,-0.00013004457523190272,0.005699420352041814,-0.0088264855582032,0.0,0.0,0.0,0.0005286917708881605,0.0007107655110698858,0.0007973621199877478,-0.0007234595364668256,0.0029001015589692576
0.756433,0.34205,0.9144166,0.9411765,0.9411765,0.23573199,0.64509845,0.3921225,0.37084004,0.97959185,1.0,1.0,0.37084004,0.37084004,0.34798908,0.26579297,0.63401717,0.003269457178004188,-0.013469640077004552,-0.02403116348544021,-0.0010210980297382928,0.003625065592449881,0.012377470478613768,0.0019156001204316624,-0.005375227007785521,0.005849529843073628,0.0,0.0,0.0,0.0011595146055958397,-0.0018351949680687999,-0.0002833740337619768,0.002577338178971881,0.005013798518504985
0.74348533,0.73799175,0.86708844,0.9429901,0.9411765,0.88,0.8014362,0.48649764,0.4694985,0.97959185,1.0,1.0,0.4694985,0.4694985,0.5594178,0.38468182,0.69151706,0.0037572785071900384,0.003489028838963887,-0.019820524503584003,-0.0009200628963696596,0.005344287930201605,-0.003834581641536191,0.0007761706942861709,-0.0011812586645276468,0.005476172111289717,0.0,0.0,0.0,0.0027898120022316108,0.006246906986854227,0.0003640406485705211,0.00014170058372770455,0.006261297908727319
0.7990637,0.8149628,0.8250247,0.9473415,0.78218627,0.88,0.88,0.41899753,0.38594872,0.97959185,1.0,1.0,0.38594872,0.38594872,0.5837035,0.4257929,0.48901713,0.010677923149571429,0.0035542217678502298,-0.015611359585327755,-0.0024556916249075726,0.000978805415658347,-0.002236308650576226,0.0016373041969571871,-0.005283863941043307,0.006406828189167455,0.0,0.0,0.0,-0.00032513406534130694,0.00022026326699976318,0.0005196255893537657,0.0005037812611816418,-0.000802510995295522
0.90918756,0.96153843,0.08403593,0.08074041,0.08074041,0.88,0.88,0.31337285,0.28940237,0.97959185,1.0,1.0,0.28940237,0.28940237,0.64513206,0.36468178,0.27276707,0.022243343901998832,0.0003876909525881003,0.05877856360704039,-0.0017358449730660622,0.007337441025040316,-0.0011134790368658352,0.0037877623730732477,-0.008951141938530423,0.01770292028150841,0.0,0.0,0.0,-7.73379501233079e-05,0.001175240654888194,-0.0011334981023208733,0.002333570722902321,-0.008638989156457912
0.8266807,0.4532455,0.41982,0.4033565,0.9748012,0.88,0.88,0.3083725,0.2880617,0.97959185,1.0,1.0,0.2880617,0.2880617,0.44370344,0.29690403,0.49276698,0.012479013669942564,-0.005031060579952236,0.02355200027351079,0.006498386331349287,-0.007317983808026357,-0.001414732229596469,-0.0007186707002620099,-0.0040032276078387245,0.004016369619709169,0.0,0.0,0.0,-0.006050873467533293,-0.011045632258369973,0.001751561701132268,0.0010204777692683754,-0.004066269108698276
0.871791,0.3850705,0.5280357,0.9924483,0.5639924,0.88,0.88,0.53524756,0.5226906,0.97959185,1.0,1.0,0.5226906,0.5226906,0.4422749,0.5335707,0.6802671,0.017322997008500075,-0.0022550295641251376,0.014443565754851733,-0.004347469891229492,-0.005005257389116281,-0.0015225542760705564,0.0017948820965733886,0.0006559115642223129,0.006975395765713552,0.0,0.0,0.0,0.0038480416894622694,0.008600449199213388,-0.00040792120273750024,0.0007460095376725262,0.0048707087069181
0.7669012,0.73433506,0.7118457,0.88049805,0.9117176,0.88,0.88,0.5108725,0.5021056,0.97959185,1.0,1.0,0.5021056,0.5021056,0.43227497,0.60690415,0.47901702,0.004302851089645643,0.003969000395041914,-0.0016060860181646335,0.0034041154304774637,0.004360455787303851,-0.0008146772992078861,0.0002365172224841215,-0.0004501283694961006,0.007716321619455684,0.0,0.0,0.0,0.0036338306751120307,0.006757964671924409,-0.0001938646161466614,-0.0006842873169118323,-0.0016013180041000651
0.90918756,0.96153843,0.26804328,0.25753176,0.25753176,0.88,0.88,0.6414976,0.6370439,0.97959185,1.0,1.0,0.6370439,0.6370439,0.442275,0.6946819,0.66901714,0.017331361093898864,-0.0007923925161324334,0.028561622304093502,-0.0032305660248736403,-0.011778838990084826,-0.0004083613361532954,0.0007904768575219899,0.004161742105317327,-0.009014418181746286,0.0,0.0,0.0,0.0007233735188514911,-0.0018680281809585913,-0.00044679201952011556,-0.005158484964265481,0.002293032795344689
0.6623557,0.74191046,0.8388778,0.88508254,0.9290669,0.88,0.88,0.3014977,0.27778772,0.97959185,1.0,1.0,0.27778772,0.27778772,0.66370344,0.17801529,0.32776713,-0.011297290670723931,0.002735603041718348,-0.019231583051858948,0.00027491393778574793,4.036704807964552e-05,-0.0019185691634844475,0.00037094022637378023,-0.009372940578703585,0.0016167844480777555,0.0,0.0,0.0,-0.007275110492943773,-0.015708051968898323,0.0003605503764020054,-0.004275234119836054,-0.013023514838229501
0.5983751,0.6111139,0.7671892,0.9411765,0.67603636,0.5155585,0.88,0.2464974,0.2181046,0.97959185,1.0,1.0,0.2181046,0.2181046,0.36656052,0.47579288,0.17401695,-0.019413011223941443,-0.003057848896083283,-0.012517429905304862,-0.005388855542192157,-0.0002766070219232427,0.011335814004509717,-8.161012845670779e-06,-0.010010286417990035,0.0017575934005429963,0.0,0.0,0.0,-0.008433374817708556,-0.018174453362325194,-0.0006500501353178847,0.0008760026952313315,-0.024526739569302514
0.78611594,0.67566925,0.5856202,0.9411765,0.56265473,0.582696,0.88,0.8083725,0.8115371,0.97959185,1.0,1.0,0.8115371,0.8115371,0.6794177,0.54468185,0.8965171,0.0077695937152744594,0.002967657507717377,0.00584489891520924,0.0023685663189225888,-0.006516696712639398,0.0041836921244332624,0.0008665549806955764,0.01319098284160015,-0.01640883966675082,0.0,0.0,0.0,-0.001860168192931985,-0.0013820504103044273,0.0009729578073883428,0.0001365048562171875,0.004098315997548867
0.90918756,0.96153843,0.3360173,0.32284018,0.32284018,0.88,0.88,0.7708726,0.7640166,0.97959185,1.0,1.0,0.7640166,0.7640166,0.46370342,0.6435708,0.8965171,0.01862545737517158,-0.0008595055767238265,0.024885230249462452,-0.004434403567180906,-0.014923440252447587,-0.0006286187653799886,0.0009932843759634736,0.007674933693702708,-0.01941797854359375,0.0,0.0,0.0,-0.0015574521819458024,-0.006270176344213182,-0.0002827298554231663,-0.0027220780569629888,0.004439827863140714
0.656433,0.14696635,0.7605621,0.7307362,0.9411765,0.88,0.032845005,0.73212254,0.7325365,0.97959185,1.0,1.0,0.7325365,0.7325365,0.4408463,0.86245966,0.6140171,-0.008628816202693772,-0.003012626776093815,-0.004328615414277131,0.005539341639777093,0.006834207859288083,-0.0012163567199856209,-0.009803436930966143,0.010098793521008582,-0.004204454639861227,0.0,0.0,0.0,0.0009163291835837269,0.0015542786161811778,-0.00014137578938237458,-0.005669944755941273,0.0015261055976268836
0.90918756,0.96153843,0.32120612,0.3086098,0.3086098,0.88,0.88,0.70899785,0.70906496,0.97959185,1.0,1.0,0.70906496,0.70906496,0.6837034,0.70023745,0.58026695,0.01890839908707247,0.00018089708522619794,0.025082307013745923,-0.001987659627811128,-0.009982629712300094,-0.0005726823902327594,0.0011787998584789179,0.004893582431063893,-0.011939723531887176,0.0,0.0,0.0,0.0006982510966063642,0.00015123813891235543,0.0009457497135589721,-0.002846427307275809,0.0018870857646818675
0.74417394,0.71548617,0.7106353,0.6827673,0.9411765,0.88,0.6243454,0.29899764,0.2661829,0.97959185,1.0,1.0,0.2661829,0.2661829,0.5794177,0.40245956,0.2852671,0.0018090937211652392,0.0027659994671718935,-0.005623442334723842,0.008831983338442921,-0.0013315248511501165,-0.0019669344333528562,-0.0012491430578160526,-0.008187581659288153,0.0036901290141939315,0.0,0.0,0.0,-0.007276255599346132,-0.013102379312203616,0.0009195761755982892,-0.0002494147718532477,-0.014782281007778024
0.78962845,0.83747613,0.3908217,0.9411765,0.37549534,0.7509752,0.88,0.52899754,0.51627403,0.97959185,1.0,1.0,0.51627403,0.51627403,0.6837035,0.31023735,0.5977671,0.007454147625264276,0.0015865495348204091,0.027641596344519178,-0.0018019227756901346,-0.013906276075928172,0.0020947488291867627,0.0024996292746937944,-0.0001652925648714765,0.005607828272430535,0.0,0.0,0.0,0.002437015417289799,0.005815307323429286,0.0004158332162547999,0.002907426308487678,0.0023021449539819805
0.55712163,0.5223168,0.8671632,0.8331568,0.9748012,0.88,0.88,0.35587263,0.33648857,0.97959185,1.0,1.0,0.33648857,0.33648857,0.29798904,0.51912624,0.55776703,-0.027809035569872145,-0.005307390831104945,-0.022865236388184315,0.0027449967653258816,0.0014790963186116237,-0.0013693447231237278,0.0008528704342327529,-0.007755851986811442,0.001794403061750145,0.0,0.0,0.0,-0.003474936878855797,-0.008492635467038608,0.0001450755815550781,0.000725432428189563,0.00094171596158128
0.81690115,0.74951065,0.79121685,0.76018876,0.9117176,0.88,0.88,0.28962255,0.26518723,0.97959185,1.0,1.0,0.26518723,0.26518723,0.6237035,0.3624596,0.17401707,0.013205622342549597,0.0035275186172930217,-0.012521849729004886,0.007125859700529364,-0.002266198358878021,-0.0026068626414449962,0.00018976637770929829,-0.006838186369197555,0.0010595001218520394,0.0,0.0,0.0,-0.008422997106850278,-0.016544590845399464,0.0004080132813457048,-0.0015200992597331569,-0.027568992387167212
0.8025762,0.18838853,0.8731948,0.8701977,0.79621845,0.88,0.88,0.5933728,0.58424133,0.97959185,1.0,1.0,0.58424133,0.58424133,0.73656064,0.4635707,0.556517,0.011255292187020318,-0.015140290157418381,-0.02105102947992632,0.003445818463333217,0.0008909936583951666,-0.0005726191402267143,-0.00012733146711485196,0.0023830854574015004,0.004709000946550687,0.0,0.0,0.0,0.0038729086373564324,0.009624188715858102,0.0017573316624960988,0.0018905242619698048,0.001312819688951787
0.5714467,0.73431915,0.7796049,0.74903214,0.9429901,0.88,0.88,0.25337255,0.22136629,0.97959185,1.0,1.0,0.22136629,0.22136629,0.38227478,0.4257929,0.33401704,-0.02313987719383066,0.0037510555949044426,-0.011570045346321644,0.00716446419909596,-0.0006947526780539532,-0.0025683112089950537,-0.00023905330551584646,-0.010100472476876015,0.001071782718662275,0.0,0.0,0.0,-0.009357329203157596,-0.018773027855562903,0.0007035869237194732,0.0004680611920799978,-0.013445896699410334
0.90918756,0.96153843,0.04354716,0.04183943,0.04183943,0.88,0.88,0.3871225,0.3704063,0.97959185,1.0,1.0,0.3704063,0.3704063,0.58370346,0.51357067,0.28401697,0.018736175953327865,0.0012230188720262663,0.05355618146549378,0.0007130589473481608,0.004202872484423205,-0.0007849049236719406,0.0021217568779723877,-0.003656343957641056,0.014576093525050458,0.0,0.0,0.0,0.0030053978462094987,0.006017383458086644,4.88347159644238e-05,0.0009628642701626801,-0.007078421971990831
0.71201146,0.11820018,0.9472685,0.9411765,0.9248924,0.64370847,0.88,0.35212266,0.32758212,0.97959185,1.0,1.0,0.32758212,0.32758212,0.50227493,0.26912627,0.49526703,-0.0005204887099492273,-0.02539743795975485,-0.032141256555265174,-0.002250210081912603,-0.0003859431846734112,0.005474761501453738,-0.0003935641279647571,-0.006489281583486674,0.0029594235376634442,0.0,0.0,0.0,-0.0021147414034683064,-0.007970001565620659,0.000325046376293955,0.0027420593300695128,-0.003523047499298318
0.73053753,0.73421746,0.8389344,0.9411765,0.76321757,0.6435862,0.88,0.6177478,0.61302185,0.97959185,1.0,1.0,0.61302185,0.61302185,0.60084635,0.5113485,0.6190171,0.002508131549303025,0.00271783718893061,-0.01719354223473716,0.0017688032184428088,0.0011039813150349235,0.0033478663792184545,0.0013708317508891795,0.004911120171968198,-5.797585530617842e-05,0.0,0.0,0.0,0.001403393978725903,0.004869060915710082,0.0004886435738906676,0.0010801184415780729,0.002225489141017744
0.5801933,0.92959666,0.84858054,0.9748012,0.9411765,0.88,0.8199039,0.04587245,0.008788764,0.97959185,1.0,1.0,0.008788764,0.008788764,0.46513203,0.25245953,0.08276701,-0.024532377200267446,0.010120532323156317,-0.024977659891240046,-0.010052864204605987,-0.0019989725599887016,-0.002152192309415521,-0.00013532776965462725,-0.017105437158503278,-0.015145181742061049,0.0,0.0,0.0,-0.024701842563593215,-0.04756083709662052,0.0004458785152799625,-0.004213825834811202,-0.031306360862534154
0.90918756,0.96153843,0.05355682,0.051456552,0.051456552,0.88,0.88,0.3752476,0.3562492,0.97959185,1.0,1.0,0.3562492,0.3562492,0.34513202,0.44579294,0.587767,0.017432971741311223,-0.0007000689607326888,0.05113284422784781,0.007919021050064836,-0.007072427205895479,-0.00035620221445295465,0.0015346410363043647,-0.004775007187918329,0.015215535553200557,0.0,0.0,0.0,0.0027646280887812062,0.007179706267373156,-0.001604504423858827,0.0025707691476867128,0.0013268711429538392
0.90918756,0.96153843,0.4147673,0.3985019,0.3985019,0.88,0.88,0.84524775,0.8495196,0.97959185,1.0,1.0,0.8495196,0.8495196,0.7765606,0.6513485,0.8765171,0.019863788482396096,-0.0008763584331958629,0.016475190342131775,-0.002078542872435862,-0.012771996518362954,-0.0011237574568503813,0.0008950925406535651,0.009319966321285195,-0.024668334838538572,0.0,0.0,0.0,-0.0014829347666032715,-0.003588825863439151,0.0006923086993456543,-0.001840779069389,0.0061868192624014275
0.7987194,0.77021545,0.73257124,0.9411765,0.7525831,0.7275613,0.88,0.4746226,0.46014285,0.97959185,1.0,1.0,0.46014285,0.46014285,0.2751319,0.43023735,0.715267,0.006715202999660542,0.003065447741663198,-0.006696389614433738,-0.002642521837662531,0.0023714668255675666,0.0032687354977805477,0.0021344402796874083,-0.002159895822237606,0.008170202292755615,0.0,0.0,0.0,0.003405881398286461,0.0069236221251335155,-0.004323067295548157,0.0021602887688733402,0.005385109191183041
0.62633634,0.70699316,0.77527237,0.9411765,0.9411765,0.6555148,0.65968776,0.56024766,0.5470389,0.97959185,1.0,1.0,0.5470389,0.5470389,0.5522749,0.35801518,0.77151716,-0.01226240638578103,0.0018619545387014002,-0.00803995838777756,0.0011482280611242652,0.006165690564050765,0.007379755130352237,-0.0033345133640638857,0.0033554406428137557,0.004111212106934684,0.0,0.0,0.0,0.00462664997914507,0.008554118034803637,-4.716693697172973e-05,0.0011835051744232645,0.004710209014528356
0.8766807,0.51472735,0.76677585,0.9411765,0.7539038,0.84093815,0.88,0.7121227,0.7126647,0.97959185,1.0,1.0,0.7126647,0.7126647,0.7194177,0.49579293,0.7215171,0.017918144358945863,0.00032017340386483886,-0.005371305559892204,0.0017593471673400907,-0.0009517775330789905,-0.00011640506093507969,0.0012157782475306074,0.008932946140557743,-0.00415282878697639,0.0,0.0,0.0,0.001078149221912171,0.0032749580509362003,0.0006820180695187522,0.001215501252631893,0.003968344817570234
0.62075806,0.711315,0.8979432,0.8627297,0.9411765,0.88,0.5438502,0.6452477,0.6381432,0.97959185,1.0,1.0,0.6381432,0.6381432,0.5994178,0.5113485,0.66276705,-0.014696471081334105,0.001806754324056557,-0.02081936601913327,0.004453858543377418,0.008665278301260097,-0.0022561769706274095,-0.006736450474411298,0.007969630199486218,0.00021465595536161454,0.0,0.0,0.0,0.003799836314886324,0.007621282879954215,-0.00017882769123385268,0.0016279945634178694,0.0023615418348638816
0.47075802,0.37709683,0.86708724,0.9411765,0.9411765,0.8199039,0.35218596,0.47337246,0.45998725,0.97959185,1.0,1.0,0.45998725,0.45998725,0.40227494,0.545793,0.57776713,-0.03829299359914384,-0.001529734615500669,-0.025033284973947977,-0.0016969789593623194,0.006988778308888515,9.372184081072346e-05,-0.012417795646546145,-0.003091252298075763,0.00693235550916696,0.0,0.0,0.0,0.002405238542700327,0.004967313737518938,0.0010571668390219411,0.0013730312081626033,0.0014648876373936114
0.63405013,0.4684187,0.81438017,0.9411765,0.9924483,0.85529643,0.88,0.28524768,0.25947428,0.97959185,1.0,1.0,0.25947428,0.25947428,0.010846138,0.6624596,0.30276692,-0.0137390248491704,-0.00922428820930265,-0.01665265346889293,-0.004869518964859961,0.0011182150871106539,-0.0013607564662591414,-0.00041536885493771383,-0.00725581419966331,-0.0027613470959099553,0.0,0.0,0.0,-0.007592610556587378,-0.015879082326167193,-0.00511733681834258,0.0009919531642658616,-0.015138572242382298
0.8399728,0.84251547,0.6973918,0.6700431,0.9411765,0.88,0.7562161,0.4483726,0.43486825,0.97959185,1.0,1.0,0.43486825,0.43486825,0.45798922,0.47690403,0.5140171,0.013443366181776944,0.001820683173229293,-0.003892143337170707,0.005193996876760924,0.0023921281398197633,-0.0007462470481922777,-0.0004192721504752256,-0.002667988653725259,0.008018773468806455,0.0,0.0,0.0,0.001592112930758503,0.005342758697253916,0.0014602030104962972,0.0017852265569040227,0.0007828720820733708
0.8490637,0.83870864,0.54438007,0.9411765,0.55169994,0.81621236,0.88,0.4014976,0.37890023,0.97959185,1.0,1.0,0.37890023,0.37890023,0.4794178,0.3402374,0.6827671,0.015296094343821686,0.0020404468637469867,0.013335712582394885,-0.003727536908564314,-0.0044256969797155585,3.735483420871752e-05,0.0030220902218790068,-0.007506127945801106,0.008441821319421994,0.0,0.0,0.0,-0.0003404616881543351,0.0034487384908100448,0.0004806284647260213,0.0017806223582194788,0.003837271635413747
0.34803072,0.63417584,0.86505854,0.9748012,0.8960912,0.88,0.88,0.25837278,0.23133057,0.97959185,1.0,1.0,0.23133057,0.23133057,0.5451321,0.18357065,0.30526698,-0.05830143245226496,-9.750871278528632e-06,-0.024473378516040964,-0.00679820674660816,-0.0006897404747420676,-0.002713816033971022,6.527354417865794e-05,-0.012757062116707638,-0.0022571391530950284,0.0,0.0,0.0,-0.011688731999285752,-0.02314370204130837,0.0006755075292180622,-0.0014736257651095342,-0.01436494149110577
0.48439437,0.5570298,0.6954537,0.9411765,0.9411765,0.5797599,0.459311,0.4327476,0.41034704,0.97959185,1.0,1.0,0.41034704,0.41034704,0.5165606,0.4346819,0.4302671,-0.037913100355409915,-0.0011120387523190498,-0.0006424921373952741,-0.00037735426205272066,0.003740973237716563,0.010239992694597131,-0.005710250086203608,-0.005005386420638192,0.004985745151682561,0.0,0.0,0.0,-0.0006149772759019065,-0.0017990050488639066,0.0009904037406259347,-0.0002500526449291331,-0.0034281456163811007
0.8581546,0.83164656,0.6792302,0.9411765,0.7562844,0.8199039,0.88,0.39087272,0.37544176,0.97959185,1.0,1.0,0.37544176,0.37544176,0.6308464,0.49690405,0.2502669,0.01626611646097337,0.004408730620429714,0.0006648091754923535,-0.003541795251947132,-0.000277314195747444,-4.4543355122404065e-06,0.0006379000943147224,-0.0035734417884404727,0.006058473782570276,0.0,0.0,0.0,-0.0016277347780479414,-0.001812900558180702,0.000513794970708102,0.0011091198902162154,-0.016297444015255454
0.7854274,0.61477107,0.8630545,0.9411765,0.9411765,0.8836999,0.5954815,0.43899775,0.4189014,0.97959185,1.0,1.0,0.4189014,0.4189014,0.45798922,0.40912616,0.6577671,0.007739700933632754,0.001638569762723245,-0.022111350136864206,-0.0023752488851114003,0.008872777817870109,-0.002568468661168691,-0.006579499755177492,-0.00493950538742445,0.006853558545771899,0.0,0.0,0.0,0.0005074374791687667,0.0026649781525163573,0.0005025355597245169,0.0006206436305727111,0.004377574405772366
0.47564778,0.68451685,0.73879206,0.9064097,0.9411765,0.88,0.5918975,0.51899755,0.5068122,0.97959185,1.0,1.0,0.5068122,0.5068122,0.5708464,0.50690407,0.6065171,-0.03628576324272301,0.0013154485415004654,-0.0023237244301607994,0.0003478687083019901,0.00538932916763982,-0.003743557002060317,-0.006287352118473125,0.0008146788037885732,0.004644583226345447,0.0,0.0,0.0,0.0035499869993743044,0.007373069348260497,-0.0003583740696403492,0.001221445139714913,0.0036698286697442197
0.86690116,0.8076622,0.79137903,0.8543838,0.9411765,0.88,0.6555148,0.53462267,0.52147746,0.97959185,1.0,1.0,0.52147746,0.52147746,0.6565606,0.5502374,0.39151704,0.019388193156308832,0.0023495896317125065,-0.0083816798128356,0.00477881350349376,0.005270271467275116,-0.0018750099403970436,-0.0032667365793684067,0.0006493761185081886,0.006565969888083734,0.0,0.0,0.0,0.0034257862582793585,0.006781376662543949,-0.0006371220853398443,0.0012399399552915208,-0.0029601183054054608
0.6343944,0.70753133,0.8448125,0.9924483,0.9748012,0.88,0.88,0.5808724,0.56793475,0.97959185,1.0,1.0,0.56793475,0.56793475,0.6508463,0.565793,0.44026697,-0.009228086037360814,0.0024075197036363596,-0.015733612101818603,-0.0023163435374803755,0.00609693901582396,-0.0014928347055396635,0.0006578199086389631,0.002979880285613555,0.005488267646220338,0.0,0.0,0.0,0.00527911384522856,0.011644700658631551,-8.60814626285663e-05,0.0011083794779806339,-0.0021333395151776433
0.49451813,0.3377607,0.68563867,0.9411765,0.9431936,0.6880367,0.88,0.24837255,0.22146636,0.97959185,1.0,1.0,0.22146636,0.22146636,0.28798908,0.29690394,0.5090171,-0.03421016268707271,-0.01291168622807055,-0.0001766373555780876,-0.0054782434196368815,-0.001157395876451709,0.005951033402461902,0.0003960765773588186,-0.012672955194138594,-0.0026627723223390538,0.0,0.0,0.0,-0.00975755516663707,-0.02162867476446465,-0.0003963897598785061,0.0009502264600099874,-0.0022752965364725873
0.90918756,0.96153843,0.23717982,0.22787865,0.22787865,0.88,0.88,0.5764979,0.5677016,0.97959185,1.0,1.0,0.5677016,0.5677016,0.45798922,0.6435708,0.53401697,0.016061882461155523,-0.0005852316446305801,0.029607718853177936,-0.001735740852994691,-0.00751559076060104,-0.00040811711833022804,0.0010808325208986388,0.0025606795749923885,-0.002221166237158313,0.0,0.0,0.0,0.0017821941857558597,0.0017286166270737255,-0.00014044548779375268,-0.0032412861111544957,0.0009566823341335076
0.90918756,0.96153843,0.18427265,0.17704627,0.17704627,0.88,0.88,0.5158727,0.5016636,0.97959185,1.0,1.0,0.5016636,0.5016636,0.5365606,0.54357076,0.505267,0.020576481603030775,0.000812248254443338,0.042857779006745984,0.00150953558739229,-0.006205299936186892,-0.0009436639803044653,0.0015957205339155274,0.0013526190199388216,0.0028003343959738924,0.0,0.0,0.0,0.0024781997959499895,0.0043668403354250734,0.000647988911989507,4.381888810096522e-05,-2.1509122768866572e-05
0.90918756,0.96153843,0.17602117,0.16911837,0.16911837,0.88,0.88,0.60712254,0.6022251,0.97959185,1.0,1.0,0.6022251,0.6022251,0.46656063,0.5013485,0.674017,0.01789697149943498,-0.0010772270948207524,0.04117037729648208,-0.0005303312204066508,-0.010157382270734951,-0.0004911627353149486,0.001619859528067847,0.003934030938486994,-0.003424637775666409,0.0,0.0,0.0,0.002569398693077608,0.0028456150626065273,-5.234862102123204e-05,0.001420861962985173,0.0036117897929761923
0.72041374,0.43809196,0.8917324,0.9411765,0.9117176,0.7187089,0.88,0.48649764,0.4737838,0.97959185,1.0,1.0,0.4737838,0.4737838,0.6837035,0.46245956,0.410267,-0.003636405011837064,-0.0102279412786619,-0.025235342650561488,0.0012074035132638254,0.0017118027586274889,0.001484128494089388,-0.0010667046642046823,-0.0015787795330645734,0.006479470471602835,0.0,0.0,0.0,0.00301797241388945,0.003676015421458002,0.0009759776305950695,0.0015271117108702787,-0.007245638467309306
0.66201144,0.71081865,0.7793531,0.9748012,0.73504394,0.88,0.88,0.41274762,0.3953815,0.97959185,1.0,1.0,0.3953815,0.3953815,0.45798922,0.60690415,0.390267,-0.008127005711792522,0.0029900723840096738,-0.012063178657771434,-0.004596569897316402,0.0009537933794274025,-0.002191558083933784,0.0002749134003754924,-0.0039059712124251446,0.005866869263156609,0.0,0.0,0.0,0.0001279926133737066,0.0004487609973443973,0.00034520816662578544,0.0010284438420744583,-0.006279309621067983
0.5613228,0.541528,0.8831859,0.9411765,0.9101207,0.6429111,0.88,0.56399775,0.5536888,0.97959185,1.0,1.0,0.5536888,0.5536888,0.6994177,0.3913485,0.6127671,-0.024353152050066492,-0.0023791055757815,-0.022814210289250854,0.0015782360157022917,0.003625728464261261,0.002633384525543374,-0.0003132317715113321,0.0011696158199348153,0.0039500812179860964,0.0,0.0,0.0,0.0031965676502769334,0.007856915520474916,-0.0006057711220140937,0.0024795652792983496,0.004229177408367568
0.8620114,0.83164656,0.646661,0.9411765,0.9924483,0.8727212,0.88,0.51649773,0.49744782,0.97959185,1.0,1.0,0.49744782,0.49744782,0.7008463,0.32579285,0.6365171,0.01463819633395309,0.0026925662769148014,0.0020720985500681877,0.0037554209799924064,0.002992546053896785,-0.0014458220140706856,0.0018326784715287994,-0.0005499954168232843,0.007639328006827052,0.0,0.0,0.0,0.0032171725814312485,0.0061836893462802345,-0.0026857433072509174,0.002684055525960494,0.004024727876443154
0.67144656,0.24116528,0.74649686,0.71722245,0.9429901,0.88,0.88,0.5158726,0.49979857,0.97959185,1.0,1.0,0.49979857,0.49979857,0.6237035,0.6569041,0.20026708,-0.0054939492260956,-0.020920564973686762,-0.007824351489242496,0.006290312769862764,-0.0024687497128685963,-0.000904121704876879,-0.001621323287914891,2.121003971214806e-05,0.00598054990266992,0.0,0.0,0.0,0.003009125279016101,0.005648100981033348,0.0012074356956023244,-0.0013710403163369497,-0.023878179834016043
0.61166716,0.5800832,0.8323762,0.96780485,0.9748012,0.88,0.88,0.45212257,0.43066263,0.97959185,1.0,1.0,0.43066263,0.43066263,0.5137035,0.35245958,0.6065171,-0.020247386383167067,-0.0008114455060487004,-0.019410971598248273,-0.004644220336579186,0.004058794197659094,-0.0027524905941620995,0.0008618195156793181,-0.0038346707142491747,0.00588132478967937,0.0,0.0,0.0,0.0005101131450287356,0.0004298890710320223,0.0008607068066817682,0.00030665788831546866,0.0036492017238626256
0.39348528,0.5797261,0.83854383,0.9411765,0.88992506,0.49595493,0.88,0.45587254,0.43826488,0.97959185,1.0,1.0,0.43826488,0.43826488,0.35941765,0.5724597,0.4715171,-0.04652960286582219,-0.0026136539700982913,-0.014414609934496033,-0.0004895409776035435,0.0021293798976628688,0.005989565458610013,-0.0007832366014576494,-0.0019624329037811012,0.005619779079013395,0.0,0.0,0.0,0.0029379118397897365,0.002382750127199516,0.0003971072335285841,-3.9584033408096106e-05,-0.0025504423541718876
0.871791,0.92629707,0.35167256,0.9411765,0.33788148,0.8433489,0.88,0.6671226,0.65109515,0.97959185,1.0,1.0,0.65109515,0.65109515,0.7279892,0.50023735,0.6827671,0.016215328525513113,-0.0014036311955622025,0.02620463121848231,0.00046968352739656217,-0.01899795597716339,-0.00017902724698248287,0.0017135778956746336,0.006589489096996897,-0.00581779732848747,0.0,0.0,0.0,0.0013992926338040296,0.0008238255088615709,0.002152495827368461,0.0014632492008139395,0.0017244597874846732
0.907466,0.8358398,0.69177276,0.96780485,0.51313287,0.88,0.88,0.74274766,0.7360421,0.97959185,1.0,1.0,0.7360421,0.7360421,0.79084635,0.7969041,0.34901702,0.01772709347451993,0.001382320101275119,-0.0006407448911752151,0.004380566538742819,-0.00969310303075473,-0.00041150924293830766,0.00040956179408793307,0.007496761219704198,-0.012294449069136808,0.0,0.0,0.0,-0.0003605398992714395,0.001029504922956708,0.001042566155720996,-0.005193746151827519,-0.0034542319271338644
0.90918756,0.96153843,0.26841754,0.25789136,0.25789136,0.88,0.88,0.6964977,0.69438845,0.97959185,1.0,1.0,0.69438845,0.69438845,0.46370348,0.6535708,0.7415171,0.01633578780712969,-0.0018504070894804542,0.03012364641768931,-0.003666864030583078,-0.012585675329697217,-0.0007227216164944858,0.0005750942273582957,0.005960620124164332,-0.013091287975024386,0.0,0.0,0.0,0.0005123608839675088,-0.0028782445924154343,-0.00037181906770057465,-0.003469440825485245,0.0033778838731606865
0.90918756,0.96153843,0.12039367,0.11567235,0.11567235,0.88,0.88,0.45899773,0.43937874,0.97959185,1.0,1.0,0.43937874,0.43937874,0.59941775,0.34690413,0.540267,0.016859886580251136,0.0009022317685208743,0.04592420214929056,0.001601859815638302,-0.0005136191634120159,-0.000690385067525707,0.00188561351365585,-0.0015886962809491085,0.012644305937412437,0.0,0.0,0.0,0.0039137349068703265,0.007312295963811297,1.68430393925844e-05,0.0053013107944131456,0.0004056329654395855
0.71690124,0.90375376,0.89777565,0.9101207,0.9064392,0.88,0.88,0.35087252,0.32573906,0.97959185,1.0,1.0,0.32573906,0.32573906,0.38513198,0.40134853,0.59526706,-0.003373123219796976,0.007471986936620374,-0.028596562497099586,-0.0005058459064582355,0.0033355756802066735,-0.0021597771260668023,0.0014522013822060298,-0.007102497856156531,0.0042863468062637414,0.0,0.0,0.0,-0.0035655462276537185,-0.005906594724462689,0.0008946556015226676,0.00036906487772683626,0.003666325670326169
0.9084989,0.62554735,0.75243723,0.8256855,0.77136415,0.88,0.88,0.80024755,0.79130733,0.97959185,1.0,1.0,0.79130733,0.79130733,0.6065606,0.72468185,0.75901717,0.018897513425095457,0.002584437349831193,-0.004906031360144276,0.004920177378662987,0.0018347543780102037,-0.0006484379844824924,0.0005804226065455249,0.010936465237329607,-0.013439223442498888,0.0,0.0,0.0,-0.0008720716397232863,0.0001298172254971154,0.001382263442014533,-0.006067303928218075,0.003046072920018314
0.7392842,0.32976452,0.89591026,0.9411765,0.9117176,0.74491245,0.88,0.31899762,0.29513758,0.97959185,1.0,1.0,0.29513758,0.29513758,0.4165606,0.38912624,0.390267,0.0003413440232744802,-0.016575363922248402,-0.025783639433222066,-0.00278427218931482,-0.0004790407871970643,0.0026011834588880556,2.9888271436421255e-05,-0.007196055255510494,-0.0005422068799630468,0.0,0.0,0.0,-0.004800244071605751,-0.012865114281869832,-0.0004993858088737118,0.0014743857684561686,-0.0108837428896491
0.9036091,0.5141899,0.8173564,0.9411765,0.9290669,0.77157223,0.88,0.59462273,0.5883361,0.97959185,1.0,1.0,0.5883361,0.5883361,0.80513203,0.5546818,0.36651707,0.01945573475836529,-0.003751282649270914,-0.010834012889283795,0.002875745302326247,0.0015960066510744867,0.00062994106800923,-0.0010445919026925504,0.0012125492929126237,0.00590350321286777,0.0,0.0,0.0,0.004070888340931844,0.010727443689838181,-0.0013633925386215145,-6.814626675574313e-05,-0.01019991041198525
0.6165569,0.7293675,0.8404648,0.9429901,0.9064097,0.88,0.88,0.74399745,0.73901695,0.97959185,1.0,1.0,0.73901695,0.73901695,0.6365606,0.7557929,0.5340171,-0.014299633006230524,0.0033411683407123982,-0.01332337886639865,0.002937609707105735,0.00545413689129774,-0.000988585979961422,0.0002233280742687593,0.010346425226024573,-0.005264773235731779,0.0,0.0,0.0,7.44508637626725e-05,0.007442042392247997,0.0003211315499589911,-0.0055802092921572585,0.00226836542429754
0.8941739,0.84251547,0.9596623,0.9924483,0.9411765,0.88,0.84678054,0.5246227,0.5044974,0.97959185,1.0,1.0,0.5044974,0.5044974,0.4094177,0.53468186,0.6265171,0.02569515983620925,0.003962265642954479,-0.03159787111609635,-0.0030483394103192362,0.009330443266706408,-0.0032544274677554896,0.0015763615548025803,0.0018727264205972642,0.0074215274598776635,0.0,0.0,0.0,0.004470997411166951,0.00839833292653006,-0.00047714305997430305,0.0009106422950774794,0.0037196270577382834
0.28577167,0.47998667,0.6998158,0.9411765,0.9431936,0.5918957,0.88,0.12899756,0.09486477,0.97959185,1.0,1.0,0.09486477,0.09486477,0.0008461816,0.38468182,0.5065172,-0.06289790775702722,-0.008262138188790976,-0.0035175597628926826,-0.007147005072224238,-0.0010974037693597045,0.009858050387049781,0.000391584052373387,-0.0177011594941842,-0.005458653046580659,0.0,0.0,0.0,-0.014788451092147405,-0.031000159654519643,-0.0029320840109820626,0.0007240592682592724,-0.0013502218553543043
0.45746598,0.62329686,0.65683836,0.9411765,0.7589421,0.52822876,0.88,0.22524738,0.19681782,0.97959185,1.0,1.0,0.19681782,0.19681782,0.22656046,0.16801517,0.6115171,-0.03548955151777629,-5.495172791514478e-05,0.0030332182509133355,-0.006323969696192367,0.0006654591002539463,0.011688147258557192,0.0009844061109567025,-0.016527968048069618,-0.0001578129959402956,0.0,0.0,0.0,-0.009571747757016226,-0.021927064971751554,-0.0005495778299722205,-0.0011987104703685661,0.0036922311960587324
0.7200693,0.5615592,0.9860085,0.965827,0.9486862,0.88,0.88,0.8483726,0.8345611,0.97959185,1.0,1.0,0.8345611,0.8345611,0.7665606,0.67245966,0.8177671,-0.0002754916851405043,0.001102744887457477,-0.02697488694382234,0.0027240420145541234,0.0073747574552091065,-0.0007288341548704458,0.00042501186175023935,0.015130084695700659,-0.013463757326908403,0.0,0.0,0.0,-0.002518710090155461,0.0017235830170831063,0.0008312907137569458,-0.003624868583302876,0.005039727739620332
0.69837505,0.71081865,0.7098158,0.6819799,0.9411765,0.88,0.563346,0.3014977,0.2790519,0.97959185,1.0,1.0,0.2790519,0.2790519,0.37513202,0.42912632,0.421517,-0.006247993321709955,0.0024354896177299114,-0.0001536818143576474,0.010949323175861106,0.003035803558516599,-0.002397721610337916,-0.003222202764166004,-0.010425192008672394,0.005006987375615601,0.0,0.0,0.0,-0.006501331756349046,-0.011120100193137233,0.0010616175758930352,0.0002665205239317582,-0.005268563686911382
0.90918756,0.96153843,0.21466763,0.2062493,0.2062493,0.88,0.88,0.57587254,0.56020474,0.97959185,1.0,1.0,0.56020474,0.56020474,0.5837035,0.3624596,0.76776713,0.0178013397743303,-0.000368046641321801,0.03578716951258005,0.00020493685671782224,-0.008237191148517557,-0.0005527088833198934,0.0017294956191203329,0.0032844949042392857,-0.0005539142349879658,0.0,0.0,0.0,0.002190343750212401,0.0028578449311746036,0.00043059259396506316,0.004667230393260325,0.00434721145541995
0.74486256,0.43801826,0.55409616,0.9411765,0.53236693,0.33553898,0.88,0.5789976,0.5681867,0.97959185,1.0,1.0,0.5681867,0.5681867,0.40227494,0.6413485,0.617767,0.002559237272411897,-0.0014422648630659722,0.009267373335190055,-0.0014653833386092463,-0.0037978244593902116,0.00406182601273694,5.331499182229096e-05,0.002648850908854591,0.0038115852867367074,0.0,0.0,0.0,0.0024652599005124056,0.007733083089269489,-0.0003465193721632736,-0.003652507993982533,0.0037191530440206138
0.8529205,0.7912795,0.31762162,0.9411765,0.30516586,0.7029307,0.88,0.43899775,0.4177746,0.97959185,1.0,1.0,0.4177746,0.4177746,0.74084634,0.49468178,0.25026703,0.014882670656532706,0.002182089161769334,0.02911626713627511,-0.0025636424540596814,-0.0052144527084988365,0.002643431338956579,0.0016603646391807128,-0.0017882616413787444,0.008680932093257166,0.0,0.0,0.0,0.00193577102570187,0.0048895299069491175,-0.0004330970364721935,0.0015862836359217267,-0.011716574886737807
0.42041373,0.37635976,0.86774987,0.9411765,0.9411765,0.27141416,0.6880367,0.36587262,0.34987485,0.97959185,1.0,1.0,0.34987485,0.34987485,0.34513202,0.6546819,0.27276695,-0.040141699104540705,-0.015468584352507433,-0.02222492994022293,-0.0021225724483797735,0.0002073132880056839,0.008833256755829567,0.0032004848720269007,-0.004254020429345953,0.003535010943283084,0.0,0.0,0.0,-3.541800590285596e-05,-0.0055645977715286996,-0.0005058319583159176,-0.0016749949695003285,-0.01751260733329568
0.56166714,0.8299092,0.8227688,0.9411765,0.9924483,0.8836999,0.88,0.38399744,0.36107838,0.97959185,1.0,1.0,0.36107838,0.36107838,0.7008463,0.38023737,0.36776698,-0.024947033368024018,0.0046118785181729575,-0.01897021532201285,-0.0016427171106526467,0.0016023597291331476,-0.0027780156242193993,0.0010192052386490077,-0.006018977600458529,0.00481392728924727,0.0,0.0,0.0,-0.0024954971937217268,-0.005925885354060301,-0.000192612154837706,-0.0005340778815902367,-0.0077878256250862145
0.8441739,0.7959572,0.78466576,0.75389457,0.9411765,0.88,0.7655684,0.7596226,0.7466303,0.97959185,1.0,1.0,0.7466303,0.7466303,0.8579892,0.45912626,0.7877671,0.01562707284550409,0.001786580783666724,-0.004727022613495329,0.0033989288633313602,0.005287582674741899,-0.0007551410796701663,-9.311024223002229e-05,0.009472255145263975,-0.00786068361769985,0.0,0.0,0.0,0.0009937133590738878,0.004432836038773556,-0.003695315131788246,0.0016797526862651813,0.005690317416645457
0.22916016,0.40706044,0.9608923,0.9411765,0.9117176,0.94859445,0.88,0.5452479,0.53879577,0.97959185,1.0,1.0,0.53879577,0.53879577,0.58370346,0.5880152,0.390267,-0.074767778949892,-0.005120562527361825,-0.03765248184840748,-0.0015097959400241162,0.00135332828737027,-0.0036528920533134015,0.00031071541719476006,0.001698460614945252,0.004758141363088967,0.0,0.0,0.0,0.004664189795285036,0.008191561746316418,0.00046343143238018275,0.0018825133522500476,-0.005600909954419455
0.9032648,0.7495128,0.6878591,0.9411765,0.86824393,0.78728664,0.88,0.60399747,0.5958676,0.97959185,1.0,1.0,0.5958676,0.5958676,0.6237035,0.5502374,0.577767,0.02340623342651509,0.003921012577676017,0.0018493202941036733,0.00300192369539919,0.0035712820970249686,0.000628058478795486,0.0009633048026436577,0.0025830977687565336,0.0031590175319485404,0.0,0.0,0.0,0.003266753119694007,0.007070745115478407,0.0004517496223624075,0.0003561393082294663,0.0023800293190223854
0.8899728,0.97363144,0.5833627,0.9748012,0.54732764,0.88,0.88,0.90087247,0.90589464,0.97959185,1.0,1.0,0.90589464,0.90589464,0.89370346,0.55579305,0.8352671,0.020437249993101175,-0.0017232833379381787,0.007772568019423543,0.004096646662439517,-0.010042065684515761,-0.0015052831294500404,0.001651772654274452,0.015785240630746263,-0.02965323637899201,0.0,0.0,0.0,-0.0017680232520841618,-0.004975494774149628,0.0004917925887496579,-0.0005088919751945367,0.0034489091001320615
0.5801932,0.23106356,0.6018257,0.9411765,0.5782247,0.1203061,0.88,0.48212266,0.46126226,0.97959185,1.0,1.0,0.46126226,0.46126226,0.6237035,0.47690412,0.47901702,-0.018295995976158438,-0.010603738837931033,0.006968579763793714,-0.002554333084023034,-0.0010522694367560077,0.004597500710886514,-0.0001817572337479005,-0.0023839186303980697,0.006509018230559923,0.0,0.0,0.0,0.0022439526511188455,0.0024900665015881855,2.6640857147969527e-05,0.0013595309142348836,-0.0033358424115037507
0.5539534,0.4265472,0.6649133,0.9411765,0.74694926,0.6917444,0.88,0.41899753,0.40236044,0.97959185,1.0,1.0,0.40236044,0.40236044,0.37656063,0.40801513,0.5977671,-0.024166857947412013,-0.007431255684596572,0.0010418787323795142,-0.0038950210169195055,0.0008373728646446589,0.003936962917020179,0.0008389902297233563,-0.004041471682492986,0.005966879931891973,0.0,0.0,0.0,0.001111416878412989,0.0010261944998566632,-0.0008869666729758442,0.0023357572575869274,0.004268957126592797
0.7532649,0.68790275,0.5523061,0.9748012,0.9411765,0.88,0.65550095,0.45149755,0.43708715,0.97959185,1.0,1.0,0.43708715,0.43708715,0.22513199,0.6724596,0.421517,0.0017461210422068918,0.0007299877193900939,0.011730402621154072,-0.004555795250142008,0.0034650337448234514,-0.001778745963824687,0.0007470292774607346,-0.0013442998967038305,0.0062972061624179294,0.0,0.0,0.0,0.0016748935809522286,0.003498251971595331,-0.004134739457106002,-0.0014852743995579204,-0.0043312826051666595
0.8130443,0.63699573,0.54797274,0.5264836,0.9411765,0.88,0.5424756,0.7208725,0.7217186,0.97959185,1.0,1.0,0.7217186,0.7217186,0.61370355,0.63801515,0.7665171,0.008843451658237909,0.0018929931425605057,0.007993466471769493,-0.0009028795243073527,0.007245151804012112,-0.0006414054782279518,-0.0021061830331440194,0.005774234094801112,-0.009955953183707691,0.0,0.0,0.0,0.00036799155553559,-0.00010728535921335734,-0.00033476222304386095,-0.0006945991371486242,0.0039041616072461893
0.32984892,0.5609745,0.7831975,0.9429901,0.9411765,0.88,0.43474582,0.38649738,0.3672658,0.97959185,1.0,1.0,0.3672658,0.3672658,0.46513203,0.45579284,0.36651707,-0.058329560950037065,6.37928287155937e-05,-0.011999073979195167,-0.004806952552814592,0.003381099439195349,-0.0023800756526857,-0.004420264165223391,-0.006928291329691314,0.0036072568911752613,0.0,0.0,0.0,-0.0023542403985602543,-0.00401213543389844,0.0008931185919368474,-8.646793896775043e-05,-0.0058576162395340406
0.90918756,0.96153843,0.24329811,0.233757,0.233757,0.88,0.88,0.62899756,0.6253477,0.97959185,1.0,1.0,0.6253477,0.6253477,0.6237035,0.495793,0.55776703,0.01602792528643412,-0.0006299675740678602,0.030334455699024244,-0.0021765422348557573,-0.0066050425379760415,-0.00077837287025201,0.001489761488329382,0.0036722706668004556,-0.004922480652092392,0.0,0.0,0.0,0.0019533562407884663,0.0020992830801726987,0.0004919942142420636,0.0017189983176565068,0.0008925278685927151
0.87110233,0.73472476,0.88146186,0.9429901,0.9101207,0.88,0.88,0.76837265,0.7678209,0.97959185,1.0,1.0,0.7678209,0.7678209,0.6565606,0.56912637,0.8352671,0.016781322372604858,0.002499433721332099,-0.016643394612133214,0.003086436756035522,0.0071247660369350395,-0.0008321450489640273,0.0010932872533505654,0.009962251082206188,-0.010471626131678577,0.0,0.0,0.0,-0.001592947902764626,0.00047394468357735934,0.0016350326270845735,-0.0003060286841144891,0.00398791190145536
0.90918756,0.96153843,0.24532221,0.23570174,0.23570174,0.88,0.88,0.5896226,0.5826727,0.97959185,1.0,1.0,0.5826727,0.5826727,0.5622749,0.7769041,0.31901705,0.017704770639283586,0.0009298872692106791,0.03131889154406621,-0.001247134356623903,-0.007973456722610274,-0.000536912864921899,0.0009180868681602622,0.002803485900132534,-0.0017045560339104867,0.0,0.0,0.0,0.002490388491445827,0.002660626345514132,0.00029905738260163585,-0.005162057234909765,-0.0050322743477062715
0.40746596,0.5340755,0.63256645,0.9924483,0.9411765,0.88,0.8199039,0.46274745,0.44751757,0.97959185,1.0,1.0,0.44751757,0.44751757,0.3508463,0.616904,0.457767,-0.043891627076239496,-0.0037844363258956962,0.006813326278109211,-0.005054892099495469,0.001473188473113176,-0.001554395189636591,0.00036669673594378824,-0.002010325396499008,0.0055394373879086075,0.0,0.0,0.0,0.0019921413301356126,0.0032164705784302632,0.00013581840068392534,0.0006352618221113415,-0.003279175710062062
0.2253035,0.49922317,0.8780735,0.84363925,0.9748012,0.88,0.88,0.16962266,0.13698871,0.97959185,1.0,1.0,0.13698871,0.13698871,0.4865606,0.32023737,0.13276696,-0.07425897333283782,-0.0064236288751375005,-0.028559714715540228,-0.0011275484949943204,-0.00504511430939818,-0.0019851672257487833,-0.0002653890734247036,-0.016604105348919363,-0.006470952401215588,0.0,0.0,0.0,-0.015418801238490527,-0.03119928698077295,0.0007060306317283653,-0.0018005500733708113,-0.026249685926327943
0.4476864,0.35240123,0.6870376,0.660095,0.9411765,0.88,0.16330417,0.36399746,0.34739465,0.97959185,1.0,1.0,0.34739465,0.34739465,0.22513199,0.5391263,0.50151706,-0.0426885552446962,-0.0020694189792296973,-0.0025002940597573437,0.008973221183057734,0.0056837977967121875,-0.0035969612721382872,-0.016534067098068057,-0.007960961151465521,0.006700960920109782,0.0,0.0,0.0,-0.0012122805572964692,-0.0010082719798062546,0.002281066816462723,0.0015413316866373025,0.00039318228305036207
0.90918756,0.96153843,0.2744288,0.2636669,0.2636669,0.88,0.88,0.6152476,0.6085518,0.97959185,1.0,1.0,0.6085518,0.6085518,0.20941775,0.75134856,0.7352671,0.018153838534760044,-0.00169302400172542,0.029582946756310128,-0.0004324853184268547,-0.015899524322413337,-0.000386042846533282,0.0008650264869372326,0.004073175102737058,-0.005070537602958221,0.0,0.0,0.0,0.0015203858866051354,0.0005300514777766268,-0.005266272381252194,-0.006480599889333843,0.003078595032435599
0.8756478,0.8933999,0.89373434,0.9748012,0.8606041,0.88,0.88,0.44524753,0.4299667,0.97959185,1.0,1.0,0.4299667,0.4299667,0.6794177,0.34468186,0.556517,0.020972333491650823,0.004241232524805328,-0.025197942719160572,-0.002783307587837305,0.005594292469582874,-0.0025879415609359434,0.001977438551009639,-0.004553918828849372,0.00757710553315533,0.0,0.0,0.0,0.0008809879111919665,0.0043718223684556575,-0.0005815250648068699,-8.693912859503434e-05,0.0017635994539522465
0.90918756,0.96153843,0.31543761,0.3030675,0.3030675,0.88,0.88,0.6564977,0.6485952,0.97959185,1.0,1.0,0.6485952,0.6485952,0.45370346,0.5702374,0.8090171,0.018491246355627815,-0.000888553184820217,0.027065017513332516,-0.0024337636536174616,-0.012095862064012204,-0.00027586678712084994,0.0009641364786560883,0.005195329840412794,-0.008455794995247672,0.0,0.0,0.0,0.0007484213944196984,-0.0012310744653574205,-3.355156916128172e-05,-0.0005874021624066943,0.004216169069244549
0.74417394,0.73431915,0.5219268,0.9924483,0.9411765,0.88,0.5598652,0.31462264,0.28982306,0.97959185,1.0,1.0,0.28982306,0.28982306,0.5508464,0.45690408,0.12401712,0.004023934508155997,0.004494355567480185,0.019595231425821286,-0.004301588683737997,-0.0007830473577062827,-0.0019974180727738294,-0.0006926777376655237,-0.0061804669916595755,0.0017796451474685624,0.0,0.0,0.0,-0.005536095522692304,-0.012618685719681989,0.0008026858805976508,0.0006523026322813467,-0.02712760181000422
0.6983751,0.6112719,0.9025306,0.86713725,0.9411765,0.88,0.5157228,0.37212265,0.34771848,0.97959185,1.0,1.0,0.34771848,0.34771848,0.71941775,0.35801518,0.352767,-0.006528229269347643,0.00024378690144565674,-0.030688770198378745,-0.00015514870325324315,0.004709086233449989,-0.0015717497354924626,-0.005714393079969137,-0.007936517517547544,0.004837751716158409,0.0,0.0,0.0,-0.0030845494877889536,-0.006412015342930172,-0.0008055775268032765,-0.0022588401509952387,-0.00771957789983599
0.69803077,0.7220837,0.8343974,0.9411765,0.9924483,0.85529643,0.88,0.28274763,0.25799882,0.97959185,1.0,1.0,0.25799882,0.25799882,0.057988983,0.44357067,0.6565171,-0.0030670223184429035,0.002864377322573448,-0.016397059637395447,-0.0055528100637489385,0.003669599781671502,-0.0012222348334607282,0.0011750015007670827,-0.010698182829907319,-0.00018331641122937655,0.0,0.0,0.0,-0.006867319757432687,-0.013922732517883103,-0.004170017230741326,0.0009535452008906609,0.006239491055156166
0.7480308,0.6482421,0.9455586,0.9748012,0.91916525,0.88,0.88,0.57649755,0.5635554,0.97959185,1.0,1.0,0.5635554,0.5635554,0.64227486,0.47801515,0.6802671,0.0031403436641422888,0.0008194628987310292,-0.02964183059410186,-0.0030645326017315917,0.008864898521867753,-0.002150170888136835,0.001880030408128475,0.0021589148412686204,0.003493895340395191,0.0,0.0,0.0,0.003516454516202603,0.006736202623517088,0.00044815690735684646,0.0014536117710682312,0.004057973400118928
0.90918756,0.96153843,0.34467643,0.3311597,0.3311597,0.88,0.88,0.72212267,0.71540797,0.97959185,1.0,1.0,0.71540797,0.71540797,0.67084634,0.47468185,0.82901704,0.018843413859522037,-0.0013198487330054508,0.025495170978127035,-0.0033761723339534784,-0.008857625869218974,-0.0012309578839669252,0.0014010096919255563,0.007262833566533535,-0.014821264727392942,0.0,0.0,0.0,0.00018316414811209763,-0.002361389976319508,0.0002921835191863573,0.0015393266221713545,0.005609982566128957
0.81621253,0.7757992,0.6791335,0.9411765,0.9924483,0.6642146,0.88,0.7358726,0.7278985,0.97959185,1.0,1.0,0.7278985,0.7278985,0.6337034,0.475793,0.8877671,0.007144070259648514,0.0022469576797741553,0.0013663531730315004,0.004167549979369197,0.00972887914585144,0.0025579979695267508,0.0009214793802159231,0.006818373171775724,-0.007534924802022212,0.0,0.0,0.0,-0.0014489248632885705,0.0011039872396859359,7.814452600001552e-05,0.0014819519212950784,0.0048969997104329
0.84768635,0.4889792,0.83070123,0.9117176,0.7843903,0.88,0.88,0.4589976,0.44351807,0.97959185,1.0,1.0,0.44351807,0.44351807,0.4922749,0.5335707,0.52776706,0.014322748056004824,-0.007581505969143063,-0.01646480873662415,-0.001371578730343666,0.002226095075145821,-0.0012836001292291879,0.0006835646938228833,-0.002234850505591122,0.00604635008290207,0.0,0.0,0.0,0.0025746573579618405,0.004442910885854784,9.964649769657455e-05,0.0010567738936293621,0.00016435657167108078
0.90918756,0.96153843,0.26570094,0.2552813,0.2552813,0.88,0.88,0.59212244,0.5760184,0.97959185,1.0,1.0,0.5760184,0.5760184,0.8379892,0.2835707,0.6190171,0.02119130880766665,0.0006765415815063384,0.035468365504085365,0.0017251909756030486,-0.004151310467167898,-0.0009971796826999252,0.002389277915006206,0.003756665956833645,0.001345677809767752,0.0,0.0,0.0,0.0036133963270196063,0.005845559895621758,-0.0030831240314106566,0.005336163617165761,0.0026890359844099296
0.38053757,0.59224397,0.8650587,0.9411765,0.9411765,0.8199039,0.88044995,0.30712247,0.28381428,0.97959185,1.0,1.0,0.28381428,0.28381428,0.34513202,0.31357077,0.60026705,-0.05468382996593788,-0.0006120793870855349,-0.02494151595365182,-0.0027318627153767785,0.00203138898359522,0.0005506946947663974,0.0008629005499452591,-0.011035062538278581,0.004341793216165442,0.0,0.0,0.0,-0.004845638875735213,-0.010665007917631232,0.0011693147096150912,-0.00035256231025996133,0.003379131062451807
0.90918756,0.96153843,0.05567671,0.05349331,0.05349331,0.88,0.88,0.29212248,0.2624914,0.97959185,1.0,1.0,0.2624914,0.2624914,0.45084634,0.21579286,0.5877671,0.021771248075243818,-0.0014687920597983594,0.05934285335435023,0.006738278249188961,0.0012875311790275887,-0.0011985989950900743,0.0021428989467211375,-0.01072603327549662,0.02055526290034823,0.0,0.0,0.0,5.710931487443116e-05,0.005842246670041047,0.000987914576364169,0.005218840699687829,0.002005031796659822
0.69803077,0.77832747,0.80078775,0.9411765,0.9411765,0.6894606,0.63252807,0.86274767,0.85813546,0.97959185,1.0,1.0,0.85813546,0.85813546,0.8079892,0.65912634,0.7177671,-0.0023321001859567224,0.002062605852587881,-0.006362746158909423,0.0031755400525562013,0.006239502331765354,0.0027508972906209544,-0.0011034384823511531,0.015899408504083234,-0.0163645538884541,0.0,0.0,0.0,-0.003066688794862457,0.0008632973049798356,-0.0006460497807148238,-0.0027513294319172483,0.0018596521312191387
0.42564777,0.7456876,0.69941014,0.9411765,0.9411765,0.65551513,0.65551513,0.29962254,0.27367872,0.97959185,1.0,1.0,0.27367872,0.27367872,0.24084623,0.4580151,0.410267,-0.046303875777179926,0.0031286376128417835,-0.004419546121484176,-0.00495710260256632,0.002786504530446703,0.007197115473554902,-0.0007553324038260606,-0.009272017049640074,0.003331218643604693,0.0,0.0,0.0,-0.005948322049810432,-0.0127290782612547,0.0004832541671309873,0.0005118559916767577,-0.0061830851856641235
0.7480308,0.6537348,0.9144166,0.9411765,0.8645021,0.7562161,0.88,0.14462256,0.11174351,0.97959185,1.0,1.0,0.11174351,0.11174351,0.42941776,0.32134852,0.2427671,0.003633693638716615,-0.001077958176243152,-0.031385577826907415,-0.007903993099014848,-0.0018451973462983479,0.0025190045865745836,0.00015261464905873764,-0.014810334440927537,-0.01108362264227418,0.0,0.0,0.0,-0.017465905448915096,-0.03524453067049471,0.000125441954419385,-0.0017379215467702965,-0.019686807768624887
0.81166714,0.86100686,0.9322891,0.9411765,0.9117176,0.8836999,0.88,0.59274757,0.58527017,0.97959185,1.0,1.0,0.58527017,0.58527017,0.6237035,0.6924597,0.48151696,0.015803470539826166,0.004931176286997302,-0.021492441056748066,0.0014147836485088557,0.004654399593119147,-0.0017994510179430595,0.0022194350257978873,0.0036911610469515183,0.004072482770755587,0.0,0.0,0.0,0.0038823704725863173,0.0081580447311722,0.0005287992919279167,-0.001243780424480855,-0.0005698372559844446
0.7711023,0.6268566,0.87725246,0.87407136,0.9748012,0.88,0.88,0.3802476,0.35587752,0.97959185,1.0,1.0,0.35587752,0.35587752,0.6794177,0.26023737,0.56401694,0.004418735521415098,0.0005145086501198883,-0.02787291233714644,0.002416255443118768,0.0021938611838440815,-0.0022283925010477433,0.0002716704350682403,-0.007110049049166466,0.0030011360573255898,0.0,0.0,0.0,-0.0037223822326840493,-0.0074837800429032285,0.0003930799569485234,-0.0020553948884364853,0.0015183829612034488
0.002231799,0.032887682,0.7856696,0.75485903,0.9064097,0.88,0.88,0.40337265,0.38402635,0.97959185,1.0,1.0,0.38402635,0.38402635,0.3794177,0.43912622,0.55776703,-0.0994496333217138,-0.01584181881478881,-0.014726639876155074,0.004565319110682611,-0.0037500854458668866,-0.0019283227218905852,0.00012106604293045793,-0.0061090184200184115,0.004922997326134013,0.0,0.0,0.0,0.0002688474709915997,-0.0026001490387452804,0.0011543751687511166,0.0008821490643981854,0.0016413569983620064
0.90918756,0.96153843,0.09872968,0.09485793,0.09485793,0.88,0.88,0.35774767,0.33569652,0.97959185,1.0,1.0,0.33569652,0.33569652,0.16227476,0.47690403,0.571517,0.015469706197519768,0.00033745985433036846,0.048748527843803034,0.010206135649812913,-0.008439516573932522,-0.0007728275684513097,0.0014428961487799035,-0.006219282899075678,0.02014567404138859,0.0,0.0,0.0,0.0031096318363335205,0.010388666404354794,-0.009163080295743049,0.0028880711435167582,0.0014581462861849442
0.87110233,0.7592733,0.6429528,0.9411765,0.61773896,0.6696442,0.88,0.9371226,0.9516841,0.97959185,1.0,1.0,0.9516841,0.9516841,0.7679892,0.8669041,0.68276715,0.012868795917568433,0.001990373871369574,0.0031953987943382734,0.005919528043985172,-0.006083421325429285,0.0026690834155645737,3.488265499359542e-05,0.015278811833907979,-0.0360750528931167,0.0,0.0,0.0,-0.007074921279614085,-0.009869250700156562,0.002418549796587918,-0.012439598462130665,0.001142730490356982
0.90918756,0.96153843,0.09012547,0.08659114,0.08659114,0.88,0.88,0.47524762,0.459463,0.97959185,1.0,1.0,0.459463,0.459463,0.40227494,0.5113485,0.62026703,0.015072053061558068,-0.0006157914597231537,0.04498174130752642,0.003843363199377791,-0.006708611899631563,-0.0003106804830768631,0.0021983527416666237,-0.000890991368285427,0.007828629419025823,0.0,0.0,0.0,0.002559952042749038,0.005371553837654134,-0.0013722586208849766,0.0007672356055661206,0.002266154699138075
0.81235576,0.7456876,0.87807,0.84363586,0.82958764,0.88,0.88,0.32087255,0.29784286,0.97959185,1.0,1.0,0.29784286,0.29784286,0.42941776,0.38912624,0.446517,0.01209501839347244,0.004243262929360478,-0.025549536609165212,0.002667328920613281,-2.595345938107051e-06,-0.002470032856950013,0.0008773020964337196,-0.007976102140978138,0.0027993245878781435,0.0,0.0,0.0,-0.005118024305970872,-0.009283844373353282,0.0005133199615974089,0.00024725549156204876,-0.004409738655156819
0.7263364,0.3450708,0.7073553,0.67961586,0.9220285,0.88,0.88,0.54337287,0.52411956,0.97959185,1.0,1.0,0.52411956,0.52411956,0.85370344,0.41912618,0.4665171,-0.0003400859795095579,-0.008758983816936832,-0.00337229283010443,0.00601962074772157,-0.0005703403451578033,-0.0005606652684535079,-0.0009053793933061069,0.0005588138551452849,0.006038777411185628,0.0,0.0,0.0,0.0037123720654197658,0.0067325743008258545,-0.003417949952511771,0.0008061117227067849,-0.003337781198768557
0.7256478,0.6539967,0.6504835,0.9117176,0.9411765,0.88,0.6441142,0.5271226,0.51688653,0.97959185,1.0,1.0,0.51688653,0.51688653,0.34513187,0.6180152,0.6127671,-0.0016033109915933985,0.000918213159212444,0.0017767253266196697,0.001075527414912052,0.008687331386497204,-0.0014178816892511954,-0.002520692474813515,0.0008746140296514883,0.005970610074255898,0.0,0.0,0.0,0.003396339162508891,0.006105926848279534,-0.0010911757377413617,-0.0005359617403103472,0.002397463485024122
0.8022318,0.84556156,0.84467214,0.81154776,0.9411765,0.88,0.71167624,0.6827475,0.6738351,0.97959185,1.0,1.0,0.6738351,0.6738351,0.65084636,0.7191263,0.4715171,0.011845727252202655,0.0037184947142222956,-0.011196872449202177,0.006197677863744869,0.007981907311214209,-0.0010529024670887092,0.0003983470029043533,0.0058111632503094705,-0.0010187129358984613,0.0,0.0,0.0,0.0027812434150627998,0.007231884620414133,0.0005391859687251615,-0.002498238388910684,-0.0004879886848510684
0.5672455,0.57556975,0.6450123,0.9411765,0.9924483,0.8727212,0.88,0.6671226,0.6594652,0.97959185,1.0,1.0,0.6594652,0.6594652,0.64370346,0.41134846,0.8127671,-0.019982671409673882,0.0008504350848216108,0.006254522891742351,0.0014456858152490175,0.004997435937039602,-0.0009475270712772626,0.001375366606121415,0.006292379242074368,-0.0006625419978460406,0.0,0.0,0.0,0.0020575404516130218,0.006945613006146302,-0.0005299668824912762,0.0027684687433307126,0.0047734453829088135
0.7305376,0.80349267,0.7572927,0.9411765,0.62120265,0.752257,0.88,0.4739976,0.46189263,0.97959185,1.0,1.0,0.46189263,0.46189263,0.4922749,0.5146818,0.47151697,0.002979621529604122,0.003657156266674158,-0.007291399695738434,-0.001210011286304897,-0.00484525907105338,0.0025901838256021876,0.0019131740527673785,-0.0015269645474214409,0.006567467273370595,0.0,0.0,0.0,0.0034857337697635593,0.007516064099092743,1.2623975813307685e-05,0.0014695323465676083,-0.0006708123355394449
0.90918756,0.96153843,0.106661834,0.10247902,0.10247902,0.88,0.88,0.4227475,0.4067731,0.97959185,1.0,1.0,0.4067731,0.4067731,0.51370347,0.41134855,0.446517,0.0216183596378736,0.001868409031905392,0.04904239815916439,0.0019089162734320481,0.00031400907411847744,-0.0005279960617158857,0.002280377512219798,-0.00214894469793229,0.012491545489741327,0.0,0.0,0.0,0.003395411250367333,0.006470089021005348,0.00037334369235040454,0.0030422788404776556,-0.0018083191329530568
0.7109785,0.23118232,0.795681,0.7644778,0.9411765,0.88,0.21082276,0.5527476,0.5395642,0.97959185,1.0,1.0,0.5395642,0.5395642,0.4865606,0.41134855,0.6865171,-0.00013784863079797428,-0.0017555817410136523,-0.01270886459904223,0.003990450430905008,0.00984600842208501,-0.002945152367951985,-0.02010263390641244,0.002410723334502873,0.003844634914121011,0.0,0.0,0.0,0.004204779048672775,0.007462005323161034,0.0003272970411836103,0.00030314647653523875,0.002577880867607241
0.78962845,0.83747613,0.4575393,0.9411765,0.43959656,0.7509752,0.88,0.71774757,0.71654505,0.97959185,1.0,1.0,0.71654505,0.71654505,0.6837035,0.58912635,0.6615171,0.006589076950362442,0.0015514715945355684,0.014129960130206936,0.0032826794786353667,-0.010221252588507259,0.0012653191226683642,0.0010392638021420352,0.008391152037072419,-0.009374269023606593,0.0,0.0,0.0,0.0008593360874309737,0.000867922574353028,0.0010307948909675866,-0.0012452851553071051,0.0023277833740717978
0.75746596,0.6537348,0.6914476,0.9411765,0.9411765,0.94859445,0.648802,0.30962276,0.2826108,0.97959185,1.0,1.0,0.2826108,0.2826108,0.24084623,0.65690404,0.20651698,0.004859153917181158,0.000431436426940409,0.00029625636695872204,-0.004896944818390857,0.0008363999919375525,-0.006046643604693132,0.00010228395444455651,-0.00801889668015745,-0.0006177035121901158,0.0,0.0,0.0,-0.007781025676496127,-0.012852923685883828,-0.001962274667783472,0.001540503260246253,-0.01976390931611898
0.8896285,0.5177431,0.78377193,0.941397,0.9411765,0.88,0.5798194,0.30962253,0.2833386,0.97959185,1.0,1.0,0.2833386,0.2833386,0.33084625,0.20468171,0.6552671,0.023260217402228035,-0.00411671941403115,-0.013455149324304727,-0.006117463362766884,0.004919846109691032,-0.0027957367166658977,-0.003228166591370769,-0.01138161616789499,5.923280456934299e-05,0.0,0.0,0.0,-0.006278378495523491,-0.011499779216199936,0.0003142007229364269,-0.003121587583140612,0.006301711637602018
0.90918756,0.96153843,0.32193145,0.30930668,0.30930668,0.88,0.88,0.6758727,0.6657624,0.97959185,1.0,1.0,0.6657624,0.6657624,0.7537035,0.6802375,0.43276703,0.01609897284135834,0.00076233466406633,0.022862332647747702,-0.001863387531832556,-0.008922729596408158,-0.0005037158519572457,0.0009981134702109228,0.0040921657159283115,-0.008617571477601322,0.0,0.0,0.0,0.0007017863373759045,0.0007071181219787015,0.0004740872613962539,-0.00277789005458859,-0.0020946618662199073
0.7169012,0.73433506,0.7284845,0.9431936,0.7472978,0.88,0.88,0.48774767,0.47131076,0.97959185,1.0,1.0,0.47131076,0.47131076,0.42941776,0.48468176,0.58901703,0.0010763399582663636,0.0027043629351575665,-0.0032464246728291703,-0.0015622552221975132,0.0018289321509013196,-0.001695686424670917,0.0022283970277475616,-0.0007742205480245707,0.007952271565424007,0.0,0.0,0.0,0.00394224626141469,0.008139606460501762,-0.0006931518271337584,0.001611368053262746,0.0026625084663514653
0.63019323,0.68834573,0.699805,0.9411765,0.9248924,0.5958796,0.88,0.24774766,0.21544632,0.97959185,1.0,1.0,0.21544632,0.21544632,0.11513192,0.35801518,0.619017,-0.011727019593376808,0.00129903299092072,0.002128492964149563,-0.005149337846460365,0.0005743921478126275,0.009259802850169646,0.00046801908509852,-0.012357255548912949,-0.0057285079300141515,0.0,0.0,0.0,-0.009366181513861533,-0.02175518839000863,-0.0032772336885286417,-9.603497345407844e-05,0.0043767510282254505
0.5669012,0.7192931,0.7039058,0.9411765,0.7774943,0.6280648,0.88,0.69212246,0.6805753,0.97959185,1.0,1.0,0.6805753,0.6805753,0.4865606,0.49579293,0.9377671,-0.01873372168227958,0.00197770521691425,0.00022093655537918367,0.001731806519122481,0.00021821921524630902,0.005004669996462286,0.0017374664071679272,0.008392507559235225,-0.004323860752773348,0.0,0.0,0.0,0.0005758052382471185,0.0032852516156303825,-9.067049882596862e-05,0.0014015259480560736,0.0038201720547493064
0.6522319,0.54892915,0.9860085,0.9411765,0.9431936,0.45088634,0.88,0.54399765,0.5346122,0.97959185,1.0,1.0,0.5346122,0.5346122,0.6079892,0.66357076,0.40776706,-0.00990377705033904,-0.005357400151137868,-0.02944349819239035,-0.00037725354398630547,0.00260366773975667,0.0033601354236995518,-0.0016945163028975292,0.00031199253634236926,0.005557609527791394,0.0,0.0,0.0,0.003080553791497229,0.007701837757778055,0.00042247184290205143,-0.0012779677604394665,-0.006877721970853301
0.63473874,0.6994901,0.8970007,0.86182415,0.9411765,0.88,0.5515362,0.49649763,0.48017785,0.97959185,1.0,1.0,0.48017785,0.48017785,0.8037034,0.41468185,0.34151697,-0.016792678669826075,0.0013830285194094823,-0.025654173942672633,0.003341838576659636,0.005719837635186883,-0.0020924183203503335,-0.0066613727117943635,-0.002275000809037703,0.0061237361249027265,0.0,0.0,0.0,0.0024646118046626185,0.0046964811414299664,-0.0033168170725630585,-0.0007774271876067251,-0.004492860999919816
0.7987194,0.90375376,0.8287171,0.9924483,0.90510684,0.88,0.88,0.54524755,0.52698433,0.97959185,1.0,1.0,0.52698433,0.52698433,0.4865606,0.575793,0.5715171,0.009869063078789321,0.003308971612398493,-0.013337058373620043,-0.0024000675473456502,0.006209400112459541,-0.001977036843884378,0.002100776281674189,0.0018064656146573866,0.005245217620057998,0.0,0.0,0.0,0.003453189732415452,0.006351183887241232,0.0003995919146463203,0.00036393612246866285,0.0016556950165774107
0.757466,0.67284566,0.767228,0.9411765,0.80746514,0.5797595,0.88,0.54399765,0.52657884,0.97959185,1.0,1.0,0.52657884,0.52657884,0.5165606,0.34690413,0.7302671,0.005914795134975666,0.0023009569929606827,-0.006079898330523542,0.001849196754849951,0.00226767019770239,0.005255003119455231,0.0014854514368585995,0.0015538462139431635,0.006096402075551452,0.0,0.0,0.0,0.0038514035899230815,0.008684035903212097,0.0006485907836154618,0.003209047062930068,0.006794554741036985
0.5382512,0.51063544,0.9242716,0.9411765,0.9411765,0.41106087,0.6883094,0.3708725,0.34843498,0.97959185,1.0,1.0,0.34843498,0.34843498,0.5765605,0.4380152,0.29776704,-0.02659930195996928,-0.0055280516232111545,-0.028985976609419383,-0.0016113918672511236,-0.0005362657663056569,0.014856169695169792,0.0008319477293155422,-0.005438612533699333,0.004935303761513381,0.0,0.0,0.0,-6.244544309554686e-05,-0.003390491120994131,0.0004111072010181653,0.0011530417503328061,-0.012305867449186238
0.548375,0.47558627,0.8631374,0.9411765,0.9250866,0.88044995,0.88,0.7927476,0.78906465,0.97959185,1.0,1.0,0.78906465,0.78906465,0.68084633,0.5146818,0.86401707,-0.01978430426101861,-0.00015231966585289156,-0.014239675073260478,0.0015114335559309737,0.00531825222578829,-0.0012929920368123576,0.0010423770443065165,0.014387725666328783,-0.007324231845991422,0.0,0.0,0.0,-0.0008056416377019747,0.006062863282626182,-0.00015305049515903745,0.000728206575805609,0.0056747453198998975
0.90918756,0.96153843,0.304911,0.2929537,0.2929537,0.88,0.88,0.7708726,0.77401245,0.97959185,1.0,1.0,0.77401245,0.77401245,0.5794177,0.73468184,0.7852671,0.017130597287817014,-0.0014410861051485405,0.024569733749693793,-0.002757008864349354,-0.0142488541824953,-0.0007120191580456406,0.001050791978522741,0.0073596773812330514,-0.02239210007262482,0.0,0.0,0.0,-0.0016056295787251302,-0.006342681169106519,0.0010856245409982756,-0.0059534568717506155,0.0040608021578134555
0.90918756,0.96153843,0.15798438,0.1517889,0.1517889,0.88,0.88,0.4896226,0.4750499,0.97959185,1.0,1.0,0.4750499,0.4750499,0.42941776,0.5813486,0.46276712,0.017462620504963933,0.00013219210469066152,0.040795912088009235,0.002060436156116581,-0.007243000330023802,-0.00044271442833276843,0.001629886749144474,9.340710781041962e-05,0.005084892123895495,0.0,0.0,0.0,0.002214093713098269,0.0040721890902195215,-0.0006646539441769596,-0.001401249385546671,-0.0009453383524848741
0.8578102,0.62280387,0.79808384,0.9101207,0.8216195,0.88,0.88,0.5683725,0.5566595,0.97959185,1.0,1.0,0.5566595,0.5566595,0.47227493,0.38468182,0.80651706,0.014502462143504485,0.0009588065400960216,-0.01281576962612689,0.0016397829551776642,0.004610660864867568,-0.0014591516305733443,0.0027763556043597266,0.0019247426960258087,0.004883468557008923,0.0,0.0,0.0,0.0032457050796681824,0.006816548277746527,-0.0004058028892415728,0.00224099613779694,0.005698752590164842
0.6032648,0.71548617,0.74250615,0.88818955,0.9924483,0.88,0.88,0.42524743,0.4006728,0.97959185,1.0,1.0,0.4006728,0.4006728,0.5494178,0.4791263,0.4102671,-0.01954914569052375,0.0019242920735538162,-0.006206800992314797,0.0020032252617120834,0.001665349198992417,-0.0023560302379094676,0.0005089046827477616,-0.003759232041048445,0.005086561801098523,0.0,0.0,0.0,-0.00016232898747546202,-0.0012308608278103277,0.0008773776058196528,0.0013391138555518905,-0.00646460737965952
0.47041366,0.46912545,0.7816065,0.9411765,0.9411765,0.5242468,0.36789048,0.55462265,0.5460337,0.97959185,1.0,1.0,0.5460337,0.5460337,0.5065607,0.6880152,0.379017,-0.03396567853085114,-0.0025198290011192804,-0.009632372495813443,0.000891421141915286,0.005634496053299338,0.006840527403431998,-0.00027761059943276863,0.0012640945241195057,0.005567546324443098,0.0,0.0,0.0,0.004199400159258567,0.00897277485653851,0.00037452541746960306,0.00022424413456614638,-0.003718695382757213
0.7025762,0.65663284,0.8324318,0.9411765,0.878675,0.56289816,0.88,0.30962253,0.28641084,0.97959185,1.0,1.0,0.28641084,0.28641084,0.3822749,0.28134844,0.50151706,-0.0010604304457360381,0.0004620109731625758,-0.020806625477774378,-0.0047576599471705365,0.0015901584774559952,0.010244907347710618,0.0008937652270363881,-0.008533517110157873,0.002424456854252595,0.0,0.0,0.0,-0.0046934435262933364,-0.010188893124779351,0.00019898496158297495,-0.0001619287893391748,-0.001660153551309347
0.5434852,0.6379644,0.83731157,0.9411765,0.9924483,0.64509845,0.88,0.85212266,0.8503911,0.97959185,1.0,1.0,0.8503911,0.8503911,0.73084635,0.8280152,0.6177671,-0.021425707574966823,0.001952750747379239,-0.013307015576620538,0.004025453351440755,0.007849430486373751,0.0029234451134458033,0.0005389473522139959,0.01352952383500041,-0.01381012247421162,0.0,0.0,0.0,-0.0032545908645949663,0.0036456259730136193,-0.00029818137016906414,-0.008829241220155196,0.002560549794724298
0.86201143,0.82124346,0.92089957,0.9473415,0.941397,0.88,0.88,0.91399765,0.9098896,0.97959185,1.0,1.0,0.9098896,0.9098896,0.8379892,0.8335707,0.6127671,0.016650624255827935,0.001886017851327962,-0.016190968703781658,0.004666022929304438,0.007672975861924145,-0.0008451862677861651,0.0007416620831382548,0.013937493426984193,-0.027616089934551242,0.0,0.0,0.0,-0.0059571594751705904,-0.0016682181360617482,0.0015525667278813236,-0.011074337573245918,0.0014819322739645108
0.62950456,0.5762212,0.76148367,0.9411765,0.9411765,0.47927007,0.66995394,0.47712266,0.45160455,0.97959185,1.0,1.0,0.45160455,0.45160455,0.5137034,0.32579294,0.6715171,-0.014435545250203421,-0.0015024124293232808,-0.006258959948891057,0.0014948841564823951,0.00532456817482867,0.009649829164000112,-0.0008142807366963013,-0.0018213968855642746,0.007012073234571569,0.0,0.0,0.0,0.0033917880866152815,0.004739958816952725,0.0005119217055101873,0.0014169133630485787,0.005407637675872612
0.8763364,0.83870864,0.7441156,0.9411765,0.73666376,0.81621236,0.88,0.38774765,0.37226617,0.97959185,1.0,1.0,0.37226617,0.37226617,0.5365606,0.28134856,0.54401696,0.021335667103328834,0.003501980229672826,-0.008010524296187345,-0.0030852584637272246,-0.0002625049402258092,0.0008449516126789745,0.0026248666285643165,-0.00673212364034055,0.006939839708495596,0.0,0.0,0.0,-0.0008037037282032566,0.0011458628197664794,0.0008988549630137094,-0.0011604027887341462,0.0017135908054399878
0.8899728,0.9794986,0.36022007,0.9411765,0.3460938,0.8986786,0.88,0.63837266,0.62488174,0.97959185,1.0,1.0,0.62488174,0.62488174,0.7065606,0.676904,0.5452671,0.014613593204004594,-0.0004347820773252601,0.023018516113201493,0.0023587112129911576,-0.014807445806587095,-0.0012485642503187793,0.0018534755773117085,0.004021225717345507,-0.002408112616273422,0.0,0.0,0.0,0.0032436562145304305,0.0035077446110890454,0.0016075533672068138,-0.002941105372785086,0.0011444684985001943
0.90918756,0.96153843,0.41293448,0.39674097,0.39674097,0.88,0.88,0.82462275,0.8273866,0.97959185,1.0,1.0,0.8273866,0.8273866,0.79084635,0.78912634,0.57401705,0.015153459897213622,-0.0002464496640548044,0.013202730391414478,-0.004518661292771159,-0.01021120485910914,-0.00039481026391981243,0.0004234614696139481,0.006184101303646715,-0.02493780750513819,0.0,0.0,0.0,-0.0027043873590686697,-0.004546302976192652,5.715523207214264e-05,-0.005896568917044355,0.0014586193843212699
0.90918756,0.96153843,0.35598427,0.3420241,0.3420241,0.88,0.88,0.7496227,0.74750155,0.97959185,1.0,1.0,0.74750155,0.74750155,0.6908463,0.68134856,0.6177671,0.01578598465549686,-0.0011060191587514436,0.020140651563873947,-0.004828360840373464,-0.011722441358770794,-0.0004956009961388035,0.0011319857895845983,0.005314664856322534,-0.017337101456679573,0.0,0.0,0.0,-0.001404096595206233,-0.004315377104831917,0.0008406168037790886,-0.0034830289717388513,0.0013872594438216813
0.79417396,0.71546876,0.7996762,0.815738,0.89572877,0.88,0.88,0.5939976,0.5881939,0.97959185,1.0,1.0,0.5881939,0.5881939,0.34513202,0.8246819,0.556517,0.006471308966195939,0.003422126483587103,-0.011644932808760843,0.003967121795878709,0.007573094914732697,-0.0011177304242127066,0.001039830329239281,0.002292632027724785,0.0028906529870978857,0.0,0.0,0.0,0.003784575427432227,0.00679905143066364,-0.0025282740170081298,-0.008763022426908,0.001749229777059046
0.90918756,0.96153843,0.13527659,0.12997162,0.12997162,0.88,0.88,0.47087264,0.45385692,0.97959185,1.0,1.0,0.45385692,0.45385692,0.8508463,0.20357068,0.52151704,0.021382986502299396,-0.00010325852030156085,0.050236696602081264,-0.0037576051385960676,0.006115061947593942,-0.000953981575249658,0.0034915768060068443,-0.00077758080541114,0.009474478043793194,0.0,0.0,0.0,0.0032665831610445496,0.006327730071438231,-0.006261169635901176,0.0061059800886141295,-0.0005123565750473297
0.8312262,0.7997301,0.8555061,0.9411765,0.9748012,0.94859445,0.88,0.6221225,0.6182767,0.97959185,1.0,1.0,0.6182767,0.6182767,0.6437035,0.5680152,0.5965171,0.016352419980539604,0.003476994298318771,-0.013639744593708753,0.0016055628542189157,0.007299414856340721,-0.0026001655733379958,0.0017800728676342819,0.00569935518838419,0.0023530478191044466,0.0,0.0,0.0,0.004257829815812266,0.008276814077922136,0.0001387773504215601,0.000403494771769029,0.001904687599499163
0.39803073,0.60614324,0.9088808,0.9168245,0.9411765,0.88,0.510389,0.7046226,0.68782955,0.97959185,1.0,1.0,0.68782955,0.68782955,0.90084636,0.6069041,0.56776714,-0.045931824568997574,0.0012385758184113643,-0.02571672638803579,0.0019495915941424157,0.006387465210982147,-0.002950486830659742,-0.006820363468589327,0.01261199707578671,-0.0013688233744244777,0.0,0.0,0.0,0.0037657274591772305,0.010010935516602064,-0.006085647476746819,0.002046520498198733,0.0008102680865714296
0.7029205,0.6230308,0.8684369,0.9411765,0.84271353,0.527952,0.88,0.1771226,0.14621356,0.97959185,1.0,1.0,0.14621356,0.14621356,0.31227478,0.36468178,0.25026703,-0.0037109899079809903,-0.003613942172893958,-0.02336863515806869,-0.0067445110443719045,0.00025199100773500537,0.013046344269751198,0.00016036266328936613,-0.013121076577472836,-0.006281249107490355,0.0,0.0,0.0,-0.012862964643109636,-0.029730663544192043,-0.0015554341198325196,-0.0004060164469769568,-0.01806169894229733
0.48859546,0.4071273,0.943406,0.9411765,0.9431936,0.752257,0.88,0.33587265,0.31539592,0.97959185,1.0,1.0,0.31539592,0.31539592,0.5665607,0.3402374,0.43276703,-0.041148225483645856,-0.009128117357148111,-0.03784293997493857,-0.004617652143626864,-0.0013997257983956219,0.0022752698400897173,-0.00019948074850900018,-0.01039986115796928,0.0010530775406005994,0.0,0.0,0.0,-0.0049543715850838424,-0.013020477787164338,0.0004855104360010845,0.0008227597399676059,-0.006900560264518829
0.7347387,0.77695835,0.7018447,0.9924483,0.9411765,0.88,0.81621236,0.42649746,0.4110757,0.97959185,1.0,1.0,0.4110757,0.4110757,0.40798908,0.72912633,0.27276707,0.001693020999383279,0.004645978349284912,-0.0006214447993503247,-0.00491218418706153,0.0005237029030633369,-0.0016833953266037192,6.0269501542928264e-05,-0.0026166581728976285,0.005642338302961977,0.0,0.0,0.0,-0.0003212226615028205,0.0006116357387109866,-0.00023394455309010375,-0.0012182830978890815,-0.012600940592232632
0.6623557,0.31038284,0.77961046,0.84363925,0.7172691,0.88,0.88,0.23212266,0.20361316,0.97959185,1.0,1.0,0.20361316,0.20361316,0.41656044,0.276904,0.38526702,-0.010888498573616887,-0.01192213385842504,-0.016846214563919836,-0.0024710712973161214,0.00023224844584997546,-0.002070159001782265,0.000565660286772834,-0.01446783995344268,-0.003349218966610303,0.0,0.0,0.0,-0.01219021173234907,-0.022609373515152128,0.0001930037055155267,0.0004035108846138872,-0.009057038476375227
0.83088183,0.83164656,0.7260903,0.9411765,0.6583628,0.8199039,0.88,0.30837262,0.2881334,0.97959185,1.0,1.0,0.2881334,0.2881334,0.46656057,0.41801515,0.24276698,0.013402882201158007,0.005981776218435331,-0.005074607417706484,-0.0037680734059520452,-0.0009689585715913832,0.00012145305375621255,0.0006495571076517049,-0.007684757398377079,0.0019901331504583414,0.0,0.0,0.0,-0.0055090148392365305,-0.009899603243866247,0.0006813766751614583,0.0002960507904076424,-0.016874128333292264
0.90918756,0.96153843,0.34577864,0.33221868,0.33221868,0.88,0.88,0.82587266,0.818812,0.97959185,1.0,1.0,0.818812,0.818812,0.7508463,0.48690403,0.93776715,0.015638504263341256,-0.002456160370749043,0.01987901113319025,-0.005253841774020921,-0.011240361616647652,-0.0006724437564059357,0.0009326146460827105,0.008533302641544548,-0.02574083417123889,0.0,0.0,0.0,-0.002965417443544266,-0.007665020781498337,0.0002459791506891609,0.001899403071353406,0.006305481412001654
0.7711023,0.87239105,0.6953501,0.9411765,0.9411765,0.78728664,0.7275613,0.4014976,0.38274905,0.97959185,1.0,1.0,0.38274905,0.38274905,0.40227494,0.6324596,0.36651695,0.00906996654252189,0.0067511088574046686,0.002645674268048634,-0.0018793024628709454,0.0021845383982142213,0.001402042080310218,4.6709931106109094e-05,-0.003919211074425981,0.005523744962397607,0.0,0.0,0.0,-0.0017943279636262839,-0.001192066182935569,0.0004989959556790225,3.8175732422736175e-05,-0.007917328033316684
0.84906375,0.8423906,0.73285306,0.878675,0.71339035,0.88,0.88,0.6221224,0.6171063,0.97959185,1.0,1.0,0.6171063,0.6171063,0.46656063,0.70912635,0.54276705,0.017015711453282657,0.0029638084044573145,-0.00047524808295447863,0.0025580923425836035,-0.0030195062348403463,-0.0016692598118077573,0.0014006183600323418,0.004330084102839336,-0.0015454460201989122,0.0,0.0,0.0,0.0031290153744983657,0.005392497875173574,-0.00014836403562362658,-0.004058396232219229,0.0016724862482073955
0.72495925,0.7495128,0.6937403,0.9411765,0.9411765,0.5075707,0.6594933,0.5933727,0.58013225,0.97959185,1.0,1.0,0.58013225,0.58013225,0.67084634,0.60468185,0.43276703,-0.00026947802105985576,0.0036289749499471336,0.00018617896682038336,0.002224217148934351,0.0044525818928985265,0.004703880572128378,0.0008892939836250531,0.00196994932462619,0.004317179604906904,0.0,0.0,0.0,0.0036295013544582213,0.008972542725598756,-0.0005819638485564177,-0.0006743668992726279,-0.0018245536110720211
0.7249592,0.77722055,0.9212064,0.9411765,0.9411765,0.752257,0.72358423,0.34024763,0.3194923,0.97959185,1.0,1.0,0.3194923,0.3194923,0.54227495,0.56579304,0.08276701,-0.0019340140692126406,0.004717054380488913,-0.02774846789899541,-0.0019186173943057034,0.0018158885928137745,0.0023383678549644144,0.00024655206798260965,-0.0066527158381356165,0.002140214147298365,0.0,0.0,0.0,-0.004247961757116284,-0.00988086274747048,0.0005931368002537957,0.0011578649703763546,-0.028034210490618765
0.7532648,0.74951065,0.85938025,0.82567906,0.859029,0.88,0.88,0.46087253,0.441047,0.97959185,1.0,1.0,0.441047,0.441047,0.64513206,0.4191263,0.484017,0.005567660826477616,0.0038129093352728283,-0.023112509950324416,0.004201945663547662,0.002646827313959216,-0.002127935768330262,0.0017916351719350293,-0.0029673497707103356,0.006570133885209855,0.0,0.0,0.0,0.0020098190154468057,0.003624259757131927,-1.150708394327393e-05,0.0004604882544351125,-0.0008709087924804926
0.36552396,0.37600058,0.8817905,0.9411765,0.9411765,0.2710406,0.39650062,0.28024745,0.25402132,0.97959185,1.0,1.0,0.25402132,0.25402132,0.34513202,0.40245956,0.40276706,-0.05643656904866529,-0.009006049977603821,-0.027257092611920743,-0.0042314108876630695,0.0017120253117622471,0.02427255207684575,-0.0008423455132014164,-0.011007467544638818,0.0016106652751450956,0.0,0.0,0.0,-0.006964575593420788,-0.01530717277599006,0.0012270284465204446,-2.396205644417289e-06,-0.00811352508331773
0.6714466,0.7456876,0.7755458,0.9924483,0.87407136,0.88,0.88,0.50274765,0.48490912,0.97959185,1.0,1.0,0.48490912,0.48490912,0.5165606,0.5113485,0.5765171,-0.007672910550107053,0.0028815390099380823,-0.009133825831570347,-0.005025682570140333,0.003261747849031283,-0.0022596470019169406,0.002040852236659846,-0.0011247404106887054,0.0055410596420592305,0.0,0.0,0.0,0.0028224446013574347,0.005692758602445097,0.0002716303717233383,0.0012738471323070352,0.0027042539242539743
0.85815465,0.84251547,0.7095576,0.9924483,0.72324055,0.88,0.88,0.70587265,0.6983748,0.97959185,1.0,1.0,0.6983748,0.6983748,0.6537035,0.49579293,0.78776705,0.017303038956939715,0.0016234566732486338,-0.0017896598497598836,0.001073850842045257,-0.0012470174688454813,-0.0009525158174144696,0.0021364265002752196,0.007820406593567378,-0.004614109047548755,0.0,0.0,0.0,0.0011689848604025436,0.003618322809964818,0.001373837163184766,0.0018520091970018154,0.0029752896266403857
0.8983751,0.7912795,0.47060236,0.9924483,0.4187519,0.88,0.88,0.5771227,0.5642897,0.97959185,1.0,1.0,0.5642897,0.5642897,0.7437034,0.44023737,0.587767,0.01923568965491534,0.00234207729275006,0.017980747597478513,-0.00048556503904133156,-0.009296946579418902,-0.001992717300220742,0.0018291377535334702,0.0033897713941977263,0.005179797373068281,0.0,0.0,0.0,0.004110037757293586,0.008093490046203106,0.0007070109515320267,0.0026458897290059773,0.0026823418309219068
0.7487194,0.8073464,0.68383867,0.65702146,0.9748012,0.88,0.88,0.1577475,0.1201938,0.97959185,1.0,1.0,0.1201938,0.1201938,0.19941767,0.47690403,0.20151699,0.0031188086123201254,0.005554199642610331,0.0008446449250423804,0.009354934867757802,-0.0052111525985130734,-0.0021974467236712063,-5.4778115834250506e-05,-0.01039105589205237,-0.0035035657104399735,0.0,0.0,0.0,-0.019347397343868748,-0.03245597978430848,-0.0007542690564897037,0.0008137657830793424,-0.02270571011096656
0.69837505,0.53905725,0.9562246,0.9411765,0.9748012,0.94859445,0.88,0.5889975,0.58083165,0.97959185,1.0,1.0,0.58083165,0.58083165,0.67084634,0.2424595,0.8552671,-0.0067270313713054895,0.0015893171926651128,-0.037456293349141426,0.0013273594925235015,0.00942120975088067,-0.005927393544496888,0.002252727137918072,0.005890290086233552,0.0024441123730088448,0.0,0.0,0.0,0.004991386351554901,0.009355021059890107,-0.0012163290622231157,0.00019962369990628935,0.006783353166762034
0.44803077,0.63819885,0.9247556,0.8884907,0.9411765,0.88,0.54372686,0.5464977,0.52860254,0.97959185,1.0,1.0,0.52860254,0.52860254,0.7265606,0.45245954,0.57776713,-0.042606450043623664,0.002021690603221555,-0.03088030450353978,0.0026426084619337285,0.0074451401867213045,-0.0029837324691731437,-0.0078512400634526,0.0011944010974757869,0.005014300891281762,0.0,0.0,0.0,0.0029535772372167378,0.006636366336753773,-0.002546866109058037,0.0001998897055185363,0.001381143745962122
0.90918756,0.96153843,0.48483732,0.4658241,0.4658241,0.88,0.88,0.9314976,0.933722,0.97959185,1.0,1.0,0.933722,0.933722,0.7979892,0.6902374,0.8440171,0.016675508316867198,-0.002794661911543446,0.009855400667736358,-0.0033082246696275637,-0.01134883298751163,-0.0009445777710951907,0.0006659523959300987,0.009375848723819868,-0.03626842044471101,0.0,0.0,0.0,-0.005207438844853102,-0.008060193333896326,0.00016843292742515213,-0.003832177695354117,0.005011879055380206
0.86166704,0.53077376,0.89836687,0.9411765,0.89828634,0.43200472,0.88,0.54837275,0.52740794,0.97959185,1.0,1.0,0.52740794,0.52740794,0.33513206,0.4413485,0.7915171,0.014617330313683874,-0.0006893958621731106,-0.022887458108119586,-0.0012759169087518335,0.008417302063621672,0.006604537360159562,0.0008050557247887173,-0.0005855834665403155,0.0065690561118777,0.0,0.0,0.0,0.0028580282277743106,0.007204978282406096,-0.0013178892368350494,0.002660894441236543,0.0073453946359520895
0.90918756,0.96153843,0.16915677,0.16252318,0.16252318,0.88,0.88,0.51649773,0.4900328,0.97959185,1.0,1.0,0.4900328,0.4900328,0.4865606,0.38468182,0.7290171,0.016627172608485747,-0.0008968840004602654,0.037087416198262495,0.0012935420262436075,-0.009742356272959133,-0.0005310131196942336,0.0015611399900331113,0.00037073617567440263,0.006369369214707744,0.0,0.0,0.0,0.0025029160687724903,0.004708802170324581,-8.650391575253573e-05,0.004991790878505668,0.002699678055063643
0.54768646,0.45694,0.9106696,0.9924483,0.9748012,0.88,0.88,0.3914976,0.37311473,0.97959185,1.0,1.0,0.37311473,0.37311473,0.4865606,0.5569041,0.36026704,-0.029655619824826705,-0.010112670985964998,-0.03139513617719938,-0.005565575957226209,0.00036902063928043535,-0.002572079487304402,-0.00017537058380130517,-0.005483241100549776,0.002413975823281922,0.0,0.0,0.0,-0.001870842959129427,-0.005654929135486305,0.000383546002508889,0.0007828023768989019,-0.010074682174385157
0.45677742,0.3566308,0.84915584,0.9411765,0.9411765,0.74491245,0.65556806,0.22274756,0.19243826,0.97959185,1.0,1.0,0.19243826,0.19243826,0.30370346,0.32579294,0.34901702,-0.03987897829073321,-0.010550329902632178,-0.026496370599882392,-0.006911253799540129,-0.0007766767357697789,0.003762564921673416,-0.001306342207673575,-0.014694145086358499,-0.0026880309247563263,0.0,0.0,0.0,-0.012510027636987258,-0.023447501457061377,0.00012903727125781632,-0.00011119848055482314,-0.011019452856608396
0.7801932,0.5762393,0.82914376,0.8749571,0.8821983,0.88,0.88,0.49337256,0.4685156,0.97959185,1.0,1.0,0.4685156,0.4685156,0.43798923,0.25357077,0.7502671,0.005669582702379499,0.0009450341140685859,-0.02249894056609067,0.002204716349604487,0.006206105650563679,-0.0026570625245570657,0.0013513530105591625,-0.0010300961213399545,0.008929459692080624,0.0,0.0,0.0,0.004158132340064819,0.00848055604553331,0.0003116003433802538,0.0010078336809046377,0.009064494984681535
0.68439436,0.5839572,0.8139584,0.9429901,0.9411765,0.88,0.48731548,0.47462273,0.46112728,0.97959185,1.0,1.0,0.46112728,0.46112728,0.46084636,0.41801515,0.51651704,-0.008350209975375122,0.0009814403419678662,-0.017680173696739823,-0.00226083160233728,0.00921463249668757,-0.0026740858405421074,-0.010511753241110994,-0.0038390311770974384,0.00659088988882616,0.0,0.0,0.0,0.001861444082156721,0.004214658223605895,0.0012568094112532968,0.0006175423940472513,0.00046476666553404446
0.485083,0.708426,0.65174514,0.9411765,0.6541928,0.6917444,0.88,0.5289974,0.5211643,0.97959185,1.0,1.0,0.5211643,0.5211643,0.6065606,0.4380152,0.5240171,-0.03223991191438227,0.0021488207361313382,0.007905547981593148,-9.75044074601393e-05,-0.003745214516018385,0.0039023576242580116,0.001629724958498348,0.00015666489317592126,0.004345453365202667,0.0,0.0,0.0,0.0033916075989015794,0.007435969541689316,0.000378146368475877,0.001549231048879844,0.0009022088292118138
0.38405004,0.59187824,0.9322891,0.9748012,0.9376084,0.88,0.88,0.5921228,0.58207774,0.97959185,1.0,1.0,0.58207774,0.58207774,0.8037035,0.2791263,0.6802671,-0.0575789484183785,0.002105404892073976,-0.03160276381569496,0.0005266755876426332,0.004365679706968015,-0.002606416016055078,0.0024104566817007697,0.0046007678480623915,0.002892890050241714,0.0,0.0,0.0,0.004083074567413336,0.009622598100762847,-0.0036717384374499056,0.0007666484168434614,0.00400211649437751
0.811667,0.7429318,0.9472685,0.9924483,0.9411765,0.88,0.5842858,0.70774746,0.7046304,0.97959185,1.0,1.0,0.7046304,0.7046304,0.74370337,0.56357074,0.63651717,0.01331894039271736,0.0018318719032772793,-0.026432040391875723,-0.0005137208662984747,0.010338300433101284,-0.0023788556207747715,-0.004553356222132893,0.01000636786025077,-0.0022498616246225296,0.0,0.0,0.0,0.0032680782585112695,0.006886762538903798,0.0008077982753144806,0.0012195361196372708,0.0027386125845344305
0.32984892,0.4995824,0.6822003,0.9411765,0.9411765,0.46772987,0.3995657,0.36649764,0.34831223,0.97959185,1.0,1.0,0.34831223,0.34831223,0.2494177,0.53134847,0.389017,-0.05844994122761924,-0.002715434690643853,-0.0015475099424511164,-0.003051350176530539,0.002719462519684062,0.015322884011251162,-0.0029080205005037065,-0.0077679614885525486,0.0037391129267636903,0.0,0.0,0.0,-0.00269085069837153,-0.006276265865644242,0.0018941801031999968,0.001008884676996645,-0.005499745570750317
0.69906366,0.77695835,0.6646861,0.9748012,0.81518704,0.88,0.88,0.29212272,0.26875395,0.97959185,1.0,1.0,0.26875395,0.26875395,0.36227486,0.38468182,0.43276703,-0.0046504734002585655,0.0037427800537134454,-0.0007969040580914821,-0.007229448099012309,1.9262667262844106e-05,-0.002372299857341931,0.0008580430778033269,-0.0100970253945643,0.002391314124191456,0.0,0.0,0.0,-0.006056623143002478,-0.010315383152005584,4.1651742720591936e-05,0.0007961511192266185,-0.004460659995642052
0.5941739,0.7430581,0.75476605,0.9411765,0.8036329,0.6527804,0.88,0.39712274,0.3819427,0.97959185,1.0,1.0,0.3819427,0.3819427,0.5608463,0.61245966,0.13276696,-0.018644157840715218,0.0023277203925770647,-0.006135229891148606,-0.0016663111873742706,0.00013687556928346554,0.005526662512564573,-0.0002468322518426087,-0.003270988660089991,0.004110373183257048,0.0,0.0,0.0,-0.00042010889039298757,-0.0030479267361917983,0.0005931103576807806,0.0009993545648374022,-0.024461754602067773
0.58893985,0.77695835,0.87711,0.9411765,0.9748012,0.6880367,0.88,0.09024787,0.05610008,0.97959185,1.0,1.0,0.05610008,0.05610008,0.2465605,0.4257929,0.12401712,-0.0259380060430541,0.0035149863857025527,-0.025892328384401073,-0.006789701636110002,-0.0007327533639598073,0.006117459295431426,0.00020935750068142454,-0.015483980160159371,-0.009212793346632702,0.0,0.0,0.0,-0.019162369489598503,-0.040387947931423016,-0.00039519262886648086,-0.0001290899093860138,-0.027518313649233243
0.4113228,0.708426,0.8957308,0.9411765,0.9411765,0.616763,0.7077232,0.60087264,0.59718746,0.97959185,1.0,1.0,0.59718746,0.59718746,0.36656052,0.7502374,0.54276705,-0.04653805777724587,0.001491236900612093,-0.023149433106302356,0.0011038528453043148,0.007414421219136095,0.005019686121169478,0.0001319188388014345,0.003222268402818685,0.002909392777159496,0.0,0.0,0.0,0.0030970684149386096,0.008881700643893023,-0.0006883716182254819,-0.0022908848067488777,0.001683585439392702
0.90918756,0.96153843,0.23293458,0.22379988,0.22379988,0.88,0.88,0.6033726,0.5894315,0.97959185,1.0,1.0,0.5894315,0.5894315,0.5437035,0.5113485,0.7452671,0.020334222103109152,-7.59588695196154e-05,0.03670387779778861,0.0006348870941570267,-0.008189993634143557,-0.000467722433844844,0.0014225968481320864,0.004313594062547072,-0.003027226597273461,0.0,0.0,0.0,0.0019154861842414763,0.002476761539843001,0.0005233056224236342,0.0008961018055096428,0.0043319375395543805
0.6379068,0.55024844,0.98740804,0.9411765,0.9748012,0.98459446,0.88,0.75899756,0.7532675,0.97959185,1.0,1.0,0.7532675,0.7532675,0.8265606,0.6302374,0.619017,-0.010162341506185717,0.00018437039061177106,-0.025946420855335404,0.0019138719654717825,0.006002389983047318,-0.002524757331185223,0.0007205270515541009,0.011970013522073624,-0.006939519941754655,0.0,0.0,0.0,-0.0010963664910623716,0.0056510736550659125,-0.0006166595687990982,-0.00216907731347486,0.0025745929007603453
0.835083,0.6845151,0.8452267,0.968766,0.86256874,0.88,0.88,0.3739977,0.34641775,0.97959185,1.0,1.0,0.34641775,0.34641775,0.3051319,0.46912628,0.48776698,0.011628946072366116,0.0008625498097575552,-0.022186832866860632,-0.006573197065746122,0.0033685349793418145,-0.0019419420057206294,0.0006622658815308816,-0.005512597607924676,0.005095463875216611,0.0,0.0,0.0,-0.0019163950316209944,-0.00295306139602261,-0.0016951080540560848,0.00118670697003857,-0.0016765592449833639
0.8172455,0.87239105,0.71651393,0.68841535,0.9411765,0.88,0.78728664,0.5708728,0.5604117,0.97959185,1.0,1.0,0.5604117,0.5604117,0.59513205,0.51357067,0.5390171,0.011442203290031244,-0.0007521649349894977,-0.004514608009687474,0.0032492640205674305,0.004150054727337219,-0.0014452699286849912,-8.962707201049226e-05,0.0028776086866567252,0.0022914105586615157,0.0,0.0,0.0,0.003734573714403501,0.005554859499619673,-0.0005588772894399921,0.0007980858115909714,0.0005203472233799686
0.81270003,0.77695835,0.8045781,0.77302605,0.9411765,0.88,0.75249696,0.6052476,0.5969314,0.97959185,1.0,1.0,0.5969314,0.5969314,0.7279892,0.50245965,0.5452671,0.012307630088883,0.0018472871644162208,-0.007870469792922403,0.006539768778234887,0.00561973841943717,-0.0017540379198648982,-6.676788431391069e-05,0.004922636263445234,0.0022639164972184664,0.0,0.0,0.0,0.004110051385998563,0.007636843504272669,-0.002739485680785819,0.0015223759347811783,0.0008511903239024184
0.90918756,0.96153843,0.057847116,0.0555786,0.0555786,0.88,0.88,0.3333726,0.3159819,0.97959185,1.0,1.0,0.3159819,0.3159819,0.36656052,0.6046818,0.2427671,0.01786859283382766,0.002461824526511183,0.04775232516085208,0.007564079762886395,0.002537681601624615,-0.0002717698307142842,0.0012252060996673204,-0.00554943672513461,0.017665490409053287,0.0,0.0,0.0,0.002038598021867736,0.006508849138485119,-0.0007944846293132255,-0.0011571328377919206,-0.008115053731537123
0.5256478,0.6262891,0.63847286,0.9411765,0.705357,0.5313407,0.88,0.12837243,0.095629096,0.97959185,1.0,1.0,0.095629096,0.095629096,0.40227482,0.15468185,0.421517,-0.030759445475656053,-0.0017801755427638705,0.0035280189662541804,-0.009977115399756993,-0.0010106513175899277,0.012641421453339217,0.0008621020397532531,-0.01971726058016957,-0.00747625299671886,0.0,0.0,0.0,-0.015851235109955605,-0.036716802871095175,6.789664445590418e-05,-0.0025154859380065705,-0.00633786777610275
0.85292053,0.73472524,0.7976337,0.9411765,0.71924263,0.78184265,0.88,0.6502477,0.6419597,0.97959185,1.0,1.0,0.6419597,0.6419597,0.7808464,0.54468185,0.509017,0.014181373911532744,0.0022975656188323076,-0.011456304998465885,0.004460340713642236,-0.000951631842439539,0.0010521451649511814,0.0007394039081045817,0.005563349231128081,-0.001319785516981278,0.0,0.0,0.0,0.0018124869282975656,0.0048498218717174,-0.00015870606694092976,0.00024395546389313023,0.00045082053137832534
0.6480307,0.23291214,0.86469686,0.9411765,0.9748012,0.8199039,0.88,0.5733726,0.5687968,0.97959185,1.0,1.0,0.5687968,0.5687968,0.6079892,0.5424596,0.43901706,-0.008124532669130956,-0.020444921322502144,-0.018060210638820937,0.0010360915869288023,0.001469629281049257,0.000297366743960941,-0.0018754108776649148,0.0007739361109124357,0.005835468192349267,0.0,0.0,0.0,0.003782579953356277,0.009581368941079596,0.001300938130974198,0.00028558183963953745,-0.004024907027993119
0.33825123,0.42682555,0.9145393,0.9411765,0.9411765,0.32389858,0.5528725,0.5064976,0.49502555,0.97959185,1.0,1.0,0.49502555,0.49502555,0.42370346,0.5135708,0.6190171,-0.05664155945706367,-0.00493969085024987,-0.028114135935824965,0.001746240043223211,0.005827982958181358,0.011059170588270448,0.00040092654259631815,-0.0016623557633182568,0.005547862074739004,0.0,0.0,0.0,0.0029647436129590842,0.004589492885712306,0.00123200363024928,0.001300103183671984,0.003573110622835305
0.8808819,0.9619711,0.80380976,0.7722878,0.9290669,0.88,0.88,0.24399757,0.21930772,0.97959185,1.0,1.0,0.21930772,0.21930772,0.6279892,0.19801511,0.25026703,0.02142190308284956,0.007439669417619863,-0.014762580509903502,0.0053630109175787765,-0.0022991116381891785,-0.002670255826411127,0.0006477428982484124,-0.009407256389614467,0.003459944894774024,0.0,0.0,0.0,-0.009728831634587608,-0.017703839776033906,0.00016268092781848077,-0.004848796643801291,-0.02028831785428442
0.7711023,0.7144054,0.50770575,0.9411765,0.9924483,0.6229816,0.88,0.28899765,0.26137155,0.97959185,1.0,1.0,0.26137155,0.26137155,0.51513207,0.15468174,0.594017,0.0069596072712858085,0.0036427790671582465,0.021041636663325147,-0.0017193412306318575,-0.0018539659881328943,0.0068627604085477086,0.0002756455937877006,-0.009867103829213969,0.0011940600032386247,0.0,0.0,0.0,-0.00783260066719846,-0.015112601266448533,0.001514349919336446,0.00014826518020881886,0.0023122863856176335
0.8263364,0.86100686,0.8365592,0.96780485,0.7781364,0.88,0.88,0.70212257,0.6937817,0.97959185,1.0,1.0,0.6937817,0.6937817,0.7151321,0.6980152,0.52776706,0.014142505573940232,0.004491624472593855,-0.01252215039812731,0.003397553875445512,0.0020596658640613936,-0.0011718675208446554,0.0009605570015018366,0.00726351462968092,-0.0031653696555763544,0.0,0.0,0.0,0.0011053615148827662,0.005180141405050876,0.001077723477716758,-0.0026064038240254683,0.000980794264262399
0.64803076,0.61416626,0.6420399,0.9411765,0.9411765,0.5273442,0.5187329,0.31087267,0.29055393,0.97959185,1.0,1.0,0.29055393,0.29055393,0.28798908,0.41245958,0.46026707,-0.008843702530003137,3.864434995819531e-05,0.006632326222473763,-0.002759598944061859,0.0023583061361270325,0.012288516138211546,-0.0009673568547672372,-0.008000742777829063,0.0015837035789143044,0.0,0.0,0.0,-0.004855766630426875,-0.010015427806202229,0.000995161299868479,0.0005270673683024344,-0.0032111394699811616
0.90918756,0.96153843,0.17040674,0.16372412,0.16372412,0.88,0.88,0.5127474,0.49766484,0.97959185,1.0,1.0,0.49766484,0.49766484,0.6079892,0.5869041,0.3677671,0.017843243775364056,0.0015659265443513423,0.03859008038701894,-0.0019654356859494767,-0.0014113734128965757,-0.0007115164433337382,0.0015932144201571074,0.00017313261382528693,0.006209417372449408,0.0,0.0,0.0,0.0028391314221807838,0.004851769000160997,0.00010709090846740717,-0.000649076316428595,-0.00415364208554483
0.6805375,0.58350277,0.76360524,0.7336599,0.9431936,0.88,0.88,0.64274776,0.63952017,0.97959185,1.0,1.0,0.63952017,0.63952017,0.6565606,0.57912636,0.5752671,-0.003686656485762008,0.0005468758263990471,-0.005267327233824611,0.006597013325815269,0.005148524227939313,-0.0009687950450251065,0.0007802135463694893,0.006239215904137444,0.0005121798115543741,0.0,0.0,0.0,0.002016515771789888,0.008814681708758853,-0.00032940459607110853,0.0002500323788915787,0.002297910673547459
0.7120114,0.630956,0.9212083,0.9411765,0.9411765,0.94859445,0.4948232,0.6308727,0.62320864,0.97959185,1.0,1.0,0.62320864,0.62320864,0.67227495,0.67245966,0.452767,-0.0009823546809883776,0.0010154258498185332,-0.02161946780753112,-0.00024343212053413895,0.007159048460891165,-0.004701462668208383,-0.006289306280859394,0.005380145931140362,0.002515638039789384,0.0,0.0,0.0,0.004107671431594323,0.007744751375507945,-8.684705855853683e-05,0.0005899474244003924,-0.0004398849840932664
0.39348528,0.71546835,0.76519793,0.9411765,0.9924483,0.94859445,0.88,0.51837265,0.4980584,0.97959185,1.0,1.0,0.4980584,0.4980584,0.28798908,0.616904,0.7177671,-0.05133175486863536,0.003011909822824526,-0.01034180359173662,-0.0009552933622214297,0.006857924818243563,-0.004875271412829788,0.0017337927115256243,-0.0004610436176413976,0.006427848576328119,0.0,0.0,0.0,0.0034862714532881882,0.0066851274729700025,0.0011974344473872033,0.0007980410191991128,0.005596269876011276
0.90918756,0.96153843,0.26993752,0.25935173,0.25935173,0.88,0.88,0.56524765,0.5475661,0.97959185,1.0,1.0,0.5475661,0.5475661,0.83084637,0.51579297,0.32901704,0.017227786012917447,0.001082363740194117,0.028910414888735234,-0.002619762411865634,-0.002549327527102988,-0.00036841682010000444,0.0018578407302652377,0.0013575002510472984,0.002988696903246599,0.0,0.0,0.0,0.002406579707823323,0.004119460445821102,-0.002857064763279995,0.0011784246425259601,-0.006725613756132946
0.7753034,0.26502532,0.8561385,0.9411765,0.96780485,0.9343218,0.88,0.76212263,0.7530898,0.97959185,1.0,1.0,0.7530898,0.7530898,0.6537035,0.57912636,0.7915171,0.005858202893514297,-0.005320304020363268,-0.014603161102966278,0.0011103575056077939,0.007320269535561261,-0.001842123594259652,0.0006372454192266811,0.012201713540985919,-0.006129645819764371,0.0,0.0,0.0,-0.0001579481054814122,0.00328199453752108,0.0006523747007166101,-0.0017958318159180164,0.005980893699170251
0.44734213,0.48760778,0.8835431,0.9411765,0.9748012,0.38711208,0.88,0.42399752,0.40280306,0.97959185,1.0,1.0,0.40280306,0.40280306,0.53798914,0.3302374,0.49026704,-0.03680656955044525,-0.005904893218710627,-0.022435538831121225,-0.00020211380301526742,0.0013249201176443685,0.010485307817971894,-0.0001817543305100013,-0.0033067635431567764,0.007247460116794118,0.0,0.0,0.0,0.0031607773593218245,0.0015016771511056277,0.00028604641623047585,0.0024250754298166194,-0.0016511654362634796
0.2434853,0.6232704,0.8490341,0.9411765,0.9431936,0.5282012,0.88,0.24212241,0.21519092,0.97959185,1.0,1.0,0.21519092,0.21519092,0.27513203,0.5224597,0.285267,-0.07263191345995856,-0.0022779740069638382,-0.02251629317486051,-0.00421783259386736,-0.0007655409089352061,0.01200780324315123,-0.00037121114899172134,-0.011639359280499452,-0.001348060768165105,0.0,0.0,0.0,-0.009104567954847247,-0.021749487473989627,0.00046228137959305094,0.0005693420624501414,-0.01674352077622638
0.88928413,0.8275468,0.91950303,0.9376084,0.8937818,0.88,0.88,0.7946228,0.7971637,0.97959185,1.0,1.0,0.7971637,0.7971637,0.7765606,0.6902374,0.68651706,0.021135054913659353,0.003498652482933843,-0.017963701944194936,0.0035795584820167148,0.005599073742065704,-0.0006241972104818983,0.0008952581171392451,0.010152590840254709,-0.011652552930665002,0.0,0.0,0.0,-0.0015508624895691284,0.002865180394155955,0.0007257858447449942,-0.0033312599254850233,0.0030073614427854824
0.90918756,0.96153843,0.19591253,0.18822968,0.18822968,0.88,0.88,0.5789976,0.5552828,0.97959185,1.0,1.0,0.5552828,0.5552828,0.6008463,0.5880152,0.54776716,0.01579737617994458,-0.00048540146736977417,0.03396302876419202,-0.0026779325633255733,-0.0035599199647569336,-0.0005718795299069543,0.001573336087833735,0.0019799577263932004,0.00037102081247171264,0.0,0.0,0.0,0.0016295373220788537,0.00210259956394754,0.00032763189808685813,-0.0014255846015635426,0.0006805997239166156
0.8578102,0.5609745,0.8997879,0.9411765,0.96780485,0.6714619,0.88,0.5477476,0.5305984,0.97959185,1.0,1.0,0.5305984,0.5305984,0.6494177,0.32023737,0.80651706,0.016418411237674724,-0.0017813400331431882,-0.023043045097280737,0.0014201612660314526,0.0078002429709430575,0.0029142876624065695,0.0018938630961990218,0.001562566266196834,0.0051823750916819575,0.0,0.0,0.0,0.0039646255705239105,0.008491605303208548,0.0005832775576306398,0.0034348368707163702,0.009517252271453227
0.86621255,0.5036328,0.8748852,0.9411765,0.9411765,0.4037781,0.7562161,0.38712263,0.36571217,0.97959185,1.0,1.0,0.36571217,0.36571217,0.22513185,0.5624597,0.54276705,0.015103783058369624,-0.010955584595724988,-0.020123910223792483,-0.003756777279879672,0.0034440617351401337,0.006153587556154872,0.0021243644571480344,-0.002798820112399173,0.002767738299754903,0.0,0.0,0.0,8.165879670390886e-05,-0.0034968556322271527,-0.004000267949764624,0.0007052077839319674,0.0010360639580152225
0.8434853,0.6680229,0.89777565,0.9411765,0.88049805,0.78728664,0.88,0.4902475,0.4772762,0.97959185,1.0,1.0,0.4772762,0.4772762,0.5794178,0.3624596,0.556517,0.021003339791348923,0.0014967487227452569,-0.023148286814258182,-0.0007319296006045136,0.004421272672836341,0.0012739277058843152,0.0017883875972669327,-0.0010113945116606805,0.007472061008815343,0.0,0.0,0.0,0.004184812561601514,0.007442476263410523,0.0005298046139249976,0.0005912421395991642,0.0019962495102528273
0.90918756,0.96153843,0.25661632,0.24655294,0.24655294,0.88,0.88,0.67524767,0.6572161,0.97959185,1.0,1.0,0.6572161,0.6572161,0.7551321,0.3624596,0.78776705,0.018381936193353304,-0.00019352852038525566,0.03268276712937981,-0.0002006945098520227,-0.0061926054205128445,-0.0008813249973680604,0.0015414128863542554,0.006358059244987327,-0.009157786722316463,0.0,0.0,0.0,0.0018604796347900772,0.0018978777995384182,-0.0003638788855957947,0.004768266700575106,0.006214528660793016
0.50677735,0.58001566,0.943406,0.9411765,0.9411765,0.94859445,0.94859445,0.22774744,0.19596164,0.97959185,1.0,1.0,0.19596164,0.19596164,0.5022749,0.19912614,0.43276703,-0.033913887759805375,-0.003293236275469997,-0.03580207453198756,-0.006182088545102362,-0.0006618001246392002,-0.00544305599565022,0.0014292772240755106,-0.013546580758286898,-0.002314755966580513,0.0,0.0,0.0,-0.011652326301716753,-0.023361688824875416,0.0004892710780716794,-0.0014037043641480158,-0.006946778040960716
0.8941739,0.807314,0.54852456,0.9411765,0.9411765,0.7562161,0.7196065,0.5439975,0.5272237,0.97959185,1.0,1.0,0.5272237,0.5272237,0.53370345,0.31023735,0.7765171,0.02079716391071783,0.0018481311169085252,0.01121078258565094,0.002507132526473865,0.004362802345662298,0.0028338968439172857,-0.0014502713339334039,0.0027190706336906673,0.005490872828893729,0.0,0.0,0.0,0.004223361961089747,0.00682209476384988,0.00036528385495125345,0.0026452948611913017,0.005781586918177546
0.7805376,0.9363225,0.42108917,0.9411765,0.40457588,0.85377544,0.88,0.8171226,0.8092702,0.97959185,1.0,1.0,0.8092702,0.8092702,0.85513204,0.5291264,0.7627671,0.008064419653287368,-0.0005319178933861784,0.018808839409613354,0.004022377106632446,-0.012389017411389647,-0.000570040662212164,0.0016244670521750185,0.013516773255225907,-0.018708556614683684,0.0,0.0,0.0,0.0015817532588293143,0.00017857591199171906,0.0004454052033536756,0.0012843416635519812,0.0033611925236901974
0.7714467,0.8299092,0.6960565,0.6687601,0.9411765,0.88,0.74310553,0.49837255,0.4764684,0.97959185,1.0,1.0,0.4764684,0.4764684,0.36227486,0.5235707,0.62651706,0.009509151233305225,0.0014861587102497763,0.0025570268236210277,0.005974136325249202,0.003940524779172825,-0.002298148927951377,-0.0007238249555354225,0.0004360339379774568,0.006368088425764732,0.0,0.0,0.0,0.003868625007049695,0.007750201209272477,0.0013919876942792514,0.001106255997799674,0.004502636956740056
0.37530348,0.5300166,0.85253423,0.9748012,0.8627297,0.88,0.88,0.30524766,0.28123015,0.97959185,1.0,1.0,0.28123015,0.28123015,0.17941761,0.62468183,0.34901702,-0.05008928546453193,-0.005998259558114982,-0.026404504617062816,-0.007941878044068993,-0.0006193637647940557,-0.0017247279030879004,-0.0007199294716045232,-0.008136079713282188,0.0014173046129257413,0.0,0.0,0.0,-0.004950792051482331,-0.010984328133829928,-0.0014181928282671402,0.0011002194751828169,-0.010293048540088468
0.6127,0.40664274,0.7308787,0.9411765,0.72308767,0.6880367,0.88,0.28087258,0.2596769,0.97959185,1.0,1.0,0.2596769,0.2596769,0.36656052,0.52134854,0.29276705,-0.01882536814702568,-0.012898716704251079,-0.010251011181868754,-0.007547984761653435,0.000192906625737045,0.0059450240624581005,-1.2923241325707747e-05,-0.009946145131170174,0.0011986458317440208,0.0,0.0,0.0,-0.006776583756088881,-0.015286312588913087,-0.0008940092038371952,0.0011416570158315565,-0.017188598456459477
0.6759921,0.71548724,0.7056749,0.67800134,0.9429901,0.88,0.88,0.33587265,0.31116349,0.97959185,1.0,1.0,0.31116349,0.31116349,0.5579892,0.31023735,0.43276703,-0.006829401484751796,0.002552633424488744,-0.0013782992652382503,0.009320803026950266,-0.0010092842260749297,-0.002862581562987892,0.0010524382239727715,-0.006965141749587936,0.005390182428526147,0.0,0.0,0.0,-0.003880698626084099,-0.007446246704616175,0.0009488857313406006,-0.0007173789673091411,-0.005601428861809512
0.8217909,0.53422594,0.88715726,0.9411765,0.8114974,0.7724515,0.88,0.74774754,0.74967104,0.97959185,1.0,1.0,0.74967104,0.74967104,0.6908463,0.7091263,0.5652671,0.011653653152417752,0.0014809535138748781,-0.019587316970526635,0.0028880496296257593,0.002787200476297757,0.0013085276840049118,0.0005631749635565523,0.009824340354261695,-0.008297167098352367,0.0,0.0,0.0,-0.0004820994032524745,0.0030342555561398694,0.0008840662981715229,-0.004532128692791248,0.0011956223441412438
0.6081545,0.39597693,0.6998146,0.7684883,0.6818434,0.88,0.88,0.34149766,0.32345837,0.97959185,1.0,1.0,0.32345837,0.32345837,0.28798908,0.41134855,0.50151706,-0.014048533786205322,-0.007615220221959578,0.0004986291188139402,0.0066787616842534534,0.000699323015879364,-0.0026795573467571277,0.001066484853011769,-0.0068337847273074225,0.003982121644887841,0.0,0.0,0.0,-0.0028986239587822987,-0.006119196284745475,-0.0012144467593679454,0.0011277414096582132,-0.0020074765188312967
0.7078103,0.74951065,0.71445924,0.9411765,0.73087925,0.65949106,0.88,0.33899772,0.31907097,0.97959185,1.0,1.0,0.31907097,0.31907097,0.6237035,0.15468174,0.6065171,-0.0036977820390076688,0.002425780818414801,-0.005057724255249085,-0.0024149252193462,-0.0004486923862197445,0.0062906685157849175,0.002098684464868196,-0.010063512403052527,0.00574999381578696,0.0,0.0,0.0,-0.0043804980321971825,-0.008610254646757099,-0.00017388955787199961,-0.004589496133142857,0.0027239588184798697
0.5987194,0.73431915,0.86411846,0.8302315,0.9431936,0.88,0.88,0.5846226,0.57803446,0.97959185,1.0,1.0,0.57803446,0.57803446,0.71370345,0.49579293,0.4927671,-0.02053301457358871,0.002055071034738422,-0.02084837275942247,0.005199626626019413,0.0034147698992446707,-0.0014212545485807716,0.0013746407899178769,0.003996585167369788,0.0036112380667613826,0.0,0.0,0.0,0.004577878528954654,0.010342341085496977,-0.0019418913677544559,0.0014621051693145802,0.0003417190737792414
0.7808819,0.77695835,0.64853984,0.9411765,0.8331568,0.6880367,0.88,0.2821225,0.26116157,0.97959185,1.0,1.0,0.26116157,0.26116157,0.2751319,0.6235708,0.24276698,0.006857473458183658,0.004718737265368779,0.0032525362790918255,-0.0042025813155092415,-0.0002566210925706223,0.005646762135050172,-0.00011000902536024079,-0.006766594735205039,0.000779214725147364,0.0,0.0,0.0,-0.007558466247693773,-0.014222912549222325,-0.001495264663305558,0.0014681428295879367,-0.018097475222768823
0.7165569,0.7284116,0.74467415,0.9411765,0.76808524,0.6594933,0.88,0.57462263,0.56309664,0.97959185,1.0,1.0,0.56309664,0.56309664,0.40227494,0.62245965,0.7240171,0.0003859277323538479,0.003997547075857526,-0.005835493412800481,0.0006946315018059928,0.0015503521760183853,0.003515332316016417,0.0015588047910483488,0.0022609566623670464,0.004638106465332231,0.0,0.0,0.0,0.0028559153901805434,0.006504017985209527,-0.0012741412211605457,-0.001412809422800147,0.0049305642909872995
0.8941739,0.77695835,0.8287171,0.79621845,0.9411765,0.88,0.7522566,0.2927475,0.26335794,0.97959185,1.0,1.0,0.26335794,0.26335794,0.4865606,0.20468181,0.52776706,0.025107369936453575,0.005678102507262795,-0.016527429391475047,0.005362122698123916,0.001744741473419958,-0.0016520240009681598,-0.00020519649385858027,-0.009996284632882164,0.0023527166645651728,0.0,0.0,0.0,-0.007227554330990888,-0.012374933279759536,0.0011349877850913052,-0.0024985975023559324,0.00022332526074678928
0.7662126,0.7339012,0.82280177,0.9411765,0.9431936,0.43173182,0.88,0.5883726,0.5816878,0.97959185,1.0,1.0,0.5816878,0.5816878,0.27227482,0.6446819,0.7665171,0.004104826038210208,0.003229994390653269,-0.010826390939879362,0.0008123348515359145,0.009100469972856264,0.006817744187656247,0.0006154445015922678,0.0018663658521225607,0.0047143801102059865,0.0,0.0,0.0,0.0027675629886145035,0.007968190356751021,-0.002008920553496447,-0.0019714996964957064,0.007483961049226297
0.8403171,0.46829233,0.5317063,0.9924483,0.69067305,0.88,0.88,0.7852477,0.7720298,0.97959185,1.0,1.0,0.7720298,0.7720298,0.4922749,0.6546819,0.9190171,0.013414547500759067,0.0014536222018988571,0.015791426055624905,0.0006192608718563313,-0.0033129875888058143,-0.0017416590107746637,0.0010668809989679577,0.012319679678444892,-0.009872529425410998,0.0,0.0,0.0,0.0002877744837795698,0.0023368989900484655,0.00028436762114057387,-0.003733202851596609,0.004315877968671781
0.657466,0.5612795,0.85253423,0.9748012,0.83308494,0.88,0.88,0.21649766,0.18727158,0.97959185,1.0,1.0,0.18727158,0.18727158,0.057988983,0.32023737,0.556517,-0.009951803426162198,-0.004291994383592636,-0.02600880464514184,-0.010622920864613014,0.000490659577512672,-0.001980015556187558,0.0008330566911437402,-0.015641053434715054,-0.001511157166638049,0.0,0.0,0.0,-0.01027351058118224,-0.021521426498853306,-0.005094133717322729,0.0003332145401190356,0.0008679276181115114
0.5843944,0.55002695,0.89178187,0.9411765,0.88049805,0.616763,0.88,0.4527477,0.43836412,0.97959185,1.0,1.0,0.43836412,0.43836412,0.5365606,0.5113485,0.3940171,-0.018156174890778587,-0.0061286371578270216,-0.022106659512034686,-0.0004568609517728055,0.0011222912915568413,0.005285761916224184,-8.806002463068431e-05,-0.0015495861523882849,0.004775963831391929,0.0,0.0,0.0,0.0028528598170840746,0.002738962252592423,0.00047779471017440455,0.0011199783997728626,-0.007726202985612342
0.28405002,0.6841984,0.9144166,0.9411765,0.9924483,0.8841149,0.88,0.4389975,0.42159745,0.97959185,1.0,1.0,0.42159745,0.42159745,0.50227493,0.4635707,0.55776703,-0.07176177002716455,0.0026671372428789127,-0.029146565957004582,-0.0027884763812121784,0.004410356665274583,-0.003036868513326232,0.001183787370364376,-0.0044332753290651575,0.005109957009235437,0.0,0.0,0.0,0.0008711115717566655,-0.0005106898748321585,0.0007029230654862545,0.0003074708145621682,0.001418211818909843
0.83893985,0.92629707,0.7247689,0.9411765,0.9411765,0.8433489,0.7562161,0.7514975,0.75385267,0.97959185,1.0,1.0,0.75385267,0.75385267,0.7279892,0.6246819,0.6790171,0.01405070814001466,0.001543441158897449,-0.001088529438804687,0.004618065443776414,0.007536548517741679,-0.00012552678252768874,0.0001873078134407555,0.007876658208516523,-0.012426491063195912,0.0,0.0,0.0,-0.00030802031428816087,0.0005398302093531258,0.00045918201976308595,-0.0016121736395176198,0.0027148396178111145
0.53893983,0.6804242,0.828525,0.9411765,0.9431936,0.59543914,0.88,0.41462266,0.39839345,0.97959185,1.0,1.0,0.39839345,0.39839345,0.16227476,0.5791263,0.5702671,-0.026421540604053863,0.00039974133729624937,-0.018474721938263595,-0.0024213188348180996,0.004537024400296322,0.006664272824499485,0.00019573406793448048,-0.0017400366950951402,0.0057115618599154995,0.0,0.0,0.0,0.0015514840597130426,0.0006504999422052934,-0.00312025083114358,0.0011312807334511066,0.0027064038047831624
0.90918756,0.96153843,0.30705982,0.29501826,0.29501826,0.88,0.88,0.71774757,0.71357876,0.97959185,1.0,1.0,0.71357876,0.71357876,0.8579892,0.62245965,0.4715171,0.017907752580453247,-0.0005224335423214154,0.024448575307994835,-0.006418697848316949,-0.009754598790552474,-0.0008916847812032049,0.0016238814124131641,0.00445085970406607,-0.013845434979774685,0.0,0.0,0.0,-0.0007056252414719187,-0.002461118582555044,-0.000812136072979843,-0.0013248767546294382,-0.0009742922016567366
0.6578102,0.49486074,0.65045595,0.62494785,0.9290669,0.88,0.88,0.22149754,0.19687782,0.97959185,1.0,1.0,0.19687782,0.19687782,0.28798908,0.4791263,0.30026698,-0.008064910694415318,-0.0070540388767409935,0.0036817267839401803,0.011677918772417912,-0.004228611620447925,-0.001452986585215972,-0.00024219391226214102,-0.009394476327197926,0.0017193034119613,0.0,0.0,0.0,-0.008364884609012567,-0.017007414766150978,0.00025483745809464994,0.0013023004350414353,-0.014658038004181887
0.6623557,0.7495128,0.8063406,0.9411765,0.8218394,0.6594933,0.88,0.54399765,0.52837855,0.97959185,1.0,1.0,0.52837855,0.52837855,0.5365606,0.50023746,0.63276714,-0.006465641770285699,0.002580581117199161,-0.010712628568452186,0.0012567808865631836,0.0031481949964537403,0.003960977362678664,0.0013815297628838742,0.00020653872847116981,0.006142918079726378,0.0,0.0,0.0,0.003807734879860516,0.007876990456955148,0.00010967047308845825,0.001602931046277129,0.0038659340488175083
0.90918756,0.96153843,0.21291031,0.20456089,0.20456089,0.88,0.88,0.52962255,0.5053448,0.97959185,1.0,1.0,0.5053448,0.5053448,0.3051319,0.5113485,0.7940171,0.01561425370667473,-0.0014763302267015192,0.03346428023826539,0.002477909243370289,-0.011673395143064395,-0.00019299184489054766,0.0014920495271803697,0.0004074624302079699,0.005959513610320846,0.0,0.0,0.0,0.0024970496253052493,0.004644647155558461,-0.0044876407872084965,0.0006756286963457964,0.0022204811344273324
0.8490637,0.8387082,0.6954555,0.9431936,0.6717887,0.88,0.88,0.2864976,0.257169,0.97959185,1.0,1.0,0.257169,0.257169,0.38227478,0.26468182,0.494017,0.015711375796042253,0.005770551843011948,-0.0010411991917583074,-0.003965629478918282,0.0001985816172899358,-0.0020344523818836475,0.0010070091516827908,-0.012255690976083316,0.004483678892935883,0.0,0.0,0.0,-0.005985572755870932,-0.009716537444329513,-9.853180069175359e-05,0.00021513907620708642,-0.0015676810087377547
0.5343944,0.73433506,0.8323762,0.9411765,0.9411765,0.64370847,0.64370847,0.3483727,0.33193856,0.97959185,1.0,1.0,0.33193856,0.33193856,0.36656052,0.5224597,0.42901695,-0.03345483134111194,0.002779709556329333,-0.024652962251975,-0.004535023204995285,0.005156070088624265,0.00867937349071284,-0.0016213070535044697,-0.008181490810636204,0.00631898197255181,0.0,0.0,0.0,-0.002454237433241948,-0.005722207407796529,0.0011744884619281331,0.0011212997917808439,-0.003844138940782375
0.89451826,0.83164656,0.72477674,0.8749571,0.90580547,0.88,0.88,0.4171226,0.38918248,0.97959185,1.0,1.0,0.38918248,0.38918248,0.5079892,0.3813485,0.49526703,0.02427417985981006,0.005406644801800622,-0.003778347581958403,0.0017757555409496412,0.0004471597536926057,-0.0025160020270939137,0.0005810427674224916,-0.003945206192205291,0.005280839616961404,0.0,0.0,0.0,-0.0015650090121154658,-0.00010846449756537688,0.0010295540063431936,0.0011020269499621394,-0.0012096728867891553
0.848375,0.85812646,0.9025261,0.8671329,0.91916525,0.88,0.88,0.65837264,0.6461965,0.97959185,1.0,1.0,0.6461965,0.6461965,0.815132,0.5569041,0.6065171,0.015464719500031518,0.003693944964851626,-0.017692228665121493,0.005270404070407429,0.005782800342955383,-0.0012536791818604032,0.0015673971207062624,0.007006581126946389,-0.000511100184498989,0.0,0.0,0.0,0.0029827365246037573,0.007776885649596831,-0.0024257427949248298,0.0007978258379615458,0.0034391224113173575
0.77144665,0.65729946,0.6196517,0.9748012,0.87855715,0.88,0.88,0.47774756,0.4679217,0.97959185,1.0,1.0,0.4679217,0.4679217,0.16227491,0.7813485,0.47151697,0.0037516948502074486,0.001437877542086612,0.00191002700154215,-0.002384116591117974,0.0038257498273170988,-0.0011188376023155444,-0.00045154832812469947,-0.0004677891939547171,0.007495120283888216,0.0,0.0,0.0,0.0024507392288340936,0.005699842711122128,-0.007392445809726181,-0.00678633821444577,-0.0021337869801837635
0.7529205,0.7582169,0.81654656,0.7845251,0.9411765,0.88,0.6685456,0.5302477,0.513408,0.97959185,1.0,1.0,0.513408,0.513408,0.5137034,0.47468185,0.62526715,0.005969849133438017,0.0023212072199574447,-0.01363045605472172,0.005841168203143467,0.006228146727084101,-0.0025218190724615114,-0.0033689928800810596,0.00164529700238082,0.006486100775032341,0.0,0.0,0.0,0.004121779392808963,0.008280783565271455,0.0006234299297269645,0.0010906949648385638,0.0031845317428776726
0.8763364,0.83870864,0.589953,0.85748094,0.9411765,0.88,0.752257,0.5314977,0.51341397,0.97959185,1.0,1.0,0.51341397,0.51341397,0.54513204,0.5735707,0.567767,0.018787248381690068,0.0019169300538303443,0.008470848104664329,0.004457373941646935,0.0033922783755716153,-0.0015461642088159709,0.0001574102712400239,0.0016757845388921328,0.005396000312636519,0.0,0.0,0.0,0.0037160907819905587,0.0066103864797604685,0.0003812391302126807,-0.00024660718029377923,0.0015911516619387678
0.52984893,0.64183027,0.7942315,0.9376084,0.9411765,0.88,0.63908994,0.6858727,0.67744243,0.97959185,1.0,1.0,0.67744243,0.67744243,0.5165606,0.6046818,0.7240171,-0.024527375159878354,0.0024466343911755833,-0.010873226839379534,0.0022046450886085527,0.006983322029632541,-0.0012500391145034546,-0.002668370026750835,0.007765097521694333,-0.002162112798170139,0.0,0.0,0.0,0.0019529297669481367,0.004730582208104969,8.257048195795474e-05,0.0002467524105091977,0.0024615450680586857
0.74348533,0.868572,0.96264315,0.9248924,0.9411765,0.88,0.7833149,0.3333726,0.307791,0.97959185,1.0,1.0,0.307791,0.307791,0.65656054,0.15468174,0.60026705,0.002265294809772489,0.005148066390076402,-0.03417943769637218,-0.0012022782353916816,0.0049432697192661156,-0.002394344547789215,-0.00036376493381237967,-0.011306761291517508,0.006412057299988122,0.0,0.0,0.0,-0.00426390929565516,-0.008022910053829933,-0.0005746283216650497,-0.004450780421202173,0.0025664239981165334
0.78405,0.83747613,0.66663325,0.9411765,0.9411765,0.7509752,0.752257,0.41149747,0.39526865,0.97959185,1.0,1.0,0.39526865,0.39526865,0.5637035,0.2424595,0.6115171,0.006976071298880491,0.0036334917011238634,0.000852179676062923,-0.0013994718806897555,0.004274388396583721,0.0032080371764514415,-0.0008731383271280735,-0.0048489031400210545,0.006269315910218118,0.0,0.0,0.0,-0.00035549255022205905,0.0017625455032798376,0.00043528918204125674,-0.0010840653390364083,0.004156636053731689
0.88508296,0.8072206,0.7136513,0.8625046,0.9411765,0.88,0.627938,0.51462245,0.49885228,0.97959185,1.0,1.0,0.49885228,0.49885228,0.4165606,0.7080152,0.3840171,0.018275027273735065,0.0032005042223850057,-0.004678128655503132,0.004298455813562803,0.006117371745408679,-0.0018432115755133887,-0.0005467163794423404,0.0007244656520042065,0.006990088101874925,0.0,0.0,0.0,0.0037962028622654555,0.006626911147363524,0.00026806717402867936,-0.0025513036190572447,-0.0036630559655160323
0.848375,0.7646722,0.92284065,0.96780485,0.8219569,0.88,0.88,0.6183727,0.60392755,0.97959185,1.0,1.0,0.60392755,0.60392755,0.7737035,0.35801518,0.73401713,0.017411984700124568,0.0021160081676878397,-0.0256810197679298,0.000674568824340614,0.0028193821094202303,-0.0020530445492000005,0.0026160913388079705,0.0062356351648039255,0.0009626025180251396,0.0,0.0,0.0,0.003488749168559061,0.0065576970344668264,-0.0003697957471354363,0.001159917897095298,0.004554403860534867
0.8987194,0.74191046,0.7183117,0.9411765,0.80939794,0.6515869,0.88,0.4108727,0.39091712,0.97959185,1.0,1.0,0.39091712,0.39091712,0.3222749,0.3869041,0.55776703,0.023622104752856865,0.004407054333450145,-0.001583269609531514,-0.0029925842692558624,0.0024661323586361943,0.005694584364853554,0.0005828699339854755,-0.0029829958125060685,0.007492488656859778,0.0,0.0,0.0,0.0020869537862311174,0.004193612684041035,-0.002520433948400141,0.002171705162660836,0.0028428311724818267
0.72213525,0.59163266,0.71835786,0.8225645,0.65092814,0.88,0.88,0.62149763,0.61406976,0.97959185,1.0,1.0,0.61406976,0.61406976,0.59941775,0.7035708,0.462767,0.0026244799205098557,0.0016911628425853352,-0.0037039057679406195,0.00428935354054314,-0.002220153824718992,-0.0009691302046695884,0.00043804733629136867,0.004274468723100164,0.0012054018679634121,0.0,0.0,0.0,0.001723146224437841,0.0060719895925657056,0.0005742396331517164,-0.00344771317632786,-0.0007421976765058244
0.7385955,0.89215684,0.797721,0.9411765,0.8710378,0.5119016,0.88,0.43337262,0.41076756,0.97959185,1.0,1.0,0.41076756,0.41076756,0.6994177,0.4580151,0.38776708,0.0027202239132173346,0.0059780422323876216,-0.01080234385586269,-0.00014503855773762738,0.0002813530197090073,0.007444373002756049,0.0007962653323829078,-0.0023722600123534327,0.004914177923970758,0.0,0.0,0.0,0.0005576643745251439,0.00019927712394641152,-0.002730364259904785,0.0008884379480030921,-0.006732969715211654
0.7441739,0.7456873,0.5691784,0.878675,0.9411765,0.88,0.6555148,0.3358724,0.3109551,0.97959185,1.0,1.0,0.3109551,0.3109551,0.46656063,0.3913485,0.452767,0.0022409084608398123,0.0036411501326763375,0.014810681178915621,0.0019294991275065295,0.001533233004009614,-0.0032424606087334985,-0.0015659253650136668,-0.008123458519735149,0.004894321517537158,0.0,0.0,0.0,-0.004855595569486412,-0.006389203752928139,0.0016603120674789807,0.0009684477387358526,-0.0032325456278201746
0.43439433,0.12204596,0.6646875,0.9411765,0.64705724,0.94859445,0.88,0.43524754,0.41825297,0.97959185,1.0,1.0,0.41825297,0.41825297,0.37656063,0.50023735,0.5140171,-0.038284494747122234,-0.018931636832849777,0.0009812043014375005,-0.005715434905478607,0.00028619683129790905,-0.003927863679546537,0.0003770301449075367,-0.0032474608205189225,0.0040550301143357234,0.0,0.0,0.0,0.0005997876450585611,0.000990694716802946,-0.001166199391916283,0.0007075384975295654,-0.00016095285862693804
0.8941739,0.68792224,0.779242,0.9411765,0.87404,0.94859445,0.88,0.46712267,0.45366094,0.97959185,1.0,1.0,0.45366094,0.45366094,0.26227474,0.45023727,0.8165171,0.021818872689488282,0.0023713520262182066,-0.00815766649515291,-0.0028474599750513544,0.005682465234053489,-0.005676722468692509,0.0024614447167482898,-0.0018770511405710164,0.008038795965745638,0.0,0.0,0.0,0.0031817256958042474,0.006466096728645074,-0.0032848301068528784,0.0015195271294898938,0.006797827575869248
0.82668066,0.43801826,0.4992414,0.9117176,0.5662726,0.88,0.88,0.43712258,0.42117918,0.97959185,1.0,1.0,0.42117918,0.42117918,0.40227494,0.396904,0.67276704,0.011527027053697857,-0.0035677750037556694,0.016736938289045412,-0.002495875434516765,-0.0027974017086877224,-0.0012794963536695314,0.0006092768593286926,-0.0033615378798060075,0.008654369733249763,0.0,0.0,0.0,0.002326119400201955,0.005559181674030582,-0.0010502670290284816,0.0022795690121283113,0.005982587340271126
0.58473873,0.7580188,0.90391,0.8853676,0.9924483,0.88,0.88,0.62212265,0.6070801,0.97959185,1.0,1.0,0.6070801,0.6070801,0.7408463,0.3813485,0.70151716,-0.02153879499827576,0.002240638011504082,-0.023906741431633315,0.003309401287418081,0.006017769506927351,-0.0026694829145575204,0.0025287051229548672,0.006933304220195886,0.0009683668330625805,0.0,0.0,0.0,0.003867997581901446,0.009455890335522904,-0.0020797147811317533,0.0013377211380925962,0.004064673257179151
0.848375,0.7766012,0.84716076,0.9924483,0.79949325,0.88,0.88,0.61337245,0.6055996,0.97959185,1.0,1.0,0.6055996,0.6055996,0.6508464,0.5880152,0.54401696,0.012611618956428478,0.002145888904692017,-0.015022428626759073,-0.001168247884206367,0.0011334035055842351,-0.0019424093719060342,0.0020254573465042633,0.0037954658045418533,0.0018819991435897433,0.0,0.0,0.0,0.0031216416324363755,0.006116319278194497,0.0008900829609016489,0.000366280616312171,0.001063594480267403
0.7347387,0.67752063,0.711275,0.9411765,0.9748012,0.71241915,0.88,0.7189977,0.7203279,0.97959185,1.0,1.0,0.7203279,0.7203279,0.8037035,0.58801526,0.562767,-0.0004260631822444527,0.0019327889566288286,-3.154144549026572e-05,0.0044280329131221405,0.005808159547836788,0.001880211522879861,0.0006546700974157313,0.00660920113819533,-0.0040032093407850996,0.0,0.0,0.0,-0.00015654154224731896,0.0050291263664050175,-0.0023561031597009057,-0.0005366651787469558,0.0009411820189775323
0.36235577,0.65729946,0.6816901,0.9411765,0.6079335,0.5635914,0.88,0.3133725,0.28884965,0.97959185,1.0,1.0,0.28884965,0.28884965,0.42370346,0.3335708,0.457767,-0.05723627514516054,0.0006844337146313385,0.0017988375623820474,-0.003428266089758045,-0.0019035330169545328,0.01068369734542303,0.0021598329029224755,-0.011050135450428733,0.0059715592154791376,0.0,0.0,0.0,-0.00518653536127944,-0.010043531156336398,0.0012890532142853905,0.0003576214155750502,-0.00268284637705984
0.8448625,0.7646722,0.68319595,0.9411765,0.9411765,0.98459446,0.73099464,0.73649764,0.73464596,0.97959185,1.0,1.0,0.73464596,0.73464596,0.62084633,0.61023736,0.7565171,0.01748117865115729,0.0026447018845148816,0.0020589848868083614,0.0033620299698086014,0.00802100298235583,-0.00455495884219381,4.022878782871004e-06,0.00813756991699733,-0.00843795713481428,0.0,0.0,0.0,0.0002448865486222818,0.0020961529978829312,0.0009621937441981445,-0.0014424058120685132,0.0027152400048861174
0.7490637,0.84251547,0.69347614,0.9411765,0.7444838,0.7562161,0.88,0.56649756,0.5568828,0.97959185,1.0,1.0,0.5568828,0.5568828,0.33513206,0.58912635,0.6615171,0.002582155809424814,0.0028371825973563837,-0.0007617647892319662,0.00112154090104666,0.0005021608392425821,0.0023346875125489046,0.0018900967406561525,0.0023768635295579794,0.0040132431323561145,0.0,0.0,0.0,0.0036258903891275705,0.006673477426017947,-0.003081761305224455,-0.0002889335325443693,0.0034894473083608903
0.885083,0.7456876,0.55057454,0.9411765,0.4955537,0.7522566,0.88,0.31087255,0.2862315,0.97959185,1.0,1.0,0.2862315,0.2862315,0.49656057,0.25245953,0.50151706,0.022214433001511286,0.0019096174318757164,0.012594032833271379,-0.006601261677447476,-0.003810224211360347,0.002580470718368933,0.0019183230786360811,-0.011988731646741331,0.006080260842213981,0.0,0.0,0.0,-0.004737670633252924,-0.005958952240419728,0.0005823295407321769,-0.0016735603741235233,-0.0005272681846093272
0.8952068,0.5504885,0.5650107,0.8331568,0.6392767,0.88,0.88,0.48149753,0.45872506,0.97959185,1.0,1.0,0.45872506,0.45872506,0.24084623,0.51912624,0.8165172,0.018014156297669715,0.00010092580421059168,0.013246609506341862,0.0024125114532784903,-0.004820470944296421,-0.000895578388065647,0.002382717101464041,-0.0016827047536496509,0.007759374169673404,0.0,0.0,0.0,0.0031300914940109365,0.0063293837074381585,-0.006152360026190001,0.0005962678770904579,0.006363244561528424
0.19382957,0.5305114,0.7303826,0.81213874,0.9411765,0.88,0.49595353,0.27962255,0.25279763,0.97959185,1.0,1.0,0.25279763,0.25279763,0.42370346,0.3902374,0.39026713,-0.08347978439279626,-0.0017425402136672095,-0.007632795509461446,0.002189762667217686,0.0009698411987331142,-0.003116626363594599,-0.0026584799199011354,-0.010777742885720698,-0.0022878732327579294,0.0,0.0,0.0,-0.008436300117401735,-0.017039639710948188,0.0020748620365226536,-0.002341934898458524,-0.006325994909057779
0.88542736,0.83164656,0.6277785,0.9411765,0.6329645,0.74491245,0.88,0.4789976,0.4606704,0.97959185,1.0,1.0,0.4606704,0.4606704,0.4865606,0.44579294,0.7215171,0.019736284299748493,0.003087565112597076,0.005826634823798,-0.0010250238352116246,-0.004856990631967013,0.0018180304779332824,0.002426772176215807,-0.0010272576502051156,0.007794897962068269,0.0,0.0,0.0,0.002814104351201003,0.006219400344340632,0.000287169676035642,0.0018128680272209508,0.0034533065852316806
0.7934853,0.79087156,0.9596623,0.968766,0.9924483,0.88,0.88,0.67649746,0.6656821,0.97959185,1.0,1.0,0.6656821,0.6656821,0.7108463,0.6502374,0.5352671,0.008485699387718013,0.0042064734649446935,-0.02442983467052444,0.002361369956909667,0.008322108514140303,-0.0007254520874986644,0.0010036390484577397,0.0071358568376255005,0.00023769248645262608,0.0,0.0,0.0,0.0027111331064138457,0.009519856244510443,-1.5879185185240367e-05,-0.0013571607016780235,0.0011806222452260102
0.8214466,0.7503163,0.6958196,0.9376084,0.9431936,0.88,0.88,0.5358726,0.5222985,0.97959185,1.0,1.0,0.5222985,0.5222985,0.4165606,0.48912632,0.6615171,0.01448956917050164,0.003967811948550252,0.00047387932545004286,0.0010769056241979394,0.0053173430763728555,-0.0013956086466391125,0.0023295664924615285,0.0016575282879636455,0.0073537444643992575,0.0,0.0,0.0,0.00473937650476983,0.008747686249127794,-0.00018251995880045048,0.0018303658755841113,0.005897058384598735
0.47564778,0.62278557,0.636723,0.9411765,0.8645021,0.65550095,0.88,0.1527474,0.12094313,0.97959185,1.0,1.0,0.12094313,0.12094313,0.515132,0.286904,0.222767,-0.0424992120304735,-0.0018715782810164595,0.001860262750573699,-0.005598362199960561,-0.0025006490425604354,0.007300334269453842,0.0004953592912447764,-0.01527193983142272,-0.00313708416017752,0.0,0.0,0.0,-0.015339125124397328,-0.03215110010992205,0.0008018825837521663,-0.0004957198139091001,-0.02127959549918069
0.7808819,0.7805235,0.73767203,0.9376084,0.8349373,0.88,0.88,0.51149774,0.4955758,0.97959185,1.0,1.0,0.4955758,0.4955758,0.3879892,0.5702374,0.57526696,0.010004021637648675,0.003630667405131213,-0.004082925247871358,-0.0010032896079218525,0.0038529053953925045,-0.0023621075181473844,0.0014088553958027947,0.0007370924403010463,0.00688390938334696,0.0,0.0,0.0,0.003751693684374938,0.007566961208169444,-0.0009563625716247023,0.0005281510877183022,0.002495931979577726
0.693141,0.3961038,0.98740804,0.96780485,0.8664516,0.88,0.88,0.3752476,0.35072374,0.97959185,1.0,1.0,0.35072374,0.35072374,0.6322749,0.5013485,0.27276695,-0.006839598364953443,-0.012010923719936674,-0.03977499760356924,-0.003555306069272512,0.0001263018545794211,-0.002678467967568218,-0.00010604655599343454,-0.006965532770463538,0.0025735283184808604,0.0,0.0,0.0,-0.0027257707580983074,-0.007754887842436006,0.000997580961862508,0.000638887292359541,-0.017180963643590282
0.90918756,0.96153843,0.36250055,0.34828484,0.34828484,0.88,0.88,0.7639977,0.7508141,0.97959185,1.0,1.0,0.7508141,0.7508141,0.8308463,0.5680152,0.6677671,0.020517158397283363,-0.0013092172021870515,0.021927393371709743,-0.0035135061080377446,-0.010259683467441685,-0.0009203215865898163,0.0015325396803758556,0.006849352559578027,-0.01608511788114279,0.0,0.0,0.0,4.7670353186894386e-05,-0.0009787953920471248,-0.000642828361754496,-0.0002459336294362614,0.003358485767757966
0.4892841,0.6539967,0.6136939,0.9411765,0.9748012,0.62410676,0.88,0.39274752,0.37602484,0.97959185,1.0,1.0,0.37602484,0.37602484,0.34513202,0.59357077,0.41276705,-0.03512749018730888,-0.0016934684750598082,0.009500612993079034,-0.0028428338123521277,-0.0010209560079386746,0.0050429156213961535,-0.0005742406494696286,-0.0032214798088549923,0.002985264304482976,0.0,0.0,0.0,-0.000351098543115333,-0.0047783066814865,0.0013353532549376247,0.00028281714987028273,-0.007669276838135734
0.78962845,0.83747613,0.3384459,0.9411765,0.32517353,0.7509752,0.88,0.50337255,0.48931754,0.97959185,1.0,1.0,0.48931754,0.48931754,0.63370353,0.48023733,0.48901713,0.008977325279918203,0.001659524205215101,0.029692207715185513,-0.003725849648929814,-0.012831745420835277,0.0016055556628338922,0.002279671719729816,-0.0003532568977969774,0.004653230750308557,0.0,0.0,0.0,0.0022396737904393006,0.004957106783618385,0.000730614873718914,0.001528630857495883,0.00015549045472433925
0.507466,0.5305114,0.8819255,0.9924483,0.83112794,0.88,0.88,0.25587237,0.22565272,0.97959185,1.0,1.0,0.22565272,0.22565272,0.46656063,0.4191263,0.32276702,-0.03406178731974885,-0.005270149139191352,-0.028531056586453683,-0.008649836698717607,-0.0007477341719032559,-0.0023943159215680716,0.00039065132102697437,-0.013159744699381352,-0.0010042223969546236,0.0,0.0,0.0,-0.009573330495102943,-0.020451126602872467,0.0004605939247067374,0.0002777909922763452,-0.013720198094330099
0.87633646,0.83164656,0.8404948,0.8075342,0.86715275,0.88,0.88,0.6996225,0.69181156,0.97959185,1.0,1.0,0.69181156,0.69181156,0.6479892,0.5569041,0.7852671,0.02097139535331565,0.002452344399188662,-0.011016036399141662,0.005023458697142934,0.004032397434920031,-0.0011356136846301065,0.0017841002952571816,0.007134758589265104,-0.003967992967515123,0.0,0.0,0.0,0.0023076079940389633,0.005084099400925874,0.0006510184186663557,0.00020864259063749845,0.0052146346029485445
0.87984896,0.89078647,0.93548715,0.9411765,0.9924483,0.98459446,0.88,0.7546228,0.7473548,0.97959185,1.0,1.0,0.7473548,0.7473548,0.85084635,0.66912633,0.452767,0.02045565658881663,0.004370076976740506,-0.017898589742126454,0.00481461045234807,0.008248091370514103,-0.002552006065094533,0.0008732616023002502,0.008205174927501483,-0.0077493877181236785,0.0,0.0,0.0,0.00015525044148958402,0.006238476488418771,-0.0018146888722818933,-0.002209015652759093,-0.001863072699160212
0.8616671,0.83164656,0.98912174,0.968766,0.9411765,0.88,0.74491245,0.5683726,0.54981905,0.97959185,1.0,1.0,0.54981905,0.54981905,0.67084634,0.5135708,0.47651708,0.021783093047985872,0.001983141183433581,-0.033354054551767334,-0.0006709427841193695,0.006737857569659751,-0.0018857353218571199,-0.0009249392622498084,0.0017451446016851558,0.004523880884556625,0.0,0.0,0.0,0.003333749892188891,0.006528711557473702,-0.0002488798027979798,0.0008873554467374754,-0.000693251002715085
0.90815455,0.46933898,0.79537314,0.76418203,0.79979026,0.88,0.88,0.6289977,0.6211315,0.97959185,1.0,1.0,0.6211315,0.6211315,0.765132,0.7102374,0.369017,0.02118353650813127,-0.0024344638418148873,-0.00735100024199512,0.0051030979044109324,0.0013562905511684594,-0.0008524030544524659,-2.2323878372067785e-05,0.003028005344226185,0.002624913103888801,0.0,0.0,0.0,0.0017848775425963362,0.007518238307546688,-7.083071278921972e-05,-0.003616227809261261,-0.005778381059657969
0.8396284,0.8034914,0.7607097,0.9411765,0.75485903,0.71563107,0.88,0.35337245,0.33600265,0.97959185,1.0,1.0,0.33600265,0.33600265,0.46513203,0.48468176,0.33401704,0.014168401446728974,0.005065748656081259,-0.008035799475369795,-0.0022267388928842555,0.0011186110611624894,0.004089393813874385,0.0008465848415205532,-0.005811642176234395,0.004901294161672946,0.0,0.0,0.0,-0.0029530485413418756,-0.005215883474201904,0.0004340261049839689,0.0011143022969397139,-0.010668147441536857
0.90918756,0.96153843,0.12696324,0.121984296,0.121984296,0.88,0.88,0.34587264,0.32510734,0.97959185,1.0,1.0,0.32510734,0.32510734,0.59941775,0.63245964,0.08276701,0.017384190042608008,0.0030264708245948883,0.04151595441824804,0.0016983774843266303,0.006697509294909722,-0.0006962884291812648,0.0012542592027600893,-0.0036941975959648493,0.01718378297485893,0.0,0.0,0.0,0.0018786155275948714,0.00573450945676744,1.1532584359794686e-05,-0.0007960075013121877,-0.018681984890589656
0.8214467,0.7157168,0.79775405,0.9924483,0.77541083,0.88,0.88,0.52337265,0.5096683,0.97959185,1.0,1.0,0.5096683,0.5096683,0.5137034,0.37579292,0.6615171,0.01516717231351975,0.0024425833181274978,-0.010671750933241651,-0.0036832394996823537,0.001429480706235941,-0.00213222147597148,0.002339180263693251,0.0005183664391544873,0.005993295530016371,0.0,0.0,0.0,0.004147155284686771,0.007923691333606602,-3.389261662257774e-05,0.001781425701359801,0.004237399914966358
0.4658682,0.5108588,0.9145393,0.878675,0.9411765,0.88,0.49527124,0.6146225,0.6070376,0.97959185,1.0,1.0,0.6070376,0.6070376,0.46656063,0.6069041,0.7152671,-0.04016317843359419,0.0001317940953254413,-0.0322613251286427,0.0012872960466758403,0.008232438472780356,-0.0027153947860560105,-0.007617635680721095,0.0077718920006568494,0.001067537681105947,0.0,0.0,0.0,0.004537211339169083,0.009270757309014109,0.0004039522322311981,0.0014738207361051645,0.00438872119957165
0.6669012,0.80040306,0.696217,0.9411765,0.7218041,0.78728664,0.88,0.7027476,0.69815135,0.97959185,1.0,1.0,0.69815135,0.69815135,0.43227497,0.7035708,0.6390171,-0.008477949635144935,0.0021437088795649237,-0.0022676492231071487,0.0032131509814250724,-0.0004022118343099169,0.0011675699847388372,0.0004894323232706626,0.007019846932773955,-0.005983363269950055,0.0,0.0,0.0,0.0007489923233732367,0.002211779993339251,-0.0021702078108247315,-0.0051463869326695,0.0021892043281176907
0.7896285,0.9002042,0.7505715,0.9411765,0.7451192,0.81621236,0.88,0.21087265,0.18557094,0.97959185,1.0,1.0,0.18557094,0.18557094,0.19227491,0.35801518,0.499017,0.00950355289199088,0.00770447364009077,-0.011269006693327675,-0.008414713912581494,-0.0006858262020196405,0.00046593771065326766,0.0006441092151979641,-0.016041142564718912,-0.0027535724357678542,0.0,0.0,0.0,-0.011916886904519952,-0.022109278314508273,-0.0029840853539460383,-0.0003149824207242754,-0.0015132286870129358
0.899408,0.9002042,0.87219405,0.8379904,0.89572877,0.88,0.88,0.5121225,0.4938473,0.97959185,1.0,1.0,0.4938473,0.4938473,0.7979892,0.32023737,0.452767,0.024434945356929423,0.0020339307855407884,-0.020762038182566472,0.0045262894275828166,0.0038304933176851815,-0.0018722687469633216,0.001884897045733975,-0.00031227646569383636,0.005510610768858274,0.0,0.0,0.0,0.0027448111655985967,0.00596483631810981,-0.00478200517038647,-0.0018782185071799207,-0.0018605922503777373
0.7714467,0.6537348,0.6384722,0.9117176,0.71547943,0.88,0.88,0.27837265,0.25507015,0.97959185,1.0,1.0,0.25507015,0.25507015,0.16227491,0.4257929,0.53401697,0.004806454512701892,0.00038909182018126984,0.0025123600777927223,-0.0047167065559963065,-0.00018482517221090323,-0.0025962803663017353,0.000631502024322763,-0.011087226474017286,0.0022443590402835565,0.0,0.0,0.0,-0.0059058656830712495,-0.009921021730383492,-0.004044072235677532,0.0015833628487839043,0.00018935251179381932
0.8763364,0.83870864,0.62821746,0.9411765,0.859029,0.752257,0.88,0.48087263,0.4660784,0.97959185,1.0,1.0,0.4660784,0.4660784,0.47227484,0.43023735,0.5702671,0.01928191666193819,0.00481196933504333,0.004547912365749411,0.0013804836224564486,0.0024025544297163574,0.0016996940017265977,0.000747209629602195,0.00042504689894006724,0.007630092760717494,0.0,0.0,0.0,0.0037033170998372524,0.006922873163699967,0.000590303285732371,0.0024673825837962264,0.0034325896397724674
0.8843944,0.9006214,0.9322891,0.9748012,0.96780485,0.88,0.88,0.3958726,0.37015745,0.97959185,1.0,1.0,0.37015745,0.37015745,0.4894177,0.49468178,0.45401704,0.023277364269752833,0.007616010369217584,-0.028954505026372666,-0.004029974094241242,0.0041557039161819855,-0.00214022801145852,0.0008116752918765113,-0.005427857771439525,0.005737567696767794,0.0,0.0,0.0,-0.0022932119134536706,-0.0023356004636748383,0.0008048531851073305,0.0013543144661444298,-0.0038540503308996626
0.6847387,0.59226435,0.87916005,0.92321026,0.9748012,0.88,0.88,0.21024728,0.17680426,0.97959185,1.0,1.0,0.17680426,0.17680426,0.5865606,0.40134844,0.032767057,-0.00884433885356083,-0.004727879672295033,-0.02672882549747354,-0.004836514526224306,-0.0018552855591543566,-0.0019454954615210542,-0.0005092984647677523,-0.011355526823565948,-0.004746596836534577,0.0,0.0,0.0,-0.011619537468115787,-0.027476138524126992,0.0006297294173531282,-0.0005370170195622128,-0.034776245721762244
0.8305375,0.7997301,0.764462,0.9411765,0.9250866,0.71171933,0.88,0.6446228,0.6382573,0.97959185,1.0,1.0,0.6382573,0.6382573,0.5708464,0.7180152,0.56526697,0.013826836160141605,0.004404828998397874,-0.0065622372137431086,0.002987497237974271,0.00636166599964085,0.001830993735437752,0.00042002920712606536,0.003705350340600512,-0.0007742893767068274,0.0,0.0,0.0,0.0025218621633263973,0.006843442645839324,0.0002573236121432212,-0.004813934916781068,0.0018209800342845158
0.8127001,0.83893937,0.7606143,0.73078626,0.9429901,0.88,0.88,0.46149766,0.43925908,0.97959185,1.0,1.0,0.43925908,0.43925908,0.5279892,0.5313485,0.3677671,0.011946618823833266,0.00570405533417145,-0.006096917546439724,0.004990495528239913,0.0002613560879487005,-0.0014745028424002066,0.00028545576071626477,-0.0018225991520338636,0.006890708854258227,0.0,0.0,0.0,0.0012872643044351906,0.0035753489453958327,0.0009231653087534333,0.001060326470638496,-0.008348212364187228
0.707466,0.6262913,0.71379775,0.88992506,0.9411765,0.88,0.55535847,0.41462255,0.39682204,0.97959185,1.0,1.0,0.39682204,0.39682204,0.5594177,0.3402374,0.555267,-0.001636491435889964,0.0021592108682025224,-0.005492178845739128,0.0010341137073020818,0.005495801243005615,-0.0025613406304533103,-0.00608663654681837,-0.005144825356890883,0.007061850485473844,0.0,0.0,0.0,0.0005771369812858218,0.00222419310212028,0.00016065681477180763,9.068689579312714e-05,0.0017484812195762154
0.74314106,0.83747613,0.8631374,0.9411765,0.96780485,0.8986786,0.88,0.6308727,0.6128472,0.97959185,1.0,1.0,0.6128472,0.6128472,0.7065606,0.45579296,0.6852671,0.001957956339615421,0.001869303054991668,-0.01841616383806882,0.002151419556469927,0.007545513404403646,-0.0025602921191105175,0.002835652293758426,0.007540479414425,0.00015911407283447738,0.0,0.0,0.0,0.003833606475630154,0.007473751259453485,-0.0014617482063917877,0.0011904250608542786,0.003385160705067814
0.90918756,0.96153843,0.3520995,0.33829167,0.33829167,0.88,0.88,0.7877476,0.7845127,0.97959185,1.0,1.0,0.7845127,0.7845127,0.6237035,0.78357077,0.63276714,0.015718563023845663,-0.0013118192887919705,0.019115569580659277,-0.004412602143130241,-0.012839195751766359,-0.0006717333020080288,0.0005548512229032836,0.006420324303543838,-0.020583854833455192,0.0,0.0,0.0,-0.002167576512157349,-0.005273077540685808,0.0008560293635655815,-0.006116342584136925,0.0019698346628884335
0.7337058,0.9794986,0.84461975,0.9411765,0.9411765,0.7324297,0.8199039,0.51337254,0.49493596,0.97959185,1.0,1.0,0.49493596,0.49493596,0.815132,0.25912613,0.577767,0.0010046166753427755,0.0019844569373941275,-0.017955632592879734,0.0015977063097383853,0.0067557541693706565,0.003607673586665699,0.0011063129524359206,-0.0014471878531626158,0.0060579810316310915,0.0,0.0,0.0,0.002593489235148821,0.005514701211089634,-0.005333280240986892,-0.0027482427497332153,0.0026735719950046
0.8396285,0.7381579,0.82374257,0.79143894,0.9748012,0.88,0.88,0.6764977,0.66976225,0.97959185,1.0,1.0,0.66976225,0.66976225,0.825132,0.3813485,0.6865171,0.014260215193808053,0.0024994805425914853,-0.010130888703122566,0.005114217759734818,0.006847421414613666,-0.0007331786604698821,0.0011287372353271394,0.006759127049644037,-0.001983419735710962,0.0,0.0,0.0,0.0015628688513977462,0.006051130438653646,-0.0036226010215335723,0.0024690680432348133,0.005245081797762012
0.38962844,0.6537348,0.66704804,0.8785573,0.9429901,0.88,0.88,0.45587254,0.4401022,0.97959185,1.0,1.0,0.4401022,0.4401022,0.28798908,0.76579297,0.3465171,-0.04763436388718679,0.0003808251972216227,0.0025891625878491937,0.0012410188403908992,0.00044471113304468115,-0.0014452059451060962,-0.0005106529363408446,-0.002056259099520556,0.00553815814822614,0.0,0.0,0.0,0.0014099010477077187,0.0007717537493503934,-0.00025171342625204726,-0.0024333714069351368,-0.011551648970613292
0.90918756,0.96153843,0.047989048,0.046107125,0.046107125,0.88,0.88,0.26212263,0.2330311,0.97959185,1.0,1.0,0.2330311,0.2330311,0.52656066,0.41912618,0.23026717,0.0162397194641756,0.0004530672358223983,0.056091644198254985,0.004901824130138575,0.011297026275861752,-0.00046737731793967507,0.002331799818624532,-0.00975488483864232,0.01908293468863632,0.0,0.0,0.0,-0.002039621564352472,-0.000400169856961689,0.000721331500734631,0.0023505509279765965,-0.010709257137369145
0.90918756,0.96153843,0.1556622,0.14955778,0.14955778,0.88,0.88,0.43087256,0.41512814,0.97959185,1.0,1.0,0.41512814,0.41512814,0.10513197,0.5880152,0.64151716,0.016913001252369598,0.000167584954922569,0.03974531729928484,0.006125740826399139,-0.010732579788820907,-0.00020978162389698386,0.0012155086282052356,-0.002486348874445975,0.010406003503493088,0.0,0.0,0.0,0.0026654242070988533,0.006757473292909124,-0.010218982961879402,-0.001660525149594012,0.0033607010632489974
0.67564785,0.83870864,0.8650587,0.9431936,0.9924483,0.88,0.88,0.33087277,0.29467732,0.97959185,1.0,1.0,0.29467732,0.29467732,0.48084635,0.25245965,0.5977671,-0.00489070716417723,0.007140680014868728,-0.01982888953530495,-0.002569015374207477,0.002624489453143708,-0.0022653215404122846,0.001383954823891884,-0.00897298288192154,0.003382952012440934,0.0,0.0,0.0,-0.005037817729560738,-0.010117395809886263,0.0011129899721167306,-0.0015675872373360645,0.003747648284497215
0.5801933,0.70699316,0.8510535,0.8176788,0.968766,0.88,0.88,0.47149754,0.44950047,0.97959185,1.0,1.0,0.44950047,0.44950047,0.27227482,0.61801517,0.6077671,-0.021173743676929174,0.0037142682415380033,-0.016164513999071876,0.005332514385299702,0.005607344490899524,-0.002303230553710286,0.0015792613468331503,-0.002523955905127305,0.007718245984917691,0.0,0.0,0.0,0.002244399797558096,0.004310684876796375,-0.00035732981503710614,0.0004650462543281353,0.004086664579790425
0.83019316,0.4962653,0.7117543,0.9117176,0.75591093,0.88,0.88,0.39962256,0.38100573,0.97959185,1.0,1.0,0.38100573,0.38100573,0.48798922,0.32357067,0.562767,0.012173913007324502,-0.003916866776855007,-0.0023277380891515674,-0.002385761098878965,0.00023834060056944855,-0.0019982758209804792,0.0012620474473713289,-0.005208463529396079,0.004159921354115096,0.0,0.0,0.0,-0.0009561713029637164,-0.002448205825761766,0.0003898947254725122,0.000992931048254161,0.001180183240444601
0.7487194,0.8076622,0.7224033,0.9376084,0.9117176,0.88,0.88,0.56087255,0.5517003,0.97959185,1.0,1.0,0.5517003,0.5517003,0.5508463,0.65912634,0.33901703,0.005850409485098891,0.00623238672439502,-0.0001290463423699434,-6.669817398911788e-05,0.003219846773755142,-0.0006430481052863647,-0.00010887090983785423,0.000672496149304624,0.005666298992287678,0.0,0.0,0.0,0.004302559526301082,0.008771106958716706,0.0007366302844828362,-0.0020429226815913996,-0.007314075836042454
0.7941739,0.81629914,0.81049484,0.8311347,0.7056695,0.88,0.88,0.48774767,0.4757292,0.97959185,1.0,1.0,0.4757292,0.4757292,0.5451321,0.5569041,0.390267,0.01093816178824796,0.0039254999961313335,-0.012591624045243183,0.004112405049553985,-0.0002784097588802591,-0.0014893489067007387,0.0019936695035354924,-0.0013200793124346572,0.008069264810796083,0.0,0.0,0.0,0.003462260889811357,0.007489597165768861,0.0002653122394697725,0.0010951091840498252,-0.0035046200123778426
0.62530345,0.46184215,0.7834877,0.7527627,0.9411765,0.88,0.6243454,0.43587267,0.41614756,0.97959185,1.0,1.0,0.41614756,0.41614756,0.6937035,0.4191263,0.39026713,-0.011376792915441318,-0.0029306550045376766,-0.00829631920923822,0.008678815533655924,0.002062968965606493,-0.0037654267289750796,-0.0018615032326712293,-0.003930476018717738,0.0071072849213430055,0.0,0.0,0.0,0.0013585295536910076,0.0015058116549443057,-0.0005686307261713153,0.0004126329984058288,-0.006060042556959819
0.32530347,0.61973137,0.8403784,0.8880256,0.9411765,0.88,0.46004322,0.51462257,0.5015048,0.97959185,1.0,1.0,0.5015048,0.5015048,0.60084635,0.5013485,0.44526708,-0.06033239519611236,0.0016985386467808935,-0.01791139099528986,0.0014781107169827311,0.004851684062166744,-0.002677822807063331,-0.007957794672102792,-0.0003255914002601248,0.005525651891835363,0.0,0.0,0.0,0.003477787643971211,0.006332282165648861,-0.0003375809817490765,0.0008648331473659071,-0.0005576719158487313
0.90918756,0.96153843,0.084619716,0.081301294,0.081301294,0.88,0.88,0.4321226,0.41615143,0.97959185,1.0,1.0,0.41615143,0.41615143,0.46370348,0.61690414,0.36151707,0.014951434054907585,0.0006459753151109831,0.04199539582341875,0.0001436285056521572,-0.0015732514682135067,-0.0004927469818781047,0.0013539113612804927,-0.0022499170153623318,0.013046909445264902,0.0,0.0,0.0,0.003295877427955255,0.006591510087881829,0.00011819130253821499,-0.0017468705761627221,-0.003896222647879849
0.73019326,0.7646722,0.84281176,0.80976033,0.9411765,0.88,0.5842856,0.58524776,0.5750721,0.97959185,1.0,1.0,0.5750721,0.5750721,0.6465606,0.56579304,0.457767,0.0009207496635379652,0.002523530835108692,-0.014227946777096831,0.006016554137985325,0.006473243978147623,-0.001954722502537182,-0.0050179862484519755,0.003570757291708695,0.004135258027420767,0.0,0.0,0.0,0.004244285714936917,0.0081448477288333,-0.000528908326965783,0.0012989838508359324,-0.0007147527089511551
0.90918756,0.96153843,0.26833364,0.25781077,0.25781077,0.88,0.88,0.6577476,0.64129734,0.97959185,1.0,1.0,0.64129734,0.64129734,0.5594177,0.4191263,0.95276713,0.0171274469702958,-0.0016283268566888612,0.031812666706668366,0.0003599357034782734,-0.012750559822299844,-0.0006724662208828489,0.0021564306239852658,0.0062884239929051925,-0.007376183100150765,0.0,0.0,0.0,0.0010774902296296065,3.0355601468542923e-05,0.0005152700773314387,0.0036365460496258694,0.0037797843797855884
0.7746148,0.48055547,0.98912174,0.9411765,0.9748012,0.8836999,0.88,0.6514977,0.6433022,0.97959185,1.0,1.0,0.6433022,0.6433022,0.86084634,0.5013485,0.6252671,0.006275492221846819,-0.001397768364240681,-0.028912648307009584,0.00325905442678875,0.006710091485133934,-0.0005094188902998307,0.0008859017400796296,0.005310589286168243,0.0010559631329606026,0.0,0.0,0.0,0.0026640988813126836,0.008532227739414764,-0.0010434152464339475,0.0018122019161881308,0.0035144574178867056
0.5990637,0.4684954,0.7885793,0.9411765,0.6718197,0.94859445,0.88,0.61399794,0.6039044,0.97959185,1.0,1.0,0.6039044,0.6039044,0.8037034,0.4502374,0.48776698,-0.018904988566973743,-0.0011436943571561733,-0.012050474232980508,0.0009588588486952168,-0.0028269718054086466,-0.0034273762517952893,0.0015030117409248307,0.0038660833280282757,0.0029378356390621467,0.0,0.0,0.0,0.0033775602827520244,0.008699430896267847,0.00013071796430672925,0.0019249688657212883,0.00012832313356328718
0.6990637,0.77695835,0.6283352,0.6036946,0.9748012,0.88,0.88,0.25212288,0.22728166,0.97959185,1.0,1.0,0.22728166,0.22728166,0.3037033,0.37690407,0.28401697,-0.0061050048513803514,0.0038061661292602728,0.005909876490139796,0.007766973715667009,-0.004690428215090035,-0.0022383477473958886,-0.00026752261561683357,-0.007703641118384639,0.002409134086441998,0.0,0.0,0.0,-0.011640234750674968,-0.018289954229760094,0.0012441149645091142,0.0004893101871841979,-0.01853294653465251
0.5246148,0.37550402,0.9242716,0.941397,0.88992506,0.88,0.88,0.43462265,0.41565746,0.97959185,1.0,1.0,0.41565746,0.41565746,0.5365606,0.40912628,0.5865171,-0.03239207647166595,-0.0077529767462347025,-0.033116453064466124,-0.002358552874533298,0.002677802180969201,-0.002330242157420592,0.0004854000473006173,-0.004640189829792397,0.005611256238455303,0.0,0.0,0.0,0.0009616638125294698,0.0005622929324230416,0.0005106734771719416,0.0009484478724198481,0.003472172179419132
0.82599205,0.77722055,0.61542124,0.9411765,0.6710423,0.752257,0.88,0.40649772,0.3842618,0.97959185,1.0,1.0,0.3842618,0.3842618,0.2179891,0.48912632,0.556517,0.013249841271134963,0.004127061158725248,0.006532031109283892,-0.004520151692004993,-0.0009215154276956756,0.001989796026466072,0.0009221427102329731,-0.00480564538218706,0.008271606203760195,0.0,0.0,0.0,0.001163325760444782,0.0028940226567907333,-0.0065891036197799745,0.0014876879505897104,0.00175215166205733
0.670758,0.5497709,0.7465126,0.9411765,0.9748012,0.45176175,0.88,0.5208727,0.5104225,0.97959185,1.0,1.0,0.5104225,0.5104225,0.46370348,0.3946818,0.661517,-0.0043226914457297405,-0.0017545175432447308,-0.0033795098737635035,0.0007840416910444858,0.003735009412964737,0.00508885694352407,-0.0002856817668555244,-0.000397177137119813,0.0061440134258341295,0.0,0.0,0.0,0.003383522761938189,0.007179489522692819,0.0010237757760164265,0.002504453510951874,0.006700615194610129
0.4529205,0.62278557,0.7697457,0.7395596,0.9411765,0.88,0.52769697,0.4896226,0.47545195,0.97959185,1.0,1.0,0.47545195,0.47545195,0.5637035,0.456904,0.462767,-0.04192934170263427,0.0009887169385302383,-0.009299370011131545,0.006587774574265972,0.004923792851315514,-0.002312386088763569,-0.007059122110079416,-0.002296575021463299,0.006346238285699544,0.0,0.0,0.0,0.002620637639621568,0.004606978795433488,0.0005081160086016667,0.00017465804642576228,-0.0003964119398788851
0.78019327,0.77695835,0.76495475,0.9411765,0.9411765,0.6880367,0.77157223,0.29899764,0.27418962,0.97959185,1.0,1.0,0.27418962,0.27418962,0.46513203,0.25912634,0.47901702,0.007550460565827826,0.004744132615892544,-0.006364512331894924,-0.003594698142011035,0.001765837407528603,0.006187454607140322,0.00020190703188090146,-0.009383663177550574,-0.0006394846666965204,0.0,0.0,0.0,-0.007887385707744648,-0.01589707989238488,0.0009402562456104094,-0.0020633858686204287,-0.003783412911662351
0.8840501,0.46443117,0.9472821,0.9101338,0.9411765,0.88,0.6912401,0.65899754,0.64535797,0.97959185,1.0,1.0,0.64535797,0.64535797,0.6508463,0.34690413,0.91401714,0.019266137549936967,0.0001840742885253277,-0.028905722358893948,0.0002863510258097003,0.010709101694217422,-0.001961160240777708,-0.0034447885043216576,0.007180758522650158,-0.0010387531008687792,0.0,0.0,0.0,0.002504348653206597,0.00486445492181844,0.0008643167972129004,0.0025370854391350973,0.005877076243555821
0.8301933,0.67144215,0.8780735,0.9924483,0.8590292,0.88,0.88,0.7077477,0.7032295,0.97959185,1.0,1.0,0.7032295,0.7032295,0.5508463,0.8591263,0.50151706,0.012503167279167518,0.0019280021383563592,-0.0173667685226079,0.0013163505961891683,0.005631237280183907,-0.0008615558219088283,0.00020517239070354042,0.006736283050817902,-0.0034572243431301264,0.0,0.0,0.0,0.0010430571255143992,0.005261146912656302,0.0008626528938353584,-0.009215168961584584,0.0007635329548875184
0.49837506,0.65663254,0.7692499,0.8038519,0.8562564,0.88,0.88,0.37337255,0.35032576,0.97959185,1.0,1.0,0.35032576,0.35032576,0.2494177,0.36468178,0.67276704,-0.033780192403326734,0.001554060280565759,-0.012350817593464418,0.00511513605662942,0.0015719396431854618,-0.0025914105034662883,0.0018000236146676004,-0.007392396242601656,0.007631220947617139,0.0,0.0,0.0,-0.0013612703198904483,-0.0017694259016260217,0.0018072463748530507,0.00025548639046209053,0.0075011815678513285
0.58893985,0.49573895,0.894508,0.968766,0.9924483,0.88,0.88,0.3183725,0.28538883,0.97959185,1.0,1.0,0.28538883,0.28538883,0.5794177,0.21579286,0.577767,-0.021980723073595963,-0.006414724751700834,-0.03034137101098595,-0.007040235570555716,-0.0015163973625071747,-0.0026461270985535463,0.0003259112901905281,-0.008630347873507128,-0.002350617400269511,0.0,0.0,0.0,-0.0077484534880719646,-0.016478089298370288,0.0007779113317537825,-0.001626389037382582,0.0022330699216517053
0.5438296,0.67800945,0.7938645,0.9411765,0.73504394,0.6599161,0.88,0.39837253,0.37995648,0.97959185,1.0,1.0,0.37995648,0.37995648,0.53656054,0.35245958,0.4665171,-0.029886081858081552,0.001379225800783002,-0.01691820795552086,-7.915518488721407e-08,-0.0007133088445947462,0.005917373166619132,0.0017181637690019435,-0.0066787398448206895,0.007320406357663718,0.0,0.0,0.0,-0.0011267305033815494,-0.0023271009837110136,0.0005737860791145777,0.0003233378664075156,-0.003083282656477738
0.83053756,0.80118823,0.7503201,0.9411765,0.701287,0.71323574,0.88,0.5427476,0.52878165,0.97959185,1.0,1.0,0.52878165,0.52878165,0.6237035,0.42134845,0.5502671,0.013606111708622495,0.0029384317218292388,-0.007754234633663553,0.00039525276176840353,-0.0002992587692559156,0.002687892027067004,0.0012122678299732116,0.0012333795394176234,0.004964639533341442,0.0,0.0,0.0,0.003614840864584916,0.007954698009419461,0.0005247333954536937,0.0013316049674486747,0.002233771598562761
0.6892842,0.6539963,0.7313666,0.9748012,0.9924483,0.88,0.88,0.6202476,0.6001277,0.97959185,1.0,1.0,0.6001277,0.6001277,0.40798923,0.66579294,0.6827671,-0.00626503474401117,0.0006040874322947759,-0.004570291128171961,-0.0012566808441905298,0.008876234017505596,-0.0005409279116217606,0.001156429898826742,0.003013670037161997,0.004651405063820021,0.0,0.0,0.0,0.0036365896813253962,0.008075774676918217,-0.0007143495747800488,-0.0028194868691739563,0.005681281326006868
0.58473873,0.8423906,0.8631374,0.9411765,0.83308494,0.8199039,0.88,0.5114976,0.50299114,0.97959185,1.0,1.0,0.50299114,0.50299114,0.46656057,0.5502374,0.50151706,-0.02139562934782937,0.0033133638840403988,-0.022734334811125127,-0.001195772062720192,0.005300655627873654,0.0005173678599564856,0.0016383596171396797,0.00010970234787995775,0.0069509971118548106,0.0,0.0,0.0,0.0040102566673121875,0.00852561427577951,-9.739618567546899e-05,0.001324517574727217,0.0001862695703337531
0.90918756,0.96153843,0.25118628,0.24133584,0.24133584,0.88,0.88,0.6371225,0.62085396,0.97959185,1.0,1.0,0.62085396,0.62085396,0.5837035,0.6046819,0.5965171,0.0171734549641554,-0.0003651740532212447,0.030432865082924695,-0.0009342141220008085,-0.00816839148122009,-0.0007174416147485706,0.0012785544584351253,0.004913967789169468,-0.007569162813906507,0.0,0.0,0.0,0.001421419617028726,0.0005066815608003074,0.0004350149907229966,-0.0021375497130033086,0.0018054887374616125
0.90918756,0.96153843,0.30272156,0.29085013,0.29085013,0.88,0.88,0.7252476,0.72455186,0.97959185,1.0,1.0,0.72455186,0.72455186,0.5794177,0.70023745,0.70151716,0.016493555603611845,-0.0017375015656575226,0.0250615653363192,-0.00643025533140281,-0.014352226314102576,-0.0005549411372960901,0.0005463384385028805,0.005771215422778649,-0.018836307078559423,0.0,0.0,0.0,-0.0015243886281117894,-0.006643240397790671,0.0007885996324998282,-0.004715532216685831,0.0026638207713204805
0.657466,0.6264316,0.7692499,0.9748012,0.8356912,0.88,0.88,0.5102477,0.49918023,0.97959185,1.0,1.0,0.49918023,0.49918023,0.22513199,0.6513486,0.577767,-0.008589536458704597,0.00043239861288068047,-0.008471401340062046,-0.004921626195136972,0.004699011279697646,-0.0026504688462514266,0.0006865438954881264,-0.0004152585364726799,0.0078566401659791,0.0,0.0,0.0,0.004016949368723671,0.008697178107557687,-0.005529732294821621,-0.0005094464435212355,0.003085464290855951
0.58473873,0.84251547,0.80192065,0.9411765,0.8543353,0.85529643,0.88,0.29837275,0.27325395,0.97959185,1.0,1.0,0.27325395,0.27325395,0.11513179,0.47690403,0.597767,-0.022310809353701916,0.0068722681327816615,-0.0174861991015602,-0.005814446097755062,0.004296577375041613,-0.0008943375775284982,0.0005717390726422836,-0.010540740302373954,0.002939093639888575,0.0,0.0,0.0,-0.0065111713798926265,-0.010801411788074668,-0.0022909763923151423,0.0010937850762661146,0.0027984067351712284
0.3525762,0.7430581,0.7957659,0.9411765,0.9429901,0.75608623,0.88,0.46212256,0.44632092,0.97959185,1.0,1.0,0.44632092,0.44632092,0.4865606,0.58468187,0.45901704,-0.06006391462079253,0.002607507498067514,-0.012258963878992555,-0.0014031102041219235,0.0032637698803862593,0.0029845516382213453,0.001634670233670119,-0.0034855348205642205,0.005562778204481684,0.0,0.0,0.0,0.0016845419461658567,0.0014895171085602937,0.0008373401050719058,0.001567376481212925,-0.002697594654013555
0.73962843,0.80548215,0.82640815,0.79399997,0.882051,0.88,0.88,0.6771226,0.6609352,0.97959185,1.0,1.0,0.6609352,0.6609352,0.5165606,0.67579293,0.7215171,-0.00021492632355344822,0.002474784793015652,-0.01235739243282264,0.004119406203491788,0.005259215476220376,-0.001062213786581677,0.0014359383621573268,0.005707048663486818,-0.003942337669909519,0.0,0.0,0.0,0.0008461237797118598,0.003407899597947561,0.00017058229883327045,-0.003126025614993517,0.003186132992416034
0.8392841,0.67369497,0.8264959,0.909908,0.9429901,0.88,0.88,0.59587276,0.59007806,0.97959185,1.0,1.0,0.59007806,0.59007806,0.50227493,0.71468186,0.59526706,0.015411133935933385,0.002942336256638019,-0.013564256546485647,0.0021565892531845766,0.006331993717195152,-0.0012147924150202527,0.0007057283004344287,0.002935307450641659,0.0037513800727347435,0.0,0.0,0.0,0.003281769746527712,0.007138634403142144,0.00036519481273518867,-0.005258599988608753,0.003442375415220728
0.825992,0.51870763,0.87212604,0.9315557,0.8065858,0.88,0.88,0.9371226,0.9411236,0.97959185,1.0,1.0,0.9411236,0.9411236,0.7737035,0.73801523,0.8077671,0.009960315082043193,0.0027814511971885254,-0.015301866272427108,0.004563383179420118,0.002946188454082522,-0.0007427647339445251,0.0003167936437082597,0.01924391618899045,-0.028573652574541416,0.0,0.0,0.0,-0.009116286890901241,-0.008177304782803376,0.0023634783564749715,-0.007496497884262722,0.0018795498295966502
0.85781026,0.7897744,0.6124843,0.58846533,0.9411765,0.88,0.7013654,0.5671226,0.56074315,0.97959185,1.0,1.0,0.56074315,0.56074315,0.28798908,0.6013486,0.75401706,0.014074534023188277,0.001833381690591309,0.0035234937740503663,0.0035664084772823886,0.008179340626404156,-0.0009492305450594057,-0.00022237595716906235,0.002456007947809624,0.0015730844925133927,0.0,0.0,0.0,0.0036113624479145855,0.005186034161280175,-0.0010966781427472943,-0.001582304885392038,0.005816088612630761
0.8259921,0.708426,0.65495646,0.9411765,0.9163207,0.616763,0.88,0.58149767,0.56855,0.97959185,1.0,1.0,0.56855,0.56855,0.5579892,0.47690403,0.65151715,0.012452382815618161,0.002221126929433836,0.0036279009480697775,0.0019127846767119003,0.005242525654140613,0.002270463186564958,0.0005865396488142558,0.0013488311401552316,0.004291859236327028,0.0,0.0,0.0,0.0030832143000582707,0.007576563377647279,0.0003051443325549716,0.001346443309105902,0.004696778290393278
0.7756478,0.7079501,0.7361635,0.9924483,0.9748012,0.88,0.88,0.2764976,0.24718128,0.97959185,1.0,1.0,0.24718128,0.24718128,0.53656065,0.20468181,0.43276703,0.006332821713555448,0.002581245238317453,-0.007433943152851414,-0.005467116056656869,-0.00010456225217574611,-0.0027057523239189026,0.000598920075640295,-0.009790057606020704,0.0011069272733203117,0.0,0.0,0.0,-0.007735033629911854,-0.013946133402134917,0.0008688111051637291,-0.0010697875801474657,-0.006353258632446199
0.8025762,0.70304954,0.82640815,0.9748012,0.9411765,0.88,0.59156626,0.4208728,0.39976275,0.97959185,1.0,1.0,0.39976275,0.39976275,0.5665606,0.37023735,0.52776706,0.011509408613216431,0.0030070809356151445,-0.016768144474279253,-0.0034040748828844075,0.007656946528974236,-0.0025074781297498012,-0.005096050012021336,-0.006190825051970662,0.006842756823128508,0.0,0.0,0.0,-0.0001580619814288969,0.001129718087955329,0.0005645252125616057,-3.8388632857386164e-05,0.00045413046085728876
0.8399728,0.84251547,0.64442277,0.9411765,0.6070776,0.8199039,0.88,0.43899763,0.42406243,0.97959185,1.0,1.0,0.42406243,0.42406243,0.5437035,0.4224596,0.462767,0.016962836404547255,0.003464545515167366,0.006238725068284094,-0.0004610437113296648,-0.004917523984307287,0.0003479856303522388,0.002001407827517639,-0.003820231301643764,0.008511286782137221,0.0,0.0,0.0,0.0018755535350435276,0.005075315432191171,0.00045619240104042576,0.0013899729899435518,-0.001253346906438281
0.79417396,0.7495128,0.8031406,0.7716449,0.9411765,0.88,0.7196065,0.74274755,0.74703884,0.97959185,1.0,1.0,0.74703884,0.74703884,0.6908463,0.5391263,0.80776715,0.009929229690684025,0.00198180339805754,-0.007255304413296479,0.005626438893165989,0.008423121026493311,-0.0010452267087231624,-0.000856604833112338,0.008352663758235256,-0.007322709161947152,0.0,0.0,0.0,0.0005105235444618721,0.003468500217065523,0.00025765065802484577,0.001102495631795453,0.00416672920315159
0.557466,0.67284566,0.7998551,0.7684882,0.9411765,0.88,0.49593464,0.3127476,0.28790596,0.97959185,1.0,1.0,0.28790596,0.28790596,0.40798908,0.5291263,0.25026715,-0.023581800305260053,0.0016909154120423636,-0.01158088147737204,0.006661436944775854,0.0018511045417246082,-0.0031215414024561195,-0.0005033804371649134,-0.008189602138744746,0.0021085312646288595,0.0,0.0,0.0,-0.0056286800967727405,-0.010094380403066061,0.0004905381113740222,0.001539822217660803,-0.014504023869201445
0.83577156,0.6992923,0.7510224,0.9411765,0.9411765,0.94859445,0.65968776,0.61274767,0.6026994,0.97959185,1.0,1.0,0.6026994,0.6026994,0.34513202,0.59357077,0.77151716,0.014617520635905788,0.0024009427231951605,-0.004063863910085294,0.00043881870126777687,0.009753583319840393,-0.004394281257954519,-0.002233770258362458,0.00445560942246088,0.0038470810395724027,0.0,0.0,0.0,0.004136365226911014,0.007501133891811369,-0.0029730304688336882,0.000260263963508974,0.003985029710807003
0.83962846,0.74573857,0.61610997,0.9411765,0.6542291,0.7833149,0.88,0.43962264,0.42257637,0.97959185,1.0,1.0,0.42257637,0.42257637,0.5794178,0.27912617,0.614017,0.013131474488011045,0.0021815149552609344,0.004898599591927134,-0.0008161156688674526,-0.0019652592874102827,0.0013760579247718342,0.002496519552521675,-0.00429810694167579,0.00781492927667887,0.0,0.0,0.0,0.001505518336846394,0.004948444121974989,0.0006200744043201123,0.000870464152718191,0.002998007299840284
0.38473868,0.59224397,0.75102174,0.9924483,0.7276114,0.88,0.88,0.34587264,0.32136202,0.97959185,1.0,1.0,0.32136202,0.32136202,0.35941765,0.37023735,0.540267,-0.05048687135605663,0.000443922307232499,-0.012597878349577114,-0.007277793770071791,0.0003073546546359447,-0.002107284782327694,0.0018041478379418724,-0.0102691579792894,0.006999865013390849,0.0,0.0,0.0,-0.003946980990180606,-0.006693868814556486,0.0011925703916067908,0.001078759724786963,0.0015443854334167772
0.8759921,0.7958877,0.7864832,0.9411765,0.5876696,0.7077232,0.88,0.60712266,0.6033521,0.97959185,1.0,1.0,0.6033521,0.6033521,0.7108463,0.6491263,0.352767,0.01986032321653221,0.003248090017788899,-0.007442578815393931,0.0028002433463638256,-0.005890843356910574,0.0020166900997627447,0.0008207059024619797,0.003842339601176052,0.0018927696241201114,0.0,0.0,0.0,0.0031245021885551788,0.0073647720187012935,0.00020270581692897333,-0.0007260518011072886,-0.003955189192610439
0.77075803,0.71449697,0.86163366,0.9411765,0.9411765,0.7804816,0.8199039,0.5052477,0.49675304,0.97959185,1.0,1.0,0.49675304,0.49675304,0.46370348,0.6613486,0.509017,0.006791032136014954,0.0038798154955751478,-0.017100484291208216,0.0006131020259553645,0.005656409267359623,0.0007779164054943359,0.000720249222007618,0.0001188414531311504,0.006805866219439342,0.0,0.0,0.0,0.003976344706845865,0.007563378481839095,0.00027740511684564854,-0.0020232058809416384,0.0004549213793892589
0.420758,0.5800023,0.79794395,0.9411765,0.9486862,0.49595493,0.88,0.44337273,0.42042652,0.97959185,1.0,1.0,0.42042652,0.42042652,0.35941765,0.3402374,0.7240171,-0.04300218691453754,-0.0001578170412723098,-0.012330443295611022,0.0004705818878020291,0.0026062705577739437,0.01019200945063502,0.0007516909328127108,-0.003227706688285085,0.007586394683527776,0.0,0.0,0.0,0.002336455550013386,0.0014987580784941903,0.001513107052392158,0.0019588172056890997,0.007901482201170046
0.6165569,0.86100686,0.8610634,0.88043445,0.9924483,0.88,0.88,0.34774768,0.32650197,0.97959185,1.0,1.0,0.32650197,0.32650197,0.5808463,0.4257929,0.4402671,-0.016667774885789795,0.005756026301033382,-0.025310771967644717,3.0416234195773107e-05,0.002420936373568332,-0.002855460952684785,0.0013728807757875483,-0.007308435633154944,0.0033120142061802815,0.0,0.0,0.0,-0.004040495910100278,-0.008046626757489456,0.0005677617912190809,0.00010004599398127215,-0.0038987825453197828
0.85223186,0.8101965,0.80783844,0.9411765,0.75236803,0.84717673,0.88,0.79337263,0.79627967,0.97959185,1.0,1.0,0.79627967,0.79627967,0.6422749,0.8335707,0.5390171,0.013882257431792824,0.0026473411273420246,-0.011149277463421507,0.004258619977553191,0.0007609775571865249,-0.00012184788691079506,0.0001795756749332953,0.009302904837110512,-0.014996187224293443,0.0,0.0,0.0,-0.0013718911548412308,0.001197133017062758,0.0016554960184035738,-0.00965904501849775,0.0012820302551191686
0.871791,0.868572,0.7750491,0.8880256,0.6762647,0.88,0.88,0.36212254,0.34233394,0.97959185,1.0,1.0,0.34233394,0.34233394,0.5137034,0.6091263,0.124017,0.02041941124848988,0.006470991327479939,-0.009695744149648506,0.00013019694112452517,-0.0011971770960049505,-0.0021819535786239018,0.0005301746765492582,-0.005307912416056351,0.005555322403246708,0.0,0.0,0.0,-0.00236763917538417,-0.003101231213672587,0.0005662929891197592,0.0018862298291204111,-0.022916130497257537
0.46097845,0.40295702,0.9302627,0.9411765,0.9748012,0.6240875,0.88,0.36899757,0.3505333,0.97959185,1.0,1.0,0.3505333,0.3505333,0.33513206,0.58579296,0.33901703,-0.037010752224385296,-0.014432853048919798,-0.027034886013055263,-0.0019247922427167263,-0.0005929415271043762,0.005193821536669156,-0.001029231995996133,-0.004686773288575044,0.0029260786261917126,0.0,0.0,0.0,-0.0005231210457655286,-0.005611788487793371,-0.0010159965200212085,0.00011172722933730457,-0.01271233609603871
0.5522319,0.0176261,0.89371234,0.8586648,0.8446385,0.88,0.88,0.41462266,0.3976849,0.97959185,1.0,1.0,0.3976849,0.3976849,0.6237035,0.45245966,0.311517,-0.025380365589362946,-0.03222107504482957,-0.028644809499656275,0.0011891307444000304,-0.004129718199641099,-0.0012675027356402924,-0.0015635132976298714,-0.003259071177066864,0.0026713745351840627,0.0,0.0,0.0,-0.0001758245594175576,-0.003774830388220814,0.0012818535549885051,0.0016096741015460237,-0.01587309574918471
0.7711023,0.7531462,0.7376744,0.9411765,0.6974157,0.648802,0.88,0.51212263,0.50007755,0.97959185,1.0,1.0,0.50007755,0.50007755,0.29656044,0.6546819,0.51276696,0.0054106145117593174,0.0031821008620824126,-0.005419036741531074,-0.0008872283812414271,-0.0008324331763790529,0.004031623481776544,0.0011991354409922389,-0.0013466706310381645,0.008900206042658308,0.0,0.0,0.0,0.0036584643541263673,0.0075278317079221025,-0.0031848075362911764,-0.0013874485066065869,7.959016711494982e-05
0.7480308,0.74016386,0.84846,0.81518704,0.9411765,0.88,0.3873859,0.52587247,0.5158125,0.97959185,1.0,1.0,0.5158125,0.5158125,0.51513207,0.75245965,0.352767,0.002182876514447163,0.0027079018467199376,-0.017099487103380412,0.003751795816519776,0.006037352748498299,-0.002062693542561491,-0.011169324366302245,0.0015987807465085576,0.005698955221382473,0.0,0.0,0.0,0.003317400046973863,0.007060834658657531,0.000731343810005903,0.0001336030032366274,-0.0025355311347393284
0.90918756,0.96153843,0.2582889,0.2481599,0.2481599,0.88,0.88,0.68024755,0.67156273,0.97959185,1.0,1.0,0.67156273,0.67156273,0.5865606,0.5569041,0.7390171,0.016921740357456038,-0.001842111652586414,0.03116202677419906,-0.004050964128704965,-0.009756233384477436,-0.0009090529372438204,0.0012623059278804192,0.004922894813573606,-0.011526972872133539,0.0,0.0,0.0,-0.00014564533660360894,-0.0027352433526161672,0.0005560491329982109,-0.00025503230886113294,0.0032960810433959858
0.38473868,0.5924933,0.8078234,0.776144,0.9924483,0.88,0.88,0.35087276,0.32596117,0.97959185,1.0,1.0,0.32596117,0.32596117,0.6237035,0.32357067,0.4402671,-0.05670693428777589,-0.000701725824015677,-0.016244100691113462,0.00621683627022376,-0.0008163138868255729,-0.002328163890468431,0.0006642815764814963,-0.008160140649930904,0.003950661135438729,0.0,0.0,0.0,-0.0034236461662098833,-0.009612675000566662,-0.00024557302297499974,-0.0006419531789907704,-0.004599473374830467
0.74031705,0.53423387,0.6094329,0.9411765,0.9411765,0.78802615,0.43560323,0.40399778,0.38473698,0.97959185,1.0,1.0,0.38473698,0.38473698,0.48941776,0.44023737,0.505267,0.000691057826500494,-0.00029363021938784087,0.00777471237958728,-0.0018493562384697437,0.004876774713695027,0.0017309420463547881,-0.006857182619564049,-0.005403304372232694,0.006653627127030334,0.0,0.0,0.0,-0.0004857043892362802,0.0008103632079447035,0.0012065512403174703,0.0009852009335343662,0.0006993107880448181
0.90360916,0.8423906,0.72161317,0.6933146,0.9748012,0.88,0.88,0.67899764,0.6744126,0.97959185,1.0,1.0,0.6744126,0.6744126,0.7279892,0.5135708,0.57776713,0.02167842431382374,0.0026504820675185676,-0.0028359148777585812,0.0036423679654818213,0.005915886991531421,-0.0004689752361220891,0.000769363362966119,0.005207649032734682,-0.004735697673958766,0.0,0.0,0.0,0.0024040608214949146,0.005433597819550944,-0.0021190203333680572,0.0007669690079416824,0.0016719244854038397
0.7620114,0.83164656,0.8634483,0.9748012,0.9064392,0.88,0.88,0.4046228,0.38753057,0.97959185,1.0,1.0,0.38753057,0.38753057,0.3194177,0.39801514,0.6802671,0.005635473753999645,0.005567022540758453,-0.020143198564735735,-0.004297944454963982,0.005265932567737528,-0.002393895800811249,0.0021975046025370227,-0.006131687617444743,0.00817648106506715,0.0,0.0,0.0,0.00016200432436101024,0.002854729369389765,0.00022899857734719127,0.0015076663120792888,0.0067824017582449395
0.8078103,0.77020884,0.76828015,0.9376084,0.80208546,0.88,0.88,0.73337257,0.72589505,0.97959185,1.0,1.0,0.72589505,0.72589505,0.5708464,0.58468187,0.78151715,0.009747374303428685,0.002446125707338289,-0.006034809128390193,0.0034465313130251896,0.0037827723732227403,-0.0013027167375387633,0.001445659254627466,0.00841942102737522,-0.007169156101465004,0.0,0.0,0.0,-0.0003778617887315198,0.0020780920692590474,0.000532537534289922,-0.00038678405212951754,0.003968117144752099
0.6078103,0.68790275,0.7444632,0.71526855,0.9117176,0.88,0.88,0.23274755,0.20622243,0.97959185,1.0,1.0,0.20622243,0.20622243,0.5108463,0.24912623,0.17901695,-0.01823944701887621,0.0012879934871146308,-0.01066058359229133,0.006798983715730428,-0.0027751023024292876,-0.0019129996108185124,0.0002959195925853738,-0.010971668868308405,-0.0014714046792677668,0.0,0.0,0.0,-0.012923567084903562,-0.023939262708459048,0.0010121366548909664,-0.0029923956660251275,-0.025671829859478752
0.74417394,0.745674,0.8746371,0.9026648,0.8254166,0.88,0.88,0.5689976,0.553965,0.97959185,1.0,1.0,0.553965,0.553965,0.6537035,0.4635707,0.5977671,0.00030116608656076237,0.0028243753422524946,-0.023137767359986204,0.001894355576576876,0.0039658616769437695,-0.001777011746999114,0.00147551122006124,0.002575778786616661,0.0040061257998218495,0.0,0.0,0.0,0.003855958689291097,0.007591249532051211,0.0002977086400929998,0.0014334672700700769,0.002428957971332668
0.7805376,0.77985036,0.8771505,0.84275246,0.88992506,0.88,0.88,0.38899744,0.3627058,0.97959185,1.0,1.0,0.3627058,0.3627058,0.5637035,0.49468178,0.410267,0.008944943662637213,0.00476031516779091,-0.02250222084963808,0.0031036552313071586,0.002207563648661868,-0.002397061755444714,0.0007026782056818447,-0.004964263614379634,0.005873233400650781,0.0,0.0,0.0,-0.0019429252100183413,-0.00386389752143229,0.0007039763110034893,0.0007498319307232614,-0.007559802502781782
0.90918756,0.96153843,0.2417391,0.23225914,0.23225914,0.88,0.88,0.53962255,0.5238585,0.97959185,1.0,1.0,0.5238585,0.5238585,0.4165606,0.28134844,0.93151706,0.019503704619268557,-0.0012638902696424537,0.03576337861892563,0.004991728373328438,-0.011136205067366416,-0.0008005805211575499,0.0018692390479451537,0.0020135311424045064,0.004184426507638223,0.0,0.0,0.0,0.003247806172551483,0.0053346817528042165,-0.0018228126754167055,0.007203933231131821,0.003630462736685625
0.79871935,0.7157168,0.6671879,0.9924483,0.703421,0.88,0.88,0.45274758,0.4342151,0.97959185,1.0,1.0,0.4342151,0.4342151,0.44227484,0.4191263,0.7377671,0.01264803923745879,0.002062030620137404,0.004530276042027704,-0.007804370922885183,-0.0007655331044671327,-0.0021766508373326447,0.003540752434306641,-0.0021875608050017908,0.006088107926251074,0.0,0.0,0.0,0.0022048445507093293,0.005196199795806806,0.00027261949857730367,0.0013615650617524427,0.005409491747848104
0.7029205,0.77695835,0.8305709,0.9101338,0.9411765,0.88,0.81621236,0.4277475,0.41093,0.97959185,1.0,1.0,0.41093,0.41093,0.4094177,0.4946819,0.47401702,-0.004947522513545306,0.005331250143520685,-0.01965325146652429,-0.00035907064050378826,0.005590258518551382,-0.0025724591234015447,0.000444204467196436,-0.004368912098363928,0.006092341380421358,0.0,0.0,0.0,-0.00018256847652765005,0.00015084306880463506,0.0003758270335706939,0.0010393127049861432,-0.001911463550765932
0.6980307,0.7456876,0.9302627,0.941397,0.9748012,0.88,0.88,0.29462242,0.27064094,0.97959185,1.0,1.0,0.27064094,0.27064094,0.45798922,0.42801517,0.389017,-0.0069091602377027335,0.0033984703020980087,-0.03362188907494294,-0.004274728784182236,0.0008176554374644782,-0.0018041158459719793,9.221013373912728e-05,-0.009311300187665622,0.001910332670395182,0.0,0.0,0.0,-0.007391968373638004,-0.01365138716247534,0.0006618644375574189,0.0004055957435507786,-0.008045313943548299
0.5983751,0.857281,0.68133926,0.9411765,0.9411765,0.77157223,0.77157223,0.53024757,0.5188118,0.97959185,1.0,1.0,0.5188118,0.5188118,0.40084633,0.5846819,0.536517,-0.016269419119846973,0.003191603184911567,0.0029560934738720773,0.0009238108600124081,0.0058542449865642675,0.002602819593581761,-0.0006637837441746134,0.0009289716130097922,0.006255005513097774,0.0,0.0,0.0,0.0037909271974724667,0.007328115706142883,0.00018297366568323936,0.0005681991719408374,0.0004264954000330897
0.55712163,0.58411306,0.81005377,0.9429901,0.9411765,0.88,0.40319058,0.39524758,0.37529197,0.97959185,1.0,1.0,0.37529197,0.37529197,0.6079892,0.45579296,0.384017,-0.02626638180999284,-4.8350670335737205e-05,-0.021058192030069253,-0.003842349100726652,0.0060685157381313555,-0.0025588816018579236,-0.009113215300205348,-0.006535322487886657,0.005069801348136778,0.0,0.0,0.0,-0.001699996249535877,-0.0024688268666562467,2.2203730107208853e-05,0.0001418443866437841,-0.0037643279317237655
0.5074659,0.5612994,0.8001167,0.7687396,0.968766,0.88,0.88,0.15837264,0.116419666,0.97959185,1.0,1.0,0.116419666,0.116419666,0.17941761,0.31023735,0.45901704,-0.027782238252281547,-0.003334410925370023,-0.013532669724772753,0.0049752468238740705,-0.0022124075294747076,-0.0035468900212815967,0.0007120588117052491,-0.01587559940855114,-0.006457497318251159,0.0,0.0,0.0,-0.01662149048178759,-0.031658727198310234,0.00016311640027419694,-0.0006159002135399191,-0.005367855267780006
0.47950462,0.5916512,0.8119286,0.9411765,0.9748012,0.49531722,0.88,0.17462277,0.14239487,0.97959185,1.0,1.0,0.14239487,0.14239487,0.33798912,0.36468178,0.270267,-0.03738130407668576,-0.0038174539687836767,-0.016538143379057374,-0.005270637987103214,-0.002684316115074256,0.014339062711915413,-0.00013069897673813525,-0.01361798804612086,-0.0053647763122015,0.0,0.0,0.0,-0.013016111727599571,-0.031255403167438425,0.00055026395978171,0.00037606483554965286,-0.020002152123292746
0.90918756,0.96153843,0.19754231,0.18979555,0.18979555,0.88,0.88,0.5464978,0.52903897,0.97959185,1.0,1.0,0.52903897,0.52903897,0.66370344,0.37690407,0.577767,0.016219392552921527,0.00031030920924326273,0.03491036719552202,-0.002813114468908122,-0.002218316945045837,-0.0005998727375454579,0.00214699523603412,0.0014121348064543766,0.004228524758982125,0.0,0.0,0.0,0.002659185632558199,0.004674252638467139,-6.79120923270894e-05,0.004423205366245735,0.0011613432543583417
0.86201143,0.7763425,0.49695912,0.9411765,0.47747052,0.6873962,0.88,0.6739975,0.6685117,0.97959185,1.0,1.0,0.6685117,0.6685117,0.5294178,0.5880152,0.73901707,0.014479127514411156,0.0016612420238170983,0.014097005490015841,0.0020538171165643245,-0.013703622097524418,0.002131888887519894,0.0011794731214487255,0.0072563885779023665,-0.006231780815694092,0.0,0.0,0.0,-0.00022188725173066757,0.00038079722786070263,0.0008854570171003437,-0.0009247373455602099,0.00260161251363286
0.8392841,0.67274636,0.7219951,0.9748012,0.9376084,0.88,0.88,0.3496226,0.32793275,0.97959185,1.0,1.0,0.32793275,0.32793275,0.11513192,0.5524596,0.6252671,0.015000263485273639,0.001507880449587175,-0.003139714939384772,-0.009037467412243089,0.003954889396363232,-0.0016958571210102334,0.0004915407677116052,-0.008347755724384141,0.0025147917831572757,0.0,0.0,0.0,-0.002909762433152379,-0.004971003744783801,-0.006491857515712978,0.0010931782447360305,0.004170669134731935
0.8854273,0.83870864,0.74177206,0.82254523,0.9411765,0.88,0.752257,0.5127475,0.49713388,0.97959185,1.0,1.0,0.49713388,0.49713388,0.7279892,0.3457929,0.6177671,0.022509547394946747,0.0009486813898708378,-0.003460106282784169,0.005755005322382473,0.003334236260247306,-0.002642829611557689,-0.0012162381744714793,-0.0002521416342039196,0.00623662259985877,0.0,0.0,0.0,0.002876743708013019,0.005690409771100141,-0.0035104895974251084,0.0005037800721296874,0.002937049682042975
0.8120114,0.8933421,0.9163705,0.9117176,0.88043445,0.88,0.88,0.27899778,0.2517591,0.97959185,1.0,1.0,0.2517591,0.2517591,0.5808463,0.3402374,0.390267,0.013139039423651667,0.008527841066337648,-0.03162762497161043,-0.001276810792840741,-7.251629523193591e-05,-0.0030984659428508372,0.00042089914774734964,-0.008717751155491046,-0.00047954155341819375,0.0,0.0,0.0,-0.008421223675072332,-0.016004823062900696,0.0009771567988291364,-0.001217382394064756,-0.00870477178637344
0.83053756,0.73433506,0.64094704,0.968766,0.9411765,0.88,0.6243454,0.5002477,0.48024318,0.97959185,1.0,1.0,0.48024318,0.48024318,0.5665606,0.4824596,0.47526705,0.013133851121888971,0.0025887543317791133,0.0027266972838096725,-0.0005003499768441368,0.004469812734242202,-0.0019860277902586172,-0.0034574605672310567,-0.0006835512616804151,0.005939196590083179,0.0,0.0,0.0,0.002563765287429059,0.0051889349430906395,0.000694679455605658,0.0012372035628977914,-0.0007724272269231396
0.88962847,0.8576338,0.734282,0.7054866,0.9376084,0.88,0.88,0.52899766,0.5151474,0.97959185,1.0,1.0,0.5151474,0.5151474,0.34513202,0.41912618,0.8002671,0.02078733821093806,0.0015335604111504685,-0.003611005859850061,0.004466778608812111,0.006688886468770505,-0.001960699513628747,0.0018250263742726658,0.0007148767724143853,0.006552777263654089,0.0,0.0,0.0,0.003704861714653608,0.006861651762928518,0.00010055713869921381,0.002836646514083949,0.005814946356046738
0.71201146,0.59886557,0.718256,0.9411765,0.7469888,0.67913556,0.88,0.12399769,0.08658709,0.97959185,1.0,1.0,0.08658709,0.08658709,0.46656057,0.11023733,0.39776707,-0.0009899572135564228,-0.0032332059362876454,-0.0036263715801663054,-0.008183483187140959,-7.830650598054204e-05,0.006373968905297509,0.0007652267806586202,-0.019242360560397676,-0.008524269586984805,0.0,0.0,0.0,-0.01622327746482128,-0.0347369879257971,0.0003594942756988677,-0.0030434053794195803,-0.00769702290296018
0.6759921,0.71546835,0.7075233,0.67977726,0.9411765,0.88,0.5598652,0.4571228,0.44231644,0.97959185,1.0,1.0,0.44231644,0.44231644,0.5265606,0.40134853,0.390267,-0.009562254487547073,0.0029055186818832644,-0.005442051768829083,0.009281683355024672,0.004726071194005553,-0.0025207504143157046,-0.005653928872345727,-0.0021344326045520503,0.00707105256826817,0.0,0.0,0.0,0.0021882121969760107,0.0054748082320815695,0.0004952983844478741,7.20768063176655e-05,-0.004144796892907326
0.6385955,0.6537348,0.9566822,0.9411765,0.9411765,0.5598842,0.81621236,0.33712268,0.31990737,0.97959185,1.0,1.0,0.31990737,0.31990737,0.4165606,0.44357067,0.32901704,-0.012313399709304031,-0.0011460726367502937,-0.03674364499847942,-0.003404357541268075,0.002095189333560115,0.010574270106754165,8.920079255031979e-05,-0.006364842266398045,0.003034221334930055,0.0,0.0,0.0,-0.0029716306631350216,-0.009406827921794907,0.00042147946683377595,0.0007396969682434397,-0.013092879058235815
0.8396284,0.6122059,0.8631045,0.9411765,0.9411765,0.94859445,0.67068595,0.75837255,0.7587124,0.97959185,1.0,1.0,0.7587124,0.7587124,0.5279892,0.68690413,0.78776705,0.014085205252394812,0.000976500933458668,-0.015652359184788998,0.0030417625147790028,0.009372674338792901,-0.0030835690810399803,-0.0009992762929696526,0.010225406118035983,-0.007551939635615192,0.0,0.0,0.0,0.0001519105544226186,0.0018577039019185865,0.0006579861066442413,-0.0021118940247445614,0.004267928930463547
0.607466,0.6228039,0.84847784,0.9411765,0.8255462,0.8199039,0.88,0.33212268,0.30966097,0.97959185,1.0,1.0,0.30966097,0.30966097,0.46513203,0.32023737,0.536517,-0.019465711046217818,0.0001470691501361114,-0.02351750644348058,-0.0020946647671343434,0.0011409576573706282,-0.0003708924338885082,0.0006764526879371117,-0.008172279654104499,0.003510914133370891,0.0,0.0,0.0,-0.00421643358222961,-0.00815738507533494,0.000706853793251295,-2.678941128416993e-05,0.0003989294776287308
0.8714466,0.6973419,0.78107446,0.7504441,0.8532198,0.88,0.88,0.40962243,0.3895353,0.97959185,1.0,1.0,0.3895353,0.3895353,0.4922749,0.36468178,0.5752671,0.021158193940956783,0.0032302846177307775,-0.010650076325850102,0.006862686276610881,0.002176726924094261,-0.0018508246379607225,0.0011185048699366787,-0.004879747698791976,0.005813682608962786,0.0,0.0,0.0,-0.0011580638915141153,-0.0006833568244441785,0.0008309794246054217,0.00025753753593446506,0.0022462449792327315
0.5256478,0.6264316,0.7651779,0.9431936,0.941397,0.88,0.88,0.17837238,0.14395255,0.97959185,1.0,1.0,0.14395255,0.14395255,0.38513198,0.22023742,0.34651697,-0.030273614694529064,-0.0009789241290930409,-0.015231381459205513,-0.0063359678522401375,-0.0030566452955338784,-0.0024924455725268374,0.00026045646453623934,-0.014502445764024194,-0.00469642735015595,0.0,0.0,0.0,-0.015047001845921351,-0.028208191416728735,0.0006179236458483963,-0.0009676061544253521,-0.012242057536604092
0.90918756,0.96153843,0.30041018,0.28862938,0.28862938,0.88,0.88,0.73149776,0.72697055,0.97959185,1.0,1.0,0.72697055,0.72697055,0.74084634,0.5502374,0.68026704,0.015067526857610987,-0.001117701240255983,0.023909112774535623,-0.005670928048231334,-0.010942118072128835,-0.0007268601986838104,0.0009138631835663743,0.005055033045511454,-0.017241718114186105,0.0,0.0,0.0,-0.001699478828669175,-0.004307422142098536,2.312012881895838e-05,-0.0003893284759272822,0.0027169727715640685
0.7343944,0.7830625,0.83574915,0.9748012,0.9411765,0.88,0.69438505,0.8008727,0.8002989,0.97959185,1.0,1.0,0.8002989,0.8002989,0.72084635,0.5313485,0.8290171,0.0015333084632336502,0.0015784675563364568,-0.011211734719464546,0.0024135918379948975,0.008384941626363957,-0.0010238614900715,-0.0013195663613688347,0.013024450573158076,-0.011848546521331322,0.0,0.0,0.0,-0.0011093478586038233,0.0006832296717974714,0.0009559593479345139,0.0009346014040704742,0.0023194104835932913
0.5441739,0.36051577,0.7816531,0.9411765,0.9117176,0.8199039,0.88,0.47337258,0.4625718,0.97959185,1.0,1.0,0.4625718,0.4625718,0.44370344,0.54468185,0.43276703,-0.027303697003512418,-0.01494007459398764,-0.011534519359149906,-0.001230197164812276,1.3078437129518464e-05,-2.1779857227642585e-07,-0.0012248869603787205,-0.0023637249180623724,0.005554523024210253,0.0,0.0,0.0,0.002546225708615558,0.003218698977830255,-0.0003757805417254369,0.0007062499169011832,-0.006643565434916424
0.54768646,0.6778754,0.83845615,0.9748012,0.9411765,0.88,0.50533503,0.8302475,0.84000975,0.97959185,1.0,1.0,0.84000975,0.84000975,0.6479892,0.78357077,0.6527671,-0.022572725137628744,0.0022741415972806077,-0.014471136371841881,0.002029929648467455,0.0083686703001115,-0.0011146141927071177,-0.0035754187907362277,0.01660728045779585,-0.012976070187472847,0.0,0.0,0.0,-0.00252160768175124,0.0006088346598434998,0.0006386343088668757,-0.004132690651952731,0.0018776280617170543
0.64382964,0.610995,0.81411225,0.9411765,0.74908745,0.5154348,0.88,0.4539976,0.4402671,0.97959185,1.0,1.0,0.4402671,0.4402671,0.40084633,0.56357074,0.46026707,-0.010775026927396179,-0.0009644151559816064,-0.015828309480123603,-0.000239348106726286,0.0006539986484333356,0.006124572503180733,0.0002046160218286578,-0.0023591029945935634,0.007768889222711709,0.0,0.0,0.0,0.003019962673016829,0.004943451188359003,0.00020710772007250105,0.0004797640034561041,-0.0019453548865527056
0.90918756,0.96153843,0.30065036,0.28886014,0.28886014,0.88,0.88,0.7708726,0.7628315,0.97959185,1.0,1.0,0.7628315,0.7628315,0.6308463,0.5013485,0.98151714,0.017389661913848522,-0.001266498439559844,0.028208194468029336,-0.004919003822946239,-0.011055038950035097,-0.0007442443414061893,0.0009885217188868795,0.007978837927942774,-0.021217128484590383,0.0,0.0,0.0,-0.001779805166197649,-0.0070698319843694925,0.0009275978164829091,0.0013697208864372268,0.005220830171472773
0.82564783,0.6189603,0.81616944,0.7841628,0.9411765,0.88,0.5237187,0.36837256,0.35192758,0.97959185,1.0,1.0,0.35192758,0.35192758,0.5865606,0.25245953,0.47401702,0.017366932014709454,0.0010688882672208577,-0.015180529452676539,0.0054179763331388305,0.004916472432802774,-0.002013137846995244,-0.006646513735719038,-0.00850567968001755,0.007139736354144721,0.0,0.0,0.0,-0.001548266344738422,-0.0025420567301133253,0.00042346654378454723,-0.0027890771198825766,-0.0014009847581359907
0.6525762,0.634719,0.6237009,0.9411765,0.9411765,0.63679206,0.5401078,0.6108725,0.6025211,0.97959185,1.0,1.0,0.6025211,0.6025211,0.645132,0.47245958,0.6590171,-0.007125062585866624,0.001057323128935619,0.0067076269295525785,0.0024588546054296807,0.004829667959241822,0.004859874208484955,-0.003747395496456174,0.004209291761296723,0.001729437300419066,0.0,0.0,0.0,0.003110211470251258,0.007016591699000937,-0.0007367172857217263,0.0015534052971430045,0.0033037867083676327
0.74520683,0.6266702,0.76901317,0.9411765,0.851526,0.8199039,0.88,0.7546226,0.7569158,0.97959185,1.0,1.0,0.7569158,0.7569158,0.47370344,0.57912636,0.89901704,0.0017384979417006785,0.0018164815199658007,-0.006894807284278266,0.0020153823665302107,0.004718535214151763,-3.2143729000548916e-06,0.0013537635647180102,0.010884393020334457,-0.010751470759427619,0.0,0.0,0.0,-0.0016776873283781792,-0.0011676785503169937,-0.0008361413954253141,-0.001219814228997036,0.001528671890913126
0.835083,0.7959572,0.8098901,0.9924483,0.8219569,0.88,0.88,0.6302476,0.6221345,0.97959185,1.0,1.0,0.6221345,0.6221345,0.59941775,0.52245957,0.7777671,0.013266717364108194,0.0027987023846957593,-0.013038043219486928,-0.0008939535628756116,0.0033797751345405734,-0.0016648415301495122,0.0017995500521804525,0.004900206743656527,0.000527965265079574,0.0,0.0,0.0,0.0025956579055960074,0.0050494647374220766,0.0008102328822970172,0.0010542741070716987,0.0047289198423126596
0.87144667,0.8336434,0.7875293,0.9924483,0.67250717,0.88,0.88,0.3789978,0.3607144,0.97959185,1.0,1.0,0.3607144,0.3607144,0.6637035,0.286904,0.390267,0.02111034870713945,0.0042502173617045775,-0.016707527005097242,-0.004412255906967105,-0.0018260337481828509,-0.002113770345658763,0.0017857002825927154,-0.007026538214081046,0.0070663112120170095,0.0,0.0,0.0,-0.001841395999626045,-0.0015631070184296927,4.1773684095116e-05,-0.001643229934361587,-0.006360563991800395
0.907466,0.7283102,0.78883815,0.9748012,0.9429901,0.88,0.88,0.6358726,0.6265357,0.97959185,1.0,1.0,0.6265357,0.6265357,0.62370354,0.346904,0.73901707,0.025884059075922883,0.002345339906549993,-0.008384307651970424,0.0007063319175791686,0.008089985883137817,-0.0014133275752767481,0.0020641169377480805,0.0056911263396022945,0.0021203960236456454,0.0,0.0,0.0,0.0036809063879921456,0.007995641822222123,0.0008249707919093736,0.0033574430705396855,0.005826342099270246
0.8354273,0.5220573,0.85666025,0.9411765,0.9117176,0.94859445,0.88,0.3802477,0.36421588,0.97959185,1.0,1.0,0.36421588,0.36421588,0.5365606,0.34468186,0.50151706,0.014888208406077802,-0.005913473929235405,-0.02230225483224879,-0.004688048391508638,0.002349450027381437,-0.0053889406673627216,0.0005491692702205019,-0.005798286424786467,0.003217889226124861,0.0,0.0,0.0,-0.0018728323287488069,-0.004082501853243792,0.0005375956725242218,-6.210082057421407e-05,-0.0018077034841391443
0.899408,0.90375376,0.64450717,0.61923236,0.9748012,0.88,0.88,0.38962245,0.37094367,0.97959185,1.0,1.0,0.37094367,0.37094367,0.43227488,0.46245956,0.42901707,0.020092084588944386,0.005601811359268671,0.0033993871011643254,0.00459351357990197,-0.0010806780136869234,-0.0012903810504312032,0.00019354042964572462,-0.004833420857913974,0.008057931967863148,0.0,0.0,0.0,-0.0014283833575735347,0.00012797898021875857,0.0013825191512172822,0.0020811854869562042,-0.005049013489440768
0.79871935,0.77721995,0.8238638,0.79155546,0.968766,0.88,0.88,0.5271225,0.5062904,0.97959185,1.0,1.0,0.5062904,0.5062904,0.71941775,0.3624596,0.550267,0.012872000250948059,0.0029193451837939773,-0.013399384458539318,0.006292219781364557,0.004289252714580898,-0.0013119203652736326,0.0023472876887135723,0.00035658921287192255,0.005236377875078097,0.0,0.0,0.0,0.0031318293233708757,0.006218029272746104,-0.002461938266969047,-1.7440777570435981e-06,0.001617705322406681
0.835083,0.7144054,0.92284065,0.9411765,0.79812473,0.94859445,0.88,0.66837263,0.6667807,0.97959185,1.0,1.0,0.6667807,0.6667807,0.7608463,0.5502374,0.5865171,0.015621928611037849,0.001965776744628528,-0.023843375133018912,0.0008049245303338142,0.0020893681324044107,-0.002816603542959363,0.0027386734615435903,0.007385386262046103,-0.0005677850343158402,0.0,0.0,0.0,0.0020890129178896696,0.005916229528538263,0.001167240012097996,0.0012007758119324029,0.0019963833030981026
0.8581546,0.77695835,0.84845924,0.8151863,0.88406813,0.88,0.88,0.5939977,0.5835011,0.97959185,1.0,1.0,0.5835011,0.5835011,0.51513207,0.47801515,0.8902671,0.016534849637737395,0.00215883930909247,-0.01703572115415633,0.0057507304917178035,0.0066990116888527955,-0.001390732421354062,0.002987813755837162,0.004590830641855072,0.0031525603979488154,0.0,0.0,0.0,0.003565930338111498,0.0060944024194994765,7.411505619812034e-05,0.0018083704738545883,0.0050383429865723485
0.90918756,0.96153843,0.18823925,0.18085732,0.18085732,0.88,0.88,0.48399746,0.46314368,0.97959185,1.0,1.0,0.46314368,0.46314368,0.7979892,0.41134855,0.29151702,0.018438892256647597,0.0011212046624655531,0.03841248202817585,-0.0027467464048284117,0.003726664095163656,-0.00046518001147507235,0.0023328945915665257,-0.0002065927365533389,0.009118998653286468,0.0,0.0,0.0,0.003822336052469161,0.0065559942428829125,-0.003172892574158302,0.0033154710094341505,-0.007303187781774809
0.7627,0.5548539,0.779843,0.9411765,0.8701977,0.8841149,0.88,0.56399775,0.5509792,0.97959185,1.0,1.0,0.5509792,0.5509792,0.54227483,0.6435707,0.50651705,0.0027730133152787904,-0.0033238555741281484,-0.008703237955518708,0.00037617536354038846,0.003855530598144127,-0.0014854673903980692,1.4173229394973812e-05,0.0010750162989138384,0.0067724497385970505,0.0,0.0,0.0,0.004402177048823707,0.009123987470080957,0.0009763937301079037,-0.001633697926344891,2.7179566812272504e-05
0.88893986,0.680253,0.7834253,0.9411765,0.9411765,0.94859445,0.98459446,0.45149755,0.43599844,0.97959185,1.0,1.0,0.43599844,0.43599844,0.46513203,0.32801512,0.6602672,0.02308486185222109,0.0017473080725576029,-0.00857369517201683,-0.001591255192811355,0.00307839578876065,-0.005426831322539031,0.0021468677485560147,-0.001971311547002816,0.006112898952356532,0.0,0.0,0.0,0.0018434580811760007,0.00483298990180827,0.0003751522818681167,0.0017407896881987892,0.007319951936001157
0.7532648,0.71546876,0.76474804,0.9411765,0.7153485,0.7522566,0.88,0.4052477,0.38409543,0.97959185,1.0,1.0,0.38409543,0.38409543,0.37513202,0.42134857,0.562767,0.0029896732518886584,0.0024414409413897834,-0.013135149965988325,-0.004852655335121019,0.0009731604940750221,0.00211716301422721,0.001956961765932982,-0.005515423697488599,0.007728177848818129,0.0,0.0,0.0,0.000726678939648818,0.0008550530917855403,-0.0002589763178706434,0.0017239222829296766,0.0014003393506244375
0.857466,0.6224663,0.7771341,0.9411765,0.8488943,0.52736497,0.88,0.35649765,0.33971983,0.97959185,1.0,1.0,0.33971983,0.33971983,0.28798908,0.456904,0.48151708,0.015319943476352944,-0.0027653883522467696,-0.011105894634159941,-0.002590081653318431,0.002687093704127176,0.0052575936222173745,-0.0003194216334945571,-0.003578175232770762,0.004044534051028453,0.0,0.0,0.0,-0.00010894888261371005,-0.004172554640857627,-0.0031187182599415374,0.001808380967994089,-0.003057111260302436
0.87179095,0.82609814,0.82496256,0.9411765,0.9411765,0.75608623,0.5806429,0.6946225,0.6943689,0.97959185,1.0,1.0,0.6943689,0.6943689,0.65798914,0.60468185,0.6177671,0.016306009199810397,0.0032955257064536795,-0.012215621035824886,0.0030614807143896595,0.008466461723702872,0.0015242323120542634,-0.002401261267312496,0.0066442550848173085,-0.003591699507320128,0.0,0.0,0.0,0.0012478180463495576,0.004271308235954078,0.0005074896931643535,-5.102919128435892e-05,0.0021169032615725924
0.5889398,0.56072205,0.9097477,0.9748012,0.9411765,0.88,0.3763806,0.6146227,0.6054125,0.97959185,1.0,1.0,0.6054125,0.6054125,0.60656065,0.53134847,0.52651703,-0.020661119121895676,0.0017258971800545714,-0.029476107808020305,-0.0003474358511685435,0.009066811301398778,-0.0021132004551529166,-0.013032395411325821,0.005209065319870765,0.0017427737038874364,0.0,0.0,0.0,0.004352081997180501,0.007482881217212517,2.6472326672888172e-05,0.0008924564528002524,0.0010703792241973486
0.90918756,0.96153843,0.3411556,0.32777694,0.32777694,0.88,0.88,0.7302475,0.7312772,0.97959185,1.0,1.0,0.7312772,0.7312772,0.76656055,0.78134847,0.36651695,0.016130027907981365,0.00019452451377505002,0.017646143213855082,-0.0050147272156050885,-0.009330664950903643,-0.0004909148951822984,0.000946145171691643,0.0042169022666191935,-0.016994310342546996,0.0,0.0,0.0,-0.0012280544402638038,-0.0031048456521226807,8.130161802239796e-05,-0.005472627332878497,-0.0033477381042663888
0.35292047,0.6111139,0.71825635,0.88049805,0.9748012,0.88,0.88,0.38899755,0.37130043,0.97959185,1.0,1.0,0.37130043,0.37130043,0.27227482,0.58468187,0.36651707,-0.0542367332556906,-0.0009512095087891745,-0.005066280899016393,-5.591624157562106e-05,-0.0011144091809531867,-0.001996193370320538,-0.0003461970382154294,-0.004666946548619247,0.003168238785339521,0.0,0.0,0.0,-0.0019112223730331122,-0.006171352736386617,0.0002216049646974789,0.0010505375951098915,-0.010952557366852274
0.5987193,0.5336641,0.8979432,0.9411765,0.8446385,0.8199039,0.88,0.51337266,0.5060691,0.97959185,1.0,1.0,0.5060691,0.5060691,0.46656057,0.5680152,0.53401697,-0.01890277016660746,-0.0037615142702499132,-0.02488247094730706,-0.0013870178422452086,0.0035381441880810768,0.00019911602493943119,0.000804821596018181,-0.00028703637350949884,0.005594007443412291,0.0,0.0,0.0,0.0036043017480760497,0.00673846098232642,0.00020643055323362234,0.000628230224097044,0.0009933877103645628
0.6036091,0.6262913,0.821903,0.78967154,0.79407483,0.88,0.88,0.51212263,0.49858245,0.97959185,1.0,1.0,0.49858245,0.49858245,0.64941776,0.4635707,0.5140171,-0.0208834100185504,0.0010479054665036213,-0.01750918661494415,0.0059431239039273364,0.0007266554791371671,-0.001448777379641031,0.0018870056888094112,1.4058560854324498e-05,0.0060562567888877315,0.0,0.0,0.0,0.003601848695082505,0.00670415486553476,-0.00033861734791758557,0.0011080013551088403,0.0002865300164043908
0.35746595,0.5646793,0.7611185,0.9411765,0.8594293,0.46726647,0.88,0.25024772,0.2167295,0.97959185,1.0,1.0,0.2167295,0.2167295,0.2465605,0.41912618,0.44026697,-0.0546140247435158,-0.003615089820913476,-0.01076679892189937,-0.004238243181128118,-0.00025782610583644845,0.014542812981483693,0.00039081318290191405,-0.01293399309355722,2.2032883741488485e-05,0.0,0.0,0.0,-0.010074298464707688,-0.021683065750302325,0.00034708934977774753,0.0012355776668000519,-0.006770606859141896
0.49417385,0.71546835,0.6791397,0.88992506,0.9924483,0.88,0.88,0.4652475,0.44330943,0.97959185,1.0,1.0,0.44330943,0.44330943,0.5022749,0.44357067,0.5715171,-0.038744490126396594,0.0020425568146860474,0.003005609890030591,0.0006159280615037389,0.0029108746192350633,-0.0015667339421786596,0.0013169534006323275,-0.003326387669769162,0.005438319052029658,0.0,0.0,0.0,0.0008835481193317105,0.0006867621970797299,0.0014183062734843415,0.0007700499019310085,0.002003792872067705
0.871791,0.92629707,0.33544293,0.9411765,0.3222883,0.8433489,0.88,0.6033727,0.59357136,0.97959185,1.0,1.0,0.59357136,0.59357136,0.5837035,0.54134846,0.5765171,0.01727827645494219,0.00017692423725475346,0.029508887080610436,-0.00033321778739470696,-0.019702631808024867,-0.0003607124391022817,0.0022734956375212814,0.004899468142783373,-0.0007513019669487079,0.0,0.0,0.0,0.002486845494880676,0.0032440801227916006,0.0013482211652916295,0.00037846038356229017,0.0012732546876927007
0.88893986,0.587634,0.8634483,0.9748012,0.9924483,0.88,0.88,0.50274754,0.49243036,0.97959185,1.0,1.0,0.49243036,0.49243036,0.4165606,0.62357074,0.47401714,0.021347631361437355,-0.0023196841500828223,-0.013143140396584395,-0.0031589656150762,0.0026108478747133555,-0.0012957369331993921,-0.0008409801771224576,-6.0416245491246335e-05,0.005378879079852168,0.0,0.0,0.0,0.0031619987024683284,0.006552997594984245,-0.0007791071974165484,-0.0014039691852102778,-0.0014826622227916268
0.5808818,0.5028481,0.7489013,0.9411765,0.8627297,0.94859445,0.88,0.5358727,0.52301335,0.97959185,1.0,1.0,0.52301335,0.52301335,0.58370346,0.3713485,0.59526706,-0.01879045395819333,-0.0010230729285398599,-0.00900384839049651,-0.001194412609494831,0.0024399215525615116,-0.004324553242666639,0.002088883421388079,0.0009947165990739288,0.004357980647715853,0.0,0.0,0.0,0.0038637230180319053,0.007315739051058583,7.23936325150349e-06,0.0011568455153806903,0.0032050639468681626
0.8987194,0.86522716,0.872761,0.9187256,0.95033264,0.88,0.88,0.85649765,0.8521687,0.97959185,1.0,1.0,0.8521687,0.8521687,0.8237034,0.6069041,0.8640171,0.01960361508324885,0.0020031878920652173,-0.01401715755191708,0.005344228126346837,0.009255710405452477,-0.000898183585597243,0.0004771392157785785,0.010768822395494114,-0.01851752268464014,0.0,0.0,0.0,-0.002514638123717991,-0.00018456251450125644,0.0026300387815320013,-0.0014217107191261472,0.004233458057173012
0.80360913,0.83164656,0.6789071,0.8625522,0.9117176,0.88,0.88,0.4846226,0.46772137,0.97959185,1.0,1.0,0.46772137,0.46772137,0.4494178,0.57912636,0.46026695,0.011008958864115521,0.005540760437054065,0.0031248936827042604,0.0038722436771305283,0.0023810687324075214,-0.001716160579290107,0.0010694267771050939,-0.0005395781672684414,0.008519288123786004,0.0,0.0,0.0,0.0030794751115487667,0.006886059198789218,0.00048358520813648637,0.0005038268003331129,-0.0013862036078967532
0.90918756,0.96153843,0.18012086,0.17305729,0.17305729,0.88,0.88,0.5358727,0.52574813,0.97959185,1.0,1.0,0.52574813,0.52574813,0.28798908,0.77468187,0.6390171,0.014230509825262382,-0.0007694849809231381,0.032564342194824236,0.0027757955015888566,-0.011721562489409684,-0.0003929738341520407,0.000679609436409826,0.000527635123680154,0.004313276047094841,0.0,0.0,0.0,0.0022432552954699016,0.004338388680329137,-0.005124827183038835,-0.007833999885912251,0.0015720184209885026
0.69837505,0.5760701,0.894508,0.9411765,0.9748012,0.94859445,0.88,0.4777478,0.46927354,0.97959185,1.0,1.0,0.46927354,0.46927354,0.4794178,0.56912637,0.451517,-0.0037594635290087355,-0.003551673964015031,-0.025489581633519033,-0.003128251620913074,0.0029449366908002924,-0.004863820574183026,0.0004855842449474852,-0.0013608086079685239,0.006421485624967315,0.0,0.0,0.0,0.0035735186561329075,0.006190793944029468,0.00039326987160876375,0.0013874188673687028,-0.0034885111602017895
0.8078103,0.77020884,0.7359783,0.7071164,0.9924483,0.88,0.88,0.6833726,0.6744491,0.97959185,1.0,1.0,0.6744491,0.6744491,0.60656065,0.5113485,0.7302671,0.011232526472786008,0.0014469087831165141,-0.0025674453714605162,0.0034776411729547808,0.006544335703402343,-0.0007648406436579892,0.001547333785898267,0.006030802573101897,-0.0048798733476730196,0.0,0.0,0.0,0.0018601609717908347,0.004170992128625304,3.9848934391331306e-05,0.0008665677873434123,0.0052262104678143725
0.5892841,0.6992753,0.82365113,0.9411765,0.8382281,0.60724634,0.88,0.51024747,0.49578896,0.97959185,1.0,1.0,0.49578896,0.49578896,0.60084635,0.20468181,0.71776706,-0.022829640130191127,0.00202542495887377,-0.015926955148651202,0.0026495557092662027,0.0028700594757174874,0.007253468023173608,0.0014214184968485294,-0.0009834943814874097,0.006178441635476825,0.0,0.0,0.0,0.0027459546583256124,0.005636876631002485,-0.00032075935002130154,-0.0011295552075833023,0.006232424863395682
0.78997284,0.7805235,0.510175,0.9924483,0.9376084,0.88,0.88,0.47212243,0.45589015,0.97959185,1.0,1.0,0.45589015,0.45589015,0.46370342,0.5135708,0.540267,0.007648177424072453,0.004211437363011841,0.015007039552490964,-0.0039047931781137383,0.0003252906995296005,-0.0015162499156434514,-3.313476537016573e-05,-0.0003338179738516761,0.0063869808305473015,0.0,0.0,0.0,0.0019749781857373223,0.0038363658162013253,0.00120317194584547,0.000609005257627296,0.0005563408359933622
0.90918756,0.96153843,0.22720961,0.21829943,0.21829943,0.88,0.88,0.5696225,0.561786,0.97959185,1.0,1.0,0.561786,0.561786,0.70370346,0.49468178,0.50151706,0.01976090017480324,0.0001497745899935026,0.036623223599895234,-0.0023907193560139288,-0.005023396920582623,-0.0005583686689484411,0.0021355557264130824,0.00231505315064207,-0.0007763471102815091,0.0,0.0,0.0,0.0022060226308371856,0.0026454523410969362,-0.0009568410498227818,0.000986720010793091,-0.000555083383928436
0.82530344,0.55748874,0.9144166,0.9924483,0.9748012,0.88,0.88,0.37337255,0.352415,0.97959185,1.0,1.0,0.352415,0.352415,0.37513202,0.45579296,0.524017,0.016004027451029575,-0.0038732973210590417,-0.02906095143823285,-0.007580113681069245,0.002347861480377515,-0.002037332109041236,0.0005226761330521232,-0.005649953042218352,0.0022199020357851385,0.0,0.0,0.0,-0.002373724255756546,-0.005532425395367252,-0.00011015076392864989,0.0008919723972321583,-0.0005816839648212253
0.8263364,0.8149628,0.71971744,0.9748012,0.80945534,0.88,0.88,0.34212255,0.32203153,0.97959185,1.0,1.0,0.32203153,0.32203153,0.40370342,0.3624596,0.5127671,0.01210590874411557,0.00499332042486739,-0.00734993978155861,-0.007455150254722076,0.0009420024554663772,-0.0024668809091289877,0.001012520411690486,-0.008167529259919409,0.0036428215293462973,0.0,0.0,0.0,-0.003380211090703834,-0.004986614707067627,-0.00012975364437119925,0.0007437307442575097,5.059140453178325e-05
0.87144667,0.7963094,0.80177927,0.7703369,0.91916525,0.88,0.88,0.49087274,0.47491106,0.97959185,1.0,1.0,0.47491106,0.47491106,0.29798904,0.56912637,0.6177671,0.018062538215310224,0.004558737963473332,-0.008456008742266756,0.005911501323549874,0.0046344965059807695,-0.0015643118439653675,0.0012351244382270052,0.00038841009461433053,0.00841080884001408,0.0,0.0,0.0,0.0040434327101378205,0.007921947274130155,-0.0027278884281308215,7.694270038335976e-05,0.0032109223709847756
0.798375,0.499564,0.76959664,0.73941636,0.9411765,0.88,0.7509752,0.5839975,0.5757076,0.97959185,1.0,1.0,0.5757076,0.5757076,0.6122748,0.4791263,0.6727671,0.009888930117048982,-0.0009678826163679878,-0.005698963890181281,0.005766054590712733,0.00633049440865942,-0.0007438275080689047,-3.059996734781641e-05,0.002571431646298216,0.0033594988894640925,0.0,0.0,0.0,0.002808323144028615,0.006211754782601909,0.0002651073362027863,0.0012447374677562058,0.003989170314459731
0.86724544,0.6126538,0.89101523,0.9411765,0.9924483,0.94859445,0.88,0.5833727,0.5732436,0.97959185,1.0,1.0,0.5732436,0.5732436,0.7208463,0.406904,0.67651707,0.017479259669640257,0.0008165403103465941,-0.020851063095472296,0.002595973065806235,0.009516258136846742,-0.003481239694661738,0.0017465407147149706,0.002204125314694091,0.004765707424653045,0.0,0.0,0.0,0.00435089886533173,0.007310804243622181,-0.00010643410787643082,0.002363667873041723,0.00422544739755128
0.619725,0.44882017,0.9472685,0.9411765,0.9411765,0.88044995,0.61221665,0.66524744,0.65753233,0.97959185,1.0,1.0,0.65753233,0.65753233,0.69656056,0.49690396,0.8090171,-0.013935286683583563,-0.0002427205417613415,-0.031002722770830226,0.0008407463073226123,0.008277477419466562,-0.0015968577208674956,-0.004434118937657936,0.008460314440952623,-0.0013033038336343872,0.0,0.0,0.0,0.003183312296942814,0.0065798514547705635,-6.869245600713995e-05,0.0014898852105140964,0.004376457596744373
0.90918756,0.96153843,0.32157677,0.30896592,0.30896592,0.88,0.88,0.8339977,0.8363713,0.97959185,1.0,1.0,0.8363713,0.8363713,0.875132,0.7035707,0.5140171,0.01619166210783467,-0.0018743378643292768,0.020728201275403556,-0.005261830260159372,-0.0091974843946291,-0.0009035027957420849,0.0011527776378134206,0.006863028596888196,-0.02836902638913222,0.0,0.0,0.0,-0.0033070627026207124,-0.005979729908767658,-0.00017428081278829732,-0.004650419844278068,0.00026021263658124644
0.70292056,0.7547349,0.7342926,0.7054968,0.9411765,0.88,0.6071417,0.42899752,0.41452935,0.97959185,1.0,1.0,0.41452935,0.41452935,0.34513202,0.51357067,0.619017,-0.00196984372319301,0.00356117406874841,-0.005745731466856594,0.006751657874641947,0.004870753587530433,-0.003301826787921791,-0.004796492833210414,-0.0039875394238603834,0.007039609591561496,0.0,0.0,0.0,0.00011416215755865301,0.0026268769904995147,0.0015260285384842691,0.0013076383900502172,0.003153213253122912
0.90918756,0.96153843,0.23121852,0.22215113,0.22215113,0.88,0.88,0.59087265,0.5877273,0.97959185,1.0,1.0,0.5877273,0.5877273,0.6237035,0.48912632,0.5915171,0.018740447647309748,-0.0001542204167931573,0.035790006582596845,-0.0005988691365442902,-0.006669973110690497,-0.0006040168126527246,0.0017197360005328849,0.0031711731175340764,-0.0024367401392548006,0.0,0.0,0.0,0.00268008543227313,0.0032508279131773987,0.00010756741201296747,0.001239392598214092,0.002130443193966302
0.90918756,0.96153843,0.44809806,0.4305256,0.4305256,0.88,0.88,0.94024765,0.93675596,0.97959185,1.0,1.0,0.93675596,0.93675596,0.7008463,0.7680152,0.8877671,0.015890363860195888,-0.0009776633228826862,0.01045351259879559,-0.0032902242821545064,-0.010860118101959056,-0.0005129203929901549,0.0006729714394931954,0.00849548028763636,-0.036997516893245576,0.0,0.0,0.0,-0.005437915237398863,-0.009111464709492338,0.0008738590656705465,-0.006109212034706392,0.0069496420275084615
0.871791,0.92629707,0.31558496,0.9411765,0.30320907,0.8433489,0.88,0.5783727,0.56438893,0.97959185,1.0,1.0,0.56438893,0.56438893,0.7279892,0.34468186,0.619017,0.013054360391060133,0.0013453420247427495,0.029561865797652492,-0.0017111632853857035,-0.01607961890373051,-0.000421864800211181,0.0016871091504596489,0.004095633213055737,0.0030174332313099884,0.0,0.0,0.0,0.00287020114191352,0.005617685584015732,0.0010363713722296066,0.003284948137334729,0.002764673961267032
0.8938296,0.7763425,0.90716857,0.8960912,0.87407136,0.88,0.88,0.43524754,0.4186137,0.97959185,1.0,1.0,0.4186137,0.4186137,0.60084635,0.26468182,0.59526706,0.0268399371795574,0.00360210035392249,-0.02732724499702492,0.0030618498453242314,0.0037676209959152836,-0.002424165085181289,0.002163617223985912,-0.005131746441599274,0.007354875938049285,0.0,0.0,0.0,0.0009649448988746101,0.0025497083266701305,0.0002692953732326038,-0.0011997918031060775,0.0034293927650950098
0.46621257,0.5915168,0.8490335,0.815738,0.9411765,0.88,0.54810435,0.46899748,0.45208395,0.97959185,1.0,1.0,0.45208395,0.45208395,0.35941777,0.42801508,0.67651707,-0.04105335656410851,0.0010187264785561172,-0.020558050978296168,0.003949083141656169,0.006054806088259658,-0.002167251712837078,-0.008187821756990397,-0.002296764682779474,0.0060763000271439405,0.0,0.0,0.0,0.001894090074862485,0.0036271745492038997,0.0015739779646674551,0.0002888681186998554,0.004316494794778652
0.90918756,0.96153843,0.3963211,0.3807791,0.3807791,0.88,0.88,0.8746228,0.8795445,0.97959185,1.0,1.0,0.8795445,0.8795445,0.9037035,0.6780152,0.68276715,0.01625397601300511,-0.0031363756759426437,0.014918069525861886,-0.005777964315068988,-0.012366415415683332,-0.0012489541624794674,0.001195632664234222,0.007366979871509193,-0.033707035391598646,0.0,0.0,0.0,-0.004947100647619058,-0.008315159621137984,-0.0009492317107747414,-0.0036802183280859836,0.002517883674818814
0.7938295,0.6122059,0.90196204,0.866591,0.9411765,0.88,0.6280648,0.72712266,0.72638303,0.97959185,1.0,1.0,0.72638303,0.72638303,0.91084635,0.4502374,0.63526714,0.008131867923714889,0.0005734986915343541,-0.016630413415849744,0.004160040711076852,0.005185211821186613,-0.000999756132858709,-0.001780684775773576,0.009833072716016262,-0.005896761630199345,0.0,0.0,0.0,0.00013292720434538135,0.005276231892862466,-0.004325676566624215,0.0019854156426287167,0.0025288145587462783
0.83088183,0.83164656,0.724536,0.9411765,0.76805544,0.8199039,0.88,0.56462264,0.5548596,0.97959185,1.0,1.0,0.5548596,0.5548596,0.6065606,0.26912615,0.7652671,0.015336833948712391,0.0015713159209412746,-0.0036365760101479344,0.0012939771529040514,0.0009014081216385891,0.00025233551170386495,0.0026775594161866606,0.003865399527290455,0.0050053450314696225,0.0,0.0,0.0,0.004206789541428191,0.008005410938537976,-0.0002733147033539789,0.0008203178943748538,0.005564997229090182
0.90918756,0.96153843,0.037471056,0.036001604,0.036001604,0.88,0.88,0.35337257,0.32835662,0.97959185,1.0,1.0,0.32835662,0.32835662,0.37513202,0.4257929,0.47901702,0.017386972202264428,0.0008523064386836951,0.05323970384310197,0.0092165017632483,-0.0005538156779586152,-0.0005054005613017168,0.001974839424639597,-0.004943472902206779,0.016553462525459396,0.0,0.0,0.0,0.003036406448368802,0.007351021105428188,-0.0006222176411923184,0.0028540997875035616,-0.00036224477575628013
0.90918756,0.96153843,0.26235425,0.25206584,0.25206584,0.88,0.88,0.6514976,0.63881475,0.97959185,1.0,1.0,0.63881475,0.63881475,0.75084627,0.5502374,0.45901704,0.018343908607495893,-4.6068371913565164e-05,0.030470026304381195,-0.0035967107134661203,-0.005996562501526383,-0.0004282753259435331,0.001127289079197555,0.0036625757389524742,-0.007815688965131634,0.0,0.0,0.0,0.0010331345198308845,0.0008097662668328322,0.00014233614449608587,-0.00010316316956765826,-0.001145109510275002
0.6941739,0.6729926,0.74568355,0.9411765,0.9748012,0.94859445,0.88,0.4583727,0.444249,0.97959185,1.0,1.0,0.444249,0.444249,0.6679892,0.5335707,0.24776709,-0.0055392533243488066,0.0002782871228402556,-0.007254311858857566,0.0011374773491279826,-0.0022159429058437757,-0.004329037860515683,-1.1210629722347294e-05,-0.0009830576546755343,0.00580614191116552,0.0,0.0,0.0,0.0019707789521782476,0.002586788507514842,9.698540385302637e-05,0.0012870601959755362,-0.018258640053497123
0.370758,0.4880306,0.78377193,0.9117176,0.9411765,0.88,0.38755184,0.30149758,0.27923372,0.97959185,1.0,1.0,0.27923372,0.27923372,0.5108463,0.2324596,0.40776706,-0.057478656123738696,-0.002399751644301409,-0.017997920328112052,-0.004118136373720726,0.003549962293987407,-0.0019335933560428792,-0.0075381282814178515,-0.012062243608678169,-0.0008426815862825288,0.0,0.0,0.0,-0.00865841866305816,-0.015662076956837575,0.0012503398221775427,-0.005306982565021961,-0.004056033558068712
0.61201143,0.7805235,0.73429245,0.9429901,0.9411765,0.88,0.8199039,0.3321228,0.3092445,0.97959185,1.0,1.0,0.3092445,0.3092445,0.34513202,0.46912628,0.369017,-0.017368804684527152,0.00448772860759061,-0.008778838530572361,-0.003995057335082903,0.0012489208366261854,-0.0024882677373982425,0.00011546191795373247,-0.008532096293819617,0.002607676828039386,0.0,0.0,0.0,-0.006079859865595965,-0.011370387832532499,0.00023623432239137964,0.000575277926430666,-0.009690051311181433
0.620758,0.64199233,0.9144166,0.9411765,0.9411765,0.5635914,0.52771604,0.3858726,0.36952803,0.97959185,1.0,1.0,0.36952803,0.36952803,0.42370346,0.51357067,0.47151697,-0.020721356483906616,-0.0003163524065239241,-0.03185655421068695,-0.003050219696589052,0.006172165212951383,0.011172188108988101,-0.0030708824854172546,-0.005938369629482878,0.0060500978644569495,0.0,0.0,0.0,-0.0001716537081263859,-0.001240202731236586,0.0008548409221645401,0.00103535169492064,-0.0013234099362501683
0.46201146,0.714404,0.7812168,0.75058085,0.9411765,0.88,0.6229802,0.37712276,0.3584375,0.97959185,1.0,1.0,0.3584375,0.3584375,0.4922749,0.42912632,0.581517,-0.04133553375189272,0.0030299152633252195,-0.01232564029777908,0.006527240593767676,0.005021890635321004,-0.0022836964457366563,-0.004224181192482089,-0.007642225160537514,0.00877334317683527,0.0,0.0,0.0,-0.0004899785227558638,-0.0005682622212254973,0.00111013062333367,0.0007658357656493885,0.0025297199222429323
0.8990637,0.8149628,0.61800903,0.9411765,0.8542276,0.7275613,0.88,0.27399755,0.25186542,0.97959185,1.0,1.0,0.25186542,0.25186542,0.22513199,0.3402374,0.545267,0.021969097126609282,0.004839262715420776,0.006399065631572155,-0.005844662082813424,0.0002865878588770474,0.003671209704643236,0.000420978931538756,-0.010710638495287422,0.000471051874257198,0.0,0.0,0.0,-0.006812101382191402,-0.010498545007863848,-0.003370580824391144,0.0013954879610153055,0.001126304540549064
0.7396285,0.79595625,0.888791,0.9411765,0.82688105,0.70779455,0.88,0.77399755,0.7738434,0.97959185,1.0,1.0,0.7738434,0.7738434,0.72798914,0.59357077,0.77901715,0.0005597465244668354,0.0022342997393252164,-0.018310146239921138,0.003107000843703921,0.002552358404196405,0.0022283555172605577,0.0011697736178834055,0.011305392298286698,-0.011163186338691913,0.0,0.0,0.0,-0.0011516868374911685,0.0018130391291589247,0.00084512051733359,-0.0009634876909328481,0.003321280682842407
0.5990637,0.77695835,0.8241373,0.7918182,0.9748012,0.88,0.88,0.33899772,0.31367537,0.97959185,1.0,1.0,0.31367537,0.31367537,0.70370346,0.31023735,0.25026703,-0.020374578174357793,0.005088767869036301,-0.014700093126157842,0.005172537779142372,-0.0004325485625291052,-0.002653688745122701,0.0009298814353963242,-0.007265971335959552,0.0025737855482469135,0.0,0.0,0.0,-0.005763750731077796,-0.01183747381279767,-0.0001924884899295868,-0.0020182190198724474,-0.018180396069115933
0.90918756,0.96153843,0.07832014,0.07524876,0.07524876,0.88,0.88,0.24837255,0.21872388,0.97959185,1.0,1.0,0.21872388,0.21872388,0.57941777,0.19579294,0.306517,0.022265172600707178,0.0011416262715133743,0.06212354977405425,0.00494652665034931,0.009292883764969015,-0.0014584618398341847,0.003442583657188479,-0.012671362563240333,0.021284706856132964,0.0,0.0,0.0,-0.0023895937286165054,-0.0009769980938768826,-0.00011164154497661807,0.001295728345519596,-0.00817601313969173
0.88053757,0.9619711,0.7956982,0.941397,0.9429901,0.88,0.88,0.21774745,0.18526009,0.97959185,1.0,1.0,0.18526009,0.18526009,0.3708462,0.31690407,0.40276706,0.0213466228229238,0.011712240121568095,-0.011283266627175636,-0.004630698121456539,0.002150379482789861,-0.002635508513186332,0.00050768696926192,-0.01283575799278347,-0.002633819277794456,0.0,0.0,0.0,-0.012517766013663173,-0.021880771660313898,-0.0005147035249137335,-0.0005627266203848677,-0.007734517672444648
0.71235573,0.79087156,0.78916126,0.968766,0.96780485,0.88,0.88,0.8171227,0.8096546,0.97959185,1.0,1.0,0.8096546,0.8096546,0.7108463,0.78357077,0.5565171,-0.003114974745097937,0.0022711668812368012,-0.007737654821268303,0.00325029591058646,0.007552831874946938,-0.0008137517029935717,0.0003315845523026766,0.01109167785002591,-0.012833518653884745,0.0,0.0,0.0,-0.0009119154852265146,0.0048284291171925425,0.0010643917734165054,-0.008150119017274577,0.002107021529580166
0.58473873,0.6150972,0.84466565,0.8115415,0.9924483,0.88,0.88,0.49274755,0.47338173,0.97959185,1.0,1.0,0.47338173,0.47338173,0.62656057,0.31357065,0.64026713,-0.024275924729732102,0.000742987783815116,-0.016110528751976147,0.0044508430440079435,0.005320532406734753,-0.00170864169006667,0.001729593680813205,-0.0018460696538867571,0.006188902175806222,0.0,0.0,0.0,0.0027088822370467335,0.004293082624450288,-0.0005213036034595392,-0.0004838616879954075,0.003997195247735567
0.68997276,0.5537982,0.85653937,0.9411765,0.82541555,0.8841149,0.88,0.7552476,0.7541707,0.97959185,1.0,1.0,0.7541707,0.7541707,0.6465606,0.57912636,0.74526715,-0.0038014898404998276,0.00099635035161647,-0.01642183916242552,0.002773589016960333,0.00200319144416561,-0.0010633894025610703,0.0016304914173561108,0.01277830434808493,-0.007926419106623755,0.0,0.0,0.0,0.00040846406180103796,0.004130662763122076,0.0007878174225847863,-0.0005745692417096931,0.0040363949592669675
0.8903171,0.90375376,0.6361479,0.6112009,0.9411765,0.88,0.8199039,0.59712255,0.591529,0.97959185,1.0,1.0,0.591529,0.591529,0.60084635,0.44579294,0.70401704,0.016832671993236438,-0.00010782898741810376,0.0013285443370136063,0.0011866003268781974,0.00526334482594798,-0.0008493682601168673,0.0002924503191360588,0.0036320910443399766,0.0017581683940998156,0.0,0.0,0.0,0.004225948594386912,0.006213578333917173,-0.0005196457359507569,0.0024105634171153194,0.004811017401119457
0.62110233,0.59606963,0.7253714,0.9924483,0.9117176,0.88,0.88,0.41274762,0.38943085,0.97959185,1.0,1.0,0.38943085,0.38943085,0.46656063,0.40134853,0.50151694,-0.017047050633066524,-0.000944436524353651,-0.007936527135862216,-0.006725743072734819,0.001713038534718462,-0.0022818115442504133,0.0009106869802077982,-0.0049274970678253914,0.003287580573674801,0.0,0.0,0.0,-0.0018391690479203327,-0.0036161022470883376,0.000700802956712292,0.0006377280987060935,-0.002018173070231059
0.5204137,0.46829432,0.8780735,0.9411765,0.96780485,0.8841149,0.88,0.6139977,0.6022436,0.97959185,1.0,1.0,0.6022436,0.6022436,0.59941775,0.6180152,0.54276705,-0.030363820362253803,-0.003919209633418579,-0.022589964718765572,0.0016303985892815029,0.007321325777757681,-0.0012089841893252002,0.00030770518771908666,0.002598340904158616,0.004825638250854889,0.0,0.0,0.0,0.0038393306560212236,0.01049510475726374,0.0004414927286907899,0.00011693542176999721,0.0017620534031560625
0.6113228,0.7157168,0.8880451,0.9411765,0.9924483,0.8091359,0.88,0.6646228,0.65999556,0.97959185,1.0,1.0,0.65999556,0.65999556,0.70798916,0.5569041,0.6627671,-0.009428395001086491,0.0029663652271638297,-0.016407985061338358,0.0019683777413098094,0.006887990559801834,0.000293074733335989,0.0012261126751365423,0.006948431468680767,-0.0005299016590694969,0.0,0.0,0.0,0.0016585432675357984,0.007617571780165036,-0.0004627746174741211,-0.00013794655815870167,0.0036155764239185675
0.90918756,0.96153843,0.22761834,0.21869212,0.21869212,0.88,0.88,0.5327476,0.52129376,0.97959185,1.0,1.0,0.52129376,0.52129376,0.6837034,0.21579297,0.75776714,0.018401751549123803,-0.0009030958240653781,0.03637245844100981,0.0005565201650478146,-0.005491382164165296,-0.0005891082785121486,0.0020664498213984763,0.0014367837834160036,0.003972729188691119,0.0,0.0,0.0,0.0027138409471415092,0.004693089007143726,-6.439952802911851e-05,0.008036121122306611,0.0044638779296769645
0.7165569,0.6841984,0.7979441,0.9411765,0.74854594,0.6883086,0.88,0.39524758,0.37686086,0.97959185,1.0,1.0,0.37686086,0.37686086,0.5522748,0.45245966,0.4465171,-0.0031327435697903793,0.0011420197495252572,-0.015060747558001908,-0.001282492644744118,0.000878369543368597,0.0047935379616255306,0.0007899935804198576,-0.004652512282377192,0.00843104393801236,0.0,0.0,0.0,0.000813679950017088,0.00018375665646986673,0.0007993025177028723,0.0013477733119185598,-0.003943573387919234
0.6983751,0.8073464,0.9253362,0.8890485,0.9411765,0.88,0.98459446,0.53899765,0.5254284,0.97959185,1.0,1.0,0.5254284,0.5254284,0.6994177,0.47690403,0.484017,-0.003744840596792214,0.003813795251634214,-0.026129212818603708,0.0038171407305188747,0.004950950049288661,-0.0011843264189172725,0.002896180663315573,0.0013245662032169482,0.007696672337661446,0.0,0.0,0.0,0.004991063005900162,0.010643984509730298,-0.001160358268251784,0.0016822254887449656,-8.399842478297545e-05
0.5571217,0.6917415,0.8344077,0.9411765,0.9411765,0.8199039,0.8199039,0.2964977,0.27446532,0.97959185,1.0,1.0,0.27446532,0.27446532,0.16227491,0.5135708,0.52151704,-0.025892255751126143,0.0010011132506823007,-0.0191338174290902,-0.0036802802183293123,0.00401804155562489,0.0006893892353689428,0.00028990018552361866,-0.009624728579422743,0.0035004427443640473,0.0,0.0,0.0,-0.005895717377295866,-0.010826431840126082,-0.001407836224995176,0.0008954007051802284,-0.00028943111083888623
0.66655684,0.6841977,0.7057271,0.67805153,0.9411765,0.88,0.46770915,0.29462254,0.2726128,0.97959185,1.0,1.0,0.2726128,0.2726128,0.48798922,0.41912618,0.20651698,-0.0076661841930190325,0.0016980891396817682,0.0008913149953220434,0.010769904154518044,0.0004318372493679349,-0.002563294377674667,-0.0034783038512318128,-0.009519488129852125,0.002643256626568409,0.0,0.0,0.0,-0.006971680130094766,-0.01276932331345501,0.0010986306221431783,-0.0004118545010053078,-0.018142726407068648
0.90918756,0.96153843,0.23961017,0.23021369,0.23021369,0.88,0.88,0.54649746,0.53714705,0.97959185,1.0,1.0,0.53714705,0.53714705,0.49941772,0.6980152,0.48901713,0.02005431839637006,-0.0005529018215763261,0.03549470795433718,-0.0015584720808983678,-0.009237463633587184,-0.0003147908575890395,0.0016782703794874399,0.001791061191538912,0.00197854707945849,0.0,0.0,0.0,0.002992781897212714,0.003980940042924156,-0.00022928231548573541,-0.004108677160325241,-0.00016503648683856439
0.85815465,0.8387082,0.69747245,0.6701206,0.9748012,0.88,0.88,0.53337276,0.5227197,0.97959185,1.0,1.0,0.5227197,0.5227197,0.64513206,0.5235707,0.369017,0.014733401203779533,0.0027699431327585693,0.00030786855327594924,0.004347805174614281,0.002454002132435327,-0.0012295704905106533,0.000950370041381554,0.0001524122379523841,0.005787087275533716,0.0,0.0,0.0,0.004155206585827653,0.007740320480911083,-0.0012506894785115432,0.0005336731836788291,-0.005921703247182587
0.620758,0.7131905,0.7661282,0.9411765,0.9411765,0.6217181,0.5747442,0.77337277,0.76373434,0.97959185,1.0,1.0,0.76373434,0.76373434,0.80370337,0.67468184,0.62026703,-0.011412834177929076,0.002244135047611229,-0.006519146554182038,0.0029075684230315136,0.005051336506052515,0.0033248838012303493,-0.0010336435068947715,0.011126344861374215,-0.007317925023662361,0.0,0.0,0.0,-0.0006692742020015598,0.00495831834935708,-0.002048719441894037,-0.0027636315625915904,0.0027931573223898614
0.90918756,0.96153843,0.33362,0.32053688,0.32053688,0.88,0.88,0.67399764,0.6709529,0.97959185,1.0,1.0,0.6709529,0.6709529,0.5365606,0.635793,0.75276715,0.018049641570478964,-0.0006991929457189247,0.024588954388710973,-0.0023226588268562085,-0.012528219089220121,-0.00043816360647288394,0.0011586551748618817,0.0064072591531980205,-0.01347880602304926,0.0,0.0,0.0,0.0006296840273881855,-0.002763136922191026,0.0004915682360951908,-0.0031839873801683266,0.0037907828417649047
0.8354273,0.86100686,0.67912716,0.7371033,0.9411765,0.88,0.77544713,0.6883726,0.6840174,0.97959185,1.0,1.0,0.6840174,0.6840174,0.4665607,0.6069041,0.7727671,0.011825204666949198,0.0009533051564654489,-0.0002018485435985634,0.0038423685819272803,0.009164321289706777,-0.0006624492311005369,0.00010947729597532267,0.005107765306674723,-0.004983607116471279,0.0,0.0,0.0,0.0018496183652386372,0.003047390052232215,-0.00031732983299173303,-0.0013783609212308983,0.0037772983326626276
0.877025,0.6890869,0.75539744,0.72577405,0.7771886,0.88,0.88,0.74774766,0.7333882,0.97959185,1.0,1.0,0.7333882,0.7333882,0.71513206,0.6802374,0.6602671,0.016372162490859432,0.0028409936194109544,-0.005691368167714492,0.004041357281950276,0.0024848847295286924,-0.00010519859630406681,0.0007472036540639788,0.006824344873527215,-0.009580927718942069,0.0,0.0,0.0,-0.0003028355177154579,0.001293625944652671,0.00044590616683166576,-0.0024890051315744743,0.003463906881642684
0.90918756,0.96153843,0.11890386,0.11424096,0.11424096,0.88,0.88,0.39962268,0.37980074,0.97959185,1.0,1.0,0.37980074,0.37980074,0.49656057,0.31023735,0.64526707,0.019697695837518972,-0.0012741305036621014,0.04601425873999989,0.0022372749184965592,-0.0015005675555080631,-0.00041019593010466676,0.0022888509688516697,-0.004906686028394077,0.01674661933567895,0.0,0.0,0.0,0.0032769176774689645,0.007937322186347516,0.0002979103563171573,0.005908471398545975,0.0025606649689520118
0.80781025,0.68095493,0.71786946,0.88049805,0.6757835,0.88,0.88,0.30149758,0.27743366,0.97959185,1.0,1.0,0.27743366,0.27743366,0.40798923,0.5702374,0.23151708,0.011088463983780937,-0.0001272201519852056,-0.005990631315452572,-0.002329707598344406,-0.00044499862792385104,-0.002443022529382138,0.00035141953984444286,-0.00738894343658669,0.0005517364532021109,0.0,0.0,0.0,-0.00700542535185507,-0.01283896981416454,-0.0006013703147612149,0.0011481556578594363,-0.01874403621734746
0.5431409,0.7495128,0.9164368,0.9411765,0.9411765,0.94859445,0.8727212,0.48399758,0.46667585,0.97959185,1.0,1.0,0.46667585,0.46667585,0.5594178,0.61579293,0.52651703,-0.026292623684019766,0.004189469383923751,-0.025397003602162495,-0.00023961672588046623,0.005253238618721944,-0.005166050336505277,0.0018864135230251661,-0.0017589207823209855,0.007051277982715749,0.0,0.0,0.0,0.003107029875805418,0.0055585957563571466,0.00021595889134952135,0.0019057713826100531,0.0011007544117259199
0.90918756,0.96153843,0.11286831,0.1084421,0.1084421,0.88,0.88,0.3339975,0.3096717,0.97959185,1.0,1.0,0.3096717,0.3096717,0.6965605,0.19801511,0.47526705,0.021197769122359503,-0.0014896540094124688,0.05456014274866222,-0.0008562988256100376,0.005054052520122357,-0.0012814715633009633,0.0028775645990513827,-0.008481785133095929,0.016819667754473314,0.0,0.0,0.0,0.0007057945415591735,0.0036602782740194793,-0.0025364921332389095,0.0035293594665306233,-0.0007335637686935668
0.90918756,0.96153843,0.2129679,0.20461622,0.20461622,0.88,0.88,0.6277479,0.62193996,0.97959185,1.0,1.0,0.62193996,0.62193996,0.7065606,0.4291262,0.69026715,0.019005170510727528,-0.0009673872673785444,0.03555666698024426,-0.0043632314846722645,-0.005214857909489761,-0.0006635816700945144,0.0019452511584201382,0.0039865017851144595,-0.005859089677906342,0.0,0.0,0.0,0.0015403821160972259,0.0014062305308978381,-0.00045330764422182694,0.0033106371223837663,0.003975785329147604
0.74348533,0.6765223,0.90391,0.9411765,0.8664516,0.58358324,0.88,0.4852476,0.47251037,0.97959185,1.0,1.0,0.47251037,0.47251037,0.6308463,0.5724597,0.311517,-0.0017107058539183684,0.00012583328715523476,-0.023417677272492447,0.001043192846450194,0.003685896789452477,0.003941524835583902,-0.0007414263547186581,-0.0009569364642094818,0.0073938444410298135,0.0,0.0,0.0,0.0030135916724703675,0.005666492048255009,0.0007108032486669932,0.0005505155856422669,-0.012522478914359092
0.8899728,0.97363144,0.50970644,0.9924483,0.42236182,0.88,0.88,0.75774753,0.75148606,0.97959185,1.0,1.0,0.75148606,0.75148606,0.8379892,0.5113485,0.7127671,0.014174088604887353,-0.0023594800570026666,0.012719889310792114,0.0029278448753017926,-0.01716476333780794,-0.0011796243282600999,0.001685702989207802,0.010238096975659638,-0.015656012311952697,0.0,0.0,0.0,-0.00029143963073414243,-0.003267227714699117,0.0012228196501263568,0.0011897691653877393,0.0022810664162997204
0.84066135,0.6890869,0.7240535,0.7633134,0.7410794,0.88,0.88,0.7252475,0.72176206,0.97959185,1.0,1.0,0.72176206,0.72176206,0.49656063,0.7035708,0.7115171,0.013171812116684724,0.0022564072151869123,-0.0018653725780368169,0.005119263511694612,0.00035730492647950126,-0.0011589993889604129,0.0007035031407056406,0.0070703415925676225,-0.008121515724571256,0.0,0.0,0.0,0.00012863193655345272,0.0018534047880167926,-0.0002014259932458924,-0.003651504578991954,0.003797334859430179
0.83053756,0.83010924,0.77911216,0.7485587,0.9117176,0.88,0.88,0.46712267,0.451781,0.97959185,1.0,1.0,0.451781,0.451781,0.5437035,0.40134853,0.520267,0.010140957717744734,0.002097490273832298,-0.011744712053296644,0.006886748989051441,0.004918017904454001,-0.0016683107698210284,0.001421688444945392,-0.0029957100382949258,0.00948009704911325,0.0,0.0,0.0,0.002366159618798887,0.006081985439427109,0.0007312771698773664,0.001507247507958414,0.0004880186611133444
0.5162126,0.6874442,0.8650515,0.9431936,0.9429901,0.88,0.88,0.5802474,0.5700991,0.97959185,1.0,1.0,0.5700991,0.5700991,0.5865606,0.60468185,0.4727671,-0.03279969524063271,0.0011266499796644485,-0.021288541558781047,0.0016434311599832251,0.006711354380543142,-0.0011205618877575467,0.0015282742176357825,0.0028541531156862964,0.005374332205356847,0.0,0.0,0.0,0.004906628668854556,0.010838113635854256,0.00016882023167454313,0.0014133920332204271,-0.00013114547172948004
0.88542736,0.83870864,0.66511613,0.9924483,0.9429901,0.88,0.88,0.6408727,0.6267445,0.97959185,1.0,1.0,0.6267445,0.6267445,0.54513204,0.6746819,0.5502671,0.020866401043279525,0.005023826140637758,0.0013346296397070236,0.001257281475068529,0.005592353398196779,-0.0008218234443642266,0.0004484601811599239,0.002919261510286419,9.035641925489473e-05,0.0,0.0,0.0,0.0033621390763141066,0.006838423814627076,0.000718107193687055,-0.004489447332323026,0.002147722217098838
0.44837496,0.58038735,0.79178655,0.7607361,0.9117176,0.88,0.88,0.6358727,0.6252778,0.97959185,1.0,1.0,0.6252778,0.6252778,0.6994177,0.5880152,0.5965171,-0.04051137028336229,-0.00018967379675384084,-0.009784242361981343,0.004214780573294806,0.003580549092476902,-0.0009886717084853054,0.00044255514763564174,0.005084692567011499,0.00011945024713495046,0.0,0.0,0.0,0.0017387202418236046,0.0072739501683653784,-0.0015025285288443554,-8.283450109296771e-05,0.0014638672558092507
0.7945182,0.51008976,0.7284913,0.7958741,0.7014841,0.88,0.88,0.4652475,0.44799036,0.97959185,1.0,1.0,0.44799036,0.44799036,0.45370346,0.62245965,0.46026695,0.0075671527174200085,-0.0036457653104812406,-0.007156250556787817,0.004693097071706919,0.0001558822747674638,-0.0012379896579046404,0.00016175044195423384,-0.00198999661828018,0.006465225731012003,0.0,0.0,0.0,0.002369870211329986,0.004592077462638234,-0.0002117087977574976,-0.000535361550301785,-0.0033821936434060068
0.90918756,0.96153843,0.23146348,0.22238648,0.22238648,0.88,0.88,0.56149757,0.5537181,0.97959185,1.0,1.0,0.5537181,0.5537181,0.32227474,0.78357077,0.44401705,0.01693160460414547,-0.00014812736176641607,0.03197757973866082,-0.0014387451264523442,-0.012436115419463774,-2.6768579492511938e-05,0.0005204228668370357,0.00119028582367223,1.2877563159526816e-05,0.0,0.0,0.0,0.001729511384323817,0.0020855265163830096,-0.002399980300024442,-0.008145985032530521,-0.0009758118098568019
0.5983751,0.5685181,0.7058958,0.9748012,0.7523643,0.88,0.88,0.17087245,0.13775657,0.97959185,1.0,1.0,0.13775657,0.13775657,0.2194177,0.4257929,0.40276706,-0.017850415194668158,-0.003603700600453145,-0.0016322479653129685,-0.009860642025301774,-5.1278684394058664e-05,-0.00374048920224889,0.0001852563474847678,-0.01716813313947418,-0.008481756920284774,0.0,0.0,0.0,-0.015925018597896717,-0.032259240707913264,-0.0024280423264936217,8.922662369997371e-05,-0.008509155503803224
0.58053756,0.7495128,0.7934312,0.9411765,0.81725186,0.6594933,0.88,0.48024762,0.4672023,0.97959185,1.0,1.0,0.4672023,0.4672023,0.4665607,0.5502374,0.43901706,-0.02141311210891983,0.002377670238036394,-0.010891074280481914,-0.0003299269781150771,0.0024543010185654702,0.003667408908035664,0.00037106116655245895,-0.0013636647032362497,0.007377195484052011,0.0,0.0,0.0,0.003714089152985016,0.005555787131552284,7.588591939018982e-05,0.001370592468736278,-0.0038144589741696063
0.90918756,0.96153843,0.3064338,0.2944168,0.2944168,0.88,0.88,0.8233726,0.8238585,0.97959185,1.0,1.0,0.8238585,0.8238585,0.8108463,0.58023745,0.7977671,0.014147180443832688,-0.0008881757294370245,0.023985049127617356,-0.005708361502128989,-0.01154264635013331,-0.0004365668866916838,0.0012211245084601898,0.00775762110723769,-0.027353197809087727,0.0,0.0,0.0,-0.0027885354145578208,-0.006434561468763145,0.0003190682901573372,-0.0010324559764764778,0.005563317971706068
0.90918756,0.96153843,0.14741205,0.14163119,0.14163119,0.88,0.88,0.42962265,0.41404527,0.97959185,1.0,1.0,0.41404527,0.41404527,0.45798922,0.47245967,0.525267,0.018039884127520743,0.0010629251296194239,0.042881336895325015,0.0030304410435269095,-0.004600277133010389,-0.0003787986688404044,0.002030844133853733,-0.002551821025708619,0.013063114932584965,0.0,0.0,0.0,0.0034791974319735553,0.00724318770746098,-0.00011051906093086213,0.00221955733703847,0.0005575067366470098
0.90918756,0.96153843,0.39621395,0.38067615,0.38067615,0.88,0.88,0.81212246,0.810017,0.97959185,1.0,1.0,0.810017,0.810017,0.67084634,0.6491263,0.7940171,0.019931783546959417,-0.0014262867462997838,0.01917192103057805,-0.0033542980194732714,-0.013068832383647078,-0.0007301606459288515,0.0008809120724399578,0.008539128819523139,-0.023051950920768664,0.0,0.0,0.0,-0.0015906762144285772,-0.004958370934090351,0.001012410027362221,-0.0021967455800238054,0.00467707174330383
0.90918756,0.96153843,0.16168605,0.15534543,0.15534543,0.88,0.88,0.4833727,0.46925554,0.97959185,1.0,1.0,0.46925554,0.46925554,0.7437035,0.22245958,0.64526707,0.02250398616635621,-0.0005731542037804882,0.04530601101907701,-0.0013921879731696601,0.00030321952397416925,-0.0007028165937093315,0.0025899557577343624,6.538244062571974e-05,0.00774686525136036,0.0,0.0,0.0,0.0030700816148938664,0.005900355981446108,-0.002250876405376098,0.005919227308237609,0.00280022830798353
0.9032648,0.80040306,0.7395321,0.96780485,0.9748012,0.88,0.88,0.54462254,0.52791566,0.97959185,1.0,1.0,0.52791566,0.52791566,0.7265606,0.48357064,0.55776703,0.024434108259847237,0.0033774728177204537,-0.005240107286570806,0.0021617030061797118,0.00246781489829155,-0.0009841294691420852,0.001562312529276594,0.001505207010565126,0.005907146499844897,0.0,0.0,0.0,0.00404471988213806,0.00797837313217116,-0.002607960853194615,0.001405176307206223,0.0016397477365709457
0.8029205,0.6771979,0.8776108,0.8431947,0.9411765,0.88,0.8727212,0.6733726,0.66711754,0.97959185,1.0,1.0,0.66711754,0.66711754,0.67084634,0.51357067,0.66901714,0.009165248881796706,0.0015316579959958093,-0.016042918536018004,0.004176433491310712,0.007507278522092117,-0.0008003804993244429,0.0011732216402680002,0.006940903796519603,-0.0008281664567770992,0.0,0.0,0.0,0.0013253605932026923,0.00618587242264299,-8.111579467396289e-05,0.0010936858955870453,0.0034373028078777752
0.7753035,0.74951065,0.8978044,0.9411765,0.9431936,0.752257,0.88,0.49587274,0.48139146,0.97959185,1.0,1.0,0.48139146,0.48139146,0.472275,0.5113485,0.53776705,0.006317442044168333,0.003347244738059212,-0.02391962989678284,0.0004902877513075327,0.006665229256874027,0.002330173454886685,0.0015297154343890263,-0.000626661691164317,0.008147105640874886,0.0,0.0,0.0,0.004103989959551027,0.0075161150598475925,0.0005046937166732364,0.001337227673149412,0.001497870641514039
0.6987194,0.7456876,0.8787329,0.9486862,0.8586648,0.88,0.88,0.5164974,0.4956721,0.97959185,1.0,1.0,0.4956721,0.4956721,0.6237035,0.6202374,0.42901707,-0.008023549840828275,0.0020322266124631503,-0.023204812692623897,-0.0003684118351951197,0.004171746903803461,-0.0013017507603269051,0.0007102481930977441,7.023225767111757e-05,0.006278500730530597,0.0,0.0,0.0,0.0037890340679635243,0.007353140525695357,0.0002326398859470412,0.0011601326114993903,-0.0029503602564017305
0.61166716,0.5609757,0.8288885,0.9924483,0.9748012,0.88,0.88,0.4214977,0.40417713,0.97959185,1.0,1.0,0.40417713,0.40417713,0.42941776,0.6569041,0.2840171,-0.01811645269594951,-0.005284934516862932,-0.015911487223442974,-0.006154461032415456,0.0011362363625727762,-0.001824810151987533,-0.0007143772351616339,-0.0033964282504916547,0.0017341647467330743,0.0,0.0,0.0,-0.0005230578528091088,-0.004611370190002106,-8.220812585632712e-05,0.0007960040325420172,-0.018157425313127303
0.86621255,0.8149628,0.8735588,0.9411765,0.9411765,0.7275613,0.7275613,0.42399776,0.4099092,0.97959185,1.0,1.0,0.4099092,0.4099092,0.36227486,0.58912635,0.374017,0.022247333391419398,0.006203851639806885,-0.020003427666347884,-0.0011441940909485244,0.005196416751087464,0.004240733556647159,0.00017815459065671156,-0.0037312828771944974,0.005376377486383806,0.0,0.0,0.0,4.311943028720074e-05,0.0011915707372719714,-0.0007639257080052815,0.0011099644494579227,-0.006411717964567032
0.88962847,0.6537348,0.7535213,0.9411765,0.9411765,0.81621236,0.7724515,0.3952477,0.37632382,0.97959185,1.0,1.0,0.37632382,0.37632382,0.36656052,0.40134853,0.6365171,0.021956405036649786,0.0008067464356685106,-0.006869565674980688,-0.0045347713027301525,0.004785209672523783,0.0010497567546297354,0.00035289990690121406,-0.0053421746826037815,0.00524905871110823,0.0,0.0,0.0,-0.00053141273567095,0.0011019808214513818,-0.0005092789828740993,0.0016754087443624469,0.0054982345201354055
0.86724555,0.83164656,0.8336622,0.9411765,0.9924483,0.74491245,0.88,0.7521225,0.74981874,0.97959185,1.0,1.0,0.74981874,0.74981874,0.59513205,0.635793,0.77401716,0.019036967048076562,0.0030280982083346424,-0.010814051089274206,0.0027388789816138654,0.009165112905571265,0.001607669412525779,0.0013283330687359764,0.007702690917031788,-0.009655225588585215,0.0,0.0,0.0,-0.0003956581847261911,0.0024724734196496247,0.0007084583593271657,-0.0024715069114877894,0.003895406543453568
0.7158682,0.7585096,0.8227688,0.7905034,0.9411765,0.88,0.8836999,0.6739975,0.6681002,0.97959185,1.0,1.0,0.6681002,0.6681002,0.5708464,0.6591263,0.54776704,-0.00033520782961684594,0.0027244393584546977,-0.011916878096360928,0.005121519390923708,0.00709646861547917,-0.0006107850618182896,0.0011063581845783957,0.005584149052907384,-0.0037172131048739815,0.0,0.0,0.0,0.0007921593217816948,0.0046813466509747735,0.0005268686372840808,-0.0026100035984321424,0.000788849655326687
0.7392841,0.83870864,0.76519793,0.9411765,0.9117176,0.752257,0.88,0.31524777,0.29217598,0.97959185,1.0,1.0,0.29217598,0.29217598,0.3508463,0.45245954,0.369017,0.002571119039732648,0.006798727523910839,-0.010643361673499973,-0.003098186151083079,0.0004031808786721888,0.002355613411395026,0.0011156404207215327,-0.007722519339122789,0.003023763950521353,0.0,0.0,0.0,-0.005263424988133969,-0.009183749303872328,0.00044662772369470833,0.000923702061711543,-0.008802697443965269
0.49382958,0.56510496,0.82835877,0.84363586,0.9748012,0.88,0.88,0.19524741,0.16094136,0.97959185,1.0,1.0,0.16094136,0.16094136,0.5108463,0.16801517,0.40276706,-0.037372035150751534,-0.0034381476879962267,-0.02129828597003319,-0.0004723979097782663,-0.002251383623019588,-0.0025781823419180148,0.00041476575393829823,-0.014421163003436441,-0.004919499022929782,0.0,0.0,0.0,-0.014265355086746834,-0.029060858660718055,0.000763798322978451,-0.002971539626680353,-0.008214623325248065
0.87599206,0.7996887,0.71826285,0.9748012,0.6919918,0.88,0.88,0.6977477,0.69783413,0.97959185,1.0,1.0,0.69783413,0.69783413,0.6437035,0.6702374,0.6115171,0.01746331175094905,0.002896473259775054,-0.0023135364036299512,0.002252977428422234,-0.003163012200441153,-0.0013135490454343874,0.0018419057812402758,0.007254608576573153,-0.005468750623044793,0.0,0.0,0.0,0.0006612155688837016,0.0024923236930209235,0.001417059570426675,-0.0024185357028261713,0.001960922589456073
0.67564774,0.83870864,0.69167715,0.9411765,0.9748012,0.8199039,0.88,0.2558726,0.23130175,0.97959185,1.0,1.0,0.23130175,0.23130175,0.27227482,0.47468174,0.27276707,-0.007479481743220866,0.0063493343908884135,-0.0013290140561326835,-0.0046770738916107266,-0.0009373960084601457,0.000894040641047092,0.0004717789409538117,-0.00915367005011805,-0.0012603110771242853,0.0,0.0,0.0,-0.010208009907765526,-0.01828526740031523,-0.00023825057455164513,0.0007579033072672475,-0.015220202220448729
0.78473866,0.73421746,0.8493799,0.9411765,0.83112794,0.6435862,0.88,0.48149776,0.47085878,0.97959185,1.0,1.0,0.47085878,0.47085878,0.60084635,0.4380152,0.462767,0.01007628063941711,0.004131495993361375,-0.014574801041477448,-4.928733568824284e-05,0.0019111492124858753,0.004592233675121745,0.0007714077044913619,-0.0008317437606229796,0.007222182336613129,0.0,0.0,0.0,0.003933444135619288,0.007283233670890117,0.0006826569045819195,0.0015351304968327206,-0.001907022425714415
0.90918756,0.96153843,0.25445643,0.24447773,0.24447773,0.88,0.88,0.6083727,0.592715,0.97959185,1.0,1.0,0.592715,0.592715,0.4094177,0.53134847,0.77401716,0.01948492459671516,-0.00033400607957470346,0.03606094366823109,0.0009040370312376305,-0.011589086918746445,-0.00045031379959020463,0.0014024820560631717,0.004433184768238944,-0.004117271123618979,0.0,0.0,0.0,0.0016159956034750903,0.0017558975994374259,-0.0013731368158972712,8.285977552262987e-05,0.0044083185607089615
0.81270003,0.3643768,0.8363567,0.9411765,0.78439045,0.7562161,0.88,0.36587262,0.34368384,0.97959185,1.0,1.0,0.34368384,0.34368384,0.46370342,0.3691262,0.44526708,0.013981653501471271,-0.00940769211780031,-0.017202963490075773,-0.001748325855081586,0.0005315384715171051,0.0019356143432300748,0.000270251927088403,-0.005458995103454411,0.005556014923051904,0.0,0.0,0.0,-0.0014492161257696381,-0.003783167763017129,-0.00046258042058187,0.0024147198137557725,-0.005030202329891585
0.7672455,0.83164656,0.7225025,0.8431947,0.9748012,0.88,0.88,0.54962254,0.53622967,0.97959185,1.0,1.0,0.53622967,0.53622967,0.67084634,0.51357067,0.4715171,0.004006106194619592,0.0030678924999464835,-0.0023758000359946152,0.0063441436228590985,0.004503035927577588,-0.0013329239617384265,0.0008809368356382539,0.0010717519371582266,0.00779313984916822,0.0,0.0,0.0,0.004593094992979406,0.009068213105207348,-0.000964633168435134,0.0016418953092142128,-0.0017949756562079206
0.785083,0.71548617,0.7343194,0.70552254,0.9411765,0.88,0.71563107,0.30462253,0.27609983,0.97959185,1.0,1.0,0.27609983,0.27609983,0.3794177,0.36468178,0.51526713,0.009177797399557364,0.00250250653776662,-0.0045700958847941795,0.009915699720570525,0.0013949009745272975,-0.0028490040446718518,0.0002696875753628346,-0.008412230320447956,0.004003607664791008,0.0,0.0,0.0,-0.0057067612051240404,-0.009659856321049846,0.000556405370841747,0.0002680301386312776,-0.0016782927539447951
0.8623557,0.7456876,0.8287171,0.9376084,0.76676816,0.88,0.88,0.27524757,0.2492726,0.97959185,1.0,1.0,0.2492726,0.2492726,0.42941776,0.23357074,0.39651704,0.015070185375616664,0.002670151138245819,-0.021929437271101034,-0.006963720867824643,-0.00025198428031722925,-0.001983365647250041,0.0007459015643520432,-0.012785536166779217,-0.0005919179816009138,0.0,0.0,0.0,-0.00893559156310605,-0.016639531621885504,0.00017143329236217974,-0.0019044767872800337,-0.008515514656786145
0.8172455,0.77695835,0.63582796,0.9429901,0.64639723,0.88,0.88,0.38462257,0.36593336,0.97959185,1.0,1.0,0.36593336,0.36593336,0.34513202,0.38245964,0.50651705,0.014207935128144172,0.003610165938523036,0.005407181645021702,-0.0037417691434094547,-0.0007438738118812527,-0.002454175097141873,0.0017123225322238447,-0.006819796186138899,0.008770017125348806,0.0,0.0,0.0,-0.00020699971975352886,0.002050778471899978,-0.0004594313985495995,0.0019038137486929055,0.00032859501433485247
0.6847387,0.61109716,0.87186223,0.8376715,0.9748012,0.88,0.88,0.4227476,0.40280586,0.97959185,1.0,1.0,0.40280586,0.40280586,0.67227495,0.35357073,0.457767,-0.007306651661371335,-0.00011116648239878075,-0.022894520580841835,0.0033972102905871844,0.0023404731125983257,-0.002127431147781918,0.0011634691873234687,-0.005243345905879442,0.005292315168831425,0.0,0.0,0.0,-0.00014774050160381796,-0.002501965368352435,0.0003131743705200099,-0.0001751838580181923,-0.0033118135852045665
0.46655685,0.68419844,0.8268586,0.9924483,0.84252554,0.88,0.88,0.4777478,0.45456386,0.97959185,1.0,1.0,0.45456386,0.45456386,0.4922749,0.3946818,0.5715171,-0.03764950980066842,0.0019990966345276666,-0.017842241799603035,-0.0015197791195448401,0.0011458789105578773,-0.002498723407051749,0.002270603536245471,-0.0027966759157720977,0.006595885040413731,0.0,0.0,0.0,0.0018895240294092076,0.003411407803625839,0.0004795234603561478,0.0005511304553498792,0.0021095069185157766
0.88928413,0.84251547,0.6157362,0.9411765,0.9411765,0.98459446,0.8727212,0.4177475,0.397439,0.97959185,1.0,1.0,0.397439,0.397439,0.44227484,0.50023735,0.484017,0.025727921257900258,0.0059707760511029506,0.010458643464101736,-0.0020541648016600463,0.00018516165446128954,-0.007365356789629935,0.0008000433764833512,-0.004494681483756169,0.004715682364031839,0.0,0.0,0.0,-0.002933075154428206,-0.0020822308380015904,0.0007891851173754689,0.0010365589868417601,-0.002174805952058278
0.86690116,0.88080406,0.7930025,0.9411765,0.89828634,0.7960362,0.88,0.8227477,0.81068164,0.97959185,1.0,1.0,0.81068164,0.81068164,0.6251321,0.62134856,0.9177671,0.01516947553721247,0.0015763980706652706,-0.009035752700440894,0.004144627636024,0.006302409299990086,0.0005176058295519188,0.0009810148581271873,0.009809368103506267,-0.019439152992674114,0.0,0.0,0.0,-0.003396449004351814,-0.0032491670375986662,0.001139911682012944,-0.002500795719422883,0.003582085652396044
0.8529205,0.672223,0.8227688,0.9411765,0.9411765,0.78728664,0.45250803,0.4696226,0.4518317,0.97959185,1.0,1.0,0.4518317,0.4518317,0.48656067,0.456904,0.484017,0.01588668295168276,0.002438065112271158,-0.01748122811168852,-0.002544216911391046,0.007805046583326338,0.002542750038023824,-0.011903908106713846,-0.0031447855316379413,0.006794651036627249,0.0,0.0,0.0,0.0016600376963619324,0.005123218732201982,0.00046780446228547877,0.0009433632758621871,0.0005298913219568139
0.5756478,0.6729929,0.76148367,0.73162156,0.9748012,0.88,0.88,0.47087264,0.45444444,0.97959185,1.0,1.0,0.45444444,0.45444444,0.42941776,0.55023736,0.48151708,-0.020818189625095348,0.002125457791363462,-0.007177543033079303,0.007060129533745006,0.0015636605649616338,-0.0017492584897992117,0.0002512086444629137,-0.00158554559544066,0.007062907107204489,0.0,0.0,0.0,0.0026620492726527932,0.004193863312413475,0.0010993679922249768,0.0010272470572935566,-0.0012693992754259408
0.8441739,0.82617176,0.7728139,0.8921793,0.9411765,0.88,0.5598842,0.6458727,0.6391269,0.97959185,1.0,1.0,0.6391269,0.6391269,0.6265607,0.7469041,0.451517,0.016400874423301355,0.002312113600474888,-0.005714385739062423,0.004209144173005251,0.006301463229244247,-0.0016263878531534665,-0.002324944615739146,0.005517778591532911,0.0005941073465103363,0.0,0.0,0.0,0.004285567585119429,0.007754392373398554,0.0003226909050907102,-0.0033262568528105853,-0.0005853278027833107
0.7081546,0.7805235,0.5816587,0.9924483,0.8272962,0.88,0.88,0.25899756,0.22778316,0.97959185,1.0,1.0,0.22778316,0.22778316,0.2465605,0.41134855,0.352767,-0.004840469496588291,0.004428981572890246,0.010131888089210318,-0.009976002027592008,-0.001281751934001975,-0.0024968251448598856,0.0004247322576447283,-0.01218016632817671,-0.003831583754620232,0.0,0.0,0.0,-0.01092114114528615,-0.01930783777068775,-0.0019391793127414342,0.0007955011698966612,-0.009332075740755681
0.90918756,0.96153843,0.14753719,0.14175141,0.14175141,0.88,0.88,0.36962295,0.34623668,0.97959185,1.0,1.0,0.34623668,0.34623668,0.62798923,0.34801516,0.5390171,0.023016450804488067,-0.000971318602449817,0.04789947836472488,0.0028005668245329367,0.002302319738073235,-0.0009458005532133556,0.0029041481841420675,-0.005335234791882501,0.012430360349392752,0.0,0.0,0.0,0.00141803605429491,0.00507391972169061,-0.0007872911683078402,0.0030443225659437904,0.001537361111228949
0.90918756,0.96153843,0.26574495,0.25532356,0.25532356,0.88,0.88,0.7046225,0.70327765,0.97959185,1.0,1.0,0.70327765,0.70327765,0.6465606,0.6380152,0.6415171,0.016709985865087967,-0.0012233876347569035,0.029326455116412405,-0.00433492551552752,-0.010432182872430931,-0.0006704837396175061,0.001431144654461273,0.005720091896723899,-0.015436350272127317,0.0,0.0,0.0,-0.00019153316689040002,-0.002804418112648371,0.00026666696208967045,-0.0030245084960433995,0.002665891866788429
0.8899728,0.9794986,0.4372852,0.9411765,0.42013678,0.8986786,0.88,0.7439977,0.7406762,0.97959185,1.0,1.0,0.7406762,0.7406762,0.815132,0.676904,0.531517,0.015689793400230093,-0.000823096718913204,0.01478406558638366,0.003588363586292442,-0.01341917410334348,-0.0009668347291159321,0.0009004913728351193,0.0072585429227367,-0.01377996889525315,0.0,0.0,0.0,0.000901167394091728,0.00016979576165295927,0.00010208751997770881,-0.0025323404804755423,0.0006490069894082444
0.7808819,0.77695835,0.66908956,0.8176788,0.88043445,0.88,0.88,0.2552476,0.2268369,0.97959185,1.0,1.0,0.2268369,0.2268369,0.40227494,0.3902374,0.3677671,0.007796477745220203,0.004108516678206326,0.002886174376601182,0.003833754637683147,-0.0006404502894169484,-0.002887604507029625,1.722485657051749e-05,-0.0098987342880059,0.0012583523587877928,0.0,0.0,0.0,-0.010003646373478881,-0.017626831526318616,0.0004245897973652309,0.00032613055611958533,-0.01087123522306185
0.7805376,0.9363225,0.29104945,0.9411765,0.27963576,0.85377544,0.88,0.6271225,0.61246216,0.97959185,1.0,1.0,0.61246216,0.61246216,0.76798916,0.5480152,0.5140171,0.004081120128363066,-0.0013123388052922232,0.028792667119492597,0.0017408841909279935,-0.013833146341771766,-0.0003402967778393049,0.002185547870949324,0.004595113276495336,-0.001475706721074394,0.0,0.0,0.0,0.002545419177712862,0.003019136775336929,0.00011361304941701143,0.0003984936103113941,0.00014064761120382866
0.3389398,0.44572905,0.8478154,0.9411765,0.95033264,0.5313429,0.88,0.48149776,0.4574578,0.97959185,1.0,1.0,0.4574578,0.4574578,0.34513202,0.65468186,0.52276707,-0.050756526529472656,-0.010621748997362932,-0.01608297833605221,-0.0013551609943503456,0.0013870538899320689,0.00525618077490036,-0.0017691579570815802,-0.0018325251529390102,0.004937387194817207,0.0,0.0,0.0,0.002413069238161375,0.0016756483676627315,-5.739767513092406e-05,-0.0020227055578959266,-0.00017916741507984445
0.90918756,0.96153843,0.24908254,0.2393146,0.2393146,0.88,0.88,0.6077477,0.60087574,0.97959185,1.0,1.0,0.60087574,0.60087574,0.91084635,0.39579296,0.46026695,0.0173029012047727,-5.7091933476826896e-05,0.027971160916766786,-0.0062393030618719345,0.0009103356232824371,-0.0009362584880312685,0.001412167583231806,0.0029475504787606064,-0.004113458550415998,0.0,0.0,0.0,0.0014312065298313558,0.001398756357904789,-0.00411865513055292,0.0038646555989598767,-0.0015394207253740472
0.907466,0.680253,0.8470139,0.81379765,0.9411765,0.88,0.6713469,0.62274766,0.6112272,0.97959185,1.0,1.0,0.6112272,0.6112272,0.6265607,0.5391263,0.5965171,0.02351547832012915,0.002223992775845269,-0.013062205744712866,0.006680969317742215,0.007979614668788266,-0.0009818906092508705,-0.0010930458577724576,0.003883808743759658,0.004208202659513695,0.0,0.0,0.0,0.0036927136914161984,0.007297009329280042,0.0001487934494244629,0.0013310715520542984,0.001950059803914642
0.90918756,0.96153843,0.10125519,0.0972844,0.0972844,0.88,0.88,0.4939977,0.47666782,0.97959185,1.0,1.0,0.47666782,0.47666782,0.70798916,0.38912624,0.47901702,0.018691339900013086,0.0007581809895099256,0.04522565169712481,-0.0011108546473791087,0.005721671222213842,-0.0006357488771112196,0.001425870284582513,0.0003424897172754036,0.0058339412962779245,0.0,0.0,0.0,0.0032649012665842457,0.0056534314583795205,-0.00140735366415772,0.003768708351571757,-0.0007374027731441221
0.51304436,0.47230574,0.61403954,0.9411765,0.9411765,0.62410676,0.37119797,0.2777474,0.24808446,0.97959185,1.0,1.0,0.24808446,0.24808446,0.40798908,0.28801516,0.42901707,-0.03405965981653809,-0.004596701941618112,0.007144785477876431,-0.005759060229427705,0.002904352170109052,0.00932864394659542,-0.005721430406778099,-0.010850668402953977,-0.0003457625762423165,0.0,0.0,0.0,-0.008516909642821743,-0.016620864267130282,0.0017813371235936076,-0.0021638929160693087,-0.00498482142152881
0.6847387,0.7456873,0.8817905,0.9924483,0.9924483,0.88,0.88,0.41024756,0.38959694,0.97959185,1.0,1.0,0.38959694,0.38959694,0.49227497,0.475793,0.36026704,-0.0062537341756755535,0.003857909903164826,-0.02348986455053659,-0.003759722894715939,0.0031551657799152965,-0.0024280187482979315,0.0006454542576273592,-0.004255620457609759,0.004797102250379029,0.0,0.0,0.0,-0.0006655464124634864,-0.0010245866596909757,0.00046773670526366356,0.0010201931118070274,-0.008852334242903442
0.7211024,0.6917415,0.9487588,0.9411765,0.82568055,0.5994112,0.88,0.57962275,0.5716299,0.97959185,1.0,1.0,0.5716299,0.5716299,0.42370346,0.5835707,0.6802671,0.0025420152010869903,0.002536995854074781,-0.026380789631404885,0.000927886594953321,0.003016041243750983,0.005095986067584084,0.0013206661720643305,0.0031233945270987902,0.0027995012750725813,0.0,0.0,0.0,0.0028633934008629,0.007477975633652007,-0.0005657577306654184,-0.00019753009280236238,0.006141644013123865
0.90918756,0.96153843,0.3008941,0.28909433,0.28909433,0.88,0.88,0.73712265,0.73334765,0.97959185,1.0,1.0,0.73334765,0.73334765,0.8508463,0.3813485,0.78526706,0.019034690024998045,-0.0007204390062377641,0.02840241847057511,-0.004055206190739537,-0.0072280050259492,-0.0007705257963570311,0.0015345165777855036,0.006782956801083199,-0.015782883082653177,0.0,0.0,0.0,-0.00021840808781992607,-0.002210069201967332,-0.0018181938059193916,0.004344934344172422,0.005236627338488173
0.90918756,0.96153843,0.12651381,0.12155249,0.12155249,0.88,0.88,0.4227475,0.3945066,0.97959185,1.0,1.0,0.3945066,0.3945066,0.6937035,0.45245966,0.28401697,0.022035700435485518,0.0017632906445934013,0.04822514232953126,-0.0009143850421486835,0.004028852347620809,-0.0008909595096600917,0.0029499396330747566,-0.0024230120335122594,0.012774108229534677,0.0,0.0,0.0,0.00305250465754339,0.005974805895030883,-0.0016924866219224291,0.0022549497180618236,-0.008840476240228531
0.6759921,0.71546835,0.6937139,0.66650945,0.9924483,0.88,0.88,0.3858726,0.3679713,0.97959185,1.0,1.0,0.3679713,0.3679713,0.42370346,0.41912618,0.44526708,-0.006740971047483235,0.0024419888468058194,-2.066574732875248e-05,0.008194828999431676,-0.00173166411432179,-0.0015055484774627087,0.0003938091442244228,-0.0041156764811512295,0.006324163677847921,0.0,0.0,0.0,-0.0015446581006343253,-0.0028642532187609466,0.0016530843457936981,0.0015825694210563684,-0.005192865178368249
0.90918756,0.96153843,0.18479359,0.17754678,0.17754678,0.88,0.88,0.49837267,0.48637778,0.97959185,1.0,1.0,0.48637778,0.48637778,0.35941765,0.5502374,0.54776704,0.01768620230936901,-8.294260486929443e-05,0.03945056357606731,0.002614204285296535,-0.009404186667152538,-0.0005662227203026908,0.0015325776961595129,3.8173779783949314e-05,0.006861564597447888,0.0,0.0,0.0,0.0028894316678734116,0.0053146377199903795,-0.0013490693342764703,-0.00018434042367040381,0.0011868862409162787
0.78053755,0.77721995,0.67763937,0.9411765,0.77994853,0.7522566,0.88,0.3483727,0.32767913,0.97959185,1.0,1.0,0.32767913,0.32767913,0.5494178,0.35801518,0.44026697,0.006308197787643352,0.00471137369339135,0.0019250627309997225,-0.0016744901645509935,0.00020833515300723335,0.0029273421214185665,0.0008355827859541287,-0.007087807226615869,0.005579557066993006,0.0,0.0,0.0,-0.0031343502837885284,-0.005547442308060066,0.000812479206438233,0.0009222925643220367,-0.004578654410531245
0.5756478,0.59224445,0.68097645,0.9748012,0.9924483,0.88,0.88,0.43149757,0.41340715,0.97959185,1.0,1.0,0.41340715,0.41340715,0.32227474,0.6946819,0.39776707,-0.02064024680093262,-0.0031520675359918205,0.00041768104096092,-0.0042659146847628445,-3.421127927351573e-05,-0.0016360386559940805,-0.000781096470589837,-0.0022107130508631236,0.004772630855620784,0.0,0.0,0.0,0.001359156322887206,0.0014966391371601957,-0.00047466671020776743,-0.001245264430316248,-0.007543493439584717
0.7445182,0.77695835,0.7587463,0.72899157,0.9411765,0.88,0.6880367,0.24337292,0.21678331,0.97959185,1.0,1.0,0.21678331,0.21678331,0.54227495,0.25245965,0.36776698,0.001345538327534771,0.004559098263114335,-0.010936604997248753,0.006007943648287401,-0.000350602625250543,-0.0022653812280035643,-0.0009067710549781001,-0.01150311224241737,0.0014813824451760142,0.0,0.0,0.0,-0.01000329635832056,-0.01757344517107511,0.0007296324868858625,-0.002784541780507795,-0.010803812328677576
0.9036091,0.83870864,0.76927924,0.9411765,0.77769023,0.81621236,0.88,0.5789975,0.57231253,0.97959185,1.0,1.0,0.57231253,0.57231253,0.28798908,0.6291263,0.7115171,0.021985345802025703,0.0035007671868985905,-0.007723578077228253,0.0009386519734795991,0.0038768939685192194,0.0005917650558850658,0.0024062399673162034,0.0030688753291285664,0.0024065386658773417,0.0,0.0,0.0,0.003405981283378725,0.006111050727892877,-0.00506405377225639,-0.00163231106862748,0.004427509961755973
0.6584989,0.7033193,0.7789968,0.9411765,0.91916525,0.81621236,0.88,0.4108727,0.39310762,0.97959185,1.0,1.0,0.39310762,0.39310762,0.34656048,0.3813485,0.5765171,-0.011792610663203376,0.0021548108080471657,-0.011976742231919982,-0.002269933226213574,0.0031940533683747154,0.0001834544599868897,0.0008232480216166819,-0.004364078488128159,0.007056245874401398,0.0,0.0,0.0,7.963228107020792e-05,0.0001187181689953358,6.478628893854029e-05,0.0014583391316091976,0.002525951529560329
0.90918756,0.96153843,0.043321714,0.041622825,0.041622825,0.88,0.88,0.26962256,0.24674752,0.97959185,1.0,1.0,0.24674752,0.24674752,0.16227476,0.44579294,0.577767,0.016385710304006564,-0.0008980901971829588,0.05194119925889615,0.013918745863068283,-0.0011014695651189858,-0.0008892865691355009,0.002071113700011971,-0.012432661441243347,0.023309007947027855,0.0,0.0,0.0,-0.0007065789959008261,0.008897356046289164,-0.00668909638570556,0.0033233026734879145,0.0010857458195103733
0.78053755,0.76849824,0.69174486,0.9376084,0.965827,0.88,0.88,0.6096227,0.58902854,0.97959185,1.0,1.0,0.58902854,0.58902854,0.43798923,0.48912632,0.77026707,0.008636576780309723,0.0032332957909444304,-4.447413716168969e-05,0.0033119477252378416,0.00787950835146627,-0.0010991589774397115,0.001774062571843081,0.003694089451247238,0.0035489403709738055,0.0,0.0,0.0,0.003614512893836339,0.006726008064144695,-0.00023433576732580016,0.001776104499968028,0.005170799294852619
0.6759921,0.71546835,0.6919272,0.9748012,0.74690026,0.88,0.88,0.45087266,0.4373849,0.97959185,1.0,1.0,0.4373849,0.4373849,0.3194177,0.41468185,0.6927671,-0.006795691547623986,0.002660001276763694,-0.002921436918081258,-0.009411635123183148,0.002730728706821908,-0.0015341311623189983,0.001981250676819108,-0.004102796915526325,0.006757330992086256,0.0,0.0,0.0,0.0024669512571247176,0.005267049506397567,-0.0009089417810721387,0.0015459734327128982,0.005133357122177193
0.49314094,0.80040306,0.9106696,0.9411765,0.9748012,0.8090758,0.88,0.37212265,0.3520733,0.97959185,1.0,1.0,0.3520733,0.3520733,0.5708464,0.3402374,0.37526715,-0.03527123246851382,0.004943622618608996,-0.029600942387466325,-0.003121047882503874,0.002201047884552844,-0.0005260353774364803,0.00047961228808308666,-0.006376772100489313,0.00364275107703525,0.0,0.0,0.0,-0.002318707791078613,-0.006519327853702402,0.00045420784839487154,-0.0014451657716783195,-0.008271590775661952
0.90918756,0.96153843,0.343641,0.33016488,0.33016488,0.88,0.88,0.8296226,0.8358552,0.97959185,1.0,1.0,0.8358552,0.8358552,0.5579892,0.9269041,0.6127671,0.016224938030728595,-0.000651510900294201,0.019442362487773736,-0.0068607917752499,-0.015033102614036342,-0.0002612868692350118,0.0005412857538365461,0.00659818492177092,-0.029658665895603318,0.0,0.0,0.0,-0.004507626779812302,-0.009750695438876772,0.0004919672010623362,-0.010496493017374778,0.0014363914734502902
0.84871936,0.79605037,0.7585458,0.8627297,0.9748012,0.88,0.88,0.5833726,0.57626903,0.97959185,1.0,1.0,0.57626903,0.57626903,0.5994178,0.6013485,0.50151706,0.016754798544150188,0.0041711465196309526,-0.002344041574949414,0.0049389617037565265,0.006163847935944997,-0.0009259711522011997,0.000830313302099473,0.0028626659162265576,0.004927129056251838,0.0,0.0,0.0,0.005120229801498113,0.01028944657930468,0.00044253890041223265,-0.0008793454506922618,0.00042398115204524746
0.90918756,0.96153843,0.2493163,0.2395392,0.2395392,0.88,0.88,0.57587266,0.5651627,0.97959185,1.0,1.0,0.5651627,0.5651627,0.5108462,0.62134856,0.7465171,0.02131715992135529,-0.0004878428278062586,0.03679446719677007,-0.001854999948831454,-0.012517723269920768,-0.00048109681237615845,0.0016028240459663938,0.003055747384314441,-0.0011796634638883763,0.0,0.0,0.0,0.0021710048660121863,0.0023100196726664616,0.0003518120942266306,-0.002101096112307807,0.0034483416634139264
0.6983751,0.7456873,0.9144166,0.9411765,0.9411765,0.8727212,0.6883094,0.3964976,0.37472528,0.97959185,1.0,1.0,0.37472528,0.37472528,0.5165606,0.29690403,0.5440171,-0.006234186155327432,0.002924426731922056,-0.03023770392876689,-0.0028524470994302316,0.00526621966123538,-0.002548114500843214,-0.0014496536383697858,-0.007146104102621428,0.005467644083572231,0.0,0.0,0.0,-0.0009709507320059941,-0.0025712455571611425,0.000923889208797943,-0.0022771352886941814,0.0020369715006207235
0.90918756,0.96153843,0.47106868,0.45259538,0.45259538,0.88,0.88,0.9633727,0.9535748,0.97959185,1.0,1.0,0.9535748,0.9535748,0.85084635,0.5546818,0.9902671,0.016854325522814854,-0.0018895630967990977,0.011446450809992266,-0.0036150875890130075,-0.010618179353546323,-0.001282579663728911,0.0011760566105029312,0.01189826598486623,-0.03907869722232229,0.0,0.0,0.0,-0.00502901909659818,-0.009396122867239072,0.00012205284914525013,-7.738797936736127e-05,0.006142139565746125
0.7623558,0.65729946,0.8255097,0.7931368,0.9411765,0.88,0.5635914,0.43399787,0.41812843,0.97959185,1.0,1.0,0.41812843,0.41812843,0.59227496,0.4380152,0.36151707,0.003312644123075983,0.002042516843200516,-0.017997275174301098,0.0062009777191714055,0.004822555075202344,-0.0023932374036584308,-0.0038070899560723823,-0.004630202117324159,0.006994053219958262,0.0,0.0,0.0,0.0008682506644291794,0.001461022070193398,0.0006496020666150717,0.00021422495054955208,-0.0060988497050871475
0.64382964,0.6112531,0.7749952,0.941397,0.9924483,0.88,0.88,0.49337244,0.4782405,0.97959185,1.0,1.0,0.4782405,0.4782405,0.5137034,0.55134845,0.55776703,-0.008864445806522014,0.0008031463836790466,-0.006330947164845687,-0.00014941094598280212,0.001947662171197218,-0.0021878862676032577,0.0012459058053021412,-0.0004166830827581894,0.00581204901242249,0.0,0.0,0.0,0.003674934278863345,0.006384677637750161,0.0005956357099723941,0.0006805287344967531,0.0022328933356581754
0.8934853,0.37178546,0.69609034,0.9748012,0.76816237,0.88,0.88,0.68462265,0.6848817,0.97959185,1.0,1.0,0.6848817,0.6848817,0.34513202,0.7091263,0.7852671,0.01820944771084895,-0.0010169959242655841,-0.0025484363971774843,-0.002352412841457346,0.0020935823375180787,-0.0015502467761344854,0.0008354685677132832,0.007567597143621014,-0.003915871909295357,0.0,0.0,0.0,0.0011229967863747186,0.0030542608085140886,-0.0035043621290841965,-0.007479139417499183,0.0040381872516496355
0.6896285,0.6537348,0.7363965,0.9748012,0.746937,0.88,0.88,0.2446227,0.21832067,0.97959185,1.0,1.0,0.21832067,0.21832067,0.22513199,0.34468186,0.4402671,-0.0018158945204778231,0.0004972736149172228,-0.00692438211319776,-0.008403350451715823,0.0008662066284593789,-0.002953783981433286,0.00028770598244509145,-0.013631380234436696,-0.0016105829263244002,0.0,0.0,0.0,-0.009409745788513552,-0.018002843504577384,-0.002229599743365733,9.533810711873328e-05,-0.0053925836775526315
0.86621255,0.7420644,0.84642553,0.9411765,0.9411765,0.8836999,0.7195094,0.5664978,0.55750537,0.97959185,1.0,1.0,0.55750537,0.55750537,0.5794178,0.6413485,0.43901706,0.020042411777816654,0.0030414765974627156,-0.012608029715750858,-0.00028707576463775147,0.006497240598926968,-0.0024652326517601384,-0.00023901485102514845,0.0032843804881582516,0.0052418583810285024,0.0,0.0,0.0,0.004349345337767447,0.008340966642764926,0.0005139535365620822,-0.0003082661795849359,-0.0018745052460103237
0.90918756,0.96153843,0.3010686,0.289262,0.289262,0.88,0.88,0.72649753,0.726332,0.97959185,1.0,1.0,0.726332,0.726332,0.51370347,0.7869041,0.67401713,0.01576838379671847,-0.0006874349455436607,0.02461601626449364,-0.004649685548173707,-0.013967619105394777,-0.00046172752641924586,0.0006853228989398549,0.006150983771178986,-0.017194010130927664,0.0,0.0,0.0,-0.0006773134868809893,-0.004632160072385745,0.000104533782711679,-0.007056548385772215,0.0026773209877070337
0.8263364,0.86100686,0.79400957,0.941397,0.7525406,0.88,0.88,0.59649754,0.5907043,0.97959185,1.0,1.0,0.5907043,0.5907043,0.5751321,0.65912634,0.43276703,0.01250162567881275,0.004192832226950286,-0.008828834279270448,0.0020889177714135594,0.0011546588939922852,-0.0009224054316354524,0.0013667739519267175,0.002549519754979752,0.0036493680621462353,0.0,0.0,0.0,0.003477646068466062,0.007321473376447468,0.0005786070073993992,-0.0009637509949644994,-0.001995332121001854
0.90918756,0.96153843,0.17000842,0.16334142,0.16334142,0.88,0.88,0.53399765,0.52064776,0.97959185,1.0,1.0,0.52064776,0.52064776,0.48798922,0.49468178,0.6190171,0.01831041627679413,-0.0003117270557428773,0.04114905210558893,0.00023976487983716764,-0.008082708314476147,-0.000702230738826429,0.0017611326401820997,0.0018031079515041714,0.002928777240603528,0.0,0.0,0.0,0.002537204042188145,0.003818402764286134,-6.43489440971677e-05,0.0010503922231548458,0.002010550034790705
0.63053757,0.71546835,0.6565395,0.9924483,0.9117176,0.88,0.88,0.40774775,0.3855104,0.97959185,1.0,1.0,0.3855104,0.3855104,0.4794178,0.42357075,0.410267,-0.012757649821824353,0.0028670615863129628,0.004162821684812155,-0.0053707030771234275,0.001294229850983905,-0.0023754374309370237,0.0004910780075168929,-0.004286640674128443,0.004740374491463944,0.0,0.0,0.0,-0.001219901644220795,-0.001775191200658108,0.0005621829354877472,0.0013319037360835057,-0.006356586262683577
0.63473874,0.7037512,0.84286076,0.8098074,0.9411765,0.88,0.6052356,0.33274758,0.30178875,0.97959185,1.0,1.0,0.30178875,0.30178875,0.3708462,0.40134844,0.48651707,-0.013876153477717104,0.00364523178796648,-0.020167700103654165,0.0036970355164164105,0.003516374157619456,-0.0026889654993227097,-0.0024671957551825625,-0.009745435594342454,0.0024562962846642667,0.0,0.0,0.0,-0.006250952020948791,-0.010681033822803686,0.0012738723244745758,-0.0004267067134909094,-0.0017107167867119008
0.7662126,0.71546835,0.90768063,0.9411765,0.9748012,0.6240871,0.88,0.4589976,0.44488037,0.97959185,1.0,1.0,0.44488037,0.44488037,0.45370355,0.40801513,0.494017,0.008960752200800604,0.0030970440522470966,-0.02329591614211493,-0.0002426805886143038,0.0031346755783676415,0.006894269495948179,0.0004529113465380471,-0.000953273103857248,0.005062161117306963,0.0,0.0,0.0,0.0027870985823226046,0.003182812565433433,0.0004798194665635469,0.0010360416695967926,-0.0019097315201414722
0.8854273,0.83870864,0.77085906,0.88294697,0.9748012,0.88,0.88,0.66399765,0.6604704,0.97959185,1.0,1.0,0.6604704,0.6604704,0.83941776,0.5724597,0.49526703,0.017450422617757963,0.002403829427061169,-0.004889556309738341,0.0054774240504110025,0.005950737023227113,-0.000338296071459939,0.0010063756775173568,0.004497786250314326,-0.0025993274061116164,0.0,0.0,0.0,0.002091407530828607,0.0049401921306417565,-0.00417327513365979,-0.00010083040732595104,-0.000720233629706847
0.9060887,0.8209937,0.849652,0.9748012,0.9411765,0.88,0.65550095,0.6071224,0.59900326,0.97959185,1.0,1.0,0.59900326,0.59900326,0.78798914,0.5680152,0.482767,0.023510295875635086,0.002270694646575035,-0.014559756734536529,-6.73107506416689e-05,0.005435470641997236,-0.0018424914491797463,-0.0034896747739771583,0.0056478004378449145,0.0028335029767028275,0.0,0.0,0.0,0.0051067263767062745,0.00914460847516903,-0.0028236711256436078,0.0009032878542726625,-0.00045483073193052274
0.88508296,0.79085666,0.80973816,0.965827,0.7287963,0.88,0.88,0.6152476,0.5954502,0.97959185,1.0,1.0,0.5954502,0.5954502,0.7437034,0.45579296,0.60026705,0.017883525330199032,0.002059176528062236,-0.013510830715637303,0.0005036499798692708,-0.00014127639407367568,-0.001568602780667887,0.001846095907753872,0.004111739986932115,0.0020830139609156846,0.0,0.0,0.0,0.002744645994470202,0.006120141499716364,0.0003182115280130758,0.000981364050328419,0.0024334214860501813
0.3343944,0.58350253,0.795681,0.9117176,0.9924483,0.88,0.88,0.4539976,0.4396232,0.97959185,1.0,1.0,0.4396232,0.4396232,0.42370346,0.5635708,0.4402671,-0.05927366285971337,-0.002117440138416789,-0.014700356288101695,-0.0005648178368698543,0.0014621781543178805,-0.002315958702951381,0.0004641415600842587,-0.0033241615362636177,0.005403679847993773,0.0,0.0,0.0,0.001048021671496707,0.0004115579153538304,0.0008043423859405474,0.0009116257071413791,-0.004688520987591729
0.8305375,0.7996887,0.80111074,0.9924483,0.76676816,0.88,0.88,0.46337247,0.4332237,0.97959185,1.0,1.0,0.4332237,0.4332237,0.6337034,0.49579293,0.4352671,0.01659202925617913,0.00401867777553089,-0.012310653621689252,-0.004526907550148011,-0.0007519086251634262,-0.0021490233414847484,0.001710321746651923,-0.0018442158855864815,0.005140105779398063,0.0,0.0,0.0,0.0013191598594147532,0.003088444557537922,0.00046496563588635975,0.0012399837158723242,-0.002689609236378635
0.89803076,0.9679386,0.8817901,0.9411765,0.96780485,0.88665617,0.88,0.6302476,0.6081896,0.97959185,1.0,1.0,0.6081896,0.6081896,0.7337035,0.5291263,0.65026706,0.022233747690717346,0.0006997226948598125,-0.018268521610708025,0.005096296119664025,0.007990443502651148,-0.0021587622281067954,0.0012860871566029906,0.006450373201590778,0.000453924997767496,0.0,0.0,0.0,0.004391885251624869,0.006926973346176177,-0.0011387265500345254,0.0009901778762726173,0.0026290577284185028
0.90918756,0.96153843,0.26053005,0.2503132,0.2503132,0.88,0.88,0.63712263,0.62960637,0.97959185,1.0,1.0,0.62960637,0.62960637,0.67084634,0.5013485,0.63651717,0.017109433023172377,-0.0005909597371276022,0.03096016777484565,-0.003267406465080497,-0.007233920086493608,-0.000674458328762471,0.0018367518986584913,0.004477029461019101,-0.007295404593824306,0.0,0.0,0.0,0.0013408955453158811,0.0002090372077636261,3.94756449525285e-05,0.0012716101918136002,0.0022956664988200174
0.7938296,0.55454165,0.91388357,0.87804496,0.9248924,0.88,0.88,0.47524762,0.45760405,0.97959185,1.0,1.0,0.45760405,0.45760405,0.5937034,0.3535706,0.6302671,0.007540922353752752,-0.0018382100050482375,-0.029883428515378216,0.0011827462924261574,0.00536705170970211,-0.0020936945865012834,0.001766297813907017,-0.002488911202464762,0.007214435063223821,0.0,0.0,0.0,0.0034297710105121552,0.005740716128985694,0.0006199243588117509,0.00013892701521610367,0.004572449343441574
0.8259921,0.777475,0.7957659,0.7645594,0.8016759,0.88,0.88,0.42587256,0.41286188,0.97959185,1.0,1.0,0.41286188,0.41286188,0.5079892,0.59357077,0.27276695,0.013278089525206267,0.00425989858390267,-0.012258542540915109,0.005362650065165947,0.0003425581930547855,-0.0023377219029261068,0.0003842084740482306,-0.001991063408315839,0.0065449688880110934,0.0,0.0,0.0,0.0013482640064615963,0.0032843684452534172,0.0005483934490288617,0.0017002382300121582,-0.014108541414321451
0.78962845,0.83747613,0.3917038,0.9411765,0.3763429,0.7509752,0.88,0.5683726,0.5430899,0.97959185,1.0,1.0,0.5430899,0.5430899,0.5051321,0.5602374,0.5977671,0.008275114421796953,0.0009598411684015428,0.025880940296725247,-0.0004816702183910474,-0.016787656089725038,0.0019139559304695581,0.0020494410629598543,0.0014855121331838756,0.005274716918384884,0.0,0.0,0.0,0.0023887806903244778,0.0054723748550635325,-6.837303981119494e-05,0.00010792854706930567,0.0020739818242770285
0.78053755,0.77721995,0.8017056,0.8488943,0.83308387,0.88,0.88,0.47837257,0.46581417,0.97959185,1.0,1.0,0.46581417,0.46581417,0.34513202,0.6569041,0.4715171,0.007844605397368764,0.004071558653538483,-0.012683604047759343,0.00467616582501891,0.004462262438254225,-0.002134719557523046,0.0013479944051067922,-0.0007891820678027694,0.009165966050469597,0.0,0.0,0.0,0.0034500222865293515,0.0073894059298102764,-0.002085768677452794,-0.0005330057455258867,-0.001503055930687877
0.78893983,0.6122059,0.8748852,0.9411765,0.8627297,0.7300907,0.88,0.64962256,0.6395757,0.97959185,1.0,1.0,0.6395757,0.6395757,0.7665606,0.57134855,0.63401705,0.008910256594663329,0.0012429921676110108,-0.015692988582113127,0.002988048675458842,0.00411458898946943,0.001993700279583124,0.0011440435089561394,0.005925850742753344,0.0009322092450948471,0.0,0.0,0.0,0.0027707657694652733,0.008410448007757181,-0.0010221996998001292,-8.93821256266867e-05,0.0037583486685852058
0.90918756,0.96153843,0.35155332,0.33776692,0.33776692,0.88,0.88,0.79399765,0.7953203,0.97959185,1.0,1.0,0.7953203,0.7953203,0.7479892,0.6724597,0.6615171,0.016233085182341993,-0.001577056548803798,0.019310415686377334,-0.0065523960522028135,-0.012395381072610673,-0.0005241555306577446,0.001106828626156537,0.006628217591242068,-0.027504076587202646,0.0,0.0,0.0,-0.004335294201424405,-0.008954577875694689,0.000511208197762392,-0.0037622550338723853,0.0025891858906916627
0.8204136,0.55454206,0.8650587,0.83113486,0.9168245,0.88,0.88,0.4983728,0.47545356,0.97959185,1.0,1.0,0.47545356,0.47545356,0.45798922,0.40912628,0.82651705,0.012414613090237841,-0.0007296125867907172,-0.01909604818188497,0.0029135042675456978,0.00564631084396221,-0.001309907268236527,0.001864053124293775,-0.0009291794224755742,0.007203298251944903,0.0,0.0,0.0,0.004545100994189643,0.008264212705544791,2.8833102488979353e-05,0.0019045598728620028,0.009858525661518758
0.87984896,0.90375376,0.8957308,0.9411765,0.9411765,0.8199039,0.8199039,0.49274755,0.48268476,0.97959185,1.0,1.0,0.48268476,0.48268476,0.44227484,0.38912624,0.69526714,0.02340634970576764,0.0026458738639221265,-0.02267594318376813,-0.0010100419224283147,0.008575649449497754,0.00016211548682046749,0.0008530226162472894,-0.0011702181705054064,0.006524719995012138,0.0,0.0,0.0,0.0027653701971124167,0.006334367172981058,0.0002520663032723387,0.0013627831292349246,0.0040710442291320885
0.88053757,0.8525775,0.75511485,0.7255025,0.9411765,0.88,0.6883094,0.6096227,0.60076654,0.97959185,1.0,1.0,0.60076654,0.60076654,0.5008463,0.7313486,0.49401712,0.0182504932219975,0.003274563782697869,-0.00495634276998467,0.005077207245514216,0.007208844432401649,-0.001006702296499013,-0.00013012805694008573,0.003355633075467286,0.0007477769104242204,0.0,0.0,0.0,0.00427453129131108,0.006961800077816506,0.0004243149904925888,-0.004328127530834614,0.00016262928642156023
0.90918756,0.96153843,0.33268946,0.3196428,0.3196428,0.88,0.88,0.7802477,0.7707794,0.97959185,1.0,1.0,0.7707794,0.7707794,0.6237035,0.67801523,0.7565172,0.01869239102510749,-0.0006903989585759561,0.02358410996004862,-0.004140891203307371,-0.013574583215913247,-0.0008939213887591998,0.001238428793916245,0.00785596164670464,-0.02378838538804449,0.0,0.0,0.0,-0.0034147291741252962,-0.00803666020064314,0.001322886673977413,-0.00437394786188398,0.0036656025781708866
0.90918756,0.96153843,0.11369394,0.109235354,0.109235354,0.88,0.88,0.5158726,0.4986606,0.97959185,1.0,1.0,0.4986606,0.4986606,0.64513206,0.48468176,0.47651708,0.01713246739612019,0.0004994119822845015,0.042879498498672536,-0.0030350436774164518,0.0012636281345575456,-0.0004906688577574266,0.002073692225353634,0.0008236039500185163,0.005301967486822128,0.0,0.0,0.0,0.002484508759807328,0.004413109308767378,-0.0003179383993844903,0.001830449538192812,-0.0011505393009629914
0.7214465,0.7644851,0.7175089,0.9748012,0.7045731,0.88,0.88,0.75837266,0.75294054,0.97959185,1.0,1.0,0.75294054,0.75294054,0.7008463,0.62357074,0.7177671,0.003420245112792869,0.0022059055161448367,-0.0008016897580294489,0.0018415262181719807,-0.0024454043656614286,-0.0012030428760402758,0.0011903117973529333,0.011739736305123967,-0.009483064369974198,0.0,0.0,0.0,-0.00019271294060495088,0.003837756958612909,0.0014491164308478815,-0.0015613002083176555,0.003056649552756725
0.52075803,0.553975,0.86730415,0.8664516,0.9411765,0.88,0.74491245,0.36337256,0.34325427,0.97959185,1.0,1.0,0.34325427,0.34325427,0.35370335,0.44579294,0.5565171,-0.029438504141590768,-0.0027931925349124562,-0.024125116026666595,0.00043471700090035053,0.002560465519172255,-0.0020885729749055655,-0.0004333341793167225,-0.007322636141168747,0.0004350615042934157,0.0,0.0,0.0,-0.004251815418084282,-0.008844748825830343,0.0006910102271516082,0.00024533680202430496,0.0011159336724562647
0.68859553,0.62735087,0.85903496,0.9411765,0.9748012,0.5324449,0.88,0.5808728,0.5745971,0.97959185,1.0,1.0,0.5745971,0.5745971,0.62084633,0.48468187,0.6065171,-0.007227456289575911,-0.0006848747173854833,-0.018217495843986353,0.0011880509890014473,0.00656836699663975,0.0035069303398725647,0.00015197356380416415,0.0010533846509386375,0.005137639497200744,0.0,0.0,0.0,0.0035177456358629184,0.009644457827157367,-0.00013520765000565752,0.0022088826481042488,0.003858299747622318
0.76201147,0.87239105,0.86313623,0.9411765,0.9026648,0.94859445,0.88,0.60774755,0.5990764,0.97959185,1.0,1.0,0.5990764,0.5990764,0.5865606,0.38468182,0.80651706,0.00799880094053873,0.0016361162011024571,-0.019428942598519735,-0.0010709190185547268,0.007314391417488181,-0.004803915073255719,0.00264607063818043,0.006098327313702436,0.0012374317034369088,0.0,0.0,0.0,0.003316286653781302,0.006567594805669816,2.6899448359587794e-05,0.0006086541749995705,0.004213601945735049
0.76235574,0.77021545,0.6458472,0.9411765,0.87216157,0.74491245,0.88,0.52399755,0.512111,0.97959185,1.0,1.0,0.512111,0.512111,0.35370335,0.60468185,0.7490172,0.0033888371185251697,0.0035314585597870886,0.004071769761922755,-0.0002762121032537687,0.00372683570899478,0.0017827327272699647,0.0009764384615508432,0.0002605903187877001,0.005780036109862757,0.0,0.0,0.0,0.0032233335425086527,0.005852916404905971,-0.0008628668671154532,-0.0018307751313210335,0.005967046514794483
0.74417394,0.74951065,0.70184535,0.8176788,0.9924483,0.88,0.88,0.3446226,0.32229236,0.97959185,1.0,1.0,0.32229236,0.32229236,0.37941784,0.30134848,0.531517,0.0024739956601321756,0.003156871785464066,-0.0028753201467848722,0.0029560305080895,-0.00035435644735171156,-0.002346010818376428,0.0005569979493230713,-0.006807617700457014,0.002707808951646438,0.0,0.0,0.0,-0.004512090728449134,-0.00826543616695262,0.0012052739005629686,-0.00046079398399855747,0.0008076177779897567
0.6805376,0.7157168,0.8288885,0.9064097,0.85416985,0.88,0.88,0.40774763,0.3879418,0.97959185,1.0,1.0,0.3879418,0.3879418,0.4865606,0.3457929,0.64776707,-0.008064559930034503,0.0027680398758458346,-0.01553954529544584,0.0005098746592167961,0.0023123549378249036,-0.0019791902690468187,0.002414251411072397,-0.005973477289250477,0.0067226305410803214,0.0,0.0,0.0,-0.00029274750573854045,0.00010337921910439335,0.0011475657465881669,-0.0002105319530552316,0.006151709219777155
0.8896285,0.73431915,0.7938685,0.9924483,0.72308767,0.88,0.88,0.2939974,0.26922855,0.97959185,1.0,1.0,0.26922855,0.26922855,0.5751321,0.3302374,0.29276705,0.024222287183754503,0.0030185028625729117,-0.011957036290883375,-0.006100713771466363,-8.994891875196837e-05,-0.002609185369734871,0.0008773386518863137,-0.009912837751949947,0.0020777883271342096,0.0,0.0,0.0,-0.006728653186197643,-0.01180905304182753,0.001094952062362674,-0.00025761816596548076,-0.013627192587149579
0.7711023,0.6847805,0.8131654,0.9411765,0.6798453,0.7199687,0.88,0.5921228,0.58131236,0.97959185,1.0,1.0,0.58131236,0.58131236,0.7665606,0.49468178,0.540267,0.006974505289728803,0.001984532503905842,-0.010950879160905501,0.0020979863737352975,-0.004827707934905948,0.002905001484478196,0.002059017715900267,0.0034509020064694236,0.0020107629692083244,0.0,0.0,0.0,0.002841843985049691,0.006958555346201663,-0.0006273775261359501,0.001506132616695872,0.0014503674741308118
0.60292053,0.6765232,0.8303696,0.9411765,0.8152043,0.5835842,0.88,0.40024757,0.38234055,0.97959185,1.0,1.0,0.38234055,0.38234055,0.5594177,0.5102374,0.37776697,-0.01748406859780625,0.0008874394424843405,-0.014796347133705813,-0.0012218787575909015,0.0008036517865275706,0.008225699744905762,0.0005520645954355184,-0.004901483020648296,0.0064288858018675754,0.0,0.0,0.0,0.0006310275948988532,-0.0013395521536672594,0.0007173035021624198,0.001492422314568578,-0.007614094062469071
0.83997273,0.77695835,0.75818914,0.96780485,0.9210755,0.88,0.88,0.5839976,0.55357444,0.97959185,1.0,1.0,0.55357444,0.55357444,0.45513207,0.3624595,0.8315171,0.01531806610069717,0.0024691557500677195,-0.007415248437464744,-0.0001162339082206483,0.007478927976965264,-0.0019296990936881664,0.0022587763485704643,0.0044469256097576775,0.0046761794385598325,0.0,0.0,0.0,0.003974599693218386,0.007234026733343411,-0.00016546999344757565,0.002731766194134219,0.006706537328053124
0.85815465,0.83164656,0.8768338,0.90847784,0.8231551,0.88,0.88,0.56524765,0.551191,0.97959185,1.0,1.0,0.551191,0.551191,0.78370345,0.40245956,0.63276714,0.022720779049280923,0.002191776474637724,-0.01819795713434161,0.0027892877534533354,0.0008630447132997542,-0.0020791256633001455,0.003860837323407307,0.003527017099713606,0.004376528675500337,0.0,0.0,0.0,0.0043908037431947015,0.008374209121157142,-0.0020709204628477818,0.00036978386928198216,0.004169686088058936
0.7214466,0.8115278,0.85073537,0.88508254,0.77539206,0.88,0.88,0.7296226,0.7163444,0.97959185,1.0,1.0,0.7163444,0.7163444,0.7408463,0.6246819,0.6240171,-0.00036255198329678386,0.0028979411820895906,-0.016660471775096566,0.004592554602638388,0.0016025101206489417,-0.0009307251723063975,0.001291859244292057,0.009436745919959631,-0.006417973728341051,0.0,0.0,0.0,3.3953389149709125e-05,0.0037263792797300314,0.0008338223912389647,-0.001216412342126788,0.0021537759108737893
0.82564783,0.8387082,0.8650587,0.9748012,0.8749571,0.88,0.88,0.37337255,0.35403693,0.97959185,1.0,1.0,0.35403693,0.35403693,0.48084635,0.3080152,0.53401697,0.014499001787970393,0.005326811576307018,-0.025139395263161134,-0.006381633866787757,0.0031836631116702097,-0.002690253397812981,0.0012547903824295192,-0.007769120554190911,0.004257418702869705,0.0,0.0,0.0,-0.0031998436484292764,-0.005530296998533905,0.0007581038676731503,-0.0007999161446133496,0.00015550377728716126
0.90918756,0.96153843,0.31479636,0.3024514,0.3024514,0.88,0.88,0.7002475,0.69490325,0.97959185,1.0,1.0,0.69490325,0.69490325,0.6237034,0.81134856,0.540267,0.01701632990229367,-3.3341443641562734e-05,0.02284570873111362,-0.003299634597281485,-0.010609558859593077,-0.000416988494535004,0.000751785986834594,0.004349827506302371,-0.013178695346356533,0.0,0.0,0.0,-0.00012134810316229615,-0.0021009722882372878,0.000638594355826685,-0.007249565108178163,0.0006571539472332264
0.785083,0.746487,0.6303764,0.9924483,0.9290669,0.88,0.88,0.36274755,0.3409184,0.97959185,1.0,1.0,0.3409184,0.3409184,0.3837035,0.69245964,0.23151696,0.003686091561022384,0.0026881668318495815,0.0023123184428794773,-0.004826193478594436,-0.00249719623669715,-0.0019513545504370854,-0.0002602509455459504,-0.004139938796892221,0.005328703081745124,0.0,0.0,0.0,-0.0030494450559613064,-0.0032887807812449436,-0.0002930139863390119,-0.0017010053211878385,-0.01587660693165047
0.73019314,0.84556156,0.83399665,0.941397,0.73726547,0.88,0.88,0.64024746,0.6338716,0.97959185,1.0,1.0,0.6338716,0.6338716,0.7551321,0.5680152,0.5140171,0.0003050099398779116,0.00230574610641645,-0.014960041186982909,0.0018636398427381497,-0.0008001042051938337,-0.0015248655659267458,0.0018393631811260659,0.006446981705296826,-0.0006318658769527246,0.0,0.0,0.0,0.002529069371813053,0.0057339383577605894,0.00037733585998914486,0.00042582405559481976,0.000679557753667083
0.7892842,0.83164656,0.8977089,0.96780485,0.9429901,0.88,0.88,0.46024752,0.43685737,0.97959185,1.0,1.0,0.43685737,0.43685737,0.6308464,0.2424595,0.69276714,0.00905046343293142,0.0038982356877047936,-0.027767433087315174,-0.0013566868017756415,0.006661578600547554,-0.0019810744801600027,0.0029754422540741957,-0.003832535028280378,0.007744540148411245,0.0,0.0,0.0,0.0021132119682544886,0.00434042161717125,-7.239304530414873e-05,-0.0005331986135814482,0.006753820257303884
0.8987194,0.83164656,0.8098852,0.9924483,0.88992506,0.88,0.88,0.46274757,0.44563136,0.97959185,1.0,1.0,0.44563136,0.44563136,0.5837034,0.44579294,0.540267,0.022923774227763122,0.00465397001936848,-0.012785589530506647,-0.0051593166844820845,0.003713734727829693,-0.0024624839919914305,0.0020323558774071313,-0.0017196882324266017,0.00798217711563308,0.0,0.0,0.0,0.002223474563934924,0.005703265725391034,0.000494215143360635,0.0013531865478865232,0.00256840610724392
0.807466,0.761049,0.850746,0.9411765,0.84284437,0.7666806,0.88,0.78962255,0.7790728,0.97959185,1.0,1.0,0.7790728,0.7790728,0.73084635,0.6380153,0.61026704,0.012668081000745134,0.002755058103968227,-0.013519554893462484,0.003906672354995439,0.0030045264968890195,0.000773207251819592,0.0007510167666688462,0.01154160428895023,-0.01051422482537481,0.0,0.0,0.0,-0.0006177494445358124,0.004072353747277779,0.0008037472754422617,-0.0019595009013426267,0.0021574533619122416
0.79871935,0.77721995,0.67368615,0.9411765,0.9431936,0.6883087,0.88,0.57462263,0.56421155,0.97959185,1.0,1.0,0.56421155,0.56421155,0.5279891,0.59357077,0.6027671,0.007731393818938867,0.003769549345382915,0.001505781041981691,0.0011825098449183005,0.005265443253119176,0.0018983422398306394,0.00014812983893207614,0.001408197141587472,0.0038467220274898233,0.0,0.0,0.0,0.0030455282409440087,0.007307446108381417,0.0005484594141541667,-0.0018289052635913244,0.0033866718192145724
0.871791,0.92629707,0.46412307,0.9411765,0.44592217,0.8433489,0.88,0.8039975,0.8096243,0.97959185,1.0,1.0,0.8096243,0.8096243,0.6837035,0.6880152,0.6677671,0.01492039367019491,-9.375801062961445e-05,0.014792942874443825,0.00376723153161498,-0.011707285363849875,-0.0006431521334899947,0.0008911848658191562,0.00989055046318913,-0.019110625540306826,0.0,0.0,0.0,6.211621939843482e-05,-0.0029903438858843345,0.001840675127963702,-0.004128565310257798,0.0024402229658929526
0.90918756,0.96153843,0.20723857,0.19911157,0.19911157,0.88,0.88,0.6264976,0.62137276,0.97959185,1.0,1.0,0.62137276,0.62137276,0.5579892,0.6613486,0.55776703,0.016524458519532315,-0.0014066618459525355,0.03362260569029806,-0.004738791969056604,-0.010145480696004518,-0.0005690581645117774,0.0014115055245014613,0.0031178469260019037,-0.006278864472425918,0.0,0.0,0.0,0.0012157458664604382,-0.00020890869232324658,0.00045594135163944073,-0.0035224838128571794,0.0006700509348063775
0.6438296,0.7029483,0.88179016,0.84721017,0.88049805,0.88,0.88,0.32712245,0.30112728,0.97959185,1.0,1.0,0.30112728,0.30112728,0.49656057,0.21579297,0.4927671,-0.015085199200307972,0.002402195487151002,-0.02903982311340552,0.002104961913512244,0.001129350720119307,-0.0022971223502563807,0.0007685903866980115,-0.009088432410864418,0.0031312142372176928,0.0,0.0,0.0,-0.005302625494491353,-0.010553046243214523,0.0009620714452572108,-0.002539835891976797,-0.001760930892254948
0.76235574,0.77020884,0.7943725,0.9411765,0.7896493,0.6810172,0.88,0.5827477,0.5714209,0.97959185,1.0,1.0,0.5714209,0.5714209,0.6279892,0.5502374,0.59526706,0.006856615275505606,0.0033822199490782636,-0.008789932304763704,0.0015864381100488864,0.0011678245176397046,0.0023993832180225438,0.0013861584719261633,0.0026866828512038315,0.0023809965401835964,0.0,0.0,0.0,0.0023789876343396194,0.0064173026635709765,0.00028004388780966005,0.00024807296845147294,0.002760758299526982
0.88962847,0.8423906,0.761466,0.9411765,0.83308387,0.98459446,0.88,0.52462244,0.5127551,0.97959185,1.0,1.0,0.5127551,0.5127551,0.46656057,0.5335707,0.556517,0.024364777121317203,0.003974411185522054,-0.006899064917692132,-0.00029703077989965077,0.0042735904619512245,-0.006696374688369954,0.002805292256631206,0.001360018304669241,0.0074884541856765855,0.0,0.0,0.0,0.0046429217754896,0.008857462901407433,-0.00010588521410807031,0.001095083515836994,0.0018409226088718753
0.65746593,0.77695835,0.79101574,0.965827,0.9411765,0.88,0.7522566,0.52274764,0.49635753,0.97959185,1.0,1.0,0.49635753,0.49635753,0.53941774,0.45245966,0.5340171,-0.010148917986461937,0.0032610918084779706,-0.013395393403186384,-0.0017212556289654046,0.0066630045899165,-0.0027083102155255278,-0.0006611868459548525,-0.00010700029942645462,0.006555857368878528,0.0,0.0,0.0,0.0035285538126279413,0.007814466054214136,0.00016394736515895847,0.00115638049301922,0.0017132110741791067
0.90918756,0.96153843,0.48016864,0.4613385,0.4613385,0.88,0.88,0.89399767,0.8900947,0.97959185,1.0,1.0,0.8900947,0.8900947,0.79084635,0.79690415,0.6552671,0.017563784635852318,-0.0024564465284189034,0.009642343525232053,-0.00397825350337136,-0.012739248349554665,-0.0010923991049561594,0.0009713200709080459,0.00758507575838848,-0.03392388359856599,0.0,0.0,0.0,-0.005683942785057973,-0.0076057837986573465,0.00026319694157732326,-0.005843379443834808,0.002737932365255763
0.82144666,0.6537348,0.701664,0.9924483,0.7368124,0.88,0.88,0.36837268,0.3493522,0.97959185,1.0,1.0,0.3493522,0.3493522,0.33513206,0.44023737,0.43276703,0.010711037703684905,-0.00023417708246729687,-0.0014556930220084225,-0.007598724578568633,0.00109344156964013,-0.0015073717080765104,0.0006205484232891302,-0.006810453314235545,0.0037317453668921042,0.0,0.0,0.0,-0.0023610032726627535,-0.004563352987242098,-0.0017504391613685979,0.0011483161545744911,-0.005293649165945985
0.7123558,0.68790275,0.7976737,0.941397,0.8254166,0.88,0.88,0.34149766,0.31768408,0.97959185,1.0,1.0,0.31768408,0.31768408,0.2751319,0.55134857,0.562767,-0.004249527534727599,0.0008230533491109105,-0.015660309973040017,-0.00625460256945257,0.0022651600608423646,-0.002459180636496648,0.0008368750877647789,-0.00824322672415898,0.0038124878207932995,0.0,0.0,0.0,-0.003913967373837288,-0.006264709280795768,-0.0013819110045431191,0.001274128979278035,0.0014399314883018182
0.61621255,0.48744532,0.96284527,0.9411765,0.9924483,0.65949106,0.88,0.5771227,0.5679269,0.97959185,1.0,1.0,0.5679269,0.5679269,0.5865606,0.44023737,0.6827671,-0.015595062666545598,-0.003959035839792498,-0.032306492027643297,0.0020628977192486,0.006916762532453357,0.003368320447910239,0.000262788754880778,0.0017756746767814907,0.004526212599416521,0.0,0.0,0.0,0.0035132974299354157,0.008403956388584759,0.0006061386194343303,0.0018962431947767819,0.006160888634698562
0.8714467,0.9002042,0.8287171,0.9411765,0.9026648,0.81621236,0.88,0.4464978,0.43108276,0.97959185,1.0,1.0,0.43108276,0.43108276,0.34513202,0.43468177,0.617767,0.021481720763443884,0.00567336331440447,-0.013474806018086892,-0.000708952590436896,0.005674270761498559,0.00014804839455067492,0.0025917772438348806,-0.0036930804869326284,0.008907523472640065,0.0,0.0,0.0,0.0015757232866241205,0.0047090385371316885,-0.00040273001299557,0.0018568275881203705,0.00418740808465662
0.77110237,0.8387082,0.83243144,0.9411765,0.9411765,0.7522566,0.7522566,0.38212264,0.36746907,0.97959185,1.0,1.0,0.36746907,0.36746907,0.50227493,0.6502373,0.33401704,0.005840993264591306,0.005930873074526306,-0.015691985776450576,-0.0020015412013596958,0.002078349018844271,0.003273200543960938,0.00046128091725381045,-0.005169893566153554,0.007428744618086787,0.0,0.0,0.0,-0.0006420359536606423,-0.0014032772783325125,0.0008836531286074521,0.0011888129256596124,-0.009495036837364088
0.74417394,0.90375376,0.8017044,0.9748012,0.7997901,0.88,0.88,0.2864976,0.2602515,0.97959185,1.0,1.0,0.2602515,0.2602515,0.34513187,0.38801512,0.390267,0.0014231550866569754,0.008794863453043048,-0.01642671767457071,-0.005679880896196412,0.0005329139822670066,-0.0024772210193933493,0.0008058011777164299,-0.01056144203836205,0.0018476775814266608,0.0,0.0,0.0,-0.00792992808362007,-0.012759760852133937,-4.575900691201227e-05,0.0008739387604816475,-0.00761385197836719
0.7581546,0.6030914,0.80989385,0.9411765,0.9429901,0.94859445,0.88,0.7214978,0.71860206,0.97959185,1.0,1.0,0.71860206,0.71860206,0.6208463,0.6013485,0.69276714,0.0026742892420695296,0.0008113482941195333,-0.010933648304660919,0.0029242030764758836,0.006278799574348397,-0.0022518748875813037,0.00047384567852050224,0.00868785030651404,-0.00386826755631911,0.0,0.0,0.0,0.0010176733534506394,0.005113831297230158,0.0008991603655315452,-0.0011582407329741259,0.004493426058116244
0.90918756,0.96153843,0.28213614,0.27107197,0.27107197,0.88,0.88,0.6783726,0.67934567,0.97959185,1.0,1.0,0.67934567,0.67934567,0.42370346,0.7646819,0.6627671,0.015881046697378803,-0.0014136409917649966,0.02553414625970341,-0.005039123540046713,-0.014892250324299403,-0.00024133392120727085,0.0006644309091653211,0.005161963029277533,-0.014069886157893239,0.0,0.0,0.0,5.81767635570438e-05,-0.004727404472592796,-0.0010948968845993909,-0.007777971892736668,0.0019206170014133617
0.85292053,0.76491225,0.9285939,0.96780485,0.8334946,0.88,0.88,0.7196225,0.71604735,0.97959185,1.0,1.0,0.71604735,0.71604735,0.7279892,0.6013485,0.6627671,0.017741228086474735,0.0022392862074325326,-0.02170320233685251,0.001846492622990792,0.0032846588412156464,-0.0013274885246215662,0.0015955331362739068,0.009782209676961,-0.005164126374789057,0.0,0.0,0.0,0.001087070651673283,0.004822993233082219,0.0012522426672008941,-0.000273851628786784,0.0028979152795885693
0.7941739,0.7580188,0.8907592,0.8558275,0.9250866,0.88,0.88,0.70087254,0.69305784,0.97959185,1.0,1.0,0.69305784,0.69305784,0.79798925,0.48023733,0.71151704,0.009389436025059655,0.0020145340704476903,-0.017459804872847387,0.004424078505724728,0.005873570950708173,-0.0007532749189759627,0.0013354598561956684,0.007950352627681172,-0.002447650029192236,0.0,0.0,0.0,0.0014117381449449315,0.006212080962362927,-0.0011678284530588176,0.0019557801250662775,0.0037313683872285956
0.57599217,0.7191711,0.7118116,0.9748012,0.75609946,0.88,0.88,0.49899757,0.49040377,0.97959185,1.0,1.0,0.49040377,0.49040377,0.4165606,0.43468177,0.6627671,-0.019427711563805468,0.002301783388881462,-0.003571722016867229,-0.00437541330607894,-0.00015265061626199472,-0.0021288040689477023,0.0027126678166059636,0.0005171969972047024,0.004767583439466504,0.0,0.0,0.0,0.003896091853968066,0.007915509393951949,7.910135974624552e-05,0.0012752564948045318,0.005431355809097944
0.79837507,0.74573857,0.89777565,0.9924483,0.8176788,0.88,0.88,0.39399767,0.3755735,0.97959185,1.0,1.0,0.3755735,0.3755735,0.4422749,0.45245954,0.52151704,0.009699745540649021,0.00412438015828842,-0.02937185086992988,-0.006511767828235308,0.0034607477096007316,-0.002242078098694722,0.0013035434817101153,-0.0057976980551827425,0.006174534436128369,0.0,0.0,0.0,-0.0008962752299931657,-0.0004558173284158935,0.0003304491035346736,0.0009574969457377498,0.0010604788861182787
0.90918756,0.96153843,0.20449212,0.19647282,0.19647282,0.88,0.88,0.52774763,0.51893616,0.97959185,1.0,1.0,0.51893616,0.51893616,0.3851321,0.5013484,0.7315171,0.013950767960025081,0.0004087962573975776,0.03732360117860019,0.005430636334932345,-0.009619686496524454,-0.0003877618490449056,0.0013783994309531189,0.0012803578143601344,0.00513793654984464,0.0,0.0,0.0,0.0032378051428918865,0.005956519819092007,-0.0016922613403915784,0.0015563543427442109,0.004098439218793482
0.86690116,0.79662734,0.66887736,0.6426469,0.9411765,0.88,0.70849246,0.54899776,0.540496,0.97959185,1.0,1.0,0.540496,0.540496,0.6565606,0.40245956,0.6065171,0.01698663254261366,0.0015806621957594963,0.0018213142018676887,0.0031394500049072975,0.0034751266623872313,-0.001667848944175437,-0.0014049171981323316,0.0017022463468002568,0.004590213494780127,0.0,0.0,0.0,0.00417311517609709,0.007478931421052581,-0.001140150788170785,0.0014337712288076442,0.0035153561472143773
0.90918756,0.96153843,0.2247926,0.21597719,0.21597719,0.88,0.88,0.6614976,0.6552199,0.97959185,1.0,1.0,0.6552199,0.6552199,0.6308464,0.47245958,0.72401714,0.01811234291895661,-0.001526257654110293,0.03290135719827998,-0.00442136015722272,-0.005503319376086651,-0.0005868426848527096,0.0014430411126142811,0.0046941365144134,-0.010483328579819796,0.0,0.0,0.0,0.0003228848565847914,-0.001695325727383094,0.00035078297806541566,0.0020163108126904344,0.0035020372999913073
0.8620114,0.8299092,0.7934323,0.7623173,0.9411765,0.88,0.6810241,0.75149786,0.7479258,0.97959185,1.0,1.0,0.7479258,0.7479258,0.85370344,0.59357077,0.7152671,0.012754025202693153,0.0016024401092099138,-0.007333185286872007,0.004485486976783463,0.007357491479033338,-0.0005191248968037556,-0.0007642071786770726,0.006801182829139216,-0.009440061231551599,0.0,0.0,0.0,0.00032109298385919223,0.001733196982363304,-0.002167311304588288,3.957634249831369e-05,0.003660414364481912
0.90918756,0.96153843,0.27186608,0.26120466,0.26120466,0.88,0.88,0.69524765,0.69413984,0.97959185,1.0,1.0,0.69413984,0.69413984,0.4922749,0.5546819,0.82276714,0.01912636033154619,-0.0015574357993603796,0.03203684472253062,-0.0038274128810514324,-0.012256293172505615,-0.0008166775577134086,0.001708797755486123,0.0065520935118495586,-0.014518752880669408,0.0,0.0,0.0,0.0002044361888646723,-0.0034017320126339063,0.0002708409464979736,-0.0004900227682524304,0.0039330100826477105
0.86690116,0.79605055,0.7327123,0.7039785,0.96780485,0.88,0.88,0.59274745,0.5800384,0.97959185,1.0,1.0,0.5800384,0.5800384,0.4422749,0.5791263,0.6827671,0.020668178828733227,0.0026816631965906695,-0.0033623855500688475,0.004373921328785186,0.007968333224187137,-0.0010136969682302596,0.0012844554813750545,0.0024915639564037843,0.0037613109779176123,0.0,0.0,0.0,0.003549929687868208,0.006313526011228612,-0.0001972724934948941,-0.00039249150779499656,0.004329719799085346
0.78473866,0.7694189,0.7446535,0.7154514,0.9411765,0.88,0.6232881,0.58024764,0.5725407,0.97959185,1.0,1.0,0.5725407,0.5725407,0.5594177,0.60468185,0.524017,0.009530577232431671,0.0019669556458527648,-0.0015488391577412213,0.0051165684256717124,0.005226571105146951,-0.0017675235223214491,-0.0021896866617204004,0.0033981523365031224,0.003810892612642838,0.0,0.0,0.0,0.004874210073353576,0.007916649791379144,3.903598445035151e-05,-2.3097016329087194e-05,0.0005842213552781776
0.7899728,0.77695835,0.5731735,0.9064392,0.9411765,0.88,0.6880367,0.5277475,0.5175029,0.97959185,1.0,1.0,0.5175029,0.5175029,0.42941776,0.6069041,0.53401697,0.007884828788453873,0.0022837701271492938,0.00864801517850451,0.0036203029973172676,0.005120651640126165,-0.0017170787056257106,-0.0010684269435523189,0.0016679724228671326,0.0053518208612767515,0.0,0.0,0.0,0.0036500069320535887,0.005863874211486276,0.0006655565998726552,-0.0011223025874390064,0.0005050914048965857
0.7441739,0.868572,0.75102174,0.9411765,0.90510684,0.94859445,0.88,0.49962258,0.479818,0.97959185,1.0,1.0,0.479818,0.479818,0.32227474,0.54357076,0.6827671,0.004547116834078815,0.0025421038385634157,-0.005974801606538955,-0.0019137961802574925,0.0052253195022754365,-0.005258626393100283,0.002562671080927022,6.746284686445004e-05,0.007022320739586689,0.0,0.0,0.0,0.0029375454097497235,0.0068494777476585675,-0.0003222215331296972,0.0007240504179282877,0.00510892462686757
0.8211023,0.67274636,0.7769977,0.9748012,0.7878025,0.88,0.88,0.64462256,0.6427249,0.97959185,1.0,1.0,0.6427249,0.6427249,0.53656065,0.56912637,0.68526703,0.012835762372585702,0.0018365011166471211,-0.007448896916433334,0.0009017254099515169,-0.00017846338040423368,-0.0009281138311875125,0.0016620533735867938,0.005064412324693144,-0.00031789768186966743,0.0,0.0,0.0,0.0014047185218565837,0.004059135469089644,0.000704798809264106,8.224541901305927e-05,0.003686655802710115
0.86235577,0.90375376,0.8756215,0.84128344,0.9411765,0.88,0.8199039,0.55087256,0.54493564,0.97959185,1.0,1.0,0.54493564,0.54493564,0.57798916,0.46912628,0.61651707,0.018659758100799246,0.00256812722049119,-0.018005093952308173,0.005292111754380134,0.007007164089779399,-0.0027447269701140024,0.0012165666422512323,0.0020224335421943187,0.006163951788759885,0.0,0.0,0.0,0.004959518015306926,0.009272795741906927,9.639119392714415e-05,0.0013265240552651914,0.003655629295078104
0.86201143,0.69939405,0.7142815,0.9924483,0.9411765,0.88,0.8199039,0.50774753,0.49419257,0.97959185,1.0,1.0,0.49419257,0.49419257,0.66798913,0.3624596,0.60026705,0.019066119068371495,0.0018043967376381667,-0.000991693169153352,-0.002675431403492174,0.00454387532866535,-0.0022925268548245376,0.001903304246417421,-0.00043362165643180824,0.0066437072699763785,0.0,0.0,0.0,0.0035850365300012137,0.00699818894208416,-0.0004740800467403031,0.0016536498134772073,0.003156170461044564
0.90360916,0.83893937,0.6956287,0.7762626,0.9411765,0.88,0.6880367,0.48274755,0.46877033,0.97959185,1.0,1.0,0.46877033,0.46877033,0.57656056,0.35357073,0.6527671,0.025763077713544243,0.0010329553584887306,-0.0021237618637471706,0.005153165685133905,0.006591803058430836,-0.00207718729191601,-0.004014700408347973,-0.0024345895582315803,0.007087405221347357,0.0,0.0,0.0,0.0014709774209571316,0.004273789815707895,-7.356630004579395e-05,0.0010313575982744923,0.0026974731661818722
0.66655684,0.6917415,0.7998454,0.76847893,0.9411765,0.88,0.94859445,0.2052474,0.17725836,0.97959185,1.0,1.0,0.17725836,0.17725836,0.32227474,0.37245962,0.43276703,-0.010745986746557593,0.0007758748934185918,-0.019359342844113763,0.00337728536010065,-0.003046834914714045,-0.0020115975054295966,0.0009213143558281126,-0.013311702110051464,-0.0025588347550517536,0.0,0.0,0.0,-0.01343476349104855,-0.024690230483815075,0.000518860888558268,-4.7780442251606525e-05,-0.007047917969248393
0.63542736,0.77695835,0.71436334,0.9376084,0.8473402,0.88,0.88,0.5427476,0.52726406,0.97959185,1.0,1.0,0.52726406,0.52726406,0.45370346,0.66801524,0.390267,-0.013048054969485592,0.004596680245190415,-0.0014045083766814166,0.0008684276558741219,0.0024115985633352903,-0.001644140305224236,0.00048071777996949895,0.001505509551940316,0.00650850420537751,0.0,0.0,0.0,0.004337387658631004,0.00919649541404634,-0.00038554583570019215,-0.0007351451613326044,-0.003724955257547067
0.7714467,0.708426,0.6791335,0.9411765,0.64875805,0.616763,0.88,0.46399748,0.45337743,0.97959185,1.0,1.0,0.45337743,0.45337743,0.46370348,0.5013485,0.49276698,0.00688587403531852,0.0013795452063223195,8.761418411758537e-05,-0.0031323198610893723,-0.0023217197477209527,0.004849511023726567,0.0009937701186513445,-0.001550674427365712,0.006692944295297091,0.0,0.0,0.0,0.002718633304191781,0.005583680051030145,0.0002008323829034806,0.0014136975177597188,-0.0006129329016952643
0.75292045,0.5799835,0.9144166,0.9411765,0.9748012,0.8199039,0.88,0.32649767,0.30763397,0.97959185,1.0,1.0,0.30763397,0.30763397,0.36656052,0.49468178,0.40276706,0.004670966939084127,-0.003808571576248095,-0.026016817262584466,-0.0023100516889711263,0.000587698434424792,-0.00032596534945131316,0.00015986793283041936,-0.007296364681766759,0.00016272137138577725,0.0,0.0,0.0,-0.004481267814625374,-0.010414685160222365,-0.0003067034146164034,0.0011305584181608864,-0.007873136360027882
0.86724555,0.8387082,0.80992633,0.7781645,0.9924483,0.88,0.88,0.53337264,0.5196639,0.97959185,1.0,1.0,0.5196639,0.5196639,0.7537035,0.51245964,0.410267,0.019152312289187838,0.0034786651842061834,-0.00980802649653532,0.005126615311134539,0.0030031228162151445,-0.0012163735209654012,0.0010875290592026186,0.00015310657492511982,0.006549481778444539,0.0,0.0,0.0,0.004067890282387623,0.008071613985342467,-0.0035590189946113587,0.0014531691561507321,-0.003645003477584277
0.4529205,0.67774415,0.839092,0.80618644,0.9411765,0.88,0.5848539,0.5689976,0.5570609,0.97959185,1.0,1.0,0.5570609,0.5570609,0.71513206,0.46912628,0.4715171,-0.04188374088344356,0.0016657144060055382,-0.0210059070539363,0.005343780453041475,0.005631458682705276,-0.0022734879666548745,-0.005713583584309413,0.003424638946883666,0.0035499652617486223,0.0,0.0,0.0,0.003700679695920114,0.008416137683496529,-0.0027368542104534675,0.0007950063929596532,-0.0001355413496195323
0.8172455,0.77695835,0.68541485,0.8334946,0.73653215,0.88,0.88,0.2458725,0.21867569,0.97959185,1.0,1.0,0.21867569,0.21867569,0.3322747,0.29690394,0.55776703,0.009207927011996197,0.003811231036884162,-0.0026679058410111643,0.0011423776286873443,-9.791544098207983e-06,-0.002424981474850503,0.0004894918052653888,-0.014385447308298842,0.003205549973465031,0.0,0.0,0.0,-0.008576626078321386,-0.01418979716429636,-0.001001432560730827,0.00022232402606719978,0.0011866380992449758
0.8578103,0.8073464,0.83351,0.8008233,0.9411765,0.88,0.71964025,0.5839976,0.56363803,0.97959185,1.0,1.0,0.56363803,0.56363803,0.8379892,0.41134846,0.48776698,0.016918958775382898,0.001573056243667982,-0.01070467280481753,0.005947720744698111,0.0035203149193308446,-0.002111640285228392,-0.0015535280006050728,0.004103196350864777,0.003125925421423342,0.0,0.0,0.0,0.004219994563210941,0.008042828883799402,-0.0061555348309908055,0.0009312420225047069,-0.0007627490536010781
0.90918756,0.96153843,0.33563802,0.32247576,0.32247576,0.88,0.88,0.76899767,0.75018847,0.97959185,1.0,1.0,0.75018847,0.75018847,0.7979892,0.40134844,0.98651713,0.019813519135413363,-0.001840024769570727,0.023561282565655536,-0.0037874868251453037,-0.009861065877222864,-0.0007545506690861356,0.0015866386008091039,0.008110080714159258,-0.017881652028352978,0.0,0.0,0.0,-0.0006342810459177883,-0.0036199613313936097,-5.83657797659274e-05,0.003959562949900871,0.007761395815627149
0.5983751,0.6111139,0.89373434,0.9924483,0.858686,0.88,0.88,0.4671228,0.4498523,0.97959185,1.0,1.0,0.4498523,0.4498523,0.42941776,0.36912632,0.6590171,-0.02000435468666424,0.0005833497597947237,-0.02641045077160881,-0.0032651872344845695,0.0032842947897009857,-0.002415398585703721,0.00265594018212233,-0.0030828052179061854,0.006908473994457534,0.0,0.0,0.0,0.002300705859496172,0.0043375534444987885,0.00042421306677278934,0.0004096988799875141,0.004960402649804361
0.7581546,0.83870864,0.64860606,0.9411765,0.7178162,0.752257,0.88,0.41962266,0.39898008,0.97959185,1.0,1.0,0.39898008,0.39898008,0.255132,0.40801513,0.7127671,0.003584529394817305,0.0033576132550582104,0.003452660376488937,-0.004053588626925357,-0.00010641485241957168,0.00256799292931946,0.00212378235323346,-0.005194785357226818,0.007557525730269753,0.0,0.0,0.0,0.0010605528698937276,0.004037675157861911,-0.0020510654950999974,0.001969495929993367,0.004843950978510533
0.71724546,0.8149628,0.7260166,0.96780485,0.88820547,0.88,0.88,0.46274757,0.43679798,0.97959185,1.0,1.0,0.43679798,0.43679798,0.42370346,0.62245965,0.50151706,-0.0026972763108938282,0.00520412123483733,-0.004778330980153383,-0.0017559065627226818,0.004203713356454536,-0.0026884858422052283,0.0010369586627015977,-0.00251336384128348,0.0076278623845567215,0.0,0.0,0.0,0.0014531302141317453,0.0036298285647003536,0.0004033819208681897,-0.00012962240930188243,-8.585007023467837e-05
0.90918756,0.96153843,0.29429102,0.2827502,0.2827502,0.88,0.88,0.6877475,0.6852227,0.97959185,1.0,1.0,0.6852227,0.6852227,0.4665607,0.48023733,0.9315171,0.01624502627810205,-0.002290683500983058,0.026805675073482877,-0.004566383199499736,-0.013387367697563792,-0.0006358576696639945,0.0009373288556459492,0.005730804178274071,-0.011414256707505106,0.0,0.0,0.0,3.202994244441145e-05,-0.0029529585207715685,-0.0005367141594692945,0.0021086767942194076,0.0031894680165322088
0.7805376,0.9363225,0.30914414,0.9411765,0.29702082,0.85377544,0.88,0.6127478,0.59668523,0.97959185,1.0,1.0,0.59668523,0.59668523,0.9037035,0.475793,0.4152671,0.005027514910089319,-5.661847741950492e-06,0.029432567148984064,0.0005444372403914104,-0.013211252047201989,-0.0001208769442882647,0.0030122727153236374,0.004360492043258437,-0.0005674110838854821,0.0,0.0,0.0,0.0024345505525544104,0.0035592392657195996,-0.0031938617080467897,0.001521686356986957,-0.001981491159519521
0.78053755,0.6841977,0.72885656,0.9376084,0.6841273,0.88,0.88,0.45087266,0.43574855,0.97959185,1.0,1.0,0.43574855,0.43574855,0.42941776,0.57690406,0.3465171,0.006107503733094397,0.0023053948341764364,-0.004329587418095695,-0.0015334344873167399,0.000393338971558844,-0.0017472333749832861,0.0005474900595308505,-0.00194764107143396,0.007475954015510567,0.0,0.0,0.0,0.0023004806695880405,0.0050638380580343735,-0.0006930321731679859,0.0009029640961877865,-0.00902671590074252
0.90918756,0.96153843,0.39190063,0.376532,0.376532,0.88,0.88,0.7133726,0.705359,0.97959185,1.0,1.0,0.705359,0.705359,0.76227486,0.7702374,0.52276707,0.019635544910898667,-0.00018624568563084559,0.01819579851697127,-0.004326080981694715,-0.011060671560977849,-0.0006406549046243926,0.0011998696884273948,0.004866928922595446,-0.01361973531759332,0.0,0.0,0.0,0.00045000088058790125,-0.0003267626717421681,-0.00030500894475864166,-0.004778119361724861,0.0007470454334056061
0.5711023,0.71845686,0.8632453,0.9924483,0.8701977,0.88,0.88,0.4996227,0.483925,0.97959185,1.0,1.0,0.483925,0.483925,0.5865606,0.46912628,0.50651705,-0.025829122237236407,0.0017716880785808842,-0.021028554467980288,-0.0029347312804044027,0.003271384868718231,-0.0020110128924942412,0.0016265489644626176,-0.0016796952491138816,0.006210288250244311,0.0,0.0,0.0,0.00306504172088687,0.005660872052816956,7.441419450863088e-05,0.0008097350094975798,-0.00010633345765916298
0.54417396,0.7381579,0.72215617,0.69383633,0.9411765,0.88,0.6476843,0.41399765,0.3972449,0.97959185,1.0,1.0,0.3972449,0.3972449,0.54227495,0.4635707,0.38526702,-0.02872786370773005,0.0035221389001784233,-0.0039775671958250875,0.009922478091433007,0.003990540103902079,-0.003214029717382659,-0.002511019132973541,-0.005520865864190077,0.006817726218493263,0.0,0.0,0.0,-0.001127473022011989,-0.001292795511540695,0.0006168815783161547,0.0003466468416977176,-0.00526281730701755
0.68962854,0.777475,0.9057969,0.87027544,0.9187256,0.88,0.88,0.67962277,0.6593874,0.97959185,1.0,1.0,0.6593874,0.6593874,0.77370346,0.5602374,0.5865171,-0.0030397531484826624,0.0025080522084294245,-0.01872296253615149,0.0029095774011884817,0.0041267533925847194,-0.001036719160853427,0.001066075886402661,0.007906970347499275,-0.00039398754535326466,0.0,0.0,0.0,0.002172821765834681,0.008276798668467901,-0.001596937801275281,0.0009587814205166591,0.002553212067852714
0.82144666,0.7456873,0.78375995,0.9411765,0.9026648,0.752257,0.88,0.6658726,0.6604641,0.97959185,1.0,1.0,0.6604641,0.6604641,0.4922749,0.70023745,0.7115171,0.011702782001175376,0.0029414403646723865,-0.009226769048392432,0.002030954349772722,0.0068408339276046885,0.0020051753010625214,0.0007985342052175609,0.005091261712457666,-0.0016843970771261779,0.0,0.0,0.0,0.001807554338748805,0.004819765880984106,8.635189867515521e-05,-0.003943008777878951,0.00401192291090252
0.6896285,0.74951065,0.8631044,0.8292572,0.96780485,0.88,0.88,0.50337255,0.4841017,0.97959185,1.0,1.0,0.4841017,0.4841017,0.5737034,0.4791263,0.5452671,-0.008891919033758277,0.0032953730526538057,-0.018441584704971852,0.005498137245406944,0.0057634642016388075,-0.002361416783345113,0.0013574491133728458,-0.0016533692706959375,0.007928165057727027,0.0,0.0,0.0,0.003190726172850166,0.006777538608226837,4.089537057857133e-05,0.001433946228520533,0.0008635515594518496
0.6487194,0.7157168,0.76381004,0.73385674,0.9748012,0.88,0.88,0.47087264,0.45715493,0.97959185,1.0,1.0,0.45715493,0.45715493,0.59941775,0.5480152,0.270267,-0.009879884391204812,0.0024480277984436374,-0.005760500559355028,0.0070673720148537456,0.000371243730574125,-0.0016395014985385945,-0.0006593123830271732,-0.001878494575519416,0.007317466894234159,0.0,0.0,0.0,0.0022759791854398636,0.003513501530153471,0.00027291938770636836,0.0009311825218848867,-0.016018069849188913
0.7256478,0.734469,0.7408096,0.88992506,0.9411765,0.88,0.64384776,0.5783726,0.56698257,0.97959185,1.0,1.0,0.56698257,0.56698257,0.5594177,0.48468176,0.6577671,0.00021214782975612412,0.0014427499899985255,-0.004117960259135498,0.0034058296035421056,0.007152688206182458,-0.0030294531486350596,-0.0035222177427358444,0.004043641131417298,0.004472542662283477,0.0,0.0,0.0,0.004651688463229948,0.008068912980220513,0.00013732159228406815,0.001023362740059253,0.0032837223407997857
0.7113228,0.89215684,0.8324348,0.9411765,0.8621622,0.8078431,0.88,0.62837255,0.61250085,0.97959185,1.0,1.0,0.61250085,0.61250085,0.6994177,0.5335707,0.73526716,0.0019926944676526537,0.0020104813232776175,-0.012223341406159336,0.002239074225457858,0.003619566961592815,0.0003295092905044227,0.0023277770682178954,0.006294765103014371,2.3856577768564257e-05,0.0,0.0,0.0,0.0028519574566773574,0.0058781716866911716,-0.0007628314870893519,0.0009510660243526645,0.0034162529890722996
0.6441739,0.7456876,0.8404948,0.8075342,0.9117176,0.88,0.88,0.40524757,0.38608387,0.97959185,1.0,1.0,0.38608387,0.38608387,0.5265606,0.5457929,0.33401704,-0.010070294224347534,0.0035808579785163597,-0.02063844592677404,0.004673518793804289,0.0006350666055933997,-0.0028195793468219345,0.00021874936754296678,-0.003577473913460671,0.0038187624545098333,0.0,0.0,0.0,-0.00113455166858837,-0.002660798098484252,0.0003512019532530697,0.0014779412581822958,-0.011312218440680769
0.6899728,0.7805235,0.786214,0.75538206,0.9411765,0.88,0.6917444,0.5883726,0.5805673,0.97959185,1.0,1.0,0.5805673,0.5805673,0.6308463,0.475793,0.4402671,-0.0012825315936512661,0.0023697439749131213,-0.006165345800882546,0.006981960031646005,0.005108519306007193,-0.0021063126417346523,-0.0019618471456768773,0.00566037141599273,0.0029744075887676675,0.0,0.0,0.0,0.00481483359797536,0.010019039102935428,-0.0009415978899320837,0.0016706972551167616,-0.0020693944541811467
0.785083,0.7958877,0.7329085,0.8488943,0.9163207,0.88,0.88,0.47837257,0.46331635,0.97959185,1.0,1.0,0.46331635,0.46331635,0.30370346,0.41468185,0.68026716,0.005295338803923727,0.0033735664049495697,-0.0047944763577959714,0.004244595036267349,0.00568381326946839,-0.0023717492569162095,0.0021117867414314874,-0.0018992802934821194,0.008728716920356754,0.0,0.0,0.0,0.002941297229780965,0.006502394452010258,-0.0005934354189148926,0.002247084579627468,0.004952915833793616
0.57564783,0.67274696,0.80975145,0.77799654,0.9411765,0.88,0.49595493,0.5058725,0.49608192,0.97959185,1.0,1.0,0.49608192,0.49608192,0.60656065,0.5391263,0.451517,-0.025533939823194917,0.0018440657199594245,-0.017496187018976803,0.00595191058044918,0.006749948816595059,-0.0025150485269025157,-0.009293303089723199,-0.0009910709107296266,0.00504592734433652,0.0,0.0,0.0,0.0026634120437954234,0.00495876254386027,0.00016436150121386628,0.0010608023212703066,-0.0004685335540765169
0.907466,0.64698625,0.73893625,0.9411765,0.7604223,0.8132948,0.88,0.71524763,0.7127389,0.97959185,1.0,1.0,0.7127389,0.7127389,0.78370345,0.56579304,0.6415171,0.02395964022313153,0.0025158554054563105,-0.0019704943865478776,0.003315163918646668,-0.0007668180709089564,0.0006693285858973021,0.0007864722769887737,0.0080870590497256,-0.006248984828196803,0.0,0.0,0.0,-0.0009110719526729474,0.001227489404710842,-0.00019047172844485514,-0.0003619956746268463,0.0028904698864952753
0.90918756,0.96153843,0.17863528,0.17162998,0.17162998,0.88,0.88,0.5171226,0.5046235,0.97959185,1.0,1.0,0.5046235,0.5046235,0.6279892,0.48357064,0.53901696,0.016727605826568334,-0.00015750252228718806,0.0360047383984726,-0.00332395568560465,-0.003020036925922588,-0.0003478370048398336,0.0019125388436906008,0.00036117633640477654,0.0053878694995489395,0.0,0.0,0.0,0.00245854072976137,0.0040941549791236945,-2.565187346743516e-06,0.0023057361365765596,0.0006465858758550935
0.70395344,0.73799175,0.70979947,0.9411765,0.9411765,0.6475114,0.7234316,0.59087265,0.57989556,0.97959185,1.0,1.0,0.57989556,0.57989556,0.6308463,0.4191263,0.7565171,-0.005316574848739901,0.001804015820059104,-0.0015973853404745047,0.0022621897574127267,0.007791415819163632,0.0035375811108838257,-0.0004772136269360244,0.002164026009075301,0.003289010723591119,0.0,0.0,0.0,0.002817648706228285,0.0061177042743193214,-0.0006086661217554433,0.0025703718233904423,0.0032953111123018514
0.82633644,0.8149628,0.6850358,0.9748012,0.6893888,0.88,0.88,0.48149765,0.4630079,0.97959185,1.0,1.0,0.4630079,0.4630079,0.42370346,0.3080152,0.73526704,0.012104820446775792,0.0016982894997536794,-0.003228153538230486,-0.004613939200042729,-0.002283028925747093,-0.001575621386377505,0.0035608509381411424,-0.0017587152671206352,0.006538476064896702,0.0,0.0,0.0,0.0027532108364151176,0.005834200326911879,-0.00012992719520864675,0.0028802686988312854,0.003002228129115702
0.90918756,0.96153843,0.12328343,0.11844879,0.11844879,0.88,0.88,0.46212256,0.44492584,0.97959185,1.0,1.0,0.44492584,0.44492584,0.46656063,0.5046818,0.6390171,0.0177087853449355,-0.0008131965274180641,0.04357244204595441,0.0005038415912184185,-0.008252794314050075,-0.0002831632001515987,0.0018233931126426088,-0.0013299700945593595,0.008642777017227024,0.0,0.0,0.0,0.0024154526237918244,0.005213768381031777,-0.0003917493999089302,0.0009854317086348513,0.0017354559388754276
0.67984885,0.6115223,0.7853321,0.9411765,0.9748012,0.8727212,0.88,0.5821229,0.5713789,0.97959185,1.0,1.0,0.5713789,0.5713789,0.54227495,0.5546819,0.50651705,-0.005690770799978266,-0.0003075932213577928,-0.009314668714286142,0.0016426173744124892,0.006330881006423288,-0.0006690951178196523,0.00022885732982836694,0.001657580450141777,0.005879777030303381,0.0,0.0,0.0,0.0049353510336381514,0.010153318518726135,0.00043568170368685015,0.0003473479104239102,-0.0004815123367158732
0.90360916,0.83164656,0.65675056,0.9411765,0.7122957,0.74491245,0.88,0.5814978,0.5693766,0.97959185,1.0,1.0,0.5693766,0.5693766,0.6779891,0.47468185,0.62526715,0.02462512298584759,0.0038754141406084543,0.0014565759951257911,0.0044756173559911735,-0.001373669444810492,0.0010675532907769081,0.002134621797356731,0.0030859449110527764,0.003512977570961955,0.0,0.0,0.0,0.003314810614938542,0.006707352078057407,-0.000376191712028545,0.00170627043389524,0.003138690563750469
0.8032648,0.79662734,0.8774099,0.9220285,0.87984663,0.88,0.88,0.69837284,0.6949661,0.97959185,1.0,1.0,0.6949661,0.6949661,0.6279892,0.69134855,0.587767,0.010919167763523538,0.0033740263950554432,-0.015570885379278743,0.0039295777952597965,0.0046686670341121285,-0.0006449624090455701,0.0014827563014260087,0.007298808244830861,-0.003918931669170695,0.0,0.0,0.0,0.0009106673507133129,0.004783961253897518,0.0008426550069598651,-0.0026925461891331016,0.0018866458136590385
0.8483751,0.684517,0.8324318,0.7997874,0.9924483,0.88,0.88,0.5158725,0.5002563,0.97959185,1.0,1.0,0.5002563,0.5002563,0.49656057,0.58912635,0.44026697,0.015213535866362761,0.0023209205664956266,-0.013468832215231302,0.0058248585938234475,0.003500944039470908,-0.0008175465057320895,-0.0003734122804136629,0.00015979811447743833,0.006683819576450665,0.0,0.0,0.0,0.0034734389093712737,0.006606688064923629,8.10738201106578e-05,-0.00033046651819856583,-0.004041042285331583
0.76235574,0.88211495,0.37492284,0.9411765,0.36022,0.7973995,0.88,0.7158725,0.7130933,0.97959185,1.0,1.0,0.7130933,0.7130933,0.68084633,0.69134855,0.59526706,0.004465440675023097,-0.0008901819746596856,0.019867803338388418,0.00336223450426397,-0.0133194873506609,0.0007230680970540235,0.0009645153385303025,0.008041379678927875,-0.013421299552144335,0.0,0.0,0.0,0.0009234580577375989,-0.0018152890948269485,0.0014832690420137358,-0.005203895664584496,0.0016209785984120588
0.643141,0.63036346,0.81268656,0.9411765,0.9924483,0.98459446,0.88,0.4546225,0.43128866,0.97959185,1.0,1.0,0.43128866,0.43128866,0.5751321,0.5113485,0.4202671,-0.011506976245805614,0.00026803413167842316,-0.013481818936861036,-0.0012667000869969064,0.001965088093098745,-0.006920009205733854,0.00010361697282812054,-0.003028402336645677,0.0034064081862929126,0.0,0.0,0.0,0.0006007625117250574,-0.0004908532094101448,0.0006151541425973929,0.0012036631337334785,-0.00668052231989384
0.83053756,0.87239105,0.8288885,0.9924483,0.9431936,0.88,0.88,0.60274756,0.5940557,0.97959185,1.0,1.0,0.5940557,0.5940557,0.5708464,0.5113484,0.60026705,0.015370619228391775,0.003598588430802477,-0.01196809122981629,0.00018488543192116832,0.007557080828787308,-0.00173406396182916,0.002118969253567356,0.0033136866440366826,0.0040247403152666615,0.0,0.0,0.0,0.003756213567051669,0.007437945437791763,-9.259785948932977e-05,0.0012564839063807576,0.0016811732827388803
0.84906375,0.84251547,0.82384884,0.8590292,0.72157073,0.88,0.88,0.48087263,0.46487698,0.97959185,1.0,1.0,0.46487698,0.46487698,0.67227495,0.46245956,0.4515171,0.01875053967551744,0.002903423575684226,-0.0145874609656838,0.003448121525315735,-0.0013147892056444498,-0.0024198128979158284,0.0029922478428598014,-0.0020360640493410805,0.007687651092809384,0.0,0.0,0.0,0.0026231650585736175,0.005952574857677817,-0.0008767930818902675,0.0010986151067041005,-0.0015397013522888705
0.71235573,0.71546876,0.58271265,0.9748012,0.9411765,0.88,0.6240875,0.41524768,0.39523578,0.97959185,1.0,1.0,0.39523578,0.39523578,0.34513202,0.6624596,0.33901703,-0.0018024146728836809,0.0024716762456338994,0.009737427661830613,-0.004279337639081126,0.0015894017857650449,-0.002489100581475275,-0.00022763599208953114,-0.0036720329364063,0.0048793434774828184,0.0,0.0,0.0,-0.0009406372001884472,0.00036311715008737004,-0.0002926448284835887,-0.00041194170825575643,-0.008435673130068993
0.8581546,0.83870864,0.831981,0.8627297,0.78024995,0.88,0.88,0.38462257,0.36203492,0.97959185,1.0,1.0,0.36203492,0.36203492,0.635132,0.21579297,0.6190171,0.019298443316463264,0.003156406684846331,-0.020120537105726824,0.0025984592872497036,0.0011971437244241094,-0.001609676070001567,0.002870148040122878,-0.008398973991644855,0.008626660261882468,0.0,0.0,0.0,-0.0018136812045641071,-0.0005769086445858375,-0.0003288655720507923,-0.003870022596537518,0.003857948426409332
0.90918756,0.96153843,0.1351709,0.12987009,0.12987009,0.88,0.88,0.50837255,0.4955374,0.97959185,1.0,1.0,0.4955374,0.4955374,0.6965607,0.5735708,0.33901703,0.016992983884367485,0.0013223333288467655,0.039435198582623066,-0.0022599980009260735,0.002897317886121978,-0.0005338900014070986,0.0013247066581842458,0.0010171433707345345,0.00398537120578614,0.0,0.0,0.0,0.003000481994245626,0.0049420226490979186,-0.0006890756788853566,-0.0008399168690419187,-0.0054486238134954165
0.44417393,0.68834573,0.82321423,0.9411765,0.71936345,0.5958796,0.88,0.40399778,0.38383466,0.97959185,1.0,1.0,0.38383466,0.38383466,0.42941776,0.45023727,0.5090171,-0.040006490401463195,0.001870043344255675,-0.01577122191561542,-0.0006192859535563353,0.00014370084979287265,0.008891715329847729,0.0012805523705277477,-0.0047043993272988735,0.004981263175105572,0.0,0.0,0.0,-0.0003608732347658268,-0.0018179185536757471,0.0005735741878477848,0.0004054199684061157,-0.0005685560464046574
0.5756478,0.67369497,0.71016216,0.9411765,0.783202,0.65551513,0.88,0.6483724,0.64238286,0.97959185,1.0,1.0,0.64238286,0.64238286,0.5522749,0.45579296,0.8065171,-0.018694456277214794,0.0020678312468472796,-0.0030818792865745463,0.001148022874979429,0.0007618072466141293,0.004529599545662841,0.0015169594342754038,0.0062053051429922755,-0.00033311408734340656,0.0,0.0,0.0,0.0018330429620991861,0.0057292391551712184,0.000373142467150044,0.0023546390034633875,0.004775913073917515
0.8172455,0.77695835,0.79527795,0.8093475,0.7800401,0.88,0.88,0.3964976,0.37349984,0.97959185,1.0,1.0,0.37349984,0.37349984,0.4894177,0.4635707,0.58401716,0.01162245782934997,0.004060264332749491,-0.014620222669158021,0.003519503971882901,0.0011324071322702208,-0.0019385333927673754,0.0019767180695760083,-0.006517528528345817,0.008690602100270376,0.0,0.0,0.0,-0.000366458004630771,0.000511573471973885,0.0008808771353878559,0.0011224681922387776,0.0025862149886741732
0.90918756,0.96153843,0.43513763,0.4180734,0.4180734,0.88,0.88,0.8846226,0.88730484,0.97959185,1.0,1.0,0.88730484,0.88730484,0.58941776,0.80245966,0.8352671,0.018578330203608003,-0.0011303693102359498,0.014568782119192835,-0.003426948578657641,-0.013833417668091574,-0.000723118659344,0.0005108989018550568,0.009674717741548,-0.031179665269211537,0.0,0.0,0.0,-0.0036026473261571925,-0.009641513687358558,0.0008078142117410774,-0.00728447950730266,0.004831240098104205
0.8983751,0.7912795,0.5011116,0.9924483,0.45402086,0.88,0.88,0.6402476,0.631471,0.97959185,1.0,1.0,0.631471,0.631471,0.7437034,0.38801512,0.68026704,0.019287205052145612,0.001756824635411894,0.011808135406373132,-7.07671536482156e-05,-0.010252432109931648,-0.0008819003953547875,0.0024349744214292443,0.004924603082279681,-0.001692865944695285,0.0,0.0,0.0,0.0018228311626278786,0.002647365320295325,0.0009164712040135098,0.003287950679065056,0.0027354433885043005
0.8162126,0.7959572,0.84915584,0.9411765,0.9924483,0.8841149,0.88,0.4896226,0.46856448,0.97959185,1.0,1.0,0.46856448,0.46856448,0.46370342,0.6069041,0.48901713,0.00947145376634518,0.005365928809547872,-0.016855538492510914,0.0005641767040660576,0.005542364423380614,-0.001567282148553133,0.0010950824193317705,-0.0012679965314070962,0.007522532480610131,0.0,0.0,0.0,0.0022809229540567267,0.004959500660959811,0.0003891882336282848,0.0003536832403919905,-0.0007123080094113956
0.88157046,0.6566939,0.7674698,0.9411765,0.86826855,0.94859445,0.88,0.7664976,0.76630145,0.97959185,1.0,1.0,0.76630145,0.76630145,0.6937035,0.6046819,0.75901717,0.021328711460834412,0.0016671890138043502,-0.003944573205402417,0.002656915090345512,0.004025594622902884,-0.002319292896055494,0.0013952866599055312,0.010347295916820534,-0.00797146114523463,0.0,0.0,0.0,-0.0009732399991030184,0.002023055055456017,0.0014210207965547322,-0.0007763724472384776,0.0032501246433618556
0.90918756,0.96153843,0.35306868,0.33922285,0.33922285,0.88,0.88,0.78212273,0.7796124,0.97959185,1.0,1.0,0.7796124,0.7796124,0.34513202,0.76801515,0.9027671,0.015567630775943222,-0.0010812952389263972,0.020675852897425573,-0.0028162449484605443,-0.01382818542508548,-0.0006967380502713327,0.0004156763908612281,0.0077601576384247585,-0.017842478563420184,0.0,0.0,0.0,-0.0005689900389134134,-0.003986868828277651,-0.0025966771226238338,-0.005653461618386403,0.005587293356579529
0.7165569,0.67752063,0.7385713,0.9411765,0.6684511,0.71241915,0.88,0.4583726,0.44086576,0.97959185,1.0,1.0,0.44086576,0.44086576,0.5594178,0.5135708,0.42901707,0.005570748532177578,0.003120077726640059,-0.0011341544094002748,-0.0014410725514473032,-0.002670843910412214,0.0031474631767963723,0.0010524076358447297,-0.0022614177817515072,0.006019227370376387,0.0,0.0,0.0,0.0022329742397401513,0.003324253868554041,0.0004376504775179158,0.00116475723754268,-0.003998058827756744
0.90918756,0.96153843,0.30413434,0.29220748,0.29220748,0.88,0.88,0.6458726,0.6419575,0.97959185,1.0,1.0,0.6419575,0.6419575,0.585132,0.59357077,0.6890171,0.017238173768584095,-0.0010218851545690003,0.027618008135658057,-0.003990608253756343,-0.011581672410644062,-0.0005073703113175679,0.0015580394339439517,0.0038968922190534615,-0.006785636447889139,0.0,0.0,0.0,0.0009278138808509234,-0.000616283131770717,0.00023619860179255,-0.0014246905888603242,0.0026814128086968558
0.7490637,0.67274636,0.8380942,0.88563335,0.7628662,0.88,0.88,0.63274765,0.6103131,0.97959185,1.0,1.0,0.6103131,0.6103131,0.7108463,0.4635707,0.64026713,0.005215071473214108,0.0017959821314504298,-0.015245739959382403,0.0030909253038697267,-0.00022081604835787278,-0.0013186636991559392,0.002445732905968869,0.005145817564749351,0.002375204612132478,0.0,0.0,0.0,0.0031796756238502,0.007518147039711999,0.00019510489072357097,0.0020035596487325996,0.0024476536641069545
0.5480308,0.46926984,0.8650515,0.83112794,0.9411765,0.88,0.48352677,0.32524765,0.30483767,0.97959185,1.0,1.0,0.30483767,0.30483767,0.3794177,0.44579294,0.457767,-0.029180326299913576,-0.005696219201928243,-0.025031885225385575,0.0013539443659486066,0.0028076443026644293,-0.0027243481581418444,-0.0038783198371355886,-0.00930361557921093,0.0023994452981137915,0.0,0.0,0.0,-0.005275298728722091,-0.009412406821309094,0.0008644124858552153,0.00015024779675232267,-0.0031363626665946464
0.8759921,0.7958877,0.72609013,0.9924483,0.69366664,0.88,0.88,0.5852475,0.5764442,0.97959185,1.0,1.0,0.5764442,0.5764442,0.5837034,0.5013485,0.63026714,0.021898830109302048,0.002831980074857547,-0.002188270391322609,-0.0020447317804653635,-0.001956805967149519,-0.0012733012007532416,0.0022575770292431498,0.0035419231796725583,0.0027838863344366947,0.0,0.0,0.0,0.0035517059316028353,0.007106174446932357,0.0007125474600650454,0.0007820643289786364,0.003611212732320528
0.90918756,0.96153843,0.17268737,0.16591531,0.16591531,0.88,0.88,0.48024762,0.45859963,0.97959185,1.0,1.0,0.45859963,0.45859963,0.8079892,0.30134848,0.4202671,0.02351978628805443,0.0007500169067737487,0.04449563936424828,-0.0035837633395293025,0.004682071621784656,-0.0007680951400430446,0.0026789683395867176,-0.0004357861014195653,0.008403636731272073,0.0,0.0,0.0,0.0032211053414954393,0.006012584524730762,-0.004590177467108814,0.004627551072246473,-0.00314063318370878
0.6987194,0.7495128,0.6200307,0.9748012,0.92321026,0.88,0.88,0.25899768,0.23208287,0.97959185,1.0,1.0,0.23208287,0.23208287,0.34513202,0.25912625,0.6065171,-0.006415804731357417,0.003420665038666655,0.004103229847248565,-0.00926866060511,0.0009548993736826589,-0.001869536990104058,0.000625697190405411,-0.013944296599332641,0.000739559584568121,0.0,0.0,0.0,-0.009220295530491791,-0.01594939000945389,-0.00011609838720309074,0.0005749940909249536,0.002704071288329713
0.835083,0.83747613,0.7670475,0.8311347,0.9117176,0.88,0.88,0.4964974,0.4836967,0.97959185,1.0,1.0,0.4836967,0.4836967,0.40798923,0.6624597,0.37776697,0.01597863555294384,0.006397504666840699,-0.010026253021836939,0.005532477351331172,0.00465115958139988,-0.001828149922035531,0.00010527422250145774,0.00029401651605765237,0.007932750639528164,0.0,0.0,0.0,0.004363705905683552,0.008950143253165017,-0.00033304543134110776,-0.001550000233256616,-0.005889712068626603
0.7256478,0.86100686,0.8835431,0.8488943,0.9117176,0.88,0.88,0.30587256,0.28456777,0.97959185,1.0,1.0,0.28456777,0.28456777,0.37656063,0.30134848,0.540267,0.0008203776004061724,0.007616344743183353,-0.02068250228067475,0.0025774386159790343,0.0019858679750721065,-0.0024759099686258767,0.0009923755620405974,-0.01004525762545792,0.004267871452297084,0.0,0.0,0.0,-0.005625325442288913,-0.010369746595688784,0.0009991737545788073,-0.0009531168582501327,0.0006317853354335474
0.8133887,0.6122059,0.695141,0.90847784,0.68147236,0.88,0.88,0.70649767,0.7053218,0.97959185,1.0,1.0,0.7053218,0.7053218,0.78370345,0.4702374,0.6827671,0.011657315390703438,0.002040244503138391,0.0001651512848661818,0.003541148368780119,-0.004189021413628499,-0.0010582457146804155,0.0011967409157887885,0.01003615784463522,-0.006619364287910271,0.0,0.0,0.0,0.0008160859799059772,0.0024900745259085243,-0.0013279724688424954,0.0010353106644357163,0.0034118986564503216
0.83088183,0.84251547,0.7572811,0.9411765,0.8539502,0.7562161,0.88,0.7089976,0.7051516,0.97959185,1.0,1.0,0.7051516,0.7051516,0.6237035,0.59357077,0.7527671,0.012195775657125325,0.0036873915284276358,-0.004718747388009147,0.0032444182094292008,0.0046992713375660616,0.0013759936158193114,0.0013602187472242558,0.007538910981797463,-0.006372249752558792,0.0,0.0,0.0,8.931088624609521e-05,0.0036589934298405092,0.0007363960979039537,-0.0009039126240874444,0.0045049309702289006
0.9032648,0.8223109,0.8771505,0.9411765,0.91916525,0.94859445,0.88,0.4902475,0.47771767,0.97959185,1.0,1.0,0.47771767,0.47771767,0.5165606,0.50690407,0.6065171,0.027539165096410162,0.0037750360229717467,-0.020769269770558242,-0.00038700010794614185,0.005522559150481661,-0.0054567063488747845,0.0024497196831114944,-0.001057100282373488,0.00629523814500943,0.0,0.0,0.0,0.003053272888745294,0.006295409252229893,0.0008921933747097911,0.0006780373881255572,0.0033673782345137434
0.6305375,0.71548617,0.8580774,0.82442737,0.9411765,0.88,0.5598842,0.4427477,0.42305177,0.97959185,1.0,1.0,0.42305177,0.42305177,0.7265606,0.3624596,0.390267,-0.013248922733280084,0.002978459114585867,-0.02347495337158386,0.004611394334002646,0.006582295187344928,-0.00171025155432165,-0.005382832333405901,-0.005480457631713167,0.006098466966264291,0.0,0.0,0.0,-4.191647446651347e-06,0.0002276602011715008,-0.0021725336807631086,-0.001950790871450978,-0.0032103901147546134
0.90918756,0.96153843,0.17938915,0.17235428,0.17235428,0.88,0.88,0.52337277,0.5031271,0.97959185,1.0,1.0,0.5031271,0.5031271,0.59084636,0.74245965,0.29276705,0.017240808528964882,0.0010394869437944639,0.03498648628523151,-0.0021324778611833987,-0.0013925347104371865,-0.0007123153067986457,0.0012344804910017322,0.0006656310325281155,0.005164814169108144,0.0,0.0,0.0,0.0027842830823927244,0.004695680408642271,0.00012394063725150315,-0.005471318868786683,-0.007020111696934403
0.8158683,0.5880276,0.8780735,0.9924483,0.9411765,0.88,0.7655646,0.5952475,0.5845387,0.97959185,1.0,1.0,0.5845387,0.5845387,0.73084635,0.40245956,0.69526714,0.011185989716707598,0.0004225143699263665,-0.020126433048907984,-0.0009391628101253113,0.0073122776167271475,-0.002156137374147582,-0.0007934171256832218,0.004424355464369519,0.0027162627853509697,0.0,0.0,0.0,0.00399132140047223,0.007109079178132506,-0.00029378720547353754,0.0021309385784242228,0.0029742845349334224
0.90918756,0.96153843,0.2037226,0.19573347,0.19573347,0.88,0.88,0.46149778,0.44117942,0.97959185,1.0,1.0,0.44117942,0.44117942,0.22513199,0.4502374,0.7940171,0.017689606596131505,-0.0005467304591483997,0.03778405739083016,0.00698538201909225,-0.010904887208245024,-0.00025675801790341047,0.0014197933718376502,-0.0016962276856441088,0.010496851201366685,0.0,0.0,0.0,0.00299843166469301,0.00735505289669132,-0.006449227966007994,0.0026668246653368407,0.003316756111134625
0.90918756,0.96153843,0.27477098,0.26399565,0.26399565,0.88,0.88,0.6764977,0.65679824,0.97959185,1.0,1.0,0.65679824,0.65679824,0.88798916,0.396904,0.70901704,0.01641563448455312,-0.0015921618805327781,0.028280803687161033,-0.006208279723053136,-0.005415426038777269,-0.0009092706363551361,0.0013900310942381298,0.005014755497036596,-0.007288368822445985,0.0,0.0,0.0,0.0019284768308096096,0.0015069919840209744,-0.0021523682637324933,0.0043486783657418135,0.004085471639870069
0.67984897,0.4995626,0.7670475,0.9924483,0.9748012,0.88,0.88,0.44649744,0.42933404,0.97959185,1.0,1.0,0.42933404,0.42933404,0.40798908,0.40134853,0.6615171,-0.004849584361561169,-0.005808669583661379,-0.008414557871186919,-0.006965459941942665,0.002503487709546665,-0.0026463122225683917,0.0003876566459920321,-0.0026240657186631716,0.003986832788148372,0.0,0.0,0.0,0.0009457940989558858,0.0006761134737919317,-0.0001383284136527736,0.0010620433847086147,0.0071816195059837985
0.7672455,0.77695835,0.7142213,0.9064097,0.72880036,0.88,0.88,0.35774767,0.3335437,0.97959185,1.0,1.0,0.3335437,0.3335437,0.42941776,0.32023737,0.60026705,0.0064329440082733155,0.004412144427036039,-0.0004929858784456648,-0.0002577438651928954,-0.000357714446198861,-0.002668446071989314,0.0019174982879418833,-0.008242210390915782,0.009277057771309731,0.0,0.0,0.0,-0.0013130539598207045,-0.0008619550409305201,0.0005799655556370855,0.0010597969375556538,0.004222997298648803
0.7396285,0.8034914,0.71628267,0.9924483,0.8937818,0.88,0.88,0.51899755,0.5053924,0.97959185,1.0,1.0,0.5053924,0.5053924,0.5522748,0.60468185,0.451517,0.0005431480671935118,0.00442488113118362,-0.0043908548937163575,-0.004074921900474432,0.004388469738314538,-0.0016605486613080322,0.0009756279891336335,0.0006373903233018673,0.006509842211949399,0.0,0.0,0.0,0.0036159294983686796,0.00688785099049004,0.0004904033171426101,0.00025647842643980104,-0.002366204336571168
0.78928417,0.7652888,0.72826254,0.9924483,0.9748012,0.88,0.88,0.56962276,0.5593624,0.97959185,1.0,1.0,0.5593624,0.5593624,0.67084634,0.41690403,0.62026703,0.006788936401121077,0.0024171165908098598,-0.00397341423180072,0.0003699773737139928,0.005657428366192739,-0.0014949528823131966,0.0015892401482068951,0.002586959720032006,0.005377429826172774,0.0,0.0,0.0,0.005162961262761262,0.009105140860235346,-0.0005876649201367615,0.002369300791880491,0.002898575086666274
0.90918756,0.96153843,0.31902054,0.30650994,0.30650994,0.88,0.88,0.70774746,0.70761395,0.97959185,1.0,1.0,0.70761395,0.70761395,0.67084634,0.7680152,0.3677671,0.016049077780100438,-3.167181826053578e-05,0.021939939045022304,-0.004659381290549423,-0.011112863319406465,-0.0004366371031643505,0.0013018590370815026,0.004208944381395337,-0.013176345625430283,0.0,0.0,0.0,-0.00018792802424215076,-0.0017505789662815125,0.000588196657709439,-0.004939129072199554,-0.0032892458919537735
0.79451823,0.8387082,0.6726999,0.64631957,0.9748012,0.88,0.88,0.4208727,0.40116897,0.97959185,1.0,1.0,0.40116897,0.40116897,0.40656063,0.55134857,0.40276706,0.011584638060946012,0.005896655039529273,0.0014459016920874291,0.005766521838240934,-0.0005494084180664009,-0.001629941402675254,-6.89485067091787e-05,-0.002943993429400462,0.007691587533772337,0.0,0.0,0.0,0.0002895728988452236,0.0019510374741718351,0.0010556793724806977,0.0013991913423288787,-0.0055807832368120905
0.65712166,0.56131434,0.894508,0.9411765,0.84276384,0.7522566,0.88,0.33774757,0.31166935,0.97959185,1.0,1.0,0.31166935,0.31166935,0.54513204,0.3080152,0.42901707,-0.012209280109174396,-0.003145390412740344,-0.028300632167594354,-0.00222105542655393,0.0005948243325033954,0.002713370704032018,0.0002952205943360226,-0.008890941583592602,0.002537320414053137,0.0,0.0,0.0,-0.005347944215866898,-0.011729618546562346,0.0005566062201777039,0.0002525323172867544,-0.006285521913628298
0.7532648,0.68792224,0.8178086,0.8937818,0.8318803,0.88,0.88,0.49399757,0.47818923,0.97959185,1.0,1.0,0.47818923,0.47818923,0.3322747,0.54357076,0.71276706,-3.4444743331547564e-05,0.0022909313194537447,-0.019170935496766118,-0.0008719093456156534,0.006055047851829488,-0.0017960281385670821,0.002056512622205836,-0.0007600074524360266,0.007324570535117484,0.0,0.0,0.0,0.003256670103053032,0.00645807221765105,-0.002367892556304851,0.0005646939802590009,0.004256213298143587
0.90918756,0.96153843,0.031427186,0.030194748,0.030194748,0.88,0.88,0.37024736,0.34928334,0.97959185,1.0,1.0,0.34928334,0.34928334,0.37941784,0.57912636,0.29151714,0.01800206210076442,0.0012564034317435041,0.04995244046654298,0.003455649506567131,-0.001356466285090218,-8.825969417681458e-05,0.0018830182217931105,-0.004907848522603704,0.01728865296307935,0.0,0.0,0.0,0.0029557063966799114,0.007202619221756108,-0.0003914656549713246,-0.000602788029538334,-0.006579164794813199
0.8759921,0.73431915,0.8350218,0.80227584,0.9748012,0.88,0.88,0.46274757,0.4464746,0.97959185,1.0,1.0,0.4464746,0.4464746,0.6837034,0.44579294,0.452767,0.022451860855354413,0.0038985951488565204,-0.011768072213155423,0.006568902161661292,0.0002854865380685093,-0.002523192133895264,9.834724603888158e-05,-0.0009263095955048206,0.007297118654573915,0.0,0.0,0.0,0.003236950876350413,0.006016092091627756,-0.0005375616810776794,0.0013904713691239334,-0.003222350976266996
0.8399727,0.6427272,0.77779996,0.8884907,0.83997214,0.88,0.88,0.77462256,0.7735645,0.97959185,1.0,1.0,0.7735645,0.7735645,0.5494177,0.65690416,0.8352671,0.01501998909553057,0.0013640179699380653,-0.0035609243317131596,0.004014689489294901,0.0024135005694583046,-0.0012690274814129076,0.001515285703574727,0.011123034129112514,-0.0096566738121013,0.0,0.0,0.0,-0.0009284589543056231,0.0007413553507635309,0.0004941590213321019,-0.003173209567521493,0.002968558152202062
0.6801931,0.6771977,0.76351357,0.9748012,0.6900896,0.88,0.88,0.4008726,0.38538,0.97959185,1.0,1.0,0.38538,0.38538,0.4865606,0.44579294,0.390267,-0.00997191492082173,0.0008948294956369451,-0.010646003924562431,-0.004439949597804706,0.0007982189676891309,-0.002005845996258468,0.0005726385577410628,-0.0056447906212348554,0.007076452119381734,0.0,0.0,0.0,-0.00041417931876769343,-0.0009195486573777908,0.0004572623930651476,0.0011697515884534512,-0.00692453744179283
0.8759921,0.8423906,0.78521603,0.9411765,0.9748012,0.75608623,0.88,0.6058725,0.5962317,0.97959185,1.0,1.0,0.5962317,0.5962317,0.6079892,0.64357066,0.49026704,0.020245543977525524,0.006397272504296942,-0.005833824556704461,0.002114230249914166,0.005878353510550867,0.0014377516307215435,0.0007462932504093,0.0020864670062575624,0.0020533004619510253,0.0,0.0,0.0,0.003481151315663579,0.007846682026391945,0.0005756165602256359,-0.003130426066610699,0.00017625505302666943
0.90918756,0.96153843,0.27871174,0.26778188,0.26778188,0.88,0.88,0.5371225,0.52361995,0.97959185,1.0,1.0,0.52361995,0.52361995,0.6265607,0.29134846,0.70276713,0.021514516019778496,-0.0003382857798746242,0.034190224622393794,-9.135189490373632e-05,-0.005241768188557757,-0.000642599284375902,0.0027150539722105584,0.00153940261942202,0.0044035550984310775,0.0,0.0,0.0,0.0033031608678694853,0.005638752917962092,4.495202968504123e-05,0.0060290658811007584,0.004040908144824531
0.88508296,0.77695835,0.68321514,0.9924483,0.9748012,0.88,0.88,0.42399752,0.40287903,0.97959185,1.0,1.0,0.40287903,0.40287903,0.43227488,0.5235707,0.38526702,0.019492714844752044,0.0034666910477735473,-0.00019558147283343374,-0.006462499800324592,-0.0007127952038309083,-0.0024072380621980973,0.00042648150430899966,-0.003032763562741224,0.00502739985421845,0.0,0.0,0.0,-0.0016521668099170079,-0.001162632427778017,0.000444128987565988,0.0011605379999528396,-0.006893152097285752
0.90918756,0.96153843,0.2882245,0.27692157,0.27692157,0.88,0.88,0.61399746,0.60531884,0.97959185,1.0,1.0,0.60531884,0.60531884,0.53798914,0.60912627,0.55901706,0.0163474964853564,-0.0006197998827644844,0.02891531949052882,-0.0039964052807020265,-0.009991482538759566,-0.0003827953139923225,0.001093611069939639,0.003110134854941291,-0.0060029825450163546,0.0,0.0,0.0,0.001148021833498158,-0.00019068297612924814,0.00025440988514252724,-0.0027096627900208246,0.001236887422361412
0.90918756,0.96153843,0.3262459,0.31345195,0.31345195,0.88,0.88,0.7758727,0.7680848,0.97959185,1.0,1.0,0.7680848,0.7680848,0.935132,0.5546819,0.5502671,0.015470827422304146,-0.0009571195176368816,0.021064603497339032,-0.0035776081080627635,-0.007763817958513628,-0.0008225778617322827,0.0013481577273588227,0.005832538863262683,-0.019439086321219413,0.0,0.0,0.0,-0.0010659368420556838,-0.0025567258355147665,-0.0013721860920092666,-0.00033501416558054067,0.0007665759938864561
0.5529205,0.7067241,0.82649565,0.9748012,0.8442728,0.88,0.88,0.31712258,0.2894309,0.97959185,1.0,1.0,0.2894309,0.2894309,0.50227493,0.29690403,0.50151706,-0.02559450624694792,0.00372542822575423,-0.019906585805836825,-0.0050091933980391315,0.0009942929999186673,-0.0023783909387087507,0.0011294956346550023,-0.009803820575917787,0.0034279319201077863,0.0,0.0,0.0,-0.005784688338666606,-0.01016951822146389,0.0009321882949084952,-0.0008133644101733193,-0.0011737897257576716
0.87633646,0.84251547,0.82384884,0.8590292,0.8571041,0.88,0.88,0.47774768,0.46011832,0.97959185,1.0,1.0,0.46011832,0.46011832,0.67227495,0.3624596,0.556517,0.027321697282430134,0.00302483489300668,-0.012223307521620536,0.003409015927822787,0.0016092434060700303,-0.0020735318556333146,0.0028057903697941123,-0.0023850608050583356,0.006642112854426559,0.0,0.0,0.0,0.0025823714416109596,0.0059581737066465345,-0.0010033262301060257,-4.9482641665545105e-05,0.0025808111922540145
0.71621263,0.61124843,0.8979439,0.89572877,0.9411765,0.88,0.5156984,0.43337274,0.41533035,0.97959185,1.0,1.0,0.41533035,0.41533035,0.51513207,0.48357064,0.562767,0.0002392461900941445,0.0009303861986431708,-0.026186569207327186,0.00014633044439619976,0.0069664872279258635,-0.0037805069135272264,-0.009021730262240015,-0.004843939407598438,0.0055602060753780404,0.0,0.0,0.0,0.00027753516672886393,0.0014310080629626849,0.0005869527377323437,0.0006173532202035768,0.001558439438884457
0.7938297,0.71845555,0.859387,0.9924483,0.84363586,0.88,0.88,0.5283724,0.5136032,0.97959185,1.0,1.0,0.5136032,0.5136032,0.6065606,0.50690407,0.5352671,0.009657188479367886,0.0027533675927061347,-0.0180895117791362,-0.004352891501703145,0.005234363029141991,-0.0014243104871750406,0.0012969015969137836,0.0012666662216453122,0.007098143305860072,0.0,0.0,0.0,0.00469300024170557,0.009390093039762851,0.0002444237706375565,0.0015333626847203444,0.001837888429958633
0.90918756,0.96153843,0.41237453,0.39620298,0.39620298,0.88,0.88,0.91649747,0.92670643,0.97959185,1.0,1.0,0.92670643,0.92670643,0.76656055,0.8802374,0.6590171,0.014727670448589643,-0.001423363536592907,0.010908878409319001,-0.0056889048727040035,-0.012131949281090808,-0.0004846146105357018,0.0005247141547051779,0.00709262412971676,-0.0383203229286072,0.0,0.0,0.0,-0.007086197727597918,-0.011122659696941664,0.0009646336974415952,-0.009588134743847116,0.002244806160103051
0.64451826,0.77695835,0.83182967,0.7992089,0.9101207,0.88,0.88,0.61774755,0.6089725,0.97959185,1.0,1.0,0.6089725,0.6089725,0.78798914,0.51357067,0.42401707,-0.010645111554117898,0.002801895903504823,-0.011843527737125199,0.005173161184699384,0.0036907063110060228,-0.0010107139565433529,0.0013638560865319304,0.005005003716982342,0.0037474145270370973,0.0,0.0,0.0,0.004153822741464018,0.010532788227507348,-0.0033298619358678363,0.0015970913822823257,-0.002666909940312089
0.7123558,0.8035329,0.767228,0.8472101,0.9429901,0.88,0.88,0.45712256,0.43763274,0.97959185,1.0,1.0,0.43763274,0.43763274,0.43227488,0.5046818,0.4727671,-0.0008935542116813488,0.004736430815304226,-0.008081606182578183,0.004795576510550851,0.0027355245113726734,-0.001666680544302019,0.0016964854325404706,-0.0025930836724081872,0.007391873523249882,0.0,0.0,0.0,0.0017120627936086563,0.004070312977898331,0.0006002810780402697,0.0014690581899852097,-0.0014922109358004336
0.90918756,0.96153843,0.29848903,0.28678358,0.28678358,0.88,0.88,0.7664976,0.76562417,0.97959185,1.0,1.0,0.76562417,0.76562417,0.59941775,0.60468185,0.7977671,0.014733568393032385,-0.002267822866419268,0.025032585127520723,-0.006932833746937157,-0.0137844192883869,-0.0005513647420615849,0.0009671808900931362,0.007073219114506147,-0.022374555350921574,0.0,0.0,0.0,-0.0026302862235098538,-0.00852428575295836,0.0009088562795567855,-0.00179443350990776,0.0036202672734118053
0.6756478,0.9654951,0.8650858,0.9411765,0.96780485,0.8841149,0.88,0.29149747,0.25839642,0.97959185,1.0,1.0,0.25839642,0.25839642,0.4422749,0.31023735,0.49526715,-0.006346918024624231,0.011015562913576886,-0.023112679754313966,-0.0035858543925986674,0.001548890543921766,-0.0025027658457104367,0.0011672585211257983,-0.009621284463962668,0.0006359375147821033,0.0,0.0,0.0,-0.007228332280108715,-0.015196636522806535,0.0012482193972712967,-0.0016740327209502095,-0.0014773621279279383
0.7672456,0.77695835,0.62614286,0.60158825,0.9411765,0.88,0.75249696,0.5002476,0.48623994,0.97959185,1.0,1.0,0.48623994,0.48623994,0.46656063,0.44023737,0.612767,0.004242898004851883,0.001985081848207707,0.0045680174152561434,0.0022405047349062512,0.0026800282754011993,-0.001170873180647244,-0.000472189489319858,-0.001100485476952287,0.006417565246509844,0.0,0.0,0.0,0.0026113418795207237,0.005907362135194625,0.0017030268445660623,0.001651831295524251,0.002913057932103495
0.8078103,0.77021545,0.859387,0.84363586,0.7977762,0.88,0.88,0.5114976,0.49917397,0.97959185,1.0,1.0,0.49917397,0.49917397,0.6279892,0.49579293,0.556517,0.012213415036278135,0.002673948781200954,-0.0196283495388914,0.004582717807318893,0.0020219584100568365,-0.0024660407654338644,0.002335892222376067,-0.0006252822836442348,0.006809897283677399,0.0,0.0,0.0,0.004020317681285664,0.007994892503986516,0.0002583048794349808,0.0009386888508746971,0.0014551325301816634
0.49382958,0.7774833,0.8890339,0.9924483,0.9101207,0.88,0.88,0.5989975,0.5787445,0.97959185,1.0,1.0,0.5787445,0.5787445,0.6465606,0.62134856,0.5802671,-0.034002014219372,0.002590674318511782,-0.022733681304985782,-0.001680048249206701,0.003961423239086476,-0.0028004442334835233,0.0021077336171050546,0.005808229353940831,0.002872040795471592,0.0,0.0,0.0,0.004416947671566223,0.00993726705939841,-0.0002609336045163341,0.0008177491585312189,0.0026002639915543545
0.90918756,0.96153843,0.18208754,0.17494686,0.17494686,0.88,0.88,0.52399755,0.5056158,0.97959185,1.0,1.0,0.5056158,0.5056158,0.71798915,0.40912616,0.65026706,0.019710451282388675,-0.00038517910799832603,0.039565594338217464,-0.002790731840158242,-0.00048455122316952095,-0.0008416416823674137,0.002288614372795689,0.0017463955573884698,0.00514012762677609,0.0,0.0,0.0,0.0031830488842767134,0.005099779494914675,-0.0013311473530444415,0.0035450770737671484,0.0034173888543924595
0.8211023,0.68069124,0.9285939,0.9924483,0.8176788,0.88,0.88,0.4583727,0.4371269,0.97959185,1.0,1.0,0.4371269,0.4371269,0.5294178,0.39579296,0.5140171,0.013222235633343501,0.0020278914949079813,-0.03099460050829815,-0.0031117237009508796,0.003419113163430625,-0.0021258276866172286,0.0014405115487797096,-0.0023857233826605527,0.007010831419233623,0.0,0.0,0.0,0.0024642285268216524,0.004721175413857487,0.0005469880890801806,0.0004836195931435924,0.0008174125819048383
0.90918756,0.96153843,0.26729864,0.25681633,0.25681633,0.88,0.88,0.6146226,0.6048294,0.97959185,1.0,1.0,0.6048294,0.6048294,0.5294178,0.57245964,0.6677671,0.020007477624984765,-0.000829540446837241,0.032767615235256516,-0.0039034992916821315,-0.009493441535794957,-0.000622549458051063,0.0012045406284415618,0.003404148780349202,-0.0034498856218907873,0.0,0.0,0.0,0.0015812066402761842,0.0011100884213775632,0.0004084807055324914,-0.0006411950703558958,0.003028657674960165
0.90918756,0.96153843,0.35972238,0.34561563,0.34561563,0.88,0.88,0.7771226,0.77563894,0.97959185,1.0,1.0,0.77563894,0.77563894,0.5294178,0.736904,0.74651706,0.01734089635563902,-0.0013728449696275291,0.02056098434267191,-0.0048177499202259185,-0.013128527713308712,-0.0003724625783112778,0.0005196158358936437,0.007093364130635534,-0.020404636888923192,0.0,0.0,0.0,-0.0018313332423404666,-0.006394928582026672,0.00042963968739507,-0.005251613057606329,0.0032136371714911603
0.86724555,0.83164656,0.6468455,0.9411765,0.8594293,0.8199039,0.88,0.6471226,0.6383896,0.97959185,1.0,1.0,0.6383896,0.6383896,0.6308463,0.6413486,0.55776703,0.01588989602399119,0.003564512361365935,0.0031672127372030867,0.004028389331444653,0.003965108609386727,0.00020295389842899073,0.000677007414816758,0.0040884187343413585,-0.0008056717291071534,0.0,0.0,0.0,0.0031967692171095668,0.006441090060936893,0.0005077197289602341,-0.0024241509164794873,0.0015545354980978387
0.90918756,0.96153843,0.2659835,0.25555277,0.25555277,0.88,0.88,0.66212285,0.6576204,0.97959185,1.0,1.0,0.6576204,0.6576204,0.5365606,0.7180152,0.64401716,0.015793496255751452,-0.00037305003161971855,0.029423844473663193,-0.002052030237844384,-0.012782212811902062,-0.0004195132219354547,0.0007793958496541344,0.0049011317625852,-0.009628673652230383,0.0,0.0,0.0,0.000952591785220644,-0.0013051807909927686,0.0003425960196563907,-0.005984450939673416,0.0023881165870744438
0.8941739,0.77985036,0.7936007,0.9411765,0.660312,0.6910444,0.88,0.36774755,0.34625182,0.97959185,1.0,1.0,0.34625182,0.34625182,0.46656057,0.5880152,0.29276705,0.022635038014335668,0.004323739942966871,-0.012126637420936533,-0.0031964806623772913,0.00022126465870035223,0.004358817465510799,0.0006587302006627675,-0.004231273223229537,0.006762852241061984,0.0,0.0,0.0,-0.0005117135359195652,-0.001763871218238046,7.693432506030389e-05,0.0009823914577589189,-0.012086622133362153
0.8578103,0.8073464,0.80825335,0.9924483,0.70552254,0.88,0.88,0.43212283,0.4130333,0.97959185,1.0,1.0,0.4130333,0.4130333,0.5765606,0.53468186,0.31401706,0.020786593755116826,0.005083005556610421,-0.014142594705985681,-0.005755506426956211,0.0006247642490042432,-0.0019985440092230218,0.001381565929381319,-0.0034412630500294614,0.006655756876354302,0.0,0.0,0.0,0.00021375113495729174,0.001250060832755878,0.0006337419456243455,0.001143563706980303,-0.010972557358122428
0.78893983,0.55748886,0.94575363,0.9411765,0.9748012,0.7522566,0.88,0.48837268,0.47646978,0.97959185,1.0,1.0,0.47646978,0.47646978,0.65656054,0.49245963,0.38276708,0.007865354528172446,-0.005513611699519792,-0.028214693849477418,0.0014235839921766702,0.0027920779184562026,0.0008133642867329735,-0.0010667346441442444,-0.0006421707819958281,0.006085197212915336,0.0,0.0,0.0,0.003255910471776823,0.0044613841779780955,0.0009288262165190059,0.0013475094325691615,-0.009659254430661311
0.90918756,0.96153843,0.1453718,0.13967094,0.13967094,0.88,0.88,0.4814974,0.46759328,0.97959185,1.0,1.0,0.46759328,0.46759328,0.5622749,0.45579296,0.4715171,0.01651480134441945,-0.00012871721995375764,0.04046196067947025,-0.0013449219431416204,-0.003437178369848223,-0.00033085061732302,0.0018309358321716707,2.044086530622463e-05,0.005758411278223438,0.0,0.0,0.0,0.002047412705663211,0.004164283836592698,0.0006419811096780954,0.0017223614068632937,-0.0007016293539676708
0.8214466,0.80349267,0.7605708,0.9748012,0.8590292,0.88,0.88,0.5096227,0.49327424,0.97959185,1.0,1.0,0.49327424,0.49327424,0.5522749,0.39134842,0.7252671,0.013826495989375609,0.0025125335333108616,-0.008478772452222099,-0.003656594505210053,0.005101771426640915,-0.002213985477668855,0.0029635329107506802,0.0003174940636830044,0.005446664951826477,0.0,0.0,0.0,0.0032288780627668543,0.006188585541391328,8.634849476305854e-06,0.0009096630226195088,0.005434998672635782
0.90918756,0.96153843,0.3023646,0.29050714,0.29050714,0.88,0.88,0.8146225,0.81591374,0.97959185,1.0,1.0,0.81591374,0.81591374,0.64370346,0.74801517,0.6565171,0.015422989003300934,-0.0015100118828130665,0.022866966207817026,-0.005126401163326941,-0.013515370459730202,-0.0004920918691666296,0.000642192785178613,0.006407836510610594,-0.022977733220366954,0.0,0.0,0.0,-0.0019895256798285778,-0.004959834132039147,0.0007319085826302217,-0.004912518041383549,0.0027933849298650785
0.6347387,0.62245274,0.70180553,0.89572877,0.9411765,0.88,0.6111749,0.5371225,0.52396977,0.97959185,1.0,1.0,0.52396977,0.52396977,0.40227494,0.5113485,0.6802671,-0.014616082179826365,0.0012371426571188024,-0.003861063731889303,0.0006442250774493823,0.008479545854986767,-0.002066685666704965,-0.00432503422382371,0.000679995784196978,0.006180085897479081,0.0,0.0,0.0,0.003821761126982796,0.007142564533641313,0.0002720647711294322,0.0012301000874773817,0.003066050661112824
0.90918756,0.96153843,0.19103616,0.18354455,0.18354455,0.88,0.88,0.60149753,0.59236807,0.97959185,1.0,1.0,0.59236807,0.59236807,0.6208463,0.5113485,0.66151714,0.019600849272043135,-0.00043113902967192153,0.039538966952433696,-0.002328958911168846,-0.008595205088527506,-0.0007651015567956784,0.002365672235189275,0.0033219891924135807,-0.0023911628481544348,0.0,0.0,0.0,0.001860121058447235,0.0019559037887423056,0.0003479524280797483,0.0005343140311373114,0.0028102628174103256
0.85292053,0.6850019,0.846703,0.9924483,0.9101338,0.88,0.88,0.5314975,0.51406443,0.97959185,1.0,1.0,0.51406443,0.51406443,0.43370348,0.49468178,0.6315171,0.015053253858838173,0.0029040349602859083,-0.017913354058435263,-0.003353832496590739,0.007659621595122727,-0.002061231133821243,0.0012817480656962268,-0.0001307755617830264,0.0067902941867227515,0.0,0.0,0.0,0.0038312205278324923,0.007549144409531969,-0.0009692596005341294,0.0012060617084523064,0.004977772365645687
0.7578103,0.80383086,0.833591,0.9411765,0.7270868,0.7159841,0.88,0.6258726,0.6171289,0.97959185,1.0,1.0,0.6171289,0.6171289,0.6837034,0.5746819,0.555267,0.006835710066049188,0.0030333392102151707,-0.012429162601436942,0.0032136192476203878,-0.0011426697045686643,0.0022671562654460087,0.0015843023804028994,0.004890915755354371,0.0009313019894071108,0.0,0.0,0.0,0.002516774167522963,0.006551125144406751,2.7726331151465416e-05,0.0005540468024285347,0.0013965218358876201
0.90918756,0.96153843,0.2335312,0.22437312,0.22437312,0.88,0.88,0.5833727,0.57621187,0.97959185,1.0,1.0,0.57621187,0.57621187,0.2751319,0.69357085,0.6827671,0.016490930922901586,-0.00017614563682281516,0.0339477726802419,0.00043875939648923683,-0.012381361695780772,-0.0001313975888177512,0.0010858410504466951,0.0020529789097392913,0.00023019261907554587,0.0,0.0,0.0,0.001850275165972532,0.0024004114001026414,-0.004610778856761012,-0.005065648572060435,0.0025544168240882533
0.90918756,0.96153843,0.0210888,0.020261787,0.020261787,0.88,0.88,0.27024758,0.24667774,0.97959185,1.0,1.0,0.24667774,0.24667774,0.2494177,0.41134846,0.43901706,0.021688947889092047,-0.0003458222965260053,0.05934272513499898,0.012495576073911148,0.0022244240863423543,-0.0011425495397546404,0.0021034581247551475,-0.011026411250356732,0.021096262930612536,0.0,0.0,0.0,-0.0002670954819703106,0.00677000047957129,-0.0019338143466729432,0.0036053633607090324,-0.001759208716355618
0.90918756,0.96153843,0.3861576,0.37101415,0.37101415,0.88,0.88,0.8014977,0.79348236,0.97959185,1.0,1.0,0.79348236,0.79348236,0.84798914,0.5491263,0.7565171,0.01874722030322716,-0.0010776593126151166,0.016569311803452128,-0.004284336614081917,-0.010853779793980339,-0.0011510344069394223,0.0008232828685799401,0.007631426400269658,-0.024366384505410506,0.0,0.0,0.0,-0.0027459953383234927,-0.004734165259848314,-0.0003277448933405812,-4.7807936762965244e-05,0.005051403888381909
0.63893986,0.67752063,0.9285939,0.9101338,0.8473444,0.88,0.88,0.6046226,0.5963326,0.97959185,1.0,1.0,0.5963326,0.5963326,0.6951321,0.49579293,0.49651706,-0.012411905241529268,0.0012166383393049077,-0.028377813505023882,0.0022051476557633128,0.004173301957259699,-0.0015457879951294006,0.0015735170204620285,0.00392228055935249,0.0026588707811201623,0.0,0.0,0.0,0.0034527914594094894,0.008698013354284443,0.00023557376126207694,0.0013945146284063308,-0.0004774805013695722
0.90918756,0.96153843,0.12305273,0.11822713,0.11822713,0.88,0.88,0.5171225,0.5018447,0.97959185,1.0,1.0,0.5018447,0.5018447,0.34513202,0.67245966,0.55276704,0.018867368893079585,-0.0010979044792627842,0.04435682909916741,0.0039760167106294994,-0.009031003856176617,-0.00046310833215282814,0.0018750356358031212,0.001324539749122249,0.0037977458702089777,0.0,0.0,0.0,0.0027802201206190325,0.004639821271769704,-0.0026288196618272706,-0.004789840723429375,0.0007948977685608116
0.885083,0.6537348,0.7998454,0.878675,0.8332922,0.88,0.88,0.35087264,0.32970813,0.97959185,1.0,1.0,0.32970813,0.32970813,0.3794177,0.52245957,0.52276707,0.021416160040262998,3.0822439582735525e-05,-0.01121694549023062,0.0002537974517227351,0.0014888692476418902,-0.0016881447570870295,0.0008522560131192207,-0.007232404950028945,0.0036845296764749435,0.0,0.0,0.0,-0.0026839368271039314,-0.004677023659817441,-0.0004733214366079292,0.0012259561446322591,-0.0009938202618214832
0.7620114,0.6765232,0.72822094,0.9411765,0.7237751,0.6810241,0.88,0.64837265,0.63768023,0.97959185,1.0,1.0,0.63768023,0.63768023,0.5837034,0.56579304,0.619017,0.0035154005310117278,0.0018923379673418577,-0.004518941946985333,0.0017845752198238807,0.0003168870256363911,0.0025799237093758064,0.0009820642807076717,0.0048875131844776185,0.002153494098446273,0.0,0.0,0.0,0.0028890385729406025,0.007913457022452301,0.00030605360236358054,0.00014729547495711572,0.0029027702368431742
0.90918756,0.96153843,0.18256657,0.1754071,0.1754071,0.88,0.88,0.5577476,0.5431028,0.97959185,1.0,1.0,0.5431028,0.5431028,0.46370342,0.59468186,0.6615171,0.019815555947239116,-0.001224432317398437,0.03797832689368144,0.000955667932242982,-0.010981269242593112,-0.00019606769063440464,0.001721455018250858,0.0016043277103037778,0.0024118028290867405,0.0,0.0,0.0,0.0025257131941960873,0.003975532584342269,-0.00013617557892758476,-0.0004863454913100154,0.0031060632264082936
0.64803076,0.8933421,0.9145393,0.9411765,0.8785573,0.8090758,0.88,0.38774765,0.3688331,0.97959185,1.0,1.0,0.3688331,0.3688331,0.5508463,0.42801517,0.451517,-0.01296749172064327,0.004928362797165971,-0.031541212157408675,-0.0019961877897162737,0.0028053653657576544,0.0012018523699015705,0.0023209385137576578,-0.0072023781324235545,0.006532369985533046,0.0,0.0,0.0,-0.0018999849814696462,-0.003800581144483857,0.0005453402690038943,0.00014253037450198382,-0.0031599942125614387
0.80360913,0.83164656,0.6892627,0.7722952,0.9411765,0.88,0.74491245,0.53524756,0.5258991,0.97959185,1.0,1.0,0.5258991,0.5258991,0.64513206,0.46245956,0.520267,0.0093518235992202,0.003410211538605638,0.0008233785647667913,0.006013807948391328,0.0037260288639110834,-0.0016045407597975977,-0.0010632080039499107,0.0015843378822796312,0.005363288673401859,0.0,0.0,0.0,0.004176882778134551,0.007310768174922857,-0.0007670702418824913,0.0015195439674017333,0.0006678291884631749
0.90918756,0.96153843,0.41448,0.39822587,0.39822587,0.88,0.88,0.86649776,0.8722416,0.97959185,1.0,1.0,0.8722416,0.8722416,0.9079892,0.5702374,0.7877671,0.016498458522091648,-0.0011144276435952085,0.014704001506805333,-0.0034274705671601467,-0.009841775522832918,-0.0007993729474999445,0.0009181798657402753,0.00890776889512493,-0.03190513994450689,0.0,0.0,0.0,-0.003306989753718975,-0.005512061449479979,-0.0014340643377220303,-0.0005584633415863356,0.004498647323891237
0.90918756,0.96153843,0.20854859,0.20037022,0.20037022,0.88,0.88,0.51837265,0.51087785,0.97959185,1.0,1.0,0.51087785,0.51087785,0.5865606,0.3280152,0.66026706,0.019520067439470195,-1.3351517413338291e-05,0.03694213452556244,-0.0006325619120179723,-0.005519591999263752,-0.0005549371425211548,0.002037553615458254,0.0011290562031489643,0.0035157651923106775,0.0,0.0,0.0,0.0024073877759542813,0.004003138424485564,0.0005205908835326906,0.005167006300387051,0.0031460353948113166
0.90918756,0.96153843,0.30445746,0.29251796,0.29251796,0.88,0.88,0.71212256,0.70382446,0.97959185,1.0,1.0,0.70382446,0.70382446,0.71513206,0.5846819,0.627767,0.017657200051803247,-0.000795282392369521,0.02493101087608894,-0.004895172448890197,-0.009521838719093723,-0.0005672358731058256,0.0011611852381273977,0.005244726408751358,-0.011933932329812937,0.0,0.0,0.0,0.0003016420573819105,-0.001874488538892023,-2.986333502952408e-05,-0.0006430059653524563,0.00189197510413459
0.75712174,0.72983605,0.88179016,0.84721017,0.9411765,0.88,0.7295594,0.7921226,0.7895428,0.97959185,1.0,1.0,0.7895428,0.7895428,0.6594177,0.58912635,0.82901704,0.004307036510203422,0.0026531060222997273,-0.017098576921537264,0.004324890555788282,0.008496993020111756,-0.0012533706874577927,-0.000525755505551459,0.012162140607459047,-0.011290070005807973,0.0,0.0,0.0,-0.0008446828734191236,0.0012830179317857263,0.0008719779425673182,-0.0005220489886725326,0.003843450523762991
0.90918756,0.96153843,0.09652815,0.09274273,0.09274273,0.88,0.88,0.41399765,0.3974343,0.97959185,1.0,1.0,0.3974343,0.3974343,0.28798908,0.43690407,0.6002672,0.017709199951450216,-0.0008496539118981348,0.046731827866086435,0.0035384563506639577,-0.008637603440148545,-0.00036632085006951977,0.001463261484496743,-0.003062306212543018,0.013089972101101,0.0,0.0,0.0,0.0030319874439448708,0.007589252726403469,-0.0032219921924028605,0.003215141162168827,0.001620799257439637
0.835083,0.801202,0.7250292,0.9411765,0.6979534,0.7132501,0.88,0.54899764,0.53733724,0.97959185,1.0,1.0,0.53733724,0.53733724,0.5579891,0.5524596,0.567767,0.015080689298197518,0.0028960751037702247,-0.003954912398672855,0.00139528964942643,-0.002188059815154211,0.00225829984468206,0.0014715827837717727,0.0016774426136335794,0.00588260326588044,0.0,0.0,0.0,0.0037715950372225627,0.008493648984083993,0.00046584663259081893,0.0007672900233011063,0.001867522546329498
0.90918756,0.96153843,0.34370425,0.33022565,0.33022565,0.88,0.88,0.8427477,0.8450953,0.97959185,1.0,1.0,0.8450953,0.8450953,0.4865606,0.8591263,0.82651705,0.01760395743677197,-0.0013262805361198607,0.020573132775006622,-0.004086948755731229,-0.01369345007129565,-0.0006311346399120582,0.0004329704367082458,0.008444599930186935,-0.029091921100061265,0.0,0.0,0.0,-0.0037676944482258924,-0.010678977061776411,-0.00013675129573099734,-0.00997422517986933,0.004137799164707538
0.90918756,0.96153843,0.15553822,0.14943868,0.14943868,0.88,0.88,0.44524765,0.43465546,0.97959185,1.0,1.0,0.43465546,0.43465546,0.4394177,0.5846819,0.38276708,0.01668226848847244,0.00029994202591112837,0.03964223889676186,-0.00044716252307907563,-0.0031786580411755226,-0.000159979629232865,0.0015457413944948907,-0.002525858330668254,0.012222379310166707,0.0,0.0,0.0,0.003483641323294617,0.007657399658698421,0.00010278181048145774,-0.0006203562243531996,-0.0024047745993523812
0.8801933,0.81739485,0.8389558,0.8060556,0.9748012,0.88,0.88,0.7046226,0.7004401,0.97959185,1.0,1.0,0.7004401,0.7004401,0.5251321,0.5335707,0.8027671,0.018460237538774703,0.0025403247167662705,-0.012407793139352176,0.005673356037773097,0.010486589489588652,-0.0013004829093316561,0.0012541269984910727,0.0060372162919351425,-0.005273286411005313,0.0,0.0,0.0,0.0017048607750656006,0.004807625116818538,0.00027860449411785135,0.0008708667541688499,0.006691860188110926
0.90918756,0.96153843,0.35935536,0.345263,0.345263,0.88,0.88,0.7714976,0.76831734,0.97959185,1.0,1.0,0.76831734,0.76831734,0.6951321,0.5235708,0.8515171,0.01631375682585863,-0.001567110054012289,0.020679777285630193,-0.0036318503461104635,-0.011802427362341637,-0.0007191170323351402,0.001295115170303609,0.00796343084899035,-0.02190980797767593,0.0,0.0,0.0,-0.001577670155853728,-0.006412087475360298,0.0008679146408350113,0.0003112619793012691,0.004855042580906259
0.7445182,0.77695835,0.74451655,0.76273257,0.9748012,0.88,0.88,0.27524734,0.24925976,0.97959185,1.0,1.0,0.24925976,0.24925976,0.5508463,0.3624596,0.17401707,0.0016360816163020896,0.004257008845930579,-0.00588618881885576,0.005257074424789631,-0.003920917355149141,-0.0023981838213116657,0.0001255826873302513,-0.007344065352010162,0.0005505381274770716,0.0,0.0,0.0,-0.008438135626735389,-0.017449327291396585,0.0005678894248716763,-0.0013169678899894164,-0.025983146586369
0.7165569,0.6736771,0.86366343,0.9376084,0.81761664,0.88,0.88,0.4177475,0.39621207,0.97959185,1.0,1.0,0.39621207,0.39621207,0.4165606,0.5891263,0.42901707,-0.002725397404134209,0.0008519038903098149,-0.02386483534684155,-0.0030570675688736328,0.0031198909991078916,-0.001975678112146069,0.00046372143172461114,-0.004404706736835477,0.005315329439066965,0.0,0.0,0.0,-0.00014111534898020837,-0.0005419874847173173,-0.00022845244801701335,0.001253676974638872,-0.005828023000287754
0.90918756,0.96153843,0.059684683,0.057344105,0.057344105,0.88,0.88,0.38149762,0.3625417,0.97959185,1.0,1.0,0.3625417,0.3625417,0.34513202,0.57023746,0.46026695,0.016081582078992403,0.0005498876045004175,0.04777619333814686,0.009071688548504948,-0.003567330850639628,-0.0007908188757833592,0.00121674159458135,-0.00400759478007737,0.017093259810798747,0.0,0.0,0.0,0.0038794080674340093,0.009191287947941156,-0.002005846909691507,3.760569832723375e-05,-0.00015389530260189827
0.7623558,0.65729946,0.8581363,0.8244839,0.9924483,0.88,0.88,0.43462276,0.4196807,0.97959185,1.0,1.0,0.4196807,0.4196807,0.64941776,0.41134846,0.35401714,0.00660802144354508,0.0014924932541604372,-0.021090070074688425,0.005486739752087882,-0.0006210893809976911,-0.0020839731160195527,0.00031662834218030775,-0.002638866519552187,0.0066032997370539925,0.0,0.0,0.0,0.001509551673068938,0.0015939396934152932,0.00025480765247900444,0.0012924616453197381,-0.010456450502997221
0.90918756,0.96153843,0.22519158,0.21636052,0.21636052,0.88,0.88,0.57024753,0.56126344,0.97959185,1.0,1.0,0.56126344,0.56126344,0.57084626,0.5569041,0.64401716,0.01893568634100484,-0.001325519603743662,0.034562061817280935,-0.001496914750110924,-0.006007227537938602,-0.0006079935888105941,0.0018993058660592068,0.0027244484868729495,-0.002297461405348044,0.0,0.0,0.0,0.001969870773038186,0.002240818882871332,0.0005978677421514272,-0.00032360361264336155,0.0030762916741423935
0.90918756,0.96153843,0.34912226,0.33543116,0.33543116,0.88,0.88,0.7564976,0.7478109,0.97959185,1.0,1.0,0.7478109,0.7478109,0.52513206,0.44023737,0.9902671,0.01891742134954909,-0.0019274859975048897,0.023111838373963783,-0.0032390697509135156,-0.012232024833855897,-0.0007779396951681645,0.0008582077436291143,0.008573627434037395,-0.020082709927011645,0.0,0.0,0.0,-0.0012806775454873903,-0.00630079494608998,0.00017842218095405469,0.002954718661701242,0.0043714621469725665
0.7532648,0.77020884,0.78939563,0.9411765,0.71532035,0.75608623,0.88,0.5933726,0.5878262,0.97959185,1.0,1.0,0.5878262,0.5878262,0.53656054,0.57912636,0.556517,0.0033290747563769953,0.0028689694915261083,-0.0123912566366661,0.001811922671780162,-0.0012367011027271013,0.0015584337092186473,0.0014394926233110878,0.004116070148498971,0.0007233713027516133,0.0,0.0,0.0,0.0025318545392518967,0.0060906501756308054,0.0005284831414042227,0.00012289070347700374,0.0015521937360417923
0.8487194,0.807314,0.8769143,0.88049805,0.78573775,0.88,0.88,0.3596226,0.34237754,0.97959185,1.0,1.0,0.34237754,0.34237754,0.635132,0.36690405,0.34901702,0.021087974066702472,0.004567183035360839,-0.024411566207683012,0.0009012992255354037,0.0005222561426422431,-0.0029127421143517506,0.0012309759269222003,-0.0065595252127003375,0.0044309830444706245,0.0,0.0,0.0,-0.0029143748224292098,-0.004769592389788164,0.0007186990643293495,-0.0008222094934226349,-0.00953317057790756
0.72530353,0.8223109,0.901817,0.9117176,0.9748012,0.88,0.88,0.50337267,0.4942746,0.97959185,1.0,1.0,0.4942746,0.4942746,0.48941776,0.49579293,0.6002672,-0.001323201905894731,0.004560636370829273,-0.02768987728558174,0.00048240189542512,0.0075960836707387805,-0.0018733960338758314,0.0016759304857703588,-0.0010380995330756047,0.0073452924852171605,0.0,0.0,0.0,0.0036833379105326246,0.007901200861358003,0.0008266214987777376,0.0015609233217352364,0.0031531486153698264
0.90918756,0.96153843,0.10090159,0.09694467,0.09694467,0.88,0.88,0.46212268,0.44321227,0.97959185,1.0,1.0,0.44321227,0.44321227,0.47227493,0.36468178,0.5352671,0.01645158310304764,-0.0002597815057548214,0.04719779059223107,0.002660539964762947,-0.004010418695023716,-0.0005727499373779091,0.001963613191078047,-0.0010064304812744131,0.009190881279995785,0.0,0.0,0.0,0.0028678636908788073,0.0057469566666807845,0.00017172262614507914,0.004589574249617102,0.000889074686162213
0.90918756,0.96153843,0.23147894,0.22240134,0.22240134,0.88,0.88,0.60337245,0.5925916,0.97959185,1.0,1.0,0.5925916,0.5925916,0.71513206,0.3402374,0.83776706,0.017713635068930086,-0.000560791054275524,0.03487318799363412,-0.0016263932038300406,-0.0061860950864044174,-0.0008350088020269454,0.0017948921635076792,0.0033952237085689645,-0.0020866347006458096,0.0,0.0,0.0,0.0018158155797075245,0.0026111210709637896,0.00039734992037567993,0.005653760278403902,0.006430670289200588
0.90918756,0.96153843,0.024118977,0.023173135,0.023173135,0.88,0.88,0.33587253,0.30930924,0.97959185,1.0,1.0,0.30930924,0.30930924,0.46370348,0.3624595,0.4352671,0.02044065349814023,-0.0013813218321811365,0.06045122220193979,0.004115503043370991,0.006417566899773202,-0.0010590036026653542,0.0031866473333868844,-0.006629417665617749,0.016857946618435437,0.0,0.0,0.0,0.0017331389465040665,0.006113716978577769,0.0005979038586364464,0.0034581716014475405,-0.001751938297682559
0.68088186,0.77695835,0.81025714,0.8258932,0.878675,0.88,0.88,0.38399756,0.36377373,0.97959185,1.0,1.0,0.36377373,0.36377373,0.59941775,0.4291262,0.390267,-0.005884718005343783,0.004221649065611582,-0.01624527174925513,0.0038107291408141634,0.0014185852220536753,-0.0028825942526393804,0.0018364228096165198,-0.006390603188664128,0.004994237144986244,0.0,0.0,0.0,-0.002549325620036811,-0.004529864490624265,0.0006817439154613472,0.00024059594600978513,-0.006824736663857531
0.8263364,0.857281,0.80145633,0.9411765,0.7015733,0.77157223,0.88,0.60212266,0.59618956,0.97959185,1.0,1.0,0.59618956,0.59618956,0.6779891,0.6435707,0.40276706,0.011591438377937713,0.003674777497706419,-0.011119567557607603,0.0031979738558948188,-0.0007133034411328921,0.001414963290879723,0.0012464391466560246,0.002910438705238345,0.0035799742464193373,0.0,0.0,0.0,0.00357224152504965,0.007914218320363556,0.0005947897765337542,-8.988100300060357e-06,-0.0024761853378322735
0.90918756,0.96153843,0.32076448,0.3081855,0.3081855,0.88,0.88,0.74774766,0.7494177,0.97959185,1.0,1.0,0.7494177,0.7494177,0.78370345,0.6902374,0.47401702,0.01646880532188159,-0.00059723341090407,0.0249350026492141,-0.004329477715469357,-0.011110380451961865,-0.0006399632790087261,0.0016495830331394365,0.0052203721784403415,-0.016312750614726965,0.0,0.0,0.0,-0.0002341405998977931,-0.0014513279897763705,0.0003827772986557916,-0.002828439778899746,-0.000807924830478408
0.90918756,0.96153843,0.21880066,0.21022023,0.21022023,0.88,0.88,0.49712276,0.48656476,0.97959185,1.0,1.0,0.48656476,0.48656476,0.5365606,0.40245968,0.5127671,0.01787090817681877,2.8374957465793214e-06,0.035903659647227866,-0.0010115074815085176,-0.006008258193120644,-0.000461395081225654,0.0019228332794793076,-0.0001509996102855385,0.007496412702131522,0.0,0.0,0.0,0.002992932412411067,0.005393914337452307,0.00024491282601051353,0.0038916022102853764,-0.00043037010327156633
0.7756478,0.77660286,0.8506098,0.9748012,0.8854766,0.88,0.88,0.74212253,0.7427292,0.97959185,1.0,1.0,0.7427292,0.7427292,0.5865606,0.55023736,0.8077671,0.004565941216348928,0.0026799532952231898,-0.015066977833500212,0.003287364423309799,0.006909360026607518,-0.0010759194689284415,0.0006490325681241687,0.008067225658756519,-0.007279474972446406,0.0,0.0,0.0,-0.0005289892646890296,0.00147515506391799,0.0008928288376841209,0.0006988890248381406,0.0039059110569939783
0.90918756,0.96153843,0.3108969,0.29870486,0.29870486,0.88,0.88,0.7102479,0.7095479,0.97959185,1.0,1.0,0.7095479,0.7095479,0.5994178,0.6246819,0.68276715,0.018437061326660942,0.0001238479290100563,0.025426355492919953,-0.0017610652410432561,-0.012277684564083922,-0.0006609447781263909,0.0011711065191599588,0.004594446426945095,-0.010937809607167972,0.0,0.0,0.0,-0.0002540881867249492,-0.0017349484668454324,0.000519922488965721,-0.0016407110682237077,0.0025607355133985825
0.90918756,0.96153843,0.37970224,0.36481196,0.36481196,0.88,0.88,0.80962265,0.81068456,0.97959185,1.0,1.0,0.81068456,0.81068456,0.89370346,0.7735708,0.4715171,0.015109299507601051,-0.0013530876827268481,0.014754949111531628,-0.006949235769575888,-0.010260188087767177,-0.0004181815439308858,0.00075861736361739,0.004922606843927357,-0.025757367062302715,0.0,0.0,0.0,-0.0032779987410126023,-0.0048602992572124885,-0.0013852975065113745,-0.005922796286040454,-0.0004913959984969798
0.7389398,0.62712234,0.7138655,0.9411765,0.73071694,0.88044995,0.88,0.46087253,0.4436923,0.97959185,1.0,1.0,0.4436923,0.4436923,0.36798912,0.45579296,0.62026703,0.000400973886756808,0.0008929172827800544,-0.004081413965474354,-0.005114516999312042,0.0023184641194724837,-0.001843577913756199,0.0014965782402395255,-0.0024433968118379814,0.007447580333854269,0.0,0.0,0.0,0.002955484224098506,0.006711262847513032,-0.001427315499986815,0.0017305541576566421,0.004351578677374111
0.87041366,0.7693435,0.8776108,0.9924483,0.9748012,0.88,0.88,0.66274774,0.656987,0.97959185,1.0,1.0,0.656987,0.656987,0.6908463,0.4824596,0.647767,0.02309409264920692,0.003791789934347095,-0.014442392400647864,0.0004701826802463022,0.006606077004619785,-0.0011349535168529528,0.0018551249809515532,0.005965185570568596,-0.0004970871759027022,0.0,0.0,0.0,0.0014451738278261298,0.005107648213593918,0.00046933101139696613,0.001265010999378387,0.0029244134864371053
0.8123557,0.8004034,0.8884837,0.8536412,0.9748012,0.88,0.88,0.74274755,0.73204404,0.97959185,1.0,1.0,0.73204404,0.73204404,0.8137035,0.62245965,0.6265171,0.010122216276332443,0.0030518044049337736,-0.015617741698518563,0.00557182239967732,0.006520335766858473,-0.0006823152348838343,0.0008813873344810824,0.00854409234812574,-0.006426480709602437,0.0,0.0,0.0,0.0005163660022489707,0.005589955169138139,-0.0010139927506273203,-0.0018432125905774109,0.003133381737757326
0.90918756,0.96153843,0.16974336,0.16308676,0.16308676,0.88,0.88,0.37712264,0.3496945,0.97959185,1.0,1.0,0.3496945,0.3496945,0.24084623,0.46245968,0.5977671,0.018608243121113015,0.00022086974717321366,0.042124811091018746,0.008031763182433807,-0.007087361338942678,-0.0005798676347994509,0.001893256044249432,-0.005162672873591733,0.016414283075826906,0.0,0.0,0.0,0.0023915317841646157,0.00835496706608272,-0.005750075513543309,0.002577935511055217,0.0019164748827085562
0.7354273,0.77695835,0.7446905,0.8255458,0.9429901,0.88,0.88,0.48837245,0.47040132,0.97959185,1.0,1.0,0.47040132,0.47040132,0.6237034,0.5146818,0.42901707,-0.0008262376505281877,0.0036525325759998225,-0.002976192637032031,0.00642993991354452,0.002776001869031676,-0.0015520472612343154,0.0008327578404093017,-0.0006574771454544817,0.007215000279076617,0.0,0.0,0.0,0.002999400792420742,0.006616882900918072,-0.0001150152079967113,0.0016398516673453453,-0.00345971441092329
0.90918756,0.96153843,0.18671148,0.17938945,0.17938945,0.88,0.88,0.4358728,0.41715437,0.97959185,1.0,1.0,0.41715437,0.41715437,0.6465606,0.4580151,0.3677671,0.02241884154222495,0.0011868914084196822,0.04272539172581828,-0.0007010686992113941,0.0019121749365923052,-0.0007589466538093227,0.002117049625536333,-0.0015501824378083245,0.010686311827397418,0.0,0.0,0.0,0.003406097689252574,0.0062449700039293645,-0.0008041723340686316,0.001920652432778566,-0.004900624313632426
0.89837515,0.92629707,0.9284879,0.9924483,0.9376084,0.88,0.88,0.49212265,0.4765041,0.97959185,1.0,1.0,0.4765041,0.4765041,0.70370346,0.40245956,0.5127671,0.022517304656177125,0.003545007858143947,-0.02824826804193476,-0.0036721705968657393,0.007550957779701926,-0.0027772238089723094,0.00219902422118647,-0.002265474176270775,0.006748642742004404,0.0,0.0,0.0,0.0017753795124958594,0.00553810708298634,-0.0014053965891906162,0.001153291306318284,1.3020904525564217e-05
0.7396285,0.73431915,0.7936247,0.7625022,0.9748012,0.88,0.88,0.5483726,0.5395759,0.97959185,1.0,1.0,0.5395759,0.5395759,0.6065606,0.47690403,0.6065171,0.005006888124569148,0.0037155524282855706,-0.009288970249058375,0.007073867044694484,0.004388920073723416,-0.0017238102132579158,0.0014170912193475058,0.0024132091704381774,0.0057780973742503315,0.0,0.0,0.0,0.0045323356354208715,0.009854921489156567,-0.0002458149748138044,0.001724478207503287,0.0037257496555027415
0.89451826,0.84251547,0.67264634,0.9748012,0.6902386,0.88,0.88,0.61962247,0.61186713,0.97959185,1.0,1.0,0.61186713,0.61186713,0.515132,0.6746819,0.56526697,0.021364157891492278,0.002361384463191882,0.004154699196005881,0.00014831881105838233,-0.004251473260148475,-0.001219442358418199,0.0015965526040155244,0.0043153230300190725,-0.000949024978208889,0.0,0.0,0.0,0.0034420471475549307,0.00542633488173202,0.00047237405047329727,-0.0035034656119773285,0.00200664948280198
0.90918756,0.96153843,0.3993619,0.38370064,0.38370064,0.88,0.88,0.8502476,0.84065473,0.97959185,1.0,1.0,0.84065473,0.84065473,0.6937035,0.6524596,0.98651713,0.017573358127832107,-0.0010914505284851674,0.017864464751757587,-0.00497689246291921,-0.014616221627407288,-0.0008062457128170253,0.0004984561633305016,0.008740349178333795,-0.027852797407487705,0.0,0.0,0.0,-0.0042982408509335416,-0.01082862834194054,0.001578699999567965,-0.0036061073984891816,0.00418152010346523
0.90918756,0.96153843,0.2777918,0.266898,0.266898,0.88,0.88,0.7014977,0.69929105,0.97959185,1.0,1.0,0.69929105,0.69929105,0.75084627,0.60134864,0.556517,0.014807922840133088,-0.00104501792844782,0.025353970034709593,-0.006178079767656271,-0.00948308239069626,-0.0003798245971582934,0.0013057368748353442,0.004306580824798331,-0.013135945600720815,0.0,0.0,0.0,-0.0008277888114515186,-0.00303846506509356,-2.649330718539813e-05,-0.0017175007804013944,0.0005058671134738404
0.7532649,0.708426,0.7755766,0.74516183,0.9376084,0.88,0.88,0.5202476,0.5051626,0.97959185,1.0,1.0,0.5051626,0.5051626,0.46084636,0.49579293,0.59526706,0.004739145090666315,0.002668220893264753,-0.006914776473553635,0.006652782943013396,0.00477899040395772,-0.0016299230029221776,0.001886241886352435,0.0009566665628417869,0.007252613211213035,0.0,0.0,0.0,0.004445009933625034,0.00897464196837737,0.0005492976784729071,0.0016980951012725682,0.0033318393279148737
0.8211023,0.87239105,0.82648605,0.9411765,0.81572896,0.94859445,0.88,0.5552478,0.5464548,0.97959185,1.0,1.0,0.5464548,0.5464548,0.5365606,0.5891263,0.51276696,0.011936734498856162,0.003260111932959374,-0.01939985044919259,-0.0009269152186756388,0.0052373994379283076,-0.004713616467569056,0.003082068258538846,0.002952466004723328,0.00477375448412184,0.0,0.0,0.0,0.003923084799148733,0.007658754422714175,-0.00015984407303994984,0.0001783376298066798,0.0002508417341048727
0.6892841,0.7293675,0.80995077,0.9376084,0.9429901,0.88,0.88,0.6146226,0.6029614,0.97959185,1.0,1.0,0.6029614,0.6029614,0.57370347,0.56134856,0.484017,-0.004999407679437764,0.002406844582220975,-0.011034160058500426,0.001645178179549639,0.005532394871285951,-0.00099753240078773,0.0006755461025175967,0.0034491718592064547,0.0028206862236059022,0.0,0.0,0.0,0.0027635695066941714,0.007053002604385116,0.000262378936296994,0.0005248200142709543,-0.000604639111559284
0.90918756,0.96153843,0.114948004,0.11044024,0.11044024,0.88,0.88,0.34712267,0.32951155,0.97959185,1.0,1.0,0.32951155,0.32951155,0.34513202,0.46468183,0.5177671,0.021543084270950023,0.00015731047570731327,0.05001304000175088,0.0065198509139393224,-0.003773364916040274,-0.0008274361052460541,0.0016893583317174597,-0.007461853775790463,0.019410550114211344,0.0,0.0,0.0,0.0029828829969982817,0.008921969760051197,-0.0014695096279798404,0.0027628882550511514,0.00036418676615029404
0.8627,0.80040306,0.88146186,0.84689474,0.8054617,0.88,0.88,0.5746225,0.56308985,0.97959185,1.0,1.0,0.56308985,0.56308985,0.7065606,0.4635707,0.545267,0.026017965955321597,0.002364581117796478,-0.018338813395922735,0.004181141455217741,0.002964966888339492,-0.0023679800076024317,0.0019199251941307669,0.0029650315323554183,0.0032767053763129482,0.0,0.0,0.0,0.003192306010339303,0.007032908600689707,-0.00030670448580876787,0.0005357237045163544,0.0007571137568843262
0.84451824,0.87239105,0.71810627,0.9924483,0.79336995,0.88,0.88,0.66649747,0.6574485,0.97959185,1.0,1.0,0.6574485,0.6574485,0.5508464,0.4502374,0.8140171,0.016507319316935623,0.002337472060059129,-0.000525977754354146,-0.00019503859447705357,0.0010458972941427608,-0.001806560379396231,0.002712229116125788,0.007546555469349694,-0.003983942644638877,0.0,0.0,0.0,0.0013300337842149356,0.002680308955477625,0.000503962055816939,0.0015532139300661442,0.003691595482699042
0.657466,0.67311126,0.8178086,0.8332922,0.9748012,0.88,0.88,0.43899763,0.4268735,0.97959185,1.0,1.0,0.4268735,0.4268735,0.4165606,0.38468182,0.6577671,-0.009112746486003121,0.0025152512319974664,-0.014653810442880909,0.004798691071931763,0.003572382532051699,-0.0025415919141528708,0.0014848217039468469,-0.002964184184850078,0.0075988296564238975,0.0,0.0,0.0,0.0026087887441037004,0.005017184386065133,0.00110167364020572,0.0008822079004454385,0.007911795747110028
0.90918756,0.96153843,0.09438349,0.09068218,0.09068218,0.88,0.88,0.40399754,0.3865542,0.97959185,1.0,1.0,0.3865542,0.3865542,0.5808463,0.39579296,0.33901703,0.01798694971990407,0.0006749525281958421,0.04561213918958103,-0.0001557077639120746,0.0005854526681089173,-0.0001614363389164572,0.0018876988990133483,-0.0034639489204194695,0.015269114435900986,0.0,0.0,0.0,0.003811364505319403,0.0066982461842503204,0.0002503576203753225,0.004133072436901448,-0.005021939086457103
0.8854273,0.84251547,0.78015435,0.74956006,0.9411765,0.88,0.7562161,0.65274763,0.6507381,0.97959185,1.0,1.0,0.6507381,0.6507381,0.5622749,0.61468184,0.6265171,0.01739858710331638,0.00182933860725113,-0.009466878135384183,0.005371690559724224,0.009066890684631396,-0.0008704976566000419,0.0001778142917087107,0.00406742646002474,-0.003624926684118919,0.0,0.0,0.0,0.0017997869135388267,0.002661698839388309,0.0007826890600438986,-0.0009698697379951929,0.00240237003702403
0.8032648,0.6765223,0.85060906,0.81725186,0.79978746,0.88,0.88,0.56524754,0.556745,0.97959185,1.0,1.0,0.556745,0.556745,0.60656065,0.53912616,0.5702671,0.012045559209689187,0.0020842262994967766,-0.015920019732139544,0.005600075530317412,0.0014764149007688299,-0.001119857909162162,0.0015071261174819128,0.0026689680723373833,0.00356780359864876,0.0,0.0,0.0,0.0029866491093313158,0.007486741880406728,0.000563230703645589,0.0011438546943514066,0.002852320836308939
0.90918756,0.96153843,0.2658159,0.25539178,0.25539178,0.88,0.88,0.68837273,0.6831971,0.97959185,1.0,1.0,0.6831971,0.6831971,0.5365606,0.6780152,0.76276714,0.017568371590948928,-0.0008618896993999689,0.030948725357723073,-0.002468579935392258,-0.012210122734856556,-0.0008378460209973523,0.0010606264095605654,0.005661597920416078,-0.011398327672551436,0.0,0.0,0.0,0.0011085306213002805,-0.0020418409285543324,0.000439116935657607,-0.004122407060392879,0.003911033185357064
0.74417394,0.77021545,0.72819364,0.9411765,0.82959336,0.74491245,0.88,0.5639976,0.55463547,0.97959185,1.0,1.0,0.55463547,0.55463547,0.5837035,0.4891262,0.64401716,0.002683922456391323,0.0031314901391747557,-0.004057166141472738,0.0013195066855099763,0.002436921477382144,0.00172733333480703,0.0007676622944414431,0.00227869428363839,0.005057327005954277,0.0,0.0,0.0,0.00397157805469942,0.008288029310332836,0.00039920418357641027,0.001655919743513921,0.004016255666080697
0.8211023,0.6992753,0.6447856,0.9411765,0.9924483,0.60724634,0.88,0.6846225,0.67478603,0.97959185,1.0,1.0,0.67478603,0.67478603,0.60084635,0.44579294,0.8965171,0.012731076798062131,0.0027943816732654016,0.005186236265929947,0.0033777999561364013,0.009881558142757254,0.0038538530796659058,0.0012803555053951582,0.006250063376207125,-0.0012917697677359882,0.0,0.0,0.0,0.0011321905036483027,0.006070284544049278,0.00020729352747048525,0.002216879534486425,0.007720939147147852
0.79417396,0.71546876,0.73428154,0.9748012,0.8076325,0.88,0.88,0.5158727,0.50078017,0.97959185,1.0,1.0,0.50078017,0.50078017,0.34513202,0.60134864,0.6827671,0.010501530807119287,0.0031595500746482564,-0.004315530976089306,-0.002861338383298143,0.0037007871617180123,-0.0016642998317866627,0.002330676898132858,2.7416250312479464e-05,0.008759036139775493,0.0,0.0,0.0,0.0045266472546844,0.009146456003548594,-0.0020623348053468806,0.0001466110442590806,0.006489300487347261
0.90918756,0.96153843,0.28050548,0.26950526,0.26950526,0.88,0.88,0.7346226,0.722687,0.97959185,1.0,1.0,0.722687,0.722687,0.8108463,0.49468178,0.7565171,0.01676209927549973,-0.0011143214560231022,0.03022231608786212,-0.005871609012890749,-0.010212961141177822,-0.0010487056426054487,0.0016365197289815192,0.006060538539311395,-0.01446812907133951,0.0,0.0,0.0,-0.0005533965388971103,-0.0024094244329650304,-0.0003283260306680923,0.0020566988532066126,0.004126986693238713
0.79871935,0.7774833,0.8731948,0.8389519,0.8311347,0.88,0.88,0.43087268,0.41576487,0.97959185,1.0,1.0,0.41576487,0.41576487,0.73656064,0.38468182,0.43276703,0.011294878426990208,0.0034546079949612607,-0.019325969158694542,0.004168026169023569,0.001832049425581332,-0.0021825929118623588,0.001951921318482337,-0.003912314531380986,0.006543119120292449,0.0,0.0,0.0,0.0009833606628974578,0.0021925238238814197,-0.0011045043505018047,-0.0003162583039751319,-0.004481749620842094
0.90918756,0.96153843,0.11957154,0.114882454,0.114882454,0.88,0.88,0.47649765,0.45510858,0.97959185,1.0,1.0,0.45510858,0.45510858,0.4094177,0.48690403,0.59526706,0.01589383331051174,0.0002946736703505005,0.04004271662299726,0.0032961058192659347,-0.0039805176779147125,-0.0003282412477790056,0.001084405976210926,0.0002088189093868592,0.008221972739347294,0.0,0.0,0.0,0.003310834024285951,0.006224223814812664,-0.0010873165145202047,0.0012636482044424797,0.0022364357506131465
0.90918756,0.96153843,0.27933028,0.26837614,0.26837614,0.88,0.88,0.57587266,0.5602845,0.97959185,1.0,1.0,0.5602845,0.5602845,0.5794178,0.3946818,0.68526703,0.016466620284425033,-0.0008138649099432632,0.031182449351599195,-0.002442735417533307,-0.008818639681468824,-0.0003645610333644286,0.0021287424958584627,0.0024702550802769164,0.0008574810875397305,0.0,0.0,0.0,0.0020214277483862012,0.00264820000415643,0.0008019920458934123,0.004016721052965536,0.003089468312989488
0.8081546,0.8149628,0.758277,0.9411765,0.7212483,0.7275613,0.88,0.47212255,0.4580123,0.97959185,1.0,1.0,0.4580123,0.4580123,0.34513202,0.40245956,0.63026714,0.011261825680163526,0.004308310648397363,-0.006850921424902172,-0.0022727475801433417,-0.0022643435425588614,0.003265436011738183,0.0027854821416003085,-0.0020825536424258825,0.008430612746616401,0.0,0.0,0.0,0.0035199206125097714,0.007752350102474622,-0.0019980307611805596,0.0022115163302552925,0.003520166691102889
0.8078103,0.77021545,0.7179331,0.9748012,0.6823191,0.88,0.88,0.6146226,0.60675,0.97959185,1.0,1.0,0.60675,0.60675,0.60084635,0.5880152,0.577767,0.012016063223019487,0.0022961934017684217,-0.0004422587100861508,-0.0008700353387341481,-0.004279125946961497,-0.0016205206779971964,0.0018354445466724034,0.003963047389202731,0.00229646037475222,0.0,0.0,0.0,0.002919699479367735,0.0062415038153439024,0.0009292061286153709,6.275150344752286e-06,0.002110760018414202
0.7263364,0.8149628,0.7622693,0.9486862,0.72697425,0.88,0.88,0.42399752,0.4021375,0.97959185,1.0,1.0,0.4021375,0.4021375,0.54370344,0.40134844,0.6115171,0.004700745308120427,0.003840568059329424,-0.005351939179087936,-0.002650464418977519,-0.00022051522283988517,-0.0029486686272078067,0.002029229360775994,-0.004710453740283624,0.007321535181899414,0.0,0.0,0.0,0.0005446330388599711,0.003008854676685096,0.00020372551342403363,0.0006463407718682685,0.004605830789223524
0.8889398,0.79797775,0.9566822,0.91916525,0.9429901,0.88,0.88,0.72587264,0.7192549,0.97959185,1.0,1.0,0.7192549,0.7192549,0.7265606,0.6869041,0.57901704,0.020192364318692597,0.004114659673350551,-0.025035808520899955,0.004603186731325407,0.009890268093986248,-0.0006148517876576051,0.0008872219378020271,0.00843790051292665,-0.006484488280345613,0.0,0.0,0.0,-7.847856498663875e-05,0.004109229799930535,0.0008076450923251546,-0.0027142411893994896,0.002053295968982999
0.90918756,0.96153843,0.27178583,0.26112756,0.26112756,0.88,0.88,0.68899775,0.68412954,0.97959185,1.0,1.0,0.68412954,0.68412954,0.59941775,0.6691263,0.6140171,0.0181805528703746,-0.0005210128453691336,0.028264202714791294,-0.0036020392696856363,-0.009302832391767005,-0.0008481565499554208,0.0007144536924783557,0.0048210656017461835,-0.009958063888841682,0.0,0.0,0.0,0.0009462934905006681,-0.00027030328543882183,0.0007202894041164209,-0.0038141917173463557,0.0018067188926356732
0.90918756,0.96153843,0.09704909,0.09324324,0.09324324,0.88,0.88,0.35962248,0.33739492,0.97959185,1.0,1.0,0.33739492,0.33739492,0.6908463,0.346904,0.31401694,0.023952779250028457,0.0007830901319254716,0.057333467118691826,0.000940542383554125,0.009153671006918752,-0.0005792416605259882,0.0021150425553286985,-0.0058690390040440936,0.014779820147402678,0.0,0.0,0.0,0.0010903733726593179,0.0029621723004133334,-0.0020599507858587566,0.002790155314379199,-0.006830772559442359
0.7620114,0.73799175,0.9322891,0.9429901,0.8785573,0.88,0.88,0.4008727,0.383568,0.97959185,1.0,1.0,0.383568,0.383568,0.5594178,0.4346819,0.40276706,0.007980975500910554,0.0035706518048872287,-0.029420425944342684,-0.001817479482958323,0.0029153842967262443,-0.0019133557166332404,0.0006063476663167375,-0.00512037890125446,0.0040167843578349655,0.0,0.0,0.0,-0.0013588093575091673,-0.0033129229609784806,0.0007346492050485424,0.00027660844219070286,-0.007817320436013958
0.90918756,0.96153843,0.18218546,0.17504093,0.17504093,0.88,0.88,0.47774756,0.46142003,0.97959185,1.0,1.0,0.46142003,0.46142003,0.5279892,0.6046819,0.451517,0.017863500009968284,0.000781529806596492,0.037706338465225885,0.0013696326850274076,-0.0024636632778770816,-0.0006549033319495901,0.0017722549765508222,-0.0002828569989933499,0.00827550820056278,0.0,0.0,0.0,0.0026323711785773253,0.005496543422050344,0.0003613953678027422,-0.0021840339195634702,-0.0016472101118031812
0.785083,0.71546876,0.8311315,0.79853815,0.9748012,0.88,0.88,0.60712266,0.6031156,0.97959185,1.0,1.0,0.6031156,0.6031156,0.72798914,0.46912628,0.5865171,0.011951658123873403,0.0026004935030943294,-0.008485133080203296,0.005352595540298933,0.005831720841729126,-0.0007619114771508616,0.001900713760298371,0.004269579013435586,0.002203610925563649,0.0,0.0,0.0,0.003194604445442736,0.0077968317473294324,-0.0020548797782979043,0.0016411739012388079,0.0020750916723071802
0.8714466,0.8336434,0.7589386,0.941397,0.96780485,0.88,0.88,0.61712253,0.6059629,0.97959185,1.0,1.0,0.6059629,0.6059629,0.57941777,0.56579304,0.64401716,0.01928177882304234,0.0037819574151132062,-0.006634175032168154,0.0029180549457014774,0.005799012417529135,-0.000899856014626533,0.0011760561629706795,0.004018467851351958,0.0020787368775970917,0.0,0.0,0.0,0.003864413486851384,0.007497011321194756,0.0002951648100119936,-0.0006528059353293251,0.003999939952358427
0.6669012,0.74951065,0.8074542,0.9411765,0.721184,0.75608623,0.88,0.53399754,0.5196795,0.97959185,1.0,1.0,0.5196795,0.5196795,0.53798914,0.49468178,0.58901715,-0.005123787914287879,0.002506416680720319,-0.012989546705391595,-0.00042379052006954993,0.00010930488588955875,0.002285843327313144,0.0019759308645920827,0.0004016405747698662,0.0061858264574831,0.0,0.0,0.0,0.0039846746372790365,0.00887616524675312,-0.00030242739495953906,0.0019837835363349177,0.002952462459859817
0.37110236,0.6262913,0.6953074,0.9411765,0.9376084,0.5313429,0.88,0.3389976,0.31335858,0.97959185,1.0,1.0,0.31335858,0.31335858,0.34513202,0.3813484,0.50151706,-0.05442069742355635,-0.0010066667510369102,-0.0008655907180874861,-0.000846012616483978,-0.0006367436142644228,0.010252007279729828,0.000746733108301241,-0.008139618096785825,0.004286474765074291,0.0,0.0,0.0,-0.0035310813433162575,-0.009529515427916212,0.001741652716956395,0.0009325856083583524,-0.0012661755211152293
0.90918756,0.96153843,0.39102224,0.37568802,0.37568802,0.88,0.88,0.81462264,0.8081959,0.97959185,1.0,1.0,0.8081959,0.8081959,0.8579892,0.43245962,0.9465171,0.016915023750643195,-0.0010076784602889729,0.018012270187198337,-0.002900886788034664,-0.010185319271516693,-0.0008746080017816585,0.0005447602785534416,0.008828149920662496,-0.023769311912293402,0.0,0.0,0.0,-0.0020497280337194914,-0.004746277980449394,-2.6890007385102273e-05,0.002626266981341926,0.008442707376195015
0.90918756,0.96153843,0.23727939,0.22797431,0.22797431,0.88,0.88,0.55524755,0.54342353,0.97959185,1.0,1.0,0.54342353,0.54342353,0.6308463,0.6046818,0.46776712,0.018792216977072663,0.0005068202453109046,0.03396772521265326,-0.0016969593017644232,-0.004484225769677032,-0.0008717574811083612,0.0008941606009507192,0.001718275903466074,0.001941246537335708,0.0,0.0,0.0,0.002473264811130883,0.004320529015167686,0.0002623726889744939,-0.0012592338409382299,-0.0012045103747910422
0.90918756,0.96153843,0.31601608,0.3036233,0.3036233,0.88,0.88,0.6539974,0.6418791,0.97959185,1.0,1.0,0.6418791,0.6418791,0.7708463,0.5591263,0.5090171,0.017319438629901332,0.0004178614615386027,0.02321947169062552,-0.0035958020494788905,-0.0077319777455641696,-0.0003977016117942213,0.0009115897087484414,0.0034640418967069797,-0.005873401474701335,0.0,0.0,0.0,0.0015787576130019945,0.0016026730631777556,-0.00047310369071893496,0.00015627991968428213,-0.00022619052292862014
0.90918756,0.96153843,0.2501407,0.24033126,0.24033126,0.88,0.88,0.53524756,0.5173951,0.97959185,1.0,1.0,0.5173951,0.5173951,0.635132,0.48023742,0.62151706,0.020179192515646198,0.00012004963373737284,0.03511776313872227,-0.00015797549409127763,-0.0053297547654691645,-0.0008258128489068217,0.002401485200744148,0.0016596040371025667,0.003509794056640696,0.0,0.0,0.0,0.002796992212074144,0.004965368381624404,9.29941399415768e-05,0.0013781252360123614,0.002723303548111915
0.90918756,0.96153843,0.080501206,0.0773443,0.0773443,0.88,0.88,0.31962252,0.29450977,0.97959185,1.0,1.0,0.29450977,0.29450977,0.40798908,0.5569041,0.34651697,0.01901672331000523,0.0003718291121331035,0.04766155259982163,0.006280281083376746,0.0010602531202600473,-0.00044800605266286667,0.0020872708853077373,-0.007446020311605314,0.019132297123508658,0.0,0.0,0.0,0.001992536810559758,0.006858387898760084,0.0001563095774939746,0.00015138456672083095,-0.004390594938455935
0.90918756,0.96153843,0.4041597,0.38831028,0.38831028,0.88,0.88,0.7389977,0.7329006,0.97959185,1.0,1.0,0.7329006,0.7329006,0.6537034,0.7646819,0.5502671,0.017140726029054035,-0.0011174878879188644,0.016143110630061783,-0.00505712430728482,-0.012324713387471129,-0.0003189562360160378,0.00034739750960894255,0.005321631462523304,-0.01678674004245481,0.0,0.0,0.0,-0.0014435181992711944,-0.0042519000192995605,0.0008896327475172619,-0.005087222132612521,0.0003698541840551222
0.77075803,0.8223109,0.9212064,0.9411765,0.9748012,0.94859445,0.88,0.62087274,0.6145565,0.97959185,1.0,1.0,0.6145565,0.6145565,0.6937035,0.5724596,0.52776706,0.005138245042651233,0.002394112622011203,-0.02200502573114809,0.002389377714271178,0.00822588841775506,-0.0040294591244671605,0.0016018067839220235,0.006279702105391898,0.0017339206187594184,0.0,0.0,0.0,0.003705027759460314,0.0076469751137130315,-0.0007425983440292272,0.0006244463062830409,0.0001716466979236517
0.90918756,0.96153843,0.08190354,0.07869164,0.07869164,0.88,0.88,0.31837273,0.29672056,0.97959185,1.0,1.0,0.29672056,0.29672056,0.5522749,0.44023737,0.17401707,0.020225526941409108,0.0013152770710401587,0.05307641459132247,-0.001040165156671865,0.008111011012843498,-0.0006193495214424919,0.0023167171325837537,-0.006705275055068729,0.019372065899090254,0.0,0.0,0.0,0.001273928508402544,0.003807227337095303,0.00015880674433094925,0.002418040565659195,-0.013581100860569432
0.90918756,0.96153843,0.25493467,0.24493723,0.24493723,0.88,0.88,0.7083726,0.6922778,0.97959185,1.0,1.0,0.6922778,0.6922778,0.91513205,0.68134856,0.47901702,0.01849974455665643,-0.0004634737100418596,0.02657353224704752,-0.0023457713494075528,-0.0067713244713693025,-0.0008288865154645409,0.0018794718913586472,0.0045524131188932025,-0.011961095496546448,0.0,0.0,0.0,0.00025870747852710927,-0.00019679588992694354,-0.0017205430771170727,-0.003116418660230785,-0.0004827430994476491
0.85815465,0.8387082,0.5958241,0.9411765,0.60537267,0.7522566,0.88,0.4683727,0.4512609,0.97959185,1.0,1.0,0.4512609,0.4512609,0.57370347,0.30134848,0.64401716,0.020130056578579074,0.003224382736730296,0.010078393896006337,-0.0013442298087912826,-0.0047659196224186,0.0017746052125979827,0.002807474241331867,-0.0023002780153894343,0.008415648740964005,0.0,0.0,0.0,0.003344246072803009,0.007629337877829902,0.0002153753110822028,0.0016576958441802383,0.003623490998538244
0.90918756,0.96153843,0.16043498,0.15414341,0.15414341,0.88,0.88,0.5752475,0.559676,0.97959185,1.0,1.0,0.559676,0.559676,0.59941775,0.46245968,0.57776713,0.017352256342460598,-0.000807829744117683,0.03957232778940483,-0.003078912421847283,-0.0031994292389979414,-0.0006266973134407977,0.0017738160464940192,0.002525027255597963,-8.68514080793302e-05,0.0,0.0,0.0,0.0020134076159963373,0.0029009364615461804,0.00014893217540902954,0.002070615524867992,0.00128859374430112
0.64837503,0.75960135,0.7547331,0.9411765,0.88049805,0.6555148,0.88,0.5933726,0.5883424,0.97959185,1.0,1.0,0.5883424,0.5883424,0.5294178,0.5113485,0.6327671,-0.00848682580240794,0.00340560952764169,-0.004837446618095688,0.0018370903664266616,0.003517659014413872,0.003728151756822542,0.0014136439167607977,0.0032368264943369897,0.002957825214221754,0.0,0.0,0.0,0.002743583223206041,0.007563555006572652,0.00025318104490697495,0.0012379187823053667,0.003876138290832201
0.8581546,0.83164656,0.7791741,0.7960338,0.8664516,0.88,0.88,0.45524764,0.4440069,0.97959185,1.0,1.0,0.4440069,0.4440069,0.5594177,0.5680152,0.36151707,0.01564514925701951,0.0047070612477017855,-0.008448769986016095,0.006280589174855408,0.0010428257062739875,-0.0018292438655895665,0.0005832884232632229,-0.0021091541646094743,0.006838481067465321,0.0,0.0,0.0,0.0018507940229057576,0.004212592805802412,0.0007022514156941105,0.0013037842975235758,-0.00835076386624843
0.90918756,0.96153843,0.36582917,0.35148293,0.35148293,0.88,0.88,0.65712273,0.64460784,0.97959185,1.0,1.0,0.64460784,0.64460784,0.77370346,0.5457929,0.62151706,0.01627442048096399,-0.0004984663315874327,0.017905255370189558,-0.0026035342596437065,-0.0085129868438005,-0.0007431673941077762,0.001250018189561631,0.0040785694607523406,-0.006715123246891539,0.0,0.0,0.0,0.00102941412951415,0.0004721873381515579,-0.0005349489390178294,0.0002787973911224665,0.0020180719303809643
0.54314107,0.62278557,0.9145393,0.9411765,0.9748012,0.8199039,0.88,0.47399747,0.46348324,0.97959185,1.0,1.0,0.46348324,0.46348324,0.46656063,0.58801526,0.39651716,-0.02666708371214604,-0.00040340462152746594,-0.0252068643102307,0.00013071777976552193,0.004394354212821869,-0.00023181787999282958,-0.0002320495298125164,-0.002750316610976528,0.006323233467956264,0.0,0.0,0.0,0.002413183498822382,0.002282089542077509,0.0002086393716264722,0.0007268145296922871,-0.007841067045931169
0.90918756,0.96153843,0.17594226,0.16904256,0.16904256,0.88,0.88,0.5321226,0.5157546,0.97959185,1.0,1.0,0.5157546,0.5157546,0.7479892,0.5046818,0.482767,0.018745380204168882,0.00027181454567162767,0.03583340372619144,-0.0028060002268247776,-0.001066840868309879,-0.0005291914034755951,0.0019582702621804746,0.0008139020292795571,0.004339959579454843,0.0,0.0,0.0,0.002513002856895715,0.004338152419975405,-0.0012502677783653728,0.0011349160782382238,-0.0010301829527017046
0.5662126,0.5801662,0.8403784,0.941397,0.9748012,0.88,0.88,0.45587254,0.43956402,0.97959185,1.0,1.0,0.43956402,0.43956402,0.5765606,0.30357063,0.6927671,-0.02300206044111417,-0.0001537418430355349,-0.016627538309227908,-0.0004767356631777634,0.004130902595341499,-0.003520843683833071,0.002104042812281737,-0.003540655359986889,0.0045432144136900885,0.0,0.0,0.0,0.0011200174977503915,0.001228765580309595,5.865611881590776e-05,-0.0013970495639452948,0.00690193297150325
0.90918756,0.96153843,0.14479533,0.13911708,0.13911708,0.88,0.88,0.5252477,0.5051405,0.97959185,1.0,1.0,0.5051405,0.5051405,0.64513206,0.41912618,0.6127671,0.019485786653217475,-0.00012243785732055838,0.04208435979191174,-0.0010656151047274247,-0.003811700642368051,-0.0008073732966720351,0.0021790591004816422,0.0014088943349339755,0.0056208345679848795,0.0,0.0,0.0,0.0032570040746723594,0.005209802170496118,1.6256671133701664e-05,0.003835759381148165,0.0023452471464944624
0.90918756,0.96153843,0.38819256,0.37296933,0.37296933,0.88,0.88,0.8177476,0.8100618,0.97959185,1.0,1.0,0.8100618,0.8100618,0.7551321,0.6691263,0.7552671,0.015420956697486497,-0.0008917179728839883,0.015402533047330868,-0.0033922256220437065,-0.010988780007452372,-0.0008652384155086483,0.0010985996508797642,0.007296373406425084,-0.026710150540589863,0.0,0.0,0.0,-0.0032956323989715066,-0.007323091611986711,0.0005974414009674277,-0.003627891956600959,0.003985400456071325
0.8434853,0.8336434,0.8924802,0.9748012,0.9924483,0.88,0.88,0.5214977,0.509162,0.97959185,1.0,1.0,0.509162,0.509162,0.40084633,0.6124596,0.68526715,0.01567228745721914,0.0036029668548550864,-0.020223280570892684,-0.0027454200334152724,0.009987752364120108,-0.001727420026402529,0.00316629706404404,0.001124759689274676,0.007062282369854751,0.0,0.0,0.0,0.0036429741215755897,0.007094187732554459,-0.00026976170804589387,0.00013766002024895774,0.004342404547266624
0.785083,0.73799175,0.8235659,0.7912692,0.9924483,0.88,0.88,0.6514976,0.64520466,0.97959185,1.0,1.0,0.64520466,0.64520466,0.67084634,0.5113485,0.6890171,0.010004167855237769,0.0037313994469059413,-0.00731955998717307,0.0050540707916186135,0.006146873981147607,-0.0011625063841544001,0.0011595869556307447,0.005871842730752638,0.001007159416162691,0.0,0.0,0.0,0.002732761522743815,0.00810988452234641,-0.0003515440675629626,0.001272652042029754,0.004757139006825996
0.90918756,0.96153843,0.069948986,0.06720589,0.06720589,0.88,0.88,0.35899758,0.33883104,0.97959185,1.0,1.0,0.33883104,0.33883104,0.4179892,0.31023735,0.52151704,0.019252079907289932,7.370239581618799e-05,0.05045711992013091,0.005870219095909547,-0.0009972827941026586,-0.00036010762096229973,0.0017700617454969236,-0.004834481581533737,0.01580583643684011,0.0,0.0,0.0,0.0032778379528004397,0.007488614530760154,0.00018453347287292085,0.0049952957002568936,0.00048172454948619325
0.90918756,0.96153843,0.31370422,0.30140212,0.30140212,0.88,0.88,0.6377475,0.61673105,0.97959185,1.0,1.0,0.61673105,0.61673105,0.36227486,0.7969041,0.577767,0.01807157149585268,0.00012959490207308904,0.026722899753029473,0.00031779888071564147,-0.0119152885915534,-0.0005274957327568873,0.0009384229029630527,0.003798971195901049,-0.002812057558757142,0.0,0.0,0.0,0.002818427165723175,0.0028217275771744233,-0.0019273910131465733,-0.006374547682394111,0.0017474846196231194
0.90918756,0.96153843,0.24732935,0.23763016,0.23763016,0.88,0.88,0.62149787,0.61701614,0.97959185,1.0,1.0,0.61701614,0.61701614,0.6937035,0.6624596,0.39651704,0.016789394534089695,0.00041832462482501885,0.029670505637726156,-0.003253298624906458,-0.0062798538343122575,-0.000836851081569904,0.0013067152954616152,0.0026675439133283896,-0.0043673469493761795,0.0,0.0,0.0,0.0014207094039709687,0.0016099390840281407,0.0003094456439960608,-0.002671470313994542,-0.0029430317358562106
0.78928417,0.84251547,0.9097477,0.87407136,0.9411765,0.88,0.8841149,0.59212255,0.5816676,0.97959185,1.0,1.0,0.5816676,0.5816676,0.6794177,0.64134854,0.40151703,0.009186622087490775,0.004539683699735389,-0.0204490223501353,0.004802548570393785,0.0057678877913945655,-0.00073232917364803,0.0011716742871226704,0.002772381011911571,0.004878419150384566,0.0,0.0,0.0,0.004224399934807457,0.008953637841878385,0.0003843103581547073,-0.0005786514536888957,-0.0020145738814089154
0.90918756,0.96153843,0.26380116,0.25345603,0.25345603,0.88,0.88,0.67399764,0.6647597,0.97959185,1.0,1.0,0.6647597,0.6647597,0.78370345,0.76579297,0.31901705,0.015146925212322002,-0.0007245198434127337,0.025689580595048292,-0.0015335116814379106,-0.0074395079240080556,-0.00033316973103243415,0.0009617656385759667,0.0034462738930831124,-0.007471315795748318,0.0,0.0,0.0,0.0012866009288285732,0.0008813240672718674,0.000266359545036589,-0.0051363055049642005,-0.004874914798102267
0.90918756,0.96153843,0.2187931,0.21021298,0.21021298,0.88,0.88,0.64149773,0.63880223,0.97959185,1.0,1.0,0.63880223,0.63880223,0.45798922,0.7635707,0.556517,0.017318482296625987,-0.001004950115468343,0.03215280313611927,-0.0035608891003490396,-0.01262579732812814,-0.00032612416509061534,0.0010102982480921822,0.003353002222116226,-0.00725688328301169,0.0,0.0,0.0,0.0011211922488004744,-0.0008693458772335586,-0.00015498991880518703,-0.005995078846632645,0.000874300836218072
0.8036092,0.77695835,0.74876606,0.7820213,0.9748012,0.88,0.88,0.43899775,0.42165464,0.97959185,1.0,1.0,0.42165464,0.42165464,0.555132,0.40134844,0.581517,0.010370504994128314,0.004414716974031938,-0.0050799927938325225,0.007540988989365971,0.0031397691403400674,-0.0012186749400169242,0.0016780442270901614,-0.0035366046743797756,0.00811999662878556,0.0,0.0,0.0,0.001086966311972141,0.003216317404181114,0.0007083368962422235,0.0014170695211384171,0.0026451475409720983
0.90918756,0.96153843,0.20290862,0.19495143,0.19495143,0.88,0.88,0.5871227,0.5756727,0.97959185,1.0,1.0,0.5756727,0.5756727,0.7079892,0.46468174,0.577767,0.017983754912629643,-0.00018292303421694263,0.03470079717615796,-0.0017061139330019235,-0.003914525653642043,-0.0010201300464804685,0.001800660429793627,0.002967020305346332,-0.0018013739859972047,0.0,0.0,0.0,0.002062467313831435,0.002926737505631714,-0.00021689786869193216,0.0020792493622973558,0.0019818655509599797
0.90918756,0.96153843,0.113026604,0.10859419,0.10859419,0.88,0.88,0.48399746,0.46936312,0.97959185,1.0,1.0,0.46936312,0.46936312,0.29656056,0.48357072,0.5965171,0.020507836172628684,0.0002937683377116831,0.050215720668383895,0.006342913621554786,-0.01227962093818269,-0.0002482069207764492,0.0018428690210169204,-0.0005677635249962603,0.006407268536895898,0.0,0.0,0.0,0.002409415299570793,0.004860373821778001,-0.0027761861283984034,0.0016793013047683469,0.0014068177202960805
0.90918756,0.96153843,0.1784633,0.17146474,0.17146474,0.88,0.88,0.5046226,0.49389806,0.97959185,1.0,1.0,0.49389806,0.49389806,0.6079892,0.50245965,0.44901705,0.019673285085558365,0.00036256046277034754,0.0431288304701015,-0.001241351941457917,-0.0011549533165970906,-0.0006579177131620655,0.0026056777354598226,0.00044438581617437553,0.007956887812377174,0.0,0.0,0.0,0.0040741823087804985,0.006651469860641592,7.168447907977218e-05,0.0019955712210181316,-0.0022521541464491476
0.90918756,0.96153843,0.33487487,0.32174253,0.32174253,0.88,0.88,0.7333727,0.72539806,0.97959185,1.0,1.0,0.72539806,0.72539806,0.58370346,0.50245965,0.9277671,0.016940058287186577,-0.0016613611176624883,0.025401292812082407,-0.0031637319579605793,-0.0116909241641373,-0.000553258849283484,0.0019523873235004516,0.007462800343999338,-0.015938162063464354,0.0,0.0,0.0,-0.00010809898678246083,-0.0044996047733337355,0.0003886533235076804,0.0012234513462530136,0.003872794397118472
0.90918756,0.96153843,0.22892982,0.21995218,0.21995218,0.88,0.88,0.64399743,0.63643056,0.97959185,1.0,1.0,0.63643056,0.63643056,0.6565606,0.6013486,0.61651707,0.018925629303848737,-0.00038150442569341375,0.033351623658515656,-0.0023910257593396083,-0.0074716980387869,-0.0009243514479428661,0.001871429239226753,0.004901485183582902,-0.006026910847343077,0.0,0.0,0.0,0.0019509790118092593,0.0016526229907973832,6.058618419428684e-05,-0.0011139885112530726,0.002079258510794767
0.8308819,0.83164656,0.7073871,0.9429901,0.62707204,0.88,0.88,0.44774747,0.43152297,0.97959185,1.0,1.0,0.43152297,0.43152297,0.49656057,0.49579293,0.482767,0.01574279096292379,0.0036265911295740795,-0.0009685188790043209,-0.0019325495989699465,-0.0039823868803885495,-0.002093501402737958,0.002258212485488861,-0.0027712536649085098,0.007268030152074882,0.0,0.0,0.0,0.0023498247623133777,0.005644277165372533,0.0003691515483462753,0.0010689121736424034,-6.636297407051579e-05
0.90918756,0.96153843,0.23721375,0.22791125,0.22791125,0.88,0.88,0.52899754,0.51421934,0.97959185,1.0,1.0,0.51421934,0.51421934,0.7537035,0.25912625,0.6627671,0.020613134547872246,-0.0008739932459061987,0.03702490975862145,-0.0036447465284617587,0.0021490590621185803,-0.00045739295684213795,0.003112690239640542,0.0023616120445404737,0.002646535923901622,0.0,0.0,0.0,0.0032967609565766613,0.004500200606366687,-0.003233050408512719,0.005757203931992633,0.0035887844047537447
0.81586826,0.8026019,0.89373434,0.9411765,0.8853676,0.84717673,0.88,0.7558727,0.7555447,0.97959185,1.0,1.0,0.7555447,0.7555447,0.71941775,0.5702374,0.7565171,0.011609908436735157,0.0025462094092976715,-0.014805828393924662,0.0027357774889776266,0.005145558713639478,-0.0003333261063531953,0.0012978906004869268,0.011096257506012437,-0.0090110233284951,0.0,0.0,0.0,-0.001111261474930651,0.002771668169655814,0.0007420152560623917,-0.00010696667291660446,0.003632039809179479
0.90918756,0.96153843,0.082393825,0.079162695,0.079162695,0.88,0.88,0.40024757,0.38221654,0.97959185,1.0,1.0,0.38221654,0.38221654,0.66370344,0.29690403,0.52651715,0.020546693387107347,-0.0009756463396370118,0.052126044972809496,-0.0011769501160439103,0.006293129381735202,-0.0009977900916194977,0.0032813504321551235,-0.004383853525556556,0.013434479027809289,0.0,0.0,0.0,0.002597068966295966,0.005641123643202338,-0.0013492035440920533,0.004457064280100567,0.00011632377348744612
0.6896285,0.7495128,0.76532817,0.9924483,0.7964968,0.88,0.88,0.43149757,0.4109908,0.97959185,1.0,1.0,0.4109908,0.4109908,0.4094177,0.5324597,0.46151698,-0.005759714977136725,0.003197615063723297,-0.013354288043156002,-0.008119750820448628,0.0021833108226877143,-0.0025427515836433895,0.0011343977963551453,-0.002917353353449831,0.006507394865234848,0.0,0.0,0.0,0.0013491322211129219,0.0034013376200970613,1.9776624774080746e-05,0.0014909621197768358,-0.0016145881703808686
0.90918756,0.96153843,0.24304982,0.23351845,0.23351845,0.88,0.88,0.5946226,0.5854292,0.97959185,1.0,1.0,0.5854292,0.5854292,0.5522749,0.55023736,0.54276705,0.017068477846187764,-0.0008873079569779958,0.031722204775079234,-0.0041979729517803935,-0.006706641557753773,-0.0003901220351513262,0.0017522156495799529,0.002624686575425419,-0.0029770034313226345,0.0,0.0,0.0,0.0012125242095873112,0.0006864697112530445,0.0004137067795849204,-0.0004334341525611958,0.00020038859739566865
0.90918756,0.96153843,0.3579917,0.3439528,0.3439528,0.88,0.88,0.75274754,0.75035757,0.97959185,1.0,1.0,0.75035757,0.75035757,0.6908463,0.6869041,0.7115171,0.01577267268072717,-0.0014726873238650046,0.019274116471687697,-0.0057272488247617605,-0.013001900720826522,-0.00044054517227498543,0.0006990469340194279,0.006465664048122458,-0.021127409039950727,0.0,0.0,0.0,-0.002125332593897562,-0.006815218140576936,0.0007091463750887188,-0.0041051187671497045,0.0032368295332160625
0.85292053,0.76491225,0.9247556,0.8884907,0.941397,0.88,0.88,0.7983726,0.7992567,0.97959185,1.0,1.0,0.7992567,0.7992567,0.67084634,0.5991263,0.820267,0.016622649279675782,0.0025629074621991575,-0.01586331851750522,0.003870069697460289,0.008248215740538413,-0.000671182745876811,0.0009176607029422548,0.010331263150185559,-0.011593637806458177,0.0,0.0,0.0,-0.0027312675425969542,0.0005893506524582442,0.0012740044070659678,-0.0008011101753748521,0.0036091768301973583
0.90918756,0.96153843,0.28381225,0.27268237,0.27268237,0.88,0.88,0.5739975,0.5619459,0.97959185,1.0,1.0,0.5619459,0.5619459,0.24084623,0.62468183,0.7390171,0.015932277833579648,-0.0004204391941732594,0.027477315370741183,-0.0002831313496453964,-0.015122676132283014,-0.0004608530574840373,0.0010626531607277705,0.0018287899456101676,0.0005180148425632494,0.0,0.0,0.0,0.0016179290223670992,0.002146712692636278,-0.005501878366139479,-0.002657073708191823,0.0025438754181490064
0.80746603,0.714404,0.91950303,0.93381345,0.9924483,0.88,0.88,0.6914977,0.68168634,0.97959185,1.0,1.0,0.68168634,0.68168634,0.8151321,0.4502374,0.7177672,0.008388194336955661,0.0019265278395294843,-0.019369722509837227,0.003218574584405516,0.008890994420311943,-0.0005989961806489816,0.0012475715659537874,0.007492583785329321,-0.0032711718519383205,0.0,0.0,0.0,0.0008075450544197744,0.005325625504130074,-0.0013802871999929825,0.0019590447549446945,0.0044213913527883
0.90918756,0.96153843,0.12509066,0.120185144,0.120185144,0.88,0.88,0.44649768,0.42960477,0.97959185,1.0,1.0,0.42960477,0.42960477,0.57941777,0.5569041,0.389017,0.019535974118260285,0.0002529188743032015,0.04242203210061352,-0.00128971741846312,0.0023000023456025425,-0.00015071650779885208,0.0019212683379615353,-0.0014779364293448422,0.011429712822941586,0.0,0.0,0.0,0.003618661278004109,0.006741077329411999,3.090146035106026e-05,0.00036621906187956385,-0.003775531204957849
0.90918756,0.96153843,0.23132528,0.2222537,0.2222537,0.88,0.88,0.5746224,0.5675602,0.97959185,1.0,1.0,0.5675602,0.5675602,0.5165606,0.59468186,0.58401704,0.018314997823396517,0.0006311409787367253,0.03370413273803813,0.0008729365557077415,-0.00508407967943933,-0.0007275065555697979,0.0013037493087177715,0.0027370215110770007,-0.0023905678672891104,0.0,0.0,0.0,0.001875398614321157,0.001727274010795343,0.00012501574153035935,-0.002221352218990334,0.0017898958562921887
0.90918756,0.96153843,0.35230118,0.33848545,0.33848545,0.88,0.88,0.8058727,0.79628706,0.97959185,1.0,1.0,0.79628706,0.79628706,0.6737034,0.59357077,0.93151706,0.01796906718787261,-0.0008995360830180516,0.02209981978041736,-0.0015606537092784291,-0.013533951673231497,-0.00047864990992734153,0.0013203320825267812,0.009020981012738434,-0.019598887886333235,0.0,0.0,0.0,-0.0011642131093513941,-0.0046130711835475,0.0005870090047275768,-0.0009031144539567507,0.005514005473112486
0.90918756,0.96153843,0.22703478,0.21813145,0.21813145,0.88,0.88,0.61712265,0.61114,0.97959185,1.0,1.0,0.61114,0.61114,0.5365606,0.5391263,0.69526714,0.018023856105569065,-0.000881103158616295,0.03219572301514551,-0.003707051482622374,-0.008259189162576614,-0.00053185727942442,0.0019478535758722815,0.0032104596067002817,-0.004008938573157725,0.0,0.0,0.0,0.0013953954031503653,0.0011929757438892798,1.3488294005924665e-05,0.0007659749345345857,0.0032892639610316993
0.90918756,0.96153843,0.26245776,0.2521653,0.2521653,0.88,0.88,0.6508727,0.63943213,0.97959185,1.0,1.0,0.63943213,0.63943213,0.58370346,0.49579293,0.7177671,0.01781253934247824,-0.0009454420903794724,0.03140721661925739,-0.003315836520947236,-0.009479234085689854,-0.0005773885287560568,0.0016399656116120485,0.004578602988546532,-0.006744529726161962,0.0,0.0,0.0,0.0012542585946719417,0.0002195638238255545,0.0006202215636638379,0.0011405679646865597,0.0035656718198706673
0.8165569,0.5922453,0.8265488,0.9411765,0.8625522,0.49593508,0.88,0.4896226,0.47958788,0.97959185,1.0,1.0,0.47958788,0.47958788,0.39227486,0.5291263,0.594017,0.009241156244342174,-0.0012802982855699013,-0.01337119529262918,-0.0018595451705367256,0.004170018616107196,0.004785475842010386,-0.0006374683415961577,-0.0019875444366992843,0.008926917436713538,0.0,0.0,0.0,0.003578987501128045,0.0076705094033404616,-0.00026880240839901134,0.0010231613401421604,0.0034994815467808437
0.90918756,0.96153843,0.21127887,0.20299344,0.20299344,0.88,0.88,0.5783725,0.568474,0.97959185,1.0,1.0,0.568474,0.568474,0.6065606,0.7691263,0.50151706,0.01577883010457505,-0.0010761640965990058,0.029116946498013944,-0.0043273250872631645,-0.0072979247067064615,-0.0005293555701842044,0.0010013817144148601,0.0017274301244937966,0.0005628394923301805,0.0,0.0,0.0,0.0018570864126618632,0.0020469374278912615,0.0005996898351372194,-0.006476940345019984,-0.00029439370867547236
0.8399728,0.83893937,0.7325714,0.9924483,0.79351455,0.88,0.88,0.5102476,0.49544048,0.97959185,1.0,1.0,0.49544048,0.49544048,0.4094177,0.6180151,0.56526697,0.016074592220514418,0.002755994985520698,-0.0023233349294761022,-0.003617864294275128,0.001523471388785807,-0.0019539222774896167,0.002127868557480864,0.0003491924946986061,0.0058244348438063025,0.0,0.0,0.0,0.0030852344112890285,0.005860398014767221,-0.0008864663696428531,-0.0004995686863101197,0.0018158639214788136
0.90918756,0.96153843,0.20429538,0.1962838,0.1962838,0.88,0.88,0.5377476,0.52842444,0.97959185,1.0,1.0,0.52842444,0.52842444,0.48941776,0.67801523,0.3890171,0.016081834806095107,-0.00019296868130420648,0.03342233484945225,-0.0020212144130460053,-0.007632904192214371,-0.00021954612913087853,0.0007911460991790786,0.0011553238785915235,0.0015970137320310807,0.0,0.0,0.0,0.0021423989991224547,0.002773714923947944,0.0005414875186975447,-0.004005537466504479,-0.003120612539357439
0.90918756,0.96153843,0.06609712,0.06350507,0.06350507,0.88,0.88,0.2714976,0.24512583,0.97959185,1.0,1.0,0.24512583,0.24512583,0.29798904,0.50023735,0.36651707,0.02004067863002005,0.0013123996735751042,0.05291043696114505,0.010905364693190112,0.00221180595695617,-0.0004919147823428889,0.0019813852202609267,-0.009871315467701085,0.01751634403602986,0.0,0.0,0.0,-0.001809348999612999,0.003250147941897139,-0.0004630902320303033,0.0016472532547022955,-0.00408150041021066
0.90918756,0.96153843,0.14074917,0.13522959,0.13522959,0.88,0.88,0.4546225,0.42783675,0.97959185,1.0,1.0,0.42783675,0.42783675,0.32941765,0.58912635,0.44276702,0.017766484955108817,0.0005674321147281148,0.04605680104539389,0.006555487246052311,-0.009391389664090732,-0.0003782950647018533,0.001258589971674943,-0.001906867017910356,0.01202609046355866,0.0,0.0,0.0,0.0034095820766576013,0.007613525359021461,-0.002617045005633569,-0.0008589692436993826,-0.001154915395253478
0.90918756,0.96153843,0.09831919,0.094463535,0.094463535,0.88,0.88,0.38774776,0.36578777,0.97959185,1.0,1.0,0.36578777,0.36578777,0.42941776,0.48468176,0.452767,0.019898967746169168,0.0009987682376356776,0.04834808961653697,0.005313533455750168,-0.0004391765206856485,-0.000440447495443365,0.001587327255105061,-0.003721945910216993,0.014862298055627858,0.0,0.0,0.0,0.0036173190023111646,0.007906441843914301,-0.0001245374072718346,0.0019534283403492385,-0.0008873486344780422
0.90918756,0.96153843,0.23841068,0.22906125,0.22906125,0.88,0.88,0.58212256,0.5638658,0.97959185,1.0,1.0,0.5638658,0.5638658,0.8379892,0.46245968,0.41651702,0.02121026568075458,0.00020095303343197482,0.03500842841922909,-0.0039340721632864315,0.0006170951592491192,-0.0005248743418226725,0.0025069060707356553,0.0023678852185690324,-6.995336243331249e-05,0.0,0.0,0.0,0.00240932279321017,0.003402303602904834,-0.0035705433179175033,0.0017144017257481505,-0.0032031844671121345
0.8487194,0.71546876,0.8178419,0.7857697,0.9924483,0.88,0.88,0.5558728,0.5381759,0.97959185,1.0,1.0,0.5381759,0.5381759,0.6937035,0.39579296,0.5440171,0.018530081814231852,0.0029464404234914453,-0.011089458848221751,0.005594257462423951,0.004227122192177822,-0.0015730783457342718,0.0012840000769127075,0.002178187684236283,0.006186218217332171,0.0,0.0,0.0,0.004624498829787943,0.009528548799562948,-0.0013299053367773206,0.0017479196386740675,0.0019350091619882307
0.90918756,0.96153843,0.26787254,0.25736773,0.25736773,0.88,0.88,0.6714976,0.66588634,0.97959185,1.0,1.0,0.66588634,0.66588634,0.6722749,0.6780152,0.67401713,0.018228574101556278,-0.000698991362150402,0.028974431504650528,-0.0016608676015214458,-0.009339307808461336,-0.0008642191677199937,0.0011822504092907312,0.004886226425264658,-0.011162183971409612,0.0,0.0,0.0,0.00039210085754729646,-0.0014884612340681452,0.0005621494446279241,-0.003924200319487213,0.003023125196375711
0.8756478,0.8387082,0.84847784,0.9748012,0.9431936,0.88,0.88,0.40274763,0.38649586,0.97959185,1.0,1.0,0.38649586,0.38649586,0.4394177,0.47245958,0.40276706,0.023273901831732963,0.006756476182516904,-0.014478401469308502,-0.003583915850573678,0.0024354226273851686,-0.00290009630974704,0.0009764691823653679,-0.0047393591076495215,0.006136236725029011,0.0,0.0,0.0,-0.00033509709504413507,-2.483344548535174e-05,9.52493877387636e-05,0.0015172819068480408,-0.005899724211149217
0.90918756,0.96153843,0.11504557,0.11053398,0.11053398,0.88,0.88,0.32774758,0.3037778,0.97959185,1.0,1.0,0.3037778,0.3037778,0.5522748,0.36023733,0.5077671,0.021785499586790925,-0.0011060063370884007,0.04759235032670048,0.0016468835877883215,0.003331252379613456,-0.0008020967598654311,0.0023163304261195126,-0.009757687552110378,0.016625695090599867,0.0,0.0,0.0,0.0006168737980611152,0.004719612738807685,0.00030490824900806146,0.0031732868572076,-0.00016083632383656767
0.90918756,0.96153843,0.2797452,0.26877478,0.26877478,0.88,0.88,0.7077477,0.7082453,0.97959185,1.0,1.0,0.7082453,0.7082453,0.7437034,0.785793,0.41776705,0.012545105709901725,-0.0010630424006614217,0.023297512632430708,-0.006055256079626743,-0.009953997642481635,-0.00039103939928031696,0.0008873205440200899,0.0035784967874757075,-0.016026508404583226,0.0,0.0,0.0,-0.000594355591657684,-0.002958482258397359,0.0005161533991020375,-0.006560376268765012,-0.0019023080724505786
0.90918756,0.96153843,0.2811453,0.27012,0.27012,0.88,0.88,0.7433728,0.74082845,0.97959185,1.0,1.0,0.74082845,0.74082845,0.6637035,0.5480152,0.77651715,0.017607638428086814,-0.0008117524028739817,0.030820780800930675,-0.005818591931562981,-0.010317716582698333,-0.0006666458459995376,0.001086066506386938,0.00685897593595235,-0.02166228009243298,0.0,0.0,0.0,-0.0023658656709664543,-0.006319832007368997,0.0006118691878642224,-0.0009562823875609605,0.004478658149121411
0.90918756,0.96153843,0.14747436,0.14169106,0.14169106,0.88,0.88,0.48462248,0.47035858,0.97959185,1.0,1.0,0.47035858,0.47035858,0.52084637,0.28801516,0.68026704,0.01728366934536328,-0.0014335969681766767,0.0419466190542599,0.0005359505798149071,-0.007195110453238641,-0.0008520307130339294,0.002524541966128476,-0.0002849540833694092,0.00814612261559052,0.0,0.0,0.0,0.0030871855067246246,0.005397352277125005,7.69208273367121e-06,0.006221562097161508,0.002262627248861418
0.90918756,0.96153843,0.29527265,0.2836933,0.2836933,0.88,0.88,0.6546227,0.6422008,0.97959185,1.0,1.0,0.6422008,0.6422008,0.6951321,0.6824596,0.48901713,0.01716748489545099,-5.663111567312522e-05,0.02744140610159012,-0.002562635776435721,-0.009528753303653487,-0.0006505814296255934,0.0007126398946221016,0.00391840262261747,-0.008685024696817019,0.0,0.0,0.0,0.0009597510789517845,-0.00014357174539189228,0.0005679271959957621,-0.0037382881409300495,-0.0010276385368376112
0.71655685,0.7283087,0.815952,0.78395385,0.9376084,0.88,0.88,0.45712256,0.4423038,0.97959185,1.0,1.0,0.4423038,0.4423038,0.33798912,0.40134844,0.7015171,-0.0006591454990561974,0.0029902551185475696,-0.014410978948146962,0.006431807002340573,0.0054620337394069894,-0.0024502584310549954,0.0018388425541951098,-0.0027109965887812137,0.007678384195311991,0.0,0.0,0.0,0.002762498486134901,0.005458011896873842,0.0008382276894971719,0.0012664501147246487,0.006951368756387989
0.7847387,0.7721933,0.9116016,0.90866524,0.9748012,0.88,0.88,0.6877475,0.6815012,0.97959185,1.0,1.0,0.6815012,0.6815012,0.7537035,0.7002374,0.482767,0.010806076314006574,0.003815411953577596,-0.01937192744670726,0.003215892951214653,0.006890860852800859,-0.0008137214107119704,0.0005486452951897659,0.006273020058234892,-0.001092142712635272,0.0,0.0,0.0,0.0017486985656444576,0.007548718050604626,-0.00015752799211353745,-0.0028366896685957975,-0.00036475430248297553
0.90918756,0.96153843,0.3057744,0.29378325,0.29378325,0.88,0.88,0.68587255,0.66853905,0.97959185,1.0,1.0,0.66853905,0.66853905,0.5994177,0.67245966,0.54276705,0.0165175316023775,-0.00032447334022516356,0.026947551426037428,-0.0015092349328596336,-0.010078344416935038,-0.0006546362774677211,0.0010372355081549808,0.005285789485096688,-0.009637132107918644,0.0,0.0,0.0,0.0014249559065605292,0.0003581279814654438,0.0005954488087329796,-0.003063421389694529,0.000941412184480982
0.90918756,0.96153843,0.14704141,0.14127508,0.14127508,0.88,0.88,0.5489975,0.52464634,0.97959185,1.0,1.0,0.52464634,0.52464634,0.29656056,0.5113485,0.7765171,0.01723560901537771,-0.0012638345849045535,0.04486826111835238,0.0024491724230726155,-0.01404369169462531,-0.00027061800151186163,0.001869928881301036,0.0017577884753592888,0.0018360272599220228,0.0,0.0,0.0,0.0018635668187121609,0.002958483195339341,-0.004007867065477369,0.0005573635871764688,0.0026072995953627465
0.7896285,0.77722055,0.7054116,0.9411765,0.6894388,0.752257,0.88,0.6389978,0.6357817,0.97959185,1.0,1.0,0.6357817,0.6357817,0.59941775,0.5180152,0.66151714,0.007988282217644761,0.002970691442546588,-0.0026661982434776988,0.002258803040098363,-0.0022671223229767806,0.001712706331608266,0.0018582620077237098,0.005341909275373951,-0.0005242931562301613,0.0,0.0,0.0,0.0024258818077323445,0.006116619480619661,0.0008126386194641079,0.0012616166203593987,0.00306714856787965
0.90918756,0.96153843,0.23916908,0.2297899,0.2297899,0.88,0.88,0.6208726,0.6194893,0.97959185,1.0,1.0,0.6194893,0.6194893,0.62084633,0.6946819,0.47151697,0.01660436939059803,0.0003156700824305438,0.029324840722173843,-0.0008034713709089532,-0.006598258834774533,-0.00030720391340761916,0.001072252726373831,0.0031126099406619946,-0.004159065270087287,0.0,0.0,0.0,0.0020487510609317823,0.00213923186402395,0.0004928864292144227,-0.003785723475749223,-0.0010555188032117856
0.90918756,0.96153843,0.18862025,0.18122338,0.18122338,0.88,0.88,0.62837255,0.61781585,0.97959185,1.0,1.0,0.61781585,0.61781585,0.805132,0.4191263,0.7215171,0.017803249742935727,-0.0007791944531011185,0.035607583197669226,-0.0030712590541984042,-0.0037555672771178742,-0.0008106771466361637,0.001765475902449416,0.004060732524603357,-0.006052013600347489,0.0,0.0,0.0,0.0014966763382995587,0.001622547384234272,-0.001017123804265013,0.0031325690049958145,0.004737464161096596
0.90918756,0.96153843,0.23710537,0.22780712,0.22780712,0.88,0.88,0.57337284,0.564505,0.97959185,1.0,1.0,0.564505,0.564505,0.7437035,0.3402374,0.66901714,0.02034491408216889,-3.577379755183897e-05,0.03646293723717766,-0.002869561114751865,-0.002512994000836802,-0.0007865305348628269,0.0013060161647607993,0.0031807775817877682,-0.00010835789057464838,0.0,0.0,0.0,0.0027407788022793343,0.0038712438459954862,-0.0013637130520090675,0.005029019861878369,0.0038848886184856407
0.8899728,0.9794986,0.39938807,0.9411765,0.3837258,0.8986786,0.88,0.7652477,0.75815815,0.97959185,1.0,1.0,0.75815815,0.75815815,0.7279892,0.6880152,0.6752671,0.0160233889923085,-0.001196706156100124,0.016084276898533326,0.0038324878583149225,-0.013575938967270584,-0.0010104025331920978,0.0011188707909784946,0.008478230301162614,-0.01676399065955525,0.0,0.0,0.0,0.0004654769387716717,-0.002893675984888509,0.0014260689681948426,-0.0038531871444036007,0.001978248664631524
0.90918756,0.96153843,0.42063642,0.40414086,0.40414086,0.88,0.88,0.83524776,0.8425868,0.97959185,1.0,1.0,0.8425868,0.8425868,0.5222749,0.7502374,0.77276707,0.015560957491171772,-0.0015143404919276027,0.013453229415348433,-0.004756103837072652,-0.014185891405448077,-0.0003734977848182218,0.000524946941858052,0.008501223376556516,-0.027807938206658896,0.0,0.0,0.0,-0.0037158772495488046,-0.010470719117253773,1.6886639912334842e-05,-0.00542663664950766,0.002765683831199846
0.78962845,0.6455577,0.68943715,0.9924483,0.6902506,0.88,0.88,0.46712255,0.45152992,0.97959185,1.0,1.0,0.45152992,0.45152992,0.40656063,0.40245956,0.66151714,0.011149778470776625,0.0008579838062758557,-0.0035058674334598095,-0.008132214430784395,0.00041244906566867173,-0.0020641384260662375,0.001314861616464638,-0.0022542374153774274,0.007050977544548051,0.0,0.0,0.0,0.003329086935431106,0.00642964941894779,-0.0013094681110333462,0.0024451112956872874,0.005580403945661187
0.90918756,0.96153843,0.2942428,0.28270385,0.28270385,0.88,0.88,0.6202476,0.6149801,0.97959185,1.0,1.0,0.6149801,0.6149801,0.61227494,0.736904,0.347767,0.017045433685607715,0.001095236738274319,0.025794184110755757,-0.0024703817814430962,-0.00817572750207895,-0.0008897720124719555,0.0007855580012497657,0.0023425965592473634,-0.005195775322864646,0.0,0.0,0.0,0.0015437672159281002,0.0011136756770712178,0.0006700522515576357,-0.004709374060828253,-0.0037650546619437974
0.90918756,0.96153843,0.21907951,0.21048816,0.21048816,0.88,0.88,0.63399756,0.6262549,0.97959185,1.0,1.0,0.6262549,0.6262549,0.48798922,0.6013486,0.7127671,0.02070183868650139,5.698418616024458e-05,0.040438860725222625,-0.0019088375802544986,-0.010256335585565279,-0.00046112387134116624,0.0018759311331991097,0.004499437185839759,-0.006295773131888668,0.0,0.0,0.0,0.0017497778128286318,0.0007968748092755186,-8.63588480749325e-05,-0.0011737398385314782,0.0045566245046662675
0.90918756,0.96153843,0.4376059,0.42044488,0.42044488,0.88,0.88,0.8802477,0.86842924,0.97959185,1.0,1.0,0.86842924,0.86842924,0.8751321,0.7991263,0.65026706,0.014547557635991025,-0.0030746547621974996,0.009584039321910019,-0.006326617366536739,-0.012763237706596892,-0.001087865599085582,0.0007874930076286293,0.006165460437109088,-0.03162195894944363,0.0,0.0,0.0,-0.0049312779436305855,-0.007993685644886027,-0.00046190839828698046,-0.006750523196803983,0.0016865801706638117
0.90918756,0.96153843,0.2639975,0.25364465,0.25364465,0.88,0.88,0.62337255,0.62022054,0.97959185,1.0,1.0,0.62022054,0.62022054,0.6865606,0.5335707,0.57901704,0.018174099315320196,-0.00010836153515009624,0.03138777252501477,-0.0024298457114766696,-0.007953408785573128,-0.000619147081353389,0.001512940473898132,0.003953612654288657,-0.004877165941456098,0.0,0.0,0.0,0.0020200387879811387,0.0023672385494600823,-4.558239854387955e-05,0.00025846449912506753,0.001742137191102265
0.90918756,0.96153843,0.045689266,0.043897532,0.043897532,0.88,0.88,0.35149753,0.33029944,0.97959185,1.0,1.0,0.33029944,0.33029944,0.3194177,0.3780151,0.5752671,0.017845724263311005,-0.00020106558903249333,0.05241400820792098,0.005359896203505161,-0.0038300267561147483,-0.0005332889147079555,0.0017291761645950158,-0.00600806162616934,0.019435411900242304,0.0,0.0,0.0,0.0030555262401116274,0.0094586918915161,-0.002359784390447551,0.004500092018792281,0.0016029304858109765
0.90918756,0.96153843,0.15373366,0.14770488,0.14770488,0.88,0.88,0.4852476,0.46423838,0.97959185,1.0,1.0,0.46423838,0.46423838,0.7437035,0.5335707,0.410267,0.020221732612317512,0.00024000587125542824,0.04292059822676587,-0.0017758660717158297,0.0031339348385358997,-0.0008095137819471908,0.0020904823725206565,-0.00019306565032537333,0.0092157330547222,0.0,0.0,0.0,0.0037331349058646697,0.005896462680738385,-0.0025622368937966906,0.0008179589059387795,-0.003264828899670341
0.75781035,0.8035329,0.863242,0.96780485,0.79420555,0.88,0.88,0.6014974,0.5914408,0.97959185,1.0,1.0,0.5914408,0.5914408,0.65798914,0.5602374,0.50151706,0.005546573566313042,0.0034913027616572303,-0.018080377006329154,-0.0016141975952998686,0.0030701807599012787,-0.0020414591875272062,0.0019042817493597655,0.004205343455104714,0.003427871274211351,0.0,0.0,0.0,0.0037527938176207514,0.00879238499275236,0.000817097611524798,0.001146023168737106,0.0005829230098561789
0.90918756,0.96153843,0.004781664,0.0045941477,0.0045941477,0.88,0.88,0.34024775,0.32085854,0.97959185,1.0,1.0,0.32085854,0.32085854,0.40227482,0.53023744,0.352767,0.017263047788573346,0.0009860369664938195,0.05288584622241567,0.0058823394198892175,0.00032285295173815914,-0.0005578338315024102,0.0016629781364642948,-0.005520815642943232,0.01750521842833438,0.0,0.0,0.0,0.002877021741289726,0.007186738045923569,0.0003461088508511353,0.00035263298868723546,-0.004329988608053404
0.90918756,0.96153843,0.17818762,0.17119987,0.17119987,0.88,0.88,0.5521227,0.5457411,0.97959185,1.0,1.0,0.5457411,0.5457411,0.60656065,0.5991262,0.43276703,0.016763123434627145,-9.610790649996363e-05,0.03661228302044177,-0.005434364481873764,-0.0018630607450658095,-0.00017046378805903322,0.0016276887036963034,0.0013876170426789381,0.0011247091628712451,0.0,0.0,0.0,0.002081109872801182,0.0027845630644201297,-6.394770027680729e-05,-0.0016713351168492086,-0.002445734968131946
0.90918756,0.96153843,0.17402327,0.16719884,0.16719884,0.88,0.88,0.5621226,0.54850477,0.97959185,1.0,1.0,0.54850477,0.54850477,0.5508463,0.406904,0.7377671,0.017432856079918787,-0.00035822774740860123,0.03999606085180762,0.0022379045925945986,-0.008354705504787603,-0.0006810972544135632,0.002218000863553457,0.002347857364601742,0.0008778928758022338,0.0,0.0,0.0,0.0022327873851794655,0.0037132204198837854,0.0010531428402687124,0.0036923758790794537,0.003838182724752418
0.90918756,0.96153843,0.18364465,0.1764429,0.1764429,0.88,0.88,0.6114975,0.58746207,0.97959185,1.0,1.0,0.58746207,0.58746207,0.5665606,0.5480152,0.6240171,0.018113052062174898,-0.0015885038342198193,0.03922682126772795,-0.002304197860354643,-0.007475499894309404,-0.0006034848843050242,0.0018686566711848362,0.0033607294571413177,-0.002639187620805622,0.0,0.0,0.0,0.0022912196808321634,0.002266706868622588,0.0004508913260859491,-4.288762284367687e-05,0.00212513966948446
0.90918756,0.96153843,0.12319575,0.11836455,0.11836455,0.88,0.88,0.43899786,0.4199286,0.97959185,1.0,1.0,0.4199286,0.4199286,0.5808463,0.45245954,0.5090171,0.018494044931578427,0.0007687661240366714,0.04387066557766832,0.0014250396864105264,0.0005802060245858966,-0.0005854892139527187,0.0019051038415667223,-0.0022990097321557035,0.01296624508992823,0.0,0.0,0.0,0.0034801723340625495,0.006780848756328998,0.00014949077070097494,0.00270435676184764,4.0702705167054677e-05
0.90918756,0.96153843,0.36576483,0.35142112,0.35142112,0.88,0.88,0.8596226,0.8447564,0.97959185,1.0,1.0,0.8447564,0.8447564,0.8037034,0.58023745,0.89651716,0.014996965480308988,-0.0013592066552636022,0.01667022713775428,-0.0038700169485257722,-0.011669420752122685,-0.0010839101028442542,0.0007945521758369016,0.008688476498869002,-0.029687506369294184,0.0,0.0,0.0,-0.004034140496989755,-0.007984878828272412,0.00014408447096922602,-0.001638948166105806,0.005835538504907007
0.90918756,0.96153843,0.15351959,0.1474992,0.1474992,0.88,0.88,0.43774772,0.4209044,0.97959185,1.0,1.0,0.4209044,0.4209044,0.60084635,0.2424595,0.614017,0.021981339274810257,0.00018842337454867892,0.04629837548577803,0.0021868126672407095,0.0008287869879542741,-0.0006815899472728221,0.002553024050180207,-0.002369930728881679,0.010105535363901274,0.0,0.0,0.0,0.0035160571986166834,0.006010449826002929,-0.0006400637174574348,0.00595344650452618,0.0029983143307172498
0.90918756,0.96153843,0.38240084,0.36740473,0.36740473,0.88,0.88,0.8133725,0.8064862,0.97959185,1.0,1.0,0.8064862,0.8064862,0.5865606,0.67245966,0.8440171,0.018343302972830624,-0.00023966935962948385,0.018440660727296852,-0.003886454163602464,-0.013051242742925302,-0.0006615222243811455,0.0006184704535400559,0.008157561068943331,-0.023233916453248085,0.0,0.0,0.0,-0.002731185601428221,-0.007417513316893982,0.0006735174633000011,-0.0037318464166936193,0.004133286475960946
0.90918756,0.96153843,0.027342753,0.026270488,0.026270488,0.88,0.88,0.37024748,0.35039765,0.97959185,1.0,1.0,0.35039765,0.35039765,0.4094177,0.40801513,0.37651706,0.014363518763547294,0.0006046391965266978,0.048184313682729914,0.004632877456050063,-0.001529472266487674,-0.0002154712294153293,0.0025108441622676957,-0.005498900553648516,0.019525966371137706,0.0,0.0,0.0,0.0038050939909580017,0.008328932116866533,-0.0007015742868851583,0.004304761828022169,-0.0034964579186922756
0.90918756,0.96153843,0.30958065,0.29744023,0.29744023,0.88,0.88,0.7083726,0.6921635,0.97959185,1.0,1.0,0.6921635,0.6921635,0.8865606,0.4946819,0.6827671,0.01627669847114703,-0.001463863254472888,0.02311372027846056,-0.004303430797940625,-0.006615864453095313,-0.0006475533662830393,0.001599466985438296,0.005953293387387484,-0.013779380380002036,0.0,0.0,0.0,0.0003025044281472173,-0.0017788942998256852,-0.002055864243876842,0.0008818656146702482,0.0030429019970856525
0.90918756,0.96153843,0.2634713,0.25313908,0.25313908,0.88,0.88,0.5983728,0.58452547,0.97959185,1.0,1.0,0.58452547,0.58452547,0.77370346,0.3691262,0.59526706,0.019785883640207683,0.00020440393797050872,0.03482733688507101,-0.002063757502968173,-0.004043677470732678,-0.0010330659380288277,0.001849951650791426,0.00369230567814892,-0.0017217584008835246,0.0,0.0,0.0,0.0026743965074117826,0.003982291197581812,-0.0017932776509194202,0.004142120376758969,0.0023102767551920486
0.8763364,0.83870864,0.607474,0.8272962,0.9411765,0.88,0.752257,0.57087255,0.5633696,0.97959185,1.0,1.0,0.5633696,0.5633696,0.5594177,0.59357077,0.6115171,0.021732783514805044,0.0027444422800804195,0.007646733856329275,0.0048846363714436245,0.004549480259501792,-0.0015245438437682239,-0.0001225019421168019,0.0036282021877656156,0.0023791194491679015,0.0,0.0,0.0,0.004447009254252245,0.007044267401747204,0.00026695272897148977,-0.0007186307041522403,0.0024700763240060996
