crRNA spacer,bh_maximal consecutive paired bases,bh_maximal consecutive unpaired bases,bh_5' overhang,bh_3' overhang,bh_5' stem,bh_3' stem,dsDNA target,ah_maximal consecutive paired bases,ah_maximal consecutive unpaired bases,ah_5' overhang,ah_3' overhang,ah_5' stem,ah_3' stem,PAM-proximal region,central region,PAM-distal region,crRNA spacer,bh_maximal consecutive paired bases,bh_maximal consecutive unpaired bases,bh_5' overhang,bh_3' overhang,bh_5' stem,bh_3' stem,dsDNA target,ah_maximal consecutive paired bases,ah_maximal consecutive unpaired bases,ah_5' overhang,ah_3' overhang,ah_5' stem,ah_3' stem,PAM-proximal region,central region,PAM-distal region
0.90918756,0.96153843,0.06418013,0.061663263,0.061663263,0.88,0.88,0.41524768,0.39347637,0.97959185,1.0,1.0,0.39347637,0.39347637,0.70798916,0.35801518,0.38776708,0.008485300191978476,0.0009855597730699778,0.0025522192746591454,0.011967424781922928,0.005813409681891114,-0.0005667006929444459,-0.0005197328461681697,0.0015831311111548653,-0.00041426702390196115,0.0,0.0,0.0,0.0029589295128649258,0.0007020021308165537,0.0016323242870663758,0.0009162330551208647,-0.004543973478908157
0.80292046,0.7686681,0.8658346,0.8318803,0.9429901,0.88,0.88,0.59149766,0.57538486,0.97959185,1.0,1.0,0.57538486,0.57538486,0.64513206,0.4824596,0.58901703,0.002528039981354216,0.0006000513073469004,-0.0017576006492091597,-0.00016680382964870532,-0.0028449876649791084,-0.00046752681197950036,-0.0003571359858852385,0.0030864369500039107,0.0045504318948509535,0.0,0.0,0.0,0.003762112505401054,0.0028628956911455634,0.0019609255630151016,-1.493788913086163e-05,0.00153465259450562
0.90918756,0.96153843,0.27193165,0.26126766,0.26126766,0.88,0.88,0.6883726,0.68670076,0.97959185,1.0,1.0,0.68670076,0.68670076,0.5865606,0.62690413,0.69526714,0.008468559277669254,0.0017724851777066678,0.0012353120541793302,0.0005517750014077596,0.00561434420750194,-0.0004918988832601905,-1.0663045021252503e-05,-0.0008752457111624985,0.0034829357851895743,0.0,0.0,0.0,-0.0010626015302342127,0.0010447245531217096,0.00019783879802009275,-0.000945998939022539,0.0034260862089834786
0.5711023,0.59886557,0.7962407,0.9924483,0.9220285,0.88,0.88,0.17087245,0.12868683,0.97959185,1.0,1.0,0.12868683,0.12868683,0.19941767,0.3302374,0.37526703,-0.007526871585872615,-0.0005072079402697541,-0.0022959080098062202,-0.0063717248653873005,-0.0031182866694218253,-0.0002736246303568963,-0.00118982377346127,-0.011330386035707631,-0.017368357459226554,0.0,0.0,0.0,-0.014027361866322278,-0.011783680649965626,-0.00813207947126285,-7.626690456657138e-05,-0.009132650993740995
0.61621255,0.5683737,0.73653704,0.9748012,0.9411765,0.88,0.47110862,0.48024762,0.46699437,0.97959185,1.0,1.0,0.46699437,0.46699437,0.2837034,0.41468185,0.5965171,-0.006018719608107194,-0.0003901168695983298,0.0002710949320566709,-0.0017988380353679305,-0.002376454797055668,-0.00026131324623113227,0.0012791288815134556,0.001320416017812047,0.0008921164388176065,0.0,0.0,0.0,0.002751937288599032,0.0021667219718234294,-0.0016508545731436547,-6.224939465609984e-05,0.0020429917804998445
0.8074659,0.65426075,0.7998552,0.909908,0.8380805,0.88,0.88,0.5002477,0.48974237,0.97959185,1.0,1.0,0.48974237,0.48974237,0.34513202,0.54468185,0.62151706,0.0037909294152021723,-6.31903158955922e-05,-0.0007808372391098486,-0.0009997105074846834,-0.0021488815389330397,-0.0001679957556129124,-0.0003048713750201716,0.0020804493839507586,0.0012399957031846067,0.0,0.0,0.0,0.003052007987016085,0.0022438929522262826,-0.0013464520768766094,0.0003302835149059602,0.0030023647977300344
0.90918756,0.96153843,0.4184031,0.40199512,0.40199512,0.88,0.88,0.8627479,0.868705,0.97959185,1.0,1.0,0.868705,0.868705,0.54513204,0.8591263,0.78776705,0.008117528206246507,0.0013226256612774317,0.0003476628853380202,-0.0017139695260626397,0.0017669566919933971,-0.0003188587640552034,1.0977563255658191e-05,7.528263244198485e-05,0.007574324023030616,0.0,0.0,0.0,-0.0028589927109234936,-0.0009372519483453414,0.0003386320016642877,-0.002485718244303459,0.006578952230924905
0.8172455,0.77695835,0.82790416,0.8408133,0.74617654,0.88,0.88,0.33774757,0.30058834,0.97959185,1.0,1.0,0.30058834,0.30058834,0.6794177,0.34134844,0.43776703,0.00420214641307945,0.000522920875915297,-0.0031039130987231696,-0.0016016801539530002,-0.0012065697612450555,-0.000545003258250672,-0.0008792842007418542,-0.004404299928597347,-0.007697767629328334,0.0,0.0,0.0,-0.0039037916813121696,-0.005042936350747108,0.0042499200088250534,5.129631759882316e-05,-0.005354709790396726
0.83962846,0.7997301,0.7441193,0.9411765,0.6937002,0.77544713,0.88,0.60587275,0.59625274,0.97959185,1.0,1.0,0.59625274,0.59625274,0.5494177,0.5135708,0.6577671,0.004961087398051889,0.0004588318190498883,0.0004878795486336606,-0.0012671880727841336,-0.0011499089579401767,0.00046533507874100085,-0.00012886982625278596,0.0027348683234404525,0.0039589404194217545,0.0,0.0,0.0,0.003185625133076096,0.0028331286973504845,0.0010858906189590504,0.0003562244335925014,0.004086185902195742
0.7759921,0.7897744,0.793054,0.9924483,0.9220285,0.88,0.88,0.6864977,0.6808026,0.97959185,1.0,1.0,0.6808026,0.6808026,0.7551321,0.42357075,0.6765171,0.002070053629302235,0.0007101857198928018,0.00010558294670562128,0.0014239880584094129,-0.0014163793178878733,-0.0002719832254973007,-3.8823629860364146e-05,0.0030822683997968857,0.003863673082490519,0.0,0.0,0.0,0.0015963392747488528,0.000857197694194846,-7.841197443236025e-06,-0.0004996025766976583,0.0036784902791598835
0.64803076,0.634719,0.87807,0.84363586,0.9748012,0.88,0.88,0.47837257,0.46528348,0.97959185,1.0,1.0,0.46528348,0.46528348,0.6279892,0.5235707,0.33401716,-0.005004757591862953,0.00022691628989411926,-0.004575438520046457,-0.0006515405276549054,-0.003736003559703534,-0.0003017374017626322,-0.0009132984572060563,0.0009123298091425559,0.0002687536819708273,0.0,0.0,0.0,0.001830951556588333,0.0019084256288381283,0.0031579617255599367,0.00020257781349512213,-0.0091812556427032
0.90918756,0.96153843,0.2113296,0.20304215,0.20304215,0.88,0.88,0.5739975,0.54626006,0.97959185,1.0,1.0,0.54626006,0.54626006,0.4765606,0.53023744,0.77401704,0.008150580627379313,0.0010441517254675143,0.0016236129919462352,0.003533055043758841,0.00739306103871212,-0.00035464805378839,1.986623186691598e-05,0.001305345087714705,0.002406408229640069,0.0,0.0,0.0,0.0029605274500862796,0.002621876152460822,0.0014786196314515304,5.39094354957473e-05,0.005108771937049772
0.90918756,0.96153843,0.18561278,0.17833385,0.17833385,0.88,0.88,0.5164975,0.49295738,0.97959185,1.0,1.0,0.49295738,0.49295738,0.6208463,0.406904,0.63026714,0.008153541323608283,0.0008097434853743709,0.0020569525493181182,0.006713871346659845,0.006072841007102059,-0.0006675129777011587,-8.508640904353754e-05,0.0013392081745257057,0.001443890211469009,0.0,0.0,0.0,0.0032146065882849794,0.002319323020108838,0.0007478617375196297,0.0008925046629506966,0.0026869359070549226
0.3801932,0.6224467,0.7938689,0.9411765,0.78416306,0.5273445,0.88,0.39962256,0.38427666,0.97959185,1.0,1.0,0.38427666,0.38427666,0.4094177,0.40134844,0.5877671,-0.02190328155937352,-0.00042057134257593166,-0.0011374294848981855,-0.003811793209585583,-0.001579432876324819,0.0013188878608149277,-0.0007252285652189578,-0.0011882411802019047,-0.0019361519077620542,0.0,0.0,0.0,-0.0002651922245649717,-0.00032394562693853593,-0.0006328580531428367,-3.0183746785915362e-05,0.0024745996153323667
0.871791,0.92629707,0.38919768,0.9411765,0.373935,0.8433489,0.88,0.74212253,0.74126124,0.97959185,1.0,1.0,0.74126124,0.74126124,0.70370346,0.6180152,0.6577672,0.006629611376311615,0.00018576726443706378,0.0022504520725838014,-0.0005367310997218298,-0.000300686055154446,0.00020840949040468583,0.00011699275011156601,0.0031577975097368573,0.0038426400875901743,0.0,0.0,0.0,0.0015177175059651953,0.0030843456304888296,0.0016540505701464173,0.0003267441273945789,0.0030977957301248065
0.77984893,0.6315162,0.84845924,0.9429901,0.9748012,0.88,0.88,0.78462267,0.78586423,0.97959185,1.0,1.0,0.78586423,0.78586423,0.51513207,0.71134853,0.8552671,0.0030792565489121365,0.0002705086231211256,0.00016351963253135717,0.001176111878440677,-0.001084628064345242,0.00014032294209675086,5.041738183824838e-05,0.003909648125344185,0.005614931633935239,0.0,0.0,0.0,-0.0001775619036867386,-0.0004062645523524315,0.0008975847039638729,0.0007002525667917781,0.007776503015157472
0.90918756,0.96153843,0.33574882,0.3225822,0.3225822,0.88,0.88,0.75774765,0.7586688,0.97959185,1.0,1.0,0.7586688,0.7586688,0.6879892,0.5791263,0.7490172,0.008705243899207366,0.001102595606726263,0.0016502720733556414,-0.00022542986360353019,0.003521819602692752,-0.0005211397690439474,-0.00018726821408058834,-0.00047503685978412256,0.004256493192766324,0.0,0.0,0.0,-0.0023214097139454886,0.0006065368214791673,-0.0004827377782706557,-0.0003559497370491362,0.004587492688813125
0.90918756,0.96153843,0.045569424,0.043782387,0.043782387,0.88,0.88,0.3146224,0.28813276,0.97959185,1.0,1.0,0.28813276,0.28813276,0.35941765,0.44579294,0.3677671,0.008327169896163363,0.0011303014965300525,0.0075547399011062265,0.01551491912255445,0.011724622071835231,-0.0007484045605204001,-0.0014997741136126333,-5.050984778245133e-05,-0.007460968317660524,0.0,0.0,0.0,-0.0021117922198202635,-0.004999152361643072,-0.0016692849840285017,0.0009560159959812296,-0.0072472129006658234
0.53019327,0.6765232,0.7729775,0.74266464,0.9411765,0.88,0.55491674,0.41899765,0.40254146,0.97959185,1.0,1.0,0.40254146,0.40254146,0.5808463,0.3624596,0.4352671,-0.012707428343958114,0.0002628277342543959,-0.000954289178887691,-7.304148667902646e-05,-0.0036256380902499096,-0.00026233055443476526,0.0025080263388558175,-0.001089765278877592,-0.0024941749776951506,0.0,0.0,0.0,0.00021302105873886694,0.0007351936514348529,0.0015225321543965312,-0.0004298402098510521,-0.003681105254951104
0.6584989,0.618978,0.69824,0.9411765,0.9411765,0.81621236,0.60349137,0.31524754,0.29155985,0.97959185,1.0,1.0,0.29155985,0.29155985,0.28798908,0.44357067,0.5702671,-0.0038115686992809235,-8.729583246988024e-05,0.0003589921032347843,-0.003193354522251146,-0.0020979104700730505,0.00016891018815155337,0.0029833108896912992,-0.005609077754666438,-0.006992069086357704,0.0,0.0,0.0,-0.0045304970077439,-0.0038685739374809064,-0.004481715231364125,-8.974434015635087e-05,0.0019681752718971528
0.86201143,0.61983705,0.809953,0.9411765,0.87407136,0.52463055,0.88,0.4627477,0.44402906,0.97959185,1.0,1.0,0.44402906,0.44402906,0.36798912,0.555793,0.51276696,0.006870347434998916,-0.0006165182916532493,-0.0021264209816085782,-0.0016337919865986935,-0.0020626873895893904,0.0024571656691442295,-0.000952988070800405,0.0010331688381073824,-0.0008124218673572826,0.0,0.0,0.0,0.001662270871027902,0.0003167450156076671,-0.0019430649044319987,0.0004325648396136942,-0.001711803177501854
0.90918756,0.96153843,0.18347883,0.17628358,0.17628358,0.88,0.88,0.53524756,0.51209646,0.97959185,1.0,1.0,0.51209646,0.51209646,0.4422749,0.52134854,0.61026704,0.008042517390240964,0.001692363122617328,0.0022690595009927407,0.005783470930863649,0.006344761968919381,-0.00038943897162641727,-4.322084840334039e-05,0.0013632163320578575,0.0015871428133439759,0.0,0.0,0.0,0.0030785689152477325,0.0023308377314673924,0.0012583220710469967,0.00023120670462878224,0.0017886201459096892
0.50257623,0.6381991,0.8650587,0.89572877,0.9748012,0.88,0.88,0.47712255,0.46434262,0.97959185,1.0,1.0,0.46434262,0.46434262,0.40798923,0.55023736,0.41901708,-0.011839415004732155,-1.085280725884645e-05,-0.002543431962177628,-0.0004619350461689324,-0.0021605493986915185,-0.00011545158254252231,-0.0006454216612542818,0.000880163316127492,-0.0002591395978416226,0.0,0.0,0.0,0.001968713779191195,0.0020964711800532704,-0.0002546540604825935,0.0004958915676258162,-0.0053971880214155376
0.8665569,0.684464,0.9212083,0.88508254,0.9924483,0.88,0.88,0.75149775,0.74731123,0.97959185,1.0,1.0,0.74731123,0.74731123,0.78084624,0.6813485,0.6015171,0.007284468850678667,0.0004272930428738319,-0.00114453125961129,0.0004951028181244122,-0.00218008155604245,-0.0001442878972265994,-0.00038973578632500966,0.003814128269870651,0.006265909184514041,0.0,0.0,0.0,0.0018570729007820323,0.0013056186214491345,0.0006270865604584182,0.0008706854188001459,0.0022569267337359707
0.6029205,0.6841977,0.8751322,0.96780485,0.81725186,0.88,0.88,0.40024757,0.37512884,0.97959185,1.0,1.0,0.37512884,0.37512884,0.5494178,0.30134848,0.515267,-0.008602159029053381,0.0003086383204437779,-0.0030706276496368125,-0.003742096051678779,-0.002130579484861905,-0.00021218658093065938,-0.0005399224178376656,-0.003104764691328855,-0.00406676898428792,0.0,0.0,0.0,-0.00216206131208821,-0.0011441630278368118,0.0010488104249600884,-0.0009644327661147052,-0.0015388270208543347
0.90918756,0.96153843,0.2495949,0.23980686,0.23980686,0.88,0.88,0.6002475,0.5862169,0.97959185,1.0,1.0,0.5862169,0.5862169,0.59941775,0.6802374,0.5090171,0.009148065403170081,0.001833951604398375,0.0026644680828060443,0.0033729886323575365,0.005261926505535255,-0.0004862111219686436,-0.00026646382710978576,0.0011034152843145397,0.003364993138303708,0.0,0.0,0.0,0.002732711145178902,0.0028929410776195857,0.0010403491143988481,-0.001717129826275864,-0.0005796092008231757
0.7441739,0.7456876,0.71002954,0.9924483,0.6526684,0.88,0.88,0.4414978,0.4222863,0.97959185,1.0,1.0,0.4222863,0.4222863,0.4922749,0.41912618,0.577767,0.0013805098460187314,0.000650377024522368,0.0009609349907360181,-0.003806721141063549,-0.000469156116412661,-0.00025782019195762413,-0.0008332914742542355,-0.0008299671810814807,-0.0011785737973959768,0.0,0.0,0.0,4.8036330980571386e-05,0.00013264537058149488,0.0005405074302608913,-6.897183468409758e-05,0.0010574651182836692
0.6896285,0.7495128,0.6870376,0.8664516,0.9376084,0.88,0.88,0.29899764,0.2745047,0.97959185,1.0,1.0,0.2745047,0.2745047,0.22513199,0.46912628,0.40776706,-0.0019662714038717966,0.0005326126276008293,0.0007227225088441963,-0.0018020946690285756,-0.002665232496097274,-0.0002199208674384965,-0.0009214789754170727,-0.005860472633273315,-0.010197287795788908,0.0,0.0,0.0,-0.006358810445554368,-0.005749449986331394,-0.006682572750243321,0.0002487596137011618,-0.007088442086565611
0.90918756,0.96153843,0.20508894,0.19704624,0.19704624,0.88,0.88,0.6246226,0.61448395,0.97959185,1.0,1.0,0.61448395,0.61448395,0.6279892,0.42245972,0.7152671,0.007091282437488339,0.0009018125736701672,0.0020378507820340667,0.002411942052686105,0.006456690648875444,-0.0004248100761387865,-5.0883679286419656e-05,0.0006914824045668764,0.003039697751620525,0.0,0.0,0.0,0.0015104103753185725,0.0024359877017621247,0.00039266793113799085,0.001089996306961834,0.0040811420295693915
0.85257626,0.6301019,0.799676,0.9411765,0.8937818,0.535306,0.88,0.6108726,0.60327214,0.97959185,1.0,1.0,0.60327214,0.60327214,0.6279892,0.45801523,0.6615171,0.0046157458779234875,-0.0006033391437177928,-0.0007215253792073774,-0.000218904227287189,-0.0019697377221066337,0.002169223764266157,5.984105619434295e-05,0.001700833007150952,0.0024687549846340254,0.0,0.0,0.0,0.002128974057963208,0.0018442589281642452,0.0008342512542927404,0.00026269614747110817,0.0028698128258734445
0.7756478,0.70714283,0.65237707,0.9411765,0.9411765,0.74310553,0.6154285,0.6702477,0.66702974,0.97959185,1.0,1.0,0.66702974,0.66702974,0.7008463,0.4891262,0.6677671,0.0010510956523152144,0.0006430944579461818,0.0013825687951891771,-0.000430529804608162,-0.00185231051390785,0.0009215440829192803,0.00030133131235155944,0.0030574309476381245,0.004547395680344826,0.0,0.0,0.0,0.0018667803290904825,0.0012917073519439998,0.0005547330926779564,0.00018998522494468776,0.003766005857156466
0.9078103,0.7456876,0.65248674,0.9117176,0.9748012,0.88,0.88,0.40399766,0.38993874,0.97959185,1.0,1.0,0.38993874,0.38993874,0.34513202,0.60468185,0.33901703,0.008657848601796808,0.0005002261458486697,0.001685288638923025,-0.0013605687246240903,-0.0028374720029724514,-0.0007277790796416217,-0.0010782568987271186,-0.0006893308056326909,-0.0029027585072493715,0.0,0.0,0.0,-7.89820301814732e-05,-0.000933226040522675,-0.003474737119206743,-7.634302596051944e-05,-0.00845283414881855
0.5571217,0.6228039,0.87807,0.9411765,0.9748012,0.6436919,0.88,0.24649763,0.22246619,0.97959185,1.0,1.0,0.22246619,0.22246619,0.5579892,0.35801518,0.17901707,-0.010311484555460366,-5.4162448445104755e-05,-0.004537545140943399,-0.002827847391949582,-0.002570802199660488,0.0016743388341946262,-0.0007752733173799628,-0.007670733818622943,-0.011154446348594456,0.0,0.0,0.0,-0.007132374048321963,-0.008857252599241569,0.001675215407214856,-0.00017888315002059083,-0.017859525490439506
0.8899728,0.97363144,0.41693807,0.9748012,0.29715464,0.88,0.88,0.5333725,0.5221317,0.97959185,1.0,1.0,0.5221317,0.5221317,0.84656054,0.46468183,0.451517,0.008196037242282546,-0.0003252714562699041,0.0022724526633370913,-0.004074508735117988,-0.001602702496102053,-0.00054180976329878,-0.0004315127403513351,0.0019446324499109524,0.002096201331806884,0.0,0.0,0.0,0.0027910874959383336,0.002421572381366511,0.004341600092816379,-1.5870836280488068e-05,-0.0029940782283710997
0.90918756,0.96153843,0.121440224,0.116677865,0.116677865,0.88,0.88,0.4946226,0.47737902,0.97959185,1.0,1.0,0.47737902,0.47737902,0.58370346,0.51912636,0.42901707,0.008631218469629713,0.0011878051835003923,0.0023071273385297034,0.010538657072888208,0.006089505030698359,-0.0004743603907526578,-0.00029635269400616346,0.0019537804020572412,0.0016020020966767095,0.0,0.0,0.0,0.003949207872504647,0.0026903582851741875,0.0015713359527185153,0.00010136492204014209,-0.0028819713081101495
0.90918756,0.96153843,0.36366022,0.34939903,0.34939903,0.88,0.88,0.8364978,0.8419196,0.97959185,1.0,1.0,0.8419196,0.8419196,0.9251321,0.6102374,0.6615171,0.0077075649201968,0.0006068195968884375,0.0020347618991505266,-0.0018479564095398831,0.0024557070735007833,-0.00051800256581496,-0.0002226746434299599,-0.0009803888929586584,0.003676180736561009,0.0,0.0,0.0,-0.005766299898006072,-0.00036504753255698003,-0.0014576853108963072,-0.0006189560796600903,0.002139317231778982
0.90918756,0.96153843,0.17195885,0.16521537,0.16521537,0.88,0.88,0.41024768,0.39210817,0.97959185,1.0,1.0,0.39210817,0.39210817,0.4265604,0.37023735,0.6577672,0.008094316620291907,0.00016874599769321815,0.003329454678649998,0.00991275813018326,0.00812026136244959,-0.0006105020791053879,-0.0003879062819898852,0.0012197900338552922,-0.0012004911844393882,0.0,0.0,0.0,0.0023204536563405714,0.000376299381513815,0.0005781750137526363,0.00046827575932865636,0.0039536246624241505
0.90360916,0.84251547,0.7100232,0.68217915,0.9411765,0.88,0.7562161,0.5783725,0.5714619,0.97959185,1.0,1.0,0.5714619,0.5714619,0.5065607,0.5935707,0.5815171,0.00667409608271597,0.00018663400955716406,0.0011825372904620474,-8.949298780544755e-05,-0.003325243471232689,-0.0002034760926379983,0.0007138824210558162,0.0024670404000695424,0.004068618296526428,0.0,0.0,0.0,0.003934423739381511,0.003352067888416254,0.0012670941118947754,0.0003113706752090435,0.0016317878844958169
0.7116671,0.64553654,0.8490341,0.9411765,0.87855715,0.7078924,0.88,0.4277476,0.40752867,0.97959185,1.0,1.0,0.40752867,0.40752867,0.47941774,0.4291262,0.5502671,6.60095246421849e-05,-0.00019349596719335355,-0.002514134222083163,-0.0027760174594813813,-0.0018168370952390829,0.0006007572970315496,-0.0008536014778266068,-0.00018198406307364385,-0.0013031739813164733,0.0,0.0,0.0,0.0007687208766394705,0.0002606275844038718,0.0007554780412489322,-4.291510695524266e-05,0.0005193836782186898
0.3389398,0.12557127,0.84470606,0.87417334,0.81335855,0.88,0.88,0.4696226,0.44884294,0.97959185,1.0,1.0,0.44884294,0.44884294,0.5079893,0.5113485,0.43276703,-0.024024099615037143,-0.007332148129851477,-0.0017597561896484887,-0.0013638402718929635,-0.0006420428729952471,5.403100024637524e-05,-0.0008452386154805822,0.0007077742131550097,-3.3401421844047494e-05,0.0,0.0,0.0,0.0015970865548710989,0.001659143008929799,0.0010707175182687468,0.00031860131458680155,-0.005149140488462314
0.885083,0.88080406,0.8567768,0.9411765,0.8231551,0.7960362,0.88,0.8021227,0.7968832,0.97959185,1.0,1.0,0.7968832,0.7968832,0.815132,0.5391263,0.7565171,0.005969420931158073,0.00036389313504914413,9.413053889299732e-05,0.0005711971055637322,-0.0021354088538300922,0.0004646265127515949,-6.809363730257538e-05,0.0028285915600551837,0.004183289615387836,0.0,0.0,0.0,-0.001037343215876211,7.579151079185148e-05,-0.0006640932887326728,0.0002525745739198153,0.005819414252579568
0.52916026,0.2987629,0.8917319,0.9411765,0.9411765,0.98459446,0.6810241,0.5846226,0.57398885,0.97959185,1.0,1.0,0.57398885,0.57398885,0.59941775,0.4502374,0.7152671,-0.010626019669622429,-0.004254599449004221,-0.002558205544138198,-0.00034668178618119734,-0.0013752400607390037,-4.560865024307574e-05,0.0011255864783260455,0.003486853007949909,0.004316607584154022,0.0,0.0,0.0,0.004055210597533073,0.0027587137572141736,0.0016493306685314835,-7.748417741974795e-05,0.006538693758222209
0.7763364,0.69675034,0.8404408,0.9411765,0.8988014,0.8727212,0.88,0.67837274,0.6603536,0.97959185,1.0,1.0,0.6603536,0.6603536,0.67084634,0.64134854,0.64651716,0.003467295491765231,0.0005184328541607581,-0.0007547958065451413,0.0011574033978985656,-0.0006866416112309119,2.2733487276381145e-05,-0.0004939536939291074,0.0029986121155700395,0.0050042966567561496,0.0,0.0,0.0,0.002288748501168818,0.0012808070176799247,0.0005256809711583113,0.0006051719794032122,0.0034249160460722095
0.7438296,0.6159921,0.6852348,0.9411765,0.71111256,0.6883087,0.88,0.2358725,0.20568533,0.97959185,1.0,1.0,0.20568533,0.20568533,0.4922749,0.13912614,0.41776693,0.0009435540742413334,-0.0003699925691206909,0.0014835695507529828,-0.0045773141320066225,-0.0005534744709089406,0.001759221114325484,-0.001216261350595965,-0.007336444789373799,-0.010076158641660594,0.0,0.0,0.0,-0.006519996323104706,-0.008912998778095576,0.00023986979081211377,-2.527482779948279e-05,-0.004856464823437191
0.83542734,0.8149628,0.71391875,0.9429901,0.68988407,0.88,0.88,0.29649758,0.2720291,0.97959185,1.0,1.0,0.2720291,0.2720291,0.3194177,0.46468174,0.43901706,0.004767796340279582,0.0006119589604382053,-7.282062327791085e-05,-0.0047346647133514295,-0.000964315035188679,-0.00047050830403497256,-0.0010075833504176821,-0.005077310100030486,-0.00876218491400645,0.0,0.0,0.0,-0.005733038572105148,-0.007160325560982455,-0.004756842564861117,0.00019014233401389895,-0.005393512250837823
0.2522319,0.5572016,0.9284879,0.9411765,0.9411765,0.4594897,0.4594897,0.49774766,0.4841878,0.97959185,1.0,1.0,0.4841878,0.4841878,0.4094177,0.6691263,0.43276703,-0.028688579813393414,-0.0022775260314433997,-0.0031828797582523533,-0.001790561749122927,-0.00039053196421914475,-0.0010353431036572334,0.0026979356591615993,0.0016397815178532896,0.0005255483070422583,0.0,0.0,0.0,0.002448573006217293,0.0019242335979021918,0.00014099265770283566,-0.00023595591637005266,-0.004330205885312302
0.8305375,0.41722128,0.51356924,0.9411765,0.49342927,0.31391016,0.88,0.4114976,0.39103943,0.97959185,1.0,1.0,0.39103943,0.39103943,0.5279892,0.5524596,0.421517,0.007488090512725032,-0.003356298593463763,0.0048716628430266916,-0.0038623766607985216,-0.0010316202288480653,0.0016595328025224532,-0.0007189817642901833,-0.00011652564095487078,-0.001410952361639905,0.0,0.0,0.0,0.0007192928602416423,-0.0004288342354920002,0.0014043594487214706,-0.0001227239723633389,-0.00487789163882008
0.90918756,0.96153843,0.34112853,0.32775092,0.32775092,0.88,0.88,0.7302475,0.73427355,0.97959185,1.0,1.0,0.73427355,0.73427355,0.5865606,0.8335707,0.515267,0.00781890093755428,0.0013660582705348314,0.0018906229984369187,-8.155182063536368e-05,0.002476326121853744,-0.00022583166333755948,-0.00026224793788129217,-0.0004357342143612487,0.00418760266261074,0.0,0.0,0.0,-0.0016067046209669587,0.0008844922273192737,0.0005314511875039967,-0.002719034088658583,-0.00027373717501920884
0.90918756,0.96153843,0.2859791,0.27476424,0.27476424,0.88,0.88,0.6783726,0.6724461,0.97959185,1.0,1.0,0.6724461,0.6724461,0.8237034,0.5335707,0.65651715,0.008404121780660738,0.0009386221767836847,0.002254997169618174,-0.0002087431230049565,0.004531885988858742,-0.0005463026410507792,-8.485820358060919e-05,-5.235754882391218e-05,0.0025837546069879458,0.0,0.0,0.0,-0.0006692744862065322,0.0013936578701272706,-0.0010886222721714657,0.00015333528742990965,0.0021614396608595795
0.55712163,0.7080321,0.92472017,0.88845664,0.9411765,0.88,0.5326523,0.7514975,0.7532769,0.97959185,1.0,1.0,0.7532769,0.7532769,0.67084634,0.69245964,0.67401713,-0.009486509373187808,0.0005505834033069743,-0.0002372850534143852,0.0019665317675258377,-0.0013345156404539434,-5.737757060377817e-05,0.0010006110372564716,0.0026682924244759575,0.003912439172819152,0.0,0.0,0.0,-0.0004046206073618051,-0.0011100890656230342,-0.0002713853165143459,0.0010551277849531904,0.003034081504462892
0.81270003,0.77695835,0.7688172,0.7386675,0.9411765,0.88,0.75249696,0.45024753,0.42820826,0.97959185,1.0,1.0,0.42820826,0.42820826,0.67084634,0.32579294,0.5452671,0.004624988931309143,0.0006942335324976718,-0.0002087024875139911,-0.00015967244455509917,-0.00361625577318341,-0.0005251835976125233,0.0010355211919490558,0.0009779259335709965,0.00031319026171888623,0.0,0.0,0.0,0.002391188824833464,0.001786992662213675,0.002841935014186426,-0.0007280364291006036,0.001165843646882317
0.90918756,0.96153843,0.422451,0.4058843,0.4058843,0.88,0.88,0.8808727,0.888447,0.97959185,1.0,1.0,0.888447,0.888447,0.7265606,0.72690415,0.7340171,0.008359667169380804,0.0008731926265787336,0.0012027335858581802,-0.0013862735112593074,0.0016480339687624137,-0.0004148766122487439,-0.00030637789794203885,-0.0005772478213751475,0.005639417343899249,0.0,0.0,0.0,-0.00522395499596934,-0.0010311178574028187,-0.0007064540622630084,-0.0013673533237538332,0.004123416558959775
0.79417396,0.79605037,0.8015552,0.8334946,0.9376084,0.88,0.88,0.3921225,0.37325144,0.97959185,1.0,1.0,0.37325144,0.37325144,0.4522748,0.5291263,0.34651697,0.002589441714876014,0.0005740800400824195,-0.002094447154787024,-0.0011970857203234518,-0.0034586038258739367,-0.00046975662073419364,-0.001221869775312232,-0.0017156084924567197,-0.004734520156965548,0.0,0.0,0.0,-0.0012686898319391282,-0.0018350806166459106,-0.0010361504924538253,0.00017123087857182193,-0.008957666373507962
0.7854273,0.83870864,0.7565866,0.9411765,0.83497816,0.81621236,0.88,0.6452477,0.63819516,0.97959185,1.0,1.0,0.63819516,0.63819516,0.5494178,0.3946818,0.8502671,0.0009956735765179136,-1.1586113121459883e-05,0.0006417163512351373,0.00022995527486749593,-0.0021552836521054573,0.00030087620481869846,-6.64531154176106e-05,0.003524057606279111,0.004084823694014562,0.0,0.0,0.0,0.002905064110393588,0.0025642777438737237,0.001187740035514772,-0.00027597054644806865,0.007273944564933792
0.7941739,0.7959572,0.8259018,0.79351354,0.9411765,0.88,0.7077955,0.7864976,0.7875434,0.97959185,1.0,1.0,0.7875434,0.7875434,0.65656054,0.6824596,0.82026714,0.003701980047702324,0.0006951603608142578,0.0005948593092323151,0.0005926052015104348,-0.0014863274125677553,-5.52888335034891e-05,0.0008877955684767987,0.0034794417394632383,0.004968715103765045,0.0,0.0,0.0,-0.0004597360666066263,-0.0008193626740563255,0.000239728248857889,0.0008482668974337708,0.006469785710442873
0.6714467,0.708426,0.765046,0.7350442,0.9431936,0.88,0.88,0.4339974,0.41587037,0.97959185,1.0,1.0,0.41587037,0.41587037,0.38513198,0.44579294,0.6677671,-0.0018961833907405912,0.0006589224660219514,-0.0006379055478327217,0.0010915601680155243,-0.0028295946049191746,-0.00020597930636305655,-0.0005651535673125846,-1.5579012532915618e-05,-0.0010660814486695106,0.0,0.0,0.0,0.0010224529713294985,0.0013075059860097364,-0.0008184733603939491,-7.25502793099515e-05,0.005819166833588803
0.70292056,0.749654,0.8780735,0.88049805,0.9748012,0.88,0.88,0.18837261,0.15515305,0.97959185,1.0,1.0,0.15515305,0.15515305,0.42941776,0.15912628,0.44026697,-0.002582140441348979,0.00021364210100181357,-0.0037834821182179085,-0.00320879222894003,-0.00455910490246585,-0.0004383112762394666,-0.0008749560686468509,-0.008989629916984477,-0.014088933985691917,0.0,0.0,0.0,-0.009020670646255849,-0.010164642071966469,-0.001534217151918719,0.0004032599239398854,-0.005133140594899125
0.88088185,0.86100686,0.7893414,0.9924483,0.6897178,0.88,0.88,0.5689976,0.5593027,0.97959185,1.0,1.0,0.5593027,0.5593027,0.6908463,0.58468187,0.452767,0.007365965670301859,0.0012103553137499626,0.0003189504739292683,-0.0027206536552541478,-0.0004896890490304429,-0.00030112763226451266,-0.0002215251386093118,0.0026704423638251678,0.0034548297704190285,0.0,0.0,0.0,0.003591193508818361,0.0030995779932772947,0.002523454691308631,-2.2728346040228444e-05,-0.0029220099855053923
0.58997285,0.48812792,0.6409422,0.8749571,0.66943794,0.88,0.88,0.5796226,0.557429,0.97959185,1.0,1.0,0.557429,0.557429,0.59513205,0.5335707,0.5752671,-0.008556286743375793,-0.0011809315593869667,0.001483389826665067,-0.0003702761695167162,-0.0008878524422300337,2.5543212015495237e-05,-0.0005260023205372928,0.0033046989265785704,0.0030997090583757404,0.0,0.0,0.0,0.004003740975934452,0.002878716838373219,0.001494195164620889,0.0002697981691043885,0.0017893236039290316
0.68997276,0.77695835,0.6342845,0.9429901,0.9486862,0.88,0.88,0.44649768,0.4224999,0.97959185,1.0,1.0,0.4224999,0.4224999,0.29798916,0.6091263,0.50151706,-0.0023189729010721577,0.0006833867185933691,0.0015133428001284715,-0.0025643382576153754,-0.0024708558029148267,-0.0001468325746122577,-0.0006757307216899045,-0.00030897618674788417,-0.0018890886945406732,0.0,0.0,0.0,0.00025431645022429706,0.0003716943317503009,-0.003574792204551876,0.0001680355623387454,-0.0021027952579691493
0.90918756,0.96153843,0.25143284,0.24157271,0.24157271,0.88,0.88,0.60774744,0.60224676,0.97959185,1.0,1.0,0.60224676,0.60224676,0.77370346,0.6069041,0.410267,0.0076868305032470104,0.0008184357960090565,0.003102173611269705,0.0018304748326748185,0.0051956177458550275,-0.0004778832839613791,-0.0002751485095168898,0.0010447109320636293,0.0029022764192655147,0.0,0.0,0.0,0.001995981399165003,0.0025722361810719737,0.00011997556103506987,-0.0006550121789013261,-0.0021530565082068967
0.2756478,0.6230304,0.7098879,0.9411765,0.91916525,0.5918957,0.88,0.30587268,0.2812315,0.97959185,1.0,1.0,0.2812315,0.2812315,0.31227478,0.40245956,0.515267,-0.028413627984183253,-0.00032536104772825904,7.430024718883426e-06,-0.004165435407653219,-0.002198148219158869,0.0008781315705238228,-0.0007238716137649575,-0.0060719863290309255,-0.007537526853520085,0.0,0.0,0.0,-0.004918462636361021,-0.003496269955754589,-0.0026322355983176143,-8.213994170451398e-05,-0.0015539373502183413
0.7938297,0.71845555,0.9073785,0.871795,0.9411765,0.88,0.58391035,0.6052476,0.5944067,0.97959185,1.0,1.0,0.5944067,0.5944067,0.7479892,0.4580151,0.62026703,0.0036416397189267275,0.0007043053263713062,-0.0013106856541161241,0.00014649532903045917,-0.001657023972054768,-0.00025525630305430874,0.000852015935361366,0.0035434140949818843,0.004523529884940056,0.0,0.0,0.0,0.0035373455093789643,0.00258266208227535,0.002005828752890432,-0.0001497746345426612,0.0022237683951043014
0.45677733,0.48745736,0.7367484,0.9411765,0.9411765,0.5273442,0.38695565,0.24087238,0.21641825,0.97959185,1.0,1.0,0.21641825,0.21641825,0.42941782,0.20357078,0.4102671,-0.01804890308302393,-0.0013548398025586244,-0.0010309136140077598,-0.003880669521376186,-0.002202502682593789,0.002443685749088691,0.005189177519835817,-0.009210200489048893,-0.009828893131527055,0.0,0.0,0.0,-0.006479143650377677,-0.006990506801565882,-0.0010066455078769304,-0.0007169868735551114,-0.005810780965118642
0.7379068,0.47150436,0.86708844,0.83308494,0.9411765,0.88,0.6507956,0.62274754,0.6184,0.97959185,1.0,1.0,0.6184,0.6184,0.6465606,0.4257929,0.7552671,-0.0002557899123001039,-0.0015442294643824778,-0.001939239170206402,0.00031826896067453224,-0.0013681311321146405,-2.156944992118574e-05,0.0009266684307562587,0.0030270111995122704,0.0038053738752987076,0.0,0.0,0.0,0.002788553911640266,0.002051846089129455,0.0012379289671919104,-0.0004446638352933334,0.00527039431983346
0.83542734,0.857281,0.7138546,0.8664516,0.79576015,0.88,0.88,0.50899756,0.49741557,0.97959185,1.0,1.0,0.49741557,0.49741557,0.35370335,0.47690403,0.70651716,0.003508251744185864,0.00015389339949250545,0.0012396903171558082,-0.002109997612382627,-0.0031538526536831657,-0.0003695103401249454,2.9203264686809483e-05,0.0010852740026588913,0.001166550971452951,0.0,0.0,0.0,0.0022073958258717503,0.002108165605514544,-0.0005347552183099846,-7.279978050644685e-05,0.005282523484933528
0.69837505,0.71845686,0.79341626,0.9064392,0.9411765,0.88,0.47170806,0.5402477,0.5304237,0.97959185,1.0,1.0,0.5304237,0.5304237,0.6708463,0.62357074,0.29776692,-0.0010069663351898739,0.0006577188404025915,-0.000617470198684046,-0.0007530091825884082,-0.0009384643638758342,-2.1220137333818336e-05,0.0023956732748936934,0.002174685274486905,0.0027015474753572,0.0,0.0,0.0,0.0032815161454617485,0.0025707786600586108,0.0020425176597509923,-0.00032680163892895276,-0.009015886632845976
0.78577167,0.5299846,0.6883547,0.9411765,0.9411765,0.94859445,0.43118396,0.7433728,0.74884146,0.97959185,1.0,1.0,0.74884146,0.74884146,0.57941777,0.7502374,0.58901703,0.0028142291993572305,-9.514745769625896e-05,0.001384977937545291,0.00025450494886959635,-0.0001483991005076753,-0.00043765376751371933,-0.00013948504118309807,0.0039675075596469,0.00580202485097161,0.0,0.0,0.0,0.0012795873432737074,0.00046622209492785477,0.000840429219251691,0.0009245378217528743,0.0015648481656620474
0.9078103,0.86100686,0.8010365,0.9168245,0.9748012,0.88,0.88,0.5408726,0.5211645,0.97959185,1.0,1.0,0.5211645,0.5211645,0.6679892,0.5702374,0.43276703,0.007617636382068264,0.0008264997411843866,-0.001705055825527755,0.00012051244820865719,-0.0038357373314233984,-0.0007041192815634452,-0.0008527325761190488,0.0022540686773650266,0.0031029511949643165,0.0,0.0,0.0,0.0033971842326450384,0.0030025610550383284,0.003723573518427099,-9.239646249120372e-06,-0.004165454024029816
0.8259921,0.90375376,0.7176934,0.8937818,0.9411765,0.88,0.8199039,0.25774765,0.23138292,0.97959185,1.0,1.0,0.23138292,0.23138292,0.4422749,0.36690405,0.29276693,0.0053748162088734005,0.0010462579310384877,-4.0541997926540234e-05,-0.0027761824605566743,-0.003283678546983815,-0.000537668890707619,-7.641910250500777e-05,-0.007197155715010195,-0.011274389175612914,0.0,0.0,0.0,-0.007385385748202447,-0.00962814934613081,-0.0017481100015107026,0.00017970095849741553,-0.011641565886539472
0.49837515,0.6228039,0.85897255,0.941397,0.88562775,0.88,0.88,0.59024763,0.57027537,0.97959185,1.0,1.0,0.57027537,0.57027537,0.5365606,0.60134864,0.63276714,-0.013530248022512513,-0.00037030071877974216,-0.0020571628059949144,0.00011627674444186366,-0.0012953629003745514,5.0701348532174436e-05,-0.0002623581091104572,0.0031647872765460587,0.003622891992248743,0.0,0.0,0.0,0.003933279855116085,0.0027234591424655304,0.0012475811181790622,0.0003281767062772161,0.0028167476559233296
0.66166705,0.561542,0.96284527,0.96780485,0.965827,0.88,0.88,0.42712247,0.39018518,0.97959185,1.0,1.0,0.39018518,0.39018518,0.4794178,0.4502374,0.462767,-0.0040550410433621824,-0.0007012644593849933,-0.006262241429248868,-0.0027706472639369606,-0.0024703631227474022,-0.0001854479478161431,-0.0007491574842828481,-0.0013103390395660347,-0.0034168275632525504,0.0,0.0,0.0,-0.001073191933117894,-0.0006951547439739284,0.0006063635541344834,-8.388329740228156e-05,-0.004391652095880633
0.8672455,0.77695835,0.7651982,0.84721017,0.8759751,0.88,0.88,0.35962272,0.33682835,0.97959185,1.0,1.0,0.33682835,0.33682835,0.3508463,0.36468178,0.60026705,0.0058671803542199195,0.0005589304425192333,-0.0004955731994217772,-0.0026927333719309536,-0.0037237575610547954,-0.0002137688666615638,-0.000621599432686113,-0.0034914188379856054,-0.006802356384995406,0.0,0.0,0.0,-0.003504707773450808,-0.003530024151045827,-0.002934874733949237,0.0003045767789880548,0.002220156496573867
0.7941739,0.71548724,0.77505755,0.81213874,0.9431936,0.88,0.88,0.48712265,0.47460538,0.97959185,1.0,1.0,0.47460538,0.47460538,0.5365606,0.48468187,0.536517,0.003704246243559522,0.0005457265818386026,-0.00045601310356582927,-0.0002509912853091128,-0.002804254974309113,-0.0004122775539106697,-0.0005698240860834983,0.0011944701470093988,0.001260258941089637,0.0,0.0,0.0,0.0027627924815790766,0.00236188561782843,0.0015865353195509857,-7.203075731842942e-05,-0.00032518881231401257
0.7892841,0.7763425,0.7225206,0.9411765,0.9168245,0.6883086,0.88,0.6189976,0.60994464,0.97959185,1.0,1.0,0.60994464,0.60994464,0.37513202,0.6380152,0.72651714,0.0021599250475585045,0.00031328474577679215,0.0008763235242143022,0.0003293272262116177,-0.0006393580816037422,0.0005687611040543654,-5.610166681906455e-05,0.0021310213045990308,0.0035722007199062615,0.0,0.0,0.0,0.002822004793217337,0.0024001736838645993,0.0005452554784083087,0.00023423664848756226,0.004362352388380407
0.8120114,0.22723629,0.6440274,0.9748012,0.7571528,0.88,0.88,0.7183726,0.71510166,0.97959185,1.0,1.0,0.71510166,0.71510166,0.33227485,0.7035708,0.84151703,0.004666509520788567,-0.004755541693035634,0.002131364620339144,0.0008315163087701502,-0.0006509855536982131,3.356353342096293e-05,-4.024230480212641e-05,0.004232679266646977,0.006547785929772606,0.0,0.0,0.0,0.0032632425951882333,0.0031095070328884967,4.8986891298575325e-05,-0.00025537041598614645,0.009106477234253365
0.39871937,0.68834573,0.6933734,0.8921784,0.9411765,0.88,0.5958796,0.1827476,0.1462381,0.97959185,1.0,1.0,0.1462381,0.1462381,0.6079892,0.21579286,0.27276695,-0.02329266446423901,0.00010263834484754146,0.00039061831034048635,-0.0030358145866140767,-0.0024618396361905217,-0.0006377929276095655,0.0034399368145406474,-0.01212863201199235,-0.012618672116841628,0.0,0.0,0.0,-0.010276041526429261,-0.008511185707072806,0.002354694071608161,-0.0015957059037890837,-0.011591497869675277
0.7662126,0.6775204,0.89178187,0.9411765,0.83113486,0.5846212,0.88,0.40899742,0.38828856,0.97959185,1.0,1.0,0.38828856,0.38828856,0.4865606,0.5291263,0.33401704,0.0015522593418745712,1.300776806278641e-05,-0.004127957717229544,-0.003064851503335797,-0.0021178839971591197,0.002018181047895877,-0.0009603453253738259,0.0004975000776775708,-0.0016379484580696369,0.0,0.0,0.0,0.0012399295445097375,-0.00018396539424826426,0.001180953061890609,0.0002973649426813265,-0.009318497037398676
0.73962843,0.79085666,0.5321062,0.9411765,0.87855715,0.7522566,0.88,0.2777475,0.25115484,0.97959185,1.0,1.0,0.25115484,0.25115484,0.33370346,0.26023728,0.567767,-0.0004664983071663725,0.0005518282979779547,0.004020843448452316,-0.004132070421128457,-0.0028094757879231365,0.0007090751607361324,-0.0007302366394208098,-0.00588274457383444,-0.008279479244565824,0.0,0.0,0.0,-0.005301561475020192,-0.0065178262896983296,-0.0034087338285830045,0.00032578248237671067,0.00123735273117348
0.90918756,0.96153843,0.17379086,0.16697553,0.16697553,0.88,0.88,0.60337245,0.5949573,0.97959185,1.0,1.0,0.5949573,0.5949573,0.7408463,0.48468176,0.52651703,0.007372599892115237,0.0010747379103551355,0.0020476150687116783,0.0026213786927379375,0.0061044272267064235,-0.0006200762191088616,-0.00015667740797178865,0.0010420799738712699,0.002315259165406406,0.0,0.0,0.0,0.0018377193889510671,0.002159597657165833,-0.00023536136109410884,0.0007857146399058601,1.618339722221071e-05
0.90918756,0.96153843,0.38624823,0.37110123,0.37110123,0.88,0.88,0.8233726,0.82345575,0.97959185,1.0,1.0,0.82345575,0.82345575,0.6465606,0.7624596,0.75651705,0.00834074034109907,0.0009321993373099827,0.0009416347294024743,-0.0013707745826815204,0.002601888072060408,-0.00033063113608578464,-0.0002413560369548328,-0.0002669940021615622,0.005199326883282213,0.0,0.0,0.0,-0.0031168651900982235,-3.79581034400292e-05,2.212646685620129e-05,-0.0014036331197669436,0.004889809646518549
0.74031705,0.65388983,0.71144676,0.85676205,0.67907965,0.88,0.88,0.7821226,0.7839722,0.97959185,1.0,1.0,0.7839722,0.7839722,0.6779891,0.8146819,0.587767,0.00025203556941956863,0.00012936445152943925,0.0011600131884498272,0.0012250711833769298,-0.001057683004206362,-0.0001397078785362275,-0.00026186715628298394,0.0021821882596905927,0.004945089083761475,0.0,0.0,0.0,-0.001204407903753104,-0.0007587471859883377,0.0003223820273748232,-0.00021909302514641946,0.0012891620981789773
0.90918756,0.96153843,0.12244345,0.11764175,0.11764175,0.88,0.88,0.45712256,0.43204242,0.97959185,1.0,1.0,0.43204242,0.43204242,0.28798908,0.4413485,0.7027671,0.008317674910146854,0.0005862128621383982,0.0040903210287851835,0.011073803968274345,0.008660413734831342,-0.0005500022960767047,-0.00039456279535450274,0.0013913482782117897,0.00013028753882647897,0.0,0.0,0.0,0.002986867676956794,0.0017000588154297972,-0.0005627574757723901,0.0005450369872995656,0.005630630330303843
0.49314094,0.5261619,0.88165134,0.84707683,0.9411765,0.88,0.41534057,0.34712267,0.32732067,0.97959185,1.0,1.0,0.32732067,0.32732067,0.34656063,0.32023737,0.536517,-0.013457271523214343,-0.0007603627476960881,-0.003232227934700957,-0.0007234900163317176,-0.002521021532420523,-0.00014322460081812624,0.003969076984789395,-0.004117418194865706,-0.005521344751812583,0.0,0.0,0.0,-0.0024945718498927427,-0.0013263861825841294,-0.001877301554227021,-0.00031881923379595994,0.00010471599519997155
0.8490637,0.83164656,0.78588206,0.7550631,0.9411765,0.88,0.74491245,0.7096225,0.71299666,0.97959185,1.0,1.0,0.71299666,0.71299666,0.5965606,0.60468185,0.6865171,0.004198747039741648,7.81550838053743e-05,0.0005174127086930138,-0.0002751057482359323,-0.002272342765993793,-0.00019946820672011846,0.0006552990170492771,0.0025139408819543486,0.0038346867665684198,0.0,0.0,0.0,0.000524902769380927,0.0004724555298353545,0.0006834454145674038,0.0006350703756284406,0.0031929830679128927
0.756433,0.34205,0.9144166,0.9411765,0.9411765,0.23573199,0.64509845,0.3921225,0.37084004,0.97959185,1.0,1.0,0.37084004,0.37084004,0.34798908,0.26579297,0.63401717,0.001083274804947506,-0.003810062543236614,-0.003695955659576349,-0.0027547794381514133,-0.0029889119143514786,0.004576736455480635,0.001955129764820202,-0.0014769816066592537,-0.0038518122202672446,0.0,0.0,0.0,-0.0002567360147101089,-0.0018691214308514037,-0.002060543551360385,0.0011881111157346276,0.0032376318540937926
0.74348533,0.73799175,0.86708844,0.9429901,0.9411765,0.88,0.8014362,0.48649764,0.4694985,0.97959185,1.0,1.0,0.4694985,0.4694985,0.5594178,0.38468182,0.69151706,0.0014350348091936881,0.0010094271497391497,-0.0021334476219722212,-0.0008552529459551671,-0.0032244258331744196,-0.0005269135629135969,0.000426298766684885,0.0014568350308506526,0.0012530578556116032,0.0,0.0,0.0,0.0024673546497936683,0.001854762989870417,0.0018523638407675327,-0.0006449687230295283,0.00541592990903918
0.7990637,0.8149628,0.8250247,0.9473415,0.78218627,0.88,0.88,0.41899753,0.38594872,0.97959185,1.0,1.0,0.38594872,0.38594872,0.5837035,0.4257929,0.48901713,0.0035306979525800276,0.0006109572497403012,-0.0017798972373248977,-0.002586264800273712,-0.0009587423566794319,-0.0003112219338827116,-0.00045011797564752445,-0.001141420011935744,-0.0028276517684971392,0.0,0.0,0.0,-0.00052356472290429,-0.0006852991866120982,0.0025604744996523443,5.947977105354882e-05,-0.0025649029433565214
0.90918756,0.96153843,0.08403593,0.08074041,0.08074041,0.88,0.88,0.31337285,0.28940237,0.97959185,1.0,1.0,0.28940237,0.28940237,0.64513206,0.36468178,0.27276707,0.009998212398735445,0.0007005838814358807,0.007249504415371379,0.012063615579739721,0.009967803982024152,-0.0010124518805512959,-0.0016631207274935638,-0.000635027591080605,-0.00574097349209097,0.0,0.0,0.0,-0.000915678466975272,-0.00317329094162817,0.0024379972428346247,0.0010912998291277677,-0.010470477795435792
0.8266807,0.4532455,0.41982,0.4033565,0.9748012,0.88,0.88,0.3083725,0.2880617,0.97959185,1.0,1.0,0.2880617,0.2880617,0.44370344,0.29690403,0.49276698,0.005554657360504966,-0.00024185370708023723,0.008019186186946203,0.005046614644100069,-0.004258146711720539,-0.0006120127264012346,-0.0008960942244791703,-0.0031295373850450704,-0.007201036139626165,0.0,0.0,0.0,-0.002385027151811962,-0.0038193696300170966,-0.000900020804262221,5.0253495719849164e-05,-0.001892626990765053
0.871791,0.3850705,0.5280357,0.9924483,0.5639924,0.88,0.88,0.53524756,0.5226906,0.97959185,1.0,1.0,0.5226906,0.5226906,0.4422749,0.5335707,0.6802671,0.007365222762710006,-0.0023119350935951995,0.0030792901073846413,-0.0033706127544120114,-0.0014149313608431999,-5.000033210291223e-06,-0.0001502861084983033,0.003025044130643112,0.002652429113486311,0.0,0.0,0.0,0.0039689245178364625,0.0027491305295579338,0.0005679642608684615,0.00026302317263843575,0.005247817091931034
0.7669012,0.73433506,0.7118457,0.88049805,0.9117176,0.88,0.88,0.5108725,0.5021056,0.97959185,1.0,1.0,0.5021056,0.5021056,0.43227497,0.60690415,0.47901702,0.0015140303346214128,0.0007871978923053986,0.00023065293894306658,-0.000239818363359611,-0.0020503401796782834,-0.00022302704329816406,-0.000712633428817925,0.0013439470591182728,0.0011174394352932203,0.0,0.0,0.0,0.0027130701225369968,0.002245003715659015,-0.00022088838802356196,4.4172392139285605e-05,-0.0032168191621823102
0.90918756,0.96153843,0.26804328,0.25753176,0.25753176,0.88,0.88,0.6414976,0.6370439,0.97959185,1.0,1.0,0.6370439,0.6370439,0.442275,0.6946819,0.66901714,0.007919552872745135,0.0017078473215888575,0.0015448103185913564,0.0022907603784332337,0.006561513854917056,-0.00045363922275791485,-3.293208707348949e-06,3.755763955492534e-05,0.003730272358274316,0.0,0.0,0.0,0.00076540428879779,0.0021442791885413204,0.0016057502337038295,-0.0019056997444059415,0.0029498418449694645
0.6623557,0.74191046,0.8388778,0.88508254,0.9290669,0.88,0.88,0.3014977,0.27778772,0.97959185,1.0,1.0,0.27778772,0.27778772,0.66370344,0.17801529,0.32776713,-0.004999215714777327,0.00038897497330074403,-0.0026331493601529582,-0.0023701902734062407,-0.0031734194345161646,-0.0004047512351229504,-0.0012394630417517367,-0.006565308844879916,-0.008119875464808864,0.0,0.0,0.0,-0.0048996348543909355,-0.005032854558971671,0.00406636722620366,-0.001274770863765367,-0.009946263400554767
0.5983751,0.6111139,0.7671892,0.9411765,0.67603636,0.5155585,0.88,0.2464974,0.2181046,0.97959185,1.0,1.0,0.2181046,0.2181046,0.36656052,0.47579288,0.17401695,-0.008362945234378433,-0.0008265937567471549,-0.00151071586237383,-0.005403263902966218,-0.0008464153447783266,0.002917778818211149,-0.000871048253931382,-0.006122559497109492,-0.011610787885575048,0.0,0.0,0.0,-0.007796303340868199,-0.01116303859161753,-0.003793287361102466,0.00034439652034025684,-0.01909799966121629
0.78611594,0.67566925,0.5856202,0.9411765,0.56265473,0.582696,0.88,0.8083725,0.8115371,0.97959185,1.0,1.0,0.8115371,0.8115371,0.6794177,0.54468185,0.8965171,0.0027602776217798748,0.0003669753442537171,0.0017503429620675701,0.0008028315984860017,-0.001060504736084048,0.0007304132186151179,0.0002598857496482656,0.0025964573208697196,0.004534738440392834,0.0,0.0,0.0,-0.00193795377972579,0.0009494851460540205,0.0005324339341442806,0.0001688142672175172,0.008437282489603794
0.90918756,0.96153843,0.3360173,0.32284018,0.32284018,0.88,0.88,0.7708726,0.7640166,0.97959185,1.0,1.0,0.7640166,0.7640166,0.46370342,0.6435708,0.8965171,0.008228751547781347,0.001766600116654985,0.0004281591244451503,-0.0005439288306352389,0.003994874555767746,-0.0004448739977742205,4.1242447535167375e-05,-0.0005983155822060351,0.004695675616118727,0.0,0.0,0.0,-0.0015483553961504954,0.0008766525520370897,0.0015023448917768105,-0.0008566218885018231,0.007551223223564352
0.656433,0.14696635,0.7605621,0.7307362,0.9411765,0.88,0.032845005,0.73212254,0.7325365,0.97959185,1.0,1.0,0.7325365,0.7325365,0.4408463,0.86245966,0.6140171,-0.0035228597344759303,-0.005833719645293314,0.0008248606767684351,0.00046743442583347956,-0.00032808333666203523,0.0004831762036849554,-0.00404497242581489,0.0033734809964674163,0.0059446162877460915,0.0,0.0,0.0,0.0006575270893457244,-0.00018931911532251266,0.0007863260582296475,-0.0011021855191281284,0.001665486505120249
0.90918756,0.96153843,0.32120612,0.3086098,0.3086098,0.88,0.88,0.70899785,0.70906496,0.97959185,1.0,1.0,0.70906496,0.70906496,0.6837034,0.70023745,0.58026695,0.009188854323936268,0.0013925597964426478,0.002189898613023934,0.0006036107383807547,0.004548336350786439,-0.0004883371127305476,-0.00013981560558113884,0.0004878116551550307,0.004488837329749095,0.0,0.0,0.0,-0.00026250388025350494,0.0021233350701394147,0.00045926197569025177,-0.0012076349301482514,0.0013030509206543627
0.74417394,0.71548617,0.7106353,0.6827673,0.9411765,0.88,0.6243454,0.29899764,0.2661829,0.97959185,1.0,1.0,0.2661829,0.2661829,0.5794177,0.40245956,0.2852671,0.0005308059929656877,0.00042492513437507963,-0.0009156604261007878,0.0008799959632028526,-0.0038836827802502492,-0.00040589076947687036,0.0033676640173567816,-0.00486182188952673,-0.008835401932023881,0.0,0.0,0.0,-0.0037914935461944754,-0.004840024094861263,0.002120466571031216,8.820572381424404e-05,-0.010768502116025052
0.78962845,0.83747613,0.3908217,0.9411765,0.37549534,0.7509752,0.88,0.52899754,0.51627403,0.97959185,1.0,1.0,0.51627403,0.51627403,0.6837035,0.31023735,0.5977671,0.0028562850355014573,0.0007915039325590543,0.0030553274103675655,-0.003945019277262384,-0.0020142114309624707,0.0006722122030190107,-0.00042467956615529324,0.0017888689925812673,0.001404481681829249,0.0,0.0,0.0,0.002457344940681358,0.0018322298796837877,0.0021075801207820375,-0.00020302840693690413,0.0017730722720515756
0.55712163,0.5223168,0.8671632,0.8331568,0.9748012,0.88,0.88,0.35587263,0.33648857,0.97959185,1.0,1.0,0.33648857,0.33648857,0.29798904,0.51912624,0.55776703,-0.00927912410720264,-0.0009667643079980179,-0.003386351575467943,-0.0010075863583605743,-0.002493017377430144,-0.0001240828931275741,-0.0004828404727827577,-0.0044246493921326,-0.00743897308725464,0.0,0.0,0.0,-0.004116882060354519,-0.002872163353665011,-0.003752077374832955,0.00016151001035066064,-8.097043108988206e-05
0.81690115,0.74951065,0.79121685,0.76018876,0.9117176,0.88,0.88,0.28962255,0.26518723,0.97959185,1.0,1.0,0.26518723,0.26518723,0.6237035,0.3624596,0.17401707,0.004881400851162659,0.0006415974241636127,-0.002065821370788088,0.00022307784965801562,-0.003544940117123752,-0.0006813601853904567,-0.0012830579998807411,-0.0048873137320809374,-0.010323168171212604,0.0,0.0,0.0,-0.0050329222087258695,-0.006728792138826336,0.0032878605985469994,0.0004048958315653886,-0.01877977118010174
0.8025762,0.18838853,0.8731948,0.8701977,0.79621845,0.88,0.88,0.5933728,0.58424133,0.97959185,1.0,1.0,0.58424133,0.58424133,0.73656064,0.4635707,0.556517,0.004658881547930551,-0.0054964565530509915,-0.003365100094882722,0.0002621167576327698,-0.0007082234025185901,9.936848590135038e-06,-0.00035009310894461033,0.00275906482108156,0.0038617491231896454,0.0,0.0,0.0,0.0034775120481083687,0.0024190565049964485,0.0022877418010969442,4.0791536829811964e-05,0.00012272383640865136
0.5714467,0.73431915,0.7796049,0.74903214,0.9429901,0.88,0.88,0.25337255,0.22136629,0.97959185,1.0,1.0,0.22136629,0.22136629,0.38227478,0.4257929,0.33401704,-0.00890232784917508,0.00037387207263744416,-0.0013632589652285698,-8.65268095452576e-05,-0.003246789781145729,-0.0002445330604356667,-0.001055376685657336,-0.006800888673571377,-0.012100893593995196,0.0,0.0,0.0,-0.008066718670749515,-0.007017232844651833,-0.002696290612659061,6.021680703711743e-05,-0.011459822492412992
0.90918756,0.96153843,0.04354716,0.04183943,0.04183943,0.88,0.88,0.3871225,0.3704063,0.97959185,1.0,1.0,0.3704063,0.3704063,0.58370346,0.51357067,0.28401697,0.009388286302472128,0.0016565811795612847,0.005841447512586628,0.014057601138202142,0.006611755389117879,-0.0005105115070405776,-0.0011106756587786126,0.0009999088804750434,-0.002019953858620383,0.0,0.0,0.0,0.0014292902110654166,-9.186979183449017e-05,0.0018228942042153402,6.667462522296634e-05,-0.009657020088231496
0.71201146,0.11820018,0.9472685,0.9411765,0.9248924,0.64370847,0.88,0.35212266,0.32758212,0.97959185,1.0,1.0,0.32758212,0.32758212,0.50227493,0.26912627,0.49526703,-0.001065045903968701,-0.005221978116352512,-0.006202276108569216,-0.003538502321709599,-0.0018536608855978394,0.0009109665516900276,-0.0009012115398506263,-0.0033516575315496,-0.005584529503156954,0.0,0.0,0.0,-0.0025186558529706592,-0.0028664497452473583,0.000564237251068048,-4.6733634889519384e-05,-0.002560655450927064
0.73053753,0.73421746,0.8389344,0.9411765,0.76321757,0.6435862,0.88,0.6177478,0.61302185,0.97959185,1.0,1.0,0.61302185,0.61302185,0.60084635,0.5113485,0.6190171,0.0006575723150129443,0.0005788876359526955,-0.0012504118088000231,0.00048790702556882537,-0.0011908615075701583,0.00060619317774357,-7.583297928799062e-07,0.0024631683774073952,0.003786278000066135,0.0,0.0,0.0,0.0026903340156516453,0.002231292238115223,0.000884576140020896,0.0002075222934735579,0.002454200144480892
0.5801933,0.92959666,0.84858054,0.9748012,0.9411765,0.88,0.8199039,0.04587245,0.008788764,0.97959185,1.0,1.0,0.008788764,0.008788764,0.46513203,0.25245953,0.08276701,-0.009428926829254083,0.0012053112659216132,-0.004561076148783753,-0.005705148906062541,-0.0037210294349962554,-0.0003239363786186496,-0.0004539791152797074,-0.016062371044570214,-0.023249760957942206,0.0,0.0,0.0,-0.018005582720814692,-0.02038760259379294,-0.002077583818366673,0.00011526870432976675,-0.023337002753634088
0.90918756,0.96153843,0.05355682,0.051456552,0.051456552,0.88,0.88,0.3752476,0.3562492,0.97959185,1.0,1.0,0.3562492,0.3562492,0.34513202,0.44579294,0.587767,0.007521351894726653,0.0007394517068079854,0.004053483101848369,0.013400995823391737,0.008957682035049807,-0.0005630958332393432,-0.00042356792716944454,0.0003365600234451602,-0.002167642644716406,0.0,0.0,0.0,0.0013928803623541586,-0.00027280789564511674,-0.00023020776385957213,0.0003043575654843573,0.001798248786015963
0.90918756,0.96153843,0.4147673,0.3985019,0.3985019,0.88,0.88,0.84524775,0.8495196,0.97959185,1.0,1.0,0.8495196,0.8495196,0.7765606,0.6513485,0.8765171,0.00898233726347686,0.0007588933162895231,0.001648324561124692,-0.001160271868440927,0.0019223714855705206,-0.000613311218900053,-7.249073660098602e-05,0.000894341202739274,0.005461845901711945,0.0,0.0,0.0,-0.003093513034165201,0.0006072284599983184,-0.0005709160020956115,-0.00040015280727227683,0.007512069822537281
0.7987194,0.77021545,0.73257124,0.9411765,0.7525831,0.7275613,0.88,0.4746226,0.46014285,0.97959185,1.0,1.0,0.46014285,0.46014285,0.2751319,0.43023735,0.715267,0.002174825684404601,0.0005727240405488599,0.0005572700225300465,-0.0036906337010090607,-0.00200590770822091,0.0006769840947205601,-4.848001890703106e-05,0.000784197887485622,0.0002533794884553389,0.0,0.0,0.0,0.001896535533551795,0.0012814478749382909,-0.0021712545736902182,0.00012014490050743763,0.006853888218492206
0.62633634,0.70699316,0.77527237,0.9411765,0.9411765,0.6555148,0.65968776,0.56024766,0.5470389,0.97959185,1.0,1.0,0.5470389,0.5470389,0.5522749,0.35801518,0.77151716,-0.004309603713403963,0.0004817698770229063,-0.0001463293124184938,-0.0003078995046397304,-0.001653374609258449,0.0009236863960188156,0.0006657778405127254,0.003201229322300276,0.0033079244028493228,0.0,0.0,0.0,0.003881975909650297,0.0030647846331439323,0.001513495535496093,-0.0009216501692061884,0.006443317980751753
0.8766807,0.51472735,0.76677585,0.9411765,0.7539038,0.84093815,0.88,0.7121227,0.7126647,0.97959185,1.0,1.0,0.7126647,0.7126647,0.7194177,0.49579293,0.7215171,0.006374468260292817,-0.00036172068485956164,0.0005108828506852645,0.00023652063417729116,-0.0008420794435651228,5.6716235306711985e-05,-0.0003138383377861771,0.003105649496235186,0.004601128778181414,0.0,0.0,0.0,0.0015443174925653612,0.0016567505220411644,0.001156542193850996,0.00023342473092251848,0.0054405335250728055
0.62075806,0.711315,0.8979432,0.8627297,0.9411765,0.88,0.5438502,0.6452477,0.6381432,0.97959185,1.0,1.0,0.6381432,0.6381432,0.5994178,0.5113485,0.66276705,-0.005500676487046568,0.0008379753750157617,-0.0011418555327386505,0.0005938838083216605,-0.0017035686687120327,1.6456350705802316e-05,0.0005453348115292321,0.003635046464283603,0.004360278601368065,0.0,0.0,0.0,0.0030914646371931866,0.001896146578895192,0.0011119929063835435,0.0003784172244201153,0.003086689750511062
0.47075802,0.37709683,0.86708724,0.9411765,0.9411765,0.8199039,0.35218596,0.47337246,0.45998725,0.97959185,1.0,1.0,0.45998725,0.45998725,0.40227494,0.545793,0.57776713,-0.014474218093385241,-0.002537518348548262,-0.0029559125899570678,-0.00180793912736156,-0.0019361003204029037,0.00011440442619235591,0.0021635146104557012,0.0013444421384411287,0.0002665732305591377,0.0,0.0,0.0,0.002690694067669346,0.002128254748948647,0.00011054485934107899,0.0004242347120386309,0.000621852290822579
0.63405013,0.4684187,0.81438017,0.9411765,0.9924483,0.85529643,0.88,0.28524768,0.25947428,0.97959185,1.0,1.0,0.25947428,0.25947428,0.010846138,0.6624596,0.30276692,-0.005257393499300136,-0.0017048463797892344,-0.0025731690730851505,-0.0031961734161772837,-0.0024714595735674957,-7.040815573175546e-05,-0.0013008821890903395,-0.006633925583758176,-0.010969101701071127,0.0,0.0,0.0,-0.007953018010457932,-0.006743522860162439,-0.01256813220895,0.00020417539615874919,-0.013027011557540815
0.8399728,0.84251547,0.6973918,0.6700431,0.9411765,0.88,0.7562161,0.4483726,0.43486825,0.97959185,1.0,1.0,0.43486825,0.43486825,0.45798922,0.47690403,0.5140171,0.004562194655196309,0.00026610142875381693,0.00038560773133460713,-0.00048825730961514567,-0.005156689009698636,-0.0002629887088680588,0.0007686487630910627,0.0006907363505404917,-0.000630473471379311,0.0,0.0,0.0,0.0017847632413860045,0.0009555635565048137,-0.00016986270800473682,7.236051238674591e-05,-0.0005693447571506888
0.8490637,0.83870864,0.54438007,0.9411765,0.55169994,0.81621236,0.88,0.4014976,0.37890023,0.97959185,1.0,1.0,0.37890023,0.37890023,0.4794178,0.3402374,0.6827671,0.006388096387798984,0.00045761529522738586,0.003495646658893125,-0.004006469497346432,-0.00015519093173574605,-0.00016258190164044215,-0.0005581715147375392,-0.0011680858194044268,-0.0015068549864086242,0.0,0.0,0.0,-0.00032743001337378404,-0.0018100508021741202,0.00037541386275294076,-0.0003279349021058262,0.004439361325390832
0.34803072,0.63417584,0.86505854,0.9748012,0.8960912,0.88,0.88,0.25837278,0.23133057,0.97959185,1.0,1.0,0.23133057,0.23133057,0.5451321,0.18357065,0.30526698,-0.02493179169808836,-0.00015441152134946736,-0.0025538496445668313,-0.004393943671685717,-0.0021001906273687386,-0.00039518150076869597,-0.0009249493528945732,-0.009917547299874683,-0.010188838603802567,0.0,0.0,0.0,-0.008970811619821715,-0.00537957070714316,0.0010807987510050624,-0.0021034855531677564,-0.011284238129787691
0.48439437,0.5570298,0.6954537,0.9411765,0.9411765,0.5797599,0.459311,0.4327476,0.41034704,0.97959185,1.0,1.0,0.41034704,0.41034704,0.5165606,0.4346819,0.4302671,-0.015959029589473893,-0.0013164877538801398,0.0005222325992306674,-0.002799838017230225,-0.0007953744398645214,0.0011230008105881024,0.0036721622785856945,-0.0007287186540668626,-0.0023728751160908912,0.0,0.0,0.0,0.0004271453639853823,-0.00015035167195088346,0.0006907315746056989,0.00022220645538755822,-0.004426062475767136
0.8581546,0.83164656,0.6792302,0.9411765,0.7562844,0.8199039,0.88,0.39087272,0.37544176,0.97959185,1.0,1.0,0.37544176,0.37544176,0.6308464,0.49690405,0.2502669,0.005719536905886399,0.0004807462860645355,0.0008778112184763011,-0.003235765381203189,-0.0007492143574970945,7.029134154944931e-05,-0.0011426921699481513,-0.0012200200332064142,-0.003607613736772787,0.0,0.0,0.0,-0.0007359981820576702,-0.002050353504816408,0.0034720602856397743,0.0002641344846853043,-0.013766331903014337
0.7854274,0.61477107,0.8630545,0.9411765,0.9411765,0.8836999,0.5954815,0.43899775,0.4189014,0.97959185,1.0,1.0,0.4189014,0.4189014,0.45798922,0.40912616,0.6577671,0.0025869071135198457,8.742573286551591e-05,-0.002786616822441188,-0.0012657704969649811,-0.002836027785556183,-0.0002624981659273754,0.000991179388291046,-0.0008360901070785584,-0.0016064551317238733,0.0,0.0,0.0,0.0006702038278204633,0.0005419575585873533,0.00014037145813710725,-0.0003051693272397194,0.003683939529291602
0.47564778,0.68451685,0.73879206,0.9064097,0.9411765,0.88,0.5918975,0.51899755,0.5068122,0.97959185,1.0,1.0,0.5068122,0.5068122,0.5708464,0.50690407,0.6065171,-0.012635186965958167,8.660667786272433e-05,0.000734641941744277,-0.00046681487528269796,-0.0014862657366138743,-0.00025632782462970565,0.001494607687250214,0.0027183683935171855,0.002506086888065011,0.0,0.0,0.0,0.0033598902399459927,0.002513655071634285,0.0016248338037248365,0.00032142311185149014,0.0030117339615863136
0.86690116,0.8076622,0.79137903,0.8543838,0.9411765,0.88,0.6555148,0.53462267,0.52147746,0.97959185,1.0,1.0,0.52147746,0.52147746,0.6565606,0.5502374,0.39151704,0.006551360119595573,0.0004629004251473124,-0.0005880846355276622,-9.185644441576257e-06,-0.0024521260290069767,-0.0004504967106962437,0.001536262608121661,0.002033735306217049,0.0023118060299607084,0.0,0.0,0.0,0.003291086215521242,0.002722702659204978,0.0029721974282447706,0.00019445698311052547,-0.005086784546160101
0.6343944,0.70753133,0.8448125,0.9924483,0.9748012,0.88,0.88,0.5808724,0.56793475,0.97959185,1.0,1.0,0.56793475,0.56793475,0.6508463,0.565793,0.44026697,-0.004051490433595412,0.0005324433100244178,-0.002198292268360882,-0.0001208656237729941,-0.0014936801022453086,-7.743488843235894e-05,-0.00022295722959831725,0.0033461894885669385,0.004366525390686759,0.0,0.0,0.0,0.0041733296396426174,0.002764039014566186,0.0018330750345548514,0.00015435037836212555,-0.003916382669672544
0.49451813,0.3377607,0.68563867,0.9411765,0.9431936,0.6880367,0.88,0.24837255,0.22146636,0.97959185,1.0,1.0,0.22146636,0.22146636,0.28798908,0.29690394,0.5090171,-0.013780827463994887,-0.0018594452667337383,0.0005434700811888177,-0.003473912882871535,-0.0021177282490130074,0.0007260069374736367,-0.0009625363547042066,-0.009251536945937135,-0.011603278882697748,0.0,0.0,0.0,-0.0088247629108498,-0.007587924118741869,-0.00509512947030056,-0.0005779617255959662,-0.0022163000306694423
0.90918756,0.96153843,0.23717982,0.22787865,0.22787865,0.88,0.88,0.5764979,0.5677016,0.97959185,1.0,1.0,0.5677016,0.5677016,0.45798922,0.6435708,0.53401697,0.007295869793021864,0.0018392437043280206,0.0024641191492173874,0.004332118341156713,0.005625360291080767,-0.00042243128525291967,-6.167118808583119e-06,0.0007869454068197903,0.0031346416362644826,0.0,0.0,0.0,0.0025120511721653314,0.00274774589780627,0.0013625719252724274,-0.001239191006872551,0.0007195298529115276
0.90918756,0.96153843,0.18427265,0.17704627,0.17704627,0.88,0.88,0.5158727,0.5016636,0.97959185,1.0,1.0,0.5016636,0.5016636,0.5365606,0.54357076,0.505267,0.009577174119179443,0.001472612716107301,0.0038638029232947214,0.00747134154842152,0.0066914658075959725,-0.0007838673218859796,-0.00023541251349569356,0.001465898439688504,0.0022171506773842275,0.0,0.0,0.0,0.0031762124153602933,0.002801982447126106,0.0012734230088155827,-0.00010126526952408714,-0.0004606666616227675
0.90918756,0.96153843,0.17602117,0.16911837,0.16911837,0.88,0.88,0.60712254,0.6022251,0.97959185,1.0,1.0,0.6022251,0.6022251,0.46656063,0.5013485,0.674017,0.008560594392577727,0.0014908750103976008,0.0021090340173454546,0.0038294719301808023,0.007362971198715482,-0.0003991941748152147,-0.0001140256976710982,0.001233303582688263,0.003785219391402762,0.0,0.0,0.0,0.0026302602881364307,0.003200261885981421,0.0013854503614532515,0.00032990215957928677,0.0037717858889096552
0.72041374,0.43809196,0.8917324,0.9411765,0.9117176,0.7187089,0.88,0.48649764,0.4737838,0.97959185,1.0,1.0,0.4737838,0.4737838,0.6837035,0.46245956,0.410267,-0.0019724239683755686,-0.0029938296263817637,-0.0036657537322276963,-0.002492949907037334,-0.0012725910498335253,0.0005578370485707387,-0.00028628041855573367,0.001348257762805224,0.00035823568994099777,0.0,0.0,0.0,0.002561156199640612,0.002109847434863289,0.0024414335709176237,0.00034237312787935466,-0.005593134300159531
0.66201144,0.71081865,0.7793531,0.9748012,0.73504394,0.88,0.88,0.41274762,0.3953815,0.97959185,1.0,1.0,0.3953815,0.3953815,0.45798922,0.60690415,0.390267,-0.0032102278391841987,0.00019473800888427102,-0.0009812221075034735,-0.0035864359677790147,-0.0010659129618938571,-0.0002474774849996835,-0.000921990780289513,-0.0008567370091067287,-0.0026373407582821894,0.0,0.0,0.0,-0.0006351821631758188,-0.0006571451280832689,-0.0004119471142222293,0.00015817462574679427,-0.0072583303979403095
0.5613228,0.541528,0.8831859,0.9411765,0.9101207,0.6429111,0.88,0.56399775,0.5536888,0.97959185,1.0,1.0,0.5536888,0.5536888,0.6994177,0.3913485,0.6127671,-0.010212202680217202,-0.0011823378383567756,-0.002943631134292373,-1.9608603426476273e-05,-0.0018424023604487073,0.0007818698388418607,-0.000370901742881635,0.002790984265769999,0.0027482695353608978,0.0,0.0,0.0,0.0035088446075735797,0.0025964876628410795,0.001622865723132298,0.00011111891617636718,0.002543334667632624
0.8620114,0.83164656,0.646661,0.9411765,0.9924483,0.8727212,0.88,0.51649773,0.49744782,0.97959185,1.0,1.0,0.49744782,0.49744782,0.7008463,0.32579285,0.6365171,0.00496707559985821,0.00024474708561698054,0.0014416966191884745,-0.00017428816077822643,-0.005331433487931969,-0.0006740579545860728,-3.7235438364574165e-05,0.001474359643910483,0.001344200484995581,0.0,0.0,0.0,0.00325239043242736,0.002236024992247688,0.0017844025208638553,-0.0014713415898717568,0.0026627183803027456
0.67144656,0.24116528,0.74649686,0.71722245,0.9429901,0.88,0.88,0.5158726,0.49979857,0.97959185,1.0,1.0,0.49979857,0.49979857,0.6237035,0.6569041,0.20026708,-0.0027410564495633427,-0.004074062961039165,-0.0013413852767735063,0.0010031774175562032,-0.0019402101423183287,-4.369463876955392e-05,-0.0005625908173221684,0.0018979368916773735,0.0016103903670993474,0.0,0.0,0.0,0.0030466846827619264,0.002658487130371524,0.0024939010287381865,-0.0005450143480923124,-0.01595476765661354
0.61166716,0.5800832,0.8323762,0.96780485,0.9748012,0.88,0.88,0.45212257,0.43066263,0.97959185,1.0,1.0,0.43066263,0.43066263,0.5137035,0.35245958,0.6065171,-0.00760206993596635,-0.00042561523030764455,-0.002318911448489821,-0.001362736952502947,-0.0023880295012224835,-0.0001823784555295199,-0.0007916717756212756,-0.0007841635603809577,-0.001856056472065552,0.0,0.0,0.0,0.0003527022051122358,0.0006904014011621915,0.0006727989988538002,-0.0008136239689162447,0.0018920751126017916
0.39348528,0.5797261,0.83854383,0.9411765,0.88992506,0.49595493,0.88,0.45587254,0.43826488,0.97959185,1.0,1.0,0.43826488,0.43826488,0.35941765,0.5724597,0.4715171,-0.020381529061111268,-0.0009317224572323396,-0.0018151695887267721,-0.0026521579874376412,-0.0006385987893591833,0.0001940502508337256,-0.0007915548541955774,0.00021551253819897573,-0.00047368932076312544,0.0,0.0,0.0,0.0008267647744605412,0.000976948886651587,-0.0014278226458162297,0.0005955161489125873,-0.0029380982536562506
0.871791,0.92629707,0.35167256,0.9411765,0.33788148,0.8433489,0.88,0.6671226,0.65109515,0.97959185,1.0,1.0,0.65109515,0.65109515,0.7279892,0.50023735,0.6827671,0.006817396476278854,-0.0004906282303636582,0.0011285232598932894,-0.0025067720785837545,-0.0012754915415463775,0.0001043379345267759,2.4843554015878677e-05,0.002550546335027001,0.0021887541517057667,0.0,0.0,0.0,0.001860209480896392,0.0027567459228064082,0.0016062031078916445,0.00021861985918187,0.0034551436549720605
0.907466,0.8358398,0.69177276,0.96780485,0.51313287,0.88,0.88,0.74274766,0.7360421,0.97959185,1.0,1.0,0.7360421,0.7360421,0.79084635,0.7969041,0.34901702,0.006692892614636403,0.00040593793635911984,0.0007009250176021431,-0.00027080615967093404,-0.0007074515548320626,-0.00041753198346656216,-2.4925162097542368e-06,0.0017572578496908308,0.004149544211959545,0.0,0.0,0.0,-0.00019939849341513245,0.0023824324906305734,0.0015484322995713406,-0.0001479653863023017,-0.005128214386872168
0.90918756,0.96153843,0.26841754,0.25789136,0.25789136,0.88,0.88,0.6964977,0.69438845,0.97959185,1.0,1.0,0.69438845,0.69438845,0.46370348,0.6535708,0.7415171,0.007716661672017888,0.00154640078089825,0.0008798451031831535,0.000864600733557995,0.005325977798014378,-0.0005428176768115533,4.107250565946237e-06,-0.00016887737523883849,0.004200760175882917,0.0,0.0,0.0,-0.0002680093666497696,0.001909659824893225,0.0017594372753091442,-0.0013976092551911212,0.0044482177904256156
0.90918756,0.96153843,0.12039367,0.11567235,0.11567235,0.88,0.88,0.45899773,0.43937874,0.97959185,1.0,1.0,0.43937874,0.43937874,0.59941775,0.34690413,0.540267,0.0075888883369806745,0.0008020179828176652,0.0015459763183772815,0.01026630687134447,0.007717736560645978,-0.0005295753573877705,-0.0001953544969046188,0.0019623040337558204,0.0004029896760393693,0.0,0.0,0.0,0.003776308601529321,0.0018656244069758365,0.0013215743756621683,0.0007998033364967501,-0.0004399089010941126
0.71690124,0.90375376,0.89777565,0.9101207,0.9064392,0.88,0.88,0.35087252,0.32573906,0.97959185,1.0,1.0,0.32573906,0.32573906,0.38513198,0.40134853,0.59526706,-0.0009663453853859122,0.0008911730526005242,-0.002975830027583873,-0.0033559188669491464,-0.0030892176417273674,-0.0001738996007964698,-0.0006935779372375528,-0.0033353839615015866,-0.006078002661019455,0.0,0.0,0.0,-0.003677381944470412,-0.0030060939679191724,-0.0021473500671689762,0.00010140038823583065,0.002522762485105044
0.9084989,0.62554735,0.75243723,0.8256855,0.77136415,0.88,0.88,0.80024755,0.79130733,0.97959185,1.0,1.0,0.79130733,0.79130733,0.6065606,0.72468185,0.75901717,0.006536788667956433,-0.00013023017298744325,0.0008574609544343872,0.0009289402666022691,-0.0012005348138805745,-9.473753212065559e-05,-0.00014931231161420733,0.0032717068067156323,0.005549647553299506,0.0,0.0,0.0,-0.0003373183369957408,0.0005559453137476709,0.0008531444799809697,-4.732828787400247e-05,0.0059729562976512576
0.7392842,0.32976452,0.89591026,0.9411765,0.9117176,0.74491245,0.88,0.31899762,0.29513758,0.97959185,1.0,1.0,0.29513758,0.29513758,0.4165606,0.38912624,0.390267,-0.00032048698478650883,-0.002600457024216481,-0.004924911473142504,-0.0031075965364792298,-0.0023537342358819456,0.0004182532344680897,-0.000813619596231389,-0.004984841467104841,-0.008495521083109669,0.0,0.0,0.0,-0.004875095124666023,-0.005293121349916983,-0.002013422154342653,0.00013412345404139716,-0.008361625264198763
0.9036091,0.5141899,0.8173564,0.9411765,0.9290669,0.77157223,0.88,0.59462273,0.5883361,0.97959185,1.0,1.0,0.5883361,0.5883361,0.80513203,0.5546818,0.36651707,0.008352200452253562,-0.0011843594918025358,-0.0020922148139615126,4.723996907397069e-06,-0.0016618547121727335,0.0004407526761092053,-0.0005452856039502927,0.0022158618334303035,0.004283376802253506,0.0,0.0,0.0,0.003221637139594437,0.0030942433763353093,0.003247164771239573,-0.0001687444436927457,-0.006631670651760505
0.6165569,0.7293675,0.8404648,0.9429901,0.9064097,0.88,0.88,0.74399745,0.73901695,0.97959185,1.0,1.0,0.73901695,0.73901695,0.6365606,0.7557929,0.5340171,-0.005656502968916327,0.0009474301590890015,-0.0005468623156493814,0.00129215452776198,-0.0006998014512436733,-8.575486255439159e-05,-0.00029172678790077193,0.004155456699225939,0.0072420619835055,0.0,0.0,0.0,0.002808105170902662,0.0012562897407678365,0.0007153087530900166,0.00047253144295480434,0.0007276705882309117
0.8941739,0.84251547,0.9596623,0.9924483,0.9411765,0.88,0.84678054,0.5246227,0.5044974,0.97959185,1.0,1.0,0.5044974,0.5044974,0.4094177,0.53468186,0.6265171,0.007750254007014432,0.0008015312917824426,-0.0037337752206066917,-0.0006999874456622185,-0.003632576670281744,-0.0003349254946891113,1.0204823189935448e-05,0.002554496728453335,0.002824874840179136,0.0,0.0,0.0,0.003744984981882475,0.0027987938061572386,-0.00015092690031566996,-3.718196355954365e-05,0.004019524520171832
0.28577167,0.47998667,0.6998158,0.9411765,0.9431936,0.5918957,0.88,0.12899756,0.09486477,0.97959185,1.0,1.0,0.09486477,0.09486477,0.0008461816,0.38468182,0.5065172,-0.025161192692882906,-0.0013869909102328804,0.00033260516594550157,-0.004321957262446888,-0.0028272819212271155,0.0004938234475483599,-0.0007547416906298422,-0.010635463232482037,-0.01705024596858403,0.0,0.0,0.0,-0.013165385544950932,-0.010713446286351793,-0.011321034474269869,0.0002285198117683492,-0.0015138016401464083
0.45746598,0.62329686,0.65683836,0.9411765,0.7589421,0.52822876,0.88,0.22524738,0.19681782,0.97959185,1.0,1.0,0.19681782,0.19681782,0.22656046,0.16801517,0.6115171,-0.01656004387716763,-0.00047389151248802976,0.0015002737439169353,-0.004849489450537467,-0.001285837102987651,0.002975413788655825,-0.0006579770216050267,-0.008474617688555647,-0.011761432259386187,0.0,0.0,0.0,-0.009610470908778913,-0.010209190788530928,-0.005067518310429006,0.0005066700830228274,0.0025209855103675667
0.7200693,0.5615592,0.9860085,0.965827,0.9486862,0.88,0.88,0.8483726,0.8345611,0.97959185,1.0,1.0,0.8345611,0.8345611,0.7665606,0.67245966,0.8177671,-0.00048434658777655846,-0.00023873542983648467,-0.0008134194323915858,0.0020073668685524995,-0.0015890553826606037,7.823636499419781e-06,-2.1192822434238974e-05,0.003728194392230676,0.005617500642609491,0.0,0.0,0.0,-0.001270726174877507,-0.0016147281380994867,-0.0006967512465204864,0.0006967806981433561,0.008036332758796146
0.69837505,0.71081865,0.7098158,0.6819799,0.9411765,0.88,0.563346,0.3014977,0.2790519,0.97959185,1.0,1.0,0.2790519,0.2790519,0.37513202,0.42912632,0.421517,-0.002093150097140774,0.00010839678217608537,0.0006286499492233372,0.0010252221669133357,-0.0034508586527564676,-0.0003346014917755594,0.0032551145856851036,-0.005322300293901182,-0.00923551184279146,0.0,0.0,0.0,-0.004511086427073171,-0.005169276677854268,-0.0034719740802897914,0.00024069529079748662,-0.005597026530739315
0.90918756,0.96153843,0.21466763,0.2062493,0.2062493,0.88,0.88,0.57587254,0.56020474,0.97959185,1.0,1.0,0.56020474,0.56020474,0.5837035,0.3624596,0.76776713,0.007967575683862147,0.0007876367443367041,0.0025488122159670647,0.0038437886716117375,0.007419630858981437,-0.0006158127199617871,-9.366667997608938e-06,0.0012646777685644845,0.0026575488425933584,0.0,0.0,0.0,0.0026423750174446943,0.002645130135745727,0.0009322049298231514,0.0009802613444915462,0.005736649744229865
0.74486256,0.43801826,0.55409616,0.9411765,0.53236693,0.33553898,0.88,0.5789976,0.5681867,0.97959185,1.0,1.0,0.5681867,0.5681867,0.40227494,0.6413485,0.617767,0.0006640958906037731,-0.003617785224104566,0.0028871469734353373,-0.002195115740810044,-0.0021271961755394368,0.00027799351906269965,-0.00037032367726444265,0.0030316929797225317,0.0034329235531430735,0.0,0.0,0.0,0.0034998054974230857,0.0036589856049148556,-0.00024963019157487807,-0.001359441931058468,0.0031521892506998317
0.8529205,0.7912795,0.31762162,0.9411765,0.30516586,0.7029307,0.88,0.43899775,0.4177746,0.97959185,1.0,1.0,0.4177746,0.4177746,0.74084634,0.49468178,0.25026703,0.007211164711172584,0.0005292688693553872,0.005821751569146032,-0.004103772811295725,-0.0011822132260706055,0.0009812364364853781,-0.0010128876355348765,0.000580632312236976,-6.653961485955813e-05,0.0,0.0,0.0,0.0018767180120769864,0.0006404326310423179,0.005020439835326243,0.00017988254154636564,-0.012439770995277537
0.42041373,0.37635976,0.86774987,0.9411765,0.9411765,0.27141416,0.6880367,0.36587262,0.34987485,0.97959185,1.0,1.0,0.34987485,0.34987485,0.34513202,0.6546819,0.27276695,-0.019532858534141287,-0.00445846567517048,-0.0036712740029758396,-0.0035912304555883036,-0.0009387215982333692,0.0005442843778795742,0.0019413970256846385,-0.0017805845502734939,-0.00469860078477265,0.0,0.0,0.0,-0.001135028030768894,-0.0023157860741626845,-0.002654244728373608,-0.0005508425226914944,-0.013003327001619065
0.56166714,0.8299092,0.8227688,0.9411765,0.9924483,0.8836999,0.88,0.38399744,0.36107838,0.97959185,1.0,1.0,0.36107838,0.36107838,0.7008463,0.38023737,0.36776698,-0.010163116172489866,0.0002706818943014987,-0.0019553253489068205,-0.0029963848721401842,-0.0031462059473653403,-0.00037354195552384496,-0.0008777614308188086,-0.0029607205921672614,-0.0044563334861007055,0.0,0.0,0.0,-0.002050716337597765,-0.0009371549991553439,0.0033073417969673126,-0.00026986511165250635,-0.007733831427217922
0.8441739,0.7959572,0.78466576,0.75389457,0.9411765,0.88,0.7655684,0.7596226,0.7466303,0.97959185,1.0,1.0,0.7466303,0.7466303,0.8579892,0.45912626,0.7877671,0.00530656472594561,0.00019570772274264008,0.00039565315854565944,-4.0448957300386405e-05,-0.0015505276886384708,-0.0004575367320899866,0.0005039813747718826,0.0037180064508801876,0.004519831575155512,0.0,0.0,0.0,0.00026460540391197803,8.861399495271638e-05,-0.0002506677715683213,-0.00012903278590619782,0.006431158063356621
0.22916016,0.40706044,0.9608923,0.9411765,0.9117176,0.94859445,0.88,0.5452479,0.53879577,0.97959185,1.0,1.0,0.53879577,0.53879577,0.58370346,0.5880152,0.390267,-0.032255611846141875,-0.0036019493638186377,-0.004626566036412374,-0.0022999275414491696,-0.0003828715535797449,0.0002947389862166496,-0.0009454012428575602,0.0027743149951100572,0.0027208467833964183,0.0,0.0,0.0,0.00349560614639641,0.0025250766412680836,0.0012147423601453714,0.0006101083375085072,-0.0066152487085431
0.9032648,0.7495128,0.6878591,0.9411765,0.86824393,0.78728664,0.88,0.60399747,0.5958676,0.97959185,1.0,1.0,0.5958676,0.5958676,0.6237035,0.5502374,0.577767,0.008311067448721206,0.0008571056673257787,0.0012338540991468814,-0.00016302010545506376,-0.0011030173157019964,0.0003407114702530929,-5.339997701787582e-05,0.0027564311133233114,0.004105951641686668,0.0,0.0,0.0,0.0033898366010005833,0.0029871580925551378,0.0017593599367387916,0.00017858930565961052,0.001313338048296062
0.8899728,0.97363144,0.5833627,0.9748012,0.54732764,0.88,0.88,0.90087247,0.90589464,0.97959185,1.0,1.0,0.90589464,0.90589464,0.89370346,0.55579305,0.8352671,0.008065271751568527,6.152328731222456e-05,0.0012134645672211963,0.0008991536964936622,-0.0006712921068022799,-0.0003665391574764798,-9.471450442853922e-05,0.004100448785599363,0.004521716052886197,0.0,0.0,0.0,-0.0029111977182393394,-0.0018973243434747362,-0.001102480587166457,0.0006377658533220666,0.0074133348543165365
0.5801932,0.23106356,0.6018257,0.9411765,0.5782247,0.1203061,0.88,0.48212266,0.46126226,0.97959185,1.0,1.0,0.46126226,0.46126226,0.6237035,0.47690412,0.47901702,-0.009885139024858863,-0.007991044302452977,0.002386397928902101,-0.0034591624691418543,-0.0007507663785772192,-2.397672120218377e-05,-0.0004608376320770685,0.0007299864323143146,-0.000322609197989903,0.0,0.0,0.0,0.0019041683117540726,0.0008552738003076833,0.001941087276529369,0.0005718110950736351,-0.002933133250772546
0.5539534,0.4265472,0.6649133,0.9411765,0.74694926,0.6917444,0.88,0.41899753,0.40236044,0.97959185,1.0,1.0,0.40236044,0.40236044,0.37656063,0.40801513,0.5977671,-0.011250302019945953,-0.001818527173372162,0.0007079130620296936,-0.0030353502156838475,-0.0005054904477874668,0.0005120796607161658,-0.00044262734085224434,-0.0013607603878457808,-0.0021500113104905546,0.0,0.0,0.0,-0.00035730332598279415,-0.0003079658073630237,-0.0016302229678837612,3.184908331575453e-05,0.002363505551372054
0.7532649,0.68790275,0.5523061,0.9748012,0.9411765,0.88,0.65550095,0.45149755,0.43708715,0.97959185,1.0,1.0,0.43708715,0.43708715,0.22513199,0.6724596,0.421517,0.00040253020785060376,0.00029214859431748666,0.0030370012081501235,-0.002835719397922838,-0.0020592681133216207,-0.00017982368808302208,0.0021411678332525176,-0.00015109593072271444,-0.0013057629234561397,0.0,0.0,0.0,0.0008677863729147624,0.0005517493132232731,-0.005705009625978632,-8.749574516079373e-05,-0.004819205562346159
0.8130443,0.63699573,0.54797274,0.5264836,0.9411765,0.88,0.5424756,0.7208725,0.7217186,0.97959185,1.0,1.0,0.7217186,0.7217186,0.61370355,0.63801515,0.7665171,0.0027812774154079524,4.35791245484408e-05,0.0012655393283487568,-0.001639487965533614,-0.0017494377777348385,-1.8426333571297872e-05,0.0013521564011258135,0.0023007272351617306,0.0039230774159118974,0.0,0.0,0.0,-0.0011132814403763376,-0.0009778928218974066,0.00043141506368299496,0.0002607217781534528,0.004386275403772658
0.32984892,0.5609745,0.7831975,0.9429901,0.9411765,0.88,0.43474582,0.38649738,0.3672658,0.97959185,1.0,1.0,0.3672658,0.3672658,0.46513203,0.45579284,0.36651707,-0.02311715706460401,-0.00020351990093419388,-0.0014480039274714493,-0.0030238247747154355,-0.00105502164269661,-0.00023839418973265136,0.004147452325876783,-0.003182970288221378,-0.0037904378348414276,0.0,0.0,0.0,-0.0017122494259527116,-0.00039969664478048546,9.293330138642073e-05,0.00011113765716844576,-0.007588233987471372
0.90918756,0.96153843,0.24329811,0.233757,0.233757,0.88,0.88,0.62899756,0.6253477,0.97959185,1.0,1.0,0.6253477,0.6253477,0.6237035,0.495793,0.55776703,0.00764956943851136,0.001265255212759301,0.00222681870966851,0.0027911017439972985,0.00580075082891168,-0.0005284137149579139,7.39415262466141e-06,0.0008111385409952834,0.0033766601033280363,0.0,0.0,0.0,0.0017417476333819223,0.00265252419924037,0.0006904162060302867,0.0004679020278617793,0.0006017236074268814
0.87110233,0.73472476,0.88146186,0.9429901,0.9101207,0.88,0.88,0.76837265,0.7678209,0.97959185,1.0,1.0,0.7678209,0.7678209,0.6565606,0.56912637,0.8352671,0.005599999072479474,0.00046772288570620364,-0.00011683340395381141,0.0009955577252155436,-0.0013874378341119215,-0.00017718809922481649,-5.355511992517487e-05,0.0035063490424826083,0.004341660020050078,0.0,0.0,0.0,-3.656848878059876e-05,0.0002253357958118174,0.0002782432136113461,0.0005888485450929227,0.007139551877748961
0.90918756,0.96153843,0.24532221,0.23570174,0.23570174,0.88,0.88,0.5896226,0.5826727,0.97959185,1.0,1.0,0.5826727,0.5826727,0.5622749,0.7769041,0.31901705,0.008967651103697925,0.0020397471108307644,0.004339134331374431,0.004317517365183137,0.005567757209412498,-0.0003265896012530752,-0.0004552532392585205,0.0012671314230704106,0.0041016436988853084,0.0,0.0,0.0,0.0031458017137058884,0.0032843557139307132,0.0013934668857038999,-0.00342131972988724,-0.006209470654295641
0.40746596,0.5340755,0.63256645,0.9924483,0.9411765,0.88,0.8199039,0.46274745,0.44751757,0.97959185,1.0,1.0,0.44751757,0.44751757,0.3508463,0.616904,0.457767,-0.019164519524484357,-0.0007179292204261631,0.0017689316256894586,-0.0037103284874681823,-0.0005385044882701986,1.9035886115946997e-06,0.00017688829335877964,0.00013899508585792954,-0.0003929286885050945,0.0,0.0,0.0,0.0009417569499442402,0.0011156610719059352,-0.0013081979610795908,0.0005719303826021035,-0.003664217252985695
0.2253035,0.49922317,0.8780735,0.84363925,0.9748012,0.88,0.88,0.16962266,0.13698871,0.97959185,1.0,1.0,0.13698871,0.13698871,0.4865606,0.32023737,0.13276696,-0.03042587146622886,-0.0006194893345185243,-0.004066089049057135,-0.0023845237578793456,-0.002935282277494864,-0.00021286936753421294,-0.0010038415810220342,-0.012465682606938375,-0.016758812649692832,0.0,0.0,0.0,-0.013626102890262622,-0.009909423241126375,-0.0003964923580694753,-0.0006281355221008163,-0.02210157763340247
0.4476864,0.35240123,0.6870376,0.660095,0.9411765,0.88,0.16330417,0.36399746,0.34739465,0.97959185,1.0,1.0,0.34739465,0.34739465,0.22513199,0.5391263,0.50151706,-0.015826601271334558,-0.0016692461823557445,0.0004894888234519055,0.0006866332725401999,-0.002742522835976961,-0.00026965475769247254,0.004424372029446233,-0.003185439514494209,-0.004634094612991973,0.0,0.0,0.0,-0.0008164983980117112,-3.136355325037761e-05,-0.00414848379042219,0.00033241300182177905,-0.001378430159788741
0.90918756,0.96153843,0.2744288,0.2636669,0.2636669,0.88,0.88,0.6152476,0.6085518,0.97959185,1.0,1.0,0.6085518,0.6085518,0.20941775,0.75134856,0.7352671,0.008115543936995807,0.002522444725035312,0.0013969718527428636,0.00329135847763355,0.0050621643262615135,-0.00021856510344414937,0.00020097819272962635,0.0005596526010620557,0.0042947755836951875,0.0,0.0,0.0,0.002195396614723239,0.003155957508227161,0.0018851810452730944,-0.0032622932117988205,0.005048908957964985
0.8756478,0.8933999,0.89373434,0.9748012,0.8606041,0.88,0.88,0.44524753,0.4299667,0.97959185,1.0,1.0,0.4299667,0.4299667,0.6794177,0.34468186,0.556517,0.00740579803636001,0.0008375392755857154,-0.0031264819662159284,-0.0010957584894276378,-0.002141995562279643,-0.0006556713499141969,-0.0004775273653972438,4.6525866620942704e-05,-0.000783443857752067,0.0,0.0,0.0,0.001740570750068732,0.0011408732678691532,0.003256867786539172,-0.0006305835017697648,0.0004214440342231551
0.90918756,0.96153843,0.31543761,0.3030675,0.3030675,0.88,0.88,0.6564977,0.6485952,0.97959185,1.0,1.0,0.6485952,0.6485952,0.45370346,0.5702374,0.8090171,0.008796901053480051,0.0015494337227767508,0.0011993929842462761,0.0016860921279958688,0.004792267166725923,-0.0007207364281298216,-7.22408841962595e-06,0.00031674665358413784,0.003308397388501482,0.0,0.0,0.0,0.0007046357749006399,0.001973321520168372,0.001185050923856658,-0.0003131067858343184,0.005996052898777669
0.74417394,0.73431915,0.5219268,0.9924483,0.9411765,0.88,0.5598652,0.31462264,0.28982306,0.97959185,1.0,1.0,0.28982306,0.28982306,0.5508464,0.45690408,0.12401712,0.0013988064438937974,0.0007172415176506733,0.005129348168628998,-0.0037988232676364453,-0.002283710923390469,-0.00039952101858677693,0.003992584540264185,-0.005076540143902395,-0.007232871977516848,0.0,0.0,0.0,-0.003646983118517749,-0.00529974763981322,0.0017264740988957058,0.00018963796176739306,-0.018501699194630253
0.6983751,0.6112719,0.9025306,0.86713725,0.9411765,0.88,0.5157228,0.37212265,0.34771848,0.97959185,1.0,1.0,0.34771848,0.34771848,0.71941775,0.35801518,0.352767,-0.0025044250468709475,-0.00013775725988478133,-0.005559466095060747,-0.0017221795284189177,-0.0032519592110368495,-0.0003109367155520542,0.0031446027961648513,-0.0028708570825928324,-0.004798772940704354,0.0,0.0,0.0,-0.001193575550679894,-0.0011306559189513362,0.004922846772912095,-0.00021251422236088363,-0.006930655218354929
0.69803077,0.7220837,0.8343974,0.9411765,0.9924483,0.85529643,0.88,0.28274763,0.25799882,0.97959185,1.0,1.0,0.25799882,0.25799882,0.057988983,0.44357067,0.6565171,-0.001437725447171283,0.000273621545328658,-0.0016837159476871847,-0.0030904245095253317,-0.003425024467229032,-4.249981530117021e-05,-0.0005582553553345225,-0.006152575966112619,-0.010747767872306191,0.0,0.0,0.0,-0.007043118068505965,-0.0057611312736474095,-0.009643166334220481,0.0002650445436957679,0.005024465391056974
0.7480308,0.6482421,0.9455586,0.9748012,0.91916525,0.88,0.88,0.57649755,0.5635554,0.97959185,1.0,1.0,0.5635554,0.5635554,0.64227486,0.47801515,0.6802671,0.0008931098455244946,9.500916215667333e-05,-0.004085163493045249,0.0006741553378835434,-0.001935760999128471,-0.00017023108858265926,-0.0002957153499826758,0.0026911243660183875,0.003076576239554679,0.0,0.0,0.0,0.0032276377512456948,0.002421937600862174,0.0017679945973687846,-9.46090213409194e-05,0.0042255272200402115
0.90918756,0.96153843,0.34467643,0.3311597,0.3311597,0.88,0.88,0.72212267,0.71540797,0.97959185,1.0,1.0,0.71540797,0.71540797,0.67084634,0.47468185,0.82901704,0.008695687358206961,0.0010872412442998174,0.0012435604428285816,0.0011886920099312614,0.0047490019209264975,-0.000802322674479875,-0.00015347807278501084,-0.000255841722160815,0.00382866060214865,0.0,0.0,0.0,-0.0008053133730631041,0.0014276328612855258,-0.000302820230519568,0.0006130786096681378,0.0064745696267123985
0.81621253,0.7757992,0.6791335,0.9411765,0.9924483,0.6642146,0.88,0.7358726,0.7278985,0.97959185,1.0,1.0,0.7278985,0.7278985,0.6337034,0.475793,0.8877671,0.002048010392569638,0.00023300608595916333,0.0013741950758473982,0.0014307126153289256,-0.002097416711637092,0.0015094918401186755,-7.262453590620883e-05,0.0032627351461616706,0.0033302232092572524,0.0,0.0,0.0,0.0002981187661519523,0.0004264755928316847,0.0005896102006666067,0.0003325012320683243,0.007409118906931341
0.84768635,0.4889792,0.83070123,0.9117176,0.7843903,0.88,0.88,0.4589976,0.44351807,0.97959185,1.0,1.0,0.44351807,0.44351807,0.4922749,0.5335707,0.52776706,0.004887376088519737,-0.0015968228062479177,-0.0026878944716864006,-0.000811655654877091,-0.000837471323436333,-0.00026738054983378305,-0.0006811138762202566,0.000996322514373288,-0.0009204533081123368,0.0,0.0,0.0,0.0016346029927551495,0.0011340224052184627,0.0004786139682158918,0.0003034432271845771,-0.0009966744715405801
0.90918756,0.96153843,0.26570094,0.2552813,0.2552813,0.88,0.88,0.59212244,0.5760184,0.97959185,1.0,1.0,0.5760184,0.5760184,0.8379892,0.2835707,0.6190171,0.00895223592745241,0.00045373484228842273,0.003905400083514439,0.003765057148212845,0.005658731523044898,-0.0007790494496635234,-0.0001255490130067857,0.001947896454003303,0.0030973337445788685,0.0,0.0,0.0,0.0030338097441242455,0.0028977956711452235,0.0009572129555645725,0.0011935169661053346,0.0021331449159248373
0.38053757,0.59224397,0.8650587,0.9411765,0.9411765,0.8199039,0.88044995,0.30712247,0.28381428,0.97959185,1.0,1.0,0.28381428,0.28381428,0.34513202,0.31357077,0.60026705,-0.021037822039409706,-0.0004089837120302075,-0.0021312600745428674,-0.003372442975015435,-0.002294338238945467,9.536083190842405e-05,-0.0005959793523977036,-0.006326201961422957,-0.00791183318526087,0.0,0.0,0.0,-0.005264465931271913,-0.002673243505208532,-0.0014456528556788788,-0.0006865365687929616,0.0018802457745386756
0.90918756,0.96153843,0.05567671,0.05349331,0.05349331,0.88,0.88,0.29212248,0.2624914,0.97959185,1.0,1.0,0.2624914,0.2624914,0.45084634,0.21579286,0.5877671,0.00924998941375508,0.000485644881626466,0.00433827767501617,0.01534864076110494,0.011003483634851452,-0.0007423197923241907,-0.00047606143578875557,-0.0007989565758921572,-0.005287563110684401,0.0,0.0,0.0,-0.0008183279613202983,-0.003358433857117129,0.0003780868882694254,0.0002559457317426778,0.0013999857065055124
0.69803077,0.77832747,0.80078775,0.9411765,0.9411765,0.6894606,0.63252807,0.86274767,0.85813546,0.97959185,1.0,1.0,0.85813546,0.85813546,0.8079892,0.65912634,0.7177671,-0.0013497266351763315,0.0004800954910663208,0.0004928840723963823,0.001951097398636219,-0.0012202788719098434,0.000507581778805463,0.0010397158254911005,0.004309241192783472,0.005731220490766172,0.0,0.0,0.0,-0.0027335549804545518,-0.002908503724638172,-0.0012813261741495665,0.0008334506639649435,0.004456508100744795
0.42564777,0.7456876,0.69941014,0.9411765,0.9411765,0.65551513,0.65551513,0.29962254,0.27367872,0.97959185,1.0,1.0,0.27367872,0.27367872,0.24084623,0.4580151,0.410267,-0.0177459042344624,0.0002692269496831947,5.822728319194674e-06,-0.004042332033128025,-0.002393976258595974,0.0009321317528385359,0.0023493216800401034,-0.006747734902740874,-0.008577172298957707,0.0,0.0,0.0,-0.006069681275602168,-0.005301429571418488,-0.006206642602021426,6.700559687820009e-05,-0.006046975807515163
0.7480308,0.6537348,0.9144166,0.9411765,0.8645021,0.7562161,0.88,0.14462256,0.11174351,0.97959185,1.0,1.0,0.11174351,0.11174351,0.42941776,0.32134852,0.2427671,0.0012362849381660707,-0.0001394903769776603,-0.005503964252310283,-0.004967829026281731,-0.0025102557463520824,0.0006552918431067642,-0.0013392299152518875,-0.011919735280239804,-0.01688717958907182,0.0,0.0,0.0,-0.012521110089721761,-0.01546067800836774,-0.0021255312329997696,0.00031815693552280126,-0.015566933866666615
0.81166714,0.86100686,0.9322891,0.9411765,0.9117176,0.8836999,0.88,0.59274757,0.58527017,0.97959185,1.0,1.0,0.58527017,0.58527017,0.6237035,0.6924597,0.48151696,0.005280985167780267,0.001812798737695772,-0.0021440273512942664,2.5591004074893065e-05,-0.001679583452908813,-0.00010861116204646328,-0.0006734682536063603,0.0029295737743384527,0.004968678590600012,0.0,0.0,0.0,0.004069211847002006,0.0032830085872032227,0.002072458458519152,-0.0003564420365516855,-0.0023895396282039654
0.7711023,0.6268566,0.87725246,0.87407136,0.9748012,0.88,0.88,0.3802476,0.35587752,0.97959185,1.0,1.0,0.35587752,0.35587752,0.6794177,0.26023737,0.56401694,0.0015557635543314997,2.992095614583537e-06,-0.003653766841189169,-0.0015202944515436629,-0.004127634767200894,-0.0002494136849891924,-0.0007983553602268309,-0.003220687050017117,-0.00469049670775896,0.0,0.0,0.0,-0.0016360276618410086,-0.0008009509540135376,0.0032865541075843972,-0.0015157529378766255,0.000751223391247218
0.002231799,0.032887682,0.7856696,0.75485903,0.9064097,0.88,0.88,0.40337265,0.38402635,0.97959185,1.0,1.0,0.38402635,0.38402635,0.3794177,0.43912622,0.55776703,-0.04557500865714207,-0.006219729773388348,-0.001186457449705203,0.0006592940683438864,-0.0010925774234985313,0.0002687152076839147,-0.001067908512962469,-0.001668888519466397,-0.003282392208452177,0.0,0.0,0.0,-4.641590708530183e-05,0.0011852299054535493,-0.0001976011651041822,0.0003493008455699867,0.0002472363407898065
0.90918756,0.96153843,0.09872968,0.09485793,0.09485793,0.88,0.88,0.35774767,0.33569652,0.97959185,1.0,1.0,0.33569652,0.33569652,0.16227476,0.47690403,0.571517,0.006843738786869219,0.0008822196686491015,0.006613833349777662,0.01386320299866957,0.01142231310432094,-0.0009051957010235345,-0.0008079249932546654,0.0004419290941975885,-0.004905698173679139,0.0,0.0,0.0,0.0002418848594169462,-0.003071748878924846,-0.005525551522680235,0.00039288250171466753,0.0012127724722244024
0.87110233,0.7592733,0.6429528,0.9411765,0.61773896,0.6696442,0.88,0.9371226,0.9516841,0.97959185,1.0,1.0,0.9516841,0.9516841,0.7679892,0.8669041,0.68276715,0.004946661229266746,0.00037706315779581766,0.0009114358851710904,0.0022378472325323235,-0.0007098508017210596,0.0007290221261540468,-0.00016941622264859396,0.0017838072486474133,0.004308536082779139,0.0,0.0,0.0,-0.007279247274048244,-0.0032038701890990014,-0.00029009912556481174,-0.0007986431017182948,0.0029566376377680803
0.90918756,0.96153843,0.09012547,0.08659114,0.08659114,0.88,0.88,0.47524762,0.459463,0.97959185,1.0,1.0,0.459463,0.459463,0.40227494,0.5113485,0.62026703,0.007413949427772392,0.0014137732082320704,0.0019631606817261935,0.009913598789268823,0.008005469361857118,-0.0003516354986992441,-0.00021213767325202023,0.0019930729456522607,0.0005913853828757431,0.0,0.0,0.0,0.003398805507419693,0.0022442410522978194,0.0010903853539644625,0.0002980754075657816,0.002891349699040252
0.81235576,0.7456876,0.87807,0.84363586,0.82958764,0.88,0.88,0.32087255,0.29784286,0.97959185,1.0,1.0,0.29784286,0.29784286,0.42941776,0.38912624,0.446517,0.004189787094742596,0.0005789016630797888,-0.0033244485879259794,-0.002629659397126276,-0.0029073197549757696,-0.00042311402587395146,-0.000958828634281302,-0.003985704707139022,-0.007732900100571062,0.0,0.0,0.0,-0.004232963461547869,-0.0049587583556674605,-0.0012101808874153519,0.000470871857372855,-0.004557722779042772
0.7263364,0.3450708,0.7073553,0.67961586,0.9220285,0.88,0.88,0.54337287,0.52411956,0.97959185,1.0,1.0,0.52411956,0.52411956,0.85370344,0.41912618,0.4665171,-0.0002266002414357743,-0.0023603421219432984,0.00044332408265606443,0.00036655193019107635,-0.0022210847098153735,-0.0003056667205655092,-0.0007660865675114937,0.002064408780107336,0.0022004513751913606,0.0,0.0,0.0,0.003001795788831829,0.0024503484819119927,0.0026967228584208604,6.565487233402205e-05,-0.002688971146525043
0.7256478,0.6539967,0.6504835,0.9117176,0.9411765,0.88,0.6441142,0.5271226,0.51688653,0.97959185,1.0,1.0,0.51688653,0.51688653,0.34513187,0.6180152,0.6127671,-0.0007267449883580684,0.00016519300586388897,0.0016356170077902765,-0.00039552415336446427,-0.0018639168482412023,-0.00021059868341589968,0.0007901989284826676,0.0017400592780500701,0.002078621952606299,0.0,0.0,0.0,0.0031609420010608514,0.002503617271236618,-0.000628279588958893,0.00014608106012382345,0.0020438468491827664
0.8022318,0.84556156,0.84467214,0.81154776,0.9411765,0.88,0.71167624,0.6827475,0.6738351,0.97959185,1.0,1.0,0.6738351,0.6738351,0.65084636,0.7191263,0.4715171,0.003932045651685042,0.0006725802921171548,-0.00013895414450180267,0.0011268160855932945,-0.0007711134548226364,-0.0001565324621403917,0.0008545928378707454,0.002880256311015112,0.0051278046401413546,0.0,0.0,0.0,0.002811869907087915,0.001913612661605657,0.0010512167028164379,0.0006309995988590359,-0.002231160192518192
0.5672455,0.57556975,0.6450123,0.9411765,0.9924483,0.8727212,0.88,0.6671226,0.6594652,0.97959185,1.0,1.0,0.6594652,0.6594652,0.64370346,0.41134846,0.8127671,-0.0075620980531324175,0.00019654929110678572,0.0020787810871594264,0.0006700107340486142,-0.0020323799418306017,-8.019075223044798e-05,-0.0001212133775574565,0.0038566596339104243,0.0042607341154111515,0.0,0.0,0.0,0.002736774175348649,0.0014589930830742554,0.0007911630780235007,-0.0005261178485926004,0.007225482670864088
0.7305376,0.80349267,0.7572927,0.9411765,0.62120265,0.752257,0.88,0.4739976,0.46189263,0.97959185,1.0,1.0,0.46189263,0.46189263,0.4922749,0.5146818,0.47151697,0.0006009168645118984,0.0006885312523153042,0.00016614578269106002,-0.0029204780299786916,-0.0005743100883071018,0.00033416203006194397,-0.0007555415515547806,0.0018953900098918413,0.0008809949265108977,0.0,0.0,0.0,0.0024150811166197216,0.001651794098264058,0.0012638724049858726,0.00044807814399851106,-0.0032273346826026993
0.90918756,0.96153843,0.106661834,0.10247902,0.10247902,0.88,0.88,0.4227475,0.4067731,0.97959185,1.0,1.0,0.4067731,0.4067731,0.51370347,0.41134855,0.446517,0.010554774549555224,0.0014750325155409075,0.003184265580949859,0.013718103940307171,0.007226410051973592,-0.000636336489255858,-0.0008265871365565347,0.0018776973800685725,-0.0004757033841269742,0.0,0.0,0.0,0.0026588094797466775,0.000966388538047907,0.0013842699320032788,0.0009312752620599153,-0.0028191318329805104
0.7109785,0.23118232,0.795681,0.7644778,0.9411765,0.88,0.21082276,0.5527476,0.5395642,0.97959185,1.0,1.0,0.5395642,0.5395642,0.4865606,0.41134855,0.6865171,-0.00022592957816445326,-0.0035329125188739495,-0.0008023213885895164,0.00018430490942861536,-0.00018453873739161694,0.00012364357192158441,-0.0019424950875677285,0.0021933865284781274,0.002466386614807387,0.0,0.0,0.0,0.002789569029459115,0.002067379344176655,0.0007116981210019947,-0.0002096268243530024,0.0034885424411399547
0.78962845,0.83747613,0.4575393,0.9411765,0.43959656,0.7509752,0.88,0.71774757,0.71654505,0.97959185,1.0,1.0,0.71654505,0.71654505,0.6837035,0.58912635,0.6615171,0.002240909492372507,0.00032452606122752246,0.002350814761912699,-0.000999486857852884,-0.000900696545541953,0.0008136228004325118,3.940869622767266e-05,0.0023851094780489995,0.003638573754140251,0.0,0.0,0.0,0.0013490415667489846,0.0029473553707087844,0.001124299477713117,0.00031071997108384343,0.003028840995959391
0.75746596,0.6537348,0.6914476,0.9411765,0.9411765,0.94859445,0.648802,0.30962276,0.2826108,0.97959185,1.0,1.0,0.2826108,0.2826108,0.24084623,0.65690404,0.20651698,0.0015867313085902136,0.00016784827138181487,0.00011586558273869015,-0.0031169646325691913,-0.0019603117416235986,-0.000704830893198245,0.0034987266472598835,-0.006184332704828761,-0.009309931683398083,0.0,0.0,0.0,-0.006086680810628096,-0.005824938561758315,-0.0072039066854873825,0.0002718328863237545,-0.01681042149029014
0.8896285,0.5177431,0.78377193,0.941397,0.9411765,0.88,0.5798194,0.30962253,0.2833386,0.97959185,1.0,1.0,0.2833386,0.2833386,0.33084625,0.20468171,0.6552671,0.007980377402321678,-0.0006402625931507041,-0.001842682651820691,-0.0031570220941043413,-0.0031073180039604543,-0.0003403758600345373,0.002826815110875458,-0.006177725519132994,-0.007898628474869664,0.0,0.0,0.0,-0.004478537272279225,-0.004548777768695096,-0.004098368676626973,-0.0008881929095746531,0.004928211225344589
0.90918756,0.96153843,0.32193145,0.30930668,0.30930668,0.88,0.88,0.6758727,0.6657624,0.97959185,1.0,1.0,0.6657624,0.6657624,0.7537035,0.6802375,0.43276703,0.007532769661662384,0.0010382336408373874,0.0032798980038631765,0.0001961162616754055,0.003291704708383725,-0.00038866076159127635,-0.0002689229349493599,0.000638164750458285,0.0035594264430713818,0.0,0.0,0.0,0.00010739796536343553,0.0018148606808909575,-1.8548896703279323e-05,-0.0012053104791210883,-0.0020675627371081846
0.7169012,0.73433506,0.7284845,0.9431936,0.7472978,0.88,0.88,0.48774767,0.47131076,0.97959185,1.0,1.0,0.47131076,0.47131076,0.42941776,0.48468176,0.58901703,4.807504441769805e-05,0.0006344421939712294,0.0008516285275665787,-0.002079703452164164,-0.00040816792196383776,-0.00018004611050222985,-0.00018359147141010207,0.0017863396059605808,0.0009857089645260019,0.0,0.0,0.0,0.0026625643545711342,0.0019544622980966005,-7.897708722863011e-05,0.00023287494059528576,0.001699515188891086
0.63019323,0.68834573,0.699805,0.9411765,0.9248924,0.5958796,0.88,0.24774766,0.21544632,0.97959185,1.0,1.0,0.21544632,0.21544632,0.11513192,0.35801518,0.619017,-0.004965592855408413,-1.5299234115122295e-06,0.0009550801572135437,-0.004566199136912748,-0.0029029501094689847,0.001074235602414719,-0.0011286854893047071,-0.00820955834415666,-0.012484644872310349,0.0,0.0,0.0,-0.00994836029980968,-0.008790891895430825,-0.009740781668637765,0.0001371996002195701,0.0033423039928604913
0.5669012,0.7192931,0.7039058,0.9411765,0.7774943,0.6280648,0.88,0.69212246,0.6805753,0.97959185,1.0,1.0,0.6805753,0.6805753,0.4865606,0.49579293,0.9377671,-0.007776638044300153,0.0003501256272072643,0.0014393213686451631,0.0006722064832157712,-0.001604536319032307,0.0001272099026336565,2.0799775928130628e-05,0.003705269495955312,0.004159595600939716,0.0,0.0,0.0,0.0022858822719373385,0.0018753993818606172,0.0012010187356289485,0.00042149692226100253,0.009507101599634004
0.6522319,0.54892915,0.9860085,0.9411765,0.9431936,0.45088634,0.88,0.54399765,0.5346122,0.97959185,1.0,1.0,0.5346122,0.5346122,0.6079892,0.66357076,0.40776706,-0.0038778734189184576,-0.0016824770228157932,-0.006106608502321927,-0.0005857767144187678,-0.0007120113194446125,0.000853549954413346,-0.0005523500088389456,0.0019925024436141647,0.002704548647730376,0.0,0.0,0.0,0.0032285599455131775,0.0030462880271634163,0.0022733190335478535,-0.0007464116230655248,-0.005573265816023044
0.63473874,0.6994901,0.8970007,0.86182415,0.9411765,0.88,0.5515362,0.49649763,0.48017785,0.97959185,1.0,1.0,0.48017785,0.48017785,0.8037034,0.41468185,0.34151697,-0.006227515185823662,0.00019029403847307093,-0.003586805187344067,-0.0002937756814790253,-0.0022227464337192544,-0.00021222743704564783,0.002393955346326063,0.0016531544544827182,0.0007565978697372452,0.0,0.0,0.0,0.0026186824233291094,0.0022112267000486594,0.0036937516604767856,-3.233826439355613e-05,-0.0069298614128934675
0.7987194,0.90375376,0.8287171,0.9924483,0.90510684,0.88,0.88,0.54524755,0.52698433,0.97959185,1.0,1.0,0.52698433,0.52698433,0.4865606,0.575793,0.5715171,0.003202435734594516,0.0004617197673104596,-0.0010916436888845982,-0.000421894013386038,-0.0017053928229041199,-0.0002692893695254849,-0.0002982171790116681,0.0020640883251188454,0.002637127313480415,0.0,0.0,0.0,0.0031014018088016825,0.002549750235519724,0.000629333870362277,-3.237449857574898e-05,0.001259349278081301
0.757466,0.67284566,0.767228,0.9411765,0.80746514,0.5797595,0.88,0.54399765,0.52657884,0.97959185,1.0,1.0,0.52657884,0.52657884,0.5165606,0.34690413,0.7302671,0.002180015744127069,0.0001753866157762541,0.00034524124578918375,-0.0012870903337423468,-0.001809083874424855,0.0016183176822143327,-0.00014129831373544744,0.003856403805321752,0.00321939692293114,0.0,0.0,0.0,0.0043247944783281625,0.0031492075372480015,0.0015955074941431764,-0.0001669132914589946,0.006325971602380671
0.5382512,0.51063544,0.9242716,0.9411765,0.9411765,0.41106087,0.6883094,0.3708725,0.34843498,0.97959185,1.0,1.0,0.34843498,0.34843498,0.5765605,0.4380152,0.29776704,-0.01136135642537571,-0.0015982707805008841,-0.005135175658592656,-0.0034804778617507992,-0.002013505528117375,0.0028576613460662642,0.001717104085337511,-0.0017024798827427895,-0.00335277856008259,0.0,0.0,0.0,-0.0007240184165533422,-0.0013124271004234145,0.0026761280644478167,0.00032498021404925076,-0.009852775052114527
0.548375,0.47558627,0.8631374,0.9411765,0.9250866,0.88044995,0.88,0.7927476,0.78906465,0.97959185,1.0,1.0,0.78906465,0.78906465,0.68084633,0.5146818,0.86401707,-0.007968355426642442,-0.0007152959747724331,-0.0001579975103419128,0.001949877381903667,-0.0012524991986665635,6.262586670926327e-05,-0.00019908128560943258,0.004915322338900499,0.006399585251277093,0.0,0.0,0.0,0.0007192818522701424,-0.0005358582447754833,0.00035175794426611133,0.00039948676650362566,0.009561859364212525
0.90918756,0.96153843,0.304911,0.2929537,0.2929537,0.88,0.88,0.7708726,0.77401245,0.97959185,1.0,1.0,0.77401245,0.77401245,0.5794177,0.73468184,0.7852671,0.007856744768859177,0.0012211915852470717,0.0010299504588568453,-0.0006939231053145299,0.004068924772939148,-0.000317492249457805,-0.00010528609940266655,-0.0007141729314754102,0.004718446752646593,0.0,0.0,0.0,-0.003367608203892818,0.00021359549337765234,0.00013334568471009525,-0.001811347374992655,0.005217441639452808
0.90918756,0.96153843,0.15798438,0.1517889,0.1517889,0.88,0.88,0.4896226,0.4750499,0.97959185,1.0,1.0,0.4750499,0.4750499,0.42941776,0.5813486,0.46276712,0.008378753296779813,0.0016003621959872116,0.0038985100889316225,0.009374140463725037,0.005851819521104678,-0.00027828507744982533,-0.0007181051813070255,0.0016363452710330157,0.001486744612295518,0.0,0.0,0.0,0.0032931271010279623,0.0025867983993814914,0.0011735036911478469,-0.000480650505874227,-0.0015106367014748425
0.8578102,0.62280387,0.79808384,0.9101207,0.8216195,0.88,0.88,0.5683725,0.5566595,0.97959185,1.0,1.0,0.5566595,0.5566595,0.47227493,0.38468182,0.80651706,0.0043888825873813885,-1.3613068382439253e-05,-0.000361528820634601,-0.0004755931877170654,-0.0018377727082044101,-0.0002879632675189631,0.0002302265824745881,0.002586198932781039,0.002979852437310883,0.0,0.0,0.0,0.0035013171593156894,0.0027988959520386957,0.0008369361896493523,-0.0006205066417161157,0.006572069779026972
0.6032648,0.71548617,0.74250615,0.88818955,0.9924483,0.88,0.88,0.42524743,0.4006728,0.97959185,1.0,1.0,0.4006728,0.4006728,0.5494178,0.4791263,0.4102671,-0.007733000373958627,0.0006123225865350927,-0.0006282695440550729,-0.0010554443580243467,-0.0027610169993657215,-0.00021259829133992748,-0.0008009679479495598,-0.0012728999220611992,-0.00254584011655656,0.0,0.0,0.0,-0.00037495923324297573,0.00026847340730584213,0.0015681512393606472,4.328852425920329e-05,-0.006270640463463281
0.47041366,0.46912545,0.7816065,0.9411765,0.9411765,0.5242468,0.36789048,0.55462265,0.5460337,0.97959185,1.0,1.0,0.5460337,0.5460337,0.5065607,0.6880152,0.379017,-0.01454293033397408,-0.0032933843902071135,-0.0009300954011712101,-0.0004915617854660286,-0.0004892211511424843,-0.0008295978845950708,0.00195985948528543,0.002448420973741676,0.0025947135895160647,0.0,0.0,0.0,0.0033520349723788695,0.0023106156170524046,0.0005360116553137828,-0.0010010251926159959,-0.005668283257169513
0.7025762,0.65663284,0.8324318,0.9411765,0.878675,0.56289816,0.88,0.30962253,0.28641084,0.97959185,1.0,1.0,0.28641084,0.28641084,0.3822749,0.28134844,0.50151706,-0.0009026281263911018,-0.00027904046337403677,-0.002635852915123017,-0.004185011029242846,-0.0029887329774690176,0.00224547103727916,-0.0007605304591069991,-0.0043095011823001276,-0.007240247881977844,0.0,0.0,0.0,-0.0042305401360684235,-0.0058980442032634285,-0.00234277935900101,0.00047647199603891835,-0.001857512120309318
0.5434852,0.6379644,0.83731157,0.9411765,0.9924483,0.64509845,0.88,0.85212266,0.8503911,0.97959185,1.0,1.0,0.8503911,0.8503911,0.73084635,0.8280152,0.6177671,-0.009598909833508586,6.770083960348722e-05,0.00015278759828450965,0.003100906766932536,-0.0021520539966743985,0.0005088234238526104,-6.683428615345634e-05,0.0034275403406138056,0.007165378701278587,0.0,0.0,0.0,-0.0018477335300620004,-0.0015450323983646971,-0.0002018840776991785,-8.799397911788521e-05,0.0023865039510934513
0.86201143,0.82124346,0.92089957,0.9473415,0.941397,0.88,0.88,0.91399765,0.9098896,0.97959185,1.0,1.0,0.9098896,0.9098896,0.8379892,0.8335707,0.6127671,0.005935031004869511,0.0004625281248530572,-0.00010254749202391074,0.002493123608609744,-0.0008249398789183658,-0.00022276529849650346,-0.0003570499745530357,0.00411762443436332,0.005158970648221248,0.0,0.0,0.0,-0.004260845390134823,-0.004176411861864599,-0.0016599188051872062,0.0012112469897642877,0.0016359207510560992
0.62950456,0.5762212,0.76148367,0.9411765,0.9411765,0.47927007,0.66995394,0.47712266,0.45160455,0.97959185,1.0,1.0,0.45160455,0.45160455,0.5137034,0.32579294,0.6715171,-0.006078959408576847,-0.0008983033742646714,-0.00013885623586526807,-0.0014619883399115399,-0.0021123938533144744,0.001904457606343368,0.0011581808231578613,0.001258407494850119,-0.0001030653200976412,0.0,0.0,0.0,0.002359047972369907,0.0013018534769494773,0.000904373659237945,-0.00025015890897680523,0.00418538904127552
0.8763364,0.83870864,0.7441156,0.9411765,0.73666376,0.81621236,0.88,0.38774765,0.37226617,0.97959185,1.0,1.0,0.37226617,0.37226617,0.5365606,0.28134856,0.54401696,0.00778096648524412,0.0008583691982242453,0.000276596723450935,-0.003955209641616504,-0.0011994542989751645,0.00032013548987363014,-0.0006723988764714145,-0.0021641219564591625,-0.0025895679523706837,0.0,0.0,0.0,-0.0007928131740392754,-0.0015153370867970878,0.001888554585218932,-0.000597777789937999,0.0005664312787184531
0.8899728,0.9794986,0.36022007,0.9411765,0.3460938,0.8986786,0.88,0.63837266,0.62488174,0.97959185,1.0,1.0,0.62488174,0.62488174,0.7065606,0.676904,0.5452671,0.006430129759199416,-0.0003911345580338677,0.001572003913235207,-0.002658117490660661,-0.0011919751557420085,-0.0005900716477146982,-4.773962815816216e-05,0.00293900526276233,0.0026036341845322277,0.0,0.0,0.0,0.002500917095614573,0.0029371206730535917,0.001899554105715899,0.0004209339832636274,0.00016967473503797266
0.90918756,0.96153843,0.41293448,0.39674097,0.39674097,0.88,0.88,0.82462275,0.8273866,0.97959185,1.0,1.0,0.8273866,0.8273866,0.79084635,0.78912634,0.57401705,0.007810701398386624,0.0006212582660949109,0.002527427694198315,-0.0020913664237251937,0.0009146403200199482,-0.0004866986930354078,-0.00024315053523405017,0.00023240261191416023,0.004257991953314281,0.0,0.0,0.0,-0.004246889386071707,0.0004349924055619768,2.1780990946335573e-05,-0.001651764132623076,0.0009645902450454372
0.90918756,0.96153843,0.35598427,0.3420241,0.3420241,0.88,0.88,0.7496227,0.74750155,0.97959185,1.0,1.0,0.74750155,0.74750155,0.6908463,0.68134856,0.6177671,0.007645756218658527,0.001052729703576685,0.001521344339047336,-0.0011567962762550213,0.0033410203187427363,-0.00031377024068846466,-7.620869987835237e-05,-0.0005708563427255087,0.0036230566893899955,0.0,0.0,0.0,-0.0023458620795968744,0.00035032176021631585,-0.00042009702969777655,-0.0011976560775789529,0.001157173229075089
0.79417396,0.71546876,0.7996762,0.815738,0.89572877,0.88,0.88,0.5939976,0.5881939,0.97959185,1.0,1.0,0.5881939,0.5881939,0.34513202,0.8246819,0.556517,0.0019626692123004812,-0.00018864097192068638,-0.0012991510680871586,0.00021354087972553894,-0.001045562521847693,-0.00010047257515768539,-0.000640831045251449,0.0024924781518654796,0.005237211982278823,0.0,0.0,0.0,0.003949919488610294,0.0034585470079759153,-0.000937806247394003,-0.0026354387957931193,0.00035014020029314473
0.90918756,0.96153843,0.13527659,0.12997162,0.12997162,0.88,0.88,0.47087264,0.45385692,0.97959185,1.0,1.0,0.45385692,0.45385692,0.8508463,0.20357068,0.52151704,0.009040111674533153,0.0004044527725325762,0.002695838409595378,0.008586913875468118,0.006511777777671472,-0.0009416446628254687,-0.0002130703205307216,0.001812846380900508,0.0012924351107809547,0.0,0.0,0.0,0.003883518187759905,0.0020161227684840316,0.0013492523444155985,0.0008777752669121405,-0.0005724040900685227
0.8312262,0.7997301,0.8555061,0.9411765,0.9748012,0.94859445,0.88,0.6221225,0.6182767,0.97959185,1.0,1.0,0.6182767,0.6182767,0.6437035,0.5680152,0.5965171,0.0052972935624999,0.0005928312863172762,-0.0007156932167403162,0.0004341954209708933,-0.0014811129294502734,-0.0007963861938970802,-0.00020654376732004112,0.00403593132905334,0.0057978747856431345,0.0,0.0,0.0,0.004278286644177568,0.00295564784250069,0.0018263444086115998,0.0005267499357396277,0.0015966333687576595
0.39803073,0.60614324,0.9088808,0.9168245,0.9411765,0.88,0.510389,0.7046226,0.68782955,0.97959185,1.0,1.0,0.68782955,0.68782955,0.90084636,0.6069041,0.56776714,-0.016221610913496384,0.00042532172507825226,-0.0013620527463321854,0.0010969185653427497,-0.0012303547719069877,0.00013725287463616743,0.0013182592370779333,0.0037954969632345713,0.004646803390024885,0.0,0.0,0.0,0.0023421423491758607,0.0004146666604483644,3.358735500252556e-05,0.0005570703561505041,0.0008767463367598646
0.7029205,0.6230308,0.8684369,0.9411765,0.84271353,0.527952,0.88,0.1771226,0.14621356,0.97959185,1.0,1.0,0.14621356,0.14621356,0.31227478,0.36468178,0.25026703,-0.0018932263930679628,-0.0006584065467291019,-0.004361915204495408,-0.003994890356930929,-0.0024107861564064107,0.0031382828277479995,-0.0010056850468049877,-0.009391367437693764,-0.015351760806652378,0.0,0.0,0.0,-0.010594972397168398,-0.01427446861865267,-0.005841515901947914,0.000526813056012284,-0.014226215688682568
0.48859546,0.4071273,0.943406,0.9411765,0.9431936,0.752257,0.88,0.33587265,0.31539592,0.97959185,1.0,1.0,0.31539592,0.31539592,0.5665607,0.3402374,0.43276703,-0.016293350515488494,-0.0021444545767281757,-0.005925124715178398,-0.0036433178285525166,-0.0017689793694646938,0.00039013901414449554,-0.000810422657617915,-0.00616828800748318,-0.006761056451456362,0.0,0.0,0.0,-0.004699290385921678,-0.003036914956469893,0.0015827376387539819,-0.0007818417894580217,-0.005713660790924446
0.7347387,0.77695835,0.7018447,0.9924483,0.9411765,0.88,0.81621236,0.42649746,0.4110757,0.97959185,1.0,1.0,0.4110757,0.4110757,0.40798908,0.72912633,0.27276707,9.956835608646298e-05,0.0006286091458279992,0.00018814473694959248,-0.0024623717250551926,-0.0019108125915193212,-0.00021638130218376288,7.599483930727119e-05,-0.0006477320922480889,-0.002898186997469073,0.0,0.0,0.0,3.296494130026494e-05,-0.00029218902501859325,-0.0019950526773260817,-0.00020170427397285705,-0.013108769937221204
0.6623557,0.31038284,0.77961046,0.84363925,0.7172691,0.88,0.88,0.23212266,0.20361316,0.97959185,1.0,1.0,0.20361316,0.20361316,0.41656044,0.276904,0.38526702,-0.004670447860008801,-0.0024268967592586555,-0.0025811330795656117,-0.0035112636984231944,-0.0012617613681693452,-0.0003213856020152752,-0.0006559308637770968,-0.008253688817156622,-0.012387727456445943,0.0,0.0,0.0,-0.008821366813754089,-0.010093552516988458,-0.0023679041103421786,-7.706804009064372e-05,-0.008064733852685994
0.83088183,0.83164656,0.7260903,0.9411765,0.6583628,0.8199039,0.88,0.30837262,0.2881334,0.97959185,1.0,1.0,0.2881334,0.2881334,0.46656057,0.41801515,0.24276698,0.004816383629961218,0.0008602398946118761,-0.0002528043917750686,-0.0034433212869155435,4.1836593488776065e-05,0.00013003481414556765,-0.0012431682268889215,-0.004409715235371326,-0.007413108631704881,0.0,0.0,0.0,-0.004150897672817749,-0.005884487272301822,-0.00026803289715379155,0.00039730958844273403,-0.01439972960931324
0.90918756,0.96153843,0.34577864,0.33221868,0.33221868,0.88,0.88,0.82587266,0.818812,0.97959185,1.0,1.0,0.818812,0.818812,0.7508463,0.48690403,0.93776715,0.007487867398524988,0.0006187376970503606,0.00016714238113207157,-0.0008597169214673506,0.0036536828785383125,-0.00044730336946048317,-7.402460992910907e-05,-0.0015777271701181415,0.003968924369794803,0.0,0.0,0.0,-0.00408519546844176,-0.00024763906997738784,-0.001544476145629128,0.0005077569319358276,0.007462337193300662
0.7711023,0.87239105,0.6953501,0.9411765,0.9411765,0.78728664,0.7275613,0.4014976,0.38274905,0.97959185,1.0,1.0,0.38274905,0.38274905,0.40227494,0.6324596,0.36651695,0.0032726683726296245,0.0010464696269142477,0.0015103472702347428,-0.002182384297222057,-0.0019613204598832312,0.00037589951598807536,0.0013251244733494343,-0.0016806679178617207,-0.003975693845033636,0.0,0.0,0.0,-0.0013733066575101652,-0.00206582038002057,-0.0020412854666778933,6.698526972765736e-05,-0.008347154894251798
0.84906375,0.8423906,0.73285306,0.878675,0.71339035,0.88,0.88,0.6221224,0.6171063,0.97959185,1.0,1.0,0.6171063,0.6171063,0.46656063,0.70912635,0.54276705,0.005929704406635009,0.0008949667444111961,0.001049007661748079,-0.0006056556707845727,-0.00042979809232234883,-0.00011670323321820257,-0.0003641143382599839,0.0030506593605765416,0.006074989393629153,0.0,0.0,0.0,0.004352558548628494,0.0035075551580212878,0.0009372414042839169,-0.0010487691445512607,0.0011117743127587198
0.72495925,0.7495128,0.6937403,0.9411765,0.9411765,0.5075707,0.6594933,0.5933727,0.58013225,0.97959185,1.0,1.0,0.58013225,0.58013225,0.67084634,0.60468185,0.43276703,-0.0004916201209190358,0.0009498113246788856,0.0014474199847970574,-0.0007993733752780952,-0.001012380394637797,0.0018027231870206626,0.0012217194821613345,0.002752262790866542,0.0037578432947870445,0.0,0.0,0.0,0.0036188850724669726,0.003499694263458076,0.002273416709483084,-0.00017033786930843758,-0.003281610972857969
0.7249592,0.77722055,0.9212064,0.9411765,0.9411765,0.752257,0.72358423,0.34024763,0.3194923,0.97959185,1.0,1.0,0.3194923,0.3194923,0.54227495,0.56579304,0.08276701,-0.0009520977634894062,0.0005885353069192952,-0.0056155194321083814,-0.0026462615758025953,-0.0025562313598511683,0.000755199405042912,0.0017227366903739838,-0.0034135313972327246,-0.0070855669062152935,0.0,0.0,0.0,-0.0033589273851079206,-0.0049077442053595734,0.0015314627955005588,0.00013226824286592228,-0.021633269261350743
0.7532648,0.74951065,0.85938025,0.82567906,0.859029,0.88,0.88,0.46087253,0.441047,0.97959185,1.0,1.0,0.441047,0.441047,0.64513206,0.4191263,0.484017,0.002006329480324821,0.0006627053538937933,-0.003178429962107991,-0.0006201983133025132,-0.0027961997894535924,-0.00030482063957378507,-0.0007651459638746104,0.0009848431695112744,-0.00044954399559872445,0.0,0.0,0.0,0.0019534173435377805,0.0016615278807175114,0.003239287032989559,6.85182399659398e-05,-0.0018087378685693108
0.36552396,0.37600058,0.8817905,0.9411765,0.9411765,0.2710406,0.39650062,0.28024745,0.25402132,0.97959185,1.0,1.0,0.25402132,0.25402132,0.34513202,0.40245956,0.40276706,-0.024808832599136153,-0.0028672360119614574,-0.004747142938388817,-0.004065839296806126,-0.0024097653653150663,0.0032138550112399147,0.005915395489717062,-0.006657895245037873,-0.008785957616452072,0.0,0.0,0.0,-0.004978555889633196,-0.005843516946788443,-0.0025738869198244515,0.00038073358658554567,-0.006406937760404811
0.6714466,0.7456876,0.7755458,0.9924483,0.87407136,0.88,0.88,0.50274765,0.48490912,0.97959185,1.0,1.0,0.48490912,0.48490912,0.5165606,0.5113485,0.5765171,-0.00287150271314947,0.0006869172714830879,-0.0003733927067684881,-0.002094002751781458,-0.0012196453531923268,-0.00014036964721638104,-0.0003485050988595103,0.0014435039648848186,0.0007204621665827542,0.0,0.0,0.0,0.0022507157658332123,0.0018931120930944176,0.0008497788486737881,0.00026209665825442446,0.0014308924033384271
0.85815465,0.84251547,0.7095576,0.9924483,0.72324055,0.88,0.88,0.70587265,0.6983748,0.97959185,1.0,1.0,0.6983748,0.6983748,0.6537035,0.49579293,0.78776705,0.005534715069669311,0.00022921728213080771,0.000989164176327952,0.0008003829016786089,-0.0009965130168580717,-0.00019471230932432347,-0.00020302568850009677,0.0038874264853584763,0.00377873664043054,0.0,0.0,0.0,0.0019008849306433057,0.0013780977459383348,0.0005881014731609821,0.0002691630202687267,0.005893380856485014
0.8983751,0.7912795,0.47060236,0.9924483,0.4187519,0.88,0.88,0.5771227,0.5642897,0.97959185,1.0,1.0,0.5642897,0.5642897,0.7437034,0.44023737,0.587767,0.008168719437839452,0.0006681061550924813,0.0028702503428857133,-0.0038733967271223054,-0.0009495607821458721,-0.0005247784833617132,-0.000377699573067098,0.003193135068928609,0.003008013933860262,0.0,0.0,0.0,0.0037030111187817925,0.0032400108052159453,0.003055904460990234,0.00022656327382624672,0.0018016282099171605
0.7487194,0.8073464,0.68383867,0.65702146,0.9748012,0.88,0.88,0.1577475,0.1201938,0.97959185,1.0,1.0,0.1201938,0.1201938,0.19941767,0.47690403,0.20151699,0.0009103505108792892,0.0008115411772653705,0.0007163353438902428,0.0006182064350264276,-0.004362188656793584,-0.0003439887506549087,-0.0009943464483801894,-0.009430238995768116,-0.01898159368481368,0.0,0.0,0.0,-0.013082074423863109,-0.013953822985891658,-0.008985079293666534,0.00045232862647757733,-0.017686081020267183
0.69837505,0.53905725,0.9562246,0.9411765,0.9748012,0.94859445,0.88,0.5889975,0.58083165,0.97959185,1.0,1.0,0.58083165,0.58083165,0.67084634,0.2424595,0.8552671,-0.0023537994701941217,-7.226663369882924e-05,-0.004297225277587279,0.0001781984780008515,-0.004389918194095815,-0.0009014526671138539,-0.00021913561499074496,0.003653808385278088,0.0038927035766587515,0.0,0.0,0.0,0.0035547031776179973,0.0028009334932458164,0.0018160403537189152,-0.00304838318633145,0.00796727389218463
0.44803077,0.63819885,0.9247556,0.8884907,0.9411765,0.88,0.54372686,0.5464977,0.52860254,0.97959185,1.0,1.0,0.52860254,0.52860254,0.7265606,0.45245954,0.57776713,-0.01575469648487697,-6.190427148406472e-05,-0.0033294536308771726,-0.00012003076089792677,-0.0017631213642303458,-0.0001497223371102723,0.001986098774069121,0.0024989223974350243,0.002494247321883896,0.0,0.0,0.0,0.0035491963446835934,0.002427434349127376,0.0022221466663737326,0.00012947639670232277,0.0009706428841775935
0.90918756,0.96153843,0.48483732,0.4658241,0.4658241,0.88,0.88,0.9314976,0.933722,0.97959185,1.0,1.0,0.933722,0.933722,0.7979892,0.6902374,0.8440171,0.007547865993366454,0.0005119755297667964,0.000813494212052933,-0.0026222619120092267,0.000587268495368295,-0.0003524508304695706,-0.0002862826355892609,-0.00034030483239410616,0.006137795032269928,0.0,0.0,0.0,-0.005697312977428007,-0.0028364791173822214,-0.0014178493901965726,-0.0008138791167586483,0.006990265549794055
0.86166704,0.53077376,0.89836687,0.9411765,0.89828634,0.43200472,0.88,0.54837275,0.52740794,0.97959185,1.0,1.0,0.52740794,0.52740794,0.33513206,0.4413485,0.7915171,0.005424750775776583,-0.0015932549082198447,-0.002263324365951587,-0.0015176127083222663,-0.0029915364770072084,0.00279266772717091,-6.17618330906742e-05,0.0018943970286557422,0.0022678656157398,0.0,0.0,0.0,0.0031071748859076353,0.002311192255076376,-0.00021937733069268253,0.0004217199294833117,0.007139402766550413
0.90918756,0.96153843,0.16915677,0.16252318,0.16252318,0.88,0.88,0.51649773,0.4900328,0.97959185,1.0,1.0,0.4900328,0.4900328,0.4865606,0.38468182,0.7290171,0.007790594885534522,0.0007184600520698987,0.0017742840009569451,0.006659498400596115,0.007097638336070674,-0.0008579705531092234,-0.00017061722842750385,0.0016999926957247838,0.0013116732435177803,0.0,0.0,0.0,0.0037512399660210487,0.0026552811328822766,0.0014199392151932602,0.001111951618638825,0.004640874738657176
0.54768646,0.45694,0.9106696,0.9924483,0.9748012,0.88,0.88,0.3914976,0.37311473,0.97959185,1.0,1.0,0.37311473,0.37311473,0.4865606,0.5569041,0.36026704,-0.011078140421364463,-0.0016344727366510504,-0.00471792847230167,-0.0036329121074993222,-0.002049650785558132,-0.0001307719132620551,-0.0010359088359085937,-0.002654447870481161,-0.004227495066113783,0.0,0.0,0.0,-0.0017986836090375768,-0.0015861048372192738,-7.359100145999293e-05,0.00030114829854413044,-0.008503859154342373
0.45677742,0.3566308,0.84915584,0.9411765,0.9411765,0.74491245,0.65556806,0.22274756,0.19243826,0.97959185,1.0,1.0,0.19243826,0.19243826,0.30370346,0.32579294,0.34901702,-0.01560674025756482,-0.0012532088674174768,-0.004240572916013942,-0.004713968885440042,-0.002756111369683654,0.0005525317447712795,0.0026775235883980332,-0.010041230132505095,-0.01327193945113403,0.0,0.0,0.0,-0.01006528070797168,-0.009244674316960333,-0.005368003763654492,-0.00020851582706234983,-0.009677061821558872
0.7801932,0.5762393,0.82914376,0.8749571,0.8821983,0.88,0.88,0.49337256,0.4685156,0.97959185,1.0,1.0,0.4685156,0.4685156,0.43798923,0.25357077,0.7502671,0.0016968611824047658,-0.0007280443818642049,-0.0013629879502021314,-0.0007596372621111124,-0.003608200934398288,-0.00041062676418755447,-0.00024509103261768873,0.0018123854842241347,0.0012429051718084207,0.0,0.0,0.0,0.003046924654635753,0.002091450857032647,0.0007324885853684773,-0.001242961386607662,0.006933163081928656
0.68439436,0.5839572,0.8139584,0.9429901,0.9411765,0.88,0.48731548,0.47462273,0.46112728,0.97959185,1.0,1.0,0.46112728,0.46112728,0.46084636,0.41801515,0.51651704,-0.002684234266473642,-0.00025116516477634754,-0.001992869936207652,-0.0015024059096396614,-0.0024717149217310165,-0.00016649796262213154,0.0012226946404634285,0.00034916464567300037,-0.000269642595493123,0.0,0.0,0.0,0.0019026729828873904,0.001369319011865517,9.028102614067193e-05,-0.00011118550031397684,-0.0010605708073812186
0.485083,0.708426,0.65174514,0.9411765,0.6541928,0.6917444,0.88,0.5289974,0.5211643,0.97959185,1.0,1.0,0.5211643,0.5211643,0.6065606,0.4380152,0.5240171,-0.015037984116180975,0.000459754232506432,0.0019344325134323318,-0.001637932267188296,-0.0012118728669784048,0.0002853308988692446,-0.000634275274757412,0.0023463725803193193,0.0020272602660086295,0.0,0.0,0.0,0.0030010535280953015,0.0023555625906574755,0.0016690299773756895,0.00011474203951477635,-0.0006792167763081328
0.38405004,0.59187824,0.9322891,0.9748012,0.9376084,0.88,0.88,0.5921228,0.58207774,0.97959185,1.0,1.0,0.58207774,0.58207774,0.8037035,0.2791263,0.6802671,-0.020296174495673443,-0.0007051857324607115,-0.0034169186746177095,5.641422035282257e-05,-0.002026423358053041,-0.00019459162868553474,-0.00036535784681122137,0.00371982270022533,0.0037253315351910153,0.0,0.0,0.0,0.0037242868396677466,0.0026146700562951824,0.001855329637607212,-0.0008183662484333224,0.004111762664129303
0.811667,0.7429318,0.9472685,0.9924483,0.9411765,0.88,0.5842858,0.70774746,0.7046304,0.97959185,1.0,1.0,0.7046304,0.7046304,0.74370337,0.56357074,0.63651717,0.004244121238778891,0.0008056894202447637,-0.0016122827290983178,0.0002035757052515859,-0.0010025419227965569,-0.00011562924145570524,0.0007382207901845202,0.0037912798978509098,0.005571391235908273,0.0,0.0,0.0,0.0022315878879976946,0.001494244360398694,0.0009009665625982954,0.00038585893575366725,0.0030549243762964945
0.32984892,0.4995824,0.6822003,0.9411765,0.9411765,0.46772987,0.3995657,0.36649764,0.34831223,0.97959185,1.0,1.0,0.34831223,0.34831223,0.2494177,0.53134847,0.389017,-0.02522657929341578,-0.001648077929960616,0.0005038470628087024,-0.0035923963198054103,-0.0010442932505297247,0.0006889298286789951,0.004767390678979695,-0.0042513062929952486,-0.005128354560936672,0.0,0.0,0.0,-0.0026303721345370982,-0.0019216620565840482,-0.004018775973219963,0.00042179542719530624,-0.006341260224529266
0.69906366,0.77695835,0.6646861,0.9748012,0.81518704,0.88,0.88,0.29212272,0.26875395,0.97959185,1.0,1.0,0.26875395,0.26875395,0.36227486,0.38468182,0.43276703,-0.002225522923498305,0.0005201532720546008,0.0007321501715123012,-0.005314220190537555,-0.0022161805150098333,-0.00041111776021746733,-0.0009434458778924294,-0.006229985391133127,-0.008227834209875806,0.0,0.0,0.0,-0.005588822071577982,-0.005617510744208422,-0.003552703465209262,-0.00011090973642237252,-0.005000715574143608
0.5941739,0.7430581,0.75476605,0.9411765,0.8036329,0.6527804,0.88,0.39712274,0.3819427,0.97959185,1.0,1.0,0.3819427,0.3819427,0.5608463,0.61245966,0.13276696,-0.007802963921170775,0.0005583545639911902,-0.0005686242874159498,-0.0028735192246644925,-0.00040472268392861463,0.0012427966509754398,-0.0009771100485046883,-0.00026974937518538564,-0.002883072912849402,0.0,0.0,0.0,-0.0003395586205568797,-0.0014047601462131062,0.0018778731377792472,7.409099394810411e-05,-0.020150351628759305
0.58893985,0.77695835,0.87711,0.9411765,0.9748012,0.6880367,0.88,0.09024787,0.05610008,0.97959185,1.0,1.0,0.05610008,0.05610008,0.2465605,0.4257929,0.12401712,-0.010109990660923636,0.0002456316622852894,-0.004440545626259115,-0.004062693495869549,-0.0029970459166279973,0.0012774168499303231,-0.0008490224172449523,-0.013158075950658276,-0.019939534462485087,0.0,0.0,0.0,-0.014770508803014209,-0.017207520671743377,-0.007888408883844485,0.000301121684200455,-0.020934489365610078
0.4113228,0.708426,0.8957308,0.9411765,0.9411765,0.616763,0.7077232,0.60087264,0.59718746,0.97959185,1.0,1.0,0.59718746,0.59718746,0.36656052,0.7502374,0.54276705,-0.01924876118575155,-0.00024133422171680242,-0.0030062279440399554,0.0005308253829099684,-0.0005444078662048538,-0.0006269971002415761,0.0011885299872533115,0.0032239168067463987,0.0044222648604890025,0.0,0.0,0.0,0.0044602863187125415,0.003263747818435343,0.000397610762421602,-0.001024140330511276,5.148870502635239e-05
0.90918756,0.96153843,0.23293458,0.22379988,0.22379988,0.88,0.88,0.6033726,0.5894315,0.97959185,1.0,1.0,0.5894315,0.5894315,0.5437035,0.5113485,0.7452671,0.009595795022909649,0.0017889026702107666,0.0024271879847356593,0.0033411671928488384,0.007195219270717406,-0.0006262476147973993,-0.00010511351161421153,0.0010851898369997448,0.00332936377866399,0.0,0.0,0.0,0.0020541808727350874,0.0027457023548053128,0.0010360751619431588,0.0002470853392633162,0.005286140561030098
0.6379068,0.55024844,0.98740804,0.9411765,0.9748012,0.98459446,0.88,0.75899756,0.7532675,0.97959185,1.0,1.0,0.7532675,0.7532675,0.8265606,0.6302374,0.619017,-0.004086475572528693,-0.00011570609860839994,-0.002232686716390934,0.0005119301932809443,-0.001986454202828897,-0.0007089884700108564,-0.00046464804657121895,0.0036421576440232545,0.0060132620717351015,0.0,0.0,0.0,0.0009495243741252752,-0.0004719590311167803,-0.000538690092004278,0.0008242501599668899,0.0024600257410054087
0.835083,0.6845151,0.8452267,0.968766,0.86256874,0.88,0.88,0.3739977,0.34641775,0.97959185,1.0,1.0,0.34641775,0.34641775,0.3051319,0.46912628,0.48776698,0.0036817973464932556,-5.892864744540538e-06,-0.0027373240632109458,-0.003621834219037509,-0.0024783843805910566,-0.00018123806996059685,-0.000607195466412828,-0.0026403578084078453,-0.005607545190924494,0.0,0.0,0.0,-0.002378459097043085,-0.00266492673457315,-0.0041323030328510625,0.00023825140365476202,-0.0025834259132951477
0.8172455,0.87239105,0.71651393,0.68841535,0.9411765,0.88,0.78728664,0.5708728,0.5604117,0.97959185,1.0,1.0,0.5604117,0.5604117,0.59513205,0.51357067,0.5390171,0.0036205018545015883,-0.000427272162977157,0.0005538567148943638,-0.0006629854140029106,-0.003923875321459776,-0.0005997741862077101,0.0004215348070958568,0.0019356774902855444,0.0036561927513161395,0.0,0.0,0.0,0.0033715448185827846,0.0023847094361879335,0.0014258031101875967,0.00014769663473072973,-1.2304816605420294e-05
0.81270003,0.77695835,0.8045781,0.77302605,0.9411765,0.88,0.75249696,0.6052476,0.5969314,0.97959185,1.0,1.0,0.5969314,0.5969314,0.7279892,0.50245965,0.5452671,0.0038127503913911974,0.0005290758043455572,-0.00018821834170052815,0.0007383694993651267,-0.002243708298635919,-0.0004480360559199726,0.0007072617283415712,0.0030022286776831392,0.004359047968274202,0.0,0.0,0.0,0.003255607382887775,0.002442094489398975,0.0017562831146986874,9.09962250123106e-05,0.0003757636328036115
0.90918756,0.96153843,0.057847116,0.0555786,0.0555786,0.88,0.88,0.3333726,0.3159819,0.97959185,1.0,1.0,0.3159819,0.3159819,0.36656052,0.6046818,0.2427671,0.008530047956735459,0.0017590729606192306,0.008290019478680221,0.013726569989667137,0.00968316745223925,-0.0005112891962939295,-0.0013237511480675606,0.0006090421332716097,-0.006191589200206623,0.0,0.0,0.0,-0.0010633619032929028,-0.0037089758524937273,-0.0020077468390140535,-0.0011159397291146639,-0.013281499842700266
0.5256478,0.6262891,0.63847286,0.9411765,0.705357,0.5313407,0.88,0.12837243,0.095629096,0.97959185,1.0,1.0,0.095629096,0.095629096,0.40227482,0.15468185,0.421517,-0.013678797162480473,-0.00047806686249026267,0.0013906173169741182,-0.006111010491150908,-0.0010231965536096708,0.0038186202541139027,-0.0008056671873327674,-0.011151590899504703,-0.016345475496571255,0.0,0.0,0.0,-0.013540957435751773,-0.01630823169583265,-0.0026946066764939307,0.0010455352979277946,-0.005710808404948902
0.85292053,0.73472524,0.7976337,0.9411765,0.71924263,0.78184265,0.88,0.6502477,0.6419597,0.97959185,1.0,1.0,0.6419597,0.6419597,0.7808464,0.54468185,0.509017,0.005329051130082527,0.0004491539163979671,-0.0007444114739189564,-0.00017766250721102923,-0.0014892801253804464,0.0004598578251502974,-7.873133874805513e-05,0.001972308012913173,0.004419147336556094,0.0,0.0,0.0,0.0023368579338248173,0.002499404551142835,0.0015724847228572377,4.928197148416705e-05,-0.0010007406389874998
0.6480307,0.23291214,0.86469686,0.9411765,0.9748012,0.8199039,0.88,0.5733726,0.5687968,0.97959185,1.0,1.0,0.5687968,0.5687968,0.6079892,0.5424596,0.43901706,-0.003405374542861098,-0.005633300603608451,-0.0032139773224214947,0.0002681216269758695,-0.001189320787901849,8.719024639317241e-05,-0.0003138981198819325,0.00260610886750549,0.0034377321435728114,0.0,0.0,0.0,0.0034841553178605335,0.0027554670023782267,0.0016829206895534136,0.00013080180945361635,-0.0036178222855975935
0.33825123,0.42682555,0.9145393,0.9411765,0.9411765,0.32389858,0.5528725,0.5064976,0.49502555,0.97959185,1.0,1.0,0.49502555,0.49502555,0.42370346,0.5135708,0.6190171,-0.024332498258522847,-0.004202189618801654,-0.0034095061047912946,-0.0008075004340783198,-0.001293286138153766,-0.0011705992785566778,0.0017362058925211234,0.0015881094669653855,0.00034053991934809873,0.0,0.0,0.0,0.0026946523961680403,0.0016775728073128331,-1.0808438491235845e-05,0.0005348936408688195,0.002663867287370214
0.8808819,0.9619711,0.80380976,0.7722878,0.9290669,0.88,0.88,0.24399757,0.21930772,0.97959185,1.0,1.0,0.21930772,0.21930772,0.6279892,0.19801511,0.25026703,0.008178727732527862,0.0006155075123934241,-0.0016674957731990128,-0.0010798692099844864,-0.004817839687907908,-0.000463586784766193,-0.0010686775907115845,-0.005458683541408964,-0.012008765859371703,0.0,0.0,0.0,-0.00624205629769114,-0.008329187957146034,0.0032124251113353625,0.0006604425714153157,-0.014407991019880197
0.7711023,0.7144054,0.50770575,0.9411765,0.9924483,0.6229816,0.88,0.28899765,0.26137155,0.97959185,1.0,1.0,0.26137155,0.26137155,0.51513207,0.15468174,0.594017,0.0027860854826027947,0.0007225666036348934,0.005409257936643752,-0.0027218597566315973,-0.002416210795574322,0.0024360622962007134,-0.000760903305220423,-0.0075455231465977254,-0.007456620353374077,0.0,0.0,0.0,-0.005159180268160441,-0.006062527763837018,0.0006664945896026831,-0.0017042779655057566,0.0013020915207773412
0.8263364,0.86100686,0.8365592,0.96780485,0.7781364,0.88,0.88,0.70212257,0.6937817,0.97959185,1.0,1.0,0.6937817,0.6937817,0.7151321,0.6980152,0.52776706,0.004713608283177134,0.000979997632922469,-0.0001360422408887547,0.0012475009817966508,-0.001151801400517094,-0.00010890652061591366,-0.0001501873636109399,0.0030772797101546083,0.005006265071969705,0.0,0.0,0.0,0.0023041107328884477,0.0018503286403813365,0.0006421152695354555,0.00043789202048251125,-0.00023338095785420344
0.64803076,0.61416626,0.6420399,0.9411765,0.9411765,0.5273442,0.5187329,0.31087267,0.29055393,0.97959185,1.0,1.0,0.29055393,0.29055393,0.28798908,0.41245958,0.46026707,-0.003959030618036542,-9.023497046866561e-05,0.0020212030862568806,-0.003793115760404081,-0.0022019627375428263,0.002381942232910809,0.004518493882675524,-0.005388354276237315,-0.007180365775590339,0.0,0.0,0.0,-0.004179298720487014,-0.00521147638779157,-0.005111406606722099,0.000283001107890546,-0.0032209809083797738
0.90918756,0.96153843,0.17040674,0.16372412,0.16372412,0.88,0.88,0.5127474,0.49766484,0.97959185,1.0,1.0,0.49766484,0.49766484,0.6079892,0.5869041,0.3677671,0.00878994741027796,0.0016516551556384359,0.003124755684312508,0.007295144208432525,0.0050993846749481445,-0.0005587081596459851,-0.0002055779473071524,0.0015778324789634366,0.001445261245815136,0.0,0.0,0.0,0.003405947484529086,0.002416649820865433,0.001070978940509083,-0.00027473565582566327,-0.00481152885613779
0.6805375,0.58350277,0.76360524,0.7336599,0.9431936,0.88,0.88,0.64274776,0.63952017,0.97959185,1.0,1.0,0.63952017,0.63952017,0.6565606,0.57912636,0.5752671,-0.001760407053877543,-0.00033521042697633727,5.695750867960359e-05,0.0005395560194732193,-0.0016482032629398958,-0.00012118402045945165,-0.0006631795294013905,0.003742500804449631,0.005764802954106566,0.0,0.0,0.0,0.003557926826018873,0.0017976387319824359,0.0011410115174592956,0.0004232925056421365,0.0014994927026204202
0.7120114,0.630956,0.9212083,0.9411765,0.9411765,0.94859445,0.4948232,0.6308727,0.62320864,0.97959185,1.0,1.0,0.62320864,0.62320864,0.67227495,0.67245966,0.452767,-0.00037129523098683947,0.00041060449304440426,-0.0015722261759275762,0.00017916889137352203,-0.0005675118029539773,-0.00019106267765566155,0.0009401389852941221,0.0030778286268970524,0.004336838272245842,0.0,0.0,0.0,0.0034285504428687996,0.0020999221929893603,0.001535248160806059,0.0004070480371067919,-0.0031216600322038542
0.39348528,0.71546835,0.76519793,0.9411765,0.9924483,0.94859445,0.88,0.51837265,0.4980584,0.97959185,1.0,1.0,0.4980584,0.4980584,0.28798908,0.616904,0.7177671,-0.019725350702573405,0.00047912786114647437,-0.0007398588997842698,-0.0001431918856742831,-0.0027336799054496234,-0.0002694804861237865,-0.00045148477591002703,0.0015671198909664589,0.0012644360901009639,0.0,0.0,0.0,0.0028556866101248335,0.0025851800111360403,-0.000747925491942636,0.0006315071243168549,0.007202771461804491
0.90918756,0.96153843,0.26993752,0.25935173,0.25935173,0.88,0.88,0.56524765,0.5475661,0.97959185,1.0,1.0,0.5475661,0.5475661,0.83084637,0.51579297,0.32901704,0.007659759704606983,0.0006410645500361782,0.0033853719482758965,0.0032452445988099,0.003507121845677149,-0.00043681249361166084,-0.0002897009452956596,0.0012798543029329428,0.001990918398279112,0.0,0.0,0.0,0.0028112347631768747,0.0022029710833631356,0.0007406201397703017,0.0001700905533862008,-0.005629772834104219
0.7753034,0.26502532,0.8561385,0.9411765,0.96780485,0.9343218,0.88,0.76212263,0.7530898,0.97959185,1.0,1.0,0.7530898,0.7530898,0.6537035,0.57912636,0.7915171,0.0020679763367139727,-0.0031832256532442725,-0.0007911697070108703,0.001817113457329724,-0.0011866592748752324,0.00020638207901065557,-0.000198621268138073,0.0035656456430055894,0.005535835651418125,0.0,0.0,0.0,0.00041983821805378717,-2.1966183941010097e-05,0.0006512436156921812,0.0005990700089990949,0.00725524593663049
0.44734213,0.48760778,0.8835431,0.9411765,0.9748012,0.38711208,0.88,0.42399752,0.40280306,0.97959185,1.0,1.0,0.40280306,0.40280306,0.53798914,0.3302374,0.49026704,-0.016450205276099847,-0.0014659126807543394,-0.0035740546427989023,-0.0019101203935198352,-0.001430723271049532,0.0011947679334518566,-0.0006763983418450977,-0.00031704031244076655,-0.0013405960701517521,0.0,0.0,0.0,0.0010585492313385824,0.0005759685730845776,0.0018645359406307322,5.140672775695476e-05,-0.0015958610003161651
0.2434853,0.6232704,0.8490341,0.9411765,0.9431936,0.5282012,0.88,0.24212241,0.21519092,0.97959185,1.0,1.0,0.21519092,0.21519092,0.27513203,0.5224597,0.285267,-0.027466360779277433,-0.0004777375272325829,-0.003273465188305966,-0.0037854699987204298,-0.0026097798317992675,0.0009826823690313228,-0.0006782853892605103,-0.008171343614728991,-0.012274454745160233,0.0,0.0,0.0,-0.009110315717299257,-0.008483577156153055,-0.005656614895602235,0.0002120885670221936,-0.013554469510493081
0.88928413,0.8275468,0.91950303,0.9376084,0.8937818,0.88,0.88,0.7946228,0.7971637,0.97959185,1.0,1.0,0.7971637,0.7971637,0.7765606,0.6902374,0.68651706,0.007205695360620834,0.0005094552901219172,-0.0006425630367684274,0.0012409210403821732,-0.0012455731015874089,-0.0004052833113214419,-0.00023875032901292,0.0042763097101970425,0.004929550547611585,0.0,0.0,0.0,0.00011526554950798073,-8.271081994069993e-05,-0.00015871773146719517,0.0010617992539949355,0.003637117094667518
0.90918756,0.96153843,0.19591253,0.18822968,0.18822968,0.88,0.88,0.5789976,0.5552828,0.97959185,1.0,1.0,0.5552828,0.5552828,0.6008463,0.5880152,0.54776716,0.00767420681330139,0.001635315405963841,0.0011216664820985823,0.004707448847849557,0.007313876496250802,-0.0005384022319627567,1.4409275529884482e-05,0.0006738221795167654,0.0020302420090912727,0.0,0.0,0.0,0.0023268685216327844,0.0021818786130536373,0.0005463016335711422,-0.0005332964977899101,0.0004898942072957993
0.8578102,0.5609745,0.8997879,0.9411765,0.96780485,0.6714619,0.88,0.5477476,0.5305984,0.97959185,1.0,1.0,0.5305984,0.5305984,0.6494177,0.32023737,0.80651706,0.005185001605296042,-0.0006009655880089588,-0.00299132334502594,-0.0005152445900568487,-0.003944123918362403,0.0013074437438986754,-2.178727058084834e-05,0.0027392337379184358,0.00267043968260166,0.0,0.0,0.0,0.0031101840108610146,0.0024103758694793724,0.0021381339482786635,-0.0011880827311235196,0.006866598909455283
0.86621255,0.5036328,0.8748852,0.9411765,0.9411765,0.4037781,0.7562161,0.38712263,0.36571217,0.97959185,1.0,1.0,0.36571217,0.36571217,0.22513185,0.5624597,0.54276705,0.006135759651888672,-0.0016166678101077997,-0.005155628361685456,-0.0023375711638262938,-0.002778512487369208,0.0031886592164640203,0.0014246743665707543,-0.0019938664924698986,-0.005041135758843354,0.0,0.0,0.0,-0.0016045059407679629,-0.0036008446604026134,-0.007516169090427564,0.00033831352329328856,-1.2275182042301159e-05
0.8434853,0.6680229,0.89777565,0.9411765,0.88049805,0.78728664,0.88,0.4902475,0.4772762,0.97959185,1.0,1.0,0.4772762,0.4772762,0.5794178,0.3624596,0.556517,0.007089588975608922,0.00014736061642996355,-0.003239437014137235,-0.0007266662012890075,-0.002297946242029445,0.0003415475398058846,-0.000547164303070005,0.001818027151378707,0.0012978583260447915,0.0,0.0,0.0,0.0030198566542782215,0.0023693373570075563,0.00212603138925838,-0.000150080823604486,0.0007877325799849095
0.90918756,0.96153843,0.25661632,0.24655294,0.24655294,0.88,0.88,0.67524767,0.6572161,0.97959185,1.0,1.0,0.6572161,0.6572161,0.7551321,0.3624596,0.78776705,0.008573768295550017,0.0009839225253279937,0.0022671426313570016,0.003095519015460772,0.006585713566386438,-0.0006215526822675635,-0.0001587108486564404,0.000746545411703886,0.00415532740983968,0.0,0.0,0.0,0.001108751086674422,0.0028853903901225088,-0.00013101319442730558,0.0013274863959509629,0.0058744154083282965
0.50677735,0.58001566,0.943406,0.9411765,0.9411765,0.94859445,0.94859445,0.22774744,0.19596164,0.97959185,1.0,1.0,0.19596164,0.19596164,0.5022749,0.19912614,0.43276703,-0.013073268069534625,-0.0006029060552184807,-0.0042810657091882495,-0.0041242690902560004,-0.003124761130693906,-0.0006787774576782067,-0.002568846578316412,-0.00970609856919024,-0.013162985605183173,0.0,0.0,0.0,-0.009428957091492449,-0.006666907496927561,-3.742324630884999e-05,-0.0012307651240861016,-0.006069657420047991
0.8941739,0.807314,0.54852456,0.9411765,0.9411765,0.7562161,0.7196065,0.5439975,0.5272237,0.97959185,1.0,1.0,0.5272237,0.5272237,0.53370345,0.31023735,0.7765171,0.006678111862275854,0.0003505721717084222,0.0023495111120040357,-0.000707360647037822,-0.00328606149990158,0.0014059009534971622,0.00047092052937245705,0.0025416383714479463,0.002107736010518714,0.0,0.0,0.0,0.0030590200878853895,0.0023698069077849717,0.0009034200883420124,-0.0010170795207371554,0.005192829534791943
0.7805376,0.9363225,0.42108917,0.9411765,0.40457588,0.85377544,0.88,0.8171226,0.8092702,0.97959185,1.0,1.0,0.8092702,0.8092702,0.85513204,0.5291264,0.7627671,0.0026151860548493965,-8.957378330529925e-05,0.002401874357275263,0.0008712410777191227,9.370305633045702e-05,-0.00025770725199991153,-9.544152643165992e-05,0.0038887817831601973,0.004559131556730775,0.0,0.0,0.0,4.804767880048772e-06,0.0018248652510644984,0.0008551850168441924,0.00035620956554251247,0.005768720749125153
0.7714467,0.8299092,0.6960565,0.6687601,0.9411765,0.88,0.74310553,0.49837255,0.4764684,0.97959185,1.0,1.0,0.4764684,0.4764684,0.36227486,0.5235707,0.62651706,0.0025003269673976414,0.00031551330332040624,0.0018064424705021408,2.60833247406321e-05,-0.003078909764238794,-0.0003231202170269678,0.0010711563681621119,0.0020202286048047412,0.0021522904675909437,0.0,0.0,0.0,0.00321829233307672,0.002755006479307639,-0.0009943987021495797,-5.561209470945315e-06,0.0043977060225135365
0.37530348,0.5300166,0.85253423,0.9748012,0.8627297,0.88,0.88,0.30524766,0.28123015,0.97959185,1.0,1.0,0.28123015,0.28123015,0.17941761,0.62468183,0.34901702,-0.018216496388494506,-0.0009807351175941937,-0.0032693883051764204,-0.004740232949307835,-0.002148373094783907,-5.5811825545514624e-05,-0.0009200812054976454,-0.005158363853163281,-0.008418717969124342,0.0,0.0,0.0,-0.005972160260727548,-0.004540111727354721,-0.007296909610493133,0.0003604791552421523,-0.009339634948797299
0.6127,0.40664274,0.7308787,0.9411765,0.72308767,0.6880367,0.88,0.28087258,0.2596769,0.97959185,1.0,1.0,0.2596769,0.2596769,0.36656052,0.52134854,0.29276705,-0.008278358893772951,-0.0023528541054085687,-0.0016023445175727849,-0.004977025858853982,-0.0005817027962204187,0.001480009702983317,-0.0007644525163129477,-0.006011767750221161,-0.00954195496383435,0.0,0.0,0.0,-0.00625483364094319,-0.008369075022018333,-0.003887759851086486,0.00032716323178029694,-0.01327859001825918
0.6759921,0.71548724,0.7056749,0.67800134,0.9429901,0.88,0.88,0.33587265,0.31116349,0.97959185,1.0,1.0,0.31116349,0.31116349,0.5579892,0.31023735,0.43276703,-0.0030889309503693385,0.0007426290533829178,0.0005078460684063614,0.0011883774205585901,-0.0031098323914261696,-0.0006942287026339417,-0.0006298324700654448,-0.003417987726390376,-0.0058441542952617975,0.0,0.0,0.0,-0.0022852842578483805,-0.002295031242393699,0.002366461442968439,-0.00022919732554649842,-0.0045668494465407015
0.8217909,0.53422594,0.88715726,0.9411765,0.8114974,0.7724515,0.88,0.74774754,0.74967104,0.97959185,1.0,1.0,0.74967104,0.74967104,0.6908463,0.7091263,0.5652671,0.004229129339746956,-0.0010827424177503467,-0.0012738223787178502,0.0014807160042606398,-0.0013629877405564375,0.00021974926028461974,-0.000298989079898783,0.002768000335306686,0.005689671272835633,0.0,0.0,0.0,0.00114998889893598,0.001496161256737536,0.0008719005003931606,0.00043808312975868765,0.0005990284184588086
0.6081545,0.39597693,0.6998146,0.7684883,0.6818434,0.88,0.88,0.34149766,0.32345837,0.97959185,1.0,1.0,0.32345837,0.32345837,0.28798908,0.41134855,0.50151706,-0.005754012463499142,-0.001710298680293417,0.0012635118990266805,-0.0006596985240021817,-0.0005552092919023484,-0.00024447662896729105,-0.0011230425974232214,-0.003978467224311854,-0.006484190966098169,0.0,0.0,0.0,-0.003956838592804414,-0.0031157455991869566,-0.004327430305171134,0.0001431658800926977,-0.002330215650947748
0.7078103,0.74951065,0.71445924,0.9411765,0.73087925,0.65949106,0.88,0.33899772,0.31907097,0.97959185,1.0,1.0,0.31907097,0.31907097,0.6237035,0.15468174,0.6065171,-0.0018146708223083952,0.00048290504263271273,0.0006396338585908628,-0.004263910878986231,-0.001407727951353708,0.0018512243764514408,-0.0006441108577461946,-0.004415289810012878,-0.005403856030321413,0.0,0.0,0.0,-0.0031909230878631035,-0.004436058555491309,0.002420670041360448,-0.0010331126718479504,0.001770561867335346
0.5987194,0.73431915,0.86411846,0.8302315,0.9431936,0.88,0.88,0.5846226,0.57803446,0.97959185,1.0,1.0,0.57803446,0.57803446,0.71370345,0.49579293,0.4927671,-0.00787632267648812,0.0005248904359794768,-0.0025332650437174557,0.00040062513990741117,-0.0018608644158097578,-0.00017408379593709445,-0.0005817424014896177,0.003315984172194388,0.004476956772385745,0.0,0.0,0.0,0.00398651728333382,0.0028730870003196986,0.0018661361570928609,0.00023106959904097766,-0.001364385222740076
0.7808819,0.77695835,0.64853984,0.9411765,0.8331568,0.6880367,0.88,0.2821225,0.26116157,0.97959185,1.0,1.0,0.26116157,0.26116157,0.2751319,0.6235708,0.24276698,0.0022999389862379265,0.00053485410142586,0.0010768936009104655,-0.00324444290889967,-0.0014235228370603036,0.001347170728242007,-0.0013051192136547156,-0.0059380175540868895,-0.009333520693091995,0.0,0.0,0.0,-0.005982384219608814,-0.008196759111651429,-0.007005502019169665,4.5773613238086366e-05,-0.014755613416569648
0.7165569,0.7284116,0.74467415,0.9411765,0.76808524,0.6594933,0.88,0.57462263,0.56309664,0.97959185,1.0,1.0,0.56309664,0.56309664,0.40227494,0.62245965,0.7240171,0.0001576205328081176,0.0007002052399574331,0.000953467926646252,-0.00033381179498689705,-0.0012396272307684858,0.0004875575344758071,-0.0003347299550919665,0.003420021936365242,0.0036370401285693577,0.0,0.0,0.0,0.004265737016153152,0.003009278284008486,0.0005885038660021217,2.8749014792152118e-05,0.006208505862184311
0.8941739,0.77695835,0.8287171,0.79621845,0.9411765,0.88,0.7522566,0.2927475,0.26335794,0.97959185,1.0,1.0,0.26335794,0.26335794,0.4865606,0.20468181,0.52776706,0.009053337914748567,0.0006780402826827052,-0.0024313904503689976,-0.0009458214918790639,-0.0037939273723472324,-0.00045300842187483045,0.0009786328938244876,-0.005168236652386577,-0.00876194503706335,0.0,0.0,0.0,-0.004759048278468752,-0.0060057954301564,0.00023817448372063165,0.0001984010230497692,-0.00030288768452177623
0.7662126,0.7339012,0.82280177,0.9411765,0.9431936,0.43173182,0.88,0.5883726,0.5816878,0.97959185,1.0,1.0,0.5816878,0.5816878,0.27227482,0.6446819,0.7665171,0.001397614572548343,0.00046554703454469086,-0.0002382307598918576,0.0009325907124734948,-0.0016407996391572357,0.0002265730121692177,-0.00016326240829283922,0.0035102433106848274,0.004995369662443275,0.0,0.0,0.0,0.0049422012650357314,0.00449128462915354,-0.0007619463700642882,-0.000507331481867997,0.008444769031700695
0.8403171,0.46829233,0.5317063,0.9924483,0.69067305,0.88,0.88,0.7852477,0.7720298,0.97959185,1.0,1.0,0.7720298,0.7720298,0.4922749,0.6546819,0.9190171,0.005092415594204806,-0.0005816076746316828,0.0019764583004921715,0.0018024392641483062,-0.00042124885187024003,4.995938252388813e-05,8.577336567780012e-06,0.004158476490401488,0.005311318140317861,0.0,0.0,0.0,0.0004205867003780714,0.0010464860790956126,0.001005317948366844,0.00023704961005049788,0.00976455648325606
0.657466,0.5612795,0.85253423,0.9748012,0.83308494,0.88,0.88,0.21649766,0.18727158,0.97959185,1.0,1.0,0.18727158,0.18727158,0.057988983,0.32023737,0.556517,-0.00422822407455309,-0.0013016803659698384,-0.0025429472509503437,-0.006429837676316954,-0.003044859231539427,-0.0002026505311797247,-0.0007719273224155562,-0.008244438042074895,-0.014302170366628633,0.0,0.0,0.0,-0.010160062547021391,-0.008644024873753313,-0.009110393797877056,0.00048710560973254336,9.758610187009131e-05
0.5843944,0.55002695,0.89178187,0.9411765,0.88049805,0.616763,0.88,0.4527477,0.43836412,0.97959185,1.0,1.0,0.43836412,0.43836412,0.5365606,0.5113485,0.3940171,-0.007447486303908397,-0.0013077424432851711,-0.0033450393642402484,-0.002541372255259496,-0.0006874393749687951,0.0006565470626922567,-0.0006498977957670585,0.0004774520555716359,-7.76700746240051e-05,0.0,0.0,0.0,0.0012758308827151477,0.0012232577913088576,0.0015976846010410503,0.000330951087840321,-0.006444777751340797
0.28405002,0.6841984,0.9144166,0.9411765,0.9924483,0.8841149,0.88,0.4389975,0.42159745,0.97959185,1.0,1.0,0.42159745,0.42159745,0.50227493,0.4635707,0.55776703,-0.027187979827692377,0.0002449038205173682,-0.003292231623128692,-0.0023248073130791042,-0.0028537844456156436,-0.00017352600740698867,-0.0010170528109193968,-0.0011363355612278604,-0.0016611690367761666,0.0,0.0,0.0,-3.111287476738e-05,0.0007353220438021848,0.0007972593161521933,-0.00011162710615330793,0.00017546532923078784
0.83893985,0.92629707,0.7247689,0.9411765,0.9411765,0.8433489,0.7562161,0.7514975,0.75385267,0.97959185,1.0,1.0,0.75385267,0.75385267,0.7279892,0.6246819,0.6790171,0.004797325970063481,1.9947991114142496e-05,0.0006147436963878671,0.000908014651805333,-0.0014183133810131377,-5.098344106986216e-07,0.00042953298394262664,0.002744865931736644,0.0037601825009945813,0.0,0.0,0.0,-0.0005395327488287506,-0.0005846102689348218,-0.0005189858001367758,0.0008537604764621346,0.003740162118268247
0.53893983,0.6804242,0.828525,0.9411765,0.9431936,0.59543914,0.88,0.41462266,0.39839345,0.97959185,1.0,1.0,0.39839345,0.39839345,0.16227476,0.5791263,0.5702671,-0.010413097940390975,-0.0004926083852065207,-0.0023406959988412092,-0.0035435394994957664,-0.00298793142024622,0.00022249714458244248,-0.0007323872110640442,-0.0008815827367868262,-0.003497500511764709,0.0,0.0,0.0,-0.0009240931164690508,-0.0010349373482383439,-0.006541503593647463,0.00036411477238397716,0.001571400070419762
0.90918756,0.96153843,0.30705982,0.29501826,0.29501826,0.88,0.88,0.71774757,0.71357876,0.97959185,1.0,1.0,0.71357876,0.71357876,0.8579892,0.62245965,0.4715171,0.009586409433295109,0.0010467602406147999,0.002839490616596736,-0.0009412362954364878,0.004274284300923665,-0.000645527901526816,-0.00021350827830935278,-0.00016395584314246402,0.0029217674352069655,0.0,0.0,0.0,-0.0016709279618094622,0.0013058323728607623,-0.0010260787338850594,-0.0005796973240976982,-0.0010223322906850142
0.6578102,0.49486074,0.65045595,0.62494785,0.9290669,0.88,0.88,0.22149754,0.19687782,0.97959185,1.0,1.0,0.19687782,0.19687782,0.28798908,0.4791263,0.30026698,-0.003650424194005313,-0.0012064972340680498,0.0011657695585329964,0.001908093422104712,-0.003622503320165889,-0.00029539267786294254,-0.0012191679493329705,-0.007085958554013956,-0.01243994438214682,0.0,0.0,0.0,-0.007351154438048919,-0.008271269165414343,-0.004818361480393876,0.00030574371989755924,-0.011855735103120022
0.6623557,0.7495128,0.8063406,0.9411765,0.8218394,0.6594933,0.88,0.54399765,0.52837855,0.97959185,1.0,1.0,0.52837855,0.52837855,0.5365606,0.50023746,0.63276714,-0.002859323033062111,0.0006615039426914796,-0.0011037382361108606,-0.00046110800642350897,-0.0009107943212621875,0.000525315399736601,-0.00037142572646090455,0.0028694572212673176,0.0023987198667646996,0.0,0.0,0.0,0.0036871818642011276,0.002762120056603691,0.0014763865815368886,0.00032143104984521856,0.003173415838210999
0.90918756,0.96153843,0.21291031,0.20456089,0.20456089,0.88,0.88,0.52962255,0.5053448,0.97959185,1.0,1.0,0.5053448,0.5053448,0.3051319,0.5113485,0.7940171,0.007070682332845748,0.0009390645038970092,0.002446737518847561,0.00484481338718824,0.007716391402485305,-0.0006532258961033986,0.00016923424185235874,0.0016599288559293007,0.0016662833520813645,0.0,0.0,0.0,0.0036765903717828896,0.00275565366980928,0.0015268429337632376,0.00033756335104082155,0.005042343413261893
0.8490637,0.8387082,0.6954555,0.9431936,0.6717887,0.88,0.88,0.2864976,0.257169,0.97959185,1.0,1.0,0.257169,0.257169,0.38227478,0.26468182,0.494017,0.006009877859229895,0.000827042177844617,0.0014346817065099304,-0.004415312587413082,-0.0004702481595381144,-0.0006093871326152595,-0.0008769215456932922,-0.0045934235533273745,-0.008393194275482543,0.0,0.0,0.0,-0.004841762185251011,-0.0071252637646975195,-0.0022615919073763675,0.0009154532969184711,-0.0026262480110633207
0.5343944,0.73433506,0.8323762,0.9411765,0.9411765,0.64370847,0.64370847,0.3483727,0.33193856,0.97959185,1.0,1.0,0.33193856,0.33193856,0.36656052,0.5224597,0.42901695,-0.012784916989460342,4.769778385266793e-05,-0.003174900206450714,-0.0047154149530629404,-0.0030247797316943293,0.0011792222467447591,0.002675998564888763,-0.004051403600885407,-0.005947180548684821,0.0,0.0,0.0,-0.0029764408459150636,-0.003155438813113571,-0.0028727226676453603,0.0002599602620803128,-0.005095263657372474
0.89451826,0.83164656,0.72477674,0.8749571,0.90580547,0.88,0.88,0.4171226,0.38918248,0.97959185,1.0,1.0,0.38918248,0.38918248,0.5079892,0.3813485,0.49526703,0.008486350780875852,0.0004623762950534034,0.00024822388783065865,-0.0015516270620056878,-0.0026925453581091315,-0.0005261074482122373,-0.0007440346925011596,-0.0008899534921261725,-0.003119414073868146,0.0,0.0,0.0,-0.00013946934303136357,-0.001018301568822508,0.0006336646546880229,0.00027097939805076994,-0.0017084031745095724
0.848375,0.85812646,0.9025261,0.8671329,0.91916525,0.88,0.88,0.65837264,0.6461965,0.97959185,1.0,1.0,0.6461965,0.6461965,0.815132,0.5569041,0.6065171,0.005051565040378789,0.0006299350178425456,-0.0008750624824415282,0.0005125856559300744,-0.001486543982760591,-0.00020545754738859803,-8.272652813170048e-05,0.0035944097744447633,0.004894252639311942,0.0,0.0,0.0,0.0026581282631198805,0.0021029140747859283,0.0012900102102471045,0.0006026313078138042,0.0027900389702090033
0.77144665,0.65729946,0.6196517,0.9748012,0.87855715,0.88,0.88,0.47774756,0.4679217,0.97959185,1.0,1.0,0.4679217,0.4679217,0.16227491,0.7813485,0.47151697,0.0012047406624846235,-0.00012137312639272222,0.0016592178773675163,-0.002956510527850573,-0.0022137461486561143,-0.0001843124902142973,-0.0006675952934233644,0.0015120160855457924,-2.837826673213809e-05,0.0,0.0,0.0,0.002154548334220394,0.0015682517011430747,-0.006116641027233585,-0.0010385595003011912,-0.003959912170062519
0.7529205,0.7582169,0.81654656,0.7845251,0.9411765,0.88,0.6685456,0.5302477,0.513408,0.97959185,1.0,1.0,0.513408,0.513408,0.5137034,0.47468185,0.62526715,0.0016517995513575762,0.0004415371950954819,-0.0003525886601586306,2.0218957786501452e-05,-0.0030491186695091677,-0.00029147590158001683,0.0009288756960766039,0.0027619134463832983,0.0027312493641524784,0.0,0.0,0.0,0.0038772144652954644,0.0028484683155773805,0.0013630236043819582,1.704802791397355e-05,0.002759078995042545
0.8763364,0.83870864,0.589953,0.85748094,0.9411765,0.88,0.752257,0.5314977,0.51341397,0.97959185,1.0,1.0,0.51341397,0.51341397,0.54513204,0.5735707,0.567767,0.005894500657008702,-2.03946635884886e-05,0.0026976120299448832,-0.00055770681428909,-0.0027551198183810616,-0.0007280490522644453,0.0006682608410580906,0.002216550628884718,0.0024628969419369776,0.0,0.0,0.0,0.0032162981584024507,0.0024555806895646733,0.0016847081397534333,0.000363957275789486,0.0007548692263802513
0.52984893,0.64183027,0.7942315,0.9376084,0.9411765,0.88,0.63908994,0.6858727,0.67744243,0.97959185,1.0,1.0,0.67744243,0.67744243,0.5165606,0.6046818,0.7240171,-0.009294627159748315,0.0003025214763507137,0.0006481564227411704,0.00035798829395309976,-0.0019007076956263137,5.819908567855068e-06,0.0005867309765839604,0.003416374765604982,0.004424317683685679,0.0,0.0,0.0,0.002635786405539171,0.0015771275863983502,0.0010875181339440295,0.0008051966083254141,0.004612862930882879
0.74348533,0.868572,0.96264315,0.9248924,0.9411765,0.88,0.7833149,0.3333726,0.307791,0.97959185,1.0,1.0,0.307791,0.307791,0.65656054,0.15468174,0.60026705,0.0008302556571881309,0.0007603410494418552,-0.004050846127457631,-0.001793451040614172,-0.003081788972971469,-0.0003129421626041054,0.0005120623521531662,-0.005213159388619409,-0.0062137439376489904,0.0,0.0,0.0,-0.003122690526361499,-0.0021474449946843753,0.0028988393650457396,-0.002181335000657641,0.001481242968981983
0.78405,0.83747613,0.66663325,0.9411765,0.9411765,0.7509752,0.752257,0.41149747,0.39526865,0.97959185,1.0,1.0,0.39526865,0.39526865,0.5637035,0.2424595,0.6115171,0.0026664043925361237,0.0009006905963826372,0.0013823696807789719,-0.0029377439269947718,-0.0022280897291384054,0.0009207180934209377,0.0009273603267503376,-0.0014070224133289205,-0.001121135079172007,0.0,0.0,0.0,0.0007255073765345568,-0.0001307561002673998,0.001826989300747092,-0.001870740138249242,0.0026595911695584716
0.88508296,0.8072206,0.7136513,0.8625046,0.9411765,0.88,0.627938,0.51462245,0.49885228,0.97959185,1.0,1.0,0.49885228,0.49885228,0.4165606,0.7080152,0.3840171,0.005759034432997946,0.0004272096898032788,-0.0004621147177641146,-0.000550630693813113,-0.0036177519014052705,-0.0003550907214401313,0.0021550273139372207,0.0019246527868885762,0.0016917750644589737,0.0,0.0,0.0,0.0028882021707128946,0.0021019020333121812,-0.0010036349662127626,-0.001060196149728112,-0.005595231326114102
0.848375,0.7646722,0.92284065,0.96780485,0.8219569,0.88,0.88,0.6183727,0.60392755,0.97959185,1.0,1.0,0.60392755,0.60392755,0.7737035,0.35801518,0.73401713,0.00534118900186527,0.000589439652927539,-0.0019458233812802192,0.00045915171560986025,-0.0012067390844189485,-0.0001873509402800426,-0.00012942666463414368,0.0033144775385827285,0.004128309336849181,0.0,0.0,0.0,0.0030196132017335847,0.002227946953425733,0.0013859833305973463,-0.000977049877127056,0.00540236842256978
0.8987194,0.74191046,0.7183117,0.9411765,0.80939794,0.6515869,0.88,0.4108727,0.39091712,0.97959185,1.0,1.0,0.39091712,0.39091712,0.3222749,0.3869041,0.55776703,0.009672786018047316,0.0006138596635459854,0.000727343984016596,-0.0030372812477451956,-0.0016790625834847577,0.0017075602212811092,-0.0006750901037044773,0.0001369684935690902,-0.0019226412819009578,0.0,0.0,0.0,0.0007436703701992207,-0.0007333294045315726,-0.0028836279866636793,0.0005363139611842594,0.0013414223738114565
0.72213525,0.59163266,0.71835786,0.8225645,0.65092814,0.88,0.88,0.62149763,0.61406976,0.97959185,1.0,1.0,0.61406976,0.61406976,0.59941775,0.7035708,0.462767,0.000831606104081567,-0.0005730240548514646,4.490057477396376e-05,0.000430327442405708,-0.0007528173106700392,-3.801046677177465e-05,-0.0006225830125351902,0.0027850165360606433,0.004497990764622191,0.0,0.0,0.0,0.0036504519556679795,0.002527050442187312,0.0013359581836829512,-0.0006864126149840349,-0.0027839579665532577
0.7385955,0.89215684,0.797721,0.9411765,0.8710378,0.5119016,0.88,0.43337262,0.41076756,0.97959185,1.0,1.0,0.41076756,0.41076756,0.6994177,0.4580151,0.38776708,0.000795663586696329,0.0007490810600910422,-0.0015826949885125463,-0.0024158771311585305,-0.0014615252679008343,0.003144172700722326,-0.0010187745565304262,-0.00010265077621260266,-0.0012053721377896717,0.0,0.0,0.0,0.0005425714932185079,3.678995762932194e-05,0.005075356356880415,0.00019125462886543336,-0.006193942471486963
0.7441739,0.7456873,0.5691784,0.878675,0.9411765,0.88,0.6555148,0.3358724,0.3109551,0.97959185,1.0,1.0,0.3109551,0.3109551,0.46656063,0.3913485,0.452767,0.0006895158501917758,0.0005137504788365612,0.003837835393335344,-0.0015805543107987002,-0.0023775355117150675,-0.0006515186497153938,0.0023087534551228003,-0.0047242245781776125,-0.0060766786301765215,0.0,0.0,0.0,-0.0027206816807901564,-0.003097771619291235,-0.00017779455811161842,-0.000215974462538721,-0.003546126762490952
0.43439433,0.12204596,0.6646875,0.9411765,0.64705724,0.94859445,0.88,0.43524754,0.41825297,0.97959185,1.0,1.0,0.41825297,0.41825297,0.37656063,0.50023735,0.5140171,-0.017611152415156924,-0.0062254280451259515,0.0010576755334893147,-0.004428802783617695,-0.00027056129727718036,6.735551549773736e-05,-0.0007936782246747898,-0.0005560658977698146,-0.0011868954774456085,0.0,0.0,0.0,9.672096207769574e-05,0.00046448726352006864,-0.0011142172192561866,0.00021956574342498473,-0.0010630516693283974
0.8941739,0.68792224,0.779242,0.9411765,0.87404,0.94859445,0.88,0.46712267,0.45366094,0.97959185,1.0,1.0,0.45366094,0.45366094,0.26227474,0.45023727,0.8165171,0.006643147531117155,0.0003147287509052489,-7.070795155989874e-06,-0.001495754551153909,-0.0025184983536911867,-0.0006567192491696438,-0.0002145370130866092,0.0005300577059249617,0.0005795521396613411,0.0,0.0,0.0,0.00219143007064094,0.0016338177833373334,-0.0026097833240137634,-8.092019507409498e-05,0.009677188699206554
0.82668066,0.43801826,0.4992414,0.9117176,0.5662726,0.88,0.88,0.43712258,0.42117918,0.97959185,1.0,1.0,0.42117918,0.42117918,0.40227494,0.396904,0.67276704,0.004975267470971169,-0.0010419269981766107,0.003870381785783924,-0.0029564165951705555,-0.0006954206817913294,-0.0004941461163449775,-0.0006260756204283493,0.0010152563475018153,7.647819964328888e-05,0.0,0.0,0.0,0.002143354020300148,0.0010286231779828264,-0.0006176251688267821,0.00022259904816406638,0.004583080025060014
0.58473873,0.7580188,0.90391,0.8853676,0.9924483,0.88,0.88,0.62212265,0.6070801,0.97959185,1.0,1.0,0.6070801,0.6070801,0.7408463,0.3813485,0.70151716,-0.006886446183675614,0.0007565725498237498,-0.0022122645706630435,7.526310755830573e-05,-0.0036653483954227867,-0.0004053637974156256,-0.0003347282803737272,0.003743617125452171,0.004561437264435024,0.0,0.0,0.0,0.0035749305925712326,0.002487091585022571,0.0015749829213794365,-0.0007982315003769627,0.0044133817788754946
0.848375,0.7766012,0.84716076,0.9924483,0.79949325,0.88,0.88,0.61337245,0.6055996,0.97959185,1.0,1.0,0.6055996,0.6055996,0.6508464,0.5880152,0.54401696,0.004348776049587675,0.0007470161533780342,-0.0006912838471811786,-0.0006673224690889288,-0.0005814047098938082,-0.00024106568931725196,-7.638276060290886e-05,0.002704103528560049,0.0047862073184713775,0.0,0.0,0.0,0.0037277845457620775,0.0030030247065229807,0.001742714023294188,-9.106636255181807e-05,0.00013149988925108518
0.7347387,0.67752063,0.711275,0.9411765,0.9748012,0.71241915,0.88,0.7189977,0.7203279,0.97959185,1.0,1.0,0.7203279,0.7203279,0.8037035,0.58801526,0.562767,-0.0007091561359903037,0.0003841518440576527,0.000869819504528127,0.001310429495008042,-0.001983442266290181,0.0008496392101921224,-8.606645634780889e-05,0.0026298782587694173,0.004181015908547989,0.0,0.0,0.0,0.001195798936322297,0.0005720194857113008,-0.00023035465023001276,0.0004731975422743077,0.00016449162904860594
0.36235577,0.65729946,0.6816901,0.9411765,0.6079335,0.5635914,0.88,0.3133725,0.28884965,0.97959185,1.0,1.0,0.28884965,0.28884965,0.42370346,0.3335708,0.457767,-0.024618688928153255,-0.0003837054445267304,0.0017112207536063,-0.004599396873280892,0.0003933664523794248,0.0019737398641391348,-0.0009775685448090727,-0.004786235324130122,-0.006561032196484594,0.0,0.0,0.0,-0.004481312876739318,-0.004670941962260332,-0.0008174569254881524,4.8467004183769056e-05,-0.003689623584879663
0.8448625,0.7646722,0.68319595,0.9411765,0.9411765,0.98459446,0.73099464,0.73649764,0.73464596,0.97959185,1.0,1.0,0.73464596,0.73464596,0.62084633,0.61023736,0.7565171,0.006072332596442877,0.0006550084069121142,0.0013345829542915732,0.0007058149081962965,-0.0012360522883828023,-0.0013073151078102014,0.0007838033130073734,0.004044687939732881,0.004934503222839459,0.0,0.0,0.0,0.0014882727409803146,0.0006552850460161006,0.0007048988060668747,0.000664127359576248,0.005949485554661
0.7490637,0.84251547,0.69347614,0.9411765,0.7444838,0.7562161,0.88,0.56649756,0.5568828,0.97959185,1.0,1.0,0.5568828,0.5568828,0.33513206,0.58912635,0.6615171,0.0009426257161132029,0.00022516229544806453,0.001544493555314022,-0.0018493921644330033,-0.0008294403809035177,0.0003840090502355424,-0.0002881846178100839,0.0038764073350662886,0.004157425793787648,0.0,0.0,0.0,0.004843752232292942,0.0034450674507094854,0.0001984457464705849,0.0002354490927500932,0.004403046590438972
0.885083,0.7456876,0.55057454,0.9411765,0.4955537,0.7522566,0.88,0.31087255,0.2862315,0.97959185,1.0,1.0,0.2862315,0.2862315,0.49656057,0.25245953,0.50151706,0.009035353421762668,0.0004657384046013298,0.003379465432596855,-0.004927297822350515,0.0014589366247288748,0.0012278629461031246,-0.0010483974631975753,-0.00479011548641345,-0.006106600970987907,0.0,0.0,0.0,-0.00427662096971704,-0.006502747837257826,0.0003389406346630837,0.0006612265986298508,-0.0014311118850093938
0.8952068,0.5504885,0.5650107,0.8331568,0.6392767,0.88,0.88,0.48149753,0.45872506,0.97959185,1.0,1.0,0.45872506,0.45872506,0.24084623,0.51912624,0.8165172,0.006263884288123201,-0.0003834615629852961,0.0032780458792217447,-0.001911697641564287,-0.00015636089582234342,-0.0002740827802238936,-0.00014154810716012083,0.0012754278218956088,0.0005241772554402278,0.0,0.0,0.0,0.002344474929311433,0.001713437980102794,-0.0030163845271005216,0.0003426087506423689,0.009085743559714612
0.19382957,0.5305114,0.7303826,0.81213874,0.9411765,0.88,0.49595353,0.27962255,0.25279763,0.97959185,1.0,1.0,0.25279763,0.25279763,0.42370346,0.3902374,0.39026713,-0.03501508312362384,-0.00013868339058234025,-0.0007023554970292217,-0.0016896348944058258,-0.001651010620775934,-0.00019106348491500512,0.004430147350351456,-0.009513533892341422,-0.009819472761175799,0.0,0.0,0.0,-0.008131172396492881,-0.003562610031598239,-0.0009899796806484178,-0.0006436669276076937,-0.007583155404544564
0.88542736,0.83164656,0.6277785,0.9411765,0.6329645,0.74491245,0.88,0.4789976,0.4606704,0.97959185,1.0,1.0,0.4606704,0.4606704,0.4865606,0.44579294,0.7215171,0.007985119383031957,0.0005001432209186831,0.002236482367678285,-0.002862056045983472,-0.0006561090830262182,0.0007512350287195303,-0.00037767876265419007,0.0017028463464211553,0.0008035965212864121,0.0,0.0,0.0,0.002520428413873008,0.0015816859946667333,0.0009534363567101933,9.765428500505799e-05,0.00511900650687052
0.7934853,0.79087156,0.9596623,0.968766,0.9924483,0.88,0.88,0.67649746,0.6656821,0.97959185,1.0,1.0,0.6656821,0.6656821,0.7108463,0.6502374,0.5352671,0.002775023579494472,0.0010076016941717387,-0.0026791173152274413,0.0011979879737187638,-0.0014680277152308283,-0.00010540888412859589,-0.0004528212332667071,0.003971407211369322,0.006860993623478995,0.0,0.0,0.0,0.0037300491007843896,0.002531330299328543,0.0014824089506404923,0.0005155823728635931,5.167833703058678e-05
0.8214466,0.7503163,0.6958196,0.9376084,0.9431936,0.88,0.88,0.5358726,0.5222985,0.97959185,1.0,1.0,0.5222985,0.5222985,0.4165606,0.48912632,0.6615171,0.004688933463887387,0.00047855732793504127,0.0015247828002645546,-0.0007418207524502624,-0.0030749274108426605,-0.00034230116601127107,-2.3675337468904817e-05,0.0030061033539813212,0.0030792771614198016,0.0,0.0,0.0,0.0041322711143288015,0.003125508904898277,0.000290380525947068,0.00012803014736875905,0.004885113913646002
0.47564778,0.62278557,0.636723,0.9411765,0.8645021,0.65550095,0.88,0.1527474,0.12094313,0.97959185,1.0,1.0,0.12094313,0.12094313,0.515132,0.286904,0.222767,-0.017827627086987555,-0.00020146170132418053,0.0012488222522942577,-0.004593460040133081,-0.0022448403047745087,0.0020077743147244704,-0.0007713306649738376,-0.011271405483164645,-0.015086711347253798,0.0,0.0,0.0,-0.011734030245851932,-0.014073234526897105,1.4197015009406109e-05,2.0485979808676825e-05,-0.015366959069951084
0.7808819,0.7805235,0.73767203,0.9376084,0.8349373,0.88,0.88,0.51149774,0.4955758,0.97959185,1.0,1.0,0.4955758,0.4955758,0.3879892,0.5702374,0.57526696,0.003474460137575348,0.0004360509413164774,0.0002189775360692462,-0.0008660750175341906,-0.001632873404753104,-0.0002406777472822166,-0.0005315806748636962,0.002040262088239884,0.0017529400187738706,0.0,0.0,0.0,0.0029939469106688575,0.002535922461753637,-0.0008920770591218379,8.427916238083724e-05,0.002124504799486459
0.693141,0.3961038,0.98740804,0.96780485,0.8664516,0.88,0.88,0.3752476,0.35072374,0.97959185,1.0,1.0,0.35072374,0.35072374,0.6322749,0.5013485,0.27276695,-0.0027545263787010664,-0.0023186233356108205,-0.007195011150942326,-0.0027841338618367502,-0.0016831169120604412,-0.0002824027383145692,-0.0007749077771582041,-0.0024720266128083084,-0.005557094909117455,0.0,0.0,0.0,-0.002182651185099296,-0.002412251592762226,0.003904582681594812,0.0003483213748488133,-0.014330579529026936
0.90918756,0.96153843,0.36250055,0.34828484,0.34828484,0.88,0.88,0.7639977,0.7508141,0.97959185,1.0,1.0,0.7508141,0.7508141,0.8308463,0.5680152,0.6677671,0.009811666637281747,0.0007334689000542236,0.002452369708645356,-0.0006010724368426519,0.0026683617038909275,-0.0005502034014062447,-0.00034494317167565346,0.000673636098663265,0.0040210182053813616,0.0,0.0,0.0,-0.0014315043476424614,0.0015822358171768967,-0.0001629544427928017,-0.00015743152894861362,0.002947519310283822
0.4892841,0.6539967,0.6136939,0.9411765,0.9748012,0.62410676,0.88,0.39274752,0.37602484,0.97959185,1.0,1.0,0.37602484,0.37602484,0.34513202,0.59357077,0.41276705,-0.01420683828254918,-0.0001060630173694164,0.0020713677850213354,-0.0032838659957016196,-0.0017058686179635535,0.000884420846432128,-0.0009192818609891906,-0.0032453904508677757,-0.004251209448899811,0.0,0.0,0.0,-0.002652827305984486,-0.0018345976562790384,-0.0031914823156661103,0.00010728754953702471,-0.0068503563231394286
0.78962845,0.83747613,0.3384459,0.9411765,0.32517353,0.7509752,0.88,0.50337255,0.48931754,0.97959185,1.0,1.0,0.48931754,0.48931754,0.63370353,0.48023733,0.48901713,0.004179499399536793,0.0007573793807901661,0.003827729483069572,-0.004809072603593078,-0.003173695856348779,0.0006352561166665051,-0.0004388280022786542,0.0013244204854294833,0.0011960420680514462,0.0,0.0,0.0,0.002049214117989222,0.0015242619049161566,0.0020447436955425167,-2.5832147474940774e-05,-0.0013765869960873358
0.507466,0.5305114,0.8819255,0.9924483,0.83112794,0.88,0.88,0.25587237,0.22565272,0.97959185,1.0,1.0,0.22565272,0.22565272,0.46656063,0.4191263,0.32276702,-0.01255844584142343,-0.0007886065217766451,-0.00420970920744987,-0.004435937777536576,-0.0014605164430167331,-0.0002309666432889593,-0.001040864849893902,-0.00868722018511231,-0.011973642075109814,0.0,0.0,0.0,-0.008564489474568483,-0.007075824277577165,-0.0005859228586707472,9.607456457120477e-05,-0.012059272574423097
0.87633646,0.83164656,0.8404948,0.8075342,0.86715275,0.88,0.88,0.6996225,0.69181156,0.97959185,1.0,1.0,0.69181156,0.69181156,0.6479892,0.5569041,0.7852671,0.00686981338458663,0.00028361324333606803,0.0003323140117613986,-6.450277847434605e-05,-0.0019316804464271562,-0.00013449093018148947,-0.0003047769476928037,0.003609273448786568,0.005025730072812741,0.0,0.0,0.0,0.002451613007400195,0.0017917382267731833,0.0012592300954484693,0.00046459199511545953,0.006668001435708108
0.87984896,0.89078647,0.93548715,0.9411765,0.9924483,0.98459446,0.88,0.7546228,0.7473548,0.97959185,1.0,1.0,0.7473548,0.7473548,0.85084635,0.66912633,0.452767,0.007462578936706698,0.0007932340598550896,-0.001200224226449724,0.0008798315494440053,-0.001390280969659375,-0.001191714283254981,-0.000386206394383004,0.003936420631753558,0.00550245841117843,0.0,0.0,0.0,0.00097918242374049,0.00022949458370630227,-0.000406905491625403,0.0009719836726034456,-0.002585655521927642
0.8616671,0.83164656,0.98912174,0.968766,0.9411765,0.88,0.74491245,0.5683726,0.54981905,0.97959185,1.0,1.0,0.54981905,0.54981905,0.67084634,0.5135708,0.47651708,0.006796844057562282,0.0007527630074373516,-0.0037799110400774123,0.00028206665633192607,-0.0026436309542188863,-0.00021587593247255038,0.000661287390341503,0.002187097677413116,0.0026007536654928743,0.0,0.0,0.0,0.0030128213086420925,0.0023594307774856844,0.0020155810210239294,0.0001444673477541439,-0.002599915526405412
0.90815455,0.46933898,0.79537314,0.76418203,0.79979026,0.88,0.88,0.6289977,0.6211315,0.97959185,1.0,1.0,0.6211315,0.6211315,0.765132,0.7102374,0.369017,0.00902546537134286,-0.0015829399666567644,-0.0012738814302226732,0.0005848714983196185,-0.0009808160335922967,-0.00018655698565674496,-0.0005933998355606008,0.002152858166178108,0.005300480401732997,0.0,0.0,0.0,0.003311774792612374,0.002738889446690729,0.002892058176829367,-0.0007752185072464454,-0.006558914661487015
0.8396284,0.8034914,0.7607097,0.9411765,0.75485903,0.71563107,0.88,0.35337245,0.33600265,0.97959185,1.0,1.0,0.33600265,0.33600265,0.46513203,0.48468176,0.33401704,0.005163621414665297,0.0007437260841382506,-0.0007132744529526455,-0.002902431501775872,-0.0009467766923385357,0.0011413401550565785,-0.0012118395591574945,-0.0025849966621450827,-0.005755461118570584,0.0,0.0,0.0,-0.0023675803569423942,-0.004388278386138167,-0.0009229738268770506,0.0003861974081436083,-0.009745444391582427
0.90918756,0.96153843,0.12696324,0.121984296,0.121984296,0.88,0.88,0.34587264,0.32510734,0.97959185,1.0,1.0,0.32510734,0.32510734,0.59941775,0.63245964,0.08276701,0.008321484394585908,0.0013441045194585149,0.00756850978910243,0.010235553631362354,0.005733698960409084,-0.0007484307264254527,-0.0016969749394225345,0.0008458558308539456,-0.0048901383638672085,0.0,0.0,0.0,0.00013801090141367777,-0.00252329388848339,0.0024046142970663258,-0.001494774329186962,-0.020783379570911035
0.8214467,0.7157168,0.79775405,0.9924483,0.77541083,0.88,0.88,0.52337265,0.5096683,0.97959185,1.0,1.0,0.5096683,0.5096683,0.5137034,0.37579292,0.6615171,0.00521131323207935,0.0006059860200221528,-5.928161688164273e-06,-0.0020121635343481447,-0.0007585373321086018,-0.00021411426583004093,-0.0001390175629975395,0.0026687780711516663,0.002309694343857542,0.0,0.0,0.0,0.0036224987198650873,0.002627258354457179,0.0014156908993773285,-0.0007608769210032246,0.004414995073142899
0.4658682,0.5108588,0.9145393,0.878675,0.9411765,0.88,0.49527124,0.6146225,0.6070376,0.97959185,1.0,1.0,0.6070376,0.6070376,0.46656063,0.6069041,0.7152671,-0.01403974157820703,-0.0019338543582581883,-0.002802724248239193,-0.0011777216213403705,-0.0013670397168337744,0.0001656718593138206,0.000652089388569976,0.003754589809517418,0.005713997373665196,0.0,0.0,0.0,0.004496898534351547,0.0027731288212237697,0.0007562848187464425,0.00036693063007654336,0.0059776867248109555
0.6669012,0.80040306,0.696217,0.9411765,0.7218041,0.78728664,0.88,0.7027476,0.69815135,0.97959185,1.0,1.0,0.69815135,0.69815135,0.43227497,0.7035708,0.6390171,-0.0036805321590651567,0.0004046330945950394,0.0010281732686570858,0.0006810918298251934,-0.0013789686612888982,0.00017455356737013322,-0.00020031051769562287,0.00268102430167998,0.005002376396282723,0.0,0.0,0.0,0.002749139434517838,0.0023240170616664513,0.0014046357789892034,-6.350974023443776e-05,0.00304264786313746
0.7896285,0.9002042,0.7505715,0.9411765,0.7451192,0.81621236,0.88,0.21087265,0.18557094,0.97959185,1.0,1.0,0.18557094,0.18557094,0.19227491,0.35801518,0.499017,0.0033930271522177903,0.0012785186995503963,-0.0008008551564325986,-0.00621808884705788,-0.0015266674197441856,0.0003134555718031646,-0.0009077735642908652,-0.007216242553648559,-0.014063759672813907,0.0,0.0,0.0,-0.009778792965002198,-0.011027358147113659,-0.006972727247423613,0.000954245160848239,-0.002302109352950073
0.899408,0.9002042,0.87219405,0.8379904,0.89572877,0.88,0.88,0.5121225,0.4938473,0.97959185,1.0,1.0,0.4938473,0.4938473,0.7979892,0.32023737,0.452767,0.008358454924622616,0.0004491386611406223,-0.002389074453236777,-0.0006245807853326067,-0.003461407719870953,-0.0007192964311433435,-0.00031261891762421383,0.0015465377159534555,0.0019325685859063757,0.0,0.0,0.0,0.0027335101249992668,0.0019354485700851917,0.003786547014944125,-0.0010675623445551188,-0.0019848881654568797
0.7714467,0.6537348,0.6384722,0.9117176,0.71547943,0.88,0.88,0.27837265,0.25507015,0.97959185,1.0,1.0,0.25507015,0.25507015,0.16227491,0.4257929,0.53401697,0.0013430422859472219,-0.00023228430348080892,0.0012380469590655837,-0.004207861524301741,-0.0015085049595825865,-0.0005029870731958395,-0.0007646206143757314,-0.005537059372010663,-0.009663040129495197,0.0,0.0,0.0,-0.0065763851732650435,-0.0066439499049631865,-0.007920360192519838,0.00036208514640643163,-0.0008010363231739673
0.8763364,0.83870864,0.62821746,0.9411765,0.859029,0.752257,0.88,0.48087263,0.4660784,0.97959185,1.0,1.0,0.4660784,0.4660784,0.47227484,0.43023735,0.5702671,0.007397846035069719,0.0004321943131642261,0.002626142877008135,-0.0023065634169626144,-0.002131829037400224,0.0009462156923608003,-0.0008147191562943008,0.0017874903704676792,0.0016432430891798694,0.0,0.0,0.0,0.0029991048666691365,0.0022442146492818566,0.0006483910757000534,0.00010403091417152258,0.0024929163604032385
0.8843944,0.9006214,0.9322891,0.9748012,0.96780485,0.88,0.88,0.3958726,0.37015745,0.97959185,1.0,1.0,0.37015745,0.37015745,0.4894177,0.49468178,0.45401704,0.007526416215320877,0.0007914197865929323,-0.004450450091974661,-0.0021302596741068626,-0.003815755620837744,-0.00022434925048469675,-0.000792608098873184,-0.0014728892418117037,-0.004869211370237406,0.0,0.0,0.0,-0.0011742302506552301,-0.0016099158503415885,4.6691085730190556e-05,0.0003125849467173382,-0.004670007733440578
0.6847387,0.59226435,0.87916005,0.92321026,0.9748012,0.88,0.88,0.21024728,0.17680426,0.97959185,1.0,1.0,0.17680426,0.17680426,0.5865606,0.40134844,0.032767057,-0.003859274486722375,-0.0005949278928340786,-0.004910758262311154,-0.0035401675004856927,-0.0029216087611720013,-0.0003038109365745492,-0.001247421115361698,-0.009198170709235298,-0.01418198778562178,0.0,0.0,0.0,-0.009017124181972869,-0.010741141962908565,0.001986829188246351,0.00019173379601170653,-0.02576211104593283
0.8305375,0.7997301,0.764462,0.9411765,0.9250866,0.71171933,0.88,0.6446228,0.6382573,0.97959185,1.0,1.0,0.6382573,0.6382573,0.5708464,0.7180152,0.56526697,0.004745988382334145,0.001062827228257335,0.0002704968242871255,0.00016730063122796546,-0.0009256959397941712,0.0004562005532904272,-0.00010465725740248172,0.0027402637126555498,0.005399981477786334,0.0,0.0,0.0,0.003287075388452621,0.003024779259456931,0.0013522545791779747,-0.00050691404018082,0.0010839065112930142
0.8127001,0.83893937,0.7606143,0.73078626,0.9429901,0.88,0.88,0.46149766,0.43925908,0.97959185,1.0,1.0,0.43925908,0.43925908,0.5279892,0.5313485,0.3677671,0.0037571625449466816,0.00042358637780304633,-0.0007234855214571839,-0.00022048275691475546,-0.003981993374346058,-0.000610038983345882,-0.0006281973782118952,0.0009247570969156114,-0.0009527370314153789,0.0,0.0,0.0,0.0017462752898873728,0.001005466532520142,0.001367813264163091,6.063486384703134e-05,-0.007244047536987621
0.707466,0.6262913,0.71379775,0.88992506,0.9411765,0.88,0.55535847,0.41462255,0.39682204,0.97959185,1.0,1.0,0.39682204,0.39682204,0.5594177,0.3402374,0.555267,-0.0005700441628157238,0.0003424242197559741,-6.0059579269119246e-05,-0.0012885789848837198,-0.002811739387836335,-0.000357692652188257,0.0021350234404445096,-0.0007273824137618191,-0.0015509244706718734,0.0,0.0,0.0,0.0012697736026164132,0.0007631705185722359,0.0017094731012906167,-0.0006106658883315237,0.0005837395052415356
0.74314106,0.83747613,0.8631374,0.9411765,0.96780485,0.8986786,0.88,0.6308727,0.6128472,0.97959185,1.0,1.0,0.6128472,0.6128472,0.7065606,0.45579296,0.6852671,0.0005294230771493163,0.0004941356205122027,-0.0008958435237875668,0.0008133259312601788,-0.0026357417816596047,-0.0004847781627342698,-0.0001962598511705492,0.003792305768800942,0.004724813593373248,0.0,0.0,0.0,0.003063944865471069,0.0021176512054235353,0.0013385191488987935,-9.85732018017681e-05,0.0040950787935070225
0.90918756,0.96153843,0.3520995,0.33829167,0.33829167,0.88,0.88,0.7877476,0.7845127,0.97959185,1.0,1.0,0.7845127,0.7845127,0.6237035,0.78357077,0.63276714,0.007534960489445309,0.001220769275382272,0.001372480947634226,-0.000704516185360334,0.0027694042059540095,-0.0004332679392487543,-0.0002996824563158456,-0.000795468678869928,0.004490596997595423,0.0,0.0,0.0,-0.0028953522709431584,0.0006089081267579228,7.183715121469009e-05,-0.002132033829758928,0.002059848939235232
0.7337058,0.9794986,0.84461975,0.9411765,0.9411765,0.7324297,0.8199039,0.51337254,0.49493596,0.97959185,1.0,1.0,0.49493596,0.49493596,0.815132,0.25912613,0.577767,-6.307717519137279e-06,4.5882618277595136e-05,-0.0018833608030457854,-0.00019337056060378347,-0.0035772520994680115,0.0012860850254325848,0.00034342664012210406,0.001732060818166331,0.0014405104669784757,0.0,0.0,0.0,0.003122413290680853,0.0022229078817388773,0.0034052346240323983,-0.0021401841764899275,0.0014520060975182273
0.8396285,0.7381579,0.82374257,0.79143894,0.9748012,0.88,0.88,0.6764977,0.66976225,0.97959185,1.0,1.0,0.66976225,0.66976225,0.825132,0.3813485,0.6865171,0.004951904407690316,0.0003932655924064842,-0.00027477098418582856,0.00013012992472624955,-0.002606108899365063,-0.00044703398360650554,-0.00031603364566841,0.0034508186209997005,0.004709779128560299,0.0,0.0,0.0,0.0019812065775423986,0.001196717217367399,0.00021424729683908295,-0.00046230639503236554,0.00415478449776223
0.38962844,0.6537348,0.66704804,0.8785573,0.9429901,0.88,0.88,0.45587254,0.4401022,0.97959185,1.0,1.0,0.4401022,0.4401022,0.28798908,0.76579297,0.3465171,-0.01873097170649109,-3.1738384955559285e-05,0.0011167814649441033,-0.001055019522464112,-0.0009958368316232815,8.117515060269352e-05,-0.000683228749519228,-0.0004904856033783307,-0.002808051888491955,0.0,0.0,0.0,-0.00043160980072313955,0.0004745865615637594,-0.0026189188895755044,0.00018948900983338512,-0.011447525217604313
0.90918756,0.96153843,0.047989048,0.046107125,0.046107125,0.88,0.88,0.26212263,0.2330311,0.97959185,1.0,1.0,0.2330311,0.2330311,0.52656066,0.41912618,0.23026717,0.006791302061190552,0.000696647857999214,0.007783199462886772,0.014267686737035514,0.01205123880767903,-0.0007306837161220086,-0.00143454609033494,-0.0006428078741916026,-0.00930863390108809,0.0,0.0,0.0,-0.003795502649866934,-0.006674365266988995,0.0010597360034411375,0.0009435817802542471,-0.01347424289690039
0.90918756,0.96153843,0.1556622,0.14955778,0.14955778,0.88,0.88,0.43087256,0.41512814,0.97959185,1.0,1.0,0.41512814,0.41512814,0.10513197,0.5880152,0.64151716,0.00745868970597403,0.0009986156206177467,0.00515498872958281,0.010863377445454306,0.00825556461003962,-0.0006686105968552528,-0.0005512703016698853,0.0010862334965569475,-0.0009465243393257841,0.0,0.0,0.0,0.00206660968113999,0.0006379048484477205,-0.005119229169463338,-0.0005800555645529074,0.004817675660244504
0.67564785,0.83870864,0.8650587,0.9431936,0.9924483,0.88,0.88,0.33087277,0.29467732,0.97959185,1.0,1.0,0.29467732,0.29467732,0.48084635,0.25245965,0.5977671,-0.0015514839888128996,0.0008726737462840753,-0.0020017185120599097,-0.0024106966158836834,-0.0029299096189193486,-0.0001768116437637765,-0.0007370965485769418,-0.004866510850921345,-0.007144563876110437,0.0,0.0,0.0,-0.004281593082398456,-0.002868380707680322,0.00027970221096832755,-0.0009956172847767895,0.002520544811950297
0.5801933,0.70699316,0.8510535,0.8176788,0.968766,0.88,0.88,0.47149754,0.44950047,0.97959185,1.0,1.0,0.44950047,0.44950047,0.27227482,0.61801517,0.6077671,-0.007182853613501198,0.00034926256873164016,-0.001937036696510516,0.00022144038323658545,-0.0032911816670979214,-9.623522238158556e-05,-0.00043520379828457923,0.0004679450889280684,-0.0015947448158676045,0.0,0.0,0.0,0.0009842691133546255,0.0009894430407225289,-0.002458574707395051,0.00011206819394205064,0.002249401173681001
0.83019316,0.4962653,0.7117543,0.9117176,0.75591093,0.88,0.88,0.39962256,0.38100573,0.97959185,1.0,1.0,0.38100573,0.38100573,0.48798922,0.32357067,0.562767,0.004192710189670169,-0.0008413339178300213,0.0005440992692003712,-0.0030704691683804495,-0.001097913043344989,-0.0003335498562376872,-0.0009391236884487729,-0.0028444645782688583,-0.0035972414022668927,0.0,0.0,0.0,-0.0013353860077313395,-0.0012088873622979784,0.00042044106815289654,-0.00038709933796444144,0.0007730818451931767
0.7487194,0.8076622,0.7224033,0.9376084,0.9117176,0.88,0.88,0.56087255,0.5517003,0.97959185,1.0,1.0,0.5517003,0.5517003,0.5508463,0.65912634,0.33901703,0.002270914441483804,0.001218814693616373,5.2772905830004256e-05,3.604671834239895e-05,-0.0008697387399644817,-0.00018431049517691616,-0.0007698931944660753,0.0025384445004362198,0.0037474009279248642,0.0,0.0,0.0,0.0036952736052389967,0.0030565194228937805,0.0017405363217273915,-0.0004909842151512866,-0.009579135747169539
0.7941739,0.81629914,0.81049484,0.8311347,0.7056695,0.88,0.88,0.48774767,0.4757292,0.97959185,1.0,1.0,0.4757292,0.4757292,0.5451321,0.5569041,0.390267,0.00311247721450613,0.000741278268530718,-0.0014596433412127827,-0.0008590168629318625,-0.0008528633408198652,-0.0001649832632670897,-0.0005124227936472959,0.0018969062998413196,0.0009742534807824399,0.0,0.0,0.0,0.0028156195570419678,0.001844089914990652,0.0018642385762544897,0.00020441946529483623,-0.006284726727709939
0.62530345,0.46184215,0.7834877,0.7527627,0.9411765,0.88,0.6243454,0.43587267,0.41614756,0.97959185,1.0,1.0,0.41614756,0.41614756,0.6937035,0.4191263,0.39026713,-0.004462088630671277,-0.0011230962799919763,-0.001001057632893677,0.0004865262561282459,-0.002143619311536182,-0.00032445664957726756,0.002035484277893507,0.000174154885735679,-0.0014319566192765422,0.0,0.0,0.0,0.0013015999152852817,0.001224883392070615,0.003338516176016637,0.00011691348153197182,-0.00552358934591698
0.32530347,0.61973137,0.8403784,0.8880256,0.9411765,0.88,0.46004322,0.51462257,0.5015048,0.97959185,1.0,1.0,0.5015048,0.5015048,0.60084635,0.5013485,0.44526708,-0.022684794266468855,-0.0005325463803813925,-0.0016381866002997184,-0.0009524456364338894,-0.0016178690511603302,-6.402062441499864e-05,0.002503246362634572,0.0024263107147424095,0.0018248062755031453,0.0,0.0,0.0,0.0033527046597282124,0.0026124831212151253,0.001854673911969509,0.0004425858957504783,-0.003540338921228986
0.90918756,0.96153843,0.084619716,0.081301294,0.081301294,0.88,0.88,0.4321226,0.41615143,0.97959185,1.0,1.0,0.41615143,0.41615143,0.46370348,0.61690414,0.36151707,0.0077116029874832225,0.0016222226002952248,0.004189410246840019,0.011584414570489603,0.007370860850817828,-0.0003109309527738137,-0.0008208091745029112,0.0014663162057396944,-0.0008498587137686222,0.0,0.0,0.0,0.0028053767189442046,0.001277011034466432,0.0012252548849016323,-0.0011228342102459715,-0.005917386296287177
0.73019326,0.7646722,0.84281176,0.80976033,0.9411765,0.88,0.5842856,0.58524776,0.5750721,0.97959185,1.0,1.0,0.5750721,0.5750721,0.6465606,0.56579304,0.457767,-0.0003024580545934175,0.0006005341524788569,-0.0007197015233401102,-0.00017158090326036105,-0.0021328286273525248,-9.084815214664883e-05,0.0014430177246632576,0.002703784706799515,0.003912629511663955,0.0,0.0,0.0,0.00374440367896439,0.0025987635560047245,0.0018596602837943877,0.00025022878435057707,-0.0028887286708964184
0.90918756,0.96153843,0.26833364,0.25781077,0.25781077,0.88,0.88,0.6577476,0.64129734,0.97959185,1.0,1.0,0.64129734,0.64129734,0.5594177,0.4191263,0.95276713,0.007864353846925236,0.0009553719861548579,0.0012028227494149963,0.0016804723699269586,0.006368353407659022,-0.0004733269607178434,-0.0001312795960059479,0.0006585650168905298,0.0032110355290682667,0.0,0.0,0.0,0.0007614927636258752,0.002081650771555385,0.0008706763317956206,0.0010434333195406427,0.008687517555757238
0.7746148,0.48055547,0.98912174,0.9411765,0.9748012,0.8836999,0.88,0.6514977,0.6433022,0.97959185,1.0,1.0,0.6433022,0.6433022,0.86084634,0.5013485,0.6252671,0.001962514143312618,-0.0005416190683061242,-0.003204661839467178,0.0008401629178485824,-0.002056227177651484,-4.918098414175309e-05,-0.00039835493987363835,0.0027970076984399116,0.004257030908468391,0.0,0.0,0.0,0.002718197144771131,0.001651667833953176,0.0006989968239065904,-0.00017726514851542605,0.002492554571556924
0.5990637,0.4684954,0.7885793,0.9411765,0.6718197,0.94859445,0.88,0.61399794,0.6039044,0.97959185,1.0,1.0,0.6039044,0.6039044,0.8037034,0.4502374,0.48776698,-0.007481279635337679,-0.0014509958334842706,-0.0011188882575860416,0.00047378723693165836,-0.0004355632062149634,-0.00022279426084845642,-0.0005930118675859864,0.0029502759603957374,0.0038313455983163052,0.0,0.0,0.0,0.0036631649067683375,0.0022259485251309315,0.001886325610099032,0.0001604238227876528,-0.0024856049378563904
0.6990637,0.77695835,0.6283352,0.6036946,0.9748012,0.88,0.88,0.25212288,0.22728166,0.97959185,1.0,1.0,0.22728166,0.22728166,0.3037033,0.37690407,0.28401697,-0.002820523026374894,0.0005661184493155173,0.0022993437563881107,0.00170592576861548,-0.004885179807323925,-0.0006390964004256655,-0.0009915907375310261,-0.006318460930441994,-0.012247233257129514,0.0,0.0,0.0,-0.007378685144023016,-0.008083776168101367,-0.004433462633407203,0.0002853924513191497,-0.013672420018735284
0.5246148,0.37550402,0.9242716,0.941397,0.88992506,0.88,0.88,0.43462265,0.41565746,0.97959185,1.0,1.0,0.41565746,0.41565746,0.5365606,0.40912628,0.5865171,-0.012149626935328318,-0.0024008389911138396,-0.004826423751215653,-0.0014447537377799296,-0.001262499809574622,-0.00012723739421503384,-0.0005860012990354453,-0.0006796019096317186,-0.0015665519716955415,0.0,0.0,0.0,0.0003057515327777597,0.0006365105911613489,0.001434910319032555,-0.00024857940220541195,0.001855390926319777
0.82599205,0.77722055,0.61542124,0.9411765,0.6710423,0.752257,0.88,0.40649772,0.3842618,0.97959185,1.0,1.0,0.3842618,0.3842618,0.2179891,0.48912632,0.556517,0.005209352156071945,0.0003219201495553246,0.0025022034839015,-0.0042276850821490256,-0.0012101884503496394,0.0006775727162864529,-0.0007413134561055111,-0.00141403077272328,-0.0034220285948136126,0.0,0.0,0.0,-0.0014317722369740205,-0.0024872281772150505,-0.006078454632013997,0.00028280193224651203,4.9832829942133e-05
0.670758,0.5497709,0.7465126,0.9411765,0.9748012,0.45176175,0.88,0.5208727,0.5104225,0.97959185,1.0,1.0,0.5104225,0.5104225,0.46370348,0.3946818,0.661517,-0.0021880910057704064,-0.000682931570216153,0.00031144685977636046,-0.001348533386001931,-0.0017785510735431392,0.0014671279519725034,-0.0005579055946905844,0.0027343040732847866,0.002523583768615786,0.0,0.0,0.0,0.004002852986512986,0.002944876880156746,0.000733932154113538,0.00011783264574087792,0.004613821154914419
0.4529205,0.62278557,0.7697457,0.7395596,0.9411765,0.88,0.52769697,0.4896226,0.47545195,0.97959185,1.0,1.0,0.47545195,0.47545195,0.5637035,0.456904,0.462767,-0.01522594245202536,-0.00023277034517308815,-0.0006165353968215493,0.00025357742422804224,-0.002314688819071629,-0.00019648117992887516,0.0025823886485466735,0.0013247296150171364,0.0004547053210128852,0.0,0.0,0.0,0.0024290551788524596,0.0020808042920014646,0.0013395316609819794,0.0001205467979790391,-0.002601729358949912
0.78019327,0.77695835,0.76495475,0.9411765,0.9411765,0.6880367,0.77157223,0.29899764,0.27418962,0.97959185,1.0,1.0,0.27418962,0.27418962,0.46513203,0.25912634,0.47901702,0.002775409185134176,0.0005775455000592215,-0.00037773639132716337,-0.0033443778023784414,-0.002421235990259165,0.001429155305700115,0.0005424657228247815,-0.006713499903797782,-0.008728564924281068,0.0,0.0,0.0,-0.005662568103995213,-0.006913395690472352,-0.0008754930011402991,8.923510517063168e-05,-0.003335422272713457
0.8840501,0.46443117,0.9472821,0.9101338,0.9411765,0.88,0.6912401,0.65899754,0.64535797,0.97959185,1.0,1.0,0.64535797,0.64535797,0.6508463,0.34690413,0.91401714,0.00631103768803413,-0.001795323164856468,-0.002833062918116572,7.817854505091052e-05,-0.0015982005764793715,-1.5003703667460199e-05,0.0003313823020574677,0.00395425917627242,0.004290344148868839,0.0,0.0,0.0,0.0024929566990552015,0.001959645004717435,0.0012617069029620248,-0.0011271831359160847,0.008760340841233866
0.8301933,0.67144215,0.8780735,0.9924483,0.8590292,0.88,0.88,0.7077477,0.7032295,0.97959185,1.0,1.0,0.7032295,0.7032295,0.5508463,0.8591263,0.50151706,0.004455278084795008,4.321158687915748e-05,-0.0018666829126890228,0.0005188123177969742,-0.00041748951524374275,-0.0001421849773524767,-0.00043499670036804453,0.002508382042222243,0.007003493869355529,0.0,0.0,0.0,0.003400673184171142,0.0033004365395257985,0.0013903365987855052,-0.0021536354984348083,-0.0012363762323531658
0.49837506,0.65663254,0.7692499,0.8038519,0.8562564,0.88,0.88,0.37337255,0.35032576,0.97959185,1.0,1.0,0.35032576,0.35032576,0.2494177,0.36468178,0.67276704,-0.01278846747671447,-0.00013231136465827135,-3.571687962989385e-05,-0.0013721241275364865,-0.002482496000649951,-2.5826469267589413e-05,-0.0005535097494632769,-0.0028454526358961964,-0.004564395597725986,0.0,0.0,0.0,-0.002376013891107841,-0.001123662144317225,-0.00284099814701211,-0.00045153767181553236,0.005829762214150226
0.58893985,0.49573895,0.894508,0.968766,0.9924483,0.88,0.88,0.3183725,0.28538883,0.97959185,1.0,1.0,0.28538883,0.28538883,0.5794177,0.21579286,0.577767,-0.009050063743317776,-0.0007371084355178184,-0.0038012559537170614,-0.004040576246536881,-0.0024931378024763504,-0.0002559664899679977,-0.0007744127002632918,-0.007300049254556737,-0.007587782326560532,0.0,0.0,0.0,-0.005817784804283607,-0.003656063855106457,0.0019807637797487447,-0.001871143003532062,0.0014425183295367794
0.5438296,0.67800945,0.7938645,0.9411765,0.73504394,0.6599161,0.88,0.39837253,0.37995648,0.97959185,1.0,1.0,0.37995648,0.37995648,0.53656054,0.35245958,0.4665171,-0.013199201134017518,-0.00022543132427058223,-0.0009481017017531032,-0.004201710365001078,-0.0014905794903580347,0.0012725336712556743,-0.0006701345455910227,-0.0017567810213157278,-0.0031079118714118954,0.0,0.0,0.0,-0.0007903072034476134,-0.0012538063021752298,0.0012003986801821102,-0.00012196571338093502,-0.003548634327980071
0.83053756,0.80118823,0.7503201,0.9411765,0.701287,0.71323574,0.88,0.5427476,0.52878165,0.97959185,1.0,1.0,0.52878165,0.52878165,0.6237035,0.42134845,0.5502671,0.0052768898273084465,0.0007444866297149835,0.0007801680267567568,-0.003150180273383144,-0.0004141749694477458,0.0009562642775382263,-0.0004276239876555429,0.0030052513595969564,0.0030983836819817585,0.0,0.0,0.0,0.003763407677126224,0.003135105148037516,0.002397600353738194,8.248301612197629e-05,0.0009903244158632287
0.6892842,0.6539963,0.7313666,0.9748012,0.9924483,0.88,0.88,0.6202476,0.6001277,0.97959185,1.0,1.0,0.6001277,0.6001277,0.40798923,0.66579294,0.6827671,-0.002171380109368432,-0.00013364535708550244,0.0008393688303534869,0.000595799558659171,-0.0003494047306833345,-0.0001944683797458266,-0.00028427378236828906,0.0038377978788687477,0.005258833816440205,0.0,0.0,0.0,0.004603927208041736,0.0034039055826780495,0.0009860499590529086,0.00011141127753625856,0.005336795135010888
0.58473873,0.8423906,0.8631374,0.9411765,0.83308494,0.8199039,0.88,0.5114976,0.50299114,0.97959185,1.0,1.0,0.50299114,0.50299114,0.46656057,0.5502374,0.50151706,-0.008160257911594216,0.00047020951172765523,-0.0017303181456213251,-0.0014812436019065484,-0.0015473698248663847,0.00016654607075022873,-0.0005024600268245756,0.0024772209518189813,0.002015741897677693,0.0,0.0,0.0,0.003438217860101359,0.0027163374151626075,0.0009606237313463651,0.0004819693910393597,-0.00217083807363749
0.90918756,0.96153843,0.25118628,0.24133584,0.24133584,0.88,0.88,0.6371225,0.62085396,0.97959185,1.0,1.0,0.62085396,0.62085396,0.5837035,0.6046819,0.5965171,0.007927811509359861,0.001461106184084061,0.0028949081210876138,0.0022409374328374184,0.005251897264591708,-0.0004378822930222992,-0.0002815782649573674,0.00042512700380276385,0.0037349167140125774,0.0,0.0,0.0,0.001136103423992482,0.0023128972918980317,0.0009057434968688893,-0.0008332671563191413,0.0017308464758454686
0.90918756,0.96153843,0.30272156,0.29085013,0.29085013,0.88,0.88,0.7252476,0.72455186,0.97959185,1.0,1.0,0.72455186,0.72455186,0.5794177,0.70023745,0.70151716,0.008170183952648836,0.0016927832281529306,0.0010326823353894005,-0.0002326104155768292,0.004873821295568358,-0.00046162034689072566,7.335709310743471e-05,-0.0017343724731442172,0.003703022530719906,0.0,0.0,0.0,-0.0025970015184033995,0.0005042962736228376,5.670191689140621e-05,-0.0018830110126591448,0.003370110912457933
0.657466,0.6264316,0.7692499,0.9748012,0.8356912,0.88,0.88,0.5102477,0.49918023,0.97959185,1.0,1.0,0.49918023,0.49918023,0.22513199,0.6513486,0.577767,-0.0031155279175635216,-0.00019157440411038282,-0.00030903998477986317,-0.001509791140453317,-0.0010898753065072704,-3.117260116706306e-05,-0.000548930357554489,0.0019827593782920376,0.0017067004770713317,0.0,0.0,0.0,0.0031838978271777345,0.002815035236349797,-0.0037435910296501305,0.0002812960064875818,0.001019176064223532
0.58473873,0.84251547,0.80192065,0.9411765,0.8543353,0.85529643,0.88,0.29837275,0.27325395,0.97959185,1.0,1.0,0.27325395,0.27325395,0.11513179,0.47690403,0.597767,-0.008407871597635059,0.0006463507528585011,-0.0015321473108561212,-0.0050751698612970415,-0.0023647393160035135,2.5922514277141167e-05,-0.0007381675688454061,-0.005884663680054136,-0.010187434912288282,0.0,0.0,0.0,-0.007701517668512489,-0.006116213134663214,-0.007797418031120601,0.0002805480646632373,0.0015442755446950188
0.3525762,0.7430581,0.7957659,0.9411765,0.9429901,0.75608623,0.88,0.46212256,0.44632092,0.97959185,1.0,1.0,0.44632092,0.44632092,0.4865606,0.58468187,0.45901704,-0.02286994270657764,0.0006629674262101179,-0.0009493260997530882,-0.001622634066857546,-0.0007263089678252914,0.00025915880527127485,-0.0006233489149941644,-0.00027094535379678666,-0.0010444877983776676,0.0,0.0,0.0,0.0006954474738619994,0.0011174054241129972,0.0006096591982955973,0.0007364464537039467,-0.004089231531565688
0.73962843,0.80548215,0.82640815,0.79399997,0.882051,0.88,0.88,0.6771226,0.6609352,0.97959185,1.0,1.0,0.6609352,0.6609352,0.5165606,0.67579293,0.7215171,-0.0003185628568742216,0.0006705582984147103,-0.00014871874591671869,8.217124002979741e-05,-0.0013066909840660557,-5.0687800791362824e-05,-0.0003062901681306215,0.002457306049157314,0.005005958244352709,0.0,0.0,0.0,0.002468905577443064,0.0017669222822805357,0.0010951170176271418,0.0006994984958748468,0.005071896848410561
0.8392841,0.67369497,0.8264959,0.909908,0.9429901,0.88,0.88,0.59587276,0.59007806,0.97959185,1.0,1.0,0.59007806,0.59007806,0.50227493,0.71468186,0.59526706,0.005672947148561816,0.00011937068951076716,-0.0011996032453008504,-0.00039229564653581265,-0.001448482934750597,-0.00016905083922293083,-0.0004163693248478335,0.00286447771649038,0.005469802364063774,0.0,0.0,0.0,0.004161517122353767,0.003860571862671791,0.0012232232984127447,-0.0010060364724883085,0.0029502976816114398
0.825992,0.51870763,0.87212604,0.9315557,0.8065858,0.88,0.88,0.9371226,0.9411236,0.97959185,1.0,1.0,0.9411236,0.9411236,0.7737035,0.73801523,0.8077671,0.003537592384459413,-0.0002890799774758884,0.0005463065330796207,0.002746171734739919,-0.0014158369023887652,1.388547545319229e-05,-0.00020783005220592377,0.002376149580361477,0.004556687130165819,0.0,0.0,0.0,-0.007252065271133261,-0.005264162189933457,-0.001322181665179139,0.0001942616551611922,0.0060963119498956145
0.85781026,0.7897744,0.6124843,0.58846533,0.9411765,0.88,0.7013654,0.5671226,0.56074315,0.97959185,1.0,1.0,0.56074315,0.56074315,0.28798908,0.6013486,0.75401706,0.004224514885557037,3.75044025442472e-05,0.0020333485698417887,-0.0002794513746529407,-0.004226097668194122,-0.0002071797892789209,0.0007711741549138924,0.001974913904403922,0.003993123022799019,0.0,0.0,0.0,0.003493879216271133,0.003125127792270496,-0.0009010371047960989,0.00040614306368025365,0.006508144052594469
0.8259921,0.708426,0.65495646,0.9411765,0.9163207,0.616763,0.88,0.58149767,0.56855,0.97959185,1.0,1.0,0.56855,0.56855,0.5579892,0.47690403,0.65151715,0.0045155690153920285,0.0002343477554229146,0.0014868276943252846,-0.0003895235092207926,-0.0005131761627098672,0.0013332912222362079,-0.00019670432982758182,0.002741466340752615,0.003204808877874933,0.0,0.0,0.0,0.003117448847531712,0.0026553260866192694,0.001299104297582126,0.00024714266893637537,0.003194404206769366
0.7756478,0.7079501,0.7361635,0.9924483,0.9748012,0.88,0.88,0.2764976,0.24718128,0.97959185,1.0,1.0,0.24718128,0.24718128,0.53656065,0.20468181,0.43276703,0.0021291641680647646,0.000396556505436874,-0.0002901908488077608,-0.004363508768773052,-0.0035074313950065428,-0.0005234980920664018,-0.0006247155767869744,-0.006604993787199361,-0.00846624932332223,0.0,0.0,0.0,-0.004937439122133883,-0.0057918472600570455,0.001724430824091919,-0.0005162806606908061,-0.005150192163144151
0.8025762,0.70304954,0.82640815,0.9748012,0.9411765,0.88,0.59156626,0.4208728,0.39976275,0.97959185,1.0,1.0,0.39976275,0.39976275,0.5665606,0.37023735,0.52776706,0.0038881248474653875,0.0006233122707066928,-0.002380081408976326,-0.001299607293345481,-0.0021874157633273933,-0.000486692242053021,0.0012747045052904258,-0.0013669799212636113,-0.002208267637127801,0.0,0.0,0.0,0.0005022887316423122,0.00041950864911329656,0.0017635297641796787,-0.0004001367589501642,-0.000961133246684242
0.8399728,0.84251547,0.64442277,0.9411765,0.6070776,0.8199039,0.88,0.43899763,0.42406243,0.97959185,1.0,1.0,0.42406243,0.42406243,0.5437035,0.4224596,0.462767,0.006298231718214229,0.0009273118909710108,0.002174270765334429,-0.002466642554994645,8.954974776887111e-05,1.06675269141299e-05,-0.0005924484819479052,-6.5744948299239e-05,-0.0006609546206611278,0.0,0.0,0.0,0.00133435817496156,0.0007653112457632395,0.0018536951793374054,0.00010908382902572456,-0.0026599085209149664
0.79417396,0.7495128,0.8031406,0.7716449,0.9411765,0.88,0.7196065,0.74274755,0.74703884,0.97959185,1.0,1.0,0.74703884,0.74703884,0.6908463,0.5391263,0.80776715,0.002977163883593885,0.00025974744315667033,0.0004424543798234859,0.0004700569926411273,-0.0015035891265781634,-0.00021629073017044354,0.0009313695131113644,0.0037121182245871014,0.0045003660399728015,0.0,0.0,0.0,0.0009393280379231763,0.0006006756179185397,0.0006164733055186045,0.0004407834713926206,0.006417302264533386
0.557466,0.67284566,0.7998551,0.7684882,0.9411765,0.88,0.49593464,0.3127476,0.28790596,0.97959185,1.0,1.0,0.28790596,0.28790596,0.40798908,0.5291263,0.25026715,-0.0089243230439178,0.00019348928194823492,-0.001612433975783667,4.5894896528587484e-05,-0.002814840622220509,-0.0003051703894523325,0.004801708335580593,-0.004770632574931756,-0.007722330106120603,0.0,0.0,0.0,-0.003911065192813936,-0.00360025971508946,-0.001650510741528611,0.0003025280429809317,-0.013059099214131868
0.83577156,0.6992923,0.7510224,0.9411765,0.9411765,0.94859445,0.65968776,0.61274767,0.6026994,0.97959185,1.0,1.0,0.6026994,0.6026994,0.34513202,0.59357077,0.77151716,0.004639427984699544,0.0006154942018254062,0.0014243865474954428,-0.000539817336289854,-0.0016824931917350718,-0.0006707773992809535,0.00018177591749727261,0.004211370607255569,0.004389837676169434,0.0,0.0,0.0,0.004408347459661507,0.003088260460420824,0.000333610297398544,0.0008317911213209067,0.005519379968765814
0.83962846,0.74573857,0.61610997,0.9411765,0.6542291,0.7833149,0.88,0.43962264,0.42257637,0.97959185,1.0,1.0,0.42257637,0.42257637,0.5794178,0.27912617,0.614017,0.005094265789900521,0.0005981431070621903,0.0023307450638321917,-0.003660949198270514,-0.00079098469999278,0.0004869351118913872,-0.0002991178417006677,0.0003474295105042502,-0.0004159395263786084,0.0,0.0,0.0,0.001410847976641258,6.562352314035672e-05,0.001667270327706396,-0.0008713274545196384,0.0021372478052649377
0.38473868,0.59224397,0.75102174,0.9924483,0.7276114,0.88,0.88,0.34587264,0.32136202,0.97959185,1.0,1.0,0.32136202,0.32136202,0.35941765,0.37023735,0.540267,-0.02038581926955898,-0.00038191859533251335,-0.00046242253186544897,-0.004773778231453047,-0.0014421608971594557,-0.000126330815722654,-0.0007067832901589414,-0.004812970501031871,-0.006200026921150234,0.0,0.0,0.0,-0.003645164365763579,-0.0019105155980829033,-0.0015472165690796201,-0.0004030095685902391,-0.00026373076415473986
0.8759921,0.7958877,0.7864832,0.9411765,0.5876696,0.7077232,0.88,0.60712266,0.6033521,0.97959185,1.0,1.0,0.6033521,0.6033521,0.7108463,0.6491263,0.352767,0.0083169063050927,0.0009945693450020767,-0.00039479373682893787,-0.001069576314177579,-0.00040034371350534975,0.0009549275268067219,-0.0005930685941508726,0.002717351018778015,0.0046526844589636395,0.0,0.0,0.0,0.00372908955969427,0.003922284357551138,0.0031024563010804323,-0.0008329878650918939,-0.006867374349688993
0.77075803,0.71449697,0.86163366,0.9411765,0.9411765,0.7804816,0.8199039,0.5052477,0.49675304,0.97959185,1.0,1.0,0.49675304,0.49675304,0.46370348,0.6613486,0.509017,0.00219355607210793,0.00043580865672175915,-0.003088414209004312,-0.000528430672296915,-0.0024748971563881596,0.00029641181119278764,0.00016467879128059077,0.0019532711916747368,0.0017879600812868493,0.0,0.0,0.0,0.002912454809759046,0.002468829845562617,0.00023883184488626295,-0.0003136122489918684,-0.0015562904692092228
0.420758,0.5800023,0.79794395,0.9411765,0.9486862,0.49595493,0.88,0.44337273,0.42042652,0.97959185,1.0,1.0,0.42042652,0.42042652,0.35941765,0.3402374,0.7240171,-0.01846119825323564,-0.0005779683395282342,-0.0009878925229943134,-0.0020822239158187427,-0.0022662515462061484,0.0007223959934243241,-0.0009253833862863635,-0.0006765801087903295,-0.0014197398001680123,0.0,0.0,0.0,0.0006827390428728195,0.00034583415897423075,-0.0009670261112460299,-0.00033682263886232293,0.006439484060626531
0.6165569,0.86100686,0.8610634,0.88043445,0.9924483,0.88,0.88,0.34774768,0.32650197,0.97959185,1.0,1.0,0.32650197,0.32650197,0.5808463,0.4257929,0.4402671,-0.005986385890296137,0.0006134211101674024,-0.0033410368963077987,-0.0024265755996693296,-0.0034264375930872963,-0.00029480503590872167,-0.0010945883683433086,-0.0041445728696213584,-0.005884016714194129,0.0,0.0,0.0,-0.00367772142134498,-0.002159517008591593,0.0019373799016811583,-0.00030888742216111914,-0.004576656064305134
0.85223186,0.8101965,0.80783844,0.9411765,0.75236803,0.84717673,0.88,0.79337263,0.79627967,0.97959185,1.0,1.0,0.79627967,0.79627967,0.6422749,0.8335707,0.5390171,0.004727726043699057,0.000606936539061705,0.00028626997035173675,0.0015764355605156898,-0.0014614526321994942,1.7755347070553773e-05,-0.0001307485988773194,0.002856401294954439,0.005412498972861861,0.0,0.0,0.0,-4.577524968995519e-05,0.0009638190226970219,0.000549296102365175,-0.0002816441379511141,0.00019867652863475693
0.871791,0.868572,0.7750491,0.8880256,0.6762647,0.88,0.88,0.36212254,0.34233394,0.97959185,1.0,1.0,0.34233394,0.34233394,0.5137034,0.6091263,0.124017,0.007236739214714475,0.0007649154342076171,-0.0015728545132461097,-0.001731743671474445,8.954018046134172e-05,-0.00048355413288375795,-0.0008472332810099177,-0.0018938431755993544,-0.0056802091816957586,0.0,0.0,0.0,-0.0018850960546824649,-0.0031442238260811304,0.0011032907365883494,-0.00028386901422021096,-0.021634434393233176
0.46097845,0.40295702,0.9302627,0.9411765,0.9748012,0.6240875,0.88,0.36899757,0.3505333,0.97959185,1.0,1.0,0.3505333,0.3505333,0.33513206,0.58579296,0.33901703,-0.014445031205844538,-0.002302266684814996,-0.0050618717274192315,-0.0023415940583364635,-0.002328436373898304,0.0006242527199836752,-0.0008619633737801345,-0.002687884198305573,-0.0052205034323438305,0.0,0.0,0.0,-0.0021695851293200715,-0.002264201899889684,-0.0033463377372869923,0.0004579830136943508,-0.010085726776388805
0.5522319,0.0176261,0.89371234,0.8586648,0.8446385,0.88,0.88,0.41462266,0.3976849,0.97959185,1.0,1.0,0.3976849,0.3976849,0.6237035,0.45245966,0.311517,-0.012231030458354379,-0.009405055158227265,-0.004331144007289556,-0.0024582245616412983,-0.00015457072671868702,7.570928406231969e-06,-0.0010029029365969198,-0.0013145705230993704,-0.0029155284111967907,0.0,0.0,0.0,-0.0006809269198914339,9.203812552903574e-05,0.002566344453254801,0.00043102400624273963,-0.011463901226189933
0.7711023,0.7531462,0.7376744,0.9411765,0.6974157,0.648802,0.88,0.51212263,0.50007755,0.97959185,1.0,1.0,0.50007755,0.50007755,0.29656044,0.6546819,0.51276696,0.0017234936048909338,0.00027980395938941526,9.293621876601273e-05,-0.002087020828966477,-0.00068528183461063,0.0005296347411380695,-0.0006607382494321859,0.0021341974660314136,0.0008906259924418138,0.0,0.0,0.0,0.002812802201592281,0.0018534547590556994,-0.0021604096134370063,-0.000290505955335484,-0.0027979836198605535
0.7480308,0.74016386,0.84846,0.81518704,0.9411765,0.88,0.3873859,0.52587247,0.5158125,0.97959185,1.0,1.0,0.5158125,0.5158125,0.51513207,0.75245965,0.352767,0.0002917444832852412,0.0003463110261296427,-0.0022679111401808093,-0.0005190929028369,-0.0016160719490695933,-0.00018234946695874603,0.003349463199506769,0.002256883110512411,0.002874682834082804,0.0,0.0,0.0,0.0035446328766242396,0.0029349597123998917,0.0015793871418823496,-0.0009084071299574648,-0.007209601225346027
0.90918756,0.96153843,0.2582889,0.2481599,0.2481599,0.88,0.88,0.68024755,0.67156273,0.97959185,1.0,1.0,0.67156273,0.67156273,0.5865606,0.5569041,0.7390171,0.008156429639892661,0.001668673192838798,0.0008411333497136764,0.0006644682077049128,0.006153029699887607,-0.0004759039694380973,-4.6429572747363465e-05,-0.0004858286932509048,0.0029786020161464335,0.0,0.0,0.0,-0.0008182450822141235,0.0008451200993855307,0.00022483343198333554,-4.783686390089166e-05,0.003890520007776353
0.38473868,0.5924933,0.8078234,0.776144,0.9924483,0.88,0.88,0.35087276,0.32596117,0.97959185,1.0,1.0,0.32596117,0.32596117,0.6237035,0.32357067,0.4402671,-0.022451203937141558,-6.95220975094216e-05,-0.0019030227886256935,-0.0006632231837338705,-0.003114714214317955,-0.00020009148532044614,-0.0007982872671628664,-0.004402623445840116,-0.005877282138026653,0.0,0.0,0.0,-0.0031230071193970228,-0.0015893343019778175,0.0021988498057511296,-0.001069559382965729,-0.00434971860900631
0.74031705,0.53423387,0.6094329,0.9411765,0.9411765,0.78802615,0.43560323,0.40399778,0.38473698,0.97959185,1.0,1.0,0.38473698,0.38473698,0.48941776,0.44023737,0.505267,-0.00013973690073741107,-0.00033375583903688525,0.0024426624210396636,-0.0028764837359336504,-0.0025539404607398185,0.00031723779794574,0.0030908428058398674,-0.0010050845234997234,-0.002016603794644483,0.0,0.0,0.0,0.0009701483568947129,0.0003300353367366548,0.0005393451516194575,0.00010127141460574806,-0.0004699595807655033
0.90360916,0.8423906,0.72161317,0.6933146,0.9748012,0.88,0.88,0.67899764,0.6744126,0.97959185,1.0,1.0,0.6744126,0.6744126,0.7279892,0.5135708,0.57776713,0.008297048091062244,0.0004461179711670528,0.000895925750259012,-0.00018733974087077623,-0.0025135047961774236,-0.00046212986653616333,-0.00038736602375811553,0.0035011570645875423,0.004921571866562843,0.0,0.0,0.0,0.001960144366951437,0.0013685944184889495,0.0011313203372937384,0.0003435769940213721,0.0010262463763984467
0.7620114,0.83164656,0.8634483,0.9748012,0.9064392,0.88,0.88,0.4046228,0.38753057,0.97959185,1.0,1.0,0.38753057,0.38753057,0.3194177,0.39801514,0.6802671,0.0017682616195009238,0.0007066393095104301,-0.0018923215345731815,-0.003120931631608012,-0.0026545441890155545,-0.00010620893168376913,-0.0006649548310993985,-0.0015254603360974471,-0.0030384254202790906,0.0,0.0,0.0,-0.0007847674366787934,-0.0005783813995295451,-0.0024572062019859804,-0.00011391452209119643,0.005585508376781413
0.8078103,0.77020884,0.76828015,0.9376084,0.80208546,0.88,0.88,0.73337257,0.72589505,0.97959185,1.0,1.0,0.72589505,0.72589505,0.5708464,0.58468187,0.78151715,0.0033676750723395533,0.0008215702269059158,0.0008645111663125847,0.0008507471194679926,-0.0012068093199945154,-0.00016411129322665142,-7.067104010500725e-05,0.0033733741101119163,0.004141767599059908,0.0,0.0,0.0,0.0010744159220505535,0.0010449704683566227,0.0006777629528128805,0.0004681491615230392,0.006724739899251683
0.6078103,0.68790275,0.7444632,0.71526855,0.9117176,0.88,0.88,0.23274755,0.20622243,0.97959185,1.0,1.0,0.20622243,0.20622243,0.5108463,0.24912623,0.17901695,-0.007919947287460373,0.0003867548564263624,-0.0012500124035633362,4.538137796093661e-05,-0.0034881882473748317,-0.00046415129429706924,-0.0009825509223759942,-0.008630168512846988,-0.013142779585628176,0.0,0.0,0.0,-0.008813191670085714,-0.009819059526219632,-0.00028351986552163666,-0.0002582663645806059,-0.01843354878927224
0.74417394,0.745674,0.8746371,0.9026648,0.8254166,0.88,0.88,0.5689976,0.553965,0.97959185,1.0,1.0,0.553965,0.553965,0.6537035,0.4635707,0.5977671,-0.0003788948268316827,0.0005484030976999421,-0.001976323100420116,0.00037050014432346475,-0.00179655380567764,-0.0003388528970839618,-8.048350681871187e-05,0.002774936176251046,0.003510147542394444,0.0,0.0,0.0,0.0036389858349619845,0.0027968410598218345,0.0016544439849880388,-5.720790303355162e-05,0.001575433443398362
0.7805376,0.77985036,0.8771505,0.84275246,0.88992506,0.88,0.88,0.38899744,0.3627058,0.97959185,1.0,1.0,0.3627058,0.3627058,0.5637035,0.49468178,0.410267,0.0028870774404943845,0.0006837079470128261,-0.0032846235884144664,-0.0006950773345107999,-0.002730995337358445,-0.0004291530274941316,-0.0007104323251798266,-0.0013274401199041843,-0.004675630909180887,0.0,0.0,0.0,-0.0008309102977087328,-0.0019684420097846682,0.0019378040224618304,0.0002603585916367505,-0.006413162943226777
0.90918756,0.96153843,0.2417391,0.23225914,0.23225914,0.88,0.88,0.53962255,0.5238585,0.97959185,1.0,1.0,0.5238585,0.5238585,0.4165606,0.28134844,0.93151706,0.008379079443964354,-3.7383791584862353e-05,0.0028837998365448393,0.005077818735704204,0.008832685269069843,-0.0010511086656911194,-0.00011368781102294952,0.00198438193093845,0.0021649347217232023,0.0,0.0,0.0,0.0035692689908380596,0.0027986337672133623,0.0011312386363158023,0.00044384929465842495,0.008483651407063973
0.79871935,0.7157168,0.6671879,0.9924483,0.703421,0.88,0.88,0.45274758,0.4342151,0.97959185,1.0,1.0,0.4342151,0.4342151,0.44227484,0.4191263,0.7377671,0.0047618184124871175,0.0004581553207321422,0.0017776099990547017,-0.0034899276885948264,-0.00032644083924000746,-0.0002217635292727191,-0.0005643461816535934,0.00037987585200407624,0.0003194424004431891,0.0,0.0,0.0,0.0013950705003363973,0.0010351071681695822,-0.00019176368320014382,-0.000297087861392699,0.00790776218308013
0.7029205,0.77695835,0.8305709,0.9101338,0.9411765,0.88,0.81621236,0.4277475,0.41093,0.97959185,1.0,1.0,0.41093,0.41093,0.4094177,0.4946819,0.47401702,-0.0015459203785211583,0.0007360514965288667,-0.0023564307907586075,-0.0015944580571518496,-0.002478846607043801,-0.0002120902785355127,0.00019076150640116786,-0.0010629080187793834,-0.0029275635017680067,0.0,0.0,0.0,-0.00027247962348816014,-0.00015957172258768365,-0.0010168156152644916,0.00020934639489185233,-0.0028462188409454935
0.6980307,0.7456876,0.9302627,0.941397,0.9748012,0.88,0.88,0.29462242,0.27064094,0.97959185,1.0,1.0,0.27064094,0.27064094,0.45798922,0.42801517,0.389017,-0.002725985837075526,0.0004604701247978163,-0.0054070356035320535,-0.0033689819191328246,-0.0038165645213054573,-0.00022554589321991932,-0.000946346810329328,-0.005902214529847678,-0.010043063454225723,0.0,0.0,0.0,-0.0059970451669397904,-0.005683195401636731,-0.001009400678550055,0.00026256039684867757,-0.007369999741053428
0.5983751,0.857281,0.68133926,0.9411765,0.9411765,0.77157223,0.77157223,0.53024757,0.5188118,0.97959185,1.0,1.0,0.5188118,0.5188118,0.40084633,0.5846819,0.536517,-0.00646221960998629,0.00045906781151398775,0.001804473514576738,-0.000799523035039065,-0.0016520954473253282,0.0005129096151095287,0.0007581575742170922,0.0025441345222192878,0.0020988397292392856,0.0,0.0,0.0,0.0036057468034195374,0.002514138110254497,4.1346131370187386e-05,0.0003824502136822541,-0.000584144704259587
0.55712163,0.58411306,0.81005377,0.9429901,0.9411765,0.88,0.40319058,0.39524758,0.37529197,0.97959185,1.0,1.0,0.37529197,0.37529197,0.6079892,0.45579296,0.384017,-0.009975409112434507,-0.0003885576008869239,-0.00294490479254981,-0.00320942461044209,-0.002160955986609568,-9.893378765081406e-05,0.004005419659687601,-0.002018817099536935,-0.0031673270278382015,0.0,0.0,0.0,-0.00039726841560386436,0.00010179568069303813,0.002440211795221391,0.00020514579538944588,-0.00563710621760562
0.5074659,0.5612994,0.8001167,0.7687396,0.968766,0.88,0.88,0.15837264,0.116419666,0.97959185,1.0,1.0,0.116419666,0.116419666,0.17941761,0.31023735,0.45901704,-0.010277326861088329,-0.000693499124570894,-0.0012731168276340393,-0.0010655054891854573,-0.0036389526638500114,-8.790850344579686e-05,-0.0010345034891743577,-0.011037959424686543,-0.018093585353538322,0.0,0.0,0.0,-0.014318286854496978,-0.01113346507543298,-0.007264350117497409,-6.088362173536385e-05,-0.004915667573785431
0.47950462,0.5916512,0.8119286,0.9411765,0.9748012,0.49531722,0.88,0.17462277,0.14239487,0.97959185,1.0,1.0,0.14239487,0.14239487,0.33798912,0.36468178,0.270267,-0.014576668720686435,-0.0004698121198531306,-0.0031002806979326704,-0.004543367158727742,-0.0032471641213625267,0.002642285213121545,-0.0009520152709114338,-0.010476094832347162,-0.015262850697955159,0.0,0.0,0.0,-0.010893562400513798,-0.01316811181933168,-0.004732086667506376,8.151042665597422e-05,-0.014344772690894186
0.90918756,0.96153843,0.19754231,0.18979555,0.18979555,0.88,0.88,0.5464978,0.52903897,0.97959185,1.0,1.0,0.52903897,0.52903897,0.66370344,0.37690407,0.577767,0.0073363342749475065,0.0006272225865007766,0.0022712233148769424,0.003962689915594568,0.006576389451260536,-0.0007868482172042454,-2.2605475398085415e-05,0.0014178389362554092,0.0017386244114063081,0.0,0.0,0.0,0.0030717152755343796,0.0022716707842547514,0.000445836659145391,0.0008071046908962171,0.0007968874429423653
0.86201143,0.7763425,0.49695912,0.9411765,0.47747052,0.6873962,0.88,0.6739975,0.6685117,0.97959185,1.0,1.0,0.6685117,0.6685117,0.5294178,0.5880152,0.73901707,0.005807100041919177,0.00040045420368855144,0.0022832906532521467,-0.0011983293574331002,-0.0014115568994049325,0.0011026975961126115,0.0002654304171242105,0.001975925530734249,0.003329101732909528,0.0,0.0,0.0,0.0019337088451157852,0.0033305749430937504,0.0011826391585783498,0.0002526728508964346,0.005380995248190145
0.8392841,0.67274636,0.7219951,0.9748012,0.9376084,0.88,0.88,0.3496226,0.32793275,0.97959185,1.0,1.0,0.32793275,0.32793275,0.11513192,0.5524596,0.6252671,0.0050985757166121855,0.00016785224737358434,0.00029361396955545347,-0.0035829410574050643,-0.0023313880373225272,-0.00015354513909380572,-0.0005829947713299803,-0.004370779902898028,-0.007787692228945642,0.0,0.0,0.0,-0.00426614178424449,-0.003696319177889098,-0.008675169091613224,0.0002793899019664036,0.0033775007960097857
0.8854273,0.83870864,0.74177206,0.82254523,0.9411765,0.88,0.752257,0.5127475,0.49713388,0.97959185,1.0,1.0,0.49713388,0.49713388,0.7279892,0.3457929,0.6177671,0.00721872220036487,0.0001250020433935843,0.0005376049868080608,-0.00020742066382601249,-0.00413880374260781,-0.0009100763163111447,0.0007110530871839955,0.001395299194458455,0.0014949990802392338,0.0,0.0,0.0,0.0027945255881826536,0.0021376790247920633,0.0028878040172312103,-0.0013489496399187511,0.0019949005421417815
0.8120114,0.8933421,0.9163705,0.9117176,0.88043445,0.88,0.88,0.27899778,0.2517591,0.97959185,1.0,1.0,0.2517591,0.2517591,0.5808463,0.3402374,0.390267,0.0046910567486040285,0.0009861999793239838,-0.005323692275784393,-0.003334004288783292,-0.0028315621694893385,-0.000541798422560849,-0.0011561878445599887,-0.0059150116396872775,-0.009734246200142793,0.0,0.0,0.0,-0.0063317578419263085,-0.007769469744727231,0.003192166689569422,0.00028673521832836,-0.007175177743749808
0.83053756,0.73433506,0.64094704,0.968766,0.9411765,0.88,0.6243454,0.5002477,0.48024318,0.97959185,1.0,1.0,0.48024318,0.48024318,0.5665606,0.4824596,0.47526705,0.0043697442249064624,0.0007971329660555814,0.0016553036350213765,-0.0019235893215164917,-0.0025702368508756213,-0.00031479276445767245,0.0012945596886368635,0.0013077371993461908,0.0012001910443930031,0.0,0.0,0.0,0.0026171010245546154,0.002109111968958086,0.0014437058813425343,0.0001280314677668489,-0.0019052175316001214
0.88962847,0.8576338,0.734282,0.7054866,0.9376084,0.88,0.88,0.52899766,0.5151474,0.97959185,1.0,1.0,0.5151474,0.5151474,0.34513202,0.41912618,0.8002671,0.006112346473597141,0.0003437536476821978,0.0008561067519075421,-0.0003986542729170282,-0.004731698972233977,-0.00037108922179687103,-1.8823127792928023e-05,0.0011388927699296863,0.0018940508113844889,0.0,0.0,0.0,0.0027901264335132227,0.002566191780411819,0.00037458851008408253,-0.0004771569402229371,0.007264629238073135
0.71201146,0.59886557,0.718256,0.9411765,0.7469888,0.67913556,0.88,0.12399769,0.08658709,0.97959185,1.0,1.0,0.08658709,0.08658709,0.46656057,0.11023733,0.39776707,-0.0008116154854665169,-0.0007543304400030012,0.0001367109725374806,-0.004897316105449457,-0.001363689546804786,0.0017230971020059463,-0.0011093492284522445,-0.01135485070486857,-0.016161486011365068,0.0,0.0,0.0,-0.012189709315757882,-0.0154088421736628,-0.0009344528680402402,0.0002001512871448006,-0.006956881573647542
0.6759921,0.71546835,0.7075233,0.67977726,0.9411765,0.88,0.5598652,0.4571228,0.44231644,0.97959185,1.0,1.0,0.44231644,0.44231644,0.5265606,0.40134853,0.390267,-0.0039896971853039314,0.0005031412884101199,0.00015596162243072969,0.0005694572495973064,-0.0048377869557607355,-0.0005835332067060336,0.0028216499346257152,0.001203702073375358,0.0003058808614422974,0.0,0.0,0.0,0.0022721893742839363,0.0019128882781808115,0.0014916400337688178,0.00010282273418290078,-0.004821260680858577
0.6385955,0.6537348,0.9566822,0.9411765,0.9411765,0.5598842,0.81621236,0.33712268,0.31990737,0.97959185,1.0,1.0,0.31990737,0.31990737,0.4165606,0.44357067,0.32901704,-0.004913572161246631,-0.0003353328215994604,-0.007114620013950043,-0.003568156171032499,-0.0032461470806526365,0.0020519395717508247,0.00021442925182032862,-0.0038675747278775602,-0.0068060426807454565,0.0,0.0,0.0,-0.003417193284417881,-0.004861246723512836,-0.0019696990286826067,0.0003368623107859643,-0.010046656081324695
0.8396284,0.6122059,0.8631045,0.9411765,0.9411765,0.94859445,0.67068595,0.75837255,0.7587124,0.97959185,1.0,1.0,0.7587124,0.7587124,0.5279892,0.68690413,0.78776705,0.004859643475457347,7.242527235800214e-05,-8.899732505534526e-06,0.0006467136961967382,-0.0010214760122862305,-0.0003453327927635122,0.0008478150637514903,0.003929124622000232,0.005765803736957426,0.0,0.0,0.0,0.0014770284876314773,0.001265419908452456,0.001017840286464301,0.0005246170971983503,0.007071417051720243
0.607466,0.6228039,0.84847784,0.9411765,0.8255462,0.8199039,0.88,0.33212268,0.30966097,0.97959185,1.0,1.0,0.30966097,0.30966097,0.46513203,0.32023737,0.536517,-0.007857537611625443,-0.00030240322563777054,-0.0026509596768493843,-0.004085264988560013,-0.0023667587349706994,3.551090051184335e-05,-0.0005297677699354864,-0.0044641955715613866,-0.006009005575717294,0.0,0.0,0.0,-0.003621425997091804,-0.0029339885575792395,0.00010730718054123398,-0.00036286392748272473,-0.0002378383270640852
0.8714466,0.6973419,0.78107446,0.7504441,0.8532198,0.88,0.88,0.40962243,0.3895353,0.97959185,1.0,1.0,0.3895353,0.3895353,0.4922749,0.36468178,0.5752671,0.007059728626678401,0.00035706680304965744,-0.0012941431382131165,-0.0002277604376943075,-0.0032166953823829906,-0.0005026203691576665,-0.0006225089900772847,-0.0005615245087069242,-0.003403523696393482,0.0,0.0,0.0,4.315401841507454e-05,-0.001120374879905368,0.00034657338381553077,0.0002741067113355108,0.0013737586177653513
0.5256478,0.6264316,0.7651779,0.9431936,0.941397,0.88,0.88,0.17837238,0.14395255,0.97959185,1.0,1.0,0.14395255,0.14395255,0.38513198,0.22023742,0.34651697,-0.012037241837402844,-0.00021486387075491287,-0.001781089511272976,-0.005090748118879798,-0.0036793782568001927,-0.00027471660892339455,-0.0007068698033379073,-0.01090657475836779,-0.014984288096981156,0.0,0.0,0.0,-0.011847304658140299,-0.010808200612483434,-0.0030190899376242937,-0.00023266919376662332,-0.010000552137475083
0.90918756,0.96153843,0.30041018,0.28862938,0.28862938,0.88,0.88,0.73149776,0.72697055,0.97959185,1.0,1.0,0.72697055,0.72697055,0.74084634,0.5502374,0.68026704,0.007594815947167872,0.000984421660838125,0.0011207352211784457,1.5337014335944713e-05,0.005019802921994101,-0.000652358356888457,-0.00018017249780353403,-0.0006627854562985648,0.0029706509477938708,0.0,0.0,0.0,-0.0023090318914686277,0.0006699523606484675,-0.0012216337835100092,-0.00012198882481562,0.0024836150029043567
0.7343944,0.7830625,0.83574915,0.9748012,0.9411765,0.88,0.69438505,0.8008727,0.8002989,0.97959185,1.0,1.0,0.8002989,0.8002989,0.72084635,0.5313485,0.8290171,-3.107198604866857e-05,0.00032762106818836137,0.00022224076307559112,0.0013570308624338955,-0.0016895782673670124,-0.00023028438071412896,0.0007819160325766245,0.003895357820043312,0.004326152281038179,0.0,0.0,0.0,-0.0011354502161737298,-0.001495411428360822,-0.0004477451115679489,0.0006280472382173937,0.007146118265692253
0.5441739,0.36051577,0.7816531,0.9411765,0.9117176,0.8199039,0.88,0.47337258,0.4625718,0.97959185,1.0,1.0,0.4625718,0.4625718,0.44370344,0.54468185,0.43276703,-0.011793119917982584,-0.0039414895578580855,-0.0012740021363027174,-0.0021291234969042535,-0.0002526216491409848,-2.5963471158930083e-05,-0.0007062995922932269,0.0004810659218499808,-0.0003937091901702512,0.0,0.0,0.0,0.0016549350284448532,0.0017983413439987737,0.0001832663421171724,0.00038963661161413115,-0.0061795128801190435
0.54768646,0.6778754,0.83845615,0.9748012,0.9411765,0.88,0.50533503,0.8302475,0.84000975,0.97959185,1.0,1.0,0.84000975,0.84000975,0.6479892,0.78357077,0.6527671,-0.00894954839467705,0.0003945442465296393,0.00041592112858311164,0.0022012750860534508,-0.0011401639564171877,7.003321860346974e-05,0.0007956767837991304,0.004474044322387364,0.006955630762674771,0.0,0.0,0.0,-0.001059254803961364,-0.0020445539655332603,0.00026742815036866674,0.0011878138171479223,0.0032517959281656615
0.64382964,0.610995,0.81411225,0.9411765,0.74908745,0.5154348,0.88,0.4539976,0.4402671,0.97959185,1.0,1.0,0.4402671,0.4402671,0.40084633,0.56357074,0.46026707,-0.005175766775760885,-0.0009770586852531637,-0.0016733759981533696,-0.0037817842079112384,-0.0007198264924484929,0.001300750537008882,-0.0003528735981203713,0.0011828418932518106,0.00019167356364385339,0.0,0.0,0.0,0.0019377630597766818,0.001199580033471941,-0.0006032758689023932,0.00013229987658795004,-0.002851093656435458
0.90918756,0.96153843,0.30065036,0.28886014,0.28886014,0.88,0.88,0.7708726,0.7628315,0.97959185,1.0,1.0,0.7628315,0.7628315,0.6308463,0.5013485,0.98151714,0.008040164751049423,0.0010596639406479104,0.00014319222585436038,-0.0006095429381677637,0.005114031880190615,-0.0006619474704122796,0.00010154958518581811,-0.0012808450737453985,0.003506979021574161,0.0,0.0,0.0,-0.003177341161014878,-0.0003635370872814453,-0.0003428691094397724,0.0004667083762650664,0.008777948984300791
0.82564783,0.6189603,0.81616944,0.7841628,0.9411765,0.88,0.5237187,0.36837256,0.35192758,0.97959185,1.0,1.0,0.35192758,0.35192758,0.5865606,0.25245953,0.47401702,0.006395535395277485,-1.6731781283191343e-05,-0.002142091132826292,-7.838068852910835e-05,-0.0033333117042067583,-0.00032921503998473677,0.0023026608776568203,-0.002409901054621876,-0.003532515584398878,0.0,0.0,0.0,0.00038492251857264197,-0.000267841230416268,0.0024354111421215955,-0.0009135695762393552,-0.0018734408530476962
0.6525762,0.634719,0.6237009,0.9411765,0.9411765,0.63679206,0.5401078,0.6108725,0.6025211,0.97959185,1.0,1.0,0.6025211,0.6025211,0.645132,0.47245958,0.6590171,-0.0028635178420518166,0.00011067354858227181,0.0021978647776497127,-0.0005636868296664606,-0.0011952733075262733,0.0005982102033915057,-0.0002956227525560277,0.0027849857171119053,0.003468041126403549,0.0,0.0,0.0,0.003011361499530296,0.0024841386300585946,0.0013616022926509438,0.0003123523472002325,0.003549224579195528
0.74520683,0.6266702,0.76901317,0.9411765,0.851526,0.8199039,0.88,0.7546226,0.7569158,0.97959185,1.0,1.0,0.7569158,0.7569158,0.47370344,0.57912636,0.89901704,0.0004546538951365914,-1.884273503906844e-05,0.0011122462895065768,0.0005490734746653233,-0.001192854653599896,0.00020029902168929462,-2.7363522760692467e-05,0.0032644945168568322,0.004467855730156076,0.0,0.0,0.0,0.00038891013221177507,0.0005967038310415101,0.001313841265613127,0.0004812832638980077,0.00881462884570509
0.835083,0.7959572,0.8098901,0.9924483,0.8219569,0.88,0.88,0.6302476,0.6221345,0.97959185,1.0,1.0,0.6221345,0.6221345,0.59941775,0.52245957,0.7777671,0.004265115733458636,0.0005543738535179107,3.5965120874501006e-05,0.0003923189592487336,-0.0012198708384614397,-0.0001468487367089969,7.790764518805317e-05,0.0031486040350492783,0.0039019086516112553,0.0,0.0,0.0,0.0029341500451904095,0.0023385626446734155,0.001217916363774481,0.0003645620031026217,0.006076759984340149
0.87144667,0.8336434,0.7875293,0.9924483,0.67250717,0.88,0.88,0.3789978,0.3607144,0.97959185,1.0,1.0,0.3607144,0.3607144,0.6637035,0.286904,0.390267,0.007880617901051764,0.0010436724055628574,-0.0012930424620940667,-0.004754903306347895,-0.0007065770941339391,-0.0005243491961856047,-0.0005195988005017194,-0.0023496989366142773,-0.0035715336985764675,0.0,0.0,0.0,-0.0010141778866288706,-0.0018532510736844743,0.003979358501724542,-0.0003475949904642544,-0.006248823836686151
0.907466,0.7283102,0.78883815,0.9748012,0.9429901,0.88,0.88,0.6358726,0.6265357,0.97959185,1.0,1.0,0.6265357,0.6265357,0.62370354,0.346904,0.73901707,0.008443573853969686,0.00059699887114371,-9.497938818893821e-05,0.0004665594173796724,-0.0023185321960985305,-0.00038187573225267587,0.0002185066549872957,0.004254448280991847,0.005209360243725504,0.0,0.0,0.0,0.0038771437242716123,0.003264400399514567,0.001751142381067519,-0.001216296956859767,0.005532102983713601
0.8354273,0.5220573,0.85666025,0.9411765,0.9117176,0.94859445,0.88,0.3802477,0.36421588,0.97959185,1.0,1.0,0.36421588,0.36421588,0.5365606,0.34468186,0.50151706,0.004921134823176834,-0.0006717627037710134,-0.003452603906235136,-0.002598817078841401,-0.002196593103233581,-0.0006432972887378168,-0.0008416906994980282,-0.0025472552681360706,-0.004171538926088975,0.0,0.0,0.0,-0.001096886441126638,-0.0011399525117989245,0.001532074399253317,-0.00012280564270730947,-0.0017263861442700418
0.899408,0.90375376,0.64450717,0.61923236,0.9748012,0.88,0.88,0.38962245,0.37094367,0.97959185,1.0,1.0,0.37094367,0.37094367,0.43227488,0.46245956,0.42901707,0.007574922992684106,0.00012812106647764628,0.0016207742042142197,0.00023863557097832073,-0.00474668184450271,-0.0007225792316967263,-0.0004503585014287842,-0.0006801414486750214,-0.004561729400242188,0.0,0.0,0.0,-0.00010391509687260419,-0.001619451045481967,-0.0010144939113955927,0.00048703462046431536,-0.004655373277639906
0.79871935,0.77721995,0.8238638,0.79155546,0.968766,0.88,0.88,0.5271225,0.5062904,0.97959185,1.0,1.0,0.5062904,0.5062904,0.71941775,0.3624596,0.550267,0.003931066296196146,0.0004107814925749607,-0.0015555414567576017,-0.00010881245860391076,-0.004366915061308506,-0.0005265734514014195,-0.0008108779721392689,0.001871212293846337,0.0019042199022606455,0.0,0.0,0.0,0.0027837747215023524,0.0018956880743824266,0.0022524603579207815,-0.0007002758942394153,0.0008329282564422092
0.835083,0.7144054,0.92284065,0.9411765,0.79812473,0.94859445,0.88,0.66837263,0.6667807,0.97959185,1.0,1.0,0.6667807,0.6667807,0.7608463,0.5502374,0.5865171,0.005399001651457296,0.0006503810046817697,-0.001431033641517143,0.0010447558441806096,-0.000919322801197331,-0.00036967965997249406,-0.00036308443866061,0.0028410622548877247,0.004759472345112559,0.0,0.0,0.0,0.002376835693907736,0.0011989863847037768,0.0005204362495270751,0.0003058780129179374,0.0018062530113019312
0.8581546,0.77695835,0.84845924,0.8151863,0.88406813,0.88,0.88,0.5939977,0.5835011,0.97959185,1.0,1.0,0.5835011,0.5835011,0.51513207,0.47801515,0.8902671,0.004770179079924207,1.5577667836554307e-05,-0.0006422574206779347,-1.167870618761814e-06,-0.003205076402742073,-0.00020260085268104005,-0.0002220525094752852,0.0027920437499097356,0.0034684013658969532,0.0,0.0,0.0,0.0032731100430689825,0.0026052192311553295,0.001147331693758796,-0.00015647124650297346,0.008246018668598207
0.90918756,0.96153843,0.18823925,0.18085732,0.18085732,0.88,0.88,0.48399746,0.46314368,0.97959185,1.0,1.0,0.46314368,0.46314368,0.7979892,0.41134855,0.29151702,0.008460335525947667,0.0006461466502766061,0.0024434356435210107,0.008714025749844045,0.0045306849057679096,-0.0005577939845082165,-0.0007118046944578516,0.0019421446433507397,0.0014600965146295741,0.0,0.0,0.0,0.0038125082857566332,0.002007167603767267,0.0017764803087941482,0.000752771954937035,-0.006682384384635354
0.7627,0.5548539,0.779843,0.9411765,0.8701977,0.8841149,0.88,0.56399775,0.5509792,0.97959185,1.0,1.0,0.5509792,0.5509792,0.54227483,0.6435707,0.50651705,0.0008774293821589474,-0.001086789740821959,-0.0005038789996612364,-0.0003973664547247746,-0.00037868717988765073,-7.204456156489585e-05,-0.0004142067089620558,0.0027155329985552455,0.0033788045201671867,0.0,0.0,0.0,0.003803520837063346,0.0030722237163492193,0.0014147439387635682,-0.00021799566499851244,-0.002121537807671285
0.88893986,0.680253,0.7834253,0.9411765,0.9411765,0.94859445,0.98459446,0.45149755,0.43599844,0.97959185,1.0,1.0,0.43599844,0.43599844,0.46513203,0.32801512,0.6602672,0.007948173110426792,0.0004314145737477689,-0.00041123138066886055,-0.0016566626454371243,-0.002650924980486728,-0.0008562173904691633,-0.0018740498082950037,0.0003601193647605937,-0.00020157852622483283,0.0,0.0,0.0,0.0016997812500202508,0.0013569783810779934,0.00033017523772665877,-0.0003700158688578191,0.005620565309927422
0.7532648,0.71546876,0.76474804,0.9411765,0.7153485,0.7522566,0.88,0.4052477,0.38409543,0.97959185,1.0,1.0,0.38409543,0.38409543,0.37513202,0.42134857,0.562767,0.0005546748200817403,0.0001251823807778393,-0.0009340524846536798,-0.0050064313483502605,-0.0018757168699035664,0.0006675931670452761,-0.0006667083861742934,-0.001666784801332131,-0.0035228494075605467,0.0,0.0,0.0,-0.0010967976300771257,-0.001877640002480071,-0.0020518364081659715,0.0004830811367521345,0.00028139552411613725
0.857466,0.6224663,0.7771341,0.9411765,0.8488943,0.52736497,0.88,0.35649765,0.33971983,0.97959185,1.0,1.0,0.33971983,0.33971983,0.28798908,0.456904,0.48151708,0.006067360694909012,-0.0008424960293952933,-0.0012690732301346402,-0.0034744181471694515,-0.002534828037218927,0.0028110669896741314,-0.0008529095939310808,-0.002275808527135229,-0.005718622253068001,0.0,0.0,0.0,-0.0023222987625310266,-0.004832780837902273,-0.004822877993342459,0.0005142023147950486,-0.0032537295823043045
0.87179095,0.82609814,0.82496256,0.9411765,0.9411765,0.75608623,0.5806429,0.6946225,0.6943689,0.97959185,1.0,1.0,0.6943689,0.6943689,0.65798914,0.60468185,0.6177671,0.00548511110622712,0.0005702488529531922,2.2481888624511642e-05,-0.00034335561132715496,-0.0008761822912521596,0.0005128673843786915,3.4788931553017145e-05,0.002855062621869725,0.0046298886761661695,0.0,0.0,0.0,0.0015924086590486165,0.0016254345780209903,0.0009188922396994428,0.00046383587165405103,0.0021014641194438523
0.5889398,0.56072205,0.9097477,0.9748012,0.9411765,0.88,0.3763806,0.6146227,0.6054125,0.97959185,1.0,1.0,0.6054125,0.6054125,0.60656065,0.53134847,0.52651703,-0.0073310995097381594,-0.0009120310083743796,-0.0017961931396857172,-0.0016658664019604502,-0.0010549821151888844,7.666850349890668e-06,-0.00010898751346466771,0.002452532673975686,0.0036822503061012795,0.0,0.0,0.0,0.0030507340121364566,0.002361563990375618,0.0013825445382499423,-4.069336514497311e-05,-0.0005119076203352664
0.90918756,0.96153843,0.3411556,0.32777694,0.32777694,0.88,0.88,0.7302475,0.7312772,0.97959185,1.0,1.0,0.7312772,0.7312772,0.76656055,0.78134847,0.36651695,0.008548390177767458,0.0008446977824241007,0.0030691734359747074,-0.0013600766971588495,0.0022201844387762905,-0.0004312948956189101,-0.0004133842018554961,0.0003155653084308473,0.0036842462737767417,0.0,0.0,0.0,-0.002011819457322979,0.0012437824081786507,0.00016695018758052218,-0.001854765510931544,-0.0029903270727457474
0.35292047,0.6111139,0.71825635,0.88049805,0.9748012,0.88,0.88,0.38899755,0.37130043,0.97959185,1.0,1.0,0.37130043,0.37130043,0.27227482,0.58468187,0.36651707,-0.020257346382518672,-6.690327603481808e-05,1.6252788953233198e-05,-0.0016156531620095899,-0.002601464903527163,-4.326798189821693e-05,-0.0009545423334690919,-0.0030754839764502557,-0.004871947148143574,0.0,0.0,0.0,-0.002701590410973746,-0.0011986044426622036,-0.003675627584726904,0.0003991936750824201,-0.009383112929772515
0.5987193,0.5336641,0.8979432,0.9411765,0.8446385,0.8199039,0.88,0.51337266,0.5060691,0.97959185,1.0,1.0,0.5060691,0.5060691,0.46656057,0.5680152,0.53401697,-0.007038846643015335,-0.0017313513911057245,-0.0034954452370078793,-0.001407339658282859,-0.000657552319880866,0.00019662345071514432,-0.0003515130015157256,0.0022022775393934963,0.0017764930796753228,0.0,0.0,0.0,0.002921222005626064,0.0023273990613726257,0.0006922922876531784,0.000459097010412085,-0.00032178585738391636
0.6036091,0.6262913,0.821903,0.78967154,0.79407483,0.88,0.88,0.51212263,0.49858245,0.97959185,1.0,1.0,0.49858245,0.49858245,0.64941776,0.4635707,0.5140171,-0.008228733982538941,-0.0003535141478309944,-0.0018278227520443797,7.779360036498504e-05,-0.0010448413323791545,-0.0002219395135076776,-0.000652172270014749,0.0025998200629394003,0.0016950075534451889,0.0,0.0,0.0,0.0031915135369043036,0.0023924094390953554,0.002082437908969938,0.0003549606059775154,-0.0010067231871454616
0.35746595,0.5646793,0.7611185,0.9411765,0.8594293,0.46726647,0.88,0.25024772,0.2167295,0.97959185,1.0,1.0,0.2167295,0.2167295,0.2465605,0.41912618,0.44026697,-0.02184231182012897,-0.0009424781375813982,-0.001459485764692194,-0.004085885745968857,-0.0024318876013023705,0.0015258967069961768,-0.000993142822293647,-0.007771522774804278,-0.011910155387014378,0.0,0.0,0.0,-0.008810186375015601,-0.009097517450353351,-0.00624334919744497,0.0002659535712061108,-0.0057212748171996865
0.49417385,0.71546835,0.6791397,0.88992506,0.9924483,0.88,0.88,0.4652475,0.44330943,0.97959185,1.0,1.0,0.44330943,0.44330943,0.5022749,0.44357067,0.5715171,-0.014842586538619926,0.0005112952203112088,0.0011245317770394025,-0.0006977652763055919,-0.001714995041538921,-0.0003185196491092386,-0.00048496451270450846,-0.0005345632922887535,-0.0014259563766024694,0.0,0.0,0.0,0.00037376897104249697,0.0010232068615892917,0.0005628411232135126,-0.0002019853106042406,0.0008273174517728807
0.871791,0.92629707,0.33544293,0.9411765,0.3222883,0.8433489,0.88,0.6033727,0.59357136,0.97959185,1.0,1.0,0.59357136,0.59357136,0.5837035,0.54134846,0.5765171,0.007893328748700267,-8.063621373081922e-06,0.0020355561756195905,-0.004200556510237126,-0.0020893578306588616,-0.00016568493850095765,-0.0005121366785268997,0.0025960607429662986,0.0025659674180357854,0.0,0.0,0.0,0.0026965799531501245,0.0030193125009563278,0.0013477823840417813,0.00023402266109900038,0.0011949543311792078
0.88893986,0.587634,0.8634483,0.9748012,0.9924483,0.88,0.88,0.50274754,0.49243036,0.97959185,1.0,1.0,0.49243036,0.49243036,0.4165606,0.62357074,0.47401714,0.007190023618097558,-0.00015511580658654245,-0.0031267823327207735,-0.00032082780735982156,-0.0023722394798819167,-0.00034727373253509144,-0.0006983651709862284,0.0017378479003989208,0.0013900773490089337,0.0,0.0,0.0,0.0025016219587035383,0.001982316649232731,-0.0013011090976049785,-0.00023767783289991114,-0.00246858620692163
0.5808818,0.5028481,0.7489013,0.9411765,0.8627297,0.94859445,0.88,0.5358727,0.52301335,0.97959185,1.0,1.0,0.52301335,0.52301335,0.58370346,0.3713485,0.59526706,-0.007208054847536457,-0.0009183815300953406,-0.00012376556372101818,-0.002103077134478911,-0.00047059887148280673,-0.0003912608164957869,-0.000584360091472825,0.002764810812278333,0.0025141554190358773,0.0,0.0,0.0,0.003455818556482262,0.0025549926851302167,0.0016924334824181262,-0.0005786066321669465,0.0023178040942705685
0.8987194,0.86522716,0.872761,0.9187256,0.95033264,0.88,0.88,0.85649765,0.8521687,0.97959185,1.0,1.0,0.8521687,0.8521687,0.8237034,0.6069041,0.8640171,0.006544058500866168,-7.374158205707762e-05,0.00048138214496760707,0.001016676711385095,-0.002225875097266952,-0.00044111443599982646,-0.00037541560217518616,0.003541590107252106,0.004606629681159596,0.0,0.0,0.0,-0.0017928836427723535,-0.0011971397518591661,-0.0008487480741885172,0.0005112221833050809,0.00773251064166071
0.80360913,0.83164656,0.6789071,0.8625522,0.9117176,0.88,0.88,0.4846226,0.46772137,0.97959185,1.0,1.0,0.46772137,0.46772137,0.4494178,0.57912636,0.46026695,0.003693962502847096,0.0004330846118589249,0.0013358916206259958,2.1717768899456348e-05,-0.0023256372813242306,-0.00035645876791791793,-0.0008550266036062318,0.0015057382629482918,0.0005946656529198256,0.0,0.0,0.0,0.00248035408853283,0.0019495747658727445,0.00010401543191093643,6.053941480542774e-05,-0.002912823154013638
0.90918756,0.96153843,0.18012086,0.17305729,0.17305729,0.88,0.88,0.5358727,0.52574813,0.97959185,1.0,1.0,0.52574813,0.52574813,0.28798908,0.77468187,0.6390171,0.006375440010978434,0.0022091166022022313,0.002425038858800821,0.005512368299489317,0.0053574779431354224,-0.0004698034514075562,-0.0001687332030810134,0.0014435162413606168,0.002221552790419488,0.0,0.0,0.0,0.003415397948504985,0.002973125040158643,0.0014190633669654226,-0.003871298202198079,0.00265245224337524
0.69837505,0.5760701,0.894508,0.9411765,0.9748012,0.94859445,0.88,0.4777478,0.46927354,0.97959185,1.0,1.0,0.46927354,0.46927354,0.4794178,0.56912637,0.451517,-0.001226997679506448,-0.0004130980131819052,-0.0046683798458911265,-0.00017570122677815312,-0.002778379398019074,-0.000500451438909916,-0.0005496868970919438,0.0011980011379067036,0.0005608551514328779,0.0,0.0,0.0,0.002534039076639383,0.0022353223899551225,0.00046692565749136184,0.00018682362279969032,-0.0035166887783386397
0.8078103,0.77020884,0.7359783,0.7071164,0.9924483,0.88,0.88,0.6833726,0.6744491,0.97959185,1.0,1.0,0.6744491,0.6744491,0.60656065,0.5113485,0.7302671,0.0034249361620964265,0.00015507780612161168,0.0010104806689809542,-0.0006326165506249367,-0.0023570618065801153,-0.0002698405521184316,-0.00021148006596770542,0.0036024092646669437,0.00454525760056734,0.0,0.0,0.0,0.0016119577124023763,0.001114824385454659,0.0010628093811073467,0.00034351698618917626,0.005109905399864001
0.5892841,0.6992753,0.82365113,0.9411765,0.8382281,0.60724634,0.88,0.51024747,0.49578896,0.97959185,1.0,1.0,0.49578896,0.49578896,0.60084635,0.20468181,0.71776706,-0.009206957047308431,0.00026394236203859764,-0.0007871881591079198,-0.0013458855274013466,-0.002375691103045184,0.0015922040749268862,-0.0004127162007927612,0.0019022073526720623,0.0013549126000235356,0.0,0.0,0.0,0.0027057963556742443,0.0017515276534210958,0.0017520274455178966,-0.002180532559050247,0.005072312226613851
0.78997284,0.7805235,0.510175,0.9924483,0.9376084,0.88,0.88,0.47212243,0.45589015,0.97959185,1.0,1.0,0.45589015,0.45589015,0.46370342,0.5135708,0.540267,0.002963808403016126,0.0005732657361141061,0.0038422785475353653,-0.002465004092694866,-0.001766495179146903,-0.00030487112760009516,-0.0008634146244589145,0.000540285231922656,0.0004967468852621351,0.0,0.0,0.0,0.0017293448199951164,0.0015466070412766008,0.0003225455993325323,0.00022928100533502722,0.00022330556423673264
0.90918756,0.96153843,0.22720961,0.21829943,0.21829943,0.88,0.88,0.5696225,0.561786,0.97959185,1.0,1.0,0.561786,0.561786,0.70370346,0.49468178,0.50151706,0.009172069125734645,0.0012836508662826542,0.0029966498617922267,0.004844027953241347,0.0061888822324025075,-0.0005991601445546053,4.008596010104029e-05,0.0009459357465270434,0.002625360708161809,0.0,0.0,0.0,0.0025083291484782754,0.002553182052858435,0.00036591917022852396,0.00037105309555152816,-0.000727863133315064
0.82530344,0.55748874,0.9144166,0.9924483,0.9748012,0.88,0.88,0.37337255,0.352415,0.97959185,1.0,1.0,0.352415,0.352415,0.37513202,0.45579296,0.524017,0.005168742525012453,-0.0007645097710678196,-0.0048360388033441455,-0.003524055078680878,-0.0035158303573857414,-0.00013185023263035132,-0.000799516065198673,-0.002939154742086978,-0.005656057605445332,0.0,0.0,0.0,-0.0024315658664182988,-0.0024252686609063305,-0.0029340305868867126,0.00024822367464959574,-0.0009499780245146832
0.8263364,0.8149628,0.71971744,0.9748012,0.80945534,0.88,0.88,0.34212255,0.32203153,0.97959185,1.0,1.0,0.32203153,0.32203153,0.40370342,0.3624596,0.5127671,0.004300258961122233,0.0007343089824861079,-0.0003241634888531567,-0.0047635081216640405,-0.002621599317926009,-0.0004054061935319568,-0.0007445997863631112,-0.004053007347704765,-0.005908416808059087,0.0,0.0,0.0,-0.0032014671200064782,-0.004031973115278452,-0.0017170161351295564,0.0001358736369628053,-0.0012648299489450396
0.87144667,0.7963094,0.80177927,0.7703369,0.91916525,0.88,0.88,0.49087274,0.47491106,0.97959185,1.0,1.0,0.47491106,0.47491106,0.29798904,0.56912637,0.6177671,0.005679247026599643,0.00046737424765421837,-0.0010582033681392122,-0.0002713229719136989,-0.00321418842916151,-0.00025343033220486775,-0.00055152833717385,0.001391982960666539,0.0002507718405047845,0.0,0.0,0.0,0.0019321966406611326,0.0012653567137635442,-0.003374662347044999,-0.00012306019311175738,0.002583578454110038
0.798375,0.499564,0.76959664,0.73941636,0.9411765,0.88,0.7509752,0.5839975,0.5757076,0.97959185,1.0,1.0,0.5757076,0.5757076,0.6122748,0.4791263,0.6727671,0.0034937508277237393,-0.00023419936635360545,0.00015407945654340204,0.0005261633322410024,-0.0017935032635412454,-5.1399141274294184e-05,0.000657744401794155,0.0024723825468103565,0.003358685021925371,0.0,0.0,0.0,0.002983263393037357,0.0020823481343483622,0.001472236706272072,0.00011729536970801254,0.0037637171309709144
0.86724544,0.6126538,0.89101523,0.9411765,0.9924483,0.94859445,0.88,0.5833727,0.5732436,0.97959185,1.0,1.0,0.5732436,0.5732436,0.7208463,0.406904,0.67651707,0.005705998139324284,0.00036971879969738356,-0.0018499146758329493,0.0005198362062035282,-0.003300136975676311,-0.0008744525408721889,-0.00032310440494884497,0.002227773247061399,0.0033072978360434518,0.0,0.0,0.0,0.0033622440588343596,0.0026608360870319665,0.0018385286960170058,-0.0008935767102120519,0.0035607983937859518
0.619725,0.44882017,0.9472685,0.9411765,0.9411765,0.88044995,0.61221665,0.66524744,0.65753233,0.97959185,1.0,1.0,0.65753233,0.65753233,0.69656056,0.49690396,0.8090171,-0.0056206655068460655,-0.0022058829298791756,-0.002524395540171607,-0.00030061845760180427,-0.0021528205081044055,7.571801137110021e-05,0.0006434198165843979,0.0034955971596084263,0.004413088879791575,0.0,0.0,0.0,0.002678134607487267,0.0017944591935520346,0.0011330759506192718,0.00021820388000526932,0.007097371166919672
0.90918756,0.96153843,0.32157677,0.30896592,0.30896592,0.88,0.88,0.8339977,0.8363713,0.97959185,1.0,1.0,0.8363713,0.8363713,0.875132,0.7035707,0.5140171,0.008849378307669992,0.0005886288719861064,0.002836046912473493,-0.0026879047762350685,0.0028161562523445535,-0.0005369841134570108,-0.0002666536254402705,-0.000792490491186635,0.0037844150640244044,0.0,0.0,0.0,-0.0060986116673773065,-0.0002501563600994544,-0.001074596692443025,-0.0013489150092119643,-0.0003860496859726306
0.70292056,0.7547349,0.7342926,0.7054968,0.9411765,0.88,0.6071417,0.42899752,0.41452935,0.97959185,1.0,1.0,0.41452935,0.41452935,0.34513202,0.51357067,0.619017,-0.0005257602620221135,0.0007614520532813002,-0.0002015523376059269,0.00014087023345603117,-0.003871197254891637,-0.0002942946099351235,0.001578156974429916,-0.0006213425718152875,-0.0017292961998118983,0.0,0.0,0.0,0.0005817126401059461,0.0007365574669917421,-0.001964257159079573,0.00010463295350396618,0.003189860995650432
0.90918756,0.96153843,0.23121852,0.22215113,0.22215113,0.88,0.88,0.59087265,0.5877273,0.97959185,1.0,1.0,0.5877273,0.5877273,0.6237035,0.48912632,0.5915171,0.00872460591086853,0.0015492581922258559,0.0030030633536982858,0.0044030498256668205,0.006344560457028268,-0.0007201184524632887,-9.483837873967282e-06,0.0011367167693569014,0.003204137631458249,0.0,0.0,0.0,0.002467609704918914,0.0028922645066709178,0.0009024255432869524,0.0003892652049652015,0.0017564225923973568
0.90918756,0.96153843,0.44809806,0.4305256,0.4305256,0.88,0.88,0.94024765,0.93675596,0.97959185,1.0,1.0,0.93675596,0.93675596,0.7008463,0.7680152,0.8877671,0.006931345431672529,0.0008517082028578441,0.0008222413361848085,-0.00220202219281528,0.0006264512554111898,-0.0003686255721576335,-0.00016181431878037168,-0.0005598179171777864,0.007032303386260943,0.0,0.0,0.0,-0.005350827860314309,-0.00281259382418434,-0.0006971978170997517,-0.0014970291189433241,0.008668947974678128
0.871791,0.92629707,0.31558496,0.9411765,0.30320907,0.8433489,0.88,0.5783727,0.56438893,0.97959185,1.0,1.0,0.56438893,0.56438893,0.7279892,0.34468186,0.619017,0.005801739878548929,-0.00011991954904254767,0.0023748052884161245,-0.0038912172305395516,-0.0012024420180009518,-7.758038754365096e-06,-0.00011319562458852198,0.002931675929531999,0.0024391473168513815,0.0,0.0,0.0,0.0031141490865814444,0.00319696451587663,0.00265837857996989,-0.00013761622603792516,0.0024352139785482896
0.8938296,0.7763425,0.90716857,0.8960912,0.87407136,0.88,0.88,0.43524754,0.4186137,0.97959185,1.0,1.0,0.4186137,0.4186137,0.60084635,0.26468182,0.59526706,0.00876792188078777,0.0006946180551006102,-0.003082496244967249,-0.0013604860246544262,-0.0031808357755455695,-0.00036062737602001724,-0.00031910749262557115,-1.4972338513095755e-05,-0.0012868837067689725,0.0,0.0,0.0,0.0014849782253447074,0.0008929342595329659,0.0023790424911902864,-0.0009197484006774459,0.002211835094113049
0.46621257,0.5915168,0.8490335,0.815738,0.9411765,0.88,0.54810435,0.46899748,0.45208395,0.97959185,1.0,1.0,0.45208395,0.45208395,0.35941777,0.42801508,0.67651707,-0.013938547890629305,-0.0005411163912546413,-0.0021179201225375605,-0.0002636753562853315,-0.002786873238594895,-0.00015856874757665072,0.00154937551487513,0.0005200849829224872,-0.00030083997296204764,0.0,0.0,0.0,0.001699058314364019,0.001585989840075033,-0.0008772582346041273,-0.00013389759395202215,0.005040948021665913
0.90918756,0.96153843,0.3963211,0.3807791,0.3807791,0.88,0.88,0.8746228,0.8795445,0.97959185,1.0,1.0,0.8795445,0.8795445,0.9037035,0.6780152,0.68276715,0.008259191896015454,0.0003886311886578688,0.0016646535821828428,-0.0027487203235618592,0.0017955326486510494,-0.0007456334552522269,-0.0002600918533163716,-0.0012688131856801164,0.003250141338875955,0.0,0.0,0.0,-0.007431359323598037,-0.0015106118967900834,-0.001929760495655969,-0.001018073662163473,0.002395444467261509
0.7938295,0.6122059,0.90196204,0.866591,0.9411765,0.88,0.6280648,0.72712266,0.72638303,0.97959185,1.0,1.0,0.72638303,0.72638303,0.91084635,0.4502374,0.63526714,0.002187551971036107,0.00028097060852982084,-0.001061836081717747,0.0004958092442329239,-0.0016459216005941264,-8.830321175675419e-05,0.0012930579059847102,0.002827555154506209,0.0038158097477552417,0.0,0.0,0.0,-0.0002272943060901609,-0.0007929482190136983,-0.0010296827205917604,-0.00017725718536237305,0.002415211520379169
0.83088183,0.83164656,0.724536,0.9411765,0.76805544,0.8199039,0.88,0.56462264,0.5548596,0.97959185,1.0,1.0,0.5548596,0.5548596,0.6065606,0.26912615,0.7652671,0.004738978220514594,0.0004239474604870899,0.0007710830001521812,-0.00017561495870337457,-0.0016673059686576567,0.00019575858128548104,2.6773813638026144e-05,0.003111512026672485,0.0034347687582289978,0.0,0.0,0.0,0.0039073837988367706,0.00296990011956043,0.0018085995721817383,-0.0012286053737685571,0.006099396309868241
0.90918756,0.96153843,0.037471056,0.036001604,0.036001604,0.88,0.88,0.35337257,0.32835662,0.97959185,1.0,1.0,0.32835662,0.32835662,0.37513202,0.4257929,0.47901702,0.007598685521894463,0.0007906157922438092,0.005900006430189448,0.01581922923692498,0.010850904121704532,-0.0006705899052073394,-0.000895805480619502,0.00038354244617551354,-0.003506963674934581,0.0,0.0,0.0,5.533636488261353e-05,-0.0020824216952743573,-0.000731483216771201,0.00033019449004402735,-0.001519110143684814
0.90918756,0.96153843,0.26235425,0.25206584,0.25206584,0.88,0.88,0.6514976,0.63881475,0.97959185,1.0,1.0,0.63881475,0.63881475,0.75084627,0.5502374,0.45901704,0.008731094165143637,0.0010480415815380993,0.0032335047995028583,0.0013631721452651055,0.005037821447047228,-0.0005825013203703565,-0.000283451017538883,0.00030826958998686114,0.0029652043602652637,0.0,0.0,0.0,0.0006147232184990834,0.0021478093550222465,-6.577849605962615e-05,-8.729564291083307e-05,-0.001305512861011478
0.6941739,0.6729926,0.74568355,0.9411765,0.9748012,0.94859445,0.88,0.4583727,0.444249,0.97959185,1.0,1.0,0.444249,0.444249,0.6679892,0.5335707,0.24776709,-0.0028815194897272634,0.00029682295293279476,-0.0013643225754789922,-0.0018378210766320292,-0.0028373458335868946,-0.0009292037207155657,-0.001278902254921171,0.0007864487182338936,3.5693223224387595e-05,0.0,0.0,0.0,0.0018593198054945154,0.0017104183268312337,0.0041040479124396356,0.00026802923178758037,-0.013901583211885428
0.370758,0.4880306,0.78377193,0.9117176,0.9411765,0.88,0.38755184,0.30149758,0.27923372,0.97959185,1.0,1.0,0.27923372,0.27923372,0.5108463,0.2324596,0.40776706,-0.023614055126313413,-0.0005868309372547456,-0.0023571947959023782,-0.003850231644661689,-0.0017149022426757128,-0.00010099758248871142,0.005822978323969042,-0.00838897297178945,-0.008407873783295447,0.0,0.0,0.0,-0.0066225440245075776,-0.0038096273807746717,6.469250194900262e-05,-0.0017876170915444218,-0.005656913017293614
0.61201143,0.7805235,0.73429245,0.9429901,0.9411765,0.88,0.8199039,0.3321228,0.3092445,0.97959185,1.0,1.0,0.3092445,0.3092445,0.34513202,0.46912628,0.369017,-0.006602436474175718,0.0005827591986356513,-0.0006819286743251578,-0.0035749022644247534,-0.002918904291123119,-0.00030393631409780255,0.00022514817114010664,-0.005711196191824678,-0.008266888383518477,0.0,0.0,0.0,-0.005318329807482303,-0.004635506736995874,-0.0037341005028159015,0.00013796773102065632,-0.009127718585850453
0.620758,0.64199233,0.9144166,0.9411765,0.9411765,0.5635914,0.52771604,0.3858726,0.36952803,0.97959185,1.0,1.0,0.36952803,0.36952803,0.42370346,0.51357067,0.47151697,-0.00804436501097815,-0.0006528815897901483,-0.005404732137843142,-0.0030768857991866285,-0.0026182282143712822,0.0015382527957772288,0.004025345379210713,-0.001578870981573749,-0.003456174995804241,0.0,0.0,0.0,-0.00041552017829973994,-0.0011640875503049427,-0.0009670705468400975,0.0002768207318225371,-0.0023879333322442335
0.46201146,0.714404,0.7812168,0.75058085,0.9411765,0.88,0.6229802,0.37712276,0.3584375,0.97959185,1.0,1.0,0.3584375,0.3584375,0.4922749,0.42912632,0.581517,-0.014925195121697004,0.00036444663301080066,-0.0003426807897347745,-0.00023710522109287208,-0.0033183283651563177,-3.175486904481208e-05,0.0018501915637712057,-0.001856293838624693,-0.003926507053001937,0.0,0.0,0.0,-0.00047036203999041695,0.0003648156768541763,0.0003877895540399821,0.00010718575162462498,0.0016866490722679125
0.8990637,0.8149628,0.61800903,0.9411765,0.8542276,0.7275613,0.88,0.27399755,0.25186542,0.97959185,1.0,1.0,0.25186542,0.25186542,0.22513199,0.3402374,0.545267,0.008662165790433506,0.0005325610630014077,0.0023628649488674496,-0.004384685100529065,-0.0027873126042665592,0.0011111764532175331,-0.0009567893247435294,-0.0057539793346543635,-0.008791010100480369,0.0,0.0,0.0,-0.005798078048712454,-0.008155422429380785,-0.007081157702688141,0.0006576961160357806,-0.00017262083035225002
0.7396285,0.79595625,0.888791,0.9411765,0.82688105,0.70779455,0.88,0.77399755,0.7738434,0.97959185,1.0,1.0,0.7738434,0.7738434,0.72798914,0.59357077,0.77901715,-0.00024320023501777754,0.0005857850201960704,9.23655774485254e-05,0.0012178501806250797,-0.0016687349052156091,0.0009699452132823379,8.4183538463639e-05,0.002814250463830444,0.004413040020828761,0.0,0.0,0.0,1.7835918916346266e-05,0.00037133505542892223,-0.00011485697280451537,0.00046923124393668055,0.006277777160281167
0.5990637,0.77695835,0.8241373,0.7918182,0.9748012,0.88,0.88,0.33899772,0.31367537,0.97959185,1.0,1.0,0.31367537,0.31367537,0.70370346,0.31023735,0.25026703,-0.00861774559949245,0.0008382499061988778,-0.0020913904838000454,-5.994080151516465e-05,-0.0030011479814500454,-0.0005559125026499818,-0.0010038649123056648,-0.004397455171188431,-0.006689640989271482,0.0,0.0,0.0,-0.0031190538836376332,-0.0029088819846987053,0.004618445347302748,-0.0003390932323701844,-0.013554349212960221
0.90918756,0.96153843,0.07832014,0.07524876,0.07524876,0.88,0.88,0.24837255,0.21872388,0.97959185,1.0,1.0,0.21872388,0.21872388,0.57941777,0.19579294,0.306517,0.010208445031907532,0.0005290120477609115,0.0070889069039046515,0.015586415161246774,0.011953411816606675,-0.0009590481309000295,-0.0014591684889374548,-0.0018273922648796976,-0.0087389536313468,0.0,0.0,0.0,-0.003551651524166906,-0.006261530321386501,0.0019421536543248218,0.0018545039429339106,-0.00899614877548094
0.88053757,0.9619711,0.7956982,0.941397,0.9429901,0.88,0.88,0.21774745,0.18526009,0.97959185,1.0,1.0,0.18526009,0.18526009,0.3708462,0.31690407,0.40276706,0.007848155918505025,0.001274512253965572,-0.0016338302027408436,-0.0032262496758382365,-0.0033127001353971033,-0.0005787579433818223,-0.0006794214722432651,-0.00837924249594561,-0.013304367004384803,0.0,0.0,0.0,-0.008696179661433186,-0.010860591959945423,-0.003808474364252375,0.0003891349709618522,-0.007238382653660267
0.71235573,0.79087156,0.78916126,0.968766,0.96780485,0.88,0.88,0.8171227,0.8096546,0.97959185,1.0,1.0,0.8096546,0.8096546,0.7108463,0.78357077,0.5565171,-0.001397591607107954,0.0004664605313445995,0.0002068477935412039,0.0017243486909406464,-0.0011761695492546664,-0.0001931875875527829,-0.0003375596951754288,0.0042672043076441455,0.005880921845079285,0.0,0.0,0.0,0.0002517395981258568,-0.00014099044786497185,-1.963701495502122e-05,0.0012462017219457542,0.0009259676618263823
0.58473873,0.6150972,0.84466565,0.8115415,0.9924483,0.88,0.88,0.49274755,0.47338173,0.97959185,1.0,1.0,0.47338173,0.47338173,0.62656057,0.31357065,0.64026713,-0.008465500024550363,-4.424407916881742e-05,-0.0020251769542204996,1.6588549961070324e-05,-0.003576326611299574,-0.00028692559270262585,-0.0004845640091059478,0.0008308013745205623,0.00032502381502322965,0.0,0.0,0.0,0.0022119804762306,0.0018703298715227951,0.0018366171547487483,-0.0012443654396430035,0.002823992619383509
0.68997276,0.5537982,0.85653937,0.9411765,0.82541555,0.8841149,0.88,0.7552476,0.7541707,0.97959185,1.0,1.0,0.7541707,0.7541707,0.6465606,0.57912636,0.74526715,-0.0017759157855817226,-0.00033887905731395127,-0.0006750088868243059,0.0009756521495168705,-0.0014023050054517688,-8.533163869390264e-05,-0.00038913431236463293,0.003785659800503163,0.0061267481223385226,0.0,0.0,0.0,0.0017008883435367308,0.0008833064921004224,0.0006883000001041659,0.0003848042215744299,0.006140908425004757
0.8903171,0.90375376,0.6361479,0.6112009,0.9411765,0.88,0.8199039,0.59712255,0.591529,0.97959185,1.0,1.0,0.591529,0.591529,0.60084635,0.44579294,0.70401704,0.005564910253692355,-0.0008455598808160863,0.001610364217661116,-0.0012061869845097363,-0.003954441720527231,-0.0005331763041624208,0.0002458994979454317,0.0025497695274374716,0.003429773153600867,0.0,0.0,0.0,0.003044313998849706,0.0025126367828755066,0.0013370290985029883,-9.730785326155998e-05,0.0042495382253837435
0.62110233,0.59606963,0.7253714,0.9924483,0.9117176,0.88,0.88,0.41274762,0.38943085,0.97959185,1.0,1.0,0.38943085,0.38943085,0.46656063,0.40134853,0.50151694,-0.007214842072138047,-0.00011224571472587819,-0.00013644649037389912,-0.004142292810564503,-0.0016218717313557162,-0.0002760688407325301,-0.0007839730335273222,-0.0028134157032374207,-0.0035255416952494952,0.0,0.0,0.0,-0.00183753420933075,-0.0008315339164788095,-0.0002553578612359266,-0.0003112780438275303,-0.002462828689107192
0.5204137,0.46829432,0.8780735,0.9411765,0.96780485,0.8841149,0.88,0.6139977,0.6022436,0.97959185,1.0,1.0,0.6022436,0.6022436,0.59941775,0.6180152,0.54276705,-0.012129238399694176,-0.0017822386776024568,-0.0033626600418436136,0.0013400918534052487,-0.0013759518189100641,-8.84363395960211e-05,-0.0003334788088132568,0.0031955535846049255,0.003927021935859205,0.0,0.0,0.0,0.0038433321067841684,0.0026805478177784297,0.0011850169745387673,0.00013111381651457663,-0.00035294799681469675
0.6113228,0.7157168,0.8880451,0.9411765,0.9924483,0.8091359,0.88,0.6646228,0.65999556,0.97959185,1.0,1.0,0.65999556,0.65999556,0.70798916,0.5569041,0.6627671,-0.0035561284160020384,0.0011484319382303885,-0.001430159137804486,0.001229547877676128,-0.0013495755094239275,0.00015933831124286638,-0.0003499149247128669,0.0033102240108381924,0.0047993280709417545,0.0,0.0,0.0,0.0027796049899642718,0.0015458063687533428,0.0007356146336539457,0.0004790670188751489,0.0037866866166888736
0.90918756,0.96153843,0.22761834,0.21869212,0.21869212,0.88,0.88,0.5327476,0.52129376,0.97959185,1.0,1.0,0.52129376,0.52129376,0.6837034,0.21579297,0.75776714,0.008277402405933243,0.0004271898263332371,0.002578851859948249,0.00456314923702772,0.008037538318525177,-0.0006867619644627454,-1.6900527877268184e-05,0.0018257767142544087,0.0019167144530402224,0.0,0.0,0.0,0.002981537290742414,0.002256330775754912,0.00044300090174448896,0.0010763267944587694,0.004881914623103384
0.7165569,0.6841984,0.7979441,0.9411765,0.74854594,0.6883086,0.88,0.39524758,0.37686086,0.97959185,1.0,1.0,0.37686086,0.37686086,0.5522748,0.45245966,0.4465171,-0.0018354356214087724,-0.0001827441217867557,-0.001273071336838974,-0.0025375965267278745,-0.000741474286354736,0.0011774629468504622,-0.000847384010154145,-0.0010118931122569672,-0.0029509434779841854,0.0,0.0,0.0,2.001117420297873e-05,-0.0012956576106928428,0.0019131922467216195,0.00036902278598513504,-0.004202788047902201
0.6983751,0.8073464,0.9253362,0.8890485,0.9411765,0.88,0.98459446,0.53899765,0.5254284,0.97959185,1.0,1.0,0.5254284,0.5254284,0.6994177,0.47690403,0.484017,-0.0016898556549610555,0.00039772093364372083,-0.00378655597529205,0.0008524704725499981,-0.002707341336630492,-0.0001289540405823582,-0.0024404200615447884,0.0030177057055551858,0.0033558856260984173,0.0,0.0,0.0,0.004139070803314034,0.0029102740005537064,0.0024165746963995295,0.00027949363967296153,-0.001555678055360622
0.5571217,0.6917415,0.8344077,0.9411765,0.9411765,0.8199039,0.8199039,0.2964977,0.27446532,0.97959185,1.0,1.0,0.27446532,0.27446532,0.16227491,0.5135708,0.52151704,-0.009309186972225714,-2.5366553965825225e-06,-0.001982015681060721,-0.0034204496367297834,-0.002914350224976942,7.454043503291058e-05,7.024532796736189e-05,-0.005590747535807052,-0.0093059137996097,0.0,0.0,0.0,-0.00610495326061151,-0.005326455132830303,-0.0071009378561794475,0.00021492329864146394,-0.0012648264920619911
0.66655684,0.6841977,0.7057271,0.67805153,0.9411765,0.88,0.46770915,0.29462254,0.2726128,0.97959185,1.0,1.0,0.2726128,0.2726128,0.48798922,0.41912618,0.20651698,-0.00297683715634383,6.550738210497534e-05,0.001482568223742108,0.0011030416540602067,-0.0028503353631212707,-0.0004897073495898414,0.00563450980902094,-0.0051677580885271055,-0.008826231617237789,0.0,0.0,0.0,-0.004441760045238416,-0.005325601134721487,-4.200757913657299e-05,-1.8837248586116512e-06,-0.015010913319388943
0.90918756,0.96153843,0.23961017,0.23021369,0.23021369,0.88,0.88,0.54649746,0.53714705,0.97959185,1.0,1.0,0.53714705,0.53714705,0.49941772,0.6980152,0.48901713,0.009215103307765711,0.002300951910005418,0.0029795654047531477,0.006029554983025036,0.006294373828851898,-0.0004157130226531577,-0.0002346491756578111,0.0013601253181287415,0.0032988703470947607,0.0,0.0,0.0,0.003872955516038677,0.003592612478724208,0.001759309410287124,-0.0023698859337467682,-0.0008353145245836793
0.85815465,0.8387082,0.69747245,0.6701206,0.9748012,0.88,0.88,0.53337276,0.5227197,0.97959185,1.0,1.0,0.5227197,0.5227197,0.64513206,0.5235707,0.369017,0.005257762717394957,0.00029010556164216136,0.00128496696561372,-0.00015676736184421628,-0.0037396162873304163,-0.000745620011838274,-0.0007408481236766853,0.001470510758854739,0.002760157483903377,0.0,0.0,0.0,0.002786961179503077,0.0025397785729400634,0.003145973204289368,4.039064993313817e-06,-0.005808552396126857
0.620758,0.7131905,0.7661282,0.9411765,0.9411765,0.6217181,0.5747442,0.77337277,0.76373434,0.97959185,1.0,1.0,0.76373434,0.76373434,0.80370337,0.67468184,0.62026703,-0.005152537257566797,0.0005865745322188562,0.00042059962624648145,0.0011989673814679534,-0.0014810508331431977,0.000618370207196436,0.001235690669266236,0.003347122106596613,0.006085184124752465,0.0,0.0,0.0,0.00045869195916054597,0.00033010965764880074,0.0001099212360880649,0.00022188821003648807,0.0027200485632935577
0.90918756,0.96153843,0.33362,0.32053688,0.32053688,0.88,0.88,0.67399764,0.6709529,0.97959185,1.0,1.0,0.6709529,0.6709529,0.5365606,0.635793,0.75276715,0.008379309233171069,0.0011994264273261712,0.001655762565083217,0.0014616827090863987,0.004755589008534361,-0.0005700345942095004,-0.00012780961726768556,0.00014373357346352466,0.00443602279333837,0.0,0.0,0.0,9.911849512713254e-05,0.002027487096786199,0.0006757482490276288,-0.0009858553846015237,0.005262524091330114
0.8354273,0.86100686,0.67912716,0.7371033,0.9411765,0.88,0.77544713,0.6883726,0.6840174,0.97959185,1.0,1.0,0.6840174,0.6840174,0.4665607,0.6069041,0.7727671,0.003578779054392443,-0.00016982573565559104,0.0013550584732089056,7.723107100365355e-05,-0.002294477073841257,-0.00017285271091714295,0.0004287930281325758,0.0032361819807220204,0.004408698687460485,0.0,0.0,0.0,0.0023299625754872474,0.0014752178953291795,0.001817903125568497,0.001066639509556351,0.005400327108709826
0.877025,0.6890869,0.75539744,0.72577405,0.7771886,0.88,0.88,0.74774766,0.7333882,0.97959185,1.0,1.0,0.7333882,0.7333882,0.71513206,0.6802374,0.6602671,0.005942946225532552,0.00030958416376909546,0.0009082969097800814,0.0001515878256930684,-0.0015325499656726799,-0.0001784899045397352,-0.0004394804740779574,0.001976789995784818,0.00430404103827714,0.0,0.0,0.0,0.000125343789176546,0.00037168422338238545,0.0002163293191904819,0.0002659895548604753,0.003285165849215617
0.90918756,0.96153843,0.11890386,0.11424096,0.11424096,0.88,0.88,0.39962268,0.37980074,0.97959185,1.0,1.0,0.37980074,0.37980074,0.49656057,0.31023735,0.64526707,0.008625392772219685,0.00023286628893415671,0.002644736733298215,0.011711068511573487,0.009325873874706176,-0.000649839077889025,-0.0003376138192648554,0.0007890359432164467,-0.0021744034299210143,0.0,0.0,0.0,0.001782363078825609,-0.00038264511248020606,0.0007390909879062661,0.00044931245823095334,0.002829369637134199
0.80781025,0.68095493,0.71786946,0.88049805,0.6757835,0.88,0.88,0.30149758,0.27743366,0.97959185,1.0,1.0,0.27743366,0.27743366,0.40798923,0.5702374,0.23151708,0.004296734443531691,0.00016138773552941662,-0.0006397576894845416,-0.0024735646212630715,-0.0005951878298089097,-0.0006094836348724246,-0.0009704847209642012,-0.004937799742999887,-0.008269466782204676,0.0,0.0,0.0,-0.00479134123556085,-0.0069750979108320664,-0.0030156699770064123,8.665363721191203e-05,-0.015109089307925483
0.5431409,0.7495128,0.9164368,0.9411765,0.9411765,0.94859445,0.8727212,0.48399758,0.46667585,0.97959185,1.0,1.0,0.46667585,0.46667585,0.5594178,0.61579293,0.52651703,-0.009023926857538311,0.0006259161238605593,-0.0031165004050685324,-0.0001038829602345508,-0.002191625200299357,-0.0005935097193714191,-0.0004733925497886182,0.001340985827854558,0.00036782572857011446,0.0,0.0,0.0,0.0024134571818179074,0.002301793484857158,0.0016436210762017286,0.0007990222205304365,-0.0003916447451025379
0.90918756,0.96153843,0.11286831,0.1084421,0.1084421,0.88,0.88,0.3339975,0.3096717,0.97959185,1.0,1.0,0.3096717,0.3096717,0.6965605,0.19801511,0.47526705,0.008980749281759688,-0.00022181700523307105,0.003290283766131484,0.011641715535717545,0.008782812516655792,-0.0007762135412389265,-0.0006175550183590773,-6.253267747975161e-05,-0.0032816230702599975,0.0,0.0,0.0,0.0007671931919474051,-0.0017309573572415785,0.002272762825640855,-6.164498724233844e-05,-0.0020428658213715056
0.90918756,0.96153843,0.2129679,0.20461622,0.20461622,0.88,0.88,0.6277479,0.62193996,0.97959185,1.0,1.0,0.62193996,0.62193996,0.7065606,0.4291262,0.69026715,0.00894816590446878,0.0010566393141437063,0.0015553711481600496,0.002455428479232698,0.007575005122394728,-0.0006257810309714624,-4.807846254462554e-05,0.0003706432179931126,0.0027759805992529575,0.0,0.0,0.0,0.0009161358128203798,0.002047883194756421,-0.00036662455217832397,0.000867515588853042,0.003421543454869403
0.74348533,0.6765223,0.90391,0.9411765,0.8664516,0.58358324,0.88,0.4852476,0.47251037,0.97959185,1.0,1.0,0.47251037,0.47251037,0.6308463,0.5724597,0.311517,-0.001289337740090033,-0.0002018179780650882,-0.004466263477106703,-0.0016706912525789649,-0.00083130752141681,0.0018374174390184445,-0.000834370060195977,0.0021523733755306547,0.0008297750237170972,0.0,0.0,0.0,0.00266109114894578,0.0018782049864041323,0.0034729007409904315,0.0001013496699930607,-0.00997794052347506
0.8899728,0.97363144,0.50970644,0.9924483,0.42236182,0.88,0.88,0.75774753,0.75148606,0.97959185,1.0,1.0,0.75148606,0.75148606,0.8379892,0.5113485,0.7127671,0.00552450123705004,-0.00040974303863676643,0.0014116988571880062,-0.0008670058871730975,0.0001711538312102682,-0.00038321714210077883,-3.6292457982908756e-05,0.0020229905406411557,0.002576556904652587,0.0,0.0,0.0,-0.0007662816341969824,0.0012712488496749454,0.0002824588369898618,0.00018336656597779273,0.004075909649763919
0.84066135,0.6890869,0.7240535,0.7633134,0.7410794,0.88,0.88,0.7252475,0.72176206,0.97959185,1.0,1.0,0.72176206,0.72176206,0.49656063,0.7035708,0.7115171,0.004571774438684873,5.306099932869405e-05,0.001353076291370132,0.00028522058209757596,-0.0009558040374563733,-3.407965366969369e-05,-0.00037905354491483425,0.002851005445657192,0.005702542190718458,0.0,0.0,0.0,0.001791576150730213,0.0016325338553115675,0.0009662668561592637,0.00010074826339420187,0.005294815263461088
0.83053756,0.83010924,0.77911216,0.7485587,0.9117176,0.88,0.88,0.46712267,0.451781,0.97959185,1.0,1.0,0.451781,0.451781,0.5437035,0.40134853,0.520267,0.0028397824417582596,0.000375012122335475,-0.001501641692229831,-0.0003248700389653028,-0.003993800080125698,-0.0004687374164950148,-0.00038254491474208917,0.0007006794520298247,-0.0002007763403439061,0.0,0.0,0.0,0.0026020845922087427,0.0017641932714098365,0.0014559872922064205,6.697717001180688e-05,-0.0009185348852067676
0.5162126,0.6874442,0.8650515,0.9431936,0.9429901,0.88,0.88,0.5802474,0.5700991,0.97959185,1.0,1.0,0.5700991,0.5700991,0.5865606,0.60468185,0.4727671,-0.012984080653691069,4.207482843008062e-05,-0.0031164067888302654,0.0008440544661797197,-0.0016195315363429406,-5.1590141740181785e-05,-0.00046975903548943966,0.0031256910034629507,0.003882878948692753,0.0,0.0,0.0,0.004028944382264814,0.0029412295608224727,0.0013221135560923284,0.00020907538679598877,-0.0026777478759925847
0.88542736,0.83870864,0.66511613,0.9924483,0.9429901,0.88,0.88,0.6408727,0.6267445,0.97959185,1.0,1.0,0.6267445,0.6267445,0.54513204,0.6746819,0.5502671,0.0068725770069668814,0.000753204144850918,0.0015646141141698086,-0.0010428265818681975,-0.0015822666369933428,-0.00019891920455570813,-2.9006702697993366e-06,0.003408068345268617,0.004860198545969257,0.0,0.0,0.0,0.0033373072104079145,0.00276263908030608,0.0014549233492506131,-0.00012553152256230423,0.0009850836622219935
0.44837496,0.58038735,0.79178655,0.7607361,0.9117176,0.88,0.88,0.6358727,0.6252778,0.97959185,1.0,1.0,0.6252778,0.6252778,0.6994177,0.5880152,0.5965171,-0.01627445163281523,-0.0006487926640125224,-0.0003024119685844018,0.00041797930182095345,-0.0016077710019647866,6.764526067263302e-05,-0.001072448628503562,0.0026075093932300397,0.004175776816637007,0.0,0.0,0.0,0.003030438805701964,0.0015208731534643127,0.0008455485191530128,7.845475829096298e-05,0.0010923430295461554
0.7945182,0.51008976,0.7284913,0.7958741,0.7014841,0.88,0.88,0.4652475,0.44799036,0.97959185,1.0,1.0,0.44799036,0.44799036,0.45370346,0.62245965,0.46026695,0.0029511506858761172,-0.0012716776137323522,-0.00047157063369856285,-0.0013314846974335501,-0.0006857341590004232,-0.0002326610427475551,-0.0005639753893469789,0.0014803129091786231,-0.0006201877887569063,0.0,0.0,0.0,0.0019290303025307945,0.0011099749869212655,9.321413362134049e-05,-0.0002968022910579187,-0.004397573563493435
0.90918756,0.96153843,0.23146348,0.22238648,0.22238648,0.88,0.88,0.56149757,0.5537181,0.97959185,1.0,1.0,0.5537181,0.5537181,0.32227474,0.78357077,0.44401705,0.007424603147503868,0.0027756024420967306,0.004136167631935736,0.005147773369735065,0.005602838570729125,-0.00024873109114061093,-0.00031607439369898185,0.0006351038706793905,0.003025867782846953,0.0,0.0,0.0,0.002685764296912815,0.003073989819903355,0.0002933797303764989,-0.004684739814784996,-0.003017394324505368
0.5983751,0.5685181,0.7058958,0.9748012,0.7523643,0.88,0.88,0.17087245,0.13775657,0.97959185,1.0,1.0,0.13775657,0.13775657,0.2194177,0.4257929,0.40276706,-0.006993117471642105,-0.0006455700699152691,0.0002862828623989246,-0.004741855974692451,-0.00119472082943091,-0.0003667733826766819,-0.0011648367025651205,-0.01200715269529402,-0.016455053718491743,0.0,0.0,0.0,-0.013695242037573732,-0.01206098881958542,-0.0080330401275591,1.6706552854399273e-05,-0.007812537970284352
0.58053756,0.7495128,0.7934312,0.9411765,0.81725186,0.6594933,0.88,0.48024762,0.4672023,0.97959185,1.0,1.0,0.4672023,0.4672023,0.4665607,0.5502374,0.43901706,-0.009067639845568683,0.0003542025605946489,-0.0006882745709016199,-0.001454249159653467,-0.0005764971337777621,0.0005690952571461141,-0.000770349294535289,0.0012657361733552106,0.00033269676456948184,0.0,0.0,0.0,0.0023425547243904623,0.0019058235322810515,0.000522951093769411,0.00036779199685875577,-0.004668991489560688
0.90918756,0.96153843,0.3064338,0.2944168,0.2944168,0.88,0.88,0.8233726,0.8238585,0.97959185,1.0,1.0,0.8238585,0.8238585,0.8108463,0.58023745,0.7977671,0.007059024054792724,0.0008392431871943436,0.0012561695138649449,-0.0009078441017087835,0.0045321772178122345,-0.0003584987574741506,-5.858614738871464e-05,-0.0011773817477504383,0.005048528493258951,0.0,0.0,0.0,-0.0038897364883755197,0.0005086140747782851,-0.001391275119951173,-0.0004512925375770164,0.005553480589721458
0.90918756,0.96153843,0.14741205,0.14163119,0.14163119,0.88,0.88,0.42962265,0.41404527,0.97959185,1.0,1.0,0.41404527,0.41404527,0.45798922,0.47245967,0.525267,0.00868336442045281,0.0012664579569021054,0.0031239739693593354,0.011027305949162782,0.007513439139910986,-0.0006189931073171929,-0.00047044383682749957,0.0017827282785069685,-0.0004444314399778776,0.0,0.0,0.0,0.0026473988353505097,0.0012330029780903812,0.0012047178952882698,0.00044716697357909243,-0.00045555443366695537
0.90918756,0.96153843,0.39621395,0.38067615,0.38067615,0.88,0.88,0.81212246,0.810017,0.97959185,1.0,1.0,0.810017,0.810017,0.67084634,0.6491263,0.7940171,0.008768992945551887,0.0010532599586930002,0.0015391380608990206,-0.000754480599555919,0.002379823637813176,-0.00048033221594599674,-0.00013513976219660327,-0.00019790909845035162,0.005215171825698761,0.0,0.0,0.0,-0.0029905141406936365,-3.0153119918907775e-05,-0.0005964159369951296,-0.0005201728762809246,0.005652868840943244
0.90918756,0.96153843,0.16168605,0.15534543,0.15534543,0.88,0.88,0.4833727,0.46925554,0.97959185,1.0,1.0,0.46925554,0.46925554,0.7437035,0.22245958,0.64526707,0.009746194563008072,0.00016496893016927278,0.002947504942556391,0.006907999899588993,0.00832368946837394,-0.000634701057350797,-8.203538196861597e-05,0.00200471879150586,0.001427260461736843,0.0,0.0,0.0,0.003716492937105799,0.0022318264503404495,0.0009706001470085447,0.0008850414389768226,0.002910615086084686
0.9032648,0.80040306,0.7395321,0.96780485,0.9748012,0.88,0.88,0.54462254,0.52791566,0.97959185,1.0,1.0,0.52791566,0.52791566,0.7265606,0.48357064,0.55776703,0.007980119291897287,0.00036997551617078556,0.0003919117954665424,-0.00037327313807553595,-0.0035878408444445374,-0.0003334865482274579,-0.0002331568377954358,0.0023916445374042076,0.002781327665798837,0.0,0.0,0.0,0.003329329841140406,0.0023368314700671143,0.0023730372042887657,6.249882848770677e-05,0.000481097267557109
0.8029205,0.6771979,0.8776108,0.8431947,0.9411765,0.88,0.8727212,0.6733726,0.66711754,0.97959185,1.0,1.0,0.66711754,0.66711754,0.67084634,0.51357067,0.66901714,0.003069118828655439,0.0005119430301840218,-0.001316368143096953,0.0006000613489659085,-0.0012187870348901626,-7.926601354261241e-05,-0.0004097362176157372,0.0033809202744057186,0.005349643320814118,0.0,0.0,0.0,0.0026518314050360107,0.0017374355112603401,0.0011316971835793603,0.0002758955416181287,0.003942384832934251
0.7753035,0.74951065,0.8978044,0.9411765,0.9431936,0.752257,0.88,0.49587274,0.48139146,0.97959185,1.0,1.0,0.48139146,0.48139146,0.472275,0.5113485,0.53776705,0.0014422340852194232,0.00037784352633748406,-0.003205114469862606,-0.0010443057061226382,-0.003403849839240546,0.0007794683293659521,-0.0005232031147411526,0.0016611153839161147,0.000867035826603494,0.0,0.0,0.0,0.0027932981715017118,0.0021035861118101186,0.00031436904033975405,0.0002104994635990857,-6.405149202611343e-05
0.6987194,0.7456876,0.8787329,0.9486862,0.8586648,0.88,0.88,0.5164974,0.4956721,0.97959185,1.0,1.0,0.4956721,0.4956721,0.6237035,0.6202374,0.42901707,-0.003003310416957825,0.00022041769935385633,-0.002748659175070927,-0.0007592822844815107,-0.0011667099077801151,-0.00013736781823714089,-0.0006669736860207624,0.002355290742045128,0.001984644215166723,0.0,0.0,0.0,0.0032979445531191964,0.002712086543531278,0.002620754412844128,5.6793182851375666e-05,-0.004866822450814793
0.61166716,0.5609757,0.8288885,0.9924483,0.9748012,0.88,0.88,0.4214977,0.40417713,0.97959185,1.0,1.0,0.40417713,0.40417713,0.42941776,0.6569041,0.2840171,-0.0065652236756318285,-0.0006874992451594253,-0.0025836021952503454,-0.0027349536303643627,-0.001716625503908087,-0.000151205980269663,-0.0009679881412082343,-0.002000070917197322,-0.004311558155575583,0.0,0.0,0.0,-0.001641951209748562,-0.0012869405713737986,-0.0013268743610592912,0.00025373437820360985,-0.014730753038928497
0.86621255,0.8149628,0.8735588,0.9411765,0.9411765,0.7275613,0.7275613,0.42399776,0.4099092,0.97959185,1.0,1.0,0.4099092,0.4099092,0.36227486,0.58912635,0.374017,0.007881766792332138,0.0008416121198986985,-0.003509221750424004,-0.0015950802408449538,-0.0028581489540430555,0.0010108492088713081,0.0013409546087344475,-0.0005242984056626488,-0.0025783084491933076,0.0,0.0,0.0,0.00018329604398080291,-0.0008708108507680831,-0.0035061323902974752,0.00015839306727434617,-0.00681289292137247
0.88962847,0.6537348,0.7535213,0.9411765,0.9411765,0.81621236,0.7724515,0.3952477,0.37632382,0.97959185,1.0,1.0,0.37632382,0.37632382,0.36656052,0.40134853,0.6365171,0.007377415188850444,1.3125439681367126e-06,-0.0006119322034340488,-0.001907112004404893,-0.002891111880595263,0.000259412773517967,0.0005307682981247794,-0.0016206873955904827,-0.0032665594305646365,0.0,0.0,0.0,-0.0002547171211210515,-0.0008916418346451239,-0.0026023687121780794,0.00028518541096087603,0.004083920709173832
0.86724555,0.83164656,0.8336622,0.9411765,0.9924483,0.74491245,0.88,0.7521225,0.74981874,0.97959185,1.0,1.0,0.74981874,0.74981874,0.59513205,0.635793,0.77401716,0.006350040329445844,0.0006936808022384968,0.00027157301450116985,0.0008832184811837565,-0.0017452142801151296,0.0006944388165228721,5.605404591522748e-06,0.003750938849355451,0.004417019572853675,0.0,0.0,0.0,0.00046222363180060385,0.0007043809709788215,0.0006868428162248284,0.0006020934294864003,0.0056537646554735465
0.7158682,0.7585096,0.8227688,0.7905034,0.9411765,0.88,0.8836999,0.6739975,0.6681002,0.97959185,1.0,1.0,0.6681002,0.6681002,0.5708464,0.6591263,0.54776704,-0.000604927239554714,0.0006250162401740297,-0.0004210156035139409,-2.2820908487407883e-05,-0.0011870516028898712,-6.736390398772308e-05,-0.0006218733340448982,0.0027298549309377946,0.005390670415791388,0.0,0.0,0.0,0.0025763612881911225,0.0014295792312489439,0.0009866318728179255,0.000522943717341498,5.5086268090792364e-05
0.7392841,0.83870864,0.76519793,0.9411765,0.9117176,0.752257,0.88,0.31524777,0.29217598,0.97959185,1.0,1.0,0.29217598,0.29217598,0.3508463,0.45245954,0.369017,0.0006857605273922173,0.0009202594196312221,-0.001202031192948311,-0.003927374484512131,-0.003069327387538455,0.0006077860348259982,-0.0007447307640229564,-0.004062350829607459,-0.007618957120698236,0.0,0.0,0.0,-0.0041333662985521555,-0.005146859845150101,-0.0032576621880244503,0.0002852768775418151,-0.008348942359607602
0.49382958,0.56510496,0.82835877,0.84363586,0.9748012,0.88,0.88,0.19524741,0.16094136,0.97959185,1.0,1.0,0.16094136,0.16094136,0.5108463,0.16801517,0.40276706,-0.014613730988635953,-0.0004499287291405841,-0.003253479038365975,-0.0022824337094415337,-0.0034496511481809343,-0.00033580247926194714,-0.0010052321031695155,-0.011091671662365672,-0.014673335158178001,0.0,0.0,0.0,-0.01132212995155235,-0.008730820717060456,0.0005882630013262597,-0.0011877363881587597,-0.00682192705499541
0.87599206,0.7996887,0.71826285,0.9748012,0.6919918,0.88,0.88,0.6977477,0.69783413,0.97959185,1.0,1.0,0.69783413,0.69783413,0.6437035,0.6702374,0.6115171,0.005981231000433808,0.0006954416954359565,0.0007612634336672433,2.887323826826891e-05,-0.001224252955518368,-0.0002261777129873823,5.168775548764954e-05,0.002888486126442236,0.0046534842931513385,0.0,0.0,0.0,0.0019067209933012602,0.001902219357329049,0.0010380010517387845,0.00026006234376803745,0.0021813090044177073
0.67564774,0.83870864,0.69167715,0.9411765,0.9748012,0.8199039,0.88,0.2558726,0.23130175,0.97959185,1.0,1.0,0.23130175,0.23130175,0.27227482,0.47468174,0.27276707,-0.0032093422096116718,0.0008857945649446311,-3.5228675924083715e-06,-0.003771878494931955,-0.0027589313770030248,0.00017915182970045413,-0.000706218147226537,-0.007212876864297677,-0.01058149541199287,0.0,0.0,0.0,-0.007326341982229654,-0.008212511873365719,-0.006591849771400977,0.0001711325354727817,-0.012191449149227304
0.78473866,0.73421746,0.8493799,0.9411765,0.83112794,0.6435862,0.88,0.48149776,0.47085878,0.97959185,1.0,1.0,0.47085878,0.47085878,0.60084635,0.4380152,0.462767,0.0036166272118732324,0.0007381435328226333,-0.001922003896953377,-0.0015744532090087564,-0.0006925183592646676,0.0014633692205124299,-0.0006216735373009126,0.0017849137163023828,0.0010803225221743663,0.0,0.0,0.0,0.002738101365758085,0.0023419437796621013,0.0027348115765590377,0.00027187777215239726,-0.0028365649891785426
0.90918756,0.96153843,0.25445643,0.24447773,0.24447773,0.88,0.88,0.6083727,0.592715,0.97959185,1.0,1.0,0.592715,0.592715,0.4094177,0.53134847,0.77401716,0.008729413501413782,0.0013564025233193085,0.0023178531813150957,0.003674583511674373,0.00766089170184584,-0.0007161412075365092,-2.3928004066510422e-05,0.0010983934786423322,0.0036071135074063976,0.0,0.0,0.0,0.0023033539069877416,0.002784833331669421,0.0017974217313906056,-1.4136729338038583e-05,0.005812750060372598
0.81270003,0.3643768,0.8363567,0.9411765,0.78439045,0.7562161,0.88,0.36587262,0.34368384,0.97959185,1.0,1.0,0.34368384,0.34368384,0.46370342,0.3691262,0.44526708,0.005424373066324551,-0.002354302547855976,-0.002679866238283497,-0.002751220479253302,-0.0015354033170437115,0.000580186144887447,-0.0007753468880585297,-0.0023838669187698715,-0.004778073281396611,0.0,0.0,0.0,-0.001298600630230901,-0.0028472188382062057,-0.00013800668923405636,0.0001466155035296862,-0.004404246065037436
0.7672455,0.83164656,0.7225025,0.8431947,0.9748012,0.88,0.88,0.54962254,0.53622967,0.97959185,1.0,1.0,0.53622967,0.53622967,0.67084634,0.51357067,0.4715171,0.0010161647786010137,0.0005367615458836005,0.00042361742738857857,0.0003366184614473812,-0.0028935187616878216,-0.0005609685868975089,-0.00044524798394333985,0.0025390033763542717,0.0031937307884969614,0.0,0.0,0.0,0.00416056310872691,0.0030277502586239418,0.0022348914437550675,7.528187342679328e-05,-0.002757642190031634
0.785083,0.71548617,0.7343194,0.70552254,0.9411765,0.88,0.71563107,0.30462253,0.27609983,0.97959185,1.0,1.0,0.27609983,0.27609983,0.3794177,0.36468178,0.51526713,0.003203824431331806,0.00027945815653999636,-0.0003371954406744751,0.0009573089136823064,-0.0031890308342367047,-0.0004976843781351228,0.001618988771727915,-0.0046048648597208685,-0.008331006591566095,0.0,0.0,0.0,-0.003841792713136437,-0.0045997264134729,-0.002161226890561797,0.00015551383209035308,-0.0017511004458450178
0.8623557,0.7456876,0.8287171,0.9376084,0.76676816,0.88,0.88,0.27524757,0.2492726,0.97959185,1.0,1.0,0.2492726,0.2492726,0.42941776,0.23357074,0.39651704,0.005515189600069253,0.00035097733675315844,-0.003042667229810239,-0.0053098005062657385,-0.0021892991103532084,-0.0003877027166483926,-0.0007705567999862257,-0.006925883168425348,-0.011214180473945436,0.0,0.0,0.0,-0.007454665206639287,-0.009109171674218337,-0.00197556407176864,0.0008148511255127795,-0.008010417724236584
0.8172455,0.77695835,0.63582796,0.9429901,0.64639723,0.88,0.88,0.38462257,0.36593336,0.97959185,1.0,1.0,0.36593336,0.36593336,0.34513202,0.38245964,0.50651705,0.00497105206674714,0.000495021058571662,0.002228038374791745,-0.0035597686114597405,-0.0007874571273889404,-0.0006233459607652997,-0.0008019140159221067,-0.0016977527875493056,-0.003090583238153832,0.0,0.0,0.0,-0.0008504013519917142,-0.0018339157200816811,-0.002649049139117053,0.0003629475234884511,-0.001110644541910019
0.6847387,0.61109716,0.87186223,0.8376715,0.9748012,0.88,0.88,0.4227476,0.40280586,0.97959185,1.0,1.0,0.40280586,0.40280586,0.67227495,0.35357073,0.457767,-0.0030535861876602234,-8.867761332896684e-05,-0.0037879425687143554,-0.00044737368680773415,-0.003506455873073985,-0.00022139583028053672,-0.0006186777900361835,-0.0012533209620904364,-0.0028006830194039893,0.0,0.0,0.0,0.0003242306064957398,0.0006044445389167242,0.0024199372941841684,-0.000493225999230069,-0.0029121846800894873
0.46655685,0.68419844,0.8268586,0.9924483,0.84252554,0.88,0.88,0.4777478,0.45456386,0.97959185,1.0,1.0,0.45456386,0.45456386,0.4922749,0.3946818,0.5715171,-0.015087178442288867,0.00029283011623856467,-0.00120809911118441,-0.002931350102135534,-0.001728728035368574,-0.0001648292914711281,-0.0007788692010787325,0.0006871169221610942,-0.0003010180729741926,0.0,0.0,0.0,0.0014129054958670834,0.0012318229942596835,0.0007221556865046429,-0.00032584670775048926,0.0008835567723613103
0.88928413,0.84251547,0.6157362,0.9411765,0.9411765,0.98459446,0.8727212,0.4177475,0.397439,0.97959185,1.0,1.0,0.397439,0.397439,0.44227484,0.50023735,0.484017,0.009139394800783997,0.0005013042845905193,0.0024614644124065564,-0.001475950191927005,-0.002151708312552448,-0.0012571565651713157,-0.0010271128587516763,-0.001751192814333751,-0.003349190202865992,0.0,0.0,0.0,-0.0008510651207515531,-0.0008378125567581739,-0.0006947322913258539,0.00010494938399129544,-0.003088319425130247
0.86690116,0.88080406,0.7930025,0.9411765,0.89828634,0.7960362,0.88,0.8227477,0.81068164,0.97959185,1.0,1.0,0.81068164,0.81068164,0.6251321,0.62134856,0.9177671,0.005011488073717325,0.0003476802504158143,0.0010202208157823395,0.0005904245127929309,-0.002395861405092977,0.0004274984496270611,2.351319907652645e-05,0.002971412782836344,0.0038789691133213774,0.0,0.0,0.0,-0.0016544164549379412,-0.0005872655977740453,0.0003217027040311463,0.0006270143476424999,0.00893445056681388
0.8529205,0.672223,0.8227688,0.9411765,0.9411765,0.78728664,0.45250803,0.4696226,0.4518317,0.97959185,1.0,1.0,0.4518317,0.4518317,0.48656067,0.456904,0.484017,0.005303530381107094,0.00017952603586198144,-0.002576205687061435,-0.001372833571554281,-0.002478424600323347,0.0005005077365039165,0.0016280679272416265,0.0002659510724552952,0.00038900951320388575,0.0,0.0,0.0,0.0021569409556198814,0.0014627151907068326,0.000575049534866423,-0.0001872174771149297,-0.0011263296107170404
0.5756478,0.6729929,0.76148367,0.73162156,0.9748012,0.88,0.88,0.47087264,0.45444444,0.97959185,1.0,1.0,0.45444444,0.45444444,0.42941776,0.55023736,0.48151708,-0.007055027009980581,0.00030055715353470813,-0.0005493495997648036,0.0003191540098146184,-0.003630901794827214,-0.0003052661629883676,-0.0006393563869761104,0.000953516552420166,-0.000307544713489102,0.0,0.0,0.0,0.002018626535130172,0.002068763228467765,-6.952146652619298e-05,0.00019725239841525844,-0.0021473911170196837
0.8441739,0.82617176,0.7728139,0.8921793,0.9411765,0.88,0.5598842,0.6458727,0.6391269,0.97959185,1.0,1.0,0.6391269,0.6391269,0.6265607,0.7469041,0.451517,0.005437131666393035,0.0004415530810612996,0.0008113746727091486,-0.00028498070045366935,-0.001370700204691689,-0.0002733928614998024,0.0006380538275269457,0.0031428615884382307,0.0050187575247191375,0.0,0.0,0.0,0.0031244572805871496,0.002268376165400505,0.001623874198190218,0.00029752885614883783,-0.0024047594610697946
0.7081546,0.7805235,0.5816587,0.9924483,0.8272962,0.88,0.88,0.25899756,0.22778316,0.97959185,1.0,1.0,0.22778316,0.22778316,0.2465605,0.41134855,0.352767,-0.002413699363850039,0.0006163447589283397,0.002654670589801381,-0.005224326430050183,-0.0015640101989507732,-0.000536838871989019,-0.0009564735566368421,-0.008085100950918127,-0.01124384828006254,0.0,0.0,0.0,-0.008806828526353868,-0.009592568733454548,-0.00790346724009084,0.0002079972877629874,-0.009169969493680829
0.90918756,0.96153843,0.14753719,0.14175141,0.14175141,0.88,0.88,0.36962295,0.34623668,0.97959185,1.0,1.0,0.34623668,0.34623668,0.62798923,0.34801516,0.5390171,0.009979497607442721,2.6940921671643824e-05,0.00521417544216219,0.011668393095718155,0.0079855211371363,-0.0005241150853232208,-0.0009221409668545622,0.00036714546739079136,-0.0018669775331326968,0.0,0.0,0.0,0.0009158617458634405,-0.0006759102672227721,0.002453340231178504,0.0002934658119331349,0.0007570064558454944
0.90918756,0.96153843,0.26574495,0.25532356,0.25532356,0.88,0.88,0.7046225,0.70327765,0.97959185,1.0,1.0,0.70327765,0.70327765,0.6465606,0.6380152,0.6415171,0.007869939481641964,0.0014214958531994445,0.0018285168298556747,0.0007306940170247547,0.005264100463564966,-0.0003225024320303897,3.873182079508616e-05,-0.00030897250898428877,0.004166739282056948,0.0,0.0,0.0,-0.0011330146526576088,0.001491788067516632,-6.209979773631146e-05,-0.0011705259617933476,0.002403179970574252
0.8899728,0.9794986,0.4372852,0.9411765,0.42013678,0.8986786,0.88,0.7439977,0.7406762,0.97959185,1.0,1.0,0.7406762,0.7406762,0.815132,0.676904,0.531517,0.006602816746237783,-0.0004274498209834877,0.001558016052626932,-0.00014380391709510064,7.91639416027449e-05,-0.0008981970249274697,0.0002009127914201469,0.0024258843015180073,0.0035161871280776323,0.0,0.0,0.0,0.000233688332237819,0.0022344787233612062,0.0010021177271828164,0.00024975295061907353,-0.00034736982424161733
0.7808819,0.77695835,0.66908956,0.8176788,0.88043445,0.88,0.88,0.2552476,0.2268369,0.97959185,1.0,1.0,0.2268369,0.2268369,0.40227494,0.3902374,0.3677671,0.002785555551342848,0.0005319612231069125,0.0014560205489513658,-0.0008511092179992126,-0.002815442302078691,-0.0004897346618302398,-0.0008982446703796682,-0.007170364179674981,-0.011216557359942385,0.0,0.0,0.0,-0.007020568080611105,-0.008892649424527332,-0.0027204617860807816,0.00030328588560594376,-0.008543628124971274
0.7805376,0.9363225,0.29104945,0.9411765,0.27963576,0.85377544,0.88,0.6271225,0.61246216,0.97959185,1.0,1.0,0.61246216,0.61246216,0.76798916,0.5480152,0.5140171,0.0015744160792590728,-0.0004999236771405531,0.0010405095074918456,-0.002767263065822268,-0.0013849244065000093,-9.401087087424093e-05,-0.0003055187633223517,0.002413601315973207,0.0021153533262702547,0.0,0.0,0.0,0.0021761623547017495,0.0025167738496736543,0.0018439792042869102,0.00021750780720319266,-0.0008838038877276243
0.3389398,0.44572905,0.8478154,0.9411765,0.95033264,0.5313429,0.88,0.48149776,0.4574578,0.97959185,1.0,1.0,0.4574578,0.4574578,0.34513202,0.65468186,0.52276707,-0.02403251757320017,-0.0028435104004375395,-0.0015532340141742635,-0.001792350270910521,6.73879992649376e-05,-0.0010648781131106057,-0.0006247086743511508,0.0005846650069593415,-0.0005452404363421659,0.0,0.0,0.0,0.0014946649046395405,0.0014485821411379064,-0.0012772615710115612,0.0002408852087145947,-0.0007455933122175032
0.90918756,0.96153843,0.24908254,0.2393146,0.2393146,0.88,0.88,0.6077477,0.60087574,0.97959185,1.0,1.0,0.60087574,0.60087574,0.91084635,0.39579296,0.46026695,0.008507827116919357,0.0003819854899364973,0.002806372273784059,0.0024563838036722424,0.00554648255491997,-0.0010400070049692864,-0.0001995751788659658,0.0004395408578582764,0.0021692457760540506,0.0,0.0,0.0,0.0011994597185904586,0.0021764544991401237,-0.0010351492904814201,0.0008762843718798289,-0.0014893628654101742
0.907466,0.680253,0.8470139,0.81379765,0.9411765,0.88,0.6713469,0.62274766,0.6112272,0.97959185,1.0,1.0,0.6112272,0.6112272,0.6265607,0.5391263,0.5965171,0.007858841854967918,0.0004738624757036913,-0.00037417531601253545,0.00036394722120596077,-0.001432232219749677,-4.389459324623896e-05,0.0008572194158018312,0.003029006562352326,0.004344324972007773,0.0,0.0,0.0,0.0037903646239573923,0.00273361192134623,0.0015581604247494585,0.00026106689621621367,0.0013665527334105814
0.90918756,0.96153843,0.10125519,0.0972844,0.0972844,0.88,0.88,0.4939977,0.47666782,0.97959185,1.0,1.0,0.47666782,0.47666782,0.70798916,0.38912624,0.47901702,0.008865372917024779,0.000755961324054765,0.0014027136205930313,0.01139358911516627,0.006835853228554512,-0.0007988417596579348,-0.00013779474501295376,0.001850582464134206,0.0016951802023540028,0.0,0.0,0.0,0.003564222546729033,0.0024731709801829095,0.000904398803795014,0.0007567706030775903,-0.001205158428067821
0.51304436,0.47230574,0.61403954,0.9411765,0.9411765,0.62410676,0.37119797,0.2777474,0.24808446,0.97959185,1.0,1.0,0.24808446,0.24808446,0.40798908,0.28801516,0.42901707,-0.014546391295262188,-0.0009265806226897335,0.0019187077188269322,-0.004425434869807066,-0.0014257962438909272,0.0014785916967813085,0.005721194091539892,-0.00807466374071493,-0.00826036514076777,0.0,0.0,0.0,-0.005902702666099111,-0.005603172837660707,-0.0018892370038163689,-0.0005604936703312623,-0.004560839936740229
0.6847387,0.7456873,0.8817905,0.9924483,0.9924483,0.88,0.88,0.41024756,0.38959694,0.97959185,1.0,1.0,0.38959694,0.38959694,0.49227497,0.475793,0.36026704,-0.002440900095818314,0.0005877481910296762,-0.0033021756325085226,-0.0029876216994941607,-0.0031180886802936246,-0.0001938517127257302,-0.0008145856601097941,-0.0013793608385376116,-0.0031349772844869355,0.0,0.0,0.0,-0.0008794992723478981,-0.0005594915540840013,0.00039581234266734323,7.737790805380333e-05,-0.008873365007731582
0.7211024,0.6917415,0.9487588,0.9411765,0.82568055,0.5994112,0.88,0.57962275,0.5716299,0.97959185,1.0,1.0,0.5716299,0.5716299,0.42370346,0.5835707,0.6802671,0.0006025330717126687,-1.2013095668332688e-05,-0.003537444357194255,-0.000660846245627753,-0.001267892111700828,0.0004294421141746048,-0.0002981841041307207,0.0031929859924802874,0.00437764014809797,0.0,0.0,0.0,0.004081724684382753,0.0034169568123265416,0.0007745730027331904,-0.00010804785430899859,0.005978183085202466
0.90918756,0.96153843,0.3008941,0.28909433,0.28909433,0.88,0.88,0.73712265,0.73334765,0.97959185,1.0,1.0,0.73334765,0.73334765,0.8508463,0.3813485,0.78526706,0.009345323437009619,0.0008431105910582851,0.0016755803510654554,0.00025941354549555,0.00473102321485714,-0.0005182425268905545,1.4980619920230133e-05,4.852755091681357e-05,0.003239730162316248,0.0,0.0,0.0,-0.00134812684513726,0.0013055870380301205,-0.0014898466599100465,0.0014264218587907774,0.004983257805346734
0.90918756,0.96153843,0.12651381,0.12155249,0.12155249,0.88,0.88,0.4227475,0.3945066,0.97959185,1.0,1.0,0.3945066,0.3945066,0.6937035,0.45245966,0.28401697,0.010115546425691622,0.0012758965286800014,0.005401205512002665,0.010723291517792095,0.0054208181450219085,-0.0006889231989453673,-0.0012251608039338493,0.0014118342691518992,-0.0006343327044483414,0.0,0.0,0.0,0.00238965212364658,0.0005201025653009863,0.0028412052536006226,0.0005405589844505921,-0.0088366304198074
0.6759921,0.71546835,0.6937139,0.66650945,0.9924483,0.88,0.88,0.3858726,0.3679713,0.97959185,1.0,1.0,0.3679713,0.3679713,0.42370346,0.41912618,0.44526708,-0.002825777774761092,0.0002840321676069034,0.0009627790631903501,0.0005876136139727409,-0.004631245979410812,-0.00026547121973298027,-0.0009090873679931692,-0.0013403209488403855,-0.00490692221914543,0.0,0.0,0.0,-0.0008802939735081916,-0.000516248657027568,-0.0006333562408420819,0.00012948441508616335,-0.004677989443423053
0.90918756,0.96153843,0.18479359,0.17754678,0.17754678,0.88,0.88,0.49837267,0.48637778,0.97959185,1.0,1.0,0.48637778,0.48637778,0.35941765,0.5502374,0.54776704,0.008220653649729813,0.0015176867630437869,0.0037519730692304755,0.008666959231868488,0.006539022866000042,-0.0006238580183182873,-0.00023408554466153986,0.0020964308817712214,0.0018585957922520888,0.0,0.0,0.0,0.004192170716626336,0.003230784826437782,0.0013691631459939984,-0.0001432320114376881,0.0012284202595413646
0.78053755,0.77721995,0.67763937,0.9411765,0.77994853,0.7522566,0.88,0.3483727,0.32767913,0.97959185,1.0,1.0,0.32767913,0.32767913,0.5494178,0.35801518,0.44026697,0.0021901133683796727,0.0007044503463927186,0.0013717248148761652,-0.00274133789170344,-0.0011031335581980686,0.000923826615770508,-0.0008983684880039304,-0.0036272262300919168,-0.0050694960503985635,0.0,0.0,0.0,-0.0021348121833396827,-0.003288027920622694,0.001835674830849946,0.00010361813441405871,-0.004553992574607078
0.5756478,0.59224445,0.68097645,0.9748012,0.9924483,0.88,0.88,0.43149757,0.41340715,0.97959185,1.0,1.0,0.41340715,0.41340715,0.32227474,0.6946819,0.39776707,-0.008275761506756494,-0.00040968998336506307,0.0005315758876453605,-0.0029516052683638523,-0.002117761453464975,-9.996718835434553e-05,-0.001052114664559425,-0.0009460625377546399,-0.002475363408467563,0.0,0.0,0.0,-0.00032895940922958114,-0.00022524367557234852,-0.003172316578529114,0.000283633442588793,-0.007930294962852807
0.7445182,0.77695835,0.7587463,0.72899157,0.9411765,0.88,0.6880367,0.24337292,0.21678331,0.97959185,1.0,1.0,0.21678331,0.21678331,0.54227495,0.25245965,0.36776698,0.000300864082555396,0.0004775117084991384,-0.0013713557052511078,-0.0008153046061686913,-0.003735357080525196,-0.00046656791230185963,0.0018400653271863276,-0.007309867577059248,-0.011218888720267606,0.0,0.0,0.0,-0.006822539434493447,-0.008005648048275383,0.0019332797797349452,-0.0002689145129578299,-0.008725064100197246
0.9036091,0.83870864,0.76927924,0.9411765,0.77769023,0.81621236,0.88,0.5789975,0.57231253,0.97959185,1.0,1.0,0.57231253,0.57231253,0.28798908,0.6291263,0.7115171,0.0070201169366607315,0.0005568268458044423,0.0006308332383707203,-0.0012819119173735898,-0.0018219737695255153,0.00011942104574227415,-0.00043126374514112587,0.0030577261014825786,0.004941263837577964,0.0,0.0,0.0,0.004448965188621289,0.0039598047195528886,-0.0009023973588868469,-6.884995958492539e-05,0.006963468104385517
0.6584989,0.7033193,0.7789968,0.9411765,0.91916525,0.81621236,0.88,0.4108727,0.39310762,0.97959185,1.0,1.0,0.39310762,0.39310762,0.34656048,0.3813485,0.5765171,-0.0046876534145038435,8.270208631655018e-05,-0.0005871660283246369,-0.0028165486238719297,-0.002642635232595881,0.00013015926209807724,-0.0009059476662885888,-0.0015295494212735055,-0.0028005165649746576,0.0,0.0,0.0,-0.0002699494429742064,-0.00043077016063643734,-0.002050549431935296,-9.301124229604759e-06,0.0013628866954131286
0.90918756,0.96153843,0.043321714,0.041622825,0.041622825,0.88,0.88,0.26962256,0.24674752,0.97959185,1.0,1.0,0.24674752,0.24674752,0.16227476,0.44579294,0.577767,0.006981762262044613,0.0009216130691964002,0.007559020111740633,0.015532164651365898,0.011715116088366298,-0.0008319147979626532,-0.0011672770406585215,-0.0012829785262469813,-0.01013436355571015,0.0,0.0,0.0,-0.004209972484761092,-0.007650774915659037,-0.006275353437964076,0.0008842998460902694,0.0003719693363500054
0.78053755,0.76849824,0.69174486,0.9376084,0.965827,0.88,0.88,0.6096227,0.58902854,0.97959185,1.0,1.0,0.58902854,0.58902854,0.43798923,0.48912632,0.77026707,0.0027260007224319143,0.0006097144488742519,0.0014069597843083886,0.00028749051418437195,-0.002985673589956651,-0.00029128231983553194,0.00025136574305336746,0.00325113433598481,0.003770802328724497,0.0,0.0,0.0,0.0037846071562260748,0.002925922033979235,0.0007388747926815232,0.00011671549954582762,0.005819338043326278
0.6759921,0.71546835,0.6919272,0.9748012,0.74690026,0.88,0.88,0.45087266,0.4373849,0.97959185,1.0,1.0,0.4373849,0.4373849,0.3194177,0.41468185,0.6927671,-0.002897654797109152,0.0005740934713817549,0.0009997754708408176,-0.005101998697196903,-0.0010090687979438778,-0.00012847544057463403,-0.00033309183104293855,-0.0006764433724993584,-0.0008319933700225657,0.0,0.0,0.0,0.00031752063026961353,0.000519069383487524,-0.002173474986546837,-0.0002614453641301839,0.005922334639048977
0.49314094,0.80040306,0.9106696,0.9411765,0.9748012,0.8090758,0.88,0.37212265,0.3520733,0.97959185,1.0,1.0,0.3520733,0.3520733,0.5708464,0.3402374,0.37526715,-0.01398676349992924,0.0005616053524713469,-0.003687874480043907,-0.002796716567892061,-0.002704892899020786,0.00030200803143956464,-0.0009827277011119685,-0.0034757779608230576,-0.004514772222928124,0.0,0.0,0.0,-0.0024931178297868083,-0.001106369053787773,0.0020506196682825596,-0.0006707349243458645,-0.0072520957978002894
0.90918756,0.96153843,0.343641,0.33016488,0.33016488,0.88,0.88,0.8296226,0.8358552,0.97959185,1.0,1.0,0.8358552,0.8358552,0.5579892,0.9269041,0.6127671,0.008026643995441798,0.0015413650128630716,0.0014322572489273522,-0.002035158516108267,0.0030763376137899565,-0.0002795837293797732,-0.00012106973217728868,-0.0014014065542773363,0.005434858271751032,0.0,0.0,0.0,-0.005131178835041554,-0.00043767274527531277,0.0005278806946128397,-0.0037834564069187983,0.0015741514752535756
0.84871936,0.79605037,0.7585458,0.8627297,0.9748012,0.88,0.88,0.5833726,0.57626903,0.97959185,1.0,1.0,0.57626903,0.57626903,0.5994178,0.6013485,0.50151706,0.005941483554197038,0.000659637357716064,0.000332953185310466,0.00035315717381614165,-0.0014255542345335299,-0.00025138901665792084,-0.0003840079468127101,0.0034207624730492724,0.005776715412378483,0.0,0.0,0.0,0.004708166791526209,0.0038144501268285985,0.0023863753180811253,0.00020843458007614984,-0.0008610177460321786
0.90918756,0.96153843,0.2493163,0.2395392,0.2395392,0.88,0.88,0.57587266,0.5651627,0.97959185,1.0,1.0,0.5651627,0.5651627,0.5108462,0.62134856,0.7465171,0.009629359925250693,0.0016265101736971162,0.0016862052338129747,0.004172740387767151,0.006316898753358179,-0.0005391671507516478,-3.68237444846686e-05,0.0009984415705214958,0.0027043120474970228,0.0,0.0,0.0,0.0025619645271550955,0.0028696683315511517,0.0011270158380591124,-0.0008432366720395357,0.004886450531680511
0.6983751,0.7456873,0.9144166,0.9411765,0.9411765,0.8727212,0.6883094,0.3964976,0.37472528,0.97959185,1.0,1.0,0.37472528,0.37472528,0.5165606,0.29690403,0.5440171,-0.002086465626242086,0.0004626839593051243,-0.003974722289650901,-0.0024351463204923696,-0.002408128557769272,-0.0003387357629568569,0.0015883134161562673,-0.0028474263582424996,-0.0035253322349540804,0.0,0.0,0.0,-0.0010747036916825131,-0.00039335995526279115,0.0008276933478650996,-0.0009868049980352586,0.0007558317653314233
0.90918756,0.96153843,0.47106868,0.45259538,0.45259538,0.88,0.88,0.9633727,0.9535748,0.97959185,1.0,1.0,0.9535748,0.9535748,0.85084635,0.5546818,0.9902671,0.007499832313002948,0.0008048239817250309,0.001121329887003585,-0.00199391581468601,0.0008377259223630366,-0.0004145680087983577,-0.00015455003895178759,-0.00020467556766031746,0.006350999072050317,0.0,0.0,0.0,-0.005274642005151347,-0.0032217915661705604,-0.0029385158938996713,0.00011061738359012549,0.010249987975654904
0.7623558,0.65729946,0.8255097,0.7931368,0.9411765,0.88,0.5635914,0.43399787,0.41812843,0.97959185,1.0,1.0,0.41812843,0.41812843,0.59227496,0.4380152,0.36151707,0.0009382451452323831,0.00023950329949715092,-0.0029579612521348554,-0.0001644880656703775,-0.0038448097648685585,-0.00039842122273305844,0.0027110647885225003,-0.0003722959144116904,-0.0016910023963849267,0.0,0.0,0.0,0.0012284947492786186,0.000864668312854831,0.001963013100527952,0.0002541517647239056,-0.005811718112501128
0.64382964,0.6112531,0.7749952,0.941397,0.9924483,0.88,0.88,0.49337244,0.4782405,0.97959185,1.0,1.0,0.4782405,0.4782405,0.5137034,0.55134845,0.55776703,-0.003336090411984064,9.593581831634769e-05,-0.0003177841617517586,-0.0008660748273118201,-0.0028145360520789647,-0.0002157591129517354,-0.0004908998743636192,0.001589910910562535,0.0010010062586074519,0.0,0.0,0.0,0.002583926686427582,0.002252257494976558,0.0011051942939783025,0.0003381794142585995,0.000606565721186402
0.8934853,0.37178546,0.69609034,0.9748012,0.76816237,0.88,0.88,0.68462265,0.6848817,0.97959185,1.0,1.0,0.6848817,0.6848817,0.34513202,0.7091263,0.7852671,0.006842621602725491,-0.0026483992579604755,0.0010034651032300973,0.00016282773766149395,-0.0005263139249153504,6.786780546768591e-05,8.11212732528789e-05,0.0028886986831047814,0.005342087347113279,0.0,0.0,0.0,0.0028362696081710033,0.002846165574454974,-0.00010366850362755379,-0.00016703227652534972,0.007901345777500042
0.6896285,0.6537348,0.7363965,0.9748012,0.746937,0.88,0.88,0.2446227,0.21832067,0.97959185,1.0,1.0,0.21832067,0.21832067,0.22513199,0.34468186,0.4402671,-0.0008866161550392903,-1.3217356480499315e-05,-0.0001458113787717915,-0.00534693619705352,-0.0013048964457441422,-0.0004427961538353752,-0.001081246533179934,-0.008322198313026581,-0.011618306373450037,0.0,0.0,0.0,-0.009052259763817254,-0.008103226830783931,-0.006476136706620232,-0.00010124311657886747,-0.0055774723276115065
0.86621255,0.7420644,0.84642553,0.9411765,0.9411765,0.8836999,0.7195094,0.5664978,0.55750537,0.97959185,1.0,1.0,0.55750537,0.55750537,0.5794178,0.6413485,0.43901706,0.0061661461923518054,0.0006362394088102509,-0.0011746131953665501,-0.00027011065078579337,-0.0013069498316693286,-0.0004530607534056372,0.0008339900781668687,0.0026464112665981134,0.004704146596198251,0.0,0.0,0.0,0.0039535262186274275,0.0034630779275708966,0.002312650454906916,-0.0005961266514764724,-0.004432859949525515
0.90918756,0.96153843,0.3010686,0.289262,0.289262,0.88,0.88,0.72649753,0.726332,0.97959185,1.0,1.0,0.726332,0.726332,0.51370347,0.7869041,0.67401713,0.007617614366485536,0.0019312830549295145,0.0015389259119705885,0.00042079208878747983,0.004277971593720718,-0.0003582012073615462,-4.285290189598424e-05,-0.0005270798402589297,0.004608641029579924,0.0,0.0,0.0,-0.0014770881802169617,0.0014727473820234933,0.000921784436476686,-0.0027772636649573946,0.0030510626301818084
0.8263364,0.86100686,0.79400957,0.941397,0.7525406,0.88,0.88,0.59649754,0.5907043,0.97959185,1.0,1.0,0.5907043,0.5907043,0.5751321,0.65912634,0.43276703,0.004272599688124452,0.0011599256166929853,-0.00021866288910145582,-0.0001837746133665492,-0.0006349893683510589,-1.1709245431912968e-05,-0.0003376183846302664,0.0026714571111587345,0.004151700329235373,0.0,0.0,0.0,0.0037110452604778065,0.0028240504326187423,0.0015068629594917019,-0.0005208937328227058,-0.004102596364774974
0.90918756,0.96153843,0.17000842,0.16334142,0.16334142,0.88,0.88,0.53399765,0.52064776,0.97959185,1.0,1.0,0.52064776,0.52064776,0.48798922,0.49468178,0.6190171,0.008280446885593555,0.0015155298960649864,0.002105127642495275,0.0066436031243313895,0.007155448856141231,-0.0006628745583752376,0.00012575992231661487,0.001200704427373341,0.0024019810567102685,0.0,0.0,0.0,0.0034265727777563395,0.0029969165036596614,0.0016248787503093632,0.00022738699850191773,0.0026308759758167954
0.63053757,0.71546835,0.6565395,0.9924483,0.9117176,0.88,0.88,0.40774775,0.3855104,0.97959185,1.0,1.0,0.3855104,0.3855104,0.4794178,0.42357075,0.410267,-0.005174094618365266,0.0005760971694063938,0.0015405261711059792,-0.003194995291405772,-0.0018346455798038503,-0.0001817142883751271,-0.0007246468549868457,-0.002083269181777275,-0.0029427432563903576,0.0,0.0,0.0,-0.0011514249340400442,-0.00041610458301702126,0.00040598341364366143,-0.0001280283356905226,-0.006090358807272978
0.63473874,0.7037512,0.84286076,0.8098074,0.9411765,0.88,0.6052356,0.33274758,0.30178875,0.97959185,1.0,1.0,0.30178875,0.30178875,0.3708462,0.40134844,0.48651707,-0.0044904091187666995,0.00015451280850300067,-0.003127889714625017,-0.0014217486822705888,-0.0030977811161998783,-0.0002042046869910024,0.0027447127544738045,-0.005306136933871449,-0.008621135382623603,0.0,0.0,0.0,-0.005344572895493761,-0.004156470492864185,-0.0029164707682336616,-0.0001158605639900125,-0.002753489392231457
0.7662126,0.71546835,0.90768063,0.9411765,0.9748012,0.6240871,0.88,0.4589976,0.44488037,0.97959185,1.0,1.0,0.44488037,0.44488037,0.45370355,0.40801513,0.494017,0.0028687833209950094,0.0005545071232128067,-0.003981672988033541,-0.0018410130009530578,-0.0028059584322511957,0.001103352539541958,-0.0007600827546464109,0.00025284244954364626,-0.0007437987870641222,0.0,0.0,0.0,0.0011926177088162518,0.0008613232270787488,2.5332409076332386e-05,0.00019306284984960134,-0.0018097340313036772
0.8854273,0.83870864,0.77085906,0.88294697,0.9748012,0.88,0.88,0.66399765,0.6604704,0.97959185,1.0,1.0,0.6604704,0.6604704,0.83941776,0.5724597,0.49526703,0.006136575054916014,0.00032583975235620866,0.00010543052674293936,0.0004741828647217042,-0.0020280926131096334,-0.00035779405535110736,-1.755973132833862e-05,0.0024627697326454305,0.004046849490043687,0.0,0.0,0.0,0.0014960761596388668,0.0008824026955225467,9.300433370946743e-05,0.0004398126718663716,-0.0013583336126957268
0.9060887,0.8209937,0.849652,0.9748012,0.9411765,0.88,0.65550095,0.6071224,0.59900326,0.97959185,1.0,1.0,0.59900326,0.59900326,0.78798914,0.5680152,0.482767,0.007407021862640131,0.0006868321468115013,-0.00048400784560846953,-0.0006717065100321301,-0.0018065409423175982,-0.00031947809958105,0.0008863307924517066,0.003344121699392639,0.004703573318994325,0.0,0.0,0.0,0.0034366490774399737,0.002714618437595814,0.0023348870685089727,0.00038321085088379613,-0.0013452328395907073
0.88508296,0.79085666,0.80973816,0.965827,0.7287963,0.88,0.88,0.6152476,0.5954502,0.97959185,1.0,1.0,0.5954502,0.5954502,0.7437034,0.45579296,0.60026705,0.005447015164311579,0.00039693440931208557,-5.487768580489656e-05,-0.0002192495098601431,-0.0009048903993803146,-0.00020383129939567022,-7.153802164998266e-05,0.0023365554276675773,0.0038181787540513355,0.0,0.0,0.0,0.0028617716336354687,0.00253261099872281,0.0016629504764935233,-0.0001556290911477334,0.0019119582347118815
0.3343944,0.58350253,0.795681,0.9117176,0.9924483,0.88,0.88,0.4539976,0.4396232,0.97959185,1.0,1.0,0.4396232,0.4396232,0.42370346,0.5635708,0.4402671,-0.02366102326911473,-0.0004250328884328597,-0.001131524161652297,-0.001502467648401419,-0.0020103862876569086,-4.80277230293643e-05,-0.0004247072591440334,-0.0008591555205240969,-0.0017373907506563974,0.0,0.0,0.0,0.00019782457355447942,0.0010007880470659072,-0.0001960632817951009,0.0005039890833620202,-0.004764747290878806
0.8305375,0.7996887,0.80111074,0.9924483,0.76676816,0.88,0.88,0.46337247,0.4332237,0.97959185,1.0,1.0,0.4332237,0.4332237,0.6337034,0.49579293,0.4352671,0.00574051402943261,0.0007592949163108449,-0.0009109490850028922,-0.0033244311667531435,-0.0009492713402113281,-0.0005047505253816171,-0.0007476219522477018,0.000404587407914309,-0.000715090856119027,0.0,0.0,0.0,0.0011959803451413265,0.001187544548900541,0.0033516919018280822,0.00016168614107627975,-0.004298273960134815
0.89803076,0.9679386,0.8817901,0.9411765,0.96780485,0.88665617,0.88,0.6302476,0.6081896,0.97959185,1.0,1.0,0.6081896,0.6081896,0.7337035,0.5291263,0.65026706,0.006453896864443318,-0.0003423943828872089,-0.0009829187367249778,0.001272093554582322,-0.003401211300841242,-0.0005617693829360117,4.331996269336637e-05,0.0031198847040038984,0.00399243557602445,0.0,0.0,0.0,0.002585399545091773,0.0020057555098399677,0.0011930610879855434,0.00046538526673758625,0.003278400189759598
0.90918756,0.96153843,0.26053005,0.2503132,0.2503132,0.88,0.88,0.63712263,0.62960637,0.97959185,1.0,1.0,0.62960637,0.62960637,0.67084634,0.5013485,0.63651717,0.008140018800391759,0.001327628611516456,0.0018679637399382626,0.0022840705942852356,0.005827346328275081,-0.0006680526395905178,-9.796147417022314e-05,4.048165331488891e-05,0.002893693941265244,0.0,0.0,0.0,0.00028017474207128366,0.0016670335568535297,-0.00016161446691463968,0.0003163008553270875,0.0022168184619181745
0.7938296,0.55454165,0.91388357,0.87804496,0.9248924,0.88,0.88,0.47524762,0.45760405,0.97959185,1.0,1.0,0.45760405,0.45760405,0.5937034,0.3535706,0.6302671,0.0025247346370181217,-0.0007099038357783638,-0.00443580053814591,-0.0005780425542236925,-0.0032471894520147817,-0.0001569782649231072,-0.00031819852749840976,0.0007235207648572179,-2.7677929169841325e-05,0.0,0.0,0.0,0.001996268303408524,0.0016232607272029203,0.0016377311664654884,-0.0004679815894324461,0.002797705093054216
0.8259921,0.777475,0.7957659,0.7645594,0.8016759,0.88,0.88,0.42587256,0.41286188,0.97959185,1.0,1.0,0.41286188,0.41286188,0.5079892,0.59357077,0.27276695,0.004554711717224815,0.0006004834935920708,-0.002557201313848105,-0.00012087870075699413,-0.0010552899083958618,-0.0006198932193187925,-0.0012911175952316392,0.0006315302159566854,-0.0014706996121802347,0.0,0.0,0.0,0.0009798836947963372,0.0002085717618334301,0.0009301342233882181,0.00011265933131824909,-0.012012682099327083
0.78962845,0.83747613,0.3917038,0.9411765,0.3763429,0.7509752,0.88,0.5683726,0.5430899,0.97959185,1.0,1.0,0.5430899,0.5430899,0.5051321,0.5602374,0.5977671,0.0030496659043440415,0.00017889179952038488,0.0026879937158361543,-0.0037585869115827368,-0.0024546045172242296,0.0006661055752837287,-0.00033936075218903933,0.0019373735795995518,0.0016972526633342352,0.0,0.0,0.0,0.002718277476803534,0.0020554487684651033,0.0007107552234923442,0.0002003121940390963,0.0015591872608207568
0.78053755,0.77721995,0.8017056,0.8488943,0.83308387,0.88,0.88,0.47837257,0.46581417,0.97959185,1.0,1.0,0.46581417,0.46581417,0.34513202,0.6569041,0.4715171,0.002458214502959197,0.00015610806563290505,-0.0015950531107719052,-0.00021645492487056404,-0.002252742308383692,-9.189836881504297e-05,-0.0006238567381675209,0.0016430999898562565,-0.00047695684762412953,0.0,0.0,0.0,0.002161475427300291,0.0013216315911428278,-0.0017048798607922327,-0.00020719855011408424,-0.003433042599777047
0.78893983,0.6122059,0.8748852,0.9411765,0.8627297,0.7300907,0.88,0.64962256,0.6395757,0.97959185,1.0,1.0,0.6395757,0.6395757,0.7665606,0.57134855,0.63401705,0.0033288364928891236,-6.863491399975285e-06,-0.002172038814860181,0.0012687501662327202,-0.0007684385490801409,0.0003287785250122988,-0.0003093168293731279,0.003281437595643197,0.004872312303649881,0.0,0.0,0.0,0.0032679500822308015,0.0025175153867452236,0.0017021889913402433,0.0002801520377999863,0.0034234243957278337
0.90918756,0.96153843,0.35155332,0.33776692,0.33776692,0.88,0.88,0.79399765,0.7953203,0.97959185,1.0,1.0,0.7953203,0.7953203,0.7479892,0.6724597,0.6615171,0.008643835247168186,0.001112777772260634,0.0011244573568971509,-0.001189345216281827,0.0037302520000275243,-0.0006002829180764993,-0.00015762749979322577,-0.0021571654089679866,0.003410889144667358,0.0,0.0,0.0,-0.005612399695435613,-0.0006327450990828579,-0.0017529944804537993,-0.0013441170798777153,0.0025189590474492974
0.8204136,0.55454206,0.8650587,0.83113486,0.9168245,0.88,0.88,0.4983728,0.47545356,0.97959185,1.0,1.0,0.47545356,0.47545356,0.45798922,0.40912628,0.82651705,0.003820365365789899,-0.0007637453421076337,-0.0022093957553174274,-0.0003636520673329709,-0.0027009055240311375,-0.00014458466250314196,-0.00013879460404292654,0.0012260402543571942,0.0014610485847085975,0.0,0.0,0.0,0.0027587358182678766,0.002060820276954642,0.0004152315657706729,-0.0007216670583236877,0.009696355301725627
0.87984896,0.90375376,0.8957308,0.9411765,0.9411765,0.8199039,0.8199039,0.49274755,0.48268476,0.97959185,1.0,1.0,0.48268476,0.48268476,0.44227484,0.38912624,0.69526714,0.007177843767713434,0.0009896063120079658,-0.0018783512481883203,-0.0004306164606777273,-0.0031661198688722136,0.0001969431555169749,0.00033261965246170715,0.0012657347663613272,0.0011608831028723774,0.0,0.0,0.0,0.002619253671269805,0.0018259772801209023,0.0002691367452682466,-0.0003171135177463638,0.004905785446720684
0.88053757,0.8525775,0.75511485,0.7255025,0.9411765,0.88,0.6883094,0.6096227,0.60076654,0.97959185,1.0,1.0,0.60076654,0.60076654,0.5008463,0.7313486,0.49401712,0.005871777748409344,0.0004439739103180429,0.00048018934039449623,-0.0001960687379041266,-0.00129601811117876,-0.00036284172766632116,0.0013494712030643868,0.0027335044664688903,0.005933257746565219,0.0,0.0,0.0,0.004305984245128471,0.004225064449147812,0.001378121649935684,-0.0006791059942003058,-0.0011006829248545636
0.90918756,0.96153843,0.33268946,0.3196428,0.3196428,0.88,0.88,0.7802477,0.7707794,0.97959185,1.0,1.0,0.7707794,0.7707794,0.6237035,0.67801523,0.7565172,0.009113072297675173,0.0017613069744663045,0.0015993453722024696,0.00013383034140338192,0.00365925119105945,-0.0006688128593533443,-3.4130724554549666e-05,-0.0017673758214939103,0.004522143472157647,0.0,0.0,0.0,-0.003388904562172827,0.000460807854506041,-0.00046185873622405784,-0.001635670913151118,0.004535234692411627
0.90918756,0.96153843,0.11369394,0.109235354,0.109235354,0.88,0.88,0.5158726,0.4986606,0.97959185,1.0,1.0,0.4986606,0.4986606,0.64513206,0.48468176,0.47651708,0.008202363590708518,0.0012762057596407458,0.0009206606369975483,0.00801987346396899,0.006908142195706357,-0.00047338607459131865,-0.00034815587166094986,0.0014930673658661393,0.001383850401286839,0.0,0.0,0.0,0.003383451944982822,0.0023008464528375895,0.0006825543434605783,0.0006064177576564786,-0.001543695062635097
0.7214465,0.7644851,0.7175089,0.9748012,0.7045731,0.88,0.88,0.75837266,0.75294054,0.97959185,1.0,1.0,0.75294054,0.75294054,0.7008463,0.62357074,0.7177671,0.000827627279774063,0.0004521138159495482,0.0008029036178022014,0.0011046579550645463,-0.0008503673386567299,-0.0003133270485362211,-0.00034630450670057865,0.004160128699333918,0.005244629556338998,0.0,0.0,0.0,0.0012207067576509628,0.0005428214143582441,0.0006607082421497542,0.0007701331907818712,0.0064471906461891935
0.52075803,0.553975,0.86730415,0.8664516,0.9411765,0.88,0.74491245,0.36337256,0.34325427,0.97959185,1.0,1.0,0.34325427,0.34325427,0.35370335,0.44579294,0.5565171,-0.009984376447206324,-0.0004903804141184495,-0.0035066133167174773,-0.0019047062404950567,-0.0020567104006109257,-3.82675526153954e-05,0.0008712364230231338,-0.004615767503989323,-0.0063527919948175695,0.0,0.0,0.0,-0.00415828255368207,-0.002303357633346484,-0.002778176143849353,-5.326709911643678e-05,0.00038543597827131904
0.68859553,0.62735087,0.85903496,0.9411765,0.9748012,0.5324449,0.88,0.5808728,0.5745971,0.97959185,1.0,1.0,0.5745971,0.5745971,0.62084633,0.48468187,0.6065171,-0.0034253547317777524,-0.0006504367224059789,-0.0024852645955436106,0.0001163234053817085,-0.0016177102166168237,0.0013065270406876072,-0.00017668710096844787,0.0033947695846952147,0.0037433810958859047,0.0,0.0,0.0,0.004131131991359177,0.003063724201464869,0.0016585638217462683,0.0002925396070215673,0.002288874030477358
0.76201147,0.87239105,0.86313623,0.9411765,0.9026648,0.94859445,0.88,0.60774755,0.5990764,0.97959185,1.0,1.0,0.5990764,0.5990764,0.5865606,0.38468182,0.80651706,0.00248431534871249,0.00042968884851130734,-0.0004165754798489516,0.0009371486603851428,-0.0028638717995823106,-0.0009717606437200883,0.00010802046697898174,0.0031626367587885207,0.00404051924316716,0.0,0.0,0.0,0.00304617260050988,0.0018787249542190237,0.0010003114820705955,-0.001251565786108614,0.007267864395107647
0.76235574,0.77021545,0.6458472,0.9411765,0.87216157,0.74491245,0.88,0.52399755,0.512111,0.97959185,1.0,1.0,0.512111,0.512111,0.35370335,0.60468185,0.7490172,0.001147433496098178,0.0004052993247828111,0.0021179339419029413,-0.0009206309546343018,-0.001569783402291119,0.0005581818946092163,-6.740779677474278e-05,0.002267829283840108,0.002085124383471173,0.0,0.0,0.0,0.0035456635362902987,0.0026250892686953313,-0.000778081404064689,0.00018564304856108792,0.007091011587583967
0.74417394,0.74951065,0.70184535,0.8176788,0.9924483,0.88,0.88,0.3446226,0.32229236,0.97959185,1.0,1.0,0.32229236,0.32229236,0.37941784,0.30134848,0.531517,0.0006366677459351667,0.00036045877115236616,0.00028928449672224873,-0.0016864792908192565,-0.004256269892988667,-0.00024209453713384865,-0.0009827022728756466,-0.0041237640461784806,-0.006420267601371473,0.0,0.0,0.0,-0.003572587022606145,-0.003044565804274704,-0.0022418267284973607,-0.00025135087679616774,5.7925641612183724e-05
0.6805376,0.7157168,0.8288885,0.9064097,0.85416985,0.88,0.88,0.40774763,0.3879418,0.97959185,1.0,1.0,0.3879418,0.3879418,0.4865606,0.3457929,0.64776707,-0.0031143807999986944,0.0004752736796950958,-0.0011442211000864328,-0.0018999459910991553,-0.00150561300889019,-0.00020171524896605943,-0.00041987009647117575,-0.0017613668813603706,-0.002778990318683947,0.0,0.0,0.0,-0.0005877217260325271,2.866079975735177e-05,0.00034243243958970556,-0.0005867725434798186,0.004709993936563986
0.8896285,0.73431915,0.7938685,0.9924483,0.72308767,0.88,0.88,0.2939974,0.26922855,0.97959185,1.0,1.0,0.26922855,0.26922855,0.5751321,0.3302374,0.29276705,0.00913693734736837,0.00048024126202949637,-0.001491606305888534,-0.004102800273630867,-0.000404924677282332,-0.0006402006516791721,-0.0009695258847833861,-0.005659413237729849,-0.008403144587894375,0.0,0.0,0.0,-0.004746471863784829,-0.006323616744154076,0.0024704889503372467,0.00020053769581424824,-0.011795365839771888
0.7711023,0.6847805,0.8131654,0.9411765,0.6798453,0.7199687,0.88,0.5921228,0.58131236,0.97959185,1.0,1.0,0.58131236,0.58131236,0.7665606,0.49468178,0.540267,0.002245315646855095,0.000270541954209286,-0.0006608507161499087,-0.000446110290112838,-0.0005022685369201135,0.0006723762861620582,-0.0003138595872459621,0.0025205778126954907,0.0036427251146929807,0.0,0.0,0.0,0.00314577319499911,0.0027673901925793763,0.0024598063143164216,0.00020282277929337177,0.000618001472594635
0.60292053,0.6765232,0.8303696,0.9411765,0.8152043,0.5835842,0.88,0.40024757,0.38234055,0.97959185,1.0,1.0,0.38234055,0.38234055,0.5594177,0.5102374,0.37776697,-0.00733059049450968,-4.697743693220298e-05,-0.0019434228068447065,-0.002638663635817658,-0.0011029376027760459,0.001717340091466801,-0.0008911341183935815,-0.0016289397275805056,-0.0027922628752820905,0.0,0.0,0.0,-0.0003985800424732322,-0.001068768336922331,0.0014971374702827337,0.0002569600871128376,-0.007243715584490613
0.83997273,0.77695835,0.75818914,0.96780485,0.9210755,0.88,0.88,0.5839976,0.55357444,0.97959185,1.0,1.0,0.55357444,0.55357444,0.45513207,0.3624595,0.8315171,0.004393904925184051,0.000583734724527573,0.0006799807818346288,-0.0007374264776223418,-0.0033893329438142083,-0.00027827597368239093,0.0001244862228085523,0.0036196205369545932,0.0032620318301432153,0.0,0.0,0.0,0.0037181039870657,0.002815278858276448,0.0006944510357072552,-0.0005487845910336332,0.007787372410134381
0.85815465,0.83164656,0.8768338,0.90847784,0.8231551,0.88,0.88,0.56524765,0.551191,0.97959185,1.0,1.0,0.551191,0.551191,0.78370345,0.40245956,0.63276714,0.007606517336388601,0.0005128470829989711,-0.0019089507953275922,0.00030968025161483336,-0.0013423362900227395,-0.0003231384764852097,-0.0005337443522397401,0.003070659992857456,0.003956520162417077,0.0,0.0,0.0,0.003800303246914895,0.0029998823587586,0.0031311443679130917,-0.0006830105883735584,0.003784679926985595
0.7214466,0.8115278,0.85073537,0.88508254,0.77539206,0.88,0.88,0.7296226,0.7163444,0.97959185,1.0,1.0,0.7163444,0.7163444,0.7408463,0.6246819,0.6240171,-0.0005238908416682591,0.0005246027328944526,-0.00018479278618177352,0.0003680968317379073,-0.0012833613986474827,-0.00022554281714833404,-0.00046632151677120396,0.0029902428801910587,0.004414709850969641,0.0,0.0,0.0,0.001139505063021499,0.0008221138723077481,0.00029689514196779997,0.0005633656739721844,0.0023551210974753056
0.82564783,0.8387082,0.8650587,0.9748012,0.8749571,0.88,0.88,0.37337255,0.35403693,0.97959185,1.0,1.0,0.35403693,0.35403693,0.48084635,0.3080152,0.53401697,0.004978415599660142,0.0008202200208833745,-0.0035576976030652196,-0.0036939846385648637,-0.002365047445663124,-0.00031999014277518716,-0.0006046297993875301,-0.0037963760400853237,-0.005391089127454887,0.0,0.0,0.0,-0.0027227821666057804,-0.002839589899561101,-0.00032508114029928224,-0.0003212363652258449,-0.000812592822605378
0.90918756,0.96153843,0.31479636,0.3024514,0.3024514,0.88,0.88,0.7002475,0.69490325,0.97959185,1.0,1.0,0.69490325,0.69490325,0.6237034,0.81134856,0.540267,0.008358661988271301,0.001583677957711749,0.002431999682871193,0.00018382121200627012,0.0032776417109215807,-0.00041536712376202286,-4.935408688764588e-05,-0.00010008615859638345,0.004132656900808818,0.0,0.0,0.0,-0.0008047425793915136,0.001501738228976731,0.00025259128467171836,-0.002703892680119087,0.00044509245760669
0.785083,0.746487,0.6303764,0.9924483,0.9290669,0.88,0.88,0.36274755,0.3409184,0.97959185,1.0,1.0,0.3409184,0.3409184,0.3837035,0.69245964,0.23151696,0.0007919149637567863,0.00047747974917427877,0.0008591620144542553,-0.003991497095938196,-0.00253335584856062,-0.000450856927634124,-0.0005064724329581433,-0.002537628214418033,-0.0057347456572782295,0.0,0.0,0.0,-0.0022976640894634905,-0.003648603772591443,-0.0032065890535240573,-0.00022527839534171242,-0.015301798311652712
0.73019314,0.84556156,0.83399665,0.941397,0.73726547,0.88,0.88,0.64024746,0.6338716,0.97959185,1.0,1.0,0.6338716,0.6338716,0.7551321,0.5680152,0.5140171,-0.00011435977203932468,0.001031126924314604,-0.00013375277942862015,3.125475877079981e-05,-0.0006775809212681595,-6.342059533073425e-05,-0.0003332075148769925,0.0026608670363351887,0.004968486102381644,0.0,0.0,0.0,0.003233285906676003,0.0019500159307985487,0.0007252816651102111,0.0001437216166211381,-0.0007342033373834667
0.7892842,0.83164656,0.8977089,0.96780485,0.9429901,0.88,0.88,0.46024752,0.43685737,0.97959185,1.0,1.0,0.43685737,0.43685737,0.6308464,0.2424595,0.69276714,0.002991957744965612,0.000939069835003045,-0.0024982701686028564,-0.001197153386369428,-0.003608219871361719,-0.00027612203506050865,1.3023111889167057e-05,0.0006829417645314653,-0.00019881963226376723,0.0,0.0,0.0,0.002367595981691341,0.0016195801761869307,0.0024265675538302765,-0.0020485943681586376,0.005774616559069752
0.8987194,0.83164656,0.8098852,0.9924483,0.88992506,0.88,0.88,0.46274757,0.44563136,0.97959185,1.0,1.0,0.44563136,0.44563136,0.5837034,0.44579294,0.540267,0.007564437212840075,0.000591055733796831,-0.0013392475014923938,-0.0018258143305267924,-0.0020562448138739904,-0.0004405142507319401,-0.0007498849754259604,0.0011108540959703277,0.0006496527575516747,0.0,0.0,0.0,0.002608975847199578,0.0020013765072762653,0.002901335880204835,5.5103168609056646e-05,0.0012175775024128822
0.807466,0.761049,0.850746,0.9411765,0.84284437,0.7666806,0.88,0.78962255,0.7790728,0.97959185,1.0,1.0,0.7790728,0.7790728,0.73084635,0.6380153,0.61026704,0.004376986572825097,0.0005708876122576416,-0.0002715328748966964,0.0008981904416620343,-0.0013347884590142072,0.0005868133294458784,-0.0003099722205034641,0.003866951261100297,0.00557690629870541,0.0,0.0,0.0,0.0010338298010868102,0.0010789840053419665,0.0003465918656491732,0.0005846280407448976,0.002152042982875322
0.79871935,0.77721995,0.67368615,0.9411765,0.9431936,0.6883087,0.88,0.57462263,0.56421155,0.97959185,1.0,1.0,0.56421155,0.56421155,0.5279891,0.59357077,0.6027671,0.0026443609613449287,0.000706818309019219,0.0017474856295688088,-0.0006139154561841289,-0.0011913877642010108,0.0007275831771448087,-0.00015301687238159973,0.0029128557759445085,0.004043202595197384,0.0,0.0,0.0,0.0037923879364040267,0.003168256331445563,0.001415906920465034,0.00015404486304450898,0.0024053887479019358
0.871791,0.92629707,0.46412307,0.9411765,0.44592217,0.8433489,0.88,0.8039975,0.8096243,0.97959185,1.0,1.0,0.8096243,0.8096243,0.6837035,0.6880152,0.6677671,0.006029739646665695,3.9477497460113746e-05,0.0020538737586589125,0.0006595356353747698,-0.0006786570451912266,0.00010147940849045104,2.7151878476896e-06,0.0023698383299665324,0.004101569427417769,0.0,0.0,0.0,-0.0009798699133473634,0.0012826804782444404,0.0006805898819050978,0.0002906662656748224,0.0035302977299297767
0.90918756,0.96153843,0.20723857,0.19911157,0.19911157,0.88,0.88,0.6264976,0.62137276,0.97959185,1.0,1.0,0.62137276,0.62137276,0.5579892,0.6613486,0.55776703,0.007859861448098636,0.00179439591670831,0.0015447610041670675,0.002686608016813472,0.006176027910425847,-0.00030514812641243834,1.104685015105829e-06,9.000083094609307e-05,0.0033075758183570736,0.0,0.0,0.0,0.001224743585412993,0.002128356305042111,0.0007789922490162112,-0.0015605371064273833,0.0005819067278878906
0.6438296,0.7029483,0.88179016,0.84721017,0.88049805,0.88,0.88,0.32712245,0.30112728,0.97959185,1.0,1.0,0.30112728,0.30112728,0.49656057,0.21579297,0.4927671,-0.005864661925187962,0.0001937026883064709,-0.0032818435222254083,-0.0019762140202085085,-0.003209459352633232,-0.0002228086187919958,-0.0009555158626122398,-0.004842700312955783,-0.007007779371958496,0.0,0.0,0.0,-0.004239067841974111,-0.003159456740777286,0.0004930780239094101,-0.0009370959500396418,-0.0021172384307103194
0.76235574,0.77020884,0.7943725,0.9411765,0.7896493,0.6810172,0.88,0.5827477,0.5714209,0.97959185,1.0,1.0,0.5714209,0.5714209,0.6279892,0.5502374,0.59526706,0.002581950035736506,0.0010424628637350098,-0.0003094101803734518,-0.0004098982553344526,-0.0008647986181761804,0.0005263100098784065,-0.0002092492747780716,0.0027780416717080726,0.003920959911711739,0.0,0.0,0.0,0.003598955461816978,0.002865147253894335,0.0017133502782475656,-9.587702786337926e-06,0.0022603773570953334
0.88962847,0.8423906,0.761466,0.9411765,0.83308387,0.98459446,0.88,0.52462244,0.5127551,0.97959185,1.0,1.0,0.5127551,0.5127551,0.46656057,0.5335707,0.556517,0.007275888891225561,0.0005752666353272389,0.00012324697936527074,-0.0006101783261064212,-0.001955467019096024,-0.001483916900108031,-0.0003137105505176421,0.002075798296035055,0.003011974009768086,0.0,0.0,0.0,0.003853855071814426,0.0034203890606118188,0.0009732025862314661,-0.00016661066604191415,0.0011043820586089908
0.65746593,0.77695835,0.79101574,0.965827,0.9411765,0.88,0.7522566,0.52274764,0.49635753,0.97959185,1.0,1.0,0.49635753,0.49635753,0.53941774,0.45245966,0.5340171,-0.0036978283381015097,0.0008704626878968984,-0.0008210061499229372,-0.0006285764089588526,-0.0028327360395185926,-0.0003139784677497156,0.0008431504334863906,0.0024320928617793877,0.0015239986004095057,0.0,0.0,0.0,0.003106575452724021,0.0023439597928813015,0.0013279643049850323,9.781797413159245e-06,-0.00020370662940087493
0.90918756,0.96153843,0.48016864,0.4613385,0.4613385,0.88,0.88,0.89399767,0.8900947,0.97959185,1.0,1.0,0.8900947,0.8900947,0.79084635,0.79690415,0.6552671,0.008863932515769179,0.0005727347665391966,0.0018598917991329222,-0.0033474591306284582,-0.0001978767016647179,-0.00037428733118611006,-0.00019456979818780945,0.0006680792871198726,0.004479368794515577,0.0,0.0,0.0,-0.0068286089383136584,-0.0015449365330171612,-0.0001523605100888132,-0.001152838371824349,0.0025006714478737102
0.82144666,0.6537348,0.701664,0.9924483,0.7368124,0.88,0.88,0.36837268,0.3493522,0.97959185,1.0,1.0,0.3493522,0.3493522,0.33513206,0.44023737,0.43276703,0.0036760891621679444,-6.579272218917402e-05,0.00039985373251681476,-0.003759233492307471,-0.0008734087706774547,-0.0003918442677247207,-0.0006743445888055117,-0.0038351226174992083,-0.005698710311528097,0.0,0.0,0.0,-0.0030319399219258963,-0.0035604592387224287,-0.004478342337441842,0.00021490991516690222,-0.005482168533809847
0.7123558,0.68790275,0.7976737,0.941397,0.8254166,0.88,0.88,0.34149766,0.31768408,0.97959185,1.0,1.0,0.31768408,0.31768408,0.2751319,0.55134857,0.562767,-0.001766544986558125,9.658750447903372e-05,-0.0018621189669474159,-0.0034630388749489153,-0.001812182435292187,3.5377484722205277e-06,-0.0007674808120511012,-0.004190840311992178,-0.007381333249001736,0.0,0.0,0.0,-0.004372341355205386,-0.003639927086210796,-0.004616673106371184,0.00023592497956640625,0.0003643273062229982
0.61621255,0.48744532,0.96284527,0.9411765,0.9924483,0.65949106,0.88,0.5771227,0.5679269,0.97959185,1.0,1.0,0.5679269,0.5679269,0.5865606,0.44023737,0.6827671,-0.006016611675105341,-0.0021358873755086393,-0.005176893832364515,0.000129751902557794,-0.0014786285807969202,0.0004115358008325401,-0.00037407231032101474,0.003012189281863789,0.0032839437720275917,0.0,0.0,0.0,0.0035317322835894793,0.002580519903272266,0.001508602867803217,0.00022692604287751273,0.004399771874773525
0.8714467,0.9002042,0.8287171,0.9411765,0.9026648,0.81621236,0.88,0.4464978,0.43108276,0.97959185,1.0,1.0,0.43108276,0.43108276,0.34513202,0.43468177,0.617767,0.007022765568677834,0.0008348271704053728,-0.0009461590413355273,-0.0017537087773502572,-0.002586912855296561,9.266368928825842e-05,-0.0005247509471598219,6.583118095742114e-05,-0.001608393673410076,0.0,0.0,0.0,0.000980298619985541,0.0004122417622706719,-0.0018709002661434584,0.00022567414107567955,0.003120953129326534
0.77110237,0.8387082,0.83243144,0.9411765,0.9411765,0.7522566,0.7522566,0.38212264,0.36746907,0.97959185,1.0,1.0,0.36746907,0.36746907,0.50227493,0.6502373,0.33401704,0.0018809485549530513,0.0009671696669059214,-0.0022195457054933346,-0.0021549355944061256,-0.002711129547892097,0.0007784182905173516,0.0011339638369944572,-0.001159297860958926,-0.003937309500984281,0.0,0.0,0.0,-0.00023956461771608388,-0.001565468829946351,0.000666711515081454,-0.0001135594803463829,-0.009033827771031339
0.74417394,0.90375376,0.8017044,0.9748012,0.7997901,0.88,0.88,0.2864976,0.2602515,0.97959185,1.0,1.0,0.2602515,0.2602515,0.34513187,0.38801512,0.390267,0.00034402051549272284,0.0012902370571647643,-0.001667915198001895,-0.0051622781143527766,-0.0025935273966287815,-0.00046534260089024565,-0.0007558497646331946,-0.00599557834816861,-0.01023075633267858,0.0,0.0,0.0,-0.006576945196706472,-0.007258185885977562,-0.003857149835810114,0.0005024474464337705,-0.007839747559377233
0.7581546,0.6030914,0.80989385,0.9411765,0.9429901,0.94859445,0.88,0.7214978,0.71860206,0.97959185,1.0,1.0,0.71860206,0.71860206,0.6208463,0.6013485,0.69276714,0.0009513618115164024,6.303043204239958e-05,-2.05062418493858e-05,0.000763197028030596,-0.0016448541000121592,-0.000665220077067526,-0.00021477810023334292,0.003758710705066787,0.00572298407262418,0.0,0.0,0.0,0.0022247832145260533,0.0014429122258860913,0.0008130879526577131,0.00059370870775973,0.004956632887920396
0.90918756,0.96153843,0.28213614,0.27107197,0.27107197,0.88,0.88,0.6783726,0.67934567,0.97959185,1.0,1.0,0.67934567,0.67934567,0.42370346,0.7646819,0.6627671,0.007318852017955024,0.0019474987825988089,0.0015068953309787315,0.0014579416003757011,0.004729214021638346,-0.00035359339268764437,1.9234024439080272e-05,-0.000805260731710014,0.00420920343349866,0.0,0.0,0.0,-0.0005866101451172816,0.0016803240213441423,0.001522772557127557,-0.003203772457282221,0.002711794852842665
0.85292053,0.76491225,0.9285939,0.96780485,0.8334946,0.88,0.88,0.7196225,0.71604735,0.97959185,1.0,1.0,0.71604735,0.71604735,0.7279892,0.6013485,0.6627671,0.0060843062219471875,0.0005995533465609687,-0.0008623087186784595,0.0011768436888206066,-0.0009942765919567268,-6.024772398200668e-05,-0.0001761506795403401,0.004005971613567691,0.005222374558085417,0.0,0.0,0.0,0.0020267563216502553,0.0011735769864270494,0.0005948002724854847,0.0005595256346233007,0.003978050188130566
0.7941739,0.7580188,0.8907592,0.8558275,0.9250866,0.88,0.88,0.70087254,0.69305784,0.97959185,1.0,1.0,0.69305784,0.69305784,0.79798925,0.48023733,0.71151704,0.002957308966160626,0.0003974910370738984,-0.0008671408735965151,0.0006265138383327277,-0.001596444764069933,-0.00020917912789861014,-0.00018788257752330332,0.0034833893702447914,0.004811340828900764,0.0,0.0,0.0,0.0018044324467618473,0.0010676350242671408,0.0002813156075143385,0.00013491686112852808,0.004757280355213491
0.57599217,0.7191711,0.7118116,0.9748012,0.75609946,0.88,0.88,0.49899757,0.49040377,0.97959185,1.0,1.0,0.49040377,0.49040377,0.4165606,0.43468177,0.6627671,-0.007777797700894278,0.0004961019104333477,0.0007893735469239728,-0.0029918020158137466,-0.0006671855958122816,-1.0252437302526279e-05,-0.0003709894576352118,0.002371721263160983,0.0023140376672526734,0.0,0.0,0.0,0.00319532708130925,0.0022346189007291274,-8.715922510596857e-05,-5.640079741518175e-05,0.0057215681538925174
0.79837507,0.74573857,0.89777565,0.9924483,0.8176788,0.88,0.88,0.39399767,0.3755735,0.97959185,1.0,1.0,0.3755735,0.3755735,0.4422749,0.45245954,0.52151704,0.003082373916611504,0.00041672753850419597,-0.0037129712620954953,-0.004311502097400883,-0.002322209847844226,-0.0003063714695404129,-0.0009214664306631326,-0.0018758255231941055,-0.003993622818709894,0.0,0.0,0.0,-0.0013973498966069863,-0.001483334541471609,-0.0009456302025681437,0.0003268055824790404,-0.0005550201626322299
0.90918756,0.96153843,0.20449212,0.19647282,0.19647282,0.88,0.88,0.52774763,0.51893616,0.97959185,1.0,1.0,0.51893616,0.51893616,0.3851321,0.5013484,0.7315171,0.00588737923092347,0.0010796101756276632,0.002995880619668274,0.00685855401238344,0.007062167344106734,-0.0004941903408274347,-8.199658667722397e-06,0.0021292163753534174,0.0026617487371637183,0.0,0.0,0.0,0.004368391119361357,0.0035591175677479347,0.001441152380273188,0.0004708218879355264,0.005539930466791438
0.86690116,0.79662734,0.66887736,0.6426469,0.9411765,0.88,0.70849246,0.54899776,0.540496,0.97959185,1.0,1.0,0.540496,0.540496,0.6565606,0.40245956,0.6065171,0.005771503031042283,0.00015542063180037965,0.0016482450915186197,0.00013946628193782168,-0.0036393305305155834,-0.0007689046336878457,0.0011147601927613633,0.00214754891367683,0.00327291538825881,0.0,0.0,0.0,0.0033607442392273455,0.0030884317569904707,0.0023018111795828837,-0.0005291672656992689,0.002289062975306085
0.90918756,0.96153843,0.2247926,0.21597719,0.21597719,0.88,0.88,0.6614976,0.6552199,0.97959185,1.0,1.0,0.6552199,0.6552199,0.6308464,0.47245958,0.72401714,0.009165356330813664,0.0015725017213352455,0.0009811681671970931,0.001229991289737439,0.006912105950696988,-0.00040584520008526764,-1.2971884753275121e-05,-0.000122739623051333,0.0031039206062819062,0.0,0.0,0.0,-1.0244854321170057e-05,0.0015055319660049623,4.326161913006686e-05,0.0006247432650843521,0.0034349145893132218
0.8620114,0.8299092,0.7934323,0.7623173,0.9411765,0.88,0.6810241,0.75149786,0.7479258,0.97959185,1.0,1.0,0.7479258,0.7479258,0.85370344,0.59357077,0.7152671,0.004283793786333006,6.508000769541944e-05,0.00042869819372444646,0.00036180166085243785,-0.002015055097256012,-0.00021815789768682168,0.000974560023280068,0.0023606633585933744,0.003347141654090538,0.0,0.0,0.0,-0.0004156126000082744,-0.00026797749107081837,-0.0009156831437247441,0.0005529168888865531,0.003945573526041313
0.90918756,0.96153843,0.27186608,0.26120466,0.26120466,0.88,0.88,0.69524765,0.69413984,0.97959185,1.0,1.0,0.69413984,0.69413984,0.4922749,0.5546819,0.82276714,0.008991270258700166,0.0015815038873727971,0.0009522149268149211,0.0016681154228726622,0.006750498841475427,-0.0006183158992763968,-5.8996382276190977e-05,-0.0003032286825920057,0.00396242886300639,0.0,0.0,0.0,-0.0007134428741769091,0.0016917492492015131,0.0010681858370412752,-0.00013189275415824404,0.006029137234484294
0.86690116,0.79605055,0.7327123,0.7039785,0.96780485,0.88,0.88,0.59274745,0.5800384,0.97959185,1.0,1.0,0.5800384,0.5800384,0.4422749,0.5791263,0.6827671,0.006586331121704327,0.0003418029730086138,0.00105253842824178,-3.593207803722728e-05,-0.003587266686574398,-0.00022037145947055237,-0.0002967270914109003,0.0025656370320967657,0.0042581661707631665,0.0,0.0,0.0,0.003953542801640317,0.003316738267343835,0.001285656760590056,0.0002854005774010259,0.0044784542599655775
0.78473866,0.7694189,0.7446535,0.7154514,0.9411765,0.88,0.6232881,0.58024764,0.5725407,0.97959185,1.0,1.0,0.5725407,0.5725407,0.5594177,0.60468185,0.524017,0.00317265584881276,0.00040666835792559883,0.001025094748560646,0.0002844177096449023,-0.001325843375198325,-0.0002215608010187662,0.0014480506184648956,0.0029097790079594225,0.004382529305433282,0.0,0.0,0.0,0.0041001300683632105,0.0029930122165979438,0.001736807358343888,0.0007866606004907025,-0.0004378179878706867
0.7899728,0.77695835,0.5731735,0.9064392,0.9411765,0.88,0.6880367,0.5277475,0.5175029,0.97959185,1.0,1.0,0.5175029,0.5175029,0.42941776,0.6069041,0.53401697,0.0026323974625713266,0.0004167397337805752,0.003133546819257373,-0.0007665800673071803,-0.0022303355635700036,-0.00040736148073377166,0.0009902732891513217,0.0017492761048208106,0.002471517035606425,0.0,0.0,0.0,0.0032358514452246402,0.0023783997817918862,-4.203820550332041e-06,0.00012158804875459523,0.0001774030787276351
0.7441739,0.868572,0.75102174,0.9411765,0.90510684,0.94859445,0.88,0.49962258,0.479818,0.97959185,1.0,1.0,0.479818,0.479818,0.32227474,0.54357076,0.6827671,0.0015350443309703594,0.0006048144087156962,0.00029155268555812095,-0.0007253411357645048,-0.002112651576549876,-0.0004161668517118698,-0.0004562767221060214,0.0018457086567286046,0.001554954893390815,0.0,0.0,0.0,0.0028916958260393104,0.0023629906020987755,-0.0016425671955700482,6.758224891638316e-05,0.006664547454697597
0.8211023,0.67274636,0.7769977,0.9748012,0.7878025,0.88,0.88,0.64462256,0.6427249,0.97959185,1.0,1.0,0.6427249,0.6427249,0.53656065,0.56912637,0.68526703,0.0038158151428073026,0.00031033961175357713,0.00035705123553075846,-5.5161439954047805e-05,-0.001284305293009703,-3.258596732657193e-05,-5.460157477283416e-05,0.002555178210123318,0.004336625620412756,0.0,0.0,0.0,0.0027843884778176895,0.0021321105353226113,0.0010555792311068874,0.00012988834644322186,0.004565638947960454
0.86235577,0.90375376,0.8756215,0.84128344,0.9411765,0.88,0.8199039,0.55087256,0.54493564,0.97959185,1.0,1.0,0.54493564,0.54493564,0.57798916,0.46912628,0.61651707,0.005803300946532522,0.0001837083931726183,-0.001237890844344451,0.00016150533010032844,-0.0032415880780070527,-0.0003979663076061805,0.0002267522888435666,0.0025931288955802928,0.004011370084871042,0.0,0.0,0.0,0.004155193657510332,0.0035127643659745513,0.001925253739175318,-0.00033130527583754204,0.0030540997413434044
0.86201143,0.69939405,0.7142815,0.9924483,0.9411765,0.88,0.8199039,0.50774753,0.49419257,0.97959185,1.0,1.0,0.49419257,0.49419257,0.66798913,0.3624596,0.60026705,0.00606812197927726,0.0006346189793165896,0.0010287384031405099,-0.0013893124091288185,-0.0029906602251878424,-0.00034183805583875036,0.0002567436453607628,0.0019478513399954324,0.0016544125650298008,0.0,0.0,0.0,0.003283695488552546,0.002426220592231428,0.0026633510953388167,-0.0009535323159880271,0.002041666555633021
0.90360916,0.83893937,0.6956287,0.7762626,0.9411765,0.88,0.6880367,0.48274755,0.46877033,0.97959185,1.0,1.0,0.46877033,0.46877033,0.57656056,0.35357073,0.6527671,0.00827330807134034,0.0004276657710624857,0.0010750515444274901,-9.095038558179269e-05,-0.004233473934863342,-0.0005987791414361524,0.0005602378320149256,0.0005208826629236558,0.0004421183910444669,0.0,0.0,0.0,0.0023804513184932314,0.001493343085672259,0.0015329824378948168,-0.0009342909620220408,0.002229959499928034
0.66655684,0.6917415,0.7998454,0.76847893,0.9411765,0.88,0.94859445,0.2052474,0.17725836,0.97959185,1.0,1.0,0.17725836,0.17725836,0.32227474,0.37245962,0.43276703,-0.004049460884371432,-3.3406652752710484e-05,-0.0025423562176549192,-0.002488433889724758,-0.004723310488815716,-0.00027092432383708277,-0.0017718477924885082,-0.008911873691173794,-0.014872301055013238,0.0,0.0,0.0,-0.010486876308609864,-0.009883901695848865,-0.0045116736148952145,8.275323621072902e-05,-0.0062530829107726995
0.63542736,0.77695835,0.71436334,0.9376084,0.8473402,0.88,0.88,0.5427476,0.52726406,0.97959185,1.0,1.0,0.52726406,0.52726406,0.45370346,0.66801524,0.390267,-0.005725738870696909,0.00047807748361799513,0.0009326388082727065,-0.001476317051556627,-0.0008231519422472878,-0.0001482034034291702,-0.000826969593289982,0.0030345176395335876,0.0033984067716300026,0.0,0.0,0.0,0.004115604656370474,0.003650930851337322,0.0008211198077051787,-0.0002530708981161909,-0.006310374229806875
0.7714467,0.708426,0.6791335,0.9411765,0.64875805,0.616763,0.88,0.46399748,0.45337743,0.97959185,1.0,1.0,0.45337743,0.45337743,0.46370348,0.5013485,0.49276698,0.002329479603940701,4.886400021912589e-05,0.001357459290081112,-0.003884246915877885,-0.00015748497180340072,0.001374643562820765,-0.0006889702436042857,0.0010589566984924427,0.0005207255750892333,0.0,0.0,0.0,0.0018803751804124117,0.0011609797521616666,0.000281545515938662,0.0003100278691155599,-0.002112508103770695
0.75292045,0.5799835,0.9144166,0.9411765,0.9748012,0.8199039,0.88,0.32649767,0.30763397,0.97959185,1.0,1.0,0.30763397,0.30763397,0.36656052,0.49468178,0.40276706,0.0015139853032535384,-0.00043902030435649414,-0.0047289259303290474,-0.002470103521150739,-0.002320923821933639,8.52683296162205e-05,-0.0010037218288079532,-0.005206833447639812,-0.008037948170546655,0.0,0.0,0.0,-0.004711896188522639,-0.004417945685854193,-0.003535115325436266,0.00022418411362812725,-0.00695354732292814
0.86724555,0.8387082,0.80992633,0.7781645,0.9924483,0.88,0.88,0.53337264,0.5196639,0.97959185,1.0,1.0,0.5196639,0.5196639,0.7537035,0.51245964,0.410267,0.00687236539038098,0.0005396739228130785,-0.0017988117275169059,-0.00015715010438883286,-0.00448637491479269,-0.0005949984770835605,-0.00041959655146242385,0.0016227105660883237,0.0025023733139166405,0.0,0.0,0.0,0.0031453403619266674,0.00264949482421325,0.0033880616181871264,9.461899999403965e-05,-0.00426167438962937
0.4529205,0.67774415,0.839092,0.80618644,0.9411765,0.88,0.5848539,0.5689976,0.5570609,0.97959185,1.0,1.0,0.5570609,0.5570609,0.71513206,0.46912628,0.4715171,-0.015223394800230891,0.00015567242296525823,-0.0017221505528124653,0.000655061909715796,-0.0020813143213814483,-6.22869671306729e-05,0.0020937996867436697,0.0032105519410829987,0.003967677284156943,0.0,0.0,0.0,0.004237891892225795,0.0028763788000638942,0.002217283464938326,0.0002583071274551162,-0.002022636194945386
0.8172455,0.77695835,0.68541485,0.8334946,0.73653215,0.88,0.88,0.2458725,0.21867569,0.97959185,1.0,1.0,0.21867569,0.21867569,0.3322747,0.29690394,0.55776703,0.003320741595175678,0.0003484932672995487,0.0009034942364233009,-0.0028418607620177404,-0.0017149368062076452,-0.0006037822823889829,-0.0008279501561894513,-0.006037188691780858,-0.011045912284961773,0.0,0.0,0.0,-0.006859794692934438,-0.008711928521472935,-0.0036818739077089605,0.0006780424355367447,0.00015957691717759513
0.8578103,0.8073464,0.83351,0.8008233,0.9411765,0.88,0.71964025,0.5839976,0.56363803,0.97959185,1.0,1.0,0.56363803,0.56363803,0.8379892,0.41134846,0.48776698,0.005244955451697707,0.00043959209408061324,-0.0004680156958159011,-1.1733221923319534e-05,-0.002538131094402092,-0.0006169691231307351,0.0008706675933879524,0.002643809679615698,0.0037748218492974837,0.0,0.0,0.0,0.003018465345720056,0.0025734330370658642,0.0026853443935359106,-0.00033251070201391347,-0.0015431010635394526
0.90918756,0.96153843,0.33563802,0.32247576,0.32247576,0.88,0.88,0.76899767,0.75018847,0.97959185,1.0,1.0,0.75018847,0.75018847,0.7979892,0.40134844,0.98651713,0.008838154888974444,0.0004791101930128288,0.0009341539571052204,0.000203935163258225,0.004198427247660122,-0.0006652172944516459,-0.00011878019043530568,-0.0004342430757529325,0.0033885018063875344,0.0,0.0,0.0,-0.0020310638081173647,0.0007149546742164142,-0.0014382706957274433,0.001076568693221578,0.008824987378113545
0.5983751,0.6111139,0.89373434,0.9924483,0.858686,0.88,0.88,0.4671228,0.4498523,0.97959185,1.0,1.0,0.4498523,0.4498523,0.42941776,0.36912632,0.6590171,-0.007236963178034743,-0.00042795082708754333,-0.0024248494458764453,-0.0023982762298093794,-0.0019269261878939326,-9.701843241160716e-05,-0.0006336113564298629,0.00027132941150154205,-0.0008089070030284448,0.0,0.0,0.0,0.001178945848876896,0.0009156106492709848,-0.0001858814581526145,-0.0004086645991971024,0.0042991469138934126
0.7581546,0.83870864,0.64860606,0.9411765,0.7178162,0.752257,0.88,0.41962266,0.39898008,0.97959185,1.0,1.0,0.39898008,0.39898008,0.255132,0.40801513,0.7127671,0.0011467208847513943,0.0006084115683080158,0.001782864136707803,-0.003624672189679547,-0.0008012084588643427,0.00029036094537039886,-0.00045751105217273804,-0.0011258296914546733,-0.0023210818212261496,0.0,0.0,0.0,-0.0009164506589683622,-0.0008315845033214128,-0.003571340925348249,0.00024438192036439635,0.0071863666197242645
0.71724546,0.8149628,0.7260166,0.96780485,0.88820547,0.88,0.88,0.46274757,0.43679798,0.97959185,1.0,1.0,0.43679798,0.43679798,0.42370346,0.62245965,0.50151706,-0.0009735833225446744,0.0006460771987166168,0.0002985841959556597,-0.002067643323097826,-0.0022324148870783082,-0.0002985437291585563,-0.0006137578315890536,0.00011824094255947534,-0.0016225090105119423,0.0,0.0,0.0,0.0005022335117627803,0.0005899691902211572,-0.0007040383197151092,-9.640828428703679e-06,-0.0019838887516437577
0.90918756,0.96153843,0.29429102,0.2827502,0.2827502,0.88,0.88,0.6877475,0.6852227,0.97959185,1.0,1.0,0.6852227,0.6852227,0.4665607,0.48023733,0.9315171,0.0072956714633883556,0.0011190353513358877,0.000391186166711706,0.0006191904415676708,0.004958020408258402,-0.0004461309927735308,8.366323776524483e-05,-6.272191223352839e-05,0.0031657923339457363,0.0,0.0,0.0,-0.00022767113465859564,0.00128101104658991,0.0016504883047477874,0.0006666378667173151,0.007752199263205861
0.7805376,0.9363225,0.30914414,0.9411765,0.29702082,0.85377544,0.88,0.6127478,0.59668523,0.97959185,1.0,1.0,0.59668523,0.59668523,0.9037035,0.475793,0.4152671,0.0017926578032100176,-0.0002086183863285786,0.001990014364902504,-0.0035553338235933085,-0.0009687198030040305,-4.096896572794426e-05,-0.00029270493988277054,0.002135384001851269,0.002129429309017979,0.0,0.0,0.0,0.0022513356678547165,0.0022653470693618292,0.002059526805069859,7.248092075178873e-05,-0.0038522146901232273
0.78053755,0.6841977,0.72885656,0.9376084,0.6841273,0.88,0.88,0.45087266,0.43574855,0.97959185,1.0,1.0,0.43574855,0.43574855,0.42941776,0.57690406,0.3465171,0.001764717169744761,-0.00012296707009884026,4.0921380497168614e-05,-0.0022054670140168823,8.233596346724939e-05,-0.0003321039042757996,-0.00039684474682099414,0.0010331303872832217,-0.0008065838593540745,0.0,0.0,0.0,0.0014643391438986023,0.000576412879095379,-0.0005115760812695673,0.0002373826683025925,-0.010099191943455044
0.90918756,0.96153843,0.39190063,0.376532,0.376532,0.88,0.88,0.7133726,0.705359,0.97959185,1.0,1.0,0.705359,0.705359,0.76227486,0.7702374,0.52276707,0.009264526949728468,0.000711089894154944,0.0033433188986540818,-0.001850876856891642,0.0015428316310459756,-0.00045039108236174255,-0.00028828487316751993,0.0006803460227180045,0.004350786252662078,0.0,0.0,0.0,-0.000739609332708028,0.0018660322721652128,0.0008344628287597907,-0.0015749202026099473,0.00046723242115854325
0.5711023,0.71845686,0.8632453,0.9924483,0.8701977,0.88,0.88,0.4996227,0.483925,0.97959185,1.0,1.0,0.483925,0.483925,0.5865606,0.46912628,0.50651705,-0.010007404581100198,0.0003648922544388925,-0.00201405247788662,-0.0012345953097318868,-0.0010723947084760419,-0.00012900338103186343,-0.000733201890979114,0.0017037284397968967,0.000913442963275598,0.0,0.0,0.0,0.002742238960308342,0.002216600872460639,0.0017832037467647294,4.488789645908797e-05,-0.0016601527518959435
0.54417396,0.7381579,0.72215617,0.69383633,0.9411765,0.88,0.6476843,0.41399765,0.3972449,0.97959185,1.0,1.0,0.3972449,0.3972449,0.54227495,0.4635707,0.38526702,-0.010800482796592778,0.0003872862162042496,-0.0003675201269289328,0.0011835464463759381,-0.0030375239557490453,-0.0003537620977932797,0.0024287786280715318,-0.0013609899426615408,-0.0031857994406481586,0.0,0.0,0.0,-0.00010411918016086643,0.0008846758268462604,0.0013014994095269686,0.00015389121844791763,-0.006603162233258237
0.68962854,0.777475,0.9057969,0.87027544,0.9187256,0.88,0.88,0.67962277,0.6593874,0.97959185,1.0,1.0,0.6593874,0.6593874,0.77370346,0.5602374,0.5865171,-0.0013865995475105103,0.0008626595075531173,-0.0016150517952750482,0.0002760984924210589,-0.0011888703307939117,-0.0001133404483323399,-0.0004621422673562411,0.0034538996185571125,0.005355630891129562,0.0,0.0,0.0,0.0029865610418130365,0.0019013313720031534,0.0006311391726937142,0.00031233206078830583,0.002040775531980532
0.82144666,0.7456873,0.78375995,0.9411765,0.9026648,0.752257,0.88,0.6658726,0.6604641,0.97959185,1.0,1.0,0.6604641,0.6604641,0.4922749,0.70023745,0.7115171,0.0038080874534123436,0.0004444658162422295,0.00017315401827485747,0.00041294252362243184,-0.0012981089657959348,0.000344959778948681,-0.0001453888220933501,0.0028769696503238708,0.005140213380980451,0.0,0.0,0.0,0.0031416312159932057,0.002842496975046637,0.0010741165111631222,-4.8519617768510434e-05,0.005206441581987274
0.6896285,0.74951065,0.8631044,0.8292572,0.96780485,0.88,0.88,0.50337255,0.4841017,0.97959185,1.0,1.0,0.4841017,0.4841017,0.5737034,0.4791263,0.5452671,-0.0034391929877083654,0.00038535255232108616,-0.002433822714222905,0.0006792966688075315,-0.0037826704830731367,-0.000438565967062685,-0.0006028620502034136,0.0012712061606066887,0.0005248115823491808,0.0,0.0,0.0,0.002440302983526205,0.0019641882662103267,0.0015687088922417885,0.00013261165610305183,-0.0007892831982555451
0.6487194,0.7157168,0.76381004,0.73385674,0.9748012,0.88,0.88,0.47087264,0.45715493,0.97959185,1.0,1.0,0.45715493,0.45715493,0.59941775,0.5480152,0.270267,-0.004163801750433493,0.00019647983138670677,-0.0010513771754834347,0.00039079098734722656,-0.0026757747020893052,-0.00043088111242697125,-0.000886635965189262,0.0010590151472031227,-0.0005328442611054115,0.0,0.0,0.0,0.0021433956584785167,0.001875777167533818,0.0023439214661808787,0.0002858359091763901,-0.012327546776766639
0.7256478,0.734469,0.7408096,0.88992506,0.9411765,0.88,0.64384776,0.5783726,0.56698257,0.97959185,1.0,1.0,0.56698257,0.56698257,0.5594177,0.48468176,0.6577671,-0.00010685882114356394,0.000487057759850457,0.0011730909675578755,-0.00020097169676506734,-0.0024961545181105024,-0.00026256981199270835,0.00045855451983688617,0.003497893234669629,0.003873673561542601,0.0,0.0,0.0,0.0039490470686546625,0.0029880462492442067,0.0014974907380431721,7.176586165490476e-05,0.003332502549428674
0.7113228,0.89215684,0.8324348,0.9411765,0.8621622,0.8078431,0.88,0.62837255,0.61250085,0.97959185,1.0,1.0,0.61250085,0.61250085,0.6994177,0.5335707,0.73526716,0.0001603202420966654,0.0009328073010106903,-0.00012685067810935894,0.00046771635292526856,-0.0011984814135319185,0.0002820786942175287,-0.00025534655899585773,0.002687587542781864,0.00381413463327323,0.0,0.0,0.0,0.002758721554192109,0.0020743993621659945,0.0008794530169254768,0.0002832882120894042,0.00592141340737627
0.6441739,0.7456876,0.8404948,0.8075342,0.9117176,0.88,0.88,0.40524757,0.38608387,0.97959185,1.0,1.0,0.38608387,0.38608387,0.5265606,0.5457929,0.33401704,-0.00419205881967137,0.0005394763669452369,-0.003000662977176721,-0.001268747992060972,-0.003250605297865889,-0.00013064966561867196,-0.0008749006579199006,-0.0008480502316790156,-0.0033398885579510066,0.0,0.0,0.0,-0.0007024004920238319,-0.0005821698255957387,0.0011466128566253548,0.0003206262062323837,-0.00993893963408974
0.6899728,0.7805235,0.786214,0.75538206,0.9411765,0.88,0.6917444,0.5883726,0.5805673,0.97959185,1.0,1.0,0.5805673,0.5805673,0.6308463,0.475793,0.4402671,-0.000817639210468089,0.00043324499034587264,0.000193868199964497,4.4210506671300624e-05,-0.0019177899092351588,-0.00032221467173532885,0.0012328487833773024,0.0035535105843154473,0.005222950266588392,0.0,0.0,0.0,0.004338962956621818,0.0027161362318295895,0.0017562945622028644,0.0002456976519304758,-0.0033139421493353976
0.785083,0.7958877,0.7329085,0.8488943,0.9163207,0.88,0.88,0.47837257,0.46331635,0.97959185,1.0,1.0,0.46331635,0.46331635,0.30370346,0.41468185,0.68026716,0.0015320210455862476,0.0005576647807732156,0.0009140058242253703,-0.0007652440379920379,-0.004115590368049344,-0.00015915228885409247,-4.969352728295663e-05,0.000991690873245557,-5.41591977327145e-05,0.0,0.0,0.0,0.002278551105820308,0.0017136095912739118,-0.0015763010173407105,0.00013526447563361608,0.0049374800186711264
0.57564783,0.67274696,0.80975145,0.77799654,0.9411765,0.88,0.49595493,0.5058725,0.49608192,0.97959185,1.0,1.0,0.49608192,0.49608192,0.60656065,0.5391263,0.451517,-0.009460732141173675,7.084332368865041e-05,-0.0019093669495195153,0.0001258057753398173,-0.0027877679176312015,-0.00026196214650548556,0.0024822039595761387,0.0015794130791543972,0.0012680536502545346,0.0,0.0,0.0,0.0025860229045422704,0.002319286360303188,0.001798695077901309,0.0003138867847785341,-0.0027877190284240766
0.907466,0.64698625,0.73893625,0.9411765,0.7604223,0.8132948,0.88,0.71524763,0.7127389,0.97959185,1.0,1.0,0.7127389,0.7127389,0.78370345,0.56579304,0.6415171,0.008643636140125494,0.0005218181930356151,0.00046473074286597235,0.00034920702107784876,-0.0011627435250531116,0.00021425629500080535,-0.00011285125667060053,0.002013626973713441,0.003627862820310747,0.0,0.0,0.0,0.0001736934703917503,0.0004521152435959054,0.0004803453935154079,0.00043407751526776834,0.0030271650860834646
0.90918756,0.96153843,0.17863528,0.17162998,0.17162998,0.88,0.88,0.5171226,0.5046235,0.97959185,1.0,1.0,0.5046235,0.5046235,0.6279892,0.48357064,0.53901696,0.0075253803850203445,0.001166906602514816,0.0016451513226647264,0.006851407627113142,0.005682568718265176,-0.0003989043841422314,2.7710428395598205e-05,0.0013131210862077894,0.0011190802338590657,0.0,0.0,0.0,0.003152178052680056,0.0021292621378279446,0.0005404171565037242,0.0007777806146921665,0.0002003515892121985
0.70395344,0.73799175,0.70979947,0.9411765,0.9411765,0.6475114,0.7234316,0.59087265,0.57989556,0.97959185,1.0,1.0,0.57989556,0.57989556,0.6308463,0.4191263,0.7565171,-0.0022455670019583796,0.0004570997587963158,0.0007520401390388842,0.0003325177468488252,-0.0010550850425215589,0.0006943474146601851,0.00018111585134062886,0.0023835294678329734,0.002601136718598981,0.0,0.0,0.0,0.002967381182937293,0.0023142799013510396,0.0012458603285552948,-0.00017622955424483362,0.004900447921921125
0.82633644,0.8149628,0.6850358,0.9748012,0.6893888,0.88,0.88,0.48149765,0.4630079,0.97959185,1.0,1.0,0.4630079,0.4630079,0.42370346,0.3080152,0.73526704,0.0040842046460926726,0.00017050440769239805,0.0015267011370102583,-0.004673477857996946,-0.0016616559139966034,-0.0003782575798661134,-9.119260683419821e-05,0.0008384522038699843,0.0005561007184892264,0.0,0.0,0.0,0.0018826247602864137,0.001259216302004172,-0.0002761231811952694,-0.0013552449946001102,0.005615324333390188
0.90918756,0.96153843,0.12328343,0.11844879,0.11844879,0.88,0.88,0.46212256,0.44492584,0.97959185,1.0,1.0,0.44492584,0.44492584,0.46656063,0.5046818,0.6390171,0.008519481146250759,0.0015274211438118294,0.0021925244940985515,0.008286573286012639,0.007049494055536767,-0.0004633325419024836,-0.00013159058568895058,0.0017256527454973863,0.0002757666324604352,0.0,0.0,0.0,0.0031621706617562663,0.0019639880539040694,0.001229613089543688,0.0002729338179007757,0.003074891552172116
0.67984885,0.6115223,0.7853321,0.9411765,0.9748012,0.8727212,0.88,0.5821229,0.5713789,0.97959185,1.0,1.0,0.5713789,0.5713789,0.54227495,0.5546819,0.50651705,-0.0025041803385990003,-0.00030954318947968803,-0.0007997499934706384,0.00027945520808870763,-0.001548603512531222,-1.1980274359257039e-05,-0.0005443561761598807,0.0033602804322636582,0.004136329769644002,0.0,0.0,0.0,0.004183199812262624,0.003101858381544436,0.0016358770382329268,0.00020033530440056855,-0.0024904038123100326
0.90360916,0.83164656,0.65675056,0.9411765,0.7122957,0.74491245,0.88,0.5814978,0.5693766,0.97959185,1.0,1.0,0.5693766,0.5693766,0.6779891,0.47468185,0.62526715,0.009392664415996264,0.0011057633547194123,0.0013795818949878156,-0.00091953216027851,-0.0012417183783002275,0.0008842831443699095,3.03982502767252e-05,0.002427230537737563,0.0031445752436582114,0.0,0.0,0.0,0.0030478623918517214,0.00301490933217403,0.0020199461855764994,0.0002778934289518244,0.002531197106444334
0.8032648,0.79662734,0.8774099,0.9220285,0.87984663,0.88,0.88,0.69837284,0.6949661,0.97959185,1.0,1.0,0.6949661,0.6949661,0.6279892,0.69134855,0.587767,0.003573376744472485,0.0009114995063528894,-0.0005953038216192884,0.001029575717140546,-0.0006726322312002371,-2.412897558954198e-05,-0.00033238939148700323,0.003112318104653699,0.005458446102769417,0.0,0.0,0.0,0.0023639391742983733,0.0016368690630946395,0.0009916922100135026,0.000461886933607419,0.0016874877439827804
0.8483751,0.684517,0.8324318,0.7997874,0.9924483,0.88,0.88,0.5158725,0.5002563,0.97959185,1.0,1.0,0.5002563,0.5002563,0.49656057,0.58912635,0.44026697,0.004669061824833368,-1.0097856284676481e-05,-0.002859867394548475,0.0004048617132856251,-0.004239410531443659,-0.00035197430348938457,-0.000987228957982592,0.0014754558690367491,0.000842190546693209,0.0,0.0,0.0,0.0023493310836283227,0.0016993092852589694,0.0005522519276550864,-4.03650928536123e-05,-0.004408719798247316
0.76235574,0.88211495,0.37492284,0.9411765,0.36022,0.7973995,0.88,0.7158725,0.7130933,0.97959185,1.0,1.0,0.7130933,0.7130933,0.68084633,0.69134855,0.59526706,0.0015071904359854665,-0.00015415765620600645,0.0015762748839966228,-0.0009514469723845363,-0.0009434929308957406,0.0005149680256607656,1.6959765804842596e-05,0.002168263305155537,0.002918785694898097,0.0,0.0,0.0,0.0006091014867238216,0.002411641362262777,0.001021979273073879,6.242824780017383e-07,0.001637680663845803
0.643141,0.63036346,0.81268656,0.9411765,0.9924483,0.98459446,0.88,0.4546225,0.43128866,0.97959185,1.0,1.0,0.43128866,0.43128866,0.5751321,0.5113485,0.4202671,-0.0044195057353152295,0.00027959946868264787,-0.0019291654779513702,-0.0010611947244650978,-0.0021984584672800796,-0.0010228176563502243,-0.0008086623031144254,-0.0006337918643775427,-0.00203196611852089,0.0,0.0,0.0,6.415438328517035e-05,0.00092791832879857,0.0019402532733300767,0.00025504338817555663,-0.005754962050948255
0.83053756,0.87239105,0.8288885,0.9924483,0.9431936,0.88,0.88,0.60274756,0.5940557,0.97959185,1.0,1.0,0.5940557,0.5940557,0.5708464,0.5113484,0.60026705,0.005005963965844247,0.0005655501268655254,-0.00022581921629889076,0.0009496520600344965,-0.0024287437555870293,-0.00042644495403823215,-0.00013047408062274454,0.0030303657823894745,0.0041267370934257785,0.0,0.0,0.0,0.0036402819863473835,0.0026595414267622124,0.0014123478138348062,0.00027673875024520624,0.0014540752204919068
0.84906375,0.84251547,0.82384884,0.8590292,0.72157073,0.88,0.88,0.48087263,0.46487698,0.97959185,1.0,1.0,0.46487698,0.46487698,0.67227495,0.46245956,0.4515171,0.006617883066897492,0.0006929777589384746,-0.0014568772380537357,-0.001043449458045142,-0.00020498052058482496,-0.0004991574314941091,-0.0010237117029541437,0.0013242165181882636,0.0005937766985844392,0.0,0.0,0.0,0.0026197842588879783,0.0019755133692355123,0.003453738840026132,9.34438001988409e-05,-0.0032665029541000005
0.71235573,0.71546876,0.58271265,0.9748012,0.9411765,0.88,0.6240875,0.41524768,0.39523578,0.97959185,1.0,1.0,0.39523578,0.39523578,0.34513202,0.6624596,0.33901703,-0.0010199552155819485,0.0004367455493241056,0.0025463678934535706,-0.0034690594446262933,-0.0020657174406185745,-0.0001582829135482111,0.0032054711411576907,-0.0011762843753538065,-0.003078775281537686,0.0,0.0,0.0,-0.0006163856502503913,-0.000834376991545642,-0.003196643042287248,-7.255305480027177e-06,-0.009608302396817524
0.8581546,0.83870864,0.831981,0.8627297,0.78024995,0.88,0.88,0.38462257,0.36203492,0.97959185,1.0,1.0,0.36203492,0.36203492,0.635132,0.21579297,0.6190171,0.006956906669313788,0.0007363264803003134,-0.0010873184209516512,-0.0019193600457282289,-0.002147005186146356,-0.00030550769488421175,-0.0005747003489104796,-0.002066493997809673,-0.0033859784545280016,0.0,0.0,0.0,-0.000563160491589381,-0.001498264561460163,0.0029519369948886654,-0.00118238750351135,0.0027479222074388073
0.90918756,0.96153843,0.1351709,0.12987009,0.12987009,0.88,0.88,0.50837255,0.4955374,0.97959185,1.0,1.0,0.4955374,0.4955374,0.6965607,0.5735708,0.33901703,0.008742597869977449,0.0012778156864839767,0.0030395909633172177,0.008664661611897663,0.005406931502400471,-0.0007322921656052582,-0.0004107995065769375,0.0017851189058243414,0.0020755195832255257,0.0,0.0,0.0,0.003681992881729509,0.002943588618203816,0.0016892788113076274,-0.0005205366831540351,-0.005238112502039963
0.44417393,0.68834573,0.82321423,0.9411765,0.71936345,0.5958796,0.88,0.40399778,0.38383466,0.97959185,1.0,1.0,0.38383466,0.38383466,0.42941776,0.45023727,0.5090171,-0.016494472105039275,9.770310593311861e-05,-0.0011553058259980336,-0.003544338426019726,-0.001010928577686701,0.0006993043998367281,-0.0009660722593390004,-0.001600768213163766,-0.002572103599346891,0.0,0.0,0.0,-0.0014454426270175203,-0.001207367807840602,-0.0002042895214890386,0.00015129492656016627,-0.0014215121177612953
0.5756478,0.67369497,0.71016216,0.9411765,0.783202,0.65551513,0.88,0.6483724,0.64238286,0.97959185,1.0,1.0,0.64238286,0.64238286,0.5522749,0.45579296,0.8065171,-0.008001116445902182,0.0001961572330557618,0.001244499717263523,0.000923776403888788,-0.001457169084212182,0.00046979725197620947,0.00016090076421202166,0.003507591720681102,0.0039035498045491245,0.0,0.0,0.0,0.003412011651914511,0.0027397853074034684,0.0012473299450420047,0.0003457452104186552,0.007189484311757361
0.8172455,0.77695835,0.79527795,0.8093475,0.7800401,0.88,0.88,0.3964976,0.37349984,0.97959185,1.0,1.0,0.37349984,0.37349984,0.4894177,0.4635707,0.58401716,0.0035496831398949004,0.00045284424338084216,-0.0011159624143130935,-0.0016295882218149008,-0.0024070029983919434,-0.00023878543721347393,-0.0004965681484111585,-0.0013113738374411108,-0.003876146261450136,0.0,0.0,0.0,-0.000558741549419166,-0.001097470337275445,0.0004054512479037629,0.0003146733030070128,0.001475205448614506
0.90918756,0.96153843,0.43513763,0.4180734,0.4180734,0.88,0.88,0.8846226,0.88730484,0.97959185,1.0,1.0,0.88730484,0.88730484,0.58941776,0.80245966,0.8352671,0.007908804489695432,0.0010312249173926246,0.00024209032118864736,-0.0015831958034391933,0.0010849517821814158,-5.4932519526645366e-05,-5.722431178044697e-05,0.0004933544353255903,0.00721492855090009,0.0,0.0,0.0,-0.00352148584974629,-0.0024125903756296737,0.0003232150071264552,-0.0018124316438412474,0.007138068816032124
0.8983751,0.7912795,0.5011116,0.9924483,0.45402086,0.88,0.88,0.6402476,0.631471,0.97959185,1.0,1.0,0.631471,0.631471,0.7437034,0.38801512,0.68026704,0.007312263234351575,0.00045914440786160374,0.0016651316424040172,-0.0026115987829939736,-0.0008629790068163855,-0.0003642723632917695,9.57982089241146e-05,0.0020983659718824144,0.002288882070528276,0.0,0.0,0.0,0.0018648299790562945,0.002061020134421827,0.0011414641150366209,1.577971291632771e-05,0.003620074613134725
0.8162126,0.7959572,0.84915584,0.9411765,0.9924483,0.8841149,0.88,0.4896226,0.46856448,0.97959185,1.0,1.0,0.46856448,0.46856448,0.46370342,0.6069041,0.48901713,0.002680215367411153,0.0004755394395170917,-0.002684455382076664,-0.0005347650316247852,-0.003702738183615651,-0.00041257808371567326,-0.0005777912829820109,0.0008570115431013911,-0.0006934137285212327,0.0,0.0,0.0,0.0015169758331850533,0.0013671638684253692,-1.3923463076528051e-05,-9.53724566372053e-05,-0.002390763848166814
0.88157046,0.6566939,0.7674698,0.9411765,0.86826855,0.94859445,0.88,0.7664976,0.76630145,0.97959185,1.0,1.0,0.76630145,0.76630145,0.6937035,0.6046819,0.75901717,0.007399482432133111,0.0004676658900715077,0.0005134627239421955,0.0011013630710521435,-0.0009498823096532207,-0.0006904898179651586,-0.00011818621827233202,0.0036809918588007777,0.004751785253926926,0.0,0.0,0.0,0.00029552703622127274,-0.00010622396888472972,0.00037751811792415555,0.0006436612947784433,0.006014681799817189
0.90918756,0.96153843,0.35306868,0.33922285,0.33922285,0.88,0.88,0.78212273,0.7796124,0.97959185,1.0,1.0,0.7796124,0.7796124,0.34513202,0.76801515,0.9027671,0.006332654392136806,0.0013239756117947898,0.000552991659709236,0.00012201672016967421,0.0024209492305183474,-0.0002184572787852723,-0.00012178808587590496,0.0007659207140847069,0.005883678423974903,0.0,0.0,0.0,-0.0005267279190540818,0.001178615066958609,0.002890070410504798,-0.0022478715532607435,0.008493897283779884
0.7165569,0.67752063,0.7385713,0.9411765,0.6684511,0.71241915,0.88,0.4583726,0.44086576,0.97959185,1.0,1.0,0.44086576,0.44086576,0.5594178,0.5135708,0.42901707,0.0021141973118128997,0.0006711229087296419,0.0004779643028963666,-0.002484933790245142,-0.00034555097876618965,0.0005094057816798703,-0.0008113602484108518,0.0006921042542815824,-0.0005170050458615085,0.0,0.0,0.0,0.0013710816876878382,0.0008634873879218095,0.0016771662818204649,0.000416898035975528,-0.004898402217915255
0.90918756,0.96153843,0.30413434,0.29220748,0.29220748,0.88,0.88,0.6458726,0.6419575,0.97959185,1.0,1.0,0.6419575,0.6419575,0.585132,0.59357077,0.6890171,0.007859743111823412,0.0012899667683304616,0.0015301518063241786,0.0014462505724168661,0.0050809739200612025,-0.0005759265829654265,-0.00020262939669969085,0.000418825726440113,0.0029800673569679386,0.0,0.0,0.0,0.0009835467241700042,0.0019524822209121757,0.0007518394554775049,-0.0004292773977353343,0.003170202075304503
0.7490637,0.67274636,0.8380942,0.88563335,0.7628662,0.88,0.88,0.63274765,0.6103131,0.97959185,1.0,1.0,0.6103131,0.6103131,0.7108463,0.4635707,0.64026713,0.0015363930357215577,0.00047229243814094575,-0.0009543181139640586,0.0007768082293748061,-0.0006819574903487337,-9.323043509997338e-05,-0.0004055457502781816,0.003303357405218221,0.0041134829900872725,0.0,0.0,0.0,0.003492747398427456,0.002124326094567872,0.0011460687216753318,-4.17002543843103e-05,0.002522982320454395
0.5480308,0.46926984,0.8650515,0.83112794,0.9411765,0.88,0.48352677,0.32524765,0.30483767,0.97959185,1.0,1.0,0.30483767,0.30483767,0.3794177,0.44579294,0.457767,-0.010435632594596988,-0.0007915091273180597,-0.0037493414711334545,-0.0018060879069312936,-0.002744371460318774,-5.2634750710213324e-05,0.004471771077928775,-0.005046157847711148,-0.007555011624795223,0.0,0.0,0.0,-0.004267936878621521,-0.0031803567560089296,-0.0022084143609005045,0.00020893573621507604,-0.0037910663724258454
0.8759921,0.7958877,0.72609013,0.9924483,0.69366664,0.88,0.88,0.5852475,0.5764442,0.97959185,1.0,1.0,0.5764442,0.5764442,0.5837034,0.5013485,0.63026714,0.006697275926029713,0.000571928523750187,0.0010092670739577272,-0.0012431268267313223,-0.00066187742910118,-0.00014164645061567449,-0.00015331757007399415,0.0032864454142160996,0.0039445802689993545,0.0,0.0,0.0,0.0036819622067519116,0.0028530758816060265,0.0015660463724451136,0.00015306218020122203,0.0034507162022007817
0.90918756,0.96153843,0.17268737,0.16591531,0.16591531,0.88,0.88,0.48024762,0.45859963,0.97959185,1.0,1.0,0.45859963,0.45859963,0.8079892,0.30134848,0.4202671,0.010673284899868988,0.0006933684024225623,0.002933477902944798,0.008872742354912855,0.005902688564104964,-0.0006755348965465394,-0.0002903183397295461,0.001647410116001005,0.0010512654716248037,0.0,0.0,0.0,0.0033530762376830507,0.0018876738195870762,0.001706363076430158,0.0007241936277259774,-0.0030772474286400757
0.6987194,0.7495128,0.6200307,0.9748012,0.92321026,0.88,0.88,0.25899768,0.23208287,0.97959185,1.0,1.0,0.23208287,0.23208287,0.34513202,0.25912625,0.6065171,-0.0029031882384706244,0.00047636310162467015,0.0015197319587549039,-0.004951512454500121,-0.0029679486475738042,-0.00025466380262770955,-0.000620839266647078,-0.008914331602016748,-0.010584885882013308,0.0,0.0,0.0,-0.008011783961608539,-0.006970478875516542,-0.003638502006881824,-0.0006257273087566226,0.001725841690351417
0.835083,0.83747613,0.7670475,0.8311347,0.9117176,0.88,0.88,0.4964974,0.4836967,0.97959185,1.0,1.0,0.4836967,0.4836967,0.40798923,0.6624597,0.37776697,0.004964944857828085,0.00045882209815760347,-0.0021173900645207323,-0.00031458206203207836,-0.0037219662890098006,-0.00044007812123262983,-0.0007260649514561885,0.002178315799334151,0.0023799191646355104,0.0,0.0,0.0,0.0035015318733635035,0.00278616820996888,-0.0009309674411385694,-0.0009257795451370115,-0.006457148619845139
0.7256478,0.86100686,0.8835431,0.8488943,0.9117176,0.88,0.88,0.30587256,0.28456777,0.97959185,1.0,1.0,0.28456777,0.28456777,0.37656063,0.30134848,0.540267,0.00031503226826854857,0.0008378949243618026,-0.002117370050651054,-0.0014871287009155445,-0.00273222365393087,-0.00017727157877273672,-0.0008889422649397648,-0.004914350630366506,-0.008823186050012373,0.0,0.0,0.0,-0.00515063737019541,-0.004400448420478989,-0.0018472353845179847,-5.733601331815692e-06,-0.0005356169988722473
0.8133887,0.6122059,0.695141,0.90847784,0.68147236,0.88,0.88,0.70649767,0.7053218,0.97959185,1.0,1.0,0.7053218,0.7053218,0.78370345,0.4702374,0.6827671,0.0039324358999640345,0.0002621070182411921,0.0010196682741410107,0.00021778392873345677,-0.0006214877902589784,-0.0002807769948002535,-0.00018174060957297695,0.002573185687296455,0.0037443926514346844,0.0,0.0,0.0,0.0004375289443300649,0.000398186569713046,0.00034214664528312325,0.0001406358144757846,0.0041535042621245796
0.83088183,0.84251547,0.7572811,0.9411765,0.8539502,0.7562161,0.88,0.7089976,0.7051516,0.97959185,1.0,1.0,0.7051516,0.7051516,0.6237035,0.59357077,0.7527671,0.0038201833297167227,0.0007497850484355889,0.000529694842400753,0.0009399856392653083,-0.0009902784181200148,0.00063037708876094,0.0003503191531860541,0.0033661552283535314,0.004431944019911159,0.0,0.0,0.0,0.0013108958630858542,0.0016203086086402018,0.0005979988810177452,0.0004017598456071022,0.005947047044866748
0.9032648,0.8223109,0.8771505,0.9411765,0.91916525,0.94859445,0.88,0.4902475,0.47771767,0.97959185,1.0,1.0,0.47771767,0.47771767,0.5165606,0.50690407,0.6065171,0.008305411828804798,0.0007710850198572121,-0.002054255251196867,-0.001436002291607254,-0.003047231386560809,-0.0009315854752419886,-0.00011678860122883476,0.0011959937726556925,0.0013502636730312852,0.0,0.0,0.0,0.002641732616850618,0.0023625425567849255,0.0008920614219540909,-7.28444173055e-05,0.0031916691442678857
0.6305375,0.71548617,0.8580774,0.82442737,0.9411765,0.88,0.5598842,0.4427477,0.42305177,0.97959185,1.0,1.0,0.42305177,0.42305177,0.7265606,0.3624596,0.390267,-0.004985497752190832,0.000595667428206189,-0.0037588003546185295,-0.00018914892919596213,-0.0032623036492904667,-0.0003030597433691578,0.0026628072259137756,-0.0006122588352088147,-0.0021026486429237697,0.0,0.0,0.0,0.0006043392428572023,0.000644252349269972,0.0036128659260880615,-0.00028709581310016675,-0.0048057679351128785
0.90918756,0.96153843,0.17938915,0.17235428,0.17235428,0.88,0.88,0.52337277,0.5031271,0.97959185,1.0,1.0,0.5031271,0.5031271,0.59084636,0.74245965,0.29276705,0.009003223999338825,0.002035303913856963,0.004714489954330084,0.006099720734115761,0.006013293764564297,-0.00047894073227092214,-0.00030437003168114706,0.0014038180311003999,0.0022354375851041026,0.0,0.0,0.0,0.003682731725895339,0.0028231883687705257,0.0016554522273106614,-0.003612303497090732,-0.007446532447518844
0.8158683,0.5880276,0.8780735,0.9924483,0.9411765,0.88,0.7655646,0.5952475,0.5845387,0.97959185,1.0,1.0,0.5845387,0.5845387,0.73084635,0.40245956,0.69526714,0.003604551357640496,-0.00029796287039748166,-0.0016135502001040037,-0.0009433724817971892,-0.0024512035009300478,-0.0001353512289219599,0.00047026399826971023,0.003291084237289901,0.003769689501709526,0.0,0.0,0.0,0.0035456413665438734,0.002805946441981866,0.0020431232400386704,-0.0003292125990930355,0.003923005667554603
0.90918756,0.96153843,0.2037226,0.19573347,0.19573347,0.88,0.88,0.46149778,0.44117942,0.97959185,1.0,1.0,0.44117942,0.44117942,0.22513199,0.4502374,0.7940171,0.007885769624811441,0.0004814162436056754,0.003935639622457157,0.008697396976601686,0.008440582408745794,-0.000649425955376639,-0.00027903564878184245,0.0015765259099129805,-0.00015029177758427097,0.0,0.0,0.0,0.0025374531601153123,0.0010231582070719279,-0.0013144278097816874,0.0005126788514652035,0.006614201528824478
0.90918756,0.96153843,0.27477098,0.26399565,0.26399565,0.88,0.88,0.6764977,0.65679824,0.97959185,1.0,1.0,0.65679824,0.65679824,0.88798916,0.396904,0.70901704,0.007787264947086059,0.0003141779820078815,0.00183029080540819,0.0002730687026399518,0.005704564324259201,-0.0007802270470198627,-0.00010142528984188189,0.00038375610201763275,0.0027477301000107535,0.0,0.0,0.0,0.0005835804125459266,0.002264828494807321,-0.0009241427128031418,0.001119390770397985,0.0033091521546759982
0.67984897,0.4995626,0.7670475,0.9924483,0.9748012,0.88,0.88,0.44649744,0.42933404,0.97959185,1.0,1.0,0.42933404,0.42933404,0.40798908,0.40134853,0.6615171,-0.0019311550850654063,-0.0010945365769405558,-0.0007094597030721556,-0.002346869908417575,-0.0016867693957265909,-0.00016485633814527243,-0.0007016430041379273,-0.001139967530279447,-0.0017025985330588853,0.0,0.0,0.0,0.00026226841645345106,0.0005366615414531432,-0.001008710580945158,-0.0002665144561209081,0.00471846825458749
0.7672455,0.77695835,0.7142213,0.9064097,0.72880036,0.88,0.88,0.35774767,0.3335437,0.97959185,1.0,1.0,0.3335437,0.3335437,0.42941776,0.32023737,0.60026705,0.0022015768327980573,0.0005424769292262535,0.0013386237480088653,-0.002261967218701982,-0.0008985891796397006,-0.0005003869441192782,-0.0005900799064337715,-0.002843070449026656,-0.0044163015554932235,0.0,0.0,0.0,-0.0014251402363317223,-0.0017205323447100438,-0.0002749461099692669,-0.00015376024943411577,0.0028464486397648016
0.7396285,0.8034914,0.71628267,0.9924483,0.8937818,0.88,0.88,0.51899755,0.5053924,0.97959185,1.0,1.0,0.5053924,0.5053924,0.5522748,0.60468185,0.451517,-2.7616382378778947e-05,0.0008201949939062497,0.0006692421996386498,-0.002094966479864012,-0.0016492696935310437,-0.00015587556215272943,-0.0006268176303696125,0.0019912895148611084,0.0019009215871385093,0.0,0.0,0.0,0.0030179250491441656,0.002482197224343444,0.0016089316146497246,0.00030619955861026547,-0.004064286063785282
0.78928417,0.7652888,0.72826254,0.9924483,0.9748012,0.88,0.88,0.56962276,0.5593624,0.97959185,1.0,1.0,0.5593624,0.5593624,0.67084634,0.41690403,0.62026703,0.00182904080664945,0.0007222963734004384,0.0008057839012763726,0.00013095756740299523,-0.0029712962219390266,-0.0004143612790355161,5.774412303622736e-05,0.002803860933404916,0.003556105059112984,0.0,0.0,0.0,0.0037399826852207146,0.0027084764151328613,0.0016243878199051864,-0.00035316270688715755,0.002236803427482909
0.90918756,0.96153843,0.31902054,0.30650994,0.30650994,0.88,0.88,0.70774746,0.70761395,0.97959185,1.0,1.0,0.70761395,0.70761395,0.67084634,0.7680152,0.3677671,0.007772787439058559,0.0010427116083564665,0.0030136888879854886,-0.00015024832383231737,0.0034792831769760303,-0.0003771464330839926,-0.00030936332380149376,-1.276341206610649e-05,0.003995080987842478,0.0,0.0,0.0,-0.0009877102653492902,0.0016289636328222256,0.00035282683682535314,-0.002183153406102071,-0.0033498922140271824
0.79451823,0.8387082,0.6726999,0.64631957,0.9748012,0.88,0.88,0.4208727,0.40116897,0.97959185,1.0,1.0,0.40116897,0.40116897,0.40656063,0.55134857,0.40276706,0.004083625809113515,0.0003740824514624994,0.0009115869265724825,1.5512391833379968e-05,-0.004439229075001229,-0.0004687625131460398,-0.0008160740834808258,0.00014910562848292894,-0.002612824036764754,0.0,0.0,0.0,0.0009002439120199447,0.0003112233230082376,-0.0010055484609335786,2.8560719847514114e-05,-0.005516559156614854
0.65712166,0.56131434,0.894508,0.9411765,0.84276384,0.7522566,0.88,0.33774757,0.31166935,0.97959185,1.0,1.0,0.31166935,0.31166935,0.54513204,0.3080152,0.42901707,-0.005067774792615312,-0.0007178231929678515,-0.004816593468573034,-0.0028984731961944066,-0.001952529516616717,0.0006086070566298457,-0.0009509709426360107,-0.005231016513700961,-0.007341063868277049,0.0,0.0,0.0,-0.0037472234933851236,-0.004386173502510953,0.0014668565944618158,-0.00040674031002073846,-0.0054407630000162
0.7532648,0.68792224,0.8178086,0.8937818,0.8318803,0.88,0.88,0.49399757,0.47818923,0.97959185,1.0,1.0,0.47818923,0.47818923,0.3322747,0.54357076,0.71276706,-0.0003366060360357659,2.9301071261986068e-05,-0.0017050932406490484,-0.0014797843698659342,-0.0022964599841666933,-0.00014119238547832412,-8.463645810968897e-05,0.000907261392915711,0.0003898636803178733,0.0,0.0,0.0,0.0020436964642873627,0.0018098216338543964,-0.0011253048243214305,8.705839128308935e-05,0.005804186988034745
0.90918756,0.96153843,0.031427186,0.030194748,0.030194748,0.88,0.88,0.37024736,0.34928334,0.97959185,1.0,1.0,0.34928334,0.34928334,0.37941784,0.57912636,0.29151714,0.008871227756787545,0.0023586336281512634,0.006540277101729806,0.013795839240877319,0.00795426883392268,-0.00034810953143630803,-0.0012408664405725498,0.0015548941421271844,-0.004114946240550966,0.0,0.0,0.0,0.0007517491608518055,-0.0015057128865360362,-0.00033882694060612323,-0.0008393818266561981,-0.01070005779402797
0.8759921,0.73431915,0.8350218,0.80227584,0.9748012,0.88,0.88,0.46274757,0.4464746,0.97959185,1.0,1.0,0.4464746,0.4464746,0.6837034,0.44579294,0.452767,0.007505495928284947,0.0004561992971819373,-0.002203577757146799,3.136254480503453e-05,-0.003531725269068458,-0.0009136665878713557,-0.0009607831650455894,0.001308203678895267,0.0008845244408695042,0.0,0.0,0.0,0.0024694084648612725,0.0021693448928922572,0.004477194581530308,-2.5765034798144077e-05,-0.0028735450467264672
0.8399727,0.6427272,0.77779996,0.8884907,0.83997214,0.88,0.88,0.77462256,0.7735645,0.97959185,1.0,1.0,0.7735645,0.7735645,0.5494177,0.65690416,0.8352671,0.005118380687846538,-9.348116893314252e-05,0.0008230501414006869,0.001124219619108872,-0.0010989713419755427,-4.3601923163527e-05,-0.0001953044325536009,0.0037359195560246468,0.0047281129197248835,0.0,0.0,0.0,0.00018785797338369658,0.00038701397618258693,0.0010672045654689741,0.0007889459165362587,0.0074091955919509365
0.6801931,0.6771977,0.76351357,0.9748012,0.6900896,0.88,0.88,0.4008726,0.38538,0.97959185,1.0,1.0,0.38538,0.38538,0.4865606,0.44579294,0.390267,-0.0043661696039924,-2.424023460004479e-05,-0.0007227778062651246,-0.003884938954527583,-0.0006718111095908688,-0.00031289185656142887,-0.0006413292729474723,-0.0021742613725560227,-0.0031456460776812366,0.0,0.0,0.0,-0.001043654619288743,-0.0011323659739558899,7.747014041440798e-05,0.000203987728381501,-0.007384313884146391
0.8759921,0.8423906,0.78521603,0.9411765,0.9748012,0.75608623,0.88,0.6058725,0.5962317,0.97959185,1.0,1.0,0.5962317,0.5962317,0.6079892,0.64357066,0.49026704,0.007492347441759067,0.0014549484302251755,-6.823157218525917e-05,-0.0003698668801878638,-0.0008841977819365704,0.000406978048508755,-0.00034086725658729597,0.0027884846922126704,0.0054418206573381925,0.0,0.0,0.0,0.0036902094418255625,0.0034247491173070126,0.0021894853664581665,-0.0005824508853743663,-0.0010732362637345054
0.90918756,0.96153843,0.27871174,0.26778188,0.26778188,0.88,0.88,0.5371225,0.52361995,0.97959185,1.0,1.0,0.52361995,0.52361995,0.6265607,0.29134846,0.70276713,0.009152690274192908,0.0004956167452218292,0.0030411328366448764,0.003995290354656959,0.007009348033004634,-0.0009146989356298262,-4.0885994445534416e-05,0.0017979801716040467,0.0022408121599064115,0.0,0.0,0.0,0.003307408926753896,0.0026245417071956607,0.0010240885885262016,0.000802035174326427,0.003986995441697832
0.88508296,0.77695835,0.68321514,0.9924483,0.9748012,0.88,0.88,0.42399752,0.40287903,0.97959185,1.0,1.0,0.40287903,0.40287903,0.43227488,0.5235707,0.38526702,0.006615565708336001,0.00021699701086290457,0.0004944043689002713,-0.003363626715107948,-0.0037496372341597095,-0.0004628854885908539,-0.0010351427747164188,-0.001134525254384581,-0.0035614878603335513,0.0,0.0,0.0,-0.0005831552061725235,-0.0013853685309892865,-0.0012512323778266687,0.0001664529715447157,-0.007246901623390884
0.90918756,0.96153843,0.2882245,0.27692157,0.27692157,0.88,0.88,0.61399746,0.60531884,0.97959185,1.0,1.0,0.60531884,0.60531884,0.53798914,0.60912627,0.55901706,0.007343047628417821,0.0012115810262803208,0.002313202997823331,0.0022823409912706857,0.005911546032598982,-0.0005680950735899828,-3.346076164464125e-05,8.818677622267328e-06,0.0033286739591755644,0.0,0.0,0.0,0.0011802837528933335,0.0022341977475926677,0.0008144741484677428,-0.0010210706983148422,0.0006825983264291155
0.90918756,0.96153843,0.3262459,0.31345195,0.31345195,0.88,0.88,0.7758727,0.7680848,0.97959185,1.0,1.0,0.7680848,0.7680848,0.935132,0.5546819,0.5502671,0.00796025824730168,0.0005668635464131188,0.0021889648405285806,-0.0012952506180594558,0.004025980334062946,-0.0005339392624278662,-0.00028739474722481117,-0.0003980235444230854,0.00354796725415634,0.0,0.0,0.0,-0.0031336647418417707,0.0009869343060920368,-0.0015093693754729854,-0.0001974568947028478,0.0003284723729207814
0.5529205,0.7067241,0.82649565,0.9748012,0.8442728,0.88,0.88,0.31712258,0.2894309,0.97959185,1.0,1.0,0.2894309,0.2894309,0.50227493,0.29690403,0.50151706,-0.01023354740290694,0.0004900046781135971,-0.001938419691474539,-0.00450159263264707,-0.002016528199373276,-0.000282180787477178,-0.0007970559095063316,-0.005991474570511622,-0.007361003477205178,0.0,0.0,0.0,-0.005228150346213819,-0.00344004245975551,0.0007572071472042966,-0.0007166462394612894,-0.0019323356741777057
0.87633646,0.84251547,0.82384884,0.8590292,0.8571041,0.88,0.88,0.47774768,0.46011832,0.97959185,1.0,1.0,0.46011832,0.46011832,0.67227495,0.3624596,0.556517,0.009215387756419764,0.0007146439407302771,-0.0012975874979927668,-0.000292412538488322,-0.002170375739171193,-0.00047236550547757975,-0.0003170512761300482,0.0011142540665959426,0.0005853277903891897,0.0,0.0,0.0,0.0024576854334991886,0.0018263473514770936,0.002841242428990179,-0.0006184336972524251,0.0010757736906233687
0.71621263,0.61124843,0.8979439,0.89572877,0.9411765,0.88,0.5156984,0.43337274,0.41533035,0.97959185,1.0,1.0,0.41533035,0.41533035,0.51513207,0.48357064,0.562767,0.00025302825242373874,-1.2320317470415556e-05,-0.00402504026603748,-0.0008590962062971035,-0.0027447007765208815,-0.0003655020841722043,0.0017844282370908,-0.0008164492436034186,-0.0015572475090634874,0.0,0.0,0.0,0.0004898427141586077,0.000702228084721429,0.0010987532507090664,8.266818867097479e-05,0.000624051822146244
0.7938297,0.71845555,0.859387,0.9924483,0.84363586,0.88,0.88,0.5283724,0.5136032,0.97959185,1.0,1.0,0.5136032,0.5136032,0.6065606,0.50690407,0.5352671,0.0032947000628726626,0.0003395294866687144,-0.002346006005427371,-0.00037371961856482133,-0.0011679082603385548,-0.0001507650693855091,-0.0003487544737563826,0.002937904348387252,0.0027280589864012703,0.0,0.0,0.0,0.003828525158144561,0.0028439051479285204,0.0023371995023438097,0.00032136961744912775,0.00024065840733088483
0.90918756,0.96153843,0.41237453,0.39620298,0.39620298,0.88,0.88,0.91649747,0.92670643,0.97959185,1.0,1.0,0.92670643,0.92670643,0.76656055,0.8802374,0.6590171,0.007461079379254458,0.0004664790640670102,0.0013885506054629512,-0.003489440148557471,-0.00020791169967378475,-0.0003522192149801327,-3.1313454720571686e-05,-0.0005174997290500491,0.004394390479811699,0.0,0.0,0.0,-0.008297746709381744,-0.0027680661951157014,-0.0008194828678108291,-0.0018513258837403413,0.002102741460410883
0.64451826,0.77695835,0.83182967,0.7992089,0.9101207,0.88,0.88,0.61774755,0.6089725,0.97959185,1.0,1.0,0.6089725,0.6089725,0.78798914,0.51357067,0.42401707,-0.004728649061965542,0.0007159614536957023,-0.0014965197035457889,0.0005288686462817079,-0.0015325240141590662,-0.0001773561538887081,-0.0007127373877151383,0.0032379033678885355,0.004796031404148254,0.0,0.0,0.0,0.003904991932211198,0.002394076115842789,0.001532626874028898,0.00012774901497807322,-0.004268505600878918
0.7123558,0.8035329,0.767228,0.8472101,0.9429901,0.88,0.88,0.45712256,0.43763274,0.97959185,1.0,1.0,0.43763274,0.43763274,0.43227488,0.5046818,0.4727671,-0.00034301515127545647,0.00047541449776224013,-0.0008814200406099752,-0.0005580094110545779,-0.0032781632543602756,-0.00017953961960882843,-0.0007856143543082127,0.0004103122424332954,-0.0012726068761823696,0.0,0.0,0.0,0.001265970096419636,0.0012014391809397071,2.1500740978348602e-05,8.20362421533613e-05,-0.0027769179352159544
0.90918756,0.96153843,0.29848903,0.28678358,0.28678358,0.88,0.88,0.7664976,0.76562417,0.97959185,1.0,1.0,0.76562417,0.76562417,0.59941775,0.60468185,0.7977671,0.006976984698045622,0.00125148450821214,3.624044788173324e-05,-0.0008161532607570365,0.004251964730302269,-0.00048306406421258605,8.762197210099224e-05,-0.0017921150320719529,0.0032640694015300857,0.0,0.0,0.0,-0.0036318087932239247,-0.00030624426270909423,-0.000309615219289555,-0.0005609455215624564,0.004853719581480223
0.6756478,0.9654951,0.8650858,0.9411765,0.96780485,0.8841149,0.88,0.29149747,0.25839642,0.97959185,1.0,1.0,0.25839642,0.25839642,0.4422749,0.31023735,0.49526715,-0.002212745965640327,0.0013589255395716423,-0.0029143725148694155,-0.003390187099029752,-0.003635761700745303,-0.000259926702410599,-0.0007345038302082898,-0.006217382823403441,-0.009642752370661409,0.0,0.0,0.0,-0.006551336129682207,-0.0053267964226414045,-0.0008597829172416398,-0.00033780576878584455,-0.0018825757828228656
0.7672456,0.77695835,0.62614286,0.60158825,0.9411765,0.88,0.75249696,0.5002476,0.48623994,0.97959185,1.0,1.0,0.48623994,0.48623994,0.46656063,0.44023737,0.612767,0.0013313623748894832,6.468964474166845e-05,0.002212966714733759,-0.0008238703412460475,-0.00391408385906382,-0.0003371652484018729,0.0006729286709651603,0.0012277653679122196,0.0011809653506520737,0.0,0.0,0.0,0.00279153418972076,0.001893881332432589,0.0005511634608953048,-0.0003788796147370577,0.00245334505837594
0.8078103,0.77021545,0.859387,0.84363586,0.7977762,0.88,0.88,0.5114976,0.49917397,0.97959185,1.0,1.0,0.49917397,0.49917397,0.6279892,0.49579293,0.556517,0.003980977267060302,0.0005874409195104151,-0.002305153366401966,3.390781787108624e-05,-0.001483674953997694,-0.00041790417256358314,-0.00044053106970092014,0.0018891019922307926,0.0015293355485509889,0.0,0.0,0.0,0.003100902173108947,0.002505171973001411,0.002296610370034119,0.00014271258016357885,0.0005174214349270942
0.49382958,0.7774833,0.8890339,0.9924483,0.9101207,0.88,0.88,0.5989975,0.5787445,0.97959185,1.0,1.0,0.5787445,0.5787445,0.6465606,0.62134856,0.5802671,-0.013398656956934651,0.0008846360781822432,-0.002282634228289315,-0.00020785028181561458,-0.0018984182084948007,-1.2519187867890274e-05,-0.0008089553791503272,0.0038853135470432866,0.004595202685624045,0.0,0.0,0.0,0.004444755258440769,0.0029685539710288746,0.001582979090521729,0.0002438491243022726,0.0016874330620140173
0.90918756,0.96153843,0.18208754,0.17494686,0.17494686,0.88,0.88,0.52399755,0.5056158,0.97959185,1.0,1.0,0.5056158,0.5056158,0.71798915,0.40912616,0.65026706,0.008407100641852678,0.0006425988805680176,0.002696907752350891,0.006033647952214101,0.007256786106996258,-0.0007024568227288873,-0.0002842596833024942,0.0016926064295110948,0.001813264991240003,0.0,0.0,0.0,0.0035531067444947,0.0026321546173797596,0.0006843511473784171,0.000999779393279388,0.0034407621586540994
0.8211023,0.68069124,0.9285939,0.9924483,0.8176788,0.88,0.88,0.4583727,0.4371269,0.97959185,1.0,1.0,0.4371269,0.4371269,0.5294178,0.39579296,0.5140171,0.004473592711146067,0.00018465682220368735,-0.0038361406659746717,-0.002344431132745599,-0.0015176094435586673,-0.0002177709216768315,-0.000590616717981856,0.000915182648768822,-0.00033743102516963495,0.0,0.0,0.0,0.0017578107324258824,0.0012206355066765127,0.0016439232250313614,2.7197866225150207e-05,-0.0005876252259149179
0.90918756,0.96153843,0.26729864,0.25681633,0.25681633,0.88,0.88,0.6146226,0.6048294,0.97959185,1.0,1.0,0.6048294,0.6048294,0.5294178,0.57245964,0.6677671,0.009560542847264908,0.0019014083580694502,0.002450113888736405,0.002871232845373401,0.005654303249469429,-0.0006977833244938029,-0.00014525414452593415,0.0006875064608605646,0.002863398036007912,0.0,0.0,0.0,0.001820604495003873,0.0023552273800607278,0.0009983213652615267,-0.0001473736180067351,0.0030929704646034638
0.90918756,0.96153843,0.35972238,0.34561563,0.34561563,0.88,0.88,0.7771226,0.77563894,0.97959185,1.0,1.0,0.77563894,0.77563894,0.5294178,0.736904,0.74651706,0.008009455873320795,0.0014969124950986335,0.0007441577456415002,-0.0009338758325122212,0.003213240850712475,-0.0003010591167327957,2.7902538881401834e-05,-0.0007092678298511134,0.004472094628776777,0.0,0.0,0.0,-0.0026148860002572776,0.00029291847506482936,0.0006373978436499267,-0.0017343745045268575,0.004450486237810285
0.86724555,0.83164656,0.6468455,0.9411765,0.8594293,0.8199039,0.88,0.6471226,0.6383896,0.97959185,1.0,1.0,0.6383896,0.6383896,0.6308463,0.6413486,0.55776703,0.005486546690225371,0.0007514931941892752,0.0014593657910866049,-0.00040135760277949773,-0.0011786423545483123,0.00034541740399655923,-3.4325559749011906e-05,0.0029656038161694743,0.004542411987742304,0.0,0.0,0.0,0.002797658819647226,0.002445945180372305,0.0013489340870536976,0.00013346370797410263,0.0006034436300597182
0.90918756,0.96153843,0.2659835,0.25555277,0.25555277,0.88,0.88,0.66212285,0.6576204,0.97959185,1.0,1.0,0.6576204,0.6576204,0.5365606,0.7180152,0.64401716,0.007506925034136464,0.0015337659604579544,0.001531850382078589,0.001384472680123283,0.005463012222377991,-0.0003519918632749703,-5.6634549246331013e-05,0.00014347100394397418,0.0038559114782051474,0.0,0.0,0.0,0.0004975862311201099,0.002106638923328462,0.0010920606589333807,-0.002130560245918616,0.0024515752108945545
0.8941739,0.77985036,0.7936007,0.9411765,0.660312,0.6910444,0.88,0.36774755,0.34625182,0.97959185,1.0,1.0,0.34625182,0.34625182,0.46656057,0.5880152,0.29276705,0.008484102795672537,0.0005707836873906208,-0.0015717995289612912,-0.002917523981629999,-9.03863641677142e-05,0.0015003880119590027,-0.0009115591128894232,-0.0013328584479274912,-0.005063366190122151,0.0,0.0,0.0,-0.0015898078766705956,-0.0038325994065728087,-4.959099113220613e-05,0.00010373411253780837,-0.012307965349140528
0.8578103,0.8073464,0.80825335,0.9924483,0.70552254,0.88,0.88,0.43212283,0.4130333,0.97959185,1.0,1.0,0.4130333,0.4130333,0.5765606,0.53468186,0.31401706,0.007504954913128611,0.0007794180407784751,-0.0015898135744911268,-0.0032840542883776592,-0.0002555467836826978,-0.0003664893405869945,-0.0010315449762432196,-0.00012058580853333036,-0.0023812959549573405,0.0,0.0,0.0,0.00047542581600902703,-0.0008154596391269473,0.002079651416854509,0.0002122557745819629,-0.011333643821948045
0.78893983,0.55748886,0.94575363,0.9411765,0.9748012,0.7522566,0.88,0.48837268,0.47646978,0.97959185,1.0,1.0,0.47646978,0.47646978,0.65656054,0.49245963,0.38276708,0.0025734320438801995,-0.0008886293880058713,-0.00596279160416971,-0.0006370404225963838,-0.002754792206652681,0.0006455784662895553,-0.00045496158485615177,0.0013570192478404386,0.0005985723328207633,0.0,0.0,0.0,0.0025514947685912875,0.0021669707293380594,0.0036414506708728404,0.00029969748939540216,-0.006788717412775611
0.90918756,0.96153843,0.1453718,0.13967094,0.13967094,0.88,0.88,0.4814974,0.46759328,0.97959185,1.0,1.0,0.46759328,0.46759328,0.5622749,0.45579296,0.4715171,0.008333971882577456,0.0010263052648920388,0.001391245360144856,0.009680740450684115,0.0057374269672296925,-0.000608440741310792,-0.00034121751046453956,0.0014496437080996857,0.0012427407508237868,0.0,0.0,0.0,0.0032744112289351613,0.0024132862919690546,0.0010718762324251464,0.00041157242620871385,-0.0016224586998575359
0.8214466,0.80349267,0.7605708,0.9748012,0.8590292,0.88,0.88,0.5096227,0.49327424,0.97959185,1.0,1.0,0.49327424,0.49327424,0.5522749,0.39134842,0.7252671,0.004487547558544538,0.0007051788698353898,0.0002105282876012624,-0.0010807837172910138,-0.0018332581688017301,-0.0003387613872351375,-0.00012102380376512741,0.0019217500004463435,0.0017359704734201703,0.0,0.0,0.0,0.0028554236781535704,0.0023195881918423437,0.0014819121170857703,-0.0007603972904723097,0.00604905136026134
0.90918756,0.96153843,0.3023646,0.29050714,0.29050714,0.88,0.88,0.8146225,0.81591374,0.97959185,1.0,1.0,0.81591374,0.81591374,0.64370346,0.74801517,0.6565171,0.007802450345511775,0.0009639259976029753,0.0013432438442636285,-0.0013233988440086895,0.0033360420596618445,-0.0005418989314496892,-0.00015159509270752425,-0.0003887015322525485,0.004454833016180643,0.0,0.0,0.0,-0.0032767606688551515,0.0005298794872990932,2.7875313949546793e-05,-0.001659131343508698,0.002349251549027706
0.6347387,0.62245274,0.70180553,0.89572877,0.9411765,0.88,0.6111749,0.5371225,0.52396977,0.97959185,1.0,1.0,0.52396977,0.52396977,0.40227494,0.5113485,0.6802671,-0.005268166442105432,-6.515154386304619e-05,0.0010092845524720564,-0.0006891341103326112,-0.0023097028148546125,-0.00023062487470963133,0.000519801595670011,0.0021416075567647196,0.0019494479756625386,0.0,0.0,0.0,0.003435792130067438,0.0025155686738256235,0.0002739034347141224,0.00012826632560545843,0.003421400038822627
0.90918756,0.96153843,0.19103616,0.18354455,0.18354455,0.88,0.88,0.60149753,0.59236807,0.97959185,1.0,1.0,0.59236807,0.59236807,0.6208463,0.5113485,0.66151714,0.008945727397599017,0.0015276351966156635,0.00244331710351983,0.0035472055902313316,0.007134105753665731,-0.00047977607177629016,-0.00010324693824413582,0.000897359772299051,0.002848077562146585,0.0,0.0,0.0,0.0020758542097969158,0.0022918351586361375,0.0005833154000689168,0.00022112674700559004,0.0030150132852141496
0.85292053,0.6850019,0.846703,0.9924483,0.9101338,0.88,0.88,0.5314975,0.51406443,0.97959185,1.0,1.0,0.51406443,0.51406443,0.43370348,0.49468178,0.6315171,0.005318914880041275,0.00046819327586522665,-0.0018657747579762676,-0.000791342240854518,-0.0028729139998535263,-0.0003356928308210529,-0.0002471870984115564,0.0017626998124053164,0.0019622198073577617,0.0,0.0,0.0,0.0028757272792285047,0.002468865866215324,-4.4466810158071134e-05,-3.156958064351395e-05,0.0035212533587361734
0.7578103,0.80383086,0.833591,0.9411765,0.7270868,0.7159841,0.88,0.6258726,0.6171289,0.97959185,1.0,1.0,0.6171289,0.6171289,0.6837034,0.5746819,0.555267,0.0022009422280543393,0.0010229040721097503,-0.0008489747491099062,0.00034315362777936036,-0.0010644758421272332,0.0005661305287464753,-0.00011213638170679308,0.0026415632356448777,0.004468602180622661,0.0,0.0,0.0,0.0033678471513620754,0.002751763252455369,0.0016110390903716124,-5.7726218308399166e-05,0.0006030119695487593
0.90918756,0.96153843,0.2335312,0.22437312,0.22437312,0.88,0.88,0.5833727,0.57621187,0.97959185,1.0,1.0,0.57621187,0.57621187,0.2751319,0.69357085,0.6827671,0.007577561667545537,0.002160256641707648,0.0016940927125681,0.004237739897895442,0.006579373546051124,-0.00037652877888901594,0.00018752142807281643,0.001005972979271597,0.003237878332386578,0.0,0.0,0.0,0.002975738639048363,0.0030801014758655033,0.0021854641518940085,-0.002173901375895019,0.0038571085494124367
0.90918756,0.96153843,0.0210888,0.020261787,0.020261787,0.88,0.88,0.27024758,0.24667774,0.97959185,1.0,1.0,0.24667774,0.24667774,0.2494177,0.41134846,0.43901706,0.008653848045713317,0.0010249163710275636,0.008452347674222274,0.01633012280668843,0.012198491882971793,-0.0008051093336076862,-0.0015017101558819732,-0.0010465543069318928,-0.009257275368970176,0.0,0.0,0.0,-0.0038353944247327275,-0.006932482395363295,-0.00422220301229252,0.0009283594551383871,-0.005059996177726814
0.90918756,0.96153843,0.3861576,0.37101415,0.37101415,0.88,0.88,0.8014977,0.79348236,0.97959185,1.0,1.0,0.79348236,0.79348236,0.84798914,0.5491263,0.7565171,0.00955107981258776,0.0005037993450544184,0.001476534239597519,-0.000607306376766851,0.0027695861576461566,-0.0008430396350589592,-0.00015938323185835026,-0.0010031874555567286,0.003491725866079125,0.0,0.0,0.0,-0.004179090375486314,0.0007535109140954617,-0.0016287343503610988,-0.00022305024857327104,0.004497839874957876
0.63893986,0.67752063,0.9285939,0.9101338,0.8473444,0.88,0.88,0.6046226,0.5963326,0.97959185,1.0,1.0,0.5963326,0.5963326,0.6951321,0.49579293,0.49651706,-0.0051807341452462284,2.4121758439579114e-05,-0.0032770322400235623,0.00046118478394232144,-0.0013790286152373912,-0.00017947842734987503,-0.0006121787512473587,0.0029069800854021398,0.0041961695908876015,0.0,0.0,0.0,0.0035687103775629892,0.0024168249853149144,0.0014083634551649458,0.00012192627785049542,-0.0021202324933006227
0.90918756,0.96153843,0.12305273,0.11822713,0.11822713,0.88,0.88,0.5171225,0.5018447,0.97959185,1.0,1.0,0.5018447,0.5018447,0.34513202,0.67245966,0.55276704,0.008863181712967313,0.0023445449339353584,0.002915208632179565,0.007944646282314291,0.006708152463647721,-0.0004565631944444999,-8.765009896634169e-05,0.0015874723413466555,0.0022386294273295778,0.0,0.0,0.0,0.003439232312390369,0.0029670092472778523,0.0010771645719713846,-0.002407845003325386,0.0005451572742007532
0.885083,0.6537348,0.7998454,0.878675,0.8332922,0.88,0.88,0.35087264,0.32970813,0.97959185,1.0,1.0,0.32970813,0.32970813,0.3794177,0.52245957,0.52276707,0.006921577157664367,2.1533144601085875e-05,-0.0014351483064186082,-0.0018334159232259646,-0.0016536976474985554,-0.00033151306851859436,-0.0006152385141888184,-0.003158737003773595,-0.006215867587527826,0.0,0.0,0.0,-0.002999335511121821,-0.0032451620375280187,-0.002293366363676807,0.000186484694445287,-0.0018211701096972693
0.7620114,0.6765232,0.72822094,0.9411765,0.7237751,0.6810241,0.88,0.64837265,0.63768023,0.97959185,1.0,1.0,0.63768023,0.63768023,0.5837034,0.56579304,0.619017,0.0009517891659603022,0.00010221640578594789,0.00023296843310482843,0.0005337511665433041,-0.0008427394746582746,0.0005952326244252132,5.072609848932441e-06,0.0033371234488689984,0.004496990198518725,0.0,0.0,0.0,0.003763487221215724,0.0032873595361505616,0.001355882327324135,0.0002897661603934271,0.0020789922239135773
0.90918756,0.96153843,0.18256657,0.1754071,0.1754071,0.88,0.88,0.5577476,0.5431028,0.97959185,1.0,1.0,0.5431028,0.5431028,0.46370342,0.59468186,0.6615171,0.008704698624138547,0.0014925871832128694,0.002310244778654321,0.004708243668495768,0.0062579107984277035,-0.00044074958784650107,-8.104230561488401e-05,0.0013495422024197195,0.002478132657231587,0.0,0.0,0.0,0.0032402383683729735,0.00273493249576928,0.0013132547667596439,-0.0004259676173151883,0.0037646665108614784
0.64803076,0.8933421,0.9145393,0.9411765,0.8785573,0.8090758,0.88,0.38774765,0.3688331,0.97959185,1.0,1.0,0.3688331,0.3688331,0.5508463,0.42801517,0.451517,-0.004962431002059823,0.0010090728265256396,-0.003263249470080907,-0.00302938361369072,-0.003505539760278425,0.00036332345792012687,-0.0007109693665277139,-0.0029518764614505292,-0.004794120898738199,0.0,0.0,0.0,-0.0019166201534585232,-0.001530802400499185,0.0014128591658362985,0.00012430649371287053,-0.004325218411696656
0.80360913,0.83164656,0.6892627,0.7722952,0.9411765,0.88,0.74491245,0.53524756,0.5258991,0.97959185,1.0,1.0,0.5258991,0.5258991,0.64513206,0.46245956,0.520267,0.00308554178280115,0.0005280792531169031,0.001776762304273697,-0.0004488524486877002,-0.0034224140785310466,-0.0006537590202723768,0.0008449648651920352,0.0023204704348357436,0.0029533478973219644,0.0,0.0,0.0,0.003540177837563468,0.002491982890170628,0.0018818584645773017,1.5200429631351412e-05,-0.0002111928877149305
0.90918756,0.96153843,0.41448,0.39822587,0.39822587,0.88,0.88,0.86649776,0.8722416,0.97959185,1.0,1.0,0.8722416,0.8722416,0.9079892,0.5702374,0.7877671,0.008452717238204215,0.0005526725477673964,0.0013093366358432315,-0.0011498475591070383,0.0025234620599548156,-0.0005849401489599512,-9.508789892974548e-05,-0.0005867524521993308,0.004469196507393479,0.0,0.0,0.0,-0.005300855122226223,0.00010802820014274639,-0.001790444187203761,-0.00017339920496755974,0.004575192522178367
0.90918756,0.96153843,0.20854859,0.20037022,0.20037022,0.88,0.88,0.51837265,0.51087785,0.97959185,1.0,1.0,0.51087785,0.51087785,0.5865606,0.3280152,0.66026706,0.008985790911945277,0.0008943892050233658,0.002404866157703032,0.006040397351264506,0.00727368373233404,-0.0008801044232486611,-0.00013719302112112457,0.0014294534569100415,0.0016711606663530666,0.0,0.0,0.0,0.0028806745106892085,0.002247699806320045,0.0008994116926325301,0.0011981115888991063,0.003403658691923096
0.90918756,0.96153843,0.30445746,0.29251796,0.29251796,0.88,0.88,0.71212256,0.70382446,0.97959185,1.0,1.0,0.70382446,0.70382446,0.71513206,0.5846819,0.627767,0.008660289562003131,0.001266878143845936,0.001544525803732661,0.0003731612580163228,0.004336041328040476,-0.0005471869012228806,-9.926945359540976e-06,0.00012939106856856047,0.0035279308038812197,0.0,0.0,0.0,-0.0004148278518713475,0.0014483850763179174,-0.0003578146551348764,-0.0001839334862210471,0.001702040948915017
0.75712174,0.72983605,0.88179016,0.84721017,0.9411765,0.88,0.7295594,0.7921226,0.7895428,0.97959185,1.0,1.0,0.7895428,0.7895428,0.6594177,0.58912635,0.82901704,0.001005748317854887,0.00027659016583507436,0.0004216762489457238,0.0004973863088719388,-0.002044472854578054,-0.0001840447570601021,0.0006896766396290543,0.0036210784972141997,0.004690022000285471,0.0,0.0,0.0,-0.00042612025092031983,-0.0006525182884852183,0.0002901921022964314,0.0007217299843748165,0.007377603121677083
0.90918756,0.96153843,0.09652815,0.09274273,0.09274273,0.88,0.88,0.41399765,0.3974343,0.97959185,1.0,1.0,0.3974343,0.3974343,0.28798908,0.43690407,0.6002672,0.008191685059795369,0.0007789342205302403,0.003814308452480437,0.011981738932420279,0.009467815669987691,-0.0006779064387383437,-0.0004208481202010785,0.000969454059550598,-0.0009219883737486873,0.0,0.0,0.0,0.002204200309872888,0.0006828409592431111,-0.0010860782896372884,0.000527457798587073,0.0021345713308413535
0.835083,0.801202,0.7250292,0.9411765,0.6979534,0.7132501,0.88,0.54899764,0.53733724,0.97959185,1.0,1.0,0.53733724,0.53733724,0.5579891,0.5524596,0.567767,0.005792898940236599,0.00076700869837725,0.0008609414959590993,-0.001725017432985071,-0.0007562471203784207,0.0007459674709653738,-0.00039016124622079026,0.0031997445256018494,0.0032472830082678644,0.0,0.0,0.0,0.004296230269275884,0.003551227040098353,0.0017705649071823987,4.401052723977114e-05,0.0013887764954385057
0.90918756,0.96153843,0.34370425,0.33022565,0.33022565,0.88,0.88,0.8427477,0.8450953,0.97959185,1.0,1.0,0.8450953,0.8450953,0.4865606,0.8591263,0.82651705,0.007883403281462996,0.0016576526170610686,0.0005166853366948171,-0.0012414513305049723,0.002649974128855388,-0.00036069951766554397,-0.00015196139487766,-0.0014968156857335518,0.005741591462120421,0.0,0.0,0.0,-0.004799948660366548,-0.0006185555707662492,0.0014230333453819155,-0.003298809849140234,0.00642624621390223
0.90918756,0.96153843,0.15553822,0.14943868,0.14943868,0.88,0.88,0.44524765,0.43465546,0.97959185,1.0,1.0,0.43465546,0.43465546,0.4394177,0.5846819,0.38276708,0.00764221558976687,0.0015164873946969068,0.0038407331072074723,0.010344870517094675,0.006546723627288793,-0.000459991924447824,-0.0005105619920827617,0.001989820304624453,5.177914325958689e-06,0.0,0.0,0.0,0.002958554101527949,0.0015376200133249956,0.00106797454886702,-0.0007156866668459966,-0.0055333842838876145
0.8801933,0.81739485,0.8389558,0.8060556,0.9748012,0.88,0.88,0.7046226,0.7004401,0.97959185,1.0,1.0,0.7004401,0.7004401,0.5251321,0.5335707,0.8027671,0.005785422233200127,0.00012876916013796565,0.00014834879576049943,0.00013732286183846246,-0.0029403278268966553,-0.0003743385914110524,-0.00023986638369939667,0.00418770468691896,0.005742970424802466,0.0,0.0,0.0,0.0026070915186697068,0.00244233249993491,0.0013486145894787205,0.00039480418188599797,0.00721277042939654
0.90918756,0.96153843,0.35935536,0.345263,0.345263,0.88,0.88,0.7714976,0.76831734,0.97959185,1.0,1.0,0.76831734,0.76831734,0.6951321,0.5235708,0.8515171,0.007938028922952216,0.0009106962978335363,0.0006996046298674884,-0.00016636955854783662,0.004100778772441801,-0.0004435976854692708,-4.804021908275721e-05,-0.0009122569163975496,0.004379204734514938,0.0,0.0,0.0,-0.002224498642498252,0.0007542475897442416,-0.0007498656360705516,-4.636713633773718e-05,0.006238281324613038
0.7445182,0.77695835,0.74451655,0.76273257,0.9748012,0.88,0.88,0.27524734,0.24925976,0.97959185,1.0,1.0,0.24925976,0.24925976,0.5508463,0.3624596,0.17401707,0.000250061848828167,0.0006826957403003923,-0.0006614625393259033,-8.787598072822013e-05,-0.004048397197600819,-0.0006926531016361293,-0.0012805992996814,-0.005671979874407747,-0.010281887306384503,0.0,0.0,0.0,-0.005414368758444794,-0.006822117112214136,0.0011414712920034859,0.00015684745737521452,-0.017373644375746046
0.7165569,0.6736771,0.86366343,0.9376084,0.81761664,0.88,0.88,0.4177475,0.39621207,0.97959185,1.0,1.0,0.39621207,0.39621207,0.4165606,0.5891263,0.42901707,-0.0011249258195789723,-0.00013063937379142245,-0.0033192743756453756,-0.0023005584561265947,-0.0012081681064698778,-0.00025025773130299536,-0.0009331942380350558,-0.0013561529691253943,-0.004012020850263065,0.0,0.0,0.0,-0.0011694471534978304,-0.0011178824776470154,-0.0014278804051180655,0.000236706769765225,-0.0062226446596896755
0.90918756,0.96153843,0.059684683,0.057344105,0.057344105,0.88,0.88,0.38149762,0.3625417,0.97959185,1.0,1.0,0.3625417,0.3625417,0.34513202,0.57023746,0.46026695,0.007525673913546289,0.001490358369228155,0.006305752061197296,0.013702960982762033,0.008891470629155667,-0.0006661082216878349,-0.000668232044890651,0.0016484365694164932,-0.0023977749928989424,0.0,0.0,0.0,0.0020935981269489226,-0.000306459539880008,-0.00067370566308588,-0.0005687499095475959,-0.002616693005864142
0.7623558,0.65729946,0.8581363,0.8244839,0.9924483,0.88,0.88,0.43462276,0.4196807,0.97959185,1.0,1.0,0.4196807,0.4196807,0.64941776,0.41134846,0.35401714,0.0020840090980807856,0.00033960848219635325,-0.0036513197539990217,-0.00047885279950968154,-0.004291373157913388,-0.0004537932765702815,-0.0009672401746324309,0.0005021618929267882,-0.001366667880671639,0.0,0.0,0.0,0.0016837867813985572,0.0011396119569084865,0.003453270107470581,0.00030717912398202455,-0.007919542538579898
0.90918756,0.96153843,0.22519158,0.21636052,0.21636052,0.88,0.88,0.57024753,0.56126344,0.97959185,1.0,1.0,0.56126344,0.56126344,0.57084626,0.5569041,0.64401716,0.008750985014694828,0.0016486929919744648,0.0019782890623030267,0.0037772743888308214,0.0066005246359168365,-0.0006423180328215907,6.674399561641626e-05,0.0008628610152195344,0.002871379724213135,0.0,0.0,0.0,0.002305802803644258,0.0025397408939774125,0.0005968481377067515,-0.00023091617272495604,0.003091584195836873
0.90918756,0.96153843,0.34912226,0.33543116,0.33543116,0.88,0.88,0.7564976,0.7478109,0.97959185,1.0,1.0,0.7478109,0.7478109,0.52513206,0.44023737,0.9902671,0.008564548454131722,0.001141632188506474,0.00018832231507818448,0.0008543100216532407,0.004003159365131603,-0.0005578059990371813,7.007801069840265e-06,-0.00025947122867282075,0.004035427929081836,0.0,0.0,0.0,-0.0015842463528636384,0.0006152449029575706,0.0007787852453509694,0.0006789419075384253,0.009606907032194828
0.7532648,0.77020884,0.78939563,0.9411765,0.71532035,0.75608623,0.88,0.5933726,0.5878262,0.97959185,1.0,1.0,0.5878262,0.5878262,0.53656054,0.57912636,0.556517,0.0008794115703135952,0.0006934248609716366,-0.00027440026478227944,-0.0019125380246496704,-0.0009217454069001692,0.0003589661714496625,-0.0003359812269745181,0.003103043269821272,0.004757560898032256,0.0,0.0,0.0,0.003890999377219754,0.0031277116467916337,0.001196122051096951,-5.296898793719664e-05,0.0008929661890490606
0.8487194,0.807314,0.8769143,0.88049805,0.78573775,0.88,0.88,0.3596226,0.34237754,0.97959185,1.0,1.0,0.34237754,0.34237754,0.635132,0.36690405,0.34901702,0.007463872333691189,0.0008230810287435214,-0.0038015333940565527,-0.002208552707348536,-0.00158937516161549,-0.0005777120995755128,-0.0009670313298835699,-0.002416118637222462,-0.004836245669919311,0.0,0.0,0.0,-0.0017690081440045835,-0.0025512755893832024,0.004298144375794904,0.00016395455045334966,-0.008818831091717225
0.72530353,0.8223109,0.901817,0.9117176,0.9748012,0.88,0.88,0.50337267,0.4942746,0.97959185,1.0,1.0,0.4942746,0.4942746,0.48941776,0.49579293,0.6002672,-0.0004697144891110949,0.0009678749254213279,-0.0032125972427305013,-0.0003587918483785367,-0.004477078359604085,-0.00024830849796564667,-0.000293851409045331,0.0017846529898282739,0.001398162971300365,0.0,0.0,0.0,0.003083557415675354,0.002738251003786002,0.0010724466493982074,0.00012513029593258832,0.0020793975714585803
0.90918756,0.96153843,0.10090159,0.09694467,0.09694467,0.88,0.88,0.46212268,0.44321227,0.97959185,1.0,1.0,0.44321227,0.44321227,0.47227493,0.36468178,0.5352671,0.0082094031408047,0.001144750863262501,0.0015936977215542344,0.013329386764238631,0.008038690458391316,-0.0008300019690161455,-0.00036747563767036543,0.0017445153523247226,0.0005377680250525061,0.0,0.0,0.0,0.0030852183962460423,0.0017183413066407345,0.0010257453837760504,0.0008366704254285694,6.446749525967799e-05
0.90918756,0.96153843,0.23147894,0.22240134,0.22240134,0.88,0.88,0.60337245,0.5925916,0.97959185,1.0,1.0,0.5925916,0.5925916,0.71513206,0.3402374,0.83776706,0.008035868433163375,0.0005722880445161448,0.0018332457496136223,0.002365446465483015,0.007467215680100587,-0.0007535430507515688,-0.00016542968327297033,0.0009501589401372926,0.0024112233768089028,0.0,0.0,0.0,0.0018480822402551272,0.002143789464844626,-0.00046983096767408845,0.001635020792388144,0.006440444266862224
0.90918756,0.96153843,0.024118977,0.023173135,0.023173135,0.88,0.88,0.33587253,0.30930924,0.97959185,1.0,1.0,0.30930924,0.30930924,0.46370348,0.3624595,0.4352671,0.009367741750918757,0.0006636243394118771,0.005129888388399254,0.01585197851741127,0.01268618834728599,-0.0007377809423950722,-0.0009496205797266317,0.00011186214920759656,-0.003928842970513913,0.0,0.0,0.0,-0.00040343979239913644,-0.002236106562265296,0.0007509131272731988,0.0005008148511746785,-0.0034144521001886045
0.68088186,0.77695835,0.81025714,0.8258932,0.878675,0.88,0.88,0.38399756,0.36377373,0.97959185,1.0,1.0,0.36377373,0.36377373,0.59941775,0.4291262,0.390267,-0.0023983822898632602,0.0007261977960664697,-0.002104181675613612,-0.0007579681125728815,-0.002513426835021435,-0.0003822194303363482,-0.0007994097778101006,-0.002501700067704163,-0.004417373557541754,0.0,0.0,0.0,-0.0016528232754467443,-0.0014259740285601477,0.0023339835885974928,-5.5711087794891605e-05,-0.006810608992307898
0.8263364,0.857281,0.80145633,0.9411765,0.7015733,0.77157223,0.88,0.60212266,0.59618956,0.97959185,1.0,1.0,0.59618956,0.59618956,0.6779891,0.6435707,0.40276706,0.004155337258058954,0.001158008667345531,-0.001322726467896542,-0.0004270165882063493,-0.0008120250799232644,0.0006300680749133259,-0.0005340525379497855,0.0029210987407505516,0.004270116541119201,0.0,0.0,0.0,0.0037768153770470314,0.0032949641719393357,0.0023183911094643494,-0.000253740773400442,-0.004968995188796157
0.90918756,0.96153843,0.32076448,0.3081855,0.3081855,0.88,0.88,0.74774766,0.7494177,0.97959185,1.0,1.0,0.7494177,0.7494177,0.78370345,0.6902374,0.47401702,0.00823457464983304,0.001118787346802701,0.003017094323040625,-0.0010985466294743563,0.0037691466588218752,-0.00047549028487383336,-0.0003551978614240167,0.00011753560452336587,0.004341423282215924,0.0,0.0,0.0,-0.002002566206712102,0.0016352092760605719,-7.655302987964976e-05,-0.0011564047109957124,-0.0010857824535152613
0.90918756,0.96153843,0.21880066,0.21022023,0.21022023,0.88,0.88,0.49712276,0.48656476,0.97959185,1.0,1.0,0.48656476,0.48656476,0.5365606,0.40245968,0.5127671,0.008393753366519666,0.0008343149327731792,0.002189190300170803,0.00810853307729852,0.0055793609074615514,-0.000521378235113636,-0.0003166270435848692,0.0020413834384672225,0.0014372476424869601,0.0,0.0,0.0,0.0036902549940122085,0.002380864781974466,0.0012529474810069963,0.000848922726512271,-0.0010488415958542774
0.7756478,0.77660286,0.8506098,0.9748012,0.8854766,0.88,0.88,0.74212253,0.7427292,0.97959185,1.0,1.0,0.7427292,0.7427292,0.5865606,0.55023736,0.8077671,0.001473133081131811,0.0006965606097500195,0.00019302633821889484,0.00145756581674841,-0.0015574436059226189,-0.0002570422517398836,-0.00012442163966883905,0.003081443519640968,0.003831056992087381,0.0,0.0,0.0,0.0006980390488309032,0.0005589056947940289,0.0005469061419491695,0.0004552484152314736,0.00676192703416143
0.90918756,0.96153843,0.3108969,0.29870486,0.29870486,0.88,0.88,0.7102479,0.7095479,0.97959185,1.0,1.0,0.7095479,0.7095479,0.5994178,0.6246819,0.68276715,0.00870486135844076,0.0015651416381589347,0.0016463234525000146,0.0006651442815041749,0.0037809396281811647,-0.0003640314071906656,-0.00016733599181155837,7.150683639582329e-05,0.0033403439691768065,0.0,0.0,0.0,-0.0006718508590202857,0.0009532219029159638,0.00044428899605853376,-0.0006779459833341681,0.0026402592205042007
0.90918756,0.96153843,0.37970224,0.36481196,0.36481196,0.88,0.88,0.80962265,0.81068456,0.97959185,1.0,1.0,0.81068456,0.81068456,0.89370346,0.7735708,0.4715171,0.00802867719136097,0.00018178464071949397,0.002849266002275366,-0.003415617627933306,0.0012882856607664367,-0.00041379582921880593,-0.000421407448249463,9.327448567704054e-05,0.0030525808838481193,0.0,0.0,0.0,-0.005640410432457714,-0.00015661242958547758,8.71615877661968e-05,-0.0010865165714665879,-0.0007524659101545425
0.7389398,0.62712234,0.7138655,0.9411765,0.73071694,0.88044995,0.88,0.46087253,0.4436923,0.97959185,1.0,1.0,0.4436923,0.4436923,0.36798912,0.45579296,0.62026703,-9.745880923183015e-05,0.0002567827755861156,0.0008838105386658004,-0.00383155725419353,-0.0005677618122875219,-0.00020636443053204383,-0.0004567717750742987,7.400883697348919e-05,-0.00015958760835054042,0.0,0.0,0.0,0.0009920459846819987,0.0009984110209768655,-0.0012887194664361818,0.00010060476698120411,0.0029949028507523447
0.87041366,0.7693435,0.8776108,0.9924483,0.9748012,0.88,0.88,0.66274774,0.656987,0.97959185,1.0,1.0,0.656987,0.656987,0.6908463,0.4824596,0.647767,0.007961212809967822,0.0008827768731791795,-0.0003118556570010877,0.0009115232267278285,-0.0019350605237916227,-0.00017457599958322376,-9.190967066879236e-05,0.0030160574265087796,0.004110453528803183,0.0,0.0,0.0,0.0019782644057040177,0.001271279104274722,0.0006205600571175285,0.00010066883843235244,0.003096656845363455
0.8123557,0.8004034,0.8884837,0.8536412,0.9748012,0.88,0.88,0.74274755,0.73204404,0.97959185,1.0,1.0,0.73204404,0.73204404,0.8137035,0.62245965,0.6265171,0.003187539088418684,0.0005214815869809434,-0.0006933622082044622,0.00042631653524365825,-0.0017671918321434986,-0.000252259224989324,-0.0003324764167466372,0.0031901266387839976,0.004828849750787544,0.0,0.0,0.0,0.0009393681650413468,0.0008957680028998958,0.0001890539717490491,0.0007789426311130575,0.002611002202593382
0.90918756,0.96153843,0.16974336,0.16308676,0.16308676,0.88,0.88,0.37712264,0.3496945,0.97959185,1.0,1.0,0.3496945,0.3496945,0.24084623,0.46245968,0.5977671,0.008019244523353194,0.0006966044033107219,0.005562246408130424,0.011538584230124776,0.008941838922765987,-0.0008079008451582578,-0.0009757147767225957,0.0002886973560910995,-0.0038454497048640256,0.0,0.0,0.0,-4.939501129915709e-05,-0.0025215784188138313,-0.0035962043714727232,0.00036132158716990575,0.0021928979714166603
0.7354273,0.77695835,0.7446905,0.8255458,0.9429901,0.88,0.88,0.48837245,0.47040132,0.97959185,1.0,1.0,0.47040132,0.47040132,0.6237034,0.5146818,0.42901707,-0.0008231496958511175,0.0004527951053501987,-0.00032454124956081165,0.0003502595261346488,-0.002470301554942662,-0.00041480099414489146,-0.0005719488304537001,0.0014470450184043348,0.00098267163133223,0.0,0.0,0.0,0.002583717813915591,0.0023205711431437803,0.002644449079471629,0.0003551364611638297,-0.004588163249916281
0.90918756,0.96153843,0.18671148,0.17938945,0.17938945,0.88,0.88,0.4358728,0.41715437,0.97959185,1.0,1.0,0.41715437,0.41715437,0.6465606,0.4580151,0.3677671,0.010883067589684771,0.0013343882026391753,0.004033127592875587,0.01056165703375111,0.0044183057711538985,-0.0005809800733605854,-0.000906593721423423,0.0016156174921142848,0.00016671507672573493,0.0,0.0,0.0,0.0028260417127470637,0.0013429152117796456,0.0020120076319613783,0.0004832752579538097,-0.0055043703505963494
0.89837515,0.92629707,0.9284879,0.9924483,0.9376084,0.88,0.88,0.49212265,0.4765041,0.97959185,1.0,1.0,0.4765041,0.4765041,0.70370346,0.40245956,0.5127671,0.0070526382795430866,0.0007056377241928571,-0.004024758562197096,-0.00018188150379595493,-0.004171758986415907,-0.0006242687761295102,-0.0001608353381782158,0.000978551354168271,0.0007221513645316705,0.0,0.0,0.0,0.002359080988822402,0.0018474245067497186,0.003300255903062628,-0.0003622281695488257,-0.001937516173368299
0.7396285,0.73431915,0.7936247,0.7625022,0.9748012,0.88,0.88,0.5483726,0.5395759,0.97959185,1.0,1.0,0.5395759,0.5395759,0.6065606,0.47690403,0.6065171,0.0015560883839743495,0.0007388865160783399,-0.0007651529000737564,0.0006838393772641784,-0.003229052931501479,-0.00035660901221807066,-0.0005915968420418284,0.003036102816368951,0.00394970865624914,0.0,0.0,0.0,0.00399835703042656,0.002752253906316835,0.0018151695346963752,-2.1306986350750668e-05,0.0031093632031570025
0.89451826,0.84251547,0.67264634,0.9748012,0.6902386,0.88,0.88,0.61962247,0.61186713,0.97959185,1.0,1.0,0.61186713,0.61186713,0.515132,0.6746819,0.56526697,0.006989472175303807,0.0008095427750059483,0.0014391550117824165,-0.001228633776906681,-0.0005468325278043535,-0.00015774551604161486,-5.147155502054381e-05,0.003168057590255235,0.005239839355336791,0.0,0.0,0.0,0.0039015059167877724,0.0032283409961576717,0.0015172396801299616,-0.0002973044278002033,0.0017721898525600427
0.90918756,0.96153843,0.3993619,0.38370064,0.38370064,0.88,0.88,0.8502476,0.84065473,0.97959185,1.0,1.0,0.84065473,0.84065473,0.6937035,0.6524596,0.98651713,0.007751573274188489,0.0010570245651679699,0.00041522078938133097,-0.0018713180188551595,0.002554392815263873,-0.0004987128009626952,-0.00014980028770124185,-0.001315399857988086,0.004828623271487187,0.0,0.0,0.0,-0.004563367733180528,-0.0013753464520796883,-0.0011739428925738266,-0.0009896032584123032,0.009163806280665869
0.90918756,0.96153843,0.2777918,0.266898,0.266898,0.88,0.88,0.7014977,0.69929105,0.97959185,1.0,1.0,0.69929105,0.69929105,0.75084627,0.60134864,0.556517,0.007538465160580174,0.0009682245967481407,0.0025586775422490014,-0.00040730721179176407,0.004738465688716954,-0.0006862746216537679,-0.0001605247605371183,-0.0005690456370717915,0.0029663334872754993,0.0,0.0,0.0,-0.0010958292245760544,0.0013156022097923574,-0.0006284199615613796,-0.0006118309133378156,0.000248185807302741
0.7532649,0.708426,0.7755766,0.74516183,0.9376084,0.88,0.88,0.5202476,0.5051626,0.97959185,1.0,1.0,0.5051626,0.5051626,0.46084636,0.49579293,0.59526706,0.0009761204277741359,0.00032792095533310065,-0.0001616169118451221,6.82034959511642e-05,-0.003533138936742052,-0.0003372573611591405,-0.0005101815257958312,0.002181026730445275,0.002443292820850754,0.0,0.0,0.0,0.0033411329723501432,0.0027879486770612245,0.0010414983692215492,0.00022845085787595893,0.0024012599715470487
0.8211023,0.87239105,0.82648605,0.9411765,0.81572896,0.94859445,0.88,0.5552478,0.5464548,0.97959185,1.0,1.0,0.5464548,0.5464548,0.5365606,0.5891263,0.51276696,0.003544636221487002,0.0006315456208631596,-0.0017967510573327938,-0.0008638821571837898,-0.0016751001775575922,-0.001136323057666735,-0.00039348291891679315,0.0027768334233103866,0.004257690128372702,0.0,0.0,0.0,0.004149937354127847,0.003481198585103881,0.0017522790442043939,-0.00017741493064779866,-0.0008675869139990261
0.6892841,0.7293675,0.80995077,0.9376084,0.9429901,0.88,0.88,0.6146226,0.6029614,0.97959185,1.0,1.0,0.6029614,0.6029614,0.57370347,0.56134856,0.484017,-0.0020200739863232542,0.0005386263351392522,-0.0006529540963894278,0.0003124052675540543,-0.001717686856556587,-2.951100866240999e-05,-0.0005617197736211923,0.002880002331264625,0.004325634280450706,0.0,0.0,0.0,0.0034260759892861896,0.0020519823654455236,0.0010899151992738976,0.00015550978985814326,-0.002579282348522538
0.90918756,0.96153843,0.114948004,0.11044024,0.11044024,0.88,0.88,0.34712267,0.32951155,0.97959185,1.0,1.0,0.32951155,0.32951155,0.34513202,0.46468183,0.5177671,0.009259535090035506,0.0009342649572406242,0.006881197165620801,0.012613535693121576,0.010261805244996139,-0.0004943880970699446,-0.0006830218488404615,5.399761051251843e-05,-0.004734076453467016,0.0,0.0,0.0,5.681128556232456e-05,-0.0025231796433632016,-0.0013491195643415006,0.00042377824895981184,-0.0008922254804762422
0.8627,0.80040306,0.88146186,0.84689474,0.8054617,0.88,0.88,0.5746225,0.56308985,0.97959185,1.0,1.0,0.56308985,0.56308985,0.7065606,0.4635707,0.545267,0.008834299761903688,0.0007197183955783698,-0.0015943579538206449,3.684099791010738e-05,-0.0009731277901445061,-0.00031363529457849147,-0.0003483885016919739,0.002875071164071783,0.003818732279628122,0.0,0.0,0.0,0.0034804533966500016,0.0024891159941264444,0.0023790110890332065,-7.901986859294398e-06,0.00015188134456400103
0.84451824,0.87239105,0.71810627,0.9924483,0.79336995,0.88,0.88,0.66649747,0.6574485,0.97959185,1.0,1.0,0.6574485,0.6574485,0.5508464,0.4502374,0.8140171,0.005165574834098737,0.0006075609550378541,0.0011851425650897171,-0.0003505914270319502,-0.0012663174943037796,-0.0002430473021381746,0.0003548919060873495,0.0035918078986078906,0.004005363388743011,0.0,0.0,0.0,0.0023529480317312124,0.0019508351715016988,0.0010065305277406381,0.00010125108917270684,0.007120856980809392
0.657466,0.67311126,0.8178086,0.8332922,0.9748012,0.88,0.88,0.43899763,0.4268735,0.97959185,1.0,1.0,0.4268735,0.4268735,0.4165606,0.38468182,0.6577671,-0.0030889163337456675,0.00032830668689579393,-0.001615990693984034,9.85905266291439e-05,-0.003940283357165053,-0.00017795759386413784,-0.0003876980862340877,0.0005425134811982186,-0.00016177534524473993,0.0,0.0,0.0,0.0019387201339183182,0.0018098445597242978,-5.5446507184894917e-05,-0.0004013225720266763,0.005346888423621759
0.90918756,0.96153843,0.09438349,0.09068218,0.09068218,0.88,0.88,0.40399754,0.3865542,0.97959185,1.0,1.0,0.3865542,0.3865542,0.5808463,0.39579296,0.33901703,0.009036183424789273,0.001067382211440346,0.002883174629823119,0.011199045139275537,0.005914894388642411,-0.00041724370579128314,-0.0008866336442164246,0.001476395355808202,-0.0011827735224249766,0.0,0.0,0.0,0.0027799268005247357,0.0008015627254020218,0.0013223067411345171,0.0009898636194192905,-0.006657047262373868
0.8854273,0.84251547,0.78015435,0.74956006,0.9411765,0.88,0.7562161,0.65274763,0.6507381,0.97959185,1.0,1.0,0.6507381,0.6507381,0.5622749,0.61468184,0.6265171,0.006099876594693775,6.636926976700249e-05,0.0007545435267251064,-0.00010652617378134724,-0.002916899122409038,-0.00018546641345180523,0.0006003322138366708,0.002365690417708957,0.0037861047523568988,0.0,0.0,0.0,0.0019246754992239853,0.001658088038730822,0.00111814974846817,0.0005323007840488975,0.0021824022200714267
0.8032648,0.6765223,0.85060906,0.81725186,0.79978746,0.88,0.88,0.56524754,0.556745,0.97959185,1.0,1.0,0.556745,0.556745,0.60656065,0.53912616,0.5702671,0.0034691894325759053,3.7838079601290646e-05,-0.0013425306407884416,-0.00021531512508405612,-0.0012101852242318478,-0.0001774330574366392,-0.00041654543858657357,0.003013975177304279,0.004366000054502682,0.0,0.0,0.0,0.0038645386115873127,0.002916098670782658,0.001775842204210708,0.00012732051042940186,0.002027146315157031
0.90918756,0.96153843,0.2658159,0.25539178,0.25539178,0.88,0.88,0.68837273,0.6831971,0.97959185,1.0,1.0,0.6831971,0.6831971,0.5365606,0.6780152,0.76276714,0.008357830825788858,0.0016709125702824767,0.0015033190165706645,0.0017008120309364438,0.005895167520724522,-0.000477999029132899,-0.00021521844469358966,7.139779249414852e-05,0.004252123479493089,0.0,0.0,0.0,0.0001517993294973138,0.0023134587583816244,0.0010873466698910871,-0.0017264813075052346,0.005233594930393095
0.74417394,0.77021545,0.72819364,0.9411765,0.82959336,0.74491245,0.88,0.5639976,0.55463547,0.97959185,1.0,1.0,0.55463547,0.55463547,0.5837035,0.4891262,0.64401716,0.0007695622145553482,0.0006252994298696368,0.0009813401775614556,-0.0006528811746892501,-0.001146041120410573,0.0005334030835618151,-0.00023983230711646953,0.003363163508187404,0.0037591726610566823,0.0,0.0,0.0,0.00418913382588369,0.0031956144935952535,0.0017542271671751844,0.00036854088684897565,0.0037044393021128668
0.8211023,0.6992753,0.6447856,0.9411765,0.9924483,0.60724634,0.88,0.6846225,0.67478603,0.97959185,1.0,1.0,0.67478603,0.67478603,0.60084635,0.44579294,0.8965171,0.004438052618371401,0.0005111382094923896,0.0017638254602842648,0.0008590685060554031,-0.002191112765588181,0.001251939979888504,-1.690480196467557e-05,0.0037659468094067574,0.0043341252381003965,0.0,0.0,0.0,0.0023520086080087302,0.0021514225834011,0.0010894361578391045,0.0003839403751814112,0.008798855832351456
0.79417396,0.71546876,0.73428154,0.9748012,0.8076325,0.88,0.88,0.5158727,0.50078017,0.97959185,1.0,1.0,0.50078017,0.50078017,0.34513202,0.60134864,0.6827671,0.003604844575558494,0.0004962267075021667,0.0006541296621070323,-0.001989641767189398,-0.0014248880082936297,-0.00019441637444844552,-3.936918120291778e-05,0.002379740128856325,0.0022299771507460248,0.0,0.0,0.0,0.0037508170631439046,0.003303726194483429,-0.0007951752643767172,0.00014156096491142666,0.005983052918655982
0.90918756,0.96153843,0.28050548,0.26950526,0.26950526,0.88,0.88,0.7346226,0.722687,0.97959185,1.0,1.0,0.722687,0.722687,0.8108463,0.49468178,0.7565171,0.008032006826920044,0.0009166039005943058,0.0014795737098878428,-0.0008274901624367898,0.00567332071215465,-0.0006414004100171183,-0.00010976010281826937,-0.0003712463482190173,0.003433975653055358,0.0,0.0,0.0,-0.0012699037968473817,0.0013636015106569671,-0.0014304440059845233,0.0004876437503446331,0.00422014743628733
0.79871935,0.7774833,0.8731948,0.8389519,0.8311347,0.88,0.88,0.43087268,0.41576487,0.97959185,1.0,1.0,0.41576487,0.41576487,0.73656064,0.38468182,0.43276703,0.004310615900073366,0.0006814939426062097,-0.0026542504946465415,-0.0003283653919238238,-0.001356863876625313,-0.0005189536771106624,-0.0009174264628978252,0.00022734035955444953,-0.0010911490698220492,0.0,0.0,0.0,0.0013962365380678317,0.0009587231280253428,0.0049583141801244545,-2.472781810884417e-05,-0.004670797866360023
0.90918756,0.96153843,0.11957154,0.114882454,0.114882454,0.88,0.88,0.47649765,0.45510858,0.97959185,1.0,1.0,0.45510858,0.45510858,0.4094177,0.48690403,0.59526706,0.007980609043154428,0.001203983666587972,0.002655285124068719,0.009907337173974894,0.006569583974705889,-0.0005003266681796025,-0.00025764726665555566,0.0023027382049076793,0.0013041206776866847,0.0,0.0,0.0,0.0036956668395886827,0.0025272114388599485,0.0011602749469292676,0.0004536388637113274,0.002332862788868244
0.90918756,0.96153843,0.27933028,0.26837614,0.26837614,0.88,0.88,0.57587266,0.5602845,0.97959185,1.0,1.0,0.5602845,0.5602845,0.5794178,0.3946818,0.68526703,0.007198390353226506,0.0005590876659494829,0.002505260115597707,0.003303831668347184,0.0066227215398767915,-0.0005073402409459863,1.043690552759234e-05,0.001337445246654258,0.0022881654462378353,0.0,0.0,0.0,0.002789562999904113,0.0024378953709036765,0.000808100979462425,0.0008968793630691287,0.0033557777974744098
0.8081546,0.8149628,0.758277,0.9411765,0.7212483,0.7275613,0.88,0.47212255,0.4580123,0.97959185,1.0,1.0,0.4580123,0.4580123,0.34513202,0.40245956,0.63026714,0.004115645819555872,0.0008542048383739882,0.0004069835375480241,-0.002761817601984847,-0.0008375512625310762,0.0006802272896612924,-0.0004324479085977053,0.0007855596447773567,0.00031901034950453946,0.0,0.0,0.0,0.0019990361635995927,0.0012989874432526869,-0.0013049095342391457,0.0002099226757256794,0.003245852221696358
0.8078103,0.77021545,0.7179331,0.9748012,0.6823191,0.88,0.88,0.6146226,0.60675,0.97959185,1.0,1.0,0.60675,0.60675,0.60084635,0.5880152,0.577767,0.004074000770480702,0.0008927583886114697,0.0009327467778973048,-0.0006385302756342181,-0.00081031347776663,-7.027432802224702e-05,7.14197012395693e-05,0.00304269122095861,0.004019500279977672,0.0,0.0,0.0,0.0035015920310137883,0.0025937128208827777,0.0013512731849635701,0.0001660220120127165,0.0014234579465097598
0.7263364,0.8149628,0.7622693,0.9486862,0.72697425,0.88,0.88,0.42399752,0.4021375,0.97959185,1.0,1.0,0.4021375,0.4021375,0.54370344,0.40134844,0.6115171,0.001660636410645457,0.0005585343097539182,0.0003879390606887704,-0.002395415223663461,-0.0006153243590955069,-0.0003168983692645391,-0.0006069861824567074,-0.0007981843232673206,-0.0014857288153418133,0.0,0.0,0.0,0.00020427184629213862,0.00022014651578742745,0.0017147967100996208,-0.0002602199835840002,0.0031463768839851813
0.8889398,0.79797775,0.9566822,0.91916525,0.9429901,0.88,0.88,0.72587264,0.7192549,0.97959185,1.0,1.0,0.7192549,0.7192549,0.7265606,0.6869041,0.57901704,0.006810953787116733,0.0008922580118529832,-0.0015154218083566601,0.002016143427214292,-0.0006508699575701668,-0.0001272737081574952,-0.0002389775705477633,0.0029676191564595744,0.004825387114167756,0.0,0.0,0.0,0.0006445731418902151,0.0006405605957046197,0.00019908964358044282,0.0008134781055897382,0.0012620605481644786
0.90918756,0.96153843,0.27178583,0.26112756,0.26112756,0.88,0.88,0.68899775,0.68412954,0.97959185,1.0,1.0,0.68412954,0.68412954,0.59941775,0.6691263,0.6140171,0.009375366102493465,0.001755018142849931,0.0020238812732401314,0.0007197349663035362,0.005538669857026057,-0.0008114880748102212,-0.0001611780593708318,0.00020026044121962058,0.003955863538686716,0.0,0.0,0.0,0.0001734877157383693,0.0020661612554366744,0.0005482919065113338,-0.00160659282300716,0.001574125156708529
0.90918756,0.96153843,0.09704909,0.09324324,0.09324324,0.88,0.88,0.35962248,0.33739492,0.97959185,1.0,1.0,0.33739492,0.33739492,0.6908463,0.346904,0.31401694,0.010687480809130208,0.0005087770844157964,0.005582897902467688,0.012855758345211958,0.007049500027409873,-0.0005818101507580059,-0.0007112986153687462,0.00034973938073773844,-0.0023321141785522864,0.0,0.0,0.0,0.0006593861809033177,-0.0012720051597922364,0.003051754513767097,0.0006832367400501619,-0.007781350843270628
0.7620114,0.73799175,0.9322891,0.9429901,0.8785573,0.88,0.88,0.4008727,0.383568,0.97959185,1.0,1.0,0.383568,0.383568,0.5594178,0.4346819,0.40276706,0.002719097511896333,0.00046546774529935273,-0.004682046773930961,-0.001920719163203662,-0.0018316421777305864,-0.0002159466897919153,-0.0010270917295509881,-0.001981708944791147,-0.003927890022518376,0.0,0.0,0.0,-0.0012232854951663209,-0.0013936820229515606,0.0021038101761257323,0.00011113660618688067,-0.007004317588826877
0.90918756,0.96153843,0.18218546,0.17504093,0.17504093,0.88,0.88,0.47774756,0.46142003,0.97959185,1.0,1.0,0.46142003,0.46142003,0.5279892,0.6046819,0.451517,0.008751683676606682,0.0016568870526774714,0.0034585366360058516,0.008922678811794585,0.004988588908253221,-0.0006371719484233009,-0.0005222623166507972,0.0020378277140431435,0.0007671731953728285,0.0,0.0,0.0,0.00334014025625459,0.00210330351008988,0.0016245904721446892,-0.0007673348305012783,-0.0026495423778734083
0.785083,0.71546876,0.8311315,0.79853815,0.9748012,0.88,0.88,0.60712266,0.6031156,0.97959185,1.0,1.0,0.6031156,0.6031156,0.72798914,0.46912628,0.5865171,0.0036655784640849225,0.0005896049024134885,-0.0011794317541689624,0.0003848451896915538,-0.0017154223139739236,-0.0003931358078573564,-0.0008196619235578817,0.0029994417983450106,0.004641041713414204,0.0,0.0,0.0,0.0031313906858803277,0.0019422544779790487,0.0016473684359394633,-0.00024802766376146794,0.001382189762065125
0.8714466,0.8336434,0.7589386,0.941397,0.96780485,0.88,0.88,0.61712253,0.6059629,0.97959185,1.0,1.0,0.6059629,0.6059629,0.57941777,0.56579304,0.64401716,0.006070713446247886,0.00017790745339303548,0.0007494678933624987,0.00013830562249627954,-0.0025538573332535095,-0.00048212968691399794,-0.000291445887748765,0.0037238380994469677,0.0049683709835300375,0.0,0.0,0.0,0.0038263945385891745,0.0031522087523483443,0.0018237801433320755,0.00048468035456248585,0.003598811108491337
0.6669012,0.74951065,0.8074542,0.9411765,0.721184,0.75608623,0.88,0.53399754,0.5196795,0.97959185,1.0,1.0,0.5196795,0.5196795,0.53798914,0.49468178,0.58901715,-0.0023317880725908786,0.0009630870714143083,-0.001021740217407876,-0.001612010081047159,-0.00035725181663168756,0.0003091595437272657,-0.00040204476948236666,0.00336661037899577,0.0025059267001087925,0.0,0.0,0.0,0.0039816210132909945,0.002730969529152117,0.0012548150391304654,0.00043028329754054624,0.002249130175850293
0.37110236,0.6262913,0.6953074,0.9411765,0.9376084,0.5313429,0.88,0.3389976,0.31335858,0.97959185,1.0,1.0,0.31335858,0.31335858,0.34513202,0.3813484,0.50151706,-0.023031621975692654,-0.0002379055186085375,0.0007470461902615561,-0.004125472275704203,-0.002409718963691558,0.001183602816758662,-0.000877661854254603,-0.0054175713752742825,-0.00663789768220888,0.0,0.0,0.0,-0.004450273519993393,-0.003463454550712677,-0.002748658289074014,-0.0001968728673097251,-0.0018078861397424532
0.90918756,0.96153843,0.39102224,0.37568802,0.37568802,0.88,0.88,0.81462264,0.8081959,0.97959185,1.0,1.0,0.8081959,0.8081959,0.8579892,0.43245962,0.9465171,0.008080449645553725,0.0007812612313216586,0.0011635401317627667,1.1655247201862554e-05,0.0033258673850273244,-0.0006552388855582689,-0.00015676197492774425,-0.0005339923811051506,0.004397762651887325,0.0,0.0,0.0,-0.0031622393033138964,0.0007987967274958982,-0.0019407123481047677,0.0007840988994845846,0.008023302964945635
0.90918756,0.96153843,0.23727939,0.22797431,0.22797431,0.88,0.88,0.55524755,0.54342353,0.97959185,1.0,1.0,0.54342353,0.54342353,0.6308463,0.6046818,0.46776712,0.008440677851717416,0.0015480232094976611,0.0029075398722502627,0.0047325309137233925,0.005894345808951531,-0.0006538471774409098,-0.00018664659484317645,0.0013835465913414986,0.0026263625134196333,0.0,0.0,0.0,0.0031602491197172326,0.0028174032306487505,0.0010680059339019277,-0.0006214489572308355,-0.0013784952045321492
0.90918756,0.96153843,0.31601608,0.3036233,0.3036233,0.88,0.88,0.6539974,0.6418791,0.97959185,1.0,1.0,0.6418791,0.6418791,0.7708463,0.5591263,0.5090171,0.008311855270169673,0.0008113898451569601,0.002786315712342169,0.0009675773634131778,0.0035983329774564267,-0.0006633260649596977,-9.37805986911587e-05,0.0005166074032483309,0.0032285681860977477,0.0,0.0,0.0,0.0012381233436299962,0.0025195147215565706,-5.660749440107922e-05,1.1902720737067972e-05,-0.00040336099903713146
0.90918756,0.96153843,0.2501407,0.24033126,0.24033126,0.88,0.88,0.53524756,0.5173951,0.97959185,1.0,1.0,0.5173951,0.5173951,0.635132,0.48023742,0.62151706,0.00863638928944395,0.0009271379084728905,0.0032275362645804184,0.005473499968531038,0.005823974760855567,-0.0007234716392110747,-0.0002070818930259936,0.0015346326887157801,0.002318771695906061,0.0,0.0,0.0,0.003203035471096608,0.0026446852577189446,0.0010239666747210992,0.0002576353672233074,0.0026283579445353445
0.90918756,0.96153843,0.080501206,0.0773443,0.0773443,0.88,0.88,0.31962252,0.29450977,0.97959185,1.0,1.0,0.29450977,0.29450977,0.40798908,0.5569041,0.34651697,0.008008477393943796,0.0010938452750838081,0.007564550650114851,0.012617032668504547,0.009618465196351851,-0.0005366627846279751,-0.0011013230321428767,0.00022344566410754948,-0.006791778127641436,0.0,0.0,0.0,-0.0012007319346445174,-0.004046005739570829,-0.0009194909455880586,-0.0005864192200424242,-0.008229463289144678
0.90918756,0.96153843,0.4041597,0.38831028,0.38831028,0.88,0.88,0.7389977,0.7329006,0.97959185,1.0,1.0,0.7329006,0.7329006,0.6537034,0.7646819,0.5502671,0.00821277165946961,0.0011607826560060105,0.001705142987097335,-0.0014747360813668153,0.0024114598437515056,-0.00048167366143396956,-0.0002733064909131234,-0.0004746120113721087,0.003693331492229587,0.0,0.0,0.0,-0.00233808237755808,0.00019567961222569333,-0.0003460259919663325,-0.001904387343364545,7.679651251165126e-05
0.77075803,0.8223109,0.9212064,0.9411765,0.9748012,0.94859445,0.88,0.62087274,0.6145565,0.97959185,1.0,1.0,0.6145565,0.6145565,0.6937035,0.5724596,0.52776706,0.0013017557548074842,0.0008126977307217717,-0.002000921903194644,0.0006416956551895913,-0.002094436804398244,-0.0007621941631861917,-0.00014614201442918168,0.0032379116955698517,0.005316730033542201,0.0,0.0,0.0,0.00367362859209862,0.0021978427591255855,0.001156351667537838,0.0004281541317120049,-0.0006074749217399994
0.90918756,0.96153843,0.08190354,0.07869164,0.07869164,0.88,0.88,0.31837273,0.29672056,0.97959185,1.0,1.0,0.29672056,0.29672056,0.5522749,0.44023737,0.17401707,0.009182934204880956,0.0008636399406908039,0.007873750283169015,0.01169368785346367,0.00946830410274446,-0.0005564614734337081,-0.0014241385733423076,0.00038890804995943886,-0.006346989816513897,0.0,0.0,0.0,-0.0012095268120883333,-0.0035939259243961586,0.0016734722485376174,0.0010650733789503686,-0.01616165016664022
0.90918756,0.96153843,0.25493467,0.24493723,0.24493723,0.88,0.88,0.7083726,0.6922778,0.97959185,1.0,1.0,0.6922778,0.6922778,0.91513205,0.68134856,0.47901702,0.00897843321925397,0.0005908777199407913,0.0031235931385193917,-0.0016412172364981686,0.003595627339440996,-0.0003767961111625062,-0.0002620224792439219,0.0004866964119804661,0.0030940841542151654,0.0,0.0,0.0,-0.0014164001897005072,0.0011136870538490102,-0.000807351905138739,-0.0008799221251853614,-0.0010156422424029716
0.85815465,0.8387082,0.5958241,0.9411765,0.60537267,0.7522566,0.88,0.4683727,0.4512609,0.97959185,1.0,1.0,0.4512609,0.4512609,0.57370347,0.30134848,0.64401716,0.00829363237059665,0.0007939615606082185,0.002782051441013398,-0.0031798739296081692,-0.0002128319034771854,0.0007876388248391823,-0.00012317536458763008,0.0014272841931790691,0.0006040825299179374,0.0,0.0,0.0,0.0024247399803852816,0.0009789589058286203,0.002084040225033987,-0.0005306740460816828,0.0028705128524223068
0.90918756,0.96153843,0.16043498,0.15414341,0.15414341,0.88,0.88,0.5752475,0.559676,0.97959185,1.0,1.0,0.559676,0.559676,0.59941775,0.46245968,0.57776713,0.008428892446685937,0.0013429572322919308,0.002260591442565021,0.004771654868738895,0.007416632160759011,-0.0006556570382852861,-0.00010760352654327843,0.0010908150495416765,0.0023768791847137098,0.0,0.0,0.0,0.0024652032372764533,0.002455612867138883,0.0008245768511220672,0.0005584863508467072,0.0010177877644400055
0.64837503,0.75960135,0.7547331,0.9411765,0.88049805,0.6555148,0.88,0.5933726,0.5883424,0.97959185,1.0,1.0,0.5883424,0.5883424,0.5294178,0.5113485,0.6327671,-0.003807088627505216,0.0008871804912928578,0.0007658628443314427,-0.0001490824183847079,-0.0015003816085205348,0.0007008122795564416,-0.000213415037765671,0.003446204900991011,0.004528625274219987,0.0,0.0,0.0,0.004158745560110466,0.0029495855096985306,0.0013436292047904008,0.0003186157152248637,0.003951277447120812
0.8581546,0.83164656,0.7791741,0.7960338,0.8664516,0.88,0.88,0.45524764,0.4440069,0.97959185,1.0,1.0,0.4440069,0.4440069,0.5594177,0.5680152,0.36151707,0.004931138512569046,0.0005030054030162955,-0.0018744486139914045,-0.00045501415264831093,-0.0025042548359175544,-0.0005241628887947688,-0.0009001850389289438,0.0005678354848598812,-0.0005711489775419348,0.0,0.0,0.0,0.0017419654367351513,0.001023185520517411,0.0018835833463382746,-0.00016813502103750467,-0.007640972334243182
0.90918756,0.96153843,0.36582917,0.35148293,0.35148293,0.88,0.88,0.65712273,0.64460784,0.97959185,1.0,1.0,0.64460784,0.64460784,0.77370346,0.5457929,0.62151706,0.007478994153547989,0.0006354509478950538,0.002135325189543996,0.00014453913562132884,0.0032500574004838433,-0.0007203211507939714,-0.00023009931283673326,0.00011824349434107246,0.0024350963087594398,0.0,0.0,0.0,0.00022284370087698443,0.0017691534555461953,-0.000801733795110312,9.23046540373568e-05,0.0017185445950087847
0.54314107,0.62278557,0.9145393,0.9411765,0.9748012,0.8199039,0.88,0.47399747,0.46348324,0.97959185,1.0,1.0,0.46348324,0.46348324,0.46656063,0.58801526,0.39651716,-0.009724115549865716,-0.00018763573528493904,-0.0029530376932911605,-0.0010321103782294527,-0.0023284831767040504,0.000252716982593029,-0.0008941845407922333,0.00014749052453487017,-0.0012440046479823812,0.0,0.0,0.0,0.0013566613306014363,0.0015291699741982099,0.00037234021123057077,0.0004049067638701407,-0.007164844705488354
0.90918756,0.96153843,0.17594226,0.16904256,0.16904256,0.88,0.88,0.5321226,0.5157546,0.97959185,1.0,1.0,0.5157546,0.5157546,0.7479892,0.5046818,0.482767,0.008816440145095063,0.001059011581465391,0.002240496412492413,0.005368626122055987,0.005472097151498441,-0.0005269839816035696,-0.0003566085363242802,0.0013813929566030853,0.0015321540717477447,0.0,0.0,0.0,0.0030880081571927,0.0022751365259291913,0.0003463001340091923,0.0003441679507589838,-0.0013448225063535948
0.5662126,0.5801662,0.8403784,0.941397,0.9748012,0.88,0.88,0.45587254,0.43956402,0.97959185,1.0,1.0,0.43956402,0.43956402,0.5765606,0.30357063,0.6927671,-0.008291591343446453,-9.216990315779914e-05,-0.0016109612254679834,-0.0012884797611940485,-0.0019559012992191385,-0.00017026526932033145,-0.0008179651977956573,-0.00015977533243077957,-0.0005265747847233862,0.0,0.0,0.0,0.001320884832943679,0.0013096067244957302,0.0016589985603335667,-0.0014447581224517304,0.005970173737995268
0.90918756,0.96153843,0.14479533,0.13911708,0.13911708,0.88,0.88,0.5252477,0.5051405,0.97959185,1.0,1.0,0.5051405,0.5051405,0.64513206,0.41912618,0.6127671,0.009179616420859876,0.001159190947355519,0.0024193480851202234,0.00633838073326715,0.007618555815681343,-0.0006738363501396242,-0.0001278376288022719,0.0016873023860846858,0.001918694947676205,0.0,0.0,0.0,0.003653402887683589,0.002747762266299544,0.0011516261089976288,0.0008934779391405501,0.0022543221517589028
0.90918756,0.96153843,0.38819256,0.37296933,0.37296933,0.88,0.88,0.8177476,0.8100618,0.97959185,1.0,1.0,0.8100618,0.8100618,0.7551321,0.6691263,0.7552671,0.007405448654806805,0.000899927469476261,0.001241240235924655,-0.0011421428702943822,0.0020786499406052826,-0.0006151157893931922,-0.00010583841551030074,-0.0016174278340318955,0.004146047541871875,0.0,0.0,0.0,-0.004701383016976139,-0.000616834980449181,-0.001635138911953375,-0.0010549031492827733,0.004243599166526253
0.8434853,0.8336434,0.8924802,0.9748012,0.9924483,0.88,0.88,0.5214977,0.509162,0.97959185,1.0,1.0,0.509162,0.509162,0.40084633,0.6124596,0.68526715,0.004207348006074484,0.0008987203549486677,-0.0026738745451083427,-0.0002561864421692525,-0.003638120861095751,-0.00032001122551484864,-0.0005844835962891521,0.0017609814715599942,0.002026261085315812,0.0,0.0,0.0,0.00287332209700982,0.002270213681762731,-0.0006686301734831054,-0.0001272558437061511,0.006034705778267912
0.785083,0.73799175,0.8235659,0.7912692,0.9924483,0.88,0.88,0.6514976,0.64520466,0.97959185,1.0,1.0,0.64520466,0.64520466,0.67084634,0.5113485,0.6890171,0.00334480724169683,0.0006540925635251922,-1.531014962729539e-05,0.00010859999382740092,-0.002045312652399014,-0.0004025776843751126,-0.00035647527057052695,0.003763410644897418,0.005473952343181749,0.0,0.0,0.0,0.0034763894488625395,0.0025530206798631415,0.0015287292829082688,0.00022497346213286082,0.0046400166366033545
0.90918756,0.96153843,0.069948986,0.06720589,0.06720589,0.88,0.88,0.35899758,0.33883104,0.97959185,1.0,1.0,0.33883104,0.33883104,0.4179892,0.31023735,0.52151704,0.008448573033987066,0.0005804480334149414,0.004254417858968971,0.012516465609164452,0.010336603226394223,-0.0007009924767872466,-0.0005042627891438114,0.00036837766245585756,-0.002487294850503043,0.0,0.0,0.0,0.0012180052419548287,-0.0005786008086990695,0.0003685830887044547,0.0005509123763083461,-0.000249447882091938
0.90918756,0.96153843,0.31370422,0.30140212,0.30140212,0.88,0.88,0.6377475,0.61673105,0.97959185,1.0,1.0,0.61673105,0.61673105,0.36227486,0.7969041,0.577767,0.007348975772998313,0.0020221913065764305,0.002785667204363018,0.003856045034699028,0.004686763334614138,-0.00040322389223687116,-5.772849351998503e-05,0.001071760004925356,0.004674923818961526,0.0,0.0,0.0,0.002969146587828395,0.003640265436189752,0.0016872923490037254,-0.003540205714140928,0.0017003214527816749
0.90918756,0.96153843,0.24732935,0.23763016,0.23763016,0.88,0.88,0.62149787,0.61701614,0.97959185,1.0,1.0,0.61701614,0.61701614,0.6937035,0.6624596,0.39651704,0.008558140025641427,0.0016601789039711256,0.002687647929669612,0.002721124344073662,0.005627375488502281,-0.0006634356952593581,-8.245608937594981e-05,0.0004014480724897776,0.003516257965824175,0.0,0.0,0.0,0.001796716152654989,0.002823197124957348,0.0005317897645528697,-0.0013585582846614896,-0.0029931709346542944
0.78928417,0.84251547,0.9097477,0.87407136,0.9411765,0.88,0.8841149,0.59212255,0.5816676,0.97959185,1.0,1.0,0.5816676,0.5816676,0.6794177,0.64134854,0.40151703,0.0028664862983112127,0.001086963878543268,-0.002814248917509034,-0.0001039284595966147,-0.0018341907322494255,-0.00012002231771965813,-0.0006961332108470542,0.0026441611841644917,0.0046252225630565354,0.0,0.0,0.0,0.004072455826575907,0.003230953996426618,0.0018436946535315335,-0.00012565412455533656,-0.0050760802866230146
0.90918756,0.96153843,0.26380116,0.25345603,0.25345603,0.88,0.88,0.67399764,0.6647597,0.97959185,1.0,1.0,0.6647597,0.6647597,0.78370345,0.76579297,0.31901705,0.007716432832145768,0.0008021407577051672,0.0026083379415565316,0.000256913556618995,0.004321409761369094,-0.0003781202539282763,-0.00022064862996578848,0.0006623508610424457,0.003402019770226821,0.0,0.0,0.0,0.00041375015315905055,0.002022982299574861,0.00026229843243910113,-0.002108185025837958,-0.004338775784515787
0.90918756,0.96153843,0.2187931,0.21021298,0.21021298,0.88,0.88,0.64149773,0.63880223,0.97959185,1.0,1.0,0.63880223,0.63880223,0.45798922,0.7635707,0.556517,0.00850412893250254,0.0019541910773947274,0.0022860718747623626,0.0024280624636900945,0.006484732407821702,-0.0003819441419019073,-0.0001419185229993153,5.664924852835831e-05,0.004161011931002064,0.0,0.0,0.0,0.001341631392295462,0.0026009756170795807,0.0012648651740184858,-0.0028788935753006266,0.0008949289553655876
0.8036092,0.77695835,0.74876606,0.7820213,0.9748012,0.88,0.88,0.43899775,0.42165464,0.97959185,1.0,1.0,0.42165464,0.42165464,0.555132,0.40134844,0.581517,0.0031434127746504947,0.0005208525861746725,-0.00022475288530884277,0.000351173996055439,-0.00473719493580819,-0.0003654984356851637,-0.0004840855515527193,0.0001887021546421327,-0.001468719177986473,0.0,0.0,0.0,0.0014972212512698723,0.0011137731111996662,0.0018250589193427686,6.371728329490834e-05,0.0012523751028640235
0.90918756,0.96153843,0.20290862,0.19495143,0.19495143,0.88,0.88,0.5871227,0.5756727,0.97959185,1.0,1.0,0.5756727,0.5756727,0.7079892,0.46468174,0.577767,0.008480831402475181,0.0011272605598623658,0.002971534404427634,0.0031951663137962005,0.006752781635331594,-0.0006010021830762072,-0.00013584093716759906,0.0009655217244496672,0.002882750339882637,0.0,0.0,0.0,0.0021822125452705407,0.0025926172747687192,0.0001745923290444015,0.00051342361704526,0.0016118011655101988
0.90918756,0.96153843,0.113026604,0.10859419,0.10859419,0.88,0.88,0.48399746,0.46936312,0.97959185,1.0,1.0,0.46936312,0.46936312,0.29656056,0.48357072,0.5965171,0.010250338059043853,0.0015749712388982194,0.003766789928697504,0.012188284221615376,0.007378700331042423,-0.0005966301138080565,-0.00043277010285706116,0.0018401462080781033,0.0013128898342219845,0.0,0.0,0.0,0.0034472097652028435,0.002722660533917508,0.0005408513652232619,0.00043208475827691143,0.001484456490101417
0.90918756,0.96153843,0.1784633,0.17146474,0.17146474,0.88,0.88,0.5046226,0.49389806,0.97959185,1.0,1.0,0.49389806,0.49389806,0.6079892,0.50245965,0.44901705,0.009259540016034044,0.0015604026713561794,0.002866281977679864,0.008611237753759167,0.007087170258836995,-0.0006121281902418444,-0.000294492965994133,0.0021163995761783994,0.001904086793345735,0.0,0.0,0.0,0.0040776336378931305,0.0028491754985247165,0.0016473865269199333,0.00032023119254963425,-0.0026611107819110146
0.90918756,0.96153843,0.33487487,0.32174253,0.32174253,0.88,0.88,0.7333727,0.72539806,0.97959185,1.0,1.0,0.72539806,0.72539806,0.58370346,0.50245965,0.9277671,0.007527139056889116,0.0011883970301603789,0.0006193455024139911,-5.420381029985542e-05,0.004252828553384441,-0.00044984284406310055,-3.454137278187935e-05,-0.0004234424217424541,0.0035550387921130387,0.0,0.0,0.0,-0.0013320958746574044,0.0006749332512609963,0.0006413940977914489,0.00040585010659680134,0.008054385701057537
0.90918756,0.96153843,0.22892982,0.21995218,0.21995218,0.88,0.88,0.64399743,0.63643056,0.97959185,1.0,1.0,0.63643056,0.63643056,0.6565606,0.6013486,0.61651707,0.009146664200410092,0.001462474898719259,0.0021497699283781696,0.0022402335578657943,0.006458241920086063,-0.0004914771277093874,-0.00016280036290274914,0.0008802304234981534,0.0037144985942153563,0.0,0.0,0.0,0.0015384144540489767,0.002490463623366594,0.00028076622048468135,-0.0005490976412027057,0.0018771812002284392
0.8308819,0.83164656,0.7073871,0.9429901,0.62707204,0.88,0.88,0.44774747,0.43152297,0.97959185,1.0,1.0,0.43152297,0.43152297,0.49656057,0.49579293,0.482767,0.005295643790446843,0.00043245097592204925,0.0011587021931656145,-0.002892378103731979,-0.00017812013523806823,-0.0005071901762143438,-0.0006524726739058706,0.000356098479007647,-0.00013460801451566307,0.0,0.0,0.0,0.0014555709327950203,0.0013518221129115357,0.0012115608921247107,2.8163043305214145e-05,-0.001924185030818902
0.90918756,0.96153843,0.23721375,0.22791125,0.22791125,0.88,0.88,0.52899754,0.51421934,0.97959185,1.0,1.0,0.51421934,0.51421934,0.7537035,0.25912625,0.6627671,0.008699586970348581,-9.790430538552694e-05,0.0020727835921612986,0.004975331720383728,0.007754317935204647,-0.0006513849255616786,-0.000181384402963849,0.0017337997129328409,0.002190969589394755,0.0,0.0,0.0,0.0031144826772346148,0.002536878152010284,9.396953638408432e-05,0.0010059066596560607,0.0031988529978558495
0.81586826,0.8026019,0.89373434,0.9411765,0.8853676,0.84717673,0.88,0.7558727,0.7555447,0.97959185,1.0,1.0,0.7555447,0.7555447,0.71941775,0.5702374,0.7565171,0.0038641378454550884,0.0006097901704138196,-0.0003128026614110135,0.0013459468005464247,-0.0008662018357884678,-7.5205527816957395e-06,-0.00013833811458646345,0.0037473839433168456,0.004701224557696152,0.0,0.0,0.0,0.00018452971923159166,-2.1727062850985593e-05,-0.00018376134296698896,0.0005323328923113449,0.006306285437452633
0.90918756,0.96153843,0.082393825,0.079162695,0.079162695,0.88,0.88,0.40024757,0.38221654,0.97959185,1.0,1.0,0.38221654,0.38221654,0.66370344,0.29690403,0.52651715,0.009205481636267793,0.0002547014531799754,0.0025638051079757136,0.01314539482548531,0.008816127407176156,-0.0006872877366354899,-0.0006605189519562479,0.0012277943501611337,-0.0012479525987361528,0.0,0.0,0.0,0.0019808736742408743,9.951148506909809e-05,0.001670248101719066,0.0005202527189683964,-0.00036868576965964797
0.6896285,0.7495128,0.76532817,0.9924483,0.7964968,0.88,0.88,0.43149757,0.4109908,0.97959185,1.0,1.0,0.4109908,0.4109908,0.4094177,0.5324597,0.46151698,-0.0022065265591436805,0.0003911581330942719,-0.0010392068331263602,-0.004136530587712573,-0.0014080037952095242,-0.0002252402502125732,-0.0007850321421027455,-0.00015759436818875232,-0.0015679660077670974,0.0,0.0,0.0,0.00017315225676133193,0.00021740180619769117,-0.0011754372764896184,0.00028603886900846167,-0.0035858572265842856
0.90918756,0.96153843,0.24304982,0.23351845,0.23351845,0.88,0.88,0.5946226,0.5854292,0.97959185,1.0,1.0,0.5854292,0.5854292,0.5522749,0.55023736,0.54276705,0.00810141658272372,0.0014388019737624868,0.001666380900177199,0.0038295665311680284,0.00632908221125162,-0.00048291764203662956,-0.00018363998341332878,0.0006109309627384124,0.002737132945164141,0.0,0.0,0.0,0.0020668081346978387,0.0023616062979315016,0.0009648011530743824,-0.00018331214562883897,0.0004047419594872381
0.90918756,0.96153843,0.3579917,0.3439528,0.3439528,0.88,0.88,0.75274754,0.75035757,0.97959185,1.0,1.0,0.75035757,0.75035757,0.6908463,0.6869041,0.7115171,0.0076051124427889616,0.000919213039843236,0.0010390328426986926,-0.0008026727269695116,0.003424296993814774,-0.0004454226372436969,-8.089337189008349e-05,-0.0010490711822189543,0.003815064628886238,0.0,0.0,0.0,-0.002918181221833553,0.0002559747180205067,-0.0007708546866567933,-0.0011137501608975847,0.0037980623266466586
0.85292053,0.76491225,0.9247556,0.8884907,0.941397,0.88,0.88,0.7983726,0.7992567,0.97959185,1.0,1.0,0.7992567,0.7992567,0.67084634,0.5991263,0.820267,0.005476828228509641,0.0003265042183342866,-0.0003714208451085172,0.0009776637006046966,-0.0009385661458739611,-0.0002323738469538145,-0.000286272927525748,0.0038037357175166446,0.004307736783750739,0.0,0.0,0.0,-0.000675435308239306,-0.0008843931618397961,6.732318092108822e-06,0.0008018897072966505,0.006781985153150519
0.90918756,0.96153843,0.28381225,0.27268237,0.27268237,0.88,0.88,0.5739975,0.5619459,0.97959185,1.0,1.0,0.5619459,0.5619459,0.24084623,0.62468183,0.7390171,0.006966622046116765,0.0017315684331288622,0.0023182636502976865,0.004045531403347319,0.004650193855728504,-0.0003794261842968553,-0.00012729588583036453,0.0011667461352799884,0.0026557399572803187,0.0,0.0,0.0,0.0027570996766274353,0.002712332983979645,0.0018214408145973437,-0.000798896914633091,0.004673397997821127
0.80746603,0.714404,0.91950303,0.93381345,0.9924483,0.88,0.88,0.6914977,0.68168634,0.97959185,1.0,1.0,0.68168634,0.68168634,0.8151321,0.4502374,0.7177672,0.0025252350842285766,0.0005336781852356601,-0.001082012360843633,0.0006769448249225379,-0.002302175121381752,-0.0002893629197105543,-0.00013353565077974078,0.0032926227154281605,0.0043492392198372296,0.0,0.0,0.0,0.001399494374148427,0.0008743461231944156,5.369979340770074e-05,-0.0002260289181920807,0.004918250864268762
0.90918756,0.96153843,0.12509066,0.120185144,0.120185144,0.88,0.88,0.44649768,0.42960477,0.97959185,1.0,1.0,0.42960477,0.42960477,0.57941777,0.5569041,0.389017,0.010055547645912554,0.001584016406466832,0.0031789473980978413,0.011097337269719353,0.005912065145054765,-0.0004512270993163179,-0.00046646651099672824,0.001862090002797267,0.00030841817961125726,0.0,0.0,0.0,0.0035180555654900137,0.0019450846577713612,0.0016285021663618223,-0.0002801716159025107,-0.004970957344021635
0.90918756,0.96153843,0.23132528,0.2222537,0.2222537,0.88,0.88,0.5746224,0.5675602,0.97959185,1.0,1.0,0.5675602,0.5675602,0.5165606,0.59468186,0.58401704,0.008560625194193842,0.0016984356511507664,0.002121394793970556,0.0054667045815276925,0.00672235402828674,-0.000627754058428153,-0.00015995712039188113,0.000966597459824895,0.0032524084373136797,0.0,0.0,0.0,0.0024340950654018183,0.002720039425273363,0.0012619171832535109,-0.0007385293166423469,0.0019697954378124953
0.90918756,0.96153843,0.35230118,0.33848545,0.33848545,0.88,0.88,0.8058727,0.79628706,0.97959185,1.0,1.0,0.79628706,0.79628706,0.6737034,0.59357077,0.93151706,0.0077398283035913715,0.0009865223621749624,0.0011403198784163773,-0.0003731572922071805,0.0027697955342615697,-0.0004128044335887659,2.445409481330067e-05,9.658630452143442e-05,0.00488461299327854,0.0,0.0,0.0,-0.0020057691717320397,0.000681682236349678,-8.885002332296795e-05,-0.00021458869701634916,0.008127002306221704
0.90918756,0.96153843,0.22703478,0.21813145,0.21813145,0.88,0.88,0.61712265,0.61114,0.97959185,1.0,1.0,0.61114,0.61114,0.5365606,0.5391263,0.69526714,0.008298560423973818,0.0011949503794818808,0.001962531458084182,0.0022649997723636593,0.006618661877770628,-0.0003838121417061525,7.711660200244848e-06,0.0007033987454376565,0.0027577137120518135,0.0,0.0,0.0,0.0015818380236233016,0.0021047452997494547,0.0008455152682364073,0.00028124446497646645,0.0034716399478823944
0.90918756,0.96153843,0.26245776,0.2521653,0.2521653,0.88,0.88,0.6508727,0.63943213,0.97959185,1.0,1.0,0.63943213,0.63943213,0.58370346,0.49579293,0.7177671,0.008364645309611795,0.001098997985154405,0.001533127725197084,0.0014860039215203716,0.006000160411333704,-0.00046759491637034673,-0.0001777223252517372,0.00041250881400368907,0.002933466229648235,0.0,0.0,0.0,0.0009526953077798503,0.001893392533581654,0.0005252163223993755,0.0004646699097939827,0.004106690241112032
0.8165569,0.5922453,0.8265488,0.9411765,0.8625522,0.49593508,0.88,0.4896226,0.47958788,0.97959185,1.0,1.0,0.47958788,0.47958788,0.39227486,0.5291263,0.594017,0.0035685642427378695,-0.0008225966812707105,-0.0021385531059763844,-0.0019962159482241632,-0.0021029774026241972,0.0021052692079799045,-0.0004377632249306633,0.001828895396910479,0.0008142089381424945,0.0,0.0,0.0,0.002976501858299284,0.002026747867410292,-0.00047579494097570456,0.00045026030467745657,0.0014778010346076281
0.90918756,0.96153843,0.21127887,0.20299344,0.20299344,0.88,0.88,0.5783725,0.568474,0.97959185,1.0,1.0,0.568474,0.568474,0.6065606,0.7691263,0.50151706,0.007822216713986084,0.0016064774850004665,0.0013262038543857436,0.0031952415038158104,0.005276515197330927,-0.0004070122372611425,8.067121315635906e-05,0.0007272542958820403,0.0026116671682079595,0.0,0.0,0.0,0.0026416556385523053,0.0024248167722108797,0.0008779853822738526,-0.0030300214605421473,-0.0007247762942459785
0.8399728,0.83893937,0.7325714,0.9924483,0.79351455,0.88,0.88,0.5102476,0.49544048,0.97959185,1.0,1.0,0.49544048,0.49544048,0.4094177,0.6180151,0.56526697,0.005119685164109551,0.00022935139211424549,0.0003681851040209537,-0.0016207468207359564,-0.00106113881910505,-0.00010476674966021393,-0.0009539534577860838,0.0017704442167382844,0.0015205926301716736,0.0,0.0,0.0,0.00273652426556017,0.0022068639563008635,-0.0008799127495328015,-7.429335155243078e-05,0.001305952947618456
0.90918756,0.96153843,0.20429538,0.1962838,0.1962838,0.88,0.88,0.5377476,0.52842444,0.97959185,1.0,1.0,0.52842444,0.52842444,0.48941776,0.67801523,0.3890171,0.007721440187900228,0.001573350185976717,0.0035628822668376738,0.005549735908147474,0.005763083782928741,-0.0003563345624938527,-4.577781635762699e-05,0.001083204796646125,0.0024717340360281476,0.0,0.0,0.0,0.003100248951373609,0.002773384800214405,0.0012183954601170317,-0.0017295800315465415,-0.004078165589271481
0.90918756,0.96153843,0.06609712,0.06350507,0.06350507,0.88,0.88,0.2714976,0.24512583,0.97959185,1.0,1.0,0.24512583,0.24512583,0.29798904,0.50023735,0.36651707,0.00813044614054946,0.001194531829851095,0.009142561868899491,0.014515116460294903,0.010408344985659939,-0.0007060184687357563,-0.0011444896468075804,-0.0014790667764811238,-0.009373291304233367,0.0,0.0,0.0,-0.0039514402400332976,-0.006963016698544833,-0.003995523302006967,0.00011190200932768913,-0.007292079552837426
0.90918756,0.96153843,0.14074917,0.13522959,0.13522959,0.88,0.88,0.4546225,0.42783675,0.97959185,1.0,1.0,0.42783675,0.42783675,0.32941765,0.58912635,0.44276702,0.007863312978406471,0.0015021145206045494,0.005899519077760718,0.010260751491810747,0.0069671821177570625,-0.00039274194914226804,-0.0007863032610225595,0.0020728613025862447,-0.00016809335711597006,0.0,0.0,0.0,0.003210553991294744,0.0014786827783821296,-0.0006551329844740341,-0.0007231267921092043,-0.003468697781327612
0.90918756,0.96153843,0.09831919,0.094463535,0.094463535,0.88,0.88,0.38774776,0.36578777,0.97959185,1.0,1.0,0.36578777,0.36578777,0.42941776,0.48468176,0.452767,0.009408287743406157,0.0011235865882831826,0.005618706651998751,0.013303560948635962,0.009186663712956665,-0.0006641690533245977,-0.0007469616319728474,0.0009434714468692086,-0.0017383547561662539,0.0,0.0,0.0,0.0017212889576751977,0.00010875261057480566,0.00067215287679404,7.908793699985453e-05,-0.002658391028703663
0.90918756,0.96153843,0.23841068,0.22906125,0.22906125,0.88,0.88,0.58212256,0.5638658,0.97959185,1.0,1.0,0.5638658,0.5638658,0.8379892,0.46245968,0.41651702,0.009579993355085019,0.0009856294478122788,0.003781344151313676,0.003990580874626712,0.00592010026189567,-0.0005697720966367685,-0.00022512715378611434,0.0010019405082375096,0.002297402006838171,0.0,0.0,0.0,0.0022438590260752895,0.0022848537229061766,0.00012670825579708084,0.0003937675340508699,-0.0027063610491083025
0.8487194,0.71546876,0.8178419,0.7857697,0.9924483,0.88,0.88,0.5558728,0.5381759,0.97959185,1.0,1.0,0.5381759,0.5381759,0.6937035,0.39579296,0.5440171,0.006196503817813903,0.00046405182733863016,-0.0010192971792447663,-8.178250265269073e-05,-0.004320666846187395,-0.0004947887244192804,-0.0006537634971517078,0.0025012050868416912,0.003554188710450677,0.0,0.0,0.0,0.0035954445945246783,0.002830224359822041,0.002205251620382071,-0.0006318522666346256,0.0008202599915482459
0.90918756,0.96153843,0.26787254,0.25736773,0.25736773,0.88,0.88,0.6714976,0.66588634,0.97959185,1.0,1.0,0.66588634,0.66588634,0.6722749,0.6780152,0.67401713,0.008516321900070262,0.0014068615952880553,0.0017673337706494727,0.0006063261941259452,0.0052253560023083016,-0.00041669330397531876,-0.0001871147834918361,2.3240939699036914e-05,0.003508629485013759,0.0,0.0,0.0,-0.000382584150990027,0.0014961484833148032,-0.000338872947484614,-0.0013195846112456261,0.0030791225575330754
0.8756478,0.8387082,0.84847784,0.9748012,0.9431936,0.88,0.88,0.40274763,0.38649586,0.97959185,1.0,1.0,0.38649586,0.38649586,0.4394177,0.47245958,0.40276706,0.007743918050743763,0.0009185693771836024,-0.0018428549713029188,-0.0015181018455359952,-0.0022638473184154245,-0.00045898335631535894,-0.0006130586861420052,-0.0013906795092840515,-0.00360045246269852,0.0,0.0,0.0,-0.00021485201875244455,-0.0005136747950602255,-0.0006561377278264598,0.0003154222099110718,-0.006478262527951589
0.90918756,0.96153843,0.11504557,0.11053398,0.11053398,0.88,0.88,0.32774758,0.3037778,0.97959185,1.0,1.0,0.3037778,0.3037778,0.5522748,0.36023733,0.5077671,0.00962719498599433,0.00019496072405057442,0.004345383140582243,0.010875486397806597,0.008814219161057605,-0.0005787989305835079,-0.0005988745338114274,-0.0006900750454929179,-0.0043371110495370666,0.0,0.0,0.0,-0.0002564108994813743,-0.002129245933838935,0.0012225537879426852,9.414034059949342e-05,-0.0013373453910182104
0.90918756,0.96153843,0.2797452,0.26877478,0.26877478,0.88,0.88,0.7077477,0.7082453,0.97959185,1.0,1.0,0.7082453,0.7082453,0.7437034,0.785793,0.41776705,0.006855172459641149,0.0008340782466226757,0.0025249643581594355,-0.0015018820752834379,0.0048884437114497924,-0.0003830335683606836,-0.0002341468512612265,-0.0004999041581027802,0.0037313341387392347,0.0,0.0,0.0,-0.0022879140145218736,0.001435550049066105,-0.00015086522381242077,-0.002759479389778621,-0.0017971060775314456
0.90918756,0.96153843,0.2811453,0.27012,0.27012,0.88,0.88,0.7433728,0.74082845,0.97959185,1.0,1.0,0.74082845,0.74082845,0.6637035,0.5480152,0.77651715,0.008838525447231836,0.001609585191778139,0.0011256587600433987,0.0005257055065051376,0.006414811651561286,-0.0007821188318964567,-0.00015548077011889275,-0.0013168511550774187,0.003918162740216751,0.0,0.0,0.0,-0.0028392707728219103,0.0005558381938983776,-0.0006398443607927092,-0.0003137491772220226,0.004602897840993801
0.90918756,0.96153843,0.14747436,0.14169106,0.14169106,0.88,0.88,0.48462248,0.47035858,0.97959185,1.0,1.0,0.47035858,0.47035858,0.52084637,0.28801516,0.68026704,0.007792411362466113,9.087980937431794e-05,0.0017096957340694981,0.008389163527401065,0.008693677683682188,-0.0006904814411141732,-0.00022399410954584444,0.0019738825475917646,0.0009029736880681494,0.0,0.0,0.0,0.0036048337015290055,0.0021932049300596185,0.0013079069768096386,0.0009582100329529345,0.0033332513328645425
0.90918756,0.96153843,0.29527265,0.2836933,0.2836933,0.88,0.88,0.6546227,0.6422008,0.97959185,1.0,1.0,0.6422008,0.6422008,0.6951321,0.6824596,0.48901713,0.00814380988989783,0.001005806935290182,0.002940603310319384,0.0009513957857008308,0.004764208022536617,-0.00039393440347686154,-0.0003039354307436484,0.00032840681172772215,0.003768312235674414,0.0,0.0,0.0,0.0006809836891843917,0.0020836971693128617,0.0002264177248538042,-0.0013410511472147898,-0.0011062303237777762
0.71655685,0.7283087,0.815952,0.78395385,0.9376084,0.88,0.88,0.45712256,0.4423038,0.97959185,1.0,1.0,0.4423038,0.4423038,0.33798912,0.40134844,0.7015171,-0.0003939674600177384,0.0003970692783951187,-0.0010988908764896369,-0.00043262005450337066,-0.0036493335395044756,-7.674077581440916e-05,-0.00027786736675479114,0.0005896507544089098,-0.00010478328049984182,0.0,0.0,0.0,0.0018915769802248983,0.0014810452724626953,-0.0010508658512091943,1.5151359507506704e-05,0.006704283464132301
0.7847387,0.7721933,0.9116016,0.90866524,0.9748012,0.88,0.88,0.6877475,0.6815012,0.97959185,1.0,1.0,0.6815012,0.6815012,0.7537035,0.7002374,0.482767,0.003696067014165985,0.0008333638754346699,-0.0012394746864904064,0.00016693555583914614,-0.0016951358555333874,-0.0001616076628466637,-0.0006719712650919806,0.0036154903992826302,0.006196100535444436,0.0,0.0,0.0,0.003462332633560397,0.0024656273710297024,0.001337699735719994,0.0006462188768870477,-0.0022843641184632484
0.90918756,0.96153843,0.3057744,0.29378325,0.29378325,0.88,0.88,0.68587255,0.66853905,0.97959185,1.0,1.0,0.66853905,0.66853905,0.5994177,0.67245966,0.54276705,0.007882624186133355,0.00147792966273532,0.0024453487712161478,0.001480855025905782,0.005227702380679745,-0.000525552718568755,-0.00012271023228058772,0.0002709651450465772,0.00443927155997376,0.0,0.0,0.0,0.0005086682463751275,0.0023963628844621758,0.0007280963599380292,-0.0013544527944543189,0.0005510922641609787
0.90918756,0.96153843,0.14704141,0.14127508,0.14127508,0.88,0.88,0.5489975,0.52464634,0.97959185,1.0,1.0,0.52464634,0.52464634,0.29656056,0.5113485,0.7765171,0.008025803910934453,0.0015383487236574833,0.002309723252925543,0.006856905178096732,0.008359230383975751,-0.0003574231140664605,9.903337425535256e-05,0.0013381502186699968,0.002240142824707501,0.0,0.0,0.0,0.0029641566525270167,0.002588042114733174,0.0013688898407256983,0.00019347732841772032,0.005534625319987666
0.7896285,0.77722055,0.7054116,0.9411765,0.6894388,0.752257,0.88,0.6389978,0.6357817,0.97959185,1.0,1.0,0.6357817,0.6357817,0.59941775,0.5180152,0.66151714,0.0025375512413947443,0.0007281931353454936,0.000913438541949732,9.937448735327169e-05,-0.0015871816148447036,0.00030228371243348333,-0.00020794593575541376,0.0030153760100102745,0.004539728606612137,0.0,0.0,0.0,0.0033691711567596623,0.0031003122088301394,0.001424490369061025,0.000307757978571815,0.00354491991428368
0.90918756,0.96153843,0.23916908,0.2297899,0.2297899,0.88,0.88,0.6208726,0.6194893,0.97959185,1.0,1.0,0.6194893,0.6194893,0.62084633,0.6946819,0.47151697,0.0077466678449428,0.001608808481106786,0.0028342953076726353,0.003811900255642257,0.0048987900344553284,-0.00046577831106548194,-0.00017398897803436544,0.0010966148478181688,0.004008117138834961,0.0,0.0,0.0,0.002659970637243446,0.003206559851125247,0.0008732423352121574,-0.001566207975206048,-0.0011653660392914227
0.90918756,0.96153843,0.18862025,0.18122338,0.18122338,0.88,0.88,0.62837255,0.61781585,0.97959185,1.0,1.0,0.61781585,0.61781585,0.805132,0.4191263,0.7215171,0.008664900225365861,0.000830403438606343,0.0019514133071019512,0.0016157637955184288,0.00763548381642977,-0.0004888588631097341,-0.000177286918383582,0.0005286411257005112,0.002763872667709597,0.0,0.0,0.0,0.0006060867842782845,0.0018302233683999242,-0.0012039199111207426,0.0009184134251487003,0.003904712052310325
0.90918756,0.96153843,0.23710537,0.22780712,0.22780712,0.88,0.88,0.57337284,0.564505,0.97959185,1.0,1.0,0.564505,0.564505,0.7437035,0.3402374,0.66901714,0.009376266942307561,0.0005770359521697853,0.0024125194277508227,0.004169961677484202,0.007382125858158684,-0.0010028991875935215,-4.1194788612912507e-05,0.00116220912180969,0.002469556882290265,0.0,0.0,0.0,0.0024873029558604475,0.002735103965813028,-0.00010327082713969919,0.0010635478922207198,0.003096539448339537
0.8899728,0.9794986,0.39938807,0.9411765,0.3837258,0.8986786,0.88,0.7652477,0.75815815,0.97959185,1.0,1.0,0.75815815,0.75815815,0.7279892,0.6880152,0.6752671,0.006357198562724456,-0.000706911044878856,0.00140989095770199,-0.00032971802984971244,2.0500599812211154e-05,-0.0009192744976318175,0.00016993958047334146,0.0021292272991144862,0.00286472904625023,0.0,0.0,0.0,-0.0003858000712670428,0.0020651344824103367,0.0009649520555765166,0.00018138255742060862,0.003660043679734846
0.90918756,0.96153843,0.42063642,0.40414086,0.40414086,0.88,0.88,0.83524776,0.8425868,0.97959185,1.0,1.0,0.8425868,0.8425868,0.5222749,0.7502374,0.77276707,0.006990267468172904,0.001393885006297711,5.8073244090886613e-05,-0.0009356183655769542,0.0017055215234201562,-0.0005683745769672659,9.142646042216787e-05,-0.0011203682495639833,0.004999882546027707,0.0,0.0,0.0,-0.004049805083673227,-0.0007155127517667278,0.0008695935562829356,-0.0018373324985135036,0.005072973737822356
0.78962845,0.6455577,0.68943715,0.9924483,0.6902506,0.88,0.88,0.46712255,0.45152992,0.97959185,1.0,1.0,0.45152992,0.45152992,0.40656063,0.40245956,0.66151714,0.004322496240041299,-1.1991916685186454e-05,0.0013239059629613359,-0.004657367756874199,-0.0006790904727201167,-0.0002395244422744145,-0.00048069068382641496,0.0004891882058366021,0.00040580291983062484,0.0,0.0,0.0,0.0016884257562680693,0.0013044954105360335,-0.000324056587203409,-0.00022332523596525484,0.004880003291084903
0.90918756,0.96153843,0.2942428,0.28270385,0.28270385,0.88,0.88,0.6202476,0.6149801,0.97959185,1.0,1.0,0.6149801,0.6149801,0.61227494,0.736904,0.347767,0.008472198716419669,0.0020263793463025535,0.0030136691826722424,0.0028019827162715787,0.004537266005365224,-0.0006700412719290017,-0.00014179003862302287,5.840024569121201e-05,0.004001436324346524,0.0,0.0,0.0,0.0016369333759945917,0.0028310824982784115,0.000704674624267909,-0.00263052572877847,-0.004212084213314034
0.90918756,0.96153843,0.21907951,0.21048816,0.21048816,0.88,0.88,0.63399756,0.6262549,0.97959185,1.0,1.0,0.6262549,0.6262549,0.48798922,0.6013486,0.7127671,0.009574630093964101,0.0018174165198490916,0.0027541754964699686,0.0025975640202527787,0.006924638533576355,-0.0004835435080392936,-7.016864886550767e-05,0.0007188465511638984,0.0035961192180207413,0.0,0.0,0.0,0.001140356936670375,0.002114608785147665,0.0011210881051517633,-0.0005231785118022883,0.004648017415258274
0.90918756,0.96153843,0.4376059,0.42044488,0.42044488,0.88,0.88,0.8802477,0.86842924,0.97959185,1.0,1.0,0.86842924,0.86842924,0.8751321,0.7991263,0.65026706,0.007520386164651175,1.842005470961267e-05,0.0017090752599227483,-0.0034247473305047825,0.00010543932303336917,-0.0004553917224998392,-0.000224511276290152,-2.3444445437135962e-05,0.003026236037028814,0.0,0.0,0.0,-0.007019331251382972,-0.001690331158544116,-0.0007264538404400522,-0.0012764987181893767,0.0014202575942576657
0.90918756,0.96153843,0.2639975,0.25364465,0.25364465,0.88,0.88,0.62337255,0.62022054,0.97959185,1.0,1.0,0.62022054,0.62022054,0.6865606,0.5335707,0.57901704,0.008027937847531332,0.0008121900451839959,0.002728410136775742,0.002507892964504026,0.005817107910489755,-0.00038350848891914536,-0.00014754027898878562,0.0009601601100134265,0.0034428539956315616,0.0,0.0,0.0,0.0016167097911962288,0.0026623181017040474,0.0005180922045344301,5.206009951592601e-06,0.001276677908324942
0.90918756,0.96153843,0.045689266,0.043897532,0.043897532,0.88,0.88,0.35149753,0.33029944,0.97959185,1.0,1.0,0.33029944,0.33029944,0.3194177,0.3780151,0.5752671,0.00762069167279806,0.0004811503351644637,0.0042852717204823745,0.013968352845598777,0.010457873950922045,-0.0005604828018266502,-0.0005667992282357917,0.00014722042832488125,-0.003320119666659058,0.0,0.0,0.0,0.0006896865595478976,-0.0016266510686146097,-0.0008051348978187572,0.00042950726539170837,0.0010956971944062048
0.90918756,0.96153843,0.15373366,0.14770488,0.14770488,0.88,0.88,0.4852476,0.46423838,0.97959185,1.0,1.0,0.46423838,0.46423838,0.7437035,0.5335707,0.410267,0.009647360282628177,0.0010040422747296756,0.0030095131001025444,0.008956911061160602,0.0059584009424076875,-0.0004633767944121103,-0.00027921085235932066,0.001950389975818755,0.0009306426826144242,0.0,0.0,0.0,0.003936817464680604,0.002323756905877944,0.0015314892595619622,0.00016386226222358507,-0.003426409634855696
0.75781035,0.8035329,0.863242,0.96780485,0.79420555,0.88,0.88,0.6014974,0.5914408,0.97959185,1.0,1.0,0.5914408,0.5914408,0.65798914,0.5602374,0.50151706,0.001943484152814905,0.0009518689000348818,-0.0011296101444398304,-0.00011005843556262985,-0.0007113589791790455,-2.2210429734330212e-05,-0.00044665385866218317,0.0037629013880249597,0.005114788843497467,0.0,0.0,0.0,0.004405163501342635,0.0030014830769188507,0.002037878602243742,0.00025611007025705396,-0.0011479586556128562
0.90918756,0.96153843,0.004781664,0.0045941477,0.0045941477,0.88,0.88,0.34024775,0.32085854,0.97959185,1.0,1.0,0.32085854,0.32085854,0.40227482,0.53023744,0.352767,0.007849751094405001,0.0010505274334977716,0.0072149544314582545,0.013605537071810272,0.0103095276002871,-0.000547404455176841,-0.0009671200256895694,0.000936676371355159,-0.004244304229268875,0.0,0.0,0.0,0.000418119234864853,-0.001619338121987651,-0.00018360316787263478,-0.00018834289752250467,-0.007294697354725404
0.90918756,0.96153843,0.17818762,0.17119987,0.17119987,0.88,0.88,0.5521227,0.5457411,0.97959185,1.0,1.0,0.5457411,0.5457411,0.60656065,0.5991262,0.43276703,0.00836675684791804,0.0018314316253319942,0.0012618281851331744,0.005707552531098523,0.007223463699882395,-0.0005425627676793981,-0.000122591684756806,0.0011398441002547647,0.0022710029807328064,0.0,0.0,0.0,0.00278954977747964,0.002403024255666008,0.0007033028635171217,-0.0007396681489037855,-0.002321827260860775
0.90918756,0.96153843,0.17402327,0.16719884,0.16719884,0.88,0.88,0.5621226,0.54850477,0.97959185,1.0,1.0,0.54850477,0.54850477,0.5508463,0.406904,0.7377671,0.007791981899933051,0.0009738072584637663,0.0022851043278323507,0.0045572690580283825,0.00765534927973695,-0.0008021161518990608,0.00011116041922563432,0.0012171869490591558,0.002384065448827555,0.0,0.0,0.0,0.0027522411506558943,0.0026660253843257585,0.0011262846284164042,0.0009754799434011724,0.004634730037390952
0.90918756,0.96153843,0.18364465,0.1764429,0.1764429,0.88,0.88,0.6114975,0.58746207,0.97959185,1.0,1.0,0.58746207,0.58746207,0.5665606,0.5480152,0.6240171,0.008018181100555778,0.001255051804918962,0.0020705881920812267,0.0036361803334722413,0.007625956202415287,-0.0006368874607051448,-1.8932737931446845e-05,0.0007429143372057868,0.0031268467470043763,0.0,0.0,0.0,0.002300983084267771,0.002648681523908387,0.0009930795355857312,-0.00013775028692229993,0.0019662377927823697
0.90918756,0.96153843,0.12319575,0.11836455,0.11836455,0.88,0.88,0.43899786,0.4199286,0.97959185,1.0,1.0,0.4199286,0.4199286,0.5808463,0.45245954,0.5090171,0.008927566075848615,0.0012089445439125595,0.00264858519412703,0.011263843846118664,0.006109544965266243,-0.000546996387462947,-0.00042826335779925844,0.0018163875535929508,-0.00025583119730764736,0.0,0.0,0.0,0.0030723479750317845,0.0012559274085922403,0.0015246111563498705,0.0005960350916795059,-0.0009163301661052531
0.90918756,0.96153843,0.36576483,0.35142112,0.35142112,0.88,0.88,0.8596226,0.8447564,0.97959185,1.0,1.0,0.8447564,0.8447564,0.8037034,0.58023745,0.89651716,0.006963155803418603,0.0007833429385513939,0.0012353583927083083,-0.0009206545265276939,0.0024966378604193216,-0.0005358205906560378,-0.00022348710820323646,-0.0013716793162306497,0.004564549249894372,0.0,0.0,0.0,-0.005248636485339146,-0.0002660383675067433,-0.0016906062447173118,-0.0005438682166720708,0.006336052644136971
0.90918756,0.96153843,0.15351959,0.1474992,0.1474992,0.88,0.88,0.43774772,0.4209044,0.97959185,1.0,1.0,0.4209044,0.4209044,0.60084635,0.2424595,0.614017,0.009577905255481006,-0.00014531535654197842,0.0022835759081982583,0.01025690469772441,0.008872989883061988,-0.0008353332164417734,-0.00032907872100470853,0.001015537822201823,-6.281922581944196e-05,0.0,0.0,0.0,0.0024615697260581414,0.0010197641334587025,0.0015402493829742004,-0.00015987918383254313,0.003016209965263266
0.90918756,0.96153843,0.38240084,0.36740473,0.36740473,0.88,0.88,0.8133725,0.8064862,0.97959185,1.0,1.0,0.8064862,0.8064862,0.5865606,0.67245966,0.8440171,0.00833142082579618,0.0018018572561228116,0.000867561113604271,-0.0012349244098603868,0.0027102161412318297,-0.00025226468803716813,8.19775907336888e-06,-0.00115287628415744,0.004779866661822775,0.0,0.0,0.0,-0.003666404896641805,-0.0006450688540603231,-0.00010035174665038181,-0.0011379765060667232,0.006422944683123652
0.90918756,0.96153843,0.027342753,0.026270488,0.026270488,0.88,0.88,0.37024748,0.35039765,0.97959185,1.0,1.0,0.35039765,0.35039765,0.4094177,0.40801513,0.37651706,0.0070297472124889815,0.0009662631977801618,0.0038477500559585143,0.013723929824864376,0.01088283031298593,-0.0005191975253142984,-0.0009076791258606054,0.0013424978290413011,-0.003627026469831691,0.0,0.0,0.0,0.0008586926825178044,-0.001648436733153266,0.00027258038981608167,0.0008498138726065903,-0.006300766957358863
0.90918756,0.96153843,0.30958065,0.29744023,0.29744023,0.88,0.88,0.7083726,0.6921635,0.97959185,1.0,1.0,0.6921635,0.6921635,0.8865606,0.4946819,0.6827671,0.007706085399019846,0.00018993707088780796,0.0019768683118217153,0.0001231185135053391,0.004210552362557782,-0.0005939299161182411,-0.00028955751131274536,-0.00016628430191279763,0.002823133689887516,0.0,0.0,0.0,-0.00124031834406058,0.0017028170035928356,-0.0013321051901524494,0.0003529060730863911,0.002584969988197492
0.90918756,0.96153843,0.2634713,0.25313908,0.25313908,0.88,0.88,0.5983728,0.58452547,0.97959185,1.0,1.0,0.58452547,0.58452547,0.77370346,0.3691262,0.59526706,0.008851186602938632,0.0004962583636785634,0.0034360278985231317,0.0034829174244138845,0.006266289276530323,-0.0007062516475922284,-0.00028122080184250916,0.001447730361823007,0.0029333335251286448,0.0,0.0,0.0,0.0024560498993480644,0.0029733833628036587,0.000676965130191677,0.0008534460466597674,0.001652589335557426
0.8763364,0.83870864,0.607474,0.8272962,0.9411765,0.88,0.752257,0.57087255,0.5633696,0.97959185,1.0,1.0,0.5633696,0.5633696,0.5594177,0.59357077,0.6115171,0.007085692873780509,-0.0001729409469537462,0.002221347203769356,-0.00020222445919987738,-0.0024218982463660083,-0.00040183621204014394,0.0006414975240861315,0.003238248893529498,0.004029316416315778,0.0,0.0,0.0,0.0037363119570090805,0.0029417031428035085,0.0019013423263248789,0.0005355563441035016,0.00223516215123826
