0.3863549530506134
0.22049595415592194
0.14381884038448334
0.3863549530506134
0.1504727154970169
0.1330624669790268
0.18758754432201385
0.4642268717288971
0.3863549530506134
0.219163179397583
0.15663664042949677
0.12701524794101715
0.311260461807251
0.390169233083725
0.316724956035614
0.316724956035614
0.3863549530506134
0.094843290746212
0.24778135120868683
0.07786664366722107
0.3863549530506134
0.06292947381734848
0.09063522517681122
0.20490719377994537
0.3265863060951233
0.3863549530506134
0.2947188913822174
0.24568454921245575
0.2855684757232666
0.4483141005039215
0.08089908212423325
0.19409684836864471
0.3867263197898865
0.4446685314178467
0.14990434050559998
0.1529543697834015
0.316724956035614
0.03693833947181702
0.316724956035614
0.3863549530506134
0.3760198950767517
0.20257310569286346
0.08278269320726395
0.3863549530506134
0.3863549530506134
0.1138298436999321
0.12133215367794037
0.35479772090911865
0.39721590280532837
0.05969247221946716
0.05969247221946716
0.42294400930404663
0.08046305179595947
0.2996116876602173
0.11120492219924927
0.2334117740392685
0.22730644047260284
0.236221045255661
0.2813735902309418
0.3743743598461151
0.2205965667963028
0.3863549530506134
0.32540473341941833
0.14067880809307098
0.3863549530506134
0.11768002063035965
0.3863549530506134
0.16240505874156952
0.24277150630950928
0.23021505773067474
0.08903960138559341
0.08824426680803299
0.21735550463199615
0.1449478417634964
0.1624004989862442
0.09629475325345993
0.3863549530506134
0.049073249101638794
0.316724956035614
0.12037505209445953
0.1524752527475357
0.03683120012283325
0.2688141167163849
0.3863549530506134
0.4316627085208893
0.3863549530506134
0.1460595726966858
0.2655934989452362
0.1770949810743332
0.6292295455932617
0.3863549530506134
0.148871511220932
0.1582668274641037
0.24429528415203094
0.08702602237462997
0.32986247539520264
0.3863549530506134
0.0813409686088562
0.16998456418514252
0.09829889982938766
0.23634515702724457
0.14642980694770813
0.14078859984874725
0.3863549530506134
0.30436038970947266
0.18979479372501373
0.4090397357940674
0.316724956035614
0.13441184163093567
0.22466103732585907
0.06176712363958359
0.3863549530506134
0.05969247221946716
0.0352594330906868
0.1823921650648117
0.19801145792007446
0.27880409359931946
0.1787659376859665
0.0783013105392456
0.2582358121871948
0.275332510471344
0.11115381121635437
0.316724956035614
0.12721635401248932
0.10511767119169235
0.385079026222229
0.20561084151268005
0.07355425506830215
0.07056348025798798
0.3103627562522888
0.17610453069210052
0.12865354120731354
0.19068939983844757
0.12495063990354538
0.0820060595870018
0.3863549530506134
0.3863549530506134
0.12606126070022583
0.0873565524816513
0.09319186210632324
0.1286524385213852
0.09626103192567825
0.42294400930404663
0.5043424367904663
0.3863549530506134
0.3103627562522888
0.3863549530506134
0.13397078216075897
0.316724956035614
0.316724956035614
0.2786625027656555
0.07057037949562073
0.08222004771232605
0.38222870230674744
0.316724956035614
0.3863549530506134
0.3189939856529236
0.09272501617670059
0.10010581463575363
0.5597176551818848
0.11690341681241989
0.3863549530506134
0.14667268097400665
0.25038623809814453
0.3469085693359375
0.1252034306526184
0.3863549530506134
0.14169400930404663
0.3863549530506134
0.11406928300857544
0.30910712480545044
0.06529774516820908
0.2608261704444885
0.08962742984294891
0.08222004771232605
0.11433292925357819
0.11620199680328369
0.3153995871543884
0.23747824132442474
0.3568350672721863
0.19646655023097992
0.10194733738899231
0.3863549530506134
0.06892843544483185
0.06301779299974442
0.316724956035614
0.42294400930404663
0.21381095051765442
0.21658100187778473
0.2169480174779892
0.3863549530506134
0.2010011076927185
0.3103627562522888
0.20211513340473175
0.4220481514930725
0.05980561673641205
0.1910117119550705
0.3863549530506134
0.11665820330381393
0.27248483896255493
0.3156297206878662
0.3103627562522888
0.22922299802303314
0.3863549530506134
0.3365132212638855
0.24429528415203094
0.3863549530506134
0.3863549530506134
0.06763184815645218
0.3869209885597229
0.14285241067409515
0.20223893225193024
0.3103627562522888
0.23106177151203156
0.5320934057235718
0.20127156376838684
0.42216554284095764
0.21264681220054626
0.288163959980011
0.3863549530506134
0.17015759646892548
0.42294400930404663
0.3541019558906555
0.22496266663074493
0.08368886262178421
0.07989195734262466
0.08854668587446213
0.11016608029603958
0.3863549530506134
0.1592027246952057
0.4483141005039215
0.08960460871458054
0.15578614175319672
0.37634921073913574
0.13750095665454865
0.3863549530506134
0.5522123575210571
0.316724956035614
0.12310076504945755
0.2490004450082779
0.15665006637573242
0.3863549530506134
0.38182494044303894
0.4430592656135559
0.04964212328195572
0.22005310654640198
0.12812621891498566
0.4159145653247833
0.09379464387893677
0.05454980581998825
0.13157989084720612
0.11344172805547714
0.3863549530506134
0.6206831932067871
0.3863549530506134
0.09373153001070023
0.3863549530506134
0.0841863825917244
0.3103627562522888
0.13078783452510834
0.19891490042209625
0.1123373731970787
0.40424495935440063
0.11459671705961227
0.005782545078545809
0.15048663318157196
0.3989720344543457
0.1812324970960617
0.3863549530506134
0.26738280057907104
0.06990648061037064
0.316724956035614
0.2608261704444885
0.1759055107831955
0.3863549530506134
0.26608747243881226
0.20318050682544708
0.27691715955734253
0.045492999255657196
0.3863549530506134
0.3743743598461151
0.3760198950767517
0.39059916138648987
0.3863549530506134
0.27915775775909424
0.2103692591190338
0.18494530022144318
0.316724956035614
0.3863549530506134
0.08268279582262039
0.12905962765216827
0.24429528415203094
0.3760198950767517
0.3616065979003906
0.3863549530506134
0.42294400930404663
0.2816344201564789
0.11608736962080002
0.481609046459198
0.07802126556634903
0.2734275460243225
0.0983169749379158
0.2050747573375702
0.14357085525989532
0.11251606792211533
0.19093723595142365
0.1413535475730896
0.04858654737472534
0.316724956035614
0.409851610660553
0.1506088525056839
0.07480191439390182
0.3863549530506134
0.42294400930404663
0.12720201909542084
0.06728998571634293
0.2040403038263321
0.3894840478897095
0.20567862689495087
0.19761468470096588
0.2567477226257324
0.22002175450325012
0.1483123004436493
0.0764375850558281
0.11693098396062851
0.056407712399959564
0.09063967317342758
0.4483141005039215
0.20946814119815826
0.09834811836481094
0.3103627562522888
0.09317747503519058
0.316724956035614
0.09341909736394882
0.3678053021430969
0.13141316175460815
0.12990568578243256
0.16794009506702423
0.2239500731229782
0.25652992725372314
0.040659911930561066
0.42294400930404663
0.3863549530506134
0.16249747574329376
0.15006692707538605
0.0798523798584938
0.2010747492313385
0.44744807481765747
0.3618771731853485
0.316724956035614
0.316724956035614
0.11526240408420563
0.2094997614622116
0.09317747503519058
0.22368960082530975
0.027006037533283234
0.3863549530506134
0.5390178561210632
0.09073016792535782
0.3863549530506134
0.14149083197116852
0.12497205287218094
0.08646025508642197
0.08573604375123978
0.3863549530506134
0.11944197863340378
0.10559199005365372
0.09205516427755356
0.3446189761161804
0.21561123430728912
0.3863549530506134
0.30711713433265686
0.42294400930404663
0.1477351039648056
0.08068050444126129
0.316724956035614
0.21717926859855652
0.13122078776359558
0.054706964641809464
0.09272501617670059
0.2896384000778198
0.09218449145555496
0.4316627085208893
0.3863549530506134
0.3863549530506134
0.1383747011423111
0.296462744474411
0.1996544599533081
0.18856890499591827
0.13976545631885529
0.2276328057050705
0.05606039613485336
0.07568823546171188
0.0977330356836319
0.15817539393901825
0.1608249694108963
0.16220073401927948
0.1253776103258133
0.3395531475543976
0.1178026869893074
0.29562273621559143
0.3103627562522888
0.3103627562522888
0.1657121777534485
0.10241656750440598
0.316724956035614
0.3863549530506134
0.13663022220134735
0.10282894223928452
0.18869642913341522
0.3863549530506134
0.3863549530506134
0.16875088214874268
0.25019553303718567
0.05487572029232979
0.3863549530506134
0.06996846944093704
0.3273685872554779
0.1768619865179062
0.316724956035614
0.5251736640930176
0.24833805859088898
0.20275112986564636
0.16807900369167328
0.3863549530506134
0.39533543586730957
0.42294400930404663
0.19655291736125946
0.14507657289505005
0.23329037427902222
0.16249896585941315
0.316724956035614
0.47601768374443054
0.17745886743068695
0.1910814344882965
0.14441944658756256
0.24429528415203094
0.3303726315498352
0.3863549530506134
0.05987277999520302
0.47601768374443054
0.06912945210933685
0.31603336334228516
0.11964172124862671
0.3248481750488281
0.23636138439178467
0.11444465070962906
0.05686497688293457
0.3863549530506134
0.07494664192199707
0.2608261704444885
0.36741310358047485
0.12973235547542572
0.12477289885282516
0.3863549530506134
0.24429528415203094
0.0851365178823471
0.3863549530506134
0.07782377302646637
0.05887685716152191
0.3863549530506134
0.3863549530506134
0.14868280291557312
0.14247289299964905
0.05969247221946716
0.42294400930404663
0.0543743297457695
0.11766108125448227
0.1826469451189041
0.0668334811925888
0.13672293722629547
0.14534848928451538
0.235710009932518
0.3863549530506134
0.08493625372648239
0.15901042520999908
0.3863549530506134
0.20668505132198334
0.20802584290504456
0.11842329800128937
0.42294400930404663
0.3568350672721863
0.316724956035614
0.17499205470085144
0.08833955973386765
0.36063170433044434
0.23875415325164795
0.12195035070180893
0.24429528415203094
0.4078369140625
0.054834336042404175
0.42294400930404663
0.07862559705972672
0.2863216698169708
0.33285295963287354
0.42294400930404663
0.09260965883731842
0.35624730587005615
0.3863549530506134
0.3020947575569153
0.08276167511940002
0.15683771669864655
0.16874755918979645
0.19819439947605133
0.0684376135468483
0.08005750924348831
0.15463441610336304
0.07277671247720718
0.11825711280107498
0.03336269408464432
0.10928156226873398
0.24429528415203094
0.3863549530506134
0.316724956035614
0.07921948283910751
0.39533543586730957
0.20489712059497833
0.316724956035614
0.3103627562522888
0.07866107672452927
0.1458636075258255
0.3863549530506134
0.23419053852558136
0.3103627562522888
0.2608261704444885
0.3863549530506134
0.059609465301036835
0.3863549530506134
0.08562591671943665
0.3863549530506134
0.22325511276721954
0.16141963005065918
0.05791020765900612
0.20794181525707245
0.02146376296877861
0.46582531929016113
0.16307662427425385
0.316724956035614
0.349037766456604
0.23644773662090302
0.21531300246715546
0.10401340574026108
0.42294400930404663
0.295958936214447
0.3863549530506134
0.10042303055524826
0.04593273997306824
0.316724956035614
0.3863549530506134
0.32945477962493896
0.0813409686088562
0.06663458049297333
0.30411508679389954
0.3863549530506134
0.3863549530506134
0.3863549530506134
0.3863549530506134
0.09529343992471695
0.2608261704444885
0.41700661182403564
0.08923690021038055
0.3863549530506134
0.12628404796123505
0.4186537563800812
0.13430210947990417
0.2608261704444885
0.09272501617670059
0.34739813208580017
0.3392637372016907
0.05636223405599594
0.46596693992614746
0.3103627562522888
0.30538293719291687
0.3678053021430969
0.34282249212265015
0.42294400930404663
0.11400571465492249
0.316724956035614
0.26570409536361694
0.3103627562522888
0.48828643560409546
0.24021072685718536
0.39201703667640686
0.2608261704444885
0.3103627562522888
0.19160401821136475
0.09260965883731842
0.15408237278461456
0.3863549530506134
0.33370441198349
0.09396164864301682
0.3103627562522888
0.33809933066368103
0.07684291154146194
0.3905763328075409
0.3863549530506134
0.46097713708877563
0.1294739991426468
0.07885093241930008
0.1679932326078415
0.316724956035614
0.22535769641399384
0.20044852793216705
0.05013621598482132
0.1297226995229721
0.3103627562522888
0.27730149030685425
0.1606803983449936
0.2366243153810501
0.18606020510196686
0.20097719132900238
0.3863549530506134
0.09846434742212296
0.15171854197978973
0.3863549530506134
0.12712635099887848
0.3863549530506134
0.13219834864139557
0.15055593848228455
0.08319633454084396
0.3366149663925171
0.19832120835781097
0.3103627562522888
0.1324651837348938
0.316724956035614
0.2916799485683441
0.3863549530506134
0.15951941907405853
0.42294400930404663
0.042587101459503174
0.18304802477359772
0.09067559242248535
0.13557882606983185
0.3863549530506134
0.47601768374443054
0.316724956035614
0.10496145486831665
0.1492575705051422
0.2250097543001175
0.22191037237644196
0.4192778468132019
0.2456359714269638
0.3863549530506134
0.3443903923034668
0.3863549530506134
0.05439294874668121
0.2249412089586258
0.3863549530506134
0.17755092680454254
0.288163959980011
0.3863549530506134
0.19424490630626678
0.14609359204769135
0.07448790967464447
0.3863549530506134
0.316724956035614
0.09911292046308517
0.13870690762996674
0.18455275893211365
0.1229696199297905
0.09785140305757523
0.20823605358600616
0.316724956035614
0.07585970312356949
0.03926844149827957
0.07146599143743515
0.17562051117420197
0.077438123524189
0.3103627562522888
0.4483141005039215
0.10356120765209198
0.12662579119205475
0.3863549530506134
0.1649862378835678
0.4483141005039215
0.14856578409671783
0.11266516149044037
0.316724956035614
0.07902801781892776
0.3863549530506134
0.3863549530506134
0.42869025468826294
0.3863549530506134
0.12268225848674774
0.1442575305700302
0.050507210195064545
0.1025264635682106
0.3103627562522888
0.09446121007204056
0.1388675719499588
0.08485228568315506
0.1937829554080963
0.3863549530506134
0.11385758966207504
0.28131741285324097
0.21056333184242249
0.08023651689291
0.316724956035614
0.36386653780937195
0.136901393532753
0.5139186382293701
0.316724956035614
0.2983938157558441
0.34966105222702026
0.15937526524066925
0.17564986646175385
0.44231313467025757
0.24429528415203094
0.23526279628276825
0.0975872054696083
0.20802584290504456
0.316724956035614
0.3103627562522888
0.4483141005039215
0.10117481648921967
0.11831789463758469
0.3863549530506134
0.31558236479759216
0.33352041244506836
0.3103695511817932
0.316724956035614
0.11498715728521347
0.0923956036567688
0.3863549530506134
0.4052804708480835
0.05708213895559311
0.28131741285324097
0.09317747503519058
0.09772760421037674
0.3835256099700928
0.11724680662155151
0.3042713403701782
0.06714170426130295
0.15082161128520966
0.164419487118721
0.4316627085208893
0.3863549530506134
0.2510391175746918
0.1831752508878708
0.24429528415203094
0.11459153145551682
0.03683120012283325
0.316724956035614
0.3103627562522888
0.1786414235830307
0.18094615638256073
0.28000083565711975
0.05972675979137421
0.15411213040351868
0.23585498332977295
0.24700064957141876
0.3103627562522888
0.3103627562522888
0.2903560996055603
0.3863549530506134
0.29368528723716736
0.10015638917684555
0.3103627562522888
0.42294400930404663
0.22803442180156708
0.15584354102611542
0.4483141005039215
0.055345963686704636
0.4627291262149811
0.27434241771698
0.3905763328075409
0.3437414765357971
0.3863549530506134
0.316724956035614
0.15069760382175446
0.09260157495737076
0.18105117976665497
0.17949362099170685
0.09047689288854599
0.06506194174289703
0.316724956035614
0.17584644258022308
0.34473752975463867
0.06346914917230606
0.313870370388031
0.17840996384620667
0.316724956035614
0.29796451330184937
0.3863549530506134
0.20116086304187775
0.17220641672611237
0.10074050724506378
0.357344388961792
0.3863549530506134
0.23950640857219696
0.3317359685897827
0.17235660552978516
0.316724956035614
0.15557219088077545
0.18128111958503723
0.2769964635372162
0.24429528415203094
0.15516029298305511
0.13122078776359558
0.3768945634365082
0.12679453194141388
0.12573985755443573
0.09727085381746292
0.1909201294183731
0.10823704302310944
0.10683831572532654
0.43084973096847534
0.4373443126678467
0.0816178098320961
0.15849536657333374
0.1456187218427658
0.0667472556233406
0.1108451634645462
0.3576970100402832
0.11111002415418625
0.07097482681274414
0.16287197172641754
0.4483141005039215
0.4483141005039215
0.2837715446949005
0.3863549530506134
0.10204531997442245
0.170575350522995
0.3576747179031372
0.26674020290374756
0.20716099441051483
0.316724956035614
0.3863549530506134
0.14119893312454224
0.07978267967700958
0.2608261704444885
0.27478814125061035
0.18659107387065887
0.3863549530506134
0.3103627562522888
0.28483083844184875
0.42294400930404663
0.09006962180137634
0.08045123517513275
0.17356465756893158
0.2172437161207199
0.1083899512887001
0.3863549530506134
0.07494664192199707
0.25248271226882935
0.06916255503892899
0.2608261704444885
0.12707555294036865
0.4054467976093292
0.3103627562522888
0.1701209992170334
0.3749052882194519
0.32293155789375305
0.3863549530506134
0.0903247594833374
0.42294400930404663
0.07735992223024368
0.2608261704444885
0.3760198950767517
0.3863549530506134
0.12867246568202972
0.14969249069690704
0.3863549530506134
0.0672791600227356
0.3863549530506134
0.316724956035614
0.3863549530506134
0.14632152020931244
0.18531323969364166
0.4203808307647705
0.1932903677225113
0.2608261704444885
0.3863549530506134
0.14340081810951233
0.3863549530506134
0.3863549530506134
0.1204201877117157
0.05959303304553032
0.03411483019590378
0.10486901551485062
0.316724956035614
0.09566531330347061
0.121930330991745
0.3863549530506134
0.37188154458999634
0.38001999258995056
0.12651559710502625
0.18053241074085236
0.33199095726013184
0.09272501617670059
0.2581602931022644
0.07581594586372375
0.16028167307376862
0.3863549530506134
0.2608261704444885
0.42294400930404663
0.1103033497929573
0.09525976330041885
0.05146925151348114
0.3863549530506134
0.39201703667640686
0.08898807317018509
0.13822364807128906
0.3863549530506134
0.316724956035614
0.3863549530506134
0.12265336513519287
0.043489255011081696
0.3494391441345215
0.2837715446949005
0.1455223709344864
0.07775502651929855
0.18572664260864258
0.3863549530506134
0.16881190240383148
0.07127021998167038
0.12610097229480743
0.31399163603782654
0.4038900136947632
0.316724956035614
0.24429528415203094
0.3863549530506134
0.316724956035614
0.316724956035614
0.14598117768764496
0.09920816123485565
0.05093879997730255
0.31995391845703125
0.15374140441417694
0.1159205213189125
0.39947205781936646
0.07310277223587036
0.09547366946935654
0.3103627562522888
0.04965043067932129
0.19544321298599243
0.16717012226581573
0.10660160332918167
0.17087404429912567
0.3863549530506134
0.06523223966360092
0.3863549530506134
0.42294400930404663
0.24696685373783112
0.010386683978140354
0.35432952642440796
0.0884634479880333
0.1050276979804039
0.42294400930404663
0.3863549530506134
0.04541536048054695
0.3863549530506134
0.31338489055633545
0.22168214619159698
0.3103627562522888
0.42294400930404663
0.1853293627500534
0.21062597632408142
0.15380695462226868
0.3121088743209839
0.07611555606126785
0.11116741597652435
0.25139495730400085
0.06867650896310806
0.3693893551826477
0.15279333293437958
0.28592920303344727
0.20756417512893677
0.0902772769331932
0.1460019052028656
0.316724956035614
0.316724956035614
0.3580440878868103
0.316724956035614
0.316724956035614
0.15881496667861938
0.368752121925354
0.3863549530506134
0.316724956035614
0.39456886053085327
0.2969735264778137
0.3863549530506134
0.40901023149490356
0.4597012996673584
0.3863549530506134
0.11137271672487259
0.2562987804412842
0.24517318606376648
0.1284950226545334
0.07741117477416992
0.316724956035614
0.2911933660507202
0.316724956035614
0.12376561015844345
0.2130468338727951
0.3103627562522888
0.3863549530506134
0.3863549530506134
0.05969247221946716
0.3103627562522888
0.06166435033082962
0.29815348982810974
0.35061153769493103
0.3863549530506134
0.30711713433265686
0.25694864988327026
0.3863549530506134
0.060053519904613495
0.16365891695022583
0.2608261704444885
0.1648026406764984
0.29094189405441284
0.3144032061100006
0.10634861886501312
0.1713649332523346
0.12579528987407684
0.3863549530506134
0.08198239654302597
0.4498615264892578
0.3863549530506134
0.23592497408390045
0.15043069422245026
0.3161417245864868
0.33602625131607056
0.07418910413980484
0.42294400930404663
0.07037381827831268
0.2331901341676712
0.3580440878868103
0.38530975580215454
0.3863549530506134
0.3863549530506134
0.4483141005039215
0.12474601715803146
0.23648859560489655
0.09827306121587753
0.3103627562522888
0.06177967041730881
0.13572220504283905
0.3863549530506134
0.17205210030078888
0.12202124297618866
0.17886944115161896
0.3349972367286682
0.379903107881546
0.18497660756111145
0.11406587809324265
0.11055240780115128
0.3863549530506134
0.3017610013484955
0.3863549530506134
0.043647170066833496
0.3077619671821594
0.19118298590183258
0.14348798990249634
0.07058849185705185
0.17316390573978424
0.3044052720069885
0.4483141005039215
0.14250247180461884
0.4424484670162201
0.3863549530506134
0.22049595415592194
0.41640689969062805
0.09624344855546951
0.08406884968280792
0.23282800614833832
0.14634384214878082
0.23466065526008606
0.316724956035614
0.316724956035614
0.2098584920167923
0.0582834929227829
0.11662671715021133
0.09962049871683121
0.11521431803703308
0.0902055874466896
0.42294400930404663
0.06592398136854172
0.3863549530506134
0.11283350735902786
0.08785328269004822
0.1376989632844925
0.22315843403339386
0.1164519414305687
0.0879627987742424
0.09904950857162476
0.18246252834796906
0.06745597720146179
0.16449715197086334
0.3863549530506134
0.27156731486320496
0.06127311289310455
0.2608261704444885
0.3863549530506134
0.3905763328075409
0.07750838994979858
0.12885881960391998
0.3103627562522888
0.5273241400718689
0.14397267997264862
0.3863549530506134
0.23698244988918304
0.42294400930404663
0.10984546691179276
0.3863549530506134
0.003172558266669512
0.12662282586097717
0.09603026509284973
0.18405108153820038
0.3863549530506134
0.42294400930404663
0.23395197093486786
0.0897621214389801
0.35937419533729553
0.5004971027374268
0.40699976682662964
0.2350105494260788
0.3863549530506134
0.09692060202360153
0.3863549530506134
0.233177050948143
0.42294400930404663
0.11328267306089401
0.288163959980011
0.18774433434009552
0.4903148114681244
0.3103627562522888
0.27835631370544434
0.316724956035614
0.1695304661989212
0.316724956035614
0.24333512783050537
0.16317282617092133
0.3863549530506134
0.1505940854549408
0.2608261704444885
0.14418621361255646
0.316724956035614
0.12027426809072495
0.3863549530506134
0.29388976097106934
0.09715908020734787
0.3818904161453247
0.14869901537895203
0.29794174432754517
0.3863549530506134
0.10604002326726913
0.2181079238653183
0.3243255913257599
0.08222004771232605
0.05492645129561424
0.07993300259113312
0.06300587207078934
0.3103627562522888
0.0824960246682167
0.03637209162116051
0.15173809230327606
0.3863549530506134
0.036182232201099396
0.10946093499660492
0.20243577659130096
0.3103627562522888
0.4483141005039215
0.42294400930404663
0.06176712363958359
0.316724956035614
0.2782674729824066
0.17108942568302155
0.316724956035614
0.3307502865791321
0.10267791897058487
0.22252123057842255
0.3820444941520691
0.498501181602478
0.05969247221946716
0.3699359595775604
0.31527233123779297
0.20660024881362915
0.09563028812408447
0.10806913673877716
0.3863549530506134
0.3863549530506134
0.3863549530506134
0.42294400930404663
0.1119626984000206
0.21964861452579498
0.3907535672187805
0.3863549530506134
0.2837715446949005
0.17767728865146637
0.1857982724905014
0.3863549530506134
0.06568095833063126
0.09374137967824936
0.40349316596984863
0.11526408046483994
0.24429528415203094
0.11169568449258804
0.4483141005039215
0.22922299802303314
0.3580440878868103
0.36161983013153076
0.12321188300848007
0.3863549530506134
0.07967355102300644
0.1488559991121292
0.10379723459482193
0.06179984658956528
0.2840261161327362
0.1178031787276268
0.2608261704444885
0.08978872001171112
0.3863549530506134
0.26738280057907104
0.16636128723621368
0.3977288603782654
0.19558708369731903
0.3863549530506134
0.3863549530506134
0.3863549530506134
0.24429528415203094
0.043579407036304474
0.316724956035614
0.21296261250972748
0.3375219702720642
0.3863549530506134
0.08692093938589096
0.11673606187105179
0.316724956035614
0.05969247221946716
0.24429528415203094
0.3863549530506134
0.14462293684482574
0.4703229069709778
0.11142235994338989
0.13110752403736115
0.316724956035614
0.3863549530506134
0.36474165320396423
0.1052466630935669
0.21998782455921173
0.22293172776699066
0.18341337144374847
0.1639503687620163
0.3823375105857849
0.30698931217193604
0.14433331787586212
0.3863549530506134
0.3863549530506134
0.09582804888486862
0.35182738304138184
0.05616012215614319
0.17482338845729828
0.08130720257759094
0.42216554284095764
0.26062434911727905
0.23231185972690582
0.23526279628276825
0.43401163816452026
0.4316627085208893
0.07359598577022552
0.2990705370903015
0.2534852623939514
0.057362109422683716
0.41518670320510864
0.3863549530506134
0.3372689485549927
0.0962807908654213
0.10484179109334946
0.3777630925178528
0.2481873631477356
0.11888650804758072
0.0921921581029892
0.2826717495918274
0.3103627562522888
0.2608261704444885
0.316724956035614
0.2046746462583542
0.09958942979574203
0.06377715617418289
0.16688358783721924
0.3863549530506134
0.4483141005039215
0.0708392783999443
0.11264308542013168
0.08009935170412064
0.08872995525598526
0.16460122168064117
0.11023643612861633
0.316724956035614
0.19773921370506287
0.18238049745559692
0.11199184507131577
0.31876248121261597
0.17266367375850677
0.24845580756664276
0.08206864446401596
0.09666873514652252
0.20675377547740936
0.09272501617670059
0.2535373568534851
0.3863549530506134
0.1259736567735672
0.3863549530506134
0.3128191828727722
0.316724956035614
0.10793186724185944
0.32462072372436523
0.13262353837490082
0.3863549530506134
0.21562685072422028
0.1565679907798767
0.11593318730592728
0.2932693362236023
0.37512218952178955
0.316724956035614
0.316724956035614
0.42294400930404663
0.18912674486637115
0.287769615650177
0.47983407974243164
0.3863549530506134
0.3103627562522888
0.4498615264892578
0.131216898560524
0.08878279477357864
0.13011547923088074
0.39164936542510986
0.10139116644859314
0.15286312997341156
0.285147488117218
0.1786998063325882
0.424349844455719
0.24071788787841797
0.4483141005039215
0.24008868634700775
0.3863549530506134
0.2316596657037735
0.316724956035614
0.3863549530506134
0.39533543586730957
0.18936927616596222
0.2985725700855255
0.316724956035614
0.13617779314517975
0.07665053755044937
0.2635103464126587
0.24857096374034882
0.3103627562522888
0.1261395812034607
0.316724956035614
0.1174158826470375
0.1592312604188919
0.10598253458738327
0.06954865902662277
0.16451872885227203
0.17939524352550507
0.316724956035614
0.4051768481731415
0.05969247221946716
0.3863549530506134
0.09877840429544449
0.16568584740161896
0.3103627562522888
0.24956955015659332
0.22875215113162994
0.42294400930404663
0.248435840010643
0.3863549530506134
0.4316627085208893
0.2706039249897003
0.15643635392189026
0.22049595415592194
0.3420047163963318
0.23382380604743958
0.3931763768196106
0.4162933826446533
0.12235752493143082
0.1567964404821396
0.09890035539865494
0.316724956035614
0.12557439506053925
0.19758005440235138
0.3284846544265747
0.316724956035614
0.060354892164468765
0.3863549530506134
0.3392637372016907
0.3863549530506134
0.05942857265472412
0.3164253234863281
0.3863549530506134
0.26251915097236633
0.3103627562522888
0.11421231180429459
0.3863549530506134
0.09503567218780518
0.44059228897094727
0.3863549530506134
0.11350459605455399
0.40086913108825684
0.19278107583522797
0.316724956035614
0.11424993723630905
0.05969247221946716
0.07516679912805557
0.3863549530506134
0.4316627085208893
0.22368203103542328
0.10050054639577866
0.42294400930404663
0.17960554361343384
0.14846640825271606
0.23017100989818573
0.3863549530506134
0.3743743598461151
0.15228649973869324
0.3103627562522888
0.11150915920734406
0.316724956035614
0.3863549530506134
0.08130720257759094
0.3863549530506134
0.09027953445911407
0.13568788766860962
0.39195090532302856
0.4762102961540222
0.17673152685165405
0.2856127619743347
0.3863549530506134
0.3863549530506134
0.20613348484039307
0.3103627562522888
0.3863549530506134
0.3863549530506134
0.10340194404125214
0.14971737563610077
0.3552405536174774
0.3863549530506134
0.26413530111312866
0.24429528415203094
0.1682407706975937
0.2667970657348633
0.2271372526884079
0.3863549530506134
0.40347346663475037
0.2352750599384308
0.1157514825463295
0.13327743113040924
0.08222004771232605
0.11838523298501968
0.42294400930404663
0.3863549530506134
0.316724956035614
0.06636085361242294
0.3863549530506134
0.3103627562522888
0.3863549530506134
0.3863549530506134
0.18074668943881989
0.08240370452404022
0.31308281421661377
0.29120466113090515
0.07989655435085297
0.23169353604316711
0.316724956035614
0.316724956035614
0.09244627505540848
0.35329240560531616
0.30455970764160156
0.4483141005039215
0.47474390268325806
0.316724956035614
0.1407562792301178
0.2837715446949005
0.22455833852291107
0.1059592142701149
0.10469867289066315
0.20528848469257355
0.09004447609186172
0.3103627562522888
0.2623889744281769
0.17468959093093872
0.24174191057682037
0.2390846312046051
0.12570202350616455
0.13317598402500153
0.24429528415203094
0.17708326876163483
0.35925203561782837
0.1942657083272934
0.17951203882694244
0.06806553155183792
0.41437894105911255
0.3863549530506134
0.17849509418010712
0.42294400930404663
0.20708517730236053
0.18080191314220428
0.07905467599630356
0.1251508891582489
0.3863549530506134
0.42294400930404663
0.2994322180747986
0.39954590797424316
0.13128550350666046
0.3863549530506134
0.15336105227470398
0.3863549530506134
0.3863549530506134
0.42294400930404663
0.3863549530506134
0.10216054320335388
0.34453219175338745
0.3743743598461151
0.215554878115654
0.1141386404633522
0.42294400930404663
0.19711093604564667
0.07905391603708267
0.3743743598461151
0.25950127840042114
0.1848079413175583
0.316724956035614
0.13607095181941986
0.38711267709732056
0.10781211405992508
0.3863549530506134
0.33219051361083984
0.09810742735862732
0.32793140411376953
0.2688896656036377
0.3863549530506134
0.026486927643418312
0.18402765691280365
0.16573669016361237
0.1459112912416458
0.18883609771728516
0.19742484390735626
0.3863549530506134
0.1425628364086151
0.1844174712896347
0.20297740399837494
0.3760198950767517
0.3863549530506134
0.11838523298501968
0.15106387436389923
0.38273608684539795
0.09019391983747482
0.08010784536600113
0.28131741285324097
0.16867421567440033
0.316724956035614
0.08862713724374771
0.3103627562522888
0.3863549530506134
0.43300575017929077
0.1605372428894043
0.3103627562522888
0.04589705914258957
0.3863549530506134
0.3905763328075409
0.42294400930404663
0.1569748818874359
0.1258266419172287
0.04566068947315216
0.47474390268325806
0.10475873202085495
0.1265103667974472
0.09045949578285217
0.2664097547531128
0.0888618752360344
0.3863549530506134
0.3103627562522888
0.0785246267914772
0.4703229069709778
0.3863549530506134
0.1748785525560379
0.1796577125787735
0.16783496737480164
0.20067445933818817
0.29289641976356506
0.17301663756370544
0.2283656895160675
0.4296919107437134
0.41351866722106934
0.26857298612594604
0.0543743297457695
0.3863549530506134
0.3863549530506134
0.06944895535707474
0.24429528415203094
0.3863549530506134
0.06575098633766174
0.4553460478782654
0.3863549530506134
0.15878860652446747
0.2608261704444885
0.2608261704444885
0.06454864144325256
0.031458042562007904
0.09272501617670059
0.2686077058315277
0.17850719392299652
0.21864332258701324
0.21431845426559448
0.07866107672452927
0.16833515465259552
0.26321619749069214
0.3863549530506134
0.24429528415203094
0.4374349117279053
0.21315674483776093
0.226177379488945
0.1713339239358902
0.2926410734653473
0.05969247221946716
0.3103627562522888
0.16601286828517914
0.18585486710071564
0.3863549530506134
0.21599817276000977
0.4483141005039215
0.3043886125087738
0.07821201533079147
0.39533543586730957
0.24725861847400665
0.11785586923360825
0.3863549530506134
0.04337797686457634
0.34833019971847534
0.14516735076904297
0.15334166586399078
0.3863549530506134
0.31359609961509705
0.3863549530506134
0.09920816123485565
0.12805427610874176
0.3863549530506134
0.24544231593608856
0.14294350147247314
0.29350554943084717
0.17617572844028473
0.4483141005039215
0.16018791496753693
0.3863549530506134
0.03620019555091858
0.3103627562522888
0.20322616398334503
0.21190063655376434
0.12703147530555725
0.32509124279022217
0.16098549962043762
0.09628167003393173
0.14027588069438934
0.2937271296977997
0.4483141005039215
0.17119960486888885
0.07065482437610626
0.06771562993526459
0.3863549530506134
0.3863549530506134
0.10370028764009476
0.09494422376155853
0.323060005903244
0.1519547551870346
0.09954719990491867
0.29094189405441284
0.2608261704444885
0.42294400930404663
0.316724956035614
0.42294400930404663
0.04698453098535538
0.12905248999595642
0.22345007956027985
0.26088231801986694
0.42294400930404663
0.07269082218408585
0.16317813098430634
0.3743743598461151
0.10595669597387314
0.40142035484313965
0.1337059587240219
0.15450941026210785
0.3863549530506134
0.42294400930404663
0.3863549530506134
0.23227748274803162
0.3863549530506134
0.14495451748371124
0.42879849672317505
0.2604873478412628
0.41258400678634644
0.0825929045677185
0.316724956035614
0.316724956035614
0.42294400930404663
0.30711713433265686
0.06720853596925735
0.09707643836736679
0.30698931217193604
0.7022925615310669
0.05969247221946716
0.316724956035614
0.3863549530506134
0.42294400930404663
0.20802584290504456
0.18157993257045746
0.2056962251663208
0.28442102670669556
0.1203325167298317
0.15734022855758667
0.3863549530506134
0.3863549530506134
0.2496344894170761
0.3103695511817932
0.06773024797439575
0.06251218169927597
0.298659086227417
0.20625869929790497
0.05969247221946716
0.2836329936981201
0.3628931939601898
0.3863549530506134
0.3189255893230438
0.2173222154378891
0.26799529790878296
0.2608261704444885
0.316724956035614
0.28131741285324097
0.3863549530506134
0.2931991517543793
0.08820632845163345
0.174846813082695
0.0997852087020874
0.3863549530506134
0.3863549530506134
0.19467531144618988
0.15818382799625397
0.11146625131368637
0.3863549530506134
0.15540941059589386
0.08899588137865067
0.1511009931564331
0.42806553840637207
0.09979719668626785
0.3863549530506134
0.25151148438453674
0.42294400930404663
0.316724956035614
0.12044314295053482
0.41640689969062805
0.1736706644296646
0.30711713433265686
0.14144636690616608
0.3103627562522888
0.07454433292150497
0.13152964413166046
0.22670523822307587
0.09514530748128891
0.4237002730369568
0.316724956035614
0.14496415853500366
0.17574243247509003
0.42294400930404663
0.17134849727153778
0.4483141005039215
0.1988142430782318
0.11666067689657211
0.23856040835380554
0.3103627562522888
0.0813409686088562
0.20311738550662994
0.09132073819637299
0.2608261704444885
0.13715754449367523
0.1629628837108612
0.24429528415203094
0.42294400930404663
0.15411962568759918
0.3863549530506134
0.05969247221946716
0.316724956035614
0.18925809860229492
0.15848225355148315
0.14210382103919983
0.4483141005039215
0.1867348998785019
0.11434351652860641
0.2553890645503998
0.13498373329639435
0.316724956035614
0.06780510395765305
0.3863549530506134
0.3108842968940735
0.16378720104694366
0.14042671024799347
0.3103627562522888
0.16385959088802338
0.10289677232503891
0.3863549530506134
0.2905121445655823
0.12738534808158875
0.1751895397901535
0.07866107672452927
0.1353963166475296
0.2899501919746399
0.10070468485355377
0.3188258707523346
0.1326354593038559
0.1772724986076355
0.2608261704444885
0.3668197691440582
0.3863549530506134
0.07935614138841629
0.09541700035333633
0.3863549530506134
0.07936450093984604
0.055189985781908035
0.4225676655769348
0.15987758338451385
0.3103627562522888
0.2684491276741028
0.22038929164409637
0.2936140298843384
0.08587228506803513
0.4469214081764221
0.09074423462152481
0.20227675139904022
0.2514966130256653
0.26319414377212524
0.20993195474147797
0.42294400930404663
0.0779557004570961
0.3863549530506134
0.07335277646780014
0.07307595014572144
0.3863549530506134
0.18926019966602325
0.3863549530506134
0.3103627562522888
0.2932518720626831
0.09992409497499466
0.08937883377075195
0.1612897366285324
0.13778331875801086
0.17028604447841644
0.12399428337812424
0.3863549530506134
0.5216331481933594
0.1453189104795456
0.1675768345594406
0.29664501547813416
0.40349316596984863
0.3863549530506134
0.12644776701927185
0.28116363286972046
0.3863549530506134
0.12192326784133911
0.19832216203212738
0.13124096393585205
0.3863549530506134
0.382191002368927
0.49610817432403564
0.14849206805229187
0.2017316073179245
0.1395460069179535
0.06668689101934433
0.08223264664411545
0.21257920563220978
0.11385179311037064
0.42294400930404663
0.316724956035614
0.10281989723443985
0.15527470409870148
0.20039582252502441
0.316724956035614
0.3905763328075409
0.08389710634946823
0.061141237616539
0.29682713747024536
0.11859530210494995
0.3022993803024292
0.4483141005039215
0.2427292764186859
0.2180825024843216
0.08390003442764282
0.316724956035614
0.025915438309311867
0.06932554394006729
0.23526279628276825
0.10871680825948715
0.0910462960600853
0.1217907965183258
0.11838523298501968
0.29802918434143066
0.2745818495750427
0.11944311112165451
0.21792815625667572
0.41640689969062805
0.32180047035217285
0.19606433808803558
0.42294400930404663
0.38483864068984985
0.3103627562522888
0.20380301773548126
0.2633943557739258
0.5059088468551636
0.3062784969806671
0.1141909658908844
0.23526279628276825
0.49187856912612915
0.3863549530506134
0.28262218832969666
0.34077930450439453
0.17780575156211853
0.1687445491552353
0.13179141283035278
0.24663111567497253
0.32293155789375305
0.2900097668170929
0.23121385276317596
0.10662806779146194
0.0881977453827858
0.3863549530506134
0.420536607503891
0.1196165606379509
0.2608261704444885
0.15788348019123077
0.11159852892160416
0.3863549530506134
0.4316627085208893
0.3863549530506134
0.09470082819461823
0.2860078513622284
0.2396567165851593
0.14117254316806793
0.21709872782230377
0.24260954558849335
0.2608261704444885
0.3103627562522888
0.42294400930404663
0.10662589222192764
0.3863549530506134
0.15408553183078766
0.07421231269836426
0.19262389838695526
0.4675617218017578
0.11035465449094772
0.17488640546798706
0.17799940705299377
0.27998656034469604
0.10816315561532974
0.4473784565925598
0.316724956035614
0.5216331481933594
0.0822385922074318
0.3863549530506134
0.316724956035614
0.12483002990484238
0.18915201723575592
0.09766604006290436
0.316724956035614
0.1737562119960785
0.4107162356376648
0.4483141005039215
0.3863549530506134
0.21879109740257263
0.11751379817724228
0.3103627562522888
0.07740431278944016
0.16178326308727264
0.17507992684841156
0.08801982551813126
0.13337118923664093
0.1614033281803131
0.13007022440433502
0.1728869527578354
0.20584753155708313
0.41588568687438965
0.10469453781843185
0.3863549530506134
0.23657311499118805
0.10364051908254623
0.16533948481082916
0.0741196796298027
0.35811522603034973
0.4483141005039215
0.2912655472755432
0.316724956035614
0.09260965883731842
0.19623468816280365
0.06452128291130066
0.2473330795764923
0.37210315465927124
0.316724956035614
0.11733011901378632
0.12384035438299179
0.3150358200073242
0.3103627562522888
0.16601493954658508
0.1768583506345749
0.3863549530506134
0.09857606887817383
0.16874288022518158
0.316724956035614
0.4398227632045746
0.14584165811538696
0.4316627085208893
0.13408644497394562
0.3863549530506134
0.3863549530506134
0.07685452699661255
0.14566302299499512
0.16130948066711426
0.10954588651657104
0.24655093252658844
0.316724956035614
0.12551666796207428
0.2608261704444885
0.13705238699913025
0.0987347736954689
0.0819322019815445
0.3103695511817932
0.4892623722553253
0.316724956035614
0.316724956035614
0.3863549530506134
0.42294400930404663
0.2608261704444885
0.3863549530506134
0.22049595415592194
0.3863549530506134
0.18885399401187897
0.1247798427939415
0.3580440878868103
0.42294400930404663
0.13851116597652435
0.1221328154206276
0.4750683009624481
0.3863549530506134
0.316724956035614
0.3155558705329895
0.38222870230674744
0.3863549530506134
0.18853051960468292
0.42294400930404663
0.06051197648048401
0.11592819541692734
0.03448094427585602
0.060552362352609634
0.21615661680698395
0.3863549530506134
0.265543669462204
0.18540583550930023
0.35461902618408203
0.08793097734451294
0.14982996881008148
0.12042587250471115
0.14417003095149994
0.29485732316970825
0.2192397564649582
0.1780659407377243
0.1271560937166214
0.41640689969062805
0.2142765372991562
0.10540217161178589
0.23285289108753204
0.3863549530506134
0.061893872916698456
0.14013312757015228
0.3863549530506134
0.316724956035614
0.133671373128891
0.3103627562522888
0.3863549530506134
0.3863549530506134
0.500102162361145
0.09774353355169296
0.13687348365783691
0.4483141005039215
0.35453808307647705
0.2837684452533722
0.316724956035614
0.3905763328075409
0.316724956035614
0.13415971398353577
0.42294400930404663
0.07494664192199707
0.24872390925884247
0.3103627562522888
0.24956955015659332
0.2608261704444885
0.316724956035614
0.3863549530506134
0.1282774955034256
0.3045297861099243
0.10359921306371689
0.12395062297582626
0.316724956035614
0.09629382193088531
0.3863549530506134
0.22203542292118073
0.11059083789587021
0.22367028892040253
0.10383317619562149
0.049251966178417206
0.2282441109418869
0.11332105845212936
0.25077295303344727
0.3863549530506134
0.12354236096143723
0.5815560221672058
0.42294400930404663
0.29555046558380127
0.19167520105838776
0.42294400930404663
0.1705087274312973
0.3863549530506134
0.1297856718301773
0.2387426644563675
0.16256190836429596
0.10196266323328018
0.20022247731685638
0.4483141005039215
0.258158802986145
0.316724956035614
0.25900933146476746
0.34737807512283325
0.369658887386322
0.3273579478263855
0.3863549530506134
0.06487208604812622
0.20817457139492035
0.18052931129932404
0.18668250739574432
0.0496944822371006
0.3815874457359314
0.1143503487110138
0.07506642490625381
0.07487881928682327
0.22396235167980194
0.500899076461792
0.11434473842382431
0.13805316388607025
0.27831894159317017
0.3031819760799408
0.43095821142196655
0.12591205537319183
0.079245425760746
0.06010264903306961
0.0871359258890152
0.15815000236034393
0.24429528415203094
0.3863549530506134
0.10118008404970169
0.38222870230674744
0.11338680982589722
0.3863549530506134
0.3863549530506134
0.3863549530506134
0.15081466734409332
0.08867805451154709
0.316724956035614
0.44316092133522034
0.21584808826446533
0.23437079787254333
0.40349316596984863
0.11449910700321198
0.24429528415203094
0.42294400930404663
0.19314372539520264
0.08437274396419525
0.11971521377563477
0.17903374135494232
0.19574855268001556
0.12936805188655853
0.33352041244506836
0.14187006652355194
0.3863549530506134
0.3863549530506134
0.3863549530506134
0.3121088743209839
0.3863549530506134
0.20811133086681366
0.22730253636837006
0.07872188836336136
0.07884972542524338
0.300650417804718
0.13613177835941315
0.19562198221683502
0.1853293627500534
0.07782377302646637
0.3863549530506134
0.14787690341472626
0.3905763328075409
0.1417243480682373
0.3863549530506134
0.4483141005039215
0.2608261704444885
0.0879141315817833
0.5071620941162109
0.3076673150062561
0.10314609855413437
0.15584813058376312
0.11272386461496353
0.35097426176071167
0.02799474447965622
0.2235315889120102
0.08202768117189407
0.13006888329982758
0.05704161152243614
0.15735703706741333
0.2300684005022049
0.316724956035614
0.15538102388381958
0.11577486246824265
0.42294400930404663
0.2507203221321106
0.14832833409309387
0.14231489598751068
0.35479772090911865
0.2608261704444885
0.20647509396076202
0.05439681559801102
0.2003449648618698
0.316724956035614
0.2912939190864563
0.11764636635780334
0.15019436180591583
0.3486136794090271
0.4483141005039215
0.06394317001104355
0.42294400930404663
0.7202150225639343
0.3863549530506134
0.054396118968725204
0.11115098744630814
0.316724956035614
0.22859565913677216
0.32193243503570557
0.25183698534965515
0.09826795756816864
0.3863549530506134
0.2816344201564789
0.33957403898239136
0.2804947793483734
0.06354889273643494
0.3103627562522888
0.3103627562522888
0.2608261704444885
0.36169785261154175
0.3863549530506134
0.09837478399276733
0.3863549530506134
0.3072357177734375
0.47998031973838806
0.39875608682632446
0.21059323847293854
0.5531913042068481
0.3863549530506134
0.12616980075836182
0.10435066372156143
0.24429528415203094
0.06409414857625961
0.08561638742685318
0.05226416140794754
0.316724956035614
0.3863549530506134
0.5725373029708862
0.3103627562522888
0.3863549530506134
0.42294400930404663
0.18772123754024506
0.3077448010444641
0.2194630354642868
0.0763835683465004
0.15301506221294403
0.25615397095680237
0.4483141005039215
0.34479182958602905
0.06350208073854446
0.07442716509103775
0.23686803877353668
0.25416794419288635
0.12701137363910675
0.3863549530506134
0.22362972795963287
0.118574358522892
0.24429528415203094
0.32609444856643677
0.38441723585128784
0.381111741065979
0.11250867694616318
0.16093158721923828
0.06974900513887405
0.3749750852584839
0.2608261704444885
0.0543743297457695
0.09260965883731842
0.17228303849697113
0.2931883931159973
0.26462891697883606
0.11823555827140808
0.327860563993454
0.09931913763284683
0.07494664192199707
0.2546818256378174
0.3863549530506134
0.3863549530506134
0.07969854772090912
0.316724956035614
0.08559813350439072
0.20150373876094818
0.1286526769399643
0.11921148747205734
0.08074469119310379
0.13116459548473358
0.2895129919052124
0.2567010521888733
0.25415509939193726
0.0891905203461647
0.3863549530506134
0.24127669632434845
0.5872882008552551
0.1755569875240326
0.316724956035614
0.10857529193162918
0.16069479286670685
0.11341575533151627
0.31667667627334595
0.13007555902004242
0.2608261704444885
0.3168749511241913
0.19197987020015717
0.3149389624595642
0.3224506676197052
0.47474390268325806
0.29118192195892334
0.3863549530506134
0.0870276466012001
0.3863549530506134
0.0863390639424324
0.23413912951946259
0.316724956035614
0.2003372758626938
0.0708116814494133
0.3863549530506134
0.3863549530506134
0.316724956035614
0.21923105418682098
0.21411319077014923
0.1270955502986908
0.08222004771232605
0.5137642621994019
0.06412606686353683
0.3103627562522888
0.3205999732017517
0.24506573379039764
0.42294400930404663
0.42294400930404663
0.42294400930404663
0.27392056584358215
0.3863549530506134
0.15330539643764496
0.3863549530506134
0.11653218418359756
0.15789927542209625
0.3863549530506134
0.316724956035614
0.12473874539136887
0.022912461310625076
0.12463449686765671
0.42687493562698364
0.19495968520641327
0.4316627085208893
0.11076857149600983
0.3863549530506134
0.0650988295674324
0.5392464995384216
0.3863549530506134
0.12981413304805756
0.23365603387355804
0.2336953729391098
0.23410432040691376
0.30052876472473145
0.1563391238451004
0.3437870144844055
0.18853911757469177
0.21278016269207
0.2854413688182831
0.3863549530506134
0.1418120563030243
0.23401235044002533
0.12129290401935577
0.14424221217632294
0.1033882424235344
0.11137678474187851
0.4483141005039215
0.12210308760404587
0.42294400930404663
0.23992596566677094
0.2608261704444885
0.2529984712600708
0.19032110273838043
0.06457740068435669
0.3863549530506134
0.3977288603782654
0.2608261704444885
0.3863549530506134
0.3863549530506134
0.12016650289297104
0.3024808168411255
0.23016487061977386
0.3863549530506134
0.26072344183921814
0.23682846128940582
0.27302396297454834
0.2608261704444885
0.09328436106443405
0.3863549530506134
0.316724956035614
0.11014287918806076
0.26861441135406494
0.0653589740395546
0.07026760280132294
0.10959486663341522
0.11177472025156021
0.1347508728504181
0.3863549530506134
0.06457807868719101
0.316724956035614
0.3863549530506134
0.2106875479221344
0.2723035216331482
0.3863549530506134
0.15971975028514862
0.33771705627441406
0.3568350672721863
0.08940538763999939
0.1771072894334793
0.09666299819946289
0.2716156840324402
0.08526427298784256
0.3863549530506134
0.2003449648618698
0.17150390148162842
0.24444888532161713
0.4483141005039215
0.15801797807216644
0.09719856828451157
0.09358223527669907
0.27018627524375916
0.15412740409374237
0.3863549530506134
0.19895730912685394
0.316724956035614
0.3863549530506134
0.10042396187782288
0.09827306121587753
0.1229696199297905
0.20142890512943268
0.08427470922470093
0.22875849902629852
0.11564964801073074
0.08960119634866714
0.21227172017097473
0.27744388580322266
0.13264860212802887
0.08343219012022018
0.24429528415203094
0.061141237616539
0.3932175934314728
0.28807008266448975
0.24429528415203094
0.07976873964071274
0.1626143902540207
0.462934285402298
0.3863549530506134
0.25896018743515015
0.116940438747406
0.10071799904108047
0.316724956035614
0.12110035866498947
0.08573909848928452
0.07955107092857361
0.42294400930404663
0.18023572862148285
0.316724956035614
0.16293923556804657
0.44044578075408936
0.32152414321899414
0.3105754852294922
0.22876079380512238
0.2758733034133911
0.11650174856185913
0.2608261704444885
0.14288735389709473
0.38810545206069946
0.18335773050785065
0.2608261704444885
0.1417238861322403
0.1600416749715805
0.3486700654029846
0.06971197575330734
0.21980451047420502
0.4482484459877014
0.15285103023052216
0.2046065777540207
0.1937595158815384
0.14428859949111938
0.3863549530506134
0.06872008740901947
0.316724956035614
0.32513582706451416
0.11808516085147858
0.14347542822360992
0.4220481514930725
0.11402183026075363
0.21838253736495972
0.26554518938064575
0.05599120259284973
0.2873765230178833
0.3863549530506134
0.12273210287094116
0.2031988948583603
0.04341389983892441
0.3863549530506134
0.3264274001121521
0.3863549530506134
0.2786625027656555
0.4483141005039215
0.05238872021436691
0.3905763328075409
0.4483141005039215
0.20938824117183685
0.22922299802303314
0.3462640047073364
0.18361641466617584
0.05013621598482132
0.3863549530506134
0.3863549530506134
0.3863549530506134
0.1027320846915245
0.060255035758018494
0.4483141005039215
0.37681514024734497
0.061835601925849915
0.316724956035614
0.3863549530506134
0.17380653321743011
0.13962773978710175
0.08868938684463501
0.0707705095410347
0.15359683334827423
0.2684299945831299
0.21848739683628082
0.15357539057731628
0.316724956035614
0.19462092220783234
0.08829517662525177
0.30711713433265686
0.024412892758846283
0.316724956035614
0.1383352130651474
0.3863549530506134
0.114247165620327
0.15102244913578033
0.4483141005039215
0.33352047204971313
0.3580440878868103
0.08824498951435089
0.07623312622308731
0.2918749153614044
0.44372451305389404
0.3103627562522888
0.24085092544555664
0.11032344400882721
0.3863549530506134
0.316724956035614
0.3103627562522888
0.3863549530506134
0.2656051516532898
0.36729857325553894
0.293107271194458
0.42294400930404663
0.09143047779798508
0.42294400930404663
0.1681550145149231
0.049931708723306656
0.20449502766132355
0.3863549530506134
0.32591718435287476
0.1406189650297165
0.11383823305368423
0.44744133949279785
0.3103627562522888
0.13266120851039886
0.316724956035614
0.29379770159721375
0.3299752175807953
0.22659386694431305
0.11996560543775558
0.3103627562522888
0.42294400930404663
0.1303005963563919
0.316724956035614
0.3863549530506134
0.42294400930404663
0.047892145812511444
0.3863549530506134
0.3863549530506134
0.4103298783302307
0.22783036530017853
0.3768208622932434
0.42294400930404663
0.06579063087701797
0.1293407380580902
0.15288250148296356
0.11596214026212692
0.47911274433135986
0.2723262906074524
0.22903352975845337
0.20294256508350372
0.1696738749742508
0.3650812804698944
0.09063522517681122
0.35084015130996704
0.3863549530506134
0.34271156787872314
0.3863549530506134
0.2608261704444885
0.3863549530506134
0.4483141005039215
0.3863549530506134
0.3863549530506134
0.23222725093364716
0.3070862889289856
0.1427329182624817
0.3863549530506134
0.316724956035614
0.3103627562522888
0.3103627562522888
0.2608261704444885
0.10667724162340164
0.13211560249328613
0.03967812657356262
0.3863549530506134
0.6248834133148193
0.04520874097943306
0.24645474553108215
0.16074441373348236
0.15653346478939056
0.1656014621257782
0.6771210432052612
0.17784665524959564
0.05573385953903198
0.3396919369697571
0.3863549530506134
0.3482215404510498
0.2608261704444885
0.15057554841041565
0.24295906722545624
0.09538557380437851
0.42294400930404663
0.29682713747024536
0.5166139006614685
0.3863549530506134
0.09009719640016556
0.2608261704444885
0.21339277923107147
0.316724956035614
0.2593666613101959
0.152669757604599
0.16669170558452606
0.1756584495306015
0.058349836617708206
0.12885968387126923
0.3863549530506134
0.08691844344139099
0.15821239352226257
0.08129401504993439
0.19525207579135895
0.447887659072876
0.12506143748760223
0.4397830367088318
0.33498284220695496
0.05923767015337944
0.09835655242204666
0.12323252111673355
0.09145522862672806
0.15183016657829285
0.2400062531232834
0.3189632296562195
0.3863549530506134
0.40142035484313965
0.3619590997695923
0.3103627562522888
0.12308003753423691
0.19746877253055573
0.42294400930404663
0.24429528415203094
0.42294400930404663
0.47601768374443054
0.11731743812561035
0.3863549530506134
0.21485500037670135
0.3863549530506134
0.1405354142189026
0.3743743598461151
0.316724956035614
0.3863549530506134
0.3103627562522888
0.42725902795791626
0.0785246267914772
0.17073340713977814
0.0803220272064209
0.3863549530506134
0.290522038936615
0.1313144415616989
0.1386510282754898
0.18603959679603577
0.1126706674695015
0.10187918692827225
0.3977288603782654
0.4483141005039215
0.1712215691804886
0.3863549530506134
0.36505305767059326
0.3863549530506134
0.0813409686088562
0.275332510471344
0.11165446788072586
0.3760198950767517
0.07610679417848587
0.08222004771232605
0.17043213546276093
0.3863549530506134
0.07586471736431122
0.32293155789375305
0.08540559560060501
0.17194892466068268
0.3863549530506134
0.42294400930404663
0.10491452366113663
0.19979672133922577
0.4556339681148529
0.2816344201564789
0.1295841485261917
0.08483371883630753
0.16745363175868988
0.3863549530506134
0.316724956035614
0.17360937595367432
0.23389001190662384
0.316724956035614
0.13452741503715515
0.1725776046514511
0.2608261704444885
0.29372432827949524
0.12344067543745041
0.12264198064804077
0.10709778964519501
0.4483141005039215
0.046986840665340424
0.3760198950767517
0.3863549530506134
0.09499485045671463
0.2231316864490509
0.42294400930404663
0.07302319258451462
0.22214384377002716
0.3103627562522888
0.254186749458313
0.037566281855106354
0.3103627562522888
0.12825699150562286
0.3863549530506134
0.42294400930404663
0.3863549530506134
0.10193970054388046
0.02729182317852974
0.09074423462152481
0.14283622801303864
0.13667768239974976
0.1237015649676323
0.316724956035614
0.11221670359373093
0.09260965883731842
0.048538774251937866
0.21957595646381378
0.20005260407924652
0.13954202830791473
0.11639023572206497
0.3394683003425598
0.44703251123428345
0.2608261704444885
0.316724956035614
0.3863549530506134
0.22076842188835144
0.13039231300354004
0.35517674684524536
0.30316174030303955
0.10421790182590485
0.24800732731819153
0.31617748737335205
0.3103627562522888
0.3863549530506134
0.42294400930404663
0.10136790573596954
0.3863549530506134
0.3718811273574829
0.14827103912830353
0.22274187207221985
0.09402721375226974
0.3863549530506134
0.3279515206813812
0.3863549530506134
0.0998842716217041
0.17163525521755219
0.42294400930404663
0.09941018372774124
0.043258532881736755
0.40424495935440063
0.13227391242980957
0.3300909399986267
0.11054003983736038
0.17959628999233246
0.3863549530506134
0.19751088321208954
0.09556689113378525
0.14067019522190094
0.4483141005039215
0.13345740735530853
0.1667347401380539
0.18167780339717865
0.0880122259259224
0.06522724777460098
0.3863549530506134
0.10320040583610535
0.17903880774974823
0.5071620941162109
0.3863549530506134
0.3863549530506134
0.3863549530506134
0.27079683542251587
0.06125731021165848
0.2666618227958679
0.47601768374443054
0.3863549530506134
0.24429528415203094
0.21340134739875793
0.11191857606172562
0.14205239713191986
0.316724956035614
0.49610817432403564
0.11720197647809982
0.316724956035614
0.316724956035614
0.026690296828746796
0.13329701125621796
0.20657135546207428
0.26346689462661743
0.22922299802303314
0.42294400930404663
0.08489257842302322
0.0902426466345787
0.06291227042675018
0.1444678157567978
0.1567908078432083
0.11305703222751617
0.05414474010467529
0.07014404982328415
0.20564551651477814
0.3863549530506134
0.17632615566253662
0.17378707230091095
0.4796788692474365
0.316724956035614
0.10651085525751114
0.13246563076972961
0.35904255509376526
0.17968903481960297
0.03165213763713837
0.07943106442689896
0.3103627562522888
0.2608261704444885
0.0755087211728096
0.10426134616136551
0.05969247221946716
0.091932512819767
0.06430286914110184
0.09699741005897522
0.036594193428754807
0.20518891513347626
0.2959047555923462
0.1726023256778717
0.29372432827949524
0.288163959980011
0.19975002110004425
0.08768490701913834
0.17111200094223022
0.2949991524219513
0.1439056694507599
0.316724956035614
0.10883858054876328
0.42537838220596313
0.3863549530506134
0.40142035484313965
0.21485216915607452
0.3023171126842499
0.23088745772838593
0.25926944613456726
0.0832720473408699
0.3743743598461151
0.1607847660779953
0.03754650801420212
0.42294400930404663
0.09525427967309952
0.06528361141681671
0.40252143144607544
0.18461905419826508
0.316724956035614
0.20088057219982147
0.275332510471344
0.19752170145511627
0.316724956035614
0.42294400930404663
0.21904876828193665
0.18189091980457306
0.07214339077472687
0.44059228897094727
0.3863549530506134
0.0372542105615139
0.15483711659908295
0.6507914662361145
0.06871386617422104
0.15627942979335785
0.3560805320739746
0.44612520933151245
0.3863549530506134
0.010043817572295666
0.316724956035614
0.3863549530506134
0.3912038803100586
0.3420756459236145
0.13430863618850708
0.3743743598461151
0.15085379779338837
0.3863549530506134
0.3863549530506134
0.07866107672452927
0.08369649201631546
0.3053867220878601
0.3863549530506134
0.08695278316736221
0.1579051911830902
0.17373418807983398
0.062128663063049316
0.41544109582901
0.311260461807251
0.30711713433265686
0.40662944316864014
0.3863549530506134
0.40142035484313965
0.3863549530506134
0.316724956035614
0.3417009115219116
0.42294400930404663
0.4025418758392334
0.07316546142101288
0.13784274458885193
0.4373443126678467
0.3863549530506134
0.12799526751041412
0.316724956035614
0.1823810338973999
0.316724956035614
0.3863549530506134
0.3285057544708252
0.10502718389034271
0.1078745499253273
0.05969247221946716
0.316724956035614
0.44059228897094727
0.3863549530506134
0.18956999480724335
0.316724956035614
0.03969934582710266
0.3863549530506134
0.21479254961013794
0.1305401772260666
0.2608261704444885
0.09427013248205185
0.46436500549316406
0.18762610852718353
0.10491452366113663
0.11776057630777359
0.3863549530506134
0.32293155789375305
0.15483711659908295
0.3284846544265747
0.35581743717193604
0.1989075392484665
0.2848930358886719
0.22922299802303314
0.3760198950767517
0.08573080599308014
0.09098101407289505
0.08352448791265488
0.3103627562522888
0.1938238888978958
0.1319703906774521
0.3863549530506134
0.3863549530506134
0.3863549530506134
0.18582065403461456
0.3863549530506134
0.09682338684797287
0.05969247221946716
0.05683178827166557
0.5221675038337708
0.3863549530506134
0.05969247221946716
0.3863549530506134
0.06455381959676743
0.1705605387687683
0.09242948144674301
0.06717180460691452
0.14488495886325836
0.3863549530506134
0.29735422134399414
0.42294400930404663
0.09895274043083191
0.3580440878868103
0.3863549530506134
0.05418061837553978
0.33079618215560913
0.04508368670940399
0.3863549530506134
0.07863140851259232
0.12122839689254761
0.3022993803024292
0.23437272012233734
0.3103627562522888
0.13400733470916748
0.316724956035614
0.26851606369018555
0.3863549530506134
0.17903123795986176
0.15665265917778015
0.4483141005039215
0.2306445986032486
0.07292811572551727
0.316724956035614
0.41048645973205566
0.14150011539459229
0.3598589301109314
0.04086274653673172
0.24429528415203094
0.42294400930404663
0.16400159895420074
0.10807742178440094
0.12049797922372818
0.17013923823833466
0.3103627562522888
0.06812464445829391
0.3103627562522888
0.316724956035614
0.2608261704444885
0.3863549530506134
0.3863549530506134
0.2216736227273941
0.41351866722106934
0.20781385898590088
0.3103627562522888
0.4224034547805786
0.09260965883731842
0.17183706164360046
0.3863549530506134
0.38530316948890686
0.09239892661571503
0.12106121331453323
0.3863549530506134
0.09523346275091171
0.3863549530506134
0.12301947921514511
0.4483141005039215
0.3863549530506134
0.10061647742986679
0.13653959333896637
0.2717166244983673
0.08222004771232605
0.350974440574646
0.316724956035614
0.41525477170944214
0.0933925062417984
0.3863549530506134
0.10886986553668976
0.1659492701292038
0.3863549530506134
0.2281951755285263
0.0709674134850502
0.08722778409719467
0.29980170726776123
0.0931367576122284
0.33285295963287354
0.4483141005039215
0.3329150676727295
0.5936956405639648
0.3863549530506134
0.09321287274360657
0.11116024106740952
0.420729398727417
0.22790245711803436
0.19851525127887726
0.3863549530506134
0.2608261704444885
0.3863549530506134
0.06903473287820816
0.3863549530506134
0.09845220297574997
0.316724956035614
0.25657767057418823
0.20224837958812714
0.21835742890834808
0.3743080198764801
0.316724956035614
0.08241086453199387
0.3103627562522888
0.24527360498905182
0.09027910977602005
0.13922083377838135
0.3863549530506134
0.06136849522590637
0.3846626877784729
0.3863549530506134
0.3103627562522888
0.42294400930404663
0.3863549530506134
0.3863549530506134
0.3863549530506134
0.07789117097854614
0.051790300756692886
0.05484858155250549
0.1584903746843338
0.316724956035614
0.30279695987701416
0.06445883959531784
0.3863549530506134
0.3863549530506134
0.43693816661834717
0.6435842514038086
0.057385191321372986
0.07491596788167953
0.3103627562522888
0.3863549530506134
0.07990167289972305
0.13702766597270966
0.14139750599861145
0.08344178646802902
0.28131741285324097
0.1082025021314621
0.1947597712278366
0.05160646140575409
0.2786625027656555
0.17595821619033813
0.09453446418046951
0.21514005959033966
0.07472681999206543
0.3323695659637451
0.10201316326856613
0.5112907886505127
0.08630342036485672
0.17350061237812042
0.3863549530506134
0.4483141005039215
0.4220481514930725
0.2608261704444885
0.3863549530506134
0.2686621844768524
0.2608261704444885
0.1856590360403061
0.35720619559288025
0.41351866722106934
0.3863549530506134
0.31573474407196045
0.23747341334819794
0.2608261704444885
0.3143986463546753
0.10673312842845917
0.07167451828718185
0.21835742890834808
0.12784361839294434
0.3863549530506134
0.15534697473049164
0.05049379914999008
0.30276697874069214
0.1642354279756546
0.20802584290504456
0.16217191517353058
0.316724956035614
0.0853470116853714
0.04775046929717064
0.15746793150901794
0.11148680001497269
0.51523756980896
0.0415072962641716
0.15506456792354584
0.07222583889961243
0.25563961267471313
0.12039139866828918
0.3863549530506134
0.046160757541656494
0.20679353177547455
0.20577441155910492
0.3863549530506134
0.05915767326951027
0.36334720253944397
0.06728728860616684
0.2522847652435303
0.3103627562522888
0.3863549530506134
0.059014223515987396
0.14411984384059906
0.3863549530506134
0.18169662356376648
0.3103627562522888
0.3863549530506134
0.114491768181324
0.1353321224451065
0.46281886100769043
0.2759523391723633
0.42294400930404663
0.43933993577957153
0.3103067874908447
0.309906929731369
0.2818751037120819
0.3863549530506134
0.316724956035614
0.3863549530506134
0.42294400930404663
0.2536078095436096
0.2649804949760437
0.3863549530506134
0.10799112170934677
0.3280647397041321
0.2082327902317047
0.3863549530506134
0.16220806539058685
0.0744352713227272
0.2342296689748764
0.08996771275997162
0.41640689969062805
0.06106935441493988
0.3103627562522888
0.21687276661396027
0.18826942145824432
0.316724956035614
0.08490847051143646
0.3863549530506134
0.16005045175552368
0.09260965883731842
0.24429528415203094
0.16217036545276642
0.4831012487411499
0.3863549530506134
0.316724956035614
0.23503096401691437
0.328799307346344
0.30073583126068115
0.555894136428833
0.38276055455207825
0.08658786118030548
0.3863549530506134
0.316724956035614
0.28349578380584717
0.3863549530506134
0.42294400930404663
0.3121088743209839
0.3863549530506134
0.06176712363958359
0.2973249554634094
0.35479772090911865
0.316724956035614
0.08208560943603516
0.42294400930404663
0.3863549530506134
0.321499764919281
0.45171085000038147
0.27584654092788696
0.09546756744384766
0.3863549530506134
0.3863549530506134
0.07866107672452927
0.05544060468673706
0.09538876265287399
0.23395629227161407
0.24429528415203094
0.38810545206069946
0.2419687658548355
0.113016776740551
0.2713242173194885
0.2452162355184555
0.07494664192199707
0.16016186773777008
0.2236907035112381
0.45840612053871155
0.3863549530506134
0.06176712363958359
0.4483141005039215
0.08520420640707016
0.135637566447258
0.08739244937896729
0.08298663049936295
0.13134612143039703
0.316724956035614
0.08890769630670547
0.24495670199394226
0.31423047184944153
0.2886267304420471
0.20233085751533508
0.2131604701280594
0.3863549530506134
0.10482386499643326
0.316724956035614
0.04666309058666229
0.07842381298542023
0.11505337059497833
0.29226183891296387
0.3863549530506134
0.2830525040626526
0.3863549530506134
0.37507420778274536
0.3863549530506134
0.11366774141788483
0.16700901091098785
0.08136691898107529
0.32902246713638306
0.14284645020961761
0.39123886823654175
0.11939210444688797
0.19638819992542267
0.09260965883731842
0.08698786795139313
0.2979581952095032
0.42294400930404663
0.20272929966449738
0.11601955443620682
0.3103695511817932
0.1180882379412651
0.15576604008674622
0.3863549530506134
0.3103627562522888
0.3863549530506134
0.26955997943878174
0.31886157393455505
0.42294400930404663
0.4412870407104492
0.1301695555448532
0.34739813208580017
0.31473076343536377
0.3863549530506134
0.15923972427845
0.19599692523479462
0.06176712363958359
0.20364467799663544
0.3103695511817932
0.09349273145198822
0.16796688735485077
0.11616683751344681
0.3863549530506134
0.0876457616686821
0.42216554284095764
0.3514484763145447
0.3863549530506134
0.05856377258896828
0.3863549530506134
0.14607484638690948
0.05969247221946716
0.07038946449756622
0.20833759009838104
0.1882535070180893
0.2783472239971161
0.3863549530506134
0.5216331481933594
0.13799895346164703
0.05940835177898407
0.1406746208667755
0.1384875476360321
0.09174518287181854
0.2201276570558548
0.2296592742204666
0.194791778922081
0.05969247221946716
0.4517000913619995
0.10042396187782288
0.32620030641555786
0.19284085929393768
0.14119893312454224
0.2040630429983139
0.275332510471344
0.41942447423934937
0.16015015542507172
0.2608261704444885
0.3863549530506134
0.31139621138572693
0.545801043510437
0.12868677079677582
0.2614327073097229
0.42294400930404663
0.316724956035614
0.16999663412570953
0.2995085120201111
0.054533690214157104
0.06722227483987808
0.3863549530506134
0.1331024020910263
0.42294400930404663
0.09792468696832657
0.1736096888780594
0.13506536185741425
0.22922299802303314
0.3863549530506134
0.42294400930404663
0.14844587445259094
0.3161971867084503
0.3863549530506134
0.04249546304345131
0.06867998838424683
0.09163299202919006
0.2240321785211563
0.17687220871448517
0.3863549530506134
0.11662671715021133
0.2557845115661621
0.29682713747024536
0.1198401153087616
0.2649625241756439
0.39533543586730957
0.1504601538181305
0.05776887759566307
0.4483141005039215
0.24429528415203094
0.1607091873884201
0.3863549530506134
0.316724956035614
0.20671987533569336
0.3863549530506134
0.24741575121879578
0.17647439241409302
0.298961877822876
0.120507150888443
0.20419347286224365
0.0543743297457695
0.3664460778236389
0.42294400930404663
0.14990650117397308
0.12854336202144623
0.07978267967700958
0.5759507417678833
0.3642348349094391
0.42294400930404663
0.302764356136322
0.07374968379735947
0.21154086291790009
0.2600730061531067
0.1982242912054062
0.15493537485599518
0.3863549530506134
0.274897962808609
0.3103627562522888
0.09074423462152481
0.09228735417127609
0.4483141005039215
0.09319186210632324
0.3863549530506134
0.316724956035614
0.4483141005039215
0.07156514376401901
0.3426416218280792
0.3482215404510498
0.09249121695756912
0.08905377238988876
0.42294400930404663
0.2340434044599533
0.33296144008636475
0.40349316596984863
0.10745086520910263
0.12845450639724731
0.2031385600566864
0.4078369140625
0.20787553489208221
0.2636454403400421
0.42294400930404663
0.30463629961013794
0.2608261704444885
0.14579810202121735
0.3863549530506134
0.05964872986078262
0.29094189405441284
0.08258432894945145
0.17733295261859894
0.23244524002075195
0.05969247221946716
0.2854194641113281
0.3863549530506134
0.1793893724679947
0.4192778468132019
0.047479432076215744
0.20802584290504456
0.13888274133205414
0.1254577338695526
0.1002080962061882
0.168243870139122
0.1484326273202896
0.3863549530506134
0.3863549530506134
0.13256791234016418
0.1698843389749527
0.316724956035614
0.11391543596982956
0.459300696849823
0.1799895018339157
0.3863549530506134
0.5216331481933594
0.069731205701828
0.32136183977127075
0.3863549530506134
0.1313820630311966
0.36517247557640076
0.3426107168197632
0.07714607566595078
0.36321327090263367
0.16083510220050812
0.03885737061500549
0.052389901131391525
0.3103627562522888
0.1781686395406723
0.3863549530506134
0.3103627562522888
0.21800200641155243
0.2608261704444885
0.23100614547729492
0.17823250591754913
0.5304468870162964
0.2771371603012085
0.07777135819196701
0.31262916326522827
0.16383332014083862
0.08550170809030533
0.10599183291196823
0.24429528415203094
0.27617326378822327
0.3863549530506134
0.1515551060438156
0.1485546976327896
0.16799820959568024
0.09610670804977417
0.40142035484313965
0.3863549530506134
0.3103627562522888
0.26738280057907104
0.3039066791534424
0.3863549530506134
0.316724956035614
0.30698931217193604
0.3863549530506134
0.3863549530506134
0.1661606878042221
0.3743743598461151
0.3905763328075409
0.42956170439720154
0.1413356512784958
0.12544946372509003
0.3863549530506134
0.3863549530506134
0.08699914813041687
0.04570971056818962
0.08240232616662979
0.09282717853784561
0.23437272012233734
0.12930625677108765
0.04495575651526451
0.20406903326511383
0.09655492007732391
0.035325463861227036
0.11838523298501968
0.3064610958099365
0.3781246244907379
0.16285158693790436
0.316724956035614
0.12758563458919525
0.2033442109823227
0.46831655502319336
0.371551513671875
0.1238369271159172
0.25113481283187866
0.11520282179117203
0.316724956035614
0.11390626430511475
0.5845915675163269
0.37489473819732666
0.2139701396226883
0.2065010666847229
0.3863549530506134
0.26738280057907104
0.07286296784877777
0.13314379751682281
0.42294400930404663
0.14034651219844818
0.10910111665725708
0.2119895964860916
0.2088775634765625
0.07683683931827545
0.13040059804916382
0.29682016372680664
0.07877276837825775
0.4049941301345825
0.3899363577365875
0.23155607283115387
0.054934341460466385
0.15935498476028442
0.28628623485565186
0.2428610771894455
0.12081929296255112
0.3863549530506134
0.15040026605129242
0.24181430041790009
0.04502738639712334
0.3863549530506134
0.1441870480775833
0.38222870230674744
0.10550893098115921
0.07890918105840683
0.08066215366125107
0.3103627562522888
0.3863549530506134
0.33285295963287354
0.316724956035614
0.3103627562522888
0.16880877315998077
0.05969247221946716
0.10163314640522003
0.08620699495077133
0.10746099054813385
0.14217709004878998
0.3863549530506134
0.3863549530506134
0.21959416568279266
0.4483141005039215
0.4247194826602936
0.08684106171131134
0.3759019672870636
0.3446544408798218
0.316724956035614
0.3863549530506134
0.10007885098457336
0.1688096970319748
0.26691561937332153
0.3103627562522888
0.16029928624629974
0.5071927309036255
0.17927511036396027
0.11970538645982742
0.3863549530506134
0.10339420288801193
0.316724956035614
0.42294400930404663
0.10387001186609268
0.06607141345739365
0.09913702309131622
0.25455307960510254
0.20740129053592682
0.22004319727420807
0.3863549530506134
0.409851610660553
0.3863549530506134
0.42294400930404663
0.3863549530506134
0.1430153101682663
0.39071592688560486
0.2608261704444885
0.3261749744415283
0.35479772090911865
0.10983026772737503
0.316724956035614
0.2631663382053375
0.28131741285324097
0.39003652334213257
0.09445467591285706
0.10084281116724014
0.3514825105667114
0.3863549530506134
0.3563459515571594
0.3863549530506134
0.1292814165353775
0.1175985038280487
0.41640689969062805
0.16986344754695892
0.17619478702545166
0.24841581284999847
0.09597688168287277
0.05922064185142517
0.03592861443758011
0.12656132876873016
0.2603241801261902
0.42294400930404663
0.23350407183170319
0.316724956035614
0.24852506816387177
0.2957562506198883
0.4483141005039215
0.3863549530506134
0.1373448520898819
0.1035446748137474
0.09174518287181854
0.265672504901886
0.11808105558156967
0.20802584290504456
0.3863549530506134
0.3057977557182312
0.3863549530506134
0.4483141005039215
0.0915924534201622
0.05810759216547012
0.1786998063325882
0.21593765914440155
0.2936497926712036
0.42294400930404663
0.1403190940618515
0.24429528415203094
0.0464090071618557
0.25223827362060547
0.062492989003658295
0.1151164174079895
0.3863549530506134
0.3863549530506134
0.34132152795791626
0.100503109395504
0.3863549530506134
0.062334686517715454
0.21291674673557281
0.191545307636261
0.3863549530506134
0.12401574105024338
0.1654995232820511
0.16500069200992584
0.1533178985118866
0.11318472772836685
0.13838450610637665
0.08746644109487534
0.09221889823675156
0.42294400930404663
0.067528635263443
0.15723465383052826
0.12829531729221344
0.3744516968727112
0.2781941890716553
0.19488967955112457
0.3317579925060272
0.043734222650527954
0.2608261704444885
0.3863549530506134
0.4985090494155884
0.5075889825820923
0.33003830909729004
0.1350322663784027
0.06552732735872269
0.20611684024333954
0.05969247221946716
0.40130263566970825
0.3863549530506134
0.3863549530506134
0.2519640028476715
0.1951606124639511
0.4295170307159424
0.2586931586265564
0.23901672661304474
0.38605302572250366
0.7983706593513489
0.4483141005039215
0.14232496917247772
0.41351866722106934
0.06623160094022751
0.19642959535121918
0.3863549530506134
0.16693350672721863
0.2317819446325302
0.32224008440971375
0.3863549530506134
0.35835838317871094
0.16238661110401154
0.18688565492630005
0.09327297657728195
0.055638305842876434
0.3698573410511017
0.2579421401023865
0.3863549530506134
0.09920816123485565
0.3767954707145691
0.20648299157619476
0.3863549530506134
0.06839434802532196
0.41351866722106934
0.16843406856060028
0.12678079307079315
0.3863549530506134
0.2608261704444885
0.09848634153604507
0.42294400930404663
0.3044922649860382
0.08222004771232605
0.24433505535125732
0.23116876184940338
0.20776444673538208
0.42294400930404663
0.4483141005039215
0.3023160696029663
0.08966603130102158
0.07799413055181503
0.13582667708396912
0.11894647032022476
0.0756303071975708
0.26223325729370117
0.23746053874492645
0.316724956035614
0.3863549530506134
0.08009045571088791
0.11765037477016449
0.2608261704444885
0.316724956035614
0.4483141005039215
0.316724956035614
0.12390615791082382
0.3863549530506134
0.3863549530506134
0.1532524675130844
0.3863549530506134
0.11503728479146957
0.3243832588195801
0.16122795641422272
0.3863549530506134
0.04662420228123665
0.20802584290504456
0.3863549530506134
0.6682158708572388
0.3863549530506134
0.18187208473682404
0.42294400930404663
0.3863549530506134
0.24429528415203094
0.3863549530506134
0.10737945884466171
0.19797523319721222
0.340101957321167
0.10377253592014313
0.41640689969062805
0.3863549530506134
0.28061869740486145
0.2406054586172104
0.08587277680635452
0.18849177658557892
0.316724956035614
0.3103627562522888
0.09076189249753952
0.24429528415203094
0.4483141005039215
0.06815383583307266
0.09652195125818253
0.27872321009635925
0.47601768374443054
0.3863549530506134
0.42294400930404663
0.07673687487840652
0.4261433184146881
0.04484478384256363
0.07639261335134506
0.379903107881546
0.04892778769135475
0.1621374636888504
0.45745158195495605
0.316724956035614
0.42294400930404663
0.17497751116752625
0.2741584777832031
0.1875324696302414
0.20713861286640167
0.22103668749332428
0.4641880393028259
0.2608261704444885
0.10400990396738052
0.3863549530506134
0.3863549530506134
0.3743743598461151
0.3519020080566406
0.07782377302646637
0.3863549530506134
0.07962369918823242
0.11337035149335861
0.13998186588287354
0.26202207803726196
0.054896265268325806
0.3863549530506134
0.44143474102020264
0.12135270982980728
0.08621259778738022
0.40810728073120117
0.044006869196891785
0.1283835917711258
0.07721559703350067
0.04060031473636627
0.11433456838130951
0.0618949756026268
0.3863549530506134
0.39123278856277466
0.30711713433265686
0.3722566068172455
0.3863549530506134
0.2071450799703598
0.14791812002658844
0.3863549530506134
0.2047131508588791
0.316724956035614
0.3863549530506134
0.17566676437854767
0.16185766458511353
0.21930554509162903
0.5335221290588379
0.38942939043045044
0.23727555572986603
0.20629845559597015
0.15648232400417328
0.3863549530506134
0.316724956035614
0.3863549530506134
0.19641543924808502
0.07326437532901764
0.3103627562522888
0.3863549530506134
0.13892127573490143
0.23318220674991608
0.044255565851926804
0.3103627562522888
0.06469424068927765
0.3822932839393616
0.3863549530506134
0.4159145653247833
0.44959592819213867
0.1487150639295578
0.08958970755338669
0.13795502483844757
0.10278647392988205
0.22065548598766327
0.3618771731853485
0.3863549530506134
0.047614339739084244
0.13942547142505646
0.37665605545043945
0.11017327010631561
0.12247689813375473
0.3743743598461151
0.1570614129304886
0.10793130844831467
0.05969247221946716
0.042707934975624084
0.09025205671787262
0.09945704787969589
0.19467748701572418
0.2372877448797226
0.42294400930404663
0.12629584968090057
0.15029345452785492
0.316724956035614
0.26861733198165894
0.12638328969478607
0.2836329936981201
0.4483141005039215
0.24429528415203094
0.316724956035614
0.19331632554531097
0.21224337816238403
0.3863549530506134
0.09218331426382065
0.30711713433265686
0.14833594858646393
0.09932601451873779
0.13731490075588226
0.42294400930404663
0.16675163805484772
0.11882124096155167
0.3863549530506134
0.3863549530506134
0.19254355132579803
0.10082785785198212
0.1934647113084793
0.15852342545986176
0.14580179750919342
0.4483141005039215
0.39274629950523376
0.21055887639522552
0.22984068095684052
0.11623965948820114
0.316724956035614
0.3863549530506134
0.08923512697219849
0.07352536916732788
0.3863549530506134
0.3955603837966919
0.22344239056110382
0.4153083562850952
0.12224135547876358
0.316724956035614
0.3863549530506134
0.44407129287719727
0.4912046194076538
0.42294400930404663
0.28528183698654175
0.3863549530506134
0.10700594633817673
0.36749589443206787
0.316724956035614
0.21991829574108124
0.3863549530506134
0.14166776835918427
0.012971948832273483
0.24429528415203094
0.11607780307531357
0.41640689969062805
0.37419241666793823
0.0988769382238388
0.08902900665998459
0.09055022150278091
0.14316774904727936
0.3863549530506134
0.2850319445133209
0.1363467127084732
0.1572219729423523
0.23514021933078766
0.3863549530506134
0.1612224131822586
0.234379842877388
0.4373443126678467
0.4288569688796997
0.4483141005039215
0.22000806033611298
0.0862775444984436
0.11838523298501968
0.10805440694093704
0.1967397779226303
0.2056962251663208
0.1500834822654724
0.10835223644971848
0.08682074397802353
0.22735078632831573
0.3863549530506134
0.47013720870018005
0.47601768374443054
0.3863549530506134
0.0552513524889946
0.08188962191343307
0.2685702443122864
0.18018202483654022
0.4767758846282959
0.07148516178131104
0.11829965561628342
0.24429528415203094
0.5885952711105347
0.10097800940275192
0.409851610660553
0.316724956035614
0.316724956035614
0.3863549530506134
0.0522833950817585
0.1176513284444809
0.20754483342170715
0.3863549530506134
0.10301799327135086
0.316724956035614
0.3863549530506134
0.3863549530506134
0.42294400930404663
0.11198554188013077
0.09652195125818253
0.2608261704444885
0.23406372964382172
0.36075401306152344
0.24429528415203094
0.1982131153345108
0.20824332535266876
0.11192872375249863
0.07819908112287521
0.07494664192199707
0.2528843283653259
0.3863549530506134
0.3743743598461151
0.07884152233600616
0.3863549530506134
0.06996762752532959
0.316724956035614
0.3585397005081177
0.2027594894170761
0.19065268337726593
0.0882406160235405
0.12043625861406326
0.16950221359729767
0.28945308923721313
0.21533778309822083
0.01800793968141079
0.24429528415203094
0.2836329936981201
0.07709652930498123
0.160613551735878
0.2334425151348114
0.15747466683387756
0.12249904125928879
0.29339855909347534
0.11972268670797348
0.42294400930404663
0.0661151334643364
0.19050194323062897
0.13078783452510834
0.054796651005744934
0.10076909512281418
0.4616137146949768
0.4483141005039215
0.07093185931444168
0.16568584740161896
0.3863549530506134
0.0770614892244339
0.08222004771232605
0.3863549530506134
0.14155255258083344
0.16859976947307587
0.10190396010875702
0.3863549530506134
0.3863549530506134
0.3863549530506134
0.316724956035614
0.2949637174606323
0.13413108885288239
0.3863549530506134
0.2025909572839737
0.0821443721652031
0.3659181296825409
0.4483141005039215
0.3863549530506134
0.10601672530174255
0.3863549530506134
0.2284245640039444
0.11819621175527573
0.29753780364990234
0.3863549530506134
0.316724956035614
0.3863549530506134
0.34019675850868225
0.19437812268733978
0.12901191413402557
0.18844158947467804
0.1059403046965599
0.30304327607154846
0.26877567172050476
0.316724956035614
0.333523154258728
0.41640689969062805
0.3863549530506134
0.3863549530506134
0.424349844455719
0.053501278162002563
0.14887379109859467
0.24365811049938202
0.2507074475288391
0.31957370042800903
0.13166435062885284
0.18390677869319916
0.28530433773994446
0.0905798003077507
0.12395831197500229
0.18361641466617584
0.3863549530506134
0.17862848937511444
0.20697030425071716
0.1348128467798233
0.22085405886173248
0.2682681381702423
0.15828116238117218
0.3863549530506134
0.40349316596984863
0.20909903943538666
0.25515997409820557
0.3760198950767517
0.3863549530506134
0.316724956035614
0.3863549530506134
0.1041160598397255
0.44818252325057983
0.316724956035614
0.10811644047498703
0.2836329936981201
0.20116086304187775
0.4063922166824341
0.0914280116558075
0.2260921597480774
0.3863549530506134
0.316724956035614
0.3863549530506134
0.316724956035614
0.3863549530506134
0.3617207109928131
0.3863549530506134
0.3863549530506134
0.09651023894548416
0.130048468708992
0.3330414295196533
0.3863549530506134
0.07301755994558334
0.14145655930042267
0.3580440878868103
0.316724956035614
0.20713861286640167
0.2761971950531006
0.21277391910552979
0.11407994478940964
0.38910365104675293
0.35232940316200256
0.3863549530506134
0.06791059672832489
0.316724956035614
0.30004531145095825
0.17235830426216125
0.3678053021430969
0.1173240914940834
0.3863549530506134
0.3863549530506134
0.10196445882320404
0.42294400930404663
0.1442931443452835
0.27227023243904114
0.14517749845981598
0.3863549530506134
0.09444314986467361
0.25734972953796387
0.05786252021789551
0.2538614869117737
0.3863549530506134
0.06637216359376907
0.16488562524318695
0.26060134172439575
0.48174595832824707
0.4351811707019806
0.22922299802303314
0.10342283546924591
0.2608261704444885
0.3863549530506134
0.2608261704444885
0.23100309073925018
0.3863549530506134
0.2033541053533554
0.1262793093919754
0.07338748127222061
0.41640689969062805
0.22903352975845337
0.18624576926231384
0.42294400930404663
0.2496344894170761
0.05414474010467529
0.15814249217510223
0.316724956035614
0.3863549530506134
0.3103627562522888
0.38222870230674744
0.22925220429897308
0.09665316343307495
0.1124362051486969
0.42294400930404663
0.11946474760770798
0.043894991278648376
0.26187223196029663
0.05969247221946716
0.1718227118253708
0.316724956035614
0.10585484653711319
0.3243255913257599
0.34833747148513794
0.15216264128684998
0.3863549530506134
0.09317747503519058
0.316724956035614
0.08874845504760742
0.22687450051307678
0.21008144319057465
0.3046214282512665
0.42294400930404663
0.22187940776348114
0.3366087079048157
0.39880865812301636
0.3863549530506134
0.20531703531742096
0.26084619760513306
0.1846107691526413
0.25562965869903564
0.17117460072040558
0.2795751094818115
0.40755149722099304
0.17090637981891632
0.2226005345582962
0.08838869631290436
0.4505683183670044
0.1930544376373291
0.2060970515012741
0.06931807845830917
0.316724956035614
0.09063522517681122
0.07666771858930588
0.19360347092151642
0.12145660817623138
0.3103627562522888
0.42294400930404663
0.21434886753559113
0.11838523298501968
0.3863549530506134
0.11176709085702896
0.13248565793037415
0.2605914771556854
0.06865424662828445
0.316724956035614
0.09290561825037003
0.10359689593315125
0.04841298609972
0.0668334811925888
0.316724956035614
0.3863549530506134
0.19209794700145721
0.3863549530506134
0.3863549530506134
0.2594815194606781
0.316724956035614
0.09063522517681122
0.4518018066883087
0.3517341613769531
0.04692425578832626
0.2975057363510132
0.3863549530506134
0.2500476837158203
0.09905385226011276
0.12162647396326065
0.0569196455180645
0.2608261704444885
0.1374589502811432
0.21603308618068695
0.2895367443561554
0.1755194067955017
0.3863549530506134
0.4399964511394501
0.07125458866357803
0.08146104961633682
0.07523250579833984
0.1632857471704483
0.09224582463502884
0.07455268502235413
0.30331504344940186
0.05969247221946716
0.12812945246696472
0.07137749344110489
0.17223916947841644
0.3863549530506134
0.4548199772834778
0.13716962933540344
0.316724956035614
0.1490955799818039
0.4483141005039215
0.12600454688072205
0.3081779181957245
0.0509876012802124
0.04365174472332001
0.05969247221946716
0.01934899017214775
0.14902421832084656
0.20800818502902985
0.24429528415203094
0.316724956035614
0.08187655359506607
0.316724956035614
0.3863549530506134
0.07480516284704208
0.3390929102897644
0.07782377302646637
0.20905064046382904
0.3863549530506134
0.16348765790462494
0.10757070779800415
0.15849027037620544
0.3863549530506134
0.4483141005039215
0.28735682368278503
0.07873641699552536
0.3863549530506134
0.3103627562522888
0.07340367883443832
0.1760188192129135
0.07874319702386856
0.13320055603981018
0.2423437535762787
0.1251780092716217
0.07708919048309326
0.1036323830485344
0.22969867289066315
0.41640689969062805
0.08846817165613174
0.24061428010463715
0.316724956035614
0.39164936542510986
0.316724956035614
0.1540815383195877
0.3863549530506134
0.15056273341178894
0.3863549530506134
0.19411027431488037
0.3863549530506134
0.3863549530506134
0.1598668247461319
0.3977925777435303
0.31802263855934143
0.07979092746973038
0.3863549530506134
0.205301895737648
0.21162433922290802
0.23790107667446136
0.12380299717187881
0.06261761486530304
0.22922299802303314
0.23682929575443268
0.5071620941162109
0.09412040561437607
0.30711713433265686
0.10690248012542725
0.14607256650924683
0.18907377123832703
0.1600216031074524
0.6143903136253357
0.10150063037872314
0.05933660641312599
0.323810875415802
0.0659802034497261
0.060205500572919846
0.04146333783864975
0.3863549530506134
0.08014170825481415
0.10886307805776596
0.3863549530506134
0.3103627562522888
0.1442461758852005
0.38378387689590454
0.28131741285324097
0.3863549530506134
0.4168180525302887
0.3863549530506134
0.10661916434764862
0.09378569573163986
0.2952372431755066
0.2497117966413498
0.29038071632385254
0.07313268631696701
0.042405977845191956
0.4483141005039215
0.09037812799215317
0.3863549530506134
0.0642034038901329
0.316724956035614
0.42294400930404663
0.3887648582458496
0.24664618074893951
0.07806675881147385
0.4483141005039215
0.24810126423835754
0.08515655994415283
0.31986093521118164
0.13671809434890747
0.26891204714775085
0.22125287353992462
0.09945937991142273
0.16961926221847534
0.13606669008731842
0.3863549530506134
0.06408652663230896
0.1046207994222641
0.3863549530506134
0.41640689969062805
0.2729940712451935
0.288163959980011
0.5442705750465393
0.3820444941520691
0.3103627562522888
0.15432925522327423
0.29682713747024536
0.42294400930404663
0.12849901616573334
0.40920817852020264
0.12784361839294434
0.18345218896865845
0.15986724197864532
0.2694896459579468
0.32957321405410767
0.12552189826965332
0.09769916534423828
0.3863549530506134
0.3863549530506134
0.07758057117462158
0.316724956035614
0.19282813370227814
0.3863549530506134
0.252327561378479
0.35116255283355713
0.2608261704444885
0.07606054097414017
0.18867556750774384
0.31955626606941223
0.3863549530506134
0.06709630787372589
0.3863549530506134
0.3863549530506134
0.3863549530506134
0.150510773062706
0.16855411231517792
0.37188154458999634
0.4483141005039215
0.18650953471660614
0.06414950639009476
0.38027873635292053
0.09312889724969864
0.21610207855701447
0.09616667777299881
0.15008637309074402
0.3863549530506134
0.11037269979715347
0.3863549530506134
0.06607169657945633
0.21208743751049042
0.43334513902664185
0.3423481285572052
0.3863549530506134
0.08412021398544312
0.09496218711137772
0.3863549530506134
0.1373828649520874
0.46439680457115173
0.495853990316391
0.05344483256340027
0.316724956035614
0.22679020464420319
0.17083768546581268
0.2808513641357422
0.11656451970338821
0.3863549530506134
0.3921773135662079
0.2048308551311493
0.12964768707752228
0.3863549530506134
0.17350737750530243
0.316724956035614
0.28181201219558716
0.12896263599395752
0.4498615264892578
0.3863549530506134
0.3863549530506134
0.12361415475606918
0.27918630838394165
0.23499467968940735
0.32986247539520264
0.36386531591415405
0.3863549530506134
0.40426191687583923
0.2562737762928009
0.058483339846134186
0.061106398701667786
0.09213390201330185
0.27797651290893555
0.2684039771556854
0.07782214134931564
0.35101020336151123
0.2298680543899536
0.2885514497756958
0.47070565819740295
0.361873984336853
0.36444681882858276
0.12354763597249985
0.29914310574531555
0.19391439855098724
0.09205470234155655
0.18131442368030548
0.29682713747024536
0.3863549530506134
0.10596225410699844
0.3863549530506134
0.4483141005039215
0.3863549530506134
0.08355094492435455
0.3103627562522888
0.35432910919189453
0.3863549530506134
0.21243099868297577
0.2635621428489685
0.0626894161105156
0.22787262499332428
0.27142930030822754
0.07454010099172592
0.36219191551208496
0.09031011909246445
0.131374791264534
0.07123712450265884
0.316724956035614
0.10884993523359299
0.3863549530506134
0.21251237392425537
0.15197400748729706
0.3392637372016907
0.27053096890449524
0.2468615174293518
0.23377861082553864
0.3760966658592224
0.34311532974243164
0.3863549530506134
0.3863549530506134
0.35479772090911865
0.05856377258896828
0.08541501313447952
0.18807582557201385
0.3356817066669464
0.25877925753593445
0.316724956035614
0.12224193662405014
0.15493379533290863
0.24429528415203094
0.316724956035614
0.1623997539281845
0.3863549530506134
0.22922299802303314
0.32703739404678345
0.4483141005039215
0.4373443126678467
0.28471535444259644
0.09014290571212769
0.42602330446243286
0.03964131325483322
0.2489418238401413
0.047137998044490814
0.26735472679138184
0.3227124512195587
0.316724956035614
0.042058926075696945
0.07312043011188507
0.29403406381607056
0.43921738862991333
0.10879834741353989
0.29576969146728516
0.3863549530506134
0.16068150103092194
0.19523783028125763
0.3743743598461151
0.11761406809091568
0.3863549530506134
0.316724956035614
0.07196209579706192
0.06261761486530304
0.19728294014930725
0.06515395641326904
0.3916049003601074
0.47601768374443054
0.3863549530506134
0.10572652518749237
0.04345010221004486
0.5929839015007019
0.3863549530506134
0.09974436461925507
0.09063522517681122
0.04638573154807091
0.3863549530506134
0.3309134244918823
0.3863549530506134
0.3863549530506134
0.23644773662090302
0.05730380490422249
0.05461762100458145
0.06034480780363083
0.3863549530506134
0.3863549530506134
0.316724956035614
0.4483141005039215
0.12958978116512299
0.18454764783382416
0.4234520196914673
0.14584998786449432
0.09592515975236893
0.0813409686088562
0.32957780361175537
0.10366072505712509
0.3863549530506134
0.2881337106227875
0.2608261704444885
0.1373572051525116
0.16653527319431305
0.3863549530506134
0.42216554284095764
0.20611684024333954
0.2608261704444885
0.05414474010467529
0.11267175525426865
0.32860302925109863
0.316724956035614
0.10767270624637604
0.14422257244586945
0.08558029681444168
0.3754967451095581
0.316724956035614
0.38382774591445923
0.3863549530506134
0.316724956035614
0.12248866260051727
0.2816344201564789
0.19753217697143555
0.25723177194595337
0.2286745309829712
0.11842810362577438
0.1853293627500534
0.3214927911758423
0.2901934087276459
0.10042490065097809
0.08276068419218063
0.062566377222538
0.3863549530506134
0.1577908992767334
0.18344934284687042
0.18037556111812592
0.17032644152641296
0.21221579611301422
0.07494664192199707
0.17907102406024933
0.3158882260322571
0.13722412288188934
0.3863549530506134
0.2485448569059372
0.11859561502933502
0.20886464416980743
0.42294400930404663
0.21406368911266327
0.316724956035614
0.10108397156000137
0.07782377302646637
0.3103627562522888
0.3863549530506134
0.2871347665786743
0.3863549530506134
0.051311951130628586
0.09799513965845108
0.4483141005039215
0.316724956035614
0.25861674547195435
0.316724956035614
0.07323936372995377
0.41640689969062805
0.19539929926395416
0.4231919050216675
0.10325026512145996
0.07013201713562012
0.07726769149303436
0.5115998983383179
0.08344847708940506
0.2218392938375473
0.288163959980011
0.3995380401611328
0.10531599074602127
0.14815016090869904
0.3863549530506134
0.24429528415203094
0.18361882865428925
0.06918510049581528
0.06888290494680405
0.3863549530506134
0.24416054785251617
0.19147171080112457
0.21198414266109467
0.3863549530506134
0.1925649642944336
0.13411349058151245
0.24429528415203094
0.3863549530506134
0.14053267240524292
0.3580440878868103
0.24429528415203094
0.08068050444126129
0.3863549530506134
0.42294400930404663
0.11538612097501755
0.3863549530506134
0.23204927146434784
0.2839587926864624
0.18633008003234863
0.49058517813682556
0.06527246534824371
0.19815392792224884
0.05969247221946716
0.21401430666446686
0.4483141005039215
0.270577996969223
0.10152029246091843
0.080014668405056
0.20313619077205658
0.4018672704696655
0.22434943914413452
0.4016304016113281
0.4703229069709778
0.24956955015659332
0.1081089898943901
0.476747065782547
0.16192837059497833
0.3103627562522888
0.11657959967851639
0.06479017436504364
0.4483141005039215
0.08753510564565659
0.1280849277973175
0.48771560192108154
0.0878201499581337
0.316724956035614
0.1198873296380043
0.18830223381519318
0.3077619671821594
0.5467355251312256
0.29749763011932373
0.357724130153656
0.14331261813640594
0.04594450443983078
0.2655934989452362
0.19376100599765778
0.3863549530506134
0.09595968574285507
0.0593949630856514
0.2533148527145386
0.09065761417150497
0.3103627562522888
0.48494765162467957
0.15729591250419617
0.42294400930404663
0.42294400930404663
0.3863549530506134
0.42294400930404663
0.10581856220960617
0.14496217668056488
0.09703169018030167
0.2608261704444885
0.316724956035614
0.12983691692352295
0.18361641466617584
0.22677963972091675
0.05412369966506958
0.054834336042404175
0.20802584290504456
0.05969247221946716
0.2925052046775818
0.22719283401966095
0.18542321026325226
0.316724956035614
0.14634889364242554
0.2055853009223938
0.22587372362613678
0.46420201659202576
0.2608261704444885
0.42294400930404663
0.42294400930404663
0.4483141005039215
0.114837646484375
0.29682713747024536
0.05969247221946716
0.08251187950372696
0.17978031933307648
0.041818663477897644
0.2390100359916687
0.09670840948820114
0.25541964173316956
0.288163959980011
0.2186475545167923
0.09225902706384659
0.21991829574108124
0.11277619749307632
0.21610333025455475
0.15454666316509247
0.13337402045726776
0.21321411430835724
0.12124361097812653
0.3863549530506134
0.23634880781173706
0.18863409757614136
0.10343644767999649
0.43095719814300537
0.278726190328598
0.3863549530506134
0.18249540030956268
0.4346354305744171
0.2107902467250824
0.32524657249450684
0.316724956035614
0.10562699288129807
0.098902128636837
0.3863549530506134
0.2608261704444885
0.3863549530506134
0.4483141005039215
0.3353879749774933
0.18240855634212494
0.1463291496038437
0.08381994813680649
0.09601788967847824
0.2496344894170761
0.09041663259267807
0.16707462072372437
0.1206161305308342
0.14863000810146332
0.4483141005039215
0.0813409686088562
0.3863549530506134
0.35904255509376526
0.228304922580719
0.3017689287662506
0.1170244812965393
0.3863549530506134
0.316724956035614
0.09133555740118027
0.361873984336853
0.048458587378263474
0.17550434172153473
0.316724956035614
0.1519024819135666
0.10773244500160217
0.14656494557857513
0.12713395059108734
0.1130644828081131
0.19577769935131073
0.3002554774284363
0.022040730342268944
0.14300201833248138
0.08534105867147446
0.3863549530506134
0.18017695844173431
0.3111528158187866
0.19911934435367584
0.1447235345840454
0.22720830142498016
0.2016039788722992
0.3198776841163635
0.07494664192199707
0.2449491024017334
0.29319852590560913
0.20689941942691803
0.3892974257469177
0.1793384850025177
0.0891306921839714
0.3863549530506134
0.42294400930404663
0.09097012877464294
0.08314470946788788
0.1587883085012436
0.47732630372047424
0.44799599051475525
0.42294400930404663
0.3863549530506134
0.07706274092197418
0.32764649391174316
0.30874383449554443
0.225680872797966
0.19540034234523773
0.19680078327655792
0.3863549530506134
0.09791002422571182
0.18851400911808014
0.11201301217079163
0.2532842457294464
0.316724956035614
0.18289797008037567
0.2608261704444885
0.09270303696393967
0.23582448065280914
0.19963864982128143
0.11566441506147385
0.11024711281061172
0.42294400930404663
0.06915492564439774
0.12428656965494156
0.09108101576566696
0.1859065145254135
0.3863549530506134
0.11739436537027359
0.07494664192199707
0.13486547768115997
0.4483141005039215
0.227336123585701
0.3408614993095398
0.3103627562522888
0.3863549530506134
0.11283838003873825
0.23526279628276825
0.1573665589094162
0.3863549530506134
0.11693263798952103
0.0695950910449028
0.3580440878868103
0.27214890718460083
0.08037596940994263
0.316724956035614
0.06921245902776718
0.3863549530506134
0.288163959980011
0.3668559491634369
0.15710102021694183
0.4483141005039215
0.2025766372680664
0.1334211230278015
0.08222004771232605
0.30698931217193604
0.2608261704444885
0.3863549530506134
0.316724956035614
0.13245806097984314
0.3863549530506134
0.07708703726530075
0.12967242300510406
0.38048243522644043
0.19741953909397125
0.42294400930404663
0.22265256941318512
0.316724956035614
0.21506676077842712
0.3166879415512085
0.3863549530506134
0.17220672965049744
0.1754256933927536
0.08038987219333649
0.42294400930404663
0.3863549530506134
0.08397761732339859
0.3678053021430969
0.049073249101638794
0.4483141005039215
0.13821132481098175
0.38222870230674744
0.03880459442734718
0.38222870230674744
0.1908847540616989
0.23269669711589813
0.16472619771957397
0.10298498719930649
0.07083531469106674
0.3863549530506134
0.25616034865379333
0.15583311021327972
0.18695871531963348
0.26726293563842773
0.11117362231016159
0.2468479722738266
0.5291774272918701
0.1317015290260315
0.23933304846286774
0.1261395812034607
0.25342583656311035
0.15074853599071503
0.04696247726678848
0.3867263197898865
0.10537021607160568
0.5110790133476257
0.10628920048475266
0.3863549530506134
0.4060419201850891
0.10029704123735428
0.08954770863056183
0.3243255913257599
0.09265369921922684
0.3863549530506134
0.3977288603782654
0.07791338860988617
0.05686243623495102
0.316724956035614
0.09986428171396255
0.06859252601861954
0.14800134301185608
0.14488495886325836
0.16976702213287354
0.22159165143966675
0.3863549530506134
0.10594598948955536
0.14516055583953857
0.24684536457061768
0.19708681106567383
0.316724956035614
0.1063380241394043
0.26918429136276245
0.316724956035614
0.08674774318933487
0.3863549530506134
0.14770576357841492
0.11838523298501968
0.14036765694618225
0.20137906074523926
0.09752427041530609
0.13685311377048492
0.08686763793230057
0.06722203642129898
0.14632782340049744
0.28518882393836975
0.0605521984398365
0.4483141005039215
0.3863549530506134
0.3103627562522888
0.1154487356543541
0.15268956124782562
0.08627647161483765
0.1014288142323494
0.3863549530506134
0.07767074555158615
0.24429528415203094
0.13138237595558167
0.20101703703403473
0.18465839326381683
0.11816254258155823
0.16266590356826782
0.07741781324148178
0.3863549530506134
0.3863549530506134
0.3863549530506134
0.10677044838666916
0.15443085134029388
0.2834472060203552
0.3863549530506134
0.2852393388748169
0.38222870230674744
0.2893078029155731
0.092645563185215
0.03217611461877823
0.1035316064953804
0.316724956035614
0.17412598431110382
0.3365132212638855
0.4767758846282959
0.1443934291601181
0.14083300530910492
0.3863549530506134
0.2929447889328003
0.04458457976579666
0.05152227729558945
0.15552304685115814
0.316724956035614
0.05765204131603241
0.18182696402072906
0.3058314919471741
0.03687623143196106
0.20257501304149628
0.3143898546695709
0.05439294874668121
0.1152854636311531
0.24429528415203094
0.3103627562522888
-0.02853623777627945
0.3203411102294922
0.3867807388305664
0.20145107805728912
0.20547987520694733
0.21043162047863007
0.1111413836479187
0.03359505534172058
0.27007269859313965
0.0967077985405922
0.06689172983169556
0.29643332958221436
0.316724956035614
0.3863549530506134
0.316724956035614
0.22301575541496277
0.2787688374519348
0.22183272242546082
0.10885297507047653
0.476747065782547
0.3863549530506134
0.057494133710861206
0.39352911710739136
0.3863549530506134
0.3037925958633423
0.21936506032943726
0.20813710987567902
0.316724956035614
0.11489485949277878
0.05662395432591438
0.13676121830940247
0.06359771639108658
0.11706845462322235
0.3392929434776306
0.05685637146234512
0.34914153814315796
0.10903172194957733
0.07059236615896225
0.30711713433265686
0.316724956035614
0.11531361937522888
0.20696185529232025
0.3863549530506134
0.136901393532753
0.07782377302646637
0.41700661182403564
0.12683306634426117
0.07839956134557724
0.12943847477436066
0.1383180320262909
0.42294400930404663
0.34739813208580017
0.3103627562522888
0.3863549530506134
0.316724956035614
0.17978031933307648
0.3863549530506134
0.20819365978240967
0.2608261704444885
0.08130720257759094
0.3116099238395691
0.2653977572917938
0.3863549530506134
0.09350845962762833
0.22338232398033142
0.10470570623874664
0.3863549530506134
0.4483141005039215
0.5494962930679321
0.3103627562522888
0.09920816123485565
0.06361999362707138
0.1747279018163681
0.3863549530506134
0.316724956035614
0.06115918606519699
0.25320911407470703
0.18941064178943634
0.3103627562522888
0.08482546359300613
0.07782377302646637
0.1412673443555832
0.08130720257759094
0.3760198950767517
0.316724956035614
0.24915586411952972
0.3863549530506134
0.1666812151670456
0.18812066316604614
0.42294400930404663
0.32209789752960205
0.11991210281848907
0.19024880230426788
0.15592385828495026
0.3863549530506134
0.3863549530506134
0.11492757499217987
0.07362542301416397
0.09373459219932556
0.3300543427467346
0.17512904107570648
0.07624079287052155
0.3863549530506134
0.08955460041761398
0.3103627562522888
0.24293075501918793
0.3863549530506134
0.4005754292011261
0.3863549530506134
0.3863549530506134
0.3863549530506134
0.15884216129779816
0.19714684784412384
0.3446362018585205
0.2171991914510727
0.10724526643753052
0.13953912258148193
0.316724956035614
0.3022993803024292
0.36883413791656494
0.1263405829668045
0.09249140322208405
0.07427292317152023
0.42294400930404663
0.5416430234909058
0.32243812084198
0.3486700654029846
0.3615354597568512
0.18524490296840668
0.05969247221946716
0.23271575570106506
0.14183849096298218
0.40142035484313965
0.2608261704444885
0.41789716482162476
0.3493935763835907
0.42294400930404663
0.08126028627157211
0.3863549530506134
0.19820661842823029
0.18700139224529266
0.3863549530506134
0.2081201821565628
0.08719625324010849
0.42294400930404663
0.24042962491512299
0.3863549530506134
0.31746619939804077
0.3863549530506134
0.06436454504728317
0.20672260224819183
0.08240209519863129
0.3908140957355499
0.14910362660884857
0.3863549530506134
0.0999961867928505
0.2608261704444885
0.12631367146968842
0.31823158264160156
0.12262142449617386
0.23526279628276825
0.08252405375242233
0.11838523298501968
0.0701906606554985
0.12182687968015671
0.09454906731843948
0.136901393532753
0.1186157837510109
0.316724956035614
0.3414657711982727
0.3730698227882385
0.42294400930404663
0.316724956035614
0.4132654666900635
0.3103627562522888
0.11830932646989822
0.3103627562522888
0.08970688283443451
0.09623858332633972
0.3863549530506134
0.25617969036102295
0.18244387209415436
0.30698931217193604
0.13892440497875214
0.275332510471344
0.316724956035614
0.067413330078125
0.06145371496677399
0.2759181559085846
0.3179345726966858
0.07806313037872314
0.16235323250293732
0.10855485498905182
0.18664927780628204
0.08558889478445053
0.41351866722106934
0.08566384017467499
0.3863549530506134
0.1935999095439911
0.10712956637144089
0.24429528415203094
0.13348452746868134
0.18826334178447723
0.12840749323368073
0.3197422921657562
0.08586202561855316
0.0887741968035698
0.1972377747297287
0.4483141005039215
0.3103627562522888
0.05969247221946716
0.06030558794736862
0.3863549530506134
0.0727381780743599
0.2608261704444885
0.316724956035614
0.09863079339265823
0.28156450390815735
0.1159205213189125
0.1729302704334259
0.15430821478366852
0.10063645988702774
0.15879105031490326
0.03392860293388367
0.27502137422561646
0.22264337539672852
0.316724956035614
0.3863549530506134
0.2781462073326111
0.3863549530506134
0.23916493356227875
0.054991185665130615
0.5768637657165527
0.06374140828847885
0.19860638678073883
0.3014410734176636
0.1737489551305771
0.07553926855325699
0.3863549530506134
0.4483141005039215
0.2608261704444885
0.3900233507156372
0.17732420563697815
0.33062544465065
0.12656794488430023
0.4483141005039215
0.24429528415203094
0.1994476467370987
0.1964985430240631
0.34824317693710327
0.16550485789775848
0.3332839608192444
0.33079618215560913
0.07819447666406631
0.3863549530506134
0.316724956035614
0.4192778468132019
0.18353845179080963
0.316724956035614
0.15769140422344208
0.42294400930404663
0.28337669372558594
0.09429868310689926
0.2518123984336853
0.3863549530506134
0.038922205567359924
0.3863549530506134
0.2773958146572113
0.06305671483278275
0.522087812423706
0.1097583994269371
0.316724956035614
0.0400727316737175
0.11038264632225037
0.05969247221946716
0.1466188132762909
0.4152519106864929
0.1261395812034607
0.19196872413158417
0.5161150097846985
0.26364606618881226
0.3479842245578766
0.022427519783377647
0.2860749363899231
0.3863549530506134
0.14503972232341766
0.3103627562522888
0.11849776655435562
0.1034637913107872
0.3863549530506134
0.2930489480495453
0.36018434166908264
0.4483141005039215
0.3863549530506134
0.2608261704444885
0.4078369140625
0.0828658863902092
0.3863549530506134
0.19797736406326294
0.3863549530506134
0.316724956035614
0.2836329936981201
0.05969247221946716
0.164917454123497
0.23167093098163605
0.27375710010528564
0.2128727287054062
0.3572520613670349
0.08388776332139969
0.09703889489173889
0.26130712032318115
0.10373347252607346
0.3863549530506134
0.12000232189893723
0.09396331757307053
0.3863549530506134
0.21769021451473236
0.3863549530506134
0.3103627562522888
0.23333542048931122
0.2608261704444885
0.2756158709526062
0.3863549530506134
0.275332510471344
0.35973984003067017
0.26381993293762207
0.08966298401355743
0.316724956035614
0.3863549530506134
0.2539587616920471
0.08693743497133255
0.3863549530506134
0.10125844925642014
0.38222870230674744
0.2608261704444885
0.20904870331287384
0.13726317882537842
0.0992288738489151
0.3863549530506134
0.06492314487695694
0.316724956035614
0.2613402009010315
0.07494664192199707
0.4031111001968384
0.2608261704444885
0.10421375185251236
0.20440085232257843
0.20861667394638062
0.15196619927883148
0.4078369140625
0.2037196010351181
0.3863549530506134
0.4483141005039215
0.316724956035614
0.316724956035614
0.19761969149112701
0.1407480090856552
0.3008761405944824
0.10312317311763763
0.08068050444126129
0.5263934135437012
0.3863549530506134
0.3788580298423767
0.316724956035614
0.10620095580816269
0.07478322833776474
0.3804071545600891
0.4013516306877136
0.13776470720767975
0.08978204429149628
0.25276774168014526
0.5068386197090149
0.0813409686088562
0.20551468431949615
0.13740253448486328
0.49786141514778137
0.28131741285324097
0.766594648361206
0.21759146451950073
0.11542951315641403
0.3636471629142761
0.28452882170677185
0.14460109174251556
0.316724956035614
0.16848237812519073
0.12043193727731705
0.06404270976781845
0.16038283705711365
0.07361304014921188
0.12869660556316376
0.3353040814399719
0.17260712385177612
0.3103627562522888
0.0998816266655922
0.15191304683685303
0.32599547505378723
0.316724956035614
0.28357604146003723
0.21138300001621246
0.42294400930404663
0.316724956035614
0.047493789345026016
0.31192660331726074
0.3863549530506134
0.29194575548171997
0.22098861634731293
0.20463617146015167
0.2990705370903015
0.3213728666305542
0.26136213541030884
0.2996614873409271
0.15556852519512177
0.16963036358356476
0.35570573806762695
0.09606928378343582
0.28700682520866394
0.16951380670070648
0.0924629271030426
0.10125990957021713
0.14659623801708221
0.316724956035614
0.10904135555028915
0.16474398970603943
0.3863549530506134
0.16341044008731842
0.108158178627491
0.14652742445468903
0.07689297944307327
0.0954061970114708
0.27993887662887573
0.3863549530506134
0.4883398413658142
0.05523144453763962
0.2646525502204895
0.1606520265340805
0.3212718665599823
0.3103627562522888
0.3863549530506134
0.09652195125818253
0.067413330078125
0.0661017969250679
0.09955275058746338
0.04650718346238136
0.0695216953754425
0.19124175608158112
0.5600367784500122
0.42294400930404663
0.14739073812961578
0.4316627085208893
0.21848531067371368
0.5137420892715454
0.288163959980011
0.10025529563426971
0.2788332402706146
0.031376853585243225
0.316724956035614
0.42216554284095764
0.12486954778432846
0.7056052684783936
0.3566599488258362
0.06080305576324463
0.13246497511863708
0.4648401737213135
0.14550825953483582
0.3863549530506134
0.06712857633829117
0.2733684480190277
0.2608261704444885
0.16539250314235687
0.0923333540558815
0.316724956035614
0.4556339681148529
0.3863549530506134
0.1295808106660843
0.22542934119701385
0.3655827045440674
0.1443663239479065
0.08484967797994614
0.3365912437438965
0.18958625197410583
0.12215470522642136
0.2608261704444885
0.4483141005039215
0.19297675788402557
0.2608261704444885
0.25207701325416565
0.14739073812961578
0.08546700328588486
0.3863549530506134
0.42047321796417236
0.11861521005630493
0.42294400930404663
0.3061843514442444
0.09218668192625046
0.8529212474822998
0.08138785511255264
0.20690567791461945
0.05129013955593109
0.16849221289157867
0.08760685473680496
0.3863549530506134
0.14999671280384064
0.41640689969062805
0.12197873741388321
0.38222870230674744
0.30221396684646606
0.14119893312454224
0.1353154182434082
0.42294400930404663
0.10714858025312424
0.1650337427854538
0.2608261704444885
0.29094189405441284
0.10367793589830399
0.18645064532756805
0.22517724335193634
0.3863549530506134
0.37188154458999634
0.42294400930404663
0.23410741984844208
0.1269892305135727
0.08367092907428741
0.313376247882843
0.46062004566192627
0.316724956035614
0.34893599152565
0.11726906895637512
0.25589317083358765
0.17109207808971405
0.17648933827877045
0.2603520154953003
0.24648866057395935
0.10434072464704514
0.13645513355731964
0.10240624099969864
0.35458436608314514
0.15502361953258514
0.316724956035614
0.4483141005039215
0.20256741344928741
0.261282742023468
0.2837715446949005
0.05113152414560318
0.24429528415203094
0.309525728225708
0.3103627562522888
0.3863549530506134
0.4483141005039215
0.316724956035614
0.39757663011550903
0.47601768374443054
0.29372432827949524
0.29094189405441284
0.35479772090911865
0.23711811006069183
0.4483141005039215
0.1253218799829483
0.6423941850662231
0.14126797020435333
0.24429528415203094
0.3863549530506134
0.11962670832872391
0.15240685641765594
0.29372432827949524
0.03968222066760063
0.42294400930404663
0.3863549530506134
0.4483141005039215
0.09602155536413193
0.313870370388031
0.3863549530506134
0.06594821065664291
0.23939763009548187
0.10508793592453003
0.12729577720165253
0.07494664192199707
0.316724956035614
0.23917900025844574
0.316724956035614
0.3863549530506134
0.10976352542638779
0.4505082070827484
0.20802584290504456
0.4483141005039215
0.193838432431221
0.316724956035614
0.4483141005039215
0.2608261704444885
0.16251899302005768
0.316724956035614
0.12098422646522522
0.13201527297496796
0.25139203667640686
0.316724956035614
0.42294400930404663
0.17277361452579498
0.24961797893047333
0.3863549530506134
0.13862581551074982
0.41640689969062805
0.3863549530506134
0.24407966434955597
0.1401015967130661
0.4195325970649719
0.21381095051765442
0.4483141005039215
0.29508012533187866
0.11143436282873154
0.22667726874351501
0.2724807858467102
0.3863549530506134
0.2365594357252121
0.19009892642498016
0.18866246938705444
0.42294400930404663
0.21866005659103394
0.3863549530506134
0.04166257381439209
0.3863549530506134
0.1842169612646103
0.10525545477867126
0.2384391576051712
0.18518532812595367
0.08062227815389633
0.21880026161670685
0.15080516040325165
0.1007380411028862
0.10882741957902908
0.08366403728723526
0.316724956035614
0.0668334811925888
0.19872434437274933
0.1197456493973732
0.13583308458328247
0.316724956035614
0.3863549530506134
0.0656253844499588
0.28688621520996094
0.316724956035614
0.11519346386194229
0.10633188486099243
0.4483141005039215
0.1355113387107849
0.3103627562522888
0.0475439578294754
0.3441968858242035
0.1682734191417694
0.11841820925474167
0.28501051664352417
0.04516347870230675
0.028212351724505424
0.0699177160859108
0.145843043923378
0.34439170360565186
0.259484201669693
0.4446685314178467
0.3863549530506134
0.316724956035614
0.2683165669441223
0.3226589560508728
0.11536797136068344
0.18169300258159637
0.3863549530506134
0.2282557189464569
0.09457255154848099
0.371551513671875
0.11113381385803223
0.1229696199297905
0.17650870978832245
0.05685104429721832
0.3335890769958496
0.2837715446949005
0.21891790628433228
0.42294400930404663
0.3863549530506134
0.42294400930404663
0.1342366486787796
0.13071338832378387
0.32243812084198
0.09647227823734283
0.07857542484998703
0.3863549530506134
0.09205794334411621
0.07350363582372665
0.051444560289382935
0.3580440878868103
0.47601768374443054
0.16664500534534454
0.15412557125091553
0.07567232847213745
0.316724956035614
0.2045481950044632
0.11121626198291779
0.3052237629890442
0.3103627562522888
0.3711703419685364
0.1237211748957634
0.24457913637161255
0.42294400930404663
0.13825170695781708
0.3319492042064667
0.3863549530506134
0.13887546956539154
0.06976769864559174
0.1282941997051239
0.10631851851940155
0.06213346868753433
0.06769654154777527
0.11318372935056686
0.21826033294200897
0.20547987520694733
0.10196910798549652
0.24427732825279236
0.3863549530506134
0.3863549530506134
0.2717224061489105
0.1464231014251709
0.1197071447968483
0.2816344201564789
0.316724956035614
0.41640689969062805
0.07894663512706757
0.316724956035614
0.054834336042404175
0.2332736998796463
0.1219504252076149
0.26585692167282104
0.4483141005039215
0.23526279628276825
0.16755367815494537
0.3863549530506134
0.316724956035614
0.214154914021492
0.3549073338508606
0.288163959980011
0.09846393764019012
0.3005269765853882
0.1549142450094223
0.12526796758174896
0.2190539836883545
0.09023592621088028
0.07476168125867844
0.10015275329351425
0.3863549530506134
0.29627710580825806
0.20698390901088715
0.1863613724708557
0.4078369140625
0.06575098633766174
0.07866107672452927
0.3863549530506134
0.3863549530506134
0.3863549530506134
0.31356945633888245
0.1294592171907425
0.40048253536224365
0.05856377258896828
0.316724956035614
0.07695741951465607
0.2608261704444885
0.09449795633554459
0.316724956035614
0.3863549530506134
0.2608261704444885
0.0626027062535286
0.264578253030777
0.07564955949783325
0.18483123183250427
0.06549206376075745
0.09878399968147278
0.2835714817047119
0.13090987503528595
0.2521178126335144
0.316724956035614
0.09920816123485565
0.42294400930404663
0.4483141005039215
0.3863549530506134
0.1535124033689499
0.3863549530506134
0.316724956035614
0.08332517743110657
0.6009958982467651
0.4556339681148529
0.20817257463932037
0.19429592788219452
0.1597997397184372
0.16876883804798126
0.1919456124305725
0.25598055124282837
0.11948161572217941
0.09141243249177933
0.15142257511615753
0.3863549530506134
0.44998282194137573
0.2797430753707886
0.16441094875335693
0.316724956035614
0.27536648511886597
0.3863549530506134
0.3863549530506134
0.2608261704444885
0.3863549530506134
0.3863549530506134
0.20671340823173523
0.13449129462242126
0.12228212505578995
0.3863549530506134
0.3863549530506134
0.4483141005039215
0.08694932609796524
0.316724956035614
0.14614920318126678
0.2889452278614044
0.3863549530506134
0.42294400930404663
0.40142035484313965
0.2175767868757248
0.4690476357936859
0.3863549530506134
0.2485819309949875
0.3863549530506134
0.316724956035614
0.23848579823970795
0.3863549530506134
0.2235809713602066
0.2608261704444885
0.3863549530506134
0.2837715446949005
0.17069202661514282
0.08337944746017456
0.316724956035614
0.2121681123971939
0.316724956035614
0.18141472339630127
0.32967835664749146
0.14163117110729218
0.20057901740074158
0.045684948563575745
0.26369744539260864
0.42294400930404663
0.304174542427063
0.06012697517871857
0.19709785282611847
0.33984073996543884
0.3863549530506134
0.28131741285324097
0.3863549530506134
0.0449138842523098
0.07437112927436829
0.1990732103586197
0.12585751712322235
0.3863549530506134
0.3863549530506134
0.11345350742340088
0.42796313762664795
0.3678053021430969
0.3863549530506134
0.09044566005468369
0.07868609577417374
0.3103627562522888
0.07910653203725815
0.22922299802303314
0.16204896569252014
0.10373645275831223
0.2953561544418335
0.23637178540229797
0.4695950746536255
0.24812817573547363
0.16160984337329865
0.316724956035614
0.39096546173095703
0.05856377258896828
0.3580440878868103
0.3103627562522888
0.3863549530506134
0.3863549530506134
0.38222870230674744
0.3863549530506134
0.316724956035614
0.3316376805305481
0.3863549530506134
0.23016487061977386
0.19408145546913147
0.2973249554634094
0.25062963366508484
0.3103627562522888
0.2349160760641098
0.3863549530506134
0.10555510967969894
0.3863549530506134
0.3863549530506134
0.0748773142695427
0.39164936542510986
0.24429528415203094
0.18494808673858643
0.11645002663135529
0.2647978663444519
0.11102630198001862
0.3863549530506134
0.11364065855741501
0.12173672020435333
0.1962437927722931
0.316724956035614
0.3148149847984314
0.42294400930404663
0.06687915325164795
0.316724956035614
0.06861711293458939
0.3863549530506134
0.23710469901561737
0.4483141005039215
0.3438167870044708
0.17427782714366913
0.3863549530506134
0.175676628947258
0.2027464509010315
0.4483141005039215
0.06019794940948486
0.14078927040100098
0.3863549530506134
0.3863549530506134
0.17920303344726562
0.4609904885292053
0.316724956035614
0.3863549530506134
0.13006769120693207
0.3256528973579407
0.1458044946193695
0.24622958898544312
0.3863549530506134
0.37049078941345215
0.3863549530506134
0.3927640914916992
0.06391958147287369
0.04181317239999771
0.316724956035614
0.149352565407753
0.3863549530506134
0.12888126075267792
0.3863549530506134
0.09819920361042023
0.08404257893562317
0.12142874300479889
0.12242256850004196
0.09287405759096146
0.23526279628276825
0.2584269642829895
0.2868422269821167
0.3103627562522888
0.0813002809882164
0.06839018315076828
0.2781725525856018
0.15744014084339142
0.3243255913257599
0.27709779143333435
0.24429528415203094
0.13775278627872467
0.22922299802303314
0.2759259045124054
0.08901345729827881
0.21222518384456635
0.316724956035614
0.21230389177799225
0.09252826124429703
0.09106067568063736
0.5004356503486633
0.3863549530506134
0.0969589501619339
0.316724956035614
0.09714972227811813
0.42294400930404663
0.06313712149858475
0.316724956035614
0.07989315688610077
0.09780844300985336
0.05969247221946716
0.2637406885623932
0.08504822850227356
0.10848548263311386
0.316724956035614
0.10810206085443497
0.106023408472538
0.0626894161105156
0.19483648240566254
0.3863549530506134
0.1370631456375122
0.3863549530506134
0.17657370865345
0.11487606167793274
0.15147341787815094
0.3863549530506134
0.07494664192199707
0.0923222154378891
0.316724956035614
0.316724956035614
0.3863549530506134
0.06823378056287766
0.07615720480680466
0.09739168733358383
0.09239587187767029
0.22063525021076202
0.3568350672721863
0.316724956035614
0.23275357484817505
0.1623486429452896
0.1757744401693344
0.3905763328075409
0.22005225718021393
0.2836329936981201
0.21116887032985687
0.3863549530506134
0.0911301001906395
0.2754707634449005
0.19025586545467377
0.23113076388835907
0.4483141005039215
0.3863549530506134
0.21886682510375977
0.20224837958812714
0.11877816915512085
0.11812085658311844
0.10929437726736069
0.1808767169713974
0.10334404557943344
0.33500850200653076
0.33319389820098877
0.3863549530506134
0.09214430302381516
0.38146716356277466
0.08623646944761276
0.3863549530506134
0.24018502235412598
0.07337911427021027
0.40142035484313965
0.19610857963562012
0.13928626477718353
0.3863549530506134
0.1341373771429062
0.42294400930404663
0.08229821920394897
0.2279118150472641
0.08164065331220627
0.10544633120298386
0.27189308404922485
0.11025755852460861
0.38222870230674744
0.06633441895246506
0.3863549530506134
0.316724956035614
0.11253739148378372
0.3103627562522888
0.32969093322753906
0.316724956035614
0.3265507221221924
0.42294400930404663
0.2816344201564789
0.17567424476146698
0.1517549455165863
0.3863549530506134
0.233953595161438
0.2940081059932709
0.3863549530506134
0.3678053021430969
0.4483141005039215
0.2327510565519333
0.3863549530506134
0.316724956035614
0.0795193538069725
0.2666633427143097
0.153206929564476
0.3863549530506134
0.325867235660553
0.3863549530506134
0.3863549530506134
0.3381531536579132
0.19420069456100464
0.3061981201171875
0.09397131949663162
0.2911680042743683
0.3863549530506134
0.3863549530506134
0.06216457486152649
0.3103627562522888
0.19409684836864471
0.10637641698122025
0.08005230873823166
0.14566558599472046
0.11827296763658524
0.3863549530506134
0.09912184625864029
0.3863549530506134
0.12904669344425201
0.39533543586730957
0.24393080174922943
0.24035640060901642
0.052198853343725204
0.31813159584999084
0.3326825797557831
0.07167713344097137
0.1525207906961441
0.11604256182909012
0.1869802623987198
0.2839611768722534
0.316724956035614
0.1050032451748848
0.19225947558879852
0.059857070446014404
0.22903428971767426
0.09091723710298538
0.3266153931617737
0.3863549530506134
0.4576190114021301
0.3863549530506134
0.3863549530506134
0.1669037789106369
0.2852557897567749
0.2763107419013977
0.23833461105823517
0.3863549530506134
0.3863549530506134
0.3863549530506134
0.2749249339103699
0.02945658378303051
0.39582523703575134
0.09467249363660812
0.09257058054208755
0.316724956035614
0.3863549530506134
0.2771035134792328
0.3863549530506134
0.06662631034851074
0.3863549530506134
0.09343210607767105
0.1656952053308487
0.15058279037475586
0.22922299802303314
0.2606199383735657
0.17138613760471344
0.14773061871528625
0.2726778984069824
0.374179869890213
0.21300283074378967
0.0805283635854721
0.20115779340267181
0.07663241773843765
0.42294400930404663
0.09420513361692429
0.26867955923080444
0.3089749813079834
0.2660641074180603
0.17986838519573212
0.26738280057907104
0.41700661182403564
0.18741852045059204
0.3863549530506134
0.09143631905317307
0.26469185948371887
0.252272367477417
0.07767480611801147
0.17556194961071014
0.316724956035614
0.3863549530506134
0.2169487625360489
0.1381901502609253
0.316724956035614
0.3863549530506134
0.3863549530506134
0.2608261704444885
0.2844797372817993
0.316724956035614
0.3781251609325409
0.316724956035614
0.07494664192199707
0.17384207248687744
0.42699235677719116
0.316724956035614
0.08038567751646042
0.38051682710647583
0.46002396941185
0.3863549530506134
0.17845197021961212
0.3863549530506134
0.3863549530506134
0.057912878692150116
0.18361641466617584
0.18860429525375366
0.10641459375619888
0.08222004771232605
0.13172943890094757
0.09837404638528824
0.09692292660474777
0.09257861971855164
0.3863549530506134
0.2579348087310791
0.13328558206558228
0.3828088939189911
0.2914656102657318
0.11217589676380157
0.42294400930404663
0.11399026960134506
0.42294400930404663
0.052892833948135376
0.09461856633424759
0.41915011405944824
0.3640974462032318
0.2438591569662094
0.0982189029455185
0.09179245680570602
0.07946150004863739
0.3863549530506134
0.3863549530506134
0.15364764630794525
0.34739813208580017
0.47732630372047424
0.058281611651182175
0.08960837125778198
0.07278817147016525
0.24956955015659332
0.3103627562522888
0.23686856031417847
0.07282722741365433
0.3863549530506134
0.259735107421875
0.4483141005039215
0.11632777750492096
0.42294400930404663
0.16493405401706696
0.29748961329460144
0.316724956035614
0.13194586336612701
0.12337120622396469
0.35417550802230835
0.23551861941814423
0.3863549530506134
0.2759002447128296
0.054803162813186646
0.2098662406206131
0.05234282463788986
0.4483141005039215
0.10527268052101135
0.3863549530506134
0.3863549530506134
0.11835359781980515
0.23526279628276825
0.49079054594039917
0.16195382177829742
0.2147226184606552
0.28549763560295105
0.24980749189853668
0.05013621598482132
0.09143109619617462
0.3905763328075409
0.20817457139492035
0.3103627562522888
0.18540583550930023
0.043313685804605484
0.03715166449546814
0.08045132458209991
0.28131741285324097
0.3446189761161804
0.3863549530506134
0.04367676004767418
0.15787480771541595
0.2546818256378174
0.04180903360247612
0.31367748975753784
0.0945349857211113
0.3863549530506134
0.42294400930404663
0.05804381147027016
0.15087957680225372
0.3863549530506134
0.3365132212638855
0.4483141005039215
0.13805316388607025
0.05969247221946716
0.12874622642993927
0.15902118384838104
0.38273608684539795
0.1481585055589676
0.11309924721717834
0.14427067339420319
0.06776947528123856
0.10976702719926834
0.3117641806602478
0.10153615474700928
0.1411762684583664
0.1955013871192932
0.08495328575372696
0.055986057966947556
0.05805022269487381
0.17058692872524261
0.4548199772834778
0.15701623260974884
0.42294400930404663
0.42294400930404663
0.3863549530506134
0.316724956035614
0.09011716395616531
0.3863549530506134
0.22587800025939941
0.2608261704444885
0.12601181864738464
0.06869810074567795
0.14857245981693268
0.05969247221946716
0.3863549530506134
0.3792722523212433
0.1778331845998764
0.2608261704444885
0.11991306394338608
0.14895369112491608
0.3103627562522888
0.3863549530506134
0.3485666513442993
0.2608261704444885
0.3392637372016907
0.15088804066181183
0.11031293869018555
0.1182369515299797
0.3863549530506134
0.1382880061864853
0.5220497250556946
0.3863549530506134
0.35479772090911865
0.15739156305789948
0.3863549530506134
0.4373443126678467
0.20781458914279938
0.26738280057907104
0.3863549530506134
0.19968803226947784
0.17590245604515076
0.10962147265672684
0.37188154458999634
0.19560222327709198
0.05969247221946716
0.14233772456645966
0.24429528415203094
0.4483141005039215
0.21623893082141876
0.06460326164960861
0.04968547075986862
0.316724956035614
0.19156359136104584
0.11216311156749725
0.09186633676290512
0.2608261704444885
0.3914259672164917
0.07371234893798828
0.4483141005039215
0.316724956035614
0.3863549530506134
0.3863549530506134
0.030527153983712196
0.2921077311038971
0.3863549530506134
0.10231446474790573
0.08896945416927338
0.3353879749774933
0.08422008901834488
0.07384104281663895
0.2608261704444885
0.14352035522460938
0.3103627562522888
0.3863549530506134
0.1522415578365326
0.1541784554719925
0.24429528415203094
0.3863549530506134
0.11767862737178802
0.04892892390489578
0.4101584553718567
0.3863549530506134
0.42294400930404663
0.12749086320400238
0.3103627562522888
0.18056318163871765
0.3863549530506134
0.3863549530506134
0.3863549530506134
0.3863549530506134
0.3863549530506134
0.13170385360717773
0.3863549530506134
0.5026182532310486
0.3863549530506134
0.09210249036550522
0.08497069776058197
0.06200266629457474
0.10379239171743393
0.07824604958295822
0.316724956035614
0.12143740803003311
0.13320055603981018
0.21745158731937408
0.07866107672452927
0.23084941506385803
0.42294400930404663
0.1463129222393036
0.3863549530506134
0.16119219362735748
0.3863549530506134
0.4220481514930725
0.13054271042346954
0.4483141005039215
0.3863549530506134
0.09388195723295212
0.12695908546447754
0.0708889290690422
0.19818095862865448
0.3863549530506134
0.16027672588825226
0.19893814623355865
0.5037244558334351
0.3552180528640747
0.19194170832633972
0.14354059100151062
0.3386971056461334
0.4483141005039215
0.02088123746216297
0.19804547727108002
0.12625159323215485
0.13812659680843353
0.10396745055913925
0.24754983186721802
0.316724956035614
0.3863549530506134
0.15289774537086487
0.27385956048965454
0.49610817432403564
0.15087006986141205
0.5216331481933594
0.3121088743209839
0.08279279619455338
0.15801018476486206
0.42294400930404663
0.15548662841320038
0.054803162813186646
0.316724956035614
0.3863549530506134
0.6127212047576904
0.3863549530506134
0.24424852430820465
0.42294400930404663
0.15552844107151031
0.14025180041790009
0.05650384724140167
0.2047393023967743
0.08024541288614273
0.1404041051864624
0.3863549530506134
0.4387398362159729
0.3863549530506134
0.3863549530506134
0.4446685314178467
0.10993744432926178
0.14416226744651794
0.2418595403432846
0.09430146962404251
0.3284846544265747
0.17405720055103302
0.316724956035614
0.3863549530506134
0.08529821783304214
0.05604563280940056
0.42294400930404663
0.06822912395000458
0.16696153581142426
0.10192174464464188
0.1371404379606247
0.1552523523569107
0.17993195354938507
0.2973249554634094
0.3678053021430969
0.1256188601255417
0.3957899808883667
0.09493765980005264
0.14247538149356842
0.09761354327201843
0.08189870417118073
0.3805440664291382
0.19280706346035004
0.16036589443683624
0.30141133069992065
0.2837715446949005
0.12810932099819183
0.30475103855133057
0.10084067285060883
0.3863549530506134
0.06912217289209366
0.07401441037654877
0.14007219672203064
0.24057637155056
0.22424067556858063
0.2608261704444885
0.4483141005039215
0.07299484312534332
0.44564288854599
0.3533695936203003
0.13659559190273285
0.30711713433265686
0.3760966658592224
0.12805773317813873
0.31551769375801086
0.08654280006885529
0.12816302478313446
0.4240437150001526
0.25449785590171814
0.4483141005039215
0.3944888710975647
0.25685763359069824
0.4483141005039215
0.2094823569059372
0.09035630524158478
0.3103627562522888
0.3863549530506134
0.42430979013442993
0.1465209275484085
0.12604759633541107
0.5071620941162109
0.3863549530506134
0.09231466799974442
0.24295906722545624
0.42294400930404663
0.41684526205062866
0.1615658551454544
0.3863549530506134
0.21661041676998138
0.23185409605503082
0.5213565826416016
0.316724956035614
0.3863549530506134
0.2837178111076355
0.24932341277599335
0.15319696068763733
0.2165861576795578
0.42294400930404663
0.09468123316764832
0.10810036212205887
0.11621129512786865
0.04181256145238876
0.11842290312051773
0.5026734471321106
0.3863549530506134
0.3863549530506134
0.11808285862207413
0.08811209350824356
0.5576817989349365
0.24246957898139954
0.33855801820755005
0.41351866722106934
0.5366195440292358
0.20348544418811798
0.07961433380842209
0.24597635865211487
0.3863549530506134
0.42294400930404663
0.15909062325954437
0.036393918097019196
0.11534326523542404
0.23799972236156464
0.1977613866329193
0.165948286652565
0.13040204346179962
0.3668559491634369
0.42148199677467346
0.6267032027244568
0.192526176571846
0.15523464977741241
0.12448085099458694
0.18009121716022491
0.10378680378198624
0.2885928750038147
0.3202999234199524
0.3863549530506134
0.1216445118188858
0.17469225823879242
0.09218259900808334
0.4498615264892578
0.2609397768974304
0.09402472525835037
0.42294400930404663
0.5609506368637085
0.10987145453691483
0.4483141005039215
0.1501045674085617
0.0826568603515625
0.06579197198152542
0.3863549530506134
0.08249252289533615
0.3618771731853485
0.31893622875213623
0.24583221971988678
0.2015291452407837
0.054328739643096924
0.3863549530506134
0.05449337512254715
0.05213627591729164
0.19119733572006226
0.1508750319480896
0.5434151291847229
0.22240321338176727
0.32750454545021057
0.10075902938842773
0.24429528415203094
0.19335272908210754
0.11739712208509445
0.3820444941520691
0.3863549530506134
0.22796930372714996
0.3863549530506134
0.3863549530506134
0.10500463098287582
0.06347692757844925
0.42294400930404663
0.3845363259315491
0.33416831493377686
0.27922868728637695
0.2118394821882248
0.15740437805652618
0.13445506989955902
0.316724956035614
0.24429528415203094
0.3655807375907898
0.3863549530506134
0.42294400930404663
0.05700278282165527
0.14900122582912445
0.3863549530506134
0.3863549530506134
0.3863549530506134
0.15252931416034698
0.3974963426589966
0.09910174459218979
0.23458994925022125
0.06894151121377945
0.08755908161401749
0.3905763328075409
0.4018804430961609
0.3863549530506134
0.0911240354180336
0.288163959980011
0.3261091113090515
0.19764138758182526
0.12707267701625824
0.42294400930404663
0.3863549530506134
0.18712501227855682
0.12972502410411835
0.24975033104419708
0.3863549530506134
0.3165527582168579
0.14558087289333344
0.14791812002658844
0.4483141005039215
0.41640689969062805
0.15212278068065643
0.3863549530506134
0.12554378807544708
0.1330508440732956
0.16976702213287354
0.22509290277957916
0.08444364368915558
0.14379318058490753
0.3103627562522888
0.1985243558883667
0.3103627562522888
0.06176712363958359
0.38661155104637146
0.2412237673997879
0.07976657897233963
0.19187189638614655
0.25802916288375854
0.3863549530506134
0.378593385219574
0.5066577196121216
0.22070510685443878
0.3863549530506134
0.40142035484313965
0.4483141005039215
0.3931763768196106
0.24123996496200562
0.1508628875017166
0.16860850155353546
0.3905763328075409
0.3863549530506134
0.53117436170578
0.21716593205928802
0.316724956035614
0.3863549530506134
0.14651252329349518
0.32619112730026245
0.39228326082229614
0.2608261704444885
0.11202745884656906
0.316724956035614
0.3103627562522888
0.08910300582647324
0.3863549530506134
0.2347119003534317
0.41254132986068726
0.29977065324783325
0.07486138492822647
0.23526279628276825
0.17787285149097443
0.42294400930404663
0.3863549530506134
0.18713249266147614
0.09622087329626083
0.3863549530506134
0.293315052986145
0.056339409202337265
0.316724956035614
0.3103627562522888
0.10944858938455582
0.3103627562522888
0.12512251734733582
0.13928470015525818
0.06031576544046402
0.2512694299221039
0.09376292675733566
0.11815545707941055
0.05969247221946716
0.4168599843978882
0.3863549530506134
0.42294400930404663
0.316724956035614
0.34718525409698486
0.06304506957530975
0.23582230508327484
0.06555619090795517
0.07782377302646637
0.3863549530506134
0.24160873889923096
0.05665174871683121
0.20003004372119904
0.2608261704444885
0.3863549530506134
0.11466973274946213
0.33352041244506836
0.3001407980918884
0.3863549530506134
0.316724956035614
0.3563459515571594
0.4483141005039215
0.23125387728214264
0.3000298738479614
0.13641084730625153
0.05969247221946716
0.06522097438573837
0.316724956035614
0.42294400930404663
0.3863549530506134
0.3103627562522888
0.09862721711397171
0.5081525444984436
0.46330025792121887
0.316724956035614
0.3863549530506134
0.08059649169445038
0.3863549530506134
0.316724956035614
0.2780742347240448
0.3863549530506134
0.316724956035614
0.36457496881484985
0.10717661678791046
0.11257845908403397
0.3863549530506134
0.3103627562522888
0.3863549530506134
0.316724956035614
0.16623157262802124
0.1357894092798233
0.4088641405105591
0.2608261704444885
0.06821440905332565
0.10853711515665054
0.11679564416408539
0.33615583181381226
0.05807781219482422
0.42294400930404663
0.06977275758981705
0.510608434677124
0.17170818150043488
0.23548872768878937
0.3863549530506134
0.3863549530506134
0.06595054268836975
0.03611549735069275
0.42294400930404663
0.2158736139535904
0.316724956035614
0.42294400930404663
0.3103627562522888
0.25870034098625183
0.46637433767318726
0.26094406843185425
0.08771636337041855
0.3863549530506134
0.3304179906845093
0.1776326447725296
0.30339866876602173
0.08130720257759094
0.4483141005039215
0.12373849004507065
0.371551513671875
0.23286214470863342
0.3328149914741516
0.3863549530506134
0.3863549530506134
0.2907617688179016
0.102773018181324
0.3820444941520691
0.316724956035614
0.20845423638820648
0.10792627185583115
0.12440613657236099
0.4483141005039215
0.10259034484624863
0.1657281070947647
0.29726642370224
0.25313785672187805
0.12912900745868683
0.14614227414131165
0.38220837712287903
0.17337489128112793
0.316724956035614
0.3863549530506134
0.3863549530506134
0.3863549530506134
0.3103695511817932
0.11641158163547516
0.09496117383241653
0.36320292949676514
0.127547025680542
0.3863549530506134
0.3863549530506134
0.07278869301080704
0.18648341298103333
0.1762862205505371
0.23705318570137024
0.055540528148412704
0.3863549530506134
0.38810545206069946
0.42216554284095764
0.4316627085208893
0.2683064937591553
0.42294400930404663
0.10610155016183853
0.17299415171146393
0.3863549530506134
0.32553207874298096
0.26464173197746277
0.5471341013908386
0.26232796907424927
0.39533543586730957
0.28636670112609863
0.22254042327404022
0.2608261704444885
0.08293037861585617
0.11669516563415527
0.316724956035614
0.24286527931690216
0.06176712363958359
0.17987148463726044
0.40142035484313965
0.13655517995357513
0.14263026416301727
0.316724956035614
0.316724956035614
0.316724956035614
0.06995373964309692
0.2293144017457962
0.1324225515127182
0.24429528415203094
0.42294400930404663
0.42294400930404663
0.03635752201080322
0.371551513671875
0.3863549530506134
0.37188154458999634
0.24429528415203094
0.42294400930404663
0.3124748170375824
0.3863549530506134
0.1514219492673874
0.316724956035614
0.3863549530506134
0.10234079509973526
0.2257077544927597
0.1173810213804245
0.23692786693572998
0.4483141005039215
0.2257281392812729
0.23922988772392273
0.36161983013153076
0.1348036378622055
0.3863549530506134
0.10172497481107712
0.3863549530506134
0.10266659408807755
0.4483141005039215
0.316724956035614
0.05439755320549011
0.275999516248703
0.21342016756534576
0.0769563615322113
0.316724956035614
0.19006045162677765
0.3282884359359741
0.13533128798007965
0.05969247221946716
0.1776258498430252
0.05685093626379967
0.1664104014635086
0.049366455525159836
0.16529694199562073
0.23345227539539337
0.3090827465057373
0.16242419183254242
0.0660148486495018
0.07782377302646637
0.16505299508571625
0.3863549530506134
0.05320398136973381
0.24998141825199127
0.3863549530506134
0.316724956035614
0.11046332865953445
0.3124576508998871
0.2608261704444885
0.22684596478939056
0.49102944135665894
0.1040639579296112
0.3568350672721863
0.316724956035614
0.2997268736362457
0.37552762031555176
0.22555208206176758
0.3863549530506134
0.3863549530506134
0.23359061777591705
0.3030833899974823
0.3403463363647461
0.4316627085208893
0.2816344201564789
0.42294400930404663
0.18812204897403717
0.2860088646411896
0.4483141005039215
0.15665006637573242
0.08511350303888321
0.09218385815620422
0.3103627562522888
0.1643858402967453
0.316724956035614
0.42294400930404663
0.3452657163143158
0.18733182549476624
0.3103627562522888
0.1082136407494545
0.18197542428970337
0.3863549530506134
0.23303650319576263
0.3863549530506134
0.14865614473819733
0.14559133350849152
0.42294400930404663
0.07592729479074478
0.09174518287181854
0.3743743598461151
0.5695455074310303
0.09858392924070358
0.3284846544265747
0.42294400930404663
0.09683569520711899
0.2117517590522766
0.2512028217315674
0.2716604471206665
0.2870466709136963
0.09920816123485565
0.42294400930404663
0.1547013819217682
0.061781562864780426
0.07216773182153702
0.14482896029949188
0.2444911003112793
0.07363229990005493
0.15566112101078033
0.2300247699022293
0.1631791740655899
0.1363854855298996
0.1554235965013504
0.7351003885269165
0.10784094780683517
0.4483141005039215
0.21758240461349487
0.16580425202846527
0.04844759777188301
0.24429528415203094
0.1075257956981659
0.3863549530506134
0.3977288603782654
0.2005213350057602
0.12108561396598816
0.4220481514930725
0.07816188782453537
0.3863549530506134
0.29682713747024536
0.150679811835289
0.3863549530506134
0.1667899340391159
0.253542959690094
0.10221921652555466
0.12337442487478256
0.10348961502313614
0.27176663279533386
0.16655679047107697
0.04764249175786972
0.31016507744789124
0.21521666646003723
0.24856631457805634
0.10916974395513535
0.07915859669446945
0.2964594066143036
0.42294400930404663
0.18133269250392914
0.08214855939149857
0.3863549530506134
0.09513894468545914
0.2221413105726242
0.3863549530506134
0.1167081743478775
0.3863549530506134
0.17278310656547546
0.3681846857070923
0.316724956035614
0.3723219335079193
0.316724956035614
0.08130720257759094
0.3103627562522888
0.11838523298501968
0.1499047577381134
0.23526279628276825
0.1556994467973709
0.15284477174282074
0.37119564414024353
0.316724956035614
0.2554553747177124
0.22755838930606842
0.10271646827459335
0.3773040771484375
0.2504388689994812
0.3863549530506134
0.28692924976348877
0.11774938553571701
0.07494664192199707
0.0909804180264473
0.17491166293621063
0.11457822471857071
0.2608261704444885
0.29388976097106934
0.2824721932411194
0.17788450419902802
0.4213690459728241
0.24631401896476746
0.41351866722106934
0.316724956035614
0.09477212280035019
0.24348756670951843
0.316724956035614
0.37377429008483887
0.42294400930404663
0.316724956035614
0.05440467596054077
0.11746365576982498
0.0949866995215416
0.21565084159374237
0.4483141005039215
0.3863549530506134
0.24207118153572083
0.47601768374443054
0.39059978723526
0.18972501158714294
0.3245199918746948
0.11856973171234131
0.3664460778236389
0.316724956035614
0.20691229403018951
0.3863549530506134
0.12302364408969879
0.12353064864873886
0.23526279628276825
0.0668334811925888
0.42294400930404663
0.05969247221946716
0.3863549530506134
0.1414899230003357
0.42294400930404663
0.3863549530506134
0.0983155220746994
0.1271013766527176
0.29658618569374084
0.3863549530506134
0.3863549530506134
0.3863549530506134
0.18814601004123688
0.25945374369621277
0.3103627562522888
0.42294400930404663
0.0908387154340744
0.09982249140739441
0.19591398537158966
0.316724956035614
0.42294400930404663
0.10040847957134247
0.183326855301857
0.11246444284915924
0.3863549530506134
0.20802584290504456
0.10873999446630478
0.14586661756038666
0.5567607879638672
0.06331244856119156
0.3863549530506134
0.2300535887479782
0.3760198950767517
0.3863549530506134
0.316724956035614
0.2187340408563614
0.42294400930404663
0.4483141005039215
0.12179531157016754
0.316724956035614
0.20611684024333954
0.3446189761161804
0.3863549530506134
0.10928410291671753
0.3312927484512329
0.20504985749721527
0.17912723124027252
0.3863549530506134
0.1246359571814537
0.07642526924610138
0.30131831765174866
0.3353879749774933
0.09063522517681122
0.04638573154807091
0.08638619631528854
0.049746908247470856
0.1011723205447197
0.08850904554128647
0.13260257244110107
0.3863549530506134
0.1062786877155304
0.3410731554031372
0.3863549530506134
0.3863549530506134
0.4483141005039215
0.4483141005039215
0.07735992223024368
0.22325006127357483
0.3111222982406616
0.3863549530506134
0.09506485611200333
0.0549888014793396
0.0725836381316185
0.1952236145734787
0.1216341033577919
0.3371957838535309
0.12196014076471329
0.10832200944423676
0.3052487373352051
0.4373443126678467
0.1495310366153717
0.25971341133117676
0.10366234928369522
0.087983138859272
0.13369013369083405
0.11565703898668289
0.2853371202945709
0.3863549530506134
0.25863704085350037
0.07761035114526749
0.1906484216451645
0.1982763707637787
0.28784215450286865
0.14515534043312073
0.41898906230926514
0.481609046459198
0.3863549530506134
0.2524451017379761
0.316724956035614
0.3863549530506134
0.302302747964859
0.3103627562522888
0.0905020609498024
0.316724956035614
0.3103627562522888
0.21943582594394684
0.24582594633102417
0.053018875420093536
0.3905763328075409
0.35321909189224243
0.3768353760242462
0.30711713433265686
0.4483141005039215
0.22883997857570648
0.2608261704444885
0.04659677669405937
0.2514302432537079
0.3863549530506134
0.35321909189224243
0.0994812548160553
0.053448788821697235
0.20235684514045715
0.3863549530506134
0.10117752104997635
0.3905383348464966
0.2610912621021271
0.3614053726196289
0.43096059560775757
0.15702097117900848
0.20679886639118195
0.17322193086147308
0.14503972232341766
0.23758812248706818
0.316724956035614
0.293107271194458
0.034474264830350876
0.3863549530506134
0.3863549530506134
0.12010171264410019
0.12319301813840866
0.4483141005039215
0.14762748777866364
0.08299923688173294
0.275332510471344
0.41640689969062805
0.1527419090270996
0.3863549530506134
0.3863549530506134
0.1229696199297905
0.316724956035614
0.0633481964468956
0.3863549530506134
0.17978031933307648
0.6196733117103577
0.26074570417404175
0.13729682564735413
0.11500336974859238
0.38222870230674744
0.10270574688911438
0.21073569357395172
0.2608261704444885
0.048588331788778305
0.1133909597992897
0.0783974900841713
0.4220481514930725
0.0649762824177742
0.1982763707637787
0.16947530210018158
0.316724956035614
0.07955107092857361
0.23006555438041687
0.17642171680927277
0.07547233998775482
0.3863549530506134
0.5071620941162109
0.05358320474624634
0.0967041626572609
0.3103627562522888
0.14223428070545197
0.29421961307525635
0.1181345209479332
0.33285295963287354
0.14133161306381226
0.20566074550151825
0.23785193264484406
0.12045036256313324
0.08657602965831757
0.05969247221946716
0.15502755343914032
0.06377217918634415
0.5819065570831299
0.20849402248859406
0.13384252786636353
0.1639963835477829
0.04168406128883362
0.2149219512939453
0.2608261704444885
0.3867263197898865
0.37552762031555176
0.3863549530506134
0.3863549530506134
0.2608261704444885
0.42294400930404663
0.17677311599254608
0.08072247356176376
0.07950811833143234
0.09582758694887161
0.08655841648578644
0.1462872177362442
0.2437930852174759
0.42294400930404663
0.25831139087677
0.2990705370903015
0.3863549530506134
0.3363509476184845
0.0543743297457695
0.3863549530506134
0.3863549530506134
0.1979464292526245
0.3863549530506134
0.11602309346199036
0.13727350533008575
0.316724956035614
0.27658239006996155
0.3863549530506134
0.21446733176708221
0.061995260417461395
0.4615148603916168
0.2550453543663025
0.1347922831773758
0.10681401938199997
0.3863549530506134
0.08035348355770111
0.18449103832244873
0.3863549530506134
0.15818165242671967
0.3863549530506134
0.049955010414123535
0.24429528415203094
0.12008575350046158
0.10916732996702194
0.42294400930404663
0.08481034636497498
0.3863549530506134
0.5103338360786438
0.06594500690698624
0.044761836528778076
0.316724956035614
0.16972334682941437
0.3863549530506134
0.316724956035614
0.17901624739170074
0.05951641499996185
0.19883157312870026
0.4483141005039215
0.3183409869670868
0.11080942302942276
0.22453834116458893
0.1981050819158554
0.3863549530506134
0.11245359480381012
0.052892833948135376
0.14982037246227264
0.055987730622291565
0.316724956035614
0.250080406665802
0.25925159454345703
0.316724956035614
0.2608261704444885
0.08320345729589462
0.316724956035614
0.23151181638240814
0.10198754817247391
0.1562684327363968
0.13376036286354065
0.09547042101621628
0.16701824963092804
0.2357141524553299
0.2968366742134094
0.17867283523082733
0.23779191076755524
0.11636405438184738
0.10894060879945755
0.3863549530506134
0.18090741336345673
0.4316627085208893
0.2556226849555969
0.316724956035614
0.27487635612487793
0.4054467976093292
0.35321909189224243
0.316724956035614
0.3103627562522888
0.41351866722106934
0.1930817812681198
0.3863549530506134
0.2608261704444885
0.3103627562522888
0.17619527876377106
0.08993601053953171
0.23233214020729065
0.06554657965898514
0.452053427696228
0.11890018731355667
0.3659156560897827
0.13834013044834137
0.07235921174287796
0.23211999237537384
0.3863549530506134
0.1812552958726883
0.1492852419614792
0.10128787904977798
0.3863549530506134
0.316724956035614
0.275332510471344
0.3863549530506134
0.1229696199297905
0.11085271835327148
0.18018129467964172
0.3863549530506134
0.3863549530506134
0.20353950560092926
0.4268853962421417
0.06998775154352188
0.3863549530506134
0.18871775269508362
0.22666968405246735
0.1790604591369629
0.12315395474433899
0.08966369181871414
0.18063221871852875
0.316724956035614
0.11086878925561905
0.16484682261943817
0.3863549530506134
0.17308621108531952
0.25139546394348145
0.22687263786792755
0.4930039048194885
0.19963803887367249
0.16541452705860138
0.2125510722398758
0.09544085711240768
0.35720619559288025
0.316724956035614
0.1271325796842575
0.30766624212265015
0.20589913427829742
0.16119219362735748
0.09260965883731842
0.42294400930404663
0.12746597826480865
0.06028226017951965
0.08786363154649734
0.12099691480398178
0.4237729609012604
0.30947911739349365
0.04358748346567154
0.38399967551231384
0.3863549530506134
0.12593932449817657
0.1234528049826622
0.316724956035614
0.13416972756385803
0.08923953026533127
0.260268896818161
0.3863549530506134
0.316724956035614
0.316724956035614
0.47601768374443054
0.3863549530506134
0.2987528443336487
0.09260965883731842
0.3155020475387573
0.3863549530506134
0.13068008422851562
0.16729731857776642
0.06678269058465958
0.298715204000473
0.0813409686088562
0.3863549530506134
0.316724956035614
0.40048253536224365
0.04358638823032379
0.22922299802303314
0.04739828780293465
0.176346555352211
0.07955107092857361
0.06194545328617096
0.3863549530506134
0.316724956035614
0.3863549530506134
0.34996336698532104
0.2679555416107178
0.5720534324645996
0.05297844856977463
0.11944198608398438
0.2243010252714157
0.08987756818532944
0.3863549530506134
0.3863549530506134
0.3863549530506134
0.2078225463628769
0.14586572349071503
0.09989305585622787
0.2608261704444885
0.316724956035614
0.2834138870239258
0.09166315197944641
0.4254872500896454
0.316724956035614
0.42294400930404663
0.34303149580955505
0.3863549530506134
0.3863549530506134
0.11545389145612717
0.24110880494117737
0.17867611348628998
0.14705784618854523
0.08645663410425186
0.32274293899536133
0.04348205029964447
0.4395573139190674
0.11883702129125595
0.42294400930404663
0.2608261704444885
0.42294400930404663
0.07078094035387039
0.04543595761060715
0.3863549530506134
0.04931640625
0.10789450258016586
0.23360444605350494
0.47474390268325806
0.20596763491630554
0.24429528415203094
0.15244214236736298
0.3863549530506134
0.0987982526421547
0.062073975801467896
0.5075889825820923
0.3863549530506134
0.15054647624492645
0.316724956035614
0.09141647815704346
0.2066369205713272
0.301846444606781
0.3863549530506134
0.21943306922912598
0.3863549530506134
0.3103627562522888
0.2973945140838623
0.12723587453365326
0.1813366562128067
0.12424147874116898
0.1104312315583229
0.1269211322069168
0.2608261704444885
0.316724956035614
0.3863549530506134
0.10591354221105576
0.18197600543498993
0.29477831721305847
0.20413559675216675
0.40142035484313965
0.16493405401706696
0.12549877166748047
0.2608261704444885
0.11809398978948593
0.3678053021430969
0.24429528415203094
0.11904565244913101
0.316724956035614
0.15032266080379486
0.3863549530506134
0.08091206848621368
0.05820148438215256
0.2062920778989792
0.5933514833450317
0.1425381451845169
0.316724956035614
0.2608261704444885
0.316724956035614
0.12008009105920792
0.2030535787343979
0.3863549530506134
0.14835895597934723
0.409851610660553
0.2365531623363495
0.3863549530506134
0.5637319087982178
0.1106836274266243
0.4064648747444153
0.13787530362606049
0.42294400930404663
0.316724956035614
0.09473548084497452
0.11676163226366043
0.16564606130123138
0.09152523428201675
0.3863549530506134
0.2608261704444885
0.018659057095646858
0.3913309574127197
0.21163326501846313
0.23772820830345154
0.14302599430084229
0.06046195700764656
0.38548755645751953
0.20611684024333954
0.0925666093826294
0.3863549530506134
0.3103627562522888
0.15986724197864532
0.15921388566493988
0.11185237765312195
0.3863549530506134
0.1137646734714508
0.3534609377384186
0.316724956035614
0.3037184476852417
0.09825604408979416
0.14210927486419678
0.05919410660862923
0.14092376828193665
0.37815147638320923
0.042442962527275085
0.3863549530506134
0.12071030586957932
0.316724956035614
0.3861824870109558
0.42294400930404663
0.261269748210907
0.24429528415203094
0.34739813208580017
0.22537989914417267
0.2350076586008072
0.42294400930404663
0.3863549530506134
0.15544493496418
0.3863549530506134
0.20713861286640167
0.5735964775085449
0.32609444856643677
0.42294400930404663
0.20703668892383575
0.22117622196674347
0.42294400930404663
0.16222868859767914
0.253557026386261
0.3760198950767517
0.199580118060112
0.10123114287853241
0.04385647922754288
0.13427796959877014
0.22975106537342072
0.1558016687631607
0.16677223145961761
0.051003798842430115
0.4340328276157379
0.42294400930404663
0.3023539185523987
0.574177622795105
0.09365125745534897
0.24432872235774994
0.13573311269283295
0.3402777910232544
0.18337924778461456
0.3863549530506134
0.3863549530506134
0.0807727575302124
0.11057808250188828
0.2608261704444885
0.3863549530506134
0.07149090617895126
0.21880654990673065
0.39885690808296204
0.10280013084411621
0.37827742099761963
0.3863549530506134
0.1778840869665146
0.42294400930404663
0.29682713747024536
0.42294400930404663
0.2534301280975342
0.09345096349716187
0.1716822236776352
0.17074765264987946
0.1919521540403366
0.19384366273880005
0.23692786693572998
0.3863549530506134
0.3863549530506134
0.06616754084825516
0.3863549530506134
0.42294400930404663
0.43153029680252075
0.3863549530506134
0.3108854293823242
0.17097900807857513
0.2655488848686218
0.13983912765979767
0.23461602628231049
0.17607593536376953
0.3594040870666504
0.42294400930404663
0.17057408392429352
0.12289649993181229
0.3863549530506134
0.2647802233695984
0.3863549530506134
0.2674993872642517
0.1682790070772171
0.316724956035614
0.10454072803258896
0.1720157414674759
0.10766013711690903
0.2314211130142212
0.06399800628423691
0.3243255913257599
0.16723240911960602
0.06075190007686615
0.29682713747024536
0.3183911144733429
0.25200164318084717
0.40717703104019165
0.3077619671821594
0.4542218744754791
0.3863549530506134
0.06263487786054611
0.05986471474170685
0.12463616579771042
0.06940699368715286
0.12981413304805756
0.19853705167770386
0.3863549530506134
0.3103627562522888
0.1956426054239273
0.08087412267923355
0.08139478415250778
0.18004591763019562
0.1480437070131302
0.09740283340215683
0.36960193514823914
0.23787927627563477
0.0668334811925888
0.08068050444126129
0.1836555451154709
0.316724956035614
0.1939287781715393
0.2081441581249237
0.049073249101638794
0.3863549530506134
0.23909534513950348
0.1457769274711609
0.15292297303676605
0.1080348864197731
0.06176712363958359
0.05011675879359245
0.3103627562522888
0.14013434946537018
0.197894886136055
0.14171835780143738
0.1408269703388214
0.18525554239749908
0.14749228954315186
0.20343022048473358
0.15263362228870392
0.16221983730793
0.6112270355224609
0.1885841339826584
0.1154852882027626
0.05695534124970436
0.4483141005039215
0.12512284517288208
0.3863549530506134
0.3863549530506134
0.3103627562522888
0.15652717649936676
0.19916094839572906
0.1043848916888237
0.07269082218408585
0.07033994048833847
0.7546255588531494
0.22272057831287384
0.04698868468403816
0.09407120198011398
0.23770420253276825
0.3863549530506134
0.2816344201564789
0.3103627562522888
0.3863549530506134
0.05785198509693146
0.18580959737300873
0.3455664813518524
0.187480166554451
0.03426442667841911
0.316724956035614
0.14385096728801727
0.316724956035614
0.316724956035614
0.33886340260505676
0.3863549530506134
0.16898562014102936
0.3863549530506134
0.079378142952919
0.11238031089305878
0.316724956035614
0.30711713433265686
0.1485009342432022
0.16097988188266754
0.3863549530506134
0.12880297005176544
0.11577332019805908
0.2679119408130646
0.4483141005039215
0.3310997784137726
0.08222004771232605
0.39533543586730957
0.09795979410409927
0.0927111953496933
0.06258220225572586
0.17658627033233643
0.44461819529533386
0.3077619671821594
0.13065500557422638
0.1878848522901535
0.3863549530506134
0.10902569442987442
0.278353750705719
0.09499406069517136
0.19829407334327698
0.19860823452472687
0.05969247221946716
0.11533568054437637
0.09272501617670059
0.4483141005039215
0.29315686225891113
0.316724956035614
0.3089914321899414
0.08325187861919403
0.05688807740807533
0.1853293627500534
0.42294400930404663
0.08712708204984665
0.36792731285095215
0.43797051906585693
0.05969247221946716
0.11072247475385666
0.4483141005039215
0.14035098254680634
0.3863549530506134
0.14379124343395233
0.4483141005039215
0.3077619671821594
0.1439427137374878
0.3863549530506134
0.36518073081970215
0.19002626836299896
0.15085673332214355
0.15314362943172455
0.3863549530506134
0.1302276998758316
0.22811035811901093
0.47601768374443054
0.2587195336818695
0.14757896959781647
0.09076189249753952
0.2886134088039398
0.17927967011928558
0.2596602439880371
0.3863549530506134
0.11060744524002075
0.24675607681274414
0.2656416594982147
0.11883284896612167
0.3863549530506134
0.4351879358291626
0.09003681689500809
0.3863549530506134
0.2608261704444885
0.316724956035614
0.2608261704444885
0.08862627297639847
0.07782377302646637
0.10608392208814621
0.0769563615322113
0.4483141005039215
0.361873984336853
0.07426004856824875
0.2608261704444885
0.316724956035614
0.08823224157094955
0.13641273975372314
0.20611684024333954
0.25335341691970825
0.2177511602640152
0.06860563904047012
0.22671495378017426
0.09619807451963425
0.09510213136672974
0.06672916561365128
0.3103627562522888
0.07418680936098099
0.13637281954288483
0.16327844560146332
0.4749014973640442
0.23306173086166382
0.20673559606075287
0.12380456179380417
0.42018961906433105
0.11085435003042221
0.05969247221946716
0.3936241865158081
0.3863549530506134
0.6174448728561401
0.15636761486530304
0.06532513350248337
0.24429528415203094
0.48872724175453186
0.24267670512199402
0.3863549530506134
0.42294400930404663
0.3863549530506134
0.2721059024333954
0.18015265464782715
0.14774169027805328
0.16447977721691132
0.2546818256378174
0.10218509286642075
0.3022993803024292
0.42294400930404663
0.3334769606590271
0.07997813075780869
0.5063599348068237
0.2686803340911865
0.3863549530506134
0.13651923835277557
0.3863549530506134
0.3863549530506134
0.2663899064064026
0.15260697901248932
0.07007794827222824
0.4483141005039215
0.11654645949602127
0.4483141005039215
0.3103627562522888
0.371395081281662
0.24056591093540192
0.3914259672164917
0.3863549530506134
0.3863549530506134
0.05810759216547012
0.22922299802303314
0.316724956035614
0.09041162580251694
0.1621692031621933
0.3863549530506134
0.3863549530506134
0.3863549530506134
0.2608261704444885
0.022611863911151886
0.316724956035614
0.0710979625582695
0.07174152880907059
0.1387108713388443
0.44998282194137573
0.3863549530506134
0.316724956035614
0.17474882304668427
0.21706928312778473
0.3863549530506134
0.4483141005039215
0.09120932966470718
0.24429528415203094
0.16087988018989563
0.3863549530506134
0.05969247221946716
0.06825987249612808
0.3863549530506134
0.19144697487354279
0.3863549530506134
0.16943950951099396
0.15233416855335236
0.11499740928411484
0.3863549530506134
0.2608261704444885
0.27719324827194214
0.2428610771894455
0.060101218521595
0.3863549530506134
0.24429528415203094
0.39029616117477417
0.15682624280452728
0.2690078318119049
0.3863549530506134
0.47482338547706604
0.27222806215286255
0.1164296343922615
0.316724956035614
0.316724956035614
0.19212400913238525
0.42294400930404663
0.09668660163879395
0.09074423462152481
0.34058791399002075
0.3863549530506134
0.3103627562522888
0.07835941016674042
0.24655626714229584
0.4483141005039215
0.056075289845466614
0.3863549530506134
0.3863549530506134
0.2546350955963135
0.10490021854639053
0.11321970075368881
0.316724956035614
0.2608261704444885
0.07494664192199707
0.25102725625038147
0.2988974452018738
0.11260434240102768
0.23044021427631378
0.1853293627500534
0.4405461251735687
0.3863549530506134
0.2855684757232666
0.07866107672452927
0.07005779445171356
0.3325038552284241
0.19544579088687897
0.3863549530506134
0.21839286386966705
0.07599182426929474
0.316724956035614
0.3743743598461151
0.3863549530506134
0.2935284972190857
0.19222970306873322
0.3931763768196106
0.4483141005039215
0.3863549530506134
0.19453483819961548
0.15110476315021515
0.05158313736319542
0.25102725625038147
0.16358597576618195
0.1517176479101181
0.3863549530506134
0.42216554284095764
0.4483141005039215
0.08222004771232605
0.316724956035614
0.25406312942504883
0.08462461829185486
0.07382937520742416
0.316724956035614
0.3863549530506134
0.3863549530506134
0.09748099744319916
0.3863549530506134
0.07955107092857361
0.2905708849430084
0.308398574590683
0.09431405365467072
0.3863549530506134
0.22136883437633514
0.10927948355674744
0.20490030944347382
0.38275495171546936
0.3236149847507477
0.1687048226594925
0.18317483365535736
0.28514716029167175
0.09397121518850327
0.12735413014888763
0.2199719399213791
0.316724956035614
0.2608261704444885
0.15016786754131317
0.07588129490613937
0.11051696538925171
0.06334815174341202
0.12554176151752472
0.2816344201564789
0.10066406428813934
0.3863549530506134
0.2608261704444885
0.16867204010486603
0.0778644010424614
0.24429528415203094
0.24724534153938293
0.059795081615448
0.24204427003860474
0.20862723886966705
0.12748262286186218
0.07808885723352432
0.0682833343744278
0.13384319841861725
0.09168694913387299
0.4165099859237671
0.4483141005039215
0.29372432827949524
0.15399301052093506
0.1148134246468544
0.07420892268419266
0.06957414001226425
0.18926019966602325
0.11552942544221878
0.2986198961734772
0.06176712363958359
0.19099144637584686
0.316724956035614
0.2748890221118927
0.3863549530506134
0.1746661514043808
0.2135743647813797
0.08619911968708038
0.14494413137435913
0.23692786693572998
0.3948761820793152
0.06552732735872269
0.17844457924365997
0.3863549530506134
0.4463381767272949
0.4483141005039215
0.21181125938892365
0.10384800285100937
0.23272563517093658
0.316724956035614
0.09578954428434372
0.3103627562522888
0.07494664192199707
0.08698252588510513
0.08034209907054901
0.316724956035614
0.09080967307090759
0.47140780091285706
0.13689181208610535
0.1341339349746704
0.1677265614271164
0.07216072827577591
0.2679387331008911
0.16393761336803436
0.3863549530506134
0.06360422074794769
0.44959551095962524
0.17504765093326569
0.3284846544265747
0.40142035484313965
0.16796861588954926
0.29078546166419983
0.2815946340560913
0.3677101135253906
0.10526278614997864
0.09647560119628906
0.16568584740161896
0.10450662672519684
0.06751563400030136
0.21943432092666626
0.1305558830499649
0.2818470597267151
0.307708740234375
0.18272022902965546
0.26476752758026123
0.40513336658477783
0.2584218382835388
0.6746768951416016
0.2836304306983948
0.37377262115478516
0.18554262816905975
0.20608247816562653
0.11329220980405807
0.18065284192562103
0.4483141005039215
0.053753986954689026
0.3863549530506134
0.06645994633436203
0.10157405585050583
0.2260654717683792
0.25676029920578003
0.3863549530506134
0.42294400930404663
0.11086265742778778
0.1406683772802353
0.09920816123485565
0.1539360135793686
0.11117985844612122
0.3863549530506134
0.3863549530506134
0.48604708909988403
0.3863549530506134
0.316724956035614
0.3863549530506134
0.07494664192199707
0.3905763328075409
0.3863549530506134
0.24429528415203094
0.06774276494979858
0.3315503001213074
0.31181150674819946
0.4483141005039215
0.11050596833229065
0.3863549530506134
0.3863549530506134
0.06561064720153809
0.35479772090911865
0.3863549530506134
0.2243622988462448
0.3863549530506134
0.3863549530506134
0.3863549530506134
0.2625688910484314
0.1235918179154396
0.3863549530506134
0.037018340080976486
0.21707947552204132
0.06273144483566284
0.12162324041128159
0.23644773662090302
0.07092279940843582
0.3863549530506134
0.15406359732151031
0.316724956035614
0.17267872393131256
0.12531714141368866
0.11445524543523788
0.39818036556243896
0.1946917027235031
0.06460808217525482
0.09838483482599258
0.06707578152418137
0.18361641466617584
0.3820444941520691
0.41640689969062805
0.10654357820749283
0.30288752913475037
0.3863549530506134
0.3863549530506134
0.2537805736064911
0.3863549530506134
0.06294529139995575
0.3863549530506134
0.258306622505188
0.11514607071876526
0.07294464856386185
0.18200285732746124
0.3863549530506134
0.316724956035614
0.14387212693691254
0.10318752378225327
0.04034251719713211
0.22635255753993988
0.052191294729709625
0.17096714675426483
0.3863549530506134
0.42294400930404663
0.23734688758850098
0.3863549530506134
0.29637718200683594
0.316724956035614
0.3863549530506134
0.08047162741422653
0.3103627562522888
0.3103627562522888
0.42294400930404663
0.3863549530506134
0.07532530277967453
0.11031518131494522
0.22780932486057281
0.2817961573600769
0.4009478688240051
0.3863549530506134
0.19713415205478668
0.316724956035614
0.11271971464157104
0.1367061585187912
0.21790176630020142
0.35563328862190247
0.5249249935150146
0.28131741285324097
0.1882552057504654
0.11241485178470612
0.3863549530506134
0.22869400680065155
0.37552762031555176
0.08690344542264938
0.3103627562522888
0.05145519971847534
0.1419050246477127
0.35720619559288025
0.10660678148269653
0.25608766078948975
0.09751439094543457
0.19988198578357697
0.1274017095565796
0.41964736580848694
0.11329252272844315
0.254385769367218
0.16146157681941986
0.3863549530506134
0.09381499141454697
0.1560741662979126
0.3863549530506134
0.07866107672452927
0.316724956035614
0.26009294390678406
0.3351067304611206
0.13860051333904266
0.10418947041034698
0.30327898263931274
0.22336792945861816
0.16778230667114258
0.10715474933385849
0.4237198531627655
0.09284361451864243
0.42294400930404663
0.13360831141471863
0.19046862423419952
0.3863549530506134
0.23372012376785278
0.09680407494306564
0.16814126074314117
0.17251236736774445
0.44989213347435
0.316724956035614
0.24696685373783112
0.09335914999246597
0.179043248295784
0.4785383641719818
0.24429528415203094
0.0669504702091217
0.3863549530506134
0.3863549530506134
0.163542240858078
0.2202840894460678
0.10602863878011703
0.07794491201639175
0.20554357767105103
0.6983914375305176
0.2608261704444885
0.12136202305555344
0.17544443905353546
0.07335551828145981
0.057851873338222504
0.42294400930404663
0.16735751926898956
0.4195144772529602
0.18645064532756805
0.10442057251930237
0.09998857229948044
0.42294400930404663
0.05036690831184387
0.09827306121587753
0.2846020758152008
0.42294400930404663
0.13519345223903656
0.316724956035614
0.09143432229757309
0.3863549530506134
0.2573085129261017
0.05969247221946716
0.07437586784362793
0.4078870415687561
0.13903458416461945
0.12075283378362656
0.3103627562522888
0.3863549530506134
0.42294400930404663
0.3863549530506134
0.2882099151611328
0.18077228963375092
0.06936707347631454
0.06616552174091339
0.40848493576049805
0.10891828685998917
0.04736080765724182
0.3162408769130707
0.21734236180782318
0.1346665620803833
0.2536787986755371
0.3863549530506134
0.0783156082034111
0.0869634672999382
0.3103627562522888
0.275332510471344
0.12933048605918884
0.3863549530506134
0.24429528415203094
0.4141792058944702
0.316724956035614
0.0691971704363823
0.3863549530506134
0.2608261704444885
0.19311325252056122
0.07850001007318497
0.2780739367008209
0.028375761583447456
0.31308281421661377
0.45398521423339844
0.05894262343645096
0.29372432827949524
0.10393250733613968
0.3863549530506134
0.1596394032239914
0.3863549530506134
0.13190600275993347
0.316724956035614
0.1136370375752449
0.10499738156795502
0.060825757682323456
0.12162543833255768
0.133022740483284
0.3863549530506134
0.39127087593078613
0.09161712974309921
0.07944684475660324
0.3863549530506134
0.21820011734962463
0.10359921306371689
0.42294400930404663
0.3863549530506134
0.3863549530506134
0.42956170439720154
0.08536358177661896
0.4483141005039215
0.3905763328075409
0.11958511918783188
0.4483141005039215
0.05527012050151825
0.1423022300004959
0.09287045150995255
0.3863549530506134
0.4072891175746918
0.04224522411823273
0.13111744821071625
0.1414986252784729
0.5221483707427979
0.0418766550719738
0.055540528148412704
0.1822160929441452
0.38222870230674744
0.3863549530506134
0.22603975236415863
0.06485900282859802
0.14593784511089325
0.5117931962013245
0.08829338848590851
0.3863549530506134
0.31464096903800964
0.316724956035614
0.22557877004146576
0.32108479738235474
0.316724956035614
0.31271693110466003
0.3863549530506134
0.3863549530506134
0.3863549530506134
0.05566830188035965
0.04441437870264053
0.24913327395915985
0.316724956035614
0.35286277532577515
0.08872875571250916
0.316724956035614
0.34739813208580017
0.2673654556274414
0.3863549530506134
0.2608261704444885
0.42294400930404663
0.3863549530506134
0.3103627562522888
0.08664404600858688
0.3863549530506134
0.13773790001869202
0.43107515573501587
0.15665249526500702
0.4483141005039215
0.3103627562522888
0.15469281375408173
0.275332510471344
0.3388649821281433
0.23526279628276825
0.23970679938793182
0.3863549530506134
0.06060745567083359
0.3863549530506134
0.15741576254367828
0.08325449377298355
0.3854031264781952
0.30794084072113037
0.13360632956027985
0.17908598482608795
0.24429528415203094
0.12250164896249771
0.3103627562522888
0.06924993544816971
0.05550505965948105
0.09174518287181854
0.23333542048931122
0.2032761126756668
0.3482215404510498
0.3103627562522888
0.1438140720129013
0.42294400930404663
0.06414566189050674
0.2853371500968933
0.3863549530506134
0.1083722710609436
0.13651461899280548
0.3863549530506134
0.0809517651796341
0.27548590302467346
0.42294400930404663
0.18159784376621246
0.09947057068347931
0.15774568915367126
0.11812890321016312
0.3863549530506134
0.10425727814435959
0.22398999333381653
0.3022993803024292
0.2860049903392792
0.31345900893211365
0.11473124474287033
0.29682713747024536
0.14040210843086243
0.3220481276512146
0.4909488558769226
0.06140723079442978
0.0679984912276268
0.04989822208881378
0.3863549530506134
0.21521049737930298
0.23705148696899414
0.06261761486530304
0.14257007837295532
0.2639864981174469
0.16557756066322327
0.3863549530506134
0.09144805371761322
0.1268119513988495
0.25306838750839233
0.02731224149465561
0.11642325669527054
0.08462796360254288
0.14214776456356049
0.11524210125207901
0.1904815286397934
0.3863549530506134
0.316724956035614
0.2746184468269348
0.07712303847074509
0.3819584250450134
0.12623225152492523
0.10196902602910995
0.09074423462152481
0.4483141005039215
0.42294400930404663
0.10814707726240158
0.4116651713848114
0.1523478925228119
0.3863549530506134
0.270425021648407
0.10017216205596924
0.1522756963968277
0.14739073812961578
0.4498615264892578
0.4483141005039215
0.12498188763856888
0.316724956035614
0.25695279240608215
0.3156313896179199
0.2395266741514206
0.2937271296977997
0.3863549530506134
0.17762307822704315
0.22253243625164032
0.09357900172472
0.3863549530506134
0.23046493530273438
0.16641749441623688
0.3863549530506134
0.3863549530506134
0.12519238889217377
0.40102851390838623
0.3863549530506134
0.18372704088687897
0.1431242823600769
0.3820444941520691
0.6415930390357971
0.12450147420167923
0.316724956035614
0.08644074946641922
0.06562227010726929
0.10969575494527817
0.32958984375
0.33715111017227173
0.11843208223581314
0.3621283173561096
0.316724956035614
0.2608261704444885
0.09130384027957916
0.21826881170272827
0.2795751094818115
0.3800369203090668
0.288163959980011
0.34712156653404236
0.4483141005039215
0.3863549530506134
0.3863549530506134
0.33933860063552856
0.42294400930404663
0.20838233828544617
0.061219826340675354
0.3863549530506134
0.6102652549743652
0.42294400930404663
0.254205584526062
0.04112353175878525
0.13247400522232056
0.3863549530506134
0.08373221755027771
0.29006269574165344
0.316724956035614
0.32243812084198
0.09433510154485703
0.38222870230674744
0.1561940461397171
0.0540008619427681
0.07444523274898529
0.21789996325969696
0.2436777502298355
0.2608261704444885
0.06023334711790085
0.09089731425046921
0.29372432827949524
0.316724956035614
0.10642994195222855
0.28131741285324097
0.09008730947971344
0.316724956035614
0.42294400930404663
0.2733873426914215
0.38222870230674744
0.4413855969905853
0.12337120622396469
0.1148037388920784
0.4819142818450928
0.11943896114826202
0.13333947956562042
0.3103627562522888
0.22049595415592194
0.2608261704444885
0.11795053631067276
0.3863549530506134
0.2055097073316574
0.3863549530506134
0.316724956035614
0.316724956035614
0.42602330446243286
0.20143075287342072
0.1455940157175064
0.4483141005039215
0.294183611869812
0.06370487064123154
0.37915003299713135
0.3103627562522888
0.10175440460443497
0.3134773373603821
0.1915292739868164
0.08698645979166031
0.12146510928869247
0.057070206850767136
0.026052026078104973
0.6425133943557739
0.42294400930404663
0.42294400930404663
0.14951904118061066
0.3863549530506134
0.21215766668319702
0.3863549530506134
0.2608261704444885
0.3863549530506134
0.15483775734901428
0.3863549530506134
0.40142035484313965
0.4898354709148407
0.3863549530506134
0.3743743598461151
0.12713609635829926
0.1133909597992897
0.45868197083473206
0.176346555352211
0.28084245324134827
0.316724956035614
0.20756393671035767
0.12838007509708405
0.11601876467466354
0.16225196421146393
0.05969247221946716
0.273941308259964
0.3863549530506134
0.10281217098236084
0.3863549530506134
0.23747824132442474
0.3392929434776306
0.42294400930404663
0.07782377302646637
0.3863549530506134
0.3863549530506134
0.21966539323329926
0.3863549530506134
0.09920816123485565
0.3863549530506134
0.16730362176895142
0.05001184344291687
0.3153995871543884
0.3863549530506134
0.24429528415203094
0.15441764891147614
0.4581896662712097
0.23756231367588043
0.1462574154138565
0.1968192309141159
0.316724956035614
0.3058803677558899
0.4703229069709778
0.05636223405599594
0.1134059801697731
0.03284279629588127
0.3668197691440582
0.3863549530506134
0.2930489480495453
0.3760198950767517
0.11838523298501968
0.3916659355163574
0.05926429480314255
0.09739644825458527
0.03734946250915527
0.10803014785051346
0.316724956035614
0.2608261704444885
0.09970461577177048
0.18845021724700928
0.09834571927785873
0.24429528415203094
0.3863549530506134
0.3863549530506134
0.3103627562522888
0.14306269586086273
0.19615350663661957
0.24955309927463531
0.07557491958141327
0.3863549530506134
0.10781056433916092
0.06990920007228851
0.10030942410230637
0.23768411576747894
0.4483141005039215
0.06769229471683502
0.40476155281066895
0.15646792948246002
0.13710205256938934
0.3863549530506134
0.08760420233011246
0.181278258562088
0.14132891595363617
0.316724956035614
0.139399915933609
0.3103627562522888
0.3346880078315735
0.08286566287279129
0.1192283034324646
0.176346555352211
0.07039446383714676
0.25057271122932434
0.316724956035614
0.2608261704444885
0.27479785680770874
0.275332510471344
0.11977823823690414
0.15178601443767548
0.05189900100231171
0.3863549530506134
0.2091158777475357
0.19003178179264069
0.16373522579669952
0.4483141005039215
0.3580440878868103
0.3863549530506134
0.3863549530506134
0.3863549530506134
0.11989115178585052
0.09792377054691315
0.044916603714227676
0.3905763328075409
0.24909822642803192
0.3863549530506134
0.4483141005039215
0.316724956035614
0.18263310194015503
0.10317881405353546
0.42294400930404663
0.22752618789672852
0.06935351341962814
0.09999064356088638
0.09782690554857254
0.08065739274024963
0.3618771731853485
0.22922299802303314
0.12162692099809647
0.1391066461801529
0.3863549530506134
0.35588228702545166
0.30711713433265686
0.1271338015794754
0.17938213050365448
0.05969247221946716
0.07344336807727814
0.15846651792526245
0.20623935759067535
0.18502847850322723
0.20216599106788635
0.35618454217910767
0.3743743598461151
0.1687048226594925
0.34476742148399353
0.21991829574108124
0.4159145653247833
0.2608261704444885
0.41640689969062805
0.316724956035614
0.14876316487789154
0.16194753348827362
0.23419053852558136
0.316724956035614
0.1667422205209732
0.316724956035614
0.09914613515138626
0.42294400930404663
0.2550329566001892
0.21065840125083923
0.2728230059146881
0.19220779836177826
0.3863549530506134
0.09652195125818253
0.22064156830310822
0.3863549530506134
0.3863549530506134
0.3863549530506134
0.3863549530506134
0.24391116201877594
0.15253575146198273
0.2816344201564789
0.19008611142635345
0.28131741285324097
0.3863549530506134
0.39164936542510986
0.31303539872169495
0.18681512773036957
0.09954947978258133
0.3863549530506134
0.12382812052965164
0.316724956035614
0.11919111758470535
0.1825520247220993
0.3863549530506134
0.4483141005039215
0.08887866139411926
0.16697417199611664
0.06514548510313034
0.32835161685943604
0.18552438914775848
0.3863549530506134
0.2885928750038147
0.24082235991954803
0.12545715272426605
0.07507583498954773
0.13535743951797485
0.3863549530506134
0.4483141005039215
0.28577327728271484
0.17029720544815063
0.21010152995586395
0.4483141005039215
0.08519218116998672
0.311260461807251
0.13040444254875183
0.3863549530506134
0.08926718682050705
0.07043267041444778
0.18192856013774872
0.1753220409154892
0.24429528415203094
0.4316627085208893
0.09833089262247086
0.22124530375003815
0.13710157573223114
0.3863549530506134
0.17695949971675873
0.297757625579834
0.12079847604036331
0.1404615193605423
0.316724956035614
0.3282893896102905
0.23772190511226654
0.3863549530506134
0.3863549530506134
0.10009519755840302
0.3863549530506134
0.14284992218017578
0.13837474584579468
0.06661283224821091
0.22117337584495544
0.23956884443759918
0.08096802979707718
0.09179514646530151
0.20015187561511993
0.3863549530506134
0.1756448894739151
0.07015441358089447
0.3863549530506134
0.2352754771709442
0.10378874093294144
0.42294400930404663
0.15672092139720917
0.4054467976093292
0.3863549530506134
0.4158346354961395
0.3103627562522888
0.316724956035614
0.08010078221559525
0.03891593962907791
0.1820722371339798
0.18718738853931427
0.2175532430410385
0.1861574500799179
0.42517149448394775
0.16937421262264252
0.17756561934947968
0.20759689807891846
0.316724956035614
0.15258699655532837
0.1670435518026352
0.11028582602739334
0.06455213576555252
0.30711713433265686
0.08202210813760757
0.361873984336853
0.14042505621910095
0.14954091608524323
0.058576177805662155
0.3863549530506134
0.14590314030647278
0.09157790243625641
0.3863549530506134
0.13470417261123657
0.21494309604167938
0.19128218293190002
0.09935317188501358
0.0965663492679596
0.10313425213098526
0.3863549530506134
0.3863549530506134
0.42294400930404663
0.3863549530506134
0.16812868416309357
0.19976429641246796
0.2342710644006729
0.12160784006118774
0.1646990031003952
0.3031555116176605
0.18489548563957214
0.316724956035614
0.09142159670591354
0.20206178724765778
0.316724956035614
0.07929354161024094
0.15490762889385223
0.193450927734375
0.3542216420173645
0.3863549530506134
0.09384046494960785
0.4483141005039215
0.4483141005039215
0.4220481514930725
0.2098584920167923
0.3863549530506134
0.3863549530506134
0.3188830614089966
0.16681434214115143
0.0697147324681282
0.11893732845783234
0.14900201559066772
0.08434543758630753
0.1316474825143814
0.07672201097011566
0.3863549530506134
0.49610817432403564
0.07950910925865173
0.2606448829174042
0.41522908210754395
0.2337765246629715
0.17564325034618378
0.2927144169807434
0.3863549530506134
0.2562236487865448
0.4445219039916992
0.3867263197898865
0.21233020722866058
0.2580360174179077
0.21696890890598297
0.13469748198986053
0.1293918490409851
0.05864810571074486
0.32959747314453125
0.08292924612760544
0.1642710417509079
0.4483141005039215
0.06183803826570511
0.06411309540271759
0.4468535780906677
0.316724956035614
0.2552473843097687
0.3253818154335022
0.1414758265018463
0.2070157825946808
0.1477518081665039
0.316724956035614
0.04978766292333603
0.3924591541290283
0.3863549530506134
0.08062788099050522
0.3743743598461151
0.2511906623840332
0.3760198950767517
0.08617241680622101
0.1454514116048813
0.05677497386932373
0.16736456751823425
0.12053433805704117
0.14618606865406036
0.19979436695575714
0.3863549530506134
0.097591333091259
0.04729697108268738
0.09217732399702072
0.3863549530506134
0.0909198597073555
0.028733251616358757
0.2608261704444885
0.33995237946510315
0.3568350672721863
0.3863549530506134
0.3112902045249939
0.242963507771492
0.39274629950523376
0.11071649938821793
0.3863549530506134
0.08973220735788345
0.4015229642391205
0.4483141005039215
0.3743743598461151
0.4483141005039215
0.12543663382530212
0.1185808852314949
0.06082674115896225
0.0997852087020874
0.22374926507472992
0.14050854742527008
0.316724956035614
0.15449529886245728
0.3863549530506134
0.3863549530506134
0.12930643558502197
0.10932060331106186
0.07227709144353867
0.055051904171705246
0.4483141005039215
0.1449255347251892
0.1323780119419098
0.10278590023517609
0.316724956035614
0.10156981647014618
0.3863549530506134
0.14403794705867767
0.06412042677402496
0.3863549530506134
0.19232060015201569
0.21754653751850128
0.18560265004634857
0.3863549530506134
0.33352041244506836
0.197310209274292
0.3863549530506134
0.17887915670871735
0.28131741285324097
0.19278870522975922
0.23044021427631378
0.5435910224914551
0.4483141005039215
0.3863549530506134
0.397310346364975
0.3863549530506134
0.12575726211071014
0.3863549530506134
0.18441243469715118
0.2855684757232666
0.07282401621341705
0.09520918875932693
0.3863549530506134
0.1642836481332779
0.14657561480998993
0.2139093428850174
0.14952558279037476
0.316724956035614
0.42294400930404663
0.05852344632148743
0.2161039263010025
0.1349964290857315
0.14968593418598175
0.09723664075136185
0.3863549530506134
0.3863549530506134
0.09574083238840103
0.316724956035614
0.1299748569726944
0.1269564926624298
0.1794404238462448
0.1909901350736618
0.09260965883731842
0.3863549530506134
0.4739952087402344
0.4483141005039215
0.1155078262090683
0.4483141005039215
0.06669724732637405
0.2608261704444885
0.24429528415203094
0.13298125565052032
0.316724956035614
0.12487209588289261
0.060210660099983215
0.3863549530506134
0.3863549530506134
0.3863549530506134
0.316724956035614
0.3863549530506134
0.18491126596927643
0.3863549530506134
0.10135633498430252
0.04764587804675102
0.3081395924091339
0.10275913029909134
0.16002242267131805
0.1719658523797989
0.3743743598461151
0.16269345581531525
0.3863549530506134
0.22960253059864044
0.09036187082529068
0.05658362805843353
0.3863549530506134
0.11781985312700272
0.3863549530506134
0.10270103067159653
0.1161811575293541
0.316724956035614
0.13215313851833344
0.1036267876625061
0.11599680781364441
0.2615007162094116
0.2505529224872589
0.13802899420261383
0.18191291391849518
0.316724956035614
0.3863549530506134
0.316724956035614
0.03683120012283325
0.1047387421131134
0.26503443717956543
0.4456901550292969
0.08019176125526428
0.11548808217048645
0.10463390499353409
0.316724956035614
0.05057460442185402
0.316724956035614
0.09474065154790878
0.08959498256444931
0.0854145884513855
0.42294400930404663
0.3863549530506134
0.23262028396129608
0.3863549530506134
0.5610385537147522
0.1465904861688614
0.44998282194137573
0.10740796476602554
0.3077619671821594
0.23029036819934845
0.12260394543409348
0.038331288844347
0.3889503479003906
0.20121176540851593
0.0632404014468193
0.18141089379787445
0.3863549530506134
0.22312703728675842
0.20396818220615387
0.2608261704444885
0.110161192715168
0.2105400413274765
0.3103627562522888
0.20395980775356293
0.3103627562522888
0.17139007151126862
0.22320693731307983
0.03717617690563202
0.2608261704444885
0.2891799807548523
0.3477672040462494
0.3863549530506134
0.14577333629131317
0.47513169050216675
0.3863549530506134
0.1530836820602417
0.0795120820403099
0.11136812716722488
0.10181804746389389
0.3441855311393738
0.07708334177732468
0.07873295247554779
0.07734287530183792
0.08187886327505112
0.06176712363958359
0.42294400930404663
0.17626576125621796
0.3791913092136383
0.3863549530506134
0.051315613090991974
0.3103627562522888
0.2431260198354721
0.09327297657728195
0.316724956035614
0.42294400930404663
0.3771545886993408
0.10381842404603958
0.21711410582065582
0.11819402128458023
0.20574146509170532
0.3433977961540222
0.05160646140575409
0.3863549530506134
0.316724956035614
0.07433078438043594
0.0946570411324501
0.3863549530506134
0.3103627562522888
0.14933200180530548
0.3863549530506134
0.35321909189224243
0.08134300261735916
0.19246463477611542
0.1528996080160141
0.3103695511817932
0.38054144382476807
0.29343265295028687
0.08710897713899612
0.4483141005039215
0.3863549530506134
0.4853387475013733
0.11348395049571991
0.21910127997398376
0.11800051480531693
0.42294400930404663
0.23960012197494507
0.19037611782550812
0.316724956035614
0.0543743297457695
0.15371102094650269
0.3863549530506134
0.1640397161245346
0.298539936542511
0.316724956035614
0.3863549530506134
0.24797315895557404
0.24429528415203094
0.23135142028331757
0.10202419012784958
0.06874734908342361
0.34832972288131714
0.3863549530506134
0.04388054087758064
0.316724956035614
0.17557884752750397
0.4903709590435028
0.14611515402793884
0.2608261704444885
0.1270955502986908
0.25478941202163696
0.12841308116912842
0.3863549530506134
0.07935791462659836
0.1655045747756958
0.316724956035614
0.1367330700159073
0.3103627562522888
0.316724956035614
0.25694864988327026
0.07055632025003433
0.3863549530506134
0.10378216952085495
0.10745086520910263
0.14116065204143524
0.42216554284095764
0.3863549530506134
0.2729667127132416
0.316724956035614
0.3103627562522888
0.3863549530506134
0.4483141005039215
0.16788947582244873
0.316724956035614
0.3863549530506134
0.38930433988571167
0.3103627562522888
0.32115471363067627
0.22772584855556488
0.053277306258678436
0.3863549530506134
0.10333789139986038
0.1229696199297905
0.18360550701618195
0.17119191586971283
0.10741063952445984
0.06508799642324448
0.2101830542087555
0.06507281213998795
0.3863549530506134
0.08786994963884354
0.10290642827749252
0.316724956035614
0.3863549530506134
0.19518785178661346
0.1262294352054596
0.14415575563907623
0.30634111166000366
0.12561921775341034
0.1284603625535965
0.2608261704444885
0.23526279628276825
0.2845642566680908
0.2488887459039688
0.8032448291778564
0.13273026049137115
0.18926019966602325
0.3863549530506134
0.3103627562522888
0.2928769588470459
0.3342428207397461
0.08157263696193695
0.2608261704444885
0.3863549530506134
0.1698220819234848
0.3863549530506134
0.15168960392475128
0.40191513299942017
0.3863549530506134
0.08791812509298325
0.3103627562522888
0.13934676349163055
0.17907102406024933
0.37769612669944763
0.2989514470100403
0.36572325229644775
0.11507562547922134
0.3863549530506134
0.3863549530506134
0.2574440836906433
0.29126715660095215
0.42294400930404663
0.3820444941520691
0.41940703988075256
0.2608261704444885
0.10033208876848221
0.10567379742860794
0.42294400930404663
0.07279041409492493
0.08068050444126129
0.39650440216064453
0.21306708455085754
0.1437692642211914
0.2815925180912018
0.24429528415203094
0.11553367227315903
0.09880172461271286
0.05969247221946716
0.30468884110450745
0.33128589391708374
0.11531943827867508
0.4262487292289734
0.3587878942489624
0.3678053021430969
0.1594468206167221
0.16819946467876434
0.04461648315191269
0.13312335312366486
0.3868730068206787
0.13103505969047546
0.3863549530506134
0.19973471760749817
0.42294400930404663
0.1530769318342209
0.13409845530986786
0.3863549530506134
0.05160646140575409
0.22097322344779968
0.09260965883731842
0.2608261704444885
0.42294400930404663
0.3863549530506134
0.4672369956970215
0.4483141005039215
0.3863549530506134
0.42294400930404663
0.026243623346090317
0.3863549530506134
0.3216354250907898
0.316724956035614
0.2340235710144043
0.11262644082307816
0.24429528415203094
0.1395455002784729
0.3863549530506134
0.19357086718082428
0.09262790530920029
0.10518094152212143
0.3863549530506134
0.19409684836864471
0.09646683186292648
0.20308418571949005
0.17975462973117828
0.05969247221946716
0.36775529384613037
0.42294400930404663
0.2608261704444885
0.2269066870212555
0.03719644248485565
0.316724956035614
0.1941927671432495
0.1783377230167389
0.10811346024274826
0.1512768715620041
0.3760198950767517
0.08628394454717636
0.26501867175102234
0.3103627562522888
0.12699593603610992
0.2812987267971039
0.07937105745077133
0.3863549530506134
0.16872192919254303
0.31079408526420593
0.07065482437610626
0.316724956035614
0.10333938151597977
0.1033693179488182
0.23526279628276825
0.2990705370903015
0.07195691019296646
0.2608261704444885
0.15483711659908295
0.22005225718021393
0.316724956035614
0.11648484319448471
0.228154718875885
0.42294400930404663
0.41211146116256714
0.1870119720697403
0.3863549530506134
0.3863549530506134
0.208921417593956
0.23016487061977386
0.07613496482372284
0.10448998212814331
0.3863549530506134
0.10812041908502579
0.40142035484313965
0.3103627562522888
0.3863549530506134
0.3743743598461151
0.06102858483791351
0.31308281421661377
0.3863549530506134
0.127939373254776
0.27076005935668945
0.3371468782424927
0.05138816311955452
0.051369860768318176
0.09130740165710449
0.025366470217704773
0.42294400930404663
0.1382884532213211
0.35479772090911865
0.3863549530506134
0.3863549530506134
0.2082100510597229
0.0790393054485321
0.09181169420480728
0.316724956035614
0.07914091646671295
0.10807778686285019
0.316724956035614
0.3103627562522888
0.10475923120975494
0.11658773571252823
0.2146797925233841
0.3103627562522888
0.19547155499458313
0.21343962848186493
0.13154564797878265
0.07926050573587418
0.24560865759849548
0.3743743598461151
0.13663502037525177
0.33469444513320923
0.07863310724496841
0.09853383153676987
0.2985774278640747
0.2608261704444885
0.3863549530506134
0.1482524871826172
0.09483053535223007
0.32908356189727783
0.34739813208580017
0.06858166307210922
0.42294400930404663
0.3863549530506134
0.24496592581272125
0.18671979010105133
0.18972885608673096
0.16179309785366058
0.3863549530506134
0.1628434956073761
0.19865860044956207
0.2837715446949005
0.3103627562522888
0.16174334287643433
0.3904738426208496
0.07658346742391586
0.1159205213189125
0.17230689525604248
0.2336953729391098
0.16712616384029388
0.204325869679451
0.23451505601406097
0.11472747474908829
0.3863549530506134
0.12323585897684097
0.07866107672452927
0.3103627562522888
0.3103627562522888
0.07466715574264526
0.053774043917655945
0.4483141005039215
0.04989766329526901
0.12249275296926498
0.25857013463974
0.3863549530506134
0.21127893030643463
0.12889544665813446
0.12981413304805756
0.39274629950523376
0.18461786210536957
0.3863549530506134
0.1798996776342392
0.07991185039281845
0.3863549530506134
0.3863549530506134
0.3863549530506134
0.3365132212638855
0.03683120012283325
0.32194972038269043
0.47601768374443054
0.4316627085208893
0.2241702824831009
0.42294400930404663
0.3863549530506134
0.42294400930404663
0.35785040259361267
0.16681845486164093
0.19793382287025452
0.5585875511169434
0.1574796438217163
0.14763708412647247
0.3863549530506134
0.316724956035614
0.316724956035614
0.18115375936031342
0.1591472327709198
0.05350784212350845
0.3103627562522888
0.07409665733575821
0.0845835953950882
0.3863549530506134
0.131973534822464
0.06628154963254929
0.08188506215810776
0.11984027177095413
0.06801828742027283
0.0813409686088562
0.2935138940811157
0.20143412053585052
0.2608261704444885
0.16816242039203644
0.316724956035614
0.42294400930404663
0.42294400930404663
0.10989097505807877
0.2377675622701645
0.24581293761730194
0.17946837842464447
0.16314063966274261
0.20559637248516083
0.3863549530506134
0.3103627562522888
0.14210958778858185
0.06574448198080063
0.3103627562522888
0.3863549530506134
0.27007490396499634
0.124384306371212
0.10701872408390045
0.1363566666841507
0.3421066999435425
0.5377697348594666
0.3863549530506134
0.2414850890636444
0.05373774468898773
0.05087796598672867
0.2608261704444885
0.25521063804626465
0.3863549530506134
0.2532835602760315
0.3743743598461151
0.09521625936031342
0.39865297079086304
0.42294400930404663
0.3103627562522888
0.2397364377975464
0.23888082802295685
0.1140596941113472
0.3863549530506134
0.1019994467496872
0.19108405709266663
0.11916545778512955
0.12062599509954453
0.23978395760059357
0.11325941979885101
0.10814422369003296
0.09936705231666565
0.047870930284261703
0.1001056358218193
0.288163959980011
0.14702121913433075
0.42294400930404663
0.12580351531505585
0.3743743598461151
0.3863549530506134
0.336212158203125
0.2655934989452362
0.155569389462471
0.3863549530506134
0.15276119112968445
0.09025952219963074
0.3905763328075409
0.3743743598461151
0.4483141005039215
0.3743850588798523
0.13964061439037323
0.4483141005039215
0.24429528415203094
0.3004441559314728
0.0997852087020874
0.3863549530506134
0.4483141005039215
0.060016803443431854
0.42294400930404663
0.3863549530506134
0.3863549530506134
0.26738280057907104
0.2608261704444885
0.23102736473083496
0.24429528415203094
0.03590122610330582
0.10536061972379684
0.09479773789644241
0.3863549530506134
0.481609046459198
0.1276601105928421
0.23677465319633484
0.3863549530506134
0.25018978118896484
0.11210090667009354
0.3132619261741638
0.06423334032297134
0.2836329936981201
0.1229696199297905
0.1518123596906662
0.050452642142772675
0.14457255601882935
0.1056484803557396
0.3618771731853485
0.12595857679843903
0.3121088743209839
0.2642967700958252
0.3863549530506134
0.12188301235437393
0.1444699913263321
0.1381378322839737
0.07426710426807404
0.12647074460983276
0.26294317841529846
0.2168525755405426
0.09053310006856918
0.08224950730800629
0.3863549530506134
0.2608261704444885
0.32709410786628723
0.03525206446647644
0.07856318354606628
0.05116409435868263
0.3930366635322571
0.10715901851654053
0.033681854605674744
0.4078369140625
0.3849453330039978
0.3820444941520691
0.09652195125818253
0.5090137720108032
0.12075076252222061
0.3863549530506134
0.316724956035614
0.27755028009414673
0.1889164000749588
0.3299177587032318
0.06555365025997162
0.3863549530506134
0.4483141005039215
0.08382007479667664
0.316724956035614
0.316724956035614
0.17338891327381134
0.42103320360183716
0.18369601666927338
0.07198552042245865
0.3639291822910309
0.1801837831735611
0.29164308309555054
0.3914259672164917
0.4483141005039215
0.3863549530506134
0.2608261704444885
0.09046708792448044
0.05787458270788193
0.3863549530506134
0.42294400930404663
0.3863549530506134
0.316724956035614
0.11309672147035599
0.15648110210895538
0.05453060194849968
0.39533543586730957
0.26738280057907104
0.15837934613227844
0.20581018924713135
0.15035514533519745
0.42294400930404663
0.07380646467208862
0.09475462883710861
0.19935563206672668
0.25904396176338196
0.06629662960767746
0.11859071999788284
0.3863549530506134
0.40142035484313965
0.18334001302719116
0.3819555342197418
0.33797621726989746
0.1933266520500183
0.10504693537950516
0.10446932166814804
0.07492467015981674
0.0722997710108757
0.10287261009216309
0.316724956035614
0.1059195026755333
0.42294400930404663
0.19274280965328217
0.16519205272197723
0.3462640047073364
0.3863549530506134
0.47474390268325806
0.19487877190113068
0.03425432741641998
0.2630069851875305
0.48040226101875305
0.14088962972164154
0.15471629798412323
0.07646265625953674
0.3863549530506134
0.15770067274570465
0.1229696199297905
0.3417009115219116
0.2608261704444885
0.3863549530506134
0.1381797194480896
0.316724956035614
0.13104678690433502
0.3103695511817932
0.1541980654001236
0.08219028264284134
0.3863549530506134
0.0579373724758625
0.134118914604187
0.250019907951355
0.31809887290000916
0.2608261704444885
0.316724956035614
0.3863549530506134
0.15673284232616425
0.3863549530506134
0.3103627562522888
0.3103627562522888
0.3549794852733612
0.2890676259994507
0.316724956035614
0.20235799252986908
0.16517026722431183
0.07735992223024368
