0.09215447306632996
0.4519232213497162
0.31404611468315125
0.19080066680908203
0.41021016240119934
0.3807354271411896
0.4767654836177826
0.6669942140579224
0.4531209468841553
0.3294902443885803
0.5450742244720459
0.4005664587020874
0.3853875696659088
0.6034862399101257
0.3468557298183441
0.7668882608413696
0.44898244738578796
0.4045180380344391
0.5793949365615845
0.4309294521808624
0.366012841463089
0.6782577633857727
0.6123090386390686
0.19822371006011963
0.2733785808086395
0.23658910393714905
0.5981996655464172
0.4044574797153473
0.27905625104904175
0.4601078927516937
0.416238009929657
0.28192248940467834
0.5813579559326172
0.4328050911426544
0.31023290753364563
0.4266740381717682
0.39402732253074646
0.48216840624809265
0.32779553532600403
0.5278276205062866
0.556517481803894
0.38255324959754944
0.6382578015327454
0.342169851064682
0.37520933151245117
0.15675753355026245
0.1826900839805603
0.5208002328872681
0.5654176473617554
0.3443927466869354
0.24856775999069214
0.7366902232170105
0.20326882600784302
0.5466005802154541
0.43311887979507446
0.4429427683353424
0.38434866070747375
0.4619728624820709
0.48373526334762573
0.47825077176094055
0.3219400942325592
0.45932722091674805
0.49019885063171387
0.6387859582901001
0.5780048966407776
0.4148120582103729
0.37914833426475525
0.48596304655075073
0.35467860102653503
0.06836831569671631
0.09236544370651245
0.28504157066345215
0.6819713711738586
0.4952666461467743
0.11184391379356384
0.08644618093967438
0.5842573642730713
0.6069404482841492
0.5622785687446594
0.6656153202056885
0.17210057377815247
0.046380750834941864
0.47670161724090576
0.45714065432548523
0.4735049903392792
0.2726079225540161
0.4347775876522064
0.28569304943084717
0.5731372833251953
0.5483681559562683
0.20991849899291992
0.4164484143257141
0.46087804436683655
0.0034152865409851074
0.40988367795944214
0.5465130805969238
0.4425511062145233
0.6570580005645752
0.2774827182292938
0.5774626731872559
0.11923827230930328
0.7241317629814148
0.03270859271287918
0.3841024339199066
0.15628406405448914
0.23871827125549316
0.45104244351387024
0.5243558287620544
0.4927760362625122
0.5568984150886536
0.43289241194725037
0.6268335580825806
0.44158872961997986
0.541581392288208
0.41436049342155457
0.4764353930950165
0.3854043781757355
0.427386075258255
0.6610910296440125
0.6604058742523193
0.35797080397605896
0.45459291338920593
0.19721201062202454
0.5853838920593262
0.43188509345054626
0.2739587426185608
0.14679259061813354
0.4882703721523285
0.1131940633058548
0.03427308425307274
0.6876084208488464
0.5757428407669067
0.06008008494973183
0.48319998383522034
0.36267730593681335
0.4687116742134094
0.24799594283103943
0.39264145493507385
0.3568827211856842
0.28089240193367004
0.33756861090660095
0.46459752321243286
0.6434768438339233
0.32880568504333496
0.47110477089881897
0.26025477051734924
0.5382583141326904
0.31440970301628113
0.3435703217983246
0.3021864593029022
0.04229743033647537
0.45152226090431213
0.4905890226364136
0.6550779938697815
0.6076954007148743
0.21794894337654114
0.5785365700721741
0.44821086525917053
0.09078748524188995
0.08372487872838974
0.270556777715683
0.5199374556541443
0.4418736398220062
0.29687169194221497
0.22446149587631226
0.5551836490631104
0.7506158947944641
0.5659778118133545
0.39834216237068176
0.23867926001548767
0.5129446387290955
0.29378554224967957
0.5605072379112244
0.5120822191238403
0.5802478194236755
0.37700966000556946
0.5331294536590576
0.4152175784111023
0.5552272200584412
0.6607159972190857
0.33630380034446716
0.08222798258066177
0.5506435632705688
0.5330871343612671
0.4940679371356964
0.20566529035568237
0.7176540493965149
0.08566302806138992
0.3419854938983917
0.3724779188632965
0.5658255219459534
0.10618089884519577
0.08593220263719559
0.3681645691394806
0.3168882131576538
0.6571812033653259
0.3068391680717468
0.4679671823978424
0.2890806496143341
0.430481493473053
0.2975907325744629
0.1261584609746933
0.6293325424194336
0.3994055688381195
0.4914869964122772
0.143681138753891
0.0654846653342247
0.7022907733917236
0.6853025555610657
0.4161156713962555
0.4389324188232422
0.2762466371059418
0.45064815878868103
0.45643478631973267
0.4089752733707428
0.4461864233016968
0.17198866605758667
0.39744579792022705
0.4098045229911804
0.7371214628219604
0.5872909426689148
0.4762207567691803
0.5013431906700134
-0.01266295462846756
0.6910340785980225
0.4795084297657013
0.6093944311141968
0.4089012145996094
0.5636119246482849
0.6573559641838074
0.14929750561714172
0.521176815032959
0.34190815687179565
0.43626734614372253
0.33957353234291077
-0.0031135454773902893
0.4972251355648041
0.46912816166877747
0.43530720472335815
0.4008220136165619
0.5233335494995117
0.3917424976825714
0.2508702278137207
0.5113244652748108
0.3564207851886749
0.5133836269378662
0.44676974415779114
0.46979621052742004
0.36387574672698975
0.18635132908821106
0.3660052716732025
0.1377042979001999
0.4624633193016052
-0.038854554295539856
0.2599906921386719
0.0006461814045906067
0.5421425104141235
0.01481802761554718
0.47918257117271423
0.3171306848526001
0.5225770473480225
0.40750327706336975
0.5552977323532104
0.5797224640846252
0.14833900332450867
0.3855372369289398
0.5661824345588684
0.6897340416908264
0.5870628952980042
0.40258124470710754
0.42850491404533386
0.17494742572307587
0.3967689275741577
0.6567652225494385
0.3474292457103729
0.42905041575431824
0.43141043186187744
0.5540732741355896
0.28973060846328735
0.49005892872810364
0.07282920181751251
0.7405165433883667
0.4465022683143616
0.2759188115596771
0.5284204483032227
0.3662676513195038
0.5233792066574097
0.0587078332901001
0.529572606086731
0.3621147572994232
0.5456418395042419
0.38204196095466614
0.6146450042724609
0.2088918387889862
0.37244266271591187
0.33827099204063416
0.06961161643266678
0.5338305830955505
0.21697065234184265
0.5538201332092285
0.4528048634529114
-0.05862034112215042
0.5647392272949219
0.7486058473587036
0.2951599061489105
0.15916487574577332
0.2737146317958832
0.4180617332458496
0.490180641412735
0.3526795506477356
0.1375252902507782
0.42436692118644714
0.4112013876438141
0.3823302090167999
0.24490147829055786
0.4822065234184265
0.38314440846443176
0.14943137764930725
0.3120172321796417
0.30823129415512085
0.3784836232662201
0.46060827374458313
0.5350048542022705
0.5482422113418579
0.2249617874622345
0.5824232697486877
0.8655627965927124
0.4629068076610565
0.06361143290996552
0.5357930064201355
0.19021305441856384
0.2146678864955902
0.5356851816177368
0.24131473898887634
0.5875967741012573
0.5190052390098572
0.30626803636550903
0.5990594625473022
0.5623394250869751
0.005548253655433655
0.5767842531204224
0.512054979801178
0.4623093903064728
0.5462398529052734
0.30259647965431213
0.3403873145580292
0.5788840055465698
0.4428372085094452
0.3693407475948334
0.6686015725135803
0.3530797064304352
0.2798795700073242
0.08435796201229095
0.5645576119422913
0.4319906532764435
0.4087175130844116
0.45852240920066833
0.5111418962478638
0.30161693692207336
0.5951950550079346
0.4307190179824829
0.5051904916763306
0.46229180693626404
0.20372113585472107
0.3464621305465698
0.297497034072876
0.39019128680229187
0.37501445412635803
0.04236937314271927
0.04609491676092148
0.730295717716217
0.4841226041316986
0.2716071605682373
0.20025181770324707
0.49347957968711853
0.518568754196167
0.7021770477294922
0.3698174059391022
0.5692432522773743
0.35676851868629456
0.2258056104183197
0.4814095199108124
0.44167283177375793
0.6478785276412964
0.7746468782424927
0.10717339813709259
0.49956318736076355
0.20800304412841797
0.5770214200019836
0.189910888671875
0.4329850971698761
0.30943208932876587
0.7373287081718445
0.43819659948349
0.3368060290813446
0.5783564448356628
0.2699698805809021
0.7233919501304626
0.4731600880622864
0.5071508884429932
0.4584055244922638
0.42353662848472595
0.0977589339017868
0.7875754237174988
0.26262497901916504
0.7169801592826843
0.6407828330993652
0.46468034386634827
0.44909921288490295
0.628760576248169
0.4328732490539551
0.5961371660232544
0.46490612626075745
0.23062962293624878
0.29937803745269775
0.4875343143939972
0.4066299498081207
0.5535427331924438
-0.04568289965391159
0.346988707780838
0.1095302551984787
0.32814091444015503
0.10487820208072662
0.4650537073612213
0.38108891248703003
0.2907548248767853
0.42062708735466003
0.2748993933200836
0.552029550075531
0.5944875478744507
0.31293582916259766
0.42172592878341675
0.4227299690246582
0.38925665616989136
0.35565727949142456
0.21835118532180786
0.685759425163269
0.28010693192481995
0.5198283791542053
0.4120508134365082
0.3036751449108124
0.4706028699874878
0.469164103269577
0.45433926582336426
0.5579495429992676
0.4771178960800171
0.4891461431980133
0.232715904712677
0.31743523478507996
0.16938704252243042
0.33944791555404663
0.5206900835037231
0.3017151653766632
0.07768966257572174
0.26820242404937744
0.5462749004364014
0.6713297963142395
0.4542469084262848
0.5085861682891846
0.6022012233734131
0.17779770493507385
0.32871899008750916
0.6302337646484375
0.3096005618572235
0.24922442436218262
0.33321431279182434
0.5651800036430359
0.25864750146865845
0.5664253234863281
0.267715722322464
0.49637266993522644
0.33812662959098816
0.408808171749115
0.17692139744758606
0.24291124939918518
0.5823045372962952
0.3928318917751312
0.06598453223705292
0.28889501094818115
0.3441132605075836
0.32155081629753113
0.4773258864879608
0.6692640781402588
0.18793907761573792
0.357532262802124
0.4244861602783203
0.6867936849594116
0.6085526347160339
0.5948648452758789
0.5859764814376831
0.613015353679657
0.08845190703868866
0.2344435751438141
0.6877783536911011
0.6797726154327393
0.36927488446235657
0.3239220678806305
0.5445098876953125
0.45041829347610474
0.37575191259384155
0.5340836644172668
0.3902108073234558
0.5434311032295227
0.5641564130783081
0.4386662542819977
0.26811614632606506
0.3739413619041443
0.3904016315937042
0.5120807886123657
0.5384024977684021
0.5153803825378418
0.603583574295044
0.3459337651729584
0.38972511887550354
-0.0012908205389976501
0.6542471051216125
0.48693522810935974
0.39433416724205017
0.3215542733669281
0.645296037197113
0.01735491305589676
0.5963630676269531
0.34008869528770447
0.26584392786026
0.38726118206977844
0.35588338971138
0.5599752068519592
0.479047566652298
0.41281357407569885
0.4520082175731659
0.4429474174976349
0.6154822707176208
0.4925369918346405
0.3213669955730438
0.3555813133716583
0.44373175501823425
0.561274528503418
0.14761582016944885
0.21679696440696716
0.6188457012176514
0.4845691919326782
0.34714606404304504
0.4818476736545563
0.5000399947166443
0.4386101961135864
0.40835657715797424
0.3955812156200409
0.4056946337223053
0.513975977897644
0.643322229385376
0.47329115867614746
0.45282337069511414
0.44104814529418945
0.3718056082725525
0.3872610330581665
0.637175977230072
0.43767353892326355
0.4845827519893646
0.12608952820301056
0.389668732881546
-0.002652779221534729
0.489116370677948
0.6384317278862
0.18133661150932312
0.3587421476840973
0.6204111576080322
0.6382991671562195
0.5974887609481812
0.39657941460609436
0.297463595867157
0.036366455256938934
0.3730899393558502
0.7075543403625488
0.5240814089775085
0.33551260828971863
0.044933583587408066
0.4436371922492981
0.583283543586731
0.41179773211479187
0.6414315104484558
0.534181535243988
0.43610891699790955
0.5213186144828796
0.5024004578590393
0.06091614067554474
0.6317130923271179
0.522407591342926
0.2764320373535156
0.2579843997955322
0.28667324781417847
0.5730893611907959
0.12989716231822968
0.4767271876335144
0.29226189851760864
0.41281798481941223
0.39977845549583435
0.4515860676765442
0.4113979637622833
0.2467544674873352
0.04508381336927414
0.4319441020488739
0.5680786967277527
0.54345703125
0.6587235331535339
0.3240204155445099
0.6033732891082764
0.6403493881225586
0.08993515372276306
0.14766353368759155
0.21866250038146973
0.04534725099802017
0.5739575624465942
0.5506918430328369
0.1751701533794403
0.5003223419189453
0.7119439840316772
0.36948367953300476
0.05370534956455231
0.19903305172920227
0.7882283329963684
0.3620899021625519
0.39124318957328796
0.26736027002334595
0.2830394506454468
0.6895774602890015
0.37592020630836487
0.33636200428009033
0.5829547643661499
0.213675856590271
0.616918683052063
0.6543322801589966
0.5983220934867859
0.6777532696723938
0.31650733947753906
0.28650468587875366
0.2495860755443573
0.33168354630470276
0.19469350576400757
0.13110792636871338
0.4419122636318207
0.4871116578578949
0.4614695906639099
0.08016882836818695
0.2152869701385498
0.293782502412796
0.5954811573028564
0.3610302805900574
0.5117886066436768
0.5044715404510498
0.44909632205963135
0.23482447862625122
0.4553627073764801
0.27437034249305725
0.3813897967338562
0.0891750305891037
0.5107552409172058
0.1523701250553131
0.2725578248500824
0.43640586733818054
0.42730939388275146
0.4619247019290924
0.40933212637901306
0.3200354278087616
0.6201520562171936
0.042545586824417114
0.04040316492319107
0.26164379715919495
0.3811315596103668
0.26291903853416443
0.14176225662231445
0.39499351382255554
0.4965076744556427
0.3567405343055725
0.31500890851020813
0.41346052289009094
0.3311121165752411
0.18815091252326965
0.27329209446907043
0.04739202558994293
0.20939284563064575
0.4317704439163208
0.39948412775993347
0.365494042634964
0.16492080688476562
0.24999088048934937
0.2577141523361206
-0.012377001345157623
0.5372357368469238
0.5311498641967773
0.1315973997116089
0.5392636060714722
0.4596302807331085
0.4510408937931061
0.19499051570892334
0.8243935108184814
0.6538492441177368
0.31215688586235046
0.7396481037139893
0.4249337613582611
0.5088918805122375
0.538689136505127
0.5747925639152527
0.26912909746170044
0.4861813187599182
0.5703921914100647
0.22529703378677368
0.28680554032325745
0.46252283453941345
0.10464102029800415
0.6064818501472473
0.6471166610717773
0.1458663046360016
0.5066531300544739
0.43906620144844055
0.4121062457561493
0.379167377948761
0.5766064524650574
0.5912710428237915
0.2433285117149353
0.5603399276733398
0.2842845320701599
0.38181042671203613
0.48248621821403503
0.6201068162918091
0.31683987379074097
0.2220364809036255
0.19471994042396545
0.1901736855506897
0.19466760754585266
0.034083448350429535
0.6088907122612
0.6530401706695557
0.3659694790840149
0.6516446471214294
0.4541405141353607
0.44779863953590393
0.4775586426258087
0.06690245866775513
0.6314617991447449
0.23717814683914185
0.4944551885128021
0.43745288252830505
0.5839939713478088
0.2993766963481903
0.5318153500556946
0.1910492479801178
0.5822895169258118
0.496510773897171
0.3412150740623474
0.4351888597011566
-0.024410516023635864
0.48162558674812317
0.4559599459171295
0.5871914029121399
0.27662211656570435
0.1827273666858673
0.562078058719635
0.35227537155151367
0.2662515342235565
0.43584010004997253
0.23210835456848145
0.38075780868530273
0.5568904876708984
0.46424078941345215
0.37087297439575195
0.04620399326086044
0.4435703158378601
0.4680555760860443
0.39559924602508545
0.44279417395591736
0.5599423050880432
0.6380601525306702
0.3085462749004364
0.535301148891449
0.4263867437839508
0.4823518693447113
0.15157026052474976
0.19387108087539673
0.37643712759017944
0.40139079093933105
0.4390997588634491
0.3158510625362396
-0.018956243991851807
0.45227253437042236
0.6415004134178162
0.34373167157173157
0.582021951675415
0.5214926600456238
0.6299013495445251
0.46628043055534363
0.47124260663986206
0.561324417591095
0.27902305126190186
0.26773637533187866
0.6680933237075806
0.47086629271507263
0.26247572898864746
0.5618717074394226
0.39701002836227417
0.2948462665081024
0.5610913634300232
0.6543214917182922
0.4318166673183441
0.5656505227088928
0.6119756698608398
0.3626040518283844
0.438935786485672
0.2210315763950348
0.02266286313533783
0.5642618536949158
0.11035837233066559
0.37998393177986145
0.3121451735496521
0.23924395442008972
0.602981686592102
0.38271257281303406
0.22493290901184082
0.38714197278022766
0.3377480208873749
0.3242403268814087
0.5108543634414673
0.375014066696167
0.2005232572555542
0.18806371092796326
0.5311776399612427
0.31883808970451355
0.5603778958320618
0.615273118019104
0.6149246692657471
0.6614774465560913
0.46259257197380066
0.5631299018859863
0.21091586351394653
0.4978126585483551
0.47979530692100525
0.282243549823761
0.48310068249702454
0.33315059542655945
0.4530657231807709
0.4767974317073822
0.6491066217422485
0.6432927250862122
0.4578777253627777
0.1804077923297882
0.013429738581180573
0.2370152473449707
0.5879051685333252
0.40983185172080994
0.4474214017391205
0.041240498423576355
0.24163341522216797
0.33353427052497864
0.46537813544273376
0.34510061144828796
0.3388546407222748
0.6492037773132324
0.41053301095962524
0.43282848596572876
0.29328393936157227
0.4871959984302521
0.6503496766090393
0.3915710747241974
0.31991496682167053
0.4399111568927765
0.6967193484306335
0.17904576659202576
0.7356386184692383
0.4606131911277771
0.3260735273361206
0.5007180571556091
0.3451385498046875
0.04052300006151199
0.38653165102005005
0.3638307750225067
0.5176683664321899
0.3180329501628876
0.4101437032222748
0.4388679265975952
0.5229451656341553
0.4631935954093933
0.4231865108013153
0.3851316273212433
0.38182058930397034
0.06828100234270096
0.11997633427381516
0.3359373211860657
0.1620205044746399
0.5468970537185669
0.47253814339637756
0.29373693466186523
0.4605753421783447
0.37907522916793823
0.2925349175930023
0.6803514957427979
0.544323205947876
0.5144854187965393
0.1155729740858078
0.3504831790924072
0.5771889090538025
0.29801279306411743
0.20019862055778503
0.3271556794643402
0.6136279106140137
0.31193384528160095
0.276644766330719
0.3836537003517151
0.44797950983047485
-0.02053823322057724
0.5042944550514221
0.7081767320632935
0.46235284209251404
0.5337066054344177
0.4019220471382141
0.6460914611816406
0.5600138902664185
0.6119333505630493
0.6060298681259155
0.4485507905483246
0.4934137165546417
0.5158325433731079
0.24917635321617126
0.46496158838272095
0.4704749882221222
0.24171361327171326
0.1497117578983307
0.1567588746547699
0.26708531379699707
0.5062864422798157
0.25202542543411255
0.5869216322898865
0.29086586833000183
0.01459520310163498
0.2528224289417267
0.4447711110115051
0.40508657693862915
0.37287309765815735
0.5611488223075867
0.22457897663116455
0.5041654109954834
0.809492826461792
0.6408032178878784
0.03294558450579643
0.466579407453537
0.5365175604820251
0.24046939611434937
0.5458206534385681
0.19894817471504211
0.5334943532943726
0.7007527351379395
0.5168870687484741
0.410052627325058
0.29307079315185547
0.378276526927948
0.41133350133895874
0.1439065933227539
0.3296007215976715
0.4130370616912842
0.4312576353549957
0.34105244278907776
0.560687780380249
0.35856592655181885
0.4933774173259735
0.38186314702033997
0.5151316523551941
0.4626598060131073
0.18578463792800903
0.36785969138145447
0.3363920748233795
0.4253380596637726
0.3888762891292572
0.18586784601211548
0.5770220756530762
0.3287196159362793
0.14141181111335754
0.05769127234816551
0.512220025062561
0.39648327231407166
0.5477335453033447
0.6434216499328613
0.43514734506607056
0.28504982590675354
0.3318522870540619
0.3777522146701813
0.18220208585262299
0.5797629356384277
0.10867062211036682
0.14885127544403076
0.7428795695304871
0.7336287498474121
0.32489264011383057
0.47668924927711487
0.5821509957313538
0.39229345321655273
0.540503203868866
0.319373220205307
0.13762694597244263
0.19939777255058289
0.26738500595092773
0.20876729488372803
0.3580803871154785
0.4750504493713379
0.14537867903709412
0.49396201968193054
0.4489157497882843
0.3597250282764435
0.5218303799629211
0.14153645932674408
0.468423992395401
0.18690887093544006
0.6490938663482666
0.5621548891067505
0.5591932535171509
0.49299612641334534
0.46306636929512024
0.1803324818611145
0.6265375018119812
0.6679369807243347
0.21276873350143433
0.5217828154563904
0.48963430523872375
0.5042713284492493
0.6679641008377075
0.32488852739334106
0.3773903250694275
0.27645495533943176
0.5676309466362
0.39764413237571716
0.5156854391098022
0.013449497520923615
0.40591445565223694
0.49528968334198
0.139061838388443
0.10278124362230301
0.6857001185417175
0.38506606221199036
0.44909369945526123
0.4005897343158722
0.4776853919029236
0.3826632797718048
0.4908071756362915
0.11117207258939743
0.5470056533813477
0.30112481117248535
0.7066247463226318
0.6884058117866516
0.6250146627426147
0.3515568673610687
0.5105011463165283
0.46541109681129456
0.6349117159843445
0.7276562452316284
0.5176903605461121
0.5298408269882202
0.06599749624729156
0.5523908734321594
0.18367794156074524
0.09215231984853745
0.6667062044143677
0.1876901239156723
0.630112886428833
0.6020047068595886
0.41956648230552673
0.24731126427650452
0.002909921109676361
0.49890145659446716
0.7230795621871948
0.16790562868118286
0.25532710552215576
0.37399721145629883
0.4784073829650879
0.6733409762382507
0.24926689267158508
0.24535199999809265
0.07901410013437271
0.46991434693336487
0.48970702290534973
0.38303324580192566
0.5138869881629944
0.4707461893558502
0.29096633195877075
0.4200519025325775
0.16357752680778503
0.5457308292388916
0.48477745056152344
0.2718503177165985
0.45582452416419983
0.517207682132721
0.10136182606220245
0.28379836678504944
0.41123321652412415
0.34264421463012695
0.15182307362556458
0.552062451839447
0.5690751075744629
0.6860024929046631
0.6066833734512329
0.6124044060707092
0.23365437984466553
0.6399493217468262
0.4970966875553131
0.5430586338043213
0.43493685126304626
0.7367467880249023
0.6325419545173645
0.42629656195640564
0.5065237879753113
0.016292907297611237
0.280722051858902
0.4178455173969269
0.2836874723434448
0.34637776017189026
0.27321261167526245
0.43064066767692566
0.4172607362270355
0.3907676339149475
0.15727731585502625
0.573337197303772
0.2694389522075653
0.22766834497451782
0.6376038789749146
0.35517990589141846
0.5634236931800842
0.4880073666572571
0.23591378331184387
0.6904665231704712
0.029476650059223175
0.32191014289855957
0.7043856382369995
0.6664961576461792
0.4804084002971649
0.5152809619903564
0.4413115084171295
0.41214028000831604
0.394367516040802
0.5198514461517334
0.31822532415390015
0.5789667367935181
0.5104918479919434
0.4104059040546417
0.37765929102897644
0.6924479603767395
0.5585830807685852
0.31699514389038086
0.7823213934898376
0.11022098362445831
0.3072814643383026
0.153588205575943
0.17297962307929993
0.5222142934799194
0.2831031084060669
0.6727408170700073
0.3829781413078308
0.3241027295589447
0.5963410139083862
0.11550763249397278
0.3165604770183563
0.374092161655426
0.533729076385498
0.419928640127182
0.550859808921814
0.032107070088386536
0.24717020988464355
0.5326822400093079
0.650573194026947
0.43804702162742615
0.40583428740501404
0.40342622995376587
0.023048579692840576
0.3281140923500061
0.14245787262916565
0.46989205479621887
0.3948582112789154
0.3314962089061737
0.7712990045547485
0.6695635914802551
0.6433968544006348
0.5969021320343018
0.4689767062664032
0.04542152211070061
0.3401699364185333
0.14080539345741272
0.6760996580123901
0.19698560237884521
0.45026156306266785
0.4877330958843231
0.5536843538284302
0.031737662851810455
0.4813525974750519
0.46523430943489075
0.0024183616042137146
0.027161143720149994
0.46448248624801636
0.6240106225013733
0.10041578114032745
0.4511018395423889
0.40755695104599
0.4190009534358978
0.359811395406723
0.4783814251422882
0.5462196469306946
0.5713996291160583
0.6761729717254639
0.6389815807342529
0.6280738115310669
0.3839653432369232
0.47025200724601746
0.3896203339099884
0.36039987206459045
0.47119757533073425
0.5824101567268372
0.41358375549316406
0.4581736922264099
0.18727433681488037
0.7336093783378601
0.46319037675857544
0.3483380973339081
0.6087870597839355
0.45417800545692444
0.27389299869537354
0.442664235830307
0.5239525437355042
0.4453936517238617
0.28245148062705994
0.4795520007610321
0.36957213282585144
0.40525195002555847
0.6765013337135315
0.404237300157547
0.35951346158981323
0.43486669659614563
0.6660864949226379
0.7723214626312256
0.42013561725616455
0.26583701372146606
0.1901836395263672
0.4646526575088501
0.46955934166908264
0.5993688106536865
0.17198264598846436
0.24178919196128845
0.1328771412372589
0.24797403812408447
0.5911800861358643
0.11661998182535172
0.32244178652763367
0.65933758020401
0.17884129285812378
0.6225782632827759
0.2532409727573395
0.25750085711479187
0.246433824300766
0.2584392726421356
0.2740008533000946
0.5747174620628357
0.4314015805721283
0.660470187664032
0.4240027964115143
0.15498943626880646
0.40129831433296204
0.5689306259155273
0.26490962505340576
0.1396474838256836
0.7254799008369446
0.6591673493385315
0.27528116106987
0.4252965450286865
0.17733964323997498
0.24915385246276855
0.06785690784454346
0.2917431890964508
0.4358867406845093
0.5672486424446106
0.2000739574432373
0.560711681842804
0.519913911819458
0.2784135043621063
0.5089232921600342
0.31560322642326355
0.13483130931854248
0.4285580813884735
0.5110746026039124
0.2676968574523926
0.4586934745311737
0.5189988017082214
0.4527154266834259
0.4462137222290039
0.11068907380104065
0.10394435375928879
0.24330934882164001
0.3331468999385834
0.6791377663612366
0.29810622334480286
0.30713459849357605
0.33679813146591187
0.7219362258911133
0.5663772821426392
0.13216528296470642
0.2618715465068817
0.34087860584259033
0.4454890489578247
0.3562004268169403
0.3253178596496582
0.39800307154655457
0.5520493984222412
0.5107638239860535
0.6604758501052856
0.6194766163825989
0.37727564573287964
0.07789213955402374
0.5525619387626648
0.388860821723938
0.17425748705863953
0.49503007531166077
0.26205936074256897
0.17116940021514893
0.6196601390838623
0.3206970989704132
0.49271801114082336
0.6304670572280884
0.4806157052516937
0.2711399793624878
0.10905192792415619
0.5414198637008667
0.299528568983078
0.6223108172416687
0.3585304915904999
0.6342195868492126
0.2528340220451355
0.24359336495399475
0.16299548745155334
0.36508414149284363
0.3648364245891571
0.3666834533214569
0.327482670545578
0.5648318529129028
0.11443432420492172
0.7076162099838257
0.3505900800228119
0.021812468767166138
0.00624624639749527
0.6469489336013794
0.43648579716682434
0.5542702674865723
0.429006963968277
0.6058290004730225
0.13993728160858154
0.6441034078598022
0.5821062326431274
0.34956032037734985
-0.010752685368061066
0.3036029636859894
0.16069331765174866
0.4347561299800873
0.35117393732070923
0.5881956815719604
0.5956662893295288
0.23480582237243652
0.5886054039001465
0.12491561472415924
0.5969151258468628
0.27664342522621155
0.5154114365577698
0.5577917098999023
0.46078062057495117
0.5276696085929871
0.4067806899547577
0.255959689617157
0.5499754548072815
0.3090488314628601
0.24400505423545837
0.44557616114616394
0.4219215512275696
0.5005321502685547
0.19013336300849915
0.5782475471496582
0.36948326230049133
0.1288958489894867
0.352615624666214
0.6291218996047974
0.48881155252456665
0.004999525845050812
0.4365908205509186
0.2984965741634369
0.6046547889709473
0.07632890343666077
0.827637791633606
0.3907645046710968
0.5713132619857788
0.5079488158226013
0.5848240852355957
0.6007087826728821
0.5877870321273804
0.24396416544914246
0.48379790782928467
0.44331037998199463
0.4382294714450836
0.5848516225814819
0.31430551409721375
0.2845460772514343
0.3632919192314148
0.1987859606742859
0.47724154591560364
0.3657972812652588
0.3914630115032196
0.36569902300834656
0.438530296087265
0.48376667499542236
0.4652603566646576
0.7037339210510254
0.3338300883769989
0.485126256942749
0.5997486114501953
0.48840174078941345
0.3640230596065521
0.45696890354156494
0.2546875774860382
0.5056130886077881
0.43314221501350403
0.40277376770973206
0.5391923189163208
0.1580124795436859
0.31128403544425964
0.4421940743923187
0.47632285952568054
0.6878049969673157
0.32028886675834656
0.5353630185127258
0.3322050869464874
0.44631680846214294
0.11503354460000992
0.3319668471813202
0.5751585960388184
0.4004148244857788
0.6408482789993286
0.5900601148605347
0.277424693107605
0.6956133842468262
0.2940371334552765
0.5091350674629211
0.5685272216796875
0.30581003427505493
0.6987224817276001
0.4631197154521942
0.3339330852031708
0.7264958620071411
0.2620047330856323
0.2572328448295593
0.6761156320571899
0.26807621121406555
0.39585456252098083
0.5745511054992676
0.2806226313114166
0.5749841332435608
0.43729275465011597
0.4796253442764282
0.49424314498901367
0.7223774194717407
0.5138897895812988
0.5503058433532715
0.07302071154117584
0.30341020226478577
0.5639158487319946
0.4578750431537628
0.46664512157440186
0.39974334836006165
0.36151596903800964
0.3452836275100708
0.7075251936912537
0.296708345413208
0.08893769979476929
0.3433913290500641
0.3186274766921997
0.2833687961101532
0.5940972566604614
0.5484101176261902
0.21222415566444397
0.5372607707977295
0.32790204882621765
0.5556665658950806
0.4641819894313812
0.02580026537179947
0.48190823197364807
0.6354426741600037
0.5159992575645447
-0.024724051356315613
0.533817708492279
0.5181662440299988
0.5808350443840027
0.5300838947296143
0.5567939877510071
0.7350366711616516
0.6190727949142456
0.5088241696357727
0.5026170015335083
0.39270976185798645
0.3873167335987091
0.7118289470672607
0.29131001234054565
0.5929824113845825
0.4271773397922516
0.5929821729660034
0.41211795806884766
0.30085432529449463
0.3845847547054291
-0.03586721420288086
0.5477632284164429
0.49153485894203186
0.7836397290229797
0.5345984101295471
0.28068795800209045
0.36810845136642456
0.21768614649772644
0.5464568734169006
0.46591636538505554
0.6480703949928284
0.49229416251182556
0.42658430337905884
0.4767099916934967
0.3461894094944
0.47668418288230896
0.5726068019866943
0.5640196204185486
0.3084104657173157
0.0408773347735405
0.3763520419597626
0.17349115014076233
0.49066630005836487
0.2516058385372162
0.10306127369403839
0.565574049949646
0.09361016750335693
0.4543282687664032
0.45012643933296204
0.570530116558075
0.12791304290294647
0.46522730588912964
0.45129236578941345
0.5393618941307068
0.06282559037208557
0.25370341539382935
0.5317585468292236
0.5416476726531982
0.2112012803554535
0.2930046021938324
0.0514499694108963
0.3488273024559021
0.6034359335899353
0.6229693293571472
0.47310665249824524
0.3176420032978058
0.3374691307544708
0.26858624815940857
0.5159895420074463
0.2108018696308136
0.3135182559490204
0.17911863327026367
0.6484642028808594
0.28266650438308716
0.24055922031402588
0.6240832805633545
0.3791986107826233
0.34148943424224854
0.30151206254959106
0.3732983469963074
0.3888108432292938
0.4147820770740509
0.4620063006877899
0.03611545264720917
0.2704226076602936
0.0036390498280525208
0.496283620595932
0.6829984188079834
0.3331192433834076
0.5576457977294922
0.3378089368343353
0.6635199189186096
0.1672939658164978
0.3232094943523407
0.41133925318717957
0.27121588587760925
0.03870313614606857
0.25933653116226196
0.08839479833841324
0.46588781476020813
0.4568641483783722
0.4441843330860138
0.2878425717353821
0.2024318277835846
0.4614602029323578
0.6217746138572693
0.42862921953201294
0.29268115758895874
0.3145740330219269
0.28377625346183777
0.5309873223304749
0.41381803154945374
0.46884965896606445
0.08215752989053726
0.3940558135509491
0.26113998889923096
0.2663654685020447
0.2356431782245636
0.4947172999382019
0.2941336929798126
0.491458535194397
0.675696611404419
0.27515122294425964
0.41782164573669434
-0.00448346883058548
0.3708885610103607
0.4222289025783539
0.49946311116218567
0.08925741165876389
0.31427979469299316
0.3837137818336487
0.09273885190486908
0.3862278163433075
0.5557456016540527
0.1639123558998108
0.10240748524665833
0.3836630880832672
0.4422566890716553
0.4446031451225281
0.3148810863494873
0.5638922452926636
0.561076283454895
0.3601485788822174
0.48653510212898254
0.6677845120429993
0.32855892181396484
0.5187085866928101
0.6357400417327881
0.34936463832855225
0.12233318388462067
0.5419715046882629
0.2481592893600464
0.7185808420181274
0.471121609210968
0.303861141204834
0.3616615831851959
0.3933910131454468
0.42682698369026184
0.036388590931892395
0.23812106251716614
0.34510329365730286
0.4749157428741455
0.3414594829082489
0.3790244162082672
0.40390291810035706
0.5749062299728394
0.5131881833076477
0.3891148865222931
0.4976010322570801
0.5501067638397217
0.6749166250228882
0.5737729668617249
0.6769288778305054
0.3982037603855133
0.41640883684158325
0.4205884039402008
0.2757500112056732
0.35677313804626465
0.07757499814033508
0.42605718970298767
0.5996230244636536
0.44130024313926697
0.3583599925041199
0.5443379282951355
0.40601757168769836
0.24042591452598572
0.5095335841178894
0.28509053587913513
0.06617367267608643
0.43924686312675476
0.39764589071273804
0.24880850315093994
0.687656581401825
0.29458126425743103
0.5632747411727905
0.345854252576828
0.28350669145584106
0.4697539806365967
0.5761021375656128
0.30203214287757874
0.48038825392723083
0.5341004729270935
0.4959530234336853
0.5042538642883301
0.33998504281044006
0.6448187828063965
0.7421761155128479
0.6325851082801819
0.5411617755889893
0.6283875703811646
-0.03193891793489456
0.3449290692806244
0.4795641601085663
0.09978547692298889
0.4126358926296234
0.5234281420707703
0.4683692753314972
0.574350118637085
-0.04617095738649368
0.20639297366142273
0.5069804787635803
0.2610170543193817
0.4286738634109497
0.11245859414339066
0.16048526763916016
0.03595990687608719
0.3073778450489044
0.2068830132484436
0.33994045853614807
0.22142910957336426
0.0726122111082077
0.6065027713775635
0.46474429965019226
0.1463523507118225
0.4215317666530609
0.3818626403808594
0.46696123480796814
0.3792583644390106
0.3401399850845337
0.27191442251205444
0.666175127029419
0.12656378746032715
0.4201376140117645
0.4178812801837921
0.43622663617134094
0.5359601974487305
0.41083452105522156
0.6951483488082886
0.3245289623737335
0.3225969672203064
0.30750909447669983
0.281829297542572
0.21678122878074646
0.3330013155937195
0.2585303485393524
0.5793106555938721
0.5553553104400635
0.382274866104126
0.3151477873325348
0.4298396408557892
0.03625357523560524
0.3851407468318939
0.47266390919685364
0.3093651533126831
0.7476826310157776
0.6388552188873291
0.5934569239616394
0.614547848701477
0.3830661475658417
0.629655122756958
0.6068750023841858
0.15211749076843262
0.4369445741176605
0.05047323554754257
0.259250283241272
0.5231141448020935
0.2068749964237213
0.5026158094406128
0.060874149203300476
0.5938564538955688
0.5282279849052429
0.46014469861984253
0.37949103116989136
0.5725584626197815
0.24079036712646484
0.4414478838443756
0.5198750495910645
0.61537766456604
0.12666743993759155
0.7064192295074463
0.38778677582740784
0.026923812925815582
0.5005156397819519
0.6285339593887329
0.5351262092590332
0.2696484327316284
0.2678172290325165
0.3042459487915039
0.042525261640548706
0.529325008392334
0.5820587277412415
0.671360969543457
0.20665886998176575
0.6430090069770813
0.5209002494812012
0.33580222725868225
0.4752964675426483
0.48531338572502136
0.3048703968524933
0.19933950901031494
0.5747658014297485
0.3700762689113617
0.498247891664505
0.3752324879169464
0.2550921142101288
0.33408769965171814
0.32986536622047424
0.4259180426597595
0.6385058164596558
0.25140538811683655
0.43959441781044006
0.18433156609535217
0.6030036211013794
0.2889772653579712
-0.036625370383262634
0.24561434984207153
0.17260080575942993
0.4837929904460907
0.49254581332206726
0.40825045108795166
0.24864307045936584
0.4827953279018402
0.6105623245239258
0.4997648000717163
0.44348207116127014
0.44168826937675476
0.49090883135795593
0.4877629578113556
0.2720580995082855
0.2940267026424408
0.022439777851104736
0.5703456401824951
0.33671125769615173
-0.03113209456205368
0.34197381138801575
0.4405297338962555
0.42517951130867004
0.05480635166168213
0.10638260841369629
0.4894503653049469
0.3734808564186096
0.403891921043396
0.5238621234893799
0.36060914397239685
0.07001714408397675
0.4324113428592682
0.025508150458335876
0.48904576897621155
0.4706684648990631
-0.004669748246669769
0.3928387463092804
0.15969690680503845
0.452000230550766
0.38219404220581055
0.23143967986106873
0.7594388127326965
0.6164114475250244
0.5450447797775269
0.7455095052719116
0.18497127294540405
0.42965880036354065
0.42747172713279724
0.4748341143131256
0.4996170103549957
0.15504524111747742
0.3011466860771179
0.29591283202171326
0.2240026891231537
0.7310326099395752
0.6922570466995239
0.4455924332141876
0.32204580307006836
0.1874709129333496
0.31014713644981384
0.4440101981163025
0.21201428771018982
0.07713717967271805
0.19322443008422852
0.6786215305328369
0.5170708894729614
0.5948460102081299
0.5197370052337646
0.3645728528499603
0.4726578891277313
0.04759550839662552
0.6455793380737305
0.11009456217288971
0.3258333206176758
0.5897809863090515
0.48007240891456604
0.684529185295105
0.4962356686592102
0.5411872863769531
0.5960454940795898
0.46925902366638184
0.6954987049102783
0.24639463424682617
0.13446997106075287
0.5261210799217224
0.5931310653686523
0.5857321619987488
0.5386156439781189
0.29567497968673706
0.14568650722503662
0.5363798141479492
0.5115117430686951
0.25995367765426636
0.4499898850917816
0.4458516240119934
0.42577412724494934
0.3793341815471649
0.25163403153419495
0.5902616381645203
0.28147420287132263
0.46673712134361267
0.3463882505893707
0.205206960439682
0.4655287563800812
0.4695585072040558
0.4558356702327728
0.5073882937431335
0.5567176342010498
0.10316354036331177
0.5294531583786011
0.5351859927177429
0.46529272198677063
0.1751481294631958
0.03125448524951935
0.6135635375976562
0.49761301279067993
0.4829903542995453
0.20398512482643127
0.6482304334640503
0.09412499517202377
0.4867044687271118
0.21294841170310974
0.5677968859672546
0.12784752249717712
0.5547626614570618
0.48860254883766174
0.16009734570980072
0.600583553314209
0.39507949352264404
0.4246329963207245
0.6171621680259705
0.3926834762096405
0.04751821607351303
0.5615746378898621
0.34385308623313904
0.3589794933795929
0.42232897877693176
0.6054988503456116
0.41325387358665466
0.06758106499910355
0.44700729846954346
0.2342928647994995
0.5222057104110718
0.54751056432724
0.3048764169216156
0.6496513485908508
0.5330448746681213
0.3871908187866211
0.3222835063934326
0.48134633898735046
0.37643930315971375
0.40075597167015076
0.6588437557220459
0.4555172622203827
0.556452214717865
0.05871128290891647
0.43551549315452576
0.5717140436172485
0.4947338104248047
0.479911744594574
0.47091948986053467
0.6563889980316162
0.5944322347640991
0.10686132311820984
0.5243521928787231
0.5172290205955505
0.267091304063797
0.45570245385169983
0.6035332679748535
0.2526054084300995
0.3753372132778168
0.5051658749580383
0.30302688479423523
0.5709754228591919
0.5795628428459167
0.5578591823577881
0.2817865312099457
0.5983476042747498
0.41608282923698425
0.48623931407928467
0.397726833820343
0.36276817321777344
0.4863620698451996
0.47876352071762085
0.2769424617290497
0.4735710918903351
0.5128049850463867
0.3083050847053528
0.5191922187805176
0.6239243149757385
0.28659766912460327
0.6777785420417786
0.17460192739963531
0.4464561641216278
0.447126179933548
0.12062495946884155
0.14391952753067017
0.3576478362083435
0.7086408734321594
0.7512235641479492
0.641681432723999
0.3529411554336548
0.09260149300098419
0.5807754993438721
0.44307324290275574
0.13094300031661987
0.6695303916931152
0.48298943042755127
0.5200821161270142
0.31498152017593384
0.22045177221298218
0.46411678194999695
0.3335699439048767
0.3440952003002167
0.7173776626586914
0.035978689789772034
0.4013083577156067
0.26824554800987244
0.33614030480384827
-0.02686934918165207
0.40894773602485657
0.4259887933731079
0.6187824606895447
0.11015711724758148
0.3323995769023895
0.13553562760353088
0.3864087462425232
0.4341319501399994
0.6315703988075256
0.6312010884284973
0.6188546419143677
0.491216242313385
0.4458458125591278
0.2968410849571228
0.2972863018512726
0.5405040979385376
0.4346565902233124
0.03990066051483154
0.2880498170852661
0.5828988552093506
0.5612648725509644
0.3960483968257904
0.46102291345596313
0.4496334493160248
0.4090559780597687
0.3372202217578888
0.5261698961257935
0.38943132758140564
0.43699637055397034
0.499490350484848
0.011189989745616913
0.5269384384155273
0.3678944706916809
0.5507273077964783
0.396185040473938
0.5274949669837952
0.5302333235740662
0.6321151852607727
0.5771403312683105
0.479246586561203
0.2761772871017456
0.3856288492679596
0.30925697088241577
0.009026609361171722
0.5038138031959534
0.4161110520362854
0.5079357028007507
0.41162607073783875
0.3846377432346344
0.6201169490814209
0.47480568289756775
0.15846414864063263
0.47458958625793457
0.33820873498916626
0.5221020579338074
0.4549686312675476
0.042719658464193344
0.5386052131652832
0.46585187315940857
0.5255206227302551
0.6422774195671082
0.13206930458545685
0.535841703414917
0.353268563747406
0.4698244035243988
0.008278194814920425
0.5822440981864929
0.16608747839927673
0.7362120747566223
0.43472304940223694
0.16479787230491638
0.6376765966415405
0.5985594987869263
0.19262239336967468
0.35535958409309387
0.6270724534988403
0.5318156480789185
0.2802636921405792
0.5592522025108337
0.12529699504375458
0.47170186042785645
0.5876601934432983
0.6239226460456848
0.5948448181152344
0.15298262238502502
0.2735133469104767
0.5321019291877747
0.5708431005477905
0.43969056010246277
0.22932323813438416
0.45397698879241943
0.5873178243637085
0.2520942687988281
0.5217756628990173
0.27909356355667114
0.14372298121452332
0.36963745951652527
0.4197220504283905
0.387543261051178
0.09261617064476013
0.3712068498134613
0.5178473591804504
0.411691814661026
0.1115783154964447
0.3561214506626129
0.34338733553886414
0.5355809926986694
0.5248844027519226
0.1452471762895584
0.4873618185520172
0.26228010654449463
0.48187243938446045
0.2910884916782379
0.7109755277633667
0.5337604880332947
0.49743232131004333
0.35843825340270996
0.27983352541923523
0.5647851228713989
0.5172925591468811
0.17900419235229492
0.4518447816371918
0.31169435381889343
0.5428647398948669
0.48425427079200745
0.44638368487358093
0.6191592812538147
0.518695056438446
0.21255862712860107
0.26884138584136963
0.270972341299057
0.5674810409545898
0.3340524137020111
0.10710401087999344
0.41025999188423157
0.17357641458511353
0.5908887982368469
0.05376815050840378
0.6319898962974548
0.03261398524045944
0.284694641828537
0.2772538363933563
0.25523170828819275
0.4240347445011139
0.45695391297340393
0.39974555373191833
0.5307042002677917
0.4542423188686371
0.6483877301216125
0.17535147070884705
0.5315603017807007
0.20647847652435303
0.39960619807243347
0.05117962509393692
0.09947334229946136
0.3765898048877716
0.2227475643157959
0.24896767735481262
0.3082720637321472
0.4289599061012268
0.38619858026504517
0.7977023124694824
0.31103646755218506
0.6848395466804504
0.23698508739471436
0.13348959386348724
-0.0068174973130226135
0.6403988599777222
0.49611926078796387
0.608668327331543
0.34403344988822937
0.4283117949962616
0.4242931008338928
0.016445621848106384
0.6399654746055603
0.031598709523677826
0.30799198150634766
0.4481746554374695
-0.015903674066066742
0.6204076409339905
0.23271328210830688
0.27776846289634705
0.2844313383102417
0.5303073525428772
0.5001072287559509
0.3381577432155609
0.11734074354171753
0.4142474830150604
0.05488446354866028
0.5918930768966675
0.26881858706474304
0.5510269403457642
0.2552105784416199
0.6009151339530945
0.5380613207817078
-0.020060427486896515
0.38940373063087463
0.7105879783630371
0.5504981875419617
0.4646563231945038
0.6998653411865234
0.48864832520484924
0.1559889316558838
0.3939960300922394
0.3504139482975006
0.004951260983943939
0.6853164434432983
0.6783281564712524
0.6378849744796753
0.4923793375492096
0.5111804008483887
0.3868483603000641
0.43460744619369507
0.31674596667289734
-0.010910280048847198
0.35477006435394287
0.15984074771404266
0.011494748294353485
0.08773165196180344
0.4271792471408844
0.49058136343955994
0.398729145526886
0.4991999864578247
0.42055436968803406
0.6174944639205933
0.6817079782485962
0.7077457308769226
0.405030220746994
0.5416496992111206
0.6189327836036682
0.6580053567886353
0.21637102961540222
0.3832753598690033
0.5916903018951416
0.17650294303894043
0.3467576801776886
0.6645759344100952
0.38431206345558167
0.4077241122722626
0.13127967715263367
0.6133643388748169
0.3742915391921997
0.09839698672294617
0.17652326822280884
0.541722297668457
0.5059431195259094
0.3712442219257355
0.5320583581924438
0.48151639103889465
0.5614103078842163
0.6339573860168457
0.5059199333190918
0.5873040556907654
0.2789323925971985
0.1460847556591034
0.5373165607452393
0.4262644648551941
0.3413291573524475
0.40345802903175354
0.37629759311676025
0.35772261023521423
0.5588014721870422
-0.023119263350963593
0.6446956396102905
0.4953043758869171
0.284481018781662
0.4962073266506195
0.4686627686023712
0.7111854553222656
0.6289775967597961
0.3133750259876251
0.18393409252166748
0.4560299813747406
0.5631033778190613
0.5473341345787048
0.321811705827713
0.37610986828804016
0.06633593142032623
0.12617820501327515
0.14477619528770447
0.4158973693847656
0.481973260641098
0.2352568507194519
0.4595029652118683
0.6003577709197998
0.8337252140045166
0.39593377709388733
0.38550838828086853
0.3592599332332611
0.6692487001419067
0.3762267827987671
0.5573525428771973
0.498687207698822
0.8300694823265076
0.3341382145881653
0.5455321669578552
0.1653738021850586
0.5640497803688049
0.35540661215782166
0.2311510145664215
0.6127963066101074
0.7144825458526611
0.4296204149723053
0.5322290062904358
0.39014360308647156
0.597671389579773
0.5154953598976135
0.17850801348686218
0.4389570653438568
0.21563324332237244
0.6788560152053833
0.015937447547912598
0.590734601020813
0.6821449995040894
0.35164082050323486
0.6701228618621826
0.40935075283050537
0.45099398493766785
0.36645832657814026
0.38579317927360535
0.04273718222975731
0.5718798637390137
0.47117847204208374
0.22865748405456543
0.5046473741531372
0.21213048696517944
0.2767711877822876
0.011725850403308868
0.4748675525188446
0.5081078410148621
0.3830702006816864
0.6468344926834106
0.15703293681144714
0.49161890149116516
0.46732524037361145
0.24844375252723694
0.538943886756897
0.4867152273654938
0.3253302276134491
0.3324430584907532
0.2441352903842926
0.46606913208961487
0.2886371612548828
0.438701331615448
0.13042619824409485
0.32640334963798523
0.39082831144332886
0.5783352851867676
0.2200419008731842
0.28135445713996887
0.11921737343072891
0.3120976984500885
0.6511973738670349
0.43990984559059143
0.5510900020599365
0.2822299897670746
0.5098630785942078
0.4217178523540497
0.5368154644966125
0.6235929727554321
0.6385477781295776
0.5649248957633972
0.28386586904525757
0.3776209056377411
0.3159502148628235
0.2700880169868469
0.3338756859302521
0.32509559392929077
0.5375991463661194
0.3692232668399811
0.5140252113342285
0.6908907890319824
0.30295130610466003
0.6843680739402771
0.028825517743825912
0.2580905258655548
0.5955479145050049
0.44802019000053406
0.11048061400651932
0.23556455969810486
0.27478423714637756
0.5227169394493103
0.5156535506248474
0.319314569234848
0.21279817819595337
0.4592490494251251
0.2410721778869629
0.15379884839057922
0.3878234624862671
0.4344407021999359
0.3095393478870392
0.30949392914772034
0.5992883443832397
0.6954256296157837
0.09878811985254288
0.007348954677581787
0.6076259613037109
0.05099472403526306
0.4867342412471771
0.26902899146080017
0.3611234426498413
0.624464750289917
0.6772437691688538
0.4432131052017212
0.3896890878677368
0.3194378614425659
0.6640249490737915
0.4332473576068878
-0.03441639989614487
0.07693463563919067
0.0731726810336113
0.4388146698474884
0.3118239939212799
0.08583597093820572
0.6121072173118591
0.5557352304458618
0.2815389931201935
0.1839834749698639
0.41466525197029114
0.1317407488822937
0.3932412266731262
0.3928908407688141
0.5618281960487366
0.6116890907287598
0.12824025750160217
0.2724236845970154
0.4489001929759979
0.6200401782989502
0.5618811845779419
0.6976057887077332
0.3691983222961426
0.5575013756752014
0.12465783953666687
0.5456516146659851
0.5298903584480286
0.22343236207962036
0.43538081645965576
0.2938869297504425
0.4952295124530792
0.5331085324287415
0.4147329032421112
0.3460761308670044
0.7822327613830566
0.496103972196579
0.2731649577617645
0.6819696426391602
0.6604781150817871
0.3071305751800537
0.366482675075531
0.4934956729412079
0.16690272092819214
0.450540691614151
0.3526030480861664
0.1330706775188446
0.30668526887893677
0.27226683497428894
0.3499476909637451
0.33001938462257385
-0.07031736522912979
0.47923240065574646
0.6621831655502319
0.4784868657588959
0.6595727205276489
0.3234344720840454
0.2876565158367157
0.3490332365036011
0.1799095869064331
0.32739877700805664
0.5522982478141785
0.35405853390693665
0.6226065158843994
0.5286074876785278
0.371442586183548
0.12698760628700256
0.02956143021583557
0.5163736939430237
0.20287150144577026
0.07622627913951874
0.4233393967151642
0.0900133028626442
0.5440160036087036
0.5292127132415771
0.7296392917633057
0.48789870738983154
0.41705772280693054
0.26553136110305786
-0.004153259098529816
0.3105614185333252
0.38273411989212036
0.45474347472190857
0.47034573554992676
0.11387155950069427
0.5604257583618164
0.3127906322479248
0.4621303379535675
0.42919597029685974
0.4959867298603058
0.3686199188232422
0.5444977879524231
0.3297264873981476
0.6707870364189148
0.5495320558547974
0.4504900872707367
0.4987320303916931
0.20679044723510742
0.29600366950035095
0.5165256261825562
0.4350498616695404
-0.02400219440460205
0.30007851123809814
0.39064085483551025
0.06581775099039078
0.5720664858818054
0.34683680534362793
0.4090482294559479
0.5109930038452148
0.5675999522209167
0.4482971727848053
0.29530957341194153
0.5373536348342896
0.3456280827522278
0.40524914860725403
0.3462143838405609
0.28176403045654297
0.5272762179374695
0.6147734522819519
0.3834891617298126
0.6602066159248352
0.5667067170143127
0.3648081123828888
0.5621227025985718
0.5394425392150879
0.43160614371299744
0.7096112966537476
0.49184128642082214
0.35911911725997925
0.5294170379638672
0.3838290870189667
0.46906402707099915
0.41850945353507996
0.7071918249130249
0.32185429334640503
0.5279895067214966
0.6456786394119263
0.3861324191093445
0.3551231324672699
0.4343763291835785
0.6442894339561462
0.42190542817115784
0.4554443955421448
0.4611799418926239
0.540741503238678
0.3488720655441284
0.5239274501800537
0.49716734886169434
0.21266070008277893
0.19437867403030396
0.6974416971206665
0.2854834198951721
0.5047466158866882
0.4050951302051544
0.4097418785095215
0.6400537490844727
0.03734876960515976
0.5172215104103088
0.4697651267051697
0.31888076663017273
0.4744762182235718
0.1266714632511139
0.34347960352897644
0.7176653146743774
0.351967990398407
0.32574471831321716
0.5860454440116882
0.3977806866168976
0.0731208398938179
0.6279792785644531
0.5461615920066833
0.3329041004180908
0.5145666003227234
0.1981242299079895
0.2577095627784729
0.1424281895160675
0.3804625868797302
0.3950653374195099
0.6335265040397644
0.5759074091911316
0.05096539109945297
0.4710037112236023
0.3864961564540863
0.14473839104175568
0.3451562821865082
0.33092325925827026
0.4433229863643646
0.39451149106025696
0.5531442761421204
0.3377534747123718
0.030447155237197876
0.24288055300712585
0.27806299924850464
0.6461975574493408
0.30420392751693726
0.7229948043823242
0.6003750562667847
0.5816503763198853
0.33627787232398987
0.4348925054073334
0.47359699010849
0.08100518584251404
0.1318579614162445
0.25744882225990295
0.07725399732589722
0.5258060693740845
0.10083891451358795
0.8461524844169617
0.7199851870536804
0.35491809248924255
0.4249454736709595
0.11384880542755127
0.4463982880115509
0.04154544323682785
0.430584579706192
0.42536020278930664
0.48298361897468567
0.5342075228691101
0.5479452610015869
0.11136998236179352
0.10286512970924377
0.3997636139392853
0.3829374313354492
0.28645268082618713
0.4268079996109009
0.276267409324646
0.4501326084136963
0.21009448170661926
0.3702767491340637
0.4328250586986542
0.45248785614967346
0.34480902552604675
0.638340413570404
0.5875575542449951
0.42768147587776184
0.3144194781780243
0.5482141971588135
0.5933986306190491
0.2846625745296478
0.3674260973930359
0.6477606296539307
0.18720382452011108
0.5559539198875427
0.2948549687862396
0.30183133482933044
0.2985886335372925
0.6299188137054443
0.519679844379425
0.5746091604232788
0.6487996578216553
0.5003156661987305
0.16742146015167236
0.5712482333183289
0.3409274220466614
0.2514321506023407
0.4674309194087982
0.18683254718780518
0.08140549808740616
0.5575522184371948
0.600136399269104
0.5490554571151733
0.0940861776471138
0.4589621126651764
0.46286484599113464
0.03393419831991196
0.5323816537857056
0.2782404124736786
0.3340105414390564
0.34540075063705444
0.3489435613155365
0.6016204953193665
0.29446494579315186
0.328852117061615
0.3264479339122772
0.03359708935022354
0.40797945857048035
0.20263099670410156
0.15092194080352783
0.5354556441307068
0.3509005606174469
0.5455679893493652
0.5489497780799866
0.3768635392189026
0.5715833902359009
0.08511228114366531
0.4722830057144165
0.4893912971019745
0.3907908499240875
0.4643411934375763
0.30439814925193787
0.19935157895088196
0.20418265461921692
0.1720130741596222
0.31100839376449585
0.6051594614982605
0.4350694417953491
0.06637537479400635
0.38102903962135315
0.6623222827911377
0.6119660139083862
0.6417058110237122
0.19313883781433105
0.6615467071533203
0.46242234110832214
0.34267422556877136
0.28794196248054504
0.31330376863479614
0.5666491389274597
0.8150680065155029
0.554401159286499
0.5397818684577942
0.6734037399291992
0.03325740247964859
0.7094110250473022
0.502831757068634
0.482899934053421
0.41158920526504517
0.43491047620773315
0.4567284882068634
0.5344581604003906
0.4872833490371704
0.4953324496746063
0.23250988125801086
0.4474075734615326
0.12630243599414825
0.41860756278038025
0.4816010892391205
0.19906070828437805
0.3884013295173645
0.5486550331115723
0.2842494547367096
0.23736074566841125
0.7699114084243774
0.42140620946884155
0.5803343057632446
0.5196808576583862
0.3214343190193176
0.4273819029331207
0.6502156257629395
0.36311307549476624
0.24059274792671204
0.46403616666793823
0.061389464884996414
0.07658086717128754
0.13514328002929688
0.6909676790237427
0.5132111310958862
0.18141582608222961
0.3470170795917511
0.42411643266677856
0.38076457381248474
0.5504294633865356
0.41319984197616577
0.44146648049354553
0.4921899139881134
0.21552181243896484
0.5173619985580444
0.41220757365226746
0.5325254797935486
0.3402784764766693
0.5023254752159119
0.10399304330348969
0.37537136673927307
0.2872539460659027
0.29183974862098694
0.5475499033927917
0.6144846677780151
0.6078586578369141
0.3921597898006439
0.4580387771129608
0.18917840719223022
0.5997005105018616
0.604167103767395
0.6295238137245178
0.4782237708568573
0.47443392872810364
0.21784549951553345
0.5447184443473816
0.38192668557167053
0.5066869854927063
0.26057541370391846
0.07025463134050369
0.2827757000923157
0.47848623991012573
0.26118654012680054
0.30487483739852905
0.6601970791816711
0.5366912484169006
0.572546660900116
0.3958421051502228
0.18876326084136963
0.3184819519519806
0.3016816973686218
0.3050910234451294
0.8037479519844055
0.11844244599342346
0.22939950227737427
0.5399188995361328
0.13020141422748566
0.7326820492744446
0.6688414216041565
0.44426223635673523
0.49729853868484497
0.030495427548885345
0.7572569251060486
0.3384883403778076
0.6634014844894409
0.45243799686431885
0.557454526424408
0.3600822389125824
0.5473422408103943
0.2615461051464081
0.3869726061820984
0.15931656956672668
0.09403832256793976
0.571626603603363
0.45916566252708435
0.24136260151863098
0.588499903678894
0.2161804437637329
0.7254559993743896
0.6493074893951416
0.562871515750885
0.5273106098175049
0.359357625246048
0.4760724604129791
0.429411381483078
0.556270956993103
0.3738614022731781
0.3897378742694855
0.4108307957649231
0.18606729805469513
0.16140452027320862
0.07579749822616577
0.08489729464054108
0.10169321298599243
0.43331336975097656
0.23138979077339172
0.415790319442749
0.5231689214706421
0.5544891953468323
0.3783223032951355
0.5505825877189636
0.662562906742096
0.3359941244125366
0.5997838973999023
0.48046451807022095
0.3656996190547943
0.34762120246887207
0.6262969970703125
0.46485450863838196
0.30832627415657043
0.4454207122325897
0.16063141822814941
0.5157793760299683
0.5722337365150452
0.13211989402770996
0.2297857105731964
0.5180627107620239
0.15198346972465515
0.7030895948410034
0.8262701034545898
0.5467994809150696
0.36311057209968567
0.32614508271217346
0.20827797055244446
0.6272072792053223
0.3930031359195709
0.3819850981235504
0.563478946685791
0.419342041015625
0.3395199775695801
0.6384151577949524
0.48470088839530945
0.22628188133239746
0.06681417673826218
0.38146618008613586
0.698043942451477
0.1919446885585785
0.479798287153244
0.5062395334243774
0.3520382344722748
0.572117030620575
0.612786591053009
0.4096432328224182
0.27107617259025574
0.5435073375701904
0.3061225414276123
0.43006423115730286
0.4556884169578552
0.400557279586792
0.33338895440101624
0.47993895411491394
0.566343367099762
0.38322946429252625
0.5257402062416077
0.08083534985780716
0.6784521341323853
0.5046824812889099
0.20507335662841797
-0.007643930613994598
0.14605939388275146
0.46435466408729553
0.43434229493141174
0.5325608253479004
0.0734563022851944
0.4045928716659546
0.5124698877334595
0.33419209718704224
0.4778798222541809
0.4122345745563507
0.4408018887042999
0.1001795083284378
0.35898908972740173
0.5557356476783752
0.6397051811218262
0.3542117774486542
0.013782136142253876
0.22756609320640564
0.26612022519111633
0.31188079714775085
0.34116169810295105
0.33519402146339417
0.09348635375499725
0.3676397502422333
0.5559694170951843
0.5598013997077942
0.3458390533924103
0.23673149943351746
0.6804519295692444
0.07023757696151733
0.507522702217102
0.4897596836090088
0.3661055266857147
0.3926560580730438
0.5878438949584961
0.4735555350780487
0.44986599683761597
0.624446451663971
0.3741590678691864
0.27632150053977966
0.6084493398666382
0.7295006513595581
0.5265562534332275
0.4034850001335144
0.4358275830745697
0.3078547716140747
0.4225803315639496
0.649798572063446
0.14371544122695923
0.5017322301864624
0.25096774101257324
0.34607449173927307
0.5894826650619507
0.4829757511615753
0.1246996521949768
0.4665014445781708
0.36817631125450134
0.547971248626709
0.20315688848495483
0.7586736083030701
0.6508213877677917
0.5833258032798767
0.31686002016067505
0.3554665148258209
0.3209477961063385
0.48216748237609863
0.4176749885082245
0.5242059230804443
0.6486649513244629
0.38009727001190186
0.504224956035614
0.10529257357120514
0.30925965309143066
0.5751554369926453
0.3564470112323761
0.04966846853494644
0.10678730905056
0.30003929138183594
0.6387244462966919
0.4634653627872467
0.18556126952171326
0.42023521661758423
0.4917495548725128
0.0003749430179595947
0.23731645941734314
0.4699563980102539
0.019822217524051666
0.4844743311405182
0.6172046661376953
0.33876392245292664
0.2727571427822113
0.20480570197105408
0.3639207184314728
0.6267473697662354
0.041168488562107086
0.4622441232204437
0.6211628317832947
-0.03510963171720505
0.4590371251106262
0.3527599275112152
0.38341769576072693
0.6250397562980652
0.42574700713157654
0.07845669984817505
0.4207240641117096
0.4293052554130554
-0.00428057461977005
0.45558983087539673
0.47566625475883484
0.4227706491947174
0.3409457504749298
0.4078487157821655
0.16309165954589844
0.0001427978277206421
0.13635605573654175
0.29959040880203247
0.25995734333992004
0.20490902662277222
0.46567878127098083
0.6678818464279175
0.08837591111660004
0.14709508419036865
0.39208468794822693
0.2087787389755249
0.4025723934173584
0.38607165217399597
0.3022683262825012
0.5928237438201904
0.17825934290885925
0.73481285572052
0.10916958749294281
0.13358724117279053
0.288908451795578
0.3674909770488739
0.49274733662605286
0.503291666507721
0.2855253219604492
0.2973839342594147
0.4234311282634735
0.32976457476615906
0.31109270453453064
0.3972945809364319
0.08262649178504944
0.09899947792291641
0.20264333486557007
0.6378340721130371
0.19500726461410522
0.5032129883766174
0.4355008602142334
0.4148627817630768
0.5549825429916382
0.6551998257637024
0.19818109273910522
0.31877830624580383
0.3329072594642639
0.4970240294933319
0.31554725766181946
0.33398619294166565
0.4394838511943817
0.6034388542175293
0.12334898859262466
0.5066993832588196
0.059177741408348083
0.5496475696563721
0.4879288375377655
0.6843717694282532
0.4791739284992218
0.2970874607563019
0.27528849244117737
0.18738654255867004
0.19169726967811584
0.5472689270973206
0.12148046493530273
0.6012256741523743
0.16722255945205688
0.21618416905403137
0.4372877776622772
0.5989307165145874
0.1497626006603241
0.5611194372177124
0.44123026728630066
0.2557370662689209
0.17502550780773163
0.5096725821495056
0.14302203059196472
0.3574867844581604
0.327632337808609
0.25960543751716614
0.6619566082954407
0.4428096413612366
0.24324768781661987
0.6141344308853149
0.29415228962898254
0.520068347454071
0.4766339361667633
0.4014674127101898
0.48772940039634705
0.18900898098945618
0.4973669946193695
0.52179354429245
0.7294952273368835
0.10444211959838867
0.4687138497829437
0.4504908323287964
0.49466219544410706
0.14315253496170044
0.6900328993797302
0.48792609572410583
0.5411800742149353
0.6764498949050903
0.023555882275104523
0.6850061416625977
0.5623371005058289
0.28151023387908936
0.46896272897720337
0.5030595064163208
0.6320295929908752
0.44619402289390564
-0.04477445036172867
0.10921132564544678
0.41251543164253235
0.5709636211395264
0.4346928298473358
0.3808997869491577
0.4844549298286438
0.4491552710533142
0.4058667719364166
0.4368683993816376
0.4472491443157196
0.685420036315918
0.5303518772125244
0.01389099657535553
0.4580843150615692
0.42661336064338684
0.7119220495223999
0.5039491057395935
0.27475860714912415
0.6685079336166382
0.43372276425361633
0.6304903030395508
0.15506324172019958
0.5977749824523926
0.24028006196022034
0.4730289876461029
0.5620067119598389
-0.07385808974504471
0.18104225397109985
0.15276014804840088
0.17165467143058777
0.22965189814567566
0.1518513411283493
0.5002874135971069
0.4489918351173401
0.1999841034412384
0.46318408846855164
0.12465344369411469
0.6386715173721313
0.3383755385875702
0.6223840713500977
0.5347318053245544
0.10859087109565735
-0.0019062012434005737
0.5393348932266235
0.6274701952934265
0.36336925625801086
0.5068318843841553
0.5700204968452454
0.19203731417655945
0.5037710666656494
0.38696375489234924
0.14424219727516174
0.6859018802642822
0.6183815002441406
0.2754533886909485
0.5483455657958984
0.2975955009460449
0.23616960644721985
0.6635605692863464
0.48522937297821045
0.5451784729957581
0.19114398956298828
0.44001951813697815
0.353498250246048
0.7232567667961121
0.5234330296516418
0.40217819809913635
0.5531339645385742
0.6254065632820129
0.30158281326293945
0.5679181814193726
0.6008703112602234
0.07030656933784485
0.5863631963729858
0.09678110480308533
0.6394809484481812
0.5064898133277893
0.29970672726631165
0.2562106251716614
0.6535731554031372
0.6350127458572388
0.3190919756889343
0.4250231385231018
0.6352480053901672
0.7220406532287598
0.4830397367477417
0.4700429141521454
0.25492116808891296
0.19977247714996338
0.6012945175170898
0.12667131423950195
0.47241464257240295
0.27442023158073425
0.5481630563735962
0.5363922119140625
0.47262462973594666
0.4059921205043793
0.4468056559562683
0.09983545541763306
0.3598892390727997
0.5745440125465393
0.05934206396341324
0.24707454442977905
0.18777404725551605
0.3500743806362152
0.17186301946640015
0.509537935256958
0.5503347516059875
0.563650369644165
0.4098258912563324
0.29656657576560974
0.39438149333000183
0.41788068413734436
0.24214953184127808
0.44637665152549744
0.25171831250190735
0.23262295126914978
0.4143936336040497
0.07723607122898102
0.30701395869255066
0.4603367745876312
0.6355358958244324
0.4442999064922333
0.1060260683298111
0.6379555463790894
0.32937106490135193
0.39344337582588196
0.3397354185581207
0.5604751110076904
0.1890111267566681
0.5804952383041382
0.30383142828941345
0.5543498992919922
0.6678597927093506
0.6898771524429321
0.14122238755226135
0.3743472099304199
0.3259456753730774
0.3641081154346466
0.3289264738559723
0.4714362919330597
0.2609158158302307
0.3076373338699341
0.5296799540519714
0.20756366848945618
0.07933713495731354
0.12410244345664978
0.5006119012832642
0.3854478895664215
0.16697627305984497
0.6480642557144165
0.10600817203521729
0.15540942549705505
0.4488162100315094
0.5817644596099854
0.408532053232193
0.23450911045074463
0.37622562050819397
0.5250359773635864
0.48618999123573303
0.09401895105838776
0.4477315843105316
0.40296533703804016
0.11894774436950684
0.38940033316612244
0.3795848786830902
0.38944777846336365
0.18225744366645813
0.42906469106674194
0.2002515196800232
0.5988397598266602
0.5766744613647461
0.4786202609539032
0.46714112162590027
0.6580229997634888
0.3807065486907959
0.16720736026763916
0.10977186262607574
0.3225788474082947
0.14985543489456177
0.3252843916416168
0.1932227462530136
0.3239057958126068
0.41615426540374756
0.45265263319015503
0.5088381767272949
0.48769766092300415
0.2496703863143921
0.34017080068588257
0.2905871570110321
0.43444961309432983
0.5608246922492981
0.6359783411026001
0.5153347253799438
0.4481513798236847
0.4845179617404938
-0.008327923715114594
0.1918843388557434
0.35570502281188965
0.6259517669677734
0.7322142720222473
0.35389360785484314
0.20633995532989502
0.15873736143112183
0.7218008041381836
0.3267151117324829
0.6785805225372314
0.823030948638916
0.3664540946483612
0.018489137291908264
0.16896696388721466
0.3790282905101776
0.5800450444221497
0.5385738015174866
0.1872442662715912
0.48403123021125793
0.450181245803833
0.396030068397522
0.2818008363246918
0.5568518042564392
0.7159008979797363
0.6989405155181885
0.07984761893749237
0.6850079298019409
0.3949092924594879
0.10133428871631622
0.49769243597984314
0.1670299768447876
0.5406233072280884
0.354726105928421
0.2742803692817688
0.214316725730896
0.10222885012626648
0.5222887396812439
0.0459270253777504
0.3334207236766815
0.4987940490245819
0.4496276378631592
0.4816168248653412
0.6318672895431519
0.652858316898346
0.20391330122947693
0.4898945987224579
0.6495766639709473
0.5542729496955872
0.3577246367931366
0.08405191451311111
0.5138351321220398
0.1291031539440155
0.21579331159591675
0.6052851676940918
0.5827873349189758
0.4849346876144409
0.5265312790870667
0.36991551518440247
0.3732362985610962
0.13968241214752197
0.0073865801095962524
0.7646596431732178
0.14449526369571686
0.1334185004234314
0.5846960544586182
0.5170471668243408
0.20962178707122803
0.5087966918945312
0.3414325416088104
0.5414726138114929
0.5589190125465393
0.5111966729164124
0.6137549877166748
0.09564508497714996
0.576083779335022
0.5794724225997925
0.4840368926525116
0.4204708933830261
0.41092491149902344
0.7449381351470947
0.47376689314842224
0.8199902772903442
0.37125369906425476
0.4823072850704193
0.49483272433280945
0.23648548126220703
0.05613560602068901
0.08799614757299423
0.7504968047142029
0.4410400390625
0.491413414478302
0.6201722621917725
0.17948943376541138
0.36499854922294617
0.3596529960632324
0.5569517612457275
0.44149893522262573
0.5018414855003357
0.4905413091182709
0.567907989025116
0.5133612155914307
0.20461401343345642
0.6282984018325806
0.46360114216804504
0.4835820496082306
0.4061286151409149
0.49378716945648193
0.44387760758399963
-0.024868108332157135
0.38739013671875
0.5741991996765137
0.22100648283958435
0.2287943959236145
0.4264421761035919
0.1662103235721588
0.4135967791080475
0.46778789162635803
0.6342827081680298
0.4620075523853302
0.36220064759254456
0.5860850811004639
0.32339248061180115
0.5262894034385681
0.45989564061164856
0.2853950262069702
0.4927751421928406
0.440938264131546
0.6469358205795288
0.3275667726993561
0.38958096504211426
0.3306974470615387
0.5702114105224609
0.03611347824335098
0.5789936780929565
0.4866727888584137
0.32000163197517395
0.37861308455467224
0.12173565477132797
0.3534201681613922
0.4663412272930145
0.6233736872673035
0.23723402619361877
0.43084314465522766
0.594102144241333
0.4572317898273468
0.5512089133262634
0.3817870318889618
0.6444229483604431
0.3960862457752228
0.4778524935245514
0.4507645070552826
0.44780537486076355
0.40837469696998596
0.44837507605552673
0.31318166851997375
0.18729493021965027
0.46049466729164124
0.2541452944278717
0.43979910016059875
0.36590680480003357
0.49736419320106506
0.6184998750686646
0.2625066339969635
0.3193890452384949
0.42064669728279114
0.25301122665405273
0.2147512137889862
0.3473232090473175
0.30917540192604065
0.07411311566829681
0.49020493030548096
0.2773195505142212
0.4600750505924225
0.24290171265602112
0.038576044142246246
0.19856572151184082
0.381280779838562
0.508741021156311
0.10327073931694031
0.28261953592300415
0.6747713685035706
0.4369584619998932
0.36349406838417053
0.3981698751449585
0.5515313148498535
0.43754470348358154
0.6174149513244629
0.3809070885181427
0.5099912285804749
0.3005293309688568
0.4556824862957001
0.6278836727142334
0.3460763394832611
0.4956705570220947
0.4961252510547638
0.4440276324748993
0.44257476925849915
0.37608227133750916
0.5234589576721191
0.5108399391174316
0.45768412947654724
0.31790032982826233
0.526439368724823
0.4934500455856323
0.610801637172699
0.3863344192504883
0.5249859690666199
0.23788222670555115
0.4567736089229584
0.510321855545044
0.4512321949005127
0.5745663046836853
0.5066821575164795
0.21742472052574158
0.7388726472854614
0.2676061689853668
0.4040229618549347
0.340275377035141
0.46138834953308105
0.5455624461174011
0.4691767394542694
0.5281476378440857
0.306889146566391
0.44540712237358093
0.5809951424598694
0.5164151191711426
0.22983109951019287
0.5418357849121094
0.4691995680332184
0.5113306045532227
0.528344988822937
0.6158148050308228
0.532059371471405
0.5117691159248352
0.05319296568632126
0.4804602563381195
0.38483163714408875
0.2102092206478119
0.5593599081039429
0.4770331084728241
0.6314116716384888
0.5793633460998535
0.5548029541969299
0.3582969009876251
0.4040296971797943
0.29855573177337646
0.6416038274765015
0.30116716027259827
0.5104919672012329
-0.036944933235645294
0.36171936988830566
0.4414560794830322
0.4561461806297302
0.17681515216827393
0.2705730199813843
0.45330923795700073
0.33969399333000183
0.2621352970600128
0.49226027727127075
0.22913706302642822
0.2613855004310608
0.3384280502796173
0.2611094117164612
0.44247129559516907
0.5208198428153992
0.3915916979312897
0.7390684485435486
0.37552255392074585
0.5227482318878174
0.18963545560836792
0.37238430976867676
0.14181038737297058
0.5074331760406494
0.4407205283641815
0.3077360689640045
0.5748790502548218
0.7648407220840454
0.6392019987106323
0.30000874400138855
0.17930129170417786
0.2810506224632263
0.057718683034181595
0.5018209218978882
0.6116687655448914
0.7133791446685791
0.27594977617263794
0.3105607032775879
0.621069610118866
0.257988303899765
0.3362261950969696
0.650558590888977
0.6804298162460327
0.3981587886810303
0.3995708227157593
0.3303046226501465
0.29605934023857117
0.2800135910511017
0.37576884031295776
0.11816910654306412
0.5669979453086853
0.26867130398750305
0.14118841290473938
0.3925860524177551
0.32884594798088074
0.08966489136219025
0.45901137590408325
0.45805421471595764
0.5350208282470703
0.39569494128227234
0.2303488850593567
0.2937871217727661
0.19198590517044067
0.06930802017450333
0.5456340909004211
0.48156216740608215
0.05856580659747124
0.4213762581348419
0.5117664337158203
0.6698798537254333
0.6112478971481323
0.05862484127283096
0.5690020322799683
0.7268886566162109
0.2195165753364563
0.308175265789032
0.36654359102249146
0.5608664155006409
-0.0497342124581337
0.5364595055580139
0.22382581233978271
0.5205163955688477
0.24329423904418945
0.17606288194656372
0.506796658039093
0.6151677370071411
0.7163837552070618
0.45723751187324524
0.38018783926963806
0.5467368960380554
0.19954589009284973
0.6827136874198914
0.6386215686798096
0.46435031294822693
0.48992010951042175
0.4909084141254425
0.1988159418106079
0.40769749879837036
0.07292899489402771
0.5024901032447815
0.5553309321403503
0.5244494676589966
0.1873193085193634
0.6256611943244934
0.21264046430587769
0.025897659361362457
0.06335221976041794
0.5983268022537231
0.6564021110534668
0.1910364329814911
0.3988727331161499
0.5222498178482056
0.47520163655281067
0.6380481123924255
0.5179955363273621
0.572327196598053
0.6341033577919006
0.3999972641468048
0.31003662943840027
0.747342050075531
0.19282910227775574
0.510736346244812
0.6453390121459961
0.5388420224189758
0.4330153167247772
0.5040849447250366
0.47244033217430115
0.579753577709198
0.4351062476634979
0.47636517882347107
0.4424750506877899
0.4719790518283844
0.349080353975296
0.4182089865207672
0.019327417016029358
0.48305878043174744
0.5081940293312073
0.18248510360717773
0.019708730280399323
0.4825878143310547
0.710456907749176
0.35117191076278687
0.5572256445884705
0.7443253397941589
0.44182777404785156
0.1049657091498375
0.42959165573120117
0.24310508370399475
0.42066678404808044
0.11064379662275314
0.20231640338897705
0.5086545944213867
0.4410163462162018
0.4904020428657532
0.38287922739982605
0.3565842807292938
0.2698329985141754
0.7107865214347839
0.5421532392501831
0.6345909833908081
0.08061598241329193
0.32810309529304504
0.033344998955726624
0.005905315279960632
0.054722949862480164
0.5155483484268188
0.5093422532081604
0.2293068766593933
0.3096661865711212
0.5730745792388916
0.21111026406288147
0.7064381837844849
0.2347869873046875
0.3984260857105255
0.013709031045436859
0.43534424901008606
0.10512077808380127
0.23157143592834473
0.07774138450622559
0.7082987427711487
0.0812292993068695
0.37358590960502625
0.16120409965515137
0.09951013326644897
0.3363763988018036
0.4039181172847748
0.6574026346206665
0.40461769700050354
0.2152404487133026
0.3933561146259308
0.24370130896568298
0.4635719954967499
0.44372960925102234
0.18196606636047363
0.16719838976860046
0.45881685614585876
0.3821198642253876
0.2747165560722351
0.7227882146835327
0.24177196621894836
0.300758957862854
0.4467962086200714
0.4675167500972748
0.6279952526092529
0.1661819964647293
0.4411405026912689
0.5466187000274658
0.3136567771434784
0.7558448910713196
0.566972553730011
0.4579187333583832
0.42235425114631653
0.30572178959846497
0.4088497459888458
0.393020898103714
0.5871571898460388
0.2747668921947479
0.3465375006198883
0.17054978013038635
0.5341364741325378
0.049913834780454636
0.44906777143478394
0.3479681611061096
0.268137663602829
-0.006264850497245789
0.5744611620903015
0.38146650791168213
0.314780592918396
0.16038355231285095
0.5029901266098022
0.4875403344631195
0.4853382408618927
0.48474571108818054
0.5182878375053406
0.5131452083587646
0.5582305192947388
0.3008449077606201
0.5101812481880188
0.16902869939804077
0.4328157603740692
-0.0003236308693885803
0.42142656445503235
0.7265973091125488
0.44073864817619324
0.591002345085144
0.6431207656860352
0.10863371938467026
0.4088265597820282
0.5406896471977234
0.09224122017621994
0.540215253829956
0.5162871479988098
0.5516991019248962
0.3645939528942108
0.3162415623664856
0.2837134003639221
0.5689208507537842
0.42016640305519104
0.6462950110435486
0.11175595223903656
0.40870073437690735
0.4652846157550812
0.6296453475952148
0.217380553483963
0.7338604927062988
0.4074426293373108
0.4271228611469269
0.47246208786964417
0.47609075903892517
0.05073942244052887
0.007976248860359192
0.27941909432411194
0.24716973304748535
0.36778122186660767
0.454851895570755
0.3795298635959625
0.3113096356391907
0.36142244935035706
0.3072837293148041
0.2853602170944214
0.31422901153564453
0.3796113431453705
0.3465118706226349
0.5306617617607117
0.025244981050491333
0.47141149640083313
0.5263566374778748
0.3108065128326416
0.6410564184188843
0.1652432084083557
0.7772928476333618
0.41700848937034607
0.21073755621910095
0.5230242013931274
0.4191669821739197
0.4561103582382202
0.17818698287010193
0.18263311684131622
0.42743390798568726
0.4219156801700592
0.07272325456142426
0.3563286364078522
0.424492746591568
0.5594709515571594
0.2993580102920532
0.6585585474967957
0.6318328976631165
0.24572354555130005
0.4082094430923462
0.44579315185546875
0.12198937684297562
0.4936813712120056
0.682934582233429
0.3548631966114044
0.40954211354255676
0.3427390158176422
0.3358064591884613
0.6336847543716431
0.6249328851699829
0.6429064273834229
0.06576429307460785
0.7227840423583984
0.49979379773139954
0.5224299430847168
0.4348523020744324
0.19624024629592896
0.09603948891162872
0.4392852187156677
0.1937703788280487
0.2899961471557617
0.36491456627845764
0.5356354713439941
0.5842863321304321
0.6629413366317749
0.2281470000743866
0.4709213078022003
0.36090901494026184
0.5448693633079529
0.36757245659828186
0.2454988956451416
0.3532746732234955
0.5960777997970581
0.28654152154922485
0.5842349529266357
0.2896595895290375
0.6292191743850708
0.6150048971176147
0.4168907701969147
0.24730417132377625
0.4058617055416107
0.07892698049545288
0.2947266399860382
0.09991960227489471
0.5058157444000244
0.30952319502830505
0.5514929294586182
0.3196800947189331
0.3703939616680145
0.4636367857456207
0.4153216481208801
0.43561676144599915
0.6107816696166992
0.05849190801382065
0.4735640287399292
0.5762256383895874
0.5712937116622925
0.5175984501838684
0.5521572232246399
0.23280847072601318
0.5806973576545715
0.4821614623069763
0.29040634632110596
0.2195824682712555
0.4915734827518463
0.23341292142868042
0.2130703628063202
0.07038185000419617
0.6153827905654907
0.41977477073669434
0.24324855208396912
0.08286607265472412
0.28632086515426636
0.5391842722892761
0.3141135275363922
0.3182750642299652
0.5165846943855286
0.4394504129886627
0.613640546798706
0.4092196524143219
0.3224651515483856
0.30629676580429077
0.39726412296295166
0.7589747905731201
0.47430941462516785
0.5908500552177429
0.04142487794160843
0.40134093165397644
0.47728148102760315
0.3565305173397064
0.6472340822219849
0.4312029182910919
0.14355714619159698
0.47825488448143005
0.4123248755931854
0.5521928668022156
0.14082667231559753
0.38385009765625
0.43523576855659485
0.45420578122138977
0.40616369247436523
0.48601076006889343
0.04314305633306503
0.2648751139640808
0.7144877910614014
0.1303701400756836
0.07738089561462402
0.4930013120174408
0.6361044645309448
0.7623010873794556
0.42621883749961853
0.44036468863487244
0.345070481300354
0.5206280946731567
0.029268302023410797
0.4347653388977051
0.42005035281181335
0.5709856748580933
0.1046229898929596
0.4207283556461334
0.334164559841156
0.39348819851875305
0.2834773659706116
0.06932882964611053
0.18113195896148682
0.5080007314682007
0.7219903469085693
0.5383858680725098
0.194366455078125
0.6040258407592773
0.016188859939575195
0.6211131811141968
0.3361455500125885
0.39748233556747437
0.19190427660942078
0.2915875017642975
0.3967680335044861
0.5506714582443237
0.37856119871139526
0.43866854906082153
0.5812349915504456
0.48675188422203064
0.6109766960144043
0.11978206038475037
0.45935288071632385
0.7237152457237244
0.5482677221298218
0.11462973058223724
0.40831199288368225
0.48053279519081116
0.06955759227275848
0.4189266860485077
0.4978752136230469
0.4103890061378479
0.23322659730911255
0.38089707493782043
0.1980287730693817
0.5318735241889954
0.05255284905433655
0.5685510635375977
0.5353246927261353
0.22018447518348694
0.32398101687431335
0.33880189061164856
0.6082929968833923
0.4789809286594391
0.5013719201087952
0.31104323267936707
0.38394004106521606
0.5354649424552917
0.42959412932395935
0.5226476788520813
0.2563735246658325
0.3359684646129608
0.6884878873825073
0.5464245080947876
0.4709302484989166
0.7107387781143188
0.38182738423347473
0.34582263231277466
0.15200012922286987
0.5061519742012024
0.4987391531467438
-0.00098448246717453
0.824047327041626
0.6203464269638062
0.42504650354385376
0.12387342005968094
0.790181040763855
0.2870367467403412
0.3218902349472046
0.14505240321159363
0.3976496458053589
0.30358439683914185
0.509484052658081
0.4084441363811493
0.38868704438209534
0.39232590794563293
0.3498817980289459
0.24795344471931458
0.01873251050710678
0.34212225675582886
0.6733173131942749
0.1844407320022583
0.6903782486915588
0.24795010685920715
0.11015143245458603
0.2986411154270172
0.4463771879673004
0.5166786313056946
0.061042238026857376
0.5430549383163452
0.10206865519285202
0.48888349533081055
0.3393658399581909
0.04039456695318222
0.3287106156349182
0.039771370589733124
0.6466994285583496
0.20650580525398254
0.6207036972045898
0.08878801763057709
0.10322747379541397
0.27426469326019287
-0.038734085857868195
0.13249611854553223
0.43582138419151306
0.4935327470302582
0.6407661437988281
0.14762109518051147
0.20420542359352112
0.30575376749038696
0.25954926013946533
0.5172996520996094
0.5717011094093323
0.6870496869087219
0.49851563572883606
0.0339847132563591
0.6055793762207031
0.5468817949295044
0.3249717652797699
0.4745499789714813
0.28590846061706543
0.4488615393638611
0.07435225695371628
0.28176823258399963
0.10499870777130127
0.19526204466819763
0.6810500621795654
0.07879459857940674
0.3638366460800171
0.2637549042701721
0.4639354646205902
0.7346532940864563
0.5862234830856323
0.2817133367061615
0.22556671500205994
0.5689138174057007
0.2340918481349945
0.36072102189064026
0.23682987689971924
0.3693424463272095
0.04896897077560425
0.406494677066803
0.3082192838191986
0.4159458577632904
0.22382864356040955
0.02252105623483658
0.6518274545669556
0.5181114077568054
0.560509979724884
0.4489024579524994
0.6313960552215576
0.6827732920646667
0.4118935167789459
0.29423490166664124
0.34857308864593506
0.12297601997852325
0.5293633937835693
0.4078828692436218
0.09065987914800644
0.052781760692596436
0.3599689304828644
0.3069673180580139
0.4098348021507263
0.42736169695854187
0.41574418544769287
0.6289408206939697
0.2916310429573059
0.563701331615448
0.5200220942497253
0.4222213923931122
0.2907487750053406
0.7041527032852173
0.25019532442092896
0.08455988764762878
0.3456037640571594
0.5005871653556824
0.42785054445266724
0.3902175724506378
0.09074505418539047
0.08286741375923157
0.43141400814056396
0.2660090923309326
0.029834717512130737
0.06570248305797577
0.31150415539741516
0.3367656171321869
0.3284526765346527
0.6086220741271973
0.40465158224105835
0.11929073184728622
0.42343494296073914
0.3700673282146454
0.13738378882408142
0.09322067350149155
0.6176635026931763
0.5474925637245178
0.47987961769104004
0.3926032483577728
0.44373616576194763
0.5739294290542603
0.41277164220809937
0.6985647678375244
0.4534449875354767
0.15598472952842712
0.3279782235622406
0.5673990249633789
0.5211215615272522
0.4045425057411194
0.3286881148815155
0.7177005410194397
0.454000324010849
0.5331962704658508
0.3937707245349884
0.32177531719207764
0.7491676807403564
0.3794873058795929
0.464061439037323
0.4126645624637604
0.35764938592910767
0.5852442979812622
0.3566022515296936
0.17928728461265564
0.3733806312084198
0.4084639847278595
0.5740563273429871
0.5163894295692444
0.19703269004821777
0.4831385910511017
0.5755796432495117
0.4961673617362976
0.056191906332969666
0.5531910061836243
0.19227498769760132
0.49934783577919006
0.3858671486377716
0.3334001898765564
0.3663266599178314
0.515998899936676
0.0668465718626976
0.3463072180747986
0.15437762439250946
0.2837633192539215
0.4280606210231781
0.46308621764183044
0.697141170501709
0.5828475952148438
0.4753354787826538
0.33043456077575684
0.4626137316226959
0.6207626461982727
0.5385990738868713
0.5706796646118164
0.6567690372467041
0.507779061794281
0.5744975209236145
0.5174270868301392
0.41037753224372864
0.43834057450294495
0.3948393762111664
0.08665318787097931
0.32884523272514343
0.2477683424949646
0.22859761118888855
0.38469770550727844
0.28385093808174133
0.5860077738761902
0.5073379874229431
0.13483059406280518
0.4752422869205475
0.4641471207141876
0.08580201119184494
0.06216129660606384
0.2798972427845001
0.34786155819892883
0.3727014362812042
0.5007123947143555
0.2231183648109436
0.046344608068466187
0.23858022689819336
0.3737102448940277
0.44306424260139465
0.5138480067253113
0.010476157069206238
-0.014644809067249298
0.5351021885871887
0.4147548973560333
0.4539540112018585
0.44740036129951477
0.4271312952041626
0.6469660997390747
0.4742334187030792
0.37829527258872986
0.6944442391395569
0.47627848386764526
0.5294495820999146
0.4208991825580597
0.5486925840377808
0.3921583592891693
0.238337904214859
0.4320468604564667
0.40486299991607666
0.3501962721347809
0.27350977063179016
0.5479141473770142
0.5696538686752319
0.369826078414917
0.32806095480918884
0.2049676775932312
0.5871189832687378
0.7752994894981384
0.6696341037750244
0.613663911819458
0.5557652711868286
0.5070854425430298
0.38977357745170593
0.47093603014945984
0.0744018629193306
0.31331804394721985
0.5163013339042664
0.5433047413825989
0.6382156610488892
0.44408532977104187
0.40647265315055847
0.6045517325401306
0.5283732414245605
0.28808414936065674
0.049951568245887756
0.3282651901245117
0.3918077051639557
0.6769858598709106
0.5559965372085571
0.39358004927635193
0.19469448924064636
0.09480591118335724
0.462911993265152
0.343587189912796
0.4967932403087616
0.3131624460220337
0.32698583602905273
0.6380144953727722
0.066372811794281
0.38015449047088623
0.5284671187400818
0.4314277768135071
0.378977507352829
0.06693719327449799
0.36492714285850525
0.40668192505836487
0.42639151215553284
0.6163191795349121
0.6706749200820923
0.37059247493743896
0.44682860374450684
0.4013972282409668
0.2840191423892975
0.35280582308769226
0.5077145099639893
0.7136352062225342
0.49571624398231506
0.6378802061080933
0.7308487892150879
0.13437393307685852
0.6099714636802673
0.38006171584129333
0.4907308518886566
0.6594123840332031
0.22923481464385986
0.3657592236995697
0.5236461758613586
0.47878292202949524
0.445319801568985
0.20966953039169312
0.5501992106437683
0.39968517422676086
0.008772321045398712
0.24387240409851074
0.5341222882270813
0.2707834243774414
0.42538779973983765
0.08780090510845184
0.4216485619544983
0.13078555464744568
0.6047050952911377
0.379059374332428
0.5306631326675415
-0.0021179690957069397
0.15802055597305298
0.2912566363811493
0.4765431880950928
0.4919208586215973
0.44272875785827637
0.4840916097164154
0.43444737792015076
0.6333128809928894
0.19023841619491577
0.45247313380241394
0.2504079043865204
0.39911219477653503
0.4429371953010559
0.5267520546913147
0.4441070854663849
0.02798619121313095
0.37265124917030334
0.1971350610256195
0.613672137260437
0.7154114246368408
0.5481348633766174
0.2269842028617859
0.20540353655815125
0.5056785941123962
0.049350254237651825
0.3670826256275177
0.5883132219314575
0.3200058043003082
0.18801909685134888
0.3731682598590851
0.2379346489906311
0.6149439215660095
0.15859878063201904
0.36690983176231384
0.5086469650268555
0.3888298273086548
0.5897873640060425
0.3297666013240814
0.5112326741218567
0.0630580484867096
0.4916917383670807
0.4262435734272003
0.5253496170043945
0.49398159980773926
0.2948478162288666
0.2265828251838684
0.4377126395702362
0.4261040985584259
0.6319334506988525
0.49521809816360474
0.40894636511802673
0.3270774781703949
0.3989454209804535
0.3518662750720978
0.34369751811027527
0.09105472266674042
0.5843986868858337
0.008235529065132141
0.3862210810184479
0.22462919354438782
0.13369455933570862
0.45152217149734497
0.10616879910230637
0.05994889885187149
0.6115671992301941
0.4396810829639435
0.5662111639976501
0.43701228499412537
0.6017405986785889
0.6290819048881531
0.4754693806171417
0.28470686078071594
0.5463746786117554
0.2574438452720642
0.5818777084350586
0.44394180178642273
0.29093092679977417
0.5509008169174194
0.5635446906089783
0.5144005417823792
0.4237399995326996
0.31298670172691345
0.5962623953819275
0.4986332356929779
0.14337027072906494
0.6033495664596558
0.2164691686630249
0.7100334167480469
0.424919992685318
0.535618782043457
0.3703502416610718
0.6074410080909729
0.5320124626159668
0.4001300632953644
0.7013192176818848
0.563811719417572
0.08768989145755768
0.4050182104110718
0.23086079955101013
0.5450021624565125
0.3972375690937042
0.5101204514503479
0.5476700663566589
0.7271880507469177
0.2340003252029419
0.5324862003326416
0.615513801574707
0.7189666032791138
0.635092556476593
0.48248764872550964
0.4031631648540497
0.5631362795829773
0.045124828815460205
0.4015732705593109
0.4520716369152069
0.38349539041519165
0.30625584721565247
0.5748131275177002
0.0479494109749794
0.30383774638175964
0.26051461696624756
-0.006232462823390961
0.17121067643165588
0.5295305252075195
0.31909263134002686
0.7465741634368896
0.17582598328590393
0.4912504255771637
0.6076687574386597
0.5881465673446655
0.022065043449401855
0.6127890348434448
0.34997671842575073
0.20990800857543945
0.04804346710443497
0.2822110652923584
0.15871408581733704
0.1824677288532257
0.48138007521629333
0.34912893176078796
0.4732973277568817
0.254644513130188
0.4677278995513916
0.4287848174571991
0.3640368580818176
0.2652318477630615
0.4437994658946991
0.3968757092952728
0.754749059677124
0.5563817620277405
0.46975740790367126
0.4198593199253082
0.6022886037826538
0.6592264175415039
0.45123860239982605
0.46491947770118713
0.47518473863601685
0.3865269124507904
0.21558097004890442
0.7072756290435791
0.012220337986946106
0.4112700819969177
0.3168522119522095
0.2702379822731018
0.43472930788993835
0.5152121782302856
0.2696407437324524
0.46684059500694275
0.14391887187957764
0.18833905458450317
0.202882319688797
0.4907425045967102
0.6853150725364685
0.37210944294929504
0.6621747016906738
0.22540000081062317
0.24465996026992798
0.47731849551200867
0.3806407153606415
0.5037038326263428
0.48833590745925903
-0.004118569195270538
0.2626343369483948
0.642121434211731
0.6688451766967773
0.6316970586776733
0.13897743821144104
0.41237184405326843
0.48455825448036194
0.13575753569602966
0.32560995221138
0.46587154269218445
0.5737987756729126
0.4556982219219208
0.31769922375679016
0.3149389624595642
0.16307464241981506
0.38927727937698364
0.636802077293396
0.5273798108100891
0.547132670879364
0.4142313301563263
0.48982593417167664
0.449171245098114
0.5271629691123962
0.2053804099559784
0.5449767708778381
0.3958278298377991
0.6025224924087524
0.12554235756397247
0.3400849401950836
0.535155713558197
0.40610456466674805
0.2155608832836151
0.3325919806957245
0.38997480273246765
0.5177956819534302
0.6163444519042969
0.5990150570869446
0.19584456086158752
0.386597216129303
0.06512346118688583
0.6209083199501038
0.3211810290813446
0.5426502823829651
0.46489736437797546
0.3506986200809479
0.2686401307582855
0.40540358424186707
0.4367119073867798
0.5563405752182007
0.5336335897445679
0.5923417806625366
0.11251166462898254
0.3807101249694824
0.4042813181877136
0.38667672872543335
0.26592227816581726
0.12870895862579346
0.2143157720565796
0.22001001238822937
0.5776811838150024
0.3701918125152588
0.4100203812122345
0.4788227379322052
0.7245944738388062
0.487300306558609
0.21871504187583923
0.40551435947418213
0.45262739062309265
0.22495120763778687
0.25217103958129883
0.48573037981987
0.5034984350204468
0.6850358843803406
0.6021708250045776
0.5339633822441101
0.19933703541755676
0.02655034512281418
0.42431989312171936
0.4764377474784851
0.16739848256111145
0.3773326575756073
0.32854893803596497
0.13419243693351746
0.2721555829048157
0.5853555202484131
0.6575920581817627
0.6160228848457336
0.4062179625034332
0.4746289551258087
0.228021502494812
0.5334638953208923
0.39357972145080566
0.6219300627708435
0.4945201873779297
0.6300839185714722
0.11971487104892731
0.5170860886573792
0.4610045850276947
0.21746379137039185
0.2928738594055176
0.604426920413971
-0.024508513510227203
0.3089601397514343
0.4908889830112457
0.5442633628845215
0.6163593530654907
0.6125235557556152
0.7216476798057556
0.5079955458641052
0.32090067863464355
0.4577324390411377
0.6533563137054443
0.4286046624183655
0.043203018605709076
0.6381218433380127
0.5274993181228638
0.2862623631954193
0.31189432740211487
0.3955943286418915
0.3787427246570587
0.34618517756462097
0.11957751214504242
0.4136603772640228
0.2730546295642853
-0.014630600810050964
0.4215591847896576
0.6278026700019836
0.6312447786331177
0.5937930345535278
0.49081650376319885
0.31246063113212585
0.17756223678588867
0.45710572600364685
0.2313104271888733
0.7015647292137146
0.582840085029602
0.2280987799167633
0.46253740787506104
0.3653828203678131
0.3837909996509552
0.3796207010746002
0.5727531909942627
0.5715734958648682
0.18178728222846985
0.5304699540138245
0.25806480646133423
0.3447047173976898
0.21610188484191895
0.6208367347717285
0.028855323791503906
0.34790346026420593
0.5581048130989075
0.4266163408756256
0.5856541395187378
0.2912341058254242
0.5716208219528198
0.5807820558547974
0.4076349139213562
0.13886703550815582
0.029247939586639404
0.25068920850753784
0.5689154267311096
0.524368166923523
0.7051951289176941
0.609222412109375
0.250929594039917
0.4764077067375183
0.5284897685050964
0.6539933085441589
0.4601823091506958
0.4606001079082489
0.3931606709957123
0.04429604858160019
0.2724827527999878
0.46312907338142395
0.39181965589523315
0.6275348663330078
0.6167434453964233
0.24909740686416626
0.414320170879364
0.7377936244010925
0.24986690282821655
0.3310832381248474
0.4732596278190613
0.06265950202941895
0.3556370139122009
0.6158912181854248
0.10019534826278687
0.6601868867874146
-0.029237650334835052
0.2975894808769226
0.2886061668395996
0.6827349662780762
0.5436145663261414
0.670029878616333
0.22564947605133057
0.3419487178325653
0.45479264855384827
0.5718715190887451
0.4712632894515991
0.12390422821044922
0.6091221570968628
0.27000802755355835
0.4112356901168823
0.5806747078895569
0.19119924306869507
0.42834556102752686
0.12661278247833252
0.6076241731643677
0.7140055298805237
0.5429737567901611
0.41999551653862
0.5838395357131958
0.6828856468200684
-0.02992161363363266
0.5459045171737671
0.6171276569366455
0.5607691407203674
0.2969183921813965
0.7474106550216675
0.21138662099838257
0.25360503792762756
0.6825006008148193
0.24952268600463867
0.4630132019519806
0.4505310654640198
0.25651395320892334
0.24116986989974976
0.656711220741272
0.3693331778049469
0.707531750202179
0.4160826504230499
0.4190439283847809
0.34509775042533875
0.37826529145240784
0.4587719142436981
0.5861856937408447
0.4931999146938324
0.1460723876953125
0.2444130778312683
0.4851554036140442
0.5699195861816406
0.09493544697761536
0.5623389482498169
0.5541268587112427
0.5898639559745789
0.1501350998878479
0.5837265253067017
0.17459136247634888
0.3736765682697296
0.5855112075805664
0.5381473898887634
0.43951162695884705
0.6270015239715576
0.6010003685951233
0.09207005798816681
0.5005309581756592
0.5479466915130615
0.4889465272426605
0.2615305483341217
0.49718746542930603
0.6456708908081055
0.7380216717720032
0.27088662981987
0.49531790614128113
0.35840466618537903
0.40664777159690857
0.5920544862747192
0.6433773040771484
0.35952460765838623
0.48486870527267456
0.6637825965881348
0.31549641489982605
0.6843408346176147
0.6723521947860718
0.3422291576862335
0.4419921934604645
0.29343053698539734
0.2838917076587677
0.6733580827713013
0.48926636576652527
0.44188785552978516
0.4934551417827606
0.47229769825935364
0.566068172454834
0.47299835085868835
0.21451103687286377
0.051607415080070496
0.1939067542552948
0.5182458162307739
0.28923308849334717
-0.0014938488602638245
0.5754328966140747
0.3573756814002991
0.6504287719726562
0.547883927822113
0.15121090412139893
0.5411788821220398
0.3757781386375427
0.6690549850463867
0.6676331162452698
0.3948148190975189
0.5518876314163208
0.5081814527511597
0.28540363907814026
0.19424322247505188
0.650718092918396
0.3984729051589966
0.30505889654159546
0.42554304003715515
0.5087536573410034
0.565281093120575
0.15447935461997986
0.4470980763435364
0.15021878480911255
0.33221593499183655
0.23698556423187256
0.6235897541046143
0.13014210760593414
0.4443672299385071
0.12992866337299347
0.37784871459007263
0.32481682300567627
-0.04351251572370529
0.36346110701560974
0.26669496297836304
0.5024201273918152
0.6333447694778442
0.3428429067134857
0.42276638746261597
0.29526081681251526
0.6693778038024902
0.31768473982810974
0.15468889474868774
0.4611324071884155
0.0030821412801742554
0.11644045263528824
0.6991111040115356
0.3359355926513672
0.27572107315063477
0.5238236784934998
0.4092596471309662
0.08158800005912781
0.46146783232688904
0.5290294885635376
0.27671217918395996
0.17644023895263672
0.4555673599243164
0.07938641309738159
0.3177535831928253
0.5755611658096313
0.01985418051481247
0.1536097228527069
0.47503796219825745
0.32364776730537415
0.5922703742980957
0.6964535713195801
0.5294249057769775
0.41325461864471436
0.3688598573207855
0.5951653718948364
0.7807155847549438
0.4455864131450653
0.06303554028272629
0.41009488701820374
0.05449165403842926
0.7195903062820435
0.430252343416214
0.3806970417499542
0.48648032546043396
0.41663214564323425
0.6678136587142944
0.25546208024024963
0.5838611125946045
0.3940211832523346
0.5376431345939636
0.24143776297569275
-0.003100372850894928
0.5863010883331299
0.46486610174179077
0.1704641878604889
0.5063996911048889
0.5698633193969727
0.6236494183540344
0.38535651564598083
0.27131974697113037
0.5531625151634216
0.47214314341545105
0.24325188994407654
0.39091813564300537
0.32930639386177063
0.27128198742866516
0.42520084977149963
0.28961044549942017
0.3990797698497772
0.3677973449230194
0.6105819940567017
0.5460518002510071
0.4139242470264435
0.4610495865345001
0.07956790179014206
0.6347112655639648
0.45389989018440247
0.5871156454086304
0.08791092038154602
0.5900309085845947
0.34683290123939514
0.37736934423446655
0.31800904870033264
0.2570151090621948
0.5173639059066772
0.4527730941772461
0.41428342461586
0.48402920365333557
0.6530207991600037
0.06079655885696411
0.2069966197013855
0.41601821780204773
0.1520509123802185
0.39378622174263
0.4110998809337616
0.4248323440551758
0.6696078181266785
0.5137135982513428
0.3638799488544464
0.13901716470718384
0.21259436011314392
0.527388334274292
0.399385005235672
0.30363720655441284
0.4072578549385071
0.4330981373786926
0.5396952629089355
0.006717205047607422
0.2553142011165619
0.4185766577720642
0.2109125256538391
0.6662903428077698
0.30979403853416443
0.6951240301132202
0.5157026052474976
0.6825215816497803
0.5808994770050049
0.38315773010253906
0.699773907661438
0.050859417766332626
0.4156132638454437
0.6725636124610901
0.4574960768222809
0.3184761703014374
0.24022644758224487
0.11991485953330994
0.49243128299713135
0.0853794738650322
0.5640512108802795
0.25278162956237793
0.4648420214653015
0.45208409428596497
0.175153911113739
0.23350781202316284
0.321624219417572
0.5264467597007751
0.2018408179283142
0.3939160704612732
0.44169291853904724
0.4847593605518341
0.45476624369621277
0.47723710536956787
0.5855920314788818
0.18786530196666718
0.34141504764556885
0.40583524107933044
0.6152700781822205
0.5874179601669312
0.2918719947338104
0.5013015866279602
0.13766825199127197
0.2734324336051941
0.425677627325058
0.4957333505153656
0.6229565739631653
0.5460192561149597
0.4308195412158966
0.12141720950603485
0.6557238101959229
0.5410743355751038
0.13226181268692017
0.05957082659006119
0.4856105446815491
0.16583123803138733
0.31789693236351013
0.5190085768699646
0.26949602365493774
0.5348586440086365
0.7749998569488525
0.522255539894104
0.17686235904693604
0.45709916949272156
0.5163324475288391
0.494488388299942
0.07398821413516998
0.43986716866493225
0.2797706425189972
0.5637744069099426
0.19032034277915955
0.5721821784973145
0.7091429233551025
0.4763045907020569
0.5318668484687805
0.38459721207618713
0.36007383465766907
0.3982709050178528
0.09308058023452759
0.0784514993429184
0.3715845048427582
0.27132612466812134
0.32421985268592834
0.33831000328063965
0.6735028028488159
0.6877286434173584
0.4918721616268158
0.4258667826652527
0.48173293471336365
0.14340448379516602
0.4863894581794739
0.08009957522153854
0.2807510197162628
0.47738879919052124
0.38891521096229553
-0.027728475630283356
0.5946274399757385
0.3106074333190918
0.24890252947807312
0.5466198325157166
0.5922533273696899
0.4461086392402649
0.516596794128418
0.321585476398468
0.3302288353443146
0.03865806758403778
0.07776635140180588
0.4071391522884369
0.5536953210830688
0.4923061430454254
0.3900777995586395
0.4091431200504303
0.25728049874305725
0.6746554374694824
0.4783254861831665
0.5031744837760925
0.5612440705299377
0.5086026787757874
0.4332912862300873
0.39212265610694885
0.5975619554519653
0.4904814660549164
0.1778118908405304
0.2654678225517273
0.20401304960250854
0.10912488400936127
0.3163737654685974
0.6340361833572388
0.21025437116622925
0.00431649386882782
0.26960238814353943
0.07594962418079376
0.2474643886089325
0.4234495460987091
0.6810781359672546
0.4379754364490509
0.5502874255180359
-0.008579343557357788
0.2714826762676239
0.26592153310775757
0.723750650882721
0.29213282465934753
0.32494327425956726
0.28043708205223083
0.3114466667175293
0.4241066873073578
0.41057249903678894
0.3719154894351959
0.6418535113334656
0.35012367367744446
0.5091588497161865
0.36288824677467346
0.45071282982826233
0.5818438529968262
0.2265687882900238
0.5172373652458191
0.7195701003074646
0.3427084684371948
0.2826497256755829
0.3304339051246643
0.6006953120231628
0.683154821395874
0.5870057344436646
0.2467372715473175
0.46300628781318665
0.5776622295379639
0.2803429365158081
0.6483256816864014
0.4434404671192169
0.5911781787872314
0.2068212330341339
0.2794576585292816
0.20424121618270874
0.3774535357952118
0.3546997904777527
0.46462953090667725
0.3558967113494873
0.349385529756546
0.3701939284801483
0.22095537185668945
0.5123335719108582
0.25984662771224976
0.4745338559150696
0.3266814947128296
0.499985009431839
0.06622314453125
0.3253439962863922
0.5179398059844971
0.045197442173957825
0.49773895740509033
0.5943822860717773
0.5663812160491943
0.45621517300605774
0.4939092993736267
0.4678780734539032
0.2390305995941162
0.5596040487289429
0.4305177628993988
0.22882705926895142
0.17846891283988953
0.27692487835884094
0.33994901180267334
0.1509113311767578
0.5206851959228516
0.5605107545852661
0.27123022079467773
0.5463247299194336
0.4383877217769623
0.4483000934123993
0.02199014276266098
0.6621166467666626
0.20555001497268677
0.4376528561115265
0.6717455387115479
0.261088103055954
0.4317062795162201
0.40511244535446167
0.5493553280830383
0.4545782506465912
0.5092000365257263
0.7400315999984741
0.3169277310371399
0.6206498146057129
0.031355105340480804
0.34160783886909485
0.498108834028244
0.5745136141777039
0.42612624168395996
0.1759490668773651
0.06626293063163757
0.7086004018783569
0.46787595748901367
0.42950478196144104
0.31551438570022583
0.5280231237411499
0.17929388582706451
0.5676781535148621
0.5962096452713013
0.18209201097488403
0.5940832495689392
0.4917590916156769
0.26654383540153503
0.14039373397827148
0.03615773469209671
0.7027224898338318
0.39907336235046387
0.49459099769592285
0.04280655086040497
0.1912398636341095
0.40342849493026733
0.39429008960723877
0.18803814053535461
0.4067305624485016
0.29801756143569946
0.2785060405731201
0.2841825783252716
0.3590475618839264
0.4096897542476654
0.5599666833877563
0.07391341030597687
0.07913225889205933
0.08423858135938644
0.3622186481952667
0.25813695788383484
0.24209225177764893
0.5098732113838196
0.04133262485265732
0.21151486039161682
0.36379632353782654
0.5831420421600342
0.5583621859550476
0.5192223191261292
0.17675113677978516
0.3321076035499573
0.5349670052528381
0.5275726914405823
0.07146117836236954
0.26422232389450073
0.6364223957061768
0.5345789790153503
0.5607261061668396
0.263249009847641
0.30174577236175537
0.24092289805412292
0.33620765805244446
0.5092632174491882
0.11379024386405945
0.3786318004131317
0.6242753267288208
0.3857361674308777
0.0383988693356514
0.5052163600921631
0.46413859724998474
0.4628063142299652
0.4860556125640869
0.4244823157787323
0.342669814825058
0.3294505774974823
0.5278019309043884
0.39903023838996887
0.4987808167934418
0.40462779998779297
0.5446826219558716
0.2787972688674927
0.5053999423980713
0.39559343457221985
0.4022882580757141
0.27078232169151306
0.5072764158248901
0.13390526175498962
0.4341928958892822
0.42780959606170654
0.5988122224807739
0.7102450132369995
0.1500922441482544
0.4081232249736786
0.4498170018196106
0.6461368799209595
0.18050415813922882
0.3414744436740875
0.20414456725120544
0.5584965944290161
0.5023524761199951
0.3848060965538025
0.4435964822769165
0.4312165379524231
0.6203246116638184
0.3275304436683655
0.4846985638141632
0.4371771216392517
0.10741785913705826
0.252190500497818
0.2712528109550476
0.10590995848178864
0.1790492832660675
0.43772032856941223
0.4782150983810425
0.26687318086624146
0.2393721044063568
0.513927161693573
0.6787731647491455
0.2444162368774414
0.34458544850349426
0.3332436978816986
0.44577452540397644
0.6354923844337463
0.26126471161842346
0.3643965423107147
0.6162348985671997
0.3781982362270355
0.5047544836997986
0.1731996238231659
0.10632821917533875
0.040241681039333344
0.4781932532787323
0.40313348174095154
0.6214689016342163
0.5521057844161987
0.06166011840105057
0.4117298722267151
0.42201289534568787
0.33483177423477173
0.43454185128211975
0.20486530661582947
0.22822105884552002
0.0799558013677597
0.4524063766002655
0.17673087120056152
0.24760863184928894
0.32061150670051575
0.6951349973678589
0.39824581146240234
0.4489564001560211
0.3909522593021393
0.449972003698349
0.6543668508529663
0.48678869009017944
0.2531963884830475
0.48033004999160767
0.4133036136627197
0.41407325863838196
0.6537154316902161
0.23788702487945557
0.3670661151409149
0.5866686105728149
0.11317425221204758
0.4751834571361542
0.26765602827072144
0.31372958421707153
0.26657673716545105
0.4782513380050659
0.23858463764190674
0.4957861006259918
0.5707634091377258
0.4836386740207672
0.70054030418396
0.5377527475357056
0.26518797874450684
0.4384884536266327
0.49828532338142395
0.5494583249092102
0.5559308528900146
0.2753140330314636
0.15542027354240417
0.2251448631286621
0.25194406509399414
0.4352475106716156
0.4873604476451874
0.43167173862457275
0.4004932940006256
0.2801603078842163
0.056565627455711365
0.6536428332328796
0.09818577766418457
0.47002163529396057
0.23288285732269287
0.185775026679039
0.3373708426952362
0.10147985816001892
0.13950017094612122
0.5760664939880371
0.3712747395038605
0.43832001090049744
0.5290926098823547
0.48968812823295593
0.42784589529037476
0.09238791465759277
0.531618058681488
0.2022402584552765
0.42852330207824707
0.5106967091560364
0.05890505760908127
0.33453869819641113
0.26504161953926086
0.3760620653629303
0.7068085670471191
0.5603005290031433
0.4664047062397003
0.4837290346622467
0.37812864780426025
0.2945690155029297
0.21511057019233704
0.242990642786026
0.21281448006629944
0.386025995016098
0.5872969627380371
0.48321303725242615
0.5675431489944458
0.3373173177242279
0.05804622173309326
0.35825493931770325
-3.0405819416046143e-05
0.6045677661895752
0.18521776795387268
0.36612436175346375
0.3994640111923218
0.4988846778869629
0.3360047936439514
0.2295854091644287
0.4035783112049103
0.3629837930202484
0.3756749629974365
0.6978585124015808
0.5333659052848816
0.4933462142944336
0.10035591572523117
0.444325715303421
0.5414819717407227
0.35980603098869324
0.21245822310447693
0.5828717350959778
0.19195404648780823
0.4912296235561371
0.2148251235485077
0.13877230882644653
0.19943752884864807
0.4089006185531616
0.509642481803894
0.5569741129875183
0.5146424770355225
0.29030686616897583
0.2855200469493866
0.2629649043083191
0.5240901708602905
0.5760913491249084
0.273379921913147
0.3881658911705017
0.13494190573692322
0.21680697798728943
0.1572638601064682
0.37053182721138
0.5202779769897461
0.5049676895141602
0.5127289891242981
0.4997252821922302
0.31536880135536194
0.5282173752784729
0.6110870242118835
0.6158713698387146
0.5984453558921814
0.4461534917354584
0.46263793110847473
0.6249357461929321
0.32122352719306946
0.40339335799217224
0.0775677040219307
0.4102288484573364
0.24843111634254456
0.14351797103881836
0.40347763895988464
0.5375655293464661
0.43260565400123596
0.2251172661781311
0.38520094752311707
0.19411027431488037
0.6507072448730469
0.664796769618988
0.3482899069786072
0.5090922713279724
0.6130834221839905
0.37866535782814026
0.5286868214607239
0.13996261358261108
0.40860655903816223
0.345651239156723
0.6015262007713318
0.5268824696540833
0.27932965755462646
0.4966605305671692
0.15499070286750793
0.45471498370170593
0.4518177807331085
0.1567598283290863
0.3706624209880829
0.5237731337547302
0.13623717427253723
0.656442403793335
0.5044835209846497
0.39449581503868103
0.44269078969955444
0.05219428986310959
0.4211611747741699
0.48158523440361023
0.4441530406475067
0.36249589920043945
0.37898167967796326
0.485392302274704
0.2923831343650818
0.3409099876880646
0.22534647583961487
0.1660836637020111
-0.013223111629486084
0.4522685706615448
0.3544842004776001
0.4582536816596985
0.3875463306903839
0.19888901710510254
0.6180155873298645
0.1447882354259491
0.12920671701431274
0.4565489590167999
0.3780246675014496
0.2526737153530121
0.484883189201355
0.17266610264778137
0.1624896228313446
0.7040745615959167
0.22167247533798218
0.35021522641181946
0.6464563012123108
0.5484935641288757
0.664620041847229
0.06145714968442917
0.5610954165458679
0.1492900252342224
0.18261048197746277
0.014466308057308197
0.22455132007598877
0.157390296459198
0.04302408918738365
0.33289262652397156
0.39965835213661194
0.1348814070224762
0.4864117205142975
0.6557826399803162
0.5259615778923035
0.29341039061546326
0.36259329319000244
0.5146107077598572
0.17211276292800903
0.3767339885234833
0.734690248966217
0.5456138849258423
0.6504060626029968
0.47771039605140686
0.018540620803833008
0.23371148109436035
0.5204287171363831
0.3397315740585327
0.014404445886611938
0.588859498500824
0.24567466974258423
0.46602195501327515
0.44876977801322937
0.39365479350090027
0.6876704096794128
0.48393508791923523
0.3658563196659088
0.41486307978630066
0.2555238902568817
0.42855191230773926
0.32121968269348145
0.5462890863418579
0.3303411602973938
0.12246286123991013
0.11554087698459625
0.36284756660461426
0.3764065206050873
0.1411956250667572
0.524109959602356
0.421430379152298
0.4046340882778168
0.2912484407424927
0.46723631024360657
0.6712957620620728
0.5625762939453125
0.4484599232673645
0.3851352632045746
0.3012777864933014
0.08821815252304077
0.6194467544555664
0.4433140158653259
0.22680464386940002
0.200443297624588
0.1380593329668045
0.6427233219146729
0.369328111410141
0.33987972140312195
0.4130648076534271
0.6075565814971924
0.15660890936851501
0.4964400827884674
0.584166407585144
0.4120113253593445
0.31237679719924927
0.2509709894657135
0.5356737375259399
0.5241670608520508
0.17739838361740112
0.3342427909374237
0.38989123702049255
0.43693599104881287
0.4743712842464447
0.5547457933425903
0.4733765423297882
0.3454236686229706
0.45482081174850464
0.5906093120574951
0.37439092993736267
0.2966071665287018
0.0907800942659378
0.30354487895965576
0.4574029743671417
0.561651349067688
0.28115662932395935
0.5082341432571411
0.4298247992992401
0.35486218333244324
0.3268619477748871
0.3714029788970947
0.02392534911632538
0.40679022669792175
0.4758400619029999
0.40453454852104187
0.6779196858406067
0.6163644790649414
0.2901991605758667
0.325257271528244
0.5078710913658142
0.23796212673187256
0.6791632175445557
0.5167858004570007
0.409510999917984
0.6004125475883484
0.05091371387243271
0.18157842755317688
0.40986183285713196
0.401591032743454
0.7232521772384644
0.21548610925674438
0.48330461978912354
0.010145671665668488
0.124222531914711
0.6717284917831421
0.19652360677719116
0.03335554152727127
0.2598869204521179
0.37838301062583923
0.09261921048164368
0.5028952956199646
0.4641711413860321
0.1829843819141388
0.5180791616439819
0.4721640944480896
0.1740281581878662
0.20346945524215698
0.5867094397544861
0.4093112647533417
0.6027848720550537
0.3702656626701355
0.45774418115615845
0.38165706396102905
0.3319726288318634
0.3809829652309418
0.3207189440727234
0.17207875847816467
0.03337811678647995
0.5200560688972473
0.4136867821216583
0.48435476422309875
0.4366095960140228
0.4589569866657257
0.2857820987701416
0.5114230513572693
0.17112095654010773
0.4438405930995941
0.46548137068748474
0.44190850853919983
0.6500061750411987
0.14699651300907135
0.415818452835083
0.4573212265968323
0.36205369234085083
0.40250900387763977
0.6117657423019409
0.3653917610645294
0.20845723152160645
0.43535229563713074
0.3429926633834839
0.2224975824356079
0.6488888263702393
0.3921222984790802
0.7023154497146606
0.6851457953453064
0.25346890091896057
0.5561398267745972
0.267113596200943
0.32997897267341614
0.35608401894569397
0.700692892074585
0.17415428161621094
0.4970436990261078
0.40383169054985046
0.2187899649143219
0.5091819167137146
0.403832346200943
0.46227791905403137
0.33289504051208496
0.03173740208148956
0.4563176929950714
0.4682908356189728
0.5160214900970459
0.584596574306488
0.7970032095909119
0.21628904342651367
0.3129293918609619
0.4167608320713043
0.23425966501235962
0.5079700350761414
0.013568021357059479
0.4118852913379669
0.02703128755092621
0.32739052176475525
0.5939269065856934
0.5017789602279663
0.3037550747394562
0.06539390236139297
0.4156452715396881
0.41839590668678284
0.3420645296573639
0.42072513699531555
0.39794066548347473
0.432557076215744
0.43033793568611145
0.1950577199459076
0.4793912470340729
0.22787848114967346
0.5405270457267761
0.3702218234539032
-0.020858891308307648
0.6451398134231567
0.7544717788696289
0.5371952056884766
0.673398494720459
0.3031737208366394
0.5667369961738586
0.11214187741279602
0.48186156153678894
0.5588604211807251
0.6164002418518066
0.09415625035762787
0.41823312640190125
0.4640147089958191
0.21517330408096313
0.516046404838562
0.729882001876831
0.23415905237197876
0.4411129653453827
0.17849159240722656
0.05872155725955963
0.4761895537376404
0.4903905987739563
0.2794172465801239
0.4706976115703583
0.3226536810398102
0.33708426356315613
0.7025831341743469
0.12970726191997528
0.13707706332206726
0.6714127063751221
0.5902723670005798
0.19137591123580933
0.4773375689983368
0.33829861879348755
0.22701206803321838
0.4353370666503906
0.44915053248405457
0.43927380442619324
0.13251084089279175
0.33717697858810425
0.47792088985443115
0.44844549894332886
0.21548664569854736
0.16269412636756897
0.6084834933280945
0.4299541413784027
0.48622652888298035
0.3414240777492523
0.2798900604248047
0.6323842406272888
0.5365307331085205
0.13408637046813965
0.6411706209182739
0.7103666663169861
0.5361860990524292
0.4043482542037964
0.30461016297340393
0.34621989727020264
0.6250787973403931
0.28849807381629944
0.16954049468040466
0.45300060510635376
0.4088568091392517
0.5445850491523743
0.21816414594650269
0.5204222798347473
0.394179105758667
0.3357818126678467
0.3186943233013153
0.27719250321388245
0.25229591131210327
0.08998987078666687
0.6474541425704956
0.5934927463531494
0.5364571213722229
0.5689076781272888
0.46401694416999817
0.5457931160926819
0.3729580342769623
0.699492871761322
0.10519251227378845
0.6223146915435791
-0.0355958417057991
0.7316149473190308
0.14456599950790405
0.2622280418872833
0.21279877424240112
0.29263344407081604
0.3774264454841614
0.6113835573196411
0.599901020526886
0.3796766996383667
0.6750792264938354
0.3217851519584656
0.5415289402008057
0.49387267231941223
0.19475653767585754
0.5304633378982544
0.314778596162796
0.696370542049408
0.25116366147994995
0.4407663643360138
0.6644715070724487
0.508695662021637
0.2706538140773773
0.4869919419288635
0.444029837846756
0.5141282677650452
0.3723192512989044
0.7186052799224854
0.5030674338340759
0.24339702725410461
0.5172781944274902
0.28748565912246704
0.4052571952342987
0.6726213693618774
0.05945708602666855
0.3668082058429718
0.2977422773838043
0.11482525616884232
0.2512776255607605
0.4065311849117279
0.24100026488304138
0.3574952483177185
0.3507697880268097
0.47056591510772705
0.054813094437122345
0.6143977642059326
0.407095730304718
0.42527297139167786
-0.004329785704612732
0.18994572758674622
0.5265789031982422
0.645697832107544
0.35995015501976013
0.11258762329816818
0.6183295249938965
0.3874565362930298
0.08793650567531586
0.36282840371131897
0.45424172282218933
0.6314756870269775
0.5428395867347717
0.13105955719947815
0.22897502779960632
0.5616870522499084
0.13559143245220184
0.41365543007850647
0.44249287247657776
0.07176381349563599
0.22247913479804993
0.6413578987121582
0.47113198041915894
0.525621235370636
0.15951916575431824
0.36254432797431946
0.33771154284477234
0.5393542647361755
0.5020470023155212
0.5618217587471008
0.4439508020877838
0.5934096574783325
0.28942781686782837
0.3941669166088104
0.07583749294281006
0.19850510358810425
0.293844997882843
0.3303081691265106
0.13111278414726257
0.3997546136379242
0.027457013726234436
0.3384268581867218
0.5707532167434692
0.22493389248847961
0.46436890959739685
0.5039974451065063
0.3694625198841095
0.4551960527896881
0.3624136745929718
0.538520097732544
0.36587759852409363
0.35392218828201294
0.07633908092975616
0.37658530473709106
0.2064216136932373
0.5636298656463623
0.41649532318115234
0.28697630763053894
0.2724881172180176
0.06485369801521301
0.3770674467086792
0.5732179880142212
0.3491653800010681
0.3497116267681122
0.5171166658401489
0.5682902336120605
0.2808126211166382
0.2937341332435608
0.5080758929252625
0.6003888845443726
0.052867285907268524
0.11408229172229767
0.10781050473451614
0.48218050599098206
0.5095930099487305
0.02906247228384018
-0.01305379718542099
0.4874393343925476
0.5757172107696533
0.4154982566833496
0.43088027834892273
0.5491586327552795
0.672855019569397
0.352987140417099
0.4813024699687958
0.26375484466552734
0.4653148949146271
0.5165757536888123
0.19233077764511108
0.37777456641197205
0.465691477060318
0.4229704439640045
0.20081040263175964
0.08590280264616013
0.8132792711257935
0.4524926245212555
0.13237294554710388
0.44083917140960693
0.5283908843994141
0.5592695474624634
0.330462783575058
0.1364726424217224
0.6199657917022705
0.37308740615844727
0.216587096452713
0.381797194480896
0.22655749320983887
0.38957473635673523
0.5817540884017944
0.7072718143463135
0.38762423396110535
0.22602295875549316
0.20405098795890808
0.29625338315963745
0.49607640504837036
0.46450042724609375
0.5363550186157227
0.22434648871421814
0.042658284306526184
0.5763579607009888
0.5587573051452637
0.36407527327537537
0.44967541098594666
0.054255399852991104
0.4218912422657013
0.6648423075675964
0.5122730135917664
0.24040034413337708
0.42791131138801575
0.4032458961009979
0.4875074625015259
0.3583938181400299
0.3240572512149811
0.14354807138442993
0.2426593005657196
0.10278436541557312
0.25692304968833923
0.16540929675102234
0.3344671428203583
0.5523656010627747
0.2704782485961914
0.7017030715942383
0.2717180550098419
0.5117865204811096
0.5904532074928284
0.23148879408836365
0.17839866876602173
0.46544328331947327
0.5342836380004883
0.33382073044776917
0.5133331418037415
0.4247403144836426
0.36737069487571716
0.45391303300857544
0.5841864347457886
0.37229999899864197
0.543880045413971
0.2078569531440735
0.37296268343925476
0.47341635823249817
0.42374274134635925
0.433273047208786
0.6708825826644897
0.4824790358543396
0.4003402292728424
0.23632308840751648
0.3105062246322632
0.5204641222953796
0.6606215238571167
0.20172452926635742
0.29822975397109985
0.29813843965530396
0.3978637158870697
-0.009928308427333832
0.17517107725143433
0.05473057180643082
0.3564104735851288
0.17232581973075867
0.3378795385360718
0.7027350664138794
0.7053883671760559
0.33314523100852966
0.3613329231739044
0.5779911279678345
0.6251688003540039
0.3468811810016632
0.18122689425945282
0.06673859059810638
0.2979314625263214
0.2293928861618042
0.08517821878194809
0.2568807899951935
0.36548498272895813
0.17303529381752014
0.08547190576791763
0.47313690185546875
0.12736207246780396
0.47783151268959045
0.7037971019744873
0.6181132197380066
0.6775612831115723
0.2941441237926483
0.549349308013916
0.3074422776699066
0.594293475151062
0.6727176904678345
0.17876017093658447
0.48942339420318604
0.16868458688259125
0.3989129960536957
0.669183075428009
0.4734937250614166
0.29399096965789795
0.4448164403438568
0.17632044851779938
0.13947246968746185
0.3064713180065155
0.3793810307979584
0.5380041599273682
0.1072845458984375
0.10059774667024612
0.7793203592300415
0.4156779944896698
0.48501601815223694
0.20870348811149597
0.5998232364654541
0.724088191986084
0.46473821997642517
0.20338031649589539
0.5664253830909729
0.43510353565216064
0.051665470004081726
0.5899227857589722
0.17483320832252502
0.07521850615739822
0.4322196841239929
-0.02980601042509079
0.45417818427085876
0.6339966654777527
0.20609882473945618
0.037549085915088654
0.46672192215919495
0.5252182483673096
0.6337292194366455
0.5079574584960938
0.7281509041786194
0.48651444911956787
0.4670727550983429
0.40505358576774597
0.3198221027851105
0.6707754731178284
0.21842151880264282
0.13663455843925476
-0.03992665559053421
0.45512428879737854
0.3463306427001953
0.21022862195968628
0.7289429903030396
0.35923483967781067
0.024224601686000824
0.19618722796440125
0.22233527898788452
0.1578986942768097
0.504944920539856
0.40911540389060974
0.7336501479148865
0.1928459107875824
0.38082751631736755
0.1707831174135208
0.4669018089771271
0.5379558801651001
0.12132219970226288
0.561764121055603
0.2754686176776886
0.4021768569946289
0.24671098589897156
0.5441084504127502
0.4231001138687134
0.6763795614242554
0.3408004343509674
0.13557666540145874
0.5634152889251709
0.7068679928779602
0.09701479226350784
0.4247682988643646
-0.004896290600299835
-0.0010062828660011292
0.24985426664352417
0.494760662317276
0.6183221936225891
0.42641088366508484
0.37712007761001587
0.3485034704208374
0.3074215054512024
0.5139336585998535
0.33863431215286255
0.35380932688713074
0.5142473578453064
0.6163051724433899
0.0993405282497406
0.5703232884407043
0.22231453657150269
0.7227941155433655
0.4229314625263214
0.4263913631439209
0.09750018268823624
0.1787290871143341
0.32504716515541077
0.05663769692182541
0.08384784311056137
-0.03221301734447479
0.3736399710178375
0.6619431972503662
0.4799165725708008
0.1749146282672882
0.48654136061668396
0.5576067566871643
0.1815725564956665
0.5104231238365173
0.4436689615249634
0.5953078269958496
0.270752876996994
0.03565313667058945
0.6317155361175537
0.23331451416015625
0.3240242600440979
0.5799459218978882
0.5759454369544983
0.1647883951663971
0.382595032453537
0.3722139894962311
0.5186675786972046
0.4643622934818268
0.49017733335494995
0.5141812562942505
0.18709853291511536
0.4000445008277893
0.26669052243232727
0.04910579323768616
0.2575294077396393
0.47870492935180664
0.5651658773422241
0.46454447507858276
0.5752548575401306
0.18374985456466675
0.40208521485328674
0.17825448513031006
0.2571876347064972
0.2512751519680023
0.3152574300765991
0.4313456118106842
0.3956702649593353
0.3066656291484833
0.20822927355766296
0.48496541380882263
0.4394793212413788
0.6699542999267578
0.5421730279922485
0.6101313233375549
0.48222410678863525
0.5508956909179688
0.06443971395492554
0.3248448669910431
0.5164679884910583
0.3749522268772125
0.5505236387252808
0.32165026664733887
0.3998018801212311
0.2898518145084381
0.3249950110912323
0.4875471591949463
0.5956562161445618
0.5052977800369263
0.7226669788360596
0.5843368768692017
0.25526493787765503
0.437155157327652
0.6093997955322266
0.5195449590682983
0.48560985922813416
0.38795149326324463
0.5523412227630615
0.22990253567695618
0.6191563010215759
0.4972321391105652
0.2585931718349457
0.5282623171806335
0.3284885287284851
0.5116575956344604
0.4582529366016388
0.2871864438056946
0.33443936705589294
0.3390592038631439
0.6050347089767456
0.542972207069397
0.1182122677564621
0.3946321904659271
0.21274861693382263
0.21380016207695007
0.23031044006347656
0.6329520344734192
0.20420151948928833
0.4594555199146271
0.22592148184776306
0.3288761079311371
0.751571536064148
0.611673891544342
0.22662237286567688
0.5863365530967712
0.5564075708389282
0.2861536741256714
0.6421106457710266
0.5692578554153442
0.615726888179779
0.3845062553882599
0.471598356962204
0.6515358090400696
0.3708566427230835
0.4302237629890442
0.5568775534629822
0.06905835121870041
0.45492008328437805
0.6415906548500061
0.5304844975471497
0.7537218332290649
0.25535526871681213
0.738822877407074
0.3135971426963806
0.4388369023799896
0.4082648754119873
0.4626278579235077
0.23258349299430847
0.3786379396915436
0.3581021726131439
0.5678716897964478
0.40624886751174927
0.7281911373138428
0.27663734555244446
0.11933179199695587
0.44207003712654114
0.4368639886379242
0.5921225547790527
0.3082128167152405
0.5794304609298706
0.4985704720020294
0.6288020014762878
0.2667270600795746
0.13509079813957214
0.4062115252017975
0.590157687664032
0.4401571452617645
0.3675841987133026
0.7518961429595947
0.5142009258270264
0.1056695431470871
0.46494826674461365
0.5368906259536743
0.19388142228126526
0.3218434751033783
0.19445180892944336
0.2866404950618744
0.6057271957397461
0.5011679530143738
0.4158797264099121
0.47009292244911194
0.4930312931537628
0.6596338748931885
0.4965336322784424
0.7816254496574402
0.24289211630821228
0.536882758140564
0.3721584379673004
0.6445428729057312
0.6629928350448608
0.3207489550113678
0.06213126331567764
0.6257331967353821
0.2858336269855499
0.2680816054344177
0.49503105878829956
0.33564528822898865
0.07134033739566803
0.2383042871952057
0.3702299892902374
0.2890380024909973
0.4621191918849945
0.35513922572135925
0.35313770174980164
-0.009728662669658661
0.5099824070930481
0.37711963057518005
0.22154027223587036
0.6081840991973877
0.243025004863739
0.36121079325675964
0.44404736161231995
0.44000449776649475
0.6540032625198364
0.15649373829364777
0.4949072003364563
0.14226356148719788
0.22624844312667847
0.7530897855758667
0.597190797328949
0.44417494535446167
0.34222397208213806
0.12154348194599152
0.3588961362838745
0.5703607201576233
0.1244545727968216
0.17015254497528076
0.6806893348693848
0.5558648705482483
0.1676916480064392
0.5751933455467224
0.4615711271762848
0.6754112243652344
0.3514591157436371
0.6564046144485474
0.09796781837940216
0.6723511815071106
0.5957123041152954
0.415520578622818
0.36788785457611084
0.1128728911280632
0.38751867413520813
0.6236233711242676
0.5423576235771179
0.4810405671596527
0.4122821092605591
0.5321921110153198
0.20714935660362244
0.3362262547016144
0.1780068278312683
0.13364993035793304
0.4423460066318512
0.4245837926864624
0.4489313066005707
0.44309744238853455
0.523158073425293
0.4506469666957855
0.22050556540489197
0.5140166282653809
0.6481096744537354
0.2004874348640442
0.31930211186408997
-0.0028714314103126526
0.4217112958431244
0.7602038383483887
0.6683257222175598
0.528751790523529
0.0661391168832779
0.3332935869693756
0.5198469161987305
0.42870429158210754
0.2752975821495056
0.3861730992794037
0.24165287613868713
0.5131238698959351
0.4516955316066742
0.18674615025520325
0.5755318999290466
0.7813955545425415
0.3392990827560425
0.34937164187431335
0.5533801317214966
0.7334431409835815
0.5212749242782593
0.6358163952827454
0.08255726099014282
0.4962208569049835
0.5984695553779602
0.28254234790802
0.5852980613708496
0.6248103380203247
0.3956940174102783
0.33623337745666504
0.5734120607376099
0.6993304491043091
0.06117791309952736
0.5783413648605347
0.4538053274154663
0.636016845703125
0.595879077911377
0.07824680209159851
0.5737338662147522
0.361614465713501
0.44167181849479675
0.5930563807487488
0.4851702153682709
0.5849593877792358
0.008207857608795166
0.012214362621307373
0.3034001290798187
0.3662273585796356
0.3012571930885315
0.4217817187309265
0.029297269880771637
0.28600984811782837
0.4538496136665344
0.3333401679992676
0.5388404726982117
0.5289389491081238
0.24758917093276978
0.5426998734474182
0.00013599544763565063
0.23321649432182312
0.7083448171615601
0.48556438088417053
0.3643735945224762
0.3851340711116791
0.41875460743904114
0.0034974217414855957
0.5258200168609619
0.46212247014045715
0.6024309396743774
0.1986006498336792
0.5043915510177612
0.5435274243354797
0.40087321400642395
0.6933172345161438
0.4965204894542694
0.038492657244205475
0.2584266662597656
0.5286609530448914
0.5296918749809265
0.25379082560539246
0.6650843620300293
0.27554965019226074
0.4044678509235382
0.4079819619655609
0.4110778868198395
0.39509132504463196
0.587756872177124
0.06421788036823273
0.3356551229953766
0.47344085574150085
0.4919535219669342
0.6191717982292175
0.5000788569450378
0.24875351786613464
0.4357006251811981
0.5013238787651062
0.2051892876625061
0.39256152510643005
0.5183899998664856
0.4485599100589752
0.5434243083000183
0.1162995770573616
0.708814263343811
0.5698899030685425
0.5659271478652954
0.4669146239757538
0.7074143886566162
0.2097569704055786
0.4851415753364563
0.49583014845848083
0.5425295829772949
0.5591980218887329
0.04368383064866066
0.08319971710443497
0.24094897508621216
0.40090712904930115
0.6605420112609863
0.13046038150787354
0.05533754080533981
0.28160399198532104
0.10545241832733154
0.6356618404388428
0.660281777381897
0.4629925787448883
0.40643295645713806
0.5159922242164612
0.5352162718772888
0.4090341031551361
0.5097903609275818
0.5036972165107727
0.32895949482917786
0.4723658859729767
0.6185349822044373
0.4012627899646759
0.026265859603881836
0.5008684992790222
0.36817505955696106
-0.045357607305049896
0.37305206060409546
0.4476759135723114
0.1808822751045227
0.7651424407958984
0.2764347493648529
0.20481255650520325
0.44903185963630676
0.30870670080184937
0.5148449540138245
0.48912960290908813
0.5319268107414246
0.4665014445781708
0.7101720571517944
0.5852299928665161
0.5254566073417664
0.47807011008262634
0.2554507553577423
0.49363765120506287
0.3695373237133026
0.524486243724823
0.31791743636131287
0.3563370406627655
0.31069156527519226
0.5073549747467041
0.282081663608551
0.12368874251842499
0.44149965047836304
0.64376300573349
0.026650898158550262
0.5136375427246094
0.6928060054779053
0.08665063232183456
0.2741473317146301
0.7686867713928223
0.4657931327819824
0.4141061305999756
0.648474395275116
0.5809086561203003
0.5332616567611694
0.36398035287857056
0.27690866589546204
0.5607050657272339
0.3568035066127777
0.01919890195131302
0.22556746006011963
0.3720879852771759
0.15376871824264526
0.40096351504325867
0.10557831823825836
0.40644916892051697
0.4499228894710541
0.3698405921459198
0.1604285091161728
0.5224263072013855
0.431223601102829
0.4242294132709503
0.35739755630493164
0.3918546140193939
0.45311790704727173
0.3702576458454132
0.4337001144886017
0.085882768034935
0.2703232765197754
0.7215719819068909
0.4988768994808197
0.5565947890281677
0.2934362292289734
0.3554425537586212
0.4116140305995941
0.4762457311153412
0.4936245381832123
0.5842124223709106
0.28204280138015747
0.4560758173465729
0.517312228679657
0.7480103373527527
0.500199019908905
0.5222905278205872
0.6188367605209351
0.5461967587471008
0.405290424823761
0.13231542706489563
0.2487620711326599
0.4052034318447113
0.6228787899017334
0.19657546281814575
0.42208799719810486
0.4208529591560364
0.2893748879432678
0.4864281415939331
0.2544548213481903
0.2960653603076935
0.12056203186511993
0.5124769806861877
0.03992391750216484
0.7186647057533264
0.19026345014572144
0.10579513013362885
0.3754490315914154
0.2329796850681305
0.29136306047439575
0.5226757526397705
0.23579755425453186
0.3707708418369293
0.41561105847358704
0.4446968734264374
0.4966445863246918
0.05785774439573288
0.14547985792160034
0.205043762922287
0.527931272983551
0.5566666722297668
0.36057204008102417
0.3172045946121216
0.45414677262306213
0.578336238861084
0.5198042988777161
0.039920106530189514
0.5265541672706604
0.6417057514190674
0.25201383233070374
0.09994438290596008
0.738351583480835
0.6041304469108582
0.19190922379493713
0.48457077145576477
0.3162359893321991
0.38729098439216614
0.6536914110183716
0.5566628575325012
0.10502467304468155
0.6012991666793823
0.5314480662345886
0.1499323546886444
0.6873053908348083
0.32982829213142395
0.3595087230205536
0.32260212302207947
0.1355232298374176
0.30080464482307434
0.29392707347869873
0.44914770126342773
0.4816429018974304
0.4192752540111542
0.6424034237861633
0.484299898147583
0.34039974212646484
0.3703807592391968
0.6506801843643188
0.07711927592754364
0.5146243572235107
0.26173633337020874
0.17263051867485046
0.009223110973834991
0.4048830568790436
0.43393564224243164
0.20573672652244568
0.35617581009864807
0.5197241902351379
0.544216513633728
0.2630747854709625
0.2820335626602173
0.32978373765945435
0.43481969833374023
0.6958261728286743
0.43030795454978943
0.4314528703689575
0.6655440330505371
0.27711135149002075
0.37841901183128357
0.2908003330230713
0.5159184336662292
0.16254252195358276
0.22450029850006104
0.2915520966053009
0.4217735528945923
0.586229145526886
0.34642454981803894
0.38092413544654846
0.5212175250053406
0.4978090524673462
0.4102914333343506
0.6061736345291138
0.5162630677223206
0.21092519164085388
0.3944249451160431
0.26596808433532715
0.22754377126693726
0.11875215172767639
0.6566191911697388
0.40772199630737305
0.5518055558204651
0.4663882553577423
0.3458496332168579
0.3770207464694977
0.5807609558105469
0.09534398466348648
0.3657541275024414
0.004237733781337738
0.5644217133522034
0.5673946142196655
0.4813309609889984
0.4970152676105499
0.27007561922073364
0.3328263461589813
0.30191972851753235
0.2651900053024292
0.35837629437446594
0.6155014038085938
0.17322680354118347
0.2768639922142029
0.30519405007362366
0.12578564882278442
0.4508661925792694
0.4311579763889313
0.326886922121048
0.551200807094574
0.5197573900222778
0.3067100942134857
0.5315917134284973
0.12156371772289276
0.23789408802986145
0.39909133315086365
0.38442710041999817
0.5899230241775513
0.2745985686779022
0.05997486039996147
0.6039071083068848
0.5691581964492798
0.16566208004951477
0.08313023298978806
0.498361200094223
0.2019834816455841
0.30903375148773193
0.6545829176902771
0.27012622356414795
0.18917328119277954
0.13524824380874634
0.3891567587852478
0.42756935954093933
0.3295134902000427
0.3857402205467224
0.23089316487312317
0.6842955350875854
0.43612638115882874
0.42033645510673523
0.27825427055358887
0.23248979449272156
0.4238888919353485
0.5165637135505676
0.07973882555961609
0.2246190309524536
0.42030853033065796
0.3135305941104889
0.337552547454834
0.4628649353981018
0.5024362802505493
0.17364871501922607
0.5242085456848145
0.453520268201828
0.47846388816833496
0.15895730257034302
0.19644850492477417
0.3479823172092438
0.410445898771286
0.5239169001579285
0.18370303511619568
0.47361746430397034
0.5377898812294006
0.499929815530777
0.4717113673686981
0.39937058091163635
0.5726389288902283
0.3135588765144348
0.666796863079071
0.3541577458381653
0.3666076958179474
0.23506632447242737
0.30488550662994385
0.12780115008354187
0.5861251354217529
0.4778507649898529
0.6229546070098877
0.17713063955307007
0.5366374254226685
0.3500919044017792
0.5385088324546814
0.38903096318244934
0.2112392783164978
0.18083161115646362
0.5268542766571045
-0.03137023001909256
0.31359899044036865
-0.03880345821380615
0.15726599097251892
0.5020818114280701
0.3282411992549896
0.055379368364810944
0.20912638306617737
0.1110241636633873
0.1026124358177185
0.3430399000644684
0.8615001440048218
0.44768744707107544
0.0769902914762497
0.30764561891555786
0.5499168038368225
0.4513193666934967
0.6171176433563232
0.3543068468570709
0.6574771404266357
0.7329138517379761
0.4030393660068512
0.20998862385749817
0.29536476731300354
0.10595175623893738
0.4267548620700836
0.48241549730300903
0.18028655648231506
0.5330520868301392
0.11465801298618317
0.4178115129470825
0.563903272151947
0.5697512626647949
0.5649008750915527
0.5152537822723389
0.5358169078826904
0.395286500453949
0.1282484084367752
0.3376556634902954
0.233918696641922
0.18676094710826874
0.5885922908782959
0.5790175199508667
0.3786833584308624
0.03467977046966553
0.3960840404033661
0.4430466592311859
0.5315996408462524
0.3124047815799713
0.2075706124305725
0.5824446082115173
0.18336939811706543
0.585034966468811
0.6155298948287964
0.6064954996109009
0.5619642734527588
0.39901575446128845
0.06778781116008759
0.2985391914844513
0.09521962702274323
0.49147066473960876
0.34930890798568726
0.5724153518676758
0.46830859780311584
0.4819827377796173
0.6053463220596313
0.5402449369430542
0.5171191096305847
0.307466983795166
0.2262069582939148
0.6062798500061035
0.6418331265449524
0.6179710030555725
0.5430731177330017
0.1853450983762741
0.1417756974697113
0.3883974850177765
0.4540332555770874
0.5444252490997314
0.012237690389156342
0.542098879814148
0.5781828165054321
0.5327574014663696
0.3782389163970947
0.5870311260223389
0.32655248045921326
0.23141607642173767
0.32638782262802124
0.37900564074516296
0.5413024425506592
0.6030089855194092
0.5121595859527588
0.22613820433616638
0.313660204410553
0.31885233521461487
0.3220527768135071
0.27000680565834045
0.5551919341087341
0.29181134700775146
0.2858023941516876
0.22073155641555786
0.34665241837501526
0.46837079524993896
0.5383320450782776
0.4488533139228821
0.19493189454078674
0.45638951659202576
0.24304184317588806
0.23438450694084167
0.10264638066291809
0.2996979355812073
0.5600059628486633
0.42161449790000916
0.20565566420555115
0.41170886158943176
0.22011983394622803
0.37399858236312866
0.43557146191596985
0.45404013991355896
0.35978028178215027
0.4897536337375641
0.6201131343841553
0.30848240852355957
0.3416854441165924
0.059479448944330215
0.043857622891664505
0.6636618375778198
0.6354163885116577
0.4340895116329193
0.5448907017707825
0.5529940724372864
0.6248076558113098
0.616986095905304
0.5411805510520935
0.3959365785121918
-0.003212176263332367
0.327791303396225
0.7111458778381348
0.27810075879096985
0.3070295453071594
0.31317898631095886
0.41948744654655457
0.31470414996147156
0.33062705397605896
0.4750756621360779
0.4780077338218689
0.13127028942108154
0.025558538734912872
0.1036158874630928
0.2662217319011688
0.6464173793792725
0.34428736567497253
0.0371173694729805
0.27967774868011475
0.5279723405838013
0.4526241719722748
0.53194260597229
0.09192361682653427
0.2692415118217468
0.5182772874832153
0.4567870795726776
0.4195244014263153
0.31503206491470337
0.6856736540794373
0.3238711953163147
0.24668613076210022
0.5048840045928955
0.45044854283332825
0.5642345547676086
0.41892102360725403
0.29486310482025146
0.3324722349643707
0.6534730195999146
0.5874157547950745
0.6099299192428589
0.34345459938049316
0.21971020102500916
0.2421587109565735
0.45399054884910583
0.04602471739053726
0.17660418152809143
0.641818642616272
0.3245057165622711
0.497162789106369
0.10002778470516205
0.11234532296657562
0.47352391481399536
0.18893703818321228
0.3839726746082306
0.7447869777679443
0.38701626658439636
0.4223146140575409
0.39697834849357605
0.4616515040397644
0.5332695841789246
0.3518754243850708
0.4317719638347626
0.3231707215309143
0.2253408133983612
0.7841276526451111
0.36457034945487976
0.38210758566856384
0.5236950516700745
0.5317801833152771
0.5690670609474182
0.21918445825576782
0.6956493854522705
0.48213085532188416
0.07730848342180252
0.32894790172576904
0.23219209909439087
0.2129094898700714
0.3588641583919525
0.31566378474235535
0.374076247215271
0.23371639847755432
0.6046823263168335
0.3720119893550873
0.3489658236503601
0.29527747631073
0.271452397108078
0.18127185106277466
0.08675763756036758
0.170587956905365
0.2444852888584137
0.557360053062439
0.49732208251953125
0.2928912341594696
0.3633107841014862
0.480523020029068
0.6033688187599182
0.3911013901233673
0.5415802001953125
0.279405802488327
0.6570147275924683
0.5376501679420471
0.456455260515213
0.4141406714916229
0.20273473858833313
0.14688636362552643
0.2001756727695465
0.018596328794956207
0.3601473569869995
0.04439526051282883
0.11061585694551468
0.45128628611564636
0.39656487107276917
0.5233227610588074
0.5550979375839233
0.0005897209048271179
0.42121782898902893
0.589147686958313
0.2872109115123749
0.2701024115085602
0.4565983712673187
0.16804969310760498
0.761022686958313
0.24246275424957275
0.39236870408058167
0.4877832233905792
0.4978152811527252
0.2869187891483307
-0.01058102399110794
0.4317803680896759
0.15929967164993286
0.4713591933250427
0.16387894749641418
0.45287781953811646
0.24583879113197327
0.5311859250068665
0.5666297674179077
0.28110021352767944
0.4862232506275177
0.2039628028869629
0.4426053762435913
0.47204533219337463
0.15275141596794128
0.449075311422348
0.3946695029735565
0.5094301104545593
0.553164005279541
0.7373113632202148
0.11866994202136993
0.1271776705980301
0.6512519121170044
0.15556204319000244
0.4403441250324249
0.3933661878108978
0.12166153639554977
0.5863254070281982
0.32857200503349304
0.26345714926719666
0.3294490873813629
0.36681118607521057
0.395632266998291
0.591321587562561
0.3960665464401245
0.45925673842430115
0.4238753616809845
0.525898814201355
0.48707449436187744
0.2865629196166992
0.5076149106025696
0.4528611898422241
0.3683999478816986
0.47578051686286926
0.5337458848953247
0.7151602506637573
0.11698248982429504
0.2243157923221588
0.35900595784187317
0.44359737634658813
0.4596845805644989
0.4032076895236969
0.6063891649246216
0.4997434616088867
0.14774295687675476
0.45851680636405945
0.7037663459777832
0.4946773052215576
0.2647234797477722
0.4253586232662201
0.06901654601097107
0.13059493899345398
0.5466360449790955
0.3597152829170227
0.17340496182441711
0.36705663800239563
0.5580820441246033
0.02156364917755127
0.5372170805931091
0.38558557629585266
0.5197542905807495
0.6656843423843384
0.40099719166755676
0.4024306833744049
0.5634520053863525
0.0714031383395195
0.29062211513519287
0.35772451758384705
0.5795658826828003
0.23388555645942688
0.4561620354652405
0.4298577606678009
0.37858694791793823
0.5986968278884888
0.38891059160232544
0.16707932949066162
0.661962628364563
0.3533301055431366
0.4208977222442627
0.6472344398498535
0.5472227334976196
0.7072599530220032
0.6572907567024231
0.5525963306427002
0.33655887842178345
0.4060700833797455
0.5212112665176392
0.288236141204834
0.4347168207168579
0.1804037094116211
0.16294682025909424
0.1944427788257599
0.42378658056259155
0.6048387885093689
0.37114793062210083
0.34405240416526794
0.34559759497642517
0.2935446798801422
0.2734012007713318
0.6183749437332153
0.4104798138141632
0.34815219044685364
0.43902072310447693
0.45609432458877563
0.4241579473018646
0.5594730973243713
0.6174598932266235
0.6249111294746399
-0.017987370491027832
0.4632982909679413
0.5312215685844421
0.4849848747253418
0.3959120213985443
0.2786811590194702
0.3591451942920685
0.6712567806243896
0.47266456484794617
0.33937665820121765
0.2966586649417877
0.46633949875831604
0.4069843590259552
0.5687085390090942
0.34604063630104065
0.5214440822601318
0.5548016428947449
0.4127230942249298
0.3613233268260956
0.32280269265174866
0.5173267722129822
0.2760882079601288
0.3248809278011322
0.1382979154586792
0.3880273401737213
0.580278217792511
0.13502544164657593
0.411070317029953
0.17423115670681
0.5950897336006165
0.4147894084453583
0.05624135583639145
0.41711920499801636
0.10140448063611984
0.5096222758293152
0.00515303760766983
0.15537047386169434
0.45677515864372253
0.4222874939441681
0.395892858505249
0.7413323521614075
0.43842241168022156
0.20550251007080078
0.7079716920852661
0.2906802296638489
0.48378172516822815
0.3430505692958832
0.3358096182346344
0.22946900129318237
0.003303937613964081
0.38192158937454224
0.5204217433929443
0.028115883469581604
0.46980568766593933
0.6551897525787354
0.3919214904308319
0.5087211728096008
0.44613274931907654
0.432637482881546
0.14782318472862244
0.37380871176719666
0.5116249918937683
0.3338291347026825
0.13779088854789734
0.5616435408592224
0.40954485535621643
0.5009395480155945
0.513774573802948
0.5406937599182129
0.2564477324485779
0.12515683472156525
0.6490443348884583
0.41581377387046814
0.2590044438838959
0.3979131281375885
0.39110785722732544
0.43277162313461304
0.3554210960865021
0.37811705470085144
0.1828821301460266
0.4012273848056793
0.2887919247150421
0.675125241279602
0.08406776934862137
0.25279587507247925
0.6215799450874329
0.36702612042427063
0.2523401081562042
0.4445229172706604
0.38646236062049866
0.4103017747402191
0.6583364009857178
0.3696615695953369
0.4007056951522827
0.5942615270614624
0.035104647278785706
0.41416478157043457
0.7846028804779053
0.4195851981639862
0.5024728178977966
0.2666309177875519
0.5110902786254883
0.29374635219573975
0.3545255661010742
0.36619192361831665
0.38518059253692627
0.03363140672445297
0.45355671644210815
0.6632516980171204
0.416330486536026
0.48743993043899536
0.6384497284889221
0.41254308819770813
0.16766974329948425
0.3047119379043579
0.2503727078437805
0.658943772315979
0.5292949676513672
0.3440307080745697
0.32764384150505066
0.2083081305027008
0.2766440510749817
0.04040486365556717
0.6616137623786926
0.30742746591567993
0.4709770977497101
0.5288412570953369
0.5341236591339111
0.13083705306053162
0.26950985193252563
0.4944729506969452
0.32030001282691956
0.3057335913181305
0.23111626505851746
0.36658167839050293
0.5891709327697754
0.7037609219551086
0.4551241993904114
0.39732614159584045
0.14615660905838013
0.4007665812969208
0.30657148361206055
0.4278622567653656
0.3193378746509552
0.2537556290626526
0.30202263593673706
0.15815645456314087
0.3473651111125946
0.6289581656455994
0.3295608162879944
0.2201177179813385
0.10104236751794815
0.21352609992027283
0.09411346167325974
0.6237213015556335
0.6541826725006104
0.39611688256263733
0.36749568581581116
0.49175581336021423
0.13308581709861755
0.5714386105537415
0.35130566358566284
0.5368141531944275
0.5122952461242676
0.21931853890419006
0.5297187566757202
0.050122275948524475
0.3371942341327667
0.4371638000011444
0.6411086320877075
0.5279702544212341
0.2364668846130371
0.340480238199234
0.17745153605937958
0.2677130103111267
0.46437767148017883
0.07624679803848267
0.6597346067428589
0.43404850363731384
0.25074177980422974
0.6718536615371704
0.6592848896980286
0.05096852034330368
0.1714879423379898
0.512471616268158
0.2637995779514313
0.5364400744438171
0.34119197726249695
0.1088213175535202
0.559863269329071
0.6112053394317627
0.31979548931121826
0.5413209795951843
0.2261607050895691
0.5405380129814148
0.395146906375885
0.15156671404838562
0.5800118446350098
0.013812750577926636
0.5380083322525024
0.1409141719341278
0.593488335609436
0.405139297246933
0.26734721660614014
0.3628862500190735
0.3842696249485016
0.14707651734352112
0.3465249538421631
0.19872024655342102
0.2873081564903259
0.4025499224662781
0.37553441524505615
0.40531378984451294
0.6331659555435181
0.4070618450641632
0.16838103532791138
0.41535744071006775
0.43679696321487427
0.603002667427063
0.17427191138267517
0.2134195864200592
0.47573599219322205
0.4532999098300934
0.5351611375808716
0.0983479768037796
0.4705508053302765
0.6743932962417603
0.4847472608089447
0.3922085464000702
0.5383628606796265
0.7094634771347046
0.136463463306427
0.3479462265968323
0.39771291613578796
0.13505950570106506
0.33418944478034973
0.3836665153503418
0.5760236382484436
0.431647926568985
0.4038507640361786
0.26814430952072144
0.2861502170562744
0.7223687171936035
0.301868736743927
0.6365879774093628
0.2961686849594116
0.5391288995742798
0.4144129455089569
0.4845888018608093
0.558596670627594
0.4257981777191162
0.48646870255470276
0.4899117052555084
0.43310943245887756
0.35679954290390015
0.1555156707763672
0.032491497695446014
0.37105342745780945
0.15681278705596924
0.3306255042552948
0.4658569097518921
0.6741596460342407
0.4965936541557312
0.5705531239509583
0.21008920669555664
0.5856247544288635
0.39472445845603943
0.13919183611869812
0.10266216099262238
0.6349391937255859
0.14112971723079681
0.5421836972236633
0.4040986895561218
0.36199837923049927
0.3380844295024872
0.4229126274585724
0.49887940287590027
0.22209089994430542
0.409855455160141
0.7068852186203003
0.204522043466568
0.4457288682460785
0.005095399916172028
0.5676761865615845
0.29764118790626526
0.32875484228134155
0.4131273329257965
0.10407458245754242
0.36078938841819763
0.038246966898441315
0.3463777005672455
0.671657145023346
0.09492358565330505
0.4274691343307495
0.6213541030883789
0.37341830134391785
0.31880512833595276
0.5774065852165222
0.6022263765335083
0.30880501866340637
0.38605818152427673
0.38666021823883057
0.6300761699676514
0.3897112309932709
0.5601301193237305
0.31282752752304077
0.4445965886116028
0.3613164722919464
0.5281654596328735
0.5639821887016296
0.34070226550102234
0.6377244591712952
0.6294086575508118
0.558107852935791
0.4415082633495331
0.10721826553344727
0.2701900005340576
0.06622223556041718
0.06187642365694046
0.5818581581115723
0.42210808396339417
0.5264094471931458
0.19587302207946777
0.2281714677810669
0.18755781650543213
0.24567624926567078
0.20546802878379822
0.4554310739040375
0.2551085650920868
0.602995753288269
0.13997212052345276
0.2084946632385254
0.1312669813632965
0.4506276547908783
0.5748462677001953
0.5501278042793274
0.43966904282569885
0.04361942410469055
0.4079742133617401
0.3416820168495178
0.7503342032432556
0.6088805198669434
0.4562855064868927
0.7583009600639343
0.10172419250011444
0.6195564270019531
0.17837229371070862
0.2920326888561249
0.484343022108078
0.670563817024231
0.6490117311477661
0.36312225461006165
0.21692433953285217
0.37733232975006104
0.4739167392253876
0.07482960820198059
0.32490453124046326
0.5125172734260559
0.48426392674446106
0.10079501569271088
0.6305425763130188
0.607486367225647
0.2932227551937103
0.2748338282108307
0.25037291646003723
0.5389812588691711
0.4885310232639313
0.5127803087234497
0.5395091772079468
0.7911580801010132
0.5008205771446228
0.31066086888313293
0.4902816116809845
0.433356374502182
0.497437059879303
0.0726752057671547
0.39677485823631287
0.3639918863773346
0.6741563081741333
0.5632529854774475
0.37509116530418396
0.5495787262916565
0.6298909187316895
0.4650059938430786
0.18146921694278717
0.39490360021591187
0.19932696223258972
0.002516612410545349
0.39477723836898804
0.33639341592788696
0.5494756698608398
0.5442225337028503
0.7628883123397827
0.056454069912433624
0.3140062689781189
0.47735241055488586
0.3605302572250366
0.26717111468315125
0.6797091960906982
0.4298756420612335
0.5300166010856628
0.47845956683158875
0.5721021294593811
0.4203120768070221
0.4540746510028839
0.08195269107818604
0.5383514165878296
0.7029504776000977
0.6186795830726624
0.40307241678237915
0.5728244781494141
0.2950524091720581
0.06257950514554977
0.4064401686191559
0.2239450216293335
0.17757833003997803
0.33193305134773254
0.4949377179145813
0.3684365451335907
0.10762699693441391
0.5424034595489502
0.24445775151252747
0.4177004396915436
0.10056944936513901
0.44499972462654114
0.6952049732208252
0.32565534114837646
0.3015226721763611
0.20491531491279602
0.3589518964290619
0.45413482189178467
0.0694333165884018
0.6842167973518372
0.10233844816684723
0.461067795753479
0.1254069060087204
0.19808095693588257
0.2612171769142151
0.13347086310386658
0.5582039952278137
0.580527663230896
0.42679211497306824
0.23701265454292297
0.07911655306816101
0.3695243000984192
0.2542249262332916
0.5221893787384033
0.3073522448539734
0.11172137409448624
0.7513722777366638
0.21721014380455017
0.5339562892913818
0.299815833568573
0.25063005089759827
0.38832947611808777
0.6611818671226501
0.19724515080451965
0.404599130153656
0.6358839273452759
0.30339503288269043
0.3423778712749481
0.5367994904518127
0.585787296295166
0.31334632635116577
0.45829954743385315
0.7017496824264526
0.4185098707675934
0.19513309001922607
0.4622196555137634
0.48148155212402344
0.4317886233329773
0.564284086227417
0.6360410451889038
0.47032591700553894
0.1569395363330841
0.3826965093612671
0.3194332718849182
0.525043785572052
0.3258638083934784
0.13092461228370667
0.4223644435405731
0.27786415815353394
0.5648238658905029
0.09550630301237106
0.2728711664676666
0.7547177076339722
0.40340062975883484
0.5285857319831848
0.23450714349746704
0.24755322933197021
0.6059625744819641
0.8150919675827026
0.5041828751564026
0.18351301550865173
0.5422077178955078
0.44419190287590027
0.44692686200141907
0.6291215419769287
0.0743623748421669
0.44468680024147034
0.5502163767814636
0.5615398287773132
0.6850887537002563
0.6701117753982544
0.5337962508201599
0.009510442614555359
0.44041576981544495
0.012373559176921844
0.35651472210884094
0.35528579354286194
0.4940608739852905
0.5662100315093994
0.47123757004737854
0.25371846556663513
0.632049560546875
0.3689768612384796
0.29980024695396423
0.5404701828956604
0.13522475957870483
0.40616661310195923
0.5110008120536804
0.4408717155456543
0.4331400692462921
0.2623538374900818
0.35438358783721924
0.3228667676448822
0.39802107214927673
0.6313183307647705
0.33466848731040955
0.5634331703186035
0.2189948856830597
0.471233606338501
0.45370152592658997
0.1847594678401947
0.39986464381217957
0.6702015995979309
0.05319084972143173
0.6048446893692017
0.4783705174922943
0.5683542490005493
0.32465898990631104
0.48724356293678284
0.2658393979072571
0.3426794111728668
0.5502136945724487
0.47247961163520813
0.24774909019470215
0.2881647050380707
0.49357569217681885
0.3290136754512787
0.13212044537067413
0.13037452101707458
0.6108892560005188
0.34983983635902405
0.5906655788421631
-0.026743590831756592
0.4719679057598114
0.44142332673072815
0.23284012079238892
0.5071452856063843
0.5757744908332825
0.38128194212913513
0.7570008635520935
0.4440248906612396
-0.02236843854188919
0.42950794100761414
0.4514237344264984
0.1578192114830017
0.3814087510108948
0.504861056804657
0.4291699528694153
0.5104681253433228
0.3334084451198578
0.39331209659576416
0.49037545919418335
0.4903382658958435
0.4353214204311371
0.3900035619735718
0.14842858910560608
0.022371433675289154
0.46960949897766113
0.42569413781166077
0.3040284216403961
0.3098950982093811
0.23666322231292725
0.41159120202064514
0.48576322197914124
0.5817757844924927
0.49757513403892517
0.04322461038827896
0.3358516991138458
0.5101162791252136
0.2364346981048584
0.11807604879140854
0.41909778118133545
0.37267979979515076
0.39919593930244446
0.37690603733062744
0.5726467370986938
0.2380286455154419
0.4885442554950714
0.5790489315986633
0.45497968792915344
0.7615636587142944
0.6482163071632385
0.4140705466270447
0.5542516708374023
0.530911922454834
0.03481949120759964
0.3575161397457123
0.2657228410243988
0.3288612961769104
0.346057653427124
0.23065534234046936
0.5075259208679199
0.6337223052978516
0.4063279926776886
0.25919419527053833
-0.003998689353466034
0.3510395586490631
0.5853174924850464
0.3603639304637909
0.13501599431037903
0.4018062949180603
0.16773369908332825
0.07409081608057022
0.35400864481925964
0.5023009777069092
0.640879213809967
0.3178454637527466
0.02384345233440399
0.18084633350372314
0.38805580139160156
0.341315895318985
0.4339391887187958
0.6425398588180542
0.02883799374103546
0.6472259759902954
0.43689942359924316
0.7378681302070618
0.24383628368377686
0.1918933391571045
0.3303282558917999
0.11381890624761581
0.3922004699707031
0.26710212230682373
0.5856260657310486
0.48459723591804504
0.5136781334877014
0.16826698184013367
0.6719462275505066
0.43846026062965393
0.4007171094417572
0.4931860864162445
0.3286338448524475
0.2323477864265442
0.4596935212612152
0.29734697937965393
0.33998194336891174
0.09718304872512817
0.2884299159049988
0.6159253716468811
0.5989782214164734
0.05977742373943329
0.07740624994039536
0.48911696672439575
0.5184336304664612
0.7534699440002441
0.3775312602519989
0.5501481890678406
0.41175737977027893
0.3954584300518036
0.4091794788837433
0.6337401866912842
0.44581493735313416
0.46131953597068787
0.48444104194641113
0.09100934863090515
0.08799611032009125
0.4907112419605255
0.4643668234348297
0.59578537940979
0.3987811207771301
0.5341664552688599
0.6048113107681274
0.31457385420799255
0.6074579954147339
0.5633452534675598
0.4767718017101288
0.20221567153930664
0.6348828077316284
0.4113437235355377
0.4526616036891937
0.332019180059433
0.3565613925457001
0.3724019229412079
0.5109003186225891
0.5948936939239502
0.38323548436164856
0.6437935829162598
0.6445193886756897
0.40378230810165405
0.3200136721134186
-0.0075383782386779785
0.0870663970708847
0.3166356682777405
0.46563801169395447
0.5723779201507568
0.3712975084781647
0.522553563117981
0.5657978057861328
0.33626410365104675
0.08475428074598312
0.6196106672286987
0.46397435665130615
0.18671949207782745
0.4808157980442047
0.33793404698371887
0.3358546197414398
0.4312177002429962
0.3995179235935211
0.42580708861351013
0.5266184210777283
0.6120860576629639
0.34101906418800354
0.1665319800376892
0.5357551574707031
0.2505221366882324
0.2610815167427063
0.5872479677200317
0.5251636505126953
0.26032939553260803
0.47455158829689026
0.5666642785072327
0.5271052718162537
0.39684560894966125
0.4498208165168762
0.6109853386878967
0.622748613357544
0.5340273976325989
0.4457341730594635
0.37552180886268616
0.519208550453186
0.39578554034233093
0.49803218245506287
0.36824971437454224
0.6068977117538452
0.30463308095932007
0.22738096117973328
0.5172260999679565
0.5969699621200562
0.3996477723121643
0.5542735457420349
0.6096158623695374
0.33055201172828674
0.488198459148407
0.03417854756116867
0.31450575590133667
0.21117046475410461
0.5588817000389099
0.06254195421934128
0.3329584002494812
0.2802203893661499
0.49260035157203674
0.5319818258285522
0.5009966492652893
0.49060454964637756
0.512949526309967
0.4031141996383667
0.2621411383152008
0.4607373774051666
0.4739586114883423
0.24127191305160522
0.07819505035877228
0.556247889995575
0.1675441861152649
0.24434468150138855
0.4408101439476013
0.5285226702690125
0.5129608511924744
0.6228808760643005
0.07418361306190491
0.6025041341781616
0.33469176292419434
0.5788361430168152
0.4690147042274475
0.02477192133665085
0.5710176229476929
0.5747978687286377
0.42293232679367065
0.3134244680404663
0.4783368408679962
0.5996085405349731
0.407694011926651
0.4379345774650574
0.4495377242565155
0.3837469220161438
0.31807205080986023
0.3018018305301666
0.5991871953010559
0.5560849905014038
0.3872595429420471
0.4336681663990021
0.2742493748664856
0.3124546706676483
0.4823245704174042
0.4328589141368866
0.6317253112792969
0.3787257671356201
0.009610600769519806
0.3175939619541168
0.4105951488018036
-0.026741690933704376
0.5390943288803101
0.3320295810699463
0.6052999496459961
0.5960109829902649
0.5156309604644775
0.41072940826416016
0.33458560705184937
0.5353280901908875
0.6596195101737976
0.5427991151809692
0.3374350666999817
0.1835578978061676
0.20211493968963623
0.31987854838371277
0.5172885656356812
-0.008108548820018768
0.5783543586730957
0.5518169403076172
0.36755651235580444
0.27047720551490784
0.19332289695739746
0.4173987805843353
0.3427759110927582
0.6180678009986877
0.37143486738204956
0.43521687388420105
0.13598227500915527
0.6714838147163391
0.06578049063682556
0.5308154225349426
0.10348228365182877
0.288592129945755
0.7509182691574097
0.17887654900550842
0.709247350692749
0.7108287215232849
0.18436458706855774
0.39806315302848816
0.5428884625434875
0.49021056294441223
0.3672344982624054
0.7331843376159668
0.09403156489133835
0.33761706948280334
0.4430168569087982
0.2322903573513031
0.2814653515815735
0.11248372495174408
0.5875505805015564
0.40112414956092834
0.20187079906463623
0.46621423959732056
0.5158400535583496
0.3597582280635834
0.2822326421737671
0.5034623742103577
0.25100040435791016
0.47709226608276367
0.6197963356971741
0.4193953275680542
0.35145819187164307
0.4681203067302704
0.7221401929855347
0.3396776020526886
0.6046071648597717
0.1546628475189209
0.6499927639961243
0.12494198232889175
0.43557634949684143
0.3578876554965973
0.01751074194908142
0.31429368257522583
0.0652892217040062
0.08049856871366501
0.35862115025520325
0.4497874677181244
0.19261710345745087
0.36142608523368835
0.4610402584075928
0.5612296462059021
0.45731666684150696
0.3677920997142792
0.208580881357193
0.12749892473220825
0.3735887408256531
0.4484494626522064
0.6824676990509033
0.4047146141529083
0.5167869329452515
0.34675511717796326
0.5969977974891663
0.32970723509788513
0.6146090030670166
0.6147220134735107
0.3421685993671417
0.490371972322464
0.3200768530368805
0.4790683686733246
0.06044314056634903
0.36641165614128113
0.27385878562927246
0.3133021891117096
0.09376964718103409
0.4109940826892853
0.5083468556404114
0.28823503851890564
0.5378360748291016
0.5096535086631775
0.5082783699035645
0.0400913842022419
0.2803218364715576
0.7001034021377563
0.30162104964256287
0.4366687834262848
0.5274786353111267
0.48456069827079773
0.416908860206604
0.4376283586025238
0.2826966643333435
0.5284676551818848
0.4932074546813965
0.13063864409923553
0.6053946018218994
0.05630221590399742
0.5336886644363403
0.42825910449028015
0.1883528232574463
0.3862283527851105
0.5654703974723816
0.2814527153968811
0.17413458228111267
0.8264461159706116
0.19464221596717834
0.5232821702957153
0.22710970044136047
0.21263456344604492
0.39101460576057434
0.3215952217578888
0.000486813485622406
0.3688839375972748
0.16012254357337952
0.45043259859085083
0.433264821767807
0.5785256624221802
0.31504881381988525
0.5868339538574219
0.09515463560819626
0.6396743059158325
0.27730387449264526
0.003870651125907898
0.2615680992603302
0.45155516266822815
0.41931208968162537
0.43661561608314514
0.43145695328712463
0.4401455819606781
0.43265897035598755
0.4046746790409088
0.08982543647289276
0.5253363251686096
0.5202333927154541
0.580845296382904
0.21970811486244202
0.3806774914264679
0.6027472019195557
0.583728015422821
0.42412069439888
0.5884839296340942
0.24965667724609375
0.22296708822250366
0.4550335705280304
0.3560612201690674
0.6642151474952698
0.6470744013786316
0.2843412756919861
0.4081098735332489
0.40609732270240784
0.31569668650627136
0.35720840096473694
0.5738993883132935
0.7507991790771484
0.6055023670196533
0.2935871481895447
0.39004936814308167
0.629619836807251
0.5171554684638977
0.394290953874588
0.3098871111869812
0.260446697473526
0.5113368034362793
0.4382205903530121
0.569056510925293
0.26333409547805786
0.44697216153144836
0.38018545508384705
0.4089120030403137
0.35340800881385803
0.3106778860092163
0.254699170589447
0.2912560701370239
0.32216793298721313
0.18173733353614807
0.4979962408542633
0.17169785499572754
0.5900014638900757
0.4987601339817047
0.4321672320365906
0.30660733580589294
0.08419692516326904
0.3304407000541687
0.5156124830245972
0.5286970138549805
0.5512281656265259
0.554413914680481
0.29200878739356995
0.527465283870697
0.1941535472869873
0.5823712348937988
0.6666197776794434
0.4584006369113922
0.5267543196678162
0.36694812774658203
0.4706474840641022
0.3685447871685028
0.21197080612182617
0.37577468156814575
0.634623646736145
0.21340098977088928
0.4910823702812195
0.6158173084259033
0.6822441220283508
0.4038628041744232
0.6364872455596924
0.5201733112335205
0.29118087887763977
0.02506445348262787
0.4118737578392029
0.4733941853046417
0.22964289784431458
0.38644447922706604
-0.007678039371967316
0.09808064252138138
0.07374122738838196
0.5593546628952026
0.4643959701061249
0.18907564878463745
0.17917293310165405
0.5186915993690491
0.3602372407913208
0.09359718859195709
0.0498485192656517
0.10885515064001083
0.6584420204162598
0.14815521240234375
0.39659371972084045
0.4023164212703705
0.5090158581733704
0.1845078319311142
0.6400626301765442
0.6050199270248413
0.5415215492248535
0.6142675280570984
0.39534640312194824
0.5433474183082581
0.13705015182495117
0.5014287829399109
0.5646004676818848
0.569017767906189
0.5019252300262451
0.38012853264808655
0.5161226391792297
0.6475374698638916
0.40675297379493713
0.575356662273407
0.5253898501396179
0.5668222904205322
0.5615566968917847
0.48202672600746155
0.6935704946517944
0.47738125920295715
0.5284237861633301
0.5978596210479736
0.7438650131225586
0.2647915184497833
0.37375620007514954
0.33952945470809937
0.3748122751712799
0.4906856119632721
0.6597131490707397
0.6741807460784912
0.3309802711009979
0.5378056168556213
0.43773868680000305
0.6158325672149658
0.2895464301109314
0.2988503575325012
0.16231246292591095
0.28235283493995667
0.3486482799053192
0.3384109437465668
0.3559426963329315
0.2754824459552765
0.6507387161254883
0.2754695415496826
0.6553438305854797
0.6088813543319702
0.35969844460487366
0.03204108029603958
0.43467026948928833
0.6238318681716919
0.6656115055084229
0.5773309469223022
0.47813621163368225
0.5872526168823242
0.48301705718040466
0.5256567001342773
0.11687207221984863
0.6033275127410889
0.5381060838699341
0.40154707431793213
0.38436374068260193
0.33959659934043884
0.5606579184532166
0.7033032774925232
0.4917201101779938
0.6221825480461121
0.07568898797035217
0.4597240388393402
0.06636132299900055
0.4482690989971161
0.5306885242462158
0.4180924892425537
0.12419421225786209
0.4501688778400421
0.5505557060241699
0.38400647044181824
0.3623453676700592
0.19998496770858765
0.47015437483787537
0.6117661595344543
0.1807907372713089
0.21198156476020813
0.13608595728874207
0.3831885755062103
0.6390085220336914
0.3971482813358307
0.41144078969955444
0.5656500458717346
0.3711089789867401
-0.0018268898129463196
0.4001104533672333
0.5337882041931152
0.2962607145309448
0.33209094405174255
0.5382331609725952
0.3672334849834442
0.3738519549369812
0.23104026913642883
0.6930522918701172
0.5684701800346375
0.03934948146343231
0.5151423811912537
0.31002700328826904
0.04809505119919777
0.19819748401641846
0.6087640523910522
0.4392380118370056
0.6843012571334839
0.6164212226867676
0.5625704526901245
0.2550731301307678
0.2944360673427582
0.28959721326828003
0.2830437421798706
0.37944522500038147
0.8083436489105225
0.25975775718688965
0.5796653032302856
0.025691695511341095
0.3835461735725403
0.540233850479126
0.42562344670295715
0.6298879384994507
0.22148483991622925
0.6404076814651489
0.4334549605846405
0.08957085013389587
0.33728453516960144
0.4612550437450409
0.5024682879447937
0.5244976878166199
0.18435579538345337
0.5591433048248291
0.3289625942707062
0.4044645428657532
0.5238415002822876
0.15388351678848267
0.32721447944641113
0.5045153498649597
0.4296804368495941
0.5344494581222534
0.04293987154960632
0.1335752308368683
0.561587393283844
0.47955289483070374
0.30368149280548096
0.40143415331840515
0.3539941608905792
0.4995679259300232
0.5556771159172058
0.14785698056221008
0.2359851896762848
0.09772855788469315
0.20728212594985962
0.4164941608905792
0.488113671541214
0.2429192066192627
0.11971154808998108
0.42647168040275574
0.22231480479240417
0.04985853284597397
0.5594241619110107
0.15746188163757324
0.16232281923294067
0.48391976952552795
0.4149985611438751
0.17253243923187256
0.46206605434417725
0.3056337237358093
0.17613843083381653
0.4586690366268158
0.45212721824645996
0.41913554072380066
0.3610289692878723
0.4554317593574524
0.18485379219055176
0.2640562653541565
0.39768823981285095
0.14489662647247314
0.7990928888320923
0.5167920589447021
0.06937416642904282
0.42909005284309387
0.411775141954422
0.26240554451942444
0.433686763048172
0.7033191919326782
0.4421059191226959
0.5357440114021301
0.41619065403938293
0.36978599429130554
0.5456724166870117
0.44585493206977844
0.6970188021659851
0.6356281638145447
0.38022276759147644
0.39232558012008667
0.5618778467178345
0.30319181084632874
0.5467996597290039
0.33964771032333374
0.6139874458312988
0.1722995936870575
0.4710247218608856
0.5887163281440735
0.589927077293396
0.1890988051891327
0.574057936668396
0.19075779616832733
0.42528054118156433
0.4836544692516327
0.13158464431762695
0.06373598426580429
0.34970298409461975
0.4255030155181885
0.34923866391181946
0.024873770773410797
0.19418126344680786
0.08681806921958923
0.20244330167770386
0.5310006737709045
0.1691921055316925
0.5557475090026855
0.21487754583358765
0.39210644364356995
0.5574891567230225
0.4644157588481903
0.30391326546669006
0.47937291860580444
0.2065405547618866
0.33799025416374207
0.5346542000770569
0.31726640462875366
0.3645652234554291
0.5893987417221069
0.4457695186138153
0.45095059275627136
0.37460964918136597
0.5926252603530884
0.39553961157798767
0.3656451404094696
0.4034779667854309
0.49587640166282654
0.234401136636734
0.40800052881240845
0.467213898897171
0.4567621350288391
0.6084965467453003
0.5640980005264282
0.515802800655365
0.04268765076994896
