0.758782581
0.345699783
0.143369847
0.128326915
0.064520125
0.062828465
-0.021748722
-0.232113848
-0.387602934
-0.534228195
-0.580179386
-0.621187195
-0.625433035
-0.659966491
-0.691000046
-0.745923171
-0.752147599
-0.779069134
-0.843676058
-0.879579008
-0.881684293
-0.969542858
3.57572381
-1.005500054
-1.013792005
-1.025483753
-1.079098587
-1.083941208
-1.085355183
-1.170019638
-1.233761132
-1.256559559
-1.364527723
-1.4498121
-1.500998993
-1.545515457
-1.545844829
-1.680764037
-1.697402374
-1.714669574
-1.739289854
-1.744674933
-1.747124626
-1.778580268
-1.902210696
-1.9143116
-1.92012741
-1.924815684
-1.934502759
-1.953853107
-1.965761316
-1.997664891
-2.035194262
-2.050592627
3.477013012
-2.052457893
-2.158070803
-2.293779665
-2.325401125
-2.386593527
-3.317800088
-4.803635961
1.995467238
1.688291678
1.688111833
1.629049128
1.379707762
3.445374108
1.371803912
1.242844091
1.214837742
1.200150713
1.193219642
1.085750761
0.975353277
0.909858564
0.849287461
0.833432303
0.811217006
0.803791962
0.803305009
0.764717186
0.747372087
0.745053094
0.737996022
0.62984517
0.590961179
0.491761051
0.461593837
0.456854465
0.45559745
0.402094969
0.396415221
0.357812592
0.241070706
0.232019768
0.072041463
0.06799167
3.378408563
0.020831519
0.007321226
-0.07540085
-0.094724973
-0.15403399
-0.331929667
-0.344610828
-0.50601786
-0.60610341
-0.64395875
-0.769466562
-0.784679795
3.35330088
3.350460824
-1.270682181
-1.276459745
-1.336890462
-1.551063386
-1.678288253
-1.682297918
-1.746009113
-1.818312968
-2.203801681
-2.437716556
-2.693956039
-3.780927173
-4.073171507
-0.151997847
-0.395610889
-0.420908239
-0.495083408
-0.590081974
-0.602520209
-0.641108162
-0.690208685
-0.732386264
-0.735608192
-0.757002277
-0.791143354
-0.804388273
-0.871987435
-0.901883688
-0.917525613
-0.992670772
-1.122002573
-1.146407575
-1.208628723
-1.257036295
-1.30353026
-1.350371324
3.279828866
-1.385069595
-1.390915422
-1.394337344
-1.446452939
-1.470016193
-1.474116105
-1.479870279
-1.559985635
-1.617906476
-1.620803957
-1.664665073
-1.706501975
-1.774530115
-1.789239568
-1.857793924
-1.862816728
-1.882323003
-1.940709046
-1.962941648
-1.968708518
-2.022380758
-2.033498548
-2.036264467
-2.153003488
-2.206794713
-2.210105789
-2.223884076
-2.305847214
-2.336527056
-2.407427691
-2.413535373
-2.888607231
-3.016805049
-3.411737936
-3.91233926
-4.005215637
-4.26700435
0.58477804
0.576625731
0.018773854
-0.017416004
-0.075611272
-0.216794687
-0.368587434
3.218938774
-0.526527128
-0.549052686
-0.661388988
-0.683961594
-0.712832486
-0.726714271
-0.755247012
-0.787521894
-0.854361517
-0.92364914
-0.933907738
-0.94466799
-0.953788002
3.200802587
-1.124396233
-1.135282685
-1.159693123
-1.215193829
-1.243598891
3.197064462
-1.269755056
-1.386192501
-1.388585252
-1.400714869
-1.436962835
-1.481848091
-1.523684654
-1.556971089
-1.60792135
-1.614806711
-1.660726336
-1.663580292
-1.755017978
-1.761939161
-1.846440283
-1.89069929
-1.931664347
-1.940190618
-1.954719253
-1.961367631
-2.072937034
-2.099906066
-2.122711625
-2.185341141
3.179709177
-2.356018356
-2.361429164
-2.408745379
-2.518283384
-2.521015352
-2.870294135
-2.870938996
-3.302116257
-3.404440366
-4.154237042
-4.170759404
0.796648914
0.435288452
0.377572289
0.004956009
-0.062790612
-0.072309819
-0.16222726
-0.180230213
-0.199445586
-0.282835821
3.154729738
-0.30679362
-0.31240388
-0.508479036
-0.610234705
-0.646926754
-0.676100982
-0.707704978
-0.778408356
-0.783898885
-0.834201786
-0.890873075
-0.909581745
-0.93830606
-0.957276983
-0.967822639
-0.998638013
-1.093669455
-1.178839734
-1.193721057
-1.199565295
-1.209223738
-1.215888255
-1.327449135
-1.369517072
-1.428538583
-1.463371594
-1.471421336
-1.47773898
-1.4922396
-1.667685905
-1.743394482
-1.747466602
-1.750078087
-1.851412378
-1.919839376
-1.975311636
-2.106436273
-2.126745518
-2.137883368
-2.181453717
-2.182704797
-2.375307284
-2.464662616
-2.863376969
-3.110608214
-3.365336431
-3.416479265
-3.667078172
-3.845640752
3.108456923
-4.06053639
0.879518126
0.844001155
0.747296173
0.561317692
0.52191666
0.272661994
0.25383867
0.182616733
0.1295326
0.074981613
0.057782171
-0.106885811
-0.136981519
-0.149968883
-0.164912313
-0.222468748
-0.25621033
-0.266469735
-0.26792075
-0.268684894
-0.277927488
-0.283352836
-0.322833577
-0.427804713
-0.468455635
-0.475417986
-0.611823225
-0.660614235
-0.669924444
-0.676364135
-0.690372668
-0.896787559
3.078017654
-0.960132747
-0.963821223
-0.99059891
-1.017363022
-1.079287466
-1.098426554
-1.111585257
-1.150328977
-1.182931103
-1.2153913
-1.225473533
-1.40354451
-1.521396819
-1.536268158
-1.685669878
-1.791281226
-1.80125881
-1.902953164
-1.999085197
-2.042824146
-2.141936847
-2.351112652
-2.595730959
-2.652410641
-3.348943138
-3.580683655
-3.814859252
-4.856268192
0.468770724
0.093327031
-0.096912992
-0.181484323
3.051247361
-0.235449837
-0.241860741
-0.243148205
-0.302254188
-0.365861774
-0.528517336
-0.570258678
-0.570476079
-0.590201762
-0.787920627
-0.793123905
-0.81187849
-0.828234406
-0.835486285
-0.856584139
-0.893618877
-0.94318822
-0.980768181
-0.988856982
-1.001860003
-1.01277112
-1.026673266
-1.03067393
-1.092223373
-1.101124625
3.035225197
-1.106242435
-1.124202387
-1.158242654
3.032541647
-1.294702702
-1.353106792
-1.373784205
-1.442203146
-1.487026139
-1.495997019
-1.639860478
-1.682662007
-1.683799211
-1.692057279
-1.706385924
3.020009474
-1.75571518
-1.813063077
-1.871564707
-1.877596369
-1.939705641
-2.015892898
-2.037161966
-2.168076812
-2.2204074
-2.220704977
-2.247979147
3.015622898
-2.323238666
-2.408264908
-2.454666089
-2.544729061
-3.104979228
3.010955401
3.008752706
-4.723150114
0.536973215
0.4738552
-0.009948351
-0.163310723
-0.296216028
-0.347645547
3.001908156
-0.42307171
-0.433248473
-0.47646428
-0.500323332
-0.652545153
-0.664146716
-0.689574903
-0.713261704
-0.748560469
-0.766458122
-0.797523634
-0.942152637
-0.961992784
-1.015349979
-1.067991771
-1.162138747
-1.178079809
-1.183983632
-1.245740461
-1.256565512
-1.271701416
-1.309366974
-1.313117087
-1.316511641
-1.351284007
-1.356355635
-1.359808064
-1.378651234
-1.431589611
-1.512067981
-1.523967838
-1.561262263
2.980265215
-1.677140078
-1.822742447
-1.844676387
-1.888309216
-1.927058627
-1.929736011
-1.990998795
-1.99237001
-2.023343154
-2.069171993
-2.111030406
2.974002273
-2.336226324
-2.37789759
-2.564586562
-2.88823982
-2.969558268
-3.163178764
-3.402530827
-3.541102701
-3.79187298
-4.150273272
-5.142028902
0.618103896
2.965078058
-0.174880624
-0.21907148
-0.319912722
2.96170264
-0.603871634
-0.664761667
2.961093267
-0.846779648
-0.898592926
-1.010081696
-1.023756187
-1.200683204
-1.225373748
-1.254585202
-1.284158265
-1.393914735
-1.426544503
-1.529990852
-1.568877428
-1.610836085
-1.670603506
-1.685100214
-1.724367437
-1.724708261
2.947685867
-1.882222065
-1.937059713
-1.937882169
-2.019618111
-2.064986785
-2.06526357
-2.113422356
-2.203038387
-2.342517157
-2.343914363
-2.34641427
-2.353040981
-2.43766112
-2.530064495
-2.544018364
-2.612780925
-2.748484426
-2.931784986
-2.938641831
-2.994795316
-3.155410095
-3.187172585
-3.324372946
-3.501355252
-3.515280796
-3.547854466
-3.721821829
-3.774220593
-3.778153622
-3.839151302
-4.00703682
-4.47002291
1.736298969
1.385290178
1.221108123
1.209186734
1.130126202
1.054192218
2.923621662
0.998049608
0.974524461
0.973979752
0.918382777
0.893895523
0.814513601
0.722204116
0.709874666
0.704156895
0.681502284
0.652165246
0.62641914
0.62280045
0.493635998
0.44441301
0.440356197
0.40140756
0.377138958
2.915961103
0.344761024
2.915764098
0.292849139
0.262346093
0.196337342
0.128729351
0.088352064
-0.040142366
-0.092580405
-0.151223975
-0.168922617
-0.247599449
-0.340839432
-0.424384178
-0.427002691
-0.52534953
-0.585001841
-0.588932343
-0.686074939
-0.847935352
-0.866714059
-0.897244362
-1.001143794
-1.019194535
-1.266113898
-1.307221684
-1.355311138
-1.36019228
-1.460719617
-1.638268802
-1.712680879
-1.766616518
-2.035220657
-2.147762492
-2.410030161
-3.297029554
-3.373224275
2.885069575
1.958131964
1.8301517
1.754934807
1.534919397
1.471263081
1.406115179
1.307270361
1.200868719
1.125753618
1.02619323
0.864356046
0.80940267
0.776128793
0.693924062
0.684329337
0.632030201
0.60956055
0.577319254
0.526661866
0.497132843
0.474775505
0.472872141
0.447522707
0.359084349
0.323078762
2.868144178
0.295095579
0.262139703
0.20098405
0.077135126
-0.028036068
-0.121839338
-0.150192931
-0.216216681
-0.34469683
-0.356287458
-0.421806807
-0.444787913
-0.533013304
-0.604520379
-0.638484035
-0.690828958
-0.785802269
2.857128537
-0.970884278
-1.032511147
-1.108797419
-1.335701921
-1.346704247
-1.417328078
-1.568483818
-1.58264316
-1.64523263
-1.871674036
2.847600233
2.846418814
2.846300214
-2.605534368
-2.898919548
-2.996694336
-3.388061538
-3.60809605
-3.703378986
-4.213633796
0.30491743
-0.15864799
-0.314814953
-0.495856336
-0.577775593
-0.736268352
-0.755419845
-0.79096154
-0.796938953
-0.891405524
-0.942413596
-0.973363875
-1.009996112
-1.060142054
-1.097576274
-1.188255187
-1.241121332
-1.26706043
-1.411465242
-1.523108158
-1.596768322
-1.604737096
-1.619909733
-1.802864228
-1.834339506
-1.848725319
-1.920149841
-1.930650465
-1.964798132
-1.986866112
2.820333392
-2.216338134
-2.265508344
-2.270384593
-2.27258792
-2.333625876
2.815952753
-2.38144497
-2.412913399
-2.424107729
-2.437376976
-2.476707683
-2.501687009
-2.541808957
-2.554558777
-2.835189
-2.883701322
-2.892607533
-2.91676022
-2.931286361
-2.935943412
-2.941318405
-2.996278587
-3.122696835
-3.139349609
-3.341447526
-3.468086169
2.805836614
-3.56346629
-3.906355549
-4.22929584
-4.376885767
-4.469641245
3.558603699
3.222745574
3.093392596
2.802813169
3.064479469
2.652281352
2.626800155
2.393890781
2.388441698
2.274259081
2.208095022
2.197167805
2.190213593
2.173902764
2.798115188
2.109619798
1.791004585
1.751796353
1.54061282
1.080105728
1.074621248
-1.090922321
2.785111788
3.18111193
3.047918952
3.026487008
2.931387652
2.925570325
2.887709091
2.850840509
2.820950086
2.794309964
2.79110898
2.720684389
2.694387236
2.774900594
2.68317895
2.599702
2.476099055
2.391798025
2.34606922
2.146095125
2.101462877
2.062176772
1.623864833
1.439257882
1.400829909
1.215366165
0.709196784
0.669290195
0.440537616
0.311144356
0.300725006
0.214479183
0.001706522
-0.045457452
-0.084172649
-0.357914466
-0.407648634
-0.44808031
-0.863264026
-0.900117757
-0.937783715
-1.043377212
-1.10515736
-1.108509741
-1.20892164
-1.237552842
-1.34466117
-1.393267482
-1.457606153
-1.599183025
-1.675133791
-1.798316959
-1.85332568
-2.216944564
-2.347838479
-2.522274705
2.745407488
-2.74087275
2.744613445
-2.85703467
-2.88075405
-3.460323939
-3.868382006
2.938959256
2.92976197
2.900527329
2.893306423
2.853952552
2.649150688
2.639055162
2.631937377
2.628764437
2.479282981
2.286180489
2.208334243
2.008420573
1.903303069
1.856905445
1.824056529
2.727375643
1.817737655
1.489216849
1.425351346
1.366397546
1.342835448
1.074185889
0.908741088
0.306708823
0.291244437
2.723716776
0.212335141
0.19863651
0.05962835
0.056131259
0.012217864
-0.124940789
-0.365091013
-0.643017151
-0.682672141
-0.701442154
-0.79023417
-0.844705103
-0.908545593
-0.951222967
2.714789214
-0.966606697
2.71289552
-1.142526519
-1.213093596
-1.230590557
-1.287116707
-1.309307448
-1.36592909
-1.395960534
2.704432879
2.703947978
-2.189537962
-2.249183507
-2.262079629
-2.272680783
-2.37557003
-2.437966692
-2.481059894
-2.532257988
-2.958471541
-3.319390596
-3.442044724
-3.492188209
2.698320126
-3.54314617
2.697094751
3.645329977
3.47347583
3.414329659
3.414016174
3.359099322
3.354037688
3.341743539
3.324886666
3.324000502
3.321095717
3.299325071
3.231642715
3.203033552
3.118193882
3.110977746
3.098839933
3.052224453
2.99741026
2.983793695
2.966278664
2.78502684
2.688391129
2.742741563
2.732752674
2.718559752
2.695034042
2.679627546
2.673468065
2.659122256
2.587636116
2.573570355
2.55953925
2.41430754
2.279246089
2.173486604
2.132952911
2.129523086
2.07094462
1.805006316
1.800207891
1.342784643
1.3339836
1.332537749
1.319879239
1.203401588
1.004692802
-0.776581307
-1.531284725
-2.389176249
3.694459669
3.391394987
3.072724075
3.057881133
3.051499513
2.997906256
2.937994463
2.876667798
2.869275127
2.846468396
2.84218158
2.754339028
2.72656116
2.668674542
2.660190726
2.644470196
2.638870449
2.632740202
2.593551512
2.576544831
2.554836755
2.527332715
2.657457867
2.518306116
2.475067722
2.433153999
2.423841024
2.391230117
2.383063025
2.376839219
2.372368064
2.335934425
2.204473543
2.192184263
2.151279388
2.110209697
2.09186002
2.025415441
2.009500317
1.916361181
1.889279301
1.868362914
1.827767932
1.604976982
1.478268603
1.066079433
1.008710012
0.856986168
0.785408003
0.683437787
0.313322554
0.106477177
2.64362929
-0.222321293
-0.733528965
2.640086104
-0.986280942
-1.070356133
-1.224186584
-1.347210854
-1.551489845
-2.009606378
-2.745638828
2.607974773
2.321799161
2.221649812
2.166250524
2.155537638
1.773187603
1.749567633
1.57662329
0.488081679
0.049196291
-0.122535639
-0.157497557
-0.163991936
-0.31020527
-0.327266918
-0.391891422
-0.4853779
-0.590204062
2.616891105
-0.691215423
-0.691435087
-0.801494708
-0.835023433
-0.886126727
-0.901068741
2.613814234
-0.981588324
-1.036558726
-1.03701194
-1.135574065
-1.158627109
-1.306139837
-1.352252517
2.606656798
-1.431576345
-1.458191001
-1.491692102
-1.54943241
2.604351414
-1.677382834
-1.723596123
-1.75477396
-1.757921328
-1.764961825
-1.845028571
-1.864789606
-1.872530873
-1.905723716
-1.937006433
-2.116841703
-2.186304049
-2.212717178
-2.224471417
-2.244362751
-2.281567781
-2.287106365
-2.404685741
-2.430968075
-2.698656771
-3.189840394
-3.408589501
-4.230344387
-4.780751811
2.967887015
2.587242976
2.4694704
2.378786698
2.340720489
2.162151964
2.137873751
2.133742347
1.870766149
1.600807385
1.488151701
1.435045765
0.750572866
0.271356961
0.236338155
0.038994627
-0.043727632
2.576808782
2.576273157
-0.240816782
-0.322904049
-0.326807451
-0.411438034
-0.439998403
-0.621338855
-0.638874902
-0.720242204
-0.723079337
-0.730622856
-0.773108708
-0.84855786
-1.006216632
-1.032770453
-1.0373389
-1.099942896
-1.36668742
-1.403884446
-1.429388431
2.56267359
-1.478838268
-1.482663847
-1.502870735
-1.573285405
-1.70984857
-1.773952246
-1.789554794
2.554858788
-1.806436428
-1.813269154
-1.955948845
-2.034104007
-2.164781889
-2.202859108
-2.24815358
-2.382881717
-2.482726643
-2.552842084
-2.593839563
-2.8124161
-3.081346391
-3.215545027
-3.23252649
-3.298924142
-3.574458878
-4.322430921
0.530772228
-0.263629412
-0.338058891
-0.41815219
-0.483031107
-0.529245258
-0.537990169
-0.592371068
-0.688961221
-0.724710281
-0.734381721
-0.765130577
-0.766972101
-0.888569752
-0.918381921
2.533287146
-1.016548569
-1.078736195
-1.092030629
-1.113668431
-1.117181082
-1.190514165
-1.191067608
-1.206127187
-1.216721216
-1.250568159
-1.307616124
-1.354286404
-1.368382387
-1.405084
-1.407107201
-1.426503488
-1.446408884
-1.469126776
-1.548766381
-1.617206781
-1.662446599
-1.664834076
-1.680718243
-1.693474532
-1.707222269
-1.748153916
-1.765289562
-1.78237944
-1.8847914
-1.961368024
-1.987400462
-2.013035277
-2.13278252
-2.320918485
-2.34691317
-2.493641918
-2.505947646
-2.629401883
-2.730131929
-3.181394985
-3.212827266
-3.390002883
-3.416886636
-3.552854936
-3.658333765
-0.096608406
-0.562482795
-0.597566757
-0.634660984
-0.742308437
-0.755017231
-0.816970049
-0.821966916
-0.828144696
-0.838111401
-0.912134941
-0.936725706
-0.945634945
2.491232241
-0.969941907
-0.990213961
-1.043746569
-1.10191117
-1.181071947
-1.202984836
-1.223376183
-1.245769929
-1.292906848
-1.367845819
-1.40974972
-1.431094609
2.480980658
-1.489043809
-1.58849396
-1.622602127
-1.712286944
-1.742368136
-1.771758867
-1.818252786
-1.840447972
-1.852936772
-1.874617106
-1.961964846
-1.967986943
-1.98557114
-2.014978578
-2.058990121
-2.325551404
-2.353197674
-2.370453897
-2.381265007
-2.44058166
-2.495920797
-2.600132496
-2.646659742
-2.720596465
-2.857967718
-2.876390477
-2.903684183
-3.000365256
-3.037437317
-3.134654963
-3.198423452
-3.292682275
-3.801248275
-3.85631778
2.457744905
-4.863828669
2.456043236
3.604941415
3.173260713
3.139645664
3.092977865
2.884573515
2.748342751
2.717183041
2.710550023
2.708995939
2.648952783
2.480512582
2.449069675
2.387217287
2.225429328
2.212487962
2.113328557
2.071599679
1.919284846
1.861549528
1.389776462
1.302327145
1.187932122
1.170503776
1.087671645
0.957775574
0.785526024
0.708036613
0.303629183
0.267061485
0.083862137
-0.144237865
-0.168398224
-0.284207888
-0.297380792
-0.304076807
-0.341902776
-0.453920009
2.431946698
-0.507066986
-0.587998642
-0.626154837
-0.659629262
-0.68365323
-0.79296109
-0.862305684
2.427035252
-0.892829262
-0.893860057
-0.896431272
-0.931502868
-1.250939852
-1.26722703
-1.513474098
-1.527250087
-1.830351182
2.41074349
-2.146017757
-2.277886338
-2.426257866
-2.711725537
-2.747795021
2.40471201
-3.329410773
-4.299155275
0.185492517
0.131720702
0.009367354
-0.012421848
-0.144206467
-0.171685646
-0.177377076
-0.287882741
-0.288335196
-0.356725474
-0.517139901
-0.554564066
-0.569752497
-0.573092688
-0.582345799
-0.591032495
-0.604956439
2.390064195
-0.631711305
-0.660294005
-0.68558796
-0.726149665
-0.750841404
-0.771678191
-0.842786694
-0.904463727
-0.908993731
-0.912318286
-0.933860509
-0.983348002
-1.129431838
-1.190385638
-1.210222759
2.380865485
-1.21939125
-1.292431331
-1.349112047
-1.350676535
-1.38453092
-1.412178507
-1.413264918
-1.468516457
-1.524481567
-1.640915393
-1.734562814
-1.752896994
-1.914189171
-1.964646522
-1.978889201
-1.982080254
-2.129889444
2.367984759
-2.300877811
-2.417893466
-2.42570127
-2.611408633
-2.691890761
-2.942136941
-3.354030016
-3.713695963
-3.764730631
-4.020306026
-4.055071489
2.355754726
3.484582728
3.414446653
3.337280213
3.218928358
3.139189289
3.048119929
3.017646824
2.913501065
2.87888067
2.80745021
2.634867222
2.623662487
2.616514175
2.566635059
2.554031371
2.529127045
2.523399743
2.485880366
2.35008931
2.267433665
2.22584569
2.079640465
2.055925335
1.95831739
1.743036705
1.730646813
1.603916628
1.538762012
1.389379345
1.370772159
0.923118617
0.914985013
0.768668764
0.717163882
0.355444329
0.299243801
2.335690422
-0.471286109
-0.533779102
-0.74253947
-0.830276025
-0.857279774
-0.949954166
-1.035526779
-1.047528646
-1.295286926
-1.423929843
-1.425368304
-1.445328047
-1.534492086
-1.794570517
-2.06711266
-2.368101238
-2.5637667
-2.922181898
-2.989408248
-3.211745014
-3.353368275
-3.378444437
-4.012185909
0.257133008
0.132537558
0.096390249
0.057263776
0.054041821
-0.057092297
-0.235531839
-0.24816731
-0.333815013
-0.356745775
2.306209636
-0.523444878
-0.574741165
-0.769246422
-0.81967011
-0.882910029
-0.914061794
-0.94512944
-0.950887992
-0.971054791
-0.980730351
-1.003638958
-1.018083496
-1.065333566
-1.072612253
-1.149905281
-1.152357037
-1.163677559
-1.166856217
-1.199405519
-1.250098653
-1.325351083
-1.35487796
-1.418529127
-1.436155462
-1.505634445
-1.597187724
-1.59880001
-1.64557716
-1.76809418
-1.768982922
-1.840166645
-1.858458529
-1.878593895
-1.936331371
-1.957328599
-1.983489511
-2.050423734
-2.079197029
-2.249460175
-2.326730265
-2.35647456
-2.420005272
-2.588658767
-2.710499357
2.261798104
-3.006487246
-3.100009847
-3.455439975
-3.52384146
-4.194716599
-4.660445621
2.944017175
2.919914247
2.692263597
2.63646519
2.377351579
2.346890386
2.321571108
2.30603892
2.294945299
2.214820079
2.213852792
2.086494012
2.078796682
1.950391561
1.864503874
1.80730301
1.777460725
1.773240445
1.686950244
1.6642128
1.646515146
1.646291303
1.603494418
1.462726053
1.457160773
1.127278555
1.111395847
1.060131361
1.029128154
0.988690171
0.924755896
0.881476008
0.807396038
0.51377616
0.417833585
2.234955357
0.389158067
0.295469359
0.29457544
-0.007659515
-0.011642443
-0.024885017
-0.159951151
-0.411418973
-0.412400528
-0.582869095
-0.629436492
-0.704592551
2.223514754
-0.786042395
2.223029396
-0.94744096
-1.419919797
-1.558975975
-1.72997065
-1.766215944
-2.27320252
-2.521459894
-2.753473306
-2.984538412
-3.130619546
0.058610275
-0.096478788
-0.172407923
-0.22666737
-0.335667186
-0.436205731
-0.539923232
-0.590199002
-0.658122147
-0.707423434
-0.752730781
-0.758502494
-0.761596895
-0.763846729
-0.773478496
-0.862756618
-0.872463208
-0.898520475
-0.975778471
-0.984737355
-0.993348284
-0.995633296
-1.016560492
-1.042029085
-1.07936466
-1.10367172
-1.130279389
-1.134474194
-1.139891204
-1.160409383
-1.186331091
-1.308079559
-1.329016423
-1.402339275
-1.423178341
-1.455107636
-1.497906458
2.157375269
-1.575506104
-1.61504347
-1.673630855
-1.684601555
-1.818261194
-1.848142081
-1.849135154
-1.85925843
2.150229564
-1.931759893
-1.984981703
-2.027727561
-2.082981534
-2.297740785
-2.433573581
-2.612746996
-2.793134198
-2.848172421
-2.907059971
-3.010229582
-3.318774971
-3.94161198
-4.485640944
0.305705099
0.284513726
-0.041227168
-0.127615855
2.136630669
-0.167712721
-0.464310248
-0.46541002
-0.573331603
-0.574856648
-0.633936623
-0.652042306
-0.66315977
2.130398481
-0.704253307
-0.743362278
-0.772071345
-0.788816352
-0.946096041
-0.962356283
-1.06783396
-1.185174327
-1.216450356
-1.250345975
-1.339844273
-1.356464194
-1.387338201
-1.425223572
-1.446357308
-1.495696081
-1.547670178
-1.749314955
-1.766010282
-1.799422452
-1.859609684
-1.955560072
-1.977878492
-1.984509682
-2.010394873
-2.024778823
-2.030818473
-2.121395673
-2.21316181
-2.278493169
-2.468032893
-2.499140109
-2.527587104
-2.530896174
-2.772201246
-2.997369852
2.087347177
-3.042549991
-3.118411978
2.086387954
-3.140370753
-3.159291375
-3.221720548
-3.360296441
-3.460957634
-3.509704042
-3.57952432
-3.661663028
-3.864556408
0.700643935
0.07332951
0.016840694
-0.091101993
-0.245007231
2.075874224
-0.249193516
-0.3322259
-0.335676117
2.070063944
-0.503970734
-0.533768201
-0.544517561
-0.545183483
-0.55984994
-0.575143534
-0.589188953
-0.659517997
-0.668133553
2.059523929
-0.722507409
-0.734592508
-0.753956696
-0.772132141
-0.858047365
-0.966664606
2.055537856
2.050400589
-1.107183968
-1.214367916
-1.320185386
-1.461435316
-1.577206279
-1.5860825
-1.672963097
-1.67605184
-1.704110746
-1.763813547
-1.823798193
-1.874356827
-1.902935992
-1.903841287
-1.9468132
-1.947447583
-1.970564104
-2.007678328
-2.193867913
-2.26833543
-2.444697032
-2.504744243
-2.646768728
-2.648098319
-2.716192406
-2.762222749
-2.782695675
-3.115055324
-3.312186452
-3.345400445
-3.358172422
-3.446640622
-3.602775136
-3.947693226
-3.988159988
-4.597436925
-4.640430799
3.286244042
3.156585429
3.148228474
3.145528859
3.143991507
3.120952534
3.113570927
3.107564335
3.102501305
3.050111379
2.97250107
2.920390573
1.996376695
2.887671473
2.850389438
2.820639747
2.815071992
2.796149479
2.75774572
2.697959938
2.695352658
2.666148139
2.657876904
1.987381597
2.653814483
2.649348947
2.635264126
2.592194512
2.545497175
2.540057171
2.539169695
2.503586216
2.479659118
2.474613841
2.418357218
2.38104629
2.337126713
2.331790488
2.313755726
2.31327267
2.278313903
2.255355234
2.170049284
2.138533955
1.957089236
1.903352813
1.891079842
1.740202294
1.205306148
1.053301477
0.724545368
0.179300619
0.098619557
-0.152493535
-0.723676724
-1.029639905
1.962609058
1.961773912
-1.405558556
-1.440320875
-1.635786494
-1.704720376
-2.565464929
-2.828985696
1.023507381
0.898536372
0.368022311
0.313179784
0.1975811
0.099307468
0.094993538
-0.000912796
-0.067791434
-0.135302037
-0.200595391
-0.226219663
-0.330608787
-0.385261701
-0.399581
-0.43022386
-0.462539549
-0.475829282
-0.502171191
1.918726019
-0.548451926
-0.562029348
-0.711393462
-0.788320765
-0.818360816
-0.829385689
-0.84615989
-0.868818721
-0.90407
-0.967618401
1.910490232
1.910097117
-1.076361306
-1.128415796
-1.191387567
-1.266071245
-1.30674571
-1.307560925
-1.343365589
-1.359599555
-1.38872436
-1.531433935
1.89732863
-1.544569347
-1.582149707
-1.651344479
-1.651570263
-1.87159197
1.892149978
-1.913886875
-1.941660023
-1.981617439
-1.983414323
-2.026268615
-2.25218769
-2.253765808
-2.352003677
-2.424950645
-2.472994962
1.88576806
-2.843039048
-2.868294834
-3.37964413
-4.029453262
-4.102006888
-4.190788751
2.698831311
2.670940172
2.58603308
2.575582912
2.455911871
2.365089554
2.363057231
2.349375502
2.289958679
2.214523731
1.859767177
2.067879346
2.066671576
2.05917152
1.996843465
1.986762
1.97771677
1.966999319
1.864808446
1.82464788
1.791996257
1.757785132
1.737044063
1.712560565
1.849439942
1.654409847
1.641200779
1.601753303
1.38160167
1.353881018
1.012147287
0.901798386
0.794629248
0.738826108
0.701213404
0.617180227
0.219065505
0.03389444
-0.088328244
-0.153574661
-0.226627067
-0.23564642
-0.318111254
1.833781419
1.833068566
-0.565013344
-0.595267582
-0.638910648
-0.798244237
1.830362853
-0.89937498
-0.954432707
-0.96845395
-1.085380577
-1.165854169
-1.208776528
-1.403252346
-1.438075489
-1.453902737
1.826763113
-1.587169082
-1.752333631
-1.855237151
-2.314442069
-2.719974466
-3.610662428
2.676288817
2.474587111
2.459371417
2.402605151
2.39943064
2.376117491
2.313716478
2.025181759
2.00831692
1.888059363
1.862342059
1.495178482
1.455979229
1.404729304
1.399515714
1.313130364
1.23951535
1.066633271
0.93855225
0.781158006
0.741644073
0.521441663
0.518350888
0.465365261
0.238614207
0.12156459
0.056700014
-0.107375834
-0.301453407
-0.418489158
-0.433584935
-0.504725848
-0.53126524
-0.563217905
-0.569843394
-0.62571861
-0.671774889
-0.707280274
-0.852194932
-0.871793559
-0.936405563
-1.017395918
-1.039552975
-1.106091942
-1.478464089
-1.522727641
-1.547850806
-1.897423265
-1.944911585
-1.978252686
-2.02157059
-2.571947794
-2.699794683
1.737342742
-2.880018012
-2.881040712
-3.355573037
-3.529779499
-3.756264941
1.534919397
1.240055205
1.239028496
1.050285059
0.69050264
0.655626195
0.65311328
0.481031687
0.334370137
0.160370641
0.020975521
-0.244846883
-0.360579293
-0.453716711
-0.55142485
-0.864958239
-1.031737713
-1.18561062
-1.576536812
-2.32484024
-0.024168565
-0.0317511
-0.149741522
-0.182155029
-0.196112836
-0.240075656
-0.312426873
-0.339378666
-0.345690991
-0.361519378
-0.36254728
-0.497769296
-0.498524155
-0.5294098
-0.563181857
-0.704272894
-0.713822634
-0.735519517
-0.737922475
-0.745149471
-0.74724948
1.673766297
-0.810293681
1.664633083
-1.183798466
-1.212723253
-1.218410539
-1.248273412
-1.413716772
-1.420200914
-1.420582583
-1.426097634
-1.447128643
-1.48955003
-1.494312738
-1.518949318
-1.772483703
-1.80106235
-1.811642131
-1.848273931
-1.873471197
-1.930270189
-1.942316722
-1.951499585
-1.952988507
-2.045644785
-2.058092592
-2.307424667
-2.339816265
-2.447080663
-2.476713792
-2.618939645
-2.67118742
-3.027395074
1.630782907
-3.219461766
-3.264647937
-3.485814339
-3.546488528
-3.753755355
-4.450895184
-4.554065086
-4.960489164
3.425755856
3.109028797
3.075854253
2.880685649
2.850832564
2.354270124
2.319803965
2.179351515
2.14982775
2.091779704
2.002727506
1.973254952
1.965201909
1.957437657
1.945394216
1.913395151
1.888042286
1.881086389
1.791759932
1.776783824
1.710198674
1.706893489
1.47574093
1.446713418
1.437810276
1.416954216
1.354822543
1.239485032
0.925518667
0.916114062
0.831872643
0.754745069
0.590723931
0.270353114
0.251975043
-0.114444322
-0.37344253
-0.423416761
-0.46944345
-0.605796405
-0.621270735
-0.80514036
-1.111713932
-1.126658173
-1.207950141
1.560517038
-1.451601693
-1.580841119
-2.155625035
-2.338912476
1.549020491
-2.651896736
-2.857262029
-3.520994417
-4.031408798
3.276182774
3.021530959
3.017445116
2.957385707
2.709001928
2.664897892
2.628043551
2.61390534
2.574059249
2.536627006
2.516494708
2.503526599
2.496851637
2.492255236
2.485197745
2.479198378
2.411336742
2.397551105
2.381497434
2.378084202
2.375343558
2.28543549
2.275552515
2.249088759
2.21141147
2.179945411
2.136398484
1.943921181
1.899774097
1.899629291
1.898735457
1.893579629
1.893385563
1.801697362
1.801574332
1.512141143
1.714223502
1.56261397
1.517545414
1.477844281
1.448226288
1.392985896
1.360403009
1.316124281
1.315025002
1.314661322
1.184055737
0.911610116
0.823548507
0.732459577
0.6427103
0.264952005
-0.179500668
-0.580631127
-0.585887476
-0.894798117
-0.98141319
-1.081326001
-1.881852741
1.486982926
1.071440599
0.597369352
0.302083737
-0.013529197
-0.111970066
-0.542961102
-0.700674365
-0.761209067
-0.905506365
-0.961698495
-1.082806967
-1.616785788
-1.656335234
-1.684252249
-1.91583823
-1.927257429
-2.080757224
-2.252067748
-2.301099923
1.457190814
-2.552671067
-2.563282499
-2.755176047
-2.949857115
-2.974935625
-3.052850062
-3.067663378
-3.094055293
-3.218394609
-3.263734551
-3.55765297
-3.661885125
2.652110639
2.532957964
2.522471399
2.520882865
1.439690413
2.355105737
2.335953267
2.246953028
1.431108243
2.243113217
2.223074691
1.429538807
2.194578962
2.086175561
2.052879479
1.959269926
1.937834475
1.937136619
1.933806036
1.742794446
1.742388045
1.666267439
1.614026911
1.532891478
1.209037804
1.187091337
1.167717221
1.147914994
1.141495708
1.135654145
1.057678964
0.961302885
0.921247751
1.411352802
0.7453491
0.307768958
0.301022601
0.184174596
0.129143245
0.126221734
0.104835674
0.068241186
0.043274829
0.007988626
1.404385802
-0.114751699
-0.142199028
-0.182802866
1.396873061
-0.394143253
-0.417314451
-0.427720992
1.390471464
-1.001378568
-1.283428215
-1.283936226
-1.291606054
-1.928769857
-1.939121312
-1.953922561
-2.065325954
-2.145510724
-2.232193804
-2.425060839
-2.96809582
-3.817924112
-3.879865618
1.358262815
1.857077291
1.809463569
1.702360979
1.625871552
1.346972755
1.348780527
1.186158833
1.13421836
0.880341993
1.346395923
0.723936698
0.626605205
0.607065106
0.525714862
0.44909329
0.355235697
0.239559022
0.188236655
0.169869851
0.166377565
0.159001116
0.102556801
0.030875951
-0.046678206
-0.060293736
-0.119321316
-0.124493944
-0.178972877
-0.427507889
-0.602051333
-0.628160822
-0.645361403
1.321090648
-0.676203923
-0.725368878
-0.853448109
-1.002815574
-1.022368144
-1.098225156
-1.227294901
-1.269186742
-1.325307553
-1.356409308
-1.368187052
-1.391436511
-1.429752381
-1.457693257
-1.487016292
-1.544390872
-1.600235373
-1.611650152
-1.62621925
-1.941115679
-1.946598793
-2.22609085
1.293299911
-2.339744787
-2.580667995
-3.116758807
-3.230509617
-3.240002011
-3.487808077
1.280810765
-4.017059715
-4.731489547
2.843656084
2.75871931
2.722806953
2.626937773
2.56728932
2.464676857
2.414994524
2.406819516
2.384706227
2.369020998
2.262491865
2.233649554
2.015325838
1.724210818
1.652552793
1.409685294
1.375803013
1.34984295
1.273054704
1.183800113
0.902126658
0.814440096
0.726892924
0.579017263
0.413060344
0.363308027
0.280383045
0.261812772
0.242972303
0.152451182
0.149076043
-0.312568232
-0.326540805
-0.334811292
-0.369896406
1.235871833
-0.529120399
-0.612014628
-0.639002202
-0.678553429
-0.685808543
-0.728700232
-0.731587674
-0.812511845
-0.846702139
-0.862870655
-1.075079814
-1.152702115
-1.256239544
-1.519316137
-1.666175703
-1.800544696
-1.802975686
-2.042555069
-2.055946809
-2.794655827
-3.401799846
-4.161475058
2.380058608
2.094637715
2.083075179
2.029997712
1.190663303
1.855252656
1.73623072
1.062726974
0.863891503
0.693746426
0.505766559
0.496119883
0.396877273
0.376427117
0.175355213
0.053023639
-0.115460522
-0.146840314
-0.147520878
-0.165178896
-0.318285205
-0.528949111
-0.576910123
-0.6143312
-0.660586183
-0.767371736
-0.809419489
-0.852270616
-0.914921086
-0.959783317
-0.998813502
-1.004504442
-1.046820042
-1.063187176
-1.093968007
-1.154391122
-1.227619341
-1.235866183
-1.271714528
-1.284077901
-1.409783299
-1.53230938
-1.546697579
-1.582559066
-1.604362096
-1.617031598
-1.672429114
-1.69712457
-1.876390139
-1.882667178
-1.939537911
-1.988732929
-2.094690748
-2.191382868
-2.282912547
-2.413225917
-2.46015652
-2.480919494
-2.708102166
-3.048435946
-5.316132434
0.19336242
-0.029163593
-0.116947393
-0.175165154
-0.224577398
-0.31746586
-0.468734532
-0.626875223
-0.724246431
-0.7622987
-0.775259517
-0.78394502
-0.928203562
-0.988986227
-1.022259827
-1.065951845
-1.122973888
-1.126698964
1.07848193
-1.25903475
-1.265445145
-1.268513939
-1.286132258
-1.334311939
-1.368987738
-1.383585893
-1.42536888
-1.443761339
-1.503958018
-1.521775625
-1.539648266
-1.553295145
-1.558824123
-1.567398102
-1.570700993
-1.626020121
-1.645671167
-1.763837733
-1.818942987
-1.853050913
-1.859463085
-1.970846407
-1.975410865
-2.043136236
-2.188536532
1.045466304
-2.188885037
-2.214136977
-2.26408037
-2.275433782
-2.294991706
-2.399403091
-2.452744013
-2.492469729
-2.574768243
-2.680560708
-2.820379558
1.03342521
-2.847496637
-2.973009316
-3.109186218
-3.178868405
-3.3097774
1.615055429
0.985538656
0.87616786
0.503220086
0.432206182
0.419253723
0.366534744
0.23574197
0.152500971
0.149332477
0.145023615
1.0202355
-0.204057453
-0.235268996
-0.303722874
-0.307600398
-0.325355638
-0.401255911
-0.436294859
-0.464553653
-0.513556171
-0.549454611
-0.585630773
-0.611241457
-0.673715393
-0.765792755
-0.860449091
-0.882230312
-0.915611112
-1.006833156
-1.009421786
-1.086275103
-1.221537032
-1.23555642
-1.306144532
-1.380319792
-1.418550025
-1.44617369
-1.5238142
-1.553784609
-1.566474842
-1.575313162
-1.599477803
-1.613765247
-1.619005085
-1.884945041
-2.016035362
-2.070357003
-2.078704051
-2.141383974
-2.322981927
-2.411146508
-2.497208598
-2.757006515
-2.775905238
-2.796013429
-2.840613929
0.960487211
-3.791575948
-3.802187749
-4.430252161
3.617876726
3.58956019
3.421473223
3.333994324
3.327027515
0.94390083
3.186026915
3.180536154
3.1563725
3.136323851
3.132123643
3.127000082
3.116279767
3.112168643
3.107541964
3.071815579
3.067186369
3.065490394
3.041317964
3.029198063
3.019682089
3.00167492
2.978198116
2.967388332
2.944683657
2.943458133
2.906753243
2.905590879
2.904545296
2.890013334
2.843172781
2.840575859
2.832455657
2.822255146
2.817208767
2.809684062
2.786839376
2.776287711
2.766658113
2.765651153
2.764771501
2.702534899
2.695915907
2.694427865
0.920221741
2.618940784
2.561981681
2.552089123
2.533104206
2.514280977
2.481211249
2.424456014
2.322724258
2.153068694
2.103651892
1.968705819
1.851861241
1.767572428
1.129260264
-0.052092152
-0.863988002
0.900816372
-1.597583522
0.893802814
0.884782895
1.310321826
0.798026218
0.29148676
0.211804187
0.097554198
0.049461023
-0.066366768
0.875001013
-0.206312868
-0.320536267
-0.355105143
-0.360331301
0.872256661
-0.383793806
-0.419660876
-0.523202441
-0.552793453
0.868180568
-0.559750831
-0.600846773
-0.621416085
-0.62816958
-0.709077292
-0.735113551
-0.760288857
-0.807991615
-0.82611513
-0.826698071
-0.854005009
-0.874815032
-0.881496594
-0.927723756
-0.963983233
-0.968496708
-1.007651262
0.852788174
0.852205494
-1.151152408
-1.204921545
-1.280532342
-1.307461894
-1.321282686
-1.330354682
-1.43124779
-1.433331171
-1.510622043
-1.514101074
-1.515542631
-1.579326632
-1.609729325
-1.635141763
-1.635182109
-1.701017182
-1.823491588
-1.84082254
-1.857169795
-1.966754307
-2.312110081
-2.665865288
-2.689312206
-2.695557591
-3.328435659
-3.626051497
-4.146142589
1.970944567
1.686511977
1.504185147
1.482657464
1.482230978
1.350250552
1.329708707
1.299502263
0.810343148
1.276216603
1.253517508
1.235839128
1.109146807
0.805787802
1.092584291
1.03794168
1.033065557
1.024612577
1.006676482
0.981330056
0.943483092
0.868453793
0.863683607
0.859853464
0.761015253
0.751686198
0.751065424
0.739252623
0.717668582
0.69132685
0.676674807
0.642202119
0.568900513
0.785651785
0.457644954
0.441291119
0.439261981
0.393430208
0.308381967
0.305858831
0.783496289
0.237780538
0.20779093
0.18506281
0.154233102
0.104040258
0.049317085
0.777451289
-0.0690851
-0.087181181
-0.198867871
-0.264259068
-0.268475923
-0.305878688
-0.32848877
-0.772501259
0.770748606
0.770540716
-1.019342265
-1.29339418
-1.313217504
-1.459619522
-1.989343137
-2.319590402
-2.53175775
-2.976911404
-3.006724866
0.75026045
1.607512411
1.604319525
1.5948308
1.57617993
1.264854936
1.199335884
1.156950439
1.125976511
1.045400241
1.015946965
1.009928573
1.009761167
0.953527561
0.937646196
0.930184645
0.885993013
0.871625751
0.85244088
0.809899881
0.540856079
0.487294335
0.451224715
0.438762225
0.43337891
0.428336467
0.396324472
0.356756559
0.352906981
0.350524516
0.347770701
0.335395706
0.330003255
0.322868675
0.178210319
0.175946473
0.140099065
0.049596424
-0.117848684
-0.297938895
-0.335162507
-0.377695228
-0.461719423
-0.530487037
-0.581906015
-0.668476948
-0.677901265
0.7218921
-0.878303632
-1.064007072
-1.177348245
-1.218735597
-1.242487985
-1.307634348
-1.833069615
-2.141153765
0.699128954
0.696194357
-2.339708395
-2.620740154
-2.778428332
-2.786731234
-2.892482542
0.687191255
-3.75801559
0.100117192
0.036307357
-0.215925827
-0.240495911
-0.300240737
-0.308623615
-0.393412099
-0.396734066
-0.497987732
-0.694561808
-0.7238706
-0.744046779
-0.75208059
-0.848185341
-0.950388801
-0.994595408
-1.025700332
-1.035516082
-1.038610485
-1.041333218
-1.060034524
-1.10839599
-1.118445664
-1.173033125
-1.174309632
-1.198196207
0.663683875
-1.219118726
-1.246511513
-1.276053457
-1.330894732
-1.408229854
-1.450581185
-1.48922588
-1.541622885
-1.588485096
-1.59779698
-1.608704105
-1.628041448
0.648119561
-1.654737876
-1.660459376
0.647755702
-1.66564332
-1.819114153
-1.834587966
-1.883060943
-1.920927627
-1.984329773
-2.058273282
0.634710319
-2.392608838
0.628773813
-1.435515422
-2.525573379
-2.605264754
-2.63500646
-3.004399474
-3.029226287
-3.652159626
0.616789393
-3.859548543
-3.86838659
-3.984602786
-4.248770696
-4.290525211
-4.485758554
0.612089321
-0.218168184
-0.26017548
-0.381442047
-0.470136594
-0.471000663
-0.53895897
-0.664112937
-0.685669146
-0.723454393
-0.779777921
-0.829345452
-0.837417194
-0.858625071
-0.903684869
-0.95387045
-0.987653127
-1.503537591
-1.021032649
-1.028780641
-1.048708949
-1.05068529
-1.114321109
-1.17512856
-1.183566211
-1.196101697
-1.196530416
-1.218267866
-1.238681266
-1.25964266
0.582403647
-1.281120539
-1.30839286
0.582055447
0.581922329
-1.339335229
-1.363310299
-1.387097513
0.5762932
0.57577877
-1.465892614
-1.479100731
-1.510110871
-1.517599957
-1.525867204
-1.55040934
-1.553852568
-1.685843829
-1.8076547
0.564499199
-1.917380615
-1.919918637
-1.934777587
-1.973698316
-2.001436602
-2.034337809
-2.053227856
-2.125946033
0.556855027
-2.232573018
-2.337047022
-2.394124664
0.549942641
-2.558249449
-2.638810041
-2.662347997
-3.278863092
-3.480132417
-3.643211933
-4.475976537
3.719980455
3.681104976
3.678129247
3.620119038
3.600464825
3.59811777
3.540861193
3.51999371
3.500219803
3.499602975
3.485949487
3.436781947
3.414835252
3.410782759
3.402862545
3.399753207
3.314782177
3.309307585
3.30621564
3.285604669
3.261792176
3.256727513
3.231579813
3.211003277
3.174033485
3.147146063
3.145039648
3.093758024
3.091213907
3.08404999
3.076594731
3.035716289
3.018029219
0.51824108
3.017918302
2.981538706
2.958167215
2.941428024
2.938472561
0.511013199
2.922399001
2.908239586
2.904840776
2.900193634
2.88074839
2.872647918
2.843111191
2.798857979
2.780466283
2.722266801
2.700704613
2.637771611
0.506363125
2.601427926
2.592727885
2.585840635
2.532302583
2.469277687
2.118161665
0.501871582
1.804568834
1.412926716
0.499010643
0.479938665
0.497412533
-0.465511754
0.361515227
-0.160182317
-0.181508709
-0.304708825
-0.318068069
-0.408239526
-0.477966324
-0.516999267
-0.544266675
-0.641504247
-0.662960186
-0.800800632
-0.847518129
-0.850229784
-0.866900806
-0.88386941
-0.97641635
-1.002261645
-1.028056786
-1.157589936
-1.169769131
-1.261684981
-1.266736543
-1.288641235
-1.309874204
-1.318422367
-1.38786131
-1.393540502
-1.420935392
-1.453290817
-1.500600558
-1.505869089
-1.514468933
-1.519785481
-1.598313636
-1.624802237
-1.62845546
-1.630145363
-1.638463777
0.439488905
-1.728451963
-1.764757278
-1.813854251
-1.825035279
-1.835534194
-1.868306255
-1.913903355
-1.917089648
-2.029453667
-2.063616521
-2.089710818
-2.10527519
-2.266944258
-2.398090807
-2.418884985
-2.481325723
-2.608973676
-2.774789446
-3.213416535
-3.585188897
-3.864283586
0.087332646
-0.120492695
-0.17528727
0.417031761
0.415490259
-0.276308841
-0.352705051
-0.353419834
-0.39385547
-0.404110034
-0.407172144
-0.466583687
-0.504107943
-0.547849329
-0.580953135
-0.60509449
-0.631132536
-0.637995939
0.405747958
-0.688621471
-0.700912645
-0.757465609
-0.770261226
-0.779910785
-0.787818048
0.401725285
-0.79739247
-0.801566829
-0.871125263
-0.914390995
0.287220424
-1.405492946
-4.22169569
-0.947800758
-0.961353645
-0.984518861
-1.039844378
-1.042325189
-1.05627308
-1.067383927
-1.098733709
-1.10394966
-1.123774794
-1.238669079
-1.286641555
-1.302802513
-1.485987807
-1.563946308
-1.582981703
-1.583225232
-1.620992175
-1.699701611
-1.704369784
-1.728971803
-1.745005481
-1.757853605
0.13520444
-1.823695999
-1.837736737
-1.920343648
-2.00680141
-2.080282368
-2.210541483
-2.220623775
-2.528875157
-2.537183735
-2.735146578
-5.208835795
1.032575478
0.263532148
0.259006523
-0.202326581
-0.268479384
-0.328724917
-0.518085567
-0.565812855
-0.583853265
-0.60368785
-0.622750789
-0.649196195
-0.731785702
-0.747283939
-0.805498406
-0.828094011
-0.835277699
0.351162479
-1.028103863
-1.051322067
0.349067344
-1.053259061
-1.087116335
-1.150504855
-1.152564171
0.346505576
-1.251389374
-1.291501193
-1.361067585
-1.396297607
-1.432993186
-1.450228637
-1.457888602
-1.592491855
-1.708569009
-1.726439757
-1.800667118
0.340325579
-1.80977495
-1.833913851
-1.836659993
-1.851037773
-1.8848066
-1.924372932
-1.957924366
-2.063600398
-2.063722672
-2.078724535
-2.153330536
-2.227942201
-2.25630989
-2.316003781
-2.317787436
-2.333333296
0.329169175
0.329002278
-2.540910136
-2.560306586
-2.626060952
-2.708607142
-2.728065972
-2.743082546
-3.597215244
-4.087220134
-4.100448217
-4.151022916
2.986028717
2.859148011
2.696613034
2.659325118
2.620084314
2.55286283
2.470668196
0.31295041
2.461862331
2.321997481
2.308375234
2.151556723
1.91365214
0.309028069
1.905584014
1.892365623
1.831929598
1.653891864
1.649170901
1.632781435
1.488379568
1.470010895
1.214437599
1.100063544
1.059629185
0.932308863
0.913406351
0.822315816
0.770988443
0.305501908
0.645264073
0.615335775
0.609618463
0.07011662
-0.0572909
-0.148579992
-0.224324413
-0.279717401
-0.324698361
-0.490476572
-0.67187147
-0.707596962
-0.89339903
0.295315389
-0.896819687
-0.911903075
-0.933033325
-1.001524913
-1.218465501
-1.244779199
0.292043401
-1.315091415
-1.340900329
-1.472458307
-1.699478355
-1.845887276
-1.89297757
-2.143014369
0.285322387
-2.311369853
-2.578666186
-2.91010004
-3.096909295
0.282181738
-3.345429606
-3.840185312
-4.490046867
0.839172409
0.509574163
0.241378268
0.276855903
-0.084697097
-0.201528735
0.276103538
-0.359413646
-0.389904016
-0.411088309
-0.474529338
-0.484576226
-0.517288268
-0.567923474
-0.577490935
-0.590809407
-0.624165432
-0.631563396
-0.656081942
-0.662948723
-0.730149894
0.270052132
-0.759686503
-0.788632925
-0.86001421
0.267899224
-0.99795065
-1.074104296
-1.074488843
-1.150811124
-1.160597477
-1.184072989
-1.19156933
-1.279863852
-1.283694552
-1.310709271
-1.311585951
-1.342336004
-1.414888462
-1.50598621
0.2615449
-1.874731398
-1.933259175
-1.96351983
-1.975132162
-2.281193797
-2.342208752
-2.498422161
-2.630713429
-2.640081784
-2.824155786
-2.84701794
-3.006850576
0.249686079
-3.278915053
-3.296893095
-3.677316629
-3.74653725
-3.759949376
-3.826042458
-3.962753909
-3.997245981
0.246826661
-4.290259388
-4.334822335
0.244058042
-4.368831426
2.867895431
2.860211124
2.827901433
2.771832323
2.692540038
2.572114765
2.337609279
2.212363708
2.159750885
2.143580089
1.988260292
1.94541766
1.663432514
1.478586091
1.290451695
1.179623617
1.106060535
1.099612238
0.975533189
0.826715665
0.791851057
0.418819183
0.364828226
0.363927867
0.28372117
0.18866949
0.003264849
0.000807193
-0.060153893
-0.106196777
0.233180629
-0.388081447
-0.401170715
-0.495999802
-0.646471299
-0.729608776
-0.760664025
-0.912425137
-2.047715372
-1.069981223
-1.1035557
-1.138401616
-1.150802881
-1.165831435
-1.314472239
-2.182856915
-1.397627332
-1.452017852
-1.454078425
-1.551237606
-1.558561758
-1.6225801
-1.737382682
0.216294544
-1.948995774
-2.20135804
0.213863995
-2.235168396
-2.376943701
-2.518171392
-2.600755693
-3.055648502
-3.543186212
-3.828905815
-4.557520027
1.076465636
0.835801424
0.594985975
0.510912995
0.205797925
0.314713
0.294428967
0.275964898
0.203402217
-0.033867289
-0.124553735
-0.329412815
-0.34512477
-0.35403923
-0.407156554
-0.484793946
-0.505787723
-0.509323343
-0.525007088
0.201163041
-0.565953358
-0.581633137
-0.704320107
0.197780433
-0.746271454
-0.844618134
-0.856000019
-0.890219268
-0.991651416
-1.026262515
0.190293703
-1.17693764
-1.216247072
-1.23109936
-1.28314066
-1.353946408
0.184073877
-1.431825035
-1.488253667
-1.513515292
-1.520295585
-1.575566033
-1.92903192
-1.978883651
-1.992379575
-2.087533082
-2.089947182
-2.195983311
-2.222335154
-2.257076113
0.177670086
0.177642449
-2.363198572
-2.475574918
-2.546379861
0.175844689
-2.56055752
-2.667083993
-2.945927079
0.170879514
0.170150276
-3.206888605
-3.297023286
-3.55574486
-3.798601418
0.380779417
0.258959846
0.175008254
-0.196401687
-0.214786623
-0.252142747
-0.31654391
-0.337244955
-0.45144172
-0.502897913
-0.523466571
-0.548248964
-0.555923786
-0.561436894
-0.663821842
-0.698389122
-0.790481861
-0.807842144
-0.829255521
-0.8807171
-0.905537369
-1.026547609
-1.051889046
-1.106799385
-1.114442619
-1.264582045
-1.352676199
-1.361619217
-1.369758866
-1.400958525
-1.461329608
0.149609603
-1.535759751
-1.643513729
-1.666053689
-1.68259273
0.145909878
-1.716832456
-1.749290189
-1.780519148
-1.792479804
0.143060408
-1.830262379
-1.910266322
-2.060699361
-2.064398986
-2.211932718
-2.26941277
-2.354699332
-2.643009252
-2.677243006
-2.726593824
-2.778587867
-2.797466095
-3.07472851
-3.204382311
-3.257809096
-3.319498889
-3.599802568
-3.919187171
-4.009706517
-4.07082697
-5.201244751
0.251308404
-0.362994936
-0.36764059
-0.400081585
-0.490052856
-0.51012024
-0.539721261
-0.559861987
-0.616103178
-0.648540503
-0.680217876
-0.682058241
-0.700341949
-0.713798876
-0.719223502
-0.741062277
-0.787340873
-0.827536845
-0.97791628
-1.035516327
-1.06286675
-1.089807936
-1.106998008
-1.112695282
0.119901512
-1.261832795
-1.269568914
-1.284342847
-1.312050556
-1.326015951
-1.336334679
0.111519678
-1.405132606
-1.416224231
-1.470177049
-1.495448296
-1.525128908
-1.608504531
-1.628355415
-1.69983737
-1.70140272
-1.786256238
-1.813440557
-1.939729523
-2.086593883
-2.158448017
-2.165050806
-2.170390076
-2.305708028
-2.37240713
-2.416479731
-2.599072989
-2.64957915
-2.654463949
-1.913204509
-2.683415282
-2.688534271
0.095393097
-2.815441325
-2.81672259
-2.828256378
-2.929680534
-4.083778833
-4.975288677
2.741180717
2.164148809
2.091351891
2.084469339
1.726784232
1.696832306
1.44196698
1.417808755
1.39993285
1.251389133
1.171240631
1.155618731
1.098363147
1.066783686
1.000003699
0.960054086
0.934872375
-2.007399139
0.913625673
0.877383834
0.08665393
0.852422298
0.849440231
0.805789826
0.78276561
0.779336688
0.682821144
0.667599959
0.084391828
0.589227314
0.51832575
-0.001789092
-0.016995941
-0.082827791
-0.154280131
-0.216641828
-0.46652785
-0.725819817
-0.786033532
0.077588173
-1.420489571
-1.718084289
-2.266878454
-2.112579942
0.071230029
0.052870291
-0.048271543
-0.159619934
-0.179967381
-0.355933489
-0.441014983
-0.586669465
0.062926338
-0.600400914
-0.799955381
-0.807195993
-0.85788355
-0.943862733
-0.947236813
-0.968966209
-0.97540662
-0.987328255
-1.003937154
-1.038601683
-1.056410529
-1.15054675
-1.241385516
-1.289241063
-1.338901204
-1.37680163
-1.415537093
-1.486330889
-1.489702952
0.051671816
-1.502340331
-1.518733141
-1.534733978
-1.537296266
-1.580221142
-1.595148099
-1.709891271
-1.713781096
-1.723370779
-1.726034234
-1.786350939
-1.810981938
-1.856862057
-1.930162111
-1.942607592
0.041820984
-2.01097933
-2.033301751
-2.050159257
-2.102560252
-2.204719219
-2.356245112
-2.357667288
-2.464740388
-3.008936921
-3.066232012
-3.326595774
-3.581073804
-3.601580457
-3.666982951
-3.947239053
-4.107754034
-4.319779073
-4.599237252
3.026862267
2.994895109
2.974046084
2.894754835
2.866879718
2.79914267
2.598418051
2.529005247
2.494818181
2.466651817
2.453388568
2.385431931
2.377007001
2.261381917
2.166508515
2.1475883
2.043503322
2.033614702
1.969878846
1.88993185
1.880892463
1.737839332
1.724086389
1.628148235
1.351693447
1.299218091
0.899769367
0.802381554
0.428441142
0.022666674
0.189479667
0.102341903
-0.262816521
-0.281125293
-0.351576549
-0.44656972
-0.511461988
0.019413644
-0.90331673
-0.986322739
-1.061396664
-1.123551423
-1.124998453
-1.127573445
0.016044359
-1.168803708
-1.186252329
-1.26982325
-1.360669796
-1.568011653
-1.642695368
-1.73489315
-2.050882751
-2.101199517
-2.428339297
-0.758014798
0.008161404
-2.526274354
-2.80079754
-2.801719881
-2.852168981
0.007120521
-2.957481319
-2.970766836
0.004490208
0.003833888
0.003291021
-4.195803584
-4.240341847
2.373827399
2.358329873
2.217708145
2.20246394
2.084872235
1.996843271
1.994415313
1.772933988
1.712376132
1.69835796
1.364985499
-0.000246974
1.103036798
1.047930262
0.995871758
0.971938544
0.883554731
0.865042529
-0.003141831
0.794344762
0.791170624
0.749896069
0.526608011
0.500241868
0.48241575
-0.004871522
0.296070056
0.210076988
-0.010626036
-0.025916099
-0.133942341
-0.137528752
-0.159712816
-0.360111905
-0.468705037
-0.009942601
-0.536788121
-0.692484792
-0.728769834
-0.749311631
-0.837137046
-1.011300736
-1.064450855
-1.146396674
-1.120271828
-1.208060395
-1.516477982
-1.613716471
-1.741232565
-2.044317087
-2.190917461
-0.017831435
-0.017932766
-2.192274393
-0.01882974
-2.323314617
-2.466586211
-2.580725758
-0.019776071
-2.678901957
-0.02063935
-2.842786528
-2.979273603
-3.110106704
-3.12048527
-3.362299943
-3.535265196
-3.62310762
1.578635544
0.704059594
0.664945418
0.658653748
0.058308799
-0.2441096
-0.028707709
-0.029234914
-0.030252793
-0.433110673
-0.440265776
-0.487636527
-0.612882534
-0.03154405
-0.621794734
-0.652023386
-0.743710104
-0.786578868
-0.789016269
-0.793100592
-0.034240672
-0.898665187
-0.03584234
-0.036829816
-0.970738884
-0.037455812
-0.989751241
-0.993056089
-0.038133299
-0.996476783
-1.018888934
-1.033065189
-1.067409379
-1.080231024
-1.112468508
-1.173900943
-1.287142859
-1.433103228
-1.491525291
-1.491535842
-0.0443637
-1.768475355
-1.797903977
-1.825685733
-0.045872965
-1.841327694
-1.866345072
-1.878280157
-1.908780374
-1.925195868
-0.048182487
-2.050556405
-2.081027467
-2.099483237
-2.202482931
-2.234043631
-2.266038488
-2.306261664
-2.508949862
-2.711079822
-2.766874702
-2.810444219
-2.811335271
-2.85693138
-2.912567488
-3.135714722
-3.263021812
-3.555821142
-3.718014242
-3.843943548
-4.292423135
-4.727754021
0.134392405
0.05432557
0.005348082
-0.000898135
-0.212664055
-0.328806368
-0.415584308
-0.059692426
-0.43496326
-0.453420355
-0.472274532
-0.577705364
-0.582854104
-0.583279978
-0.602778
-0.60545921
-0.609352284
-0.630856664
-0.777576092
-0.067251786
-0.067549599
-1.028522659
-1.044727635
-1.055772804
-1.059697279
-1.133040789
-1.154674733
-1.174277232
-1.174872901
-1.263017844
-1.276029391
-0.80207667
-1.374942113
-1.461953878
-0.074498672
-1.080998765
-1.289842367
-2.268586203
-2.39017294
-1.518105108
-4.066339138
-1.263699968
-1.44342742
-3.338054068
-0.861720537
-0.908309174
-1.730602506
0.705881518
-2.195275993
-1.595659317
-1.659579174
-3.652911261
-1.680032335
-1.689599228
-1.712034819
-1.746168877
-1.749626248
-0.079689872
-0.07986863
-1.828463923
-0.080355885
-1.849352336
-1.855591016
-1.938237568
-2.007455963
-0.082668464
-2.314772173
-2.334538385
-2.395168142
-2.399364002
-2.609640123
-0.084268343
-2.679676902
-2.844775269
-2.855044973
-3.002951795
-3.069513272
-3.077285383
-0.086288876
-3.176418806
-0.086658095
-3.931102515
-0.087941518
-3.947350009
-3.96859979
-4.215464348
-4.334801897
2.666339407
2.526946565
2.494546711
2.457173712
2.351570812
2.276125062
2.171462683
2.075241122
1.55852985
0.700735532
0.681510112
0.598295933
0.4740245
0.381371517
0.303807015
0.160787619
-0.081474774
-0.122543482
-0.096427988
-0.424361139
-0.431578103
-0.377307663
-0.56628404
-0.579538429
-0.601956128
-0.609601727
-0.628154465
-0.782569392
-0.892931116
-0.98219463
-1.004352675
-1.012367035
-1.079726613
-1.152729321
-1.183516416
-1.204882606
-1.287527954
-1.295607325
-1.470716472
-1.491118804
-1.551212527
-1.587813531
-1.705607071
-1.716107946
-1.732689965
-1.792111909
-1.797989158
-0.109276877
-1.879773393
-1.928130119
-1.953547163
-2.058451588
-2.162197205
-2.197116607
-2.474723754
-2.564156633
-0.11226793
-2.783356161
-2.817377028
-2.863226835
-2.951703644
-3.379351683
-3.649959938
-4.196835066
1.918022625
1.681185296
-0.115448143
1.633294753
1.610751941
1.281016996
1.101701837
1.095532767
-0.117269058
0.062547066
0.023818366
-0.005555909
-0.051982496
-0.079429925
-0.080391434
-0.213282807
-0.318359519
-0.446232872
-0.52414064
-0.542581386
-0.1195858
-0.119631901
-0.120572392
-0.621566052
-0.659678576
-0.673443427
-0.122019418
-0.789551669
-0.861974125
-0.888442324
-0.902396764
-0.920319903
-0.945393035
-0.950721442
-0.966251211
-1.002412667
-1.017328243
-1.065149465
-1.106227825
-1.159695321
-0.127124861
-1.238792763
-1.345560749
-1.442627704
-1.474802332
-1.5164211
-1.533872954
-1.546856936
-1.566975577
-1.76699436
-1.790604438
-1.895113893
-1.908923778
-0.131081281
-1.910472331
-1.938052354
-1.992649242
-1.993214281
-2.003065206
-2.146331221
-2.351933486
-0.135581141
-2.46671635
-2.524684603
-0.136844484
-3.181206468
-3.388765483
-3.699703985
-3.713871549
-4.62114582
-0.450087758
-0.955377324
-1.612716563
-0.140405586
-1.622072886
-1.779621103
-1.889460986
-1.965682569
-2.102632433
-0.142901334
-2.150870093
-2.157990702
-2.909636654
-3.005297213
-0.144322763
-3.12692895
-3.227490785
-3.801999933
-3.81593204
0.745335204
-0.146485795
-0.147118701
0.47345054
0.081064609
-0.22247146
-0.271385021
-0.295987525
-0.425667676
-0.437111776
-0.490034387
-0.572743578
-0.579843855
-0.594253287
-0.677327045
-0.150929162
-0.708972432
-0.729419311
-0.79890149
-0.883038346
-0.152646705
-0.940399222
-0.945241891
-0.979526365
-1.036364811
-1.109706895
-1.122675392
-1.191690817
-1.261263844
-1.360944116
-1.397887323
-1.47168833
-1.592075492
-1.593445163
-1.736614228
-1.793169379
-1.803849874
-0.159023582
-1.944800568
-2.024334438
-2.043159592
-2.158176139
-2.232531631
-2.346721823
-2.607306387
-2.698274566
-2.769191199
-2.794110725
-2.854550292
-2.893056311
-0.162048363
-2.910218553
-3.000754234
-3.023016346
-3.236527126
-3.249122213
-3.253676615
-3.291774407
-3.519029786
-3.561589371
-3.722207378
-3.727587065
-0.167238633
-3.820209891
-1.390121502
-4.025510826
-4.27823559
-4.366817165
2.721866531
2.721584209
2.694221074
2.576409907
2.56213089
2.521123467
2.314183155
2.267257546
2.079012059
1.842608059
1.246405672
1.141297978
1.024320012
0.738663425
0.408826649
-0.173993893
0.383234939
0.258878418
-0.026414588
-0.190780889
-0.351899707
-0.395040605
-0.58200273
-0.661920733
-0.667856244
-0.688734073
-0.17795678
-0.698200981
-0.76207115
-0.79256061
-0.87242791
-0.181363951
-0.991983542
-1.001212964
-1.032324876
-1.039477143
-1.151302263
-1.162468153
-1.210284668
-0.183288362
-1.313275727
-1.43921455
-1.440094111
-1.448248212
-0.188032361
-1.449001038
-1.47316507
-0.188175487
-1.534550899
-1.612308144
-0.189529502
-1.721524018
-1.814311524
-1.944636177
-1.948714916
-1.977477552
-1.993321949
-2.050662858
-2.648781573
-2.670401842
-3.108237158
-3.337765707
-3.372617576
-3.407516608
-3.505960947
-0.194317061
-3.75571707
-3.905479669
0.360083694
0.250683103
0.119112305
0.089027572
-0.197565934
-0.107412678
-0.126990544
-0.244361148
-0.374529114
-2.035437908
-0.498748656
-0.202663522
-0.514043801
-0.542999564
-0.574691375
-0.592274373
-0.624818745
-0.691817743
-0.736084162
-0.763698789
-0.765008675
-0.922364129
-0.949367949
-0.96125073
-1.001383644
-1.002201168
-1.017637894
-1.059390908
-0.206941154
-1.063513795
-1.065468845
-1.107335234
-1.118518934
-1.220861254
-1.224825916
-1.23020616
-1.276287798
-1.309361017
-1.358376783
-1.436307033
-1.5069168
-1.536623039
-1.615971327
-1.634639802
-1.638642128
-0.213954869
-1.686803729
-1.849584773
-1.970911091
-2.038334995
-2.126071574
-2.222172282
-0.217730243
-2.502253144
-2.519092227
-0.21836068
-2.822104422
-2.899156483
-2.910982583
-2.916159237
-2.934989238
-2.990141443
-3.09720886
-3.142591252
-3.167615081
-3.39221136
-4.72408532
0.281986534
-0.051174067
-0.274762121
-0.335623494
-0.224879156
-0.391634272
-0.225214921
-0.2252572
-0.439878411
-0.4600297
-0.526904248
-0.529507374
-0.227435365
-0.635924045
-0.64356959
-0.690338155
-0.761778581
-0.830681243
-0.229564809
-0.837107359
-0.874976634
-0.920870418
-0.952392015
-0.979624839
-1.040220379
-1.050205327
-1.074140482
-1.103443066
-1.127070239
-1.133457911
-1.183356743
-1.19856297
-1.211505953
-1.242347836
-1.289167172
-1.384232905
-1.405881229
-1.515237366
-1.553115551
-1.556644319
-1.702352611
-1.708298519
-1.77056641
-1.776761384
-1.864234694
-1.870481347
-1.888501873
-1.894833714
-1.988116285
-2.00012428
-2.080665233
-2.123264165
-2.266807167
-2.268346924
-2.327648945
-2.391182459
-2.660154932
-2.667269831
-2.873251705
-2.970588103
-3.003773325
-0.243096964
-3.122282202
-3.918636308
-3.951696644
-4.237303996
-0.561729231
-2.323334575
3.627599576
3.07067805
3.003270974
-0.244893658
2.894297351
2.771875798
2.756576916
2.679212953
2.57491701
2.495369735
2.469856498
2.420789157
0.80988784
0.721169405
-0.24674879
0.646326741
0.33512575
0.236198513
0.109758344
-0.008944404
-0.122080236
-0.132409364
-0.20784745
-0.235863052
-0.31302926
-0.456083099
-0.592418929
-0.680703118
-0.696525732
-0.730109657
-0.765592396
-0.253440864
-0.81632626
-0.828917873
-0.863379736
-0.894016457
-0.913448939
-0.940021742
-0.958578175
-0.257085615
-1.235052883
-0.25821774
-1.287681787
-1.301394866
-1.314193029
-1.379819172
-1.476703359
-1.528845387
-1.553715085
-1.562461742
-1.647974707
-1.651321442
-1.682385767
-1.721933151
-1.779421905
-1.858208453
-1.90533032
-1.987349192
-1.988425303
-2.23836261
-2.334754536
-2.555779986
-2.636269146
-3.119019096
-4.111261707
3.729729567
3.566284345
3.549955857
3.45496743
3.334756286
-0.270003525
3.200021218
3.135891192
3.105049137
3.101244426
3.017750518
2.99174992
2.929071067
2.856012935
2.844493921
2.840762532
2.808878249
2.800684774
2.746466029
-0.273733539
2.746331481
2.740281888
2.689358115
2.663862952
2.650012555
2.627076862
2.565085428
2.552404211
2.388436288
2.37087411
2.330102493
2.310315602
-0.276252148
2.255049746
2.230242464
2.16829427
2.073323326
2.032468633
2.01678797
2.014860978
2.007087445
1.9307982
1.916803975
1.891875285
1.814942998
1.81194441
1.684490471
1.595194389
1.48519427
-0.280607589
1.160442062
1.0342718
0.84788277
0.639452549
-0.799542259
0.238606123
-0.012416467
-0.282511248
-0.688927977
-0.781045981
-0.841910418
-1.068202679
-1.82005076
-2.440778106
-2.714998911
0.249314273
0.039317113
-0.310466658
-0.396674691
-0.424158298
-0.457544172
-0.505519122
-0.294299594
-0.294537464
-0.646025751
-0.654364794
-0.705012617
-0.761465725
-0.296483474
-0.793230279
-0.296635735
-0.806996726
-0.833829158
-0.834162447
-0.862832956
-0.978296885
-1.059272428
-1.095128981
-1.104836691
-1.130610887
-1.132743837
-1.294570963
-1.326670745
-1.329700879
-1.364961014
-0.299780519
-1.505390813
-1.514111242
-1.542135811
-1.644821106
-1.670737785
-1.682322651
-1.760294119
-0.303652654
-1.825816661
-1.839430684
-1.891482361
-1.907751383
-2.022706063
-2.083814548
-2.172352976
-2.362219753
-2.567708683
-2.573174531
-2.658685964
-2.856751699
-2.866952173
-2.875178127
-2.888688229
-2.914957403
-2.920169947
-3.124405745
-3.221817237
-0.308508505
-3.342221375
-3.352061924
-3.461689448
-3.691417186
-3.784627573
-3.791410167
-3.934278984
-4.262877344
2.641184396
2.354270408
2.286354082
2.194502151
-0.311618102
1.992405328
1.981749971
1.842895521
1.804510436
1.603766897
1.52608942
1.501424253
1.475431113
1.406682756
-0.312641326
1.392378666
1.388048122
1.366252981
1.247712441
1.212262133
1.159782175
1.121807308
1.094181237
0.98329135
0.982505601
0.965940951
0.921424696
0.845337867
-0.315567553
-0.315632912
-0.315676331
0.68870443
0.615513416
0.036649981
-0.05229415
-0.104666725
-0.261114979
-0.485966615
-0.488278037
-0.655930186
-0.73768892
-0.773200426
-0.920413718
-0.96827718
-0.32023144
-1.238405287
-1.239616124
-1.367433131
-1.374280157
-0.322917158
-1.679745174
-0.325019711
-0.325058743
-1.7880438
-1.875953386
-2.085064366
-2.291247977
-2.504752137
-2.772832853
-2.920881565
-2.950533452
-2.976983311
-3.108061656
-3.206876309
-3.84842335
-0.328468811
-4.443902996
3.30409058
-0.329433393
-0.329575584
3.150907822
3.113264386
3.087171041
2.963112745
2.924061726
-0.33024924
2.814332217
2.805157849
2.80401972
2.700842569
2.687330628
2.635135133
2.603977156
2.592712079
2.571239799
2.543377743
2.523846415
-0.33201755
2.440568068
2.420718295
2.379066047
2.185557068
2.155418976
2.130281178
2.009135754
1.990928809
1.98828859
1.980321887
1.956737864
1.914025594
1.848733533
1.677338407
1.596985431
1.385473491
1.362533556
1.33239618
0.993868348
0.878654562
0.484606837
0.394975032
-0.211133655
-0.261775718
-0.280308026
-0.828584113
-0.340847298
-0.341374602
-1.533176661
-1.809995329
-0.346235338
-0.346620312
1.757950807
1.75685317
1.659077062
1.423451971
1.411497146
1.187125094
0.993524545
0.981547486
0.811823443
0.802738014
0.789952376
0.7242843
0.649518209
0.54026902
0.178731522
0.012179343
-0.013409194
-0.070317572
-0.088577466
-0.129826522
-0.131962019
-0.273936816
-0.328355755
-0.38842252
-0.353711357
-0.42077054
-0.476307461
-0.587624481
-0.613788131
-0.728509834
-0.741666768
-0.743408488
-0.94134034
-1.047144283
-1.066734806
-1.153286704
-1.170847532
-1.192006176
-0.357481696
-0.35761603
-1.212303362
-1.253660901
-1.266069291
-1.284126806
-1.31607388
-1.363452878
-1.422921653
-1.512291918
-1.567512958
-0.360015602
-1.616118529
-1.677008267
-1.703472527
-1.751107768
-1.754741693
-1.875977045
-2.003540725
-2.105798599
-2.129138194
-0.36400175
-0.364040399
-2.274126406
-2.443979998
-0.364594018
-2.872061827
-2.91854703
-0.366659404
-3.360635041
3.670195482
3.523501975
3.296720605
3.255309946
-0.369165574
3.199658722
-0.369414774
3.163318196
3.066361661
3.05090725
3.04792324
3.040149811
3.024876471
3.011780876
-0.371247753
2.987617279
2.978793241
2.94268082
2.825864003
2.797121131
2.796013747
2.72697065
2.723652633
2.700611239
2.681948167
2.677042757
2.670231914
-0.373580846
2.667621797
2.649002645
2.644207492
2.630040401
2.599542516
2.591638713
2.572594995
2.562961642
2.538760568
-0.375575606
-0.375655761
2.514570236
2.464409329
2.413703494
2.413265886
2.390586089
2.309286528
2.232939312
2.205280938
2.146346551
2.086457545
2.004199201
1.988283775
1.951978365
1.803288432
1.771753927
1.710057294
1.706457596
1.511390728
1.467491663
1.239869135
1.169965955
0.871971775
0.797448385
-0.3802389
-0.501584381
0.261434735
-1.636772372
-1.823033579
-1.875916459
-2.22413648
-2.327607704
-1.545752244
-0.386593125
-0.386645145
-0.388378219
2.30822131
2.141053698
2.137100714
2.133316531
2.117542441
2.046442296
2.042272161
2.005094401
1.984457772
1.858213157
1.838776663
1.705839794
1.568054763
1.49231316
1.488309511
1.477846986
1.437736403
1.36047244
1.008318304
0.931914893
0.907608071
0.718646314
0.648522469
0.605046506
0.576182343
0.223904578
0.197775561
0.101114217
-0.13891855
-0.154606271
-0.235253493
-0.315839605
-0.332362956
-0.340959832
-0.376191268
-0.393060216
-0.493290254
-0.570742451
-0.586039692
-0.397090409
-0.771007377
-0.397632216
-0.912619052
-0.96692236
-1.049249297
-1.115290915
-1.118699005
-1.30448624
-0.399771392
-1.519265353
-1.567280117
-1.709446175
-2.119754988
-2.239188139
-2.261875662
-0.403715657
-2.380972712
-2.406902786
-2.556247743
-0.404794685
-2.827149016
-0.40536673
-3.37896449
-0.407020657
-3.690149679
-3.71660537
-4.2536344
0.519045699
0.178271133
-0.249222565
-0.761116778
-1.009276575
-1.332766308
-1.437573202
-1.504472805
-1.550440094
-1.199201112
-2.086294843
-2.114276743
-2.148665523
-2.208330068
-2.301922386
-2.332288368
-2.508760937
-2.538440975
-0.413153008
-2.566386726
-2.582794015
-2.728907786
-2.748483143
-2.901194333
-2.923970066
-0.414482089
-2.945787285
-1.343970531
-0.415103862
-3.115776859
-3.228783764
-0.415892832
-3.318145368
-3.510049271
-3.766871803
-0.417569353
0.01665712
-0.418424984
-0.314359014
-0.345349498
-0.404369661
-0.412662675
-0.413898168
-0.534782163
-0.543144062
-0.587064661
-0.421112296
-0.42166093
-0.681611749
-0.700434109
-0.715987862
-0.748191252
-0.768593039
-0.787817898
-0.855140297
-0.915384536
-0.9416459
-0.981243729
-1.010102012
-1.020054439
-1.076387558
-1.102652508
-1.165623748
-0.426044845
-1.191673097
-1.239929966
-1.261662169
-1.329420313
-1.336225888
-1.358703688
-1.386386275
-1.453744986
-1.580131514
-0.428407604
-1.667394109
-1.720860547
-1.733522157
-1.817877058
-1.833456807
-1.866657582
-1.923745082
-1.93335231
-1.998680896
-2.006904867
-2.01375712
-2.037303517
-2.043606341
-2.04732592
-2.073693869
-2.267706898
-0.43160255
-2.305011869
-2.486175236
-2.529358069
-2.63194444
-2.720200176
-0.433038654
-2.877977581
-3.560802851
-3.595210663
-4.054680299
-4.651749083
-4.753920227
3.138519137
3.013471929
2.898870879
2.460842844
2.364246453
2.328261375
2.30863384
2.280381021
2.24630395
-0.435554121
2.230513115
2.198713716
2.130188694
2.104418352
2.024563405
1.893513402
1.65070859
-0.436446005
1.449278837
1.387692736
1.34671275
1.150332382
0.95463655
0.737744008
0.140379841
-0.222924883
-0.24030639
-0.391438975
-0.394661902
-0.464111935
-0.476353005
-0.510657149
-0.533016246
-0.56262961
-0.607446511
-0.707358803
-4.283182756
-0.751979578
-0.783745779
-0.813065523
-0.842677884
-0.888287584
-0.444210356
-1.15711434
-1.246558998
-1.282853431
-1.384560657
-1.391595162
-1.412143885
-1.444463711
-1.455274511
-0.447219303
-1.79778044
-1.821577564
-1.830289832
-0.447931715
-0.447940374
-1.874519054
-1.930367804
-2.027922811
-2.207595021
-2.385028146
-2.910183156
-3.159913168
-3.613533971
-3.62577321
-0.450755309
-3.866128897
0.772656079
-0.451814055
-0.451902472
0.754666659
0.555815827
0.509631671
0.489792077
0.444007897
0.294312576
0.291109271
0.120216357
0.059842662
0.015659502
-0.018163584
-0.046386843
-0.168548768
-0.45471651
-0.175398027
-0.454954214
-0.261634931
-0.28597252
-0.403923395
-0.45905774
-0.51682818
-0.567629056
-0.593540234
-0.614028997
-0.644415905
-0.708972432
-0.458066682
-0.735285935
-0.741192784
-0.811877862
-0.827699686
-0.966642858
-1.018727853
-1.035864733
-1.046059024
-1.116263879
-1.15899561
-1.165531701
-1.252820209
-1.283295481
-1.391906277
-1.403849983
-1.547581539
-0.460850008
-0.460873656
-1.602655215
-1.621451197
-1.707609566
-2.462841698
-2.510651071
-2.664993514
-2.680162317
-2.881202613
-0.463614751
-3.271505764
-3.428264995
-3.547026324
-3.619188843
-3.639642394
-3.677243
-3.754149395
-3.956352914
-4.001650879
-4.278742173
-4.380277229
3.317526791
-0.466272057
3.081735283
3.070788977
2.998322253
2.986998168
2.932460935
2.854339428
2.829525322
2.702951189
2.64137325
2.637898265
2.627097714
2.594990142
2.550119676
-0.468020669
2.482412761
2.353176823
2.192454353
2.129601899
2.093462315
1.967930705
1.963737214
1.956599246
-0.469631775
1.863768535
1.8143839
1.752408655
1.694119638
1.687241686
1.687202665
1.63441779
1.554719187
1.533358051
1.153764628
1.137017894
0.862458889
0.680317546
0.599188702
0.087653646
0.085107614
-0.044246193
-0.085699708
-0.165036417
-0.282450316
-0.396942578
-0.411063369
-0.527619158
-0.95431368
-0.957006375
-1.02942564
-1.123420222
-1.280532273
-1.28417658
-1.435944927
-1.829889147
-1.855622771
-0.476334808
-0.477607423
-2.051499625
-2.26690549
-2.460967146
-0.478581593
-2.529368147
-0.478928964
-0.481327169
-1.675220816
-4.502165486
2.491682075
2.360088504
2.255526838
2.137364565
2.081857381
-1.722249737
1.935897674
1.842472139
1.840586803
1.801339513
1.775348523
1.748047345
1.679448529
1.58938561
1.57715954
1.538773402
1.516398024
-0.484190172
-0.484306884
1.492233809
1.407304117
1.267136451
-0.484762428
1.245627074
1.067939558
-0.484859062
1.029927195
0.969847299
0.745250178
0.701812351
0.688559494
-0.486206613
0.646318833
-0.486454812
0.481044377
0.447583417
0.433546435
-0.48695024
0.299679975
0.285080008
0.27944735
-2.35012681
0.185004495
0.098403691
0.052358669
-0.255824733
-0.3661748
-0.456900557
-0.486134038
-0.536664391
-0.677555226
-0.720344523
-0.490827641
-0.827830754
-1.064954956
-1.14030396
-1.258600841
-1.278356109
-0.493521295
-1.418133934
-1.613204783
-0.494692665
-1.846588193
-1.965982274
-2.049571498
-2.234001468
-2.408166877
-2.914871396
-0.497695965
-3.351170937
-0.497859159
-3.834723453
-3.944209679
3.571977086
3.556140356
3.478269353
3.458514046
3.449063646
3.38251076
3.333462483
-0.500700337
3.329600197
3.251609438
3.21840994
3.186294635
3.185274684
3.117039037
3.084175932
3.053592744
3.041747959
3.0404852
3.031573899
3.025676273
3.011538051
3.00568786
-0.502897913
3.00526966
2.969848878
-0.503215924
2.946553554
2.90040085
2.822561189
-0.503895221
2.812271458
2.783012467
2.758675841
2.729341101
2.688502107
2.681490897
-0.504817433
2.662708818
2.662317836
2.650365858
2.561346854
2.551193122
-0.50554311
2.544362679
2.531378646
2.497844673
2.347479473
2.318685453
2.306089379
1.651829439
1.397739582
1.3332631
1.048097003
0.822524031
0.222609826
0.088022356
-0.508479753
-0.0498249
-0.179277821
-0.509227801
-0.553713407
-0.554328884
-1.015925531
-1.104610745
-1.128072108
-0.51198718
-1.582223631
-2.252692932
-0.514652731
-0.514886256
-2.446601264
-0.516254351
2.776928679
2.605082101
2.440787044
2.119422721
2.050096
1.977573864
1.863387325
1.843792956
1.820754524
-0.51746639
1.808951967
-0.51801837
1.730474845
1.6583624
1.624998475
1.570524546
1.570086646
1.541601895
1.525234541
1.50826001
1.470428119
1.430164277
1.348913838
1.195700275
1.129214732
0.993018939
0.97451322
0.904240741
0.504019084
0.348496778
0.314521401
0.137098652
-0.523213902
0.089232378
-0.090707757
-0.203917795
-0.228571157
-0.381288855
-0.463930831
-0.65426901
-0.726480494
-0.847024384
-0.943527338
-0.957133395
-1.018914728
-1.180873517
-1.23598436
-1.25789509
-1.388482942
-1.425585997
-1.64275524
-1.668212596
-1.765839365
-1.968512079
-2.21726066
-2.338885048
-2.581120555
-0.529366409
-2.7649367
-2.806442565
-2.995428892
-3.2067587
-3.665572179
-4.862419693
0.593065879
0.452440128
0.370174963
0.226105337
0.207099706
0.135045793
0.115371708
0.025165296
-0.00934584
-0.019148055
-0.116729222
-0.117723742
-0.146473354
-0.372490706
-0.424806162
-0.523392698
-0.561493491
-0.612948021
-0.534981671
-0.802030928
-0.811296122
-0.842331284
-0.895622239
-0.903491405
-0.964371048
-0.537880005
-0.981410213
-0.537931116
-1.005896353
-0.538362625
-0.538442962
-1.055680382
-1.067789565
-0.538944314
-1.074761772
-0.539581318
-1.166196902
-1.245025046
-1.301311276
-1.333897809
-0.540411859
-1.454654783
-1.461078448
-1.468058655
-1.484465111
-1.604067645
-1.627389026
-1.638520713
-0.541891134
-1.839540687
-1.895837781
-2.039681277
-2.092246045
-2.106802154
-1.430828855
-2.27563741
-0.543874568
-2.876891049
-3.139173767
-1.44225836
-3.373892953
-3.537851466
-1.450210967
-3.577676326
-3.582065454
-3.614763956
-0.547368974
-3.645836214
-4.045599712
-4.111665606
-4.673251035
-4.681660948
2.575989462
2.176382305
2.01764231
-1.542761245
1.499199487
1.264501468
0.535458747
0.400759484
0.206892173
0.076429641
-0.006980188
-0.016544675
-0.031092952
-0.283764257
-0.397279121
-0.42222368
-0.464923424
-0.472528931
-0.486266739
-0.493612786
-0.552839049
-0.538476061
-1.628637199
-0.603721766
-0.707072587
-0.720106956
-0.734401793
-0.75026155
-0.778483416
-0.810886984
-0.843274959
-0.853426982
-0.872323979
-0.90924425
-0.929971908
-0.961003128
-1.186102588
-1.236323595
-1.252068707
-1.322243637
-1.462977348
-1.475390103
-1.506442523
-1.555832909
-1.582696492
-1.583269569
-1.649935094
-1.802241796
-0.560556002
-0.560643315
-2.020896225
-2.050662858
-2.102576726
-2.391507842
-2.451465439
-2.654891946
-2.69599295
-2.787149907
-2.835512222
-2.853123446
-3.427961717
-3.473264024
-0.563919121
-0.564014766
-3.712684221
-3.926116032
-4.639955926
3.816175334
3.683802248
3.249595046
3.128936263
3.125901674
3.11150683
3.053683809
3.05308618
3.016271922
2.912249344
2.907503171
2.904570041
2.883247271
2.872485497
2.813432117
2.790756571
2.776110484
2.76895121
2.698710785
2.659784601
2.594710518
2.525415359
2.518399301
-0.56945309
2.477361662
2.43445233
2.381510826
2.366170338
2.353336621
2.352793489
2.333001633
2.327338789
2.309107163
2.210144793
2.134429339
2.125906632
2.084346928
2.069459674
2.045884677
-0.572581471
1.913484443
1.907516985
1.897458215
1.849128258
1.636128152
1.451143103
1.024749222
0.937286408
0.659168094
0.200403293
0.149375955
-0.498324731
-0.691481998
-0.900339448
-0.57839628
-1.40541163
-1.410997816
-1.422527044
-1.581959868
-1.722086723
-3.743649732
-4.109279293
-4.342501413
0.923226356
0.294030065
0.09021385
-0.584375824
0.033004947
0.017936922
-0.013307958
-0.584638055
-0.234978124
-0.517035717
-0.539294087
-0.61792818
-0.630515857
-0.586116709
-0.685986662
-0.766095224
-0.772247638
-0.798248122
-0.813586395
-0.83620565
-0.839176167
-0.905382159
-0.90580221
-0.914930685
-0.973963923
-1.015048203
-1.029718739
-1.038008893
-1.10920432
-1.152618575
-1.162727852
-1.178954417
0.770997265
-1.191880557
-1.279626348
-1.283336623
-1.315139573
-1.340005316
-1.423916803
-1.443399085
-1.479071146
-1.597981128
-1.610913677
-1.782993743
-1.86035375
-0.590515392
-1.91728644
-2.05239246
-2.100556276
-2.196054713
-2.20199981
-2.281868189
-0.592615357
-0.593102391
-0.593402763
-2.529248074
-2.585390189
-2.981789418
-3.033372796
-3.255358561
-3.311297859
-3.338752677
-3.765957723
-3.87901018
-4.03540471
-4.62804544
-0.688110628
-4.771730207
-4.986231247
1.058963449
-0.283255492
-0.348667134
-0.401965971
-0.455786949
-0.5978675
-0.505221679
-0.61137387
-0.618290158
-0.59862354
-0.634562786
-0.649290575
-0.684269044
-0.600078278
-0.73429732
-0.745626479
-0.816434857
-0.867943711
-0.918769119
-0.981132469
-1.060592511
-1.091950684
-1.099853491
-1.110892181
-1.165054787
-1.179599996
-1.206842339
-1.249520353
-1.363404388
-1.444302395
-1.463022027
-1.489484058
-1.525326675
-1.549179161
-1.596002097
-1.671791273
-1.685404774
-1.805906893
-1.832497017
-1.850184634
-1.87352205
-1.284581009
-1.911661404
-1.917711173
-2.150159061
-2.168790754
-2.19791384
-2.209016575
-2.258982551
-2.269135416
-2.457357763
-2.643156281
-2.77956789
-2.784836329
-2.796357468
-2.927509468
-2.95414653
-2.980250648
-3.037605157
-1.439852664
-0.61189785
-0.61201476
-3.73739664
-3.812721906
-3.955902612
-4.160611058
-4.839253492
3.757411147
3.666908424
3.473680237
3.280768209
3.26360506
3.250448507
3.244570433
3.070323565
3.006691736
2.996122804
2.966022583
2.940016965
2.912520365
2.847159524
2.84408504
2.831150698
2.823421261
2.782978255
2.752005337
2.716835797
2.712001994
2.681121385
2.564063185
2.453035547
2.428441243
2.391895245
2.380244088
2.332027665
2.299602681
2.171313343
2.135377474
1.63935179
1.618087042
1.219554636
-0.618890846
0.665537799
0.484213787
0.155839293
0.027999709
0.024688195
-2.231352089
0.003930293
-0.263617878
-0.403332155
-0.557295843
-0.638214602
-0.656340379
-0.710393076
-2.450150179
-0.840185246
-0.880039313
-1.016539998
-1.04494381
-1.202035707
-1.299908761
-1.490919047
-1.499675794
-1.656180424
-0.625134406
-1.861397756
-2.197073214
-2.41420034
-3.062875753
0.308335046
0.256803572
0.24235283
-0.01185432
-0.117341565
-0.42424563
-0.474285823
-0.501653162
-0.521579282
-0.616058952
-0.653137906
-0.514657878
-0.616045933
-1.481345527
-0.773547515
-0.849794379
-0.853488897
-1.809146673
-0.854380484
-0.893431452
-0.895220794
-2.102224194
-4.019599654
-0.841910418
-1.372994288
-1.523502585
-1.695441839
-2.517865382
-0.633096805
-4.06546544
0.822121572
0.358040237
-0.503693214
-0.633402286
-0.908515648
-0.910749305
-0.808009832
-1.264257125
-0.999372959
-1.002040234
-1.84279728
-0.634628411
-0.412535553
-1.388368904
-2.552084025
-3.1697308
-3.178735854
-1.016791361
-1.017212678
-3.399437726
-1.045073688
-0.636357238
0.683858052
-1.105899153
-1.16956155
-1.199005741
-1.222646709
-1.241870856
-1.315706659
-1.319839129
-1.426843066
-1.436822168
-1.447617109
-1.51861019
-1.53035873
-1.54324739
-1.657280633
-1.708218982
-0.63939181
-1.756017615
-0.073893162
-1.894821777
-1.955894492
-2.081306354
-2.204824642
-0.642703135
-2.235715421
-0.642903443
-2.236838818
-2.243848119
-2.316216486
-2.383513133
-2.702688234
-2.861170372
-2.881730196
-3.006655904
-3.025099128
-3.057651914
-3.269850968
-3.316049831
-3.59385384
-0.645456375
1.254859499
0.181447265
0.000114178
-0.002845778
-0.073754146
-0.162368567
-0.6475126
-0.169865937
-0.294797769
-0.430662088
-0.470919816
-0.481935855
-0.563880018
-0.584859268
-0.587399945
-0.638326727
-0.649451303
-0.818866334
-0.847006161
-0.859730269
-0.877341898
-0.944082519
-1.070556072
-1.094819008
-1.158297401
-1.202255866
-1.240677543
-1.267503431
-1.308313758
-1.371040037
-0.651709667
-0.651734475
-1.414210093
-1.419888743
-1.493165889
-1.570287441
-1.59010624
-1.701183407
-1.311260058
-0.654638138
-0.654897891
-1.79764103
-1.864140403
-1.879168305
-0.655241817
-1.886556816
-1.993488444
-2.058420981
-2.066567248
-2.105731035
-2.14155559
-2.164584858
-2.339398442
-2.649439717
-1.736799543
-3.022736784
-0.657500839
-0.657949163
-3.381101296
-3.574273286
-3.72450025
-3.758084812
-3.930075158
-3.983056567
-4.060990231
-4.188240864
-4.216326562
-4.255848232
-4.421553417
-0.469784591
-2.410396904
-0.592516461
-0.647542351
-0.651013301
-0.651297007
-0.666649122
-0.69577764
-0.725829231
-0.762502608
-0.811788389
-0.898957626
-0.904373617
-0.980895897
-1.151171683
-0.662107775
-1.183220048
-0.662942199
-0.663619935
-1.313586917
-1.357308011
-1.359675818
-1.45598523
-1.560829221
-3.141327042
-1.773871368
-1.784405646
-1.898124449
-1.970298423
-2.241270776
-2.241913706
-2.28948793
-0.667201532
-2.352507375
-2.561594957
-2.589743083
-2.591434259
-2.594417213
-2.683689273
-2.707819994
-2.77299941
-2.801802088
-2.803323677
-2.935014706
-2.948647075
-2.998885319
-3.018528246
-3.03773628
-3.043580294
-3.082313329
-3.097622162
-0.669573844
-0.669736066
-3.139945444
-3.237810371
-3.299687013
-3.312774592
-3.507876704
-3.576543818
-3.815748758
-3.909346713
-3.980412673
-5.037721953
2.040434326
1.845218299
1.442205423
1.382172033
0.978588983
0.616746877
0.568011802
0.192270308
0.16109287
0.068915699
0.025667693
0.001372998
-0.675688668
-0.67571758
-0.110773825
-0.140633353
-0.161524103
-0.225579597
-0.676577725
-0.461376966
-0.48230155
-0.487185732
-0.597632089
-0.757538499
-0.759865265
-0.770932734
-0.896282747
-0.906452168
-1.12107068
-1.131687581
-1.220913168
-1.25942531
-1.272871607
-1.296896574
-1.356906241
-1.405923339
-1.4320283
-1.435632925
-1.453836448
-1.513181349
-0.681855888
-1.57878101
-1.595453308
-1.600278214
-0.591440183
-1.630933249
-1.680095531
-0.682328649
-1.740908288
-1.754369787
-1.778549706
-1.798249218
-0.817322254
-1.839803053
-1.859459254
-1.878965748
-1.95605343
-2.039745079
-2.211163684
-2.394471407
-3.155368186
-3.208387919
-0.687358008
-3.351709063
-3.916287614
-3.97496303
-1.196675647
-4.694576868
0.897519026
0.329092835
0.159466173
0.128055312
0.082870791
0.076046636
0.074959796
-0.001446858
-0.024718828
-0.200007286
-0.231671058
-0.359467682
-0.689663729
-0.689817871
-0.497213838
-0.551620399
-0.564725062
-0.690539396
-0.66788675
-0.673715715
-1.391613191
-0.717120013
-0.832448764
-0.852299865
-0.861764675
-0.691856482
-0.692244768
-1.067195355
-1.089885993
-1.098274425
-1.100767192
-1.107668638
-0.693048433
-1.196276598
-1.239575455
-0.693959539
-1.319829667
-1.357429525
-0.694312513
-1.375028656
-1.441499311
-0.694556635
-1.44200795
-1.478721183
-1.559081771
-1.593256392
-1.641008732
-1.803656599
-1.824360841
-1.919652107
-1.992133598
-2.029777781
-2.162717898
-2.374494981
-2.404000018
-2.468419613
-2.592497801
-2.685990694
-2.714852764
-0.699657929
-0.699755649
-2.799512529
-3.001702276
-3.083348246
-3.224719797
-3.242238266
-3.477861045
-3.480651801
-3.596586766
-3.929707384
-3.937539991
-4.314230917
-0.70206724
3.62276361
3.529502631
3.3703923
3.365182691
3.342525282
3.338731671
3.298882312
3.253593518
3.236896046
3.175278077
3.166279706
3.152411042
3.131344781
3.082460182
3.073128761
-0.704742338
-2.69313079
3.026860044
-0.705009668
-2.704645212
3.014182173
2.990366512
2.974470347
2.967781695
2.958909925
2.952197191
2.901550615
2.848999343
2.835454353
2.763094618
2.756818444
2.745922787
2.737264583
2.68842755
2.589830693
2.565132916
2.524950725
2.443582829
2.299963054
2.17897803
2.080150806
2.020793446
1.956834401
1.91259565
1.907917859
1.19146584
0.822888013
0.590467392
0.082696926
-0.200285616
-0.295135846
-0.317040578
-0.349691295
-0.665697046
-0.673527264
-0.775053162
-0.710911663
-0.930765654
-0.937476158
-0.712372354
-1.100790469
-0.71497118
-1.53348753
-0.716595326
-1.959856854
-2.439333771
-2.444513737
-0.718029611
-0.718641637
2.637315513
-0.296314769
-0.462859281
-0.778346583
-1.286810947
2.379112775
2.360786824
-0.720170887
-2.693397568
-3.873760813
2.326886151
2.309702138
2.297231539
2.275147635
2.140246343
2.006377065
1.967163129
1.867357103
1.832910755
1.80054496
1.755428285
1.662730507
-0.721756221
1.617409306
1.617380811
-0.722057521
1.47961261
0.895987981
0.875583405
0.550261347
0.488783254
-0.474642907
0.254034252
-0.257892252
-0.305412783
-0.673198709
-0.721361514
-0.75494382
-0.924787961
-0.928023409
-0.960237842
-0.726634768
-1.013505504
-1.05779182
-1.058034445
-1.134731924
-0.727403966
-1.279607118
-1.290712187
-1.375627948
-1.520191585
-1.520909276
-1.539704634
-1.592723493
-1.715819305
-0.729510602
-1.966897557
-1.973416108
-2.102819427
-2.186346299
-2.301654339
-2.305586338
-2.338456127
-2.383871182
-2.398718808
-2.577489262
-0.731649362
-2.664376158
-2.692318519
-2.791164744
-2.901366203
-3.175746682
-3.280263556
-5.036754978
1.310860676
-0.73408828
-1.431684144
-1.579657879
-1.73848971
0.18761831
0.083132007
-0.07814665
-0.211874308
-0.737261368
-0.255313075
-0.292573664
-0.390031945
-0.414248137
-0.458244847
-0.613837489
-0.636575264
-0.645853521
-0.683895694
-0.781912867
-0.840823047
-0.844312085
-0.865015659
-0.740173741
-0.887693659
-0.740597865
-0.897024598
-0.897637152
-0.925192575
-0.94293141
-0.989139892
-1.050504981
-1.057179655
-1.174665284
-0.74168148
-1.274857825
-1.285450668
-1.379010202
-1.390552887
-1.484994578
-1.529485612
-1.576750012
-0.744492946
-1.697619831
-1.712175303
-1.818387851
-1.819719309
-1.876019741
-1.957838297
-2.011139717
-2.084507972
-2.149945994
-0.746185854
-2.175238236
-2.178668593
-2.232654402
-2.302220246
-2.332615524
-2.365510719
-2.738452555
-2.805550794
-3.196388622
-3.233683588
-3.307565605
-3.347547729
-3.369723791
-3.466816733
-3.73722803
-3.853929163
-4.41565066
-0.74888151
-4.497903022
-0.74904762
0.19552818
0.088314489
0.030014576
-0.024366269
-0.749953032
-0.15538848
-0.30533364
-0.40090695
-0.460728382
-0.59762638
-0.663570565
-0.751300668
-0.785285076
-0.790678467
-0.806234221
-0.828148743
-0.83112512
-0.843722266
-0.870300286
-0.952001377
-0.963900643
-3.887562432
-1.122934311
-4.403000927
-0.753537573
-1.135717278
-1.173625759
-1.204581854
-1.219162872
-1.255651744
-1.271817658
-1.275107358
-1.288525973
-1.296332017
-1.339822417
-1.408289504
-0.723577722
-2.053222554
-2.909922209
-2.693482882
-1.506739711
-1.506976396
-1.515448561
-0.756364815
-2.893561808
-0.756760317
-1.544499621
-1.551478764
-0.756992288
-3.09121295
-2.272353449
-1.631361389
-2.5423581
-2.944644733
-1.65988432
-1.723836138
-1.779572265
-0.677529423
-0.757856236
-0.757923171
-0.825577528
-0.758118711
-1.801215533
-0.758726466
-1.816109322
-1.901568115
-1.977941302
-1.980861188
-2.014608161
-2.019872977
-2.484958137
-0.760423598
-2.710932968
-2.729130158
-2.737191094
-2.797218003
-2.922740527
-2.980466341
-0.761312492
-0.761430579
-3.347866709
-3.360395347
-3.822203066
-0.643662201
-3.96488774
-4.029059849
-4.523449778
3.571994601
-0.763984166
3.308316309
3.090903844
3.054741568
2.970988436
2.786145379
2.73988931
2.55365812
-0.765113188
2.407536856
2.275846647
2.24087237
2.068770808
1.946781615
1.781476644
1.607691307
1.572650267
-0.766053119
1.081079111
0.835438487
0.786816753
-0.766500301
0.694013095
0.333658334
0.283714626
0.068273896
0.062886423
-0.044066535
-0.079668615
-0.105646782
-0.159236891
-0.186506821
-0.19910242
-0.236281551
-0.767859419
-0.369388207
-0.494625469
-0.499565424
-0.55873871
-0.58681434
-0.770051566
-0.61489207
-0.648973363
-0.663804684
-0.678358297
-0.678906681
-0.708352851
-0.817615351
-0.77166443
-1.030622313
-1.048023065
-1.181096489
-1.314756865
-1.611350148
-0.774303989
-0.774632977
-1.788417551
-1.812764852
-0.774957095
-1.84836156
-1.505692869
-0.775534819
-2.077487277
-2.091244817
-2.103021377
-2.468972046
-2.729334602
-2.95904141
-3.221720548
-3.249032246
-3.912964697
-0.778401637
1.346826033
0.897031693
0.855264579
-0.779007343
0.85020517
0.310443865
0.173880141
0.119938899
-0.780681029
-0.205945837
-0.217149764
-0.39424872
-0.457229308
-0.589935395
-0.632273016
-1.953076391
-0.826506117
-0.827473112
-0.864162179
-0.907452449
-0.938968258
-1.031861416
-1.033114057
-1.033959526
-1.038536662
-1.065635653
-1.118703962
-1.142265219
-1.251883355
-1.324126
-1.366556684
-1.374801987
-0.785544287
-1.494793281
-1.540839004
-1.566423672
-1.567442783
-1.689692969
-1.711570214
-1.724299959
-1.794300707
-1.800144242
-1.842414055
-1.843203358
-1.883967976
-1.913813782
-1.940982922
-1.996785828
-2.150335986
-2.243297133
-2.268913884
-2.30369426
-2.506443391
-0.788494822
-3.016723956
-0.789047527
-0.789292376
-3.244451365
-3.268500141
-3.400309827
-3.487878812
-2.40157621
-3.52479344
-3.63444575
-3.679906123
-3.957792242
-4.151766326
-4.598165285
2.721851081
2.517005206
2.464590634
2.455798787
2.434402384
1.766627828
1.675193589
1.647134959
1.62159906
1.617270453
1.070384541
1.026492836
0.99333277
0.88312338
0.557019958
0.507887092
0.249378184
0.225102382
0.136326781
0.097498228
-0.022856124
-0.086935841
-0.107993572
-0.136706197
-0.379878968
-0.477970686
-0.500056852
-0.749978935
-0.602810812
-1.415808501
-0.868950553
-1.46750593
-2.078978692
-2.460261868
-2.854691631
-0.875258379
-0.888856099
-0.90398434
-0.952504623
-0.952543363
-0.794527778
-0.961865487
-1.101394337
-1.132800494
-0.795464375
-1.134651968
-0.795894535
-1.301288667
-1.356149391
-1.483515075
-1.492383418
-1.507117043
-1.516732516
-1.795085266
-1.861794945
-1.863006442
-1.901634897
-1.942106861
-1.969549472
-2.269185393
-2.650321982
-2.674103072
-3.030778675
-3.175957353
-3.243459805
-3.262046006
-3.323809443
-4.100261224
-4.35730248
2.959381657
2.82106453
2.805819568
2.490879431
2.328863177
2.263383641
2.258690222
2.243378046
-0.519169883
2.231394807
2.097034171
1.995036318
1.941024422
-0.803568261
1.901701587
1.854879693
1.82184274
1.820163799
1.727229034
1.540294917
1.537466372
1.51635016
1.36909582
1.261173738
0.970373292
0.903713434
0.736019251
0.500713105
0.435015658
0.367161637
0.106283996
-0.123322533
-0.135560529
-0.29800452
-0.353508623
-0.434387211
-0.480298626
-0.587508485
-0.631866437
-0.660333464
-0.788145106
-0.820281092
-0.858351368
-0.932387425
-1.273914721
-1.281383655
-1.288577193
-1.326894097
-1.367733249
-1.477116984
-1.584757111
-1.63464898
-1.788170443
-1.8128428
-0.810353186
-1.895451508
-0.810829099
-2.102641646
-2.17972795
-2.32529281
-0.812265932
-2.464076444
-2.764392653
-3.340034016
-0.81386704
-4.031101806
0.274245706
0.215405904
0.178425798
-0.816018824
-0.112885708
-0.28123162
-0.350182704
-0.352293467
-0.495269177
-0.560626717
-0.561223936
-0.72800842
-0.803730677
-0.812516429
-0.863010195
-0.818340676
-0.863687917
-0.864904085
-0.870730836
-0.876157733
-0.885455519
-0.898817421
-0.986923528
-1.004323807
-1.086366544
-1.259309068
-1.270110513
-1.2968273
-1.335493112
-1.443645289
-1.471261797
-1.309788263
-1.564584455
-1.565617327
-1.634782176
-1.644812897
-1.66481742
-0.823036078
-0.82332733
-1.773764872
-1.781674943
-1.796254333
-1.956280083
-2.012775828
-2.055319735
-2.064807665
-2.194120656
-2.227363609
-2.545267013
-2.559693852
-0.82630896
-2.828978685
-2.880152729
-0.826772733
-3.004410069
-1.391464972
-3.351476394
-3.353853221
-3.404638802
-3.42123237
-0.827418322
-3.446749758
-3.454183591
-3.678392564
-3.706097533
-3.812869035
-3.981793911
-1.458467748
-4.12891123
-0.828132363
-0.828182112
-4.98814655
3.197114211
3.043503072
2.838960397
2.637372944
2.593495015
2.553847508
2.507153302
2.352414747
2.303204035
1.897128267
1.829502649
-0.829418005
1.487648943
1.245275517
1.224490638
1.219271303
0.704584542
-0.831406146
0.314253153
0.247366611
0.231585747
-0.831927088
0.211270853
0.133531906
0.061696832
-0.147671844
-0.172831
-0.833105814
-0.20824464
-0.833494183
-0.833760406
-0.833764736
-0.433374454
-0.439497062
-0.442828594
-0.47013051
-0.834318421
-0.655172128
-0.798737503
-0.835574123
-0.832431147
-0.835241737
-0.918121468
-0.936189067
-0.936441933
-1.062023516
-1.140733205
-1.260819007
-0.837381053
-1.318917036
-1.477069864
-1.516404972
-0.83824278
-0.838430469
-1.61012437
-1.654049237
-1.734058071
-1.939170129
-2.006506859
-2.013355048
-2.057811876
-2.24217404
-2.313470989
-2.389098766
-2.432050911
-2.473671633
-2.502830926
-2.504670212
-3.011657621
-2.188519822
-3.013921531
-3.080264957
-3.594517226
-0.842696506
3.73589491
3.319027738
3.285584309
3.142035195
3.081324893
3.005406545
2.98168154
2.969905018
2.922993413
2.836098267
2.802775157
2.67439172
2.47872268
2.339489395
2.27562966
2.266037624
2.258605174
2.242244098
-0.844903547
2.236667105
2.196187963
2.123483408
2.101501805
2.067248042
2.00332787
1.969148344
1.77876512
1.756874572
1.655406888
1.472750615
1.312645845
1.28182436
1.214686537
0.93777752
0.916967112
0.779920051
0.454001677
0.329785147
0.034154341
-0.127906027
-0.287507608
-0.389024904
-0.445638845
-0.716390091
-0.837031688
-0.961665108
-0.998380859
-1.110045282
-1.112863539
-1.176255008
-1.270879771
-0.850398401
-1.549723551
-1.627265509
-1.747306891
-1.768615246
-1.771268278
-2.006328625
-2.07589714
-2.135734278
-0.853636103
-2.824498822
-2.983366282
0.470038856
0.329594539
-0.855842993
0.059344175
0.032914807
0.021527305
-0.00984158
-0.150416942
-3.399184636
-0.856995765
-0.190982914
-0.378768825
-0.493217691
-0.613850888
-0.707293262
-0.725901877
-0.741140039
-0.753007335
-0.78174813
-0.810338483
-0.876462907
-0.923605317
-0.952874798
-0.967435074
-1.082936116
-1.09558833
-1.096806877
-1.109091317
-0.860033708
-1.116431948
-1.118930937
-1.185831182
-1.193237519
-1.202791865
-1.207289662
-0.860596224
-1.259026206
-1.332932977
-1.336859793
-1.365751323
-1.420194202
-1.455809098
-1.479425689
-1.544725391
-1.571623764
-1.628781246
-1.659300239
-1.726202476
-1.740616912
-1.796364339
-1.840570158
-1.886009275
-1.961836975
-2.07948137
-2.127300243
-2.168115405
-2.386719354
0.796240759
-0.86455618
-2.445537444
-0.155178338
-1.193673124
-2.54690004
-1.394446517
-0.86509701
-2.778730015
-2.85876229
-2.355952907
-2.548777113
-3.201033518
-3.594512715
-3.89950508
-4.356813548
1.632242913
0.886456168
-0.868043338
0.442172795
0.176157481
-0.868980556
0.084421103
0.078041224
0.028840885
-0.000496921
-0.093277112
-0.095449975
-0.111306446
-0.871170043
-0.276050225
-0.279375949
-0.296875127
-0.327961014
-0.350887286
-0.431085617
-0.48474457
-0.529452731
-0.872764803
-0.608084239
-0.623155056
-0.623817177
-0.66870006
-0.69689849
-0.703207154
-0.714328394
-0.744942306
-0.769889357
-0.78175363
-0.846643476
-0.945815936
-0.875035275
-0.98548361
-0.997113229
-1.007401089
-1.017665343
-1.045022911
-1.057109598
-0.618867869
-1.067260371
-1.06761424
-1.133202498
-1.15569609
-1.250929376
-0.87660158
-1.278930268
-0.689965606
-1.392628607
-0.87805748
-1.516400433
-1.546205143
-1.640007746
-1.990431639
-0.963941805
-2.078069561
-2.139769899
-2.181412986
-2.183587375
-0.88161586
-2.38211713
-2.628439583
-2.750910043
-3.188396447
-3.216365039
-3.604565228
-0.883352035
-4.414123097
-0.884373996
-0.884404938
0.123430308
0.016290821
-0.0430197
-0.085445098
-0.885735327
-0.178743075
-0.289620413
-0.362470385
-0.42184661
-0.531883388
-0.546012377
-0.571264552
-0.623608817
-0.666573622
-0.715772264
-0.727802543
-0.784828855
-0.889130997
-0.853200789
-0.890499405
-0.998447682
-0.999590076
-0.890320496
-1.014449744
-1.023193647
-1.034344228
-1.116853124
-1.637706119
-1.211142096
-1.258665885
-1.260094852
-1.399923775
-1.431624319
-1.466361619
-1.483211555
-1.513099878
-0.89370476
-1.518019139
-1.611839289
-1.690559915
-1.786633997
-1.835547962
-1.878727349
-1.903679706
-1.971093666
-2.017824968
-2.031596197
-2.070120965
-2.093884283
-2.242261496
-2.328670637
-2.432527902
-2.501801728
-2.556394762
-0.896492975
-2.632271522
-2.757318734
-2.798028321
-0.897011292
-2.94335391
-3.026508184
-0.897232726
-3.1339182
-3.389067384
-0.897759501
-0.898120266
-3.840493705
-0.898340114
-3.923029434
-4.123001746
-5.14324457
0.454123816
0.121807672
-0.047519048
-0.119025388
-0.136949807
-0.900164247
-0.21477251
-0.362007953
-0.39519926
-0.402201577
-0.900900176
-0.427696445
-0.42960528
-0.507248865
-0.901355436
-0.541349103
-0.552403454
-0.667694928
-0.675913822
-0.741118428
-0.796654792
-0.804694292
-0.87936101
-0.933446878
-0.939971851
-0.973099711
-1.031360118
-0.905076711
-1.072747563
-1.073792975
-1.075594623
-1.083915578
-1.151658302
-0.905557685
-1.162834526
-1.192888062
-1.234277826
-1.259391254
-1.288300412
-1.408199944
-1.444353299
-1.545261467
-1.548707438
-1.571923629
-1.579263426
-1.612639447
-1.61524307
-1.64918693
-1.708657118
-3.590139887
-1.807743308
-0.909879939
-1.810321726
-3.781514537
-1.947060062
-1.984739344
-2.022086933
-2.20158252
-2.207461712
-0.911146591
-2.252431644
-0.518481246
-1.116669617
-2.314073125
-0.911749799
-1.341757131
-2.350859566
-2.400861928
-0.911975973
-1.393557331
-0.912237987
-2.846945733
-2.92522642
-2.979962639
-1.860239854
-4.644687488
-3.758005314
-3.77482138
-0.907600613
-1.280132997
-1.307771324
-1.961814888
3.373477804
2.949459934
-2.604854397
2.908939599
2.899791334
2.855984809
-2.864491638
2.778347929
2.694654896
2.670924334
2.647079183
2.635179355
2.628440661
2.447173466
2.242980473
2.128184631
2.118596146
1.989695434
1.889931844
1.887399762
1.827475913
1.754560082
1.442796841
1.204986653
1.148867674
1.121429396
1.085281367
0.958560304
0.757259401
0.677677733
-0.916352591
0.640673491
-0.916550096
0.243997983
-0.02663809
-0.051916585
-0.059077385
-0.161528752
-0.416101886
-0.424199764
-0.436665383
-0.449428533
-0.454334829
-0.616303586
-0.666384675
-0.738667226
-0.919439867
-0.87578161
-1.083336413
-0.920074848
-1.189026813
-1.204186398
-1.319474291
-1.427637496
-1.774960062
-0.922716489
-1.832887312
-2.178383586
-2.709797608
-2.817487376
-2.874612784
-2.920779426
-3.323448199
-0.92514103
-0.925394237
-3.379304999
-0.925769667
-4.054103737
-4.297984087
2.508129781
2.181731663
2.078403458
2.067479262
1.77283592
1.689002197
-0.977113714
-0.927613332
1.668062126
1.66122347
1.637503331
1.573651932
1.449123443
1.322639361
1.166245091
1.135175982
-1.034318717
1.082063864
0.800193856
0.616425317
0.601126423
0.501356615
0.470270949
0.390646633
0.35276843
0.340088297
0.247837761
0.087922309
-0.288217734
-0.288363588
-0.312574466
-0.464984496
-0.931878842
-0.481605505
-0.574503953
-0.932575303
-0.759898148
-0.804339021
-0.933634675
-0.915623757
-0.973711949
-0.934686371
-1.019004903
-0.934877506
-1.396815645
-1.625620966
-1.728614409
-1.796447758
-1.848423402
-1.906345505
-2.06338967
-1.717156945
-0.938854815
-0.938889378
-1.74385945
-2.364810982
-2.377708091
-2.5021701
-2.555964802
-2.593251159
-2.660746829
-0.939773647
-3.571168551
-3.824906964
-4.2093845
-4.239407792
-4.556852583
-1.848290958
0.440378466
0.409706871
0.206389276
-0.030957369
-0.051550153
-0.170731568
-0.232017189
-0.273631124
-0.94276675
-0.327110786
-0.36146747
-0.943120232
-0.618233563
-0.689897623
-0.72056488
-0.736330928
-0.779681744
-0.943673889
-0.781039072
-0.830113673
-0.955209751
-0.957895177
-0.960178032
-0.962486588
-1.038577481
-1.039971297
-1.164233318
-1.180552646
-1.216684364
-1.310137672
-1.311127488
-0.945400419
-1.37067514
-1.405581109
-1.422314114
-1.502196286
-1.508471093
-1.537457467
-0.946376784
-0.946709423
-1.586774813
-1.671559332
-1.702339413
-1.739610396
-1.781622596
-1.880922957
-1.935231948
-1.950890889
-1.978505449
-1.99792069
-2.015877134
-2.023111079
-2.036786219
-2.037287178
-2.053700027
-2.192231139
-2.298207934
-4.57707366
-2.575375827
-2.7076193
-0.138905209
-2.931041744
-3.384170349
-3.515128558
-3.575131493
-3.629770613
-3.918119895
-0.950785274
-4.051260858
1.163518105
-0.448855053
0.850708066
-0.951778746
0.538793498
0.506201268
-0.952389741
-0.062887863
-0.071206209
-0.145743518
-0.197904024
-0.232099662
-0.324656584
-0.405837059
-0.409037356
-0.955619129
-0.641410932
-0.776753595
-0.854718495
-1.034871725
-1.061840537
-1.191967494
-1.268726208
-1.3055171
-1.311276756
-1.314162884
-1.502870294
-1.563794477
-1.587230731
-1.69174525
-1.712802259
-1.717198751
-1.738393344
-1.746382772
-0.958774586
-1.857796331
-0.95978723
-2.012455063
-2.03877867
-2.204139899
-2.231785764
-0.960196903
-2.242325098
-0.960279629
-0.960570901
-2.470905665
-2.694123824
-2.752123662
-2.764269043
-2.848662941
-3.031960484
-3.176073276
-3.218028753
-3.34624521
-3.364350753
-3.396825848
-3.480616241
-3.493412522
-3.539559115
-0.964844824
-0.96500019
-0.965063941
-0.96508522
-0.965377158
-3.652277746
-0.965607924
-0.965652308
-3.685637873
-3.746304044
-0.965943384
-3.909216914
-4.004884474
-4.023490654
2.841249628
2.823154296
2.766951558
2.764325345
2.756422549
2.688611038
2.673934284
2.435405615
-0.967394672
2.391237604
2.157440158
2.153271994
2.116954434
1.976362336
1.916502129
1.642065433
1.573180578
1.570943619
1.519832314
1.436540723
1.337497318
1.274354198
1.174707605
-0.968578232
1.120067965
0.98399126
0.603996798
0.58958493
0.507725666
0.479790773
0.407747812
0.237530253
0.211057918
0.168220418
0.144016888
0.051575589
-1.553858973
-0.281130478
-0.379100972
-0.434165023
-0.451968657
-0.97211416
-0.453001841
-0.518870083
-0.972634026
-0.713406102
-0.720527352
-0.739879707
-0.741353255
-0.770619092
-0.799716589
-0.890621404
-0.943707352
-1.670585236
-0.97421335
-0.974751885
-1.163224864
-1.347504559
-1.364296325
-1.443762314
-1.525248437
-1.584159353
-0.97627664
-1.930403713
-1.929951497
-2.310252945
-2.625305824
-2.671314875
-3.05322776
-3.193605159
2.965433126
2.603116393
2.574263767
2.436748686
2.416917743
2.352310023
2.336192801
2.206304053
2.094631282
2.023272199
1.98438348
1.953942279
1.255367815
1.201477355
1.109752829
1.076286854
0.888290248
-2.504936633
0.717860973
0.636650521
0.52918084
-0.192341359
-0.283895749
-0.299830508
-0.3104939
-0.310612622
-0.398039906
-0.443807573
-0.5417775
-0.982626874
-0.982920684
-0.548462183
-0.6458661
-0.718528471
-0.746750783
-0.766258652
-0.883617452
-1.119404729
-1.154604291
-0.98483878
-1.165628309
-1.40538984
-1.40728577
-1.425868314
-1.442567214
-1.45305059
0.319735557
-1.632647102
-0.342517518
-0.6024834
-1.29321623
-2.826466535
-3.144259771
-1.722900242
-0.827598101
-1.827261806
-0.90388834
-1.355790425
-1.597486145
-2.384527508
-2.556144804
-1.837972999
-1.841887196
-1.846961306
-1.860284254
-1.976508863
-0.988034284
-2.029056639
-0.988121494
-2.059137264
-2.085024678
-0.988165188
-0.98830846
-2.467015396
-3.109619473
-3.48633082
-3.641460309
-3.647468233
-3.90599865
-4.035644396
0.597119041
-0.027184301
-0.122892412
-0.138565741
-0.991541886
-0.267292515
-0.305653022
-0.460995961
-0.477609569
-0.609556742
-0.625425688
-0.588680425
-0.786100625
-0.793089392
-0.993971249
-0.804112864
-0.994241685
-0.822629291
-0.84003908
-0.909773217
-0.925058835
-0.979643202
-0.997185444
-0.995978031
-0.996062249
-0.996228272
-1.168686911
-1.198183954
-1.283973564
-0.997208677
-1.293619707
-1.32550311
-1.353239822
-1.380513533
-1.420454087
-1.518985249
-1.536207993
-0.998491707
-1.55544637
-1.623312132
-1.69927181
-0.999059885
-1.801743829
-1.896657612
-1.94293659
-2.013174082
-2.077785048
-2.243313534
-1.062132093
-2.303332092
-2.368147141
-2.394216151
-2.449359388
-1.001393679
-2.613525544
-2.685849016
-2.722667886
-2.756481126
-1.001724668
-2.947090854
-1.00204524
-3.015606711
-3.048943287
-3.102091109
-3.267903693
-3.280092145
-3.401116088
-3.441531976
-3.52987132
-3.583936598
-3.634571912
-3.702560476
-3.876046767
-4.751794738
-1.003857867
0.204278477
0.055573262
-1.004272176
-0.053431671
-0.055529565
-0.240696118
-1.005382739
-0.335828321
-0.348872044
-0.368218881
-0.48037486
-0.523440045
-0.581785852
-0.592211415
-0.593552052
-0.613517921
-0.687736998
-0.720561578
-0.722618329
-1.006786047
-0.827274767
-0.83734157
-0.871534122
-0.877023834
-1.008442882
-0.945553067
-1.008603546
-1.063765022
-1.009149487
-1.082838582
-1.114460043
-1.1330893
-1.221394158
-1.264959994
-1.281322636
-1.31422264
-1.393886516
-1.399662901
-1.400573209
-1.408298081
-1.010256376
-1.461964309
-1.573454614
-1.01167013
-1.736990098
-1.794193755
-1.837239907
-1.854962807
-1.886316435
-1.909971606
-1.012965127
-1.921248373
-1.013316812
-2.222727478
-1.013636525
-1.944975084
-2.373120945
-2.09153423
-2.233745644
-1.014746044
-2.269400619
-2.28108069
-2.313152683
-2.346367577
-2.441189725
-2.503027606
-2.610682243
-2.68101301
-1.015581547
-1.015778499
-2.99833008
-3.000488767
-3.10230833
-3.157018134
-3.487079568
-3.941866474
-4.100345406
1.307869714
1.09816222
0.77156774
-1.018633498
0.597559952
-3.534127948
0.425704899
0.364270091
0.244449795
-0.085628667
-0.151198306
-0.216143734
-0.236791925
-0.25573946
-0.288205919
-0.325623129
-1.019990522
-0.452435828
-0.498193208
-0.554246211
-0.599310362
-0.685891257
-0.690652435
-0.722246308
-0.731195224
-0.791598977
-1.022008037
-0.981150291
-1.033305097
-1.03424779
-1.053813499
-1.073006773
-1.094593894
-1.131534463
-0.434563715
-0.458365354
-1.171137102
-1.184532212
-1.36723074
-1.408004442
-1.490032171
-1.195142459
-1.205698283
-1.212830534
-1.222495402
-1.024353417
-1.253087501
-1.384319759
-1.437575416
-1.474717015
-1.67244363
-1.782273975
-1.78539837
-1.820816377
-1.027162977
-1.827857987
-1.885049545
-2.107442493
-2.12062126
-2.207100927
-2.284180979
-2.344152258
-2.387002923
-2.478087737
-1.0287837
-2.65546976
-2.683759874
-2.686336197
-1.029257561
-3.244014991
-3.332771188
-4.28571094
-4.423728438
1.000646165
-1.030601128
0.788152309
-1.031386359
-1.031641317
-1.031740975
-1.031755782
0.618917176
0.283580465
0.066124543
-1.051115572
-0.018885923
-0.08138926
-0.125372317
-0.130633155
-0.178652799
-0.245098352
-0.310594313
-0.316469801
-1.033618801
-0.339166844
-1.065545001
-0.379675725
-0.40318778
-0.48013809
-1.196893729
-0.487569774
-0.502770096
-0.514155073
-0.522201066
-0.586453012
-1.035516584
-0.62301678
-0.623536525
-0.63549204
-0.719092728
-0.857852003
-0.861836061
-0.891434172
-0.920629244
-1.037610002
-1.295867845
-1.037887919
-1.081966063
-1.114424502
-1.394781246
-1.148028208
-1.155719174
-1.193033248
-1.202886874
-1.462098698
-1.343660986
-1.039283611
-1.398461608
-1.439245851
-1.039921247
-1.462322343
-1.519012447
-1.041203114
-1.551687625
-1.565048983
-1.583875492
-1.606282761
-1.644977853
-1.793087025
-1.925791346
-1.951644072
-2.163258909
-2.171777954
-2.270670497
-2.333268386
-2.380821298
-2.397265476
-2.59668195
-2.760919026
-3.607253759
-1.044207424
-3.830577842
-4.529425853
3.515364168
3.29125401
3.282276877
3.156647239
3.147844876
3.069033357
3.005000416
2.957939322
2.937362821
2.934037961
2.911293818
2.825125011
-1.048338916
2.789565052
2.778148635
2.767695462
2.756082305
2.739937129
2.706807115
2.706686226
2.666649087
2.611811158
2.42041834
-1.049690129
2.330328727
2.241262982
1.830188142
1.552926749
1.536518651
1.230339558
0.978389023
0.640858992
-0.206109989
-1.051316541
-1.051487508
-1.051773939
-1.051858063
-0.557801447
-0.577355688
-0.655267869
-0.686441929
-0.712253436
-0.727836381
-0.742493344
-0.809912073
-0.89588697
-1.006641903
-1.05346259
-1.024445743
-1.102061351
-1.295231595
-1.054896887
-1.386251583
-1.05527632
-1.521456801
-1.59012222
-1.602909005
-1.696622508
-1.699098507
-1.700652441
-1.713611243
-1.77325606
-1.871163945
-1.938809105
-2.065782422
-1.057106105
-2.379182214
-2.981257936
-4.537563285
1.925124428
1.651214177
1.203555317
-1.05817091
-1.058582829
0.816399843
0.745173944
0.550559389
0.402127966
0.331855905
0.316400832
0.255873231
0.210483104
0.085551144
0.012487798
-0.006128145
-0.09512469
-0.162948548
-0.39237681
-1.061507677
-0.413880644
-0.442609063
-0.45471424
-0.471178483
-0.487041983
-0.50390509
-0.567936011
-1.063039382
-0.718017886
-0.73760162
-1.063645421
0.644554595
-0.636628877
-0.838007721
-1.064088559
-0.904780779
-0.947027168
-1.064410156
-1.164934008
-1.292502554
0.857134914
-1.064664829
0.175793364
-0.852482284
-0.45788762
-0.982488982
-1.064793467
-1.101929937
-1.17749981
-1.26876423
-0.915249143
-0.933909358
-1.024123813
-1.287502366
-1.696407737
-1.094247647
-1.100640391
-1.908448073
-1.15166354
-1.163710664
-3.060780272
-1.193121567
-1.21294984
-1.224539748
-1.313077372
-1.319573865
-3.296206586
-1.386962278
-1.596007664
-1.711621378
-1.714731436
-1.782290905
-1.823629907
-1.832480465
-1.842181511
-1.906836739
-1.070411499
-1.070412754
-1.917804316
-1.918558043
-2.039121384
-2.079536766
-2.085473242
-2.225207362
-2.455907215
-2.590174069
-2.646412709
-0.330094332
-3.249803798
-3.958681033
-1.072392149
-1.072670855
3.500114087
3.34764098
-1.073102925
3.305308122
3.287718461
3.205400656
3.18473053
3.176839346
3.164401363
3.107015727
3.099555121
3.092303657
3.087298794
3.082038969
3.057022174
3.042857645
3.042803748
3.013971355
2.990231595
2.98895953
-1.075858742
-1.075905057
2.933643788
2.931785128
2.923703982
2.90238432
2.881060768
2.845912579
2.843402801
2.834950333
2.824775156
2.79999693
-1.077181242
2.795182537
2.772186266
2.76817434
2.723098701
2.685645908
-1.078481718
2.669354315
2.620742303
2.603744264
2.596408239
2.594516732
2.573105081
-1.079423705
-1.079483487
2.544468259
2.537266965
2.530407531
2.488669101
2.47037421
2.421809525
2.420525354
2.36592406
2.361973969
-0.896124438
2.245600749
-1.080578074
2.182879872
2.16500953
2.110227658
1.189738081
0.094064048
-1.08306717
-0.570704355
-0.786889926
-1.510766783
-1.084892855
-1.08520255
-1.820692642
-2.755165601
-1.085987734
3.64409129
-1.08633861
3.484129511
3.399450228
3.367449778
3.077797266
3.020154707
2.989674589
-1.412387072
2.980187174
2.96832582
2.904775853
2.870615821
2.800444607
2.788381236
2.719551064
2.701213712
2.690908507
2.613509163
-1.583142888
2.589971582
2.587476129
2.585962661
2.580173412
2.550268864
2.54348106
2.512046325
2.507836105
2.495976948
2.479987537
-1.091359173
2.431821058
2.425334056
2.413467024
2.347090521
-1.092235002
2.32967439
2.316875461
-1.82195442
2.26027059
2.224110081
2.071044095
2.003263178
1.936724428
1.896608588
1.827527119
1.806780479
1.714261857
1.611551678
-1.094657428
1.483840367
1.324655686
1.262034185
-1.094819008
0.862157381
-1.094984536
0.831064195
-1.095139154
0.625733368
0.096834521
-0.415817453
-0.580308503
-2.536157704
-1.09669746
-1.274949925
-1.380796802
-1.744385772
-1.916648273
0.652229706
0.325996593
0.167197071
-0.299566458
-0.335018006
-0.454819191
-0.517021629
-0.540673212
-1.100989608
-0.579688084
-0.585889763
-0.63803352
-0.752417988
-0.952846853
-1.102263904
-0.980643991
-0.992861949
-1.003055206
-1.035535425
-1.060054942
-1.189751522
-1.218581092
-1.2343118
-1.240385515
-1.276667636
-1.323727396
-1.370439952
-1.402110616
-1.439414398
-1.557198273
-1.578427071
-1.606469641
-1.612963753
-0.377368323
-1.675878145
-1.717848222
-1.762828976
-1.877156187
-1.105590492
-1.899559172
-1.99733466
-2.015101356
-2.160977358
-2.211080759
-2.225980597
-2.266198119
-2.698521195
-0.656249535
-2.876492919
-2.904107508
-2.916564541
-2.92484284
-3.005091364
-3.126574451
-3.261716819
-3.287191108
-3.378309934
-3.426479113
-3.590835882
-3.713539048
-3.819358046
-3.996788706
-4.044816635
-4.511315475
-4.691993394
3.60493714
3.555147696
3.516648067
3.435040202
3.377573646
3.325121217
3.257541769
3.253782201
3.219093587
3.203576233
3.183372929
3.045727404
3.015301031
2.987748988
2.972617058
2.967873554
2.941825594
2.910315442
2.903586461
2.846601632
2.844536811
2.833933972
2.816810862
2.805473036
2.718983509
2.716838774
2.690919977
2.687837055
2.665495082
2.654226181
2.654181772
2.634050373
2.62955455
2.624448127
2.613890708
2.603526681
2.582881833
2.49396817
2.493164376
2.403560843
2.296149702
2.177695872
2.018669311
2.008526832
1.755417969
1.631687037
1.623782144
1.568178065
1.177749234
0.929879451
0.387542327
0.348065144
0.271408892
0.081120997
-0.051668419
-0.744006945
-1.92133214
-0.909869679
-1.074036986
-2.342112779
-2.7223815
3.048583063
2.925210005
2.858688392
2.839552221
2.814773785
2.68043956
2.449302177
2.403733343
2.400986113
-1.12132435
2.339019647
-1.121385348
2.313816348
2.229984667
2.101247145
1.973955899
1.883473572
1.851323351
1.782239849
1.743663226
1.477295051
1.434837296
1.311566527
-1.122297617
1.253890015
1.121752434
1.100698763
0.833079629
0.818680421
0.770540027
0.661679706
0.417803404
0.396375541
0.336175503
0.28883469
0.247545574
-1.123443216
-0.097673581
-0.168114432
-0.251120279
-0.25875456
-0.282307558
-0.317954768
-0.339931669
-3.641297592
-0.391190941
-0.392399017
-0.421447229
-0.441414593
-0.467182749
-0.491837465
-0.543521398
-3.711489849
-0.68405341
-0.705255564
-1.127324192
-1.127539911
-0.81154964
-0.833150298
-0.890985437
-0.960559933
-1.118226219
-1.235959917
-1.366872627
-1.695501582
-1.803518932
0.335593305
-0.242162757
-0.831595414
-1.960279565
-1.570206057
-2.13614964
-2.317452107
-3.518152838
-1.131875672
-1.132226712
-1.701619318
-1.786720558
-1.132825333
-1.949920035
-4.317048267
-0.14853642
-0.921480476
-1.003581869
-1.110530157
-1.21888541
-2.862769762
-0.078650955
-0.736006053
-0.767533673
-1.181544629
-3.156672177
-1.134406507
-3.168095308
0.213740824
0.13597935
-0.254363622
-0.588964314
-0.651114302
-0.665415431
-1.135052347
-0.765445006
-0.768396283
-0.772021967
-0.813588864
-0.865871612
-0.303939743
-0.90803121
-0.93795472
-0.979242517
-1.135953931
-0.984345368
-0.991728782
-1.137006249
-1.137954973
-1.138394056
-1.053390767
-1.053748931
-1.086148598
-1.095254991
-1.120969935
-1.177428721
-1.139339736
-1.18821456
-1.194412125
-1.139703919
-1.202319482
-1.310654568
-1.329795164
-1.457389724
-1.47966166
-1.49095001
-1.522263427
-1.529308547
-1.53247238
-1.141942655
-1.608350828
-1.63897313
-1.675506344
-1.712986277
-1.788744594
-1.831690024
-1.87498226
-1.900737822
-0.768104048
-1.949917677
-2.012579156
-2.045275915
-2.069595168
-0.825315203
-1.143385995
-2.082577218
-2.21768099
-2.351370233
-2.400625468
-2.444138256
-2.488011583
-2.613892528
-2.950180529
-2.996670197
-1.1453414
-3.006382166
-1.146091314
-1.002451598
-1.146347523
-3.678479154
-3.718412175
-3.865286283
-1.146441391
-3.944660471
-5.336000241
3.319426017
3.16434622
3.125676518
3.063843136
3.012691718
2.979167429
2.89762313
2.828238191
2.81419292
2.764136454
2.715288328
1.937065663
1.652302032
1.315384931
1.310355217
0.951128331
0.926836405
0.87297815
-1.151273398
0.770380606
0.541904245
0.536304599
-1.151618338
0.413260216
0.276514256
0.273405802
0.257839356
0.187668445
0.087137315
0.055865814
0.042454685
-0.055236789
-0.159899816
-0.242074961
-0.247834191
-0.265731264
-0.407052876
-1.153451641
-0.481009332
-1.153707509
-0.50377157
-0.504487346
-0.834763386
-0.836859764
-0.900895376
-1.097467814
-1.15580513
-1.123195363
-1.156208948
-1.195617249
-1.303470686
-1.368409529
-1.526938577
-1.615451838
-1.704905013
-1.867597627
-1.932469213
-2.033675508
-2.041698094
-1.158403836
-2.238707718
-2.326025867
-2.427134088
-2.49791977
-2.81085999
-3.107109542
-1.16032573
-4.257693808
0.342087278
0.234515868
-0.094595546
-1.161693132
-0.461220854
-1.162580258
-0.51153715
-0.520770297
-0.720430852
-0.745025156
-2.324678174
-2.386576984
-0.771137317
-0.826741775
-0.856801332
-0.909064376
-0.980996858
-1.024722254
-1.054584244
-1.104603179
-1.119108798
-1.150540148
-1.171768265
-1.164139305
-1.164353292
-1.216133687
-1.245905134
-1.310432077
-1.410887152
-1.449440316
-1.165393139
-1.496102249
-1.513760114
-1.607574168
-1.610385985
-1.646947136
-1.165932589
-1.166162663
-1.748445822
-1.772675112
-1.80695259
-1.848860683
-1.913020136
-1.915916467
-1.16671978
-1.166997914
-1.956188974
-1.963902724
-1.988483462
-1.16729529
-2.125393004
-2.360278047
-2.540268577
-2.568511954
-2.621218618
-2.711135245
-2.717118556
-2.869022639
-2.914932134
-0.536921704
-1.161240348
-2.928934052
-1.683616444
-2.446489242
-2.969267649
-3.593554719
-3.083466235
-3.131702438
-1.169811584
-3.200159595
-3.216699399
-3.278483367
-3.314251753
-3.699023417
-0.111832328
-0.111897493
-3.829266996
-4.387101376
-4.549700341
-4.710326571
-4.748846176
0.291608068
0.248282547
-1.172150917
0.225281204
0.199632339
-1.172302334
0.083414267
0.068627572
0.017923492
-0.051227711
-0.514209042
-0.54048496
-0.629026462
-0.640480215
-0.664365812
-0.702893179
-0.815547065
-0.824065622
-0.881004617
-0.906025868
-1.175140926
-1.001404628
-1.064738847
-1.08625361
-1.101959598
-1.154477334
-1.171688524
-1.191127536
-1.176367359
-1.211380409
-1.256033836
-1.17711247
-1.17712651
-1.348842991
-1.350450367
-1.362627326
-0.647026161
-1.372984235
-1.393722785
-1.17756032
-1.412601552
-1.642850702
-1.726063409
-1.178721892
-1.731802272
-1.743224384
-1.74330827
-1.844324619
-1.85748517
-1.904909409
-1.983072061
-1.983371147
-2.003565296
-1.181305041
-2.103654018
-2.248486893
-2.368993997
-2.468420737
-2.527536016
-2.568338307
-1.182445951
-1.182497778
-2.716885205
-2.850813304
-1.183474511
-2.925060232
-2.955097257
-3.537260724
-3.961205087
-4.041611595
-4.367120752
-4.434819106
-4.602914165
2.527511175
2.111137948
1.988218992
1.979211078
1.978522578
1.957867819
1.941710791
1.823916291
1.70465285
-1.187025936
1.701075933
1.694056505
1.674983608
-1.18732914
1.625767151
1.616844759
1.556916727
1.542768445
1.485358528
1.480735703
1.47598882
1.457203486
1.449575897
1.356065433
1.206189642
1.199937928
1.171081479
1.125582438
1.103480793
1.100213857
0.970729465
0.941885021
0.911154398
0.882231619
0.867402015
0.848934915
0.845854022
0.775524373
-1.191663879
0.689505595
0.600796126
0.456158394
-1.191800521
0.440095458
0.388039192
0.360109638
0.32046768
0.314811027
0.224531063
0.212257293
0.140693293
-1.192399153
0.07888129
0.070870934
0.035358552
-0.00399621
-0.100388202
-0.139947137
-1.19330443
-0.305690786
-0.468975027
-1.193906711
-1.064408179
-1.110923402
-1.272048161
-1.194998152
-1.642488476
-1.195259758
-1.195301227
-1.19613594
0.874139458
0.104224693
-0.074789176
-0.153957109
-0.228280985
-0.330433189
-0.565903594
-0.66364318
-0.671901481
-0.696803298
-0.749304735
-1.199771326
-0.804618303
-0.80505125
-1.434506421
-0.891041733
-0.925861155
-1.010000223
-1.0125919
-1.056773537
-1.057795862
-1.067030843
-1.076722761
-1.120268958
-1.201898646
-1.20243565
-1.265245235
-1.29160308
-1.29175296
-1.332926558
-1.373408501
-1.469270712
-1.489951794
-1.559828966
-1.571462019
-1.641315443
-1.651591909
-1.761628017
-1.803059246
-1.20392569
-1.850538073
-1.896326123
-1.957101879
-1.204821388
-2.124348105
-2.148479681
-2.251541513
-2.257017425
-1.205713002
-2.383065203
-2.395521449
-2.432300619
-2.482108546
-2.486910793
-2.53461868
-1.207368828
-2.594968608
-2.607103891
-1.20767274
-2.893600533
-3.031985185
-3.163802005
-3.166362775
-3.249640429
-3.512513422
-3.619890163
-4.271786263
-4.626177225
0.869712244
0.40190537
0.266180999
-0.152164415
-0.175700155
-0.299823328
-0.32506261
-0.371850186
-0.406689399
-0.457099061
-1.210756309
-0.636105451
-0.7402955
-0.765177953
-1.211236433
-0.788091527
-0.84065764
-0.845023258
-0.856475678
-0.869910419
-0.876704209
-0.972147786
-1.036114167
-1.145961414
-1.213351251
-1.231539293
-1.303253961
-1.363044361
-1.214117929
-1.474851503
-1.509743333
-1.596825885
-1.687450073
-1.735744047
-1.762866802
-1.215596999
-1.900920329
-1.904080218
-2.077345302
-2.169072729
-1.216515597
-1.216584939
-2.180038345
-2.188246563
-2.250073753
-2.296827602
-2.570224075
-1.217644859
-2.640532575
-2.645595778
-2.662048235
-2.962099013
-3.029871672
-3.087877924
-1.219027307
-3.106909246
-1.219132075
-3.125300621
-3.148355781
-3.237548867
-3.280422138
-3.295800831
-3.373744015
-3.646604068
-3.669662608
-3.896335943
-4.049646718
-1.220969103
-4.205794096
-4.448269025
-1.221305714
-4.714707062
0.730193749
-2.581598648
0.489427032
0.452393115
0.04054341
-0.101525003
-0.108839999
-0.172109689
-0.174011476
-0.222526715
-0.271310197
-0.313497541
-0.324104485
-0.342472053
-0.386015306
-0.451269471
-0.557292149
-0.681316518
-0.791214849
-0.793318398
-0.818250945
-0.856571975
-1.22500637
-0.857564193
-0.918643909
-0.930266573
-0.932479743
-1.055434677
-1.096611181
-1.135542226
-1.195492423
-1.215837024
-1.233827581
-1.342305632
-1.390908466
-1.433295265
-1.509322103
-1.523825497
-1.230634784
-1.645626186
-1.6582409
-1.748348702
-1.760619703
-1.765993579
-1.826810706
-1.881623211
-1.916991426
-1.951048654
-2.010404477
-2.22028815
-2.348285828
0.169444976
-2.704827391
-1.233444535
-3.101343228
-3.136559446
-3.148966429
-3.180677466
-3.198108814
-3.665082823
-3.768023569
-1.234595448
-4.016509089
-4.450126867
3.663657557
3.453025542
3.386868622
-1.235712596
3.338288606
3.294652954
3.272019721
-1.236336499
3.136920512
3.126441575
3.115864864
3.103507675
3.098334436
3.090933511
3.086694505
3.03908632
3.033716225
3.016746569
3.012389128
2.993914773
2.908776152
2.901167555
2.877580353
2.874946283
-0.724302559
2.869234451
2.85823459
2.852159685
2.850607361
2.822335739
2.796663237
2.789934653
-1.241593046
2.71645233
2.684402236
2.639458871
2.628169404
2.617780365
2.600394672
2.588212927
2.582549522
2.579757958
2.547223932
2.536405806
2.447612625
-1.243364989
-1.243365181
2.379017483
-1.24352565
2.352133195
2.321937559
2.126514303
2.124925953
1.997392062
1.86314884
1.822959191
-1.189523487
1.444970629
1.337110985
0.930349097
0.793917179
-1.245501707
0.501588698
-0.411128962
-1.312312035
-1.246767574
-1.247188863
-1.468213796
-1.279390513
-4.116923897
0.763947047
0.427064411
0.267324036
0.26319815
0.144214068
-0.080336667
-0.273927888
-0.340688598
-0.461758281
-0.462215042
-0.489543404
-0.515604202
-0.662381737
-0.791226598
-0.799905922
-1.252362734
-0.860296262
-1.25273452
-1.252813166
-0.898807746
-0.899393144
-0.969356019
-1.098190478
-1.110220364
-1.113292445
-1.150687473
-1.253292495
-1.231451336
-2.335478329
-1.247300467
-1.255007017
-1.277702129
-1.30678746
-1.327241861
-1.362744959
-1.375116113
-1.449049388
-1.256130803
-1.627042258
-1.659011382
-1.775915991
-1.803400276
-1.83732739
-1.257278878
-1.87179656
-1.97461745
-1.988556958
-2.216833901
-2.282251566
-2.435626794
-2.464037784
-2.483446856
-2.519553665
-2.572288313
-2.697510949
-2.730395786
-2.814575945
-1.261930005
-3.149883498
-3.290645592
-3.310167096
-3.527006399
-3.628221345
-3.701401264
-3.78225131
-4.156262038
-4.383753096
-4.598357455
-4.969859926
0.114818263
0.084321142
-0.96014593
-2.363787137
-3.026015285
-4.203374913
-4.853791608
0.041881204
-0.245153577
-0.379305987
-0.402903601
-1.2835348
-0.275962941
-1.46955043
-2.892201121
-0.350268165
-0.269823995
-0.388229855
-0.443341819
-0.48887842
-0.505750611
-0.563276518
-0.619821958
-1.266287131
-0.791658844
-1.230198349
-1.338248108
-2.213846569
-3.843235156
-0.088247425
-0.797589848
-0.806960652
-0.846445028
-0.863114942
-1.115396921
-1.267655665
-1.353859488
-1.513976991
-2.985851811
-3.343986661
-0.948159829
-0.966466065
-1.268612451
-1.000091933
-1.006099759
-1.024779502
-1.033612151
-1.034815716
-1.08154707
-1.196615016
-1.270378993
-1.224066712
-1.325065324
-1.332963226
-1.342626042
-1.36071057
-1.429069264
-1.471393979
-1.472881934
-1.478026414
-1.272617456
-1.503471877
-1.272655598
-1.545372924
-1.708692951
-1.753961
-1.767728926
-1.777492344
-1.832386912
-1.834917825
-1.902001544
-1.275329156
-1.979006205
-2.070184181
-2.083113044
-2.08829656
-2.101338186
-2.154744134
-2.224038728
-1.276466136
-2.261070321
-2.265458918
-2.6879403
-2.733280921
-2.737682019
-2.865577674
-3.409673978
-3.732125066
-3.798227109
-3.921677236
-4.462504169
-4.710077389
3.788361742
3.705608906
3.508784076
3.44729092
3.078823783
3.068671113
-1.278906936
3.018974642
3.000020253
-0.682263676
2.953036882
2.920604105
2.910797677
2.861194727
-1.279511111
2.823066078
2.809338177
2.72534345
2.705109247
2.675665542
2.642823969
2.456340718
2.380745853
2.37373483
2.372394318
2.229404112
2.159069441
2.14929756
2.1473188
2.142073196
2.120753582
2.067648115
1.996266622
1.952935433
-1.282449091
1.925851829
1.925192594
1.837620795
1.812694228
1.759999481
1.563936565
1.51916436
1.493051262
1.162618595
-1.283653769
0.879705247
-1.2841374
0.281565038
0.249221876
0.235155131
-0.039361191
-0.093806536
-0.132212497
-0.265063976
-0.628083474
-0.752456059
-0.85119189
-0.870605185
-1.569480341
-1.170336894
-1.287102891
-1.478428174
-1.528495492
-1.545363163
-1.810617259
-1.859141124
-1.683902284
-1.288393238
-2.140311996
-3.016604174
-0.333645427
-0.447668152
-1.292077066
-0.596336712
-0.631017068
-0.643444982
-0.656679757
-0.677067343
-2.224661071
-0.699394451
-2.299346903
-0.740622793
-1.293697858
-1.293698346
-1.293707608
-0.777554311
-0.826839539
-0.830048659
-0.861699739
-0.88464136
-0.889477653
-0.950531576
-1.002690317
-1.024566135
-1.040284721
-1.045995618
-1.073559465
-1.094685626
-2.834191506
-1.140044046
-1.141352568
-1.296036395
-1.169106791
-1.178526648
-1.29632713
-1.184178357
-1.20517593
-1.253250279
-1.306305342
-1.312672737
-1.381792428
-1.298162826
-1.437051774
-1.298776445
-1.450334284
-1.299360264
-1.481767817
-1.299577393
-1.494764954
-1.600935236
-1.300366703
-1.737981366
-1.807401892
-1.827571578
-1.842961317
-1.850262492
0.019626818
-1.053048598
-1.877807245
-1.302437198
-1.305654054
-1.302879423
-1.935983296
-1.939451652
-1.790247551
-2.018259561
-3.824087572
-0.5092877
-0.878408746
-1.196401645
-1.339349221
-2.037854633
-1.304084348
-2.093986379
-2.102754306
-1.877071621
-2.251646671
-2.302751046
0.408853153
-2.483328873
-2.592885688
-1.306519558
-2.79886605
-3.133813979
-3.743880538
-3.751906818
-4.182155895
-4.275298559
-4.331434941
-4.377566896
0.125621776
2.787035055
2.658706765
2.460566562
2.317231475
2.245234723
2.201975022
2.182669351
2.134790075
-0.503138555
2.06303468
2.043098016
2.03775218
2.004466305
1.924153506
1.786832715
-1.309489386
1.756883769
1.731336245
1.709299938
1.69559412
1.513060013
1.509815861
1.487030533
1.42913968
1.424510308
1.411910772
-0.792445876
1.351104418
1.351080919
1.32752941
1.123153529
0.921938699
0.903654645
0.87307466
0.836028633
0.779865679
-1.311554108
0.662214293
-1.311763728
-1.311857398
0.517072348
0.3759758
0.209732425
-1.312427005
0.011110156
-1.312749907
-0.152381606
-0.157053683
-0.269159177
-0.270016236
-0.77889039
-0.853674474
-0.88499384
-1.079231714
-1.314554397
-1.149071373
-1.235958794
-1.372253223
-1.397338245
-1.413766701
-1.546728486
-1.315768848
-1.993259443
-2.023885724
-2.202340025
-2.345336078
-1.317050065
-1.317161486
-2.948968094
-3.352539669
-3.415617182
-1.319793304
-1.319854986
-1.320364498
3.559335995
3.548329918
3.345344526
-1.321689349
3.182872759
3.172833401
3.170806841
3.159885252
3.089828004
3.088201367
3.07871858
-1.323160629
3.048872807
3.014149128
3.006099747
2.938801197
2.936206095
2.870946689
2.866863964
2.86403445
2.843693468
2.803727043
2.776690657
2.744157875
2.70688962
2.644862034
2.614896646
2.595936914
2.377578353
2.376118552
2.273089542
2.236697673
2.206536065
2.158601991
2.064749428
1.843859154
1.84206946
1.727223943
1.587899867
1.536238675
1.45430212
0.977465581
0.873645736
0.655513435
-1.713464063
0.283153877
0.276511283
0.253062942
0.243989501
0.221667555
-0.307392728
-1.327610306
-0.427400843
-1.54478605
-2.811086961
-2.827852664
-3.445618407
0.34897735
-0.241087961
-0.282848982
-0.391228575
-0.433327016
-0.531235501
-0.532672922
-0.550382651
-0.552425242
-1.334706309
-0.584158932
-2.403426759
-0.632814781
-1.335585381
-1.335624344
-0.650926695
-0.656167847
-0.664862898
-0.710133639
-0.754955316
-0.916276221
-0.938498672
-1.055680108
-1.061628733
-1.133045769
-1.144438464
-1.153157845
-1.194303411
-1.261332951
-1.265350975
-1.339131894
-1.339152872
-1.405327345
-1.421193023
-1.427808174
-1.436761424
-1.452572088
-1.527411061
-1.573528308
-1.64939528
-1.662144359
0.461339591
-1.341084812
-1.927863791
-2.069739738
-2.074541461
-2.105246808
-2.367951987
-2.413392549
-2.541347899
-2.541916629
-2.559621624
-2.57586143
-2.712312272
-2.737872034
-2.928383692
-2.92922987
-1.344215057
-2.943538513
-3.03923017
-3.154625972
-3.180792469
-3.310041365
-3.326342062
-1.344801524
-3.399039888
-3.873327112
-3.914636271
-3.938922792
-4.350682355
3.593079358
3.511735821
3.499020155
3.465248804
3.370363259
3.336314973
3.303382808
3.292210402
3.27039668
3.155779129
3.125999547
3.099737807
3.094931884
3.055531034
3.046103619
3.013191393
2.965614904
2.896634084
2.875038155
2.85836681
2.851028539
2.816817832
2.8063049
-1.084365581
2.750186216
2.720759731
2.70654433
2.699622771
2.683662132
2.667554647
2.66225751
2.655718804
2.648876223
2.602374064
2.562406545
2.550911796
2.545576919
2.50945014
2.486852964
2.481971358
2.4037075
2.341079732
2.279282907
-1.351750924
2.255800023
2.189000702
2.148947432
1.986854008
1.97900682
1.972057315
1.943335167
-1.352205048
1.880138521
1.879247817
1.736045947
1.711906655
-1.307435516
0.544899992
0.188504535
-1.354339572
-0.979510879
-1.021074102
-1.121129232
3.233657347
2.994330119
2.85433149
2.719461046
2.683696711
2.675603741
2.587207549
2.500330643
2.386227247
2.317217147
2.255128475
2.237024449
2.219161781
2.146377593
2.033394126
2.010330301
1.996435156
1.8994725
-1.360122005
1.843164277
1.837208656
1.802279973
1.758461139
1.755715233
1.737491794
1.699519956
1.660605269
1.45590163
1.392407629
1.301012532
1.087873316
1.058446405
0.620403467
0.339104619
0.335672449
0.151311244
0.130744281
0.127160244
-0.077445063
-0.361497818
-0.474856066
-1.363774095
-0.569501957
-0.601280329
-0.712878271
-0.74956798
-0.797584382
-1.868576134
-0.994652287
-1.11352708
-1.366453105
-1.114136708
-1.252948166
-1.347363513
-1.604543495
-1.679784542
-2.42794796
-2.014656456
-1.369710291
-3.53832057
-4.051571601
3.532630937
3.441060711
3.401028143
3.372535598
3.350220938
3.325344778
3.27018764
3.256319196
3.197417992
3.182470449
3.174239875
3.15579165
3.143533664
3.117220799
3.063613285
2.972140746
2.963990841
2.855874338
2.831833996
2.808106735
2.703063319
2.63749374
2.623051347
2.608154331
2.605144203
-1.374787255
2.524960793
2.470183082
2.464297912
2.4302857
2.294181583
2.11753153
-4.159123639
2.070270202
1.610219759
1.604007776
1.316412011
1.215943977
0.970083083
0.682428327
-0.102880951
-0.197171662
-0.350188366
-0.425056406
-1.376683469
-0.483218098
-0.824373343
-1.042837126
-1.102448536
-1.187587781
-1.210789088
-1.265142262
-1.283584751
-1.439419664
-1.718610181
-1.749618723
-1.904965034
-2.510254103
-2.785615252
-0.3139017
-1.382074635
-2.961140754
-3.698116242
-1.383739121
-1.384295782
2.970435391
2.961284304
2.861431758
-1.384800736
2.769883865
2.669739814
2.646131239
2.578539138
2.548801841
2.543331856
2.501288284
2.37353663
-1.386677457
-0.538143954
2.360104759
2.283305093
2.277800402
2.262516694
2.232620777
2.172841638
2.162600368
2.086112581
2.073040109
2.000611085
-1.388724379
1.98604382
1.933334126
1.8455136
1.836274217
1.833694084
1.832574049
1.813821763
1.796454008
-1.390225843
1.774593999
1.74457767
1.716281954
1.709481927
1.69680215
1.672637942
1.66854216
1.637886479
1.538780696
1.488800778
1.474018529
1.469711618
1.328079475
1.315147437
1.252356728
1.240878966
1.189889703
1.147849222
0.019828327
-0.116010591
-0.895966981
-0.329090081
-0.761267739
-1.056667539
-1.179219513
-1.206880602
-1.331474552
-2.044521717
-2.050977872
-1.39468905
-1.394837861
-2.41706916
0.82779921
0.586599062
0.421616011
0.385485316
-1.396342789
0.275823478
0.25537491
0.081531681
-0.021223759
-0.206570787
-0.217133579
-0.376629113
-0.429426955
-0.438965479
-0.482842262
-0.514425003
-0.524411482
-0.541340794
-1.398679615
-0.637095851
-0.720715106
-0.760103858
-0.793236427
-0.90583962
-0.951947725
-1.004348909
-1.161197684
-1.189768294
-1.286770689
-1.318946185
-1.377066756
-1.401902814
-1.495287318
-1.402467159
-1.557943164
-1.559666006
-1.566706803
-1.402884714
-1.644004237
-1.665364575
-1.676851623
-1.678900579
-1.403769688
-1.782936192
-1.887361118
-2.07197739
-1.405033606
-2.154877891
-2.481277622
-2.75421221
-2.78631593
-2.870378676
-2.939212731
-3.096979506
-3.156015486
-3.201296245
-3.231563812
-3.312332271
-3.314300011
-3.337175824
-3.520792657
-3.639705926
-3.666186635
-3.740301592
-3.966621075
-4.247316483
-4.364384738
3.175557982
3.143639129
3.081902442
2.817795363
-1.65374401
-1.409345525
2.813744183
2.776966425
2.733824603
2.629795264
2.560624219
2.466874085
2.402372364
2.377711964
2.259154716
2.237026278
2.16262296
2.160198433
2.151866797
2.151137395
2.126922188
-1.413338913
2.103755921
2.077324257
2.044834777
-1.413726164
1.854917295
1.821715081
1.635682383
1.612539343
1.559595041
-1.414908653
-1.415290696
1.447485913
1.38511605
1.378844819
1.333034543
1.218215362
1.214634276
1.177755385
1.108618967
0.737084338
-1.417192887
0.701851853
0.688245005
-1.417442666
0.651954845
0.354834879
0.218472738
-0.068110963
-0.337994533
-0.379790946
-0.412564291
-0.475394633
-1.064237965
-1.470207687
-2.053252014
-1.774729466
-2.648727684
-1.422234949
-2.929525175
3.505864964
3.285839429
3.221681809
3.184529137
3.059180248
3.055988703
3.042553796
3.030924188
-1.423590018
3.019328307
3.009797776
2.99480769
2.952950865
2.952919642
-1.424077003
2.913358592
2.898499811
2.790470361
2.784114349
2.768196453
-1.425362455
2.701664272
2.609106767
2.546178609
2.515114773
2.486485863
2.481281915
2.467872341
-1.426377694
2.401993269
2.277632774
2.226034009
2.197483773
2.135546701
2.135068215
2.065546371
1.996802345
1.884034238
-1.427636481
1.603570397
1.597220607
1.538898498
1.531650834
1.495662383
1.427030593
1.117784083
1.065918407
1.00427339
0.098880697
-0.041782254
-1.429555673
-0.192175269
-0.398031104
-0.433173279
-0.544437683
-1.429932365
-1.430827543
-0.927167052
-1.241541335
-1.431218227
-1.431582682
-1.461307826
-1.694085716
-1.780578668
-2.032204083
-2.260308643
-3.321361957
-1.432898906
-1.433207633
-3.301533993
-1.434140111
-1.43466318
3.602295741
3.556958703
3.471928352
3.439367415
3.414887639
3.403801675
3.381640886
3.244772231
3.215217
3.183087266
3.16736774
3.13514305
3.075763866
3.019137584
-1.436106194
3.003012008
2.971215908
2.857890457
2.855303832
2.85500939
2.806781406
2.803630433
2.802276122
2.74387132
2.740447566
2.693646316
2.685382166
2.620415118
-1.438997993
-1.439155293
-1.439216752
2.584398038
2.574988809
2.532053933
0.876221078
-1.439477731
-1.159695239
-2.13542689
2.468675774
-2.166763538
2.225131332
-2.891118444
-0.217780085
2.165428947
1.976840238
-0.958181685
1.942189216
1.937978291
1.878958165
-1.145533368
-1.606860187
-3.329148837
-3.579465419
-0.364124704
-1.205775515
-1.580585545
-1.714853186
1.589141257
1.553644392
1.052136213
0.928969002
0.858389053
-1.722169542
-1.755770221
-1.443365886
0.063563935
-0.093116722
-0.458277697
-0.470412218
-0.552195177
-0.5678549
-0.75372839
-1.107005017
-1.288796427
-1.749070297
-1.446463693
-1.953032238
-1.447086574
-2.294016628
-2.552789043
-2.806576272
-3.206494817
-0.097051464
-0.220057042
-0.287101399
-0.334923671
-0.354625991
-0.424340162
-1.449760166
-0.489555469
-1.450298837
-1.450390886
-0.756406615
-0.790614612
-0.790933139
-0.819028413
-0.844004255
-0.854494114
-0.992974931
-0.997828838
-0.999571089
-1.015394594
-1.078204013
-1.150699795
-1.155625015
-1.228252453
-1.240436184
-1.256578325
-1.363264946
-1.388066229
-1.447016144
-1.454928384
-1.473301708
-1.490171949
-1.542796772
-1.555324418
-1.573126664
-1.604980022
-1.608246138
-0.66047243
-1.666622614
-1.792233645
-1.801933742
-1.805098661
-1.837263422
-1.991977121
-2.058094924
-2.146175335
-2.158052292
-2.373968671
-2.451973587
-2.479485677
-2.536303576
-2.639056269
-2.660849821
-2.674264547
-2.715630626
-2.732705959
-2.738400785
-2.781566318
-2.880401784
-3.257192371
-3.439946072
-1.46163823
-3.745877374
-4.128814569
-4.161366434
-4.852112556
-1.462887648
0.604209324
0.432967316
-1.463001527
-1.4635935
0.02956057
-0.031146122
-0.071644771
-0.271862889
-0.661675891
-0.747444595
-1.465866159
-0.785714787
-0.787287724
-0.997504249
-1.052403423
-1.058192371
-1.258879977
-1.284293326
-1.321061389
-1.205962046
-1.741779575
-1.225842942
-1.777541281
-1.468574025
-1.961508906
-1.468661462
-1.46881421
-1.962374772
-1.979792002
-2.162664917
-2.238123406
-1.469128296
-2.47002649
-2.736700672
-2.792231549
-2.844295951
-2.861038499
-2.864400899
-1.471277303
-2.901595999
-2.956123387
-3.005297213
-3.014311334
-1.47170963
-3.049786882
-3.064497342
-1.472477879
-1.472647192
-3.258372941
-3.375100635
-3.398974155
-3.399437726
-3.419053448
-3.470283795
-3.526985878
-3.817979155
-3.852456336
-4.319716585
0.513890064
0.345603903
0.094015305
-0.312019342
-1.476795578
-0.459173771
-0.493501692
-0.499933022
-1.477684153
-0.575980609
-0.608426444
-0.625017262
-0.669305437
-0.669950804
-0.831813366
-0.880928008
-0.9114923
-0.942423575
-0.949067752
-0.975163822
-0.992391174
-1.014701923
-1.082453726
-1.085122847
-1.155554518
-1.200526122
-1.243494601
-1.274989001
-1.284893902
-1.289533278
-1.346755035
-1.361474407
-1.454140172
-1.455162209
-1.490338767
-1.536443912
-1.593868117
-1.483898607
-1.484268524
-1.629277709
-1.484759998
-1.689210126
-1.702852684
-1.73615798
-1.485739637
-1.75080658
-1.812029339
-1.827159582
-1.865636948
-1.486907155
-1.914453756
-1.941290745
-1.947218219
-1.487681197
-2.010413325
-1.48776428
-2.107281553
-2.167178723
-2.253715685
-2.293462557
-2.43240064
-1.488977342
-2.541694216
-2.566363976
-2.683310343
-2.757700097
-3.092862527
-3.844872568
-3.876078154
-4.020711595
-1.490627307
-1.491108728
3.317478827
3.286958576
3.225379534
3.22417926
3.20918346
3.203037549
3.201517507
3.191712108
3.170246203
3.11902781
3.102214813
3.101840436
3.098866948
3.063022658
3.011579029
-2.257677547
2.974522986
2.949997945
2.942975062
2.924214041
2.887893538
2.8423941
2.831147088
2.813767126
2.771163195
2.765023827
2.75068777
2.710151121
2.659841605
2.62420691
2.608714337
2.593322281
2.546357597
2.539245866
2.511852323
2.371220029
2.35166634
2.254633763
2.220033682
2.176294564
2.13586932
2.031639318
2.01332041
1.506553779
1.209664208
1.172819081
0.868304327
0.716915854
0.513808375
-0.017310288
-0.139100674
-0.352736329
-0.673844822
-0.877858009
-0.892576362
-1.09162967
-1.233654471
-1.448349496
-1.574393918
-1.502722154
-1.503435552
-2.638925256
-1.505420651
3.796069861
3.664152205
-1.505480251
3.390531656
3.345242046
3.315104966
3.272379605
-1.506492217
3.222399446
-1.506775358
3.156870074
3.142087244
3.086739922
2.802845442
2.775941981
2.753382097
2.734719025
2.730391195
2.722419531
-1.508069992
-1.508124873
2.642406378
2.377052161
-1.50831136
-1.508326971
2.315051196
2.274417891
2.122130179
2.077705236
1.910828275
1.889212162
1.817798143
1.634815961
1.623352747
0.784506714
-4.001633549
0.706506983
0.647754239
0.553703913
0.553235718
0.444054052
0.398072386
0.287065698
-1.511225745
0.250783494
0.221076019
0.218016732
0.057110781
-0.14745557
-0.544820766
-1.513299489
-4.261072242
-1.513818167
-0.702401716
-0.730644762
-0.789678554
-0.80390206
-0.820008307
-0.909749195
-0.911624384
-0.990709309
-1.032228764
-1.135293507
-1.142434637
-1.67689165
-1.692113394
-1.965761486
-2.03245985
-1.359438757
-1.59805087
-1.516452745
-1.51647285
-1.714590481
-1.766442854
-2.371149545
-3.011713118
0.01974608
-0.176447306
-1.121970912
-1.648446376
-3.643787524
-4.533619579
-0.179120357
-2.24906201
-1.122842519
-2.27520923
-1.766839026
-2.90769635
-3.342460938
-3.353120868
2.187334066
2.166502943
-3.635261496
2.052523001
1.946298869
1.847257836
1.767927464
1.681876383
-3.997018105
1.660522639
1.573655511
1.533189802
1.53141605
1.519394362
1.477645598
1.412181351
1.369210721
1.364211373
1.360420611
1.298258829
1.241915919
1.239920284
0.265694071
1.122951305
1.079742489
1.044438096
1.025892799
1.002654075
0.975038298
0.973936316
0.89832114
0.865624382
0.807589061
0.803538739
0.722300818
0.684294955
0.676086326
-1.52512099
0.647951131
0.528524412
0.42285247
0.274171739
0.19468639
0.152283134
0.093734628
0.087775711
-0.047293407
-1.526237262
-0.161221945
-0.254970296
-0.329968874
-0.440496535
-0.511203842
-0.677876488
-0.962221895
-1.052287258
-1.099070011
-0.834146376
-1.204936224
-1.372894909
-1.494048586
-1.79756724
-1.530140196
-1.068126836
-1.531361338
-3.087079934
-3.233766966
-3.734205748
-4.294263274
0.621866375
0.213434748
0.033956843
0.008445895
-0.107272935
-0.154756711
-0.207902856
-0.231819612
-0.254670159
-0.419951532
-0.525984835
-0.589922973
-1.534265982
-0.60324368
-0.642999324
-0.655614752
-0.746711161
-0.759049927
-0.779002232
-0.832948461
-0.839055245
-0.873627466
-1.577405233
-0.929081405
-0.971957188
-1.034474086
-1.037980322
-1.070857879
-1.076124364
-1.119450899
-1.142897158
-1.171752334
-1.537836617
-1.212004358
-1.266391296
-1.287491126
-1.304800041
-1.538571481
-1.399200538
-1.423031999
-1.478866349
-1.512449536
-1.516284328
-2.217329173
-1.539626984
-1.561156506
-1.616183111
-1.70572473
-1.868667888
-1.926683146
-1.932804553
-2.380446112
-1.943414447
-1.542491736
-1.986469563
-2.11007473
-2.146005625
-1.544182326
-2.204667019
-2.268424736
-2.496700371
-2.510130153
-2.593493895
-1.544739163
-2.806343161
-2.999074495
-3.002005995
-3.146967144
-4.556852583
0.594826145
0.586833575
-1.546565079
0.427983335
0.311781038
0.265577517
-0.171217459
-1.547275611
-0.338810597
-0.347680339
-0.607719807
-0.644663022
-0.827800311
-0.870641209
-1.549846722
-0.906921726
-0.938202542
-0.956925516
-0.978651644
-1.028759516
-1.045998936
-1.050153722
-1.106037891
-1.128839293
-1.135687313
-1.17037229
-1.316535127
-1.323944279
-1.405070696
-1.406290414
-1.523829505
-1.553386494
-1.553672243
-1.638853832
-1.669970901
-1.705438401
-1.706674419
-1.713036315
-1.727410275
-1.746725821
-1.809442754
-1.927325683
-0.665664483
-0.759442321
-1.942781524
-0.947903966
-1.556087793
-2.019729913
-2.732595159
-1.984817244
-3.826231355
-2.121265168
-2.131352888
-2.206466704
-2.365559861
-2.382930031
-2.50611227
-2.582915477
-2.656266459
-2.796238202
-2.828594189
-2.924905729
-2.948015435
-2.964992038
-3.16896811
-3.742603048
-3.754750151
-3.781454396
-3.854777967
-4.235077745
3.72317907
3.527704433
3.502948471
3.490500632
-1.560576563
-1.560803793
3.309307102
-0.115739343
3.154670476
3.111557857
3.074313362
3.050041278
3.044912388
3.033144626
2.984770397
2.910552347
2.902333286
2.834657789
-1.563829448
2.813245921
2.80746341
2.789983918
-1.564363969
2.628863715
2.62223737
2.575725728
2.502530239
2.490478119
2.451012815
2.405559906
2.377740708
2.23447328
2.094931627
2.041867015
-1.566319334
2.020849371
1.953524436
-1.566676869
1.535074555
1.482386536
1.419412107
1.267532672
-0.560395531
1.05776032
0.903007935
0.877362993
-1.567675463
0.742418421
0.581453829
0.237592088
-0.159105009
-0.227278902
-0.314023201
-0.434158545
-0.445602933
-0.532518371
-1.568920508
-0.780489249
-0.860005393
-1.570214407
-1.413683912
-1.645106653
-2.409543313
2.938766934
2.861213537
2.723515442
2.701595841
2.688502997
2.669976433
2.658503443
2.616558064
2.561798805
2.442281429
2.423282276
2.416999516
2.343445563
2.274576743
2.123534707
2.032638337
-1.577872819
1.920393946
1.918731509
1.841175553
1.820056066
1.800786342
1.660143772
1.534248305
1.174438885
1.060819005
0.928165954
0.77092212
0.761567202
0.454650979
0.244268011
0.004075081
-0.179992525
-0.231668296
-1.580459537
-0.461968834
-0.518260006
-0.519757591
-0.524404606
-0.627741775
-0.792782774
-1.581436351
-1.581486297
-0.819911421
-0.924278219
-1.000567392
-1.002292167
-1.064014522
-1.066619112
-1.145000117
-1.582765026
-1.615275981
-1.659392774
-1.697354968
-1.838974595
-1.584492446
-1.951627551
-2.144084738
-2.168182955
-2.170831994
-1.799273596
-1.585274221
-2.405501969
-2.784985734
-2.883299998
-3.292385099
-3.604933301
-3.843173437
3.202199944
3.142082546
2.917055964
-1.587446473
2.790485013
2.68852947
2.667387598
2.654664748
2.628386979
2.594881676
2.537952138
2.424914717
2.41594853
2.379859935
2.363559482
2.274326009
2.151726502
1.633328469
0.780153081
0.582830496
0.579707605
0.4708803
0.41864734
0.247275068
0.086622508
0.033681589
-0.228005591
-0.377030929
-1.594314199
-0.451776421
-0.499093173
-0.513761114
-0.637055087
-2.412270915
-0.818584012
-0.912774742
-0.944798732
-1.5971119
-1.17213622
-1.255948567
-1.367515246
-1.393091747
-1.405083777
-1.468669857
-1.500594759
-1.962679485
-2.022352372
-1.598703442
-2.443845053
-2.564177681
-1.599249328
-2.910173485
-3.050924876
-3.058711344
-3.088962385
-3.126127526
-1.601288506
-3.637347474
-3.90153479
-3.921704994
-0.001503662
-0.261205053
-0.434201922
-0.628785252
-1.60514425
-1.605407826
-0.728746467
-0.737747942
-0.74783235
-0.759090202
-0.773013533
-0.775516013
-0.817797779
-0.822897987
-0.837823318
-0.845603665
-0.873000561
-0.926921017
-1.607682078
-1.018837967
-1.047614207
-1.067989491
-1.185880968
-1.249876663
-1.266681219
-3.232609086
-1.284226139
-1.335493487
-1.347190082
-1.609497938
-1.395610805
-1.450830855
-1.56706906
-1.569865253
-1.625880558
-1.708352305
-1.789132253
-1.804241306
-1.82582807
-1.868079844
-1.884277046
-1.88453826
-1.890804749
-1.891231031
-1.937524533
-2.04697043
-2.089482539
-2.200301937
-2.206878669
-2.23729995
-2.265451146
-2.273723944
-2.337616377
-3.71660537
-2.456677929
-2.516210877
-2.640663957
-3.030179394
-3.081205107
-3.088703353
-3.142175708
-3.201991154
-3.519816937
-3.592013148
-3.681618786
-1.617038979
-3.97150259
3.504159433
3.213999059
3.201366569
-1.61779781
0.626967199
0.559956055
-0.486948185
-0.635199482
-0.814263916
3.157376759
3.155058774
-1.691409156
3.124545987
-0.073651982
3.118214334
2.987708635
2.958744876
-1.289599101
-1.501211317
-1.833448647
-2.119845779
-2.742859685
2.91056879
2.900546223
2.899952105
2.840076044
2.731897493
2.684907283
-1.622185084
2.64874411
2.580311409
2.524676179
2.490220625
2.489893581
2.428395779
2.417396687
2.408314892
2.391838179
-1.622915247
-1.623143402
2.391707285
2.378022285
2.361020417
2.353430694
2.337326986
2.31690764
2.282340581
2.265703659
2.263144538
2.250529738
2.163441837
2.125201723
2.119188931
2.082270722
1.955059659
1.939393243
1.85701508
1.807125264
1.722797672
1.502277156
1.476861028
1.272757268
1.14295305
0.960071508
0.841352169
0.564950461
0.002615667
-0.211929066
-1.628622844
-0.250454472
-0.565910439
-0.622146485
-0.921124095
-1.042385541
-1.667856098
-2.239084813
-4.055686758
0.598948231
0.160681561
-1.63462278
-1.634655684
-0.009324251
-0.056794909
-0.220609135
-0.231741528
-0.269159177
-0.341873716
-0.398528669
-0.399247553
-0.560425103
-0.603601423
-0.721631521
-1.638821448
-0.868005142
-0.931799028
-0.939783424
-0.996125787
-1.069911067
-1.09850461
-1.113736145
-1.116718875
-1.178268845
-1.312293501
-1.337917416
-1.401496325
-1.410222268
-1.417427485
-1.434756527
-1.468218901
-1.522728374
-1.540575188
-1.57451856
-1.63103207
-1.665921032
-1.671844958
-1.671937141
-1.698811894
-1.706677718
-1.872603423
-1.912970089
-1.960607806
-1.64520815
-1.96245976
-1.982526292
-0.845441981
-1.994307615
-2.106018878
-2.222588507
-2.323801605
-2.341610609
-2.439512771
-1.64668709
-2.621670619
-2.917856351
-1.647297787
-3.08656444
-3.092866367
-3.260815012
-3.290598507
-1.648895642
-3.396605208
-1.649137232
-3.669293773
-3.881892383
-3.935140427
-1.649633924
-4.026317777
1.147672394
1.066451494
0.760536518
0.332267023
-1.65066546
0.210566902
0.12001834
-0.002056231
-0.06160367
-0.204231817
-0.238779467
-0.326655393
-0.391254316
-1.652837315
-0.427249225
-0.457938968
-0.459986181
-0.478274478
-0.519150203
-0.587783062
-1.654249469
-0.603773614
-1.654667127
-0.670958031
-1.654828503
-0.673432751
-1.655255363
-0.745425018
-0.841123946
-0.857943238
-0.866776292
-0.874309849
-0.895661589
-0.900801002
-0.975581062
-1.067442273
-1.657153233
-1.13546668
-1.14335936
-1.147448842
-1.163809385
-1.225937621
-1.657973932
-1.455055391
-1.599527175
-1.608585999
-1.658822502
-1.760871096
-1.915485739
-1.935718943
-2.037444417
-2.115381274
-2.283628461
-2.298288994
-2.315333233
-1.661309636
-1.661816786
-2.852428832
-2.87622669
-2.985424566
-3.02738936
-1.664596754
-3.146658667
-3.170369825
-3.359544286
-3.533452182
-3.606259125
-3.655291534
-3.673264443
-4.16769414
-4.431078605
-4.727375665
0.059460541
-0.051020368
-0.054926413
-0.059508858
-1.665478151
-0.165899487
-0.275437062
-0.50805636
-0.537640105
-0.537984547
-1.66712225
-0.574278219
-0.606042857
-0.652833391
-0.781437934
-0.840578024
-0.926907569
-0.980839143
-0.989909855
-1.022152734
-1.670489517
-1.162565293
-1.853881068
-1.244371627
-1.292088935
-1.319241008
-1.340679124
-1.350275583
-1.374782133
-1.384351281
-1.396519011
-1.397626019
-1.397756854
-1.427854014
-1.439994
-1.456347994
-1.459095251
-1.674200618
-1.548501635
-1.572704191
-1.603926852
-1.671056979
-1.770818455
-1.806692069
-1.825909615
-1.675975013
-2.19329424
-1.676070703
-1.832213775
-1.837361592
-1.841596046
-1.6768394
-1.961844422
-1.677527864
-2.072318898
-2.193197897
-2.198236716
-2.239165552
-2.453782656
-2.541371547
-2.695866196
-1.679157276
-2.726448791
-2.858393869
-3.131533436
-1.67980528
-3.267412055
-3.74894013
-3.810980532
-3.813124353
-4.039049659
-4.208156541
3.438112019
-2.312472275
3.139194561
3.032005231
2.939166904
2.921919951
2.916739287
2.864767225
2.810075812
2.709371509
2.684107525
2.650737074
-1.682832118
2.551665347
2.531117051
2.46422051
2.414068367
2.381287085
2.346243427
2.299946702
2.240031906
2.237652323
2.187906401
-1.684000491
2.048746909
-1.684052154
1.899959616
1.843948507
1.765712544
1.731538903
1.726527162
1.641291225
1.617439827
1.474648978
1.449237116
1.415062656
1.409726282
1.394079588
1.115644325
1.05339678
1.005431943
0.939081571
0.451345076
0.252609897
0.175350775
0.005980002
-0.041945772
-0.107094219
-0.194282689
-1.687724645
-1.688560834
-0.253999117
-0.261723443
-0.292782815
-0.363694757
-0.379559698
-1.689704989
-0.524850424
-0.595325401
-0.708725449
-2.948946574
-0.71630182
-1.511182021
-1.622524768
-1.81750437
-1.69380846
-1.694852893
-2.624267823
-1.695673784
2.48387402
1.939397245
-1.697578526
1.86166689
1.758784887
1.707843388
1.599465886
1.569654939
1.485042236
1.359278568
-3.596450173
-1.698832788
1.306721359
1.200216347
1.188121743
-1.699449955
1.157627424
1.143151662
1.09265851
1.077567455
1.062943131
1.025040618
1.006148734
0.995118366
0.994009349
0.989702798
0.957752082
0.943704026
0.829821557
0.777028552
0.760387173
0.702416891
0.610150595
0.587172467
0.586261501
0.396966222
-0.605096889
-0.695078271
-1.09749704
-1.317187211
-1.620435683
-4.609733022
0.289302592
-1.704463624
0.275570638
0.089004662
0.026337253
-1.704971218
0.013620135
-0.099449029
-0.165813096
-1.70548091
-0.294360504
-0.501249346
-0.575247868
-0.845763696
-0.956742747
-1.12931665
-1.142410295
-1.18085477
-1.366504972
-1.376378286
-1.430183256
-1.493742605
-1.549164405
-1.708117093
-1.70824297
-1.809298169
-1.936059631
-0.283821882
-0.376344895
-1.709205875
-2.25334499
-1.709485466
-2.620986277
-2.774182455
-3.043649572
-4.448784716
-4.492657346
0.399637207
0.337528037
0.248614028
0.080350655
0.037228893
-0.078827532
-1.712262091
-0.22080991
-1.713092998
-0.371597525
-0.43866126
-1.713303456
-0.47606846
-0.530839672
-0.644063902
-0.691998634
-0.70369397
-0.757854082
-0.814046823
-0.864024131
-0.865991874
-0.888216986
-0.985369263
-0.985904872
-1.003456638
-1.715002847
-1.00815306
-1.029994018
-1.075913313
-1.086473454
-1.715337983
-1.131593324
-1.716402952
-1.205108134
-1.281106049
-1.394725239
-1.42060893
-1.502178381
-1.502202983
-1.719714621
-1.529990795
-1.535156615
-1.668454084
-1.706782706
-1.706784936
-1.720925383
-1.908391964
-1.947051383
-2.003939315
-2.073210222
-2.077913696
-2.116740026
-2.142564267
-2.175882433
-2.2846102
-2.286318164
-2.48968758
-1.72412751
-2.637986737
-2.65167309
-2.896002525
-2.92010424
-3.063598498
-3.194143917
-3.341778948
-3.68019822
-3.684054859
-1.427414193
-3.886623359
-1.558610217
-4.014421953
-4.280938202
1.274126951
1.109951108
0.919800248
0.903601546
0.83599205
0.8116812
0.81139571
0.797735143
0.669453052
0.646634297
0.614735704
0.609790149
0.572380099
-1.729445671
0.539308914
0.510445565
0.494961317
-1.730215326
0.486659961
0.425132916
0.410066712
0.307190293
0.293423021
-1.731498443
-1.731574446
-1.732135621
-1.732646929
0.205666159
0.088414481
0.041168243
0.025702951
-0.011613334
-0.044334797
-0.308728105
-0.317897466
-0.335127489
-0.410529858
-0.4164329
-0.470381179
-0.474402164
-0.585904918
-0.595432655
-0.699094749
-0.730069384
-1.73724113
-0.845825302
-0.869051463
-1.065628515
-1.104320419
-1.739237565
-1.739402962
-1.133408372
-1.165809336
-1.196133122
-1.315025261
-1.740240217
-1.415320006
-1.483295205
-1.532449944
-1.55518699
-1.850588015
-2.578219485
-2.014346027
-2.064484994
-2.240283293
-2.257301627
-1.74275908
-2.261410595
-3.051682377
-3.088679776
-3.338695057
-3.97723178
3.408544795
3.178903428
-1.744901367
3.160883494
3.008075213
2.913167229
-1.745822413
2.903995788
-1.746428987
2.850546092
2.83589072
2.765842112
-1.747200213
2.661600224
-1.747321612
2.560145486
2.553418562
2.545749
-1.747681508
2.488813029
2.308194931
2.10192518
2.084389273
1.912216048
1.699326692
1.473646436
1.469298515
1.405808517
1.390326902
1.345147641
1.248846638
1.241080764
1.195136332
1.08429627
0.914590978
0.886763135
0.222665139
0.704173624
0.457188912
0.368666599
0.265030384
0.00528645
-0.136049426
-1.751558432
-0.217245753
-0.229028859
-0.416913792
-1.752691956
-0.73131271
-0.816425029
-0.900978273
-1.055853844
-1.097337481
-1.117862773
-1.126175352
-1.755682139
-1.334968693
-1.384855105
-1.756325236
-1.880729081
-1.894553185
-1.757760906
-2.150623493
-2.240665916
-2.482732995
-2.693134273
-1.758763914
-3.147797849
-1.760132865
-3.753631231
-1.76042855
-3.872186609
-4.10165009
1.128399022
0.946505919
0.921226047
0.52648189
0.499360567
0.463661312
-1.762547968
0.345390917
-1.762760608
0.277234005
0.123415185
0.042429099
0.026776637
-0.14378557
-0.147230235
-0.148921866
-0.215803076
-0.269732883
-0.275018089
-0.284267522
-1.765688895
-0.432306978
-0.43275058
-1.140391784
-0.478835795
-0.528368039
-0.536747778
-0.547206028
-0.594900285
-0.655023554
-1.767469445
-0.696841792
-0.759547326
-1.768069395
-0.781137111
-0.807597777
-0.909878159
-0.962147109
-0.966026894
-1.023218047
-1.037008896
-1.768689695
-1.134462127
-1.769143348
-1.769226153
-1.144563851
-1.214660626
-1.246711608
-1.302588863
-1.351071614
-1.357415307
-1.657633376
-1.737162568
-1.76534984
-1.767284498
-1.884959097
-1.908269914
-1.997054572
-2.09173791
-2.241781636
-2.298106523
-2.620226226
-2.634649581
-2.866063399
-1.775171436
-3.178994573
-3.312565262
-1.590714344
-1.776085138
-3.364491259
-3.440702716
-3.512589805
3.409666764
3.384283228
3.136829597
3.1325358
3.118811112
2.885302729
2.633569295
2.543022063
2.533122929
2.47408716
1.888843549
1.61956091
1.202476677
1.181177714
0.924167166
-1.991059393
0.567438695
0.466659114
-2.01885733
0.413136775
0.291411959
0.277792642
0.253714382
0.239694816
0.20529494
0.198015293
-0.015691254
-0.05330058
-0.137716019
-0.151774883
-0.199838205
-0.246758145
-1.783856998
-0.483534884
-0.498225311
-0.519314194
-0.792875476
-0.821141137
-1.181666831
-1.186177537
-1.197672507
-2.909882147
-1.210494488
-1.284468308
-1.31083749
-1.787007879
-1.318201704
-1.321065649
-1.351518305
-1.351882986
-1.413671528
-1.422777699
-1.472502568
-1.581197851
-1.582498911
-1.666477635
-1.684710709
-1.811662499
-1.85276773
-2.017227952
-2.267613965
-2.919941751
0.170012638
-0.785321566
-1.099121902
-2.163030725
-2.957172794
-4.326990218
-3.404725213
-3.656430157
-4.393265146
0.756000968
0.167283492
-0.01711419
-0.069742417
-0.112092221
-0.136486767
-0.183227324
-0.191278182
-0.217956992
-0.244440778
-0.274788197
-0.437343594
-1.797342719
-0.721540216
-0.738251682
-0.781668308
-0.792162457
-0.928346473
-0.975710723
-1.081607673
-1.166905503
-1.21066119
-1.262291365
-1.284740286
-1.332145293
-1.337234941
-1.344284214
-1.358599698
-1.371932937
-1.385952504
-1.404228059
-1.435663665
-1.48862842
-1.638942685
-1.734283938
-1.758919479
-1.791962216
-1.879445016
-1.803378605
-1.803430225
-2.056035924
-2.193551595
-2.291911855
-2.456230907
-2.545434108
-2.561507678
-2.579569916
-2.602345876
-2.821973521
-2.862103844
-2.965713417
-3.184864259
-3.342079645
-1.806645813
-3.38535101
-3.722108625
-3.743634051
-3.783187404
-3.812013132
-1.808080184
-3.864713899
-4.105492873
-4.107891425
-4.392004503
-4.592128947
0.281480347
0.178388313
0.165723034
0.08241107
-0.068747967
-0.117674313
-0.191732181
-0.450292701
-0.372939183
-0.37973827
-0.482200992
-0.506534146
-0.706429136
-1.811417059
-0.817279728
-0.934716002
-0.938565291
-1.812590048
-0.960064888
-0.974017931
-1.003358723
-1.039718367
-1.813130063
-1.07418489
-1.100568324
-1.109171119
-1.151176039
-1.208405004
-1.815283064
-1.24802418
-1.249172302
-1.407644187
-1.817104838
-1.490199898
-1.554781175
-1.557129597
-1.588039297
-1.60774201
-1.62676913
-1.675843961
-1.811719135
-1.81835825
-1.924303299
-2.126547367
-1.818940875
-2.214897732
-2.337358985
-1.819170412
-2.419710494
-2.459119153
-2.481946104
-2.726137727
-2.81398746
-2.86204173
-2.876466735
-1.820719899
-2.878545412
-1.820759118
-2.891954786
-2.89237182
-2.903182245
-1.820913493
-3.071219913
-3.086961534
-3.137771423
-3.174594452
-3.296006821
-1.822620568
-3.336312692
-1.823364454
-3.569956166
-4.242482598
-4.291593645
-4.443365196
3.323883288
3.068636036
3.060646622
3.030696193
2.979115076
2.977972947
2.932069088
2.822097748
-0.77484569
2.787884107
2.731809434
2.725965926
2.722055208
2.690389134
2.542804224
2.540120337
2.538404015
2.528305358
2.498878806
-1.829479933
2.383563017
2.345550577
2.327316667
2.293631897
-1.830375015
2.288358526
2.268591867
2.185156787
2.173889099
2.169528199
2.142176547
2.13210042
1.933050753
1.888676043
1.868695282
1.817231397
1.487552835
1.421776693
-1.832919972
0.384509678
0.077910576
-0.014970389
-0.144224755
-1.834189192
-1.834281703
-0.300580682
-0.533919407
-0.561137076
-0.616515258
-0.712298835
-1.835354318
-0.729768829
-1.83565677
-1.837094358
-1.869617987
-1.837367694
-1.974090698
-2.06521861
-1.837497443
-2.14645312
-2.366580637
-2.371558205
-2.500032488
-2.776445636
-2.82545371
-2.887881525
-3.510291336
-1.838771509
-1.83887295
-3.723054936
-3.917558916
-4.188824428
0.332995207
0.176348351
-0.014727511
-0.210720758
-0.233793477
-0.364793401
-1.842045209
-0.502569057
-1.842464135
-0.55638977
-0.561165935
-0.564630474
-0.567952013
-0.586720134
-0.907935828
-0.918854495
-0.954627859
-1.019712496
-1.041471014
-1.844448291
-1.117894526
-1.228839132
-1.230895211
-1.246577316
-1.26430175
-1.845908975
-1.264747707
-1.290702903
-1.331562797
-1.355563826
-1.847708545
-1.418743971
-1.847999902
-1.425827006
-1.652592375
-1.664614467
-1.695472329
-1.848604777
-1.771071273
-1.774632716
-1.799503079
-1.840412345
-1.849166184
-1.87897575
-1.885629257
-1.993885989
-2.0652595
-2.291773598
-2.375990098
-2.741721531
-2.869091333
-2.869137225
-3.010957855
-3.022513579
-3.071968618
-3.218824384
-3.252178736
-3.381025617
-3.387811165
-3.404809761
-3.531896961
-1.34903828
-1.855008033
-1.855055191
-3.650203213
-4.190365603
-4.214759143
-4.350073042
-4.51776398
-4.539500747
-4.768423948
0.310968504
0.250710483
-0.100846874
-0.115360926
-0.32373323
-0.471882758
-0.516844208
-0.525439438
-0.62114259
-0.767209601
-0.790990652
-0.931698821
-0.946259534
-0.94658721
-0.951473637
-0.953725593
-0.967200694
-1.862807494
-1.007690898
-1.009751804
-1.146554473
-1.149950587
-1.20044181
-1.221205594
-1.222913319
-1.270291355
-1.30356772
-1.309891429
-1.347994307
-1.373178932
-1.373774846
-1.511005742
-1.560855448
-1.593354589
-1.478847062
-1.649041734
-1.72319971
-1.781428034
-1.783570785
-1.819668559
-1.872615498
-1.877105972
-1.885946841
-1.924216144
-1.936971917
-1.954888421
-2.046905897
-2.174699192
-1.869325699
-2.177431357
-2.228360289
-2.243943705
-2.269853652
-2.286503868
-2.57117885
-2.587553489
-2.597896062
-2.641743937
-1.871564707
-2.843175221
-3.149857722
-3.198968759
-3.288266194
-3.392236067
-0.024321012
-0.274926374
-0.323207344
-0.428373595
-1.874463182
-0.512875104
-0.630730854
-0.772003921
-0.790083685
-1.87495737
-0.798090665
-0.84541423
-0.897912394
-0.944088369
-1.665369297
-1.015270528
-1.042597696
-1.877000021
-1.187112639
-1.201503509
-1.350395133
-1.379444759
-1.398382846
-1.40255976
-1.427261894
-1.475457693
-1.501481674
-1.52199524
-1.561372923
-1.566975577
-1.571070715
-1.580096978
-1.624770296
-1.655252867
-1.673898072
-1.680429521
-1.748437548
-1.83162023
-1.833667183
-1.877531368
-1.995202514
-2.100241181
-2.100241181
-2.154250957
-2.321410113
-2.356384452
-2.403120297
-2.409222392
-2.427441725
-2.428503873
-2.505986439
-2.611720673
-2.684109599
-2.711946959
-2.913737763
-2.977969756
-2.978526525
-3.015037283
-3.022451878
-3.025590318
-3.039950998
-1.886026281
-1.886085064
-3.297998349
-3.525983412
-4.623797911
3.603934418
3.29433142
3.291814221
3.278066342
3.230676302
3.229749107
3.204899027
3.187152209
3.071437291
3.05311818
3.019628402
2.988638875
2.965007241
2.962144465
-1.888829745
-1.889001185
2.936818584
-1.889157239
2.914289063
-1.890669508
2.865034431
2.821644664
2.780251786
2.717069767
2.716889432
-1.891892678
2.661409603
2.651004219
2.613930125
2.600367849
2.598883962
2.59104334
2.575055993
-1.893534269
2.552636909
2.505932247
2.458455543
2.42953746
2.426628673
2.348317956
2.345000951
2.324208151
2.265712585
2.239387731
2.236138149
2.234845019
2.207049553
2.092074986
-1.896180112
2.042650095
2.023414072
2.00379107
1.981196061
-1.896978494
1.907462834
1.835621563
-1.897934933
0.13172119
-0.242325231
-0.260945426
-1.902549618
-1.284449286
-1.902968016
-1.903446372
-1.903537346
-1.799591372
-2.235285321
-2.681837925
-1.904796467
2.272201495
2.184443995
1.884375805
1.530133536
1.47228848
1.449479418
-1.905435097
1.359625653
1.292812903
1.285671005
1.005484598
0.981146142
0.958303627
0.9302295
0.925231917
0.910287652
0.908548391
0.888875147
0.808453433
0.71684383
0.678078261
0.60846248
0.383174271
0.240308395
0.207695765
0.205755597
-0.127916473
-0.205341206
-0.319623814
-1.910158297
-0.374756499
-0.459245231
-0.51899204
-0.631495337
-0.701678976
-0.712129753
-0.755961245
-0.790254801
-1.083373347
-1.118060297
-1.159340389
-1.167331436
-1.914638817
-1.315237757
-1.421216005
-1.449583244
-1.9154953
-1.467696671
-1.579692696
-1.658120311
-1.710470218
-1.855536212
-1.891580234
-2.327596624
-1.917724851
-2.471897531
-2.837974531
-1.918616994
-1.91863764
-2.874035377
-1.918945728
-3.074869391
-3.293678447
-3.513498139
-1.919983385
-4.435566211
-4.528410078
1.92888426
-1.920373465
1.715366619
1.194727839
-0.627684907
-1.920946321
-1.921095593
-1.271140365
-1.429110867
-1.921660471
-1.753334598
-1.785500029
-2.335800766
-0.649712725
-1.028783461
0.985758464
0.80833716
-1.106883671
0.696851871
-2.265846723
-2.839599393
-2.884091558
0.62364517
-0.075422353
-0.91113063
0.494897979
-1.422821968
-1.4308656
-1.910463277
-2.345356741
0.429123187
-1.924030635
0.226469755
0.106786095
-0.012686038
-0.093810162
-0.114592528
-0.195725876
-0.411737444
-0.538873097
-0.592566238
-0.07457502
-0.605740164
-0.843493273
-0.864206991
-0.89926323
-1.127860456
-1.927990458
-2.332784935
-2.470841853
-2.506410826
-1.928995012
-2.829219219
-3.451938956
-1.930562227
-0.622339452
-3.937073773
3.450467164
3.282370499
3.246890996
3.196051424
3.186712017
3.13771992
-1.932638287
3.065749042
3.049801483
3.046686833
3.031364147
3.00043992
2.97079921
2.964345774
2.932185231
2.928994968
2.905805
2.872278141
2.851047388
2.826735377
2.784045264
2.758110741
2.750214253
2.744615869
2.72996962
2.728121192
2.71158016
2.664903964
2.625153188
2.6201047
2.62004028
2.61175039
2.607637763
2.539411815
2.516474807
2.509375246
2.46947955
-0.945437425
2.45403708
2.388152468
2.364209719
-1.938935528
2.279250358
2.215668636
2.07886096
1.997600135
1.965797936
1.823803632
1.646783668
1.360003779
-1.939538205
0.006110868
-0.17866912
-0.389889882
-0.701019572
-1.940670138
-1.005712102
-1.220486073
-1.032932801
-1.060782132
-1.229978153
-1.279251564
-1.942111336
-1.843297231
-1.884956501
-2.997751585
-3.942319629
2.567478135
2.408749787
-1.945560318
2.149952336
2.102061324
-1.57264306
1.96489406
1.963757778
1.920629166
1.871505079
1.821682554
1.694283727
1.128952199
0.959451273
0.70591766
0.671632244
0.481856993
0.372109472
0.346987836
0.307420796
0.250434184
0.084006881
-0.094927119
-0.18172211
-0.202402127
-0.218540966
-0.23276205
-1.951433837
-0.416446972
-0.436005035
-0.450149544
-0.469189191
-0.493577987
-0.646654449
-0.648320951
-0.675412395
-0.736037819
-0.766719109
-0.841508966
-1.953177709
-0.84365469
-0.860766791
-1.953595631
-0.940324695
-0.954564712
-0.987830715
-1.028941239
-1.056111083
-1.095558661
-1.173197303
-1.955156374
-1.631119362
-1.819869121
-1.956243095
-2.016724107
-2.1134863
-2.143530472
-2.19923421
-2.315733519
-2.344426718
-2.425007403
-1.959219531
-2.85442612
-3.033580716
-3.166113528
-3.302083925
-3.733620135
-0.280052314
-0.710042539
-1.977848297
-2.103777696
-2.437190925
-3.074818753
-4.21086
3.159949077
-1.961999949
3.040979512
2.83873349
2.79472422
2.621766515
2.498134798
2.451452194
2.383719779
-1.964554147
2.3275712
2.294474084
2.262015695
2.251079801
2.069015026
2.051633622
1.98786237
1.899848319
1.886552207
-1.965543134
1.862606489
1.853425723
1.835043208
1.816179828
1.805338947
1.713924369
1.697273817
-1.966689804
1.643302033
1.617255359
1.611778625
1.57450585
1.564655639
1.512076872
1.499556504
1.494210621
1.44349151
1.388390036
1.309295418
1.156744735
-1.968255639
1.030092978
0.977693331
0.952209884
0.795007575
0.775280512
0.637058104
0.445569444
-1.969767834
0.211045497
0.208540892
0.148131714
-1.970784121
-1.971473507
-0.363175348
-1.972745047
-1.973310971
-0.764384617
-0.86393039
-0.462801929
-1.127852475
-1.294171723
-1.307318777
-1.329289019
-1.967746381
-1.976070092
-2.329659942
-2.454628068
-2.571104627
-2.879033933
-3.830795372
-4.176849834
2.787832287
-1.979122544
2.70601285
2.69310487
2.669599279
2.418920753
-1.981109425
2.334641723
2.276362935
2.22875393
-1.982512505
2.106255868
2.087222108
1.996187141
1.923363593
1.748900041
1.477881773
1.348231861
-1.984378207
-0.775330233
0.950260667
0.886699097
0.863255105
0.833092801
0.446007497
0.369201754
0.214015136
0.100570086
-1.985723962
0.040411111
-0.057885367
-0.845845863
-0.172766708
-1.986758093
-0.873749866
-1.987232516
-0.265757771
-0.351181493
-0.447242795
-0.541311878
-0.584865624
-0.882882976
-0.896410889
-0.905613954
-0.979617728
-1.024719768
-1.104977108
-1.129226775
-1.139339349
-1.991010243
-1.404567782
-1.478708508
-1.623404346
-1.628872944
-1.664722675
-1.747601044
-1.04657702
-1.984239337
-1.993774501
-2.002348537
-1.99441328
-2.068191794
-2.211074785
-2.320768332
-2.389952338
-2.623644448
-2.73824592
-2.835861425
-2.840165461
-2.902050754
-3.552584472
-3.946319849
-4.210893156
0.497048987
0.11710923
0.01777882
-0.189788559
-0.215278942
-2.001794407
-0.222018175
-0.22306733
-0.385083831
-0.388485172
-0.521591748
-0.534242423
-2.003277836
-2.003297966
-2.003554702
-0.626452028
-2.003651626
-0.721283429
-0.838895824
-0.850462674
-0.962098699
-1.036604155
-1.086810138
-1.107005017
-1.12446301
-1.199235419
-1.26055208
-1.305463407
-1.474589516
-1.481980561
-1.551753582
-1.601792423
-1.796882855
-1.845802103
-1.911976385
-1.924698867
-1.941819329
-1.961068693
-1.966946287
-2.010854795
-1.991647815
-2.000577187
-2.183194784
-2.011815891
-2.246307495
-2.272225502
-2.012512137
-2.282763193
-2.46585726
-2.493368472
-2.529181227
-2.558515894
-2.80122271
-2.922827666
-2.968765746
-2.970766836
-3.02864413
-3.040593991
-2.01511754
-2.015203299
-3.267096675
-3.347926184
-3.513018486
-3.694783665
-4.031409635
-4.063166226
-2.016851232
-4.147405697
-4.333306704
-4.527540218
-4.607904444
0.720022504
0.404824403
0.10879553
-1.866388334
0.012290873
-0.023743387
-2.020078091
-2.020124474
-0.078174258
-0.191801048
-0.230682585
-0.280062151
-0.307530902
-0.413472903
-0.450041572
-0.506575973
-0.534489548
-0.670179999
-0.695762946
-0.81784065
-0.864683666
-0.883753488
-2.025811411
-0.977597002
-1.050917177
-2.026321002
-1.058890393
-1.086941572
-2.027499024
-1.10856402
-1.125197379
-1.181933217
-1.185418752
-1.18964957
-1.252126189
-1.262980467
-1.353555761
-2.030740968
-1.356295158
-1.40539791
-1.410184807
-1.417106541
-1.52029095
-1.534595701
-1.556412359
-1.713366408
-1.720583912
-1.820944628
-1.898953503
-1.936310926
-2.000664759
-2.011845947
-2.143548395
-2.250105823
-2.37144634
-2.681681141
-2.700532738
-2.762297692
-2.862129739
-2.891506568
-2.945509069
-3.022914468
-3.280629541
-2.035850447
-3.48366305
-3.487321635
-3.584946394
-3.814952872
3.601992677
3.335944461
3.292641351
3.22454622
-2.037837378
3.128101331
3.052935968
3.02855343
-2.039622585
3.00536281
3.001624957
2.997676883
2.981406172
2.960470185
2.920730641
2.867696561
2.806447066
2.769070828
-2.042545312
-2.042550528
2.632434913
2.619064759
2.592807891
2.550063433
2.529125712
2.457559229
2.434186714
2.411775709
2.389598574
2.38075345
2.35860008
2.336398591
2.299465704
2.298139589
2.265267731
2.25879364
2.178709079
2.04428418
1.877903298
1.809468392
1.538431425
1.526503217
1.09402854
1.007540025
0.991060564
0.967228671
0.955870053
0.916420031
-2.047095836
0.63290872
0.304250483
-2.047531049
0.10889226
-2.048106868
-0.269670842
-0.420149914
-2.048533986
-0.523613731
-0.603539261
-0.010265967
-0.175121261
-0.71210508
-0.902036568
-0.661822352
-1.518003998
-3.581138267
-2.051426037
-0.735845502
-0.830342251
-0.856372879
-1.024382428
-2.053992761
-1.525581718
-1.575494004
-2.213286443
-2.056038617
3.703428069
3.486899194
-2.056269556
3.34374003
3.272200249
3.174980767
3.156676042
3.118866594
3.088828943
3.056498956
3.031835103
2.922639991
2.903117905
2.839998637
2.809289678
-0.566699301
2.714265921
2.648187195
2.597464293
2.486333257
2.463235549
-2.059182145
2.373210812
2.328280138
2.249135943
-2.05983688
2.135121985
2.05251395
2.049845627
1.90536539
1.899658418
-2.061450311
1.717369084
1.330772074
1.103584873
1.076565663
1.058641216
0.810983272
0.508489683
0.400462821
0.395690744
0.341314226
-0.798531695
-2.063927304
-0.811084286
0.188627319
0.055951203
-0.106497767
-0.202182622
-0.234644445
-0.327154561
-0.341295026
-2.065761352
-0.458598382
-0.593085458
-0.676371738
-0.871327936
-0.965467464
-0.968892777
-0.980837796
-1.30577108
-2.070508545
-2.070986058
-1.794890229
-1.828250464
-2.194315497
-2.682973814
-2.944882205
-3.080216322
-3.646252593
-3.661908051
1.110530361
0.695887808
-2.076024014
0.419455238
0.095793053
-0.036028005
-0.134864894
-0.206239448
-0.308845953
-2.078291745
-0.501357691
-0.507198084
-0.553746989
-0.566167272
-0.570089847
-0.605306175
-2.082577218
-0.792004058
-2.08291778
-0.830448494
-0.83375085
-0.881707212
-0.922924166
-1.114873455
-1.138784166
-1.167382704
-1.23067638
-1.865853332
-1.241640734
-2.086834366
-1.256985224
-1.280691642
-2.088110346
-1.374848658
-1.3949882
-1.417503584
-2.089505182
-1.430124981
-1.447651469
-1.483533549
-1.599492653
-1.612509063
-2.090322769
-1.658753244
-1.716822821
-1.740262052
-2.089459661
-1.836944935
-1.889453532
-1.897126102
-2.011801595
-2.072935981
-2.101099467
-2.093746413
-2.172574709
-2.233330569
-2.094807705
-2.261651056
-2.394374674
-2.427604845
-2.441101557
-2.489367857
-2.552263524
-2.650645339
-2.686586527
-2.784776155
-2.928220818
-3.085655921
-3.185594042
-2.099820625
-2.100018585
-3.259165896
-3.566161772
-3.6814821
-4.283614896
2.057829221
0.831200884
0.348672871
0.336251503
0.269789872
0.21121085
0.186324611
0.04008377
0.029511105
-0.017088053
-0.053858565
-0.074371442
-0.103998274
-0.233472674
-0.267670647
-0.281167428
-0.302614791
-0.357786361
-0.363326511
-0.374571185
-0.389635602
-0.464454459
-0.586842134
-0.665455334
-0.72865613
-0.749049368
-0.82394638
-2.107830715
-0.77645608
-1.19732932
-1.202777298
-1.215299303
-1.882320664
-3.521514323
-1.063933823
-1.071597918
-1.07492947
-1.104936727
-1.207615302
-1.241335439
-1.274516542
-1.310946945
-1.311336644
-1.313336185
-1.438074512
-1.510527847
-2.113459771
-1.590140658
-1.678797161
-1.688378362
-1.794788566
-1.803864894
-1.835683833
-2.116775801
-1.923821661
-2.02428286
-2.040008546
-2.071151753
-2.117371392
-2.392732139
-2.400727305
-2.119685974
-2.119689682
-2.413691655
-2.497395212
-2.600101682
-3.244898588
-3.472494002
-3.630766917
-3.678355076
-3.701450993
-2.123451963
-2.1235001
-3.971608615
3.002414066
-2.125630534
2.772840893
2.514089575
2.187440446
2.185108767
2.143203844
2.001291142
2.000534456
1.995963319
1.804810031
1.755372096
1.70264793
1.582006495
1.537257065
-2.128071403
-2.128105485
1.47383087
1.058130683
0.898122089
0.873516394
0.779902649
-2.130299072
0.613603562
-1.009289299
0.568538567
0.536809718
0.493647136
0.446563275
0.351467438
0.252588454
0.242063048
0.058786315
-0.039558983
-0.157838824
-0.213194679
-2.133478401
-0.52123918
-0.561778264
-2.134037756
-0.738475868
-0.846499511
-1.494364585
-1.930194307
-2.105308768
-2.137422031
-2.137425153
-2.137974698
-2.139184714
-2.139281063
3.36221522
2.459237468
2.358583623
2.334956217
1.950975195
1.929246106
1.574009214
1.37021411
1.153328867
1.035010323
0.014559276
-0.021740245
-0.036926515
-0.038052423
-0.072200479
-2.147125951
-2.147511828
-0.243217391
-0.285466321
-0.296922624
-2.148248507
-0.467926122
-0.470182816
-2.148839286
-0.485505179
-0.513975933
-0.525343347
-0.551646935
-0.616118428
-0.647034001
-0.710684082
-0.753019119
-0.914328193
-0.948858068
-0.977874048
-1.027631941
-1.028901518
-1.035140033
-1.04763171
-1.078213686
-1.099503446
-2.152834961
-1.13192779
-1.155436291
-1.852548097
-2.154782994
-1.449421804
-1.478806322
-1.533256372
-1.621712916
-1.623201552
-2.156718302
-1.644828768
-1.66064592
-1.710656957
-1.771093818
-1.843608522
-2.172911952
-2.158245446
-2.235018426
-2.267051778
-2.417708215
-2.422446308
-2.429996132
-2.562988974
-2.354581861
-2.920412137
-2.995528225
-2.160565938
-2.161041342
0.34214917
0.114845302
-0.011849986
-0.019889939
-0.123154417
-0.285912397
-0.426719253
-0.501309232
-0.505252179
-0.617708308
-0.640388259
-0.876213574
-0.919514058
-0.99588988
-1.015806022
-3.411250388
-1.059780426
-1.064707266
-1.080338123
-1.08752986
-1.092620556
-1.096128739
-1.117044368
-1.148333129
-1.169826208
-3.73305688
-1.212645116
-1.257763952
-1.262678474
-1.307116267
-1.32693358
-1.330865182
-1.342881488
-1.343531129
-1.351043843
-1.362419958
-4.074432613
-1.40123699
-1.417058798
-1.46468855
-1.532498067
-1.668131772
-2.174818889
-1.864987973
-1.976509243
-2.176453098
-2.04077946
-2.071179032
-2.261321328
-2.283057043
-2.302538273
-2.368724969
-2.387766788
-2.178455831
-2.456206697
-2.179042511
-2.492968852
-2.179487555
-2.53570594
-2.683864628
-2.728929403
-2.960564631
-3.04021609
-3.23132184
-3.303492669
-3.74217174
-3.819384564
-3.899966546
-2.185484179
3.496539061
3.399519716
3.250360485
3.191103874
3.181397683
3.036880683
3.034094374
3.006817051
2.961043243
2.945781016
2.893826917
2.876594214
2.864921485
2.833949922
2.830506279
-2.18912637
2.828409354
2.826604924
2.797252488
2.790076516
2.787131684
2.73891526
2.703176166
2.686768207
2.642574581
2.636481732
2.615783583
2.607445421
2.58776515
2.561807307
2.53705634
2.477726266
2.450472167
2.438389839
2.435576733
2.432138807
2.400611369
2.352934875
2.344960095
2.333174978
2.284629543
2.182665616
2.139515914
2.076156976
2.06752288
2.046285087
1.946799437
1.913156685
1.905775872
-2.19575317
1.708742041
1.370565694
1.267639195
-2.198128731
0.848153252
0.676562439
0.263988844
-0.143862339
-0.612677553
-2.201256847
-2.202929332
-2.20339025
-1.504197668
-1.693047262
-3.31903637
0.60192546
-0.158516033
-0.182281905
-0.28118522
-2.20828348
-0.530231202
-0.614445448
-0.737243249
-0.759821482
-0.806027409
-0.825663935
-0.881997168
-0.89002029
-0.915470917
-0.946969506
-0.987013386
-1.056999232
-1.086272364
-1.086381045
-1.968956426
-1.107623527
-1.112339167
-1.113394885
-2.032815502
-1.121977954
-2.054987022
-1.129765502
-1.164818122
-2.159346038
-1.176886672
-1.184339068
-1.197844079
-1.243253923
-1.249262311
-1.292848297
-1.344267932
-1.378605623
-1.395138253
-1.432928342
-1.492615652
-1.535499772
-1.665004145
-1.709436888
-1.722698285
-1.72313818
-1.728344744
-1.780285276
-1.822594159
-1.827903594
-1.934326568
-1.95594781
-2.036962172
-2.134396848
-2.234279794
-2.289214022
-2.31226202
-2.327246198
-2.560762001
-2.684274969
-2.228454044
-2.756510236
-3.382223891
-2.793847899
-2.89132538
-3.735094148
-3.777615444
-0.070894767
-0.129112506
-0.417693048
-0.52825232
-0.566255085
-0.637593977
-0.650725858
-0.704842772
-0.707163545
-0.751574943
-0.760493389
-0.777407929
-0.781074347
-0.811472437
-0.911416688
-0.923042833
-0.925564262
-0.92960509
-0.94401012
-0.976420425
-1.006506604
-1.124833681
-2.237253471
-1.141720756
-1.195026719
-1.213763651
-1.233932362
-1.245688493
-1.292316208
-1.337059546
-1.358723424
-2.24173086
-1.374322581
-1.396169135
-1.418195064
-1.461476033
-2.243944998
-1.487244116
-1.49459299
-1.509814195
-1.594432412
-1.656803862
-1.69961933
-1.703917619
-1.714990978
-1.758219799
-1.797005343
-1.832306501
-2.246267395
-1.872717054
-1.965818803
-1.974416853
-1.978242392
-2.247193686
-1.9998552
-2.05122751
-2.073992428
-2.321048776
-2.371604255
-2.374830185
-2.626945422
-2.732933785
-2.840325642
-3.131681753
-4.299639509
3.642753826
3.504697384
3.403987939
3.20646721
3.192685132
3.161234747
3.053194422
2.998169325
2.995137358
-2.25687461
2.939410524
2.884296529
2.881391164
2.847955645
2.762126113
2.761653479
2.73004244
2.602598873
2.55415563
2.544341558
2.496184877
2.494748786
2.435766831
2.431116705
2.400394361
2.341771911
2.31182124
2.307416777
2.216349791
2.198889124
2.184430711
2.183635173
2.17051751
1.962961943
1.941125193
1.910065803
1.85003178
1.592075347
1.526609944
1.525994416
1.454069874
1.275570045
1.229561805
1.146235463
1.042545852
0.632142579
0.474752934
0.299450153
-0.492981774
-0.581697555
-0.733729701
-0.738469663
-1.079244743
-1.425507668
-0.872745067
-0.894441815
-2.040940849
-2.272902819
-2.273003129
-3.947340399
-2.273287142
0.277649492
0.270889809
0.064808742
0.038586058
0.037689662
-0.173763544
-0.198549414
-2.275769012
-0.212102698
-0.420715899
-0.572168781
-0.576926737
-2.278417909
-0.610824131
-2.278586999
-2.27861982
-0.693932837
-0.713751887
-0.800734959
-0.803268094
-0.833420902
-2.281650408
-0.927992349
-0.932709472
-0.986645313
-1.078045844
-1.110917521
-1.208092332
-1.228053464
-1.249777779
-2.283068775
-2.28319278
-1.293578213
-1.339946464
-1.397393865
-1.402730051
-1.425589289
-1.519785336
-1.553372663
-2.285696572
-1.595560113
-1.643214843
-1.683796666
-1.758497093
-1.798405475
-1.812940125
-1.881643165
-1.940572437
-1.945323238
-1.950266566
-2.291654163
-2.021760704
-2.026872966
-2.075708699
-2.166026447
-1.243735353
-2.517950674
-2.529945424
-2.819230904
-3.231197125
-3.332977386
-3.545281967
-3.691229749
-3.861372653
-3.906301599
-4.085217182
-4.145972533
-4.614331352
-4.624961536
-4.728124267
-2.298533417
0.277062236
0.123717357
0.020010925
-2.299131399
0.003281007
-2.299941989
-0.299336605
-0.303638503
-0.335367021
-0.451000541
-2.301333147
-0.613318445
-0.65685932
-0.665195495
-2.3035927
-2.305094936
-0.799825327
-0.925697039
-0.991346473
-0.99553076
-2.309049865
-1.035177275
-1.040369421
-1.083228964
-1.09554281
-1.103514916
-1.163983983
-1.200437686
-1.250429262
-1.256226238
-1.28348627
-1.314790243
-1.327939731
-1.374939171
-1.446038263
-1.461980303
-1.464467496
-1.465260439
-1.564717267
-1.575666526
-1.613766874
-1.618389752
-1.637032892
-1.637360247
-1.646414552
-2.31421363
-1.94700037
-2.062461618
-2.119859985
-2.147669948
-2.315636939
-2.187161083
-2.214859009
-2.346925443
-2.319321419
-2.605941431
-2.665098442
-2.665593842
-2.319867623
-2.839003235
-2.321072733
-3.328908947
-3.584882316
-3.596212577
-4.049776227
-4.180277708
-2.322922132
-4.190563469
-4.368600166
-4.416052268
-4.706450016
0.343795338
-0.002502441
-0.007780764
-0.057623478
-2.326333917
-0.115226647
-0.133834675
-0.358606011
-2.328225395
-0.551116609
-0.593714571
-0.596872902
-0.633391031
-2.330053684
-0.727698472
-0.796549519
-0.912660242
-0.922980473
-1.048459605
-1.105903975
-2.331988217
-1.14974602
-1.256105829
-1.281383411
-1.286326016
-1.369469708
-1.412622596
-1.468662205
-1.468827669
-1.539318808
-1.609974973
-1.697393795
-1.726841404
-1.774258177
-1.79511694
-2.336731591
-1.851499321
-1.897945749
-1.698186287
-2.014001096
-2.024807965
-2.043284977
-2.130237196
-2.162019357
-2.162072342
-2.253762029
-2.36502962
-2.372017495
-2.388350791
-2.472701739
-2.523360145
-2.343245177
-2.608829575
-2.668519147
-2.737303969
-2.754002941
-2.821962901
-2.949824582
-2.959010112
-3.172876707
-3.218888052
-2.346213796
-3.40972629
-3.508026694
-3.533774903
-3.655599069
-4.260361771
2.804538081
2.608388226
2.529621327
2.256130818
2.237202441
2.231758403
2.177555466
-2.350433429
-2.350437466
2.087655202
2.024472287
1.915889835
1.895100606
1.840667559
1.703024649
1.65102937
1.626050608
1.602924332
1.543517843
1.5412965
1.477025983
1.384216885
1.334044407
1.333061014
1.328444203
1.280890645
-2.354700744
1.247758782
1.214620839
1.212292021
1.211427662
1.208109379
1.13974597
1.069729412
1.042168315
0.941947362
0.937389185
0.880042315
0.87610804
0.866899051
0.582183519
0.567714491
0.429479428
0.41233684
0.325653282
0.191987042
0.182964393
-2.358309733
-0.287686435
-0.428537087
-0.493158384
-2.360989811
-2.361000018
-0.668409366
-0.706586705
-0.841767048
-1.009479187
-1.299871874
-1.339947641
-1.483308833
-1.61882044
-1.633463283
-1.709767115
-1.773925734
-1.945824486
-2.36899086
-2.369017687
-2.374031706
3.687629269
3.063888648
3.05779785
3.048607641
2.989202443
2.705304856
2.689109909
-2.377311427
2.661035999
1.286392088
1.254543691
1.077219128
-2.378295184
0.839021369
-2.378405669
0.730940517
-2.379882989
0.110378968
-0.058580244
-0.063139273
-2.332271477
-0.250857682
-0.297193992
-0.349690924
-0.350295622
-0.351656238
-0.357976912
-2.381590727
-0.376664587
-0.398328413
-0.450305608
-0.670579905
-0.685210202
-0.722134257
-0.729388598
-0.749202416
-0.82258703
-0.833375969
-0.890495463
-0.897647034
-0.898648657
-0.922760495
-0.946790876
-0.978757638
-0.986702004
-2.388059346
-1.054003673
-2.389226485
-1.068107284
-1.076216987
-1.133642676
-2.392067601
-1.393103026
-1.460237661
-1.602929135
-2.393969107
-1.831684529
-1.85085333
-1.933495309
-2.172608272
-2.237247606
-2.395775719
-2.26511996
-2.352516464
-2.372770137
-2.396770123
-2.609645852
-2.726722814
-2.398880042
-2.792946482
-3.019858628
-2.400072077
-3.11596369
-3.237250413
1.265931483
-0.048677702
-0.096169478
-0.12331812
-0.206541856
-0.22916421
-0.286502207
-0.308692341
-0.410649109
-0.437675888
-0.511292777
-0.715923188
-0.762905218
-0.833647603
-0.874231554
-0.875586134
-0.951159231
-0.982429105
-0.991126597
-1.156973456
-1.165468068
-1.166043678
-1.233785141
-1.245473321
-1.356770995
-1.357587739
-1.359471969
-1.378873509
-1.399491292
-1.440751484
-1.444935385
-1.47025141
-1.483367694
-1.493923683
-1.498122492
-1.597706897
-1.673780015
-1.730790537
-1.78922989
-1.796538799
-1.818391177
-1.83500651
-1.952692288
-1.95332606
0.854301058
-1.976297062
-1.995232723
-2.007229869
-2.078097939
-2.085548316
-2.423778521
-0.48087142
-0.887276577
-2.327497101
-1.091249763
-1.962106058
-2.033417224
-2.329017885
0.439365424
0.321117049
0.229448651
-2.301337075
-2.573333531
-2.894442093
-2.892855193
0.328420567
-0.392230885
-0.798234203
-3.137109293
-1.15974106
-2.624374661
-2.687698714
0.104970542
0.003009919
-3.145333208
-0.612543741
-3.161690493
-3.366684279
-4.006106318
-4.042940696
-1.536075331
-2.15023841
-2.698260297
-0.940831445
-0.943911411
-4.783576811
-2.43309833
-1.226109447
3.218899384
-1.783045541
-0.098043115
-0.364368516
-1.130415137
2.912576634
2.735071898
2.333878019
2.161341093
2.142342614
-0.066760775
1.91696325
1.732201815
1.583877563
-0.633028984
-1.357047903
1.139067771
-1.354939435
0.737378625
-1.379161388
0.688561557
0.553409339
0.482336725
0.448849718
-2.398112889
0.426688782
0.384800324
-0.915659868
-0.936022699
-1.131054517
0.382008034
0.078978156
-0.697145699
-0.949577733
-1.434913805
-0.019172914
-2.4410016
-0.147209779
-1.658331619
-1.702023642
-1.703973003
-1.940118385
0.498767091
0.081178232
-0.692522283
-1.816774186
-0.16687857
-1.878089603
-0.332774545
-0.348561917
-0.353948323
-3.422138521
-0.409787944
-0.449512613
-0.452637296
0.721808542
-2.444705798
-0.7737099
-0.552581003
-0.646729122
-0.718385909
-1.174116695
-0.809004459
-2.448540446
-3.930269165
-4.045599712
0.126411376
-0.976409656
-2.448741569
-0.985288187
-1.076732436
-0.593772088
-2.449626438
-0.819602297
-2.008489225
-2.229843538
-4.287777255
-1.196381993
-2.451611929
-1.013986358
-1.164913462
-1.337621274
-1.574958663
-2.768661593
-0.413300595
-1.261185633
-1.274957475
-2.325384652
-0.935574727
-1.091929311
-3.19081945
0.007123697
-1.287586952
-1.320293491
-1.192828029
-2.254804328
-0.264396246
-2.458098665
-1.350632871
-0.98954214
-2.008671733
0.362668443
-1.409212661
-1.074061546
-1.429911224
-3.251525959
0.369872307
-1.494575741
0.228007673
-0.519156175
-1.589809877
-1.883286382
-1.618296692
-2.903641824
-2.463042311
-1.733542685
-1.246938482
-1.863319691
-1.272629968
-4.285169225
-1.956850734
-2.001068456
-2.015833953
-0.497173197
-1.249909213
-2.743882103
-0.5942829
-0.720642191
-1.992860814
-2.152206897
-2.688608356
-2.912461429
-2.970279576
-2.979660167
-3.280712841
-3.31190163
-3.613315526
-3.661201976
-4.235258548
-4.320614002
3.214916882
3.209811804
3.086795227
3.065539541
3.047234384
3.000684291
2.993984361
2.985104899
2.973851033
2.924772407
2.857788502
2.851940178
2.845416023
-0.378009338
-2.474886218
2.755718034
2.746212625
2.732916726
2.708465436
2.697322334
2.679849595
2.651865546
2.638489001
2.630792075
-2.477452962
2.603732387
-0.514204493
2.518307589
2.495612332
2.493609721
2.383496442
2.364780305
2.346993459
2.248855056
2.23477093
2.220203827
-2.480226656
2.193949426
2.151027077
2.148048211
2.123056263
2.056727762
2.018362716
1.993385388
1.950046291
1.849960591
1.835803715
1.770365575
1.741034621
1.67595244
1.50155693
1.476272056
-2.482494822
-2.483228761
1.374856941
1.311024238
1.055354526
-2.488265116
-1.68658871
-2.015960662
-2.491855011
0.565550675
0.539138994
0.361834302
0.283418759
0.11633439
0.098417749
-0.112368494
-0.123373775
-0.136039467
-0.17565913
-0.237733778
-0.33574376
-0.366979373
-0.372964926
-0.417020153
-0.451738954
-0.532029618
-1.350862022
-2.501386952
-0.577073911
-0.677917982
-0.72098867
-0.779911434
-0.803546882
-0.909039373
-0.929483558
-2.503967668
-0.941091654
-0.952528626
-0.983761792
-1.06491533
-1.072345113
-1.127512918
-1.166710366
-1.169224726
-1.21010263
-1.427811313
-1.529729558
-1.53210268
-1.557870293
-1.679172843
-2.512228134
-1.806042128
-1.81702927
-1.876946237
-1.892264582
-1.934899925
-2.12304981
-2.159483368
-2.185752236
-2.25407354
-2.377513811
-2.487146305
-2.52946052
-2.603170285
-2.520093705
-2.797235497
-3.140228326
-3.227580065
-3.561786583
-3.681733997
-3.982631779
-4.483912743
-4.615263169
3.003035525
2.692789521
2.530244163
2.44807515
2.441502276
2.398002794
2.391703587
2.368719214
2.365515582
2.285968903
2.208552495
2.107865163
1.954389261
1.786331966
1.676447475
1.555132499
1.377005519
1.322809759
1.09758294
0.949941447
0.924668026
-2.528224005
0.752126976
0.719275335
0.377149839
0.362838254
0.305293712
0.236401525
0.191575211
0.043078706
-0.059055386
-2.529557508
-0.175461845
-0.283192437
-0.299156382
-0.300300066
-0.369933462
-0.470006129
-2.532076051
-2.532444919
-0.633791635
-0.715042251
-0.777775437
0.412331727
-0.995725544
-1.190669625
-1.085938178
-1.093591942
-1.23121807
-1.266618589
-1.357861125
-1.382721466
-1.408426946
-1.54344465
-1.681472222
-1.779635752
-1.803785118
-2.163467647
-2.181271167
-2.239761925
-2.297952606
-2.385702741
-2.501891361
-2.758200287
-2.550525539
-2.550664091
-2.551876557
-4.408779726
-2.553135526
0.961726186
0.814943917
0.798629035
0.392175231
0.25814062
0.238467079
0.132192902
-0.080811971
-0.175230214
-0.312223333
-0.403946415
-0.463408614
-0.496643005
-0.521420324
-0.525118253
-0.621318047
-0.643244975
-0.650506864
-0.693154554
-0.706560029
-0.711133002
-0.739870729
-0.751697827
-0.810439536
-0.860500896
-0.881647058
-0.887981837
-0.91191638
-0.948397722
-0.948695219
-2.565832031
-1.731300094
-1.151790257
-1.167659979
-1.193829726
-1.316082591
-1.371041219
-1.39313398
-1.43484123
-1.460956762
-1.47993205
-1.497795394
-1.517066706
-1.551723057
-1.55480704
-1.655398192
-1.846543576
-1.891154843
-1.892634159
-1.967073918
-2.000664077
-2.003015626
-2.037850496
-2.154181756
-2.175145648
-2.222563312
-2.578172101
-2.421866715
-2.467507186
-2.468627752
-3.145174147
-3.256779678
-3.561638687
-1.196561623
-3.546239849
-3.984071969
-0.584175183
-0.81624778
-1.179970146
1.98769473
1.449860318
-2.583576605
1.334075023
0.907295576
0.823293962
0.374692237
0.374175228
-0.174890937
-0.313106059
-0.393808345
-0.416235638
-0.552351438
-0.574044442
-0.705843566
-0.810413793
-2.588758034
-1.567487517
-1.615554538
-1.878230309
-1.947129866
-2.057615346
-2.461679537
-3.744428786
0.704244804
0.343637686
-2.595396835
-0.112733918
-2.595546778
-2.595566484
-0.210611873
-0.283752454
-0.313322594
-0.339001371
-0.383182825
-0.388917944
-0.395923447
-0.434618695
-0.461127699
-0.461875427
-1.008608383
-0.48432488
-0.489308386
-0.513136821
-0.542915459
-0.54963298
-0.649907804
-2.604854397
-0.718737626
-0.744737816
-0.751305456
-0.920598172
-2.607312078
-0.941629584
-2.608297568
-2.608572639
-0.943415382
-1.002201168
-1.055592397
-2.609473613
-1.111145112
-1.111379925
-1.203372666
-1.252020088
-1.340501123
-2.612340201
-1.355748316
-1.398364611
-1.414604021
-1.431036202
-1.44372924
-1.445298148
-1.45748085
-1.496850531
-2.615486095
-1.54665028
-1.630111996
-1.830660655
-1.866001325
-2.619127965
-1.901642416
-1.979719605
-1.993974003
-2.012249212
-2.027149875
-2.131103603
-2.330076767
-2.778814947
-2.84783141
-2.936519541
-3.062660636
-3.215339935
-3.354117824
-3.527201128
-2.62703181
-4.789248655
1.239465492
0.540386746
0.456444758
0.347792472
0.325403759
0.322541222
0.250855244
0.047237916
0.00166257
-0.106739859
-0.119469446
-2.633902479
-0.331216851
-2.635252819
-0.514646373
-0.525220545
-0.544548419
-0.567422845
-0.593967686
-0.609727135
-0.618916857
-0.7343947
-0.814060543
-0.82604394
-0.878125692
-0.927039584
-1.001434603
-1.109229359
-1.187499285
-1.197398911
-1.215721633
-2.489718139
-2.642931481
-1.323691739
-1.367340158
-1.448351509
-1.459312514
-1.506503339
-1.516861424
-2.647386286
-1.624121234
-2.64784731
-1.646005229
-1.707959428
-1.712801149
-2.649093297
-1.750086501
-2.649707437
-1.827888887
-1.916940866
-1.955495509
-2.040903473
-2.060122071
-2.164714843
-2.226385589
-2.375738377
-2.383925075
-2.422782037
-2.438861793
-2.525655549
-2.527956045
-2.655221764
-2.937843565
-3.244989251
-3.151654957
-3.646680387
-3.648416295
-3.819294295
-4.277018989
-5.084678287
3.531233489
3.490876562
3.450611905
3.404841506
3.307910395
3.280520662
3.240654083
3.110615652
3.097174249
3.076123778
3.073484172
3.048240371
3.023890589
3.016558907
3.005556832
3.005194449
2.98826337
2.959782871
2.952303227
-2.665105755
2.916502348
2.903797764
2.899309526
2.881339984
2.860700136
2.845771283
2.823675435
2.823547361
2.804389688
2.803143979
2.796281334
2.764892873
2.744732192
-2.667681753
2.696834947
2.695974124
2.67400339
-2.670031952
2.642940406
-2.670636229
2.637023579
2.610915142
2.60552539
2.443578701
2.112881863
2.036395146
1.905804872
1.628915339
1.542008163
1.376332422
1.301053219
0.833003875
0.714551988
0.294931211
0.058001465
-2.680492736
-0.153800961
-0.590109874
-0.761284575
-0.81128439
-0.961082851
-1.015647648
-2.685240438
-1.391867256
-1.477892713
-2.688160246
-2.693828553
-3.760455102
-2.696379721
-0.204913005
-0.386658606
-0.3905645
-0.488481398
-0.54294145
-0.645409423
-0.651093752
-0.704931484
-0.731520373
-0.741443948
-0.745036941
-0.777410378
-0.977279347
-0.983214262
-1.049812178
-1.061431399
-1.092330316
-1.29381268
-1.124507579
-1.168619263
-1.187693664
-1.27441458
-1.299798235
-1.316443361
-1.322211936
-1.475543516
-1.53278258
-2.706740214
-2.707651664
-1.689807558
-1.700448332
-2.708596025
-1.714764863
-1.732629157
-2.709420715
-1.783043129
-1.786432005
-1.892260839
-1.946424037
-2.073190071
-2.710667984
-2.106989621
-2.108480952
-2.121271822
-2.145407836
-2.152421994
-2.390018072
-1.721710199
-2.443840525
-2.481966914
-2.715082204
-2.534562697
-2.715347168
-2.792299083
-2.936570289
-3.056954096
-3.098317015
-3.143108938
-3.181545117
-3.216403064
-3.71896346
-3.756786531
-3.874350489
-4.208436126
-2.725030642
-4.696387485
-4.926789398
3.407717964
3.386020553
3.36063963
3.324599489
3.298671877
3.275115179
3.244977847
3.238623023
3.219134019
3.215629705
3.186858868
3.111342378
3.082510773
3.070615041
3.010631814
2.962580156
2.916285251
2.892496443
2.86673503
2.848193821
2.820566466
2.804685289
2.783880551
2.761479767
2.749479909
2.714514685
2.682799763
-2.733536403
2.616271697
2.599104749
2.57753046
2.548707238
2.52025775
-2.735916465
2.512991652
2.494496397
-2.737030432
2.385579882
2.34642981
2.240786611
2.184393971
1.879750484
1.864191793
1.803065498
1.79618981
1.621989158
1.57895748
-2.73872899
1.501725629
1.261059385
0.960549651
0.882400725
0.531939
0.513062029
0.48836364
0.406733308
0.377149849
-2.742507852
-3.946431215
-2.743153647
-0.264187809
-0.368762203
-2.744208293
-0.540918574
-1.090331885
-1.165350165
-1.231751278
-1.774506644
-2.021616448
-0.939980834
-1.320652571
-2.103060264
-2.270414191
-1.715330143
-2.279592662
-1.786287764
-3.403107496
-0.175870973
-0.210406398
-2.756903166
-1.331004873
-1.458518891
-1.945751465
-2.091599332
-0.636034383
-0.676677269
-2.758851848
-0.892412469
-1.063877026
-1.540428772
-2.81627136
-3.503405386
3.3594511
3.339913424
3.21317621
3.154432331
3.122101632
3.113516489
3.105492839
3.023368514
3.00339219
3.002176176
2.993426316
2.973009506
2.956431757
2.936415908
2.934955499
2.844712584
2.843587163
2.80605305
2.789922777
2.787221615
2.770450774
-2.767153143
2.718876675
-2.768074101
2.71662414
2.701475416
2.670106828
2.631466735
2.622972465
-2.76978203
-2.770102709
2.604112559
2.582964519
2.564438807
2.53211427
2.50942527
2.485817495
2.390314674
2.367502503
2.322472833
2.311462812
2.035028006
1.948147342
1.888380697
1.868192777
-0.402653473
1.858856417
1.717530564
1.475697458
1.244364656
0.984956725
0.982390101
0.559205265
-2.776285199
-0.075031974
-0.261425714
-0.467652442
-0.59615692
-0.779303201
-2.781006494
-2.781430019
-1.012660265
-1.098735075
-1.102395207
-2.784906372
-2.786530415
-2.787600803
-1.870815875
-1.960139412
-1.146076124
-1.218346156
-2.903252625
0.998135845
-0.210329119
-0.223244474
-0.225482467
-0.273078613
-0.293848168
-0.324137096
-0.501489017
-0.507920311
-2.80375812
-0.538298392
-0.588622204
-0.629185177
-0.639683621
-0.667131826
-0.669192618
-0.741742956
-0.757802456
-0.847508653
-0.896551239
-0.901391299
-0.937631381
-0.965999066
-0.973936596
-1.063733581
-1.071525969
-1.083568597
-2.812315286
-1.135359974
-1.166678689
-1.176305891
-1.178408701
-1.184639247
-1.199746059
-1.201752316
-1.216320016
-1.217320211
-1.32642392
-1.346966338
-1.446725873
-2.816594671
-2.816948782
-1.961594713
-2.818345493
-1.520173511
-1.528131196
-1.655592334
-1.692431874
-1.720153446
-1.804542899
-2.136799127
-2.025546468
-2.823519077
-2.040188113
-2.825314778
-2.509002131
-2.53733552
-2.541618576
-2.553656877
-2.616107288
-2.654791979
-2.995446313
-3.044258249
-3.372347177
-3.455803792
-3.610421883
-4.047114969
-4.375622126
-4.873673994
1.247823423
0.71814214
-2.834664424
0.358290892
0.308094753
0.274978939
0.011388772
-2.83617155
-0.079588067
-0.080449755
-0.264157875
-0.311078507
-0.32019487
-0.348470815
-0.491211148
-0.559538167
-2.798460436
-2.843563518
-0.616540627
-0.649186088
-0.682176274
-0.68319043
-0.750219532
-0.945206402
-0.965741432
-0.971591665
-2.849007066
-1.07877727
-1.171129462
-1.22600751
-2.851065006
-1.318526383
-1.34971687
-1.397763782
-1.412494122
-1.43526179
-1.438588119
-1.562572346
-1.567109381
-1.628709352
-1.694966702
-1.700719285
-1.709293729
-1.715313228
-1.766517277
-2.855781299
-1.829399484
-1.850676221
-1.913853776
-1.924449303
-2.032960669
-2.05480132
-2.193506907
-2.248102856
-2.294974715
-2.860932579
-2.350395825
-2.86145026
-2.45978588
-2.639418856
-2.862523275
-2.681197378
-2.750029575
-2.764795666
-2.823302849
-2.885050717
-2.957549886
-3.685767348
-3.994123255
-4.744566058
2.704123382
2.613946916
2.494078205
2.350735761
2.335626558
2.326448257
2.244631582
2.239472449
-2.870972276
2.192209056
2.13842881
2.130690607
2.086616212
2.067720596
2.065580346
1.92161777
1.856264827
1.820638745
1.791383133
1.722899189
1.713531026
-2.876449492
1.698376668
1.656709278
1.638482763
1.532051959
1.505307867
1.402499197
1.378982534
1.258495063
1.171530891
1.143145526
1.125472371
1.071796445
-2.878099906
-0.69676863
-2.879327841
-2.879919985
0.577937447
0.539581845
0.435246195
0.346413652
0.343186148
0.341124364
0.245124348
-2.882242664
0.144749094
0.060069465
-0.046745891
-0.10865061
-0.227080273
-2.885650318
-0.379791339
-0.473176538
-0.626947713
-0.649945551
-0.675735112
-0.790489487
-0.922662001
-0.971646947
-1.152665515
-1.212952516
-1.3514106
-1.361427098
-1.404047801
-1.617033361
-1.631419756
-1.27336934
-1.298044065
0.491746418
0.212201974
-0.00909974
-0.225573791
-0.27533696
-2.907503167
-0.279775633
-0.313609274
-0.380979464
-2.908665182
-0.432819301
-0.460697287
-0.474859073
-0.495350969
-0.544993068
-0.63449503
-2.909280628
-2.909559103
-0.664899931
-0.751806949
-0.7964674
-2.909900647
-0.814390239
-0.846803822
-0.850081316
-0.931154944
-0.934236034
-1.003109484
-2.911693588
-1.03643991
-2.913101507
-1.161694534
-1.262417811
-1.27132049
-1.346148748
-1.356857506
-1.495034709
-1.585399805
-1.598568413
-1.766000293
-1.794115717
-1.817906655
-1.837171243
-1.852268588
-1.925288607
-1.9670927
-2.010795984
-2.087004103
-2.088587927
-2.120316053
-2.163316848
-2.283829922
-2.589326787
-2.288517872
-2.292939652
-2.297794903
-2.925179058
-2.359590358
-2.385026395
-2.848792252
-2.675019314
-2.765556807
-3.174909757
-2.931319142
-2.931355135
-3.251506172
-2.932419158
-3.275640254
-3.567015624
-3.808192851
-3.856420013
-2.935735874
-4.252318079
-4.643974321
3.365113568
-2.937242323
3.224237329
3.218263114
3.104560671
3.088614034
3.056809472
2.973840618
2.878860349
2.864083291
2.611727912
-4.709177728
-0.483578403
-1.296674156
-1.430979338
-1.789467907
2.573504249
-1.973623488
-3.756714775
-0.331600416
2.566882312
-2.94534279
2.537508039
-0.537557846
-2.166105082
-2.676918568
-3.421651804
2.401708312
-4.668020403
0.295220228
-0.018524456
-0.260968335
2.353491122
2.35190181
2.336905883
2.33304893
-0.55180222
-2.948111085
-0.715809672
-2.948689093
-1.511880135
2.327125961
2.319249835
-0.738434706
2.309935184
2.292140331
-0.928138003
2.278385159
2.26376569
2.261005755
2.226889086
-1.35553943
2.222296182
2.204249973
-2.950620452
-1.70899651
-1.931576103
2.203336693
2.069916144
-2.752129702
2.059099932
2.013048878
-2.953536082
2.006623964
1.954557743
1.730521592
1.487805256
-2.957293546
1.291663369
1.188864065
1.09384977
0.803203266
0.408458098
0.390732779
-0.175331661
-2.965955914
-0.068445531
-0.0897866
-0.250199752
-0.472432165
-0.585673893
-2.967812017
-2.968045082
-0.727159146
-0.73918439
-2.969186791
-0.820976522
-1.205695347
-2.9709944
-2.971013744
-0.50077375
-1.459926118
-1.664890632
-2.420369223
-2.980031661
-2.980297213
-2.762070113
-2.981296429
-3.657013248
1.690485205
1.663714842
1.641504007
1.42437423
1.208200234
1.205094862
-2.986812542
1.086443794
1.030450795
1.012477202
0.997744718
-2.988779089
0.995412241
0.973043266
0.96078805
0.949900787
0.949277855
0.886266272
0.838548309
0.803403551
0.779462815
0.778263502
0.596640809
0.560347525
0.548034323
0.540878385
0.511138955
0.359409053
0.291410911
0.290722454
0.27853419
0.272347529
0.190338046
0.17819973
0.078211258
0.064410691
0.020999086
-0.101520973
-0.15531888
-0.273482359
-2.998420218
-0.58335026
-0.601915052
-0.68214887
-0.688200471
-0.723284752
-0.780974647
-0.87993073
-1.02157738
-1.042351749
-3.005833785
-1.210768977
-1.324216505
-1.425065043
-1.506924227
-1.426352328
-1.507687333
-1.46492937
-1.505467546
-1.531619045
-1.592576781
-1.614868561
-1.671028866
-1.77924439
-3.013141923
-2.036995663
-3.016577943
-2.232205492
-3.017614771
0.637004914
0.209919042
-0.024920989
-0.043068999
-0.211996912
-0.233896238
-3.028264528
-3.02953548
-0.377224285
-0.379122987
-3.030876085
-2.66048609
-0.489278311
-0.530407652
-3.033705886
-0.615784581
-0.64373266
-0.670236453
-0.68359948
-0.702240666
-3.039162701
-0.770648937
-3.039807657
-0.827404209
-0.857108163
-0.859914392
-0.896189705
-0.383970331
-1.386797493
-1.895416811
-2.329545258
-0.929406537
-0.944208428
-2.341481332
-2.928000054
-0.959305985
-0.980100594
-1.00057357
-1.032149487
-1.037967726
-1.084163432
-0.094621232
-1.115739276
-1.182349513
-1.212591255
-1.21732669
-1.226565337
-1.251114541
-1.295433288
-1.296115568
-3.052870359
-1.308989759
-1.311888369
-1.325148198
-1.33335794
-1.456296714
-1.520583946
-1.538212792
-1.552772432
-1.56812521
-1.65771015
-1.753161652
-1.837747265
-1.949560828
-3.061751751
-3.062140644
-2.305740379
-3.065301693
-2.611010084
-2.674071437
-2.746300656
-2.920004865
-2.967321691
-3.232222501
-3.266807298
-3.894566675
-4.12523041
-4.706500186
0.826845582
-1.096246108
0.564518847
0.396457055
0.213565631
0.167578945
0.008438157
-3.075342867
-0.160574344
-3.076312107
-3.076471238
-0.448023114
-0.520395405
-0.538785554
-0.655529713
-0.780612342
-0.802475097
-0.892377923
-0.944559867
-0.947438165
-0.952821094
-0.955938363
-1.027194575
-1.164397276
-1.272437203
-1.334151992
-1.360603753
-1.381033016
-1.530256385
-1.538352212
-1.86052985
-1.551471688
-1.583531549
-1.610613552
-1.649963413
-1.660117745
-3.088978688
-3.089137684
-1.736064733
-1.764698941
-1.800283841
-1.838829625
-1.843169053
-2.021229285
-2.095410634
-2.108336392
-2.264072938
-2.309543655
-3.093419662
-2.350699955
-2.355539966
-2.486036898
-2.5099735
-2.548361426
-2.625921647
-2.293223528
-2.776086348
-2.807060937
-3.167001119
-3.273049386
-2.495016067
-3.375107599
-3.457847817
-3.609059556
-3.106156437
-3.81593204
-3.921715104
-4.129382024
1.673690723
1.166045911
1.156286045
-3.110839819
-2.868673676
0.893117522
0.182982821
0.054729213
-3.114985952
-0.037947614
-0.123695723
-0.263178305
-0.294409761
-3.117433167
-0.423642104
-0.45024774
-0.470945862
-3.119379371
-3.119526958
-0.476095339
-0.494966802
-0.513673809
-0.52744446
-0.563248037
-0.660479613
-0.83984996
-0.874723032
-3.12960054
-0.888878512
-0.891730077
-0.988852352
-1.185018128
-1.210234246
-0.757397191
-1.109518399
-1.839203691
-1.233350913
-1.264971269
-1.272541762
-2.068758971
-2.629740245
-3.959100801
-1.764289262
-1.274889604
-1.426784215
-1.905254663
-2.448570589
-2.587120879
-3.069180392
-3.928562109
-1.459670506
-1.067974634
-1.514120853
-1.562658808
-1.563140189
-1.282124696
-2.631325372
-3.023313708
-3.595768321
-2.023082946
-2.169700648
-1.577402347
-2.898000366
-2.943563507
-1.596766297
-2.975332742
-1.656518869
-3.674886498
-0.778862932
-0.981409646
-1.694296122
-1.990684795
-0.934318946
-1.050012518
-1.240348968
-1.739531221
-0.681098642
-1.759929625
-0.759890032
-1.188226476
-3.245417586
-1.767234467
-1.800365747
-3.149303733
-1.812471991
-1.893742597
-1.976000415
-3.153036682
-3.153183958
-2.037371422
-2.148647011
-2.169988706
-2.209293179
-2.35519927
-2.506665913
-2.682036526
-2.740774631
-2.764946797
-2.789059506
-3.300889939
-3.361086794
-3.788395014
-4.087024416
-1.487733683
3.263571325
3.139429639
3.127317722
3.06810983
2.934039198
2.872191065
2.861246334
2.814759913
2.811500582
2.79954996
2.783708683
-3.173398567
2.764398501
2.757848519
2.725693598
2.606198945
2.535958634
2.488706895
-2.090691297
2.470415697
2.467589212
2.456524464
2.439354601
2.430907761
2.416974541
2.412086136
-3.178052023
2.386068027
2.366672888
2.353479688
2.333242593
2.154499079
1.854779435
1.741865387
1.726277913
1.660746839
1.399046173
0.893313093
0.877169535
0.824915507
-3.181963381
-3.18216002
0.486902185
0.37019522
-0.225195732
-0.24041342
-0.606204073
-0.646106047
-3.191062983
-3.19278015
-1.074623138
-1.110948369
-1.149030239
-1.17502422
-1.179379222
-1.253157489
-1.335279254
-1.452518678
-1.551164683
-2.973751383
-1.573481678
-1.783403497
-1.814711331
-3.206876309
-2.217407121
-2.507300627
-2.581177472
-2.684212056
-2.94748311
-3.210525929
-3.212800818
2.801382991
2.030845134
1.980914416
1.96495957
1.821765736
1.614174808
1.214018188
-3.221280516
0.73779856
0.612488666
0.544084335
-3.224594477
0.109780624
-3.226771147
0.032131783
-0.45766502
-0.459554911
-0.565218255
-3.229610963
-0.595994247
-0.621247561
-0.648351493
-0.68848589
-0.327114336
-0.661139602
-0.795350648
-0.882602457
-1.865322386
-0.933195467
-2.207710329
-1.069749135
-1.112608858
-1.118146935
-1.198857761
-1.224766501
-1.279670869
-1.310310526
-1.310902927
-1.332031622
-1.381306966
-1.393139115
-1.614842631
-3.244228554
-1.684674757
-1.798040139
-1.877593277
-1.921668143
-3.249340291
-2.10244265
-2.246293985
-2.322421618
-2.336125964
0.096937809
-2.466589038
-2.499201667
-0.021205663
-2.515186769
-2.555420826
-2.697051461
-2.749592871
-2.923474857
-3.044476335
-3.092608186
-3.255745762
-3.256120216
-3.185120199
-3.561407598
-3.601754262
-3.711251721
-3.745982225
-3.763361556
-4.016084666
-4.114569832
-3.259705635
-4.216923686
1.136901178
0.420951573
0.249265937
0.238931164
0.091285858
0.032835413
-0.003744669
-3.263531892
-0.109302043
-0.151792918
-0.200814166
-0.288268494
-0.298902264
-0.31419288
-0.328442028
-0.415865279
-0.507158708
-0.519581362
-0.539820281
-0.543674131
-0.662254014
-0.665150084
-0.674908159
-0.73955121
-3.273569237
-0.774196027
-0.831843824
-0.947049507
-1.066626567
-1.167795301
-1.204138214
-3.282916444
-1.247559583
-1.304547153
-1.442172545
-1.483795089
-1.544570005
-1.620435471
-1.626923281
-1.673961007
-1.741500944
-1.813933228
-1.943606373
-1.961951479
-2.115271814
-2.153562945
-3.293724453
-2.180733937
-2.183694517
-2.216489447
-2.462138694
-2.52802861
-2.664029367
-2.772065286
-2.776415227
-2.810928294
-2.868435577
-2.892521394
-3.017835112
-3.365112371
-3.37619107
-3.532844959
-3.614777745
-4.495862536
2.654352046
2.633310214
2.50858809
2.39609772
2.162693291
1.489078088
1.246711888
0.950105003
0.816002773
0.660371971
0.534385121
-3.31278879
0.005828115
-0.024715449
-0.03557686
-0.065028088
-0.074057588
-0.081818421
-0.122609872
-0.189233296
-0.197469201
-0.203347081
-0.235281916
-0.239201685
-3.317443542
-0.316846837
-0.351423231
-0.523615282
-0.527544739
-0.558664303
-0.570378312
-0.588505226
-0.657085194
-0.664862837
-0.809136677
-1.017256765
-1.032973834
-1.053224033
-3.32750318
-1.098501538
-1.114182532
-1.125670487
-1.144862774
-1.153071079
-1.160986832
-1.206749525
-1.281473356
-1.304172505
-1.310934113
-3.333383213
-1.416997565
-3.33533039
-3.33695523
-1.927857831
-2.049859072
-2.110604618
-2.131835632
-1.600182865
-2.202255313
-2.256846802
-2.441059059
-2.504898981
-3.342226381
-3.063708097
-3.250274441
-3.906472725
-4.247186734
-4.436143905
3.902121216
3.767491397
3.585793061
3.579205953
3.544673541
3.510822836
3.505779482
3.494215745
-3.354225559
3.435637449
3.422150876
3.392164274
-3.357446063
3.381567422
3.365961186
3.27989524
-3.35984879
3.259071434
3.25738666
3.238030675
3.23395849
-3.361096925
-3.362172617
3.211418028
3.201102019
3.191053314
3.174744806
3.162510933
3.154131741
-3.365215605
3.122139946
-3.368153606
3.069868155
3.064003654
3.016058087
2.953811461
2.923549971
2.922317264
2.859283089
2.833501701
2.829971064
2.763143753
2.700534344
2.663990523
2.619310125
2.471937849
2.462397602
2.373113215
2.339014517
2.318918946
-3.377024858
1.794484559
1.718339908
1.592351805
1.482073866
0.97538035
0.386443198
0.081521166
-0.033413315
-0.101401783
-0.111537462
-3.385014811
-3.385877105
-0.8394021
-0.979371983
-1.208772798
-2.378991952
-1.409386796
-3.392559291
-1.832517559
-2.795845064
-2.422162405
-3.162882996
0.686000655
0.506746351
0.048370245
-0.12841506
-0.144561742
-0.171652189
-0.186929671
-0.230479037
-0.411968067
-0.456593723
-3.406498039
-0.562572857
-0.563548921
-0.640506682
-0.684010057
-0.68940301
-0.805912058
-0.832603599
-0.83486294
-3.413167663
-0.836527608
-0.854357022
-0.856633696
-0.857783004
-0.897718124
-0.916227578
-0.951183939
-1.079974771
-3.419042059
-1.100143799
-1.119415582
-1.168907447
-1.237619307
-1.239121564
-1.381778918
-1.581556436
-1.61220199
-1.624336656
-1.644781868
-1.666342449
-1.687834873
-1.697590535
-3.431048604
-3.431702948
-1.908385837
-1.920000234
-1.94293659
-2.157073719
-2.17849077
-2.208478992
-3.440241651
-2.244914744
-2.343286725
-2.576467217
-3.441531976
-2.768880689
-2.904355877
-3.236442589
-3.323448199
-3.445994246
-3.627590623
-3.629078356
-3.447849808
-3.67462339
-3.448539024
-3.938948772
-4.032799509
-3.45073266
-4.700548942
-4.704327777
-4.970135323
2.683383911
2.49495639
-4.073943437
2.117096836
-3.457320324
1.797702445
0.568759363
0.141420999
0.036701337
-0.070456952
-0.117868782
-0.265831189
-0.304625656
-0.311577718
-3.468178404
-0.362595979
-0.421422134
-0.44414615
-0.458972753
-0.594303073
-0.655035341
-0.72665856
-0.729822424
-0.758765084
-0.920415936
-3.475974285
-0.940971745
-1.002667966
-1.004204357
-3.478609389
-1.029733551
-1.070859555
-1.209636053
-1.226597682
-1.258118192
-1.263511392
-1.265527342
-1.274152124
-1.324890178
-1.374819815
-1.40213385
-1.420710001
-1.451838973
-1.453021027
-1.457447941
-1.507472452
-1.508333418
-1.512562615
-1.5325139
-1.549290124
-1.674862327
-1.847816284
-1.852817323
-3.500631688
-3.502943021
-2.208018261
-2.240308292
-2.245703483
-2.280033927
-3.505098832
-2.327361367
-2.343708472
-2.558735587
-2.656870892
-2.957241778
-3.124061575
-3.564955538
-4.867072647
2.963619155
-3.511472244
2.921228483
2.705690341
2.702713732
2.660673821
2.602303581
2.587003065
-3.514302099
-3.514623811
2.536910941
2.536171162
2.511907787
2.506685741
2.4255719
2.339025799
2.299703402
2.241263736
2.193561432
2.175435666
2.130034612
2.098665752
2.078978673
2.072592456
2.049720832
1.990217385
-0.930614745
1.931833659
1.81621565
1.743391129
0.937678826
0.811463666
0.389770613
0.234788332
-0.132501665
-0.251655101
-0.349120095
-0.399153585
-0.602660026
-0.680231227
-0.696460364
-0.764525835
-0.779174708
-0.825468768
-0.826357243
-1.290159908
-0.908129192
-0.991605989
-0.99885641
-1.008558001
-3.54074027
-1.038610644
-1.054664597
-1.150687261
-1.152834715
-1.195657426
-1.290967821
-1.319031111
-1.39354299
-1.507506055
-1.725973001
-3.557543375
-1.967483628
-2.148344842
-3.561281596
-2.364415975
-2.775739273
-2.789847399
-3.566348556
3.428135942
3.18266703
3.076503952
3.030362327
2.986172203
2.97590463
2.915842575
2.907874675
2.820104781
2.746481073
2.73510947
2.731464542
2.679593742
2.626920391
2.591840425
2.514977296
2.509062214
2.499354425
2.37457987
2.348569062
2.318056927
2.159750825
2.113347044
2.065546855
2.031080878
1.980436822
1.808313276
-2.324641144
1.771016271
1.657631183
1.480362858
1.247114318
0.962191158
0.320679598
0.262695694
-0.015519988
-0.025855094
-0.034635079
-0.090804915
-0.273636601
-0.415780416
-0.44928758
-2.79732212
-3.589163684
-0.532707758
-0.532823887
-0.548156122
-0.760657189
-0.978510206
-3.597144256
-3.552955573
-3.599977258
-1.697110909
-4.021615634
-1.74664613
-3.602933492
-1.795557165
-1.979743612
-2.380409243
-2.427954797
-2.697746172
-2.754271734
-3.227700127
-3.625232888
-4.019556367
-4.690268794
-4.842471961
3.532700469
3.531675297
3.531660017
3.475479039
3.474332896
3.457830527
-3.623635761
3.419253598
3.381546308
-3.624456797
3.326161698
3.295545893
3.294223552
3.254637909
3.251374675
3.23653542
3.232429626
3.223944414
3.218165084
-3.628845764
3.186956228
-3.632808991
3.135233817
3.122763341
3.100210554
3.091631864
3.082368421
3.051226619
-3.634874802
3.037490277
3.020414006
2.982918
2.95941265
2.903517587
2.897441314
2.891924463
2.891530666
2.82148978
2.794880695
2.793277786
2.740887127
2.740863044
2.724802044
2.713386406
2.682689048
2.66182285
2.657385718
2.622273179
-3.644167816
2.621886142
2.569482602
2.43763929
2.434589137
2.430775933
2.419832242
2.402181249
2.103437589
2.073410055
1.915881549
1.900395472
1.813690461
1.619082389
0.695424341
-3.655764106
-3.657385492
-1.518746006
-3.66387529
-2.38799203
-3.669101128
3.242379471
2.956668576
-3.676758038
2.879046042
2.841109604
2.833055328
2.832742256
2.789760343
2.726146261
2.724810599
2.689886263
2.609374975
2.564569518
2.496876456
2.417598744
2.378368894
2.348828943
2.334864953
-3.680587994
2.234550771
1.904698902
1.889848044
1.869004821
1.863820915
1.841573457
1.760123485
1.572401227
1.548169373
1.488313144
1.391382527
0.980476635
0.976410299
0.976005441
0.886006848
0.817043456
0.719130531
0.581195352
-3.692288654
0.567443003
0.541886096
0.52743108
0.50884258
0.429552268
-3.695903004
0.27695528
-0.273744503
-0.31747871
-3.699611348
-0.559673049
-0.666050857
-0.795241388
-0.881755547
-1.127971464
-1.228745369
-1.245559861
-1.323786176
-1.351565947
-3.715506452
-1.55075429
-1.606581937
-3.719771885
-3.722066477
-2.069410985
-3.725445836
-2.280239433
-1.268150049
-2.785653523
-1.284216374
-2.914616545
-3.436332424
-3.488681127
2.591480122
2.526510207
1.965964943
1.920429238
1.739927742
1.517710046
1.4984096
1.361551415
1.278171917
1.240520866
1.217677681
1.150327602
1.12458849
1.033374551
0.925663305
0.854972479
0.169424616
0.161745384
0.100700621
-0.191940682
-0.236672976
-0.25343368
-3.750540301
-3.751614725
-3.7545301
-0.387575588
-0.706349383
-0.757371854
-1.624893141
-3.758729723
-0.920421814
-3.762812552
-1.104544508
-1.299604482
-1.30528035
-1.627011823
-1.779531139
-3.771451583
-1.950723302
-2.208082827
-3.776219508
-2.521130769
-3.777526067
-2.993719916
-3.872186609
-3.891105698
2.015374533
1.996947881
-3.784250495
1.968076601
1.892618083
1.880400442
1.710100447
1.683543768
1.668272741
1.661596669
1.607802895
1.585202706
1.576604948
1.526232586
1.497645431
1.455755871
1.345951741
-3.794331433
1.303377161
-2.131372974
1.295448672
1.207237052
1.175199168
1.152050484
1.147817046
-3.798235762
1.131547791
-3.798601418
1.001333952
0.900304076
0.878714948
0.853622147
0.818939296
0.738671154
0.614785327
0.606256894
0.489661505
0.274923442
0.199128676
0.139824367
-3.806610688
0.070738689
0.005998564
-0.101600518
-3.811463026
-0.1796463
-3.814433097
-0.538831343
-0.669835206
-0.697790751
-1.002277844
-1.099051867
-1.176557045
-1.295631268
-1.318723251
-1.37452361
-3.822548894
-1.69573313
-1.701763696
-1.773455927
-1.792630942
-1.806462044
-1.854790709
-2.038443409
-2.060218018
-3.829730924
-2.584945231
-3.834761267
-3.835486711
-2.797886656
-2.938727547
-4.62422841
-4.772088093
3.470024201
3.293380797
-3.84947214
3.234213859
-3.852937499
-3.853004018
3.125081486
3.044813323
3.022216097
2.998250454
2.977888967
2.974793449
2.963220623
2.948820799
2.938161992
2.934897483
2.876380079
2.874259522
2.853777304
2.845796116
2.845500624
2.844155342
2.834090576
2.820865508
2.813396713
2.805860293
2.782012054
2.737683614
2.725176042
2.707195807
2.697105034
-3.86617049
2.672156498
2.648212591
-3.871125925
2.611938471
2.577071622
-3.14836346
2.569985023
-3.877880128
2.542565402
2.54110137
2.539816818
2.535545862
2.477262868
-3.882152578
2.460995666
2.453131369
2.430029519
2.373361736
2.352822094
2.338713156
2.33552696
2.288414935
2.243745148
2.161294238
2.138161964
2.088717099
2.084062874
2.052001667
1.987380356
1.912548908
1.883488101
0.162979301
-3.900523213
-0.135178772
-3.912540265
-1.781068356
-3.921370656
0.574710997
0.232028263
0.213823326
0.03170522
-0.029773001
-0.050782269
-0.205886316
-0.231930732
-0.236692325
-0.288609968
-0.299767819
-0.359387305
-0.426639559
-0.448238458
-0.449514692
-0.597944348
-0.669948152
-0.791318837
-0.794674171
-0.809801864
-0.847756575
-0.879660211
-0.880097864
-0.883395476
-0.915753662
-3.942738881
-0.96470989
-1.048879893
-0.534484094
-0.994477135
-1.212730721
-1.251712396
-1.256429045
-1.263819797
-1.31183324
-1.315564511
-3.95309002
-1.346121537
-1.400816806
-1.35123324
-1.530939762
-1.388106277
-1.408516942
-1.95573324
-1.45134196
-1.566480512
-3.96209591
-1.627712297
-1.72330459
-1.817240436
-1.870729053
-3.964338715
-1.888403752
-1.899674147
-1.916368906
-1.971753435
-2.013297365
-2.119250709
-2.133574003
-3.972499197
-3.973573552
-3.974721553
-2.350254022
-2.50530339
-2.535171565
-3.981708668
-2.559917704
-2.571216691
-2.583427245
-2.62347291
-3.987057137
-2.802466314
-3.990545141
-3.123340253
-3.123553216
-4.004362275
0.308092014
0.047541887
-0.0097559
-0.083290194
-0.261741878
-0.331614756
-0.35025183
-0.386373105
-0.43659705
-0.454428854
-0.480115297
-0.482087635
-0.497322398
-0.669824044
-0.526797886
-0.547860689
-0.559548675
-0.614349295
-0.626082448
-4.021127262
-0.6265069
-0.770678676
-0.777056482
-0.822690425
-0.84322898
-0.905141755
-0.924309405
-0.716636001
-0.719092728
-0.980865832
-1.041836559
-1.043697295
-1.069841345
-4.034427762
-1.083403694
-1.112753111
-1.140464218
-1.154012658
-1.242784752
-1.261824592
-1.307630052
-1.381366561
-1.470015552
-1.481018233
-1.490558616
-1.526047096
-1.649678363
-1.677281154
-1.697088122
-1.94007656
-1.957134889
-2.038137889
-2.146897717
-2.170647166
-4.054791329
-2.385436671
-2.537469522
-2.637986512
-1.083372447
-2.654698413
-2.681266061
-2.821071378
-4.066226973
-3.098018177
-4.067915778
-3.5281092
-4.072341864
-4.130904956
-4.151586924
-4.88736207
0.677665811
0.631400374
0.505394712
-4.080461843
0.219582114
-0.202329943
-0.217153879
-0.226036991
-0.421863221
-0.476873827
-0.495980667
-4.096968574
-0.502389479
-0.534736634
-0.556361729
-0.718162679
-4.102471227
-0.72034247
-0.751781575
-0.772545522
-4.108197572
-0.855617547
-4.110920711
-0.947996799
-4.113726245
-1.012855365
-1.080177885
-1.105670172
-1.171794207
-1.179663133
-4.121637965
-1.292714919
-1.335678173
-1.431816802
-1.458122547
-1.458343147
-1.483811584
-1.527417977
-4.137835899
-1.614072177
-1.705998814
-1.71479675
-1.745448115
-4.143655528
-1.748004515
-1.749306093
-1.916098779
-1.991247536
-2.085995824
-2.186717548
-2.282452739
-2.288690463
-2.445909183
-2.503557498
-2.514507154
-2.600441486
-4.160530744
-2.763287752
-2.826795436
-2.916717192
-2.954123907
-3.074982539
-3.143615807
-3.285769176
-3.286031426
-3.471016599
-3.616110974
-3.879776667
-4.175643781
-4.176792079
-4.078201195
1.019439174
0.62470569
0.56690335
0.411836392
-4.18337457
0.376612052
0.289248533
0.265127823
0.256977657
0.212746534
0.126653527
0.079205327
0.033228945
0.033225873
-0.008778566
-0.049729577
-0.059031467
-0.168927943
-4.203374913
-1.883897277
-0.24588078
-0.284165727
-0.301368136
-0.313035266
-4.208633204
-0.361189819
-0.388005877
-0.398205507
-0.428834961
-0.430612924
-0.435252425
-0.438415744
-0.458252524
-0.46414506
-0.482091007
-0.542840599
-0.646774583
-0.738100181
-0.752970647
-0.79569308
-0.888286005
-0.90406708
-0.937149673
-0.948558092
-0.96027459
-1.02260996
-4.242088799
-1.059663911
-1.119488044
-1.12110521
-1.365937739
-4.25951387
-1.397447282
-1.461161118
-4.268131503
-4.272317544
-1.702998782
-1.720337878
-1.82759279
-1.862145222
-2.120740569
-2.154469905
-4.285290844
-2.186617011
-2.218408256
-2.761215048
-3.206214765
-3.832818014
-4.301254839
0.476758806
-0.025865265
-0.045454344
-0.046793804
-0.091336745
-0.212248556
-0.213400516
-0.259329577
-0.306685099
-0.361613557
-0.375873063
-4.312765759
-0.404371918
-0.520901301
-0.586155948
-0.615352177
-0.657713727
-0.669845591
-0.677067669
-0.690162865
-0.776750678
-0.807652915
-0.818704678
-0.826771877
-0.877425189
-4.32598932
-0.943523533
-1.040438175
-4.33181509
-1.113039429
-1.13519224
-1.147035165
-1.171556661
-4.335796783
-1.198999048
-1.214462351
-1.243673743
-1.390743281
-1.400026732
-1.443750674
-4.346106609
-1.491526592
-1.497705451
-1.577863192
-1.592103418
-4.349154509
-1.600304357
-1.652721071
-1.86019007
-1.861987334
-1.893375296
-1.921762733
-1.988489368
-2.477194412
-2.485275496
-2.561521072
-2.610571263
-2.734760251
-2.760947754
-2.866619473
-2.895663295
-3.453228203
-3.805710576
-4.043794799
-4.375613786
-4.565680725
-5.247575956
0.508400478
0.325949247
0.045464047
0.019603181
-4.388516113
-0.031092791
-0.199269983
-0.253657615
-4.395449581
-0.552514135
-0.600437733
-0.643261235
-4.413540502
-0.717714504
-0.72566615
-0.78284933
-0.835315798
-0.887552825
-0.895062924
-0.900159773
-4.422854963
-0.935003971
-4.428011073
-0.975716678
-1.002064877
-1.007022226
-1.014472243
-1.024844129
-1.126112314
-4.438135262
-1.163735285
-1.164578561
-1.339746087
-1.341409675
-1.353843479
-4.446493192
-1.360879118
-1.389211889
-1.394132024
0.516916099
-0.429739496
-3.50937189
-1.472823942
-1.417145496
-3.0850135
-3.525666277
-0.182407886
-4.45890144
-0.586027306
-2.709396045
-0.248191074
-4.465209433
-1.514797986
-1.518261555
-1.637165099
-4.469596313
-2.12788767
-1.519740458
-4.470857471
-1.563865315
-1.601555838
-1.664555649
-1.686924556
-4.476319991
-1.728977518
-1.840043936
-1.840793506
-4.484848431
-1.882700602
-1.928384913
-1.944376096
-1.970769544
-2.010477105
-2.03443441
-2.107414998
-2.439218035
-2.448664682
-2.585679096
-2.592075964
-2.605239929
-2.666596507
-2.736967114
-2.85730505
-4.510979958
-3.695586569
-4.25644579
3.378999277
-4.525444102
3.364421308
3.345536125
3.326225244
3.307668744
3.290158375
3.270372436
3.257561519
3.23240463
3.219780705
3.155048002
3.142460631
3.135898687
3.114188553
2.971230134
2.944019215
2.934616393
2.927808788
2.922579249
2.906702945
2.897932479
-4.557886556
2.762645863
2.751229074
2.724178046
2.674392867
2.653362384
2.650454837
-4.574335212
2.623071925
2.598529637
2.567799006
-4.58482684
2.361398139
2.357997822
2.306668977
2.243698145
2.216581269
2.147021988
1.952334451
1.929656298
1.405401227
1.120999817
0.917684899
0.818161349
0.793131815
0.53199311
0.166469973
-0.071954
-0.131118721
-0.273706862
-0.39601677
-0.409399215
-0.747669041
-0.817852628
-0.966295565
-4.638839884
-1.002401461
-4.64856189
-1.430593746
-1.62090318
-1.913929412
-2.08940655
-2.412444496
-4.696838935
-2.744985393
-4.707321532
0.108535196
-0.108152099
-0.246090971
-0.369246326
-0.440890851
-0.521593089
-0.539815783
-0.561455698
-0.60640051
-0.637567957
-4.746136545
-0.778961326
-0.819881198
-0.889465456
-0.892054186
-0.912251075
-0.977534576
-0.977670298
-0.997675738
-1.064825184
-1.099822732
-1.110362065
-1.121336323
-1.169923255
-1.171441189
-1.185181217
-1.187077808
-1.198403777
-1.203649743
-1.218288388
-1.244369989
-1.249901265
-2.145402783
-1.328024581
-1.329884446
-4.884662502
-1.34182077
-1.348394275
-1.352080783
-1.405307631
-4.920786091
-1.443044089
-4.934347427
-4.935346189
-1.494693514
-1.56311018
-1.581958425
-1.583522518
-1.586259719
-1.610908721
-1.640118064
-1.640720498
-1.761026309
-5.027384738
-1.791704516
-1.795382447
-1.927362597
-5.049635711
-5.055484095
-1.974352719
-2.049089251
-2.097253544
-2.215246986
-2.29036506
-2.426711623
-2.536270101
-5.109892311
-2.882155812
-3.428780941
-5.173122341
-5.305212964
-5.030086842
-5.378301136
