crRNA spacer,bh_maximal consecutive paired bases,bh_maximal consecutive unpaired bases,bh_5' overhang,bh_3' overhang,bh_5' stem,bh_3' stem,dsDNA target,ah_maximal consecutive paired bases,ah_maximal consecutive unpaired bases,ah_5' overhang,ah_3' overhang,ah_5' stem,ah_3' stem,PAM-proximal region,central region,PAM-distal region,crRNA spacer,bh_maximal consecutive paired bases,bh_maximal consecutive unpaired bases,bh_5' overhang,bh_3' overhang,bh_5' stem,bh_3' stem,dsDNA target,ah_maximal consecutive paired bases,ah_maximal consecutive unpaired bases,ah_5' overhang,ah_3' overhang,ah_5' stem,ah_3' stem,PAM-proximal region,central region,PAM-distal region
0.5947789,0.5999433,0.8230441,0.8374083,0.9928678,0.9,0.9,0.36082134,0.3718014,0.9622642,1.0,1.0,0.3718014,0.3718014,0.33449054,0.33579287,0.60721374,-0.038297952789518794,-7.080764148710481e-05,-0.005440544863849165,0.0019374102711334374,-0.00891673860974269,-0.0012854654419497697,0.003097944972482203,-0.009107774689344083,-0.006259938444812358,0.0,0.0,0.0,-0.007656105874806324,-0.011949734347019202,-0.00010993468230336796,0.0003573516182134916,0.0018572180197194215
0.9231587,0.9310345,0.3095521,0.30381966,0.30381966,0.9,0.9,0.63082135,0.64293236,0.9622642,1.0,1.0,0.64293236,0.64293236,0.41449052,0.6046818,0.7072137,0.02673114846484782,0.006070774782995831,0.018204448468764456,0.011038693113851276,0.0008275133481774574,0.0017425634543770823,0.004388252062495756,0.001712528246111411,0.00361977034794044,0.0,0.0,0.0,0.006541010273855179,0.0073126272286991555,0.0016049475917995135,-0.0011101041665984629,-0.0020576688041350592
0.76400965,0.7273349,0.83393335,0.9444444,0.9762011,0.8227389,0.9,0.6131742,0.6279496,0.9622642,1.0,1.0,0.6279496,0.6279496,0.57449055,0.61912626,0.62721366,-0.0016973116424329083,0.001487898696558903,-0.008150913294611484,-0.002223204295876528,0.0012479195483592787,0.0011543072056444722,0.004260345450882045,0.008543991099016537,0.006654027597250423,0.0,0.0,0.0,0.007107893989003477,0.010117109690702114,-0.0009788579825199067,-0.002762249108737504,-0.00015878314977849743
0.9231587,0.9310345,0.22684462,0.2226438,0.2226438,0.9,0.9,0.53023314,0.54919976,0.9622642,1.0,1.0,0.54919976,0.54919976,0.5107405,0.6069041,0.4502136,0.025866301912561535,0.006316955018141878,0.018117643585761616,0.012113083130020037,0.0059982011999080405,0.0017650346725749033,0.004623450629359967,0.0023857290972202016,0.0034174650948169093,0.0,0.0,0.0,0.005861932298872146,0.0051722455131418855,0.001507969888696738,-6.315969136112343e-05,0.0006852265654373299
0.9231587,0.9310345,0.4172892,0.40956163,0.40956163,0.9,0.9,0.8108214,0.8197391,0.9622642,1.0,1.0,0.8197391,0.8197391,0.80949056,0.6980152,0.64621365,0.022720089076179156,0.008169996588127922,0.012204332800239987,0.005819498595427629,-0.0034341514465957702,0.0015865792981687714,0.004822257762704921,0.006033607939583327,0.0007576702916967884,0.0,0.0,0.0,0.004242732231316242,0.010907895649868765,-0.007090809294893094,-0.007498407877745049,-0.00015077528186469653
0.7066087,0.7409425,0.76248634,0.9762011,0.80934864,0.9,0.9,0.42905673,0.45132473,0.9622642,1.0,1.0,0.45132473,0.45132473,0.4257406,0.5057929,0.4612136,-0.014670497503249296,0.003085027119182383,-0.0030310813878104176,-0.009423242553476643,0.001874045512652705,0.00035961119408050413,0.0036224493396608453,-0.00034230724232322694,0.0015376421968342424,0.0,0.0,0.0,0.002833249564307664,-0.0016694920666771062,0.001653777704727728,0.0033728729275793222,0.0019840296900971756
0.85690004,0.8242123,0.7221636,0.9444444,0.7272933,0.79673856,0.9,0.5502328,0.56558865,0.9622642,1.0,1.0,0.56558865,0.56558865,0.5132405,0.53023744,0.64421374,0.017479235499973104,0.0025366886686128106,-0.001223875787026849,-0.004752355053494928,0.0005881451964023991,0.0004303067897768572,0.004113329266956493,0.003397490632718216,0.0036211968985462428,0.0,0.0,0.0,0.004921021601050573,0.004962250783592543,0.0010540920607439968,0.001282783820804233,-0.00135133861593771
0.9231587,0.9310345,0.1705373,0.1673792,0.1673792,0.9,0.9,0.41729197,0.43629265,0.9622642,1.0,1.0,0.43629265,0.43629265,0.4894905,0.3280152,0.5662137,0.022523068544679194,0.004993461006073455,0.019063764749754086,0.00932119442221957,0.010140102671050852,0.0003047407958054391,0.004299297508614498,0.0016196176377030144,0.0006860891899538911,0.0,0.0,0.0,-0.0017269926584168567,-0.0010838912207474178,0.0009418430678645881,0.0027533905074480936,0.00098216587571819
0.8021798,0.6602158,0.8503961,0.9762011,0.88530415,0.9,0.9,0.33905646,0.35725924,0.9622642,1.0,1.0,0.35725924,0.35725924,0.54324055,0.30357063,0.43021363,0.01435533710641836,0.0008255269639779893,-0.013151998415382499,-0.00605035131651495,-0.0031932046780604336,-0.0008577631168145928,0.003290723791312731,-0.006924808359941461,-0.004983520973923964,0.0,0.0,0.0,-0.006228823622399104,-0.008573219751917504,0.001175720218993229,0.00036174026560178285,9.232832297772832e-05
0.9030539,0.81457967,0.7727843,0.75847346,0.9444444,0.9,0.787427,0.40140948,0.42050555,0.9622642,1.0,1.0,0.42050555,0.42050555,0.44199055,0.4824596,0.4662136,0.03283434216850368,0.0026000310611712842,-0.003340056398579666,0.002933919695127645,-0.002737930140174169,0.00096416606030381,7.625277192168753e-05,0.0016657255278671418,-0.0006144414768922296,0.0,0.0,0.0,0.0015204532882755028,-0.001671566690257996,0.0013167232733661313,0.0032554933457470893,0.0024186740867470176
0.7906413,0.609331,0.7902884,0.7756534,0.9444444,0.9,0.7262355,0.5755272,0.5895506,0.9622642,1.0,1.0,0.5895506,0.5895506,0.5632405,0.4257929,0.6882137,0.0064437168227482085,-0.0009431462904786455,-0.005624320914856024,0.00268226664653616,0.0003154420924960454,0.0007115589833736897,-0.005829587104089548,0.004569767250618707,0.0044536408975690105,0.0,0.0,0.0,0.005271236652004439,0.0057497286441942005,0.00046727642251227997,0.00707323706113687,-0.0029629303224763324
0.9231587,0.9310345,0.31871566,0.31281352,0.31281352,0.9,0.9,0.6914095,0.7001039,0.9622642,1.0,1.0,0.7001039,0.7001039,0.6019905,0.5569041,0.7212137,0.020728341744489148,0.004981375940034957,0.016758351264906032,0.009521848472371749,-0.0006324648880080698,0.00102082680437583,0.0025768616144074886,0.003177926500208583,0.0033463563990579737,0.0,0.0,0.0,0.006339099968381215,0.008766568601526723,-0.00026120815472217086,0.00026701946792199755,-0.001374523800990074
0.79122406,0.71064264,0.76215065,0.9444444,0.76242715,0.6869545,0.9,0.39552712,0.41429204,0.9622642,1.0,1.0,0.41429204,0.41429204,0.35074055,0.41912618,0.57621366,0.008091533198883458,0.0015034479510474504,-0.003252938101033157,-0.005687550835080288,0.001411283817191761,-0.002833995468489626,0.00445714232230798,-0.0014585124976241863,-0.0010311692392712562,0.0,0.0,0.0,0.0008205076412899021,-0.003420830148405071,0.00013713703477761862,0.0045441120607226946,0.0008900725199189516
0.5527625,0.68266875,0.59966624,0.8129072,0.9444444,0.9,0.6599131,0.13552722,0.15946645,0.9622642,1.0,1.0,0.15946645,0.15946645,0.09199047,0.52579296,0.2952136,-0.05401744150653405,0.0005100994946263119,0.006810632668000058,0.0004006926764902241,-0.010459859132346065,-0.0015987886553365793,-0.003401720024743647,-0.027809699922890892,-0.018303260374144502,0.0,0.0,0.0,-0.03751140354092511,-0.043098868939892815,-0.005865301666272816,0.002688782632352476,-0.0015476825343836193
0.8219933,0.8198062,0.3726968,0.9444444,0.36579502,0.79247934,0.9,0.4561154,0.4730291,0.9622642,1.0,1.0,0.4730291,0.4730291,0.43699056,0.61023736,0.5292136,0.016946519040893865,0.003835247265137557,0.012732600695170092,-0.006032282939274466,0.0015524017478342192,0.0008279087154576412,0.004714747727024937,0.0011123799774254682,0.003130980535285135,0.0,0.0,0.0,0.0048295690772283606,0.002801172317877987,0.0017310703038156076,-0.0027760257342601337,0.0013174401567428273
0.90690005,0.9418765,0.4457335,0.9762011,0.45405328,0.9,0.9,0.6214096,0.62974644,0.9622642,1.0,1.0,0.62974644,0.62974644,0.7969905,0.32579294,0.7042137,0.02312597144364868,0.003481200495329564,0.010780625226454283,-0.005827742738776271,-0.0016767911153202542,0.0011395432885520668,0.004020174621784717,0.005739974519966015,0.003313438899033778,0.0,0.0,0.0,0.007181428154047431,0.007580225064200227,0.00015935293684212336,0.006310784997752215,-0.0005183208307559272
0.8219933,0.8062098,0.8078714,0.87267554,0.9444444,0.9,0.77933615,0.78317416,0.7898547,0.9622642,1.0,1.0,0.7898547,0.7898547,0.70449054,0.67245966,0.6552137,0.011720217572603093,0.0037296122004214817,-0.005426226125730306,-0.00041401256028316004,0.001999420958524159,0.0001455378393790544,-0.0014148061537823504,0.012090915364537366,0.006106924330238098,0.0,0.0,0.0,0.00825705049779434,0.016843110331097772,-0.004595342426412991,-0.007004923506016269,-0.001227986542904568
0.83737797,0.86883026,0.53669405,0.9444444,0.5267553,0.83986926,0.9,0.7402331,0.7493131,0.9622642,1.0,1.0,0.7493131,0.7493131,0.6919905,0.6669041,0.64821374,0.01610617320329467,0.006225139638099979,0.008347857854541497,-0.0016294016997606307,-0.00043739172269754637,0.0011356149905588564,0.004449018620777333,0.00913034800691088,0.0036464647812525144,0.0,0.0,0.0,0.005330066130635476,0.013518525283633606,-0.0015770575480219937,-0.004854997951351356,-0.00018381222432388927
0.9231587,0.9310345,0.26256713,0.25770476,0.25770476,0.9,0.9,0.5190568,0.53119195,0.9622642,1.0,1.0,0.53119195,0.53119195,0.44199055,0.41468185,0.6852137,0.02333830770142017,0.0030796734999666824,0.016857329849105467,0.010537085897099603,0.007779134900761423,0.0004344244731957844,0.0035564931316659876,0.0030517126141150473,0.0035550764136516844,0.0,0.0,0.0,0.004997349245621223,0.004678075513194422,0.0008935674959940106,0.0029048557958399183,-0.00027446624008270064
0.6598722,0.5989855,0.8434268,0.9444444,0.839055,0.5790193,0.9,0.30729204,0.32741868,0.9622642,1.0,1.0,0.32741868,0.32741868,0.42074054,0.42912632,0.41721362,-0.018512332146430464,-0.0001684784643231773,-0.008908896407512296,-0.005502283557984989,0.0004529976378560563,-0.0019245865353532767,0.0028313145801712202,-0.011011981145781263,-0.007061149999286219,0.0,0.0,0.0,-0.009000665061829881,-0.013529298739596615,0.0021474986404009496,0.004635712366287011,0.0008592262356694951
0.66698176,0.06693281,0.86941165,0.9444444,0.9444444,0.9034291,0.06470172,0.4884684,0.50476116,0.9622642,1.0,1.0,0.50476116,0.50476116,0.4132405,0.5591264,0.50121367,-0.02154483612571309,-0.03386309059279336,-0.01078212796709843,-0.006936260522430384,-0.003259677683289344,-0.002238157099954166,-0.07996398851835361,0.004057491466944895,0.0028103686069847473,0.0,0.0,0.0,0.004530678648132002,0.003641281945010344,0.0025131791337472055,-0.00026142521529206724,0.0010622558754778853
0.91045487,0.7104199,0.70547837,0.9166222,0.7379079,0.9,0.9,0.49788004,0.5155037,0.9622642,1.0,1.0,0.5155037,0.5155037,0.3019905,0.62801516,0.5442136,0.028265006365135004,0.0028958369330290635,0.0006457658825846815,-0.003725269886253814,0.002387936146767676,0.0005856951103019113,0.005878226248193584,0.0031051992482860175,0.003299656845199534,0.0,0.0,0.0,0.005618511741778814,0.005528905136000275,-4.1223518293089946e-05,-0.0026957761625347894,0.0017846575146007084
0.9231587,0.9310345,0.3800168,0.37297946,0.37297946,0.9,0.9,0.7608213,0.77050114,0.9622642,1.0,1.0,0.77050114,0.77050114,0.74449056,0.5680152,0.6992137,0.027793712841458665,0.00577245411823996,0.014745313480056674,0.007914900006162686,-0.0014000401110437787,0.0011832567047051366,0.00453587581776604,0.006657772959465312,0.00365102545645242,0.0,0.0,0.0,0.007890726874176066,0.012867625634840946,-0.004379321260319512,-0.00029960697349713523,-0.0008463855353769641
0.829103,0.6729679,0.8985436,0.8819039,0.87387097,0.9,0.9,0.28493893,0.30472103,0.9622642,1.0,1.0,0.30472103,0.30472103,0.49949056,0.40134844,0.31821355,0.01811218575264071,0.0002186848970239804,-0.016965349998954674,0.0002801115669934115,-0.002396272915581619,-7.943770761468815e-05,0.0035952934044596384,-0.011928384305671856,-0.008969398408221519,0.0,0.0,0.0,-0.011040730100540215,-0.01582931610529184,0.0015461086814391955,0.0033298491936763425,-0.003037338800176693
0.6291029,0.523663,0.86390066,0.9444444,0.9444444,0.957162,0.5162567,0.5567038,0.5752338,0.9622642,1.0,1.0,0.5752338,0.5752338,0.54574054,0.53023744,0.5622137,-0.033103693157940164,-0.003924572504706479,-0.0093472229249958,-0.0040856771594662954,-0.0007028310958444743,-0.004195678339497388,-0.03078151785521919,0.006384519625383654,0.0041158546651200376,0.0,0.0,0.0,0.005356392471202464,0.006283000547964785,-0.0009499203079949079,0.0014407804531104387,0.0013202745617463512
0.65276253,0.73751307,0.7304525,0.80753964,0.9444444,0.9,0.71292925,0.39552733,0.41217536,0.9622642,1.0,1.0,0.41217536,0.41217536,0.37574053,0.3946818,0.52121365,-0.026231918800238924,0.002333354135451599,-0.0012360553025775056,0.002547140528931101,-0.004662270387250155,-0.0005444737781071683,-0.005459253181876112,-0.0012588718751018369,-0.0018739249291781102,0.0,0.0,0.0,0.00028737712214899953,-0.0064990253975944845,0.0004993821353817699,0.004701569151363903,0.002878268092979158
0.9231587,0.9310345,0.3475106,0.3410752,0.3410752,0.9,0.9,0.66493887,0.6775336,0.9622642,1.0,1.0,0.6775336,0.6775336,0.6369905,0.5502374,0.6302137,0.023387663907769696,0.006237358036285193,0.0170549293473224,0.010617917653115021,0.0005979681199227495,0.001080332547479844,0.00467505496033403,0.004288719059377813,0.0033549674609822146,0.0,0.0,0.0,0.006140724076609562,0.008358085886405818,-0.0017555652865466193,0.0001492778209493132,-0.00014893229085934524
0.9231587,0.9310345,0.2029414,0.19918323,0.19918323,0.9,0.9,0.3755271,0.39041016,0.9622642,1.0,1.0,0.39041016,0.39041016,0.34574044,0.51357067,0.43821365,0.02295011139959995,0.00592199226047282,0.017334868445600095,0.012809589850728076,0.01076315864693681,0.0004632066646175913,0.005409059020274281,0.001858764850919751,0.00038550006794028696,0.0,0.0,0.0,-0.0028745231449807097,-0.0023418522411670886,0.0009510355768020193,0.002418859307855843,0.0006852602902261893
0.5175644,0.49233946,0.74662143,0.9444444,0.9015216,0.67270523,0.9,0.12258597,0.14135052,0.9622642,1.0,1.0,0.14135052,0.14135052,0.4082405,0.2646817,0.2612136,-0.07201872539204732,-0.007632890987853666,-0.004698178828946157,-0.00667373616212673,-0.009906235367243737,0.004252656102627833,0.002592787980150507,-0.037223583163045346,-0.026978585432867557,0.0,0.0,0.0,-0.044068047190193325,-0.042466779321050155,0.0006620987045712711,-0.0021497765631715814,-0.007240455080627417
0.8412241,0.7865682,0.8113946,0.88530415,0.8946535,0.9,0.9,0.57787997,0.5903727,0.9622642,1.0,1.0,0.5903727,0.5903727,0.35699046,0.6280153,0.64621365,0.015936257824214334,0.002030494088504641,-0.0057259561110353805,-0.002659372932490247,0.001286665815889962,0.000192614285543867,0.00548015636944853,0.004490409613965081,0.005314893499724971,0.0,0.0,0.0,0.006457147379142045,0.00872777293711852,0.0006542756552076086,-0.002366457281842067,-0.002433944212555299
0.7255481,0.8242123,0.9038755,0.9166222,0.8819039,0.9,0.9,0.3296447,0.35129726,0.9622642,1.0,1.0,0.35129726,0.35129726,0.40824062,0.27912617,0.5272136,-0.00932111154963135,0.003102872976678304,-0.019564069104824076,-0.0028359447334853076,-0.002937141921751199,-1.4548535775177149e-05,0.002217430163014672,-0.010037580495831961,-0.009892059191804003,0.0,0.0,0.0,-0.010958581273436296,-0.0129981101561122,0.0003535054317294882,-0.001448553778901589,0.001962200724670912
0.52467406,0.27637354,0.9449759,0.92747635,0.92144537,0.9,0.9,0.7631743,0.7761862,0.9622642,1.0,1.0,0.7761862,0.7761862,0.56074053,0.67245966,0.7732136,-0.05047906155617379,-0.021386493952058796,-0.018755550754641432,-0.0012404181573569847,0.0019370764239368772,-0.0005072689784299621,0.005999480752200346,0.019770150234265947,0.008045868078227745,0.0,0.0,0.0,0.01003848405293935,0.016398229755637383,-0.0014164516047375578,-0.008011051392617447,9.022364669697792e-05
0.9231587,0.9310345,0.45203868,0.4436676,0.4436676,0.9,0.9,0.842586,0.8471661,0.9622642,1.0,1.0,0.8471661,0.8471661,0.61949056,0.7891263,0.67921364,0.02069696036916727,0.0057384677958534904,0.010746869803124403,0.005587098999471665,-0.0030636842835210197,0.0011816597538196083,0.002484187501713951,0.007675258660315104,0.001065428861709597,0.0,0.0,0.0,0.004026376843651248,0.01291867381323627,-0.001167041219154208,-0.010816045506465432,-0.0009554930159155623
0.7169817,0.3525424,0.8205925,0.8053964,0.9762011,0.9,0.9,0.5037623,0.51990736,0.9622642,1.0,1.0,0.51990736,0.51990736,0.5032405,0.4635707,0.5512136,-0.007890909689397714,-0.022471858846459986,-0.005658970320067022,0.002136993808763383,-0.00211063215456447,-0.0003429607795792562,0.004705865237533109,0.0053493687127897085,0.005833354358288797,0.0,0.0,0.0,0.007858654779976654,0.006592369167152692,0.0015361763754347883,0.00514767120180506,0.0021771331997599125
0.8412241,0.7375587,0.6735683,0.9463495,0.94615734,0.9,0.9,0.41317412,0.4300464,0.9622642,1.0,1.0,0.4300464,0.4300464,0.38699055,0.43468177,0.58021367,0.018502821835725648,0.0019469102027462248,0.0028611261765007613,-0.00379433196058567,-0.004276779187767413,0.0005238259116937398,0.004288467928244465,-0.0006666048016245154,0.0017215197385752118,0.0,0.0,0.0,0.0034696464751158324,-0.002251673753474536,0.00026288757248730155,0.003615065851379233,0.0009654113649568935
0.8021799,0.6476935,0.89952314,0.9444444,0.87387097,0.7935475,0.9,0.37964496,0.4021833,0.9622642,1.0,1.0,0.4021833,0.4021833,0.4569906,0.45579296,0.3622136,0.01440221564498272,-0.000644928420889754,-0.01597878829745248,-0.005395145979145216,0.0016108179505594819,0.0004901226442623074,0.0027683818239718737,-0.0033503996064835184,-0.0006452311479578369,0.0,0.0,0.0,0.0003770460032777691,-0.0038803291482098334,0.002455067149148984,0.004517473328808666,-0.0020054727637594996
0.6758394,0.7409425,0.80208844,0.8464535,0.9928678,0.9,0.9,0.5002332,0.51525044,0.9622642,1.0,1.0,0.51525044,0.51525044,0.5494905,0.40134844,0.5622136,-0.01891870028081931,0.001217679225393029,-0.004158766792752024,0.0015847003822001748,-0.003839380758804728,0.0003649671794457051,0.00601432766876937,0.004366052772879065,0.0037354385510120574,0.0,0.0,0.0,0.0051877044001234765,0.003422569709013674,-0.00038467660897505265,0.004890502624738607,0.0007516207709508979
0.17496544,0.4888141,0.78633803,0.9444444,0.9444444,0.4725203,0.4725203,0.31140956,0.33317795,0.9622642,1.0,1.0,0.33317795,0.33317795,0.37824053,0.3813485,0.4622136,-0.15941785284648552,-0.003848184294693486,-0.00642681784889073,-0.008446506038969506,-0.00817994612717197,0.007785972123926049,-0.018096360827155086,-0.013440250271258307,-0.005879795179688976,0.0,0.0,0.0,-0.008125144836690967,-0.014104919854881368,0.0031258604498690733,0.005664088101586522,0.0009861105480848925
0.8912241,0.78266585,0.8624243,0.92365605,0.8460983,0.9,0.9,0.7278801,0.7407567,0.9622642,1.0,1.0,0.7407567,0.7407567,0.59324056,0.66579294,0.70721376,0.0238817885905303,0.002629588812081257,-0.011048711048199355,-0.0028636998275659007,0.0028195568496617884,0.0003741526320345293,0.0038611094403263628,0.010986511483582106,0.006399686779576452,0.0,0.0,0.0,0.005857315580731671,0.013857532037846051,1.3572058958196784e-05,-0.005047164064739191,-0.0032760559097136897
0.37939426,0.5306696,0.8659907,0.9444444,0.9444444,0.7431204,0.8128726,0.55788004,0.5756131,0.9622642,1.0,1.0,0.5756131,0.5756131,0.42699057,0.45690408,0.6852137,-0.09844875217479444,-0.004046859092534908,-0.011339937785935622,-0.006493720813783034,-0.0005366077658853604,0.002209544599866938,0.000715621527487927,0.009075609141560935,0.00551130319484614,0.0,0.0,0.0,0.008279725071023062,0.008398624324409014,0.003103053912133805,0.004472711584271463,0.0011068777955450945
0.9069001,0.9471367,0.38794512,0.9444444,0.38076094,0.9155655,0.9,0.6984684,0.7066287,0.9622642,1.0,1.0,0.7066287,0.7066287,0.71324056,0.51357067,0.6842137,0.02512768113633822,0.004849318727885422,0.011942472818881032,-0.004810268959688043,-0.000568316605872114,0.0009474865215391922,0.005471719149677197,0.007246245343241079,0.004385214521923398,0.0,0.0,0.0,0.007977429294616516,0.011620229132922301,0.0009649654531902899,0.0011191264483062207,1.785304633121296e-05
0.9231587,0.9310345,0.085259266,0.08368039,0.08368039,0.9,0.9,0.22670364,0.24411033,0.9622642,1.0,1.0,0.24411033,0.24411033,0.41949052,0.27245966,0.33421364,0.028137075461659677,0.010844395561597664,0.021245820842160493,0.009616333828303158,0.023485852776466067,0.0010997207159365214,0.002372766359730012,-0.005467424063772529,-0.00493441653996321,0.0,0.0,0.0,-0.01583914064143386,-0.013744657222991065,0.0011761718048468731,-0.0014624658253010766,-0.0009658648871425529
0.9231587,0.9310345,0.3607876,0.35410637,0.35410637,0.9,0.9,0.6478801,0.665272,0.9622642,1.0,1.0,0.665272,0.665272,0.5194905,0.78357077,0.5072137,0.02400965396088844,0.007990624880775232,0.01536398534458693,0.008689625771402218,-0.0021803742172810904,0.0015682822488878344,0.0043214911352076205,0.003384833061330549,0.0016238940598808829,0.0,0.0,0.0,0.003895501693149801,0.007419083995420833,8.893832566796712e-05,-0.012202097963597778,0.000740744496738855
0.5793943,0.6788478,0.73947334,0.9444444,0.9463495,0.6867396,0.9,0.4872919,0.5037925,0.9622642,1.0,1.0,0.5037925,0.5037925,0.35699046,0.6746819,0.47921363,-0.04752499602839829,-3.0211823814667497e-05,-0.00041530497522221057,-0.0056311871068683685,-0.0027961883707617956,9.421570448577811e-05,0.0040958919624805475,0.0027617707721941413,0.0038731072744126287,0.0,0.0,0.0,0.005908749219099409,0.003193562909566968,0.002964147306018748,-0.0067862532765456665,0.002140617693949065
0.6255482,0.59994286,0.85413224,0.8983711,0.9166222,0.9,0.9,0.24670365,0.26919332,0.9622642,1.0,1.0,0.26919332,0.26919332,0.4344905,0.32357067,0.4662136,-0.02917689084090463,-0.0010321116475214265,-0.01116166718993427,-0.0016000990391055409,-0.0058007303829665565,-0.0015808275318671412,0.0030003506737997254,-0.020559591669514862,-0.013792492574698683,0.0,0.0,0.0,-0.019773768122702286,-0.023226575601924218,0.0014039280018088725,0.0006472570349964985,0.0006771557693476432
0.8409328,0.67220855,0.8836018,0.9705012,0.92906505,0.9,0.9,0.53552717,0.54274416,0.9622642,1.0,1.0,0.54274416,0.54274416,0.41324055,0.61690414,0.5512136,0.01271166416672832,-0.0007255490171061265,-0.011627555910549233,-0.005434959691478195,0.0027194069521003883,-2.9284947589909225e-05,0.0024270659579936605,0.0037139174767028965,0.004318045144685382,0.0,0.0,0.0,0.005723676407094953,0.005618530058140904,0.0015838441373965213,-0.003240193360361696,0.001387071465682211
0.79507023,0.78289807,0.85867226,0.84277093,0.9149131,0.9,0.9,0.5143508,0.5330148,0.9622642,1.0,1.0,0.5330148,0.5330148,0.6482405,0.41912618,0.52221364,0.006776955492135073,0.0032513639529564466,-0.011741714280482953,0.002192494013287839,0.0014683998272707146,0.0008854561098387604,0.00534318791748721,0.006369178557613669,0.005888262700224698,0.0,0.0,0.0,0.008069873486958853,0.006817303959192069,-0.002057931593288086,0.005608336706676309,0.002069338538805568
0.6950702,0.71043587,0.6523996,0.885304,0.9762011,0.9,0.9,0.26435065,0.28746188,0.9622642,1.0,1.0,0.28746188,0.28746188,0.25199044,0.545793,0.35121354,-0.01859223691274768,0.0017185997002581177,0.0034619975728756606,-0.0021494904323205457,-0.007951880855273603,-0.0006010500471252941,0.002822588956615647,-0.015836309838462195,-0.01052715302156389,0.0,0.0,0.0,-0.019979636345126763,-0.029082034712291385,-0.0037507565799784286,0.001777006074916767,0.00015379465217573552
0.848625,0.54717195,0.52929074,0.9444444,0.51948905,0.52893287,0.9,0.5537623,0.5681999,0.9622642,1.0,1.0,0.5681999,0.5681999,0.58449054,0.36468187,0.6722137,0.0175264409770252,-0.007375316842588598,0.006167521971540741,-0.004492894537298666,0.0018486047266628133,-0.008785195474302683,0.0029082288296165566,0.004698180291965921,0.0038956761592312227,0.0,0.0,0.0,0.00590784317634518,0.006256038621533302,0.0001419464141844284,0.006920109594604588,0.000542065876187375
0.6447789,0.63059384,0.70359355,0.88713706,0.9444444,0.9,0.60957325,0.28670344,0.30731648,0.9622642,1.0,1.0,0.30731648,0.30731648,0.33699048,0.4035707,0.41821367,-0.0311193390935905,-0.0007532972430078486,0.001286332590788546,-0.0006793310001190149,-0.010314096651430007,-0.0026368448200567774,-0.010063490817094041,-0.014103755069697103,-0.008314521393944986,0.0,0.0,0.0,-0.012216654979780915,-0.01975319643746083,0.0005647182273849901,0.0027217402027251885,-0.0005114215399281035
0.6367952,0.31281304,0.77005285,0.9444444,0.9444444,0.90037495,0.30238593,0.7008214,0.7157454,0.9622642,1.0,1.0,0.7157454,0.7157454,0.57449055,0.6880152,0.62721366,-0.025734850857678775,-0.01715110442384681,-0.004449844461295295,-0.004998571167745495,-0.0014289185969452527,-0.0010353115012234643,-0.051118609388646076,0.010692890403653295,0.00647758894490874,0.0,0.0,0.0,0.007632062764920774,0.011424992071064148,-0.0021756916926921567,-0.008435478185058656,0.0011903574943875727
0.6370866,0.7961933,0.85832083,0.9928678,0.8368108,0.9,0.9,0.20611528,0.22484732,0.9622642,1.0,1.0,0.22484732,0.22484732,0.16824043,0.3902374,0.44321364,-0.033501741777842424,0.004269711852671026,-0.013749099632124956,-0.009785564164110454,-0.0015102359807849328,-0.0006633349720812617,0.0035816850434820403,-0.023062434599846488,-0.016800680139168044,0.0,0.0,0.0,-0.026937445968007817,-0.030034127741081496,-0.005196912499995428,0.0016192290446534502,0.0006408272866976276
0.8598721,0.6747378,0.9465946,0.92906505,0.9151263,0.9,0.9,0.75552714,0.7688427,0.9622642,1.0,1.0,0.7688427,0.7688427,0.6569905,0.6180152,0.7472137,0.021538822954838062,0.00020109577028632622,-0.015967073547377766,-0.0009583041586290231,0.0030922041475422092,0.0009821845698045062,0.004440785115086557,0.012473900800665605,0.0053199082281529374,0.0,0.0,0.0,0.0042429562149414145,0.013565059930998196,-0.0026436134380881803,-0.003942966084348908,-0.0037539009096006467
0.9231587,0.9310345,0.21769187,0.21366054,0.21366054,0.9,0.9,0.497292,0.51587474,0.9622642,1.0,1.0,0.51587474,0.51587474,0.5632405,0.41468176,0.53421366,0.025433052966293123,0.005270567104077486,0.018287244048423544,0.009478698034177455,0.008842336141789763,0.0006236051142621408,0.0031220581576279775,0.002034712522495273,0.0032307579733359248,0.0,0.0,0.0,0.004469857826677195,0.003814173044321586,0.0008791742808070294,0.0030190565153664782,0.0010300298567707418
0.8566086,0.80081993,0.7717339,0.88541526,0.8037096,0.9,0.9,0.6567036,0.66890436,0.9622642,1.0,1.0,0.66890436,0.66890436,0.52574056,0.56579304,0.6622137,0.020508884692822794,0.002638868015055122,-0.003945218603331605,-0.0017121536098276724,0.002515470669034754,0.0007311077455338699,0.005682905439853515,0.007499875024577496,0.0055722212812737495,0.0,0.0,0.0,0.005151589575744496,0.009057618894290792,0.0008988323897795832,2.3023752899868355e-05,-0.002507679397534013
0.8719933,0.7351555,0.8307242,0.8153404,0.9444444,0.9,0.76034963,0.51788014,0.52795684,0.9622642,1.0,1.0,0.52795684,0.52795684,0.6019905,0.44579294,0.57621366,0.021198777054645502,0.002246007469765937,-0.007847825769379514,0.00264385775375844,0.001010426548326803,0.0006993015716467768,-0.002383226834795779,0.0033510156679754555,0.003860150897610271,0.0,0.0,0.0,0.004817436119687827,0.004026272549087644,-5.558850746863367e-05,0.0050105719275908775,0.0006632283057747321
0.9231587,0.9310345,0.27788913,0.27274305,0.27274305,0.9,0.9,0.5937627,0.6138005,0.9622642,1.0,1.0,0.6138005,0.6138005,0.61824054,0.49134848,0.61121374,0.024203079435504843,0.007614379179679077,0.019044521215290152,0.010339719193880874,0.00038476901910900065,0.0012390325608479164,0.003291548241123045,0.0018572618289639548,0.0037674390003761713,0.0,0.0,0.0,0.0064657310240871365,0.0056869668480189,-1.300125653482153e-05,0.002798649370144861,1.5078378517303318e-05
0.9231587,0.9310345,0.22358917,0.21944863,0.21944863,0.9,0.9,0.44964477,0.4652587,0.9622642,1.0,1.0,0.4652587,0.4652587,0.33574057,0.56912637,0.51121366,0.030405572749516954,0.005242212577349931,0.01779056573248327,0.013369066773866494,0.007989510523028882,0.0007385287959507479,0.005360320328469237,0.002136113511058017,0.0022305873176765513,0.0,0.0,0.0,0.0018185756432084685,0.0016060112735381815,0.0006118034574937939,0.0013559062919503689,0.0008775570655184446
0.9231587,0.9310345,0.4261435,0.41825196,0.41825196,0.9,0.9,0.7237624,0.73004293,0.9622642,1.0,1.0,0.73004293,0.73004293,0.41949058,0.7213485,0.73521364,0.025603004371497064,0.006091728058338863,0.012977240133999323,0.007301123875511139,-0.0027870890386686303,0.0010812031747506436,0.004525911161010994,0.003237285865217559,0.0033074904826223194,0.0,0.0,0.0,0.00445593288968511,0.008775524255184188,0.003017298014150026,-0.006793145322229918,-0.0016751750253666201
0.8412241,0.7838458,0.7440733,0.94615734,0.9928678,0.9,0.9,0.48082137,0.49641818,0.9622642,1.0,1.0,0.49641818,0.49641818,0.43449056,0.575793,0.4902137,0.020833678540389342,0.00309843729359156,-0.0007093562971106432,-0.003441136948756039,-0.004066847943533053,7.775926411622752e-05,0.0059653202580815775,0.002708944720363955,0.0032311098798324983,0.0,0.0,0.0,0.004841170870536954,0.0032759345853583936,0.0011256067955920485,-0.0006231760938494704,0.0017927120233120633
0.79122406,0.71042025,0.7879202,0.9677255,0.7518719,0.9,0.9,0.5237623,0.53131,0.9622642,1.0,1.0,0.53131,0.53131,0.47199053,0.49468178,0.5782137,0.005690680782708894,0.0008923465552486231,-0.0053336241249041585,-0.005403210013786179,0.0011669608038061005,-5.721487433895323e-05,0.004751556765524373,0.004179794376052984,0.0036680440919640896,0.0,0.0,0.0,0.006107686390527953,0.005432501265381866,0.001332828359463353,0.0018540544175734664,0.0004852677223601391
0.9231587,0.9310345,0.19855238,0.19487548,0.19487548,0.9,0.9,0.41729176,0.43635604,0.9622642,1.0,1.0,0.43635604,0.43635604,0.62949055,0.39801514,0.42621365,0.02165976161966265,0.0051255021256079525,0.014989475338981326,0.007902258202576793,0.010126858652084503,0.0005792369557876898,0.0030275328471755752,0.00102534493401598,0.001086327828657868,0.0,0.0,0.0,0.00016988446581992487,-0.0003792743759024189,6.019933243054439e-05,0.0036981269252394002,0.0008142575859570525
0.91785586,0.6168457,0.78069204,0.92906505,0.9444444,0.9,0.5962842,0.3943505,0.40997458,0.9622642,1.0,1.0,0.40997458,0.40997458,0.40699053,0.46912628,0.50121367,0.02994058029896215,0.0013136402955048754,-0.004466315348192349,-0.0026743787566335126,-0.0018797029945629353,-0.0006014723419634188,-0.01829390782190948,0.0005200149384600695,-0.00029592674720870795,0.0,0.0,0.0,0.0011806006834257606,-0.0033509824288544955,0.0013897364353704234,0.004348137192820946,0.0030842741481313064
0.7681472,0.7306133,0.5505164,0.9444444,0.5977221,0.70625955,0.9,0.23199777,0.2541063,0.9622642,1.0,1.0,0.2541063,0.2541063,0.32074046,0.35801518,0.3942136,0.008558122669814545,0.002006576316995941,0.011566837925927205,-0.00578515690603731,0.006337721911644196,0.0003599628646705952,0.0018101871972557588,-0.011125037984626513,-0.011413166027204743,0.0,0.0,0.0,-0.016998382812115752,-0.02388084428932212,-0.0042361311503838275,0.003517712971926496,-0.0016900563651575185
0.62199324,0.23106445,0.66541094,0.9444444,0.6530885,0.22336231,0.9,0.5431741,0.56157917,0.9622642,1.0,1.0,0.56157917,0.56157917,0.33199048,0.58468187,0.6932137,-0.020225695867485433,-0.027687421115340963,0.001773072815868526,-0.002696201520761532,0.0016945380093829425,-0.024494824448436363,0.0037569482228568324,0.0038460201029636935,0.003537263071708114,0.0,0.0,0.0,0.005386301466192945,0.0067739644787605255,0.004904645848843596,-0.0033452087234585835,0.0019589838608898933
0.9231587,0.9310345,0.27500814,0.2699154,0.2699154,0.9,0.9,0.61964494,0.6286584,0.9622642,1.0,1.0,0.6286584,0.6286584,0.6019905,0.65690404,0.4282137,0.02243413758436664,0.0062551594083408366,0.016784239062639962,0.011730084406113155,0.0011327539558918926,0.0010476755903928237,0.0041086725906500175,0.0027497694037130383,0.0031345653524171204,0.0,0.0,0.0,0.0057289393122769115,0.007232891813438936,-0.0006224812844096308,-0.003348332228717431,0.0005610617458813836
0.9231587,0.9310345,0.3819638,0.3748904,0.3748904,0.9,0.9,0.7378802,0.75112665,0.9622642,1.0,1.0,0.75112665,0.75112665,0.6482405,0.6624597,0.6442137,0.023897695891502365,0.004879195392018733,0.01375649562953736,0.008055953112260664,-0.0023737577220764895,0.0009303355946813669,0.004355426199001224,0.004835683160168619,0.001607902217722034,0.0,0.0,0.0,0.004938617421460745,0.00940365279070978,-0.0023044135096774083,-0.005068209145725351,-0.0006110272945538728
0.9069,0.5162655,0.75789547,0.9444444,0.94615734,0.8408965,0.9,0.57729197,0.591112,0.9622642,1.0,1.0,0.591112,0.591112,0.52449054,0.47245958,0.64021367,0.028070271848698956,-0.007214378789771397,-0.0013793747522695885,-0.002854315803909217,0.001444353554904896,0.0006087232227453326,0.0041662793777548866,0.007837482741621318,0.0044718612190532865,0.0,0.0,0.0,0.006845906871984097,0.00957492051234279,0.0006909960180552074,0.003366252751050019,0.0003665888541295478
0.8719933,0.73751307,0.71664184,0.7033707,0.9444444,0.9,0.7666417,0.26258603,0.27914536,0.9622642,1.0,1.0,0.27914536,0.27914536,0.27949047,0.32023737,0.51321363,0.019720308873406305,0.002491582391981899,-0.00140011550648251,0.00402930962015101,-0.00843493727110754,0.00035507991936687506,-0.0008983097994700843,-0.009188693280103159,-0.013244583248500507,0.0,0.0,0.0,-0.013264572695435397,-0.020577882671373473,-0.002781189929405631,3.768786115315337e-05,0.0019695055456501443
0.4480423,0.08146569,0.8684076,0.852326,0.8392502,0.9,0.9,0.31964493,0.33522487,0.9622642,1.0,1.0,0.33522487,0.33522487,0.52449054,0.40912628,0.40821362,-0.08183730646554668,-0.060670428973990734,-0.013869842807535402,0.0004502335368401196,-0.0016900863064148782,-0.000998905435086193,0.002659320504398161,-0.01495837554397005,-0.0034925319514766103,0.0,0.0,0.0,-0.011168755397174168,-0.015970381144538325,0.0012561826330175318,0.006299793148283287,-0.004309122281794341
0.45247117,0.57218164,0.64458317,0.9762011,0.9928678,0.9,0.9,0.12258619,0.1427095,0.9622642,1.0,1.0,0.1427095,0.1427095,0.05074036,0.26579297,0.47321367,-0.0880375460246764,-0.002640147230562852,0.0036664091751649887,-0.008518403729498606,-0.015175779255336603,-0.0010024014913264131,0.00355721466322456,-0.040887724172921566,-0.0227178143622519,0.0,0.0,0.0,-0.04763395500089066,-0.05039080835045401,-0.0072830314098152014,0.0018601343878733617,9.258395157002555e-06
0.72997695,0.65507257,0.87346435,0.9762011,0.9116092,0.9,0.9,0.45317426,0.47067228,0.9622642,1.0,1.0,0.47067228,0.47067228,0.23824048,0.49468178,0.6612137,-0.007337303882379089,0.0021699716848954964,-0.009864475935346933,-0.004619415956363145,0.00033197743167870635,-0.00021867368321314376,0.0054406003591805745,0.0015096002588643924,0.0016639628592893757,0.0,0.0,0.0,0.004211482838669799,0.0013653127191937428,-0.0037254979174036946,0.0026579455030054234,-0.0016895883603959606
0.6983337,0.6178403,0.9038755,0.88713706,0.9149131,0.9,0.9,0.60376257,0.62476796,0.9622642,1.0,1.0,0.62476796,0.62476796,0.45074058,0.67245966,0.58921367,-0.009197440869553644,-0.0009359962488170058,-0.015910012378662314,-0.0007065232621430175,0.0030216841526571714,0.0006935392426634706,0.004735157914771874,0.010020369655622207,0.006781505484908253,0.0,0.0,0.0,0.007791781393450917,0.012020203103184563,0.0015391633166532306,-0.007146909602037227,0.0007306747076994012
0.77199334,0.7780228,0.83593434,0.82045406,0.9762011,0.9,0.9,0.55023307,0.56677556,0.9622642,1.0,1.0,0.56677556,0.56677556,0.60824054,0.6202374,0.43521366,0.0002847110831430233,0.0027643273482667193,-0.009149520882952173,0.0032583411871639403,0.0012053082801620615,0.0005390329331173658,0.004133859041756423,0.005720961740044732,0.005083398380716527,0.0,0.0,0.0,0.005735902352044504,0.006566004633017435,-0.002646962612569567,-0.0022648174237930477,0.0017661087051789371
0.9231587,0.9310345,0.2895517,0.28418964,0.28418964,0.9,0.9,0.62023306,0.63405246,0.9622642,1.0,1.0,0.63405246,0.63405246,0.5807405,0.545793,0.61321366,0.027635836958020903,0.0061324300949213385,0.019348585524358083,0.011565987135367226,0.002757112080584729,0.000835491322680081,0.0036977655631689563,0.0035217306316052324,0.004377535257303887,0.0,0.0,0.0,0.008563749927822812,0.008050760986257188,0.0006275096964918506,0.0004931217309592503,0.00030849948242192603
0.9231587,0.9310345,0.3733026,0.36638957,0.36638957,0.9,0.9,0.77846843,0.78205854,0.9622642,1.0,1.0,0.78205854,0.78205854,0.50699055,0.65579295,0.7802137,0.020148371306433866,0.005307018526527135,0.014977804584482257,0.006838226306697992,-0.0030439615665625304,0.0013306091671235784,0.0025640109401341322,0.004876783200084299,0.002341135784721922,0.0,0.0,0.0,0.006622669468559671,0.01032624130701303,0.0011394757316591125,-0.0039040942655909788,-0.0018056192931860046
0.6329491,0.5683897,0.9309798,0.9928678,0.9463495,0.9,0.9,0.4361155,0.44888562,0.9622642,1.0,1.0,0.44888562,0.44888562,0.49824053,0.47801515,0.53121364,-0.03232381032441047,-0.004378617155224067,-0.017970051194448736,-0.009060913842435184,0.0002582848865578228,-0.0008456413698107069,0.0036574801852847947,0.000581629938815994,0.0017624895851168878,0.0,0.0,0.0,0.0044137049484238204,0.00026036656894100037,0.0018629389701981948,0.004140873618335861,0.0021429678153109225
0.80247116,0.6788478,0.77771443,0.9444444,0.89900124,0.756577,0.9,0.60964495,0.62272614,0.9622642,1.0,1.0,0.62272614,0.62272614,0.5807406,0.4257929,0.80721366,0.008644630254729026,0.000519891416976455,-0.004117208763913578,-0.002560448370589461,0.001616103260612363,0.0009364953003345131,0.00632862135996265,0.008111742986820589,0.007053237391117401,0.0,0.0,0.0,0.009183909035673328,0.010618093353472597,0.00013769413056349467,0.005205466856828778,-0.005818602043008574
0.8758395,0.76578337,0.7449243,0.9762011,0.73683697,0.9,0.9,0.39023298,0.4055114,0.9622642,1.0,1.0,0.4055114,0.4055114,0.43949056,0.4191263,0.5362136,0.02544951929448169,0.0026343216674782045,-0.0014383163510187475,-0.006417201066162839,0.001979741447603863,2.997715130243531e-05,0.004978206904492683,-0.001624462015817289,-0.001113098701182092,0.0,0.0,0.0,-0.00029282921909169806,-0.00392474683876653,0.0017766750119445943,0.004729548125787955,0.0018920730318151577
0.79507023,0.7838458,0.85367185,0.93535817,0.9166222,0.9,0.9,0.6278802,0.63986707,0.9622642,1.0,1.0,0.63986707,0.63986707,0.55324054,0.8413485,0.41221362,0.005333839216639611,0.003102490163230865,-0.008524598419793517,-0.0024536145127785364,0.001010643675909484,0.0008705145323802235,0.004633517128593323,0.007357909042401507,0.0053136937604748,0.0,0.0,0.0,0.005803386328405705,0.010688358931004893,-0.0017014013816403798,-0.021261171405731086,0.001417084939986912
0.9231587,0.9310345,0.33733755,0.33109054,0.33109054,0.9,0.9,0.6737626,0.68356323,0.9622642,1.0,1.0,0.68356323,0.68356323,0.7344905,0.4346819,0.67921364,0.028521529543311715,0.006789177123201662,0.01805101222961107,0.007968132976609293,0.0015925128518938952,0.0011867982000632422,0.00395422472232414,0.005391169964038974,0.004838455898987353,0.0,0.0,0.0,0.009584243055863672,0.010699100860461457,-0.00396340143181016,0.004220863569086937,-0.0006891012118408384
0.8329491,0.5624937,0.9150254,0.9444444,0.9928678,0.54374385,0.9,0.5719978,0.5904387,0.9622642,1.0,1.0,0.5904387,0.5904387,0.3757406,0.6435708,0.58021367,0.012240665905632829,-0.006520328428712891,-0.011140657981706222,-0.0015450809493348064,0.0007497494227268966,-0.012558899265148738,0.0023256036072477194,0.005072422983537941,0.005499530210198309,0.0,0.0,0.0,0.0052713319425679896,0.008765362499636161,0.0028860712483503984,-0.00422329174198316,0.0015534169456526026
0.7912241,0.65507257,0.7304523,0.7169254,0.9444444,0.9,0.6332368,0.17435052,0.19344965,0.9622642,1.0,1.0,0.19344965,0.19344965,0.37824053,0.31023735,0.31821355,0.004262467554213638,0.000629718752904716,-0.0016083033880694656,0.007292015777764533,-0.009834075891720096,-0.0011335168970944556,-0.0053582806013511685,-0.022899473475093277,-0.01898224899714435,0.0,0.0,0.0,-0.02586188352449093,-0.034097538767568075,0.000543439762548088,-0.0006763560575059091,-0.00048782979075911846
0.72939426,0.62028855,0.73671854,0.9444444,0.9444444,0.5996123,0.67952377,0.5902331,0.6043699,0.9622642,1.0,1.0,0.6043699,0.6043699,0.44449055,0.6880152,0.60021365,-0.0046271670772123465,-0.0013504901058610183,-0.000667842655472144,-0.0030327809939962665,0.000630796111058578,-0.002001790238659376,-0.007151371832760353,0.006516232453276078,0.003994135845956782,0.0,0.0,0.0,0.005284072075232215,0.009265081503809926,0.002513559928951852,-0.009018911860264702,0.0005823784017577678
0.57496536,0.6492091,0.9467815,0.9292485,0.9444444,0.9,0.5794166,0.7514094,0.7651582,0.9622642,1.0,1.0,0.7651582,0.7651582,0.6357406,0.6724596,0.6562137,-0.043470066731086936,-0.0017773529600851878,-0.020058757005993647,-0.004146311022312693,0.0017481586790834937,-0.0003821286211847938,-0.02384476736812811,0.014003150186213094,0.008050181138655967,0.0,0.0,0.0,0.007104752032867212,0.013813819414981752,-0.0038112563508833734,-0.007008234695450438,-0.0008588532948950997
0.8261308,0.82111806,0.75306654,0.96959347,0.86539865,0.9,0.9,0.54905653,0.564625,0.9622642,1.0,1.0,0.564625,0.564625,0.5132405,0.6069041,0.4912137,0.022518531886625656,0.00358890743503958,-0.0010108116197523884,-0.005906752610521589,0.0018027785666875859,0.00019416884223219635,0.006591986344454507,0.005792615890576939,0.0050801760308226826,0.0,0.0,0.0,0.00758942651261519,0.008028127840573905,0.0009229965959837702,-0.001756943251969323,0.0020903717731317376
0.8098722,0.7207791,0.9438387,0.9463495,0.95153695,0.9,0.9,0.6719977,0.68249863,0.9622642,1.0,1.0,0.68249863,0.68249863,0.6507405,0.47468174,0.68421364,0.00809395120681956,0.0011054027226333697,-0.018753825353800605,-0.003279513316593915,0.0026206182058581455,0.00039931286855688204,0.004728775893211098,0.011041423077768673,0.00861512486881299,0.0,0.0,0.0,0.005902949410625713,0.01002882100656871,-0.002927398678457195,0.0027406312538386535,-0.0019362281188616954
0.77583945,0.81457967,0.6825465,0.9762011,0.8819039,0.9,0.9,0.3602332,0.37837195,0.9622642,1.0,1.0,0.37837195,0.37837195,0.32074046,0.60801524,0.33821362,0.004832069705512201,0.0027801947918919246,0.0018775200102722203,-0.009841750625617207,-0.001246383408277824,-0.00030785705043307165,0.004762596543760282,-0.0028894249244769614,-0.0017297630156922412,0.0,0.0,0.0,-0.00283080406744984,-0.009369574602991867,-0.0022773665701551083,-0.0011572515055004954,-0.001138328255294732
0.7024712,0.67256844,0.7727478,0.9444444,0.7832727,0.65014946,0.9,0.7584683,0.7745036,0.9622642,1.0,1.0,0.7745036,0.7745036,0.48824048,0.8413485,0.73821366,-0.007477000753365355,-0.0010204929652674573,-0.003147165562243959,-0.001569802966368056,0.0022335210104308494,0.00026960543026324855,0.004506859287177375,0.01109632790675479,0.004620971119538033,0.0,0.0,0.0,0.006319669273581279,0.018810110787046818,0.0011519114285415213,-0.018383481850832276,-0.0028271828204004183
0.47496542,0.5584821,0.77509546,0.9444444,0.9762011,0.5263028,0.9,0.24964479,0.27368933,0.9622642,1.0,1.0,0.27368933,0.27368933,0.24074042,0.46912628,0.3732136,-0.07110448535770564,-0.0012354580817427977,-0.004224161926380668,-0.0073188701350450506,-0.008799471494110204,0.0028879451509652375,0.002657986178827397,-0.01935299896732448,-0.012909685147202553,0.0,0.0,0.0,-0.020038508311738035,-0.02525170031874242,0.0003698419041127859,0.003425461290704571,-0.001244770421483702
0.771702,0.6823898,0.7489842,0.88541526,0.9444444,0.9,0.70234394,0.48964468,0.5116263,0.9622642,1.0,1.0,0.5116263,0.5116263,0.4369905,0.47690403,0.5972136,0.0014896197507329356,0.0015811795134012103,-0.0016676690818415113,-0.00041752788583953855,-0.0016077397085263257,5.681288257778639e-06,-0.007184089081489119,0.003782552244740346,0.003216174607935117,0.0,0.0,0.0,0.005643370311423125,0.004223818753110505,0.0014862390989295454,0.003710463613479241,0.0007051748677566188
0.9066087,0.82111806,0.78058076,0.9463495,0.9149131,0.9,0.9,0.32670346,0.34785825,0.9622642,1.0,1.0,0.34785825,0.34785825,0.45074052,0.406904,0.40621367,0.030248990051452793,0.004026061106012089,-0.0034109085917821856,-0.0022625133611828916,-0.0036988454958977114,0.0012297548505182387,0.0031171874692769745,-0.005983263552867015,-0.007081908276189163,0.0,0.0,0.0,-0.0059563326150986005,-0.012398994144459505,0.0010830661492786844,0.003960524379833737,0.001547518469050943
0.7453616,0.7655489,0.788265,0.7736675,0.8572891,0.9,0.9,0.25905654,0.27442148,0.9622642,1.0,1.0,0.27442148,0.27442148,0.6569905,0.22245958,0.3162136,-0.003953135122784821,0.001583985647541769,-0.007104109402740101,0.0035569155818562116,-0.004422139079559233,-0.00011248806866787062,0.002850623848063298,-0.01891276861342737,-0.01653029313067889,0.0,0.0,0.0,-0.02120219964226433,-0.020848794363271216,2.351258669337705e-05,-0.005040150672402475,-0.002166145144577698
0.9231587,0.9310345,0.109929204,0.107893474,0.107893474,0.9,0.9,0.31376243,0.33388335,0.9622642,1.0,1.0,0.33388335,0.33388335,0.40699053,0.4257929,0.4282136,0.024662049457717314,0.007331533341086831,0.020088440216616692,0.011504993045476218,0.016358789835844628,0.0006545256727444637,0.003682878649460441,-0.0011194667113449094,-0.0008760349962060721,0.0,0.0,0.0,-0.006894403702514971,-0.0065824891079698375,0.0014307371526297863,0.002406110982743741,0.0002252516245703321
0.8178558,0.5073787,0.7653421,0.94615734,0.747536,0.9,0.9,0.55376244,0.5695933,0.9622642,1.0,1.0,0.5695933,0.5695933,0.46199054,0.6102374,0.5492137,0.012775718008876828,-0.008574451907750804,-0.0020741092115429895,-0.0036761285336631686,0.0014782455292520452,-0.00016093748026421286,0.004234938855642418,0.0054717722437995844,0.0037048844098581247,0.0,0.0,0.0,0.005322004923926399,0.007268593518053973,0.0016125866849410822,-0.0034550806453189508,0.0020408665881169984
0.8796856,0.7865686,0.6633918,0.94615734,0.9444444,0.9,0.76034963,0.6384683,0.65155596,0.9622642,1.0,1.0,0.65155596,0.65155596,0.5944905,0.5869041,0.5712137,0.021282171173076413,0.0022188494536618908,0.0018322481885207453,-0.004339451095479351,0.00010893046434739685,0.0002987164708837293,-0.004164367064690486,0.006916705192073871,0.00450424416015113,0.0,0.0,0.0,0.007029176542448846,0.01139342602655752,-0.00036866005250537677,-0.0016982886247590345,0.000523043895107284
0.8527625,0.76578325,0.7944373,0.81454223,0.8478458,0.9,0.9,0.34435058,0.36093754,0.9622642,1.0,1.0,0.36093754,0.36093754,0.32949054,0.40912616,0.64621365,0.01834581445902954,0.002518182277098111,-0.008513025327653793,0.002078213779204921,-0.0008569792415938033,0.0007041452729849507,0.003913650795502463,-0.0034983622204313243,-0.005597960149946095,0.0,0.0,0.0,-0.005307049153520213,-0.009421785196874997,-0.0015562233595705214,0.0028601635805235058,-0.001088334003691164
0.37910295,0.5624771,0.7304445,0.9928678,0.9444444,0.9,0.5437279,0.4672919,0.48533428,0.9622642,1.0,1.0,0.48533428,0.48533428,0.4082405,0.58912635,0.50121367,-0.10231559621757164,-0.005622609387099547,-0.0007781725425700282,-0.011304243058534584,-0.004271031335515323,-0.0021363116272179934,-0.019607310006112023,0.003596528466374098,0.00291398961023601,0.0,0.0,0.0,0.006059511457993227,0.003172482318027853,0.002538443255698131,-0.000752306939508682,0.0013216078832795014
0.9231587,0.9310345,0.24918589,0.24457133,0.24457133,0.9,0.9,0.52317417,0.54283684,0.9622642,1.0,1.0,0.54283684,0.54283684,0.5194905,0.5391263,0.55021363,0.02262578601993563,0.005947737116082663,0.0174872017401844,0.010856276905245744,0.0061262017574365835,0.0014721276502547424,0.0054699215605091426,0.002243179730397335,0.003631835078951009,0.0,0.0,0.0,0.005797246562333199,0.004778706939218715,0.0013481497736867888,0.0019205826818658714,0.0007597841716242321
0.7563174,0.6675484,0.89297813,0.9444444,0.8515809,0.6452968,0.9,0.62611544,0.643321,0.9622642,1.0,1.0,0.643321,0.643321,0.56699055,0.57134855,0.6092137,0.003975133144381433,-4.2105809953559365e-05,-0.011531906380158479,-0.0011534493464893229,0.002132041995009629,-0.0035964512072959006,0.005487156480584343,0.010050455886049253,0.006783512487798942,0.0,0.0,0.0,0.007060458686222979,0.010558966096514627,-0.0015620346757111503,-0.0013871743079804672,0.0010268225535834952
0.5743827,0.4239793,0.9339169,0.9166222,0.9762011,0.9,0.9,0.36023298,0.38283688,0.9622642,1.0,1.0,0.38283688,0.38283688,0.25199044,0.5635708,0.43321362,-0.050643736701613776,-0.016170056487938372,-0.01601263972810756,-0.0023215246937901986,-0.0020880687484894182,-0.00141629412536931,0.0032965493656450036,-0.007951116445239714,-0.0028601321994508357,0.0,0.0,0.0,-0.0030946121712481954,-0.010195286802857402,-2.815253964241239e-05,0.0014324286481972868,-0.0010571608578298667
0.66371834,0.53731036,0.8780026,0.8617433,0.9444444,0.9,0.5494434,0.44082147,0.4627671,0.9622642,1.0,1.0,0.4627671,0.4627671,0.52574056,0.43579292,0.45121366,-0.02182639065914741,-0.0033910519314699545,-0.012753967810231083,0.00022225750659198885,-0.0022600662225688377,-0.000887809829270525,-0.02058856879278464,0.0014032216402090297,0.0019657608060130406,0.0,0.0,0.0,0.004088514924106445,0.001616564143249479,0.00014263626462196407,0.005359951340852318,0.0014409004168990701
0.8370866,0.7104368,0.83186126,0.9444444,0.8683477,0.6867556,0.9,0.5055274,0.5210383,0.9622642,1.0,1.0,0.5210383,0.5210383,0.44824052,0.56023747,0.47221366,0.016112744312867012,0.001339683391120049,-0.004895854533868511,-0.0028311501269235413,0.0015217840494130103,-0.0033098155520368956,0.003958244186223172,0.0036273445737225797,0.005308954283269947,0.0,0.0,0.0,0.006541004770782266,0.0047392684768113764,0.0029580954439532635,0.0006305968119118349,0.001504591462952412
0.77141064,0.71043587,0.8415507,0.9444444,0.92144537,0.7935475,0.9,0.52846843,0.5370294,0.9622642,1.0,1.0,0.5370294,0.5370294,0.35074055,0.47801515,0.74921364,0.0014519955217048297,0.0010601057661036722,-0.008233043730844854,-0.002488325376340689,0.00083882314777942,0.0011385837156554267,0.0036981481881470223,0.0035407041216863567,0.0031690681992803953,0.0,0.0,0.0,0.005100975723627932,0.003957806232438463,0.000731039713105207,0.003426726488278462,-0.0063233494160789905
0.75987214,0.6239113,0.74883556,0.9444444,0.9444444,0.6031143,0.7935475,0.33435082,0.35486603,0.9622642,1.0,1.0,0.35486603,0.35486603,0.3069905,0.4291262,0.5542137,-0.0002916027581391134,0.0019985788527457416,0.0001709384215500565,-0.002641559991453268,-0.005253029018405266,-0.00543593770832256,0.0024607291423745835,-0.006488423216660164,-0.008130913151296914,0.0,0.0,0.0,-0.005842804783447263,-0.013403174832067011,-7.42655585033091e-05,0.003735573141903409,0.0018518326278094308
0.85690004,0.8209112,0.81271774,0.87195903,0.85569847,0.9,0.9,0.42846859,0.44287252,0.9622642,1.0,1.0,0.44287252,0.44287252,0.6069905,0.4380151,0.46721363,0.024138304600072807,0.0027105610317245694,-0.004984348140058751,0.00034671664827498573,0.0012396111548231819,0.000456493349346019,0.0056982422391130185,0.0014916362157041695,0.0015359339421616733,0.0,0.0,0.0,0.004168755187592337,0.0010591079863044497,-7.54752836265312e-05,0.004376278724766136,0.002113006537480378
0.55247116,0.69591725,0.72780406,0.9762011,0.94465274,0.9,0.9,0.29611543,0.3166311,0.9622642,1.0,1.0,0.3166311,0.3166311,0.41949058,0.29690403,0.5462136,-0.05697288390781462,0.0013701360887724212,-0.002615875565379207,-0.007695359823691318,-0.008700726069017487,-0.0007554331598397513,0.002773097610751589,-0.014418324849998302,-0.009615233303388855,0.0,0.0,0.0,-0.015262249706480263,-0.01850748916430596,0.0008407294814717567,0.0019240233601031651,0.0022278226138935015
0.90690005,0.9418765,0.5093684,0.9762011,0.4805224,0.9,0.9,0.7672919,0.77517945,0.9622642,1.0,1.0,0.77517945,0.77517945,0.7969905,0.46245956,0.78921366,0.018254471435209207,0.004641664463405297,0.007168581947403541,-0.0046749741272919644,-0.0019755127326988435,0.0007432947841902649,0.0038840891378949466,0.005118909407922316,0.0021237370543624534,0.0,0.0,0.0,0.0028525498230791337,0.008786255361376333,-0.0005269216325441545,0.002564608368203773,-0.0022509768580915644
0.814301,0.9084271,0.61972743,0.9444444,0.608251,0.8781462,0.9,0.9508214,0.9555118,0.9622642,1.0,1.0,0.9555118,0.9555118,0.8532405,0.7991263,0.7192137,0.007000963425886669,0.005295700250188578,0.002157734608142324,-0.0030583017495154873,0.0013575587131502125,0.0005801063186532305,0.004887122078335459,0.013330195541160153,-0.0016910436233520442,0.0,0.0,0.0,0.003640718047133019,0.02051424331010796,-0.008245367531443256,-0.014665476009220609,-0.001601691376284152
0.5835318,0.6861031,0.74687815,0.9410746,0.85232276,0.9,0.9,0.182586,0.19878519,0.9622642,1.0,1.0,0.19878519,0.19878519,0.27949035,0.38468182,0.39321357,-0.048179855116140854,0.00132705618595605,-0.0025926394487754715,-0.006579018092490071,-0.0032443200413121453,-0.0014488148942671582,0.0026882806632062078,-0.027819932943903895,-0.01903905750926152,0.0,0.0,0.0,-0.03140563735140649,-0.03561444338104292,-0.0019259493206870853,0.0024632540135888226,-6.380449690559913e-05
0.9231587,0.9310345,0.2574622,0.2526944,0.2526944,0.9,0.9,0.5678801,0.583175,0.9622642,1.0,1.0,0.583175,0.583175,0.45074052,0.48690403,0.6932137,0.027016500139540076,0.006025459758232707,0.01841802301200088,0.012923880475681998,0.0049655562042082504,0.001676776828806929,0.004626852875345907,0.0024252328354020854,0.004270636955241031,0.0,0.0,0.0,0.006996820282664049,0.006556130122508346,0.0014205241868620474,0.0022133089382815148,-0.0005557146453086908
0.87554806,0.7783885,0.43120664,0.9444444,0.42322132,0.75244224,0.9,0.52846843,0.5435048,0.9622642,1.0,1.0,0.5435048,0.5435048,0.64824057,0.37579292,0.5452136,0.018552051923832278,0.0017583122413171411,0.008524152534448947,-0.005994440017272463,-0.00016851117751763879,-0.0009330020458958187,0.002624985081820527,0.003641923307557387,0.0032642121015958037,0.0,0.0,0.0,0.005468889345232649,0.004931689548951188,0.0005009072403963404,0.004503323286713801,0.0010956016699006927
0.7607462,0.7961933,0.606991,0.9444444,0.6913545,0.7696535,0.9,0.30788016,0.31735912,0.9622642,1.0,1.0,0.31735912,0.31735912,0.19949043,0.28134844,0.6882137,-0.0015177518320349081,0.0015009817284006913,0.0065719047234460495,-0.00654131068330539,0.004339059115402427,7.625890218375224e-07,0.001912310895212137,-0.0061567605907011025,-0.006834728479194049,0.0,0.0,0.0,-0.009033795631914854,-0.013222415847842442,-0.006801692058018184,0.0024874666632333413,0.0009274207102380879
0.82141066,0.80960524,0.9115337,0.9116092,0.90442353,0.9,0.9,0.8049389,0.80454105,0.9622642,1.0,1.0,0.80454105,0.80454105,0.6257405,0.8769041,0.5822137,0.012458114467291512,0.003444890436613804,-0.012159678144698373,-0.0023347347454989397,0.0022283895725252042,0.00014453997944512763,0.0054763493568479584,0.012457074843538123,0.006163111226082831,0.0,0.0,0.0,0.0076243934760953916,0.017722419345447448,-0.0016836598051117627,-0.0201944212229816,0.0007049997256706092
0.62525684,0.8242123,0.8866069,0.9444444,0.94615734,0.84992,0.9,0.3825861,0.40085822,0.9622642,1.0,1.0,0.40085822,0.40085822,0.45699054,0.4824596,0.4282137,-0.03851660658295055,0.0022786809180625834,-0.014522463332701215,-0.006291045046136859,-0.001861845645657527,0.0008263178073265115,0.003198448290401581,-0.0043337027856420575,-0.002942276968832192,0.0,0.0,0.0,-0.000804635083873932,-0.006417189123931022,0.0017916095003899196,0.0039318102128588625,0.0020700855547423264
0.4595808,0.46795315,0.8684076,0.852326,0.92636025,0.9,0.9,0.4849389,0.4963103,0.9622642,1.0,1.0,0.4963103,0.4963103,0.48199052,0.32690397,0.59021366,-0.0772163431810041,-0.007616801189274244,-0.0102190889078037,0.00045114762712169653,-0.0019251387632533967,-0.0006561457062001164,0.0058958242597241485,0.0035329132172862623,0.003393550121909059,0.0,0.0,0.0,0.0065428424362903494,0.003841073390793071,0.0017369337284306313,0.007064374703389915,0.0026255285654364197
0.5252568,0.6164001,0.8976913,0.92365605,0.9762011,0.9,0.9,0.53729194,0.55190504,0.9622642,1.0,1.0,0.55190504,0.55190504,0.59324056,0.5546818,0.5362136,-0.05216384170174711,-0.0014863819856672435,-0.011894647677493542,-0.004414676172254042,-0.002434760171440557,-0.0004240494158628482,0.0070512114224964995,0.008047241153615582,0.005768340692967856,0.0,0.0,0.0,0.008993636019349544,0.00816462044627319,-0.00291725937225998,0.0003695364535701392,0.002104458926480675
0.5758395,0.6861031,0.81139433,0.7963685,0.90186393,0.9,0.9,0.035527173,0.053996697,0.9622642,1.0,1.0,0.053996697,0.053996697,0.37574053,0.21579286,0.21121359,-0.05028139676866173,0.000571375552367538,-0.010367406084466685,0.0033341987943010915,-0.00735028816817394,-0.0010724209006901637,0.002912808147133303,-0.048816255135889296,-0.03797254862878856,0.0,0.0,0.0,-0.05910045111748051,-0.053359275436352424,-0.0003189008502033067,-0.006547999572908714,-0.007614945545960478
0.8524712,0.6823847,0.6413214,0.9444444,0.9444444,0.6596386,0.63346344,0.42317423,0.4383873,0.9622642,1.0,1.0,0.4383873,0.4383873,0.4344905,0.5046818,0.49621361,0.020474763583363035,0.0009607342459300198,0.002776332341976809,-0.0025493485988013443,-0.004202142137783443,-0.0026609779552779363,-0.01000833804749126,0.0008931434595826761,0.0018782349693848331,0.0,0.0,0.0,0.0028182784983349168,-0.0014008857213408873,0.0019465236363397404,0.0029950334309783127,0.0009003770003036174
0.8107462,0.8209108,0.77137065,0.9444444,0.6718342,0.79354715,0.9,0.5319979,0.5493093,0.9622642,1.0,1.0,0.5493093,0.5493093,0.45199054,0.5880152,0.4662136,0.008534131899149231,0.001284679955002759,-0.0048180411850178816,-0.005354228529064895,0.0013522763644690397,0.0007273348940788616,0.003912828749721184,0.004668293414455245,0.004798172199765162,0.0,0.0,0.0,0.006768448869586249,0.007326529679071292,0.0012248928706638184,-0.0013203131684043068,0.0022943656352368267
0.8799769,0.7655489,0.8624243,0.8464535,0.9079831,0.9,0.9,0.5131743,0.51623374,0.9622642,1.0,1.0,0.51623374,0.51623374,0.5082405,0.415793,0.6532137,0.021246866156478812,0.001968053090028169,-0.013616246627559407,-5.862959544783178e-05,0.001446205488835378,0.0006497072869278647,0.006022611141663501,0.003010282567377043,0.00261729527400666,0.0,0.0,0.0,0.004448203158638921,0.0029408490866011023,0.0013962230571085096,0.004454390968688119,-0.001774664316797274
0.9231587,0.9310345,0.3103411,0.304594,0.304594,0.9,0.9,0.57905656,0.5970441,0.9622642,1.0,1.0,0.5970441,0.5970441,0.3069905,0.7646819,0.58021367,0.023064539125611086,0.0056459411465422035,0.016793922299027875,0.010353179653242317,0.0034656720723428864,0.0008329272226381959,0.0048073724790901095,0.0017241334221573096,0.0037329610643496492,0.0,0.0,0.0,0.006528990739812386,0.00619912376922849,0.0019795929282065265,-0.006608899242097411,0.0005977583195206713
0.53621256,0.43359295,0.84155923,0.9444444,0.9444444,0.957162,0.3928301,0.19082126,0.21324052,0.9622642,1.0,1.0,0.21324052,0.21324052,0.32074046,0.32023737,0.3912136,-0.06577937357137859,-0.012991107914071622,-0.012514283820837222,-0.006823998557354584,-0.008708336666168,-0.005445168680901864,-0.025137786498073012,-0.029326555026535014,-0.016629295700150808,0.0,0.0,0.0,-0.02437871276223129,-0.0317361878686871,0.0026516763038182335,0.00257744429330968,-0.002838617752674287
0.3098722,0.51654494,0.8376554,0.9444444,0.8199393,0.5799455,0.9,0.30552718,0.32133344,0.9622642,1.0,1.0,0.32133344,0.32133344,0.31449056,0.2769041,0.5452136,-0.12648956058451094,-0.0037717885568844074,-0.01157550952117135,-0.006546407639810665,-0.0014995919326381416,0.005645153841044642,0.0022500649018238885,-0.01734596974231511,-0.01111442273836689,0.0,0.0,0.0,-0.017025263368080575,-0.017819880381889818,-0.0005493518881346133,-0.0005098496030408361,0.0017139619587540173
0.79536164,0.81457967,0.5107355,0.9444444,0.5511425,0.84992,0.9,0.43435052,0.45234296,0.9622642,1.0,1.0,0.45234296,0.45234296,0.40574056,0.35801518,0.61821365,0.008994692494492999,0.001805940010105052,0.00951281492185858,-0.005061364061678947,0.0025778895019347996,0.0006401344650949373,0.003635174007367544,4.8754584143125765e-05,0.0018977396669116818,0.0,0.0,0.0,0.002878577952637663,0.0001502295112292784,0.00038209907123509037,0.0044377674657284675,0.0010378832248508034
0.756026,0.56563276,0.9112921,0.96959347,0.9444444,0.9,0.5467783,0.64964473,0.6615201,0.9622642,1.0,1.0,0.6615201,0.6615201,0.58699054,0.59690404,0.5622137,-0.0024487290716400435,-0.005119275026934869,-0.015514504061455716,-0.004829909458047763,0.0010911026675997357,-0.0005107355054192578,-0.025211253387940093,0.009965466388455831,0.007329633582918212,0.0,0.0,0.0,0.007563327601622847,0.009692123054940768,-0.002003035372493951,-0.001960429756979658,0.0013725192098405464
0.9231587,0.9310345,0.31850472,0.31260648,0.31260648,0.9,0.9,0.69964474,0.70495445,0.9622642,1.0,1.0,0.70495445,0.70495445,0.48199052,0.7246819,0.6162137,0.030008868207551512,0.008134998171128359,0.019690771689583185,0.013541849623397073,0.000767235846744385,0.0015197072330890816,0.005801326336155943,0.007023807999665788,0.0038684594758378555,0.0,0.0,0.0,0.007886672210961369,0.01141958497073734,0.0015384859901281913,-0.007200594633036061,0.0005097008840687747
0.9231587,0.9310345,0.20599519,0.20218046,0.20218046,0.9,0.9,0.4767034,0.49848655,0.9622642,1.0,1.0,0.49848655,0.49848655,0.3319906,0.48801517,0.6162137,0.023116630564783143,0.0023044064192831973,0.016536201234906237,0.013752775158810822,0.00824994850199965,0.00033641631224404564,0.003527985393656804,0.0020565717975339383,0.0026883775941120456,0.0,0.0,0.0,0.0038594487977496174,0.0031229854236158594,-9.72026573581073e-05,0.0022102670651462895,7.995115643979247e-05
0.8527626,0.8163699,0.72067446,0.7073287,0.9444444,0.9,0.78915757,0.5943506,0.6092855,0.9622642,1.0,1.0,0.6092855,0.6092855,0.48199052,0.5291263,0.59621364,0.014606014363010466,0.0015914975461198578,-0.0006610773747341917,0.003267418906309157,-0.0018786203433462662,0.00040525841143565044,-0.0015662848762561083,0.004568715838821014,0.006269778048915837,0.0,0.0,0.0,0.007266920742118468,0.008790225118387136,0.001613112055964813,0.002316657365579247,-5.4004944241150127e-05
0.81430095,0.3961391,0.4823184,0.4733866,0.9444444,0.9,0.38293445,0.32140946,0.34019348,0.9622642,1.0,1.0,0.34019348,0.34019348,0.21574056,0.38912624,0.51121366,0.010783616628692068,-0.012143879438478269,0.009164237141368138,0.0025792281318733636,-0.010191097877838689,-0.0004947010305299073,-0.025416182001061195,-0.004952493196636195,-0.001197837822153862,0.0,0.0,0.0,-0.006955729759896743,-0.011053891781460387,7.254959440062013e-05,0.00414598025880716,0.0019388214975993834
0.9231587,0.9310345,0.43695092,0.42885923,0.42885923,0.9,0.9,0.8714096,0.8667544,0.9622642,1.0,1.0,0.8667544,0.8667544,0.75949055,0.5791263,0.8422137,0.02506667968750604,0.0054438688633489185,0.012328800652560146,0.005183802423846059,-0.0031364138222068987,0.0010441825555208473,0.0039533080612007615,0.008201761378278202,0.0016370870437956231,0.0,0.0,0.0,0.006664576398260713,0.014354065918572943,-0.004922762008866751,-0.0015426148733621232,-0.003265578507599708
0.59064144,0.32993054,0.9020078,0.9444444,0.9444444,0.957162,0.3255945,0.4849389,0.5009777,0.9622642,1.0,1.0,0.5009777,0.5009777,0.3782406,0.5135708,0.52121365,-0.043255585744995356,-0.01486410681252525,-0.013468893094710652,-0.007163431117609924,-0.0020337055446299846,-0.004919285653668534,-0.05055258443260831,0.0036502290045341344,0.0024561050985125437,0.0,0.0,0.0,0.003972140353852654,0.0035908620360826054,0.0025352269614334604,0.001373541258132566,0.001909126176141081
0.8947789,0.6763978,0.6955341,0.9444444,0.9762011,0.76633877,0.9,0.53729194,0.54902476,0.9622642,1.0,1.0,0.54902476,0.54902476,0.39824057,0.56245965,0.57621366,0.02393605148857098,-0.0008042200320831194,0.0013342942906569906,-0.00372753733369259,-0.001847192639432456,-0.0014964638172360344,0.004131693330712633,0.0038131868607975757,0.004031314285926489,0.0,0.0,0.0,0.004585674244588251,0.006849660887037226,0.002095115758353962,-0.00012136362892691349,0.0009209889797243391
0.7909328,0.6270388,0.8582505,0.887077,0.9463495,0.9,0.9,0.29199767,0.31185108,0.9622642,1.0,1.0,0.31185108,0.31185108,0.37824053,0.38468182,0.4112137,0.00452411300346286,-0.0015052736444416711,-0.013604003918483525,0.0001719451384237173,-0.006176433683158794,-0.00043184088643163226,0.0027107773505732667,-0.010892894962077461,-0.009636182251845433,0.0,0.0,0.0,-0.0118949419397546,-0.015981642883184776,0.00016192504512915616,0.0018481524081132036,-0.0006225776835314181
0.9231587,0.9310345,0.2061891,0.20237078,0.20237078,0.9,0.9,0.5172918,0.5328787,0.9622642,1.0,1.0,0.5328787,0.5328787,0.37574053,0.6613486,0.59621364,0.027409361651794216,0.004637478111721637,0.019180976667502386,0.01192021066202459,0.006799037821127696,0.0010285224047823017,0.004692591921832454,0.001694808635007673,0.0029261646074916466,0.0,0.0,0.0,0.0037988259485852802,0.0033565156014817754,0.001341019834621888,-0.0018270902298967928,4.548273420666576e-05
0.9231587,0.9310345,0.3423782,0.33603787,0.33603787,0.9,0.9,0.65611535,0.66948825,0.9622642,1.0,1.0,0.66948825,0.66948825,0.58699054,0.4502374,0.7452136,0.023693068957719922,0.004218361455797084,0.01452481635417697,0.009277110268651169,0.00024392991907572204,0.0009703182871760324,0.0034578566076220807,0.002266822460086367,0.003538704530622149,0.0,0.0,0.0,0.006376953564273281,0.0065319601577048525,0.0004910431502086412,0.003133775195898404,-0.0024591275810167345
0.6838231,0.42426872,0.765759,0.9055723,0.74016756,0.9,0.9,0.6061156,0.61114925,0.9622642,1.0,1.0,0.61114925,0.61114925,0.6694905,0.39579296,0.65121365,-0.014335756893101806,-0.012451227238152764,-0.003744448226239642,-0.0013470788009367896,0.0021718855300541288,6.641444743878677e-06,0.005613430992367819,0.010890674452880443,0.005175186713145897,0.0,0.0,0.0,0.007536970730868359,0.008782784636985792,-0.005425290306430629,0.0060578152668708755,0.0011463829853745546
0.69151545,0.7655489,0.7806926,0.9292485,0.7661254,0.9,0.9,0.22082116,0.23786874,0.9622642,1.0,1.0,0.23786874,0.23786874,0.40699053,0.2324596,0.4862136,-0.01987020593879184,0.00307118335395689,-0.007897762175037806,-0.003392246451406507,0.0006341943571906383,-0.0004955111690480592,0.0030293059456236227,-0.021247575681011658,-0.019626159078375772,0.0,0.0,0.0,-0.028409502916817552,-0.028366745998468616,-0.0004900798505960009,-0.0033818421820117866,0.0008789976355275506
0.6912241,0.68572336,0.7317659,0.7182147,0.9444444,0.9,0.71292925,0.2872918,0.30502453,0.9622642,1.0,1.0,0.30502453,0.30502453,0.5069905,0.22690402,0.42221364,-0.018153164934234856,0.0005817419500412775,-0.002108254575418533,0.005818012907969323,-0.010462527521566916,-0.0005627199020929842,-0.0046122379592868435,-0.014592753734457842,-0.010496298086975503,0.0,0.0,0.0,-0.011656568216316408,-0.017797379508413192,0.0014857374446558256,-0.004418904884401952,0.0019299170874677125
0.63353187,0.65826845,0.6245203,0.9444444,0.5827842,0.7431204,0.9,0.31552708,0.33554608,0.9622642,1.0,1.0,0.33554608,0.33554608,0.44699055,0.24023734,0.50121367,-0.029585092230606572,0.0005852168436838816,0.006846821335917363,-0.005480657180313185,0.00770207967583011,0.0016337940435232,0.002790140548946771,-0.00611400158015771,-0.005416737045701004,0.0,0.0,0.0,-0.008807854516094355,-0.011419023278824452,0.0012907673631991129,0.0031142329438729227,0.0014568849446557925
0.6332404,0.67211795,0.7862884,0.9444444,0.84051627,0.64971405,0.9,0.43846825,0.45861474,0.9622642,1.0,1.0,0.45861474,0.45861474,0.3644904,0.43690407,0.58921367,-0.027755556523260762,0.0012584029250079954,-0.0034070724508786353,-0.004458317510171733,0.0017438367550973292,-0.0023518399952136013,0.002917317068178923,0.0017806436996760078,0.001987410006812851,0.0,0.0,0.0,0.0043770480060158715,0.001144949325968177,0.0012750193732674942,0.004480045554923091,0.001149229971713527
0.547751,0.17919374,0.6750187,0.9444444,0.6625184,0.1732206,0.9,0.452586,0.47468603,0.9622642,1.0,1.0,0.47468603,0.47468603,0.5119905,0.57912636,0.36721364,-0.04237983521481139,-0.04179056651564295,0.002125848235539427,-0.006025171652828693,0.003806853123855427,-0.027055504564242563,0.0022614433840718717,0.0008879370871019873,0.0012749814981509696,0.0,0.0,0.0,0.0026311099428035657,-0.0003367518387745322,0.00038695007396737926,-0.002596851718503861,-0.004872168760969199
0.7719933,0.78266585,0.77028126,0.9444444,0.7073162,0.80964357,0.9,0.440233,0.4577879,0.9622642,1.0,1.0,0.4577879,0.4577879,0.46949053,0.5835707,0.37721366,0.0019589911762587244,0.0036507149091094294,-0.0035005868005092183,-0.005746250944514371,0.002875182638898384,0.00027897923710533244,0.0036909107326063484,0.0014855894651638456,0.0019087333875267617,0.0,0.0,0.0,0.0036610910692773625,0.0003249487673580337,0.0018899699123719482,-0.00015651347329712122,0.0022080863792804627
0.7255481,0.7545337,0.7264684,0.9166222,0.9444444,0.9,0.72938263,0.6190566,0.6328891,0.9622642,1.0,1.0,0.6328891,0.6328891,0.53074056,0.6980152,0.5102137,-0.002539655694061844,0.0029928443883502904,-0.00022711831749950464,-0.002538046504618169,1.0578358795321347e-05,0.00010497853248941424,-0.006639177548546292,0.008270541775841515,0.006614360234084895,0.0,0.0,0.0,0.008392678671942237,0.013017826678914551,0.0006692447977664097,-0.00875309090828088,0.0021138802133356042
0.83737797,0.86883026,0.37637192,0.9444444,0.36940208,0.83986926,0.9,0.5319978,0.5382995,0.9622642,1.0,1.0,0.5382995,0.5382995,0.5132405,0.54468185,0.5322137,0.016855766042712696,0.005476037879389139,0.011354702002061165,-0.007100342770960804,-0.00026299817529949206,0.0008329187776032473,0.005229655853205966,0.00417321841323558,0.0019251351018886712,0.0,0.0,0.0,0.00455296499944117,0.004776518599737155,0.0013479293345886856,-0.00011878161773826953,0.0012620244319337815
0.42496544,0.5854421,0.8408681,0.9444444,0.9444444,0.5659274,0.6273937,0.5908213,0.6087852,0.9622642,1.0,1.0,0.6087852,0.6087852,0.46949053,0.6802374,0.5952137,-0.07986147603567217,-0.003594582968199004,-0.008362010166846588,-0.00662102550089807,-0.0011202482338111555,0.0016572989732847997,-0.010865100286257584,0.009108192714491125,0.005644325209280242,0.0,0.0,0.0,0.007004858173139323,0.009537148057809131,0.0015164298965213863,-0.007759221660415046,0.0014487328157453871
0.87968564,0.7893743,0.71492994,0.9928678,0.78061736,0.9,0.9,0.56023294,0.5744039,0.9622642,1.0,1.0,0.5744039,0.5744039,0.5319905,0.44579294,0.7042137,0.02576477567833345,0.0020989010519577344,-0.0004940924618457076,-0.006049227221326482,0.001901549233717074,0.0008554360931049504,0.004345747549856428,0.005305309660787352,0.004380609085601144,0.0,0.0,0.0,0.00610468098170993,0.006967094059628521,0.0010333593899808768,0.0043638507684055,-0.0034398188303594356
0.9231587,0.9310345,0.18331641,0.17992166,0.17992166,0.9,0.9,0.46552703,0.48242885,0.9622642,1.0,1.0,0.48242885,0.48242885,0.52449054,0.48690403,0.4622136,0.027647115003282218,0.007373927136749308,0.018804593154843376,0.012166819139440753,0.010548798679011744,0.0008615031510759171,0.006080726228291616,0.002493843275504921,0.0029122586385504517,0.0,0.0,0.0,0.0034668285780446277,0.0028384272505366675,0.0013162670068330223,0.0030760254612326034,0.00101908558155707
0.89536154,0.8209112,0.7573962,0.92144537,0.8129072,0.9,0.9,0.29788005,0.30798116,0.9622642,1.0,1.0,0.30798116,0.30798116,0.41074055,0.51245964,0.24321365,0.03105114629405218,0.003910105197274837,-0.002518220519689495,-0.004981488476231797,0.0006834547606976457,0.00019499776636597172,0.0034955134984895157,-0.008648121209570661,-0.00992691255721784,0.0,0.0,0.0,-0.012460948213537413,-0.020685332113927382,-0.0007329615669481172,0.0027906350882652294,-0.006790069563344682
0.65573466,0.03298618,0.7776465,0.9444444,0.9444444,0.79354715,0.03188664,0.25552726,0.27683753,0.9622642,1.0,1.0,0.27683753,0.27683753,0.3019905,0.2324596,0.5452136,-0.02748916683687108,-0.034405046797638256,-0.006075806566470061,-0.004876557692205665,-0.008097188898246841,0.0025119203296907534,-0.06309398335470123,-0.013995028135388077,-0.008647974352786504,0.0,0.0,0.0,-0.015256822376680556,-0.016483791359852867,0.003968798802580221,0.005271472924725667,0.0021406698945884086
0.85987216,0.64563924,0.8224189,0.94615734,0.9444444,0.9,0.68710077,0.75140965,0.7655595,0.9622642,1.0,1.0,0.7655595,0.7655595,0.4907406,0.72912633,0.7582137,0.018858350498673633,-0.0009131579010462648,-0.007186586701417388,-0.003735806772960799,0.002631945063983968,-0.0006698291406034432,-0.008419067959909652,0.011169898028287354,0.0063123810549695234,0.0,0.0,0.0,0.005848198652211811,0.016324438933421368,0.0008065643482831922,-0.011292027535611806,-0.006744483628005908
0.8409328,0.7029824,0.86266494,0.84668964,0.9762011,0.9,0.9,0.63082147,0.6444437,0.9622642,1.0,1.0,0.6444437,0.6444437,0.7032406,0.48468176,0.5862136,0.018226535870597943,0.002367759653908086,-0.010167003557608306,0.0008781615078438426,0.001452577554280787,0.001006646713318605,0.005806023528589042,0.008966002626008905,0.006380331493121632,0.0,0.0,0.0,0.007303055686967256,0.009243656155232911,-0.0060101614329678065,0.002423311638638661,0.0006557806000826954
0.7066087,0.7409425,0.76010555,0.86468667,0.9410746,0.9,0.9,0.51199776,0.52373713,0.9622642,1.0,1.0,0.52373713,0.52373713,0.41199058,0.5546818,0.5462136,-0.013733084841945669,0.00119608889437107,-0.003605134957184112,-4.965251886948907e-06,-0.0008385156277489038,0.0005538057446841287,0.003310552241247413,0.003852519315346156,0.003401709450231548,0.0,0.0,0.0,0.005410851612318694,0.0048912815236131545,0.0013421450351544767,0.0006711808018004775,0.0016273199458427883
0.7637183,0.56563276,0.884752,0.8683677,0.9444444,0.9,0.84992,0.5084683,0.5292695,0.9622642,1.0,1.0,0.5292695,0.5292695,0.56074053,0.51357067,0.51721364,0.007322152235826937,-0.003464615353130063,-0.011567752892564785,0.0011424374165198436,0.0007013793842155767,2.617888520097802e-05,0.001833599570671398,0.006794223976850612,0.0047653402625796116,0.0,0.0,0.0,0.00683188645604271,0.006567290875191331,-0.001015038161628665,0.00252370345135885,0.0022290411766248304
0.74862504,0.86994475,0.83726114,0.9762011,0.9444444,0.9,0.9034291,0.4849389,0.5011522,0.9622642,1.0,1.0,0.5011522,0.5011522,0.54574054,0.47468185,0.5052136,-0.0011378744540778097,0.0002623253938694559,-0.010178468990745829,-0.007675988023111285,-0.00029978123988808704,0.0003694747660714371,0.005274170605942279,0.0030180686145252905,0.0034972336919174584,0.0,0.0,0.0,0.005823005458714794,0.004033299330591265,0.0004842527863117858,0.0036035162614030387,0.0020932079372991304
0.83708656,0.5122777,0.7167952,0.9444444,0.9444444,0.8194291,0.4952018,0.53670365,0.5496502,0.9622642,1.0,1.0,0.5496502,0.5496502,0.2907405,0.5335707,0.7632137,0.014771818003823798,-0.001606735849224641,-0.0004842712292666637,-0.0036858165042450734,-0.0002702419567107394,0.0008263967322443169,-0.025453595687866582,0.0038313665161284725,0.0036777898395787354,0.0,0.0,0.0,0.005363531187652334,0.005600315410487835,0.0011955748187129154,0.0014004073227664004,-0.004355844724914093
0.9231587,0.9310345,0.0029933194,0.0029378876,0.0029378876,0.9,0.9,0.056703456,0.07598651,0.9622642,1.0,1.0,0.07598651,0.07598651,0.3069905,0.03690391,0.3952136,0.03084253783861297,0.010747507162921388,0.035294251219927,0.01509755956437032,0.039678349250464595,0.00034279305510650533,0.0025076559559137146,-0.017717407317491825,-0.016462804363401598,0.0,0.0,0.0,-0.04004483045775439,-0.030570642573958362,-0.0013941019913567309,-0.013278296018216007,-0.001383144184353542
0.07111933,0.45829123,0.8434268,0.9463495,0.9444444,0.9,0.38949662,0.26729178,0.28718257,0.9622642,1.0,1.0,0.28718257,0.28718257,0.3869905,0.41357073,0.35121363,-0.20173471752793254,-0.012113027004152723,-0.01246844784290578,-0.010408102682813461,-0.008563171305460736,-0.0009136537874244835,-0.023133346185944915,-0.02178318206676178,-0.008473140594030905,0.0,0.0,0.0,-0.019007847172404176,-0.022628274144997435,0.0016008044322972843,0.003712703403721686,-0.006150762292109032
0.9231587,0.9310345,0.083456144,0.08191066,0.08191066,0.9,0.9,0.26199767,0.28592452,0.9622642,1.0,1.0,0.28592452,0.28592452,0.14199042,0.50023735,0.45921364,0.02517732831189054,0.006553466560771184,0.022653596421671987,0.0184381961581784,0.014931118017824844,0.000599912458032597,0.0033671278455523635,-0.0005743274899883766,-0.003364377849347102,0.0,0.0,0.0,-0.010379426256111155,-0.009234971964081901,-0.0030244157865196007,0.002375079683922439,0.0008067174972643601
0.83737797,0.75950354,0.67808795,0.9444444,0.7433743,0.79684675,0.9,0.6919979,0.70703685,0.9622642,1.0,1.0,0.70703685,0.70703685,0.40074056,0.6435707,0.78921366,0.013437854530733073,0.0016669590459948613,0.0015160765725469134,-0.005458513925763846,0.0012594506715105584,0.0012486281950017813,0.004732531574979805,0.010208246817627957,0.005310671109623721,0.0,0.0,0.0,0.00671131661688308,0.013884940613914765,0.0011490163758555742,-0.0037810688820262657,-0.006194149604474754
0.90719134,0.8378506,0.7974856,0.9444444,0.9116092,0.9030832,0.9,0.6414097,0.65526885,0.9622642,1.0,1.0,0.65526885,0.65526885,0.5632406,0.65912634,0.5382136,0.025807001616288155,0.0037156578421020416,-0.004735539528048484,-0.0034392256562076717,0.0022144893752069493,0.001343972699071072,0.0026231415351941983,0.00783507103975214,0.00615873752357145,0.0,0.0,0.0,0.007312777690998005,0.011911115843393003,0.0007305071992748473,-0.003998654691354584,0.0013131719038236421
0.7835318,0.7375587,0.6584123,0.9444444,0.61286825,0.7129734,0.9,0.3778801,0.39152446,0.9622642,1.0,1.0,0.39152446,0.39152446,0.44949055,0.5113485,0.38421363,0.00706536335074685,0.001729748459027099,0.0034108289991397235,-0.006487230004650302,0.001349906739743138,-0.0007177648792851846,0.0033892969198708045,-0.002530768363298487,-0.0010444706213412279,0.0,0.0,0.0,-0.001700648100165415,-0.0066223406947034415,0.0021102845547061157,0.002643952778431025,0.0004807792229202318
0.8992078,0.87604517,0.7376312,0.9463495,0.94615734,0.9,0.9,0.30493903,0.32167894,0.9622642,1.0,1.0,0.32167894,0.32167894,0.19699037,0.5391263,0.47721356,0.03475383459032404,0.0006446504359204123,-0.0014835234897226039,-0.00577261025303939,-0.005663650662547175,0.0004996734521302693,0.0027688759061148347,-0.007945994927594695,-0.008816075852869908,0.0,0.0,0.0,-0.00936635160359544,-0.017874103658934788,-0.0100727563992359,0.002337210809685137,0.0015749522389774029
0.5483337,0.5616415,0.8280278,0.8555725,0.9444444,0.9,0.80964357,0.24964479,0.26995277,0.9622642,1.0,1.0,0.26995277,0.26995277,0.2594905,0.26023728,0.5462136,-0.05833418963420696,-0.002917462776163054,-0.010487922268152086,0.0004157949484556632,-0.008816280880755258,-0.0008968353495766005,0.0007746307403641006,-0.023949980930893514,-0.014296038320841187,0.0,0.0,0.0,-0.023865626934015827,-0.025868756123406847,-0.0023609497163241296,-0.002110066838734396,0.0018186163186665301
0.7607462,0.7655489,0.55559844,0.94615734,0.9444444,0.9,0.7400306,0.43317413,0.45128763,0.9622642,1.0,1.0,0.45128763,0.45128763,0.26074052,0.7169041,0.44621363,-0.0038052716917838358,0.0027703711786220718,0.003161830540984159,-0.006569535306857264,-0.005272296566667472,-9.730688604005611e-05,-0.005203832530239169,-0.00021974888454196235,0.000713893087284595,0.0,0.0,0.0,0.0016590414335708958,-0.0027434750500855082,-0.001190195310120671,-0.008732749780591716,0.0015240076905764716
0.9231587,0.9310345,0.24077289,0.23631413,0.23631413,0.9,0.9,0.50140965,0.51693463,0.9622642,1.0,1.0,0.51693463,0.51693463,0.5632405,0.35023743,0.5782137,0.022491901142188523,0.005754996656107223,0.01563924817127442,0.006739808958645378,0.007419878179696344,0.0007084292314254725,0.004269494313101018,0.0019232879974962838,0.002529231791831383,0.0,0.0,0.0,0.003724606098025446,0.003401392387409875,0.0008053369297224934,0.0030164832690580765,0.0008812796602603864
0.6758394,0.45485604,0.75679934,0.92096955,0.69815123,0.9,0.9,0.67023313,0.67897403,0.9622642,1.0,1.0,0.67897403,0.67897403,0.6407406,0.57912636,0.5162137,-0.011128102244178307,-0.012739584736093513,-0.001137628522178989,-0.0013272259676301577,0.002968307458013666,0.00035654193497452693,0.004111729398141684,0.015577171684645626,0.004195340155943894,0.0,0.0,0.0,0.007582674286617285,0.014085052354109005,-0.004540596375525522,-0.00283235008483635,0.0018527639333554855
0.8453616,0.7996218,0.69413686,0.9928678,0.8254545,0.9,0.9,0.24788004,0.2659786,0.9622642,1.0,1.0,0.2659786,0.2659786,0.36574042,0.3080152,0.44621363,0.012801025785879898,0.0022593624527399315,-0.00033348051498111335,-0.008721742153339646,-0.0012871835546101101,0.000312110607354327,0.002998707984005727,-0.013695827532737716,-0.013745513485942796,0.0,0.0,0.0,-0.019292370649964523,-0.02402937287523639,-0.0014783463273173839,0.0018655726804226547,0.0011405134271126694
0.8219933,0.9097383,0.6865084,0.88541526,0.9444444,0.9,0.8794137,0.16552712,0.18877383,0.9622642,1.0,1.0,0.18877383,0.18877383,0.30949044,0.29690403,0.34421358,0.014863723865938634,0.0037603450246443144,0.0007755817044674154,-0.002795460697588877,-0.008751108662731552,0.0003908109359634757,0.003412684574930844,-0.021857414470925023,-0.024402696431037887,0.0,0.0,0.0,-0.031217701442670595,-0.035561557713235124,-0.002931233650717822,-0.001364887270763212,-0.00011081141929729973
0.22170201,0.47922045,0.8112661,0.9444444,0.9444444,0.98716205,0.62722605,0.24140953,0.25005656,0.9622642,1.0,1.0,0.25005656,0.25005656,0.19699049,0.07357057,0.75021374,-0.14635078630883797,-0.006129396548840534,-0.013050330795272166,-0.004822851344404993,-0.014371830514112574,-0.00406048917565131,-0.0063405084164378225,-0.02574727866715305,-0.013009416125642654,0.0,0.0,0.0,-0.029712942714343132,-0.02787810609107673,-0.0026569521326961143,-0.00518684384538471,0.005538399283239352
0.26785582,0.5445964,0.7959171,0.94615734,0.8720297,0.9,0.9,0.19964465,0.21959563,0.9622642,1.0,1.0,0.21959563,0.21959563,0.3019905,0.5680153,0.1992137,-0.14460100322220146,-0.007215162949013112,-0.007076142339844863,-0.009450071564369777,-0.0026604001445901244,-0.001824773023840838,0.003043706277059941,-0.02969070281422389,-0.014915581447044557,0.0,0.0,0.0,-0.028207687993652097,-0.03206999635335998,0.0003828105134170072,0.0017421141233186182,-0.011617147180496197
0.5214106,0.51654464,0.8955009,0.9444444,0.8745332,0.4993265,0.9,0.5378802,0.5510612,0.9622642,1.0,1.0,0.5510612,0.5510612,0.3019905,0.5491263,0.70521367,-0.05344392933853823,-0.001321507649241628,-0.012391281282013748,-0.003567538517966938,0.0019024612023955862,-0.003523353375435519,0.00477159313345397,0.007824805767131371,0.005858627468725298,0.0,0.0,0.0,0.00822237494431095,0.008105352541430943,0.0037831524982709992,0.00020544143626383766,-5.672181176330957e-05
0.83382314,0.7655489,0.79893535,0.947526,0.847899,0.9,0.9,0.6114096,0.6149113,0.9622642,1.0,1.0,0.6149113,0.6149113,0.5157405,0.6013485,0.6642137,0.015452058311786688,0.0016099472228631334,-0.005592818560869648,-0.004638583459189121,0.0020453580538259096,-0.00032143865953472627,0.005965790730343134,0.007395757939986753,0.005104718694384333,0.0,0.0,0.0,0.006197267465572256,0.00907383987777296,0.000554498788727103,-0.0022225959990329744,-0.0032887164409598504
0.62141067,0.54419273,0.8380958,0.9410746,0.9928678,0.9,0.9,0.3914096,0.40730447,0.9622642,1.0,1.0,0.40730447,0.40730447,0.21574044,0.49579293,0.5902136,-0.039164596209821184,-0.004234010386936653,-0.00761961033558336,-0.004877851575410258,-0.004531702382479621,-0.00048797298545565185,0.0023007427407109164,-0.003464085781362588,-0.0015518352452432646,0.0,0.0,0.0,-0.002577658193731625,-0.008498581915023841,-0.005111546765340751,0.004050951967436806,0.0018711335633328355
0.9231587,0.9310345,0.13860491,0.13603815,0.13603815,0.9,0.9,0.37493873,0.39431322,0.9622642,1.0,1.0,0.39431322,0.39431322,0.5069905,0.346904,0.4322136,0.02356715316296345,0.008266902878389383,0.014224591002131614,0.007662710323384006,0.013124995735862083,0.0011210126851138673,0.0024067957057631955,-5.4579229013160676e-05,-0.000350362060433566,0.0,0.0,0.0,-0.004057076564332224,-0.0033029712426677284,0.0005735502064184544,0.0016561335682136373,0.00016287554452337503
0.80247116,0.69919527,0.6196854,0.6082098,0.9444444,0.9,0.6535715,0.42846838,0.43402454,0.9622642,1.0,1.0,0.43402454,0.43402454,0.5157405,0.3713485,0.5602137,0.009454466081322213,0.00023043263164643988,0.0041186325963231026,0.003102518843737822,-0.006893037480794665,-7.379611219961843e-05,-0.008729943509404467,0.0027255988306963195,0.0020419225562419594,0.0,0.0,0.0,0.0017647678146012194,-0.000720536638861111,0.001199920544130887,0.004555599501163641,0.00045486585363071515
0.73294914,0.82111806,0.8810814,0.9444444,0.9444444,0.7937475,0.7400306,0.53493893,0.5548544,0.9622642,1.0,1.0,0.5548544,0.5548544,0.4494905,0.8335707,0.3272136,-0.003806750467630915,0.005469221448352252,-0.010717488874202201,-0.004368199075539474,0.0002886375484912541,0.0013223308887991845,-0.0034360530337752705,0.007632029849202221,0.005990380310899541,0.0,0.0,0.0,0.0077972322240795,0.008454424636790638,0.0026628969780006883,-0.017861489468809694,0.0008605284676200259
0.72939426,0.2505649,0.91294676,0.94615734,0.9444444,0.9,0.24221274,0.37140948,0.39092743,0.9622642,1.0,1.0,0.39092743,0.39092743,0.5432405,0.4291262,0.4282136,-0.00727574948787935,-0.026041465718945993,-0.016463100907760327,-0.0051466558053571195,-0.003705276541255591,-0.0019100065378118078,-0.05327821058688555,-0.003620526770973139,-0.0013600828471411145,0.0,0.0,0.0,-0.002608859508957899,-0.003566319174059106,-0.0005042769579977156,0.003636882018379574,-0.0012729180426369494
0.7131356,0.37766153,0.67553633,0.9762011,0.69777864,0.9,0.9,0.5508212,0.56848,0.9622642,1.0,1.0,0.56848,0.56848,0.3644905,0.49468178,0.7102137,-0.00968330713611009,-0.015832914197126628,0.0029157059838594195,-0.0075236697436814074,0.000699457417597197,-0.0007791748589971131,0.004761299135837354,0.007024633288272447,0.004251960446780876,0.0,0.0,0.0,0.00797564340515806,0.009101661305467908,0.0013393745626996973,0.002608057168667972,0.0010744475147594576
0.77968556,0.58706284,0.6807032,0.6680976,0.9928678,0.9,0.9,0.52493894,0.53597933,0.9622642,1.0,1.0,0.53597933,0.53597933,0.5032406,0.5246818,0.52221364,0.004244034350430901,-0.0017920293035889182,0.0014737932441086312,0.003834763639537037,-0.004311896386157085,0.0010200651994957918,0.004708349463251139,0.00500399535100536,0.004184747437919835,0.0,0.0,0.0,0.006077049921064789,0.005814866294932996,0.0011639967173847831,0.0026700258307776905,0.001566683911517311
0.9231587,0.9310345,0.17405477,0.17083153,0.17083153,0.9,0.9,0.3543506,0.37371433,0.9622642,1.0,1.0,0.37371433,0.37371433,0.16824055,0.5813486,0.4832136,0.027577755294724247,0.006323174285945527,0.020536459728424702,0.015993194702093438,0.010645244864383318,0.00031773696783249947,0.004037634600869252,0.0017746808933629633,-0.0004696472670344655,0.0,0.0,0.0,-0.0032375753297775385,-0.002400991718627327,-0.003554440280933039,0.002091618796982721,0.001098384039242933
0.9231587,0.9310345,0.3680903,0.3612738,0.3612738,0.9,0.9,0.6925861,0.70953405,0.9622642,1.0,1.0,0.70953405,0.70953405,0.6982405,0.6724597,0.50121367,0.031234016545815077,0.008229747832752387,0.01805648719457893,0.01155411833161432,-0.0005574453097312812,0.001430511846356548,0.006426854442171281,0.006404837503538827,0.003706644002796873,0.0,0.0,0.0,0.007208233004845354,0.01146011687726688,-0.003229752843456118,-0.005291631458500382,0.0009033261029063363
0.9231587,0.9310345,0.33255953,0.32640103,0.32640103,0.9,0.9,0.7055271,0.7191934,0.9622642,1.0,1.0,0.7191934,0.7191934,0.4344905,0.5791263,0.7532137,0.024793312526810992,0.00650171537434192,0.01715482285409544,0.0109604743016509,-0.0010307356465557719,0.0007546787487350507,0.004152003049995494,0.004079099182134055,0.003639359636701089,0.0,0.0,0.0,0.007642373726595547,0.009371525295934014,0.0018820942747684204,-0.00013697927848337706,-0.0015330405556326146
0.8137183,0.6926649,0.85486466,0.9444444,0.94615734,0.6695761,0.9,0.48729202,0.50176364,0.9622642,1.0,1.0,0.50176364,0.50176364,0.4957406,0.36690405,0.6292137,0.011638999113023747,0.0012384707654434046,-0.007717146415138733,-0.0018943511290817985,-0.0016259406964651872,-0.003510886121946295,0.0031999781228761372,0.005656115833987023,0.005745327412334125,0.0,0.0,0.0,0.006873302686956564,0.005203782198148562,0.0014582917485262848,0.004572990797084885,-0.0007055092090932827
0.564301,0.2161496,0.59624106,0.9410746,0.6814096,0.9,0.9,0.34729183,0.36352986,0.9622642,1.0,1.0,0.36352986,0.36352986,0.37574053,0.40801513,0.49421367,-0.04874913502965004,-0.035352051981208464,0.007989209178587923,-0.00826797323538805,0.0044691558916483565,-0.0006708857800071383,0.0026689579902135344,-0.0051290402407229985,-0.0003862713171876685,0.0,0.0,0.0,-0.005964540901893595,-0.009452619831925867,0.0005117194002107617,0.006008480983146852,0.0006101832600304985
0.88766927,0.8209112,0.68383425,0.67117065,0.9444444,0.9,0.7935475,0.3555272,0.36796808,0.9622642,1.0,1.0,0.36796808,0.36796808,0.42574054,0.39579296,0.41221362,0.025664648837561983,0.0019721046061235083,0.0018181061511235693,0.0033772299397945094,-0.006375781107235681,0.00026231094601119855,-0.00040540652922542425,-0.001149362288695024,-0.0032295089424018747,0.0,0.0,0.0,-0.0023418498454278237,-0.006733856272361956,0.0010621542496690721,0.0026381753194387415,0.002066477869923228
0.84122413,0.78289807,0.6844821,0.6718065,0.9444444,0.9,0.7030904,0.45435065,0.46991798,0.9622642,1.0,1.0,0.46991798,0.46991798,0.39699054,0.5113485,0.5052136,0.016938465826010343,0.0017759750880238284,0.001923159228692653,0.004300677888303492,-0.0014112877565662174,1.7036514088679156e-05,-0.006228830368417778,0.0034270909242587085,0.0026145405547729804,0.0,0.0,0.0,0.003552058344637746,0.001599799676057276,0.00045120441628306924,0.0025507102642103774,0.0021577786691403446
0.9231587,0.9310345,0.22505373,0.22088607,0.22088607,0.9,0.9,0.48552728,0.49933687,0.9622642,1.0,1.0,0.49933687,0.49933687,0.3019905,0.74801517,0.45521364,0.03020522559026377,0.0068332260487137565,0.01937922082396761,0.012798422026594898,0.00803897861197193,0.0011579465190710422,0.005948846425975154,0.002769361738420333,0.002820920719744974,0.0,0.0,0.0,0.0034865234583227587,0.0037477973642131624,0.0010971917281786504,-0.004350877204713133,0.0006724502402494222
0.8799769,0.81457967,0.47276542,0.9444444,0.94465274,0.84992,0.9,0.43023324,0.44955853,0.9622642,1.0,1.0,0.44955853,0.44955853,0.32949054,0.54468185,0.49021357,0.025092510508955293,0.0013405861475869819,0.00386517682846811,-0.00885049450182947,-0.008010623384773995,0.0003042630975532997,0.0038830709706435523,0.00027093789309628915,0.0022879025759109032,0.0,0.0,0.0,0.0030620167928713336,-0.0011709055649024482,-0.001802821940265549,0.0009294898260220244,0.0005087263835866644
0.70631737,0.679001,0.8109745,0.9762011,0.7799308,0.9,0.9,0.33140945,0.3508965,0.9622642,1.0,1.0,0.3508965,0.3508965,0.3169905,0.40134844,0.49321365,-0.012189225121306064,0.0025075222290235916,-0.006634864241474992,-0.007391780570049515,0.0033188684851422146,-0.0006664912793781415,0.004605704096402989,-0.0085651058837233,-0.005285742063781343,0.0,0.0,0.0,-0.00852070832554263,-0.014367914723714036,-0.001630842047876438,0.0049201653608504144,0.0018555314550525626
0.648625,0.6761084,0.8102086,0.9444444,0.70710516,0.6535715,0.9,0.5419978,0.56000805,0.9622642,1.0,1.0,0.56000805,0.56000805,0.5457406,0.6069041,0.47521362,-0.020415499019438673,9.413697554843741e-05,-0.005763596214004852,-0.003214636939269817,0.0026343462256661104,-0.003466408502199848,0.004164086300098555,0.0065065027393953635,0.005181474971172999,0.0,0.0,0.0,0.007295763555522101,0.0070578867668446175,-0.0010634557532711898,-0.0028090400992459717,0.001261485618429323
0.6675645,0.73350906,0.79584855,0.9444444,0.9444444,0.70905876,0.6458051,0.7731743,0.7852245,0.9622642,1.0,1.0,0.7852245,0.7852245,0.73324054,0.7135708,0.63021374,-0.01997686360649775,0.0009160931709270195,-0.004190332431442596,-0.002397574524384338,0.0010940221918801971,0.0012121482406555104,-0.013441162467855965,0.01351146416877772,0.006962271374063856,0.0,0.0,0.0,0.007487883594572914,0.015330600438008816,-0.010136639017316176,-0.011644249086925382,0.00048459444167036806
0.9231587,0.9310345,0.11595845,0.11381107,0.11381107,0.9,0.9,0.2561152,0.27703825,0.9622642,1.0,1.0,0.27703825,0.27703825,0.2969905,0.3813485,0.36721364,0.027185173937048456,0.007997703328032934,0.020750688399899166,0.015858475584683663,0.018492091563158265,0.0008602919874049855,0.0030580154183576375,-0.0026412401804812593,-0.0029932562083581633,0.0,0.0,0.0,-0.012179618426746409,-0.010465060978008235,0.0004164914872184233,0.0009676662076500617,-0.0011896129184246606
0.77997696,0.5261927,0.48290288,0.9444444,0.47396025,0.508653,0.9,0.42788002,0.44411457,0.9622642,1.0,1.0,0.44411457,0.44411457,0.5944905,0.5135708,0.39321366,0.008313519280806808,-0.007849854563483303,0.010137869985131548,-0.0028538810977830876,0.002171407176547433,-0.00986426053632869,0.0021865494955040383,5.057112058551729e-05,0.0022013539927673038,0.0,0.0,0.0,0.0026583057469172643,-0.0019357959432952942,-0.0012523688520287126,0.001490653310308446,-0.0023012389245387053
0.613427,0.6102719,0.88286614,0.9762011,0.9762011,0.9,0.9,0.65788025,0.67338836,0.9622642,1.0,1.0,0.67338836,0.67338836,0.59449047,0.5424596,0.6442136,-0.032480519076309465,-0.002056719619129374,-0.014116310841535919,-0.005615227650724111,0.0017256590872589041,0.00023738303226171432,0.00450457715922236,0.012665320403392926,0.007366628850184287,0.0,0.0,0.0,0.008333726665686792,0.012191144906889818,-0.001710676400548619,0.00031334278402641116,8.688133922314122e-05
0.9231587,0.9310345,0.2589404,0.2541452,0.2541452,0.9,0.9,0.56435066,0.5785881,0.9622642,1.0,1.0,0.5785881,0.5785881,0.46949053,0.7035707,0.5122137,0.028734236895516175,0.008065755656788538,0.019537706441185774,0.011822171078432446,0.002886392870264185,0.0023834086347692593,0.004615418373571102,0.001885229434089583,0.0027989254224584665,0.0,0.0,0.0,0.0049825225907489425,0.005331104019667987,0.0013259484649753256,-0.005261778758299014,0.000802230213523098
0.8489164,0.78252,0.84639025,0.96959347,0.7925869,0.9,0.9,0.6131742,0.6229876,0.9622642,1.0,1.0,0.6229876,0.6229876,0.63699055,0.5291263,0.5952137,0.019446049931658323,0.0021544843056856547,-0.008089833507753568,-0.004336536801045437,0.0013656217955761885,0.00024167463450119927,0.005109767071965079,0.008643222758557756,0.00690363608739596,0.0,0.0,0.0,0.007217747164760608,0.009457483456760379,-0.001166950400089977,0.0010585247294745343,-0.00019623287371811835
0.87939423,0.7579439,0.7773569,0.915114,0.9444444,0.9,0.79526514,0.75199777,0.7655901,0.9622642,1.0,1.0,0.7655901,0.7655901,0.48574048,0.7080152,0.7562136,0.02301372924951725,0.0016924825376999262,-0.002661746116424432,-0.0024343535033713925,0.002454853557772403,-0.0004010903469821866,-0.00013477415343545436,0.012004963706188978,0.006294482750639838,0.0,0.0,0.0,0.00596002741863533,0.016921416596491056,0.0014792604637646131,-0.008384335626377923,-0.0065000156194882485
0.87881154,0.33478084,0.908287,0.89146686,0.8944163,0.9,0.9,0.7984684,0.8089616,0.9622642,1.0,1.0,0.8089616,0.8089616,0.6482405,0.6435707,0.70521367,0.017608012732241177,-0.017183453285539597,-0.013052640644530922,-0.001716107307585643,0.0031778554235419388,0.0011756784810431605,0.004555715441782572,0.013249501567838757,-0.0002913598303969749,0.0,0.0,0.0,0.003860251164772334,0.0131952761676419,-0.003378646816046461,-0.005685983408516307,0.00012713911503224414
0.8953616,0.82111806,0.7375209,0.8278078,0.8683477,0.9,0.9,0.5761153,0.59712285,0.9622642,1.0,1.0,0.59712285,0.59712285,0.35199058,0.78357077,0.49621361,0.025118225783400033,0.0027535392153385683,-0.0020397829173938553,0.0003391225093102564,0.0013880812684336054,0.00015701682732682286,0.005726266684877988,0.0041453048597720225,0.004882875803000336,0.0,0.0,0.0,0.005689212814070227,0.00928146813261015,0.001420544820213308,-0.010686295491830769,0.0013429617950574551
0.9231587,0.9310345,0.25825176,0.25346932,0.25346932,0.9,0.9,0.5643506,0.57505524,0.9622642,1.0,1.0,0.57505524,0.57505524,0.3019905,0.5369041,0.71021366,0.028067780943570413,0.004431090466861371,0.016825871521693368,0.01465815987055262,0.006125904581270645,0.0004238923377280372,0.0043758954495770426,0.0018941906253867847,0.003394659380071552,0.0,0.0,0.0,0.004991335971483268,0.00490233472271282,-0.0008495750301504524,0.0015283735898600674,-0.000910773195811438
0.6104548,0.7104368,0.72851044,0.9928678,0.92096955,0.9,0.9,0.4202331,0.42601392,0.9622642,1.0,1.0,0.42601392,0.42601392,0.3169905,0.65912634,0.39421368,-0.040037210515510055,0.0013883657800313936,0.0004583953093375165,-0.013371648805839393,-0.0010170986432911254,-0.0006392740049686176,0.0038550598258842135,-0.002738997765574241,-0.0007738455790778137,0.0,0.0,0.0,-0.0008290798540295042,-0.00747030925517955,0.0007219964759387526,-0.004384456281936313,-0.00017880296102272444
0.9231587,0.9310345,0.22474536,0.22058341,0.22058341,0.9,0.9,0.50611544,0.5146165,0.9622642,1.0,1.0,0.5146165,0.5146165,0.68949056,0.5113485,0.44321355,0.024257078939082622,0.006561293422962511,0.016310215549460345,0.008937090074883774,0.0044641873371071015,0.0008455195343990576,0.005401318019829226,0.002396536981976526,0.0025550473182085398,0.0,0.0,0.0,0.0036658113818219206,0.0035178756521969706,-0.0018962185869456877,0.0024146257365932977,0.0006879324021166408
0.6870866,0.2483565,0.85637504,0.9444444,0.915114,0.79684675,0.9,0.420233,0.43949628,0.9622642,1.0,1.0,0.43949628,0.43949628,0.45074052,0.4191263,0.5952136,-0.015671603413335827,-0.035047363910072564,-0.009343526286783777,-0.0033505294440186067,0.0005329874005368334,0.0005250194446875885,0.002508482647212399,-0.0021742396517669574,0.0019236614349116498,0.0,0.0,0.0,0.0016178956217317126,-0.0016928961964488524,0.0027971073245208794,0.005951843997445747,0.002728747955333879
0.9231587,0.9310345,0.17110813,0.16793945,0.16793945,0.9,0.9,0.40376225,0.41979152,0.9622642,1.0,1.0,0.41979152,0.41979152,0.5132405,0.49134848,0.37721366,0.028820754828769456,0.008751109904360252,0.017873949800013507,0.013285263771539069,0.012759169642187207,0.0013469678799931126,0.004113617806907764,0.0015923254342122657,0.002163570703315737,0.0,0.0,0.0,0.0019769595567569677,0.0008628614836920422,0.0013228869758346298,0.0028576987138213923,0.00016545272316063062
0.7246741,0.6298286,0.9188803,0.9444444,0.9444444,0.6097455,0.5968767,0.25905666,0.277711,0.9622642,1.0,1.0,0.277711,0.277711,0.42574054,0.18579282,0.55021363,-0.006833276258936869,0.002280921281376303,-0.01985261098406397,-0.0023535870453757785,-0.008735970168740094,-0.00022923455562324883,-0.008497138108675431,-0.01721914205269753,-0.015799243304229337,0.0,0.0,0.0,-0.015164114587752948,-0.019325717664507917,0.0020952643780443717,-0.0055630140341018175,0.0023736032480423945
0.8181472,0.73751277,0.74882144,0.9151263,0.9166222,0.9,0.9,0.55199766,0.5703185,0.9622642,1.0,1.0,0.5703185,0.5703185,0.41324055,0.68801516,0.50121367,0.01433221978565388,0.001415252927986,-0.0018078006770920923,-0.002839563505282865,0.0017032456207680693,-0.0002263586987731308,0.005008634503116798,0.006126673637679991,0.005470734707322597,0.0,0.0,0.0,0.007436028818397568,0.010542866082995211,0.00171371569961517,-0.006715224424540448,0.001965461587344904
0.798625,0.727921,0.6641433,0.9444444,0.94465274,0.7568015,0.9,0.5814096,0.5970812,0.9622642,1.0,1.0,0.5970812,0.5970812,0.5932405,0.5391263,0.60721374,0.011330636359702414,0.0022967469735395126,0.0024391541849089326,-0.003910521723621243,-9.41833290844812e-05,0.00017058236178840461,0.0045804858834180865,0.007963435472643934,0.006214952751447717,0.0,0.0,0.0,0.008665414635298034,0.01179634896733827,-0.0010268572755742233,-0.00017512722225773977,0.0006840180621248049
0.9231587,0.9310345,0.41201892,0.40438893,0.40438893,0.9,0.9,0.78140956,0.7956736,0.9622642,1.0,1.0,0.7956736,0.7956736,0.63949054,0.6713485,0.7412137,0.021979658735672637,0.0060168283576953075,0.013042863246841221,0.005993191816008068,-0.00381537214063034,0.0015729815034118725,0.0036459565437542752,0.004867990004480278,0.000431922066455845,0.0,0.0,0.0,0.004029027570635741,0.010447702292034965,-0.002463848953604567,-0.005518397082578178,-0.0015821348995915046
0.9231587,0.9310345,0.28225315,0.27702624,0.27702624,0.9,0.9,0.5719977,0.5858899,0.9622642,1.0,1.0,0.5858899,0.5858899,0.60824054,0.5335707,0.6242137,0.024496325176802173,0.005741775598021943,0.019396583848090922,0.009429411805872796,0.0035698335777858115,0.0007057509135633425,0.005214520149367755,0.002517284668609589,0.004116973109082707,0.0,0.0,0.0,0.0065735470159422535,0.006258353778248207,-0.00029655442563094616,0.001413945840236483,-0.00023307485613280527
0.9231587,0.9310345,0.3307143,0.32458997,0.32458997,0.9,0.9,0.627292,0.6390206,0.9622642,1.0,1.0,0.6390206,0.6390206,0.33699048,0.6691263,0.7222137,0.02771854231282443,0.005193848777120285,0.016884609583357232,0.012245394916791705,0.0011214412370365442,0.0010163877017282477,0.003571646560924891,0.0023858739959015025,0.004730706966645471,0.0,0.0,0.0,0.007059074697599385,0.007567795479355652,0.0016580512940953258,-0.002560975177288618,-0.0021799246189360124
0.7791029,0.7587217,0.871541,0.9928678,0.9444444,0.9,0.653851,0.5261153,0.54464334,0.9622642,1.0,1.0,0.54464334,0.54464334,0.5869906,0.4824596,0.50121367,0.002628683681234736,0.0025374481914381642,-0.010545284813391249,-0.00711544154294502,2.0688523809408702e-05,-8.675854375912221e-05,-0.013961531863268047,0.005112310649939982,0.004406857312321501,0.0,0.0,0.0,0.006277587996161524,0.005404759033932618,-0.001386419283992597,0.003635486409929607,0.002735830490495419
0.9231587,0.9310345,0.18169527,0.17833054,0.17833054,0.9,0.9,0.44199777,0.45804614,0.9622642,1.0,1.0,0.45804614,0.45804614,0.58449054,0.276904,0.5782137,0.02552139454912309,0.005737390831423439,0.019267680452535282,0.007842543671465883,0.011378772654459128,0.0009873905860157376,0.0042050443492384505,0.0028486375174038114,0.0023313271888862597,0.0,0.0,0.0,0.0013481626856269725,0.001696299827290288,0.0009101301653682831,0.002386044129879672,0.0008243625286998801
0.8832404,0.76499677,0.49152967,0.9444444,0.48242727,0.7394969,0.9,0.6143506,0.627916,0.9622642,1.0,1.0,0.627916,0.627916,0.5869906,0.5080151,0.66021365,0.019254729581362682,0.003012788481657108,0.007236384236707214,-0.004692602688102564,0.0019149415800772257,-0.0005938233520342318,0.005310185565366059,0.00638062470614935,0.0040671356856990595,0.0,0.0,0.0,0.00524019882368342,0.008935419489497139,0.0006233210066865637,0.001796915865848303,0.000795627916056464
0.9231587,0.9310345,0.2400524,0.23560698,0.23560698,0.9,0.9,0.5037624,0.52358454,0.9622642,1.0,1.0,0.52358454,0.52358454,0.38699055,0.5424596,0.58521354,0.026382054483773187,0.005069824164698831,0.018372194466935367,0.011517258031674216,0.0077945696470109035,0.0013247734247293435,0.004564130721180148,0.002194010055705895,0.003132866626862794,0.0,0.0,0.0,0.0041192071912982105,0.0038720501043157814,0.0012446472754235579,0.0015669614423527301,0.0005681698182226832
0.83737797,0.7273349,0.5576791,0.9444444,0.9762011,0.7030904,0.9,0.2672919,0.29021898,0.9622642,1.0,1.0,0.29021898,0.29021898,0.3969906,0.5291263,0.23921366,0.019238031417120292,0.0032737046824472898,0.007651814373334688,-0.0035613558330855844,-0.012258894676335657,-0.00250973537424656,0.003301926199921931,-0.008140317389181086,-0.009224120177332954,0.0,0.0,0.0,-0.012241308972821488,-0.021709573621441648,0.0010826238619823536,0.002991311678211726,-0.007574036516410155
0.5021799,0.57181466,0.8776266,0.9444444,0.82597536,0.55275416,0.9,0.39670348,0.41340926,0.9622642,1.0,1.0,0.41340926,0.41340926,0.39324057,0.53023744,0.44621363,-0.06730761040453731,-0.0027366362601257683,-0.012895567561585946,-0.005495534103294389,0.002150469033513154,-0.003689479108245781,0.0016045704698538252,-0.0043859710066709865,-0.0017010783593552736,0.0,0.0,0.0,-0.0005896300560252738,-0.005672187024502656,0.0030298735403615096,0.002423764248576788,0.0007524737000769478
0.9231587,0.9310345,0.0854326,0.08385051,0.08385051,0.9,0.9,0.24376252,0.26199558,0.9622642,1.0,1.0,0.26199558,0.26199558,0.40699053,0.18357065,0.50121367,0.029000939965603663,0.008507010504631648,0.0217274846543092,0.00672798072107454,0.025587244444129777,0.0008786334781343532,0.0027022952217856944,-0.003489082695537838,-0.005363048515025463,0.0,0.0,0.0,-0.015459266812914176,-0.011891373993295944,0.0007518467390041358,-0.005496212176627335,0.0007595383710494055
0.77583945,0.7594976,0.8092712,0.8254545,0.9928678,0.9,0.9,0.6467036,0.6582543,0.9622642,1.0,1.0,0.6582543,0.6582543,0.5069906,0.6535708,0.5952137,0.00214036284032231,0.00121571162266323,-0.006810205319581471,0.0010126779386834758,0.002345095377292699,-0.0002532426922639691,0.0034763353754065545,0.00561666551778096,0.004802131619595945,0.0,0.0,0.0,0.004868973507714975,0.00910841967483366,0.0012975927225844684,-0.0052291909280754514,-0.000572999268433666
0.7258395,0.71064264,0.8102763,0.7952712,0.8819039,0.9,0.9,0.4337626,0.44005167,0.9622642,1.0,1.0,0.44005167,0.44005167,0.49324054,0.4224596,0.49021357,-0.006024117592145177,0.0012589143922778778,-0.006319158139173617,0.0028102141350064423,-0.0005681456020066102,-2.979819192709624e-05,0.004889965780075188,0.00018318284825153333,-0.0011742130610827876,0.0,0.0,0.0,0.0012809523853872995,-0.0034357792654276533,0.001348464280712426,0.0037029479913988587,0.0021038685643857565
0.016690351,0.3402746,0.9383463,0.9444444,0.9444444,0.40975717,0.3289321,0.49199766,0.50913405,0.9622642,1.0,1.0,0.50913405,0.50913405,0.48199058,0.46245956,0.5452136,-0.19829587809798532,-0.010882456365170254,-0.01855160449732352,-0.006529000073066749,-0.005587448252643544,0.007238233100561676,-0.03512442550746643,0.004987432827423877,0.0035210223118177487,0.0,0.0,0.0,0.006907801953952512,0.004576789065821421,0.0011487670004463424,0.0029964816428875796,0.0016820096072415508
0.66727316,0.47531942,0.8358025,0.9444444,0.9166222,0.7049376,0.9,0.4525861,0.47351465,0.9622642,1.0,1.0,0.47351465,0.47351465,0.61824054,0.39134842,0.45221367,-0.018701900524859375,-0.01027473359080509,-0.007750530669286394,-0.004195037534137119,-0.0004519224197598094,-0.0015259107906213532,0.0034683186872430673,0.002850114117736679,0.003893714352806872,0.0,0.0,0.0,0.006834989636471681,0.0034613837548830885,-0.0040404363346958775,0.00707094654883429,7.0022034712738e-05
0.8873779,0.81320137,0.7811318,0.7666664,0.9762011,0.9,0.9,0.3690567,0.3885334,0.9622642,1.0,1.0,0.3885334,0.3885334,0.5682405,0.42023733,0.3582136,0.027594272689372847,0.003470048364658797,-0.0028149274833073057,0.003767646789376213,-0.010242516312690596,0.0009408731417390479,0.00468647001946856,-0.0024659190448724244,-0.0025122058480664,0.0,0.0,0.0,-0.0023329337087902645,-0.006578200621800907,0.00027873983273954617,0.002819571087954149,-2.3139745241500948e-06
0.9231587,0.9310345,0.5015716,0.49228325,0.49228325,0.9,0.9,0.89611536,0.9004666,0.9622642,1.0,1.0,0.9004666,0.9004666,0.61574054,0.8669041,0.69621366,0.023220949461565422,0.006326286485750564,0.008012701895147016,0.004354181102753012,-0.0031639123071344768,0.0008874290228590283,0.003059927886850151,0.010572829391367939,0.0018259291408309895,0.0,0.0,0.0,0.004971177031384593,0.017343687598339774,-0.0014125678029684138,-0.014403874803320324,-0.001063804482149889
0.89093274,0.65530735,0.8120381,0.9444444,0.92811567,0.73261297,0.9,0.6884684,0.69409484,0.9622642,1.0,1.0,0.69409484,0.69409484,0.4469905,0.74690413,0.7182137,0.02044086820822767,-0.0011437986324322853,-0.005744503456079092,-0.002453396198118551,0.0023640235296933116,-0.0006662886906488878,0.006881400618752928,0.006660301730697086,0.003143477743374063,0.0,0.0,0.0,0.003266203984835697,0.009854551511886942,0.00182646884744238,-0.0111916752452818,-0.003373559625385969
0.89151543,0.89943874,0.57505566,0.9444444,0.56440645,0.8694574,0.9,0.8490566,0.8613221,0.9622642,1.0,1.0,0.8613221,0.8613221,0.7769906,0.6691263,0.75821364,0.026355090245675384,0.007919080716923425,0.007107631499686552,-0.002417821760026844,-0.0002727890362783149,0.0012843689072131739,0.005175074846794861,0.01193009810997702,0.0023591823395568983,0.0,0.0,0.0,0.005004987983950002,0.016795642681749986,-0.004089118095279639,-0.005623489550680034,-0.0018260479950805348
0.6406414,0.25748608,0.80741006,0.9444444,0.9444444,0.787427,0.24890321,0.5719977,0.5887633,0.9622642,1.0,1.0,0.5887633,0.5887633,0.38324058,0.47245958,0.6932137,-0.032012552675792394,-0.014906832007234165,-0.007399717609361162,-0.00466364795009384,-0.001956259995712686,0.002764820221970393,-0.06205678191952498,0.0041802503951742205,0.003738529098954987,0.0,0.0,0.0,0.004690057796784419,0.004567417022055684,0.003167478336166806,0.00458708051369586,0.0007701950543933231
0.9231587,0.9310345,0.18752109,0.18404847,0.18404847,0.9,0.9,0.3555272,0.36868945,0.9622642,1.0,1.0,0.36868945,0.36868945,0.4844905,0.2324596,0.6202137,0.02872668994724411,0.005927895279368436,0.022797482024420942,0.005504021769800067,0.0161351430786314,0.0002947602031525362,0.004136104663908942,0.001328074097655908,-0.0012848879048707425,0.0,0.0,0.0,-0.006106429879663168,-0.0036986601270211404,0.0007290696173754157,-0.0014347833186744243,0.000469839158973469
0.55631727,0.2992506,0.8092461,0.9444444,0.9444444,0.9034291,0.2892756,0.667292,0.6842153,0.9622642,1.0,1.0,0.6842153,0.6842153,0.64449054,0.5780152,0.5602137,-0.04851388712160656,-0.017274092940409217,-0.006412070965597117,-0.004275828485957189,-0.0016666712361712388,-0.0007515460959141501,-0.052925216522795714,0.010287991015074662,0.007051984954654977,0.0,0.0,0.0,0.0077702634860542085,0.010579725064541674,-0.00491008931383905,-0.0014324142312730208,0.0017367214574255784
0.66785586,0.8096712,0.85488623,0.9330076,0.9444444,0.9,0.957162,0.16846825,0.19264027,0.9622642,1.0,1.0,0.19264027,0.19264027,0.41449052,0.36468178,0.23921366,-0.026477054511606025,0.0041361434488700125,-0.015649487437878896,-0.006569798820814052,-0.011169937770945484,-0.0007647887839740988,0.0027448685138393926,-0.02768218507661554,-0.023994445811315095,0.0,0.0,0.0,-0.03340364092603226,-0.03316480127032899,0.0007873271171680022,-6.868603921876048e-05,-0.006117958566874339
0.87170196,0.27573168,0.5673551,0.9444444,0.5568485,0.26654062,0.9,0.39435062,0.41399565,0.9622642,1.0,1.0,0.41399565,0.41399565,0.3757406,0.5135708,0.44621363,0.01774938497940607,-0.027632101354885905,0.006178791600354037,-0.005819168681124499,0.0032723825129620165,-0.02792995023140824,0.0025110615635458335,-0.0015307764266382022,0.001230920906738453,0.0,0.0,0.0,0.002806466257372608,-0.003672820904631775,0.0023783959376800275,0.0014538986354291933,-0.0005411761811369812
0.6101635,0.57219946,0.69012254,0.94615734,0.9762011,0.9,0.9,0.26258582,0.2789444,0.9622642,1.0,1.0,0.2789444,0.2789444,0.2607404,0.32579294,0.5112136,-0.03952783350898637,-0.0023029192477626104,0.0018194037983281313,-0.004994515043130299,-0.00993291560271159,-0.0014231292800734841,0.0028550398045951364,-0.01768154274685435,-0.011494376974940268,0.0,0.0,0.0,-0.0200528159539643,-0.02516829052446097,-0.002037131097628139,0.0020987766946267434,0.0015667157850641719
0.86843854,0.8409027,0.7474227,0.9928678,0.7467622,0.9,0.9,0.64964473,0.64932054,0.9622642,1.0,1.0,0.64932054,0.64932054,0.5032405,0.46912628,0.74221367,0.023712505250555207,0.0025215885118646804,-0.0006127167311569681,-0.005447408650711678,0.000944325816080305,-1.7293928630605923e-05,0.007809881344223434,0.008565574708845804,0.005614988489118108,0.0,0.0,0.0,0.006694168539068963,0.009929351795248008,0.000993437188001551,0.0032624677079997745,-0.004518764817517462
0.6066087,0.7409425,0.7390362,0.90442353,0.9444444,0.9,0.7162444,0.46670374,0.48204437,0.9622642,1.0,1.0,0.48204437,0.48204437,0.68574053,0.25245965,0.5452136,-0.03998550053998441,0.0028197673496979446,-0.0003985487517261459,-0.001552277317942413,-0.004488832294560224,0.00019083309378310737,-0.006617865575644189,0.003059840886165062,0.002617798036539648,0.0,0.0,0.0,0.005066020748669602,0.002251109685345153,-0.006057220671804069,0.006144176945833936,0.0016646483481646862
0.92170197,0.807655,0.9112921,0.8944163,0.9166222,0.9,0.9,0.5796448,0.5938645,0.9622642,1.0,1.0,0.5938645,0.5938645,0.69199055,0.58912635,0.44621363,0.02942526551014871,0.0030513850585548734,-0.015901819460859497,-0.001522949013282769,0.0021779561693068892,0.0006334171941404159,0.004229497783848277,0.007665122440879449,0.006986214879339104,0.0,0.0,0.0,0.007361834046948757,0.008265239369147687,-0.005137969473133222,-0.001047720930287948,0.001547670195308304
0.8447789,0.6304661,0.8340953,0.9444444,0.86468667,0.6094506,0.9,0.58905655,0.60784596,0.9622642,1.0,1.0,0.60784596,0.60784596,0.40824062,0.60690415,0.6182137,0.017033213660633432,-0.0008795782762900503,-0.0058436559577920225,-0.003047338908704908,0.00230779422790624,-0.006583165467313166,0.004112172298905278,0.005511670205358234,0.004777462420051908,0.0,0.0,0.0,0.004577584703832161,0.007836933979177594,0.0028869026451279604,-0.0023083351046752298,0.0008491943695557629
0.6101635,0.22620808,0.91294676,0.9444444,0.9444444,0.51692116,0.2186678,0.3937626,0.40948772,0.9622642,1.0,1.0,0.40948772,0.40948772,0.5244905,0.41912618,0.48521358,-0.03456041070671493,-0.024062161147216897,-0.012728045021066076,-0.0033472745615928745,-0.0064207723146831215,0.001798733909674937,-0.0527024157319849,-0.0023188719538869843,-0.00017824285712913213,0.0,0.0,0.0,0.001376349536633586,-0.0017525622940174597,-0.000814046180798856,0.005152541958027576,0.000786705752074511
0.6989164,0.7104368,0.8316747,0.8162733,0.9444444,0.9,0.7404855,0.52964467,0.54590833,0.9622642,1.0,1.0,0.54590833,0.54590833,0.6069905,0.40134853,0.58121365,-0.010324848425188899,0.001440197792460768,-0.006834630804029368,0.0028915028929324786,0.0006109644267346457,-0.0003971263998894438,-0.004186362083061045,0.007343482566502666,0.0051013576400547244,0.0,0.0,0.0,0.006861819533601122,0.006305032914530816,-0.0011197866633981964,0.005838045450417123,0.0010688651910250148
0.75660866,0.7930764,0.7807439,0.9166222,0.77591777,0.9,0.9,0.4325861,0.4500193,0.9622642,1.0,1.0,0.4500193,0.4500193,0.45074052,0.35801518,0.6302137,-0.0007161088618132405,0.0019776873386256875,-0.00796884872125343,-0.0025861039989492425,0.0022700367056280495,0.0007035171163093308,0.0042423759682636,0.0014348845586508452,0.00046220798179510324,0.0,0.0,0.0,0.0014145104559501922,-0.00020704985295429135,0.0010746446047382023,0.004478394523731377,1.3934304070697262e-05
0.69804233,0.5787895,0.7959172,0.9444444,0.9444444,0.90037495,0.56947565,0.40964463,0.42948702,0.9622642,1.0,1.0,0.42948702,0.42948702,0.3582405,0.43579292,0.5452136,-0.014457469820455357,0.0008059068919942831,-0.004268931960941872,-0.004365310092200738,-0.0023515806636151344,-8.512868495288012e-05,-0.019181927675377637,0.0005259629656597366,0.00013114295157774596,0.0,0.0,0.0,0.002297017590821222,-0.0013586151345086664,0.0021492593863157165,0.00537970692925472,0.0030979572958694302
0.88766927,0.8243242,0.65947115,0.9444444,0.6420286,0.84992,0.9,0.49493903,0.51445377,0.9622642,1.0,1.0,0.51445377,0.51445377,0.4557405,0.54468185,0.4742136,0.022857635141086706,0.003443075418600557,0.0029561649379475103,-0.004879938408043527,0.0008969707787944602,0.001455629610419194,0.0021313634622955402,0.004319116026746668,0.004794061940641582,0.0,0.0,0.0,0.007189968380700389,0.007010590338079203,0.0021389018557354733,0.0007938790323176309,0.0016388585317403475
0.82613075,0.46301854,0.73057175,0.7170426,0.8551155,0.9,0.9,0.6243507,0.63744575,0.9622642,1.0,1.0,0.63744575,0.63744575,0.42574054,0.62245965,0.73821366,0.012893889853725735,-0.009767317328347408,-0.0021350843853653327,0.0020164112642227076,0.0015231341176833602,0.000940433039180069,0.004275585662038406,0.007161169560307366,0.004333718504420651,0.0,0.0,0.0,0.007501139500490777,0.011083403418104551,0.0021871479616453753,-0.004014290068751418,-0.003826678153235484
0.84891635,0.7096006,0.6716196,0.9444444,0.6591822,0.6859473,0.9,0.8490566,0.85680854,0.9622642,1.0,1.0,0.85680854,0.85680854,0.6894905,0.8246819,0.6532136,0.016352591190922888,0.0004462298393615224,0.0013065039992629429,-0.002376766765645161,0.0006946650367403073,-0.001987413288630421,0.004145439588635738,0.011791125590281708,0.0011441233381557846,0.0,0.0,0.0,0.0052721792152369586,0.019097830836266663,-0.004315372070623605,-0.01613965412017292,0.0006253606064192208
0.7264222,0.6926649,0.8072227,0.9444444,0.7221301,0.84684366,0.9,0.22023302,0.2441082,0.9622642,1.0,1.0,0.2441082,0.2441082,0.46324056,0.36468187,0.29421368,-0.010536837402479148,0.0007851109330328464,-0.009781073913382463,-0.006545270908846439,0.003789104784302359,0.00046660626828193367,0.0027125046847990813,-0.0217491513824665,-0.015623520686759118,0.0,0.0,0.0,-0.022164075959162637,-0.025239752092266043,0.001145669991005849,0.002535067345675296,-0.005555548176011203
0.5909327,0.5752477,0.7036031,0.9444444,0.88530415,0.5560728,0.9,0.104938954,0.12928437,0.9622642,1.0,1.0,0.12928437,0.12928437,0.2182405,0.21579286,0.4282136,-0.041566214893238314,-0.0014609020270354093,0.0010875319492395456,-0.005583259825980278,-0.005934058981635169,0.0006499794226454559,0.0004052094041433144,-0.03340413914505682,-0.03181397043128551,0.0,0.0,0.0,-0.042247392524814804,-0.04432868087287675,-0.004443340673554737,-0.004409821938370014,-0.0007901386666499963
0.9107462,0.8243242,0.80966514,0.82579523,0.92365605,0.9,0.9,0.3308211,0.34712932,0.9622642,1.0,1.0,0.34712932,0.34712932,0.4032405,0.27912617,0.5162136,0.030656197952056378,0.0025005947141791586,-0.006921082573211767,0.003123800775610599,-0.005481089058084676,0.0003909851890237151,0.003064146342223551,-0.00456564918605467,-0.007660660370177668,0.0,0.0,0.0,-0.006320993262593189,-0.010086915326751262,-0.00010799391303213648,-0.0018435962776713326,0.0020820699632923285
0.85690004,0.37152508,0.733886,0.9444444,0.9444444,0.8194291,0.3591409,0.4884684,0.508507,0.9622642,1.0,1.0,0.508507,0.508507,0.5494906,0.6635707,0.37121361,0.01653369022276823,-0.017054431525620126,-0.0014772886791386153,-0.0059316942354793465,-0.0030272159835802825,0.0005440127915906202,-0.04269141163430506,0.004578071043367222,0.0034056528449775726,0.0,0.0,0.0,0.004020133460868944,0.004199037758855406,-0.0007198107002186473,-0.006671815008583516,-0.0013577628163694915
0.6489164,0.7104199,0.6089223,0.8942464,0.9444444,0.9,0.68673927,0.16023299,0.17993264,0.9622642,1.0,1.0,0.17993264,0.17993264,0.25949037,0.30801508,0.3492136,-0.02917706604900489,0.0002853591495302732,0.005267066914419324,-0.003537970623766249,-0.012960653095917611,-0.001295031827192712,-0.0032747631842178888,-0.030126224332370916,-0.019787123020884537,0.0,0.0,0.0,-0.038196358762871675,-0.04360703986107249,-0.002578360606236492,0.0006456118384233706,-0.000592678232522716
0.91400963,0.721409,0.8327063,0.9116092,0.9444444,0.9,0.9034291,0.65376234,0.6683083,0.9622642,1.0,1.0,0.6683083,0.6683083,0.6044905,0.6491263,0.5542137,0.028422911625388462,0.0018310256595963786,-0.006601082662644333,-0.0016338230411500525,0.0025219890282557338,0.0012278693887657678,0.00502132236679078,0.007272860461500508,0.00378291482729167,0.0,0.0,0.0,0.005033093239283002,0.01006586726206131,-0.001239763748012795,-0.004759537569951815,0.0012703401944651788
0.73708653,0.6401846,0.8048654,0.7899605,0.9444444,0.9,0.51626736,0.68964475,0.6966466,0.9622642,1.0,1.0,0.6966466,0.6966466,0.89074045,0.44579294,0.5622137,-0.011675980925135394,-0.001564720379140983,-0.006958077405292127,0.0028183265873942326,-0.00044095730907900817,-6.990438461527596e-05,-0.026753643165479467,0.010049991833946557,0.005718361816449444,0.0,0.0,0.0,0.007902689911651745,0.009942519084396943,-0.01574058703035318,0.005638368512487386,0.0014844122200747697
0.098042294,0.4305286,0.9185314,0.94615734,0.9928678,0.9,0.9,0.26435065,0.27989575,0.9622642,1.0,1.0,0.27989575,0.27989575,0.45074052,0.44690397,0.37921363,-0.18838702659076176,-0.010797809696391332,-0.017991091119536895,-0.009382630679432562,-0.01109653176521811,-0.0019022902894311024,0.002797872074829007,-0.021862486305973296,-0.01114774223828636,0.0,0.0,0.0,-0.020522592750005102,-0.022553180140050214,0.0012327999023394487,0.0037126725682230604,-0.0035593516287120166
0.7299769,0.37226614,0.676974,0.7552124,0.7494264,0.9,0.9,0.2090564,0.2328113,0.9622642,1.0,1.0,0.2328113,0.2328113,0.14199054,0.26912627,0.4872136,-0.005941565516787941,-0.01742706237602234,0.0019224588166501905,0.002601156451173521,0.0010024185602434238,-0.0017453816292208558,0.0017700339480860284,-0.01659383761752194,-0.011197390039596437,0.0,0.0,0.0,-0.022277692712212308,-0.02659909078172806,-0.009299700783235658,0.00024232830168156616,0.0009810337001829863
0.89151543,0.8409027,0.76783335,0.7536142,0.9444444,0.9,0.8128726,0.44670364,0.46121246,0.9622642,1.0,1.0,0.46121246,0.46121246,0.5644905,0.565793,0.30921364,0.03265272005785937,0.003263103545318722,-0.0016444798179142462,0.005013970299423881,-0.0017308810662414412,0.000474840476691428,0.00251794447366214,0.0033090183765989677,0.0026300711690982158,0.0,0.0,0.0,0.0039998298101300836,0.0015072959694561953,0.000673470790101978,0.0009722393549186284,-0.0014361200040487912
0.9231587,0.9310345,0.4179843,0.41024384,0.41024384,0.9,0.9,0.8172919,0.8251413,0.9622642,1.0,1.0,0.8251413,0.8251413,0.46324056,0.88023746,0.6742137,0.021859216842894408,0.006042520127266044,0.01240569800974939,0.0070571162471911334,-0.0029845044868683167,0.0008060091507859977,0.004857253742317305,0.005722172503385899,0.0018713360678361502,0.0,0.0,0.0,0.004486243707998761,0.011592190625173714,0.0018823366882791486,-0.016086453176634444,-0.0009924978846572406
0.8489164,0.7893743,0.79254144,0.8792324,0.9444444,0.9,0.68673927,0.6631742,0.6791372,0.9622642,1.0,1.0,0.6791372,0.6791372,0.6357405,0.63245964,0.6272137,0.01934718765228559,0.0026455798814310986,-0.0029444679249934903,-0.00023350034786466148,-0.00032179999680692975,-0.0006911649416234851,-0.010099924431953391,0.007649496983000401,0.006282956621022974,0.0,0.0,0.0,0.008246247574650162,0.01201694155730952,-0.0019852507768136846,-0.004761301590901291,-0.0007970385948730869
0.8793943,0.8242123,0.7978022,0.9762011,0.9444444,0.9,0.84992,0.43788013,0.45908585,0.9622642,1.0,1.0,0.45908585,0.45908585,0.3019904,0.56912637,0.5352136,0.026663993074345697,0.0010215123875973952,-0.004065864280733243,-0.004515293447996866,-0.0022316957817739833,0.0007396370484781027,0.0018345997375339704,0.0017877628780735679,0.002192618297047084,0.0,0.0,0.0,0.004664497207256474,0.0008348804714984302,-0.0032301902780868187,0.0005051274347590696,0.0014641492637725159
0.90217984,0.4549038,0.6900774,0.6772982,0.9444444,0.9,0.47993428,0.5843508,0.5896849,0.9622642,1.0,1.0,0.5896849,0.5896849,0.40699053,0.6191264,0.63721365,0.029701940092431402,-0.00521121097495417,0.0014824065263385775,0.00427364372135542,-0.0016189006164710128,-0.0007721401732171862,-0.029506372232180434,0.004857725097790716,0.003743067586571866,0.0,0.0,0.0,0.005547004934901096,0.0076502703850918116,0.0025582099963151095,-0.0037740633186585824,-0.0013697082110845906
0.60247123,0.81457967,0.7921518,0.9762011,0.9444444,0.9,0.84992,0.440233,0.46127763,0.9622642,1.0,1.0,0.46127763,0.46127763,0.37074053,0.59357077,0.49621353,-0.04042168577647301,0.0037231980831423607,-0.003951121854599129,-0.010167715590103703,-0.002207172988463801,-9.68681136293855e-05,0.0030130997808461503,-0.00030736365980279845,0.0008309488122260201,0.0,0.0,0.0,0.0026389511072958003,-0.0011974792596350459,0.002694918217737321,-0.0018496585688328382,0.0020112216792540615
0.7148836,0.47850427,0.6724901,0.91373944,0.6979018,0.9,0.9,0.47493878,0.48564184,0.9622642,1.0,1.0,0.48564184,0.48564184,0.44824052,0.43023744,0.5662137,-0.012219906096321807,-0.00977881010795208,0.0022108284997174295,-0.0042996792613598355,0.00024245726015027379,-0.0003813606066467098,0.00370207366175293,0.0002898817025842583,0.0023214103183982764,0.0,0.0,0.0,0.0032730200115889223,0.00010740860261256147,0.0018765079265786275,0.005097291046546968,0.001747526749398445
0.6441962,0.46167153,0.87539285,0.9444444,0.76612556,0.44628248,0.9,0.580233,0.59721565,0.9622642,1.0,1.0,0.59721565,0.59721565,0.35199058,0.7369041,0.5452136,-0.022646037130640072,-0.012600766635618479,-0.00981607214634512,-0.00269547047526396,0.0025250937993237595,-0.012769209349373119,0.002540897621175815,0.007142819260929877,0.005396740399078606,0.0,0.0,0.0,0.007211628826985213,0.010392725810409736,0.004106889133454669,-0.011582961986968947,0.0015961521981477087
0.9231587,0.9310345,0.47580585,0.46699464,0.46699464,0.9,0.9,0.8767036,0.88617444,0.9622642,1.0,1.0,0.88617444,0.88617444,0.7969905,0.6880152,0.73821366,0.023922124144158226,0.006505472143952473,0.008917511942551028,0.0033926506276263013,-0.0025841706866644772,0.001429475144295303,0.003368439475341985,0.009349550474122708,0.0021571815823147322,0.0,0.0,0.0,0.006799373710974238,0.016119134770196206,-0.005068780634907682,-0.006218546689718513,-0.001937224519509774
0.8137183,0.6172263,0.88288647,0.9444444,0.8129072,0.7431204,0.9,0.32493895,0.34794936,0.9622642,1.0,1.0,0.34794936,0.34794936,0.32074046,0.54468185,0.3492136,0.010963454529202917,-0.0021010727097416195,-0.01316005325088408,-0.006123365292446463,0.0017226548411783712,0.0006177921765884393,0.002461061162196412,-0.0078744501377234,-0.005034200785268013,0.0,0.0,0.0,-0.0051877311627816,-0.012736057713126048,0.00022860391821533958,0.002755431857493977,-0.0021695205018890983
0.42141065,0.58905387,0.78110105,0.9463495,0.9928678,0.9,0.9,0.32964483,0.34737962,0.9622642,1.0,1.0,0.34737962,0.34737962,0.31449044,0.41134855,0.42621365,-0.10062332223535486,-0.003123167270229615,-0.004835027400050955,-0.008510131592697834,-0.00953125467531925,-0.0012747966568479186,0.0025381935448795536,-0.015845419594424103,-0.008385608881154902,0.0,0.0,0.0,-0.013634998670073655,-0.018348951069558493,0.0011259374687773566,0.004606737895882538,-0.0005670140359253606
0.8258395,0.7272295,0.8337121,0.92096955,0.7831919,0.9,0.9,0.6390568,0.6555871,0.9622642,1.0,1.0,0.6555871,0.6555871,0.54324055,0.7369041,0.51721364,0.01778197096395333,0.0029016822712242697,-0.0073481436598538865,-0.0013398710606497277,0.002182614902596038,0.0005283361880304047,0.006737110779695371,0.008318002307004245,0.006033401966214732,0.0,0.0,0.0,0.007529094728173031,0.013002734935135467,0.0004267005324991627,-0.01117395542383863,0.0014770685032885098
0.5944876,0.65507257,0.8718437,0.9444444,0.9444444,0.6332368,0.7029885,0.2749389,0.29691207,0.9622642,1.0,1.0,0.29691207,0.29691207,0.3019905,0.34579298,0.5162136,-0.042318330459768044,0.0016766144604440287,-0.011974523521443951,-0.004320095965843271,-0.006524973719453219,0.0035076560541906937,-0.002542655306611257,-0.016413702926665965,-0.011633138218760138,0.0,0.0,0.0,-0.014596864818137871,-0.019481794217162212,0.00036178824284688603,0.0021233743602109105,0.0023252640662350583
0.7370866,0.6720485,0.6770726,0.9444444,0.8157185,0.734181,0.9,0.5637624,0.57413816,0.9622642,1.0,1.0,0.57413816,0.57413816,0.44449055,0.50023746,0.7302137,-0.004677269251033726,-0.0003478853146532629,0.0019543155497644,-0.004085353864019072,0.0013191873204184115,0.0002767054138567219,0.0035232129432448806,0.00683092206237232,0.0058421764850771826,0.0,0.0,0.0,0.007731956401349462,0.009502299358274223,0.0016496918222395696,0.0016147232876825438,-0.004866330767351418
0.8291028,0.638024,0.8019442,0.94615734,0.7517442,0.9,0.9,0.5496448,0.565729,0.9622642,1.0,1.0,0.565729,0.565729,0.5632405,0.5735707,0.49421367,0.022153098337413767,0.0008242688038016709,-0.0038350025533570725,-0.0031231827670123885,0.0021195911536643565,0.0004268189578478291,0.006432479121355091,0.005549452524920455,0.004134030231254792,0.0,0.0,0.0,0.005569808305872084,0.005990730652792535,-0.0002887505793927503,-0.0006269660612692258,0.002397555507275667
0.8799769,0.47557443,0.7738058,0.9444444,0.86723876,0.9034291,0.9,0.4772918,0.48939458,0.9622642,1.0,1.0,0.48939458,0.48939458,0.46949053,0.6180152,0.4912137,0.028227966734772823,-0.012637536789253842,-0.0006197255003494157,-0.004524482478816495,0.0012827855447204173,0.0004018048351284013,0.003737872931278135,0.0032119273932117013,0.004279260543392605,0.0,0.0,0.0,0.0052345930916826156,0.0031576997289088486,0.001908095307787881,-0.0032329292170562157,0.0014560114255987749
0.6598722,0.11589488,0.90140337,0.9444444,0.94615734,0.7400306,0.9,0.26670367,0.2855725,0.9622642,1.0,1.0,0.2855725,0.2855725,0.30324054,0.29690403,0.52221364,-0.0265172786702992,-0.0406357328989472,-0.016774454089258796,-0.002825999704120518,-0.008589608965158091,0.002561120291152267,0.003021000972909676,-0.018297805859592474,-0.009618484635630763,0.0,0.0,0.0,-0.016376344548427898,-0.02000832575553832,0.0024579947518663637,0.004178146088897317,0.0014356706999181503
0.8563174,0.8306025,0.9115665,0.8946856,0.94615734,0.9,0.9,0.8261154,0.83764863,0.9622642,1.0,1.0,0.83764863,0.83764863,0.69199055,0.67801523,0.7452137,0.01614308049886837,0.0026418387849898545,-0.012809177167075924,-0.0010216754761576043,0.0029742214981448314,0.0005302441287072935,0.004529448164387229,0.012934624394855498,0.006340270925444285,0.0,0.0,0.0,0.004930846917618813,0.01649163018479707,-0.0030309948412310423,-0.006495888301418791,-0.0036948909757131988
0.82671344,0.61783975,0.7269514,0.71348935,0.7495616,0.9,0.9,0.48435077,0.50033736,0.9622642,1.0,1.0,0.50033736,0.50033736,0.38324058,0.5046819,0.55421364,0.014665255777394892,-0.0010772440134457007,-0.00147915302175078,0.003676296858288067,0.0014668614718233255,0.0007289703231923231,0.003027410412569578,0.0029143868952450237,0.002733563455259444,0.0,0.0,0.0,0.004382458459252139,0.003368942398693572,0.0011759742051898714,0.0027993872742481094,0.0009215361720959239
0.20899811,0.30389178,0.8380958,0.82257545,0.9444444,0.9,0.25892848,0.5396448,0.55692554,0.9622642,1.0,1.0,0.55692554,0.55692554,0.44449055,0.475793,0.6442137,-0.13881137059913495,-0.015402670706470516,-0.009276114986668277,-0.0001964265228665539,-0.003916720846345948,-0.0014433255561981768,-0.0499093933753097,0.006081843493155468,0.0030425270611213716,0.0,0.0,0.0,0.005354922610889391,0.005405589238823458,0.0013499866493973448,0.0035856136857502453,0.0018252199226328045
0.9101635,0.68238485,0.7128451,0.9444444,0.9444444,0.7129734,0.65963864,0.59082144,0.60712534,0.9622642,1.0,1.0,0.60712534,0.60712534,0.52574056,0.6380152,0.4322136,0.02337664270191582,0.00034865449589758396,0.00023992434350106993,-0.0029682459476940647,0.00032860935105334416,-0.0017242008234277762,-0.009261250813405135,0.004484672381196133,0.005121770453147825,0.0,0.0,0.0,0.0057100768368935515,0.009874219662090922,7.673234632508498e-05,-0.005820672239220836,0.0005731640219971645
0.9231587,0.9310345,0.23051347,0.2262447,0.2262447,0.9,0.9,0.44788003,0.46127388,0.9622642,1.0,1.0,0.46127388,0.46127388,0.43949056,0.6102374,0.38821363,0.026492745525938458,0.006426201987484951,0.020096907797043942,0.012088885099969464,0.008697693679078732,0.0006366825211033006,0.0044569306596780826,0.003286166653268765,0.0037930314465019987,0.0,0.0,0.0,0.003518889696806515,0.0030283603394332414,0.0020013861560884954,0.0010885382990539405,8.613226340701722e-05
0.8415154,0.8209112,0.65406203,0.9444444,0.6810339,0.84684366,0.9,0.32788017,0.3507728,0.9622642,1.0,1.0,0.3507728,0.3507728,0.2594905,0.40245956,0.5512136,0.02040876233586848,0.0031260132758141918,0.0037394208006095706,-0.007329137578949801,0.002821360417661053,0.00034960186866882047,0.004549715464314656,-0.005461697993932201,-0.0054514602824763106,0.0,0.0,0.0,-0.005623853042218927,-0.011478579351416138,-0.005059699009543508,0.004258868023867628,0.0022882241684505757
0.7140097,0.6477414,0.74695647,0.9444444,0.81452096,0.7610417,0.9,0.29729182,0.31348318,0.9622642,1.0,1.0,0.31348318,0.31348318,0.3644905,0.18357076,0.57721364,-0.010067287927551228,0.0008221062000082266,-0.002052497798697416,-0.0026102001249097596,0.00010341153323047254,0.0012495391494916643,0.0015289053799821004,-0.01181341373447899,-0.011257354637592915,0.0,0.0,0.0,-0.015927104425583073,-0.018017025358188443,-0.0007452822320234072,-0.0034472950425263747,0.0015695803549761913
0.9231587,0.9310345,0.33993322,0.33363816,0.33363816,0.9,0.9,0.6878802,0.69823015,0.9622642,1.0,1.0,0.69823015,0.69823015,0.5882405,0.6069041,0.67921364,0.025379581893164735,0.006430565598928878,0.017456503117690068,0.009594298007137028,-0.0006447887249235059,0.0008893840193462903,0.004719622551224806,0.004740519421070888,0.0038858850376393018,0.0,0.0,0.0,0.007618926036630978,0.009580130842821251,0.00014579403869561177,-0.001711942125447727,-0.000898314746940062
0.89151543,0.89943874,0.48844194,0.9444444,0.47939673,0.8694574,0.9,0.71435076,0.725063,0.9622642,1.0,1.0,0.725063,0.725063,0.63699055,0.5391263,0.74921364,0.017758025869528203,0.004371364779105899,0.007829549719328205,-0.005302607838213233,-0.0006425052842444546,0.0006737739608417699,0.004802611188155785,0.006873327438930021,0.00393100601351777,0.0,0.0,0.0,0.005972813584375997,0.010976497950802595,0.0006891801768798437,0.0005407885231494811,-0.002280208286582509
0.8344058,0.61783975,0.59928876,0.887077,0.7213327,0.9,0.9,0.7690567,0.7797332,0.9622642,1.0,1.0,0.7797332,0.7797332,0.55199057,0.5624597,0.82221365,0.013975556046428077,-0.001931760823561404,0.0035850738474316303,-0.0037010804721279798,0.0005683270508597082,0.0005583409682503124,0.004168125678789467,0.01083461949191364,0.0019786071290803326,0.0,0.0,0.0,0.006586038723549365,0.014910537721079198,0.000560707152621067,-0.0011253244800821741,-0.0048310370227954876
0.88766927,0.82111806,0.7541636,0.7401976,0.9444444,0.9,0.7400306,0.43258598,0.4503596,0.9622642,1.0,1.0,0.4503596,0.4503596,0.5494905,0.36023733,0.58921367,0.03154564606101891,0.0018026969373553916,-0.0025462241106866596,0.002622904637618883,-0.0041394671934330204,0.00039125934391299235,-0.0027114096753084764,0.0029699163372176375,-0.0001483330043882678,0.0,0.0,0.0,0.0015465542099590687,0.00029079283602735705,0.0010595838926809689,0.0014009431411406861,-0.0001265897127029491
0.9231587,0.9310345,0.45801994,0.4495381,0.4495381,0.9,0.9,0.84376246,0.84824497,0.9622642,1.0,1.0,0.84824497,0.84824497,0.58699054,0.71912634,0.8222137,0.02404218941872054,0.006146515588730894,0.01159899090938997,0.005053549195171798,-0.0037576979722666938,0.0014357473866391164,0.004369496639516,0.006476353608611287,0.0016530321215980806,0.0,0.0,0.0,0.004881352993131676,0.013900917099855352,-0.00042599894333368235,-0.008505297879745027,-0.0027279269762187776
0.7329491,0.51685077,0.8013021,0.9444444,0.9762011,0.7392079,0.9,0.59140944,0.60777104,0.9622642,1.0,1.0,0.60777104,0.60777104,0.7032405,0.6435707,0.35121363,0.0009475085623954182,-0.008263485012824834,-0.004159029305819273,-0.003743951070974138,-0.0006252650652153847,-0.0014407946635091192,0.00498165444537848,0.00800159096135981,0.005595049212573978,0.0,0.0,0.0,0.008259410951911334,0.01066160804509654,-0.01166591866835355,-0.007081403435533655,-0.0033134157147794666
0.814301,0.9084271,0.4234721,0.9444444,0.41563,0.8781462,0.9,0.6567036,0.66620004,0.9622642,1.0,1.0,0.66620004,0.66620004,0.8532405,0.5680152,0.40021363,0.011728981102109768,0.0088978305018921,0.007531277559343456,-0.005077978724452595,0.0029307750092221812,0.0007197262517935894,0.006081519129332167,0.006731648464239312,0.002479075381541886,0.0,0.0,0.0,0.006696210608833243,0.010964740910152133,-0.006517656392568729,-0.0007173226426483376,-0.00023353776171958538
0.6832404,0.395927,0.7602708,0.9444444,0.8819039,0.957162,0.9,0.4237625,0.44484478,0.9622642,1.0,1.0,0.44484478,0.44484478,0.32074046,0.5235707,0.61121374,-0.018646151113879027,-0.016343628242167774,-0.0028475903331131825,-0.006385033911444735,0.002169170977776733,-0.0029630734043159333,0.0027138557511909205,-0.0006782778412032657,0.0013753949518129506,0.0,0.0,0.0,0.0019441105321092661,-0.001363986707442943,0.0006249973002470835,0.0014385245717706168,0.002344000471034718
0.87968564,0.7770392,0.82055485,0.80535936,0.8405097,0.9,0.9,0.52905667,0.5479913,0.9622642,1.0,1.0,0.5479913,0.5479913,0.5169905,0.48023733,0.58021367,0.018910495934304335,0.0031634762672228295,-0.007370966801958281,0.0012630540301515564,0.0005075332158462918,0.0011489698623587113,0.005100264330599589,0.003159447323174796,0.004034818518746611,0.0,0.0,0.0,0.0059771644067887885,0.005325784214713696,0.001559793077061707,0.003988218126069629,0.0012283534344186718
0.86045486,0.75950354,0.6890519,0.92096955,0.9444444,0.9,0.7341867,0.464939,0.47517866,0.9622642,1.0,1.0,0.47517866,0.47517866,0.56449056,0.45245966,0.5102137,0.021264115127370524,0.0024729769485094715,0.0012347846274785668,-0.0024330957123525833,-0.0020842466412382995,-0.00021115144085972668,-0.00493031586571053,0.0016845654320091752,0.002273161969119711,0.0,0.0,0.0,0.0033029290703362937,0.00043944519521245726,0.00030856490359255294,0.005054134399595769,0.001875797944532572
0.56785583,0.627325,0.8262102,0.81091005,0.9677255,0.9,0.9,0.3319976,0.33778337,0.9622642,1.0,1.0,0.33778337,0.33778337,0.42074054,0.42134845,0.42621365,-0.05387248437422927,-0.0010533451453596492,-0.008690494580915508,0.003362233947373452,-0.008035299010928025,-0.0001370622925860213,0.002353435120777589,-0.012521894254244936,-0.008198334803573295,0.0,0.0,0.0,-0.01194430692416406,-0.016190826161184866,0.0010849287280024062,0.0026473823871985564,0.00021758401201198125
0.8992077,0.83756226,0.6544705,0.7832243,0.9762011,0.9,0.9,0.3555271,0.37590048,0.9622642,1.0,1.0,0.37590048,0.37590048,0.24824047,0.39579296,0.5272137,0.025017774000862886,0.001079900353249743,0.0028210352775085833,0.0013180130962372311,-0.012460589236305086,0.0014666612101462873,0.00393530094868598,-0.003724242138227646,-0.0065199908776974284,0.0,0.0,0.0,-0.0034372038918196656,-0.008807934049336335,-0.0063763321028357,0.0007548711077358432,0.0009598368755884945
0.7258395,0.6550562,0.81289905,0.8427449,0.82545376,0.9,0.9,0.25023302,0.27068263,0.9622642,1.0,1.0,0.27068263,0.27068263,0.29074037,0.32134852,0.59621364,-0.010076735492246509,0.0005230751049478841,-0.008994016356830626,0.00025571965754618407,-0.000778335567366752,-0.0010853231660342166,0.0035907785321083897,-0.016984417035390706,-0.013467824234097234,0.0,0.0,0.0,-0.021503841140953165,-0.024815860701747086,-0.00288976034539385,0.0008526331119271685,0.0011363077271283014
0.91045487,0.7409425,0.8071466,0.79219943,0.9444444,0.9,0.76034963,0.48788026,0.50679284,0.9622642,1.0,1.0,0.50679284,0.50679284,0.40699047,0.406904,0.6292137,0.030304169444097286,0.0017485301634087335,-0.005703645883236972,0.0010195788337263555,-0.0011527758731941856,0.000690735212867807,-0.0019112876584167066,0.004020680752050715,0.004173881100918499,0.0,0.0,0.0,0.005331163793361318,0.0048848170361669874,0.0008159389322308058,0.003968800358643885,-0.000901886456468303
0.9231587,0.9310345,0.26654172,0.26160577,0.26160577,0.9,0.9,0.5272918,0.54302865,0.9622642,1.0,1.0,0.54302865,0.54302865,0.60824054,0.5846819,0.38821363,0.02292173118692982,0.005197377395360982,0.016540762880379783,0.009290422359133582,0.0030973744701267834,0.001124292821427403,0.004004579248136374,0.003084691689201038,0.003594211571369188,0.0,0.0,0.0,0.005134297173680744,0.005127662646301094,0.00034196792980802575,-0.0002452655621814479,5.021887827086124e-05
0.23650391,0.71043587,0.85637504,0.9444444,0.9444444,0.6867547,0.6332368,0.17023289,0.19448324,0.9622642,1.0,1.0,0.19448324,0.19448324,0.25199044,0.45579284,0.27221364,-0.15234999771150973,0.0021843916175381724,-0.015899961821553423,-0.010363143313003595,-0.010773948528847863,0.005883446835132742,-0.004669004645613933,-0.03465991540538226,-0.01835329944245874,0.0,0.0,0.0,-0.032892132009892376,-0.033923550636836663,0.003081912046599429,0.0028785349733352742,-0.007411810988518083
0.9231587,0.9310345,0.29614916,0.2906649,0.2906649,0.9,0.9,0.63376236,0.64071435,0.9622642,1.0,1.0,0.64071435,0.64071435,0.63949054,0.48357064,0.6742137,0.030374880211887452,0.007903979496910584,0.018379714140547267,0.010327776528660819,0.002640724426033378,0.0012917637469765295,0.004147858132188284,0.00325504344677294,0.004799348198297779,0.0,0.0,0.0,0.008660092527545061,0.008384053808828805,-0.0008555511903906451,0.0029227084181372358,-0.0006073797053438777
0.89151543,0.89943874,0.5177715,0.9444444,0.5081831,0.8694574,0.9,0.8090566,0.8249149,0.9622642,1.0,1.0,0.8249149,0.8249149,0.61574054,0.73690414,0.6722137,0.020181310106371843,0.006162815583629227,0.00718454846243088,-0.0038895546331507123,-0.002516774479448827,0.0009719823952623245,0.006141900613921617,0.008669672843960675,0.0010870971204113337,0.0,0.0,0.0,0.0027018138553207057,0.014009440784619711,-0.00036345156863132674,-0.009268240319599587,-0.001869981134309326
0.74804235,0.37489188,0.85636836,0.9444444,0.9444444,0.957162,0.6869545,0.25493902,0.27575776,0.9622642,1.0,1.0,0.27575776,0.27575776,0.29074037,0.35801518,0.53121364,-0.003592730649866318,-0.015158569963937062,-0.01225305169847722,-0.003936200022904224,-0.006190300012263205,-0.004031498057029375,-0.004646574213508192,-0.01847655414805988,-0.010036980906026666,0.0,0.0,0.0,-0.016723121685775156,-0.02336300765120899,-0.0003427627633980931,0.0031623164390589564,0.0017229964414812113
0.39093277,0.6270212,0.765928,0.9444444,0.8298396,0.60612047,0.9,0.40317422,0.41136014,0.9622642,1.0,1.0,0.41136014,0.41136014,0.3782406,0.32023737,0.6392137,-0.09770478588522775,0.0015343365620479877,-0.0034705154317951036,-0.0066076774758926345,-0.0005916266812748186,0.0005280910715280056,0.0026810081013806143,-0.003191782933227598,-0.0021955495139896193,0.0,0.0,0.0,-0.0015219507387279967,-0.005275223330990807,0.0012120882210048018,0.004952644158042328,0.001545309579109534
0.737378,0.76601946,0.76605815,0.9166222,0.8323967,0.9,0.9,0.5237623,0.5414914,0.9622642,1.0,1.0,0.5414914,0.5414914,0.4082405,0.4380151,0.71421367,-0.007146605187535293,0.001031252466071277,-0.0059890258154151055,-0.003334512202336416,0.0008841973858198298,0.00039697157796545477,0.0032586734042202893,0.003993934259166303,0.003603178527202921,0.0,0.0,0.0,0.006073309369847934,0.004934692810030132,0.0005561455806574168,0.0046602727280016885,-0.004627897065795308
0.6711193,0.48568958,0.94066054,0.9444444,0.9444444,0.46949992,0.71292895,0.38729185,0.410678,0.9622642,1.0,1.0,0.410678,0.410678,0.40074056,0.48690414,0.4612136,-0.01401311062990739,-0.006525233773051076,-0.019065942790735094,-0.0036910510097439408,-0.0044655081102450206,-0.013580512045909002,-0.0010397983288201753,-0.0009792156266711265,0.0010348426326103103,0.0,0.0,0.0,0.0029478299786706184,-0.00280764750572802,0.003973744300458608,0.003914245937163637,0.0007525045287370622
0.81045485,0.7780094,0.86568826,0.849657,0.947526,0.9,0.9,0.5967037,0.6000859,0.9622642,1.0,1.0,0.6000859,0.6000859,0.58699054,0.45245954,0.63421375,0.011605147586363324,0.0018542925995721268,-0.009920574433312216,0.0014794368507505345,0.0017637031021542763,0.0005231547590539205,0.005200187120749653,0.005815020295918728,0.007221301103058657,0.0,0.0,0.0,0.007471150879999533,0.008550994340940919,0.0005214776918233602,0.003730302393025571,-0.0013897320299723825
0.9231587,0.9310345,0.26906496,0.26408228,0.26408228,0.9,0.9,0.5631743,0.5740141,0.9622642,1.0,1.0,0.5740141,0.5740141,0.6507405,0.43912622,0.58521366,0.023928195146163324,0.0061010140468765964,0.015499436620419416,0.00934111351785402,0.0035797267673893917,0.0005736457786080135,0.005224611811142913,0.0024342599261528704,0.0037697166390333525,0.0,0.0,0.0,0.006194221035396379,0.005589154380387977,-0.0008785246048890087,0.003634799971179327,0.0006986935711182213
0.40573466,0.5138751,0.9282279,0.9705012,0.9444444,0.9,0.50966376,0.51140964,0.52118504,0.9622642,1.0,1.0,0.52118504,0.52118504,0.6119905,0.5046818,0.5382136,-0.09198748666539835,-0.00660115985881377,-0.014912822922129478,-0.00915105009417118,-0.003816015886112342,-0.0009967605270339312,-0.027343881854083617,0.004430016064405765,0.002971159893534569,0.0,0.0,0.0,0.006285518102221809,0.004104930168625386,-0.003017949929106427,0.0032820779754345244,0.002057733660839012
0.7406414,0.62734145,0.73058265,0.9444444,0.9762011,0.60643005,0.9,0.12787987,0.15226,0.9622642,1.0,1.0,0.15226,0.15226,0.3582405,0.44579294,0.09321356,-0.003386629241384789,-0.0020624540075486293,-0.001381558588743663,-0.006532170718923114,-0.015283917299067971,-0.0033059025439346134,0.0014275826200476841,-0.028910399731689507,-0.02695114693393273,0.0,0.0,0.0,-0.03770843340656547,-0.04166275334398001,0.0015011598540455515,0.0026722012659920018,-0.01993715558154563
0.8557347,0.6178397,0.9288377,0.911637,0.9762011,0.9,0.9,0.41552734,0.43271565,0.9622642,1.0,1.0,0.43271565,0.43271565,0.5982405,0.3746818,0.48521367,0.02607775033538513,-0.0015800029316283975,-0.017999490677219784,0.0012269567570554827,-0.00388623320652091,0.0004621306278802947,0.004662141123272268,-0.0003827582819976022,0.0012440404125987309,0.0,0.0,0.0,0.004022788404180441,0.00029377165417003625,-0.001309630431483333,0.0055567817987216776,0.0017783199257689949
0.9231587,0.9310345,0.3692094,0.3623722,0.3623722,0.9,0.9,0.71435076,0.72117114,0.9622642,1.0,1.0,0.72117114,0.72117114,0.74824053,0.6013486,0.60421365,0.025379255321011526,0.006879460948065488,0.016776640982634473,0.00715997913657293,-0.002096408444227217,0.001486562325623643,0.004101633028330905,0.005502175726765052,0.003063049317779827,0.0,0.0,0.0,0.006723292224627149,0.010437275160949387,-0.005071223497910793,-0.002043182038641614,-2.3212437444854825e-05
0.72257596,0.4787803,0.46760944,0.9444444,0.45894998,0.46282098,0.9,0.3967036,0.41470554,0.9622642,1.0,1.0,0.41470554,0.41470554,0.46949047,0.29690403,0.6442137,-0.0037854285393566123,-0.006269215007151332,0.012311889819847622,-0.003246282613218585,0.005727536866568173,-0.007948735622994004,0.0030439865439438455,0.000259600319660315,0.0021237519919681,0.0,0.0,0.0,0.0024759125859756,-0.0009657882511625532,0.0020912519784334832,0.007476028060546917,0.0010233656001260088
0.9231587,0.9310345,0.33817407,0.3319116,0.3319116,0.9,0.9,0.6725861,0.6869028,0.9622642,1.0,1.0,0.6869028,0.6869028,0.6069905,0.7369041,0.52221364,0.021870561851489046,0.00598752803108497,0.018044428588204767,0.008515783019682446,-0.0019421373711652958,0.001246735197278338,0.004691041809381112,0.0032895752099623057,0.003172321963531788,0.0,0.0,0.0,0.006212867370264486,0.008284627816769164,-0.0008093075521269668,-0.007208191600203605,0.0007682597806709962
0.9231587,0.9310345,0.35194635,0.34542882,0.34542882,0.9,0.9,0.6590565,0.6694223,0.9622642,1.0,1.0,0.6694223,0.6694223,0.38699055,0.7680152,0.6462137,0.02393940340648514,0.006523059762281334,0.016428205133986927,0.009727575734603219,-0.0001771671275396941,0.0012230190069669766,0.0033431533820432223,0.00296525661664513,0.004399999251581627,0.0,0.0,0.0,0.007566674329249499,0.009434763360839404,0.0024712298352993693,-0.008534067787810778,-0.0004883240283957111
0.43737796,0.65507257,0.75637597,0.742369,0.9928678,0.9,0.9,0.21611539,0.23199789,0.9622642,1.0,1.0,0.23199789,0.23199789,0.46699053,0.15912628,0.4282137,-0.08591481855024188,-0.0002244958141840335,-0.004394338130137202,0.005973235283654324,-0.015434310976658776,-0.0008195789113656088,0.002556246110860159,-0.02773452705334699,-0.017591338183218678,0.0,0.0,0.0,-0.028420660846996782,-0.027645354126610965,0.0008224704089163129,-0.006638772520142599,0.00027047830810180453
0.6406414,0.69304067,0.9307994,0.92906505,0.842358,0.9,0.9,0.59376234,0.61077005,0.9622642,1.0,1.0,0.61077005,0.61077005,0.61824054,0.5291263,0.50121367,-0.03129258559548296,0.0007165376690874323,-0.01963481804592785,-0.002519647437224669,0.0034452642409897884,-0.0003163782047792121,0.003940636886182464,0.00746990157420677,0.004889729551402374,0.0,0.0,0.0,0.006612334897524466,0.007548139048857601,-0.0027086284360785863,0.002342220427648297,0.0024854947947998245
0.8219933,0.8198062,0.46117678,0.9444444,0.45263648,0.79247934,0.9,0.60611534,0.624363,0.9622642,1.0,1.0,0.624363,0.624363,0.59824055,0.57690406,0.5452136,0.008611960213727628,0.00436990822923621,0.006564808218207687,-0.005910310599823998,-0.000999326044802997,-0.0006239141063817944,0.0036543641225837207,0.005027198000137181,0.002990113423714962,0.0,0.0,0.0,0.004844036007135464,0.007779711438336813,4.355385896911551e-05,-0.0007978602190942788,0.0011069648178741623
0.7527625,0.73751277,0.6747303,0.94615734,0.9166222,0.9,0.9,0.33435082,0.35304227,0.9622642,1.0,1.0,0.35304227,0.35304227,0.42074054,0.41357073,0.42621365,0.0008698450422012937,0.0032505654740998136,0.004486837273508269,-0.004429790344985598,-0.002672480154749322,-9.019480240151239e-05,0.00331363187881237,-0.006417721421184603,-0.004837791603852648,0.0,0.0,0.0,-0.0067542824430192995,-0.014205901876798715,0.0008410141781623307,0.004619167787144617,0.0019921123485574653
0.7441962,0.3593305,0.9185314,0.9015216,0.9463495,0.9,0.9,0.49905664,0.5163489,0.9622642,1.0,1.0,0.5163489,0.5163489,0.6069906,0.40245956,0.61321366,2.860666550392743e-05,-0.01917870659956378,-0.014128008408951067,-0.0006421626301583858,0.00013020282296438343,-0.00011513668202998594,0.0053063608819832984,0.006618643790842742,0.005226110304974324,0.0,0.0,0.0,0.008127870369442663,0.006648905490304652,-0.003155361739648391,0.005791819391249859,0.0028085452658816817
0.59064144,0.7409425,0.8227762,0.9928678,0.9444444,0.9,0.7162444,0.454939,0.47293454,0.9622642,1.0,1.0,0.47293454,0.47293454,0.37574053,0.5135708,0.6292137,-0.04620196344314021,0.0017304944201244799,-0.01032684930936801,-0.010457529003077122,-0.0020952076235066985,-5.776504363958081e-05,-0.007874945356489185,0.003369589275962996,0.0018519314490355566,0.0,0.0,0.0,0.004912886587236159,0.0018036755725789927,0.002157190947270347,0.002279386243009295,0.0009215816796605915
0.9231587,0.9310345,0.18180864,0.17844181,0.17844181,0.9,0.9,0.41788,0.4357797,0.9622642,1.0,1.0,0.4357797,0.4357797,0.42574054,0.43912622,0.5362137,0.025350320437803872,0.005872315490247795,0.01685747715343265,0.010718870551173343,0.011134025585503733,0.0010701889018589186,0.003958923092273711,0.0020585511780616865,0.001372708750148091,0.0,0.0,0.0,0.00041132273576999933,0.0006428513303116312,0.0011326066110635272,0.002479634061385563,0.000846271885879137
0.7601635,0.620432,0.80536526,0.9444444,0.8390338,0.7597302,0.9,0.53140944,0.547421,0.9622642,1.0,1.0,0.547421,0.547421,0.54574054,0.47245958,0.5292136,0.00017094549977699324,-0.0008459118618236617,-0.005187916159572037,-0.002310621859567256,0.0013545208965797283,-0.0004861204207175193,0.00345468386987488,0.005897041386270718,0.005567449945221073,0.0,0.0,0.0,0.007519012628387498,0.0073482101370154675,-0.00025605883440402345,0.0035460302964328365,0.0018276348653869796
0.70276254,0.7104368,0.57487255,0.9444444,0.9463495,0.7400306,0.9,0.3619976,0.38137686,0.9622642,1.0,1.0,0.38137686,0.38137686,0.3582405,0.34579298,0.5072137,-0.00873005375364182,0.0034308696652224535,0.007132324148740745,-0.0037120812066330938,-0.006920918049408174,-0.0006754299731217102,0.0035364483245076644,-0.00412463779779123,-0.0030753434136595093,0.0,0.0,0.0,-0.0032019503888158175,-0.009762700163732714,0.0005011768426984727,0.0044088772671606255,0.0017790727716505445
0.5175644,0.5687668,0.7508942,0.9444444,0.9444444,0.5498079,0.59568113,0.4672919,0.4872518,0.9622642,1.0,1.0,0.4872518,0.4872518,0.33699048,0.616904,0.49621361,-0.06084667840911848,-0.003783768385281417,0.0004218179442315849,-0.004046261716963383,-0.0038951307755123133,0.0012390086217522922,-0.01280026795244479,0.0021504068327574304,0.0030513688344926885,0.0,0.0,0.0,0.0050565857413397055,0.0015689787371420852,0.004224319899524422,-0.0025808304254875767,0.0014408024482564705
0.61727315,0.48567706,0.9020078,0.9928678,0.9928678,0.9,0.9,0.33670348,0.3421069,0.9622642,1.0,1.0,0.3421069,0.3421069,0.4832405,0.029126167,0.7212137,-0.03882052385241808,-0.003282779085368244,-0.01770804306696397,-0.004318024384008115,-0.011415612256343147,0.0002082007377763438,0.00364207115475845,-0.012331956164537652,-0.00837021429461627,0.0,0.0,0.0,-0.01238535950021055,-0.012912152152743571,0.0012967080685798915,-0.004798748009103322,0.0027759700667500165
0.85690004,0.86883026,0.869402,0.9444444,0.8821317,0.9034291,0.9,0.67082125,0.67175174,0.9622642,1.0,1.0,0.67175174,0.67175174,0.63949054,0.545793,0.68121374,0.0190498334088842,0.003493056675744064,-0.01090188596962953,-0.0038454760808777784,0.0028741440752802013,0.0007070074287934085,0.0045258364330856855,0.00910361954116341,0.008195774394880928,0.0,0.0,0.0,0.007081887388441919,0.011711233805355423,-9.911511773833453e-05,-0.00011699062786392927,-0.0029858914125990644
0.45247126,0.6001664,0.7524029,0.90186393,0.9762011,0.9,0.9,0.3731741,0.3937579,0.9622642,1.0,1.0,0.3937579,0.3937579,0.2907405,0.5702374,0.50121367,-0.08769509158456565,-0.0014651248753349932,-0.00018912956501528202,-0.0033505070530896273,-0.005619907968080734,-0.0017969627658924263,0.003047068071068877,-0.005066731938338042,-0.001991225394474071,0.0,0.0,0.0,-0.0025412689907794174,-0.00792735606018355,0.000483209394820389,0.0006437360831553481,0.0016856286572693507
0.83324045,0.41656408,0.821279,0.9444444,0.9928678,0.71291745,0.9,0.5361154,0.5486933,0.9622642,1.0,1.0,0.5486933,0.5486933,0.52574056,0.25245953,0.7912137,0.014941706986364996,-0.00929293594699948,-0.005030025881313987,-0.0017329001300956512,-0.0033763457323459146,-0.0027046665170030763,0.004219623266139623,0.004827628201242302,0.004613717541006824,0.0,0.0,0.0,0.006071053615416195,0.005219803691831128,0.0007088548071390771,0.007526777321592761,-0.002248316012885524
0.41400963,0.6236555,0.72046155,0.887077,0.9444444,0.9,0.602867,0.2190563,0.23940822,0.9622642,1.0,1.0,0.23940822,0.23940822,0.45074052,0.21579286,0.43021363,-0.09842846993629818,-0.002341081866481612,-0.001733496349958211,-0.0012338985515694323,-0.011804299105381819,-0.0015639277924221,-0.009053886329783411,-0.02441476167767638,-0.012795357075521072,0.0,0.0,0.0,-0.021804354385868457,-0.024683925565573514,0.0016187201746846386,8.267555028845295e-05,0.00029664828480959333
0.7601635,0.7040746,0.85867226,0.84277093,0.92906505,0.9,0.9,0.73788035,0.75037295,0.9622642,1.0,1.0,0.75037295,0.75037295,0.6482405,0.5480152,0.73521364,0.005031400717128527,0.0015092219564930259,-0.009298193180030893,0.00129843266770988,0.002189217840871632,0.00020912526690180245,0.006048459306094949,0.012707797488660745,0.007043599377395397,0.0,0.0,0.0,0.007431881572231054,0.0159079178289146,-0.0020320273926176216,-0.00017705797559474423,-0.0036946589482110765
0.85690004,0.8209112,0.6867621,0.9444444,0.6743837,0.7935475,0.9,0.53552717,0.5536728,0.9622642,1.0,1.0,0.5536728,0.5536728,0.3069905,0.6613486,0.53421366,0.020277443677781372,0.003477889349704502,0.0016703873386607277,-0.0052336763034837855,0.0009824047375966345,0.0014426134316771564,0.004812658606977249,0.004159420806828507,0.003610327185225349,0.0,0.0,0.0,0.0065768241635726496,0.006574318524022825,0.0005840552517372887,-0.003126293768426028,0.0015349462772189981
0.92170197,0.87939256,0.5715851,0.9928678,0.38788602,0.9,0.9,0.5472918,0.55347997,0.9622642,1.0,1.0,0.55347997,0.55347997,0.8907405,0.44023737,0.33421364,0.026658459219662888,0.00549665241006081,0.005432824272419911,-0.007013191419008941,0.0009585487993988246,0.0011943679860578343,0.0035852753576266984,0.003758714814694514,0.0025762855677730666,0.0,0.0,0.0,0.00502930027670263,0.00399870109189844,-0.006180237090785318,0.004994696372503047,-0.0010994308595919473
0.48650378,0.10692365,0.82579374,0.9463495,0.77974254,0.9,0.9,0.49376228,0.5097569,0.9622642,1.0,1.0,0.5097569,0.5097569,0.55574054,0.3913485,0.5572136,-0.06515891984946613,-0.048681785778637396,-0.006567129448681367,-0.003988799847982433,0.0014656517137280384,-0.000939192658372581,0.0032504295853146782,0.001701394844411587,0.003061448250973675,0.0,0.0,0.0,0.004328286800227548,0.002768016139653018,-0.00016280753702765062,0.008120380553208587,0.002124396190063943
0.7678558,0.62734145,0.6128603,0.9166222,0.9444444,0.9,0.7042488,0.4884684,0.50696385,0.9622642,1.0,1.0,0.50696385,0.50696385,0.3019905,0.5624597,0.6212137,0.0007002935266775267,0.0013221212950304472,0.004265052669841506,-0.0032179569581708063,-0.0033017513309579766,2.222281646739592e-05,-0.009281246036862286,0.0027466184732150255,0.0027787381717492426,0.0,0.0,0.0,0.004388025356004329,0.003695066943955675,-0.00019369176851030925,-0.0003865535456958657,0.00022834564054464803
0.8255481,0.7094656,0.816455,0.9444444,0.8226006,0.76664054,0.9,0.60023296,0.6107548,0.9622642,1.0,1.0,0.6107548,0.6107548,0.43449056,0.5791263,0.6562137,0.011680592474720792,0.0009636538509514669,-0.006105152030040944,-0.0035618678287872825,0.0018997989789473725,0.0006179050760877473,0.00567336168386199,0.005011452247606394,0.004933982808057142,0.0,0.0,0.0,0.004559485175908876,0.00824525132558383,0.0017355741973462885,-0.0014237033115237136,-0.0024750034540631295
0.9231587,0.9310345,0.37262407,0.36572364,0.36572364,0.9,0.9,0.74729204,0.7519509,0.9622642,1.0,1.0,0.7519509,0.7519509,0.6069905,0.5335707,0.8172137,0.02674306272355637,0.006428263445212195,0.015955406024423077,0.008438583257728642,0.0013341128645761471,0.0008771054376946441,0.00544251009702352,0.006559699774424932,0.004701907751291595,0.0,0.0,0.0,0.00978373300677364,0.012924447259269107,-8.866149778477133e-06,0.0013661973562768064,-0.0024667261691823424
0.5255481,0.21961685,0.6276144,0.9444444,0.6159919,0.21229629,0.9,0.4314095,0.44994769,0.9622642,1.0,1.0,0.44994769,0.44994769,0.5644905,0.29690403,0.5442136,-0.04891536361058606,-0.030391923707988523,0.0028602256496700756,-0.003812326507706418,0.0038918653213934735,-0.028789489780357405,0.0018011118402646588,-0.0001471148223534068,0.0018132407243290438,0.0,0.0,0.0,0.0026234943371692687,-0.0017351040784812572,-0.0015784977003011952,0.012050137277123089,0.0013192116088679812
0.4601635,0.6270209,0.77243,0.95026696,0.9444444,0.9,0.60612017,0.5525861,0.5584678,0.9622642,1.0,1.0,0.5584678,0.5584678,0.52199054,0.7369041,0.47721356,-0.07370917621612266,-0.0015986736766967755,-0.0030930293031822477,-0.008010277182601486,-0.00431170859878593,-0.0015904909374315935,-0.016941156091601933,0.005699284404281579,0.0027780037959816185,0.0,0.0,0.0,0.0045985711944437225,0.005280433535241776,-0.000486067940335509,-0.010930901334017395,0.0014128012776341856
0.45602596,0.5889511,0.8162528,0.9444444,0.94465274,0.64992034,0.9,0.59788007,0.61312836,0.9622642,1.0,1.0,0.61312836,0.61312836,0.5032406,0.5724596,0.5952136,-0.07363330920362218,-0.004938879466522053,-0.007393216388279243,-0.005376604497713793,-0.0001233699693274212,-0.0007246858745403781,0.00391473686129824,0.008580126868894488,0.005466092971613907,0.0,0.0,0.0,0.006827899258770042,0.00871511967790999,0.00021276180892007432,-0.0017169483393704337,0.0005227776421200046
0.31371832,0.5131619,0.8776266,0.86137426,0.9762011,0.9,0.9,0.03199768,0.05094587,0.9622642,1.0,1.0,0.05094587,0.05094587,0.4594906,0.11023744,0.1992136,-0.12872070371844146,-0.0068754532316315075,-0.018867501133096664,-0.0025235515161547164,-0.017850294586258354,-0.0019029878140060102,0.0014174148898502808,-0.05255978908132939,-0.03440214441214881,0.0,0.0,0.0,-0.05992619884130081,-0.053581758662279516,0.0010316529709418483,-0.005825002527111398,-0.009141926807514187
0.6021798,0.56852466,0.8582516,0.9762011,0.9410746,0.9,0.9,0.5361155,0.55070645,0.9622642,1.0,1.0,0.55070645,0.55070645,0.35699058,0.6380153,0.5952137,-0.035759306105025,-0.0038620393220053645,-0.008774207552096404,-0.0075993389917545315,0.0006752933728427475,-0.0004668585977490879,0.006250541327293375,0.008123983664045743,0.005174879027620807,0.0,0.0,0.0,0.008055606133295042,0.008246415201657907,0.0029625391198059635,-0.0051184352322863995,0.001815921364577151
0.80247116,0.76578337,0.7959202,0.8572891,0.8792324,0.9,0.9,0.6361154,0.64881194,0.9622642,1.0,1.0,0.64881194,0.64881194,0.2819904,0.6902374,0.7452136,0.0112186179386615,0.0027673603261915386,-0.004948265666891164,-0.001327279462578497,0.0013248147351993455,-9.100683304668116e-05,0.0064779063785574175,0.00600054275934278,0.005040753241300519,0.0,0.0,0.0,0.006526197534232943,0.010128328292875174,0.0008525415240325962,-0.005856683371964888,-0.0057020610936299124
0.9231587,0.9310345,0.11369274,0.111587316,0.111587316,0.9,0.9,0.31611544,0.33726206,0.9622642,1.0,1.0,0.33726206,0.33726206,0.40074056,0.35245958,0.51721364,0.028147192317102117,0.007644846423269764,0.02009301925191607,0.011334637437666807,0.01532121241616594,0.00026832546292625633,0.0036665105847051753,-0.001453535211086845,-0.0014544096759639433,0.0,0.0,0.0,-0.007931615261703434,-0.007010582843804607,0.0009242318956367002,0.0014217820386563064,0.0007025573747659798
0.8796856,0.8209108,0.7659278,0.9928678,0.9015216,0.9,0.9,0.41964474,0.43619078,0.9622642,1.0,1.0,0.43619078,0.43619078,0.37824053,0.53023744,0.47721356,0.028476920911155883,0.0014854827831817024,-0.0008535699937335095,-0.006671366433245408,0.00038855353420754385,0.0019372123884880497,0.003182029405234045,0.0003625566382289223,0.0008099435829571222,0.0,0.0,0.0,0.0033502139166485837,-0.0016159946957897743,-0.0004184781325403536,0.002298771068097549,0.0017768304839027593
0.88825196,0.67473793,0.72786874,0.794287,0.7327004,0.9,0.9,0.58140945,0.5982929,0.9622642,1.0,1.0,0.5982929,0.5982929,0.5069906,0.51245964,0.6852136,0.024867570886152195,0.0006213168125452133,-0.00014211569003596937,0.0012218617709244145,0.0013384020860245927,0.0008168010057184113,0.0054400365680219885,0.005508939955947882,0.005648461570641364,0.0,0.0,0.0,0.006923638020720085,0.00818467588179113,0.0015113662739627445,0.002180734597734579,-0.0021750627778136257
0.5637183,0.6164395,0.88120836,0.9151263,0.9762011,0.9,0.9,0.53846854,0.55778766,0.9622642,1.0,1.0,0.55778766,0.55778766,0.48199058,0.555793,0.5052136,-0.04555972083808691,-0.0014681356996886618,-0.010908713798974356,-0.0017369462323504315,-0.0009856638052010188,-0.0008524848274247682,0.005936724838577518,0.007240642131793735,0.005078911110037085,0.0,0.0,0.0,0.007599479004978977,0.008049464365693086,0.0015302855938879084,0.0006815944366140884,0.002077170743577474
0.8255481,0.6167541,0.82634073,0.8558253,0.9762011,0.9,0.9,0.5349387,0.55102926,0.9622642,1.0,1.0,0.55102926,0.55102926,0.40824056,0.555793,0.6442137,0.01248021510540422,-0.0003754200001852157,-0.0070845700286249445,-7.621083483607221e-05,-0.0009935856041937293,0.0004293477950962836,0.003907472353613722,0.005633583227225727,0.005805015097458267,0.0,0.0,0.0,0.0075433944744820285,0.008482594787206312,0.0015396688424980246,0.0009188032398376742,-0.0014161747221952147
0.91132885,0.5625069,0.6073137,0.8702038,0.60840374,0.9,0.9,0.46670374,0.48337424,0.9622642,1.0,1.0,0.48337424,0.48337424,0.40074056,0.615793,0.4622136,0.02825407859111179,-0.006147569761462056,0.0036863642842380777,-0.0015780963243713698,-0.0008872660296628795,0.0009334052115411305,0.00233010642424196,0.0013580203781575367,0.0033463554728777245,0.0,0.0,0.0,0.004418465692106365,0.002608720685829356,0.0020430807084786755,-0.0022389888124913645,0.0008859672841663443
0.7181472,0.7272295,0.8346873,0.8192301,0.9444444,0.9,0.75113785,0.5984683,0.6119858,0.9622642,1.0,1.0,0.6119858,0.6119858,0.5682405,0.5113485,0.6412137,-0.006246486283100443,0.001914043548598455,-0.008443975059376085,0.001317028571646129,0.0014915929720281434,-0.00014298018450729355,-0.0027700858002723565,0.005727558238232737,0.004785755426761806,0.0,0.0,0.0,0.0050127311992398445,0.00760022241972404,0.00012030634941568651,0.0021645574142599346,-0.0019453374218709738
0.80602604,0.8476853,0.86901754,0.9444444,0.96959347,0.90037495,0.9,0.50788003,0.5209166,0.9622642,1.0,1.0,0.5209166,0.5209166,0.49324054,0.56579304,0.41221362,0.00759032657184132,0.0016632782838116903,-0.011478852082354676,-0.0042394588976582374,-0.00017524265647811534,0.00042574849600128203,0.003798378849161833,0.003575463738178467,0.003020517994853085,0.0,0.0,0.0,0.004966554148456841,0.004035676314294058,0.001076685786463799,0.0011359686098311207,0.0013794478650617358
0.8524712,0.79874104,0.8055565,0.9444444,0.786743,0.79573923,0.9,0.6778801,0.6907389,0.9622642,1.0,1.0,0.6907389,0.6907389,0.53074056,0.6435707,0.63821375,0.021648382365011157,0.003357446334972281,-0.004761781174337112,-0.002958174309440402,0.0016852033508988778,0.0006941149997505606,0.005196702860323854,0.00893193747988399,0.006518790908390839,0.0,0.0,0.0,0.006309816753218572,0.011627175145972581,0.0007746747450180798,-0.003654230295457421,-0.0006741012444042327
0.7474596,0.12834454,0.9038755,0.9444444,0.9928678,0.9030832,0.9,0.6719977,0.6786839,0.9622642,1.0,1.0,0.6786839,0.6786839,0.4894905,0.6180152,0.7732137,-0.0029024245212973154,-0.03981157008586761,-0.012243720772699543,-0.0025225308943987498,0.0007046728653724121,0.0004217459484416873,0.0036174257596590194,0.015899768033235843,0.0023763642182380415,0.0,0.0,0.0,0.006244160884385414,0.011955411487611154,0.00011781877852085513,-0.006268225249774266,0.002213180981937555
0.8645923,0.7655489,0.72405064,0.8745144,0.9762011,0.9,0.9,0.5919977,0.60412383,0.9622642,1.0,1.0,0.60412383,0.60412383,0.65074056,0.52801514,0.5072137,0.020918951698820257,0.0023194763055683766,-0.0009888951645214625,-0.00010545088884315212,0.001164556281598019,0.0010808659817699556,0.004934599734818084,0.006646979609796267,0.0051072717581655816,0.0,0.0,0.0,0.0068435812823163565,0.010064770176988884,-0.0023774026801792188,0.0010886751371327592,0.001935168400981685
0.9231587,0.9310345,0.26096055,0.25612795,0.25612795,0.9,0.9,0.5467037,0.5622797,0.9622642,1.0,1.0,0.5622797,0.5622797,0.6257406,0.49579293,0.4872136,0.028579747339558682,0.007643832911198221,0.0179448115156728,0.008567711814398993,0.006162679541286134,0.001048724621891122,0.005036035004972397,0.00274623761059885,0.00436497642435102,0.0,0.0,0.0,0.007168888118081669,0.006605223536101248,0.00019043750654748476,0.002681322109556574,0.0005609256069190104
0.73679525,0.7594976,0.82071334,0.9444444,0.9677255,0.787427,0.9,0.690233,0.69460696,0.9622642,1.0,1.0,0.69460696,0.69460696,0.5494906,0.6924597,0.6882137,-0.0041275907410559,0.0025101044672576735,-0.007858371388770378,-0.002315581031153714,0.0021669199931103563,0.001494993196998558,0.005434310331458756,0.010063313527945603,0.007157874279354224,0.0,0.0,0.0,0.007181601995294173,0.014550416975825677,-0.00025557433723523345,-0.008253786733464344,-0.0036994254891594466
0.8335318,0.7838458,0.72465616,0.9444444,0.6538942,0.7577176,0.9,0.46493888,0.47645488,0.9622642,1.0,1.0,0.47645488,0.47645488,0.43449056,0.545793,0.4662136,0.020051064873097615,0.0030430271800708435,0.0006383282754667146,-0.004223625872323692,0.002999946975723168,0.0002742167806106688,0.0031056083613459425,0.004120424329559284,0.004642461359646304,0.0,0.0,0.0,0.007604985580964479,0.0054573892624648,0.0024879144764636475,0.0013037831811750869,0.0019275772974466537
0.7793943,0.83756226,0.88004833,0.9444444,0.92365605,0.957162,0.9,0.57905656,0.59188825,0.9622642,1.0,1.0,0.59188825,0.59188825,0.42699045,0.5113485,0.6932137,0.0028107272739333667,0.0019896841941286388,-0.012376968252090727,-0.0031935889368323585,0.0019813957181117866,-0.0007460934932078458,0.004491755477204394,0.004573218765755422,0.0046058386861727255,0.0,0.0,0.0,0.006732222737988327,0.006660948811068379,0.0010699666790833884,0.002243009757653483,-0.004787137550811828
0.9063174,0.7220242,0.67325264,0.9444444,0.9444444,0.66617596,0.69795674,0.5731742,0.59140724,0.9622642,1.0,1.0,0.59140724,0.59140724,0.30949044,0.6435708,0.63521373,0.02826968338037363,0.003394083113437696,0.0023159453232469624,-0.0020139265341531484,-0.00036353598470821575,-0.00013386474543353695,-0.0035325829158626507,0.005143935403554522,0.005767075512208821,0.0,0.0,0.0,0.005726590097544327,0.009628962075370187,0.0015513547649206206,-0.003735546571896819,-0.0005703395430544255
0.9231587,0.9310345,0.17463696,0.17140295,0.17140295,0.9,0.9,0.37846833,0.39761746,0.9622642,1.0,1.0,0.39761746,0.39761746,0.5657405,0.39579296,0.32721367,0.024435075413185795,0.006797628963923912,0.017244813004363563,0.010014483134342682,0.013856439741641307,0.0007108801840394577,0.002875506930244494,0.0005543363411407244,0.0012301448159982079,0.0,0.0,0.0,-0.0013449827597236152,-0.0017669734345565047,0.0012543911066504332,0.0028808742294129403,-0.0008576330330240393
0.8178558,0.69928867,0.8091313,0.9166222,0.7976379,0.9,0.9,0.38082123,0.40328816,0.9622642,1.0,1.0,0.40328816,0.40328816,0.38574058,0.52579296,0.39321366,0.015228005724168315,0.0014123545657223082,-0.006075362837125469,-0.002874991853886964,0.0026611074859668594,-6.009134545047009e-05,0.0031494809053890472,-0.0013955740657657797,-0.00024507709286635703,0.0,0.0,0.0,0.0017652345289350005,-0.0041604710158072615,0.0011149223838077867,0.002479057529664502,0.0008196079865656505
0.9231587,0.9310345,0.2949065,0.28944528,0.28944528,0.9,0.9,0.62199783,0.635075,0.9622642,1.0,1.0,0.635075,0.635075,0.6257405,0.59912634,0.52221364,0.026675993875889703,0.0073041159089538175,0.0182030488256132,0.010659853182191974,0.0010138310907526664,0.0018336978798249046,0.005008023613180359,0.0033749622523000567,0.003938608509447904,0.0,0.0,0.0,0.007368944793084349,0.008405134691332703,-0.000989893943769809,-0.0009092071635718452,0.0004856429228234478
0.71814716,0.71043587,0.7054783,0.9444444,0.81106365,0.6867547,0.9,0.2461154,0.26569936,0.9622642,1.0,1.0,0.26569936,0.26569936,0.32074046,0.3457929,0.4122137,-0.010807289962603137,0.0018431294860842072,0.0014878314924994878,-0.005016674166552929,0.00046973515715923093,-0.000647131072123081,0.0017468758108284894,-0.015181201570620705,-0.016016710278574105,0.0,0.0,0.0,-0.020283088407748905,-0.026767738773463043,-0.0018711696792010775,0.0019095183204097977,0.0005526674018578423
0.89151543,0.89943874,0.40107146,0.9444444,0.3936442,0.8694574,0.9,0.6237625,0.63818383,0.9622642,1.0,1.0,0.63818383,0.63818383,0.6307406,0.4413484,0.62121373,0.023531051601371186,0.0057524914952632985,0.012902933994868573,-0.004774695945890781,0.0003311018385119065,0.0005049981806413771,0.0038478526249958508,0.006965667602393916,0.004670555627712973,0.0,0.0,0.0,0.007731444373832259,0.010241275579837956,0.0016480408552665255,0.0029301220360016277,0.0009873563869550565
0.6675645,0.7272295,0.7923289,0.9444444,0.9444444,0.957162,0.9034291,0.52493894,0.54185253,0.9622642,1.0,1.0,0.54185253,0.54185253,0.5319905,0.456904,0.5602137,-0.018600966817624777,0.0016394709362633638,-0.004459666409690737,-0.004631205324197761,-0.00035643085324095334,-0.0016683032716233856,0.008832259879190065,0.004591041197284453,0.0041764317053429156,0.0,0.0,0.0,0.006701665519858327,0.005473474229312272,0.0005171589964181876,0.0041354006735760986,0.0017429465327772837
0.9231587,0.9310345,0.283211,0.27796632,0.27796632,0.9,0.9,0.5819978,0.598765,0.9622642,1.0,1.0,0.598765,0.598765,0.52449054,0.40801513,0.7132137,0.02915303216743947,0.005438489489325613,0.01709735059412869,0.00996944430572891,0.005411117754242091,0.00044545940525332866,0.006848468884747422,0.00161616704142531,0.00394587480762749,0.0,0.0,0.0,0.006932445000952019,0.006185392284670116,0.0009482466553128753,0.0032818014107781246,-0.001374059296625584
0.45573464,0.6168337,0.85832083,0.9330076,0.9444444,0.9,0.5488486,0.48788002,0.50672805,0.9622642,1.0,1.0,0.50672805,0.50672805,0.21074045,0.7502374,0.53021365,-0.07386368829654423,-0.0005505278880788263,-0.0077186566719363425,-0.00444751415358525,-0.0020023848885084034,-0.001714678457431955,-0.02019269331965071,0.004118609522365246,0.0022041732343863326,0.0,0.0,0.0,0.004714703779574132,0.0035134349856723846,-0.00025513954679432736,-0.01101338009476223,0.0023922279468277918
0.7335318,0.71384895,0.5784095,0.9444444,0.6753619,0.7431204,0.9,0.472586,0.48985726,0.9622642,1.0,1.0,0.48985726,0.48985726,0.32074046,0.42912632,0.73821366,-0.0029024474981156657,0.0023855828885065433,0.006281319039302957,-0.004001250360087642,0.001922048908371028,0.0005119767122822587,0.0059829641821167534,0.0011373736012591175,0.0025110284163771114,0.0,0.0,0.0,0.00352726597025251,0.0012878623778982193,0.0006050780517372698,0.004419797269226689,-0.0028691140223756685
0.77642214,0.5203326,0.8516926,0.9444444,0.86137426,0.957162,0.9,0.5378802,0.5541879,0.9622642,1.0,1.0,0.5541879,0.5541879,0.50699055,0.3624596,0.6752137,0.0037747253553167127,-0.004669224494147543,-0.010023741275370073,-0.0034302379016130148,0.00319730108382755,-0.0013251579426378113,0.006044142234446596,0.006026689295769857,0.0045959601658792665,0.0,0.0,0.0,0.007349363983814598,0.006874857742521605,0.0013549564304552444,0.0074780432503820035,0.0002823723295087174
0.637378,0.6857059,0.6785449,0.9444444,0.771813,0.66284907,0.9,0.07905668,0.10104291,0.9622642,1.0,1.0,0.10104291,0.10104291,0.05074048,0.073570676,0.6292137,-0.029038601044745184,0.0013891548776624664,0.0009446231071107042,-0.003820876004795227,0.0008582769302741316,0.0002265706661288308,0.0012910188325662493,-0.03478900598101605,-0.03360046112033431,0.0,0.0,0.0,-0.04946204551956186,-0.04845505526750522,-0.016643444610710444,-0.011518819115021886,0.002560539436659715
0.84920776,0.81457967,0.8061045,0.7911766,0.95153695,0.9,0.9,0.665527,0.674867,0.9622642,1.0,1.0,0.674867,0.674867,0.42074054,0.7091263,0.6842137,0.021422610293556008,0.004071512942120561,-0.005649778668238694,0.0019848520154231468,0.0015229161086062792,0.00020510628376764972,0.005350282744611654,0.007444909705867066,0.006434453522256562,0.0,0.0,0.0,0.0076887380078184955,0.012597967417303369,0.001835519560930504,-0.006414119458479584,-0.0033623741676353427
0.47525686,0.48315358,0.79592687,0.9444444,0.7977984,0.62738806,0.9,0.26317406,0.2830423,0.9622642,1.0,1.0,0.2830423,0.2830423,0.42574054,0.34134853,0.4522136,-0.07985754849673074,-0.007815897828314705,-0.009382411500941632,-0.007282570111804843,-0.0005701244047011636,0.004128091995256345,0.0033414140910701107,-0.02226408265034853,-0.012577045967240503,0.0,0.0,0.0,-0.01894133309269962,-0.022697323947794567,0.0020624376203124987,0.005114182038157463,-0.0006341608546482616
0.82613075,0.46989533,0.9138353,0.8969124,0.82045406,0.9,0.9,0.7708214,0.77754956,0.9622642,1.0,1.0,0.77754956,0.77754956,0.8532405,0.46801513,0.69621366,0.011764313832596516,-0.01116199757541065,-0.01782378909331933,-0.0005205191008557646,0.0024339680244810907,0.0012387498577960672,0.0038540245596381754,0.015386111837293055,0.0033831483752729107,0.0,0.0,0.0,0.005275844304842295,0.009326068473148817,-0.014957690546370174,0.0025203148430828627,0.001030651004342903
0.74920774,0.57310843,0.6360421,0.9444444,0.6242635,0.55400485,0.9,0.76023304,0.7546357,0.9622642,1.0,1.0,0.7546357,0.7546357,0.70949054,0.60468185,0.7242137,0.0013908403527050273,-0.006011846927949559,0.0021285617291756298,-0.002518145860704073,0.002046954802954869,-0.008208086216107689,0.005534454290061206,0.012072402476396737,0.002567466251615068,0.0,0.0,0.0,0.006119510628410666,0.015546322021259868,-0.005850703911106981,-0.0029045676074577298,0.0002430464682825631
0.92228466,0.8511092,0.65389997,0.9463495,0.9015216,0.9,0.9,0.5002332,0.5169444,0.9622642,1.0,1.0,0.5169444,0.5169444,0.45074058,0.5246818,0.5072136,0.029151136577798362,0.004171991558773406,0.003200070374531695,-0.00503592133654111,-0.00011772429621864977,0.001066754838548355,0.0035792860057040233,0.0025095070487551052,0.003202824876245115,0.0,0.0,0.0,0.004638405224049716,0.004205956124382025,0.0008644073904612184,0.0018016868713845724,0.0017997041740968668
0.7054433,0.29559806,0.9710748,0.9444444,0.9762011,0.2857448,0.9,0.61729187,0.6337856,0.9622642,1.0,1.0,0.6337856,0.6337856,0.23324049,0.7835707,0.7002137,-0.013098003777903195,-0.025385712889417898,-0.016035115867058428,-0.0029614355807721427,0.0012897449978829586,-0.02561791386641819,0.0030692750764225655,0.006545152939401247,0.006139886522282983,0.0,0.0,0.0,0.00535477893990919,0.012020061656710266,0.006354557893733764,-0.014420130054724619,0.0030162668082674687
0.8645924,0.8243242,0.64461124,0.82556325,0.9444444,0.9,0.79684675,0.58729184,0.60071945,0.9622642,1.0,1.0,0.60071945,0.60071945,0.48324054,0.40801513,0.7072137,0.02494454617091089,0.001000955464429774,0.0032697280026932254,0.00025975534084099255,-0.0007910470276753516,-0.0003100700486855239,0.0013591079137560969,0.004646264064133775,0.005174043502358588,0.0,0.0,0.0,0.006159165067273902,0.00838740968671097,0.0011677306669538182,0.004405273129398119,-0.003927931032743246
0.9231587,0.9310345,0.22187783,0.21776897,0.21776897,0.9,0.9,0.4661155,0.47700822,0.9622642,1.0,1.0,0.47700822,0.47700822,0.48199058,0.48023733,0.5412137,0.027925769621172596,0.005111627995042163,0.017932385729136916,0.011232523192184221,0.007739563812277834,0.0010287392028897752,0.004981300348701897,0.0018343842722707766,0.0019350572975780158,0.0,0.0,0.0,0.0020273417132057915,0.0011466840092594491,0.0016132554866547931,0.002604374769499138,0.0008439647625664783
0.75660866,0.40590197,0.82177275,0.9444444,0.93439513,0.957162,0.9,0.5884683,0.60100746,0.9622642,1.0,1.0,0.60100746,0.60100746,0.3169905,0.5991262,0.71221364,0.0018385755098729107,-0.01075952829643452,-0.006866500352516518,-0.004698556234445328,0.0018363897031311485,-0.002419818096561563,0.0054482834343424534,0.008001545550409257,0.004421569306891875,0.0,0.0,0.0,0.007705434152462543,0.009508205056029485,0.0013458785234911424,-0.0025260389383676375,-0.002511508645498312
0.7749654,0.5797589,0.92880934,0.9444444,0.9015216,0.84992,0.9,0.4884684,0.5080051,0.9622642,1.0,1.0,0.5080051,0.5080051,0.46949053,0.43023744,0.58021367,0.0022489110487161246,-0.0032853301653819906,-0.017894203989285123,-0.003181779704694423,0.002580864667131587,0.0005092602118260868,0.00437979760488941,0.00606154680146813,0.004190483250508596,0.0,0.0,0.0,0.007700023666592223,0.005605034387100059,0.0017899335622135015,0.0053588302380501995,0.002616700457622882
0.3785202,0.23056522,0.9383463,0.9928678,0.9444444,0.9,0.22287972,0.6608214,0.6694229,0.9622642,1.0,1.0,0.6694229,0.6694229,0.6694905,0.6613486,0.55421364,-0.09128094741614756,-0.022881967957205304,-0.01802200302971352,-0.008862435362175314,-0.0021829817349266205,-0.001027483254208592,-0.05892297350117701,0.009210555083743868,0.005962743275100206,0.0,0.0,0.0,0.0068466680234146515,0.00929784247588189,-0.005570318041715226,-0.007186741392822723,0.0017983212519196237
0.90217984,0.42390463,0.6543551,0.6422374,0.9444444,0.9,0.35602832,0.35905647,0.38070187,0.9622642,1.0,1.0,0.38070187,0.38070187,0.40574056,0.38468182,0.50121367,0.03304696940122475,-0.008353296547095036,0.003645633905037901,0.004468332658035955,-0.005222191063775027,-0.000739986160041905,-0.038912480156673125,-0.0032041697694907847,-0.000650567300814841,0.0,0.0,0.0,-0.00434219212588191,-0.007027042260118357,0.002670485393138226,0.005536190008717499,0.002135221723764027
0.9231587,0.9310345,0.3284974,0.32241413,0.32241413,0.9,0.9,0.642586,0.6583532,0.9622642,1.0,1.0,0.6583532,0.6583532,0.6094906,0.66357076,0.6532136,0.028347806737961497,0.0067735034117645055,0.018695935320050688,0.00981295932134961,-0.0005879801833318549,0.001376600449206036,0.0041214689505030275,0.0033423474851541047,0.0036518196571890304,0.0,0.0,0.0,0.006076232854172443,0.0083631719686829,-0.001164810554078306,-0.004712391174388429,-0.00045991799804232013
0.79949903,0.47850427,0.69012254,0.722131,0.7718098,0.9,0.9,0.32552707,0.34587094,0.9622642,1.0,1.0,0.34587094,0.34587094,0.14699054,0.4191263,0.6602137,0.010154417330841471,-0.008108022130490273,0.0011463964092171162,0.0026971000522117033,0.0018199880998380432,-0.00020518751260095212,0.002182355167758311,-0.007138546837159647,-0.00519964965416184,0.0,0.0,0.0,-0.00901070026305596,-0.01526032004866566,-0.009982327998900017,0.0036158821338900986,0.001261655646126016
0.62910295,0.6680968,0.8113944,0.7963686,0.9444444,0.9,0.5659101,0.3355271,0.3535559,0.9622642,1.0,1.0,0.3535559,0.3535559,0.35699046,0.44579294,0.4612136,-0.034213093759782785,0.0011767924861655543,-0.0064421421055472225,0.004148151777567978,-0.005020124954752925,-0.0006809339573690759,-0.017090807191110814,-0.007026421312980777,-0.004810478246261884,0.0,0.0,0.0,-0.004242642303964769,-0.01021073415924794,0.0017819756624759984,0.003367614436879288,0.002169714987715621
0.9231587,0.9310345,0.09890721,0.0970756,0.0970756,0.9,0.9,0.28199768,0.29865965,0.9622642,1.0,1.0,0.29865965,0.29865965,0.54574054,0.2424595,0.42621356,0.024645009214043972,0.007741701492615835,0.018924977330844008,0.003606065267232933,0.025988743182185754,0.0008735883821745035,0.0032748040454101102,-0.0027492945155586086,-0.002580162772412029,0.0,0.0,0.0,-0.011841684534743165,-0.008974660691281815,0.0009749741883161943,-0.0024612993291447584,-0.0004774697559190287
0.6601635,0.6723318,0.8058661,0.9444444,0.78342927,0.7564954,0.9,0.42435062,0.4418872,0.9622642,1.0,1.0,0.4418872,0.4418872,0.41949052,0.56579304,0.4032136,-0.019173285424252694,0.0009984219730276547,-0.006620026853799497,-0.008715277750588888,0.0037863152958608984,0.0014245638660001644,0.004427629954902169,-0.00019163531910534908,0.0006150314944088438,0.0,0.0,0.0,0.0029804044078909566,-0.0012758589031503754,0.0019058029191476135,0.0006201326337787208,0.0007183030355993083
0.9219933,0.6861031,0.80712026,0.9410746,0.8558213,0.9,0.9,0.2819978,0.29801676,0.9622642,1.0,1.0,0.29801676,0.29801676,0.2594905,0.35801518,0.5112136,0.03457288604893017,0.0009283179872502652,-0.007647948498143489,-0.004302696125340353,-0.0005520079138368592,0.00013097563061259345,0.0020246086412240975,-0.00904713416107253,-0.010364036969476362,0.0,0.0,0.0,-0.013337417958365929,-0.018805081759356926,-0.005461822192743433,0.00201619267971052,0.0015897202919659145
0.6486251,0.62028855,0.8060943,0.7911666,0.9444444,0.9,0.6437323,0.5008213,0.5117582,0.9622642,1.0,1.0,0.5117582,0.5117582,0.50699055,0.48023733,0.57721364,-0.025839730664116316,-0.001241857442710378,-0.006444668104666979,0.0028204472984341912,-0.0006878262803862095,-0.0011165750517349734,-0.012597288454157392,0.004507295534066023,0.0031137332934153823,0.0,0.0,0.0,0.004412887732473902,0.00338897541207471,0.0010744885281262888,0.0034180549036596907,0.001225018136533237
0.7867952,0.5008086,0.9038755,0.9444444,0.9762011,0.79673856,0.9,0.32611534,0.34789243,0.9622642,1.0,1.0,0.34789243,0.34789243,0.45699054,0.47245958,0.26021355,0.007520489917388132,-0.012980142511614234,-0.015086782430847854,-0.00342967836863173,-0.005612864943017097,0.0014065134784654288,0.0024084615719656833,-0.009980988054721337,-0.0057356865973988026,0.0,0.0,0.0,-0.006209948657455416,-0.012430133318524899,0.001888070808825654,0.003207765615952496,-0.011505436201321953
0.9231587,0.9310345,0.18918352,0.1856801,0.1856801,0.9,0.9,0.39788,0.41402653,0.9622642,1.0,1.0,0.41402653,0.41402653,0.32324052,0.5169041,0.53021365,0.028789431052209737,0.007005452162379951,0.020404604464195737,0.01577129584716855,0.009648655855893133,0.0011403657372469561,0.004175419389009242,0.00223262752507585,0.0004713455224297777,0.0,0.0,0.0,-0.002057646668552206,-0.0010575207807244722,0.0004849007994431881,0.0023697965926126573,0.0010879092363381957
0.69035006,0.43367758,0.9288377,0.9928678,0.9444444,0.9,0.41922167,0.26670378,0.28344244,0.9622642,1.0,1.0,0.28344244,0.28344244,0.5019905,0.3280152,0.31821364,-0.02216037620460599,-0.013371204445684548,-0.01857777540943194,-0.009015216632630958,-0.005039661767865111,-0.0011586989353280096,-0.029735843708413676,-0.01920983021325243,-0.012801006320242893,0.0,0.0,0.0,-0.017448909202849944,-0.022024849594111523,0.00043974168076130345,0.0037269437335246715,-0.006508630707403973
0.8838231,0.4965021,0.7753694,0.9444444,0.9444444,0.7280116,0.479952,0.6290566,0.6326396,0.9622642,1.0,1.0,0.6326396,0.6326396,0.6282405,0.5680152,0.58521366,0.020820477019032543,-0.007622215027284185,-0.004287481288090742,-0.003512147143219412,-5.153807987136889e-05,0.0013119374886386521,-0.03041039514832378,0.0065700682905514875,0.004375943220787711,0.0,0.0,0.0,0.005735090915608286,0.008006461763616251,-0.0046784008664185845,-0.0015866832294415662,0.0011417939812460652
0.6057347,0.69336814,0.88473225,0.9444444,0.9444444,0.90037495,0.48978728,0.7090566,0.72203535,0.9622642,1.0,1.0,0.72203535,0.72203535,0.44199055,0.87245965,0.55421364,-0.03473214825611563,0.00041314631570239986,-0.01235688303090826,-0.004938709343154556,0.0013344067932532491,-0.0007789082528933195,-0.02955973833902936,0.01152154746569746,0.007112525608968536,0.0,0.0,0.0,0.008027823584561168,0.013585990178597296,0.0023516408905134125,-0.021036079603676747,0.0023837265669512204
0.9231587,0.9310345,0.1425623,0.13992225,0.13992225,0.9,0.9,0.30729192,0.32553464,0.9622642,1.0,1.0,0.32553464,0.32553464,0.37574053,0.51245964,0.44621363,0.027571104425748182,0.0071905423650645665,0.020214716496369297,0.015088817369281509,0.013193594148964925,0.0013015740971942754,0.004029357494104585,-0.0007577944430209876,-0.0012567509971667433,0.0,0.0,0.0,-0.006334073065254061,-0.0068519957177995364,0.0012126605627986772,0.002715116776732478,0.0004588301962039612
0.73294914,0.73822975,0.8336068,0.9444444,0.9444444,0.84684366,0.90037495,0.37493896,0.39556798,0.9622642,1.0,1.0,0.39556798,0.39556798,0.2969905,0.4069041,0.5462136,-0.0019170364835545085,0.003330551637043641,-0.008692294764058646,-0.004313828045523118,-0.002849638058854479,0.0008230889002187514,0.005005131481295151,-0.0019473654865644196,-0.0019576340049657784,0.0,0.0,0.0,-0.0006361939358647853,-0.005595858276481338,-0.0009564248968582112,0.003704460078352595,0.002417985928833878
0.33294907,0.42511943,0.9548161,0.9444444,0.9928678,0.77933615,0.9,0.8919978,0.89872116,0.9622642,1.0,1.0,0.89872116,0.89872116,0.66324055,0.78357077,0.7332137,-0.09478588915895511,-0.013147147368336422,-0.018309846715807064,-0.003019433536823415,0.0006267875543304909,0.0009361084554609363,0.005333623164368004,0.022271329853449328,0.007956043924719984,0.0,0.0,0.0,0.006318917082326434,0.01941713089565103,-0.007067443860851299,-0.01689147271571514,-0.00047861116973365344
0.9231587,0.9310345,0.4264301,0.41853327,0.41853327,0.9,0.9,0.80788004,0.81421983,0.9622642,1.0,1.0,0.81421983,0.81421983,0.7619905,0.5880152,0.76121366,0.03008634915286958,0.00822866110949513,0.014213760368833397,0.006682847375638121,-0.0026432701865758247,0.0017552369571444996,0.004179439716441257,0.008139235865713147,0.0017452326963936237,0.0,0.0,0.0,0.006157798487548695,0.0134850866434554,-0.005928819664024702,-0.0024035799633074593,-0.000969969245769578
0.864301,0.79284185,0.6964116,0.6835151,0.9444444,0.9,0.7664138,0.38435072,0.3964627,0.9622642,1.0,1.0,0.3964627,0.3964627,0.33574057,0.43357074,0.59621364,0.021696047314798846,0.001193968323470828,0.0009800438022495612,0.002859180461454055,-0.005017028218367221,4.336555981889664e-05,-0.00328145136963795,-0.00023219332354325044,-0.0023058946466840598,0.0,0.0,0.0,-0.0007654171521886431,-0.005333838882157307,-0.0019869577496251533,0.0029174373370552064,-0.000622901039241612
0.84804237,0.7409406,0.95202523,0.9928678,0.8350502,0.9,0.9,0.66317415,0.6763301,0.9622642,1.0,1.0,0.6763301,0.6763301,0.71199054,0.6591263,0.47721368,0.018222107907324505,0.0014197282035995015,-0.01867663438461436,-0.004670032382545175,0.002654440121202637,0.0006655891386546284,0.003317673132678526,0.01059602325352388,0.006977829113062963,0.0,0.0,0.0,0.005961881706797865,0.010132545772123662,-0.006950337357200322,-0.0060109607587340505,0.001303499691523658
0.79477894,0.7612768,0.8430159,0.9166222,0.8819039,0.9,0.9,0.454939,0.47617024,0.9622642,1.0,1.0,0.47617024,0.47617024,0.5132405,0.40134844,0.5462136,0.011550379026256481,0.002843496226304741,-0.009722745758673207,-0.0015866255822632677,0.001559267580339104,0.001135051732083451,0.0046908530226101785,0.00433285096833255,0.0034240567415065237,0.0,0.0,0.0,0.006696132083094048,0.004486049609499822,0.0008121736923431283,0.005404151293487418,0.002091271898029485
0.648625,0.5756292,0.80725473,0.8960403,0.94465274,0.9,0.9,0.13611536,0.15365687,0.9622642,1.0,1.0,0.15365687,0.15365687,0.27949047,0.15468174,0.47921363,-0.03347106927497538,-0.0019485971962372023,-0.011646456702636185,-0.0036406480165720374,-0.011451571970448911,-0.0004948684073719831,0.0027466990609524623,-0.037445513572542034,-0.025679247638914417,0.0,0.0,0.0,-0.04351413195269747,-0.04228721474173229,-0.0020658972345712068,-0.005963859744017906,0.000799641499309546
0.8986251,0.69928604,0.81727684,0.86137426,0.9444444,0.9,0.9034291,0.44199765,0.45816642,0.9622642,1.0,1.0,0.45816642,0.45816642,0.49949056,0.53023744,0.3622136,0.03299378599226157,0.0007890473103301193,-0.003225225272123992,0.0012736899299260276,-0.002949700740512952,0.0007540450696868073,0.004884032663079754,0.00236722714712085,0.0031674316703249462,0.0,0.0,0.0,0.005395856588424172,0.001655688189249154,0.0020864679215679793,0.002686679333488441,-0.001166060815416385
0.8681472,0.75950354,0.5865183,0.9444444,0.9166222,0.787427,0.9,0.47729188,0.498168,0.9622642,1.0,1.0,0.498168,0.498168,0.56449056,0.41357073,0.51721364,0.022758987952354096,0.0019448413109565453,0.004935931037969671,-0.003661740948735158,-0.002240624009133856,-0.00023101656684728196,0.0024744323204960064,0.003399820917357586,0.005455904532292893,0.0,0.0,0.0,0.007380666289356345,0.005075412356865439,0.0011484834358988394,0.004712166294549979,0.0010726842555103878
0.7518885,0.69679487,0.9291656,0.9119588,0.9444444,0.9,0.8939343,0.53140944,0.5420853,0.9622642,1.0,1.0,0.5420853,0.5420853,0.63699055,0.5880152,0.42621365,-0.0006787800027527058,0.0011237715739670368,-0.016998367794066948,-0.0010947190637691227,0.0005944819400136686,0.0004523709443693885,0.004161033904237672,0.007072934486646009,0.0051870785879475755,0.0,0.0,0.0,0.0072254083500037924,0.007157015943673974,-0.0043884767246908365,-0.0014721657175264012,0.0008024821907095867
0.9231587,0.9310345,0.24837404,0.24377452,0.24377452,0.9,0.9,0.54317427,0.5547212,0.9622642,1.0,1.0,0.5547212,0.5547212,0.52574056,0.46912628,0.6252137,0.026953027655178895,0.005544759133834853,0.017364109089703067,0.009792702906388683,0.006993167854149671,0.0010420493671635701,0.004566122628450439,0.002478528163436805,0.0035689096468536096,0.0,0.0,0.0,0.006078361589608212,0.005380899163678792,0.001144799492304161,0.00250538949143004,0.00021176323960216166
0.8444876,0.83756226,0.9185314,0.94615734,0.9444444,0.9,0.80964357,0.44435075,0.46090388,0.9622642,1.0,1.0,0.46090388,0.46090388,0.46949053,0.30801508,0.6642137,0.017072465386334293,0.0006547230974999436,-0.01947996085671534,-0.0019118372981578812,-0.0016295868723638454,0.0006034838839316628,0.0009556409394301141,0.0025803330106827084,0.0005143036089502215,0.0,0.0,0.0,0.002869581702791137,0.0011211260126156649,0.001561266448018242,0.0031309168184266733,-0.001764599257380326
0.7879606,0.5286538,0.72052264,0.7071796,0.8132605,0.9,0.9,0.44552726,0.46227434,0.9622642,1.0,1.0,0.46227434,0.46227434,0.26074052,0.4191263,0.70021373,0.006725042518086474,-0.0014722251858259828,0.0006858454781755505,0.003485679770317049,0.0007596021028477849,0.00010228891945719936,0.004312067355021092,0.0015357697118741807,0.0010431487339556116,0.0,0.0,0.0,0.0024482250327155933,0.00015094186614491732,-0.002882994637173228,0.00471303903586887,-0.0015895553784674272
0.5758395,0.6857059,0.71714157,0.9444444,0.7216258,0.66284907,0.9,0.07905668,0.10217681,0.9622642,1.0,1.0,0.10217681,0.10217681,0.33574057,0.11023733,0.2942136,-0.05259235944375826,0.0002868203682552605,-0.0005921427586095472,-0.006540164428781427,0.004125652014855488,0.0018028519024088016,0.001895602193091618,-0.03772099346413056,-0.03511405888805432,0.0,0.0,0.0,-0.04821304514066809,-0.04541885906247454,-0.0011342497063427477,-0.009153299241568859,-0.006638895583384212
0.6944876,0.63080776,0.88321656,0.9762011,0.94615734,0.9,0.9,0.5567037,0.5721665,0.9622642,1.0,1.0,0.5721665,0.5721665,0.54574054,0.4291262,0.6872137,-0.012039680760398266,0.00037747660831287735,-0.014258876260715479,-0.006102495702353184,0.0018047010704998515,0.0003230502723852119,0.005090148808436616,0.006602685696769122,0.004177017925691062,0.0,0.0,0.0,0.006449129683265439,0.005886769132319365,-0.00019859567219795383,0.005761585970132693,-0.00048818716545614266
0.8832404,0.7914841,0.76662093,0.9444444,0.7071933,0.8046372,0.9,0.6090566,0.6189506,0.9622642,1.0,1.0,0.6189506,0.6189506,0.6694905,0.71912634,0.37921363,0.02439947399796392,0.005343202926242171,-0.001513264990834855,-0.002822790864164228,0.0016614938212925511,-0.000409609988852858,0.0051859849992674,0.005819300557602386,0.003394862084431498,0.0,0.0,0.0,0.004590961991858693,0.008515983952015903,-0.005554743443079036,-0.01079758679768055,-0.00016627005211452365
0.87939423,0.7054941,0.81857395,0.9928678,0.96959347,0.9,0.9,0.702586,0.70857394,0.9622642,1.0,1.0,0.70857394,0.70857394,0.5182405,0.7646819,0.6302137,0.025230624614883478,-1.674268752382774e-05,-0.005674240958605073,-0.005511616467984479,0.00230598530266327,3.677222067272766e-05,0.005550760835569213,0.011636927274636577,0.005340478875141678,0.0,0.0,0.0,0.007780258256044237,0.015944156889390878,0.0008310563213823122,-0.012786440608407262,-0.0004568328217532535
0.8870866,0.67578477,0.817207,0.9928678,0.8983711,0.9,0.9,0.5167038,0.5306451,0.9622642,1.0,1.0,0.5306451,0.5306451,0.49949056,0.7313485,0.31021357,0.027854501563357146,0.00027530386203830713,-0.004071623364025186,-0.007864001882883805,0.0010534584295064965,0.0005010730908729166,0.005920860097362802,0.004321481218501578,0.004516135422729131,0.0,0.0,0.0,0.006068479107639135,0.0057319965547413775,0.0013094689797419927,-0.009748135871195811,-0.0031871564424551637
0.6252568,0.6747346,0.8564,0.9444444,0.9444444,0.70625955,0.50315124,0.31905645,0.34074917,0.9622642,1.0,1.0,0.34074917,0.34074917,0.42699057,0.45579296,0.31821355,-0.03527247306566759,0.002555114591388047,-0.011514265480111991,-0.006107840785007197,-0.006617676274159367,0.003702209490621841,-0.02096065511473682,-0.010249778576937586,-0.005894841058213098,0.0,0.0,0.0,-0.00694473987695674,-0.01375198817296511,0.0021422910612981213,0.003795800028580787,-0.0024776242491464226
0.30631727,0.2785851,0.76757854,0.9444444,0.9762011,0.68673927,0.9,0.23199777,0.25429118,0.9622642,1.0,1.0,0.25429118,0.25429118,0.3019905,0.30023733,0.4612136,-0.12560814572890294,-0.0165896462384716,-0.003195235146757999,-0.005784001771429249,-0.0109444079371318,0.00588538263752245,0.0024443680840035027,-0.024982430432233846,-0.012911279492777894,0.0,0.0,0.0,-0.02320206800723228,-0.026031143867888976,0.0006926761097943762,0.002747380784785923,0.00022592041059577128
0.48650378,0.46169543,0.92265856,0.9055723,0.9444444,0.9,0.49845377,0.77376264,0.77682143,0.9622642,1.0,1.0,0.77682143,0.77682143,0.6982405,0.6069041,0.73821366,-0.06389456575413774,-0.007580721015940717,-0.016383189364119942,-0.0029563236634726885,7.851106657279359e-05,-0.0005487299804644678,-0.0277646925506138,0.014116184551303111,0.007058883055585834,0.0,0.0,0.0,0.007919513556499754,0.012794829722119507,-0.005741262401597506,-0.0033959056330200538,-0.00047153368240599196
0.6752567,0.68446374,0.9020078,0.885304,0.96959347,0.9,0.9,0.6925861,0.7000588,0.9622642,1.0,1.0,0.7000588,0.7000588,0.49574053,0.5980152,0.7722137,-0.015496764460241851,0.00013451759125697474,-0.01360691474224593,-0.0009026510929572418,0.002938294164385307,-0.000134217109583668,0.005673559791381405,0.009334596840977427,0.006535765818014945,0.0,0.0,0.0,0.007183840886731797,0.012216930379227463,0.0004921602375403944,-0.0024811331739055926,-0.006824091446102155
0.8332404,0.69600844,0.7108504,0.9444444,0.9444444,0.6728082,0.71691257,0.77964467,0.79234433,0.9622642,1.0,1.0,0.79234433,0.79234433,0.56699055,0.7035707,0.72821367,0.016555621110763367,0.0014910175720508336,0.0001289638541227678,-0.0020417353201823097,0.0022741560896997717,-0.0006040926474475782,-0.004304081614193089,0.010265358556233024,0.002963779859961686,0.0,0.0,0.0,0.004875431731238375,0.015997445518464465,-0.0008987030955059369,-0.008930455619865073,-0.0027113039128231135
0.84833366,0.43026248,0.83820945,0.8226871,0.9928678,0.9,0.9,0.54376256,0.5448051,0.9622642,1.0,1.0,0.5448051,0.5448051,0.8294905,0.38468182,0.5252136,0.020381111208298615,-0.014100441988738303,-0.007198927718738832,0.001994914610746677,-0.0015319665390725232,0.0010538377854105601,0.004906912761054125,0.008255591154274523,0.00549946673605948,0.0,0.0,0.0,0.007764933802644931,0.006702059061160063,-0.016774269566852237,0.005810370952444754,0.0012141947434952493
0.77525675,0.47877213,0.8694121,0.9444444,0.9444444,0.8128726,0.51323473,0.5119977,0.5277303,0.9622642,1.0,1.0,0.5277303,0.5277303,0.4894905,0.5369041,0.52221364,0.002981475325898901,-0.007449819368556893,-0.010370069212113104,-0.004113466681227468,-0.0010031719253289877,0.0014790750788206306,-0.027996187023110818,0.0034320642063764804,0.0033645064271034873,0.0,0.0,0.0,0.004723655502772622,0.004264796273160723,0.0015210826720876325,0.0015747745261192822,0.0018186254374470835
0.89151543,0.89943874,0.36537054,0.9444444,0.35860443,0.8694574,0.9,0.53140944,0.54627883,0.9622642,1.0,1.0,0.54627883,0.54627883,0.5107406,0.32690397,0.6882137,0.0179373377233752,0.002541160646080154,0.012790515463235414,-0.006067007687647172,-0.001837955729768051,0.0009612545834754843,0.003002467400246043,0.0032905897069363155,0.0027063061602537936,0.0,0.0,0.0,0.004508950192622984,0.00426786698090327,0.0014649675554478472,0.004717939619262163,-0.0001503461493387667
0.76430094,0.46830276,0.7734863,0.9444444,0.9444444,0.763027,0.45269266,0.5549389,0.5671779,0.9622642,1.0,1.0,0.5671779,0.5671779,0.52449054,0.38468182,0.70721364,-0.004038315473654925,-0.006260889069413495,-0.005308371938730921,-0.0035009325964099956,5.081862517453113e-05,0.0022604732594616295,-0.03406615552618891,0.0065549383034742515,0.004980199821268751,0.0,0.0,0.0,0.005709788804316816,0.006607774269896488,0.0005355061683828136,0.006911201268628688,-0.002330015719083063
0.54891634,0.30347037,0.6415599,0.9444444,0.62967914,0.2933547,0.9,0.5284683,0.54933286,0.9622642,1.0,1.0,0.54933286,0.54933286,0.42699057,0.74801517,0.41321364,-0.04024183336970689,-0.026054319173796144,0.002703515646258035,-0.005107454428514723,0.004269108185340978,-0.020540549004174284,0.002803543722488698,0.005076152829329956,0.00428825857821152,0.0,0.0,0.0,0.006950275067109533,0.007048157964923019,0.0035710590235727524,-0.01358259535688896,-0.0010631294008819354
0.813427,0.65530735,0.8836018,0.9444444,0.9444444,0.90037495,0.685818,0.4402331,0.45751652,0.9622642,1.0,1.0,0.45751652,0.45751652,0.50699055,0.5724596,0.44621363,0.015166918641410483,-0.00030489321746792294,-0.011841118834411387,-0.005099882188276645,-0.0005855426782702341,-0.0006035750600187989,-0.00952610945035183,0.0021013001147608345,0.0015135260236101426,0.0,0.0,0.0,0.004054123301057288,0.0006023159529061886,0.0011030885513171823,0.000722317389764171,0.0023252459500512144
0.6104548,0.71042025,0.8352955,0.8198271,0.9444444,0.9,0.6867396,0.41729197,0.43332955,0.9622642,1.0,1.0,0.43332955,0.43332955,0.5394905,0.32801512,0.4702137,-0.038534850776761005,0.0008173120849845448,-0.008548258886110853,0.0033100825387030225,-0.00390886777906151,-0.0009354898032857713,-0.009429220422322922,0.0003967802826388394,-4.2975181422328747e-05,0.0,0.0,0.0,0.002960696444125743,-0.000897316401865484,0.00014822857967441893,0.0036802646749224243,0.0021341523630141156
0.7480424,0.9084271,0.722166,0.9444444,0.9444444,0.8781462,0.79684675,0.7555274,0.76489496,0.9622642,1.0,1.0,0.76489496,0.76489496,0.8532405,0.51357067,0.6292137,0.0034112645052772183,0.006370264449324395,0.001581095315501576,-0.0028958468710374398,1.0775567803084292e-05,0.0004388021374541992,-0.00029359306387492594,0.013878110545049192,0.007754852519966122,0.0,0.0,0.0,0.009856588590352046,0.014357266372453395,-0.0126180937919704,0.0011364229574177067,-0.00015393805554617086
0.5101635,0.67211795,0.76014394,0.9444444,0.8946856,0.64971405,0.9,0.5219978,0.5379009,0.9622642,1.0,1.0,0.5379009,0.5379009,0.46949053,0.49468178,0.6442137,-0.062170496022823735,0.00027404457589918536,-0.001527017226634771,-0.0062451331711205985,0.00039345778530887505,-0.0002985275306273229,0.0030694534197163535,0.006378774046832325,0.005734186900152513,0.0,0.0,0.0,0.008101432023520715,0.006909397513754383,0.0016486689218324932,0.0034971956861634705,-0.0008318020218101213
0.42910293,0.5475829,0.8280373,0.9444444,0.9928678,0.7431204,0.9,0.2796448,0.29487276,0.9622642,1.0,1.0,0.29487276,0.29487276,0.14199042,0.286904,0.7212137,-0.08478829058149114,-0.0008129279003094806,-0.008745518413337733,-0.004389910934389177,-0.010348419145890384,0.00311199365849766,0.00316716501669098,-0.017116176880394737,-0.01095439373673407,0.0,0.0,0.0,-0.018562377514590618,-0.020668194387651405,-0.002622926349775767,0.0006428136328423012,0.003655117214436184
0.9231587,0.9310345,0.365038,0.35827807,0.35827807,0.9,0.9,0.7296448,0.7431749,0.9622642,1.0,1.0,0.7431749,0.7431749,0.6019906,0.66357076,0.6912137,0.019554942258233274,0.0054731611095124085,0.01349207045649691,0.008133721743474275,-0.0009431020948281158,0.0010114625295099661,0.004718038773772873,0.004862991460305966,0.0025310074959016683,0.0,0.0,0.0,0.006520701841447058,0.010451226766332661,-0.0005508452275795335,-0.004377887589165159,-0.0009775889975369861
0.86045486,0.76578337,0.6937348,0.6808879,0.9444444,0.9,0.7163668,0.29729182,0.31712154,0.9622642,1.0,1.0,0.31712154,0.31712154,0.4394905,0.46801513,0.33421364,0.02089018702242619,0.0026020618497167246,0.0005181754000397644,0.0045733073175874,-0.008825734763467107,0.00036348554436322245,-0.003895869088169918,-0.00677642760385183,-0.006928405377529517,0.0,0.0,0.0,-0.008151930328193162,-0.015066520996074782,0.0015278565820292024,0.0029698082723759065,0.0005670636203464973
0.25217983,0.46170765,0.78434914,0.9762011,0.96959347,0.9,0.9,0.17670351,0.1937222,0.9622642,1.0,1.0,0.1937222,0.1937222,0.10074043,0.4635707,0.4952137,-0.14212334809438712,-0.00850319737565756,-0.0075796767490477444,-0.0109194256204205,-0.013598894364959766,-0.0021591781702034627,0.001699702621824593,-0.030750256664522798,-0.017032136382414843,0.0,0.0,0.0,-0.036256065141781944,-0.035736225517093385,-0.004177976695948133,0.0026774953858047677,-2.2887548071478387e-06
0.72525674,0.620432,0.8434268,0.9463495,0.8405097,0.9,0.9,0.41199762,0.4316131,0.9622642,1.0,1.0,0.4316131,0.4316131,0.42574054,0.41912618,0.5462136,-0.009048382751244359,-0.0015720090077919737,-0.010070621567415434,-0.005163445156211106,0.0010839505151666639,3.9102695836773854e-05,0.0051481817899554725,-0.002034221094852718,0.00012466344515010282,0.0,0.0,0.0,0.0022460124278698575,-0.0019558125756977923,0.001999421088704548,0.006492431514136941,0.002503117200437311
0.7637183,0.7409406,0.8070837,0.9444444,0.9928678,0.86744845,0.9,0.39376247,0.4109198,0.9622642,1.0,1.0,0.4109198,0.4109198,0.5494905,0.3902374,0.49721366,0.005268496042799806,0.002791068395222422,-0.005021196344381419,-0.003462932243416537,-0.008524276803585007,0.0003601620196545699,0.004913737425095824,-0.0022424777394571813,-0.0023589710011352604,0.0,0.0,0.0,-0.00040015440702635577,-0.004498648812237985,0.0002342618952850058,0.0037844654771152764,0.0022053805145128193
0.9214106,0.8404754,0.83072126,0.9444444,0.9166222,0.8124595,0.9,0.8567037,0.8591956,0.9622642,1.0,1.0,0.8591956,0.8591956,0.8907405,0.6380152,0.58021367,0.03016727818200224,0.005322732873140512,-0.0069445317646838955,-0.002086876907825133,0.0023842414107336177,0.0004240724273702089,0.005906133202003444,0.014655990803094463,0.005011275556316895,0.0,0.0,0.0,0.0037758994203426215,0.013201939510178416,-0.014942207983593955,-0.005035642712042197,0.0008374764139270359
0.86843854,0.73751277,0.716611,0.9292485,0.7125601,0.9,0.9,0.45435074,0.46945336,0.9622642,1.0,1.0,0.46945336,0.46945336,0.46199054,0.48468187,0.5452136,0.022501296409297936,0.0011588993966047915,0.0011823505668593856,-0.0031065579423711948,0.0018051720772042973,0.00019930767947938413,0.003538539450895092,0.0021902727766559354,0.0025445133148699296,0.0,0.0,0.0,0.006344588980845761,0.0028608108132262555,0.0015988622468243868,0.0032761483068796454,0.0017011513475136191
0.9231587,0.9310345,0.33992702,0.33363208,0.33363208,0.9,0.9,0.6237625,0.64461786,0.9622642,1.0,1.0,0.64461786,0.64461786,0.54574054,0.566904,0.62821364,0.0253349462668875,0.005477485980232387,0.01669427126439736,0.009364771919651039,0.0010859837672023745,0.0010951383636425183,0.0029154848956437105,0.003665751212221481,0.004450620496867059,0.0,0.0,0.0,0.007755164485568218,0.008647429067368675,0.0013492714592161592,-0.0001563469497798038,-0.00025469616975466844
0.7406414,0.8243242,0.9185314,0.9762011,0.9444444,0.9,0.79684675,0.21317425,0.23051584,0.9622642,1.0,1.0,0.23051584,0.23051584,0.35199058,0.35801518,0.36021367,-0.009104544783632762,0.003998825922779794,-0.02161466508536762,-0.008468922091617174,-0.00836012838022293,-0.00027675359329289856,0.0010871339103294365,-0.024730236510810993,-0.01971130302006813,0.0,0.0,0.0,-0.02682083301425436,-0.030815224228527657,0.0001908304230670496,0.0016936660913258038,-3.6889817856735653e-06
0.9148837,0.87604517,0.79370564,0.82252055,0.8519061,0.9,0.9,0.25317428,0.27373463,0.9622642,1.0,1.0,0.27373463,0.27373463,0.3594905,0.20357068,0.5612137,0.03108291693038767,-0.00023547030962959157,-0.009300027401273328,0.0017716818380457335,-0.004085028520178608,0.0004400158561813529,0.002660105683100533,-0.012622659710027309,-0.01765553346545311,0.0,0.0,0.0,-0.018558380556356974,-0.020907543990890263,-0.001900943456871531,-0.007009966159816739,0.0014199000619978166
0.49448755,0.5199919,0.88246953,0.9444444,0.79795897,0.5597567,0.9,0.21082127,0.23278156,0.9622642,1.0,1.0,0.23278156,0.23278156,0.14199054,0.59357077,0.27221364,-0.07149314674221559,-0.005665395349803399,-0.01798321393369839,-0.009400156776711103,0.0021199689083326785,0.0037498067352014007,0.00249100080997426,-0.02183931188654778,-0.013244330590157451,0.0,0.0,0.0,-0.019377334638675272,-0.02902019518917295,-0.0021635974883698955,0.001287554057700918,-0.008916896145681726
0.54477894,0.7655489,0.752633,0.9762011,0.9928678,0.9,0.9,0.26905656,0.28857473,0.9622642,1.0,1.0,0.28857473,0.28857473,0.15699053,0.5169041,0.41021365,-0.05861104988328237,0.0029048056540249656,-0.0012784006713084661,-0.009902727598870656,-0.007728844595763731,-0.0011840508496095184,0.0023384037746693905,-0.015800423295193326,-0.011097708213490069,0.0,0.0,0.0,-0.01849695357210944,-0.023784145049689842,-0.0038121560572903918,0.002516839949395739,0.0003543844512744365
0.9231587,0.9310345,0.25517327,0.25044784,0.25044784,0.9,0.9,0.5419977,0.55656683,0.9622642,1.0,1.0,0.55656683,0.55656683,0.58699054,0.7169041,0.35121363,0.030333287282334025,0.008812577010599613,0.020781205078667844,0.01115085472161739,0.0038691717182767504,0.001519397033145236,0.003515545021129386,0.003749731284695297,0.00316227041175157,0.0,0.0,0.0,0.00575401686338606,0.006335167782279684,-0.0002992995029679079,-0.005447340299552097,0.00034655578876627914
0.82671344,0.61783975,0.7894563,0.7748367,0.77038974,0.9,0.9,0.63964486,0.6537188,0.9622642,1.0,1.0,0.6537188,0.6537188,0.5519905,0.5046819,0.6442136,0.014464945609134245,-0.0023898389290537623,-0.005149414077154964,0.0018162632001414297,0.0023920300155323313,0.0006007274131466595,0.0034901884101586006,0.009630439385921634,0.007796680706316641,0.0,0.0,0.0,0.009555862860454636,0.012453407824956719,0.0008915797210766219,0.0030753469273843365,-0.0008767062929058031
0.76342696,0.5409492,0.7960835,0.9444444,0.9444444,0.52291757,0.9030832,0.5508214,0.56364286,0.9622642,1.0,1.0,0.56364286,0.56364286,0.42074054,0.4380152,0.69721365,0.0015679201352825634,-0.005219391451576326,-0.002399438243714617,-0.0015124048974115446,-0.00135515668658322,-0.011292124860103009,0.004409048879576519,0.004712193199358934,0.005227859742615163,0.0,0.0,0.0,0.005936401435060586,0.0058022597864953295,0.00210720533488432,0.00514963743098279,-0.00032820632627101747
0.6719933,0.7104368,0.5675045,0.8555725,0.9444444,0.9,0.6867556,0.21376263,0.23693804,0.9622642,1.0,1.0,0.23693804,0.23693804,0.09199047,0.39579284,0.4612136,-0.021264756686612783,0.0023051768107541894,0.00903541247386349,0.0009093798810463643,-0.00802837612150731,-0.0009320821750711556,-0.0031767731247168067,-0.016969759995590614,-0.012449873816366858,0.0,0.0,0.0,-0.022662082653365726,-0.03080547840565429,-0.007566182247241847,0.0033986332612464115,0.0017598562768554888
0.6675645,0.73751277,0.82126933,0.9444444,0.9928678,0.71292895,0.9,0.34788042,0.3643327,0.9622642,1.0,1.0,0.3643327,0.3643327,0.47699058,0.36690405,0.4242137,-0.027139861932629822,0.0009521060165559613,-0.0075339023897392264,-0.002767533786021334,-0.010510557286749158,-0.001371156947181969,0.0015927531793686516,-0.007741394651747636,-0.0072939323511565434,0.0,0.0,0.0,-0.006197790496400325,-0.01104821190786587,0.0015754808763721398,0.003482841754071044,0.0013590920526029239
0.84891635,0.8792275,0.7241087,0.87387097,0.9928678,0.9,0.9,0.32023308,0.3386985,0.9622642,1.0,1.0,0.3386985,0.3386985,0.10074043,0.51245964,0.62121373,0.016760283143799667,0.0002434729607380943,-0.0005608527888989111,-0.000903955164490163,-0.007931400813012362,0.0009315363590431862,0.002625077971632066,-0.0067148745924869345,-0.008208915210861735,0.0,0.0,0.0,-0.007836087655847108,-0.014594848236893354,-0.010915255798107456,0.0027835305851596982,0.0006200385086419903
0.48650384,0.42426872,0.82435906,0.8090931,0.9444444,0.9,0.7341867,0.5443508,0.559686,0.9622642,1.0,1.0,0.559686,0.559686,0.46324056,0.40245956,0.7212137,-0.06414447019043294,-0.009360147627399907,-0.0067070954729330536,0.0018632921044151012,-0.001924884828056109,-0.0008572050228676918,-0.005454693428560351,0.0072590611528169716,0.004749447996386811,0.0,0.0,0.0,0.007026341614976397,0.007040245450694568,0.001665344549951066,0.00578785208594478,0.0015070195968344357
0.47170195,0.31988132,0.8780026,0.9444444,0.92906505,0.7937475,0.9,0.434939,0.4488433,0.9622642,1.0,1.0,0.4488433,0.4488433,0.6282405,0.26134852,0.5402137,-0.07360100427448404,-0.019532601289397947,-0.011849641621497233,-0.003338943657800581,-0.002268328931235962,0.0011995953026774982,0.0042926605579419784,-0.00029489529204063553,0.0017879715478428082,0.0,0.0,0.0,0.003346056528482254,0.0003165349306158949,-0.0025953146890221107,0.006929876086089155,0.0021041191126349077
0.6989164,0.73751307,0.6370506,0.8960403,0.9444444,0.9,0.71292925,0.5255272,0.5416282,0.9622642,1.0,1.0,0.5416282,0.5416282,0.4394905,0.60134864,0.5792136,-0.011796081367814435,0.0011351967428092503,0.0022632902838319088,-0.0019203970831633056,-0.001790484822820864,-0.0007092237931459696,-0.00817666723127359,0.0036585855954056053,0.0036496691466316577,0.0,0.0,0.0,0.0048361742617814224,0.005532160561837899,0.0020271299517965633,-0.0016581541749860977,0.0007440565009631093
0.6175645,0.5683715,0.8836018,0.9705012,0.9463495,0.9,0.9,0.4625859,0.4745257,0.9622642,1.0,1.0,0.4745257,0.4745257,0.3582405,0.56579304,0.50121367,-0.037258396950224586,-0.0044201064591662155,-0.011662586323965132,-0.007641311516796365,-0.0008394919634248,-0.0011467076453542462,0.004265208154771725,0.0032723856444947645,0.0029435991070020577,0.0,0.0,0.0,0.006150852342815813,0.0026245639529313964,0.0021540858050653868,0.0009080128274353143,0.0014011404833714775
0.8367953,0.7204775,0.8264962,0.9151263,0.9444444,0.9,0.70271355,0.6408211,0.6547426,0.9622642,1.0,1.0,0.6547426,0.6547426,0.48199058,0.65690404,0.6022137,0.015267716004012688,0.0017073986940683563,-0.0065981633234305625,-0.0021475724675130287,0.0018328724027839955,0.00010248224996723662,-0.008085793388586003,0.00734450905165671,0.006770790722292756,0.0,0.0,0.0,0.007538995639283941,0.011390070562193232,0.001244701409180999,-0.004736309249024035,-0.0005036813198860652
0.5675645,0.6508124,0.86568826,0.96959347,0.8254545,0.9,0.9,0.6002332,0.6120475,0.9622642,1.0,1.0,0.6120475,0.6120475,0.48074055,0.765793,0.4902137,-0.04461053207003683,-0.0006435914724674584,-0.011216128319962777,-0.007021773867159695,0.002311216278129657,0.0002240634194062718,0.003920765205092539,0.009505344368328963,0.005366201713436128,0.0,0.0,0.0,0.007864530787760386,0.010428448099204846,0.0006424016139767239,-0.013160311973383803,0.0022053392793137034
0.77199334,0.81457967,0.8638138,0.86476505,0.9928678,0.9,0.9,0.2596447,0.2708221,0.9622642,1.0,1.0,0.2708221,0.2708221,0.5932405,0.24245961,0.39421368,0.0025697777141303747,0.0037199482224731096,-0.015303470940180499,0.0012916692516056838,-0.013385678547021948,0.0002101549618578792,0.00195678353381979,-0.01835861348159191,-0.01757220840601837,0.0,0.0,0.0,-0.020538640857212322,-0.02204860734173347,0.0005093489119001307,-0.0032663839765643475,0.0004364369986474589
0.72554815,0.8209108,0.9032486,0.92906505,0.9762011,0.9,0.9,0.37435073,0.39228544,0.9622642,1.0,1.0,0.39228544,0.39228544,0.48324054,0.5491263,0.26021355,-0.010336424008445269,0.0033395565337311145,-0.017237367275059277,-0.004711769764482978,-0.0042698042391975345,-0.0003592037472821269,0.0032439176135704967,-0.004203678641894097,-0.003145187044441375,0.0,0.0,0.0,-0.0019681932066288664,-0.006356971288426391,0.001454225821031896,0.0024927875326275777,-0.0050985981178521475
0.6101635,0.6790013,0.6326565,0.9444444,0.9762011,0.6599131,0.9,0.32082132,0.3420083,0.9622642,1.0,1.0,0.3420083,0.3420083,0.2294904,0.42245972,0.4742136,-0.03829192271959916,0.0015532698926514132,0.00398059337198307,-0.007689856705275818,-0.010259338960004393,-0.00047279338226173106,0.002203150073790483,-0.006612833382234811,-0.006122011796770483,0.0,0.0,0.0,-0.007031164868217109,-0.015673045820047672,-0.0041891351804916824,0.004358405040466795,0.001873144318755213
0.8444876,0.5201173,0.817207,0.9444444,0.9463495,0.5027801,0.9,0.3767036,0.39379078,0.9622642,1.0,1.0,0.39379078,0.39379078,0.19699049,0.5680152,0.62421364,0.020786796518960062,-0.0033563136584462854,-0.004460843103886536,-0.0028328426736882297,-0.004960935171273661,-0.013150714692170874,0.0019663537933448496,-0.0008183632330524986,-0.000958206179566409,0.0,0.0,0.0,0.0013645062606779989,-0.005219591830152812,-0.001071441140914098,0.0009410862868773207,0.0008292742865045658
0.70217985,0.7655489,0.9038755,0.9928678,0.9444444,0.9,0.7400306,0.10611545,0.12642768,0.9622642,1.0,1.0,0.12642768,0.12642768,0.29324055,0.36023745,0.12621355,-0.019156252823734378,0.0023711964188748106,-0.018750016337086246,-0.011234647886983968,-0.008784182207094877,-0.00033032589122556895,-0.0010723533491323145,-0.03478598665170628,-0.02845342732652756,0.0,0.0,0.0,-0.04280286184347136,-0.041665259547987235,0.0005506826515758224,0.0004919434585911983,-0.0107004237978622
0.879977,0.8243242,0.7104986,0.6973412,0.9444444,0.9,0.79684675,0.5190567,0.5353991,0.9622642,1.0,1.0,0.5353991,0.5353991,0.66074055,0.4580151,0.45621365,0.021579031587029167,0.0020365997429438853,0.00039675541618660855,0.002998617529762951,-0.0008997171993097692,0.0008421388701694256,-0.0008946183246695097,0.0046883458066018435,0.004808578496949101,0.0,0.0,0.0,0.006622605037933033,0.005533242763589292,-0.0019227139238792669,0.004496755152927657,0.0020837807101439215
0.7563174,0.7655489,0.7617645,0.9444444,0.9166222,0.84684366,0.9,0.20317414,0.22637174,0.9622642,1.0,1.0,0.22637174,0.22637174,0.05074048,0.57912636,0.3272136,-0.002228281214565231,0.001821783441445462,-0.004371967086184551,-0.0077015939064934875,-0.0038224761648562927,0.0004912956786268652,0.0014782643080232054,-0.016759903106896033,-0.015394868953893222,0.0,0.0,0.0,-0.022320008009646133,-0.03425750532785847,-0.016459907502466814,0.002631753346449448,-0.0007342947100062885
0.21698177,0.2955932,0.9020078,0.9444444,0.9444444,0.7162444,0.2857401,0.24964479,0.26593903,0.9622642,1.0,1.0,0.26593903,0.26593903,0.48949057,0.35357073,0.36721364,-0.15143416763139145,-0.020542901682052986,-0.01593591808022006,-0.006373397356194289,-0.009143093845106141,0.005689071187235547,-0.03311690561517302,-0.020552335372428107,-0.01195730728950352,0.0,0.0,0.0,-0.01812006500153596,-0.022915576825724225,0.0006831041554172155,0.003434586399742159,-0.005566203903544559
0.73679525,0.67639756,0.7787292,0.9444444,0.9444444,0.653851,0.6538512,0.46670365,0.4846906,0.9622642,1.0,1.0,0.4846906,0.4846906,0.42574054,0.5313485,0.50121367,-0.007091895280621112,0.0005268087015100323,-0.0013702330415215514,-0.0036776373333075444,-0.0020818127300751867,0.0006702408658427993,-0.008841941077789761,0.002659082017836222,0.003321226872728274,0.0,0.0,0.0,0.004800384601133713,0.0031349360714400237,0.002759185403886158,0.0018490418259307082,0.0018745485377748364
0.9231587,0.9310345,0.38582137,0.37867653,0.37867653,0.9,0.9,0.7484683,0.763752,0.9622642,1.0,1.0,0.763752,0.763752,0.55199057,0.76801515,0.6042137,0.027439241458584066,0.005492606038077977,0.014720466839209046,0.010309662304028805,0.00017516000566861534,0.0008950163345125212,0.00456247981943544,0.007817759240864338,0.004006970507717315,0.0,0.0,0.0,0.00843009924755825,0.013794601881546296,0.0004504146187864957,-0.009352309274369404,0.00015417216220188734
0.80276257,0.7341266,0.5959295,0.9928678,0.9928678,0.9,0.9,0.47788015,0.49098858,0.9622642,1.0,1.0,0.49098858,0.49098858,0.4132406,0.3624596,0.6602137,0.010474897281948321,0.001324016323267768,0.004412181679814742,-0.006906012597571033,-0.006031174421574146,0.00040771253716373815,0.0036345252527514625,0.0032165273920745138,0.004496704217966092,0.0,0.0,0.0,0.0054863837189718335,0.0035881777270194504,0.0006083306758415224,0.0040969059648584575,-0.0012404276995254043
0.9181472,0.87604517,0.78712356,0.7725472,0.9444444,0.9,0.90037495,0.14317411,0.16016878,0.9622642,1.0,1.0,0.16016878,0.16016878,0.52074057,0.21579286,0.25121364,0.03881097005844185,0.0030480197995660877,-0.005923804298447746,0.005574765484204877,-0.012836235203716623,-3.150672851698184e-05,0.0030739620266465972,-0.030258132872936994,-0.03204495082540981,0.0,0.0,0.0,-0.037466772307362846,-0.038571119228390384,0.001807046586063633,-0.008340016916453146,-0.0037011423198436474
0.8527625,0.76578397,0.8079587,0.7929965,0.83504254,0.9,0.9,0.4572921,0.475205,0.9622642,1.0,1.0,0.475205,0.475205,0.48199058,0.52801526,0.4612136,0.01971028586895264,0.0026633141191257474,-0.00561149640378755,0.003261192427215297,0.001752063033260544,0.00033874902294707605,0.005216175544980422,0.002752728156441931,0.002315868173619699,0.0,0.0,0.0,0.0055685520221366615,0.002536640104236722,0.001974838062765419,0.003018631674743366,0.0033743988790646716
0.75602597,0.50921416,0.92880934,0.9928678,0.9444444,0.9,0.71291745,0.17729165,0.19422963,0.9622642,1.0,1.0,0.19422963,0.19422963,0.33449042,0.17801507,0.4372136,-0.0026669601470796955,-0.005939286105386838,-0.023251309259829604,-0.007058404696693519,-0.009836768406282769,-0.001207216324354738,-0.001760503515746292,-0.029765111823101566,-0.019189899269861362,0.0,0.0,0.0,-0.03289646517990656,-0.03230576846953455,-0.0003379531498711525,-0.005916374848982833,-0.0004991409605149415
0.8054433,0.65767056,0.9288377,0.9444444,0.9444444,0.6357482,0.84094656,0.5531742,0.57139343,0.9622642,1.0,1.0,0.57139343,0.57139343,0.3169905,0.6780152,0.6552137,0.006635103061271515,-0.0006847450512843231,-0.018700413921704916,-0.0023067046509796206,0.004022326964057066,-0.001511426782123748,0.0010100587098180248,0.005745780201541761,0.005846758652436937,0.0,0.0,0.0,0.007136135945385261,0.008127440866181284,0.0013657556141815888,-0.00508854692024402,-0.0009400389244465056
0.5483337,0.49578527,0.7591712,0.9444444,0.94615734,0.957162,0.9,0.09140957,0.10854926,0.9622642,1.0,1.0,0.10854926,0.10854926,0.30949044,0.27134854,0.22721367,-0.06107991226661276,-0.005790212441085978,-0.0031539993958637075,-0.005254182248369285,-0.008642280592872318,-0.00329429326354866,0.003015694561711654,-0.042643152113725095,-0.026843226997228777,0.0,0.0,0.0,-0.047109761978828574,-0.047574944959689384,0.0001917925665916407,-0.0007124527401985799,-0.007359903846789887
0.7335318,0.71042025,0.6707275,0.94615734,0.9444444,0.9,0.6867396,0.42552724,0.44397533,0.9622642,1.0,1.0,0.44397533,0.44397533,0.35699058,0.58912635,0.41221362,-0.003853742347919531,0.0022288245687678023,0.0031460074128775517,-0.005782182759854368,-0.0032299890753567763,-0.0008720813043185002,-0.0071997559770019025,-0.00044561893503382825,0.00025764341796308537,0.0,0.0,0.0,0.0017762779182009098,-0.003147263366769988,0.0014377819355837883,-0.0013365321928728504,0.0010881928390095244
0.9231587,0.9310345,0.036609408,0.035931457,0.035931457,0.9,0.9,0.109056585,0.1294148,0.9622642,1.0,1.0,0.1294148,0.1294148,0.14199042,0.25245953,0.43921366,0.02867467857874838,0.008268063042607304,0.03068263289272155,0.019313656756701266,0.028467559601215168,0.00037352035022053005,0.001489204871895602,-0.012170090438708044,-0.013476845338965468,0.0,0.0,0.0,-0.030729604639659902,-0.027087619932976977,-0.0059977293015106995,-0.0035320503426518337,-4.2600901144792866e-05
0.7909328,0.8409027,0.82259923,0.9762011,0.9444444,0.9,0.8128726,0.31140944,0.33011284,0.9622642,1.0,1.0,0.33011284,0.33011284,0.46949047,0.17801517,0.5382136,0.004079470744605656,0.0008600703806981257,-0.010616685342151468,-0.0033988259358045387,-0.006726900299213221,0.0009170983897400282,0.0008850530363732445,-0.012646947781586237,-0.011066565657536172,0.0,0.0,0.0,-0.012007617684933556,-0.015707970877674435,0.0011367490587046905,-0.00461892509227176,0.001962381538251223
0.49716833,0.7496933,0.9185314,0.9444444,0.9444444,0.7247035,0.6031143,0.45670363,0.47823364,0.9622642,1.0,1.0,0.47823364,0.47823364,0.5957405,0.36912632,0.45521364,-0.06910776220632521,0.0014978309704955256,-0.015818739448156455,-0.007015974222191397,-0.0031665219813994862,0.00278035287410642,-0.015570939887622174,0.002546186447609569,0.0017295402312021535,0.0,0.0,0.0,0.0044176778364029634,0.002211283244149879,-0.0035680526453709355,0.005376487929613167,0.0019552693174292187
0.9231587,0.9310345,0.38334957,0.37625048,0.37625048,0.9,0.9,0.724939,0.7361199,0.9622642,1.0,1.0,0.7361199,0.7361199,0.66574055,0.48468176,0.75121367,0.023226066926780496,0.006471305638974226,0.01344191456204115,0.0064037122848559355,-0.001412806526905953,0.00096988774583343,0.004044095705409096,0.0043476864211671375,0.0019753772181388967,0.0,0.0,0.0,0.005141953132733768,0.008305674874710414,-0.002837734021106987,0.003154613887457449,-0.0016703924551448937
0.8415154,0.8061443,0.66719615,0.6548407,0.9762011,0.9,0.9,0.6278801,0.64564645,0.9622642,1.0,1.0,0.64564645,0.64564645,0.48199052,0.7402374,0.47721368,0.016306386777650943,0.0042012893519795935,0.0014339672160857105,0.0032914387877925988,0.00011030424582280756,0.0016470121548248606,0.004884809734885012,0.004802882235858885,0.004743806352644321,0.0,0.0,0.0,0.006663942163310193,0.01119108376138938,0.0012786900254355025,-0.0079744301727504,0.0017040657828307714
0.6566087,0.7104368,0.6947024,0.8782023,0.9444444,0.9,0.6867556,0.42082137,0.4322604,0.9622642,1.0,1.0,0.4322604,0.4322604,0.48449057,0.48357064,0.4702137,-0.02992889892588625,0.0014637288033355095,0.00176103159320957,-0.001873388344559882,-0.004128140960814606,-0.0006956469758736399,-0.00885035878121399,-0.0006315647226445712,-0.00017664578958638658,0.0,0.0,0.0,0.0019087434496043417,-0.0035354008142201676,0.0013689980447389243,0.00345466185720357,0.001828193885159657
0.9231587,0.9310345,0.3029051,0.29729575,0.29729575,0.9,0.9,0.6090565,0.6169336,0.9622642,1.0,1.0,0.6169336,0.6169336,0.7207405,0.38468182,0.6742137,0.02737001271723159,0.005322474770500021,0.017526003702214875,0.006583827234647105,0.0024323446624420117,0.0007402085371386359,0.005112091811033572,0.0025732024929659937,0.004186302532143446,0.0,0.0,0.0,0.006767447464701327,0.005833403014188419,-0.0031594487118115936,0.005385416761404193,-0.0010496676204915117
0.7412241,0.73750085,0.6071326,0.9444444,0.6215592,0.7937475,0.9,0.28552717,0.30250618,0.9622642,1.0,1.0,0.30250618,0.30250618,0.15699041,0.41468185,0.50121367,-0.007448987688832798,0.0016281075739749548,0.006167153788622557,-0.006649986655665335,0.004760638886394484,0.001318139811332995,0.0026624110297690405,-0.00855139390265311,-0.007452643226742165,0.0,0.0,0.0,-0.012293746951749531,-0.0196548585973285,-0.012117008968798183,0.00430633615575639,0.0011842180100949437
0.5101635,0.6794768,0.7509454,0.88713706,0.9762011,0.9,0.9,0.26317418,0.2841649,0.9622642,1.0,1.0,0.2841649,0.2841649,0.31449044,0.49579293,0.2942136,-0.0730402776214597,0.0001667317329665871,-0.0017762974286316304,-0.0033657997979003674,-0.008996849939495092,-0.0005720635768279597,0.0035981713103004575,-0.017813825726725407,-0.011386259994530516,0.0,0.0,0.0,-0.018583508498269948,-0.02349439545206558,0.00020022965838287866,0.003466154315513341,-0.0032940678956259106
0.548625,0.630593,0.77717936,0.76278716,0.9444444,0.9,0.60957325,0.36140937,0.38126123,0.9622642,1.0,1.0,0.38126123,0.38126123,0.43449056,0.37579292,0.39321366,-0.05824082741094369,-0.0019464966363885042,-0.005940728657837354,0.003902593909769343,-0.008398141541180248,-0.0013600326841715876,-0.014344862837861943,-0.006782796508543967,-0.0029695439281963764,0.0,0.0,0.0,-0.0017153051924845258,-0.006696523977317143,0.0021163090429188176,0.003767078297362021,-2.156178497436769e-05
0.9145923,0.7961933,0.65957355,0.64735925,0.9928678,0.9,0.9,0.33435082,0.35003474,0.9622642,1.0,1.0,0.35003474,0.35003474,0.57449055,0.36468178,0.39321366,0.030336988136256036,0.0028739628340101564,0.0033134982680994873,0.002121119283475001,-0.010663977787449659,0.0007934172263013153,0.003959496990292581,-0.00568734950310816,-0.0055014989549840845,0.0,0.0,0.0,-0.007242011174830828,-0.012230501434473282,0.0006600304266047837,0.001732232487834864,0.0011286114006664625
0.6681472,0.68572336,0.6582473,0.9928678,0.72161084,0.9,0.9,0.27435067,0.29000908,0.9622642,1.0,1.0,0.29000908,0.29000908,0.27449048,0.11023744,0.6752137,-0.024136299459471842,0.0006279215819800179,0.0024939721883436346,-0.006406422961926783,0.004091770559963197,-0.00035699026154431394,0.002461018864736496,-0.013725358553063107,-0.010183470596213275,0.0,0.0,0.0,-0.021010972467407664,-0.02214682472463447,-0.004886140126005018,-0.0036945332611496313,0.0016802767181093314
0.6681472,0.7306133,0.7584147,0.74437,0.9444444,0.9,0.70625955,0.49493903,0.5160956,0.9622642,1.0,1.0,0.5160956,0.5160956,0.42824054,0.55023736,0.53221357,-0.01908827350085265,0.0015577646612958975,-0.003055262091607941,0.003947598881059643,-0.001225873453034132,-0.0006935650496365082,-0.008408958630115303,0.0031130816293373086,0.0021124541213333736,0.0,0.0,0.0,0.0038342704938538856,0.0030049566951112407,0.0012160862960964034,0.0010869120630810178,0.001471081342416649
0.8219933,0.8198062,0.525362,0.9444444,0.51563305,0.79247934,0.9,0.69552714,0.7051842,0.9622642,1.0,1.0,0.7051842,0.7051842,0.55449057,0.8246819,0.6152137,0.01025784272017109,0.0035784172592871187,0.0055971540382399685,-0.003554789203303327,5.9170686591448474e-05,0.0004726031530354445,0.0044521504256757865,0.007620878077373923,0.002665165862158687,0.0,0.0,0.0,0.005903845861341571,0.013937246407827562,0.0005678798873861589,-0.01526249090157335,3.976967751549589e-05
0.88766927,0.8209112,0.5959037,0.9444444,0.6272398,0.84684366,0.9,0.19670352,0.21764693,0.9622642,1.0,1.0,0.21764693,0.21764693,0.32074046,0.20579284,0.5452136,0.0293415903700504,0.0020833238405143957,0.008798277358401168,-0.004894193651706048,0.008143242640816499,0.00061912952307325,0.0028937989625528937,-0.016570324655300145,-0.017342180843776468,0.0,0.0,0.0,-0.02572194172699669,-0.02606382304448126,-0.004279184551065924,-0.0032400705908024133,0.001196984969590565
0.7219933,0.73751277,0.6924325,0.6796097,0.9444444,0.9,0.71292895,0.28140953,0.2972987,0.9622642,1.0,1.0,0.2972987,0.2972987,0.2707405,0.3624596,0.4622136,-0.005598184078137662,0.00313735844820207,0.0019023104348124976,0.0047757274992807856,-0.007379150300062685,-0.0008393041347966626,-0.0038237392002595278,-0.01085117783097433,-0.010196823803948539,0.0,0.0,0.0,-0.012240772955218365,-0.02026160900942977,-0.0030501389959078167,0.0004892516124502086,0.0028557650590317896
0.9231587,0.9310345,0.3136734,0.30786464,0.30786464,0.9,0.9,0.65729195,0.67410874,0.9622642,1.0,1.0,0.67410874,0.67410874,0.5657405,0.6091263,0.6202137,0.025952464277024752,0.006985013024616146,0.016864688864108163,0.00922049961141627,0.00011754016607958509,0.0011766971372341771,0.004390204141567,0.003630710290917375,0.0033673109445918276,0.0,0.0,0.0,0.00668929877377338,0.008862641770617366,-0.00014269780804588767,-0.0021529515485871234,0.00010705661269271166
0.66371834,0.5956023,0.8684043,0.9410746,0.92906505,0.9,0.9,0.38493887,0.39715293,0.9622642,1.0,1.0,0.39715293,0.39715293,0.37574053,0.48468176,0.49621361,-0.02705772557429085,-0.0020826119520676125,-0.012631029706201218,-0.005875051706015426,-0.0020666374529451454,-0.0014313879121481115,0.003919056882501101,-0.005724525738392996,-0.0021554838563586794,0.0,0.0,0.0,-0.0025726854722966036,-0.007715664394476375,0.0007883165050085366,0.0036879582270874177,0.0009126143278739393
0.5944876,0.3986335,0.76576066,0.9444444,0.9444444,0.79684675,0.38534573,0.6019979,0.6161319,0.9622642,1.0,1.0,0.6161319,0.6161319,0.45074052,0.43468177,0.8892137,-0.03675772824122041,-0.00799468658619999,-0.003775614929649278,-0.004036464095823589,-0.0002681657904186738,0.0018466453318949883,-0.03962086564458576,0.006803192637687068,0.0049457536339184306,0.0,0.0,0.0,0.006938035981644704,0.008127828114470464,0.001500098497622378,0.004898608504528281,-0.008567445729623866
0.91814715,0.7306133,0.8306988,0.9444444,0.8355658,0.70625955,0.9,0.6261153,0.643039,0.9622642,1.0,1.0,0.643039,0.643039,0.32074046,0.8802374,0.5452136,0.026923159935442708,0.0003883190381918573,-0.007000246166305322,-0.0032868524561029426,0.00282362576138484,-0.0014574697152039127,0.00426467315641042,0.006690521362784967,0.006397592718981271,0.0,0.0,0.0,0.005619794140221143,0.01282453570427758,0.0024376768036114354,-0.019379529142948725,0.0009170386892767136
0.86843854,0.8409027,0.69021416,0.6774324,0.9444444,0.9,0.8128726,0.6690567,0.68624884,0.9622642,1.0,1.0,0.68624884,0.68624884,0.56449056,0.60468185,0.6292137,0.017602475067791876,0.0042048345701749005,0.00021160296977758216,0.003460818527220853,-7.008070450503438e-05,0.00038285713312353434,-0.0008643233927672217,0.0050209167745683845,0.005723275387596622,0.0,0.0,0.0,0.007581168867276873,0.011771457601537026,0.0007218059760659329,-0.001435610800737055,-0.0012507471759378717
0.74035007,0.6277597,0.9188803,0.9444444,0.9444444,0.84684366,0.60643005,0.2461154,0.27027857,0.9622642,1.0,1.0,0.27027857,0.27027857,0.24074054,0.4191263,0.4612136,-0.006347892557314955,-0.000597814567704116,-0.01983857343729211,-0.0038921408925918764,-0.007283630398255156,0.0008580905572992794,-0.008762136837885463,-0.018747979652071832,-0.011922820734525164,0.0,0.0,0.0,-0.017111435349860434,-0.02328880479524507,-0.002229278514700628,0.0020421814085286477,0.0017522596473226895
0.5282289,0.31969008,0.8848981,0.86851114,0.9444444,0.9,0.6529868,0.41199762,0.4281601,0.9622642,1.0,1.0,0.4281601,0.4281601,0.5694905,0.29690403,0.59621364,-0.05708501405712724,-0.01728121848929701,-0.012546415449380843,0.0004641284248202211,-0.004176025469787714,-0.0014276657163105385,-0.009723009902301728,-0.004395288669342416,-0.000761988484503327,0.0,0.0,0.0,-0.00017364003873897687,-0.0033631530540771445,-0.0008013305954246514,0.003762728313743683,0.0025068028629764314
0.7719933,0.74130696,0.6974136,0.68449855,0.9444444,0.9,0.66286594,0.21670353,0.23919116,0.9622642,1.0,1.0,0.23919116,0.23919116,0.5807405,0.23357074,0.20621356,0.00449208283943499,0.0024527853804882376,0.003984627282983457,0.008548248416263428,-0.009076444428876417,-0.00017020407674496127,-0.005796148159163408,-0.0212828807004576,-0.017002822068375095,0.0,0.0,0.0,-0.022376572520311708,-0.025759088257995773,0.00010677124573555273,-0.0030724485619034792,-0.008263213446511429
0.6441962,0.53514636,0.88120836,0.9444444,0.911637,0.6904297,0.9,0.6602332,0.6721838,0.9622642,1.0,1.0,0.6721838,0.6721838,0.6857406,0.69245964,0.49421358,-0.023990487014884546,-0.007800291825336904,-0.009673454153707527,-0.002894779383176071,0.0009759161151116683,-0.0025780361555293486,0.005806179163620216,0.010022211340942111,0.004813002307832333,0.0,0.0,0.0,0.006721240501989971,0.011407159430956357,-0.009389014855837803,-0.008489058309316457,0.001134624288615115
0.9231587,0.9310345,0.41475135,0.40707076,0.40707076,0.9,0.9,0.8255272,0.8294016,0.9622642,1.0,1.0,0.8294016,0.8294016,0.7032405,0.695793,0.7062137,0.02657774423426055,0.008459905404823604,0.014359426810258431,0.007617155767672534,-0.003249894376478121,0.0022411352137290588,0.004990758779385648,0.007662422033886222,0.00020233884284047223,0.0,0.0,0.0,0.004256408726286524,0.012854766912458794,-0.003930478523480959,-0.007096542896848223,-0.000848057493665128
0.841224,0.56878334,0.88136435,0.9762011,0.94615734,0.9,0.9,0.33140945,0.3482045,0.9622642,1.0,1.0,0.3482045,0.3482045,0.46949053,0.31023735,0.5122136,0.021167922767706272,-0.0027707409089458394,-0.014236196180922124,-0.003516439056481944,-0.0059478756163908065,-0.00016663011819234913,0.0033837888988009746,-0.01071429778030907,-0.007876969326920186,0.0,0.0,0.0,-0.009766144602109538,-0.012521574676891346,0.0013014981294116313,0.00031771925228610693,0.001437972457220448
0.57111925,0.5994489,0.902008,0.88530415,0.9444444,0.9,0.44301486,0.39729196,0.41376436,0.9622642,1.0,1.0,0.41376436,0.41376436,0.4132406,0.55134845,0.41221362,-0.042458629404959126,-0.0003984273036946231,-0.015408431451715408,-0.001371572338126878,-0.003572849655461222,-0.0020462901282154618,-0.031145320173742636,0.0007321265862423712,0.00040276636683262036,0.0,0.0,0.0,0.0025213754149542794,-0.0005817370810206938,0.0018156885609946348,0.0015458344588278536,0.0010769374728601233
0.7370866,0.5445964,0.7770902,0.76269966,0.9444444,0.9,0.6762101,0.24788004,0.26361084,0.9622642,1.0,1.0,0.26361084,0.26361084,0.35574055,0.19134839,0.57621366,-0.00678568796528225,-0.0034888348024218925,-0.007031664057114489,0.003962120465307193,-0.010466799614576458,-0.0011503740371433511,-0.005453644149471756,-0.014989720911511127,-0.011967656828786777,0.0,0.0,0.0,-0.018507984664943765,-0.02329485647627411,-0.0003875149946327055,-0.003974336162509873,0.0013098880788832315
0.62141067,0.51422304,0.7638261,0.9444444,0.96959347,0.4970823,0.9,0.32670358,0.33918408,0.9622642,1.0,1.0,0.33918408,0.33918408,0.2657404,0.40134853,0.48521367,-0.03123215343357582,-0.0022063053659543697,-0.0015510893919231572,-0.0047688923214872165,-0.007792827865269834,-0.007531454367515042,0.00077449445780173,-0.0085454869779269,-0.008274960491476423,0.0,0.0,0.0,-0.010093508186338357,-0.015300739241592804,-0.0005037485751999595,0.003030405265516244,0.0011107897012046133
0.8453616,0.7961933,0.63040316,0.9444444,0.9928678,0.7696535,0.9,0.480233,0.49885103,0.9622642,1.0,1.0,0.49885103,0.49885103,0.21824038,0.74134856,0.51321363,0.021999600153803252,0.0023649503952016186,0.0028652026606575194,-0.004920891322582168,-0.0072596462258816665,0.0007956426258022731,0.002570856655021192,0.003003268269462458,0.003925951871664635,0.0,0.0,0.0,0.005726278852753222,0.005325717686268268,-0.004972794031136874,-0.007732917301190516,0.0013151870039729576
0.5211193,0.79307765,0.8415507,0.9444444,0.9928678,0.90037495,0.9,0.27905655,0.2949558,0.9622642,1.0,1.0,0.2949558,0.2949558,0.3582405,0.36468187,0.5052136,-0.06367293840512799,0.003472070468377445,-0.010299952108544879,-0.005915913783643392,-0.011037611921330936,-0.00039953180361089897,0.0023760679673503556,-0.015254774782078684,-0.011089968049145653,0.0,0.0,0.0,-0.01618527007725682,-0.019627912142918966,0.0005083258235980949,0.0028589935010348727,0.002083791408733583
0.59035,0.30974638,0.916658,0.9444444,0.94615734,0.9452682,0.9,0.30670357,0.31937551,0.9622642,1.0,1.0,0.31937551,0.31937551,0.49199057,0.40134844,0.3452136,-0.05211176791618468,-0.02950020877957833,-0.01868389938745791,-0.006210038185940182,-0.0066951897879629985,-0.0026847256367268733,0.0035369773619995048,-0.01798521399916118,-0.009154728241276283,0.0,0.0,0.0,-0.01254195213917402,-0.020422999052984583,0.0011884600380417782,0.004539799902165398,-0.006545772829076838
0.5637183,0.89736044,0.9085612,0.9928678,0.9928678,0.9,0.9,0.63082135,0.6448322,0.9622642,1.0,1.0,0.6448322,0.6448322,0.5244905,0.7813485,0.51321363,-0.04224399709652481,0.004207596093151597,-0.014976711632405238,-0.010239053620618548,0.0013376751545549107,-2.160033880998025e-05,0.005896280731747519,0.011008838762649546,0.007272415674309996,0.0,0.0,0.0,0.010597212202728192,0.012751711262261822,3.7162196887702764e-05,-0.014626289255186284,0.0017543459730201302
0.7941961,0.62874264,0.5370466,0.9444444,0.52710134,0.6077845,0.9,0.6072917,0.6239943,0.9622642,1.0,1.0,0.6239943,0.6239943,0.60824054,0.6046819,0.49121362,0.005402118361137786,-0.0036795634381910965,0.0056758935005444214,-0.003037102625886961,0.0009996318483534027,-0.0065910135226912355,0.0035840517752838237,0.0059901379336453385,0.0034873999322566295,0.0,0.0,0.0,0.00604478297994441,0.010624713956721692,-0.0015913811839235875,-0.003261847314829908,0.0002973763551690032
0.9231587,0.9310345,0.30538335,0.2997281,0.2997281,0.9,0.9,0.58258617,0.59401625,0.9622642,1.0,1.0,0.59401625,0.59401625,0.52449054,0.5335707,0.60321367,0.02617264036828407,0.006771714483192113,0.016605938148041316,0.010008490099784984,0.00513246037342557,0.0007189602169588846,0.006104815704010762,0.0024287614053781453,0.0038993725404719557,0.0,0.0,0.0,0.0065148483640286225,0.0061441307613511395,0.0009130250459846262,0.0015030843519661364,0.00025974424568867195
0.73411447,0.5711425,0.7523358,0.7976562,0.6792519,0.9,0.9,0.28788018,0.30520698,0.9622642,1.0,1.0,0.30520698,0.30520698,0.6069905,0.49579293,0.21021366,-0.007169891588552022,-0.007937515104959617,-0.0037441942422768316,0.00202095642590244,0.005268613477413043,-0.00021136641391333337,0.0021027814187986552,-0.00892398034581112,-0.004452634755373625,0.0,0.0,0.0,-0.008601506967700668,-0.013598001118903733,0.0005645140372158224,0.003707861396236887,-0.011601254705284727
0.9231587,0.9310345,0.2777021,0.27255946,0.27255946,0.9,0.9,0.54729205,0.5655731,0.9622642,1.0,1.0,0.5655731,0.5655731,0.45074052,0.58023745,0.5912136,0.025131912678456866,0.005570402738832791,0.016094350263477723,0.0101457534859981,0.006246117591134395,0.0009143594840913264,0.005055146694326863,0.0015672868285562136,0.00320844080452647,0.0,0.0,0.0,0.005566578761560101,0.004894901587475889,0.0013961420613804525,0.0005914324439063622,0.00048449465248542596
0.9231587,0.9310345,0.30249628,0.2968945,0.2968945,0.9,0.9,0.6219976,0.6383136,0.9622642,1.0,1.0,0.6383136,0.6383136,0.5069906,0.53023744,0.67921364,0.02151311779116865,0.004551487094333454,0.016824043593274586,0.010238888582998212,0.001286219181113768,0.0013725524523238134,0.003397623725824191,0.002452362403871063,0.004385599505154218,0.0,0.0,0.0,0.007181060247184565,0.007276667707630678,0.001498312754526912,0.0014441509440237742,-0.0009883632889745645
0.77554816,0.8209108,0.8282451,0.9166222,0.94615734,0.9,0.9,0.16082112,0.18033147,0.9622642,1.0,1.0,0.18033147,0.18033147,0.2607404,0.3869041,0.29421368,0.004211439495628842,0.00280514524864803,-0.009076602639572728,-0.003142478679159756,-0.0069702227342935096,-0.0001941385786793337,0.002681485141101761,-0.03008042741417092,-0.02998872456778302,0.0,0.0,0.0,-0.03755927288218522,-0.04035180856984768,-0.003180082516586687,-0.0004975351791042051,-0.00390400089136336
0.9178558,0.6236555,0.8776266,0.86137426,0.9677255,0.9,0.9,0.4637624,0.4666287,0.9622642,1.0,1.0,0.4666287,0.4666287,0.4594906,0.29690403,0.77221364,0.033375827326022844,0.001358739725023843,-0.013605261981279659,0.0011250840800560349,-0.0019170113030760486,0.0010745618177509545,0.003725260869165393,0.0040667877414512525,0.002963020908603862,0.0,0.0,0.0,0.004576738661474901,0.0029448110525699496,0.0016615488941841728,0.003225462272980022,-0.005161399327557495
0.9231587,0.9310345,0.24659805,0.24203143,0.24203143,0.9,0.9,0.60729206,0.61942095,0.9622642,1.0,1.0,0.61942095,0.61942095,0.42574054,0.5813486,0.62121373,0.024937350572360552,0.005185493687400464,0.019296514345605763,0.011722147085174986,0.005321311480492277,0.0013235117941599911,0.005007153412395936,0.0038325444635442813,0.005130129372280285,0.0,0.0,0.0,0.008647872650343516,0.008956030094037653,0.001886504542538309,0.000598556064723269,0.0003547049276564542
0.65573466,0.61316466,0.9115337,0.9928678,0.9444444,0.9,0.67659223,0.6190566,0.6295737,0.9622642,1.0,1.0,0.6295737,0.6295737,0.6369905,0.5724597,0.6462137,-0.02013188686251423,-0.00040478341956990945,-0.015345976981607336,-0.007530761780203759,0.0009534786696981149,4.180408276533765e-05,-0.011866579174064642,0.010088179722309765,0.006067805165157042,0.0,0.0,0.0,0.005595230078842602,0.008693419490741192,-0.004984883388645396,-0.00170719849926495,-0.0005794388272041365
0.8453616,0.7655489,0.7768127,0.80721444,0.7608208,0.9,0.9,0.2984682,0.3147529,0.9622642,1.0,1.0,0.3147529,0.3147529,0.4894905,0.34134844,0.50121367,0.012360253278223588,0.0013359596806985774,-0.005973812977089257,0.001704372125238101,0.0008495785581149603,0.00031469786466011696,0.002866445046147105,-0.011215909142365197,-0.0136044691732633,0.0,0.0,0.0,-0.016603394049190392,-0.01926460874479123,0.0010385711568355706,1.6812348703690096e-05,0.0023461141464965734
0.7873779,0.78289807,0.83886313,0.8233286,0.9444444,0.9,0.7030904,0.7202329,0.7330577,0.9622642,1.0,1.0,0.7330577,0.7330577,0.5757405,0.7091263,0.6532137,0.005218799422000448,0.003686934211819407,-0.00908879800055993,0.0012157065720194557,0.00197454401927467,-0.00017129175137582837,-0.008324090344937909,0.008709826388858711,0.006155711485317712,0.0,0.0,0.0,0.007475766245971569,0.01461160061092179,-0.00032984277218896983,-0.010529475930895699,-0.0022225049852982845
0.9231587,0.9310345,0.3060761,0.30040804,0.30040804,0.9,0.9,0.61611533,0.630095,0.9622642,1.0,1.0,0.630095,0.630095,0.47574055,0.6746819,0.56421363,0.021249155429248354,0.006504180659918255,0.017342381663571736,0.010272657499362991,-0.002292903621447573,0.001834243726457342,0.004080239550420581,0.0010429257519663114,0.0022521292211919964,0.0,0.0,0.0,0.004575990039085306,0.0052399280823259686,0.0017298453457212498,-0.004955115185314657,0.00024254499396477998
0.7329491,0.713329,0.81307995,0.9928678,0.9444444,0.9,0.68955135,0.7190567,0.7328504,0.9622642,1.0,1.0,0.7328504,0.7328504,0.6482405,0.57912636,0.6952137,-0.008778797100706082,0.0017220784689344982,-0.007757725170902664,-0.007690928884938814,0.0013778217039160559,-4.908157304826249e-05,-0.01005130568041859,0.010296074867745727,0.00798065450239469,0.0,0.0,0.0,0.00723955866511997,0.013375338570383173,-0.0031981885682840026,-0.002612237996764888,-0.0026217301049387214
0.7796856,0.7893383,0.7943257,0.915114,0.8572891,0.9,0.9,0.49435088,0.51279676,0.9622642,1.0,1.0,0.51279676,0.51279676,0.39199054,0.65690404,0.40021363,0.004839795178958301,0.00358494271599188,-0.003757105803739262,-0.0028463684281427194,0.001765495377180964,0.00022577370204133012,0.005631761660826477,0.003521775924621253,0.0037837033681674265,0.0,0.0,0.0,0.005760784922197204,0.004193941295183173,0.0021769117972584963,-0.004246336335121609,0.0023985959512822673
0.9214107,0.5625069,0.91511595,0.9444444,0.8720297,0.54375666,0.9,0.47964478,0.50256926,0.9622642,1.0,1.0,0.50256926,0.50256926,0.3757406,0.6569041,0.4282136,0.027250314872581588,-0.00787090703807345,-0.010581345504662241,-0.0029392018772208175,0.0008845923257019088,-0.016183766621062072,0.002138566602855926,0.002133692635685551,0.004120428965682642,0.0,0.0,0.0,0.005142713766319546,0.0028277134576919194,0.0027140157080295245,-0.005456006737279347,-0.0007948186177079545
0.91132885,0.5625069,0.6035392,0.8668609,0.62345505,0.9,0.9,0.40729186,0.42215475,0.9622642,1.0,1.0,0.42215475,0.42215475,0.43949056,0.32690397,0.6582137,0.03328911390725534,-0.002063453626901114,0.007068003672984357,-0.0004971660646582552,0.001643651459537641,0.0005802125271477495,0.0030537929949924834,0.00039363680150856053,0.002407554361977986,0.0,0.0,0.0,0.00327526655343334,-0.0004912362509526791,0.0015402064419378525,0.005902963148879528,0.0017296187091692314
0.35247123,0.5445964,0.9251149,0.95026696,0.8558253,0.9,0.9,0.34493884,0.3501511,0.9622642,1.0,1.0,0.3501511,0.3501511,0.57199055,0.3402374,0.43521366,-0.10992771282344918,-0.004229187516329632,-0.020285420229946494,-0.007195330739217339,-0.0005680600664571761,-0.0012670504082536536,0.00393413571812157,-0.011160564063822516,-0.0058494828425586,0.0,0.0,0.0,-0.008895172293657012,-0.012509025183137921,0.0002789814282475639,0.005414396199012905,-0.00031503384272517815
0.8033452,0.65521157,0.85413635,0.85414726,0.7458956,0.9,0.9,0.72023326,0.7330665,0.9622642,1.0,1.0,0.7330665,0.7330665,0.74199057,0.6902374,0.51321363,0.010480777561612949,-0.001046569158890375,-0.009560189171232702,0.0006273707724924998,0.002366077957305797,0.0006736238452510612,0.006084487957506295,0.012689018528896,0.006562004910110482,0.0,0.0,0.0,0.008005366128610419,0.01338621728494063,-0.007436912697922044,-0.007628411948268612,0.0013110539464543135
0.5021799,0.6550562,0.8280373,0.9762011,0.9762011,0.9,0.9,0.19846815,0.218701,0.9622642,1.0,1.0,0.218701,0.218701,0.19699049,0.43579292,0.3492136,-0.07865627812156537,-0.00039221797410526156,-0.011145649026124613,-0.012351142588780182,-0.012280407031671096,-0.001098643882722235,0.003617590934808976,-0.030920314115195083,-0.019266162015276977,0.0,0.0,0.0,-0.03243114593068139,-0.035511291943766614,-0.001213752026320207,0.0025510805231718165,-0.0021331452941773343
0.5788116,0.5625069,0.8282451,0.9444444,0.9149131,0.54375666,0.9,0.2149389,0.23493083,0.9622642,1.0,1.0,0.23493083,0.23493083,0.37574053,0.22245958,0.44321364,-0.04902706715557557,-0.0019382383774636763,-0.008903271134902954,-0.0039861021126337505,-0.006078700511035421,0.0003174059543800741,0.0010301356910968958,-0.02346238367443582,-0.020350742334336355,0.0,0.0,0.0,-0.02692068770321966,-0.027518314582918466,0.0013902360508085377,-0.00254490541560085,-8.825828880040337e-05
0.89448756,0.59996116,0.76016456,0.9444444,0.9444444,0.57996243,0.77296776,0.31905657,0.33868933,0.9622642,1.0,1.0,0.33868933,0.33868933,0.29324055,0.575793,0.30021352,0.025652232932953486,-0.0024288821767547942,1.8643610485487016e-05,-0.004029630457032707,-0.0074709931705489695,-0.009388825123188544,0.0003296772241316592,-0.003537146382379896,-0.005037215481455807,0.0,0.0,0.0,-0.004373645244671776,-0.013327004170829526,-0.0010293856156756418,0.001330649092584349,-0.007218072237169859
0.8367953,0.44841003,0.9150254,0.9444444,0.9762011,0.84992,0.9,0.650233,0.6706155,0.9622642,1.0,1.0,0.6706155,0.6706155,0.5319906,0.5480152,0.6342137,0.021728128892744957,-0.009231521942025334,-0.01412408705795651,-0.0014624773029174058,0.0029623807835662506,0.0010330113210862645,0.006072950265999637,0.014029691370403441,0.007145775579880482,0.0,0.0,0.0,0.010241207283616448,0.013337088695412856,0.00010057308833858799,3.579026965961816e-05,0.001695890098198024
0.8530539,0.7687452,0.7052867,0.6922258,0.9444444,0.9,0.7431204,0.61493886,0.6308364,0.9622642,1.0,1.0,0.6308364,0.6308364,0.43449056,0.73468184,0.5752136,0.015987655629435875,0.0014164638388618313,-0.0006389598025613873,0.004023456415541315,0.00019782898701458214,-2.365899960080565e-05,-0.004575322434517334,0.006236264817566514,0.005848182778024932,0.0,0.0,0.0,0.007732788207619263,0.011548779722786052,0.002102445889494614,-0.008410890145222344,6.1311597166731e-06
0.78265774,0.4338819,0.80741006,0.792458,0.9444444,0.9,0.38550282,0.61729187,0.6278072,0.9622642,1.0,1.0,0.6278072,0.6278072,0.5519905,0.6502374,0.62621367,0.004582277358337839,-0.010406473547595763,-0.005707084623209742,0.0017946729062222743,-0.0012877134536595242,-0.001115706693639535,-0.040486889134882034,0.009333541368263127,0.005831262793953094,0.0,0.0,0.0,0.00981580255684813,0.010757396883552397,-0.00019262421292842786,-0.004412279699189484,0.00035728778146813957
0.72881156,0.6346412,0.9710748,0.9444444,0.8996828,0.61348647,0.9,0.71670353,0.732916,0.9622642,1.0,1.0,0.732916,0.732916,0.54324055,0.80245966,0.5652137,-0.005756198812988678,-0.002528269572109133,-0.019078233074030098,-0.0019516785189633678,0.002623141426690102,-0.0038007822312909247,0.00444105556054657,0.011086667147426975,0.007658080474587883,0.0,0.0,0.0,0.0062385355142188965,0.013967978808046025,-0.001173327563959177,-0.016098460994719833,0.0016203615196580634
0.7601635,0.3914414,0.79068345,0.85232276,0.8710906,0.9,0.9,0.68552715,0.6983532,0.9622642,1.0,1.0,0.6983532,0.6983532,0.5032405,0.5046818,0.7962137,0.0007606703797504366,-0.01299487086356418,-0.003892188246458037,0.0008249026362688669,0.0021426291979731475,0.00024295523325004384,0.005773737467868633,0.009922363059795734,0.0030995015710049267,0.0,0.0,0.0,0.006894973657572914,0.01173697814499991,0.0011618823788815955,0.002205396194534682,-0.004205630606544743
0.74419624,0.8323865,0.8348642,0.9444444,0.9444444,0.7935475,0.707335,0.450233,0.46596938,0.9622642,1.0,1.0,0.46596938,0.46596938,0.19699037,0.7191263,0.4522136,-0.005021782474358032,0.0014431408429978415,-0.006475414356960743,-0.004423688737851142,-0.0019759036855522575,0.0014911062259661872,-0.006081214408886913,0.001592103353900794,0.0014493112532987728,0.0,0.0,0.0,0.003669339148575822,-0.0004704018000255339,-0.002861547740917124,-0.006772227337072988,0.0025861724194108844
0.8181472,0.78252,0.716664,0.8572891,0.9463495,0.9,0.9,0.45964488,0.47906786,0.9622642,1.0,1.0,0.47906786,0.47906786,0.2657405,0.5424596,0.58521366,0.0161343213888369,0.0020483324454310574,-6.548572741829212e-05,0.0003731025447134726,-0.002872993496898062,0.0002654871763176436,0.004187743004755282,0.0025497014493492676,0.002450374680209918,0.0,0.0,0.0,0.004976859086089927,0.0025306092453572836,-0.00424571002757651,0.001069613507889733,0.0009598626053568751
0.83650386,0.76578325,0.9465946,0.9928678,0.9444444,0.9,0.68673927,0.65611523,0.665593,0.9622642,1.0,1.0,0.665593,0.665593,0.48324054,0.87134856,0.4872136,0.018145086118016164,0.002192636545566631,-0.01632947302369285,-0.006740714384540396,0.0014540568093941034,-3.982473298658272e-05,-0.010539827321075486,0.010863205128653818,0.00841308436073976,0.0,0.0,0.0,0.00966629582731842,0.014342008765837033,0.0008833153063588641,-0.021406352646118298,0.0019037790020732099
0.8838231,0.7687452,0.5192998,0.9444444,0.9444444,0.7431204,0.7431204,0.452586,0.47367248,0.9622642,1.0,1.0,0.47367248,0.47367248,0.5169905,0.48468176,0.41221362,0.020101027666671656,0.0034274712241144805,0.0029443906633813076,-0.003622817672018648,-0.0040969377058542086,-0.000952322807634965,-0.0019083365116563586,0.000415425895302763,0.002974188678716835,0.0,0.0,0.0,0.003559073421818388,0.0004885820967346323,0.0015640667254323334,0.0027083040695037807,-0.0009654596895674684
0.66103745,0.5946345,0.71304035,0.9444444,0.9928678,0.71292925,0.9,0.54140943,0.5603676,0.9622642,1.0,1.0,0.5603676,0.5603676,0.40074056,0.5502374,0.5662137,-0.01992976068935391,-0.002563823999293802,0.0008871001483015038,-0.0035411568302923997,-0.0027965953165217583,-0.0006134853488261464,0.005114257362418803,0.00408392398784921,0.005012882136888357,0.0,0.0,0.0,0.006178924149718168,0.008197819445705171,0.0028305202218406058,-8.868928391612691e-05,0.0006690101285310167
0.8181472,0.6959421,0.84482485,0.96959347,0.7477392,0.9,0.9,0.33611512,0.35246807,0.9622642,1.0,1.0,0.35246807,0.35246807,0.67199045,0.42912632,0.26021367,0.014636836202930914,-0.0004151785204770253,-0.011255454965972165,-0.007440624235999906,0.0015009255588988686,-0.00023012085159295438,0.003944742548916698,-0.007569593933710825,-0.004042861283640918,0.0,0.0,0.0,-0.006079800808997782,-0.008531778197350239,-0.0009975038916831302,0.003976466730218321,-0.007684476230548315
0.73737794,0.65826845,0.7092244,0.9166222,0.82596624,0.9,0.9,0.27258593,0.29469776,0.9622642,1.0,1.0,0.29469776,0.29469776,0.1919905,0.44023737,0.47721356,-0.0012401300834673323,0.0017927712919899627,0.0005456925699654294,-0.004164806823430632,0.0003174137825927049,-0.0004946885222598479,0.002838541292610921,-0.012821752229112575,-0.007739285338862424,0.0,0.0,0.0,-0.01473582630923862,-0.023408344335411734,-0.006529650709008139,0.004036396209192099,0.0015572135305190592
0.829977,0.7961933,0.6808782,0.66826934,0.9444444,0.9,0.7696535,0.25258604,0.27648157,0.9622642,1.0,1.0,0.27648157,0.27648157,0.41949058,0.2835707,0.37721357,0.014907431444949472,0.002495269196342037,0.002842393925490355,0.006248423191257577,-0.007228775167261527,-9.334389995087344e-05,-0.0004048912474697599,-0.010276935625746853,-0.011525548489955666,0.0,0.0,0.0,-0.011766127771887186,-0.018643196084258837,0.001490993372622733,-0.0010715615457357944,0.0022244401620303386
0.9231587,0.9310345,0.22875772,0.22452147,0.22452147,0.9,0.9,0.5161154,0.53518564,0.9622642,1.0,1.0,0.53518564,0.53518564,0.41949052,0.48468187,0.6352137,0.030464119756427807,0.0066460719530173715,0.019200245991592306,0.013256712451026957,0.008291683449850285,0.0009137238261186034,0.005237895191988815,0.00218451669547786,0.0031243323339500218,0.0,0.0,0.0,0.004754089729492359,0.004268564330831178,0.0012854025083509932,0.002222900602705248,0.0005209573728452505
0.6687298,0.6166919,0.59230596,0.9928678,0.5732313,0.9,0.9,0.6667037,0.68364227,0.9622642,1.0,1.0,0.68364227,0.68364227,0.6044905,0.62357074,0.6012137,-0.014818501626498792,-0.0016233992930627782,0.004702015582535189,-0.006204466733972938,0.0009862305688501218,0.00039497462630754714,0.004409895942616523,0.01082097932327728,0.004162659097126359,0.0,0.0,0.0,0.007663265383900259,0.016049629399133236,0.0004027722104141842,-0.005143487210317987,0.000741447640432375
0.68679523,0.4784748,0.7706036,0.9444444,0.74204135,0.70625955,0.9,0.60435057,0.61836284,0.9622642,1.0,1.0,0.61836284,0.61836284,0.37574053,0.6880152,0.5952136,-0.010284300475910852,-0.010243797086212916,-0.0026262094306509255,-0.002113617154440208,0.001939324785800755,-0.0003477185620320111,0.0037518242507217016,0.007590002817856396,0.0046896034343980346,0.0,0.0,0.0,0.0065567284391843126,0.01171896619825525,0.002327682382674513,-0.00870884063814491,0.0009114255184314335
0.8645924,0.8209108,0.7815234,0.7670508,0.9928678,0.9,0.9,0.497292,0.49908093,0.9622642,1.0,1.0,0.49908093,0.49908093,0.9057405,0.34801516,0.4112137,0.023382313129562328,0.003031930034355099,-0.0040531142907733264,0.004101920793078399,-0.006859932913134779,0.001352145029245907,0.0037225747809863942,0.0042430986176443695,0.0039570240505544165,0.0,0.0,0.0,0.006077727779154139,0.003820466441552175,-0.021801915405742923,0.005426073295906566,0.00017610209709297011
0.91132885,0.61783975,0.68992233,0.677146,0.8702299,0.9,0.9,0.54905653,0.5630097,0.9622642,1.0,1.0,0.5630097,0.5630097,0.38324058,0.755793,0.4912137,0.026439977825953424,-0.0021617705636803567,-0.0001473540880642437,0.0033242174936976548,0.0015450329412733477,0.0011723631820037817,0.005046201064113335,0.003415514863378796,0.0038800073503062788,0.0,0.0,0.0,0.005016336037302704,0.00630574524369854,0.002507431428192066,-0.009519795789252713,0.0015506781317007612
0.92228466,0.70966953,0.60252655,0.9444444,0.59015656,0.6860139,0.9,0.39729175,0.41619468,0.9622642,1.0,1.0,0.41619468,0.41619468,0.46324056,0.31023735,0.5622137,0.03393136964427606,0.0012639501354419166,0.005946514187856051,-0.006461604363482139,0.002852473343462649,-0.003455711019971188,0.003025624934337279,-0.0015200072558643923,0.0008037027157364694,0.0,0.0,0.0,0.001370579951522103,-0.002656496805063691,0.0011919280576107153,0.004703489164244651,0.0008593299617150145
0.90631735,0.8096593,0.8514616,0.8668609,0.9928678,0.9,0.9,0.7484684,0.75845397,0.9622642,1.0,1.0,0.75845397,0.75845397,0.54324055,0.6435707,0.75121367,0.026079095481792235,0.0025083178162301056,-0.008712588693794359,-2.5966749670156812e-05,0.003363004655618425,0.0007851420919409833,0.0032161982294353604,0.0123043534863428,0.006821310580014832,0.0,0.0,0.0,0.0068713677355996565,0.01608648021660284,0.0007872074729579042,-0.003140814559076692,-0.0047505755214437145
0.56016344,0.69928575,0.7469702,0.8996828,0.9444444,0.9,0.6759763,0.28729203,0.30475235,0.9622642,1.0,1.0,0.30475235,0.30475235,0.40074056,0.18357065,0.5452136,-0.05799465478853629,0.0021323420743435384,-0.002056715328074189,-0.0009272464195477489,-0.008037562929702823,-0.0005510091690130124,-0.006113043745068797,-0.016397670514528683,-0.008872883934743874,0.0,0.0,0.0,-0.014254396169626893,-0.018728117719295445,0.0012353830469708869,-0.0024357744786531856,0.0023338293929869806
0.6681472,0.7273206,0.7304525,0.7169256,0.9444444,0.9,0.633221,0.3990566,0.41733897,0.9622642,1.0,1.0,0.41733897,0.41733897,0.37574053,0.615793,0.36721355,-0.019164718732541802,0.0027713246777254603,0.0007312577277043887,0.007186738395959248,-0.0037526039795542487,-0.0010362528915465268,-0.010614677152042964,-0.00034482613807663596,0.00019991467187049022,0.0,0.0,0.0,0.0020832587361261593,-0.00242823396941187,0.0015759095471400309,-0.0012849212391253897,0.001973858681179247
0.9184385,0.81457967,0.6956432,0.9928678,0.89173603,0.9,0.9,0.5608212,0.5678097,0.9622642,1.0,1.0,0.5678097,0.5678097,0.5107406,0.50023735,0.6562137,0.0336327953074624,0.0016565090998692396,0.0023010268949161185,-0.0049743970949980105,0.0011332896982231388,0.0002944757265824388,0.006417516956361124,0.005096226525939177,0.004694832811841879,0.0,0.0,0.0,0.005544049485692237,0.007694824727049319,0.001440124452258691,0.002264819237739983,-0.0022571422902178738
0.9030539,0.8242123,0.7750863,0.8199868,0.947526,0.9,0.9,0.74199766,0.7470666,0.9622642,1.0,1.0,0.7470666,0.7470666,0.46949053,0.82245964,0.7242137,0.02170958796897193,0.0033193490632349417,-0.0038083958485790703,0.0003947916625469174,0.002829826412100948,0.00044491573308097694,0.006498172708408825,0.008245497829825551,0.00286531013115241,0.0,0.0,0.0,0.0031906896395391504,0.012436751327338071,0.0018555783958540614,-0.015898253542020204,-0.004574763369677952
0.7903501,0.9084271,0.8810356,0.9444444,0.9444444,0.8781462,0.7404855,0.64964485,0.65812457,0.9622642,1.0,1.0,0.65812457,0.65812457,0.74824053,0.66579294,0.43621367,0.004923385681048267,0.004594411389218071,-0.013672054406779398,-0.004394770663841306,0.00035070017112774523,0.0004276408629558528,-0.005041278717669786,0.008303392790405862,0.007062285985806587,0.0,0.0,0.0,0.00793449781471189,0.01027413521442227,-0.00928005969708302,-0.006003330980826817,0.001255945676555895
0.77525675,0.73751307,0.88120836,0.9444444,0.9444444,0.71292925,0.66286594,0.2908213,0.3143262,0.9622642,1.0,1.0,0.3143262,0.3143262,0.41949052,0.57690406,0.1662136,0.005846027616544926,0.002404137382963011,-0.011399531707501787,-0.0048855477531676295,-0.004467533146452993,0.0010286845599381555,-0.00613514696425732,-0.009103257762680088,-0.00803513581437556,0.0,0.0,0.0,-0.0069941282833202115,-0.015551762928912482,0.002104631261705754,0.002167181322866869,-0.015908569112092895
0.9231587,0.9310345,0.20316975,0.19940734,0.19940734,0.9,0.9,0.44670364,0.46249494,0.9622642,1.0,1.0,0.46249494,0.46249494,0.5694906,0.38468182,0.4872136,0.027325352751087727,0.005600511969174924,0.017181203939392438,0.009922618706061696,0.011115009932094298,0.0006308930607431622,0.004608827451969984,0.00220789492369795,0.001987524019023466,0.0,0.0,0.0,0.0013826540226347648,0.0012621766974105406,0.0006941117378497905,0.003558818749031132,0.0009951330530682775
0.8832404,0.81457967,0.72583914,0.9762011,0.9444444,0.9,0.787427,0.5608213,0.58174586,0.9622642,1.0,1.0,0.58174586,0.58174586,0.38574058,0.62468183,0.5602137,0.021541093346645213,0.003153516201468842,-0.0001914877731741403,-0.006867412466535285,-5.9580817510560544e-05,-0.0004256998651132648,-0.0009784231606352171,0.0027576045904970686,0.003910842582050677,0.0,0.0,0.0,0.005266112456884353,0.006977847862869616,0.0011993993729966267,-0.0023388751458267476,0.0010504829010277619
0.8140096,0.16804585,0.83078027,0.9444444,0.94465274,0.84992,0.9,0.427292,0.44687608,0.9622642,1.0,1.0,0.44687608,0.44687608,0.52449054,0.5135708,0.37321368,0.013311185925305674,-0.04850358382990159,-0.008103799993780173,-0.0054665325130318606,0.000757794424691073,-6.499106513726968e-05,0.003167339909597754,-0.0022450794850285096,0.00427849289829212,0.0,0.0,0.0,0.0027843322803588868,-0.0011181388597254584,0.0011804519255095337,0.003125896177921773,-0.005938112414350866
0.42939425,0.2302162,0.79939723,0.7845936,0.8720297,0.9,0.9,0.3667036,0.3860118,0.9622642,1.0,1.0,0.3860118,0.3860118,0.65449053,0.26023728,0.44321364,-0.08186104868184994,-0.03366715950507021,-0.00762946863609826,0.004107239351789655,-0.004035515324386818,-0.0011376058623289583,0.0040075590787353906,-0.007609803025402786,-0.00012348375430242808,0.0,0.0,0.0,-0.003627046897619174,-0.00637194732896452,-0.0019452485740943828,0.006282825324269912,-0.0013102172739851608
0.9219933,0.44726136,0.6144172,0.9444444,0.5697121,0.957162,0.9,0.39670348,0.41898188,0.9622642,1.0,1.0,0.41898188,0.41898188,0.40824062,0.48690403,0.40621367,0.03391532044698866,-0.014470669245965139,0.006625221362591327,-0.007313917863076301,-0.0007986090472043484,-0.0012870129723392694,0.004174760088114084,-0.002426955493199515,0.0014923847795031242,0.0,0.0,0.0,-7.64025644322719e-05,-0.003774112425983583,0.0016353044464194502,0.0027307163421703357,-0.0012290926569559527
0.9231587,0.9310345,0.21423016,0.21026294,0.21026294,0.9,0.9,0.4849389,0.49390486,0.9622642,1.0,1.0,0.49390486,0.49390486,0.49574053,0.30134848,0.7182137,0.029661203895748264,0.004593415977196923,0.019085836424211373,0.009294719795826375,0.010452693260576313,0.0010317219293245307,0.0045560139110208744,0.002398516321472317,0.0030013750265126737,0.0,0.0,0.0,0.004670500570259703,0.003616209398280107,0.0013468945771601688,0.001970859032823109,-0.0010081858933123785
0.5909327,0.46829778,0.7206518,0.9444444,0.9762011,0.84992,0.9,0.3019977,0.32223845,0.9622642,1.0,1.0,0.32223845,0.32223845,0.14199054,0.44579294,0.5602137,-0.04214544153769275,-0.0072248852886222115,0.0005442297905041433,-0.004369829790635235,-0.006340924872516912,0.0013815908994663146,0.0023539731322529856,-0.00966765621975061,-0.005634596500836922,0.0,0.0,0.0,-0.010510859558433035,-0.017102625675523876,-0.006404463500669112,0.0038842518442700584,0.0020234213132645736
0.89151543,0.5440704,0.8866069,0.9292485,0.9444444,0.9,0.68029445,0.41140938,0.41568112,0.9622642,1.0,1.0,0.41568112,0.41568112,0.39824057,0.2924596,0.6562137,0.020790012607180493,0.00035342804144680663,-0.016036728474025194,0.00040537350708859144,-0.0045528074517073745,-0.00047992516437480323,-0.008812109484621812,0.00016700471796441557,-0.0017549866639640266,0.0,0.0,0.0,-0.0016735277365011946,-0.0039057262385261736,0.00010734553450815441,0.002454052967212971,-0.0004243538383347709
0.88294905,0.6447835,0.9032486,0.8865218,0.9444444,0.9,0.6232907,0.4796449,0.49125397,0.9622642,1.0,1.0,0.49125397,0.49125397,0.61824054,0.4257929,0.50121367,0.026022473760185977,-0.00039332830813321575,-0.01573002870367299,0.0010377929519665657,-0.00037106833907272504,0.00013734999881840113,-0.013476767298450603,0.003455890040501222,0.0024894070806775843,0.0,0.0,0.0,0.0048280583937132466,0.003451355768147218,-0.0019327730566691143,0.005001687480026257,0.0018466614377667069
0.671702,0.81457967,0.85259974,0.8819039,0.9928678,0.9,0.9,0.39670348,0.41614488,0.9622642,1.0,1.0,0.41614488,0.41614488,0.44449055,0.5391263,0.3952136,-0.026522947118210842,0.0026756306267883894,-0.010423010032634843,-0.0013155139535381737,-0.006612669859146364,0.0002541157017339852,0.0034830675643535824,-0.002451574115212249,-0.0017069995629470436,0.0,0.0,0.0,0.0009188253605511828,-0.005443437040471639,0.0015984554794185339,0.0034534267500483697,0.002179073750363906
0.6912241,0.73750085,0.7833776,0.7688706,0.9444444,0.9,0.71291745,0.39199796,0.40840834,0.9622642,1.0,1.0,0.40840834,0.40840834,0.5019905,0.30801508,0.53121364,-0.015353358509486872,0.0014825705789182494,-0.004892000028972571,0.004028582160480167,-0.005467160874476921,-0.00031439885688365227,-0.005222775385343218,-0.0016037954239399822,-0.00201161951828964,0.0,0.0,0.0,-0.000337061250020786,-0.005032314676118892,0.0011647026166869872,0.001998301990354356,0.0018527629599219316
0.87228465,0.7655489,0.5997535,0.9762011,0.83536357,0.9,0.9,0.33729184,0.35513374,0.9622642,1.0,1.0,0.35513374,0.35513374,0.18324053,0.38912624,0.6892137,0.023405623987125833,0.001547362759132738,0.006074803154799131,-0.00818946452109454,7.397480445188238e-05,0.0003195242082586767,0.004005258217765782,-0.007728949557415421,-0.003676785274084652,0.0,0.0,0.0,-0.004665324206729198,-0.012688327648684524,-0.010097179688955014,0.003226024133233021,-0.00010274646421722687
0.8261308,0.7655489,0.84063524,0.82506794,0.9463495,0.9,0.9,0.5878801,0.5968091,0.9622642,1.0,1.0,0.5968091,0.5968091,0.7757405,0.45579296,0.5462136,0.012213840713687174,0.0021704037936360805,-0.008551459463293637,0.0021409844598074905,0.0010658919385760112,0.0011018326491433455,0.0040753115549687635,0.007877050016136517,0.007069159760009884,0.0,0.0,0.0,0.007669384259821976,0.007969724055735695,-0.010158798175537751,0.004588904942383447,0.0014736223995504105
0.9231587,0.9310345,0.23459494,0.2302506,0.2302506,0.9,0.9,0.48082128,0.500538,0.9622642,1.0,1.0,0.500538,0.500538,0.26824033,0.57912636,0.6102137,0.02785608822965078,0.004284013916617147,0.01831846268891211,0.015220891455587707,0.005979165322376951,0.0011295322444525328,0.004731624912337274,0.0015003214699901173,0.002208178823582336,0.0,0.0,0.0,0.002280011742297736,0.0017113791766469014,-0.0005224434292408302,0.0010805925580519057,0.00025383819585031973
0.7678558,0.6270212,0.70547837,0.9762011,0.9762011,0.9,0.9,0.23729178,0.26044127,0.9622642,1.0,1.0,0.26044127,0.26044127,0.3019905,0.3713485,0.40621367,0.0033948664374117456,-0.0005347096299616428,0.00106108213334284,-0.007806765188013194,-0.010635317307666075,-0.0010169710536560028,0.004089407503401147,-0.020538297511548596,-0.01401896171491432,0.0,0.0,0.0,-0.023132527787078104,-0.029004275827289115,-0.0013824815370945193,0.0016256619564247671,-0.0004541339176714977
0.49448755,0.29029924,0.8631858,0.8702299,0.84956694,0.9,0.9,0.65788025,0.66967815,0.9622642,1.0,1.0,0.66967815,0.66967815,0.68574053,0.46801513,0.6612137,-0.061620063329695114,-0.0260469804756539,-0.010879268549497218,7.19606800640497e-05,0.0011527063777138748,0.000588090383279147,0.005384799552422996,0.014259800308101771,0.0048411256458748666,0.0,0.0,0.0,0.008135221937479509,0.011511865629819285,-0.007164613340193296,0.003879819632930169,0.0023508063029077904
0.67939425,0.58626735,0.7535116,0.7395577,0.9444444,0.9,0.7937475,0.61846846,0.63723844,0.9622642,1.0,1.0,0.63723844,0.63723844,0.48074055,0.68690413,0.61521375,-0.011622798408166449,-0.001782710739731507,-0.0023009029099095397,0.003478886903804553,0.000378807282813311,-0.00026153582420282483,-0.00021518353251356358,0.00928278261678561,0.005454241515878554,0.0,0.0,0.0,0.0074531613365265426,0.012684719960319633,0.0013773254390036403,-0.0089390241020231,-0.0007386811821103198
0.7909327,0.6788478,0.76113087,0.9444444,0.72725827,0.74025726,0.9,0.5325858,0.5474734,0.9622642,1.0,1.0,0.5474734,0.5474734,0.5244905,0.43912622,0.66921365,0.005903774868021334,-0.0004416144527228123,-0.003934698786357297,-0.004388101524326642,0.001986558468740368,-0.00028037013465103593,0.0034562217513443953,0.004655935640879158,0.004778393745012594,0.0,0.0,0.0,0.006605452812351576,0.005761862370629312,0.0012620397929007875,0.003930021394034568,-0.0015137707598679724
0.66430104,0.74130696,0.81308,0.90186393,0.84995383,0.9,0.9,0.22729155,0.24396236,0.9622642,1.0,1.0,0.24396236,0.24396236,0.15699041,0.30134848,0.56721365,-0.023582166614329183,0.0023721203235380485,-0.00837851934315036,-0.0023348117744576014,-0.0012772701065468786,-0.0009263980974596661,0.0027610445889552793,-0.02141150674634968,-0.01684451287214001,0.0,0.0,0.0,-0.02737411970868001,-0.031472036167025694,-0.008745432948061621,-0.00010094599447861285,0.0015659228654898885
0.70631737,0.7025807,0.7206517,0.7073063,0.9928678,0.9,0.9,0.3467036,0.36270377,0.9622642,1.0,1.0,0.36270377,0.36270377,0.2594905,0.46801513,0.52221364,-0.017694813175155345,0.0009284278165034716,-0.0021775514587916447,0.00392397300968905,-0.011063008691710199,-0.0005199918961718828,0.0021822468598469984,-0.005516025613690741,-0.004554187119580657,0.0,0.0,0.0,-0.0053032873480837435,-0.012310135609663275,-0.002629754665447358,0.0033423843099491613,0.0018056879181532252
0.6024712,0.54387206,0.84155977,0.9444444,0.885304,0.957162,0.9,0.3702332,0.3858597,0.9622642,1.0,1.0,0.3858597,0.3858597,0.26074052,0.54468185,0.44321364,-0.05131489879429693,-0.008068179980686962,-0.011307309132754614,-0.00835153149922973,0.0004962052378535253,-0.003915301618523378,0.002737467104726457,-0.007146766924947811,-0.002491559806520883,0.0,0.0,0.0,-0.003692174197066098,-0.010480624440176865,-0.0014034626134252898,0.002182785666204943,-0.0005185999519607098
0.84064144,0.54419273,0.8614432,0.9444444,0.9166222,0.65659654,0.9,0.40199795,0.42074654,0.9622642,1.0,1.0,0.42074654,0.42074654,0.39199054,0.70023745,0.24321356,0.018690539682618527,-0.010723253669644049,-0.010017089565181459,-0.00643884858479432,-0.0014498312075724958,-0.007052899803229204,0.0028002963913798785,-0.0018910515405098833,3.0981715253301614e-05,0.0,0.0,0.0,0.0014339426424486792,-0.00393962464593606,0.0029368612896911008,-0.00861972925927086,-0.012215421827904463
0.7412241,0.7317258,0.6503257,0.9444444,0.90186393,0.7696535,0.9,0.27140942,0.29210842,0.9622642,1.0,1.0,0.29210842,0.29210842,0.34574044,0.4824596,0.3452136,-0.001167551014205923,0.002899968323000875,0.00553707097253959,-0.005189708668658666,-0.003397679529725843,0.0014822358225343507,0.003944677175892549,-0.011398962267619512,-0.01032695370353234,0.0,0.0,0.0,-0.014049119270453951,-0.022189828330398995,-0.0006013281359588825,0.003566032406934454,-0.0004670009678587014
0.81488365,0.5340697,0.80898374,0.88400924,0.6845306,0.9,0.9,0.6067037,0.6212207,0.9622642,1.0,1.0,0.6212207,0.6212207,0.7944905,0.4635707,0.52121365,0.013474105059956089,-0.008581929685558319,-0.007288565776935097,0.00012696587895929534,0.0033819555854255634,0.0008258748598006841,0.003660533194306703,0.010325195593966194,0.004508488190232831,0.0,0.0,0.0,0.0056070675436835,0.007967268414366886,-0.01172276402687312,0.0034861458779426925,0.0009142295675031218
0.879103,0.7104199,0.8207716,0.9444444,0.9463495,0.91276646,0.9,0.6614095,0.6709752,0.9622642,1.0,1.0,0.6709752,0.6709752,0.6044905,0.49468178,0.7972137,0.023732930815767952,0.0003798390488213984,-0.006542442216149844,-0.0029926660717614407,0.0024145610732956126,-0.00012251298751828722,0.004576379399651552,0.0096840223148571,0.005956285803530505,0.0,0.0,0.0,0.006380682401644277,0.011158802119373545,-0.0002524046861440543,0.0022102958060964423,-0.0074911694760685585
0.91814715,0.7926805,0.7861224,0.96959347,0.7014067,0.9,0.9,0.53317404,0.5446078,0.9622642,1.0,1.0,0.5446078,0.5446078,0.6769905,0.51912624,0.50121367,0.036596039695454975,0.004582451042668492,-0.0034725263394400725,-0.005133324957597504,0.001960473677306785,0.000648770799372593,0.004785938253733414,0.0052966033541442135,0.004603319270987373,0.0,0.0,0.0,0.006981983391264483,0.006031817394975654,-0.0016315634525789005,0.0017621586373103221,0.0022193775960697754
0.8409327,0.8243242,0.91294676,0.9444444,0.911637,0.9034291,0.9,0.5449389,0.5615857,0.9622642,1.0,1.0,0.5615857,0.5615857,0.48199052,0.5335707,0.62421376,0.019406669424354154,0.002519043226700721,-0.015209291479977268,-0.0027730381656492025,0.0026960684664572177,0.0010857838167512397,0.004547300256838976,0.004911281029625248,0.004721658796261133,0.0,0.0,0.0,0.007138234560610923,0.005912496384216428,0.001215777933158842,0.002250015778856617,-0.000722256762891841
0.6681472,0.7306133,0.7337578,0.7201697,0.9166222,0.9,0.9,0.15670373,0.18010283,0.9622642,1.0,1.0,0.18010283,0.18010283,0.25199044,0.32579294,0.3492136,-0.02410469994567228,0.0012771192032552008,-0.0024759359779962884,0.007243423759751821,-0.007060706810952558,-0.0009005115096502953,0.0021396754402464003,-0.02894060808642144,-0.025105663256807628,0.0,0.0,0.0,-0.03940802585647176,-0.04155681527165509,-0.003846506777525557,-0.0011603714164924025,0.00038962113862198926
0.613427,0.65454185,0.82621056,0.9762011,0.78330153,0.9,0.9,0.31023294,0.32940498,0.9622642,1.0,1.0,0.32940498,0.32940498,0.46199054,0.44579294,0.31821355,-0.04083542913742724,-0.0007317097060724735,-0.011069512599048575,-0.010121545598594532,0.0028462140083818682,-0.001118611136750024,0.0027545362130894837,-0.01226752527537025,-0.006082452007220992,0.0,0.0,0.0,-0.009012671707575097,-0.015388652987740156,0.001595285289956285,0.0048336476305391755,-0.0037513158729147768
0.3634269,0.2822341,0.8582516,0.842358,0.8555725,0.9,0.9,0.44199777,0.46183512,0.9622642,1.0,1.0,0.46183512,0.46183512,0.4694906,0.49468178,0.49221364,-0.10913788277782675,-0.029608389890362144,-0.011643550309598603,-0.00044270658936163747,-0.0005613370700980401,-0.0008512404061746154,0.002572398842107695,-0.0009130730568306675,0.001429254263638336,0.0,0.0,0.0,0.0026636139406849674,-2.629318900242719e-05,0.0019674911127862934,0.0036804327541310818,0.001088403717159487
0.9231587,0.9310345,0.17815948,0.17486024,0.17486024,0.9,0.9,0.3855271,0.40003088,0.9622642,1.0,1.0,0.40003088,0.40003088,0.2594905,0.44023737,0.57921374,0.026666083809103302,0.00349252369060176,0.01906405957746362,0.013641165526548144,0.010866822206190405,5.164834587709413e-05,0.004030259487621244,0.0023527376333146864,-0.00026037595745801454,0.0,0.0,0.0,-0.002571554315605874,-0.0011204892206796771,-0.0017567988997840402,0.0020561929480855763,0.0005751133674865972
0.71400964,0.620432,0.66979635,0.9928678,0.9928678,0.9,0.9,0.52846843,0.54104954,0.9622642,1.0,1.0,0.54104954,0.54104954,0.42574054,0.46023738,0.7222137,-0.0066806678301861355,0.000857283181138614,0.002719110951786086,-0.00610874132490147,-0.0029546716337025413,0.0003783996691148132,0.007120886979403159,0.005140688797062701,0.005002812674790906,0.0,0.0,0.0,0.006781352146022992,0.007067536314186621,0.0016452974375148282,0.0042253614592131315,-0.002308152167589904
0.84122413,0.73751307,0.6998607,0.9444444,0.6777364,0.71292925,0.9,0.38082123,0.4015761,0.9622642,1.0,1.0,0.4015761,0.4015761,0.3019905,0.5013485,0.4832136,0.01710246195562191,0.0020426481939433676,0.0019805620833397786,-0.00525703868321537,0.0026158020385399737,-0.0014091738405522785,0.003234921886049853,-0.0027600501826798986,-0.001915746275961678,0.0,0.0,0.0,0.00029218245910524936,-0.005371559258586292,-0.0022027539606669093,0.002046871068996517,0.0022774992995738008
0.7444876,0.66461843,0.8481281,0.9444444,0.88713706,0.64246446,0.9,0.5655272,0.58095104,0.9622642,1.0,1.0,0.58095104,0.58095104,0.5682405,0.56023747,0.49421367,-0.0053883465101410176,-0.0005056973070049237,-0.0071573179902020626,-0.0024772158350966967,0.0007366601925124827,-0.005627211478861372,0.0022008794466457926,0.005170970122497418,0.005194649724418927,0.0,0.0,0.0,0.005861264268094881,0.0068085884675279686,-0.001811526195265874,-0.00047564434253173415,0.0008192142494731655
0.64419615,0.1604867,0.8033678,0.7884906,0.9463495,0.9,0.9,0.5561153,0.57253426,0.9622642,1.0,1.0,0.57253426,0.57253426,0.5107405,0.58801526,0.5362137,-0.02757105555088823,-0.04748599928873662,-0.005706614733574708,0.0024802355683261053,-0.00011761828294032758,-0.00030724019570503895,0.0036521700221557596,0.0063353731203476685,0.0029208347074129253,0.0,0.0,0.0,0.006933244868608107,0.007154227775743438,0.0005456880774061732,-0.0022635115786929405,0.0014580362514497152
0.9231587,0.9310345,0.3852583,0.37812388,0.37812388,0.9,0.9,0.7114095,0.7190176,0.9622642,1.0,1.0,0.7190176,0.7190176,0.49074048,0.6880152,0.7102137,0.026677078163869276,0.0062216815587487805,0.013652489078954045,0.007542800119534529,-0.0012555042848026862,0.001202551667226739,0.005374245277250881,0.004111608993464011,0.0023791301546778852,0.0,0.0,0.0,0.005981329416070127,0.009390488558056145,0.0012448472301639952,-0.005972025393434606,-0.001345025162735586
0.806026,0.2981628,0.8404423,0.9232409,0.795958,0.9,0.9,0.60670346,0.6203209,0.9622642,1.0,1.0,0.6203209,0.6203209,0.7444905,0.44579294,0.5612136,0.007408612356553557,-0.02713619199982302,-0.010540876941875282,-0.0027113978027873214,0.002636919779587765,0.000891430409933032,0.004448640105355554,0.009784887976634009,0.003164220157944564,0.0,0.0,0.0,0.005883493188161908,0.007898642225041991,-0.01043003450617692,0.003857892301924084,0.0018951252578707511
0.7989164,0.76578325,0.8246194,0.94465274,0.75356907,0.9,0.9,0.33670357,0.35571212,0.9622642,1.0,1.0,0.35571212,0.35571212,0.43449056,0.4580151,0.3492136,0.004326206043131617,0.001840893098097934,-0.011415310254027738,-0.006358629145427592,0.003879817601691351,-2.1975483185404863e-05,0.0019316794878113661,-0.00858199766591221,-0.006014203118695466,0.0,0.0,0.0,-0.006794080938777698,-0.013527631230220884,0.0011233783752449265,0.004233877242238147,-0.0021837785700184855
0.72141063,0.6942563,0.8507981,0.9166222,0.9463495,0.9,0.9,0.5549389,0.574232,0.9622642,1.0,1.0,0.574232,0.574232,0.5319905,0.62357074,0.48621368,-0.0026021278279974025,0.002768268602052285,-0.007754851772676962,-0.0018333743810181363,0.0008882301584272736,0.0005948582838322354,0.005118360054893331,0.00795562804271848,0.00542515914724474,0.0,0.0,0.0,0.0068237175560265165,0.00902062451885115,-0.0008904135478373348,-0.003979206207898898,0.001875393527251776
0.8175645,0.75060344,0.76405096,0.9444444,0.9463495,0.7255833,0.9,0.62670374,0.64075536,0.9622642,1.0,1.0,0.64075536,0.64075536,0.6794905,0.3746818,0.7632137,0.012932070084468904,0.002297009546929901,-0.0018487695240298183,-0.001539476178935714,0.000859692619054299,-0.00140451309428697,0.0034392470014059633,0.008967286939007647,0.006836023418634053,0.0,0.0,0.0,0.009096014861103502,0.011743673036567325,-0.0027565535166396153,0.005858662187775707,-0.003792892610098768
0.6211193,0.4827231,0.86751676,0.9444444,0.94615734,0.6867396,0.9,0.14317411,0.1603492,0.9622642,1.0,1.0,0.1603492,0.1603492,0.19699049,0.32690397,0.38821363,-0.03494757543142576,-0.006260999077598627,-0.015356489432286444,-0.006543152359156483,-0.00981263190838355,0.003582579928638081,0.0016805755156900964,-0.033354174237457214,-0.025968909069011267,0.0,0.0,0.0,-0.03879435111529506,-0.040141950800331366,-0.003588268515432556,-0.0004229499274795767,-0.0019170760009826792
0.54064137,0.5000943,0.7785154,0.7640984,0.9444444,0.9,0.47460225,0.729645,0.7346369,0.9622642,1.0,1.0,0.7346369,0.7346369,0.62949055,0.6391263,0.65421367,-0.045811496790229285,-0.0072774480795670705,-0.004349293738913882,0.004180400438240222,-0.0006135597919424578,-0.0013658429023097349,-0.029117030522794254,0.014684984947443143,0.006728367008255149,0.0,0.0,0.0,0.009666357855068591,0.014387915591825442,-0.0033293266125948057,-0.004828748915745377,0.0008282816223138483
0.8719933,0.7838458,0.73832285,0.7246502,0.9444444,0.9,0.7577176,0.53258604,0.55060196,0.9622642,1.0,1.0,0.55060196,0.55060196,0.4032405,0.6013485,0.5562137,0.017771153936998775,0.0009885836769581062,-0.0017092792417722465,0.00351259645198721,-0.001597465698431922,0.00019817063779724764,-0.0050585417389102895,0.002645606182150964,0.003924412134332773,0.0,0.0,0.0,0.004677954253566429,0.0055374560373471216,0.001115984668288153,-0.0004815234559107866,0.0002682602569925685
0.9231587,0.9310345,0.42114708,0.41334808,0.41334808,0.9,0.9,0.80199766,0.81405056,0.9622642,1.0,1.0,0.81405056,0.81405056,0.65074056,0.7680152,0.6292137,0.020000409102307187,0.006750619228388511,0.011098247389709825,0.005166668112292484,-0.003901902693531863,0.0010874194139812773,0.003062841822898952,0.005843278730770975,0.0001849224867732019,0.0,0.0,0.0,0.00514791881856915,0.01180294509382749,-0.002360865535782808,-0.009694219603744626,7.822361801451517e-06
0.6714107,0.7104199,0.8050022,0.9444444,0.9444444,0.68673927,0.74025714,0.44964477,0.4669154,0.9622642,1.0,1.0,0.4669154,0.4669154,0.3019905,0.63245964,0.6392137,-0.02346871182950367,0.0017647447104426972,-0.0070740001272150636,-0.006467533565862002,-0.001559490077821016,0.000937844270927616,-0.0029794631412073656,0.0008537035643065545,0.001998419609925709,0.0,0.0,0.0,0.004725317307311919,0.0002839504164266821,0.0017187143079195552,-0.0031412705823522734,-0.00042185233181553155
0.9231587,0.9310345,0.21024947,0.20635596,0.20635596,0.9,0.9,0.4714094,0.48397657,0.9622642,1.0,1.0,0.48397657,0.48397657,0.6257406,0.3624596,0.51321363,0.0294773511187779,0.005832021653516437,0.018107279660233823,0.009659321760773953,0.009889173236390781,0.0009751575746200777,0.004799666366526043,0.002655436292609949,0.0027614043941900255,0.0,0.0,0.0,0.003733076680625485,0.0030430357299726916,0.0001708735542323803,0.003865811960800239,0.0007771341560396878
0.7489164,0.6127158,0.6058133,0.9444444,0.58489347,0.59229195,0.9,0.40258622,0.4217418,0.9622642,1.0,1.0,0.4217418,0.4217418,0.46699053,0.43468177,0.4492136,-0.0032979268095525227,-0.0035192703731003407,0.0037924534481902097,-0.006850241184968727,0.0004629456886700594,-0.005112176479663173,0.0032074471127750332,-0.0016061159267288724,0.000626213024447218,0.0,0.0,0.0,-3.8587008835693565e-05,-0.003608562362850075,0.001939844401956791,0.0045670902299104685,0.0008612271046222883
0.9231587,0.9310345,0.43338305,0.42535743,0.42535743,0.9,0.9,0.77846843,0.7861287,0.9622642,1.0,1.0,0.7861287,0.7861287,0.55199057,0.53245956,0.8922137,0.02714597621616489,0.006671830905275047,0.01272824344054037,0.0080023450962645,-0.0015616095322403584,0.0016247165032018684,0.004572311188237519,0.004472962364842239,0.003270166394686107,0.0,0.0,0.0,0.006700754166283022,0.011689436580226134,0.0004897645868686949,0.0015493412446622922,-0.00439732227503741
0.81400967,0.7219333,0.83521014,0.9444444,0.8259664,0.6869545,0.9,0.57905656,0.5988513,0.9622642,1.0,1.0,0.5988513,0.5988513,0.40574056,0.7813485,0.44621363,0.0145270702324488,0.001337633350137598,-0.006347504058725958,-0.0025113173483327757,0.0022047781287342612,-0.002535040910602437,0.005014912764193174,0.005494007825938926,0.004836545075768373,0.0,0.0,0.0,0.0050420665877252205,0.00902945884694003,0.0029949070511849072,-0.01544436972517128,0.0008867369994149558
0.8607462,0.8409027,0.5768556,0.9444444,0.67352206,0.8128726,0.9,0.53552717,0.55021703,0.9622642,1.0,1.0,0.55021703,0.55021703,0.39699054,0.4191263,0.7452136,0.020584679054280155,0.001967791874417947,0.007487470853576958,-0.005346960460240614,0.0013868255398341578,0.0007387652589944288,0.005243202223649856,0.004231480375487504,0.003446710480591951,0.0,0.0,0.0,0.005650865707706589,0.005872919766717008,0.0005723321440237742,0.003603369299514553,-0.0033706971733856554
0.9231587,0.9310345,0.33884752,0.33257255,0.33257255,0.9,0.9,0.6937625,0.70301354,0.9622642,1.0,1.0,0.70301354,0.70301354,0.6694905,0.5491263,0.6602137,0.023560837597970976,0.004910979819976865,0.016988944259256032,0.009859195747921911,-9.61120342073839e-05,0.0010156629818221308,0.004173494548701589,0.004735480482011837,0.0038668572911060963,0.0,0.0,0.0,0.00784015496287392,0.009046322886298318,-0.002244610567978802,0.0010575708648165917,-0.000516657773246322
0.7521799,0.7872722,0.85637504,0.9444444,0.9444444,0.7610298,0.7610298,0.4290566,0.45026752,0.9622642,1.0,1.0,0.45026752,0.45026752,0.52449054,0.38468182,0.5652137,-0.007635603959218327,0.0009152865784644415,-0.010539153294116794,-0.0032656899338003864,-0.0016555680866830725,0.0001645991733693355,-0.0025815688753600165,0.0006326550923190967,0.00029134828007751747,0.0,0.0,0.0,0.0028208404428217136,4.4803289559880445e-05,0.000873302814169345,0.004219683831264727,0.001414585230330551
0.9231587,0.9310345,0.37041944,0.3635598,0.3635598,0.9,0.9,0.69729185,0.70478183,0.9622642,1.0,1.0,0.70478183,0.70478183,0.51074046,0.55357075,0.80521363,0.02769587236396888,0.004690522911426008,0.014590213313402272,0.009686675546989926,0.0014039497609861678,0.001067159904412683,0.0037104980723827994,0.0036485311795206514,0.004629206799208781,0.0,0.0,0.0,0.008337552720563152,0.010616247817545625,0.0013188937438758266,-1.2081314371767959e-05,-0.003600230378042989
0.8066087,0.8511092,0.746805,0.96959347,0.9762011,0.9,0.9,0.33140934,0.34814703,0.9622642,1.0,1.0,0.34814703,0.34814703,0.5132405,0.5291263,0.2942136,0.011600535292421603,0.0027651814722788764,-0.0006536231618769364,-0.008549306098525639,-0.007267680789656144,0.00021981734115768842,0.004487239048324336,-0.007418631227382133,-0.007314586249073497,0.0,0.0,0.0,-0.00680014030071792,-0.013859990195345335,0.0014298399646845996,0.0029359406951372288,-0.002552875997967048
0.81074613,0.672968,0.7109546,0.6977888,0.90442353,0.9,0.9,0.5819977,0.5992198,0.9622642,1.0,1.0,0.5992198,0.5992198,0.44699055,0.48690403,0.7232137,0.015064452385539731,0.001337402509499764,9.779444893593613e-05,0.003565889056822643,0.0004689921895683297,0.000649220733579504,0.006412337977573621,0.005079955197513377,0.005164870290730954,0.0,0.0,0.0,0.006324615322990918,0.00841110708655421,0.0012723670702725598,0.0026046317678232833,-0.004966089219823559
0.86488366,0.50921416,0.5713473,0.9928678,0.5991768,0.9,0.9,0.54140943,0.5566123,0.9622642,1.0,1.0,0.5566123,0.5566123,0.3169905,0.6624596,0.58521366,0.02347453946914714,-0.007261011634319752,0.00542269617894336,-0.010462379382793659,0.0001394985356182854,-0.0004334745313868141,0.00414290988939537,0.004788731951085865,0.003969181724029425,0.0,0.0,0.0,0.006740905510938846,0.007096818813161067,0.0005737143166672248,-0.004783170777962119,0.0020208926012232706
0.9231587,0.9310345,0.4738059,0.4650317,0.4650317,0.9,0.9,0.9114096,0.92155087,0.9622642,1.0,1.0,0.92155087,0.92155087,0.5644905,0.81134856,0.84521365,0.024984421658532124,0.005845573469880233,0.008764488010665919,0.006114369772130277,-0.001623125546249756,0.0010587815387646303,0.0034703166078026136,0.010548740320202903,0.0023496709991425446,0.0,0.0,0.0,0.007914624245274993,0.01903810900575132,2.4061174986747466e-05,-0.01229007722494046,-0.0023428105604067343
0.63353175,0.55483997,0.8221732,0.9444444,0.95026696,0.90037495,0.9,0.6943507,0.69741243,0.9622642,1.0,1.0,0.69741243,0.69741243,0.4569906,0.49579293,0.8332137,-0.02737057689959038,-0.0023757599579871647,-0.008305481284370562,-0.003939100679996489,0.0028912884970369087,-0.0005463737981263823,0.006904479630835463,0.008063229572709031,0.005758875534056798,0.0,0.0,0.0,0.0060275447332625385,0.010878112494928635,0.0010856999664627463,0.0023424246148690026,-0.009611768070225516
0.47910288,0.5475825,0.7899372,0.9444444,0.72185796,0.6101727,0.9,0.21199776,0.22906369,0.9622642,1.0,1.0,0.22906369,0.22906369,0.1982404,0.42134845,0.36721364,-0.07265407442299159,-0.0042039330847910275,-0.00881947086494093,-0.0077303897249499124,0.004482862637601586,0.0032211603186984776,0.0025290592709506336,-0.019257836633880695,-0.013775284296912044,0.0,0.0,0.0,-0.022162097087812964,-0.02810346538225685,-0.0027943158389692998,0.0037189619449972473,-0.002373933306874776
0.6906414,0.7996218,0.9288377,0.911637,0.9444444,0.9,0.8227389,0.087880075,0.10497853,0.9622642,1.0,1.0,0.10497853,0.10497853,0.3644905,0.14134842,0.33421364,-0.023941434365210113,0.003707227916713246,-0.02501993345416067,-0.0033397363261000223,-0.012326041629640325,-0.0004998829529573811,0.0011692843769669024,-0.042582018665112215,-0.03485334115309268,0.0,0.0,0.0,-0.051411849177961315,-0.0454774946468475,-0.0003585526222834684,-0.01012365646999339,-0.003505153361212343
0.8873779,0.73751277,0.7108926,0.6977279,0.9444444,0.9,0.76664054,0.5078803,0.5243257,0.9622642,1.0,1.0,0.5243257,0.5243257,0.6507405,0.38468182,0.5402137,0.023393383849562698,0.0025590258910421536,-0.0008861216448959785,0.0027877169630231248,-0.003510748059958589,0.000846573844562353,-0.0016949502739412503,0.0036454851640726404,0.003563955987594977,0.0,0.0,0.0,0.004617841162757073,0.0035036123910247865,-0.0014604992010098716,0.005618302846851637,0.0013933144847323366
0.606026,0.6409232,0.8939639,0.877409,0.9444444,0.9,0.6677118,0.63964486,0.6498985,0.9622642,1.0,1.0,0.6498985,0.6498985,0.48449057,0.6524596,0.6412138,-0.035113862400424856,-0.0010364902524285123,-0.01419498984452636,-0.001350175585480881,0.001555499098103884,-0.00040142557904870033,-0.011752880078353534,0.011539262917109,0.0071856117653466625,0.0,0.0,0.0,0.008775860791558725,0.011632150362917194,0.0010132201998316584,-0.00494399165469765,-0.00036671840847546746
0.8095808,0.8198062,0.70733833,0.9444444,0.9444444,0.79247934,0.84992,0.23611529,0.25591147,0.9622642,1.0,1.0,0.25591147,0.25591147,0.43699056,0.15468185,0.53121364,0.010212180014193719,0.0020922597235552925,-0.00126805648165543,-0.002407201575853358,-0.012307634330468562,0.00011053818413889245,0.002669828721506001,-0.015916583761057913,-0.01862815239809477,0.0,0.0,0.0,-0.019579675696872297,-0.02400065483509979,0.0006677320663852443,-0.007028762610299423,0.0019714174788273793
0.7947789,0.7512667,0.674147,0.9444444,0.9444444,0.7262245,0.67271996,0.65729207,0.67301357,0.9622642,1.0,1.0,0.67301357,0.67301357,0.6507405,0.5391263,0.6412137,0.006347121102749767,0.001773358737684051,0.0006607148114001113,-0.0041695993352793255,0.00045204450582384643,0.0002880006361423797,-0.012162770920345498,0.008316223739661854,0.004948132701542244,0.0,0.0,0.0,0.008459562590877528,0.013181154745905895,-0.003790090818827638,0.0005668690877477448,-0.0015521370673221254
0.54477894,0.5711425,0.7304525,0.9410746,0.7071406,0.9,0.9,0.3914095,0.41080433,0.9622642,1.0,1.0,0.41080433,0.41080433,0.37574053,0.5724597,0.37921363,-0.061310334246254164,-0.006275388478308912,-0.00141241816811767,-0.009903427132309302,0.003846889624282235,-0.0010208641704604893,0.002954808436985826,-0.005212106572045614,-0.0008037061286427172,0.0,0.0,0.0,-0.0016754072491947834,-0.007914516036258144,0.0011435152325154998,0.0001832230933055009,-0.0020603269698094263
0.848625,0.5999599,0.76185924,0.9444444,0.9444444,0.79673856,0.5799613,0.3843506,0.3991947,0.9622642,1.0,1.0,0.3991947,0.3991947,0.5519905,0.5724597,0.30021363,0.015011371232315369,-0.0034524142790671435,-0.000692657554113896,-0.0052162290649227375,-0.003872172902119915,0.0009184054713462232,-0.016221297954530554,-0.000493115603227213,0.0005284413273080607,0.0,0.0,0.0,0.0007476619661284904,-0.004811024953404811,-0.0002657710890495363,0.0006110077101699807,-0.003460435162498249
0.8870866,0.8209108,0.8262102,0.94615734,0.9928678,0.9,0.9,0.5443508,0.5591842,0.9622642,1.0,1.0,0.5591842,0.5591842,0.43949056,0.62690413,0.5712136,0.024549991210484845,0.00345627353146578,-0.006872126180417734,-0.0038048246695336495,0.00021874973300727593,0.0006016141305516179,0.0056472314173527,0.0037973838855377318,0.004918723741804896,0.0,0.0,0.0,0.00624829012378912,0.006814088684447585,0.001566196774444399,-0.0024227717533007067,0.0009402791489893896
0.7876693,0.81457967,0.68502146,0.67233586,0.9444444,0.9,0.787427,0.5696447,0.57944655,0.9622642,1.0,1.0,0.57944655,0.57944655,0.6507405,0.5480152,0.5652137,0.009826492574610195,0.003484116848090437,0.00036653859495851975,0.0048656029064244434,-0.0009634944917962997,0.0003113739441308808,-0.0010867052304402809,0.005330157063254343,0.004326105735476314,0.0,0.0,0.0,0.006156355934708072,0.007817688764526744,-0.0018604568981492747,0.001078103787509414,0.0006180728014201213
0.814301,0.9084271,0.44596267,0.9444444,0.43770412,0.8781462,0.9,0.6814095,0.69129264,0.9622642,1.0,1.0,0.69129264,0.69129264,0.74824053,0.40245956,0.6622137,0.00858461295674465,0.004567752027286807,0.010098579234406092,-0.005410541223401569,0.0004889234072294438,0.0006188514306950755,0.0043685865938226974,0.008125618514429146,0.004742392647672531,0.0,0.0,0.0,0.008055546688132395,0.010571166898530899,0.00019938069543934408,0.004527408960831548,0.0002132381777617352
0.85631734,0.27592868,0.79631156,0.9444444,0.9530919,0.9034291,0.9,0.4249389,0.43512014,0.9622642,1.0,1.0,0.43512014,0.43512014,0.34574044,0.38468182,0.7452136,0.02070643099731765,-0.022461850625438595,-0.0035499967489813155,-0.002868167403103636,-0.002879731605719828,-0.0006411500085047075,0.0027935310656930718,-0.0002718299913635765,0.0029020403255919907,0.0,0.0,0.0,0.002888656522424242,-0.0010507563450913543,0.0005008827367341724,0.005511190277610167,0.0007438272546733062
0.8521798,0.62373585,0.79034954,0.77571344,0.9444444,0.9,0.55313945,0.39435062,0.41581476,0.9622642,1.0,1.0,0.41581476,0.41581476,0.42699057,0.4502374,0.4622136,0.018850625479073412,0.0006164189915439369,-0.005097325452353136,0.003979272415885638,-0.0026762957242096354,-0.0006250532944025544,-0.0207504328468593,-0.0006583298294619378,-8.582598938518683e-05,0.0,0.0,0.0,0.001188360345020598,-0.003798702455036047,0.0013293350673045754,0.004634508691926223,0.0031435250238343202
0.8989164,0.73751307,0.66006863,0.9444444,0.9928678,0.71292925,0.9,0.58964473,0.60615826,0.9622642,1.0,1.0,0.60615826,0.60615826,0.42074054,0.7169041,0.5992136,0.02753755580502469,0.0033435776478624936,0.002704686813298537,-0.0038572243168140253,-0.002219361655743607,-0.0012392714473078935,0.00509219876400731,0.00669931725324496,0.006047672525080052,0.0,0.0,0.0,0.007135344787498597,0.01106134190044309,0.0028740086536513743,-0.007097422817641692,0.0011213432770027043
0.79448754,0.66261613,0.9681966,0.9677255,0.92747635,0.9,0.9,0.58493894,0.58405405,0.9622642,1.0,1.0,0.58405405,0.58405405,0.8294905,0.3813485,0.5992136,0.00913984587543046,0.0020989276622795923,-0.021622842487201577,-0.0030297073354514674,0.0005201057690384691,0.0012556273929639377,0.0054379454604167685,0.009063301788562269,0.0061372911555517915,0.0,0.0,0.0,0.00794594882137287,0.007042535985126206,-0.014022699365413362,0.006174797296961814,0.00141226157729257
0.7332404,0.7581056,0.76729876,0.94465274,0.9444444,0.9,0.7328354,0.842586,0.85586864,0.9622642,1.0,1.0,0.85586864,0.85586864,0.5932405,0.74245965,0.7772137,-0.006077780999142388,0.0020121681719311706,-0.003406005143796734,-0.0036284788511462994,0.002209872666266167,-0.00042797072441137817,-0.006598471459124234,0.012140786927138643,0.007140404304499195,0.0,0.0,0.0,0.006317418655272991,0.020933658125575447,-0.0004322324976096377,-0.012612141876791227,-0.00748141010703336
0.82170194,0.73751277,0.7675884,0.7533738,0.9116092,0.9,0.9,0.43611538,0.45372862,0.9622642,1.0,1.0,0.45372862,0.45372862,0.14199042,0.41134846,0.73321366,0.016321050317157134,0.0012687534714427027,-0.004071644609478054,0.0020462181281290484,-0.0015575265039444747,0.00010459118807454041,0.005707101585015323,0.0023028094836877264,0.0014637753314136939,0.0,0.0,0.0,0.0038827513819327452,1.598322882652714e-05,-0.008270840850344536,0.004246326851503223,-0.0021639735429352176
0.87199324,0.37867948,0.7978033,0.9444444,0.80721444,0.8694574,0.9,0.51788014,0.53340775,0.9622642,1.0,1.0,0.53340775,0.53340775,0.57449055,0.46912628,0.5622136,0.021619860991840927,-0.018251711355651293,-0.003908749545914819,-0.003511387427730348,0.002453488699722799,0.0005156449367006522,0.0033251956165914896,0.004700570708171892,0.003191110994815555,0.0,0.0,0.0,0.005530299816765505,0.004899138933405364,-0.002033778201476344,0.0027593242099986574,0.0021914349580006826
0.9140097,0.79279333,0.7980808,0.87387097,0.9444444,0.9,0.76636684,0.22023302,0.24060586,0.9622642,1.0,1.0,0.24060586,0.24060586,0.24074042,0.12357076,0.61521375,0.03406884674245246,0.0013908896343557504,-0.006887324599925752,0.001757260229310634,-0.007506764469207454,0.00034078193768922815,-0.0003357009938539372,-0.013905983075760013,-0.018375394483628255,0.0,0.0,0.0,-0.02222660510249056,-0.02434550614155248,-0.006373373038369303,-0.009790253333161913,0.0014325444556228665
0.7296856,0.3062697,0.9082852,0.9444444,0.9928678,0.957162,0.9,0.6019979,0.6123237,0.9622642,1.0,1.0,0.6123237,0.6123237,0.6257405,0.5502374,0.6062137,-0.00784736154915794,-0.026485202958498533,-0.01318345297859252,-0.0027404138046848853,-0.0004589999763478613,-0.0004966610201048728,0.003693444938798165,0.011424251935821075,0.005153258584971252,0.0,0.0,0.0,0.008372316218266274,0.011145621503549294,-0.004333470323683627,-0.001719722310526783,0.0027400903882303473
0.9110375,0.5286538,0.599307,0.9463495,0.6360046,0.9,0.9,0.5690566,0.5849299,0.9622642,1.0,1.0,0.5849299,0.5849299,0.5882405,0.5524596,0.5782137,0.02948585466476887,-0.0074347498802465935,0.004208302596116185,-0.004872963355275905,0.0021517575735133733,0.0009336251808361537,0.004432290123974812,0.006478879196371235,0.0033544039085335224,0.0,0.0,0.0,0.006807300697245576,0.009152678482584595,-0.0006180567824759683,0.0004446971975331831,0.0015333689410797038
0.9231587,0.9310345,0.34515887,0.33876705,0.33876705,0.9,0.9,0.6743506,0.6816991,0.9622642,1.0,1.0,0.6816991,0.6816991,0.6894905,0.66579294,0.5742137,0.025873280579210053,0.007251554730869827,0.016216201362183845,0.007442256546610559,-0.0024523377440739346,0.0014953307611161176,0.004789577850770088,0.002885095683407908,0.0020374773664974043,0.0,0.0,0.0,0.004911166373233854,0.007376422413681308,-0.003916736002397301,-0.005840587878815136,7.71591494004581e-05
0.8675645,0.8378786,0.77697873,0.9444444,0.9444444,0.80994934,0.7597661,0.5484682,0.5603365,0.9622642,1.0,1.0,0.5603365,0.5603365,0.5107405,0.48690403,0.6292137,0.01877727837678832,0.0013247094893496332,-0.005055035953858429,-0.0028981016630466924,0.00013395898140001943,0.0009052671483744015,-0.0010538634725574525,0.0029447035410895806,0.0044522828806819684,0.0,0.0,0.0,0.0049817924654895354,0.005467457170259922,0.0015919668257880315,0.0032520480963109015,-0.001721468966361721
0.49833372,0.46170586,0.8976913,0.9444444,0.9762011,0.84684366,0.9,0.15964486,0.18292521,0.9622642,1.0,1.0,0.18292521,0.18292521,0.3844905,0.3624596,0.1992136,-0.07805009665706185,-0.00959892487085793,-0.019278071172720627,-0.008955305852593683,-0.012341474906166588,0.0008720652372158358,0.002581089354774627,-0.03705363098031502,-0.023210472010981986,0.0,0.0,0.0,-0.0357244117309589,-0.03864627926418249,0.0015679407072805235,0.0020509268711711706,-0.010719706012395953
0.8066087,0.38892126,0.6371641,0.6253648,0.9463495,0.9,0.9,0.5037624,0.5214078,0.9622642,1.0,1.0,0.5214078,0.5214078,0.44949055,0.51357067,0.61321366,0.00681260657730512,-0.013811994525266243,0.002070537830253018,0.002888089296837726,-0.0031654164025306415,0.001623804772261339,0.002383505530837213,0.0030452288124099736,0.004095664019810129,0.0,0.0,0.0,0.004928698330944962,0.0038698775111490817,0.0023228743486564097,0.0030876300289381458,0.0005890922408231971
0.66727316,0.71043587,0.79609245,0.9444444,0.9762011,0.8694574,0.9,0.4437625,0.46132737,0.9622642,1.0,1.0,0.46132737,0.46132737,0.5319906,0.32023737,0.5452136,-0.025780688143703823,0.0009754305115599142,-0.004355437718381748,-0.004353793143326446,-0.006478739959565285,0.00023589119214109279,0.004085306218306723,0.0010454894818250093,0.001414113113552633,0.0,0.0,0.0,0.004113827669336146,0.00021070914281798192,0.0005415996740608576,0.005317392217572357,0.0020629342160188107
0.54448754,0.5165631,0.9383463,0.9444444,0.9444444,0.6097455,0.63999856,0.44199786,0.46371555,0.9622642,1.0,1.0,0.46371555,0.46371555,0.42574054,0.406904,0.6112136,-0.05495077290791009,-0.002912072915230247,-0.018895719591777178,-0.006130623872294995,-0.0027666847628532686,0.001980333712898812,-0.008222446952775188,-0.0006452707361220734,0.0004426986822607479,0.0,0.0,0.0,0.0037455052113486258,-0.00027023604846541536,0.0028456215228974276,0.005545854393137214,0.0008712782873855776
0.92228466,0.8511092,0.71127933,0.9444444,0.6034711,0.8227389,0.9,0.31611544,0.33710083,0.9622642,1.0,1.0,0.33710083,0.33710083,0.52449054,0.45690408,0.1992137,0.03433781927538626,0.002548863222593472,0.0013951900864382317,-0.006776522108980787,0.0032347280915803645,0.0006103827131651049,0.0016280629926268316,-0.0050604020916186696,-0.0025308087249022028,0.0,0.0,0.0,-0.003530831865442347,-0.009844352796385515,0.003260944524933137,0.003803697926100165,-0.0067534241521791175
0.8992077,0.8409027,0.77193147,0.9149131,0.8701212,0.9,0.9,0.5143508,0.5325673,0.9622642,1.0,1.0,0.5325673,0.5325673,0.3532405,0.3080152,0.7922137,0.023009949206709904,-0.000798603130677623,-0.0029244573485922055,-0.0023425446360944018,0.0012838738672789713,0.000983452372273129,0.0038011451284186205,0.0034883933351400366,0.0036009627173679464,0.0,0.0,0.0,0.005667810745401287,0.004391509384673295,-0.0008331937166826407,0.004586479817926647,-0.006197605364950348
0.72170204,0.7229133,0.54290086,0.9444444,0.9444444,0.7404855,0.69881624,0.49846816,0.5047546,0.9622642,1.0,1.0,0.5047546,0.5047546,0.40824056,0.51912624,0.6572136,-0.00870546912813703,0.0016902445352809548,0.005979709873678894,-0.003858658969519453,-0.0036842140351759567,0.0016045063701746929,-0.00805319335984788,0.003616337355235257,0.003643789899378076,0.0,0.0,0.0,0.004941048264973756,0.003569047000058608,0.001492167089861845,0.001823982736158396,-0.000663934647871795
0.8329491,0.71064264,0.9191202,0.9444444,0.9410746,0.84992,0.9,0.5319978,0.5486478,0.9622642,1.0,1.0,0.5486478,0.5486478,0.56699055,0.28690392,0.7212137,0.014096210547779542,0.0016764180173064638,-0.016209370416423622,-0.002321051437212538,0.0006235599576523244,0.0006425722264527134,0.005280140793706538,0.005224433366963231,0.0049267343142189975,0.0,0.0,0.0,0.007433191971269175,0.004876859253723009,-4.026453414247765e-05,0.006311855108817306,-0.0030641963601524976
0.83796054,0.46167153,0.68232393,0.91103846,0.6363926,0.9,0.9,0.48611563,0.5056794,0.9622642,1.0,1.0,0.5056794,0.5056794,0.62949055,0.3402374,0.5782136,0.011864635292483869,-0.009668155966907533,0.0015171407247994832,-0.0031631373400273044,0.0014011215723192133,0.0004325161008477911,0.0024566449865417654,0.0023421686488049108,0.003938377726815857,0.0,0.0,0.0,0.0053389704436768385,0.002627344184233828,-0.0005363106908937437,0.007443885534524764,0.0014385329596118726
0.8601635,0.6576708,0.7508169,0.7369129,0.9444444,0.9,0.63574845,0.1478801,0.16944931,0.9622642,1.0,1.0,0.16944931,0.16944931,0.18324053,0.37579292,0.29421368,0.02038876710197971,6.932630562452948e-05,-0.004949287360197084,0.004851133008016904,-0.010028402826124634,0.00011481265496616323,-0.005055434720897031,-0.024707902879788256,-0.024594959729838987,0.0,0.0,0.0,-0.03322192980399529,-0.04322784770587343,-0.008796406352473737,-0.0017782915695410944,-0.0020680441220307104
0.7066087,0.5787755,0.8680168,0.9444444,0.7811875,0.84992,0.9,0.44082138,0.4630568,0.9622642,1.0,1.0,0.4630568,0.4630568,0.55574054,0.5680152,0.44621363,-0.017968798800375708,-0.005389338589056297,-0.013673435522344042,-0.00710264169535725,0.002543366653248714,0.00027953019989472865,0.003352357118925868,0.00020100408219892978,0.0022900936379243865,0.0,0.0,0.0,0.003316846525623613,0.00030507485060026987,3.782033460140989e-05,-0.00012129033421785014,0.0008790569909049205
0.89151543,0.89943874,0.39191148,0.9444444,0.38465384,0.8694574,0.9,0.58082134,0.5967605,0.9622642,1.0,1.0,0.5967605,0.5967605,0.51949054,0.5569041,0.67421365,0.019280245759632983,0.0059310318540772835,0.01062267575811595,-0.0055110827653482445,-0.0016733368467408444,0.0004923008993844709,0.004481927899603704,0.004151765975652789,0.001749845535883296,0.0,0.0,0.0,0.004272661680991372,0.005111598322094964,0.0008580185977311877,0.000448577999547612,-9.888415671806538e-06
0.9231587,0.9310345,0.4342797,0.4262375,0.4262375,0.9,0.9,0.88964486,0.8846589,0.9622642,1.0,1.0,0.8846589,0.8846589,0.7944905,0.815793,0.6722137,0.02599075974714389,0.008428993806650707,0.01256252871153714,0.005944354612864451,-0.0038239118233298047,0.0018026851514397924,0.002248827012170449,0.009944469524642174,-0.0006623017426018524,0.0,0.0,0.0,0.0031356353020478567,0.014951287128214887,-0.006226555498237533,-0.013235594274080591,-0.0006248468943708019
0.8261308,0.41317475,0.80593574,0.9444444,0.9444444,0.8103763,0.39940226,0.70964485,0.7217939,0.9622642,1.0,1.0,0.7217939,0.7217939,0.6044905,0.7469041,0.5282136,0.012318904932905361,-0.013546772516652532,-0.005284048449923226,-0.0034987248797896174,0.001057929323742412,0.0009314540912408174,-0.03637947579307084,0.01139702456462128,0.005907235670847883,0.0,0.0,0.0,0.008735412117581769,0.012456481219680415,-0.0031436656483432622,-0.013575948232908214,0.0014679975698158904
0.87968564,0.79279333,0.5964688,0.9444444,0.9444444,0.76636684,0.76636684,0.6902331,0.7061117,0.9622642,1.0,1.0,0.7061117,0.7061117,0.5069906,0.60468185,0.75321364,0.02279796708865701,0.0035360340120045657,0.003833431265185927,-0.0039361275207230526,0.0006847160189671246,0.0008142837534915196,-0.0007007279852363183,0.009779737891028662,0.004009545166896442,0.0,0.0,0.0,0.005094327545141563,0.013876147371663195,0.0013727231854176406,-0.0028590350607708166,-0.004230967727175625
0.7172731,0.23637979,0.9020078,0.9444444,0.9463495,0.7400306,0.9,0.37493885,0.39444834,0.9622642,1.0,1.0,0.39444834,0.39444834,0.25199044,0.51245964,0.5712137,-0.009958431228386088,-0.032380169834604726,-0.013884298599702654,-0.004797638040367368,-0.0014166239902467972,0.0021824190583255697,0.003961108735113264,-0.006021651026631338,-0.0003779420659488602,0.0,0.0,0.0,-0.001417519572572884,-0.008001233783185117,0.0023856309133456982,0.004076696746007599,0.0025843139699605515
0.8758395,0.6857059,0.7304438,0.71691704,0.9444444,0.9,0.66284907,0.17199752,0.19085188,0.9622642,1.0,1.0,0.19085188,0.19085188,0.37574053,0.43690395,0.12621355,0.02731036143310563,0.0007209708780325373,-0.0013511225925270211,0.006916563373376413,-0.010901560446566988,-0.00014601840690562571,-0.004490578413215788,-0.02162415038379276,-0.019667213222969163,0.0,0.0,0.0,-0.02743171420813655,-0.03283845528134485,0.0013078529296716246,0.0018545932301454377,-0.016706378306466298
0.5095808,0.5286538,0.8321701,0.8167596,0.9928678,0.9,0.9,0.50670356,0.5231013,0.9622642,1.0,1.0,0.5231013,0.5231013,0.6019905,0.39134842,0.48021364,-0.06332619493692813,-0.007728157307553702,-0.006871159298728794,0.0030413535680744665,-0.00452936720702108,-0.0006772707105778508,0.00376770974701021,0.006760999923401816,0.005636452244567507,0.0,0.0,0.0,0.008409771874805932,0.00678710752197635,-0.0023709594925825773,0.0061704970815953004,0.0014673731636584957
0.76045483,0.7409425,0.730245,0.8055721,0.9444444,0.9,0.7162444,0.41788,0.4343407,0.9622642,1.0,1.0,0.4343407,0.4343407,0.42699057,0.35245958,0.5782137,-0.00167365023924805,0.0017271064883168322,-0.0009163407493621188,0.0024575695822927172,-0.004007919425302741,-0.0001375427731714787,-0.005678758392263763,0.0018580849136285843,-0.00045067982073468513,0.0,0.0,0.0,0.0015414086727889608,-0.0013103898229462143,0.0009034018820522371,0.0027121414688198397,0.0002031440264793767
0.87199324,0.71043587,0.8582516,0.842358,0.878727,0.9,0.9,0.3655271,0.3744736,0.9622642,1.0,1.0,0.3744736,0.3744736,0.3019905,0.46801525,0.5202136,0.028371942935524013,0.002729943072350636,-0.012485345635903889,0.0014765126263297501,-0.00017382634808461376,0.000433224556599451,0.0023716013524039915,0.0006192469006357173,-0.0034651855852319497,0.0,0.0,0.0,-0.0017510056444804206,-0.0059641734997565796,-0.003800123618021434,0.0032342179190919585,0.0022841694462281178
0.9231587,0.9310345,0.41158718,0.4039652,0.4039652,0.9,0.9,0.77023304,0.7779232,0.9622642,1.0,1.0,0.7779232,0.7779232,0.66074055,0.5491263,0.79121363,0.026812316120956622,0.006256346090962691,0.014141994213399576,0.0062251208579974125,-0.0017721700929339583,0.0013522816466139719,0.004463608821412351,0.005922099819770382,0.0032190443986307975,0.0,0.0,0.0,0.006572963826215369,0.012389120877172357,-0.00262445006465197,-0.00027353897232164717,-0.0022741446580863533
0.84891635,0.58626735,0.729701,0.94615734,0.6738299,0.9,0.9,0.44729188,0.46611625,0.9622642,1.0,1.0,0.46611625,0.46611625,0.5944905,0.5524596,0.40621367,0.019595039885499977,-0.005041621253722466,0.00047341758985123357,-0.005516061142023834,0.0026758534177557403,0.00025371243131785715,0.004770355834716434,0.0012672168786187637,0.0035646234025141564,0.0,0.0,0.0,0.004870489696750851,0.0014245430157505032,-0.0011232191675964187,0.00101562207581556,-0.0003588627478612612
0.9231587,0.9310345,0.21014902,0.20625737,0.20625737,0.9,0.9,0.54140955,0.55897826,0.9622642,1.0,1.0,0.55897826,0.55897826,0.45074052,0.58468187,0.5622136,0.02986555607641828,0.005545928402774178,0.020690364907193396,0.012587571991549341,0.0096545971913578,0.0010032405438309914,0.004976348237125843,0.0038296575744464307,0.004450470274124663,0.0,0.0,0.0,0.0072040261244466115,0.006572013072827661,0.001620530514979448,0.0014597404099538397,0.0007700289194547083
0.7450702,0.7341266,0.64262027,0.9015216,0.9444444,0.9,0.70965576,0.4114095,0.43202618,0.9622642,1.0,1.0,0.43202618,0.43202618,0.35699058,0.46801513,0.49621361,-0.004272737263800727,0.0014461089950515136,0.0030738802637331726,-0.0035601157888076494,-0.005433453674896714,-0.0005115313559048743,-0.006169990825591127,0.001203759438063064,0.0012615314226470564,0.0,0.0,0.0,0.0027845781895898996,-0.0013524796861970622,0.00020021585307526416,0.003277064423495105,0.0020449168918995203
0.6607462,0.7655489,0.7148385,0.9928678,0.7840327,0.9,0.9,0.37023297,0.37637615,0.9622642,1.0,1.0,0.37637615,0.37637615,0.25324047,0.38468182,0.6442137,-0.023901064574879727,0.0015494535090376756,0.0006145696283719723,-0.007693287681278565,0.0016911112532370547,-0.00033359227745293813,0.0032760811405260133,-0.004360721292682659,-0.002925416047066381,0.0,0.0,0.0,-0.0051194404219405305,-0.010173748557614626,-0.005082476427532887,0.0050847148033416716,0.001107777693465417
0.8566087,0.97955394,0.8638971,0.847899,0.9444444,0.9,0.9469021,0.5319979,0.5424506,0.9622642,1.0,1.0,0.5424506,0.5424506,0.5982405,0.42134845,0.53921366,0.019459512893551936,-0.002173726063161916,-0.012366259287743145,0.00045519075501100956,-2.36335381705469e-05,0.0006248085105777022,0.005892797775744256,0.005232772162500946,0.005873599666005404,0.0,0.0,0.0,0.007531709905172664,0.006626737619697619,0.001507190854700802,0.003248016623587289,0.0012245774706198204
0.8483338,0.56187344,0.9214881,0.9677255,0.9762011,0.9,0.9,0.50905657,0.5136334,0.9622642,1.0,1.0,0.5136334,0.5136334,0.63949054,0.4291262,0.5452136,0.01662994803074718,-0.0065417849312856165,-0.015174674953957303,-0.002925256988192651,0.0006995177272185775,0.000490367671310176,0.005268036648304837,0.0036072352213191287,0.003260006153743656,0.0,0.0,0.0,0.004553081840131644,0.003157431900418067,-0.005006220555650145,0.005262391658264753,0.0010928076778695215
0.75660866,0.7578755,0.7280126,0.9444444,0.70149153,0.80964357,0.9,0.2855273,0.30199572,0.9622642,1.0,1.0,0.30199572,0.30199572,0.31449044,0.33245966,0.50121355,0.0032268259087660355,0.0019465034910929118,-0.0011847117896566684,-0.004789071324818487,0.004474962269432336,0.0007067520135519195,0.0024609075408260333,-0.00921470638728843,-0.010370995658001725,0.0,0.0,0.0,-0.01454120617774355,-0.01821017024436107,-0.003006672942690093,0.0017433026021519567,0.001493724286555908
0.87199324,0.657647,0.5314707,0.9444444,0.5216286,0.63572544,0.9,0.69082123,0.70499283,0.9622642,1.0,1.0,0.70499283,0.70499283,0.6482405,0.43023735,0.7722137,0.02093477858399533,-0.001098022747356707,0.005983120482659012,-0.0038886224467400816,0.0007637234935427392,-0.0038516920848556697,0.005561767640807513,0.008031911475659731,0.0027472632692195076,0.0,0.0,0.0,0.0050054331782534225,0.010714865445919985,-0.0019371383465494835,0.005305132345921491,-0.00017016397818345058
0.8453616,0.8792275,0.79757285,0.78280294,0.9444444,0.9,0.957162,0.28788006,0.30406976,0.9622642,1.0,1.0,0.30406976,0.30406976,0.65449053,0.29690403,0.21121359,0.018354982629155928,0.0035980856562753817,-0.006568573000836591,0.0056713317345164225,-0.012151504947395173,0.0017954470025290349,0.0031974337786553437,-0.010895247558843347,-0.009166894149394741,0.0,0.0,0.0,-0.011712932770818694,-0.014940445359263324,-0.0009585889506513333,0.00023684827005925724,-0.0041863914876320955
0.7444876,0.54483056,0.88656104,0.9928678,0.8996828,0.9,0.9,0.4367035,0.45013765,0.9622642,1.0,1.0,0.45013765,0.45013765,0.3644905,0.38690397,0.6292137,-0.005624195574238149,-0.004013170643691837,-0.015362857894171928,-0.006903842404173779,0.0031748657143270413,-0.0007616348122402832,0.002583355908287536,0.000560891824804983,0.0016594265927133839,0.0,0.0,0.0,0.0034007178768146896,-0.0009146478013340059,0.0003348831327335527,0.0055742279012835376,0.0018655321991891656
0.8566087,0.7825815,0.78110147,0.7666366,0.915114,0.9,0.9,0.45846826,0.47775227,0.9622642,1.0,1.0,0.47775227,0.47775227,0.3019905,0.545793,0.59021366,0.018165419319445587,0.001765466017378251,-0.005854156704965256,0.0012320677467733566,-0.0007307720704757794,0.00028503923269359606,0.003684702013560189,0.002338591912152037,0.002268623351442539,0.0,0.0,0.0,0.004311990843376541,0.0025512255498541703,-0.002227429080290394,0.00137209537920384,0.0002310999020892994
0.8489164,0.78933716,0.6904959,0.6777089,0.9444444,0.9,0.7030904,0.3361152,0.35673225,0.9622642,1.0,1.0,0.35673225,0.35673225,0.23824048,0.5235707,0.4372136,0.019010130375397203,0.0015289155983308938,0.0016774264718622848,0.0024975601125877002,-0.005144190150459322,4.8066841214155846e-05,-0.005281174930979067,-0.003549866213226598,-0.005189453765141972,0.0,0.0,0.0,-0.003920994850049595,-0.0103839359116291,-0.005381297684603987,0.0026279491049319282,0.0027203169157266655
0.79565287,0.5304656,0.7241369,0.7107269,0.8029427,0.9,0.9,0.54788005,0.56508005,0.9622642,1.0,1.0,0.56508005,0.56508005,0.5494906,0.55134845,0.61321366,0.005798676213021261,-0.007023374657562447,-0.0029999515996030524,0.003115360793481145,0.0022251686606301075,0.001127337679854331,0.0029708240799900063,0.005227347054698217,0.003975858254485337,0.0,0.0,0.0,0.005560180021430239,0.007158295341045547,-0.00046167625032170765,0.00026217187687452,0.00020070925072956505
0.9219934,0.7578755,0.53501064,0.9444444,0.9444444,0.73261297,0.66286594,0.3155272,0.3358914,0.9622642,1.0,1.0,0.3358914,0.3358914,0.33574045,0.57023746,0.28421363,0.03904837465358347,0.0025237685504690644,0.005661692498164852,-0.004597845343503176,-0.006545481112391891,-0.0005368996510007523,-0.004794856970457528,-0.0028566350612476196,-0.0026048200603199716,0.0,0.0,0.0,-0.003108704568547784,-0.01329198413072606,0.000217393638364317,0.0008748685809671203,-0.00556011867286272
0.7524712,0.7228815,0.83363724,0.9762011,0.9080723,0.9,0.9,0.57729185,0.5899551,0.9622642,1.0,1.0,0.5899551,0.5899551,0.53574055,0.5569041,0.66921365,0.0022610253708032426,0.002332175498561192,-0.008853606439310283,-0.005739663791934022,0.0014757032141431532,6.060857376773435e-05,0.005180515861644557,0.0066526118185475745,0.00511043994429715,0.0,0.0,0.0,0.007268511380357013,0.008495349456884136,0.0003529516766130089,0.0005448250874654319,-0.0019120655983373654
0.9231587,0.9310345,0.41346014,0.40580344,0.40580344,0.9,0.9,0.7131743,0.7297523,0.9622642,1.0,1.0,0.7297523,0.7297523,0.77574056,0.7735708,0.4902137,0.02293216035350173,0.007857940626092085,0.012018986114336447,0.0068113724436841185,-0.001777232585500494,0.0017888017963272286,0.00345497705196854,0.006324451652622125,0.0026589335440964784,0.0,0.0,0.0,0.005170215293142123,0.010420522592769661,-0.005965207247416533,-0.009708593220847057,0.0010931327477886658
0.9231587,0.9310345,0.2180286,0.21399105,0.21399105,0.9,0.9,0.5308213,0.54804486,0.9622642,1.0,1.0,0.54804486,0.54804486,0.58699054,0.49579293,0.5162136,0.02360478252063776,0.006109968672346585,0.017301732130693907,0.008056456096689334,0.005746770911565689,0.0007503200381457734,0.0044804039307764,0.00190687318840382,0.0030540913822175103,0.0,0.0,0.0,0.003733201908156302,0.0033736805105121746,-5.295099017039591e-05,0.0028325336950950327,0.0006927630831666809
0.40573466,0.58880776,0.85456836,0.9444444,0.9444444,0.957162,0.56932455,0.43611526,0.45312858,0.9622642,1.0,1.0,0.45312858,0.45312858,0.48324054,0.3746818,0.5452136,-0.09702311930406114,-0.003605705306971496,-0.011639270388730551,-0.009028618122090352,-0.005760196732790523,-0.0035908724766122503,-0.020217284751741546,-3.517828391542715e-05,0.00034652727701093373,0.0,0.0,0.0,0.0031845166868687976,-0.0005226049705222305,0.001261918437537583,0.005745605403223056,0.0020928494464916743
0.64093274,0.6857059,0.80162406,0.9444444,0.8558253,0.66284907,0.9,0.32140946,0.34164724,0.9622642,1.0,1.0,0.34164724,0.34164724,0.15699053,0.32023737,0.5952137,-0.03082450643807001,0.002072458739327444,-0.009403757242430711,-0.006136027687462849,-0.0012915899765941063,-0.0014230888241197337,0.0015640973587645896,-0.009090585758186179,-0.01014400524212705,0.0,0.0,0.0,-0.010531520919393786,-0.016617897815024034,-0.008622843632226316,0.0017386842307875402,0.001003493574755723
0.671702,0.61783975,0.8919786,0.89146507,0.898634,0.9,0.9,0.8072919,0.8191594,0.9622642,1.0,1.0,0.8191594,0.8191594,0.6694905,0.5924597,0.83021367,-0.0163476963603175,-0.0009067727159718486,-0.01222252540086367,-0.0011206747690036905,0.002298045746352914,0.0005040440417162175,0.004718173717654384,0.012711068518720678,0.006470092688000069,0.0,0.0,0.0,0.004784234103955042,0.017005833334398215,-0.0022992345119669886,-0.0030591221323981806,-0.006388293266281695
0.8719933,0.60170776,0.64125246,0.9444444,0.9444444,0.84684366,0.576624,0.450233,0.46912912,0.9622642,1.0,1.0,0.46912912,0.46912912,0.18324053,0.48690403,0.71921366,0.02493342120071952,0.0009649386417325266,0.004147586769567441,-0.003027802465407731,-0.0018075945473827472,0.0006705693591784667,-0.018242662501901392,0.002834657226764512,0.0028028114326790602,0.0,0.0,0.0,0.00399464091600886,0.0020658015829931806,-0.005091840190315281,0.0028312047155580433,-0.003241442492272819
0.313427,0.46845713,0.8684043,0.9928678,0.9928678,0.9,0.9,0.4602329,0.47586235,0.9622642,1.0,1.0,0.47586235,0.47586235,0.52074057,0.37023735,0.6342137,-0.1251684930363361,-0.006937956379256978,-0.012820999262171048,-0.01221930948019257,-0.007516676749998052,-0.00046726696746186326,0.004159184473225535,0.003826570747294678,0.0031561880703852062,0.0,0.0,0.0,0.006363896087886542,0.00431706173506955,0.0007915765475456439,0.0061860557089100324,0.003818333340336696
0.90276253,0.7104368,0.67670465,0.9444444,0.6996027,0.6867556,0.9,0.53493905,0.54906434,0.9622642,1.0,1.0,0.54906434,0.54906434,0.29324055,0.48690394,0.7632137,0.029729193430160627,0.00020656944725859643,0.0025298639166684306,-0.004749149558959752,0.0020955478678431685,-0.0010726353253876697,0.005334514942141,0.005913975646198904,0.005929196157742833,0.0,0.0,0.0,0.0077724538860401695,0.008232952392543399,-0.0011856810389762593,0.0027951342403038258,-0.0030349345466882376
0.9107462,0.82111806,0.74984056,0.7359546,0.9463495,0.9,0.9,0.48435065,0.50018466,0.9622642,1.0,1.0,0.50018466,0.50018466,0.5244905,0.56357074,0.42621365,0.029323063448930008,0.0025466924579025966,-0.0008710048709293502,0.003278461431643761,-0.0014927694965645609,0.0008030045439893564,0.004646230770108525,0.0045514249834258625,0.005438013429430888,0.0,0.0,0.0,0.006561266007335665,0.006249237215974767,0.001942596363192129,0.0017373047175239919,0.0018865946416741796
0.82910293,0.7436636,0.79946685,0.9762011,0.9444444,0.9,0.59568113,0.4402331,0.45876482,0.9622642,1.0,1.0,0.45876482,0.45876482,0.6719906,0.25245953,0.5112136,0.012378137851235342,0.0011564596303119212,-0.007160793963741538,-0.005158284254426901,-0.004676871272922264,-0.0003790965327333793,-0.017471944884943948,0.0008484385290455291,0.0004803101388935549,0.0,0.0,0.0,0.0028382427745545003,0.00040778232053636663,-0.004732201843561388,0.005785435265267472,0.0019030975135938908
0.9107462,0.8243242,0.7105781,0.9928678,0.6273189,0.9,0.9,0.47199777,0.48719066,0.9622642,1.0,1.0,0.48719066,0.48719066,0.5107406,0.6280152,0.3582136,0.027448356708136345,0.0030084510734035806,-0.00029800781889498083,-0.009862662854780853,0.00024207816152739832,0.0006954059805122689,0.0036958904657018034,0.0016356145996085014,0.0021924309978371315,0.0,0.0,0.0,0.0044552850784277944,0.0013683651036817597,0.0009942687853193436,-0.0022300569866847844,0.0016319687276689547
0.82199335,0.8792275,0.76592773,0.9444444,0.75947607,0.84992,0.9,0.32552707,0.34733862,0.9622642,1.0,1.0,0.34733862,0.34733862,0.35699058,0.38468182,0.4832136,0.012763962310912383,0.0016151007418413919,-0.005269834174585703,-0.005508725019344081,0.0029320874500430947,0.000655833670276174,0.003217487231464529,-0.004982569755536931,-0.006975329804606528,0.0,0.0,0.0,-0.006423279163498957,-0.01148039409052469,-0.0014320524702218223,0.0029096326388066795,0.002278408680858681
0.84122413,0.7872722,0.8607595,0.8448195,0.88713706,0.9,0.9,0.4114095,0.42321274,0.9622642,1.0,1.0,0.42321274,0.42321274,0.5257405,0.4946819,0.3952136,0.023803963869298107,0.0018715469688058118,-0.010113487120029413,0.002511752214351304,3.6791417969571985e-05,0.00042691499790216853,0.003094770503126329,0.0014257422656094192,0.0004226400543954932,0.0,0.0,0.0,0.003721291266570027,-0.0011168747730015754,0.001280530010972781,0.004378634620758487,0.0007114383425611921
0.50247115,0.61684287,0.69007057,0.9444444,0.8555725,0.59628147,0.9,0.1567035,0.18016148,0.9622642,1.0,1.0,0.18016148,0.18016148,0.27949047,0.2424595,0.38821363,-0.06721285283493274,-0.0005904157315740384,0.00378258623710833,-0.005460398667780466,-0.0031803154660605885,0.0033387488792001475,0.002401747766518004,-0.03211686615119543,-0.02566391684685981,0.0,0.0,0.0,-0.03812789477425899,-0.03845441397182734,-0.0016217866243161897,-0.002496787172773831,-0.0015469583832622815
0.6486251,0.5999599,0.8601093,0.84418136,0.9444444,0.9,0.6499429,0.33258584,0.34416592,0.9622642,1.0,1.0,0.34416592,0.34416592,0.6044906,0.15468185,0.45521364,-0.03184568744805168,-0.0015943923101963931,-0.013029619143820795,0.0015278325505076538,-0.008735504353253423,-0.0008877372582176664,-0.00911787430752535,-0.013378759124272683,-0.008516327907656803,0.0,0.0,0.0,-0.008137225843501301,-0.01263101735207195,-0.00033099777938512797,-0.003468299971860055,0.001527126637445419
0.8906414,0.8231785,0.908287,0.9705012,0.9444444,0.9,0.844731,0.4214095,0.4321633,0.9622642,1.0,1.0,0.4321633,0.4321633,0.6507405,0.17801517,0.61421365,0.03319249726311832,0.00039491619794712704,-0.015442694082442912,-0.002202785577405466,-0.0020085798446473602,0.0008739673005784202,0.003930214398896956,-0.0007974661374922148,-0.0014917582629699136,0.0,0.0,0.0,-0.00020015476730897417,-0.0013003752786804742,-0.0025981381611534992,0.00013756117902798882,-0.0004206490963794578
0.91400963,0.70965785,0.6101545,0.9444444,0.5988554,0.6860026,0.9,0.73082125,0.7475597,0.9622642,1.0,1.0,0.7475597,0.7475597,0.49324054,0.7424596,0.6842137,0.027673051808263866,0.0005086891934613661,0.003583029317329976,-0.0020706223200433736,-0.00010458976457076538,-0.002246992013221804,0.004414528342747654,0.008777594956900763,0.002558216188133471,0.0,0.0,0.0,0.0038938514604649767,0.013807823249171479,0.000996879074865256,-0.010810428950679418,-0.0008909177232076132
0.58265775,0.58626735,0.8582505,0.9444444,0.9292485,0.6954656,0.9,0.6290566,0.6439794,0.9622642,1.0,1.0,0.6439794,0.6439794,0.67074054,0.52245957,0.6802137,-0.03698049793607923,-0.00497521628298343,-0.009464819426119521,-0.002812707405795777,0.00037112312516782283,-0.0007704495225008704,0.005582896258945114,0.012979559544673391,0.007687337648069584,0.0,0.0,0.0,0.008636074498610332,0.012459021532668292,-0.0068144277790226915,0.0007532499538282538,9.597800884398707e-05
0.90247124,0.82950515,0.7945846,0.9444444,0.9463495,0.80185497,0.9,0.9025861,0.91469616,0.9622642,1.0,1.0,0.91469616,0.91469616,0.7419905,0.7313485,0.7302137,0.0191932251777288,0.004580252226137662,-0.005400420173953436,-0.002125207877746888,0.004206740219796603,-0.00019174936598646066,0.004967966825960519,0.011560631470009474,0.0008889678746986581,0.0,0.0,0.0,0.0018010515495931465,0.016829484171644683,-0.005236168080683621,-0.009633859243673383,-0.00153643022326629
0.66045487,0.7307623,0.7337578,0.84051627,0.94465274,0.9,0.9,0.2784684,0.29963133,0.9622642,1.0,1.0,0.29963133,0.29963133,0.25199044,0.38912624,0.5162136,-0.028026001319834206,0.0022073329400145434,-0.0010806155038670167,0.00019272023227383196,-0.0073639532699731735,0.00016274181880468892,0.0024389580829052063,-0.012900556906241279,-0.009919744891661818,0.0,0.0,0.0,-0.01438478915278777,-0.020747032324066675,-0.003398925606560365,0.0026212884858663565,0.0026291198848359793
0.8219933,0.54942477,0.77700776,0.887077,0.7824717,0.9,0.9,0.69199777,0.7115888,0.9622642,1.0,1.0,0.7115888,0.7115888,0.6244905,0.51245964,0.72821367,0.010058704054201763,-0.005306302391341178,-0.004068037440614864,-0.0012895374443299018,0.001221312677953445,0.00027241137383265566,0.004454075724015111,0.00880756555202241,0.00294983440176282,0.0,0.0,0.0,0.005791391859349587,0.011206690544953267,-0.0012338922198155279,0.0017314425689069323,-0.002117349394993863
0.79448754,0.79307765,0.92880934,0.9444444,0.9015216,0.7666417,0.9,0.58376247,0.59958565,0.9622642,1.0,1.0,0.59958565,0.59958565,0.57449055,0.7091263,0.42221364,0.00920109067065393,0.003537484458758935,-0.01736416686550777,-0.0032890159306485146,0.001945564682511347,-0.0008633731250794314,0.005509275425775428,0.007366087979900661,0.0060737035651439,0.0,0.0,0.0,0.006717815247667217,0.008580623207728672,-0.0019321396386954273,-0.00848448343338049,0.0007396570351795789
0.49804235,0.47849226,0.9185314,0.9463495,0.9444444,0.9,0.79354715,0.42905673,0.44948283,0.9622642,1.0,1.0,0.44948283,0.44948283,0.43949056,0.44579294,0.5382136,-0.07019498487406024,-0.008671719242706485,-0.018050455553894246,-0.005798190787040331,-0.0014438814238808332,-0.0016835121436802735,-0.00033134100365722787,-0.0005203208783648856,0.0014235977497079454,0.0,0.0,0.0,0.004059969921663489,-0.00032864772947611336,0.001959441044838901,0.004679530951218552,0.0020607820440467473
0.73737794,0.5900734,0.80208844,0.9116092,0.7873618,0.9,0.9,0.6484685,0.66247797,0.9622642,1.0,1.0,0.66247797,0.66247797,0.5494905,0.6435708,0.6112137,-0.0009163660385053474,-0.001973287065158186,-0.005786858241983097,-0.0024696452797324515,0.0017793549449739022,-0.0001398989816175886,0.006885062559607153,0.009551796830903861,0.00573715440625745,0.0,0.0,0.0,0.0061507131570433405,0.011877363610385305,0.00016919499364505673,-0.0055792538462092,-0.0003476611695518269
0.6944876,0.6717184,0.8649122,0.95026696,0.9444444,0.9,0.5431275,0.69846827,0.70032024,0.9622642,1.0,1.0,0.70032024,0.70032024,0.6282405,0.73468184,0.51121366,-0.009411736090602243,0.0003414460933554053,-0.010355173366943617,-0.004083556769287353,0.00035446067620607856,-0.0003096161662950397,-0.025133281674777307,0.011226342600567112,0.005876765799252935,0.0,0.0,0.0,0.006251412672761683,0.011323622153526988,-0.004971627820363064,-0.012454735393197483,0.0018089481863334692
0.7329491,0.4853907,0.7487056,0.9444444,0.7695257,0.84684366,0.9,0.48435053,0.49930456,0.9622642,1.0,1.0,0.49930456,0.49930456,0.3582405,0.5391263,0.6302137,-0.009188511789006515,-0.00857436300191628,-0.0036276776515913084,-0.006684536720169819,0.0019048482735007355,0.0007962056708511163,0.003973660518721245,0.0026505074341429437,0.0030892527808358927,0.0,0.0,0.0,0.004959037500860495,0.0034577115272227655,0.0017011298790435214,-0.00019281628875378757,0.0008736805493942332
0.8441962,0.52694774,0.7811318,0.9444444,0.9444444,0.7411578,0.5093828,0.7296449,0.73967123,0.9622642,1.0,1.0,0.73967123,0.73967123,0.7507405,0.5991262,0.57621366,0.014686834525025344,-0.006157277229675449,-0.004504526357383842,-0.003065507489850697,0.00034888244128976424,0.0006551339300434117,-0.0247273487170493,0.009956055365234315,0.00480737430523179,0.0,0.0,0.0,0.00672827533640418,0.011314907679116738,-0.013080951323133683,-0.004092235256558713,0.0009049996515507461
0.7761308,0.7655489,0.64502347,0.8127033,0.915114,0.9,0.9,0.2955272,0.31569818,0.9622642,1.0,1.0,0.31569818,0.31569818,0.14199054,0.70023745,0.3622136,0.0036791321271207435,0.0019294681864173557,0.002956288951375709,0.0007700680639176873,-0.0043059459135660495,-0.0004055599057211056,0.0032555903916422417,-0.006902991145447874,-0.006063589023895889,0.0,0.0,0.0,-0.008416311111181263,-0.019816360299051063,-0.010940982468098994,-0.004428912362802645,-5.377939826268063e-05
0.7560261,0.5478809,0.91511506,0.92906505,0.9444444,0.9,0.5296182,0.35846823,0.37381274,0.9622642,1.0,1.0,0.37381274,0.37381274,0.49074048,0.4635707,0.41721362,0.0009803242699573823,-0.0045023543006015845,-0.01769611926373584,-0.004598164523145739,-0.003965924309039223,-0.0018198600425185796,-0.022015891680285213,-0.006313272558328774,-0.00388554018897238,0.0,0.0,0.0,-0.003814892866116335,-0.008563128592289984,0.0014159501178789874,0.003964999888541707,-4.489526262914e-05
0.92170197,0.7914839,0.75658774,0.9444444,0.885304,0.77933615,0.9,0.6949392,0.7076335,0.9622642,1.0,1.0,0.7076335,0.7076335,0.6482405,0.60134864,0.5832137,0.027237616921321393,0.0021797467794863706,-0.0018090269829704963,-0.0024407824432010274,0.00212272596371498,-0.00045693491547828773,0.004511386070868334,0.008831050992088321,0.004925151414530738,0.0,0.0,0.0,0.005265577203523311,0.01171458032431796,-0.002420058909768502,-0.0013549065554585376,0.0002742373940231419
0.79565287,0.5304656,0.7258405,0.712399,0.81081635,0.9,0.9,0.4449389,0.4540992,0.9622642,1.0,1.0,0.4540992,0.4540992,0.5132405,0.45912626,0.5362137,0.01005037221208231,-0.006987924749385182,0.00038744668991542856,0.0029144273900669794,0.001745424319224113,0.00040182596293725475,0.0022356344827265265,0.0017611022027770504,0.003128997135065658,0.0,0.0,0.0,0.004217272324730538,0.0005123222203992828,0.001642323580706963,0.005866971584953647,0.0016725432617923108
0.89151543,0.8409027,0.8338047,0.8959968,0.9463495,0.9,0.9,0.55729204,0.57342005,0.9622642,1.0,1.0,0.57342005,0.57342005,0.66074055,0.42134845,0.4872137,0.026472791794262002,0.0036882722147021023,-0.006694274892075573,-0.0003317306800238861,0.0005130358426223087,0.0004255288962181009,0.006217395780694388,0.00696278292213328,0.007186741617440217,0.0,0.0,0.0,0.007998759871568707,0.008324039075626132,-0.0019251225901543067,0.004699213064606211,0.0014762929308170844
0.81459236,0.7961933,0.7018525,0.68885523,0.9762011,0.9,0.9,0.3443507,0.36545092,0.9622642,1.0,1.0,0.36545092,0.36545092,0.59324056,0.27134842,0.4282136,0.01283614707051633,0.0038069251855708908,0.0016579834152659193,0.005283337973879705,-0.010516537495314157,0.0010918629992902698,0.005484849629017123,-0.005671110274257787,-0.004793128997493049,0.0,0.0,0.0,-0.005494487083807557,-0.009446138103321343,0.00016072034126317816,-0.0003928070540352953,0.0014552880518766936
0.8571914,0.50921416,0.6368215,0.6250285,0.9463495,0.9,0.9,0.47435087,0.49114898,0.9622642,1.0,1.0,0.49114898,0.49114898,0.54574054,0.5791263,0.3532136,0.017451210865682024,-0.00829139389405618,0.0027162514798980113,0.004162223493604733,-0.002745034716162204,0.0020800649036841696,0.002575109862941767,0.0022122721377047893,0.003243113752489095,0.0,0.0,0.0,0.004085350752046102,0.0023787231474302717,0.00016996414312898651,0.0005207657969845369,-0.0015851688866016385
0.9030539,0.8209108,0.7681155,0.9444444,0.83503765,0.79354715,0.9,0.52846843,0.5406685,0.9622642,1.0,1.0,0.5406685,0.5406685,0.64199054,0.3869041,0.6152137,0.029263874562139497,0.00264027568758187,-0.0033852565039905196,-0.0033154632959366526,0.0012135758807985783,0.0013102435091128782,0.004389123906479696,0.005757393217710531,0.005733776284821541,0.0,0.0,0.0,0.007205573593322268,0.006441005143884103,-0.0006771983168240239,0.005193247089851336,-9.918091155884816e-05
0.7752568,0.71042025,0.9021212,0.9444444,0.8572891,0.6867396,0.9,0.35493895,0.37443346,0.9622642,1.0,1.0,0.37443346,0.37443346,0.19699037,0.5046819,0.5182136,0.0027021770649197285,0.0015039248335748994,-0.014633600218992824,-0.005187081133034555,0.0009669929636233984,-0.0009025017277789779,0.0015917799501186482,-0.004105673269001047,-0.005304541659141546,0.0,0.0,0.0,-0.003727862525075064,-0.010263846325209349,-0.0067582950932931676,0.0036396533001857778,0.002196381723446067
0.7989164,0.7409425,0.7267077,0.9444444,0.9166222,0.7162444,0.9,0.5419978,0.55947113,0.9622642,1.0,1.0,0.55947113,0.55947113,0.5657405,0.65912634,0.36721364,0.012592867050211797,0.0023140310758680603,0.0008440961768897559,-0.0045080668455005106,-3.3353234464110484e-06,-0.002493478699323636,0.0040607717705149916,0.005573992020243913,0.00600431532040605,0.0,0.0,0.0,0.007535290195160266,0.009020808965023323,-0.001888616340631265,-0.005757273776082086,-0.002396069491719192
0.8329491,0.7204491,0.9467815,0.9292485,0.94615734,0.9,0.9,0.6402332,0.6545553,0.9622642,1.0,1.0,0.6545553,0.6545553,0.72324055,0.5680152,0.5112136,0.019030736681671722,0.001857290929819591,-0.018529897255971973,-0.0020154548765360576,0.002018594308095205,0.001371910449594535,0.006576504315270684,0.010474877977165911,0.006900628304040411,0.0,0.0,0.0,0.005964343465327224,0.010255675382090206,-0.008252588860580036,-0.0016996976340821674,0.0014776640757839434
0.7219933,0.54445106,0.54834276,0.9444444,0.559202,0.7935475,0.9,0.26376253,0.28680816,0.9622642,1.0,1.0,0.28680816,0.28680816,0.24074042,0.42801517,0.4322137,-0.009759352088556404,-0.004398177914468196,0.009172000348005185,-0.0075783923686952885,0.0057603121618509945,0.0015684704157216888,0.0024666714124594383,-0.010550212821952573,-0.0050545065382735285,0.0,0.0,0.0,-0.012983859148555543,-0.021249033350724932,-0.005997908898654376,0.004777776625941319,-0.0003715476415365814
0.9104548,0.7893383,0.73659277,0.9762011,0.9928678,0.9,0.9,0.62611556,0.63967615,0.9622642,1.0,1.0,0.63967615,0.63967615,0.46199054,0.7680152,0.45621365,0.024602543279822354,0.0027889943741435386,-0.001130868702673081,-0.005930579248234892,0.001223737740222028,0.0008645169761403893,0.003983039894981827,0.006006527207314907,0.004110733569389899,0.0,0.0,0.0,0.004621751465637566,0.01000349121813986,0.0015540401354277545,-0.012939149128773414,0.001818423981377028
0.78382313,0.7655489,0.6733187,0.76664513,0.9166222,0.9,0.9,0.20258601,0.22569758,0.9622642,1.0,1.0,0.22569758,0.22569758,0.3019905,0.5735708,0.23921356,0.00754694661181099,0.002657413861002888,0.003103264153520029,0.004146915464207926,-0.005746612347153429,-0.00018613218285365573,0.004236646600711871,-0.016219327636643646,-0.01434743090434243,0.0,0.0,0.0,-0.022514511816382896,-0.030565407115257907,-0.001569903334164078,0.0032850813711312204,-0.002794723940115943
0.8989164,0.8448671,0.758076,0.74403757,0.9928678,0.9,0.9,0.6467037,0.65846926,0.9622642,1.0,1.0,0.65846926,0.65846926,0.49324054,0.5224597,0.7492137,0.02551650214065253,0.0021488268956602326,-0.0018971125600803717,0.003048453946674882,3.4559957146637866e-05,0.0005972270331844773,0.004702901537092206,0.006018052473788873,0.00760178599709719,0.0,0.0,0.0,0.007075035682103497,0.010914318873708053,0.0014145374287960137,0.0014924730025428587,-0.0059440992436487336
0.9184385,0.8243242,0.8055214,0.89808047,0.7480419,0.9,0.9,0.5755271,0.5887979,0.9622642,1.0,1.0,0.5887979,0.5887979,0.5319905,0.7646819,0.44321364,0.030970453386650578,0.003064441052598572,-0.006361838427775881,-0.001778265786311196,0.001878373540549696,0.0007748661034158775,0.0037524882617347723,0.004970681655650832,0.004805004995669629,0.0,0.0,0.0,0.00604342293021884,0.008250057909855035,0.0005134311938004908,-0.012583666514542253,0.0013952502451187818
0.8711193,0.8200101,0.89952314,0.9444444,0.9928678,0.8472052,0.9,0.6690566,0.6830122,0.9622642,1.0,1.0,0.6830122,0.6830122,0.5807406,0.55023736,0.7212137,0.022787615473317584,0.0024599066631700904,-0.012427220685411945,-0.002813682572181142,0.002932169902417321,0.0009731215436026295,0.005479694361408965,0.009913999710336846,0.008200252656672706,0.0,0.0,0.0,0.008043404374682863,0.012042889244853368,0.00039356245527795154,0.0015140911703806939,-0.0037158821343790268
0.6601635,0.1677538,0.7675632,0.9444444,0.9444444,0.84992,0.162162,0.43788,0.45571968,0.9622642,1.0,1.0,0.45571968,0.45571968,0.45074052,0.5313485,0.44821367,-0.030785977261964685,-0.03343271211212715,-0.0034001707444534903,-0.007652808094017207,-0.0047213128175349305,0.0008170610607301096,-0.06400590781077818,0.0017404088496659287,0.0018298461588046094,0.0,0.0,0.0,0.002652818919842242,0.0013281707165376006,0.002210404800643335,0.0005656932435179988,0.00024081363085314215
0.80188847,0.86883026,0.7687522,0.9444444,0.9444444,0.83986926,0.787427,0.69964474,0.7104028,0.9622642,1.0,1.0,0.7104028,0.7104028,0.5694905,0.73468184,0.6162137,0.006714606736762667,0.0034022891290799106,-0.00337311379836656,-0.0038839501964567542,0.0011444404657340562,0.0007593554014670117,-0.0028078024457513094,0.007358288437806662,0.006657498504803623,0.0,0.0,0.0,0.00704167743793389,0.01355199166199776,-0.00020399275420256182,-0.011024659330148455,-0.0011523013251079045
0.77554816,0.7961933,0.6712311,0.9444444,0.9444444,0.7696535,0.8194291,0.17846836,0.1998769,0.9622642,1.0,1.0,0.1998769,0.1998769,0.05074048,0.45912626,0.41321364,0.005534429316122482,0.0013768453194544883,0.00226697667070207,-0.0068353799299284215,-0.007342171907342451,0.0013984999646626884,0.0017826484813501492,-0.02225251883661838,-0.02088262320204957,0.0,0.0,0.0,-0.02968660202991904,-0.039182300045315796,-0.015181044636888621,0.0015881541133297796,0.0005820025776974338
0.9231587,0.9310345,0.080782674,0.0792867,0.0792867,0.9,0.9,0.15493886,0.17100397,0.9622642,1.0,1.0,0.17100397,0.17100397,0.38324052,0.3746818,0.26521358,0.026085161500269103,0.009651539928304208,0.02019080648007005,0.012932454770465151,0.02367102492108526,0.0009765847476035769,0.0026165114225161932,-0.009613682247102016,-0.00862274619736923,0.0,0.0,0.0,-0.02621645497508704,-0.022108573323625088,0.0008032479182639272,-1.8215064776461583e-05,-0.004225537410386731
0.56045485,0.6861031,0.76404226,0.85569847,0.9166222,0.9,0.9,0.14552689,0.16471696,0.9622642,1.0,1.0,0.16471696,0.16471696,0.3582405,0.4346819,0.16621351,-0.062405953381711086,3.5900242130252336e-05,-0.00788819980687812,-0.00484469874440308,-0.01087600049363831,-0.0006799546140161515,0.002190636749820508,-0.03558857452582032,-0.024297264244947107,0.0,0.0,0.0,-0.04103231370299915,-0.042900147067017606,0.0005250042063919433,0.0018283453890126037,-0.008789580138839011
0.90276253,0.7409425,0.82991093,0.81454223,0.8773738,0.9,0.9,0.47317415,0.48963216,0.9622642,1.0,1.0,0.48963216,0.48963216,0.2182405,0.58912635,0.6292137,0.0234772046742226,0.002125683243957074,-0.008576852401060516,0.0009218253512417121,0.0011039120067582596,0.0007285839844490389,0.0037901029551273874,0.001627958075535536,0.0023462217649483394,0.0,0.0,0.0,0.004254878420288307,0.0026557915721743706,-0.005010313254080282,0.0001840807396578905,-0.001142619447836851
0.88294905,0.54749894,0.91294676,0.8960403,0.9444444,0.9,0.529249,0.464939,0.48369166,0.9622642,1.0,1.0,0.48369166,0.48369166,0.41949052,0.6535708,0.39321366,0.021688198626563147,-0.004879345597015672,-0.014281549019066269,-0.0014704040314277673,-0.001505922651364468,-0.0002938172271536551,-0.026451428114769485,0.0034195441413363203,0.00321183287682472,0.0,0.0,0.0,0.004836070771937199,0.003296878046381848,0.0025919052622704387,-0.0043061199514293335,0.001274568143027298
0.83737797,0.86883026,0.5084901,0.9444444,0.49907362,0.83986926,0.9,0.6361155,0.63921475,0.9622642,1.0,1.0,0.63921475,0.63921475,0.5182405,0.49579293,0.7632137,0.01587511441739286,0.0036645024269167004,0.010724286486173224,-0.00434056271616217,-0.00039557822680661196,0.0008022503250164852,0.006521692793304228,0.007284657645309105,0.00554221153294725,0.0,0.0,0.0,0.007719832480508342,0.010712430483611764,0.0017143428256132338,0.0021365390308346398,-0.0028248467998548466
0.9231587,0.9310345,0.16866338,0.16554,0.16554,0.9,0.9,0.46552715,0.48346117,0.9622642,1.0,1.0,0.48346117,0.48346117,0.4269905,0.6202374,0.43621358,0.025241269360540993,0.006112290992177167,0.01828815483461009,0.011684465429231475,0.0073087235141251605,0.000978754863464542,0.004694109531629621,0.001718973832990717,0.002154762986507723,0.0,0.0,0.0,0.0026536315457260638,0.0017161217005840891,0.0014321918761474285,0.00020355737369362993,0.0005519578049723067
0.841224,0.77635205,0.8448725,0.82922673,0.9116092,0.9,0.9,0.6802331,0.6932959,0.9622642,1.0,1.0,0.6932959,0.6932959,0.6307405,0.565793,0.6302137,0.015423106337787533,0.002854879049160292,-0.008404855553364173,0.0013975071324971394,0.0026823936458563818,0.0006147806244378245,0.005756575456551936,0.008399989455840614,0.006299876946310643,0.0,0.0,0.0,0.005704584795293015,0.011196710887979338,-0.0015835173826646489,-0.0004281981835519985,-0.001599556690013655
0.848625,0.70946693,0.7902692,0.92906505,0.9444444,0.9,0.65963864,0.5631743,0.5789053,0.9622642,1.0,1.0,0.5789053,0.5789053,0.5944905,0.49468178,0.5792136,0.01849046510416958,0.0012196596424166465,-0.005016693762814288,-0.0025789796356701354,0.0009316857919435943,-6.205428805773936e-05,-0.0125961055907399,0.0062285842324538866,0.005597538179887546,0.0,0.0,0.0,0.006950239718831314,0.0076970048916062085,-0.0008847965864727715,0.0023159397429543963,0.0007690780822710013
0.77939427,0.61783975,0.93328667,0.9160036,0.9928678,0.9,0.9,0.68082136,0.690144,0.9622642,1.0,1.0,0.690144,0.690144,0.8382405,0.45245966,0.5692137,0.00596709480789162,-0.002268692656200011,-0.017678012039857735,-0.0014845769404768225,0.00212083913427543,0.001272763644678235,0.004252033953613953,0.013489912607721548,0.006214399262198952,0.0,0.0,0.0,0.007188390400264905,0.010096229290938645,-0.01529611565825518,0.00412415658902576,0.0011133376380237522
0.9231587,0.9310345,0.37655154,0.36957836,0.36957836,0.9,0.9,0.7090564,0.7146077,0.9622642,1.0,1.0,0.7146077,0.7146077,0.39699054,0.63023734,0.8082137,0.027322751888898787,0.003623728767597964,0.01574039324192909,0.009494570349922586,0.0016411180568448164,0.0009754383393513072,0.004772481997415819,0.005776797904099896,0.006341888293534202,0.0,0.0,0.0,0.010137994450226808,0.012986541634898256,0.0012485516080161486,-0.0013592443847929142,-0.003841172045848151
0.8329491,0.6722091,0.7568171,0.9444444,0.9762011,0.64980215,0.9,0.33611545,0.35397634,0.9622642,1.0,1.0,0.35397634,0.35397634,0.46074057,0.3524595,0.4522136,0.01756248078878624,0.001147702171652005,-0.0007229371691873192,-0.001348077145316692,-0.01005890117933213,-0.00651653710542007,0.0023413605366600777,-0.005899540762995617,-0.006451136561949506,0.0,0.0,0.0,-0.005954390682182422,-0.011445296742571727,0.0017820624902519643,0.003164667809434018,0.0008999911361965178
0.7527625,0.7104368,0.76404226,0.9444444,0.8303492,0.6867556,0.9,0.49435076,0.5154208,0.9622642,1.0,1.0,0.5154208,0.5154208,0.40699053,0.4291262,0.74621373,-0.0043454175836049515,0.000617222646353953,-0.003934049069592102,-0.0040861501582525085,0.0018520267916147279,-0.0013371935485596933,0.0035126963793094762,0.004655320573085553,0.004679919051063289,0.0,0.0,0.0,0.007027560020610084,0.005952157381649562,0.0014359923369850578,0.004257629087460459,-0.005688453198439687
0.89151543,0.7655489,0.457782,0.9928678,0.9444444,0.9,0.7400306,0.3978801,0.41741896,0.9622642,1.0,1.0,0.41741896,0.41741896,0.29324055,0.545793,0.47721356,0.02464212568790448,0.0022222793779386445,0.004439691416123989,-0.010230435030759067,-0.006015409526907184,0.0003872499606360665,-0.002982949574373074,-0.0008781853524025106,0.0014043880288701132,0.0,0.0,0.0,0.0013117489921764718,-0.005544277996601198,-0.0034153016427529628,0.0013067863884973817,0.00046616482104255017
0.8722847,0.8242123,0.7354681,0.7962339,0.8503421,0.9,0.9,0.687292,0.70142347,0.9622642,1.0,1.0,0.70142347,0.70142347,0.3019905,0.6802374,0.87621367,0.023427588388288602,0.003275821933586336,-0.0005313175929056416,0.0008648432760401356,0.0013573283705153487,9.2648582573082e-05,0.00625052877152496,0.00874877630950893,0.006405403911280399,0.0,0.0,0.0,0.007832826738779657,0.014113049899685653,0.0003448489346211464,-0.005353555353919679,-0.012512383082515186
0.8873779,0.78289807,0.69332516,0.9762011,0.9444444,0.9,0.6869545,0.6678801,0.683108,0.9622642,1.0,1.0,0.683108,0.683108,0.56449056,0.66912633,0.5692137,0.023278914804656527,0.0012297914410297139,0.0017908229587828303,-0.006229728620674333,0.00046013082762272464,-0.0004311283054531213,-0.010092144901900319,0.007794271923120944,0.005203080601175216,0.0,0.0,0.0,0.006892353594173931,0.012621106790420642,0.00014866783161624327,-0.006599427786488938,0.000595125637041134
0.6758394,0.7409406,0.7206517,0.8555725,0.947526,0.9,0.9,0.5219977,0.53225386,0.9622642,1.0,1.0,0.53225386,0.53225386,0.2594905,0.6491263,0.6742137,-0.018584821820690406,0.0018951065267049998,-0.0007462619076544214,9.92693599315064e-05,-0.002357134790002299,-0.0004020522174206048,0.00461748575213698,0.005493094236042145,0.004260617199505543,0.0,0.0,0.0,0.007105667707710674,0.007036349392986279,-0.0017323676365421994,-0.003222124814126176,-0.0021897910850442195
0.8101635,0.68910795,0.799806,0.9928678,0.8819039,0.9,0.9,0.7572919,0.7738624,0.9622642,1.0,1.0,0.7738624,0.7738624,0.54324055,0.7180152,0.71921366,0.007153851721828919,-0.0006017386753284746,-0.005174212450614017,-0.006126082877833692,0.0013087021852826797,1.6936721837030583e-05,0.0036904083231465864,0.010867554691559613,0.003191560035315073,0.0,0.0,0.0,0.0032540324734271707,0.01485184569635231,0.0004725555093020174,-0.010727482930669148,-0.004394266008802004
0.864301,0.78142226,0.86834407,0.9444444,0.7441385,0.75537485,0.9,0.7002329,0.71862394,0.9622642,1.0,1.0,0.71862394,0.71862394,0.58699054,0.78357077,0.59421366,0.019282169976565938,0.00315258698742242,-0.009101725856157332,-0.0015724109557231074,0.001165881075543828,9.577199360320018e-05,0.006057341381257724,0.00782165287035673,0.005559478987739075,0.0,0.0,0.0,0.005073645528802311,0.013090534620257461,-0.000355712354932544,-0.013061042039510716,9.496834841524582e-05
0.4793943,0.6761083,0.77681255,0.9762011,0.9015216,0.9,0.9,0.3931741,0.4089636,0.9622642,1.0,1.0,0.4089636,0.4089636,0.4894905,0.32579294,0.5452136,-0.07536826319916867,0.00044433617648467386,-0.0049306707067087105,-0.00894887706680931,-0.003276821378947617,-0.0012114570505558774,0.0038414155901945555,-0.0024773663468853216,-0.0009475123693893782,0.0,0.0,0.0,-0.00016288281925846217,-0.0035417407832299187,0.001095262364974147,0.004627908596963886,0.002344492288998912
0.6178557,0.27166563,0.7011288,0.94615734,0.7518699,0.9,0.9,0.592586,0.60349405,0.9622642,1.0,1.0,0.60349405,0.60349405,0.45699054,0.6002375,0.6162137,-0.03239850224119416,-0.029481209761794736,0.0010326416491109847,-0.0044732019841668405,0.0013401893159303527,-0.000286641093478298,0.002824397580036841,0.009040339828551519,0.005007698734440605,0.0,0.0,0.0,0.00998479523248318,0.011151183390968593,0.0016477396605191713,-0.0028461216875135796,0.0024945215914594005
0.7560261,0.81457967,0.8866493,0.9444444,0.9762011,0.787427,0.9,0.6019976,0.61781555,0.9622642,1.0,1.0,0.61781555,0.61781555,0.48199052,0.6335708,0.5602137,0.002738193333977612,0.0027825342257442056,-0.012448859615229506,-0.0022398628765350347,0.0026388721360634877,0.0018405301827633977,0.005546346707127692,0.008481786232926992,0.008287237689490561,0.0,0.0,0.0,0.00823818271900782,0.011390445775207226,0.0006957823308574223,-0.0034575167221529896,0.0009231785163611712
0.8953616,0.8243242,0.7669071,0.9928678,0.78851295,0.9,0.9,0.62082136,0.63630205,0.9622642,1.0,1.0,0.63630205,0.63630205,0.49949056,0.68134856,0.5692137,0.023297351184472372,0.003457866438663734,-0.0032186424257871,-0.007507809043674902,0.0018342524666335456,0.0005054649466258481,0.00640366203620885,0.005196336517506841,0.003946345982236354,0.0,0.0,0.0,0.004398185476687164,0.008592360373315202,0.0009972089880860388,-0.006579103985765385,0.0004772324428577973
0.5403501,0.5170687,0.916658,0.9762011,0.9928678,0.9,0.9,0.182586,0.1998258,0.9622642,1.0,1.0,0.1998258,0.1998258,0.2819904,0.3746818,0.42621365,-0.0630259197474668,-0.0044855874063643875,-0.019305564202773375,-0.008254296772617162,-0.013616267254212255,-0.0019421448434146105,0.003520218580440656,-0.03288130403789156,-0.020058908219909122,0.0,0.0,0.0,-0.03344267917367028,-0.03552817699637836,-0.0006845387685190904,0.001276202202472652,-0.0014138481712369533
0.879977,0.81457967,0.754133,0.9410746,0.6532747,0.9,0.9,0.43846825,0.45332012,0.9622642,1.0,1.0,0.45332012,0.45332012,0.52074057,0.42690405,0.4832136,0.026277058402525633,0.0022151623506839204,-0.002879455608366213,-0.006052383726774972,0.00020239365767578212,8.305535385965978e-05,0.003343933192877474,0.0004770439929204331,0.0012051396166294088,0.0,0.0,0.0,0.0036565119616460773,0.0006720046801599526,0.0011021551444091243,0.004029567039992126,0.0024681775504343815
0.86785585,0.89736044,0.9112921,0.96959347,0.9166222,0.9,0.9,0.37082133,0.38586518,0.9622642,1.0,1.0,0.38586518,0.38586518,0.64824057,0.35357073,0.40621367,0.02553362193326715,0.0015640101253542923,-0.016366247637111867,-0.004330415535401009,-0.002801191882639781,0.001232914815505492,0.0021135694390609903,-0.003978184273247568,-0.004146091821403972,0.0,0.0,0.0,-0.003399552038868666,-0.005884507014631514,-0.0012534033543272886,0.0023017091282041794,0.001576432412749286
0.9231587,0.9310345,0.4316316,0.42363843,0.42363843,0.9,0.9,0.80140954,0.8114144,0.9622642,1.0,1.0,0.8114144,0.8114144,0.5932405,0.7546818,0.73521364,0.024624832219764,0.008047144456924954,0.012029403136809788,0.006487639744053293,-0.0020259871894757076,0.0010341041907835225,0.0058698589693346286,0.00726053233185208,0.0014213863143345462,0.0,0.0,0.0,0.0058767987631986145,0.01288420101713089,-0.0012117963320696374,-0.010007292343245147,-0.0006079878212800035
0.8758395,0.78258234,0.8224449,0.85232276,0.8996828,0.9,0.9,0.61905646,0.6346019,0.9622642,1.0,1.0,0.6346019,0.6346019,0.5032405,0.5724597,0.62421364,0.02472091749670034,0.0023107685900857215,-0.006833724921483951,9.776737901480502e-05,0.0015264870779020615,4.012094712557694e-05,0.003888653856441002,0.007446767183284084,0.007084396774515623,0.0,0.0,0.0,0.007972813593968103,0.010997735625924189,0.0014721661358887994,-0.0003442461304640809,-0.001128792358794349
0.75660866,0.74106914,0.63150716,0.9444444,0.6423468,0.7163668,0.9,0.1514096,0.17461705,0.9622642,1.0,1.0,0.17461705,0.17461705,0.27949047,0.25357077,0.33321363,-0.0018721729408260933,0.0013181417248160888,0.004854341613332185,-0.006018631741528011,0.007579487963513704,0.00022717863889073632,0.0018934892294196828,-0.02097530587423939,-0.023019151010312662,0.0,0.0,0.0,-0.033173894656779675,-0.03778114609475226,-0.00639063916283232,-0.0021524767221088536,-0.0033150445457258027
0.7909328,0.62734145,0.6337794,0.9444444,0.9928678,0.7666417,0.9,0.49376228,0.51108736,0.9622642,1.0,1.0,0.51108736,0.51108736,0.55574054,0.5735707,0.45621365,0.01186446779212201,-0.0016478683688431386,0.0039565134715110325,-0.004182223788610834,-0.0038129508833155013,-0.00010554515507151599,0.0059644592315534475,0.004460596273816961,0.005076370737943761,0.0,0.0,0.0,0.007041158829082724,0.006826839886144271,-0.0011984652607439185,-0.001904300835288671,0.0006727478487294894
0.8799769,0.8209112,0.635657,0.9444444,0.6528005,0.84684366,0.9,0.5096449,0.5267145,0.9622642,1.0,1.0,0.5267145,0.5267145,0.41949058,0.5080151,0.61821365,0.02183042912791854,0.0013615052806921176,0.003747777854293284,-0.005610121825363599,0.0007377758256861523,0.0005345535704114313,0.004095179628439366,0.0032694120788137023,0.0037161054296104053,0.0,0.0,0.0,0.006004532817360711,0.005034257151890151,0.0011555230621855437,0.0021806579175956374,-0.0004425960208625125
0.7873779,0.7825815,0.6048482,0.9444444,0.9410746,0.7564954,0.9,0.40611535,0.42048937,0.9622642,1.0,1.0,0.42048937,0.42048937,0.45949054,0.276904,0.60021365,0.0023785795624661032,0.000331900707184167,0.005107282204778352,-0.0040897109077676986,-0.008961456912653381,-0.0019487904428283013,0.0036133022008038728,-0.0015060307439410286,-0.0015391670446499705,0.0,0.0,0.0,-0.0004274634338406855,-0.0046193071325611795,0.0011749744677013087,0.0012315015839248036,-0.00040392989312410546
0.52939427,0.61698556,0.5956943,0.9928678,0.9444444,0.9,0.59641933,0.32846832,0.34689468,0.9622642,1.0,1.0,0.34689468,0.34689468,0.4269905,0.31023735,0.50121367,-0.06451116205940749,-0.0022297843893552007,0.008486126962160391,-0.009826653161427105,-0.007294800613520787,-0.0013241972622957772,-0.012840959890967292,-0.010981160170812458,-0.005089452884730736,0.0,0.0,0.0,-0.007340192653918399,-0.014559969291396515,0.0021529776153211685,0.0062596942036754364,0.0014975777280413127
0.7444876,0.641417,0.7035933,0.9444444,0.9705012,0.6542385,0.9,0.4537625,0.4596189,0.9622642,1.0,1.0,0.4596189,0.4596189,0.4644906,0.32023737,0.6412138,-7.508748782700581e-05,0.001370198261736345,0.002190626599815282,-0.0022364305306942426,-0.005781918710971178,-0.005182978634884839,0.0035116292319235646,0.002092858866881094,0.001865606725221706,0.0,0.0,0.0,0.0034760325947132903,0.0004727439163437666,0.0019698853172165835,0.004569590617296372,-0.0011684172804745472
0.856026,0.763255,0.7657616,0.75158083,0.9762011,0.9,0.9,0.62611526,0.64081365,0.9622642,1.0,1.0,0.64081365,0.64081365,0.3782406,0.7635708,0.5792136,0.016415003361969705,0.0012873706992293365,-0.0021932356005585118,0.002564405597984055,0.0006355555485038528,0.00046999239786725674,0.0050165286654903045,0.005609007689961975,0.00536561091650375,0.0,0.0,0.0,0.006421627210853141,0.011611797118918828,0.0021718267171418133,-0.01081062214976368,-0.0002509735984853632
0.67613083,0.7655489,0.5861518,0.9762011,0.7394877,0.9,0.9,0.33611533,0.35639292,0.9622642,1.0,1.0,0.35639292,0.35639292,0.05074048,0.40134853,0.67421365,-0.024137875546526893,0.001049265945155792,0.0056913089964906564,-0.01140467264976873,0.0024685886134225028,-0.00047514442393404265,0.0016357729187009996,-0.005733905431830988,-0.002215999236776607,0.0,0.0,0.0,-0.006076964389669942,-0.01193168214625453,-0.01582892685320418,0.0048790224618997634,0.0006148556481832255
0.57910293,0.41575393,0.7396927,0.9444444,0.9444444,0.957162,0.9030832,0.4561154,0.47287557,0.9622642,1.0,1.0,0.47287557,0.47287557,0.46949053,0.57912636,0.42221364,-0.05196393663756391,-0.018159374396102462,-0.0013091281883705413,-0.008450916882419397,-0.002264167202423636,-0.0038553223457813766,0.004195509539553944,0.0019337581434949159,0.0032427988108412677,0.0,0.0,0.0,0.0037562458101625586,0.0020149462430787773,0.0020333951433949148,-0.001489166144596151,-0.0007766168082008775
0.6950702,0.8209112,0.65447485,0.9444444,0.9166222,0.98716205,0.9,0.15317424,0.17345543,0.9622642,1.0,1.0,0.17345543,0.17345543,0.2232405,0.4580151,0.1992136,-0.01453409561871021,0.004152034221836586,0.0051697278998611455,-0.007326813759880941,-0.006510206154255624,-0.0037179789899570038,0.001988674412089189,-0.02888393006016866,-0.02168952818458377,0.0,0.0,0.0,-0.03858949557261618,-0.04168434762088232,-0.004846856010058245,0.0020717099223403206,-0.006559006938041833
0.7755481,0.59994364,0.7509454,0.9928678,0.87387097,0.9,0.9,0.41258597,0.43263724,0.9622642,1.0,1.0,0.43263724,0.43263724,0.31449044,0.58801526,0.43321362,0.0069570857767224555,-0.004719030051852479,-0.0013190593278699647,-0.01199117363679045,0.0008922587799448992,-0.0007611568282675359,0.0028976345159752435,-0.0006834585919197503,0.002093858458242502,0.0,0.0,0.0,0.003435587023468434,-0.0033409647739354262,-0.0014597062259902405,5.573421737809836e-05,0.000606165432802108
0.76342696,0.458306,0.817207,0.9444444,0.9444444,0.44302914,0.7564954,0.3996446,0.41424417,0.9622642,1.0,1.0,0.41424417,0.41424417,0.37824053,0.44357067,0.5952137,-0.00021802334538739476,-0.009345994343206487,-0.004777461022572785,-0.001401208505867611,-0.004540869070269354,-0.01961013018029329,0.0011415473838134428,-0.0013969579824217176,-0.0010056129418755334,0.0,0.0,0.0,0.0011870854095209372,-0.004544284673827228,0.0036744766252156972,0.004613199603333535,0.0013908165999582849
0.36342704,0.4614377,0.8526813,0.9762011,0.9444444,0.9,0.44605646,0.26023304,0.27620867,0.9622642,1.0,1.0,0.27620867,0.27620867,0.37074053,0.38468182,0.45221367,-0.11208526086762607,-0.00964300799400157,-0.013591185519663922,-0.009418215410659233,-0.009386114228450376,-0.0017558229086998697,-0.020902121613187417,-0.021714630514267173,-0.010357594386248064,0.0,0.0,0.0,-0.01905561999934326,-0.023080767066488497,0.0015417686710065253,0.002969783760987124,-0.0011417329991605665
0.671702,0.736137,0.8478503,0.9928678,0.83874303,0.9,0.9,0.6967035,0.70681703,0.9622642,1.0,1.0,0.70681703,0.70681703,0.63949054,0.7480152,0.5122136,-0.01839062578759992,0.0017932053898368431,-0.008852162518996289,-0.006051899245381381,0.0028819076203772057,3.618169128054703e-05,0.006803711818509658,0.012331531161837352,0.0071207564442184075,0.0,0.0,0.0,0.007861511346947266,0.014365064669505356,-0.004520812355293985,-0.013734269638339475,0.0017239602408100118
0.87228465,0.8243242,0.726141,0.9762011,0.84776896,0.9,0.9,0.5119979,0.5280122,0.9622642,1.0,1.0,0.5280122,0.5280122,0.4257406,0.5569041,0.56721365,0.02484483403187042,0.003871617961502283,-0.0006484531065547245,-0.006569150843590637,0.0024671931690528064,0.00055754804378832,0.0031867273535023453,0.005004037787566926,0.005026889496164381,0.0,0.0,0.0,0.008126564236904854,0.007426801805408394,0.0015762217130240574,0.0011405941104565154,0.0015066512402626346
0.8530539,0.7687452,0.62857085,0.61693066,0.9444444,0.9,0.7431204,0.3914096,0.40973043,0.9622642,1.0,1.0,0.40973043,0.40973043,0.5244905,0.46245956,0.4072136,0.017102459807424482,0.0017804309491109573,0.003576631928907541,0.0027049037548295143,-0.006180242992748981,0.0005187669202196197,-0.0006839220010327013,0.0004508041390385039,0.0004433559203078889,0.0,0.0,0.0,1.1990685869990441e-05,-0.0026496581758899207,0.00110603912946636,0.003817768304173722,0.0013651080032558716
0.87141067,0.5656326,0.7356442,0.9762011,0.9762011,0.9,0.9,0.5943507,0.6148997,0.9622642,1.0,1.0,0.6148997,0.6148997,0.3019905,0.5502374,0.75121367,0.016736431588156835,-0.002605715215805562,-0.0008546573367153737,-0.005431468791390293,0.0008882082651835758,-0.00019564711889156976,0.005649517952573917,0.004361920481392355,0.003653478385952121,0.0,0.0,0.0,0.005247871834481523,0.007953717812188755,-0.0006626480048060364,0.0007890533656148155,-0.004442933453788149
0.79064137,0.35783857,0.88321656,0.9444444,0.9444444,0.8472274,0.3787967,0.405527,0.4204527,0.9622642,1.0,1.0,0.4204527,0.4204527,0.60824054,0.31357065,0.44821367,0.008553708513780447,-0.016119714643969076,-0.012309918444200285,-0.002830704258278104,-0.0055087108394635195,0.0010856660689962487,-0.04308307096799883,-0.001384542012124166,-0.0002318710009505,0.0,0.0,0.0,0.0009956921197324855,-0.001406210099284098,-0.0036488779905628293,0.005702282310047221,0.0008572649074429472
0.9069001,0.9471367,0.33313707,0.9444444,0.32696787,0.9155655,0.9,0.53140956,0.5415548,0.9622642,1.0,1.0,0.5415548,0.5415548,0.60824054,0.49134848,0.4622136,0.022212571996508244,0.0055964689911520305,0.010841218219753625,-0.006195703008158509,-0.000485773784268433,0.0007919751606380365,0.004078710485262256,0.004111120860836831,0.002214615157120793,0.0,0.0,0.0,0.005068443941548278,0.005096789333807186,0.0009097877116745909,0.001761336834595746,0.0009534438570802543
0.9231587,0.9310345,0.30916166,0.30343646,0.30343646,0.9,0.9,0.5508212,0.564182,0.9622642,1.0,1.0,0.564182,0.564182,0.6982406,0.41357073,0.5102137,0.02634884728767642,0.00598385918272838,0.016037336860312015,0.00685484298764192,0.004941488325166894,0.0010563614097016628,0.005252270151140511,0.0024715333081058877,0.003927644442808114,0.0,0.0,0.0,0.006031030911717542,0.005616696804326888,-0.0020269952461614477,0.0040742886086036064,0.0011131589955593242
0.6912241,0.63080776,0.91501707,0.9444444,0.79795897,0.84992,0.9,0.40082112,0.42205173,0.9622642,1.0,1.0,0.42205173,0.42205173,0.4919905,0.62357074,0.23921356,-0.01663103409690204,-0.001575066288420575,-0.016831113404990383,-0.00685991926522167,0.002618200226048833,0.0010285219233111818,0.003240169050671452,-0.0041992922655258134,-0.0011032756707780383,0.0,0.0,0.0,2.3981036666297917e-05,-0.004719663583192159,0.0019699832679280593,-0.0021475860497712418,-0.007862169869959012
0.5521798,0.5204993,0.8272888,0.9444444,0.887077,0.63346344,0.9,0.44729188,0.4655972,0.9622642,1.0,1.0,0.4655972,0.4655972,0.47199053,0.62245965,0.38921365,-0.051229855514515546,-0.008745081381338657,-0.007725069512101524,-0.0051643812601833705,0.000584629314094584,-0.00234765554302449,0.004140478196968741,0.0010999851780151176,0.0026218441024436433,0.0,0.0,0.0,0.004248881248046175,9.087988616717203e-05,0.0019628377335313553,-0.004309956106471915,-0.0009930053632193935
0.68679523,0.56187344,0.83012164,0.81474906,0.9444444,0.9,0.7937475,0.36729184,0.38847116,0.9622642,1.0,1.0,0.38847116,0.38847116,0.1919905,0.6435707,0.3952136,-0.017024757943945874,-0.004974551478389627,-0.007090218230004472,0.0019040011261940069,-0.003291360961074596,-0.0010290584196745662,-5.719232025540233e-05,-0.0038600102637907207,-0.0012966311653820877,0.0,0.0,0.0,-0.0016374167069286493,-0.009685606932539658,-0.004678118163261436,-0.00039898831835622205,0.0007573472772054021
0.9231587,0.9310345,0.285108,0.27982825,0.27982825,0.9,0.9,0.5778801,0.58947206,0.9622642,1.0,1.0,0.58947206,0.58947206,0.3582405,0.49468178,0.76321363,0.029262044016416015,0.00350522150166652,0.017314192618990892,0.012993036011301591,0.005085097866947834,0.0007794904088784044,0.004994087855192912,0.0013585405541824227,0.004743187618425401,0.0,0.0,0.0,0.007275957982167573,0.006882233861888132,0.00012539820499212295,0.0013752063722731953,-0.0026534910342937423
0.9231587,0.9310345,0.30989015,0.30415145,0.30415145,0.9,0.9,0.6308212,0.6444843,0.9622642,1.0,1.0,0.6444843,0.6444843,0.63699055,0.7313485,0.4832136,0.0225927540804273,0.006878964119432887,0.019265263285121587,0.009633981728231553,-0.0018340591301009659,0.001581373923837705,0.004865741685319059,0.003399681761013189,0.0035835777333711955,0.0,0.0,0.0,0.005561605243280301,0.007615259411074478,-0.001817132614980361,-0.007478441243431399,0.0012119568329828753
0.78324044,0.6270212,0.68837255,0.9444444,0.6459488,0.74025714,0.9,0.3443505,0.36363098,0.9622642,1.0,1.0,0.36363098,0.36363098,0.53699046,0.30134848,0.44621363,0.006708677978529001,-0.0011665601507439673,0.0035014849500136563,-0.004482978962676175,0.003307490204056553,9.864497018794986e-05,0.004268770485857779,-0.004190500459668282,-0.0016586630347094119,0.0,0.0,0.0,-0.0036151783569565864,-0.007922956359422431,0.001510333043962124,0.007327398897905525,0.0009278663676123219
0.6640097,0.62431645,0.68823385,0.9444444,0.780908,0.71624255,0.9,0.41611537,0.43394756,0.9622642,1.0,1.0,0.43394756,0.43394756,0.37824053,0.26468182,0.6792137,-0.02308367929057412,0.0010901965154708178,-2.555359770938466e-05,-0.004576425157293568,0.001224256879424529,8.249374670954446e-05,0.004380078365621352,-0.0011513408228843584,-6.0004446350340176e-05,0.0,0.0,0.0,0.0006585943371128252,-0.002933433849182292,0.0007332651699023256,0.0061123379255311515,-0.0017410241254942863
0.6293943,0.672725,0.71828043,0.9444444,0.7494257,0.7610298,0.9,0.39729208,0.41273418,0.9622642,1.0,1.0,0.41273418,0.41273418,0.5069906,0.38912624,0.46321362,-0.03548442724640587,0.00020964421295486185,0.0009405498635155638,-0.005661596750373993,0.0031785817918906227,0.0014147503306464464,0.0029225042225015613,-0.001989648005042074,-0.0007471154276595392,0.0,0.0,0.0,3.740476772196258e-05,-0.003955004622392022,0.0018149498844857736,0.0063270046589965975,0.0013433091816119121
0.7557347,0.5403361,0.93883115,0.94465274,0.9928678,0.9,0.9,0.64082134,0.6501812,0.9622642,1.0,1.0,0.6501812,0.6501812,0.61574054,0.51245964,0.7372137,0.000831272894022006,-0.0037554193674084026,-0.01696808648357924,-0.002482905829304306,0.001199867645345938,3.5372667759179866e-05,0.005241831221239141,0.011157582321775874,0.007263398646600794,0.0,0.0,0.0,0.007959545173699463,0.010844324152562226,-0.002799053324302527,0.001881698427288454,-0.0020025162850811837
0.48294905,0.4421333,0.8676485,0.94615734,0.8218566,0.9,0.9,0.52552706,0.54297775,0.9622642,1.0,1.0,0.54297775,0.54297775,0.5744905,0.6069041,0.4662136,-0.07460395121250472,-0.01676978011879959,-0.01312926825043968,-0.008118365717600908,0.001499723626205876,-0.0008496883710445033,0.0044741208946862294,0.005860560610797898,0.004290412324367652,0.0,0.0,0.0,0.007155289809323975,0.006718857400964598,-0.0001811090006595851,-0.003911288774524976,0.0002174894585948587
0.79862505,0.70274603,0.8053698,0.9444444,0.83918935,0.70625955,0.9,0.49199766,0.510568,0.9622642,1.0,1.0,0.510568,0.510568,0.39699054,0.6491263,0.51321363,0.007886132770005104,0.000480800844227943,-0.005316230388567504,-0.003851614229236402,0.0014158694487137794,-0.0010496791064236483,0.003423441810180864,0.0026249066431831515,0.0031143536788218436,0.0,0.0,0.0,0.00487136927180214,0.002933371351768579,0.00258410995553114,-0.00368985742210236,0.0017693710918908507
0.9231587,0.9310345,0.3080568,0.30235207,0.30235207,0.9,0.9,0.6355272,0.65542686,0.9622642,1.0,1.0,0.65542686,0.65542686,0.25199044,0.78357077,0.6492137,0.0260722100778281,0.0059377042595135324,0.017388215089111262,0.011894127904154738,0.002305857469350505,0.0011220120762135285,0.003924890223111728,0.002718128613397871,0.004620985982348221,0.0,0.0,0.0,0.0075144319980944094,0.009063642462746557,0.0013781072431963165,-0.007505540017254329,-0.0006520525022429092
0.6447789,0.7274568,0.87297297,0.9444444,0.89294803,0.756436,0.9,0.81199783,0.8267163,0.9622642,1.0,1.0,0.8267163,0.8267163,0.57449055,0.8280152,0.7532137,-0.02026221898057956,0.0004489705663777595,-0.011097852180669774,-0.0015438724810972098,0.002883647792596924,0.0006053564508770345,0.005600324535025947,0.01458142857020474,0.009006718336680592,0.0,0.0,0.0,0.007870372563290984,0.021605020549626843,-0.000484944002584623,-0.017541221239057884,-0.0051276244707167936
0.73737794,0.6895327,0.68118775,0.92365605,0.9762011,0.9,0.9,0.3914096,0.40745023,0.9622642,1.0,1.0,0.40745023,0.40745023,0.37074053,0.5035707,0.41221362,-0.0020664013551565706,0.0014601039417518247,0.0033648464115606813,-0.002804184548518543,-0.004608928284044871,-0.000470155553873107,0.0056074844809954364,-0.0017743463635410206,-0.000903907855128509,0.0,0.0,0.0,-0.0001898710831109471,-0.007651021211748047,0.0007785448093572797,0.0036971951197552616,0.001392302916351913
0.5326578,0.45200005,0.88286614,0.9444444,0.885304,0.54300904,0.9,0.36905646,0.3855593,0.9622642,1.0,1.0,0.3855593,0.3855593,0.4057405,0.3813485,0.5382136,-0.059459289753799965,-0.008403708633504843,-0.01707906460463453,-0.007468544374820106,-0.0015238310583257273,-0.0031571894477299333,0.0026776907243747563,-0.00648186312296135,-0.0036642399664787917,0.0,0.0,0.0,-0.003738495147849727,-0.007150961787996528,0.0029120517820635126,0.0062995746385788,0.0017206061893898306
0.7563173,0.72656274,0.76405096,0.9444444,0.7960028,0.77933615,0.9,0.33787996,0.35429865,0.9622642,1.0,1.0,0.35429865,0.35429865,0.41949052,0.5180152,0.28521365,-0.0015027098457866695,0.002342962140094979,-0.0034419446165420337,-0.006830231579355159,0.001957333813804416,0.0008850539862574687,0.0029815915674257483,-0.006159767875490719,-0.004337092287347816,0.0,0.0,0.0,-0.005411689752047644,-0.011222249426444914,0.0018357927550635871,0.002914360914257853,-0.005705332780790534
0.771702,0.7511078,0.7863142,0.9762011,0.9762011,0.9,0.9,0.69317436,0.7121428,0.9622642,1.0,1.0,0.7121428,0.7121428,0.46949047,0.6613486,0.6302137,0.007148384922774518,0.0019007370585790318,-0.0038495298418487426,-0.006958805636159698,0.0016070419781203627,-2.473706169010853e-05,0.005713887042290906,0.009999978970236889,0.005011462878583098,0.0,0.0,0.0,0.006919432455499292,0.013427389865965113,0.0008638786840889517,-0.004710658629751351,-0.0004699470462600683
0.7406414,0.89736044,0.7849254,0.9444444,0.9444444,0.9034291,0.84094656,0.44435075,0.45972893,0.9622642,1.0,1.0,0.45972893,0.45972893,0.56824046,0.31357077,0.61321366,-0.0020146139999201963,-0.0012044621839368186,-0.0038559654331290875,-0.0033453564416521015,-0.003270294200932869,0.00016757335864898013,0.0027650010474128345,0.00275495373695994,0.0014764087767691742,0.0,0.0,0.0,0.0036972788591287742,0.0009333780564490468,0.0002062720631095532,0.0035460796253325975,-0.0006458361341546677
0.7719933,0.6170024,0.6491644,0.9928678,0.740373,0.9,0.9,0.61611533,0.63167846,0.9622642,1.0,1.0,0.63167846,0.63167846,0.37574053,0.69134855,0.6292137,0.0003487459340266641,-0.0031061386787809065,0.0016429549480069426,-0.008428968037705441,0.0015539742836316803,-0.0002038919254149664,0.002477900112591377,0.007205196902778004,0.0038123968181546343,0.0,0.0,0.0,0.005627973898747582,0.011307700879114528,0.0010864357136907597,-0.007133161203113383,0.00016455227894222432
0.8258395,0.7865682,0.8308507,0.8154646,0.9463495,0.9,0.9,0.7525859,0.7622024,0.9622642,1.0,1.0,0.7622024,0.7622024,0.6019905,0.6902374,0.6412137,0.011243181901863717,0.0022058553202862277,-0.008124126779687076,0.001120515178275278,0.0027829320120655366,0.001089289232097514,0.0035891109203644795,0.010188487487988576,0.005726946457634307,0.0,0.0,0.0,0.0057192467199588945,0.01386403535210412,-0.0006450674910873738,-0.007496699165194857,-0.0012452179800153868
0.82199335,0.76601946,0.68031913,0.9444444,0.65303427,0.7937475,0.9,0.51376253,0.5286671,0.9622642,1.0,1.0,0.5286671,0.5286671,0.52574056,0.4791263,0.5512136,0.01864915830002442,0.0017564801625698475,0.0027713311127184797,-0.005135713662566604,0.001819844767384953,0.0006586526268830472,0.004719170380669662,0.005354976224794923,0.004397288161630885,0.0,0.0,0.0,0.007185276183541107,0.006209333984690596,0.0008940858487714476,0.003316108460375105,0.0010146745832675108
0.3714106,0.65507257,0.82621056,0.9444444,0.9762011,0.6332368,0.9,0.3072918,0.32643616,0.9622642,1.0,1.0,0.32643616,0.32643616,0.3019905,0.55134845,0.47721368,-0.11089522712426142,-0.0008470140401948697,-0.008482451984784686,-0.009033887495344325,-0.009821945928762107,0.0036764045940751618,0.0021482393411732213,-0.013114694367284772,-0.007905433758429002,0.0,0.0,0.0,-0.011020372968240402,-0.01697583967365652,0.0013292633446159363,0.003136151739963634,0.0012007246787989372
0.62583953,0.65507257,0.9150254,0.89808047,0.8386976,0.9,0.9,0.3419976,0.36115834,0.9622642,1.0,1.0,0.36115834,0.36115834,0.5132406,0.4191263,0.44621363,-0.03342083193163716,0.0001643266004572073,-0.020330582589154735,-0.0017335570005986073,0.0006542127191606966,-0.0004924635905625002,0.004165606069694139,-0.008763741623276894,-0.005275092627264336,0.0,0.0,0.0,-0.0052317360812270675,-0.010013482933301576,0.0012793771517789715,0.004755399415345038,0.0011692926354968493
0.70188844,0.3455951,0.9449759,0.9444444,0.9166222,0.85774523,0.9,0.7419978,0.7577566,0.9622642,1.0,1.0,0.7577566,0.7577566,0.6307405,0.6180152,0.66321373,-0.013321997053903913,-0.02021061126709576,-0.01826348530427729,-0.0026237665399570253,0.002493535682982756,0.0014120826922001412,0.004536960296929043,0.015476125270682352,0.002694103987834281,0.0,0.0,0.0,0.004747378395168509,0.012237467295692696,-0.005144368685355435,-0.003635112752338705,0.0013902706914302495
0.8018885,0.56492966,0.843367,0.9444444,0.8810674,0.6164572,0.9,0.44611537,0.4613717,0.9622642,1.0,1.0,0.4613717,0.4613717,0.47449046,0.41468185,0.51021355,0.013113318882691127,-0.004071957800906471,-0.006492608058819689,-0.002761672913551247,0.0006338420371723881,-0.008111360406145834,0.003112526399213023,0.0005636312735579856,0.002474149315311684,0.0,0.0,0.0,0.004069059653247482,-0.00028445471415697283,0.002058540430752338,0.005726463501330368,0.0010596027815810635
0.8719933,0.8792275,0.8434268,0.9928678,0.9080723,0.9,0.9,0.662586,0.6766962,0.9622642,1.0,1.0,0.6766962,0.6766962,0.4057405,0.6435707,0.71921366,0.023950809975567443,0.002649413713742703,-0.007175596810724942,-0.006578802215299473,0.001585853065146759,-0.0002700403598049475,0.005411231558132581,0.009597280450121901,0.005925961861594699,0.0,0.0,0.0,0.006882141085989013,0.013247813639913099,0.0010377972044927802,-0.004282235379339318,-0.005627685383072936
0.92228466,0.7961933,0.7487642,0.9463495,0.7939028,0.9,0.9,0.5202329,0.5388701,0.9622642,1.0,1.0,0.5388701,0.5388701,0.2232405,0.7124596,0.60321367,0.029675934666370397,0.0036019517857113015,-0.0015659928104802805,-0.005094404995947139,0.0013582042879758444,0.0004120020347052658,0.004508211561491038,0.003004130932363758,0.003885310240465807,0.0,0.0,0.0,0.005919187597601842,0.007014846799627645,-0.004028932617780764,-0.006588434125675444,0.00011593712205066432
0.9219934,0.84486544,0.81130356,0.9166222,0.8133617,0.9,0.9,0.6861154,0.70276695,0.9622642,1.0,1.0,0.70276695,0.70276695,0.5132405,0.5235707,0.7492137,0.028250733928459674,0.0017421897595762466,-0.005227963733846921,-0.0029520488416442787,0.0017068071446622102,0.0005784039606601898,0.002605986417926508,0.00903639055092432,0.007663655349779226,0.0,0.0,0.0,0.006846568896104948,0.012197807562013638,0.0009562409663268622,0.002259813998671428,-0.005212041202254391
0.82170194,0.7660121,0.8582505,0.9762011,0.86723876,0.9,0.9,0.48023292,0.4922305,0.9622642,1.0,1.0,0.4922305,0.4922305,0.45074052,0.5235707,0.51321363,0.010752675457718248,0.0009174791564007096,-0.010981292960197257,-0.0061766008014556405,0.0027299944355018914,0.0002691964294139903,0.0041029479991159775,0.002212436737397826,0.0017952079600732152,0.0,0.0,0.0,0.004463676815379331,0.0022342208378777362,0.001524064966779084,0.0017144767507634912,0.002746231413140181
0.72170204,0.6823842,0.7831422,0.9444444,0.66268206,0.74025726,0.9,0.40493888,0.42385635,0.9622642,1.0,1.0,0.42385635,0.42385635,0.4807405,0.5980152,0.36721355,-0.005711313644982883,0.000950665257651851,-0.0029246713135015396,-0.005290834044183623,0.0027848171836331215,7.83700641902549e-05,0.003808961727105411,-0.0007722385722555023,0.0009432427443732944,0.0,0.0,0.0,0.00198117212063244,-0.002300957977250126,0.00218340148684479,-0.0009356254634806987,-0.00027829886976283414
0.8719933,0.78933716,0.741654,0.84822935,0.9444444,0.9,0.7030904,0.46140975,0.4801292,0.9622642,1.0,1.0,0.4801292,0.4801292,0.5244905,0.6069041,0.4372136,0.0270557451497272,0.0036137037030439362,6.859617617061692e-05,0.001830634680988866,-0.0019297725022182515,0.0002569381946560458,-0.0075816264461592165,0.0032088470013223055,0.0031039408992648426,0.0,0.0,0.0,0.003866061015421104,0.001885033660292195,0.0008503214320855207,-0.0010756634539710078,0.0022791585915038944
0.8722847,0.8243242,0.65683216,0.9444444,0.7298095,0.84992,0.9,0.7490565,0.7652309,0.9622642,1.0,1.0,0.7652309,0.7652309,0.5319905,0.58801526,0.80821365,0.01667992840755734,0.0023341506303492035,0.0018875419742142184,-0.004692401872710299,0.0015339440713065143,0.0007493869934008218,0.004020820576214526,0.009277626355063984,0.003542357063850331,0.0,0.0,0.0,0.003694309012427827,0.01271427064956776,0.001378510895981743,-0.0017521009665816686,-0.006240959962070909
0.8069,0.51192325,0.7902264,0.9530919,0.7336919,0.9,0.9,0.6637625,0.66002405,0.9622642,1.0,1.0,0.66002405,0.66002405,0.78574055,0.32023737,0.7162137,0.009689818311769792,-0.006978520414118505,-0.004696804397279678,-0.0020217945716859216,0.002098053871359224,0.0007079366392595593,0.004644834554203931,0.010932228383407395,0.004700308136949613,0.0,0.0,0.0,0.005932315594685834,0.008022520805898182,-0.007624769065569588,0.007593296243495292,0.0002370777926506552
0.53324044,0.5999599,0.6596793,0.9762011,0.9928678,0.9,0.9,0.414939,0.42838368,0.9622642,1.0,1.0,0.42838368,0.42838368,0.3019905,0.43912622,0.5952137,-0.06126337239344011,-0.000537307415288718,0.0032074616721398663,-0.007370517074752876,-0.0060472538654055405,-0.000614359434573152,0.0026484858540088948,-0.0007569593963357042,-0.00014652813897002244,0.0,0.0,0.0,0.0004828738932950523,-0.005103782375799832,-0.0008330400974660493,0.0052537998459518545,0.0016881842475640874
0.58324045,0.61686075,0.7601926,0.9928678,0.77637506,0.9,0.9,0.26140952,0.27928337,0.9622642,1.0,1.0,0.27928337,0.27928337,0.37574053,0.20357068,0.5622136,-0.04740436459276955,-0.0003390805643605103,-0.0055698698747149045,-0.007998020778252603,0.0005081035290547777,-0.0006648124368610077,0.0032515274819307377,-0.02036447505806215,-0.013057228794938756,0.0,0.0,0.0,-0.022895773710255224,-0.024186632844507183,-0.0009568225869680436,-0.0006552997819887675,0.0024618532229135383
0.65276253,0.7409406,0.7660582,0.75187194,0.9444444,0.9,0.66617596,0.30670357,0.32623452,0.9622642,1.0,1.0,0.32623452,0.32623452,0.40824056,0.3457929,0.48521367,-0.027115648130600585,0.002762369441515705,-0.00240422877366653,0.005350629438310324,-0.010803532175342712,-0.0007434362230137996,-0.007680607868919067,-0.011748767296030003,-0.008449170196552502,0.0,0.0,0.0,-0.008995197863792886,-0.0161244730670789,0.0010177133577743086,0.0007068237719609252,0.002460731609688075
0.78382313,0.7655489,0.7001688,0.85232276,0.9015216,0.9,0.9,0.36611533,0.3826639,0.9622642,1.0,1.0,0.3826639,0.3826639,0.42574054,0.61245966,0.33421364,0.005582351675020978,0.0034505506761826014,0.0015383335898862456,0.0011753416237063016,-0.001963966078651066,0.00034728342934173717,0.003144878572219626,-0.0026296844896232237,-0.0016024892409790238,0.0,0.0,0.0,-0.0009983215938345138,-0.009653460440328115,0.001360699243416549,-0.0008796394337452687,-0.0005880589821101332
0.7761308,0.49606073,0.65071577,0.9444444,0.9928678,0.84684366,0.9,0.48905653,0.50306195,0.9622642,1.0,1.0,0.50306195,0.50306195,0.25199044,0.48690403,0.71921366,0.0036037415058585353,-0.00612132198151919,0.003331905520472531,-0.004415824621535478,-0.005395605916992802,0.000490394739355748,0.0023438657428670705,0.003135168979079517,0.004132641504805292,0.0,0.0,0.0,0.0056514112819606695,0.004641503306872987,-0.002603570909799777,0.0025987857793261793,-0.0009437113820056572
0.9231587,0.9310345,0.18051852,0.17717558,0.17717558,0.9,0.9,0.45317414,0.4664463,0.9622642,1.0,1.0,0.4664463,0.4664463,0.37074053,0.4191263,0.70721376,0.02743341584046434,0.0037837865693406856,0.021625847985944226,0.015103237662025832,0.00829076572417891,0.0002493065422839529,0.004378848769838045,0.0024494575422296864,0.001972017037648253,0.0,0.0,0.0,0.002465031921708657,0.001768769234110629,0.0007594020923840387,0.002991152575593691,-0.001033905942221218
0.814301,0.9084271,0.49341702,0.9444444,0.4842797,0.8781462,0.9,0.77905667,0.78642225,0.9622642,1.0,1.0,0.78642225,0.78642225,0.7657406,0.6380152,0.6302137,0.006304293337797409,0.004990151262715974,0.007520555312491715,-0.0024225408350330535,-0.0012838732822459606,0.0008345831138248542,0.0033659846983714876,0.0070512697667923984,0.002845321799542392,0.0,0.0,0.0,0.003921674428403551,0.012929541067168504,-0.001047854302941178,-0.0034478962584622696,5.785153771223836e-06
0.7217019,0.6309753,0.64493287,0.9444444,0.70881927,0.7163665,0.9,0.26552716,0.28818017,0.9622642,1.0,1.0,0.28818017,0.28818017,0.21074045,0.30801508,0.57721364,-0.01065065879606383,8.19962768610349e-05,0.004466091601646699,-0.0052833193257675395,0.004821565353176249,0.0006054007921257245,0.0014915939865598115,-0.011702523864106827,-0.010945081746748252,0.0,0.0,0.0,-0.015454894264172602,-0.020710039575406264,-0.006740489298553352,0.002172187810756376,0.0015106762965871638
0.772576,0.48881382,0.75990885,0.8068019,0.7653929,0.9,0.9,0.5343507,0.5490918,0.9622642,1.0,1.0,0.5490918,0.5490918,0.5944905,0.40245956,0.6882137,0.0030273576731398057,-0.007128234668421382,-0.0038220041303030626,0.0018118246608189996,0.0022162604415540267,0.0002559280610767153,0.003998230086339904,0.005543306515267648,0.004289752429573646,0.0,0.0,0.0,0.00633421035247213,0.006342883459338571,-0.0004393355925562997,0.006597861726003495,-0.000913037121831444
0.89891636,0.8333552,0.87013525,0.8897405,0.9444444,0.9,0.8055767,0.8231744,0.8256666,0.9622642,1.0,1.0,0.8256666,0.8256666,0.74199057,0.57912636,0.7462137,0.025754520126747744,0.004273902327541662,-0.00972522569395607,-0.0009886417538315245,0.002555114737983354,0.0009486060577612913,-0.0001838648657940442,0.013280349065288233,0.006799722323671558,0.0,0.0,0.0,0.006654515367526903,0.016150418356270645,-0.005059189258746295,-0.0014370540427712502,-0.0037342657492038835
0.81074613,0.6127457,0.6617811,0.9444444,0.6495259,0.59232086,0.9,0.78493893,0.7895529,0.9622642,1.0,1.0,0.7895529,0.7895529,0.60824054,0.81245965,0.62121373,0.009413118822384003,-0.004877123351647602,-0.00013369839361884934,-0.002656377176374797,0.0024120548198059335,-0.006334737099520632,0.002617673926955052,0.012846613962475363,0.001954172462006635,0.0,0.0,0.0,0.0051721443724823315,0.0179265866239161,-0.0025749611677891586,-0.015201646507343534,0.0009757039995490461
0.61756444,0.36487395,0.83012164,0.9444444,0.9762011,0.79354715,0.9,0.2784683,0.29966694,0.9622642,1.0,1.0,0.29966694,0.29966694,0.27949047,0.40801513,0.46121368,-0.032381140424102034,-0.014188867362821388,-0.0069732481398553335,-0.004148132454467649,-0.00800655799006888,0.0024921678583955343,0.0034300621907939,-0.018278648056203505,-0.010025479922517053,0.0,0.0,0.0,-0.015461718001155969,-0.02183927579071619,-5.910820500143233e-05,0.0038372406778378327,-0.000265257770361331
0.8645924,0.87604517,0.7505706,0.94615734,0.792458,0.9,0.9,0.26905665,0.28425077,0.9622642,1.0,1.0,0.28425077,0.28425077,0.21074045,0.30357063,0.62621367,0.019888857516963517,-0.0003229644926468442,-0.004487439948423682,-0.004893563807523332,0.0002661909800920501,0.00021480139761546213,0.0039193625271443325,-0.009155088064333872,-0.012540717765401149,0.0,0.0,0.0,-0.015526736275139771,-0.017966535496072886,-0.007080188906541496,0.0006184797823916871,0.0008337480748448464
0.5178558,0.6236555,0.76404196,0.9928678,0.92636025,0.9,0.9,0.34611535,0.3564685,0.9622642,1.0,1.0,0.3564685,0.3564685,0.3582405,0.31023726,0.6412137,-0.067049492940182,-0.00019345021699817988,-0.0034110983112888293,-0.007607537866214208,-0.006258905093750214,4.600878069675896e-05,0.0021222113313512907,-0.009948876798803678,-0.006509127965524696,0.0,0.0,0.0,-0.009373188934729744,-0.012815580724925313,4.139325818318038e-06,0.003238007878352398,0.002653592420327166
0.8409327,0.6788654,0.6905529,0.9444444,0.9444444,0.6562365,0.67275906,0.55670357,0.56657225,0.9622642,1.0,1.0,0.56657225,0.56657225,0.39824057,0.59357077,0.5712136,0.01565396475321367,0.0017378090049186212,0.0009494030816986003,-0.0028005084921276656,-5.386532878934827e-05,-0.001889056440115084,-0.006909225378873585,0.0052158107418460295,0.005043648835645668,0.0,0.0,0.0,0.005662308683276551,0.007767249919429565,0.002421456605698587,-0.0015686023905682228,0.0014885282358441053
0.865175,0.57863307,0.71858484,0.9444444,0.89146507,0.8128726,0.9,0.4490564,0.4636302,0.9622642,1.0,1.0,0.4636302,0.4636302,0.42574054,0.36468178,0.6562137,0.023758407429937553,-0.0018962221852526246,0.00090072657597907,-0.003785849053065225,0.0001810124350326807,0.0006931925123795557,0.003489743478496649,0.0035547933820483184,0.004450146216687745,0.0,0.0,0.0,0.00609136725687739,0.0034318805342625296,0.001578413416910864,0.005226438369379,6.655791064794012e-06
0.4601635,0.6304681,0.8079587,0.9928678,0.80572265,0.9,0.9,0.41199774,0.4288136,0.9622642,1.0,1.0,0.4288136,0.4288136,0.42574054,0.48690403,0.48521367,-0.08412687702591866,-0.0019003138868859536,-0.0073329025242671805,-0.014523341226125076,0.0016670033803391066,-0.00110866272269183,0.0025578154384777374,-0.002888011493720802,0.00011074737708239445,0.0,0.0,0.0,0.00022424880965434644,-0.0034695607858553647,0.0017983901406679731,0.002848114048171362,0.0006628184664810509
0.91045487,0.57998866,0.8783162,0.9444444,0.9444444,0.7341867,0.6706008,0.7861153,0.7889603,0.9622642,1.0,1.0,0.7889603,0.7889603,0.58699054,0.705793,0.7462137,0.026137964254192455,-0.004035564607366959,-0.009222292872915564,-0.0020109193392637923,0.0031050276464355815,-0.00010311703999385191,-0.008987452188066495,0.008999014465513419,0.004891553057149541,0.0,0.0,0.0,0.005664681398093722,0.014988671822696921,-0.0008931133585832215,-0.00862775910643394,-0.004062987882054591
0.5373779,0.65530735,0.77124333,0.9444444,0.9444444,0.66284907,0.71292895,0.23199777,0.2551855,0.9622642,1.0,1.0,0.2551855,0.2551855,0.16824055,0.41912618,0.44621363,-0.05990045480994687,0.0018828093215642785,-0.003983686364195738,-0.006367135106729205,-0.007002246192869566,0.004354127969201434,-0.0012861091678092835,-0.02200169819571731,-0.014471861187230938,0.0,0.0,0.0,-0.022909294632393454,-0.02905780990910312,-0.002565839316240385,0.0035555017084302355,0.0021896261225480863
0.3175645,0.5683715,0.91501707,0.9444444,0.85232276,0.5494258,0.9,0.44729176,0.45877194,0.9622642,1.0,1.0,0.45877194,0.45877194,0.3644905,0.44023737,0.6512137,-0.11243234042015984,-0.0006127265630591857,-0.016576402057159552,-0.005865501634526981,0.0011229594149820025,-0.00073860369277029,0.00322164128936987,-0.0002737741705579658,0.0010803401200425963,0.0,0.0,0.0,0.002957588705649477,-0.0013155953776121665,0.0029890181300618337,0.005743705787060223,0.0016344829508306818
0.9231587,0.9310345,0.1929013,0.18932904,0.18932904,0.9,0.9,0.43258578,0.4502112,0.9622642,1.0,1.0,0.4502112,0.4502112,0.6294905,0.49468178,0.3532136,0.02542151923869188,0.007211195983178543,0.014562891720638026,0.012401782688261078,0.01029221719727109,0.0015539925658110858,0.0029367788669542295,0.002016794003580384,0.0022281978476427736,0.0,0.0,0.0,0.002178020467160155,0.0014454827845051413,0.0005877318497396937,0.0029277183798729154,-0.0004127800614891014
0.90690005,0.9418765,0.51546633,0.9762011,0.42276448,0.9,0.9,0.6390566,0.6529001,0.9622642,1.0,1.0,0.6529001,0.6529001,0.67074054,0.6380152,0.47921363,0.025769577484793586,0.00505022949553446,0.007691085012820481,-0.005867296636977615,-0.0015711071742975065,0.0009496044276462809,0.004135754316935775,0.005264274641359353,0.0034412784503770975,0.0,0.0,0.0,0.005202102027266148,0.008597671461171548,0.0004570089661518801,-0.0030730887936413504,0.0012848670689908617
0.74477893,0.722912,0.86169446,0.8617433,0.9762011,0.9,0.9,0.36140957,0.3831165,0.9622642,1.0,1.0,0.3831165,0.3831165,0.6894905,0.21579286,0.3952136,-0.003919138698836066,0.0020147954148348997,-0.01162080667584744,0.003556289406829404,-0.009679166221392622,0.0007605997701952416,0.0037671251643486498,-0.009149414239259532,-0.005979462056104149,0.0,0.0,0.0,-0.005995033008630382,-0.008144085845626309,-0.0030417310553710213,-0.004418822450205064,0.00026139667414020005
0.8453616,0.7655489,0.7249451,0.95026696,0.756889,0.9,0.9,0.53552717,0.5398148,0.9622642,1.0,1.0,0.5398148,0.5398148,0.52199054,0.39579296,0.66421366,0.014081079866531837,0.0018067616890729127,-0.0009586590137853088,-0.003939011067862674,0.0015193620948532197,0.0006254960981195576,0.003869574797610308,0.0036415748792645486,0.0035123964232643594,0.0,0.0,0.0,0.005106752520037054,0.0046697914636098115,0.0013209255093692945,0.005490749079119186,-0.0028217141697919573
0.7412241,0.7780228,0.8426954,0.96959347,0.85149914,0.9,0.9,0.5031742,0.51657456,0.9622642,1.0,1.0,0.51657456,0.51657456,0.6719905,0.47468185,0.4522136,-0.006530866932911264,0.002042915619397744,-0.009546906008637718,-0.005391443650977375,0.002299003186967675,0.0006037736934165272,0.004202969921834521,0.005609614133220399,0.004933680632297668,0.0,0.0,0.0,0.007697981757048624,0.006352340354112789,-0.004530750142630751,0.003631756934226411,0.0014166892856301255
0.79862505,0.72768426,0.70359254,0.9444444,0.915114,0.7034281,0.9,0.38788,0.40428957,0.9622642,1.0,1.0,0.40428957,0.40428957,0.63949054,0.2424595,0.4912137,0.00749387975637358,0.0024017665933089728,0.0027106686113275496,-0.0021411518870119812,-0.005045202821106589,-0.002468523298511729,0.0037252488829683096,-0.0029915977291930717,-0.0019007075631846807,0.0,0.0,0.0,-0.001311025818840043,-0.003690974062557897,-0.0023367990722560927,0.0019195383502240981,0.0019148842861681503
0.8219933,0.8198062,0.3498235,0.9444444,0.34334528,0.79247934,0.9,0.40670383,0.42694667,0.9622642,1.0,1.0,0.42694667,0.42694667,0.46324056,0.5680152,0.33921367,0.009261659528056692,0.00445172786497478,0.011638363724571932,-0.009666450361545975,-0.0004170481669654037,0.0008502995630668302,0.0028599995978089293,-0.0016588082389977887,0.0016826917824968558,0.0,0.0,0.0,0.00040758880361558463,-0.0027364081565239644,0.001148362463982676,0.0007858354411247163,-0.0032832750679833212
0.9231587,0.9310345,0.15716515,0.15425469,0.15425469,0.9,0.9,0.34435058,0.35947722,0.9622642,1.0,1.0,0.35947722,0.35947722,0.38574046,0.31023735,0.6012137,0.023320707597111235,0.00432778228285642,0.023076759790288243,0.008960333390441815,0.012047422850927105,7.300156376834157e-05,0.002470716106853941,0.0013523633616215486,-0.0019869983889737168,0.0,0.0,0.0,-0.007599571305120995,-0.0050158653388358765,-8.861881611113833e-05,-0.0003139770203256452,0.0008193422990800035
0.7104549,0.7872722,0.8164764,0.8942464,0.9232409,0.9,0.9,0.639645,0.6432109,0.9622642,1.0,1.0,0.6432109,0.6432109,0.5682405,0.58023745,0.6882137,-0.007724073789367809,0.003292335635572069,-0.007137444154343833,-0.0014958656234709343,0.0018955586883531673,-0.0005445590185569905,0.003965136503907578,0.00943064217030341,0.0069416363108217435,0.0,0.0,0.0,0.008206888447220428,0.011259127135485271,0.00048422916157982984,-0.0011629406368617251,-0.003226692009137763
0.6989164,0.68572336,0.6919575,0.7812122,0.9444444,0.9,0.71292925,0.22140951,0.24159051,0.9622642,1.0,1.0,0.24159051,0.24159051,0.3319906,0.3080152,0.39321366,-0.014761306062443752,0.0011265899629198228,0.002128694641022155,0.0046977582700460175,-0.009250068550332807,-0.000543440178650381,-0.002353830009367006,-0.018847785166764552,-0.014922086913008432,0.0,0.0,0.0,-0.021983571159980918,-0.02879189601844678,-0.0012129431848111926,7.282282447537196e-05,0.0011317757707096981
0.9231587,0.9310345,0.26458082,0.25968117,0.25968117,0.9,0.9,0.59729195,0.61659586,0.9622642,1.0,1.0,0.61659586,0.61659586,0.5369906,0.58801526,0.58521366,0.02638472839310648,0.007263897858045354,0.02002607856059614,0.01169469890929022,0.002208405795292589,0.0014799330813287722,0.0048768748717779534,0.002414212505591843,0.003924964565052473,0.0,0.0,0.0,0.007430357787150819,0.007110431196680161,0.0011525382073586427,-0.0002664717268356115,0.0006412926894608104
0.91785586,0.8209112,0.81268764,0.9762011,0.9928678,0.9,0.9,0.35846844,0.3776945,0.9622642,1.0,1.0,0.3776945,0.3776945,0.2607404,0.36023745,0.5912137,0.03158695749939107,0.00012962421674977105,-0.00792803883359649,-0.003713432527639551,-0.007138928509575568,0.00035318027856042064,0.0037852435655136994,-0.0032241964125459886,-0.004517038965323155,0.0,0.0,0.0,-0.0019731390279165164,-0.00704448161496546,-0.00536190938533463,0.000964827375561967,0.0010255137196789098
0.8181472,0.9345819,0.79445606,0.9444444,0.8479025,0.957162,0.9,0.43552712,0.4528857,0.9622642,1.0,1.0,0.4528857,0.4528857,0.43074054,0.346904,0.6952137,0.010079732139785622,-0.002644855303764046,-0.007805258372710131,-0.003993211197088135,0.0007301983034057205,-0.00030479225628401757,0.00506113710850856,0.0012036761833858502,0.00046270725267809934,0.0,0.0,0.0,0.002165703024637353,-0.00031948407770339415,0.000367460523096506,0.003958988904089965,-0.0034892529418026814
0.76016355,0.7961933,0.8582516,0.9444444,0.9463495,0.8794137,0.9,0.28258604,0.30387008,0.9622642,1.0,1.0,0.30387008,0.30387008,0.2607404,0.45245966,0.46821365,-0.004489390543532718,0.002617198967026032,-0.013939757483514233,-0.005909443124307638,-0.0063715173612356665,-6.1412945579726425e-06,0.0009639966465371181,-0.015477238485050636,-0.013598839798527577,0.0,0.0,0.0,-0.019374947849565557,-0.025556226696643237,-0.005077067379626732,0.0021606071886872587,0.0016020402658976115
0.7527625,0.73751277,0.8359349,0.8204546,0.9762011,0.9,0.9,0.3519976,0.37175176,0.9622642,1.0,1.0,0.37175176,0.37175176,0.58699054,0.545793,0.1662136,-0.006740006162241134,0.0016478459351057246,-0.009885505851981396,0.0024424312611002856,-0.007818259824096774,-1.7790829945692546e-06,0.00369145610357431,-0.006849371692560033,-0.004379249458026983,0.0,0.0,0.0,-0.004197614848065636,-0.010066827620328922,-0.0012496331109077665,0.0017026222916519328,-0.014828441650740851
0.7293944,0.7687452,0.8109745,0.9444444,0.8720297,0.7431204,0.9,0.25788003,0.28084993,0.9622642,1.0,1.0,0.28084993,0.28084993,0.19824052,0.46023738,0.39321366,-0.006785309335757543,0.0027489496868490487,-0.007172533586584029,-0.006317414809915041,-0.002336951556089527,0.001137679517713493,0.002150232967913343,-0.012827068922652956,-0.013524541172243729,0.0,0.0,0.0,-0.015856398925526972,-0.0237912429524076,-0.006897146172980231,0.003127385664570256,0.00041935860554694266
0.9231587,0.9310345,0.33287555,0.32671118,0.32671118,0.9,0.9,0.7114096,0.7255676,0.9622642,1.0,1.0,0.7255676,0.7255676,0.63949054,0.66690403,0.6242137,0.023748826126409446,0.0068508169754359395,0.016838383511556722,0.0077388415226517905,-0.0010466935581327553,0.0011736089674831357,0.004050838040833905,0.005142612950394663,0.00264688977805402,0.0,0.0,0.0,0.006615870297973238,0.010590626205583036,-0.0019163312432456776,-0.005221800940199547,-0.00027561559043040265
0.6021798,0.6549074,0.843367,0.8277491,0.9928678,0.9,0.9,0.5431742,0.5564289,0.9622642,1.0,1.0,0.5564289,0.5564289,0.45699048,0.6435708,0.5072137,-0.032547950901896654,8.90848408690767e-05,-0.007422442203012072,0.00245031349280356,-0.001776175964788847,-0.00044223050888404043,0.006446327189356623,0.007675289030340651,0.0057607625317151676,0.0,0.0,0.0,0.007843061610859474,0.008850650047332985,0.0022887218274612315,-0.004067336518329089,0.0022760254316946792
0.74862504,0.7587217,0.8511266,0.9444444,0.768478,0.733431,0.9,0.50199765,0.51758534,0.9622642,1.0,1.0,0.51758534,0.51758534,0.65074056,0.60468185,0.3162137,-0.0007397604205453856,0.0017470189211333403,-0.0088512129678883,-0.0044323145427628404,0.0024484145137321028,-0.0023260481595896586,0.004319503043674848,0.004109056532712754,0.003961971197772287,0.0,0.0,0.0,0.005609829587957014,0.0045734366948517,-0.0053775294615561,-0.0032291529030456017,-0.0022004245499487006
0.9231587,0.9310345,0.20230713,0.19856071,0.19856071,0.9,0.9,0.414939,0.4344314,0.9622642,1.0,1.0,0.4344314,0.4344314,0.52449054,0.70023745,0.1992136,0.029939244203448134,0.008914001969084762,0.015098695762250793,0.015044864614518148,0.007274225287687552,0.001164593410527334,0.005609022220534781,0.0007966896057241805,0.0020335556553377956,0.0,0.0,0.0,0.0011163633260720305,-0.0003526968874539846,0.0008046248780408486,-0.0032922874999266917,-0.0039961501686251325
0.9069001,0.9471367,0.39555064,0.9444444,0.38822564,0.9155655,0.9,0.6508213,0.6620132,0.9622642,1.0,1.0,0.6620132,0.6620132,0.71324056,0.5935707,0.58021367,0.024179006110911595,0.005244855376961244,0.009879207365162622,-0.004660959888227683,-0.0019028581395387923,0.0011157997549693572,0.004565518599888935,0.005809131599138477,0.0033228933430044967,0.0,0.0,0.0,0.006051743124820728,0.00978141423295249,0.0005846377361500385,-0.0014220942127582878,0.0005348842026336267
0.52467406,0.48950928,0.9323929,0.9444444,0.9928678,0.8227389,0.9,0.57493883,0.5859009,0.9622642,1.0,1.0,0.5859009,0.5859009,0.54574054,0.44023737,0.60721374,-0.05451854689994331,-0.008874592132978946,-0.017144652480396146,-0.004259997187524427,-0.000628674175998575,0.0007768716919104254,0.003867579047845003,0.01041450638062435,0.005801150902401583,0.0,0.0,0.0,0.008783728470908615,0.00865953319294367,-0.00036924099605528866,0.005243393075843754,0.0014242601138330475
0.74151534,0.61320686,0.7561425,0.9444444,0.9928678,0.7597302,0.9,0.68729174,0.69669986,0.9622642,1.0,1.0,0.69669986,0.69669986,0.39699054,0.65690404,0.78921366,-0.001629335586363585,-0.002191704717126972,-0.0027880842830710147,-0.004235436734553508,0.0025286936129235525,0.001123678488723897,0.005613787397468466,0.008075914652470033,0.0037210029595866473,0.0,0.0,0.0,0.005031355048438973,0.01211106700403475,0.0016608198622118883,-0.006000946455912353,-0.00631480108651378
0.84122413,0.82111806,0.82435906,0.885304,0.9444444,0.9,0.7937475,0.38140938,0.39775482,0.9622642,1.0,1.0,0.39775482,0.39775482,0.3582405,0.5302375,0.4122137,0.017783079150603762,0.0024833829297668843,-0.006840542917590856,0.0006918000388465795,-0.0030459390471795997,0.0008594593204628919,-0.001060569101102552,-0.00011407115239870485,-0.0026742720952375176,0.0,0.0,0.0,0.00013215066753878167,-0.005927214289175214,-0.0006187193045281425,0.0029460624267209014,0.0025369269433556095
0.77554816,0.78289807,0.83376,0.9928678,0.9928678,0.9,0.9,0.69376236,0.70675635,0.9622642,1.0,1.0,0.70675635,0.70675635,0.58699054,0.7780152,0.52221364,0.007037291769767748,0.002399278517629378,-0.006699682186317741,-0.007891671719576698,0.0012504453762544631,0.00011130020869524263,0.004982263888319832,0.01131988782138786,0.005381312437778601,0.0,0.0,0.0,0.00621175008929186,0.012733677342317583,-0.0027061138880611884,-0.015925372121977987,0.0011353893574479286
0.53324044,0.62708473,0.8410284,0.94615734,0.9116092,0.9,0.9,0.64140946,0.65412766,0.9622642,1.0,1.0,0.65412766,0.65412766,0.45074058,0.7735708,0.6462137,-0.04987646689087688,-0.00017569549262677015,-0.008401222846867108,-0.004017478939445609,0.0015120972818714884,-0.00039392302502016906,0.0067280553283922,0.012439789736063371,0.00801758929186859,0.0,0.0,0.0,0.011005855897599486,0.014746299809278511,0.001722037623868267,-0.01497795385117151,0.0005019656977134454
0.9231587,0.9310345,0.14024626,0.1376491,0.1376491,0.9,0.9,0.28493893,0.30653438,0.9622642,1.0,1.0,0.30653438,0.30653438,0.30949044,0.5546819,0.22521362,0.03006397798357014,0.009814544183417677,0.01742334354872608,0.014698594904389784,0.018275333523181333,0.000984457673929033,0.003348737546698732,-0.00230336301279192,-0.0010779519054035728,0.0,0.0,0.0,-0.008653350249526695,-0.009114231744917729,0.000841953698226426,0.0022065323117451256,-0.0039658010737100065
0.86430097,0.79307765,0.7910207,0.9410746,0.8368909,0.9,0.9,0.26140952,0.27736324,0.9622642,1.0,1.0,0.27736324,0.27736324,0.48199052,0.122459516,0.47721368,0.021842443721077374,0.002815476465704562,-0.0067650228380991065,-0.0034700501976478748,-0.002443344772121611,0.0003215273678600931,0.0042343366187466615,-0.013206590775073359,-0.012876163602866928,0.0,0.0,0.0,-0.015737678977824222,-0.018442947836160847,0.0016373504141147534,-0.004937889050306277,0.0016503815894183267
0.7524712,0.62389547,0.88040084,0.9677255,0.92096955,0.9,0.9,0.3843506,0.38933775,0.9622642,1.0,1.0,0.38933775,0.38933775,0.5657405,0.3302374,0.5052136,-0.0013515129323492482,0.0007310347995637456,-0.014495895180253045,-0.00485343260822322,-0.0034557626692390546,8.888489276354599e-05,0.0059884380496486025,-0.004470153717962125,-0.0033377515235799753,0.0,0.0,0.0,-0.0026326466754873763,-0.005262070046094083,0.0006886013530047241,0.003484853714602221,0.0015476170942082426
0.85159713,0.6823842,0.9323929,0.9928678,0.92906505,0.9,0.9,0.3443507,0.36018437,0.9622642,1.0,1.0,0.36018437,0.36018437,0.43449056,0.22245958,0.6162137,0.022241059869597866,0.0025273758400146795,-0.023663741945188797,-0.002941998916554102,-0.004110739429888111,-0.00017827984055439694,0.0030401603699357414,-0.005912971645974457,-0.006012780841384554,0.0,0.0,0.0,-0.0065550155449194845,-0.008591562937752095,0.0008763341110707557,-0.0015768335861466188,0.001811548640153377
0.6447789,0.679001,0.8867783,0.9463495,0.9103787,0.9,0.9,0.5425859,0.55402344,0.9622642,1.0,1.0,0.55402344,0.55402344,0.40074056,0.5313485,0.72521365,-0.026114181162501818,0.0019250834181999954,-0.014121416427406488,-0.004788656556420978,0.0022589885483214607,0.00031213751324607247,0.0043349605253080875,0.005553075841652147,0.004064456234128977,0.0,0.0,0.0,0.006594261407773151,0.005912489997625712,0.0016563955927591393,0.0008968392642793817,-0.004780585073269161
0.33679524,0.5923974,0.7971847,0.9677255,0.9444444,0.9,0.50265884,0.58552706,0.5931886,0.9622642,1.0,1.0,0.5931886,0.5931886,0.58449054,0.59801525,0.45221367,-0.11341162902885021,-0.0037896844297696684,-0.005575284153443959,-0.008286791503302934,-0.004269036404859006,-0.0005987918595993405,-0.02590339325926994,0.007675930711243359,0.0042159736225658865,0.0,0.0,0.0,0.006336645469651196,0.007674341509694713,-0.0020595073223008994,-0.0021185138010944454,0.0008534919587713811
0.9231587,0.9310345,0.3836054,0.3765016,0.3765016,0.9,0.9,0.72493887,0.74231774,0.9622642,1.0,1.0,0.74231774,0.74231774,0.6269905,0.5891263,0.6882137,0.023155190390899708,0.006730721919304693,0.012790266091376243,0.007700016517880902,-0.002374515104385696,0.001586816829712216,0.004991699236366709,0.004233862513411461,0.001976603578325907,0.0,0.0,0.0,0.005297895097452571,0.009489221577407544,-0.001641365993714435,-0.000927781966399175,-0.0007473541109390583
0.48708662,0.6823842,0.8434268,0.8572891,0.9530919,0.9,0.9,0.51435065,0.52689,0.9622642,1.0,1.0,0.52689,0.52689,0.3019905,0.53023744,0.68321365,-0.06506193273427055,0.001413423156264285,-0.00720446469136451,8.563719126350525e-06,-0.002763590524301837,-0.0006720237100000126,0.005373158855592268,0.0062801844993427254,0.003791990223289366,0.0,0.0,0.0,0.007506697195326857,0.0060265395916851185,-4.178850734255224e-05,0.0022379255142250653,-0.0006522225563629208
0.9231587,0.9310345,0.34192267,0.33559078,0.33559078,0.9,0.9,0.73023313,0.74658495,0.9622642,1.0,1.0,0.74658495,0.74658495,0.3869906,0.72912633,0.7682137,0.021427957249862076,0.006346521133906218,0.015129717104654584,0.008827448957419316,-0.0015018796459603189,0.0008029579818931849,0.00396825019160741,0.0038107933405381778,0.0027456893838258656,0.0,0.0,0.0,0.006971553130004146,0.010260669245980658,0.0020377440809332594,-0.0065802510507884104,-0.002338297116929677
0.83708656,0.78258234,0.9188803,0.9444444,0.9166222,0.84094656,0.9,0.4325859,0.4507322,0.9622642,1.0,1.0,0.4507322,0.4507322,0.46949047,0.5791263,0.3822136,0.016714364042071862,0.0026169902893785966,-0.0169210175748547,-0.0039715757267682695,0.0005629737493885549,0.0008078242545770063,0.004044681881451766,-6.647594190009605e-05,0.0003190805415389035,0.0,0.0,0.0,0.0028696997111839345,-0.0010237485151586554,0.0016046684006884406,0.000892741463320884,0.001504632638523165
0.49862504,0.6270212,0.8541773,0.9444444,0.839055,0.60612047,0.9,0.35435072,0.37696445,0.9622642,1.0,1.0,0.37696445,0.37696445,0.25199044,0.6435708,0.3492136,-0.07350552663837827,-0.00014176141921870688,-0.011466187923226553,-0.009712360796430652,0.002054490988792581,0.0010908362583993817,0.003829261647680554,-0.009427601489847169,-0.0034128686348841746,0.0,0.0,0.0,-0.004740184956172994,-0.01268814863311162,0.0006387089115893381,-0.0040138202816208555,-0.0033044839754662685
0.64891636,0.6309749,0.9020078,0.9444444,0.9444444,0.60994244,0.957162,0.31258607,0.33397612,0.9622642,1.0,1.0,0.33397612,0.33397612,0.2607404,0.4291262,0.55421364,-0.025841977886917625,0.0012532059330335724,-0.016529977601886407,-0.004623566317268954,-0.005241132983608576,-0.0015514534158031087,0.0015452040145161156,-0.010341458017383448,-0.009765297685433418,0.0,0.0,0.0,-0.01056216604249993,-0.014708117088636537,-0.0007181143831058356,0.003496637379471945,0.0022703048942795136
0.72583944,0.7865682,0.68841255,0.9444444,0.6777287,0.8227389,0.9,0.16846825,0.18879439,0.9622642,1.0,1.0,0.18879439,0.18879439,0.3019905,0.37579292,0.21121368,-0.009814961083387636,0.0032897099630304068,0.002099180817626267,-0.007024971782899304,0.005945777076774268,0.0010638404124613172,0.0027050849904900072,-0.020787487268492316,-0.020294790198388677,0.0,0.0,0.0,-0.030835940090125833,-0.03631835136858637,-0.004824563199024579,0.00196939329521078,-0.007643489385314641
0.8566087,0.6891476,0.6126746,0.9444444,0.887077,0.77296776,0.9,0.22258602,0.24129944,0.9622642,1.0,1.0,0.24129944,0.24129944,0.41449046,0.34245956,0.30021363,0.025011988311653813,0.002815229282403062,0.006878955436790712,-0.003709144507453391,-0.004259474940719189,0.0007071535076452514,0.002119044247754294,-0.014917470149440877,-0.014793352933233729,0.0,0.0,0.0,-0.020700482983022152,-0.027372030512171252,0.00038707661409627956,0.0012588341477898619,-0.004296927474945293
0.7140096,0.5889507,0.8976913,0.9444444,0.9762011,0.76034963,0.9,0.43788,0.45661408,0.9622642,1.0,1.0,0.45661408,0.45661408,0.49949056,0.46912628,0.4612136,-0.016913433701623216,-0.0031556552627928476,-0.014968115054212108,-0.004064721055497456,-0.004066913277746467,-0.0005560621946533949,0.0029279358237415663,-0.0006691475795281054,0.0008303139784291226,0.0,0.0,0.0,0.003534649271434822,-0.0008328442691679123,0.0015949381836787005,0.0049181888252959865,0.0010133565150490548
0.8219933,0.8198062,0.4781116,0.9444444,0.46925768,0.79247934,0.9,0.6802329,0.6920931,0.9622642,1.0,1.0,0.6920931,0.6920931,0.59824055,0.5680153,0.67921364,0.011239310245829491,0.0038862939532043777,0.0076982510010456095,-0.0036685802825034337,-0.0012215394048825919,0.000668092705955348,0.006207304161059016,0.006405578136528018,0.002758793396260524,0.0,0.0,0.0,0.0040667615885499435,0.00985055778376932,0.0002705121875144492,-0.0008047649876129236,-0.0005894485228549538
0.9231587,0.9310345,0.35063988,0.34414655,0.34414655,0.9,0.9,0.6531742,0.65834725,0.9622642,1.0,1.0,0.65834725,0.65834725,0.3169905,0.6046818,0.81721365,0.02885672449605311,0.0037069889741740314,0.016570329758233485,0.013816155667984083,0.0020326315245887223,0.0007756496778732195,0.004907267805023565,0.0037934032655582662,0.005849197897146775,0.0,0.0,0.0,0.00842045329393546,0.009491540659680496,-5.307213630473977e-05,-0.0001485639382692817,-0.0042404541307385114
0.70690006,0.37833935,0.5675223,0.9463495,0.6382513,0.9,0.9,0.3890567,0.40525818,0.9622642,1.0,1.0,0.40525818,0.40525818,0.3069905,0.42023742,0.5672137,-0.01549205927172697,-0.019520028994092484,0.007474653569857903,-0.0067300918690505,0.002237808532043608,-0.0003802380614961183,0.002977119104178707,-0.0038663664669225063,0.0016037998868177062,0.0,0.0,0.0,-0.000645878240888608,-0.00654119661742892,-0.0006147900793518035,0.006628594042280254,0.0017984246077792615
0.7953615,0.63528126,0.80711484,0.96959347,0.9444444,0.9,0.6142272,0.4243505,0.44075403,0.9622642,1.0,1.0,0.44075403,0.44075403,0.49324054,0.3302374,0.5562137,0.006625369152624867,-4.4351477158569746e-05,-0.005790109390648623,-0.005364196855658302,-0.0026873971185523964,-0.0004967115211802497,-0.0185355696536349,0.0011842536815024778,0.000471801595070979,0.0,0.0,0.0,0.0029200384640415827,-0.0004562633380705844,0.0005602485005992746,0.006041770161166294,0.002047236839961882
0.9231587,0.9310345,0.26009366,0.25527713,0.25527713,0.9,0.9,0.48317438,0.49034882,0.9622642,1.0,1.0,0.49034882,0.49034882,0.72324055,0.17801507,0.5952137,0.029295926586182366,0.005714319517902539,0.01767147701889883,0.0029602650308640484,0.010066375974486664,0.0008588368878609295,0.004795888465755288,0.0022704634472016506,0.002483259240475474,0.0,0.0,0.0,0.0032370220710248713,0.00247385502314533,-0.0014043120963019087,0.003610132208256722,0.00046438231465744994
0.88766927,0.8209108,0.59572846,0.9444444,0.92365605,0.79354715,0.9,0.4378799,0.45227996,0.9622642,1.0,1.0,0.45227996,0.45227996,0.2444905,0.49134848,0.6112136,0.02589692920380138,0.0005457614431266551,0.004594506576100278,-0.0046246762983966384,-0.003195067784406117,0.00043793723787556994,0.002072497773645955,0.0007861067885074207,0.0020660513649901004,0.0,0.0,0.0,0.00436463292518869,0.00021177863098929627,-0.005829857795872081,0.0017171730713970812,0.0006790020664270632
0.814301,0.9084271,0.5243342,0.9444444,0.5146243,0.8781462,0.9,0.8478802,0.8499088,0.9622642,1.0,1.0,0.8499088,0.8499088,0.9057405,0.6380152,0.64621365,0.0060271564849076675,0.006531291903270835,0.006278961742893632,-0.002737599880042177,-0.0005205619220869498,0.0010972721769257148,0.004427605859804577,0.0072314103067114485,-0.0002366411402054798,0.0,0.0,0.0,0.003822072338242819,0.012794006137091727,-0.00773242773930937,-0.004970235304102532,0.0002419571750389839
0.89093274,0.8131381,0.8315398,0.852326,0.9444444,0.9,0.7260709,0.60023296,0.612755,0.9622642,1.0,1.0,0.612755,0.612755,0.58699054,0.6046819,0.53421366,0.027527025665041335,0.003182221792826688,-0.006566960654784835,0.0012060523262185576,0.0006185401210197481,0.000426275319620575,-0.005489572860274736,0.007443080925775485,0.00724609507978802,0.0,0.0,0.0,0.009047439682070611,0.010737967157583812,0.00010846666176394341,-0.0012765165077573074,0.001057747720330924
0.9231587,0.9310345,0.29145366,0.28605637,0.28605637,0.9,0.9,0.46905652,0.48458382,0.9622642,1.0,1.0,0.48458382,0.48458382,0.5319905,0.456904,0.5322137,0.02688470010597112,0.004816304319435403,0.015557299430490374,0.0077708443661684825,0.0074371654122201815,0.00047238094662928077,0.004063868881697897,0.0026127327774557634,0.00224297987435566,0.0,0.0,0.0,0.0028824438272229413,0.003085858218532108,0.0013412777507032215,0.0025801349249241212,0.0007398056432620643
0.68382317,0.7655489,0.8262102,0.81091005,0.7552124,0.9,0.9,0.1714096,0.191796,0.9622642,1.0,1.0,0.191796,0.191796,0.42074054,0.40912616,0.23921366,-0.02044640755390252,0.0036397782536489553,-0.010184351170674243,0.0018775326427254851,0.0032997670661018756,-0.00047341916599436093,0.003403104012314301,-0.027880467865886594,-0.022675008043575712,0.0,0.0,0.0,-0.03330196261519724,-0.033746262018348246,0.0005415298454052677,0.0014685388769668706,-0.007429577038278535
0.6832405,0.673372,0.8582516,0.88713706,0.92096955,0.9,0.9,0.6214096,0.6328971,0.9622642,1.0,1.0,0.6328971,0.6328971,0.3019905,0.79690415,0.59021366,-0.01688524548615995,-0.0003019148243948117,-0.00980317056477723,-0.0008467228687420047,0.0026673642777869035,-0.00045775719632061194,0.006348256861009202,0.0062259564310738,0.00498170205923821,0.0,0.0,0.0,0.005961430046593434,0.011752278416923934,0.0016583889723398764,-0.018216974018012644,-6.922753424323202e-05
0.6714107,0.7375587,0.84155977,0.9444444,0.8555725,0.957162,0.9,0.18788013,0.20930715,0.9622642,1.0,1.0,0.20930715,0.20930715,0.24074042,0.25245965,0.42621365,-0.02077214783280585,0.002912743781875707,-0.010423947422102993,-0.005371779957719877,-0.00021376214292472047,-0.0029114610578134742,0.0033510042718930292,-0.02860725606914211,-0.019386410706470354,0.0,0.0,0.0,-0.0321451403465324,-0.03417535664724186,-0.00280290180808466,-0.0016745902653398784,-0.00025019646508378046
0.90217984,0.30637547,0.9038755,0.9444444,0.9292485,0.8726473,0.9,0.5643508,0.5769212,0.9622642,1.0,1.0,0.5769212,0.5769212,0.49199057,0.42134845,0.67921364,0.028534804977550024,-0.019204581522144003,-0.012845635381672322,-0.001891787271320107,0.0027811462149120196,0.0009323628957926454,0.005464309194619114,0.008361481747702121,0.005367003361959048,0.0,0.0,0.0,0.0081327030168517,0.007771788343773463,0.0013373034303712106,0.005947018609669927,0.0023290416125819084
0.88766927,0.7655489,0.7976619,0.82559633,0.8960403,0.9,0.9,0.35140958,0.37018055,0.9622642,1.0,1.0,0.37018055,0.37018055,0.39574045,0.35801518,0.5602137,0.030060122590012207,0.0031783959339939383,-0.00545303955620777,0.00265151055556662,-0.0017885334251804426,0.000833201722562446,0.00330524100598141,-0.001919876950362845,-0.004104569698590651,0.0,0.0,0.0,-0.002030447365736271,-0.006511063898946007,0.0006512070513134892,0.001378497366504135,0.0013902271671619865
0.61045486,0.71042025,0.794637,0.8983711,0.8112972,0.9,0.9,0.24964489,0.26631206,0.9622642,1.0,1.0,0.26631206,0.26631206,0.21574056,0.5457929,0.37921372,-0.042041041107760045,0.0018338515980260218,-0.007422131649722437,-0.005216558269943361,0.00041322930748365983,-0.0007557699628656071,0.0023552985560987725,-0.0162169071541411,-0.01077825909935127,0.0,0.0,0.0,-0.01837749067604295,-0.026600854137886293,-0.005094906094237812,0.0023166544001743446,0.00010481010595240738
0.8453616,0.7655489,0.73011464,0.716594,0.90442353,0.9,0.9,0.32729182,0.3309637,0.9622642,1.0,1.0,0.3309637,0.3309637,0.39699054,0.29134846,0.53821373,0.016039057932999316,0.0015612610060246016,-0.0007576173931928526,0.0029026121873304994,-0.006589627892722574,0.0006787812380554337,0.0020737982657245773,-0.007654288824770675,-0.011156496417697177,0.0,0.0,0.0,-0.010226796759934804,-0.01589024176588445,0.0004749663847367004,-0.0017215408354051274,0.0012816816457031505
0.6873779,0.8209112,0.8563749,0.8405161,0.9166222,0.9,0.9,0.28023306,0.30319488,0.9622642,1.0,1.0,0.30319488,0.30319488,0.40074056,0.3913485,0.42221364,-0.013737367366988003,0.003869674221159073,-0.011648545785776353,0.002512845540762047,-0.004293157369302131,-0.0006155082636356278,0.0035877819835141433,-0.013608408326510177,-0.012344677720573474,0.0,0.0,0.0,-0.014804078543887171,-0.019021016917600966,0.0007434554895139052,0.0019219095747124602,0.001151938812166496
0.9231587,0.9310345,0.19357197,0.1899873,0.1899873,0.9,0.9,0.33846843,0.35465434,0.9622642,1.0,1.0,0.35465434,0.35465434,0.3644904,0.4035707,0.4992137,0.02503609298381725,0.005918797213841159,0.016820995114917095,0.01085184732541664,0.010245605472838606,0.001192339671158407,0.0027065940733673917,0.0013805440873867726,-0.0012793358265644006,0.0,0.0,0.0,-0.006606348587104057,-0.0045138369213088645,4.183450572999218e-05,0.0014912515379788833,0.000886985241930351
0.8063173,0.41687697,0.8275697,0.9444444,0.8568099,0.957162,0.9,0.7708215,0.78376037,0.9622642,1.0,1.0,0.78376037,0.78376037,0.52449054,0.62245965,0.80821365,0.008733126827069407,-0.008939243923359623,-0.006079052846277584,-0.0021948944974079765,0.0018024960654419065,0.0002661550365150288,0.005726157190531567,0.013585335597316313,0.0021041133759080915,0.0,0.0,0.0,0.0054000838849771245,0.015570195277398571,0.0006585488980097576,-0.005322735086230781,-0.00453474471435601
0.3865039,0.5199919,0.82244533,0.9444444,0.9762011,0.50265884,0.9,0.37729186,0.39733738,0.9622642,1.0,1.0,0.39733738,0.39733738,0.35199046,0.51357067,0.5162136,-0.10382008549351497,-0.003921315288878976,-0.00875321241072983,-0.008493700894243056,-0.0052306530454370994,-0.0016010571204957442,0.0030067165803979467,-0.008108697883437033,-0.0024759588210819727,0.0,0.0,0.0,-0.003388810337244237,-0.009601131785782565,0.0036923826631358333,0.003366796830325189,0.001415057296515738
0.829977,0.7996218,0.69221437,0.9928678,0.6401798,0.9,0.9,0.31788006,0.3357973,0.9622642,1.0,1.0,0.3357973,0.3357973,0.3219905,0.38690397,0.4122137,0.01951126958668335,0.005161052910370525,0.00248442229864714,-0.010035022948471563,0.004292230845462814,-6.144923492315255e-05,0.0037933309259189376,-0.005248836715591487,-0.004685231336664654,0.0,0.0,0.0,-0.007322601775565342,-0.011940455076009967,-0.0035985567017875774,0.0037927372781260084,-3.921601534830454e-05
0.8722846,0.8209108,0.74289656,0.878727,0.9149131,0.9,0.9,0.420233,0.442705,0.9622642,1.0,1.0,0.442705,0.442705,0.5744905,0.58801526,0.32721367,0.02001704995056784,0.0031466828791779046,0.0005381737377617786,-0.0011261732214518543,-0.0011925829938353215,0.00040496632058342215,0.004010281373928626,0.00020620816256596822,0.0015925306840415198,0.0,0.0,0.0,0.002748554011451917,-0.0014324473559817685,-0.0010773946069974102,-0.0004033675458122492,-0.0023942222010374225
0.6681472,0.6857059,0.8624243,0.8946535,0.77992153,0.9,0.9,0.050233055,0.0657247,0.9622642,1.0,1.0,0.0657247,0.0657247,0.5082405,0.11801508,0.26521358,-0.02862916363235031,0.0010788076706237132,-0.01629427619071982,-0.0025558516468512176,-0.000553198500067911,-0.0004981288364790009,0.0021059272769449857,-0.045235873688538125,-0.03751079896700968,0.0,0.0,0.0,-0.0557501201639964,-0.047872553070104296,0.0012634627008931364,-0.009554830726525618,-0.0076640495565699065
0.87968564,0.93142235,0.8315398,0.9444444,0.8201167,0.957162,0.9,0.55140954,0.56694126,0.9622642,1.0,1.0,0.56694126,0.56694126,0.52574056,0.49468178,0.5612137,0.02439625781181195,0.0004862957584645609,-0.007485084789500245,-0.00421838194168164,0.0032712165146325505,-0.0004487074624821332,0.0051734709176905124,0.004506299146624249,0.00519711138565898,0.0,0.0,0.0,0.0070145619134787725,0.006224190319181715,0.0012438262510226206,0.003243224702106862,0.00041230343414437793
0.42910293,0.62411237,0.83002645,0.9444444,0.885304,0.65659904,0.9,0.55376256,0.57608145,0.9622642,1.0,1.0,0.57608145,0.57608145,0.46324056,0.6880152,0.45521364,-0.08246502469338036,-0.00044080917283216477,-0.005861259221672615,-0.006994270989501863,0.0010991219837299265,-0.00043220198575781056,0.0037093843153510704,0.007230848828092905,0.004685919231195266,0.0,0.0,0.0,0.007347986753199511,0.008213716120581247,0.0025633941622678082,-0.010486153598267727,0.0012522651269161226
0.6024712,0.67578363,0.77124333,0.94615734,0.96959347,0.9,0.9,0.53376245,0.54564387,0.9622642,1.0,1.0,0.54564387,0.54564387,0.5082405,0.60468185,0.5512136,-0.03933691678914214,0.0008473295020129375,-0.0026311088684851406,-0.005861827069666513,-0.001652761931221512,0.00013139761665968073,0.004537145311645897,0.005631081692463438,0.004565066052891073,0.0,0.0,0.0,0.006192513188382816,0.006333344369518289,0.00016002907921016226,-0.0034910972476187552,0.0018134720048381173
0.9231587,0.9310345,0.2552339,0.25050738,0.25050738,0.9,0.9,0.57670367,0.5920384,0.9622642,1.0,1.0,0.5920384,0.5920384,0.3782406,0.6502374,0.6072137,0.02784705103411705,0.006439698104411276,0.01845024239928158,0.012112370419061607,0.0066555802496798475,0.0013486986622199715,0.006026482952719478,0.0022181906441938715,0.004137303391047692,0.0,0.0,0.0,0.006923172385457234,0.00730029559868086,0.0016115591916951203,-0.0020050095470636768,0.0001186359625665706
0.87910295,0.84524274,0.88120836,0.9444444,0.9444444,0.957162,0.957162,0.5408212,0.5623635,0.9622642,1.0,1.0,0.5623635,0.5623635,0.5432405,0.6502374,0.47721356,0.020323134935385893,0.002849885341551237,-0.011984315219382313,-0.0043441889958374235,0.003119497217804266,-0.0006572037988235431,0.005794748355106116,0.00485184089279154,0.005441408194411538,0.0,0.0,0.0,0.006734120472433048,0.006426941582987484,0.0005212660603575952,-0.002921081778847846,0.002121833251550742
0.87141067,0.80722773,0.9307994,0.9762011,0.9292485,0.9,0.9,0.74964476,0.7635989,0.9622642,1.0,1.0,0.7635989,0.7635989,0.7294905,0.5569041,0.7042137,0.023213691004552475,0.002557198422282832,-0.014518997712116968,-0.0026459027686194965,0.0029082668987142025,0.00022914095745100373,0.005453773389949215,0.013537062020199775,0.008708332459407598,0.0,0.0,0.0,0.006328779071004783,0.013096422859819032,-0.0045451310319825945,0.00027419084523003457,-0.001970520640693559
0.9231587,0.9310345,0.13635261,0.13382757,0.13382757,0.9,0.9,0.40964484,0.42916635,0.9622642,1.0,1.0,0.42916635,0.42916635,0.37074053,0.5369041,0.46121368,0.027542271060636128,0.006291894320197679,0.01918242406272071,0.015185523155299805,0.012394243801884322,0.0009249540626480665,0.003768545567310768,0.0026330905146575985,0.0014482368841824223,0.0,0.0,0.0,-0.00025280789526966615,0.00046974491565486966,0.0008478072884628745,0.002210682053474693,0.0006143173328730638
0.67910296,0.69591725,0.8848981,0.9444444,0.9444444,0.84992,0.67274404,0.53376245,0.55025023,0.9622642,1.0,1.0,0.55025023,0.55025023,0.34699047,0.60468185,0.6292137,-0.01333031293253563,0.002411267233721373,-0.011051635787776388,-0.003834644715137571,0.0002586147338215511,0.001237539811683426,-0.008183484762235101,0.0030978901575440952,0.0031898794134409404,0.0,0.0,0.0,0.004390009153878228,0.004667949672980873,0.002293403443087268,-0.0020284327613068866,-0.0009960138982341672
0.66371834,0.7687452,0.9038755,0.9928678,0.9444444,0.9,0.79673856,0.24317417,0.259888,0.9622642,1.0,1.0,0.259888,0.259888,0.3869905,0.26023737,0.5622136,-0.02620472264590739,0.0029908316151584817,-0.018826684996139254,-0.006683623421202891,-0.009738632146884613,-0.000939818777390074,0.0015254058586265406,-0.021645068242150987,-0.015539352550033619,0.0,0.0,0.0,-0.02253826881420139,-0.02395080314535891,0.00012136976929947182,-0.0010356042629402545,0.0025197329538015987
0.6876692,0.5160051,0.7862875,0.9444444,0.92144537,0.8227389,0.9,0.54376245,0.5585912,0.9622642,1.0,1.0,0.5585912,0.5585912,0.4694906,0.3913485,0.6722136,-0.019193697590257734,-0.005674021128967719,-0.0028271786826039626,-0.0033137181425358262,0.001246566971556696,0.0008121811009483079,0.0065470760593069055,0.0052632044569593936,0.004257064395961019,0.0,0.0,0.0,0.00598455678817958,0.00582484000930068,0.0015357267705724599,0.007334698623174341,-0.00023035081416770712
0.83737797,0.8792275,0.85637504,0.9015216,0.9928678,0.9,0.9,0.15964486,0.17696507,0.9622642,1.0,1.0,0.17696507,0.17696507,0.3019905,0.20357068,0.44821367,0.01621576511770617,0.0016141224487060599,-0.013563544710762732,-0.0018375441584145653,-0.011935781221008183,0.0007990586481823455,0.0012450438011274957,-0.025549203642344222,-0.029917335152471292,0.0,0.0,0.0,-0.035763553106883,-0.038148615231802345,-0.002892372110984254,-0.006804051610234684,0.0014957588994726962
0.86727315,0.7780228,0.908817,0.9444444,0.9444444,0.7935475,0.71292895,0.60140944,0.6163694,0.9622642,1.0,1.0,0.6163694,0.6163694,0.4132406,0.76801515,0.4622136,0.018899469998040378,0.0037227484701552976,-0.011823338896127761,-0.0028438930087811252,0.0024824211597758994,0.0007937816659483349,-0.00661917845196404,0.004483826052025571,0.004979833890479971,0.0,0.0,0.0,0.005066106388326679,0.008981448766139231,0.0025293442168107592,-0.015204196734250672,0.0021069672425836415
0.83737797,0.86883026,0.43708628,0.9444444,0.4289921,0.83986926,0.9,0.68317425,0.6910723,0.9622642,1.0,1.0,0.6910723,0.6910723,0.63074046,0.6924597,0.5952137,0.011858578753358462,0.005308406581151353,0.0075279800735157144,-0.005264770397116232,-0.0006622679703952574,0.0006971230056841529,0.0046441523243730895,0.00698385759433198,0.00241418960513931,0.0,0.0,0.0,0.0041349476668977,0.010484061281855755,-0.0002391106241740988,-0.006393272981967085,0.00047203871736634074
0.8013058,0.3192925,0.9288377,0.9444444,0.9444444,0.9030832,0.7597302,0.5025859,0.51727194,0.9622642,1.0,1.0,0.51727194,0.51727194,0.5944905,0.42134845,0.5382136,0.007164268008073531,-0.024784165421715354,-0.016412074200658013,-0.003117967207738585,0.00015771728919011547,0.00011622595733458446,-0.00340868380573911,0.0031532882566356903,0.003087358649286762,0.0,0.0,0.0,0.004735057854436128,0.003393293825862702,-0.0023490541734905814,0.006385774338314617,0.0021806758474605323
0.86785585,0.8409027,0.8227762,0.80753964,0.9444444,0.9,0.7431204,0.3255272,0.3446273,0.9622642,1.0,1.0,0.3446273,0.3446273,0.4694906,0.4502374,0.33421355,0.02406561242596499,0.0019856430375203484,-0.006713830120910936,0.004446664795410253,-0.006716704650993451,0.00045684279775277665,-0.001292642744734972,-0.005212366845151444,-0.007794836504215291,0.0,0.0,0.0,-0.005714848559569902,-0.011753158956971954,0.0015616499919461474,0.0024821786781691977,-0.00011031958188109113
0.9231587,0.9310345,0.2946457,0.2891893,0.2891893,0.9,0.9,0.57258606,0.5910801,0.9622642,1.0,1.0,0.5910801,0.5910801,0.61824054,0.55801517,0.4662136,0.026472372194976633,0.005181300811496878,0.017106352727345668,0.009824830356178739,0.004608969728995707,0.001219925484651432,0.003949679486594018,0.0036474646505275715,0.005180674783993356,0.0,0.0,0.0,0.008515585245250477,0.008815114067319451,-0.00023649736525325723,0.0010423493580025702,0.0004950513681140145
0.8870866,0.73341405,0.7576666,0.9444444,0.70941913,0.7859213,0.9,0.57023305,0.5858531,0.9622642,1.0,1.0,0.5858531,0.5858531,0.50199056,0.545793,0.5292136,0.02391236878706288,0.00209690880080634,-0.0018689286240949241,-0.0033903543814028016,0.0009489742678367698,0.001366447418245704,0.00533767161308136,0.0049633932015552785,0.004835341381019403,0.0,0.0,0.0,0.006009287209332271,0.007632368184798606,0.0011379209763812668,0.0009245416196288684,0.0014192418391876746
0.5205366,0.4891064,0.8817269,0.9444444,0.9705012,0.47280285,0.9,0.6384683,0.6486406,0.9622642,1.0,1.0,0.6486406,0.6486406,0.40699053,0.6091263,0.7732137,-0.05148659283668392,-0.009204468624508893,-0.009339583589997064,-0.002637605294932891,-0.00040077730055095267,-0.005557464187898989,0.003943505066865084,0.010563258599703466,0.006747493616685656,0.0,0.0,0.0,0.006631628792240315,0.011481310023629909,0.004196577351419578,-0.0039728494150065565,-0.0014489056658864774
0.9148837,0.7865682,0.85832083,0.9330076,0.96959347,0.9,0.9,0.50317407,0.5180707,0.9622642,1.0,1.0,0.5180707,0.5180707,0.3169905,0.41134846,0.69621366,0.030707832177556092,0.0021160985637184663,-0.010724217670032106,-0.003442771960166876,-0.00041655748987933937,0.0014133286259407107,0.004283803296264776,0.004707311710806767,0.004683873529417551,0.0,0.0,0.0,0.007295510642382088,0.0062026209067843644,-0.002106024319236931,0.0039098310326221904,-0.0020421306419266126
0.8873779,0.31037962,0.5789731,0.9762011,0.70450044,0.9,0.9,0.52964467,0.5445289,0.9622642,1.0,1.0,0.5445289,0.5445289,0.2607404,0.56023747,0.67921364,0.023862812367643718,-0.02054131971406684,0.00554010196369907,-0.009071552145324072,0.00015813628964774797,-0.00025496645006231817,0.003403103929534359,0.004372172382499737,0.0031707499916673065,0.0,0.0,0.0,0.006407447192283142,0.006802707545466535,0.0006843123575747158,-0.0006454777237219275,0.001856995601336775
0.9024712,0.71042025,0.74523383,0.9762011,0.9444444,0.9,0.957162,0.45670363,0.4776818,0.9622642,1.0,1.0,0.4776818,0.4776818,0.3432405,0.5980152,0.53021365,0.03344035967030368,0.0019941333130525985,0.00021288655608678718,-0.0058087953515117245,-0.0016678242081970256,0.0012032958599254519,0.0038742137455262467,0.0034742993182074232,0.004244610340083578,0.0,0.0,0.0,0.006432941483177945,0.004535210786012944,-0.00035720465150727084,-0.0005491608315020707,0.001688945371228634
0.6714107,0.8378786,0.9185314,0.9762011,0.9444444,0.9,0.8794137,0.25317428,0.27286988,0.9622642,1.0,1.0,0.27286988,0.27286988,0.65074056,0.21579297,0.2942136,-0.021673349875727554,0.004481437361889747,-0.02028587947531904,-0.007423819843936563,-0.009989166244898467,-0.0006445468903425984,0.0019767561567203278,-0.018714186579403918,-0.01563698545322866,0.0,0.0,0.0,-0.020901412287381883,-0.02005715676207526,0.00040092605511858273,-0.0015584376234969483,-0.004300384441044443
0.76371825,0.48881382,0.7677971,0.81474906,0.9444444,0.9,0.71291745,0.26082116,0.28138328,0.9622642,1.0,1.0,0.28138328,0.28138328,0.2182405,0.40134844,0.48621368,-0.0013511880871614145,-0.008345269880149012,-0.004862849283752759,0.0016646470805674655,-0.00866881232734087,-0.0012684127778285043,-0.002412210283899158,-0.013453835672904958,-0.009528586447443603,0.0,0.0,0.0,-0.016227267552423555,-0.022858304447290947,-0.005658839131947722,0.002336550346132003,0.0013136185108466062
0.7637183,0.8511092,0.80339056,0.9444444,0.9928678,0.9030832,0.9,0.5414097,0.5517951,0.9622642,1.0,1.0,0.5517951,0.5517951,0.45074058,0.5013485,0.62121373,0.00022712832836814024,0.002822257737241901,-0.006423193254263888,-0.002640853256370334,-0.0016420812375974561,0.0013674784637228194,0.004643719660902823,0.005411521227568696,0.005372909777394657,0.0,0.0,0.0,0.007355084969951855,0.008017344863895538,0.0013711450130468273,0.0022321131127902047,-0.0007286960153117141
0.67852026,0.85982716,0.7742445,0.9444444,0.9444444,0.83116627,0.763027,0.4361155,0.45459822,0.9622642,1.0,1.0,0.45459822,0.45459822,0.7332405,0.3813485,0.4902137,-0.021458721964097892,0.0016194050098220837,-0.0034821645043170858,-0.004289124744825249,-0.00502611094945141,0.0007316794871340712,-0.0028152936276266893,-0.0014934301939901423,-0.0003391204037318135,0.0,0.0,0.0,0.0019552724116555873,-0.0014293061473075164,-0.007083768217701752,0.005313897793647851,0.0019345135966568527
0.9231587,0.9310345,0.30533868,0.29968426,0.29968426,0.9,0.9,0.63552713,0.64739746,0.9622642,1.0,1.0,0.64739746,0.64739746,0.7269905,0.43690407,0.5932137,0.023607510507605928,0.005165184141609289,0.016407894424246013,0.009203328149266348,0.0020072532569178586,0.0008814840020655072,0.005032809267129541,0.0040606439779471894,0.003969196265890801,0.0,0.0,0.0,0.007874762591095373,0.008324121118570359,-0.0033486632112660663,0.004374634199207254,-0.00017729050827046291
0.9231587,0.9310345,0.4153798,0.40768757,0.40768757,0.9,0.9,0.7484683,0.7580134,0.9622642,1.0,1.0,0.7580134,0.7580134,0.69199055,0.6013485,0.66721374,0.024233800155273447,0.007482334520918255,0.011892898348947334,0.00536417030408858,-0.003007896024774995,0.0012619569809793072,0.004052367864224076,0.004870298317158922,0.0005884007924643325,0.0,0.0,0.0,0.00499307840638842,0.010226311101027152,-0.003599073351628343,-0.002953142433165748,-0.0006352948261649654
0.9184385,0.8209112,0.6516659,0.9928678,0.9444444,0.9,0.7935475,0.57258594,0.58505166,0.9622642,1.0,1.0,0.58505166,0.58505166,0.52449054,0.68690413,0.43921366,0.02485426853200532,0.0021281752059516238,0.0017581003050006572,-0.006720400722212169,-0.00043528442532124386,0.00021812091051029285,-0.0014809958371834503,0.002959915754669552,0.0032983425625374664,0.0,0.0,0.0,0.0032032921161116155,0.006533613793411161,0.0010315521788249184,-0.007691425490638943,0.001276050845897897
0.5409328,0.6794768,0.8867783,0.8703565,0.9463495,0.9,0.9,0.50140965,0.5186955,0.9622642,1.0,1.0,0.5186955,0.5186955,0.40074056,0.7080152,0.42221364,-0.05745353749106945,0.0011491014281781974,-0.011492657092034411,-0.00018347607876838173,-0.0017352064519508888,-0.0005343349932415403,0.0027856984589488053,0.0027013319546254477,0.0024635373052430158,0.0,0.0,0.0,0.004644847340912963,0.0026249248347448356,0.0030339099729740026,-0.009069836492028008,0.0009638165911766877
0.8947789,0.8243242,0.85259974,0.8960403,0.9762011,0.9,0.9,0.38376248,0.40329593,0.9622642,1.0,1.0,0.40329593,0.40329593,0.42574054,0.37023735,0.52221364,0.02569916572596753,0.0011304430612711605,-0.012542860928585118,0.0003433623925087507,-0.0060334048652236905,0.0014806676359283598,0.003562802916915655,-0.0008607170816414103,-0.002985277432588824,0.0,0.0,0.0,-0.0005786983988514252,-0.004540432054059965,0.0003704099238041872,0.002253418866049636,0.0020526570890725374
0.7444876,0.51341945,0.8514615,0.8356937,0.9444444,0.9,0.56591356,0.36140946,0.37701452,0.9622642,1.0,1.0,0.37701452,0.37701452,0.52449054,0.30134848,0.48521358,-0.004073046797529694,-0.004247942391869097,-0.012103109480652598,0.003210130050980567,-0.005606644204165045,-0.0012498189981725515,-0.01590472098868425,-0.007713583017757711,-0.0044948546679502085,0.0,0.0,0.0,-0.0035037917015778358,-0.007406549570233324,0.0005340138079288725,0.0020919228519549206,0.001975072948036535
0.78679526,0.59632313,0.77039254,0.9444444,0.9444444,0.86744845,0.5764457,0.48552728,0.4973063,0.9622642,1.0,1.0,0.4973063,0.4973063,0.5807405,0.5335707,0.4072137,0.007384598061360772,-0.0032733299530714847,-0.001020377698098174,-0.004295458944660583,-0.0031117849436112,0.00028637202998807253,-0.01886699025039503,0.003244046898650385,0.002719540386505286,0.0,0.0,0.0,0.00429378948980382,0.0029326836877451756,-0.002182184794838767,0.0016601714783574637,-0.0005975364061707903
0.90690005,0.9418765,0.5418619,0.9928678,0.45136276,0.9,0.9,0.72199774,0.72939813,0.9622642,1.0,1.0,0.72939813,0.72939813,0.7944905,0.7624596,0.5512136,0.02083633136534101,0.007244811726757873,0.005568600071012588,-0.00459115887045099,-0.0006441430570093426,0.0006646352277013792,0.006312950581832565,0.004834254260491471,0.0014285071200167549,0.0,0.0,0.0,0.00461292992082668,0.011802436167796136,-0.003911925063697528,-0.012702496060982706,0.0007717959319935813
0.6944876,0.5618903,0.8280373,0.9444444,0.8386976,0.84992,0.9,0.23199777,0.2524798,0.9622642,1.0,1.0,0.2524798,0.2524798,0.09199059,0.48690403,0.44621363,-0.01525002384950882,-0.0038361899184684166,-0.009140086313096119,-0.0064419099020598435,1.5430376220458148e-05,0.0008908832968044897,0.0019804544485971754,-0.016897296018517947,-0.012011312416566819,0.0,0.0,0.0,-0.020745176621629547,-0.0279328430263789,-0.01271239313724522,0.0035850651218615527,0.0005938398826576962
0.7755481,0.8511092,0.83393335,0.96959347,0.9444444,0.9,0.8227389,0.50199777,0.5139278,0.9622642,1.0,1.0,0.5139278,0.5139278,0.58699054,0.50023735,0.4112137,0.004474105303140657,0.003512644032695606,-0.008100566483415643,-0.006581936467347398,-0.0010413315359007393,0.00033055121023552945,0.0020119783890645,0.005180052729548175,0.0035718511284517536,0.0,0.0,0.0,0.006360892798199516,0.004824274682484965,-0.0015071155429140575,0.0032255234208166833,0.001649410148972638
0.77997696,0.81457967,0.6188886,0.9444444,0.6489201,0.84992,0.9,0.38611546,0.40701506,0.9622642,1.0,1.0,0.40701506,0.40701506,0.27949047,0.65357083,0.40621367,0.004013340586006626,0.003270480894135072,0.004078220285292719,-0.007618656683602455,0.0032104706484739442,0.000858811772940183,0.0017058151225954879,-0.002559699179895724,6.217756123655344e-05,0.0,0.0,0.0,0.0004687543500037679,-0.0054964452131760055,-0.0013211087356313918,-0.0032807557822290396,0.0013914167791783817
0.65602607,0.7594976,0.916658,0.8996828,0.9444444,0.9,0.734181,0.38729185,0.40390182,0.9622642,1.0,1.0,0.40390182,0.40390182,0.45074058,0.47468185,0.43421364,-0.02310158627186901,0.0023357433554193844,-0.017417864113969353,-0.0013750590350838148,-0.0034560835361483427,-0.0015766287525864834,-0.00474332022254741,-0.0018257900481869235,-0.0010824315651546499,0.0,0.0,0.0,0.0011176174064295229,-0.0038549371112083126,0.0013262524965227786,0.003603095339020413,0.001736744793589264
0.40987208,0.6351525,0.8717154,0.9444444,0.9444444,0.7129734,0.5564415,0.22140929,0.2433571,0.9622642,1.0,1.0,0.2433571,0.2433571,0.29074037,0.45912626,0.3492135,-0.10398033102465813,-0.0008385269829666156,-0.015856644485234744,-0.009242524176829416,-0.008642354423158624,0.005590435006113877,-0.011006762965839129,-0.026227959936310778,-0.01435436980496175,0.0,0.0,0.0,-0.023588374641230248,-0.027909395417138397,0.002527504022529292,0.0026078201295161043,-0.002987977099889742
0.8178558,0.6722068,0.8019379,0.9444444,0.8617433,0.957162,0.9,0.60140944,0.61935186,0.9622642,1.0,1.0,0.61935186,0.61935186,0.54324055,0.6146819,0.5452136,0.00870074636823998,0.00037725781509219083,-0.004969780630925175,-0.003587739126119466,0.0025597392495881905,-0.0007710376131164285,0.0060787020367182665,0.006347487480818554,0.00513492979933667,0.0,0.0,0.0,0.006518186134934409,0.009268482222828861,0.0007932256812662104,-0.0023386870937308906,0.0018257850108743116
0.9184385,0.8243242,0.6428836,0.63097835,0.9444444,0.9,0.79684675,0.53317416,0.5519662,0.9622642,1.0,1.0,0.5519662,0.5519662,0.4132406,0.4946819,0.6202137,0.03037541176606303,0.002977888685293127,0.004174406917539732,0.0028297038963036474,-0.002107663826085727,0.0003883384287167197,0.0006000582561653563,0.004040797784561568,0.0053207156373268885,0.0,0.0,0.0,0.005478000797451763,0.006271519477689757,0.0014536537804033095,0.0025865367052680145,-0.0006430703757146087
0.7912241,0.7163509,0.79276985,0.9410746,0.83536357,0.9,0.9,0.4484684,0.46208227,0.9622642,1.0,1.0,0.46208227,0.46208227,0.17449045,0.6435707,0.6212137,0.008898959483207656,0.0019293249022916583,-0.005062753919724442,-0.004117934591983082,0.0017825103610991464,-0.00016236118240882966,0.0031802195708516253,0.0011086529310535363,0.0012790998077261211,0.0,0.0,0.0,0.003934112046565777,0.000362897106826614,-0.005840306187542745,-0.0028271515284070507,0.0003828562574089474
0.90305394,0.7655489,0.68503124,0.9463495,0.7160652,0.9,0.9,0.41729197,0.43448505,0.9622642,1.0,1.0,0.43448505,0.43448505,0.3019905,0.53468186,0.49121362,0.029717197407084655,0.002944283022944223,0.0014668069822208738,-0.006656099370291174,0.0020860580321183262,0.00039522052059440195,0.0031364738787976764,0.0011055915641696985,0.001057389854689058,0.0,0.0,0.0,0.0029833672255142403,-7.1983197870588434e-06,-0.003884787364777208,0.0012833864140582194,0.0017159532854243303
0.9231587,0.9310345,0.26089352,0.25606218,0.25606218,0.9,0.9,0.5449389,0.56166655,0.9622642,1.0,1.0,0.56166655,0.56166655,0.5719905,0.3624596,0.6692137,0.026643313611596966,0.004468096060381382,0.015098189713867161,0.008222577463064373,0.005982244108554714,0.0008048827831510243,0.0035925172184318875,0.001583363795180366,0.0031347350929787133,0.0,0.0,0.0,0.005948592357264162,0.004645078836230486,0.0005236348302535157,0.002848749976725366,-0.0005752506153187431
0.90573466,0.71043587,0.8582516,0.9444444,0.9444444,0.84684366,0.7696535,0.43023312,0.45338255,0.9622642,1.0,1.0,0.45338255,0.45338255,0.3019905,0.57912636,0.49721366,0.02692585534198696,0.0025926528781243354,-0.009227679241880475,-0.0024212533516447853,-0.0012880463800176837,0.0011967812894142006,-0.0011435421708432395,0.00226437502689619,0.001720055344661127,0.0,0.0,0.0,0.004163110533269921,0.0015922061706812498,-0.0026982195054706453,0.0012167348646736048,0.0022922217269390186
0.8752568,0.6782398,0.9307994,0.9135624,0.9444444,0.9,0.5976333,0.68964475,0.69806796,0.9622642,1.0,1.0,0.69806796,0.69806796,0.61824054,0.70023745,0.5402137,0.022873298565106427,-0.0007208382615041343,-0.015919046102971682,-0.0020336443645394887,0.0013513499115702533,0.000429846452754739,-0.019363722922866086,0.008792040233917265,0.005583371516109142,0.0,0.0,0.0,0.005309170639884686,0.009609999400352497,-0.003613717866593405,-0.009361832355850556,0.0013195771324337941
0.77199334,0.6857059,0.5193749,0.9444444,0.9928678,0.7400306,0.9,0.2808214,0.30028638,0.9622642,1.0,1.0,0.30028638,0.30028638,0.4607405,0.38468182,0.3242136,0.0021063154083264513,-0.00016533084076075232,0.008899748657223037,-0.0029555824611047555,-0.015585476640521562,-0.0007691868707606248,0.0023927484966399077,-0.009628728631294716,-0.009302627806508052,0.0,0.0,0.0,-0.013271580025898764,-0.021518333477293216,0.0017406004716282314,0.004006566744726813,-0.003184237389794257
0.6140096,0.282016,0.8151091,0.80001444,0.8919818,0.9,0.9,0.5514098,0.5673742,0.9622642,1.0,1.0,0.5673742,0.5673742,0.50199056,0.46801513,0.6062137,-0.031068376656729325,-0.03085341078209659,-0.005445916583946302,0.0032174177976440023,0.0014487950257479453,-1.5114501032593221e-05,0.004847046431168655,0.008386178410165873,0.0054419339504523335,0.0,0.0,0.0,0.008478718814303943,0.00864573478030433,0.0022578986307575546,0.004897843102858691,0.002067459789035702
0.75987214,0.47063264,0.85488623,0.839055,0.8702038,0.9,0.9,0.51964504,0.53565353,0.9622642,1.0,1.0,0.53565353,0.53565353,0.2707405,0.6569041,0.58021367,-0.0025232599125560194,-0.009785445729280574,-0.011173887530339354,0.000711493043038438,0.0028829434076435624,-3.020769786595018e-05,0.003813177045349445,0.005629256892573455,0.005010110041350932,0.0,0.0,0.0,0.00763144754780738,0.007733129517626861,6.716485315593549e-05,-0.004602990529934171,0.0013548903007683602
0.779103,0.8231785,0.81271774,0.9444444,0.9928678,0.7400306,0.9,0.5349388,0.54824495,0.9622642,1.0,1.0,0.54824495,0.54824495,0.3019905,0.56245965,0.6742137,0.006405672519058187,0.0024688958169425557,-0.005872709150278868,-0.003199760383694649,-0.001548770499706172,0.0009174484757844414,0.004711775925864604,0.004891434277274952,0.0046564249330973565,0.0,0.0,0.0,0.0064557447062000735,0.00670905945139318,-0.0013056804300345549,0.0003769165429893202,-0.0031177459232555704
0.8450703,0.75950354,0.7621563,0.9166222,0.8865218,0.9,0.9,0.42729175,0.44488138,0.9622642,1.0,1.0,0.44488138,0.44488138,0.42574054,0.48801517,0.45121366,0.015801249579367686,0.0024234412927783334,-0.001851360332263966,-0.002174097990780829,8.918183296047793e-05,0.000448476767557738,0.0030378601938631376,0.0004946096248250519,0.0003964287562961856,0.0,0.0,0.0,0.0036223261452982968,-0.0013048543916417221,0.0013823246015213502,0.0027783867351314196,0.002321353900016333
0.71016353,0.67211795,0.68463844,0.9166222,0.9444444,0.9,0.7295906,0.59729195,0.61504656,0.9622642,1.0,1.0,0.61504656,0.61504656,0.42574054,0.5135708,0.6742137,-0.005364140925196104,0.0006088539188349683,0.001984189582608052,-0.00184950819666804,-0.00031923804686847764,-0.00034843837833769376,-0.0055939616299487205,0.007587026155828736,0.006553222717905937,0.0,0.0,0.0,0.009714679423552674,0.011808237890895293,0.0012322154036925326,0.002471255830481348,-0.0015505178845983303
0.9231587,0.9310345,0.33839938,0.33213273,0.33213273,0.9,0.9,0.62376267,0.63519967,0.9622642,1.0,1.0,0.63519967,0.63519967,0.6744906,0.36468178,0.70521367,0.025836574776263048,0.004374674077920862,0.016551242498758542,0.007330135827747224,0.0029567825321384278,0.0003209903750188916,0.003209142449284423,0.0032284494058873953,0.004526953607924511,0.0,0.0,0.0,0.007881572875453192,0.00720319356877705,-0.0014975624935991126,0.0043844306717767,-0.0019082251658337729
0.9231587,0.9310345,0.41463456,0.40695614,0.40695614,0.9,0.9,0.74670374,0.75100154,0.9622642,1.0,1.0,0.75100154,0.75100154,0.39324057,0.7124597,0.8802137,0.023526459012691715,0.004533865893922367,0.012343934195810494,0.007926934438569058,-0.0028231715008240465,0.0008108773125963291,0.004665413021848348,0.002719056945645521,0.002709574238863501,0.0,0.0,0.0,0.005459394533442967,0.009143860302617737,0.0018044992747178682,-0.00617152192260787,-0.005654903757517735
0.76342696,0.6086259,0.87184376,0.9928678,0.9444444,0.9,0.79354715,0.6761154,0.6937817,0.9622642,1.0,1.0,0.6937817,0.6937817,0.46199048,0.6746819,0.6342137,0.005511617843325673,-0.0019543623383668648,-0.009364785752340496,-0.005810334361368031,0.002476462634634754,-0.0004922515686666997,-0.0002019155589690083,0.010900281270243228,0.0070587340410289915,0.0,0.0,0.0,0.009052001914464421,0.013240911507079822,0.0008963744051440666,-0.0068208154100956745,0.00010019178881193843
0.8992078,0.63699883,0.87854075,0.9444444,0.9762011,0.98716205,0.9,0.72082114,0.73064554,0.9622642,1.0,1.0,0.73064554,0.73064554,0.6282406,0.5080151,0.64621365,0.030152525780048442,-7.440678403161656e-05,-0.008372768808858204,-0.0020663132843097326,0.001699175237251526,-0.00010797229687584486,0.0054604702960931815,0.014047622091658336,0.006102471462950322,0.0,0.0,0.0,0.005797401781721663,0.012859802056275571,-0.0025425570960018198,0.0016708463120001427,-0.0004002427985858253
0.9231587,0.9310345,0.17769554,0.17440487,0.17440487,0.9,0.9,0.2749389,0.2871563,0.9622642,1.0,1.0,0.2871563,0.2871563,0.59449047,0.073570676,0.5272137,0.025743005205551804,0.007951922922262272,0.020768931612139087,-0.0017470736098230645,0.026940276738764184,0.0009664524210607246,0.0030184220013021357,-0.0038029479827242883,-0.005896038762920141,0.0,0.0,0.0,-0.015567401346094254,-0.01045794391658635,0.0009757950645873186,-0.009908141301056037,0.0007162884670542177
0.7071913,0.5307024,0.7561425,0.9444444,0.9015216,0.7400306,0.9,0.3667038,0.38644275,0.9622642,1.0,1.0,0.38644275,0.38644275,0.14699054,0.43023735,0.6112137,-0.012503223247973648,-0.002691056064485847,-0.0021375191344559573,-0.004234419972281576,-0.000927340905933565,0.001623460671448036,0.002089356483806509,-0.002463797330565752,-0.001629755492435143,0.0,0.0,0.0,-0.0015826148563800792,-0.008366437360792754,-0.008723355908747316,0.004918853256870929,0.0018744217416487082
0.5939049,0.59007376,0.9112767,0.8944012,0.9444444,0.9,0.56909835,0.53788006,0.549525,0.9622642,1.0,1.0,0.549525,0.549525,0.65449053,0.4502374,0.5452136,-0.04109635480323672,-0.0028544683664693954,-0.015077997569013462,-0.0017774116279079537,-0.0017260365356134685,-0.0011415868358322224,-0.023753187796338907,0.004536066338925102,0.0032804391769093782,0.0,0.0,0.0,0.004585668964573713,0.0035253110425583216,-0.004107053525853274,0.005325234815382247,0.001844757227239926
0.8918068,0.6713662,0.8240115,0.9444444,0.78493845,0.957162,0.9,0.5431741,0.5617169,0.9622642,1.0,1.0,0.5617169,0.5617169,0.53574055,0.49468178,0.6612137,0.022469549450760663,0.0011133071884479296,-0.006848845877369491,-0.003971919279439957,0.0009685685556979429,-0.0008509245138866602,0.006221937643270714,0.0032010354922454034,0.0031311342043118585,0.0,0.0,0.0,0.004341187445673393,0.004836440620298717,0.0006965891972322239,0.0021395372072157675,-0.002188589181711448
0.85690004,0.82111806,0.76405114,0.77950794,0.87387097,0.9,0.9,0.22670364,0.25083816,0.9622642,1.0,1.0,0.25083816,0.25083816,0.3069905,0.26023737,0.43421364,0.021803049127731778,0.0037102374172497225,-0.004164849102699108,0.003179264324388825,-0.003907644917989118,0.0006517586056317836,0.0020868425424844686,-0.017456998658904137,-0.018503597042089193,0.0,0.0,0.0,-0.021293963633101903,-0.02605850945499673,-0.002774775960931214,-0.0037687903586154335,0.002284346147524377
0.91872984,0.5019603,0.72668874,0.83242196,0.74622256,0.9,0.9,0.5861154,0.5960947,0.9622642,1.0,1.0,0.5960947,0.5960947,0.58699054,0.5324597,0.5752136,0.022911405549281314,-0.008834874353325051,-0.002760192647857587,-0.0009408576289600366,0.0013138999003035707,0.0012294607902977816,0.002650977458413938,0.004485956599864384,0.003359955171456859,0.0,0.0,0.0,0.005226859905016749,0.0064713238092425195,-0.00019867609721014128,0.0016460133452060222,0.0008552241726288129
0.6101635,0.6723382,0.6906556,0.9444444,0.9928678,0.6499269,0.9,0.63729185,0.654158,0.9622642,1.0,1.0,0.654158,0.654158,0.5319905,0.5735707,0.6542137,-0.029932253444256273,-0.00032275621252067364,0.0015469056959854627,-0.002405780074314997,-0.0019295783638045767,-0.002457862171100038,0.004791509677230871,0.009150448286060065,0.005918693334001839,0.0,0.0,0.0,0.00810784892273014,0.01324271998790543,0.0003038673576111001,-0.0010276030539029964,-0.0008966249159141591
0.71016353,0.6723547,0.8262102,0.94615734,0.82545376,0.9,0.9,0.3543506,0.37049216,0.9622642,1.0,1.0,0.37049216,0.37049216,0.43949056,0.406904,0.44621363,-0.017338456272313986,-0.0004273724363397454,-0.011119748400385022,-0.005961449362880983,0.0009001703441617855,-0.00036933375374464803,0.002183807715775656,-0.005826940266338267,-0.003639615470191827,0.0,0.0,0.0,-0.0027728018190559824,-0.00931964018022828,0.0018172237151308243,0.005421186673948875,0.0014651229162689734
0.521702,0.62013954,0.7811797,0.76671344,0.9444444,0.9,0.59946823,0.5031742,0.5178313,0.9622642,1.0,1.0,0.5178313,0.5178313,0.6257405,0.406904,0.51721364,-0.06134619884867483,-0.001397194706904979,-0.0030021951713704274,0.004925196990251462,-0.004205839899628632,-0.0012082637446132539,-0.016161135939936448,0.004719708752810954,0.003926900351771098,0.0,0.0,0.0,0.006284231115323035,0.004213288618840828,-0.0032165176305282662,0.006027913315105569,0.0015295524367007
0.9231587,0.9310345,0.39447394,0.38716885,0.38716885,0.9,0.9,0.7108215,0.72152174,0.9622642,1.0,1.0,0.72152174,0.72152174,0.5057405,0.7269041,0.61221373,0.024506871288472176,0.007089793984980906,0.013084518564531682,0.00840770901745823,-0.0006612635570347311,0.0011591357032014324,0.005148301700573043,0.005289150837126082,0.0030512020284796295,0.0,0.0,0.0,0.006733179188048098,0.01049059335316542,0.0012216860800965924,-0.006797577470183815,0.00012991709420062772
0.48679522,0.71042025,0.7323218,0.9444444,0.9928678,0.79354715,0.9,0.25258592,0.26787746,0.9622642,1.0,1.0,0.26787746,0.26787746,0.42574054,0.29690403,0.46721363,-0.07604451977294863,0.002776085371876293,0.0003037868272579046,-0.004385370578343457,-0.011356357938853933,0.002040982459449435,0.0027361993278240547,-0.019885074071149065,-0.014468125631607837,0.0,0.0,0.0,-0.02097801869592151,-0.024767465269384184,0.0013719185632121724,0.002082045668363561,0.0016831822305676861
0.87613076,0.83756226,0.7559816,0.741982,0.9444444,0.9,0.80964357,0.48670354,0.5019631,0.9622642,1.0,1.0,0.5019631,0.5019631,0.5632406,0.22245958,0.7032137,0.024466527209394084,0.001552593033562341,-0.0014922536396502484,0.002793183713138829,-0.004126495576714438,0.0008064584355191792,-0.001652671666213903,0.005386242382564909,0.004878361270554622,0.0,0.0,0.0,0.006457085283650268,0.005144143407755169,0.0010889674440762562,0.0005206397439386604,-0.00284260597803016
0.63353175,0.6577255,0.7599363,0.9444444,0.9166222,0.957162,0.9,0.41611537,0.4376122,0.9622642,1.0,1.0,0.4376122,0.4376122,0.45699048,0.54357076,0.3822136,-0.03409814274428069,-0.0001539796780620438,-0.0013398869744828358,-0.007874132629586878,-0.00105038421363528,-0.0028734591909337637,0.0041000661838781795,-0.0019547306943853214,0.00037446367425606283,0.0,0.0,0.0,0.0023077256445753007,-0.004280227681324921,0.0016828923554666408,0.0013685572929312373,-0.0011683767009972972
0.75276256,0.76601946,0.7561363,0.9444444,0.80974644,0.7404855,0.9,0.63846827,0.6531009,0.9622642,1.0,1.0,0.6531009,0.6531009,0.40824056,0.5291263,0.7722137,-0.0024447428939112447,0.0018458432218286002,-0.00272566268767612,-0.0036089458690505586,0.0019000216397043782,0.0017915812452239893,0.004504214285676601,0.006129162419616509,0.005560337859726916,0.0,0.0,0.0,0.006581822551562952,0.010004563475108972,0.0013385314053285349,0.0009679017200151266,-0.006840810581548547
0.81843853,0.81457967,0.62706083,0.9444444,0.7131846,0.84992,0.9,0.63552713,0.6496582,0.9622642,1.0,1.0,0.6496582,0.6496582,0.3019904,0.7035708,0.69321364,0.015499423323356055,0.0030944289931911562,0.002538205643524299,-0.006479022346818114,0.00205665321870136,0.000844354272781924,0.004884191619439256,0.008755900102411354,0.0058664514767762166,0.0,0.0,0.0,0.007918358623220653,0.013907601639883485,0.0006184041456821791,-0.0064964818501943,-0.0027972914867924912
0.80276257,0.78289807,0.79068375,0.9463495,0.8981685,0.9,0.9,0.50199777,0.5140671,0.9622642,1.0,1.0,0.5140671,0.5140671,0.48199052,0.39801514,0.64621365,0.010608120080772117,0.0020713485622024922,-0.005911650639888539,-0.002560743436524413,0.0009330998588578342,0.00015922013165501446,0.004940851779203921,0.006087627800693176,0.005106924750077801,0.0,0.0,0.0,0.008538297548899024,0.007838681437621852,0.0013098811471349775,0.0041686688007982345,-0.00237451474522148
0.59804237,0.70274603,0.8563749,0.9444444,0.9444444,0.957162,0.8939343,0.35140947,0.37082878,0.9622642,1.0,1.0,0.37082878,0.37082878,0.2607404,0.53468186,0.39721364,-0.042749856998871405,0.001985642049823225,-0.01128381778705772,-0.006605585949152528,-0.00287088425034706,-0.003049810617539514,0.0026095998911072416,-0.00724021958200233,-0.0033502458858507417,0.0,0.0,0.0,-0.005811337565234331,-0.010588870786021583,-0.0014214934475710167,0.0023622597826787666,-0.000967749978471899
0.85247123,0.6167541,0.8866493,0.8702299,0.9463495,0.9,0.9,0.41788012,0.43595582,0.9622642,1.0,1.0,0.43595582,0.43595582,0.45074052,0.40134853,0.50121367,0.01786179114415113,-0.0013673264862426651,-0.014639903695683075,0.002124535596100731,-0.002642245325422807,-0.00021650872921315754,0.006082301352279231,-0.000937579370568925,-0.000273481988082957,0.0,0.0,0.0,0.0023148562160811943,-0.0017956527447712586,0.001837816007867421,0.0034508742129523767,0.0020473467956720224
0.8415155,0.81457967,0.81240225,0.7973578,0.9762011,0.9,0.9,0.8019978,0.8120574,0.9622642,1.0,1.0,0.8120574,0.8120574,0.7657405,0.70912635,0.5652137,0.016026759395833312,0.004555855922890292,-0.006973671815722138,0.0011334626273845933,0.003539815485824351,0.0015941297664337814,0.004524703089204468,0.011314589534141559,0.002524533005431978,0.0,0.0,0.0,0.004645823109182974,0.014183289985506766,-0.009240490182292192,-0.009154247724926604,0.0005201558138308055
0.89064145,0.5403146,0.9038755,0.88713706,0.9410746,0.9,0.9,0.5184683,0.5337266,0.9622642,1.0,1.0,0.5337266,0.5337266,0.37574053,0.44357067,0.7452137,0.021590465431233573,-0.0020180470149775078,-0.013156124318773207,-0.0008213554927151813,0.001385934584225432,0.0011900939051526168,0.0034944287371890897,0.0041919204464240245,0.003755267343735937,0.0,0.0,0.0,0.005557777778709476,0.005165728979963963,0.00014456614680942402,0.0044655245927662365,-0.005015909966959411
0.8409327,0.7961933,0.77509546,0.9444444,0.9762011,0.8939343,0.9,0.27729192,0.29352027,0.9622642,1.0,1.0,0.29352027,0.29352027,0.4582405,0.2835707,0.46821356,0.015433822793765038,0.002313242675655374,-0.005183831328641931,-0.002294014517463903,-0.00989257950565244,0.000880325726179594,0.0017667316736825064,-0.013152842222799131,-0.013617810586615433,0.0,0.0,0.0,-0.014931790256369785,-0.0202295071770232,0.0013075914012077635,-0.0004601377049172771,0.002613484510728185
0.9145923,0.7961933,0.8503745,0.8774688,0.7517086,0.9,0.9,0.36082122,0.37338632,0.9622642,1.0,1.0,0.37338632,0.37338632,0.6569905,0.36468178,0.45221367,0.0347938117946043,0.0013735604545996889,-0.010958630691961284,0.00037653198670517155,0.0028889526587170798,0.0011429353009287267,0.003403954175647868,-0.004144491977096952,-0.004017822129817047,0.0,0.0,0.0,-0.002792545639705819,-0.005115374414881537,-0.002202485903405478,0.004015076035382143,0.0026340492210097867
0.9231587,0.9310345,0.3059252,0.3002599,0.3002599,0.9,0.9,0.61199784,0.62392956,0.9622642,1.0,1.0,0.62392956,0.62392956,0.4632405,0.62468183,0.64621365,0.02693480129047135,0.00640771258030142,0.01933540843615598,0.009676494546823114,0.0010860274967238244,0.0013104296027393403,0.004638905940527322,0.0027829230000194303,0.004243017463132973,0.0,0.0,0.0,0.007126311180000896,0.0073810339766681,0.0018534465525146921,-0.0014728928958068458,-0.000619657656987802
0.75247115,0.51602316,0.8787467,0.9444444,0.9463495,0.957162,0.9,0.4172921,0.4359847,0.9622642,1.0,1.0,0.4359847,0.4359847,0.57449055,0.34801516,0.6292137,-0.0010512827006028801,-0.006281880362499147,-0.012082667813862292,-0.0022517031874799915,-0.001474341888690984,-0.0017422722986243588,0.004428400968735239,-0.001826960641793692,0.0006329718733842971,0.0,0.0,0.0,0.0035733400873708297,-0.0003145849536495891,-0.0007649844233027455,0.006484856692111596,0.001546489002604981
0.9231587,0.9310345,0.24475504,0.24022254,0.24022254,0.9,0.9,0.50611544,0.51632977,0.9622642,1.0,1.0,0.51632977,0.51632977,0.6307405,0.3946818,0.5112136,0.02404303802308066,0.00591854438495463,0.01476664312582647,0.007829223593075247,0.0072700969911498456,0.000828196622235183,0.0036670220042529524,0.0019988356508115006,0.0029795851518729126,0.0,0.0,0.0,0.004366940383369722,0.003957334041797366,0.0003458483983199473,0.003794498387608227,0.0009281115233668778
0.89093274,0.81833917,0.57077,0.9928678,0.52673036,0.9,0.9,0.7461155,0.7579981,0.9622642,1.0,1.0,0.7579981,0.7579981,0.7657405,0.5313485,0.66921365,0.021728762272127108,0.0026161223994360843,0.006850916513046406,-0.0039915226832202885,-0.0004270880298126789,0.0004711866742611803,0.004821137430240766,0.008893458236224583,0.004915919333103737,0.0,0.0,0.0,0.006369811741349737,0.012999705078425627,-0.0006478500174643517,0.0009239281743867009,-0.0011278953337858645
0.9148837,0.87604517,0.5993965,0.5882966,0.9928678,0.9,0.9,0.33082122,0.35029456,0.9622642,1.0,1.0,0.35029456,0.35029456,0.3019904,0.32579294,0.55421364,0.02871418364706924,0.0010821947204418287,0.0074332828308437925,0.004212189670857747,-0.011964691243291643,0.0007287693238245768,0.0039512297060396795,-0.004076057284786514,-0.006312998169768605,0.0,0.0,0.0,-0.004839231613352366,-0.009786510203927143,-0.0018724678276650366,0.0004614479465447441,0.001100466624886599
0.5178558,0.68238485,0.8545686,0.9928678,0.842357,0.9,0.9,0.27670366,0.29093707,0.9622642,1.0,1.0,0.29093707,0.29093707,0.46199054,0.25912634,0.44621363,-0.06280734703279857,0.0011843170128267183,-0.013743722537710976,-0.009224280955982352,-0.0026256638766792594,-0.0016325823516848042,0.00281556303712095,-0.017939664680373592,-0.01086265734253212,0.0,0.0,0.0,-0.017066693981015534,-0.019381921907084758,0.0013789546518955533,0.0011226804681965113,0.0002266786126097889
0.42467406,0.63474107,0.8210579,0.8058531,0.9444444,0.9,0.8408965,0.5102329,0.5245552,0.9622642,1.0,1.0,0.5245552,0.5245552,0.45199054,0.47468174,0.5912137,-0.08623826440967132,-0.002168530037060264,-0.0061073413790315115,0.003061326295140236,-0.001275941418255417,-0.0010818514698546701,0.0019343541202380937,0.004615446940462605,0.0033012122093070435,0.0,0.0,0.0,0.006067399650290565,0.004162076287298223,0.001936104764389205,0.0037701042882953523,0.0012296615222865536
0.8953616,0.8242123,0.7270182,0.8819039,0.72599375,0.9,0.9,0.38611534,0.40173948,0.9622642,1.0,1.0,0.40173948,0.40173948,0.42574054,0.27245957,0.5602137,0.031069420323330058,0.0007812255396339274,0.0014072266142797396,-0.0010000519778780475,0.003604586759716345,0.00025215216139080096,0.004305011783399183,-1.1169614987498188e-05,-0.0015043540783314352,0.0,0.0,0.0,-0.00018761281024847392,-0.002429591670518995,0.0006123251007229328,0.0007161141633382828,0.0014755969276649605
0.9069001,0.9471367,0.48987934,0.9444444,0.48080748,0.9155655,0.9,0.79376245,0.7921926,0.9622642,1.0,1.0,0.7921926,0.7921926,0.60824054,0.46245956,0.93421376,0.025991203721557752,0.003865054535043708,0.010366169909633936,-0.0036156644987940857,-0.00015683437205094765,0.0003901248017553996,0.0045179797974722255,0.009989258447445283,0.003953246935562571,0.0,0.0,0.0,0.008766419381593121,0.01443145100801409,0.0013191465401201762,0.0033009371510630938,-0.004892783427466717
0.7412241,0.74106884,0.63727826,0.92365605,0.9444444,0.9,0.7163665,0.27317417,0.28962964,0.9622642,1.0,1.0,0.28962964,0.28962964,0.32074046,0.31023735,0.47221357,-0.004772784056865151,0.001589631353083306,0.003379386924090808,-0.0032744076487424456,-0.010237050151784888,-0.001238648298803483,-0.002186317414135492,-0.01173172269480569,-0.008667223572461058,0.0,0.0,0.0,-0.014027151431233896,-0.021075056122809414,-0.0012597459523796166,0.0018787891272819325,0.0018552754308023645
0.8021798,0.6411592,0.8026111,0.9444444,0.9444444,0.7564954,0.6197872,0.6172919,0.6338472,0.9622642,1.0,1.0,0.6338472,0.6338472,0.44699055,0.6246819,0.6722137,0.014197252223821306,5.6102947078393234e-05,-0.0056055659865545514,-0.003443384515615133,0.0012289883174585311,0.002326666152668923,-0.013136944892577503,0.009329591954277985,0.007191967038457082,0.0,0.0,0.0,0.008430770828490301,0.012308952650217777,0.0016939456535857832,-0.003561308420716714,-0.002531091277293609
0.88353175,0.75796396,0.7469564,0.9762011,0.80535936,0.9,0.9,0.35493883,0.37667605,0.9622642,1.0,1.0,0.37667605,0.37667605,0.30949044,0.38690397,0.53421366,0.02515200192251696,0.0021734785862533175,-0.001123407318062098,-0.007285360316972264,0.0018138879252627216,0.00021103398488777597,0.00261649534998337,-0.0034948149846414566,-0.0021605777255535538,0.0,0.0,0.0,-0.0020669314476619827,-0.007368833039929705,-0.0028395379216560376,0.003504814264410784,0.0019903050090175063
0.8030539,0.8243242,0.62266994,0.9444444,0.64233744,0.84992,0.9,0.5814096,0.593632,0.9622642,1.0,1.0,0.593632,0.593632,0.44449055,0.60690415,0.6302137,0.009128666945647148,0.003145952922226378,0.005246657624563384,-0.004691258199059139,0.0011315880049748153,0.0007731504752405263,0.0048349870020426835,0.007416984883358454,0.006018780234248503,0.0,0.0,0.0,0.008315668721021997,0.010116094227605139,0.0014130638362152659,-0.0012986425827509014,-0.0001088961538093438
0.76400965,0.672725,0.7259345,0.9444444,0.9928678,0.6503008,0.9,0.4214096,0.4319159,0.9622642,1.0,1.0,0.4319159,0.4319159,0.3644904,0.5702374,0.47321358,-0.0011242111929384935,0.001341937097255766,0.0003546903240113904,-0.0030665220955785433,-0.008174982019918512,-0.006252729968254186,0.0038814261103217278,-0.0006855314542798491,0.00011680865877668516,0.0,0.0,0.0,0.0010720015667301985,-0.004445025988385044,0.0019059262619654088,0.0005273802877142641,0.0009880348741870654
0.9231587,0.9310345,0.09677523,0.09498309,0.09498309,0.9,0.9,0.38023308,0.3988935,0.9622642,1.0,1.0,0.3988935,0.3988935,0.4894905,0.48468176,0.3822136,0.023256300755776095,0.006702340812412685,0.01669881240482503,0.014232247033282987,0.014372625715079872,0.0009730497667166272,0.00422214693343975,0.0010613391903099266,0.001176429331787222,0.0,0.0,0.0,-0.002630988720456576,-0.0021972695363035046,0.001373082269102298,0.003056057922342414,-0.00038926293353694157
0.77525675,0.62947774,0.82259923,0.9444444,0.9444444,0.6084952,0.787427,0.69435066,0.7134692,0.9622642,1.0,1.0,0.7134692,0.7134692,0.5844905,0.57912636,0.6842137,0.0013902856839428134,-0.0022192564749621817,-0.007597505645607778,-0.0016292610112744667,0.002070916359018044,-0.004610730652690986,-0.001673476555614607,0.00827286384311548,0.005721336173911132,0.0,0.0,0.0,0.006249288034270249,0.012488193550877484,-0.001882018314140874,-0.0022193702011144086,-0.001089181689805061
0.7255481,0.7485686,0.8655965,0.9762011,0.89816934,0.9,0.9,0.69788015,0.709049,0.9622642,1.0,1.0,0.709049,0.709049,0.6132405,0.57912636,0.67921364,-0.0036567615957722754,0.002868159638456548,-0.011348306527406725,-0.0058848424404659115,0.003225130500110597,0.0005750008428909634,0.005312609939924086,0.012564873100552421,0.006448467410208058,0.0,0.0,0.0,0.005150446056368183,0.01215140853994639,-0.002080553386670104,-0.0020576904981750572,-0.0027215914738722615
0.9231587,0.9310345,0.3295324,0.32342997,0.32342997,0.9,0.9,0.6819978,0.68843,0.9622642,1.0,1.0,0.68843,0.68843,0.48199052,0.60468185,0.7582137,0.023822942029244745,0.004517820189576183,0.01648895499728646,0.009059588199207436,-0.0006291041157764282,0.0009658080297880733,0.003016167358288693,0.0027769193371668956,0.004126716798896038,0.0,0.0,0.0,0.008181948295956042,0.008709425341393778,0.0012964374718017714,-0.0011359374077942143,-0.0023217861287027804
0.9219933,0.7825815,0.7739541,0.9444444,0.8464535,0.7564954,0.9,0.65964484,0.6748383,0.9622642,1.0,1.0,0.6748383,0.6748383,0.5932405,0.4602373,0.7452136,0.026949973711775082,0.0021273192363387367,-0.0036001240449499996,-0.002952368887089779,0.0022819757790260423,-0.0001742129100551809,0.0037927830980577144,0.007870484922350878,0.00599997088570705,0.0,0.0,0.0,0.006642831464720027,0.010796382653017944,0.00018376699783529662,0.003526501685482155,-0.002844944793861086
0.78737795,0.7825815,0.7562483,0.9928678,0.8819039,0.9,0.9,0.5114093,0.530316,0.9622642,1.0,1.0,0.530316,0.530316,0.52449054,0.5113485,0.5162136,0.011689012257625983,0.003480867515515674,-0.0017811435948844373,-0.007791825519477962,0.0021202322325423093,0.00034633173350761626,0.0057013822503609425,0.0059710836104460594,0.005171004164249777,0.0,0.0,0.0,0.00789887808546786,0.00810332910134981,0.0006358176595456809,0.0010980926668144565,0.002130603925552633
0.59477895,0.82111806,0.7787292,0.94465274,0.9444444,0.9,0.84992,0.27082106,0.2910931,0.9622642,1.0,1.0,0.2910931,0.2910931,0.43074054,0.27912617,0.44321364,-0.046297817648581416,0.0024519444144286027,-0.006776080214157416,-0.006761899758717799,-0.010074201655354394,-0.0010186278619187703,0.0010280943411295957,-0.017132130261406774,-0.012107222625271268,0.0,0.0,0.0,-0.018381760885352275,-0.021297206140395316,0.0011474942407435958,0.0007111616688759112,0.0006512127448572347
0.56727314,0.5136556,0.8415507,0.9444444,0.9410746,0.84684366,0.9,0.42788002,0.44644848,0.9622642,1.0,1.0,0.44644848,0.44644848,0.25199044,0.66579294,0.5052136,-0.04760885469253643,-0.007925383363718163,-0.007426582444334441,-0.006439238774970375,-0.0015798126173191295,0.00047784709289001056,0.004272967081810097,-0.0005119328655363423,0.0008425072114737113,0.0,0.0,0.0,0.0034245685358651394,-0.0020468955796351714,0.0013260204431981488,-0.004692115098614281,0.0022791952168858052
0.9231587,0.9310345,0.4166391,0.40892357,0.40892357,0.9,0.9,0.8061153,0.8090197,0.9622642,1.0,1.0,0.8090197,0.8090197,0.57699054,0.68579304,0.7962137,0.02777655245482562,0.006437551921015746,0.014327534879973841,0.00785172704152839,-0.0018984399304401525,0.0014002049064647762,0.0030819306624745644,0.00883390984935572,0.0035918711161663295,0.0,0.0,0.0,0.008504228613737752,0.014475133302714415,4.0246490975757894e-05,-0.005848813031976373,-0.00162240365151678
0.57910293,0.26411214,0.72657907,0.9444444,0.9444444,0.957162,0.25530842,0.55376244,0.56883997,0.9622642,1.0,1.0,0.56883997,0.56883997,0.49074048,0.44579282,0.6602137,-0.04479840565285095,-0.014187578230996917,-0.0013965046442482802,-0.00572259856825285,-0.0031690612302346897,-0.0038760912696485738,-0.05832215142553482,0.006034248024638909,0.004108081774906524,0.0,0.0,0.0,0.005545124530699459,0.005693983354884691,0.0009727298558269211,0.005127721103534935,0.002719971954188226
0.7971684,0.39589822,0.9878877,0.9444444,0.9762011,0.7402578,0.9,0.5355274,0.55140257,0.9622642,1.0,1.0,0.55140257,0.55140257,0.5182406,0.5057929,0.58521366,0.00837314798314242,-0.016621273502102178,-0.02046345113674978,-0.0014474286799798725,0.0014426760047106912,-0.0019832770676356283,0.003278234396940114,0.006690694493929136,0.004957231862524932,0.0,0.0,0.0,0.006523471409992401,0.006621547675963128,-0.00020705546676904878,0.002389532667224428,0.0019611415771315257
0.7989164,0.52029675,0.8415507,0.9444444,0.885304,0.84992,0.9,0.25964478,0.2825318,0.9622642,1.0,1.0,0.2825318,0.2825318,0.2819904,0.29690415,0.5272136,0.0036149218754574484,-0.0038886595673714745,-0.012402272014203361,-0.0028771534197652333,-0.002627158498582441,0.00041952810626342906,0.003914938406902139,-0.015682785048042956,-0.013038505909343363,0.0,0.0,0.0,-0.019211977022752194,-0.022630730845994894,-0.0027256545346813375,-0.0003352359864470429,0.001829810165176315
0.814301,0.7681417,0.77028203,0.8448195,0.9444444,0.9,0.74253696,0.3084683,0.32109097,0.9622642,1.0,1.0,0.32109097,0.32109097,0.5257405,0.27245957,0.4372136,0.012873408913172625,0.0018383094825834153,-0.0045961623738065525,0.003359043361751544,-0.007335624245148362,-3.8414125950748876e-05,-0.0025764084061085436,-0.00874149470117274,-0.009900292894873108,0.0,0.0,0.0,-0.00867571930109708,-0.014185835560220761,0.001518474099478789,-0.002127969067385299,0.0023295534422610852
0.9231587,0.9310345,0.35312006,0.3465808,0.3465808,0.9,0.9,0.72788,0.74294794,0.9622642,1.0,1.0,0.74294794,0.74294794,0.4394905,0.8769041,0.63521373,0.026492755746753627,0.00821754632679051,0.017488415181077414,0.0107469856921665,-0.001570058863413602,0.001446892389561434,0.004214751931374019,0.005942720238912158,0.003541784006035619,0.0,0.0,0.0,0.007360836443194538,0.012757245376010647,0.0019061471538644487,-0.015670002412579286,-0.0004022990904189883
0.90660864,0.6273414,0.8128512,0.856965,0.849657,0.9,0.9,0.5196448,0.5380161,0.9622642,1.0,1.0,0.5380161,0.5380161,0.24074042,0.5135708,0.7722137,0.02999438406457397,0.0002040415650010613,-0.00703468543371115,-0.0018294869717977087,0.0015423860418277771,-5.937408732602515e-05,0.004622369853718155,0.003841450895519319,0.004197641509488892,0.0,0.0,0.0,0.005601961952875501,0.006015421106164015,-0.0019158159992345408,0.0014435463725430576,-0.004824961442921338
0.6640097,0.68238485,0.73575616,0.9444444,0.7517439,0.65963864,0.9,0.29493892,0.31141096,0.9622642,1.0,1.0,0.31141096,0.31141096,0.35699046,0.31023735,0.47321367,-0.022734033826295602,0.0020880507536682044,-0.0028853265975929574,-0.005622559005594261,0.0024552477652114014,5.585221907858505e-05,0.0026223566497667345,-0.0100136905845482,-0.010458469214078139,0.0,0.0,0.0,-0.0139099412357808,-0.01806585446399163,-0.0008732072368669202,0.002010953835776883,0.0011302029593342033
0.55602604,0.8243242,0.88656104,0.9444444,0.92906505,0.84992,0.9,0.4796449,0.49462324,0.9622642,1.0,1.0,0.49462324,0.49462324,0.45699054,0.475793,0.5512136,-0.053114798345464946,0.0027611165603442043,-0.01392508146787408,-0.0056015393626167856,-0.001678021635975885,0.001041776797289817,0.0046486265991304895,0.0015900305119828052,0.0018726142312818096,0.0,0.0,0.0,0.004327126553300554,0.001778515043692675,0.0014421358028039646,0.0039100120524307455,0.002016184833719975
0.7140097,0.6857599,0.7055987,0.69253206,0.9444444,0.9,0.59641933,0.44082114,0.4621424,0.9622642,1.0,1.0,0.4621424,0.4621424,0.35199046,0.5113485,0.53421366,-0.013271455818226273,0.0009470861788669145,-0.000570439601084395,0.003297584756651587,-0.0026113923657818316,-0.0011866541703302379,-0.01809458506964934,0.0018134950247984832,0.0012197023040943816,0.0,0.0,0.0,0.002553874738790365,0.00017688950242133683,-8.516168620879783e-05,0.002897121064674962,0.0014145562244093734
0.648625,0.6167795,0.76591873,0.8572891,0.786071,0.9,0.9,0.50670356,0.5260759,0.9622642,1.0,1.0,0.5260759,0.5260759,0.3869906,0.5480152,0.5972136,-0.023929061912276266,-0.0012935342732254568,-0.004482596497392593,-0.0011498884961801564,0.0022177531830890047,-0.00012103139667238515,0.005488099487508309,0.003597890927376528,0.002900850904595813,0.0,0.0,0.0,0.005117855656364462,0.004584908652061655,0.0021926928329028096,0.0012839336675940195,0.0008025402127894636
0.65573466,0.5249152,0.9467815,0.9444444,0.96959347,0.7400306,0.9,0.38082123,0.39599916,0.9622642,1.0,1.0,0.39599916,0.39599916,0.40699053,0.41468176,0.5122137,-0.022319143801642478,-0.004144695352985413,-0.022300510906743298,-0.004132844797902468,-0.004534213788688164,0.0012494970728906165,0.002294259902643458,-0.003804549544024312,-0.002307000447750583,0.0,0.0,0.0,-0.0016107469087680735,-0.0047815404176320166,0.0018699838088747833,0.003847990557148274,0.0017541662361992036
0.85631734,0.3989073,0.77314955,0.9444444,0.9928678,0.957162,0.9,0.62258595,0.635863,0.9622642,1.0,1.0,0.635863,0.635863,0.47574055,0.5235708,0.6522137,0.019425120773303415,-0.013475259319745908,-0.0016868380068034874,-0.002808323706894509,0.0010738653358644248,-0.0003526325001659809,0.005226267290883827,0.008827268531768535,0.001254961514516214,0.0,0.0,0.0,0.004654698556189535,0.008907072621408966,0.0010644858965921003,0.00044192176864696017,-0.00018043602685600797
0.66400963,0.59994364,0.6696593,0.9928678,0.9762011,0.9,0.9,0.53258604,0.5506508,0.9622642,1.0,1.0,0.5506508,0.5506508,0.31449044,0.6380153,0.5272137,-0.02231217188899469,-0.0022000243726521167,0.0019383663383471545,-0.01009509356496643,-0.0026346185810376703,-0.0003487778219230669,0.00535276192882786,0.004434326823316164,0.005161748416062289,0.0,0.0,0.0,0.007613574927657834,0.007544389328178307,0.0016574604129805076,-0.004108510824757309,0.0019314380637033728
0.7867952,0.70966953,0.8109755,0.9928678,0.7590373,0.9,0.9,0.3919976,0.4101252,0.9622642,1.0,1.0,0.4101252,0.4101252,0.4832405,0.29134846,0.5462136,0.009974921348022643,0.0017032731815785692,-0.00807454742698048,-0.00597632884289944,0.003618065246759,5.195498469063347e-05,0.00435269499392335,-0.001650191875412689,-0.0008482535860145348,0.0,0.0,0.0,-0.0007941811698432863,-0.0027642754349445943,0.0015486508883108701,0.003399848281510383,0.002196642825725872
0.8101635,0.81457967,0.79368633,0.9444444,0.9444444,0.787427,0.787427,0.47552726,0.49027103,0.9622642,1.0,1.0,0.49027103,0.49027103,0.2657404,0.58912635,0.6292137,0.008989048775982299,0.0017210933459408505,-0.0065743734927666345,-0.004278521475334294,-0.002244632773646524,0.0014324240332391524,-0.0006194626936914524,0.003529406285180656,0.003534976679552277,0.0,0.0,0.0,0.006000698327253456,0.0039815968378237015,-0.003299591704927339,0.0005670897909275651,-0.000946263196069197
0.6944876,0.6857059,0.9456273,0.9444444,0.9762011,0.7400306,0.9,0.3108214,0.3296212,0.9622642,1.0,1.0,0.3296212,0.3296212,0.5157406,0.3869041,0.2942136,-0.014270611904867527,0.001520712327997758,-0.022574601240473592,-0.003656118152800929,-0.008782713889322197,0.0008931722638208793,0.002938435025717784,-0.012425013102938042,-0.009857124136776698,0.0,0.0,0.0,-0.01144565555524377,-0.01454439700669827,0.0014917336855762254,0.0020875787019332915,-0.004499062496541595
0.9231587,0.9310345,0.20419696,0.20041554,0.20041554,0.9,0.9,0.40199775,0.42192158,0.9622642,1.0,1.0,0.42192158,0.42192158,0.3019905,0.7313485,0.3622136,0.024017939779426848,0.006807794025136739,0.017400976080736326,0.013052799869925618,0.007932731390143217,0.0014678416247329398,0.003964110095444085,0.0015312282360328436,0.0014601291508356934,0.0,0.0,0.0,-0.0011345732107823012,-0.0016659003157535723,0.0010437865546941106,-0.002724660881840761,0.0002767350943927869
0.9107462,0.8209112,0.60770524,0.9444444,0.5716185,0.7935475,0.9,0.2796449,0.29772004,0.9622642,1.0,1.0,0.29772004,0.29772004,0.37574053,0.36023733,0.3952137,0.03170398258071148,0.002837073137440142,0.00688417305197624,-0.006969320803616449,0.004396016311760627,0.00039112558776146215,0.0029975893214823036,-0.008359835434911596,-0.007156104091993707,0.0,0.0,0.0,-0.010742913558651524,-0.01690026538806379,-0.00169812545498506,0.0038590373015784042,-0.0014413770211052091
0.7412241,0.9097383,0.65479344,0.9444444,0.88530415,0.957162,0.9,0.18376249,0.2077388,0.9622642,1.0,1.0,0.2077388,0.2077388,0.2607404,0.40912616,0.4282136,-0.00959573266794842,0.002275923245120908,0.003101862391391091,-0.006161446791724043,-0.004996735957807045,-0.0011656238148384434,0.003137354313190215,-0.023630583537874762,-0.018136680729241107,0.0,0.0,0.0,-0.02928872414002421,-0.03683959017230123,-0.004322816263073224,0.002781359130135727,0.0019111637131424232
0.9092895,0.52323747,0.94066054,0.9232409,0.95153695,0.9,0.9,0.7978802,0.803701,0.9622642,1.0,1.0,0.803701,0.803701,0.7969905,0.6302374,0.7302137,0.024548970168914653,-0.007778647231153956,-0.017913428372465498,-0.001345790074401746,0.00391903912107339,0.0009135837903403801,0.004124001483986969,0.013546963227216727,0.001690274144177792,0.0,0.0,0.0,0.002209638833153288,0.009898365059783885,-0.011955990278699384,-0.005310515082727858,-0.00052066448238278
0.69477886,0.34383935,0.775102,0.9444444,0.9444444,0.75113785,0.33237803,0.5231743,0.541775,0.9622642,1.0,1.0,0.541775,0.541775,0.41949052,0.53023744,0.6042137,-0.01027491526581187,-0.01328154684074,-0.0032974641622727885,-0.0038007164317806264,-0.0025959483651660903,0.003228070476497206,-0.047003214265709324,0.005515339775065636,0.003867187299600335,0.0,0.0,0.0,0.005198222259762375,0.0055134184537880574,0.0026695124569922866,0.0007156046317232944,0.0020244215355060997
0.8444876,0.73405665,0.8130148,0.79795897,0.9444444,0.9,0.7568386,0.56258595,0.5744076,0.9622642,1.0,1.0,0.5744076,0.5744076,0.24824047,0.6246819,0.6992137,0.0239391008262015,0.002607475136114405,-0.0038595336196873657,0.0013145386811799391,-0.0011131914806150236,-0.0007338106566214912,-0.0010813679521937995,0.004028313620599282,0.00412596099613914,0.0,0.0,0.0,0.005877200765065036,0.008121074122789949,-0.0004668114981403748,-0.00259890970266517,-0.004659847680103934
0.85305387,0.5093956,0.6801183,0.9677255,0.9444444,0.9,0.49241576,0.4972918,0.5019831,0.9622642,1.0,1.0,0.5019831,0.5019831,0.53574055,0.42912632,0.7232136,0.01896600352480994,-0.0008810882262953679,0.0011702878092307314,-0.004480200455701505,-0.0016719721923544651,-0.0003444522699873701,-0.030984583862838706,0.0033742006081903825,0.002499191690970678,0.0,0.0,0.0,0.0035096808740732923,0.0025351955151783866,0.00014991712183869395,0.006130112422223724,-0.0033835118355215587
0.90305394,0.8242123,0.6944289,0.9928678,0.81454223,0.9,0.9,0.50788003,0.52564436,0.9622642,1.0,1.0,0.52564436,0.52564436,0.48199052,0.7413485,0.30021363,0.03176107848953829,0.005423391513698172,0.0020865296392823347,-0.007320912947526898,0.0013947302445827287,0.0009188312909250827,0.004608654957215649,0.0035686908228945036,0.004555954909921751,0.0,0.0,0.0,0.006512345701354629,0.005496729491705399,0.002311381230398306,-0.00922301615348823,-0.002219991912343455
0.8444876,0.73822975,0.91501707,0.9444444,0.9762011,0.7136221,0.9,0.5449388,0.5627282,0.9622642,1.0,1.0,0.5627282,0.5627282,0.34574044,0.7391263,0.5112136,0.01634525468420643,0.0024697251458427757,-0.013813173730967401,-0.00222038723867656,0.0005000265751602924,-0.0013901813308184541,0.0035751214838004907,0.004874497408098285,0.005698500227879876,0.0,0.0,0.0,0.006430044483603256,0.0076889595403366075,0.0025998455943154453,-0.010206562316953865,0.0015695626559775156
0.9231587,0.9310345,0.21937257,0.21531011,0.21531011,0.9,0.9,0.50140953,0.5195692,0.9622642,1.0,1.0,0.5195692,0.5195692,0.41949052,0.6535708,0.45521364,0.02394404615389838,0.005756956516702101,0.016756373170075684,0.01098365917758892,0.007386617526934587,0.0014649642600261285,0.003630132654617343,0.0022423158927026947,0.0028334406043480647,0.0,0.0,0.0,0.0038635936676088872,0.0036739384068854284,0.001325558142085139,-0.0010386408965987206,0.0004064645500052945
0.8335318,0.78289807,0.7276843,0.9928678,0.9015216,0.9,0.9,0.60611534,0.61903334,0.9622642,1.0,1.0,0.61903334,0.61903334,0.5319905,0.57912636,0.6112137,0.015596943284515547,0.0013692469711437758,-0.000970785693428375,-0.007842454068165158,0.0022318883532834242,-0.00019808019464585976,0.005377344886531255,0.007953095467966244,0.005920746120325349,0.0,0.0,0.0,0.007971983802122263,0.012405822289622176,0.0010729740662035745,-0.0010915363917794979,-0.00013090920781727618
0.68294907,0.6443999,0.86390066,0.9444444,0.89173603,0.7352637,0.9,0.64199775,0.6595394,0.9622642,1.0,1.0,0.6595394,0.6595394,0.5307405,0.67245966,0.58921367,-0.010005293583639108,0.0003821284661670263,-0.00996297906679943,-0.0022724228792343694,0.001650394232634656,-0.00013831368701319353,0.007166044724726159,0.013151892149228975,0.007449591165387571,0.0,0.0,0.0,0.007798114778818905,0.015221799474164535,-0.0006600887649583148,-0.00961199064918946,0.0010107538162718343
0.8420981,0.592106,0.53309387,0.9444444,0.5232218,0.5723691,0.9,0.55846834,0.57348543,0.9622642,1.0,1.0,0.57348543,0.57348543,0.48949057,0.5335707,0.7302137,0.01500740812346305,-0.00437049971561099,0.006010262009592499,-0.003980618555437773,0.0006563011008379378,-0.005873900565503309,0.0035423284660175565,0.003987638809566355,0.00345296807971814,0.0,0.0,0.0,0.005172563400170821,0.005838208755505369,0.0014024887148441176,0.0006936814910754015,-4.149569123752025e-06
0.60247123,0.68290687,0.7356443,0.9444444,0.75158006,0.6601433,0.9,0.3019978,0.32061365,0.9622642,1.0,1.0,0.32061365,0.32061365,0.46949053,0.40245956,0.38821363,-0.040690846907531386,0.00012331265271730681,-0.0028237519385642717,-0.006875641393956233,0.0025916751038194217,0.0003854092418310906,0.002258873526206714,-0.009398642273831637,-0.007884476059856088,0.0,0.0,0.0,-0.009566210213245885,-0.014139049306592195,0.0018479707574487179,0.005057368381780732,-0.0014451393803638992
