crRNA spacer,bh_maximal consecutive paired bases,bh_maximal consecutive unpaired bases,bh_5' overhang,bh_3' overhang,bh_5' stem,bh_3' stem,dsDNA target,ah_maximal consecutive paired bases,ah_maximal consecutive unpaired bases,ah_5' overhang,ah_3' overhang,ah_5' stem,ah_3' stem,PAM-proximal region,central region,PAM-distal region,crRNA spacer,bh_maximal consecutive paired bases,bh_maximal consecutive unpaired bases,bh_5' overhang,bh_3' overhang,bh_5' stem,bh_3' stem,dsDNA target,ah_maximal consecutive paired bases,ah_maximal consecutive unpaired bases,ah_5' overhang,ah_3' overhang,ah_5' stem,ah_3' stem,PAM-proximal region,central region,PAM-distal region
0.5947789,0.5999433,0.8230441,0.8374083,0.9928678,0.9,0.9,0.36082134,0.3718014,0.9622642,1.0,1.0,0.3718014,0.3718014,0.33449054,0.33579287,0.60721374,-0.042241480128977195,-0.002340663364913314,-0.004133282340091149,0.0014155493898057648,-0.004861797283384154,9.701564123785637e-05,0.003523102322219355,-0.004573144907989773,-0.005459526566280506,0.0,0.0,0.0,-0.003895460844355938,-0.008260978903644887,-0.004874969444542825,0.012588547654017884,0.009198814351214904
0.9231587,0.9310345,0.3095521,0.30381966,0.30381966,0.9,0.9,0.63082135,0.64293236,0.9622642,1.0,1.0,0.64293236,0.64293236,0.41449052,0.6046818,0.7072137,0.028499358318104726,0.0038656877138091273,0.014472103878556774,0.013405830356357822,0.0010186542617131298,0.0033801320995497748,0.004530222406608119,0.0032199255850223108,0.0006848349145983541,0.0,0.0,0.0,0.0002535323576898986,0.00662227385415354,-0.0017138227893545629,-0.004405753952251333,0.005746126723489821
0.76400965,0.7273349,0.83393335,0.9444444,0.9762011,0.8227389,0.9,0.6131742,0.6279496,0.9622642,1.0,1.0,0.6279496,0.6279496,0.57449055,0.61912626,0.62721366,4.640475483244089e-06,0.0010695586356030374,-0.007789206154957112,-0.0031921170939040303,0.0006294976823067876,-0.0001231706063728265,0.004551979994182267,0.0074498361246298226,0.006399569763786144,0.0,0.0,0.0,0.004952903076162331,0.008895145202108948,0.002111242601538043,-0.008049973273769826,0.006097732795719606
0.9231587,0.9310345,0.22684462,0.2226438,0.2226438,0.9,0.9,0.53023314,0.54919976,0.9622642,1.0,1.0,0.54919976,0.54919976,0.5107405,0.6069041,0.4502136,0.027943174465696455,0.0023680571396449287,0.018153110327908478,0.01820274183514419,0.005723314707064897,0.0028979894822764697,0.004386143488857987,0.004160639503093062,0.004393184276922704,0.0,0.0,0.0,0.0037533282127790372,0.0055179731529711095,0.0013881763790069568,-0.004091366670004021,-0.0009809680744501887
0.9231587,0.9310345,0.4172892,0.40956163,0.40956163,0.9,0.9,0.8108214,0.8197391,0.9622642,1.0,1.0,0.8197391,0.8197391,0.80949056,0.6980152,0.64621365,0.025179665552534047,0.005331703586883605,0.009560324290554393,0.008052599507594793,-0.0012931813205653237,0.0027746578730433974,0.005068315248171283,0.0029151638061554823,-0.0031903358835868867,0.0,0.0,0.0,-0.0033204671345012766,0.00841854117851812,0.007469165605736107,-0.008473982380941323,0.003509739324581704
0.7066087,0.7409425,0.76248634,0.9762011,0.80934864,0.9,0.9,0.42905673,0.45132473,0.9622642,1.0,1.0,0.45132473,0.45132473,0.4257406,0.5057929,0.4612136,-0.015168868915372653,0.0034794270950020017,-0.0035474279103542925,-0.013616074157609069,0.0021596769022702465,0.0012434717918484556,0.003205701648923925,-0.0009150610727962787,0.002805006850771042,0.0,0.0,0.0,0.0021675280939078977,6.11115148599542e-05,0.0002400166579678948,0.0007589993131154823,-0.0025065953921789806
0.85690004,0.8242123,0.7221636,0.9444444,0.7272933,0.79673856,0.9,0.5502328,0.56558865,0.9622642,1.0,1.0,0.56558865,0.56558865,0.5132405,0.53023744,0.64421374,0.02082559644779874,0.0036271434696517092,-0.00100848370064439,-0.0027617722609938273,0.00011622181029790679,-0.001981897114584699,0.0049921757886694906,0.005299960951575307,0.005036517411174882,0.0,0.0,0.0,0.004184689277048691,0.0052791188732883385,0.0007168072540274383,-0.0014469809873572579,0.004929280987534567
0.9231587,0.9310345,0.1705373,0.1673792,0.1673792,0.9,0.9,0.41729197,0.43629265,0.9622642,1.0,1.0,0.43629265,0.43629265,0.4894905,0.3280152,0.5662137,0.0221954210414228,0.0024386315526460168,0.01591550330991834,0.0189582316988204,0.00397178127411764,0.0017702342420234537,0.003245434515491656,0.002321797995663853,0.003626117768001347,0.0,0.0,0.0,0.0036713325405748854,-0.0014849347518070793,-1.7217626419253252e-05,0.0036868539794045925,0.0017591808954167693
0.8021798,0.6602158,0.8503961,0.9762011,0.88530415,0.9,0.9,0.33905646,0.35725924,0.9622642,1.0,1.0,0.35725924,0.35725924,0.54324055,0.30357063,0.43021363,0.019508954444361796,0.0014089532190107229,-0.009955108084182209,-0.0158207148101037,0.0015570181852842754,-3.138675178124753e-05,0.002852375786010277,-0.00597071946704804,-0.004555841559241286,0.0,0.0,0.0,-0.003712952216699806,-0.00779954113833545,0.003302383969475679,0.013431515017719841,-0.00463373573220002
0.9030539,0.81457967,0.7727843,0.75847346,0.9444444,0.9,0.787427,0.40140948,0.42050555,0.9622642,1.0,1.0,0.42050555,0.42050555,0.44199055,0.4824596,0.4662136,0.03940704597202425,0.0028678499334376406,-0.002882507058964197,0.006146902332852675,-0.0012631625371054694,0.0015676569679500324,-0.00146886975612413,-0.0001847646836421044,0.00445359942033219,0.0,0.0,0.0,0.00375595638934886,-0.0007499798336908364,0.00048815822845712717,0.0011907492370207594,-0.0023108069039263234
0.7906413,0.609331,0.7902884,0.7756534,0.9444444,0.9,0.7262355,0.5755272,0.5895506,0.9622642,1.0,1.0,0.5895506,0.5895506,0.5632405,0.4257929,0.6882137,0.010960617665382387,-0.001182805458572752,-0.004833727164099624,0.00234831843978895,0.00014861824493351265,0.003260917030599133,-0.007563040061948506,0.00452387802983503,0.005019731846588302,0.0,0.0,0.0,0.003315471851645941,0.005787859312671233,0.002378407148036434,0.005419937491570458,0.006974053789338341
0.9231587,0.9310345,0.31871566,0.31281352,0.31281352,0.9,0.9,0.6914095,0.7001039,0.9622642,1.0,1.0,0.7001039,0.7001039,0.6019905,0.5569041,0.7212137,0.021238963818706175,0.0026739331302395963,0.013329360234574759,0.009876311913027552,0.0006242660424182245,0.00230063089516444,0.002770645809915062,0.0027973071708361297,-0.00021281005697705322,0.0,0.0,0.0,-0.0011675766437501116,0.007781946055379704,0.004245936268762269,-0.0016066106785792246,0.005279582835351222
0.79122406,0.71064264,0.76215065,0.9444444,0.76242715,0.6869545,0.9,0.39552712,0.41429204,0.9622642,1.0,1.0,0.41429204,0.41429204,0.35074055,0.41912618,0.57621366,0.012860392183517528,0.003218539818910114,-0.004751459764765534,-0.009023831179189326,0.0016146986594164593,-0.005931521222638454,0.005030436786914279,-0.0013424346437047848,0.001979733662088626,0.0,0.0,0.0,0.0016252706938204304,-0.001882376060885131,-0.003006638391404284,0.006579913497767762,0.00440097452246767
0.5527625,0.68266875,0.59966624,0.8129072,0.9444444,0.9,0.6599131,0.13552722,0.15946645,0.9622642,1.0,1.0,0.15946645,0.15946645,0.09199047,0.52579296,0.2952136,-0.0670182604398195,0.00141284916030888,0.006783737356168145,-0.0011587944227425303,-0.005723538884636478,-0.00024271918558536258,-0.005670454241854712,-0.03141168971208544,-0.03033633199579882,0.0,0.0,0.0,-0.023943641999800907,-0.03677729036208004,-0.017948759470417325,-0.0017331496036581018,-0.02456306241737856
0.8219933,0.8198062,0.3726968,0.9444444,0.36579502,0.79247934,0.9,0.4561154,0.4730291,0.9622642,1.0,1.0,0.4730291,0.4730291,0.43699056,0.61023736,0.5292136,0.022072427139283937,0.004125270088716332,0.014266476615814181,-0.007059119784983566,-0.006340567102840429,-0.0009175876145769341,0.005296363856751022,0.0033776378930506865,0.005169621241896354,0.0,0.0,0.0,0.0038472748068824076,0.002711276680898726,0.0005603141600607549,-0.00970180715542332,0.0017451512944702213
0.90690005,0.9418765,0.4457335,0.9762011,0.45405328,0.9,0.9,0.6214096,0.62974644,0.9622642,1.0,1.0,0.62974644,0.62974644,0.7969905,0.32579294,0.7042137,0.02598218640754836,0.004182492203683624,0.007292109767804721,-0.0043425199428839345,-0.002693326551029349,0.0018354573400514848,0.004994108394258159,0.005776422376363845,0.0049248701119366115,0.0,0.0,0.0,0.004717578880015349,0.007951120581459487,0.006236362818805168,0.007230537728739952,0.005861244426774045
0.8219933,0.8062098,0.8078714,0.87267554,0.9444444,0.9,0.77933615,0.78317416,0.7898547,0.9622642,1.0,1.0,0.7898547,0.7898547,0.70449054,0.67245966,0.6552137,0.013456455587848463,0.0034963087631755684,-0.004951625753907306,-0.001023234728787807,3.31409245413708e-05,0.0013471565788872372,-0.003264551046502642,0.00788901146676791,0.003177538276053178,0.0,0.0,0.0,0.0011513126772008768,0.011153619381238206,0.004351429676120289,-0.01070940958517153,0.006673784217465942
0.83737797,0.86883026,0.53669405,0.9444444,0.5267553,0.83986926,0.9,0.7402331,0.7493131,0.9622642,1.0,1.0,0.7493131,0.7493131,0.6919905,0.6669041,0.64821374,0.01893967190196633,0.005440962869637673,0.007808412304493472,-0.0018996605133501745,-0.001237880473806272,0.00042387970840455,0.004856433062650928,0.007709628614346259,0.004914192529006417,0.0,0.0,0.0,0.0035093128746566072,0.009408008969039101,0.0027856481986710713,-0.010086273863995665,0.005872709840035001
0.9231587,0.9310345,0.26256713,0.25770476,0.25770476,0.9,0.9,0.5190568,0.53119195,0.9622642,1.0,1.0,0.53119195,0.53119195,0.44199055,0.41468185,0.6852137,0.023685066055383067,0.0025024877554106983,0.012979816157293534,0.014508378008768665,0.003781217537457963,0.0013777372893544432,0.002976961134188683,0.003979404186802391,0.0051992162620219705,0.0,0.0,0.0,0.00440215428227972,0.004557483561210485,-0.0007713043308732113,0.0022323933269943,0.005920405194374418
0.6598722,0.5989855,0.8434268,0.9444444,0.839055,0.5790193,0.9,0.30729204,0.32741868,0.9622642,1.0,1.0,0.32741868,0.32741868,0.42074054,0.42912632,0.41721362,-0.020139978709083715,-0.00044612097917874085,-0.010095840566797142,-0.010576888579241848,0.0022810763827018684,-0.008303573354086597,0.002945291307326103,-0.009835100596358962,-0.006956807883638942,0.0,0.0,0.0,-0.0061515496593288355,-0.013530267604192204,-0.0005755782412286379,0.0072148998182355985,-0.007822408287809076
0.66698176,0.06693281,0.86941165,0.9444444,0.9444444,0.9034291,0.06470172,0.4884684,0.50476116,0.9622642,1.0,1.0,0.50476116,0.50476116,0.4132405,0.5591264,0.50121367,-0.02293761284458362,-0.028495599456635982,-0.006240102087632977,-0.0065069164619286236,-0.005135403428038004,0.0005588304191370835,-0.07209301741648241,0.002839818357876863,0.006458135573289021,0.0,0.0,0.0,0.005677583575609979,0.005553091998007392,-0.0006934399901375307,-0.006725970696014737,1.9892894086559894e-05
0.91045487,0.7104199,0.70547837,0.9166222,0.7379079,0.9,0.9,0.49788004,0.5155037,0.9622642,1.0,1.0,0.5155037,0.5155037,0.3019905,0.62801516,0.5442136,0.03535700120799278,0.0027316643163435416,0.000904057164136611,-0.0010977672442213087,0.001184241485893263,0.0025660070713229162,0.005921821541832619,0.005383720937082751,0.006903152929838441,0.0,0.0,0.0,0.005675031050600854,0.005273950824114806,-0.0036985809031797345,-0.010540377420362583,0.0029106228717055353
0.9231587,0.9310345,0.3800168,0.37297946,0.37297946,0.9,0.9,0.7608213,0.77050114,0.9622642,1.0,1.0,0.77050114,0.77050114,0.74449056,0.5680152,0.6992137,0.031062394597386835,0.004795670199341701,0.011239678531944401,0.010673989583439882,0.0006023712393432395,0.002639274412047294,0.004679054073853719,0.004554120234457817,0.00010633544165696396,0.0,0.0,0.0,-0.0010277448095375316,0.010111179819490581,0.007384313082420957,-0.0025965701182306972,0.006146197655854899
0.829103,0.6729679,0.8985436,0.8819039,0.87387097,0.9,0.9,0.28493893,0.30472103,0.9622642,1.0,1.0,0.30472103,0.30472103,0.49949056,0.40134844,0.31821355,0.0238761484228513,0.0018678082658413625,-0.014928834482172037,-0.0058283861822996715,0.0014758897443863945,0.0006884994501654369,0.00298782460061795,-0.012191422036017974,-0.009601314259254251,0.0,0.0,0.0,-0.007901290840718705,-0.01441638483908613,0.0018479525651861862,0.00807377172706792,-0.015674501138955358
0.6291029,0.523663,0.86390066,0.9444444,0.9444444,0.957162,0.5162567,0.5567038,0.5752338,0.9622642,1.0,1.0,0.5752338,0.5752338,0.54574054,0.53023744,0.5622137,-0.03401937386241413,-0.005492856876663585,-0.0064328258629512665,-0.0050090653554978985,-0.001995439020675318,0.00022135880434671614,-0.030436512405110333,0.0063132290154252445,0.006615837881118533,0.0,0.0,0.0,0.00443585687535996,0.008060559544841415,0.001783837718094639,-0.0020519201472748673,0.003494723085734212
0.65276253,0.73751307,0.7304525,0.80753964,0.9444444,0.9,0.71292925,0.39552733,0.41217536,0.9622642,1.0,1.0,0.41217536,0.41217536,0.37574053,0.3946818,0.52121365,-0.02811516241753523,0.0027108096646461903,-0.0003027774151044148,0.0014473959864278888,-0.0030985806628893286,0.0003101165535230846,-0.00764802856756813,-0.0017244348487400441,0.0018895035621124547,0.0,0.0,0.0,0.0026613906454060897,-0.00267629924085321,-0.0026465739400001447,0.007821754332907585,0.00017295367491117374
0.9231587,0.9310345,0.3475106,0.3410752,0.3410752,0.9,0.9,0.66493887,0.6775336,0.9622642,1.0,1.0,0.6775336,0.6775336,0.6369905,0.5502374,0.6302137,0.026018586954937216,0.0038247801132963418,0.013412855859402132,0.011308973495350068,0.002550553252830293,0.002456558294995095,0.004318293330416123,0.0040206592843710955,0.0009573371094194278,0.0,0.0,0.0,2.3759495812934184e-05,0.007987499352468215,0.004999685921489391,-0.0018648497913679514,0.003882461728444797
0.9231587,0.9310345,0.2029414,0.19918323,0.19918323,0.9,0.9,0.3755271,0.39041016,0.9622642,1.0,1.0,0.39041016,0.39041016,0.34574044,0.51357067,0.43821365,0.024974314155118152,0.0026375394003576936,0.016480373975156906,0.022971686549993355,0.0036194501145308832,0.0015354596167691205,0.005495173404864766,0.0015177035821326732,0.0047178476612785404,0.0,0.0,0.0,0.004263555751959354,-0.0032251930131443505,-0.0042422703248543615,-0.00045740901433882444,-0.0014195811768951154
0.5175644,0.49233946,0.74662143,0.9444444,0.9015216,0.67270523,0.9,0.12258597,0.14135052,0.9622642,1.0,1.0,0.14135052,0.14135052,0.4082405,0.2646817,0.2612136,-0.08934668801780955,-0.009541348420988482,-0.0048827153908926335,-0.01809494314348934,-0.0027893433522415546,0.0007917261894762441,0.0017894483212486606,-0.03108730556746339,-0.03969604755315955,0.0,0.0,0.0,-0.02795271682166876,-0.045233826323348145,-0.0032844348874689023,0.020157966599851106,-0.030048145662562992
0.8412241,0.7865682,0.8113946,0.88530415,0.8946535,0.9,0.9,0.57787997,0.5903727,0.9622642,1.0,1.0,0.5903727,0.5903727,0.35699046,0.6280153,0.64621365,0.019934571454946978,0.002952525454146702,-0.0058242075154993946,-0.0007933137542158504,0.0008660795469972879,0.001702907662227316,0.005729289231414183,0.006457482773458343,0.005765237463546767,0.0,0.0,0.0,0.00457790022136152,0.007095245801873229,-0.002256984451144731,-0.008577343430710802,0.006540916071420545
0.7255481,0.8242123,0.9038755,0.9166222,0.8819039,0.9,0.9,0.3296447,0.35129726,0.9622642,1.0,1.0,0.35129726,0.35129726,0.40824062,0.27912617,0.5272136,-0.006731845202804259,0.004306868757553034,-0.015649851694128643,-0.008552366195427312,0.0010798922557076803,0.0008523316185589669,0.00237720790239228,-0.009853986438316642,-0.008165880100547496,0.0,0.0,0.0,-0.006816206380932206,-0.010932200008931787,-0.002282301354912373,0.016371177227726193,0.0011689622246305192
0.52467406,0.27637354,0.9449759,0.92747635,0.92144537,0.9,0.9,0.7631743,0.7761862,0.9622642,1.0,1.0,0.7761862,0.7761862,0.56074053,0.67245966,0.7732136,-0.05181619480221882,-0.019170807896856497,-0.011543600666274427,-0.002694802791210811,3.52869864079116e-05,0.0020377637389699245,0.005403078646804285,0.011014721478092128,0.00925877491579936,0.0,0.0,0.0,0.0022056420455614876,0.017552826656628273,0.003005367848771172,-0.014185160881403844,0.018145155672479783
0.9231587,0.9310345,0.45203868,0.4436676,0.4436676,0.9,0.9,0.842586,0.8471661,0.9622642,1.0,1.0,0.8471661,0.8471661,0.61949056,0.7891263,0.67921364,0.024484423257423803,0.003996733207370449,0.00856892812911024,0.006335347279072355,-0.0017106544043389033,0.0022160160577173937,0.0029711403647098567,0.0032224989903691824,-0.004946411350189953,0.0,0.0,0.0,-0.0024153619069386682,0.007337099822282107,0.0033746304701952777,-0.011731387696705125,0.004172516381024902
0.7169817,0.3525424,0.8205925,0.8053964,0.9762011,0.9,0.9,0.5037623,0.51990736,0.9622642,1.0,1.0,0.51990736,0.51990736,0.5032405,0.4635707,0.5512136,-0.00608873847513232,-0.016603284214462045,-0.005576910946912675,0.0025416691492451677,-0.003528311840061671,0.00058352533467192,0.004727179652770394,0.00556944397872137,0.008768167039247432,0.0,0.0,0.0,0.007700069523982138,0.007416967082559099,0.0017824607413577426,0.002527582163500809,0.004294066204837402
0.8412241,0.7375587,0.6735683,0.9463495,0.94615734,0.9,0.9,0.41317412,0.4300464,0.9622642,1.0,1.0,0.4300464,0.4300464,0.38699055,0.43468177,0.58021367,0.024140542958535755,0.0031665909747372466,0.0020134753462561633,-0.004897250079479874,0.0003332294646292258,0.0005622722608655665,0.004647651255875969,0.0011823677042654534,0.003946798340145846,0.0,0.0,0.0,0.003975587371823684,0.0006021726452836959,-0.0009917024189825452,0.003155791858258362,0.0052632457024308285
0.8021799,0.6476935,0.89952314,0.9444444,0.87387097,0.7935475,0.9,0.37964496,0.4021833,0.9622642,1.0,1.0,0.4021833,0.4021833,0.4569906,0.45579296,0.3622136,0.020545438572286964,0.0009838377992026825,-0.015085907659289983,-0.00834204446947482,0.001894149092058902,-0.0004387699602989717,0.002490087209045916,-0.0027003426995797697,0.0007231665977169224,0.0,0.0,0.0,-7.104903961359099e-05,-0.0036489465924946607,0.0009907313439932665,0.0037987429783298537,-0.010755581978472943
0.6758394,0.7409425,0.80208844,0.8464535,0.9928678,0.9,0.9,0.5002332,0.51525044,0.9622642,1.0,1.0,0.51525044,0.51525044,0.5494905,0.40134844,0.5622136,-0.017094522653321887,0.0025956718915262117,-0.004181887521416613,0.0015819788131015602,-0.003748243566270965,0.000833946475135562,0.005776531976230981,0.0035817017569942603,0.006428500774463402,0.0,0.0,0.0,0.004977271964581647,0.0037786370289659026,0.0015502974734169486,0.006620736389289949,0.003725813264976856
0.17496544,0.4888141,0.78633803,0.9444444,0.9444444,0.4725203,0.4725203,0.31140956,0.33317795,0.9622642,1.0,1.0,0.33317795,0.33317795,0.37824053,0.3813485,0.4622136,-0.19557960419630277,-0.010900463808177708,-0.005282020946449204,-0.015027598387717086,-0.005073087103611516,-0.004129252144559397,-0.018875343925675372,-0.011428064685458752,-0.008267943298222263,0.0,0.0,0.0,-0.004798118173524067,-0.014542708636851196,-0.0033567879824995656,0.013549769403496876,-0.00538490423185831
0.8912241,0.78266585,0.8624243,0.92365605,0.8460983,0.9,0.9,0.7278801,0.7407567,0.9622642,1.0,1.0,0.7407567,0.7407567,0.59324056,0.66579294,0.70721376,0.027760040288483813,0.0033626770302496926,-0.008565242898511356,-0.002789554987104731,0.001441969378128155,0.0019534449935734877,0.0040463453019853315,0.007092930160253785,0.0051954649397782555,0.0,0.0,0.0,0.002842125791470607,0.01003317892405401,0.0023471077846742906,-0.010514993300705927,0.008141842208377582
0.37939426,0.5306696,0.8659907,0.9444444,0.9444444,0.7431204,0.8128726,0.55788004,0.5756131,0.9622642,1.0,1.0,0.5756131,0.5756131,0.42699057,0.45690408,0.6852137,-0.11399202906030961,-0.0074657267393235145,-0.00920182235901395,-0.008715999055132097,-0.0035749249456268105,-0.0021377961446943285,-0.0006006294638005458,0.007634099831608283,0.01012290592668333,0.0,0.0,0.0,0.007739800401022196,0.011158544601013638,-0.001372710903144109,0.003499945226096881,0.014878615213597957
0.9069001,0.9471367,0.38794512,0.9444444,0.38076094,0.9155655,0.9,0.6984684,0.7066287,0.9622642,1.0,1.0,0.7066287,0.7066287,0.71324056,0.51357067,0.6842137,0.030099932096209994,0.004836028535147062,0.010300942267138222,-0.004046221029042625,-0.003067915385481162,0.002695606942281685,0.005817170304658726,0.007890507793800449,0.00472486292465893,0.0,0.0,0.0,0.004383411323229943,0.010150576124514381,0.005395867424077157,-0.001824853906652751,0.006271913539923433
0.9231587,0.9310345,0.085259266,0.08368039,0.08368039,0.9,0.9,0.22670364,0.24411033,0.9622642,1.0,1.0,0.24411033,0.24411033,0.41949052,0.27245966,0.33421364,0.034832613387315664,0.0052006669063857525,0.019198570144145454,0.045200824900238856,0.002668531516439048,0.0023441684862440856,0.002689086665599644,-0.006290928260296233,-0.002895535977408929,0.0,0.0,0.0,-0.001963887383742781,-0.01619677477219486,-0.0008029362637258666,0.008582111352754117,-0.0077454753520535225
0.9231587,0.9310345,0.3607876,0.35410637,0.35410637,0.9,0.9,0.6478801,0.665272,0.9622642,1.0,1.0,0.665272,0.665272,0.5194905,0.78357077,0.5072137,0.026424075679524844,0.0035986075664043776,0.011092777112444557,0.009983487576515362,0.001574765348254701,0.0028176922179598296,0.004403064039175353,0.003410859646021338,-0.00018119908425226442,0.0,0.0,0.0,-0.0009076395878756829,0.007156295263330784,0.0011920855519580895,-0.013366708414746102,0.00031420238437423017
0.5793943,0.6788478,0.73947334,0.9444444,0.9463495,0.6867396,0.9,0.4872919,0.5037925,0.9622642,1.0,1.0,0.5037925,0.5037925,0.35699046,0.6746819,0.47921363,-0.056487737157355424,8.796791990834559e-05,-0.0016612093581117877,-0.008964571278771299,-0.0014454915766636863,-0.004395736450631354,0.0035863628321194034,0.0038778528419642342,0.007184406094839807,0.0,0.0,0.0,0.005683777347999413,0.00564636043632865,-0.0031776615405292603,-0.019240020798585694,-0.002789259282473939
0.6255482,0.59994286,0.85413224,0.8983711,0.9166222,0.9,0.9,0.24670365,0.26919332,0.9622642,1.0,1.0,0.26919332,0.26919332,0.4344905,0.32357067,0.4662136,-0.029975273085376605,-0.0016346459548466866,-0.009150699220708068,-0.005822907689437502,-0.0007570364719644854,-0.0002848182560538395,0.002500511690432789,-0.015885691077395108,-0.016806834185013473,0.0,0.0,0.0,-0.012979557505482044,-0.021827816159038445,-0.0002610263720529535,0.014106598617539276,-0.004736924234999919
0.8409328,0.67220855,0.8836018,0.9705012,0.92906505,0.9,0.9,0.53552717,0.54274416,0.9622642,1.0,1.0,0.54274416,0.54274416,0.41324055,0.61690414,0.5512136,0.015639909030330943,1.9393044498191118e-05,-0.010545860190750352,-0.003851359923228251,0.0013469057193508866,0.0018090614949491793,0.0022198743783861576,0.006031633283530806,0.006997679558599258,0.0,0.0,0.0,0.006095259220967697,0.005921699587904466,-0.0008601885095534424,-0.00890580986588327,0.0021175659628476554
0.79507023,0.78289807,0.85867226,0.84277093,0.9149131,0.9,0.9,0.5143508,0.5330148,0.9622642,1.0,1.0,0.5330148,0.5330148,0.6482405,0.41912618,0.52221364,0.008944566762220649,0.0034357774830105574,-0.009448425901768599,0.001236618903451129,0.00031464242179199116,0.001796609402520597,0.005055249520414543,0.0057098446150174184,0.00844952553426907,0.0,0.0,0.0,0.007005332165873696,0.007177003099578989,0.0035409151116038823,0.005031368888456245,0.0021322112896789104
0.6950702,0.71043587,0.6523996,0.885304,0.9762011,0.9,0.9,0.26435065,0.28746188,0.9622642,1.0,1.0,0.28746188,0.28746188,0.25199044,0.545793,0.35121354,-0.021496170439729286,0.002259969735730469,0.004024637318415275,-0.004232012879104785,-0.004994617595238907,0.0005666788451236798,0.0020350612689085516,-0.017995337756870584,-0.017302766385303807,0.0,0.0,0.0,-0.013861216126312938,-0.02258875527953939,-0.00869486244811919,-0.002376138444367879,-0.019165281035929325
0.848625,0.54717195,0.52929074,0.9444444,0.51948905,0.52893287,0.9,0.5537623,0.5681999,0.9622642,1.0,1.0,0.5681999,0.5681999,0.58449054,0.36468187,0.6722137,0.02248583772863169,-0.002943925126635623,0.007366934632994863,-0.0025163422053138306,-0.0018481356588907608,-0.013250716455209827,0.0046753704720068736,0.005573551929409638,0.006728746766327851,0.0,0.0,0.0,0.0054634049524049265,0.006665970577558875,0.0026437651120736934,0.007389409421109946,0.006467463512660882
0.6447789,0.63059384,0.70359355,0.88713706,0.9444444,0.9,0.60957325,0.28670344,0.30731648,0.9622642,1.0,1.0,0.30731648,0.30731648,0.33699048,0.4035707,0.41821367,-0.03667698290003275,-0.001340486784723324,0.0011888429609926798,-0.0077787242587913485,-0.004699481247707185,-0.0004102141139449239,-0.010309533472951682,-0.012910924534505663,-0.012794606099653357,0.0,0.0,0.0,-0.010071298171802572,-0.015585765111029439,-0.004128734915508652,0.007064311931756596,-0.008932124027105495
0.6367952,0.31281304,0.77005285,0.9444444,0.9444444,0.90037495,0.30238593,0.7008214,0.7157454,0.9622642,1.0,1.0,0.7157454,0.7157454,0.57449055,0.6880152,0.62721366,-0.026325013387898867,-0.013614872800804081,-0.002641436358762758,-0.005895115597595614,-0.0029088716161526484,0.0011559498632955983,-0.05220038430317004,0.011289682122929993,0.005347568155431478,0.0,0.0,0.0,0.0006786353119868286,0.012027091126952417,0.0026657417774191058,-0.015003026340397373,0.006495410012058905
0.6370866,0.7961933,0.85832083,0.9928678,0.8368108,0.9,0.9,0.20611528,0.22484732,0.9622642,1.0,1.0,0.22484732,0.22484732,0.16824043,0.3902374,0.44321364,-0.03842376553013977,0.00586162600771859,-0.012601183298605765,-0.019057834732867828,0.000904476763637995,0.00010092391592018354,0.003240410390983607,-0.02268451890664919,-0.02204388847041957,0.0,0.0,0.0,-0.018959228735705595,-0.026425378216134558,-0.012833656027156777,0.008658916380094505,-0.007347895333900873
0.8598721,0.6747378,0.9465946,0.92906505,0.9151263,0.9,0.9,0.75552714,0.7688427,0.9622642,1.0,1.0,0.7688427,0.7688427,0.6569905,0.6180152,0.7472137,0.023066407338049925,3.5000733432862668e-06,-0.011757423075921892,-0.0014279479152713953,0.0018484304518642674,0.0029532456844640355,0.004861715171707822,0.005094209654010665,0.00230498694374743,0.0,0.0,0.0,0.00010720150201607756,0.008213119607720271,0.002521603500403838,-0.0072091380577130335,0.008147800522316973
0.9231587,0.9310345,0.21769187,0.21366054,0.21366054,0.9,0.9,0.497292,0.51587474,0.9622642,1.0,1.0,0.51587474,0.51587474,0.5632405,0.41468176,0.53421366,0.025329240422885806,0.002949837962012736,0.015077629525072902,0.01651734810299344,0.00357647950600696,0.0017824313694640476,0.0026852240443756997,0.0031629358478456253,0.004394814689172401,0.0,0.0,0.0,0.0035670739171846473,0.003505577230897174,0.0024817069799654124,0.0018170901457083743,0.001155237665094344
0.8566086,0.80081993,0.7717339,0.88541526,0.8037096,0.9,0.9,0.6567036,0.66890436,0.9622642,1.0,1.0,0.66890436,0.66890436,0.52574056,0.56579304,0.6622137,0.02359129281791298,0.003803524208848802,-0.003064641855834285,0.00016103525943531594,0.001700648429341943,0.0025037333097684233,0.005661900519384101,0.006040353684129875,0.004587655393007951,0.0,0.0,0.0,0.0029110122179901382,0.007272928001023376,0.0008605853518843511,-0.003940496305996832,0.005626471566425445
0.8719933,0.7351555,0.8307242,0.8153404,0.9444444,0.9,0.76034963,0.51788014,0.52795684,0.9622642,1.0,1.0,0.52795684,0.52795684,0.6019905,0.44579294,0.57621366,0.025410494229503602,0.002454878612873076,-0.006597881342805081,0.0021095240231056096,0.0005387165808442654,0.0023073176184628024,-0.004197555450045381,0.004165032629846829,0.005479162120383133,0.0,0.0,0.0,0.0045736837672261,0.004356115808746271,0.0016879104867434658,0.0031976256671147297,0.0028692567634106304
0.9231587,0.9310345,0.27788913,0.27274305,0.27274305,0.9,0.9,0.5937627,0.6138005,0.9622642,1.0,1.0,0.6138005,0.6138005,0.61824054,0.49134848,0.61121374,0.02542077029833352,0.003836362188791857,0.016113840722697753,0.012330345290790053,0.0023512771283687238,0.002984737952659855,0.0034304275748989243,0.0031057564424689333,0.0033920389765807403,0.0,0.0,0.0,0.001896902184416695,0.006246445603154269,0.003573789440660201,0.0007787814657805674,0.0031011905522373194
0.9231587,0.9310345,0.22358917,0.21944863,0.21944863,0.9,0.9,0.44964477,0.4652587,0.9622642,1.0,1.0,0.4652587,0.4652587,0.33574057,0.56912637,0.51121366,0.03454954832065408,0.003630175797917754,0.01724404802158763,0.021150224974987974,0.004175817373732804,0.0024648362776813143,0.004714109588987567,0.0027762430902382395,0.005426168883300537,0.0,0.0,0.0,0.0043855759231269205,0.0014625999925533919,-0.0046408129667179525,-0.00325837252564105,0.0003712662267297312
0.9231587,0.9310345,0.4261435,0.41825196,0.41825196,0.9,0.9,0.7237624,0.73004293,0.9622642,1.0,1.0,0.73004293,0.73004293,0.41949058,0.7213485,0.73521364,0.02766482669585868,0.004684300137079866,0.009240800966097472,0.006896331638433712,-0.002023703769698444,0.0028552208174942003,0.0047473738663192785,0.003339299943441791,-0.001690916507520872,0.0,0.0,0.0,-0.0007372977444674893,0.006248951724444628,-0.0022119589834864064,-0.008363567941101586,0.005644428193686834
0.8412241,0.7838458,0.7440733,0.94615734,0.9928678,0.9,0.9,0.48082137,0.49641818,0.9622642,1.0,1.0,0.49641818,0.49641818,0.43449056,0.575793,0.4902137,0.026726463101775413,0.004060193270048968,-0.0017558765558562336,-0.004141418159725732,-0.0006976209686785748,0.0007515170093451978,0.005868199720840277,0.00333142442355731,0.006161505716632372,0.0,0.0,0.0,0.005087267626875209,0.004010243619418394,-0.00023774282719732863,-0.005756348591645977,-0.0004657158866548561
0.79122406,0.71042025,0.7879202,0.9677255,0.7518719,0.9,0.9,0.5237623,0.53131,0.9622642,1.0,1.0,0.53131,0.53131,0.47199053,0.49468178,0.5782137,0.00814665357467394,0.0013889904887146223,-0.0048380073449301765,-0.006129829554987826,0.0006482498629899661,0.0010754680963661418,0.0053864202343572795,0.005704528060858918,0.00660646889343498,0.0,0.0,0.0,0.00586596043671223,0.005687421823775597,0.0004396561838978004,-0.0006291862129735867,0.003817566467379026
0.9231587,0.9310345,0.19855238,0.19487548,0.19487548,0.9,0.9,0.41729176,0.43635604,0.9622642,1.0,1.0,0.43635604,0.43635604,0.62949055,0.39801514,0.42621365,0.023175217494879195,0.0024915734002394834,0.013600967671203891,0.021062258283647096,0.003287964862852796,0.0013220092746867712,0.0027481839811372166,0.0023599105377492976,0.003556130314212786,0.0,0.0,0.0,0.0039656754685928365,-0.0007694653228237522,0.003252812607912081,0.003257006946927613,-0.0022974147785190012
0.91785586,0.6168457,0.78069204,0.92906505,0.9444444,0.9,0.5962842,0.3943505,0.40997458,0.9622642,1.0,1.0,0.40997458,0.40997458,0.40699053,0.46912628,0.50121367,0.036096261863542936,0.000574972093614937,-0.004257780322723217,-0.005770083502359741,-0.00012693099158411468,0.0008327128715100519,-0.018767113739952317,-0.0013345100843580849,0.0027195636032655507,0.0,0.0,0.0,0.003531016848017184,-0.0018821221395838882,-0.00021499092624725186,0.0025755079263473173,-4.24349111869167e-05
0.7681472,0.7306133,0.5505164,0.9444444,0.5977221,0.70625955,0.9,0.23199777,0.2541063,0.9622642,1.0,1.0,0.2541063,0.2541063,0.32074046,0.35801518,0.3942136,0.012863804701209349,0.003600010781472965,0.011614191726465597,-0.010986891570610073,0.0017779990300828149,-0.0019717004489885714,0.0027101970150531286,-0.018672787242112444,-0.01594024503303083,0.0,0.0,0.0,-0.014434883930161563,-0.020611162664589715,-0.004576475949801626,0.011297625465889248,-0.009377066245825537
0.62199324,0.23106445,0.66541094,0.9444444,0.6530885,0.22336231,0.9,0.5431741,0.56157917,0.9622642,1.0,1.0,0.56157917,0.56157917,0.33199048,0.58468187,0.6932137,-0.025656606816025763,-0.0217365479331357,0.003808170060579489,-0.005248668258340767,0.0013965231261711785,-0.04397210627887699,0.0037272953280969518,0.006104536064842431,0.007318115527080417,0.0,0.0,0.0,0.0064131405648469135,0.00872006661146013,-0.005181129411806206,-0.008384118403086324,0.011175728316970827
0.9231587,0.9310345,0.27500814,0.2699154,0.2699154,0.9,0.9,0.61964494,0.6286584,0.9622642,1.0,1.0,0.6286584,0.6286584,0.6019905,0.65690404,0.4282137,0.02380250856840105,0.0021467613632423013,0.01406981759962079,0.014375001614039871,0.003834208622390918,0.0019360628900202802,0.004001218747151242,0.004368375059538322,0.002109635206539278,0.0,0.0,0.0,0.00128510107654051,0.007311008367479082,0.0033034927885657395,-0.005970295436824725,-0.0016971868877951645
0.9231587,0.9310345,0.3819638,0.3748904,0.3748904,0.9,0.9,0.7378802,0.75112665,0.9622642,1.0,1.0,0.75112665,0.75112665,0.6482405,0.6624597,0.6442137,0.025438092789957584,0.0031461322396957635,0.010166078979741448,0.00882396518651169,-0.00034198865459504255,0.0019715210871990804,0.005022136796349452,0.0031708802908101004,-0.001752793740394937,0.0,0.0,0.0,-0.0021708694505184105,0.007541911646479211,0.00495885410049212,-0.006417255127261754,0.003374830782108804
0.9069,0.5162655,0.75789547,0.9444444,0.94615734,0.8408965,0.9,0.57729197,0.591112,0.9622642,1.0,1.0,0.591112,0.591112,0.52449054,0.47245958,0.64021367,0.033235985209499386,-0.0036625492127616384,-0.002081060527620697,-0.002138330501711877,0.0015002121548545588,0.00039209449566953054,0.005446894505888307,0.005834676553337237,0.0064002187915086625,0.0,0.0,0.0,0.004261989783787342,0.008245183219709044,0.0015404422102071782,0.000812838094575936,0.006888728968388519
0.8719933,0.73751307,0.71664184,0.7033707,0.9444444,0.9,0.7666417,0.26258603,0.27914536,0.9622642,1.0,1.0,0.27914536,0.27914536,0.27949047,0.32023737,0.51321363,0.025689905617487428,0.0024939168147744776,-0.00045378463644978105,0.0077110752466351675,-0.002571056330029931,0.0005239808426254594,-0.0027894353041109632,-0.007558526323637936,-0.009289796603607526,0.0,0.0,0.0,-0.006955368577096785,-0.01458312848960654,-0.006465830229539771,0.009618485422301988,0.0007102309795821451
0.4480423,0.08146569,0.8684076,0.852326,0.8392502,0.9,0.9,0.31964493,0.33522487,0.9622642,1.0,1.0,0.33522487,0.33522487,0.52449054,0.40912628,0.40821362,-0.10752321996331389,-0.044711839557694935,-0.009218040807854358,-0.0046924159636445376,-0.0007819423230259028,-1.4764104977010931e-05,0.0021687751438966936,-0.010078982287991556,-0.012459677865183245,0.0,0.0,0.0,-0.008604171638820114,-0.017981305946035638,0.002370034674037882,0.00940123308515477,-0.012085802298556983
0.45247117,0.57218164,0.64458317,0.9762011,0.9928678,0.9,0.9,0.12258619,0.1427095,0.9622642,1.0,1.0,0.1427095,0.1427095,0.05074036,0.26579297,0.47321367,-0.11229228336752613,-0.006241193181535379,0.00335166440776694,-0.019971555941346957,-0.006854850787295855,-0.0003283340875539173,0.0033097121486991353,-0.0333344592737245,-0.039736431395494515,0.0,0.0,0.0,-0.03234021617631736,-0.045593555390514275,-0.0220672076803292,0.023082616989226378,-0.008953904179919729
0.72997695,0.65507257,0.87346435,0.9762011,0.9116092,0.9,0.9,0.45317426,0.47067228,0.9622642,1.0,1.0,0.47067228,0.47067228,0.23824048,0.49468178,0.6612137,-0.006402206664375902,0.0014284974603911088,-0.009052061353271537,-0.00801099174671288,0.00038582686637367026,0.0015444873379327918,0.00559175867095325,0.0021217734007972977,0.005469195898825085,0.0,0.0,0.0,0.00458040476383068,0.0025210367224971575,-0.009440691162251791,0.00020811063545209617,0.009568304711532633
0.6983337,0.6178403,0.9038755,0.88713706,0.9149131,0.9,0.9,0.60376257,0.62476796,0.9622642,1.0,1.0,0.62476796,0.62476796,0.45074058,0.67245966,0.58921367,-0.006106119036334378,-0.0004825832172681945,-0.012938854575672445,-0.0013125619097201446,0.000977607409296556,0.0034408773544090067,0.004227154593683194,0.009280536584336392,0.00880015236238256,0.0,0.0,0.0,0.005756523665457964,0.012251666303668583,0.00017065049929077816,-0.015846224646079897,0.005707898004175148
0.77199334,0.7780228,0.83593434,0.82045406,0.9762011,0.9,0.9,0.55023307,0.56677556,0.9622642,1.0,1.0,0.56677556,0.56677556,0.60824054,0.6202374,0.43521366,0.0021279689464650444,0.0028610379121235263,-0.008283281207067651,0.0016514790127405944,-0.0008649665194946772,0.0010896812029397704,0.004043078070079166,0.00548284443749615,0.006779021792849008,0.0,0.0,0.0,0.005301382977238642,0.006475367448319016,0.0019119615915113885,-0.008155816586418308,-0.004120736727156693
0.9231587,0.9310345,0.2895517,0.28418964,0.28418964,0.9,0.9,0.62023306,0.63405246,0.9622642,1.0,1.0,0.63405246,0.63405246,0.5807405,0.545793,0.61321366,0.02952198180807652,0.0031936460312820365,0.015657719705130885,0.014212082936509194,0.004057088387935274,0.0020503090159691793,0.0035633183739879125,0.004326577555191913,0.003423048130472854,0.0,0.0,0.0,0.0012530500962117353,0.00872035797617828,0.003182274183169789,-0.0022951167621298317,0.004035983537444482
0.9231587,0.9310345,0.3733026,0.36638957,0.36638957,0.9,0.9,0.77846843,0.78205854,0.9622642,1.0,1.0,0.78205854,0.78205854,0.50699055,0.65579295,0.7802137,0.02180802606412434,0.0037196421210332307,0.010811979468442026,0.007997516540906288,-0.0018021990426254633,0.002552249484229562,0.002746002779015926,0.0026322469298085405,-0.0031807220444631423,0.0,0.0,0.0,-0.0015825498855727405,0.007937706244003095,0.0008111028215317099,-0.0064025462479885675,0.006268886158219074
0.6329491,0.5683897,0.9309798,0.9928678,0.9463495,0.9,0.9,0.4361155,0.44888562,0.9622642,1.0,1.0,0.44888562,0.44888562,0.49824053,0.47801515,0.53121364,-0.034191726786239565,-0.004974385252362189,-0.012442636215114447,-0.011356636631353355,-0.000538018964121177,0.0007424152637693299,0.0035068183656822953,0.0010450740717814996,0.004058895521178244,0.0,0.0,0.0,0.003330658284363025,0.0005660616126555589,0.0026240484705069445,0.0022144269535192295,0.0025802046332909223
0.80247116,0.6788478,0.77771443,0.9444444,0.89900124,0.756577,0.9,0.60964495,0.62272614,0.9622642,1.0,1.0,0.62272614,0.62272614,0.5807406,0.4257929,0.80721366,0.01050642243663277,0.0006362227162735639,-0.0033195146356345072,-0.0014980934664071066,0.0016619189434576517,-0.0032852894342899897,0.006671725493810525,0.007259620183425848,0.007887665245959758,0.0,0.0,0.0,0.005757368883145882,0.009625810804346054,0.0024623541304777934,0.0037020303933174735,0.012451103130186278
0.8758395,0.76578337,0.7449243,0.9762011,0.73683697,0.9,0.9,0.39023298,0.4055114,0.9622642,1.0,1.0,0.4055114,0.4055114,0.43949056,0.4191263,0.5362136,0.031862227352024056,0.003647460101263891,-0.0017745599269013979,-0.009320300350903003,0.0005607159294646629,0.0011593718716671419,0.004442699352492122,-0.0039074840544238475,0.0004004499247926791,0.0,0.0,0.0,0.0002934253896925583,-0.0037016196460863426,0.00018662784489181696,0.006523312715916314,0.0012111850728619093
0.79507023,0.7838458,0.85367185,0.93535817,0.9166222,0.9,0.9,0.6278802,0.63986707,0.9622642,1.0,1.0,0.63986707,0.63986707,0.55324054,0.8413485,0.41221362,0.0069192825822001905,0.002923247370312909,-0.008206369996833156,-0.002895398707332194,-0.00010234633704058165,0.0020048821130952297,0.004487831386520679,0.009193795435023919,0.006290461882354301,0.0,0.0,0.0,0.004802987034774657,0.009777181479288997,0.0013319934157631221,-0.02827282991517046,-0.004861206124293556
0.9231587,0.9310345,0.33733755,0.33109054,0.33109054,0.9,0.9,0.6737626,0.68356323,0.9622642,1.0,1.0,0.68356323,0.68356323,0.7344905,0.4346819,0.67921364,0.02990216023327566,0.004175264261134917,0.014213236537651577,0.012846711777119078,0.0014105133961812072,0.0022844740884470434,0.00379302054335374,0.005142249725725282,0.003051975545480328,0.0,0.0,0.0,0.0015810673672375006,0.009773916602351933,0.0074520109824230615,0.0019322278399709525,0.005490495087410377
0.8329491,0.5624937,0.9150254,0.9444444,0.9928678,0.54374385,0.9,0.5719978,0.5904387,0.9622642,1.0,1.0,0.5904387,0.5904387,0.3757406,0.6435708,0.58021367,0.01739185645259146,-0.002788060383775508,-0.014031520139399225,-0.0015292888494733625,-0.0009106286654384728,-0.018238921261175774,0.0032807636050829715,0.004947654829094771,0.0064106653749571784,0.0,0.0,0.0,0.00459677897161564,0.008112369157827289,-0.002623289784808637,-0.009557665779574129,0.003924537687046624
0.7912241,0.65507257,0.7304523,0.7169254,0.9444444,0.9,0.6332368,0.17435052,0.19344965,0.9622642,1.0,1.0,0.19344965,0.19344965,0.37824053,0.31023735,0.31821355,0.006622340065556549,0.0007483322341563337,-0.0005917398598019075,0.008691357514667718,-0.003696261939786939,0.00013015251947870438,-0.0075099756334730495,-0.022390634321407917,-0.023626657668751896,0.0,0.0,0.0,-0.01800031435118833,-0.029708775821395285,-0.0018278006519793478,0.013193159226185936,-0.018093508564382715
0.72939426,0.62028855,0.73671854,0.9444444,0.9444444,0.5996123,0.67952377,0.5902331,0.6043699,0.9622642,1.0,1.0,0.6043699,0.6043699,0.44449055,0.6880152,0.60021365,-0.0028806488394213427,-0.00045769672600216534,-0.0011365479301458968,-0.004119345475805005,0.0004746418575507946,-0.009623386896219999,-0.011813004196225784,0.006955330080220618,0.00601540596558418,0.0,0.0,0.0,0.004328032720974466,0.007570845884562691,-0.0004682608459378109,-0.01501390271306012,0.00472647167933061
0.57496536,0.6492091,0.9467815,0.9292485,0.9444444,0.9,0.5794166,0.7514094,0.7651582,0.9622642,1.0,1.0,0.7651582,0.7651582,0.6357406,0.6724596,0.6562137,-0.04161109869459174,-0.0016399077432855862,-0.013765093270201702,-0.003015941641710267,-0.0010150138570350707,0.0010555078059669865,-0.025677045422590354,0.01110472394476373,0.0026027913014804926,0.0,0.0,0.0,-0.00045872544674073923,0.011006258070597384,0.004046203648242213,-0.011900818455522148,0.007685996996530656
0.8261308,0.82111806,0.75306654,0.96959347,0.86539865,0.9,0.9,0.54905653,0.564625,0.9622642,1.0,1.0,0.564625,0.564625,0.5132405,0.6069041,0.4912137,0.027553743608816385,0.004195285106222854,-0.0022123598664517295,-0.00484068740993018,0.0010895385434225805,0.0014629446304720807,0.006672029771696245,0.007496631935330991,0.007704755792862808,0.0,0.0,0.0,0.006677763644918067,0.008186533365762623,0.001478926131389121,-0.008276695872563643,-0.00027919426158888746
0.8098722,0.7207791,0.9438387,0.9463495,0.95153695,0.9,0.9,0.6719977,0.68249863,0.9622642,1.0,1.0,0.68249863,0.68249863,0.6507405,0.47468174,0.68421364,0.00874509853371771,0.001283196299809333,-0.012726169079558586,-0.0019099614589176736,0.0010646524966350204,0.0026190815503506705,0.0046965377127789545,0.006709316770772401,0.004577013234873484,0.0,0.0,0.0,0.001895656502107164,0.009195946139395018,0.0028262677935324354,0.0009899896017343923,0.007848455683709234
0.77583945,0.81457967,0.6825465,0.9762011,0.8819039,0.9,0.9,0.3602332,0.37837195,0.9622642,1.0,1.0,0.37837195,0.37837195,0.32074046,0.60801524,0.33821362,0.007904957504333083,0.0055107842184734315,0.0012818514611987936,-0.014895769527117882,0.0006303262054037205,0.00012931010741930782,0.004114152918516331,-0.006499937041500076,-0.0026790740006511684,0.0,0.0,0.0,-0.0018928292377096917,-0.006305632032225521,-0.003254168428812234,-0.0114272532823958,-0.016297915560805922
0.7024712,0.67256844,0.7727478,0.9444444,0.7832727,0.65014946,0.9,0.7584683,0.7745036,0.9622642,1.0,1.0,0.7745036,0.7745036,0.48824048,0.8413485,0.73821366,-0.007805948016422402,-0.00029978490870483614,-0.0026735163693042624,-0.002443800139352909,0.0018914644155025332,-0.009401296321249447,0.004861964080230597,0.007495401614540657,0.00438938398670054,0.0,0.0,0.0,0.0025223156453848265,0.009747842859674385,0.0009373228530101708,-0.023197022604530815,0.010349710825951155
0.47496542,0.5584821,0.77509546,0.9444444,0.9762011,0.5263028,0.9,0.24964479,0.27368933,0.9622642,1.0,1.0,0.27368933,0.27368933,0.24074042,0.46912628,0.3732136,-0.0894838264908343,-0.004088934965493677,-0.004566859338981541,-0.01327654542228467,-0.003924849966480129,-0.004208812123588157,0.00299463977735739,-0.017494378393076163,-0.0166564260850822,0.0,0.0,0.0,-0.011962493317990286,-0.023070451389367842,-0.011428195936545076,0.00447285243495218,-0.01555274806310612
0.771702,0.6823898,0.7489842,0.88541526,0.9444444,0.9,0.70234394,0.48964468,0.5116263,0.9622642,1.0,1.0,0.5116263,0.5116263,0.4369905,0.47690403,0.5972136,0.004493533400718963,0.0012561268536481396,-0.0018622356290185326,-0.002329715306855056,-0.0005639180692807182,0.0011240911227746288,-0.009174500743559506,0.004005786474281677,0.006913569022331704,0.0,0.0,0.0,0.005793014300477977,0.005254184908861076,-0.0006811207999417656,0.0010038447026894973,0.0052581615407664
0.9066087,0.82111806,0.78058076,0.9463495,0.9149131,0.9,0.9,0.32670346,0.34785825,0.9622642,1.0,1.0,0.34785825,0.34785825,0.45074052,0.406904,0.40621367,0.036863366313404256,0.0040664618376120435,-0.004300269529168008,-0.006715264501806889,0.0013398116884035455,0.0020457966016603686,0.0036437607849669628,-0.008531037488009615,-0.004282037826798184,0.0,0.0,0.0,-0.0039081514801205895,-0.008536447751943104,0.0004184622228604621,0.007039935005079875,-0.007590843404654363
0.7453616,0.7655489,0.788265,0.7736675,0.8572891,0.9,0.9,0.25905654,0.27442148,0.9622642,1.0,1.0,0.27442148,0.27442148,0.6569905,0.22245958,0.3162136,-0.002306377553094614,0.0029589763283294408,-0.004839398340137379,0.002091010127966413,-0.001195016545008031,4.9224787812117525e-05,0.0028622758826399902,-0.014763954873824047,-0.01773989646060037,0.0,0.0,0.0,-0.013001704069129299,-0.02017862746665914,0.0049550475102179276,0.01907933114914987,-0.01860766687606425
0.9231587,0.9310345,0.109929204,0.107893474,0.107893474,0.9,0.9,0.31376243,0.33388335,0.9622642,1.0,1.0,0.33388335,0.33388335,0.40699053,0.4257929,0.4282136,0.027638974081579448,0.0037040949216649755,0.018337825361621218,0.03277690186424674,0.003249371702584545,0.001548592233280325,0.0035714362984667677,-0.0004956275440972934,0.0028277955132292045,0.0,0.0,0.0,0.0025776535826304466,-0.006754870770709408,-0.0011666410494825443,0.0021332972032359083,-0.0025670502908901583
0.8178558,0.5073787,0.7653421,0.94615734,0.747536,0.9,0.9,0.55376244,0.5695933,0.9622642,1.0,1.0,0.5695933,0.5695933,0.46199054,0.6102374,0.5492137,0.01626890287547944,-0.005508439807358199,-0.0023725537890938227,-0.003323311484701126,0.0014955522361247203,0.0017336366819625103,0.004177883611976147,0.007228838760313827,0.007200671418293089,0.0,0.0,0.0,0.0057959757572461,0.00785841228599912,-0.000361861042321279,-0.008873830221280441,0.0030916245853141833
0.8796856,0.7865686,0.6633918,0.94615734,0.9444444,0.9,0.76034963,0.6384683,0.65155596,0.9622642,1.0,1.0,0.65155596,0.65155596,0.5944905,0.5869041,0.5712137,0.023973998739670706,0.0021512174478487377,0.0014217440616027376,-0.003517407505195411,0.00012374997976024837,0.0021106567995569643,-0.006305610794008499,0.006667386446933401,0.004701521389993503,0.0,0.0,0.0,0.0032555230098112904,0.008128239715232556,0.0024498429633441903,-0.0057274702530175,0.0028557288699599614
0.8527625,0.76578325,0.7944373,0.81454223,0.8478458,0.9,0.9,0.34435058,0.36093754,0.9622642,1.0,1.0,0.36093754,0.36093754,0.32949054,0.40912616,0.64621365,0.02369133694282322,0.0034048787999874626,-0.006088954011026488,0.0018011028173627536,0.0012394277206194703,0.0015842266494134445,0.004225718044634249,-0.0037294503473559878,-0.0009081400580111926,0.0,0.0,0.0,-0.0011364636621047281,-0.005923392265408549,-0.003203852968797852,0.005935565404601892,0.008275410993855432
0.37910295,0.5624771,0.7304445,0.9928678,0.9444444,0.9,0.5437279,0.4672919,0.48533428,0.9622642,1.0,1.0,0.48533428,0.48533428,0.4082405,0.58912635,0.50121367,-0.12455679187546494,-0.0071162323061006415,-0.0002754914241047236,-0.01744805910686915,-0.0050703743817653545,6.495941635337844e-05,-0.018737384856993687,0.0023023483580034048,0.006202474587515153,0.0,0.0,0.0,0.005796079083162731,0.0038644777898003075,-0.0005100010949938215,-0.009726091565655164,-0.0010780918502770844
0.9231587,0.9310345,0.24918589,0.24457133,0.24457133,0.9,0.9,0.52317417,0.54283684,0.9622642,1.0,1.0,0.54283684,0.54283684,0.5194905,0.5391263,0.55021363,0.02377389688568714,0.0026683087808810485,0.01633640722398082,0.01616157082134297,0.0035140012551779453,0.002673350127470573,0.004811882781476266,0.00365556276605639,0.0046114364782164595,0.0,0.0,0.0,0.0038746267657853283,0.005214131014831154,0.0016607445661574037,-0.0009685952619808157,0.0019970749936319486
0.7563174,0.6675484,0.89297813,0.9444444,0.8515809,0.6452968,0.9,0.62611544,0.643321,0.9622642,1.0,1.0,0.643321,0.643321,0.56699055,0.57134855,0.6092137,0.00633362567889924,0.0007069937835624358,-0.010185957293563315,-0.0022803891967352117,0.0009449998140628146,-0.00818509000139504,0.0065072328341457585,0.007571564299477602,0.006016696874228675,0.0,0.0,0.0,0.0038021280390256066,0.00946312963943028,0.002952332269329257,-0.0059266998617684575,0.005481553841399988
0.5743827,0.4239793,0.9339169,0.9166222,0.9762011,0.9,0.9,0.36023298,0.38283688,0.9622642,1.0,1.0,0.38283688,0.38283688,0.25199044,0.5635708,0.43321362,-0.06332467966137184,-0.014614587519630427,-0.01352216376894272,-0.006587637887004238,-0.0033865548754216522,0.0006205163622183899,0.002947100322786379,-0.006995297938339647,-0.004551997289287896,0.0,0.0,0.0,-0.0034300763143620683,-0.009063115658316986,-0.009523882694557766,-0.006054836344616529,-0.008780615220015914
0.66371834,0.53731036,0.8780026,0.8617433,0.9444444,0.9,0.5494434,0.44082147,0.4627671,0.9622642,1.0,1.0,0.4627671,0.4627671,0.52574056,0.43579292,0.45121366,-0.02090585414332851,-0.003658693484177647,-0.007653846425888755,-0.0024248431529610846,-0.003765196300413009,0.0011389531915952864,-0.022355766753167545,0.0007717664773825043,0.004717893941458666,0.0,0.0,0.0,0.004926558230369439,0.00198854445660629,0.001939842683687021,0.005496179755809176,-0.0034097153216708642
0.8370866,0.7104368,0.83186126,0.9444444,0.8683477,0.6867556,0.9,0.5055274,0.5210383,0.9622642,1.0,1.0,0.5210383,0.5210383,0.44824052,0.56023747,0.47221366,0.021112181986863435,0.002297745871732847,-0.007008140710281551,-0.0016739197717897543,0.0008563347228970922,-0.006450161381014718,0.004751923616390732,0.005682706704146579,0.008028635643991458,0.0,0.0,0.0,0.007155069652196415,0.006378751261180942,0.000243801113759865,-0.004307742985074098,-0.0016578601086015964
0.77141064,0.71043587,0.8415507,0.9444444,0.92144537,0.7935475,0.9,0.52846843,0.5370294,0.9622642,1.0,1.0,0.5370294,0.5370294,0.35074055,0.47801515,0.74921364,0.004298573792866063,0.0012875009364962347,-0.006008301582710373,-0.0021332291917754635,0.0007397957494292135,-0.0013698054471227182,0.004457797223710572,0.004362057326952443,0.005793810276311856,0.0,0.0,0.0,0.005037997035365608,0.004594721709679625,-0.003168609357948925,0.0017337085604718619,0.009812278120856548
0.75987214,0.6239113,0.74883556,0.9444444,0.9444444,0.6031143,0.7935475,0.33435082,0.35486603,0.9622642,1.0,1.0,0.35486603,0.35486603,0.3069905,0.4291262,0.5542137,0.0016718068779218954,0.0002632524526471014,-0.000674855203291622,-0.005330709891905809,-0.0009004351202276306,-0.012095472107004249,-0.0009918733987320163,-0.0067149777189488636,-0.003547869944362006,0.0,0.0,0.0,-0.0026252408688574574,-0.009817678507919701,-0.0062799584110570985,0.006810537886324257,0.0028964722402944525
0.85690004,0.8209112,0.81271774,0.87195903,0.85569847,0.9,0.9,0.42846859,0.44287252,0.9622642,1.0,1.0,0.44287252,0.44287252,0.6069905,0.4380151,0.46721363,0.028853322104658533,0.004199492807043476,-0.00497106982603564,-0.0005606352897881031,0.0008057193040588332,0.000546986229354767,0.005061041394559787,0.0015983154317843907,0.004860240426644898,0.0,0.0,0.0,0.004131658037717867,0.0005478608133218601,0.0015436908684130829,0.003194077878188708,-0.0018721803548512226
0.55247116,0.69591725,0.72780406,0.9762011,0.94465274,0.9,0.9,0.29611543,0.3166311,0.9622642,1.0,1.0,0.3166311,0.3166311,0.41949058,0.29690403,0.5462136,-0.06483826240820847,0.000719271327267992,-0.0007197237363475153,-0.01660073609253786,-0.0023894712517649134,-4.589621855419206e-05,0.002644046994893403,-0.012107448764205102,-0.011403533281213579,0.0,0.0,0.0,-0.009399905891453618,-0.015818922577021305,-0.0009601115394450006,0.017537275304875817,0.0027591903018141517
0.90690005,0.9418765,0.5093684,0.9762011,0.4805224,0.9,0.9,0.7672919,0.77517945,0.9622642,1.0,1.0,0.77517945,0.77517945,0.7969905,0.46245956,0.78921366,0.020182953724077565,0.0051332641422367885,0.005546838375992342,-0.002684731383634904,-0.002853768203190854,0.0022995998387293133,0.0043554532106019036,0.0011286178319818644,-0.004111224292139936,0.0,0.0,0.0,-0.0005643096822458299,0.004370864968598101,0.006287837871502956,0.001782607586852233,0.005662321677625706
0.814301,0.9084271,0.61972743,0.9444444,0.608251,0.8781462,0.9,0.9508214,0.9555118,0.9622642,1.0,1.0,0.9555118,0.9555118,0.8532405,0.7991263,0.7192137,0.008239309419841679,0.0048838448025324424,0.002053848466308614,-0.0024412698481317626,0.0005668843659895385,0.0009065014889126969,0.005034895303907214,0.0037948609812737282,-0.00314975516842397,0.0,0.0,0.0,-0.0023845888632931887,0.007064135565203058,0.0051238166207080525,-0.015599313841969577,0.006207066868250515
0.5835318,0.6861031,0.74687815,0.9410746,0.85232276,0.9,0.9,0.182586,0.19878519,0.9622642,1.0,1.0,0.19878519,0.19878519,0.27949035,0.38468182,0.39321357,-0.058452301682766966,0.0008194944911958563,-0.002617726991722469,-0.014949199648192316,-0.0003653759315892237,-0.00018980890325999766,0.0019006477180437227,-0.02679486366905182,-0.0285269200587389,0.0,0.0,0.0,-0.022739831311213564,-0.03293841573497331,-0.0067618272807983,0.012179289365904036,-0.014219343509859227
0.9231587,0.9310345,0.2574622,0.2526944,0.2526944,0.9,0.9,0.5678801,0.583175,0.9622642,1.0,1.0,0.583175,0.583175,0.45074052,0.48690403,0.6932137,0.029217488178556305,0.004504325540940982,0.016082117548909612,0.016534879925313672,0.0026056645825799606,0.00368659466895459,0.004229087571380897,0.003833355050331117,0.004559931644767302,0.0,0.0,0.0,0.0031985533711714077,0.006532270489926149,-0.00030898423596623683,0.0008416954935830731,0.00634109115047865
0.87554806,0.7783885,0.43120664,0.9444444,0.42322132,0.75244224,0.9,0.52846843,0.5435048,0.9622642,1.0,1.0,0.5435048,0.5435048,0.64824057,0.37579292,0.5452136,0.022955130883129254,0.0025708712960157525,0.007180391105028733,-0.005387507878631873,-0.004280555836467232,-0.0026643081679055434,0.0035914544451106345,0.005709266757617928,0.006923546900554894,0.0,0.0,0.0,0.0057110549298238136,0.0064777002447569225,0.0028655055761091374,0.006893916466138726,0.002500018966101255
0.7607462,0.7961933,0.606991,0.9444444,0.6913545,0.7696535,0.9,0.30788016,0.31735912,0.9622642,1.0,1.0,0.31735912,0.31735912,0.19949043,0.28134844,0.6882137,0.0025079274208957038,0.003184785280141621,0.006472603377963383,-0.010014712240058333,0.0015297480275053665,-0.0019844481356748244,0.0021833131309992367,-0.006954306906592825,-0.003192081555670561,0.0,0.0,0.0,-0.004831996309601535,-0.009888407117075133,-0.011054234359540265,0.012045552354604154,0.012305114884910862
0.82141066,0.80960524,0.9115337,0.9116092,0.90442353,0.9,0.9,0.8049389,0.80454105,0.9622642,1.0,1.0,0.80454105,0.80454105,0.6257405,0.8769041,0.5822137,0.014925149824905927,0.0032062594294627327,-0.010840181929531742,-0.0023582389027197387,0.0010690626038221895,0.001774364617921337,0.005334676606227754,0.009514979155077527,0.004336202017120128,0.0,0.0,0.0,0.0017737408774658387,0.012259008082801979,0.003081224910538442,-0.024573692755754228,0.003971253728457689
0.62525684,0.8242123,0.8866069,0.9444444,0.94615734,0.84992,0.9,0.3825861,0.40085822,0.9622642,1.0,1.0,0.40085822,0.40085822,0.45699054,0.4824596,0.4282137,-0.04252108890912042,0.005638978359105194,-0.012170774275305463,-0.011299261388771535,0.0004745310068979673,0.0004712325644671806,0.0029523716121358473,-0.0048838080683180855,-0.0007506362125975051,0.0,0.0,0.0,-0.0008927211559758316,-0.004898444286512756,0.0006979905898723415,0.0026727495727291556,-0.006715451063076388
0.4595808,0.46795315,0.8684076,0.852326,0.92636025,0.9,0.9,0.4849389,0.4963103,0.9622642,1.0,1.0,0.4963103,0.4963103,0.48199052,0.32690397,0.59021366,-0.08775358361236489,-0.00965362510583312,-0.006988766927310266,0.00013104269581611802,-0.002579607814364243,0.0007808803181064722,0.005038797833707489,0.0037320184782321563,0.005883688738914325,0.0,0.0,0.0,0.005647331843733302,0.003968186657545707,0.0011462408560748117,0.014344131432787288,0.007668399797565554
0.5252568,0.6164001,0.8976913,0.92365605,0.9762011,0.9,0.9,0.53729194,0.55190504,0.9622642,1.0,1.0,0.55190504,0.55190504,0.59324056,0.5546818,0.5362136,-0.056817589919071994,-0.0008402712362906761,-0.007602271249174959,-0.0061909264752638095,-0.0033464703415540167,0.0006471183316026838,0.00503161647627533,0.008133117997748426,0.010178719406259498,0.0,0.0,0.0,0.008263060522163234,0.010566924174188492,0.003094770693922678,-0.006519525141298651,0.002529410960726714
0.5758395,0.6861031,0.81139433,0.7963685,0.90186393,0.9,0.9,0.035527173,0.053996697,0.9622642,1.0,1.0,0.053996697,0.053996697,0.37574053,0.21579286,0.21121359,-0.060558704916882714,0.0008679532307902194,-0.007189105594622837,0.00188190159358478,-0.003601728164729812,-0.0005741509617761692,0.0019694413175245467,-0.042227665079378536,-0.055910681869619276,0.0,0.0,0.0,-0.04125573723231334,-0.05874729127785777,-0.0033507860367946564,0.02356588683781772,-0.037595517632721134
0.8524712,0.6823847,0.6413214,0.9444444,0.9444444,0.6596386,0.63346344,0.42317423,0.4383873,0.9622642,1.0,1.0,0.4383873,0.4383873,0.4344905,0.5046818,0.49621361,0.025830010608882042,0.0013642434247810751,0.0034907566254497994,-0.005218930921148809,-0.0007279335799639855,-0.0065033252133939404,-0.014968004472055103,0.0007858357475291597,0.003673617220781976,0.0,0.0,0.0,0.0035211919430673173,0.0008483332421474401,3.572242278954696e-06,-0.000547674656693293,-0.00020589001531682457
0.8107462,0.8209108,0.77137065,0.9444444,0.6718342,0.79354715,0.9,0.5319979,0.5493093,0.9622642,1.0,1.0,0.5493093,0.5493093,0.45199054,0.5880152,0.4662136,0.011184629219705389,0.002368209679692501,-0.004010873185628593,-0.003927374991239059,-0.0003896449962437115,-0.0017882391237146762,0.004262052879309482,0.008139800397279039,0.008032416403858367,0.0,0.0,0.0,0.006917749061381872,0.007366190281731247,-0.0002364298849745185,-0.00836920698091506,-0.0014185203803236018
0.8799769,0.7655489,0.8624243,0.8464535,0.9079831,0.9,0.9,0.5131743,0.51623374,0.9622642,1.0,1.0,0.51623374,0.51623374,0.5082405,0.415793,0.6532137,0.0246586169184817,0.00280211319687465,-0.009369673260952364,0.0009931386477909545,0.0005374210124855935,0.001956397162968689,0.006159171480249884,0.003434391549262167,0.005815375409491245,0.0,0.0,0.0,0.005106402307445415,0.0031821363516875132,0.0008451447246399389,0.005456196545389828,0.005583847015070381
0.9231587,0.9310345,0.3103411,0.304594,0.304594,0.9,0.9,0.57905656,0.5970441,0.9622642,1.0,1.0,0.5970441,0.5970441,0.3069905,0.7646819,0.58021367,0.02388803987852455,0.0022947159905237218,0.01307754859903599,0.012404309232923532,0.0020302544368010324,0.0017833740530198306,0.004119777410545735,0.003863875572986518,0.0030218244488431838,0.0,0.0,0.0,0.002478013024630797,0.006046413257329745,-0.005445227464754208,-0.010388731294560874,0.002681719309541876
0.53621256,0.43359295,0.84155923,0.9444444,0.9444444,0.957162,0.3928301,0.19082126,0.21324052,0.9622642,1.0,1.0,0.21324052,0.21324052,0.32074046,0.32023737,0.3912136,-0.08036045369302379,-0.013174201973020898,-0.009324937391601404,-0.015250921511259244,-0.005086120412604558,-0.001243250213324755,-0.020187928956914732,-0.024830528841178267,-0.023943713318764236,0.0,0.0,0.0,-0.016876105577663555,-0.030528350916983,-0.005805241456439362,0.017088428602847486,-0.013425443947830129
0.3098722,0.51654494,0.8376554,0.9444444,0.8199393,0.5799455,0.9,0.30552718,0.32133344,0.9622642,1.0,1.0,0.32133344,0.32133344,0.31449056,0.2769041,0.5452136,-0.16088839750796302,-0.010102721728267485,-0.00919059483835176,-0.01659270040838204,0.0004052621580721058,-0.00215698235243243,0.0024720976930142067,-0.013605198850343708,-0.01580336361971214,0.0,0.0,0.0,-0.010809719116847244,-0.019100065019936552,-0.007934417229937811,0.022373781883797766,0.002961079777271667
0.79536164,0.81457967,0.5107355,0.9444444,0.5511425,0.84992,0.9,0.43435052,0.45234296,0.9622642,1.0,1.0,0.45234296,0.45234296,0.40574056,0.35801518,0.61821365,0.01191473815092817,0.0032584550811907286,0.007412438741979194,-0.005937064165658551,-0.003211103535126271,0.0003676455955160065,0.004491483041322953,0.0021857905674606366,0.004077491718415886,0.0,0.0,0.0,0.003057927570826104,0.0013635980042591236,-0.00120923284301989,0.008006314560551508,0.006300803761044825
0.756026,0.56563276,0.9112921,0.96959347,0.9444444,0.9,0.5467783,0.64964473,0.6615201,0.9622642,1.0,1.0,0.6615201,0.6615201,0.58699054,0.59690404,0.5622137,-0.0004036183945039062,-0.003525905672780185,-0.011627416998041826,-0.004881572987559131,-0.00033303504757529025,0.001743851339193784,-0.025746675384994713,0.01010192477698535,0.006126327805209452,0.0,0.0,0.0,0.0032104820894346274,0.010478287082654197,0.0032535192832234766,-0.006987982032725789,0.0034446952502357516
0.9231587,0.9310345,0.31850472,0.31260648,0.31260648,0.9,0.9,0.69964474,0.70495445,0.9622642,1.0,1.0,0.70495445,0.70495445,0.48199052,0.7246819,0.6162137,0.03447764359705599,0.004871476624949848,0.015287280132164769,0.015928820444731772,0.0025330481651562402,0.002961816504801373,0.006018576107780269,0.006304715762324883,0.003344377113083577,0.0,0.0,0.0,0.0020136371175732675,0.010735033409812389,0.0001810278392830139,-0.011132928349546403,0.0047969576324018715
0.9231587,0.9310345,0.20599519,0.20218046,0.20218046,0.9,0.9,0.4767034,0.49848655,0.9622642,1.0,1.0,0.49848655,0.49848655,0.3319906,0.48801517,0.6162137,0.022821868728040404,0.0013649240381775054,0.015361196916894717,0.015241510146129535,0.004510169014339427,0.0015749622555079252,0.002893330473065104,0.0030848672233802065,0.00462976930940872,0.0,0.0,0.0,0.003793369366983422,0.0033096075761028044,-0.004612139440869531,0.0006166744506933695,0.00401344215782577
0.8527626,0.8163699,0.72067446,0.7073287,0.9444444,0.9,0.78915757,0.5943506,0.6092855,0.9622642,1.0,1.0,0.6092855,0.6092855,0.48199052,0.5291263,0.59621364,0.017813604629290086,0.0029567374316983837,-0.00011663379703018825,0.0041474473662319565,-0.0015943000229993133,0.0020851482735234884,-0.0030075999982598195,0.005948578419039911,0.005515718621684856,0.0,0.0,0.0,0.003864134956076426,0.0075943788587210445,0.0007445313590429177,-0.000763800147972091,0.004821690788286225
0.81430095,0.3961391,0.4823184,0.4733866,0.9444444,0.9,0.38293445,0.32140946,0.34019348,0.9622642,1.0,1.0,0.34019348,0.34019348,0.21574056,0.38912624,0.51121366,0.01565461847514841,-0.008866516038980332,0.008099589473748132,0.012774791451922231,-0.007158156173717611,0.0006542570247930268,-0.03289812689287194,-0.001713980822843402,-0.0008348204115281989,0.0,0.0,0.0,0.003654086733427044,-0.006646628848686301,-0.008592237114405103,0.006744798070056833,0.0010424194733008793
0.9231587,0.9310345,0.43695092,0.42885923,0.42885923,0.9,0.9,0.8714096,0.8667544,0.9622642,1.0,1.0,0.8667544,0.8667544,0.75949055,0.5791263,0.8422137,0.026908208926977525,0.004378447501550151,0.009092891493892979,0.007318244556891585,-0.0020599678480144133,0.0025005392908130173,0.004445750722753517,0.002558748734663594,-0.006334585133412922,0.0,0.0,0.0,-0.003344925107270954,0.008177877641380395,0.007792614496584549,-0.0035600157676971204,0.006936504490550938
0.59064144,0.32993054,0.9020078,0.9444444,0.9444444,0.957162,0.3255945,0.4849389,0.5009777,0.9622642,1.0,1.0,0.5009777,0.5009777,0.3782406,0.5135708,0.52121365,-0.04765425827961487,-0.014933599853636792,-0.009006457696922562,-0.007985484952319268,-0.004334652506273031,0.0009572021120275448,-0.04629877079074547,0.0027460793218731737,0.006090027859189145,0.0,0.0,0.0,0.00582276225683986,0.005367936106841136,-0.0012511594572015806,-0.0017152675280006345,0.0014887789449655319
0.8947789,0.6763978,0.6955341,0.9444444,0.9762011,0.76633877,0.9,0.53729194,0.54902476,0.9622642,1.0,1.0,0.54902476,0.54902476,0.39824057,0.56245965,0.57621366,0.03016037018602724,0.0015120020914711012,0.0011507498630039285,-0.001072322045231001,-0.00044856324667774997,-0.003187319270442565,0.00500275542526258,0.004749514177541972,0.005679900862123252,0.0,0.0,0.0,0.004265740395879392,0.005798626247142097,-0.0016087420468922026,-0.004277076981932983,0.003409897708128691
0.7909328,0.6270388,0.8582505,0.887077,0.9463495,0.9,0.9,0.29199767,0.31185108,0.9622642,1.0,1.0,0.31185108,0.31185108,0.37824053,0.38468182,0.4112137,0.006384882975708677,-0.0010009734024763182,-0.011234689788279366,-0.0063528129663028374,-0.0011348044223218482,0.0004217868482274003,0.002602343735991671,-0.010489131934616851,-0.01068925079796581,0.0,0.0,0.0,-0.00804700037958082,-0.013757007627905733,-0.002111881007659112,0.008087579102758024,-0.008745546773771776
0.9231587,0.9310345,0.2061891,0.20237078,0.20237078,0.9,0.9,0.5172918,0.5328787,0.9622642,1.0,1.0,0.5328787,0.5328787,0.37574053,0.6613486,0.59621364,0.030631298088374663,0.0022976356824936347,0.01734008033246228,0.019072022330798383,0.0038999119614975147,0.002919580440445642,0.004143685935212099,0.00340397533453828,0.0047061570588011825,0.0,0.0,0.0,0.0035631547713101818,0.003729887194599898,-0.003429953039309353,-0.006567126546148095,0.002619485252140736
0.9231587,0.9310345,0.3423782,0.33603787,0.33603787,0.9,0.9,0.65611535,0.66948825,0.9622642,1.0,1.0,0.66948825,0.66948825,0.58699054,0.4502374,0.7452136,0.02399220824928945,0.0029931286627068038,0.012767502348125452,0.009136957499151664,0.0011850425269002542,0.0030876555919559633,0.0036784126377367365,0.002127397939034438,0.0008614775719053419,0.0,0.0,0.0,-0.00015927805481668402,0.006421912235272895,0.0026086153779459127,0.001983210348114056,0.00514776725520617
0.6838231,0.42426872,0.765759,0.9055723,0.74016756,0.9,0.9,0.6061156,0.61114925,0.9622642,1.0,1.0,0.61114925,0.61114925,0.6694905,0.39579296,0.65121365,-0.011526713362149112,-0.008854669344780608,-0.003516267752403476,-0.002028216530433373,0.002003111133451493,0.0009784509876324635,0.005832364879398554,0.007544045848885676,0.008350500252814858,0.0,0.0,0.0,0.004896967188497463,0.010190608965209891,0.0031311309936015367,0.0055677366978639335,0.008612705018706996
0.69151545,0.7655489,0.7806926,0.9292485,0.7661254,0.9,0.9,0.22082116,0.23786874,0.9622642,1.0,1.0,0.23786874,0.23786874,0.40699053,0.2324596,0.4862136,-0.020872023918114664,0.003202737150545936,-0.006679209706098655,-0.012724344621055792,0.0019175916772591023,0.000347644247557066,0.002914025726816392,-0.021584995595429396,-0.024158841152072362,0.0,0.0,0.0,-0.021436523334502296,-0.026974177166637404,-0.0016312164752852864,0.020351708091341108,-0.0033884387928857177
0.6912241,0.68572336,0.7317659,0.7182147,0.9444444,0.9,0.71292925,0.2872918,0.30502453,0.9622642,1.0,1.0,0.30502453,0.30502453,0.5069905,0.22690402,0.42221364,-0.018698298750189843,0.00040772864201555514,-0.0007039080478841533,0.0068162640066261136,-0.005324903491336819,-0.0003333300330263377,-0.005965498893666394,-0.009405087964007594,-0.010774730612639845,0.0,0.0,0.0,-0.0064800076118335746,-0.014610544647633207,0.0018293538241232004,0.01641011653892285,-0.008923123670864008
0.63353187,0.65826845,0.6245203,0.9444444,0.5827842,0.7431204,0.9,0.31552708,0.33554608,0.9622642,1.0,1.0,0.33554608,0.33554608,0.44699055,0.24023734,0.50121367,-0.03389589338647558,-0.000251759886309872,0.00519007695757015,-0.012544883013918652,0.0007393535251272936,-0.0005093747344505181,0.0028704763887535414,-0.010756718447114476,-0.007113876010555698,0.0,0.0,0.0,-0.006999740975918706,-0.011061933616934977,0.0003083770123301988,0.021568937473478496,-0.0001271591499751032
0.6332404,0.67211795,0.7862884,0.9444444,0.84051627,0.64971405,0.9,0.43846825,0.45861474,0.9622642,1.0,1.0,0.45861474,0.45861474,0.3644904,0.43690407,0.58921367,-0.03155105900236518,0.0015092626571781434,-0.0042999234271337335,-0.006541474443158197,0.001515354861744569,-0.00856716560837181,0.0034063188846132687,0.0024325085487060284,0.006040661991407436,0.0,0.0,0.0,0.004439492483420999,0.0031877591399166244,-0.004060161241071585,0.003966137428434336,0.006967297985175797
0.547751,0.17919374,0.6750187,0.9444444,0.6625184,0.1732206,0.9,0.452586,0.47468603,0.9622642,1.0,1.0,0.47468603,0.47468603,0.5119905,0.57912636,0.36721364,-0.059084431276189564,-0.02869440992026739,0.0005296477216280835,-0.012273343434013668,0.0024233521146225243,-0.03882615489741181,0.0031671193405396316,0.0005857989804116611,0.002984920513800968,0.0,0.0,0.0,0.001891144261864057,0.00030555913789933486,0.0014339237243509917,-0.008322129783075305,-0.011227408101019987
0.7719933,0.78266585,0.77028126,0.9444444,0.7073162,0.80964357,0.9,0.440233,0.4577879,0.9622642,1.0,1.0,0.4577879,0.4577879,0.46949053,0.5835707,0.37721366,0.004618927552851555,0.004142478637203733,-0.004406885309507486,-0.00789718086349116,0.0012125300996661062,-0.000428780039198195,0.0035003066774949116,0.0011342120881845045,0.004363070047766739,0.0,0.0,0.0,0.0037249980598616506,0.0017591158714240736,0.0007457819347724368,-0.006923253494294351,-0.008171883809047759
0.7255481,0.7545337,0.7264684,0.9166222,0.9444444,0.9,0.72938263,0.6190566,0.6328891,0.9622642,1.0,1.0,0.6328891,0.6328891,0.53074056,0.6980152,0.5102137,-0.0007764122862086209,0.0038198767024614265,-0.001520582094972602,-0.0023684977382308343,-0.0005251877289154473,0.0017677837314530953,-0.007837578456392593,0.010524335948873446,0.009230018641184253,0.0,0.0,0.0,0.005934609699729341,0.011363810260944428,0.001235955185923152,-0.01648984356684631,0.0015428350895281917
0.83737797,0.86883026,0.37637192,0.9444444,0.36940208,0.83986926,0.9,0.5319978,0.5382995,0.9622642,1.0,1.0,0.5382995,0.5382995,0.5132405,0.54468185,0.5322137,0.0210339017044007,0.0049805741370232935,0.009631441142091683,-0.008358237468384452,-0.005116368595572896,0.00042266242846414196,0.006117192974541512,0.005770456618431138,0.0060279598002390385,0.0,0.0,0.0,0.005484724075190385,0.005262701213864419,0.0005476819932002984,-0.0033468475968529993,0.0017765975023274153
0.42496544,0.5854421,0.8408681,0.9444444,0.9444444,0.5659274,0.6273937,0.5908213,0.6087852,0.9622642,1.0,1.0,0.6087852,0.6087852,0.46949053,0.6802374,0.5952137,-0.08844387588787109,-0.002939921620644586,-0.00897862215346935,-0.008802326273811086,-0.0011977443805488493,-0.01114785910885182,-0.013801650064972658,0.00886472658163397,0.009733271129486482,0.0,0.0,0.0,0.007160385822144436,0.01188803046235255,0.0005874014355423342,-0.016618682384870017,0.006987563602164167
0.87968564,0.7893743,0.71492994,0.9928678,0.78061736,0.9,0.9,0.56023294,0.5744039,0.9622642,1.0,1.0,0.5744039,0.5744039,0.5319905,0.44579294,0.7042137,0.030472361413358347,0.0034677116211859205,0.00030268148431756875,-0.003996184428875154,0.0010784899974487043,0.0022522008831109405,0.004449557327805268,0.006157158515603872,0.006848135536440039,0.0,0.0,0.0,0.005444377703043968,0.006664106592232365,0.0014438270487853392,0.0030382011431518397,0.008241431052281558
0.9231587,0.9310345,0.18331641,0.17992166,0.17992166,0.9,0.9,0.46552703,0.48242885,0.9622642,1.0,1.0,0.48242885,0.48242885,0.52449054,0.48690403,0.4622136,0.030519171776844226,0.004496730572749519,0.017609230692197,0.021498983876425033,0.005775405247855119,0.0020544724999437434,0.005473340378861331,0.0035500370302746693,0.005809046500004931,0.0,0.0,0.0,0.0050418624843888175,0.0027595694721327503,0.0008698590778593286,0.00025398099697668074,-0.0005557370284224937
0.89536154,0.8209112,0.7573962,0.92144537,0.8129072,0.9,0.9,0.29788005,0.30798116,0.9622642,1.0,1.0,0.30798116,0.30798116,0.41074055,0.51245964,0.24321365,0.040345269404982335,0.005517674045277033,-0.003813430239734066,-0.010436798901115804,0.0017750505262595741,0.0009080109793408564,0.0029170914540675437,-0.014658952551117418,-0.011821398692950616,0.0,0.0,0.0,-0.010492895408764559,-0.016052266026962202,-0.0004814931701927408,-0.0001479348455045197,-0.02428286289280628
0.65573466,0.03298618,0.7776465,0.9444444,0.9444444,0.79354715,0.03188664,0.25552726,0.27683753,0.9622642,1.0,1.0,0.27683753,0.27683753,0.3019905,0.2324596,0.5452136,-0.03156365399793046,-0.03606387023939854,-0.0031935202102700215,-0.011626920012710287,-0.006451311563606994,6.684398476570551e-05,-0.05753782076372392,-0.009005394861933,-0.007479368308729061,0.0,0.0,0.0,-0.0031449097033731167,-0.01590541732930013,-0.005380111785855151,0.022754762357055213,0.003854012760998473
0.85987216,0.64563924,0.8224189,0.94615734,0.9444444,0.9,0.68710077,0.75140965,0.7655595,0.9622642,1.0,1.0,0.7655595,0.7655595,0.4907406,0.72912633,0.7582137,0.021535940120880736,-0.0010267410672820216,-0.0062816288221417185,-0.0029888445473447976,0.0014045127629412585,0.0018971606688990084,-0.011092147920771796,0.006240750391565372,0.002097739322918086,0.0,0.0,0.0,-0.0005200394836391109,0.008683066236529549,0.0012248775484245914,-0.014221032750452329,0.01029461019390776
0.8409328,0.7029824,0.86266494,0.84668964,0.9762011,0.9,0.9,0.63082147,0.6444437,0.9622642,1.0,1.0,0.6444437,0.6444437,0.7032406,0.48468176,0.5862136,0.02105195258375956,0.0021285020271415785,-0.008380892953997741,0.00026454783351666277,0.00023454416611427516,0.002123634417229702,0.006312654018931592,0.006364683505224631,0.0052299139581538125,0.0,0.0,0.0,0.00292994104852708,0.008968436299357818,0.0038762580543090187,0.00011308071414585279,0.0037425429859554637
0.7066087,0.7409425,0.76010555,0.86468667,0.9410746,0.9,0.9,0.51199776,0.52373713,0.9622642,1.0,1.0,0.52373713,0.52373713,0.41199058,0.5546818,0.5462136,-0.011588896188073732,0.0030105890402291413,-0.0034668299721483287,0.00033338663189158015,-0.0008569625525588004,0.0008712450390547272,0.003639812998727277,0.004651423154569204,0.007794902162920833,0.0,0.0,0.0,0.005818335642757784,0.005370446801906017,-0.001252061897625103,-0.0037218523507788065,0.002261002577148673
0.7637183,0.56563276,0.884752,0.8683677,0.9444444,0.9,0.84992,0.5084683,0.5292695,0.9622642,1.0,1.0,0.5292695,0.5292695,0.56074053,0.51357067,0.51721364,0.01132878275816938,-0.0021038502349358494,-0.009761171298196461,0.00028945502140438395,-8.869509607376678e-05,0.0011768672485213184,0.0015742482894885684,0.006302094066490456,0.008694128396943935,0.0,0.0,0.0,0.006567966920470769,0.008075284578101246,0.0018842528205043826,-0.0020740499635613628,0.0014496856733061637
0.74862504,0.86994475,0.83726114,0.9762011,0.9444444,0.9,0.9034291,0.4849389,0.5011522,0.9622642,1.0,1.0,0.5011522,0.5011522,0.54574054,0.47468185,0.5052136,0.0015552963543568898,0.003415523993938403,-0.007401847880247289,-0.008675718680915588,0.00044512637470737836,0.000677919531247668,0.005124000448305482,0.004405524441845104,0.006624099508154412,0.0,0.0,0.0,0.005827214611251305,0.004540479128419519,0.0018493377622313578,0.0017448288902674675,0.00021551339989197755
0.83708656,0.5122777,0.7167952,0.9444444,0.9444444,0.8194291,0.4952018,0.53670365,0.5496502,0.9622642,1.0,1.0,0.5496502,0.5496502,0.2907405,0.5335707,0.7632137,0.019256081413126985,-0.0033058857774874266,-2.1506005652685013e-05,-0.005177922849764069,0.0004053677835946075,-0.0002456378384763848,-0.02743650516328453,0.005355164789354043,0.006588816737081043,0.0,0.0,0.0,0.005055304565356341,0.006405656923658504,-0.0038249861491314718,-0.00262495198666963,0.011654174391617448
0.9231587,0.9310345,0.0029933194,0.0029378876,0.0029378876,0.9,0.9,0.056703456,0.07598651,0.9622642,1.0,1.0,0.07598651,0.07598651,0.3069905,0.03690391,0.3952136,0.03760837484615411,0.004925085242482095,0.032241005904617315,0.060545693396429845,0.004948579416492526,0.0014962512463768574,0.0028762130257595497,-0.019853299693829558,-0.019115327253975845,0.0,0.0,0.0,-0.013689415211947055,-0.03221306312353596,-0.0035643001094007427,0.018360160303631648,-0.006289440514525203
0.07111933,0.45829123,0.8434268,0.9463495,0.9444444,0.9,0.38949662,0.26729178,0.28718257,0.9622642,1.0,1.0,0.28718257,0.28718257,0.3869905,0.41357073,0.35121363,-0.2653105665742328,-0.016138214899305215,-0.009557222986635291,-0.019883079329232826,-0.007403865505653767,-0.00020834514430072935,-0.01935643448175579,-0.02088761254747018,-0.019874150464657844,0.0,0.0,0.0,-0.013180008839962183,-0.02542184208462956,-0.004463784519021492,0.011849075725969029,-0.01946789638229018
0.9231587,0.9310345,0.083456144,0.08191066,0.08191066,0.9,0.9,0.26199767,0.28592452,0.9622642,1.0,1.0,0.28592452,0.28592452,0.14199042,0.50023735,0.45921364,0.028774639047233798,0.0037047553880181824,0.021542426771184273,0.03666057609023155,0.0018637033106951937,0.0018600185425967691,0.003105236439845404,-0.0034803309373289074,0.0021500520846693175,0.0,0.0,0.0,0.0015566306009490972,-0.010662738764089165,-0.00835312927370802,-0.00039496397733693026,-0.001647669009907419
0.83737797,0.75950354,0.67808795,0.9444444,0.7433743,0.79684675,0.9,0.6919979,0.70703685,0.9622642,1.0,1.0,0.70703685,0.70703685,0.40074056,0.6435707,0.78921366,0.01618482682486934,0.002090596071317541,0.0010160844740578889,-0.002589474653388941,0.0014584368546314834,-0.002497921328741917,0.004731901676482496,0.006884033414174361,0.0044564677954324885,0.0,0.0,0.0,0.0038823411214888924,0.00978106933772287,-0.002015046545445909,-0.008566960558384455,0.010613727175607997
0.90719134,0.8378506,0.7974856,0.9444444,0.9116092,0.9030832,0.9,0.6414097,0.65526885,0.9622642,1.0,1.0,0.65526885,0.65526885,0.5632406,0.65912634,0.5382136,0.03097625853058464,0.004135223313810814,-0.0050622228181194,-0.002698962326203089,0.001253569557128365,0.0030664223831920055,0.002861917386661153,0.008264053457962817,0.006242654691716019,0.0,0.0,0.0,0.005047754931068433,0.009884971061458811,0.00205268961368634,-0.011075386525700077,0.0015186901148242983
0.7835318,0.7375587,0.6584123,0.9444444,0.61286825,0.7129734,0.9,0.3778801,0.39152446,0.9622642,1.0,1.0,0.39152446,0.39152446,0.44949055,0.5113485,0.38421363,0.011181676867900267,0.0030044523346652746,0.003131112693756633,-0.00980198932908191,-0.0014224646338073955,-0.003418576243856297,0.0038202358998105333,-0.005673743491012368,-0.0007719778199109845,0.0,0.0,0.0,-0.001658076346865531,-0.005560600262568692,-6.204985589704257e-05,-0.000261370049080899,-0.00848005828518018
0.8992078,0.87604517,0.7376312,0.9463495,0.94615734,0.9,0.9,0.30493903,0.32167894,0.9622642,1.0,1.0,0.32167894,0.32167894,0.19699037,0.5391263,0.47721356,0.04365264180449632,0.0037945720245710947,-0.0029060960544635872,-0.00973984431559148,0.0006245824393900573,0.001745308108812771,0.0033694195316112435,-0.011316365852512977,-0.009677116910187526,0.0,0.0,0.0,-0.009085485135320974,-0.012727714631702627,-0.009617184292013591,-0.004319171122532429,-0.0033900909451556505
0.5483337,0.5616415,0.8280278,0.8555725,0.9444444,0.9,0.80964357,0.24964479,0.26995277,0.9622642,1.0,1.0,0.26995277,0.26995277,0.2594905,0.26023728,0.5462136,-0.06770023323301444,-0.005186776789550298,-0.006987351471910514,-0.0034494078012690787,-0.003707190330085483,0.00010356466368361246,-0.0004450528623413687,-0.0166187088535042,-0.01914156271891035,0.0,0.0,0.0,-0.014613942493733998,-0.022339390410466013,-0.009412699031444623,0.019022633736100338,0.002749737058859052
0.7607462,0.7655489,0.55559844,0.94615734,0.9444444,0.9,0.7400306,0.43317413,0.45128763,0.9622642,1.0,1.0,0.45128763,0.45128763,0.26074052,0.7169041,0.44621363,-0.0016689553300517845,0.004017198443613659,0.004595101121256399,-0.008859398985688159,-0.0020934875152492215,0.0005920200647143608,-0.006657145107379623,-0.00043026674102897457,0.0032821919559975887,0.0,0.0,0.0,0.0033491498446170005,0.00016904143300488155,-0.0033609181505568587,-0.018088616101838,-0.004182975437642859
0.9231587,0.9310345,0.24077289,0.23631413,0.23631413,0.9,0.9,0.50140965,0.51693463,0.9622642,1.0,1.0,0.51693463,0.51693463,0.5632405,0.35023743,0.5782137,0.022696777897391794,0.0032525692927006583,0.012568113638299966,0.01503366693790366,0.003604411719335289,0.0017525640632567094,0.0037701262574471846,0.0031714919130734764,0.004206237292112163,0.0,0.0,0.0,0.0035681649343554723,0.0031723368462135797,0.001925587053924523,0.0034031733289416116,0.0026360352718213286
0.6758394,0.45485604,0.75679934,0.92096955,0.69815123,0.9,0.9,0.67023313,0.67897403,0.9622642,1.0,1.0,0.67897403,0.67897403,0.6407406,0.57912636,0.5162137,-0.009999361778997136,-0.008892177737750136,-0.001911919425832197,-0.002638871734629718,0.002378826294920496,0.0015212588405994893,0.004014179596853945,0.010268606678704049,0.008271566095208738,0.0,0.0,0.0,0.003526401912544925,0.013193598480722577,0.0033480671948043538,-0.007844258185663238,0.0016782822970683193
0.8453616,0.7996218,0.69413686,0.9928678,0.8254545,0.9,0.9,0.24788004,0.2659786,0.9622642,1.0,1.0,0.2659786,0.2659786,0.36574042,0.3080152,0.44621363,0.01660616614772748,0.0036325604674921365,-0.0005593065930173718,-0.014895037866920684,0.0021307653166254045,0.0012577893926234512,0.0029510934223221474,-0.016558577017187538,-0.014862994043596539,0.0,0.0,0.0,-0.013724194102648508,-0.020114584031222002,-0.0025497768429892514,0.014486442981989388,-0.005580014563294373
0.8219933,0.9097383,0.6865084,0.88541526,0.9444444,0.9,0.8794137,0.16552712,0.18877383,0.9622642,1.0,1.0,0.18877383,0.18877383,0.30949044,0.29690403,0.34421358,0.020459694846194875,0.00686672764341582,0.000425354737763064,-0.007014057213907478,-0.0028615355412630007,0.000696422297760498,0.002921510569765388,-0.02461129636539983,-0.02408404511536226,0.0,0.0,0.0,-0.019576751972383632,-0.03030170693340828,-0.005922690602354142,0.014352378864916172,-0.017743326679029996
0.22170201,0.47922045,0.8112661,0.9444444,0.9444444,0.98716205,0.62722605,0.24140953,0.25005656,0.9622642,1.0,1.0,0.25005656,0.25005656,0.19699049,0.07357057,0.75021374,-0.18985989932110411,-0.012117577411529577,-0.007416687951571932,-0.019551421429063097,-0.006477704094051462,-0.0019232588404806154,-0.009922491685824777,-0.020112232382175833,-0.023714477122010552,0.0,0.0,0.0,-0.019176695484086112,-0.028400499748452733,-0.013733081731252811,0.03924804922933443,0.023412974024790256
0.26785582,0.5445964,0.7959171,0.94615734,0.8720297,0.9,0.9,0.19964465,0.21959563,0.9622642,1.0,1.0,0.21959563,0.21959563,0.3019905,0.5680153,0.1992137,-0.18242464829352997,-0.008656365760653524,-0.005780388777830345,-0.01555569144124797,-0.0022053198226022717,-0.00036090697965217045,0.0026530249860111125,-0.027052610975713494,-0.029127693979379855,0.0,0.0,0.0,-0.020662855238996757,-0.03253277096918142,-0.008286664163972403,-0.00604651818160047,-0.039235012132849814
0.5214106,0.51654464,0.8955009,0.9444444,0.8745332,0.4993265,0.9,0.5378802,0.5510612,0.9622642,1.0,1.0,0.5510612,0.5510612,0.3019905,0.5491263,0.70521367,-0.05959621328565884,-0.004249625851707418,-0.014077437967549622,-0.004832077357115299,0.0004165686433743418,-0.019759661792890168,0.005528600057239003,0.007625677264580604,0.009350893663568798,0.0,0.0,0.0,0.007744254281034974,0.010279988033426392,-0.007880464160912959,-0.006178473384927103,0.01444882446730773
0.83382314,0.7655489,0.79893535,0.947526,0.847899,0.9,0.9,0.6114096,0.6149113,0.9622642,1.0,1.0,0.6149113,0.6149113,0.5157405,0.6013485,0.6642137,0.018796770305443584,0.0025182641002844787,-0.004471467114016503,-0.0033931685043131436,0.0013281493295786333,0.0016066414428743778,0.00580152472262829,0.006839604310796706,0.005507807446614289,0.0,0.0,0.0,0.0041376494513534956,0.00823462360418595,0.00103569819500241,-0.0076195000872057925,0.00707483378456405
0.62141067,0.54419273,0.8380958,0.9410746,0.9928678,0.9,0.9,0.3914096,0.40730447,0.9622642,1.0,1.0,0.40730447,0.40730447,0.21574044,0.49579293,0.5902136,-0.04700651522432985,-0.006212519155275555,-0.007225399240596771,-0.010285954891107727,-0.003950022356647548,0.0013764674844444868,0.0023042870319808406,-0.003520161855664588,-0.003039980515477947,0.0,0.0,0.0,-0.0021369400838912507,-0.006505495475488411,-0.011019966699424339,0.0010822885665046778,0.0062465608363802706
0.9231587,0.9310345,0.13860491,0.13603815,0.13603815,0.9,0.9,0.37493873,0.39431322,0.9622642,1.0,1.0,0.39431322,0.39431322,0.5069905,0.346904,0.4322136,0.02571157607047568,0.0034134852531192876,0.015151823184229342,0.02267430818600313,0.004293615289880298,0.00218199076016361,0.002458147766527453,0.0012745130674796804,0.0028897750688737845,0.0,0.0,0.0,0.0031916637857216934,-0.0038009707411478673,0.00024188006479969229,0.0038608834116866165,-0.002232815892115479
0.80247116,0.69919527,0.6196854,0.6082098,0.9444444,0.9,0.6535715,0.42846838,0.43402454,0.9622642,1.0,1.0,0.43402454,0.43402454,0.5157405,0.3713485,0.5602137,0.013194034383582005,0.0011699492454740922,0.003448300766919759,0.009574499405619864,-0.003078039771112658,0.0003641493645331945,-0.012317386986230082,0.0023022378311239144,0.00559432896104958,0.0,0.0,0.0,0.005682977511070799,0.0014845698994349638,0.001710240374624067,0.006862326062327365,0.0035353348392610402
0.73294914,0.82111806,0.8810814,0.9444444,0.9444444,0.7937475,0.7400306,0.53493893,0.5548544,0.9622642,1.0,1.0,0.5548544,0.5548544,0.4494905,0.8335707,0.3272136,-0.0032246535448316837,0.005017312023291302,-0.009532128162900423,-0.006256899421289977,-0.0006399746203679657,-0.001173517789393959,-0.005450918427440074,0.007964098576986588,0.009400889403435642,0.0,0.0,0.0,0.007614154437833425,0.00977346988250819,0.000320541583060346,-0.032247642018070795,-0.011751626346496145
0.72939426,0.2505649,0.91294676,0.94615734,0.9444444,0.9,0.24221274,0.37140948,0.39092743,0.9622642,1.0,1.0,0.39092743,0.39092743,0.5432405,0.4291262,0.4282136,-0.0057421021219841205,-0.021327196550417198,-0.00939308040641223,-0.00743191419169688,-0.003404432001951656,0.000551829473892941,-0.04456464663250282,-0.003612596306510047,2.0866944454948076e-05,0.0,0.0,0.0,0.0021130132060201566,-0.004508294501432206,0.002411720916082764,0.005542800517623731,-0.005176863158742296
0.7131356,0.37766153,0.67553633,0.9762011,0.69777864,0.9,0.9,0.5508212,0.56848,0.9622642,1.0,1.0,0.56848,0.56848,0.3644905,0.49468178,0.7102137,-0.008049369166679136,-0.011663667664530303,0.0014223921833828102,-0.005584696480544092,0.0022542496197938506,0.0009430595270553814,0.005049032300754741,0.007911631038059195,0.009611465868048081,0.0,0.0,0.0,0.006840657078551501,0.009963675838804954,-0.0016304982363095422,-0.0005369833048307018,0.013801229472721516
0.77968556,0.58706284,0.6807032,0.6680976,0.9928678,0.9,0.9,0.52493894,0.53597933,0.9622642,1.0,1.0,0.53597933,0.53597933,0.5032406,0.5246818,0.52221364,0.0074456500825783615,-0.0016029694304964242,0.0021710374829867905,0.005813973809850265,-0.0042826986474445005,0.0012163754232475824,0.005311016241191866,0.004375752664430801,0.0071929745914493,0.0,0.0,0.0,0.005438146042594389,0.00631280379546995,0.0009654995694158326,-0.0013069704646105956,0.0016191570500183
0.9231587,0.9310345,0.17405477,0.17083153,0.17083153,0.9,0.9,0.3543506,0.37371433,0.9622642,1.0,1.0,0.37371433,0.37371433,0.16824055,0.5813486,0.4832136,0.03222796644149721,0.0033368303571401623,0.018327512192822526,0.026961209298061242,0.0032297739722144665,0.0022598569585842556,0.0033628149665658386,0.0007999049463021954,0.004479612273566941,0.0,0.0,0.0,0.003493630497284584,-0.0030468312085189255,-0.010235737146731148,-0.003312120129467714,0.00015363287557856883
0.9231587,0.9310345,0.3680903,0.3612738,0.3612738,0.9,0.9,0.6925861,0.70953405,0.9622642,1.0,1.0,0.70953405,0.70953405,0.6982405,0.6724597,0.50121367,0.036551466573781104,0.005664342946585594,0.014323713442461593,0.015322503048398873,0.002522439612462962,0.0028510192826131852,0.006626648721377515,0.0064185801089031,0.0029877541685724633,0.0,0.0,0.0,0.0008951614451101753,0.010398912974282033,0.006076946836537538,-0.008877801040397999,0.0004351977570767032
0.9231587,0.9310345,0.33255953,0.32640103,0.32640103,0.9,0.9,0.7055271,0.7191934,0.9622642,1.0,1.0,0.7191934,0.7191934,0.4344905,0.5791263,0.7532137,0.027601723038139937,0.004492578165801437,0.013466467485110122,0.010901373219152214,-0.0002557166562050626,0.002686646137722207,0.003952524749063121,0.003468823808763718,6.142443704427847e-05,0.0,0.0,0.0,-0.00020878780803488205,0.008151270848985231,-0.001739767399236522,-0.0030484518455298937,0.0069433897610816
0.8137183,0.6926649,0.85486466,0.9444444,0.94615734,0.6695761,0.9,0.48729202,0.50176364,0.9622642,1.0,1.0,0.50176364,0.50176364,0.4957406,0.36690405,0.6292137,0.015464555729987575,0.0023167537861387183,-0.006838168522770317,-0.0016876186565749907,-0.0002598192523283142,-0.00655550021124311,0.004156633562710305,0.005557094996026951,0.00836737645174241,0.0,0.0,0.0,0.007240907204789249,0.006417495294753526,0.001844455168754668,0.006931753861323247,0.007937840448941393
0.564301,0.2161496,0.59624106,0.9410746,0.6814096,0.9,0.9,0.34729183,0.36352986,0.9622642,1.0,1.0,0.36352986,0.36352986,0.37574053,0.40801513,0.49421367,-0.06163084974931492,-0.030932541027668747,0.004652895456237167,-0.015924415073685333,0.0030500010404196486,0.0006253343657689298,0.002059998424389127,-0.005339680606627076,-0.006849446002304372,0.0,0.0,0.0,-0.003990695598564147,-0.011802819592068416,-0.001863779255171505,0.007810970364268297,-0.0017304924814529848
0.88766927,0.8209112,0.68383425,0.67117065,0.9444444,0.9,0.7935475,0.3555272,0.36796808,0.9622642,1.0,1.0,0.36796808,0.36796808,0.42574054,0.39579296,0.41221362,0.033729138130631026,0.004088219485295568,0.00111909704099558,0.007889391648045311,-0.002705437806826627,0.0003975853810153437,-0.0020826378990183502,-0.0014628574099755998,0.0029763491270979776,0.0,0.0,0.0,0.002411797971154239,-0.004076079652744425,-0.0003868580570590189,0.005201594150446187,-0.005764730234871721
0.84122413,0.78289807,0.6844821,0.6718065,0.9444444,0.9,0.7030904,0.45435065,0.46991798,0.9622642,1.0,1.0,0.46991798,0.46991798,0.39699054,0.5113485,0.5052136,0.021923854367477097,0.003399952458925247,0.0014833910520323562,0.008019071096907507,-0.0014701604369729243,0.001480873709367031,-0.008220031139175504,0.002696464619978387,0.006610039987495697,0.0,0.0,0.0,0.005398711578411392,0.002592465667383314,-0.0013713594741594417,-0.0009083547287141842,0.00024021175702076793
0.9231587,0.9310345,0.22505373,0.22088607,0.22088607,0.9,0.9,0.48552728,0.49933687,0.9622642,1.0,1.0,0.49933687,0.49933687,0.3019905,0.74801517,0.45521364,0.03561891413410376,0.0036614646241949324,0.01819886215291431,0.02311955741098842,0.006224622736298467,0.002458667827219195,0.005504346662274265,0.004197308550745723,0.005798873838398766,0.0,0.0,0.0,0.0047464744285024285,0.003657205463398067,-0.005348406986443541,-0.013272949107508652,-0.0011272601089681912
0.8799769,0.81457967,0.47276542,0.9444444,0.94465274,0.84992,0.9,0.43023324,0.44955853,0.9622642,1.0,1.0,0.44955853,0.44955853,0.32949054,0.54468185,0.49021357,0.033912338059180265,0.003838562702296161,0.006739736486115033,-0.007177931931339756,-0.0020886880995305127,-0.0001336989570173956,0.004448559220634231,0.001533385292739296,0.0044481404237067465,0.0,0.0,0.0,0.004539407030965919,0.001238356847279265,-0.003429966356544088,-0.003916479207248397,-0.0013161999986045206
0.70631737,0.679001,0.8109745,0.9762011,0.7799308,0.9,0.9,0.33140945,0.3508965,0.9622642,1.0,1.0,0.3508965,0.3508965,0.3169905,0.40134844,0.49321365,-0.011560505321309332,0.002198227311457762,-0.006206465198017692,-0.013846885266195543,0.0032921967402052294,0.0006816625744764953,0.004131294254607638,-0.010533634040702504,-0.007842248811766565,0.0,0.0,0.0,-0.006482720868206338,-0.011355658466207372,-0.004390858381785592,0.009995915455449558,-0.0016422435488279736
0.648625,0.6761084,0.8102086,0.9444444,0.70710516,0.6535715,0.9,0.5419978,0.56000805,0.9622642,1.0,1.0,0.56000805,0.56000805,0.5457406,0.6069041,0.47521362,-0.021660201271134785,0.0008539030024640828,-0.0057810322751185,-0.007600789647048938,0.0013317846109635102,-0.0074104586139531956,0.0040044112789960765,0.008330645661702586,0.00852076217557525,0.0,0.0,0.0,0.007561724315582085,0.009973886902587303,0.0019796428047690307,-0.010742583322092492,-0.0014668285186898284
0.6675645,0.73350906,0.79584855,0.9444444,0.9444444,0.70905876,0.6458051,0.7731743,0.7852245,0.9622642,1.0,1.0,0.7852245,0.7852245,0.73324054,0.7135708,0.63021374,-0.01973152334360581,0.0006954870973749771,-0.003856756964089258,-0.0031232902496377874,0.0001173574118416842,-0.005375842353389923,-0.01641430519229218,0.008719242866714464,0.002288717885421036,0.0,0.0,0.0,0.0007371243546703549,0.009815128004942686,0.00407837246406939,-0.0151628021510224,0.005707784997416152
0.9231587,0.9310345,0.11595845,0.11381107,0.11381107,0.9,0.9,0.2561152,0.27703825,0.9622642,1.0,1.0,0.27703825,0.27703825,0.2969905,0.3813485,0.36721364,0.03279025377404354,0.0037036744895848957,0.019786491089018306,0.04189937471315642,0.0015266165783699318,0.002279420476066168,0.002999311934495258,-0.004300350038579917,0.0001178996074662824,0.0,0.0,0.0,0.00029616888439868127,-0.012492275180325323,-0.003851996913453618,0.0034864652203521664,-0.006018116700219407
0.77997696,0.5261927,0.48290288,0.9444444,0.47396025,0.508653,0.9,0.42788002,0.44411457,0.9622642,1.0,1.0,0.44411457,0.44411457,0.5944905,0.5135708,0.39321366,0.01460276830743565,-0.0037252529512818576,0.012750561341701968,-0.008011258829794747,-0.0029289426404672603,-0.010170045939028287,0.003543189675828574,0.00017864282744406573,0.0025208941982793427,0.0,0.0,0.0,0.001869482071192977,0.0003477763995816136,0.002652431641556113,-0.0024656015452141854,-0.007433160978903236
0.613427,0.6102719,0.88286614,0.9762011,0.9762011,0.9,0.9,0.65788025,0.67338836,0.9622642,1.0,1.0,0.67338836,0.67338836,0.59449047,0.5424596,0.6442136,-0.03190988823767684,-0.0022920748218504027,-0.009734051622153487,-0.0050501019810005,-0.0012759540766557982,0.0013418215575998144,0.004089694185613058,0.009554272959944604,0.008179102790075407,0.0,0.0,0.0,0.004576647490699435,0.012164970315596864,0.002814841190036119,-0.004237507438061722,0.008628633455227928
0.9231587,0.9310345,0.2589404,0.2541452,0.2541452,0.9,0.9,0.56435066,0.5785881,0.9622642,1.0,1.0,0.5785881,0.5785881,0.46949053,0.7035707,0.5122137,0.032345752214933014,0.0038645737429269162,0.016049236054574277,0.018359701433435318,0.0032709268092257658,0.003847039483350204,0.003860123042897912,0.0035802389025896553,0.0031491413363049746,0.0,0.0,0.0,0.0023186536497347317,0.005419818627295275,-0.0004346471376024685,-0.00910081052262896,0.0007704814651798664
0.8489164,0.78252,0.84639025,0.96959347,0.7925869,0.9,0.9,0.6131742,0.6229876,0.9622642,1.0,1.0,0.6229876,0.6229876,0.63699055,0.5291263,0.5952137,0.021816073837318584,0.0025640079239331506,-0.006323270310020402,-0.0038165261233333568,0.0006180409147372213,0.001742348814678778,0.005599267985014989,0.008953855299165994,0.007046950326687145,0.0,0.0,0.0,0.005576773215030382,0.009686193418771914,0.0022720900687722406,-0.0030339325465319656,0.004574273482104623
0.87939423,0.7579439,0.7773569,0.915114,0.9444444,0.9,0.79526514,0.75199777,0.7655901,0.9622642,1.0,1.0,0.7655901,0.7655901,0.48574048,0.7080152,0.7562136,0.025370960349725122,0.002459275233606006,-0.0025618209997274356,-0.000996153624784091,0.001279779278960671,0.001470773230167398,-0.002008539380772585,0.006869795691130769,0.0032364779701812103,0.0,0.0,0.0,0.0004799192334231431,0.008930021464027812,0.0008562489576646795,-0.01283245122061516,0.01024418048845544
0.87881154,0.33478084,0.908287,0.89146686,0.8944163,0.9,0.9,0.7984684,0.8089616,0.9622642,1.0,1.0,0.8089616,0.8089616,0.6482405,0.6435707,0.70521367,0.020381608645977017,-0.009304652530347596,-0.011240525372701093,-0.0014578132341660248,0.0018202641897323319,0.002589962706992834,0.00499787295967464,0.0031276677634404005,-0.0002682320549208981,0.0,0.0,0.0,-0.0014151564607530745,0.007177676361528435,0.0028452421502432007,-0.007136887560741969,0.0066929199759870085
0.8953616,0.82111806,0.7375209,0.8278078,0.8683477,0.9,0.9,0.5761153,0.59712285,0.9622642,1.0,1.0,0.59712285,0.59712285,0.35199058,0.78357077,0.49621361,0.0302532211863902,0.003145925771576094,-0.00251648322667141,0.0004577662138349973,0.0005748537660128167,0.0015046686360250259,0.005993881987768016,0.006408695518908659,0.005436752886530853,0.0,0.0,0.0,0.004313438570672669,0.007198353209952502,-0.0026886371439225586,-0.01991023818218646,-0.00033412814533720597
0.9231587,0.9310345,0.25825176,0.25346932,0.25346932,0.9,0.9,0.5643506,0.57505524,0.9622642,1.0,1.0,0.57505524,0.57505524,0.3019905,0.5369041,0.71021366,0.029591284493600076,0.0033901984422749134,0.015005721315164169,0.015854651877123788,0.00410555145204469,0.002961635651310503,0.003828298339041774,0.003257905902385816,0.003658959770739169,0.0,0.0,0.0,0.002877211442934039,0.004572427702262573,-0.006331274416232593,-0.0003862810536036107,0.00610684428005798
0.6104548,0.7104368,0.72851044,0.9928678,0.92096955,0.9,0.9,0.4202331,0.42601392,0.9622642,1.0,1.0,0.42601392,0.42601392,0.3169905,0.65912634,0.39421368,-0.04688486868404149,0.0016553450565140538,-0.0003871915770237998,-0.017095454889512297,-0.0011444920581555563,0.00022823280839863938,0.0032571998052256267,-0.003399608408923619,-0.0004206965541284536,0.0,0.0,0.0,-0.0004240308891126858,-0.005144703441089337,-0.004418552656036448,-0.014088997556564474,-0.012015565006677888
0.9231587,0.9310345,0.22474536,0.22058341,0.22058341,0.9,0.9,0.50611544,0.5146165,0.9622642,1.0,1.0,0.5146165,0.5146165,0.68949056,0.5113485,0.44321355,0.026256905889464933,0.0032213808658703587,0.014367766247292656,0.017338907714577124,0.004209264675836422,0.0017668434859014045,0.0048038225852502035,0.0035806854313518367,0.004929236624395062,0.0,0.0,0.0,0.00439444375550056,0.003336409962785502,0.005322407442080749,-9.892746479586302e-05,-0.0013351861807064476
0.6870866,0.2483565,0.85637504,0.9444444,0.915114,0.79684675,0.9,0.420233,0.43949628,0.9622642,1.0,1.0,0.43949628,0.43949628,0.45074052,0.4191263,0.5952136,-0.017489293444595145,-0.02960479554173739,-0.007663537103438014,-0.005794941632296464,0.0003166643042464118,-0.00028606846718019953,0.002778618981128037,-0.0001068705125451204,0.002241394479577466,0.0,0.0,0.0,0.0024611545865013736,-0.002016922556300668,0.0005962218425078161,0.007831135636039517,0.006871716599303167
0.9231587,0.9310345,0.17110813,0.16793945,0.16793945,0.9,0.9,0.40376225,0.41979152,0.9622642,1.0,1.0,0.41979152,0.41979152,0.5132405,0.49134848,0.37721366,0.03256771594656171,0.005292399735957279,0.01701449914187742,0.02861836188388375,0.004489378802592406,0.0025156717418075665,0.0035702034968815096,0.0026856616508083124,0.005083811211429799,0.0,0.0,0.0,0.004380657828048274,0.0006350862234420908,0.0009338553929769716,-0.0007980275491738145,-0.003995258263927173
0.7246741,0.6298286,0.9188803,0.9444444,0.9444444,0.6097455,0.5968767,0.25905666,0.277711,0.9622642,1.0,1.0,0.277711,0.277711,0.42574054,0.18579282,0.55021363,-0.004956992383686274,0.0011428211540371685,-0.018505535480910777,-0.009749463006767746,-0.0010970333274156793,-0.007483571866128267,-0.012907509042570217,-0.012814270898526194,-0.01221404510009895,0.0,0.0,0.0,-0.008857589127977218,-0.018048307103019936,-0.0009581229160331735,0.024015364804702122,0.003627231295492987
0.8181472,0.73751277,0.74882144,0.9151263,0.9166222,0.9,0.9,0.55199766,0.5703185,0.9622642,1.0,1.0,0.5703185,0.5703185,0.41324055,0.68801516,0.50121367,0.01937646210906159,0.002355467053290676,-0.0027392572299564967,-0.0017358332823295033,0.0009299088674877749,0.0011764909373031581,0.005389766069208071,0.008088585872439717,0.00869082780134517,0.0,0.0,0.0,0.006588435391316697,0.00889628396501682,-0.0007290705562049761,-0.015568074906142,0.0009258825982920557
0.798625,0.727921,0.6641433,0.9444444,0.94465274,0.7568015,0.9,0.5814096,0.5970812,0.9622642,1.0,1.0,0.5970812,0.5970812,0.5932405,0.5391263,0.60721374,0.015246190720050044,0.0029573871096634004,0.002024104199463873,-0.0026903097871788044,0.0005440461055440496,-0.0020550031012666133,0.0050896048361411565,0.008039131109554877,0.008076776737280128,0.0,0.0,0.0,0.006427226466294962,0.010245045129525262,0.0031725944919056264,-0.004554786537125219,0.005969135496878964
0.9231587,0.9310345,0.41201892,0.40438893,0.40438893,0.9,0.9,0.78140956,0.7956736,0.9622642,1.0,1.0,0.7956736,0.7956736,0.63949054,0.6713485,0.7412137,0.0236059211613086,0.00430109017875912,0.010440654421382463,0.0075242057478659505,-0.0026105801082533463,0.0027154553797916476,0.004314283509840435,0.001933976961528332,-0.004875272592546222,0.0,0.0,0.0,-0.0031238039435929014,0.005798130695085336,0.0038412596960156796,-0.006644642223009029,0.004204564705794174
0.9231587,0.9310345,0.28225315,0.27702624,0.27702624,0.9,0.9,0.5719977,0.5858899,0.9622642,1.0,1.0,0.5858899,0.5858899,0.60824054,0.5335707,0.6242137,0.024895782407372165,0.003583492876878527,0.014911972788182548,0.01492980149193621,0.002225772683221045,0.00160330124858151,0.004563245390840823,0.004021396204123997,0.0037746800219830823,0.0,0.0,0.0,0.002814303932862106,0.006400033267325729,0.0029186797219356354,-0.0014928647886350605,0.003886202248477315
0.9231587,0.9310345,0.3307143,0.32458997,0.32458997,0.9,0.9,0.627292,0.6390206,0.9622642,1.0,1.0,0.6390206,0.6390206,0.33699048,0.6691263,0.7222137,0.028340257120629708,0.003120659057937777,0.012397042623775249,0.011810204698754958,0.0006898372336343839,0.0030778822222025126,0.003299260039066738,0.0042169032021332886,0.0022905521273792946,0.0,0.0,0.0,0.0018228019126742944,0.006869163559726665,-0.004633753453787389,-0.006100907601591038,0.0065121220375127156
0.7791029,0.7587217,0.871541,0.9928678,0.9444444,0.9,0.653851,0.5261153,0.54464334,0.9622642,1.0,1.0,0.54464334,0.54464334,0.5869906,0.4824596,0.50121367,0.004904918606141351,0.002463758876593427,-0.008655195424931877,-0.007150883180440481,0.0004972047361694673,0.0014691807588094808,-0.015277632266338308,0.0054060892735175855,0.007064592492415435,0.0,0.0,0.0,0.005486969730757563,0.006174877435714444,0.0019097183043241637,0.0010101236858046044,-6.289106823310305e-05
0.9231587,0.9310345,0.18169527,0.17833054,0.17833054,0.9,0.9,0.44199777,0.45804614,0.9622642,1.0,1.0,0.45804614,0.45804614,0.58449054,0.276904,0.5782137,0.027063809494104682,0.004023439872357083,0.01567168848861402,0.01997863795309574,0.0043091738681504885,0.0015695886671709461,0.003731987475949671,0.003571968040763708,0.004613302881142764,0.0,0.0,0.0,0.004638181914621834,0.0007244141377306132,0.002898167823740642,0.0049931542892995475,0.0025997836956265486
0.8832404,0.76499677,0.49152967,0.9444444,0.48242727,0.7394969,0.9,0.6143506,0.627916,0.9622642,1.0,1.0,0.627916,0.627916,0.5869906,0.5080151,0.66021365,0.02343046706069027,0.003070747003684975,0.006860700699643996,-0.002346979492112129,-0.0012848731147753012,-0.004480125616498084,0.005843087597464918,0.005716403753266554,0.004566482353282447,0.0,0.0,0.0,0.0042774392422788065,0.007371914692006309,0.0028290690340197072,-0.0005901782161043273,0.0059839254951855525
0.9231587,0.9310345,0.2400524,0.23560698,0.23560698,0.9,0.9,0.5037624,0.52358454,0.9622642,1.0,1.0,0.52358454,0.52358454,0.38699055,0.5424596,0.58521354,0.02905986619466632,0.0029034945714757378,0.01658291593220405,0.01750172478730936,0.0045840819251617175,0.003065259455295657,0.0036854391076596303,0.0036333245959593785,0.005149413357802897,0.0,0.0,0.0,0.00411811136882797,0.0037935836358484088,-0.00290081300039126,-0.001177592902187162,0.0029017409796755133
0.83737797,0.7273349,0.5576791,0.9444444,0.9762011,0.7030904,0.9,0.2672919,0.29021898,0.9622642,1.0,1.0,0.29021898,0.29021898,0.3969906,0.5291263,0.23921366,0.026319064702802077,0.0034066391033722885,0.008792738012663552,-0.010097098334157189,-0.0042779070379209486,-0.0009278341061662222,0.002710544689248961,-0.013756682812533467,-0.012856101026773195,0.0,0.0,0.0,-0.009634267572845627,-0.019033292626018394,-0.0015836937337471463,-0.002765044719571821,-0.029177646679272886
0.5021799,0.57181466,0.8776266,0.9444444,0.82597536,0.55275416,0.9,0.39670348,0.41340926,0.9622642,1.0,1.0,0.41340926,0.41340926,0.39324057,0.53023744,0.44621363,-0.07937224130490021,-0.003957723800557661,-0.012239279605264436,-0.010398755903955989,0.002511072732821782,-0.010889884215212326,0.002218182420109452,-0.0037353569762282476,-0.0011311094141401483,0.0,0.0,0.0,-0.0014048485058042377,-0.005527422520412092,-0.0024278151071739896,-0.0019618743162184956,-0.005526157040108829
0.9231587,0.9310345,0.0854326,0.08385051,0.08385051,0.9,0.9,0.24376252,0.26199558,0.9622642,1.0,1.0,0.26199558,0.26199558,0.40699053,0.18357065,0.50121367,0.03213273830377685,0.0041613377376519215,0.016449070314502746,0.03664517475602828,0.002696611964059379,0.0022894358294505163,0.0026915594124159842,-0.002671549695020251,0.000172501382561563,0.0,0.0,0.0,0.000899197912509144,-0.012722422943538059,-0.001834998122506509,0.00843183738179147,0.0004764245782003479
0.77583945,0.7594976,0.8092712,0.8254545,0.9928678,0.9,0.9,0.6467036,0.6582543,0.9622642,1.0,1.0,0.6582543,0.6582543,0.5069906,0.6535708,0.5952137,0.003450814656594836,0.0020249052892578894,-0.005683014077796252,-0.00016576293497391336,0.000504206119608038,0.0021362732789021012,0.0035467636534208813,0.005490516858741932,0.002896838351310005,0.0,0.0,0.0,0.0017618267633752905,0.006547905810005943,0.0006004123461311674,-0.009016035724883185,0.003379002692015051
0.7258395,0.71064264,0.8102763,0.7952712,0.8819039,0.9,0.9,0.4337626,0.44005167,0.9622642,1.0,1.0,0.44005167,0.44005167,0.49324054,0.4224596,0.49021357,-0.0031796223646981025,0.0025701493178137214,-0.005241191847999011,0.0038191268766028796,-4.6271216012894256e-05,6.670378041674294e-05,0.004419162345641332,-0.00028360619203276956,0.0025017920917202664,0.0,0.0,0.0,0.0026297289429305587,-0.002191070141063274,0.0006472499082854136,0.00698451512284739,-0.0013703281230122843
0.016690351,0.3402746,0.9383463,0.9444444,0.9444444,0.40975717,0.3289321,0.49199766,0.50913405,0.9622642,1.0,1.0,0.50913405,0.50913405,0.48199058,0.46245956,0.5452136,-0.25525466585710754,-0.024354787262640284,-0.014750541798026047,-0.01233425658511369,-0.0059119769369354765,-0.00880092302716549,-0.03149092100260453,0.005025358320119469,0.0069035678884215345,0.0,0.0,0.0,0.00505705121177552,0.006800060596588374,0.0008032665647498434,0.0010840539439401563,0.0038103114321675342
0.66727316,0.47531942,0.8358025,0.9444444,0.9166222,0.7049376,0.9,0.4525861,0.47351465,0.9622642,1.0,1.0,0.47351465,0.47351465,0.61824054,0.39134842,0.45221367,-0.021272481526269437,-0.00995780560327346,-0.006392028637149152,-0.0074865524964927745,-0.0003854046604263408,-0.00293644228233651,0.002757728168799223,0.003273774542590937,0.006673507745771286,0.0,0.0,0.0,0.006092648502302444,0.003865806106753669,0.004065513801103367,0.009439581001633899,-0.00434233950022011
0.8873779,0.81320137,0.7811318,0.7666664,0.9762011,0.9,0.9,0.3690567,0.3885334,0.9622642,1.0,1.0,0.3885334,0.3885334,0.5682405,0.42023733,0.3582136,0.03429908676827196,0.00425501034698898,-0.003992499607167619,0.005059111250554671,-0.0030929902668959232,0.0005738315252566989,0.004534125238742593,-0.002536708872213459,0.0018344767200392164,0.0,0.0,0.0,0.0011217713573513288,-0.004333818519326959,0.0019312578443971234,0.004748390499714525,-0.009775967567358872
0.9231587,0.9310345,0.5015716,0.49228325,0.49228325,0.9,0.9,0.89611536,0.9004666,0.9622642,1.0,1.0,0.9004666,0.9004666,0.61574054,0.8669041,0.69621366,0.026336608557813314,0.004097153783579145,0.006215984909292485,0.0051893890277443,-0.001975470630315941,0.0020720877370925027,0.003726219847102474,0.004985802439007761,-0.005400625012849127,0.0,0.0,0.0,-0.0010674547736177415,0.009808857554965203,0.00294447894135697,-0.016937575592432218,0.004961308958182284
0.89093274,0.65530735,0.8120381,0.9444444,0.92811567,0.73261297,0.9,0.6884684,0.69409484,0.9622642,1.0,1.0,0.69409484,0.69409484,0.4469905,0.74690413,0.7182137,0.023377147913806646,-4.3911139395206925e-05,-0.005204866883465303,-0.0022197251976094814,0.001213909303745598,-0.00581032981975441,0.007831616062217737,0.0037911074027834053,0.0015636475470465242,0.0,0.0,0.0,-0.00020345541447789952,0.00581034527828359,-0.0004885752806996229,-0.01406996277992901,0.006829563162857255
0.89151543,0.89943874,0.57505566,0.9444444,0.56440645,0.8694574,0.9,0.8490566,0.8613221,0.9622642,1.0,1.0,0.8613221,0.8613221,0.7769906,0.6691263,0.75821364,0.031381787888701725,0.007087860071120056,0.005981131003480891,-0.0023458543088108632,-0.0007400101783622173,0.0018105413654697661,0.005547065251488871,0.004717736689119309,-0.0007601455539630236,0.0,0.0,0.0,0.0006662438731193793,0.009775996971537295,0.005714546658522208,-0.009299512434783427,0.007946850761040404
0.6406414,0.25748608,0.80741006,0.9444444,0.9444444,0.787427,0.24890321,0.5719977,0.5887633,0.9622642,1.0,1.0,0.5887633,0.5887633,0.38324058,0.47245958,0.6932137,-0.03202325501097941,-0.015522455116354679,-0.005086715594158841,-0.006085834783116002,-0.0017552294767276611,-0.0015246705783487748,-0.060774465427893304,0.00535469545984625,0.00516309432606402,0.0,0.0,0.0,0.0031765051829715295,0.006297366218884375,-0.001854654414806913,0.003293175228026276,0.00880347415640711
0.9231587,0.9310345,0.18752109,0.18404847,0.18404847,0.9,0.9,0.3555272,0.36868945,0.9622642,1.0,1.0,0.36868945,0.36868945,0.4844905,0.2324596,0.6202137,0.0290263922176163,0.0028877356275820746,0.01652397316576998,0.021735065749112662,0.005191609270206411,0.0020105781168615624,0.004384159888828861,0.001642979675190672,0.00298933853439552,0.0,0.0,0.0,0.0034356318564922094,-0.0045475805117416255,0.0001653596073902332,0.005243444919929979,0.004087776107704011
0.55631727,0.2992506,0.8092461,0.9444444,0.9444444,0.9034291,0.2892756,0.667292,0.6842153,0.9622642,1.0,1.0,0.6842153,0.6842153,0.64449054,0.5780152,0.5602137,-0.05274945453597804,-0.014046838319987907,-0.003677821472046985,-0.005544888579878623,-0.002764735257429992,0.0006436230807466921,-0.05324093042196534,0.011779578809439178,0.0068668629375031294,0.0,0.0,0.0,0.0020425040936308263,0.011902127935645315,0.003935777650724675,-0.006443278504382612,0.003573770829526106
0.66785586,0.8096712,0.85488623,0.9330076,0.9444444,0.9,0.957162,0.16846825,0.19264027,0.9622642,1.0,1.0,0.19264027,0.19264027,0.41449052,0.36468178,0.23921366,-0.029542398029954064,0.005673546895871842,-0.012130757125419962,-0.013642168543499018,-0.004301061995741856,-0.00010153517027491291,0.0034094354807946868,-0.027904677248249885,-0.028522251544784143,0.0,0.0,0.0,-0.022053776565268923,-0.03343588572921225,-0.0013341067414144308,0.011131926221545676,-0.031584943788160305
0.87170196,0.27573168,0.5673551,0.9444444,0.5568485,0.26654062,0.9,0.39435062,0.41399565,0.9622642,1.0,1.0,0.41399565,0.41399565,0.3757406,0.5135708,0.44621363,0.0280159163053084,-0.016272342851538314,0.008867269561622829,-0.007103466783781226,0.0020971652975563834,-0.037033703970546845,0.0034681785229339775,-8.414298798340374e-05,0.0027477141924100255,0.0,0.0,0.0,0.0018153566428325365,-0.0020202714312875535,-0.00244933747014929,-0.0014921527969144152,-0.0037785025644204366
0.6101635,0.57219946,0.69012254,0.94615734,0.9762011,0.9,0.9,0.26258582,0.2789444,0.9622642,1.0,1.0,0.2789444,0.2789444,0.2607404,0.32579294,0.5112136,-0.04681236365026751,-0.004934685034665593,0.0018417631015204083,-0.01250888208210675,-0.0042454679683120765,-3.3911380739882236e-05,0.0027465019101488956,-0.013604783817203571,-0.01563911846791608,0.0,0.0,0.0,-0.012069364277618651,-0.019667318715602813,-0.008164750221305868,0.015444749811185075,0.0010856611749099673
0.86843854,0.8409027,0.7474227,0.9928678,0.7467622,0.9,0.9,0.64964473,0.64932054,0.9622642,1.0,1.0,0.64932054,0.64932054,0.5032405,0.46912628,0.74221367,0.025206583490270443,0.004068118363404177,-0.0005601570938708755,-0.0030719652526036583,0.0008635277182236976,0.0018987996987133644,0.007725948295821716,0.006510799168476439,0.004755536736090066,0.0,0.0,0.0,0.004069641877303372,0.007865572451161724,0.0011387722140291515,0.0014771359380895443,0.008681410778374199
0.6066087,0.7409425,0.7390362,0.90442353,0.9444444,0.9,0.7162444,0.46670374,0.48204437,0.9622642,1.0,1.0,0.48204437,0.48204437,0.68574053,0.25245965,0.5452136,-0.03888922519297702,0.003342869610331849,-0.0011028454888148168,-0.0038987683528762824,-0.0020391789392030933,0.0004972233574174822,-0.008222648438665632,0.0031485326780749633,0.006040053610304051,0.0,0.0,0.0,0.005373885922816806,0.00357214088649072,0.003459193011433936,0.017026560553522686,0.0034458721194677716
0.92170197,0.807655,0.9112921,0.8944163,0.9166222,0.9,0.9,0.5796448,0.5938645,0.9622642,1.0,1.0,0.5938645,0.5938645,0.69199055,0.58912635,0.44621363,0.03235940532501048,0.0029720961883352597,-0.01418690874141507,-0.0015117989835792922,0.0003042721908023492,0.0012323538157706607,0.00489267699827,0.007474356627944205,0.006633574584125188,0.0,0.0,0.0,0.005385178989289497,0.008584438026448593,0.0034031325485306884,-0.006830951545832431,-0.0021119366986819994
0.8447789,0.6304661,0.8340953,0.9444444,0.86468667,0.6094506,0.9,0.58905655,0.60784596,0.9622642,1.0,1.0,0.60784596,0.60784596,0.40824062,0.60690415,0.6182137,0.02265578642300067,0.0008604221617513541,-0.00644983053348533,-0.0019337044717715034,0.0007695781489617552,-0.010669847623773775,0.005706247659479347,0.00583920795308675,0.00555233659657,0.0,0.0,0.0,0.003971162370121506,0.007153323562177341,-0.0023077862147134814,-0.007835520314789712,0.005231490626153932
0.6101635,0.22620808,0.91294676,0.9444444,0.9444444,0.51692116,0.2186678,0.3937626,0.40948772,0.9622642,1.0,1.0,0.40948772,0.40948772,0.5244905,0.41912618,0.48521358,-0.03792030868703361,-0.021214066019339346,-0.013766955986414295,-0.007964089916313966,-0.0023550325667159398,-0.01083265100915334,-0.050612717836004656,-0.0014149971124283178,0.00225173120126152,0.0,0.0,0.0,0.0020526057745105923,-0.001878413644102111,0.00280053915028748,0.00585633084531805,-0.000896845002208917
0.6989164,0.7104368,0.8316747,0.8162733,0.9444444,0.9,0.7404855,0.52964467,0.54590833,0.9622642,1.0,1.0,0.54590833,0.54590833,0.6069905,0.40134853,0.58121365,-0.006029771555041799,0.0022427688596348707,-0.005312913086726945,0.002422177165498709,-0.00045087663011818854,0.0010247016084147355,-0.005374614602129682,0.00617234814823301,0.008353377354764952,0.0,0.0,0.0,0.006356214976093888,0.007446968136293428,0.0028195084640832025,0.005630237504673166,0.004312963509651823
0.75660866,0.7930764,0.7807439,0.9166222,0.77591777,0.9,0.9,0.4325861,0.4500193,0.9622642,1.0,1.0,0.4500193,0.4500193,0.45074052,0.35801518,0.6302137,0.0037091744554434447,0.0037908566177622203,-0.005021490038783731,-0.0051144232857300125,0.0013694640204826756,0.0014764295181275266,0.0043636108974592636,0.0008642952157413694,0.004190633298403183,0.0,0.0,0.0,0.0036798719205341527,0.0005463143473652801,-0.00044374964972964515,0.008366609779033187,0.006528567643581622
0.69804233,0.5787895,0.7959172,0.9444444,0.9444444,0.90037495,0.56947565,0.40964463,0.42948702,0.9622642,1.0,1.0,0.42948702,0.42948702,0.3582405,0.43579292,0.5452136,-0.013567624085517012,-0.0008925765346791018,-0.002826700550018796,-0.0067850496238748715,-0.002397992075753673,0.0015472085720052828,-0.018927744718515892,-0.00041666074260390227,0.0033485524196441734,0.0,0.0,0.0,0.00409279633084969,-0.00032439825938585827,-0.002057794281391258,0.005501809020453915,0.0035020699311266584
0.88766927,0.8243242,0.65947115,0.9444444,0.6420286,0.84992,0.9,0.49493903,0.51445377,0.9622642,1.0,1.0,0.51445377,0.51445377,0.4557405,0.54468185,0.4742136,0.029199117110121197,0.003424638938943512,0.0034335595889973523,-0.0026637636787565657,-0.001857012551764507,0.0008318634755765678,0.002965246411883256,0.007219837673229706,0.008751763172723089,0.0,0.0,0.0,0.007578244240548673,0.006698648172968078,0.0004233483196433914,-0.004521212118371071,-0.00023826207948441952
0.82613075,0.46301854,0.73057175,0.7170426,0.8551155,0.9,0.9,0.6243507,0.63744575,0.9622642,1.0,1.0,0.63744575,0.63744575,0.42574054,0.62245965,0.73821366,0.016560166145334565,-0.00513416021815217,-0.0017113070336900972,0.003916426841613695,0.0020014616844889954,0.0021829438969271915,0.004967122099825201,0.005605231490340395,0.005917255569942106,0.0,0.0,0.0,0.003605160414058932,0.008733867399865291,-0.0003986513962088769,-0.007942787612537631,0.010053966860014078
0.84891635,0.7096006,0.6716196,0.9444444,0.6591822,0.6859473,0.9,0.8490566,0.85680854,0.9622642,1.0,1.0,0.85680854,0.85680854,0.6894905,0.8246819,0.6532136,0.020502781872215024,0.0008349669704438749,0.0012437986477389952,-0.002854588649230948,0.0007815852711107032,-0.006400893461245677,0.004677003339259828,0.005799935473099559,0.0016730779446291171,0.0,0.0,0.0,-7.357706184996343e-05,0.010823536087518062,0.004726407738677571,-0.01994382014813134,0.0064434673182519175
0.7264222,0.6926649,0.8072227,0.9444444,0.7221301,0.84684366,0.9,0.22023302,0.2441082,0.9622642,1.0,1.0,0.2441082,0.2441082,0.46324056,0.36468187,0.29421368,-0.01072954861347508,0.001939027205958139,-0.009029724089139228,-0.013403063052169768,0.003064504358157997,0.00020076488818853848,0.002232860460112692,-0.022218651230150592,-0.02261856402938192,0.0,0.0,0.0,-0.01788236667378724,-0.026306224606821173,0.0005179097282825384,0.012566898470400217,-0.02148492298044039
0.5909327,0.5752477,0.7036031,0.9444444,0.88530415,0.5560728,0.9,0.104938954,0.12928437,0.9622642,1.0,1.0,0.12928437,0.12928437,0.2182405,0.21579286,0.4282136,-0.051363648435533545,-0.003954643595467004,8.263139961294644e-05,-0.0128109998817304,-0.0009585764561801746,-0.003848456265963315,0.0009221371643237326,-0.029620517815987724,-0.037655224513488246,0.0,0.0,0.0,-0.027585643878311385,-0.04415343451959587,-0.012823557153165245,0.022533705963814245,-0.010398687131562919
0.9107462,0.8243242,0.80966514,0.82579523,0.92365605,0.9,0.9,0.3308211,0.34712932,0.9622642,1.0,1.0,0.34712932,0.34712932,0.4032405,0.27912617,0.5162136,0.036685403488500405,0.0032956065547257124,-0.005426994222412471,0.002061248259521917,0.00021247793048867939,0.0009723120245402122,0.0036231170781318134,-0.003973468410176936,-0.0018354636913227667,0.0,0.0,0.0,-0.0014547821313762733,-0.006500130780112788,-0.0017652607287664136,0.010740050948361647,0.001346668105876358
0.85690004,0.37152508,0.733886,0.9444444,0.9444444,0.8194291,0.3591409,0.4884684,0.508507,0.9622642,1.0,1.0,0.508507,0.508507,0.5494906,0.6635707,0.37121361,0.021097505136325932,-0.010425682416385133,-0.00283692436796734,-0.007464730999632555,-0.0019203160106408131,-0.0004892079982379278,-0.04166226058191677,0.0035944905178870966,0.006470512693109654,0.0,0.0,0.0,0.00527817763223421,0.005580229314851546,0.00190747438428498,-0.013627397031793635,-0.00718504832595181
0.6489164,0.7104199,0.6089223,0.8942464,0.9444444,0.9,0.68673927,0.16023299,0.17993264,0.9622642,1.0,1.0,0.17993264,0.17993264,0.25949037,0.30801508,0.3492136,-0.03341401581310925,0.0009069267429098373,0.004961579082684523,-0.011915040920209174,-0.005237094583218205,0.00014072453822959162,-0.005287728082894449,-0.029975272071965767,-0.03208862811369065,0.0,0.0,0.0,-0.02493733054963447,-0.036327336875830715,-0.008234159153743276,0.01709866118102029,-0.01973287520961726
0.91400963,0.721409,0.8327063,0.9116092,0.9444444,0.9,0.9034291,0.65376234,0.6683083,0.9622642,1.0,1.0,0.6683083,0.6683083,0.6044905,0.6491263,0.5542137,0.03371686039154771,0.0019598285910737753,-0.006533239322291663,-0.0014980298391598398,0.0007128088043185525,0.00230887417910972,0.005018585050594203,0.006359822825840367,0.004587411019496199,0.0,0.0,0.0,0.0025449886797564237,0.008553908027522046,0.0022379227680124707,-0.008569115367173015,0.0022500426879311216
0.73708653,0.6401846,0.8048654,0.7899605,0.9444444,0.9,0.51626736,0.68964475,0.6966466,0.9622642,1.0,1.0,0.6966466,0.6966466,0.89074045,0.44579294,0.5622137,-0.009968722093091065,-0.001693719056117053,-0.005980913401205247,0.000731519130179811,-2.9753786987336655e-05,0.001577522495831931,-0.02687188074512471,0.006022269606120765,0.003900529600824772,0.0,0.0,0.0,0.0016138040667076125,0.007943184487771449,0.0035781347791787673,0.0036684288230140172,0.0028359800372190626
0.098042294,0.4305286,0.9185314,0.94615734,0.9928678,0.9,0.9,0.26435065,0.27989575,0.9622642,1.0,1.0,0.27989575,0.27989575,0.45074052,0.44690397,0.37921363,-0.24071944330666184,-0.015940342027790978,-0.01482431378011162,-0.015668329396784503,-0.00741416502606207,-0.00021837540470121032,0.002611029201837318,-0.018220371440830517,-0.01951805425890571,0.0,0.0,0.0,-0.013705336072602253,-0.0241965860257658,-0.0004196515732004819,0.006503057470182646,-0.015970021407731346
0.7299769,0.37226614,0.676974,0.7552124,0.7494264,0.9,0.9,0.2090564,0.2328113,0.9622642,1.0,1.0,0.2328113,0.2328113,0.14199054,0.26912627,0.4872136,-0.004981781359528399,-0.014646462470193253,0.001730314247019008,0.00524922993896718,0.0012514747612611449,5.117075704430679e-05,0.0016028657309188066,-0.014890438218440875,-0.019386529254229082,0.0,0.0,0.0,-0.014963488414150173,-0.02361465920752007,-0.011955170326759268,0.014488249406562993,1.4395427517359186e-05
0.89151543,0.8409027,0.76783335,0.7536142,0.9444444,0.9,0.8128726,0.44670364,0.46121246,0.9622642,1.0,1.0,0.46121246,0.46121246,0.5644905,0.565793,0.30921364,0.03953636010197627,0.004101046588352938,-0.0038024366254599917,0.006118598068958627,-0.0014561098414478566,0.0009273598252788534,0.0010064178112313817,0.0025842100218987363,0.007102229481126514,0.0,0.0,0.0,0.005839351400451314,0.0019027357106028999,0.0018912297581933277,-0.0051181821083681545,-0.012713572146680572
0.9231587,0.9310345,0.4179843,0.41024384,0.41024384,0.9,0.9,0.8172919,0.8251413,0.9622642,1.0,1.0,0.8251413,0.8251413,0.46324056,0.88023746,0.6742137,0.024500463796567784,0.004234588572598533,0.009440366420939861,0.007617784258184006,-0.002079120843372794,0.0019637923025025146,0.005422206316516368,0.0038785459982273,-0.004354169039782884,0.0,0.0,0.0,-0.002110653364583121,0.008080144875973272,-0.0006971728414209743,-0.01639630557463758,0.003927531422787422
0.8489164,0.7893743,0.79254144,0.8792324,0.9444444,0.9,0.68673927,0.6631742,0.6791372,0.9622642,1.0,1.0,0.6791372,0.6791372,0.6357405,0.63245964,0.6272137,0.021911930124870773,0.002673402354623871,-0.003171619771769419,-0.0015656321282248905,7.701793643204729e-05,0.0017748253397705301,-0.010984967136362444,0.007078251511681317,0.0043422040032517475,0.0,0.0,0.0,0.0028075969841080558,0.008824971852570574,0.003056061358845028,-0.00903063847669986,0.004870117778586779
0.8793943,0.8242123,0.7978022,0.9762011,0.9444444,0.9,0.84992,0.43788013,0.45908585,0.9622642,1.0,1.0,0.45908585,0.45908585,0.3019904,0.56912637,0.5352136,0.03302700378171568,0.002432132128097041,-0.004548707328609063,-0.00754847233276251,0.001321047641786622,0.002019110997593757,0.0010126468914610637,0.0019213649151619552,0.005706701486203547,0.0,0.0,0.0,0.004667074765254428,0.0025851082588588164,-0.004159089815200165,-0.005400589361935255,0.0030721491548036544
0.90217984,0.4549038,0.6900774,0.6772982,0.9444444,0.9,0.47993428,0.5843508,0.5896849,0.9622642,1.0,1.0,0.5896849,0.5896849,0.40699053,0.6191264,0.63721365,0.0358136103771577,-0.005247216977956801,0.0005918327325419576,0.004926196198959734,-0.0006569103302492909,0.0013088001709587794,-0.030411492718442505,0.005202884725331072,0.004604713144319768,0.0,0.0,0.0,0.0022117202578900005,0.006665885661155561,-0.0008792528961121434,-0.008173366539434648,0.006325365676646569
0.60247123,0.81457967,0.7921518,0.9762011,0.9444444,0.9,0.84992,0.440233,0.46127763,0.9622642,1.0,1.0,0.46127763,0.46127763,0.37074053,0.59357077,0.49621353,-0.045997873283750074,0.006776794847892354,-0.0035291868526273616,-0.01497698394460981,-0.0007414537528309991,0.0005952763644487256,0.0014288296300184028,-0.000806360991373927,0.0033699164568191473,0.0,0.0,0.0,0.0026924192438844354,0.0005200551439700574,-0.0017435559190695144,-0.009009214137882042,-0.0011806536104013792
0.7148836,0.47850427,0.6724901,0.91373944,0.6979018,0.9,0.9,0.47493878,0.48564184,0.9622642,1.0,1.0,0.48564184,0.48564184,0.44824052,0.43023744,0.5662137,-0.010958249264427643,-0.007665968518608703,0.0010791090190554848,-0.005446810598943284,0.0012726064293793451,0.0008981041529019429,0.0037857940168697503,0.002296185467426856,0.004923844958633134,0.0,0.0,0.0,0.004702427247412595,0.002402680610728419,0.00017681376028306196,0.005828792747670504,0.003132433843484256
0.6441962,0.46167153,0.87539285,0.9444444,0.76612556,0.44628248,0.9,0.580233,0.59721565,0.9622642,1.0,1.0,0.59721565,0.59721565,0.35199058,0.7369041,0.5452136,-0.028562877554443773,-0.008724269369679231,-0.0138497667663166,-0.007319847723129933,0.00123411437171669,-0.024630668324333974,0.0026949464690680007,0.00808986346935892,0.008854012460876085,0.0,0.0,0.0,0.007418186149251934,0.01124380385451497,-0.0041154723031145,-0.02172205641128193,0.00241728613187912
0.9231587,0.9310345,0.47580585,0.46699464,0.46699464,0.9,0.9,0.8767036,0.88617444,0.9622642,1.0,1.0,0.88617444,0.88617444,0.7969905,0.6880152,0.73821366,0.026195439445107764,0.0047677976803756,0.006892932068672385,0.006255740110802167,-0.001665271469488497,0.0024486449716577883,0.0037101170283899776,0.0035979033980052615,-0.004394547423432112,0.0,0.0,0.0,-0.002208826698706223,0.009803849021958261,0.00815796313219823,-0.008538839519499946,0.005646807096368125
0.8137183,0.6172263,0.88288647,0.9444444,0.8129072,0.7431204,0.9,0.32493895,0.34794936,0.9622642,1.0,1.0,0.34794936,0.34794936,0.32074046,0.54468185,0.3492136,0.015567423007018234,0.0002744731079331857,-0.01575527920235452,-0.012612589752331411,0.002938452265749764,-0.0028256718592191508,0.002615525467112736,-0.009561605820433089,-0.006028294801301328,0.0,0.0,0.0,-0.00570197108527371,-0.011361892460087843,-0.004220237489583723,-0.0035622885497401773,-0.013800679007357803
0.42141065,0.58905387,0.78110105,0.9463495,0.9928678,0.9,0.9,0.32964483,0.34737962,0.9622642,1.0,1.0,0.34737962,0.34737962,0.31449044,0.41134855,0.42621365,-0.120605899879796,-0.005863248663309053,-0.004208163323251598,-0.014965236967025376,-0.0063940464625149825,0.0002042676292587322,0.0021975897844381674,-0.012923630241242066,-0.012961575326945035,0.0,0.0,0.0,-0.009458834439422715,-0.01689044332409153,-0.006268815457460081,0.011115710754923028,-0.011658961273476886
0.8258395,0.7272295,0.8337121,0.92096955,0.7831919,0.9,0.9,0.6390568,0.6555871,0.9622642,1.0,1.0,0.6555871,0.6555871,0.54324055,0.7369041,0.51721364,0.02195762161397022,0.0027686995962717354,-0.007058772113860623,-0.0019468231660833158,0.001011241471775161,0.0022967114716624317,0.006920384683649402,0.00996937748550975,0.007369551624945843,0.0,0.0,0.0,0.005677344667683296,0.011422824838625133,0.0015655286581015987,-0.01876825066342581,0.00174679274569295
0.5944876,0.65507257,0.8718437,0.9444444,0.9444444,0.6332368,0.7029885,0.2749389,0.29691207,0.9622642,1.0,1.0,0.29691207,0.29691207,0.3019905,0.34579298,0.5162136,-0.04776844302258637,0.0009086198638411906,-0.011713279046092094,-0.011864803249395308,-0.00038324789023047313,-0.0034324466490170003,-0.0060495946808851305,-0.012897434366368818,-0.012086544498034597,0.0,0.0,0.0,-0.009627842734762223,-0.016193161555011895,-0.007155877395329116,0.01304120783068185,0.0005034339691416346
0.7370866,0.6720485,0.6770726,0.9444444,0.8157185,0.734181,0.9,0.5637624,0.57413816,0.9622642,1.0,1.0,0.57413816,0.57413816,0.44449055,0.50023746,0.7302137,-0.0017947538277996156,0.000528636760677081,0.0020657268767094684,-0.002994423807735488,0.0011778818522213401,-0.0037087903856251993,0.004566396412223363,0.007483706064769689,0.007553812333431057,0.0,0.0,0.0,0.005936519805656464,0.008434458855583532,0.00010732537025470598,-0.0017505219322335346,0.010593310569308245
0.8291028,0.638024,0.8019442,0.94615734,0.7517442,0.9,0.9,0.5496448,0.565729,0.9622642,1.0,1.0,0.565729,0.565729,0.5632405,0.5735707,0.49421367,0.02786278794426427,0.0010423515852591016,-0.004257650045172573,-0.0029116408763374922,0.0012063882089897269,0.0016472122425475536,0.00607064237693965,0.006787682877711818,0.007436624685753373,0.0,0.0,0.0,0.0062699503823248305,0.0074162924828293465,0.0011003196067439953,-0.005537965305535923,-0.0005829636635266314
0.8799769,0.47557443,0.7738058,0.9444444,0.86723876,0.9034291,0.9,0.4772918,0.48939458,0.9622642,1.0,1.0,0.48939458,0.48939458,0.46949053,0.6180152,0.4912137,0.037403154588674756,-0.00824796016264186,-0.002503002445414747,-0.005874603164705161,0.001634099513771896,0.0011905220135188235,0.003779071117368037,0.004019138964715852,0.0063476086066453965,0.0,0.0,0.0,0.005144083877008919,0.004549528285473806,0.0007189036191983969,-0.012024759669115181,-0.00018940861293989268
0.6598722,0.11589488,0.90140337,0.9444444,0.94615734,0.7400306,0.9,0.26670367,0.2855725,0.9622642,1.0,1.0,0.2855725,0.2855725,0.30324054,0.29690403,0.52221364,-0.032880110084280385,-0.038229045522127796,-0.012472895433422964,-0.01296710086779635,-0.0038853282796182313,0.00034636591470421494,0.0027535747614462654,-0.011170392074299262,-0.015290629923211028,0.0,0.0,0.0,-0.010327967161696283,-0.020947408387379678,-0.005921127667808127,0.016421188969339088,0.0007087921798279294
0.8563174,0.8306025,0.9115665,0.8946856,0.94615734,0.9,0.9,0.8261154,0.83764863,0.9622642,1.0,1.0,0.83764863,0.83764863,0.69199055,0.67801523,0.7452137,0.019942042300946535,0.0036934145012349627,-0.010127803225676801,-0.0010571117584213493,0.0018028821887026937,0.0020877252154976257,0.00510542577775722,0.006008063104277515,0.001495522596645746,0.0,0.0,0.0,0.0001106587126998182,0.01031064768889437,0.004303946138674867,-0.01052212881889326,0.00862471912387192
0.82671344,0.61783975,0.7269514,0.71348935,0.7495616,0.9,0.9,0.48435077,0.50033736,0.9622642,1.0,1.0,0.50033736,0.50033736,0.38324058,0.5046819,0.55421364,0.019119194277995494,-0.00024612867476781484,-0.0014238648634124725,0.006280728014510597,0.0011749131125204813,0.002259060273683842,0.003383536764564852,0.0034268158010719134,0.005697608521806247,0.0,0.0,0.0,0.004678949527182819,0.0035306075652853488,-0.0019029582719993026,-3.895485382065855e-05,0.002735459896833467
0.20899811,0.30389178,0.8380958,0.82257545,0.9444444,0.9,0.25892848,0.5396448,0.55692554,0.9622642,1.0,1.0,0.55692554,0.55692554,0.44449055,0.475793,0.6442137,-0.1685802671673072,-0.019741047001711712,-0.005420187052083774,-0.0013899244790116258,-0.007756667163209492,0.00043794982273725607,-0.050981254162911806,0.004614584628275354,0.0065103334630999595,0.0,0.0,0.0,0.005020112866024518,0.007915200100697132,0.00026903980791197896,0.0027971098207560854,0.00832583250002009
0.9101635,0.68238485,0.7128451,0.9444444,0.9444444,0.7129734,0.65963864,0.59082144,0.60712534,0.9622642,1.0,1.0,0.60712534,0.60712534,0.52574056,0.6380152,0.4322136,0.028558548218323355,0.0007860595825408073,0.0003006026635827218,-0.00175633875326908,-0.00047682361679549876,-0.004662880709123171,-0.014004352223894765,0.006379198115110427,0.004037286863036424,0.0,0.0,0.0,0.0028553080328047402,0.007472460551173287,0.0017171425760691102,-0.009571069524319116,-0.003223421622266179
0.9231587,0.9310345,0.23051347,0.2262447,0.2262447,0.9,0.9,0.44788003,0.46127388,0.9622642,1.0,1.0,0.46127388,0.46127388,0.43949056,0.6102374,0.38821363,0.030290213992169118,0.0023378920310472484,0.018494197898610662,0.023558384333481498,0.0047636852581381525,0.0014095159178264321,0.004084680344988944,0.004671640255260718,0.007223349664292155,0.0,0.0,0.0,0.006048605856780763,0.002740257658819102,-0.0006048011734775791,-0.005402822791037828,-0.0035305065225905985
0.8415154,0.8209112,0.65406203,0.9444444,0.6810339,0.84684366,0.9,0.32788017,0.3507728,0.9622642,1.0,1.0,0.3507728,0.3507728,0.2594905,0.40245956,0.5512136,0.0266474655548512,0.004426061491303726,0.003795752533446215,-0.009370176864440732,0.0009050668715972375,0.000663477978264778,0.004652053676846679,-0.008832799762621572,-0.0018926997140073867,0.0,0.0,0.0,-0.0024972249496911995,-0.008208359079946782,-0.006303059259216938,0.008411353244199535,0.0020419750565680668
0.7140097,0.6477414,0.74695647,0.9444444,0.81452096,0.7610417,0.9,0.29729182,0.31348318,0.9622642,1.0,1.0,0.31348318,0.31348318,0.3644905,0.18357076,0.57721364,-0.008625560282700269,0.0010076663378239114,-0.0017482106263695162,-0.009243194939628635,0.0019925288200326133,4.039630728222589e-06,0.0018668250508292968,-0.01077302699098019,-0.011498689465877083,0.0,0.0,0.0,-0.010738444874946605,-0.01655391268163572,-0.0032581578190061834,0.022972566457258238,0.004713478999485604
0.9231587,0.9310345,0.33993322,0.33363816,0.33363816,0.9,0.9,0.6878802,0.69823015,0.9622642,1.0,1.0,0.69823015,0.69823015,0.5882405,0.6069041,0.67921364,0.027200492496722753,0.003963986940711087,0.012877500981124144,0.011900481968556286,0.0011705284892921733,0.001679132976273281,0.00482480407246871,0.004681965260217625,0.0021741243558003305,0.0,0.0,0.0,0.0007820538467164962,0.008933157492335184,0.00290496476408695,-0.004557674174714515,0.005306533392549032
0.89151543,0.89943874,0.48844194,0.9444444,0.47939673,0.8694574,0.9,0.71435076,0.725063,0.9622642,1.0,1.0,0.725063,0.725063,0.63699055,0.5391263,0.74921364,0.020406016362888208,0.004819554645737118,0.006735628949628993,-0.0026885697682253623,-0.0021161599741143966,0.0009420596309518805,0.005285807452598588,0.0054831386619713365,0.0025608164661096696,0.0,0.0,0.0,0.0032215910391783344,0.007824275481853162,0.0031961487604314693,-0.0023375206113651777,0.007081769592425532
0.8344058,0.61783975,0.59928876,0.887077,0.7213327,0.9,0.9,0.7690567,0.7797332,0.9622642,1.0,1.0,0.7797332,0.7797332,0.55199057,0.5624597,0.82221365,0.016183967260791972,-0.0011426167415039949,0.002399598303198083,-0.0016779820996734869,0.0010414386593099688,0.002794103066559571,0.004520930924649334,0.0036679517275390143,-4.61569881039528e-06,0.0,0.0,0.0,0.0005656537276317191,0.008257112189266056,0.001913669208565315,-0.003130682717817975,0.010331956026510906
0.88766927,0.82111806,0.7541636,0.7401976,0.9444444,0.9,0.7400306,0.43258598,0.4503596,0.9622642,1.0,1.0,0.4503596,0.4503596,0.5494905,0.36023733,0.58921367,0.0364272103522196,0.0033281500245766465,-0.0015542234876349493,0.005406915411836901,-0.0016512402728293503,0.0015835799747207174,-0.003862827407064494,0.002145893515974192,0.005543116307191582,0.0,0.0,0.0,0.0051412368892892555,0.0012552475379955796,0.002057856818221162,0.0068648858039596725,0.0044565885776587265
0.9231587,0.9310345,0.45801994,0.4495381,0.4495381,0.9,0.9,0.84376246,0.84824497,0.9622642,1.0,1.0,0.84824497,0.84824497,0.58699054,0.71912634,0.8222137,0.02520327727047858,0.004215481384596927,0.008293082166053367,0.0049603048686904265,-0.0024783396417262945,0.0028694393821636056,0.004872556958491429,0.001995930999379472,-0.006994613299626065,0.0,0.0,0.0,-0.0032298624988947437,0.006555694638162604,0.003319070171031414,-0.008883142413833577,0.007252193433479535
0.7329491,0.51685077,0.8013021,0.9444444,0.9762011,0.7392079,0.9,0.59140944,0.60777104,0.9622642,1.0,1.0,0.60777104,0.60777104,0.7032405,0.6435707,0.35121363,0.004327830058961384,-0.006265169936821212,-0.0046111354780079584,-0.003920196672243369,-0.0015751895332035259,-0.0011837861737242223,0.004251755779989569,0.009407710804283613,0.009645236658417026,0.0,0.0,0.0,0.0058597938239273815,0.012853420376618479,0.0032256466759628425,-0.014951883396805494,-0.01172714921591219
0.814301,0.9084271,0.4234721,0.9444444,0.41563,0.8781462,0.9,0.6567036,0.66620004,0.9622642,1.0,1.0,0.66620004,0.66620004,0.8532405,0.5680152,0.40021363,0.014739715354491418,0.007266718664279725,0.008127725810360673,-0.005344362848840962,-0.0025679543146203665,0.0005664056536528071,0.00673914775647049,0.010393021358499588,0.007031595255999332,0.0,0.0,0.0,0.006557847350852284,0.01036150879545835,0.0009696999069297395,-0.005271455262788129,-0.0037632246802451175
0.6832404,0.395927,0.7602708,0.9444444,0.8819039,0.957162,0.9,0.4237625,0.44484478,0.9622642,1.0,1.0,0.44484478,0.44484478,0.32074046,0.5235707,0.61121374,-0.019501556952792636,-0.014848607872202326,-0.0018751351775368058,-0.00937473230121287,0.0009483678831044228,0.00037682992654466106,0.002914464546251563,-9.530922543135839e-05,0.003180116425688312,0.0,0.0,0.0,0.0037092512520236487,-0.0007675094943374787,-0.002806587165277975,-0.0021434238899142605,0.00800737489450501
0.87968564,0.7770392,0.82055485,0.80535936,0.8405097,0.9,0.9,0.52905667,0.5479913,0.9622642,1.0,1.0,0.5479913,0.5479913,0.5169905,0.48023733,0.58021367,0.02308269755175713,0.003359847457209511,-0.006571029107464337,0.0017795498468820112,0.0007660799280602213,0.002973190054386736,0.004931228183133966,0.004897097280475665,0.006130096103096945,0.0,0.0,0.0,0.0051964650447201225,0.005595173268756725,0.0009354616863528917,0.0021001921798944963,0.004059500471675516
0.86045486,0.75950354,0.6890519,0.92096955,0.9444444,0.9,0.7341867,0.464939,0.47517866,0.9622642,1.0,1.0,0.47517866,0.47517866,0.56449056,0.45245966,0.5102137,0.02394041956467255,0.0026738259852652694,0.0004810232076371088,-0.003489959926784817,-0.0009729211929107079,0.0010629126238620584,-0.0070431748161432495,0.0019151743576582112,0.004349775964440843,0.0,0.0,0.0,0.003850492122010429,0.0012935942494925893,0.0013790251193303651,0.004710266742334412,0.0005591168158669055
0.56785583,0.627325,0.8262102,0.81091005,0.9677255,0.9,0.9,0.3319976,0.33778337,0.9622642,1.0,1.0,0.33778337,0.33778337,0.42074054,0.42134845,0.42621365,-0.061836317847647274,-0.0022246400376976215,-0.00629258438752995,0.001290919915985642,-0.004103763590885663,0.0011247759906056354,0.0020279022586283594,-0.008397114514033209,-0.010018445520100651,0.0,0.0,0.0,-0.00713368134339578,-0.013882312603759342,-0.001030490412860898,0.007506771003192583,-0.008369823746737287
0.8992077,0.83756226,0.6544705,0.7832243,0.9762011,0.9,0.9,0.3555271,0.37590048,0.9622642,1.0,1.0,0.37590048,0.37590048,0.24824047,0.39579296,0.5272137,0.032105679329289025,0.0028748734614087363,0.0021320121497037502,0.003048446846193636,-0.0027400430282061234,0.001885815198701669,0.004448023889017059,-0.0028416510056355647,0.0005140441988496558,0.0,0.0,0.0,-0.0002773193860242967,-0.005191143206928805,-0.009522023334771547,0.003372265644461787,0.0014186627115895687
0.7258395,0.6550562,0.81289905,0.8427449,0.82545376,0.9,0.9,0.25023302,0.27068263,0.9622642,1.0,1.0,0.27068263,0.27068263,0.29074037,0.32134852,0.59621364,-0.009040740411090794,4.845418628300728e-05,-0.007849924118407755,-0.0021405149683009707,0.0015699156267130053,-9.776957482011155e-05,0.0037464737074073967,-0.015053361787176804,-0.016940339311462615,0.0,0.0,0.0,-0.014397522070352614,-0.020684455729548044,-0.005629114954310411,0.0134440717571509,0.006746493554425728
0.91045487,0.7409425,0.8071466,0.79219943,0.9444444,0.9,0.76034963,0.48788026,0.50679284,0.9622642,1.0,1.0,0.50679284,0.50679284,0.40699047,0.406904,0.6292137,0.034288072780411766,0.002406992183464445,-0.0037537266853960327,0.002551244515677877,-0.0004519477467257732,0.0028406474255999823,-0.0034546646989984907,0.003968309496518606,0.005939484254073684,0.0,0.0,0.0,0.004848884424787302,0.004416718491897926,-0.0011868747743399735,0.004111813609929053,0.006559730557198396
0.9231587,0.9310345,0.26654172,0.26160577,0.26160577,0.9,0.9,0.5272918,0.54302865,0.9622642,1.0,1.0,0.54302865,0.54302865,0.60824054,0.5846819,0.38821363,0.0251143381212877,0.0019987820041025965,0.014653206281243092,0.016702490449488933,0.004333452532477965,0.0017441220355089348,0.003660619863749047,0.004721430017149786,0.00518612318620588,0.0,0.0,0.0,0.004384978231123862,0.005105764191012829,0.003592088943953738,-0.0035249414588696183,-0.0029708302343108488
0.23650391,0.71043587,0.85637504,0.9444444,0.9444444,0.6867547,0.6332368,0.17023289,0.19448324,0.9622642,1.0,1.0,0.19448324,0.19448324,0.25199044,0.45579284,0.27221364,-0.19336027182393462,0.0018914023619595011,-0.012825079304055735,-0.018215040199636885,-0.005744141927964469,0.002024469712367489,-0.00656287260796211,-0.030246429955314715,-0.030750408212412685,0.0,0.0,0.0,-0.02230711604569883,-0.034099420307091274,-0.011038864215719923,0.004140995017081739,-0.028006046754868095
0.9231587,0.9310345,0.29614916,0.2906649,0.2906649,0.9,0.9,0.63376236,0.64071435,0.9622642,1.0,1.0,0.64071435,0.64071435,0.63949054,0.48357064,0.6742137,0.03169388422865993,0.004681878267847099,0.015381018890191262,0.014114458771305355,0.0029000636705193983,0.002724370994272149,0.00402896396217966,0.004161037072342566,0.003863239633850153,0.0,0.0,0.0,0.001587532612227671,0.008689008401985065,0.004458924257344814,0.0006396969711899071,0.005830912646548305
0.89151543,0.89943874,0.5177715,0.9444444,0.5081831,0.8694574,0.9,0.8090566,0.8249149,0.9622642,1.0,1.0,0.8249149,0.8249149,0.61574054,0.73690414,0.6722137,0.02274815375301747,0.00529488778280663,0.006300800893434254,-0.00247254356810343,-0.0022856584940613607,0.0011375180064764857,0.006899764057759388,0.003511028278741386,-0.0029657770892257324,0.0,0.0,0.0,-0.0008548366311674543,0.006954396660381508,0.0028262040504512115,-0.011936633296422517,0.00436904584045248
0.74804235,0.37489188,0.85636836,0.9444444,0.9444444,0.957162,0.6869545,0.25493902,0.27575776,0.9622642,1.0,1.0,0.27575776,0.27575776,0.29074037,0.35801518,0.53121364,-0.0017105475077267363,-0.015530844665523538,-0.009242127321010733,-0.011304813433785144,-0.002172614264900707,-0.0009703404242788734,-0.005470007515873388,-0.012457526035289554,-0.014915361446012186,0.0,0.0,0.0,-0.011806594848515938,-0.02034438405060888,-0.004971441590852613,0.010859877850188106,0.0016388359468812045
0.39093277,0.6270212,0.765928,0.9444444,0.8298396,0.60612047,0.9,0.40317422,0.41136014,0.9622642,1.0,1.0,0.41136014,0.41136014,0.3782406,0.32023737,0.6392137,-0.11874730279423361,-0.0020241475001269217,-0.004701406240014453,-0.01327419208520468,0.0014546188869039838,-0.004153425626691771,0.002881908207167021,-0.0024831902666080526,-0.0012457207472151306,0.0,0.0,0.0,-0.0009116367319328459,-0.004519443231687571,-0.0035450326242178355,0.017922757757529446,0.012626514348021912
0.737378,0.76601946,0.76605815,0.9166222,0.8323967,0.9,0.9,0.5237623,0.5414914,0.9622642,1.0,1.0,0.5414914,0.5414914,0.4082405,0.4380151,0.71421367,-0.003664650115451915,0.002163591952748642,-0.0033663360237994296,-0.0029794726889371646,0.0008046107386211031,0.002185025020867206,0.0036409292630370225,0.0049986279159005085,0.006605990257847635,0.0,0.0,0.0,0.005381118324630292,0.005367386087970367,-0.0016714011995308245,0.0033606936037890254,0.009087290026246654
0.6711193,0.48568958,0.94066054,0.9444444,0.9444444,0.46949992,0.71292895,0.38729185,0.410678,0.9622642,1.0,1.0,0.410678,0.410678,0.40074056,0.48690414,0.4612136,-0.0164347374536978,-0.005883174081285233,-0.0196776878232538,-0.010875665045323899,-0.0005242554122990042,-0.020837336108711774,-0.00613184311915702,0.00021206885978574397,0.002691489275195711,0.0,0.0,0.0,0.0023614685433244955,-0.0012467637021218018,-0.0021744729625476408,-0.0003631443242423653,-0.0025225760768990534
0.81045485,0.7780094,0.86568826,0.849657,0.947526,0.9,0.9,0.5967037,0.6000859,0.9622642,1.0,1.0,0.6000859,0.6000859,0.58699054,0.45245954,0.63421375,0.013632162378030048,0.0026100806132649244,-0.007647865594548711,0.0014628544119157543,0.0008903554516383452,0.002318341540168617,0.0052215011442398,0.007052455445535204,0.006150650598269371,0.0,0.0,0.0,0.004653590666740351,0.008105372723123578,0.002408594899263169,0.002760482419808555,0.006354135500447372
0.9231587,0.9310345,0.26906496,0.26408228,0.26408228,0.9,0.9,0.5631743,0.5740141,0.9622642,1.0,1.0,0.5740141,0.5740141,0.6507405,0.43912622,0.58521366,0.024194602913384166,0.0037309250353713525,0.0127506832362122,0.014221299328076323,0.0023117012936828595,0.0017587352216528603,0.004898298793278767,0.004006125071093138,0.004437450860825969,0.0,0.0,0.0,0.003390114532530368,0.005810891086476748,0.004069688978693301,0.0022930459601094642,0.0029319715819900085
0.40573466,0.5138751,0.9282279,0.9705012,0.9444444,0.9,0.50966376,0.51140964,0.52118504,0.9622642,1.0,1.0,0.52118504,0.52118504,0.6119905,0.5046818,0.5382136,-0.10474343794087933,-0.008877709241346137,-0.010227733898538132,-0.011699373221522853,-0.0034326922174093516,0.0005688189031669166,-0.025637303749852937,0.004577930197037258,0.007054090427356334,0.0,0.0,0.0,0.00623523056404924,0.006046228850339553,0.0035656080769928458,0.0005076727903908617,0.001997117967149177
0.7406414,0.62734145,0.73058265,0.9444444,0.9762011,0.60643005,0.9,0.12787987,0.15226,0.9622642,1.0,1.0,0.15226,0.15226,0.3582405,0.44579294,0.09321356,-0.004408901937535288,-0.0008198152663320586,-0.0025575117898645316,-0.013945508058511951,-0.005917230422669656,-0.002362323385139157,0.0012465905560407192,-0.030291703717693092,-0.034166697836080326,0.0,0.0,0.0,-0.02514344010921881,-0.04128453179357972,-0.004842580612509546,0.00553651420566327,-0.05034745302015429
0.8557347,0.6178397,0.9288377,0.911637,0.9762011,0.9,0.9,0.41552734,0.43271565,0.9622642,1.0,1.0,0.43271565,0.43271565,0.5982405,0.3746818,0.48521367,0.032292366206011135,0.0006570000487515809,-0.013340986153325912,-0.0022304056371997413,-9.094075026300294e-05,0.000635433458061356,0.004309414164236152,0.001249977158667888,0.004488881746600146,0.0,0.0,0.0,0.0037956866770751637,0.0005883923870643377,0.0026834221481123028,0.009493211591721082,-9.001404607942159e-05
0.9231587,0.9310345,0.3692094,0.3623722,0.3623722,0.9,0.9,0.71435076,0.72117114,0.9622642,1.0,1.0,0.72117114,0.72117114,0.74824053,0.6013486,0.60421365,0.028073477983562693,0.004417747012169869,0.012953097967128522,0.010573358324029345,0.0007830442256176174,0.002386766028027114,0.0041486037285661465,0.004765261341728684,0.0010055990411753243,0.0,0.0,0.0,-0.0007846236330465542,0.009873152874379811,0.006667737941246303,-0.005082019636205216,0.0033745626862561086
0.72257596,0.4787803,0.46760944,0.9444444,0.45894998,0.46282098,0.9,0.3967036,0.41470554,0.9622642,1.0,1.0,0.41470554,0.41470554,0.46949047,0.29690403,0.6442137,-0.0018714915161572865,-0.006535547476531799,0.012511517114053024,-0.0067657799931063155,-0.0020164959495721,-0.012296367150536426,0.003607923981076655,0.0016684976411927156,0.005208412032685362,0.0,0.0,0.0,0.0030183841484851424,0.0006301508492922931,0.0007833049560016706,0.015328352385548267,0.009110339822528542
0.9231587,0.9310345,0.33817407,0.3319116,0.3319116,0.9,0.9,0.6725861,0.6869028,0.9622642,1.0,1.0,0.6869028,0.6869028,0.6069905,0.7369041,0.52221364,0.023682064995824304,0.0027349256180010193,0.013357554996304281,0.010219035935672765,0.0009960534474808115,0.0020732669148130225,0.004658276825307521,0.003779904477232453,0.0005320594989258228,0.0,0.0,0.0,-2.0398636732422495e-05,0.007770940679855565,0.003848092285372646,-0.00943408901992428,0.00042182002991822995
0.9231587,0.9310345,0.35194635,0.34542882,0.34542882,0.9,0.9,0.6590565,0.6694223,0.9622642,1.0,1.0,0.6694223,0.6694223,0.38699055,0.7680152,0.6462137,0.025634353532620936,0.0029879756101199384,0.012052875836958674,0.011574017980363192,0.00020451781092669245,0.0029432750708519983,0.0030062477692011456,0.004630181850439205,0.001329235736503613,0.0,0.0,0.0,0.0012587176761379563,0.008249030822204084,-0.0022118360683247786,-0.011348026277701661,0.004544768107505792
0.43737796,0.65507257,0.75637597,0.742369,0.9928678,0.9,0.9,0.21611539,0.23199789,0.9622642,1.0,1.0,0.23199789,0.23199789,0.46699053,0.15912628,0.4282137,-0.1017044819861635,-0.000677041162912573,-0.002623010232210462,0.006449166688005382,-0.006683252076461733,5.064123581666375e-05,0.002167141439582091,-0.018267502412338193,-0.02334720341398868,0.0,0.0,0.0,-0.016661408149126773,-0.027412103906326042,0.00017968087543712832,0.025792875030922494,-0.009883468507358103
0.6406414,0.69304067,0.9307994,0.92906505,0.842358,0.9,0.9,0.59376234,0.61077005,0.9622642,1.0,1.0,0.61077005,0.61077005,0.61824054,0.5291263,0.50121367,-0.02959116747899038,0.0006892353224649108,-0.013684414491299401,-0.0027270443221484313,0.0013045530009321508,0.000713906430686173,0.00375895444589251,0.007486117521886001,0.007070049891011098,0.0,0.0,0.0,0.005477488289848849,0.008291303917656322,0.002554382676833208,-0.0008226916990263636,-0.0005724271178806773
0.8219933,0.8198062,0.46117678,0.9444444,0.45263648,0.79247934,0.9,0.60611534,0.624363,0.9622642,1.0,1.0,0.624363,0.624363,0.59824055,0.57690406,0.5452136,0.011964145820736162,0.00400019159591451,0.0079367769611176,-0.004558049768404599,-0.0030475154062769116,-0.00225916494922543,0.004908405336974483,0.007128814896567342,0.00620606807751797,0.0,0.0,0.0,0.005542099814206811,0.007647578675057929,0.0015735881956750125,-0.005842874359601723,0.0017047796386779363
0.7527625,0.73751277,0.6747303,0.94615734,0.9166222,0.9,0.9,0.33435082,0.35304227,0.9622642,1.0,1.0,0.35304227,0.35304227,0.42074054,0.41357073,0.42621365,0.0032440859215562413,0.004440769897434579,0.0034139221738182794,-0.007589386956867157,-0.0007726443334377474,0.00026586847848416467,0.002684104013795703,-0.008010267079326639,-0.005651903840157104,0.0,0.0,0.0,-0.004386531518560069,-0.009202485322046483,0.00027049120221333064,0.008063225972729961,-0.007418164617201706
0.7441962,0.3593305,0.9185314,0.9015216,0.9463495,0.9,0.9,0.49905664,0.5163489,0.9622642,1.0,1.0,0.5163489,0.5163489,0.6069906,0.40245956,0.61321366,0.004710652750066995,-0.014296244153897233,-0.010623182158547068,-0.0007329378515727675,-0.00017609242743153584,0.0008603727595241202,0.0046997791484216355,0.005803445922274245,0.00956856705881853,0.0,0.0,0.0,0.007331654651883552,0.008235913669486512,0.00244915786992637,0.006144493138471853,0.008723419587030448
0.59064144,0.7409425,0.8227762,0.9928678,0.9444444,0.9,0.7162444,0.454939,0.47293454,0.9622642,1.0,1.0,0.47293454,0.47293454,0.37574053,0.5135708,0.6292137,-0.049363384229462445,0.0022497589371867307,-0.006596808747162167,-0.015213863248841528,-0.0018709893567907141,0.0007233531898605136,-0.009398178441828754,0.0025066079258166713,0.006208377904637658,0.0,0.0,0.0,0.005221216011542529,0.0033944862663980034,-0.002222446927601654,-0.002047918834373232,0.009009030491788477
0.9231587,0.9310345,0.18180864,0.17844181,0.17844181,0.9,0.9,0.41788,0.4357797,0.9622642,1.0,1.0,0.4357797,0.4357797,0.42574054,0.43912622,0.5362137,0.027198158089065217,0.0030135954515340406,0.01564559290230504,0.01934550707039332,0.005276663146132482,0.0022466505251981747,0.003473829658572548,0.0024982545474223307,0.004125060617812087,0.0,0.0,0.0,0.003782217363321675,5.1320299294263896e-05,-0.0012628389016875832,0.001102796630852211,0.0014556249408113004
0.7601635,0.620432,0.80536526,0.9444444,0.8390338,0.7597302,0.9,0.53140944,0.547421,0.9622642,1.0,1.0,0.547421,0.547421,0.54574054,0.47245958,0.5292136,0.0028401645636164097,0.0004966831993076802,-0.006340179007613827,-0.00388719749374078,0.0012359627280368669,-0.002444798766847807,0.003999239079420017,0.007119243669512505,0.008479070660947797,0.0,0.0,0.0,0.007036202946096796,0.00865011932489005,0.0019486571872905651,0.00046650183291533504,0.002358732453633254
0.70276254,0.7104368,0.57487255,0.9444444,0.9463495,0.7400306,0.9,0.3619976,0.38137686,0.9622642,1.0,1.0,0.38137686,0.38137686,0.3582405,0.34579298,0.5072137,-0.008809523286752153,0.004029830575620296,0.006721395459857618,-0.00675147768905244,-0.0022698541657692733,-0.00022555101305391117,0.004366383074393435,-0.0039725418657276775,-0.0013387048888405034,0.0,0.0,0.0,-0.00048178711618663205,-0.0058791744454940766,-0.003697139826246789,0.011769922690264794,0.000522638091302189
0.5175644,0.5687668,0.7508942,0.9444444,0.9444444,0.5498079,0.59568113,0.4672919,0.4872518,0.9622642,1.0,1.0,0.4872518,0.4872518,0.33699048,0.616904,0.49621361,-0.07131258654033777,-0.0038286502243348153,-0.0022929668691983544,-0.007314896709538191,-0.002259458733083295,-0.010737470059767542,-0.01662710296394128,0.0027106469149221516,0.005806265378184139,0.0,0.0,0.0,0.0049435222694210355,0.004342410640105731,-0.005156803274888096,-0.01146366520649614,-0.0007388100321584415
0.61727315,0.48567706,0.9020078,0.9928678,0.9928678,0.9,0.9,0.33670348,0.3421069,0.9622642,1.0,1.0,0.3421069,0.3421069,0.4832405,0.029126167,0.7212137,-0.0396690312735233,-0.008024847037300106,-0.011695499772265212,-0.01285267610575616,-0.0026166582826531192,0.0007049915680061871,0.003214731355856157,-0.005096919460269352,-0.008017416730157143,0.0,0.0,0.0,-0.00567301328595765,-0.012063449924784555,0.0005913601068909375,0.02859112144021779,0.015390264682727252
0.85690004,0.86883026,0.869402,0.9444444,0.8821317,0.9034291,0.9,0.67082125,0.67175174,0.9622642,1.0,1.0,0.67175174,0.67175174,0.63949054,0.545793,0.68121374,0.02130517107601149,0.004933183921141076,-0.008168908266633974,-0.0013862196769035668,0.0016144059925837007,0.0025742707914864,0.0045676970783204325,0.007905178659822286,0.005393181866260317,0.0,0.0,0.0,0.0034568206602320333,0.009726871180282915,0.002818540837657264,-0.0038420007267407174,0.00805189261712539
0.45247126,0.6001664,0.7524029,0.90186393,0.9762011,0.9,0.9,0.3731741,0.3937579,0.9622642,1.0,1.0,0.3937579,0.3937579,0.2907405,0.5702374,0.50121367,-0.10549486834436884,-0.003599452173761453,-0.00032982010757011166,-0.005746134228696305,-0.005199360216777038,1.5943245911601967e-05,0.0030985916189634117,-0.004883952272325025,-0.003138118454996819,0.0,0.0,0.0,-0.002405916292945553,-0.0069818691989511125,-0.006567874026647559,-0.007194761043981569,-0.0006001872892274839
0.83324045,0.41656408,0.821279,0.9444444,0.9928678,0.71291745,0.9,0.5361154,0.5486933,0.9622642,1.0,1.0,0.5486933,0.5486933,0.52574056,0.25245953,0.7912137,0.019046502137036615,-0.006162903020491773,-0.0053781080893336415,-0.001975965328970866,0.00045002837983257034,-0.004370895911034161,0.005405725482724424,0.0035988553011490287,0.0061001126836841115,0.0,0.0,0.0,0.004319301636108957,0.005742826029762,0.001469006347977212,0.011635313383039837,0.011587347900150678
0.41400963,0.6236555,0.72046155,0.887077,0.9444444,0.9,0.602867,0.2190563,0.23940822,0.9622642,1.0,1.0,0.23940822,0.23940822,0.45074052,0.21579286,0.43021363,-0.11712316188077489,-0.002748992272690309,-0.0006956847686752743,-0.008203173616275901,-0.004515567499697068,-0.00034819348883890035,-0.010175026237870312,-0.018387124329087987,-0.01862412086549752,0.0,0.0,0.0,-0.013033177198468813,-0.02284690679733935,1.398275734865579e-05,0.024695117438448492,-0.007382561827272892
0.7601635,0.7040746,0.85867226,0.84277093,0.92906505,0.9,0.9,0.73788035,0.75037295,0.9622642,1.0,1.0,0.75037295,0.75037295,0.6482405,0.5480152,0.73521364,0.0059494821754828495,0.0015355651438371818,-0.007389652796833404,0.000767530072868578,0.001193368584277309,0.002319120796484026,0.006446554383808687,0.007020528798537988,0.004581334715156015,0.0,0.0,0.0,0.0016106564313830391,0.010406135562813064,0.003838350072354883,-0.0030196284920097276,0.010215359485422371
0.85690004,0.8209112,0.6867621,0.9444444,0.6743837,0.7935475,0.9,0.53552717,0.5536728,0.9622642,1.0,1.0,0.5536728,0.5536728,0.3069905,0.6613486,0.53421366,0.025649459393864756,0.0037437564083787774,0.0020064076161480774,-0.003251385678825666,0.0004927620823887139,-0.0014289163924386355,0.005039942377252803,0.006324983677460936,0.007197473772507953,0.0,0.0,0.0,0.005859568046942579,0.0063744002764854375,-0.004163136482742156,-0.011253476817506667,0.0012371724142684754
0.92170197,0.87939256,0.5715851,0.9928678,0.38788602,0.9,0.9,0.5472918,0.55347997,0.9622642,1.0,1.0,0.55347997,0.55347997,0.8907405,0.44023737,0.33421364,0.032913663508570966,0.003942257455985096,0.004504114388407283,-0.01071805254770375,-0.004550432614010207,0.0008781424409944133,0.004576600679766451,0.006377395005867806,0.0063222524394998415,0.0,0.0,0.0,0.005824533348589663,0.005372933870858167,0.00028357466701085804,0.005516457418060085,-0.007506857100857994
0.48650378,0.10692365,0.82579374,0.9463495,0.77974254,0.9,0.9,0.49376228,0.5097569,0.9622642,1.0,1.0,0.5097569,0.5097569,0.55574054,0.3913485,0.5572136,-0.07893130894376593,-0.04148579424432991,-0.00440544682797524,-0.007934535346002816,0.0024730411137597347,0.0007833412809789157,0.002720324383286657,0.002916219659393309,0.005291256127740878,0.0,0.0,0.0,0.0048668141447012,0.0035841130921302933,0.0024327340244090162,0.012473076678286048,0.003091900116428359
0.7678558,0.62734145,0.6128603,0.9166222,0.9444444,0.9,0.7042488,0.4884684,0.50696385,0.9622642,1.0,1.0,0.50696385,0.50696385,0.3019905,0.5624597,0.6212137,0.00480193883484906,0.00015306738043960807,0.0037567971810013503,-0.005038338115736043,-0.0018076618724604627,0.001478032425828077,-0.011793509787351495,0.0034488762491953996,0.005900906062844129,0.0,0.0,0.0,0.004514848574989105,0.004621345091273571,-0.003901386307737138,-0.005207856299433421,0.007143755956062445
0.8255481,0.7094656,0.816455,0.9444444,0.8226006,0.76664054,0.9,0.60023296,0.6107548,0.9622642,1.0,1.0,0.6107548,0.6107548,0.43449056,0.5791263,0.6562137,0.014063778097546418,0.0010844288003858023,-0.0052957518207586325,-0.0023821731272250946,0.001398872649584444,-0.0031061414904888828,0.006366753098970613,0.006125393026417478,0.003918552940486158,0.0,0.0,0.0,0.0029053452275913973,0.00654014512077375,-0.0006578191850399473,-0.006121677658981369,0.006069081681958871
0.9231587,0.9310345,0.37262407,0.36572364,0.36572364,0.9,0.9,0.74729204,0.7519509,0.9622642,1.0,1.0,0.7519509,0.7519509,0.6069905,0.5335707,0.8172137,0.02825975386390949,0.005050244983334507,0.011478571703963691,0.010604124955611976,0.0007009857435940532,0.002182923864500496,0.005766265554780349,0.004604532313805753,0.0009223546892966683,0.0,0.0,0.0,0.00046711271476429945,0.00964256013277338,0.003450353097140732,-0.0017163013024715623,0.008562005046095911
0.5255481,0.21961685,0.6276144,0.9444444,0.6159919,0.21229629,0.9,0.4314095,0.44994769,0.9622642,1.0,1.0,0.44994769,0.44994769,0.5644905,0.29690403,0.5442136,-0.06368145170905573,-0.02430828681649986,0.0028112164776916593,-0.011115416981376778,0.0017669058486591538,-0.03826249767891267,0.002405485866927781,0.0013154969711019545,0.003484119840186165,0.0,0.0,0.0,0.001971527984707879,-0.0002540334810441604,0.003660631024257253,0.020427727144374467,0.0019270353919622549
0.4601635,0.6270209,0.77243,0.95026696,0.9444444,0.9,0.60612017,0.5525861,0.5584678,0.9622642,1.0,1.0,0.5584678,0.5584678,0.52199054,0.7369041,0.47721356,-0.08302222930143144,-0.0017247206535615789,-0.002888227706416781,-0.011704005207216045,-0.004450230956414986,4.89764344731994e-05,-0.016461695361859915,0.00663764468053938,0.006378906237256419,0.0,0.0,0.0,0.005104824360178235,0.007424725511085013,0.0011404167708035729,-0.025669674248712068,-0.0034012226322655097
0.45602596,0.5889511,0.8162528,0.9444444,0.94465274,0.64992034,0.9,0.59788007,0.61312836,0.9622642,1.0,1.0,0.61312836,0.61312836,0.5032406,0.5724596,0.5952136,-0.0770375002703302,-0.004043419190239481,-0.007199575499471264,-0.006098825311043787,-0.0018589131880930366,-0.007668118887560471,0.003890728902005319,0.007520308181124939,0.008126019179079218,0.0,0.0,0.0,0.006213877264367746,0.010859195551608209,0.0014409279337342464,-0.006465556845045775,0.005580542117985402
0.31371832,0.5131619,0.8776266,0.86137426,0.9762011,0.9,0.9,0.03199768,0.05094587,0.9622642,1.0,1.0,0.05094587,0.05094587,0.4594906,0.11023744,0.1992136,-0.15788378489067367,-0.0103502665711749,-0.01470884963096267,-0.008839800903411242,-0.006069193522718663,-0.0007127556287345573,0.0009473207340523893,-0.04339733520717199,-0.055212045012074065,0.0,0.0,0.0,-0.040341426138917266,-0.05840073800113183,0.0005704825527658654,0.035192708375073295,-0.04014593104528163
0.6021798,0.56852466,0.8582516,0.9762011,0.9410746,0.9,0.9,0.5361155,0.55070645,0.9622642,1.0,1.0,0.55070645,0.55070645,0.35699058,0.6380153,0.5952137,-0.04124292785811981,-0.004364993457996306,-0.0076321420930926505,-0.010607804018916795,-0.0015279153651605694,0.002038936183853181,0.0057052768215399355,0.007722006598667245,0.010070588845615527,0.0,0.0,0.0,0.008400638933046968,0.009925092528561424,-0.0021911240803892526,-0.014913931522038135,0.0065526495813477996
0.80247116,0.76578337,0.7959202,0.8572891,0.8792324,0.9,0.9,0.6361154,0.64881194,0.9622642,1.0,1.0,0.64881194,0.64881194,0.2819904,0.6902374,0.7452136,0.016013097350291165,0.0037687825094775405,-0.004363862786092074,0.00036023780070739157,0.0012212114968364158,0.0017765703405448385,0.0060026726553785124,0.007250983812980119,0.005025749932671713,0.0,0.0,0.0,0.003406495261984975,0.007941109492273016,-0.005521338449286983,-0.012033776892878007,0.010757569658168329
0.9231587,0.9310345,0.11369274,0.111587316,0.111587316,0.9,0.9,0.31611544,0.33726206,0.9622642,1.0,1.0,0.33726206,0.33726206,0.40074056,0.35245958,0.51721364,0.03155245100698745,0.004476011467779722,0.016996466958335784,0.02854251095180392,0.00456443393216406,0.0017038379988213183,0.0032576403368751615,-0.0005028330443346568,0.002560830898942623,0.0,0.0,0.0,0.002821081443840305,-0.008018078666450856,-0.002781954095579764,0.004238009103877171,0.0005415183170738521
0.8796856,0.8209108,0.7659278,0.9928678,0.9015216,0.9,0.9,0.41964474,0.43619078,0.9622642,1.0,1.0,0.43619078,0.43619078,0.37824053,0.53023744,0.47721356,0.03521695408848782,0.0031960558808668584,-0.0014559364097442055,-0.0075812343901789595,0.0016927692638985137,0.0020102729240777627,0.004080751418566821,0.0005486273819531494,0.004313106010026468,0.0,0.0,0.0,0.0036926599915854718,0.0008214159568516708,-0.001301555291604538,-0.001832130052426715,-0.0016618192959698024
0.88825196,0.67473793,0.72786874,0.794287,0.7327004,0.9,0.9,0.58140945,0.5982929,0.9622642,1.0,1.0,0.5982929,0.5982929,0.5069906,0.51245964,0.6852136,0.02849190747413639,0.0010438449028003793,-0.000218137664770673,0.0021833891972146023,0.0010814526895041663,0.0029260724414778504,0.005852335018107724,0.0064360467249731925,0.0063477943830380435,0.0,0.0,0.0,0.004717980271363105,0.008125877729036397,0.0011314214958311722,-0.0009282909386524422,0.007740828527477239
0.5637183,0.6164395,0.88120836,0.9151263,0.9762011,0.9,0.9,0.53846854,0.55778766,0.9622642,1.0,1.0,0.55778766,0.55778766,0.48199058,0.555793,0.5052136,-0.04975946654931406,-0.0011666322803836142,-0.007387476165669982,-0.0031961172849995713,-0.0031196155646176114,0.0007329880929518877,0.0052336707506062475,0.0075652434206047925,0.009936099010820423,0.0,0.0,0.0,0.0077438866480833155,0.009666588806950933,0.000883484169363152,-0.0056109348220007085,6.185740838059152e-05
0.8255481,0.6167541,0.82634073,0.8558253,0.9762011,0.9,0.9,0.5349387,0.55102926,0.9622642,1.0,1.0,0.55102926,0.55102926,0.40824056,0.555793,0.6442137,0.016514413106211483,-0.00032857053513316514,-0.006929015891122784,-1.6392716146082995e-05,-3.60733530482547e-05,0.002133284876871241,0.004303525299658886,0.005809870894542015,0.008344253760759118,0.0,0.0,0.0,0.005945229736449337,0.007801674893702129,-0.0008297167499986451,-0.004330789582595158,0.007376784531918565
0.91132885,0.5625069,0.6073137,0.8702038,0.60840374,0.9,0.9,0.46670374,0.48337424,0.9622642,1.0,1.0,0.48337424,0.48337424,0.40074056,0.615793,0.4622136,0.03733657675489562,-0.002954365270956832,0.003395288521037894,-0.0018314017900245983,-0.0004345566810747332,0.002282656031093776,0.003630949699937642,0.0029777043353513364,0.005626400563667795,0.0,0.0,0.0,0.004433553269339859,0.002847160482453889,-0.0004742830976567434,-0.009620368700937609,-0.002386845235514643
0.7181472,0.7272295,0.8346873,0.8192301,0.9444444,0.9,0.75113785,0.5984683,0.6119858,0.9622642,1.0,1.0,0.6119858,0.6119858,0.5682405,0.5113485,0.6412137,-0.003411025636154508,0.002398237015097941,-0.007005046097421807,0.0010501968901293895,-0.0002992620957593383,0.001721354850855404,-0.004293532153416222,0.00572025522388847,0.004762197987790243,0.0,0.0,0.0,0.0028947680107766684,0.006715975424021145,0.001827468562713671,-0.0009266163512708237,0.00565633506524469
0.80602604,0.8476853,0.86901754,0.9444444,0.96959347,0.90037495,0.9,0.50788003,0.5209166,0.9622642,1.0,1.0,0.5209166,0.5209166,0.49324054,0.56579304,0.41221362,0.010292553582595496,0.0029314568217126634,-0.010223481754023989,-0.0035603427020642836,-0.0008949461259361992,0.0012051055254807012,0.003824184119928231,0.0046599503487720784,0.006895102656139019,0.0,0.0,0.0,0.0058988502586748695,0.004236814175301533,0.0006313166945205596,-0.003468767488968393,-0.006381323628037029
0.8524712,0.79874104,0.8055565,0.9444444,0.786743,0.79573923,0.9,0.6778801,0.6907389,0.9622642,1.0,1.0,0.6907389,0.6907389,0.53074056,0.6435707,0.63821375,0.025879531773968664,0.004294904078415446,-0.004196854153710514,-0.0023194362426733933,0.0013742659786692224,-0.001576647506908094,0.005317947657130963,0.007554625979399642,0.005381808360205327,0.0,0.0,0.0,0.0034582186331649782,0.009644440776004966,0.0016899403941844045,-0.00968527647519297,0.005808918089923156
0.7474596,0.12834454,0.9038755,0.9444444,0.9928678,0.9030832,0.9,0.6719977,0.6786839,0.9622642,1.0,1.0,0.6786839,0.6786839,0.4894905,0.6180152,0.7732137,-0.0022005542600865933,-0.028122130067513976,-0.008220626970318844,-0.003751509909311669,-0.0012068584715193447,0.001476879987910241,0.003962583600021551,0.005061404485933827,0.007476533883602706,0.0,0.0,0.0,0.0007252153762378813,0.011970690988768528,0.0009223520154589177,-0.010735550329184256,0.01558216816669455
0.8645923,0.7655489,0.72405064,0.8745144,0.9762011,0.9,0.9,0.5919977,0.60412383,0.9622642,1.0,1.0,0.60412383,0.60412383,0.65074056,0.52801514,0.5072137,0.025101986635833688,0.0026525220986000856,-0.0008639581300506846,0.0004963494349638191,-0.00013584649113913645,0.0018802863107931333,0.00544697735315526,0.007030488617250699,0.006364948157913002,0.0,0.0,0.0,0.004665374875829645,0.008561203378389991,0.0024530101570756926,-0.0019822260332953575,0.0007740510527622177
0.9231587,0.9310345,0.26096055,0.25612795,0.25612795,0.9,0.9,0.5467037,0.5622797,0.9622642,1.0,1.0,0.5622797,0.5622797,0.6257406,0.49579293,0.4872136,0.02954771675127013,0.0037344376379267346,0.015518739329133946,0.017392155004855258,0.0047833736456497425,0.002120282483775213,0.004928030883607885,0.004089462911298871,0.005569346261405932,0.0,0.0,0.0,0.0041947059525589995,0.006848754097370501,0.004256661142324184,-5.056215548766372e-05,-4.025499336507036e-05
0.73679525,0.7594976,0.82071334,0.9444444,0.9677255,0.787427,0.9,0.690233,0.69460696,0.9622642,1.0,1.0,0.69460696,0.69460696,0.5494906,0.6924597,0.6882137,-0.0024389884436411212,0.002400164404993228,-0.006089926457852256,-0.0032047645957921406,0.0007522259285474009,-0.0016579820132969195,0.005633247432038941,0.008011099466410133,0.0052964973894837905,0.0,0.0,0.0,0.002884493769570499,0.009762334909750245,0.0024429077899380813,-0.013859173073021312,0.008670836306637583
0.8335318,0.7838458,0.72465616,0.9444444,0.6538942,0.7577176,0.9,0.46493888,0.47645488,0.9622642,1.0,1.0,0.47645488,0.47645488,0.43449056,0.545793,0.4662136,0.025810615262965134,0.003814462846866907,0.0008357783846129327,-0.004645165834016747,-0.00023759482119202935,-0.001731584552730612,0.004133759857592919,0.005649202173952614,0.008481841018564312,0.0,0.0,0.0,0.007281772404211404,0.005982966987274032,0.0005158054297338014,-0.005489209466525109,-0.0009515943816193523
0.7793943,0.83756226,0.88004833,0.9444444,0.92365605,0.957162,0.9,0.57905656,0.59188825,0.9622642,1.0,1.0,0.59188825,0.59188825,0.42699045,0.5113485,0.6932137,0.006145400414241577,0.0038676745828268473,-0.01011483071125142,-0.002659440996889352,0.0014493977477870697,0.0037236491840587404,0.004317072288421489,0.005769194369641415,0.005377165219669815,0.0,0.0,0.0,0.004127818392770973,0.006185945702259539,-0.000908026873872112,3.442887496531877e-05,0.008031845360469603
0.9063174,0.7220242,0.67325264,0.9444444,0.9444444,0.66617596,0.69795674,0.5731742,0.59140724,0.9622642,1.0,1.0,0.59140724,0.59140724,0.30949044,0.6435708,0.63521373,0.03564356282212852,0.003377539087882307,0.002756318719909171,-0.0018890553208468163,1.068176040305709e-05,-0.007355236052581755,-0.006686603600489707,0.006393109215175874,0.006136474778219565,0.0,0.0,0.0,0.004599058265657016,0.00793130484021516,-0.0039038627334931886,-0.00946201461609439,0.0073042394548596835
0.9231587,0.9310345,0.17463696,0.17140295,0.17140295,0.9,0.9,0.37846833,0.39761746,0.9622642,1.0,1.0,0.39761746,0.39761746,0.5657405,0.39579296,0.32721367,0.02670540612856445,0.0031458001184946805,0.014991672898067097,0.027225484461592717,0.004049958737243201,0.001480600005374373,0.002683734156203737,0.0017391377355242244,0.004374736271951854,0.0,0.0,0.0,0.004189328761052452,-0.0028135528292265494,0.0019365432879857275,0.0027376148012060075,-0.00717932058375935
0.8178558,0.69928867,0.8091313,0.9166222,0.7976379,0.9,0.9,0.38082123,0.40328816,0.9622642,1.0,1.0,0.40328816,0.40328816,0.38574058,0.52579296,0.39321366,0.020868205075151604,0.0024520487388112844,-0.007079393390251898,-0.00502783942604439,0.002600780093773536,0.0010249848133842973,0.002655856242315333,-0.0030268387170127573,0.002222966937425009,0.0,0.0,0.0,0.0014985492796933627,-0.0018924953979156283,-0.0004098378678216161,-0.0023569402931669812,-0.007770715059575756
0.9231587,0.9310345,0.2949065,0.28944528,0.28944528,0.9,0.9,0.62199783,0.635075,0.9622642,1.0,1.0,0.635075,0.635075,0.6257405,0.59912634,0.52221364,0.030113964833887907,0.004074955014930134,0.015025473865472816,0.01552158332477973,0.0035590793741829903,0.00308988739826475,0.004892408414273617,0.005022308995441995,0.004012264556196988,0.0,0.0,0.0,0.0022601963645923627,0.008444219201329392,0.004191812978120523,-0.004362088326712951,0.0012247032068370912
0.71814716,0.71043587,0.7054783,0.9444444,0.81106365,0.6867547,0.9,0.2461154,0.26569936,0.9622642,1.0,1.0,0.26569936,0.26569936,0.32074046,0.3457929,0.4122137,-0.0108695215706932,0.0031092174519553708,0.0006934165150809185,-0.01112346488126068,0.0025064183735253242,-0.0023915687401695708,0.0021416391281593537,-0.017786138992668996,-0.017299075382037565,0.0,0.0,0.0,-0.014561846533302194,-0.02249898206185448,-0.005410788417784089,0.012623149902849372,-0.009613460717916768
0.89151543,0.89943874,0.40107146,0.9444444,0.3936442,0.8694574,0.9,0.6237625,0.63818383,0.9622642,1.0,1.0,0.63818383,0.63818383,0.6307406,0.4413484,0.62121373,0.02807261341468354,0.004980004665049456,0.009893395747485472,-0.0033125832201813627,-0.002093662297832894,0.0006217100659301736,0.004542416486793168,0.007264690893960906,0.0069163824653516144,0.0,0.0,0.0,0.00614215634521196,0.009573012742454524,0.004158913829372017,0.0018793621541502536,0.005271435232702766
0.6675645,0.7272295,0.7923289,0.9444444,0.9444444,0.957162,0.9034291,0.52493894,0.54185253,0.9622642,1.0,1.0,0.54185253,0.54185253,0.5319905,0.456904,0.5602137,-0.0170698427568891,0.0028723066268198007,-0.0034755727005805416,-0.005529345244505133,-0.0025643893400212935,-0.00025507811252012673,0.007951120163435955,0.005704493452138387,0.007676809524027943,0.0,0.0,0.0,0.0063201683899537595,0.006336781376787728,0.0017086859732417159,0.002929881899921161,0.0031381664745999747
0.9231587,0.9310345,0.283211,0.27796632,0.27796632,0.9,0.9,0.5819978,0.598765,0.9622642,1.0,1.0,0.598765,0.598765,0.52449054,0.40801513,0.7132137,0.02948525892679921,0.0041914563744206565,0.01341726606215612,0.012625948422260528,0.0035021000588124924,0.002361101071265567,0.006271812887528419,0.0021808388881914826,0.0024311741035842617,0.0,0.0,0.0,0.0009101936328739764,0.006509119333654607,0.0017166799639353253,0.0026503616505211486,0.005834064398192606
0.45573464,0.6168337,0.85832083,0.9330076,0.9444444,0.9,0.5488486,0.48788002,0.50672805,0.9622642,1.0,1.0,0.50672805,0.50672805,0.21074045,0.7502374,0.53021365,-0.0933131131354944,-0.0021042315107715464,-0.006951215016204435,-0.007779515072165516,-0.0045771172224579925,0.0008059311502183873,-0.020885519338672033,0.002764001791441889,0.005929979957521687,0.0,0.0,0.0,0.005299011780603488,0.00453045342837485,-0.010279169146139452,-0.028063697582625596,0.0011536861993225666
0.7335318,0.71384895,0.5784095,0.9444444,0.6753619,0.7431204,0.9,0.472586,0.48985726,0.9622642,1.0,1.0,0.48985726,0.48985726,0.32074046,0.42912632,0.73821366,0.001302167244814596,0.0031267056925408767,0.006484006144220627,-0.0037777725649006614,0.0008084767741545757,-0.0017542423480902036,0.0072544200803918435,0.003282652366503398,0.005331159850943516,0.0,0.0,0.0,0.004196926669926669,0.0029838097658181945,-0.004377140157628829,0.004889625316548623,0.010671456328667665
0.77642214,0.5203326,0.8516926,0.9444444,0.86137426,0.957162,0.9,0.5378802,0.5541879,0.9622642,1.0,1.0,0.5541879,0.5541879,0.50699055,0.3624596,0.6752137,0.006568549535728257,-0.004215060857572229,-0.007119383088007176,-0.0027648362998161633,0.0018117581786479097,0.0026033071012024327,0.005691647570944087,0.005866623277632883,0.00808634148033976,0.0,0.0,0.0,0.006675221576180755,0.00762183711609282,0.0012945321104307845,0.008798602963955597,0.009475760432233549
0.637378,0.6857059,0.6785449,0.9444444,0.771813,0.66284907,0.9,0.07905668,0.10104291,0.9622642,1.0,1.0,0.10104291,0.10104291,0.05074048,0.073570676,0.6292137,-0.033393115345229096,0.0011518205689954575,0.0018599095929285525,-0.011927955316535881,0.0027444987280854875,-0.0016533867245255701,0.0022889179664541174,-0.0329058885207154,-0.04036803487227085,0.0,0.0,0.0,-0.03654037153988828,-0.04547866934059977,-0.020790815551964093,0.02787484202752525,0.01239825868818131
0.84920776,0.81457967,0.8061045,0.7911766,0.95153695,0.9,0.9,0.665527,0.674867,0.9622642,1.0,1.0,0.674867,0.674867,0.42074054,0.7091263,0.6842137,0.025243033281576857,0.0046244539115240955,-0.004552626133546224,0.0025118241202863206,0.0004719704633141577,0.002272482111792773,0.005811662020507693,0.0074681705520215245,0.005227038949815261,0.0,0.0,0.0,0.0038517462886881763,0.00908525218029901,-0.000923080597095113,-0.01274149039045155,0.007946503324989905
0.47525686,0.48315358,0.79592687,0.9444444,0.7977984,0.62738806,0.9,0.26317406,0.2830423,0.9622642,1.0,1.0,0.2830423,0.2830423,0.42574054,0.34134853,0.4522136,-0.09672066751595217,-0.0108881698402647,-0.007563881315702879,-0.017251277302787166,0.001421938751724141,-0.0025640851149058676,0.0029865927383656687,-0.017256369638545405,-0.018124861002740543,0.0,0.0,0.0,-0.013117533471636921,-0.023978987244988842,-0.0018720226873352875,0.017994184540356478,-0.007508816307523667
0.82613075,0.46989533,0.9138353,0.8969124,0.82045406,0.9,0.9,0.7708214,0.77754956,0.9622642,1.0,1.0,0.77754956,0.77754956,0.8532405,0.46801513,0.69621366,0.012668613081140378,-0.00648544235195943,-0.012382644352049143,-0.0015916535369962922,0.001167425078592421,0.0025606983997345637,0.004486704627486615,0.0030081911436231346,0.0007793252925561074,0.0,0.0,0.0,-0.0013789397063771389,0.008260923673022575,0.003514215850219568,0.001009749157763753,0.006342079981176279
0.74920774,0.57310843,0.6360421,0.9444444,0.6242635,0.55400485,0.9,0.76023304,0.7546357,0.9622642,1.0,1.0,0.7546357,0.7546357,0.70949054,0.60468185,0.7242137,0.0037371746510428605,-0.003281537122395702,0.0020563315495509705,-0.00256636757227202,0.0006763308583893972,-0.013746732786854645,0.006962969907150577,0.005709066943466397,0.003253223444482772,0.0,0.0,0.0,0.00298750497335503,0.009112563492218041,0.005192250261696379,-0.0062126171293972595,0.007794961255651226
0.92228466,0.8511092,0.65389997,0.9463495,0.9015216,0.9,0.9,0.5002332,0.5169444,0.9622642,1.0,1.0,0.5169444,0.5169444,0.45074058,0.5246818,0.5072136,0.0355037868969606,0.004177667508857358,0.0027902686869500314,-0.0019699003647299365,-8.385833280135272e-05,0.0017473845608831145,0.003990416383541669,0.004706877522701193,0.006630924671307067,0.0,0.0,0.0,0.0055916189255844,0.003977156372778473,-0.0004423659188835243,-0.0007720294255050093,5.22920521214815e-05
0.7054433,0.29559806,0.9710748,0.9444444,0.9762011,0.2857448,0.9,0.61729187,0.6337856,0.9622642,1.0,1.0,0.6337856,0.6337856,0.23324049,0.7835707,0.7002137,-0.01752098203352155,-0.017165960716327214,-0.022605723369354416,-0.005531910062168729,-0.0014306672439297176,-0.044693661135039114,0.0036700748655941143,0.0055137183769399635,0.006201213617398926,0.0,0.0,0.0,0.004984214049759171,0.010177681962068091,-0.011989547452286153,-0.020763457239278277,0.01119354510620647
0.8645924,0.8243242,0.64461124,0.82556325,0.9444444,0.9,0.79684675,0.58729184,0.60071945,0.9622642,1.0,1.0,0.60071945,0.60071945,0.48324054,0.40801513,0.7072137,0.026712820063856616,0.0034544995242314852,0.0019400751642954087,0.0009470245913578275,-0.0004981995805327745,0.0015661427768993968,0.0004837871068925714,0.004522672603363802,0.004397934879645026,0.0,0.0,0.0,0.00262539942867306,0.006243450894694375,0.0006146918027647432,0.003736004798542463,0.008317175313305407
0.9231587,0.9310345,0.22187783,0.21776897,0.21776897,0.9,0.9,0.4661155,0.47700822,0.9622642,1.0,1.0,0.47700822,0.47700822,0.48199058,0.48023733,0.5412137,0.02964490724845713,0.0036488642551021316,0.016414097904136518,0.018635997476061664,0.003643121050046553,0.002623884204214321,0.0040910861441781805,0.00283938326455346,0.004862141115231177,0.0,0.0,0.0,0.004165198711646012,0.0015464991293519346,1.64195928601088e-05,0.0005832641957867334,0.0013167212029482189
0.75660866,0.40590197,0.82177275,0.9444444,0.93439513,0.957162,0.9,0.5884683,0.60100746,0.9622642,1.0,1.0,0.60100746,0.60100746,0.3169905,0.5991262,0.71221364,0.005059537497689694,-0.00986511356659438,-0.005863267989281725,-0.0036657301713760694,-0.00036339598190457124,0.0021943036170813707,0.005747740379704074,0.006637780862328005,0.007176700823439893,0.0,0.0,0.0,0.0036218239498946635,0.009351417557125432,-0.003708133934142601,-0.008326014686139799,0.012391520493216004
0.7749654,0.5797589,0.92880934,0.9444444,0.9015216,0.84992,0.9,0.4884684,0.5080051,0.9622642,1.0,1.0,0.5080051,0.5080051,0.46949053,0.43023744,0.58021367,0.005451498513334312,-0.002510084626714132,-0.014285477129739542,-0.0034945111374777237,0.001052709904762395,7.468482888918699e-05,0.004676052640374492,0.005828008804786502,0.009467566697720406,0.0,0.0,0.0,0.008072698220135286,0.007112283313050276,0.0010906027820828672,0.0043024297609619315,0.005525516880672669
0.3785202,0.23056522,0.9383463,0.9928678,0.9444444,0.9,0.22287972,0.6608214,0.6694229,0.9622642,1.0,1.0,0.6694229,0.6694229,0.6694905,0.6613486,0.55421364,-0.10471500988990691,-0.020711579458566946,-0.010471005243057642,-0.010098527898238747,-0.004445448687008865,0.000757264361323768,-0.05713310648448295,0.01030369925349662,0.007406285856618026,0.0,0.0,0.0,0.0032714631905753715,0.013304196706400073,0.0043959951740354395,-0.015696260322489112,0.0018991061913281476
0.90217984,0.42390463,0.6543551,0.6422374,0.9444444,0.9,0.35602832,0.35905647,0.38070187,0.9622642,1.0,1.0,0.38070187,0.38070187,0.40574056,0.38468182,0.50121367,0.04238282127802538,-0.006862237828904854,0.0030650508016817186,0.007741100950392046,-0.0024719259041021836,0.0006604388347534493,-0.03785196556941286,-0.0029564640225659246,0.0014376136121433747,0.0,0.0,0.0,0.004157145299097671,-0.003864755110689578,-0.0007649754994176483,0.007580109300064145,-0.0010219842530260043
0.9231587,0.9310345,0.3284974,0.32241413,0.32241413,0.9,0.9,0.642586,0.6583532,0.9622642,1.0,1.0,0.6583532,0.6583532,0.6094906,0.66357076,0.6532136,0.03081540047475584,0.004357781122190454,0.013846427544956281,0.012645411727647476,0.0012508807687597345,0.0023406464009083604,0.0037683789493354225,0.004334819239576802,0.0021154909017748907,0.0,0.0,0.0,0.0010886377643461655,0.0076399956583956645,0.003741132868076412,-0.0069564497567985795,0.004375296777880682
0.79949903,0.47850427,0.69012254,0.722131,0.7718098,0.9,0.9,0.32552707,0.34587094,0.9622642,1.0,1.0,0.34587094,0.34587094,0.14699054,0.4191263,0.6602137,0.015686419726320563,-0.009591440184133035,0.0015599550143125958,0.009338290889860192,0.001810131187754393,0.001218927202232106,0.00258504736960165,-0.0042192304961266094,-0.005918141572192743,0.0,0.0,0.0,-0.0047088206166064775,-0.010960316989169964,-0.010613123987142571,0.00596981362538243,0.010466636760944819
0.62910295,0.6680968,0.8113944,0.7963686,0.9444444,0.9,0.5659101,0.3355271,0.3535559,0.9622642,1.0,1.0,0.3535559,0.3535559,0.35699046,0.44579294,0.4612136,-0.03724069872884389,0.0005761866626710126,-0.004861424941226066,0.003404538692755403,-0.003096096087359771,0.0006582712445529801,-0.015957787125202585,-0.005741336692177209,-0.003308593850398897,0.0,0.0,0.0,-0.0014467257916825134,-0.007830799906002116,-0.0028413223385444024,0.0036573646410188393,-0.0031070241048975606
0.9231587,0.9310345,0.09890721,0.0970756,0.0970756,0.9,0.9,0.28199768,0.29865965,0.9622642,1.0,1.0,0.29865965,0.29865965,0.54574054,0.2424595,0.42621356,0.026980109316331834,0.0033107413112443205,0.014644003208000156,0.034035205334722686,0.0032484087715940846,0.0015128060888068492,0.003248663945790022,-0.001860421938431332,0.0007053016797893413,0.0,0.0,0.0,0.001071036052846879,-0.010790137745105502,0.0012793349999821331,0.007630893068811915,-0.0029384066058549003
0.6601635,0.6723318,0.8058661,0.9444444,0.78342927,0.7564954,0.9,0.42435062,0.4418872,0.9622642,1.0,1.0,0.4418872,0.4418872,0.41949052,0.56579304,0.4032136,-0.021430802729748448,0.0016935514984081016,-0.007471863298037434,-0.014187398775681188,0.0036413574133467136,-0.001092754312217395,0.0041838682740377,-0.0008492215040880989,0.003330302998047349,0.0,0.0,0.0,0.002220610417893493,-2.9733452938104643e-05,-0.0008028568249042925,-0.007094810275990471,-0.008625529694482324
0.9219933,0.6861031,0.80712026,0.9410746,0.8558213,0.9,0.9,0.2819978,0.29801676,0.9622642,1.0,1.0,0.29801676,0.29801676,0.2594905,0.35801518,0.5112136,0.04362134509425861,0.0016198023821125775,-0.007245993051334713,-0.008195378392990858,0.00118810420169224,0.0010709289658355154,0.00285650057390136,-0.010503152456462796,-0.009793831832462373,0.0,0.0,0.0,-0.00922140147812287,-0.014680609873296134,-0.006833253338847014,0.00994371471970097,0.000526384780741703
0.6486251,0.62028855,0.8060943,0.7911666,0.9444444,0.9,0.6437323,0.5008213,0.5117582,0.9622642,1.0,1.0,0.5117582,0.5117582,0.50699055,0.48023733,0.57721364,-0.026337629077439306,-0.0015589130231302478,-0.005046076419125027,0.002058500688223535,-0.0019482597302618128,0.00033466943201291134,-0.01369062935989664,0.004323760648262124,0.007043057529944834,0.0,0.0,0.0,0.0053258874373023415,0.005174938448416828,0.0012533817094131738,0.001517075149340348,0.004232125452827719
0.7867952,0.5008086,0.9038755,0.9444444,0.9762011,0.79673856,0.9,0.32611534,0.34789243,0.9622642,1.0,1.0,0.34789243,0.34789243,0.45699054,0.47245958,0.26021355,0.01084852408676714,-0.007833419223151894,-0.014390523360707817,-0.011908910079210107,-0.0015960661806606173,0.0006933911574533432,0.0018259892917703794,-0.008778649151871721,-0.008598280569231486,0.0,0.0,0.0,-0.006115843130956956,-0.012319488961254224,0.0007144486031103685,0.0024292362914982027,-0.02527350294097812
0.9231587,0.9310345,0.18918352,0.1856801,0.1856801,0.9,0.9,0.39788,0.41402653,0.9622642,1.0,1.0,0.41402653,0.41402653,0.32324052,0.5169041,0.53021365,0.03086646265657605,0.0036639287702633487,0.01873551874603058,0.023193332887412238,0.004713900728547807,0.0029255552267004915,0.003688437423111003,0.00200377181768096,0.004417003771060385,0.0,0.0,0.0,0.00429689083312544,-0.0019606129451607444,-0.004693978548807508,-0.0012750750804050564,0.00109041906556508
0.69035006,0.43367758,0.9288377,0.9928678,0.9444444,0.9,0.41922167,0.26670378,0.28344244,0.9622642,1.0,1.0,0.28344244,0.28344244,0.5019905,0.3280152,0.31821364,-0.024393181032428976,-0.012270404213992116,-0.012691242219459508,-0.015455255567867685,-0.0028575138402179684,0.0004276598267092086,-0.02033942707635077,-0.016484459633795634,-0.01566108981716809,0.0,0.0,0.0,-0.009975115340795362,-0.022113408347315552,0.00209791232744647,0.016587444069766578,-0.019786262442235195
0.8838231,0.4965021,0.7753694,0.9444444,0.9444444,0.7280116,0.479952,0.6290566,0.6326396,0.9622642,1.0,1.0,0.6326396,0.6326396,0.6282405,0.5680152,0.58521366,0.022844030080904316,-0.005354230023397075,-0.005205575240614529,-0.0033635587385001343,0.00048265165147587814,-0.004121589021053602,-0.03178099330324744,0.005518922271051373,0.0036673709480603118,0.0,0.0,0.0,0.0018849125186393017,0.007048348923792381,0.00239477454343379,-0.004642918177379267,0.0032033016585373336
0.6057347,0.69336814,0.88473225,0.9444444,0.9444444,0.90037495,0.48978728,0.7090566,0.72203535,0.9622642,1.0,1.0,0.72203535,0.72203535,0.44199055,0.87245965,0.55421364,-0.03502523009796477,0.00040550407694684766,-0.010022166799004441,-0.004281773850803861,-0.0015348483501901686,0.0014046898319702262,-0.03141628643154647,0.014352688596147396,0.0074259325949227175,0.0,0.0,0.0,0.003850356875477977,0.013476852085724387,-0.0006821406094042455,-0.03173468447408646,0.0030016714948915653
0.9231587,0.9310345,0.1425623,0.13992225,0.13992225,0.9,0.9,0.30729192,0.32553464,0.9622642,1.0,1.0,0.32553464,0.32553464,0.37574053,0.51245964,0.44621363,0.032356418866547755,0.0039035077936950434,0.019228860138200788,0.035852042598325695,0.0018966968323059679,0.002359426572742982,0.003696044755923954,-0.0017530616170388104,0.0021039307220362554,0.0,0.0,0.0,0.001484927327594412,-0.007851237422230053,-0.0018862393191884466,-0.0012834787468144488,-0.002059675266155862
0.73294914,0.73822975,0.8336068,0.9444444,0.9444444,0.84684366,0.90037495,0.37493896,0.39556798,0.9622642,1.0,1.0,0.39556798,0.39556798,0.2969905,0.4069041,0.5462136,0.0018539572431870788,0.004568077269974701,-0.008703293262041077,-0.007501767586668456,0.00014107416632370813,0.0008641750383648824,0.0048643287131593885,-0.002119693709587318,0.0008916049375677884,0.0,0.0,0.0,0.0007084383953852319,-0.0030531538540802977,-0.006202455032109005,0.006836710753912459,0.0037110833908566175
0.33294907,0.42511943,0.9548161,0.9444444,0.9928678,0.77933615,0.9,0.8919978,0.89872116,0.9622642,1.0,1.0,0.89872116,0.89872116,0.66324055,0.78357077,0.7332137,-0.10225984327346929,-0.011520750304678973,-0.01215194752849376,-0.004100166268991844,-0.002649929761910312,-0.002198314713022049,0.005027251449355875,0.008907067411921462,-0.00024067078169421233,0.0,0.0,0.0,-0.005452497714465343,0.014281192799616203,0.004753419395051936,-0.020585658213463125,0.01321655851527606
0.9231587,0.9310345,0.4264301,0.41853327,0.41853327,0.9,0.9,0.80788004,0.81421983,0.9622642,1.0,1.0,0.81421983,0.81421983,0.7619905,0.5880152,0.76121366,0.03235480628324291,0.006131067842050014,0.010806409006011713,0.00963407720905121,-0.001435439270443415,0.0032324271237953815,0.004818827174077422,0.00338413854843876,-0.0032169087641207308,0.0,0.0,0.0,-0.0024065089499618435,0.008363092669165169,0.007336332184712122,-0.004090281551565483,0.0063993597520285135
0.864301,0.79284185,0.6964116,0.6835151,0.9444444,0.9,0.7664138,0.38435072,0.3964627,0.9622642,1.0,1.0,0.3964627,0.3964627,0.33574057,0.43357074,0.59621364,0.026588475757997925,0.0026561718810347522,0.0016537641131167966,0.007049245285597885,-0.0015317417869952657,0.0011704687872177212,-0.004416748024493176,-0.00021239075418660666,0.0036485900030801656,0.0,0.0,0.0,0.0033411365426267285,-0.0023314350066598304,-0.0033321260240735217,0.003158442173301636,0.005674129274769644
0.84804237,0.7409406,0.95202523,0.9928678,0.8350502,0.9,0.9,0.66317415,0.6763301,0.9622642,1.0,1.0,0.6763301,0.6763301,0.71199054,0.6591263,0.47721368,0.020761140075595975,0.0017180424503616418,-0.013937817726384751,-0.0038608028176173024,0.0013511498078936388,0.0017176701506726028,0.0036476766133122698,0.009134263832057,0.006643516269360863,0.0,0.0,0.0,0.004634870002104692,0.010760356423767627,0.0027964886324560166,-0.011421474441962376,-0.0005137668182691452
0.79477894,0.7612768,0.8430159,0.9166222,0.8819039,0.9,0.9,0.454939,0.47617024,0.9622642,1.0,1.0,0.47617024,0.47617024,0.5132405,0.40134844,0.5462136,0.015671192615364905,0.003434834069888906,-0.007455500961711167,-0.0033504503648604626,0.0010536972341493001,0.0014712871899971594,0.0050412352810266245,0.004363755386574334,0.00735813705213259,0.0,0.0,0.0,0.006468965237026884,0.004694833625554994,0.001761600705294768,0.006416252690863417,0.003911829078396377
0.648625,0.5756292,0.80725473,0.8960403,0.94465274,0.9,0.9,0.13611536,0.15365687,0.9622642,1.0,1.0,0.15365687,0.15365687,0.27949047,0.15468174,0.47921363,-0.03744497623217794,-0.0038815184702439805,-0.009131962951282643,-0.01298961565974271,-0.0033554404779683245,0.0002712561899115919,0.0023541663138227776,-0.028953159651451017,-0.03797186436117108,0.0,0.0,0.0,-0.029610590768049266,-0.041159863342968166,-0.00756766046054341,0.027154715624339597,-0.0036318539238169877
0.8986251,0.69928604,0.81727684,0.86137426,0.9444444,0.9,0.9034291,0.44199765,0.45816642,0.9622642,1.0,1.0,0.45816642,0.45816642,0.49949056,0.53023744,0.3622136,0.0406065078717359,0.00243678625054577,-0.007060685158230427,0.0008753653419629265,-0.00018602052820508054,0.0009714588325907793,0.004836173420911114,0.003061649621893742,0.006550849999429775,0.0,0.0,0.0,0.005856802561368748,0.002979376149753023,0.0012534995028388235,-0.0033562454774145717,-0.009097960359593177
0.8681472,0.75950354,0.5865183,0.9444444,0.9166222,0.787427,0.9,0.47729188,0.498168,0.9622642,1.0,1.0,0.498168,0.498168,0.56449056,0.41357073,0.51721364,0.02986978854033156,0.002628491072954231,0.005287572702725622,-0.002675203909512137,-0.0005376776766281815,-0.0008598717513990968,0.0033761419656764403,0.005935457536115874,0.007785858489785272,0.0,0.0,0.0,0.006971026885115925,0.005980996087943759,0.0024146141891631346,0.00421626414297978,0.0019246769445725633
0.7518885,0.69679487,0.9291656,0.9119588,0.9444444,0.9,0.8939343,0.53140944,0.5420853,0.9622642,1.0,1.0,0.5420853,0.5420853,0.63699055,0.5880152,0.42621365,0.00200299843267244,0.0020709752712271064,-0.013956724479498663,-0.003846991520044617,0.00012318484233016908,0.000672476067415292,0.0034528090079281866,0.007947069201704716,0.009241629375541708,0.0,0.0,0.0,0.007750836525695498,0.009146034540397698,0.0013644563823433508,-0.009746406684036408,-0.004821367197623285
0.9231587,0.9310345,0.24837404,0.24377452,0.24377452,0.9,0.9,0.54317427,0.5547212,0.9622642,1.0,1.0,0.5547212,0.5547212,0.52574056,0.46912628,0.6252137,0.02835737661035824,0.0036694245657185633,0.015345618229872262,0.015953177043979215,0.003736203047909178,0.0028447092812087012,0.004039813925656801,0.0035072275117273995,0.0045275660396349735,0.0,0.0,0.0,0.0033529064630096373,0.005701973088253408,0.0016517480202344953,0.000690086287418964,0.00413383196978025
0.8444876,0.83756226,0.9185314,0.94615734,0.9444444,0.9,0.80964357,0.44435075,0.46090388,0.9622642,1.0,1.0,0.46090388,0.46090388,0.46949053,0.30801508,0.6642137,0.020679623881009874,0.0026329835509511313,-0.013183014008098794,-0.004931701483873926,0.0007736057378597136,0.0007297547869878286,-0.0006586465658842068,0.002112956872480396,0.00545777895615255,0.0,0.0,0.0,0.004633871642361048,0.0017102847520843287,0.0007377827662918159,0.010951925208701314,0.008601378103990065
0.7879606,0.5286538,0.72052264,0.7071796,0.8132605,0.9,0.9,0.44552726,0.46227434,0.9622642,1.0,1.0,0.46227434,0.46227434,0.26074052,0.4191263,0.70021373,0.010730436898638857,-0.0021316980125973546,0.0007671089499748888,0.005903250959136879,0.0013924359554193023,0.0017452258711679446,0.0044754893299069655,0.0014360350991719994,0.004945303061370858,0.0,0.0,0.0,0.004600322761063162,0.0016593983540461486,-0.006517488244840272,0.004946744828588406,0.009882160351461125
0.5758395,0.6857059,0.71714157,0.9444444,0.7216258,0.66284907,0.9,0.07905668,0.10217681,0.9622642,1.0,1.0,0.10217681,0.10217681,0.33574057,0.11023733,0.2942136,-0.063050767611689,-2.2545233271318716e-05,-0.0016879604657607991,-0.014632554520043018,0.0021524215045672624,-0.00038793268748269936,0.001717909525771208,-0.035667318568491965,-0.044607813428479304,0.0,0.0,0.0,-0.03374682336580406,-0.050023587656938685,-0.006111447142372608,0.03021912917282838,-0.0267141982094729
0.6944876,0.63080776,0.88321656,0.9762011,0.94615734,0.9,0.9,0.5567037,0.5721665,0.9622642,1.0,1.0,0.5721665,0.5721665,0.54574054,0.4291262,0.6872137,-0.0077088875901764435,0.0003313670377771299,-0.010458629647175593,-0.00557903606954775,0.00011379450728655249,0.0020733305408491857,0.004799516740858118,0.005752480189658405,0.00745445233117504,0.0,0.0,0.0,0.006076726977240634,0.007588641252956285,0.0016076600943259606,0.0045631739990674765,0.008536729112379033
0.8832404,0.7914841,0.76662093,0.9444444,0.7071933,0.8046372,0.9,0.6090566,0.6189506,0.9622642,1.0,1.0,0.6189506,0.6189506,0.6694905,0.71912634,0.37921363,0.028620774258324197,0.00341198141659534,-0.00234243443773616,-0.0034011262341962284,-0.0001328193972207919,-0.0016236125734065965,0.005839460358857263,0.008371610958760536,0.005964710117129862,0.0,0.0,0.0,0.004890230342934923,0.008058361288714993,0.0012310785055533221,-0.018073472264788993,-0.0060463613120936574
0.87939423,0.7054941,0.81857395,0.9928678,0.96959347,0.9,0.9,0.702586,0.70857394,0.9622642,1.0,1.0,0.70857394,0.70857394,0.5182405,0.7646819,0.6302137,0.030289789779188926,0.0009217070574201885,-0.005577182016688243,-0.00432289811443326,0.001068999586523125,0.0017100047383327812,0.005599785422052521,0.008968682287695375,0.00673416214654961,0.0,0.0,0.0,0.004053005385564298,0.011164083766086276,0.0014012551586122224,-0.01860127449345586,0.006041065306475382
0.8870866,0.67578477,0.817207,0.9928678,0.8983711,0.9,0.9,0.5167038,0.5306451,0.9622642,1.0,1.0,0.5306451,0.5306451,0.49949056,0.7313485,0.31021357,0.036769289311611046,0.0015012293969843182,-0.006349935806762004,-0.00968952890154131,0.0014027548293615326,0.0008564170468184486,0.005637514504294332,0.005840047822261133,0.007257475693604094,0.0,0.0,0.0,0.00616133039863302,0.0064550682066727375,0.0007540652934299977,-0.022244794445795576,-0.013770869618959765
0.6252568,0.6747346,0.8564,0.9444444,0.9444444,0.70625955,0.50315124,0.31905645,0.34074917,0.9622642,1.0,1.0,0.34074917,0.34074917,0.42699057,0.45579296,0.31821355,-0.03954058878077869,0.0018725883849529054,-0.010582529596628141,-0.012218809546673976,-0.0016595828858396377,-0.001503216387755742,-0.01737467651956835,-0.010250652791232993,-0.006475904259657103,0.0,0.0,0.0,-0.004242707729740975,-0.011647326682261396,-0.0013848760543207067,0.005618170913641117,-0.015857293652351216
0.30631727,0.2785851,0.76757854,0.9444444,0.9762011,0.68673927,0.9,0.23199777,0.25429118,0.9622642,1.0,1.0,0.25429118,0.25429118,0.3019905,0.30023733,0.4612136,-0.16201496697366952,-0.023854925531620955,-0.002600525128979948,-0.013845369431976604,-0.005394294931071933,0.001200782057241502,0.0024533447474376813,-0.017969319620692106,-0.02030898915746709,0.0,0.0,0.0,-0.014632508260023483,-0.025687202487425984,-0.007264455807226444,0.019992349009950547,-0.006672012976120043
0.48650378,0.46169543,0.92265856,0.9055723,0.9444444,0.9,0.49845377,0.77376264,0.77682143,0.9622642,1.0,1.0,0.77682143,0.77682143,0.6982405,0.6069041,0.73821366,-0.06186389377115496,-0.00716956293979226,-0.008684940118536058,-0.0022146993440437927,-0.0017625474925272613,0.0012829890195744647,-0.029325873857457933,0.01097029003548931,0.003559597171905127,0.0,0.0,0.0,-0.0005428864230337052,0.011842192852100739,0.005312791737656533,-0.007072152693536112,0.01244920310721035
0.6752567,0.68446374,0.9020078,0.885304,0.96959347,0.9,0.9,0.6925861,0.7000588,0.9622642,1.0,1.0,0.7000588,0.7000588,0.49574053,0.5980152,0.7722137,-0.012942961510162568,0.0006583994187303262,-0.00974690256962524,-0.0007606715712327075,0.0011049804950314962,0.0017253743012994177,0.005574785507850685,0.0068428665955662625,0.004222174518298618,0.0,0.0,0.0,0.001612677558883369,0.008833435452139486,0.0011301396409633241,-0.006476438484975684,0.011315479476056869
0.8332404,0.69600844,0.7108504,0.9444444,0.9444444,0.6728082,0.71691257,0.77964467,0.79234433,0.9622642,1.0,1.0,0.79234433,0.79234433,0.56699055,0.7035707,0.72821367,0.019631380222234283,0.0013146043199695756,-0.00018595650201587584,-0.002079207588945609,0.0010743525881445394,-0.0075401729808499095,-0.007968495666568529,0.004559744587252357,0.0005095255720449086,0.0,0.0,0.0,-0.000981390020620779,0.007253280769188596,0.0017213607551848755,-0.011771299927632786,0.007463337414366434
0.84833366,0.43026248,0.83820945,0.8226871,0.9928678,0.9,0.9,0.54376256,0.5448051,0.9622642,1.0,1.0,0.5448051,0.5448051,0.8294905,0.38468182,0.5252136,0.02609700856755428,-0.009004945442493494,-0.005361310737838921,0.0019385015964754515,-0.0007424914975359252,0.000876285567997127,0.0051541624350072745,0.006561842434049012,0.008596178684845716,0.0,0.0,0.0,0.006640548499524399,0.008458183027232091,0.0017708522267962548,0.007464137051478647,0.0020480712094139665
0.77525675,0.47877213,0.8694121,0.9444444,0.9444444,0.8128726,0.51323473,0.5119977,0.5277303,0.9622642,1.0,1.0,0.5277303,0.5277303,0.4894905,0.5369041,0.52221364,0.005023373713071746,-0.004073428551584121,-0.008328812381859056,-0.005869567703635661,-0.0006236821691498019,-0.00027479165796756425,-0.030760001453071454,0.00395044369333959,0.005668611254500848,0.0,0.0,0.0,0.004627885715113525,0.004726957190556989,0.0004589800129311823,-0.0029728023255478023,0.0007385349567227243
0.89151543,0.89943874,0.36537054,0.9444444,0.35860443,0.8694574,0.9,0.53140944,0.54627883,0.9622642,1.0,1.0,0.54627883,0.54627883,0.5107406,0.32690397,0.6882137,0.021180396605202705,0.0031022518208724155,0.006726805954468836,-0.004769894531155522,-0.0050789301638313866,0.0005443505888835721,0.0038401393557543407,0.004797373582577733,0.005591221272364452,0.0,0.0,0.0,0.005265846698629442,0.004480160940477598,0.0005438969717195473,0.006353151950374506,0.005793643542630718
0.76430094,0.46830276,0.7734863,0.9444444,0.9444444,0.763027,0.45269266,0.5549389,0.5671779,0.9622642,1.0,1.0,0.5671779,0.5671779,0.52449054,0.38468182,0.70721364,-0.002733513506428158,-0.006228392557216311,-0.004294920515239919,-0.005744794225167393,0.0013281622470619494,-0.0019535777513077805,-0.03683049716950101,0.005699704312702067,0.006103316315259547,0.0,0.0,0.0,0.004053399159598933,0.006634040086692654,0.001669443202526439,0.006530302924529862,0.008390273176046228
0.54891634,0.30347037,0.6415599,0.9444444,0.62967914,0.2933547,0.9,0.5284683,0.54933286,0.9622642,1.0,1.0,0.54933286,0.54933286,0.42699057,0.74801517,0.41321364,-0.057426801306105286,-0.019747417578128427,0.0019499328581377338,-0.012138459697988865,0.0024416167496543253,-0.02913229769632746,0.003397701670641885,0.006249002092334911,0.008615172843376907,0.0,0.0,0.0,0.0066989267176432166,0.0087494701598209,-0.000956040372223924,-0.027005207898307716,-0.006282589881406373
0.813427,0.65530735,0.8836018,0.9444444,0.9444444,0.90037495,0.685818,0.4402331,0.45751652,0.9622642,1.0,1.0,0.45751652,0.45751652,0.50699055,0.5724596,0.44621363,0.02100332569016142,0.0007639049275485761,-0.01082854046547669,-0.007090206823799971,0.00028599687154008316,0.0011031036309640343,-0.010967243374984227,0.000924548732101568,0.0050359492001569965,0.0,0.0,0.0,0.004235517051923881,0.0012913228591233238,0.0015757337418788595,-0.0065919954534942584,-0.003356384111043318
0.6104548,0.71042025,0.8352955,0.8198271,0.9444444,0.9,0.6867396,0.41729197,0.43332955,0.9622642,1.0,1.0,0.43332955,0.43332955,0.5394905,0.32801512,0.4702137,-0.038689469910683616,0.0014594390201880829,-0.005583569503569676,0.0006237702451178497,-0.0032337199487754253,3.236944209307603e-05,-0.010168740971641617,0.0008399743955800252,0.0037294584365424426,0.0,0.0,0.0,0.004046573704589019,0.0006596794659436977,0.0032867534331539414,0.011303437022968637,-0.001988777876374441
0.7480424,0.9084271,0.722166,0.9444444,0.9444444,0.8781462,0.79684675,0.7555274,0.76489496,0.9622642,1.0,1.0,0.76489496,0.76489496,0.8532405,0.51357067,0.6292137,0.003550594329274839,0.006122782664357214,8.939063609092746e-05,-0.0028338676943202522,-0.0005762803449975547,0.0010914696477751348,-0.0016865288051086283,0.007061739770934863,0.0030381211544905284,0.0,0.0,0.0,0.0007001292925924573,0.010010239287744489,0.005896357809054872,-0.0015054184961536532,0.0061537854145675246
0.5101635,0.67211795,0.76014394,0.9444444,0.8946856,0.64971405,0.9,0.5219978,0.5379009,0.9622642,1.0,1.0,0.5379009,0.5379009,0.46949053,0.49468178,0.6442137,-0.06534484092555849,0.0006988563717739447,-0.0029489105960143086,-0.007060506876717332,0.000853022532176061,-0.007425874655642862,0.0032023809242215763,0.0068817254256979465,0.00935513129562748,0.0,0.0,0.0,0.008152115528222644,0.009565666465645176,0.0010342946567572825,-0.0007936200526528066,0.009777091813268074
0.42910293,0.5475829,0.8280373,0.9444444,0.9928678,0.7431204,0.9,0.2796448,0.29487276,0.9622642,1.0,1.0,0.29487276,0.29487276,0.14199042,0.286904,0.7212137,-0.10428926802284712,-0.005451840397960408,-0.008067880498024737,-0.011600244119686878,-0.003854131340749294,0.00035831272446408405,0.0029371357215444084,-0.012636902361119988,-0.01509249699495853,0.0,0.0,0.0,-0.011082659158121446,-0.01874165400084687,-0.016476608419508824,0.019743724377140042,0.022182754126917493
0.9231587,0.9310345,0.365038,0.35827807,0.35827807,0.9,0.9,0.7296448,0.7431749,0.9622642,1.0,1.0,0.7431749,0.7431749,0.6019906,0.66357076,0.6912137,0.0216383360608166,0.003512233921487232,0.010017835265455542,0.009888389588923402,-9.42323563269254e-05,0.0021673530393883614,0.004871133681507916,0.0039200773403513045,-0.00035524265035739085,0.0,0.0,0.0,-0.0002945997390945515,0.008590385573656626,0.0038359660741892655,-0.0066982473908769715,0.004596584082373675
0.86045486,0.76578337,0.6937348,0.6808879,0.9444444,0.9,0.7163668,0.29729182,0.31712154,0.9622642,1.0,1.0,0.31712154,0.31712154,0.4394905,0.46801513,0.33421364,0.028485172983157874,0.003769374097225315,0.0002480291082355969,0.009422043360989134,-0.0038604357309660556,2.5345804005727086e-05,-0.006257080838089226,-0.007927256235265454,-0.005468599859110407,0.0,0.0,0.0,-0.003762325166980437,-0.011983056158609817,4.074178645264506e-05,0.002005053158882578,-0.012994799260080741
0.25217983,0.46170765,0.78434914,0.9762011,0.96959347,0.9,0.9,0.17670351,0.1937222,0.9622642,1.0,1.0,0.1937222,0.1937222,0.10074043,0.4635707,0.4952137,-0.19095996485087213,-0.014080075549372479,-0.007741554397090276,-0.024648500883944706,-0.007655127255925058,-0.000575099490474077,0.0020946357310227676,-0.027747931593161964,-0.03151049649817011,0.0,0.0,0.0,-0.024523683834504366,-0.035961759376474174,-0.01904610016237613,0.0033952633274648264,-0.002924811541896249
0.72525674,0.620432,0.8434268,0.9463495,0.8405097,0.9,0.9,0.41199762,0.4316131,0.9622642,1.0,1.0,0.4316131,0.4316131,0.42574054,0.41912618,0.5462136,-0.00674593584113568,-0.0010180370653265285,-0.007777331096103766,-0.010076350835362074,0.00220396937615102,0.00174652540265926,0.00475493097064398,-0.0008335662247783331,0.002823879319251249,0.0,0.0,0.0,0.002319277670129318,-0.0008177347995367676,0.00036198582731014866,0.008093214757057661,0.0027735225012206753
0.7637183,0.7409406,0.8070837,0.9444444,0.9928678,0.86744845,0.9,0.39376247,0.4109198,0.9622642,1.0,1.0,0.4109198,0.4109198,0.5494905,0.3902374,0.49721366,0.009750068857025286,0.004256455569429671,-0.004535110660350128,-0.007774084985648368,-0.0013510745745120608,0.0006569895640389117,0.004572411006107168,-0.0016792426401071301,0.001177242727833049,0.0,0.0,0.0,0.0009441615463210075,-0.002675174830617515,0.0021147301203182887,0.008568961191618717,-9.841263330911856e-05
0.9214106,0.8404754,0.83072126,0.9444444,0.9166222,0.8124595,0.9,0.8567037,0.8591956,0.9622642,1.0,1.0,0.8591956,0.8591956,0.8907405,0.6380152,0.58021367,0.03300467278753247,0.0045205326607941475,-0.0064719447768437485,-0.0015602947461861374,0.0012279473131795162,-0.0005621230670645527,0.006903029131672449,0.004097823693553218,-0.00012217938979557273,0.0,0.0,0.0,-0.0028512840118572547,0.008690747198169842,0.004741405332569021,-0.007805165004358551,0.00286188238499119
0.86843854,0.73751277,0.716611,0.9292485,0.7125601,0.9,0.9,0.45435074,0.46945336,0.9622642,1.0,1.0,0.46945336,0.46945336,0.46199054,0.48468187,0.5452136,0.027163192955592698,0.001252640467707868,0.0010052264953301132,-0.004353431875926647,0.0007100063311169244,0.0008557401755766927,0.004221566767017182,0.003629021493041609,0.006621730105406673,0.0,0.0,0.0,0.0053741425562235925,0.0034043819856078177,0.0003500710250822158,0.0008857805555695786,0.0030983281725680866
0.9231587,0.9310345,0.33992702,0.33363208,0.33363208,0.9,0.9,0.6237625,0.64461786,0.9622642,1.0,1.0,0.64461786,0.64461786,0.54574054,0.566904,0.62821364,0.026781348501955765,0.002953188653952674,0.012834680182683984,0.012124653207513563,0.0014997343565014054,0.0024839257165879982,0.00268584395561406,0.004674196121949003,0.003304692269959974,0.0,0.0,0.0,0.002130538061637905,0.008318723676516482,0.0021322972571057777,-0.003322754827548624,0.0036905688355499478
0.7406414,0.8243242,0.9185314,0.9762011,0.9444444,0.9,0.79684675,0.21317425,0.23051584,0.9622642,1.0,1.0,0.23051584,0.23051584,0.35199058,0.35801518,0.36021367,-0.008732745719255917,0.005005833412694405,-0.017665974564986173,-0.01913004227665375,-0.0010924467734700078,0.0004137144675241202,-0.0011679468528557361,-0.02440812288243256,-0.023243152291184517,0.0,0.0,0.0,-0.01917737831417919,-0.026471360399854236,-0.003855962402841231,0.012551100917349615,-0.015769277902792252
0.9148837,0.87604517,0.79370564,0.82252055,0.8519061,0.9,0.9,0.25317428,0.27373463,0.9622642,1.0,1.0,0.27373463,0.27373463,0.3594905,0.20357068,0.5612137,0.036791256209097074,0.002605350315204882,-0.005991931529077563,0.0016851379275423261,0.0013679227707217674,0.0008874056555845534,0.003432011560414815,-0.01138200176739001,-0.010609076799105643,0.0,0.0,0.0,-0.009641049326691839,-0.01569836896198463,-0.003999556722738213,0.013121879996263916,0.0037960099243966377
0.49448755,0.5199919,0.88246953,0.9444444,0.79795897,0.5597567,0.9,0.21082127,0.23278156,0.9622642,1.0,1.0,0.23278156,0.23278156,0.14199054,0.59357077,0.27221364,-0.09314950461006868,-0.0076710804842623215,-0.016206812108987036,-0.01779616479069073,0.0012164707990422444,-0.0034101753425374733,0.0025013368229937693,-0.023286177070864264,-0.024154674927299228,0.0,0.0,0.0,-0.01765138682899842,-0.028311320219800016,-0.016113256888004024,-0.009183647308074189,-0.0256700977403027
0.54477894,0.7655489,0.752633,0.9762011,0.9928678,0.9,0.9,0.26905656,0.28857473,0.9622642,1.0,1.0,0.28857473,0.28857473,0.15699053,0.5169041,0.41021365,-0.07112730627425412,0.0048914054202768495,-0.002069044923879636,-0.015718432109598047,-0.0047050283670372626,-0.0003925238423021901,0.00248418645355754,-0.016780085422920043,-0.016777925429715426,0.0,0.0,0.0,-0.01322576433384812,-0.019951656105728913,-0.01448068732344296,-0.0013132617336981665,-0.011613763669984265
0.9231587,0.9310345,0.25517327,0.25044784,0.25044784,0.9,0.9,0.5419977,0.55656683,0.9622642,1.0,1.0,0.55656683,0.55656683,0.58699054,0.7169041,0.35121363,0.03563429455112669,0.003993763826764288,0.016800355816099285,0.020920389518425567,0.005076166700842333,0.0023155203117862936,0.003145313716825677,0.0059236359544584975,0.005455929483213211,0.0,0.0,0.0,0.004603047942315099,0.007142580311288351,0.0024950890304608264,-0.011379831717857008,-0.005067496043488452
0.82671344,0.61783975,0.7894563,0.7748367,0.77038974,0.9,0.9,0.63964486,0.6537188,0.9622642,1.0,1.0,0.6537188,0.6537188,0.5519905,0.5046819,0.6442136,0.017437170707285315,-0.0012860237416559613,-0.004086647965584592,0.002985475046765828,0.0016942715031117617,0.0020615330528300207,0.0038952517034142498,0.008034530180561652,0.008177136686781102,0.0,0.0,0.0,0.0051361120059004286,0.010618718161239472,0.0018936689829659814,-0.0017501055617214004,0.00671917603693738
0.76342696,0.5409492,0.7960835,0.9444444,0.9444444,0.52291757,0.9030832,0.5508214,0.56364286,0.9622642,1.0,1.0,0.56364286,0.56364286,0.42074054,0.4380152,0.69721365,0.004487456205449796,-0.002637306749543469,-0.0036968955465003822,-0.001687557660106197,-0.000243288482444129,-0.018556501335821405,0.0056043765108740795,0.004697829491380051,0.0066176644524074315,0.0,0.0,0.0,0.004974631630819496,0.007376315266526672,-0.0012734929267227025,0.0042426353505034264,0.010414599338358373
0.6719933,0.7104368,0.5675045,0.8555725,0.9444444,0.9,0.6867556,0.21376263,0.23693804,0.9622642,1.0,1.0,0.23693804,0.23693804,0.09199047,0.39579284,0.4612136,-0.024199272282406117,0.002812258302499081,0.009125858639259032,0.0005769210399782444,-0.003693852803673085,0.0008053193692348166,-0.0060539892818347926,-0.018626842599104795,-0.017761956773205866,0.0,0.0,0.0,-0.013979991378565815,-0.023364194700721104,-0.01732942921476628,0.007436904978391609,-0.0050660739910173835
0.6675645,0.73751277,0.82126933,0.9444444,0.9928678,0.71292895,0.9,0.34788042,0.3643327,0.9622642,1.0,1.0,0.3643327,0.3643327,0.47699058,0.36690405,0.4242137,-0.029700789229099786,0.002622302335689686,-0.0074750468402781135,-0.009425152578753487,-0.001834269157510544,-0.002057476298235767,0.0017229768419960195,-0.006435669518762448,-0.004827263769531448,0.0,0.0,0.0,-0.003842671513298051,-0.009299747523814197,0.0013170651047235077,0.011075747709299342,-0.008921681998716836
0.84891635,0.8792275,0.7241087,0.87387097,0.9928678,0.9,0.9,0.32023308,0.3386985,0.9622642,1.0,1.0,0.3386985,0.3386985,0.10074043,0.51245964,0.62121373,0.022028140265809886,0.0032946739288388827,0.00035692662943160274,-0.0008529547591070377,-0.0014380483408035335,0.0019184508069488276,0.0030321170206214854,-0.007396908129330157,-0.006419946921641311,0.0,0.0,0.0,-0.006236556690912842,-0.009879052667647771,-0.018214148978967736,-0.0006290831044994842,0.008817937133402731
0.48650384,0.42426872,0.82435906,0.8090931,0.9444444,0.9,0.7341867,0.5443508,0.559686,0.9622642,1.0,1.0,0.559686,0.559686,0.46324056,0.40245956,0.7212137,-0.06661963329171584,-0.009994376644028698,-0.004528792962708032,0.0022037778206187974,-0.0036379404716158797,0.0008677226371059013,-0.006782985797141034,0.005850261843055971,0.008609543364394887,0.0,0.0,0.0,0.006527688410852805,0.008967061541407344,0.00010202958855535203,0.006087287126860934,0.014149556260349493
0.47170195,0.31988132,0.8780026,0.9444444,0.92906505,0.7937475,0.9,0.434939,0.4488433,0.9622642,1.0,1.0,0.4488433,0.4488433,0.6282405,0.26134852,0.5402137,-0.08639321334804169,-0.021716832056109806,-0.008003485243502253,-0.007404142597380385,-0.0013928198341209333,0.0006480599124269638,0.003300853411046703,0.0013890296061763363,0.0031595214298289057,0.0,0.0,0.0,0.0033711537448080867,-4.448040355984277e-05,0.004705220191060947,0.020238391234481203,0.00395896507847999
0.6989164,0.73751307,0.6370506,0.8960403,0.9444444,0.9,0.71292925,0.5255272,0.5416282,0.9622642,1.0,1.0,0.5416282,0.5416282,0.4394905,0.60134864,0.5792136,-0.009278433566975962,0.0024136776332867975,0.0025377104025059226,-0.0027518034440636653,-0.0015793482574530562,0.0005739674156524066,-0.01014225779841755,0.0050009581085119995,0.007135055766082925,0.0,0.0,0.0,0.00491478878938651,0.0056019299751515535,-0.00030289916332103815,-0.007277969323834872,0.004089756255361947
0.6175645,0.5683715,0.8836018,0.9705012,0.9463495,0.9,0.9,0.4625859,0.4745257,0.9622642,1.0,1.0,0.4745257,0.4745257,0.3582405,0.56579304,0.50121367,-0.0437916152968885,-0.005161987296691102,-0.008818269004140832,-0.01162049543685628,-0.00245919053498561,0.0004930509446843555,0.0037937461602837496,0.0031386015841553625,0.006086743988548274,0.0,0.0,0.0,0.005221168041373463,0.0032802076168788235,-0.0023677948370898864,-0.006395498937796612,0.0005470450451041661
0.8367953,0.7204775,0.8264962,0.9151263,0.9444444,0.9,0.70271355,0.6408211,0.6547426,0.9622642,1.0,1.0,0.6547426,0.6547426,0.48199058,0.65690404,0.6022137,0.01870169413266679,0.0016154746129167675,-0.006005268910610146,-0.0017381703281549455,0.0002529121401696439,0.002064186070407113,-0.0099327953587525,0.008033667191127828,0.0058967705616020764,0.0,0.0,0.0,0.003988093171492582,0.009292925942444092,0.00040730493768848804,-0.010341376705969582,0.005268918326574905
0.5675645,0.6508124,0.86568826,0.96959347,0.8254545,0.9,0.9,0.6002332,0.6120475,0.9622642,1.0,1.0,0.6120475,0.6120475,0.48074055,0.765793,0.4902137,-0.05030199534575467,-0.0010086636602719653,-0.008144657013434992,-0.008652372014481885,0.0014337539383846103,0.001512272435477324,0.0034906059322486584,0.01119602815218773,0.010226838364921515,0.0,0.0,0.0,0.007843336317139423,0.01229314851034225,0.0007916648263345281,-0.025777385519471015,-0.0007378048823227991
0.77199334,0.81457967,0.8638138,0.86476505,0.9928678,0.9,0.9,0.2596447,0.2708221,0.9622642,1.0,1.0,0.2708221,0.2708221,0.5932405,0.24245961,0.39421368,0.005889659523444873,0.004554615872430462,-0.010166305427368572,-0.004021587490150373,-0.0027789639634793993,0.0009380734277354742,0.0023741887332645335,-0.01492523014505755,-0.01568431099862984,0.0,0.0,0.0,-0.013511799450025808,-0.019882561193243796,0.004511726198670834,0.01860525699359199,-0.010951588625368252
0.72554815,0.8209108,0.9032486,0.92906505,0.9762011,0.9,0.9,0.37435073,0.39228544,0.9622642,1.0,1.0,0.39228544,0.39228544,0.48324054,0.5491263,0.26021355,-0.010638669479619847,0.005713669831678385,-0.014069255272623194,-0.011318565261751195,-0.0015693814198077837,0.00033519041107691575,0.00215176187587063,-0.005394584553202983,-0.0028805434339982993,0.0,0.0,0.0,-0.00219062717290301,-0.005769663523660079,0.0015583004555028196,-0.004740419373024402,-0.023920513228506284
0.6101635,0.6790013,0.6326565,0.9444444,0.9762011,0.6599131,0.9,0.32082132,0.3420083,0.9622642,1.0,1.0,0.3420083,0.3420083,0.2294904,0.42245972,0.4742136,-0.04817638422503861,0.0008897497961990581,0.004146302207437752,-0.01291922154555176,-0.0048271791950694485,-0.0031387207619224694,0.0023215692150053095,-0.007545138249997739,-0.006138207174140237,0.0,0.0,0.0,-0.004445965505456233,-0.011586898718805779,-0.011071587961298479,0.006576757587968931,-0.003298708081864518
0.8444876,0.5201173,0.817207,0.9444444,0.9463495,0.5027801,0.9,0.3767036,0.39379078,0.9622642,1.0,1.0,0.39379078,0.39379078,0.19699049,0.5680152,0.62421364,0.030723113431492186,-0.0019100015278134333,-0.007833619059005327,-0.006242999710611586,-0.0005920955534458808,-0.02207988115153122,0.0032014291437787957,-0.0003745437037405874,0.0021840604930805307,0.0,0.0,0.0,0.001792312014449235,-0.0028128199061447762,-0.012610117162441804,-0.00784728449260007,0.009613104976716372
0.70217985,0.7655489,0.9038755,0.9928678,0.9444444,0.9,0.7400306,0.10611545,0.12642768,0.9622642,1.0,1.0,0.12642768,0.12642768,0.29324055,0.36023745,0.12621355,-0.02111143504287094,0.0035132728408660925,-0.015282860165846629,-0.02008538392293451,-0.0036873060233704215,6.924623829645227e-05,-0.0022019922556630574,-0.03469865031737612,-0.036581023701266424,0.0,0.0,0.0,-0.027294565101980958,-0.04217389012318083,-0.0075510574146449546,0.012089297158062855,-0.042828303164182645
0.879977,0.8243242,0.7104986,0.6973412,0.9444444,0.9,0.79684675,0.5190567,0.5353991,0.9622642,1.0,1.0,0.5353991,0.5353991,0.66074055,0.4580151,0.45621365,0.024548567056051986,0.0022550248782434398,0.00039496553661807473,0.005097062317482807,-0.001657181098787137,0.0014604288207311234,-0.002914884120062805,0.004899775345825025,0.006602783160292319,0.0,0.0,0.0,0.005248723725431729,0.005641543138551926,0.003941164114546664,0.0024256416358279663,-0.0026130438235026964
0.7563174,0.7655489,0.7617645,0.9444444,0.9166222,0.84684366,0.9,0.20317414,0.22637174,0.9622642,1.0,1.0,0.22637174,0.22637174,0.05074048,0.57912636,0.3272136,-0.0012180822274718772,0.004166721584262994,-0.004139040036014667,-0.013200583796857922,-0.0017988858064886266,2.5635420521961956e-05,0.0015277316687996223,-0.02350839080282741,-0.022148911738725987,0.0,0.0,0.0,-0.01914269237553176,-0.027594096730109444,-0.020527111190874418,-0.006388294735886337,-0.02047681931546836
0.21698177,0.2955932,0.9020078,0.9444444,0.9444444,0.7162444,0.2857401,0.24964479,0.26593903,0.9622642,1.0,1.0,0.26593903,0.26593903,0.48949057,0.35357073,0.36721364,-0.20278289394858362,-0.025476184841653707,-0.012071702530696133,-0.013089561235818527,-0.005886943396589346,0.0006848763045854595,-0.025749542965506737,-0.018548160621674113,-0.017984903571547247,0.0,0.0,0.0,-0.010932773730454821,-0.02566425004479897,0.0027661670326729077,0.016362321289413888,-0.017254129272553036
0.73679525,0.67639756,0.7787292,0.9444444,0.9444444,0.653851,0.6538512,0.46670365,0.4846906,0.9622642,1.0,1.0,0.4846906,0.4846906,0.42574054,0.5313485,0.50121367,-0.005680008545303261,0.0015568590475480504,-0.0035743826333566155,-0.005753694566934068,-0.0006994191636192195,-0.007233015933524798,-0.013563409076181233,0.0033330857785144196,0.0061555136282353505,0.0,0.0,0.0,0.00537441856760402,0.004387646230211701,-0.0004233819750672779,-0.0032078605108772527,0.0002872578728632537
0.9231587,0.9310345,0.38582137,0.37867653,0.37867653,0.9,0.9,0.7484683,0.763752,0.9622642,1.0,1.0,0.763752,0.763752,0.55199057,0.76801515,0.6042137,0.0313692511940718,0.003905749443500227,0.010735238342823058,0.012692249649423252,0.0006050703413329163,0.0020301775825577913,0.0046151380968488705,0.006782825299005174,0.0009575946275511427,0.0,0.0,0.0,0.0003259087643676044,0.011932900721208742,0.002688169869181773,-0.013558470796303242,0.00425062172910584
0.80276257,0.7341266,0.5959295,0.9928678,0.9928678,0.9,0.9,0.47788015,0.49098858,0.9622642,1.0,1.0,0.49098858,0.49098858,0.4132406,0.3624596,0.6602137,0.01496983505301016,0.0024319522102811534,0.003859462254426446,-0.007409729480156097,-0.001288491569932797,0.0009575806969171753,0.004713708153634873,0.004462029325912633,0.006754879550286281,0.0,0.0,0.0,0.005226722465096617,0.004550702562295665,-0.0013071145579588773,0.006188498643982417,0.010518992452799875
0.9181472,0.87604517,0.78712356,0.7725472,0.9444444,0.9,0.90037495,0.14317411,0.16016878,0.9622642,1.0,1.0,0.16016878,0.16016878,0.52074057,0.21579286,0.25121364,0.04733403359549796,0.005232244272013997,-0.005454885999798469,0.003527354717802066,-0.0019359231894931967,-0.00010378554482918551,0.0027528581735137368,-0.025123856741509066,-0.031951751615348946,0.0,0.0,0.0,-0.026380664192626767,-0.034018477326503226,0.002590502238974337,0.017268008613922668,-0.025267767878188407
0.8527625,0.76578397,0.8079587,0.7929965,0.83504254,0.9,0.9,0.4572921,0.475205,0.9622642,1.0,1.0,0.475205,0.475205,0.48199058,0.52801526,0.4612136,0.024505271386638383,0.0030889263016752938,-0.0060203154037680685,0.004647159567427582,0.001337950400111036,0.0011431030718486513,0.005306756510364361,0.0034593703204820175,0.007476920731198188,0.0,0.0,0.0,0.006680907630830457,0.003327595413574151,0.000510426609366745,-0.0017972011817428246,-0.0022235699436284942
0.75602597,0.50921416,0.92880934,0.9928678,0.9444444,0.9,0.71291745,0.17729165,0.19422963,0.9622642,1.0,1.0,0.19422963,0.19422963,0.33449042,0.17801507,0.4372136,-0.0003343460400679632,-0.006995683295873531,-0.01767745323451163,-0.01816795454447051,-0.0008644347619247685,-2.137877866363536e-05,-0.0030779837359874045,-0.022409660600261744,-0.02838014069389979,0.0,0.0,0.0,-0.022160231452307087,-0.031070341924129278,-0.004537766052800398,0.02217478783922795,-0.005388974736237569
0.8054433,0.65767056,0.9288377,0.9444444,0.9444444,0.6357482,0.84094656,0.5531742,0.57139343,0.9622642,1.0,1.0,0.57139343,0.57139343,0.3169905,0.6780152,0.6552137,0.009285209941954347,-0.0003162119749299103,-0.01639339556992105,-0.0035931259632837743,0.0009713591872851923,-0.010954546670169351,-7.351404212786142e-05,0.006717123044881456,0.008047784833635883,0.0,0.0,0.0,0.006790782548311656,0.008156116710757666,-0.004983997349348041,-0.013485169077680166,0.007685195959543768
0.5483337,0.49578527,0.7591712,0.9444444,0.94615734,0.957162,0.9,0.09140957,0.10854926,0.9622642,1.0,1.0,0.10854926,0.10854926,0.30949044,0.27134854,0.22721367,-0.07333876681593286,-0.009197325254408624,-0.002472796782489164,-0.012810035253106969,-0.003446865973365905,-0.0008867031607651477,0.002243809387776475,-0.03529565479644321,-0.04531438320245304,0.0,0.0,0.0,-0.033601307152122235,-0.048410481183760325,-0.005266480885975878,0.02034057432977102,-0.034385325930267545
0.7335318,0.71042025,0.6707275,0.94615734,0.9444444,0.9,0.6867396,0.42552724,0.44397533,0.9622642,1.0,1.0,0.44397533,0.44397533,0.35699058,0.58912635,0.41221362,-0.0021046396097439456,0.0022554667278772574,0.0018638180176489732,-0.00836613548911488,-0.001653489367031687,0.0001994149650098157,-0.008474237075031785,-0.0017938399592265799,0.0025672456834670743,0.0,0.0,0.0,0.003333060708753791,-0.0008462195074255463,-0.0017712851484604447,-0.0071708282565183055,-0.007698236025025472
0.9231587,0.9310345,0.036609408,0.035931457,0.035931457,0.9,0.9,0.109056585,0.1294148,0.9622642,1.0,1.0,0.1294148,0.1294148,0.14199042,0.25245953,0.43921366,0.034605408931703045,0.003540861125645796,0.03025610678224817,0.0513655243177669,0.002167122794893965,0.0016603053230670967,0.001546238897707461,-0.015276421245803484,-0.011008908982087028,0.0,0.0,0.0,-0.00735762118511193,-0.02691949708224988,-0.00868622961119691,0.009854709337689357,-0.003523143784352082
0.7909328,0.8409027,0.82259923,0.9762011,0.9444444,0.9,0.8128726,0.31140944,0.33011284,0.9622642,1.0,1.0,0.33011284,0.33011284,0.46949047,0.17801517,0.5382136,0.006884562247278441,0.002777914273612546,-0.008102679641592999,-0.01012777705663372,-0.0004208661898006377,0.0011572682736536164,-0.000975722376842398,-0.009870356534780425,-0.008160809815725265,0.0,0.0,0.0,-0.006563383044963484,-0.011720683642802215,0.0005953307391605596,0.020560900823917296,0.0019597552235545625
0.49716833,0.7496933,0.9185314,0.9444444,0.9444444,0.7247035,0.6031143,0.45670363,0.47823364,0.9622642,1.0,1.0,0.47823364,0.47823364,0.5957405,0.36912632,0.45521364,-0.06973603939899593,0.0036470600508680335,-0.012526104235889983,-0.008610988398622706,-0.0014110075877029394,-0.0018838149804449344,-0.01707124839468765,0.0026936771995656594,0.006897021706146616,0.0,0.0,0.0,0.005151759783073662,0.004363408813638182,0.005768483208802214,0.011008880484520776,-0.0031874087855723737
0.9231587,0.9310345,0.38334957,0.37625048,0.37625048,0.9,0.9,0.724939,0.7361199,0.9622642,1.0,1.0,0.7361199,0.7361199,0.66574055,0.48468176,0.75121367,0.024502332786692543,0.004225066318733752,0.009853397117344363,0.007446074152405465,0.00022977247901767307,0.0018794731463644423,0.004244845670915397,0.0020279771538658977,-0.0020111712894653683,0.0,0.0,0.0,-0.0023968119596814753,0.006442744162675168,0.004788162002667896,0.0010577068221856965,0.0052489804254004626
0.8415154,0.8061443,0.66719615,0.6548407,0.9762011,0.9,0.9,0.6278801,0.64564645,0.9622642,1.0,1.0,0.64564645,0.64564645,0.48199052,0.7402374,0.47721368,0.02096658286475877,0.004477265140619369,0.0019003536578720006,0.004664699566574862,-0.0019247994241546823,0.0025581390499238477,0.004565927205689799,0.006079993869717965,0.004152271441206817,0.0,0.0,0.0,0.0019926415591961224,0.008456603297645927,7.299997375151079e-05,-0.013904731945393035,-0.0009783989932739855
0.6566087,0.7104368,0.6947024,0.8782023,0.9444444,0.9,0.6867556,0.42082137,0.4322604,0.9622642,1.0,1.0,0.4322604,0.4322604,0.48449057,0.48357064,0.4702137,-0.03163091004510522,0.0015637838406717453,0.0004360592914233387,-0.0050525825043588705,-0.00287199286222634,-0.00011871172882500371,-0.010000243918038674,-0.0017147564033304723,0.0016438090537175044,0.0,0.0,0.0,0.0026004399099342516,-0.00218855018672308,0.00089472107603027,0.0019599206532540537,-0.0030664668191918904
0.9231587,0.9310345,0.3029051,0.29729575,0.29729575,0.9,0.9,0.6090565,0.6169336,0.9622642,1.0,1.0,0.6169336,0.6169336,0.7207405,0.38468182,0.6742137,0.028235878105314884,0.004200939570375297,0.012760557409199756,0.011045184060927941,0.0024465197350082603,0.001718571141193187,0.004946184061590158,0.0030972975475170583,0.00366185270305783,0.0,0.0,0.0,0.0017226520156335117,0.006352804029772564,0.006093553479726008,0.0039590097039451,0.0044636898924539144
0.7412241,0.73750085,0.6071326,0.9444444,0.6215592,0.7937475,0.9,0.28552717,0.30250618,0.9622642,1.0,1.0,0.30250618,0.30250618,0.15699041,0.41468185,0.50121367,-0.0064547243520703245,0.003025973370608381,0.00804845784847468,-0.011229313461072659,0.0019002455772529569,-0.0009319711323979328,0.0034192668384807902,-0.014603351732375197,-0.009430403972487114,0.0,0.0,0.0,-0.010045339550332434,-0.015055775066797165,-0.01242497574698211,0.006972547486774807,-0.0014292084194570168
0.5101635,0.6794768,0.7509454,0.88713706,0.9762011,0.9,0.9,0.26317418,0.2841649,0.9622642,1.0,1.0,0.2841649,0.2841649,0.31449044,0.49579293,0.2942136,-0.08917368179963187,-0.0001754193105696602,-0.002008878764566107,-0.007851700817093,-0.005200336362428719,0.0003052410814635597,0.002862545531544088,-0.017101131061536677,-0.017862362929777484,0.0,0.0,0.0,-0.012665361385269738,-0.02084523429121318,-0.005792459340633136,0.0009339288012128355,-0.0246908811009717
0.548625,0.630593,0.77717936,0.76278716,0.9444444,0.9,0.60957325,0.36140937,0.38126123,0.9622642,1.0,1.0,0.38126123,0.38126123,0.43449056,0.37579292,0.39321366,-0.06518200129763109,-0.0028996546105177273,-0.0032828279278446686,0.0026839366961967813,-0.0065165543456141275,0.0002108212483031134,-0.013443222864604453,-0.004007594953076701,-0.0020770688999034214,0.0,0.0,0.0,0.00022569955233500943,-0.0049515796711130985,0.00014740177382432118,0.009045374249626483,-0.010381288884063023
0.9145923,0.7961933,0.65957355,0.64735925,0.9928678,0.9,0.9,0.33435082,0.35003474,0.9622642,1.0,1.0,0.35003474,0.35003474,0.57449055,0.36468178,0.39321366,0.039378406549259656,0.003959603356504582,0.002149738526200255,0.010413220279602233,-0.0037121558177676834,0.000100557009581859,0.004016235858923532,-0.004153569026740835,3.5860071733837334e-05,0.0,0.0,0.0,-8.053924724550736e-06,-0.008476332222481744,0.002099181524507184,0.008596923550810872,-0.007511997773048956
0.6681472,0.68572336,0.6582473,0.9928678,0.72161084,0.9,0.9,0.27435067,0.29000908,0.9622642,1.0,1.0,0.29000908,0.29000908,0.27449048,0.11023744,0.6752137,-0.02386905476434575,0.0003759870159198877,0.0036079774706853558,-0.015211913933741899,0.0029217129633741473,0.00029271370172434633,0.0026773182128179422,-0.012468287656447176,-0.013537860021711113,0.0,0.0,0.0,-0.01307578176106746,-0.017952568143403916,-0.006409432193070941,0.02738412415708708,0.012796676417353648
0.6681472,0.7306133,0.7584147,0.74437,0.9444444,0.9,0.70625955,0.49493903,0.5160956,0.9622642,1.0,1.0,0.5160956,0.5160956,0.42824054,0.55023736,0.53221357,-0.0184513136635541,0.002302206436106476,-0.0023557063083913107,0.005571048422272967,-0.0024211821526697774,0.0008212306887614272,-0.00919219787170269,0.00295610498405539,0.006073631496240386,0.0,0.0,0.0,0.0049911554194036235,0.004270538895152071,-0.0008267749288732514,-0.0032489756212515184,0.0010499459920828363
0.8219933,0.8198062,0.525362,0.9444444,0.51563305,0.79247934,0.9,0.69552714,0.7051842,0.9622642,1.0,1.0,0.7051842,0.7051842,0.55449057,0.8246819,0.6152137,0.012567769625041381,0.0030543872843241454,0.006782214788131446,-0.003815240230937885,-0.0014677005426325463,-0.0023723787827854507,0.0053298899562019605,0.008323299089023286,0.005542119583716865,0.0,0.0,0.0,0.004240933374114606,0.00902695984607763,0.0011477548451600285,-0.022307605512640424,0.004330863226613078
0.88766927,0.8209112,0.5959037,0.9444444,0.6272398,0.84684366,0.9,0.19670352,0.21764693,0.9622642,1.0,1.0,0.21764693,0.21764693,0.32074046,0.20579284,0.5452136,0.037429057314776935,0.004875678882663586,0.008322053576712613,-0.010688695647535969,0.001495555655321592,0.0004900005391986198,0.003131894446641678,-0.018945353271744028,-0.01788032668736379,0.0,0.0,0.0,-0.018132044219777904,-0.025214248652501485,-0.00462056155999647,0.018174136327743437,0.0025340308200105886
0.7219933,0.73751277,0.6924325,0.6796097,0.9444444,0.9,0.71292895,0.28140953,0.2972987,0.9622642,1.0,1.0,0.2972987,0.2972987,0.2707405,0.3624596,0.4622136,-0.003379648830492339,0.0034754464866400612,0.0020347599062407406,0.012132176758342455,-0.004228497346589982,6.721468189298207e-05,-0.005569894352133895,-0.007483039154884865,-0.009686582022846606,0.0,0.0,0.0,-0.005546396664866313,-0.01290439476283479,-0.007112362426258019,0.00717659029426258,-0.004871486692682256
0.9231587,0.9310345,0.3136734,0.30786464,0.30786464,0.9,0.9,0.65729195,0.67410874,0.9622642,1.0,1.0,0.67410874,0.67410874,0.5657405,0.6091263,0.6202137,0.027598061363449382,0.003499333211590233,0.012870382246743996,0.010458360391675976,0.003007904916190621,0.0026022745407613917,0.004069541570186296,0.003935037609132035,0.0009320440143192846,0.0,0.0,0.0,-0.0001957400257264405,0.00869577935358459,0.002712543922120213,-0.004573748779053494,0.003951552813261158
0.66371834,0.5956023,0.8684043,0.9410746,0.92906505,0.9,0.9,0.38493887,0.39715293,0.9622642,1.0,1.0,0.39715293,0.39715293,0.37574053,0.48468176,0.49621361,-0.030799455924567544,-0.0026193576352651956,-0.010452852226871603,-0.011961204350383838,-0.0009555509549769867,0.0003708549532236501,0.003596569243011801,-0.004159163136106378,-0.0035191675950357166,0.0,0.0,0.0,-0.0031827468301176497,-0.006628228897644282,-0.002695871144266314,0.0006020426660017811,-0.0016910555234678404
0.5944876,0.3986335,0.76576066,0.9444444,0.9444444,0.79684675,0.38534573,0.6019979,0.6161319,0.9622642,1.0,1.0,0.6161319,0.6161319,0.45074052,0.43468177,0.8892137,-0.03691330900164558,-0.009113462477467353,-0.0025225922691162208,-0.006481909772249011,-0.00044790036131943183,-0.0011479687106443655,-0.04419323024443979,0.006693724070098082,0.005538730086234575,0.0,0.0,0.0,0.003643741661393818,0.008010163198905924,-0.00029961453560598526,0.0034719477146017445,0.01582832557362817
0.91814715,0.7306133,0.8306988,0.9444444,0.8355658,0.70625955,0.9,0.6261153,0.643039,0.9622642,1.0,1.0,0.643039,0.643039,0.32074046,0.8802374,0.5452136,0.035961854188262664,0.001131383590555702,-0.006970940532259146,-0.0024043462795055163,0.0015437696996381395,-0.00646135914440637,0.004611948294378636,0.009139258289977139,0.0066569855798667985,0.0,0.0,0.0,0.005233308053571524,0.009943165996324811,-0.0036295770478001112,-0.02905989094579142,0.0022212600527141023
0.86843854,0.8409027,0.69021416,0.6774324,0.9444444,0.9,0.8128726,0.6690567,0.68624884,0.9622642,1.0,1.0,0.68624884,0.68624884,0.56449056,0.60468185,0.6292137,0.020354727522965098,0.003892419817189273,0.0002523942156705454,0.0036780273215618682,-0.0009636551476224372,0.0016853678700135017,-0.0021736795228627457,0.0056965369637820154,0.0026417588012161088,0.0,0.0,0.0,0.0007323646090795628,0.008680178707215548,0.002120884553487638,-0.005100987584084111,0.005583694960530346
0.74035007,0.6277597,0.9188803,0.9444444,0.9444444,0.84684366,0.60643005,0.2461154,0.27027857,0.9622642,1.0,1.0,0.27027857,0.27027857,0.24074054,0.4191263,0.4612136,-0.00550107908450252,-5.737243518924643e-06,-0.01726895930747747,-0.012455314543303779,-0.0005067298285539425,0.00011218285808224315,-0.010710484033335155,-0.01728456412245919,-0.01518993403003411,0.0,0.0,0.0,-0.012888483834237465,-0.019541704539739843,-0.008546287117933407,0.006004397201778612,-0.004479221540461894
0.5282289,0.31969008,0.8848981,0.86851114,0.9444444,0.9,0.6529868,0.41199762,0.4281601,0.9622642,1.0,1.0,0.4281601,0.4281601,0.5694905,0.29690403,0.59621364,-0.062238765054218555,-0.01844254351629827,-0.007423816153896701,-0.0024093627708516962,-0.003549212473951993,0.0010255422611629567,-0.01089547040210897,-0.0011065285388478744,2.2515278461125615e-05,0.0,0.0,0.0,0.0017021298057894082,-0.0035247857270871708,0.0029463863630770624,0.01817598691862,0.006381525818583485
0.7719933,0.74130696,0.6974136,0.68449855,0.9444444,0.9,0.66286594,0.21670353,0.23919116,0.9622642,1.0,1.0,0.23919116,0.23919116,0.5807405,0.23357074,0.20621356,0.006363455706845196,0.00277226323659329,0.002147174684422391,0.010246018455677042,-0.0042854356324624745,0.00024843487959121086,-0.006930551193536817,-0.016789068174082673,-0.018183229944802905,0.0,0.0,0.0,-0.011802974488561801,-0.02364724894724419,0.0038256565899882767,0.017059971391798056,-0.03012110560068058
0.6441962,0.53514636,0.88120836,0.9444444,0.911637,0.6904297,0.9,0.6602332,0.6721838,0.9622642,1.0,1.0,0.6721838,0.6721838,0.6857406,0.69245964,0.49421358,-0.02499663302087717,-0.004783908877668428,-0.009682931861498805,-0.004036722858499348,0.0006561806399007993,-0.007282392995537089,0.005844115045798449,0.007832290727557268,0.006771599920889696,0.0,0.0,0.0,0.0036587815158299116,0.010890411939140733,0.004911149277942138,-0.014314210061850208,-0.000673102407216875
0.9231587,0.9310345,0.41475135,0.40707076,0.40707076,0.9,0.9,0.8255272,0.8294016,0.9622642,1.0,1.0,0.8294016,0.8294016,0.7032405,0.695793,0.7062137,0.029498029965897014,0.005681418456734489,0.01089019745336391,0.009506956754935706,-0.0012821153193628033,0.0037281004048572946,0.005218970166098431,0.002893267141457061,-0.004757165511615061,0.0,0.0,0.0,-0.003064039650805985,0.007308308721865437,0.0056554503687332395,-0.008256505456131635,0.00457684692953448
0.841224,0.56878334,0.88136435,0.9762011,0.94615734,0.9,0.9,0.33140945,0.3482045,0.9622642,1.0,1.0,0.3482045,0.3482045,0.46949053,0.31023735,0.5122136,0.02691481987665536,-0.0018674701926622971,-0.01121633641342023,-0.01150023222708949,0.0003610076429762543,0.00041783305686019206,0.00313004560810313,-0.006658445331427783,-0.007517944415383998,0.0,0.0,0.0,-0.0071698749513444335,-0.011008389566348071,0.0008927540279682903,0.013325601953903922,0.0011782842846885593
0.57111925,0.5994489,0.902008,0.88530415,0.9444444,0.9,0.44301486,0.39729196,0.41376436,0.9622642,1.0,1.0,0.41376436,0.41376436,0.4132406,0.55134845,0.41221362,-0.0474275972258706,-0.0020317353937238302,-0.010535698057096097,-0.0036627793041497238,-0.004595699668665467,0.00024340520918114957,-0.02512169051072361,-0.00083555008259489,0.003358966524809355,0.0,0.0,0.0,0.0034615196323373103,-0.0008030994732532884,0.00018195983180652124,-0.006991578042742566,-0.007240597362496584
0.7370866,0.5445964,0.7770902,0.76269966,0.9444444,0.9,0.6762101,0.24788004,0.26361084,0.9622642,1.0,1.0,0.26361084,0.26361084,0.35574055,0.19134839,0.57621366,-0.0041758180214472775,-0.005295922639175385,-0.004638824748181036,0.0038283378279085163,-0.0035504308138449327,0.00014608791460546733,-0.006663491076886103,-0.010476508278004407,-0.013709155717419206,0.0,0.0,0.0,-0.01007754035176649,-0.018729658720964687,-0.0029514137732378778,0.01914670129482414,0.006592720126767464
0.62141067,0.51422304,0.7638261,0.9444444,0.96959347,0.4970823,0.9,0.32670358,0.33918408,0.9622642,1.0,1.0,0.33918408,0.33918408,0.2657404,0.40134853,0.48521367,-0.04056763617133397,-0.006482034198983766,-0.003373003471951302,-0.00987327545692013,-0.0021366798800042976,-0.012852981215231707,0.001810072148356092,-0.007794043868945924,-0.007239978762074531,0.0,0.0,0.0,-0.005208998790831503,-0.013880378415264375,-0.009661562662895752,0.010069700367838219,-0.0020389857494751053
0.8453616,0.7961933,0.63040316,0.9444444,0.9928678,0.7696535,0.9,0.480233,0.49885103,0.9622642,1.0,1.0,0.49885103,0.49885103,0.21824038,0.74134856,0.51321363,0.030263943770617915,0.004568275726401659,0.004501679323194489,-0.004825369758716284,-0.001093535676232077,-0.0014418117414056453,0.0037670954693493136,0.005186888773153835,0.007402847723955817,0.0,0.0,0.0,0.006272978005533361,0.006570631198485175,-0.007606574571738096,-0.021127726214464907,0.0013468471693065293
0.5211193,0.79307765,0.8415507,0.9444444,0.9928678,0.90037495,0.9,0.27905655,0.2949558,0.9622642,1.0,1.0,0.2949558,0.2949558,0.3582405,0.36468187,0.5052136,-0.07368135513867982,0.005265388376196101,-0.0082202944461838,-0.012073842771880021,-0.003889941847127101,0.00042420095344166396,0.0021402451670175233,-0.013288980109198661,-0.013516187344204712,0.0,0.0,0.0,-0.010817586794472008,-0.01742094192763819,-0.003815044364194895,0.011419814447165454,-2.4150769407383784e-05
0.59035,0.30974638,0.916658,0.9444444,0.94615734,0.9452682,0.9,0.30670357,0.31937551,0.9622642,1.0,1.0,0.31937551,0.31937551,0.49199057,0.40134844,0.3452136,-0.0638428032392397,-0.024907439180685404,-0.012914451565037748,-0.015897548410546254,-0.005383855011819043,-0.0004631078401014529,0.0025909716416054425,-0.012358280480628293,-0.015897521222396693,0.0,0.0,0.0,-0.011654668898433411,-0.020618806132999667,0.0010361067240217008,0.009980308401957343,-0.019502005959907465
0.5637183,0.89736044,0.9085612,0.9928678,0.9928678,0.9,0.9,0.63082135,0.6448322,0.9622642,1.0,1.0,0.6448322,0.6448322,0.5244905,0.7813485,0.51321363,-0.04278889491988445,0.007779538119890977,-0.011028673461493565,-0.008947721655502986,-0.002482011657770612,0.0013006953054812015,0.005574292175140783,0.011695535011870763,0.01081968987833265,0.0,0.0,0.0,0.008355666065152671,0.013505697913140782,0.0013030670900482228,-0.028052255063792685,0.0003164737050121973
0.7941961,0.62874264,0.5370466,0.9444444,0.52710134,0.6077845,0.9,0.6072917,0.6239943,0.9622642,1.0,1.0,0.6239943,0.6239943,0.60824054,0.6046819,0.49121362,0.00857541412453861,-0.0011045615998358219,0.00683976119379549,-0.0036749708379733097,-0.002354063330625633,-0.009144570478117385,0.004897201813676841,0.00836133397159189,0.006904307365024391,0.0,0.0,0.0,0.005921180366440066,0.009083686174221428,0.001980319776063619,-0.00855383066024421,0.0002578310555758436
0.9231587,0.9310345,0.30538335,0.2997281,0.2997281,0.9,0.9,0.58258617,0.59401625,0.9622642,1.0,1.0,0.59401625,0.59401625,0.52449054,0.5335707,0.60321367,0.029162323272057387,0.004022591121474511,0.014566166473860014,0.014431772160575144,0.004425081226053559,0.002426223561180683,0.005420642531048962,0.003710978224259608,0.003829723056533997,0.0,0.0,0.0,0.002540651205414125,0.005907161466876919,0.0012455742574265804,-0.0012034845736291447,0.003419622426962086
0.73411447,0.5711425,0.7523358,0.7976562,0.6792519,0.9,0.9,0.28788018,0.30520698,0.9622642,1.0,1.0,0.30520698,0.30520698,0.6069905,0.49579293,0.21021366,-0.0077158189933538065,-0.004088569170718226,-0.0030410200833861215,0.0003140326874714855,0.002938545233487347,0.00020221362876574685,0.0013982267724277778,-0.010610455283070646,-0.00937589715314356,0.0,0.0,0.0,-0.0065377348613210986,-0.013229652186930972,0.004402135088053189,-0.0007406402049449459,-0.02608612981086008
0.9231587,0.9310345,0.2777021,0.27255946,0.27255946,0.9,0.9,0.54729205,0.5655731,0.9622642,1.0,1.0,0.5655731,0.5655731,0.45074052,0.58023745,0.5912136,0.027830000149137734,0.0032718498861475,0.014392987833592967,0.014657841228085949,0.003273387187293758,0.0019638294468641835,0.004341078234747748,0.003240689333412602,0.003067350632600316,0.0,0.0,0.0,0.0022545355916219123,0.005134332362745673,-0.0008321278420174442,-0.002823364331212421,0.003108476585589859
0.9231587,0.9310345,0.30249628,0.2968945,0.2968945,0.9,0.9,0.6219976,0.6383136,0.9622642,1.0,1.0,0.6383136,0.6383136,0.5069906,0.53023744,0.67921364,0.022545986351522815,0.0021995010881700693,0.013339350590056219,0.011556735192117733,0.0013939294105918987,0.0028824722208730864,0.0031550671190000777,0.003750813254802482,0.0019560646850729627,0.0,0.0,0.0,0.0009944342056974235,0.0069212691715428406,0.0010340209439622878,-0.0010787670435113755,0.00486686166573707
0.77554816,0.8209108,0.8282451,0.9166222,0.94615734,0.9,0.9,0.16082112,0.18033147,0.9622642,1.0,1.0,0.18033147,0.18033147,0.2607404,0.3869041,0.29421368,0.005976922765771895,0.004971760323210446,-0.007602350264354478,-0.007260599697817946,-0.0027894434729375615,0.00026530343876070755,0.002500569025516127,-0.03199752127339098,-0.03476606207841559,0.0,0.0,0.0,-0.027325708829713392,-0.03866020049986354,-0.007996824247102026,0.010770917486535612,-0.026411979396568953
0.9178558,0.6236555,0.8776266,0.86137426,0.9677255,0.9,0.9,0.4637624,0.4666287,0.9622642,1.0,1.0,0.4666287,0.4666287,0.4594906,0.29690403,0.77221364,0.03963498319724505,0.0008203880678872571,-0.008268857075119563,0.0020641667400228708,0.0004925251343006281,0.00200672276119735,0.0037557046489961753,0.004122138996460226,0.006806981032730407,0.0,0.0,0.0,0.005846645344367969,0.0035775909414366915,0.00045761976506791075,0.01031080916328988,0.013580367314776076
0.9231587,0.9310345,0.24659805,0.24203143,0.24203143,0.9,0.9,0.60729206,0.61942095,0.9622642,1.0,1.0,0.61942095,0.61942095,0.42574054,0.5813486,0.62121373,0.02708568937093566,0.0022402393262641895,0.015416818634658476,0.016547244161817912,0.0029490088521136413,0.002764240841058718,0.004551884897937463,0.0054290928665537775,0.004161126805406096,0.0,0.0,0.0,0.0030440904583251267,0.008181269803947244,-0.0014373194994718758,-0.0038912274300061753,0.0044666253424513296
0.65573466,0.61316466,0.9115337,0.9928678,0.9444444,0.9,0.67659223,0.6190566,0.6295737,0.9622642,1.0,1.0,0.6295737,0.6295737,0.6369905,0.5724597,0.6462137,-0.017411710549765876,-0.0005119427599603518,-0.010479136653221676,-0.007283520675740268,0.000529464774595738,0.0017606062083228,-0.01340281739497471,0.009910903434065095,0.007248394399276052,0.0,0.0,0.0,0.005197514413561857,0.010780049476177712,0.002256727357545387,-0.006445191118260155,0.008233215121377532
0.8453616,0.7655489,0.7768127,0.80721444,0.7608208,0.9,0.9,0.2984682,0.3147529,0.9622642,1.0,1.0,0.3147529,0.3147529,0.4894905,0.34134844,0.50121367,0.016120551822679678,0.0023099559182689715,-0.004567250466759599,0.0007306974320942399,0.001463815357807739,0.0007669377629038912,0.0033733783313005944,-0.012793114920856313,-0.011774352609516713,0.0,0.0,0.0,-0.010815322506101703,-0.016057541645080935,0.001317882617384273,0.013288858464014376,-0.0016890841858811403
0.7873779,0.78289807,0.83886313,0.8233286,0.9444444,0.9,0.7030904,0.7202329,0.7330577,0.9622642,1.0,1.0,0.7330577,0.7330577,0.5757405,0.7091263,0.6532137,0.007992251270607154,0.0033629505484905208,-0.00683885376118227,0.00013046166167051066,-0.00031475516862873506,0.0013234459842932317,-0.009947413921600265,0.007860992864795852,0.0023886429651859536,0.0,0.0,0.0,0.0003648459644977141,0.009537769106939547,0.0021435421907274516,-0.014096890159605642,0.006915622365253315
0.9231587,0.9310345,0.3060761,0.30040804,0.30040804,0.9,0.9,0.61611533,0.630095,0.9622642,1.0,1.0,0.630095,0.630095,0.47574055,0.6746819,0.56421363,0.02296074888990263,0.0023409439993026643,0.013248522734559403,0.012045956213905822,0.0013316779993467515,0.0031615232810287236,0.003947297226573407,0.0029556816494945206,0.0006650122420376149,0.0,0.0,0.0,0.0004151293599480405,0.005273040267929376,-8.269059859638384e-05,-0.0062594023824022625,0.0016103394629362257
0.7329491,0.713329,0.81307995,0.9928678,0.9444444,0.9,0.68955135,0.7190567,0.7328504,0.9622642,1.0,1.0,0.7328504,0.7328504,0.6482405,0.57912636,0.6952137,-0.0070061482485472126,0.0011245933928441003,-0.005933147913083876,-0.005692775498132585,0.00024241275315243976,0.002238041758185825,-0.011148181027370776,0.007324535794183668,0.0028992067014478352,0.0,0.0,0.0,0.0009245463211212665,0.008751654232439206,0.003165794165544909,-0.005528723262520422,0.00801255554660853
0.7796856,0.7893383,0.7943257,0.915114,0.8572891,0.9,0.9,0.49435088,0.51279676,0.9622642,1.0,1.0,0.51279676,0.51279676,0.39199054,0.65690404,0.40021363,0.008148944157607108,0.004817563890767718,-0.004343103259858201,-0.003689184199527634,0.001389741631888818,0.000852326619631157,0.005036514690598539,0.004566562246895212,0.007254627165773986,0.0,0.0,0.0,0.005962320511764728,0.00486107869340343,-0.0009951071749922794,-0.013724898414992422,-0.0070388001692564765
0.9214107,0.5625069,0.91511595,0.9444444,0.8720297,0.54375666,0.9,0.47964478,0.50256926,0.9622642,1.0,1.0,0.50256926,0.50256926,0.3757406,0.6569041,0.4282136,0.03947065813730589,-0.0032404565521454874,-0.014804817830673785,-0.0026308121131764723,0.0005981910396709343,-0.018664552978792142,0.003103651055482645,0.004190131228564401,0.007117982792766331,0.0,0.0,0.0,0.006766452538578021,0.005489068033908857,-0.0029738102145016195,-0.01348548871496491,-0.005135801258109735
0.91132885,0.5625069,0.6035392,0.8668609,0.62345505,0.9,0.9,0.40729186,0.42215475,0.9622642,1.0,1.0,0.42215475,0.42215475,0.43949056,0.32690397,0.6582137,0.04120430803927191,-0.0010708177961676441,0.0045948459905367995,0.0004565265959237684,-0.0013104955468340067,0.0016372957372812647,0.0033798241068393113,0.00236279736376598,0.004926609621161717,0.0,0.0,0.0,0.004156940411022077,0.0008076674076555521,-9.618075768286105e-05,0.009223503384788471,0.008653258260902196
0.35247123,0.5445964,0.9251149,0.95026696,0.8558253,0.9,0.9,0.34493884,0.3501511,0.9622642,1.0,1.0,0.3501511,0.3501511,0.57199055,0.3402374,0.43521366,-0.12897041262675696,-0.006053441488495307,-0.01327927815031346,-0.013862457567319826,-0.00015598241404023792,3.1898324453026036e-05,0.0029606088479475733,-0.009248090539941524,-0.008937354230892059,0.0,0.0,0.0,-0.0061983389106587405,-0.013416060413944143,0.004590231660287872,0.016699329003027417,-0.008535705794855557
0.8033452,0.65521157,0.85413635,0.85414726,0.7458956,0.9,0.9,0.72023326,0.7330665,0.9622642,1.0,1.0,0.7330665,0.7330665,0.74199057,0.6902374,0.51321363,0.012551690992925902,-0.0002799714246645549,-0.00768178705120216,-0.000693132454585271,0.0017869657420081337,0.0016141567966523312,0.005874655302951405,0.008687363770850524,0.006292786577243763,0.0,0.0,0.0,0.0034188741360387754,0.012160364433489586,0.004274447124912254,-0.01392085404534069,0.0016027591366712046
0.5021799,0.6550562,0.8280373,0.9762011,0.9762011,0.9,0.9,0.19846815,0.218701,0.9622642,1.0,1.0,0.218701,0.218701,0.19699049,0.43579292,0.3492136,-0.0951225582925115,-0.0013201701263336253,-0.010590174950946742,-0.020348652009637938,-0.005122141586932465,0.0004222349203237036,0.003040541639849915,-0.026779211640218584,-0.0278467940972577,0.0,0.0,0.0,-0.021635648324522663,-0.03218384557005945,-0.013435764467357085,0.0067459876939597865,-0.02167120263774929
0.5788116,0.5625069,0.8282451,0.9444444,0.9149131,0.54375666,0.9,0.2149389,0.23493083,0.9622642,1.0,1.0,0.23493083,0.23493083,0.37574053,0.22245958,0.44321364,-0.05828471030857345,-0.004137240606045572,-0.008590667213073454,-0.00973588925003231,-0.0006358058553475243,-0.005342993168823453,0.0014336572612669472,-0.020004977446968893,-0.022489041121452624,0.0,0.0,0.0,-0.01697259439675348,-0.028111324728452822,-0.0034764117154298516,0.024553110216776117,-0.007323250883840927
0.89448756,0.59996116,0.76016456,0.9444444,0.9444444,0.57996243,0.77296776,0.31905657,0.33868933,0.9622642,1.0,1.0,0.33868933,0.33868933,0.29324055,0.575793,0.30021352,0.037632229487497046,3.756008606627594e-05,-0.00571276702399473,-0.010518303533114972,-9.321538850107274e-05,-0.015490395394828313,-0.0028973839047155875,-0.0077346674685413955,-0.004939723070805802,0.0,0.0,0.0,-0.004340657565316721,-0.011599183538390588,-0.007004129624273766,-0.007629776484490338,-0.01755982156722371
0.8367953,0.44841003,0.9150254,0.9444444,0.9762011,0.84992,0.9,0.650233,0.6706155,0.9622642,1.0,1.0,0.6706155,0.6706155,0.5319906,0.5480152,0.6342137,0.027107772661745914,-0.006149837669163713,-0.011146401513958175,-0.0021239487120779687,0.001265236027090413,0.0009491603316484108,0.0062441149117793415,0.009040839887075842,0.009463361569340167,0.0,0.0,0.0,0.005932245653808638,0.013070175235697699,0.0020251908569005527,-0.005008881583783464,0.007679626270542419
0.8530539,0.7687452,0.7052867,0.6922258,0.9444444,0.9,0.7431204,0.61493886,0.6308364,0.9622642,1.0,1.0,0.6308364,0.6308364,0.43449056,0.73468184,0.5752136,0.0193164314296881,0.0023353486953014545,-0.0007204303940030563,0.004735259515324088,-0.0006771817737991859,0.0016589791019150073,-0.006425722707213089,0.006817468534789439,0.005503767789185722,0.0,0.0,0.0,0.0037194028091379464,0.008611898935156645,-0.00041467422097085036,-0.01589070429456269,0.0036246804134667243
0.78265774,0.4338819,0.80741006,0.792458,0.9444444,0.9,0.38550282,0.61729187,0.6278072,0.9622642,1.0,1.0,0.6278072,0.6278072,0.5519905,0.6502374,0.62621367,0.008245485797933556,-0.008008706335972584,-0.005577295407932844,0.00035878792536362335,-0.0009155050089269421,0.0007830161870707771,-0.04008112877470598,0.009720866789741288,0.007479748197401569,0.0,0.0,0.0,0.004274584392223497,0.010902484075520927,0.0024085870242442466,-0.012061749419247491,0.0074436013815464205
0.72881156,0.6346412,0.9710748,0.9444444,0.8996828,0.61348647,0.9,0.71670353,0.732916,0.9622642,1.0,1.0,0.732916,0.732916,0.54324055,0.80245966,0.5652137,-0.0062141076936712844,-0.0015438515501989842,-0.016199644296815505,-0.0033393094678648254,0.0011242818186765582,-0.011608246950347813,0.004342588177005653,0.008708068210328651,0.005932219326338184,0.0,0.0,0.0,0.002112313525956218,0.011053276713709198,0.0019875561405171575,-0.02375420267382217,0.003239233140920983
0.7601635,0.3914414,0.79068345,0.85232276,0.8710906,0.9,0.9,0.68552715,0.6983532,0.9622642,1.0,1.0,0.6983532,0.6983532,0.5032405,0.5046818,0.7962137,0.0026370125309967164,-0.008931911284298549,-0.0035744514199795956,0.0004566206150818979,0.002317749093844674,0.0017207083851681103,0.005920881012543268,0.0043465673489378395,0.0035182026050253755,0.0,0.0,0.0,0.0003109281167934435,0.007059633567277113,0.0007439694325692467,-0.00048495224303486505,0.011409394788777118
0.74419624,0.8323865,0.8348642,0.9444444,0.9444444,0.7935475,0.707335,0.450233,0.46596938,0.9622642,1.0,1.0,0.46596938,0.46596938,0.19699037,0.7191263,0.4522136,-0.004603099790484686,0.0034145051693164983,-0.008221290627646484,-0.0068551658691364484,0.0006040554974371087,-0.0013843423264751136,-0.008980800684184413,0.0008765582783791401,0.00485990867431632,0.0,0.0,0.0,0.004568042215575105,0.0020305380410004263,-0.010346148573528146,-0.01895578898996228,-0.0031760817177861876
0.8181472,0.78252,0.716664,0.8572891,0.9463495,0.9,0.9,0.45964488,0.47906786,0.9622642,1.0,1.0,0.47906786,0.47906786,0.2657405,0.5424596,0.58521366,0.023368086069017805,0.0036164317614462626,0.0004146337594756483,0.0017900203298560364,-0.0008752967036194112,0.0015569342091648838,0.004371273824937114,0.003715472453343255,0.007749305876061936,0.0,0.0,0.0,0.006789874410981533,0.00403269585204178,-0.00686425483350644,-0.003567469510982891,0.004947587484131345
0.83650386,0.76578325,0.9465946,0.9928678,0.9444444,0.9,0.68673927,0.65611523,0.665593,0.9622642,1.0,1.0,0.665593,0.665593,0.48324054,0.87134856,0.4872136,0.022623054841109748,0.0026659499339094467,-0.014283833002241593,-0.006427226596543264,-0.00029812304541362855,0.0018455662292917805,-0.012031439260131171,0.012646914502220958,0.008586507986297854,0.0,0.0,0.0,0.006591235592219396,0.013127950429587835,0.0010197306611859432,-0.03177202108638265,-0.0005213937444725058
0.8838231,0.7687452,0.5192998,0.9444444,0.9444444,0.7431204,0.7431204,0.452586,0.47367248,0.9622642,1.0,1.0,0.47367248,0.47367248,0.5169905,0.48468176,0.41221362,0.026529808598373953,0.0029781433202681704,0.006026023093767261,-0.004528505030375136,-0.001129565706836518,-0.0023419011513500596,-0.005853412594615437,0.0025637013104382305,0.004891395309936496,0.0,0.0,0.0,0.003974226790224819,0.001954111551201593,0.001014139780707179,0.0007566339615941004,-0.0055733732746040925
0.66103745,0.5946345,0.71304035,0.9444444,0.9928678,0.71292925,0.9,0.54140943,0.5603676,0.9622642,1.0,1.0,0.5603676,0.5603676,0.40074056,0.5502374,0.5662137,-0.02026408257490896,-0.0016586716631537318,-8.153581768161714e-05,-0.003044404426805137,-0.0020025752464285077,-0.0041325087824563,0.005773899892732438,0.005480417393603925,0.007733566245954431,0.0,0.0,0.0,0.005391716910985715,0.007890501701638752,-0.0017473162895084069,-0.004456562683591209,0.0043460883249861896
0.8181472,0.6959421,0.84482485,0.96959347,0.7477392,0.9,0.9,0.33611512,0.35246807,0.9622642,1.0,1.0,0.35246807,0.35246807,0.67199045,0.42912632,0.26021367,0.019615978134714974,0.0017570769052224497,-0.009659239468541048,-0.016400022303644804,0.0027475715241953996,0.00033922139178915414,0.003393587424692319,-0.009324943831184327,-0.005695472205034333,0.0,0.0,0.0,-0.004897175819676872,-0.009457518837277426,0.0027998891412448854,0.005914912790997282,-0.01962901498378901
0.73737794,0.65826845,0.7092244,0.9166222,0.82596624,0.9,0.9,0.27258593,0.29469776,0.9622642,1.0,1.0,0.29469776,0.29469776,0.1919905,0.44023737,0.47721356,0.0014085019216724115,0.0022892126441259584,0.0004971285058971992,-0.008126173155584402,0.0020749789637664632,0.0011763737140065983,0.0027205076675636585,-0.014670710070469845,-0.013075818273351523,0.0,0.0,0.0,-0.011045351359879566,-0.017718595435809406,-0.009827226269684065,0.00731889838524718,-0.0031950911421110497
0.829977,0.7961933,0.6808782,0.66826934,0.9444444,0.9,0.7696535,0.25258604,0.27648157,0.9622642,1.0,1.0,0.27648157,0.27648157,0.41949058,0.2835707,0.37721357,0.020448837393476704,0.0037068494217175354,0.0021296051925828235,0.01244981488203038,-0.003436451630506268,-4.041996776227033e-05,-0.0024050818656764284,-0.009629444812147692,-0.008562772088828446,0.0,0.0,0.0,-0.0053748030745700715,-0.015004255738884637,-0.0005409460775162151,0.01232117004286816,-0.010834999862909034
0.9231587,0.9310345,0.22875772,0.22452147,0.22452147,0.9,0.9,0.5161154,0.53518564,0.9622642,1.0,1.0,0.53518564,0.53518564,0.41949052,0.48468187,0.6352137,0.03218184246545061,0.004294372680330777,0.016347337704739923,0.017656299614398366,0.0049203180963725,0.0029720704097310415,0.004748062512455496,0.0033505877578474245,0.0043858098800407,0.0,0.0,0.0,0.0035450936842173195,0.004366487805439274,-0.0014296375857849558,0.0007197642529951403,0.004581488507004133
0.6687298,0.6166919,0.59230596,0.9928678,0.5732313,0.9,0.9,0.6667037,0.68364227,0.9622642,1.0,1.0,0.68364227,0.68364227,0.6044905,0.62357074,0.6012137,-0.01475080293845765,-0.0011140625015161024,0.004160893935777152,-0.0060786332462288385,-0.0003455603932772068,0.0020551039107014023,0.005002511000172285,0.012575360413740294,0.008993925603585903,0.0,0.0,0.0,0.006690245662525716,0.01316907315338525,0.0020250503290548264,-0.01155392788364247,0.006252998078170124
0.68679523,0.4784748,0.7706036,0.9444444,0.74204135,0.70625955,0.9,0.60435057,0.61836284,0.9622642,1.0,1.0,0.61836284,0.61836284,0.37574053,0.6880152,0.5952136,-0.009785400618198985,-0.006405013875659184,-0.0030682650382089826,-0.00364823490849727,0.0018894728541550892,-0.005586812156703147,0.004445030421305916,0.00923679847165921,0.00817469537374084,0.0,0.0,0.0,0.005640214006638366,0.01116070207408585,-0.00190617312853,-0.01625238053230768,0.0054946120144883735
0.8645924,0.8209108,0.7815234,0.7670508,0.9928678,0.9,0.9,0.497292,0.49908093,0.9622642,1.0,1.0,0.49908093,0.49908093,0.9057405,0.34801516,0.4112137,0.028103792208748254,0.003237579074299539,-0.0037751964990306187,0.00409665833232725,-0.003185811361530407,0.0008426267527828147,0.0034922077206871764,0.004894089734237234,0.0063488751698984516,0.0,0.0,0.0,0.0058356732523939725,0.004532147223222602,0.0037923347222248694,0.008820621182284369,-0.0049590206064894365
0.91132885,0.61783975,0.68992233,0.677146,0.8702299,0.9,0.9,0.54905653,0.5630097,0.9622642,1.0,1.0,0.5630097,0.5630097,0.38324058,0.755793,0.4912137,0.03282496715260924,0.00034540092266704904,0.0001491890597618299,0.004764864530164415,0.0005588501587186007,0.002115186816549946,0.005456073804080201,0.003996263663770941,0.005201639953143349,0.0,0.0,0.0,0.00370557425157918,0.005246387867142761,-0.0018493877890513003,-0.015939870732382747,-0.0007279855425913354
0.92228466,0.70966953,0.60252655,0.9444444,0.59015656,0.6860139,0.9,0.39729175,0.41619468,0.9622642,1.0,1.0,0.41619468,0.41619468,0.46324056,0.31023735,0.5622137,0.04313044465357811,0.0031106430299603326,0.005402860451478499,-0.0038452721301454507,-0.0018928418666512015,-0.00411924194389111,0.0042211567818291875,0.0004837478697048864,0.003676415344369335,0.0,0.0,0.0,0.0023108909545079786,-0.002056527402960741,0.0002934244375738375,0.011070618474602403,0.003226692483478141
0.90631735,0.8096593,0.8514616,0.8668609,0.9928678,0.9,0.9,0.7484684,0.75845397,0.9622642,1.0,1.0,0.75845397,0.75845397,0.54324055,0.6435707,0.75121367,0.029769207283207567,0.003308733548004341,-0.006566034782730129,0.00031189671616493794,0.0019415087418858223,0.0020285999345725013,0.0032914186438432226,0.00678296611497699,0.004223834202071808,0.0,0.0,0.0,0.0015237515834475362,0.009623091270566021,0.0022748669965130482,-0.008018984046076323,0.009537853195759524
0.56016344,0.69928575,0.7469702,0.8996828,0.9444444,0.9,0.6759763,0.28729203,0.30475235,0.9622642,1.0,1.0,0.30475235,0.30475235,0.40074056,0.18357065,0.5452136,-0.06504331233265273,0.0014831773805912014,-0.0012368114715633352,-0.00544203904504819,-0.0030902134772295437,2.1775650964544273e-05,-0.008580743367016329,-0.01083101174744898,-0.010856339390394827,0.0,0.0,0.0,-0.007331117829183883,-0.014673593187662011,-0.0017426740770782156,0.02377072108204232,0.0029910633638273233
0.6681472,0.7273206,0.7304525,0.7169256,0.9444444,0.9,0.633221,0.3990566,0.41733897,0.9622642,1.0,1.0,0.41733897,0.41733897,0.37574053,0.615793,0.36721355,-0.0207787657871752,0.003874234448156855,0.0004518385524462961,0.00870013452379776,-0.003207446026765359,0.0003080612454233613,-0.011239126996786428,-0.0014242859491134198,0.002299086950066595,0.0,0.0,0.0,0.0029773590598171796,-0.0012170482633333279,-0.0011485592329055574,-0.010001465568315332,-0.009980106285265591
0.9184385,0.81457967,0.6956432,0.9928678,0.89173603,0.9,0.9,0.5608212,0.5678097,0.9622642,1.0,1.0,0.5678097,0.5678097,0.5107406,0.50023735,0.6562137,0.03834948571837056,0.003351304375416352,0.0020871597059355916,-0.004400952036800924,0.0010982647941515163,0.001328800843967492,0.006424119347593148,0.006278049770638447,0.006130572164107479,0.0,0.0,0.0,0.004831057170177429,0.006667743394660059,0.0007302707597613041,-0.0002978990778736227,0.006116394709959363
0.9030539,0.8242123,0.7750863,0.8199868,0.947526,0.9,0.9,0.74199766,0.7470666,0.9622642,1.0,1.0,0.7470666,0.7470666,0.46949053,0.82245964,0.7242137,0.02458667879543122,0.0037965638292463567,-0.0034031098584216134,0.001091197864376009,0.0013235598256235298,0.002117071277498947,0.006794073161734091,0.005214913640320666,0.0012268958455868824,0.0,0.0,0.0,-0.000354552051927841,0.00755200258752629,-0.00013153018456173505,-0.01806876063296033,0.007664989673380632
0.7903501,0.9084271,0.8810356,0.9444444,0.9444444,0.8781462,0.7404855,0.64964485,0.65812457,0.9622642,1.0,1.0,0.65812457,0.65812457,0.74824053,0.66579294,0.43621367,0.0064830256201492695,0.004407916587078853,-0.010590679200150483,-0.00430960743879704,-0.0006270567747704881,0.0005324662187200957,-0.007160869450886776,0.008977340650160733,0.00629320124889422,0.0,0.0,0.0,0.004562034827999194,0.009978978966837143,0.003278645027790625,-0.011584721162340859,-0.0033763644954844995
0.77525675,0.73751307,0.88120836,0.9444444,0.9444444,0.71292925,0.66286594,0.2908213,0.3143262,0.9622642,1.0,1.0,0.3143262,0.3143262,0.41949052,0.57690406,0.1662136,0.008500197653882545,0.0038134612082667335,-0.013131925623906367,-0.010742022132397073,-0.000260488545571501,-0.0018898534998754502,-0.007146500375849812,-0.01389158009833311,-0.009189145609476462,0.0,0.0,0.0,-0.007820713985608352,-0.015178749234289983,-0.0004767069495755366,-0.007249181384269757,-0.0339729909638373
0.9231587,0.9310345,0.20316975,0.19940734,0.19940734,0.9,0.9,0.44670364,0.46249494,0.9622642,1.0,1.0,0.46249494,0.46249494,0.5694906,0.38468182,0.4872136,0.028011120243367202,0.0026325484621610813,0.015844984597715276,0.020164395259744623,0.00463450401118505,0.0016630091131306386,0.004451280823806538,0.003071597546720856,0.004625026845677702,0.0,0.0,0.0,0.00440437788214612,0.0009125501580812947,0.0020298835427189745,0.0037045319862888753,8.411191940580112e-05
0.8832404,0.81457967,0.72583914,0.9762011,0.9444444,0.9,0.787427,0.5608213,0.58174586,0.9622642,1.0,1.0,0.58174586,0.58174586,0.38574058,0.62468183,0.5602137,0.02519265506486594,0.0035937064113451154,-0.0007864210417749284,-0.0046695249154122395,-0.00021214358831710676,0.001140856219175692,-0.0023611338878630097,0.004976969233334136,0.004985443266468921,0.0,0.0,0.0,0.003925445213018006,0.005767107385479737,-0.00217978916395368,-0.007105091124477406,0.002604561286286884
0.8140096,0.16804585,0.83078027,0.9444444,0.94465274,0.84992,0.9,0.427292,0.44687608,0.9622642,1.0,1.0,0.44687608,0.44687608,0.52449054,0.5135708,0.37321368,0.01971618124220755,-0.03243247243502208,-0.0063380529097507195,-0.006639800673639574,-0.0011143426141455273,-9.394362129341048e-05,0.003316746052658508,0.0007217264443633468,0.003063461261054832,0.0,0.0,0.0,0.004085047415344326,-0.0010637105705697681,0.002043488915976478,0.0003680605059873829,-0.010773650594443103
0.42939425,0.2302162,0.79939723,0.7845936,0.8720297,0.9,0.9,0.3667036,0.3860118,0.9622642,1.0,1.0,0.3860118,0.3860118,0.65449053,0.26023728,0.44321364,-0.09927971212262979,-0.03069323923186483,-0.004850634978834488,0.0021503883589414517,-0.0020808561098673026,-0.00016265255422757814,0.002726254105486085,-0.003243668646231225,-0.0037211515351793234,0.0,0.0,0.0,-0.0006735537660876781,-0.008700115552359139,0.005627359065067905,0.01846363332664988,-0.007789259308427272
0.9219933,0.44726136,0.6144172,0.9444444,0.5697121,0.957162,0.9,0.39670348,0.41898188,0.9622642,1.0,1.0,0.41898188,0.41898188,0.40824062,0.48690403,0.40621367,0.04495715233832269,-0.0080232267709854,0.004342993281405303,-0.007892455441465272,0.0010551253925230812,3.385564803053725e-05,0.004431915887712409,-0.0020054038927592444,0.0014541893019737401,0.0,0.0,0.0,0.0014997055013500717,-0.002614688630959443,-0.00032984054908528063,0.0013077705854187916,-0.006241201051701751
0.9231587,0.9310345,0.21423016,0.21026294,0.21026294,0.9,0.9,0.4849389,0.49390486,0.9622642,1.0,1.0,0.49390486,0.49390486,0.49574053,0.30134848,0.7182137,0.027447756731950625,0.003468974840017043,0.015319308832252609,0.017472829438009957,0.004637627317915204,0.002806849904666072,0.004146022144073561,0.002873547228067652,0.0043835400242027735,0.0,0.0,0.0,0.0037497216019601216,0.0034672244327599543,0.0012198968292310075,0.003774721359617457,0.006902112103974393
0.5909327,0.46829778,0.7206518,0.9444444,0.9762011,0.84992,0.9,0.3019977,0.32223845,0.9622642,1.0,1.0,0.32223845,0.32223845,0.14199054,0.44579294,0.5602137,-0.05217211021928568,-0.009960222238570064,0.0006298822632744203,-0.01137206816148575,-0.004044246296759997,0.0006951405613635186,0.0023637829482765767,-0.008309135269068332,-0.008641034299120732,0.0,0.0,0.0,-0.0065153515161587225,-0.013220909751161677,-0.014705364947880504,0.004139434671855827,0.006296181020890558
0.89151543,0.5440704,0.8866069,0.9292485,0.9444444,0.9,0.68029445,0.41140938,0.41568112,0.9622642,1.0,1.0,0.41568112,0.41568112,0.39824057,0.2924596,0.6562137,0.025442976364773925,-0.001648953350514572,-0.0107252711719691,-0.0047392939135070524,-0.00011269292375257375,0.0005870278323289186,-0.010683269410646701,-0.00014984711422527463,0.002214935866648576,0.0,0.0,0.0,0.003521077693433056,-0.0015047576691298405,-0.0012547451271448557,0.01216598922719664,0.007255075485458976
0.88294905,0.6447835,0.9032486,0.8865218,0.9444444,0.9,0.6232907,0.4796449,0.49125397,0.9622642,1.0,1.0,0.49125397,0.49125397,0.61824054,0.4257929,0.50121367,0.028989650062807053,-5.279655087911479e-05,-0.011974358769163885,-0.0020316349114804667,2.3861877338180946e-05,0.0017220869063862237,-0.01616666794205741,0.0036642144341663928,0.005384565359932176,0.0,0.0,0.0,0.005126791857700127,0.0035805548170509886,0.0016836755655517924,0.0054272191899484325,8.530177533897065e-05
0.671702,0.81457967,0.85259974,0.8819039,0.9928678,0.9,0.9,0.39670348,0.41614488,0.9622642,1.0,1.0,0.41614488,0.41614488,0.44449055,0.5391263,0.3952136,-0.028819696295912363,0.005618905799590646,-0.008793140446634437,-0.004265795803174521,-0.003236559494300243,0.0008897474108517413,0.0026025404445386272,-0.002705656739393416,-0.00023153763125035768,0.0,0.0,0.0,0.00027860687178272704,-0.0033446920059742925,0.0003282124696806511,-0.0024945746454047234,-0.011265625223877062
0.6912241,0.73750085,0.7833776,0.7688706,0.9444444,0.9,0.71291745,0.39199796,0.40840834,0.9622642,1.0,1.0,0.40840834,0.40840834,0.5019905,0.30801508,0.53121364,-0.013950788412702284,0.002441700085580067,-0.003309954107612417,0.004811725743573669,-0.002568791271533078,0.00017369120483365244,-0.007657612393643109,-0.0011074049593685028,0.0022518829495089252,0.0,0.0,0.0,0.003123514616644843,-0.002288841528961305,0.001377226769575255,0.013224436055929574,0.0023321753034226066
0.87228465,0.7655489,0.5997535,0.9762011,0.83536357,0.9,0.9,0.33729184,0.35513374,0.9622642,1.0,1.0,0.35513374,0.35513374,0.18324053,0.38912624,0.6892137,0.029863222260150223,0.003452375559281712,0.008528092084225556,-0.008905461943833818,0.0014395317917360684,0.001126526173975539,0.004542202122539686,-0.006576816990815012,-0.0017603386103257287,0.0,0.0,0.0,-0.003855022373142891,-0.0077869144830474135,-0.010475295201503592,0.0067235657238567835,0.011833260238279731
0.8261308,0.7655489,0.84063524,0.82506794,0.9463495,0.9,0.9,0.5878801,0.5968091,0.9622642,1.0,1.0,0.5968091,0.5968091,0.7757405,0.45579296,0.5462136,0.014901850458576327,0.002260166439088662,-0.006965550594269514,0.0016818742629705358,0.000742047637682537,0.0016342389385268093,0.003997813156670334,0.0071592362098210315,0.007086708924067626,0.0,0.0,0.0,0.005396942896515937,0.008645858371416152,0.0036145184548930552,0.002385796156813681,0.00248479544317322
0.9231587,0.9310345,0.23459494,0.2302506,0.2302506,0.9,0.9,0.48082128,0.500538,0.9622642,1.0,1.0,0.500538,0.500538,0.26824033,0.57912636,0.6102137,0.028103628625603644,0.00228227386594597,0.017127084103026578,0.017056664958476023,0.004102427572015547,0.003388302432072851,0.00401555118710285,0.0027713880360014254,0.004732413289454819,0.0,0.0,0.0,0.003651487063349867,0.0019403900718949945,-0.007564778553620226,-0.0020396753998767987,0.0035063748956556885
0.7678558,0.6270212,0.70547837,0.9762011,0.9762011,0.9,0.9,0.23729178,0.26044127,0.9622642,1.0,1.0,0.26044127,0.26044127,0.3019905,0.3713485,0.40621367,0.005565972587395578,-0.0004034790839237618,-0.00031119816794903554,-0.01620760815912284,-0.004788971082127891,-0.000172402973432396,0.0033940574310206482,-0.018143090064212906,-0.019904442104887687,0.0,0.0,0.0,-0.015307349534422676,-0.024557240296976875,-0.005815641515887481,0.010503901574308368,-0.011869505841140377
0.49448755,0.29029924,0.8631858,0.8702299,0.84956694,0.9,0.9,0.65788025,0.66967815,0.9622642,1.0,1.0,0.66967815,0.66967815,0.68574053,0.46801513,0.6612137,-0.06463176479850687,-0.021226370786690065,-0.006856745713961283,-0.0010995531572339757,0.0008752327896932535,0.001623120053636722,0.005061108269122898,0.009694727504498053,0.00976081846413955,0.0,0.0,0.0,0.004937324589156229,0.014818147006190581,0.003963748611194369,0.0019643662329472864,0.012282839177676131
0.67939425,0.58626735,0.7535116,0.7395577,0.9444444,0.9,0.7937475,0.61846846,0.63723844,0.9622642,1.0,1.0,0.63723844,0.63723844,0.48074055,0.68690413,0.61521375,-0.010139401614370642,-0.0013417061322206455,-0.0019100109211320749,0.003432947820728506,-0.0015118019339531656,0.0005145732426460153,-0.001310254685430614,0.007811091852594896,0.007509301221672526,0.0,0.0,0.0,0.003471980658651201,0.011121589882652182,0.0007293026645206189,-0.015573697511270175,0.006956381280489754
0.7909327,0.6788478,0.76113087,0.9444444,0.72725827,0.74025726,0.9,0.5325858,0.5474734,0.9622642,1.0,1.0,0.5474734,0.5474734,0.5244905,0.43912622,0.66921365,0.009901687254599043,0.0009279473978367919,-0.0033879420135851223,-0.0022418299271227808,0.0007888190710373046,-0.0035618271656173758,0.004260800130094016,0.006143545271183597,0.0070003170680462724,0.0,0.0,0.0,0.005771192327345052,0.006468105027615369,0.001137326996195636,0.0030855068198037904,0.007730562275788134
0.66430104,0.74130696,0.81308,0.90186393,0.84995383,0.9,0.9,0.22729155,0.24396236,0.9622642,1.0,1.0,0.24396236,0.24396236,0.15699041,0.30134848,0.56721365,-0.023980910896927,0.0033511611816825194,-0.007673538522448937,-0.0061979024237241356,0.0015199986264749327,0.00025217986684262383,0.0030829966222943573,-0.020455207626096164,-0.022986554081645644,0.0,0.0,0.0,-0.019936455433627237,-0.024378299596500366,-0.013545539099929328,0.01569434917353924,0.004780786607508965
0.70631737,0.7025807,0.7206517,0.7073063,0.9928678,0.9,0.9,0.3467036,0.36270377,0.9622642,1.0,1.0,0.36270377,0.36270377,0.2594905,0.46801513,0.52221364,-0.018605204849429638,0.0019423386950326777,-0.00106432043364025,0.008883943588667717,-0.0073456304530543325,0.0004642930211061672,0.002788672962003394,-0.0032201233832783176,-0.0036550913443131063,0.0,0.0,0.0,-0.0013632388269233027,-0.007462360312989942,-0.007138857031124749,0.0026219733824796748,0.0010428051928894433
0.6024712,0.54387206,0.84155977,0.9444444,0.885304,0.957162,0.9,0.3702332,0.3858597,0.9622642,1.0,1.0,0.3858597,0.3858597,0.26074052,0.54468185,0.44321364,-0.06301491346185248,-0.008222324621249413,-0.009309593558315463,-0.015250580629464019,-0.0011706564097304648,-0.0001974041605878072,0.002424233236226175,-0.006825462808327906,-0.005795770378430625,0.0,0.0,0.0,-0.004475494685834554,-0.009009676863090559,-0.007449334838902805,-0.00416176224678165,-0.007654850391093479
0.84064144,0.54419273,0.8614432,0.9444444,0.9166222,0.65659654,0.9,0.40199795,0.42074654,0.9622642,1.0,1.0,0.42074654,0.42074654,0.39199054,0.70023745,0.24321356,0.02796041855889607,-0.0051162752654035784,-0.012318784724400617,-0.011154365137126438,0.000523626057853116,-0.008943217112049134,0.0030288200683977052,-0.0020574487166855966,0.000884082245771879,0.0,0.0,0.0,0.0009533595647042199,-0.0036794866048199116,-0.0015590683021941825,-0.02127373560673159,-0.022753700255387904
0.7412241,0.7317258,0.6503257,0.9444444,0.90186393,0.7696535,0.9,0.27140942,0.29210842,0.9622642,1.0,1.0,0.29210842,0.29210842,0.34574044,0.4824596,0.3452136,-0.00044448290697103767,0.0038795085881003894,0.004894364742226671,-0.010485184306469664,-0.0006261800431984036,-0.00014096979440938085,0.003149849983423495,-0.01459718390769035,-0.013708128026400035,0.0,0.0,0.0,-0.01070028454976173,-0.018502244580521365,-0.003628164003590243,0.0019919299151116535,-0.017157053564476377
0.81488365,0.5340697,0.80898374,0.88400924,0.6845306,0.9,0.9,0.6067037,0.6212207,0.9622642,1.0,1.0,0.6212207,0.6212207,0.7944905,0.4635707,0.52121365,0.016565689745181092,-0.004813652287375498,-0.005882180635073256,-0.0011485352993341582,0.0012712883254158006,0.0018833901317731,0.00394640610291491,0.006960978855671555,0.006517314809963758,0.0,0.0,0.0,0.004970726023539186,0.009146770196802247,0.0015038100624262748,0.0014841015572408668,0.0008879838929979076
0.879103,0.7104199,0.8207716,0.9444444,0.9463495,0.91276646,0.9,0.6614095,0.6709752,0.9622642,1.0,1.0,0.6709752,0.6709752,0.6044905,0.49468178,0.7972137,0.025563949519933536,0.0008644603736479112,-0.005387781773622608,-0.0012366429597411683,0.0018546574907908541,0.0023910653716669537,0.004520731643294002,0.0054385078416894226,0.005077887696888015,0.0,0.0,0.0,0.002348784178200534,0.008353808685908633,0.0022218084685151364,-0.00022203146006659604,0.010799344200482973
0.91814715,0.7926805,0.7861224,0.96959347,0.7014067,0.9,0.9,0.53317404,0.5446078,0.9622642,1.0,1.0,0.5446078,0.5446078,0.6769905,0.51912624,0.50121367,0.043370402270385286,0.004563191958031907,-0.0034504205178571123,-0.004694419736565666,0.0005667303108834495,0.0022769537482500222,0.004680894281931084,0.007479629126481861,0.007818315585621637,0.0,0.0,0.0,0.006854494168010738,0.0073567311757058,0.0019856074330262736,-0.0025634654410048125,0.00015242589994847068
0.8409327,0.8243242,0.91294676,0.9444444,0.911637,0.9034291,0.9,0.5449389,0.5615857,0.9622642,1.0,1.0,0.5615857,0.5615857,0.48199052,0.5335707,0.62421376,0.02284558368156161,0.004310813267788525,-0.012341181755396202,-0.0020682665017024184,0.0009321166202716975,0.003996833677443589,0.004693850942279022,0.006086197891326874,0.006941358269938956,0.0,0.0,0.0,0.005813727625193317,0.006766032224757671,0.00046284926058887246,-0.0016797318174384113,0.005466343290261259
0.6681472,0.7306133,0.7337578,0.7201697,0.9166222,0.9,0.9,0.15670373,0.18010283,0.9622642,1.0,1.0,0.18010283,0.18010283,0.25199044,0.32579294,0.3492136,-0.02786328983812776,0.0016717458967361427,-0.0010662858250124721,0.008704585873058633,-0.0035643703223676615,-8.3966406275306e-05,0.0020762821359705808,-0.0279792769189891,-0.03294153100405542,0.0,0.0,0.0,-0.024812329305267333,-0.03656059415757725,-0.009075581630224636,0.013145454273914704,-0.019816703959462837
0.613427,0.65454185,0.82621056,0.9762011,0.78330153,0.9,0.9,0.31023294,0.32940498,0.9622642,1.0,1.0,0.32940498,0.32940498,0.46199054,0.44579294,0.31821355,-0.04621140949528399,-0.0003880919875791423,-0.008265373054290644,-0.018036401057380268,0.002281686502343868,-6.707206321738116e-05,0.0019290770908965433,-0.013135318001205536,-0.009849904207640732,0.0,0.0,0.0,-0.007983953975341983,-0.014867105955581605,0.00047058778742539254,0.0070959456885281,-0.019073529226829557
0.3634269,0.2822341,0.8582516,0.842358,0.8555725,0.9,0.9,0.44199777,0.46183512,0.9622642,1.0,1.0,0.46183512,0.46183512,0.4694906,0.49468178,0.49221364,-0.1358025091848985,-0.02735568077751428,-0.0074230600353881295,-0.003250523975084986,-0.0016144655761171792,0.0006598763948040722,0.002344303222332432,7.220527942890728e-05,0.002494605788616726,0.0,0.0,0.0,0.002592566762430344,-0.0005734905732441186,0.0013473496953711045,0.0019463894187699122,-0.002808395577050494
0.9231587,0.9310345,0.17815948,0.17486024,0.17486024,0.9,0.9,0.3855271,0.40003088,0.9622642,1.0,1.0,0.40003088,0.40003088,0.2594905,0.44023737,0.57921374,0.027323801011192108,0.0020935713772631225,0.01679584196659859,0.021040897131754437,0.005629899195138531,0.0018763807443863453,0.0034477439352094876,0.0018691817517979903,0.004201292832306174,0.0,0.0,0.0,0.004184315584506135,-0.002602229556538137,-0.0070287741667961956,0.0009502497469130767,0.0026231985781134675
0.71400964,0.620432,0.66979635,0.9928678,0.9928678,0.9,0.9,0.52846843,0.54104954,0.9622642,1.0,1.0,0.54104954,0.54104954,0.42574054,0.46023738,0.7222137,-0.0038207767099508994,0.000541415936332521,0.0021681046687009177,-0.00620840605551265,-0.0016345471856529428,0.0009153621366182421,0.007327187177423954,0.0061387034027137535,0.008012499488042528,0.0,0.0,0.0,0.00605818539680613,0.007578339740644382,-0.0008355719223381397,0.002073807255224395,0.013654034123155388
0.84122413,0.73751307,0.6998607,0.9444444,0.6777364,0.71292925,0.9,0.38082123,0.4015761,0.9622642,1.0,1.0,0.4015761,0.4015761,0.3019905,0.5013485,0.4832136,0.02297186923849182,0.003261585233498546,0.0016338545381969056,-0.007340784208731824,-0.00035287956321182116,-0.00408456092794624,0.0037938570549725416,-0.004418622559254573,0.0009401800593864676,0.0,0.0,0.0,0.00022470465857372794,-0.0034863242090742985,-0.004399003054520766,-0.0008541636072403189,-0.001783719294856418
0.7444876,0.66461843,0.8481281,0.9444444,0.88713706,0.64246446,0.9,0.5655272,0.58095104,0.9622642,1.0,1.0,0.58095104,0.58095104,0.5682405,0.56023747,0.49421367,-0.0027861868198539065,0.0014163227979168075,-0.009206997487468185,-0.002578432871279599,0.00044897880561658705,-0.007940688937307623,0.003430117868653706,0.0059234201422807085,0.005867308419344436,0.0,0.0,0.0,0.004177854947302316,0.007560638041018442,0.0026518175649716796,-0.004447987287542402,-0.0003344929752112039
0.64419615,0.1604867,0.8033678,0.7884906,0.9463495,0.9,0.9,0.5561153,0.57253426,0.9622642,1.0,1.0,0.57253426,0.57253426,0.5107405,0.58801526,0.5362137,-0.03034985690942105,-0.03659464419981127,-0.0048181579172476416,0.001995306302178157,-0.002480457026311495,0.001036691679375228,0.0035582441262967846,0.004933470732617079,0.007322571026108037,0.0,0.0,0.0,0.004923053931445068,0.008504278565196905,0.001471356648937743,-0.007530034495023276,0.001709437867911403
0.9231587,0.9310345,0.3852583,0.37812388,0.37812388,0.9,0.9,0.7114095,0.7190176,0.9622642,1.0,1.0,0.7190176,0.7190176,0.49074048,0.6880152,0.7102137,0.029510272237427526,0.004142022560139468,0.01009804998254453,0.00889041921607463,-0.0002464607315123868,0.003089670083685705,0.005410399061636088,0.003337069897864277,-0.0009753880618087885,0.0,0.0,0.0,-0.0012410493430697004,0.007253616099017665,0.0006216953835919009,-0.007768223958031184,0.00495927342655369
0.806026,0.2981628,0.8404423,0.9232409,0.795958,0.9,0.9,0.60670346,0.6203209,0.9622642,1.0,1.0,0.6203209,0.6203209,0.7444905,0.44579294,0.5612136,0.011059688546033284,-0.016255011586307173,-0.007996502309578832,-0.00356302743559482,0.001976188786890511,0.0013950776534345855,0.004278175085412851,0.006173466240319942,0.00676548213980468,0.0,0.0,0.0,0.0039946172764317636,0.009467217695718512,0.0007961809008179507,0.003158278134389862,0.003442906619616605
0.7989164,0.76578325,0.8246194,0.94465274,0.75356907,0.9,0.9,0.33670357,0.35571212,0.9622642,1.0,1.0,0.35571212,0.35571212,0.43449056,0.4580151,0.3492136,0.007530977847017848,0.0026455340262070788,-0.010340096130220968,-0.012230359805586028,0.00307098005493161,0.0008464058623336796,0.001496560471858026,-0.011759691522563984,-0.0065323568025450925,0.0,0.0,0.0,-0.006268147793994474,-0.01048243099112704,-0.00018057981939784612,0.005640567704514929,-0.012811237014586786
0.72141063,0.6942563,0.8507981,0.9166222,0.9463495,0.9,0.9,0.5549389,0.574232,0.9622642,1.0,1.0,0.574232,0.574232,0.5319905,0.62357074,0.48621368,0.001194489958971765,0.003315141556657454,-0.007424864942026949,-0.0021721498717971223,-0.0001781048991782696,0.001465784216053114,0.004718964725590732,0.007654237501400404,0.008743786564771715,0.0,0.0,0.0,0.006541602141261915,0.009813264272199584,0.0013837046655728194,-0.012083226748773004,-0.0005108728683559219
0.8175645,0.75060344,0.76405096,0.9444444,0.9463495,0.7255833,0.9,0.62670374,0.64075536,0.9622642,1.0,1.0,0.64075536,0.64075536,0.6794905,0.3746818,0.7632137,0.015368705661889814,0.002941944135578913,-0.0017781625977440734,-0.0012721755175317299,0.0008524788789205251,-0.0040496733395879855,0.0041572344764837805,0.005683215130942309,0.006154625393594273,0.0,0.0,0.0,0.003802235650204796,0.008773746110597572,0.0037629658204164406,0.005883324625664345,0.010732210985346944
0.6211193,0.4827231,0.86751676,0.9444444,0.94615734,0.6867396,0.9,0.14317411,0.1603492,0.9622642,1.0,1.0,0.1603492,0.1603492,0.19699049,0.32690397,0.38821363,-0.042927980882193,-0.0077870150798936355,-0.01451526963220279,-0.017296770330636254,-0.0020244093983985702,-0.0008050212764402146,0.0015256656294458729,-0.029590663525921247,-0.03632837341931244,0.0,0.0,0.0,-0.026504595916814547,-0.040697297705729024,-0.013057783898756406,0.016190427975441818,-0.014775751522273324
0.54064137,0.5000943,0.7785154,0.7640984,0.9444444,0.9,0.47460225,0.729645,0.7346369,0.9622642,1.0,1.0,0.7346369,0.7346369,0.62949055,0.6391263,0.65421367,-0.04798324583300277,-0.007243443025427405,-0.0032002644246492506,0.002861926574058901,-0.002517605109267745,0.0011107160904844943,-0.03052753626495594,0.011445242018209154,0.006008974179742689,0.0,0.0,0.0,0.0011827540901874676,0.012136858102968067,0.004668857703644435,-0.010662037368356058,0.008331318630759314
0.8719933,0.7838458,0.73832285,0.7246502,0.9444444,0.9,0.7577176,0.53258604,0.55060196,0.9622642,1.0,1.0,0.55060196,0.55060196,0.4032405,0.6013485,0.5562137,0.020928555157735337,0.002344074014782783,-0.0018158928692306184,0.003690372299900039,-0.0008796628198044696,0.0024383796308119266,-0.006244560242155646,0.004254019446501475,0.004585886138736723,0.0,0.0,0.0,0.003339719314247446,0.004860806869461252,-0.0010402905114828794,-0.005774402012278096,0.0022433916294225874
0.9231587,0.9310345,0.42114708,0.41334808,0.41334808,0.9,0.9,0.80199766,0.81405056,0.9622642,1.0,1.0,0.81405056,0.81405056,0.65074056,0.7680152,0.6292137,0.022945247192958543,0.003991567082411256,0.00874813128639168,0.007189042318161837,-0.002338767853933779,0.0019816385579969403,0.0038477935513192996,0.0030349844960291046,-0.004055432447937995,0.0,0.0,0.0,-0.003207283967627654,0.007947542398884282,0.00464137789414675,-0.010903823399107391,0.0031595014142662
0.6714107,0.7104199,0.8050022,0.9444444,0.9444444,0.68673927,0.74025714,0.44964477,0.4669154,0.9622642,1.0,1.0,0.4669154,0.4669154,0.3019905,0.63245964,0.6392137,-0.02428997997608885,0.0021138557282297126,-0.007891605601545894,-0.00999589522627692,0.0006221308577241194,-0.007483619851433016,-0.00647185821245386,0.0021430464303507867,0.005188318309418945,0.0,0.0,0.0,0.004366653986076599,0.002977700700577701,-0.006221411038028257,-0.013103492424215964,0.007793702641806542
0.9231587,0.9310345,0.21024947,0.20635596,0.20635596,0.9,0.9,0.4714094,0.48397657,0.9622642,1.0,1.0,0.48397657,0.48397657,0.6257406,0.3624596,0.51321363,0.03071184404882386,0.0035761478123009127,0.015443929878871781,0.01916396780930802,0.00458574129418437,0.002188683354932172,0.004346193876348644,0.003502283673864102,0.00474865872533406,0.0,0.0,0.0,0.004374962539242067,0.002926659297551541,0.004956940550285222,0.004012720700642871,0.0007773584941779542
0.7489164,0.6127158,0.6058133,0.9444444,0.58489347,0.59229195,0.9,0.40258622,0.4217418,0.9622642,1.0,1.0,0.4217418,0.4217418,0.46699053,0.43468177,0.4492136,-0.002199017565707322,-0.0008380126186528001,0.004623330525720483,-0.01175090704932357,-0.0012289780700520925,-0.009994614036914297,0.004479083807165604,-0.0030030510310111043,0.0011598814988372063,0.0,0.0,0.0,0.00016474532784932882,-0.0030359984242254224,0.0008280961602463444,0.006704485222982277,-0.003931256557496843
0.9231587,0.9310345,0.43338305,0.42535743,0.42535743,0.9,0.9,0.77846843,0.7861287,0.9622642,1.0,1.0,0.7861287,0.7861287,0.55199057,0.53245956,0.8922137,0.029328076582745066,0.005623533126266772,0.009702234633613202,0.007719512211942885,-0.0014833390335070148,0.0032533224062270506,0.004591395861112646,0.002525918586686659,-0.004125829912373779,0.0,0.0,0.0,-0.002037770670186183,0.007145761679152204,0.002278302513152631,-0.00025121170525864125,0.009494121683839332
0.81400967,0.7219333,0.83521014,0.9444444,0.8259664,0.6869545,0.9,0.57905656,0.5988513,0.9622642,1.0,1.0,0.5988513,0.5988513,0.40574056,0.7813485,0.44621363,0.01925135966317646,0.0023393458890284364,-0.0069236840888594895,-0.003385420145228807,0.0012449038823860495,-0.006712498538806795,0.005988471778113038,0.0066490998514839,0.0056125960242871895,0.0,0.0,0.0,0.004192235654485122,0.007898895564558807,-0.0018075146209071014,-0.02335188347580842,-0.003610393558265285
0.8607462,0.8409027,0.5768556,0.9444444,0.67352206,0.8128726,0.9,0.53552717,0.55021703,0.9622642,1.0,1.0,0.55021703,0.55021703,0.39699054,0.4191263,0.7452136,0.023216712357620746,0.0035617651352209795,0.004422336405250327,-0.0027433842413243305,0.0001214434873857383,-0.001176654460836868,0.0061802899996415885,0.004706797912151323,0.005447192268408018,0.0,0.0,0.0,0.004586360852605086,0.00529757336901544,-0.0018011592207014418,0.0034971129265713085,0.009151605260908757
0.9231587,0.9310345,0.33884752,0.33257255,0.33257255,0.9,0.9,0.6937625,0.70301354,0.9622642,1.0,1.0,0.70301354,0.70301354,0.6694905,0.5491263,0.6602137,0.024823300697526682,0.0029720571050931384,0.012242395545694456,0.010235064493659742,0.001837548957362886,0.00211622666757811,0.004257853585827895,0.0037928971963627246,0.0014183901103272977,0.0,0.0,0.0,-0.00023627567729162676,0.008423557344643012,0.005563356803014148,-0.0017858438656825825,0.004137669666224917
0.7521799,0.7872722,0.85637504,0.9444444,0.9444444,0.7610298,0.7610298,0.4290566,0.45026752,0.9622642,1.0,1.0,0.45026752,0.45026752,0.52449054,0.38468182,0.5652137,-0.005703331576456816,0.0015933433924383217,-0.008248885982091085,-0.004382093319945349,0.0002272168925939899,-0.002056283418094323,-0.005405739934146391,0.0013962703859891207,0.005252282314851548,0.0,0.0,0.0,0.005138536107793718,0.0012594088127226783,0.0018745259619874948,0.008014175865743508,0.003415863383858897
0.9231587,0.9310345,0.37041944,0.3635598,0.3635598,0.9,0.9,0.69729185,0.70478183,0.9622642,1.0,1.0,0.70478183,0.70478183,0.51074046,0.55357075,0.80521363,0.029858817555354716,0.003309931642489089,0.011321970193240535,0.010036602663168373,-9.37701136147795e-05,0.003227592794082869,0.0036490547551021445,0.0032676001352889826,-0.0010510712856573168,0.0,0.0,0.0,-0.0003306388223341937,0.008109877714585944,0.0019271341422027496,-0.002624869277495964,0.007664530761805081
0.8066087,0.8511092,0.746805,0.96959347,0.9762011,0.9,0.9,0.33140934,0.34814703,0.9622642,1.0,1.0,0.34814703,0.34814703,0.5132405,0.5291263,0.2942136,0.014895492770342857,0.00587037047809301,-0.0015014659846483086,-0.013758813727809936,-0.001875408176230235,0.00041225409426639057,0.0028968779599206893,-0.011164287037911608,-0.008159244701754612,0.0,0.0,0.0,-0.006804812901783709,-0.012162252853693722,0.0016932499836251253,-0.0018467588815873545,-0.020622279772788046
0.81074613,0.672968,0.7109546,0.6977888,0.90442353,0.9,0.9,0.5819977,0.5992198,0.9622642,1.0,1.0,0.5992198,0.5992198,0.44699055,0.48690403,0.7232137,0.017833886913062886,0.0014777612846616146,0.0001561452092865098,0.003961277756270964,0.0008522611164643678,0.0029168479423205486,0.006577641365801271,0.0046964200268320225,0.005420873491116061,0.0,0.0,0.0,0.0029988368703708574,0.007037807586733435,-0.0007990471833534366,0.0003529183301310085,0.009227251627929174
0.86488366,0.50921416,0.5713473,0.9928678,0.5991768,0.9,0.9,0.54140943,0.5566123,0.9622642,1.0,1.0,0.5566123,0.5566123,0.3169905,0.6624596,0.58521366,0.030766263207550333,-0.004270233025691995,0.004793548579514865,-0.008822766589635479,-1.0465308303297741e-05,0.001923901507530423,0.004339990113633302,0.00694213036123221,0.008126440976415558,0.0,0.0,0.0,0.006745389686756471,0.008006494248914895,-0.002165592326164067,-0.01213060855130072,0.004417226491546098
0.9231587,0.9310345,0.4738059,0.4650317,0.4650317,0.9,0.9,0.9114096,0.92155087,0.9622642,1.0,1.0,0.92155087,0.92155087,0.5644905,0.81134856,0.84521365,0.02695257455181908,0.004421450872502396,0.00643255794486186,0.0065769829834565,-0.002224198106605743,0.002537169719746687,0.0038315028890389684,0.005091072427879007,-0.005568593898972719,0.0,0.0,0.0,-0.0009682841432375783,0.010853792673673956,0.0026760335963967913,-0.013651179109105944,0.009283277891451218
0.63353175,0.55483997,0.8221732,0.9444444,0.95026696,0.90037495,0.9,0.6943507,0.69741243,0.9622642,1.0,1.0,0.69741243,0.69741243,0.4569906,0.49579293,0.8332137,-0.023981385873417436,-0.004069691952799086,-0.005854925905944235,-0.0034955695344037374,0.0014443963569626362,0.001513003173262462,0.006805245461626002,0.00461263269606771,0.0030840195990805884,0.0,0.0,0.0,-0.0001427175429488429,0.006911307806806894,-0.00040617831011449543,0.00037864618763313413,0.013091205995435798
0.47910288,0.5475825,0.7899372,0.9444444,0.72185796,0.6101727,0.9,0.21199776,0.22906369,0.9622642,1.0,1.0,0.22906369,0.22906369,0.1982404,0.42134845,0.36721364,-0.09055547311408638,-0.005850584533184191,-0.008663926515262493,-0.015690200843153316,0.0027399200341370034,-0.004823943820004171,0.0021510856954926926,-0.019854282344856203,-0.019365549048358743,0.0,0.0,0.0,-0.014466433406168933,-0.026042115851508982,-0.012649068240591477,0.008612286031270644,-0.015150266127911795
0.6906414,0.7996218,0.9288377,0.911637,0.9444444,0.9,0.8227389,0.087880075,0.10497853,0.9622642,1.0,1.0,0.10497853,0.10497853,0.3644905,0.14134842,0.33421364,-0.025686628072180646,0.004881130645826237,-0.017681958437968295,-0.011494650599032003,-0.0030430178866466023,4.6000682788318974e-05,-0.0002671136506251286,-0.03673642854852211,-0.043030139780886004,0.0,0.0,0.0,-0.03462624690639394,-0.04701767547430924,-0.004463893563452881,0.026594995488008,-0.019213984865315576
0.8873779,0.73751277,0.7108926,0.6977279,0.9444444,0.9,0.76664054,0.5078803,0.5243257,0.9622642,1.0,1.0,0.5243257,0.5243257,0.6507405,0.38468182,0.5402137,0.02716513943327417,0.0025793457410408184,-0.0006571642939124972,0.004382712031409807,-0.002115061192440526,0.0019909039253691776,-0.0036519378048346053,0.004026729048100118,0.005335500118282348,0.0,0.0,0.0,0.004770260900593753,0.004224006834350086,0.00365230869087788,0.006445262105588716,0.0013108703026916341
0.606026,0.6409232,0.8939639,0.877409,0.9444444,0.9,0.6677118,0.63964486,0.6498985,0.9622642,1.0,1.0,0.6498985,0.6498985,0.48449057,0.6524596,0.6412138,-0.034750848243976534,-0.0009989611942754573,-0.010493754814839145,-0.0015533185392319065,-0.0010553355916326811,0.0016632079494811026,-0.013726211619698456,0.010824915639396639,0.008142856323163158,0.0,0.0,0.0,0.0050181005717729035,0.011779501913518389,0.0009403040026680739,-0.01277229718755258,0.00852990067000926
0.8095808,0.8198062,0.70733833,0.9444444,0.9444444,0.79247934,0.84992,0.23611529,0.25591147,0.9622642,1.0,1.0,0.25591147,0.25591147,0.43699056,0.15468185,0.53121364,0.014782850831269316,0.004093622893105057,-0.0012153110825815928,-0.011107932891440575,0.00044073007180172626,-0.00019698071919645955,0.0022336673248471643,-0.014967815329557752,-0.01610190335171863,0.0,0.0,0.0,-0.014660780704182037,-0.020989685989172172,-0.0006851817045534521,0.021117634172571315,0.0020646942478853205
0.7947789,0.7512667,0.674147,0.9444444,0.9444444,0.7262245,0.67271996,0.65729207,0.67301357,0.9622642,1.0,1.0,0.67301357,0.67301357,0.6507405,0.5391263,0.6412137,0.008390521897981333,0.0017896781262911779,0.0004074324804374292,-0.003788205155596144,-0.0006594396240817618,-0.004748708353213118,-0.014242684867256872,0.0061516232120564195,0.004059355565888522,0.0,0.0,0.0,0.0027586958793988626,0.00793934499196029,0.003495138673500596,-0.0028415687015659464,0.006112985660625404
0.54477894,0.5711425,0.7304525,0.9410746,0.7071406,0.9,0.9,0.3914095,0.41080433,0.9622642,1.0,1.0,0.41080433,0.41080433,0.37574053,0.5724597,0.37921363,-0.07478283295847317,-0.006170738099497308,-0.0016482009239865442,-0.016208474095375833,0.0029563214165469155,0.0003167334682733575,0.002432922194194888,-0.007255261953218304,-0.002677570981912788,0.0,0.0,0.0,-0.002053622164153926,-0.007211483389476865,-0.0010761469960659145,-0.006343441506141016,-0.014382696612310328
0.848625,0.5999599,0.76185924,0.9444444,0.9444444,0.79673856,0.5799613,0.3843506,0.3991947,0.9622642,1.0,1.0,0.3991947,0.3991947,0.5519905,0.5724597,0.30021363,0.019343416660346828,-0.0020140328085378936,-0.0035937554857271713,-0.00932390116964724,-0.000366984955335604,0.0003648266740151642,-0.01713112288504422,-0.0027662171494203867,0.002368959831785818,0.0,0.0,0.0,0.002317395503890926,-0.0031506551592676963,0.0017732509300980425,-0.006398078786906923,-0.01356510113310678
0.8870866,0.8209108,0.8262102,0.94615734,0.9928678,0.9,0.9,0.5443508,0.5591842,0.9622642,1.0,1.0,0.5591842,0.5591842,0.43949056,0.62690413,0.5712136,0.02870645328455124,0.003567778153496404,-0.007493767507176482,-0.002463051109630915,0.0004635272324115503,0.0018330752567860486,0.0060964658421674015,0.005675906908446771,0.006805227224644944,0.0,0.0,0.0,0.005917067124186658,0.006300302901995491,-0.0003818625354871609,-0.008207212545247304,0.003165546548507835
0.7876693,0.81457967,0.68502146,0.67233586,0.9444444,0.9,0.787427,0.5696447,0.57944655,0.9622642,1.0,1.0,0.57944655,0.57944655,0.6507405,0.5480152,0.5652137,0.013449153613738387,0.004605229885881307,0.000909384641708762,0.005290738416045698,-0.0009317036210532034,0.002103088316960461,-0.002529241874084085,0.005508177300652895,0.005537123096712237,0.0,0.0,0.0,0.0036760981408834937,0.006980573623313914,0.003053976227415465,-0.0030621609299393195,0.0026679549964716215
0.814301,0.9084271,0.44596267,0.9444444,0.43770412,0.8781462,0.9,0.6814095,0.69129264,0.9622642,1.0,1.0,0.69129264,0.69129264,0.74824053,0.40245956,0.6622137,0.00990509228940746,0.004407719113085782,0.007528810621215464,-0.004038677025419385,-0.0011450261904100848,0.0006250749911255838,0.004545846071343068,0.006755766086011901,0.006042056347011753,0.0,0.0,0.0,0.004554305095166137,0.008998211714545002,0.00650992402653941,0.004119814250333393,0.005266608054374906
0.85631734,0.27592868,0.79631156,0.9444444,0.9530919,0.9034291,0.9,0.4249389,0.43512014,0.9622642,1.0,1.0,0.43512014,0.43512014,0.34574044,0.38468182,0.7452136,0.026616117021243793,-0.020533609133902377,-0.003584857639488333,-0.00414767016037231,-0.0005346253005676385,0.0007876550331294582,0.003477758513971232,0.002882980460963672,0.004550197605659266,0.0,0.0,0.0,0.004644171459973547,0.0010240096670149368,-0.0022162614105198713,0.006284329046201558,0.015556080016311126
0.8521798,0.62373585,0.79034954,0.77571344,0.9444444,0.9,0.55313945,0.39435062,0.41581476,0.9622642,1.0,1.0,0.41581476,0.41581476,0.42699057,0.4502374,0.4622136,0.024559185710851073,0.0006327619122449255,-0.004021287316761365,0.0026041232231744584,-0.0010022518284777382,0.0011429041376539203,-0.021939086695349653,-0.0014124678694347342,0.0034649285503069627,0.0,0.0,0.0,0.004068784353203103,-0.0010996846212915862,-0.00023776555696531488,0.0048357013619465565,-0.0019338732799633223
0.8989164,0.73751307,0.66006863,0.9444444,0.9928678,0.71292925,0.9,0.58964473,0.60615826,0.9622642,1.0,1.0,0.60615826,0.60615826,0.42074054,0.7169041,0.5992136,0.03502184083693795,0.003470389709871642,0.0040159302505022535,-0.002205246221223645,-0.0006897853141539259,-0.004924246456088905,0.005959674563913404,0.007247611175774913,0.007249049852482041,0.0,0.0,0.0,0.005901619433143224,0.009216902226570161,-0.0008240050180053097,-0.014922294080281076,0.005546921071062954
0.79448754,0.66261613,0.9681966,0.9677255,0.92747635,0.9,0.9,0.58493894,0.58405405,0.9622642,1.0,1.0,0.58405405,0.58405405,0.8294905,0.3813485,0.5992136,0.011848740586198123,0.0014811697162495023,-0.015352768343538326,-0.004396886323874508,0.0007210998484264343,0.001675076194083267,0.005142032573840814,0.0075290562787770155,0.007554152929641524,0.0,0.0,0.0,0.006083972801559212,0.009301319464655927,0.0016666268586046156,0.006834866705874455,0.005266665712064813
0.7332404,0.7581056,0.76729876,0.94465274,0.9444444,0.9,0.7328354,0.842586,0.85586864,0.9622642,1.0,1.0,0.85586864,0.85586864,0.5932405,0.74245965,0.7772137,-0.005597975245227182,0.0020683350835457126,-0.0032892672872955214,-0.0030028535635196335,0.0009893291711015903,0.0017309426258206874,-0.008624616478047013,0.0065996620767403,-0.0018356625924575156,0.0,0.0,0.0,-0.003013359968908289,0.008106162527961598,0.0026079338836874962,-0.014980055088043004,0.010231590848561409
0.82170194,0.73751277,0.7675884,0.7533738,0.9116092,0.9,0.9,0.43611538,0.45372862,0.9622642,1.0,1.0,0.45372862,0.45372862,0.14199042,0.41134846,0.73321366,0.02232533930152648,0.003226381132656141,-0.002262871266931121,0.004244492218431588,-0.0004656766204868011,0.0022083320911475313,0.0052838277092615285,0.0030005712859863596,0.0066550115098517595,0.0,0.0,0.0,0.005273213823852609,0.0024559959795070418,-0.015970918295537973,0.0032639619872439716,0.013474451289724522
0.87199324,0.37867948,0.7978033,0.9444444,0.80721444,0.8694574,0.9,0.51788014,0.53340775,0.9622642,1.0,1.0,0.53340775,0.53340775,0.57449055,0.46912628,0.5622136,0.025898289178582886,-0.01040906656234736,-0.004777357865264249,-0.004192341874236231,0.002012774865448122,0.0009321413734651392,0.004350978762644875,0.004847745954141748,0.006035316244339547,0.0,0.0,0.0,0.004972605148328955,0.006326312274625372,0.00078146288224698,0.0011221626370010974,0.0032077941089106816
0.9140097,0.79279333,0.7980808,0.87387097,0.9444444,0.9,0.76636684,0.22023302,0.24060586,0.9622642,1.0,1.0,0.24060586,0.24060586,0.24074042,0.12357076,0.61521375,0.040562296933918454,0.0029073312628950143,-0.004904571427460265,-0.0005946791393229533,-0.0003154137357420497,0.0010557003079687136,-0.002563197214276891,-0.012875895492961496,-0.016179810230683055,0.0,0.0,0.0,-0.0128224789924447,-0.019974948130770886,-0.009855499053576662,0.017246443435425217,0.007823545553553253
0.7296856,0.3062697,0.9082852,0.9444444,0.9928678,0.957162,0.9,0.6019979,0.6123237,0.9622642,1.0,1.0,0.6123237,0.6123237,0.6257405,0.5502374,0.6062137,-0.006442453805995805,-0.01896622296216328,-0.01002931891469213,-0.0044225752979843245,-0.0009732557774251969,0.0010643567887855458,0.0037466804863787655,0.00943793906244204,0.009839359974453803,0.0,0.0,0.0,0.006010017862970018,0.013285371234988234,0.0016754564991219218,-0.006059040515173151,0.008097848518928724
0.9110375,0.5286538,0.599307,0.9463495,0.6360046,0.9,0.9,0.5690566,0.5849299,0.9622642,1.0,1.0,0.5849299,0.5849299,0.5882405,0.5524596,0.5782137,0.03677434913215171,-0.004039337686366034,0.00383259158493135,-0.004767159360493516,0.0006828259503433021,0.0018833451181182498,0.004889405372905827,0.00707897718194661,0.007622746770837714,0.0,0.0,0.0,0.006386374895296596,0.008532926891113781,0.001476128542734616,-0.004432706186362173,0.0036759420129495774
0.9231587,0.9310345,0.34515887,0.33876705,0.33876705,0.9,0.9,0.6743506,0.6816991,0.9622642,1.0,1.0,0.6816991,0.6816991,0.6894905,0.66579294,0.5742137,0.02834839638156394,0.0040038916391753184,0.01263296675322231,0.010146195890672552,0.0006641851318150232,0.0024696278888106495,0.004896151404646499,0.003107439107054052,0.00012218710392710762,0.0,0.0,0.0,-0.0010564888653947404,0.006712029927186175,0.005304464763120285,-0.006578171366139751,0.0019664238125273346
0.8675645,0.8378786,0.77697873,0.9444444,0.9444444,0.80994934,0.7597661,0.5484682,0.5603365,0.9622642,1.0,1.0,0.5603365,0.5603365,0.5107405,0.48690403,0.6292137,0.02064020078588361,0.0027262060827618335,-0.004086941438361798,-0.002560913269981571,8.143305389577683e-05,-0.0016731972297827989,-0.0028714328728901726,0.004887286186987036,0.004881909816076838,0.0,0.0,0.0,0.003969448992299839,0.005342470745314396,0.0008001265587154507,0.0012475661854239866,0.00542645091875485
0.49833372,0.46170586,0.8976913,0.9444444,0.9762011,0.84684366,0.9,0.15964486,0.18292521,0.9622642,1.0,1.0,0.18292521,0.18292521,0.3844905,0.3624596,0.1992136,-0.09676974245853477,-0.012793205601682662,-0.014920758169582958,-0.01905375764676214,-0.005881017559610165,0.0005691144992834436,0.00165977910795728,-0.029774799165151154,-0.03632453742876571,0.0,0.0,0.0,-0.025185805263809792,-0.038817939056382665,-0.003634325911310334,0.012673132856428699,-0.03972044595774526
0.8066087,0.38892126,0.6371641,0.6253648,0.9463495,0.9,0.9,0.5037624,0.5214078,0.9622642,1.0,1.0,0.5214078,0.5214078,0.44949055,0.51357067,0.61321366,0.010486763672508883,-0.009594149234939613,0.0022942777170088667,0.006128811897347529,-0.0025456511324916803,0.0021816993234999226,0.0034512220299702944,0.0034887215136112175,0.006237084984730737,0.0,0.0,0.0,0.005130775490821947,0.004603278539378497,-0.00032065919868186213,4.8794815009382506e-05,0.00616684598946677
0.66727316,0.71043587,0.79609245,0.9444444,0.9762011,0.8694574,0.9,0.4437625,0.46132737,0.9622642,1.0,1.0,0.46132737,0.46132737,0.5319906,0.32023737,0.5452136,-0.0241233554281482,0.0014590380006180037,-0.003074147011138886,-0.006626076709151418,-0.0029232889041723325,0.0004976557748811361,0.004005141692656619,0.001981404072505864,0.00527471724555704,0.0,0.0,0.0,0.00493229745979903,0.002087046195802303,0.00253674202580295,0.013356785202588477,0.0034278731643554326
0.54448754,0.5165631,0.9383463,0.9444444,0.9444444,0.6097455,0.63999856,0.44199786,0.46371555,0.9622642,1.0,1.0,0.46371555,0.46371555,0.42574054,0.406904,0.6112136,-0.056325780596232077,-0.00420387205680782,-0.01748502290050086,-0.00821417398108401,-0.0007678958611639565,-0.011210530988449445,-0.01226637800541553,0.0009906978992652868,0.004108181208841568,0.0,0.0,0.0,0.0036047265826316334,0.0015532155810974097,-0.0022730232613742147,0.008247535603862408,0.007003059109507418
0.92228466,0.8511092,0.71127933,0.9444444,0.6034711,0.8227389,0.9,0.31611544,0.33710083,0.9622642,1.0,1.0,0.33710083,0.33710083,0.52449054,0.45690408,0.1992137,0.04066296658479885,0.001211739532787168,-0.0002587486876358963,-0.009150247345430311,-0.0003851263836095968,-4.706175715738531e-05,0.002270922975719178,-0.010129906657739891,-0.003338247067531475,0.0,0.0,0.0,-0.0033252840345027596,-0.008187361986829211,0.0026119417895794717,0.0030674822373667828,-0.02343200683396926
0.8992077,0.8409027,0.77193147,0.9149131,0.8701212,0.9,0.9,0.5143508,0.5325673,0.9622642,1.0,1.0,0.5325673,0.5325673,0.3532405,0.3080152,0.7922137,0.02509588216153205,0.001973778326510697,-0.0008357227210867981,0.00024079834634356976,0.0005675256675279488,0.002197753161680852,0.0038139431255003403,0.004457256358656368,0.005777819298143863,0.0,0.0,0.0,0.004763387760495358,0.004293088149363983,-0.003547327670641428,0.007554843829611612,0.011529823233516851
0.72170204,0.7229133,0.54290086,0.9444444,0.9444444,0.7404855,0.69881624,0.49846816,0.5047546,0.9622642,1.0,1.0,0.5047546,0.5047546,0.40824056,0.51912624,0.6572136,-0.005890825066184518,0.0025751596518921766,0.0074876021038962955,-0.005117533188908661,-0.0007160549013490606,-0.002020640761026097,-0.012290894128686624,0.004670454928326781,0.0060266479120325575,0.0,0.0,0.0,0.004890845403507114,0.004851251855181234,-0.0009952084496859112,-0.001994342183439143,0.008714596165887815
0.8329491,0.71064264,0.9191202,0.9444444,0.9410746,0.84992,0.9,0.5319978,0.5486478,0.9622642,1.0,1.0,0.5486478,0.5486478,0.56699055,0.28690392,0.7212137,0.015601302886055362,0.0008008623909577134,-0.010639668852762187,-0.0020204073551441984,0.0008099857380147907,0.00023093221311469396,0.005017737781386471,0.005183320483549709,0.007070734747955165,0.0,0.0,0.0,0.005696318271765033,0.006046304167860963,0.0019644462623601843,0.012089929817354628,0.00927797017742815
0.83796054,0.46167153,0.68232393,0.91103846,0.6363926,0.9,0.9,0.48611563,0.5056794,0.9622642,1.0,1.0,0.5056794,0.5056794,0.62949055,0.3402374,0.5782136,0.015472028915359308,-0.006959508270674506,0.00040244535968359896,-0.0032215694738210814,-0.0004338986335540346,0.0004555398804714671,0.0030813451147637845,0.004553162292997324,0.007113190478210347,0.0,0.0,0.0,0.006288417515623062,0.004723882084890571,0.0014730262581762667,0.00881967739103641,0.0027853702400421204
0.8601635,0.6576708,0.7508169,0.7369129,0.9444444,0.9,0.63574845,0.1478801,0.16944931,0.9622642,1.0,1.0,0.16944931,0.16944931,0.18324053,0.37579292,0.29421368,0.02698315941496425,-0.00011264632402965726,-0.003357957729980495,0.00605801432986209,-0.004371560003541381,0.0008941981801457539,-0.0071919447105062385,-0.02913116502120637,-0.032753512093022144,0.0,0.0,0.0,-0.02514679395158069,-0.03639667182174564,-0.011202095042913536,0.009756293359176191,-0.024204812088667385
0.7066087,0.5787755,0.8680168,0.9444444,0.7811875,0.84992,0.9,0.44082138,0.4630568,0.9622642,1.0,1.0,0.4630568,0.4630568,0.55574054,0.5680152,0.44621363,-0.017761187108741274,-0.0034286407246098428,-0.010509995307668989,-0.009679729914317635,0.001886969620969275,0.0006976119335781458,0.003004895321278349,0.000808392588748028,0.0046729975033937155,0.0,0.0,0.0,0.0034585189160639767,0.0010235797280492647,0.0017947813104702696,-0.007523335034151185,-0.003771123489099488
0.89151543,0.89943874,0.39191148,0.9444444,0.38465384,0.8694574,0.9,0.58082134,0.5967605,0.9622642,1.0,1.0,0.5967605,0.5967605,0.51949054,0.5569041,0.67421365,0.02278392899620553,0.004360087589103119,0.00794527997809686,-0.004532526148825042,-0.004021669922585573,0.00045992375914217354,0.004894797176736791,0.0051058910695723336,0.004935685662350643,0.0,0.0,0.0,0.004550247204327975,0.006001843626591003,0.0005942852145683161,-0.0019192813535558815,0.005631892365181649
0.9231587,0.9310345,0.4342797,0.4262375,0.4262375,0.9,0.9,0.88964486,0.8846589,0.9622642,1.0,1.0,0.8846589,0.8846589,0.7944905,0.815793,0.6722137,0.03139161032216193,0.0058190659451486096,0.01028890251705541,0.008910282648669643,-0.0014845198621101772,0.0029723858740357107,0.002650724247227696,0.003572456695267445,-0.005065565529230736,0.0,0.0,0.0,-0.00315474967362271,0.009184971145449803,0.00827911555972638,-0.015136352699750548,0.004396958262758366
0.8261308,0.41317475,0.80593574,0.9444444,0.9444444,0.8103763,0.39940226,0.70964485,0.7217939,0.9622642,1.0,1.0,0.7217939,0.7217939,0.6044905,0.7469041,0.5282136,0.014864405793971873,-0.007669027140133119,-0.0050604979741260825,-0.0034343359575072386,0.00022266020763853404,-0.0014703754854646122,-0.037659163299220116,0.009782563847440806,0.00412172793630657,0.0,0.0,0.0,0.0017821182983423223,0.010507425411399027,0.0031454047968798087,-0.017125779691467374,0.0016291340303919242
0.87968564,0.79279333,0.5964688,0.9444444,0.9444444,0.76636684,0.76636684,0.6902331,0.7061117,0.9622642,1.0,1.0,0.7061117,0.7061117,0.5069906,0.60468185,0.75321364,0.02625048242199722,0.0037426235278967958,0.004100428047171636,-0.0016993318395228758,0.0011055981770137936,-0.003192337880126773,-0.0031131732545363745,0.005492458186977053,0.002974459556826106,0.0,0.0,0.0,0.0009688084497814146,0.007700950440185966,0.0005741661177573686,-0.006569830751069205,0.00986918077103539
0.7172731,0.23637979,0.9020078,0.9444444,0.9463495,0.7400306,0.9,0.37493885,0.39444834,0.9622642,1.0,1.0,0.39444834,0.39444834,0.25199044,0.51245964,0.5712137,-0.010675451532639286,-0.025919813749768962,-0.012013077537916868,-0.010520881448458766,-0.0019279511886818668,-0.002484385905278677,0.003929898490527723,-0.0033787704083020386,-0.0007947673325449022,0.0,0.0,0.0,4.163411121969579e-05,-0.006840666486599354,-0.007927744472461818,-6.265622741546739e-05,0.00517740435490891
0.8758395,0.6857059,0.7304438,0.71691704,0.9444444,0.9,0.66284907,0.17199752,0.19085188,0.9622642,1.0,1.0,0.19085188,0.19085188,0.37574053,0.43690395,0.12621355,0.035854337620572066,0.0015859287590697468,-0.0015614624190257592,0.009107269803758044,-0.00453615719017212,0.00020143177761019302,-0.005757371221591467,-0.023472714731684673,-0.025358926743190437,0.0,0.0,0.0,-0.018112696754653625,-0.02933430566246258,-0.0018686478344872798,0.003860861892720398,-0.03955101682011905
0.5095808,0.5286538,0.8321701,0.8167596,0.9928678,0.9,0.9,0.50670356,0.5231013,0.9622642,1.0,1.0,0.5231013,0.5231013,0.6019905,0.39134842,0.48021364,-0.07079836723767546,-0.008254502452592537,-0.005212247973262384,0.002968801759010385,-0.006663277538948444,0.0006412984125715146,0.002819094569363807,0.006322874420112383,0.009705726971967562,0.0,0.0,0.0,0.007916677212379843,0.008294734398765104,0.0044089725182724126,0.008088854605767049,-0.0023912581629832964
0.76045483,0.7409425,0.730245,0.8055721,0.9444444,0.9,0.7162444,0.41788,0.4343407,0.9622642,1.0,1.0,0.4343407,0.4343407,0.42699057,0.35245958,0.5782137,0.0017724346022107973,0.002302023525070304,-0.00033430677635746387,0.0035853526156830067,-0.0015233513373135164,0.0002211326179619409,-0.007735256930218034,0.0004232470177226925,0.0040208393308013325,0.0,0.0,0.0,0.003935704580321437,6.807448425095167e-05,-0.0002176100725465152,0.008697009265083978,0.005242679628598205
0.87199324,0.71043587,0.8582516,0.842358,0.878727,0.9,0.9,0.3655271,0.3744736,0.9622642,1.0,1.0,0.3744736,0.3744736,0.3019905,0.46801525,0.5202136,0.03726648035398043,0.00302728381152153,-0.0112034940751719,0.0012760325736048666,0.0005469596028153588,0.00244103161427098,0.002792913208723341,-0.0015652683587367515,-0.00012413121356608298,0.0,0.0,0.0,-1.4510612189469579e-05,-0.0031799867937579,-0.0044947612639765775,0.0005625480866478133,0.0021091192064552886
0.9231587,0.9310345,0.41158718,0.4039652,0.4039652,0.9,0.9,0.77023304,0.7779232,0.9622642,1.0,1.0,0.7779232,0.7779232,0.66074055,0.5491263,0.79121363,0.02852934003311369,0.004912843635453074,0.010694570869595472,0.008461154962320697,-0.0008981333500624465,0.0029055497959352234,0.004442052046764647,0.0034929227538289635,-0.0025272773903594974,0.0,0.0,0.0,-0.001834807146234544,0.008569847137650567,0.005004872336416566,-0.0023537114311913926,0.007191470826465761
0.84891635,0.58626735,0.729701,0.94615734,0.6738299,0.9,0.9,0.44729188,0.46611625,0.9622642,1.0,1.0,0.46611625,0.46611625,0.5944905,0.5524596,0.40621367,0.025633586983948516,-0.0015672023420121833,-0.001782752960112119,-0.009058312043012598,0.002020429577941402,0.0007274673588282697,0.004937795221561986,0.001761217920992718,0.00579503166498448,0.0,0.0,0.0,0.004567749932541548,0.0022724929237144696,0.0009460175572842545,-0.0038206327892731664,-0.004827788247145915
0.9231587,0.9310345,0.21014902,0.20625737,0.20625737,0.9,0.9,0.54140955,0.55897826,0.9622642,1.0,1.0,0.55897826,0.55897826,0.45074052,0.58468187,0.5622136,0.0333811071901736,0.0035151772475730926,0.01818249802415769,0.021344112035081034,0.004532090513443672,0.0029564192719313243,0.00432859565797672,0.004931596104422613,0.0061052760762571575,0.0,0.0,0.0,0.004796675208106424,0.006670855458806992,-0.0006529174233449866,-0.0035893402441395943,0.0025260645664425454
0.7450702,0.7341266,0.64262027,0.9015216,0.9444444,0.9,0.70965576,0.4114095,0.43202618,0.9622642,1.0,1.0,0.43202618,0.43202618,0.35699058,0.46801513,0.49621361,-0.002735056341171613,0.001724176195040026,0.002712907689154007,-0.005702506301577157,-0.003293611569451238,-0.00018397311091678553,-0.008555107247756922,0.0004062251102263255,0.004579735521225155,0.0,0.0,0.0,0.00448322263096898,0.0010475745708395717,-0.0018831202757604133,0.0010058352620111442,0.00010091720391702294
0.6607462,0.7655489,0.7148385,0.9928678,0.7840327,0.9,0.9,0.37023297,0.37637615,0.9622642,1.0,1.0,0.37637615,0.37637615,0.25324047,0.38468182,0.6442137,-0.0241921741531763,0.003797301790343911,0.0012192828369368424,-0.013876913360169616,0.002382664317893786,0.0013279790105796998,0.003537385535817732,-0.0052430569267133,-0.0035264217594380394,0.0,0.0,0.0,-0.0036335560569157443,-0.007678652944906059,-0.0071082422898650684,0.009191759584707759,0.01006462337737017
0.8566087,0.97955394,0.8638971,0.847899,0.9444444,0.9,0.9469021,0.5319979,0.5424506,0.9622642,1.0,1.0,0.5424506,0.5424506,0.5982405,0.42134845,0.53921366,0.021576072715880423,0.002965735465284839,-0.008843192665863947,0.0016533572781761076,-0.0008378850183931382,0.0013018933278210435,0.0069112417726144414,0.005671875736937845,0.007185672446778885,0.0,0.0,0.0,0.006066167549092003,0.006206490614306143,0.0034271315893554043,0.0029273079116920687,0.001521158240994451
0.8483338,0.56187344,0.9214881,0.9677255,0.9762011,0.9,0.9,0.50905657,0.5136334,0.9622642,1.0,1.0,0.5136334,0.5136334,0.63949054,0.4291262,0.5452136,0.0203846800302527,-0.002773812796494165,-0.013637487461292579,-0.0035898880600418142,-0.00014890508113165,0.0010836246163659598,0.005329118611617901,0.004400727141077825,0.006007031281677303,0.0,0.0,0.0,0.005437655627524918,0.0044513705300203675,0.0009549883642654635,0.005340653135756701,0.001568061236458853
0.75660866,0.7578755,0.7280126,0.9444444,0.70149153,0.80964357,0.9,0.2855273,0.30199572,0.9622642,1.0,1.0,0.30199572,0.30199572,0.31449044,0.33245966,0.50121355,0.006840570831830872,0.003493308670641971,-0.0017046210864629923,-0.011164929266495278,0.0023946998486765927,-0.0001475407420806009,0.002545109469922,-0.013716739021597393,-0.012355422248845166,0.0,0.0,0.0,-0.01123062631452397,-0.015644046103846614,-0.004444920152031084,0.013478899420723573,3.7978903442838635e-05
0.87199324,0.657647,0.5314707,0.9444444,0.5216286,0.63572544,0.9,0.69082123,0.70499283,0.9622642,1.0,1.0,0.70499283,0.70499283,0.6482405,0.43023735,0.7722137,0.02598082075914414,0.0008446542571400327,0.0055757679320331596,-0.002649083080494039,-0.001257826670967954,-0.009165412887954135,0.006346060844107164,0.0031410164967210254,0.0008317614970150576,0.0,0.0,0.0,0.0020045830676299827,0.007115367366450214,0.00407230735746911,0.003629800057641348,0.007521029787081
0.8453616,0.8792275,0.79757285,0.78280294,0.9444444,0.9,0.957162,0.28788006,0.30406976,0.9622642,1.0,1.0,0.30406976,0.30406976,0.65449053,0.29690403,0.21121359,0.024275470064944106,0.004436217732088129,-0.005886398808608159,0.002303208854734832,-0.0026970003563247954,0.0007217993861641615,0.004347286499116421,-0.010059187470924758,-0.0081155869557357,0.0,0.0,0.0,-0.006193305747808197,-0.01303273450420049,0.005831280580271164,0.012812910009741177,-0.02626841042431077
0.7444876,0.54483056,0.88656104,0.9928678,0.8996828,0.9,0.9,0.4367035,0.45013765,0.9622642,1.0,1.0,0.45013765,0.45013765,0.3644905,0.38690397,0.6292137,-0.003968395591297176,-0.004060965329927499,-0.012588956183030776,-0.010641987022040467,0.0017134535449173204,0.000643483089055177,0.0027057208474602474,0.0012371013147234402,0.004452706246318997,0.0,0.0,0.0,0.003187116376243225,0.0005962410956052682,-0.0029434073341000483,0.008509970505094463,0.00836585069911114
0.8566087,0.7825815,0.78110147,0.7666366,0.915114,0.9,0.9,0.45846826,0.47775227,0.9622642,1.0,1.0,0.47775227,0.47775227,0.3019905,0.545793,0.59021366,0.02363217853223306,0.003409340105272498,-0.004252446680538938,0.004013760747792261,-0.0002086526563511466,0.0017708532390581916,0.0037379942512634503,0.0033596614943348802,0.007370073818304188,0.0,0.0,0.0,0.006085117595475482,0.0031626847507510024,-0.0045578384711493026,-0.002436907717525131,0.004962517810876869
0.8489164,0.78933716,0.6904959,0.6777089,0.9444444,0.9,0.7030904,0.3361152,0.35673225,0.9622642,1.0,1.0,0.35673225,0.35673225,0.23824048,0.5235707,0.4372136,0.02673649652157801,0.003196210893721175,0.0018027458358292293,0.009273388084972842,-0.0037751772327208346,0.0007497870395292153,-0.007589829233163803,-0.0046697894187594,-0.0026327137845036513,0.0,0.0,0.0,-0.0007437064455636569,-0.0076963797452421915,-0.0068911172150243685,-0.0011334597057918471,-0.005306290706044331
0.79565287,0.5304656,0.7241369,0.7107269,0.8029427,0.9,0.9,0.54788005,0.56508005,0.9622642,1.0,1.0,0.56508005,0.56508005,0.5494906,0.55134845,0.61321366,0.010224070587170666,-0.0028909617335920105,-0.001872582631123625,0.003922539100034782,0.0018826188296599022,0.002033077174869127,0.003947943132743089,0.004991110229378328,0.005982288927413843,0.0,0.0,0.0,0.004060975180568218,0.006968275536407919,0.0014809588319635264,-0.00407605492208282,0.005412354955766596
0.9219934,0.7578755,0.53501064,0.9444444,0.9444444,0.73261297,0.66286594,0.3155272,0.3358914,0.9622642,1.0,1.0,0.3358914,0.3358914,0.33574045,0.57023746,0.28421363,0.05519522971985493,0.004481094503022895,0.007628609119073846,-0.006993796829930705,-0.0011074530277371867,-0.0014831227346304434,-0.008764487507986892,-0.007771835093484066,-0.0023821832744000174,0.0,0.0,0.0,-0.0011983499383398123,-0.009267648151194357,-0.0024143333767062264,-0.005335567419483929,-0.01876969118927317
0.7524712,0.7228815,0.83363724,0.9762011,0.9080723,0.9,0.9,0.57729185,0.5899551,0.9622642,1.0,1.0,0.5899551,0.5899551,0.53574055,0.5569041,0.66921365,0.005518348857062376,0.002237510820227225,-0.007432219096663529,-0.005697456554808162,0.001176626956674191,0.002073732153984624,0.005403898571683549,0.007377461846054609,0.007481675695907728,0.0,0.0,0.0,0.00636785864335264,0.008764154441234882,0.0011162979030267793,-0.004339053868113449,0.007956337035826225
0.9231587,0.9310345,0.41346014,0.40580344,0.40580344,0.9,0.9,0.7131743,0.7297523,0.9622642,1.0,1.0,0.7297523,0.7297523,0.77574056,0.7735708,0.4902137,0.02701417850435786,0.004887081279234775,0.010018603530676079,0.010737278405453157,0.000244523458587609,0.0022867506831826066,0.004166228596968936,0.005508906799654371,0.0018952672762909805,0.0,0.0,0.0,3.707253152697487e-05,0.009379584079442666,0.006244589150553401,-0.013420413511532035,0.0005575237263858961
0.9231587,0.9310345,0.2180286,0.21399105,0.21399105,0.9,0.9,0.5308213,0.54804486,0.9622642,1.0,1.0,0.54804486,0.54804486,0.58699054,0.49579293,0.5162136,0.024812547170788016,0.003484332119300062,0.015498967873822095,0.014146460136197437,0.003366798595883771,0.0020344137968950214,0.0042839648390353615,0.003134842814569623,0.0038149412132561043,0.0,0.0,0.0,0.003315471405264156,0.0034185092594752964,0.0022411349682020447,0.0004478394077254217,0.0004277600116963146
0.40573466,0.58880776,0.85456836,0.9444444,0.9444444,0.957162,0.56932455,0.43611526,0.45312858,0.9622642,1.0,1.0,0.45312858,0.45312858,0.48324054,0.3746818,0.5452136,-0.11036248374942982,-0.004351580957929462,-0.006578290790848303,-0.012577348596362234,-0.005778952865447742,-0.000639902565841561,-0.018633221325472345,-0.00031103992871764683,0.003139120437287879,0.0,0.0,0.0,0.0035642949617117497,-0.00010330741708714411,0.000652452320567412,0.010519675107564378,0.002582368780000962
0.64093274,0.6857059,0.80162406,0.9444444,0.8558253,0.66284907,0.9,0.32140946,0.34164724,0.9622642,1.0,1.0,0.34164724,0.34164724,0.15699053,0.32023737,0.5952137,-0.03456725962091174,0.002227553842795357,-0.009718690729962945,-0.011282766398744188,0.0010393061004122558,-0.007770786952904154,0.002722024656256259,-0.008986477497059095,-0.005845450169592488,0.0,0.0,0.0,-0.0056728020065649086,-0.011631164443735114,-0.019080188537185166,0.012888793883930294,0.00515740242095766
0.671702,0.61783975,0.8919786,0.89146507,0.898634,0.9,0.9,0.8072919,0.8191594,0.9622642,1.0,1.0,0.8191594,0.8191594,0.6694905,0.5924597,0.83021367,-0.014738641517173108,-0.001027076398481651,-0.009609155823868487,-0.0010957551360545315,0.0014454073839528442,0.00294524421122084,0.004968610030012985,0.004693070577389772,0.0006881528337124754,0.0,0.0,0.0,-0.0004959039597368849,0.008388918502145725,0.003480895196799563,-0.004721357806448988,0.012016959977727585
0.8719933,0.60170776,0.64125246,0.9444444,0.9444444,0.84684366,0.576624,0.450233,0.46912912,0.9622642,1.0,1.0,0.46912912,0.46912912,0.18324053,0.48690403,0.71921366,0.03179610419247581,-0.0005389427458779339,0.004073266213404824,-0.004724384163687379,0.0004910030281899882,0.0005816894307271632,-0.02066256339581109,0.0032316618098421263,0.006113485724672737,0.0,0.0,0.0,0.005366205008733585,0.003910163831672149,-0.0077092151782361,-0.0006800143301952402,0.010190187498654
0.313427,0.46845713,0.8684043,0.9928678,0.9928678,0.9,0.9,0.4602329,0.47586235,0.9622642,1.0,1.0,0.47586235,0.47586235,0.52074057,0.37023735,0.6342137,-0.15072631489138663,-0.01306344747323437,-0.00797861336366244,-0.021189552904420827,-0.006239210616879749,8.824696060079369e-05,0.0031103232512958417,0.003316938960532906,0.005094618911995467,0.0,0.0,0.0,0.0044840296004261485,0.003637390772131893,0.0032630559021735667,0.011208241116269939,0.013311974835689126
0.90276253,0.7104368,0.67670465,0.9444444,0.6996027,0.6867556,0.9,0.53493905,0.54906434,0.9622642,1.0,1.0,0.54906434,0.54906434,0.29324055,0.48690394,0.7632137,0.03678263541060229,0.0017061271634695877,0.002642558519268489,-0.0015305462754884164,0.0009181574008088467,-0.006182120740354808,0.005911233923893526,0.007048584601594152,0.007651688129741085,0.0,0.0,0.0,0.00651310375405054,0.007893263098534695,-0.004606000833931683,9.895065683679794e-05,0.013148247971042692
0.9107462,0.82111806,0.74984056,0.7359546,0.9463495,0.9,0.9,0.48435065,0.50018466,0.9622642,1.0,1.0,0.50018466,0.50018466,0.5244905,0.56357074,0.42621365,0.03535322665855595,0.0030628225092937905,-0.0015545691913698763,0.0043409529517077616,-0.0006564553585431612,0.0012297404397150552,0.004874176281507951,0.005210671725609214,0.007667213050766901,0.0,0.0,0.0,0.00688497749870339,0.005641963974057921,0.0014253462619894938,-0.005123793944542292,-0.0038508932006389744
0.82910293,0.7436636,0.79946685,0.9762011,0.9444444,0.9,0.59568113,0.4402331,0.45876482,0.9622642,1.0,1.0,0.45876482,0.45876482,0.6719906,0.25245953,0.5112136,0.014469663937491549,0.001432842375718472,-0.005096931608733199,-0.00949353341372953,-0.0007970416485176524,0.00048180557649190854,-0.018643410386559933,0.0011610461306322175,0.0038538849279003504,0.0,0.0,0.0,0.00408053219143336,0.0008227990000096242,0.002421856538054188,0.01559769803404954,-0.00027610401587296884
0.9107462,0.8243242,0.7105781,0.9928678,0.6273189,0.9,0.9,0.47199777,0.48719066,0.9622642,1.0,1.0,0.48719066,0.48719066,0.5107406,0.6280152,0.3582136,0.032555735719500184,0.0022525638021671014,-0.0010930839815495137,-0.012340640668658252,-0.0017748054540636144,0.0016122491239800904,0.0038733102701112854,0.0022270342299246576,0.0040719664504167835,0.0,0.0,0.0,0.0033415441433217387,0.0019637547367193004,0.0006455932748443502,-0.009648061580615715,-0.008495867843314568
0.82199335,0.8792275,0.76592773,0.9444444,0.75947607,0.84992,0.9,0.32552707,0.34733862,0.9622642,1.0,1.0,0.34733862,0.34733862,0.35699058,0.38468182,0.4832136,0.018044755073178292,0.003818197772774112,-0.003899876262711377,-0.00925255425961997,0.0024516225258313018,0.0004233835305082685,0.0036298624857089568,-0.009460016629892902,-0.0036683800096230295,0.0,0.0,0.0,-0.003406666236502629,-0.008353182749479616,-0.002918589795428582,0.00818701439171013,-0.0015973403404732677
0.84122413,0.7872722,0.8607595,0.8448195,0.88713706,0.9,0.9,0.4114095,0.42321274,0.9622642,1.0,1.0,0.42321274,0.42321274,0.5257405,0.4946819,0.3952136,0.029685864735843812,0.0029482984896039687,-0.008942092617862192,0.0008690012804656491,0.001386942332449702,0.0005663733914633073,0.003310341739285053,0.00022121648787210666,0.004260461678610341,0.0,0.0,0.0,0.0027522749657003863,-4.391401906176345e-05,0.002038355727528702,-0.000762110444309066,-0.007241251476894267
0.50247115,0.61684287,0.69007057,0.9444444,0.8555725,0.59628147,0.9,0.1567035,0.18016148,0.9622642,1.0,1.0,0.18016148,0.18016148,0.27949047,0.2424595,0.38821363,-0.08351262570699423,-0.0018800382326886788,0.0025005083584888595,-0.012596541951888984,-0.0008665415242561417,-0.0022656304306000663,0.0025649020458850032,-0.02878286401660926,-0.03217593937002402,0.0,0.0,0.0,-0.0232751044329869,-0.03880721033487884,-0.010062347599014271,0.02360024965205652,-0.01657822827693369
0.6486251,0.5999599,0.8601093,0.84418136,0.9444444,0.9,0.6499429,0.33258584,0.34416592,0.9622642,1.0,1.0,0.34416592,0.34416592,0.6044906,0.15468185,0.45521364,-0.03200314183686576,-0.002500885467259676,-0.007126032927611166,-0.002226210525640731,-0.004332074534714509,-0.00012941651507593493,-0.009611994447291215,-0.0066342663040176286,-0.0074226006241799435,0.0,0.0,0.0,-0.0035170740500553126,-0.011130382633179513,0.003639859389706264,0.024042936461073392,-0.005527204451449148
0.8906414,0.8231785,0.908287,0.9705012,0.9444444,0.9,0.844731,0.4214095,0.4321633,0.9622642,1.0,1.0,0.4321633,0.4321633,0.6507405,0.17801517,0.61421365,0.035175044970198306,0.002652603979425674,-0.009280867284634883,-0.00419063865864401,-0.00014008745508991386,0.0008569701800124941,0.003096164296473675,0.00041587154665169245,0.003432218178243793,0.0,0.0,0.0,0.0032524419092058846,-0.0007448301957918671,0.0029424185901578467,0.019362744992044382,0.0054409211315827434
0.91400963,0.70965785,0.6101545,0.9444444,0.5988554,0.6860026,0.9,0.73082125,0.7475597,0.9622642,1.0,1.0,0.7475597,0.7475597,0.49324054,0.7424596,0.6842137,0.035077306475429705,0.0013180079966826105,0.003986378863692378,-0.0014894941201398877,0.00014702917174538312,-0.007677623835956205,0.005553351681329157,0.00573927783488672,0.0011022410534808696,0.0,0.0,0.0,0.001745989387972233,0.00851619074540571,0.0005535657607965238,-0.014871442575922935,0.006584299044823237
0.58265775,0.58626735,0.8582505,0.9444444,0.9292485,0.6954656,0.9,0.6290566,0.6439794,0.9622642,1.0,1.0,0.6439794,0.6439794,0.67074054,0.52245957,0.6802137,-0.03596133716698921,-0.0032116823434978512,-0.008524113769869997,-0.0034869523266201946,0.00041314156430497114,-0.005330324206890703,0.006682845163397396,0.008454588253135107,0.007956501322954257,0.0,0.0,0.0,0.005249475460285199,0.011544708865608534,0.004832265280345463,-0.003762079239665882,0.010562866313095175
0.90247124,0.82950515,0.7945846,0.9444444,0.9463495,0.80185497,0.9,0.9025861,0.91469616,0.9622642,1.0,1.0,0.91469616,0.91469616,0.7419905,0.7313485,0.7302137,0.023644462997044445,0.0041338695976071175,-0.0048369401543462195,-0.0013051336714885514,0.0017781691251009684,-0.002340890150816253,0.0051425928147032455,0.002117872090836079,-0.004167968360008851,0.0,0.0,0.0,-0.004298616010116771,0.006532753449353588,0.005042377030124676,-0.01106567941406731,0.006744939764223147
0.66045487,0.7307623,0.7337578,0.84051627,0.94465274,0.9,0.9,0.2784684,0.29963133,0.9622642,1.0,1.0,0.29963133,0.29963133,0.25199044,0.38912624,0.5162136,-0.03174595929846501,0.00253690252452588,-0.000601845056288636,-0.002210215813284411,-0.003225828932991311,0.0009575238984285119,0.0029111888549674613,-0.011958176705066137,-0.011698064936225891,0.0,0.0,0.0,-0.009358911331292033,-0.014731078181008302,-0.007900919130752472,0.008676876469755868,0.0010855770348964077
0.8219933,0.54942477,0.77700776,0.887077,0.7824717,0.9,0.9,0.69199777,0.7115888,0.9622642,1.0,1.0,0.7115888,0.7115888,0.6244905,0.51245964,0.72821367,0.012095699365543541,-0.003142203377873734,-0.003660424054069503,-0.0014431535225275824,0.0010542581820611229,0.0016317954705424417,0.005329217142580616,0.00481616576513418,0.0038381552626693457,0.0,0.0,0.0,0.0017525702687389345,0.008036634331088307,0.0025615951035676747,-0.000902600979868576,0.007562460480957667
0.79448754,0.79307765,0.92880934,0.9444444,0.9015216,0.7666417,0.9,0.58376247,0.59958565,0.9622642,1.0,1.0,0.59958565,0.59958565,0.57449055,0.7091263,0.42221364,0.01293101445754238,0.003936437079721082,-0.014311220378969996,-0.003685185764364137,0.0005881920285529791,-0.00338362506791975,0.005466336244969553,0.007540869962604994,0.007227615990630962,0.0,0.0,0.0,0.005321607517885578,0.008874586791330026,0.0024674559538749004,-0.016685465701190557,-0.004496976915107183
0.49804235,0.47849226,0.9185314,0.9463495,0.9444444,0.9,0.79354715,0.42905673,0.44948283,0.9622642,1.0,1.0,0.44948283,0.44948283,0.43949056,0.44579294,0.5382136,-0.081817861375929,-0.01027607420980267,-0.011785646272886703,-0.010149724366295392,-0.003942432698289847,0.0004436838756518356,-0.0013944555948938277,-4.240684608741968e-05,0.0030738024503716506,0.0,0.0,0.0,0.0029618051728733373,-0.00044903428382989124,0.0003001721201770634,0.004756812370408082,0.0023220983814011883
0.73737794,0.5900734,0.80208844,0.9116092,0.7873618,0.9,0.9,0.6484685,0.66247797,0.9622642,1.0,1.0,0.66247797,0.66247797,0.5494905,0.6435708,0.6112137,0.0009124977095755726,-0.0013335876764386822,-0.005475943400156101,-0.0024936024344443795,0.0016040123567189562,0.0021599006460266586,0.006947947887920743,0.008738626913951995,0.0066774605162396,0.0,0.0,0.0,0.004285931905127257,0.010477157645397356,0.0013852605368262264,-0.01107857066859848,0.006223667321426199
0.6944876,0.6717184,0.8649122,0.95026696,0.9444444,0.9,0.5431275,0.69846827,0.70032024,0.9622642,1.0,1.0,0.70032024,0.70032024,0.6282405,0.73468184,0.51121366,-0.005752036137713159,0.0005221826296224891,-0.007940707922611116,-0.0036479430756999774,-0.0009317290237536059,0.0016347157639240051,-0.025142316828565353,0.011637982546212077,0.005054093856729617,0.0,0.0,0.0,0.0018554498875590325,0.01130142716144802,0.0034514389779625398,-0.018337594669843183,0.00020225146357531323
0.7329491,0.4853907,0.7487056,0.9444444,0.7695257,0.84684366,0.9,0.48435053,0.49930456,0.9622642,1.0,1.0,0.49930456,0.49930456,0.3582405,0.5391263,0.6302137,-0.006454291216982306,-0.005590158285634603,-0.004303979773742612,-0.008543831224321261,0.0032034215544537227,0.0003239525752473441,0.003842892921517776,0.004014048028700014,0.006784954321790258,0.0,0.0,0.0,0.005403683779749088,0.005425230042321067,-0.0017080406956110645,-0.0044104417020888196,0.0077942360909011065
0.8441962,0.52694774,0.7811318,0.9444444,0.9444444,0.7411578,0.5093828,0.7296449,0.73967123,0.9622642,1.0,1.0,0.73967123,0.73967123,0.7507405,0.5991262,0.57621366,0.01641778953676567,-0.003673306548153636,-0.00417324321428408,-0.0035664580021691835,0.00023044926223708594,-0.0032884252801527614,-0.027805926931413354,0.004952214596832352,0.0006303175519441182,0.0,0.0,0.0,1.2374010921078985e-05,0.007675904795149916,0.004111806406712018,-0.0063581919088552055,0.002588036396203357
0.7761308,0.7655489,0.64502347,0.8127033,0.915114,0.9,0.9,0.2955272,0.31569818,0.9622642,1.0,1.0,0.31569818,0.31569818,0.14199054,0.70023745,0.3622136,0.0061424414577021125,0.00348261518415357,0.0037182636247499335,0.0012320250808104715,-0.0023876117424403843,0.0005936531388760304,0.0030383694734197942,-0.012289290358341818,-0.010554840610892966,0.0,0.0,0.0,-0.008624186069757362,-0.014723219816315351,-0.012742326158180651,-0.01800803783825693,-0.014913826943733452
0.7560261,0.5478809,0.91511506,0.92906505,0.9444444,0.9,0.5296182,0.35846823,0.37381274,0.9622642,1.0,1.0,0.37381274,0.37381274,0.49074048,0.4635707,0.41721362,0.004694689742795948,-0.004153243513112593,-0.011416870959288552,-0.008336697081799106,-0.0024919109495425695,0.00026946916565379617,-0.019241642604181788,-0.005788789898061253,-0.002147472572646991,0.0,0.0,0.0,-0.0008162493824789871,-0.008408067639925182,0.0013264239328770043,0.0047870720074775506,-0.007052158051819791
0.92170197,0.7914839,0.75658774,0.9444444,0.885304,0.77933615,0.9,0.6949392,0.7076335,0.9622642,1.0,1.0,0.7076335,0.7076335,0.6482405,0.60134864,0.5832137,0.03235725193454694,0.0024294530474430966,-0.0021632512794009604,-0.0017818482451418614,0.000892132562215997,-0.002545756220745684,0.00516511659669041,0.005848430362320317,0.0037709383488763386,0.0,0.0,0.0,0.001092900791882838,0.008682247789746125,0.0032422152657860825,-0.005637691849444867,0.0031158393522174445
0.79565287,0.5304656,0.7258405,0.712399,0.81081635,0.9,0.9,0.4449389,0.4540992,0.9622642,1.0,1.0,0.4540992,0.4540992,0.5132405,0.45912626,0.5362137,0.015171159133360592,-0.0053749940512791295,7.664792429518549e-05,0.006712995243664619,0.0014716606305856242,0.0007867951326040951,0.0024842630770208303,0.0024024967491899237,0.005830472622993269,0.0,0.0,0.0,0.005489027005541785,0.0017848000731213048,0.0013685958152869942,0.00348476409445264,0.0011857624812568641
0.89151543,0.8409027,0.8338047,0.8959968,0.9463495,0.9,0.9,0.55729204,0.57342005,0.9622642,1.0,1.0,0.57342005,0.57342005,0.66074055,0.42134845,0.4872137,0.029512244077659386,0.0034718344811836945,-0.005832099080731247,-0.00041148798079194764,-0.00013566469090557632,0.0009914595212222634,0.00675099004694224,0.007208884635326743,0.007941964987001499,0.0,0.0,0.0,0.006463829023972214,0.00817191872356632,0.0033412966536025836,0.003887614544857895,-7.117015586844403e-05
0.81459236,0.7961933,0.7018525,0.68885523,0.9762011,0.9,0.9,0.3443507,0.36545092,0.9622642,1.0,1.0,0.36545092,0.36545092,0.59324056,0.27134842,0.4282136,0.0178555734342557,0.005318773360941013,0.0011737934062766766,0.009112447772675893,-0.0042192602041523685,0.00023319514230533834,0.00529881116514213,-0.0037072537265900275,-0.0005911041589391981,0.0,0.0,0.0,-0.0003253942283105047,-0.006357694892287828,0.0028248761538865576,0.013398633350181337,-0.005659109964013045
0.8571914,0.50921416,0.6368215,0.6250285,0.9463495,0.9,0.9,0.47435087,0.49114898,0.9622642,1.0,1.0,0.49114898,0.49114898,0.54574054,0.5791263,0.3532136,0.02433355365026652,-0.0048982279520064275,0.0034776619690451175,0.007586674761105656,-0.002837438663498687,0.0018515939302069931,0.0036050794056143682,0.002355890627200029,0.004936570063898772,0.0,0.0,0.0,0.0047319114990376915,0.003361551954135713,0.001445256778394454,-0.005069361491483728,-0.010516760421088787
0.9030539,0.8209108,0.7681155,0.9444444,0.83503765,0.79354715,0.9,0.52846843,0.5406685,0.9622642,1.0,1.0,0.5406685,0.5406685,0.64199054,0.3869041,0.6152137,0.03280040063853397,0.0036410281218732343,-0.0026003848330772785,-0.0023294113289076697,0.0005579078717334414,-0.0006534604125215051,0.0053207536102731065,0.0059433847266128145,0.006660549983046337,0.0,0.0,0.0,0.005387326730488195,0.0069024872249306,0.003767860318943397,0.005812757222342119,0.005824808036627705
0.7752568,0.71042025,0.9021212,0.9444444,0.8572891,0.6867396,0.9,0.35493895,0.37443346,0.9622642,1.0,1.0,0.37443346,0.37443346,0.19699037,0.5046819,0.5182136,0.006122778513504503,0.00242837378265927,-0.016692135960810272,-0.007453225476576331,0.0018268935000531844,-0.006668166588753665,0.002131314955652113,-0.00673985265855063,-0.0027031490579699914,0.0,0.0,0.0,-0.003370808145701414,-0.007069559881735739,-0.013936533488263216,6.790789740453641e-05,-0.0001383067407148497
0.7989164,0.7409425,0.7267077,0.9444444,0.9166222,0.7162444,0.9,0.5419978,0.55947113,0.9622642,1.0,1.0,0.55947113,0.55947113,0.5657405,0.65912634,0.36721364,0.018624747490839227,0.0039254991710732596,-0.0010116583408381948,-0.004453983673878823,0.00017419745146110327,-0.003287534172843238,0.004034862202391361,0.00834523031907554,0.00900377127361189,0.0,0.0,0.0,0.007361380151677126,0.010130793190188465,0.0026039490467641836,-0.014693209129599108,-0.008852412151956392
0.8329491,0.7204491,0.9467815,0.9292485,0.94615734,0.9,0.9,0.6402332,0.6545553,0.9622642,1.0,1.0,0.6545553,0.6545553,0.72324055,0.5680152,0.5112136,0.021061338613793872,0.0020153582588424744,-0.0145485560620583,-0.0020260365775534657,0.00027437660238284944,0.0023494974778454107,0.0065841733768333185,0.0077785195491568825,0.005480792846087764,0.0,0.0,0.0,0.0028945723303005566,0.010039124108521758,0.003808269438899221,-0.005559639251553926,0.0007568404377511517
0.7219933,0.54445106,0.54834276,0.9444444,0.559202,0.7935475,0.9,0.26376253,0.28680816,0.9622642,1.0,1.0,0.28680816,0.28680816,0.24074042,0.42801517,0.4322137,-0.010528843985625086,-0.0045521913499836164,0.009567340061913487,-0.014263034479427112,0.002533003321517453,-0.00018302664213448378,0.0026244270743481725,-0.013807887492768435,-0.013526064809440373,0.0,0.0,0.0,-0.009785029784480526,-0.018075550860828613,-0.0067856746350667485,0.005958844951007233,-0.006865121816474445
0.9104548,0.7893383,0.73659277,0.9762011,0.9928678,0.9,0.9,0.62611556,0.63967615,0.9622642,1.0,1.0,0.63967615,0.63967615,0.46199054,0.7680152,0.45621365,0.031064892290202657,0.0030417527998856195,-0.0020831479894468947,-0.003400062267869964,0.0003590818979602725,0.0019951406474530975,0.0041338870507446526,0.007435607561293443,0.0053433236738111446,0.0,0.0,0.0,0.0038430985017133663,0.00803222511744352,-0.0002294069658024179,-0.01899104120107575,-0.0024157264723130064
0.78382313,0.7655489,0.6733187,0.76664513,0.9166222,0.9,0.9,0.20258601,0.22569758,0.9622642,1.0,1.0,0.22569758,0.22569758,0.3019905,0.5735708,0.23921356,0.00990359813819871,0.0036319530048725297,0.0017593850121621266,0.004053797309944115,-0.002937959638211787,0.0005420833780786505,0.0034494024664119545,-0.02023087796538293,-0.021009055942270684,0.0,0.0,0.0,-0.01589496821586854,-0.02565298372457497,-0.004846511641875777,-0.007164355052747747,-0.02897870765781861
0.8989164,0.8448671,0.758076,0.74403757,0.9928678,0.9,0.9,0.6467037,0.65846926,0.9622642,1.0,1.0,0.65846926,0.65846926,0.49324054,0.5224597,0.7492137,0.027359640389373722,0.0036059347118020356,-0.001470747196275106,0.0027318947594296766,1.412779733205301e-05,0.003369478343198297,0.004560062302239166,0.005049712684013764,0.0027172104271830384,0.0,0.0,0.0,0.001795262089522309,0.008378128567081242,0.0009488714148275026,-0.0011603772543422339,0.009700423604531844
0.9184385,0.8243242,0.8055214,0.89808047,0.7480419,0.9,0.9,0.5755271,0.5887979,0.9622642,1.0,1.0,0.5887979,0.5887979,0.5319905,0.7646819,0.44321364,0.03795270662390155,0.003333540529074913,-0.006713082583650594,-0.0017774909065078049,0.0006041904786723355,0.002079011655533581,0.004239996909886183,0.008062951217357015,0.0070138286947668636,0.0,0.0,0.0,0.005850614496054512,0.008377316441268738,0.0012720570576460312,-0.02206418284514119,-0.003005047971128856
0.8711193,0.8200101,0.89952314,0.9444444,0.9928678,0.8472052,0.9,0.6690566,0.6830122,0.9622642,1.0,1.0,0.6830122,0.6830122,0.5807406,0.55023736,0.7212137,0.025552059817699056,0.003287091912189536,-0.00951956596374222,-0.0014060259129376669,0.001486184746509806,1.1169642341037344e-05,0.005339539047644728,0.007682756245904923,0.0061124704331147785,0.0,0.0,0.0,0.004023044067891129,0.00992131483645848,0.002784845086822061,-0.002552501541528424,0.0096172022800782
0.6601635,0.1677538,0.7675632,0.9444444,0.9444444,0.84992,0.162162,0.43788,0.45571968,0.9622642,1.0,1.0,0.45571968,0.45571968,0.45074052,0.5313485,0.44821367,-0.03444146345552903,-0.027845106233862334,-0.002559816028840352,-0.008886829404267497,-0.006138220450057201,0.0011362481537878998,-0.05908880737476958,0.0009139868495827906,0.004874217209990097,0.0,0.0,0.0,0.005218185989463895,0.003333771130047059,0.0001468509241248322,-0.004774815778574804,-0.00390605632436703
0.80188847,0.86883026,0.7687522,0.9444444,0.9444444,0.83986926,0.787427,0.69964474,0.7104028,0.9622642,1.0,1.0,0.7104028,0.7104028,0.5694905,0.73468184,0.6162137,0.008886705528555066,0.0043350603028998605,-0.0035029660718530614,-0.0033831982963100703,0.00025994597605103755,-0.00023341253589538867,-0.004316271916955125,0.007343400654357469,0.0027071667324428017,0.0,0.0,0.0,0.002020494388191518,0.00859820213908909,0.002292804103539088,-0.014881959873452635,0.004808410775848346
0.77554816,0.7961933,0.6712311,0.9444444,0.9444444,0.7696535,0.8194291,0.17846836,0.1998769,0.9622642,1.0,1.0,0.1998769,0.1998769,0.05074048,0.45912626,0.41321364,0.009560568750549949,0.0042891343904494375,0.002282543488132587,-0.012723398450482015,-0.002400681993715521,-0.00030044571759660067,0.00022244340617634333,-0.026029061555280345,-0.026655025209825337,0.0,0.0,0.0,-0.02291369154746375,-0.03153587184402038,-0.021865641501688172,0.0038686359832519556,-0.010667906000414333
0.9231587,0.9310345,0.080782674,0.0792867,0.0792867,0.9,0.9,0.15493886,0.17100397,0.9622642,1.0,1.0,0.17100397,0.17100397,0.38324052,0.3746818,0.26521358,0.034894692029722986,0.003498683720921021,0.020928964644868354,0.05063103287414137,0.00377545958742868,0.0017516789883370598,0.0029670605784548787,-0.018174532848520622,-0.011908572926536527,0.0,0.0,0.0,-0.008876036448328455,-0.02842260836416025,-0.0011066193668319388,0.007455417223332153,-0.014926403844394635
0.56045485,0.6861031,0.76404226,0.85569847,0.9166222,0.9,0.9,0.14552689,0.16471696,0.9622642,1.0,1.0,0.16471696,0.16471696,0.3582405,0.4346819,0.16621351,-0.07397053649033443,5.873827204953982e-05,-0.006531451198865234,-0.010129711816388118,-0.005417847880931677,1.1547784879030829e-05,0.0015921168400077454,-0.03291027821638449,-0.037376210154840085,0.0,0.0,0.0,-0.02706199768903665,-0.04146307567536794,-0.004354646426462294,0.0079642528534127,-0.04189798259160037
0.90276253,0.7409425,0.82991093,0.81454223,0.8773738,0.9,0.9,0.47317415,0.48963216,0.9622642,1.0,1.0,0.48963216,0.48963216,0.2182405,0.58912635,0.6292137,0.02846840700646724,0.002491574517741671,-0.006998380963511239,0.0029194730942091844,0.0012780382179818904,0.0025912493335115876,0.004250428566317623,0.0030565105717985054,0.006706810772867209,0.0,0.0,0.0,0.005504686050177834,0.0031079375875396734,-0.007864581642471754,-0.005117536137115885,0.006023708184855573
0.88294905,0.54749894,0.91294676,0.8960403,0.9444444,0.9,0.529249,0.464939,0.48369166,0.9622642,1.0,1.0,0.48369166,0.48369166,0.41949052,0.6535708,0.39321366,0.02626130899691571,-0.0025698023151732243,-0.012890002827021144,-0.003833119534864006,-0.0004471088307489601,0.0015497064698571383,-0.026798507409173996,0.003352075594939431,0.006232477659207034,0.0,0.0,0.0,0.005237719590728265,0.004301131437166474,-2.3480161729452142e-05,-0.012862874373488528,-0.005242373144339262
0.83737797,0.86883026,0.5084901,0.9444444,0.49907362,0.83986926,0.9,0.6361155,0.63921475,0.9622642,1.0,1.0,0.63921475,0.63921475,0.5182405,0.49579293,0.7632137,0.018030951210548873,0.004516742681401367,0.007453406235476891,-0.002401925220879049,-0.002481411927695622,0.0003123780018014165,0.0066036449993902655,0.007867086181849177,0.006290033369835622,0.0,0.0,0.0,0.005680778484672903,0.009181842089264989,0.0012782813553814554,-0.00026279358028908793,0.010332677358574625
0.9231587,0.9310345,0.16866338,0.16554,0.16554,0.9,0.9,0.46552715,0.48346117,0.9622642,1.0,1.0,0.48346117,0.48346117,0.4269905,0.6202374,0.43621358,0.02764513634613084,0.0026839516601168084,0.018074812190903733,0.01949609303459681,0.004960721534469321,0.0020152377085446813,0.004019993171099972,0.0028612293251821202,0.0044965093396690395,0.0,0.0,0.0,0.003741794018503068,0.0023303041853709257,-0.001686047104439719,-0.004258938578730811,-0.0017028380543838418
0.841224,0.77635205,0.8448725,0.82922673,0.9116092,0.9,0.9,0.6802331,0.6932959,0.9622642,1.0,1.0,0.6932959,0.6932959,0.6307405,0.565793,0.6302137,0.016859247186541113,0.0028416990675696895,-0.00674348692800248,0.0011171883242512824,0.0015274678332739705,0.0018227629752874644,0.006021052959922186,0.005905616235705881,0.003515570241270561,0.0,0.0,0.0,0.001422566103127485,0.008304803658710657,0.0027278363617887985,-0.0040398013857325206,0.005212155454573947
0.848625,0.70946693,0.7902692,0.92906505,0.9444444,0.9,0.65963864,0.5631743,0.5789053,0.9622642,1.0,1.0,0.5789053,0.5789053,0.5944905,0.49468178,0.5792136,0.021582675524877405,0.0008732735999723837,-0.00445470839959848,-0.0032206203036544995,0.0004970432526638653,0.0015754268526872314,-0.014074756966346358,0.007068204113033423,0.007105264208868905,0.0,0.0,0.0,0.00500785897552128,0.008005623718093862,0.0021888250876937925,-0.0003774440689845719,0.003993969040580242
0.77939427,0.61783975,0.93328667,0.9160036,0.9928678,0.9,0.9,0.68082136,0.690144,0.9622642,1.0,1.0,0.690144,0.690144,0.8382405,0.45245966,0.5692137,0.0072880460489683505,-0.001301547453826525,-0.011869662055306556,-0.0023155389173826484,0.0009546225763695279,0.002394283788274271,0.004586606061409292,0.0070978158619328805,0.006031330898740437,0.0,0.0,0.0,0.0029264079251321512,0.010078621712161421,0.0036873822088773992,0.002067886874654447,0.003159607516466063
0.9231587,0.9310345,0.37655154,0.36957836,0.36957836,0.9,0.9,0.7090564,0.7146077,0.9622642,1.0,1.0,0.7146077,0.7146077,0.39699054,0.63023734,0.8082137,0.02938886570769779,0.003554678850815509,0.01096190648878772,0.010754536003915363,-0.0006978985033950382,0.0026887567111705483,0.004594466597258594,0.005746581472191921,0.0010543277467169334,0.0,0.0,0.0,0.0020500885389396267,0.01023944076375864,-0.001985108613642041,-0.006299704323807487,0.009528426076036257
0.8329491,0.6722091,0.7568171,0.9444444,0.9762011,0.64980215,0.9,0.33611545,0.35397634,0.9622642,1.0,1.0,0.35397634,0.35397634,0.46074057,0.3524595,0.4522136,0.023706162647890338,0.002058969575029967,-0.002080953483983707,-0.006862714171525428,-0.0005394124320279161,-0.007403110641743439,0.003189458539960437,-0.004450347028433966,-0.0017469221944549033,0.0,0.0,0.0,-0.0021013814287008433,-0.008348667020455572,0.00037825589617383374,0.010347019639584027,-0.003915592537807379
0.7527625,0.7104368,0.76404226,0.9444444,0.8303492,0.6867556,0.9,0.49435076,0.5154208,0.9622642,1.0,1.0,0.5154208,0.5154208,0.40699053,0.4291262,0.74621373,-0.001241401129819173,0.0013372354695983762,-0.003144191835905214,-0.003799599789798614,0.0014205507145110508,-0.006684711056807312,0.004153251034844791,0.005926156515334558,0.008163138861150679,0.0,0.0,0.0,0.006801911338221913,0.007320508296436378,-0.0010619528432723574,0.00383525941709772,0.012591106545773232
0.89151543,0.7655489,0.457782,0.9928678,0.9444444,0.9,0.7400306,0.3978801,0.41741896,0.9622642,1.0,1.0,0.41741896,0.41741896,0.29324055,0.545793,0.47721356,0.03335402429518615,0.0033992171163735583,0.007380140423825679,-0.010733770458732536,-0.0014754493484419107,0.001198486322728834,-0.006254450818849728,-0.0015939387323772988,0.002459521406096322,0.0,0.0,0.0,0.0032716418121145345,-0.0015528983741938999,-0.004207435874351923,-0.0030620975167386186,-0.0021759240963435023
0.8722847,0.8242123,0.7354681,0.7962339,0.8503421,0.9,0.9,0.687292,0.70142347,0.9622642,1.0,1.0,0.70142347,0.70142347,0.3019905,0.6802374,0.87621367,0.02598934183595893,0.004551101827893982,-0.00034062045131164206,0.0022043241106267505,0.001312610561991479,0.0032056348761956006,0.005741412373582849,0.006221272081338048,0.0025550676643668435,0.0,0.0,0.0,0.00233247564738633,0.008852712653211229,-0.004740196671960805,-0.009800791872924455,0.01382647688224778
0.8873779,0.78289807,0.69332516,0.9762011,0.9444444,0.9,0.6869545,0.6678801,0.683108,0.9622642,1.0,1.0,0.683108,0.683108,0.56449056,0.66912633,0.5692137,0.027013157638345487,0.0021773920841127352,0.00044666296099741626,-0.0042106102595341,0.0001977963466126208,0.0012724370501434425,-0.0126256880878175,0.007370621554819543,0.004585486938743084,0.0,0.0,0.0,0.0029852136727708807,0.00878072443600968,0.0019351074992765818,-0.011089389122845064,0.002912358123602007
0.6758394,0.7409406,0.7206517,0.8555725,0.947526,0.9,0.9,0.5219977,0.53225386,0.9622642,1.0,1.0,0.53225386,0.53225386,0.2594905,0.6491263,0.6742137,-0.017504003556458373,0.002607963721470662,-0.0007803032845815955,0.0003583609385245512,-0.0011281121809034152,0.0005873798871280373,0.00500649554833151,0.006066714947180971,0.008820006355631165,0.0,0.0,0.0,0.006847322841934797,0.007444316179060109,-0.006026033672698554,-0.01257213176273114,0.010686860950349797
0.8101635,0.68910795,0.799806,0.9928678,0.8819039,0.9,0.9,0.7572919,0.7738624,0.9622642,1.0,1.0,0.7738624,0.7738624,0.54324055,0.7180152,0.71921366,0.009376486064981468,0.00032911860303970074,-0.005071908906136274,-0.0047499012252397695,0.0008716147699474108,0.0017990863447544573,0.004090431744629103,0.0049683733818862595,0.0009604051680512108,0.0,0.0,0.0,-0.0012428378347530253,0.007724673827836585,0.0017770163533472423,-0.012867823791173896,0.007617544337469836
0.864301,0.78142226,0.86834407,0.9444444,0.7441385,0.75537485,0.9,0.7002329,0.71862394,0.9622642,1.0,1.0,0.71862394,0.71862394,0.58699054,0.78357077,0.59421366,0.02334223574189437,0.002926934635775687,-0.007925422120202164,-0.0021655900616195183,0.0008092829095757886,-0.0027364513133565772,0.0060328195386941995,0.008451504764858586,0.005011822389735771,0.0,0.0,0.0,0.003082652453822697,0.009341428370961663,0.00274221590516215,-0.019448494374664657,0.004151970718198519
0.4793943,0.6761083,0.77681255,0.9762011,0.9015216,0.9,0.9,0.3931741,0.4089636,0.9622642,1.0,1.0,0.4089636,0.4089636,0.4894905,0.32579294,0.5452136,-0.0863811861598638,7.757495710698365e-05,-0.0027028799460067144,-0.016005361603637146,-0.0011884475435299017,-0.00042129420079312465,0.003216282426132096,-0.0023686775166894274,-0.00014556567814969605,0.0,0.0,0.0,7.032210201783962e-05,-0.0031426665714851826,0.002030089572039104,0.015365901687743535,0.004708962203277692
0.6178557,0.27166563,0.7011288,0.94615734,0.7518699,0.9,0.9,0.592586,0.60349405,0.9622642,1.0,1.0,0.60349405,0.60349405,0.45699054,0.6002375,0.6162137,-0.03573653181759393,-0.023618021521262834,0.00031738199497541737,-0.005764152089103163,0.0022038829399252794,0.000980156455531072,0.0029155739086930933,0.009042587076117749,0.009900096449334985,0.0,0.0,0.0,0.006899301064054287,0.012161445386616556,0.00040247612411034887,-0.010263501119720147,0.008252245901674869
0.7560261,0.81457967,0.8866493,0.9444444,0.9762011,0.787427,0.9,0.6019976,0.61781555,0.9622642,1.0,1.0,0.61781555,0.61781555,0.48199052,0.6335708,0.5602137,0.005154767349765068,0.0042398518469694,-0.010280848984594011,-0.0024292959696724896,-8.802539392879435e-06,-0.0009268294559754534,0.005603700457480741,0.008528817828676974,0.0074361613104648346,0.0,0.0,0.0,0.005505032958224535,0.009592733253583929,0.0011858630145002932,-0.0104618492737437,0.004127382747457862
0.8953616,0.8243242,0.7669071,0.9928678,0.78851295,0.9,0.9,0.62082136,0.63630205,0.9622642,1.0,1.0,0.63630205,0.63630205,0.49949056,0.68134856,0.5692137,0.02692432119639173,0.003505753984065138,-0.0030414517878221193,-0.004174027881757359,0.0007734298815431781,0.001894036902247495,0.006202886785453312,0.006569856643914966,0.0045624415244141245,0.0,0.0,0.0,0.003523297632372158,0.007086947196558378,0.0005333763759292368,-0.011963291076390613,0.0024041061171979415
0.5403501,0.5170687,0.916658,0.9762011,0.9928678,0.9,0.9,0.182586,0.1998258,0.9622642,1.0,1.0,0.1998258,0.1998258,0.2819904,0.3746818,0.42621365,-0.07537819438440525,-0.006814570397553851,-0.01513893372550217,-0.018286768755431494,-0.004587751822066298,-0.0002607600675066407,0.0029075934154308668,-0.025811780937370306,-0.03018372162249629,0.0,0.0,0.0,-0.022551231727679023,-0.033079615363154506,-0.007879247902554003,0.011683253151036079,-0.011258792877471925
0.879977,0.81457967,0.754133,0.9410746,0.6532747,0.9,0.9,0.43846825,0.45332012,0.9622642,1.0,1.0,0.45332012,0.45332012,0.52074057,0.42690405,0.4832136,0.0327464998802465,0.0030785474873361663,-0.0026748825031157595,-0.009317811942117166,-0.0003845035343171907,0.001091314229214194,0.003907328223994794,0.0003269047656443453,0.0033016259324050003,0.0,0.0,0.0,0.002495227292056719,0.00046274926906646056,0.0009445059712314402,0.00515272907116357,-0.001813163715341179
0.86785585,0.89736044,0.9112921,0.96959347,0.9166222,0.9,0.9,0.37082133,0.38586518,0.9622642,1.0,1.0,0.38586518,0.38586518,0.64824057,0.35357073,0.40621367,0.030586789359038215,0.0032357155940535586,-0.013270506576429933,-0.008011495889859603,0.0006918559447527474,0.0012349058118900776,0.0021185924898234052,-0.0045432633210142764,-0.0013417140365468438,0.0,0.0,0.0,-0.0015960838380713464,-0.005036948302024945,0.0026314829707535015,0.010520126710759652,-0.006789336676445434
0.9231587,0.9310345,0.4316316,0.42363843,0.42363843,0.9,0.9,0.80140954,0.8114144,0.9622642,1.0,1.0,0.8114144,0.8114144,0.5932405,0.7546818,0.73521364,0.02842652194062927,0.00597754122535869,0.008928437079295075,0.008509493918086506,-0.0013629366727274177,0.002508757943930183,0.005982429369678943,0.004148172272977199,-0.0027234975950942886,0.0,0.0,0.0,-0.0009159531144027139,0.008732125003619801,0.0027116326335057937,-0.011739411339522814,0.006176478152018201
0.8758395,0.78258234,0.8224449,0.85232276,0.8996828,0.9,0.9,0.61905646,0.6346019,0.9622642,1.0,1.0,0.6346019,0.6346019,0.5032405,0.5724597,0.62421364,0.02891926558583153,0.003414429027302679,-0.005547204005594726,0.0007083673537074463,0.0008360119209132479,0.0023191743026625545,0.004074748045880994,0.007667053183458594,0.006526241366359315,0.0,0.0,0.0,0.004771787628070235,0.01000066381900379,0.0014879676854073856,-0.0050116747904780275,0.0060493560343439865
0.75660866,0.74106914,0.63150716,0.9444444,0.6423468,0.7163668,0.9,0.1514096,0.17461705,0.9622642,1.0,1.0,0.17461705,0.17461705,0.27949047,0.25357077,0.33321363,0.00019615907675635925,0.002691633292674116,0.004941154214862483,-0.012146894123053918,0.003963988682527778,-0.0019778472436387433,0.0021989371747139263,-0.026849155851124615,-0.028306725872675936,0.0,0.0,0.0,-0.02500081661022026,-0.03418931566551084,-0.00783821696672706,0.017859248740180352,-0.017070276851548542
0.7909328,0.62734145,0.6337794,0.9444444,0.9928678,0.7666417,0.9,0.49376228,0.51108736,0.9622642,1.0,1.0,0.51108736,0.51108736,0.55574054,0.5735707,0.45621365,0.016903026145495378,0.00022808997341944415,0.0031408130570629083,-0.005099952350337073,-0.002252466330873075,-0.0010187240955756127,0.0054368457407851945,0.005931743600963087,0.008545836982969833,0.0,0.0,0.0,0.006558019942866725,0.008004781338702093,0.0016334844530243738,-0.00921440939563053,-0.0029058037937199606
0.8799769,0.8209112,0.635657,0.9444444,0.6528005,0.84684366,0.9,0.5096449,0.5267145,0.9622642,1.0,1.0,0.5267145,0.5267145,0.41949058,0.5080151,0.61821365,0.02598310043536746,0.002453071127232076,0.0037003352237373515,-0.0033903466736759096,-0.0003513770643471189,-4.549115238850151e-05,0.004950809795028999,0.006148088358073107,0.007494439000632517,0.0,0.0,0.0,0.006005613515660135,0.005587798775240439,-0.0011980472948946936,-0.0012843790172472438,0.005092895044687621
0.7873779,0.7825815,0.6048482,0.9444444,0.9410746,0.7564954,0.9,0.40611535,0.42048937,0.9622642,1.0,1.0,0.42048937,0.42048937,0.45949054,0.276904,0.60021365,0.006877055314719795,0.0028453829747760993,0.00463442276034831,-0.003886061930615099,9.35485555541906e-05,-0.0019502995143503687,0.004057601813314462,0.0011800631357548992,0.004040342864438616,0.0,0.0,0.0,0.0034919518117996935,-0.0008468490272757596,0.0004983578828445151,0.01151937742989115,0.005580444205584615
0.52939427,0.61698556,0.5956943,0.9928678,0.9444444,0.9,0.59641933,0.32846832,0.34689468,0.9622642,1.0,1.0,0.34689468,0.34689468,0.4269905,0.31023735,0.50121367,-0.07391140499483363,-0.0031708851618566323,0.00519988364083965,-0.016669205999187215,-0.0034110779140281676,0.000141768072571452,-0.013033485268525418,-0.009536055369976761,-0.007107361213875223,0.0,0.0,0.0,-0.005052907472848109,-0.011945205440620754,-0.0008022881875514717,0.018061999874948245,-0.0013342040537983701
0.7444876,0.641417,0.7035933,0.9444444,0.9705012,0.6542385,0.9,0.4537625,0.4596189,0.9622642,1.0,1.0,0.4596189,0.4596189,0.4644906,0.32023737,0.6412138,0.0036352158619631105,0.0016491335331875279,0.001952480676314494,-0.0031809010919331337,-0.0018613112488141154,-0.0071251070481177636,0.00518194603878914,0.003790790045257274,0.0055898406219810045,0.0,0.0,0.0,0.005338283946924415,0.0028911255396702694,0.0008111317684273729,0.010826442574538525,0.008729187120634238
0.856026,0.763255,0.7657616,0.75158083,0.9762011,0.9,0.9,0.62611526,0.64081365,0.9622642,1.0,1.0,0.64081365,0.64081365,0.3782406,0.7635708,0.5792136,0.019230417970272223,0.0018897855403095588,-0.0027207746122851818,0.0032875427601942774,-0.00039329966480116887,0.0019306496556432727,0.0049891742468035705,0.006313158946235939,0.004109302767393332,0.0,0.0,0.0,0.0024256357911991654,0.007736582497440374,-0.0017928387239773943,-0.017478601408758964,0.0031686173170237496
0.67613083,0.7655489,0.5861518,0.9762011,0.7394877,0.9,0.9,0.33611533,0.35639292,0.9622642,1.0,1.0,0.35639292,0.35639292,0.05074048,0.40134853,0.67421365,-0.02584546866013912,0.002892842669862234,0.0070585721721243356,-0.015530515389042996,0.003551473566921761,0.0007555011091449268,0.0022591268255756363,-0.006656236069103954,-0.0025247624937576848,0.0,0.0,0.0,-0.002969401817809368,-0.007008783309495444,-0.017620144017756564,0.007211170488099652,0.01396641823767504
0.57910293,0.41575393,0.7396927,0.9444444,0.9444444,0.957162,0.9030832,0.4561154,0.47287557,0.9622642,1.0,1.0,0.47287557,0.47287557,0.46949053,0.57912636,0.42221364,-0.06104348141888555,-0.015075684813007681,-0.001111026608687678,-0.012959017160983213,-0.003689309931243695,-0.00012573817162344353,0.0031889559963877855,0.001833012201827986,0.004773230018494644,0.0,0.0,0.0,0.004472370323606266,0.002131411797548773,0.001605891507949196,-0.00794185293614544,-0.007926364463187823
0.6950702,0.8209112,0.65447485,0.9444444,0.9166222,0.98716205,0.9,0.15317424,0.17345543,0.9622642,1.0,1.0,0.17345543,0.17345543,0.2232405,0.4580151,0.1992136,-0.017219932433810196,0.006219850194613786,0.004083880784245963,-0.012980800081169303,-0.0030654856993343866,-0.00017425944146665914,0.0016641980253659589,-0.03148929797779008,-0.03307059125691746,0.0,0.0,0.0,-0.026378729196674354,-0.03818515434788465,-0.009968379881025967,0.004838587864203953,-0.03777406559210019
0.7755481,0.59994364,0.7509454,0.9928678,0.87387097,0.9,0.9,0.41258597,0.43263724,0.9622642,1.0,1.0,0.43263724,0.43263724,0.31449044,0.58801526,0.43321362,0.011211185959026069,-0.0035458803943201247,-0.0017414464058778836,-0.01633169776008971,0.001303572993552208,0.00047474719436181313,0.0025921595190635488,-0.000992206156359067,0.003011036326712456,0.0,0.0,0.0,0.002979417128075641,-0.0004709065761255339,-0.0034288523297115723,-0.008595748025945074,-0.007014733202941248
0.76342696,0.458306,0.817207,0.9444444,0.9444444,0.44302914,0.7564954,0.3996446,0.41424417,0.9622642,1.0,1.0,0.41424417,0.41424417,0.37824053,0.44357067,0.5952137,0.00010968725006904823,-0.007077517069946831,-0.008123920488737559,-0.005453460758708937,-0.0008460371151146186,-0.025370776807801965,-0.0035006584976165684,6.032751804271576e-05,0.001964350142667958,0.0,0.0,0.0,0.0022888613247313834,-0.00207766136314623,-0.0038449242049514555,0.004441854192036286,0.0056328121077056335
0.36342704,0.4614377,0.8526813,0.9762011,0.9444444,0.9,0.44605646,0.26023304,0.27620867,0.9622642,1.0,1.0,0.27620867,0.27620867,0.37074053,0.38468182,0.45221367,-0.14269394860850262,-0.011730269153019258,-0.009307266818310053,-0.019492928368475947,-0.006040516090827237,0.00013133683198738563,-0.018505231783966146,-0.018997118299720867,-0.018883761976513657,0.0,0.0,0.0,-0.013245775883109242,-0.024062676295987143,-0.004181441223024772,0.0126431489712573,-0.007787544204274334
0.671702,0.736137,0.8478503,0.9928678,0.83874303,0.9,0.9,0.6967035,0.70681703,0.9622642,1.0,1.0,0.70681703,0.70681703,0.63949054,0.7480152,0.5122136,-0.018271819970507315,0.0021724086166537543,-0.007118064661552066,-0.005937569740599478,0.0017201271914692006,0.0014994411871485694,0.006125268627750744,0.01152873782064277,0.006920278376921218,0.0,0.0,0.0,0.004354414888808809,0.01259502448657625,0.00308442076209849,-0.021300268493655582,0.0011106276671610836
0.87228465,0.8243242,0.726141,0.9762011,0.84776896,0.9,0.9,0.5119979,0.5280122,0.9622642,1.0,1.0,0.5280122,0.5280122,0.4257406,0.5569041,0.56721365,0.03047495404558883,0.003885954171961814,-0.00042927808706446084,-0.005671242079692753,0.0013974111449153149,0.0014750522706223842,0.0033149508220308753,0.006968538678555994,0.00936583894551933,0.0,0.0,0.0,0.007531964078615705,0.007319590744706669,-0.0004992359604777019,-0.0051478124812630146,0.004429312838629168
0.8530539,0.7687452,0.62857085,0.61693066,0.9444444,0.9,0.7431204,0.3914096,0.40973043,0.9622642,1.0,1.0,0.40973043,0.40973043,0.5244905,0.46245956,0.4072136,0.02250074280631176,0.003262253136425615,0.0026595843210533952,0.009447601833838883,-0.0036775764982343163,0.0007018346064977033,-0.003791742875443654,3.7383744081652024e-05,0.0041600994404323325,0.0,0.0,0.0,0.004782908470876256,-0.0013311994512493824,0.0012422280324470162,0.0017520597176471197,-0.00596850509195454
0.87141067,0.5656326,0.7356442,0.9762011,0.9762011,0.9,0.9,0.5943507,0.6148997,0.9622642,1.0,1.0,0.6148997,0.6148997,0.3019905,0.5502374,0.75121367,0.020208111540968084,-0.002020029999565608,-0.0010536976799874322,-0.003504823625062494,0.0013332683952642116,0.0015762385411333766,0.0060430495313659035,0.0049070820505451125,0.004809424440433717,0.0,0.0,0.0,0.002840591225835396,0.006078732240967253,-0.004671137690290094,-0.0020557893557658943,0.009649995242701543
0.79064137,0.35783857,0.88321656,0.9444444,0.9444444,0.8472274,0.3787967,0.405527,0.4204527,0.9622642,1.0,1.0,0.4204527,0.4204527,0.60824054,0.31357065,0.44821367,0.012703390863046895,-0.011347908692164357,-0.007476408581055815,-0.006169600869585134,-0.0016531754532596965,0.0008645512128882296,-0.04000342667629465,-0.0017242596170028415,0.003011603020171354,0.0,0.0,0.0,0.00429568775220537,-0.0007222180878814195,0.002801899903774322,0.01420642995397698,-0.003597966073825239
0.9069001,0.9471367,0.33313707,0.9444444,0.32696787,0.9155655,0.9,0.53140956,0.5415548,0.9622642,1.0,1.0,0.5415548,0.5415548,0.60824054,0.49134848,0.4622136,0.027886887955940555,0.003988598155105678,0.009042840076143038,-0.007481035352629852,-0.005564963827161293,0.0012515557508345038,0.004496996001555657,0.005937765691450512,0.006038592795045285,0.0,0.0,0.0,0.005389335550519876,0.0050872791982462095,0.0021378485057871595,0.0009533531225481121,-0.00047103933316845395
0.9231587,0.9310345,0.30916166,0.30343646,0.30343646,0.9,0.9,0.5508212,0.564182,0.9622642,1.0,1.0,0.564182,0.564182,0.6982406,0.41357073,0.5102137,0.026364266916633124,0.0034573287310939714,0.012468819047852697,0.014824473294467979,0.0034642809996212327,0.002221325416859458,0.004579744764724365,0.003800979192969839,0.004610314933435588,0.0,0.0,0.0,0.0038504506537908687,0.005578111679466402,0.005496975930308583,0.003143981561698269,0.0008002782203069747
0.6912241,0.63080776,0.91501707,0.9444444,0.79795897,0.84992,0.9,0.40082112,0.42205173,0.9622642,1.0,1.0,0.42205173,0.42205173,0.4919905,0.62357074,0.23921356,-0.01925248333278335,-0.0005745987399115071,-0.012950126867201492,-0.013194119467422088,0.0023468564544460316,0.001047762623383601,0.003081642209999561,-0.005099559611971033,-0.0012093376583897414,0.0,0.0,0.0,-0.0007417630106773012,-0.005390694536695305,0.001583117790464669,-0.012073754719468976,-0.025993081485547825
0.5521798,0.5204993,0.8272888,0.9444444,0.887077,0.63346344,0.9,0.44729188,0.4655972,0.9622642,1.0,1.0,0.4655972,0.4655972,0.47199053,0.62245965,0.38921365,-0.06473825823393121,-0.008534074038495352,-0.008041619837913253,-0.01134334253650796,7.088668026501043e-05,-0.006040976222624855,0.003910805898784166,0.001213207695827653,0.004305428901780307,0.0,0.0,0.0,0.0035488088858059053,0.0018139551079565633,0.0007723321839017945,-0.014122175551869032,-0.010798947433151917
0.68679523,0.56187344,0.83012164,0.81474906,0.9444444,0.9,0.7937475,0.36729184,0.38847116,0.9622642,1.0,1.0,0.38847116,0.38847116,0.1919905,0.6435707,0.3952136,-0.020301281315739793,-0.005825904694621971,-0.006911089650072101,0.000548343757188625,-0.003609585648801235,0.0008604421617472926,-0.0016701700154138877,-0.004404899627298722,-0.0017146455460235071,0.0,0.0,0.0,-0.0011788344364893344,-0.006070667604165453,-0.010754098582445968,-0.013131657359369862,-0.010616219523348448
0.9231587,0.9310345,0.285108,0.27982825,0.27982825,0.9,0.9,0.5778801,0.58947206,0.9622642,1.0,1.0,0.58947206,0.58947206,0.3582405,0.49468178,0.76321363,0.028409605046162748,0.003663918550522592,0.01385671136232391,0.015077748062310804,0.0019578333932592723,0.002942572773000353,0.004127079743631661,0.0021374573561849315,0.0027774114203987007,0.0,0.0,0.0,0.0015450508033863783,0.0063698210836081424,-0.00309698342565061,0.0001364935531026901,0.007236348456102977
0.9231587,0.9310345,0.30989015,0.30415145,0.30415145,0.9,0.9,0.6308212,0.6444843,0.9622642,1.0,1.0,0.6444843,0.6444843,0.63699055,0.7313485,0.4832136,0.025073800587310485,0.0036593013908086908,0.014606386505496177,0.015443898843939631,0.0012831415042937166,0.002431251236512232,0.004675676915170742,0.005206922761285343,0.003035525170124358,0.0,0.0,0.0,0.001963916646766991,0.007564047029399739,0.0036786576461329077,-0.010586608825093755,-5.322042367664726e-05
0.78324044,0.6270212,0.68837255,0.9444444,0.6459488,0.74025714,0.9,0.3443505,0.36363098,0.9622642,1.0,1.0,0.36363098,0.36363098,0.53699046,0.30134848,0.44621363,0.009853067808500166,0.0006078690862460062,0.0019282455190113487,-0.00963569394067562,0.001080088799495441,-0.0013110385722718315,0.004327599699599884,-0.0066776317022656725,-0.0016174153892238397,0.0,0.0,0.0,-0.002010937082068453,-0.007253817039504692,0.0018866145819811137,0.016495821121600723,-0.0037608367227762725
0.6640097,0.62431645,0.68823385,0.9444444,0.780908,0.71624255,0.9,0.41611537,0.43394756,0.9622642,1.0,1.0,0.43394756,0.43394756,0.37824053,0.26468182,0.6792137,-0.023031239808058525,0.00030477702731449897,0.00044661522316707855,-0.008632708408704478,0.002274153612497108,-0.0033245420750999503,0.005308777989231121,-6.758247464199895e-05,0.00302887136497035,0.0,0.0,0.0,0.0026617769193803906,-0.0008445118952423193,-0.00398002961644793,0.015422405408205875,0.010092940487136166
0.6293943,0.672725,0.71828043,0.9444444,0.7494257,0.7610298,0.9,0.39729208,0.41273418,0.9622642,1.0,1.0,0.41273418,0.41273418,0.5069906,0.38912624,0.46321362,-0.04048631846573116,0.00029806862323159716,-0.000723617796302328,-0.010438084822972971,0.0027428209683586684,0.0001547558674826214,0.0026415767177062933,-0.003295985139740118,0.00045362142849532004,0.0,0.0,0.0,1.2427527428368403e-05,-0.0032911470172029213,0.0017762975169919532,0.010845604725070103,-0.0029597468498125832
0.7557347,0.5403361,0.93883115,0.94465274,0.9928678,0.9,0.9,0.64082134,0.6501812,0.9622642,1.0,1.0,0.6501812,0.6501812,0.61574054,0.51245964,0.7372137,0.0035989148662630543,-0.003237901708783403,-0.01273000674366677,-0.00291585153804783,0.0008084465724619869,0.002008903608940477,0.004990952337757409,0.007251023159402376,0.007205018269883862,0.0,0.0,0.0,0.004471900588318356,0.010703029497579264,0.0028247130259178715,-0.0017172478759081534,0.010866202845576808
0.48294905,0.4421333,0.8676485,0.94615734,0.8218566,0.9,0.9,0.52552706,0.54297775,0.9622642,1.0,1.0,0.54297775,0.54297775,0.5744905,0.6069041,0.4662136,-0.08701403868713252,-0.013657958560764839,-0.008061160317950723,-0.012519286621707416,0.001280603432867301,0.0005391918187615531,0.003554541906527846,0.006465237966261587,0.00809796131034581,0.0,0.0,0.0,0.006983269984645912,0.008202554734229437,0.0023741778731454053,-0.012340583419372306,-0.0031811675756952484
0.79862505,0.70274603,0.8053698,0.9444444,0.83918935,0.70625955,0.9,0.49199766,0.510568,0.9622642,1.0,1.0,0.510568,0.510568,0.39699054,0.6491263,0.51321363,0.01232941586361428,0.002174076635771928,-0.006041195813522617,-0.004916626659835555,0.0012408063753008446,-0.00486136499826207,0.004293927240798098,0.003957248144417278,0.006344753649306521,0.0,0.0,0.0,0.005656120677356516,0.004988728472858686,-0.0015056653864149022,-0.011489297694281652,0.0007028184000365003
0.9231587,0.9310345,0.3080568,0.30235207,0.30235207,0.9,0.9,0.6355272,0.65542686,0.9622642,1.0,1.0,0.65542686,0.65542686,0.25199044,0.78357077,0.6492137,0.028170954150654005,0.0036307760261752643,0.013647336204899945,0.012580498648987444,0.0019333681742856306,0.003078081396123198,0.003628396294916911,0.004511394468273251,0.0013025486692325016,0.0,0.0,0.0,0.001249726335332722,0.00792683179533142,-0.007513285945722178,-0.011579523073960579,0.005011209817222748
0.6447789,0.7274568,0.87297297,0.9444444,0.89294803,0.756436,0.9,0.81199783,0.8267163,0.9622642,1.0,1.0,0.8267163,0.8267163,0.57449055,0.8280152,0.7532137,-0.020673788363059987,0.0006445929688761564,-0.0086784664625894,-0.002667380485267264,0.0014710282683123301,-0.004425489829656968,0.005744054565638348,0.010117258663682476,0.0049816314807509835,0.0,0.0,0.0,0.0023112681765404593,0.011878708418900397,0.002564338502501102,-0.023482930821803354,0.011284046671055377
0.73737794,0.6895327,0.68118775,0.92365605,0.9762011,0.9,0.9,0.3914096,0.40745023,0.9622642,1.0,1.0,0.40745023,0.40745023,0.37074053,0.5035707,0.41221362,-0.0006099660133990836,0.0019519118081295053,0.0028958949682830943,-0.005233620408277021,-0.003242100426281585,0.0003866669750771144,0.004363003101956599,-0.002767273405658517,-0.00026890723452304576,0.0,0.0,0.0,0.0006393533367267806,-0.0037947269577819497,-0.0018545692794340906,0.0013583604920718027,-0.008954042164720477
0.5326578,0.45200005,0.88286614,0.9444444,0.885304,0.54300904,0.9,0.36905646,0.3855593,0.9622642,1.0,1.0,0.3855593,0.3855593,0.4057405,0.3813485,0.5382136,-0.07215073119008614,-0.011985901515442312,-0.0154772716801184,-0.014091097539061818,0.00041523135494459337,-0.011575428005376465,0.0028444665921768587,-0.004241606981720233,-0.0022971992976309236,0.0,0.0,0.0,-0.002335616827970618,-0.008413272564265328,-0.0017448300574947023,0.013521649071259493,0.0030915559670516525
0.7563173,0.72656274,0.76405096,0.9444444,0.7960028,0.77933615,0.9,0.33787996,0.35429865,0.9622642,1.0,1.0,0.35429865,0.35429865,0.41949052,0.5180152,0.28521365,0.0005176683589964127,0.00362508914239917,-0.005164586874013761,-0.011339159030664871,0.0018718465563116124,-0.0006585701773928567,0.0024291411983363796,-0.008754178004041614,-0.005505622309433157,0.0,0.0,0.0,-0.0049136962440547985,-0.010369564931936954,-0.00020678556151441528,-0.0016706583521736284,-0.020202677353442947
0.771702,0.7511078,0.7863142,0.9762011,0.9762011,0.9,0.9,0.69317436,0.7121428,0.9622642,1.0,1.0,0.7121428,0.7121428,0.46949047,0.6613486,0.6302137,0.011023471690998075,0.003140324657004515,-0.004141875631416435,-0.004606323766575833,0.0003223214534728532,0.002781951214239637,0.005176026269468217,0.0076027940953448895,0.0048586127337155,0.0,0.0,0.0,0.00279840203491594,0.01015294607696262,0.0006803079806886399,-0.009477432962813401,0.005984036078940325
0.7406414,0.89736044,0.7849254,0.9444444,0.9444444,0.9034291,0.84094656,0.44435075,0.45972893,0.9622642,1.0,1.0,0.45972893,0.45972893,0.56824046,0.31357077,0.61321366,0.0005901173652148284,0.0035008351605872036,-0.00278672898480925,-0.005852448120573576,-0.0007185384756968776,0.00045434094014358155,0.0018649030947988081,0.0024413115862233835,0.0056424484569522135,0.0,0.0,0.0,0.004659337152380152,0.002178442606940497,0.0018532733131484405,0.012276772245828899,0.0068873593881920445
0.7719933,0.6170024,0.6491644,0.9928678,0.740373,0.9,0.9,0.61611533,0.63167846,0.9622642,1.0,1.0,0.63167846,0.63167846,0.37574053,0.69134855,0.6292137,0.0034235672031315677,-0.001921757692431844,0.0014015993982135627,-0.005889014712243129,0.0016105474674565374,0.0014965561318600585,0.0027699922385450502,0.008462180804054965,0.00692391965398027,0.0,0.0,0.0,0.004757165942099475,0.009144766984671746,-0.0019115934969133747,-0.013144065679670388,0.0063514222786648965
0.8258395,0.7865682,0.8308507,0.8154646,0.9463495,0.9,0.9,0.7525859,0.7622024,0.9622642,1.0,1.0,0.7622024,0.7622024,0.6019905,0.6902374,0.6412137,0.013104240074990968,0.002782461260892265,-0.0066680372992822205,0.001241962632445726,0.0009634163159258443,0.002726959838753574,0.0034896930881401713,0.006420672623694272,0.002829824094980459,0.0,0.0,0.0,0.00043597191361644037,0.009494780049899199,0.003108943097923244,-0.011383869442986598,0.005660406005009198
0.82199335,0.76601946,0.68031913,0.9444444,0.65303427,0.7937475,0.9,0.51376253,0.5286671,0.9622642,1.0,1.0,0.5286671,0.5286671,0.52574056,0.4791263,0.5512136,0.022522417218739984,0.0024099477129034467,0.002415157624601133,-0.003971238591854943,0.00012670596353125293,-0.0011672989508356272,0.00613961994236882,0.007037995660461946,0.00804159327906771,0.0,0.0,0.0,0.007000066864088369,0.0071272502665723145,0.0016274333495239451,0.0011388859618335205,0.0032676063888920828
0.3714106,0.65507257,0.82621056,0.9444444,0.9762011,0.6332368,0.9,0.3072918,0.32643616,0.9622642,1.0,1.0,0.32643616,0.32643616,0.3019905,0.55134845,0.47721368,-0.1380981506362792,-0.0034798018508388267,-0.009128716051848186,-0.01560771614145628,-0.00332943339030206,-0.0020206681590336324,0.0021998423163731356,-0.013112640594601039,-0.010749822473409951,0.0,0.0,0.0,-0.008741324728679582,-0.01666150959444719,-0.005976257752575105,-0.004079872439705629,-0.004812614970375837
0.62583953,0.65507257,0.9150254,0.89808047,0.8386976,0.9,0.9,0.3419976,0.36115834,0.9622642,1.0,1.0,0.36115834,0.36115834,0.5132406,0.4191263,0.44621363,-0.03612691442386188,0.0003283199053166626,-0.01502271495288527,-0.008066243611124986,0.001774235053229851,0.0008031048255498206,0.0031953134647473135,-0.008038901560862156,-0.00553931913820965,0.0,0.0,0.0,-0.003641161973609368,-0.010015117147093862,0.0023543574598504148,0.009067723067768074,-0.005091217436566819
0.70188844,0.3455951,0.9449759,0.9444444,0.9166222,0.85774523,0.9,0.7419978,0.7577566,0.9622642,1.0,1.0,0.7577566,0.7577566,0.6307405,0.6180152,0.66321373,-0.012104291287773922,-0.011918712367429092,-0.012946792082229238,-0.00386421731686092,0.0014103864437233337,0.001230681807740963,0.004451418041820636,0.005521279121386525,0.0027290118983782172,0.0,0.0,0.0,-0.0007271485073766487,0.010616801122238381,0.003948798305355739,-0.006936818005359035,0.00807184891918752
0.8018885,0.56492966,0.843367,0.9444444,0.8810674,0.6164572,0.9,0.44611537,0.4613717,0.9622642,1.0,1.0,0.4613717,0.4613717,0.47449046,0.41468185,0.51021355,0.01995054725212329,-0.0015149039613633402,-0.008309630378494335,-0.003900396718141268,0.0008706894828079998,-0.011353651177395301,0.004119350007171783,0.0029788226157302484,0.005752147766802163,0.0,0.0,0.0,0.00532712900205641,0.00214421001757273,0.00010761500309287888,0.006062040305929625,0.000584510949917366
0.8719933,0.8792275,0.8434268,0.9928678,0.9080723,0.9,0.9,0.662586,0.6766962,0.9622642,1.0,1.0,0.6766962,0.6766962,0.4057405,0.6435707,0.71921366,0.0272904072033577,0.004394666571950655,-0.005959874230591125,-0.0037100138781428777,0.0009643365693832118,0.0023001687592229102,0.005650150771920218,0.00768290475689284,0.004359530374127863,0.0,0.0,0.0,0.0027850660054988606,0.009102281723609518,-0.0007108512164752525,-0.009986573214845577,0.009579827679846728
0.92228466,0.7961933,0.7487642,0.9463495,0.7939028,0.9,0.9,0.5202329,0.5388701,0.9622642,1.0,1.0,0.5388701,0.5388701,0.2232405,0.7124596,0.60321367,0.037365821120215796,0.0031285977259923542,-0.0012590574105582394,-0.002888646724016625,0.0007615018306689238,0.001763017554315042,0.004948585082350216,0.006301228374769918,0.006797081656341342,0.0,0.0,0.0,0.005858425928691278,0.005577047675440972,-0.006223498593359257,-0.016096202008405364,0.005000013065766684
0.9219934,0.84486544,0.81130356,0.9166222,0.8133617,0.9,0.9,0.6861154,0.70276695,0.9622642,1.0,1.0,0.70276695,0.70276695,0.5132405,0.5235707,0.7492137,0.030640959567971703,0.003054099259175341,-0.0040069729135436575,-0.0011881936306301797,0.0013367896451069745,0.0022238322661903426,0.0027563519646731194,0.006659884852480005,0.0037969092803477734,0.0,0.0,0.0,0.0032339725035630397,0.009108920544107049,0.0011752884132436978,-0.001737068503946347,0.008514433632521684
0.82170194,0.7660121,0.8582505,0.9762011,0.86723876,0.9,0.9,0.48023292,0.4922305,0.9622642,1.0,1.0,0.4922305,0.4922305,0.45074052,0.5235707,0.51321363,0.013698669505779516,0.0019353037651028246,-0.009328082176407838,-0.007934753471368053,0.001628366787296242,0.0012740396661849512,0.004102764432165343,0.0030517842179309364,0.005413759635900941,0.0,0.0,0.0,0.00460624270533651,0.002863649231798998,0.0001188425294805439,-0.0019413942762049894,-0.0001118419496716401
0.72170204,0.6823842,0.7831422,0.9444444,0.66268206,0.74025726,0.9,0.40493888,0.42385635,0.9622642,1.0,1.0,0.42385635,0.42385635,0.4807405,0.5980152,0.36721355,-0.004364655799103226,0.0017781404915614633,-0.004095321075348722,-0.009191836686791887,0.0007120601731320896,-0.00238901862547452,0.004352265322813119,-0.0018964730953599188,0.0029384442770322926,0.0,0.0,0.0,0.0022627892959792163,-0.001254316600025322,0.0008238768382340558,-0.00977813086780229,-0.00951124298537437
0.8719933,0.78933716,0.741654,0.84822935,0.9444444,0.9,0.7030904,0.46140975,0.4801292,0.9622642,1.0,1.0,0.4801292,0.4801292,0.5244905,0.6069041,0.4372136,0.03255125119244559,0.0039113308140657325,-0.0009642447482446736,0.0002474644594775112,-0.00019044449383988826,0.0019417335363483262,-0.009184887937092757,0.0026518763646484074,0.005840705089691425,0.0,0.0,0.0,0.004871631527644187,0.0031150477214692985,0.001327961032345677,-0.008389535692997916,-0.0037340731461286696
0.8722847,0.8243242,0.65683216,0.9444444,0.7298095,0.84992,0.9,0.7490565,0.7652309,0.9622642,1.0,1.0,0.7652309,0.7652309,0.5319905,0.58801526,0.80821365,0.018354428982799213,0.003124548666360301,0.0009868107686436872,-0.0017170496554132653,0.0012878116363965017,-0.00021405133381094892,0.003789924987869041,0.0035995957487013146,-0.0007162923724903582,0.0,0.0,0.0,0.0002376408199735107,0.006941743935429187,0.0013474633690018826,-0.004018305519482309,0.008129429814390694
0.8069,0.51192325,0.7902264,0.9530919,0.7336919,0.9,0.9,0.6637625,0.66002405,0.9622642,1.0,1.0,0.66002405,0.66002405,0.78574055,0.32023737,0.7162137,0.011473386561526532,-0.005486044312852154,-0.004208846062372869,-0.0021955889089016163,0.000925667051134437,0.0018329266528813422,0.004803287428713427,0.0040720299087214865,0.005284395714122523,0.0,0.0,0.0,0.002848263472703342,0.0077148181473986254,0.002182543099938154,0.009135059538360173,0.00739348844130799
0.53324044,0.5999599,0.6596793,0.9762011,0.9928678,0.9,0.9,0.414939,0.42838368,0.9622642,1.0,1.0,0.42838368,0.42838368,0.3019905,0.43912622,0.5952137,-0.0723423262442327,-0.0034894305906009227,0.0029630830869839583,-0.01277507141809153,-0.004710639352648329,0.0005092423271456939,0.0023551789433766956,-0.0011034237588860238,0.0005819010088522641,0.0,0.0,0.0,0.0014359343901792728,-0.0027307300523283047,-0.004880968735515078,0.005535342509779783,0.007024458927841343
0.58324045,0.61686075,0.7601926,0.9928678,0.77637506,0.9,0.9,0.26140952,0.27928337,0.9622642,1.0,1.0,0.27928337,0.27928337,0.37574053,0.20357068,0.5622136,-0.053288403777500125,-0.0023777181834959017,-0.004774463642010781,-0.019934843104131347,0.002006352655850506,9.801677302982578e-05,0.002826457137089374,-0.01624894608806196,-0.019600652602510107,0.0,0.0,0.0,-0.0155154546869949,-0.022098523042222932,-0.003418366743910635,0.024322266482354197,0.0037142776969876917
0.65276253,0.7409406,0.7660582,0.75187194,0.9444444,0.9,0.66617596,0.30670357,0.32623452,0.9622642,1.0,1.0,0.32623452,0.32623452,0.40824056,0.3457929,0.48521367,-0.03042473940680779,0.003369737890627938,-0.0022910322966304963,0.004859542237929904,-0.0044310546513400715,0.0003396392157092367,-0.008758071605977196,-0.00861259058807323,-0.010308297142028956,0.0,0.0,0.0,-0.006109104454478262,-0.011604498929309393,-0.0007736425417986452,0.01109927550790293,-0.0014693085783763831
0.78382313,0.7655489,0.7001688,0.85232276,0.9015216,0.9,0.9,0.36611533,0.3826639,0.9622642,1.0,1.0,0.3826639,0.3826639,0.42574054,0.61245966,0.33421364,0.009491496011430654,0.004279118278248027,0.0006812452005500298,-2.155319132997366e-05,-0.00022707777483562064,0.0008411436722393981,0.002239559178873172,-0.00550957516709415,-0.002114762719137188,0.0,0.0,0.0,-0.002113520770762385,-0.006687095880804168,0.0005337326448044682,-0.009627211566846575,-0.015034358287311568
0.7761308,0.49606073,0.65071577,0.9444444,0.9928678,0.84684366,0.9,0.48905653,0.50306195,0.9622642,1.0,1.0,0.50306195,0.50306195,0.25199044,0.48690403,0.71921366,0.008083249783482849,-0.005960727008325442,0.0029495599438831748,-0.0031081752819939624,-0.002523427273612445,0.000355388908586044,0.0031890389013693016,0.004698886812103978,0.007623123513737205,0.0,0.0,0.0,0.006330579109197032,0.006044803157755384,-0.007806173722162397,3.4890334144383957e-06,0.014131432470463388
0.9231587,0.9310345,0.18051852,0.17717558,0.17717558,0.9,0.9,0.45317414,0.4664463,0.9622642,1.0,1.0,0.4664463,0.4664463,0.37074053,0.4191263,0.70721376,0.02847387403903669,0.003664561951260267,0.017762064758699733,0.019603085864093317,0.004354239772017437,0.0018558510454174382,0.0036519132710067055,0.0032235383229543154,0.004945246002996579,0.0,0.0,0.0,0.004343206882947046,0.002122669977836864,-0.0027319673482309095,0.0024608742538540667,0.007111877255260182
0.814301,0.9084271,0.49341702,0.9444444,0.4842797,0.8781462,0.9,0.77905667,0.78642225,0.9622642,1.0,1.0,0.78642225,0.78642225,0.7657406,0.6380152,0.6302137,0.007200055291380958,0.004879208432444334,0.007865697506668157,-0.0027053886061281745,-0.001727900700529989,0.0010072213733551888,0.003444903621532147,0.004968918983872866,0.0012115865730428516,0.0,0.0,0.0,0.0009469669020389339,0.007450036912646218,0.004616023691386089,-0.007016300377226036,0.004175800526270324
0.7217019,0.6309753,0.64493287,0.9444444,0.70881927,0.7163665,0.9,0.26552716,0.28818017,0.9622642,1.0,1.0,0.28818017,0.28818017,0.21074045,0.30801508,0.57721364,-0.010744842106787517,-0.0007047967662493915,0.005126795285861403,-0.011629550430601467,0.002442656412449254,-0.0023169917362499347,0.0022123332050745493,-0.012824626149882397,-0.01141166287748049,0.0,0.0,0.0,-0.01200875983127999,-0.016727250191233688,-0.00895658532331865,0.015413571345266799,0.004718475273853312
0.772576,0.48881382,0.75990885,0.8068019,0.7653929,0.9,0.9,0.5343507,0.5490918,0.9622642,1.0,1.0,0.5490918,0.5490918,0.5944905,0.40245956,0.6882137,0.005716295830572049,-0.005202924890204751,-0.002495914211778436,0.0014507858242359395,0.0018250300533332229,0.00137154443108165,0.004360041309571487,0.005749912588060672,0.007984185752577661,0.0,0.0,0.0,0.006304832546465985,0.0076153840244878954,0.002004596435862089,0.005142833150993176,0.007951822842898242
0.89891636,0.8333552,0.87013525,0.8897405,0.9444444,0.9,0.8055767,0.8231744,0.8256666,0.9622642,1.0,1.0,0.8256666,0.8256666,0.74199057,0.57912636,0.7462137,0.029511135607053464,0.004572334329503513,-0.008600667240514002,-0.0007807561383100223,0.00147438921363968,0.0022121875351100344,-0.0018349375714504532,0.005262383247852892,0.0022760901144413016,0.0,0.0,0.0,-0.00048589854436355967,0.010445266735371495,0.00388915785493141,-0.005129060331926291,0.008503826983722419
0.81074613,0.6127457,0.6617811,0.9444444,0.6495259,0.59232086,0.9,0.78493893,0.7895529,0.9622642,1.0,1.0,0.7895529,0.7895529,0.60824054,0.81245965,0.62121373,0.012305735183313704,-0.00244437123955017,0.0006102641250294894,-0.0024706443605895796,0.0008058336407180479,-0.012248287026734764,0.0037475135897495006,0.005595069292831567,0.0031954561714063025,0.0,0.0,0.0,0.0016172740406374326,0.009415241619599286,0.00364056520064518,-0.019491627554648967,0.004682575887824425
0.61756444,0.36487395,0.83012164,0.9444444,0.9762011,0.79354715,0.9,0.2784683,0.29966694,0.9622642,1.0,1.0,0.29966694,0.29966694,0.27949047,0.40801513,0.46121368,-0.03915598816862543,-0.016649678396436496,-0.006996460086396728,-0.012345120116984925,-0.003489418221209707,0.00028157524502641306,0.003187881087027764,-0.013569648855828877,-0.01559945046670033,0.0,0.0,0.0,-0.010703698714847762,-0.01988742127524748,-0.007775847082680683,0.009111851050724146,-0.00723001750205651
0.8645924,0.87604517,0.7505706,0.94615734,0.792458,0.9,0.9,0.26905665,0.28425077,0.9622642,1.0,1.0,0.28425077,0.28425077,0.21074045,0.30357063,0.62621367,0.025605669525552897,0.0036645857897152257,-0.002455350786274398,-0.009094845712169852,0.0021413176716561792,0.0013431327187450992,0.0038681484377536004,-0.011626778060491439,-0.009437055975236397,0.0,0.0,0.0,-0.009407479734090625,-0.015316701659690585,-0.009727596444658548,0.012555334369625611,0.009084018650363429
0.5178558,0.6236555,0.76404196,0.9928678,0.92636025,0.9,0.9,0.34611535,0.3564685,0.9622642,1.0,1.0,0.3564685,0.3564685,0.3582405,0.31023726,0.6412137,-0.07869567341225131,-0.0031483463258101274,-0.002566788099080185,-0.018169483877902456,-0.0013819017590844572,0.0008387194369486917,0.0024922333468275987,-0.007750635147611618,-0.007811820754982981,0.0,0.0,0.0,-0.006371836296596546,-0.011263203406774067,-0.0036514179072175655,0.01668013773094236,0.012290776240340051
0.8409327,0.6788654,0.6905529,0.9444444,0.9444444,0.6562365,0.67275906,0.55670357,0.56657225,0.9622642,1.0,1.0,0.56657225,0.56657225,0.39824057,0.59357077,0.5712136,0.020052082268528126,0.0013163823365795874,0.0022171093107440777,-0.0021103252720629856,-1.8975667181998657e-05,-0.0073603617649117695,-0.010909586147270998,0.0066103595272896665,0.006916240749007239,0.0,0.0,0.0,0.0056470441173399975,0.007270449079976947,-0.0014012819967711434,-0.006780864258689207,0.003570166190698137
0.865175,0.57863307,0.71858484,0.9444444,0.89146507,0.8128726,0.9,0.4490564,0.4636302,0.9622642,1.0,1.0,0.4636302,0.4636302,0.42574054,0.36468178,0.6562137,0.030963119129917782,-5.534331968009051e-05,0.0007206103380271049,-0.003255815864809448,0.0005810225414967567,-7.217801152920736e-05,0.004441709860698874,0.004698599220817936,0.008067677670368412,0.0,0.0,0.0,0.00697084514369661,0.00482100691066859,-0.0007608414216510973,0.005912019581576985,0.008947978577631186
0.4601635,0.6304681,0.8079587,0.9928678,0.80572265,0.9,0.9,0.41199774,0.4288136,0.9622642,1.0,1.0,0.4288136,0.4288136,0.42574054,0.48690403,0.48521367,-0.09929647276770995,-0.002191381667918174,-0.005355229536539222,-0.02030525395871964,0.0012663175434058998,0.00047762294922217545,0.0021753195961810774,-0.0031383267680601384,-0.0004580545134144011,0.0,0.0,0.0,-0.00031961072011260096,-0.003546034354327686,-0.00043997625902160393,0.0003683796330895074,-0.0031493599148794786
0.91045487,0.57998866,0.8783162,0.9444444,0.9444444,0.7341867,0.6706008,0.7861153,0.7889603,0.9622642,1.0,1.0,0.7889603,0.7889603,0.58699054,0.705793,0.7462137,0.0285894618762343,-0.002866815817726928,-0.008520556901440048,-0.0022330883016589416,0.001538633970199687,-0.005087513709579625,-0.014348021309261773,0.004932075955162198,0.0011147465117003423,0.0,0.0,0.0,-9.022176142918961e-05,0.007486315586813996,0.0021656285171602354,-0.011729123629484839,0.007231011531188948
0.5373779,0.65530735,0.77124333,0.9444444,0.9444444,0.66284907,0.71292895,0.23199777,0.2551855,0.9622642,1.0,1.0,0.2551855,0.2551855,0.16824055,0.41912618,0.44621363,-0.07291772747118774,0.0008481732101733253,-0.0038938737199733396,-0.013498989325505695,-0.0023634902782569914,-0.0014781199337217104,-0.0044311004956540155,-0.02042354845137402,-0.019163701060951964,0.0,0.0,0.0,-0.01385216576015499,-0.024107980676607063,-0.01497826554355374,0.00790919909715452,-0.008102902858499147
0.3175645,0.5683715,0.91501707,0.9444444,0.85232276,0.5494258,0.9,0.44729176,0.45877194,0.9622642,1.0,1.0,0.45877194,0.45877194,0.3644905,0.44023737,0.6512137,-0.13422850119231022,-0.0038964825064502283,-0.014772798901398893,-0.00963238920568456,0.0014120849967972392,-0.00981857733323567,0.0031131853095269337,0.001051221798497374,0.0033693420436389843,0.0,0.0,0.0,0.0025032785087982933,0.0002736897490271541,-0.0035864315759872576,0.007496589841507281,0.012201144799397757
0.9231587,0.9310345,0.1929013,0.18932904,0.18932904,0.9,0.9,0.43258578,0.4502112,0.9622642,1.0,1.0,0.4502112,0.4502112,0.6294905,0.49468178,0.3532136,0.02843602182103427,0.003977456919075785,0.014577094369942187,0.026575859729254265,0.003932945192880664,0.002374425582905227,0.0021607712231425606,0.002939345838939137,0.005229542390641635,0.0,0.0,0.0,0.004535134311254595,0.001089487455552126,0.0032274965747696614,1.2422977816722095e-05,-0.005528099157302068
0.90690005,0.9418765,0.51546633,0.9762011,0.42276448,0.9,0.9,0.6390566,0.6529001,0.9622642,1.0,1.0,0.6529001,0.6529001,0.67074054,0.6380152,0.47921363,0.033252574724615805,0.006019419628102568,0.0077066339840478285,-0.0045031779534048175,-0.0027293010249188976,0.002281608277846452,0.004808764239247195,0.008161000444847744,0.006488886033785875,0.0,0.0,0.0,0.005520743316182486,0.008204650420229049,0.002456187998600833,-0.009458262393331461,-0.0002860870932660244
0.74477893,0.722912,0.86169446,0.8617433,0.9762011,0.9,0.9,0.36140957,0.3831165,0.9622642,1.0,1.0,0.3831165,0.3831165,0.6894905,0.21579286,0.3952136,-0.0017018063191252919,0.003195793478720579,-0.007628903819897623,-0.0009794035838432639,-0.0036531201353458315,-0.0005462772576862946,0.003772187868505268,-0.005224803337169023,-0.003372011650684615,0.0,0.0,0.0,-0.00258887049089806,-0.007375386673070155,0.004326494922180636,0.01973539506818415,-0.009430651865063143
0.8453616,0.7655489,0.7249451,0.95026696,0.756889,0.9,0.9,0.53552717,0.5398148,0.9622642,1.0,1.0,0.5398148,0.5398148,0.52199054,0.39579296,0.66421366,0.016925585887639014,0.0024020868236575947,-0.0003931731568359566,-0.002317126392010741,0.0004759710432605606,0.0018116938168581025,0.004570271123210589,0.004809516703171657,0.006022339045826625,0.0,0.0,0.0,0.004747932660257301,0.004780972132518722,0.0007501342022231376,0.005700009428495293,0.006228010279223806
0.7412241,0.7780228,0.8426954,0.96959347,0.85149914,0.9,0.9,0.5031742,0.51657456,0.9622642,1.0,1.0,0.51657456,0.51657456,0.6719905,0.47468185,0.4522136,-0.0038315531038021567,0.002607751512099342,-0.007366501670040122,-0.007278474686147019,0.0014890046711715712,0.0008776276187101763,0.004274998030467181,0.006469508675286279,0.008898217022832769,0.0,0.0,0.0,0.007440775793881562,0.0072407299798603565,0.0017763895033366972,0.001263083948831586,-0.0024480149939361848
0.79862505,0.72768426,0.70359254,0.9444444,0.915114,0.7034281,0.9,0.38788,0.40428957,0.9622642,1.0,1.0,0.40428957,0.40428957,0.63949054,0.2424595,0.4912137,0.011329717790617245,0.0028569488182926222,0.0010616136646589276,-0.005312404348526145,6.317027143010467e-06,-0.0015604626574776026,0.004018655013569135,-0.0010773357769772647,0.002458043712338699,0.0,0.0,0.0,0.002324231022846964,-0.0026712632234517607,0.0036748385423099454,0.016955912908160092,-0.00027059187544496645
0.8219933,0.8198062,0.3498235,0.9444444,0.34334528,0.79247934,0.9,0.40670383,0.42694667,0.9622642,1.0,1.0,0.42694667,0.42694667,0.46324056,0.5680152,0.33921367,0.012698997616882304,0.0031429390611391185,0.016295336068019594,-0.010517069438054395,-0.005735293434098731,3.96419186316746e-05,0.004158454721146051,-0.0023199049436028823,0.0013603546969054759,0.0,0.0,0.0,0.0008089897791179985,-0.0022927543511842598,0.0001661124593169113,-0.003907369122241507,-0.010426197188482702
0.9231587,0.9310345,0.15716515,0.15425469,0.15425469,0.9,0.9,0.34435058,0.35947722,0.9622642,1.0,1.0,0.35947722,0.35947722,0.38574046,0.31023735,0.6012137,0.023676109404923214,0.0023334086022249174,0.016293565232572554,0.020038513813989352,0.00523573370782633,0.0017554642220965993,0.0021772320180558124,0.001478586183826478,0.003218948006157076,0.0,0.0,0.0,0.003392085760058943,-0.005541262666809893,-0.0031302636941138297,0.0030905513922674325,0.002876829588467033
0.7104549,0.7872722,0.8164764,0.8942464,0.9232409,0.9,0.9,0.639645,0.6432109,0.9622642,1.0,1.0,0.6432109,0.6432109,0.5682405,0.58023745,0.6882137,-0.0037732223100487294,0.0038793207661908173,-0.0054221160732236115,-0.0008252161570340708,0.0012168769755943243,0.0014987139952943663,0.003850155512858858,0.008388371986120982,0.007172487003804667,0.0,0.0,0.0,0.005604684840224985,0.009786226984998573,0.002603062818042944,-0.006142058004550203,0.009061756372629935
0.6989164,0.68572336,0.6919575,0.7812122,0.9444444,0.9,0.71292925,0.22140951,0.24159051,0.9622642,1.0,1.0,0.24159051,0.24159051,0.3319906,0.3080152,0.39321366,-0.01582811632690977,0.0012047877875748614,0.0026040138409363987,0.004186896069810957,-0.004532056674677225,0.0005687725574815379,-0.004755286014238394,-0.017892184329187058,-0.019438483640881167,0.0,0.0,0.0,-0.014782526308470314,-0.02267653368945428,-0.0036381210457626574,0.013274629430562013,-0.0121094627651501
0.9231587,0.9310345,0.26458082,0.25968117,0.25968117,0.9,0.9,0.59729195,0.61659586,0.9622642,1.0,1.0,0.61659586,0.61659586,0.5369906,0.58801526,0.58521366,0.027350303629467346,0.0031718786053112273,0.016193835534610453,0.014360647753283854,0.003909274577892285,0.002691804574991043,0.004554422409074094,0.0035473708300104356,0.002616766230413048,0.0,0.0,0.0,0.0012950986804071796,0.0070554103209891665,0.0018930959564284668,-0.0031093286976538103,0.0030058113820218024
0.91785586,0.8209112,0.81268764,0.9762011,0.9928678,0.9,0.9,0.35846844,0.3776945,0.9622642,1.0,1.0,0.3776945,0.3776945,0.2607404,0.36023745,0.5912137,0.039115582280713365,0.0027605592602028602,-0.006530622489920694,-0.006411793579457887,-0.001475018337850715,0.000675738786886923,0.0037671195849244615,-0.002763674842448729,0.0003043815457760792,0.0,0.0,0.0,-0.00010557851536987267,-0.00415199691847764,-0.008398525977097733,0.006423457049409828,0.0065676129700247285
0.8181472,0.9345819,0.79445606,0.9444444,0.8479025,0.957162,0.9,0.43552712,0.4528857,0.9622642,1.0,1.0,0.4528857,0.4528857,0.43074054,0.346904,0.6952137,0.014239884600293067,0.0023443899109091056,-0.00516006822264025,-0.00584600492810146,0.0018037320493315939,0.0018670486461598284,0.005142730680548043,0.0011853231715012404,0.004589672642289747,0.0,0.0,0.0,0.003420996603101628,0.0008794176012256677,-0.000817540817171118,0.008607011165975637,0.00966811453616117
0.76016355,0.7961933,0.8582516,0.9444444,0.9463495,0.8794137,0.9,0.28258604,0.30387008,0.9622642,1.0,1.0,0.30387008,0.30387008,0.2607404,0.45245966,0.46821365,-0.00343203009627987,0.003989734569543362,-0.014508956367492054,-0.015078774496929967,0.0006573984765008412,0.00038741071474315776,0.001463665988266089,-0.017752003618603216,-0.01793483775364936,0.0,0.0,0.0,-0.016178139837237215,-0.019758498637498793,-0.007885485608719432,0.004413131544652937,-0.004653201972243287
0.7527625,0.73751277,0.8359349,0.8204546,0.9762011,0.9,0.9,0.3519976,0.37175176,0.9622642,1.0,1.0,0.37175176,0.37175176,0.58699054,0.545793,0.1662136,-0.007589426153068359,0.0026897746783841815,-0.008161610584121603,-0.0009634673000971084,-0.004147400216402918,0.0004181159128708917,0.0025599572850507567,-0.007431238656679423,-0.005414570582395293,0.0,0.0,0.0,-0.0040940602699746365,-0.008838258326099479,0.0031900034328717097,-0.0034350047984329913,-0.03376628115421899
0.7293944,0.7687452,0.8109745,0.9444444,0.8720297,0.7431204,0.9,0.25788003,0.28084993,0.9622642,1.0,1.0,0.28084993,0.28084993,0.19824052,0.46023738,0.39321366,-0.006015811443539798,0.0049338844429734855,-0.008800228606275046,-0.01231018868233778,0.0011765187999019703,-0.0013750586546032546,0.002112016988305368,-0.016610386952356993,-0.0148175208037138,0.0,0.0,0.0,-0.012920408860429815,-0.01994513689904195,-0.012424406817681257,0.004050873835112096,-0.01049642495003928
0.9231587,0.9310345,0.33287555,0.32671118,0.32671118,0.9,0.9,0.7114096,0.7255676,0.9622642,1.0,1.0,0.7255676,0.7255676,0.63949054,0.66690403,0.6242137,0.02616695698851304,0.0035640134503734217,0.012621849039220999,0.011130676083700372,0.0009163848821421301,0.0020395042172291545,0.004205879313088197,0.004619743705535807,0.0001421697814047565,0.0,0.0,0.0,-0.0009798291115196162,0.00958243816763207,0.004546573133535318,-0.007551982266773584,0.0037619330257777465
0.6021798,0.6549074,0.843367,0.8277491,0.9928678,0.9,0.9,0.5431742,0.5564289,0.9622642,1.0,1.0,0.5564289,0.5564289,0.45699048,0.6435708,0.5072137,-0.03266979382063696,0.0010174546415564498,-0.0064943764363424505,0.002343769843698829,-0.005664343601247387,0.0009859265120636764,0.005157894834970306,0.007449468663507312,0.009329933003275663,0.0,0.0,0.0,0.007363727261763367,0.009432937532866469,0.0007654524135967504,-0.013748270014996273,0.0006161119216299514
0.74862504,0.7587217,0.8511266,0.9444444,0.768478,0.733431,0.9,0.50199765,0.51758534,0.9622642,1.0,1.0,0.51758534,0.51758534,0.65074056,0.60468185,0.3162137,0.0013120732391204593,0.0024106832595010724,-0.008770011355150837,-0.0075172216631400725,0.0014339894134891285,-0.0028771067448844865,0.004350408061315315,0.006086623697272729,0.0071442687576934215,0.0,0.0,0.0,0.006310036759969306,0.0064477376150257745,0.0024348571739000414,-0.010912056371449716,-0.012409520243541288
0.9231587,0.9310345,0.20230713,0.19856071,0.19856071,0.9,0.9,0.414939,0.4344314,0.9622642,1.0,1.0,0.4344314,0.4344314,0.52449054,0.70023745,0.1992136,0.03723773023973776,0.004626040080211921,0.017063835452458744,0.030746161082662676,0.005481946314576206,0.0017733666171136553,0.004638555912053828,0.00044385513394402205,0.004568599547900109,0.0,0.0,0.0,0.003519755676825194,-0.0010493456883450352,0.0013285012177436783,-0.012324714738835538,-0.016718113450178314
0.9069001,0.9471367,0.39555064,0.9444444,0.38822564,0.9155655,0.9,0.6508213,0.6620132,0.9622642,1.0,1.0,0.6620132,0.6620132,0.71324056,0.5935707,0.58021367,0.02964463809594328,0.004972407597716244,0.010287461893329235,-0.003264981299489834,-0.0034619182233079334,0.0026947345067578343,0.005271802589984346,0.00794296430888813,0.005093006086154401,0.0,0.0,0.0,0.005297263234745028,0.009231199819976244,0.004268051362981082,-0.0059859719094803145,0.003408703086304693
0.52467406,0.48950928,0.9323929,0.9444444,0.9928678,0.8227389,0.9,0.57493883,0.5859009,0.9622642,1.0,1.0,0.5859009,0.5859009,0.54574054,0.44023737,0.60721374,-0.055739577545180004,-0.009391144163282475,-0.012444782168562844,-0.003812663839878294,-0.0030444948579786816,0.0004769249500236395,0.0036603191817132863,0.008063400292642542,0.010439656713221,0.0,0.0,0.0,0.007898823761632878,0.011485758485522605,0.0030403259949304717,0.003235276010260185,0.006364542457530645
0.74151534,0.61320686,0.7561425,0.9444444,0.9928678,0.7597302,0.9,0.68729174,0.69669986,0.9622642,1.0,1.0,0.69669986,0.69669986,0.39699054,0.65690404,0.78921366,0.0018521826523343375,-0.0010304951747858624,-0.003011119129023199,-0.0028997111220442607,0.0011186368839852668,-0.004093596820456623,0.005619239083561583,0.004229056171749377,0.0022259952604347082,0.0,0.0,0.0,0.0009056353117963625,0.007353469716470503,-0.0018198378730217134,-0.009193172196550227,0.010355744725483956
0.84122413,0.82111806,0.82435906,0.885304,0.9444444,0.9,0.7937475,0.38140938,0.39775482,0.9622642,1.0,1.0,0.39775482,0.39775482,0.3582405,0.5302375,0.4122137,0.02321057185060219,0.0035360376363616853,-0.007460719876343731,-0.0019656192736369088,0.00027275568801633424,0.001613930454359698,-0.0032126630637315697,-0.003496671620505809,0.0007450569227542465,0.0,0.0,0.0,0.0006484954045455899,-0.002899152806149451,-0.001799697822462683,-0.0013461635034789081,-0.006216644489972376
0.77554816,0.78289807,0.83376,0.9928678,0.9928678,0.9,0.9,0.69376236,0.70675635,0.9622642,1.0,1.0,0.70675635,0.70675635,0.58699054,0.7780152,0.52221364,0.009548893641971805,0.003146127367076086,-0.00647258173889107,-0.005148540642900037,-0.00042757895735547134,0.002110879302191084,0.004780512241843502,0.009160571915663222,0.0054446928927647555,0.0,0.0,0.0,0.0030673606481173977,0.010614736669849644,0.0023283384869505997,-0.021237749664551924,-3.9864037074002834e-05
0.53324044,0.62708473,0.8410284,0.94615734,0.9116092,0.9,0.9,0.64140946,0.65412766,0.9622642,1.0,1.0,0.65412766,0.65412766,0.45074058,0.7735708,0.6462137,-0.05615473608128872,-0.0009388542435683475,-0.0064614556041714,-0.005203242837077568,-0.0010054673271506197,0.0005591278275158945,0.006467397970453714,0.013129844418054726,0.012331293295194128,0.0,0.0,0.0,0.008430885384604512,0.015819152520285592,0.00031243091218987663,-0.028112291952872286,0.010272463036863674
0.9231587,0.9310345,0.14024626,0.1376491,0.1376491,0.9,0.9,0.28493893,0.30653438,0.9622642,1.0,1.0,0.30653438,0.30653438,0.30949044,0.5546819,0.22521362,0.04070540400895402,0.00480561709212287,0.018673465657145064,0.042040579020107674,0.0073365212180628225,0.0015873195001672876,0.0031578996668207428,-0.006848838200785038,0.00037855955274428024,0.0,0.0,0.0,-0.0003493121069398979,-0.01258265850398748,-0.0032888121832684958,-0.0026850595615508814,-0.016479498927243125
0.86430097,0.79307765,0.7910207,0.9410746,0.8368909,0.9,0.9,0.26140952,0.27736324,0.9622642,1.0,1.0,0.27736324,0.27736324,0.48199052,0.122459516,0.47721368,0.027423408486406117,0.004365983979933017,-0.005743376397371772,-0.008740601502377094,0.0019642705642880314,0.0006982676730587104,0.004252307008389948,-0.011088584123008043,-0.010268561845264725,0.0,0.0,0.0,-0.008776243761660765,-0.01594891625261595,0.0008801432743046574,0.020470294526481858,-0.002623776797125244
0.7524712,0.62389547,0.88040084,0.9677255,0.92096955,0.9,0.9,0.3843506,0.38933775,0.9622642,1.0,1.0,0.38933775,0.38933775,0.5657405,0.3302374,0.5052136,0.0014022609309353729,7.681609456081887e-05,-0.009778248248797557,-0.011173737168418218,0.00015236219793300407,0.0002964526635624766,0.005179876072307048,-0.0024536489647853234,-0.0016025113338903388,0.0,0.0,0.0,-0.0011621925323027844,-0.005245791531222514,0.003045058583416292,0.01369170737391876,0.0009506515546528448
0.85159713,0.6823842,0.9323929,0.9928678,0.92906505,0.9,0.9,0.3443507,0.36018437,0.9622642,1.0,1.0,0.36018437,0.36018437,0.43449056,0.22245958,0.6162137,0.02735472053230778,0.0024424966901600707,-0.016612091871732345,-0.011234249130379874,0.001815665157611861,0.0005746581688380625,0.0027653108640715903,-0.004076559792683263,-0.003056115761368089,0.0,0.0,0.0,-0.0026265040669582896,-0.006448948263008564,-4.5245394300441125e-05,0.01690118963687233,0.008188595046991818
0.6447789,0.679001,0.8867783,0.9463495,0.9103787,0.9,0.9,0.5425859,0.55402344,0.9622642,1.0,1.0,0.55402344,0.55402344,0.40074056,0.5313485,0.72521365,-0.025192990970760866,0.001072988805255197,-0.011543308069302063,-0.005369375680246229,0.0007104713999732476,0.002032184088833515,0.0048562241974722566,0.006082515298451492,0.007451352328276761,0.0,0.0,0.0,0.00631142610299852,0.007185965096893179,-0.0012989530938920058,-0.002802319018234403,0.01075039427117348
0.33679524,0.5923974,0.7971847,0.9677255,0.9444444,0.9,0.50265884,0.58552706,0.5931886,0.9622642,1.0,1.0,0.5931886,0.5931886,0.58449054,0.59801525,0.45221367,-0.12990894804708022,-0.004709186070446937,-0.003796051630720443,-0.009566969666628818,-0.005035420675299334,0.0007873585457507581,-0.02718299652673931,0.008100117494140434,0.008322119838123178,0.0,0.0,0.0,0.0062208115483653546,0.009525680736044595,0.0024387409216521973,-0.009314302676415458,-0.0053470338287773
0.9231587,0.9310345,0.3836054,0.3765016,0.3765016,0.9,0.9,0.72493887,0.74231774,0.9622642,1.0,1.0,0.74231774,0.74231774,0.6269905,0.5891263,0.6882137,0.025705154492165844,0.004571679965253799,0.009744869042242931,0.009434630680131229,-0.00029058527020983026,0.002842557142171292,0.005079859591158435,0.0035823444460903087,-0.0006722765730603624,0.0,0.0,0.0,-0.0013481091586455283,0.007631950755365733,0.003569147761786776,-0.0028561011093952626,0.004901984786775622
0.48708662,0.6823842,0.8434268,0.8572891,0.9530919,0.9,0.9,0.51435065,0.52689,0.9622642,1.0,1.0,0.52689,0.52689,0.3019905,0.53023744,0.68321365,-0.07739592575989228,0.0006792774837127859,-0.006299582783797969,-0.00025839806913938087,-0.004244556316067337,0.0006884229625970017,0.005374086759266,0.0057894930874539795,0.008444635123021002,0.0,0.0,0.0,0.0072742694171392145,0.007169357553408278,-0.006455978508728549,-0.0029218861985862623,0.013608032824164205
0.9231587,0.9310345,0.34192267,0.33559078,0.33559078,0.9,0.9,0.73023313,0.74658495,0.9622642,1.0,1.0,0.74658495,0.74658495,0.3869906,0.72912633,0.7682137,0.02201968606347111,0.0035526369875516516,0.01089144577404516,0.008268914634777464,-0.0014590532005659945,0.0017785964213991587,0.00406909535870561,0.0029566834081314365,-0.002873627969602256,0.0,0.0,0.0,-0.001994146459531744,0.007633270077745775,-0.002791122344432884,-0.008732483753152697,0.00652917453561577
0.83708656,0.78258234,0.9188803,0.9444444,0.9166222,0.84094656,0.9,0.4325859,0.4507322,0.9622642,1.0,1.0,0.4507322,0.4507322,0.46949047,0.5791263,0.3822136,0.021931188192970102,0.003663437147423717,-0.015940058771158155,-0.0074932656806651855,0.002428086494889268,0.0001330096502484332,0.003721892463254749,-0.00029707374271801374,0.0034492368174457388,0.0,0.0,0.0,0.003482024149909063,0.00027839034570157945,0.0005121942255050698,-0.006611388564268587,-0.0084759157699749
0.49862504,0.6270212,0.8541773,0.9444444,0.839055,0.60612047,0.9,0.35435072,0.37696445,0.9622642,1.0,1.0,0.37696445,0.37696445,0.25199044,0.6435708,0.3492136,-0.09288385242627399,-0.0021635104219770622,-0.010779400630767186,-0.015637515855967878,0.0012365847686367749,-0.00394424262587593,0.003809579367730125,-0.010651007962901016,-0.008182374133095404,0.0,0.0,0.0,-0.006194110082840055,-0.012450315944853787,-0.0093843065358454,-0.01438553245893474,-0.01655765020081383
0.64891636,0.6309749,0.9020078,0.9444444,0.9444444,0.60994244,0.957162,0.31258607,0.33397612,0.9622642,1.0,1.0,0.33397612,0.33397612,0.2607404,0.4291262,0.55421364,-0.0292134750153618,-0.00028374380752681076,-0.017261722116608275,-0.009950045753265507,0.0008746485941531778,-0.008421483260613006,0.0040260111918584696,-0.009692205793050914,-0.008037546208297712,0.0,0.0,0.0,-0.007712932081997721,-0.013540997220015817,-0.00897190830859526,0.00757888471482606,0.0038233680923465806
0.72583944,0.7865682,0.68841255,0.9444444,0.6777287,0.8227389,0.9,0.16846825,0.18879439,0.9622642,1.0,1.0,0.18879439,0.18879439,0.3019905,0.37579292,0.21121368,-0.011484858955666564,0.0050228997836331305,0.0013508002761576407,-0.014059976784373531,0.0040852787790643,0.0007379031695729352,0.001941543793798295,-0.028377715483696036,-0.02952596069757937,0.0,0.0,0.0,-0.02315796163534511,-0.035120239788128574,-0.006784407983616747,0.011036254481695863,-0.03312365544940636
0.8566087,0.6891476,0.6126746,0.9444444,0.887077,0.77296776,0.9,0.22258602,0.24129944,0.9622642,1.0,1.0,0.24129944,0.24129944,0.41449046,0.34245956,0.30021363,0.03466050212942383,0.003040686016909503,0.0056453392116189265,-0.010126881017656096,-0.000300159994400161,0.0013208123746528298,0.002557582154959384,-0.017159107950987646,-0.01954983542509393,0.0,0.0,0.0,-0.01515397029298098,-0.02413320895265967,-0.0010790851094743367,0.01218601272982042,-0.02019345205385935
0.7140096,0.5889507,0.8976913,0.9444444,0.9762011,0.76034963,0.9,0.43788,0.45661408,0.9622642,1.0,1.0,0.45661408,0.45661408,0.49949056,0.46912628,0.4612136,-0.01955257552831799,-0.00533411929023931,-0.01364569005543366,-0.009429172289001855,-0.001207276430670727,-0.0017476674317212298,0.002562834542642735,0.0006439413165292125,0.0031632405953162107,0.0,0.0,0.0,0.002631640469520588,-0.0007269833075512039,0.0014712990454505198,0.003653785901130245,-0.003906152089114436
0.8219933,0.8198062,0.4781116,0.9444444,0.46925768,0.79247934,0.9,0.6802329,0.6920931,0.9622642,1.0,1.0,0.6920931,0.6920931,0.59824055,0.5680153,0.67921364,0.012836312797173613,0.003387424651741415,0.007337361872723958,-0.00283219034553992,-0.002511323132712251,-0.0016955227313548763,0.007094116115247386,0.005349612737206426,0.002425333196033707,0.0,0.0,0.0,0.0025820295913043965,0.007004854286524337,0.0020006271029269374,-0.0036253662234355197,0.005964422180547344
0.9231587,0.9310345,0.35063988,0.34414655,0.34414655,0.9,0.9,0.6531742,0.65834725,0.9622642,1.0,1.0,0.65834725,0.65834725,0.3169905,0.6046818,0.81721365,0.029903079466908015,0.0041825419104086796,0.012626309966421969,0.012326868350579577,0.0005188819310943828,0.003727324402707259,0.004975842561594499,0.00426443327866189,0.0027514126855936526,0.0,0.0,0.0,0.0023341718754865855,0.007831810412746545,-0.005008633960984902,-0.0040639946108547605,0.010424744983062745
0.70690006,0.37833935,0.5675223,0.9463495,0.6382513,0.9,0.9,0.3890567,0.40525818,0.9622642,1.0,1.0,0.40525818,0.40525818,0.3069905,0.42023742,0.5672137,-0.017380245180441872,-0.01668325079239881,0.005925865082362838,-0.009412420062542193,0.0028542594836209203,0.0007962354528799559,0.002690573770791008,-0.00285842409202392,-0.0008305839874351499,0.0,0.0,0.0,0.00013514179759670488,-0.0055982971625984,-0.0034108036448789046,0.0067909422498377515,0.0029871905231374967
0.7953615,0.63528126,0.80711484,0.96959347,0.9444444,0.9,0.6142272,0.4243505,0.44075403,0.9622642,1.0,1.0,0.44075403,0.44075403,0.49324054,0.3302374,0.5562137,0.00916564324358789,-0.0004831178737540525,-0.00448402519291065,-0.008542204306846332,-0.00041994676086572034,0.0007290940470030346,-0.018444907503025323,0.0005724024510616343,0.004318076239332622,0.0,0.0,0.0,0.0042932960326851595,0.000627227640810488,0.0010454917789022766,0.011614623186905997,0.003032496883766239
0.9231587,0.9310345,0.26009366,0.25527713,0.25527713,0.9,0.9,0.48317438,0.49034882,0.9622642,1.0,1.0,0.49034882,0.49034882,0.72324055,0.17801507,0.5952137,0.030062503483831354,0.003906836693715562,0.013102199418268838,0.01477551562693331,0.00462954808346444,0.002504218140241397,0.004433610955468164,0.002511142518973768,0.003703433873617069,0.0,0.0,0.0,0.0036522933636572922,0.0017992726955995515,0.006855527671918197,0.007393552705940842,0.0026159762636623353
0.88766927,0.8209108,0.59572846,0.9444444,0.92365605,0.79354715,0.9,0.4378799,0.45227996,0.9622642,1.0,1.0,0.45227996,0.45227996,0.2444905,0.49134848,0.6112136,0.03151855547669244,0.00232004128064389,0.005700310219885657,-0.00321922963895098,9.049335199259192e-06,-0.0016169921781726837,0.003187033638374932,0.002919377309676618,0.005877081550846592,0.0,0.0,0.0,0.004816857824543584,0.001909885592096341,-0.008253744910796156,-0.000782661240296374,0.005993401208867444
0.814301,0.9084271,0.5243342,0.9444444,0.5146243,0.8781462,0.9,0.8478802,0.8499088,0.9622642,1.0,1.0,0.8499088,0.8499088,0.9057405,0.6380152,0.64621365,0.006912070041378873,0.0056158737062761395,0.006613794693408055,-0.0030793502627105606,-0.001238410805364193,0.0014511220072119682,0.005384724844627865,0.002948576372129235,-0.0013097328212335346,0.0,0.0,0.0,-0.0017143875606899785,0.006374579470071501,0.005366111649502788,-0.007522112142016356,0.0037754143476513356
0.89093274,0.8131381,0.8315398,0.852326,0.9444444,0.9,0.7260709,0.60023296,0.612755,0.9622642,1.0,1.0,0.612755,0.612755,0.58699054,0.6046819,0.53421366,0.0305053235919641,0.0033118678562428228,-0.0063386287959773194,-5.233657498146492e-05,-0.00011886660745845207,0.0015832722560304537,-0.007080792144087685,0.008257401149383788,0.00750233679772776,0.0,0.0,0.0,0.005500132313357532,0.010233851407917745,0.0023183256510855167,-0.007871734271923805,0.002620018824449254
0.9231587,0.9310345,0.29145366,0.28605637,0.28605637,0.9,0.9,0.46905652,0.48458382,0.9622642,1.0,1.0,0.48458382,0.48458382,0.5319905,0.456904,0.5322137,0.026649305424930825,0.002046958862673844,0.013621567287068653,0.014503625104094295,0.003892919124482611,0.001470411568777815,0.0036641974466051397,0.0032433292440468765,0.004652907471143488,0.0,0.0,0.0,0.004175895440431123,0.002259417825629661,0.0022745316001716743,0.0013374605145503953,0.0014596705815311775
0.68382317,0.7655489,0.8262102,0.81091005,0.7552124,0.9,0.9,0.1714096,0.191796,0.9622642,1.0,1.0,0.191796,0.191796,0.42074054,0.40912616,0.23921366,-0.024287874424698108,0.004526970519916966,-0.008469679163469931,0.0001208119476104788,0.002034155585017939,7.211319021252313e-05,0.002414961781557166,-0.02938115022314639,-0.03073347591843998,0.0,0.0,0.0,-0.024310998685392247,-0.034492236078133856,-0.0012368096786537302,0.009331344344331532,-0.029658954840315353
0.6832405,0.673372,0.8582516,0.88713706,0.92096955,0.9,0.9,0.6214096,0.6328971,0.9622642,1.0,1.0,0.6328971,0.6328971,0.3019905,0.79690415,0.59021366,-0.015694265205698752,0.0008090954751902367,-0.008555077994013406,-0.0007468637105722652,0.0010555241621002713,0.0013523220395811459,0.006109260842224577,0.00873217237385756,0.006048303281270888,0.0,0.0,0.0,0.003223343603576292,0.009757385374870631,-0.005053745240890595,-0.02569332363187398,0.0054180625774835865
0.6714107,0.7375587,0.84155977,0.9444444,0.8555725,0.957162,0.9,0.18788013,0.20930715,0.9622642,1.0,1.0,0.20930715,0.20930715,0.24074042,0.25245965,0.42621365,-0.02121652072562386,0.00388435829450597,-0.008237939606851357,-0.011898438731723042,0.0012967336666809754,-0.000552065185004186,0.002690546185870871,-0.024865787219818167,-0.027600674457593496,0.0,0.0,0.0,-0.022112763765597787,-0.03075285969096816,-0.008892867497321343,0.019427855044218574,-0.009393727695121902
0.90217984,0.30637547,0.9038755,0.9444444,0.9292485,0.8726473,0.9,0.5643508,0.5769212,0.9622642,1.0,1.0,0.5769212,0.5769212,0.49199057,0.42134845,0.67921364,0.03451856381335993,-0.011336097517242273,-0.010584291773408758,-0.001983388413046639,0.002282608783094702,0.0014959336319086336,0.005848453430678224,0.005918266831875112,0.008379613374752076,0.0,0.0,0.0,0.005658730554550398,0.008955624606928976,0.0010151942021717514,0.004197179410183704,0.008976742641754729
0.88766927,0.7655489,0.7976619,0.82559633,0.8960403,0.9,0.9,0.35140958,0.37018055,0.9622642,1.0,1.0,0.37018055,0.37018055,0.39574045,0.35801518,0.5602137,0.03648973990286035,0.0034988959969744194,-0.003916466563113625,0.0032379644508208788,0.00046689562466199866,0.0013581172706014907,0.004038178027644509,-0.001738143146536694,0.0014201896770659821,0.0,0.0,0.0,0.0009447708615979754,-0.003301631034014649,-0.0006149698591134385,0.007902035186417172,0.0048172179812427055
0.61045486,0.71042025,0.794637,0.8983711,0.8112972,0.9,0.9,0.24964489,0.26631206,0.9622642,1.0,1.0,0.26631206,0.26631206,0.21574056,0.5457929,0.37921372,-0.05137104889402675,0.0018510133865086973,-0.00802399438928413,-0.01179471238891468,0.00025997505742036205,0.0002783628349713166,0.002018167457975008,-0.019720839030109374,-0.018515815755964914,0.0,0.0,0.0,-0.015777700738721062,-0.022581043522368067,-0.009077957968788354,-0.004330366680568262,-0.014054688264102704
0.8453616,0.7655489,0.73011464,0.716594,0.90442353,0.9,0.9,0.32729182,0.3309637,0.9622642,1.0,1.0,0.3309637,0.3309637,0.39699054,0.29134846,0.53821373,0.021517013457830116,0.003142475489565202,-0.00013589268155782903,0.008017402536098828,-0.0010891895272504206,0.001191427001916816,0.0026885421063492596,-0.004082064799562915,-0.0052830051508653665,0.0,0.0,0.0,-0.005129518366405663,-0.010489087421704141,-0.0019793402841156425,0.010452948231176422,0.0020740153312372974
0.6873779,0.8209112,0.8563749,0.8405161,0.9166222,0.9,0.9,0.28023306,0.30319488,0.9622642,1.0,1.0,0.30319488,0.30319488,0.40074056,0.3913485,0.42221364,-0.013159879930691653,0.006208580571963025,-0.00958744465037812,0.0004702598878314655,-0.0003738515156215401,0.000129201729151811,0.0030702302980612777,-0.014171106161153059,-0.012217449574562635,0.0,0.0,0.0,-0.009951653608061014,-0.01603392705753906,-0.0013244611781179092,0.00982645762191634,-0.007740420025534264
0.9231587,0.9310345,0.19357197,0.1899873,0.1899873,0.9,0.9,0.33846843,0.35465434,0.9622642,1.0,1.0,0.35465434,0.35465434,0.3644904,0.4035707,0.4992137,0.025868024020048487,0.002466173423213204,0.01528642879332322,0.024470264884974422,0.002616407910990076,0.00246453083628565,0.002958391076861502,0.0012373074927927179,0.0030966974710492233,0.0,0.0,0.0,0.0031909372709265495,-0.005663295360739307,-0.0034819356489160735,0.002320592688331383,0.0006866689318459663
0.8063173,0.41687697,0.8275697,0.9444444,0.8568099,0.957162,0.9,0.7708215,0.78376037,0.9622642,1.0,1.0,0.78376037,0.78376037,0.52449054,0.62245965,0.80821365,0.010273075235988091,-0.0069381098533618435,-0.005663800582454712,-0.0022852276729465435,0.0017885469777278468,0.005355525205901995,0.00666900308711077,0.004578942405312106,0.0014630808490193015,0.0,0.0,0.0,-0.0014571483196495277,0.007746122482872192,0.0013822093528137005,-0.007375488512685769,0.011433557340534134
0.3865039,0.5199919,0.82244533,0.9444444,0.9762011,0.50265884,0.9,0.37729186,0.39733738,0.9622642,1.0,1.0,0.39733738,0.39733738,0.35199046,0.51357067,0.5162136,-0.12721196737301105,-0.009374907536675421,-0.008364475957960936,-0.013954816074956213,-0.00286996729610712,-0.010546623997036098,0.0027715200176637927,-0.005643936983639847,-0.003319373634245401,0.0,0.0,0.0,-0.0028615929918428605,-0.009165279824029659,-0.004733851052669242,0.0001565830437184508,0.00013544846979766768
0.829977,0.7996218,0.69221437,0.9928678,0.6401798,0.9,0.9,0.31788006,0.3357973,0.9622642,1.0,1.0,0.3357973,0.3357973,0.3219905,0.38690397,0.4122137,0.026542097878142924,0.0050453359111104976,0.0022259034239023793,-0.016771289926013476,0.0010449242717906005,0.0008743906354856603,0.0037128636181888693,-0.010560146153267494,-0.004705988178023098,0.0,0.0,0.0,-0.004872650516143073,-0.008748948473027299,-0.00368289895675941,0.007826209269494396,-0.007539535679171752
0.8722846,0.8209108,0.74289656,0.878727,0.9149131,0.9,0.9,0.420233,0.442705,0.9622642,1.0,1.0,0.442705,0.442705,0.5744905,0.58801526,0.32721367,0.02375789453659462,0.0033908039439913156,-0.002033206351096358,-0.002411023793338915,0.0003235806237937046,0.00014100792340841062,0.0036824579660822876,-0.0013013410423882337,0.0034627564338737373,0.0,0.0,0.0,0.0020552184114275497,-0.0012186905277998775,0.0007163942164457123,-0.007396181559881809,-0.011916574367068146
0.6681472,0.6857059,0.8624243,0.8946535,0.77992153,0.9,0.9,0.050233055,0.0657247,0.9622642,1.0,1.0,0.0657247,0.0657247,0.5082405,0.11801508,0.26521358,-0.03251562490451122,0.001044147879573696,-0.012080395429182593,-0.009173827267896196,0.0008195330747828508,-0.00015265688509892374,0.0016218728098312044,-0.040423003130646784,-0.051521850468138376,0.0,0.0,0.0,-0.03914894258658497,-0.05427848971661344,0.0013375161674845093,0.029315684244711357,-0.028550800061692146
0.87968564,0.93142235,0.8315398,0.9444444,0.8201167,0.957162,0.9,0.55140954,0.56694126,0.9622642,1.0,1.0,0.56694126,0.56694126,0.52574056,0.49468178,0.5612137,0.02759290161894703,0.0032303413400147974,-0.006017408157075978,-0.0017674409882132056,0.0012357326779696858,0.0028059625555623947,0.005364141045108401,0.006712519557756614,0.007520295670520923,0.0,0.0,0.0,0.006131885485349529,0.0062521311361744035,0.001205134989807923,0.00047471941951075076,0.0030125759888120973
0.42910293,0.62411237,0.83002645,0.9444444,0.885304,0.65659904,0.9,0.55376256,0.57608145,0.9622642,1.0,1.0,0.57608145,0.57608145,0.46324056,0.6880152,0.45521364,-0.09769538613656302,-0.0008554155901201771,-0.005053200735553476,-0.009483914478805098,-0.0004517580154170867,-0.0047812478545775795,0.004114773291111947,0.007288725592671011,0.009854582420013495,0.0,0.0,0.0,0.008090601678300707,0.010937846937390217,0.00014018742601735294,-0.02069760826387514,-0.0057120215650196945
0.6024712,0.67578363,0.77124333,0.94615734,0.96959347,0.9,0.9,0.53376245,0.54564387,0.9622642,1.0,1.0,0.54564387,0.54564387,0.5082405,0.60468185,0.5512136,-0.04322416886622573,0.0009688152103466595,-0.00273596156123461,-0.008731264376632313,-0.0024531914659494496,0.0009327780701211203,0.0041216204653477225,0.006700727727809287,0.008164835716879208,0.0,0.0,0.0,0.006345193023843828,0.008093252131310744,0.0004406886054588685,-0.010808409516770267,0.00368451136237609
0.9231587,0.9310345,0.2552339,0.25050738,0.25050738,0.9,0.9,0.57670367,0.5920384,0.9622642,1.0,1.0,0.5920384,0.5920384,0.3782406,0.6502374,0.6072137,0.03072632253011319,0.0037499865620884026,0.016322189399990923,0.01802352081002981,0.0040736361441371894,0.0030873725156985773,0.005316666858489218,0.0044577765415459904,0.003569914907966299,0.0,0.0,0.0,0.002815695520650316,0.006727127311737888,-0.003307178513945622,-0.006936840115437728,0.003906793819943221
0.87910295,0.84524274,0.88120836,0.9444444,0.9444444,0.957162,0.957162,0.5408212,0.5623635,0.9622642,1.0,1.0,0.5623635,0.5623635,0.5432405,0.6502374,0.47721356,0.023390504098209655,0.0029837219440194064,-0.011078133923363985,-0.002868056497499788,0.0009836423426882615,0.0027950660120913333,0.007570588902179265,0.00623535378224126,0.007457907385458384,0.0,0.0,0.0,0.006333831484925514,0.007047933543050131,0.0011924260690615836,-0.010756270618373111,-0.0012859607139545193
0.87141067,0.80722773,0.9307994,0.9762011,0.9292485,0.9,0.9,0.74964476,0.7635989,0.9622642,1.0,1.0,0.7635989,0.7635989,0.7294905,0.5569041,0.7042137,0.024839947269718988,0.0030938033958826765,-0.010603783429448803,-0.002483084775099876,0.0017062767034973054,0.0019403442785839156,0.0056306390382948905,0.007445830902132824,0.004873505422740086,0.0,0.0,0.0,0.002151084575510086,0.010583027189482373,0.003424400099332705,-0.003407474474733238,0.007683278091132534
0.9231587,0.9310345,0.13635261,0.13382757,0.13382757,0.9,0.9,0.40964484,0.42916635,0.9622642,1.0,1.0,0.42916635,0.42916635,0.37074053,0.5369041,0.46121368,0.030782658580297363,0.003225311105679808,0.019618837966133555,0.026764551969578547,0.0057765812984458395,0.0024344953770020685,0.003547837667232861,0.0028083944468529037,0.00515995234704723,0.0,0.0,0.0,0.004574663469980125,-0.00011860258842829749,-0.0029159608726249393,-0.001607887106961924,-0.0008123297954521443
0.67910296,0.69591725,0.8848981,0.9444444,0.9444444,0.84992,0.67274404,0.53376245,0.55025023,0.9622642,1.0,1.0,0.55025023,0.55025023,0.34699047,0.60468185,0.6292137,-0.011245557522606288,0.002466306139038491,-0.009607588736316515,-0.00602558424576082,-0.000175856806080721,0.001370381804181072,-0.010564636591906849,0.005107604832113964,0.005143043751785171,0.0,0.0,0.0,0.004585949732543435,0.005683903470262846,-0.002703726942125516,-0.008321416653603359,0.00527938989222333
0.66371834,0.7687452,0.9038755,0.9928678,0.9444444,0.9,0.79673856,0.24317417,0.259888,0.9622642,1.0,1.0,0.259888,0.259888,0.3869905,0.26023737,0.5622136,-0.02656688132500492,0.004014002577326686,-0.016768899604581042,-0.01725548578571964,-0.00014825622406103905,0.0002573084698546026,-0.0003201460483459887,-0.01879501784966441,-0.01778371129853522,0.0,0.0,0.0,-0.015883642207983672,-0.021693356824813805,-0.0023830908823227943,0.019576341535629906,0.005905391510423538
0.6876692,0.5160051,0.7862875,0.9444444,0.92144537,0.8227389,0.9,0.54376245,0.5585912,0.9622642,1.0,1.0,0.5585912,0.5585912,0.4694906,0.3913485,0.6722136,-0.01819424428533012,-0.004257225520351559,-0.0034024643280524958,-0.002735564121200284,0.0006521038241731042,-0.00041942440237864494,0.006910300626570819,0.005347005024811068,0.007174307115032126,0.0,0.0,0.0,0.004918773941050763,0.007109705395190302,0.00010044136345899658,0.007451926058774369,0.010446333783611443
0.83737797,0.8792275,0.85637504,0.9015216,0.9928678,0.9,0.9,0.15964486,0.17696507,0.9622642,1.0,1.0,0.17696507,0.17696507,0.3019905,0.20357068,0.44821367,0.02081027130079635,0.0036254467071544115,-0.012223171437223028,-0.006514649095782479,-0.0014679393901822352,0.0016175618640848633,0.0021151575475691453,-0.024442235279941767,-0.027851609199318776,0.0,0.0,0.0,-0.02435712542931638,-0.03282267388488977,-0.006549713470899114,0.01895145039646151,-0.0059275208499540485
0.86727315,0.7780228,0.908817,0.9444444,0.9444444,0.7935475,0.71292895,0.60140944,0.6163694,0.9622642,1.0,1.0,0.6163694,0.6163694,0.4132406,0.76801515,0.4622136,0.022566576962455957,0.003060062602504518,-0.011271133128593201,-0.003209034428462212,0.0004930340266274237,-0.0023806067113582284,-0.009385900719469797,0.007269742251561524,0.004470459620621481,0.0,0.0,0.0,0.0029832526571801576,0.006913251192688383,-0.0009789412767364262,-0.020521794057846564,-0.0023822529570139157
0.83737797,0.86883026,0.43708628,0.9444444,0.4289921,0.83986926,0.9,0.68317425,0.6910723,0.9622642,1.0,1.0,0.6910723,0.6910723,0.63074046,0.6924597,0.5952137,0.014606436207435016,0.004556139409613032,0.008891147074017659,-0.0037167789521197862,-0.0028637381288175103,-0.00042394948382626146,0.005147728788129351,0.00684462760519524,0.00451114260978985,0.0,0.0,0.0,0.0032924765153992076,0.00798235107179833,0.00210127535067718,-0.012432155721980637,0.00349308904774446
0.8013058,0.3192925,0.9288377,0.9444444,0.9444444,0.9030832,0.7597302,0.5025859,0.51727194,0.9622642,1.0,1.0,0.51727194,0.51727194,0.5944905,0.42134845,0.5382136,0.011578508264596388,-0.015042908473026606,-0.011847442313447509,-0.0038786130274188636,-3.7165520920642152e-06,0.0013875805798362498,-0.0047354688703565425,0.003968942593240885,0.006472248954481755,0.0,0.0,0.0,0.0055215882736375085,0.005150649359496817,0.0013871535072138754,0.006376347499262608,0.0020041349454144857
0.86785585,0.8409027,0.8227762,0.80753964,0.9444444,0.9,0.7431204,0.3255272,0.3446273,0.9622642,1.0,1.0,0.3446273,0.3446273,0.4694906,0.4502374,0.33421355,0.029974337077112986,0.003210238932076231,-0.006778883096688457,0.004269398091516462,-0.0012034647157363704,0.0007538673366591883,-0.00358838797612001,-0.008069084505603855,-0.0050848241741754474,0.0,0.0,0.0,-0.004343677478746978,-0.008763605995177347,0.001378216775303709,0.0037150829423312293,-0.01374610944717199
0.9231587,0.9310345,0.2946457,0.2891893,0.2891893,0.9,0.9,0.57258606,0.5910801,0.9622642,1.0,1.0,0.5910801,0.5910801,0.61824054,0.55801517,0.4662136,0.02812205177864726,0.0025883838097595095,0.01467180750971043,0.015403155647622721,0.004470728251518717,0.0025396391472727433,0.003926640078403268,0.005294601220799915,0.0053235087415630525,0.0,0.0,0.0,0.0037565382027663287,0.008200860378716765,0.004666186778039631,-0.0029714004370526388,-0.00021539202650412492
0.8870866,0.73341405,0.7576666,0.9444444,0.70941913,0.7859213,0.9,0.57023305,0.5858531,0.9622642,1.0,1.0,0.5858531,0.5858531,0.50199056,0.545793,0.5292136,0.029196566377521087,0.002417919459588821,-0.0023461237540530907,-0.003013897691888718,0.0006426704279982902,-0.0011218224291878968,0.0063294786712476655,0.006276687035241472,0.005757661613408322,0.0,0.0,0.0,0.004504221683542114,0.007337581471225287,0.0009592865017767606,-0.0030556495123194027,0.0017276859790082066
0.5205366,0.4891064,0.8817269,0.9444444,0.9705012,0.47280285,0.9,0.6384683,0.6486406,0.9622642,1.0,1.0,0.6486406,0.6486406,0.40699053,0.6091263,0.7732137,-0.05594541961464909,-0.00730973447401907,-0.011643652560436746,-0.00432872346387875,-0.0005053616207357066,-0.0235431115457138,0.004336333626627028,0.006541696842008897,0.007128663264061836,0.0,0.0,0.0,0.005596658295166903,0.011483524426104697,-0.0019351054398789598,-0.008283530064560835,0.015121209527527943
0.9148837,0.7865682,0.85832083,0.9330076,0.96959347,0.9,0.9,0.50317407,0.5180707,0.9622642,1.0,1.0,0.5180707,0.5180707,0.3169905,0.41134846,0.69621366,0.03681226921465174,0.0037618186473492767,-0.0074832282099381335,-0.0014817408052389446,-0.00033124027046166555,0.0021066319366582612,0.004396235048603913,0.005453205026582935,0.008438507664168005,0.0,0.0,0.0,0.006777028215512615,0.00583268559596128,-0.004373026375818111,0.004050148589265135,0.010670621764271207
0.8873779,0.31037962,0.5789731,0.9762011,0.70450044,0.9,0.9,0.52964467,0.5445289,0.9622642,1.0,1.0,0.5445289,0.5445289,0.2607404,0.56023747,0.67921364,0.029645964023093715,-0.014604728909869096,0.004208282773224849,-0.006282945929076836,0.0017318058448223938,0.0008409165815140346,0.004222987478701967,0.005908741823507682,0.008114842949533048,0.0,0.0,0.0,0.0060305687523577525,0.007841708104249308,-0.00392907564668715,-0.004397507476454072,0.009753412355793913
0.9024712,0.71042025,0.74523383,0.9762011,0.9444444,0.9,0.957162,0.45670363,0.4776818,0.9622642,1.0,1.0,0.4776818,0.4776818,0.3432405,0.5980152,0.53021365,0.044193264357917955,0.0028462308288459237,-0.0003690750775575244,-0.006502665740928582,0.0008196292223616741,0.0014176979277930088,0.00776685585982325,0.004634459894873524,0.00829844245674811,0.0,0.0,0.0,0.006972653152794899,0.005590030151141116,-0.0018826916440673697,-0.008893405137238875,0.003532112038674978
0.6714107,0.8378786,0.9185314,0.9762011,0.9444444,0.9,0.8794137,0.25317428,0.27286988,0.9622642,1.0,1.0,0.27286988,0.27286988,0.65074056,0.21579297,0.2942136,-0.023138223465419785,0.006898895667347046,-0.01480466565739364,-0.015983913248766805,-0.0026167311683728163,0.00021911205689365424,0.0012161951859255243,-0.017654620790894953,-0.01709792883097097,0.0,0.0,0.0,-0.012787740210759027,-0.020869533493527794,0.007298867592362963,0.0249979416650179,-0.021348267443271535
0.76371825,0.48881382,0.7677971,0.81474906,0.9444444,0.9,0.71291745,0.26082116,0.28138328,0.9622642,1.0,1.0,0.28138328,0.28138328,0.2182405,0.40134844,0.48621368,0.0005990327472228563,-0.007725975839237451,-0.004488138721608731,0.0006523529086468843,-0.003918636808764233,0.00022283018076989418,-0.004652346894493668,-0.012099419441473627,-0.013145379494353689,0.0,0.0,0.0,-0.009912811247952171,-0.018547567845402096,-0.00792402848466161,0.007895973439118026,-0.0010876435214564558
0.7637183,0.8511092,0.80339056,0.9444444,0.9928678,0.9030832,0.9,0.5414097,0.5517951,0.9622642,1.0,1.0,0.5517951,0.5517951,0.45074058,0.5013485,0.62121373,0.004159001888387133,0.00495957355860319,-0.00512734065167701,-0.0024872361510134334,-0.0010740198312694429,0.0029651214748503724,0.004557398062895591,0.006170735707263355,0.007385069742313281,0.0,0.0,0.0,0.0061605164309692225,0.007104176279226727,0.00021125552313296152,-0.0005471206345864081,0.0069446898327544405
0.67852026,0.85982716,0.7742445,0.9444444,0.9444444,0.83116627,0.763027,0.4361155,0.45459822,0.9622642,1.0,1.0,0.45459822,0.45459822,0.7332405,0.3813485,0.4902137,-0.01885198448420298,0.004009820681000175,-0.003234914219048998,-0.00594407369278426,-0.00028820717741119724,0.0002009687027734581,-0.00449047157661867,-0.00010438062051527801,0.0037819290468402815,0.0,0.0,0.0,0.0027053876005512924,-0.0004942851383725961,0.0012248635211222485,0.010494230203237592,-0.0011323848467445228
0.9231587,0.9310345,0.30533868,0.29968426,0.29968426,0.9,0.9,0.63552713,0.64739746,0.9622642,1.0,1.0,0.64739746,0.64739746,0.7269905,0.43690407,0.5932137,0.0255016984676065,0.003558202808384863,0.012560295947204439,0.01302549055245636,0.002958951144052413,0.0018525472432102416,0.004695380532806895,0.003935031497347874,0.0035229371295261414,0.0,0.0,0.0,0.0019031817422903313,0.007771666807100862,0.0068315932118954625,0.0022998973906174338,0.0028312080432354625
0.9231587,0.9310345,0.4153798,0.40768757,0.40768757,0.9,0.9,0.7484683,0.7580134,0.9622642,1.0,1.0,0.7580134,0.7580134,0.69199055,0.6013485,0.66721374,0.02716048049918772,0.005359126853343521,0.009472573919078192,0.007887260340431463,-0.0003025001986127994,0.0026730782433864635,0.004385653259836604,0.0028851576560789483,-0.0015917893151022066,0.0,0.0,0.0,-0.0025939387405306564,0.0079796125921101,0.005673575862354043,-0.004146851472521795,0.003954403686602607
0.9184385,0.8209112,0.6516659,0.9928678,0.9444444,0.9,0.7935475,0.57258594,0.58505166,0.9622642,1.0,1.0,0.58505166,0.58505166,0.52449054,0.68690413,0.43921366,0.030088497438126617,0.0026768582055154973,0.00243153541153599,-0.004320525932262861,0.00024704313965905777,0.0011020907443498604,-0.0031746828508706524,0.006126885671485325,0.004710818885346111,0.0,0.0,0.0,0.0038986691450228865,0.005724686866951148,0.0005497881991611839,-0.01296799461320006,-0.004010676617367488
0.5409328,0.6794768,0.8867783,0.8703565,0.9463495,0.9,0.9,0.50140965,0.5186955,0.9622642,1.0,1.0,0.5186955,0.5186955,0.40074056,0.7080152,0.42221364,-0.0661109464892335,0.0003414951880431627,-0.008687316278801193,-0.002254413760870945,-0.0029393885717605784,0.0011673726017877534,0.0029117170795442708,0.0027093341317613972,0.005187712019308569,0.0,0.0,0.0,0.004638399936604132,0.0034644685192001595,-0.0007059974297982134,-0.020008665992477546,-0.007859252060515676
0.8947789,0.8243242,0.85259974,0.8960403,0.9762011,0.9,0.9,0.38376248,0.40329593,0.9622642,1.0,1.0,0.40329593,0.40329593,0.42574054,0.37023735,0.52221364,0.031074244390129038,0.002686893213493364,-0.00949245751616835,-0.0010144369624386592,-0.0013069253101571632,0.001796377660861906,0.0037002093156616846,-0.0010442646678192292,0.002737737073466781,0.0,0.0,0.0,0.00231569353885438,-0.002263280265155157,-0.00036054911450385095,0.007668204609910032,0.001490494548300882
0.7444876,0.51341945,0.8514615,0.8356937,0.9444444,0.9,0.56591356,0.36140946,0.37701452,0.9622642,1.0,1.0,0.37701452,0.37701452,0.52449054,0.30134848,0.48521358,-0.0005569068854571224,-0.004252737976157791,-0.00657929593295017,-0.00014576680121692844,-0.0040624752779510696,0.00035082004288007493,-0.017948089243651915,-0.0037181001195238906,-0.0023299554710574833,0.0,0.0,0.0,0.0006009591537431061,-0.00673726149790706,0.001778859070792362,0.015331620890474063,-0.0016029091275749127
0.78679526,0.59632313,0.77039254,0.9444444,0.9444444,0.86744845,0.5764457,0.48552728,0.4973063,0.9622642,1.0,1.0,0.4973063,0.4973063,0.5807405,0.5335707,0.4072137,0.01012669115135431,-0.0018462919106523896,-0.0020365534036741197,-0.005564271542174184,-0.0016867991890434824,0.00048262510892758503,-0.02056074533279798,0.0031705645427685747,0.005913885151759015,0.0,0.0,0.0,0.005071021306972029,0.004056417016132767,0.0021138956980644697,-0.001991068110580653,-0.006316570641522863
0.90690005,0.9418765,0.5418619,0.9928678,0.45136276,0.9,0.9,0.72199774,0.72939813,0.9622642,1.0,1.0,0.72939813,0.72939813,0.7944905,0.7624596,0.5512136,0.025519268655956297,0.006047887162470562,0.006121523344624915,-0.005314834470078464,-0.002757619375837652,0.0013325072834782735,0.007245886271531963,0.008290362922264888,0.0043555680770084254,0.0,0.0,0.0,0.003238029021589702,0.00867835817546862,0.002295007892548532,-0.018519008303058512,0.0021216616826651787
0.6944876,0.5618903,0.8280373,0.9444444,0.8386976,0.84992,0.9,0.23199777,0.2524798,0.9622642,1.0,1.0,0.2524798,0.2524798,0.09199059,0.48690403,0.44621363,-0.017255715224191576,-0.004559704091051766,-0.01006346300715684,-0.014675599627719907,0.002069875177561774,0.00041125881235446555,0.002070818721947159,-0.01951415493042616,-0.019718995634692208,0.0,0.0,0.0,-0.01599579413282835,-0.02306737849677136,-0.017183969104322697,0.0003778352235102403,-0.006386906915174597
0.7755481,0.8511092,0.83393335,0.96959347,0.9444444,0.9,0.8227389,0.50199777,0.5139278,0.9622642,1.0,1.0,0.5139278,0.5139278,0.58699054,0.50023735,0.4112137,0.007355395265423035,0.004351008494314623,-0.0066072842656160705,-0.008411363859120478,-0.00031121033557921966,0.0008129599056161157,0.0009458776648482685,0.005588458384344761,0.007860753329357437,0.0,0.0,0.0,0.006388388288376781,0.005607721231545104,0.0022912181569834027,-0.00032473837237004385,-0.005425639398621601
0.77997696,0.81457967,0.6188886,0.9444444,0.6489201,0.84992,0.9,0.38611546,0.40701506,0.9622642,1.0,1.0,0.40701506,0.40701506,0.27949047,0.65357083,0.40621367,0.007452505667976252,0.0038244520768725703,0.005223028808195538,-0.010047407182085202,-2.8964769702380482e-05,0.0009019142007181746,0.001919743583264266,-0.003762254744128123,0.0008145228495255536,0.0,0.0,0.0,0.000685833961090081,-0.002489959913160972,-0.00339445771980586,-0.0140206937455848,-0.007510447260499545
0.65602607,0.7594976,0.916658,0.8996828,0.9444444,0.9,0.734181,0.38729185,0.40390182,0.9622642,1.0,1.0,0.40390182,0.40390182,0.45074058,0.47468185,0.43421364,-0.023297528762267358,0.0037443144058007037,-0.013561281265612863,-0.0070244521579784,-0.0008657597013510915,0.0003011846813529158,-0.005323650326839276,-0.0024622115043453742,0.00022022653614208284,0.0,0.0,0.0,0.0005719446375170309,-0.002445654202723438,0.0006830129776883369,0.0018466298095796813,-0.004797319804301642
0.40987208,0.6351525,0.8717154,0.9444444,0.9444444,0.7129734,0.5564415,0.22140929,0.2433571,0.9622642,1.0,1.0,0.2433571,0.2433571,0.29074037,0.45912626,0.3492135,-0.12719771089248355,-0.002587494506641863,-0.012375723825638112,-0.016683392155858668,-0.004433764543273794,2.0558306898086665e-05,-0.0103876761228349,-0.023129014325054972,-0.022423524440713143,0.0,0.0,0.0,-0.015497510473504849,-0.02704735708410281,-0.008153318557048346,0.0053914476554375755,-0.01757607408200747
0.8178558,0.6722068,0.8019379,0.9444444,0.8617433,0.957162,0.9,0.60140944,0.61935186,0.9622642,1.0,1.0,0.61935186,0.61935186,0.54324055,0.6146819,0.5452136,0.010694870160647331,0.0005029216698811045,-0.005161581090617739,-0.0035498881915338276,0.0014707012653375204,0.002868242265273748,0.006221630275135054,0.007467237438112743,0.006626344278418239,0.0,0.0,0.0,0.005146306368146155,0.008719943722509843,0.0014406816803688243,-0.007621304901465254,0.002312430187202382
0.9184385,0.8243242,0.6428836,0.63097835,0.9444444,0.9,0.79684675,0.53317416,0.5519662,0.9622642,1.0,1.0,0.5519662,0.5519662,0.4132406,0.4946819,0.6202137,0.03507860650097747,0.0037317229701690174,0.0031488686103039397,0.0050883695664457225,-0.0009530322314049611,0.002008859117836935,-0.0004193985497099234,0.004765296670911128,0.006141768051437369,0.0,0.0,0.0,0.004651277137539846,0.0054616517064897865,-0.001489111986580684,-0.00015289811249431253,0.005366292959253276
0.7912241,0.7163509,0.79276985,0.9410746,0.83536357,0.9,0.9,0.4484684,0.46208227,0.9622642,1.0,1.0,0.46208227,0.46208227,0.17449045,0.6435707,0.6212137,0.014140123459343823,0.002270302918402495,-0.004501009225170217,-0.005143442555486779,0.002155340844092417,0.0026194472991120077,0.0035832579443243295,0.0018964595375703605,0.005877079886197953,0.0,0.0,0.0,0.005178800206435435,0.002480375907304223,-0.009609271359881625,-0.01124454494364676,0.007297330171460037
0.90305394,0.7655489,0.68503124,0.9463495,0.7160652,0.9,0.9,0.41729197,0.43448505,0.9622642,1.0,1.0,0.43448505,0.43448505,0.3019905,0.53468186,0.49121362,0.03755966261572903,0.002363319214376103,0.001832485782604283,-0.006926407344243906,-0.000133642141409233,0.000995532514637758,0.004439742427549424,5.889640097037917e-05,0.004056562803343539,0.0,0.0,0.0,0.0032014363070071365,0.00035621891719082724,-0.0033121314125144543,-0.003126636389761026,-0.00042853157091811547
0.9231587,0.9310345,0.26089352,0.25606218,0.25606218,0.9,0.9,0.5449389,0.56166655,0.9622642,1.0,1.0,0.56166655,0.56166655,0.5719905,0.3624596,0.6692137,0.026326284358258945,0.0033880967215863776,0.01224795348084564,0.012827117845137272,0.0038046835250012357,0.0023654073103911307,0.003329805458705739,0.002184469655819691,0.0030595886445422354,0.0,0.0,0.0,0.001982008467982879,0.004930339039387458,0.0028998218702969846,0.003323199746071817,0.0045151370382742525
0.90573466,0.71043587,0.8582516,0.9444444,0.9444444,0.84684366,0.7696535,0.43023312,0.45338255,0.9622642,1.0,1.0,0.45338255,0.45338255,0.3019905,0.57912636,0.49721366,0.034191077500228435,0.0020560928907795944,-0.009616119202626186,-0.0047374107634175445,0.0011141453673215603,0.00029693368345468617,-0.00349362542985292,0.0021636126649890214,0.006068434251978663,0.0,0.0,0.0,0.005483990211123755,0.0026620903379478795,-0.0037024519090503084,-0.00672350079052446,0.0005192663034642969
0.8752568,0.6782398,0.9307994,0.9135624,0.9444444,0.9,0.5976333,0.68964475,0.69806796,0.9622642,1.0,1.0,0.69806796,0.69806796,0.61824054,0.70023745,0.5402137,0.024502710140073995,-0.0004982641675931649,-0.01210815626118205,-0.0024281585376190774,-0.0001274056658951987,0.0020049561180467057,-0.020074060712459985,0.007861005093677782,0.0027652930948431115,0.0,0.0,0.0,0.0010939766743439474,0.008625084001921739,0.002909705144927195,-0.013127454933702787,0.0011453142174343914
0.77199334,0.6857059,0.5193749,0.9444444,0.9928678,0.7400306,0.9,0.2808214,0.30028638,0.9622642,1.0,1.0,0.30028638,0.30028638,0.4607405,0.38468182,0.3242136,0.0023603064033722275,0.0007118629795845703,0.009245529206383284,-0.010439764362898079,-0.006610587773262963,1.569028653020001e-05,0.0021531058923031144,-0.011263011024426485,-0.01178133319767569,0.0,0.0,0.0,-0.008660280387954343,-0.017800775399065286,0.0009159142428478439,0.010285156178667794,-0.019251508275200294
0.6140096,0.282016,0.8151091,0.80001444,0.8919818,0.9,0.9,0.5514098,0.5673742,0.9622642,1.0,1.0,0.5673742,0.5673742,0.50199056,0.46801513,0.6062137,-0.0331225865866357,-0.023458392222738947,-0.004389416233785023,0.0033343875999820977,-9.914243659075738e-05,0.0012085257405091933,0.004625679976160953,0.007019302102651238,0.010174931194625269,0.0,0.0,0.0,0.007951118202670283,0.010609994985231283,0.0014930585201784602,0.0020976916019362873,0.007922733631866878
0.75987214,0.47063264,0.85488623,0.839055,0.8702038,0.9,0.9,0.51964504,0.53565353,0.9622642,1.0,1.0,0.53565353,0.53565353,0.2707405,0.6569041,0.58021367,-0.0003191101503575,-0.008121885783788864,-0.008801618802817254,0.001368260709695695,0.001091905716655871,0.0014811431969760677,0.004389732921346242,0.006058856084092661,0.009669763435635435,0.0,0.0,0.0,0.007870493790911433,0.008277638919254605,-0.005633062366394592,-0.013499138412358239,0.005367204597910879
0.779103,0.8231785,0.81271774,0.9444444,0.9928678,0.7400306,0.9,0.5349388,0.54824495,0.9622642,1.0,1.0,0.54824495,0.54824495,0.3019905,0.56245965,0.6742137,0.009994705203212018,0.004978066176297515,-0.004390479842960988,-0.0022472213289393946,-0.000944646018428752,-0.004276078352832885,0.005141581310461761,0.004883095194761216,0.0064959433562278126,0.0,0.0,0.0,0.005407473680509411,0.00610676049759009,-0.005605151170821514,-0.0038889209885974284,0.009266491212605959
0.8450703,0.75950354,0.7621563,0.9166222,0.8865218,0.9,0.9,0.42729175,0.44488138,0.9622642,1.0,1.0,0.44488138,0.44488138,0.42574054,0.48801517,0.45121366,0.020932658115075036,0.0030952258803421434,-0.0027846498359027543,-0.004212107044039599,0.001210441573541222,0.0004921003238494954,0.0031619559315653784,0.00033314850198570855,0.004015542836710091,0.0,0.0,0.0,0.003549980671618671,0.00011253623888435954,-7.037043155959046e-05,0.0011154227457538016,-0.0038545386288615126
0.71016353,0.67211795,0.68463844,0.9166222,0.9444444,0.9,0.7295906,0.59729195,0.61504656,0.9622642,1.0,1.0,0.61504656,0.61504656,0.42574054,0.5135708,0.6742137,-0.001448734148075186,0.0005355539449302516,0.0015969281516367384,-0.0023868283662872693,-0.0007663187719465398,0.0011984982399908277,-0.00695883114905623,0.008673131857356043,0.009081924201785656,0.0,0.0,0.0,0.005164089608999112,0.010626469953929045,-0.00027572007211133586,-0.0013768836793571393,0.011181855976754824
0.9231587,0.9310345,0.33839938,0.33213273,0.33213273,0.9,0.9,0.62376267,0.63519967,0.9622642,1.0,1.0,0.63519967,0.63519967,0.6744906,0.36468178,0.70521367,0.02575063983081759,0.0035723253532189015,0.011719196035633372,0.010249853369760763,0.001729577654707122,0.0015347677210097337,0.0031640686714970974,0.0026698839840756305,0.002754838455493554,0.0,0.0,0.0,0.0010906244235371777,0.007365101236344691,0.0050379335355074375,0.0033891044184859525,0.004946756351710455
0.9231587,0.9310345,0.41463456,0.40695614,0.40695614,0.9,0.9,0.74670374,0.75100154,0.9622642,1.0,1.0,0.75100154,0.75100154,0.39324057,0.7124597,0.8802137,0.02473608135514571,0.00445913582636736,0.008342379351836331,0.0055999998881813996,-0.002944152741361892,0.0028336406204065023,0.004820439604725376,0.0021647737498485626,-0.0040955805417226526,0.0,0.0,0.0,-0.0015161954648878224,0.005346995029451426,-0.0026013286792761804,-0.007660400044200006,0.007526684295268795
0.76342696,0.6086259,0.87184376,0.9928678,0.9444444,0.9,0.79354715,0.6761154,0.6937817,0.9622642,1.0,1.0,0.6937817,0.6937817,0.46199048,0.6746819,0.6342137,0.008521941044406338,-0.0016201822348271442,-0.008069175371081212,-0.004754977425693687,0.0006853842460191761,0.002300519227216834,-0.0020106870306257248,0.009688556220082361,0.007477948562529237,0.0,0.0,0.0,0.0045488936501219155,0.011854354173797807,0.0003215961842588579,-0.012303847906671177,0.006779412985498175
0.8992078,0.63699883,0.87854075,0.9444444,0.9762011,0.98716205,0.9,0.72082114,0.73064554,0.9622642,1.0,1.0,0.73064554,0.73064554,0.6282406,0.5080151,0.64621365,0.03214266419690014,-0.00032069820114571766,-0.007415459130992574,-0.002090337263551726,0.0011205356230877153,0.00482669132369229,0.0053604001903659925,0.006214436064834603,0.0044287425046448245,0.0,0.0,0.0,0.0006959705023466548,0.009638743962316445,0.0025009889648003937,-0.001086842060276656,0.005996894776922212
0.9231587,0.9310345,0.17769554,0.17440487,0.17440487,0.9,0.9,0.2749389,0.2871563,0.9622642,1.0,1.0,0.2871563,0.2871563,0.59449047,0.073570676,0.5272137,0.02702702531202266,0.003990765590099343,0.014871898696137158,0.029804949738012045,0.003144801955084308,0.001781732216045864,0.0033234667885299564,-0.0009909829643929401,0.00043733624521628134,0.0,0.0,0.0,0.00150829321731817,-0.01132611756484453,0.002380518256949742,0.012224145956746537,0.0021292581376817265
0.7071913,0.5307024,0.7561425,0.9444444,0.9015216,0.7400306,0.9,0.3667038,0.38644275,0.9622642,1.0,1.0,0.38644275,0.38644275,0.14699054,0.43023735,0.6112137,-0.013299940102698669,-0.004160034351852348,-0.0020712440416341283,-0.007356122602737912,-4.304130760003574e-05,-0.0017773950003996464,0.0021423538147755466,-0.002823845082056669,-0.00038118277306807585,0.0,0.0,0.0,-0.0007232888881466014,-0.004926371325094194,-0.01601858397015556,0.0056694953281342,0.00944307659854274
0.5939049,0.59007376,0.9112767,0.8944012,0.9444444,0.9,0.56909835,0.53788006,0.549525,0.9622642,1.0,1.0,0.549525,0.549525,0.65449053,0.4502374,0.5452136,-0.04154796311009752,-0.0030822680706897847,-0.009945055161096816,-0.0039240643416115885,-0.0016466146047159425,0.0006359809229102135,-0.023962827346516495,0.005136054140622919,0.005991255695512798,0.0,0.0,0.0,0.004214676987500322,0.006049813822167588,0.0021961814767681945,0.004706088183549855,0.0018767237599204853
0.8918068,0.6713662,0.8240115,0.9444444,0.78493845,0.957162,0.9,0.5431741,0.5617169,0.9622642,1.0,1.0,0.5617169,0.5617169,0.53574055,0.49468178,0.6612137,0.02519547458817513,0.0009734544987777211,-0.005882355842609948,-0.002552279095757353,0.0004969547897901436,0.003608968084358449,0.006458592306294446,0.004575665035361543,0.004258654178844092,0.0,0.0,0.0,0.0034788721395631224,0.005059984254430919,0.0009987060127976738,0.0003888499509155199,0.005577311193873328
0.85690004,0.82111806,0.76405114,0.77950794,0.87387097,0.9,0.9,0.22670364,0.25083816,0.9622642,1.0,1.0,0.25083816,0.25083816,0.3069905,0.26023737,0.43421364,0.028869710371013116,0.004932507556458326,-0.0038782454757741473,0.004026349657194741,0.0005780379861704614,0.0019283689550942799,0.002348521744758251,-0.015423389709197668,-0.0164588039921047,0.0,0.0,0.0,-0.013495355451587403,-0.0207193837308839,-0.005755389447421438,0.014952694935378678,-0.0059854193334374205
0.91872984,0.5019603,0.72668874,0.83242196,0.74622256,0.9,0.9,0.5861154,0.5960947,0.9622642,1.0,1.0,0.5960947,0.5960947,0.58699054,0.5324597,0.5752136,0.02675373223731736,-0.003894506582793959,-0.003030399926467733,-0.000366484124985906,0.000981333671002768,0.0021438197332311537,0.00374380450934179,0.005064007027022432,0.005508509495453031,0.0,0.0,0.0,0.0038246054030635123,0.0065997787868758,0.0012030808198062678,-0.0015598013660295844,0.0027949128393135823
0.6101635,0.6723382,0.6906556,0.9444444,0.9928678,0.6499269,0.9,0.63729185,0.654158,0.9622642,1.0,1.0,0.654158,0.654158,0.5319905,0.5735707,0.6542137,-0.028854483443461053,0.0006891641875616587,0.0011751018942355149,-0.0030442263755965466,-0.0007029401011105249,-0.007792216446517853,0.00604385061777148,0.007687678575588428,0.0065276985532044226,0.0,0.0,0.0,0.004160574442461077,0.00966897846142944,0.001979040197547963,-0.005465934710441052,0.008412247214888962
0.71016353,0.6723547,0.8262102,0.94615734,0.82545376,0.9,0.9,0.3543506,0.37049216,0.9622642,1.0,1.0,0.37049216,0.37049216,0.43949056,0.406904,0.44621363,-0.01719582499111922,0.00045046664398571345,-0.009097667873975144,-0.01315452808258596,0.0022761227151536214,0.0008433116044291772,0.0018674630943369375,-0.005912170803811686,-0.003375173512491009,0.0,0.0,0.0,-0.002345018634063247,-0.006938242325452018,0.0004485740366285737,0.008341294351007712,-0.004479746061049203
0.521702,0.62013954,0.7811797,0.76671344,0.9444444,0.9,0.59946823,0.5031742,0.5178313,0.9622642,1.0,1.0,0.5178313,0.5178313,0.6257405,0.406904,0.51721364,-0.06362935635253514,-0.0013305453945016065,-0.002275180498445452,0.0034553217137485324,-0.0040131545502559585,0.00023999662601186162,-0.01733604598172519,0.004317474800618858,0.006693989495812685,0.0,0.0,0.0,0.005854249185509821,0.005712593995510324,0.0038209135359719855,0.007664624435469367,0.0006152150930762131
0.9231587,0.9310345,0.39447394,0.38716885,0.38716885,0.9,0.9,0.7108215,0.72152174,0.9622642,1.0,1.0,0.72152174,0.72152174,0.5057405,0.7269041,0.61221373,0.028694451811820523,0.004641755458931508,0.009355585102168374,0.011057599444039602,0.0003899034934113008,0.0022305339518108075,0.005141929487474133,0.005148612259915835,0.0008349177369293196,0.0,0.0,0.0,0.00018901955948852022,0.009042898279531824,0.0010313808611788105,-0.010144907696547046,0.003555430013179777
0.48679522,0.71042025,0.7323218,0.9444444,0.9928678,0.79354715,0.9,0.25258592,0.26787746,0.9622642,1.0,1.0,0.26787746,0.26787746,0.42574054,0.29690403,0.46721363,-0.09103787889603682,0.002350387156121121,6.431912626882294e-05,-0.009735548039023852,-0.003959941360076393,0.0009288214045138656,0.002599528987129632,-0.016438814047766485,-0.017560875537901907,0.0,0.0,0.0,-0.013546128341378591,-0.022371019295320344,-0.0008702970269052844,0.019484224435218547,-0.004813186097225625
0.87613076,0.83756226,0.7559816,0.741982,0.9444444,0.9,0.80964357,0.48670354,0.5019631,0.9622642,1.0,1.0,0.5019631,0.5019631,0.5632406,0.22245958,0.7032137,0.02683801903059428,0.00315341181596618,-0.00016146385935468326,0.004340060698109889,-0.0005325374083884229,0.0022478556597251213,-0.0019491354586522079,0.005167013610131357,0.006821844177783714,0.0,0.0,0.0,0.006038173063313928,0.005540247287294298,0.003494113282025052,0.010515545753630562,0.011551664161368255
0.63353175,0.6577255,0.7599363,0.9444444,0.9166222,0.957162,0.9,0.41611537,0.4376122,0.9622642,1.0,1.0,0.4376122,0.4376122,0.45699048,0.54357076,0.3822136,-0.03784435225953994,-7.857077237103119e-05,-0.0013779098884446075,-0.0118943389902873,-0.0012941486673384976,-0.0005679676523037824,0.0028102417294220993,-0.0024347063490923995,0.0011400193421996104,0.0,0.0,0.0,0.0013633500958295007,-0.0020213081284363044,0.00046322469897000686,-0.003837465813362808,-0.012323433258218204
0.75276256,0.76601946,0.7561363,0.9444444,0.80974644,0.7404855,0.9,0.63846827,0.6531009,0.9622642,1.0,1.0,0.6531009,0.6531009,0.40824056,0.5291263,0.7722137,-0.0005612939275332551,0.00257757271700163,-0.0013899323090703101,-0.0012855953662024371,0.0015109925344809426,-0.0042106722381523645,0.00496409038814234,0.005508959555487533,0.004113981615121175,0.0,0.0,0.0,0.002732891966913243,0.0068308474032194935,-0.0014589773421586022,-0.002078064852229153,0.010360748204640464
0.81843853,0.81457967,0.62706083,0.9444444,0.7131846,0.84992,0.9,0.63552713,0.6496582,0.9622642,1.0,1.0,0.6496582,0.6496582,0.3019904,0.7035708,0.69321364,0.020616529611133937,0.003777607171289566,0.00305466756927531,-0.0025322724068558254,0.0017131717092338198,0.0010207579757934488,0.005264727443851067,0.009292116180257106,0.00756677507348794,0.0,0.0,0.0,0.0054217320369792585,0.010266746716236372,-0.004497374837544484,-0.013576717426894607,0.009290952571859197
0.80276257,0.78289807,0.79068375,0.9463495,0.8981685,0.9,0.9,0.50199777,0.5140671,0.9622642,1.0,1.0,0.5140671,0.5140671,0.48199052,0.39801514,0.64621365,0.013981653033285291,0.0028729811833274866,-0.003926126026127769,-0.0032465417238099026,0.0003017760220628675,0.0005033626412392943,0.005279976754011837,0.00684854366666297,0.008905687229820434,0.0,0.0,0.0,0.007480891886283782,0.0069392067179523745,0.0008913246755128362,0.004449304377577745,0.008526414559224087
0.59804237,0.70274603,0.8563749,0.9444444,0.9444444,0.957162,0.8939343,0.35140947,0.37082878,0.9622642,1.0,1.0,0.37082878,0.37082878,0.2607404,0.53468186,0.39721364,-0.05027337048699544,0.002500740932709211,-0.009182842712881252,-0.011587621647631132,-0.0023445433470797245,-6.549378822463708e-05,0.0019197106642912492,-0.007526862948092658,-0.005531741549422384,0.0,0.0,0.0,-0.004221587461408497,-0.008873954375914657,-0.009444750636004947,-0.005253061929629182,-0.01185862180924885
0.85247123,0.6167541,0.8866493,0.8702299,0.9463495,0.9,0.9,0.41788012,0.43595582,0.9622642,1.0,1.0,0.43595582,0.43595582,0.45074052,0.40134853,0.50121367,0.022050009288500125,-1.7252933157021113e-05,-0.01230448707034829,3.840751098295077e-06,-0.0010662003242936976,0.0004539144543543763,0.006601633858408464,0.0009467309163807467,0.004328531335080654,0.0,0.0,0.0,0.00447696928174065,-0.00014268382570296924,0.00020507452385078574,0.006510384657795953,-0.0004331438365984143
0.8415155,0.81457967,0.81240225,0.7973578,0.9762011,0.9,0.9,0.8019978,0.8120574,0.9622642,1.0,1.0,0.8120574,0.8120574,0.7657405,0.70912635,0.5652137,0.01874405757742324,0.004186114557653885,-0.005727370082207478,0.0009752477408614061,0.0006279567502828266,0.0025479925089557797,0.005357610278286744,0.006181692318167228,8.165590730323954e-05,0.0,0.0,0.0,-0.0021484519781364607,0.009632310386795163,0.004376145447829278,-0.011909322883682263,0.002608988906596747
0.89064145,0.5403146,0.9038755,0.88713706,0.9410746,0.9,0.9,0.5184683,0.5337266,0.9622642,1.0,1.0,0.5337266,0.5337266,0.37574053,0.44357067,0.7452137,0.025877058782835624,-0.0023418170517911247,-0.011108597172943118,-0.0005268216494084077,0.001810098215358169,0.002393788542765809,0.0037494334039585332,0.003942548322213657,0.006280834721771329,0.0,0.0,0.0,0.004953833787393171,0.005278079916426541,-0.0018119202940692267,0.003759787753150329,0.011033036414610668
0.8409327,0.7961933,0.77509546,0.9444444,0.9762011,0.8939343,0.9,0.27729192,0.29352027,0.9622642,1.0,1.0,0.29352027,0.29352027,0.4582405,0.2835707,0.46821356,0.019579703450033906,0.003620725586508884,-0.004362807174674896,-0.008607921428117052,-0.00020382706086066572,0.0013000476969492309,0.002135257726581607,-0.011619370620854186,-0.011190643156170209,0.0,0.0,0.0,-0.009925460811098383,-0.015316096118353212,0.0008868447988107941,0.015060540595641181,-0.0033748020380918904
0.9145923,0.7961933,0.8503745,0.8774688,0.7517086,0.9,0.9,0.36082122,0.37338632,0.9622642,1.0,1.0,0.37338632,0.37338632,0.6569905,0.36468178,0.45221367,0.0387672977842943,0.0019796041341596116,-0.008441258822784207,-0.0019009747706403798,0.00016976014311275431,0.0009647104265239563,0.00382417196158519,-0.005916827646547828,-0.0015120913713480726,0.0,0.0,0.0,-0.0020454304378259873,-0.006794956207669678,0.0014641080528288999,0.009854241569293112,-0.0037912712498885353
0.9231587,0.9310345,0.3059252,0.3002599,0.3002599,0.9,0.9,0.61199784,0.62392956,0.9622642,1.0,1.0,0.62392956,0.62392956,0.4632405,0.62468183,0.64621365,0.02901699878932227,0.0036249234820663182,0.014481774652354215,0.01326986934846776,0.0018082050569893093,0.00266420791290539,0.004552930091577044,0.004127348499201684,0.0031727441285339464,0.0,0.0,0.0,0.0020657260138580123,0.0067344038444017125,-0.0003175503795183453,-0.005237394416052027,0.004335921881479638
0.75247115,0.51602316,0.8787467,0.9444444,0.9463495,0.957162,0.9,0.4172921,0.4359847,0.9622642,1.0,1.0,0.4359847,0.4359847,0.57449055,0.34801516,0.6292137,0.0015236944255298556,-0.005711490073703762,-0.00739152487639243,-0.006803022538719911,0.00038235053795499776,-0.0005164328681691966,0.0040133852253565905,-0.0001255853935901233,0.0031229188334948726,0.0,0.0,0.0,0.0033754451295667036,-0.0004380768492332104,0.0018946907422257187,0.011377157869538903,0.008656198881552885
0.9231587,0.9310345,0.24475504,0.24022254,0.24022254,0.9,0.9,0.50611544,0.51632977,0.9622642,1.0,1.0,0.51632977,0.51632977,0.6307405,0.3946818,0.5112136,0.024396282328958362,0.0031509425295969218,0.013167198144485713,0.01732016153028983,0.0035310997583075016,0.0017725424173076756,0.0033471891011773625,0.0032014141467291706,0.004313818709283216,0.0,0.0,0.0,0.003843336383127921,0.0038531060945786576,0.003937547535902126,0.0035906104069372176,0.0007812358079327665
0.89093274,0.81833917,0.57077,0.9928678,0.52673036,0.9,0.9,0.7461155,0.7579981,0.9622642,1.0,1.0,0.7579981,0.7579981,0.7657405,0.5313485,0.66921365,0.024920609910646728,0.0032194942033925,0.005885291762357561,-0.0034650325845991736,-0.0013158683404363753,0.0021647580036200276,0.005355888172588908,0.0056257844808551335,0.0021349161698785177,0.0,0.0,0.0,0.0024918168161449736,0.008385835400606879,0.005483558291381707,-0.002220801972195226,0.005289523110977907
0.9148837,0.87604517,0.5993965,0.5882966,0.9928678,0.9,0.9,0.33082122,0.35029456,0.9622642,1.0,1.0,0.35029456,0.35029456,0.3019904,0.32579294,0.55421364,0.033169164187852054,0.003055987893504997,0.005175235598685293,0.00693393054153236,-0.0028570489786083307,0.0012973858230625746,0.003980667146906822,-0.0004436791107492685,0.0032499953243525725,0.0,0.0,0.0,0.002077991237983192,-0.004950925672670864,-0.0061615704615878494,0.005969416050113979,0.003344293853863908
0.5178558,0.68238485,0.8545686,0.9928678,0.842357,0.9,0.9,0.27670366,0.29093707,0.9622642,1.0,1.0,0.29093707,0.29093707,0.46199054,0.25912634,0.44621363,-0.0722658627097214,0.00201435144972346,-0.010594834396080926,-0.017736825220921047,-0.0003584463979389278,-9.174064257138634e-05,0.002361169181999189,-0.014483881486955539,-0.015321237441291451,0.0,0.0,0.0,-0.011588032535948757,-0.01907824484286895,0.00038170581810238947,0.02174335269163312,-0.005725177332023711
0.42467406,0.63474107,0.8210579,0.8058531,0.9444444,0.9,0.8408965,0.5102329,0.5245552,0.9622642,1.0,1.0,0.5245552,0.5245552,0.45199054,0.47468174,0.5912137,-0.09483178794849238,-0.0020179398707946706,-0.00447392981746494,0.003940459965093141,-0.0039615559765940386,0.0005543945233767225,0.00042877930816303503,0.004657449237023405,0.007085667128242943,0.0,0.0,0.0,0.006483471106303758,0.00611207176981045,0.00028745032815642594,0.0023636793350731784,0.005908121724196889
0.8953616,0.8242123,0.7270182,0.8819039,0.72599375,0.9,0.9,0.38611534,0.40173948,0.9622642,1.0,1.0,0.40173948,0.40173948,0.42574054,0.27245957,0.5602137,0.03582125812427664,0.0020375314601479254,0.0011294137350918866,0.00010212681453525995,0.0007143518416594589,0.0011487930555355186,0.004528837174877252,-0.0006712164888452462,0.003413922203940682,0.0,0.0,0.0,0.00249209269467683,-0.0020867043913380635,-0.0011341232463638335,0.010772726986073917,0.004134619405124861
0.9069001,0.9471367,0.48987934,0.9444444,0.48080748,0.9155655,0.9,0.79376245,0.7921926,0.9622642,1.0,1.0,0.7921926,0.7921926,0.60824054,0.46245956,0.93421376,0.029036739228392793,0.005255514265868831,0.007620388144341131,-0.002657582749288312,-0.002464225372626555,0.0032314298053917477,0.004503482733241368,0.005190854854276997,-0.0003529256380211373,0.0,0.0,0.0,0.0031421163204593525,0.009783141747353565,0.0038949956973881304,0.0012595705523717204,0.01227422837304606
0.7412241,0.74106884,0.63727826,0.92365605,0.9444444,0.9,0.7163665,0.27317417,0.28962964,0.9622642,1.0,1.0,0.28962964,0.28962964,0.32074046,0.31023735,0.47221357,-0.0030501178942066386,0.002609503305754593,0.0037605276380388492,-0.009653725614761868,-0.0034967726965116665,-0.00010176155130470831,-0.005320968480275412,-0.011813920142326744,-0.011312479258655703,0.0,0.0,0.0,-0.00865191176102522,-0.015019459459229476,-0.003783015196134117,0.012617613469248177,-0.0032831088725299206
0.8021798,0.6411592,0.8026111,0.9444444,0.9444444,0.7564954,0.6197872,0.6172919,0.6338472,0.9622642,1.0,1.0,0.6338472,0.6338472,0.44699055,0.6246819,0.6722137,0.019071615274383967,2.2613848066182565e-05,-0.004840378091623155,-0.003611043958702653,0.0001759764177475959,-0.002519732729066114,-0.015107313656111015,0.008731752746746679,0.007490217734061417,0.0,0.0,0.0,0.004902078711131375,0.010611081984224004,0.00027886206794143346,-0.010850123676599594,0.008432829821854098
0.88353175,0.75796396,0.7469564,0.9762011,0.80535936,0.9,0.9,0.35493883,0.37667605,0.9622642,1.0,1.0,0.37667605,0.37667605,0.30949044,0.38690397,0.53421366,0.03184214895196284,0.0030617050652868892,-0.0015126900267315706,-0.008566243534443145,0.0012956113117838447,0.0010812501451110906,0.002512720894262026,-0.004647842956521657,0.00022334481773000737,0.0,0.0,0.0,4.771927943393033e-05,-0.0046070252652891525,-0.0037693003411037674,0.007630611099913254,0.0016082644073274605
0.8030539,0.8243242,0.62266994,0.9444444,0.64233744,0.84992,0.9,0.5814096,0.593632,0.9622642,1.0,1.0,0.593632,0.593632,0.44449055,0.60690415,0.6302137,0.01250291599247773,0.0041358725463529885,0.004387477136952102,-0.003543889573951685,0.00025932669663396567,-0.00027604159240136606,0.0050688947012206146,0.008903433332752524,0.00891651972648224,0.0,0.0,0.0,0.006955072782577998,0.009641158891511478,-4.068003442424424e-05,-0.008413130147682482,0.007027312234109105
0.76400965,0.672725,0.7259345,0.9444444,0.9928678,0.6503008,0.9,0.4214096,0.4319159,0.9622642,1.0,1.0,0.4319159,0.4319159,0.3644904,0.5702374,0.47321358,0.0002557535726333704,0.0017678875676297161,-0.0014016951364175028,-0.007038374183735893,-0.0017512056702109957,-0.00902766274248502,0.004695675717649621,-0.00022960369509930414,0.002191789980322937,0.0,0.0,0.0,0.0022787019910791386,-0.0015715590568294573,-0.003175947673848889,-0.005526242544405066,-0.0024360232366227976
0.9231587,0.9310345,0.09677523,0.09498309,0.09498309,0.9,0.9,0.38023308,0.3988935,0.9622642,1.0,1.0,0.3988935,0.3988935,0.4894905,0.48468176,0.3822136,0.02556149797016631,0.0033562438224690495,0.017439847697803563,0.028350350874601152,0.004499874687735768,0.0015524000571922104,0.0036249048942873607,0.0014134194731531228,0.004374020206689749,0.0,0.0,0.0,0.004083364177136461,-0.0035903374323381153,-2.983943782772433e-05,0.0006034679352730662,-0.004448371013399033
0.77525675,0.62947774,0.82259923,0.9444444,0.9444444,0.6084952,0.787427,0.69435066,0.7134692,0.9622642,1.0,1.0,0.7134692,0.7134692,0.5844905,0.57912636,0.6842137,0.002332846121795393,-0.0015732212268667425,-0.0066282148139695666,-0.0020795343667073334,0.0012262341399085998,-0.01200263948247115,-0.004848308974798239,0.0045245363364137476,0.0018371105378921493,0.0,0.0,0.0,0.0007559577697138473,0.007135292102715946,0.002752897322230838,-0.005765340170212645,0.005858327888219608
0.7255481,0.7485686,0.8655965,0.9762011,0.89816934,0.9,0.9,0.69788015,0.709049,0.9622642,1.0,1.0,0.709049,0.709049,0.6132405,0.57912636,0.67921364,-0.0007103088012897274,0.002791477874420883,-0.008471452486631533,-0.004010705006832452,0.0016774298501960416,0.0026643052651590437,0.005153025774484566,0.007296300460594136,0.003966952841885122,0.0,0.0,0.0,0.002267596998041382,0.009185321977416491,0.003214536806760694,-0.005846750409446902,0.00789915551806849
0.9231587,0.9310345,0.3295324,0.32342997,0.32342997,0.9,0.9,0.6819978,0.68843,0.9622642,1.0,1.0,0.68843,0.68843,0.48199052,0.60468185,0.7582137,0.02557091787367223,0.00309512389195556,0.012025176352190558,0.009929153117184616,0.0003600834754332332,0.0026034234143803587,0.002774655007734831,0.0033273778307043346,0.0006163633720911128,0.0,0.0,0.0,0.00033526494888993824,0.008030006232833484,0.000497793805003302,-0.0045432239178550835,0.006436250805002117
0.9219933,0.7825815,0.7739541,0.9444444,0.8464535,0.7564954,0.9,0.65964484,0.6748383,0.9622642,1.0,1.0,0.6748383,0.6748383,0.5932405,0.4602373,0.7452136,0.030674123952008966,0.0030334424068140177,-0.003567697068018903,-0.0010228441611083471,0.001535861533290169,-0.003546862540248079,0.0041805760480387345,0.005532266554022823,0.003937310458358878,0.0,0.0,0.0,0.003318283105204091,0.008939884527902571,0.0026665249753773366,0.001135600469424272,0.008679617393143619
0.78737795,0.7825815,0.7562483,0.9928678,0.8819039,0.9,0.9,0.5114093,0.530316,0.9622642,1.0,1.0,0.530316,0.530316,0.52449054,0.5113485,0.5162136,0.01503109927855058,0.0035239298264421555,-0.002525560344430137,-0.007729787828556416,0.00085758863987865,0.0013140984631417666,0.006088858522355415,0.007433006876555891,0.009120611873472047,0.0,0.0,0.0,0.007663399891362613,0.007853505754387485,0.0009971843192902593,-0.0031402997511510333,0.0021137442730614834
0.59477895,0.82111806,0.7787292,0.94465274,0.9444444,0.9,0.84992,0.27082106,0.2910931,0.9622642,1.0,1.0,0.2910931,0.2910931,0.43074054,0.27912617,0.44321364,-0.05147959913537234,0.0042402647595685015,-0.005329913653170324,-0.013771521563011677,-0.0028490238969188977,-0.00024604738841143615,0.00035400496773432756,-0.01611479089487638,-0.01502464785136327,0.0,0.0,0.0,-0.011927197888521373,-0.01847005137161255,-0.00048115424725428657,0.018909429084521104,-0.006923659961740167
0.56727314,0.5136556,0.8415507,0.9444444,0.9410746,0.84684366,0.9,0.42788002,0.44644848,0.9622642,1.0,1.0,0.44644848,0.44644848,0.25199044,0.66579294,0.5052136,-0.05739482565985148,-0.00849686442926421,-0.007000857328089614,-0.011538434709429099,-0.0022695040462936246,0.0005634770576806672,0.0038586842405125984,0.0001308064549342197,0.0035974949017191804,0.0,0.0,0.0,0.003169296601627266,-0.00045792719012185626,-0.007460619403910303,-0.01773625048493704,0.00021801313863490504
0.9231587,0.9310345,0.4166391,0.40892357,0.40892357,0.9,0.9,0.8061153,0.8090197,0.9622642,1.0,1.0,0.8090197,0.8090197,0.57699054,0.68579304,0.7962137,0.031723553798159033,0.0051443839822944235,0.010578638539660385,0.010227759400810676,-0.0016857219314968018,0.0027062242870469844,0.0032233523395310422,0.0051917376615345364,-0.0009061563262852243,0.0,0.0,0.0,0.0007075750704680952,0.009836299462934817,0.003503983597881389,-0.008623337711623831,0.007968390322233013
0.57910293,0.26411214,0.72657907,0.9444444,0.9444444,0.957162,0.25530842,0.55376244,0.56883997,0.9622642,1.0,1.0,0.56883997,0.56883997,0.49074048,0.44579282,0.6602137,-0.04710972477496263,-0.017658378604600043,-0.00016104095469591972,-0.00847605574768679,-0.004269243126875744,1.3418131692963589e-06,-0.0551724231964798,0.00589463101845156,0.007136041202439056,0.0,0.0,0.0,0.004918373428489081,0.008136843764441399,0.0009514001595477178,0.004682822551135225,0.009251760956425393
0.7971684,0.39589822,0.9878877,0.9444444,0.9762011,0.7402578,0.9,0.5355274,0.55140257,0.9622642,1.0,1.0,0.55140257,0.55140257,0.5182406,0.5057929,0.58521366,0.013756291356118878,-0.009351435959868563,-0.018296015257125806,-0.002424956861730918,0.0006143135821398362,-0.005045870884229292,0.0033497549369172763,0.005250636236480349,0.007534875415535055,0.0,0.0,0.0,0.006164936605452993,0.00874558106734858,0.002097946501828743,-0.0014154380725711335,0.004796622588938438
0.7989164,0.52029675,0.8415507,0.9444444,0.885304,0.84992,0.9,0.25964478,0.2825318,0.9622642,1.0,1.0,0.2825318,0.2825318,0.2819904,0.29690415,0.5272136,0.005371295860523002,-0.005338941919962592,-0.010682431588972731,-0.010828896254075637,0.0008675429061113782,0.00019153772094569448,0.0035751090074150602,-0.014351473152282272,-0.016157532508433558,0.0,0.0,0.0,-0.01327253244429348,-0.019659264587457103,-0.007001049661613018,0.01492245842151789,0.0024016361771229205
0.814301,0.7681417,0.77028203,0.8448195,0.9444444,0.9,0.74253696,0.3084683,0.32109097,0.9622642,1.0,1.0,0.32109097,0.32109097,0.5257405,0.27245957,0.4372136,0.016512733421474066,0.002686736957218958,-0.0030079325285992074,0.00036315576663515736,-0.0013916809956713444,-9.728418048637933e-05,-0.005233952856277623,-0.008529083005551736,-0.006030312657535589,0.0,0.0,0.0,-0.005229204984520924,-0.010918474498387334,0.002860914580368943,0.01465062051883243,-0.005883403947264313
0.9231587,0.9310345,0.35312006,0.3465808,0.3465808,0.9,0.9,0.72788,0.74294794,0.9622642,1.0,1.0,0.74294794,0.74294794,0.4394905,0.8769041,0.63521373,0.031479582419520764,0.005663764284818041,0.014830490948960157,0.014695369051241176,-0.00042112491297086713,0.002954993897501534,0.004113802662363116,0.006609943817451571,0.0018561673394484393,0.0,0.0,0.0,0.001474661155883709,0.010343502690797186,-0.0007027960141474862,-0.019209869121367386,0.00473853305907063
0.90660864,0.6273414,0.8128512,0.856965,0.849657,0.9,0.9,0.5196448,0.5380161,0.9622642,1.0,1.0,0.5380161,0.5380161,0.24074042,0.5135708,0.7722137,0.03714342932417491,0.000903749863972329,-0.005031225768287404,0.0002449617662267402,0.001353275514208054,0.0022110596986559365,0.004562429460907363,0.004512178333478504,0.006179627816370001,0.0,0.0,0.0,0.004640586390927903,0.00550499596693621,-0.0074188229069959265,-0.0011814799043360993,0.01187786922949286
0.6640097,0.68238485,0.73575616,0.9444444,0.7517439,0.65963864,0.9,0.29493892,0.31141096,0.9622642,1.0,1.0,0.31141096,0.31141096,0.35699046,0.31023735,0.47321367,-0.023835533468653587,0.0020675268270975706,-0.0038220878849959655,-0.014201174548930835,0.0031932069866678204,-0.004859871865781887,0.002731292526514524,-0.012271896095507556,-0.010366792531443467,0.0,0.0,0.0,-0.009844634688528814,-0.015703060568917796,-0.004091351733070495,0.015729222747948364,-0.003634600499034405
0.55602604,0.8243242,0.88656104,0.9444444,0.92906505,0.84992,0.9,0.4796449,0.49462324,0.9622642,1.0,1.0,0.49462324,0.49462324,0.45699054,0.475793,0.5512136,-0.056392383487146966,0.005953416231849204,-0.011677697160092199,-0.007422650836064843,3.953849771015774e-05,0.001290261512905484,0.004200491475507808,0.002443990825625784,0.006156738231718679,0.0,0.0,0.0,0.004539641867258858,0.003735282918032519,0.00015158125573744218,0.003156861158561692,0.003861260253249056
0.7140097,0.6857599,0.7055987,0.69253206,0.9444444,0.9,0.59641933,0.44082114,0.4621424,0.9622642,1.0,1.0,0.4621424,0.4621424,0.35199046,0.5113485,0.53421366,-0.012911109751161791,0.0001989141198465608,5.552210224081117e-05,0.005808259612740163,-0.003443050097071477,0.0005445882493250545,-0.019925433394394537,0.0003674360917185393,0.004829643620770113,0.0,0.0,0.0,0.0045589705381479835,0.0012376338487653433,-0.0026275948800205855,-0.00031347217616909106,0.0012430676395917123
0.648625,0.6167795,0.76591873,0.8572891,0.786071,0.9,0.9,0.50670356,0.5260759,0.9622642,1.0,1.0,0.5260759,0.5260759,0.3869906,0.5480152,0.5972136,-0.022304073190360686,-0.0014036117642385266,-0.00383862784110305,-0.0007305943683901894,0.0024490679938538843,0.0014935810097295415,0.0055059272544400305,0.005436754631653342,0.007688567823661923,0.0,0.0,0.0,0.006364431214290863,0.00659146241541062,-0.0015567651119929662,-0.003460090909794839,0.006180211753380148
0.65573466,0.5249152,0.9467815,0.9444444,0.96959347,0.7400306,0.9,0.38082123,0.39599916,0.9622642,1.0,1.0,0.39599916,0.39599916,0.40699053,0.41468176,0.5122137,-0.025174294723253783,-0.005915527578023501,-0.018319326741323857,-0.009365935221449444,-0.0015078829611998453,-0.0011408036363121463,0.0023084735923793783,-0.0022717529330153856,-0.0005262772430794371,0.0,0.0,0.0,-0.0007430180327464321,-0.004811477478929598,-0.0017549059627991318,0.005707529849006805,0.0005158042037674522
0.85631734,0.3989073,0.77314955,0.9444444,0.9928678,0.957162,0.9,0.62258595,0.635863,0.9622642,1.0,1.0,0.635863,0.635863,0.47574055,0.5235708,0.6522137,0.024076811685962207,-0.009669359464554996,-0.002040043615321763,-0.002704792660905334,-0.00021995376685468728,0.002392209025395983,0.00584097941179639,0.004046036297785271,0.004525126348165531,0.0,0.0,0.0,0.00015400499674469485,0.00691887512648092,0.0004918228091783132,-0.0014873475616737422,0.007416480175730968
0.66400963,0.59994364,0.6696593,0.9928678,0.9762011,0.9,0.9,0.53258604,0.5506508,0.9622642,1.0,1.0,0.5506508,0.5506508,0.31449044,0.6380153,0.5272137,-0.024821341057430973,-0.0023487528760234187,0.0012998015776032753,-0.010451896639681551,-0.0030130601156878683,0.0007605439680457229,0.004557335644995072,0.006596528546713525,0.0092175065052322,0.0,0.0,0.0,0.007795559326728009,0.008785477220828033,-0.0038556394012640694,-0.01180094188609971,0.0019890853539097234
0.7867952,0.70966953,0.8109755,0.9928678,0.7590373,0.9,0.9,0.3919976,0.4101252,0.9622642,1.0,1.0,0.4101252,0.4101252,0.4832405,0.29134846,0.5462136,0.014352093564492274,0.0022300835905615245,-0.005926933701124686,-0.010530398477445375,0.0018330214420689123,0.0008971283182627346,0.00396816581544605,-0.002434752353052476,0.0011956705130165887,0.0,0.0,0.0,0.0009472974071206611,-0.002221360943765443,0.00093227321156846,0.01554889353130527,0.003327320096857519
0.8101635,0.81457967,0.79368633,0.9444444,0.9444444,0.787427,0.787427,0.47552726,0.49027103,0.9622642,1.0,1.0,0.49027103,0.49027103,0.2657404,0.58912635,0.6292137,0.013063512937904415,0.003384110650353681,-0.00637074657929192,-0.006751092851936734,0.0008501069958946635,-0.0019206753718977307,-0.0029828748315236823,0.0047082965558161785,0.007334342626274129,0.0,0.0,0.0,0.006244234264784891,0.005016502890453727,-0.005536188003544341,-0.007427970380836887,0.007419391708702277
0.6944876,0.6857059,0.9456273,0.9444444,0.9762011,0.7400306,0.9,0.3108214,0.3296212,0.9622642,1.0,1.0,0.3296212,0.3296212,0.5157406,0.3869041,0.2942136,-0.013491703523039786,0.0024122833080160943,-0.01902391179807623,-0.011072173643256921,-0.0023212132024644986,-0.0011466749817779388,0.0027298252238888367,-0.010936824791479284,-0.009138923279083768,0.0,0.0,0.0,-0.007686050926416547,-0.014200950459153712,0.0023722321985071636,0.009283501420380922,-0.021249141991406484
0.9231587,0.9310345,0.20419696,0.20041554,0.20041554,0.9,0.9,0.40199775,0.42192158,0.9622642,1.0,1.0,0.42192158,0.42192158,0.3019905,0.7313485,0.3622136,0.029141315270836937,0.003002823130615782,0.020147236569832843,0.026693490072248735,0.0038207956808136616,0.0027326749575130515,0.0032540610300079596,0.00022946515853827204,0.004835969526058743,0.0,0.0,0.0,0.0036655843916491774,-0.0018823479780518575,-0.004736975727935683,-0.01241857574952703,-0.006106472204429381
0.9107462,0.8209112,0.60770524,0.9444444,0.5716185,0.7935475,0.9,0.2796449,0.29772004,0.9622642,1.0,1.0,0.29772004,0.29772004,0.37574053,0.36023733,0.3952137,0.03969282235470822,0.003562427893741018,0.006176556123802763,-0.009467323933388339,-0.0007786690106221929,-0.0003424651727574235,0.0038243034610749207,-0.013303499126743215,-0.007155758533287814,0.0,0.0,0.0,-0.005940342631483592,-0.013576127712228792,-0.0017527339988674584,0.010650710204475153,-0.008536607249828791
0.7412241,0.9097383,0.65479344,0.9444444,0.88530415,0.957162,0.9,0.18376249,0.2077388,0.9622642,1.0,1.0,0.2077388,0.2077388,0.2607404,0.40912616,0.4282136,-0.009979099535835676,0.006131634829102384,0.003596064062858703,-0.011892231439799726,-0.0002424947905533506,0.0003516777597801304,0.0032562291321660943,-0.025595381273097118,-0.024163770369524117,0.0,0.0,0.0,-0.020894556167589423,-0.02820366510572608,-0.006373562163820089,0.009090964999825148,-0.009344799951154018
0.9092895,0.52323747,0.94066054,0.9232409,0.95153695,0.9,0.9,0.7978802,0.803701,0.9622642,1.0,1.0,0.803701,0.803701,0.7969905,0.6302374,0.7302137,0.02501302846543151,-0.0051253042108178205,-0.013383027819338658,-0.0019034352194772105,0.001704924898169713,0.0018294105562056296,0.004578357449097511,0.001373439983117755,-0.000723808491580444,0.0,0.0,0.0,-0.0035515376952682835,0.005955244043895105,0.0027062719928838265,-0.006491339175662065,0.005752748181573797
0.69477886,0.34383935,0.775102,0.9444444,0.9444444,0.75113785,0.33237803,0.5231743,0.541775,0.9622642,1.0,1.0,0.541775,0.541775,0.41949052,0.53023744,0.6042137,-0.008990405429490674,-0.01119248550920602,-0.0031170594700198856,-0.007010890140176183,-0.0014525375589306087,-0.0010996993983577099,-0.04681957233896113,0.005620935556744633,0.0068157163961933085,0.0,0.0,0.0,0.004762454883813946,0.007197703080477607,-0.0006529510556866272,-0.0037919738796809545,0.006299957743105494
0.8444876,0.73405665,0.8130148,0.79795897,0.9444444,0.9,0.7568386,0.56258595,0.5744076,0.9622642,1.0,1.0,0.5744076,0.5744076,0.24824047,0.6246819,0.6992137,0.029641852160713848,0.003414971630179699,-0.0038763674710454252,0.002354943656821002,-0.00017953844249737682,0.002182303488234033,-0.002248798182127031,0.005281452416406752,0.00536522997625497,0.0,0.0,0.0,0.003999623459751461,0.006103611836936272,-0.006184769442359936,-0.008312520204944445,0.009359731082219809
0.85305387,0.5093956,0.6801183,0.9677255,0.9444444,0.9,0.49241576,0.4972918,0.5019831,0.9622642,1.0,1.0,0.5019831,0.5019831,0.53574055,0.42912632,0.7232136,0.021070909456892658,-0.003551614055311839,0.0008171840422384547,-0.007846011821053708,0.0008267882679446758,0.0009898129450995703,-0.030967211163162655,0.003510813816508668,0.004555195744950682,0.0,0.0,0.0,0.003980772757136238,0.003984365822167993,0.0008967386167573738,0.00573706658072458,0.009550497977346022
0.90305394,0.8242123,0.6944289,0.9928678,0.81454223,0.9,0.9,0.50788003,0.52564436,0.9622642,1.0,1.0,0.52564436,0.52564436,0.48199052,0.7413485,0.30021363,0.041778182580457006,0.005286558031294497,0.00132662264422014,-0.008848101951072712,0.0011542079269395323,0.0017924800485548112,0.004452752552559353,0.005355587018927415,0.007194449941784864,0.0,0.0,0.0,0.006121703290257074,0.0059625072115465525,0.0008155722000682895,-0.023215235961058057,-0.014485831759437011
0.8444876,0.73822975,0.91501707,0.9444444,0.9762011,0.7136221,0.9,0.5449388,0.5627282,0.9622642,1.0,1.0,0.5627282,0.5627282,0.34574044,0.7391263,0.5112136,0.021884128889154617,0.0030545124009829115,-0.012952972284882694,-0.0030988404884185854,-0.00048330969948918176,-0.005847336059496285,0.00451411563490564,0.005906439984195199,0.006979070049286548,0.0,0.0,0.0,0.005896510248581826,0.007437368247342301,-0.0032444099138805903,-0.01892951147803343,0.00016980395113112273
0.9231587,0.9310345,0.21937257,0.21531011,0.21531011,0.9,0.9,0.50140953,0.5195692,0.9622642,1.0,1.0,0.5195692,0.5195692,0.41949052,0.6535708,0.45521364,0.026086667653488167,0.0014512399136591208,0.016266643232738937,0.01905263502122184,0.004777020026141655,0.002496055422299153,0.0035597086571073,0.003966980407531992,0.004892719693672624,0.0,0.0,0.0,0.004082587508946528,0.0036754410488462085,-0.001914669200893021,-0.006660515477374639,-0.0010090343327525289
0.8335318,0.78289807,0.7276843,0.9928678,0.9015216,0.9,0.9,0.60611534,0.61903334,0.9622642,1.0,1.0,0.61903334,0.61903334,0.5319905,0.57912636,0.6112137,0.019176783513702698,0.002707345705567351,-0.000950912616444095,-0.005698921334210682,0.001672161931814135,0.0013555822953844685,0.005499483498837587,0.008866340910255475,0.00794907773198439,0.0,0.0,0.0,0.006262048809681002,0.01008726816274783,0.0017621647212928957,-0.0056077858129311275,0.006521289786084242
0.68294907,0.6443999,0.86390066,0.9444444,0.89173603,0.7352637,0.9,0.64199775,0.6595394,0.9622642,1.0,1.0,0.6595394,0.6595394,0.5307405,0.67245966,0.58921367,-0.008552561064512276,0.0008579476819188991,-0.00905743650963131,-0.003508391689093318,0.0008922083212150644,-0.004007954894870458,0.007708261201079299,0.009991321763500592,0.007778759877546528,0.0,0.0,0.0,0.004846405238803042,0.012895701768569938,0.002227947491826193,-0.017097440583285935,0.005697942922574322
0.8420981,0.592106,0.53309387,0.9444444,0.5232218,0.5723691,0.9,0.55846834,0.57348543,0.9622642,1.0,1.0,0.57348543,0.57348543,0.48949057,0.5335707,0.7302137,0.020582035027503776,-0.0007332149488372648,0.006912979680826328,-0.002105691877100145,-0.0012708726531492868,-0.011193544525985368,0.004435159215750187,0.006054339401890521,0.00627599931715624,0.0,0.0,0.0,0.005355594974234259,0.0065909920276234595,0.00016127684743633044,-0.002739584508491548,0.007953709056324594
0.60247123,0.68290687,0.7356443,0.9444444,0.75158006,0.6601433,0.9,0.3019978,0.32061365,0.9622642,1.0,1.0,0.32061365,0.32061365,0.46949053,0.40245956,0.38821363,-0.048790030655678523,0.0007175860191283831,-0.004329439563345246,-0.015764744955045307,0.0027023551918443456,-0.0025447945453251335,0.002473893164893921,-0.011227831384655463,-0.009427948735414853,0.0,0.0,0.0,-0.007898013359502925,-0.014617950903372302,0.0011941138648522344,0.010404406357040154,-0.010392104751131583
