0.1634140908718109
0.44465747475624084
0.3548884987831116
0.3221672475337982
0.5908655524253845
0.639776885509491
0.4700591564178467
0.42365118861198425
0.6125984191894531
0.23440760374069214
0.2983834147453308
0.5611451268196106
0.5010406374931335
0.5647334456443787
0.3416081666946411
0.489944189786911
0.19483020901679993
0.08731427788734436
0.6888309121131897
0.11902430653572083
0.48391351103782654
0.3077618479728699
0.08212360739707947
0.586433470249176
0.2576097846031189
0.5727737545967102
0.6058589816093445
0.3004836440086365
0.6152778267860413
0.6261117458343506
0.43356579542160034
0.39070144295692444
0.5099121928215027
0.4361952543258667
0.28521424531936646
0.4768159091472626
0.4460611641407013
0.20035678148269653
0.4490725100040436
0.35404860973358154
0.31867706775665283
0.5808708071708679
0.24363794922828674
0.3621027171611786
0.5782214403152466
0.238937646150589
0.4993520677089691
0.4904778003692627
0.5008588433265686
0.5286279320716858
0.5843133926391602
0.5445913076400757
0.5627108216285706
0.5111581683158875
0.37721818685531616
0.1634140908718109
0.3420720100402832
0.14863163232803345
0.4313128590583801
0.5243079662322998
0.4623662233352661
0.5518222451210022
0.25553232431411743
0.46271538734436035
0.39914432168006897
0.4562544524669647
0.2832333445549011
0.42292338609695435
0.08528447151184082
0.39420104026794434
0.4980252981185913
0.27789634466171265
0.5087586641311646
0.3656553030014038
0.17358005046844482
0.6114365458488464
0.41103988885879517
0.3173326849937439
0.23810455203056335
0.5519170165061951
0.4412320852279663
0.4191076457500458
0.23876258730888367
0.5972000360488892
0.49027931690216064
0.44223496317863464
0.5802441239356995
0.2546539902687073
0.6002660989761353
0.4218117892742157
0.15165182948112488
0.45797109603881836
0.6226199865341187
0.4227115213871002
0.5838448405265808
0.47734135389328003
0.2847841680049896
0.5370232462882996
0.27488934993743896
0.4067181348800659
0.3709067702293396
0.4343496561050415
0.3657578229904175
0.5277009010314941
0.5243079662322998
0.12978190183639526
0.47151219844818115
0.1737002432346344
0.5655326247215271
0.5948777198791504
0.47457823157310486
0.3746810555458069
0.3290107250213623
0.5908510088920593
0.28259050846099854
0.08625736832618713
0.35066747665405273
0.25450366735458374
0.07941365242004395
0.37839120626449585
0.28538671135902405
0.15315070748329163
0.18505802750587463
0.6170724034309387
0.6173173785209656
0.58542799949646
0.5693453550338745
0.5603995323181152
0.227699875831604
0.5616652965545654
0.08648744225502014
0.6038586497306824
0.5401861667633057
0.5636795163154602
0.6052578687667847
0.4171539545059204
0.35285046696662903
0.2921886444091797
0.6252624988555908
0.43095862865448
0.531579315662384
0.4917815327644348
0.3822062015533447
0.5272510051727295
0.6641214489936829
0.10062900185585022
0.6122490167617798
0.6788980960845947
0.5732393860816956
0.34462296962738037
0.3342299163341522
0.4572938084602356
0.35047799348831177
0.5672063827514648
0.4797987937927246
0.49924468994140625
0.21701398491859436
0.1894095540046692
0.15093788504600525
0.2757227122783661
0.12577316164970398
0.5160088539123535
0.4952262341976166
0.6565026044845581
0.6365211009979248
0.15696361660957336
0.10550913214683533
0.4961661994457245
0.5006588101387024
0.5909809470176697
0.16838708519935608
0.08188024163246155
0.592218279838562
0.628265380859375
0.3983857035636902
0.5680417418479919
0.302604079246521
0.44516104459762573
0.4057455360889435
0.46249857544898987
0.11560893058776855
0.13787922263145447
0.14542755484580994
0.4915975332260132
0.32206597924232483
0.12621381878852844
0.41484156250953674
0.4596331715583801
0.4348899722099304
0.3067919611930847
0.11560893058776855
0.11013266444206238
0.1570865511894226
0.3833189606666565
0.19894394278526306
0.5617257952690125
0.4596331715583801
0.27159714698791504
0.3368850350379944
0.4557749629020691
0.34845373034477234
0.25800496339797974
0.36821073293685913
0.42294901609420776
0.4420263171195984
0.4540081322193146
0.5706793665885925
0.3104437589645386
0.42138004302978516
0.3005046248435974
0.2760130763053894
0.3792943060398102
0.5128415822982788
0.16023296117782593
0.5889371037483215
0.16023296117782593
0.49158594012260437
0.53694748878479
0.30218613147735596
0.24006852507591248
0.27314692735671997
0.21455293893814087
0.5068601965904236
0.6169636249542236
0.5431948900222778
0.6088277101516724
0.5512086153030396
0.3365665078163147
0.30943772196769714
0.10371240973472595
0.4040376543998718
0.39060264825820923
0.4500170052051544
0.4163576066493988
0.449159175157547
0.5613330006599426
0.618328869342804
0.6434410810470581
0.5269798636436462
0.4710458219051361
0.505220353603363
0.5149028897285461
0.5589708089828491
0.4860743582248688
0.5873757600784302
0.542516827583313
0.40634506940841675
0.5035936236381531
0.4419882595539093
0.5531907081604004
0.283170610666275
0.40403640270233154
0.07426092028617859
0.4616726040840149
0.44060268998146057
0.12546086311340332
0.12996432185173035
0.5692160129547119
0.10259482264518738
0.5269798636436462
0.29771050810813904
0.5045285224914551
0.3685793876647949
0.36647599935531616
0.40825843811035156
0.41351598501205444
0.12676569819450378
0.4440254271030426
0.658959150314331
0.4315079152584076
0.26068374514579773
0.6062096357345581
0.3805024027824402
0.41449761390686035
0.18153610825538635
0.4238641560077667
0.46249857544898987
0.39245426654815674
0.3753185272216797
0.5621392130851746
0.5757080316543579
0.33122479915618896
0.4785098135471344
0.4402763247489929
0.4577828049659729
0.456326425075531
0.21942612528800964
0.62126624584198
0.5022873282432556
0.3342793881893158
0.7290967702865601
0.5523709654808044
0.1296103298664093
0.43497681617736816
0.5206312537193298
0.09204670786857605
0.41733136773109436
0.3975951075553894
0.4008924067020416
0.4691654145717621
0.2604740560054779
0.22777128219604492
0.2800236940383911
0.3370862603187561
0.4452674388885498
0.5484996438026428
0.5717548131942749
0.5648459196090698
0.24983637034893036
0.19227853417396545
0.24406015872955322
0.5091547966003418
0.3063589036464691
0.504668653011322
0.4904778003692627
0.4686560034751892
0.5445913076400757
0.4796461760997772
0.3660483658313751
0.39949318766593933
0.39160415530204773
0.16998031735420227
0.23657700419425964
0.4871571362018585
0.36888444423675537
0.26028013229370117
0.1941467523574829
0.5603995323181152
0.4113353192806244
0.29642733931541443
0.4008478820323944
0.33861157298088074
0.3531017303466797
0.4387225806713104
0.4998672604560852
0.5672026872634888
0.44805482029914856
0.5673695802688599
0.5017330646514893
0.45967498421669006
0.359935462474823
0.5715034604072571
0.5232478976249695
0.544097900390625
0.5170749425888062
0.5776402950286865
0.3178609013557434
0.48327556252479553
0.39471447467803955
0.5956484079360962
0.5677469968795776
0.4218202531337738
0.44119301438331604
0.4714459776878357
0.5641443729400635
0.6046202778816223
0.5627546310424805
0.5139492750167847
0.5743712186813354
0.6103299260139465
0.0544799268245697
0.3916636109352112
0.203452467918396
0.6110301613807678
0.37418803572654724
0.3059873580932617
0.24573543667793274
0.44906073808670044
0.5556235909461975
0.2980611026287079
0.4760099947452545
0.08622071146965027
0.6661403775215149
0.35121139883995056
0.7169350385665894
0.34710413217544556
0.4529542922973633
0.509719729423523
0.4398251473903656
0.5718212723731995
0.3311496376991272
0.27470389008522034
0.3657578229904175
0.4870645999908447
0.2659667432308197
0.4776163101196289
0.2201925814151764
0.5932633876800537
0.02858087420463562
0.15294697880744934
0.382656991481781
0.5786547064781189
0.5489879846572876
0.614332377910614
0.4802664518356323
0.5876407027244568
0.5753864049911499
0.4626813232898712
0.2721973657608032
0.1860799491405487
0.3644542098045349
0.08622071146965027
0.24652424454689026
0.41549554467201233
0.45201653242111206
0.4686560034751892
0.5554172396659851
0.19017693400382996
0.29795920848846436
0.6182563304901123
0.36972376704216003
0.30451950430870056
0.5927745699882507
0.29289761185646057
0.5233857035636902
0.32293862104415894
0.28777825832366943
0.5670338869094849
0.46750301122665405
0.3954728841781616
0.3737768232822418
0.7365512847900391
0.37418803572654724
0.4616500437259674
0.4435574412345886
0.25772303342819214
0.6275542974472046
0.4311608672142029
0.3426167070865631
0.5687519311904907
0.2765520215034485
0.5309639573097229
0.3790782392024994
0.37900835275650024
0.4156496524810791
0.5181707143783569
0.16076022386550903
0.5200551152229309
0.3487117290496826
0.3152993619441986
0.327345609664917
0.123483806848526
0.6046202778816223
0.4956614375114441
0.3148539066314697
0.47457823157310486
0.4238303303718567
0.24300366640090942
0.3435257375240326
0.6246726512908936
0.12211140990257263
0.1458270251750946
0.6220572590827942
0.5362756252288818
0.3001164197921753
0.573560357093811
0.3842693269252777
0.3234202563762665
0.46804186701774597
0.38144659996032715
0.3587520718574524
0.39685940742492676
0.5678455829620361
0.29613620042800903
0.309726357460022
0.5987975001335144
0.24192404747009277
0.5877912640571594
0.41949155926704407
0.25706276297569275
0.4839532673358917
0.544097900390625
0.5541874766349792
0.5886998772621155
0.13960722088813782
0.3523988127708435
0.555612325668335
0.6434260010719299
0.5740354061126709
0.5778656005859375
0.38165485858917236
0.5465028882026672
0.3498874306678772
0.10795417428016663
0.3928006887435913
0.5593039989471436
0.5672195553779602
0.5641472339630127
0.3573252856731415
0.5860031843185425
0.264510840177536
0.13582059741020203
0.48493558168411255
0.46880924701690674
0.32386308908462524
0.2701318860054016
0.42287641763687134
0.46130087971687317
0.123483806848526
0.4520619809627533
0.3724035322666168
0.35849714279174805
0.5099121928215027
0.3741788864135742
0.16262701153755188
0.44709640741348267
0.49158594012260437
0.45886585116386414
0.14881929755210876
0.3663274645805359
0.5031655430793762
0.3614550828933716
0.38878774642944336
0.22861045598983765
0.14880576729774475
0.47137537598609924
0.3532176911830902
0.5440980195999146
0.5400435328483582
0.4344125986099243
0.22777128219604492
0.24402886629104614
0.49068447947502136
0.44446396827697754
0.37721818685531616
0.5288222432136536
0.4804238975048065
0.28066083788871765
0.23932313919067383
0.1367221176624298
0.6567060947418213
0.5668628215789795
0.227699875831604
0.12996432185173035
0.4032902717590332
0.12815555930137634
0.6054984927177429
0.46372053027153015
0.3786342144012451
0.46836134791374207
0.5523859858512878
0.3570009469985962
0.14904704689979553
0.49587857723236084
0.5093277096748352
0.2694207429885864
0.5969972610473633
0.5384360551834106
0.346100389957428
0.23427370190620422
0.28121060132980347
0.4924793839454651
0.17134666442871094
0.053497761487960815
0.4335365891456604
0.6573226451873779
0.3950217068195343
0.6059971451759338
0.37870529294013977
0.4020836353302002
0.20397058129310608
0.4637105166912079
0.4810335636138916
0.5276211500167847
0.3656553030014038
0.30534833669662476
0.42097485065460205
0.6402609348297119
0.28354567289352417
0.6534109711647034
0.34152042865753174
0.30145666003227234
0.19478777050971985
0.24678972363471985
0.5621607899665833
0.4351588189601898
0.5609219074249268
0.12581196427345276
0.5732393860816956
0.5306073427200317
0.35663825273513794
0.5558374524116516
0.6426751613616943
0.48570242524147034
0.4061007499694824
0.45040491223335266
0.3985997438430786
0.4648374319076538
0.5728809237480164
0.24581113457679749
0.17900222539901733
0.49981918931007385
0.09474566578865051
0.11106029152870178
0.25975456833839417
0.5712026357650757
0.5037676692008972
0.13962137699127197
0.15241208672523499
0.3445480465888977
0.15724343061447144
0.45785433053970337
0.2637454569339752
0.4785098135471344
0.4810105264186859
0.4532270133495331
0.5902191996574402
0.4172894358634949
0.3438710570335388
0.6100323796272278
0.4294285476207733
0.2760130763053894
0.41503822803497314
0.15119311213493347
0.5313665270805359
0.464169979095459
0.5784650444984436
0.20100468397140503
0.10030058026313782
0.13229221105575562
0.1699356734752655
0.5255782604217529
0.14355126023292542
0.6148407459259033
0.2406579554080963
0.3242328464984894
0.326704204082489
0.33886954188346863
0.5794872641563416
0.43011346459388733
0.4586012065410614
0.6127465963363647
0.051985472440719604
0.582176148891449
0.47339069843292236
0.20813965797424316
0.24948358535766602
0.21634647250175476
0.5468801856040955
0.5713942050933838
0.5520583987236023
0.23002997040748596
0.4894590675830841
0.032854288816452026
0.15507355332374573
0.3706221282482147
0.5687085390090942
0.17900222539901733
0.3232637345790863
0.37299835681915283
0.5403344035148621
0.5280827879905701
0.4803764522075653
0.11614838242530823
0.12526783347129822
0.16530224680900574
0.17804715037345886
0.4277462363243103
0.5551667809486389
0.5141434669494629
0.5238353610038757
0.5603995323181152
0.11013266444206238
0.4522992968559265
0.37734124064445496
0.3170536458492279
0.6030523180961609
0.47529464960098267
0.575700044631958
0.3925597369670868
0.40370744466781616
0.5565928816795349
0.16325831413269043
0.5354216694831848
0.30063605308532715
0.19017693400382996
0.5719437599182129
0.28084099292755127
0.4755968153476715
0.5739986896514893
0.568998396396637
0.050519853830337524
0.5162231922149658
0.4202989339828491
0.6137678623199463
0.31314778327941895
0.3888516128063202
0.18093234300613403
0.09474566578865051
0.14904704689979553
0.37201541662216187
0.6724262237548828
0.32676711678504944
0.5999228954315186
0.5570922493934631
0.25772303342819214
0.23720160126686096
0.32835283875465393
0.5534510612487793
0.29624056816101074
0.16391775012016296
0.45901674032211304
0.39425128698349
0.43001365661621094
0.3221139907836914
0.3715949058532715
0.4181724786758423
0.3733254075050354
0.4118284583091736
0.4095646142959595
0.3497704267501831
0.5721806883811951
0.13718876242637634
0.578079104423523
0.541438639163971
0.5690465569496155
0.25975456833839417
0.5445913076400757
0.5835077166557312
0.43960505723953247
0.33331090211868286
0.03706562519073486
0.15471073985099792
0.47159284353256226
0.5471254587173462
0.5974578857421875
0.4403289258480072
0.25363314151763916
0.5670952796936035
0.5691742300987244
0.24805155396461487
0.4280949532985687
0.3132990002632141
0.34006810188293457
0.5071314573287964
0.5504121780395508
0.13762620091438293
0.5191786289215088
0.34872400760650635
0.20329245924949646
0.4075040817260742
0.6336063146591187
0.5788201093673706
0.3621027171611786
0.40502023696899414
0.4643446207046509
0.5182332992553711
0.4035242795944214
0.4224265217781067
0.3118358850479126
0.5911557674407959
0.4857162833213806
0.23622527718544006
0.16100028157234192
0.6543342471122742
0.1452438235282898
0.5973371863365173
0.427478551864624
0.6049971580505371
0.21468886733055115
0.46374931931495667
0.3900296688079834
0.3908088207244873
0.4803764522075653
0.5605112314224243
0.23917046189308167
0.3086336553096771
0.5121328234672546
0.3708641827106476
0.5556235909461975
0.4010304808616638
0.34829816222190857
0.5713105797767639
0.43634817004203796
0.4523385763168335
0.19617274403572083
0.404949814081192
0.5764036774635315
0.47457823157310486
0.4181724786758423
0.4275900423526764
0.20441287755966187
0.45122021436691284
0.31768620014190674
0.19296440482139587
0.4931546151638031
0.5003554821014404
0.4143352806568146
0.41327381134033203
0.1870580017566681
0.12563124299049377
0.4669524133205414
0.5770468711853027
0.30262744426727295
0.5363452434539795
0.48268553614616394
0.6013085842132568
0.43996763229370117
0.4551558196544647
0.502108097076416
0.544097900390625
0.48229455947875977
0.5968658328056335
0.44493424892425537
0.575077474117279
0.1796368658542633
0.5930048823356628
0.6217631101608276
0.5823299288749695
0.49261754751205444
0.39689064025878906
0.5880112648010254
0.19142726063728333
0.5635741353034973
0.4001983404159546
0.5545447468757629
0.07721778750419617
0.13372564315795898
0.23733672499656677
0.45581066608428955
0.5479300618171692
0.5801687240600586
0.185166597366333
0.28066083788871765
0.1870580017566681
0.3615030348300934
0.414713978767395
0.4762663245201111
0.447172075510025
0.5608698725700378
0.5627357959747314
0.5104731321334839
0.29642733931541443
0.29866087436676025
0.495915949344635
0.6105769276618958
0.5712460875511169
0.42244431376457214
0.16175058484077454
0.5581691861152649
0.5199196934700012
0.4817945063114166
0.5066444873809814
0.5304754972457886
0.23932313919067383
0.27047038078308105
0.5011395215988159
0.3573361039161682
0.5898764133453369
0.5657272934913635
0.5828749537467957
0.36046841740608215
0.25604039430618286
0.6521651744842529
0.3023715019226074
0.5737106204032898
0.08988413214683533
0.46658992767333984
0.5853908061981201
0.42667436599731445
0.2917388379573822
0.29946479201316833
0.3665490448474884
0.5674616098403931
0.3462145924568176
0.1398191750049591
0.5484996438026428
0.09041982889175415
0.5355085134506226
0.38331788778305054
0.5738467574119568
0.19217273592948914
0.23810455203056335
0.4064222276210785
0.5599926114082336
0.5732393860816956
0.24665629863739014
0.48428839445114136
0.6284731030464172
0.1539129912853241
0.15230557322502136
0.2488373965024948
0.14465472102165222
0.12478914856910706
0.371612012386322
0.09075531363487244
0.5201514363288879
0.4453328549861908
0.6143209934234619
0.5850343704223633
0.4132729768753052
0.08212360739707947
0.3681027889251709
0.3809117078781128
0.39646583795547485
0.1521960198879242
0.3635798692703247
0.5956822633743286
0.43083298206329346
0.5965163111686707
0.28892070055007935
0.11601898074150085
0.5455164313316345
0.33154088258743286
0.5206176042556763
0.10405972599983215
0.633691132068634
0.17552843689918518
0.5432373285293579
0.4538755416870117
0.23035815358161926
0.5745962858200073
0.3427031636238098
0.30281347036361694
0.44635242223739624
0.49147626757621765
0.3444119393825531
0.5750408172607422
0.5149794816970825
0.40443894267082214
0.3665490448474884
0.10507252812385559
0.469417542219162
0.42287641763687134
0.31224870681762695
0.5519170165061951
0.5382346510887146
0.29795920848846436
0.6044945120811462
0.09992310404777527
0.3951100707054138
0.39332908391952515
0.17675307393074036
0.5723536014556885
0.3084027171134949
0.45894038677215576
0.325236439704895
0.2685755491256714
0.06257021427154541
0.5783591270446777
0.3841506838798523
0.24763911962509155
0.5782878398895264
0.16106590628623962
0.5599106550216675
0.45411422848701477
0.6149466037750244
0.5571906566619873
0.41723716259002686
0.14904704689979553
0.12495240569114685
0.4378311336040497
0.48428839445114136
0.4776104688644409
0.4045882225036621
0.4766901731491089
0.15230557322502136
0.1333109438419342
0.596819281578064
0.4181724786758423
0.5368901491165161
0.4776104688644409
0.5146868824958801
0.2278030514717102
0.6179730296134949
0.6092973351478577
0.4748935103416443
0.3651915192604065
0.39209356904029846
0.5883370041847229
0.27013832330703735
0.11624327301979065
0.568998396396637
0.6107600927352905
0.4455921947956085
0.55795818567276
0.4028278589248657
0.5145277380943298
0.6205405592918396
0.5205094218254089
0.4471060633659363
0.5604666471481323
0.21468886733055115
0.6028105020523071
0.145106703042984
0.3745613694190979
0.03360661864280701
0.7064089775085449
0.2956908941268921
0.5365022420883179
0.5526811480522156
0.5275258421897888
0.3517863154411316
0.43214473128318787
0.40005430579185486
0.4385451674461365
0.1479445993900299
0.41873109340667725
0.3790782392024994
0.29817578196525574
0.5757858753204346
0.20656713843345642
0.6120036840438843
0.2898668646812439
0.5813791751861572
0.38943374156951904
0.34882354736328125
0.593902587890625
0.3983857035636902
0.5808708071708679
0.3316957652568817
0.4466254711151123
0.34453505277633667
0.2560020685195923
0.45967498421669006
0.5597038269042969
0.5481563806533813
0.5441207885742188
0.6042406558990479
0.4859630763530731
0.6045570969581604
0.2365727722644806
0.6132016777992249
0.3148539066314697
0.6030628681182861
0.42238152027130127
0.6149285435676575
0.4913393557071686
0.4839157462120056
0.5652243494987488
0.08840480446815491
0.5639957189559937
0.400739848613739
0.2130706012248993
0.5136029720306396
0.35640594363212585
0.6195936799049377
0.42940714955329895
0.5664243698120117
0.22713160514831543
0.5406755805015564
0.5998036861419678
0.44827157258987427
0.58390873670578
0.44250237941741943
0.4370187819004059
0.1642564833164215
0.3615030348300934
0.5925083160400391
0.6090309619903564
0.1636582314968109
0.4266265630722046
0.3404489755630493
0.37979209423065186
0.4714645743370056
0.11396417021751404
0.32042890787124634
0.6048361659049988
0.2737727165222168
0.674604594707489
0.2946975827217102
0.2457161545753479
0.15138450264930725
0.3799945116043091
0.20493122935295105
0.21850156784057617
0.4151214361190796
0.4857162833213806
0.33577996492385864
0.5484996438026428
0.542516827583313
0.47627905011177063
0.5105515718460083
0.4255765378475189
0.22102829813957214
0.4346529543399811
0.187068372964859
0.11127772927284241
0.5930048823356628
0.42095857858657837
0.36615079641342163
0.33124005794525146
0.40420183539390564
0.5991430878639221
0.3647233545780182
0.5808708071708679
0.38144659996032715
0.29930251836776733
0.596657395362854
0.43869414925575256
0.570902943611145
0.5911557674407959
0.20913547277450562
0.3496082127094269
0.5124310851097107
0.2797490358352661
0.5337162017822266
0.07165804505348206
0.15333130955696106
0.4045882225036621
0.06142732501029968
0.44119301438331604
0.5988097190856934
0.4226633608341217
0.40420183539390564
0.4102139174938202
0.4522564709186554
0.38163653016090393
0.5209062695503235
0.5172958374023438
0.5816879868507385
0.5617347955703735
0.5277009010314941
0.4803380072116852
0.43999338150024414
0.23932313919067383
0.147401362657547
0.5382703542709351
0.26984894275665283
0.6267577409744263
0.10601148009300232
0.5520056486129761
0.4186893403530121
0.3810882568359375
0.4659697413444519
0.3908088207244873
0.37789613008499146
0.2603195607662201
0.3500220775604248
0.47252917289733887
0.06368622183799744
0.46059325337409973
0.4224332571029663
0.6132853031158447
0.3836156129837036
0.3772984445095062
0.0342886745929718
0.4268704354763031
0.36428558826446533
0.5170713663101196
0.6040563583374023
0.3805024027824402
0.44295376539230347
0.5403344035148621
0.38457468152046204
0.38165485858917236
0.4918849766254425
0.31982678174972534
0.09434276819229126
0.4731748402118683
0.29214292764663696
0.06684604287147522
0.5336488485336304
0.26940008997917175
0.5289076566696167
0.07157966494560242
0.5685098171234131
0.42393308877944946
0.3801265060901642
0.5406755805015564
0.4238303303718567
0.2573767900466919
0.39159905910491943
0.355429470539093
0.34571608901023865
0.3170350193977356
0.5136599540710449
0.47339069843292236
0.5943596959114075
0.5860146880149841
0.41503822803497314
0.3776053488254547
0.30814293026924133
0.4364994168281555
0.3408324718475342
0.5057963132858276
0.50474613904953
0.5674639940261841
0.08769968152046204
0.4112699031829834
0.24363231658935547
0.610041618347168
0.6786285638809204
0.5610917210578918
0.45040491223335266
0.05250558257102966
0.5288276076316833
0.25624924898147583
0.4776104688644409
0.3541894853115082
0.5672386288642883
0.2511364817619324
0.21857860684394836
0.5865616798400879
0.4544121026992798
0.5569337010383606
0.5496978759765625
0.1636582314968109
0.39142224192619324
0.553946316242218
0.30248725414276123
0.42901793122291565
0.5431328415870667
0.4678013026714325
0.6616718173027039
0.38510841131210327
0.21857860684394836
0.27227434515953064
0.5208140015602112
0.06142732501029968
0.3549169600009918
0.5514329671859741
0.5652243494987488
0.620836079120636
0.36213892698287964
0.4010191261768341
0.5835077166557312
0.519085705280304
0.258328378200531
0.5924457311630249
0.4824283719062805
0.5740354061126709
0.17900222539901733
0.25978246331214905
0.36729273200035095
0.6064780950546265
0.23382243514060974
0.19268986582756042
0.6048361659049988
0.2847841680049896
0.2839937210083008
0.35849714279174805
0.17781677842140198
0.25726985931396484
0.4528975188732147
0.05372396111488342
0.1367919147014618
0.46371299028396606
0.3888576328754425
0.18261757493019104
0.34623754024505615
0.544804573059082
0.30534833669662476
0.4680521488189697
0.28311842679977417
0.23884180188179016
0.27626678347587585
0.5941877961158752
0.4894590675830841
0.39767393469810486
0.3430625796318054
0.4293966293334961
0.3104727864265442
0.4923822581768036
0.5005089044570923
0.34801608324050903
0.31270232796669006
0.491696298122406
0.39318862557411194
0.18591716885566711
0.227699875831604
0.261039674282074
0.34790414571762085
0.05450707674026489
0.09462219476699829
0.5771449208259583
0.227699875831604
0.49815794825553894
0.5121639966964722
0.23235958814620972
0.227699875831604
0.4251694679260254
0.4322359263896942
0.5195963978767395
0.1484549343585968
0.41274493932724
0.53694748878479
0.5597395896911621
0.21811988949775696
0.5381224751472473
0.2647291421890259
0.44289278984069824
0.4533718228340149
0.2423326075077057
0.3713376522064209
0.5269798636436462
0.3803086578845978
0.49423515796661377
0.4452674388885498
0.5886774659156799
0.5652243494987488
0.5444586873054504
0.2959666848182678
0.4594736695289612
0.6273186206817627
0.4125271439552307
0.307885080575943
0.45896562933921814
0.492496520280838
0.34860801696777344
0.24967052042484283
0.4548070728778839
0.5273657441139221
0.16970157623291016
0.49885737895965576
0.45614954829216003
0.34297266602516174
0.49641355872154236
0.29286444187164307
0.34801608324050903
0.45040491223335266
0.6448542475700378
0.3790782392024994
0.4466254711151123
0.472445547580719
0.5876916646957397
0.5880112648010254
0.07330426573753357
0.33257150650024414
0.2521151304244995
0.3748549520969391
0.5274571180343628
0.3851373493671417
0.4907294511795044
0.3520917296409607
0.13305240869522095
0.34792929887771606
0.2652394771575928
0.06358656287193298
0.5954906940460205
0.3772262632846832
0.2211931347846985
0.10947868227958679
0.21655943989753723
0.3621027171611786
0.5652243494987488
0.46416324377059937
0.4739631116390228
0.27603253722190857
0.4857162833213806
0.5398491621017456
0.5617245435714722
0.5519444346427917
0.307218462228775
0.1706899106502533
0.4137723743915558
0.2673735022544861
0.12996432185173035
0.4257168769836426
0.3668175935745239
0.4482114315032959
0.5500876903533936
0.4981078803539276
0.2884675860404968
0.5850125551223755
0.14669013023376465
0.2265542447566986
0.43214473128318787
0.23782998323440552
0.47200387716293335
0.5432127714157104
0.37112122774124146
0.5183148980140686
0.400369793176651
0.5915061235427856
0.43110305070877075
0.5857710838317871
0.2754555344581604
0.39508891105651855
0.15006718039512634
0.20735451579093933
0.21831446886062622
0.2381049394607544
0.36634334921836853
0.4937690198421478
0.5270142555236816
0.1860799491405487
0.5724024176597595
0.5238353610038757
0.6365211009979248
0.6426751613616943
0.5570929050445557
0.577471911907196
0.41153138875961304
0.5536070466041565
0.5806609392166138
0.5277009010314941
0.34006810188293457
0.06333169341087341
0.5605112314224243
0.22102829813957214
0.5121877789497375
0.5654155015945435
0.3221139907836914
0.40419521927833557
0.43593907356262207
0.37703096866607666
0.3926540017127991
0.40825843811035156
0.47886887192726135
0.11115935444831848
0.434958279132843
0.4257473647594452
0.47117459774017334
0.5372532606124878
0.602206289768219
0.4822123646736145
0.544174313545227
0.3792688250541687
0.46986034512519836
0.3420720100402832
0.3304726779460907
0.38093817234039307
0.07282084226608276
0.5572317838668823
0.4097737967967987
0.15355709195137024
0.5090132355690002
0.439042329788208
0.592448890209198
0.33561742305755615
0.10094830393791199
0.11198288202285767
0.5874447822570801
0.585820198059082
0.45932459831237793
0.5970754623413086
0.49229758977890015
0.49789077043533325
0.5166945457458496
0.5893059372901917
0.2573821544647217
0.6788311004638672
0.2494986355304718
0.3614550828933716
0.4883188009262085
0.4640694856643677
0.5738467574119568
0.3560240864753723
0.37386634945869446
0.11198288202285767
0.06344333291053772
0.573879599571228
0.4906561076641083
0.5795657634735107
0.4856961965560913
0.602083146572113
0.47695985436439514
0.3776053488254547
0.4910759925842285
0.4074671268463135
0.33135247230529785
0.41873109340667725
0.25134724378585815
0.5208856463432312
0.24350804090499878
0.6315075755119324
0.05317696928977966
0.5006803274154663
0.5519751906394958
0.10513919591903687
0.4504530131816864
0.583817183971405
0.4744715690612793
0.4626813232898712
0.12458086013793945
0.5917659401893616
0.5217255353927612
0.36643311381340027
0.3239096403121948
0.4958834946155548
0.4695786237716675
0.5646172165870667
0.12581372261047363
0.4616500437259674
0.07053476572036743
0.5278655290603638
0.30872592329978943
0.4908521771430969
0.578795850276947
0.30191779136657715
0.3500220775604248
0.2374093234539032
0.5597794055938721
0.6426751613616943
0.4021078646183014
0.5960244536399841
0.145106703042984
0.08653512597084045
0.6030724048614502
0.5140922665596008
0.6280848979949951
0.6052815318107605
0.30800920724868774
0.616526186466217
0.5782075524330139
0.4921112656593323
0.13155287504196167
0.07165804505348206
0.27382370829582214
0.6121896505355835
0.4343426823616028
0.4453928768634796
0.2814536690711975
0.5712586045265198
0.5853742957115173
0.45932459831237793
0.1791926920413971
0.5513391494750977
0.596873939037323
0.11846533417701721
0.5882479548454285
0.41409194469451904
0.6055670976638794
0.23720160126686096
0.3444119393825531
0.5847895741462708
0.2847841680049896
0.4782011806964874
0.5569368600845337
0.5805898904800415
0.34625327587127686
0.5134002566337585
0.3792896270751953
0.24428585171699524
0.36295878887176514
0.28506550192832947
0.4324813485145569
0.5778917074203491
0.39783617854118347
0.46630361676216125
0.6188743710517883
0.4736141264438629
0.4371804893016815
0.47229018807411194
0.3537482023239136
0.534011960029602
0.3065311908721924
0.6195626258850098
0.3756244480609894
0.3479868173599243
0.14904704689979553
0.566378116607666
0.593224823474884
0.0776640772819519
0.5802208781242371
0.48566335439682007
0.5727877616882324
0.4962227940559387
0.06290087103843689
0.4947960376739502
0.4786014258861542
0.3830491304397583
0.3453581929206848
0.37828877568244934
0.643609344959259
0.4384532868862152
0.371612012386322
0.3621027171611786
0.4040735065937042
0.11013266444206238
0.5881820917129517
0.5893415212631226
0.6033446788787842
0.4837017059326172
0.4678831994533539
0.5736973285675049
0.5421715378761292
0.6064920425415039
0.12815555930137634
0.5886515378952026
0.5832901000976562
0.4760099947452545
0.37002813816070557
0.544991135597229
0.23440760374069214
0.5355833172798157
0.2803070545196533
0.6601130962371826
0.17162564396858215
0.08164584636688232
0.526194155216217
0.3678169846534729
0.2690046429634094
0.4557749629020691
0.3002287745475769
0.4758859872817993
0.5110567808151245
0.5920084714889526
0.49975842237472534
0.4320036470890045
0.17990675568580627
0.43816062808036804
0.4950985014438629
0.46630361676216125
0.2761020064353943
0.5690560936927795
0.2948877513408661
0.4598161578178406
0.43654167652130127
0.414547860622406
0.3285958170890808
0.4527665674686432
0.6067613959312439
0.4441744387149811
0.6253812909126282
0.12814629077911377
0.14322683215141296
0.5010924935340881
0.47570866346359253
0.24652424454689026
0.2488449215888977
0.44938915967941284
0.42161598801612854
0.29642733931541443
0.5642675161361694
0.2951759397983551
0.2748039960861206
0.3487117290496826
0.5913169980049133
0.4305400252342224
0.5705451965332031
0.30732595920562744
0.13312450051307678
0.6090425252914429
0.16395702958106995
0.25772303342819214
0.5164921283721924
0.4066709578037262
0.4617907702922821
0.4319913983345032
0.5020742416381836
0.5832663774490356
0.5788154006004333
0.4322795867919922
0.49684715270996094
0.45675498247146606
0.33901506662368774
0.542493999004364
0.2250262200832367
0.5233892798423767
0.6328052282333374
0.3045204281806946
0.33993083238601685
0.660744845867157
0.031965434551239014
0.43585205078125
0.3308718204498291
0.24652424454689026
0.43357110023498535
0.1398756206035614
0.41716569662094116
0.4387225806713104
0.08212777972221375
0.5017074346542358
0.6066545844078064
0.47374051809310913
0.142361581325531
0.21811988949775696
0.6187277436256409
0.559334933757782
0.49768564105033875
0.22599941492080688
0.5508891940116882
0.3805024027824402
0.4570319950580597
0.47805073857307434
0.12676569819450378
0.552628755569458
0.6134210824966431
0.5716627836227417
0.5771449208259583
0.5738467574119568
0.46983203291893005
0.4747048020362854
0.4277462363243103
0.3591093420982361
0.2524823546409607
0.53694748878479
0.4858155846595764
0.3920564353466034
0.49456697702407837
0.5974620580673218
0.6103299260139465
0.24496743083000183
0.5908655524253845
0.4088975191116333
0.5523611307144165
0.52495276927948
0.5730869174003601
0.46350178122520447
0.5096653699874878
0.5789915919303894
0.42371731996536255
0.5717042684555054
0.48342370986938477
0.4281885027885437
0.22188836336135864
0.45934945344924927
0.5955719947814941
0.4275900423526764
0.3992043733596802
0.5815026760101318
0.3337732255458832
0.6378172636032104
0.41484156250953674
0.5586065649986267
0.09124597907066345
0.3278586268424988
0.38448482751846313
0.23782998323440552
0.4937107563018799
0.5638201832771301
0.19022977352142334
0.17783033847808838
0.2721973657608032
0.307862788438797
0.12526068091392517
0.08512809872627258
0.5688048005104065
0.41363364458084106
0.20367538928985596
0.41831833124160767
0.41399961709976196
0.5632649660110474
0.6128918528556824
0.22254282236099243
0.5611932873725891
0.31602412462234497
0.2676439583301544
0.11120697855949402
0.5349933505058289
0.10285118222236633
0.5988141894340515
0.39963310956954956
0.5312383770942688
0.5882479548454285
0.41686397790908813
0.40728914737701416
0.10507252812385559
0.44311150908470154
0.6781852841377258
0.49040085077285767
0.5906659960746765
0.5891058444976807
0.3902726471424103
0.4866431653499603
0.579103946685791
0.586433470249176
0.1690189242362976
0.5648459196090698
0.5718762278556824
0.6877507567405701
0.6336063146591187
0.46444958448410034
0.5927644371986389
0.5903587341308594
0.48005685210227966
0.3878348171710968
0.5297719240188599
0.4293966293334961
0.13237616419792175
0.5484996438026428
0.07161781191825867
0.19227853417396545
0.5442761778831482
0.3850246071815491
0.16976884007453918
0.33645105361938477
0.1442032754421234
0.5217542052268982
0.2564527094364166
0.4215293526649475
0.44044336676597595
0.12219211459159851
0.5733288526535034
0.3195524215698242
0.5589708089828491
0.5053936243057251
0.0252077579498291
0.5195755362510681
0.4832363426685333
0.4586012065410614
0.4618738293647766
0.365267813205719
0.5439717769622803
0.415347158908844
0.10021466016769409
0.13702574372291565
0.4708779454231262
0.46521008014678955
0.5913169980049133
0.5099121928215027
0.4248359799385071
0.4251694679260254
0.42588257789611816
0.44748950004577637
0.21136602759361267
0.37151896953582764
0.5545926094055176
0.5877854228019714
0.5732393860816956
0.2524823546409607
0.5403737425804138
0.2107323706150055
0.26291394233703613
0.5232499837875366
0.4696684777736664
0.31615516543388367
0.38457468152046204
0.17730578780174255
0.3408324718475342
0.5903007388114929
0.1595992147922516
0.425473153591156
0.5295023918151855
0.3731011152267456
0.402109831571579
0.3844277262687683
0.6087992787361145
0.26049140095710754
0.5507484078407288
0.5261266827583313
0.6123862862586975
0.2907707691192627
0.4441579282283783
0.20880800485610962
0.3392316699028015
0.2423326075077057
0.2659602463245392
0.3272145688533783
0.35652172565460205
0.1897529661655426
0.22400960326194763
0.6273972988128662
0.16439083218574524
0.39681705832481384
0.5462390184402466
0.3820752203464508
0.5510823726654053
0.6285097599029541
0.5718212723731995
0.28018105030059814
0.5053237676620483
0.5751306414604187
0.6042719483375549
0.5027833580970764
0.489353746175766
0.3788566589355469
0.3741888999938965
0.603369951248169
0.3896929621696472
0.4446140229701996
0.4466254711151123
0.49636557698249817
0.48724183440208435
0.37418803572654724
0.19048261642456055
0.42860621213912964
0.5648661255836487
0.568791389465332
0.26908978819847107
0.19353234767913818
0.5978612303733826
0.4275900423526764
0.4919583797454834
0.5854479670524597
0.5952367186546326
0.5288136005401611
0.5814661979675293
0.6462286710739136
0.3654659390449524
0.4280746877193451
0.23440760374069214
0.12581372261047363
0.20327863097190857
0.29642733931541443
0.2766186594963074
0.38253194093704224
0.4939357042312622
0.6354978680610657
0.09870949387550354
0.3317152261734009
0.586433470249176
0.2478647232055664
0.5553936958312988
0.5409751534461975
0.3976713716983795
0.4522564709186554
0.557161271572113
0.5855900049209595
0.40825843811035156
0.08131879568099976
0.42252635955810547
0.4974646270275116
0.19179382920265198
0.3680410385131836
0.2741101384162903
0.3620963990688324
0.5686834454536438
0.23810455203056335
0.29988422989845276
0.559106707572937
0.5806308388710022
0.49221229553222656
0.5859014987945557
0.4177963137626648
0.29642733931541443
0.5922762751579285
0.4452674388885498
0.5547941327095032
0.552560567855835
0.3805024027824402
0.09923508763313293
0.20328578352928162
0.5024588108062744
0.5431735515594482
0.3928006887435913
0.5530784726142883
0.2742650508880615
0.35121139883995056
0.4670582413673401
0.562800943851471
0.33665621280670166
0.43241727352142334
0.43022865056991577
0.48954081535339355
0.41217148303985596
0.20144107937812805
0.2562621235847473
0.35721930861473083
0.313360333442688
0.6057257652282715
0.5378891825675964
0.3044290244579315
0.5402005910873413
0.1351182460784912
0.5617347955703735
0.15816226601600647
0.4937829375267029
0.3453221321105957
0.28384917974472046
0.2642119824886322
0.5973142385482788
0.6537417769432068
0.46795564889907837
0.1339305341243744
0.2519457936286926
0.22186490893363953
0.3241210877895355
0.4927622079849243
0.4760099947452545
0.3934188783168793
0.610041618347168
0.2676430940628052
0.5832259654998779
0.4529542922973633
0.40257638692855835
0.40075933933258057
0.5906078815460205
0.5213437676429749
0.47164732217788696
0.5024992227554321
0.46728047728538513
0.5406755805015564
0.5182842016220093
0.23372575640678406
0.5701395869255066
0.24928800761699677
0.3568192422389984
0.43232694268226624
0.5111597776412964
0.545577883720398
0.227699875831604
0.5356655716896057
0.2515522837638855
0.5450541377067566
0.5805854797363281
0.5680752992630005
0.6555827856063843
0.15230557322502136
0.2825177311897278
0.5277912616729736
0.053497761487960815
0.12523850798606873
0.4171105623245239
0.4354824125766754
0.2179829478263855
0.3012916147708893
0.31995707750320435
0.3084251284599304
0.4852670133113861
0.5121245384216309
0.5636196136474609
0.21426254510879517
0.514540433883667
0.31350481510162354
0.15230557322502136
0.4118284583091736
0.4623304009437561
0.5746603012084961
0.227699875831604
0.4731258749961853
0.4622647762298584
0.393786758184433
0.19353234767913818
0.6283266544342041
0.2387399971485138
0.44875985383987427
0.5638405084609985
0.3053930103778839
0.4151099622249603
0.560640275478363
0.6046202778816223
0.49940621852874756
0.4218117892742157
0.2166130244731903
0.45588284730911255
0.455370157957077
0.29094693064689636
0.10502073168754578
0.52681964635849
0.25411540269851685
0.35819005966186523
0.22428631782531738
0.45894038677215576
0.3368850350379944
0.1587616205215454
0.538625955581665
0.28506550192832947
0.15061154961585999
0.52495276927948
0.4529542922973633
0.4865344762802124
0.5535228848457336
0.48606911301612854
0.4068111777305603
0.3893126845359802
0.48465481400489807
0.3916636109352112
0.28867828845977783
0.41056913137435913
0.2560785412788391
0.5645827054977417
0.400921493768692
0.6073967814445496
0.29077574610710144
0.5182842016220093
0.5676442384719849
0.6083940863609314
0.3519904613494873
0.5283351540565491
0.2701262831687927
0.35460764169692993
0.4504169821739197
0.6188743710517883
0.37812188267707825
0.283170610666275
0.4784772992134094
0.4777475893497467
0.44497910141944885
0.47809091210365295
0.5625844597816467
0.5722296237945557
0.5779888033866882
0.22102829813957214
0.5738485455513
0.5438038110733032
0.5508891940116882
0.4143083691596985
0.3788566589355469
0.3343127369880676
0.3741888999938965
0.45267361402511597
0.5930048823356628
0.2690938115119934
0.5151430368423462
0.5811771750450134
0.053497761487960815
0.5655147433280945
0.4903375804424286
0.28591278195381165
0.583145797252655
0.36292994022369385
0.5912935137748718
0.22102829813957214
0.06224504113197327
0.49042025208473206
0.43916258215904236
0.5769088864326477
0.24616557359695435
0.46023398637771606
0.47067418694496155
0.48123788833618164
0.10063344240188599
0.42431017756462097
0.2435271143913269
0.33849450945854187
0.3119209110736847
0.09162262082099915
0.41600459814071655
0.23016533255577087
0.2960752546787262
0.5035527944564819
0.3996872007846832
0.5509271025657654
0.5683493614196777
0.19287580251693726
0.1650063693523407
0.4947962164878845
0.2712613642215729
0.5655147433280945
0.15851280093193054
0.6432507038116455
0.4931546151638031
0.2880786061286926
0.34472280740737915
0.5841893553733826
0.5460233092308044
0.5647334456443787
0.47767147421836853
0.18659445643424988
0.3655882179737091
0.5285617709159851
0.5881431102752686
0.48571670055389404
0.3461291491985321
0.2880745232105255
0.14966461062431335
0.5988034009933472
0.5732957124710083
0.600458025932312
0.33061081171035767
0.3377753496170044
0.3377753496170044
0.45728224515914917
0.42369893193244934
0.4848260283470154
0.5622135400772095
0.3806636333465576
0.2586432099342346
0.497505784034729
0.3931371867656708
0.5476764440536499
0.15166476368904114
0.49168622493743896
0.276651531457901
0.44827836751937866
0.48622754216194153
0.4459802806377411
0.3713376522064209
0.5187687873840332
0.4530005156993866
0.43390947580337524
0.24662545323371887
0.40095067024230957
0.5648345947265625
0.22732070088386536
0.5617347955703735
0.1972467005252838
0.4545278251171112
0.476054847240448
0.23757979273796082
0.2179829478263855
0.4436340928077698
0.43215030431747437
0.5363640189170837
0.4203540086746216
0.4649406969547272
0.13246729969978333
0.4186875522136688
0.5486786961555481
0.6641214489936829
0.4062230885028839
0.4090934991836548
0.4695920944213867
0.1865859031677246
0.19217273592948914
0.499368816614151
0.5066444873809814
0.22773268818855286
0.38163653016090393
0.4522564709186554
0.31330060958862305
0.2847841680049896
0.4282870292663574
0.43104690313339233
0.35663825273513794
0.19693294167518616
0.5212442278862
0.5313665270805359
0.4943949282169342
0.18428823351860046
0.4157203733921051
0.17308977246284485
0.4620286524295807
0.2419002652168274
0.6326056718826294
0.4857162833213806
0.38859203457832336
0.5521788597106934
0.24531272053718567
0.1226038932800293
0.4752218425273895
0.310895711183548
0.43611958622932434
0.39160415530204773
0.20100468397140503
0.47979819774627686
0.4988325536251068
0.6637844443321228
0.5897279977798462
0.542493999004364
0.5518333911895752
0.5642675161361694
0.43863022327423096
0.5724875330924988
0.564142644405365
0.4720677137374878
0.5135630369186401
0.227293461561203
0.3612769544124603
0.15220609307289124
0.5202308297157288
0.3152535557746887
0.34686481952667236
0.4165076017379761
0.562125563621521
0.3516600430011749
0.4001166522502899
0.5938069224357605
0.41445988416671753
0.5482653975486755
0.5891067385673523
0.589006245136261
0.2467404007911682
0.5146467089653015
0.671059250831604
0.5774795413017273
0.5150081515312195
0.545504629611969
0.5362132787704468
0.48406869173049927
0.5076302289962769
0.5965679287910461
0.4236777424812317
0.48722338676452637
0.31108206510543823
0.5645827054977417
0.14875862002372742
0.43455225229263306
0.1425301730632782
0.3926540017127991
0.571907639503479
0.42095857858657837
0.5465837717056274
0.22732746601104736
0.48066937923431396
0.6014969348907471
0.30534833669662476
0.4522564709186554
0.3640707731246948
0.6888309121131897
0.6402609348297119
0.35782390832901
0.10107475519180298
0.3845334053039551
0.36933156847953796
0.5476596355438232
0.5941141247749329
0.5826602578163147
0.5719538927078247
0.13375520706176758
0.1788540780544281
0.4530474841594696
0.3241210877895355
0.5605090260505676
0.52071213722229
0.5544325709342957
0.19353234767913818
0.09749758243560791
0.400369793176651
0.5602548122406006
0.2508379817008972
0.48222342133522034
0.12501701712608337
0.5839099884033203
0.3147185742855072
0.17760995030403137
0.6532458066940308
0.05811634659767151
0.4675285816192627
0.5774795413017273
0.3389670252799988
0.1286335289478302
0.4259127974510193
0.26875779032707214
0.12251865863800049
0.23103830218315125
0.5319302678108215
0.400921493768692
0.5520056486129761
0.40899407863616943
0.5939218401908875
0.39151081442832947
0.5279235243797302
0.4131757616996765
0.6145755648612976
0.365260511636734
0.4019220769405365
0.2602795958518982
0.2962953448295593
0.5139492750167847
0.25411540269851685
0.3190116882324219
0.40403640270233154
0.3573252856731415
0.4453928768634796
0.4203540086746216
0.6273186206817627
0.279036283493042
0.48007842898368835
0.5191996097564697
0.23782998323440552
0.5355666279792786
0.6641214489936829
0.41601893305778503
0.40008553862571716
0.2659602463245392
0.49396395683288574
0.42340582609176636
0.1418898105621338
0.46535760164260864
0.2907905578613281
0.6378172636032104
0.5791478157043457
0.6045529246330261
0.3827701210975647
0.5010305047035217
0.513778567314148
0.46412545442581177
0.47108280658721924
0.31225013732910156
0.10283607244491577
0.4182139039039612
0.6002100110054016
0.3276968002319336
0.570946991443634
0.48843440413475037
0.469793438911438
0.5867549180984497
0.5821442604064941
0.40288370847702026
0.2818091809749603
0.576971709728241
0.22254282236099243
0.43455225229263306
0.517400860786438
0.346100389957428
0.10198310017585754
0.5586303472518921
0.09388881921768188
0.07684695720672607
0.25156325101852417
0.4145514965057373
0.41546767950057983
0.22802123427391052
0.47455695271492004
0.23729494214057922
0.5034469366073608
0.23113366961479187
0.34708327054977417
0.5199213027954102
0.5855139493942261
0.3016900420188904
0.17552843689918518
0.5472596287727356
0.5821515321731567
0.3595132827758789
0.5064504146575928
0.22826048731803894
0.6195626258850098
0.5923140048980713
0.3461454510688782
0.3299328684806824
0.2756084203720093
0.2290596067905426
0.5339099764823914
0.34410035610198975
0.4277462363243103
0.5746603012084961
0.18282601237297058
0.6567060947418213
0.4590054154396057
0.3656553030014038
0.5993265509605408
0.5431948900222778
0.6132016777992249
0.6297447085380554
0.2435271143913269
0.5648372769355774
0.4978480935096741
0.4344125986099243
0.44904619455337524
0.5706793665885925
0.2990640699863434
0.22102829813957214
0.5210673809051514
0.49168622493743896
0.5017330646514893
0.289451003074646
0.4574519097805023
0.5196630954742432
0.44180741906166077
0.4588997960090637
0.4370187819004059
0.13694915175437927
0.07666012644767761
0.5599926114082336
0.45428380370140076
0.6185647249221802
0.503222644329071
0.6044945120811462
0.6152772307395935
0.4749557375907898
0.2631535530090332
0.5211957097053528
0.5979698300361633
0.5066444873809814
0.6084081530570984
0.45954030752182007
0.5040022134780884
0.6183340549468994
0.2295610010623932
0.478034645318985
0.4329169988632202
0.5757858753204346
0.15436330437660217
0.37575197219848633
0.4746206998825073
0.438856840133667
0.4342751204967499
0.547920823097229
0.24666759371757507
0.04065459966659546
0.23261937499046326
0.21226274967193604
0.3479611277580261
0.2487504780292511
0.5617642402648926
0.48493728041648865
0.34681493043899536
0.5337676405906677
0.1512385904788971
0.5816420316696167
0.26808756589889526
0.3573252856731415
0.6383522748947144
0.22440534830093384
0.5154737830162048
0.416277140378952
0.41308605670928955
0.4088344871997833
0.5187970399856567
0.4531709551811218
0.5603995323181152
0.617587685585022
0.44663500785827637
0.04733702540397644
0.43450459837913513
0.6013085842132568
0.19017693400382996
0.5905362963676453
0.3408324718475342
0.3013865053653717
0.23272716999053955
0.3272145688533783
0.5855830311775208
0.44935622811317444
0.48068922758102417
0.07721778750419617
0.4073958992958069
0.5249412059783936
0.5512567162513733
0.4529542922973633
0.5491399765014648
0.32794323563575745
0.5403344035148621
0.14773383736610413
0.32671716809272766
0.6597933769226074
0.16308125853538513
0.4218117892742157
0.3146623969078064
0.38323649764060974
0.6029490232467651
0.4257473647594452
0.20136907696723938
0.1718786060810089
0.3678169846534729
0.3278248906135559
0.25449660420417786
0.24859291315078735
0.5104601383209229
0.23178279399871826
0.21634647250175476
0.4632619023323059
0.2201925814151764
0.5400024056434631
0.5206122994422913
0.10094830393791199
0.5556235909461975
0.2375025451183319
0.5013942718505859
0.3947478234767914
0.39296358823776245
0.4466254711151123
0.4398210048675537
0.6108248829841614
0.44699129462242126
0.31661051511764526
0.14769479632377625
0.09979405999183655
0.44743722677230835
0.44336873292922974
0.19353234767913818
0.527434766292572
0.440327912569046
0.43677204847335815
0.5516735315322876
0.15858414769172668
0.415585994720459
0.39008522033691406
0.5811253190040588
0.12870755791664124
0.3844277262687683
0.4965018332004547
0.5893306732177734
0.4452674388885498
0.2340787947177887
0.46472734212875366
0.24406743049621582
0.3848412036895752
0.2233670949935913
0.5567799210548401
0.40496253967285156
0.6103299260139465
0.5548068881034851
0.20771700143814087
0.415063738822937
0.5071717500686646
0.5414940714836121
0.5324105024337769
0.12992292642593384
0.2385745346546173
0.16175058484077454
0.5564525723457336
0.12427285313606262
0.5647334456443787
0.6434946656227112
0.5804519057273865
0.2099619209766388
0.4693700075149536
0.5066444873809814
0.40071120858192444
0.33321839570999146
0.4161145091056824
0.5750408172607422
0.11977753043174744
0.5200111865997314
0.519262969493866
0.3821295201778412
0.4413503408432007
0.6449701189994812
0.5999719500541687
0.19971922039985657
0.27265557646751404
0.5178569555282593
0.464169979095459
0.45678961277008057
0.2100292146205902
0.4931546151638031
0.510128915309906
0.6004239916801453
0.21861940622329712
0.3922680616378784
0.4452674388885498
0.5730869174003601
0.583895742893219
0.45015019178390503
0.5186396241188049
0.579884946346283
0.3714345097541809
0.5773850679397583
0.2836666703224182
0.3985399007797241
0.5407382249832153
0.586433470249176
0.3782768249511719
0.45181041955947876
0.5371749997138977
0.5278449654579163
0.5587707161903381
0.6553891897201538
0.37078094482421875
0.6048361659049988
0.5765316486358643
0.5876577496528625
0.5820417404174805
0.45685920119285583
0.23932361602783203
0.35177314281463623
0.22931528091430664
0.26899099349975586
0.6434410810470581
0.5470048189163208
0.5502319931983948
0.4348125159740448
0.1842379868030548
0.6063735485076904
0.4142093360424042
0.41273218393325806
0.5845631957054138
0.49929577112197876
0.317220538854599
0.3674282431602478
0.6090623736381531
0.5808708071708679
0.5594288110733032
0.4515131115913391
0.3152993619441986
0.3523988127708435
0.6364094614982605
0.14256086945533752
0.25624924898147583
0.26189878582954407
0.5759592652320862
0.16481149196624756
0.43149930238723755
0.5480970740318298
0.49030327796936035
0.597854495048523
0.464169979095459
0.4450184106826782
0.5740261077880859
0.526484489440918
0.4988442659378052
0.20330950617790222
0.6179264783859253
0.4452674388885498
0.08732429146766663
0.5617257952690125
0.40257513523101807
0.13812926411628723
0.5712026357650757
0.5191003084182739
0.4981217384338379
0.4785098135471344
0.42342984676361084
0.5934752821922302
0.4306918680667877
0.4001166522502899
0.2385355830192566
0.4737860858440399
0.45230984687805176
0.5207215547561646
0.2084212601184845
0.5248938202857971
0.3969147801399231
0.22095808386802673
0.5019020438194275
0.38240623474121094
0.3940369486808777
0.576003909111023
0.26136288046836853
0.30534833669662476
0.38687843084335327
0.34876924753189087
0.227699875831604
0.6600193977355957
0.2417544722557068
0.40743446350097656
0.4123378396034241
0.4776104688644409
0.544097900390625
0.5188279747962952
0.19268986582756042
0.5435391068458557
0.5648661255836487
0.47371983528137207
0.37568604946136475
0.5876772999763489
0.41273412108421326
0.23382243514060974
0.03711453080177307
0.1790512502193451
0.3145003318786621
0.2514166533946991
0.09999856352806091
0.27563661336898804
0.4673011302947998
0.6047988533973694
0.5961052179336548
0.07908305525779724
0.6044132113456726
0.46931666135787964
0.43356579542160034
0.42384299635887146
0.14024856686592102
0.46271538734436035
0.12868744134902954
0.20125436782836914
0.5585270524024963
0.6015373468399048
0.145106703042984
0.44796717166900635
0.3142668604850769
0.32485875487327576
0.34006810188293457
0.5969635248184204
0.27277329564094543
0.49158594012260437
0.4197027087211609
0.491698682308197
0.5882479548454285
0.5740354061126709
0.5808039903640747
0.47612470388412476
0.29286178946495056
0.44538235664367676
0.359438419342041
0.4354994297027588
0.20735451579093933
0.5007984638214111
0.12675336003303528
0.3285876512527466
0.6363129615783691
0.2770846486091614
0.3548884987831116
0.4021000564098358
0.39118310809135437
0.21857860684394836
0.5774628520011902
0.5463313460350037
0.43808379769325256
0.5771194100379944
0.5556235909461975
0.5313665270805359
0.42425060272216797
0.5882479548454285
0.4048525094985962
0.5988388061523438
0.39603716135025024
0.5462807416915894
0.5142021775245667
0.24457669258117676
0.4322795867919922
0.540034830570221
0.4400312304496765
0.565133810043335
0.5655147433280945
0.4598855674266815
0.5966659784317017
0.08875969052314758
0.5550746321678162
0.3703829348087311
0.5876407027244568
0.41911160945892334
0.16725793480873108
0.5736466646194458
0.5366226434707642
0.1728215515613556
0.3669542074203491
0.5855900049209595
0.5398855209350586
0.6072675585746765
0.372367799282074
0.16043514013290405
0.3921261727809906
0.5826489329338074
0.6320529580116272
0.33154088258743286
0.5139492750167847
0.46142274141311646
0.40246808528900146
0.613734245300293
0.2090720236301422
0.07638201117515564
0.5113497972488403
0.5720080137252808
0.4369109869003296
0.5419908761978149
0.538027286529541
0.1820041835308075
0.43221643567085266
0.5660737156867981
0.6052367687225342
0.3962668478488922
0.4642488956451416
0.4904778003692627
0.4311365485191345
0.2649519741535187
0.11198288202285767
0.17760995030403137
0.3887512683868408
0.511982262134552
0.6020116806030273
0.2997623682022095
0.49789077043533325
0.2298213541507721
0.43933817744255066
0.6352939009666443
0.5320149660110474
0.5647597312927246
0.6658047437667847
0.418793648481369
0.5743712186813354
0.45626363158226013
0.30163753032684326
0.3033835291862488
0.0836091935634613
0.5995228290557861
0.4572640061378479
0.5298663973808289
0.4686560034751892
0.48407408595085144
0.45973721146583557
0.1954835057258606
0.2384975552558899
0.17900222539901733
0.583137571811676
0.4760099947452545
0.46630409359931946
0.5543612241744995
0.11500588059425354
0.45685920119285583
0.5700046420097351
0.34203383326530457
0.12996432185173035
0.5161261558532715
0.443598210811615
0.6020116806030273
0.45178547501564026
0.5180320739746094
0.3952856659889221
0.585820198059082
0.056607842445373535
0.19510427117347717
0.5302962064743042
0.27747905254364014
0.5121877789497375
0.42287641763687134
0.3037973642349243
0.4748935103416443
0.5076092481613159
0.6114365458488464
0.5755141377449036
0.5388128161430359
0.15230557322502136
0.60679030418396
0.4208390712738037
0.5526280403137207
0.37846580147743225
0.35167038440704346
0.44748950004577637
0.2728332281112671
0.36368227005004883
0.556462287902832
0.3916327953338623
0.507154643535614
0.5903007388114929
0.29796335101127625
0.5612191557884216
0.27614083886146545
0.43934711813926697
0.4406503438949585
0.3862391710281372
0.35971876978874207
0.5375736355781555
0.534870445728302
0.33241549134254456
0.227699875831604
0.41775691509246826
0.36888444423675537
0.30488690733909607
0.39318862557411194
0.24680203199386597
0.6428125500679016
0.2051243782043457
0.4873295724391937
0.3656553030014038
0.568998396396637
0.6165409684181213
0.4420263171195984
0.4554949998855591
0.29642733931541443
0.6121482849121094
0.5774795413017273
0.5123189687728882
0.2835846543312073
0.28676679730415344
0.5406755805015564
0.5770562887191772
0.5860302448272705
0.2524823546409607
0.5105555057525635
0.430669367313385
0.6073905229568481
0.5361189842224121
0.6888309121131897
0.13846874237060547
0.13622435927391052
0.5431516170501709
0.10119685530662537
0.2272035777568817
0.552584171295166
0.25309431552886963
0.6289661526679993
0.3402332067489624
0.19629675149917603
0.4082949757575989
0.5349559783935547
0.3523988127708435
0.2728332281112671
0.19274786114692688
0.572507917881012
0.538625955581665
0.526012659072876
0.20030957460403442
0.4169003963470459
0.2209206521511078
0.5707905888557434
0.27060163021087646
0.4773121774196625
0.2847841680049896
0.6375268697738647
0.6088811159133911
0.5433421730995178
0.4822404980659485
0.06286534667015076
0.268906831741333
0.25118428468704224
0.19632014632225037
0.033514440059661865
0.42367157340049744
0.10480409860610962
0.5723450779914856
0.46974408626556396
0.5539747476577759
0.5648661255836487
0.43579450249671936
0.46718913316726685
0.3805024027824402
0.18060341477394104
0.4998705983161926
0.227699875831604
0.6079105138778687
0.3829197883605957
0.3967255651950836
0.5542082786560059
0.2664816379547119
0.5584291219711304
0.5933818221092224
0.19421589374542236
0.3052472770214081
0.5099121928215027
0.5503398180007935
0.5202996134757996
0.4773121774196625
0.5269798636436462
0.501667857170105
0.07941457629203796
0.3032209873199463
0.053497761487960815
0.5513391494750977
0.22398141026496887
0.5095794796943665
0.5572397112846375
0.4394518733024597
0.3621027171611786
0.40998122096061707
0.5549315214157104
0.37884026765823364
0.5795657634735107
0.43472719192504883
0.2870022654533386
0.4707570970058441
0.4712085425853729
0.39084187150001526
0.5269798636436462
0.5139492750167847
0.5024992227554321
0.3812553286552429
0.325692355632782
0.3741888999938965
0.28377723693847656
0.42425060272216797
0.17552843689918518
0.5632159113883972
0.599869430065155
0.5498022437095642
0.3491717576980591
0.4686560034751892
0.4622015058994293
0.23103830218315125
0.36686158180236816
0.5287782549858093
0.45934945344924927
0.37706637382507324
0.5208593010902405
0.5944435000419617
0.4025915563106537
0.40825843811035156
0.3621027171611786
0.49975842237472534
0.6013085842132568
0.07423150539398193
0.43744567036628723
0.3084251284599304
0.1878652572631836
0.3523988127708435
0.13962137699127197
0.2099619209766388
0.4518554210662842
0.6402609348297119
0.5453779101371765
0.4107630252838135
0.1403043568134308
0.12676569819450378
0.4852198362350464
0.400369793176651
0.2847841680049896
0.04390770196914673
0.22938022017478943
0.41904714703559875
0.5404785871505737
0.542493999004364
0.4226568341255188
0.5309491157531738
0.6188743710517883
0.5835077166557312
0.5347785949707031
0.544097900390625
0.46972066164016724
0.558077335357666
0.227699875831604
0.3940441608428955
0.3964492678642273
0.28608188033103943
0.5110567808151245
0.08207163214683533
0.48407408595085144
0.4317467510700226
0.4647507965564728
0.04733702540397644
0.2906811833381653
0.5765923857688904
0.3638729453086853
0.12501701712608337
0.48724183440208435
0.5768965482711792
0.4227825701236725
0.25450366735458374
0.0544799268245697
0.5897783637046814
0.6081842184066772
0.4684109687805176
0.4893479347229004
0.23323020339012146
0.540626585483551
0.4105291962623596
0.18893036246299744
0.5253446698188782
0.5832840800285339
0.39151081442832947
0.2454058825969696
0.3583286702632904
0.5105053782463074
0.32956209778785706
0.4210698902606964
0.19499459862709045
0.4076583683490753
0.4334338307380676
0.39160415530204773
0.5720179080963135
0.6086270809173584
0.3487117290496826
0.4670582413673401
0.19936701655387878
0.4625938832759857
0.3291202783584595
0.5904198884963989
0.46884164214134216
0.49661004543304443
0.45894038677215576
0.22138342261314392
0.5913746953010559
0.4094237685203552
0.1642564833164215
0.4181405305862427
0.25450366735458374
0.3855116367340088
0.5832259654998779
0.4111955463886261
0.26042529940605164
0.43329840898513794
0.5846875905990601
0.38457468152046204
0.3665490448474884
0.6167459487915039
0.48007842898368835
0.5628517270088196
0.5661240816116333
0.38845688104629517
0.14585301280021667
0.6537417769432068
0.351358026266098
0.3268052935600281
0.5744699239730835
0.5880686044692993
0.3722793459892273
0.053497761487960815
0.4457579255104065
0.09975478053092957
0.4674524664878845
0.14710751175880432
0.5876407027244568
0.4151099622249603
0.44578486680984497
0.42313170433044434
0.42523694038391113
0.45470380783081055
0.25211238861083984
0.4658413529396057
0.36160531640052795
0.16874080896377563
0.40804073214530945
0.5613868236541748
0.4422871172428131
0.5402005910873413
0.40549442172050476
0.3743112087249756
0.5356834530830383
0.209254652261734
0.43522584438323975
0.47108280658721924
0.38139608502388
0.2836589813232422
0.15815046429634094
0.562462329864502
0.25687074661254883
0.4379645884037018
0.5560905933380127
0.4565878212451935
0.13352134823799133
0.551470935344696
0.5320850014686584
0.43522584438323975
0.5925689935684204
0.49891939759254456
0.34149590134620667
0.5589708089828491
0.3145003318786621
0.268936425447464
0.5603995323181152
0.3952856659889221
0.5290794968605042
0.4491269588470459
0.38759779930114746
0.3385739326477051
0.5146056413650513
0.17602089047431946
0.37780141830444336
0.32629066705703735
0.3524877429008484
0.3663274645805359
0.586215615272522
0.23109376430511475
0.536952555179596
0.356597363948822
0.10707485675811768
0.5293960571289062
0.48465481400489807
0.22720053791999817
0.3213997781276703
0.408647358417511
0.5036666393280029
0.4640754163265228
0.48470979928970337
0.2970680594444275
0.44287943840026855
0.40634262561798096
0.5091745257377625
0.35933494567871094
0.5953345894813538
0.4559129774570465
0.49291616678237915
0.5044538378715515
0.21927592158317566
0.41092103719711304
0.37900835275650024
0.5655147433280945
0.5916159152984619
0.4398251473903656
0.5382359027862549
0.5498902797698975
0.6032722592353821
0.23785850405693054
0.5895273685455322
0.39582765102386475
0.43904560804367065
0.4238303303718567
0.5794999599456787
0.6102616190910339
0.373971551656723
0.16781803965568542
0.4218117892742157
0.361912339925766
0.5679298639297485
0.5276495218276978
0.2694207429885864
0.2454870641231537
0.5187687873840332
0.4100285768508911
0.3223475217819214
0.44250521063804626
0.08733394742012024
0.22988072037696838
0.549189031124115
0.586433470249176
0.227699875831604
0.548713207244873
0.3864239752292633
0.6434410810470581
0.3451997935771942
0.4101714491844177
0.6024673581123352
0.5474257469177246
0.5099121928215027
0.5803414583206177
0.5513391494750977
0.4238303303718567
0.4596331715583801
0.5542572140693665
0.43459582328796387
0.4755227267742157
0.29468977451324463
0.49698275327682495
0.4001166522502899
0.2225584089756012
0.44191092252731323
0.4995616674423218
0.24174764752388
0.4833305776119232
0.35533392429351807
0.13531482219696045
0.44236594438552856
0.20030957460403442
0.4881204068660736
0.5894805192947388
0.2185835838317871
0.38859227299690247
0.12607604265213013
0.4839911162853241
0.42431017756462097
0.4790588319301605
0.4592166244983673
0.3013865053653717
0.42377111315727234
0.12523850798606873
0.5169668197631836
0.32778099179267883
0.6537417769432068
0.4910759925842285
0.5604103207588196
0.21831446886062622
0.5653431415557861
0.6043616533279419
0.3303203284740448
0.5935345888137817
0.14024856686592102
0.12321105599403381
0.3793298006057739
0.2866477966308594
0.4040624499320984
0.24682268500328064
0.14863163232803345
0.5111597776412964
0.1226038932800293
0.5306214094161987
0.37900835275650024
0.26598748564720154
0.5561279058456421
0.5414295196533203
0.49567416310310364
0.5774628520011902
0.5891938209533691
0.4001966714859009
0.4449310004711151
0.44036567211151123
0.4890987277030945
0.4852198362350464
0.24776603281497955
0.527434766292572
0.30240219831466675
0.5740354061126709
0.5484996438026428
0.26952895522117615
0.5951300859451294
0.12815555930137634
0.633818507194519
0.5749667882919312
0.5349501371383667
0.5071717500686646
0.5276495218276978
0.09975478053092957
0.44260087609291077
0.30494678020477295
0.2435271143913269
0.5971240997314453
0.5940420627593994
0.35917001962661743
0.16677764058113098
0.39290326833724976
0.6374883651733398
0.41904714703559875
0.4976619482040405
0.4569755792617798
0.42314577102661133
0.5481008887290955
0.47897905111312866
0.3560640215873718
0.4118284583091736
0.48737800121307373
0.5880029797554016
0.49699848890304565
0.5645827054977417
0.09487304091453552
0.48203080892562866
0.6195626258850098
0.42395132780075073
0.16907337307929993
0.3071788549423218
0.5814070701599121
0.5622836947441101
0.4502789080142975
0.5278655290603638
0.3005046248435974
0.3573252856731415
0.6462286710739136
0.1634140908718109
0.5185356140136719
0.5427851676940918
0.033514440059661865
0.45948055386543274
0.3037617802619934
0.16970157623291016
0.3907833695411682
0.6174896359443665
0.4728021025657654
0.6022471189498901
0.35047799348831177
0.5802506804466248
0.5108984708786011
0.42395132780075073
0.36980658769607544
0.4522564709186554
0.4372224807739258
0.5613967180252075
0.4227115213871002
0.5494258403778076
0.21986034512519836
0.3219195604324341
0.5716668963432312
0.568998396396637
0.11480852961540222
0.4056937098503113
0.45967498421669006
0.48845937848091125
0.35477906465530396
0.14090898633003235
0.4522564709186554
0.55795818567276
0.3202314078807831
0.26778852939605713
0.2214774787425995
0.10897913575172424
0.3337732255458832
0.27083706855773926
0.5183903574943542
0.5740944147109985
0.42299988865852356
0.5770107507705688
0.3145003318786621
0.3711046576499939
0.4541022777557373
0.44829392433166504
0.36715322732925415
0.13651618361473083
0.4316064119338989
0.46035146713256836
0.3283224105834961
0.4244263172149658
0.3892786502838135
0.44146889448165894
0.1593863070011139
0.5882479548454285
0.053497761487960815
0.4129147231578827
0.48524531722068787
0.41747790575027466
0.5821764469146729
0.33135247230529785
0.5652243494987488
0.11284556984901428
0.49469420313835144
0.45046117901802063
0.5158036947250366
0.14769479632377625
0.6055670976638794
0.2960854172706604
0.1465872824192047
0.5625762939453125
0.0936911404132843
0.6409960389137268
0.658959150314331
0.5556235909461975
0.5406755805015564
0.5586303472518921
0.6188743710517883
0.5976299047470093
0.49183666706085205
0.34433555603027344
0.402109831571579
0.5798181295394897
0.09785434603691101
0.5484996438026428
0.4359102249145508
0.21926134824752808
0.19190600514411926
0.5927644371986389
0.2810446619987488
0.42664775252342224
0.4442821741104126
0.37999671697616577
0.5808213949203491
0.38526153564453125
0.4155895709991455
0.37141865491867065
0.4747048020362854
0.5581598877906799
0.52495276927948
0.5085698366165161
0.45894038677215576
0.447592169046402
0.2419857680797577
0.1295202672481537
0.29795920848846436
0.12483808398246765
0.3305162787437439
0.655956506729126
0.23947176337242126
0.5681294202804565
0.5957329869270325
0.3908088207244873
0.42172688245773315
0.5404971837997437
0.3892737627029419
0.5820643305778503
0.4998168647289276
0.5076048970222473
0.46535760164260864
0.17692670226097107
0.5789618492126465
0.42287641763687134
0.5113497972488403
0.5655147433280945
0.44505128264427185
0.34449315071105957
0.40450236201286316
0.38457468152046204
0.5757381319999695
0.1314009428024292
0.14570149779319763
0.401103675365448
0.3596304953098297
0.47274744510650635
0.6554542183876038
0.5871134400367737
0.6029490232467651
0.3877570629119873
0.45989421010017395
0.26189878582954407
0.42531731724739075
0.3881389796733856
0.5379734039306641
0.23642659187316895
0.20750528573989868
0.4484691619873047
0.6117515563964844
0.38510841131210327
0.4586012065410614
0.26848304271698
0.618736207485199
0.3216301500797272
0.23729494214057922
0.5617188811302185
0.5677469968795776
0.1641787588596344
0.4756973385810852
0.3255448043346405
0.09387359023094177
0.48611879348754883
0.4789768159389496
0.15230557322502136
0.4067779779434204
0.44763776659965515
0.28449487686157227
0.227699875831604
0.40162014961242676
0.5727243423461914
0.2830955386161804
0.33257150650024414
0.39209356904029846
0.2365727722644806
0.3805024027824402
0.12906742095947266
0.3145003318786621
0.4387827217578888
0.1738140881061554
0.5989483594894409
0.5013942718505859
0.41503822803497314
0.21455293893814087
0.4637734293937683
0.23103830218315125
0.5855749845504761
0.26503992080688477
0.568998396396637
0.3388681411743164
0.553415834903717
0.5778571367263794
0.39300745725631714
0.36295878887176514
0.30618926882743835
0.6064780950546265
0.26053014397621155
0.5769088864326477
0.5184960961341858
0.552415132522583
0.4621545672416687
0.45105990767478943
0.14843806624412537
0.5047816038131714
0.3621027171611786
0.3278936743736267
0.4444679617881775
0.33257150650024414
0.49622878432273865
0.11259320378303528
0.17900222539901733
0.2843536138534546
0.5200111865997314
0.3717308044433594
0.5440769791603088
0.18910351395606995
0.4490624964237213
0.29315388202667236
0.555612325668335
0.18413522839546204
0.4835123121738434
0.3865892291069031
0.4170823395252228
0.6434410810470581
0.4215669631958008
0.4423883259296417
0.5694190859794617
0.5894805192947388
0.5019020438194275
0.32701507210731506
0.5836713314056396
0.5136599540710449
0.5960302352905273
0.5892266631126404
0.5221158862113953
0.509719729423523
0.3803115785121918
0.23782998323440552
0.538625955581665
0.48638397455215454
0.3709067702293396
0.49015191197395325
0.48407408595085144
0.45739972591400146
0.39414018392562866
0.5200111865997314
0.5209676027297974
0.18844780325889587
0.21926066279411316
0.6355067491531372
0.5683528184890747
0.5774400234222412
0.4566774368286133
0.4649900794029236
0.5665003657341003
0.3820752203464508
0.1208677887916565
0.3743112087249756
0.6193710565567017
0.19719627499580383
0.5276495218276978
0.2544166147708893
0.5449255704879761
0.3812553286552429
0.6086041331291199
0.620836079120636
0.6235138177871704
0.22640052437782288
0.4553479552268982
0.43357110023498535
0.6387938857078552
0.20274028182029724
0.32174766063690186
0.43999338150024414
0.5685800909996033
0.20197919011116028
0.5759028196334839
0.41484156250953674
0.16666635870933533
0.27401652932167053
0.5870054960250854
0.48146283626556396
0.367989182472229
0.4696451723575592
0.6066545844078064
0.4208390712738037
0.16406041383743286
0.10746243596076965
0.534984827041626
0.033514440059661865
0.32019227743148804
0.339839905500412
0.49047136306762695
0.10157686471939087
0.1560833752155304
0.03901943564414978
0.4796461760997772
0.27432769536972046
0.5724011659622192
0.5988034009933472
0.48481863737106323
0.43265560269355774
0.16666635870933533
0.09749189019203186
0.6297447085380554
0.3614550828933716
0.1264750063419342
0.041886597871780396
0.23272716999053955
0.5195755362510681
0.3887009918689728
0.2970680594444275
0.40217325091362
0.46296778321266174
0.4465450048446655
0.34882256388664246
0.2536269426345825
0.5066485404968262
0.4701462984085083
0.5529068112373352
0.5530784726142883
0.45835742354393005
0.5508891940116882
0.2535321116447449
0.08809545636177063
0.5376295447349548
0.483875572681427
0.5515901446342468
0.5644106268882751
0.586433470249176
0.31865936517715454
0.3204307556152344
0.47275763750076294
0.45086923241615295
0.5918556451797485
0.568221390247345
0.0810026228427887
0.5214373469352722
0.5717267394065857
0.22060835361480713
0.21216407418251038
0.2903221547603607
0.48932045698165894
0.25978246331214905
0.5906251072883606
0.24693727493286133
0.15979012846946716
0.1513725221157074
0.5849360823631287
0.5060244798660278
0.5768027305603027
0.2633529305458069
0.11614838242530823
0.43795105814933777
0.2985360324382782
0.1362380087375641
0.2024262249469757
0.1947362720966339
0.1742074191570282
0.4131186604499817
0.4211162030696869
0.6888309121131897
0.09124597907066345
0.5743712186813354
0.5808708071708679
0.2441731095314026
0.6004446744918823
0.45685920119285583
0.45932459831237793
0.47095125913619995
0.3243757486343384
0.15471073985099792
0.4907398223876953
0.3665490448474884
0.3241210877895355
0.346100389957428
0.21304085850715637
0.4028625190258026
0.6115944385528564
0.418793648481369
0.5538920760154724
0.48375117778778076
0.6402609348297119
0.455370157957077
0.4804338812828064
0.227699875831604
0.18123233318328857
0.5617347955703735
0.28040820360183716
0.3302017152309418
0.6061053276062012
0.48685503005981445
0.5180320739746094
0.4372648298740387
0.41672283411026
0.2816501259803772
0.44416865706443787
0.18296286463737488
0.6143550872802734
0.4522564709186554
0.5182332992553711
0.10668939352035522
0.6593361496925354
0.42384427785873413
0.5274576544761658
0.4257473647594452
0.586114227771759
0.44995248317718506
0.5269115567207336
0.15959981083869934
0.3683064579963684
0.23109376430511475
0.5463622808456421
0.19632014632225037
0.589749813079834
0.38130080699920654
0.46371299028396606
0.4290739595890045
0.5074066519737244
0.49983230233192444
0.5478986501693726
0.263883501291275
0.42325952649116516
0.48635467886924744
0.07706668972969055
0.3970482647418976
0.3008730113506317
0.5181507468223572
0.3793298006057739
0.43272748589515686
0.3719659149646759
0.49158594012260437
0.47395285964012146
0.5862404704093933
0.5693035125732422
0.5635945200920105
0.35964369773864746
0.4277462363243103
0.6138080358505249
0.6537417769432068
0.16626083850860596
0.3053930103778839
0.19353234767913818
0.12012845277786255
0.18683570623397827
0.3053930103778839
0.3517863154411316
0.2847841680049896
0.5510523915290833
0.400739848613739
0.3072386384010315
0.49984288215637207
0.227699875831604
0.053497761487960815
0.1226038932800293
0.6067473292350769
0.49052348732948303
0.30248725414276123
0.3143128752708435
0.4393543601036072
0.662372350692749
0.4866669774055481
0.2235126495361328
0.5832259654998779
0.591745913028717
0.5842675566673279
0.41503822803497314
0.429476261138916
0.5948551297187805
0.547539234161377
0.4541022777557373
0.4013896584510803
0.1285422146320343
0.5554127097129822
0.08188024163246155
0.39160415530204773
0.4790708124637604
0.3693403899669647
0.30732595920562744
0.4424906075000763
0.43232694268226624
0.3146091103553772
0.5339243412017822
0.3689766526222229
0.5393549799919128
0.47174492478370667
0.3837023377418518
0.14718493819236755
0.15641799569129944
0.05609416961669922
0.4623958170413971
0.5831491351127625
0.09562158584594727
0.31097760796546936
0.5803667306900024
0.500610888004303
0.46678388118743896
0.596657395362854
0.4848911166191101
0.5894805192947388
0.3696788549423218
0.5099121928215027
0.22138342261314392
0.6391124129295349
0.4933883845806122
0.14481276273727417
0.35852140188217163
0.266455739736557
0.4796461760997772
0.5043719410896301
0.6228893995285034
0.586215615272522
0.5032703280448914
0.5298663973808289
0.39600372314453125
0.6188743710517883
0.5870834589004517
0.04733702540397644
0.4277462363243103
0.544991135597229
0.20804885029792786
0.5105053782463074
0.4666808545589447
0.46744513511657715
0.4646482765674591
0.30287879705429077
0.6200911998748779
0.6812833547592163
0.3919220268726349
0.4308989942073822
0.45046117901802063
0.559334933757782
0.6087789535522461
0.573879599571228
0.5149489641189575
0.41514021158218384
0.479755699634552
0.3230783939361572
0.42045485973358154
0.28128582239151
0.41048622131347656
0.6911606192588806
0.321460485458374
0.37330588698387146
0.566216230392456
0.6253851652145386
0.5406755805015564
0.09958818554878235
0.609502375125885
0.44005823135375977
0.5648661255836487
0.5276495218276978
0.24913841485977173
0.49566084146499634
0.4679037630558014
0.5508891940116882
0.21128001809120178
0.4765492379665375
0.22712481021881104
0.4514661729335785
0.23261937499046326
0.30852752923965454
0.4253610670566559
0.26993411779403687
0.6779649257659912
0.5449255704879761
0.5748006701469421
0.15795192122459412
0.48406869173049927
0.5655147433280945
0.5438644886016846
0.5754656791687012
0.512681245803833
0.5849613547325134
0.5886833667755127
0.4389577805995941
0.1204129159450531
0.37579482793807983
0.5603995323181152
0.6252624988555908
0.3828553557395935
0.2953840494155884
0.5769396424293518
0.5882479548454285
0.49621087312698364
0.24652424454689026
0.47560402750968933
0.567151665687561
0.15006718039512634
0.4700530171394348
0.5826027989387512
0.3948523700237274
0.4607769250869751
0.4224863350391388
0.2510302662849426
0.38015809655189514
0.09683680534362793
0.5019020438194275
0.6132016777992249
0.4266265630722046
0.0915323793888092
0.48063117265701294
0.556721568107605
0.544097900390625
0.366990864276886
0.4071362018585205
0.4119376540184021
0.5293002724647522
0.6132398843765259
0.599536657333374
0.20853182673454285
0.6145755648612976
0.5908655524253845
0.27798059582710266
0.6384768486022949
0.4100285768508911
0.43681445717811584
0.4415246248245239
0.42698967456817627
0.2803097367286682
0.4555070996284485
0.6658047437667847
0.5556235909461975
0.2505481243133545
0.4779057502746582
0.48985177278518677
0.21811988949775696
0.3943908214569092
0.47455695271492004
0.44721490144729614
0.20417192578315735
0.20003214478492737
0.452667772769928
0.3831484913825989
0.3573252856731415
0.5657174587249756
0.5672386288642883
0.03706562519073486
0.5672386288642883
0.3693764805793762
0.44760802388191223
0.6851787567138672
0.6066449880599976
0.19092589616775513
0.34882354736328125
0.534011960029602
0.37999671697616577
0.586433470249176
0.5798834562301636
0.594991147518158
0.43376609683036804
0.5198616981506348
0.16381120681762695
0.5278655290603638
0.5037339925765991
0.1226038932800293
0.24406015872955322
0.4822799265384674
0.4855651259422302
0.39669424295425415
0.577364444732666
0.44743090867996216
0.5110567808151245
0.5490978360176086
0.4246823787689209
0.6006121635437012
0.5737659931182861
0.5920217037200928
0.4522564709186554
0.5110591650009155
0.3596963882446289
0.33919286727905273
0.5753864049911499
0.4710087180137634
0.3685793876647949
0.5466575026512146
0.5238353610038757
0.48406869173049927
0.2761247456073761
0.43522584438323975
0.6086603403091431
0.5332208871841431
0.153865247964859
0.4446287751197815
0.30543696880340576
0.6011633276939392
0.5533868074417114
0.5706793665885925
0.09300726652145386
0.507510244846344
0.4452674388885498
0.5799309611320496
0.5811271667480469
0.15285512804985046
0.41631609201431274
0.6047988533973694
0.3814902901649475
0.31811991333961487
0.5288423299789429
0.4107709228992462
0.2678183317184448
0.4450969398021698
0.5586307048797607
0.5551074743270874
0.49621087312698364
0.3005896508693695
0.24652424454689026
0.4571346640586853
0.269467294216156
0.4530474841594696
0.5110567808151245
0.5195468068122864
0.5097022652626038
0.2164153754711151
0.5526811480522156
0.3272538483142853
0.2545955181121826
0.48023244738578796
0.12200149893760681
0.5860146880149841
0.48491817712783813
0.6483588218688965
0.20538702607154846
0.5060825943946838
0.4452674388885498
0.48702800273895264
0.501811683177948
0.564602792263031
0.42038148641586304
0.4801696836948395
0.6061053276062012
0.2761247456073761
0.29395148158073425
0.4227115213871002
0.5359978675842285
0.4590792655944824
0.5743712186813354
0.44884929060935974
0.35121703147888184
0.4664473831653595
0.4452674388885498
0.2782713770866394
0.5737872123718262
0.4465450048446655
0.5630213618278503
0.20939913392066956
0.49825766682624817
0.400369793176651
0.5670197010040283
0.3601750135421753
0.19353234767913818
0.5647334456443787
0.17574748396873474
0.11800673604011536
0.21634647250175476
0.42602235078811646
0.59776371717453
0.12815555930137634
0.540364146232605
0.13668623566627502
0.5804861783981323
0.5876444578170776
0.04065459966659546
0.49015167355537415
0.36764299869537354
0.13962137699127197
0.5628501176834106
0.49107927083969116
0.07451555132865906
0.227699875831604
0.3573252856731415
0.09300726652145386
0.23162776231765747
0.4736429452896118
0.08512809872627258
0.5225500464439392
0.42024731636047363
0.5523619651794434
0.38635456562042236
0.4530399739742279
0.4227115213871002
0.4536101222038269
0.5908738374710083
0.24444827437400818
0.631736695766449
0.45967498421669006
0.484432578086853
0.45469826459884644
0.4823242425918579
0.4180232882499695
0.3148539066314697
0.5992672443389893
0.5862741470336914
0.19979575276374817
0.599906861782074
0.5198109149932861
0.48203012347221375
0.42150354385375977
0.5836923718452454
0.44760099053382874
0.6667690277099609
0.22307544946670532
0.3505709767341614
0.6377977728843689
0.3725740313529968
0.08437427878379822
0.09215584397315979
0.3955061435699463
0.2827388048171997
0.07754352688789368
0.35849714279174805
0.5661153197288513
0.4946158230304718
0.5833784937858582
0.2496788501739502
0.3915058970451355
0.3052879571914673
0.08999881148338318
0.38338810205459595
0.5382208228111267
0.6103299260139465
0.227699875831604
0.5815898776054382
0.43917250633239746
0.4464818239212036
0.6003780364990234
0.4880886673927307
0.5518222451210022
0.351358026266098
0.5521059036254883
0.39290326833724976
0.5809615850448608
0.4224960505962372
0.41418126225471497
0.46608418226242065
0.38380739092826843
0.3786342144012451
0.41512662172317505
0.5003554821014404
0.4207831621170044
0.5033405423164368
0.48327556252479553
0.46720314025878906
0.35880833864212036
0.5015303492546082
0.19408521056175232
0.555612325668335
0.4733339548110962
0.24652424454689026
0.5237798094749451
0.36586737632751465
0.5906953811645508
0.5480970740318298
0.4155895709991455
0.3595648407936096
0.3504704236984253
0.1734103262424469
0.2385123372077942
0.5737311244010925
0.3757206201553345
0.24531272053718567
0.3012857139110565
0.5269798636436462
0.4934711456298828
0.4324178397655487
0.1563059687614441
0.5008588433265686
0.04733702540397644
0.5880112648010254
0.49567416310310364
0.5671438574790955
0.4776104688644409
0.37900835275650024
0.5619569420814514
0.5468801856040955
0.42087942361831665
0.3639765679836273
0.6132016777992249
0.3985399007797241
0.4880886673927307
0.5581178665161133
0.4344125986099243
0.43582963943481445
0.34978610277175903
0.6090883612632751
0.4208390712738037
0.4346811771392822
0.5505360960960388
0.16395702958106995
0.5063729286193848
0.5868812203407288
0.38385602831840515
0.5956089496612549
0.2229045331478119
0.3785424828529358
0.2564750909805298
0.4616500437259674
0.406660258769989
0.3776053488254547
0.5750362873077393
0.5592463612556458
0.5302025675773621
0.4785098135471344
0.5934752821922302
0.5877958536148071
0.30736321210861206
0.5746603012084961
0.6282215118408203
0.09998634457588196
0.4380894601345062
0.5212493538856506
0.12637647986412048
0.5313665270805359
0.5726714730262756
0.5224453210830688
0.17900222539901733
0.27794724702835083
0.4266265630722046
0.2847841680049896
0.47607389092445374
0.1563059687614441
0.5603995323181152
0.414827823638916
0.476054847240448
0.5924550294876099
0.34297266602516174
0.5621923208236694
0.48635467886924744
0.5170581340789795
0.5001931190490723
0.3358767628669739
0.1680932343006134
0.18781903386116028
0.5824595093727112
0.5473896265029907
0.17855355143547058
0.5925856828689575
0.2505571246147156
0.3862391710281372
0.5908727645874023
0.46200990676879883
0.44625425338745117
0.2266564667224884
0.2372550070285797
0.4277462363243103
0.564142644405365
0.3845334053039551
0.09813448786735535
0.4203540086746216
0.5396015048027039
0.5972731113433838
0.5619748830795288
0.366435170173645
0.25334107875823975
0.5956868529319763
0.22429251670837402
0.11219564080238342
0.45344915986061096
0.5865616798400879
0.3495194911956787
0.3303194046020508
0.5405302047729492
0.12501701712608337
0.20514053106307983
0.4996083080768585
0.4665645360946655
0.1799541413784027
0.2126830518245697
0.14863163232803345
0.5732738375663757
0.36759987473487854
0.5934306979179382
0.48992180824279785
0.5601451992988586
0.5606993436813354
0.4565708637237549
0.2729552090167999
0.30534833669662476
0.6436445116996765
0.24160853028297424
0.6044390797615051
0.4224863350391388
0.5645514130592346
0.6138451099395752
0.2419857680797577
0.36901187896728516
0.22549301385879517
0.30736321210861206
0.5839119553565979
0.4315079152584076
0.25137320160865784
0.5406755805015564
0.6537417769432068
0.5108984708786011
0.49164313077926636
0.24350804090499878
0.5068015456199646
0.4169744849205017
0.3960803151130676
0.17127716541290283
0.3119223117828369
0.5762035846710205
0.227699875831604
0.14242416620254517
0.33257150650024414
0.48062872886657715
0.26189878582954407
0.5303559899330139
0.21801528334617615
0.5670967698097229
0.4545203149318695
0.56842440366745
0.5857750177383423
0.23325499892234802
0.41399961709976196
0.5005173683166504
0.5732393860816956
0.5441501140594482
0.4939841330051422
0.21942612528800964
0.6032722592353821
0.3403153717517853
0.434958279132843
0.15851590037345886
0.5323771238327026
0.550327718257904
0.48146283626556396
0.33169445395469666
0.29771050810813904
0.3375360369682312
0.4894765615463257
0.15775474905967712
0.5376295447349548
0.6641214489936829
0.46330365538597107
0.5276495218276978
0.496134877204895
0.27844876050949097
0.4752218425273895
0.09225377440452576
0.356597363948822
0.3512616753578186
0.06290087103843689
0.2951422333717346
0.5446710586547852
0.5595332980155945
0.45577195286750793
0.5860483050346375
0.37378746271133423
0.11089375615119934
0.19568592309951782
0.5961052179336548
0.41974711418151855
0.523003339767456
0.5542082786560059
0.5479006767272949
0.04565399885177612
0.1799781620502472
0.4270332455635071
0.04288807511329651
0.6328772902488708
0.5648459196090698
0.3665490448474884
0.3528185784816742
0.10137185454368591
0.23810455203056335
0.27442970871925354
0.6757498383522034
0.4724194407463074
0.48566335439682007
0.5386379957199097
0.3950217068195343
0.3033835291862488
0.391194224357605
0.2099619209766388
0.5650538802146912
0.582388699054718
0.2921960949897766
0.2113349437713623
0.1514979898929596
0.04288807511329651
0.5576359033584595
0.4785098135471344
0.4022975564002991
0.3311496376991272
0.2298714518547058
0.32542604207992554
0.359053373336792
0.2694207429885864
0.4636022746562958
0.5888016223907471
0.2962943911552429
0.5009137392044067
0.5530406832695007
0.17595627903938293
0.13964179158210754
0.44119301438331604
0.571786105632782
0.5948139429092407
0.5322542786598206
0.32865577936172485
0.1956023871898651
0.4240977466106415
0.3710489869117737
0.46312788128852844
0.4741426110267639
0.2971605062484741
0.6057257652282715
0.5249627828598022
0.3227303922176361
0.5496872067451477
0.4785098135471344
0.4748935103416443
0.4993399977684021
0.3980756998062134
0.17080283164978027
0.41045254468917847
0.24766027927398682
0.15212208032608032
0.5881642699241638
0.11794334650039673
0.5519444346427917
0.23074591159820557
0.6144673824310303
0.5863256454467773
0.417238712310791
0.5422148108482361
0.3841506838798523
0.5386760234832764
0.5740824937820435
0.17190760374069214
0.1524600088596344
0.29688140749931335
0.47403958439826965
0.2716260552406311
0.48842382431030273
0.59836745262146
0.4128219783306122
0.3665490448474884
0.4227115213871002
0.48842331767082214
0.418793648481369
0.17953848838806152
0.12745201587677002
0.40220049023628235
0.39010825753211975
0.6010074019432068
0.39151081442832947
0.4773121774196625
0.09065213799476624
0.2910442650318146
0.11716744303703308
0.5545517206192017
0.6233673691749573
0.4143792390823364
0.5799814462661743
0.11341235041618347
0.24144130945205688
0.5499380230903625
0.5122373700141907
0.5744497179985046
0.3877570629119873
0.5012254118919373
0.5753675103187561
0.36309897899627686
0.405545711517334
0.5118675827980042
0.19395369291305542
0.18935731053352356
0.43347984552383423
0.5617347955703735
0.31523963809013367
0.3906921148300171
0.5325528979301453
0.20080840587615967
0.4028625190258026
0.348244309425354
0.5249627828598022
0.11365512013435364
0.3408324718475342
0.5036425590515137
0.15006718039512634
0.06979849934577942
0.540626585483551
0.567816972732544
0.544097900390625
0.5671910047531128
0.37053143978118896
0.35612836480140686
0.17900222539901733
0.213926762342453
0.26161468029022217
0.29642733931541443
0.4596331715583801
0.579460620880127
0.48007842898368835
0.18440580368041992
0.5479138493537903
0.3714780807495117
0.6098214387893677
0.5797469019889832
0.5321430563926697
0.5938069224357605
0.17398443818092346
0.4586901068687439
0.44752728939056396
0.5364537835121155
0.5774795413017273
0.45706984400749207
0.5451290607452393
0.30004221200942993
0.40909814834594727
0.4587438404560089
0.49682989716529846
0.45711180567741394
0.15369221568107605
0.5424352884292603
0.44344258308410645
0.41059428453445435
0.43522584438323975
0.2893296182155609
0.5871232748031616
0.6273186206817627
0.3537482023239136
0.5871232748031616
0.23810455203056335
0.27442970871925354
0.14904704689979553
0.11898890137672424
0.5457175970077515
0.58390873670578
0.5739611387252808
0.5271985530853271
0.5718762278556824
0.47789466381073
0.418793648481369
0.2417544722557068
0.4717722237110138
0.371612012386322
0.4822404980659485
0.22959014773368835
0.3506820797920227
0.6573683023452759
0.5814603567123413
0.4101714491844177
0.4101714491844177
0.581894040107727
0.38510841131210327
0.37299835681915283
0.34292373061180115
0.5782625675201416
0.5900242924690247
0.4939357042312622
0.19451937079429626
0.6021924614906311
0.42870569229125977
0.4592677354812622
0.5664243698120117
0.5107578039169312
0.5323664546012878
0.47108280658721924
0.41650694608688354
0.3478984832763672
0.6114365458488464
0.38916322588920593
0.6336063146591187
0.30609190464019775
0.5458895564079285
0.5085898041725159
0.35911694169044495
0.418793648481369
0.09813448786735535
0.43004757165908813
0.4778153598308563
0.37046849727630615
0.33792757987976074
0.2532549798488617
0.4785098135471344
0.5005714297294617
0.5911701321601868
0.5692466497421265
0.4742031693458557
0.6189903020858765
0.5915521383285522
0.2518994212150574
0.5313665270805359
0.6851787567138672
0.4451625943183899
0.21637055277824402
0.594991147518158
0.2696708142757416
0.3464086353778839
0.4033096134662628
0.4974620044231415
0.5551074743270874
0.49764394760131836
0.4911862015724182
0.400369793176651
0.1428411304950714
0.330040842294693
0.5495980381965637
0.26189878582954407
0.4938198924064636
0.6103352308273315
0.4277462363243103
0.5648459196090698
0.18967440724372864
0.4471060633659363
0.35096248984336853
0.6288321018218994
0.07933154702186584
0.5544686913490295
0.22006919980049133
0.1879066526889801
0.470115602016449
0.3817718029022217
0.5894069671630859
0.21138682961463928
0.46547138690948486
0.4118519425392151
0.4754677712917328
0.23440760374069214
0.4958050847053528
0.432967871427536
0.3972678482532501
0.2591913342475891
0.5648661255836487
0.4465450048446655
0.19353234767913818
0.4468610882759094
0.5927133560180664
0.42292338609695435
0.5088458061218262
0.5661523342132568
0.5863256454467773
0.3445480465888977
0.167973130941391
0.35662582516670227
0.1921205222606659
0.43522584438323975
0.4370187819004059
0.578061580657959
0.6207277178764343
0.6596217751502991
0.30249708890914917
0.43356579542160034
0.45310837030410767
0.4793357253074646
0.4746282398700714
0.5278655290603638
0.4344125986099243
0.19217273592948914
0.6188123226165771
0.46940910816192627
0.47287383675575256
0.39151081442832947
0.49956756830215454
0.5321807861328125
0.5403344035148621
0.24819445610046387
0.6040897965431213
0.39922037720680237
0.5636795163154602
0.13199010491371155
0.5529475212097168
0.3528185784816742
0.5903715491294861
0.5689850449562073
0.3481356203556061
0.6402609348297119
0.5990245342254639
0.4757673144340515
0.599470317363739
0.4001166522502899
0.36678415536880493
0.579884946346283
0.34006810188293457
0.2293507158756256
0.34548407793045044
0.5063309669494629
0.3952057957649231
0.4277462363243103
0.31910818815231323
0.10646861791610718
0.5095158815383911
0.10707485675811768
0.42287641763687134
0.40630054473876953
0.39340823888778687
0.49831315875053406
0.624390721321106
0.45594197511672974
0.4852198362350464
0.22241023182868958
0.4285719692707062
0.41060328483581543
0.6226199865341187
0.5835077166557312
0.5170581340789795
0.3788566589355469
0.22102829813957214
0.3034307360649109
0.5774795413017273
0.4338117837905884
0.07230275869369507
0.27922147512435913
0.5894805192947388
0.29286178946495056
0.18852990865707397
0.5598440766334534
0.2979414463043213
0.5358331203460693
0.4411713480949402
0.5731116533279419
0.5553021430969238
0.15384218096733093
0.40403640270233154
0.09055235981941223
0.2435271143913269
0.45894038677215576
0.38165485858917236
0.3992331624031067
0.5715034604072571
0.2600564658641815
0.5815026760101318
0.5975261926651001
0.5899340510368347
0.6197338104248047
0.14034998416900635
0.47817206382751465
0.27884525060653687
0.41180235147476196
0.4555460214614868
0.419138640165329
0.5352283120155334
0.3704124093055725
0.3416433334350586
0.5386379957199097
0.42792919278144836
0.42395132780075073
0.5803325176239014
0.10897913575172424
0.44538235664367676
0.45531630516052246
0.5551667809486389
0.49594637751579285
0.45894038677215576
0.5282254219055176
0.24950474500656128
0.3105667233467102
0.6002660989761353
0.4241500496864319
0.5035936236381531
0.3743112087249756
0.5691422820091248
0.42314577102661133
0.19547614455223083
0.42744970321655273
0.6888309121131897
0.5139492750167847
0.13225924968719482
0.5732393860816956
0.3793298006057739
0.38163653016090393
0.2785603404045105
0.5521788597106934
0.5105053782463074
0.49580898880958557
0.2659667432308197
0.3377753496170044
0.46038225293159485
0.6106283664703369
0.15104565024375916
0.43888184428215027
0.6028659343719482
0.4349612593650818
0.5838571786880493
0.2515522837638855
0.0880511999130249
0.31082582473754883
0.43811139464378357
0.6180521249771118
0.3444119393825531
0.08713534474372864
0.37227514386177063
0.5170581340789795
0.20661169290542603
0.2701680660247803
0.2524823546409607
0.268906831741333
0.16694939136505127
0.4569750726222992
0.3590570390224457
0.17949101328849792
0.39471447467803955
0.5322320461273193
0.1935959756374359
0.45201653242111206
0.5988034009933472
0.42247867584228516
0.4881604313850403
0.44950637221336365
0.5820655226707458
0.5745992064476013
0.5728676915168762
0.2952530086040497
0.24406015872955322
0.5851258039474487
0.4756973385810852
0.2415170967578888
0.14769479632377625
0.534011960029602
0.561839759349823
0.1593863070011139
0.6218255162239075
0.25155916810035706
0.5415540337562561
0.25334107875823975
0.3438468873500824
0.1736498773097992
0.3713376522064209
0.40708237886428833
0.5616185069084167
0.5696343779563904
0.39149755239486694
0.5011927485466003
0.5736004114151001
0.5550892353057861
0.5998227000236511
0.5485064387321472
0.5737106204032898
0.48582422733306885
0.4133005738258362
0.46728450059890747
0.39290326833724976
0.3305162787437439
0.41682690382003784
0.34453505277633667
0.5712026357650757
0.2560020685195923
0.2789400815963745
0.5732393860816956
0.10324421525001526
0.2986823320388794
0.5110175609588623
0.5382703542709351
0.4883580207824707
0.408647358417511
0.43988582491874695
0.17741963267326355
0.22138342261314392
0.5254377126693726
0.5007284879684448
0.4571070075035095
0.42798948287963867
0.571907639503479
0.6545926332473755
0.7013829946517944
0.5826489329338074
0.4373075067996979
0.620867133140564
0.3660982847213745
0.453880250453949
0.6206685304641724
0.6086015105247498
0.531316876411438
0.4710087180137634
0.33331090211868286
0.5710493326187134
0.3392254114151001
0.46296778321266174
0.5514767169952393
0.5707250237464905
0.3422567546367645
0.483506441116333
0.43215808272361755
0.5310414433479309
0.4680980145931244
0.5027650594711304
0.3714780807495117
0.49042025208473206
0.2955229878425598
0.45178547501564026
0.4516826570034027
0.09777238965034485
0.3850246071815491
0.33490708470344543
0.5058948397636414
0.28570979833602905
0.53694748878479
0.13990125060081482
0.503222644329071
0.0544799268245697
0.3445480465888977
0.30534833669662476
0.5824955701828003
0.17552843689918518
0.5332469344139099
0.17267277836799622
0.46910929679870605
0.4531368017196655
0.3566437363624573
0.5605112314224243
0.15339863300323486
0.11560893058776855
0.5810725092887878
0.42562001943588257
0.5777318477630615
0.6101429462432861
0.4420371651649475
0.5040022134780884
0.2581833600997925
0.3246273398399353
0.5277009010314941
0.19822055101394653
0.5204187631607056
0.3368850350379944
0.48722338676452637
0.24457669258117676
0.31313276290893555
0.2560020685195923
0.43546944856643677
0.5568936467170715
0.49810704588890076
0.3232637345790863
0.47699421644210815
0.5948134660720825
0.40246206521987915
0.3298559784889221
0.5097022652626038
0.37780141830444336
0.5126946568489075
0.15507355332374573
0.6143063306808472
0.4293966293334961
0.33368414640426636
0.2578720152378082
0.43214473128318787
0.5191786289215088
0.4415246248245239
0.2760130763053894
0.3710361123085022
0.16348275542259216
0.3947478234767914
0.33281922340393066
0.5501120090484619
0.4324813485145569
0.4151099622249603
0.3261064887046814
0.3906921148300171
0.5658600926399231
0.22861045598983765
0.2164153754711151
0.456078439950943
0.43367916345596313
0.4065704047679901
0.19296440482139587
0.46738800406455994
0.3032209873199463
0.29294970631599426
0.5227084755897522
0.6228624582290649
0.6137397885322571
0.40513932704925537
0.453365296125412
0.2611147165298462
0.3217116594314575
0.44400137662887573
0.37600836157798767
0.6438970565795898
0.4586012065410614
0.643499493598938
0.11614838242530823
0.5697841644287109
0.3061895966529846
0.5172987580299377
0.4068969190120697
0.5150469541549683
0.16556742787361145
0.4169003963470459
0.23630845546722412
0.20037764310836792
0.4547027051448822
0.37770435214042664
0.526012659072876
0.42292338609695435
0.5521788597106934
0.4705824553966522
0.5415946245193481
0.5969911217689514
0.4475816786289215
0.3570009469985962
0.3358767628669739
0.10399377346038818
0.25772303342819214
0.31933197379112244
0.2662224769592285
0.36732620000839233
0.11408177018165588
0.08522453904151917
0.5148279666900635
0.055094242095947266
0.4659956693649292
0.5276495218276978
0.06789645552635193
0.47993987798690796
0.29642733931541443
0.5451981425285339
0.27356386184692383
0.3368850350379944
0.5872724056243896
0.5791316032409668
0.4459129869937897
0.5654310584068298
0.5865805745124817
0.5125998854637146
0.4205820858478546
0.19869756698608398
0.5161055326461792
0.4026864767074585
0.46704182028770447
0.5913509130477905
0.17552843689918518
0.5575941205024719
0.5788143873214722
0.3732490539550781
0.1769428849220276
0.10199621319770813
0.5601059794425964
0.18142050504684448
0.4143792390823364
0.4785098135471344
0.2077544927597046
0.4001166522502899
0.3465900421142578
0.5639730095863342
0.39332908391952515
0.3944271504878998
0.4304846525192261
0.552584171295166
0.46471941471099854
0.30534833669662476
0.07307502627372742
0.5414669513702393
0.49721699953079224
0.44950637221336365
0.5853908061981201
0.2164153754711151
0.28094735741615295
0.420890212059021
0.5676507949829102
0.3720881938934326
0.09521165490150452
0.15507355332374573
0.38333773612976074
0.46641528606414795
0.5144901275634766
0.11433789134025574
0.2813379168510437
0.5504882335662842
0.18101227283477783
0.39585599303245544
0.5943900942802429
0.13531482219696045
0.10707485675811768
0.5550746321678162
0.22575199604034424
0.37112122774124146
0.2733005881309509
0.5714374780654907
0.5430102944374084
0.3487117290496826
0.4415246248245239
0.11198288202285767
0.5224869251251221
0.5017330646514893
0.5384381413459778
0.033514440059661865
0.19017693400382996
0.3464086353778839
0.5107578039169312
0.27636462450027466
0.18582695722579956
0.4397389888763428
0.5401981472969055
0.18151959776878357
0.5681411027908325
0.5771764516830444
0.5864381194114685
0.33577996492385864
0.6075364947319031
0.4101714491844177
0.28890982270240784
0.28588995337486267
0.4794461727142334
0.1615065038204193
0.4161594808101654
0.5390797853469849
0.5074222087860107
0.3573361039161682
0.39381420612335205
0.5344433188438416
0.46220195293426514
0.5195755362510681
0.19353234767913818
0.38859203457832336
0.07937398552894592
0.5551233291625977
0.4293927252292633
0.345051109790802
0.48797228932380676
0.5770107507705688
0.6641214489936829
0.5902191996574402
0.4961221218109131
0.09124597907066345
0.5902541875839233
0.33910447359085083
0.4375026226043701
0.38685691356658936
0.2607637941837311
0.5965114235877991
0.594991147518158
0.2858430743217468
0.4596331715583801
0.44369423389434814
0.46706801652908325
0.626457691192627
0.4329593777656555
0.5864465832710266
0.16395702958106995
0.5249564051628113
0.33918315172195435
0.5765316486358643
0.4059683382511139
0.5849769115447998
0.48125267028808594
0.41969308257102966
0.3609428405761719
0.11486545205116272
0.5099121928215027
0.3835354745388031
0.40830036997795105
0.6014617681503296
0.4139252305030823
0.5624122619628906
0.4598855674266815
0.041886597871780396
0.526679277420044
0.48467427492141724
0.32455897331237793
0.5976476669311523
0.27220797538757324
0.2532549798488617
0.5961052179336548
0.40436363220214844
0.5723945498466492
0.5417026281356812
0.5432373285293579
0.3119422197341919
0.3537482023239136
0.4468610882759094
0.2740926444530487
0.5520056486129761
0.4157203733921051
0.03311002254486084
0.43702608346939087
0.14228478074073792
0.5889371037483215
0.5333030819892883
0.053497761487960815
0.5276495218276978
0.1503121256828308
0.3665490448474884
0.43406206369400024
0.5220729112625122
0.1593863070011139
0.521244466304779
0.5732393860816956
0.5269798636436462
0.5038776397705078
0.44281941652297974
0.6100323796272278
0.4328160881996155
0.2944485545158386
0.08512809872627258
0.48702800273895264
0.5774795413017273
0.4529542922973633
0.24402040243148804
0.19967326521873474
0.6349151134490967
0.42698967456817627
0.4162593483924866
0.12815555930137634
0.6096458435058594
0.586433470249176
0.4760099947452545
0.32557418942451477
0.4666079878807068
0.5068475008010864
0.3656924366950989
0.40825843811035156
0.3377753496170044
0.4400056004524231
0.2181723713874817
0.5777032375335693
0.5605112314224243
0.10600951313972473
0.24265241622924805
0.4101714491844177
0.5228083729743958
0.49789077043533325
0.15471073985099792
0.5181707143783569
0.5741947293281555
0.3053930103778839
0.19353234767913818
0.4518554210662842
0.40403640270233154
0.09376481175422668
0.3013865053653717
0.30030274391174316
0.4227115213871002
0.48525235056877136
0.22777417302131653
0.583275318145752
0.19279542565345764
0.540626585483551
0.5592398643493652
0.4831838011741638
0.6086041331291199
0.35607707500457764
0.566216230392456
0.5730869174003601
0.5302441716194153
0.5611494779586792
0.508602499961853
0.5460754036903381
0.38807669281959534
0.46807900071144104
0.6081807613372803
0.5432373285293579
0.39471977949142456
0.3719659149646759
0.4957371652126312
0.46471941471099854
0.19286054372787476
0.4171159565448761
0.41874080896377563
0.5133969187736511
0.48545438051223755
0.45772719383239746
0.30494678020477295
0.5107578039169312
0.36205869913101196
0.4503920376300812
0.5764240622520447
0.30722784996032715
0.5231091380119324
0.648627758026123
0.5051499605178833
0.3929527699947357
0.450636088848114
0.6093798875808716
0.43999338150024414
0.25838494300842285
0.5576202869415283
0.10119685530662537
0.47222018241882324
0.07665184140205383
0.6053647398948669
0.561152994632721
0.6659921407699585
0.2745397090911865
0.32664966583251953
0.5768027305603027
0.35661470890045166
0.159490704536438
0.38163653016090393
0.544097900390625
0.5738467574119568
0.1563059687614441
0.5798885226249695
0.5716285109519958
0.5287694334983826
0.2942148745059967
0.2814536690711975
0.4951011538505554
0.11480852961540222
0.5482633113861084
0.5276495218276978
0.10987588763237
0.47003108263015747
0.22777417302131653
0.5081759691238403
0.12815555930137634
0.40955957770347595
0.0544799268245697
0.08707448840141296
0.5777249932289124
0.5032703280448914
0.3665490448474884
0.5963059067726135
0.32787948846817017
0.36352041363716125
0.5692400932312012
0.3005046248435974
0.4812118709087372
0.18010631203651428
0.4224611520767212
0.5529663562774658
0.5652288198471069
0.622070848941803
0.49332305788993835
0.3814990818500519
0.1430741846561432
0.23857691884040833
0.4046526551246643
0.4250625669956207
0.5642744302749634
0.15230557322502136
0.2847841680049896
0.38130080699920654
0.5569368600845337
0.1880338490009308
0.2419857680797577
0.21950635313987732
0.5508891940116882
0.4115225374698639
0.18174713850021362
0.5541587471961975
0.5630821585655212
0.2538723349571228
0.10547569394111633
0.39935845136642456
0.4320302903652191
0.49456697702407837
0.5832259654998779
0.4227115213871002
0.4923679232597351
0.288826584815979
0.6330429911613464
0.16731053590774536
0.06290087103843689
0.5607986450195312
0.08437928557395935
0.227699875831604
0.5347514152526855
0.4700877368450165
0.6064780950546265
0.5276322364807129
0.3834502696990967
0.5506531000137329
0.4864913821220398
0.23030641674995422
0.26189878582954407
0.5378290414810181
0.28384917974472046
0.3564189076423645
0.44286853075027466
0.4021078646183014
0.589719831943512
0.48797228932380676
0.45584267377853394
0.39310914278030396
0.04174908995628357
0.39151081442832947
0.3159027099609375
0.417166531085968
0.643499493598938
0.6020852327346802
0.6193559765815735
0.5930414795875549
0.15815046429634094
0.2779068052768707
0.41661256551742554
0.26498618721961975
0.4499472379684448
0.5060420632362366
0.38457468152046204
0.46029701828956604
0.27754563093185425
0.5757952332496643
0.5468764305114746
0.4550669193267822
0.5288222432136536
0.49729520082473755
0.5117976069450378
0.6888309121131897
0.5653295516967773
0.6266920566558838
0.6632276177406311
0.2735566794872284
0.056420594453811646
0.5013489723205566
0.07706668972969055
0.40101540088653564
0.4443379342556
0.423367440700531
0.33577996492385864
0.11762741208076477
0.227699875831604
0.5110567808151245
0.4948326349258423
0.4524407684803009
0.6550957560539246
0.5653884410858154
0.4238303303718567
0.520674467086792
0.5230464935302734
0.21820339560508728
0.5441501140594482
0.40071120858192444
0.39234229922294617
0.46719247102737427
0.254815936088562
0.24531272053718567
0.5814033150672913
0.3107265830039978
0.4416106045246124
0.45894038677215576
0.37418803572654724
0.540626585483551
0.5439717769622803
0.32050737738609314
0.4428573250770569
0.4242244362831116
0.30534833669662476
0.5941554307937622
0.2838129997253418
0.4398251473903656
0.1593863070011139
0.456326425075531
0.2280775010585785
0.5598229765892029
0.24652424454689026
0.4082273840904236
0.17602089047431946
0.5989122986793518
0.24178171157836914
0.5487065315246582
0.16666635870933533
0.4091218411922455
0.29757237434387207
0.175785094499588
0.36972376704216003
0.39378970861434937
0.30024856328964233
0.6032722592353821
0.2756084203720093
0.2515522837638855
0.4166069030761719
0.5617347955703735
0.08537891507148743
0.3090798854827881
0.5164892673492432
0.5293864607810974
0.45420974493026733
0.40420183539390564
0.1333109438419342
0.5079125761985779
0.4080539345741272
0.5234478116035461
0.20489826798439026
0.3181314468383789
0.25586336851119995
0.5719822645187378
0.5489872097969055
0.18716248869895935
0.4101714491844177
0.5455628037452698
0.1592775583267212
0.4747048020362854
0.07524758577346802
0.6073265075683594
0.556303858757019
0.27798059582710266
0.38857245445251465
0.5769088864326477
0.42704153060913086
0.2505626976490021
0.5998227000236511
0.28980112075805664
0.227699875831604
0.44152840971946716
0.3656553030014038
0.12815555930137634
0.38976025581359863
0.37129005789756775
0.4227115213871002
0.5742954611778259
0.29903146624565125
0.20442542433738708
0.5140922665596008
0.4165076017379761
0.4998055696487427
0.4099981188774109
0.3947478234767914
0.3044984042644501
0.6270596385002136
0.5396027565002441
0.4349612593650818
0.1946074366569519
0.3731369376182556
0.4526577591896057
0.36764299869537354
0.485456258058548
0.3763897120952606
0.46371299028396606
0.5896139144897461
0.2564290463924408
0.5668349862098694
0.5137035846710205
0.31595784425735474
0.3374091386795044
0.2544185519218445
0.46811172366142273
0.5183148980140686
0.4977152347564697
0.19124829769134521
0.523003339767456
0.29468977451324463
0.15815046429634094
0.28214237093925476
0.36723190546035767
0.578192949295044
0.5520231127738953
0.10157686471939087
0.113976389169693
0.18188956379890442
0.40825843811035156
0.227699875831604
0.18302688002586365
0.1909429132938385
0.30281928181648254
0.5192270278930664
0.5922174453735352
0.22400960326194763
0.35047799348831177
0.6086041331291199
0.23561525344848633
0.4121149182319641
0.4116917848587036
0.5423505306243896
0.4715075194835663
0.5319302678108215
0.14971241354942322
0.11560893058776855
0.6038586497306824
0.1258857548236847
0.6127465963363647
0.054873496294021606
0.5224869251251221
0.24776603281497955
0.3609950840473175
0.5430732369422913
0.658959150314331
0.39645183086395264
0.430669367313385
0.5071314573287964
0.30944496393203735
0.5319302678108215
0.3871191143989563
0.5113497972488403
0.25161924958229065
0.13992512226104736
0.5737872123718262
0.5908738374710083
0.5539747476577759
0.34206095337867737
0.3708024024963379
0.1723448932170868
0.14104199409484863
0.658959150314331
0.25015997886657715
0.3152242600917816
0.40825843811035156
0.4592677354812622
0.1333109438419342
0.5244694948196411
0.13072070479393005
0.298591285943985
0.11558118462562561
0.13248249888420105
0.19672390818595886
0.4011634886264801
0.5885839462280273
0.40505313873291016
0.5673544406890869
0.48797228932380676
0.20661169290542603
0.5943830609321594
0.43917250633239746
0.5666009783744812
0.4315079152584076
0.49606430530548096
0.22866931557655334
0.09304460883140564
0.3368850350379944
0.328380286693573
0.34801608324050903
0.41299116611480713
0.3488782048225403
0.422829806804657
0.1563059687614441
0.6569950580596924
0.4186875522136688
0.5118675827980042
0.46058061718940735
0.30931442975997925
0.4235530197620392
0.24925753474235535
0.4548438489437103
0.22154656052589417
0.4520619809627533
0.58390873670578
0.20384153723716736
0.19074907898902893
0.5650945901870728
0.514549970626831
0.5278655290603638
0.17759093642234802
0.5972616076469421
0.185166597366333
0.34453505277633667
0.22781676054000854
0.48628389835357666
0.3420720100402832
0.5140922665596008
0.3599306344985962
0.2126518189907074
0.45591554045677185
0.19629675149917603
0.24058666825294495
0.44893836975097656
0.22775790095329285
0.5539878606796265
0.33655381202697754
0.6048361659049988
0.5680031776428223
0.29765528440475464
0.494174063205719
0.567157506942749
0.16970157623291016
0.4261906147003174
0.3621027171611786
0.5902191996574402
0.30433717370033264
0.5705990195274353
0.4776104688644409
0.45420974493026733
0.4344125986099243
0.5182332992553711
0.2790549695491791
0.5949934720993042
0.20491763949394226
0.45201653242111206
0.49379613995552063
0.37973833084106445
0.476054847240448
0.43585723638534546
0.5237182378768921
0.3464086353778839
0.4963195323944092
0.22102829813957214
0.31596118211746216
0.4465450048446655
0.7238571643829346
0.4721037447452545
0.39506229758262634
0.46340399980545044
0.5276495218276978
0.1490245759487152
0.4604804515838623
0.19478777050971985
0.5213437676429749
0.5730591416358948
0.5589708089828491
0.2097378671169281
0.09474566578865051
0.20041105151176453
0.37185221910476685
0.11120697855949402
0.07721778750419617
0.16658011078834534
0.11514440178871155
0.45178547501564026
0.6092179417610168
0.5318164229393005
0.585460901260376
0.3435786962509155
0.5349944233894348
0.20819467306137085
0.47163698077201843
0.33282750844955444
0.39948394894599915
0.1842379868030548
0.45879241824150085
0.560032844543457
0.40726298093795776
0.4949175715446472
0.19233855605125427
0.3439910113811493
0.568836510181427
0.2864692509174347
0.534011960029602
0.13863423466682434
0.6260249614715576
0.4545278251171112
0.14863163232803345
0.24665629863739014
0.14193812012672424
0.5605112314224243
0.3849009871482849
0.5551812648773193
0.4852198362350464
0.4165076017379761
0.5432373285293579
0.5705317258834839
0.153865247964859
0.20675748586654663
0.4744839370250702
0.24939247965812683
0.3573252856731415
0.4744715690612793
0.5276052355766296
0.33675065636634827
0.5568623542785645
0.4242244362831116
0.4094824194908142
0.4314999282360077
0.4436558485031128
0.11604523658752441
0.5836923718452454
0.4801614582538605
0.13321295380592346
0.3521248996257782
0.5201769471168518
0.4374758005142212
0.5629085898399353
0.1424640715122223
0.5366209745407104
0.25488516688346863
0.17759093642234802
0.4218117892742157
0.45128288865089417
0.5763483047485352
0.602206289768219
0.5839608907699585
0.5004833936691284
0.44076117873191833
0.494940847158432
0.410173237323761
0.5802208781242371
0.4143708348274231
0.5655147433280945
0.2791542708873749
0.39024943113327026
0.6277096271514893
0.28018105030059814
0.26371675729751587
0.09813448786735535
0.44119301438331604
0.5376295447349548
0.3005046248435974
0.2875848114490509
0.3888576328754425
0.5828784108161926
0.5910717844963074
0.342879980802536
0.5477607250213623
0.44482818245887756
0.5493506789207458
0.44571924209594727
0.4118284583091736
0.5363287925720215
0.2119365632534027
0.2449202835559845
0.6336063146591187
0.6111172437667847
0.5672195553779602
0.3547743856906891
0.2551226019859314
0.15976497530937195
0.5064504146575928
0.29416346549987793
0.6020082831382751
0.40048089623451233
0.3875346779823303
0.07165804505348206
0.5602848529815674
0.4459971785545349
0.16239330172538757
0.2201925814151764
0.5992311239242554
0.5441501140594482
0.5107578039169312
0.22755733132362366
0.053497761487960815
0.23015841841697693
0.5882479548454285
0.5888489484786987
0.5881077647209167
0.3044368326663971
0.5486904382705688
0.4324437081813812
0.4086126685142517
0.5956822633743286
0.3115804195404053
0.41405415534973145
0.47517329454421997
0.09971609711647034
0.43917250633239746
0.5208279490470886
0.5551667809486389
0.4111950993537903
0.2134726345539093
0.2929166555404663
0.6038586497306824
0.4990002512931824
0.41351598501205444
0.5618869662284851
0.5293812155723572
0.35528072714805603
0.4254843592643738
0.5252675414085388
0.5187687873840332
0.2578079104423523
0.5320935845375061
0.5126327276229858
0.1624176800251007
0.455370157957077
0.356597363948822
0.5457175970077515
0.1428411304950714
0.5654367208480835
0.596657395362854
0.36155611276626587
0.2659667432308197
0.5519817471504211
0.39020389318466187
0.5897860527038574
0.5406755805015564
0.1860799491405487
0.5834898948669434
0.4803764522075653
0.5719873905181885
0.3862391710281372
0.43785360455513
0.6402609348297119
0.32323434948921204
0.3812553286552429
0.5648459196090698
0.6558442115783691
0.618953287601471
0.4746206998825073
0.469117134809494
0.37140265107154846
0.41293108463287354
0.2701680660247803
0.3377644717693329
0.17900222539901733
0.3537482023239136
0.6127465963363647
0.30087941884994507
0.23634696006774902
0.4949175715446472
0.12581372261047363
0.5708234310150146
0.40420183539390564
0.4343825578689575
0.5478672385215759
0.11977753043174744
0.48354852199554443
0.4473385810852051
0.41873109340667725
0.3877570629119873
0.5726484656333923
0.5211478471755981
0.5627357959747314
0.13787922263145447
0.10707485675811768
0.4064222276210785
0.19834882020950317
0.3308795094490051
0.22943896055221558
0.4001166522502899
0.4138508141040802
0.5784256458282471
0.5916124582290649
0.20100468397140503
0.4185119867324829
0.5808708071708679
0.3290107250213623
0.5547186136245728
0.36361485719680786
0.5648409128189087
0.0734117329120636
0.24406015872955322
0.35222598910331726
0.16011986136436462
0.3724503517150879
0.6395667791366577
0.3752444386482239
0.403476357460022
0.3461024761199951
0.6066449880599976
0.21760177612304688
0.5863804817199707
0.3747103810310364
0.5511632561683655
0.5105053782463074
0.37148213386535645
0.27040529251098633
0.36711007356643677
0.46807900071144104
0.4783181846141815
0.5532292723655701
0.24689504504203796
0.5718212723731995
0.5024588108062744
0.2586432099342346
0.1050308346748352
0.4574432969093323
0.29587483406066895
0.12815555930137634
0.5478672385215759
0.48900705575942993
0.6095762252807617
0.49632900953292847
0.27320975065231323
0.33876273036003113
0.4218117892742157
0.4822404980659485
0.22166487574577332
0.5851542353630066
0.5953575372695923
0.4155895709991455
0.5699703693389893
0.18586841225624084
0.4540683329105377
0.14024856686592102
0.48117518424987793
0.568598747253418
0.5754941701889038
0.38623008131980896
0.35660427808761597
0.47103285789489746
0.3592328429222107
0.03922280669212341
0.5466379523277283
0.4393792450428009
0.4755558967590332
0.555612325668335
0.19946154952049255
0.49100807309150696
0.3621027171611786
0.16735059022903442
0.3573252856731415
0.37079620361328125
0.48500362038612366
0.45122021436691284
0.12996432185173035
0.5386379957199097
0.5404971837997437
0.1781279444694519
0.5441357493400574
0.6409960389137268
0.5460329055786133
0.18134978413581848
0.5343589782714844
0.5151430368423462
0.4552854001522064
0.5573363304138184
0.23116636276245117
0.5087984800338745
0.3708024024963379
0.47361037135124207
0.18668708205223083
0.4724103510379791
0.3612282872200012
0.1995575726032257
0.5208856463432312
0.5341454744338989
0.3841506838798523
0.603761613368988
0.39200127124786377
0.06466594338417053
0.227699875831604
0.23575109243392944
0.29063060879707336
0.4741489291191101
0.6086041331291199
0.5433350205421448
0.5863964557647705
0.30476340651512146
0.48407408595085144
0.4939420819282532
0.29592084884643555
0.5840966701507568
0.3517863154411316
0.5482653975486755
0.6171635985374451
0.5680167078971863
0.4972245395183563
0.45481666922569275
0.1113717257976532
0.09300726652145386
0.5826489329338074
0.2701262831687927
0.5404971837997437
0.41256392002105713
0.3539257049560547
0.45595401525497437
0.4223792552947998
0.5798882246017456
0.4001166522502899
0.5716435313224792
0.5751997232437134
0.4438350200653076
0.2742650508880615
0.3169722557067871
0.25913316011428833
0.28384917974472046
0.3962576985359192
0.2718711793422699
0.4177328646183014
0.3031548857688904
0.509716808795929
0.3042505383491516
0.3232637345790863
0.5886306762695312
0.4531121551990509
0.6452059149742126
0.2560785412788391
0.3085147738456726
0.3573252856731415
0.4639379382133484
0.5297276973724365
0.45591554045677185
0.4749557375907898
0.594971239566803
0.4339662194252014
0.43484532833099365
0.44482818245887756
0.5032703280448914
0.45040491223335266
0.5868291258811951
0.4894765615463257
0.49456697702407837
0.5799116492271423
0.27401652932167053
0.5108984708786011
0.5191786289215088
0.6375268697738647
0.2954597771167755
0.5022549033164978
0.4860941767692566
0.07307502627372742
0.10056358575820923
0.33983296155929565
0.30205202102661133
0.30989956855773926
0.5954906940460205
0.5332469344139099
0.6062195301055908
0.227699875831604
0.41535183787345886
0.5090906023979187
0.09781938791275024
0.5518940091133118
0.3476347327232361
0.1947956681251526
0.21912109851837158
0.3508951961994171
0.3597022294998169
0.08476835489273071
0.31862562894821167
0.614111065864563
0.5209182500839233
0.4082638621330261
0.26952895522117615
0.09031480550765991
0.37357765436172485
0.33877211809158325
0.49158594012260437
0.5440211296081543
0.4504530131816864
0.594991147518158
0.6260941028594971
0.4838014245033264
0.42413923144340515
0.08809605240821838
0.40024837851524353
0.474596232175827
0.6352634429931641
0.5921199321746826
0.5501968860626221
0.3836135268211365
0.43085020780563354
0.5649569630622864
0.5450736880302429
0.5464138984680176
0.5902191996574402
0.5923370718955994
0.3805024027824402
0.10405543446540833
0.3950217068195343
0.526012659072876
0.5768027305603027
0.5847525596618652
0.5786105990409851
0.33227118849754333
0.4886300563812256
0.45418888330459595
0.3394192159175873
0.509719729423523
0.3366110920906067
0.5906586050987244
0.25258058309555054
0.2387399971485138
0.6054331064224243
0.5397339463233948
0.506040632724762
0.6400609612464905
0.47763222455978394
0.5230488777160645
0.47121331095695496
0.38168543577194214
0.6371297836303711
0.5437150597572327
0.4369535744190216
0.5148505568504333
0.25411540269851685
0.41423743963241577
0.42287641763687134
0.3926220238208771
0.44402363896369934
0.422166109085083
0.28906846046447754
0.537839949131012
0.35817116498947144
0.4370977282524109
0.6321510076522827
0.5639677047729492
0.5052118897438049
0.49372598528862
0.326248437166214
0.5765316486358643
0.4933050274848938
0.23932313919067383
0.5417026281356812
0.34316909313201904
0.3148539066314697
0.49636557698249817
0.37520262598991394
0.4043319821357727
0.4823278486728668
0.19287580251693726
0.2024262249469757
0.46297502517700195
0.29425048828125
0.30393174290657043
0.46371299028396606
0.4398251473903656
0.336938738822937
0.5615955591201782
0.23782998323440552
0.29565271735191345
0.4440929591655731
0.3052879571914673
0.6119890809059143
0.1914207935333252
0.6096769571304321
0.1634140908718109
0.42171189188957214
0.6188743710517883
0.1844986379146576
0.5988034009933472
0.47823578119277954
0.43808379769325256
0.47832420468330383
0.4725736975669861
0.3714122474193573
0.08766433596611023
0.5052118897438049
0.45934945344924927
0.5587366819381714
0.440327912569046
0.07721778750419617
0.4530399739742279
0.3820752203464508
0.5019200444221497
0.20330950617790222
0.6059971451759338
0.4095572829246521
0.38163653016090393
0.09474566578865051
0.4095684289932251
0.21352961659431458
0.227699875831604
0.4839836657047272
0.5633984208106995
0.22374728322029114
0.20735451579093933
0.3064628839492798
0.5111597776412964
0.5535656809806824
0.553742527961731
0.11120697855949402
0.5617347955703735
0.5817975401878357
0.43085020780563354
0.5830384492874146
0.27265557646751404
0.5099121928215027
0.3544107675552368
0.6043134927749634
0.4916476905345917
0.4936352074146271
0.4763478636741638
0.23307248950004578
0.3665490448474884
0.48193952441215515
0.6326286792755127
0.5719330310821533
0.1592313051223755
0.3205200731754303
0.5963481664657593
0.3888905346393585
0.47455695271492004
0.283170610666275
0.58390873670578
0.544097900390625
0.39689958095550537
0.5606696605682373
0.17368599772453308
0.46350404620170593
0.20633459091186523
0.3962668478488922
0.3853822946548462
0.038548439741134644
0.5678665637969971
0.3721039891242981
0.620836079120636
0.2675939202308655
0.12815555930137634
0.58197021484375
0.6064920425415039
0.5246520638465881
0.15230557322502136
0.3556678593158722
0.13531482219696045
0.555668830871582
0.4350352883338928
0.26606279611587524
0.5904184579849243
0.6458739638328552
0.20772486925125122
0.09820720553398132
0.24652424454689026
0.4443203806877136
0.5712026357650757
0.5774795413017273
0.5754745602607727
0.17900222539901733
0.4384036660194397
0.44366082549095154
0.5870176553726196
0.17860910296440125
0.4776104688644409
0.17190760374069214
0.2858715057373047
0.22254282236099243
0.586433470249176
0.2200632393360138
0.5484996438026428
0.5712026357650757
0.5712026357650757
0.3967255651950836
0.37696483731269836
0.5020179748535156
0.5990245342254639
0.3805024027824402
0.5603995323181152
0.4194678068161011
0.36733755469322205
0.2728332281112671
0.3308837413787842
0.41629159450531006
0.40403640270233154
0.33002012968063354
0.46692922711372375
0.5917966365814209
0.4674617052078247
0.5099121928215027
0.36075976490974426
0.3251105546951294
0.3375881314277649
0.34204867482185364
0.23032134771347046
0.5956134796142578
0.21801528334617615
0.559071958065033
0.1796368658542633
0.1087622344493866
0.4525678753852844
0.1592775583267212
0.3053930103778839
0.4446311295032501
0.5409453511238098
0.30130714178085327
0.0697888731956482
0.6010074019432068
0.185166597366333
0.3891093134880066
0.08188024163246155
0.26778852939605713
0.1140531599521637
0.169367253780365
0.4776104688644409
0.4568426012992859
0.13372564315795898
0.5611622333526611
0.6271197199821472
0.2813379168510437
0.3423263728618622
0.43683692812919617
0.34321820735931396
0.4617782235145569
0.1606508195400238
0.2968669533729553
0.5863256454467773
0.2867448925971985
0.10157686471939087
0.5337676405906677
0.5617257952690125
0.5628620386123657
0.45894038677215576
0.2371094524860382
0.4275900423526764
0.4894590675830841
0.5306952595710754
0.3496452569961548
0.2435271143913269
0.658959150314331
0.3810592293739319
0.4788143038749695
0.08456066250801086
0.5816420316696167
0.6127465963363647
0.44163817167282104
0.5939778089523315
0.5003606081008911
0.6046202778816223
0.4030739367008209
0.37467747926712036
0.47767147421836853
0.3044193685054779
0.5041261315345764
0.30069851875305176
0.48125267028808594
0.568998396396637
0.5983121395111084
0.48493558168411255
0.4670582413673401
0.44740450382232666
0.06202387809753418
0.6020116806030273
0.24721622467041016
0.4815506935119629
0.08622071146965027
0.17077600955963135
0.5609219074249268
0.48890963196754456
0.287081241607666
0.5892550945281982
0.1636582314968109
0.3368850350379944
0.38240623474121094
0.5717582702636719
0.5567748546600342
0.5103908777236938
0.41045287251472473
0.4329085052013397
0.48327556252479553
0.4584205448627472
0.5406755805015564
0.23006582260131836
0.5763572454452515
0.4805455505847931
0.5556235909461975
0.5031751990318298
0.6123862862586975
0.26767653226852417
0.3145218789577484
0.39151081442832947
0.108399897813797
0.46611711382865906
0.3649956285953522
0.20005083084106445
0.3980660140514374
0.37247592210769653
0.2990390956401825
0.44538235664367676
0.1578720510005951
0.571907639503479
0.283170610666275
0.5202691555023193
0.5368764996528625
0.2560020685195923
0.6103299260139465
0.4752218425273895
0.4692162275314331
0.5522427558898926
0.4956614375114441
0.3343127369880676
0.4367530643939972
0.19049379229545593
0.5958017110824585
0.5642675161361694
0.23558780550956726
0.14365655183792114
0.45826348662376404
0.32530269026756287
0.44654810428619385
0.4164888262748718
0.37568604946136475
0.38486528396606445
0.40589094161987305
0.39385947585105896
0.5135630369186401
0.288826584815979
0.5209978222846985
0.42529797554016113
0.3805024027824402
0.3517863154411316
0.5925285220146179
0.6103299260139465
0.5798885226249695
0.137643963098526
0.10258898138999939
0.2529068887233734
0.5798885226249695
0.45652467012405396
0.43359997868537903
0.4344125986099243
0.11030599474906921
0.5033495426177979
0.20526862144470215
0.4685676097869873
0.46207040548324585
0.58542799949646
0.5483503341674805
0.5866073966026306
0.4353927969932556
0.45225536823272705
0.4673970937728882
0.07951134443283081
0.4762663245201111
0.595298707485199
0.413262277841568
0.1615065038204193
0.5040920376777649
0.12676569819450378
0.2823342978954315
0.4717012941837311
0.5904566049575806
0.2761564552783966
0.37573739886283875
0.3800504803657532
0.49168622493743896
0.0908869206905365
0.4796721935272217
0.5767078399658203
0.24350804090499878
0.5462799072265625
0.31112074851989746
0.5332473516464233
0.07721778750419617
0.1377633810043335
0.3015458583831787
0.39096423983573914
0.4595494568347931
0.5545926094055176
0.09975478053092957
0.19324752688407898
0.429377019405365
0.38996514678001404
0.5892562866210938
0.6015373468399048
0.09662619233131409
0.21861940622329712
0.45934945344924927
0.3832199275493622
0.5245125889778137
0.21936365962028503
0.5556235909461975
0.42287641763687134
0.5116041898727417
0.4867965877056122
0.5732393860816956
0.4776104688644409
0.37203770875930786
0.43808379769325256
0.5655147433280945
0.5774795413017273
0.5798885226249695
0.5999143123626709
0.36879509687423706
0.5071717500686646
0.2514481544494629
0.19217273592948914
0.453880250453949
0.11030837893486023
0.5617347955703735
0.5939218401908875
0.18683570623397827
0.4971574544906616
0.16088667511940002
0.6526128649711609
0.5233912467956543
0.5246520638465881
0.5350177884101868
0.4950122833251953
0.32988792657852173
0.2299530804157257
0.22400960326194763
0.5774795413017273
0.3940441608428955
0.4155895709991455
0.5474550724029541
0.5732888579368591
0.21657142043113708
0.08496549725532532
0.4725736975669861
0.24418064951896667
0.6488981246948242
0.416847288608551
0.1592775583267212
0.4346645772457123
0.5984762907028198
0.18623581528663635
0.6661403775215149
0.6537795066833496
0.42752617597579956
0.3934188783168793
0.4155895709991455
0.23947176337242126
0.4303317070007324
0.36001721024513245
0.17552843689918518
0.4036062955856323
0.5550746321678162
0.4906561076641083
0.5783595442771912
0.42425060272216797
0.6409960389137268
0.49354109168052673
0.4708099365234375
0.11955961585044861
0.5608482956886292
0.400369793176651
0.21468886733055115
0.43300625681877136
0.4144114553928375
0.5386379957199097
0.5569121837615967
0.3363208770751953
0.45495694875717163
0.4964635372161865
0.283170610666275
0.6063954830169678
0.481239378452301
0.5410792827606201
0.2544980049133301
0.11120942234992981
0.36441004276275635
0.4806337058544159
0.5660346746444702
0.4457079768180847
0.5603995323181152
0.20740365982055664
0.27265557646751404
0.5586303472518921
0.4785098135471344
0.4474639892578125
0.36338603496551514
0.5321019291877747
0.38116690516471863
0.22714918851852417
0.5457175970077515
0.4598855674266815
0.39781224727630615
0.4165076017379761
0.49314460158348083
0.06561329960823059
0.48724183440208435
0.20735451579093933
0.45996010303497314
0.48493558168411255
0.5110567808151245
0.4040624499320984
0.3964804410934448
0.4637945890426636
0.3414921462535858
0.4903375804424286
0.5737544894218445
0.39771682024002075
0.5775048732757568
0.5499517321586609
0.5146144032478333
0.4289887249469757
0.6143063306808472
0.2954500615596771
0.3735058307647705
0.35200586915016174
0.5782591104507446
0.5990970134735107
0.3956555724143982
0.31473150849342346
0.5939218401908875
0.3877274990081787
0.5509225726127625
0.490432471036911
0.5777431726455688
0.5525707602500916
0.5761439800262451
0.5998227000236511
0.17798885703086853
0.604168176651001
0.227699875831604
0.4270744025707245
0.3043957054615021
0.452667772769928
0.36941391229629517
0.5670123100280762
0.5647334456443787
0.5742954611778259
0.34647032618522644
0.47946372628211975
0.3003600835800171
0.5173733234405518
0.5573363304138184
0.3212105631828308
0.30331164598464966
0.11857792735099792
0.39922037720680237
0.4073786735534668
0.45940184593200684
0.30625855922698975
0.05216673016548157
0.3543708622455597
0.1204012930393219
0.43808379769325256
0.47286736965179443
0.23804202675819397
0.5059347152709961
0.568925142288208
0.32056742906570435
0.43982189893722534
0.507123589515686
0.5637193918228149
0.2582400441169739
0.470098614692688
0.5455536246299744
0.3678963780403137
0.17311707139015198
0.3053930103778839
0.2206093668937683
0.038390129804611206
0.4419485926628113
0.6005533337593079
0.3516600430011749
0.4949175715446472
0.17233076691627502
0.449057012796402
0.2806110382080078
0.22138449549674988
0.21936365962028503
0.1593863070011139
0.5666369199752808
0.2524823546409607
0.24652424454689026
0.10897913575172424
0.5507578253746033
0.3006013035774231
0.5672195553779602
0.47378426790237427
0.11977753043174744
0.5783411860466003
0.052918583154678345
0.1701650321483612
0.5463313460350037
0.28018105030059814
0.5668349862098694
0.041886597871780396
0.49764394760131836
0.4084286391735077
0.3896230459213257
0.3652102053165436
0.4959983825683594
0.29460006952285767
0.5005736947059631
0.3033835291862488
0.553743839263916
0.46249857544898987
0.24262428283691406
0.5686039924621582
0.5958824753761292
0.18148037791252136
0.6345386505126953
0.593712329864502
0.3943908214569092
0.27876901626586914
0.06561329960823059
0.5431704521179199
0.10595610737800598
0.4040624499320984
0.213926762342453
0.5447289347648621
0.4238303303718567
0.5996816158294678
0.6341072916984558
0.11287900805473328
0.46471941471099854
0.5281750559806824
0.4309713840484619
0.34453505277633667
0.47962141036987305
0.6901785135269165
0.59604412317276
0.21709924936294556
0.3080359697341919
0.3102388381958008
0.4522564709186554
0.5880112648010254
0.6087992787361145
0.41408848762512207
0.3644869923591614
0.2828427255153656
0.4178021550178528
0.13622435927391052
0.27186885476112366
0.34453505277633667
0.5374656915664673
0.12431934475898743
0.28204411268234253
0.37870529294013977
0.4048524498939514
0.3496967852115631
0.36306458711624146
0.4067181348800659
0.40005430579185486
0.5077838897705078
0.47224587202072144
0.04551634192466736
0.47392410039901733
0.31523963809013367
0.262389600276947
0.34006810188293457
0.5954541563987732
0.07941457629203796
0.4457693099975586
0.2658193111419678
0.07268252968788147
0.4582247734069824
0.4001166522502899
0.4370187819004059
0.3894840478897095
0.4001166522502899
0.4617907702922821
0.4765242338180542
0.48114442825317383
0.43019697070121765
0.48146283626556396
0.5472530722618103
0.19608041644096375
0.6081822514533997
0.3464086353778839
0.35663825273513794
0.15230557322502136
0.6252624988555908
0.2540128529071808
0.5386379957199097
0.6085160970687866
0.5020179748535156
0.3368850350379944
0.27614083886146545
0.49816596508026123
0.5680748820304871
0.5426857471466064
0.5902339816093445
0.3667341470718384
0.20853182673454285
0.6667690277099609
0.0880511999130249
0.4586012065410614
0.14016658067703247
0.5492184162139893
0.5136599540710449
0.1645391583442688
0.2728332281112671
0.08120253682136536
0.5578464269638062
0.5384264588356018
0.3120917081832886
0.33271318674087524
0.549898087978363
0.40804073214530945
0.5694190859794617
0.2732296288013458
0.46724361181259155
0.5382703542709351
0.5578175783157349
0.6890071034431458
0.5280827879905701
0.10897913575172424
0.03274849057197571
0.0598737895488739
0.3708374500274658
0.3567882180213928
0.49746257066726685
0.6079103946685791
0.14886024594306946
0.6162513494491577
0.07241758704185486
0.2701262831687927
0.4430745244026184
0.5503413081169128
0.4399285912513733
0.3719659149646759
0.4457079768180847
0.320464551448822
0.6646642684936523
0.4559790790081024
0.13912370800971985
0.19268986582756042
0.5448837280273438
0.5680748820304871
0.5128026604652405
0.42238152027130127
0.5189632177352905
0.6328772902488708
0.44400137662887573
0.4542980492115021
0.3882429003715515
0.5448072552680969
0.4227115213871002
0.46993470191955566
0.463483989238739
0.21831446886062622
0.6100323796272278
0.5881963968276978
0.36729055643081665
0.4669524133205414
0.556929886341095
0.4091958999633789
0.3862391710281372
0.5882479548454285
0.5609219074249268
0.17687734961509705
0.5859929323196411
0.4224246144294739
0.6353960633277893
0.22102829813957214
0.41440674662590027
0.4217744469642639
0.42287641763687134
0.38987284898757935
0.4393875002861023
0.573691725730896
0.34466496109962463
0.4819551408290863
0.2504279315471649
0.4815002679824829
0.40531978011131287
0.5155568718910217
0.5786105990409851
0.5868291258811951
0.5413800477981567
0.4143586754798889
0.2382289469242096
0.17436182498931885
0.5527862906455994
0.4516896903514862
0.119893878698349
0.3651915192604065
0.4414428472518921
0.5882479548454285
0.5102987885475159
0.337724506855011
0.1089031994342804
0.43914350867271423
0.2786823511123657
0.624880313873291
0.41435253620147705
0.2925373911857605
0.07546576857566833
0.5201904773712158
0.4446888566017151
0.40676313638687134
0.4471060633659363
0.5081388354301453
0.42698967456817627
0.5210601687431335
0.34095484018325806
0.3640442490577698
0.6403380632400513
0.17552843689918518
0.37778472900390625
0.5803414583206177
0.3089388310909271
0.30494678020477295
0.42287641763687134
0.39072221517562866
0.5167943239212036
0.5652567148208618
0.43295666575431824
0.5587940812110901
0.14769479632377625
0.5754749178886414
0.2883185148239136
0.5505828261375427
0.4852198362350464
0.4181496202945709
0.34136781096458435
0.4837146997451782
0.5763195157051086
0.43083298206329346
0.6047988533973694
0.09975478053092957
0.5250596404075623
0.5707021951675415
0.6066471934318542
0.4609917998313904
0.6015373468399048
0.20857712626457214
0.39616137742996216
0.05146661400794983
0.45671316981315613
0.16156253218650818
0.3475129306316376
0.5770516991615295
0.227699875831604
0.33331090211868286
0.587607204914093
0.5658562183380127
0.20853182673454285
0.4324813485145569
0.3041529059410095
0.5045626163482666
0.6824643611907959
0.5408814549446106
0.6127259135246277
0.3028860092163086
0.5718762278556824
0.43300625681877136
0.19806140661239624
0.20079439878463745
0.17244860529899597
0.39131253957748413
0.6008889675140381
0.12197092175483704
0.3850933313369751
0.5135572552680969
0.4369565546512604
0.43359997868537903
0.6165692806243896
0.5680543184280396
0.5348442792892456
0.27160876989364624
0.6047988533973694
0.5995278358459473
0.6019821166992188
0.34801608324050903
0.5726192593574524
0.5131128430366516
0.48321330547332764
0.4504169821739197
0.6121736764907837
0.5727882981300354
0.13695469498634338
0.44400137662887573
0.34638917446136475
0.3532954454421997
0.586215615272522
0.3272145688533783
0.39762991666793823
0.49027931690216064
0.15815046429634094
0.34453505277633667
0.5513215065002441
0.5565928816795349
0.45198890566825867
0.5826489329338074
0.3183726668357849
0.5573238730430603
0.36769163608551025
0.400235652923584
0.407733678817749
0.46836134791374207
0.23627513647079468
0.05764895677566528
0.3290107250213623
0.6151288747787476
0.13670936226844788
0.2903221547603607
0.32438457012176514
0.23290887475013733
0.1124562919139862
0.4922247529029846
0.6145243644714355
0.1099841296672821
0.5972607731819153
0.3853722810745239
0.509724497795105
0.596815288066864
0.6297447085380554
0.37938857078552246
0.39199966192245483
0.5692968368530273
0.19408521056175232
0.5635741353034973
0.4413069486618042
0.22802123427391052
0.3879587948322296
0.23306438326835632
0.24812225997447968
0.4062487483024597
0.07177123427391052
0.34541094303131104
0.2903221547603607
0.17760995030403137
0.6143527626991272
0.366518497467041
0.5589708089828491
0.5055650472640991
0.1718786060810089
0.513163149356842
0.4598855674266815
0.3678515553474426
0.2476538121700287
0.41851377487182617
0.46416324377059937
0.40449514985084534
0.2756084203720093
0.4811168909072876
0.41157129406929016
0.1351182460784912
0.6409282088279724
0.4236907958984375
0.5035539865493774
0.556208610534668
0.45626363158226013
0.6271913051605225
0.19902199506759644
0.38510841131210327
0.145106703042984
0.582362711429596
0.3123945891857147
0.41103988885879517
0.3645857572555542
0.37422263622283936
0.5700046420097351
0.26952895522117615
0.658959150314331
0.5498418807983398
0.6749463677406311
0.5655147433280945
0.476360023021698
0.3928006887435913
0.34710413217544556
0.5556235909461975
0.4047253727912903
0.34331151843070984
0.537290632724762
0.11624327301979065
0.39922037720680237
0.12676569819450378
0.3999459743499756
0.4714459776878357
0.45023009181022644
0.38163653016090393
0.10642659664154053
0.3477969765663147
0.5823902487754822
0.30534833669662476
0.3685793876647949
0.400921493768692
0.5754656791687012
0.5771390199661255
0.36990901827812195
0.5871232748031616
0.4180232882499695
0.5519444346427917
0.5701407790184021
0.32986438274383545
0.18901744484901428
0.07423150539398193
0.540626585483551
0.506554901599884
0.5186300277709961
0.40804073214530945
0.5081019997596741
0.34127703309059143
0.5969517827033997
0.5861572623252869
0.5079500675201416
0.4757935106754303
0.37201541662216187
0.09018769860267639
0.6137397885322571
0.30814293026924133
0.17490500211715698
0.5094481706619263
0.5097405910491943
0.48709410429000854
0.3491315245628357
0.18542981147766113
0.41873109340667725
0.34812554717063904
0.42174431681632996
0.17925837635993958
0.13850238919258118
0.15962949395179749
0.570876955986023
0.07941457629203796
0.5854992866516113
0.19217273592948914
0.48330891132354736
0.580096960067749
0.4591943919658661
0.5913153290748596
0.2440766990184784
0.4740757644176483
0.5680417418479919
0.06991556286811829
0.3874667286872864
0.266455739736557
0.383049339056015
0.6100323796272278
0.41410040855407715
0.6052815318107605
0.38144659996032715
0.5911557674407959
0.5853187441825867
0.5695055723190308
0.571751594543457
0.10094830393791199
0.2138371467590332
0.36615079641342163
0.2491467446088791
0.574812114238739
0.38618040084838867
0.42431017756462097
0.4998705983161926
0.43745023012161255
0.4008478820323944
0.6187277436256409
0.5749257802963257
0.43816062808036804
0.5819234848022461
0.650968074798584
0.573879599571228
0.4466254711151123
0.1860799491405487
0.3862391710281372
0.08122262358665466
