0.04100175201892853
0.5805970430374146
0.5929105877876282
0.5767678022384644
-0.04877990484237671
0.29897648096084595
0.6722393035888672
0.6614171266555786
0.18408767879009247
0.4957883059978485
0.4366723597049713
0.21261197328567505
0.5091689825057983
0.519291877746582
0.1549636721611023
0.17388054728507996
0.578346848487854
0.47271305322647095
0.5521260499954224
0.21541470289230347
0.2549302279949188
0.2484782636165619
0.23961524665355682
0.32787567377090454
0.450449138879776
0.3433554768562317
0.6675592660903931
0.246740460395813
0.562627911567688
0.6126606464385986
0.2839975953102112
0.22794757783412933
0.4612511098384857
0.6092792749404907
0.6677290201187134
0.3691084384918213
0.3008735775947571
0.1205597072839737
0.2699403762817383
0.6544829607009888
0.24063566327095032
0.19318681955337524
0.5494211912155151
0.3854232430458069
0.3159286379814148
0.6827211380004883
0.3637802004814148
0.43492788076400757
0.13048769533634186
0.20852285623550415
0.23709113895893097
0.5966933965682983
0.5960521697998047
0.4256182014942169
0.5368796586990356
0.5553408861160278
0.41301271319389343
0.37307244539260864
0.457050085067749
0.5625193119049072
0.46047598123550415
0.3973527252674103
0.5118358135223389
0.3866250514984131
0.47963446378707886
0.6242420077323914
0.6025456190109253
0.18272195756435394
0.4580480754375458
0.05979864299297333
0.5802225470542908
0.5848309993743896
0.3457931578159332
0.27914735674858093
0.5960224270820618
0.2703441381454468
0.33627960085868835
0.22133661806583405
0.3570115864276886
0.6674371957778931
0.4226101040840149
0.6162087321281433
0.27090728282928467
0.30582574009895325
0.12869486212730408
0.3351302742958069
0.4439811408519745
0.16789452731609344
0.5676721334457397
0.5736070871353149
0.5760012865066528
0.5558497905731201
0.1913476288318634
0.60427325963974
0.3760946989059448
0.3838830590248108
0.3437190055847168
0.5095431804656982
0.29176855087280273
0.5022327899932861
0.5128164291381836
0.6479594707489014
0.1603902131319046
0.5154333114624023
0.7411524057388306
0.589354395866394
0.6598106622695923
0.48709195852279663
0.5879511833190918
0.43805089592933655
0.561374306678772
0.4363715350627899
0.1847657412290573
0.6509500741958618
0.5584337711334229
0.3642093539237976
0.14607027173042297
0.21690064668655396
0.41782477498054504
0.37448203563690186
0.38988590240478516
0.3668784499168396
0.3359352946281433
0.43528154492378235
0.4221794903278351
0.36251187324523926
0.48589858412742615
0.6934010982513428
0.1806216984987259
0.6964720487594604
0.4915953576564789
0.49567970633506775
0.3412916660308838
0.4473010301589966
0.3718664348125458
0.2625129222869873
0.2477169930934906
0.6814815998077393
0.6038216352462769
0.35095715522766113
0.1974826157093048
0.5490294694900513
0.13411730527877808
0.33062660694122314
0.6491036415100098
0.2607920169830322
0.5732210874557495
0.6622012853622437
0.45233502984046936
0.561373233795166
0.5898383855819702
0.6429686546325684
0.6322284936904907
0.511019229888916
0.2880987524986267
0.6765851974487305
0.13469630479812622
0.2637510895729065
0.5710861682891846
0.6379715204238892
0.5596808195114136
0.5736105442047119
0.32664287090301514
0.47535908222198486
0.16214756667613983
0.712887167930603
0.18323779106140137
0.3240219056606293
0.10578535497188568
0.15889011323451996
0.5214705467224121
0.21567922830581665
0.2580059766769409
0.5910654067993164
0.5171197652816772
0.506840705871582
0.655128002166748
0.045290663838386536
0.6253299713134766
0.37779074907302856
0.6595442295074463
0.5273455381393433
0.2980077564716339
0.6111623048782349
0.3611111044883728
0.5499297380447388
0.49732163548469543
0.4683680236339569
0.6727735996246338
0.5530976057052612
0.30432096123695374
0.41271883249282837
0.5027860403060913
0.09798113256692886
0.5713597536087036
0.43540480732917786
0.602656364440918
0.47129759192466736
0.5776336789131165
0.2959916889667511
0.5927953720092773
0.6218770742416382
0.46031174063682556
0.6242622137069702
0.6190916299819946
0.2799696922302246
0.28512200713157654
0.24329450726509094
0.18570129573345184
0.4432459771633148
0.5695048570632935
0.4488210678100586
0.3001978099346161
0.38798749446868896
0.2841026484966278
0.37204062938690186
0.35726693272590637
0.348982572555542
0.16665343940258026
0.4646187126636505
0.5132936239242554
0.4644339680671692
0.34161800146102905
0.1154683381319046
0.3617914319038391
0.5204119682312012
0.5592718124389648
0.5394209623336792
0.05621063709259033
0.5251628160476685
0.16504384577274323
0.5104716420173645
0.3864189386367798
0.5372248888015747
0.43132254481315613
0.005491688847541809
0.2490711808204651
0.33674323558807373
0.19471591711044312
0.6446421146392822
0.1938629299402237
0.5766481161117554
0.4517660140991211
0.47781121730804443
0.32300665974617004
0.4986476004123688
0.5003699660301208
0.6485769748687744
0.4149441719055176
0.040447235107421875
0.6319881677627563
0.6347291469573975
0.6881170272827148
0.6033632159233093
0.5836179256439209
0.6707220077514648
0.5977548360824585
0.4931788146495819
0.2914828658103943
0.12151946127414703
0.5098376274108887
0.4348527193069458
0.5148844718933105
0.7344280481338501
0.5847181081771851
0.5269854068756104
0.15227729082107544
0.4624994695186615
0.5002338886260986
0.4171260595321655
0.35027259588241577
0.6558331251144409
0.36281150579452515
0.45142054557800293
0.4084119200706482
0.4887782037258148
0.5730545520782471
0.5210058689117432
0.26287204027175903
0.224824920296669
0.26252835988998413
0.26341763138771057
0.55765700340271
0.20758876204490662
0.15334008634090424
0.28798362612724304
0.23997458815574646
0.36290931701660156
0.5461258888244629
0.38283345103263855
0.5120559930801392
0.40593621134757996
0.4827406704425812
0.619952917098999
0.6555652618408203
0.20415259897708893
0.11531662940979004
0.5785313844680786
0.38320183753967285
0.2839592695236206
0.5181599855422974
0.5047565698623657
0.5240328311920166
0.5007123947143555
0.7630752325057983
0.6029303073883057
0.6248520612716675
0.3516162931919098
0.5867748260498047
0.33541765809059143
0.5330624580383301
0.46398091316223145
0.3138103187084198
0.4969620406627655
0.3701479732990265
0.4077692925930023
0.3213064670562744
0.06223416328430176
0.35522589087486267
0.3966582715511322
0.6334119439125061
0.5078508853912354
0.2784408926963806
0.5004297494888306
0.4105077087879181
0.42106184363365173
0.7482150793075562
0.37947121262550354
0.16915050148963928
0.42021694779396057
0.44353505969047546
0.3726496398448944
0.3297615051269531
0.2028394192457199
0.15469422936439514
0.4940170347690582
0.453594833612442
0.2898885905742645
0.6468158960342407
0.6521011590957642
0.15237584710121155
0.16359752416610718
0.4453999996185303
0.3633989095687866
0.33879801630973816
0.5630676746368408
0.2865655720233917
0.5188254117965698
0.05028004199266434
0.32162392139434814
0.21432045102119446
0.2853296399116516
0.6503385305404663
0.08860297501087189
0.5619787573814392
0.5719442367553711
0.2472948133945465
0.2826307415962219
0.501096785068512
0.532408595085144
0.5669842958450317
0.3329011797904968
0.6789648532867432
0.5228079557418823
0.34679165482521057
0.19736802577972412
0.21979986131191254
0.4513823390007019
0.5840917825698853
0.6547948122024536
0.0653073638677597
0.4445262849330902
0.2616083323955536
0.5121341943740845
0.537445604801178
0.23677045106887817
0.45718619227409363
0.5884007811546326
0.22974926233291626
0.1558493673801422
0.11794961988925934
0.2903079688549042
0.03563693165779114
0.2804524898529053
0.49307599663734436
0.41004952788352966
0.2439340054988861
0.614497184753418
0.3954303562641144
0.42872554063796997
0.5991778373718262
0.5241454839706421
0.5565874576568604
0.6712675094604492
0.32551485300064087
0.5733531713485718
0.4475732147693634
0.6620895862579346
0.4529930055141449
0.49361172318458557
0.3846469521522522
0.34604954719543457
0.4670775234699249
0.3947763741016388
0.23473809659481049
0.5948410034179688
0.3099498748779297
0.3052135109901428
0.7027990818023682
0.4373890459537506
0.4951598644256592
0.24038121104240417
0.6031051874160767
0.0629190132021904
0.5727345943450928
0.49439722299575806
0.6027728319168091
0.4543653130531311
0.4041842520236969
0.7311397790908813
0.5695621967315674
0.6526817083358765
0.5173888206481934
0.6714097261428833
0.5820205211639404
0.40966853499412537
0.4133562743663788
0.576834499835968
0.25876563787460327
0.4532979130744934
0.04782988876104355
0.6582303047180176
0.3705883026123047
0.561674952507019
0.4238388240337372
0.6370079517364502
0.6593515872955322
0.2664647698402405
0.6531124114990234
0.5187475681304932
0.5278226137161255
0.47452500462532043
0.4784577786922455
0.12033823132514954
0.5813248157501221
0.2736511826515198
0.19593757390975952
0.3200370669364929
0.4095487892627716
0.3281016945838928
0.5264167785644531
0.35492604970932007
0.5619509816169739
0.4048128128051758
0.28877750039100647
0.2360209971666336
0.3420550227165222
0.40199801325798035
0.5117570161819458
0.1463165134191513
0.2745516300201416
0.48845580220222473
0.42853471636772156
0.5266285538673401
0.3046662509441376
0.35601112246513367
0.008805438876152039
0.23605847358703613
0.5890401601791382
0.5258009433746338
0.39298340678215027
0.5582314133644104
0.5451459884643555
0.5766329765319824
0.29581475257873535
0.4171029031276703
0.3997875154018402
0.1513984203338623
0.30093705654144287
0.6206804513931274
0.2337847799062729
0.5795983076095581
0.2529354691505432
0.24451172351837158
0.4227214753627777
0.7727711200714111
0.42638108134269714
0.40068766474723816
0.08144570887088776
0.45570823550224304
0.08480286598205566
0.2479821741580963
0.7334336042404175
0.3155970573425293
0.5568526983261108
0.12350596487522125
0.4593372642993927
0.691760778427124
0.4385422170162201
0.26891016960144043
0.2753857374191284
0.708084225654602
0.4837309420108795
0.5754746198654175
0.1718880981206894
0.29443925619125366
0.7228761911392212
0.1773311346769333
0.29513582587242126
0.18069732189178467
0.5072630643844604
0.5746442675590515
0.2630186676979065
0.6565062999725342
0.22315756976604462
0.7129224538803101
0.4379904568195343
0.5734481811523438
0.24441348016262054
0.5203142762184143
0.5394905209541321
0.33094337582588196
0.5564447641372681
0.62107914686203
0.20224879682064056
0.6111240386962891
0.021340571343898773
0.29050692915916443
0.5448108911514282
0.47499197721481323
0.41581588983535767
0.6425553560256958
0.385556697845459
0.6678627729415894
0.4705231785774231
0.5270618200302124
0.3368346691131592
0.5966458320617676
0.2919113039970398
0.40720751881599426
0.028247982263565063
0.5430325269699097
0.28582680225372314
0.4822147786617279
0.3562633991241455
0.2836262583732605
0.12449963390827179
0.24299979209899902
0.37993597984313965
0.3052893280982971
0.06458748131990433
0.31884709000587463
0.3727688789367676
0.1973949372768402
0.1259516030550003
0.46570685505867004
0.31601476669311523
0.4655909836292267
0.5265802145004272
0.5065511465072632
0.6257542967796326
0.4273987114429474
0.047573789954185486
0.49605846405029297
0.35807645320892334
0.23056423664093018
0.5898188948631287
0.13798686861991882
0.6423225402832031
0.490998774766922
0.33591020107269287
0.44832906126976013
0.45253127813339233
0.26559388637542725
0.500213086605072
0.5960220098495483
0.29340216517448425
0.26719167828559875
0.5099045038223267
0.47725796699523926
0.32742178440093994
0.37188291549682617
0.7092419862747192
0.23319832980632782
0.452402263879776
0.3503273129463196
0.5448710918426514
0.44621360301971436
0.548845112323761
0.49290797114372253
0.25408220291137695
0.5235805511474609
0.14113883674144745
0.4250297248363495
0.03857117146253586
0.43519434332847595
0.0026670992374420166
0.13293863832950592
0.4464389383792877
0.38587281107902527
0.34609511494636536
0.7086625099182129
0.7015401124954224
0.47809675335884094
0.3089780807495117
0.27784550189971924
0.1790628284215927
0.14210158586502075
0.15074850618839264
0.23495858907699585
0.3479812443256378
0.6618335247039795
0.612366259098053
0.41330620646476746
0.602677583694458
0.1658603698015213
0.5775406360626221
0.6515804529190063
0.18323048949241638
0.4525974988937378
0.36796835064888
0.19814473390579224
0.23873429000377655
0.155374675989151
0.2341916859149933
0.3392239511013031
0.3398197889328003
0.13704794645309448
0.2856219708919525
0.46787306666374207
0.30552569031715393
0.3827126920223236
0.5551930665969849
0.04181085526943207
0.520226001739502
0.6021648645401001
0.44223272800445557
0.6819829940795898
0.5461521148681641
0.2875670790672302
0.6861611604690552
0.2801981568336487
0.2916216552257538
0.3911777436733246
0.55500328540802
0.6089143753051758
0.5483015179634094
0.06996233761310577
0.028318174183368683
0.15393657982349396
0.5236562490463257
0.6197867393493652
0.38115277886390686
0.3248458206653595
0.3724973201751709
0.5593388676643372
0.46428507566452026
0.631327748298645
0.40892311930656433
0.28415220975875854
0.21507497131824493
0.2572522461414337
0.49736982583999634
0.3143061399459839
0.365974485874176
0.4917474091053009
0.5574002861976624
0.23416846990585327
0.24229973554611206
0.2750314474105835
0.35303932428359985
0.30884063243865967
0.3702876567840576
0.007619887590408325
0.501724362373352
0.6186436414718628
0.30606311559677124
0.5861273407936096
0.17678770422935486
0.6442083120346069
0.3382076025009155
0.631493330001831
0.5476961135864258
0.5309544801712036
0.49117356538772583
0.578050971031189
0.20376214385032654
0.2661357522010803
0.5362057685852051
0.32380402088165283
0.4454749524593353
0.34802114963531494
0.5571142435073853
0.4683983623981476
0.2181107997894287
0.45158651471138
0.5802309513092041
0.2912558615207672
0.6674507856369019
0.2900031507015228
0.6175975799560547
0.5881386995315552
0.1305830478668213
0.544776439666748
0.5601463317871094
0.5941638946533203
0.6157407760620117
0.6016736030578613
0.7057552337646484
0.3458104729652405
0.17370110750198364
0.43325355648994446
0.15396954119205475
0.24518968164920807
0.5345984697341919
0.6083880066871643
0.18742796778678894
0.28344443440437317
0.4166690409183502
0.14170441031455994
0.7198113203048706
0.4656251072883606
0.019940517842769623
0.01910485327243805
0.16018638014793396
0.44107943773269653
0.2710890769958496
0.3890942931175232
0.5263614654541016
0.440203458070755
0.4977056086063385
0.5493237972259521
-0.004328697919845581
0.17917004227638245
0.6007795333862305
0.5508272647857666
0.6849210262298584
0.537590503692627
0.6649441719055176
0.31060391664505005
0.4136698246002197
0.6092422008514404
0.37234216928482056
0.23979991674423218
0.6579700708389282
0.3394037187099457
0.7038719654083252
0.18769460916519165
0.3585459291934967
0.6360723972320557
0.13524633646011353
0.15582427382469177
0.3546225130558014
0.6525501012802124
0.627824068069458
0.5843122601509094
0.5738197565078735
0.31652379035949707
0.5469410419464111
0.25243955850601196
0.08692289888858795
0.26410073041915894
-0.056688934564590454
0.33541449904441833
0.43067219853401184
0.34513163566589355
0.38014206290245056
0.6892709732055664
0.6992002725601196
0.29562366008758545
0.537775993347168
0.1844775378704071
0.46832385659217834
0.42372626066207886
0.3067455291748047
0.5314589738845825
0.5190098285675049
0.11034564673900604
0.5655851364135742
0.1801062822341919
0.24810153245925903
0.507607102394104
0.25873029232025146
0.5551472902297974
0.45785781741142273
0.6340312957763672
-0.023022577166557312
0.24481301009655
0.3691343069076538
0.3299035429954529
0.4079947769641876
0.5025167465209961
0.49434733390808105
0.10912162065505981
0.49331462383270264
0.6161953210830688
0.3400620222091675
0.47913140058517456
0.49720022082328796
0.20027753710746765
0.501396894454956
0.3373872637748718
0.558786153793335
0.44326910376548767
0.5956518650054932
0.597012996673584
0.5316553115844727
0.26183226704597473
0.31616345047950745
0.315256804227829
0.564876914024353
0.4366734027862549
0.1147039458155632
0.4201112389564514
0.5772904753684998
0.7258032560348511
0.5913010835647583
0.44307592511177063
0.3414096236228943
0.6156430244445801
0.5311762094497681
0.44429507851600647
0.769952654838562
0.5501198172569275
0.2698078155517578
0.47152698040008545
0.46986261010169983
0.31696271896362305
0.3268697261810303
0.30136755108833313
0.579845666885376
0.49252721667289734
0.5417769551277161
0.30813050270080566
0.2848687171936035
0.21783223748207092
0.27841705083847046
0.5701322555541992
0.16553470492362976
0.23010629415512085
0.42252063751220703
0.25400975346565247
0.41801193356513977
0.366800457239151
0.3306983709335327
0.21300145983695984
0.2390213906764984
0.32300204038619995
0.5925904512405396
0.5173360705375671
0.31959107518196106
0.1409662514925003
0.26506853103637695
0.22325050830841064
0.7087589502334595
0.5199547410011292
0.3243436813354492
0.5724829435348511
0.5858577489852905
0.6732908487319946
0.14827631413936615
0.21023662388324738
0.42275235056877136
0.4011632800102234
0.7063754796981812
0.6403794288635254
0.492904394865036
0.38184332847595215
0.4587261378765106
0.28069862723350525
0.5264668464660645
0.19436024129390717
0.43211624026298523
0.002332240343093872
0.49394580721855164
0.4037531316280365
0.5042411088943481
0.25762850046157837
0.6087673902511597
0.5886213183403015
0.42569872736930847
0.23689016699790955
0.2789405584335327
0.24928149580955505
0.338115394115448
0.4824855327606201
0.6059666872024536
0.49399664998054504
0.303650438785553
0.2373763918876648
0.10588499903678894
0.5167132616043091
0.2562873959541321
0.4871750473976135
0.578965961933136
0.3525072932243347
0.18760553002357483
0.06441862136125565
0.6200288534164429
0.5457639694213867
0.5988161563873291
0.23253656923770905
0.36357441544532776
0.07868383824825287
0.4258347451686859
0.07342623174190521
0.4914619028568268
0.6056376695632935
0.09613043069839478
0.38002750277519226
0.3916618824005127
0.5050911903381348
0.3831380605697632
0.480461448431015
0.5063657760620117
0.5560954809188843
0.43986326456069946
0.24170681834220886
0.3302815556526184
0.488458514213562
0.17630130052566528
0.21041299402713776
0.28125834465026855
0.24285931885242462
0.2618600130081177
0.3350173234939575
0.3364904224872589
0.6085983514785767
0.42443016171455383
0.169814333319664
0.2325577288866043
0.48143360018730164
0.22456207871437073
0.6061203479766846
0.5096908807754517
0.7205976247787476
0.2521519064903259
0.5349044799804688
0.2411225438117981
0.6016539335250854
0.31371551752090454
0.2562365233898163
0.2737659215927124
0.6978271007537842
0.5853433609008789
0.41638872027397156
0.6759673357009888
0.14029480516910553
0.3142780363559723
0.49912944436073303
0.42656075954437256
0.5441429615020752
0.27010205388069153
0.4952336847782135
0.29505467414855957
0.6614053249359131
0.6062046885490417
0.5892456769943237
0.7033953666687012
0.14550070464611053
0.5623060464859009
0.242775559425354
0.1296386569738388
0.5315984487533569
0.21703165769577026
0.08311614394187927
0.34111475944519043
0.6743102073669434
0.7519724369049072
0.6404815912246704
0.6950972080230713
0.5853866338729858
0.5176941156387329
0.20728932321071625
0.4459368586540222
0.3362225294113159
0.5449289679527283
0.7287091016769409
0.44795462489128113
0.16636405885219574
0.23459795117378235
0.34430789947509766
0.675142765045166
0.43657395243644714
0.3035043776035309
0.6898133754730225
0.38712161779403687
0.3121069073677063
0.6133864521980286
0.467833012342453
0.5991301536560059
0.5468252897262573
0.4135221838951111
0.5097736120223999
0.5624274015426636
0.28215935826301575
0.33195167779922485
0.5685086250305176
0.6103700399398804
0.6489118337631226
0.28583723306655884
0.4248831868171692
0.42734208703041077
0.38069215416908264
0.39670947194099426
0.32526490092277527
0.6058751344680786
0.23759889602661133
0.2423933893442154
0.2963413596153259
0.6570013761520386
0.5831365585327148
0.3022170662879944
0.12181057035923004
0.5978971719741821
0.21301403641700745
0.1348094493150711
0.7186886072158813
0.5790348052978516
0.24239198863506317
0.6937046051025391
0.35169145464897156
0.6856122016906738
0.4942062199115753
0.15565425157546997
0.5301704406738281
0.1933278739452362
0.5044609904289246
0.6594866514205933
0.18308669328689575
0.03710215538740158
0.12270213663578033
0.5265902280807495
0.22714218497276306
0.4766159951686859
0.5436961054801941
0.2562231123447418
0.0013834089040756226
0.479010671377182
0.414190411567688
0.414510041475296
0.4927864372730255
0.3392156958580017
0.38155877590179443
0.5285913944244385
0.551250696182251
0.43754443526268005
0.5864182710647583
0.3638754189014435
0.524229884147644
0.425199955701828
0.3813278079032898
0.406523734331131
0.6366267204284668
0.5291844606399536
0.1454998254776001
0.46922552585601807
0.5477111339569092
0.172014057636261
0.37871086597442627
0.3991447389125824
0.4736771881580353
0.3017925024032593
0.21648269891738892
0.6217492818832397
0.525023877620697
0.3557513952255249
0.6772657632827759
0.3042451739311218
0.46489182114601135
0.16861002147197723
0.44566693902015686
0.06744739413261414
0.42424651980400085
0.4665220081806183
0.5189849138259888
0.6571807861328125
0.15160465240478516
0.4692906439304352
0.6739132404327393
0.47582122683525085
0.45630761981010437
0.31392526626586914
0.4591389000415802
0.5567170977592468
0.5189372301101685
0.7280371189117432
0.621148943901062
0.2906915545463562
0.48342254757881165
0.415629118680954
0.301329106092453
0.3875334560871124
0.5010040998458862
0.47815483808517456
0.5546485185623169
0.41897347569465637
0.2678914964199066
0.423755019903183
0.15998084843158722
0.1292528212070465
0.27352821826934814
0.5330872535705566
0.7456841468811035
0.6204601526260376
0.5815551280975342
0.2175498604774475
0.26614582538604736
0.3533557057380676
0.55335533618927
0.662601113319397
0.4064587652683258
0.5142109394073486
0.42804795503616333
0.7208784818649292
0.3115459680557251
0.25539472699165344
0.46638190746307373
0.5200238227844238
0.31095099449157715
0.5814924240112305
0.558165967464447
0.07999291270971298
0.5095059871673584
0.3193666636943817
0.6089508533477783
0.68712317943573
0.25631171464920044
0.6348463892936707
0.25455886125564575
0.1424088180065155
0.23312056064605713
0.029643714427947998
0.5310322046279907
0.3100825250148773
0.2997148633003235
0.5833703279495239
0.4396250545978546
0.4191286861896515
0.2576393485069275
0.4036165773868561
0.6368108987808228
0.40773138403892517
0.5206897258758545
0.02560323476791382
0.3800262212753296
0.6015201807022095
0.7536510229110718
0.5195556879043579
0.7256814241409302
0.5312625169754028
0.25479888916015625
0.4050351679325104
0.47721391916275024
0.306029349565506
0.34876561164855957
0.2647560238838196
0.360495001077652
0.5951675176620483
0.21523727476596832
0.2035858929157257
0.4154147207736969
0.8037619590759277
0.5330460071563721
0.26407191157341003
0.4066408574581146
0.1996227204799652
0.3066103458404541
0.5790197253227234
0.41060692071914673
0.17252390086650848
0.6047260761260986
0.6889941692352295
0.13766682147979736
0.4395928680896759
0.5464140176773071
0.3245573341846466
0.16153013706207275
0.29051148891448975
0.5567264556884766
0.23931697010993958
0.35275590419769287
0.36073148250579834
0.5833890438079834
0.17961767315864563
0.27709951996803284
0.2269478440284729
0.35321569442749023
0.5093014240264893
0.48960399627685547
0.2796787619590759
0.36921370029449463
0.17963898181915283
0.5977575778961182
0.5070582628250122
0.519202470779419
0.24869054555892944
0.36215484142303467
0.4612874686717987
0.40402573347091675
0.318629652261734
0.25784921646118164
0.16262483596801758
0.52341628074646
-0.043354421854019165
0.18380194902420044
0.1270064115524292
0.39205142855644226
0.6337451934814453
0.24157355725765228
0.2861643135547638
0.5395935773849487
0.2816523313522339
0.3499460816383362
0.4208095967769623
0.23833946883678436
0.2768411636352539
0.3711373805999756
0.4745289981365204
0.02631467580795288
0.31546667218208313
0.31684550642967224
0.5891579389572144
0.5202903747558594
0.6842029094696045
0.5628443956375122
0.09700390696525574
0.5878171920776367
0.500111997127533
0.47587135434150696
0.2378312200307846
0.5846680402755737
0.5168460011482239
0.5570203065872192
0.4555692672729492
0.11487110704183578
0.5866522192955017
0.32214367389678955
0.5546380281448364
0.4521215260028839
0.1641278862953186
0.23669829964637756
0.019745513796806335
0.5594794750213623
0.39179864525794983
0.5955841541290283
0.5337998270988464
0.26052892208099365
0.4939098060131073
0.3897215723991394
0.19172224402427673
0.5023226737976074
0.28114721179008484
0.0035899877548217773
0.4624505937099457
0.6247951984405518
0.36713504791259766
0.564177393913269
0.1763676106929779
0.5717747807502747
0.4590741693973541
0.30733343958854675
0.43656396865844727
0.4395192563533783
0.3186199367046356
0.6702649593353271
0.16589626669883728
0.2566453218460083
0.4818666875362396
0.6170392036437988
0.5061536431312561
0.04400700330734253
0.39636558294296265
0.3002259135246277
0.15922769904136658
0.5296266674995422
0.29443061351776123
0.5278650522232056
0.23595011234283447
0.423078328371048
0.3683827817440033
0.4770032465457916
0.16647541522979736
0.5726298093795776
0.4897855520248413
0.12286367267370224
0.42793071269989014
0.15532031655311584
0.5190936923027039
0.6462404727935791
0.6234577894210815
0.4168689548969269
0.25235432386398315
0.5836431980133057
0.0887221246957779
0.124053955078125
0.024836465716362
0.3667021691799164
0.04861942678689957
0.28342196345329285
0.2320450246334076
0.3472335636615753
0.6020187735557556
0.4021560251712799
0.1054699718952179
0.5960943698883057
0.7403135299682617
0.6104615926742554
0.708251953125
0.13518700003623962
0.6125733852386475
0.5262161493301392
0.5523542165756226
-0.03584960103034973
0.2745282053947449
0.37426167726516724
0.012540459632873535
0.7096949815750122
0.17937108874320984
0.26905250549316406
0.5904593467712402
0.6322747468948364
0.4387834072113037
0.1845206618309021
0.31573137640953064
0.538279116153717
0.5727694034576416
0.6885877847671509
-0.02488863468170166
0.33331114053726196
0.29079490900039673
0.045833759009838104
0.10029902309179306
0.39808210730552673
0.22013536095619202
0.6016124486923218
0.6431822776794434
0.45134711265563965
0.3271290063858032
0.060563042759895325
0.43669143319129944
0.42045724391937256
0.41513553261756897
0.31885671615600586
0.6150131225585938
0.6684956550598145
0.4620085656642914
0.23002518713474274
0.5286039113998413
0.24283896386623383
0.6299092769622803
0.2550228238105774
0.38169777393341064
0.39632248878479004
0.0002117156982421875
0.5098360776901245
0.6612907648086548
0.34912991523742676
0.46096381545066833
0.6102495193481445
0.428173691034317
0.7515054941177368
0.6492953300476074
0.5455688238143921
0.36743462085723877
0.12085700035095215
0.29461869597435
0.36151424050331116
0.3122483789920807
0.6171987056732178
0.5352468490600586
0.5945711135864258
0.7140111923217773
0.41436830163002014
0.3640516698360443
0.5859308242797852
0.1638118326663971
0.7065969705581665
0.31466203927993774
0.7302443981170654
0.41769078373908997
0.5343170166015625
0.5659688115119934
0.49034231901168823
0.6101117134094238
0.6693011522293091
0.47826024889945984
0.5624387264251709
0.2108870893716812
0.532122015953064
0.10722240805625916
0.23603852093219757
0.6425340175628662
0.57320237159729
0.32993876934051514
0.494647353887558
0.3148174285888672
0.5425674915313721
0.6358174085617065
0.3476085662841797
0.4641645848751068
0.1882837414741516
0.5625216364860535
0.3268272578716278
0.6248213052749634
0.5819666385650635
0.24118584394454956
0.3090131878852844
0.6726086139678955
0.5174404978752136
0.6783849000930786
0.5382901430130005
0.5428311824798584
0.18338733911514282
0.25559255480766296
0.34591788053512573
0.3005516529083252
0.33555281162261963
0.4436477720737457
0.5934493541717529
0.6510745286941528
0.3418201804161072
0.602668285369873
0.5400987863540649
0.2678350806236267
0.5023186802864075
0.10976079106330872
0.5891897678375244
0.4310833513736725
0.6607741117477417
0.5776478052139282
0.523971676826477
0.3850228786468506
0.46797171235084534
0.2597193717956543
0.4471343457698822
0.5666083693504333
0.17221665382385254
0.3280252516269684
0.21988308429718018
0.41321948170661926
0.40793970227241516
0.21327301859855652
0.5135246515274048
0.348987877368927
0.1576990783214569
0.7496997117996216
0.49079689383506775
0.46618786454200745
0.3840811848640442
0.28299790620803833
0.3047429919242859
0.5390441417694092
0.29764485359191895
0.3750018775463104
0.6056349277496338
0.6366511583328247
0.5094844102859497
0.5773130655288696
0.3364226520061493
0.7175239324569702
0.30700719356536865
0.6172013282775879
0.5652070045471191
0.34415924549102783
0.5173172950744629
0.32090210914611816
0.6130985021591187
0.280815064907074
0.3961462080478668
0.3079577684402466
0.4756235182285309
0.46511727571487427
0.31218332052230835
0.5179458856582642
0.5287220478057861
0.13000676035881042
0.39460110664367676
0.15513870120048523
0.5226571559906006
0.6718946695327759
0.42968985438346863
0.5779988765716553
0.00349465012550354
0.45307275652885437
0.23290519416332245
0.5272259712219238
0.41513845324516296
0.2886775732040405
0.2682279646396637
0.3713463544845581
0.7235610485076904
0.30695921182632446
0.5700055360794067
0.3803892135620117
0.46799230575561523
0.10479499399662018
0.35491645336151123
0.6994843482971191
0.44076237082481384
0.47028598189353943
0.48761600255966187
0.5982112288475037
0.5869272947311401
0.7227929830551147
0.43712255358695984
0.28511902689933777
0.21541687846183777
0.30792611837387085
0.5098056793212891
0.5558516979217529
0.1409076750278473
0.47393304109573364
0.6199504137039185
0.5273127555847168
0.5885035991668701
0.40811029076576233
0.6802911758422852
0.20330198109149933
0.06803128123283386
0.5000451803207397
0.4740211069583893
0.33293789625167847
0.11896213889122009
0.5249224901199341
0.5960054993629456
0.6053100824356079
0.5106170177459717
0.663399338722229
0.4129924774169922
0.5141764879226685
0.714145302772522
0.07372972369194031
0.469079852104187
0.037788182497024536
0.32981327176094055
0.5569626092910767
0.5347273945808411
0.6473045349121094
0.33024564385414124
0.49628838896751404
0.2883078455924988
0.6309552192687988
0.5368324518203735
0.5474268198013306
0.5871938467025757
0.22172324359416962
0.5482627153396606
0.5126621127128601
0.2720271944999695
0.2858845591545105
0.45582976937294006
0.0648079663515091
0.6204324960708618
0.3173060417175293
0.5231223106384277
0.3975263237953186
0.4028299152851105
0.29220524430274963
0.38256198167800903
0.628256618976593
0.3816095292568207
0.569483757019043
0.2739946246147156
0.442345529794693
0.4462520480155945
0.4483627378940582
0.4204862415790558
0.34663206338882446
0.31987160444259644
0.7027215957641602
0.3199182152748108
0.4312366843223572
0.35696935653686523
0.2115243524312973
0.16963312029838562
0.5206477642059326
0.2730552554130554
0.42975643277168274
0.4919016659259796
0.4832009971141815
0.6555267572402954
0.553714394569397
0.4726049602031708
0.4528220295906067
0.6478948593139648
0.2986987233161926
0.17029476165771484
0.389301061630249
0.5375748872756958
0.2762700319290161
0.428420752286911
-0.01983557641506195
0.39214983582496643
0.09206326305866241
0.1954052746295929
0.176738440990448
0.49516597390174866
-0.01213797926902771
0.1618032157421112
0.4072837829589844
0.7368994951248169
0.42713743448257446
0.1777706742286682
0.36851680278778076
0.4321722090244293
0.725712776184082
0.4589131772518158
0.631006121635437
0.6069802045822144
0.522556722164154
0.6733797788619995
0.17400509119033813
0.32119470834732056
0.5596021413803101
0.4378141462802887
0.5206252336502075
0.621147632598877
0.3250269591808319
0.5303123593330383
0.40951159596443176
0.027249373495578766
0.11026380956172943
0.36444854736328125
0.38777655363082886
0.022392675280570984
0.4044016897678375
0.5384509563446045
0.3032819330692291
0.5873103737831116
0.21281450986862183
0.513812243938446
0.16244904696941376
0.5121921300888062
0.16884741187095642
0.5499330163002014
0.49118736386299133
0.26305311918258667
0.4945288598537445
0.2386932522058487
0.6053109169006348
0.5254290699958801
0.5279241800308228
0.2594778537750244
0.5308734774589539
0.23605747520923615
0.5388807058334351
0.7152184247970581
0.633751630783081
0.4357493221759796
-0.01912437379360199
0.4543002247810364
0.40268704295158386
0.42002782225608826
0.4450770914554596
0.2851812243461609
0.42136695981025696
0.5037223100662231
0.0666542798280716
0.3127690851688385
0.6825122833251953
0.5256204605102539
0.41767942905426025
0.20965787768363953
0.5718569755554199
0.5632593631744385
0.6720081567764282
0.024585068225860596
0.2864452004432678
0.46545061469078064
0.16077013313770294
0.6243302822113037
0.4149603247642517
0.7547125816345215
0.5666308403015137
0.3024143576622009
0.019208692014217377
0.11187002062797546
0.35149067640304565
0.6605908870697021
0.5426369905471802
0.25675711035728455
0.6099039316177368
0.18220451474189758
0.19878016412258148
0.4405681788921356
0.5887314677238464
0.5701498985290527
0.24738682806491852
0.2015041708946228
0.33113765716552734
0.32728099822998047
0.3388404846191406
0.5211918354034424
0.43706879019737244
0.6528710126876831
0.5596040487289429
0.3995950222015381
0.3620099425315857
0.4403947591781616
0.5798358917236328
0.3428053557872772
0.2863490581512451
0.30704545974731445
0.5007513761520386
0.18866199254989624
0.25612157583236694
0.01967194676399231
0.25492942333221436
0.5108194947242737
0.3971690833568573
0.5040117502212524
0.5244652032852173
0.5799859166145325
0.35682883858680725
0.5765743851661682
0.5126265287399292
0.34259656071662903
0.12003563344478607
-0.034553125500679016
0.5792759656906128
0.6380259990692139
0.26285484433174133
0.17625924944877625
0.11867377907037735
0.533316969871521
0.17993515729904175
0.45598554611206055
0.5069442987442017
0.25409093499183655
0.1972983330488205
0.45633062720298767
0.06304079294204712
0.3277471363544464
0.674460768699646
0.5546471476554871
0.6477463245391846
0.16709351539611816
0.5577462911605835
0.6168285608291626
0.45510998368263245
0.3279339671134949
0.5531863570213318
0.5415959358215332
0.2208690345287323
0.3152845501899719
0.7958388328552246
0.37003302574157715
0.39008986949920654
0.09100811928510666
0.2938830256462097
0.4499155580997467
0.27790969610214233
0.45831379294395447
0.22134611010551453
0.5062432289123535
0.23155783116817474
0.423532634973526
0.5187360048294067
0.3109605014324188
0.38285714387893677
0.6781773567199707
0.253548264503479
0.677577018737793
0.28883159160614014
0.5738465785980225
0.3570093810558319
0.6074032783508301
0.606959342956543
0.19907206296920776
0.23128214478492737
0.5129216909408569
0.48329195380210876
0.3312572240829468
0.38545095920562744
0.27681905031204224
0.6199416518211365
0.5922870635986328
0.7040363550186157
0.13921624422073364
0.5675557851791382
0.3554052412509918
0.233018696308136
0.2744012773036957
0.17360231280326843
0.49858543276786804
0.3009396195411682
0.15521447360515594
0.5606329441070557
0.561555027961731
0.4953556954860687
0.3785538673400879
0.6588131189346313
0.4330451786518097
0.6405773162841797
0.4889352023601532
0.5991060733795166
0.4197057783603668
0.3718469738960266
0.6874129772186279
0.4309236705303192
0.05105052888393402
0.3141539990901947
0.3704911470413208
0.341581255197525
0.1928742229938507
0.4005844295024872
0.2801087498664856
0.5706084966659546
0.17579007148742676
0.3448754847049713
0.3883759379386902
0.18711918592453003
0.1009533479809761
0.6281458735466003
0.3798317015171051
0.43362316489219666
0.47969380021095276
0.33233964443206787
0.5901341438293457
0.5124974250793457
0.42912259697914124
0.5980552434921265
0.41535380482673645
0.7602760791778564
0.28394973278045654
0.43792054057121277
0.6893805265426636
0.6218065023422241
0.29163286089897156
0.2638014853000641
0.20017200708389282
0.2724646329879761
0.4048417806625366
0.5451768636703491
0.5008142590522766
0.04773562401533127
0.37305307388305664
0.28579282760620117
0.6678242683410645
0.3404490053653717
0.3923937976360321
0.7099459171295166
0.6027987003326416
0.5973283052444458
0.5082505941390991
0.5942740440368652
0.41521212458610535
0.3749500811100006
0.4721345901489258
0.24907399713993073
0.5253208875656128
0.11738410592079163
0.5420482158660889
0.5896586179733276
0.520133376121521
0.43646228313446045
0.4501985013484955
0.6058964729309082
0.2630208730697632
0.5808171033859253
0.5926997661590576
0.4715442359447479
0.45006099343299866
0.21294358372688293
0.35427701473236084
0.6260443925857544
0.4878905713558197
0.4782645106315613
0.1538510024547577
0.5520798563957214
0.4068455398082733
0.29853981733322144
0.3697092831134796
0.44500890374183655
0.4963591396808624
0.24828913807868958
0.4629313051700592
0.4115387797355652
0.3625975549221039
0.4420038163661957
0.3778949975967407
0.18924221396446228
0.5739059448242188
0.29141804575920105
0.6148713231086731
0.4951622784137726
0.3550061583518982
0.43727368116378784
0.2947061061859131
0.25113481283187866
0.5529603958129883
0.21899163722991943
0.4599166214466095
0.21369382739067078
0.4742671251296997
0.5640802383422852
0.5081346035003662
0.6046237349510193
0.3513340353965759
-0.018347933888435364
0.7100878953933716
0.6320769786834717
0.11563428491353989
0.3595654368400574
0.4486185610294342
0.1260073184967041
0.6260333061218262
0.3685387074947357
0.5340172052383423
0.20135821402072906
0.5080543756484985
0.4212441146373749
0.2264593094587326
0.5693628191947937
0.28010767698287964
0.6079851388931274
0.2499270737171173
0.3505234122276306
0.5171953439712524
0.3863866627216339
0.572205662727356
0.4674314558506012
0.6678587198257446
0.5279157757759094
0.522765040397644
0.5082218647003174
0.6854289770126343
0.2674611210823059
0.4443376362323761
0.017381690442562103
0.7331836223602295
0.22382226586341858
0.5596874952316284
0.45116090774536133
0.19832253456115723
0.5161579251289368
0.3048100471496582
0.4546346962451935
0.48676493763923645
0.21090292930603027
0.36797624826431274
0.4006144106388092
-0.02907577157020569
0.15200433135032654
0.41127631068229675
0.5046745538711548
0.27555760741233826
0.38516131043434143
0.5578175783157349
0.42982354760169983
0.6188421249389648
0.30163121223449707
0.45919397473335266
0.35155847668647766
0.1736019104719162
0.5630557537078857
0.6141073107719421
0.40908294916152954
0.37967604398727417
0.6108540296554565
0.5092388391494751
0.2713436782360077
0.6865249872207642
0.5760387182235718
0.5209004282951355
0.5560542345046997
0.5684114694595337
0.05786071717739105
0.5345326662063599
0.5742918252944946
0.5131548047065735
0.16766242682933807
0.338739812374115
0.3366583585739136
0.37229540944099426
0.6624656915664673
0.3592560291290283
0.5418334603309631
0.6134381294250488
0.3366103172302246
0.4566740393638611
0.523287832736969
0.5410205125808716
0.1333439201116562
0.2909908592700958
0.13765780627727509
0.14623422920703888
0.34078484773635864
0.13971516489982605
0.4664706289768219
0.5999702215194702
0.5100264549255371
0.629501223564148
0.6515544652938843
0.49405258893966675
0.23845860362052917
0.41335994005203247
0.4736727774143219
0.284812331199646
0.5883100032806396
0.546249270439148
0.23674118518829346
0.24886798858642578
0.5495303869247437
0.6587095260620117
0.583936333656311
0.23848338425159454
0.6819156408309937
0.18084119260311127
0.24395108222961426
0.38162684440612793
0.05439335107803345
0.16214901208877563
0.3686060905456543
0.4831690490245819
0.41798099875450134
0.39442697167396545
0.33179983496665955
0.36016857624053955
0.20646750926971436
0.6239029169082642
0.48425254225730896
0.39353373646736145
0.28373461961746216
0.5361548662185669
0.526311993598938
0.21689680218696594
0.5364034175872803
0.48555275797843933
0.5132427215576172
0.12587112188339233
0.13815580308437347
0.41820546984672546
0.5258337259292603
0.15009614825248718
0.41812264919281006
0.34792083501815796
0.2604660987854004
0.46316173672676086
0.3899839222431183
0.23656386137008667
0.566049337387085
0.3814767897129059
0.3318728804588318
0.257823646068573
0.5750256776809692
0.18813808262348175
0.6400501728057861
0.547958254814148
0.44808539748191833
0.3160688877105713
0.4638689458370209
0.40559300780296326
0.7179216146469116
0.43964245915412903
0.09434320032596588
0.34216246008872986
0.4017832577228546
0.3865553140640259
0.6779253482818604
0.036518096923828125
0.43862172961235046
0.597795844078064
0.47860848903656006
0.1556946039199829
0.7417138814926147
0.5529298782348633
0.08507631719112396
0.5572111010551453
0.3292332589626312
0.34685632586479187
0.6583477258682251
0.5711956024169922
0.48082974553108215
0.3777587115764618
0.24145106971263885
0.31422027945518494
0.29264453053474426
0.2810294032096863
0.18800021708011627
0.1890028566122055
0.540163516998291
0.4180717170238495
0.35851722955703735
0.6384469270706177
0.3106709420681
0.604800283908844
0.642256498336792
0.491897314786911
0.18048635125160217
0.6352375745773315
0.5878833532333374
0.5248022079467773
0.46775516867637634
0.26019522547721863
0.27961665391921997
0.20093360543251038
0.7277947664260864
0.5566070079803467
0.6610862016677856
0.5143207311630249
0.21008256077766418
0.27200156450271606
0.20323804020881653
0.2701877951622009
0.7004071474075317
0.16784703731536865
0.0511549636721611
0.5931740403175354
0.4903344213962555
-0.0388515442609787
0.5985682010650635
0.3664168119430542
0.45676812529563904
0.3067183792591095
0.595577597618103
0.3830268085002899
0.3117901086807251
0.3165210485458374
0.38724207878112793
0.16440869867801666
0.527225136756897
0.6241215467453003
0.23799949884414673
0.3782757520675659
0.6274192333221436
0.29641684889793396
0.20769551396369934
0.6152075529098511
0.628603458404541
0.47912654280662537
0.6000521779060364
0.6071342825889587
0.4612444043159485
0.41239920258522034
0.28156739473342896
0.4660026729106903
0.5843648910522461
0.2199195772409439
-0.016128599643707275
0.1949976682662964
0.3352605104446411
0.17502173781394958
0.2004554718732834
0.8049008846282959
0.2713668942451477
0.567612886428833
0.3509277105331421
0.4293076694011688
0.46091797947883606
0.2837047576904297
0.2815486788749695
0.15178513526916504
0.5056253671646118
0.2367239147424698
0.18807822465896606
0.5103992223739624
0.5510183572769165
0.5599033832550049
0.35919347405433655
0.5525380373001099
0.08322873711585999
0.21612609922885895
0.320525586605072
0.42419669032096863
0.5812920331954956
0.3888391852378845
0.49908992648124695
0.05198916792869568
0.6305931806564331
0.4353555142879486
0.5392196178436279
0.5576362013816833
0.11582484841346741
0.1726551204919815
0.4815366566181183
0.5055301189422607
0.7077932357788086
0.27608078718185425
0.4902077615261078
0.2659537196159363
0.40153738856315613
0.04230550676584244
0.3073681592941284
0.6125921010971069
0.26528364419937134
0.118401437997818
0.41713327169418335
0.5238990783691406
0.258071631193161
0.6440174579620361
0.6100596189498901
0.6536089181900024
0.3635956346988678
0.604810357093811
0.5957223176956177
0.28747260570526123
0.044976606965065
0.23201020061969757
0.6991336345672607
0.39275631308555603
0.22584129869937897
0.4007173478603363
0.4913187623023987
0.31958872079849243
0.6147826910018921
0.12638191878795624
0.332349956035614
0.44358766078948975
0.4611426889896393
0.3350411653518677
0.5591156482696533
0.5677728056907654
0.18116796016693115
0.5070301294326782
0.3905596137046814
0.5242034792900085
0.45336419343948364
0.48507416248321533
0.3861103057861328
0.6374104619026184
0.04356122761964798
0.47934427857398987
0.3053562343120575
0.607546329498291
0.23316286504268646
0.38256776332855225
0.15911473333835602
0.31361883878707886
0.4901927709579468
0.2139456570148468
0.5559933185577393
0.3410712778568268
0.6195350885391235
0.1695513278245926
0.42456474900245667
0.15715640783309937
0.2741512060165405
0.5010849237442017
0.2673335671424866
0.3500669002532959
0.6924622058868408
0.520356297492981
0.4820801913738251
0.5572739839553833
0.5235258936882019
0.6067720651626587
0.6147534251213074
0.5605899691581726
0.24198786914348602
0.5807700157165527
0.17674586176872253
0.4677182734012604
0.5965535640716553
0.42163634300231934
0.23595833778381348
0.27919742465019226
0.698552131652832
0.4251808822154999
0.2235502451658249
0.5846104621887207
0.47608718276023865
0.16743683815002441
0.4322233200073242
0.07890857756137848
0.536316990852356
0.4878860116004944
0.36815017461776733
0.2317402958869934
0.2429332733154297
0.6188135743141174
0.22015893459320068
0.6348476409912109
0.444553941488266
0.5002260208129883
0.6283026933670044
0.15148667991161346
0.5960205793380737
0.5538536310195923
0.3861159086227417
0.5689395666122437
0.38901275396347046
0.6495201587677002
0.3811374604701996
0.49740079045295715
0.6144307851791382
0.6539273262023926
0.44915667176246643
0.5033527612686157
-0.007038533687591553
0.5402312874794006
0.4750186502933502
0.4999677538871765
0.3107959032058716
0.3753591775894165
0.3143354654312134
0.17223556339740753
0.6976594924926758
0.649878978729248
0.1898065060377121
0.21591389179229736
0.04311889410018921
0.08655032515525818
0.5841541290283203
0.48569318652153015
0.20303764939308167
0.3523348271846771
0.2370542734861374
0.25289884209632874
0.600067138671875
0.6683464050292969
0.2512059509754181
0.2745692729949951
0.7259608507156372
0.37241700291633606
0.4506695568561554
0.49510082602500916
0.2733393907546997
0.438191682100296
0.41114541888237
0.38247931003570557
0.6102643013000488
0.32850182056427
0.23176851868629456
0.17991144955158234
0.3628232181072235
0.19495980441570282
0.4569908082485199
0.6727957725524902
0.1047205775976181
0.2785620093345642
0.3656162917613983
0.5238913297653198
0.2746492624282837
0.22036074101924896
0.3032473921775818
0.5450468063354492
0.2557741701602936
0.20494380593299866
0.6303224563598633
0.5835069417953491
0.6163339614868164
0.6460657119750977
0.25100916624069214
0.49335476756095886
0.30628132820129395
0.13934463262557983
0.4178115725517273
0.12268470227718353
0.5377695560455322
0.6748343706130981
0.6634484529495239
0.6774760484695435
0.4932156503200531
0.42987897992134094
0.32217419147491455
0.5093276500701904
0.11555911600589752
0.6015069484710693
0.4443811774253845
0.5504692792892456
0.6719424724578857
0.5752757787704468
0.3556157648563385
0.39164483547210693
0.7054932117462158
0.4563588500022888
0.27967751026153564
0.42386558651924133
0.6292269229888916
0.14320477843284607
0.5915445685386658
0.3050389289855957
0.2621554434299469
0.17555080354213715
0.42461010813713074
0.1884503960609436
0.404537171125412
0.4223622679710388
0.5685617327690125
0.5756415128707886
0.42166128754615784
0.4308040142059326
0.3585549294948578
0.36292779445648193
0.5648743510246277
0.24390161037445068
0.39451953768730164
0.13944923877716064
0.6334000825881958
0.27559202909469604
0.6062383651733398
0.02890167385339737
0.6704775094985962
0.6919152736663818
0.5115872621536255
0.44128653407096863
0.36724182963371277
0.6101675033569336
0.6412762403488159
0.1328784078359604
0.34490036964416504
0.38615813851356506
0.7718676328659058
0.4505094587802887
0.11866200715303421
0.6542462110519409
0.444965660572052
0.4975794851779938
0.4219992458820343
0.43679049611091614
0.4477597177028656
0.17525069415569305
0.08489903807640076
0.5814722776412964
0.48113998770713806
0.2399613857269287
0.579930305480957
0.3211435079574585
0.2888032793998718
0.4617031514644623
0.5503326654434204
0.13605526089668274
0.5978801250457764
0.0652582198381424
0.45213472843170166
0.34960561990737915
0.4263363182544708
0.4824892580509186
0.5811742544174194
0.46058592200279236
0.5579416751861572
0.23438964784145355
0.5708303451538086
0.4372194707393646
0.7018545866012573
0.5561827421188354
0.5536255836486816
0.41010919213294983
0.6082265377044678
0.5011718273162842
0.10452454537153244
0.4374859631061554
0.2772696912288666
0.40309086441993713
0.1619742065668106
0.45710092782974243
0.6630960702896118
0.5026997327804565
0.4293862581253052
0.44750484824180603
0.262577623128891
0.6262856721878052
0.03671468794345856
0.529657244682312
0.20012342929840088
0.6397178769111633
0.33927297592163086
0.5047405362129211
0.3227446675300598
0.40972036123275757
0.6028213500976562
0.3094257116317749
0.7169947624206543
0.337384432554245
0.2399739772081375
0.3847118318080902
0.1400587111711502
0.21368345618247986
0.4228810667991638
0.1519152969121933
0.22457799315452576
0.5795327425003052
0.4981401264667511
0.17801284790039062
0.11719214916229248
0.48448649048805237
0.452507883310318
0.5037045478820801
0.565807580947876
0.5744161605834961
0.31262844800949097
0.5224723219871521
0.3644956052303314
0.40144941210746765
0.4731561839580536
0.4046017825603485
0.32990238070487976
0.28377005457878113
0.5939285755157471
0.19797030091285706
0.5007385015487671
0.6075549125671387
0.4656849205493927
0.5375977754592896
0.21845142543315887
0.3379558026790619
0.559394121170044
0.40714380145072937
0.2704320549964905
0.30753812193870544
0.6807173490524292
0.3660602867603302
0.5735760927200317
0.3167552947998047
0.5815913677215576
0.6663020849227905
0.400410920381546
0.351631760597229
0.43067634105682373
0.6138200759887695
0.32964545488357544
0.48581579327583313
0.7369325160980225
0.3994767963886261
0.5999573469161987
0.4203878343105316
0.0771697387099266
0.4292185306549072
0.18425597250461578
0.2690697908401489
-0.04982319474220276
0.5028337240219116
0.638435423374176
0.32457950711250305
0.705665111541748
0.23458373546600342
0.2979053258895874
0.3408523499965668
0.5265032052993774
0.41172635555267334
0.4245903193950653
0.3717217743396759
0.4935675263404846
0.48744937777519226
0.4133685529232025
-0.02625124156475067
0.43193039298057556
0.5622642636299133
0.4555499851703644
0.598731517791748
0.40341809391975403
0.3691798448562622
0.42798832058906555
0.23568862676620483
0.3024959862232208
0.49606087803840637
0.44045373797416687
0.5999448299407959
0.5704240798950195
0.5150599479675293
0.5066608190536499
0.4612750709056854
0.5225232839584351
0.5290148258209229
0.2920139729976654
0.1702558994293213
0.6385573744773865
0.3049568831920624
0.3487538993358612
0.7004256248474121
0.1523992270231247
0.5641798973083496
0.4357776343822479
0.4405846893787384
0.008740007877349854
0.5515763759613037
0.2508051097393036
0.5612365007400513
0.13391737639904022
0.5756621360778809
0.17857453227043152
0.4285374581813812
0.3070845901966095
0.5503944158554077
0.5179081559181213
0.2922407388687134
0.42992469668388367
0.6477739810943604
0.4888288676738739
0.0366935133934021
0.3363155126571655
0.5459933876991272
0.28162264823913574
0.44645196199417114
0.32418930530548096
0.2104468047618866
0.40154433250427246
0.5273213386535645
0.5807687044143677
0.5183438062667847
0.34133023023605347
0.516182541847229
0.19032469391822815
0.7104641199111938
0.42944809794425964
0.6381158828735352
0.5760107040405273
0.43647995591163635
0.6182247400283813
0.5972906947135925
0.7056484222412109
0.4533604681491852
0.15341326594352722
0.25748467445373535
0.36623692512512207
0.16779564321041107
0.27928459644317627
0.490332692861557
0.0016879141330718994
0.6744009256362915
0.2204982489347458
0.2420976758003235
0.27507373690605164
0.09516803920269012
0.33130037784576416
0.19474643468856812
0.6629936695098877
0.5345908403396606
0.07281414419412613
0.3313763439655304
0.6084535717964172
0.6192628145217896
0.5229393243789673
0.4127257168292999
0.45506569743156433
0.5757380723953247
0.5194375514984131
0.5307899713516235
0.15440872311592102
0.36370062828063965
0.41008076071739197
0.21327567100524902
0.6794925928115845
0.3563356101512909
0.5653282403945923
0.05144497752189636
0.5943193435668945
0.3318568766117096
0.6480953693389893
0.5314249992370605
0.3633311688899994
0.20534566044807434
0.463865727186203
0.2899624705314636
0.12309637665748596
0.6172736287117004
0.40988674759864807
0.4305761754512787
0.2865448594093323
0.6129921674728394
0.11550653725862503
0.44307568669319153
0.5894626379013062
-0.00653800368309021
0.4277397096157074
0.2707066535949707
0.4963531792163849
0.4255826771259308
0.5095136165618896
0.3769352436065674
0.226121187210083
0.6270630359649658
0.284309983253479
0.6077703237533569
0.3473113775253296
0.4958456754684448
0.5877108573913574
0.2573559880256653
0.23988009989261627
0.5056793689727783
0.2362070530653
0.5418692231178284
0.6454020738601685
0.6928857564926147
0.4550939202308655
0.46162816882133484
0.3596910536289215
0.38160741329193115
0.16222620010375977
0.4689476490020752
0.4663112461566925
0.4439660906791687
0.5529782176017761
0.5719941854476929
0.5178158283233643
0.5412392616271973
0.19330978393554688
0.5624662637710571
0.47772228717803955
0.5498999357223511
0.33978530764579773
0.3707602918148041
0.7164582014083862
0.48308202624320984
0.4056485891342163
0.6490914821624756
0.47739166021347046
0.42268091440200806
0.4669913351535797
0.21747219562530518
0.13489826023578644
0.5066338777542114
0.5272599458694458
0.3465074896812439
0.5056447982788086
0.40111464262008667
0.4540621340274811
0.7530547380447388
0.2564573287963867
0.4907001554965973
0.35603630542755127
0.3913448750972748
0.5485190153121948
0.6538937091827393
0.4634225368499756
0.26191818714141846
0.510120153427124
0.2927356958389282
0.5200033187866211
0.43557336926460266
0.39346086978912354
0.5823714733123779
0.5280948877334595
0.565213680267334
0.18562082946300507
0.18854273855686188
0.40024468302726746
0.321727454662323
0.5223386287689209
0.524193286895752
-0.05534195899963379
0.38616490364074707
0.23132257163524628
0.07009010016918182
0.3422296643257141
0.27383217215538025
0.6113347411155701
0.2310655564069748
0.5608190298080444
0.5566931962966919
0.5672215223312378
0.10002471506595612
0.15973877906799316
0.5367832183837891
0.3443185091018677
0.4445495307445526
0.5149061679840088
0.27869006991386414
0.5223551392555237
0.6026815176010132
0.3115803897380829
0.1932942271232605
0.5255775451660156
0.6252589225769043
0.6940408945083618
0.6365317106246948
0.22101998329162598
0.5146591663360596
0.3880480229854584
0.05718425661325455
0.38834282755851746
0.729339599609375
0.366766095161438
0.24217616021633148
0.4965773820877075
0.5767618417739868
0.41727980971336365
0.6366941928863525
0.52048659324646
0.21290524303913116
0.5233547687530518
0.2804866135120392
0.16137172281742096
0.2617436945438385
0.395243376493454
0.7115976810455322
0.6598674058914185
0.3634795546531677
0.3679102063179016
0.10560040175914764
0.3336377739906311
0.6912317276000977
0.36918485164642334
0.23531204462051392
0.4377996027469635
0.0871201753616333
0.15008869767189026
0.6623015403747559
0.5676913261413574
0.5474779605865479
0.39641979336738586
0.423294335603714
0.5273860692977905
0.5279800295829773
0.16615885496139526
0.5403727293014526
0.5154008865356445
0.12558291852474213
0.3997868001461029
0.15433230996131897
0.6786339282989502
0.44401657581329346
0.560029923915863
-0.005509048700332642
0.6703158617019653
0.039435774087905884
0.501152753829956
0.5567853450775146
0.6261932849884033
0.40106770396232605
0.04196485877037048
0.26622259616851807
0.1740649789571762
0.65464186668396
0.6224846839904785
0.31619009375572205
0.22011031210422516
0.6438652276992798
0.5574383735656738
0.21865496039390564
0.3174573481082916
0.644096851348877
0.48276689648628235
0.19829116761684418
0.58221435546875
0.5785071849822998
0.6660397052764893
0.44919726252555847
0.4331490397453308
0.46594348549842834
0.45022308826446533
0.5190533399581909
0.51809161901474
0.6785719394683838
0.29453760385513306
0.4329066872596741
0.5369908809661865
0.5186325311660767
0.4179020822048187
0.11449392884969711
0.24837788939476013
0.42325878143310547
0.46506884694099426
0.17030493915081024
0.4509028196334839
0.7049046754837036
0.076137974858284
0.3694496154785156
0.49889329075813293
0.10305450111627579
0.3245965838432312
0.22847552597522736
0.5485636591911316
0.13044755160808563
0.6415436267852783
0.4057040512561798
0.25524187088012695
0.13919448852539062
0.3549762964248657
0.37337616086006165
0.6029372811317444
0.5530111789703369
0.4378989338874817
0.3006347417831421
0.05057866871356964
0.13608472049236298
0.3755834400653839
0.39207878708839417
0.7300585508346558
0.5553407669067383
0.411799818277359
0.511415958404541
0.122076615691185
0.14717036485671997
0.34132421016693115
0.3443560004234314
0.11576168239116669
0.5624674558639526
0.3741697072982788
0.5374040603637695
0.15120302140712738
0.47571060061454773
0.7164734601974487
0.42369404435157776
0.6002437472343445
0.29686543345451355
0.3389192521572113
0.3040732741355896
0.28934019804000854
0.5035170316696167
0.5649635791778564
0.38640788197517395
0.38682472705841064
0.2695484161376953
0.13644272089004517
0.6335973739624023
0.3712116479873657
0.4072401225566864
0.38730764389038086
0.3541456460952759
0.08150628209114075
0.42372170090675354
0.5218268632888794
0.28519511222839355
0.17085741460323334
0.5862315893173218
0.41797053813934326
0.2569897472858429
0.5292520523071289
0.4696618616580963
0.16539372503757477
0.26159974932670593
0.22538350522518158
0.48524102568626404
0.5263165235519409
0.172418475151062
0.3046876788139343
0.5317670702934265
0.09053410589694977
0.26505422592163086
0.2583022713661194
0.3308064043521881
0.5649806261062622
0.30530399084091187
0.1644422709941864
0.5133386850357056
0.26965653896331787
0.3553693890571594
0.5777674913406372
0.23631395399570465
0.1722106784582138
0.39848217368125916
0.4871358573436737
0.6334688067436218
0.6283299922943115
0.5436592102050781
0.2918883264064789
0.43851637840270996
0.40648266673088074
0.4963088929653168
0.3078848123550415
0.4277922809123993
0.3363445997238159
0.3354666233062744
0.5728809833526611
0.21848677098751068
0.060164302587509155
0.3647196888923645
0.6096264719963074
0.36597388982772827
0.21568895876407623
0.5651397705078125
0.47574523091316223
0.14488649368286133
0.08138430118560791
0.5960506200790405
0.4416361153125763
0.3436061441898346
0.24945507943630219
0.4554300010204315
0.39977917075157166
0.5336977243423462
0.6991727352142334
0.5485376715660095
0.4785411059856415
0.2652397155761719
0.3909858167171478
0.25370675325393677
0.292500764131546
0.2797350585460663
-0.021072328090667725
0.14027506113052368
0.3475624620914459
0.15830546617507935
0.3606984615325928
0.21884207427501678
0.4432172477245331
0.48081666231155396
0.517410397529602
0.37908655405044556
0.3646184802055359
0.5370715856552124
0.6027692556381226
0.34820303320884705
0.3721422851085663
0.5773911476135254
0.15537217259407043
0.678536057472229
0.28532496094703674
0.38283759355545044
0.3642497658729553
0.571297287940979
0.723292350769043
0.2642754912376404
0.16580183804035187
0.25486698746681213
0.37213289737701416
0.4652847349643707
0.2916792333126068
0.5221127271652222
0.44763341546058655
0.4653632938861847
0.5278114080429077
0.49224019050598145
0.6487942934036255
0.30665910243988037
0.6815969944000244
0.2766587734222412
0.4852517247200012
0.3267505168914795
0.692093014717102
0.5008605718612671
0.6143256425857544
0.21174518764019012
0.11376257985830307
0.15828120708465576
0.5899916887283325
0.22302351891994476
0.4863284230232239
0.10638783127069473
0.448209673166275
0.15929368138313293
0.24365434050559998
0.2148793637752533
0.5331096649169922
0.3950408101081848
0.1855129450559616
0.3520961403846741
0.186936154961586
0.19548052549362183
0.34342771768569946
0.41679129004478455
0.4925943613052368
0.5357799530029297
0.27569901943206787
0.47799232602119446
0.42241671681404114
0.16685834527015686
0.6355641484260559
0.4231386184692383
0.40760377049446106
0.6452490091323853
0.48595041036605835
0.3558286428451538
-0.013863563537597656
0.5067597031593323
0.2894899249076843
0.25464653968811035
0.34284430742263794
0.48891064524650574
0.5097033381462097
0.6347328424453735
0.7177741527557373
0.5377378463745117
0.48281803727149963
0.20689567923545837
-0.00011946260929107666
0.35429638624191284
0.2632525861263275
0.4362657368183136
0.45692524313926697
0.1308494210243225
0.5850683450698853
0.3863610625267029
0.6414577960968018
0.5898148417472839
0.6592594385147095
0.391710102558136
0.5238579511642456
0.4932042062282562
0.20420029759407043
0.535271406173706
0.5549721717834473
0.26630523800849915
0.6381487846374512
0.7284183502197266
0.4530929923057556
0.22789856791496277
0.312093585729599
0.41605135798454285
0.5921856164932251
0.40522634983062744
0.39262017607688904
0.18319988250732422
0.3312411308288574
0.27136534452438354
0.4159940481185913
0.45528173446655273
0.5674599409103394
0.3028465807437897
0.5146808624267578
0.4438197910785675
0.5245153903961182
0.6373516321182251
0.5963385701179504
0.6360967755317688
0.5366450548171997
0.33010298013687134
0.25040924549102783
0.1949644386768341
0.31969112157821655
0.14182919263839722
0.5671690702438354
0.05314718931913376
0.3727225661277771
0.44946911931037903
0.6807971000671387
0.5595245361328125
0.4510240852832794
0.2387235462665558
0.34291568398475647
0.4794812500476837
0.5194048881530762
0.657212495803833
0.5662627816200256
0.6466695070266724
0.24858954548835754
0.2979271411895752
0.1725035011768341
0.3721829652786255
0.34369686245918274
0.24189525842666626
0.5625694990158081
0.49900662899017334
0.5681484341621399
0.7579931020736694
0.6815499067306519
0.6348700523376465
0.4180302321910858
0.6063038110733032
0.4355081617832184
0.20560574531555176
0.2715473175048828
0.6070375442504883
0.45415499806404114
0.6642917394638062
0.14260700345039368
0.576429009437561
0.27509331703186035
0.13135308027267456
0.6568384170532227
0.5990806818008423
0.08549676835536957
0.40119317173957825
0.5468933582305908
0.12218274921178818
0.4744688868522644
0.39453378319740295
0.4945550858974457
0.34914693236351013
0.1428457349538803
0.41692858934402466
0.2943381667137146
0.17717979848384857
0.5195327997207642
0.4436882734298706
0.5095580816268921
0.5775648951530457
0.46668800711631775
0.15280666947364807
0.3039649724960327
0.12320013344287872
0.6070924997329712
0.6344922780990601
0.5533579587936401
0.19771301746368408
0.5192760229110718
0.17773780226707458
0.422885000705719
0.4533568322658539
0.4839663803577423
0.5929770469665527
0.332879900932312
0.6108452081680298
0.08459687978029251
0.505724310874939
0.5459312796592712
0.4620381295681
0.34474021196365356
0.5369322896003723
0.4679264426231384
0.6498335599899292
0.15353678166866302
0.44484251737594604
0.35151007771492004
0.6473453044891357
0.5987261533737183
0.6245183944702148
0.2591845393180847
0.5106077194213867
0.6779056787490845
0.5567512512207031
0.432682603597641
0.42893895506858826
0.3100184202194214
0.15243561565876007
0.6107720136642456
0.3239862024784088
0.37071728706359863
0.3642174005508423
0.43933382630348206
0.6703912019729614
0.42819342017173767
0.7117336988449097
0.26211702823638916
0.6185294389724731
0.5035605430603027
0.5793546438217163
0.5159146785736084
0.4661630690097809
0.15951788425445557
0.37849554419517517
0.33953025937080383
0.4223465025424957
0.04441925883293152
0.3602769672870636
0.2167346179485321
0.6164700984954834
0.3971560001373291
0.31629300117492676
0.1696484535932541
0.44492700695991516
0.06474202871322632
0.5218117237091064
0.5093486309051514
0.5453273057937622
0.4589746296405792
0.41180410981178284
0.5800943970680237
0.19417685270309448
0.27866822481155396
0.5766326189041138
0.29316043853759766
0.4293360114097595
0.6353339552879333
0.46795034408569336
0.6552685499191284
0.5392471551895142
0.21493929624557495
0.4001026153564453
0.21099349856376648
0.3068506419658661
0.33523231744766235
0.31042468547821045
0.05711925029754639
0.5586371421813965
0.3939710855484009
0.4205048382282257
0.5621297359466553
0.06628137081861496
0.1789119839668274
0.3662552535533905
0.1909772753715515
0.07044500857591629
0.4049331247806549
0.44929492473602295
0.49727508425712585
0.3488897681236267
0.3943745195865631
0.6085869073867798
0.3723757863044739
0.3137650191783905
0.6407719850540161
0.5304986238479614
0.3317424952983856
0.6475956439971924
0.515162467956543
0.574932336807251
0.15650209784507751
0.43775829672813416
0.6092789173126221
0.5579397678375244
0.48163893818855286
0.3561476469039917
0.5588382482528687
0.36470165848731995
0.3621862530708313
0.1668793112039566
0.5969637632369995
0.24746359884738922
0.438127726316452
0.5132646560668945
0.3920896351337433
0.4124879539012909
0.2791959047317505
0.42796000838279724
0.5139811038970947
0.39973658323287964
0.7397469282150269
0.12157958745956421
0.3954654932022095
0.6868664026260376
0.5143047571182251
0.520006000995636
0.46668189764022827
0.5321676731109619
0.27367475628852844
0.16748304665088654
0.6088031530380249
0.670952558517456
0.5204557180404663
0.24468004703521729
0.5613172054290771
0.4951612651348114
0.4891148805618286
0.3192030191421509
0.37067362666130066
0.429979532957077
0.2531723380088806
0.46513795852661133
0.16546925902366638
0.6373676061630249
0.2866707742214203
0.38551464676856995
0.41125360131263733
0.5822305679321289
0.6199264526367188
0.5070508718490601
0.5666279792785645
0.4868515431880951
0.6131482720375061
0.5276763439178467
0.385226309299469
0.43956291675567627
0.585281491279602
0.46744170784950256
0.4891245663166046
0.5159184336662292
0.37814003229141235
0.3948674201965332
0.6373486518859863
0.020389892160892487
0.5439938306808472
0.2193361222743988
0.2824047803878784
0.3133709132671356
0.263031929731369
0.19150887429714203
0.3373083472251892
0.41279172897338867
0.12698452174663544
0.21728117763996124
0.29172247648239136
0.4662085771560669
0.7247580289840698
0.17644035816192627
0.41993993520736694
0.5834987759590149
0.2827797830104828
0.60358726978302
0.5298537015914917
0.17626509070396423
0.5023893117904663
0.5533233284950256
0.601060152053833
0.4073997139930725
0.12420351803302765
0.5663532018661499
0.681448221206665
0.4977855980396271
0.013093650341033936
0.3089495301246643
0.5517678260803223
0.17716702818870544
0.3831225037574768
0.37471163272857666
0.3734990656375885
0.20764897763729095
0.5606204867362976
0.4831784963607788
0.2812842130661011
0.545336127281189
0.5612465143203735
0.4715527594089508
0.42636531591415405
0.7389585971832275
-0.016238003969192505
0.47806331515312195
0.3334864377975464
0.17411990463733673
0.7020117044448853
0.10286849737167358
0.36638379096984863
0.5858598947525024
0.5968151092529297
0.3730759620666504
0.5786567330360413
0.3024790287017822
0.17979055643081665
0.28895533084869385
0.6693085432052612
0.5700634717941284
0.2678205072879791
0.33649152517318726
0.5469426512718201
0.4333578050136566
0.6400771141052246
0.5626689195632935
0.36820846796035767
0.2812574505805969
0.2638091444969177
0.08772841840982437
0.430065780878067
0.14719215035438538
0.41139641404151917
0.4537479877471924
0.6756407022476196
0.42346251010894775
0.6694362163543701
0.13172678649425507
0.36511215567588806
0.39427652955055237
0.28929150104522705
0.6079906225204468
0.35477080941200256
0.23339664936065674
0.3052368462085724
0.42951175570487976
0.24764908850193024
0.3586823046207428
0.3915075659751892
0.49960023164749146
0.15872621536254883
0.6499835252761841
0.2630646228790283
0.5954077243804932
0.6206965446472168
0.1134166270494461
0.07411745190620422
0.6837313175201416
0.4195815324783325
0.5434261560440063
0.6418309211730957
0.5614941716194153
0.6235747337341309
0.41381287574768066
0.5987240076065063
0.26373961567878723
0.27912434935569763
0.1913071572780609
0.2750454246997833
0.49355852603912354
0.5409870147705078
0.4863116443157196
0.16630466282367706
0.6276274919509888
0.566670298576355
0.26454293727874756
-0.03643663227558136
0.48178166151046753
0.21008889377117157
0.43741825222969055
0.604587197303772
0.5038271546363831
0.4657769799232483
0.2665295898914337
0.6401454210281372
0.5492854118347168
0.2551681399345398
0.45511704683303833
0.34826424717903137
0.5673254728317261
0.3134723901748657
0.2202519178390503
0.5089941024780273
0.5651116371154785
0.06882990896701813
0.47276899218559265
0.36419251561164856
0.2889959216117859
0.25428950786590576
0.5187554359436035
0.3464442193508148
0.020035363733768463
0.39421555399894714
0.06948940455913544
0.6008105278015137
0.3065777122974396
0.057337358593940735
0.634261965751648
0.5613625049591064
0.22404035925865173
0.589573085308075
0.314811646938324
0.48465943336486816
0.6372380256652832
0.112478107213974
0.20422500371932983
0.4049733877182007
0.45526984333992004
0.3984699547290802
0.012593373656272888
0.33169642090797424
0.6468368768692017
0.2826542556285858
0.5674217939376831
-0.05767686665058136
0.6384777426719666
0.5270456671714783
0.3266007602214813
0.3094964623451233
0.29068073630332947
0.6336151957511902
0.32478851079940796
0.5342311263084412
0.45994532108306885
0.12132363021373749
0.47483816742897034
0.6795982122421265
0.4776499271392822
0.24617412686347961
0.6578501462936401
0.15894412994384766
0.529580295085907
0.596001386642456
0.4335004985332489
0.17073997855186462
0.5989582538604736
0.44460925459861755
0.49265024065971375
0.49896883964538574
0.6451619863510132
0.72660231590271
0.2718014717102051
0.642768144607544
0.0840635746717453
0.1316027194261551
0.40822869539260864
0.3073996901512146
0.1915522664785385
0.23609527945518494
0.5665023922920227
0.176822692155838
0.558982253074646
0.5889991521835327
0.37927377223968506
0.6392333507537842
0.26634883880615234
0.49989083409309387
0.2645094394683838
0.1491987258195877
0.44200119376182556
0.2018810212612152
0.5263345837593079
0.27759110927581787
0.5266555547714233
0.21322965621948242
0.4256944954395294
0.33938419818878174
0.23665982484817505
0.4661789834499359
0.2316187620162964
0.23691898584365845
0.49481430649757385
0.2739798426628113
0.38515549898147583
0.25416794419288635
0.30865249037742615
0.38371580839157104
0.5602729320526123
0.7405917644500732
0.6128168106079102
0.3862000107765198
0.22578179836273193
0.4091332256793976
0.4132753908634186
0.508683443069458
0.5529823303222656
0.6197726726531982
0.2408902943134308
0.04467324912548065
0.3515598475933075
0.46551039814949036
0.321560800075531
0.4397788345813751
0.1488315314054489
0.5625063180923462
0.33988410234451294
0.4029372036457062
0.3247383236885071
0.5724403858184814
0.4332834482192993
0.024453334510326385
0.46300092339515686
0.5646392107009888
0.3023265600204468
0.49378737807273865
0.3503623902797699
0.3979215919971466
0.7008988857269287
0.3862959146499634
0.17957007884979248
0.6651430130004883
0.6876263618469238
0.6356534957885742
0.5078029632568359
0.5922186374664307
0.3560616970062256
0.4523327052593231
0.308199018239975
0.40231215953826904
0.24565289914608002
0.22572606801986694
0.24522735178470612
0.47390294075012207
0.17602556943893433
0.5224146842956543
0.05414648354053497
0.41307955980300903
0.5082576274871826
0.35576242208480835
0.4472561478614807
0.44502004981040955
0.19190117716789246
0.7494316101074219
0.5648275017738342
0.5835485458374023
0.45191171765327454
0.45383232831954956
0.012271016836166382
0.6211167573928833
0.6357722282409668
0.6303601861000061
0.3128964900970459
0.2545003890991211
0.30374667048454285
0.45352450013160706
0.4438001215457916
0.3920455574989319
0.22031936049461365
0.1406959444284439
0.4162122905254364
0.4439059793949127
0.43922218680381775
0.5246559381484985
0.5572915077209473
0.5639901161193848
0.3117617070674896
-0.014201059937477112
0.3956696689128876
0.19191639125347137
0.5120116472244263
0.5092468857765198
0.679781436920166
0.14273245632648468
0.18504108488559723
0.4925708472728729
0.11413943767547607
0.3319045305252075
0.20708134770393372
0.4051033556461334
0.04772816598415375
0.49152183532714844
0.22613438963890076
0.1460689902305603
0.5523568391799927
0.5600904226303101
0.3899378180503845
0.49440494179725647
0.3083064556121826
0.4786240756511688
0.4847675859928131
0.5417231321334839
0.3222081661224365
0.4924199879169464
0.6871998310089111
0.5337717533111572
0.3470767140388489
0.12280464172363281
0.3821970224380493
0.3006162643432617
0.5449626445770264
0.5158271789550781
0.44048136472702026
0.615200400352478
0.26934635639190674
0.2756665050983429
0.13650275766849518
0.4630871117115021
0.5252172946929932
0.3693683445453644
0.21101874113082886
0.18611755967140198
0.5317947864532471
0.4113479256629944
0.5206797122955322
0.5725668668746948
0.12574121356010437
0.6998076438903809
0.19437134265899658
0.47465965151786804
0.17539626359939575
0.6479929685592651
0.4446812570095062
0.5645979642868042
0.6617053747177124
0.5821125507354736
0.5462862253189087
0.07764986157417297
0.4619712233543396
0.36879152059555054
0.4129418730735779
0.5721070766448975
0.5211259126663208
0.1069013923406601
0.4011225402355194
0.3488892912864685
0.3409881591796875
0.2984171509742737
0.4841001331806183
0.5012142658233643
0.5070738792419434
0.14325019717216492
0.550808310508728
0.04475158452987671
0.39338433742523193
0.5566011667251587
0.6271387338638306
0.5160887241363525
0.18215729296207428
0.6049611568450928
0.5849138498306274
0.5027358531951904
0.12802532315254211
0.2117767333984375
0.27068135142326355
0.3320540189743042
0.0903516411781311
0.34648314118385315
0.5093234181404114
0.4116264879703522
0.4675023853778839
0.3596598505973816
0.331493079662323
0.3364899754524231
0.5800250768661499
0.5586590766906738
0.09229688346385956
0.5640183091163635
0.32598042488098145
0.5787551403045654
0.22882786393165588
0.16371852159500122
0.5131873488426208
0.10219018161296844
0.4262915551662445
0.4568720757961273
0.4881128668785095
0.5235329866409302
0.41741639375686646
0.4213885962963104
0.28625166416168213
0.48576220870018005
0.38069480657577515
0.06631363928318024
0.41816839575767517
0.02437978982925415
-0.007141664624214172
0.4575255215167999
0.3416469395160675
0.18238577246665955
0.7008655071258545
0.10131050646305084
0.2750304639339447
0.3638828992843628
0.6396095752716064
0.7004293203353882
0.0722629502415657
0.2955947518348694
0.4653104841709137
0.45967763662338257
0.3992972671985626
0.24380318820476532
0.5104182958602905
0.5509768724441528
0.3752214312553406
0.2637072205543518
0.19414103031158447
0.4162349998950958
0.1822805255651474
0.16809894144535065
0.666254997253418
0.5074723958969116
0.5555907487869263
0.6256884336471558
0.5168553590774536
0.43819543719291687
0.4808569848537445
0.47416427731513977
0.45236289501190186
0.188699871301651
0.34179556369781494
0.32027190923690796
0.12999659776687622
0.4368699789047241
0.37603214383125305
0.7333065271377563
0.16531886160373688
0.2520290017127991
0.517305850982666
0.14687228202819824
0.7103554010391235
0.652010440826416
0.6416430473327637
0.5949352979660034
0.10625429451465607
0.14368140697479248
0.32460546493530273
0.5470441579818726
0.6722315549850464
0.552391529083252
0.6417216062545776
0.5213254690170288
0.4068276584148407
0.7074449062347412
0.7328417301177979
0.12982165813446045
0.4527603089809418
0.3712818920612335
0.5800687074661255
0.5065537691116333
0.5473904609680176
0.2263404130935669
0.5138530731201172
0.21074225008487701
0.427152544260025
0.28797447681427
0.4074893891811371
-0.02079397439956665
0.41585588455200195
0.6232391595840454
0.3134211301803589
0.48545268177986145
0.5662705898284912
0.4630630612373352
0.3188091814517975
0.6566301584243774
0.2992834448814392
0.5429601669311523
0.5114469528198242
0.6366077661514282
0.3080146908760071
0.5597776174545288
0.3796275854110718
0.38958048820495605
0.6463172435760498
0.5421425104141235
0.6007496118545532
0.5538276433944702
0.42299848794937134
0.5845696926116943
0.6311882138252258
0.6151549816131592
0.5041478872299194
0.39599981904029846
0.614743709564209
0.2983101010322571
0.4499533474445343
0.5385156869888306
0.7019038200378418
0.6747721433639526
0.17263071238994598
0.16553062200546265
0.18524911999702454
0.039024949073791504
0.5577544569969177
0.20123212039470673
0.1194940060377121
0.23665744066238403
0.26201802492141724
0.1049707680940628
0.37917667627334595
0.19110417366027832
0.57354736328125
0.4604984521865845
0.1308378428220749
0.41675230860710144
0.3273720145225525
0.3278250992298126
0.58687824010849
0.18001864850521088
0.30908700823783875
0.6115137338638306
0.209788516163826
0.10726572573184967
0.3881264328956604
0.3874000906944275
0.3852052092552185
0.6544159650802612
0.47306028008461
0.48868808150291443
0.22039160132408142
0.3698282241821289
0.5630025267601013
0.35058218240737915
0.1639772653579712
0.5570542812347412
0.6670666933059692
0.30320286750793457
0.3104484975337982
0.15872794389724731
0.5299950242042542
0.4933844804763794
0.6903290748596191
0.4270930588245392
0.46886762976646423
0.32196056842803955
0.6150977611541748
0.4405083656311035
0.64751136302948
0.2741624414920807
0.26016104221343994
0.47807997465133667
0.26520323753356934
0.16642111539840698
0.24359643459320068
0.26761171221733093
0.025135233998298645
0.46191510558128357
0.3504303991794586
0.36730703711509705
0.03317192196846008
0.4954395890235901
0.4485677182674408
0.49878355860710144
0.12356632947921753
0.5522878766059875
0.16961252689361572
0.41858166456222534
0.3131190538406372
0.4710378646850586
0.5368386507034302
0.1528819054365158
0.43898412585258484
0.388786256313324
0.6710784435272217
0.6226813793182373
0.1905161738395691
0.5874432325363159
0.35413479804992676
0.5430140495300293
0.3856894075870514
0.5451862812042236
0.45234963297843933
0.1513288915157318
0.5545322299003601
0.3784753680229187
0.5039440393447876
0.3687364459037781
0.6167744398117065
0.5163239240646362
0.46286433935165405
0.4302960932254791
0.42364874482154846
0.6582599878311157
0.3928104639053345
0.34947267174720764
0.6147983074188232
0.22220052778720856
0.4433802366256714
0.5928035974502563
0.16499727964401245
0.6399994492530823
0.621994137763977
0.7756116390228271
0.1939198076725006
0.5233491659164429
0.1494569480419159
0.5888750553131104
0.44704917073249817
0.2554701566696167
0.6893470287322998
0.5202878713607788
0.27321869134902954
0.6569187641143799
0.6195611953735352
0.30087485909461975
0.6706196069717407
0.46314623951911926
0.4919969141483307
-0.009022146463394165
0.21734152734279633
0.5371145009994507
0.5849291682243347
-0.011183112859725952
0.5386325120925903
0.1822807788848877
0.47738316655158997
0.3702830970287323
0.28824466466903687
0.4707966148853302
0.651496410369873
0.31636250019073486
0.47018495202064514
0.6555283069610596
0.2929312288761139
0.5599035024642944
0.7072868347167969
0.5738835334777832
0.36106160283088684
0.5619893074035645
0.5757279396057129
0.5248910188674927
0.6780890226364136
0.26597362756729126
0.2784380316734314
0.619817852973938
0.6599085330963135
0.5590288639068604
0.10234040766954422
0.5413538217544556
0.15929456055164337
0.520148515701294
0.2988786995410919
0.3934650719165802
0.35386890172958374
0.36035779118537903
0.2963067591190338
0.6184722185134888
0.5528198480606079
0.5943441390991211
0.5665987133979797
0.2407560497522354
0.15944916009902954
0.39157161116600037
0.6099032759666443
0.47678759694099426
0.45204561948776245
0.4686439037322998
0.4265464246273041
0.5203433036804199
0.36129942536354065
0.6024940013885498
0.26555752754211426
0.3390471935272217
0.2468690127134323
0.5717512965202332
0.475856214761734
0.2505192160606384
0.40100690722465515
0.2839530110359192
0.5670757293701172
0.2829064428806305
0.20615188777446747
0.5740245580673218
0.17375418543815613
-0.048941463232040405
0.4009624421596527
0.527597963809967
0.49592214822769165
-0.010389730334281921
0.3889088034629822
0.3851587176322937
0.3882369101047516
0.6091901659965515
0.029360495507717133
0.2777597904205322
0.3523124158382416
0.5867100954055786
0.023865632712841034
0.28051698207855225
0.5237265825271606
0.5191498398780823
0.30666086077690125
0.5766626596450806
0.4122823178768158
0.07090537250041962
0.6236283779144287
0.4762822091579437
0.4282515048980713
0.43366044759750366
0.3555698096752167
0.45502397418022156
0.5105663537979126
0.5290452241897583
0.4024532437324524
0.17704328894615173
0.4764312505722046
0.2365134358406067
0.3108938932418823
0.4330592155456543
0.4857175350189209
0.2796984910964966
0.5069321393966675
0.6942824125289917
0.28945112228393555
0.2632376253604889
0.43412336707115173
0.47372862696647644
0.3662961721420288
0.5796420574188232
0.3658725917339325
0.6714915037155151
0.5968744158744812
0.2770846486091614
0.02296699583530426
0.24113044142723083
0.6924612522125244
0.5949859619140625
0.14520272612571716
0.4637596905231476
0.49760472774505615
0.6125550270080566
0.45065805315971375
0.3051307499408722
0.5640633702278137
0.32214635610580444
0.35282158851623535
0.5264829397201538
0.0690891295671463
0.38834643363952637
0.5333390235900879
0.5331720113754272
0.14119642972946167
0.34020429849624634
0.415955513715744
0.518464207649231
0.6499711275100708
0.5980775356292725
0.5926172733306885
0.37265458703041077
0.5479351282119751
0.4780723750591278
0.04790027439594269
0.6765412092208862
0.6066139936447144
0.4086191952228546
0.1422048956155777
0.3843902349472046
0.259710431098938
0.26024022698402405
0.6594552993774414
0.35776928067207336
0.42887187004089355
0.47852158546447754
0.18418969213962555
0.6507925987243652
0.395395427942276
0.5875820517539978
0.1997988522052765
0.06583839654922485
0.39966052770614624
0.315751850605011
0.31694337725639343
0.31632840633392334
0.32681554555892944
0.16743876039981842
0.4130248725414276
0.4999368190765381
0.4058159589767456
0.5688890218734741
0.6999012231826782
0.27605530619621277
0.7244745492935181
0.06761965900659561
0.3724709451198578
0.32504913210868835
0.44783815741539
0.6881566047668457
0.5631003379821777
0.18812136352062225
0.3126838207244873
0.31234145164489746
0.47504696249961853
0.4058705270290375
0.3368242084980011
0.43486282229423523
0.22916218638420105
0.5155773162841797
0.5486725568771362
0.444364994764328
0.4372938573360443
0.4020114243030548
0.498919278383255
0.07430796325206757
0.6593910455703735
0.1258213371038437
0.6782878637313843
0.3424757122993469
0.6549512147903442
0.31501320004463196
0.5172536373138428
0.3366687297821045
0.4371550977230072
0.6506698131561279
0.27302053570747375
0.37008899450302124
0.23909443616867065
0.5425797700881958
0.22114136815071106
0.3478665053844452
0.5890204906463623
0.5417073965072632
0.22941818833351135
0.3546137809753418
0.5639376640319824
0.47747448086738586
0.3665751516819
0.5000360012054443
0.18655744194984436
0.7185057401657104
0.18176807463169098
0.25178974866867065
0.6309802532196045
0.4112434685230255
0.520989179611206
0.3426276445388794
0.3321773111820221
0.7171756029129028
0.47001826763153076
0.46182116866111755
0.21022620797157288
0.4627188742160797
0.31967267394065857
0.340116024017334
0.6946083307266235
0.5395813584327698
0.5059080123901367
0.5116614699363708
0.24440757930278778
0.3024827539920807
0.2633330225944519
0.3499385714530945
0.17701223492622375
0.5739063024520874
0.2634359300136566
0.5155209302902222
0.4612060487270355
0.336150199174881
0.5170040130615234
0.614802360534668
0.3869486153125763
-0.04858775436878204
0.24143357574939728
0.5264542102813721
0.41069456934928894
0.23404628038406372
0.7269798517227173
0.5723940134048462
0.3916557729244232
0.5493724346160889
0.633833646774292
0.24704834818840027
0.3694540560245514
0.2771363854408264
0.17921394109725952
0.2616654336452484
0.18803077936172485
0.20360532402992249
0.4684145748615265
0.241446390748024
0.34093916416168213
0.4199128746986389
0.13241612911224365
0.16527840495109558
0.35516345500946045
0.38436996936798096
0.6709091663360596
0.42356160283088684
0.6647109985351562
0.4014395475387573
0.3684682846069336
0.43778595328330994
0.48982641100883484
0.3322473168373108
0.515953540802002
0.2197539359331131
0.22996869683265686
0.2453230619430542
0.11822695285081863
0.4908575415611267
0.0676623284816742
0.10738363116979599
0.46833255887031555
0.2474447637796402
0.5668743848800659
0.3283349871635437
0.4259611666202545
0.5261511206626892
0.317373663187027
0.43868669867515564
0.5732659101486206
0.6074204444885254
0.3948560655117035
0.36457791924476624
0.08744610100984573
0.426476389169693
0.5168886184692383
0.3678513765335083
0.3535500764846802
0.449322372674942
0.3586333394050598
0.35492637753486633
0.4954550862312317
0.5087056159973145
0.12007986754179001
0.10049784183502197
0.5437098741531372
0.22688624262809753
0.3419346213340759
0.581336259841919
0.5537706613540649
0.07016544044017792
0.442806214094162
0.3731321394443512
0.42722591757774353
0.16048124432563782
0.6051044464111328
0.5489901304244995
0.5879926681518555
0.49326157569885254
0.434292733669281
0.5292162895202637
0.5982097387313843
0.4880484938621521
0.23670293390750885
0.4350481629371643
0.551992654800415
0.5852792263031006
0.5955933332443237
0.6532131433486938
0.570948600769043
0.4932500422000885
0.6489130258560181
0.5691471099853516
0.49870815873146057
0.10676164925098419
0.6624159812927246
0.5573341250419617
0.45840325951576233
0.35693204402923584
0.2557373642921448
0.17204445600509644
0.4967614412307739
0.6089268922805786
0.6021692752838135
0.34112247824668884
0.5686405897140503
0.32632043957710266
0.3178167939186096
0.3504047095775604
0.5502999424934387
0.49936023354530334
0.19111409783363342
0.19788387417793274
0.6667757034301758
0.6748805046081543
0.4546356201171875
0.39249828457832336
0.23549853265285492
0.46484607458114624
0.2048140913248062
0.6788985729217529
0.44220632314682007
0.5480939149856567
0.24969184398651123
0.6198656558990479
0.25298914313316345
0.6249185800552368
0.13603106141090393
0.1801009476184845
0.5916824340820312
0.3739641308784485
0.23959994316101074
0.5207445025444031
0.18891391158103943
0.49920839071273804
0.5721721649169922
0.42484575510025024
0.25024089217185974
0.5022395253181458
0.3704872131347656
0.322701632976532
0.12138154357671738
0.2364441603422165
0.34132301807403564
0.16161563992500305
0.38325849175453186
0.686447262763977
0.5342975854873657
0.5500771999359131
0.5994049310684204
0.5842174291610718
0.5415037870407104
0.32411646842956543
0.45640480518341064
0.30298376083374023
0.7220317125320435
0.47747230529785156
0.6597050428390503
0.20417550206184387
0.3845992386341095
0.3753138482570648
0.25714653730392456
0.28069084882736206
0.511273980140686
0.2521939277648926
0.5972442626953125
0.2587009072303772
0.2152007669210434
0.1392834484577179
0.24258512258529663
0.6693030595779419
0.1899719089269638
0.2823724150657654
0.48748689889907837
0.4580306112766266
0.20293381810188293
0.5615874528884888
0.26947087049484253
0.47210928797721863
0.2776038944721222
0.46677520871162415
0.6084951162338257
0.521247148513794
0.676216721534729
0.17705383896827698
0.30305665731430054
0.30033189058303833
0.11362843215465546
0.0815262496471405
0.4872605502605438
0.3989489674568176
0.610359251499176
0.20766964554786682
0.5239815711975098
0.24579811096191406
0.6061460971832275
0.40341636538505554
0.22764641046524048
0.7313967943191528
0.4911242127418518
0.21289794147014618
0.3466534912586212
0.05046766996383667
-0.03478929400444031
0.5560368895530701
0.3834826350212097
0.5137462615966797
0.40609610080718994
0.6207650899887085
0.5077463388442993
0.4736843407154083
0.660591721534729
0.3730745315551758
0.05909121036529541
0.2941817045211792
0.2346721738576889
0.6396712064743042
0.21187976002693176
0.2264096885919571
0.5246215462684631
0.5614207983016968
0.15446631610393524
0.2754792273044586
0.5582840442657471
0.07175716757774353
0.6014177799224854
0.37012505531311035
0.14911247789859772
0.6233406066894531
0.18878892064094543
0.20087748765945435
0.5786157846450806
0.5361098647117615
0.01727069914340973
0.5321544408798218
0.3041374385356903
0.19480615854263306
0.31420379877090454
0.20237699151039124
0.3632867932319641
0.6937928199768066
0.5663827657699585
0.48450562357902527
0.3177620768547058
0.08913638442754745
0.3140663504600525
0.21365220844745636
0.2798902094364166
0.5592086315155029
0.5975993871688843
0.2948454022407532
0.3220299184322357
0.18860258162021637
0.43038031458854675
-0.0007345974445343018
0.16707110404968262
0.42720890045166016
0.5292702913284302
0.47527894377708435
0.2131003886461258
0.09438852965831757
0.2675522565841675
0.5192818641662598
0.36058899760246277
0.5004574060440063
0.470287024974823
0.5603392124176025
0.12040552496910095
0.18247002363204956
0.358253538608551
0.31252971291542053
0.5973861217498779
0.5480608940124512
0.09492333233356476
0.19460102915763855
0.47041308879852295
0.32364368438720703
0.3797740936279297
0.3611409068107605
0.5523785948753357
0.1855134814977646
0.43787845969200134
0.41058340668678284
0.5805766582489014
0.6978778839111328
0.47844016551971436
0.3579605221748352
0.34459564089775085
0.6227535009384155
0.2457803636789322
0.45744433999061584
0.021563202142715454
0.006777733564376831
0.54702228307724
0.3747888505458832
0.37332621216773987
0.2846371829509735
0.25290727615356445
0.26789405941963196
0.2854694128036499
0.16144776344299316
0.6435295343399048
0.4914867579936981
0.5220359563827515
0.3042299151420593
0.423696905374527
0.3881042003631592
0.34332966804504395
0.670781135559082
0.14455032348632812
0.531179666519165
0.26624640822410583
0.40531250834465027
0.6146811246871948
0.353397011756897
0.30203092098236084
0.332378089427948
0.39470264315605164
0.04617254436016083
0.6108987331390381
0.5074424743652344
0.3770347535610199
0.46149685978889465
0.06704767048358917
0.634663462638855
0.4156148433685303
0.4191530644893646
0.5907145738601685
0.6539027690887451
0.25479111075401306
0.17629800736904144
0.21904250979423523
0.0932968407869339
0.16233818233013153
0.5140280723571777
0.25713059306144714
0.11397893726825714
0.1173071563243866
0.45225802063941956
0.5297629833221436
0.5773824453353882
0.14587843418121338
0.35342901945114136
0.4993405044078827
0.324876070022583
0.4271874725818634
0.4934345781803131
0.22715790569782257
0.19005757570266724
0.29511964321136475
0.3552926182746887
0.5041686296463013
0.05104416608810425
0.1563906967639923
0.6210538148880005
0.5932842493057251
0.6917121410369873
0.5628985166549683
0.6352835297584534
0.1820516139268875
0.17788025736808777
0.5272033214569092
0.48519328236579895
0.6301850080490112
0.6012033224105835
0.544876217842102
0.3316784203052521
0.49256113171577454
0.10413656383752823
0.43177759647369385
0.21253637969493866
0.13161614537239075
0.7160928249359131
0.20406833291053772
0.5174350738525391
0.42189642786979675
0.5597527027130127
0.30472680926322937
0.5168449878692627
0.4144267141819
0.17807668447494507
0.6954466104507446
0.2868730425834656
0.18584667146205902
0.5114670991897583
0.4060099124908447
0.7201733589172363
0.34116223454475403
0.5009770393371582
0.5588498115539551
0.1166919395327568
0.5061769485473633
0.5316646099090576
0.297058641910553
0.3864131569862366
0.19710004329681396
0.8090419769287109
0.3775065541267395
0.03865714371204376
0.5886123180389404
0.36633944511413574
0.5558863878250122
0.7209881544113159
0.24616849422454834
0.22142955660820007
0.32613858580589294
0.7204282283782959
0.6459873914718628
0.6361842155456543
0.424608439207077
0.6097991466522217
0.44267335534095764
0.2061459720134735
0.40196916460990906
0.5336159467697144
0.11587830632925034
0.6678406000137329
0.5828957557678223
0.45994821190834045
0.30027806758880615
0.4520500600337982
0.3810948133468628
0.3156100809574127
0.3882613182067871
0.3114314675331116
0.13723063468933105
0.5907855033874512
0.2686065435409546
0.6098852157592773
0.5670619010925293
0.19407522678375244
0.5977176427841187
0.22608280181884766
0.2510439455509186
0.5120507478713989
0.5203068256378174
0.4720398783683777
0.369060754776001
-0.007163196802139282
0.563414454460144
0.6875933408737183
0.3617875576019287
0.08262301236391068
0.08494023233652115
0.047784313559532166
0.44037100672721863
0.30464544892311096
0.5445957183837891
0.5574113726615906
0.6377814412117004
0.6482362747192383
0.35716569423675537
0.45587825775146484
0.6119272708892822
0.5042169690132141
0.5197300910949707
0.3020904064178467
0.2333085536956787
0.5956611633300781
0.6109877824783325
0.5717403888702393
0.6959643363952637
0.28342700004577637
0.6950584650039673
0.5612415075302124
0.270449161529541
0.6238467693328857
0.655442476272583
0.5450294017791748
-0.015177890658378601
0.34450775384902954
0.5762377977371216
0.349721223115921
0.18040192127227783
0.2904198169708252
0.49079617857933044
0.5355941653251648
0.3298839330673218
0.5980920791625977
0.14781683683395386
0.3194311857223511
0.30495956540107727
0.3146713078022003
0.02462780475616455
0.023162059485912323
0.46227359771728516
0.17041653394699097
0.3321290910243988
0.5659798383712769
0.5385255813598633
-0.005968421697616577
0.18012431263923645
0.4238665997982025
0.09717006981372833
0.20501282811164856
0.40089157223701477
0.627277135848999
0.42415228486061096
0.3438505530357361
0.22914263606071472
0.5438727140426636
0.7344894409179688
0.22446957230567932
0.3251112699508667
0.31068313121795654
0.18926656246185303
0.24086976051330566
0.26092657446861267
0.14655038714408875
0.2797502279281616
-0.010918766260147095
0.41642314195632935
0.6799981594085693
0.5027669668197632
0.45658448338508606
0.23762235045433044
0.4043339788913727
0.5853051543235779
0.3212718665599823
0.20412006974220276
0.5199631452560425
0.5539562702178955
0.4542710781097412
0.5882465839385986
0.6494896411895752
0.14965972304344177
0.01209096610546112
0.5956270694732666
0.25414976477622986
0.6308996677398682
0.27325642108917236
0.5032575130462646
0.16585978865623474
0.6880052089691162
0.634519100189209
0.6544443368911743
0.5874611139297485
0.23090752959251404
0.3658718764781952
0.41654452681541443
0.47233846783638
0.2144312858581543
0.5055320858955383
0.6967662572860718
0.603172779083252
0.674323320388794
0.30356964468955994
0.3902949392795563
0.5038686990737915
0.6500113010406494
0.5859875679016113
0.11508986353874207
0.4173416793346405
0.3823581039905548
0.4112088680267334
0.4682818353176117
0.6028428077697754
0.2561955153942108
0.2785130739212036
0.5975711345672607
-0.028073355555534363
0.19021044671535492
0.13846255838871002
0.597385823726654
0.5006396770477295
0.43150416016578674
0.32240790128707886
0.7053474187850952
0.19812649488449097
0.583494246006012
0.5219037532806396
0.11329665780067444
0.5071635842323303
0.46053680777549744
0.4254154562950134
0.42864733934402466
0.28065168857574463
0.40033307671546936
0.09438587725162506
0.5233732461929321
0.4852007031440735
0.21934664249420166
0.45883291959762573
0.3578721880912781
0.2825798988342285
0.558814287185669
0.10174275934696198
0.5289753675460815
0.7012436389923096
0.44148823618888855
0.0025347769260406494
0.36920303106307983
0.6264976859092712
0.2163991928100586
0.4868551194667816
0.30187106132507324
0.3727080225944519
0.27364569902420044
0.591751217842102
0.4217797815799713
0.641517162322998
0.5456713438034058
0.020992830395698547
0.561499834060669
0.1102675348520279
0.4354200065135956
0.4381352663040161
0.421576589345932
0.08969441801309586
0.25114119052886963
0.5136170387268066
0.04396164417266846
0.5502284169197083
0.5813271999359131
0.2666015028953552
0.2719619572162628
0.3582659065723419
0.3860816955566406
0.434332937002182
0.4531567096710205
0.473188191652298
0.1747555285692215
0.22742022573947906
0.6156531572341919
0.5118253231048584
0.6950557231903076
0.3278444707393646
0.20300202071666718
-0.020677775144577026
0.5172852277755737
0.5526485443115234
0.592591404914856
0.34405517578125
0.40640196204185486
0.5360846519470215
0.1637004166841507
0.4270702004432678
0.23873376846313477
0.3068850338459015
0.5648083686828613
0.5380949974060059
0.44622793793678284
0.5907773971557617
0.4353736937046051
0.3471938669681549
0.49725714325904846
0.5419037342071533
0.003551006317138672
0.4943942725658417
0.25240853428840637
0.10931909084320068
0.5563971996307373
0.24088607728481293
0.06046906113624573
0.5799247026443481
0.6224238872528076
0.36982160806655884
0.419164776802063
0.597104549407959
0.15053656697273254
0.11704578250646591
0.6153688430786133
0.6865148544311523
0.1478368192911148
0.17677965760231018
0.3669591248035431
0.0565132200717926
0.6244592666625977
0.35622063279151917
0.6800093650817871
0.33341047167778015
0.5123351216316223
0.5411170721054077
0.6713682413101196
0.5696690678596497
0.6171797513961792
0.319550096988678
-0.040949612855911255
0.5019978284835815
0.5689792633056641
0.4687510132789612
0.3586248457431793
0.5407388210296631
0.5810588598251343
0.6263101100921631
0.3468354344367981
0.46949589252471924
0.4346591830253601
0.5670832395553589
0.37679123878479004
0.30614763498306274
0.3450835645198822
0.11720909923315048
0.5109537839889526
0.6500893831253052
0.5909478664398193
0.4167955815792084
0.6436465978622437
0.643608808517456
0.6144242286682129
0.4211452901363373
0.34229397773742676
0.4042295813560486
0.17155903577804565
0.5638986825942993
0.3364161252975464
0.3478052020072937
0.3993697464466095
0.6193841695785522
0.6165730953216553
0.4769689738750458
0.6992201805114746
0.3779139816761017
0.615081787109375
0.5295977592468262
0.6299712657928467
0.5969422459602356
0.4397687613964081
0.680858850479126
0.34564009308815
0.4766421616077423
0.5306802988052368
0.3112913966178894
0.4195733666419983
0.16499751806259155
0.3874324858188629
0.6157053709030151
0.5507780313491821
0.2501901388168335
0.6399202346801758
0.3574886620044708
0.2517129182815552
0.383980393409729
0.056181713938713074
0.40235358476638794
0.5985866785049438
0.3238546848297119
0.6146830320358276
0.687255859375
0.37335652112960815
0.2267472743988037
0.7007056474685669
0.1996290385723114
0.1483711302280426
0.4773283004760742
0.4267432391643524
0.6889873743057251
0.25836658477783203
0.4640659987926483
0.5810916423797607
0.17095528542995453
0.6177290678024292
0.38549211621284485
0.6821707487106323
0.2174428105354309
0.35680973529815674
0.5370364189147949
0.3641643822193146
0.42496567964553833
0.4449308216571808
0.23032233119010925
0.5034747123718262
0.16225188970565796
0.3978706896305084
0.2595944404602051
0.40617409348487854
0.5979702472686768
0.5944432020187378
0.662278413772583
0.05675545334815979
0.4119889438152313
0.2897191643714905
0.05286678671836853
0.3808724284172058
0.5428167581558228
0.344746470451355
0.5598890781402588
0.32089751958847046
0.6746683120727539
0.47695013880729675
0.2816518545150757
0.46627840399742126
0.5925394296646118
0.20245444774627686
0.5603892207145691
0.49098101258277893
0.45397642254829407
0.3750613331794739
0.7270064353942871
0.2393026202917099
0.4281861484050751
0.36133092641830444
0.2871149480342865
0.43643441796302795
0.2709023356437683
0.4431343376636505
0.5491267442703247
0.4340677559375763
0.006965070962905884
0.5690202713012695
0.65837562084198
0.26566028594970703
0.4116920530796051
0.07027924805879593
0.392029732465744
0.13512519001960754
0.5280400514602661
0.5830105543136597
0.39366230368614197
0.23395395278930664
0.14821664988994598
0.16580131649971008
0.2635567784309387
0.2308625876903534
0.27763983607292175
0.40522223711013794
0.11580367386341095
0.4299696981906891
0.5218831300735474
0.5878870487213135
0.23540177941322327
0.19321492314338684
0.15452590584754944
0.6636303663253784
0.23313206434249878
0.47676873207092285
0.22728857398033142
0.5800583362579346
0.613368034362793
0.21598109602928162
0.45442745089530945
0.4233768880367279
0.6051353216171265
0.6921404600143433
0.17819783091545105
0.5011129379272461
0.19952717423439026
0.6123955249786377
0.1353757232427597
0.6728323698043823
0.1805649697780609
0.6275943517684937
0.46560636162757874
0.06135229766368866
0.5600321292877197
0.3619093596935272
0.5746740102767944
0.5777657628059387
0.4762856364250183
0.4411899149417877
0.47019609808921814
0.34395068883895874
0.44617214798927307
0.08784613013267517
0.45948368310928345
0.5360544919967651
0.5725891590118408
0.6423488855361938
0.6645723581314087
0.2819533348083496
0.2470359206199646
0.2067352682352066
0.6051491498947144
0.17842936515808105
0.5945377349853516
0.471894770860672
0.72879958152771
0.5686076283454895
0.4388304650783539
0.2104901373386383
0.1497194766998291
0.19527846574783325
0.09864819049835205
0.4117877185344696
0.5700162649154663
0.5987093448638916
0.21490129828453064
0.3860422968864441
0.4526599049568176
0.5331958532333374
0.5778365135192871
0.44170013070106506
0.6824142932891846
0.45760801434516907
0.17785799503326416
0.5129716396331787
0.45199328660964966
0.5613538026809692
0.1268952637910843
0.4218212068080902
0.23815777897834778
0.4454146921634674
0.5094016194343567
0.23384647071361542
0.4203273057937622
0.41014406085014343
0.1812925487756729
0.3240881562232971
0.6017573475837708
0.4221296012401581
0.3185141682624817
0.5974665880203247
0.12322186678647995
0.38335323333740234
0.27654632925987244
0.23086963593959808
0.5127636194229126
0.3645692765712738
0.3302476108074188
0.42080387473106384
0.21844738721847534
0.5709176063537598
0.2723254859447479
0.34367913007736206
0.5332448482513428
0.1994428038597107
0.5097837448120117
0.6359565258026123
0.562780499458313
0.6055512428283691
0.5996931791305542
0.5095515251159668
0.47944948077201843
0.33492329716682434
0.28090494871139526
0.19560876488685608
0.6559021472930908
0.3816288709640503
0.3367059528827667
0.48132583498954773
0.40200087428092957
0.6106224060058594
0.6454290151596069
0.556283712387085
0.6484713554382324
0.3785623013973236
0.6046434640884399
0.5028408765792847
0.6327642202377319
0.28662556409835815
0.534630537033081
0.39316272735595703
0.6879295110702515
0.2843104600906372
0.40490129590034485
0.05659707635641098
0.33242520689964294
0.19702774286270142
0.6466882228851318
0.3304065465927124
0.3323056697845459
0.6396023035049438
0.42891016602516174
0.3151654899120331
0.5868297815322876
0.23811668157577515
0.26439544558525085
0.5732437372207642
0.4525285065174103
0.28124314546585083
0.4122356176376343
0.5410726070404053
0.5444270372390747
0.48578181862831116
0.23729784786701202
0.1458359807729721
0.5048121809959412
0.1995091289281845
0.4633597433567047
0.5084018707275391
0.3506419360637665
0.20511969923973083
0.41033050417900085
0.23264963924884796
0.6532624959945679
0.47415652871131897
0.545348584651947
0.18094497919082642
0.31065094470977783
0.644184947013855
0.27635428309440613
0.3633496165275574
0.24186179041862488
0.5909305810928345
0.5378924608230591
0.442367821931839
0.41401341557502747
0.4532749354839325
0.23273801803588867
0.5036410689353943
0.618180513381958
0.542570948600769
0.5404582023620605
0.6088122129440308
0.5232776403427124
0.4402063190937042
0.6682041883468628
0.4227959215641022
0.3404082953929901
0.15752649307250977
0.4919064939022064
0.17621049284934998
0.5472291707992554
0.21913142502307892
0.4519716799259186
0.14767681062221527
0.5067732334136963
0.2225877344608307
0.5896381139755249
0.5736601948738098
0.5505326986312866
0.4701032340526581
0.15340366959571838
0.046200260519981384
0.4565642178058624
0.4401083290576935
0.0527288019657135
0.3852516710758209
0.49453896284103394
0.6440000534057617
0.5783679485321045
0.5862294435501099
0.3368225693702698
0.5845154523849487
0.3913007974624634
0.668991208076477
0.38197916746139526
0.2841363251209259
0.6638678312301636
0.22895699739456177
0.48443713784217834
0.6674898862838745
0.48407337069511414
0.669516921043396
0.42130157351493835
0.47427913546562195
0.4431155025959015
0.2842516303062439
0.2192361205816269
0.5844861268997192
0.4361465871334076
0.5808016061782837
0.17946191132068634
0.41651666164398193
0.25787049531936646
0.20301902294158936
0.4313338100910187
0.3624078035354614
0.23003283143043518
0.45204082131385803
0.33014076948165894
0.21490351855754852
0.49511831998825073
0.39315685629844666
0.07769958674907684
0.4427564740180969
0.5953289270401001
0.5553926229476929
0.13925756514072418
0.4140474498271942
0.09799990057945251
0.5078948736190796
0.06190861761569977
0.6440131664276123
0.03119361400604248
0.4383704364299774
0.4289824664592743
0.6759078502655029
0.5740901231765747
0.4943545460700989
0.7669233083724976
0.6527831554412842
0.4909672141075134
0.5305575132369995
0.14696812629699707
0.35278457403182983
0.4240303337574005
0.4923059046268463
0.19223865866661072
0.3178756833076477
0.34815895557403564
-0.05266457796096802
0.42432811856269836
0.47821590304374695
0.47169801592826843
0.5303235054016113
0.18488559126853943
0.5675745010375977
-0.005409061908721924
0.28329893946647644
0.5265651941299438
0.32242482900619507
0.22522446513175964
0.5417962074279785
0.4607947766780853
0.3582291603088379
0.25958698987960815
-0.005581483244895935
0.41425666213035583
0.5766710042953491
0.5335091352462769
-0.015195339918136597
0.2419930100440979
0.45863988995552063
0.5002234578132629
0.29595834016799927
0.4406560957431793
0.31481701135635376
0.6832245588302612
0.6591318845748901
0.502903938293457
0.25502219796180725
0.506111204624176
0.4219474792480469
0.21333234012126923
0.6544119119644165
0.5298374891281128
0.40936699509620667
0.4907566010951996
0.6801426410675049
0.5305242538452148
0.5236274003982544
0.41378042101860046
0.5970439910888672
0.44437408447265625
0.487975150346756
0.3312142789363861
0.3518034517765045
0.06716670840978622
0.6234207153320312
0.45634225010871887
0.2936932444572449
0.2827526926994324
0.5541915893554688
0.5753694176673889
0.5819094777107239
0.5334704518318176
0.3346024751663208
0.31283754110336304
0.6326617002487183
0.6134592294692993
0.6133306622505188
0.5862119197845459
0.3714488446712494
0.3183041214942932
0.24609704315662384
0.10306648910045624
0.15920737385749817
0.39534974098205566
0.4289344251155853
0.2223750352859497
0.41643619537353516
0.24096564948558807
0.3709228038787842
0.6710137128829956
0.4221886098384857
0.6083492040634155
0.34870463609695435
0.287189245223999
0.5913398265838623
0.5526149272918701
0.1745738685131073
0.14860635995864868
0.14539483189582825
0.41200730204582214
0.6091237664222717
0.6262074708938599
0.2773987054824829
0.45792168378829956
0.7314354181289673
0.3531430959701538
0.5897384285926819
0.3152402341365814
0.4128824770450592
0.6144618391990662
0.43150442838668823
0.5995662808418274
0.24788959324359894
0.6230372190475464
0.1155407577753067
0.42640504240989685
0.4949965178966522
0.6371742486953735
0.4967092275619507
0.373269259929657
0.6803452968597412
0.6105080842971802
0.2725183069705963
0.19518931210041046
0.6269776225090027
0.4116431176662445
0.674506664276123
0.08034640550613403
0.42249995470046997
0.2832251191139221
0.08447585254907608
0.3123212456703186
0.32006964087486267
0.2212962806224823
0.44686606526374817
0.7361479997634888
0.3809118866920471
0.5186589956283569
0.5917036533355713
0.4471687972545624
0.5294204950332642
0.22339093685150146
0.4356826841831207
0.2620735466480255
0.48525184392929077
0.21548044681549072
0.4666498005390167
0.2718345522880554
0.5545179843902588
0.14234401285648346
0.4117881655693054
0.3074289560317993
0.4608466923236847
0.7046836614608765
0.5003330707550049
0.5624254941940308
0.6112853288650513
0.42462679743766785
0.3671456575393677
0.4247016906738281
0.42933592200279236
0.3956654369831085
0.16858281195163727
0.6137983798980713
0.25404512882232666
0.22251379489898682
0.54961097240448
0.4141925573348999
0.27816683053970337
0.26488733291625977
0.3973231315612793
0.5870414972305298
0.5274331569671631
0.6891684532165527
0.3665846884250641
0.6242368817329407
0.08813926577568054
0.18961235880851746
0.2986510396003723
0.6709210872650146
0.3215177059173584
0.3455313444137573
0.5644842386245728
0.3953650891780853
0.1827927827835083
0.3589130938053131
0.501897931098938
0.6221963167190552
0.5634162425994873
0.5154894590377808
0.508571445941925
0.2565747797489166
0.20715896785259247
0.1350203901529312
0.25531160831451416
0.5299366116523743
0.3342088460922241
0.26934295892715454
0.3684026896953583
0.48258310556411743
0.44018372893333435
0.6048821210861206
0.6651209592819214
0.20816540718078613
0.7095905542373657
0.36085864901542664
0.3004100024700165
0.44887253642082214
0.2066451609134674
0.41447606682777405
0.18030738830566406
0.5177381038665771
0.5639256238937378
0.3185940980911255
-0.04580013453960419
0.03567524254322052
0.6094875335693359
0.6362282037734985
0.66115403175354
0.37070196866989136
0.6153754591941833
0.49052417278289795
0.5762327909469604
0.410612016916275
0.7111583948135376
0.5530929565429688
0.44892945885658264
0.31709763407707214
0.06900537014007568
0.4011754095554352
0.5549176931381226
0.48606160283088684
0.2930939495563507
0.5785743594169617
0.2930741012096405
0.14951370656490326
0.7062901258468628
0.4274277091026306
0.4736578166484833
0.6845521926879883
0.41567474603652954
0.49451276659965515
0.208708256483078
0.3683415651321411
0.48292043805122375
0.6134823560714722
0.6554757356643677
0.5659549236297607
0.459198921918869
0.2442164570093155
0.13019859790802002
0.33914172649383545
0.6396396160125732
0.45475152134895325
0.5929079651832581
0.49637696146965027
0.6744116544723511
0.20673875510692596
0.6117264032363892
0.5995866060256958
0.5551331043243408
0.3088214695453644
0.5734096765518188
0.6201708912849426
0.2807862162590027
0.5442349910736084
0.18986855447292328
0.3249172568321228
0.32830309867858887
0.15199485421180725
0.512398362159729
0.7670793533325195
0.4705113470554352
0.4159967601299286
0.28682559728622437
0.3961556553840637
0.31834322214126587
0.2073100209236145
0.11141940951347351
0.16430795192718506
0.7034652233123779
0.3708881139755249
0.5751813054084778
0.46640998125076294
0.6639584302902222
0.6829211711883545
0.28565651178359985
0.5731035470962524
0.4279305040836334
0.5096944570541382
0.24512910842895508
0.2595229148864746
0.5003593564033508
0.39828482270240784
0.4378337860107422
0.37834274768829346
0.24456197023391724
0.2777060866355896
0.589066743850708
0.5415451526641846
0.4690781831741333
0.11580485105514526
0.6118055582046509
0.1188153401017189
0.5614273548126221
0.6467528343200684
0.49143072962760925
0.5440464019775391
0.6537978649139404
0.3323262631893158
0.005636274814605713
0.48224931955337524
0.6946015357971191
0.3002198040485382
0.4595834016799927
0.4516405165195465
0.6000659465789795
0.2827833294868469
0.6737228631973267
0.49202850461006165
0.5039385557174683
0.372705340385437
0.4490428864955902
0.41042962670326233
-0.018329203128814697
0.5727573037147522
0.5103246569633484
0.23830707371234894
0.3970296084880829
0.6078580617904663
0.19128069281578064
0.05439819395542145
0.5724259614944458
0.5147081613540649
0.6374995708465576
0.5757466554641724
0.5804697275161743
0.5845860242843628
0.34083837270736694
0.6786845922470093
0.5766810178756714
0.5134495496749878
0.6323672533035278
0.7071869373321533
0.4953654408454895
0.4219318628311157
0.2599717974662781
0.5663114786148071
0.5253887176513672
0.3119571805000305
0.1813907027244568
0.09290386736392975
0.10460424423217773
0.37887081503868103
0.5907405614852905
0.2077387273311615
0.4988645613193512
0.12142211198806763
0.47309771180152893
0.10837124288082123
0.5032402276992798
0.37780261039733887
0.40206626057624817
0.461465984582901
0.23365797102451324
0.38086578249931335
0.6045190095901489
0.7080150842666626
0.1363574117422104
0.5609858632087708
0.543541669845581
0.5686260461807251
0.3783274292945862
0.5567713975906372
0.19163541495800018
0.36129769682884216
0.583007276058197
0.4332651197910309
0.5359048843383789
0.5233451128005981
0.6213303208351135
0.49238884449005127
0.38146358728408813
0.5158358216285706
0.536325216293335
0.5549354553222656
0.34843379259109497
0.2475261688232422
0.5188407897949219
0.1553708165884018
0.6474156379699707
0.3439658582210541
0.4915819764137268
0.4717090427875519
0.4405602216720581
0.4476162791252136
0.16353587806224823
0.4050441384315491
0.531038761138916
-0.007981032133102417
0.30561572313308716
0.2290685474872589
0.15117283165454865
0.37101736664772034
0.2451109141111374
0.01700851321220398
0.32586148381233215
0.2384999394416809
0.6305046081542969
0.5893425941467285
0.4333960711956024
0.4085550010204315
0.6377441883087158
0.568450927734375
0.1470416933298111
0.42226001620292664
0.2794090509414673
0.4980984032154083
-0.07819995284080505
0.14389818906784058
0.3067418336868286
0.30271488428115845
0.4255894124507904
0.25778114795684814
0.46158459782600403
0.5208154916763306
0.30431920289993286
0.5204592347145081
0.4129481017589569
0.4278697073459625
0.6107386350631714
0.38281869888305664
0.5048483610153198
0.6050298810005188
0.5378706455230713
0.6753666400909424
0.09017644822597504
0.15529534220695496
0.43235543370246887
0.519316554069519
0.6436243057250977
0.09249300509691238
0.29997897148132324
0.49220889806747437
0.5071464776992798
0.33814287185668945
0.2787773609161377
0.4171733558177948
0.5669139623641968
0.44224122166633606
0.49300190806388855
0.433076947927475
0.5912429690361023
0.22564247250556946
0.3271363079547882
0.5925091505050659
0.24429790675640106
0.6455851793289185
0.49909088015556335
0.10435421764850616
0.6974877119064331
0.4400292932987213
0.3665368854999542
0.3767251968383789
0.7314436435699463
0.1475631445646286
0.4607490301132202
0.12728504836559296
0.6132031679153442
0.6101574301719666
0.44634750485420227
0.5795077681541443
-0.000981360673904419
0.1201857402920723
0.5832715034484863
0.5950319766998291
0.49403777718544006
0.4099039137363434
0.6398320198059082
0.3860103487968445
0.3253556191921234
0.6132981777191162
0.45097777247428894
0.5471241474151611
0.3736322820186615
0.603216290473938
0.6149816513061523
0.4338259994983673
0.5294089317321777
0.5208017826080322
0.2692570090293884
0.48960253596305847
0.5686184167861938
0.464004784822464
0.31917452812194824
0.5760365724563599
0.20135502517223358
0.40431615710258484
0.4621346890926361
0.2799411118030548
0.5542054176330566
0.6114904880523682
0.49667319655418396
0.2899516820907593
0.5437635183334351
0.2947637736797333
0.323665589094162
0.4460574686527252
0.42419084906578064
0.3731505870819092
0.12268659472465515
0.31262117624282837
0.23200349509716034
0.5247528553009033
0.49865540862083435
0.5974680185317993
0.4540250897407532
0.33610963821411133
0.45534953474998474
0.16720779240131378
0.5618864893913269
0.35557329654693604
0.11015228182077408
0.2470228224992752
0.4426155984401703
0.5707920789718628
0.39697524905204773
0.30681779980659485
0.10172021389007568
0.41201266646385193
0.5870459079742432
0.517554759979248
0.571395754814148
0.2131648063659668
0.4823116958141327
0.2424478828907013
0.2572116553783417
0.4468797743320465
0.7078061103820801
0.7124924659729004
0.5363621711730957
0.5070991516113281
0.40439140796661377
0.4898374378681183
0.5952486991882324
0.5629181861877441
0.310188353061676
0.16203317046165466
0.321729838848114
0.5169219970703125
0.5438416004180908
0.2034381926059723
-0.0056378841400146484
0.3884851336479187
0.4056207239627838
0.4117509424686432
0.5299980640411377
0.12237714976072311
0.3353646397590637
0.26467323303222656
0.09470640122890472
0.33247604966163635
0.37832337617874146
0.5218297243118286
0.3860962390899658
0.40733230113983154
0.37641817331314087
0.2029682993888855
0.5303052663803101
0.39365828037261963
0.06911922246217728
0.15723013877868652
0.3293222486972809
0.38271036744117737
0.2520262897014618
0.1261405050754547
0.4131152331829071
0.15143093466758728
0.2256687581539154
0.5547270774841309
0.4867086112499237
0.6539326906204224
0.4371415078639984
0.310210645198822
0.65840744972229
0.2117748260498047
0.5321852564811707
0.13154830038547516
0.41125932335853577
0.4428022503852844
0.5023784041404724
0.5766110420227051
0.5375175476074219
0.31471991539001465
0.5368266701698303
0.30776724219322205
0.5933594703674316
0.5496386289596558
-0.05591824650764465
0.4107338488101959
0.4472157657146454
0.4793113172054291
0.39728620648384094
0.4048173725605011
0.3265569806098938
0.2732027471065521
0.2762225270271301
0.48163965344429016
0.656462550163269
0.6099146604537964
0.12883496284484863
0.4907238781452179
0.6248297691345215
0.317042738199234
0.5399647951126099
0.598362922668457
0.45702120661735535
0.6266307830810547
0.5166819095611572
0.5008559226989746
0.63075852394104
0.2389681339263916
0.5235277414321899
0.5558565855026245
0.338983952999115
0.22301994264125824
0.20733042061328888
0.45159533619880676
0.14486321806907654
0.40054264664649963
0.5399983525276184
0.6387479305267334
0.18174436688423157
0.6156694889068604
0.5310616493225098
0.6000022888183594
0.062356606125831604
0.6278645992279053
0.2900118827819824
0.16269883513450623
0.20055751502513885
0.4280315637588501
0.01896967738866806
0.3321356177330017
0.0746394544839859
0.29762735962867737
0.5480201244354248
0.5531718134880066
0.5376917719841003
0.375687837600708
0.6512129306793213
0.44498875737190247
0.6808822154998779
0.5645382404327393
0.5132739543914795
0.49723538756370544
0.1030954048037529
0.23410046100616455
0.6872457265853882
0.5553149580955505
0.6878700256347656
0.6589151620864868
0.277233749628067
0.4676513373851776
0.48145797848701477
0.13102608919143677
0.34403640031814575
0.3647386431694031
0.4651007354259491
0.08332473784685135
0.699496865272522
0.2985919117927551
0.6303849220275879
0.288008451461792
0.7485151290893555
0.5481828451156616
0.4884820878505707
0.12398079037666321
0.41962340474128723
0.2874481678009033
0.2043418437242508
0.4519370496273041
0.25160855054855347
0.5221049189567566
0.6108787059783936
-0.008624598383903503
0.07691100984811783
0.30703145265579224
0.4455975592136383
0.7211918830871582
0.31668078899383545
0.14414218068122864
0.4863698184490204
0.3138061761856079
0.5399473905563354
0.4763302505016327
0.42366358637809753
0.21444562077522278
0.4736872911453247
0.4588942527770996
0.5724934339523315
0.42652592062950134
0.06481679528951645
0.6415460109710693
0.6644623279571533
0.3591364622116089
0.13516877591609955
0.6207581758499146
0.5295271873474121
0.4197932183742523
0.4136539399623871
0.5290873050689697
0.29381006956100464
0.752984881401062
0.2842048704624176
0.5273280143737793
0.39436790347099304
0.5382050275802612
0.484540194272995
0.4817419946193695
0.22164985537528992
0.49395278096199036
0.3601667284965515
0.31171777844429016
0.3159327805042267
0.3650592863559723
0.39815783500671387
0.6262235641479492
0.5941293835639954
0.5650615692138672
0.05110578238964081
0.39315542578697205
0.17789769172668457
0.3253299295902252
0.3944251835346222
0.7088302373886108
0.5185805559158325
0.5265611410140991
0.45659416913986206
0.3808705806732178
0.6534889936447144
0.44337204098701477
0.36107340455055237
0.3107490837574005
0.4991491138935089
0.41092467308044434
0.6388658881187439
0.49717977643013
0.27509966492652893
0.35012000799179077
0.09300026297569275
0.7373857498168945
0.32614538073539734
0.4592142403125763
0.18879401683807373
0.5585745573043823
0.541733980178833
0.39629390835762024
0.30545344948768616
0.04062311351299286
0.13843783736228943
0.3550288677215576
0.18133366107940674
0.2747877240180969
0.5428531169891357
0.3255482316017151
0.092744380235672
0.35719865560531616
0.7397940158843994
0.6103305816650391
0.4763239920139313
0.7389000654220581
0.45668402314186096
0.3348692059516907
-0.004386872053146362
0.27882903814315796
0.14190517365932465
0.3476983606815338
0.4889756143093109
0.6950401067733765
0.6259133815765381
0.5791144371032715
0.3879607319831848
0.25180333852767944
0.4105270802974701
0.552524209022522
0.5151008367538452
0.3588767647743225
0.25972169637680054
0.14559097588062286
0.5089895725250244
0.6846296787261963
0.582182765007019
0.15126167237758636
0.2982223927974701
0.6905062198638916
0.6101284027099609
0.14986948668956757
0.6334378719329834
0.55552077293396
0.02750556915998459
0.27567097544670105
0.6572071313858032
0.5753853917121887
0.4090804159641266
0.29739102721214294
0.3895713686943054
0.6104878187179565
0.47372594475746155
0.6604276895523071
0.38887688517570496
0.4306946098804474
0.2883532643318176
0.4458594024181366
0.44499459862709045
0.5166943073272705
0.6238042116165161
0.2164958268404007
0.3402070999145508
0.27013134956359863
0.2533634305000305
0.10945670306682587
0.3813776969909668
0.24522358179092407
0.6639597415924072
0.5375840663909912
0.7226961851119995
0.1191655620932579
0.5084284543991089
0.7043588161468506
0.457038551568985
0.24815768003463745
0.5018863677978516
0.6294279098510742
0.6242504119873047
0.6980079412460327
0.4395615756511688
0.2447790503501892
0.45956873893737793
0.2623332738876343
0.48721498250961304
0.43890616297721863
0.5131130218505859
0.43997523188591003
0.34200918674468994
0.5942085981369019
0.08633619546890259
0.23152095079421997
0.3183528780937195
0.3670627474784851
0.5223606824874878
0.2168625295162201
0.3328403830528259
0.20532606542110443
0.12711955606937408
0.5586951375007629
0.23031765222549438
0.5415120124816895
0.3248598873615265
0.23826104402542114
0.7073298692703247
0.02766484022140503
0.5731784105300903
0.06309288740158081
0.3422134518623352
0.18349109590053558
0.6096968054771423
0.13402359187602997
0.3963194489479065
0.2364267110824585
0.1884414702653885
0.3175710439682007
0.33092451095581055
0.29416602849960327
0.1370667815208435
0.1926611214876175
0.14334221184253693
0.4233262538909912
0.5476897358894348
0.21476760506629944
0.6573909521102905
0.22106511890888214
0.49490228295326233
0.4524802267551422
0.46692100167274475
0.4533630311489105
0.5036193132400513
0.280398964881897
0.590343713760376
0.21838286519050598
0.17515864968299866
0.29423362016677856
0.6771371364593506
0.6117589473724365
0.5539458990097046
0.17705798149108887
0.3113746643066406
0.47781094908714294
0.1994987428188324
0.23506203293800354
0.1995604932308197
0.5139186382293701
0.3347204029560089
0.5996526479721069
0.1138952374458313
0.6270791292190552
0.3981402814388275
0.6283738613128662
0.5576659440994263
0.22503668069839478
0.5385820269584656
0.4486168324947357
0.30624404549598694
0.6059849858283997
0.08906099945306778
0.3681475520133972
0.5661664009094238
0.27911823987960815
0.2849059998989105
0.25948408246040344
0.6819014549255371
0.4378969371318817
0.5071004629135132
0.5858664512634277
0.4578239917755127
0.3371826708316803
0.16226813197135925
0.3651188313961029
0.20229676365852356
0.12088784575462341
0.42295733094215393
0.6239768862724304
0.570274829864502
0.14151036739349365
0.6331970691680908
0.41120320558547974
0.424911767244339
0.537065863609314
0.3043902814388275
0.506638765335083
0.5119253993034363
0.39548635482788086
0.7213411331176758
0.6415889263153076
0.3141864538192749
0.33192095160484314
0.32801562547683716
0.5978884100914001
0.3661245107650757
0.521072268486023
0.3377652168273926
0.6064645051956177
0.5343051552772522
0.5913175344467163
0.37365972995758057
0.3874882757663727
0.38262033462524414
0.6469271183013916
0.001352742314338684
0.5008664131164551
0.23579977452754974
0.08852432668209076
0.562195897102356
0.3674354553222656
0.26744771003723145
0.6061671376228333
0.564363956451416
0.18303897976875305
0.4755252003669739
0.24570366740226746
0.49778103828430176
0.27044928073883057
0.622178316116333
0.20739920437335968
0.328461229801178
0.16136382520198822
0.1572146713733673
0.2684411406517029
0.4728807508945465
0.20104362070560455
0.34941110014915466
0.559325635433197
0.37957537174224854
0.4214305579662323
0.26321297883987427
0.31336092948913574
0.42922160029411316
0.3788827955722809
0.37823042273521423
0.2680380344390869
0.13918033242225647
0.31581342220306396
0.42351630330085754
0.2576785981655121
0.30894121527671814
0.46568062901496887
0.5469808578491211
0.33567753434181213
0.3663891553878784
0.2718892991542816
0.5744554996490479
0.07131649553775787
0.47188279032707214
0.23583173751831055
0.3310297727584839
0.18884776532649994
0.41642311215400696
0.31247857213020325
0.44740059971809387
0.543065071105957
0.15610146522521973
0.5919837951660156
0.4364539682865143
0.15862558782100677
0.6145262718200684
0.5446881055831909
0.47426989674568176
0.481376975774765
0.5252119302749634
0.28751710057258606
0.6074771881103516
0.3362429141998291
0.3459215760231018
0.4013558626174927
0.2977277636528015
0.26601263880729675
-0.03351113200187683
0.620901346206665
0.47756436467170715
0.46963104605674744
0.43191275000572205
0.5268873572349548
0.004167497158050537
0.25265923142433167
0.5974307060241699
0.016902625560760498
0.48310986161231995
0.34744250774383545
0.49407729506492615
0.5766819715499878
0.33369991183280945
0.27228111028671265
0.612734317779541
0.4257790744304657
0.3480862081050873
0.37050923705101013
0.21310119330883026
0.36194056272506714
0.5083816051483154
0.44011491537094116
0.6410939693450928
0.2679130434989929
0.2505565881729126
0.6400800943374634
0.43086448311805725
0.6452142000198364
0.4638649523258209
0.22047962248325348
0.12721864879131317
0.4277699291706085
0.26392167806625366
0.460702121257782
0.445044606924057
0.4156514108181
0.5849379301071167
0.5933656692504883
0.6003834009170532
0.6151474714279175
0.3562201261520386
0.590781569480896
0.21849477291107178
0.4429227411746979
0.6388506293296814
0.15453165769577026
0.5314892530441284
0.647075891494751
0.48357680439949036
0.6414402723312378
0.5808618068695068
0.38031062483787537
0.39930370450019836
0.16247333586215973
0.5039098262786865
0.322614461183548
0.3754308521747589
-0.022042155265808105
0.1692018210887909
0.566865861415863
0.6675324440002441
0.4188593029975891
0.3904059827327728
0.1307068169116974
0.5389453768730164
0.4104525148868561
0.4093918204307556
0.16712409257888794
0.1115339994430542
0.2756667137145996
0.34854555130004883
0.07194747030735016
0.2083020806312561
0.36041736602783203
0.42586320638656616
0.5370789170265198
0.5532058477401733
0.44775038957595825
0.5735495090484619
0.16874761879444122
0.6077256202697754
0.4970085918903351
0.6364766359329224
0.25522032380104065
0.506460428237915
0.44365742802619934
0.30661261081695557
0.3522506356239319
0.4928317964076996
0.2783257067203522
0.3407145142555237
0.46244513988494873
0.5091204643249512
0.46970561146736145
0.14634215831756592
0.34004080295562744
0.43210941553115845
0.5400691032409668
0.14510607719421387
0.31678467988967896
0.15226900577545166
0.310260146856308
0.0727485790848732
0.7292871475219727
0.6651793718338013
0.5973952412605286
0.4076339304447174
0.29419615864753723
0.39586547017097473
0.5455154180526733
0.29943323135375977
0.5102997422218323
0.6076568365097046
0.7646111249923706
0.32338398694992065
0.4938901960849762
0.6840118169784546
0.29741448163986206
0.389591246843338
0.6291505098342896
0.5521886348724365
0.31591856479644775
0.18786370754241943
0.12417629361152649
0.26198044419288635
0.2188318818807602
0.313883513212204
0.4399932324886322
0.6834005117416382
0.33718234300613403
0.40055400133132935
0.663732647895813
0.6180465221405029
0.606121301651001
0.35346293449401855
0.4025050699710846
0.19949162006378174
0.6235289573669434
0.5750361680984497
0.5645179748535156
0.3095112442970276
0.2900105118751526
0.5473607778549194
0.5360392332077026
0.5428401231765747
0.610261082649231
0.4658324420452118
0.4512344300746918
0.13620179891586304
0.45890724658966064
0.3573685586452484
0.06686308979988098
0.4804179072380066
0.20447467267513275
0.4261414706707001
0.4680897891521454
0.3438558876514435
0.5845519304275513
0.20420421659946442
0.6032997369766235
0.16901685297489166
0.4035365879535675
0.29953449964523315
0.2712382972240448
0.4689830243587494
0.36680418252944946
0.6566638946533203
0.30007535219192505
0.4320639967918396
0.3386230766773224
0.23892223834991455
0.31782180070877075
0.30914971232414246
0.15992051362991333
0.3724922835826874
0.2302754670381546
0.3872525095939636
0.23943351209163666
0.333437442779541
0.6169422268867493
0.46267157793045044
0.3837421238422394
0.644395112991333
0.619818925857544
0.4740389287471771
0.30187660455703735
0.24721062183380127
0.7222013473510742
0.34637588262557983
0.0170484259724617
0.5316996574401855
0.5450649857521057
0.509119987487793
0.6366360187530518
0.5199346542358398
0.6425654888153076
0.3255913555622101
0.2861731946468353
0.6485497951507568
0.43242549896240234
0.474800169467926
0.3552289605140686
0.5433449745178223
0.5433841943740845
0.6767407655715942
0.3914199769496918
0.38954803347587585
0.6000505685806274
0.4277034103870392
0.3810340464115143
0.35971683263778687
0.5770542621612549
0.5230100154876709
0.39847198128700256
0.5302383899688721
0.37955641746520996
0.2111782729625702
0.6451032161712646
0.390071839094162
0.2823341488838196
0.5693590641021729
0.540034294128418
0.4781602919101715
0.4646970331668854
0.47421225905418396
0.34467971324920654
0.5499991178512573
0.4525009095668793
0.00126609206199646
0.3912547528743744
0.44490090012550354
0.5712250471115112
0.19801226258277893
0.18340300023555756
0.35850757360458374
0.49832022190093994
0.4273592233657837
0.28487709164619446
0.24723699688911438
0.4098623991012573
0.2817930281162262
0.30075401067733765
0.027315661311149597
0.15090002119541168
0.4457066059112549
0.579178512096405
0.4442167580127716
0.24415729939937592
0.21249109506607056
0.3422895669937134
0.46657416224479675
-0.022230222821235657
0.588313102722168
0.3961462676525116
0.13550016283988953
0.4694841802120209
0.29008349776268005
0.7852212190628052
0.15759876370429993
0.2631716728210449
0.3557394742965698
0.2914259433746338
0.4591522514820099
0.18922118842601776
0.13275544345378876
0.17182479798793793
0.2978183329105377
0.586634635925293
0.5998493432998657
0.19031387567520142
0.4373985826969147
0.5865099430084229
0.5741080045700073
0.27129846811294556
0.6037954092025757
0.6197901964187622
0.5174229145050049
0.35947078466415405
0.4306109845638275
0.3793146312236786
0.39883938431739807
0.23371315002441406
0.42223286628723145
0.6083362102508545
0.7073272466659546
0.3186725378036499
0.4649244546890259
0.547227144241333
0.38725146651268005
0.4496481120586395
0.48958876729011536
0.3932403028011322
0.32097160816192627
0.38019371032714844
0.3880472481250763
0.5861495733261108
0.6376774907112122
0.47457829117774963
0.10885359346866608
0.506708025932312
0.5873734951019287
0.262417197227478
0.1683855801820755
0.458598256111145
0.7091071605682373
0.18858247995376587
0.3980807363986969
0.5860699415206909
0.4480727016925812
0.6812618970870972
0.31721025705337524
0.5376772880554199
-0.014323621988296509
0.4879007339477539
0.29140153527259827
0.5570942163467407
0.6927235126495361
0.6873116493225098
0.6620343923568726
0.3817988336086273
0.27582305669784546
0.19981300830841064
0.2686568796634674
0.3805435299873352
0.3649141192436218
0.6226782202720642
0.27840709686279297
0.6661430597305298
0.49822890758514404
0.28502458333969116
0.09920759499073029
0.6985266208648682
0.6022711992263794
0.3619047999382019
0.3350054919719696
0.49446430802345276
0.6256211996078491
0.27277618646621704
0.22541485726833344
0.17168232798576355
0.5528022050857544
0.5968331694602966
0.5482346415519714
0.09977424889802933
0.37050339579582214
0.2624869644641876
0.6828380823135376
0.6396300792694092
0.5156763792037964
0.20701156556606293
0.4703618884086609
0.23209044337272644
0.5879634618759155
0.578192412853241
0.1061188131570816
0.6277707815170288
0.47139593958854675
0.4235306680202484
0.3950323164463043
0.5232532024383545
0.5287580490112305
0.3745020925998688
0.2634483575820923
0.6368763446807861
0.36564257740974426
0.275302529335022
0.7128150463104248
0.3804098069667816
0.6416231393814087
0.4799671769142151
0.034866057336330414
0.5430099964141846
0.3766947388648987
0.3564721345901489
0.5777289867401123
0.4339398443698883
0.1750529259443283
0.4999229609966278
0.2313721477985382
0.4921434223651886
0.2664293646812439
0.24430030584335327
0.34902384877204895
0.6549011468887329
0.42313292622566223
0.38547322154045105
0.6174535751342773
0.38270169496536255
0.2659861743450165
0.440445214509964
0.6250748634338379
0.6253231763839722
0.36824774742126465
0.5323256254196167
0.39532601833343506
0.12925021350383759
0.6098509430885315
0.017306946218013763
0.4815986156463623
0.24992895126342773
0.6111189126968384
0.4925486743450165
0.26958489418029785
0.6903111934661865
0.3263658881187439
0.5634617805480957
0.6540857553482056
0.4766203463077545
0.0010476261377334595
0.6410187482833862
0.5488336682319641
0.36433273553848267
0.32235896587371826
0.5061253309249878
0.3327649235725403
0.5071775913238525
0.3872600793838501
0.49058297276496887
0.21971294283866882
0.5100058317184448
0.4494301378726959
0.5262610912322998
0.5596509575843811
0.5503381490707397
0.4011353850364685
0.34445980191230774
0.5284683704376221
0.40611863136291504
0.2381410300731659
0.3877941071987152
0.3666682839393616
0.4562377631664276
0.5825319886207581
0.48028162121772766
0.34201309084892273
0.35066279768943787
0.313370943069458
0.2079404592514038
0.465941458940506
0.47776857018470764
0.6449378728866577
0.26579034328460693
0.4678128957748413
0.22608143091201782
0.47102534770965576
0.34531617164611816
0.19143465161323547
0.2913167476654053
0.30620554089546204
0.23685131967067719
0.6417865753173828
0.29230600595474243
0.23505309224128723
0.09020692855119705
0.3603397011756897
0.4483398497104645
0.03525388240814209
0.16133935749530792
0.11434225738048553
0.3013983368873596
0.5114473104476929
0.30715638399124146
0.5197036862373352
0.7179898023605347
0.6714358329772949
0.22882357239723206
0.1248752623796463
0.409328430891037
0.3917332589626312
0.0899638757109642
0.5873045921325684
0.41473957896232605
0.33121350407600403
0.38661304116249084
0.3594248592853546
0.22918987274169922
0.14119544625282288
0.6270908117294312
0.3276171088218689
0.5597525238990784
0.44078078866004944
0.29213955998420715
0.08955065906047821
0.32566091418266296
0.23758138716220856
0.4933013916015625
0.3688778281211853
0.41205033659935
0.33175531029701233
0.3043782711029053
0.161469504237175
0.5783883333206177
0.3394825756549835
0.5707886219024658
0.7179718017578125
0.45980146527290344
0.5135043263435364
0.3898064196109772
0.3584008812904358
0.4190319776535034
0.4447007477283478
0.24621227383613586
0.5275490283966064
0.5044150352478027
0.12301629036664963
0.48864060640335083
0.4129328727722168
0.3061385750770569
0.34487420320510864
0.3485383093357086
0.5379661917686462
0.5963088274002075
0.5959813594818115
0.09865438938140869
0.5190747976303101
0.5268146991729736
0.3483002185821533
0.40263766050338745
0.47189193964004517
0.47842445969581604
0.2924530506134033
0.5629210472106934
0.3483699560165405
0.3941107392311096
0.5810828804969788
0.3240145444869995
0.3129444420337677
0.6718792915344238
0.5065828561782837
0.6139384508132935
0.32480403780937195
0.5355717539787292
0.7257993221282959
0.14114505052566528
0.24151287972927094
0.1846224069595337
0.24403107166290283
0.5906247496604919
0.40331894159317017
0.42785879969596863
0.09705010056495667
0.4825558364391327
0.6911803483963013
0.26507437229156494
0.49885550141334534
0.42673930525779724
0.18354859948158264
0.4674246907234192
0.5770596265792847
0.30635324120521545
0.35870280861854553
0.34262898564338684
0.253292977809906
0.6346755027770996
0.428487628698349
0.4794030487537384
0.5103756189346313
0.6326009035110474
0.5488103628158569
0.36750492453575134
0.5831993818283081
0.23753632605075836
0.6480492353439331
0.6349364519119263
0.4178687036037445
0.06504537910223007
0.4584663212299347
0.5061384439468384
0.1938321739435196
0.3900594413280487
0.5582170486450195
0.2719402015209198
0.6502304077148438
0.4492914378643036
0.3858482837677002
0.5919945240020752
0.20369192957878113
0.35277193784713745
0.2051379233598709
0.48260995745658875
0.5974187850952148
0.35518527030944824
0.640921950340271
0.5250215530395508
0.5861992835998535
0.4132715165615082
0.2705027163028717
0.3198954463005066
0.20573072135448456
0.04158575087785721
0.33533066511154175
0.5790090560913086
0.2353888899087906
0.521833062171936
0.5130277872085571
0.1984322965145111
0.5486017465591431
0.19459082186222076
0.2571093440055847
0.2510719895362854
0.2770811915397644
0.5399729609489441
0.5465377569198608
0.3921113908290863
0.22286304831504822
0.6237345933914185
0.19653379917144775
0.396821528673172
0.4486774504184723
0.46788695454597473
0.5932935476303101
0.5622739791870117
0.5888668298721313
0.6711437702178955
0.5304659605026245
0.46336546540260315
0.652042031288147
0.49742650985717773
0.3633301854133606
0.4839014708995819
0.3610130846500397
0.18120330572128296
0.2706807851791382
0.1846662014722824
0.4662379324436188
0.2824118733406067
0.38670074939727783
0.31006932258605957
0.0891043022274971
0.24462661147117615
0.5002094507217407
0.6536297798156738
0.37425684928894043
0.7382643222808838
0.5514248013496399
0.5316367149353027
0.5582520961761475
0.1357964277267456
0.23879510164260864
0.512660026550293
0.2960861921310425
0.43551400303840637
0.2861490547657013
0.4212871789932251
0.14980417490005493
-0.006631717085838318
0.6254526972770691
0.27117636799812317
0.6916414499282837
0.3212902545928955
0.6416327953338623
0.5015792846679688
0.5034192800521851
0.19774407148361206
0.471021443605423
0.5046528577804565
0.4452880620956421
0.34026166796684265
0.5359253883361816
0.14664863049983978
0.5771301984786987
0.41214004158973694
0.6973046064376831
0.6568915843963623
0.3133871555328369
0.4364313781261444
0.5992512106895447
0.5328221321105957
0.519873857498169
0.6509127616882324
0.4247794449329376
0.20675040781497955
0.4577241539955139
0.293506920337677
0.47489041090011597
0.2850097417831421
0.3467443585395813
0.5547401309013367
0.5640480518341064
0.586493730545044
0.6505390405654907
0.4961839020252228
0.48393628001213074
0.7726122140884399
0.48775210976600647
0.6188838481903076
0.1705530732870102
0.15760955214500427
0.3449972867965698
0.4127735197544098
0.36894774436950684
0.3480866551399231
0.44196829199790955
0.29477232694625854
-0.019337445497512817
0.5450812578201294
0.48561710119247437
0.2026079297065735
0.2972536087036133
0.6318672895431519
0.5858362913131714
0.224143385887146
0.7169452905654907
0.06496027857065201
0.4393576681613922
0.6003445386886597
0.18644097447395325
0.4252346158027649
0.24122464656829834
0.5937025547027588
0.5249249935150146
0.32329869270324707
0.6087865829467773
0.4367680549621582
0.3790789544582367
0.28097063302993774
0.3098108172416687
0.11254346370697021
0.1962699145078659
0.3142520487308502
0.12768737971782684
0.3203545808792114
0.3971254825592041
0.4603460729122162
0.3319191634654999
0.6707910299301147
0.42755481600761414
-0.035710036754608154
0.6525253057479858
0.3170878291130066
0.3806384205818176
0.6424809694290161
0.386862188577652
0.5753659009933472
0.4838769733905792
0.49919265508651733
0.11787597090005875
0.3157541751861572
0.5903549194335938
0.22186481952667236
0.5372457504272461
0.4548855721950531
0.2892792820930481
0.2670885920524597
0.5026881694793701
0.6322126388549805
0.5572062730789185
0.374717116355896
0.17596778273582458
0.3639907240867615
0.48642030358314514
0.40192705392837524
0.5393916368484497
0.6454037427902222
0.046381279826164246
0.6571195125579834
0.3911557197570801
0.4174792766571045
0.4341440796852112
0.20562537014484406
0.5856417417526245
0.6330928802490234
0.39591267704963684
0.17253895103931427
0.3038073480129242
0.48620638251304626
0.5730913877487183
0.6911921501159668
0.19666507840156555
0.6414690017700195
0.5811050534248352
0.2795065641403198
0.3675019443035126
0.5731157064437866
0.47660598158836365
0.7300313711166382
0.5411338210105896
0.29730015993118286
0.3659440875053406
0.2728646993637085
0.4805395305156708
0.01868903636932373
0.5595130324363708
0.23796206712722778
0.686514139175415
0.2486354559659958
0.5042848587036133
0.19620445370674133
0.5531415939331055
0.6477384567260742
0.18074338138103485
0.45110833644866943
0.12757053971290588
0.054595351219177246
0.5663617253303528
0.603363573551178
0.4625264108181
0.4966392517089844
0.38244277238845825
0.46854862570762634
0.2331748604774475
0.6171911954879761
0.452593594789505
0.5917713642120361
0.28177598118782043
0.287660151720047
0.38149917125701904
0.614885151386261
0.3798401355743408
0.4826944172382355
0.41068729758262634
0.5544107556343079
0.5104861855506897
0.08207657933235168
0.5965023040771484
0.3558724820613861
0.6201328039169312
0.5168421268463135
0.4311699867248535
0.5428096055984497
0.4670746624469757
0.59315025806427
0.22229084372520447
0.2276032418012619
0.2054092288017273
0.3969831168651581
0.09119768440723419
0.2236458659172058
0.5247864723205566
0.49271419644355774
0.11548484116792679
0.2735583186149597
0.2655861973762512
0.44076773524284363
0.5096330046653748
0.08756189048290253
0.5145730972290039
0.27530187368392944
0.5922313332557678
0.4711630046367645
0.45211321115493774
0.3835858106613159
0.6056702733039856
0.48473870754241943
0.3339100778102875
0.45511117577552795
0.23305031657218933
0.5566650032997131
0.45670562982559204
0.35633689165115356
0.4382157027721405
0.3050276041030884
0.5401277542114258
0.22036528587341309
0.48151129484176636
0.29066213965415955
0.49308499693870544
0.6659773588180542
0.5809465646743774
0.5356767177581787
0.31955960392951965
0.24706414341926575
0.31625235080718994
0.5140700340270996
0.3372289836406708
0.3837932348251343
0.4661392271518707
0.4396360218524933
0.3479347825050354
0.2667594850063324
0.26687437295913696
0.256176620721817
0.2896350622177124
0.5164718627929688
0.17713920772075653
0.26172253489494324
0.3259323835372925
0.4092507064342499
0.6132282018661499
0.42648226022720337
0.16937434673309326
0.368216335773468
0.5852843523025513
0.2545664608478546
0.23475396633148193
0.5372473001480103
0.36362794041633606
0.0645441859960556
0.4875810742378235
0.34161651134490967
0.5958075523376465
0.08457903563976288
0.37677204608917236
0.6972489356994629
0.5534565448760986
0.19331423938274384
0.5977561473846436
0.5682002902030945
0.2836809456348419
0.667449951171875
0.2685093283653259
0.5643530488014221
0.19048276543617249
0.47369077801704407
0.29473960399627686
0.7117446660995483
-0.042145684361457825
0.4387061595916748
0.321063369512558
0.6601974964141846
0.38196679949760437
0.44792553782463074
0.21009500324726105
0.1856960505247116
0.08394318073987961
0.02737545222043991
0.595375657081604
0.5201419591903687
0.7087757587432861
0.5229828357696533
0.49714410305023193
0.626562237739563
0.6924479007720947
0.13747194409370422
0.6054419279098511
0.30552560091018677
0.5747311115264893
0.24086928367614746
0.1424066424369812
0.599524974822998
0.3947751820087433
0.3380975127220154
0.3970523774623871
-0.04831936955451965
0.6185413002967834
0.3996809422969818
0.2604236602783203
0.4845432639122009
0.48709020018577576
0.45004191994667053
0.44920143485069275
0.6583302021026611
0.3014577329158783
0.47169992327690125
0.24550898373126984
0.43196073174476624
0.4954160451889038
0.5593403577804565
0.4685298204421997
0.3757568895816803
0.3791476786136627
0.5817795395851135
0.6832226514816284
0.3794858455657959
0.5845584273338318
0.13754130899906158
0.498572438955307
0.06419016420841217
0.09514811635017395
0.6046251058578491
0.5280944108963013
0.5300508737564087
0.3601805567741394
0.5734459757804871
0.6074797511100769
0.5525507926940918
0.4971878230571747
0.14456872642040253
0.5378482341766357
0.14798706769943237
0.4866564869880676
0.4654970169067383
0.7150168418884277
0.4561312794685364
0.4368523955345154
0.5707083940505981
0.698395848274231
0.5249119400978088
0.40309396386146545
0.24638164043426514
0.3099127411842346
0.5650022029876709
0.5333849191665649
0.5940752029418945
0.01610986888408661
0.11029066890478134
0.26027247309684753
0.3174574673175812
0.544996976852417
0.44179567694664
0.42364153265953064
0.5472216606140137
0.6588619947433472
0.2565244734287262
0.4707283079624176
0.44315871596336365
0.2718581259250641
0.2978735566139221
0.548537015914917
0.6128082275390625
0.0841073989868164
0.3182929754257202
0.007863238453865051
0.5782598257064819
0.6496117115020752
0.16481254994869232
0.16855578124523163
0.4160192906856537
0.48529788851737976
0.5491790771484375
0.37871333956718445
0.19827544689178467
0.44676950573921204
0.2550012469291687
0.5897455215454102
0.5488036870956421
0.20490552484989166
0.6244945526123047
0.5972765684127808
0.1662519872188568
0.08501560986042023
0.1298781782388687
0.25339630246162415
0.509989857673645
0.6188948750495911
0.38860902190208435
0.5803690552711487
0.6679831743240356
0.4829578697681427
0.5345437526702881
0.3265915513038635
0.3867047429084778
0.5515432357788086
0.45253628492355347
0.46151578426361084
0.35997045040130615
0.49707797169685364
0.3067365884780884
0.6011143922805786
0.3949621915817261
0.4841190576553345
0.19515357911586761
0.6977531909942627
0.5952432751655579
0.17381110787391663
0.32442694902420044
0.3587964177131653
0.4702575206756592
0.7550586462020874
0.005560100078582764
0.6476794481277466
0.4951399266719818
0.47999444603919983
0.5858135223388672
0.5550704598426819
0.17911937832832336
0.6483795642852783
0.16198308765888214
0.4042624831199646
0.5076965689659119
0.34522396326065063
0.5504633188247681
0.41541507840156555
0.36991190910339355
0.3585813641548157
0.5701349973678589
0.47437289357185364
0.5643364191055298
0.2509578466415405
0.599414587020874
0.27378398180007935
0.44268783926963806
0.3545486330986023
0.28400900959968567
0.23046442866325378
0.40841391682624817
0.5056060552597046
0.5347386598587036
0.180579274892807
0.2584052085876465
0.2306998372077942
0.6108951568603516
0.45775771141052246
0.44615355134010315
0.19413846731185913
0.5572737455368042
0.5635604858398438
0.17699982225894928
0.5612589120864868
0.6283531785011292
0.2597711682319641
0.038320496678352356
0.5551188588142395
0.48849281668663025
0.320720911026001
0.11047780513763428
0.5091592073440552
0.4383223354816437
0.2516282796859741
0.5085000395774841
0.7230690717697144
0.42317548394203186
0.5374349355697632
0.45382294058799744
0.5747854709625244
0.3380813002586365
0.5748487114906311
0.6657208204269409
0.6165121793746948
0.44498178362846375
0.3888853192329407
0.36737486720085144
0.5547087788581848
0.5158440470695496
0.6839761734008789
0.38289111852645874
0.3783904016017914
0.27013471722602844
0.5041463375091553
0.3950061500072479
0.2897223234176636
0.3017256259918213
0.3756892681121826
0.5195423364639282
0.3916601240634918
0.5100414752960205
0.6294553279876709
0.7048474550247192
0.6994562149047852
0.38746321201324463
0.5912090539932251
0.5445221662521362
0.5043807625770569
0.20755654573440552
0.27406468987464905
0.2182285189628601
0.4571615755558014
0.45711830258369446
0.6645894050598145
0.48053833842277527
0.10924026370048523
0.41243991255760193
0.40815469622612
0.6464049816131592
0.5372605323791504
0.5364455580711365
0.6359589099884033
0.38062191009521484
0.4272620379924774
0.25592097640037537
0.32445794343948364
0.5173145532608032
0.5697669386863708
0.48286083340644836
0.5934802293777466
0.5779783725738525
0.19563212990760803
0.6696364879608154
0.5525366067886353
0.36852943897247314
0.2819191515445709
0.6213545799255371
0.16002114117145538
0.2447453886270523
0.6225450038909912
0.3052605092525482
0.5341557860374451
-0.009330838918685913
0.6047922372817993
0.16394096612930298
0.46932289004325867
0.55672287940979
0.6581101417541504
0.5361654758453369
0.4548451006412506
0.3736274838447571
0.32720237970352173
0.7118362188339233
0.47895440459251404
0.43316128849983215
-0.0003411024808883667
0.42190471291542053
0.3778137266635895
0.32624220848083496
0.2972012460231781
0.6402283906936646
0.4453215003013611
0.223144069314003
0.5337669849395752
0.04898683726787567
0.3398592472076416
0.36332935094833374
0.6030121445655823
0.49256089329719543
0.5355280637741089
0.2589944005012512
0.3711071014404297
0.3000883460044861
0.6041393280029297
0.42914703488349915
0.6094563007354736
0.2791721820831299
0.18090808391571045
0.4515994191169739
0.5317251682281494
0.15308548510074615
0.573969841003418
0.2594846189022064
0.5357279777526855
0.5174884796142578
0.24787655472755432
0.4359429180622101
0.29826900362968445
0.4671095013618469
0.16135624051094055
0.41628602147102356
0.37839174270629883
0.6420722007751465
0.3452064096927643
0.3421352505683899
0.2941519021987915
0.574284553527832
0.18484634160995483
0.3180543780326843
0.10585279762744904
0.1753077656030655
0.33643749356269836
0.3402366042137146
0.32523614168167114
0.28904402256011963
0.273417592048645
0.4902414083480835
0.658332347869873
0.5609166026115417
0.21479561924934387
0.3366548418998718
0.37274444103240967
0.672107458114624
0.45547232031822205
0.5048986673355103
0.44728735089302063
0.2514864206314087
0.13453301787376404
0.2761291265487671
0.6201314926147461
0.5218942165374756
0.4925541877746582
0.3416362404823303
-0.05337442457675934
0.5559122562408447
0.3959745168685913
0.40036240220069885
0.5522912740707397
0.15818153321743011
0.3963220417499542
0.26667529344558716
0.3750501573085785
0.44011950492858887
0.45014283061027527
0.6651970148086548
0.5322957038879395
0.3728494942188263
0.16334204375743866
0.23863866925239563
0.5390236377716064
0.3209400773048401
0.46003544330596924
0.6096293926239014
0.22442296147346497
0.3035075068473816
0.7067506313323975
0.5006612539291382
0.17102745175361633
0.45055004954338074
0.5897972583770752
0.023556053638458252
0.21685150265693665
0.3900555968284607
0.6263794302940369
0.6642999649047852
0.41643956303596497
0.5039283633232117
0.6678646802902222
0.5974596738815308
0.02886141836643219
0.32956570386886597
0.37137115001678467
0.38029348850250244
0.6176636219024658
0.25322937965393066
0.23285439610481262
0.01418253779411316
0.26955926418304443
0.4271555542945862
0.6517077684402466
0.4802669584751129
0.4257110059261322
0.3535286486148834
0.3835616409778595
0.44851937890052795
0.44334396719932556
0.510284423828125
0.2244800329208374
0.12448199093341827
0.6627165079116821
0.25586017966270447
0.19908419251441956
0.42548322677612305
0.6623156070709229
0.19824153184890747
0.4127781391143799
0.36488956212997437
0.19939745962619781
0.5597381591796875
0.1569046974182129
0.4690548777580261
0.29708799719810486
0.30907559394836426
0.30962979793548584
0.343066543340683
0.5783031582832336
0.6972105503082275
0.6183812618255615
0.595923900604248
0.7145618200302124
0.2061283439397812
0.08790311217308044
0.3627595603466034
0.555015504360199
-0.02504737675189972
0.25692102313041687
0.18913200497627258
0.035392530262470245
0.1640733778476715
0.2609184980392456
0.1863555759191513
0.5949302911758423
0.663658857345581
0.7132772207260132
0.3390764892101288
0.47207263112068176
0.3452473282814026
0.00046941637992858887
0.5774973630905151
0.547461986541748
0.47180527448654175
0.45736148953437805
0.48180800676345825
0.6728652715682983
0.26039230823516846
0.2565467059612274
0.5728569030761719
0.5009136199951172
0.2704523801803589
0.42160722613334656
0.15755322575569153
0.44540971517562866
0.1761692315340042
0.5241730213165283
0.7387905120849609
0.46812018752098083
0.5526621341705322
0.30900079011917114
0.4979036748409271
0.5114713907241821
0.19870330393314362
0.2913669943809509
0.3558398187160492
0.016146548092365265
0.2813834846019745
0.3297243118286133
0.49310538172721863
0.4181698262691498
0.5122685432434082
0.5929838418960571
0.04942139983177185
0.40399113297462463
0.0921211689710617
0.4154999554157257
0.7199134826660156
0.1847432404756546
0.199476957321167
0.09071646630764008
0.20437012612819672
0.30162447690963745
0.3029100298881531
0.577139675617218
0.6795016527175903
0.09938342869281769
0.6113626956939697
0.4444851577281952
0.0839170590043068
0.395539253950119
0.44356033205986023
0.3799871802330017
0.19991283118724823
0.10542075335979462
0.21716296672821045
0.3560265600681305
0.5601403713226318
0.4556371569633484
0.5588023066520691
0.19751408696174622
0.6920640468597412
0.5629311203956604
0.19493091106414795
0.2111881822347641
0.31865641474723816
0.5011920928955078
0.47046664357185364
0.3227798342704773
0.3712085485458374
0.43366846442222595
0.4172431528568268
0.11598580330610275
0.31370678544044495
0.24902357161045074
0.3932320773601532
0.20490165054798126
0.25605660676956177
0.525200605392456
0.6696524620056152
0.3546992242336273
0.199995756149292
0.5132742524147034
0.4777147173881531
0.1821557879447937
0.17031416296958923
0.5370000600814819
0.3544563055038452
0.6078777313232422
0.37039563059806824
0.47808346152305603
0.28865450620651245
0.04231129586696625
0.4253685474395752
0.26824939250946045
0.7461374998092651
0.27851957082748413
0.5350914001464844
0.5777629017829895
0.26589399576187134
0.6016141176223755
0.3304823040962219
0.1445007622241974
0.2507895827293396
0.4173661768436432
0.6301020383834839
0.2749650478363037
0.5198380351066589
0.6064531803131104
0.39010581374168396
0.6460232734680176
0.4117966294288635
0.345415860414505
0.076957568526268
0.21574805676937103
0.6106547117233276
0.682713508605957
0.33510419726371765
0.13835030794143677
0.15368862450122833
0.20810385048389435
0.17943719029426575
0.5048236846923828
0.30705416202545166
0.6165323257446289
0.5373347997665405
0.6682970523834229
0.5699968338012695
0.6201337575912476
0.19629985094070435
0.5292345285415649
0.33079636096954346
0.6372214555740356
0.4504713714122772
0.6622192859649658
0.6699421405792236
0.581055760383606
0.5134425163269043
0.5203112363815308
0.4433501660823822
0.03377845883369446
0.5947067737579346
0.18445342779159546
0.38013333082199097
0.19470728933811188
0.27506062388420105
0.20725244283676147
0.7045329809188843
0.37773850560188293
0.5617997646331787
-0.013375461101531982
0.6449364423751831
0.6229762434959412
0.5510996580123901
0.5347798466682434
0.42883872985839844
0.6457459926605225
0.2013886719942093
0.5565081238746643
0.19861817359924316
0.3549572825431824
0.5196374654769897
0.21858039498329163
0.50888592004776
0.34997445344924927
0.3879038691520691
0.6711779832839966
0.41956278681755066
0.7062678337097168
0.20598086714744568
0.27486467361450195
0.5253233909606934
0.4211389720439911
0.12176606804132462
0.3297833204269409
0.24130719900131226
0.32617315649986267
0.5679657459259033
0.34178587794303894
0.5428138971328735
0.5851003527641296
0.09911662340164185
0.5384318828582764
0.6118801832199097
0.3233734667301178
0.14540673792362213
0.3658601939678192
0.4517911970615387
0.17259444296360016
0.3319094181060791
0.29403170943260193
0.5908656120300293
0.6859539747238159
0.24122488498687744
0.48779532313346863
0.49983081221580505
0.41595491766929626
0.3150688111782074
0.6508474349975586
0.5618523359298706
0.46822836995124817
-0.04111781716346741
0.5214673280715942
0.2474379539489746
0.5545240640640259
0.4496787190437317
0.06831148266792297
0.48370471596717834
0.6915268898010254
0.6304949522018433
0.47465673089027405
0.612177848815918
0.12294656038284302
0.00974281132221222
0.47160375118255615
0.12050731480121613
0.5193753242492676
0.49513405561447144
0.29290100932121277
0.2541385293006897
0.4997529685497284
0.008757561445236206
0.5541462898254395
0.36284103989601135
0.5884239673614502
0.6128530502319336
0.35038796067237854
0.3403550088405609
0.34048888087272644
0.36776846647262573
0.34760403633117676
0.4610029458999634
0.684479832649231
0.35254770517349243
0.18885153532028198
0.19281941652297974
0.4188328683376312
0.06551365554332733
0.3296509087085724
0.7315573692321777
0.36292582750320435
0.3703160285949707
0.6128569841384888
0.5074362754821777
0.3466836214065552
0.11938073486089706
0.43615642189979553
0.42317309975624084
0.11478327214717865
0.5089441537857056
0.414685994386673
0.627879798412323
0.7469089031219482
0.3012135326862335
0.5705356597900391
0.5763831734657288
0.5782498121261597
0.2211122214794159
0.5514718294143677
0.548314094543457
0.3493574857711792
0.3745795488357544
0.44618120789527893
-0.005584418773651123
0.40398088097572327
0.01170310378074646
0.5020791292190552
0.5734590291976929
0.37679678201675415
0.6616671085357666
0.5075596570968628
0.3958178162574768
0.229053795337677
0.599372386932373
0.29573023319244385
0.15948666632175446
0.5866121649742126
0.5720956325531006
0.4296886920928955
0.3228197991847992
0.6024629473686218
0.5799498558044434
0.360805869102478
0.2147936224937439
0.4729315936565399
0.22866544127464294
0.4944188892841339
0.20648157596588135
0.6257765293121338
0.5687459707260132
0.5134844183921814
0.27267763018608093
0.4609864056110382
0.6960989236831665
0.5034105777740479
0.3376705050468445
0.4232635498046875
0.6145371198654175
0.20772147178649902
0.5912624597549438
0.5572407245635986
0.40547487139701843
0.35405924916267395
0.3007328510284424
0.546804666519165
0.5379604697227478
0.5870990753173828
0.23901872336864471
0.6026355028152466
0.5104084014892578
0.4659304916858673
0.5564281940460205
0.36359190940856934
0.5210827589035034
0.4993845522403717
0.6193220615386963
-0.0040396153926849365
0.6496694087982178
0.49402424693107605
0.41166698932647705
0.5316692590713501
0.550764262676239
0.3940044343471527
0.16023197770118713
0.3534901738166809
0.13793498277664185
0.46815159916877747
0.23366203904151917
0.30852407217025757
0.5540585517883301
0.38289085030555725
0.3614259362220764
0.5171777009963989
0.4388393461704254
-0.037030741572380066
0.41469088196754456
0.32752490043640137
0.42187151312828064
0.6942179203033447
0.2666642367839813
0.18729807436466217
0.6464157104492188
0.3517761826515198
0.18731307983398438
0.36544737219810486
-0.00768551230430603
0.20433226227760315
0.4987209737300873
0.10151129215955734
0.5260956287384033
0.38495928049087524
0.4162142276763916
0.3384655714035034
0.3861340284347534
0.001827239990234375
0.6367791295051575
0.7006310224533081
0.36562269926071167
0.4973435699939728
0.5458121299743652
0.3856769800186157
0.30830180644989014
0.7190259695053101
0.41226884722709656
0.5931367874145508
0.553870677947998
0.08019731938838959
0.5010566711425781
0.6260157823562622
0.48487022519111633
0.2542453110218048
0.611564040184021
0.6415994167327881
0.5589377880096436
0.28481385111808777
0.18716216087341309
0.2496982216835022
0.5080240368843079
0.022138632833957672
0.44842565059661865
0.117916539311409
0.26284438371658325
0.7282437086105347
0.637998640537262
0.48488369584083557
0.6321337223052979
0.6990953683853149
0.20048992335796356
0.22891391813755035
0.569546103477478
0.056250423192977905
0.26967087388038635
0.1796356588602066
0.6246734857559204
0.5424795150756836
0.13349385559558868
0.2102220505475998
0.3468482792377472
0.5452450513839722
0.2978019118309021
0.7104101181030273
0.2149125635623932
0.3997174799442291
0.06040799617767334
0.6751925945281982
0.15303991734981537
0.26119136810302734
0.633247435092926
0.33092302083969116
0.5276228189468384
0.3742690086364746
0.1245129406452179
0.05913807451725006
0.678359866142273
0.4581626057624817
0.0815928727388382
0.6104732751846313
0.6268556118011475
0.29344072937965393
0.26899683475494385
0.3782609701156616
0.18201228976249695
0.23865392804145813
0.19729465246200562
0.511139988899231
0.5631335973739624
0.5682262778282166
0.48530957102775574
0.3582399785518646
0.5427675247192383
0.4389244318008423
0.6259121894836426
0.4570671021938324
0.33648499846458435
0.16919364035129547
0.6002199649810791
0.5807271599769592
0.5930930376052856
0.6039873361587524
0.4010944962501526
0.3175915479660034
0.5808271169662476
0.13549605011940002
0.08150050044059753
0.22039920091629028
0.5964636206626892
0.5147858262062073
0.4257015883922577
0.543850302696228
0.28766003251075745
0.09605348110198975
0.6741575002670288
0.2435876429080963
0.572943925857544
0.49860575795173645
0.6547815799713135
0.4302898943424225
0.49276795983314514
0.5298663377761841
0.4212723672389984
0.523127555847168
0.5392316579818726
0.5637682676315308
0.5195064544677734
0.5808143019676208
0.3965190649032593
0.6020280718803406
0.17273379862308502
0.590233564376831
0.2627933621406555
0.5497819185256958
0.44062545895576477
0.43032437562942505
0.7224732637405396
0.3669797480106354
0.31656986474990845
0.5757187604904175
0.38543713092803955
0.2718454897403717
0.44562390446662903
0.5787972211837769
0.4415365755558014
0.592805802822113
0.4137825071811676
0.626905083656311
0.5426167249679565
0.5834953188896179
-0.002504706382751465
0.2541812062263489
0.31452929973602295
0.4947354197502136
0.604874849319458
0.5503937005996704
0.3374326825141907
0.5631598234176636
0.4640671908855438
0.27802300453186035
0.016870863735675812
0.6117444038391113
0.4997711479663849
0.408396452665329
0.6250655651092529
0.6474195718765259
0.3126085102558136
0.2071375846862793
0.293674498796463
0.6373986005783081
0.49924251437187195
0.40609562397003174
0.5443534851074219
0.6118515729904175
0.14108096063137054
0.3656994104385376
0.5227844715118408
0.244215190410614
0.4592597186565399
0.4280772805213928
0.47503331303596497
0.20096668601036072
0.1275033950805664
0.4415297210216522
0.2539186179637909
0.5421669483184814
0.6585090160369873
0.32789140939712524
0.47654110193252563
0.4459322988986969
0.288568377494812
0.5230072736740112
0.15277723968029022
0.42424336075782776
0.4623240530490875
0.5853700637817383
0.38803592324256897
0.5294108390808105
0.7269231081008911
0.539620041847229
0.5038410425186157
0.5266022682189941
0.4871520698070526
0.6098242998123169
0.43843385577201843
0.34511464834213257
0.6074658632278442
0.3939644992351532
0.5587953925132751
0.25039249658584595
0.4104293882846832
0.2690401077270508
0.5304633378982544
0.6239749193191528
0.4973162114620209
0.03649367392063141
0.393187940120697
0.5958107113838196
0.5439305305480957
0.49284616112709045
0.2728259265422821
0.35041263699531555
0.5564839839935303
0.6192798614501953
0.1618817001581192
0.5182754993438721
0.537875771522522
0.1814074069261551
0.5940229892730713
0.18017490208148956
0.369833767414093
0.18968550860881805
0.14394040405750275
0.42379030585289
0.5910611152648926
0.2804349660873413
0.0941268652677536
0.5957593321800232
0.6020134687423706
0.6742696762084961
0.5276654958724976
0.5548601150512695
0.7111353874206543
0.570268452167511
0.1529901921749115
0.6156715154647827
0.4496574103832245
0.39740636944770813
0.2984886169433594
0.6148101091384888
0.34092193841934204
0.2983585000038147
0.634982705116272
0.5588980913162231
0.48515498638153076
0.6195567846298218
0.3908993899822235
0.46055665612220764
0.3974289894104004
0.4002441465854645
0.12824834883213043
0.38822120428085327
0.331633597612381
0.2649630308151245
0.11796045303344727
0.42176833748817444
0.26211127638816833
0.321513295173645
0.21917828917503357
0.13302193582057953
0.3990982174873352
0.3470920920372009
0.3338111340999603
0.2942154109477997
0.6677592992782593
0.24811488389968872
0.5584880113601685
0.30394798517227173
0.46817630529403687
0.2710677981376648
0.6045191287994385
0.4742702543735504
0.4369841516017914
0.36578041315078735
0.3184353709220886
0.3349851965904236
0.14584983885288239
0.0532015860080719
0.2696729898452759
0.4077168405056
0.37097078561782837
0.44177407026290894
0.35281962156295776
0.3457707166671753
0.17571653425693512
0.26498502492904663
0.5438339710235596
0.1652100831270218
0.06713737547397614
0.17703421413898468
0.5608447790145874
0.21072643995285034
0.3701140284538269
-0.031634777784347534
0.6085149049758911
0.5945132970809937
0.6971981525421143
0.4418589770793915
0.21017581224441528
-0.013069987297058105
0.6298919916152954
0.3345613181591034
0.6540391445159912
0.2853887379169464
0.6727790832519531
0.5081295967102051
0.4117431342601776
0.6812595129013062
0.5087953805923462
0.7012978792190552
0.5083019137382507
0.6569011211395264
0.5283297300338745
0.11609777808189392
0.2925340235233307
0.11177488416433334
0.5882327556610107
0.31130921840667725
0.7171015739440918
0.6353926062583923
0.18227151036262512
0.6275883316993713
0.6860567331314087
0.2695898413658142
0.3921114504337311
0.7470344305038452
0.37953537702560425
0.5904874801635742
0.30048349499702454
0.39739105105400085
0.3743447959423065
0.536220133304596
0.44730859994888306
0.28582534193992615
0.5637705326080322
0.4016069769859314
0.3150451183319092
0.6361391544342041
0.1761515736579895
0.5391695499420166
0.464722216129303
0.30573195219039917
0.19458670914173126
0.32576653361320496
0.050827622413635254
0.4390043318271637
0.5014066100120544
0.3299192190170288
0.7063363790512085
0.4264732301235199
0.36326202750205994
0.5910645127296448
0.30659133195877075
0.5683704614639282
0.4400177299976349
0.2723280191421509
0.3171997666358948
0.6064504384994507
0.4871861934661865
0.6523572206497192
0.015209972858428955
0.05021294951438904
0.6557013988494873
0.6059801578521729
0.6124895215034485
0.4946381151676178
0.6481642723083496
0.5570659041404724
0.4448634088039398
0.12876905500888824
0.5638652443885803
0.18235598504543304
0.4541592001914978
0.3407737612724304
0.21115760505199432
0.01903413236141205
0.3384696841239929
0.6748675107955933
0.5135548114776611
0.555243730545044
0.6400434970855713
0.21321427822113037
0.5312530994415283
0.19036537408828735
0.3863566517829895
0.27204596996307373
0.07181917876005173
0.5111548900604248
0.6212239265441895
0.4115068018436432
0.5038272142410278
0.34207749366760254
0.656987190246582
0.17240479588508606
0.24389903247356415
0.47631585597991943
0.30634504556655884
0.6557343006134033
0.22640012204647064
0.6342229843139648
0.19089217483997345
0.1135920062661171
0.4550684690475464
0.09915816783905029
0.7221273183822632
0.3242204487323761
0.19432610273361206
0.5136094093322754
0.5222647190093994
0.5763360261917114
0.6885110139846802
0.6022703647613525
0.5745753049850464
0.37587231397628784
0.2128170281648636
0.4407997131347656
0.3163403868675232
0.5909101963043213
0.5903387069702148
0.3507526218891144
0.34726548194885254
0.5594381093978882
0.1759459227323532
0.5121433734893799
0.48895469307899475
0.39220064878463745
0.2308318018913269
0.2466491460800171
0.2563217878341675
0.5399726033210754
0.4175539016723633
0.2157924920320511
0.21759888529777527
0.5953165888786316
0.5794241428375244
0.6789249181747437
0.4997771382331848
0.44949454069137573
0.334191232919693
0.36395901441574097
0.42044100165367126
0.46313583850860596
0.6643407344818115
0.17278681695461273
0.5676746368408203
0.10880318284034729
0.45563629269599915
0.45446959137916565
0.3678581118583679
0.5602302551269531
0.38270458579063416
0.648377537727356
0.39013320207595825
0.017644189298152924
0.46962106227874756
0.6387152671813965
0.7970448732376099
0.48268863558769226
0.31233513355255127
0.632390022277832
0.3243632912635803
0.5796455144882202
0.4129757583141327
0.29821741580963135
0.2727835476398468
0.44505223631858826
0.14009879529476166
0.25255995988845825
0.4317115247249603
0.6810135841369629
0.2100144773721695
0.6255301237106323
0.4082261025905609
0.46285927295684814
0.3254067897796631
0.5158627033233643
0.4868309795856476
0.3610769510269165
0.3717288076877594
0.5315724611282349
0.6646771430969238
0.5164047479629517
0.6257898807525635
0.25098106265068054
0.17470990121364594
0.10901647806167603
0.39707663655281067
0.4140254557132721
0.49893060326576233
0.23924247920513153
0.5555658340454102
0.40659937262535095
0.3361515998840332
0.4136056900024414
0.43337705731391907
0.010932505130767822
0.1988580971956253
0.30824199318885803
0.520146369934082
0.30348914861679077
0.6341425180435181
0.31386762857437134
0.4497639834880829
0.3939577341079712
-0.019989803433418274
0.4578610956668854
0.6245274543762207
0.5104339122772217
0.33709466457366943
0.6252237558364868
0.7237735986709595
0.3833070993423462
0.7091100215911865
0.5533536672592163
0.11517442762851715
0.6882336139678955
0.26455748081207275
0.42428675293922424
-0.02025318145751953
0.5009260177612305
0.5092355012893677
0.43460580706596375
0.6506389379501343
0.14957496523857117
0.5354594588279724
0.5437475442886353
0.22205625474452972
0.4895671010017395
0.4036509394645691
0.12178479880094528
0.4782354533672333
0.213898703455925
0.24064642190933228
0.21276076138019562
0.6378446817398071
0.28075867891311646
0.27380627393722534
0.5294414162635803
0.03970760107040405
0.24142485857009888
0.5694836378097534
0.10747885704040527
0.2240700125694275
0.033586688339710236
0.4498865306377411
0.33253851532936096
0.47156384587287903
0.4614304006099701
0.5880323052406311
0.22819553315639496
0.579384446144104
0.44673749804496765
0.47122952342033386
0.5381891131401062
0.11066051572561264
0.23548033833503723
0.49448567628860474
0.32847556471824646
0.5109174251556396
0.5190022587776184
0.23686200380325317
0.09391823410987854
0.29987919330596924
0.47470706701278687
0.6311596632003784
0.7247798442840576
0.2610219120979309
0.591934323310852
0.5374805927276611
0.4824488162994385
0.41588154435157776
0.7148834466934204
0.5464991331100464
0.2819603681564331
0.09612949192523956
0.424184650182724
0.3390147089958191
0.6893771886825562
0.5415322780609131
0.7283757925033569
0.6423500776290894
0.38716328144073486
0.461172491312027
0.6596603393554688
0.103604257106781
0.22345852851867676
0.6716516017913818
0.4989551603794098
0.6363656520843506
0.3474299907684326
0.2921060621738434
0.49590012431144714
0.4801520109176636
0.7703274488449097
0.5712786316871643
0.30084747076034546
0.33747848868370056
0.35721468925476074
0.3656976819038391
0.7225041389465332
0.3254546523094177
0.4573090970516205
0.5401723980903625
0.6035410165786743
0.6652363538742065
0.6066851615905762
0.7052382230758667
0.6268167495727539
0.5345792770385742
0.4561915099620819
0.6316912174224854
0.6683386564254761
0.39384445548057556
0.6678420305252075
0.6843743324279785
0.6431140899658203
0.18430863320827484
-0.023796692490577698
0.4864466190338135
0.5724977254867554
0.23852774500846863
0.5808414220809937
0.31555765867233276
0.6163204908370972
0.48202192783355713
0.25651437044143677
0.17867609858512878
0.2818027436733246
0.6323336958885193
0.5628701448440552
0.7607734203338623
0.4852354824542999
0.5539087057113647
0.22430014610290527
0.6345932483673096
0.47964414954185486
0.06606720387935638
0.598780632019043
0.16061757504940033
0.04779274761676788
0.5120155811309814
0.4690544903278351
0.445670485496521
0.37862861156463623
0.6245957016944885
0.5472843647003174
0.2796558737754822
0.6976209878921509
0.49399998784065247
0.4258982241153717
0.468712717294693
0.29072660207748413
0.36835184693336487
0.2241525650024414
0.35600268840789795
0.6699403524398804
0.6260597705841064
0.4265185296535492
0.25657474994659424
0.5588226318359375
0.640190601348877
0.38854625821113586
0.2538621425628662
0.2501335144042969
0.6194415092468262
0.23749525845050812
0.5957528352737427
0.32335904240608215
0.6695600748062134
0.3349393606185913
0.5393781661987305
0.5781258344650269
0.4223409593105316
0.5084465742111206
0.36036720871925354
0.23494116961956024
0.45138782262802124
0.5974047183990479
0.036776311695575714
0.22479653358459473
0.5678907632827759
0.3469131588935852
0.3106379508972168
0.4603242576122284
0.17974771559238434
0.4984489977359772
0.47820839285850525
0.3789713978767395
0.21314141154289246
0.4251999258995056
0.3943139612674713
0.1996864378452301
0.13718095421791077
0.6742451190948486
0.21316280961036682
0.4895148277282715
0.4274819493293762
0.25531917810440063
0.6191391944885254
0.394090861082077
0.29882949590682983
0.4380008280277252
0.10343220829963684
0.189852774143219
0.6461954116821289
0.06332674622535706
0.3976171910762787
0.5826997756958008
0.21723869442939758
0.5547619462013245
0.4676918685436249
0.16402502357959747
0.24139708280563354
0.3424530327320099
0.25439146161079407
0.17660477757453918
0.6874531507492065
0.2043088972568512
0.43166303634643555
0.6061466932296753
0.29888612031936646
0.3653232753276825
0.3062426745891571
0.2242881953716278
0.6165788173675537
0.12415426969528198
0.556909441947937
0.45935001969337463
0.4440920650959015
0.4849901497364044
0.6805630922317505
0.4634571373462677
0.3404601812362671
0.2250193953514099
-0.01387295126914978
0.6182742118835449
0.3905344009399414
0.4445355236530304
0.4723198711872101
0.5077656507492065
0.12644056975841522
0.40502244234085083
0.39837005734443665
0.4605982005596161
0.1607234627008438
0.33125850558280945
0.3765903115272522
0.3403589129447937
0.4605545103549957
0.2978692650794983
0.6431204080581665
0.6521817445755005
0.33397582173347473
0.4448036849498749
0.11055056005716324
0.08557937294244766
0.1977565735578537
0.2627350389957428
0.5802242755889893
0.4744907319545746
0.625475287437439
0.5713928937911987
0.2419382780790329
-0.01116904616355896
0.26893189549446106
0.384980708360672
0.2118847668170929
0.5347772240638733
0.26037102937698364
0.20401042699813843
0.45530006289482117
0.4026239216327667
0.2626075744628906
0.17305947840213776
0.46737220883369446
0.46516624093055725
0.3665808439254761
0.39242294430732727
0.5093740224838257
0.6307343244552612
0.019833937287330627
0.4128028452396393
0.5856660604476929
0.5071840882301331
0.27379459142684937
0.5789620876312256
0.314187228679657
0.2981231212615967
0.6176701784133911
0.26628896594047546
0.4287180006504059
0.1712949126958847
0.6412080526351929
0.5151541233062744
0.23194366693496704
0.6447011232376099
0.4939321279525757
0.40574732422828674
0.45459550619125366
0.34312739968299866
0.3630622625350952
0.4556984603404999
0.4713190495967865
0.18043655157089233
0.0683634877204895
0.5134567022323608
0.23480325937271118
0.3428240418434143
0.022673003375530243
0.39571496844291687
0.02475529909133911
0.22708633542060852
0.08975144475698471
0.6030991673469543
0.7223843336105347
0.6330492496490479
0.1358490139245987
0.6329046487808228
0.6567679643630981
0.4632246792316437
0.07480022311210632
0.5959514379501343
0.46005135774612427
0.428095281124115
0.32239624857902527
0.5410183668136597
0.15699711441993713
0.5037727355957031
0.25206536054611206
0.16776293516159058
0.5230515003204346
0.16705477237701416
0.5094075202941895
0.35622209310531616
0.23903870582580566
0.18611977994441986
0.6066534519195557
0.6225486397743225
0.16625820100307465
0.30710652470588684
0.46942803263664246
0.15748853981494904
0.2842346429824829
0.6448265314102173
0.6052064895629883
0.31484493613243103
0.25593605637550354
0.23053690791130066
0.09723532199859619
0.31264910101890564
0.44316524267196655
0.24287112057209015
0.31961145997047424
0.5870362520217896
0.617328405380249
0.44459792971611023
0.19804814457893372
0.3862154185771942
0.14064444601535797
0.50638747215271
0.01970343291759491
0.33011534810066223
0.19984498620033264
0.5134003162384033
0.3221811056137085
0.371346652507782
0.2519332766532898
0.5183694958686829
0.17861251533031464
0.4672218859195709
0.4284922778606415
0.11629010736942291
0.4648236632347107
0.5670270919799805
0.2723556160926819
0.4263506829738617
0.6811790466308594
0.06105937063694
0.5858614444732666
0.2233053296804428
0.09387338906526566
0.3678896725177765
0.34731632471084595
0.34870028495788574
0.4901432693004608
0.4109087288379669
0.11178704351186752
0.09757618606090546
0.5521429777145386
0.3079366683959961
0.18199360370635986
0.047596387565135956
0.3907758593559265
0.19896575808525085
0.31529417634010315
0.6411417722702026
0.0861518383026123
0.43045076727867126
0.14500325918197632
0.5475309491157532
0.39555874466896057
0.302563339471817
0.34810876846313477
0.5009807348251343
0.2170509248971939
0.28272825479507446
0.7107360363006592
0.31519490480422974
0.6294503211975098
0.6611005067825317
0.2202719897031784
0.2639338970184326
0.7061940431594849
0.3789765238761902
0.4281114637851715
0.14712288975715637
0.2445743978023529
0.42887598276138306
0.15211807191371918
0.3941073417663574
0.16802723705768585
0.25601622462272644
0.675841212272644
0.6030385494232178
0.09424109011888504
0.521323561668396
0.11981547623872757
0.4750134348869324
0.16711582243442535
0.4845738410949707
0.22167354822158813
0.45525702834129333
0.617611289024353
0.5593256950378418
0.4717007279396057
0.4009488821029663
0.4288773238658905
0.4193289279937744
0.3053245544433594
0.08014386892318726
0.5805578827857971
0.24105127155780792
0.5411194562911987
0.43549755215644836
0.6699873208999634
0.25774478912353516
0.1829625517129898
0.6530196666717529
0.4795028865337372
0.4502262771129608
0.20286303758621216
0.4830932915210724
0.37374043464660645
0.4890265166759491
0.4658679664134979
0.15979275107383728
0.652245044708252
0.12233938276767731
0.5454937219619751
0.36078938841819763
0.17143118381500244
0.28446143865585327
0.4868829846382141
0.40605446696281433
0.08259783685207367
0.17535682022571564
0.40981218218803406
0.4845122992992401
0.5608368515968323
0.2819833755493164
0.36375388503074646
0.4039190113544464
0.3202970623970032
0.3227008581161499
0.2975863814353943
0.6415972709655762
0.21329477429389954
0.6377206444740295
0.5348869562149048
0.29624101519584656
0.3647395372390747
0.5965170860290527
0.4673934876918793
0.34684503078460693
0.39726588129997253
0.2004043161869049
0.1756926327943802
0.010286092758178711
0.515769362449646
0.19953568279743195
0.478984534740448
0.4389038383960724
0.5219454765319824
0.2970958948135376
0.4641851782798767
0.6179976463317871
0.39895549416542053
0.2841911017894745
0.17692407965660095
0.4176577627658844
0.573390007019043
0.08529568463563919
0.046327874064445496
0.2656380832195282
0.38953110575675964
0.2675207555294037
0.5820131301879883
0.22943425178527832
0.33732467889785767
0.516035795211792
0.29434990882873535
0.43968304991722107
0.16567462682724
0.6233043670654297
0.37974053621292114
0.5798273682594299
0.3357466459274292
0.5385092496871948
0.5770398378372192
0.4845246970653534
0.42028114199638367
0.5462462306022644
0.4198201596736908
-0.014612957835197449
0.3382261395454407
0.2814202308654785
0.5856550931930542
0.3716912865638733
0.43492260575294495
0.6150124073028564
0.5965555906295776
0.6682207584381104
0.6258165240287781
0.5431734323501587
0.16481012105941772
0.6507241725921631
0.6087409257888794
0.10181380808353424
0.3168928623199463
0.6057902574539185
0.1779858022928238
0.6955251693725586
0.6089804172515869
0.5280182361602783
0.3768346905708313
0.29196691513061523
0.2152523696422577
0.4767203629016876
0.020704254508018494
0.6287796497344971
0.4588607847690582
0.28979453444480896
0.5208934545516968
0.48856285214424133
0.4991770088672638
0.39141520857810974
0.41500863432884216
0.6201308965682983
0.5165022611618042
0.4766187369823456
0.5544592142105103
0.4233348071575165
0.4281666576862335
0.6801497936248779
0.3317112326622009
0.45352819561958313
0.5089536905288696
0.3252842426300049
0.11967912316322327
0.5590494871139526
0.5462099313735962
0.3735114336013794
0.20262357592582703
0.5567418336868286
0.5702141523361206
0.6771280765533447
0.6179659366607666
0.4043426215648651
0.6675350666046143
0.5773270726203918
0.16526755690574646
0.5476399064064026
0.5361071825027466
0.39913690090179443
0.5958976745605469
0.2927345633506775
0.5956774353981018
0.3352876305580139
0.6085323095321655
0.02826884388923645
0.46151378750801086
0.4984608590602875
0.38892868161201477
0.610663890838623
0.5875774621963501
0.4791450798511505
0.6262555122375488
0.3781340718269348
0.575033962726593
0.6350248456001282
0.43723878264427185
0.520858645439148
0.1900242567062378
0.4431562125682831
0.4556914269924164
0.27966228127479553
0.2116527557373047
0.2927929162979126
0.30019235610961914
0.5375083684921265
0.495243102312088
0.4398220479488373
0.2575077414512634
0.358804851770401
-0.029371917247772217
0.2810106873512268
0.549498975276947
0.6395035982131958
0.5333425998687744
0.21406739950180054
0.5504946708679199
-0.016881227493286133
0.29525333642959595
0.45447248220443726
0.34848782420158386
0.6286017894744873
0.34148669242858887
0.5606371760368347
0.5774679183959961
0.29154354333877563
0.6183849573135376
0.513309121131897
0.24023839831352234
0.5901556015014648
0.8054404258728027
0.5181517601013184
0.1732855588197708
0.4345743954181671
0.4898003935813904
0.35761427879333496
0.06581799685955048
0.32566630840301514
0.25414639711380005
0.48910126090049744
0.5288019180297852
0.3629891872406006
0.4212079346179962
0.20130008459091187
0.24971696734428406
0.26167264580726624
0.33395594358444214
0.10059629380702972
0.21343585848808289
0.2916795015335083
0.7184327840805054
0.3003634810447693
0.48835501074790955
0.14082078635692596
0.524344801902771
0.5162689089775085
0.4199853837490082
0.355840802192688
0.6186890602111816
0.36012697219848633
0.7170171737670898
0.5658183097839355
0.4376644492149353
0.33085620403289795
0.3246910572052002
0.3438979387283325
0.436838299036026
0.05106130242347717
0.3565429449081421
0.60652756690979
0.6144809722900391
0.4545592963695526
0.47647079825401306
0.3290618062019348
0.20428261160850525
0.19174237549304962
0.4159923493862152
0.6322751045227051
0.29076647758483887
0.23837856948375702
0.5827447175979614
0.31007903814315796
0.4663184881210327
0.2839931845664978
0.4008233845233917
0.7296545505523682
0.15593788027763367
0.3539855182170868
0.2780027985572815
0.4354049265384674
0.27172666788101196
0.41700080037117004
0.5690732002258301
0.4516089856624603
0.44283539056777954
0.459110826253891
0.03587602823972702
0.4521206319332123
0.4310050904750824
0.21290194988250732
0.23607097566127777
0.6881982088088989
0.3918461799621582
-0.018346622586250305
0.2643934190273285
0.11323824524879456
0.10501512140035629
0.5456405878067017
0.062007248401641846
0.16883495450019836
0.32961249351501465
0.5982118248939514
0.6423615217208862
0.25757163763046265
0.22464275360107422
0.24187037348747253
0.4151632785797119
0.613423228263855
0.6518385410308838
0.18754354119300842
0.5417896509170532
0.43723785877227783
0.5506663918495178
0.2463293820619583
0.35479795932769775
0.5570931434631348
0.2412247657775879
0.7192306518554688
0.6267757415771484
0.38670969009399414
0.2043496072292328
0.5593106746673584
0.21195486187934875
0.16685466468334198
0.5841096639633179
0.5071486234664917
0.24053820967674255
0.2626015543937683
0.5804343819618225
0.6930505037307739
-0.009516641497612
0.31726258993148804
0.11520108580589294
0.6321960091590881
0.5706796050071716
0.18343892693519592
0.5416419506072998
0.21190549433231354
0.02834375947713852
-0.0264207124710083
0.5329740047454834
0.23978358507156372
0.24579086899757385
0.6278774738311768
0.553504228591919
0.49679848551750183
0.23290608823299408
0.24077633023262024
0.28938227891921997
0.4855163097381592
0.4997612237930298
0.4584774076938629
0.25762447714805603
0.3460657000541687
0.042215943336486816
0.3378243148326874
0.3657119870185852
0.13421529531478882
0.5069373250007629
0.5179617404937744
0.34494635462760925
0.255997896194458
0.5657999515533447
0.37541306018829346
0.5425410270690918
0.6493295431137085
0.5824416875839233
0.22668752074241638
0.4079349935054779
0.4986434280872345
0.6279611587524414
0.6833641529083252
0.23343858122825623
0.5239145755767822
-0.00240933895111084
0.19127653539180756
0.465178519487381
0.5566275119781494
0.30787062644958496
0.6257110834121704
0.22174952924251556
0.4572847783565521
0.4827808439731598
0.5600920915603638
0.6364238262176514
0.5107071399688721
0.5147396326065063
0.1556771844625473
0.34008145332336426
0.45298343896865845
0.24546924233436584
0.6384501457214355
0.6338356733322144
0.4276755750179291
0.23101909458637238
0.5801202058792114
0.6259142160415649
0.6669117212295532
0.1377239227294922
0.5374640226364136
0.6912665367126465
0.571790337562561
0.4152992367744446
0.5466885566711426
0.2666654586791992
0.30649951100349426
0.39633893966674805
0.5600192546844482
0.3840821385383606
0.11264441162347794
0.17374446988105774
0.49456897377967834
0.6115980744361877
0.2972339391708374
0.4204804301261902
0.1831074059009552
0.5016863942146301
0.4273563623428345
0.4971117079257965
0.29400214552879333
0.7310611009597778
0.36939263343811035
0.37189406156539917
0.32979732751846313
0.3107347786426544
0.46023187041282654
0.32755047082901
0.4346465766429901
0.15454860031604767
0.3701375424861908
0.4078820049762726
0.4545982778072357
0.2755536735057831
0.29086190462112427
0.46824201941490173
0.2440914511680603
0.30811744928359985
0.43564122915267944
0.24343499541282654
0.5232858657836914
0.3082314431667328
0.31323111057281494
0.5385510921478271
0.01809348165988922
0.5430752038955688
0.6725295782089233
0.4424416422843933
0.6827050447463989
0.3553054928779602
0.3323051631450653
0.36178240180015564
0.20233961939811707
0.4193230867385864
0.24607132375240326
0.5053939819335938
0.20248886942863464
0.5041916370391846
0.253040611743927
0.4987991750240326
0.5045675039291382
0.6374015808105469
0.6218283176422119
0.7329477071762085
0.2805943787097931
0.44182446599006653
0.3122798204421997
0.5501230955123901
0.25591620802879333
0.6053044199943542
0.36065933108329773
0.4917382001876831
0.26303213834762573
0.19646407663822174
0.3051788806915283
0.619279146194458
0.17554709315299988
0.36849355697631836
0.6327869296073914
0.4194270372390747
0.7349563837051392
0.7214524745941162
0.33853572607040405
0.5794782042503357
0.4234733283519745
0.42862316966056824
0.2456081211566925
0.5451415777206421
0.17702551186084747
0.5213007926940918
0.3683117926120758
0.3866027891635895
0.4126375615596771
0.5359208583831787
0.26309770345687866
0.49031510949134827
0.21288931369781494
0.6921623945236206
0.3098769783973694
0.38706129789352417
0.3632456660270691
0.233334481716156
0.5532253980636597
0.6075155735015869
0.19002306461334229
0.5500346422195435
0.3920377194881439
0.20485255122184753
0.44424426555633545
0.16215594112873077
0.6715685129165649
0.3295479118824005
0.38008973002433777
0.1851893812417984
0.5250226259231567
0.28229469060897827
0.10090815275907516
0.6397271156311035
0.6419696807861328
0.28191548585891724
0.3900640606880188
0.5117611885070801
0.3458126187324524
0.3594452142715454
0.5496201515197754
0.46739694476127625
0.038466908037662506
0.6295480132102966
0.5910795331001282
0.48520156741142273
0.3430142402648926
0.7112869024276733
0.20553596317768097
0.5620239973068237
0.7522879838943481
0.5037727355957031
0.32152390480041504
0.36635175347328186
0.3362448811531067
0.4941895008087158
0.650261402130127
0.581908106803894
0.22811143100261688
0.07394550740718842
0.19891299307346344
0.5315518975257874
0.6017597913742065
0.5257744789123535
0.2941230833530426
0.5917800664901733
0.6048324108123779
0.3399554491043091
0.5526466369628906
0.14274396002292633
0.2742694914340973
0.37215477228164673
0.6061046123504639
0.3872642517089844
0.4703819453716278
0.6756596565246582
0.42552778124809265
0.6153357028961182
0.2787240147590637
0.34607893228530884
0.15402111411094666
0.44216933846473694
0.2428700029850006
0.6167945861816406
0.25370272994041443
0.6450088024139404
0.23318251967430115
0.528956413269043
0.11878771334886551
0.5704588890075684
0.30916380882263184
0.2379799634218216
0.550715446472168
0.47472086548805237
0.6448814868927002
-0.08093267679214478
0.30057471990585327
0.45822659134864807
0.3850456178188324
0.35169535875320435
0.726421594619751
0.2201278656721115
0.5939173698425293
0.5495597124099731
0.6170229911804199
0.6132792234420776
0.5657494068145752
0.5637519359588623
-0.01619657874107361
0.11912047117948532
0.5130353569984436
0.25885850191116333
0.669268012046814
0.6353210210800171
0.6925148963928223
0.05860026180744171
0.493844598531723
0.19755740463733673
0.4217959940433502
0.3473745584487915
0.3972386419773102
0.6462690830230713
0.1707925796508789
0.6195043325424194
0.6449007987976074
0.3479444980621338
0.37802740931510925
0.3206027150154114
0.1639329046010971
0.519686222076416
0.35854044556617737
0.5636663436889648
0.536576509475708
0.27076834440231323
0.15193799138069153
0.31670671701431274
0.464664489030838
0.15639352798461914
0.5029255747795105
0.6798034906387329
0.33852747082710266
0.48538938164711
0.17485961318016052
0.426309734582901
0.4334910809993744
0.17363619804382324
0.31417369842529297
0.6734681129455566
0.6940406560897827
0.39758720993995667
0.2564007043838501
0.5322984457015991
0.5210065841674805
0.2537609338760376
0.5055502653121948
0.21008875966072083
0.09874242544174194
0.4315382242202759
0.5560088157653809
0.4239896535873413
0.23901668190956116
0.2619279623031616
0.20187073945999146
0.7143014669418335
0.36222708225250244
0.3148729205131531
0.33402320742607117
0.6136621236801147
0.18333443999290466
0.6316314935684204
0.27768030762672424
0.6049454212188721
0.2391703724861145
0.5002691745758057
0.2018827199935913
0.5835994482040405
0.34325969219207764
0.5658599138259888
0.1726991981267929
0.41547220945358276
0.7442431449890137
0.48732611536979675
0.6168026924133301
0.11601101607084274
0.2578328549861908
0.5410393476486206
0.08818033337593079
0.07385724782943726
0.2323647141456604
0.5803941488265991
0.4543382525444031
0.13488851487636566
0.47477686405181885
0.5616235733032227
0.35106417536735535
0.6325626373291016
0.3482729494571686
0.6410553455352783
0.4659688174724579
0.38343748450279236
0.5549852848052979
0.2749195098876953
0.4603641927242279
0.46954458951950073
0.29154178500175476
0.6437972784042358
0.6402294635772705
0.2184208780527115
0.6182376146316528
0.09484615921974182
0.12283527851104736
0.05548185855150223
0.24634794890880585
0.081988126039505
0.21752214431762695
0.66131591796875
0.23561759293079376
0.5094679594039917
0.5020217895507812
0.046062126755714417
0.5262731313705444
0.49800804257392883
0.46542075276374817
0.3744053840637207
0.4715036451816559
0.6705623865127563
0.33248960971832275
0.33680459856987
0.5929591059684753
0.48208555579185486
0.2276359498500824
0.41620251536369324
0.07988950610160828
0.30100440979003906
0.29828372597694397
0.6020076870918274
0.5542283654212952
0.3042433559894562
0.45282772183418274
0.3229222297668457
0.5799704790115356
0.16738605499267578
0.5799055695533752
0.427264004945755
0.15279996395111084
0.35396048426628113
0.5008779168128967
0.5467267036437988
0.6404368877410889
0.4578993320465088
0.39545130729675293
0.4580952525138855
0.198018878698349
0.3172283172607422
0.4475144147872925
0.30752047896385193
0.1612422913312912
0.5924123525619507
0.2947949767112732
0.1304546743631363
0.3499716818332672
0.3798353970050812
0.42871496081352234
0.5036899447441101
0.5136502981185913
0.5479695796966553
0.5928463935852051
0.17364726960659027
0.537458062171936
0.17658349871635437
0.2550412118434906
0.2508630156517029
0.5294442176818848
0.1776498705148697
0.4905617833137512
0.2479323148727417
0.39801716804504395
0.2575654685497284
0.6613134145736694
0.5023164749145508
0.4058540463447571
0.5186198949813843
0.6456390619277954
0.5154973268508911
0.416791707277298
0.43277987837791443
0.41776564717292786
0.1701386719942093
0.43347784876823425
0.44753924012184143
0.2968442142009735
0.22103068232536316
0.41802510619163513
0.13186505436897278
0.2357010692358017
0.536259651184082
0.4481096565723419
0.5192760229110718
0.27197617292404175
0.1380748748779297
0.5735613107681274
0.4748447835445404
0.5505677461624146
0.3618883788585663
0.3410317897796631
0.44921955466270447
0.6672877073287964
0.5489261150360107
0.4202093780040741
0.5772652626037598
0.16676869988441467
0.46635064482688904
0.5824803113937378
0.24431417882442474
0.4492990970611572
0.534945011138916
0.4341939091682434
0.3688562214374542
0.6751270294189453
0.429775208234787
0.3610912263393402
0.3721497654914856
0.19966726005077362
0.41522130370140076
0.14566171169281006
0.36776068806648254
0.5895963907241821
0.4336370527744293
0.45436474680900574
0.22262366116046906
0.24124589562416077
0.22733727097511292
0.5820262432098389
0.19163405895233154
0.20083537697792053
0.4668613374233246
0.26833826303482056
0.34654879570007324
0.6714552640914917
0.20778462290763855
0.4717216491699219
0.3356079161167145
0.2979784607887268
0.4836474657058716
0.6668210029602051
0.2543303966522217
0.5150423049926758
0.23328791558742523
0.22080467641353607
0.1571211963891983
0.548598051071167
0.6760678291320801
0.5749694108963013
0.39073723554611206
0.3084847033023834
0.6835086345672607
0.3938751518726349
0.18649105727672577
0.07158763706684113
0.20994114875793457
0.15390756726264954
0.6568056344985962
0.3660387396812439
0.17845958471298218
0.5237374305725098
0.28832441568374634
0.30994027853012085
0.5922484397888184
0.16897708177566528
0.5594726800918579
0.570298433303833
0.6066138744354248
0.2734370827674866
0.5596737265586853
0.47191500663757324
0.4835425913333893
0.04371876269578934
0.4845518171787262
0.4358406662940979
0.386946439743042
0.18698304891586304
0.362528920173645
0.566849410533905
0.24978786706924438
0.310031920671463
0.5135042667388916
0.43468520045280457
0.25431811809539795
0.2935008406639099
0.2303864061832428
0.5773241519927979
0.26956337690353394
0.22731167078018188
0.6714310646057129
0.2296222746372223
0.45311853289604187
0.15397194027900696
0.4414288401603699
0.6945265531539917
0.48748573660850525
0.27765193581581116
0.32749828696250916
0.004765242338180542
0.30777686834335327
0.35492274165153503
0.6192495822906494
0.24592094123363495
0.3184322118759155
0.5427096486091614
0.36675530672073364
-0.0638187825679779
0.5527927875518799
0.6021984815597534
0.6207314729690552
0.5270662903785706
0.16297858953475952
0.3229922652244568
0.33905336260795593
0.5984383821487427
0.4733627736568451
0.1521695852279663
0.30507007241249084
0.23898619413375854
0.6257092952728271
0.48258939385414124
0.2078481912612915
0.28880852460861206
0.324068546295166
0.5376342535018921
0.32736098766326904
0.16594749689102173
0.4246334731578827
0.3186073899269104
0.2585865259170532
0.5769355297088623
0.5613410472869873
0.26988327503204346
0.20581534504890442
0.49530577659606934
0.5663478374481201
0.49793362617492676
0.5797773599624634
0.5907586812973022
0.15919631719589233
0.39147332310676575
0.1380266696214676
0.28313231468200684
0.09900671243667603
0.6641967296600342
0.4795781075954437
0.553871750831604
0.6235787272453308
0.5146634578704834
0.2687873840332031
0.2578543424606323
0.12707245349884033
0.6455357074737549
0.3979876935482025
0.2954874038696289
0.6932653188705444
0.11299465596675873
0.34706947207450867
0.6473658084869385
0.43621090054512024
0.14215143024921417
0.10345026850700378
0.5433367490768433
0.4466879069805145
0.14109036326408386
0.5668880939483643
0.4762289822101593
0.5547034740447998
0.3321349620819092
0.27170872688293457
0.3724792003631592
0.5577876567840576
0.3329482674598694
0.16009758412837982
0.23275087773799896
0.42854663729667664
0.664075493812561
0.34444236755371094
0.7555594444274902
0.4089900553226471
0.6770844459533691
0.5619571208953857
0.16411671042442322
0.1328892707824707
0.29966866970062256
0.5119763612747192
0.47335973381996155
0.7461539506912231
0.39177611470222473
0.632235586643219
0.4945024847984314
0.10188992321491241
0.613188624382019
0.3545190393924713
0.07663150131702423
0.39702025055885315
0.40223512053489685
0.48509249091148376
0.22733135521411896
0.6476092338562012
0.34771203994750977
0.1735329031944275
0.13717688620090485
0.23902258276939392
0.512886106967926
0.35523438453674316
0.08537159860134125
0.4603181481361389
0.5175284147262573
0.5279772281646729
0.33794906735420227
0.5058989524841309
0.3688332736492157
0.1949964463710785
0.1550515741109848
0.33006858825683594
0.5111936330795288
0.07429386675357819
0.5492141246795654
0.4429062008857727
0.6842846870422363
0.6679311990737915
0.06331577897071838
0.4152158498764038
0.5496031045913696
0.6043387651443481
0.5029674768447876
0.42606320977211
0.3011195659637451
0.38266682624816895
0.42975255846977234
0.6187894344329834
0.5288753509521484
0.3073548376560211
0.5617220401763916
0.3294209837913513
0.4131048321723938
0.5946401357650757
0.26053422689437866
0.41210898756980896
0.6428499221801758
0.44665399193763733
0.2566276490688324
0.5527999401092529
0.27332600951194763
0.1436205953359604
0.6419450044631958
0.3669307231903076
0.23052062094211578
0.6443866491317749
0.3610698878765106
0.5154452323913574
0.7135512828826904
0.2964514493942261
0.5546108484268188
0.5077610611915588
0.5816367864608765
0.6397077441215515
0.581940770149231
0.4822331368923187
0.6032907962799072
0.6667883396148682
0.24218317866325378
0.4874938428401947
0.6439844369888306
0.5089403390884399
0.597272515296936
0.06674230098724365
0.5732442140579224
0.6105077266693115
0.30560174584388733
0.5807649493217468
0.6216540336608887
0.3905160129070282
0.22742486000061035
0.5219684839248657
0.6512306928634644
0.12806202471256256
0.16092529892921448
0.2987141013145447
0.3347112536430359
0.2711453437805176
0.1168220043182373
0.49071308970451355
0.6507354974746704
0.2605498731136322
0.30273717641830444
0.585803747177124
0.4938768446445465
0.5988264083862305
0.5784790515899658
0.6051532030105591
0.5712981820106506
0.2027546614408493
0.2658460736274719
0.2789520025253296
0.654876708984375
0.20565378665924072
0.5710170269012451
0.35186025500297546
0.11430346965789795
0.17315639555454254
0.5247715711593628
0.5154300928115845
0.6455338001251221
0.6183042526245117
0.4569505453109741
0.5447121858596802
0.1965109407901764
0.5274741649627686
0.4643334150314331
0.5488362312316895
0.4277358949184418
0.4215395748615265
0.6876691579818726
0.6946806907653809
0.3078995943069458
0.2928605377674103
0.35775870084762573
0.24893680214881897
0.45429494976997375
0.4681585729122162
0.5590189695358276
0.2973482608795166
0.22643020749092102
0.5182282328605652
0.6370985507965088
0.5635838508605957
0.1542828232049942
0.4689176082611084
0.21465659141540527
0.6446926593780518
0.3485153019428253
0.13849429786205292
0.4303276836872101
0.6225192546844482
0.3655470609664917
0.09303946793079376
0.30128753185272217
0.36723577976226807
0.477774977684021
0.17698028683662415
0.27576160430908203
0.2970133423805237
0.5186550617218018
0.3621811270713806
0.3387477397918701
0.607046365737915
0.5338049530982971
0.6830260753631592
0.01527547836303711
0.5121564865112305
0.07060787081718445
0.6098698377609253
0.6339973211288452
0.48339399695396423
0.23603519797325134
0.3858945965766907
0.057973623275756836
0.14797982573509216
0.12410742044448853
0.15543605387210846
0.19452965259552002
0.2398746907711029
0.5699338912963867
0.4416094422340393
0.5390491485595703
0.6715888977050781
0.4823010265827179
0.44226887822151184
0.26877081394195557
0.6038445234298706
0.4385751187801361
0.535480260848999
0.350363165140152
0.49927958846092224
0.3505188226699829
0.5446317195892334
0.48962336778640747
0.5906233787536621
0.234595388174057
0.2587105929851532
0.23797869682312012
0.49223563075065613
0.619460940361023
0.33378323912620544
0.14383837580680847
0.3464622497558594
0.19785523414611816
0.5781866312026978
0.4007490277290344
0.37457042932510376
0.3908856511116028
0.4530900716781616
0.0768394023180008
0.5311292409896851
0.403184175491333
0.2614516317844391
0.5706180334091187
0.5219659805297852
0.5985764265060425
0.6434987783432007
0.41466549038887024
0.17100144922733307
0.20300912857055664
0.28729891777038574
0.4199415147304535
0.7065252065658569
0.43301406502723694
0.2113005518913269
0.5875170230865479
0.5439101457595825
0.4174327850341797
0.554015040397644
0.11001579463481903
0.3140995502471924
0.2530733346939087
0.5734636783599854
0.43076255917549133
0.20543771982192993
0.42322373390197754
0.4860071837902069
0.6078022718429565
0.28597646951675415
0.5596921443939209
0.339663028717041
0.5955349206924438
0.24738231301307678
0.19942525029182434
0.17203254997730255
0.09890317916870117
0.5945717096328735
0.2425992786884308
0.3542676270008087
0.31396523118019104
0.2851848006248474
0.35617440938949585
0.24631287157535553
0.5162377953529358
0.46119487285614014
0.5883899927139282
0.627887487411499
0.5280117988586426
0.1725323498249054
0.5924037098884583
0.1449912041425705
0.17659783363342285
0.5437049269676208
0.24453283846378326
0.5867459177970886
0.4293535649776459
0.5806910395622253
0.3457905650138855
0.4485428035259247
0.46648702025413513
0.321160227060318
0.4089173376560211
0.669238805770874
0.11653851717710495
0.33270013332366943
0.6156322956085205
0.2910865545272827
0.5296649932861328
0.5929980278015137
0.6239669322967529
0.2866188883781433
0.5232185125350952
0.5870052576065063
0.11906882375478745
0.5869460701942444
0.21137501299381256
0.3442058861255646
0.33955124020576477
0.3196248412132263
0.2252463400363922
0.5793440341949463
0.22470790147781372
0.569914698600769
0.2821645736694336
0.5654186010360718
0.2310212254524231
0.30262085795402527
0.6733430624008179
0.4869670867919922
0.6263260841369629
0.6200814247131348
0.3986167907714844
0.5480866432189941
0.3408223092556
0.5350856781005859
0.6544747352600098
0.5488312840461731
0.21627777814865112
0.221732959151268
0.16585205495357513
0.28860199451446533
0.7164942026138306
0.6126090288162231
0.6713647842407227
0.39756226539611816
0.3145802617073059
0.48024532198905945
0.6534473896026611
0.6557611227035522
0.5055423974990845
0.4478505253791809
0.5879907608032227
0.21241608262062073
0.29854682087898254
0.29743820428848267
0.4922870695590973
0.5953719615936279
0.3518110513687134
0.4237934648990631
0.23669907450675964
0.5923292636871338
0.41497159004211426
0.4146616756916046
0.36831796169281006
0.47601282596588135
0.39852115511894226
0.1177065446972847
0.49640554189682007
0.53780198097229
0.6431821584701538
0.2759714126586914
0.49194562435150146
0.5531982779502869
0.5187684297561646
0.5122209787368774
0.5081202983856201
0.24046775698661804
0.6340930461883545
0.5086526870727539
0.3567357063293457
0.19128504395484924
0.4801632761955261
0.45585495233535767
0.3264639377593994
0.24533876776695251
0.5536174774169922
0.6209548711776733
0.29774630069732666
0.23080171644687653
0.384851336479187
0.17018508911132812
0.5182861089706421
0.5744411945343018
0.4727196991443634
0.49866509437561035
0.19461531937122345
0.28398093581199646
0.04437720775604248
0.2731630206108093
0.4471793472766876
0.5355395078659058
0.08688059449195862
0.3004106879234314
0.4066287875175476
0.6106472015380859
0.1948673129081726
0.5924923419952393
0.16964378952980042
0.31737396121025085
0.5682857632637024
0.6189989447593689
0.40645280480384827
0.23333847522735596
0.3970569670200348
0.296631395816803
0.36463508009910583
0.4627394676208496
0.35101407766342163
0.597381591796875
0.5519393682479858
0.37221866846084595
0.3901219367980957
0.34954267740249634
0.4382973611354828
0.7353618144989014
0.5944652557373047
0.34207865595817566
0.31377172470092773
0.2781628370285034
0.5363211631774902
0.23878584802150726
0.17811712622642517
0.6126607656478882
0.30605143308639526
0.47382763028144836
0.5106241106987
0.5577217936515808
0.5129661560058594
0.2384503185749054
0.45995497703552246
0.3161199390888214
0.42018622159957886
0.519528865814209
0.6574267148971558
0.38619911670684814
0.36118966341018677
0.5014894008636475
0.5476436614990234
0.5537429451942444
0.5150051116943359
0.23362129926681519
0.24035164713859558
0.5962251424789429
0.4538293778896332
0.22135114669799805
0.15895333886146545
0.40657785534858704
0.4283405840396881
0.5161458253860474
0.20374703407287598
0.3867613971233368
0.41291287541389465
0.4679006040096283
0.4888518154621124
0.48891353607177734
0.35809656977653503
0.2733062505722046
0.5158460736274719
0.5686438083648682
0.665135383605957
0.41039085388183594
0.5472848415374756
0.17207106947898865
0.1327419877052307
0.5948535203933716
0.3438413739204407
0.09480893611907959
0.17131635546684265
0.14175823330879211
0.6257474422454834
0.26065659523010254
0.6932651996612549
0.5452548265457153
0.1707487255334854
0.19257482886314392
0.656946063041687
0.6383398175239563
0.4541133940219879
0.5233134031295776
0.46990281343460083
0.6568726301193237
0.7107396125793457
0.1951221376657486
0.6099473237991333
0.315887451171875
0.25450074672698975
0.08534113317728043
0.5557116270065308
0.45882081985473633
0.6172094345092773
0.5770879983901978
0.3142649531364441
0.207802414894104
0.5853220224380493
0.2199963927268982
0.5514236688613892
0.3352091908454895
0.12381044030189514
0.6106703281402588
0.49739786982536316
0.5230693817138672
0.30499041080474854
0.44392892718315125
0.3382783830165863
0.4933501183986664
0.20145206153392792
0.6867839097976685
0.30490103363990784
0.4103045165538788
0.628009557723999
0.5246312618255615
0.5365403890609741
0.5506637096405029
0.6620825529098511
0.24597397446632385
0.4919331967830658
0.6093900203704834
0.5679987668991089
0.2768574357032776
0.40435320138931274
0.297006756067276
0.36731332540512085
0.6850383281707764
0.24568964540958405
0.14210964739322662
0.4731837809085846
0.5773054361343384
0.17103438079357147
0.18117156624794006
0.6560981273651123
0.24224282801151276
0.48287147283554077
0.29615023732185364
0.5877828598022461
0.21824362874031067
0.46287986636161804
0.5392588973045349
0.534246563911438
0.5131770372390747
0.6316088438034058
0.5299667716026306
0.40596091747283936
0.563024640083313
0.5399070978164673
0.4062824249267578
0.5377683639526367
0.33668452501296997
0.5625287294387817
0.1154559925198555
0.7366195917129517
0.006710141897201538
0.22529354691505432
0.1414523720741272
0.3176565170288086
0.3027791678905487
0.27330976724624634
0.512466311454773
0.5434237718582153
0.36786559224128723
0.4459956884384155
0.15894824266433716
0.5039587020874023
0.5209130644798279
0.4459085762500763
0.3208484351634979
0.2762300968170166
0.6406461000442505
0.45775270462036133
0.36195266246795654
0.718431830406189
0.3882771134376526
0.51519775390625
0.20603783428668976
0.28085917234420776
0.42678317427635193
0.676538348197937
0.4835253357887268
0.08809217810630798
0.421026349067688
-0.029798999428749084
0.46447351574897766
0.29292353987693787
0.4483756721019745
0.49470260739326477
0.26339229941368103
0.4190775156021118
0.5403855443000793
0.15561462938785553
0.351917564868927
0.5174610614776611
0.4556324779987335
0.17870092391967773
0.5710669755935669
0.4637618362903595
0.18753710389137268
0.21920521557331085
0.3308942914009094
0.39812713861465454
0.6728966236114502
0.5231410264968872
0.3168780505657196
0.4832310974597931
0.23777562379837036
0.589163064956665
0.37275123596191406
0.43786218762397766
0.45201483368873596
0.3469923734664917
0.2574537694454193
0.6762446165084839
0.4217098653316498
0.10748261213302612
0.4166705310344696
0.67928147315979
0.3170062005519867
0.4309132993221283
0.1326744258403778
0.5019272565841675
0.4981895387172699
0.3432997465133667
0.2713238596916199
0.3004053235054016
0.33528757095336914
0.387984037399292
0.2443723976612091
0.3639524579048157
0.5760293006896973
0.36961787939071655
0.05362848937511444
0.5331459045410156
0.09130041301250458
0.3043111264705658
0.16429826617240906
0.5780521631240845
0.515267014503479
0.36899352073669434
0.33798882365226746
0.3402674198150635
0.3771747648715973
0.49470603466033936
0.25182533264160156
-0.02844412624835968
0.4856736660003662
0.4847995340824127
0.12832583487033844
0.3281651437282562
0.4471217691898346
0.3535250425338745
0.4053846299648285
0.27513206005096436
0.330444872379303
0.4292343258857727
0.652012825012207
0.09151767194271088
0.5328816175460815
0.28859585523605347
0.5383740067481995
0.7098286151885986
0.44107797741889954
0.3621813654899597
0.15471680462360382
0.5447530746459961
0.5908830165863037
0.35378557443618774
0.17675673961639404
0.5509109497070312
0.25898313522338867
0.01586434245109558
0.6137639880180359
0.6135693788528442
0.22595719993114471
0.35647445917129517
0.6407595872879028
0.47854912281036377
0.5932614803314209
0.27961796522140503
0.52741938829422
0.6349105834960938
0.5464775562286377
0.49621787667274475
0.5842045545578003
0.2565402686595917
0.4630014896392822
0.15198177099227905
0.38750937581062317
0.5653384923934937
0.5021504163742065
0.5788279175758362
-0.04767541587352753
0.015318304300308228
0.41945645213127136
0.3517436981201172
0.6020786166191101
0.6373535394668579
0.596043586730957
0.17156124114990234
0.6150410175323486
0.2304307222366333
0.6890003681182861
0.5328183174133301
0.5989190936088562
0.43794581294059753
0.2662474811077118
0.6221204996109009
0.11387306451797485
0.5211577415466309
0.3971616327762604
0.2444382905960083
-0.019299060106277466
0.2659321427345276
0.33032017946243286
0.14445039629936218
0.30434173345565796
0.1936989277601242
0.16899819672107697
0.49950990080833435
0.6800316572189331
0.30671006441116333
0.25492990016937256
0.3722688555717468
0.6838903427124023
0.4478420317173004
0.21503493189811707
0.4854017198085785
0.3534727990627289
0.6395061016082764
0.7158259153366089
0.21751521527767181
0.003706037998199463
0.5935090780258179
0.4516032636165619
0.539875864982605
0.34511300921440125
0.5183607339859009
0.3042927086353302
0.362335205078125
0.30416053533554077
0.6408517360687256
0.6720967292785645
0.516309380531311
0.21417400240898132
0.21867682039737701
0.4271506071090698
0.3078354597091675
0.1220095157623291
0.729590892791748
0.18159297108650208
0.4337943196296692
0.03237712383270264
0.6303616762161255
0.3828833997249603
0.25127097964286804
0.20491249859333038
0.5623430013656616
0.5128586292266846
0.19502179324626923
0.2235216349363327
0.3947553038597107
0.4604939818382263
0.6173244714736938
-0.030138030648231506
0.1561894714832306
0.489673912525177
0.6353696584701538
0.36259955167770386
0.1498253345489502
0.24813632667064667
0.3212416172027588
0.38493967056274414
0.3873560428619385
0.1587418168783188
0.3208419680595398
0.513306736946106
0.4390242099761963
0.21132737398147583
0.5097166299819946
0.5850552320480347
0.48711928725242615
0.2134251445531845
0.5870521068572998
0.7188670635223389
0.25190091133117676
0.2905140817165375
0.6001948714256287
0.5091928243637085
0.2658819556236267
0.2947993576526642
0.45498499274253845
0.3901920020580292
0.5949631929397583
0.42283904552459717
0.30147218704223633
0.1236991360783577
0.1344541311264038
0.3167981803417206
0.539976954460144
0.3329616189002991
0.4914241135120392
0.057836465537548065
0.49816933274269104
0.16277113556861877
0.13465140759944916
0.6144749522209167
0.42446890473365784
0.41389578580856323
0.46456605195999146
0.6533759832382202
0.5771486759185791
0.3913401961326599
-0.10156688094139099
0.1909741461277008
0.26509231328964233
0.5734200477600098
-0.028031736612319946
0.5218433141708374
0.48773834109306335
0.34023547172546387
0.48885348439216614
0.3136568069458008
0.33437466621398926
0.43574342131614685
0.5724713206291199
0.60265052318573
0.22830107808113098
0.5852006673812866
0.5352734923362732
0.3503328859806061
0.32525205612182617
0.23736992478370667
0.4944706857204437
0.48434892296791077
0.20168888568878174
0.28325700759887695
0.436542272567749
0.5226325988769531
0.42220014333724976
0.35067272186279297
0.3271838426589966
0.3461816906929016
0.4865770637989044
0.3270364999771118
0.131513774394989
0.4932904541492462
0.20747670531272888
0.6907110214233398
0.5417189598083496
0.3430479168891907
0.557476282119751
0.5160444974899292
0.39858007431030273
0.6151385307312012
0.5552263259887695
-0.012378200888633728
0.5975625514984131
0.3188856244087219
0.3091450035572052
0.46718135476112366
0.17669269442558289
0.5143401622772217
-0.011545509099960327
0.5286144018173218
0.40509429574012756
0.4569958746433258
0.5191066265106201
0.5983703136444092
0.24831895530223846
0.4271332919597626
0.22940531373023987
0.5947839021682739
0.6391253471374512
0.7103180885314941
0.4099404513835907
0.5738997459411621
0.6155770421028137
-0.015730470418930054
0.5200940370559692
0.16481512784957886
0.5012967586517334
0.17712505161762238
0.33759525418281555
0.4420812427997589
0.5285232067108154
0.5876364707946777
0.5722850561141968
0.21788033843040466
0.45363834500312805
0.21966160833835602
0.17500564455986023
0.6318421363830566
0.5752379894256592
0.5404578447341919
0.31634998321533203
0.4356795847415924
0.3735046684741974
0.5589187741279602
0.314833402633667
0.4089043140411377
0.4591297209262848
0.5259764194488525
0.3017774224281311
0.2901093661785126
0.5974081754684448
0.340664267539978
0.2458152025938034
0.5767537355422974
0.5431637763977051
0.5708936452865601
0.6664857864379883
0.6212079524993896
0.6823915243148804
0.16579100489616394
0.1969623863697052
0.4786652624607086
0.33146581053733826
0.6561062335968018
0.636259138584137
0.2591368556022644
0.46338269114494324
0.32142138481140137
0.321388840675354
0.5304899215698242
0.1764976978302002
0.7360113859176636
0.6949945688247681
0.1795620322227478
0.5901631116867065
0.2555123567581177
0.3315103352069855
0.40930846333503723
0.38763484358787537
0.42299094796180725
0.41097038984298706
0.02766817808151245
0.47533416748046875
0.447400838136673
0.5808864831924438
0.47419273853302
0.22813725471496582
0.14774081110954285
0.2110723853111267
0.5641926527023315
0.5461258888244629
0.6283977031707764
0.5372662544250488
0.3581398129463196
0.3235671818256378
0.4131413400173187
0.25403377413749695
0.312889039516449
0.5154803991317749
0.43402841687202454
0.32545551657676697
0.6198751926422119
0.5872740745544434
0.6350799798965454
0.4762493968009949
0.6572686433792114
0.24287822842597961
0.3704148232936859
0.39128509163856506
0.48704245686531067
0.37192344665527344
0.3918461799621582
0.5214419364929199
0.5060656070709229
0.6271774768829346
0.5675206184387207
0.28516438603401184
0.3263965845108032
0.47585511207580566
0.13988813757896423
0.513131856918335
0.41860231757164
0.4495536684989929
0.5286424160003662
0.37750446796417236
0.4733034074306488
0.3182879090309143
0.27339744567871094
0.48193082213401794
0.6109892725944519
0.09060100466012955
0.45732608437538147
0.4669440686702728
0.49045369029045105
0.5575326681137085
0.21402710676193237
0.6797769069671631
0.510782778263092
0.2730010747909546
0.5738781690597534
0.6894015073776245
0.6164770722389221
0.410464346408844
0.5968562960624695
0.6352304220199585
0.18470042943954468
0.565448522567749
0.41259631514549255
0.4898243844509125
0.28773587942123413
0.6702606678009033
0.3337433934211731
0.2251882404088974
0.604202926158905
0.34907659888267517
0.5952898859977722
0.24860255420207977
0.6006861925125122
0.21667452156543732
0.6325860619544983
0.25836026668548584
0.49700483679771423
0.38691025972366333
0.34322869777679443
0.5507545471191406
0.27791503071784973
0.043786704540252686
0.5206174850463867
0.5971311330795288
0.6486960649490356
0.5007575750350952
0.2499620020389557
0.6289128065109253
0.37154802680015564
0.2301103174686432
0.5534876585006714
0.10931331664323807
0.6105871796607971
0.5417072772979736
0.6071285009384155
0.47075513005256653
0.1121787279844284
0.13443586230278015
0.5042275190353394
0.44822564721107483
0.6199251413345337
0.599677324295044
0.5130102634429932
0.21096712350845337
0.294013649225235
0.4427458941936493
0.5943478345870972
0.257244348526001
0.5581179857254028
0.6277445554733276
0.5557259321212769
0.1616002768278122
0.3462388515472412
0.6736644506454468
0.04253402352333069
0.1534113734960556
0.23122954368591309
0.3887993395328522
0.26850414276123047
0.5558433532714844
0.4782794117927551
0.507666289806366
0.412061482667923
0.6067088842391968
0.5139318108558655
0.5276715755462646
0.3266790807247162
0.22951923310756683
0.5552365779876709
0.3228151500225067
0.40711137652397156
0.3410770893096924
0.32335084676742554
0.507061243057251
0.6241062879562378
0.30737999081611633
0.18049269914627075
0.3262942433357239
0.4574356973171234
0.6557847261428833
0.5162093043327332
0.3444095849990845
0.5388146638870239
0.49312788248062134
0.06450754404067993
0.5228843092918396
0.2800038754940033
0.278370201587677
0.4848778545856476
0.5522140264511108
0.38922956585884094
0.6633907556533813
0.19706332683563232
0.2614198625087738
0.3466019928455353
0.33458247780799866
0.3162534832954407
0.4391547739505768
0.4614008367061615
0.30208855867385864
0.3322765827178955
0.4024248421192169
0.09820635616779327
0.3240876793861389
0.4297322928905487
0.5918798446655273
0.3080427646636963
0.4499473571777344
0.5324451923370361
0.4322851598262787
0.38178107142448425
0.596411943435669
0.4237428307533264
0.7105345726013184
0.599863588809967
0.2710806131362915
0.4937076270580292
0.2373845875263214
0.3550660014152527
0.4320225715637207
0.28441333770751953
0.6621415615081787
0.15176793932914734
0.5937644243240356
0.375502347946167
0.3605443239212036
0.3616061210632324
0.5513432025909424
0.48306596279144287
0.44738540053367615
0.5255220532417297
0.30406296253204346
0.454620361328125
0.4541945159435272
-0.0222509503364563
0.2477671355009079
0.6111016273498535
0.12313618510961533
0.26999810338020325
0.2044680416584015
0.20544317364692688
0.10563232004642487
0.6967045068740845
0.4131520688533783
0.16365602612495422
0.25055456161499023
0.5166783332824707
0.5200945138931274
0.4489668011665344
0.22997131943702698
0.3871001899242401
0.23801620304584503
0.6082572937011719
0.3065141439437866
0.5165937542915344
0.5442955493927002
0.2968621253967285
0.4853304624557495
0.30474328994750977
0.4681312143802643
0.22806480526924133
0.5539834499359131
0.5518125295639038
0.2688554525375366
0.5842753052711487
0.48854318261146545
0.5707501173019409
0.7136880159378052
0.3953174948692322
0.6834962368011475
0.34754127264022827
0.29861247539520264
0.28300154209136963
0.43718358874320984
0.4952617883682251
0.22599563002586365
0.3225545883178711
0.4495582580566406
0.3278443217277527
0.4044455289840698
0.5636124610900879
0.5410146713256836
0.09510639309883118
0.4532778561115265
0.16749468445777893
0.18152765929698944
0.4423966407775879
0.5160773992538452
0.7125380039215088
0.36899328231811523
0.3152846693992615
0.47355347871780396
0.2920273542404175
0.6410577297210693
0.6062593460083008
0.5595980882644653
0.2359832525253296
0.17730452120304108
0.3775707185268402
0.6090844869613647
0.3090893626213074
0.5543817281723022
0.48870447278022766
0.4842458963394165
0.14719630777835846
0.6346619129180908
0.19715389609336853
0.5686543583869934
0.231176495552063
0.48407986760139465
0.3129619359970093
0.6674827337265015
0.36149269342422485
0.5456821918487549
0.554911732673645
0.598946213722229
0.44805312156677246
0.5792133808135986
0.36462393403053284
0.6316936016082764
0.5280337333679199
0.4628964066505432
0.4293263256549835
-0.0023090243339538574
0.6051232814788818
0.44697991013526917
0.5743851661682129
0.3383501172065735
0.5840705633163452
0.3315877318382263
0.4674571752548218
0.46036988496780396
0.41174736618995667
0.5081850290298462
0.35468217730522156
0.7522377967834473
0.5317747592926025
0.3011121153831482
0.47261813282966614
0.500231146812439
0.4020141661167145
0.5697882175445557
0.35464683175086975
0.25468042492866516
0.6117160320281982
0.4415327310562134
0.4579888880252838
0.4991333484649658
0.04242837429046631
0.26068201661109924
0.666606068611145
0.28542762994766235
0.5692346096038818
0.3251102566719055
0.3905635178089142
0.47524383664131165
0.6404167413711548
0.5473840832710266
0.5113101005554199
0.3396950960159302
0.39847704768180847
0.10965123772621155
0.4829818904399872
0.5925434827804565
0.5238842964172363
0.349124014377594
0.5302726030349731
0.4938820004463196
0.5119441747665405
0.4464900493621826
0.25711965560913086
0.30001121759414673
0.46908390522003174
0.6067849397659302
0.6495100259780884
0.636338472366333
0.648127555847168
0.40095365047454834
0.4260863959789276
0.20348499715328217
0.6689426898956299
0.5226306915283203
0.45125463604927063
0.6082354784011841
0.2516343891620636
0.4705906808376312
0.39147767424583435
0.5404958724975586
0.5930476188659668
0.35511982440948486
0.5558706521987915
0.15728476643562317
0.4310563802719116
0.5873994827270508
0.3253895044326782
0.5572881698608398
0.4421427547931671
0.627588152885437
0.523454487323761
0.31723523139953613
0.2577231526374817
0.4240511953830719
0.1916191279888153
0.39237719774246216
0.36720699071884155
0.5990304946899414
0.5502496957778931
0.1836165487766266
0.4732445478439331
0.5622416734695435
0.6200580596923828
0.448438435792923
0.6699502468109131
0.28782743215560913
0.2562703788280487
0.6155409812927246
0.5910698175430298
0.2740958631038666
0.2619756758213043
-0.03049132227897644
0.3106600344181061
0.46161237359046936
0.4153384268283844
0.32697761058807373
0.23412662744522095
0.5211105346679688
0.3429141044616699
0.44755539298057556
0.4244391620159149
0.4547118842601776
0.4581792950630188
0.4901845157146454
0.30513709783554077
0.4207428991794586
0.2695997357368469
0.16368268430233002
0.18373438715934753
0.22070717811584473
0.20576848089694977
0.478374183177948
0.4814351797103882
0.38538843393325806
0.3711385726928711
0.3334272801876068
0.08875897526741028
0.26921403408050537
0.6168047189712524
0.6050325632095337
0.35103482007980347
0.42546138167381287
0.6736310720443726
0.27440062165260315
0.6175236701965332
0.15917181968688965
0.2769206166267395
0.24854686856269836
0.45655083656311035
0.46276411414146423
0.29059597849845886
0.45445263385772705
0.3867727518081665
0.5164846181869507
0.29075103998184204
0.3829624652862549
0.27379608154296875
0.5716302394866943
0.5405173301696777
0.4353777766227722
0.22456040978431702
0.26325201988220215
0.6425604820251465
0.5052720308303833
0.659684419631958
0.2963913083076477
0.5848273038864136
0.6227015256881714
0.5173226594924927
0.17882098257541656
0.22924727201461792
0.2504229247570038
0.5410412549972534
0.5509771108627319
0.4745532274246216
0.3804360628128052
0.446958988904953
0.2961859703063965
0.6234378814697266
0.5855343341827393
0.5045450925827026
0.6564689874649048
0.37036463618278503
0.4988097846508026
0.21794575452804565
0.30636197328567505
0.6772018671035767
0.5176793336868286
0.3620709478855133
0.5739805698394775
0.6297999620437622
0.2704797387123108
0.2816481590270996
0.5399359464645386
0.2181462049484253
0.5249569416046143
0.47880592942237854
-0.022175714373588562
0.31925907731056213
0.5454525947570801
0.2002309262752533
0.6288628578186035
0.4211384057998657
0.2590944468975067
0.3409852683544159
0.5615344643592834
0.400549978017807
0.3681119680404663
0.289536714553833
0.5934463739395142
0.2433052361011505
0.5431950688362122
0.4917425215244293
0.21998348832130432
0.37767818570137024
0.49946480989456177
0.34220582246780396
0.5213576555252075
0.2871572971343994
0.39936646819114685
0.5505681037902832
0.5365526676177979
0.37383174896240234
0.35443824529647827
0.2641826272010803
0.38265717029571533
0.6456499099731445
0.7299063205718994
0.17400002479553223
0.6157314777374268
0.345566987991333
0.37141501903533936
0.6044657230377197
0.46703699231147766
0.38567909598350525
0.35425934195518494
0.42673441767692566
0.5436078906059265
0.6491255760192871
0.2665998339653015
0.13232538104057312
0.6925996541976929
0.6116753816604614
0.5289053916931152
0.5284731388092041
0.5704822540283203
0.6182248592376709
0.6275922060012817
0.5136768221855164
0.3806748688220978
0.4851224720478058
0.6534688472747803
0.5112807750701904
0.5720851421356201
0.49559471011161804
0.30182480812072754
0.6169562935829163
0.49703070521354675
0.39191606640815735
0.5596420764923096
0.5842694044113159
0.18373188376426697
0.15695218741893768
0.4508310854434967
0.1736210584640503
0.5145031809806824
0.06598317623138428
0.3085177540779114
0.5915006399154663
0.2536170780658722
0.32185232639312744
0.2754165530204773
0.389638215303421
0.6332589387893677
0.16069036722183228
0.36125683784484863
0.7126531600952148
-0.005233734846115112
0.48479780554771423
0.560747504234314
0.3828745484352112
0.4205688536167145
0.6477415561676025
0.4196832776069641
0.338126540184021
0.6623873710632324
0.3254384994506836
0.28560787439346313
0.5418007373809814
0.688249945640564
0.20206964015960693
0.3678458333015442
0.5225054025650024
0.4707986116409302
0.640853762626648
0.7221872806549072
0.4629651606082916
0.5097924470901489
0.5421262979507446
0.3979964852333069
0.44254255294799805
-0.001881435513496399
0.3341026306152344
0.5480880737304688
-0.01823747158050537
0.3956317901611328
0.13203226029872894
0.16246452927589417
0.4900785982608795
0.3825111985206604
0.25506263971328735
0.29653871059417725
0.6761834621429443
0.6143333911895752
0.6102997064590454
0.23675623536109924
0.1614174246788025
0.024293944239616394
0.4391477406024933
0.4819023311138153
0.36336907744407654
0.2367447167634964
0.5014746189117432
0.5361260175704956
0.13970601558685303
0.6100870370864868
0.24264764785766602
0.34682872891426086
0.4982602298259735
0.5012454390525818
0.23911240696907043
0.6143410205841064
0.12116148322820663
-0.027183905243873596
0.5996524095535278
0.005088731646537781
0.16616852581501007
0.5737358927726746
0.3676091730594635
0.09262266755104065
0.20996758341789246
0.35657966136932373
0.6620843410491943
0.6732567548751831
0.597173810005188
0.35597798228263855
0.19837598502635956
0.5858422517776489
0.5207885503768921
0.24398714303970337
0.5454179048538208
0.5138136148452759
0.5607080459594727
0.17876935005187988
0.6049818992614746
0.530143141746521
0.23942172527313232
0.12833651900291443
0.2648853063583374
0.19434282183647156
0.6219916343688965
0.6590197086334229
0.6781607866287231
0.5071872472763062
0.5037784576416016
0.2410297691822052
0.5219264626502991
0.5616984367370605
0.4052695333957672
0.6477160453796387
0.7448993921279907
0.2862003743648529
0.10401199012994766
0.2814503312110901
0.11928948014974594
0.5035448670387268
0.5918188095092773
0.49589723348617554
0.320392906665802
0.023603521287441254
0.19452202320098877
0.19217853248119354
0.6707680225372314
0.22404736280441284
0.21709871292114258
-0.02807249128818512
0.5904242992401123
0.3341347575187683
0.1550901234149933
0.15783259272575378
0.566554844379425
0.2326376587152481
0.440569132566452
0.5422446727752686
0.15284976363182068
0.2421763390302658
0.011855602264404297
0.1881006360054016
0.6005879640579224
0.3576664924621582
0.1970459222793579
0.5662693381309509
0.33632999658584595
0.5207192897796631
0.6291211843490601
0.23856626451015472
0.5623996257781982
0.5542367696762085
0.5082588195800781
0.3379218280315399
0.23670487105846405
0.19498863816261292
0.5036606788635254
0.5891222953796387
0.1636047512292862
0.21965132653713226
0.5651421546936035
0.21853342652320862
0.5472859144210815
0.5020943880081177
0.3838454484939575
0.40837764739990234
0.6122788190841675
0.42818698287010193
0.39542290568351746
0.2171444594860077
0.5504717826843262
0.3942256271839142
0.442823201417923
0.3227458596229553
0.576423168182373
0.25276777148246765
0.029548853635787964
0.43910983204841614
0.21910373866558075
0.62613844871521
0.437554270029068
0.48972129821777344
0.32666513323783875
0.3567798137664795
0.5990201234817505
0.5364104509353638
0.5390803217887878
0.6078617572784424
0.3381824493408203
0.45138463377952576
0.12029967457056046
0.33514076471328735
0.5121018886566162
0.4561570882797241
0.6218254566192627
0.1736278086900711
0.6103131771087646
0.6217103004455566
0.23134605586528778
0.28062814474105835
0.27358436584472656
0.396831214427948
0.3631380498409271
0.43428075313568115
0.7678195238113403
0.16285088658332825
0.6446212530136108
0.23130899667739868
0.49938833713531494
0.5766359567642212
0.3858814239501953
0.6453102827072144
0.5740343332290649
0.6018240451812744
0.2681954801082611
0.19750432670116425
0.3369944095611572
0.2197960764169693
0.10110390186309814
0.23462894558906555
0.5455780029296875
0.5749949216842651
0.5190271139144897
0.260210782289505
0.5632341504096985
0.22908398509025574
0.3346838355064392
0.41025659441947937
0.2093924582004547
0.2885932922363281
0.3875938057899475
0.14481723308563232
0.3088460862636566
0.45754900574684143
0.4748121201992035
0.47757986187934875
0.5383099913597107
0.6822084188461304
0.5210669040679932
0.2178945392370224
0.27635762095451355
0.42399731278419495
0.20077119767665863
0.665961503982544
0.3732130527496338
0.2698745131492615
0.49545595049858093
0.7550456523895264
0.4269283711910248
0.5857459306716919
0.572665810585022
0.4500342607498169
0.40691328048706055
0.4388105273246765
0.6488467454910278
0.35895147919654846
0.565221905708313
0.5218051075935364
0.4035738408565521
0.37097030878067017
0.32346072793006897
0.6393358707427979
0.5527447462081909
0.16538198292255402
0.17089030146598816
0.596582293510437
0.3735142946243286
0.5702402591705322
0.5349823832511902
0.6252299547195435
0.604573130607605
0.4093017280101776
0.6487069129943848
0.6945153474807739
0.6200588941574097
0.5134210586547852
0.4740368723869324
0.335973858833313
0.3322877883911133
0.2595115602016449
0.5192915797233582
0.6409574747085571
0.6107525825500488
0.602250337600708
0.6351039409637451
0.4425574243068695
0.4706372320652008
0.2010749727487564
0.3607497215270996
0.06270776689052582
0.3196637034416199
0.20120085775852203
0.336259663105011
0.7023485898971558
0.03150337189435959
0.42590340971946716
0.4375145435333252
0.5678555965423584
0.3756992816925049
0.3911271095275879
0.46782800555229187
0.3975837528705597
0.41187503933906555
0.5624067783355713
0.4212234318256378
0.42837196588516235
0.029470175504684448
0.2003471851348877
0.5435104966163635
0.5203983783721924
0.5059410333633423
0.5761862993240356
0.32978424429893494
0.24778974056243896
0.5792496800422668
0.5435740947723389
0.1895248293876648
0.19160616397857666
0.44126638770103455
0.28634005784988403
0.48270612955093384
0.5358082056045532
-0.035158559679985046
0.6592376232147217
0.585588812828064
0.5405431985855103
0.18486936390399933
0.5328773260116577
0.40970680117607117
0.2304231971502304
0.20878173410892487
0.6213907599449158
0.4079306125640869
0.23117613792419434
0.6585777997970581
0.6310893297195435
0.12652218341827393
0.2096932828426361
0.6078790426254272
0.5630507469177246
0.4140378534793854
0.5327467918395996
0.23839843273162842
0.5448480844497681
0.44772249460220337
0.1327424943447113
0.030216775834560394
0.015725910663604736
0.29307281970977783
0.4909806549549103
0.009829074144363403
0.5759509801864624
0.25810906291007996
0.6734166145324707
0.6187455654144287
0.3775518238544464
0.18781936168670654
0.4167541563510895
0.2310621440410614
0.583017110824585
0.5937411785125732
0.5734380483627319
0.2469416856765747
0.13176952302455902
0.06694526970386505
0.5005046129226685
0.41474512219429016
0.41818326711654663
0.4457988440990448
0.29903650283813477
0.5946881175041199
0.5561277866363525
0.6672166585922241
0.490299791097641
0.4500480592250824
0.593205451965332
0.25415414571762085
0.4218968451023102
0.5117228031158447
0.6225177645683289
0.19891618192195892
0.29545921087265015
0.4688604474067688
0.516616702079773
0.09227629005908966
0.41846784949302673
0.5280365347862244
0.0981333926320076
0.5294137001037598
0.19734269380569458
0.28266778588294983
0.6396056413650513
0.5649998188018799
0.335747629404068
0.37203243374824524
0.4037226140499115
0.4803900718688965
0.5674275159835815
0.49746420979499817
0.1722092479467392
0.5130274295806885
0.28289729356765747
0.5353042483329773
0.3384764492511749
0.7705751657485962
0.10779424011707306
0.27466896176338196
0.6476733684539795
0.3205347955226898
0.41886988282203674
0.6123636960983276
0.5303510427474976
0.6195178031921387
0.34356001019477844
0.24291786551475525
0.674216628074646
0.5497978925704956
0.5874008536338806
0.6389967799186707
0.14652195572853088
0.23878297209739685
0.46335333585739136
0.2740614712238312
0.3231649398803711
0.3507368564605713
0.6935373544692993
0.1684144139289856
0.702208399772644
0.4414970576763153
0.599526047706604
0.35713210701942444
0.5258826017379761
0.4437873661518097
0.36192283034324646
0.4843979775905609
0.7292855978012085
0.5118655562400818
0.3676753044128418
0.5516570806503296
0.14714545011520386
0.6547603607177734
0.5647284984588623
0.5403234958648682
0.18324552476406097
0.4733065664768219
0.4407237470149994
0.2566283345222473
0.4162113666534424
0.2995181083679199
0.52020263671875
0.4021884500980377
0.5365483164787292
0.32457301020622253
0.6704223155975342
0.4325953423976898
0.4715307950973511
0.3214815855026245
0.35903680324554443
0.41891762614250183
0.22938719391822815
0.528140664100647
0.17635348439216614
0.6514464616775513
0.15962399542331696
0.4070112407207489
0.098114013671875
0.7120883464813232
0.6035366058349609
0.3042423129081726
0.14471954107284546
-0.0018337070941925049
0.6100490093231201
0.5993354320526123
0.09678348898887634
0.5466489791870117
0.1614624261856079
0.3488032817840576
0.6512844562530518
0.2654286324977875
0.5929813385009766
0.5601767301559448
0.572519063949585
0.24367526173591614
0.23349830508232117
0.24596494436264038
0.4035573899745941
0.3540129065513611
0.3099958300590515
-0.011516973376274109
0.2385415881872177
0.25344252586364746
0.0678907260298729
0.579387903213501
0.3003252446651459
0.3133922219276428
0.22448495030403137
0.06679891794919968
0.34917011857032776
0.665501594543457
0.4300275146961212
0.45252713561058044
0.36313867568969727
0.2739220857620239
0.5310534238815308
0.27607715129852295
0.2696887254714966
0.14856679737567902
0.4533155858516693
0.5452425479888916
0.5314573645591736
0.26547205448150635
0.5454840660095215
0.317921906709671
0.5738065242767334
0.29596465826034546
0.5579977035522461
0.3222929835319519
0.5696775913238525
0.29732489585876465
0.24378849565982819
0.41263383626937866
0.3357412815093994
0.34789639711380005
0.36149781942367554
0.09027490019798279
0.4310912787914276
0.19547367095947266
0.3950709402561188
0.36415210366249084
0.7366220951080322
0.6844481229782104
0.6140370965003967
0.34240761399269104
0.3301088809967041
-0.008984267711639404
0.6222734451293945
0.7330247163772583
0.17497585713863373
0.25685787200927734
0.48135730624198914
0.10860069841146469
0.30905967950820923
0.1814611554145813
0.3485695719718933
0.329708069562912
0.6831848621368408
0.1921408623456955
0.3663526177406311
0.21433013677597046
0.6573896408081055
0.4270724356174469
0.4775295555591583
0.5448805093765259
0.3335881531238556
0.30079764127731323
0.1117115169763565
0.3981308043003082
0.5465143918991089
0.6608356237411499
0.24639935791492462
0.44140273332595825
0.2938799262046814
0.35889744758605957
0.1473928987979889
0.1922266185283661
0.2969466745853424
0.48755398392677307
0.719563364982605
0.4576307237148285
0.2678048312664032
0.4377211630344391
0.4051746726036072
0.618493914604187
0.15674087405204773
0.173458069562912
0.4073515236377716
0.6227129697799683
0.5479629039764404
0.5134156942367554
0.2780289947986603
0.26901084184646606
0.29540109634399414
0.4997492730617523
0.4467495381832123
0.42804253101348877
0.2757929563522339
0.47088953852653503
0.22079211473464966
0.6511929035186768
0.1991114467382431
0.39208775758743286
0.1711559146642685
0.5165388584136963
-0.024076133966445923
0.2518126368522644
0.15743015706539154
0.3565889596939087
0.10992398113012314
0.5838890075683594
0.3499044179916382
0.07527381926774979
0.3473814129829407
0.274781197309494
0.11876744031906128
0.2584926187992096
0.48846539855003357
0.38186880946159363
0.34714025259017944
0.05507311224937439
0.7479220628738403
0.646356463432312
0.14651614427566528
0.3018724322319031
0.41502249240875244
0.6366360783576965
0.4275593161582947
0.3164210617542267
0.47651728987693787
0.5621038675308228
0.4489709436893463
0.6242424845695496
0.37260544300079346
0.41957810521125793
0.24528484046459198
0.2585175931453705
0.16813848912715912
0.44802501797676086
0.00015431642532348633
0.6250966787338257
0.220175638794899
0.39016658067703247
0.5124626159667969
0.6851111650466919
0.6751687526702881
0.1983170062303543
0.3017948865890503
0.20432260632514954
0.22227630019187927
0.5669088363647461
0.30880212783813477
0.5449863076210022
0.47324737906455994
0.3426037132740021
0.5346552729606628
0.5196195840835571
0.13106201589107513
0.6734819412231445
0.2479458898305893
0.4401571452617645
0.4286656975746155
0.5285420417785645
0.2014196217060089
0.6899914741516113
0.15294626355171204
0.24835680425167084
0.3252387046813965
0.40454787015914917
0.3431655466556549
0.15833823382854462
0.4557555615901947
0.390657901763916
0.3216480314731598
0.27240189909935
0.24719427525997162
0.29034924507141113
0.2484595775604248
0.48545196652412415
0.41041359305381775
0.5073264837265015
0.5563545227050781
0.46671971678733826
0.5522336959838867
0.2555880844593048
0.48417428135871887
0.4401763379573822
0.27099430561065674
0.5082815885543823
0.18429219722747803
0.12080036103725433
0.24543499946594238
0.2275996208190918
0.5212061405181885
0.07303562760353088
-0.030154839158058167
0.06520937383174896
0.4290514886379242
0.3892364799976349
0.028117850422859192
0.6045790910720825
0.6080580949783325
0.33369913697242737
0.17082132399082184
0.6178169250488281
0.5578627586364746
0.055114537477493286
0.2179342657327652
0.42293885350227356
0.5705957412719727
0.10283797979354858
0.20780512690544128
0.39499858021736145
0.5563768148422241
0.14735190570354462
0.34733590483665466
0.4512442350387573
0.15299123525619507
0.38850563764572144
0.5175812244415283
0.40773943066596985
0.6099896430969238
0.27815014123916626
0.018507517874240875
0.5045007467269897
0.3255051374435425
0.5309247970581055
0.19084374606609344
0.287858784198761
0.3541629910469055
0.4599349796772003
0.5989844799041748
0.4053221046924591
0.45476412773132324
0.6143711805343628
0.2150745391845703
0.320815771818161
0.6554629802703857
0.4686170816421509
0.6764713525772095
0.19042976200580597
0.3508903980255127
0.23215505480766296
0.46022552251815796
0.4087293744087219
0.48493340611457825
0.14187993109226227
0.6119429469108582
0.38210660219192505
0.1316811442375183
0.32811832427978516
0.1908060908317566
0.5966217517852783
0.6511403322219849
0.45907434821128845
0.5586371421813965
0.42915186285972595
0.49179401993751526
0.27996188402175903
0.4835022985935211
0.1977066844701767
0.31256040930747986
0.35670357942581177
0.4243294298648834
0.49635961651802063
0.4368867576122284
0.6610772609710693
-0.024296462535858154
0.6076998114585876
0.3072638511657715
0.04140874743461609
0.5457399487495422
0.28663575649261475
0.21527090668678284
0.3957599997520447
0.5328651070594788
0.4016628563404083
0.5089361667633057
0.6061859130859375
0.08156533539295197
0.5545476675033569
0.15667912364006042
0.005423694849014282
0.6886924505233765
0.4353235065937042
0.39813748002052307
0.14201641082763672
0.37157753109931946
0.48258891701698303
0.32026758790016174
0.5358835458755493
0.297249972820282
0.5988401174545288
0.5427918434143066
0.21330183744430542
0.5993187427520752
0.3757002651691437
0.4376109540462494
0.24866458773612976
0.2116674929857254
0.06533471494913101
0.5812196731567383
0.5800719261169434
0.3383134603500366
0.24689510464668274
0.09319055825471878
0.35535913705825806
0.134632870554924
0.5321187973022461
0.3204513490200043
0.23341238498687744
0.340526819229126
0.3901977241039276
0.09662497043609619
0.4006165564060211
0.44804999232292175
0.5938577651977539
0.5844665765762329
0.6102886199951172
0.5911028981208801
0.026352450251579285
0.5383980870246887
0.25759726762771606
0.4570097327232361
0.33719468116760254
0.6179077625274658
0.35466834902763367
0.24741236865520477
0.2670833468437195
0.5585857629776001
0.4232002794742584
0.5529589056968689
0.5194416046142578
0.16394460201263428
0.5698108673095703
0.3619798719882965
0.6107839345932007
0.5663974285125732
0.43066418170928955
0.41250619292259216
0.666866660118103
0.5693202018737793
0.6580307483673096
0.4218674302101135
0.4747103750705719
0.5323463678359985
0.4968739449977875
0.3955956995487213
0.4037308990955353
0.5451017618179321
0.2706337571144104
0.29352545738220215
0.2959960401058197
0.1937575340270996
-0.002962842583656311
0.30169469118118286
0.08601487427949905
0.5583665370941162
0.3350253105163574
0.33798667788505554
0.5795344114303589
0.16800034046173096
0.5738217830657959
0.3589164912700653
0.626284122467041
0.27695509791374207
0.6449964046478271
0.571444034576416
0.1538490504026413
0.24447831511497498
0.25159555673599243
0.45785388350486755
0.2546471953392029
0.3790125250816345
0.43729183077812195
0.2567305266857147
0.696544885635376
0.3723553419113159
0.4767551124095917
0.5872640609741211
0.6193511486053467
0.556355357170105
0.26645535230636597
0.30377182364463806
0.3044236898422241
0.2571937143802643
0.43946051597595215
0.449320524930954
0.6311900615692139
0.4621892273426056
0.5599288940429688
0.7117681503295898
0.33749303221702576
0.3239956498146057
0.46524152159690857
0.015851542353630066
0.6245408058166504
0.39110109210014343
0.6095364093780518
0.20736031234264374
0.3274292051792145
0.3402928113937378
0.7109919786453247
0.507300853729248
0.20786629617214203
0.4670959413051605
0.16087481379508972
0.5075867176055908
0.27647969126701355
0.5864804983139038
0.4902620017528534
0.424297958612442
0.33010396361351013
0.2478814721107483
0.22581836581230164
0.3519659638404846
0.38248467445373535
0.24548622965812683
0.4629140794277191
0.3259695768356323
0.22566860914230347
0.6369006633758545
0.3232273459434509
0.3287162184715271
0.6031473875045776
0.3305412530899048
0.47741588950157166
0.20279254019260406
0.3941231667995453
0.5368480682373047
0.42901501059532166
0.21924558281898499
0.610047459602356
0.3715633749961853
0.5017709732055664
0.11964800953865051
0.6861482858657837
0.4216650426387787
0.5687659978866577
0.538524866104126
0.5035024881362915
0.5212900638580322
0.2968548834323883
0.2922854423522949
0.6718276739120483
0.30173060297966003
0.5705106258392334
0.6008533239364624
0.6401172876358032
0.38162335753440857
0.21991565823554993
0.38421690464019775
0.6249761581420898
0.5386618375778198
0.18482396006584167
0.20338532328605652
0.5578854084014893
0.09925606846809387
0.4558577537536621
0.5656424760818481
0.1880432665348053
0.21723970770835876
0.43920308351516724
0.3214370906352997
0.3573760986328125
0.5121519565582275
0.10778321325778961
0.291888952255249
0.5884613990783691
0.05287903547286987
0.24359413981437683
0.466997891664505
0.36789780855178833
0.084077849984169
0.24876755475997925
0.6031908988952637
0.5109379291534424
0.4267440140247345
0.46740224957466125
0.10566268861293793
0.5841559171676636
0.6192100048065186
0.5369445085525513
0.28025931119918823
0.2070954144001007
0.4656073749065399
0.5697900056838989
0.6592534780502319
0.5307703018188477
0.5360234975814819
0.3280571699142456
0.3291392922401428
0.31339871883392334
0.5904424786567688
0.25992003083229065
0.6225073337554932
0.508053719997406
0.47556719183921814
0.20450106263160706
0.2889293432235718
0.4310116171836853
0.4266805350780487
0.39290091395378113
0.02642814815044403
0.47632691264152527
0.23545441031455994
0.34604915976524353
0.549761176109314
0.5172208547592163
0.6739890575408936
0.18441297113895416
0.4356684982776642
0.18792572617530823
0.6086634993553162
0.6162358522415161
0.48897454142570496
0.4422403872013092
0.5756096839904785
0.5408899188041687
0.2875910997390747
0.656380295753479
0.34847044944763184
0.681769609451294
0.41945427656173706
0.06880397349596024
0.34980309009552
0.5632294416427612
0.3681557774543762
0.39242038130760193
0.409119576215744
0.4394661784172058
0.6136277914047241
0.08652681112289429
0.6361342668533325
0.39803752303123474
0.590805172920227
0.584241509437561
0.5517497062683105
0.5721454620361328
0.372994065284729
0.2782832980155945
0.5280530452728271
0.29622122645378113
0.4607131779193878
0.38481634855270386
0.5411214232444763
0.39916858077049255
0.511420726776123
0.6634365320205688
0.5248793363571167
0.6233556270599365
0.09257614612579346
0.38666051626205444
0.371021032333374
0.5326125621795654
0.2973082363605499
0.6041582822799683
0.5595554113388062
0.5041414499282837
0.5761504173278809
0.6167855262756348
0.31072795391082764
0.14405468106269836
0.395071417093277
0.1875830590724945
0.18703025579452515
0.17138183116912842
0.29585739970207214
0.2777754068374634
0.34039753675460815
0.654119610786438
0.5661591291427612
0.5669271945953369
0.6228251457214355
0.37820249795913696
0.4068157374858856
0.4851618707180023
0.5174123048782349
0.2582780420780182
0.05916471779346466
0.49662214517593384
0.6639199256896973
0.24575486779212952
0.46475696563720703
0.5019561052322388
0.4349465072154999
0.46004459261894226
0.22356808185577393
0.4236672818660736
0.376465380191803
0.42311516404151917
0.5628772974014282
0.1881559193134308
0.15730321407318115
0.7248764038085938
0.6700259447097778
0.5182690024375916
0.5139081478118896
0.3719628155231476
0.3455214500427246
0.34410494565963745
0.626854658126831
0.46327894926071167
0.4428662955760956
0.5527989864349365
0.34406575560569763
0.5257952213287354
0.28948432207107544
0.3590993583202362
0.5494681596755981
0.14253100752830505
0.26605892181396484
0.02957889437675476
0.49068158864974976
0.1565149873495102
0.38843512535095215
0.1523568481206894
0.48384425044059753
0.292196661233902
0.3631300628185272
0.5395044088363647
0.6816290616989136
0.26462361216545105
0.6000252962112427
0.5691730976104736
0.41564711928367615
0.4816819429397583
0.5703500509262085
0.24179457128047943
0.632976770401001
0.6211646199226379
0.6460592746734619
0.39494702219963074
0.5083101987838745
0.3832758665084839
0.36420559883117676
0.4528476893901825
0.55077064037323
0.2846437096595764
0.4839751422405243
0.6329257488250732
0.3981943428516388
0.10265980660915375
0.6061477661132812
0.5949281454086304
0.04860886186361313
0.25476884841918945
0.26107972860336304
0.43100693821907043
0.25401580333709717
0.5932072401046753
0.35240668058395386
0.509273111820221
0.3621717095375061
0.5719823837280273
0.538528561592102
0.24032557010650635
0.4145103991031647
0.5563461184501648
0.5168666839599609
0.6302405595779419
0.3730617165565491
0.45820435881614685
0.1714605689048767
0.5538451075553894
0.6642124652862549
0.17870017886161804
0.2622896432876587
0.24075661599636078
0.6954847574234009
0.6617214679718018
0.43276962637901306
0.24029229581356049
0.29120609164237976
0.25843000411987305
0.4970261752605438
0.40007489919662476
0.36722397804260254
0.5617485046386719
0.51880943775177
0.6046680212020874
0.6481868028640747
0.17090879380702972
0.5517901182174683
0.4227939546108246
0.5163159370422363
0.639816164970398
0.6385080814361572
0.642370343208313
0.2661166191101074
0.6480213403701782
0.4838894307613373
0.4063560366630554
0.27497732639312744
0.31173738837242126
0.2154744565486908
0.31655386090278625
0.4928562343120575
0.609984278678894
0.610956072807312
0.04005753993988037
0.6089490652084351
0.666928768157959
0.08689799904823303
0.6017134785652161
0.37729573249816895
0.47581517696380615
0.4956327974796295
0.47348424792289734
0.25343257188796997
0.5739116668701172
0.4500630795955658
0.38793015480041504
0.5680152177810669
0.24118302762508392
0.06895460933446884
0.3961489498615265
0.3750385642051697
0.5586003065109253
0.34423351287841797
0.6691683530807495
0.3950202763080597
0.1850166916847229
0.13414108753204346
0.41219237446784973
0.334736168384552
0.27029991149902344
0.3315506875514984
0.23148301243782043
0.07489702105522156
0.5470411777496338
0.5236520767211914
0.5961443185806274
0.3836551904678345
0.47212180495262146
0.5042555332183838
0.42304664850234985
0.3396974503993988
0.740093469619751
0.2620880603790283
0.6031529307365417
0.4089069664478302
0.2364242970943451
0.41337335109710693
0.5557819604873657
0.06995905935764313
0.3164104223251343
0.40449586510658264
0.6592833995819092
0.3340829014778137
0.5309187173843384
0.4182843863964081
0.6335762143135071
0.30204254388809204
0.4344879388809204
0.5849360227584839
0.11239926517009735
0.27705585956573486
0.49925199151039124
0.6171814203262329
0.44753021001815796
0.6428663730621338
0.4667150676250458
0.5619421005249023
0.5453652143478394
0.4546636641025543
0.3258242905139923
0.12329293042421341
0.5562938451766968
0.42038509249687195
0.5762249827384949
0.28695911169052124
0.41313859820365906
0.6595606803894043
0.4720718562602997
0.5046887397766113
0.5577605962753296
0.5791200399398804
0.6441049575805664
0.6951467990875244
0.1821439117193222
0.25034624338150024
0.319296658039093
0.24881893396377563
0.5847744941711426
0.5189008712768555
0.39292898774147034
0.26398777961730957
0.6278518438339233
0.7186909914016724
0.27049940824508667
0.42085549235343933
0.38114938139915466
0.7297682762145996
0.24104616045951843
0.6679303646087646
0.23436294496059418
0.3790792226791382
0.5712602138519287
0.6778671741485596
0.5336325764656067
0.566501259803772
0.5481661558151245
0.2879030406475067
0.36252880096435547
0.6177443265914917
0.403050035238266
0.449114054441452
0.4006010591983795
-0.03866666555404663
0.33418720960617065
0.53468918800354
0.566070020198822
0.6004760265350342
0.6244542598724365
0.290287047624588
0.2223082184791565
0.2300025075674057
0.17755520343780518
0.34992551803588867
0.1792435646057129
0.5628274083137512
0.2717340290546417
0.5488865375518799
0.5199287533760071
0.27228444814682007
0.5346004962921143
0.6752973794937134
0.38094764947891235
0.39786964654922485
0.47450634837150574
0.5124518871307373
0.3441595733165741
0.5056290626525879
0.46706774830818176
0.2980552315711975
0.5422942638397217
0.7285721302032471
0.21829544007778168
0.41526147723197937
0.3504927158355713
0.5221761465072632
0.20278194546699524
0.6059865951538086
0.5846387147903442
0.5174351334571838
0.2865254282951355
0.32988297939300537
0.34118691086769104
0.08526250720024109
0.6131592392921448
0.6015357971191406
0.3889752924442291
0.43046000599861145
0.6674764156341553
0.5593253374099731
0.3035203218460083
0.40694817900657654
0.6256794333457947
0.5441555976867676
0.38581353425979614
0.5421931147575378
0.3856940269470215
0.45421555638313293
0.37405911087989807
0.67415452003479
0.2593330144882202
0.2768974006175995
0.18887567520141602
0.5827345252037048
0.6496618986129761
0.5824271440505981
0.26507875323295593
0.1776614487171173
0.6311005353927612
0.08128287643194199
0.2691114544868469
0.5587544441223145
0.3371305465698242
0.37082451581954956
0.41691967844963074
0.29716378450393677
0.32805192470550537
0.15222962200641632
0.6027055978775024
0.44118452072143555
0.0848199650645256
0.5030468702316284
0.09266068041324615
0.5427130460739136
0.362944632768631
0.7514466047286987
0.22599034011363983
0.2820206582546234
0.26287853717803955
0.3752226233482361
0.6707401275634766
0.7045888900756836
0.14663507044315338
0.3673466742038727
0.19603979587554932
0.7048605680465698
0.23792381584644318
0.6151973009109497
0.30381810665130615
0.49467816948890686
-0.06695657968521118
0.13363245129585266
0.2448994517326355
0.3452686071395874
0.1515481173992157
0.5691752433776855
0.3463674485683441
0.5316020250320435
0.4448349177837372
0.2660636901855469
0.520216166973114
0.4760797917842865
0.5473389625549316
0.3375234007835388
0.5101810693740845
0.3727583885192871
0.5159114599227905
0.390752911567688
0.5274715423583984
0.2333073914051056
0.2796042561531067
0.6668912172317505
0.4381903111934662
0.5689728260040283
0.3601570129394531
0.49348434805870056
0.44965052604675293
0.46695637702941895
0.5054330825805664
0.4624980688095093
0.442316472530365
0.30717894434928894
0.20837286114692688
0.5513644218444824
0.6138474941253662
0.41365477442741394
0.4394569993019104
0.23784139752388
0.4847566783428192
0.25623828172683716
0.4276374280452728
0.05708048492670059
0.6179391741752625
0.6228733062744141
0.01067681610584259
0.45268407464027405
0.5379492044448853
0.19216537475585938
0.7730168104171753
0.5822503566741943
0.12735937535762787
0.3827339708805084
0.24619215726852417
0.5231457352638245
0.526613712310791
0.6550260782241821
0.2541368007659912
0.4201199412345886
0.37102648615837097
0.4527865946292877
0.5039828419685364
0.6389802694320679
0.33255642652511597
0.44656136631965637
0.39707329869270325
0.24563756585121155
0.5467698574066162
0.5021877288818359
0.2228652536869049
0.5324453115463257
0.22536638379096985
0.20842596888542175
0.44163256883621216
0.29641255736351013
0.7008877992630005
0.3178199529647827
0.4274159371852875
0.20998340845108032
0.45248717069625854
0.2723478674888611
0.4314710795879364
0.3509172201156616
0.5451446175575256
0.3809683322906494
0.4518091082572937
0.3170877695083618
0.48688647150993347
0.6755132675170898
0.44905292987823486
0.5771541595458984
0.6198921203613281
0.2939318120479584
0.40622398257255554
0.5211710929870605
0.21308961510658264
0.4488440454006195
0.18764126300811768
0.6008996963500977
0.5284780263900757
0.36629071831703186
0.3500310182571411
0.4838719069957733
0.27813154458999634
0.6130268573760986
0.573799729347229
0.3321722447872162
0.5555762648582458
0.5304157733917236
0.2946508526802063
0.42264503240585327
0.5482197999954224
0.4048038125038147
0.5221768617630005
0.5543127059936523
0.31648993492126465
0.37451526522636414
0.2435547560453415
0.5654703378677368
0.49369579553604126
0.39395231008529663
0.22826942801475525
0.5500731468200684
0.4757825434207916
0.2917781174182892
0.3774526119232178
0.37911033630371094
0.4559878706932068
0.5233135223388672
0.084612175822258
0.5842059254646301
0.26984062790870667
0.2621159553527832
0.40066590905189514
0.3405112624168396
0.642723798751831
0.08686920255422592
0.6128561496734619
0.5651447772979736
0.42479369044303894
0.3734099864959717
0.3929308354854584
0.50168776512146
0.5279814600944519
0.5856513381004333
0.43720510601997375
0.2874969244003296
0.5186237096786499
0.47273457050323486
0.27073344588279724
0.551095724105835
0.5964140892028809
0.5701823234558105
0.46638384461402893
0.4274345338344574
0.6176707744598389
0.38471031188964844
0.614282488822937
0.18749211728572845
0.2654162347316742
0.2912984788417816
0.3017592132091522
0.10111293196678162
0.2796795070171356
0.48575350642204285
0.5727262496948242
0.2863112688064575
0.11690664291381836
0.2465609312057495
0.53841233253479
0.5442590713500977
0.4642065167427063
0.4029960036277771
0.264192670583725
0.6270532011985779
0.01569804549217224
0.457940936088562
0.5966222286224365
0.5944143533706665
0.6798402070999146
0.10830644518136978
0.4008520245552063
0.409625768661499
0.6034759283065796
0.6019257307052612
0.597797155380249
0.3667353391647339
0.1967407613992691
0.5611763000488281
0.23884129524230957
0.19556885957717896
0.19045105576515198
0.16811072826385498
0.40011194348335266
0.15003074705600739
0.49131956696510315
0.6019095182418823
0.5909131765365601
0.3667893707752228
0.3296203017234802
0.4222143590450287
0.6673856973648071
0.26921769976615906
0.49960827827453613
0.5507261753082275
0.40665876865386963
0.5758147835731506
0.26629602909088135
0.5256325006484985
-0.002724260091781616
0.17562390863895416
0.1788468062877655
0.24820347130298615
0.36269664764404297
0.4525677263736725
0.4608252942562103
0.24262940883636475
0.28333190083503723
0.44343405961990356
0.6028977632522583
0.6253420114517212
0.4615929126739502
0.5542583465576172
0.18351969122886658
0.23580823838710785
0.17662572860717773
0.5117015838623047
0.7327710390090942
0.43469691276550293
0.17978395521640778
0.27264028787612915
0.6514848470687866
0.39100542664527893
0.39370962977409363
0.4097634553909302
0.6013416051864624
0.2600550055503845
0.15688073635101318
0.5821889042854309
0.5280641317367554
0.3478100597858429
0.31524497270584106
0.290131539106369
0.6833187341690063
0.2545105516910553
0.6206398010253906
0.6198744773864746
0.6481423377990723
0.49032220244407654
0.1098368763923645
0.48789331316947937
0.5099277496337891
0.403507262468338
0.43659916520118713
0.2105535864830017
0.29306352138519287
0.37105944752693176
0.7501161098480225
0.45796066522598267
0.6654410362243652
0.051473647356033325
0.39000141620635986
0.5609384775161743
0.28534790873527527
0.5436217784881592
0.6490626335144043
0.40607357025146484
0.2791195809841156
0.22680842876434326
0.5192222595214844
0.6771023273468018
0.5551370978355408
0.3950222432613373
0.5013830661773682
0.635817289352417
0.6486839056015015
0.5517314672470093
0.395963579416275
0.49930015206336975
0.6313526630401611
0.34094974398612976
0.12427926808595657
0.17526394128799438
0.4438163936138153
0.3372054398059845
0.05941928178071976
0.4661913216114044
0.5455875396728516
0.5265424251556396
0.4546205699443817
0.6799626350402832
0.14904502034187317
0.12033068388700485
0.7453083992004395
0.07152868062257767
0.6330006122589111
0.5588678121566772
0.3949744999408722
0.23213720321655273
0.2064647078514099
0.4809357821941376
0.30296188592910767
0.19982802867889404
0.457074910402298
0.3368954360485077
0.2105914056301117
0.46117541193962097
0.23213452100753784
0.3196893036365509
0.5961306095123291
0.5857690572738647
0.4063297212123871
0.568036675453186
0.37073254585266113
0.2837989330291748
0.13938972353935242
0.4237143397331238
0.42878636717796326
0.43746355175971985
0.08676081150770187
0.4844047427177429
0.3810555636882782
0.3344249427318573
0.2345735728740692
0.2105836421251297
0.29779842495918274
0.3095165491104126
0.46401044726371765
0.43125149607658386
0.5756514072418213
0.027933135628700256
0.6090051531791687
0.5610554814338684
0.29178354144096375
0.05987650901079178
0.4146091639995575
0.5196266174316406
0.4822189211845398
0.4072244465351105
0.28554779291152954
0.2489890158176422
0.6187338829040527
0.23399272561073303
0.403288334608078
0.27651679515838623
0.541222333908081
0.69562828540802
0.29771652817726135
0.3592170476913452
0.3502386212348938
0.6011594533920288
0.6340515613555908
0.4506305754184723
0.16627363860607147
0.4157728850841522
0.4028090536594391
0.35873401165008545
0.5615283250808716
0.226236954331398
0.395518034696579
0.6187165379524231
0.1887090504169464
0.6876369714736938
0.6257175803184509
0.66957688331604
0.28690510988235474
0.2717939019203186
0.4794386327266693
0.2645576298236847
0.25123897194862366
0.5454814434051514
0.5894172191619873
0.5989444255828857
0.28842735290527344
0.6650595664978027
0.5107123851776123
0.49622276425361633
0.6580901145935059
0.3942168056964874
0.5511040091514587
0.2774273753166199
0.5825284719467163
0.553226113319397
0.24607858061790466
0.3251439929008484
0.4557429254055023
0.49192240834236145
0.17354027926921844
0.17535793781280518
0.5485600233078003
0.3731672167778015
0.175347700715065
0.2317463457584381
0.6243793964385986
0.7017812728881836
0.39632484316825867
0.2060401439666748
0.18956881761550903
0.43140336871147156
0.35479432344436646
0.39005953073501587
0.471993088722229
0.2044064700603485
0.3151935338973999
0.5576984882354736
0.2556191682815552
0.30409228801727295
0.5190609693527222
0.6168816089630127
0.1707608550786972
0.6148011684417725
0.49019840359687805
0.6392810940742493
0.25459980964660645
0.5899577140808105
0.29652538895606995
0.29822078347206116
0.2134144902229309
0.6171761751174927
0.4229382574558258
0.6180722713470459
0.2587589621543884
0.5102561712265015
0.5398537516593933
0.23932738602161407
0.23238858580589294
0.48049673438072205
0.5617867708206177
0.6535295248031616
0.29572731256484985
0.49618247151374817
0.4803335666656494
0.39795824885368347
0.772235631942749
0.3572118878364563
0.6959820985794067
0.34930723905563354
0.5373769402503967
0.290863573551178
0.1309484839439392
0.6142591834068298
0.6960415840148926
0.2723901867866516
0.4454546272754669
0.252036988735199
0.30016762018203735
0.35004884004592896
0.6146456003189087
0.7590391635894775
0.22631633281707764
0.18957914412021637
0.6820054054260254
0.2685769200325012
0.5403400659561157
0.3664473593235016
0.5578427314758301
0.3001645803451538
0.24492308497428894
0.5015510320663452
0.4274662435054779
0.3086909353733063
0.6271508932113647
0.38427281379699707
0.4617191255092621
0.6272186040878296
0.22328327596187592
0.5371493101119995
0.22218440473079681
0.6255053877830505
0.348022997379303
0.29193973541259766
0.25718754529953003
0.5695490837097168
0.4916907846927643
0.24172058701515198
0.2699112296104431
0.363841712474823
0.45233646035194397
0.6405256986618042
0.7313371896743774
0.3529893457889557
0.5496228933334351
0.251716673374176
0.22631335258483887
0.3435940146446228
-0.012195751070976257
0.41012969613075256
0.6440432071685791
0.35088229179382324
0.4784173369407654
0.5525656938552856
0.2569096088409424
0.6286736726760864
0.40434733033180237
0.6000274419784546
0.5877041220664978
0.3832327127456665
0.5592880249023438
0.4097692668437958
0.3425057828426361
0.6751368045806885
0.2706235647201538
0.45269542932510376
0.4602726399898529
0.4761976897716522
0.5083502531051636
0.4399877190589905
0.10001161694526672
0.41297635436058044
0.597553014755249
0.3278307616710663
0.279924601316452
0.5823345184326172
0.1301933228969574
0.3283410668373108
0.37861156463623047
0.5095083713531494
0.19714155793190002
0.7124865055084229
0.38282671570777893
0.3926641047000885
0.6483683586120605
0.5689034461975098
0.14574937522411346
0.4127509295940399
0.23298095166683197
0.2691766619682312
0.05263792723417282
0.37354937195777893
0.2885344326496124
0.5897492170333862
0.3887315094470978
0.6175515651702881
0.544502854347229
0.4099344313144684
0.5320190787315369
0.5080592632293701
0.540802001953125
0.6590596437454224
0.30339550971984863
0.5551625490188599
0.3224746882915497
0.035917192697525024
0.40678784251213074
0.18190997838974
0.18165892362594604
0.16748520731925964
0.5148460865020752
0.5375584363937378
0.6012680530548096
0.2495967149734497
0.4321575462818146
0.28749147057533264
0.3828543722629547
0.32971614599227905
0.5850603580474854
0.20945249497890472
0.20316439867019653
0.281083881855011
0.20983152091503143
0.3489321172237396
0.2198251485824585
0.745518684387207
0.4535684883594513
0.6296958923339844
0.49332794547080994
0.30401483178138733
0.4643042981624603
0.47802504897117615
0.254996657371521
0.19449371099472046
0.3297070264816284
0.30553117394447327
0.5979640483856201
0.3599860668182373
0.48621878027915955
0.5980958938598633
0.22431057691574097
0.416400283575058
0.605839729309082
0.5271625518798828
0.2837628126144409
0.14752785861492157
0.4501550495624542
0.3739509582519531
0.3339078426361084
0.6367087364196777
0.36486580967903137
0.5941721796989441
0.4674321711063385
0.4790670573711395
0.5649559497833252
0.6074405908584595
0.24666577577590942
0.34710249304771423
0.6975671052932739
0.4219832420349121
0.4412216544151306
0.45447027683258057
0.3906559944152832
0.36669421195983887
0.6631991863250732
0.6411371231079102
0.6200427412986755
0.5298972129821777
0.30391135811805725
0.11975826323032379
0.5725195407867432
0.3326665461063385
0.13692863285541534
0.36818715929985046
0.5018861889839172
0.719751238822937
0.5601685047149658
0.2384810447692871
0.5811549425125122
0.4294167757034302
